epoch,loss,loss_L2,loss_PKT,cross_mse
1,1.684557e-01,0.000000e+00,0.000000e+00,0.000000e+00
2,1.432705e-01,0.000000e+00,0.000000e+00,0.000000e+00
