epoch,itr,loss,mask-A,mask-B,time (ms)
1,0,4.704776e-01,49.00000,30.00000,37591
1,1,3.845297e-01,41.00000,36.00000,1334
1,2,3.480084e-01,42.00000,35.00000,682
1,3,3.266312e-01,46.00000,35.00000,600
1,4,3.091799e-01,41.00000,35.00000,592
1,5,2.949632e-01,54.00000,30.00000,609
1,6,2.819355e-01,53.00000,30.00000,609
1,7,2.716378e-01,44.00000,35.00000,614
1,8,2.608550e-01,59.00000,30.00000,637
1,9,2.517821e-01,53.00000,30.00000,619
1,10,2.452487e-01,37.00000,36.00000,604
1,11,2.343051e-01,59.00000,30.00000,646
1,12,2.280910e-01,51.00000,30.00000,608
1,13,2.188853e-01,54.00000,30.00000,636
1,14,2.119170e-01,54.00000,30.00000,609
1,15,2.067698e-01,49.00000,30.00000,602
1,16,2.022402e-01,46.00000,35.00000,616
1,17,1.944626e-01,41.00000,36.00000,632
1,18,1.877850e-01,35.00000,36.00000,604
1,19,1.830630e-01,49.00000,30.00000,594
1,20,1.784500e-01,49.00000,30.00000,2223
1,21,1.696947e-01,42.00000,36.00000,1874
1,22,1.670580e-01,40.00000,36.00000,867
1,23,1.628843e-01,42.00000,35.00000,862
1,24,1.554672e-01,25.00000,36.00000,619
1,25,1.531436e-01,37.00000,40.00000,1272
1,26,1.468995e-01,47.00000,35.00000,584
1,27,1.434228e-01,48.00000,35.00000,600
1,28,1.391781e-01,43.00000,35.00000,581
1,29,1.365421e-01,57.00000,30.00000,632
1,30,1.343253e-01,41.00000,35.00000,3766
1,31,1.303557e-01,54.00000,30.00000,1799
1,32,1.283897e-01,41.00000,35.00000,598
1,33,1.251631e-01,49.00000,30.00000,611
1,34,1.226283e-01,46.00000,35.00000,663
1,35,1.221905e-01,46.00000,35.00000,886
1,36,1.214091e-01,35.00000,36.00000,597
1,37,1.182232e-01,45.00000,35.00000,585
1,38,1.160789e-01,57.00000,30.00000,626
1,39,1.111352e-01,53.00000,30.00000,638
1,40,1.234819e-01,38.00000,36.00000,8637
1,41,1.140396e-01,49.00000,30.00000,1620
1,42,1.114355e-01,37.00000,36.00000,617
1,43,1.174145e-01,44.00000,35.00000,590
1,44,1.116659e-01,45.00000,35.00000,628
1,45,1.115489e-01,55.00000,30.00000,2416
1,46,1.095153e-01,55.00000,30.00000,629
1,47,1.110788e-01,45.00000,35.00000,584
1,48,1.098623e-01,52.00000,30.00000,1347
1,49,1.110993e-01,40.00000,36.00000,601
1,50,1.131131e-01,43.00000,35.00000,2697
1,51,1.142757e-01,30.00000,40.00000,573
1,52,1.103534e-01,43.00000,35.00000,580
1,53,1.096931e-01,58.00000,30.00000,625
1,54,1.070378e-01,48.00000,35.00000,1188
1,55,1.091945e-01,43.00000,35.00000,1363
1,56,1.050379e-01,58.00000,30.00000,629
1,57,1.181833e-01,36.00000,35.00000,707
1,58,1.117021e-01,40.00000,36.00000,1068
1,59,1.127411e-01,54.00000,30.00000,603
1,60,1.079641e-01,54.00000,30.00000,3700
1,61,1.140655e-01,53.00000,30.00000,652
1,62,1.113099e-01,42.00000,35.00000,619
1,63,1.085509e-01,49.00000,30.00000,599
1,64,1.095744e-01,43.00000,35.00000,647
1,65,1.148743e-01,37.00000,35.00000,792
1,66,1.162271e-01,35.00000,36.00000,877
1,67,1.150500e-01,45.00000,35.00000,600
1,68,1.117414e-01,49.00000,35.00000,593
1,69,1.163005e-01,31.00000,36.00000,583
1,70,1.196635e-01,39.00000,36.00000,2786
1,71,1.115664e-01,54.00000,30.00000,651
2,0,1.169887e-01,43.00000,36.00000,2453
2,1,1.103209e-01,49.00000,30.00000,711
2,2,1.197686e-01,35.00000,36.00000,638
2,3,1.179508e-01,37.00000,36.00000,638
2,4,1.186202e-01,37.00000,35.00000,599
2,5,1.194359e-01,45.00000,35.00000,596
2,6,1.160927e-01,42.00000,35.00000,582
2,7,1.150849e-01,52.00000,30.00000,617
2,8,1.171686e-01,32.00000,40.00000,680
2,9,1.153286e-01,49.00000,30.00000,636
2,10,1.145520e-01,44.00000,35.00000,6255
2,11,1.146491e-01,49.00000,30.00000,680
2,12,1.138283e-01,45.00000,35.00000,619
2,13,1.217198e-01,46.00000,35.00000,657
2,14,1.202172e-01,53.00000,30.00000,637
2,15,1.144854e-01,44.00000,35.00000,692
2,16,1.188201e-01,49.00000,35.00000,605
2,17,1.211332e-01,41.00000,35.00000,709
2,18,1.132046e-01,53.00000,30.00000,625
2,19,1.140630e-01,51.00000,30.00000,684
2,20,1.125005e-01,53.00000,30.00000,6770
2,21,1.125590e-01,49.00000,30.00000,604
2,22,1.171994e-01,36.00000,35.00000,607
2,23,1.108506e-01,56.00000,30.00000,683
2,24,1.117887e-01,55.00000,30.00000,633
2,25,1.126062e-01,53.00000,30.00000,648
2,26,1.131141e-01,49.00000,30.00000,599
2,27,1.137239e-01,45.00000,35.00000,641
2,28,1.101720e-01,52.00000,30.00000,637
2,29,1.092754e-01,55.00000,30.00000,616
2,30,1.268401e-01,36.00000,35.00000,6741
2,31,1.078027e-01,43.00000,35.00000,620
2,32,1.145904e-01,35.00000,36.00000,598
2,33,1.130792e-01,49.00000,30.00000,616
2,34,1.173485e-01,47.00000,35.00000,618
2,35,1.113432e-01,55.00000,30.00000,671
2,36,1.102892e-01,45.00000,35.00000,641
2,37,1.195040e-01,36.00000,35.00000,652
2,38,1.139058e-01,41.00000,35.00000,642
2,39,1.062990e-01,53.00000,30.00000,636
2,40,1.171223e-01,31.00000,36.00000,7007
2,41,1.046386e-01,41.00000,35.00000,730
2,42,1.093308e-01,51.00000,30.00000,646
2,43,1.020230e-01,54.00000,30.00000,650
2,44,1.028475e-01,57.00000,30.00000,717
2,45,1.085530e-01,55.00000,30.00000,642
2,46,1.074594e-01,49.00000,30.00000,626
2,47,1.091669e-01,49.00000,30.00000,635
2,48,1.090854e-01,49.00000,30.00000,623
2,49,9.945903e-02,53.00000,30.00000,632
2,50,1.136293e-01,54.00000,30.00000,8253
2,51,1.069960e-01,58.00000,30.00000,623
2,52,1.083797e-01,45.00000,35.00000,2314
2,53,1.058320e-01,49.00000,30.00000,648
2,54,1.035585e-01,54.00000,30.00000,617
2,55,1.066274e-01,56.00000,30.00000,636
2,56,1.107132e-01,49.00000,35.00000,614
2,57,1.058537e-01,41.00000,36.00000,623
2,58,1.035058e-01,42.00000,35.00000,584
2,59,1.069509e-01,41.00000,35.00000,641
2,60,1.037649e-01,40.00000,36.00000,8689
2,61,1.078191e-01,42.00000,35.00000,565
2,62,1.046995e-01,46.00000,35.00000,1799
2,63,1.051325e-01,49.00000,35.00000,590
2,64,1.038388e-01,53.00000,30.00000,604
2,65,1.059995e-01,36.00000,36.00000,585
2,66,1.038506e-01,49.00000,30.00000,590
2,67,1.027085e-01,35.00000,36.00000,614
2,68,9.923704e-02,46.00000,35.00000,607
2,69,1.015705e-01,44.00000,35.00000,587
2,70,1.029544e-01,42.00000,35.00000,5900
2,71,1.036332e-01,52.00000,35.00000,615
3,0,1.024294e-01,54.00000,30.00000,1467
3,1,9.991153e-02,42.00000,35.00000,2632
3,2,9.926760e-02,45.00000,35.00000,724
3,3,9.765464e-02,56.00000,30.00000,652
3,4,1.002526e-01,55.00000,30.00000,727
3,5,1.048686e-01,42.00000,35.00000,646
3,6,1.008143e-01,49.00000,35.00000,627
3,7,9.768274e-02,49.00000,30.00000,627
3,8,1.140307e-01,38.00000,35.00000,761
3,9,1.013471e-01,36.00000,36.00000,656
3,10,1.074063e-01,43.00000,35.00000,3801
3,11,9.884185e-02,48.00000,35.00000,1415
3,12,1.109882e-01,43.00000,35.00000,756
3,13,1.062619e-01,43.00000,36.00000,649
3,14,1.001739e-01,50.00000,30.00000,653
3,15,1.049563e-01,41.00000,36.00000,638
3,16,1.025105e-01,51.00000,30.00000,728
3,17,9.985302e-02,38.00000,40.00000,712
3,18,1.019667e-01,36.00000,40.00000,693
3,19,1.112749e-01,31.00000,36.00000,649
3,20,9.851116e-02,36.00000,36.00000,3247
3,21,1.014636e-01,36.00000,40.00000,1367
3,22,1.068750e-01,30.00000,36.00000,680
3,23,1.040154e-01,52.00000,30.00000,3235
3,24,1.027507e-01,55.00000,30.00000,726
3,25,1.041358e-01,41.00000,36.00000,686
3,26,9.322177e-02,49.00000,35.00000,731
3,27,1.061106e-01,30.00000,36.00000,626
3,28,1.005977e-01,53.00000,30.00000,651
3,29,9.701440e-02,54.00000,30.00000,660
3,30,9.834226e-02,39.00000,35.00000,600
3,31,9.702374e-02,42.00000,36.00000,678
3,32,1.096241e-01,31.00000,36.00000,615
3,33,9.837496e-02,40.00000,35.00000,6264
3,34,9.734114e-02,43.00000,35.00000,668
3,35,9.684603e-02,54.00000,30.00000,605
3,36,9.729587e-02,40.00000,36.00000,635
3,37,9.851871e-02,45.00000,36.00000,595
3,38,9.529901e-02,49.00000,30.00000,652
3,39,9.419598e-02,56.00000,30.00000,670
3,40,9.614673e-02,39.00000,35.00000,3346
3,41,9.078097e-02,53.00000,30.00000,722
3,42,9.423754e-02,53.00000,30.00000,654
3,43,9.377062e-02,53.00000,30.00000,6564
3,44,9.646440e-02,39.00000,36.00000,649
3,45,9.052727e-02,37.00000,35.00000,654
3,46,9.107414e-02,44.00000,35.00000,685
3,47,9.485396e-02,37.00000,35.00000,663
3,48,1.022342e-01,55.00000,30.00000,636
3,49,1.043040e-01,43.00000,35.00000,661
3,50,9.421423e-02,39.00000,36.00000,2674
3,51,1.036587e-01,55.00000,30.00000,755
3,52,8.864798e-02,48.00000,35.00000,778
3,53,9.505713e-02,40.00000,35.00000,7699
3,54,9.034681e-02,54.00000,30.00000,610
3,55,9.704947e-02,54.00000,30.00000,634
3,56,9.270035e-02,54.00000,30.00000,615
3,57,8.866431e-02,55.00000,30.00000,621
3,58,9.049825e-02,55.00000,30.00000,635
3,59,9.515552e-02,54.00000,30.00000,603
3,60,8.994494e-02,49.00000,30.00000,4154
3,61,9.239309e-02,36.00000,36.00000,608
3,62,9.218362e-02,48.00000,35.00000,593
3,63,9.268621e-02,56.00000,30.00000,5543
3,64,9.976235e-02,47.00000,35.00000,592
3,65,9.458984e-02,54.00000,30.00000,607
3,66,9.363049e-02,43.00000,35.00000,567
3,67,9.062751e-02,40.00000,36.00000,626
3,68,9.096356e-02,42.00000,35.00000,614
3,69,9.406935e-02,37.00000,35.00000,608
3,70,9.449949e-02,45.00000,36.00000,3646
3,71,9.496716e-02,41.00000,36.00000,575
4,0,8.892429e-02,49.00000,30.00000,18395
4,1,8.608826e-02,44.00000,35.00000,631
4,2,9.658308e-02,25.00000,36.00000,673
4,3,8.521548e-02,47.00000,35.00000,668
4,4,8.858733e-02,56.00000,30.00000,635
4,5,8.742782e-02,42.00000,35.00000,628
4,6,8.958898e-02,49.00000,30.00000,663
4,7,8.579760e-02,45.00000,35.00000,682
4,8,8.754729e-02,55.00000,30.00000,698
4,9,8.626080e-02,56.00000,30.00000,710
4,10,8.365119e-02,54.00000,30.00000,11449
4,11,9.265888e-02,30.00000,36.00000,580
4,12,8.712977e-02,43.00000,35.00000,680
4,13,8.535515e-02,49.00000,30.00000,622
4,14,8.907261e-02,49.00000,30.00000,665
4,15,8.705311e-02,57.00000,30.00000,708
4,16,8.608411e-02,45.00000,35.00000,620
4,17,8.186300e-02,54.00000,30.00000,743
4,18,8.463667e-02,48.00000,35.00000,713
4,19,8.744445e-02,47.00000,35.00000,659
4,20,8.562255e-02,43.00000,35.00000,10425
4,21,8.738792e-02,41.00000,35.00000,1029
4,22,9.039423e-02,41.00000,36.00000,661
4,23,8.744222e-02,45.00000,35.00000,608
4,24,8.874011e-02,44.00000,36.00000,644
4,25,9.157965e-02,45.00000,36.00000,671
4,26,8.722404e-02,55.00000,30.00000,683
4,27,8.449954e-02,53.00000,30.00000,644
4,28,8.654728e-02,31.00000,36.00000,694
4,29,8.581323e-02,44.00000,35.00000,641
4,30,8.413273e-02,53.00000,30.00000,12934
4,31,8.598292e-02,43.00000,35.00000,1076
4,32,8.595149e-02,37.00000,40.00000,577
4,33,8.584091e-02,53.00000,30.00000,608
4,34,9.005377e-02,43.00000,35.00000,590
4,35,8.131680e-02,56.00000,30.00000,613
4,36,8.668137e-02,40.00000,36.00000,662
4,37,8.042295e-02,53.00000,30.00000,627
4,38,8.492257e-02,53.00000,30.00000,686
4,39,8.259642e-02,41.00000,35.00000,726
4,40,8.470752e-02,35.00000,36.00000,8200
4,41,8.252906e-02,57.00000,30.00000,740
4,42,7.578012e-02,50.00000,35.00000,706
4,43,7.960436e-02,46.00000,35.00000,757
4,44,8.689051e-02,42.00000,35.00000,646
4,45,8.096948e-02,46.00000,36.00000,596
4,46,7.959043e-02,49.00000,30.00000,755
4,47,8.540636e-02,44.00000,35.00000,671
4,48,7.974072e-02,45.00000,35.00000,747
4,49,8.442962e-02,30.00000,36.00000,747
4,50,9.096701e-02,39.00000,35.00000,13364
4,51,7.743502e-02,50.00000,30.00000,674
4,52,8.059560e-02,49.00000,30.00000,611
4,53,8.176465e-02,54.00000,30.00000,610
4,54,8.149533e-02,31.00000,36.00000,606
4,55,8.326104e-02,30.00000,36.00000,640
4,56,8.365557e-02,53.00000,30.00000,614
4,57,8.156468e-02,47.00000,35.00000,588
4,58,8.293140e-02,46.00000,35.00000,625
4,59,8.781489e-02,42.00000,35.00000,595
4,60,8.288728e-02,38.00000,35.00000,577
4,61,7.971486e-02,42.00000,35.00000,598
4,62,7.716729e-02,40.00000,36.00000,585
4,63,7.769928e-02,54.00000,30.00000,604
4,64,7.596717e-02,49.00000,30.00000,586
4,65,7.346111e-02,43.00000,36.00000,617
4,66,7.150538e-02,57.00000,30.00000,627
4,67,7.591229e-02,38.00000,35.00000,599
4,68,8.320308e-02,49.00000,30.00000,590
4,69,7.787063e-02,56.00000,30.00000,610
4,70,7.848853e-02,48.00000,35.00000,593
4,71,7.749290e-02,40.00000,40.00000,596
5,0,7.342571e-02,40.00000,40.00000,11649
5,1,7.901639e-02,45.00000,35.00000,997
5,2,7.811697e-02,53.00000,30.00000,650
5,3,7.507187e-02,49.00000,30.00000,703
5,4,7.209425e-02,36.00000,40.00000,648
5,5,7.416995e-02,52.00000,30.00000,753
5,6,7.257608e-02,46.00000,35.00000,674
5,7,8.706440e-02,25.00000,36.00000,616
5,8,7.237425e-02,43.00000,36.00000,621
5,9,6.817670e-02,49.00000,30.00000,724
5,10,7.648529e-02,35.00000,36.00000,11784
5,11,6.859806e-02,53.00000,30.00000,653
5,12,7.296269e-02,46.00000,35.00000,883
5,13,7.358000e-02,43.00000,35.00000,657
5,14,6.995126e-02,53.00000,30.00000,664
5,15,7.126621e-02,42.00000,36.00000,682
5,16,7.394560e-02,54.00000,30.00000,648
5,17,7.265893e-02,31.00000,36.00000,710
5,18,6.718123e-02,51.00000,30.00000,631
5,19,6.862781e-02,41.00000,35.00000,735
5,20,7.153745e-02,44.00000,35.00000,8527
5,21,6.980399e-02,48.00000,35.00000,673
5,22,7.210317e-02,49.00000,35.00000,3133
5,23,7.170092e-02,31.00000,36.00000,636
5,24,7.113963e-02,45.00000,35.00000,742
5,25,7.417336e-02,48.00000,35.00000,641
5,26,6.910820e-02,49.00000,30.00000,665
5,27,6.926842e-02,49.00000,30.00000,676
5,28,7.001082e-02,37.00000,35.00000,622
5,29,6.983935e-02,42.00000,36.00000,733
5,30,7.503890e-02,40.00000,35.00000,8225
5,31,7.243340e-02,46.00000,35.00000,592
5,32,6.729506e-02,49.00000,30.00000,4051
5,33,6.683084e-02,37.00000,40.00000,729
5,34,5.904818e-02,55.00000,30.00000,769
5,35,6.624593e-02,45.00000,35.00000,721
5,36,6.803485e-02,41.00000,35.00000,664
5,37,6.605956e-02,43.00000,35.00000,637
5,38,6.313732e-02,55.00000,30.00000,660
5,39,7.155693e-02,39.00000,36.00000,677
5,40,6.265615e-02,44.00000,35.00000,7424
5,41,6.018618e-02,53.00000,30.00000,740
5,42,6.241186e-02,42.00000,35.00000,3348
5,43,6.681515e-02,49.00000,35.00000,689
5,44,6.305733e-02,53.00000,30.00000,690
5,45,6.752698e-02,54.00000,30.00000,684
5,46,6.074365e-02,43.00000,35.00000,777
5,47,6.760403e-02,37.00000,36.00000,671
5,48,6.897216e-02,49.00000,30.00000,650
5,49,6.325806e-02,46.00000,35.00000,762
5,50,6.321044e-02,56.00000,30.00000,7878
5,51,6.574809e-02,42.00000,35.00000,665
5,52,6.079572e-02,41.00000,35.00000,2642
5,53,6.002071e-02,44.00000,35.00000,722
5,54,6.264275e-02,44.00000,35.00000,597
5,55,6.489196e-02,41.00000,35.00000,712
5,56,6.468672e-02,31.00000,36.00000,579
5,57,6.495807e-02,46.00000,35.00000,634
5,58,6.823833e-02,35.00000,36.00000,591
5,59,5.972377e-02,52.00000,30.00000,602
5,60,6.136660e-02,55.00000,30.00000,1330
5,61,5.711848e-02,46.00000,35.00000,603
5,62,6.285171e-02,51.00000,30.00000,597
5,63,5.962878e-02,55.00000,30.00000,615
5,64,6.309655e-02,40.00000,35.00000,593
5,65,5.677039e-02,55.00000,30.00000,615
5,66,6.169752e-02,55.00000,30.00000,615
5,67,6.001147e-02,42.00000,35.00000,594
5,68,5.626404e-02,54.00000,30.00000,618
5,69,5.694266e-02,46.00000,35.00000,625
5,70,5.624545e-02,52.00000,35.00000,619
5,71,5.773594e-02,44.00000,35.00000,595
6,0,5.864136e-02,35.00000,36.00000,5651
6,1,6.336582e-02,41.00000,36.00000,669
6,2,6.019461e-02,47.00000,35.00000,653
6,3,5.961869e-02,54.00000,30.00000,774
6,4,6.150290e-02,37.00000,40.00000,672
6,5,6.255753e-02,49.00000,30.00000,694
6,6,5.387803e-02,54.00000,30.00000,707
6,7,5.612566e-02,42.00000,35.00000,802
6,8,5.789097e-02,53.00000,30.00000,770
6,9,5.965122e-02,42.00000,36.00000,694
6,10,5.454038e-02,45.00000,35.00000,11636
6,11,5.677638e-02,53.00000,30.00000,626
6,12,5.637566e-02,53.00000,30.00000,642
6,13,5.805971e-02,41.00000,35.00000,656
6,14,5.606369e-02,49.00000,30.00000,713
6,15,5.559194e-02,45.00000,35.00000,663
6,16,5.496843e-02,43.00000,36.00000,732
6,17,5.757018e-02,43.00000,35.00000,596
6,18,5.546775e-02,43.00000,35.00000,741
6,19,5.592637e-02,58.00000,30.00000,673
6,20,5.487132e-02,45.00000,35.00000,6199
6,21,5.273012e-02,52.00000,30.00000,1054
6,22,5.140995e-02,57.00000,30.00000,6742
6,23,5.343504e-02,52.00000,30.00000,618
6,24,5.245629e-02,53.00000,30.00000,706
6,25,5.234016e-02,46.00000,35.00000,683
6,26,5.989642e-02,30.00000,40.00000,620
6,27,5.583600e-02,37.00000,35.00000,770
6,28,5.330754e-02,49.00000,30.00000,642
6,29,5.360936e-02,40.00000,35.00000,693
6,30,5.057721e-02,52.00000,30.00000,3060
6,31,5.854683e-02,43.00000,36.00000,4236
6,32,5.816998e-02,42.00000,36.00000,4651
6,33,5.516896e-02,41.00000,35.00000,647
6,34,5.244616e-02,44.00000,35.00000,643
6,35,5.582273e-02,45.00000,35.00000,743
6,36,5.883834e-02,37.00000,35.00000,589
6,37,5.925494e-02,37.00000,40.00000,721
6,38,5.681844e-02,39.00000,36.00000,657
6,39,5.501730e-02,37.00000,36.00000,595
6,40,5.279652e-02,49.00000,30.00000,3208
6,41,5.192412e-02,54.00000,30.00000,4846
6,42,5.238991e-02,54.00000,30.00000,3348
6,43,5.288794e-02,55.00000,30.00000,652
6,44,5.215842e-02,49.00000,35.00000,679
6,45,5.323807e-02,40.00000,35.00000,651
6,46,4.908837e-02,54.00000,30.00000,699
6,47,4.918516e-02,54.00000,30.00000,671
6,48,5.175287e-02,49.00000,30.00000,660
6,49,4.855502e-02,57.00000,30.00000,625
6,50,5.481130e-02,43.00000,36.00000,8150
6,51,5.266974e-02,49.00000,30.00000,631
6,52,5.165525e-02,30.00000,36.00000,3096
6,53,5.569647e-02,44.00000,35.00000,591
6,54,6.094458e-02,45.00000,35.00000,599
6,55,5.224873e-02,49.00000,30.00000,603
6,56,5.031877e-02,40.00000,35.00000,697
6,57,5.430130e-02,30.00000,36.00000,668
6,58,5.114975e-02,53.00000,30.00000,704
6,59,5.086250e-02,35.00000,36.00000,671
6,60,4.783289e-02,60.00000,30.00000,2273
6,61,5.492514e-02,47.00000,35.00000,580
6,62,5.315253e-02,49.00000,35.00000,604
6,63,5.337369e-02,43.00000,36.00000,575
6,64,5.104852e-02,41.00000,35.00000,578
6,65,5.078543e-02,40.00000,36.00000,577
6,66,4.945061e-02,56.00000,30.00000,623
6,67,4.989485e-02,53.00000,30.00000,607
6,68,4.671602e-02,53.00000,30.00000,615
6,69,4.714942e-02,48.00000,35.00000,601
6,70,4.675828e-02,49.00000,30.00000,604
6,71,4.911606e-02,48.00000,35.00000,596
7,0,5.838475e-02,40.00000,36.00000,19209
7,1,4.912197e-02,37.00000,36.00000,675
7,2,5.310431e-02,41.00000,35.00000,618
7,3,5.058922e-02,43.00000,36.00000,670
7,4,5.358862e-02,38.00000,35.00000,676
7,5,5.391513e-02,46.00000,35.00000,660
7,6,4.914046e-02,49.00000,30.00000,630
7,7,5.148856e-02,35.00000,40.00000,694
7,8,4.907209e-02,42.00000,35.00000,723
7,9,5.017496e-02,42.00000,36.00000,684
7,10,4.722593e-02,40.00000,35.00000,13948
7,11,5.178645e-02,36.00000,36.00000,567
7,12,4.848957e-02,54.00000,30.00000,610
7,13,4.567648e-02,49.00000,30.00000,676
7,14,4.819560e-02,45.00000,35.00000,679
7,15,4.624856e-02,53.00000,30.00000,663
7,16,4.945704e-02,45.00000,35.00000,640
7,17,4.551950e-02,42.00000,35.00000,689
7,18,5.017762e-02,49.00000,30.00000,629
7,19,4.626708e-02,43.00000,35.00000,710
7,20,5.404187e-02,25.00000,36.00000,7818
7,21,4.743491e-02,40.00000,36.00000,655
7,22,4.263161e-02,49.00000,30.00000,714
7,23,4.315594e-02,55.00000,30.00000,725
7,24,4.753292e-02,54.00000,30.00000,693
7,25,4.304884e-02,49.00000,35.00000,759
7,26,4.690328e-02,41.00000,36.00000,728
7,27,4.585979e-02,54.00000,30.00000,662
7,28,4.994690e-02,35.00000,36.00000,724
7,29,4.475731e-02,58.00000,30.00000,686
7,30,5.027254e-02,37.00000,36.00000,9897
7,31,4.561006e-02,49.00000,30.00000,699
7,32,4.743921e-02,42.00000,35.00000,700
7,33,5.105583e-02,36.00000,36.00000,573
7,34,4.117365e-02,53.00000,30.00000,734
7,35,4.851457e-02,44.00000,35.00000,661
7,36,4.602978e-02,42.00000,35.00000,738
7,37,4.577070e-02,35.00000,36.00000,647
7,38,4.585237e-02,54.00000,30.00000,662
7,39,4.328615e-02,49.00000,30.00000,674
7,40,4.868240e-02,45.00000,35.00000,8443
7,41,4.213107e-02,52.00000,35.00000,737
7,42,4.920309e-02,45.00000,35.00000,3143
7,43,4.206242e-02,49.00000,30.00000,625
7,44,4.668364e-02,38.00000,35.00000,765
7,45,4.719611e-02,49.00000,30.00000,666
7,46,5.078011e-02,31.00000,36.00000,651
7,47,4.755849e-02,55.00000,30.00000,688
7,48,4.386902e-02,39.00000,36.00000,683
7,49,4.529649e-02,46.00000,35.00000,684
7,50,4.283599e-02,42.00000,35.00000,9164
7,51,4.517697e-02,37.00000,36.00000,677
7,52,5.168741e-02,33.00000,40.00000,3177
7,53,4.611532e-02,49.00000,30.00000,605
7,54,4.258599e-02,49.00000,30.00000,643
7,55,4.540775e-02,54.00000,30.00000,606
7,56,4.626448e-02,30.00000,36.00000,595
7,57,4.217484e-02,41.00000,35.00000,669
7,58,4.155055e-02,57.00000,30.00000,639
7,59,4.389215e-02,55.00000,30.00000,617
7,60,4.475779e-02,49.00000,30.00000,602
7,61,4.352310e-02,40.00000,35.00000,616
7,62,4.396551e-02,53.00000,30.00000,606
7,63,4.399428e-02,49.00000,35.00000,594
7,64,4.358828e-02,47.00000,35.00000,605
7,65,4.237630e-02,57.00000,30.00000,628
7,66,4.116213e-02,54.00000,30.00000,614
7,67,4.320195e-02,41.00000,35.00000,632
7,68,4.062854e-02,53.00000,30.00000,616
7,69,4.083586e-02,54.00000,30.00000,619
7,70,4.303514e-02,55.00000,30.00000,615
7,71,5.494758e-02,32.00000,36.00000,512
8,0,4.701301e-02,49.00000,30.00000,697
8,1,4.616140e-02,43.00000,35.00000,681
8,2,4.714152e-02,39.00000,36.00000,656
8,3,4.810045e-02,30.00000,36.00000,711
8,4,4.326071e-02,59.00000,30.00000,655
8,5,4.708671e-02,37.00000,36.00000,789
8,6,4.447544e-02,49.00000,30.00000,670
8,7,4.162307e-02,46.00000,35.00000,870
8,8,4.483580e-02,42.00000,35.00000,646
8,9,4.488271e-02,40.00000,35.00000,638
8,10,4.582694e-02,53.00000,30.00000,2694
8,11,4.247646e-02,46.00000,35.00000,709
8,12,4.402846e-02,45.00000,35.00000,763
8,13,4.213583e-02,41.00000,35.00000,653
8,14,4.587553e-02,42.00000,35.00000,629
8,15,4.225911e-02,46.00000,35.00000,806
8,16,4.426567e-02,52.00000,30.00000,623
8,17,3.847554e-02,57.00000,30.00000,762
8,18,4.664519e-02,31.00000,36.00000,678
8,19,4.641714e-02,36.00000,36.00000,640
8,20,4.555209e-02,40.00000,35.00000,672
8,21,4.294434e-02,49.00000,30.00000,638
8,22,3.883361e-02,53.00000,30.00000,670
8,23,4.080219e-02,42.00000,35.00000,767
8,24,4.147981e-02,46.00000,35.00000,741
8,25,4.467784e-02,47.00000,35.00000,582
8,26,4.236281e-02,39.00000,36.00000,781
8,27,4.369556e-02,53.00000,30.00000,751
8,28,3.889203e-02,55.00000,30.00000,676
8,29,4.121982e-02,49.00000,30.00000,678
8,30,4.234033e-02,43.00000,36.00000,629
8,31,4.168213e-02,46.00000,35.00000,748
8,32,4.332456e-02,43.00000,35.00000,612
8,33,4.378425e-02,52.00000,30.00000,676
8,34,4.098013e-02,49.00000,30.00000,700
8,35,4.217837e-02,41.00000,36.00000,650
8,36,4.895685e-02,35.00000,36.00000,646
8,37,4.481152e-02,38.00000,36.00000,685
8,38,4.205225e-02,54.00000,30.00000,717
8,39,4.227331e-02,54.00000,30.00000,667
8,40,4.088301e-02,46.00000,35.00000,717
8,41,4.453400e-02,50.00000,35.00000,652
8,42,4.244507e-02,38.00000,36.00000,653
8,43,4.300965e-02,30.00000,36.00000,657
8,44,4.142380e-02,45.00000,35.00000,770
8,45,4.167655e-02,49.00000,30.00000,638
8,46,4.185757e-02,59.00000,30.00000,749
8,47,4.116990e-02,57.00000,30.00000,707
8,48,3.854493e-02,52.00000,30.00000,660
8,49,4.008801e-02,49.00000,30.00000,671
8,50,3.822226e-02,54.00000,30.00000,706
8,51,3.905286e-02,51.00000,30.00000,672
8,52,4.223131e-02,41.00000,35.00000,639
8,53,4.045038e-02,42.00000,35.00000,613
8,54,4.005611e-02,49.00000,30.00000,653
8,55,4.327058e-02,55.00000,30.00000,679
8,56,4.337018e-02,35.00000,36.00000,649
8,57,4.341225e-02,41.00000,35.00000,620
8,58,3.804182e-02,58.00000,30.00000,630
8,59,4.383311e-02,43.00000,35.00000,708
8,60,4.232102e-02,37.00000,40.00000,618
8,61,4.303824e-02,35.00000,36.00000,605
8,62,4.064357e-02,37.00000,36.00000,610
8,63,4.200950e-02,45.00000,35.00000,612
8,64,4.020614e-02,58.00000,30.00000,631
8,65,4.118292e-02,57.00000,30.00000,626
8,66,4.275031e-02,45.00000,35.00000,590
8,67,4.071997e-02,49.00000,30.00000,602
8,68,4.437193e-02,31.00000,36.00000,579
8,69,4.281624e-02,55.00000,30.00000,615
8,70,4.141866e-02,49.00000,30.00000,603
8,71,4.083049e-02,46.00000,35.00000,630
9,0,4.226848e-02,42.00000,35.00000,9359
9,1,4.147640e-02,49.00000,30.00000,657
9,2,4.375061e-02,54.00000,30.00000,699
9,3,4.609065e-02,37.00000,35.00000,586
9,4,4.058050e-02,55.00000,30.00000,835
9,5,4.310168e-02,31.00000,36.00000,649
9,6,4.264527e-02,47.00000,35.00000,635
9,7,4.004861e-02,46.00000,35.00000,657
9,8,4.324237e-02,35.00000,40.00000,692
9,9,4.078338e-02,41.00000,36.00000,657
9,10,3.778369e-02,53.00000,30.00000,13167
9,11,4.288966e-02,52.00000,30.00000,702
9,12,4.537163e-02,54.00000,30.00000,1508
9,13,4.639349e-02,37.00000,36.00000,616
9,14,3.894638e-02,31.00000,36.00000,763
9,15,3.931232e-02,46.00000,35.00000,662
9,16,4.143481e-02,51.00000,30.00000,702
9,17,4.541872e-02,31.00000,36.00000,658
9,18,4.345478e-02,33.00000,40.00000,699
9,19,4.213559e-02,54.00000,30.00000,695
9,20,4.708115e-02,35.00000,36.00000,11367
9,21,4.183878e-02,37.00000,36.00000,1417
9,22,4.054035e-02,37.00000,36.00000,672
9,23,4.597817e-02,46.00000,35.00000,630
9,24,4.114985e-02,49.00000,30.00000,707
9,25,4.099724e-02,40.00000,36.00000,731
9,26,4.136945e-02,52.00000,30.00000,740
9,27,4.464123e-02,42.00000,35.00000,657
9,28,3.730818e-02,49.00000,30.00000,789
9,29,4.081005e-02,57.00000,30.00000,650
9,30,3.840914e-02,56.00000,30.00000,10204
9,31,3.924033e-02,49.00000,30.00000,646
9,32,4.367402e-02,42.00000,35.00000,568
9,33,4.235405e-02,42.00000,35.00000,654
9,34,4.352346e-02,44.00000,35.00000,700
9,35,4.194108e-02,41.00000,36.00000,679
9,36,4.203357e-02,41.00000,36.00000,668
9,37,4.362165e-02,45.00000,35.00000,713
9,38,4.056153e-02,43.00000,35.00000,615
9,39,3.915731e-02,43.00000,35.00000,653
9,40,4.390050e-02,40.00000,36.00000,11643
9,41,3.988094e-02,49.00000,30.00000,642
9,42,3.792725e-02,44.00000,35.00000,740
9,43,4.328717e-02,41.00000,36.00000,632
9,44,4.251717e-02,51.00000,30.00000,649
9,45,3.943895e-02,44.00000,35.00000,725
9,46,3.919433e-02,49.00000,35.00000,626
9,47,3.895241e-02,51.00000,30.00000,710
9,48,4.214147e-02,51.00000,30.00000,731
9,49,3.869087e-02,53.00000,30.00000,640
9,50,3.741566e-02,53.00000,30.00000,9021
9,51,4.221365e-02,47.00000,35.00000,677
9,52,4.182597e-02,40.00000,35.00000,696
9,53,4.273664e-02,38.00000,36.00000,678
9,54,4.407697e-02,31.00000,36.00000,677
9,55,4.241222e-02,34.00000,40.00000,677
9,56,4.343624e-02,45.00000,35.00000,569
9,57,4.089370e-02,46.00000,36.00000,662
9,58,4.439680e-02,36.00000,36.00000,583
9,59,4.487915e-02,43.00000,35.00000,570
9,60,3.811770e-02,54.00000,30.00000,2089
9,61,4.407965e-02,43.00000,36.00000,573
9,62,4.032832e-02,42.00000,35.00000,721
9,63,4.173544e-02,53.00000,30.00000,605
9,64,4.137829e-02,37.00000,36.00000,612
9,65,3.811484e-02,54.00000,30.00000,607
9,66,4.622146e-02,30.00000,36.00000,569
9,67,4.355424e-02,40.00000,36.00000,552
9,68,3.994841e-02,49.00000,30.00000,617
9,69,3.689171e-02,54.00000,30.00000,619
9,70,3.743457e-02,53.00000,30.00000,622
9,71,3.856727e-02,49.00000,30.00000,586
10,0,4.319540e-02,41.00000,35.00000,3721
10,1,3.794495e-02,53.00000,30.00000,1206
10,2,3.966635e-02,49.00000,30.00000,1216
10,3,4.168633e-02,30.00000,36.00000,642
10,4,3.742492e-02,49.00000,30.00000,1616
10,5,3.699722e-02,55.00000,30.00000,693
10,6,3.645197e-02,54.00000,30.00000,691
10,7,4.090664e-02,52.00000,30.00000,605
10,8,4.360616e-02,38.00000,35.00000,722
10,9,4.168272e-02,41.00000,35.00000,729
10,10,3.635129e-02,54.00000,30.00000,2704
10,11,3.995545e-02,31.00000,36.00000,3908
10,12,3.888820e-02,49.00000,30.00000,707
10,13,3.697825e-02,59.00000,30.00000,673
10,14,4.160945e-02,40.00000,35.00000,676
10,15,3.642223e-02,49.00000,30.00000,715
10,16,3.749865e-02,52.00000,30.00000,767
10,17,4.449813e-02,43.00000,35.00000,720
10,18,3.864024e-02,49.00000,30.00000,658
10,19,4.102273e-02,49.00000,30.00000,677
10,20,3.940307e-02,56.00000,30.00000,4963
10,21,4.348395e-02,37.00000,36.00000,6607
10,22,3.841065e-02,55.00000,30.00000,697
10,23,4.111827e-02,57.00000,30.00000,671
10,24,4.251607e-02,47.00000,35.00000,649
10,25,4.083912e-02,42.00000,35.00000,668
10,26,3.773399e-02,49.00000,30.00000,732
10,27,4.025986e-02,49.00000,30.00000,639
10,28,4.097513e-02,55.00000,30.00000,667
10,29,3.870103e-02,43.00000,35.00000,730
10,30,4.075421e-02,45.00000,35.00000,5891
10,31,3.752314e-02,43.00000,35.00000,5249
10,32,4.030719e-02,49.00000,30.00000,742
10,33,3.986843e-02,49.00000,30.00000,597
10,34,4.386377e-02,49.00000,30.00000,647
10,35,3.766509e-02,58.00000,30.00000,725
10,36,3.760436e-02,43.00000,35.00000,723
10,37,3.729251e-02,54.00000,30.00000,753
10,38,4.347214e-02,36.00000,36.00000,601
10,39,3.718106e-02,53.00000,30.00000,678
10,40,3.752296e-02,49.00000,30.00000,6026
10,41,3.889202e-02,53.00000,30.00000,5291
10,42,3.738808e-02,55.00000,30.00000,728
10,43,4.081328e-02,49.00000,30.00000,592
10,44,3.993616e-02,48.00000,35.00000,746
10,45,3.860185e-02,58.00000,30.00000,632
10,46,3.757869e-02,46.00000,35.00000,732
10,47,4.332102e-02,45.00000,35.00000,660
10,48,3.892323e-02,49.00000,30.00000,654
10,49,4.148613e-02,37.00000,36.00000,686
10,50,3.822680e-02,54.00000,30.00000,6003
10,51,3.793520e-02,60.00000,30.00000,4930
10,52,3.950248e-02,48.00000,35.00000,631
10,53,3.920122e-02,55.00000,30.00000,665
10,54,3.732914e-02,49.00000,35.00000,706
10,55,4.220089e-02,43.00000,35.00000,667
10,56,4.178213e-02,47.00000,35.00000,668
10,57,4.075401e-02,55.00000,30.00000,647
10,58,4.229376e-02,52.00000,30.00000,635
10,59,3.782367e-02,49.00000,30.00000,618
10,60,4.785096e-02,31.00000,36.00000,1313
10,61,4.327831e-02,46.00000,35.00000,1638
10,62,4.310434e-02,39.00000,35.00000,587
10,63,4.447787e-02,41.00000,36.00000,578
10,64,4.165679e-02,57.00000,30.00000,625
10,65,4.446096e-02,35.00000,36.00000,590
10,66,4.321800e-02,51.00000,30.00000,595
10,67,4.063478e-02,54.00000,30.00000,604
10,68,4.516942e-02,42.00000,35.00000,567
10,69,4.499112e-02,35.00000,36.00000,623
10,70,4.265749e-02,43.00000,35.00000,587
10,71,3.928920e-02,49.00000,35.00000,599
11,0,4.435920e-02,25.00000,36.00000,670
11,1,4.317854e-02,53.00000,30.00000,634
11,2,4.355977e-02,48.00000,35.00000,698
11,3,4.003094e-02,53.00000,30.00000,733
11,4,4.005680e-02,44.00000,35.00000,677
11,5,4.394274e-02,40.00000,35.00000,661
11,6,3.732193e-02,55.00000,30.00000,740
11,7,3.864059e-02,53.00000,30.00000,682
11,8,4.146302e-02,43.00000,35.00000,701
11,9,4.665075e-02,36.00000,35.00000,771
11,10,4.165276e-02,49.00000,30.00000,633
11,11,3.856431e-02,54.00000,30.00000,767
11,12,4.224225e-02,38.00000,35.00000,679
11,13,4.034116e-02,47.00000,35.00000,609
11,14,4.077521e-02,37.00000,36.00000,742
11,15,4.099042e-02,44.00000,35.00000,659
11,16,4.436928e-02,49.00000,30.00000,666
11,17,4.021693e-02,57.00000,30.00000,645
11,18,3.705829e-02,57.00000,30.00000,767
11,19,3.945419e-02,52.00000,30.00000,726
11,20,4.898983e-02,43.00000,36.00000,656
11,21,4.467931e-02,35.00000,36.00000,778
11,22,4.685371e-02,38.00000,35.00000,1665
11,23,4.780629e-02,40.00000,40.00000,693
11,24,4.274084e-02,40.00000,36.00000,603
11,25,4.431361e-02,35.00000,36.00000,754
11,26,4.228329e-02,46.00000,35.00000,683
11,27,5.097571e-02,35.00000,36.00000,561
11,28,4.199227e-02,53.00000,30.00000,667
11,29,3.884998e-02,53.00000,30.00000,673
11,30,4.301617e-02,38.00000,36.00000,661
11,31,4.183245e-02,39.00000,35.00000,683
11,32,4.843276e-02,37.00000,36.00000,3515
11,33,3.967269e-02,49.00000,30.00000,783
11,34,4.443791e-02,42.00000,36.00000,617
11,35,4.296232e-02,54.00000,30.00000,683
11,36,4.192976e-02,44.00000,35.00000,702
11,37,4.563924e-02,43.00000,35.00000,613
11,38,5.241813e-02,25.00000,36.00000,652
11,39,4.418806e-02,41.00000,36.00000,702
11,40,4.258760e-02,54.00000,30.00000,663
11,41,4.015268e-02,39.00000,35.00000,765
11,42,4.233856e-02,40.00000,35.00000,6804
11,43,4.032876e-02,47.00000,35.00000,751
11,44,4.503395e-02,38.00000,35.00000,638
11,45,4.201927e-02,47.00000,36.00000,808
11,46,4.178328e-02,54.00000,30.00000,622
11,47,4.228469e-02,45.00000,35.00000,720
11,48,4.329432e-02,37.00000,40.00000,671
11,49,4.457519e-02,55.00000,30.00000,684
11,50,3.952727e-02,58.00000,30.00000,733
11,51,4.249410e-02,52.00000,30.00000,686
11,52,3.863951e-02,46.00000,35.00000,7945
11,53,4.397308e-02,49.00000,30.00000,671
11,54,4.507256e-02,31.00000,36.00000,615
11,55,4.518332e-02,41.00000,36.00000,638
11,56,4.361865e-02,53.00000,30.00000,675
11,57,4.857256e-02,45.00000,36.00000,674
11,58,4.271545e-02,52.00000,30.00000,656
11,59,4.877775e-02,31.00000,36.00000,547
11,60,3.958516e-02,53.00000,30.00000,619
11,61,4.654405e-02,55.00000,30.00000,633
11,62,4.098556e-02,44.00000,35.00000,1929
11,63,4.375592e-02,31.00000,36.00000,607
11,64,4.206439e-02,47.00000,35.00000,584
11,65,4.194296e-02,49.00000,30.00000,625
11,66,4.532337e-02,45.00000,35.00000,605
11,67,4.310404e-02,54.00000,30.00000,605
11,68,4.408906e-02,46.00000,35.00000,587
11,69,4.214004e-02,45.00000,35.00000,604
11,70,4.151598e-02,42.00000,36.00000,596
11,71,4.890544e-02,55.00000,30.00000,614
12,0,4.044499e-02,49.00000,30.00000,6851
12,1,4.079981e-02,57.00000,30.00000,4251
12,2,4.364937e-02,53.00000,30.00000,665
12,3,3.970526e-02,58.00000,30.00000,723
12,4,4.114845e-02,57.00000,30.00000,724
12,5,3.839798e-02,50.00000,30.00000,733
12,6,3.972135e-02,45.00000,35.00000,749
12,7,4.202496e-02,43.00000,35.00000,671
12,8,4.145599e-02,54.00000,30.00000,676
12,9,4.421201e-02,51.00000,30.00000,747
12,10,4.401173e-02,45.00000,35.00000,6751
12,11,4.194756e-02,58.00000,30.00000,3272
12,12,4.579813e-02,36.00000,36.00000,1085
12,13,4.776974e-02,38.00000,35.00000,2235
12,14,4.546649e-02,53.00000,30.00000,634
12,15,4.673405e-02,40.00000,35.00000,659
12,16,4.044601e-02,54.00000,30.00000,686
12,17,4.640962e-02,49.00000,30.00000,649
12,18,4.743224e-02,35.00000,36.00000,803
12,19,4.316742e-02,41.00000,36.00000,736
12,20,4.573235e-02,47.00000,35.00000,5735
12,21,4.381006e-02,47.00000,35.00000,4375
12,22,4.628517e-02,47.00000,35.00000,827
12,23,4.483897e-02,57.00000,30.00000,883
12,24,4.520021e-02,30.00000,36.00000,642
12,25,4.441799e-02,44.00000,35.00000,712
12,26,4.291632e-02,47.00000,35.00000,674
12,27,4.573661e-02,37.00000,40.00000,740
12,28,4.499106e-02,40.00000,35.00000,686
12,29,4.339697e-02,40.00000,35.00000,715
12,30,4.473986e-02,36.00000,36.00000,4726
12,31,4.202649e-02,59.00000,30.00000,4857
12,32,4.206193e-02,54.00000,30.00000,640
12,33,4.468464e-02,48.00000,35.00000,689
12,34,4.170665e-02,53.00000,30.00000,640
12,35,4.447972e-02,45.00000,35.00000,659
12,36,4.673882e-02,50.00000,35.00000,657
12,37,4.347899e-02,56.00000,30.00000,698
12,38,4.389418e-02,49.00000,30.00000,734
12,39,4.126582e-02,52.00000,30.00000,698
12,40,4.670324e-02,38.00000,36.00000,875
12,41,4.229441e-02,49.00000,30.00000,5069
12,42,4.813841e-02,42.00000,36.00000,1269
12,43,4.343156e-02,45.00000,35.00000,724
12,44,4.372371e-02,44.00000,35.00000,651
12,45,4.570433e-02,50.00000,35.00000,656
12,46,4.571879e-02,34.00000,40.00000,677
12,47,4.635196e-02,25.00000,36.00000,712
12,48,4.869407e-02,49.00000,35.00000,688
12,49,4.751089e-02,45.00000,35.00000,667
12,50,4.888979e-02,42.00000,36.00000,599
12,51,4.127074e-02,55.00000,30.00000,3496
12,52,4.566356e-02,30.00000,36.00000,3687
12,53,4.648115e-02,39.00000,35.00000,826
12,54,4.573945e-02,49.00000,35.00000,629
12,55,4.374989e-02,53.00000,30.00000,632
12,56,5.267214e-02,35.00000,36.00000,539
12,57,4.448970e-02,52.00000,30.00000,633
12,58,4.630740e-02,53.00000,30.00000,620
12,59,4.242974e-02,58.00000,30.00000,629
12,60,4.614076e-02,54.00000,30.00000,610
12,61,4.850361e-02,47.00000,35.00000,582
12,62,4.926078e-02,49.00000,30.00000,584
12,63,4.999854e-02,41.00000,36.00000,595
12,64,4.493717e-02,37.00000,40.00000,607
12,65,4.458439e-02,40.00000,35.00000,603
12,66,4.337540e-02,46.00000,35.00000,637
12,67,4.848802e-02,40.00000,35.00000,581
12,68,4.456487e-02,49.00000,30.00000,589
12,69,4.688291e-02,53.00000,30.00000,605
12,70,4.267385e-02,58.00000,30.00000,620
12,71,4.249334e-02,55.00000,30.00000,615
13,0,4.134764e-02,49.00000,30.00000,711
13,1,4.417520e-02,56.00000,30.00000,1174
13,2,4.503332e-02,53.00000,30.00000,697
13,3,4.446137e-02,49.00000,30.00000,1742
13,4,4.350533e-02,43.00000,40.00000,641
13,5,4.461298e-02,49.00000,30.00000,790
13,6,4.095972e-02,45.00000,35.00000,681
13,7,4.647623e-02,49.00000,30.00000,660
13,8,4.648346e-02,41.00000,36.00000,636
13,9,4.829603e-02,45.00000,35.00000,736
13,10,4.927323e-02,45.00000,35.00000,1010
13,11,5.014140e-02,42.00000,35.00000,1792
13,12,4.583371e-02,45.00000,36.00000,644
13,13,4.679560e-02,46.00000,35.00000,691
13,14,4.812868e-02,45.00000,35.00000,603
13,15,4.995115e-02,36.00000,36.00000,610
13,16,4.781934e-02,39.00000,40.00000,710
13,17,4.485259e-02,54.00000,30.00000,608
13,18,4.570087e-02,46.00000,35.00000,807
13,19,4.443385e-02,45.00000,35.00000,663
13,20,4.995893e-02,46.00000,35.00000,683
13,21,4.451624e-02,53.00000,30.00000,2422
13,22,4.123055e-02,57.00000,30.00000,752
13,23,4.931862e-02,55.00000,30.00000,631
13,24,4.638810e-02,43.00000,36.00000,708
13,25,4.954192e-02,37.00000,35.00000,622
13,26,4.548044e-02,43.00000,36.00000,692
13,27,4.951019e-02,41.00000,35.00000,622
13,28,5.038794e-02,56.00000,30.00000,664
13,29,4.639311e-02,41.00000,35.00000,690
13,30,4.753144e-02,46.00000,35.00000,682
13,31,4.663353e-02,57.00000,30.00000,663
13,32,4.744324e-02,44.00000,35.00000,700
13,33,4.527495e-02,43.00000,36.00000,665
13,34,4.983949e-02,31.00000,36.00000,727
13,35,4.717380e-02,39.00000,40.00000,626
13,36,4.686737e-02,58.00000,30.00000,683
13,37,4.928541e-02,49.00000,30.00000,643
13,38,5.069910e-02,33.00000,40.00000,689
13,39,4.562575e-02,48.00000,35.00000,656
13,40,4.659682e-02,57.00000,30.00000,693
13,41,4.881852e-02,55.00000,30.00000,1655
13,42,4.990374e-02,47.00000,35.00000,655
13,43,4.898479e-02,42.00000,36.00000,1463
13,44,5.051738e-02,42.00000,35.00000,667
13,45,4.614200e-02,54.00000,30.00000,792
13,46,5.268403e-02,37.00000,36.00000,699
13,47,4.832834e-02,51.00000,30.00000,649
13,48,4.907270e-02,47.00000,35.00000,681
13,49,4.526740e-02,45.00000,35.00000,773
13,50,4.943935e-02,43.00000,35.00000,718
13,51,4.687728e-02,49.00000,30.00000,3166
13,52,4.696721e-02,42.00000,35.00000,718
13,53,4.251693e-02,54.00000,30.00000,759
13,54,5.030596e-02,55.00000,30.00000,695
13,55,4.968541e-02,30.00000,36.00000,637
13,56,4.980185e-02,41.00000,36.00000,643
13,57,4.759648e-02,52.00000,30.00000,668
13,58,4.944474e-02,49.00000,30.00000,607
13,59,4.599287e-02,54.00000,30.00000,678
13,60,4.776501e-02,48.00000,35.00000,889
13,61,5.014037e-02,40.00000,40.00000,1422
13,62,4.972838e-02,37.00000,35.00000,584
13,63,4.713186e-02,53.00000,30.00000,611
13,64,5.407525e-02,36.00000,36.00000,564
13,65,5.162434e-02,45.00000,35.00000,582
13,66,5.343643e-02,39.00000,35.00000,570
13,67,4.848339e-02,43.00000,35.00000,602
13,68,4.957685e-02,41.00000,35.00000,593
13,69,5.112805e-02,53.00000,30.00000,606
13,70,4.882771e-02,49.00000,30.00000,599
13,71,4.620996e-02,49.00000,30.00000,635
14,0,5.164526e-02,45.00000,35.00000,8606
14,1,4.465171e-02,56.00000,30.00000,1529
14,2,4.538820e-02,57.00000,30.00000,745
14,3,4.812502e-02,58.00000,30.00000,706
14,4,4.812029e-02,54.00000,30.00000,696
14,5,4.816777e-02,49.00000,30.00000,650
14,6,4.877266e-02,52.00000,30.00000,660
14,7,4.979492e-02,44.00000,35.00000,644
14,8,4.820331e-02,54.00000,30.00000,686
14,9,5.153297e-02,30.00000,36.00000,660
14,10,5.284688e-02,37.00000,36.00000,11009
14,11,5.376950e-02,35.00000,36.00000,979
14,12,4.791720e-02,57.00000,30.00000,683
14,13,5.560704e-02,51.00000,35.00000,621
14,14,5.122484e-02,41.00000,35.00000,649
14,15,5.069609e-02,47.00000,35.00000,586
14,16,5.183948e-02,37.00000,36.00000,779
14,17,4.971192e-02,57.00000,30.00000,657
14,18,5.075806e-02,39.00000,35.00000,680
14,19,4.834805e-02,49.00000,30.00000,640
14,20,5.042683e-02,47.00000,35.00000,12327
14,21,5.450663e-02,41.00000,36.00000,607
14,22,5.366793e-02,55.00000,30.00000,700
14,23,4.910560e-02,53.00000,30.00000,632
14,24,5.355554e-02,49.00000,30.00000,633
14,25,5.086149e-02,43.00000,36.00000,728
14,26,5.350488e-02,40.00000,36.00000,651
14,27,5.018555e-02,43.00000,35.00000,644
14,28,5.101109e-02,43.00000,35.00000,698
14,29,5.296706e-02,43.00000,35.00000,669
14,30,5.582260e-02,33.00000,40.00000,10271
14,31,5.293989e-02,57.00000,30.00000,637
14,32,5.384724e-02,52.00000,30.00000,593
14,33,4.840933e-02,43.00000,36.00000,664
14,34,5.529326e-02,56.00000,30.00000,634
14,35,5.495591e-02,31.00000,36.00000,709
14,36,5.405471e-02,37.00000,36.00000,585
14,37,5.407044e-02,36.00000,36.00000,689
14,38,5.033654e-02,43.00000,35.00000,736
14,39,5.009209e-02,58.00000,30.00000,679
14,40,5.114377e-02,49.00000,30.00000,10631
14,41,5.664397e-02,38.00000,35.00000,673
14,42,5.353048e-02,47.00000,35.00000,668
14,43,5.137298e-02,41.00000,35.00000,663
14,44,5.200207e-02,45.00000,35.00000,649
14,45,5.637901e-02,42.00000,35.00000,671
14,46,5.951160e-02,30.00000,36.00000,679
14,47,5.365606e-02,44.00000,35.00000,634
14,48,5.728972e-02,35.00000,36.00000,612
14,49,5.630311e-02,49.00000,30.00000,634
14,50,5.507211e-02,47.00000,35.00000,9273
14,51,5.511302e-02,47.00000,35.00000,629
14,52,5.126171e-02,55.00000,30.00000,623
14,53,5.494000e-02,39.00000,40.00000,603
14,54,5.784164e-02,42.00000,35.00000,706
14,55,5.582485e-02,31.00000,36.00000,696
14,56,4.964758e-02,53.00000,30.00000,624
14,57,5.636131e-02,40.00000,36.00000,650
14,58,5.006036e-02,42.00000,35.00000,632
14,59,5.100012e-02,51.00000,35.00000,626
14,60,5.382701e-02,42.00000,35.00000,3958
14,61,5.132355e-02,42.00000,35.00000,593
14,62,5.627318e-02,31.00000,36.00000,603
14,63,5.753474e-02,25.00000,36.00000,601
14,64,5.391316e-02,46.00000,35.00000,606
14,65,5.185537e-02,54.00000,30.00000,605
14,66,5.451787e-02,43.00000,35.00000,579
14,67,5.293180e-02,53.00000,30.00000,605
14,68,5.585407e-02,51.00000,30.00000,596
14,69,5.134826e-02,58.00000,30.00000,620
14,70,5.520093e-02,45.00000,35.00000,569
14,71,5.560067e-02,37.00000,36.00000,595
15,0,5.209403e-02,47.00000,35.00000,689
15,1,5.509581e-02,45.00000,35.00000,698
15,2,5.397236e-02,42.00000,35.00000,651
15,3,4.988418e-02,59.00000,30.00000,734
15,4,5.332796e-02,47.00000,35.00000,709
15,5,5.871413e-02,35.00000,36.00000,593
15,6,5.653003e-02,35.00000,36.00000,728
15,7,5.474883e-02,44.00000,35.00000,605
15,8,5.774157e-02,39.00000,35.00000,649
15,9,5.103933e-02,52.00000,30.00000,642
15,10,5.354108e-02,54.00000,30.00000,684
15,11,5.822488e-02,47.00000,35.00000,656
15,12,5.109024e-02,49.00000,30.00000,854
15,13,5.246021e-02,44.00000,35.00000,662
15,14,4.883041e-02,58.00000,30.00000,673
15,15,5.345124e-02,48.00000,35.00000,727
15,16,5.849283e-02,49.00000,30.00000,585
15,17,5.281083e-02,36.00000,36.00000,752
15,18,5.291221e-02,37.00000,36.00000,642
15,19,5.610784e-02,52.00000,30.00000,691
15,20,5.678967e-02,49.00000,30.00000,640
15,21,5.596787e-02,45.00000,36.00000,659
15,22,5.785763e-02,41.00000,35.00000,735
15,23,5.186169e-02,53.00000,30.00000,658
15,24,5.274222e-02,53.00000,30.00000,666
15,25,5.631842e-02,53.00000,30.00000,699
15,26,5.272668e-02,40.00000,36.00000,743
15,27,5.200157e-02,48.00000,35.00000,607
15,28,5.468214e-02,36.00000,36.00000,779
15,29,5.287962e-02,49.00000,30.00000,695
15,30,5.440853e-02,52.00000,30.00000,1129
15,31,5.374164e-02,43.00000,35.00000,722
15,32,5.158032e-02,40.00000,36.00000,627
15,33,5.713425e-02,35.00000,36.00000,630
15,34,5.274721e-02,57.00000,30.00000,698
15,35,5.209173e-02,49.00000,35.00000,654
15,36,5.075306e-02,49.00000,30.00000,681
15,37,5.794287e-02,49.00000,30.00000,656
15,38,6.006655e-02,53.00000,30.00000,698
15,39,5.835817e-02,30.00000,36.00000,660
15,40,5.427772e-02,47.00000,35.00000,3462
15,41,5.531178e-02,48.00000,35.00000,695
15,42,5.430897e-02,42.00000,35.00000,679
15,43,5.214569e-02,56.00000,30.00000,667
15,44,5.506766e-02,45.00000,35.00000,694
15,45,5.746388e-02,44.00000,35.00000,665
15,46,5.975618e-02,41.00000,35.00000,605
15,47,6.017020e-02,25.00000,36.00000,646
15,48,5.983593e-02,43.00000,35.00000,693
15,49,5.473491e-02,46.00000,35.00000,619
15,50,5.988743e-02,52.00000,30.00000,3338
15,51,5.236251e-02,54.00000,30.00000,742
15,52,5.697337e-02,37.00000,36.00000,642
15,53,5.896467e-02,36.00000,36.00000,707
15,54,5.147404e-02,55.00000,30.00000,690
15,55,5.425169e-02,48.00000,35.00000,658
15,56,5.392395e-02,53.00000,30.00000,661
15,57,5.700191e-02,41.00000,36.00000,664
15,58,5.640653e-02,53.00000,30.00000,685
15,59,6.019032e-02,44.00000,35.00000,629
15,60,5.955161e-02,46.00000,35.00000,1086
15,61,5.433603e-02,42.00000,35.00000,626
15,62,6.029515e-02,45.00000,35.00000,568
15,63,6.019554e-02,30.00000,36.00000,571
15,64,5.590498e-02,54.00000,30.00000,605
15,65,5.707637e-02,35.00000,40.00000,591
15,66,6.315371e-02,38.00000,36.00000,561
15,67,5.742926e-02,45.00000,35.00000,578
15,68,6.191618e-02,45.00000,35.00000,568
15,69,5.817826e-02,46.00000,35.00000,587
15,70,5.897969e-02,47.00000,35.00000,581
15,71,5.656198e-02,44.00000,35.00000,580
16,0,5.483817e-02,54.00000,30.00000,708
16,1,5.611224e-02,37.00000,36.00000,667
16,2,5.983027e-02,35.00000,36.00000,751
16,3,5.895359e-02,54.00000,30.00000,673
16,4,6.052478e-02,47.00000,35.00000,624
16,5,6.188096e-02,57.00000,30.00000,753
16,6,5.573682e-02,49.00000,30.00000,679
16,7,6.058878e-02,41.00000,36.00000,591
16,8,5.872430e-02,45.00000,35.00000,771
16,9,5.179529e-02,57.00000,30.00000,678
16,10,6.010276e-02,30.00000,36.00000,1989
16,11,5.876158e-02,58.00000,30.00000,701
16,12,5.858180e-02,40.00000,35.00000,675
16,13,5.479484e-02,54.00000,30.00000,685
16,14,5.716626e-02,38.00000,40.00000,720
16,15,6.000405e-02,49.00000,30.00000,671
16,16,5.325690e-02,49.00000,30.00000,722
16,17,5.889094e-02,35.00000,40.00000,769
16,18,5.464999e-02,55.00000,30.00000,686
16,19,5.491104e-02,54.00000,30.00000,727
16,20,5.587074e-02,43.00000,35.00000,2128
16,21,5.642280e-02,57.00000,30.00000,1807
16,22,5.576632e-02,49.00000,30.00000,686
16,23,5.617218e-02,49.00000,30.00000,671
16,24,5.605639e-02,42.00000,35.00000,643
16,25,5.384088e-02,53.00000,30.00000,686
16,26,5.895385e-02,40.00000,35.00000,775
16,27,5.646234e-02,55.00000,30.00000,679
16,28,5.435712e-02,58.00000,30.00000,672
16,29,5.295794e-02,57.00000,30.00000,731
16,30,6.003754e-02,50.00000,35.00000,5377
16,31,6.183673e-02,47.00000,36.00000,1344
16,32,6.420389e-02,36.00000,40.00000,653
16,33,6.031069e-02,53.00000,30.00000,635
16,34,5.755472e-02,56.00000,30.00000,774
16,35,6.125795e-02,47.00000,35.00000,641
16,36,5.611204e-02,52.00000,30.00000,682
16,37,5.664408e-02,56.00000,30.00000,661
16,38,5.784041e-02,46.00000,35.00000,728
16,39,5.880861e-02,43.00000,36.00000,721
16,40,6.578207e-02,42.00000,36.00000,6354
16,41,6.181797e-02,54.00000,30.00000,616
16,42,6.158107e-02,54.00000,30.00000,658
16,43,6.167012e-02,57.00000,30.00000,700
16,44,6.547101e-02,49.00000,35.00000,636
16,45,6.559088e-02,30.00000,36.00000,759
16,46,6.059227e-02,43.00000,35.00000,681
16,47,6.223287e-02,37.00000,36.00000,683
16,48,6.536053e-02,38.00000,40.00000,661
16,49,6.380402e-02,36.00000,36.00000,640
16,50,5.565254e-02,53.00000,30.00000,7850
16,51,5.896897e-02,46.00000,36.00000,696
16,52,5.917608e-02,54.00000,30.00000,677
16,53,5.779466e-02,49.00000,30.00000,720
16,54,5.789053e-02,49.00000,30.00000,602
16,55,5.366085e-02,55.00000,30.00000,733
16,56,5.708541e-02,48.00000,35.00000,669
16,57,5.679645e-02,53.00000,30.00000,623
16,58,6.102756e-02,45.00000,35.00000,626
16,59,5.558570e-02,49.00000,30.00000,656
16,60,5.644698e-02,52.00000,30.00000,3606
16,61,5.930336e-02,49.00000,30.00000,621
16,62,5.765040e-02,37.00000,35.00000,627
16,63,5.343882e-02,59.00000,30.00000,636
16,64,6.094522e-02,53.00000,30.00000,607
16,65,6.014705e-02,57.00000,30.00000,627
16,66,5.904480e-02,49.00000,30.00000,599
16,67,7.130369e-02,49.00000,30.00000,584
16,68,6.185119e-02,31.00000,36.00000,612
16,69,6.471900e-02,32.00000,36.00000,580
16,70,6.249581e-02,46.00000,36.00000,604
16,71,6.132717e-02,45.00000,35.00000,598
17,0,5.872805e-02,45.00000,35.00000,2903
17,1,5.760408e-02,55.00000,30.00000,718
17,2,5.671566e-02,53.00000,30.00000,711
17,3,6.259543e-02,38.00000,36.00000,733
17,4,5.896934e-02,54.00000,30.00000,687
17,5,6.453412e-02,30.00000,36.00000,747
17,6,6.419965e-02,40.00000,35.00000,692
17,7,6.133404e-02,53.00000,30.00000,697
17,8,6.245431e-02,48.00000,35.00000,689
17,9,5.794499e-02,58.00000,30.00000,687
17,10,6.572720e-02,30.00000,36.00000,2424
17,11,5.795971e-02,52.00000,30.00000,752
17,12,5.993760e-02,42.00000,35.00000,674
17,13,5.634771e-02,52.00000,30.00000,756
17,14,6.111012e-02,49.00000,30.00000,737
17,15,6.223856e-02,53.00000,30.00000,679
17,16,6.021488e-02,57.00000,30.00000,681
17,17,6.467211e-02,41.00000,35.00000,718
17,18,5.888456e-02,42.00000,35.00000,710
17,19,5.757773e-02,57.00000,30.00000,775
17,20,7.167640e-02,42.00000,36.00000,4307
17,21,6.604660e-02,37.00000,36.00000,695
17,22,6.495278e-02,43.00000,36.00000,651
17,23,6.723362e-02,42.00000,36.00000,706
17,24,6.214231e-02,45.00000,35.00000,685
17,25,6.927744e-02,37.00000,36.00000,669
17,26,6.300899e-02,48.00000,35.00000,637
17,27,6.523497e-02,49.00000,30.00000,667
17,28,7.063935e-02,25.00000,36.00000,755
17,29,6.652915e-02,48.00000,35.00000,723
17,30,6.466886e-02,37.00000,36.00000,6306
17,31,6.105527e-02,53.00000,30.00000,653
17,32,5.933671e-02,49.00000,30.00000,651
17,33,6.688270e-02,40.00000,35.00000,601
17,34,6.340011e-02,40.00000,36.00000,712
17,35,6.844380e-02,54.00000,30.00000,697
17,36,6.127318e-02,49.00000,30.00000,717
17,37,6.145661e-02,49.00000,30.00000,781
17,38,6.334617e-02,45.00000,35.00000,622
17,39,6.169054e-02,52.00000,30.00000,766
17,40,6.484084e-02,36.00000,36.00000,10756
17,41,6.588186e-02,50.00000,35.00000,623
17,42,6.111189e-02,46.00000,35.00000,663
17,43,6.109551e-02,53.00000,30.00000,736
17,44,6.064013e-02,53.00000,30.00000,626
17,45,6.393417e-02,51.00000,35.00000,738
17,46,6.912064e-02,38.00000,35.00000,615
17,47,6.540921e-02,55.00000,30.00000,701
17,48,6.722359e-02,41.00000,36.00000,681
17,49,6.083713e-02,45.00000,35.00000,815
17,50,6.272400e-02,42.00000,35.00000,8266
17,51,6.529500e-02,49.00000,30.00000,649
17,52,6.142835e-02,49.00000,30.00000,754
17,53,6.336534e-02,55.00000,30.00000,690
17,54,6.204531e-02,49.00000,35.00000,654
17,55,6.708262e-02,36.00000,35.00000,708
17,56,6.371457e-02,42.00000,35.00000,621
17,57,6.225657e-02,46.00000,35.00000,701
17,58,6.426464e-02,44.00000,36.00000,650
17,59,6.292076e-02,55.00000,30.00000,628
17,60,7.065994e-02,37.00000,35.00000,2932
17,61,6.693485e-02,35.00000,36.00000,590
17,62,6.805789e-02,49.00000,30.00000,586
17,63,6.148978e-02,48.00000,35.00000,613
17,64,6.521790e-02,48.00000,35.00000,614
17,65,6.268664e-02,51.00000,30.00000,597
17,66,6.705607e-02,49.00000,30.00000,586
17,67,6.053934e-02,51.00000,30.00000,617
17,68,6.051601e-02,54.00000,30.00000,604
17,69,6.897966e-02,46.00000,35.00000,587
17,70,7.116983e-02,35.00000,36.00000,602
17,71,7.202539e-02,35.00000,36.00000,593
18,0,6.626751e-02,46.00000,35.00000,4968
18,1,6.413820e-02,49.00000,30.00000,747
18,2,7.387938e-02,40.00000,36.00000,652
18,3,6.640679e-02,43.00000,36.00000,824
18,4,6.529889e-02,35.00000,36.00000,811
18,5,6.761962e-02,51.00000,30.00000,678
18,6,6.774938e-02,45.00000,35.00000,632
18,7,6.295837e-02,49.00000,30.00000,724
18,8,6.488444e-02,51.00000,30.00000,790
18,9,6.362549e-02,54.00000,30.00000,648
18,10,6.195770e-02,49.00000,30.00000,1307
18,11,6.300663e-02,51.00000,35.00000,10987
18,12,6.147024e-02,55.00000,30.00000,755
18,13,6.964459e-02,49.00000,30.00000,623
18,14,6.656992e-02,31.00000,36.00000,697
18,15,6.186486e-02,54.00000,30.00000,687
18,16,6.279521e-02,57.00000,30.00000,689
18,17,6.381215e-02,53.00000,30.00000,762
18,18,6.348296e-02,42.00000,35.00000,682
18,19,6.163322e-02,59.00000,30.00000,740
18,20,6.376931e-02,54.00000,30.00000,705
18,21,6.674477e-02,38.00000,36.00000,9631
18,22,6.653529e-02,43.00000,35.00000,731
18,23,6.566838e-02,49.00000,30.00000,618
18,24,7.202283e-02,44.00000,35.00000,619
18,25,6.722786e-02,39.00000,40.00000,702
18,26,6.696080e-02,49.00000,30.00000,635
18,27,6.347526e-02,39.00000,36.00000,713
18,28,6.459658e-02,49.00000,35.00000,676
18,29,7.491621e-02,53.00000,30.00000,742
18,30,7.181407e-02,43.00000,35.00000,673
18,31,6.949704e-02,38.00000,36.00000,11850
18,32,6.865871e-02,42.00000,35.00000,650
18,33,6.835879e-02,45.00000,35.00000,756
18,34,6.522082e-02,49.00000,30.00000,653
18,35,6.497579e-02,52.00000,30.00000,614
18,36,6.903791e-02,40.00000,35.00000,664
18,37,6.840074e-02,49.00000,30.00000,716
18,38,7.190435e-02,37.00000,40.00000,681
18,39,6.650294e-02,39.00000,35.00000,714
18,40,6.767775e-02,49.00000,30.00000,722
18,41,6.862067e-02,46.00000,35.00000,11954
18,42,7.015985e-02,54.00000,30.00000,670
18,43,7.011554e-02,53.00000,30.00000,645
18,44,7.543904e-02,44.00000,35.00000,627
18,45,7.335643e-02,43.00000,36.00000,653
18,46,7.029746e-02,45.00000,36.00000,673
18,47,7.441825e-02,44.00000,35.00000,622
18,48,7.411162e-02,42.00000,36.00000,651
18,49,7.039714e-02,39.00000,36.00000,621
18,50,6.950788e-02,46.00000,35.00000,696
18,51,7.191839e-02,43.00000,36.00000,8222
18,52,6.931514e-02,46.00000,35.00000,800
18,53,7.097051e-02,45.00000,35.00000,650
18,54,6.994371e-02,45.00000,35.00000,688
18,55,6.627379e-02,48.00000,35.00000,619
18,56,7.663307e-02,31.00000,36.00000,616
18,57,7.827063e-02,30.00000,36.00000,562
18,58,6.892799e-02,53.00000,30.00000,607
18,59,6.907733e-02,46.00000,35.00000,600
18,60,7.196595e-02,37.00000,35.00000,623
18,61,6.826007e-02,57.00000,30.00000,2374
18,62,6.928809e-02,31.00000,36.00000,642
18,63,6.875836e-02,45.00000,35.00000,579
18,64,6.828661e-02,41.00000,35.00000,600
18,65,6.779055e-02,55.00000,30.00000,616
18,66,6.325120e-02,54.00000,30.00000,617
18,67,6.987451e-02,40.00000,35.00000,615
18,68,6.790396e-02,47.00000,35.00000,585
18,69,6.837592e-02,55.00000,30.00000,616
18,70,6.396890e-02,59.00000,30.00000,637
18,71,7.048284e-02,48.00000,35.00000,605
19,0,6.705315e-02,46.00000,36.00000,6349
19,1,7.502040e-02,49.00000,30.00000,661
19,2,7.014874e-02,55.00000,30.00000,710
19,3,6.955127e-02,40.00000,36.00000,599
19,4,7.053874e-02,38.00000,35.00000,707
19,5,7.179564e-02,43.00000,35.00000,597
19,6,7.112994e-02,39.00000,36.00000,763
19,7,7.085338e-02,47.00000,35.00000,708
19,8,7.516696e-02,44.00000,35.00000,735
19,9,6.955651e-02,49.00000,30.00000,618
19,10,7.152591e-02,54.00000,30.00000,5874
19,11,6.657992e-02,56.00000,30.00000,735
19,12,7.056946e-02,46.00000,35.00000,743
19,13,6.967619e-02,37.00000,36.00000,690
19,14,7.111460e-02,49.00000,30.00000,663
19,15,6.728580e-02,41.00000,36.00000,607
19,16,7.309886e-02,49.00000,35.00000,744
19,17,6.992408e-02,48.00000,35.00000,695
19,18,8.260160e-02,25.00000,36.00000,649
19,19,6.813552e-02,49.00000,30.00000,682
19,20,6.909496e-02,42.00000,35.00000,11261
19,21,7.110993e-02,55.00000,30.00000,759
19,22,7.235924e-02,43.00000,35.00000,661
19,23,6.908555e-02,43.00000,35.00000,671
19,24,7.031986e-02,55.00000,30.00000,745
19,25,6.743422e-02,43.00000,35.00000,644
19,26,6.820735e-02,49.00000,30.00000,708
19,27,7.223196e-02,37.00000,35.00000,699
19,28,7.008129e-02,49.00000,35.00000,643
19,29,6.772976e-02,55.00000,30.00000,679
19,30,6.761731e-02,48.00000,35.00000,8488
19,31,6.959494e-02,49.00000,30.00000,5409
19,32,7.658461e-02,41.00000,36.00000,570
19,33,7.190533e-02,37.00000,35.00000,730
19,34,7.437898e-02,56.00000,30.00000,644
19,35,6.800682e-02,57.00000,30.00000,683
19,36,7.375153e-02,47.00000,35.00000,653
19,37,7.193999e-02,44.00000,35.00000,676
19,38,7.155250e-02,39.00000,35.00000,667
19,39,6.947132e-02,47.00000,35.00000,678
19,40,6.628219e-02,57.00000,30.00000,4474
19,41,6.768445e-02,54.00000,30.00000,5100
19,42,6.751949e-02,45.00000,35.00000,648
19,43,6.873227e-02,48.00000,35.00000,715
19,44,6.747694e-02,51.00000,30.00000,692
19,45,6.885460e-02,57.00000,30.00000,715
19,46,6.743902e-02,49.00000,30.00000,680
19,47,6.876877e-02,49.00000,36.00000,733
19,48,7.072210e-02,55.00000,30.00000,662
19,49,6.951568e-02,51.00000,30.00000,769
19,50,7.320078e-02,49.00000,30.00000,4332
19,51,7.059248e-02,40.00000,36.00000,7859
19,52,7.388318e-02,48.00000,35.00000,667
19,53,7.024851e-02,42.00000,36.00000,661
19,54,7.299022e-02,45.00000,35.00000,670
19,55,6.876460e-02,48.00000,35.00000,738
19,56,7.701281e-02,38.00000,35.00000,589
19,57,7.426340e-02,43.00000,35.00000,636
19,58,6.701796e-02,57.00000,30.00000,662
19,59,7.335755e-02,40.00000,35.00000,625
19,60,7.640008e-02,45.00000,35.00000,626
19,61,7.761093e-02,40.00000,36.00000,2638
19,62,7.928631e-02,42.00000,36.00000,561
19,63,6.760421e-02,55.00000,30.00000,615
19,64,7.599642e-02,43.00000,35.00000,562
19,65,7.554708e-02,36.00000,36.00000,581
19,66,7.053803e-02,52.00000,30.00000,603
19,67,7.676958e-02,41.00000,36.00000,562
19,68,7.561588e-02,36.00000,35.00000,607
19,69,7.596094e-02,46.00000,35.00000,586
19,70,7.585661e-02,44.00000,35.00000,577
19,71,7.624371e-02,40.00000,35.00000,568
20,0,7.395628e-02,53.00000,30.00000,3908
20,1,7.250880e-02,49.00000,30.00000,792
20,2,7.384197e-02,40.00000,36.00000,641
20,3,6.617667e-02,56.00000,30.00000,713
20,4,6.973850e-02,46.00000,35.00000,626
20,5,6.963404e-02,55.00000,30.00000,725
20,6,7.078480e-02,50.00000,35.00000,731
20,7,6.702072e-02,55.00000,30.00000,709
20,8,7.117236e-02,52.00000,35.00000,642
20,9,7.392518e-02,43.00000,35.00000,782
20,10,7.521789e-02,47.00000,35.00000,7999
20,11,6.917621e-02,54.00000,30.00000,966
20,12,7.349898e-02,43.00000,36.00000,738
20,13,7.417724e-02,47.00000,35.00000,774
20,14,7.034305e-02,49.00000,30.00000,742
20,15,7.073007e-02,47.00000,35.00000,648
20,16,7.227437e-02,52.00000,30.00000,728
20,17,7.096355e-02,57.00000,30.00000,729
20,18,7.140930e-02,47.00000,35.00000,634
20,19,6.931092e-02,48.00000,35.00000,726
20,20,7.140215e-02,58.00000,30.00000,7770
20,21,7.867037e-02,41.00000,35.00000,3686
20,22,7.675910e-02,45.00000,35.00000,2790
20,23,7.515000e-02,48.00000,35.00000,706
20,24,7.392641e-02,44.00000,35.00000,644
20,25,7.538977e-02,37.00000,36.00000,661
20,26,7.901055e-02,46.00000,35.00000,662
20,27,7.787320e-02,36.00000,36.00000,708
20,28,7.078169e-02,54.00000,30.00000,719
20,29,7.400803e-02,45.00000,35.00000,717
20,30,7.115997e-02,59.00000,30.00000,6553
20,31,7.377418e-02,45.00000,35.00000,3392
20,32,7.389520e-02,49.00000,30.00000,1659
20,33,7.882237e-02,40.00000,35.00000,707
20,34,7.548688e-02,54.00000,30.00000,1145
20,35,7.944688e-02,44.00000,35.00000,668
20,36,7.720856e-02,36.00000,35.00000,735
20,37,7.342640e-02,43.00000,35.00000,739
20,38,7.574090e-02,41.00000,35.00000,690
20,39,7.469275e-02,31.00000,36.00000,725
20,40,8.209785e-02,35.00000,36.00000,3934
20,41,8.312912e-02,25.00000,36.00000,8425
20,42,7.740124e-02,31.00000,36.00000,699
20,43,7.711741e-02,39.00000,35.00000,606
20,44,7.606222e-02,32.00000,36.00000,699
20,45,8.059568e-02,38.00000,35.00000,583
20,46,7.266913e-02,55.00000,30.00000,697
20,47,7.485315e-02,53.00000,30.00000,608
20,48,7.969716e-02,36.00000,36.00000,653
20,49,7.749870e-02,38.00000,40.00000,684
20,50,7.709227e-02,40.00000,36.00000,752
20,51,7.858293e-02,45.00000,35.00000,9197
20,52,7.788795e-02,36.00000,36.00000,754
20,53,7.703988e-02,52.00000,30.00000,612
20,54,7.965107e-02,36.00000,35.00000,597
20,55,8.101334e-02,55.00000,30.00000,624
20,56,7.657796e-02,49.00000,30.00000,617
20,57,8.006164e-02,53.00000,30.00000,606
20,58,8.111165e-02,36.00000,36.00000,560
20,59,8.161815e-02,31.00000,36.00000,579
20,60,8.009330e-02,35.00000,36.00000,589
20,61,8.286720e-02,40.00000,35.00000,556
20,62,7.823160e-02,49.00000,30.00000,600
20,63,7.556252e-02,42.00000,35.00000,583
20,64,7.761186e-02,25.00000,36.00000,609
20,65,7.508747e-02,53.00000,30.00000,608
20,66,7.433186e-02,42.00000,35.00000,607
20,67,7.472230e-02,49.00000,35.00000,602
20,68,8.425298e-02,38.00000,35.00000,615
20,69,8.894843e-02,25.00000,36.00000,606
20,70,7.783346e-02,42.00000,35.00000,624
20,71,8.206324e-02,36.00000,36.00000,578
21,0,7.531711e-02,46.00000,35.00000,2954
21,1,7.987227e-02,46.00000,35.00000,868
21,2,7.542165e-02,42.00000,35.00000,717
21,3,7.929555e-02,43.00000,35.00000,1496
21,4,7.569808e-02,42.00000,40.00000,677
21,5,7.808612e-02,35.00000,36.00000,756
21,6,7.848787e-02,49.00000,30.00000,627
21,7,8.307084e-02,42.00000,35.00000,720
21,8,7.650933e-02,43.00000,36.00000,615
21,9,8.368453e-02,40.00000,35.00000,651
21,10,8.020329e-02,48.00000,35.00000,6560
21,11,8.269836e-02,41.00000,36.00000,1693
21,12,7.953467e-02,45.00000,35.00000,673
21,13,8.131340e-02,39.00000,36.00000,3234
21,14,8.320446e-02,45.00000,35.00000,717
21,15,8.106621e-02,43.00000,35.00000,619
21,16,7.955165e-02,41.00000,36.00000,684
21,17,8.041287e-02,40.00000,36.00000,661
21,18,7.744338e-02,41.00000,36.00000,668
21,19,7.911963e-02,49.00000,30.00000,758
21,20,8.540825e-02,35.00000,36.00000,7336
21,21,8.380781e-02,54.00000,30.00000,3742
21,22,8.472572e-02,31.00000,36.00000,682
21,23,7.770461e-02,42.00000,35.00000,1511
21,24,7.975326e-02,43.00000,35.00000,746
21,25,9.434290e-02,43.00000,35.00000,601
21,26,8.245727e-02,48.00000,35.00000,780
21,27,8.162147e-02,35.00000,36.00000,650
21,28,7.277827e-02,46.00000,35.00000,672
21,29,8.122700e-02,53.00000,30.00000,733
21,30,7.739222e-02,60.00000,30.00000,1004
21,31,7.712509e-02,49.00000,30.00000,8767
21,32,8.050767e-02,38.00000,36.00000,612
21,33,7.886679e-02,45.00000,35.00000,4279
21,34,8.434996e-02,33.00000,40.00000,696
21,35,7.738417e-02,35.00000,36.00000,732
21,36,7.457963e-02,53.00000,30.00000,678
21,37,8.241829e-02,46.00000,35.00000,643
21,38,7.219982e-02,54.00000,30.00000,706
21,39,8.139916e-02,37.00000,36.00000,681
21,40,8.457801e-02,33.00000,40.00000,723
21,41,9.064745e-02,37.00000,36.00000,7381
21,42,8.174935e-02,54.00000,30.00000,809
21,43,8.163699e-02,43.00000,35.00000,2288
21,44,7.897723e-02,46.00000,35.00000,608
21,45,8.259763e-02,38.00000,36.00000,683
21,46,8.365463e-02,53.00000,30.00000,678
21,47,7.741259e-02,49.00000,30.00000,624
21,48,7.997865e-02,47.00000,35.00000,1264
21,49,8.507808e-02,42.00000,35.00000,733
21,50,8.640671e-02,30.00000,36.00000,723
21,51,7.920353e-02,52.00000,30.00000,10469
21,52,8.316461e-02,31.00000,36.00000,652
21,53,7.575106e-02,44.00000,35.00000,729
21,54,7.794449e-02,47.00000,35.00000,599
21,55,7.533522e-02,48.00000,35.00000,645
21,56,7.680542e-02,48.00000,35.00000,655
21,57,7.653108e-02,53.00000,30.00000,620
21,58,7.924446e-02,49.00000,30.00000,595
21,59,7.885630e-02,42.00000,35.00000,593
21,60,7.908575e-02,38.00000,36.00000,593
21,61,7.835130e-02,54.00000,30.00000,621
21,62,7.983306e-02,40.00000,35.00000,607
21,63,9.104259e-02,31.00000,36.00000,539
21,64,7.759938e-02,49.00000,30.00000,597
21,65,7.820681e-02,54.00000,30.00000,609
21,66,8.054138e-02,36.00000,36.00000,600
21,67,8.318344e-02,43.00000,35.00000,594
21,68,7.675213e-02,57.00000,30.00000,626
21,69,8.105034e-02,45.00000,35.00000,597
21,70,7.459831e-02,55.00000,30.00000,617
21,71,8.030523e-02,45.00000,35.00000,612
22,0,7.703812e-02,58.00000,30.00000,3387
22,1,8.100069e-02,39.00000,36.00000,1178
22,2,8.198196e-02,49.00000,30.00000,722
22,3,7.903768e-02,41.00000,35.00000,667
22,4,8.445861e-02,45.00000,35.00000,672
22,5,8.344652e-02,45.00000,35.00000,697
22,6,8.061253e-02,47.00000,35.00000,694
22,7,7.895990e-02,53.00000,30.00000,733
22,8,8.461305e-02,41.00000,36.00000,643
22,9,8.125434e-02,36.00000,36.00000,676
22,10,8.457108e-02,40.00000,35.00000,7491
22,11,8.015240e-02,53.00000,30.00000,656
22,12,7.954364e-02,42.00000,36.00000,667
22,13,7.911550e-02,44.00000,35.00000,595
22,14,8.098904e-02,51.00000,35.00000,726
22,15,7.638982e-02,47.00000,35.00000,786
22,16,7.559860e-02,57.00000,30.00000,726
22,17,8.600146e-02,35.00000,36.00000,735
22,18,8.402339e-02,42.00000,35.00000,607
22,19,7.784007e-02,49.00000,30.00000,665
22,20,8.227265e-02,41.00000,36.00000,7366
22,21,8.071174e-02,49.00000,30.00000,633
22,22,7.681992e-02,43.00000,35.00000,704
22,23,8.571023e-02,33.00000,40.00000,710
22,24,7.775456e-02,48.00000,35.00000,776
22,25,7.739237e-02,49.00000,35.00000,665
22,26,7.957825e-02,49.00000,30.00000,716
22,27,8.291651e-02,49.00000,30.00000,603
22,28,7.860640e-02,54.00000,30.00000,682
22,29,8.003645e-02,42.00000,35.00000,675
22,30,8.178930e-02,43.00000,35.00000,10365
22,31,8.633356e-02,53.00000,30.00000,700
22,32,8.823101e-02,45.00000,35.00000,587
22,33,8.254011e-02,45.00000,35.00000,631
22,34,7.908952e-02,49.00000,30.00000,705
22,35,8.434932e-02,35.00000,36.00000,659
22,36,8.357227e-02,54.00000,30.00000,669
22,37,8.480971e-02,34.00000,40.00000,668
22,38,8.736738e-02,36.00000,36.00000,708
22,39,8.845215e-02,37.00000,36.00000,703
22,40,8.781569e-02,57.00000,30.00000,9923
22,41,7.799019e-02,47.00000,35.00000,2374
22,42,8.210243e-02,49.00000,35.00000,685
22,43,8.384214e-02,43.00000,36.00000,643
22,44,8.146264e-02,43.00000,35.00000,607
22,45,7.907484e-02,54.00000,30.00000,714
22,46,8.244953e-02,57.00000,30.00000,670
22,47,8.283566e-02,40.00000,35.00000,630
22,48,8.553319e-02,37.00000,35.00000,749
22,49,8.368215e-02,42.00000,35.00000,660
22,50,7.913911e-02,58.00000,30.00000,9137
22,51,8.566354e-02,35.00000,36.00000,2625
22,52,7.992586e-02,49.00000,30.00000,654
22,53,8.548363e-02,39.00000,35.00000,622
22,54,8.111371e-02,46.00000,35.00000,659
22,55,8.296454e-02,44.00000,35.00000,580
22,56,7.990359e-02,57.00000,30.00000,627
22,57,8.011046e-02,53.00000,30.00000,605
22,58,8.416566e-02,48.00000,35.00000,627
22,59,8.484237e-02,37.00000,36.00000,604
22,60,8.368830e-02,54.00000,30.00000,654
22,61,8.360958e-02,49.00000,35.00000,704
22,62,8.907940e-02,43.00000,35.00000,572
22,63,8.201590e-02,51.00000,30.00000,606
22,64,8.194289e-02,49.00000,30.00000,625
22,65,8.209537e-02,49.00000,30.00000,613
22,66,8.976530e-02,43.00000,36.00000,576
22,67,8.235706e-02,41.00000,35.00000,605
22,68,9.082533e-02,31.00000,36.00000,585
22,69,7.987118e-02,52.00000,30.00000,614
22,70,8.497684e-02,47.00000,36.00000,593
22,71,9.133549e-02,46.00000,36.00000,580
23,0,8.427192e-02,55.00000,30.00000,9054
23,1,8.264931e-02,48.00000,35.00000,761
23,2,8.692025e-02,33.00000,40.00000,670
23,3,8.914411e-02,46.00000,35.00000,2653
23,4,8.439931e-02,49.00000,30.00000,745
23,5,8.385394e-02,40.00000,36.00000,756
23,6,8.374524e-02,42.00000,36.00000,596
23,7,8.037463e-02,44.00000,35.00000,784
23,8,8.609814e-02,43.00000,35.00000,629
23,9,8.004502e-02,54.00000,30.00000,619
23,10,8.664255e-02,45.00000,35.00000,8125
23,11,8.351643e-02,50.00000,35.00000,883
23,12,8.830582e-02,30.00000,36.00000,721
23,13,8.941217e-02,37.00000,35.00000,628
23,14,8.846241e-02,38.00000,35.00000,709
23,15,7.926846e-02,57.00000,30.00000,730
23,16,8.474674e-02,40.00000,35.00000,772
23,17,8.924408e-02,39.00000,35.00000,791
23,18,8.830464e-02,36.00000,36.00000,654
23,19,8.145913e-02,57.00000,30.00000,688
23,20,8.667390e-02,41.00000,36.00000,9392
23,21,9.089872e-02,37.00000,36.00000,3243
23,22,8.922335e-02,38.00000,36.00000,677
23,23,9.064443e-02,31.00000,36.00000,611
23,24,8.096632e-02,49.00000,35.00000,704
23,25,8.654972e-02,47.00000,35.00000,642
23,26,9.755336e-02,30.00000,36.00000,684
23,27,7.863761e-02,54.00000,30.00000,694
23,28,8.546933e-02,53.00000,30.00000,665
23,29,8.291490e-02,55.00000,30.00000,724
23,30,8.694039e-02,38.00000,35.00000,8676
23,31,8.279117e-02,49.00000,30.00000,3311
23,32,7.763399e-02,52.00000,30.00000,668
23,33,8.486147e-02,48.00000,35.00000,665
23,34,8.505538e-02,54.00000,30.00000,621
23,35,8.141128e-02,49.00000,30.00000,669
23,36,8.344966e-02,43.00000,35.00000,681
23,37,7.968036e-02,54.00000,30.00000,660
23,38,8.259205e-02,53.00000,30.00000,647
23,39,8.145948e-02,49.00000,30.00000,767
23,40,8.639704e-02,40.00000,36.00000,5476
23,41,8.837479e-02,53.00000,30.00000,2696
23,42,8.888735e-02,48.00000,35.00000,676
23,43,8.481120e-02,49.00000,30.00000,682
23,44,8.681977e-02,45.00000,35.00000,653
23,45,8.760638e-02,44.00000,35.00000,632
23,46,8.526891e-02,43.00000,36.00000,737
23,47,8.089812e-02,53.00000,30.00000,650
23,48,8.754042e-02,48.00000,35.00000,643
23,49,8.432616e-02,49.00000,30.00000,742
23,50,8.340599e-02,46.00000,35.00000,6501
23,51,8.692003e-02,49.00000,30.00000,4386
23,52,9.215149e-02,30.00000,36.00000,671
23,53,8.229095e-02,53.00000,30.00000,710
23,54,9.213287e-02,31.00000,36.00000,612
23,55,8.374561e-02,53.00000,30.00000,611
23,56,9.123834e-02,36.00000,36.00000,668
23,57,8.751591e-02,45.00000,35.00000,630
23,58,8.844878e-02,45.00000,35.00000,634
23,59,8.726242e-02,57.00000,30.00000,688
23,60,8.761579e-02,35.00000,36.00000,616
23,61,8.767288e-02,49.00000,30.00000,2538
23,62,9.047152e-02,35.00000,36.00000,585
23,63,8.855703e-02,44.00000,35.00000,584
23,64,8.488427e-02,41.00000,35.00000,616
23,65,8.871149e-02,45.00000,35.00000,605
23,66,8.612883e-02,42.00000,35.00000,587
23,67,9.142267e-02,49.00000,30.00000,602
23,68,9.280762e-02,54.00000,30.00000,604
23,69,8.936293e-02,35.00000,36.00000,604
23,70,8.620591e-02,45.00000,35.00000,609
23,71,8.202204e-02,55.00000,30.00000,624
24,0,8.535690e-02,51.00000,35.00000,10906
24,1,8.555610e-02,39.00000,36.00000,1382
24,2,8.946779e-02,58.00000,30.00000,1415
24,3,8.264203e-02,46.00000,35.00000,667
24,4,8.238462e-02,49.00000,30.00000,629
24,5,8.381989e-02,54.00000,30.00000,729
24,6,8.385454e-02,42.00000,35.00000,667
24,7,8.521970e-02,54.00000,30.00000,688
24,8,8.990053e-02,48.00000,35.00000,703
24,9,8.418517e-02,49.00000,30.00000,699
24,10,8.080258e-02,54.00000,30.00000,10968
24,11,8.930473e-02,54.00000,30.00000,874
24,12,9.153212e-02,49.00000,30.00000,2450
24,13,8.328884e-02,49.00000,30.00000,657
24,14,8.971412e-02,43.00000,35.00000,588
24,15,8.706364e-02,53.00000,30.00000,722
24,16,8.599790e-02,49.00000,30.00000,749
24,17,9.254329e-02,40.00000,36.00000,629
24,18,9.051935e-02,25.00000,36.00000,717
24,19,9.088018e-02,37.00000,36.00000,664
24,20,8.842681e-02,45.00000,35.00000,8307
24,21,8.487478e-02,48.00000,35.00000,607
24,22,9.631076e-02,38.00000,40.00000,4137
24,23,9.311213e-02,43.00000,35.00000,594
24,24,9.048902e-02,57.00000,30.00000,664
24,25,8.802319e-02,42.00000,35.00000,662
24,26,9.329238e-02,37.00000,36.00000,588
24,27,8.752977e-02,54.00000,30.00000,649
24,28,9.304586e-02,43.00000,36.00000,722
24,29,8.898728e-02,44.00000,35.00000,675
24,30,8.903420e-02,48.00000,35.00000,8013
24,31,9.157823e-02,49.00000,35.00000,610
24,32,9.366261e-02,43.00000,35.00000,3794
24,33,9.194452e-02,25.00000,36.00000,607
24,34,9.030184e-02,43.00000,35.00000,582
24,35,8.733343e-02,52.00000,30.00000,650
24,36,8.619063e-02,45.00000,35.00000,639
24,37,9.030623e-02,49.00000,30.00000,674
24,38,8.454463e-02,49.00000,30.00000,652
24,39,8.553998e-02,54.00000,30.00000,680
24,40,8.444187e-02,41.00000,40.00000,5902
24,41,8.799257e-02,46.00000,35.00000,693
24,42,8.575061e-02,54.00000,30.00000,3730
24,43,8.711804e-02,35.00000,36.00000,657
24,44,8.862571e-02,55.00000,30.00000,670
24,45,9.281138e-02,55.00000,30.00000,675
24,46,8.527640e-02,50.00000,30.00000,632
24,47,8.610100e-02,53.00000,30.00000,649
24,48,8.880827e-02,43.00000,35.00000,646
24,49,8.457699e-02,49.00000,30.00000,660
24,50,9.082258e-02,45.00000,35.00000,8259
24,51,9.252199e-02,42.00000,35.00000,674
24,52,9.213144e-02,47.00000,35.00000,2538
24,53,9.406823e-02,35.00000,36.00000,590
24,54,9.479290e-02,31.00000,36.00000,624
24,55,8.569416e-02,46.00000,35.00000,670
24,56,8.928636e-02,42.00000,35.00000,604
24,57,8.739727e-02,52.00000,30.00000,602
24,58,8.367844e-02,47.00000,35.00000,624
24,59,8.686993e-02,47.00000,35.00000,625
24,60,8.854342e-02,56.00000,30.00000,1817
24,61,8.537470e-02,52.00000,30.00000,624
24,62,9.364249e-02,53.00000,30.00000,606
24,63,8.588301e-02,53.00000,30.00000,607
24,64,8.811299e-02,48.00000,35.00000,594
24,65,9.177221e-02,42.00000,36.00000,578
24,66,9.773733e-02,25.00000,36.00000,604
24,67,9.499779e-02,51.00000,30.00000,596
24,68,8.979295e-02,53.00000,30.00000,606
24,69,8.905118e-02,37.00000,36.00000,628
24,70,8.792499e-02,51.00000,35.00000,619
24,71,8.479349e-02,49.00000,30.00000,616
25,0,9.221240e-02,40.00000,35.00000,9913
25,1,1.001499e-01,25.00000,36.00000,1615
25,2,9.031326e-02,43.00000,36.00000,1972
25,3,9.146623e-02,41.00000,36.00000,660
25,4,9.353931e-02,45.00000,35.00000,593
25,5,9.437837e-02,43.00000,35.00000,655
25,6,9.126209e-02,46.00000,35.00000,655
25,7,9.659263e-02,44.00000,35.00000,727
25,8,8.692503e-02,53.00000,30.00000,700
25,9,9.091247e-02,49.00000,30.00000,741
25,10,8.977912e-02,38.00000,35.00000,10093
25,11,8.806179e-02,52.00000,30.00000,713
25,12,8.960901e-02,54.00000,30.00000,702
25,13,9.082454e-02,31.00000,36.00000,672
25,14,9.017611e-02,43.00000,35.00000,752
25,15,8.739353e-02,47.00000,35.00000,651
25,16,8.784106e-02,53.00000,30.00000,642
25,17,8.938635e-02,42.00000,36.00000,698
25,18,8.616436e-02,58.00000,30.00000,760
25,19,9.241724e-02,55.00000,30.00000,739
25,20,1.029060e-01,35.00000,36.00000,11243
25,21,9.535026e-02,41.00000,36.00000,613
25,22,9.246920e-02,38.00000,35.00000,963
25,23,8.764341e-02,54.00000,30.00000,661
25,24,9.699174e-02,43.00000,35.00000,573
25,25,8.908789e-02,55.00000,30.00000,702
25,26,9.385107e-02,48.00000,35.00000,655
25,27,8.507971e-02,49.00000,30.00000,725
25,28,8.785825e-02,43.00000,35.00000,696
25,29,9.447722e-02,37.00000,36.00000,664
25,30,8.996135e-02,47.00000,35.00000,10333
25,31,8.709434e-02,53.00000,30.00000,728
25,32,9.267301e-02,35.00000,36.00000,931
25,33,9.194155e-02,45.00000,35.00000,653
25,34,8.722488e-02,45.00000,35.00000,651
25,35,9.284645e-02,49.00000,30.00000,713
25,36,8.886287e-02,49.00000,30.00000,754
25,37,9.567280e-02,40.00000,36.00000,646
25,38,9.131697e-02,42.00000,35.00000,669
25,39,8.877234e-02,57.00000,30.00000,741
25,40,8.722395e-02,49.00000,30.00000,10725
25,41,9.771482e-02,43.00000,36.00000,591
25,42,8.506171e-02,56.00000,30.00000,700
25,43,9.322122e-02,49.00000,30.00000,673
25,44,8.678551e-02,46.00000,35.00000,770
25,45,9.545717e-02,41.00000,35.00000,613
25,46,9.316288e-02,49.00000,30.00000,636
25,47,9.845683e-02,30.00000,36.00000,652
25,48,8.671316e-02,53.00000,30.00000,711
25,49,9.107614e-02,46.00000,35.00000,699
25,50,8.676628e-02,53.00000,30.00000,11164
25,51,1.049330e-01,45.00000,35.00000,647
25,52,9.980755e-02,35.00000,36.00000,633
25,53,9.418801e-02,41.00000,35.00000,606
25,54,9.137160e-02,46.00000,35.00000,629
25,55,9.454373e-02,42.00000,35.00000,657
25,56,9.462088e-02,42.00000,35.00000,664
25,57,9.068102e-02,53.00000,30.00000,606
25,58,8.598088e-02,50.00000,35.00000,611
25,59,9.770748e-02,42.00000,35.00000,575
25,60,9.586149e-02,35.00000,36.00000,2793
25,61,9.030908e-02,40.00000,35.00000,614
25,62,9.311155e-02,47.00000,35.00000,601
25,63,8.980899e-02,42.00000,35.00000,592
25,64,9.203763e-02,48.00000,35.00000,595
25,65,9.655286e-02,38.00000,40.00000,576
25,66,8.979469e-02,48.00000,35.00000,603
25,67,9.157035e-02,57.00000,30.00000,626
25,68,9.789671e-02,40.00000,36.00000,582
25,69,9.018645e-02,49.00000,30.00000,590
25,70,9.415621e-02,55.00000,30.00000,616
25,71,1.004749e-01,38.00000,40.00000,554
26,0,9.687264e-02,31.00000,36.00000,5788
26,1,9.291969e-02,55.00000,30.00000,1345
26,2,9.698270e-02,48.00000,35.00000,660
26,3,9.131197e-02,41.00000,35.00000,675
26,4,9.029535e-02,47.00000,35.00000,741
26,5,8.653577e-02,57.00000,30.00000,767
26,6,9.591924e-02,38.00000,40.00000,627
26,7,8.749152e-02,50.00000,30.00000,760
26,8,9.321181e-02,57.00000,30.00000,687
26,9,8.873431e-02,49.00000,30.00000,644
26,10,9.658186e-02,36.00000,36.00000,4657
26,11,1.043726e-01,46.00000,35.00000,588
26,12,9.358687e-02,43.00000,35.00000,701
26,13,9.679039e-02,42.00000,35.00000,644
26,14,1.012579e-01,25.00000,36.00000,720
26,15,8.482124e-02,55.00000,30.00000,766
26,16,9.727365e-02,42.00000,36.00000,664
26,17,9.149186e-02,55.00000,30.00000,716
26,18,1.006989e-01,44.00000,35.00000,669
26,19,8.982047e-02,55.00000,30.00000,710
26,20,9.626280e-02,37.00000,35.00000,3306
26,21,9.987808e-02,30.00000,36.00000,2024
26,22,9.391049e-02,49.00000,30.00000,695
26,23,9.496518e-02,46.00000,35.00000,639
26,24,9.258982e-02,42.00000,35.00000,732
26,25,9.034582e-02,54.00000,30.00000,666
26,26,9.776443e-02,44.00000,35.00000,666
26,27,9.656683e-02,41.00000,36.00000,578
26,28,9.322791e-02,48.00000,35.00000,753
26,29,9.883490e-02,36.00000,35.00000,718
26,30,9.446950e-02,53.00000,30.00000,5931
26,31,9.285622e-02,55.00000,30.00000,2611
26,32,9.531733e-02,35.00000,36.00000,687
26,33,9.287235e-02,49.00000,30.00000,736
26,34,9.147694e-02,57.00000,30.00000,687
26,35,9.933956e-02,37.00000,36.00000,694
26,36,8.779643e-02,59.00000,30.00000,673
26,37,9.449469e-02,55.00000,30.00000,657
26,38,9.450793e-02,41.00000,35.00000,651
26,39,9.600064e-02,35.00000,36.00000,697
26,40,9.179968e-02,40.00000,40.00000,4337
26,41,9.704240e-02,35.00000,36.00000,2634
26,42,9.232217e-02,49.00000,30.00000,1446
26,43,9.165534e-02,55.00000,30.00000,700
26,44,8.836520e-02,52.00000,30.00000,750
26,45,9.254219e-02,49.00000,30.00000,690
26,46,9.381735e-02,50.00000,35.00000,766
26,47,8.889546e-02,55.00000,30.00000,677
26,48,9.108283e-02,56.00000,30.00000,749
26,49,1.019625e-01,53.00000,30.00000,635
26,50,9.131797e-02,49.00000,30.00000,6393
26,51,9.390239e-02,42.00000,35.00000,1371
26,52,9.871764e-02,35.00000,36.00000,1977
26,53,1.044538e-01,31.00000,36.00000,667
26,54,9.209311e-02,58.00000,30.00000,732
26,55,8.788468e-02,53.00000,30.00000,630
26,56,8.878949e-02,53.00000,30.00000,640
26,57,8.927634e-02,53.00000,30.00000,617
26,58,9.063610e-02,37.00000,36.00000,684
26,59,9.319749e-02,53.00000,30.00000,636
26,60,9.800421e-02,54.00000,30.00000,2620
26,61,9.895104e-02,49.00000,30.00000,612
26,62,1.091875e-01,39.00000,36.00000,709
26,63,1.076672e-01,36.00000,36.00000,637
26,64,1.014228e-01,41.00000,36.00000,597
26,65,1.039764e-01,37.00000,36.00000,582
26,66,1.095142e-01,39.00000,36.00000,553
26,67,1.057215e-01,58.00000,30.00000,620
26,68,9.783577e-02,41.00000,36.00000,620
26,69,1.069109e-01,35.00000,36.00000,569
26,70,9.502311e-02,49.00000,30.00000,616
26,71,9.308632e-02,49.00000,30.00000,620
27,0,9.752396e-02,47.00000,35.00000,9467
27,1,9.623147e-02,59.00000,30.00000,3314
27,2,9.452168e-02,49.00000,30.00000,742
27,3,1.009805e-01,42.00000,36.00000,606
27,4,9.561417e-02,49.00000,30.00000,710
27,5,9.466071e-02,49.00000,30.00000,700
27,6,9.831293e-02,44.00000,35.00000,676
27,7,9.602465e-02,48.00000,35.00000,803
27,8,9.591477e-02,54.00000,30.00000,684
27,9,9.325914e-02,56.00000,30.00000,684
27,10,9.929363e-02,30.00000,36.00000,9666
27,11,9.541072e-02,39.00000,35.00000,2346
27,12,9.971423e-02,41.00000,35.00000,568
27,13,9.473184e-02,45.00000,35.00000,701
27,14,9.862140e-02,40.00000,35.00000,666
27,15,1.012546e-01,56.00000,30.00000,639
27,16,9.586188e-02,46.00000,35.00000,663
27,17,9.924036e-02,43.00000,35.00000,688
27,18,9.797698e-02,42.00000,35.00000,683
27,19,9.387401e-02,53.00000,30.00000,666
27,20,9.638230e-02,51.00000,30.00000,8456
27,21,9.904248e-02,42.00000,35.00000,1703
27,22,1.040784e-01,42.00000,35.00000,2902
27,23,9.546743e-02,53.00000,30.00000,674
27,24,9.649205e-02,31.00000,36.00000,679
27,25,9.611447e-02,35.00000,36.00000,647
27,26,9.733897e-02,44.00000,35.00000,646
27,27,9.392334e-02,53.00000,30.00000,738
27,28,9.893019e-02,41.00000,35.00000,670
27,29,9.050120e-02,54.00000,30.00000,704
27,30,9.618517e-02,55.00000,30.00000,6765
27,31,1.012132e-01,41.00000,35.00000,2336
27,32,9.199817e-02,49.00000,30.00000,1679
27,33,9.630689e-02,57.00000,30.00000,676
27,34,1.082317e-01,25.00000,36.00000,687
27,35,9.615829e-02,43.00000,40.00000,688
27,36,1.067481e-01,40.00000,36.00000,574
27,37,9.816697e-02,55.00000,30.00000,667
27,38,9.325428e-02,44.00000,35.00000,712
27,39,1.018471e-01,41.00000,35.00000,657
27,40,9.505314e-02,40.00000,36.00000,8039
27,41,9.836414e-02,49.00000,30.00000,1986
27,42,9.026951e-02,57.00000,30.00000,1552
27,43,9.133206e-02,59.00000,30.00000,664
27,44,9.951931e-02,35.00000,36.00000,648
27,45,1.027057e-01,49.00000,30.00000,685
27,46,9.002532e-02,53.00000,30.00000,661
27,47,1.019428e-01,31.00000,36.00000,718
27,48,1.002469e-01,45.00000,35.00000,705
27,49,9.779698e-02,49.00000,30.00000,605
27,50,9.312023e-02,49.00000,35.00000,11013
27,51,9.616500e-02,39.00000,36.00000,677
27,52,9.538799e-02,57.00000,30.00000,1691
27,53,1.042033e-01,53.00000,30.00000,698
27,54,9.715175e-02,49.00000,30.00000,651
27,55,9.672324e-02,48.00000,35.00000,614
27,56,1.004303e-01,45.00000,35.00000,647
27,57,9.787433e-02,37.00000,36.00000,650
27,58,1.014860e-01,35.00000,36.00000,693
27,59,9.178251e-02,46.00000,35.00000,701
27,60,9.522842e-02,57.00000,30.00000,3504
27,61,9.886654e-02,54.00000,30.00000,604
27,62,1.047095e-01,33.00000,40.00000,991
27,63,1.006172e-01,42.00000,36.00000,606
27,64,9.775072e-02,54.00000,30.00000,611
27,65,9.301000e-02,52.00000,30.00000,598
27,66,9.934577e-02,43.00000,35.00000,608
27,67,9.900784e-02,49.00000,35.00000,592
27,68,1.000258e-01,43.00000,36.00000,593
27,69,1.028705e-01,42.00000,35.00000,607
27,70,9.453231e-02,47.00000,35.00000,604
27,71,9.748034e-02,46.00000,35.00000,597
28,0,9.795818e-02,39.00000,35.00000,8982
28,1,1.041663e-01,49.00000,30.00000,670
28,2,9.596592e-02,41.00000,36.00000,613
28,3,1.010603e-01,35.00000,36.00000,641
28,4,9.920770e-02,43.00000,35.00000,660
28,5,9.195883e-02,49.00000,30.00000,675
28,6,9.467044e-02,54.00000,30.00000,653
28,7,1.031082e-01,32.00000,40.00000,723
28,8,9.999878e-02,54.00000,30.00000,648
28,9,1.015180e-01,43.00000,35.00000,698
28,10,9.513170e-02,55.00000,30.00000,6531
28,11,9.237707e-02,49.00000,30.00000,643
28,12,9.880190e-02,51.00000,35.00000,616
28,13,9.266517e-02,46.00000,35.00000,735
28,14,9.878232e-02,41.00000,36.00000,603
28,15,9.912540e-02,49.00000,30.00000,650
28,16,9.581126e-02,49.00000,30.00000,697
28,17,9.904915e-02,44.00000,35.00000,636
28,18,9.836954e-02,41.00000,35.00000,628
28,19,9.717683e-02,46.00000,35.00000,758
28,20,9.627672e-02,42.00000,35.00000,10886
28,21,9.845921e-02,53.00000,30.00000,684
28,22,9.663828e-02,43.00000,35.00000,634
28,23,9.812535e-02,43.00000,35.00000,688
28,24,9.538174e-02,48.00000,35.00000,642
28,25,9.586889e-02,57.00000,30.00000,656
28,26,1.109347e-01,35.00000,36.00000,596
28,27,9.695894e-02,48.00000,35.00000,633
28,28,1.064818e-01,41.00000,35.00000,622
28,29,9.997490e-02,36.00000,36.00000,667
28,30,9.557151e-02,53.00000,30.00000,12317
28,31,1.015017e-01,42.00000,36.00000,722
28,32,1.041940e-01,30.00000,36.00000,672
28,33,9.505779e-02,53.00000,30.00000,672
28,34,1.015434e-01,49.00000,35.00000,630
28,35,9.642470e-02,55.00000,30.00000,660
28,36,1.018663e-01,46.00000,35.00000,678
28,37,9.401849e-02,53.00000,30.00000,638
28,38,9.513997e-02,55.00000,30.00000,766
28,39,1.084942e-01,31.00000,36.00000,650
28,40,9.738557e-02,53.00000,30.00000,9285
28,41,1.024218e-01,37.00000,36.00000,599
28,42,1.034978e-01,44.00000,35.00000,707
28,43,9.940688e-02,39.00000,35.00000,686
28,44,9.702466e-02,50.00000,35.00000,655
28,45,9.873786e-02,40.00000,36.00000,695
28,46,1.049514e-01,44.00000,35.00000,666
28,47,1.021527e-01,53.00000,30.00000,705
28,48,1.015494e-01,30.00000,36.00000,687
28,49,9.734326e-02,54.00000,30.00000,625
28,50,9.783994e-02,48.00000,35.00000,12319
28,51,9.198782e-02,49.00000,30.00000,644
28,52,9.405833e-02,49.00000,30.00000,622
28,53,9.353167e-02,43.00000,36.00000,657
28,54,9.647194e-02,56.00000,30.00000,616
28,55,9.685807e-02,49.00000,30.00000,599
28,56,9.418858e-02,54.00000,30.00000,644
28,57,9.538400e-02,54.00000,30.00000,609
28,58,9.452587e-02,55.00000,30.00000,616
28,59,9.782647e-02,46.00000,35.00000,611
28,60,9.510187e-02,53.00000,30.00000,625
28,61,9.172919e-02,52.00000,30.00000,629
28,62,9.547748e-02,42.00000,35.00000,617
28,63,9.617924e-02,48.00000,35.00000,597
28,64,9.938719e-02,41.00000,36.00000,620
28,65,9.774527e-02,49.00000,35.00000,613
28,66,9.832253e-02,51.00000,30.00000,599
28,67,9.813260e-02,58.00000,30.00000,621
28,68,9.711823e-02,48.00000,35.00000,595
28,69,1.021640e-01,36.00000,35.00000,589
28,70,1.032984e-01,37.00000,36.00000,561
28,71,9.591863e-02,43.00000,35.00000,602
29,0,1.036553e-01,49.00000,30.00000,11339
29,1,1.046726e-01,34.00000,36.00000,660
29,2,1.071499e-01,43.00000,35.00000,577
29,3,1.039546e-01,36.00000,36.00000,661
29,4,9.731007e-02,58.00000,30.00000,743
29,5,1.062457e-01,35.00000,36.00000,697
29,6,1.003684e-01,47.00000,35.00000,732
29,7,1.025312e-01,37.00000,36.00000,635
29,8,9.868750e-02,31.00000,36.00000,664
29,9,1.054663e-01,52.00000,30.00000,622
29,10,9.785141e-02,49.00000,30.00000,11326
29,11,9.903250e-02,42.00000,35.00000,716
29,12,9.977084e-02,49.00000,30.00000,1105
29,13,1.050510e-01,49.00000,35.00000,660
29,14,9.981122e-02,31.00000,36.00000,629
29,15,1.069880e-01,42.00000,35.00000,692
29,16,1.043351e-01,25.00000,36.00000,692
29,17,1.032693e-01,41.00000,36.00000,680
29,18,9.789636e-02,55.00000,30.00000,681
29,19,1.045962e-01,49.00000,30.00000,662
29,20,9.992453e-02,35.00000,36.00000,9918
29,21,1.049319e-01,38.00000,36.00000,2091
29,22,9.967228e-02,48.00000,35.00000,899
29,23,1.042856e-01,55.00000,30.00000,634
29,24,1.053943e-01,36.00000,36.00000,716
29,25,9.654470e-02,44.00000,36.00000,677
29,26,1.015758e-01,54.00000,30.00000,669
29,27,1.020927e-01,57.00000,30.00000,673
29,28,9.905377e-02,43.00000,36.00000,694
29,29,1.009431e-01,38.00000,40.00000,746
29,30,1.063144e-01,50.00000,35.00000,8469
29,31,9.894308e-02,55.00000,30.00000,5124
29,32,9.589338e-02,47.00000,35.00000,655
29,33,9.936260e-02,57.00000,30.00000,679
29,34,9.724635e-02,36.00000,36.00000,705
29,35,9.773310e-02,49.00000,30.00000,664
29,36,1.009046e-01,37.00000,36.00000,666
29,37,1.024604e-01,42.00000,36.00000,619
29,38,9.892935e-02,54.00000,30.00000,776
29,39,1.052431e-01,44.00000,35.00000,741
29,40,9.818146e-02,48.00000,35.00000,6921
29,41,1.008554e-01,43.00000,35.00000,4238
29,42,1.012439e-01,40.00000,35.00000,2159
29,43,1.094692e-01,37.00000,36.00000,682
29,44,1.005820e-01,42.00000,35.00000,656
29,45,9.777212e-02,57.00000,30.00000,714
29,46,1.037054e-01,39.00000,40.00000,680
29,47,9.898178e-02,59.00000,30.00000,701
29,48,9.625453e-02,55.00000,30.00000,697
29,49,9.579484e-02,48.00000,35.00000,773
29,50,1.000006e-01,43.00000,35.00000,5721
29,51,9.862968e-02,53.00000,30.00000,4875
29,52,1.066054e-01,31.00000,36.00000,2050
29,53,9.679966e-02,55.00000,30.00000,685
29,54,9.520018e-02,61.00000,30.00000,760
29,55,1.098022e-01,40.00000,36.00000,633
29,56,1.007694e-01,54.00000,30.00000,665
29,57,9.479921e-02,54.00000,30.00000,724
29,58,1.116460e-01,44.00000,35.00000,602
29,59,9.968572e-02,43.00000,36.00000,957
29,60,1.021108e-01,45.00000,35.00000,2180
29,61,1.066013e-01,30.00000,36.00000,1217
29,62,1.009668e-01,38.00000,36.00000,1249
29,63,1.059287e-01,38.00000,36.00000,561
29,64,1.033014e-01,49.00000,30.00000,591
29,65,1.017209e-01,49.00000,30.00000,594
29,66,1.018082e-01,41.00000,36.00000,603
29,67,1.041768e-01,49.00000,35.00000,617
29,68,1.001886e-01,49.00000,30.00000,607
29,69,9.829862e-02,58.00000,30.00000,622
29,70,9.601460e-02,47.00000,35.00000,616
29,71,1.111516e-01,43.00000,36.00000,574
30,0,1.028666e-01,46.00000,35.00000,11566
30,1,1.011285e-01,54.00000,30.00000,775
30,2,9.658324e-02,35.00000,36.00000,689
30,3,1.010772e-01,38.00000,35.00000,680
30,4,1.004503e-01,45.00000,36.00000,657
30,5,9.902461e-02,57.00000,30.00000,726
30,6,1.033938e-01,52.00000,30.00000,671
30,7,1.021952e-01,45.00000,35.00000,582
30,8,9.584976e-02,56.00000,30.00000,763
30,9,9.963803e-02,42.00000,35.00000,675
30,10,1.032011e-01,41.00000,36.00000,10318
30,11,1.010657e-01,46.00000,35.00000,706
30,12,1.005268e-01,46.00000,35.00000,655
30,13,9.801690e-02,45.00000,35.00000,1437
30,14,9.815171e-02,40.00000,35.00000,697
30,15,9.897272e-02,55.00000,30.00000,622
30,16,1.044796e-01,52.00000,30.00000,701
30,17,1.022694e-01,43.00000,35.00000,782
30,18,1.091369e-01,43.00000,35.00000,623
30,19,9.907930e-02,54.00000,30.00000,726
30,20,1.089485e-01,46.00000,35.00000,9448
30,21,1.052523e-01,37.00000,36.00000,651
30,22,1.034014e-01,36.00000,36.00000,688
30,23,9.932280e-02,46.00000,35.00000,2851
30,24,9.934536e-02,53.00000,30.00000,683
30,25,1.086906e-01,44.00000,35.00000,656
30,26,1.037442e-01,46.00000,35.00000,673
30,27,1.035288e-01,39.00000,36.00000,664
30,28,1.059625e-01,53.00000,30.00000,684
30,29,1.002902e-01,43.00000,36.00000,678
30,30,1.054858e-01,31.00000,36.00000,6821
30,31,9.878427e-02,57.00000,30.00000,853
30,32,9.606135e-02,47.00000,35.00000,683
30,33,1.012176e-01,43.00000,35.00000,3032
30,34,9.881938e-02,41.00000,35.00000,682
30,35,1.003712e-01,49.00000,30.00000,684
30,36,9.706520e-02,39.00000,35.00000,692
30,37,1.047374e-01,49.00000,30.00000,853
30,38,1.061045e-01,44.00000,35.00000,649
30,39,9.801108e-02,45.00000,35.00000,718
30,40,1.010493e-01,45.00000,35.00000,6223
30,41,9.878702e-02,58.00000,30.00000,1999
30,42,1.003924e-01,39.00000,40.00000,711
30,43,1.051381e-01,41.00000,35.00000,1772
30,44,9.828556e-02,57.00000,30.00000,1551
30,45,1.022559e-01,44.00000,35.00000,1604
30,46,1.038648e-01,40.00000,36.00000,662
30,47,1.030182e-01,48.00000,35.00000,645
30,48,1.026545e-01,46.00000,35.00000,776
30,49,1.034343e-01,37.00000,36.00000,659
30,50,1.024607e-01,53.00000,30.00000,7779
30,51,1.099937e-01,44.00000,35.00000,1100
30,52,1.022668e-01,40.00000,35.00000,620
30,53,1.072838e-01,49.00000,30.00000,616
30,54,1.000409e-01,56.00000,30.00000,3245
30,55,1.012462e-01,40.00000,36.00000,628
30,56,1.090112e-01,37.00000,36.00000,633
30,57,1.005226e-01,48.00000,35.00000,677
30,58,1.001746e-01,53.00000,30.00000,673
30,59,1.051245e-01,45.00000,36.00000,588
30,60,1.112392e-01,36.00000,36.00000,2834
30,61,1.030662e-01,40.00000,36.00000,637
30,62,9.977335e-02,54.00000,30.00000,606
30,63,1.037501e-01,53.00000,30.00000,609
30,64,1.049982e-01,54.00000,30.00000,606
30,65,1.030436e-01,30.00000,36.00000,610
30,66,1.026454e-01,45.00000,35.00000,608
30,67,1.023956e-01,46.00000,35.00000,590
30,68,1.040584e-01,41.00000,36.00000,611
30,69,1.085034e-01,47.00000,35.00000,582
30,70,1.040709e-01,31.00000,36.00000,603
30,71,9.942323e-02,49.00000,30.00000,591
31,0,1.003050e-01,42.00000,35.00000,714
31,1,9.810759e-02,49.00000,30.00000,737
31,2,9.868810e-02,53.00000,30.00000,707
31,3,9.633410e-02,47.00000,35.00000,612
31,4,9.979953e-02,49.00000,30.00000,778
31,5,1.038465e-01,55.00000,30.00000,627
31,6,9.951374e-02,42.00000,35.00000,822
31,7,1.001353e-01,49.00000,30.00000,735
31,8,9.859788e-02,40.00000,35.00000,699
31,9,9.919118e-02,42.00000,35.00000,668
31,10,1.058932e-01,45.00000,35.00000,649
31,11,9.839735e-02,46.00000,35.00000,674
31,12,1.070270e-01,52.00000,35.00000,741
31,13,1.017147e-01,49.00000,30.00000,687
31,14,1.094786e-01,35.00000,36.00000,670
31,15,9.758303e-02,53.00000,30.00000,737
31,16,1.016229e-01,43.00000,36.00000,750
31,17,1.033034e-01,43.00000,35.00000,697
31,18,9.945837e-02,44.00000,35.00000,654
31,19,1.081081e-01,56.00000,30.00000,798
31,20,9.928898e-02,55.00000,30.00000,743
31,21,1.009106e-01,40.00000,36.00000,653
31,22,9.988528e-02,47.00000,35.00000,655
31,23,9.961420e-02,49.00000,30.00000,665
31,24,1.052822e-01,50.00000,35.00000,662
31,25,1.089772e-01,42.00000,35.00000,643
31,26,1.009376e-01,55.00000,30.00000,622
31,27,1.018030e-01,54.00000,30.00000,755
31,28,1.020819e-01,41.00000,36.00000,756
31,29,1.024217e-01,44.00000,35.00000,659
31,30,9.873177e-02,53.00000,30.00000,717
31,31,1.038134e-01,55.00000,30.00000,717
31,32,1.048157e-01,49.00000,30.00000,638
31,33,9.772927e-02,45.00000,35.00000,675
31,34,9.684835e-02,55.00000,30.00000,729
31,35,1.065951e-01,43.00000,35.00000,633
31,36,1.059272e-01,30.00000,36.00000,665
31,37,1.069894e-01,39.00000,36.00000,598
31,38,1.068194e-01,38.00000,35.00000,736
31,39,1.032892e-01,35.00000,36.00000,812
31,40,1.073215e-01,48.00000,35.00000,679
31,41,1.015312e-01,53.00000,30.00000,640
31,42,1.027957e-01,46.00000,35.00000,698
31,43,1.000681e-01,53.00000,30.00000,632
31,44,9.914595e-02,45.00000,35.00000,693
31,45,1.022386e-01,43.00000,36.00000,722
31,46,9.925662e-02,49.00000,30.00000,615
31,47,1.035855e-01,49.00000,30.00000,648
31,48,1.000632e-01,54.00000,30.00000,735
31,49,9.934299e-02,43.00000,36.00000,741
31,50,1.087076e-01,43.00000,36.00000,657
31,51,1.067584e-01,41.00000,35.00000,655
31,52,1.034499e-01,51.00000,30.00000,704
31,53,1.006014e-01,56.00000,30.00000,648
31,54,1.003265e-01,58.00000,30.00000,628
31,55,1.121360e-01,37.00000,36.00000,570
31,56,1.013637e-01,44.00000,35.00000,624
31,57,1.016303e-01,43.00000,36.00000,619
31,58,1.017352e-01,41.00000,36.00000,613
31,59,1.123153e-01,37.00000,35.00000,540
31,60,1.081767e-01,37.00000,36.00000,594
31,61,1.048591e-01,59.00000,30.00000,640
31,62,1.033813e-01,46.00000,36.00000,593
31,63,1.018565e-01,36.00000,35.00000,613
31,64,9.708033e-02,52.00000,30.00000,610
31,65,9.879415e-02,53.00000,30.00000,609
31,66,1.045396e-01,37.00000,36.00000,631
31,67,1.027077e-01,53.00000,30.00000,612
31,68,1.026300e-01,49.00000,30.00000,611
31,69,1.047000e-01,39.00000,40.00000,598
31,70,1.054580e-01,37.00000,36.00000,633
31,71,1.040004e-01,43.00000,35.00000,583
32,0,1.051115e-01,45.00000,35.00000,923
32,1,1.057554e-01,54.00000,30.00000,3328
32,2,9.679128e-02,56.00000,30.00000,640
32,3,1.055147e-01,34.00000,40.00000,684
32,4,1.040135e-01,44.00000,35.00000,592
32,5,1.026328e-01,43.00000,35.00000,757
32,6,1.002220e-01,52.00000,30.00000,747
32,7,1.057439e-01,43.00000,36.00000,665
32,8,1.143786e-01,30.00000,36.00000,655
32,9,1.105104e-01,49.00000,30.00000,686
32,10,1.027370e-01,42.00000,35.00000,781
32,11,9.694929e-02,55.00000,30.00000,4363
32,12,1.056284e-01,43.00000,36.00000,704
32,13,1.050286e-01,55.00000,30.00000,704
32,14,1.043550e-01,57.00000,30.00000,697
32,15,9.921745e-02,49.00000,35.00000,726
32,16,1.024784e-01,53.00000,30.00000,650
32,17,1.009768e-01,43.00000,35.00000,758
32,18,9.572181e-02,55.00000,30.00000,743
32,19,1.026626e-01,46.00000,36.00000,812
32,20,1.105652e-01,37.00000,36.00000,688
32,21,1.040331e-01,46.00000,35.00000,1394
32,22,1.098767e-01,40.00000,36.00000,572
32,23,1.066594e-01,37.00000,40.00000,609
32,24,1.000184e-01,56.00000,30.00000,667
32,25,1.042479e-01,42.00000,35.00000,730
32,26,1.074198e-01,55.00000,30.00000,705
32,27,1.061772e-01,47.00000,35.00000,659
32,28,1.060230e-01,44.00000,35.00000,659
32,29,1.022937e-01,47.00000,35.00000,713
32,30,1.066209e-01,53.00000,30.00000,659
32,31,1.051514e-01,39.00000,36.00000,616
32,32,1.058205e-01,42.00000,35.00000,671
32,33,1.004959e-01,49.00000,30.00000,738
32,34,1.038290e-01,31.00000,36.00000,675
32,35,9.870863e-02,55.00000,30.00000,829
32,36,1.036827e-01,35.00000,36.00000,602
32,37,1.000959e-01,52.00000,30.00000,728
32,38,1.056221e-01,58.00000,30.00000,637
32,39,1.023074e-01,44.00000,35.00000,681
32,40,1.032615e-01,31.00000,36.00000,641
32,41,1.023603e-01,38.00000,35.00000,640
32,42,1.076330e-01,49.00000,30.00000,719
32,43,9.874119e-02,50.00000,35.00000,735
32,44,9.957542e-02,55.00000,30.00000,651
32,45,9.990069e-02,49.00000,30.00000,651
32,46,9.826877e-02,53.00000,30.00000,754
32,47,1.101527e-01,30.00000,36.00000,679
32,48,9.892929e-02,59.00000,30.00000,660
32,49,1.020262e-01,49.00000,30.00000,726
32,50,1.021227e-01,58.00000,30.00000,737
32,51,9.966307e-02,52.00000,30.00000,686
32,52,1.009359e-01,47.00000,35.00000,613
32,53,9.962300e-02,49.00000,30.00000,662
32,54,9.592406e-02,53.00000,30.00000,668
32,55,9.762830e-02,49.00000,30.00000,692
32,56,9.650877e-02,58.00000,30.00000,642
32,57,1.022311e-01,43.00000,35.00000,601
32,58,1.007801e-01,52.00000,30.00000,614
32,59,9.940413e-02,53.00000,30.00000,617
32,60,9.888579e-02,49.00000,30.00000,601
32,61,1.020562e-01,46.00000,35.00000,626
32,62,1.006716e-01,48.00000,35.00000,638
32,63,1.023023e-01,49.00000,30.00000,610
32,64,1.126327e-01,25.00000,36.00000,593
32,65,1.046878e-01,38.00000,36.00000,605
32,66,1.073479e-01,46.00000,35.00000,595
32,67,1.026742e-01,59.00000,30.00000,638
32,68,1.084067e-01,58.00000,30.00000,622
32,69,1.018358e-01,43.00000,35.00000,606
32,70,9.357121e-02,57.00000,30.00000,628
32,71,1.017324e-01,37.00000,36.00000,617
33,0,1.048470e-01,46.00000,35.00000,2213
33,1,9.734504e-02,48.00000,35.00000,900
33,2,1.026471e-01,57.00000,30.00000,648
33,3,1.094270e-01,36.00000,36.00000,646
33,4,1.109859e-01,46.00000,35.00000,677
33,5,1.074944e-01,41.00000,36.00000,820
33,6,9.917860e-02,57.00000,30.00000,736
33,7,1.150672e-01,25.00000,36.00000,656
33,8,1.070448e-01,35.00000,40.00000,620
33,9,1.067677e-01,38.00000,35.00000,648
33,10,9.968593e-02,53.00000,30.00000,5000
33,11,1.071356e-01,45.00000,35.00000,813
33,12,1.022189e-01,46.00000,35.00000,653
33,13,1.056543e-01,37.00000,36.00000,624
33,14,1.028432e-01,42.00000,35.00000,1200
33,15,1.053718e-01,47.00000,35.00000,728
33,16,1.040718e-01,36.00000,40.00000,665
33,17,1.069699e-01,54.00000,30.00000,674
33,18,9.818824e-02,54.00000,30.00000,670
33,19,1.020392e-01,55.00000,30.00000,697
33,20,1.103479e-01,35.00000,36.00000,11708
33,21,1.018489e-01,49.00000,30.00000,675
33,22,1.038000e-01,48.00000,35.00000,665
33,23,1.016781e-01,42.00000,36.00000,663
33,24,1.109333e-01,51.00000,30.00000,631
33,25,1.028129e-01,49.00000,30.00000,745
33,26,1.015064e-01,42.00000,35.00000,670
33,27,1.012237e-01,49.00000,35.00000,687
33,28,1.026571e-01,49.00000,35.00000,616
33,29,1.062028e-01,46.00000,35.00000,710
33,30,1.024705e-01,44.00000,35.00000,9897
33,31,1.058645e-01,49.00000,35.00000,1967
33,32,1.079739e-01,46.00000,35.00000,612
33,33,1.024553e-01,39.00000,35.00000,697
33,34,1.056604e-01,40.00000,36.00000,716
33,35,1.021555e-01,53.00000,30.00000,712
33,36,1.040552e-01,45.00000,35.00000,615
33,37,1.051103e-01,53.00000,30.00000,701
33,38,1.064900e-01,44.00000,35.00000,719
33,39,1.058489e-01,42.00000,36.00000,745
33,40,1.045398e-01,59.00000,30.00000,9159
33,41,1.018382e-01,49.00000,30.00000,696
33,42,9.934720e-02,55.00000,30.00000,634
33,43,1.044823e-01,36.00000,36.00000,705
33,44,1.012403e-01,52.00000,30.00000,676
33,45,1.074312e-01,35.00000,36.00000,590
33,46,9.985361e-02,47.00000,35.00000,719
33,47,1.062665e-01,42.00000,35.00000,697
33,48,1.045317e-01,42.00000,35.00000,704
33,49,1.038727e-01,53.00000,30.00000,679
33,50,1.032120e-01,53.00000,30.00000,11072
33,51,9.958267e-02,48.00000,35.00000,812
33,52,1.062576e-01,40.00000,36.00000,622
33,53,1.092269e-01,43.00000,36.00000,691
33,54,1.036084e-01,42.00000,35.00000,742
33,55,1.062191e-01,46.00000,36.00000,749
33,56,1.054543e-01,43.00000,36.00000,648
33,57,1.023081e-01,53.00000,30.00000,682
33,58,1.148301e-01,45.00000,35.00000,577
33,59,1.060089e-01,40.00000,35.00000,642
33,60,1.052160e-01,39.00000,35.00000,2957
33,61,1.074460e-01,58.00000,30.00000,622
33,62,1.110159e-01,38.00000,35.00000,572
33,63,9.711154e-02,54.00000,30.00000,611
33,64,1.057067e-01,54.00000,30.00000,606
33,65,1.060820e-01,43.00000,35.00000,614
33,66,1.021781e-01,53.00000,30.00000,609
33,67,9.712395e-02,57.00000,30.00000,629
33,68,1.032539e-01,42.00000,36.00000,602
33,69,1.078704e-01,42.00000,35.00000,571
33,70,1.022883e-01,49.00000,30.00000,601
33,71,1.078299e-01,39.00000,40.00000,605
34,0,1.068880e-01,40.00000,35.00000,6028
34,1,1.107507e-01,44.00000,35.00000,6674
34,2,1.014301e-01,49.00000,30.00000,644
34,3,1.039154e-01,43.00000,35.00000,715
34,4,1.049616e-01,36.00000,36.00000,852
34,5,1.022940e-01,51.00000,30.00000,664
34,6,1.070276e-01,54.00000,30.00000,689
34,7,1.073320e-01,31.00000,36.00000,676
34,8,1.043129e-01,46.00000,35.00000,742
34,9,1.015913e-01,53.00000,30.00000,656
34,10,1.005969e-01,49.00000,30.00000,7378
34,11,1.043130e-01,45.00000,35.00000,3644
34,12,1.057619e-01,53.00000,30.00000,677
34,13,1.052615e-01,46.00000,35.00000,639
34,14,1.078631e-01,36.00000,36.00000,763
34,15,1.142597e-01,41.00000,40.00000,699
34,16,1.071370e-01,47.00000,35.00000,660
34,17,1.123525e-01,49.00000,30.00000,649
34,18,1.073837e-01,52.00000,30.00000,649
34,19,1.094170e-01,59.00000,30.00000,831
34,20,1.063445e-01,49.00000,30.00000,2614
34,21,1.013759e-01,44.00000,35.00000,3921
34,22,1.048895e-01,54.00000,30.00000,1225
34,23,1.042009e-01,44.00000,35.00000,687
34,24,1.122290e-01,54.00000,30.00000,696
34,25,1.035298e-01,39.00000,36.00000,613
34,26,1.080716e-01,31.00000,36.00000,766
34,27,1.033643e-01,45.00000,35.00000,711
34,28,1.044101e-01,54.00000,30.00000,681
34,29,1.117735e-01,37.00000,35.00000,746
34,30,1.084583e-01,55.00000,30.00000,3681
34,31,1.033509e-01,52.00000,30.00000,6822
34,32,1.095105e-01,30.00000,36.00000,669
34,33,1.075562e-01,41.00000,36.00000,617
34,34,1.028441e-01,38.00000,35.00000,712
34,35,9.973736e-02,54.00000,30.00000,668
34,36,9.964342e-02,53.00000,30.00000,674
34,37,1.130415e-01,49.00000,30.00000,670
34,38,1.093868e-01,54.00000,30.00000,665
34,39,1.059432e-01,39.00000,36.00000,660
34,40,1.072980e-01,56.00000,30.00000,1352
34,41,1.072626e-01,43.00000,35.00000,8596
34,42,1.039719e-01,42.00000,35.00000,660
34,43,1.012332e-01,49.00000,30.00000,1155
34,44,1.063538e-01,43.00000,35.00000,1497
34,45,1.069752e-01,42.00000,35.00000,608
34,46,1.004199e-01,54.00000,30.00000,686
34,47,1.001385e-01,55.00000,30.00000,665
34,48,1.023972e-01,49.00000,30.00000,766
34,49,1.062863e-01,48.00000,35.00000,667
34,50,1.112704e-01,30.00000,36.00000,1320
34,51,1.023738e-01,42.00000,35.00000,9914
34,52,1.094487e-01,36.00000,36.00000,648
34,53,1.163311e-01,39.00000,35.00000,602
34,54,1.092872e-01,35.00000,36.00000,673
34,55,1.090743e-01,44.00000,35.00000,634
34,56,1.082679e-01,53.00000,30.00000,629
34,57,1.083975e-01,36.00000,36.00000,623
34,58,9.913058e-02,54.00000,30.00000,690
34,59,1.070435e-01,59.00000,30.00000,656
34,60,1.003863e-01,55.00000,30.00000,639
34,61,1.094663e-01,39.00000,35.00000,3641
34,62,1.052502e-01,43.00000,35.00000,601
34,63,1.106128e-01,41.00000,35.00000,620
34,64,1.109872e-01,45.00000,35.00000,585
34,65,1.076683e-01,31.00000,36.00000,608
34,66,1.063648e-01,49.00000,30.00000,618
34,67,1.081220e-01,49.00000,30.00000,588
34,68,1.073956e-01,43.00000,35.00000,584
34,69,1.139038e-01,30.00000,36.00000,566
34,70,1.071051e-01,49.00000,30.00000,588
34,71,1.014727e-01,49.00000,30.00000,607
35,0,1.011417e-01,59.00000,30.00000,11659
35,1,1.014317e-01,53.00000,30.00000,804
35,2,9.827420e-02,53.00000,30.00000,642
35,3,1.039438e-01,45.00000,35.00000,691
35,4,1.045554e-01,41.00000,36.00000,684
35,5,1.079829e-01,49.00000,30.00000,710
35,6,1.038001e-01,54.00000,30.00000,652
35,7,1.053537e-01,41.00000,36.00000,737
35,8,1.129479e-01,49.00000,30.00000,617
35,9,1.032441e-01,43.00000,35.00000,787
35,10,1.081321e-01,54.00000,30.00000,10219
35,11,1.090616e-01,46.00000,35.00000,717
35,12,1.017629e-01,37.00000,36.00000,670
35,13,1.030232e-01,57.00000,30.00000,658
35,14,1.007954e-01,55.00000,30.00000,703
35,15,1.066553e-01,55.00000,30.00000,769
35,16,1.047365e-01,38.00000,35.00000,650
35,17,1.093710e-01,39.00000,36.00000,686
35,18,1.130531e-01,49.00000,30.00000,626
35,19,1.030684e-01,39.00000,40.00000,728
35,20,1.123209e-01,38.00000,40.00000,11311
35,21,1.086053e-01,41.00000,36.00000,642
35,22,1.100187e-01,48.00000,35.00000,595
35,23,1.076454e-01,43.00000,35.00000,676
35,24,1.087289e-01,38.00000,40.00000,584
35,25,1.054063e-01,51.00000,30.00000,732
35,26,1.077769e-01,43.00000,36.00000,668
35,27,1.101225e-01,58.00000,30.00000,624
35,28,1.042649e-01,44.00000,35.00000,771
35,29,1.122905e-01,31.00000,36.00000,659
35,30,1.124832e-01,49.00000,30.00000,9977
35,31,1.153907e-01,35.00000,40.00000,641
35,32,1.016481e-01,51.00000,30.00000,728
35,33,1.077720e-01,42.00000,36.00000,1780
35,34,1.037627e-01,45.00000,35.00000,628
35,35,1.032931e-01,55.00000,30.00000,700
35,36,1.124197e-01,40.00000,36.00000,621
35,37,1.059106e-01,40.00000,36.00000,705
35,38,9.937434e-02,55.00000,30.00000,717
35,39,1.139292e-01,31.00000,36.00000,681
35,40,1.112087e-01,44.00000,35.00000,961
35,41,1.086742e-01,49.00000,30.00000,11373
35,42,1.062552e-01,40.00000,35.00000,681
35,43,1.060824e-01,52.00000,30.00000,733
35,44,1.122369e-01,41.00000,36.00000,564
35,45,1.097448e-01,47.00000,35.00000,658
35,46,1.028660e-01,55.00000,30.00000,701
35,47,1.034445e-01,36.00000,36.00000,765
35,48,1.079455e-01,45.00000,35.00000,676
35,49,1.158390e-01,36.00000,35.00000,701
35,50,1.050278e-01,54.00000,30.00000,636
35,51,1.112871e-01,44.00000,36.00000,10508
35,52,1.062761e-01,43.00000,35.00000,1079
35,53,1.120484e-01,31.00000,36.00000,638
35,54,1.088245e-01,43.00000,35.00000,595
35,55,1.122743e-01,40.00000,36.00000,672
35,56,1.059947e-01,46.00000,35.00000,613
35,57,1.034902e-01,49.00000,30.00000,637
35,58,1.132559e-01,55.00000,30.00000,620
35,59,1.126235e-01,49.00000,30.00000,626
35,60,1.053203e-01,42.00000,35.00000,626
35,61,1.007877e-01,45.00000,35.00000,2408
35,62,1.112735e-01,47.00000,35.00000,585
35,63,1.042729e-01,50.00000,30.00000,606
35,64,1.087146e-01,47.00000,35.00000,584
35,65,1.069009e-01,37.00000,36.00000,599
35,66,1.076929e-01,40.00000,40.00000,577
35,67,1.086870e-01,49.00000,30.00000,594
35,68,1.037486e-01,57.00000,30.00000,629
35,69,1.124233e-01,42.00000,35.00000,571
35,70,1.009417e-01,56.00000,30.00000,617
35,71,1.072037e-01,43.00000,35.00000,600
36,0,1.075318e-01,61.00000,30.00000,3100
36,1,1.106331e-01,38.00000,35.00000,654
36,2,1.081087e-01,37.00000,36.00000,1298
36,3,1.091991e-01,52.00000,30.00000,722
36,4,1.157601e-01,31.00000,36.00000,683
36,5,1.048152e-01,43.00000,35.00000,668
36,6,1.103029e-01,37.00000,36.00000,704
36,7,1.125159e-01,44.00000,35.00000,626
36,8,1.103729e-01,42.00000,35.00000,676
36,9,1.115064e-01,41.00000,35.00000,659
36,10,1.076996e-01,44.00000,35.00000,2511
36,11,1.021888e-01,54.00000,30.00000,690
36,12,1.099656e-01,39.00000,36.00000,670
36,13,1.057854e-01,47.00000,35.00000,627
36,14,1.099355e-01,46.00000,35.00000,641
36,15,1.055651e-01,44.00000,35.00000,711
36,16,1.048002e-01,48.00000,35.00000,683
36,17,1.035788e-01,49.00000,30.00000,657
36,18,1.052973e-01,45.00000,35.00000,760
36,19,1.087422e-01,49.00000,30.00000,706
36,20,1.096384e-01,49.00000,30.00000,1436
36,21,1.039020e-01,47.00000,35.00000,1452
36,22,1.013009e-01,54.00000,30.00000,719
36,23,1.046421e-01,57.00000,30.00000,1636
36,24,1.007014e-01,49.00000,30.00000,713
36,25,1.105488e-01,53.00000,30.00000,671
36,26,1.098909e-01,37.00000,36.00000,670
36,27,1.040994e-01,42.00000,35.00000,627
36,28,1.021994e-01,59.00000,30.00000,791
36,29,1.028936e-01,47.00000,35.00000,623
36,30,1.094752e-01,43.00000,35.00000,3421
36,31,1.086068e-01,42.00000,35.00000,698
36,32,1.034051e-01,55.00000,30.00000,675
36,33,1.161367e-01,38.00000,35.00000,1526
36,34,1.030050e-01,53.00000,30.00000,719
36,35,1.084573e-01,41.00000,35.00000,661
36,36,1.064747e-01,49.00000,35.00000,692
36,37,1.068953e-01,43.00000,35.00000,645
36,38,1.086164e-01,31.00000,36.00000,668
36,39,1.103043e-01,49.00000,30.00000,656
36,40,1.109767e-01,46.00000,35.00000,4236
36,41,1.021747e-01,50.00000,35.00000,641
36,42,1.109503e-01,43.00000,36.00000,675
36,43,1.101745e-01,43.00000,35.00000,3488
36,44,1.111884e-01,42.00000,36.00000,719
36,45,1.064954e-01,52.00000,30.00000,649
36,46,1.035916e-01,58.00000,30.00000,734
36,47,1.058083e-01,35.00000,36.00000,667
36,48,1.106975e-01,58.00000,30.00000,796
36,49,1.088975e-01,49.00000,30.00000,689
36,50,1.088739e-01,52.00000,30.00000,3705
36,51,1.092965e-01,35.00000,36.00000,726
36,52,1.040477e-01,57.00000,30.00000,667
36,53,1.055103e-01,56.00000,30.00000,4584
36,54,1.103073e-01,38.00000,35.00000,624
36,55,1.099106e-01,30.00000,36.00000,709
36,56,1.095096e-01,46.00000,36.00000,703
36,57,1.057203e-01,49.00000,30.00000,683
36,58,1.174643e-01,35.00000,36.00000,572
36,59,1.045786e-01,49.00000,30.00000,622
36,60,1.028072e-01,52.00000,30.00000,3055
36,61,1.089176e-01,44.00000,35.00000,591
36,62,1.023618e-01,46.00000,35.00000,627
36,63,1.058034e-01,32.00000,36.00000,881
36,64,1.050216e-01,53.00000,30.00000,609
36,65,1.096767e-01,42.00000,35.00000,610
36,66,1.032246e-01,57.00000,30.00000,629
36,67,1.152674e-01,30.00000,36.00000,587
36,68,1.068656e-01,57.00000,30.00000,628
36,69,1.096230e-01,49.00000,30.00000,594
36,70,1.109793e-01,42.00000,35.00000,581
36,71,1.098971e-01,41.00000,40.00000,577
37,0,1.112209e-01,36.00000,36.00000,2458
37,1,1.066632e-01,49.00000,30.00000,1206
37,2,1.098852e-01,35.00000,36.00000,2147
37,3,1.040881e-01,48.00000,35.00000,693
37,4,1.077039e-01,49.00000,35.00000,657
37,5,1.099542e-01,53.00000,30.00000,657
37,6,1.057575e-01,54.00000,30.00000,699
37,7,1.080074e-01,40.00000,35.00000,694
37,8,1.062309e-01,49.00000,30.00000,735
37,9,1.064276e-01,48.00000,35.00000,618
37,10,1.103150e-01,45.00000,35.00000,4156
37,11,1.063959e-01,47.00000,35.00000,655
37,12,1.035324e-01,58.00000,30.00000,1285
37,13,1.138160e-01,49.00000,30.00000,654
37,14,1.054587e-01,45.00000,35.00000,612
37,15,1.061162e-01,43.00000,36.00000,748
37,16,1.103913e-01,48.00000,35.00000,643
37,17,1.072288e-01,45.00000,35.00000,683
37,18,1.091157e-01,36.00000,36.00000,754
37,19,1.093459e-01,46.00000,35.00000,641
37,20,1.022619e-01,51.00000,30.00000,6092
37,21,1.147954e-01,36.00000,36.00000,630
37,22,1.097313e-01,45.00000,36.00000,694
37,23,1.146801e-01,54.00000,30.00000,614
37,24,1.115478e-01,49.00000,30.00000,770
37,25,1.135009e-01,37.00000,40.00000,707
37,26,1.080385e-01,38.00000,35.00000,636
37,27,1.041080e-01,52.00000,30.00000,646
37,28,1.159284e-01,38.00000,40.00000,649
37,29,1.089681e-01,49.00000,30.00000,682
37,30,1.156506e-01,49.00000,30.00000,7768
37,31,1.085472e-01,34.00000,36.00000,682
37,32,1.120237e-01,46.00000,35.00000,622
37,33,1.048842e-01,54.00000,30.00000,655
37,34,1.040841e-01,53.00000,30.00000,704
37,35,1.146939e-01,44.00000,35.00000,645
37,36,1.093077e-01,40.00000,36.00000,711
37,37,1.051998e-01,61.00000,30.00000,726
37,38,1.031689e-01,54.00000,30.00000,664
37,39,1.024347e-01,52.00000,30.00000,693
37,40,1.103372e-01,49.00000,30.00000,7538
37,41,1.115322e-01,47.00000,35.00000,640
37,42,1.130721e-01,42.00000,36.00000,1478
37,43,1.108063e-01,46.00000,35.00000,1524
37,44,1.085810e-01,47.00000,35.00000,662
37,45,1.077710e-01,46.00000,35.00000,683
37,46,1.069771e-01,44.00000,35.00000,709
37,47,1.043201e-01,55.00000,30.00000,657
37,48,1.088544e-01,47.00000,35.00000,661
37,49,1.111614e-01,37.00000,35.00000,654
37,50,1.104112e-01,42.00000,35.00000,7570
37,51,1.118313e-01,40.00000,35.00000,1549
37,52,1.045553e-01,44.00000,35.00000,649
37,53,1.173325e-01,39.00000,35.00000,676
37,54,1.066004e-01,49.00000,30.00000,661
37,55,1.071390e-01,55.00000,30.00000,666
37,56,1.060432e-01,51.00000,30.00000,765
37,57,1.111299e-01,43.00000,36.00000,655
37,58,1.079370e-01,52.00000,30.00000,624
37,59,1.016643e-01,53.00000,30.00000,765
37,60,1.091551e-01,43.00000,35.00000,4663
37,61,1.090942e-01,43.00000,35.00000,2166
37,62,1.033467e-01,54.00000,30.00000,616
37,63,1.104000e-01,37.00000,36.00000,584
37,64,1.031853e-01,53.00000,30.00000,624
37,65,1.049304e-01,50.00000,35.00000,611
37,66,1.048567e-01,52.00000,30.00000,609
37,67,1.067216e-01,54.00000,30.00000,606
37,68,1.129954e-01,40.00000,35.00000,557
37,69,1.111215e-01,50.00000,30.00000,593
37,70,1.150417e-01,37.00000,40.00000,568
37,71,1.122381e-01,42.00000,36.00000,579
38,0,1.136766e-01,45.00000,36.00000,675
38,1,1.076943e-01,44.00000,35.00000,696
38,2,1.121574e-01,42.00000,35.00000,688
38,3,1.050159e-01,49.00000,30.00000,689
38,4,1.075328e-01,52.00000,30.00000,710
38,5,1.045478e-01,54.00000,30.00000,618
38,6,1.079104e-01,36.00000,36.00000,834
38,7,1.041915e-01,53.00000,30.00000,755
38,8,1.101082e-01,38.00000,35.00000,627
38,9,1.092554e-01,45.00000,35.00000,797
38,10,1.046271e-01,52.00000,30.00000,711
38,11,1.119406e-01,43.00000,35.00000,646
38,12,1.036633e-01,55.00000,30.00000,677
38,13,1.119825e-01,41.00000,35.00000,784
38,14,1.207816e-01,37.00000,35.00000,599
38,15,1.096452e-01,41.00000,36.00000,615
38,16,1.069000e-01,50.00000,35.00000,743
38,17,1.044092e-01,52.00000,30.00000,704
38,18,1.162305e-01,35.00000,36.00000,601
38,19,1.132291e-01,41.00000,36.00000,765
38,20,1.145252e-01,35.00000,36.00000,652
38,21,1.066177e-01,49.00000,30.00000,680
38,22,1.100112e-01,49.00000,35.00000,705
38,23,1.082623e-01,49.00000,35.00000,627
38,24,1.070287e-01,53.00000,30.00000,710
38,25,1.059807e-01,48.00000,35.00000,671
38,26,1.113651e-01,53.00000,30.00000,739
38,27,1.095142e-01,47.00000,35.00000,635
38,28,1.133896e-01,37.00000,36.00000,652
38,29,1.060230e-01,49.00000,30.00000,666
38,30,1.070948e-01,45.00000,35.00000,650
38,31,1.098459e-01,49.00000,30.00000,658
38,32,1.092334e-01,47.00000,35.00000,742
38,33,1.103164e-01,36.00000,35.00000,659
38,34,1.065465e-01,36.00000,36.00000,665
38,35,1.076419e-01,51.00000,30.00000,718
38,36,1.050022e-01,54.00000,30.00000,631
38,37,1.188850e-01,30.00000,36.00000,625
38,38,1.130015e-01,55.00000,30.00000,679
38,39,1.134590e-01,41.00000,36.00000,647
38,40,1.072170e-01,49.00000,30.00000,729
38,41,1.163751e-01,49.00000,35.00000,656
38,42,1.170247e-01,30.00000,36.00000,654
38,43,1.078621e-01,46.00000,35.00000,737
38,44,1.107511e-01,37.00000,36.00000,626
38,45,1.119772e-01,48.00000,35.00000,710
38,46,1.098634e-01,43.00000,35.00000,682
38,47,1.086693e-01,49.00000,30.00000,659
38,48,1.113904e-01,46.00000,36.00000,621
38,49,1.098785e-01,43.00000,35.00000,678
38,50,1.027004e-01,49.00000,30.00000,702
38,51,1.123867e-01,35.00000,36.00000,660
38,52,1.077290e-01,52.00000,30.00000,671
38,53,1.037202e-01,42.00000,35.00000,645
38,54,1.119148e-01,37.00000,36.00000,705
38,55,1.086099e-01,45.00000,35.00000,648
38,56,1.092983e-01,52.00000,30.00000,2091
38,57,1.060753e-01,43.00000,35.00000,748
38,58,1.062203e-01,53.00000,30.00000,666
38,59,1.104622e-01,52.00000,30.00000,714
38,60,1.065923e-01,53.00000,30.00000,655
38,61,1.035378e-01,49.00000,35.00000,616
38,62,1.072340e-01,49.00000,30.00000,631
38,63,1.087543e-01,53.00000,30.00000,609
38,64,1.072338e-01,53.00000,30.00000,609
38,65,1.070281e-01,53.00000,30.00000,609
38,66,1.128762e-01,46.00000,36.00000,584
38,67,1.109736e-01,49.00000,30.00000,601
38,68,1.098627e-01,40.00000,35.00000,604
38,69,1.067099e-01,49.00000,30.00000,599
38,70,1.094168e-01,35.00000,36.00000,622
38,71,1.059022e-01,47.00000,35.00000,610
39,0,1.160881e-01,41.00000,36.00000,664
39,1,1.117604e-01,39.00000,35.00000,611
39,2,1.087880e-01,37.00000,35.00000,752
39,3,1.115638e-01,42.00000,35.00000,655
39,4,1.057224e-01,50.00000,35.00000,679
39,5,1.166146e-01,37.00000,36.00000,656
39,6,1.053473e-01,55.00000,30.00000,824
39,7,1.052145e-01,49.00000,30.00000,668
39,8,1.091133e-01,53.00000,30.00000,667
39,9,1.120769e-01,44.00000,35.00000,680
39,10,1.132110e-01,44.00000,35.00000,672
39,11,1.172335e-01,40.00000,35.00000,692
39,12,1.148719e-01,49.00000,30.00000,611
39,13,1.054109e-01,56.00000,30.00000,721
39,14,1.062715e-01,49.00000,35.00000,697
39,15,1.063364e-01,45.00000,36.00000,818
39,16,1.101259e-01,41.00000,36.00000,725
39,17,1.110909e-01,42.00000,35.00000,600
39,18,1.092115e-01,51.00000,35.00000,720
39,19,1.091721e-01,47.00000,35.00000,687
39,20,1.077315e-01,46.00000,35.00000,700
39,21,1.099451e-01,42.00000,35.00000,669
39,22,1.053729e-01,52.00000,35.00000,700
39,23,1.131745e-01,43.00000,36.00000,621
39,24,1.105163e-01,42.00000,35.00000,683
39,25,1.117120e-01,52.00000,30.00000,670
39,26,1.048298e-01,53.00000,35.00000,720
39,27,1.110224e-01,49.00000,30.00000,657
39,28,1.152636e-01,41.00000,36.00000,698
39,29,1.126899e-01,41.00000,35.00000,586
39,30,1.105992e-01,42.00000,35.00000,692
39,31,1.075407e-01,49.00000,30.00000,653
39,32,1.030474e-01,49.00000,30.00000,707
39,33,1.036588e-01,55.00000,30.00000,698
39,34,1.144920e-01,45.00000,35.00000,720
39,35,1.171203e-01,37.00000,36.00000,663
39,36,1.221398e-01,40.00000,35.00000,698
39,37,1.195352e-01,54.00000,30.00000,668
39,38,1.208912e-01,58.00000,30.00000,743
39,39,1.187944e-01,48.00000,35.00000,722
39,40,1.256999e-01,41.00000,36.00000,706
39,41,1.249607e-01,43.00000,35.00000,2717
39,42,1.349267e-01,31.00000,36.00000,667
39,43,1.235823e-01,49.00000,30.00000,622
39,44,1.271096e-01,36.00000,36.00000,626
39,45,1.230033e-01,39.00000,36.00000,632
39,46,1.348016e-01,25.00000,36.00000,638
39,47,1.129968e-01,49.00000,30.00000,672
39,48,1.201179e-01,55.00000,30.00000,759
39,49,1.250735e-01,33.00000,40.00000,611
39,50,1.204930e-01,54.00000,30.00000,692
39,51,1.208974e-01,38.00000,35.00000,715
39,52,1.187731e-01,48.00000,35.00000,730
39,53,1.161969e-01,40.00000,36.00000,587
39,54,1.187126e-01,45.00000,35.00000,654
39,55,1.207538e-01,45.00000,35.00000,594
39,56,1.170399e-01,34.00000,36.00000,640
39,57,1.154896e-01,41.00000,36.00000,611
39,58,1.180383e-01,25.00000,36.00000,647
39,59,1.174626e-01,36.00000,35.00000,604
39,60,1.118769e-01,46.00000,35.00000,593
39,61,1.128449e-01,31.00000,36.00000,624
39,62,1.130520e-01,48.00000,35.00000,612
39,63,1.195811e-01,36.00000,40.00000,559
39,64,1.164702e-01,36.00000,40.00000,597
39,65,1.144295e-01,53.00000,30.00000,609
39,66,1.148181e-01,53.00000,30.00000,610
39,67,1.090661e-01,52.00000,30.00000,613
39,68,1.153308e-01,49.00000,30.00000,590
39,69,1.146016e-01,35.00000,36.00000,582
39,70,1.132852e-01,53.00000,30.00000,611
39,71,1.129684e-01,25.00000,36.00000,600
40,0,1.085784e-01,39.00000,40.00000,8325
40,1,1.132816e-01,49.00000,30.00000,720
40,2,1.123541e-01,41.00000,36.00000,706
40,3,1.108665e-01,57.00000,30.00000,724
40,4,1.083532e-01,60.00000,30.00000,699
40,5,1.117551e-01,48.00000,35.00000,680
40,6,1.078115e-01,49.00000,30.00000,723
40,7,1.144466e-01,36.00000,36.00000,758
40,8,1.025407e-01,54.00000,30.00000,667
40,9,1.068148e-01,47.00000,36.00000,722
40,10,1.046952e-01,57.00000,30.00000,9137
40,11,1.050814e-01,55.00000,30.00000,745
40,12,1.069200e-01,49.00000,30.00000,684
40,13,1.069584e-01,45.00000,35.00000,774
40,14,1.016970e-01,57.00000,30.00000,700
40,15,1.077145e-01,59.00000,30.00000,723
40,16,1.096104e-01,57.00000,30.00000,751
40,17,1.032261e-01,59.00000,30.00000,729
40,18,1.108095e-01,34.00000,40.00000,688
40,19,1.039647e-01,52.00000,30.00000,688
40,20,1.205570e-01,44.00000,35.00000,11059
40,21,1.138391e-01,30.00000,36.00000,2676
40,22,1.128615e-01,48.00000,35.00000,692
40,23,1.130320e-01,41.00000,36.00000,734
40,24,1.079530e-01,39.00000,35.00000,693
40,25,1.089443e-01,49.00000,30.00000,669
40,26,1.079941e-01,55.00000,30.00000,701
40,27,1.097445e-01,45.00000,35.00000,683
40,28,1.046633e-01,53.00000,30.00000,672
40,29,1.128768e-01,49.00000,30.00000,657
40,30,1.132928e-01,45.00000,35.00000,9802
40,31,1.070237e-01,42.00000,35.00000,3288
40,32,1.107951e-01,42.00000,35.00000,657
40,33,1.189770e-01,36.00000,36.00000,605
40,34,1.159599e-01,37.00000,36.00000,647
40,35,1.035909e-01,48.00000,35.00000,737
40,36,1.066447e-01,54.00000,30.00000,711
40,37,1.047023e-01,56.00000,30.00000,725
40,38,1.019782e-01,49.00000,30.00000,720
40,39,1.118095e-01,49.00000,30.00000,671
40,40,1.046165e-01,59.00000,30.00000,7794
40,41,1.036264e-01,55.00000,30.00000,3809
40,42,1.035900e-01,56.00000,30.00000,630
40,43,1.062835e-01,55.00000,30.00000,667
40,44,1.079711e-01,45.00000,35.00000,671
40,45,1.059603e-01,56.00000,30.00000,789
40,46,1.079633e-01,42.00000,35.00000,604
40,47,1.092790e-01,49.00000,30.00000,690
40,48,1.025006e-01,51.00000,30.00000,727
40,49,1.062051e-01,49.00000,30.00000,662
40,50,1.058749e-01,46.00000,35.00000,7232
40,51,1.062800e-01,47.00000,35.00000,4654
40,52,1.058444e-01,41.00000,35.00000,641
40,53,1.024074e-01,57.00000,30.00000,652
40,54,1.217897e-01,25.00000,36.00000,611
40,55,1.043968e-01,43.00000,35.00000,622
40,56,1.045957e-01,46.00000,35.00000,613
40,57,1.050944e-01,48.00000,35.00000,616
40,58,1.080761e-01,53.00000,30.00000,634
40,59,1.093794e-01,51.00000,30.00000,601
40,60,1.146199e-01,38.00000,35.00000,593
40,61,1.055265e-01,49.00000,30.00000,613
40,62,1.118657e-01,33.00000,40.00000,591
40,63,1.111820e-01,45.00000,35.00000,573
40,64,1.059472e-01,57.00000,30.00000,630
40,65,1.144919e-01,40.00000,35.00000,563
40,66,1.201372e-01,45.00000,35.00000,572
40,67,1.127173e-01,43.00000,36.00000,586
40,68,1.156207e-01,41.00000,35.00000,564
40,69,1.105190e-01,35.00000,36.00000,600
40,70,1.204501e-01,37.00000,36.00000,548
40,71,1.176996e-01,25.00000,36.00000,566
41,0,1.108899e-01,47.00000,35.00000,6020
41,1,1.087420e-01,54.00000,30.00000,649
41,2,1.090438e-01,49.00000,35.00000,678
41,3,1.101819e-01,47.00000,35.00000,772
41,4,1.049987e-01,41.00000,35.00000,768
41,5,1.156899e-01,37.00000,36.00000,682
41,6,1.154394e-01,59.00000,30.00000,681
41,7,1.106308e-01,43.00000,36.00000,686
41,8,1.107752e-01,35.00000,36.00000,771
41,9,1.198043e-01,31.00000,36.00000,663
41,10,1.048635e-01,52.00000,30.00000,6112
41,11,1.068543e-01,44.00000,35.00000,677
41,12,1.097922e-01,40.00000,35.00000,760
41,13,1.061421e-01,47.00000,35.00000,647
41,14,1.124088e-01,43.00000,36.00000,666
41,15,1.079204e-01,49.00000,30.00000,682
41,16,1.089326e-01,31.00000,36.00000,705
41,17,1.125830e-01,54.00000,30.00000,628
41,18,1.058458e-01,53.00000,30.00000,743
41,19,1.126819e-01,54.00000,30.00000,755
41,20,1.088910e-01,49.00000,30.00000,8401
41,21,1.061731e-01,50.00000,35.00000,950
41,22,1.013799e-01,42.00000,35.00000,633
41,23,1.147296e-01,38.00000,35.00000,685
41,24,1.092270e-01,55.00000,30.00000,696
41,25,1.082680e-01,55.00000,30.00000,682
41,26,1.085187e-01,41.00000,36.00000,638
41,27,1.112836e-01,47.00000,35.00000,630
41,28,1.089126e-01,35.00000,36.00000,645
41,29,1.113956e-01,31.00000,36.00000,744
41,30,1.089223e-01,51.00000,30.00000,9394
41,31,1.101243e-01,51.00000,35.00000,4491
41,32,1.112178e-01,55.00000,30.00000,696
41,33,1.069122e-01,47.00000,35.00000,598
41,34,1.041039e-01,47.00000,35.00000,736
41,35,1.077525e-01,49.00000,35.00000,662
41,36,1.044865e-01,49.00000,30.00000,703
41,37,1.077889e-01,50.00000,30.00000,609
41,38,1.057626e-01,46.00000,35.00000,892
41,39,1.060145e-01,57.00000,30.00000,749
41,40,1.157446e-01,25.00000,36.00000,5124
41,41,1.109365e-01,42.00000,36.00000,5001
41,42,1.082803e-01,51.00000,30.00000,682
41,43,1.160387e-01,40.00000,36.00000,610
41,44,1.143044e-01,40.00000,35.00000,632
41,45,1.128209e-01,39.00000,35.00000,652
41,46,1.023668e-01,54.00000,30.00000,683
41,47,1.104874e-01,49.00000,30.00000,631
41,48,1.158485e-01,41.00000,36.00000,662
41,49,1.165318e-01,30.00000,36.00000,652
41,50,1.066937e-01,54.00000,30.00000,7221
41,51,1.063503e-01,45.00000,35.00000,3790
41,52,1.129424e-01,47.00000,35.00000,739
41,53,1.128518e-01,37.00000,36.00000,708
41,54,1.092684e-01,49.00000,30.00000,630
41,55,1.099915e-01,40.00000,35.00000,604
41,56,1.121367e-01,39.00000,35.00000,598
41,57,1.145824e-01,34.00000,40.00000,651
41,58,1.033198e-01,48.00000,35.00000,653
41,59,1.060334e-01,46.00000,35.00000,646
41,60,1.123064e-01,38.00000,36.00000,764
41,61,1.062883e-01,52.00000,30.00000,1291
41,62,1.084875e-01,33.00000,40.00000,622
41,63,1.061952e-01,52.00000,30.00000,608
41,64,1.073852e-01,53.00000,30.00000,611
41,65,1.070927e-01,59.00000,30.00000,639
41,66,1.043106e-01,49.00000,35.00000,608
41,67,1.080066e-01,53.00000,30.00000,617
41,68,1.063137e-01,42.00000,35.00000,633
41,69,1.118940e-01,34.00000,36.00000,591
41,70,1.054251e-01,55.00000,30.00000,620
41,71,1.028392e-01,58.00000,30.00000,631
42,0,1.115584e-01,37.00000,36.00000,2674
42,1,1.089024e-01,43.00000,36.00000,653
42,2,1.138262e-01,40.00000,36.00000,1374
42,3,1.054232e-01,49.00000,30.00000,735
42,4,1.068929e-01,44.00000,35.00000,651
42,5,1.099525e-01,58.00000,30.00000,699
42,6,1.084004e-01,46.00000,35.00000,642
42,7,1.087842e-01,41.00000,35.00000,677
42,8,1.108288e-01,44.00000,35.00000,711
42,9,1.089385e-01,59.00000,30.00000,774
42,10,1.101270e-01,52.00000,30.00000,8335
42,11,1.078632e-01,42.00000,35.00000,790
42,12,1.143910e-01,38.00000,40.00000,816
42,13,1.061221e-01,52.00000,30.00000,625
42,14,1.043936e-01,55.00000,30.00000,700
42,15,1.122353e-01,25.00000,36.00000,727
42,16,1.099652e-01,44.00000,35.00000,758
42,17,1.095247e-01,54.00000,30.00000,647
42,18,1.105196e-01,44.00000,35.00000,639
42,19,1.092753e-01,47.00000,35.00000,653
42,20,1.154281e-01,36.00000,36.00000,8796
42,21,1.048830e-01,43.00000,35.00000,2012
42,22,1.086052e-01,46.00000,35.00000,4323
42,23,1.099063e-01,39.00000,35.00000,667
42,24,1.064750e-01,48.00000,35.00000,655
42,25,1.131285e-01,46.00000,35.00000,666
42,26,1.040061e-01,54.00000,30.00000,612
42,27,1.061970e-01,51.00000,35.00000,815
42,28,1.129908e-01,37.00000,36.00000,663
42,29,1.063311e-01,54.00000,30.00000,657
42,30,1.079239e-01,53.00000,30.00000,9258
42,31,1.077258e-01,49.00000,35.00000,1342
42,32,1.079566e-01,48.00000,35.00000,1022
42,33,1.009397e-01,55.00000,30.00000,687
42,34,1.046199e-01,49.00000,30.00000,2856
42,35,1.093064e-01,46.00000,35.00000,693
42,36,1.042484e-01,44.00000,35.00000,612
42,37,1.058419e-01,57.00000,30.00000,758
42,38,1.099449e-01,46.00000,35.00000,644
42,39,1.067985e-01,39.00000,40.00000,683
42,40,1.068328e-01,57.00000,30.00000,9642
42,41,1.085734e-01,52.00000,30.00000,650
42,42,1.087696e-01,40.00000,36.00000,1568
42,43,1.087451e-01,48.00000,35.00000,710
42,44,1.165609e-01,43.00000,35.00000,1325
42,45,1.126586e-01,44.00000,35.00000,593
42,46,1.095374e-01,45.00000,35.00000,670
42,47,1.142362e-01,44.00000,35.00000,635
42,48,1.170070e-01,37.00000,36.00000,642
42,49,1.099239e-01,44.00000,36.00000,639
42,50,1.037619e-01,45.00000,35.00000,10389
42,51,1.113394e-01,41.00000,35.00000,632
42,52,1.095256e-01,45.00000,35.00000,679
42,53,1.122292e-01,35.00000,36.00000,579
42,54,1.057078e-01,37.00000,35.00000,675
42,55,1.023030e-01,54.00000,30.00000,623
42,56,1.146409e-01,36.00000,36.00000,628
42,57,1.016326e-01,53.00000,30.00000,673
42,58,1.034567e-01,53.00000,30.00000,629
42,59,1.087632e-01,52.00000,30.00000,613
42,60,1.092065e-01,57.00000,30.00000,1418
42,61,1.076243e-01,45.00000,35.00000,607
42,62,1.173348e-01,38.00000,35.00000,553
42,63,1.063131e-01,57.00000,30.00000,630
42,64,1.170930e-01,35.00000,36.00000,548
42,65,1.083470e-01,44.00000,35.00000,602
42,66,1.110565e-01,37.00000,35.00000,603
42,67,1.099515e-01,31.00000,36.00000,600
42,68,1.120927e-01,41.00000,36.00000,567
42,69,1.113308e-01,54.00000,30.00000,608
42,70,1.092346e-01,35.00000,40.00000,609
42,71,1.063711e-01,49.00000,30.00000,610
43,0,1.098709e-01,41.00000,36.00000,5205
43,1,1.153052e-01,37.00000,35.00000,679
43,2,1.065372e-01,44.00000,35.00000,683
43,3,1.046120e-01,49.00000,30.00000,715
43,4,1.055276e-01,53.00000,30.00000,656
43,5,1.022696e-01,46.00000,35.00000,716
43,6,1.097935e-01,49.00000,30.00000,665
43,7,1.108056e-01,34.00000,36.00000,704
43,8,1.112600e-01,41.00000,36.00000,686
43,9,1.104916e-01,37.00000,36.00000,709
43,10,1.028393e-01,54.00000,30.00000,7422
43,11,1.062222e-01,43.00000,35.00000,637
43,12,1.019300e-01,55.00000,30.00000,767
43,13,1.096777e-01,54.00000,30.00000,710
43,14,1.087548e-01,46.00000,35.00000,679
43,15,1.113877e-01,45.00000,35.00000,661
43,16,1.090299e-01,35.00000,36.00000,607
43,17,1.070260e-01,37.00000,36.00000,696
43,18,1.079526e-01,44.00000,35.00000,720
43,19,1.107269e-01,41.00000,35.00000,695
43,20,1.105752e-01,53.00000,30.00000,10774
43,21,1.012616e-01,56.00000,30.00000,683
43,22,1.069686e-01,57.00000,30.00000,719
43,23,1.050987e-01,42.00000,35.00000,693
43,24,1.010616e-01,61.00000,30.00000,722
43,25,1.038403e-01,44.00000,35.00000,697
43,26,1.034704e-01,43.00000,35.00000,700
43,27,1.036927e-01,51.00000,30.00000,664
43,28,1.079153e-01,37.00000,36.00000,590
43,29,1.022092e-01,53.00000,30.00000,833
43,30,9.917814e-02,55.00000,30.00000,11079
43,31,1.022307e-01,52.00000,30.00000,676
43,32,1.016569e-01,55.00000,30.00000,695
43,33,1.014712e-01,57.00000,30.00000,715
43,34,1.066714e-01,42.00000,35.00000,702
43,35,1.043985e-01,53.00000,30.00000,765
43,36,1.041267e-01,49.00000,30.00000,668
43,37,1.032236e-01,43.00000,35.00000,710
43,38,1.034068e-01,42.00000,35.00000,727
43,39,1.023859e-01,53.00000,30.00000,686
43,40,1.148940e-01,49.00000,30.00000,8017
43,41,1.080957e-01,43.00000,35.00000,663
43,42,1.048627e-01,57.00000,30.00000,672
43,43,1.004057e-01,55.00000,30.00000,764
43,44,1.100734e-01,55.00000,30.00000,638
43,45,1.065426e-01,45.00000,35.00000,686
43,46,1.036160e-01,45.00000,35.00000,673
43,47,1.081752e-01,49.00000,30.00000,760
43,48,1.105814e-01,35.00000,36.00000,665
43,49,1.075886e-01,40.00000,40.00000,685
43,50,1.053004e-01,42.00000,36.00000,11889
43,51,1.009445e-01,54.00000,30.00000,712
43,52,1.053158e-01,49.00000,30.00000,635
43,53,1.086060e-01,57.00000,30.00000,689
43,54,1.042857e-01,41.00000,36.00000,720
43,55,1.085053e-01,44.00000,35.00000,626
43,56,1.097530e-01,55.00000,30.00000,705
43,57,1.026570e-01,54.00000,30.00000,639
43,58,1.071164e-01,44.00000,35.00000,669
43,59,1.028284e-01,54.00000,30.00000,625
43,60,1.072644e-01,39.00000,35.00000,3794
43,61,1.114865e-01,40.00000,35.00000,566
43,62,1.040720e-01,47.00000,35.00000,593
43,63,1.121543e-01,37.00000,36.00000,607
43,64,1.093219e-01,47.00000,35.00000,585
43,65,1.089647e-01,53.00000,30.00000,609
43,66,1.136659e-01,43.00000,36.00000,578
43,67,1.105946e-01,38.00000,35.00000,600
43,68,1.084696e-01,42.00000,35.00000,581
43,69,1.111114e-01,43.00000,35.00000,592
43,70,1.074197e-01,44.00000,35.00000,584
43,71,1.078001e-01,46.00000,35.00000,591
44,0,1.039879e-01,31.00000,36.00000,8980
44,1,1.132397e-01,36.00000,36.00000,2568
44,2,1.089510e-01,41.00000,36.00000,658
44,3,1.062909e-01,53.00000,30.00000,628
44,4,1.036397e-01,55.00000,30.00000,744
44,5,1.031836e-01,49.00000,30.00000,697
44,6,1.036201e-01,58.00000,30.00000,1160
44,7,1.060351e-01,44.00000,35.00000,734
44,8,1.096594e-01,49.00000,30.00000,736
44,9,1.022676e-01,44.00000,35.00000,691
44,10,1.091088e-01,40.00000,36.00000,3046
44,11,1.028387e-01,51.00000,30.00000,4630
44,12,1.088418e-01,43.00000,36.00000,654
44,13,1.033306e-01,41.00000,36.00000,662
44,14,1.121253e-01,40.00000,35.00000,654
44,15,1.117595e-01,40.00000,36.00000,2586
44,16,1.062255e-01,49.00000,30.00000,2155
44,17,1.137488e-01,37.00000,36.00000,599
44,18,1.067998e-01,58.00000,30.00000,790
44,19,1.083260e-01,48.00000,35.00000,644
44,20,1.090588e-01,53.00000,30.00000,641
44,21,1.076766e-01,35.00000,36.00000,7072
44,22,1.061561e-01,59.00000,30.00000,673
44,23,1.102044e-01,53.00000,30.00000,713
44,24,1.055497e-01,49.00000,35.00000,751
44,25,1.050938e-01,50.00000,35.00000,3305
44,26,1.098977e-01,37.00000,35.00000,682
44,27,1.085595e-01,37.00000,35.00000,692
44,28,1.083010e-01,47.00000,35.00000,693
44,29,1.106930e-01,39.00000,36.00000,621
44,30,1.048344e-01,49.00000,30.00000,662
44,31,1.083878e-01,55.00000,30.00000,4759
44,32,1.045545e-01,49.00000,30.00000,663
44,33,1.041340e-01,52.00000,30.00000,1829
44,34,1.008562e-01,53.00000,35.00000,710
44,35,1.068091e-01,34.00000,40.00000,6380
44,36,1.045493e-01,45.00000,36.00000,729
44,37,1.057878e-01,48.00000,35.00000,676
44,38,1.010238e-01,44.00000,35.00000,690
44,39,1.055763e-01,37.00000,35.00000,712
44,40,1.001884e-01,54.00000,30.00000,706
44,41,1.004504e-01,54.00000,30.00000,3048
44,42,1.050979e-01,53.00000,30.00000,684
44,43,1.029302e-01,49.00000,30.00000,3957
44,44,1.106790e-01,39.00000,35.00000,622
44,45,1.088833e-01,45.00000,36.00000,5003
44,46,1.013917e-01,59.00000,30.00000,735
44,47,1.077379e-01,41.00000,36.00000,606
44,48,1.071561e-01,59.00000,30.00000,800
44,49,1.032493e-01,41.00000,35.00000,656
44,50,1.078478e-01,37.00000,36.00000,599
44,51,1.101795e-01,41.00000,36.00000,769
44,52,1.031821e-01,43.00000,36.00000,716
44,53,1.086423e-01,41.00000,35.00000,5495
44,54,1.055432e-01,53.00000,30.00000,755
44,55,1.120910e-01,26.00000,36.00000,4604
44,56,1.063975e-01,54.00000,30.00000,623
44,57,1.146324e-01,41.00000,36.00000,567
44,58,1.175991e-01,53.00000,30.00000,611
44,59,1.057563e-01,43.00000,36.00000,598
44,60,1.059168e-01,47.00000,35.00000,597
44,61,1.021475e-01,50.00000,35.00000,629
44,62,1.022156e-01,57.00000,30.00000,632
44,63,1.050885e-01,49.00000,35.00000,603
44,64,1.018295e-01,49.00000,30.00000,607
44,65,1.047372e-01,43.00000,35.00000,625
44,66,1.022753e-01,54.00000,30.00000,607
44,67,1.011184e-01,51.00000,30.00000,620
44,68,1.027790e-01,43.00000,35.00000,610
44,69,1.012263e-01,52.00000,30.00000,642
44,70,9.893996e-02,54.00000,30.00000,630
44,71,1.009478e-01,49.00000,30.00000,626
45,0,1.149479e-01,36.00000,36.00000,5675
45,1,1.120378e-01,39.00000,36.00000,693
45,2,1.090018e-01,41.00000,35.00000,622
45,3,1.103188e-01,41.00000,35.00000,702
45,4,1.184996e-01,30.00000,36.00000,559
45,5,1.043942e-01,48.00000,35.00000,703
45,6,1.116354e-01,40.00000,35.00000,647
45,7,1.107458e-01,45.00000,35.00000,681
45,8,1.096615e-01,36.00000,36.00000,650
45,9,1.049561e-01,53.00000,30.00000,673
45,10,1.113750e-01,41.00000,36.00000,2221
45,11,1.110939e-01,47.00000,35.00000,872
45,12,1.133257e-01,40.00000,36.00000,3845
45,13,1.075713e-01,61.00000,30.00000,764
45,14,1.116144e-01,35.00000,36.00000,592
45,15,1.105009e-01,49.00000,30.00000,674
45,16,1.097405e-01,45.00000,35.00000,670
45,17,1.092475e-01,49.00000,30.00000,675
45,18,1.137276e-01,39.00000,36.00000,730
45,19,1.097417e-01,46.00000,35.00000,782
45,20,1.126300e-01,36.00000,40.00000,7174
45,21,1.117982e-01,41.00000,36.00000,772
45,22,1.068507e-01,39.00000,36.00000,1538
45,23,1.140478e-01,33.00000,40.00000,712
45,24,1.084304e-01,43.00000,36.00000,1507
45,25,1.111299e-01,37.00000,36.00000,1889
45,26,1.128373e-01,49.00000,30.00000,635
45,27,9.879809e-02,59.00000,30.00000,743
45,28,1.045672e-01,49.00000,30.00000,673
45,29,1.037432e-01,56.00000,30.00000,719
45,30,1.064790e-01,50.00000,35.00000,4801
45,31,1.082163e-01,40.00000,35.00000,691
45,32,1.048263e-01,52.00000,30.00000,3485
45,33,1.083848e-01,43.00000,35.00000,704
45,34,1.050249e-01,33.00000,40.00000,1027
45,35,1.082747e-01,48.00000,35.00000,3578
45,36,1.028326e-01,51.00000,30.00000,684
45,37,1.120775e-01,37.00000,36.00000,617
45,38,1.090314e-01,49.00000,30.00000,638
45,39,1.033868e-01,43.00000,35.00000,700
45,40,1.106044e-01,35.00000,36.00000,5850
45,41,1.015418e-01,58.00000,30.00000,696
45,42,1.136612e-01,31.00000,36.00000,3299
45,43,1.095587e-01,42.00000,36.00000,650
45,44,1.062012e-01,44.00000,35.00000,589
45,45,1.089988e-01,37.00000,36.00000,2204
45,46,1.163965e-01,31.00000,36.00000,663
45,47,1.147169e-01,34.00000,40.00000,591
45,48,1.066827e-01,57.00000,30.00000,693
45,49,1.061261e-01,44.00000,35.00000,730
45,50,1.081891e-01,37.00000,35.00000,5263
45,51,1.093414e-01,38.00000,35.00000,646
45,52,1.031879e-01,47.00000,35.00000,4264
45,53,1.024916e-01,52.00000,30.00000,682
45,54,1.045017e-01,44.00000,35.00000,3110
45,55,1.064577e-01,46.00000,35.00000,647
45,56,1.074908e-01,44.00000,35.00000,643
45,57,1.135359e-01,25.00000,36.00000,672
45,58,1.030098e-01,49.00000,30.00000,739
45,59,1.021820e-01,54.00000,30.00000,756
45,60,1.069383e-01,39.00000,35.00000,1852
45,61,1.067599e-01,39.00000,36.00000,641
45,62,1.028682e-01,49.00000,30.00000,647
45,63,1.032792e-01,39.00000,40.00000,627
45,64,1.035813e-01,49.00000,30.00000,1445
45,65,1.050200e-01,53.00000,30.00000,610
45,66,1.112906e-01,41.00000,36.00000,576
45,67,1.101110e-01,38.00000,35.00000,605
45,68,1.053457e-01,52.00000,30.00000,598
45,69,1.051465e-01,57.00000,30.00000,633
45,70,1.017821e-01,55.00000,30.00000,620
45,71,1.065115e-01,47.00000,35.00000,588
46,0,1.059668e-01,38.00000,36.00000,8632
46,1,1.083679e-01,45.00000,36.00000,611
46,2,1.079554e-01,43.00000,36.00000,1173
46,3,1.065336e-01,38.00000,35.00000,647
46,4,1.011171e-01,56.00000,30.00000,734
46,5,1.119998e-01,45.00000,35.00000,663
46,6,1.003943e-01,54.00000,30.00000,622
46,7,1.127717e-01,40.00000,36.00000,677
46,8,1.034944e-01,52.00000,30.00000,732
46,9,1.036666e-01,53.00000,30.00000,695
46,10,1.067407e-01,43.00000,35.00000,9520
46,11,1.113973e-01,53.00000,30.00000,699
46,12,1.053365e-01,43.00000,35.00000,669
46,13,1.097910e-01,49.00000,35.00000,1347
46,14,1.079612e-01,37.00000,36.00000,670
46,15,1.040490e-01,37.00000,36.00000,730
46,16,1.091999e-01,49.00000,30.00000,652
46,17,1.073742e-01,41.00000,36.00000,622
46,18,1.061013e-01,53.00000,30.00000,729
46,19,1.024565e-01,41.00000,35.00000,674
46,20,1.030641e-01,49.00000,30.00000,8714
46,21,1.051228e-01,44.00000,35.00000,698
46,22,1.011717e-01,55.00000,30.00000,672
46,23,1.040604e-01,45.00000,35.00000,1101
46,24,1.075236e-01,50.00000,35.00000,668
46,25,1.038129e-01,44.00000,35.00000,711
46,26,1.042585e-01,39.00000,35.00000,717
46,27,1.045287e-01,49.00000,30.00000,651
46,28,1.024441e-01,49.00000,30.00000,701
46,29,1.057218e-01,43.00000,36.00000,705
46,30,1.090002e-01,41.00000,36.00000,12121
46,31,1.038730e-01,47.00000,35.00000,628
46,32,1.071731e-01,46.00000,35.00000,608
46,33,1.033608e-01,59.00000,30.00000,679
46,34,1.036827e-01,49.00000,30.00000,704
46,35,1.028082e-01,44.00000,35.00000,717
46,36,1.003551e-01,57.00000,30.00000,673
46,37,9.940565e-02,46.00000,35.00000,748
46,38,1.046529e-01,40.00000,36.00000,653
46,39,1.052545e-01,55.00000,30.00000,632
46,40,1.061359e-01,42.00000,35.00000,9350
46,41,1.011012e-01,49.00000,30.00000,754
46,42,1.040982e-01,41.00000,35.00000,662
46,43,1.048139e-01,41.00000,35.00000,622
46,44,1.054275e-01,40.00000,35.00000,723
46,45,1.040540e-01,47.00000,36.00000,733
46,46,1.035725e-01,58.00000,30.00000,667
46,47,1.002564e-01,48.00000,35.00000,677
46,48,1.031668e-01,46.00000,35.00000,734
46,49,1.024882e-01,49.00000,30.00000,693
46,50,1.052908e-01,42.00000,35.00000,12692
46,51,1.055910e-01,53.00000,30.00000,615
46,52,1.054854e-01,51.00000,35.00000,609
46,53,1.037939e-01,48.00000,35.00000,623
46,54,9.971457e-02,49.00000,30.00000,635
46,55,1.034555e-01,41.00000,35.00000,642
46,56,1.029436e-01,49.00000,30.00000,602
46,57,1.098832e-01,30.00000,36.00000,592
46,58,1.067155e-01,43.00000,35.00000,592
46,59,1.010972e-01,47.00000,35.00000,637
46,60,1.070817e-01,42.00000,36.00000,571
46,61,1.035374e-01,49.00000,36.00000,612
46,62,1.114567e-01,47.00000,35.00000,586
46,63,1.040771e-01,53.00000,30.00000,609
46,64,1.117152e-01,49.00000,30.00000,589
46,65,1.034326e-01,44.00000,35.00000,605
46,66,1.069970e-01,44.00000,35.00000,582
46,67,1.065177e-01,25.00000,36.00000,636
46,68,1.049243e-01,49.00000,30.00000,589
46,69,1.124498e-01,36.00000,36.00000,598
46,70,1.054989e-01,46.00000,35.00000,599
46,71,1.129821e-01,38.00000,35.00000,557
47,0,1.021128e-01,46.00000,35.00000,12162
47,1,1.010254e-01,60.00000,30.00000,752
47,2,1.023953e-01,55.00000,30.00000,713
47,3,9.965594e-02,49.00000,30.00000,773
47,4,1.006044e-01,49.00000,30.00000,717
47,5,1.013610e-01,58.00000,30.00000,820
47,6,1.000640e-01,54.00000,30.00000,705
47,7,1.011460e-01,53.00000,30.00000,699
47,8,1.023665e-01,45.00000,35.00000,736
47,9,1.036671e-01,43.00000,35.00000,683
47,10,1.028497e-01,54.00000,30.00000,8606
47,11,1.004584e-01,47.00000,35.00000,728
47,12,1.012152e-01,43.00000,35.00000,674
47,13,1.004797e-01,53.00000,30.00000,622
47,14,1.070533e-01,46.00000,35.00000,692
47,15,1.014464e-01,46.00000,35.00000,757
47,16,1.000767e-01,51.00000,30.00000,789
47,17,9.977409e-02,49.00000,30.00000,683
47,18,1.004555e-01,59.00000,30.00000,640
47,19,9.938791e-02,55.00000,30.00000,766
47,20,1.069949e-01,25.00000,36.00000,10323
47,21,1.052468e-01,55.00000,30.00000,725
47,22,1.075758e-01,58.00000,30.00000,1777
47,23,1.062574e-01,49.00000,30.00000,3427
47,24,1.077795e-01,35.00000,36.00000,717
47,25,1.019341e-01,42.00000,35.00000,689
47,26,1.033987e-01,45.00000,35.00000,685
47,27,1.011106e-01,49.00000,30.00000,673
47,28,1.038644e-01,38.00000,36.00000,695
47,29,1.050505e-01,54.00000,30.00000,740
47,30,1.076449e-01,54.00000,30.00000,4050
47,31,1.051292e-01,31.00000,36.00000,612
47,32,1.098886e-01,25.00000,36.00000,2103
47,33,1.000916e-01,60.00000,30.00000,5843
47,34,1.022550e-01,48.00000,35.00000,689
47,35,1.048104e-01,44.00000,35.00000,631
47,36,1.096596e-01,39.00000,36.00000,633
47,37,1.096813e-01,49.00000,35.00000,729
47,38,1.058450e-01,50.00000,30.00000,611
47,39,1.048661e-01,49.00000,35.00000,650
47,40,1.012544e-01,58.00000,30.00000,3726
47,41,1.027886e-01,54.00000,30.00000,694
47,42,1.080234e-01,48.00000,35.00000,2061
47,43,1.069059e-01,59.00000,30.00000,6376
47,44,1.098631e-01,25.00000,36.00000,730
47,45,1.103438e-01,42.00000,36.00000,734
47,46,1.008067e-01,54.00000,30.00000,663
47,47,1.069885e-01,37.00000,35.00000,720
47,48,9.972097e-02,56.00000,30.00000,710
47,49,1.063338e-01,47.00000,35.00000,671
47,50,1.017094e-01,45.00000,36.00000,4689
47,51,1.115948e-01,31.00000,36.00000,745
47,52,1.088811e-01,35.00000,36.00000,707
47,53,1.003044e-01,53.00000,30.00000,5408
47,54,1.070748e-01,39.00000,36.00000,586
47,55,1.035960e-01,44.00000,35.00000,702
47,56,1.002799e-01,54.00000,30.00000,672
47,57,1.080327e-01,31.00000,36.00000,703
47,58,1.027928e-01,53.00000,30.00000,682
47,59,1.113197e-01,30.00000,36.00000,608
47,60,1.019829e-01,46.00000,35.00000,713
47,61,1.096109e-01,36.00000,36.00000,581
47,62,1.037878e-01,61.00000,30.00000,650
47,63,1.140067e-01,25.00000,36.00000,1157
47,64,1.074174e-01,37.00000,35.00000,599
47,65,1.034561e-01,54.00000,30.00000,608
47,66,1.062606e-01,35.00000,36.00000,591
47,67,1.040502e-01,39.00000,35.00000,650
47,68,1.001763e-01,57.00000,30.00000,630
47,69,1.055245e-01,49.00000,30.00000,589
47,70,1.079938e-01,40.00000,36.00000,572
47,71,1.067831e-01,45.00000,35.00000,593
48,0,1.077656e-01,45.00000,36.00000,7787
48,1,1.063902e-01,35.00000,36.00000,762
48,2,1.076292e-01,44.00000,35.00000,652
48,3,1.094889e-01,42.00000,35.00000,593
48,4,1.063613e-01,43.00000,35.00000,710
48,5,1.102511e-01,41.00000,35.00000,617
48,6,1.081103e-01,40.00000,35.00000,737
48,7,1.083957e-01,38.00000,35.00000,667
48,8,1.128751e-01,37.00000,36.00000,651
48,9,1.062995e-01,42.00000,36.00000,616
48,10,1.024839e-01,53.00000,30.00000,7371
48,11,1.044493e-01,41.00000,36.00000,709
48,12,1.017768e-01,53.00000,30.00000,760
48,13,1.016956e-01,43.00000,36.00000,652
48,14,1.046129e-01,57.00000,30.00000,640
48,15,1.025221e-01,50.00000,35.00000,756
48,16,1.006620e-01,46.00000,35.00000,649
48,17,1.059618e-01,42.00000,35.00000,743
48,18,1.042937e-01,42.00000,35.00000,637
48,19,1.006142e-01,43.00000,35.00000,694
48,20,1.031414e-01,48.00000,35.00000,10427
48,21,1.022090e-01,43.00000,35.00000,671
48,22,1.008689e-01,45.00000,35.00000,733
48,23,1.052754e-01,40.00000,35.00000,707
48,24,1.009617e-01,53.00000,30.00000,669
48,25,1.066081e-01,44.00000,35.00000,663
48,26,1.043426e-01,42.00000,35.00000,649
48,27,1.059108e-01,40.00000,35.00000,690
48,28,1.036140e-01,53.00000,30.00000,705
48,29,1.029022e-01,43.00000,35.00000,709
48,30,1.052655e-01,40.00000,35.00000,9980
48,31,1.047962e-01,48.00000,35.00000,753
48,32,1.032655e-01,49.00000,30.00000,741
48,33,1.076237e-01,30.00000,36.00000,670
48,34,1.106030e-01,37.00000,36.00000,669
48,35,1.052354e-01,37.00000,36.00000,637
48,36,1.086958e-01,37.00000,36.00000,733
48,37,1.044197e-01,45.00000,36.00000,754
48,38,1.065346e-01,53.00000,30.00000,634
48,39,1.072635e-01,53.00000,30.00000,669
48,40,1.001268e-01,42.00000,35.00000,9594
48,41,1.078198e-01,43.00000,35.00000,644
48,42,1.021828e-01,53.00000,30.00000,699
48,43,1.056656e-01,41.00000,35.00000,675
48,44,1.050084e-01,49.00000,30.00000,721
48,45,1.042557e-01,55.00000,30.00000,697
48,46,9.962940e-02,43.00000,36.00000,708
48,47,1.042131e-01,45.00000,35.00000,851
48,48,1.025448e-01,46.00000,36.00000,798
48,49,9.838275e-02,55.00000,30.00000,668
48,50,1.030603e-01,48.00000,36.00000,8971
48,51,1.051420e-01,52.00000,30.00000,703
48,52,1.042138e-01,54.00000,30.00000,842
48,53,9.751289e-02,55.00000,30.00000,679
48,54,1.038166e-01,46.00000,35.00000,988
48,55,1.093643e-01,39.00000,36.00000,609
48,56,1.098735e-01,30.00000,36.00000,664
48,57,1.027073e-01,49.00000,35.00000,1359
48,58,1.101183e-01,30.00000,36.00000,582
48,59,1.108759e-01,35.00000,36.00000,619
48,60,9.957661e-02,55.00000,30.00000,4005
48,61,1.051550e-01,54.00000,30.00000,614
48,62,1.025763e-01,38.00000,36.00000,616
48,63,1.051329e-01,57.00000,30.00000,631
48,64,1.005751e-01,49.00000,30.00000,602
48,65,1.042392e-01,42.00000,35.00000,590
48,66,1.023749e-01,39.00000,35.00000,619
48,67,1.040643e-01,49.00000,30.00000,593
48,68,1.035799e-01,40.00000,35.00000,598
48,69,1.020303e-01,43.00000,35.00000,595
48,70,1.024821e-01,47.00000,35.00000,609
48,71,9.907445e-02,53.00000,30.00000,611
49,0,1.052047e-01,45.00000,35.00000,8894
49,1,1.021783e-01,41.00000,36.00000,792
49,2,1.028668e-01,41.00000,35.00000,643
49,3,9.994921e-02,50.00000,35.00000,611
49,4,1.004755e-01,48.00000,35.00000,811
49,5,1.035089e-01,58.00000,30.00000,653
49,6,1.067600e-01,56.00000,30.00000,681
49,7,1.002693e-01,54.00000,30.00000,696
49,8,9.712248e-02,51.00000,30.00000,723
49,9,1.047612e-01,39.00000,35.00000,667
49,10,1.022405e-01,45.00000,35.00000,8755
49,11,1.050848e-01,55.00000,30.00000,757
49,12,9.738676e-02,49.00000,30.00000,657
49,13,1.036016e-01,46.00000,35.00000,655
49,14,1.074302e-01,36.00000,36.00000,642
49,15,1.027782e-01,49.00000,30.00000,736
49,16,1.020487e-01,49.00000,30.00000,700
49,17,1.007363e-01,53.00000,30.00000,657
49,18,1.024047e-01,30.00000,36.00000,696
49,19,1.087214e-01,42.00000,35.00000,676
49,20,1.052315e-01,41.00000,36.00000,9551
49,21,1.092696e-01,42.00000,36.00000,623
49,22,1.045274e-01,37.00000,36.00000,732
49,23,1.032277e-01,44.00000,35.00000,659
49,24,1.054838e-01,41.00000,35.00000,632
49,25,1.098084e-01,55.00000,30.00000,685
49,26,1.046212e-01,46.00000,35.00000,658
49,27,1.094070e-01,45.00000,35.00000,727
49,28,1.087106e-01,44.00000,35.00000,642
49,29,1.043994e-01,46.00000,35.00000,697
49,30,9.792520e-02,52.00000,35.00000,12502
49,31,1.010294e-01,49.00000,30.00000,692
49,32,1.030780e-01,47.00000,36.00000,692
49,33,1.013661e-01,42.00000,35.00000,652
49,34,1.074397e-01,35.00000,36.00000,651
49,35,1.084839e-01,57.00000,30.00000,629
49,36,1.018400e-01,46.00000,35.00000,791
49,37,1.004200e-01,54.00000,30.00000,623
49,38,1.013720e-01,57.00000,30.00000,734
49,39,9.872092e-02,43.00000,36.00000,713
49,40,1.090039e-01,43.00000,35.00000,9203
49,41,1.025455e-01,40.00000,35.00000,628
49,42,1.033839e-01,42.00000,36.00000,676
49,43,1.064674e-01,41.00000,36.00000,662
49,44,9.914557e-02,53.00000,30.00000,657
49,45,1.003854e-01,55.00000,30.00000,662
49,46,1.018730e-01,51.00000,30.00000,640
49,47,1.008256e-01,55.00000,30.00000,747
49,48,1.002243e-01,55.00000,30.00000,702
49,49,1.029864e-01,49.00000,30.00000,668
49,50,1.031415e-01,49.00000,30.00000,11973
49,51,1.050823e-01,40.00000,36.00000,738
49,52,1.051914e-01,40.00000,36.00000,670
49,53,1.073496e-01,48.00000,35.00000,668
49,54,1.037470e-01,40.00000,35.00000,644
49,55,1.053476e-01,55.00000,30.00000,665
49,56,9.976232e-02,49.00000,30.00000,661
49,57,1.016188e-01,44.00000,35.00000,595
49,58,1.059019e-01,31.00000,36.00000,623
49,59,1.062231e-01,45.00000,35.00000,620
49,60,1.038964e-01,49.00000,30.00000,3330
49,61,1.110275e-01,36.00000,36.00000,590
49,62,1.102067e-01,39.00000,36.00000,571
49,63,1.030440e-01,55.00000,30.00000,620
49,64,9.964928e-02,49.00000,30.00000,612
49,65,1.102085e-01,35.00000,36.00000,563
49,66,1.021667e-01,37.00000,36.00000,616
49,67,1.033603e-01,45.00000,35.00000,584
49,68,1.131320e-01,49.00000,30.00000,589
49,69,9.989925e-02,49.00000,30.00000,609
49,70,1.033633e-01,42.00000,35.00000,591
49,71,1.036516e-01,41.00000,40.00000,625
50,0,1.069093e-01,36.00000,36.00000,7872
50,1,1.024960e-01,36.00000,40.00000,697
50,2,1.033507e-01,59.00000,30.00000,731
50,3,9.952393e-02,45.00000,35.00000,642
50,4,1.053994e-01,37.00000,35.00000,676
50,5,1.003734e-01,54.00000,30.00000,781
50,6,9.783586e-02,55.00000,30.00000,723
50,7,1.045878e-01,46.00000,35.00000,630
50,8,9.794259e-02,53.00000,30.00000,747
50,9,1.038079e-01,55.00000,30.00000,668
50,10,9.950230e-02,51.00000,30.00000,10430
50,11,9.999897e-02,48.00000,35.00000,724
50,12,1.012115e-01,36.00000,35.00000,716
50,13,1.014437e-01,43.00000,35.00000,692
50,14,1.047092e-01,44.00000,35.00000,701
50,15,1.052282e-01,36.00000,36.00000,677
50,16,1.045953e-01,45.00000,35.00000,646
50,17,1.056546e-01,43.00000,35.00000,691
50,18,1.022020e-01,53.00000,30.00000,719
50,19,1.038659e-01,49.00000,35.00000,762
50,20,1.030102e-01,42.00000,36.00000,9314
50,21,1.043341e-01,46.00000,35.00000,660
50,22,1.061152e-01,43.00000,35.00000,653
50,23,1.068177e-01,42.00000,35.00000,700
50,24,1.001196e-01,48.00000,35.00000,624
50,25,1.079483e-01,25.00000,36.00000,726
50,26,1.024593e-01,54.00000,30.00000,651
50,27,1.044025e-01,49.00000,30.00000,678
50,28,1.003842e-01,45.00000,35.00000,709
50,29,1.053602e-01,37.00000,36.00000,693
50,30,1.025272e-01,30.00000,36.00000,8059
50,31,1.004650e-01,55.00000,30.00000,1590
50,32,1.001245e-01,40.00000,36.00000,670
50,33,1.028231e-01,46.00000,35.00000,699
50,34,9.716678e-02,56.00000,30.00000,2401
50,35,9.835491e-02,53.00000,30.00000,750
50,36,1.040151e-01,47.00000,35.00000,1602
50,37,1.024645e-01,55.00000,30.00000,769
50,38,1.055060e-01,44.00000,35.00000,717
50,39,1.028749e-01,53.00000,30.00000,626
50,40,1.023898e-01,55.00000,30.00000,9006
50,41,1.002068e-01,45.00000,35.00000,649
50,42,9.919826e-02,46.00000,36.00000,756
50,43,1.058515e-01,43.00000,35.00000,638
50,44,1.004009e-01,49.00000,30.00000,727
50,45,1.025314e-01,49.00000,30.00000,624
50,46,1.065499e-01,40.00000,35.00000,3493
50,47,1.038498e-01,41.00000,35.00000,716
50,48,1.030607e-01,45.00000,35.00000,762
50,49,1.077374e-01,40.00000,35.00000,639
50,50,1.013938e-01,42.00000,35.00000,8743
50,51,1.007328e-01,57.00000,30.00000,640
50,52,9.765588e-02,55.00000,30.00000,733
50,53,1.057384e-01,49.00000,30.00000,693
50,54,1.089470e-01,45.00000,35.00000,662
50,55,1.020641e-01,49.00000,30.00000,706
50,56,1.051123e-01,36.00000,36.00000,641
50,57,1.047742e-01,37.00000,36.00000,714
50,58,1.010507e-01,58.00000,30.00000,639
50,59,1.050000e-01,30.00000,36.00000,676
50,60,9.967067e-02,37.00000,36.00000,3888
50,61,9.791494e-02,57.00000,30.00000,630
50,62,1.074183e-01,37.00000,36.00000,604
50,63,1.042327e-01,49.00000,30.00000,591
50,64,9.960815e-02,45.00000,35.00000,631
50,65,9.721061e-02,60.00000,30.00000,638
50,66,1.001442e-01,47.00000,35.00000,615
50,67,1.043424e-01,42.00000,35.00000,586
50,68,1.004175e-01,56.00000,30.00000,616
50,69,9.973548e-02,49.00000,30.00000,606
50,70,9.848709e-02,52.00000,30.00000,607
50,71,9.757464e-02,58.00000,30.00000,625
51,0,1.019323e-01,54.00000,30.00000,214038
51,1,1.034902e-01,45.00000,35.00000,600
51,2,1.013274e-01,49.00000,30.00000,629
51,3,1.035652e-01,43.00000,36.00000,668
51,4,9.964619e-02,41.00000,35.00000,646
51,5,1.002755e-01,45.00000,35.00000,692
51,6,9.893770e-02,50.00000,35.00000,710
51,7,9.701890e-02,56.00000,30.00000,631
51,8,9.908823e-02,49.00000,30.00000,695
51,9,1.034272e-01,49.00000,30.00000,621
51,10,1.065646e-01,35.00000,36.00000,6081
51,11,1.010953e-01,58.00000,30.00000,851
51,12,1.005262e-01,46.00000,35.00000,663
51,13,1.055565e-01,38.00000,40.00000,632
51,14,1.047354e-01,55.00000,30.00000,733
51,15,9.747691e-02,55.00000,30.00000,659
51,16,1.025902e-01,41.00000,35.00000,689
51,17,1.036739e-01,46.00000,35.00000,727
51,18,1.004377e-01,49.00000,35.00000,630
51,19,9.995902e-02,42.00000,36.00000,807
51,20,1.000766e-01,49.00000,30.00000,11125
51,21,9.978872e-02,49.00000,30.00000,748
51,22,9.968849e-02,48.00000,35.00000,710
51,23,9.873926e-02,53.00000,30.00000,671
51,24,1.002468e-01,49.00000,30.00000,667
51,25,9.855436e-02,38.00000,40.00000,700
51,26,1.007819e-01,45.00000,35.00000,682
51,27,1.035690e-01,39.00000,35.00000,673
51,28,1.020791e-01,49.00000,30.00000,645
51,29,1.046115e-01,35.00000,36.00000,755
51,30,1.097945e-01,34.00000,40.00000,11643
51,31,9.764436e-02,53.00000,30.00000,713
51,32,1.006954e-01,53.00000,30.00000,624
51,33,1.032053e-01,44.00000,35.00000,685
51,34,9.752171e-02,55.00000,30.00000,660
51,35,1.066239e-01,35.00000,36.00000,669
51,36,1.018313e-01,46.00000,35.00000,708
51,37,1.010258e-01,42.00000,35.00000,642
51,38,1.026272e-01,46.00000,35.00000,775
51,39,1.088234e-01,37.00000,36.00000,656
51,40,9.808914e-02,56.00000,30.00000,5671
51,41,9.834088e-02,46.00000,35.00000,691
51,42,1.015163e-01,55.00000,30.00000,742
51,43,1.062269e-01,30.00000,40.00000,636
51,44,9.843784e-02,54.00000,30.00000,737
51,45,1.044136e-01,49.00000,30.00000,717
51,46,1.084537e-01,31.00000,36.00000,614
51,47,1.011861e-01,48.00000,35.00000,697
51,48,1.009140e-01,51.00000,35.00000,648
51,49,9.807774e-02,57.00000,30.00000,699
51,50,1.019601e-01,40.00000,40.00000,13320
51,51,1.078374e-01,35.00000,36.00000,650
51,52,1.039276e-01,49.00000,35.00000,729
51,53,1.094793e-01,48.00000,35.00000,625
51,54,1.069239e-01,54.00000,30.00000,678
51,55,1.101630e-01,39.00000,35.00000,638
51,56,1.074825e-01,43.00000,35.00000,707
51,57,1.051337e-01,54.00000,30.00000,681
51,58,1.108754e-01,38.00000,35.00000,599
51,59,1.078537e-01,49.00000,30.00000,635
51,60,1.060801e-01,55.00000,30.00000,3418
51,61,1.158023e-01,48.00000,35.00000,598
51,62,1.122881e-01,31.00000,36.00000,571
51,63,1.106342e-01,45.00000,35.00000,572
51,64,1.106657e-01,37.00000,36.00000,579
51,65,1.054218e-01,40.00000,35.00000,611
51,66,1.111357e-01,35.00000,36.00000,601
51,67,1.045292e-01,53.00000,30.00000,611
51,68,1.108714e-01,45.00000,35.00000,584
51,69,1.041450e-01,49.00000,30.00000,609
51,70,1.036202e-01,47.00000,35.00000,599
51,71,1.042702e-01,45.00000,35.00000,601
52,0,1.041208e-01,49.00000,35.00000,8966
52,1,1.017393e-01,49.00000,30.00000,784
52,2,1.066161e-01,54.00000,35.00000,819
52,3,1.027211e-01,46.00000,35.00000,722
52,4,1.029123e-01,41.00000,36.00000,593
52,5,1.027600e-01,47.00000,35.00000,686
52,6,1.032190e-01,47.00000,35.00000,642
52,7,1.052451e-01,49.00000,30.00000,643
52,8,1.040661e-01,41.00000,35.00000,760
52,9,1.064866e-01,43.00000,35.00000,659
52,10,9.626536e-02,56.00000,30.00000,11221
52,11,1.072380e-01,52.00000,30.00000,625
52,12,1.002684e-01,45.00000,35.00000,659
52,13,9.881207e-02,55.00000,30.00000,693
52,14,9.897753e-02,49.00000,30.00000,707
52,15,1.012026e-01,54.00000,30.00000,743
52,16,1.030234e-01,52.00000,30.00000,641
52,17,9.645078e-02,55.00000,30.00000,762
52,18,9.865677e-02,48.00000,35.00000,760
52,19,1.037703e-01,31.00000,36.00000,790
52,20,1.039801e-01,41.00000,35.00000,10745
52,21,9.875888e-02,49.00000,35.00000,632
52,22,1.022962e-01,46.00000,35.00000,684
52,23,1.022599e-01,57.00000,30.00000,1003
52,24,9.680581e-02,49.00000,30.00000,666
52,25,1.025070e-01,57.00000,30.00000,692
52,26,1.025590e-01,37.00000,36.00000,688
52,27,1.019166e-01,49.00000,30.00000,665
52,28,1.011834e-01,37.00000,40.00000,663
52,29,1.013254e-01,47.00000,35.00000,721
52,30,1.040235e-01,58.00000,30.00000,9668
52,31,1.110573e-01,30.00000,36.00000,734
52,32,1.072264e-01,45.00000,35.00000,652
52,33,1.026368e-01,45.00000,35.00000,2477
52,34,1.061274e-01,30.00000,36.00000,674
52,35,1.043829e-01,38.00000,35.00000,669
52,36,1.101539e-01,30.00000,36.00000,719
52,37,1.057057e-01,43.00000,35.00000,703
52,38,1.053664e-01,44.00000,35.00000,666
52,39,1.019970e-01,46.00000,35.00000,752
52,40,1.059581e-01,35.00000,36.00000,7840
52,41,1.049777e-01,40.00000,36.00000,700
52,42,1.050953e-01,35.00000,36.00000,603
52,43,1.019650e-01,49.00000,30.00000,3826
52,44,1.057330e-01,52.00000,30.00000,676
52,45,1.080225e-01,31.00000,36.00000,663
52,46,1.026119e-01,31.00000,36.00000,735
52,47,1.088672e-01,30.00000,36.00000,673
52,48,1.060179e-01,33.00000,40.00000,679
52,49,1.006880e-01,57.00000,30.00000,703
52,50,9.951752e-02,54.00000,30.00000,8228
52,51,9.901953e-02,48.00000,35.00000,697
52,52,1.009164e-01,54.00000,30.00000,709
52,53,1.035383e-01,49.00000,30.00000,5476
52,54,1.020284e-01,50.00000,35.00000,632
52,55,1.027676e-01,57.00000,30.00000,629
52,56,9.945512e-02,59.00000,30.00000,642
52,57,1.010750e-01,51.00000,30.00000,606
52,58,1.024571e-01,37.00000,36.00000,615
52,59,9.954771e-02,44.00000,35.00000,617
52,60,1.009883e-01,49.00000,30.00000,611
52,61,1.037488e-01,31.00000,36.00000,616
52,62,9.712566e-02,49.00000,30.00000,640
52,63,1.111257e-01,31.00000,36.00000,597
52,64,1.008987e-01,55.00000,30.00000,620
52,65,1.007383e-01,48.00000,35.00000,598
52,66,1.022186e-01,43.00000,35.00000,596
52,67,1.009016e-01,49.00000,30.00000,593
52,68,1.003905e-01,39.00000,36.00000,609
52,69,1.089198e-01,48.00000,35.00000,597
52,70,1.029608e-01,45.00000,35.00000,605
52,71,1.104173e-01,25.00000,36.00000,569
53,0,1.032625e-01,43.00000,36.00000,4702
53,1,1.117479e-01,25.00000,36.00000,4382
53,2,1.066094e-01,37.00000,36.00000,692
53,3,9.691814e-02,54.00000,30.00000,754
53,4,1.023359e-01,41.00000,36.00000,693
53,5,1.017053e-01,49.00000,30.00000,590
53,6,1.016605e-01,43.00000,36.00000,810
53,7,1.030420e-01,57.00000,30.00000,717
53,8,1.079289e-01,53.00000,30.00000,627
53,9,1.074067e-01,47.00000,35.00000,699
53,10,1.037423e-01,45.00000,35.00000,7880
53,11,1.040454e-01,44.00000,35.00000,6952
53,12,9.601451e-02,55.00000,30.00000,727
53,13,1.053798e-01,54.00000,30.00000,634
53,14,1.088054e-01,60.00000,30.00000,660
53,15,1.050138e-01,43.00000,35.00000,656
53,16,1.019494e-01,43.00000,36.00000,680
53,17,9.799499e-02,35.00000,36.00000,757
53,18,1.005429e-01,43.00000,35.00000,738
53,19,9.932040e-02,44.00000,35.00000,655
53,20,1.065955e-01,31.00000,36.00000,5957
53,21,9.789903e-02,48.00000,35.00000,4055
53,22,9.530405e-02,54.00000,30.00000,652
53,23,9.860756e-02,49.00000,30.00000,749
53,24,1.040270e-01,43.00000,35.00000,614
53,25,1.002377e-01,46.00000,35.00000,691
53,26,1.044694e-01,38.00000,36.00000,599
53,27,1.082397e-01,30.00000,36.00000,629
53,28,9.908722e-02,55.00000,30.00000,750
53,29,1.067794e-01,37.00000,35.00000,723
53,30,9.971485e-02,49.00000,30.00000,14351
53,31,1.032602e-01,43.00000,36.00000,685
53,32,9.862371e-02,52.00000,35.00000,671
53,33,1.009787e-01,43.00000,35.00000,650
53,34,9.634761e-02,55.00000,30.00000,729
53,35,9.636310e-02,56.00000,30.00000,663
53,36,9.867857e-02,49.00000,30.00000,683
53,37,1.013963e-01,41.00000,35.00000,699
53,38,9.947251e-02,49.00000,30.00000,767
53,39,9.618141e-02,50.00000,35.00000,704
53,40,1.008603e-01,49.00000,30.00000,10176
53,41,1.016979e-01,43.00000,36.00000,670
53,42,1.055610e-01,37.00000,35.00000,659
53,43,9.884932e-02,55.00000,30.00000,693
53,44,9.942859e-02,47.00000,35.00000,610
53,45,9.574520e-02,53.00000,30.00000,689
53,46,1.042003e-01,38.00000,35.00000,677
53,47,1.005125e-01,48.00000,35.00000,654
53,48,9.557495e-02,53.00000,30.00000,674
53,49,1.011189e-01,57.00000,30.00000,689
53,50,9.855658e-02,46.00000,35.00000,10030
53,51,9.850557e-02,45.00000,35.00000,666
53,52,1.026193e-01,43.00000,35.00000,709
53,53,9.792677e-02,43.00000,35.00000,660
53,54,1.005831e-01,48.00000,35.00000,665
53,55,9.875721e-02,53.00000,30.00000,733
53,56,1.006234e-01,42.00000,35.00000,721
53,57,9.641522e-02,59.00000,30.00000,701
53,58,9.670541e-02,49.00000,30.00000,642
53,59,9.737277e-02,57.00000,30.00000,636
53,60,9.742078e-02,53.00000,30.00000,1509
53,61,1.005081e-01,52.00000,30.00000,607
53,62,9.863405e-02,47.00000,35.00000,630
53,63,9.897653e-02,42.00000,35.00000,608
53,64,9.795856e-02,47.00000,35.00000,606
53,65,1.011337e-01,45.00000,35.00000,622
53,66,1.012494e-01,47.00000,35.00000,586
53,67,9.960150e-02,44.00000,35.00000,592
53,68,1.008431e-01,43.00000,36.00000,617
53,69,1.066137e-01,31.00000,36.00000,602
53,70,9.908482e-02,51.00000,30.00000,599
53,71,1.020515e-01,49.00000,35.00000,599
54,0,9.891912e-02,41.00000,36.00000,11359
54,1,1.036893e-01,54.00000,30.00000,1661
54,2,9.675501e-02,59.00000,30.00000,721
54,3,9.887629e-02,45.00000,35.00000,690
54,4,9.867875e-02,54.00000,30.00000,713
54,5,9.746829e-02,53.00000,30.00000,725
54,6,1.008402e-01,30.00000,36.00000,763
54,7,9.806921e-02,48.00000,35.00000,733
54,8,9.674834e-02,57.00000,30.00000,680
54,9,1.027354e-01,40.00000,35.00000,682
54,10,9.712254e-02,43.00000,35.00000,4398
54,11,1.047457e-01,49.00000,30.00000,3227
54,12,9.853567e-02,40.00000,36.00000,3003
54,13,1.040586e-01,40.00000,36.00000,640
54,14,1.003121e-01,49.00000,30.00000,666
54,15,9.714092e-02,55.00000,30.00000,674
54,16,1.004163e-01,42.00000,35.00000,686
54,17,9.630622e-02,53.00000,30.00000,657
54,18,9.444930e-02,49.00000,30.00000,726
54,19,9.876371e-02,50.00000,35.00000,676
54,20,1.035238e-01,49.00000,30.00000,4252
54,21,9.931704e-02,40.00000,35.00000,2626
54,22,1.025839e-01,36.00000,36.00000,5485
54,23,1.006923e-01,43.00000,35.00000,661
54,24,1.054261e-01,36.00000,40.00000,675
54,25,1.014385e-01,46.00000,35.00000,733
54,26,1.013433e-01,47.00000,35.00000,668
54,27,9.912217e-02,49.00000,30.00000,710
54,28,1.045295e-01,30.00000,36.00000,641
54,29,1.026300e-01,37.00000,36.00000,635
54,30,1.024619e-01,52.00000,35.00000,5967
54,31,1.012842e-01,49.00000,30.00000,1023
54,32,9.485383e-02,49.00000,30.00000,5650
54,33,9.638192e-02,54.00000,30.00000,711
54,34,9.784294e-02,49.00000,30.00000,656
54,35,1.013746e-01,40.00000,35.00000,694
54,36,9.761475e-02,53.00000,30.00000,715
54,37,9.668831e-02,43.00000,36.00000,720
54,38,9.962305e-02,55.00000,30.00000,730
54,39,1.025928e-01,49.00000,30.00000,731
54,40,1.035093e-01,37.00000,36.00000,9210
54,41,9.916645e-02,55.00000,30.00000,709
54,42,9.868161e-02,49.00000,30.00000,1711
54,43,9.682091e-02,43.00000,35.00000,645
54,44,1.025453e-01,55.00000,30.00000,769
54,45,1.002980e-01,40.00000,36.00000,685
54,46,1.030958e-01,35.00000,36.00000,657
54,47,9.578974e-02,42.00000,35.00000,696
54,48,1.004937e-01,53.00000,30.00000,667
54,49,9.850508e-02,53.00000,30.00000,701
54,50,1.002315e-01,50.00000,30.00000,8375
54,51,9.917739e-02,44.00000,35.00000,684
54,52,9.917928e-02,44.00000,35.00000,2086
54,53,9.610820e-02,53.00000,30.00000,645
54,54,1.021789e-01,43.00000,35.00000,645
54,55,9.755634e-02,48.00000,35.00000,683
54,56,1.022349e-01,49.00000,30.00000,679
54,57,1.038338e-01,30.00000,36.00000,686
54,58,1.036332e-01,48.00000,35.00000,684
54,59,1.024558e-01,37.00000,36.00000,657
54,60,1.032741e-01,36.00000,36.00000,3822
54,61,1.022961e-01,46.00000,36.00000,604
54,62,9.666058e-02,51.00000,35.00000,624
54,63,1.025986e-01,45.00000,35.00000,593
54,64,9.697577e-02,54.00000,30.00000,609
54,65,1.046390e-01,35.00000,36.00000,595
54,66,9.660000e-02,56.00000,30.00000,615
54,67,1.049357e-01,44.00000,35.00000,580
54,68,9.853639e-02,54.00000,30.00000,613
54,69,9.851460e-02,40.00000,35.00000,597
54,70,1.031560e-01,42.00000,35.00000,584
54,71,1.004891e-01,43.00000,36.00000,599
55,0,1.010226e-01,47.00000,35.00000,5163
55,1,9.982596e-02,38.00000,35.00000,838
55,2,1.016145e-01,35.00000,36.00000,746
55,3,1.002271e-01,49.00000,30.00000,672
55,4,1.004245e-01,35.00000,36.00000,702
55,5,1.066946e-01,30.00000,36.00000,691
55,6,1.012060e-01,54.00000,30.00000,696
55,7,9.674251e-02,49.00000,30.00000,706
55,8,9.971453e-02,51.00000,30.00000,715
55,9,9.943494e-02,52.00000,35.00000,753
55,10,9.915394e-02,54.00000,30.00000,3612
55,11,1.034546e-01,37.00000,36.00000,5954
55,12,1.006883e-01,46.00000,35.00000,653
55,13,1.010255e-01,55.00000,30.00000,664
55,14,9.882050e-02,43.00000,35.00000,690
55,15,1.014639e-01,37.00000,35.00000,673
55,16,1.032422e-01,43.00000,35.00000,706
55,17,1.101313e-01,31.00000,36.00000,692
55,18,9.854081e-02,43.00000,36.00000,725
55,19,1.046021e-01,40.00000,36.00000,603
55,20,1.012691e-01,43.00000,36.00000,6238
55,21,9.862316e-02,48.00000,35.00000,5122
55,22,9.885479e-02,53.00000,30.00000,639
55,23,1.054975e-01,35.00000,36.00000,605
55,24,9.771934e-02,49.00000,30.00000,726
55,25,9.902005e-02,54.00000,30.00000,781
55,26,1.035892e-01,45.00000,35.00000,696
55,27,9.831657e-02,53.00000,30.00000,660
55,28,9.866181e-02,35.00000,36.00000,645
55,29,1.013744e-01,39.00000,36.00000,709
55,30,9.805644e-02,52.00000,30.00000,5648
55,31,9.640378e-02,46.00000,35.00000,5631
55,32,9.804174e-02,55.00000,30.00000,620
55,33,9.689687e-02,40.00000,36.00000,766
55,34,9.648677e-02,54.00000,30.00000,664
55,35,9.732564e-02,49.00000,30.00000,726
55,36,9.931269e-02,42.00000,35.00000,683
55,37,9.864820e-02,44.00000,35.00000,821
55,38,1.029918e-01,35.00000,36.00000,615
55,39,9.747077e-02,55.00000,30.00000,690
55,40,1.012344e-01,49.00000,35.00000,7208
55,41,1.056055e-01,39.00000,36.00000,4908
55,42,1.017766e-01,53.00000,30.00000,723
55,43,9.752645e-02,57.00000,30.00000,630
55,44,1.047734e-01,38.00000,35.00000,636
55,45,1.025913e-01,25.00000,36.00000,658
55,46,9.933298e-02,53.00000,30.00000,649
55,47,1.033769e-01,45.00000,35.00000,698
55,48,1.006785e-01,39.00000,36.00000,605
55,49,1.040494e-01,45.00000,35.00000,675
55,50,1.002978e-01,45.00000,35.00000,4897
55,51,9.966212e-02,36.00000,36.00000,4903
55,52,1.001530e-01,38.00000,35.00000,787
55,53,1.077698e-01,47.00000,35.00000,689
55,54,9.949096e-02,53.00000,30.00000,632
55,55,1.004981e-01,45.00000,35.00000,706
55,56,9.991511e-02,48.00000,35.00000,641
55,57,1.028717e-01,39.00000,35.00000,662
55,58,9.682121e-02,50.00000,30.00000,656
55,59,9.774112e-02,55.00000,30.00000,653
55,60,1.030231e-01,41.00000,36.00000,3484
55,61,1.039702e-01,40.00000,35.00000,563
55,62,9.636371e-02,47.00000,35.00000,631
55,63,9.937740e-02,35.00000,36.00000,628
55,64,9.924951e-02,47.00000,35.00000,590
55,65,9.828274e-02,43.00000,36.00000,642
55,66,1.007209e-01,55.00000,30.00000,619
55,67,9.610209e-02,53.00000,30.00000,622
55,68,9.841707e-02,55.00000,30.00000,633
55,69,1.020001e-01,31.00000,36.00000,592
55,70,9.756926e-02,43.00000,35.00000,625
55,71,9.752891e-02,57.00000,30.00000,630
56,0,9.451894e-02,49.00000,30.00000,4280
56,1,9.739168e-02,37.00000,36.00000,852
56,2,9.651483e-02,43.00000,36.00000,1025
56,3,9.544577e-02,55.00000,30.00000,744
56,4,9.702199e-02,57.00000,30.00000,799
56,5,9.947555e-02,52.00000,30.00000,734
56,6,1.004481e-01,40.00000,35.00000,674
56,7,1.032422e-01,48.00000,36.00000,654
56,8,1.015318e-01,51.00000,30.00000,642
56,9,1.010516e-01,55.00000,30.00000,709
56,10,9.952717e-02,49.00000,30.00000,13573
56,11,1.024256e-01,40.00000,36.00000,701
56,12,1.022684e-01,35.00000,36.00000,624
56,13,1.048889e-01,38.00000,35.00000,587
56,14,1.039768e-01,44.00000,35.00000,720
56,15,1.006680e-01,54.00000,30.00000,632
56,16,9.720293e-02,47.00000,35.00000,719
56,17,9.660667e-02,53.00000,30.00000,630
56,18,1.017606e-01,38.00000,35.00000,701
56,19,9.649697e-02,40.00000,36.00000,830
56,20,1.007097e-01,42.00000,36.00000,12095
56,21,9.642515e-02,55.00000,30.00000,684
56,22,9.293896e-02,58.00000,30.00000,645
56,23,1.013349e-01,49.00000,30.00000,716
56,24,9.828660e-02,58.00000,30.00000,663
56,25,9.722477e-02,48.00000,35.00000,705
56,26,9.856744e-02,37.00000,36.00000,655
56,27,9.999154e-02,53.00000,30.00000,661
56,28,9.726863e-02,40.00000,36.00000,759
56,29,9.749436e-02,43.00000,35.00000,721
56,30,1.022389e-01,41.00000,35.00000,9908
56,31,9.530038e-02,53.00000,30.00000,684
56,32,9.851394e-02,55.00000,30.00000,649
56,33,1.035349e-01,42.00000,36.00000,623
56,34,9.696050e-02,49.00000,30.00000,719
56,35,9.534883e-02,53.00000,30.00000,717
56,36,9.384851e-02,55.00000,30.00000,704
56,37,9.978989e-02,48.00000,35.00000,651
56,38,9.210341e-02,59.00000,30.00000,722
56,39,9.815907e-02,37.00000,35.00000,741
56,40,9.930298e-02,54.00000,30.00000,10702
56,41,1.012417e-01,31.00000,36.00000,605
56,42,9.922668e-02,43.00000,36.00000,677
56,43,9.854934e-02,43.00000,35.00000,702
56,44,9.876264e-02,40.00000,35.00000,790
56,45,9.776353e-02,49.00000,30.00000,595
56,46,1.009249e-01,40.00000,40.00000,714
56,47,1.001031e-01,57.00000,30.00000,744
56,48,1.007215e-01,36.00000,36.00000,588
56,49,9.738528e-02,43.00000,36.00000,776
56,50,1.011863e-01,49.00000,30.00000,11482
56,51,1.009307e-01,41.00000,35.00000,668
56,52,1.000550e-01,44.00000,35.00000,616
56,53,9.860303e-02,54.00000,30.00000,637
56,54,1.013712e-01,50.00000,35.00000,609
56,55,9.713478e-02,42.00000,36.00000,623
56,56,9.959338e-02,55.00000,30.00000,630
56,57,1.027567e-01,38.00000,35.00000,582
56,58,1.062222e-01,31.00000,36.00000,606
56,59,9.915762e-02,39.00000,35.00000,617
56,60,9.883104e-02,45.00000,35.00000,1672
56,61,9.483402e-02,54.00000,30.00000,624
56,62,9.402041e-02,54.00000,30.00000,614
56,63,1.000875e-01,52.00000,30.00000,599
56,64,1.033322e-01,40.00000,35.00000,565
56,65,9.989209e-02,39.00000,35.00000,619
56,66,9.855064e-02,42.00000,35.00000,598
56,67,1.020113e-01,45.00000,35.00000,595
56,68,1.012355e-01,31.00000,36.00000,588
56,69,1.005777e-01,36.00000,36.00000,605
56,70,9.927253e-02,55.00000,30.00000,619
56,71,1.001567e-01,48.00000,35.00000,598
57,0,9.791994e-02,49.00000,35.00000,1914
57,1,9.718032e-02,49.00000,30.00000,725
57,2,9.476312e-02,49.00000,35.00000,790
57,3,9.814741e-02,49.00000,30.00000,631
57,4,9.916421e-02,36.00000,35.00000,692
57,5,9.974007e-02,42.00000,35.00000,654
57,6,9.726749e-02,52.00000,30.00000,766
57,7,9.591094e-02,52.00000,30.00000,713
57,8,1.006513e-01,37.00000,36.00000,665
57,9,9.705579e-02,51.00000,30.00000,851
57,10,9.572577e-02,49.00000,35.00000,6130
57,11,9.910797e-02,41.00000,36.00000,713
57,12,1.023634e-01,57.00000,30.00000,699
57,13,1.011879e-01,49.00000,30.00000,680
57,14,9.631888e-02,43.00000,36.00000,833
57,15,9.782635e-02,49.00000,30.00000,627
57,16,1.003840e-01,57.00000,30.00000,749
57,17,9.603317e-02,49.00000,30.00000,715
57,18,9.514041e-02,43.00000,36.00000,723
57,19,9.652536e-02,54.00000,30.00000,776
57,20,1.082949e-01,31.00000,36.00000,2919
57,21,9.905154e-02,47.00000,35.00000,2533
57,22,9.892111e-02,40.00000,40.00000,725
57,23,9.784023e-02,49.00000,30.00000,795
57,24,1.033757e-01,44.00000,35.00000,672
57,25,9.755287e-02,49.00000,35.00000,685
57,26,1.028939e-01,30.00000,40.00000,638
57,27,9.532757e-02,55.00000,30.00000,694
57,28,1.004688e-01,35.00000,36.00000,745
57,29,1.004507e-01,56.00000,30.00000,677
57,30,1.032178e-01,31.00000,36.00000,686
57,31,9.802606e-02,57.00000,30.00000,7355
57,32,9.939398e-02,49.00000,35.00000,603
57,33,1.040948e-01,25.00000,36.00000,670
57,34,9.713671e-02,53.00000,30.00000,705
57,35,9.990165e-02,41.00000,36.00000,580
57,36,1.019336e-01,36.00000,36.00000,779
57,37,1.010838e-01,43.00000,35.00000,625
57,38,1.003407e-01,44.00000,35.00000,671
57,39,9.786125e-02,51.00000,35.00000,751
57,40,1.047461e-01,39.00000,35.00000,717
57,41,1.011039e-01,55.00000,30.00000,9051
57,42,1.075507e-01,46.00000,35.00000,664
57,43,1.010677e-01,55.00000,30.00000,643
57,44,9.948552e-02,49.00000,35.00000,784
57,45,1.051565e-01,35.00000,36.00000,685
57,46,1.049656e-01,41.00000,35.00000,678
57,47,1.013653e-01,49.00000,30.00000,637
57,48,9.978589e-02,57.00000,30.00000,664
57,49,1.005147e-01,53.00000,30.00000,711
57,50,9.985724e-02,54.00000,30.00000,794
57,51,1.127118e-01,25.00000,36.00000,11934
57,52,1.040330e-01,41.00000,40.00000,664
57,53,1.044742e-01,52.00000,30.00000,603
57,54,1.049006e-01,35.00000,36.00000,646
57,55,1.028841e-01,45.00000,35.00000,614
57,56,1.009501e-01,56.00000,30.00000,648
57,57,1.062017e-01,41.00000,36.00000,574
57,58,1.048159e-01,37.00000,36.00000,588
57,59,1.050817e-01,31.00000,36.00000,631
57,60,1.092078e-01,45.00000,35.00000,580
57,61,1.002559e-01,55.00000,30.00000,622
57,62,9.906624e-02,43.00000,36.00000,606
57,63,9.746981e-02,52.00000,35.00000,622
57,64,1.032736e-01,52.00000,30.00000,609
57,65,9.816115e-02,46.00000,35.00000,640
57,66,9.759521e-02,49.00000,30.00000,590
57,67,9.676571e-02,47.00000,35.00000,628
57,68,9.714372e-02,56.00000,30.00000,615
57,69,9.685177e-02,55.00000,30.00000,621
57,70,9.500896e-02,49.00000,30.00000,622
57,71,9.995718e-02,45.00000,35.00000,572
58,0,1.049620e-01,54.00000,30.00000,4394
58,1,1.021732e-01,54.00000,30.00000,722
58,2,1.029231e-01,30.00000,36.00000,668
58,3,1.035034e-01,42.00000,35.00000,687
58,4,1.000049e-01,47.00000,36.00000,1527
58,5,1.014881e-01,41.00000,35.00000,647
58,6,1.016636e-01,36.00000,35.00000,1961
58,7,1.000138e-01,51.00000,30.00000,716
58,8,1.005485e-01,37.00000,40.00000,651
58,9,9.840525e-02,42.00000,35.00000,673
58,10,9.968437e-02,35.00000,36.00000,628
58,11,9.861843e-02,44.00000,35.00000,676
58,12,1.054939e-01,30.00000,36.00000,5695
58,13,1.024669e-01,49.00000,30.00000,653
58,14,9.714459e-02,60.00000,30.00000,4423
58,15,1.016076e-01,46.00000,35.00000,627
58,16,9.587031e-02,49.00000,35.00000,690
58,17,1.011413e-01,43.00000,35.00000,653
58,18,9.642171e-02,46.00000,35.00000,636
58,19,1.000313e-01,49.00000,30.00000,735
58,20,9.519405e-02,57.00000,30.00000,3158
58,21,9.887347e-02,40.00000,36.00000,709
58,22,9.565046e-02,55.00000,30.00000,5145
58,23,9.601770e-02,54.00000,30.00000,704
58,24,9.722316e-02,57.00000,30.00000,4633
58,25,9.932604e-02,36.00000,36.00000,698
58,26,9.443531e-02,51.00000,35.00000,641
58,27,9.529552e-02,47.00000,35.00000,745
58,28,9.399681e-02,54.00000,30.00000,615
58,29,9.931206e-02,49.00000,30.00000,671
58,30,9.722898e-02,49.00000,30.00000,3196
58,31,9.468816e-02,54.00000,30.00000,661
58,32,1.007406e-01,48.00000,35.00000,4703
58,33,1.017246e-01,40.00000,36.00000,736
58,34,9.749309e-02,45.00000,35.00000,5149
58,35,9.873489e-02,54.00000,30.00000,684
58,36,1.020499e-01,37.00000,36.00000,664
58,37,1.017208e-01,35.00000,36.00000,674
58,38,1.031076e-01,43.00000,36.00000,647
58,39,9.712072e-02,53.00000,30.00000,667
58,40,9.908479e-02,49.00000,30.00000,1636
58,41,1.015746e-01,25.00000,36.00000,661
58,42,1.035903e-01,44.00000,35.00000,3296
58,43,9.636059e-02,54.00000,30.00000,705
58,44,9.479637e-02,53.00000,30.00000,6972
58,45,1.021903e-01,33.00000,40.00000,658
58,46,9.992235e-02,46.00000,35.00000,714
58,47,9.850163e-02,47.00000,35.00000,632
58,48,9.741294e-02,44.00000,35.00000,654
58,49,9.546257e-02,52.00000,30.00000,684
58,50,1.003063e-01,49.00000,30.00000,1404
58,51,9.611534e-02,47.00000,35.00000,740
58,52,9.875031e-02,48.00000,35.00000,4109
58,53,9.849064e-02,54.00000,30.00000,664
58,54,9.704787e-02,52.00000,30.00000,4459
58,55,9.740537e-02,49.00000,30.00000,622
58,56,9.783409e-02,42.00000,40.00000,607
58,57,9.935495e-02,43.00000,35.00000,628
58,58,1.033448e-01,31.00000,36.00000,602
58,59,9.894436e-02,45.00000,36.00000,665
58,60,1.033134e-01,37.00000,36.00000,573
58,61,9.930972e-02,43.00000,36.00000,607
58,62,9.854227e-02,48.00000,35.00000,612
58,63,1.010170e-01,48.00000,35.00000,597
58,64,1.009042e-01,42.00000,35.00000,895
58,65,1.000165e-01,49.00000,30.00000,589
58,66,9.794150e-02,46.00000,35.00000,604
58,67,9.975207e-02,49.00000,30.00000,589
58,68,9.632956e-02,49.00000,35.00000,596
58,69,1.024181e-01,38.00000,35.00000,562
58,70,9.910704e-02,46.00000,35.00000,594
58,71,1.033845e-01,37.00000,36.00000,586
59,0,9.855800e-02,57.00000,30.00000,10337
59,1,1.012748e-01,38.00000,35.00000,2188
59,2,1.010116e-01,35.00000,36.00000,711
59,3,1.050542e-01,44.00000,36.00000,688
59,4,1.039410e-01,36.00000,36.00000,608
59,5,9.456402e-02,52.00000,30.00000,718
59,6,1.066721e-01,43.00000,35.00000,653
59,7,9.982452e-02,47.00000,35.00000,682
59,8,1.037731e-01,41.00000,36.00000,645
59,9,9.887595e-02,49.00000,30.00000,636
59,10,9.442858e-02,53.00000,30.00000,9550
59,11,9.717012e-02,54.00000,30.00000,2072
59,12,9.765851e-02,55.00000,30.00000,691
59,13,9.764586e-02,39.00000,35.00000,691
59,14,9.811636e-02,52.00000,30.00000,730
59,15,9.702280e-02,44.00000,35.00000,709
59,16,9.599168e-02,46.00000,36.00000,682
59,17,9.685015e-02,45.00000,35.00000,677
59,18,1.028107e-01,54.00000,30.00000,794
59,19,9.408808e-02,54.00000,30.00000,707
59,20,9.969072e-02,38.00000,35.00000,9512
59,21,9.857696e-02,54.00000,30.00000,1446
59,22,1.007369e-01,40.00000,36.00000,681
59,23,9.858897e-02,45.00000,35.00000,706
59,24,9.819552e-02,37.00000,36.00000,2954
59,25,9.994107e-02,48.00000,35.00000,654
59,26,1.000726e-01,48.00000,35.00000,652
59,27,9.287366e-02,55.00000,30.00000,796
59,28,9.604970e-02,49.00000,30.00000,641
59,29,9.865254e-02,55.00000,30.00000,673
59,30,9.926105e-02,43.00000,35.00000,7625
59,31,9.714988e-02,41.00000,35.00000,2444
59,32,9.952424e-02,41.00000,35.00000,715
59,33,1.003894e-01,49.00000,30.00000,772
59,34,9.518440e-02,49.00000,30.00000,5197
59,35,9.685975e-02,43.00000,35.00000,658
59,36,9.707798e-02,43.00000,36.00000,681
59,37,9.640542e-02,49.00000,30.00000,788
59,38,1.013482e-01,42.00000,35.00000,703
59,39,9.933087e-02,40.00000,35.00000,624
59,40,9.688763e-02,48.00000,35.00000,2579
59,41,9.566613e-02,49.00000,30.00000,678
59,42,9.615614e-02,55.00000,30.00000,2346
59,43,9.322079e-02,54.00000,30.00000,658
59,44,9.463128e-02,49.00000,35.00000,10265
59,45,9.659491e-02,49.00000,30.00000,758
59,46,1.012886e-01,49.00000,30.00000,661
59,47,9.989673e-02,41.00000,36.00000,643
59,48,1.012688e-01,49.00000,35.00000,661
59,49,9.699415e-02,45.00000,35.00000,751
59,50,9.692986e-02,46.00000,35.00000,635
59,51,9.784778e-02,41.00000,35.00000,774
59,52,9.413555e-02,57.00000,30.00000,640
59,53,9.636619e-02,39.00000,35.00000,741
59,54,9.647980e-02,54.00000,30.00000,8235
59,55,9.608316e-02,45.00000,35.00000,686
59,56,1.003965e-01,51.00000,30.00000,654
59,57,1.023074e-01,42.00000,35.00000,664
59,58,9.904198e-02,40.00000,36.00000,692
59,59,1.028577e-01,46.00000,35.00000,589
59,60,1.010083e-01,39.00000,35.00000,585
59,61,9.989610e-02,44.00000,35.00000,613
59,62,1.005757e-01,36.00000,36.00000,588
59,63,1.023370e-01,31.00000,36.00000,581
59,64,1.005132e-01,49.00000,30.00000,589
59,65,9.892967e-02,43.00000,35.00000,600
59,66,1.012646e-01,54.00000,30.00000,606
59,67,9.956325e-02,42.00000,36.00000,595
59,68,9.727985e-02,40.00000,35.00000,596
59,69,9.971743e-02,46.00000,35.00000,590
59,70,9.692517e-02,58.00000,30.00000,624
59,71,9.408432e-02,47.00000,35.00000,628
60,0,9.992473e-02,40.00000,35.00000,6027
60,1,1.001978e-01,37.00000,36.00000,965
60,2,9.584910e-02,52.00000,30.00000,694
60,3,9.917304e-02,57.00000,30.00000,1804
60,4,1.027138e-01,41.00000,36.00000,673
60,5,9.829669e-02,47.00000,36.00000,689
60,6,9.918924e-02,46.00000,35.00000,661
60,7,1.019906e-01,49.00000,35.00000,680
60,8,1.073343e-01,35.00000,36.00000,597
60,9,1.023042e-01,40.00000,35.00000,694
60,10,1.015393e-01,47.00000,36.00000,6516
60,11,9.848595e-02,48.00000,35.00000,4306
60,12,9.602465e-02,47.00000,35.00000,645
60,13,1.006080e-01,41.00000,35.00000,720
60,14,9.573477e-02,47.00000,35.00000,692
60,15,9.671459e-02,54.00000,30.00000,695
60,16,9.471215e-02,49.00000,30.00000,753
60,17,9.664019e-02,53.00000,30.00000,746
60,18,9.880221e-02,42.00000,35.00000,645
60,19,1.001258e-01,54.00000,30.00000,697
60,20,1.025701e-01,39.00000,36.00000,7394
60,21,9.905193e-02,54.00000,30.00000,693
60,22,9.870291e-02,54.00000,30.00000,625
60,23,9.461718e-02,40.00000,36.00000,2384
60,24,1.011723e-01,41.00000,35.00000,2119
60,25,9.882165e-02,57.00000,30.00000,685
60,26,9.522001e-02,53.00000,30.00000,657
60,27,9.775174e-02,38.00000,36.00000,790
60,28,9.691700e-02,54.00000,30.00000,643
60,29,9.485414e-02,49.00000,35.00000,713
60,30,1.039027e-01,43.00000,35.00000,9767
60,31,1.035200e-01,40.00000,36.00000,669
60,32,1.015222e-01,53.00000,30.00000,739
60,33,9.228055e-02,53.00000,30.00000,1610
60,34,9.942195e-02,31.00000,36.00000,662
60,35,9.898966e-02,37.00000,36.00000,718
60,36,1.044049e-01,37.00000,36.00000,621
60,37,9.618440e-02,54.00000,30.00000,854
60,38,1.002404e-01,49.00000,30.00000,655
60,39,9.674150e-02,44.00000,35.00000,610
60,40,9.729604e-02,44.00000,35.00000,8838
60,41,9.674863e-02,57.00000,30.00000,772
60,42,9.538972e-02,55.00000,30.00000,647
60,43,9.735271e-02,46.00000,35.00000,741
60,44,9.545639e-02,50.00000,35.00000,725
60,45,9.631793e-02,53.00000,30.00000,703
60,46,1.031125e-01,35.00000,36.00000,4047
60,47,9.519424e-02,50.00000,35.00000,697
60,48,9.857449e-02,36.00000,40.00000,694
60,49,1.011949e-01,39.00000,35.00000,642
60,50,9.816695e-02,44.00000,35.00000,5405
60,51,9.566140e-02,53.00000,30.00000,1012
60,52,9.549125e-02,52.00000,30.00000,1316
60,53,9.589369e-02,57.00000,30.00000,2911
60,54,9.535421e-02,42.00000,35.00000,639
60,55,9.948437e-02,35.00000,36.00000,674
60,56,9.660325e-02,45.00000,35.00000,2513
60,57,1.005175e-01,54.00000,30.00000,750
60,58,9.568598e-02,43.00000,35.00000,615
60,59,9.550144e-02,47.00000,35.00000,617
60,60,9.508634e-02,56.00000,30.00000,1704
60,61,9.443314e-02,48.00000,35.00000,636
60,62,9.490922e-02,41.00000,35.00000,1263
60,63,9.952073e-02,54.00000,30.00000,610
60,64,9.374425e-02,54.00000,30.00000,611
60,65,9.557202e-02,42.00000,35.00000,613
60,66,9.301626e-02,55.00000,30.00000,624
60,67,9.480041e-02,55.00000,30.00000,620
60,68,9.651485e-02,51.00000,30.00000,605
60,69,9.807923e-02,43.00000,36.00000,597
60,70,9.696600e-02,55.00000,30.00000,618
60,71,9.491728e-02,50.00000,35.00000,615
61,0,9.924767e-02,40.00000,35.00000,2200
61,1,9.865014e-02,56.00000,30.00000,1685
61,2,9.284773e-02,49.00000,30.00000,2748
61,3,9.681882e-02,45.00000,35.00000,700
61,4,9.919898e-02,41.00000,35.00000,670
61,5,1.003103e-01,49.00000,30.00000,679
61,6,9.788249e-02,39.00000,40.00000,701
61,7,9.661440e-02,54.00000,30.00000,621
61,8,9.764037e-02,31.00000,36.00000,743
61,9,9.805752e-02,40.00000,36.00000,725
61,10,1.003116e-01,47.00000,35.00000,910
61,11,9.591556e-02,38.00000,40.00000,2144
61,12,1.028197e-01,35.00000,36.00000,4184
61,13,9.564228e-02,45.00000,35.00000,692
61,14,9.618071e-02,49.00000,30.00000,694
61,15,9.952608e-02,46.00000,35.00000,607
61,16,9.659444e-02,49.00000,30.00000,662
61,17,9.460979e-02,54.00000,30.00000,746
61,18,1.004084e-01,39.00000,35.00000,758
61,19,9.739021e-02,43.00000,35.00000,692
61,20,9.893709e-02,53.00000,30.00000,678
61,21,9.126662e-02,57.00000,30.00000,3655
61,22,1.014659e-01,35.00000,36.00000,3260
61,23,9.812116e-02,36.00000,40.00000,636
61,24,9.566270e-02,54.00000,30.00000,708
61,25,9.774964e-02,49.00000,30.00000,622
61,26,9.859779e-02,52.00000,30.00000,704
61,27,9.001467e-02,59.00000,30.00000,682
61,28,1.049078e-01,25.00000,36.00000,762
61,29,9.722023e-02,43.00000,36.00000,765
61,30,1.008911e-01,41.00000,35.00000,2451
61,31,9.635527e-02,55.00000,30.00000,1021
61,32,9.361506e-02,51.00000,30.00000,5049
61,33,1.000206e-01,43.00000,35.00000,630
61,34,9.637857e-02,49.00000,30.00000,676
61,35,1.011096e-01,45.00000,36.00000,626
61,36,9.464607e-02,49.00000,30.00000,651
61,37,9.743120e-02,36.00000,36.00000,758
61,38,9.650259e-02,40.00000,35.00000,639
61,39,9.792603e-02,44.00000,35.00000,711
61,40,1.012412e-01,35.00000,36.00000,10244
61,41,1.021615e-01,47.00000,35.00000,678
61,42,1.010171e-01,49.00000,35.00000,647
61,43,9.954951e-02,37.00000,40.00000,676
61,44,9.457555e-02,45.00000,35.00000,707
61,45,9.292401e-02,53.00000,30.00000,695
61,46,1.009296e-01,56.00000,30.00000,658
61,47,9.917624e-02,42.00000,35.00000,626
61,48,9.535669e-02,44.00000,35.00000,735
61,49,9.739877e-02,49.00000,30.00000,738
61,50,9.335882e-02,53.00000,30.00000,15207
61,51,9.785910e-02,37.00000,36.00000,604
61,52,9.958751e-02,50.00000,30.00000,626
61,53,9.860592e-02,36.00000,35.00000,716
61,54,9.919776e-02,38.00000,35.00000,622
61,55,9.768815e-02,31.00000,36.00000,614
61,56,9.556784e-02,44.00000,35.00000,625
61,57,9.629229e-02,51.00000,30.00000,614
61,58,9.420625e-02,57.00000,30.00000,629
61,59,9.486470e-02,54.00000,30.00000,612
61,60,9.406602e-02,53.00000,30.00000,1056
61,61,9.352636e-02,45.00000,35.00000,632
61,62,9.427197e-02,57.00000,30.00000,629
61,63,9.763583e-02,48.00000,35.00000,603
61,64,9.624410e-02,38.00000,35.00000,609
61,65,9.610666e-02,49.00000,30.00000,610
61,66,9.391658e-02,52.00000,30.00000,603
61,67,9.772147e-02,48.00000,35.00000,596
61,68,9.557558e-02,55.00000,30.00000,619
61,69,9.669546e-02,40.00000,40.00000,603
61,70,9.380024e-02,49.00000,30.00000,626
61,71,9.228829e-02,49.00000,30.00000,619
62,0,9.586029e-02,49.00000,30.00000,2343
62,1,9.961611e-02,31.00000,36.00000,1708
62,2,9.736167e-02,45.00000,35.00000,944
62,3,9.696082e-02,38.00000,40.00000,735
62,4,9.275229e-02,56.00000,30.00000,643
62,5,9.299845e-02,56.00000,30.00000,769
62,6,9.651934e-02,51.00000,30.00000,734
62,7,9.076467e-02,56.00000,30.00000,706
62,8,9.790292e-02,46.00000,35.00000,784
62,9,9.337755e-02,55.00000,30.00000,665
62,10,1.010648e-01,40.00000,36.00000,5054
62,11,1.042245e-01,30.00000,36.00000,751
62,12,9.713393e-02,49.00000,30.00000,676
62,13,1.028170e-01,41.00000,35.00000,1040
62,14,9.575173e-02,46.00000,35.00000,717
62,15,1.010053e-01,37.00000,36.00000,751
62,16,1.003611e-01,37.00000,35.00000,643
62,17,9.920609e-02,51.00000,30.00000,671
62,18,1.017624e-01,25.00000,36.00000,725
62,19,1.010369e-01,43.00000,35.00000,621
62,20,9.231751e-02,53.00000,30.00000,735
62,21,1.006472e-01,54.00000,30.00000,676
62,22,9.646650e-02,57.00000,30.00000,4039
62,23,9.802091e-02,43.00000,36.00000,1517
62,24,9.758523e-02,47.00000,35.00000,642
62,25,9.672164e-02,52.00000,30.00000,673
62,26,9.897584e-02,35.00000,36.00000,681
62,27,9.461343e-02,54.00000,30.00000,670
62,28,9.753908e-02,38.00000,40.00000,666
62,29,9.516957e-02,43.00000,35.00000,741
62,30,9.871708e-02,45.00000,36.00000,709
62,31,9.475482e-02,58.00000,30.00000,790
62,32,9.711687e-02,58.00000,30.00000,3169
62,33,9.549619e-02,56.00000,30.00000,2170
62,34,1.040128e-01,39.00000,36.00000,616
62,35,9.798290e-02,45.00000,36.00000,719
62,36,9.543842e-02,49.00000,30.00000,669
62,37,9.647124e-02,54.00000,30.00000,729
62,38,9.256552e-02,44.00000,36.00000,689
62,39,9.410935e-02,40.00000,35.00000,697
62,40,9.499153e-02,55.00000,30.00000,712
62,41,9.938581e-02,45.00000,35.00000,695
62,42,9.886133e-02,54.00000,30.00000,6364
62,43,9.915483e-02,37.00000,36.00000,627
62,44,9.635201e-02,42.00000,35.00000,678
62,45,9.526441e-02,55.00000,30.00000,677
62,46,9.474222e-02,54.00000,30.00000,699
62,47,9.450155e-02,49.00000,30.00000,730
62,48,9.476341e-02,54.00000,30.00000,664
62,49,9.425370e-02,42.00000,35.00000,674
62,50,9.886587e-02,48.00000,35.00000,715
62,51,9.605260e-02,41.00000,35.00000,703
62,52,9.442046e-02,49.00000,30.00000,9426
62,53,9.701249e-02,36.00000,36.00000,628
62,54,9.496196e-02,55.00000,30.00000,622
62,55,9.193052e-02,56.00000,30.00000,642
62,56,9.559183e-02,53.00000,30.00000,610
62,57,9.641597e-02,44.00000,36.00000,669
62,58,9.258343e-02,56.00000,30.00000,616
62,59,9.592596e-02,53.00000,30.00000,650
62,60,9.411606e-02,59.00000,30.00000,640
62,61,9.908158e-02,46.00000,35.00000,590
62,62,9.677865e-02,38.00000,36.00000,629
62,63,1.010716e-01,40.00000,35.00000,582
62,64,9.383891e-02,48.00000,35.00000,611
62,65,9.964119e-02,43.00000,35.00000,569
62,66,9.821402e-02,46.00000,35.00000,598
62,67,9.526889e-02,43.00000,36.00000,602
62,68,9.657370e-02,56.00000,30.00000,613
62,69,9.521383e-02,57.00000,30.00000,629
62,70,9.388818e-02,48.00000,35.00000,602
62,71,9.608655e-02,51.00000,35.00000,608
63,0,9.444465e-02,54.00000,30.00000,660
63,1,9.267516e-02,45.00000,35.00000,795
63,2,9.575008e-02,57.00000,30.00000,724
63,3,9.666216e-02,25.00000,36.00000,686
63,4,9.387755e-02,57.00000,30.00000,709
63,5,9.522010e-02,35.00000,36.00000,802
63,6,9.439607e-02,52.00000,30.00000,760
63,7,9.092607e-02,58.00000,30.00000,711
63,8,9.509918e-02,58.00000,30.00000,704
63,9,9.871486e-02,49.00000,30.00000,690
63,10,9.206320e-02,49.00000,30.00000,4994
63,11,1.011393e-01,38.00000,35.00000,659
63,12,9.421989e-02,53.00000,30.00000,761
63,13,9.596394e-02,38.00000,35.00000,624
63,14,9.334479e-02,52.00000,30.00000,726
63,15,9.636357e-02,56.00000,30.00000,687
63,16,9.591612e-02,40.00000,36.00000,658
63,17,9.640259e-02,41.00000,35.00000,725
63,18,9.402452e-02,49.00000,30.00000,674
63,19,9.556483e-02,55.00000,30.00000,675
63,20,1.005932e-01,40.00000,35.00000,4912
63,21,9.471910e-02,42.00000,35.00000,739
63,22,9.373463e-02,55.00000,30.00000,687
63,23,9.614244e-02,40.00000,35.00000,753
63,24,1.010262e-01,37.00000,36.00000,629
63,25,9.514876e-02,43.00000,35.00000,681
63,26,9.749562e-02,41.00000,35.00000,721
63,27,9.268369e-02,52.00000,30.00000,663
63,28,9.519802e-02,49.00000,30.00000,622
63,29,9.409539e-02,53.00000,30.00000,705
63,30,9.734121e-02,39.00000,35.00000,10033
63,31,1.012297e-01,39.00000,35.00000,617
63,32,9.720223e-02,58.00000,30.00000,683
63,33,9.970962e-02,40.00000,36.00000,684
63,34,9.403034e-02,45.00000,35.00000,693
63,35,9.431551e-02,36.00000,35.00000,673
63,36,9.385660e-02,43.00000,35.00000,750
63,37,9.550132e-02,53.00000,30.00000,699
63,38,9.608524e-02,42.00000,35.00000,704
63,39,9.971140e-02,35.00000,36.00000,727
63,40,9.932299e-02,52.00000,30.00000,11452
63,41,9.310328e-02,55.00000,30.00000,666
63,42,9.481581e-02,55.00000,30.00000,725
63,43,9.356423e-02,42.00000,35.00000,704
63,44,9.912417e-02,41.00000,35.00000,707
63,45,9.461000e-02,49.00000,35.00000,671
63,46,9.747473e-02,37.00000,36.00000,650
63,47,9.949835e-02,36.00000,36.00000,725
63,48,1.001475e-01,48.00000,35.00000,633
63,49,1.010179e-01,37.00000,36.00000,691
63,50,9.654297e-02,54.00000,30.00000,12781
63,51,9.255261e-02,55.00000,30.00000,642
63,52,9.647607e-02,53.00000,30.00000,661
63,53,9.627770e-02,40.00000,35.00000,631
63,54,9.676576e-02,44.00000,35.00000,655
63,55,9.330511e-02,43.00000,35.00000,609
63,56,9.965811e-02,25.00000,36.00000,621
63,57,9.654983e-02,49.00000,30.00000,600
63,58,9.695981e-02,44.00000,35.00000,602
63,59,9.640328e-02,54.00000,30.00000,651
63,60,9.546705e-02,42.00000,35.00000,2881
63,61,9.762116e-02,37.00000,36.00000,591
63,62,1.013016e-01,49.00000,30.00000,589
63,63,9.785499e-02,38.00000,36.00000,586
63,64,9.414018e-02,57.00000,30.00000,629
63,65,9.539267e-02,58.00000,30.00000,623
63,66,9.585012e-02,43.00000,35.00000,606
63,67,9.207253e-02,54.00000,30.00000,607
63,68,9.214551e-02,49.00000,30.00000,614
63,69,9.634222e-02,44.00000,35.00000,600
63,70,9.790903e-02,41.00000,35.00000,581
63,71,1.012413e-01,41.00000,36.00000,590
64,0,9.478645e-02,49.00000,30.00000,4059
64,1,9.250747e-02,54.00000,30.00000,2070
64,2,9.397612e-02,49.00000,35.00000,2418
64,3,9.224503e-02,55.00000,30.00000,647
64,4,9.371708e-02,52.00000,30.00000,747
64,5,9.618985e-02,54.00000,30.00000,736
64,6,9.593134e-02,42.00000,35.00000,663
64,7,9.748551e-02,37.00000,36.00000,784
64,8,9.697306e-02,38.00000,35.00000,740
64,9,9.440778e-02,43.00000,35.00000,658
64,10,1.024608e-01,25.00000,36.00000,9712
64,11,9.760189e-02,44.00000,35.00000,684
64,12,9.705231e-02,42.00000,35.00000,5978
64,13,9.656200e-02,53.00000,30.00000,641
64,14,1.016587e-01,37.00000,36.00000,677
64,15,1.000421e-01,53.00000,30.00000,636
64,16,9.433374e-02,34.00000,40.00000,754
64,17,9.644097e-02,54.00000,30.00000,654
64,18,9.899379e-02,41.00000,36.00000,641
64,19,9.501819e-02,46.00000,35.00000,689
64,20,9.291721e-02,54.00000,30.00000,5477
64,21,9.546444e-02,33.00000,40.00000,2725
64,22,9.419853e-02,46.00000,35.00000,1905
64,23,9.457249e-02,39.00000,35.00000,1995
64,24,9.371243e-02,53.00000,30.00000,629
64,25,9.392482e-02,43.00000,35.00000,700
64,26,9.342632e-02,59.00000,30.00000,736
64,27,9.195694e-02,52.00000,30.00000,733
64,28,9.581513e-02,49.00000,30.00000,716
64,29,9.220956e-02,61.00000,30.00000,716
64,30,9.691262e-02,59.00000,30.00000,9090
64,31,9.248989e-02,53.00000,30.00000,2815
64,32,9.367340e-02,41.00000,36.00000,690
64,33,9.337409e-02,55.00000,30.00000,694
64,34,9.174225e-02,55.00000,30.00000,705
64,35,9.476864e-02,50.00000,35.00000,652
64,36,9.500506e-02,54.00000,30.00000,692
64,37,9.511817e-02,35.00000,36.00000,675
64,38,9.681454e-02,46.00000,35.00000,708
64,39,9.660079e-02,42.00000,35.00000,615
64,40,9.638377e-02,45.00000,35.00000,7815
64,41,9.523815e-02,49.00000,30.00000,3603
64,42,1.000702e-01,49.00000,30.00000,633
64,43,9.216899e-02,55.00000,30.00000,721
64,44,9.468661e-02,46.00000,35.00000,609
64,45,9.380166e-02,37.00000,36.00000,684
64,46,9.763631e-02,42.00000,35.00000,674
64,47,1.020492e-01,36.00000,36.00000,631
64,48,9.547127e-02,34.00000,36.00000,754
64,49,9.715149e-02,50.00000,35.00000,630
64,50,9.725244e-02,57.00000,30.00000,6509
64,51,9.540533e-02,57.00000,30.00000,6765
64,52,1.013138e-01,35.00000,36.00000,558
64,53,9.428845e-02,54.00000,30.00000,611
64,54,9.572583e-02,40.00000,40.00000,607
64,55,9.406575e-02,47.00000,35.00000,658
64,56,9.752189e-02,47.00000,35.00000,598
64,57,9.907760e-02,37.00000,36.00000,566
64,58,9.809006e-02,42.00000,35.00000,595
64,59,1.051446e-01,43.00000,35.00000,565
64,60,9.577145e-02,49.00000,30.00000,604
64,61,9.893984e-02,52.00000,30.00000,596
64,62,9.542619e-02,39.00000,40.00000,611
64,63,9.457327e-02,53.00000,30.00000,611
64,64,1.004165e-01,42.00000,35.00000,569
64,65,9.698135e-02,37.00000,40.00000,606
64,66,9.858225e-02,36.00000,36.00000,611
64,67,9.655422e-02,54.00000,30.00000,606
64,68,9.510735e-02,43.00000,36.00000,595
64,69,9.573421e-02,53.00000,30.00000,621
64,70,9.551394e-02,40.00000,36.00000,596
64,71,1.000843e-01,43.00000,35.00000,569
65,0,9.765644e-02,43.00000,35.00000,2544
65,1,9.860114e-02,37.00000,40.00000,953
65,2,9.627629e-02,46.00000,35.00000,916
65,3,9.686102e-02,47.00000,35.00000,606
65,4,9.709259e-02,40.00000,36.00000,1455
65,5,9.772342e-02,46.00000,35.00000,650
65,6,9.627634e-02,38.00000,35.00000,657
65,7,9.701091e-02,46.00000,35.00000,705
65,8,1.018394e-01,42.00000,36.00000,675
65,9,9.569658e-02,49.00000,35.00000,757
65,10,9.260556e-02,47.00000,35.00000,4087
65,11,9.327309e-02,42.00000,35.00000,642
65,12,9.739565e-02,49.00000,30.00000,685
65,13,9.634656e-02,44.00000,35.00000,710
65,14,9.355730e-02,45.00000,35.00000,645
65,15,9.393125e-02,49.00000,30.00000,766
65,16,9.134831e-02,57.00000,30.00000,690
65,17,9.246325e-02,52.00000,30.00000,652
65,18,9.532052e-02,55.00000,30.00000,701
65,19,9.499433e-02,43.00000,35.00000,741
65,20,9.591158e-02,46.00000,35.00000,1575
65,21,1.017394e-01,31.00000,36.00000,732
65,22,9.665708e-02,58.00000,30.00000,714
65,23,9.127255e-02,57.00000,30.00000,736
65,24,9.433829e-02,38.00000,40.00000,741
65,25,9.570973e-02,38.00000,35.00000,700
65,26,1.014020e-01,38.00000,35.00000,706
65,27,9.776715e-02,43.00000,35.00000,661
65,28,9.677874e-02,37.00000,36.00000,788
65,29,9.621023e-02,53.00000,30.00000,681
65,30,9.534049e-02,42.00000,36.00000,1516
65,31,9.656832e-02,53.00000,30.00000,728
65,32,9.646448e-02,48.00000,35.00000,726
65,33,9.482813e-02,45.00000,35.00000,710
65,34,9.784640e-02,41.00000,36.00000,721
65,35,1.015821e-01,36.00000,40.00000,672
65,36,9.442668e-02,47.00000,36.00000,731
65,37,9.943485e-02,49.00000,30.00000,750
65,38,9.559771e-02,45.00000,35.00000,633
65,39,9.375883e-02,53.00000,30.00000,670
65,40,9.731551e-02,38.00000,36.00000,2209
65,41,9.539513e-02,52.00000,30.00000,631
65,42,9.463186e-02,57.00000,30.00000,744
65,43,9.084930e-02,54.00000,30.00000,805
65,44,9.441946e-02,53.00000,30.00000,647
65,45,9.542026e-02,56.00000,30.00000,675
65,46,9.347469e-02,39.00000,40.00000,718
65,47,9.061556e-02,54.00000,30.00000,658
65,48,9.312112e-02,49.00000,30.00000,730
65,49,9.803545e-02,38.00000,36.00000,635
65,50,9.802487e-02,41.00000,36.00000,4763
65,51,9.566976e-02,37.00000,40.00000,676
65,52,9.658562e-02,49.00000,35.00000,776
65,53,9.950592e-02,41.00000,35.00000,596
65,54,9.721126e-02,37.00000,36.00000,721
65,55,1.027693e-01,55.00000,30.00000,634
65,56,9.917498e-02,34.00000,36.00000,703
65,57,9.822723e-02,35.00000,36.00000,625
65,58,9.703130e-02,39.00000,35.00000,671
65,59,9.767115e-02,54.00000,30.00000,676
65,60,9.119301e-02,49.00000,30.00000,1318
65,61,9.245464e-02,49.00000,30.00000,630
65,62,9.422598e-02,42.00000,35.00000,595
65,63,9.621831e-02,45.00000,35.00000,583
65,64,9.601418e-02,46.00000,35.00000,602
65,65,9.319730e-02,56.00000,30.00000,615
65,66,9.519276e-02,49.00000,30.00000,606
65,67,9.378780e-02,49.00000,30.00000,603
65,68,9.510361e-02,36.00000,36.00000,608
65,69,9.141732e-02,52.00000,30.00000,618
65,70,9.805202e-02,36.00000,36.00000,587
65,71,9.593482e-02,59.00000,30.00000,639
66,0,9.422316e-02,54.00000,30.00000,7593
66,1,9.405831e-02,55.00000,30.00000,1768
66,2,9.392795e-02,57.00000,30.00000,4544
66,3,9.956837e-02,45.00000,35.00000,747
66,4,9.339258e-02,59.00000,30.00000,808
66,5,9.385996e-02,31.00000,36.00000,638
66,6,9.550783e-02,49.00000,30.00000,719
66,7,9.058130e-02,47.00000,35.00000,696
66,8,9.091246e-02,53.00000,30.00000,766
66,9,9.597394e-02,35.00000,36.00000,663
66,10,9.282153e-02,49.00000,30.00000,11606
66,11,9.662960e-02,43.00000,36.00000,640
66,12,9.003812e-02,53.00000,30.00000,1370
66,13,9.827495e-02,38.00000,40.00000,611
66,14,8.999894e-02,54.00000,30.00000,783
66,15,9.084216e-02,56.00000,30.00000,665
66,16,9.370045e-02,42.00000,35.00000,781
66,17,9.646493e-02,49.00000,30.00000,712
66,18,9.421342e-02,49.00000,30.00000,1822
66,19,9.115466e-02,57.00000,30.00000,710
66,20,9.948017e-02,34.00000,36.00000,7603
66,21,9.877081e-02,45.00000,36.00000,702
66,22,9.473105e-02,52.00000,30.00000,629
66,23,1.041270e-01,37.00000,40.00000,632
66,24,9.696648e-02,44.00000,35.00000,648
66,25,9.567708e-02,36.00000,36.00000,3429
66,26,9.580334e-02,49.00000,35.00000,695
66,27,9.281068e-02,54.00000,30.00000,690
66,28,9.602276e-02,31.00000,36.00000,4667
66,29,9.383868e-02,44.00000,35.00000,728
66,30,9.291291e-02,48.00000,36.00000,3175
66,31,9.470494e-02,53.00000,30.00000,716
66,32,9.647144e-02,53.00000,30.00000,880
66,33,9.512006e-02,48.00000,35.00000,694
66,34,9.438817e-02,44.00000,35.00000,729
66,35,9.728776e-02,45.00000,35.00000,3954
66,36,9.336159e-02,60.00000,30.00000,719
66,37,9.628160e-02,37.00000,36.00000,735
66,38,9.382090e-02,49.00000,30.00000,6330
66,39,9.207322e-02,49.00000,30.00000,654
66,40,9.552021e-02,46.00000,35.00000,693
66,41,9.090876e-02,49.00000,30.00000,702
66,42,9.583224e-02,54.00000,30.00000,642
66,43,9.793784e-02,53.00000,30.00000,752
66,44,9.631313e-02,47.00000,35.00000,1176
66,45,9.264858e-02,52.00000,30.00000,4346
66,46,9.423770e-02,30.00000,36.00000,651
66,47,9.619915e-02,45.00000,35.00000,694
66,48,9.809136e-02,44.00000,35.00000,6900
66,49,9.524325e-02,52.00000,30.00000,629
66,50,9.547280e-02,44.00000,36.00000,703
66,51,9.640105e-02,53.00000,30.00000,639
66,52,9.445906e-02,45.00000,35.00000,652
66,53,9.747936e-02,49.00000,30.00000,665
66,54,9.540790e-02,47.00000,36.00000,983
66,55,9.276235e-02,52.00000,30.00000,4429
66,56,9.524109e-02,37.00000,35.00000,697
66,57,9.667260e-02,41.00000,35.00000,677
66,58,9.791275e-02,49.00000,30.00000,2952
66,59,9.278031e-02,49.00000,30.00000,610
66,60,9.534711e-02,39.00000,35.00000,643
66,61,9.976590e-02,45.00000,35.00000,583
66,62,9.404027e-02,46.00000,35.00000,613
66,63,9.479564e-02,49.00000,30.00000,604
66,64,9.457128e-02,40.00000,35.00000,589
66,65,9.687996e-02,41.00000,36.00000,584
66,66,9.158736e-02,54.00000,30.00000,612
66,67,9.552862e-02,43.00000,35.00000,596
66,68,9.501468e-02,53.00000,30.00000,609
66,69,9.188671e-02,49.00000,35.00000,612
66,70,8.976395e-02,60.00000,30.00000,637
66,71,9.046336e-02,53.00000,30.00000,618
67,0,9.027522e-02,57.00000,30.00000,1753
67,1,9.841967e-02,41.00000,36.00000,659
67,2,9.905531e-02,36.00000,36.00000,689
67,3,9.789564e-02,53.00000,30.00000,648
67,4,9.564210e-02,53.00000,30.00000,610
67,5,9.806912e-02,46.00000,35.00000,767
67,6,9.337637e-02,58.00000,30.00000,699
67,7,9.532907e-02,30.00000,36.00000,666
67,8,9.169986e-02,43.00000,36.00000,839
67,9,9.268434e-02,52.00000,30.00000,770
67,10,9.458755e-02,54.00000,30.00000,3076
67,11,9.101730e-02,50.00000,35.00000,868
67,12,9.853876e-02,47.00000,35.00000,645
67,13,9.658556e-02,38.00000,35.00000,592
67,14,9.928335e-02,49.00000,30.00000,649
67,15,9.596253e-02,41.00000,36.00000,837
67,16,9.703258e-02,42.00000,36.00000,653
67,17,9.750133e-02,35.00000,36.00000,615
67,18,9.832388e-02,25.00000,36.00000,609
67,19,9.636281e-02,40.00000,35.00000,742
67,20,9.274457e-02,46.00000,35.00000,6066
67,21,9.451751e-02,43.00000,35.00000,655
67,22,9.476030e-02,55.00000,30.00000,683
67,23,9.444033e-02,50.00000,35.00000,657
67,24,9.330603e-02,47.00000,35.00000,687
67,25,9.496067e-02,57.00000,30.00000,668
67,26,9.434507e-02,57.00000,30.00000,705
67,27,9.413212e-02,36.00000,40.00000,739
67,28,9.835867e-02,35.00000,36.00000,745
67,29,9.214671e-02,50.00000,35.00000,703
67,30,9.266821e-02,46.00000,35.00000,12461
67,31,9.621912e-02,40.00000,36.00000,630
67,32,9.479095e-02,48.00000,35.00000,662
67,33,8.971377e-02,56.00000,30.00000,694
67,34,9.233590e-02,57.00000,30.00000,703
67,35,9.305773e-02,40.00000,35.00000,666
67,36,9.387113e-02,43.00000,35.00000,696
67,37,9.340526e-02,55.00000,30.00000,754
67,38,9.415201e-02,41.00000,35.00000,678
67,39,9.367148e-02,42.00000,35.00000,684
67,40,9.666578e-02,38.00000,40.00000,8367
67,41,9.691421e-02,54.00000,30.00000,693
67,42,9.415516e-02,53.00000,30.00000,631
67,43,9.135672e-02,53.00000,30.00000,741
67,44,9.369680e-02,49.00000,30.00000,635
67,45,9.716067e-02,31.00000,36.00000,680
67,46,9.121755e-02,53.00000,30.00000,660
67,47,9.803621e-02,49.00000,30.00000,668
67,48,9.356487e-02,55.00000,30.00000,644
67,49,9.111688e-02,39.00000,35.00000,914
67,50,9.201846e-02,49.00000,30.00000,11961
67,51,9.525917e-02,43.00000,35.00000,641
67,52,9.265239e-02,47.00000,35.00000,646
67,53,9.134941e-02,49.00000,30.00000,677
67,54,9.519058e-02,38.00000,36.00000,601
67,55,9.531292e-02,43.00000,35.00000,617
67,56,9.306981e-02,47.00000,35.00000,625
67,57,9.122065e-02,49.00000,30.00000,637
67,58,9.107983e-02,54.00000,30.00000,684
67,59,9.326163e-02,45.00000,36.00000,624
67,60,9.654147e-02,49.00000,30.00000,1012
67,61,9.337148e-02,54.00000,30.00000,607
67,62,9.585808e-02,49.00000,35.00000,597
67,63,9.233688e-02,59.00000,30.00000,638
67,64,1.013071e-01,56.00000,30.00000,612
67,65,9.166135e-02,57.00000,30.00000,629
67,66,9.876891e-02,35.00000,36.00000,583
67,67,9.541952e-02,42.00000,36.00000,619
67,68,9.526746e-02,40.00000,35.00000,629
67,69,9.499848e-02,37.00000,36.00000,603
67,70,9.267101e-02,37.00000,36.00000,615
67,71,9.434769e-02,49.00000,30.00000,603
68,0,9.308028e-02,39.00000,36.00000,4887
68,1,9.741881e-02,49.00000,30.00000,2329
68,2,9.776048e-02,38.00000,36.00000,650
68,3,9.335021e-02,39.00000,35.00000,751
68,4,9.412654e-02,48.00000,35.00000,704
68,5,9.154806e-02,45.00000,35.00000,722
68,6,9.054640e-02,54.00000,30.00000,773
68,7,9.518787e-02,41.00000,35.00000,681
68,8,9.748968e-02,42.00000,36.00000,610
68,9,9.376603e-02,55.00000,30.00000,641
68,10,9.837070e-02,40.00000,35.00000,2942
68,11,9.335019e-02,54.00000,30.00000,2156
68,12,9.859039e-02,49.00000,35.00000,718
68,13,9.268926e-02,42.00000,35.00000,622
68,14,9.121951e-02,46.00000,35.00000,762
68,15,9.628155e-02,25.00000,36.00000,613
68,16,9.155010e-02,55.00000,30.00000,798
68,17,9.731258e-02,35.00000,36.00000,626
68,18,9.516478e-02,49.00000,30.00000,731
68,19,9.792610e-02,48.00000,35.00000,666
68,20,1.005188e-01,43.00000,36.00000,8656
68,21,1.002619e-01,55.00000,30.00000,1402
68,22,1.007930e-01,46.00000,35.00000,635
68,23,9.527721e-02,43.00000,35.00000,1438
68,24,9.731449e-02,44.00000,36.00000,640
68,25,9.743643e-02,40.00000,36.00000,608
68,26,9.957474e-02,46.00000,35.00000,701
68,27,1.012201e-01,40.00000,36.00000,1722
68,28,9.475069e-02,49.00000,35.00000,736
68,29,9.448914e-02,37.00000,36.00000,628
68,30,9.502809e-02,42.00000,35.00000,4342
68,31,9.315641e-02,49.00000,30.00000,3508
68,32,9.733573e-02,49.00000,30.00000,753
68,33,9.736761e-02,45.00000,35.00000,622
68,34,9.707744e-02,37.00000,36.00000,701
68,35,9.412657e-02,37.00000,35.00000,635
68,36,8.975020e-02,49.00000,30.00000,650
68,37,9.323053e-02,43.00000,35.00000,1507
68,38,9.274625e-02,55.00000,30.00000,695
68,39,9.527594e-02,46.00000,35.00000,5316
68,40,9.326051e-02,52.00000,30.00000,670
68,41,9.436473e-02,35.00000,36.00000,4542
68,42,9.187577e-02,52.00000,30.00000,716
68,43,9.409586e-02,38.00000,35.00000,693
68,44,9.420121e-02,40.00000,36.00000,648
68,45,9.593725e-02,41.00000,35.00000,647
68,46,9.607102e-02,40.00000,35.00000,759
68,47,9.385608e-02,37.00000,36.00000,746
68,48,9.272357e-02,54.00000,30.00000,766
68,49,8.988260e-02,57.00000,30.00000,7293
68,50,9.257212e-02,54.00000,30.00000,619
68,51,9.315277e-02,47.00000,35.00000,4258
68,52,9.144469e-02,43.00000,35.00000,690
68,53,9.257884e-02,50.00000,35.00000,678
68,54,9.201420e-02,54.00000,30.00000,702
68,55,9.880445e-02,36.00000,35.00000,697
68,56,9.386440e-02,54.00000,30.00000,745
68,57,9.218180e-02,43.00000,36.00000,674
68,58,8.975454e-02,52.00000,30.00000,657
68,59,9.157281e-02,54.00000,30.00000,2306
68,60,9.323382e-02,53.00000,30.00000,611
68,61,8.950049e-02,55.00000,30.00000,1800
68,62,9.326546e-02,42.00000,35.00000,1184
68,63,9.219009e-02,49.00000,30.00000,602
68,64,9.278291e-02,44.00000,35.00000,596
68,65,9.027596e-02,45.00000,35.00000,609
68,66,9.644106e-02,31.00000,36.00000,599
68,67,9.440946e-02,52.00000,30.00000,601
68,68,9.208772e-02,49.00000,30.00000,604
68,69,9.282704e-02,55.00000,30.00000,619
68,70,9.589285e-02,46.00000,36.00000,587
68,71,9.832924e-02,35.00000,36.00000,571
69,0,9.200385e-02,48.00000,35.00000,5346
69,1,9.379172e-02,31.00000,36.00000,1272
69,2,9.997356e-02,37.00000,36.00000,1876
69,3,9.604110e-02,49.00000,30.00000,642
69,4,9.154689e-02,57.00000,30.00000,1046
69,5,9.342970e-02,51.00000,35.00000,779
69,6,9.509516e-02,43.00000,35.00000,656
69,7,9.879829e-02,30.00000,36.00000,590
69,8,9.066775e-02,51.00000,30.00000,693
69,9,9.274387e-02,49.00000,30.00000,662
69,10,9.328276e-02,51.00000,30.00000,1548
69,11,9.540112e-02,40.00000,36.00000,1135
69,12,9.491998e-02,35.00000,36.00000,1560
69,13,9.357718e-02,53.00000,30.00000,1154
69,14,9.316878e-02,55.00000,30.00000,720
69,15,9.460513e-02,53.00000,30.00000,649
69,16,9.606466e-02,40.00000,36.00000,657
69,17,9.681027e-02,32.00000,40.00000,1065
69,18,9.696983e-02,43.00000,35.00000,673
69,19,9.643659e-02,44.00000,35.00000,710
69,20,9.634201e-02,30.00000,36.00000,2206
69,21,9.598454e-02,36.00000,40.00000,672
69,22,9.416562e-02,41.00000,35.00000,679
69,23,9.732822e-02,37.00000,36.00000,587
69,24,9.083411e-02,54.00000,30.00000,789
69,25,9.725003e-02,35.00000,36.00000,699
69,26,9.338407e-02,42.00000,35.00000,735
69,27,9.428144e-02,49.00000,30.00000,663
69,28,9.377603e-02,55.00000,30.00000,684
69,29,9.557997e-02,39.00000,35.00000,702
69,30,9.361093e-02,49.00000,30.00000,674
69,31,9.688203e-02,38.00000,35.00000,706
69,32,9.853177e-02,38.00000,35.00000,2142
69,33,9.507070e-02,42.00000,35.00000,739
69,34,9.461305e-02,38.00000,36.00000,674
69,35,9.590268e-02,48.00000,35.00000,715
69,36,9.726468e-02,32.00000,36.00000,598
69,37,9.210992e-02,42.00000,35.00000,789
69,38,9.325790e-02,45.00000,35.00000,652
69,39,9.668574e-02,45.00000,35.00000,686
69,40,9.526262e-02,39.00000,36.00000,620
69,41,9.277245e-02,49.00000,30.00000,705
69,42,9.206302e-02,54.00000,30.00000,642
69,43,9.365628e-02,44.00000,35.00000,592
69,44,9.109310e-02,55.00000,30.00000,703
69,45,9.291955e-02,44.00000,35.00000,706
69,46,9.282988e-02,42.00000,35.00000,610
69,47,9.065797e-02,52.00000,30.00000,794
69,48,1.006320e-01,26.00000,36.00000,619
69,49,9.168708e-02,47.00000,35.00000,705
69,50,9.261550e-02,30.00000,36.00000,630
69,51,9.184605e-02,46.00000,35.00000,692
69,52,9.654294e-02,35.00000,36.00000,690
69,53,9.393270e-02,55.00000,30.00000,667
69,54,9.013680e-02,54.00000,30.00000,636
69,55,9.206329e-02,47.00000,35.00000,667
69,56,9.300836e-02,47.00000,36.00000,672
69,57,9.062091e-02,49.00000,30.00000,622
69,58,9.243145e-02,43.00000,35.00000,597
69,59,9.181625e-02,49.00000,30.00000,609
69,60,9.574641e-02,37.00000,40.00000,621
69,61,8.782130e-02,52.00000,30.00000,626
69,62,9.329887e-02,55.00000,30.00000,619
69,63,9.560584e-02,49.00000,30.00000,588
69,64,9.606885e-02,48.00000,35.00000,603
69,65,9.129821e-02,44.00000,35.00000,603
69,66,9.225275e-02,54.00000,30.00000,615
69,67,9.305575e-02,35.00000,36.00000,592
69,68,9.096289e-02,57.00000,30.00000,629
69,69,9.181963e-02,53.00000,30.00000,608
69,70,9.855013e-02,45.00000,36.00000,586
69,71,9.957024e-02,38.00000,35.00000,592
70,0,9.074891e-02,58.00000,30.00000,12340
70,1,9.495476e-02,43.00000,35.00000,2313
70,2,9.430954e-02,43.00000,35.00000,623
70,3,9.252155e-02,42.00000,35.00000,636
70,4,9.251659e-02,39.00000,36.00000,779
70,5,9.615766e-02,43.00000,35.00000,667
70,6,9.256040e-02,49.00000,30.00000,658
70,7,9.532585e-02,39.00000,36.00000,733
70,8,9.582565e-02,43.00000,35.00000,606
70,9,9.612474e-02,43.00000,35.00000,705
70,10,9.308289e-02,44.00000,35.00000,5987
70,11,9.069703e-02,49.00000,30.00000,5816
70,12,9.182937e-02,46.00000,35.00000,706
70,13,9.234135e-02,57.00000,30.00000,675
70,14,9.248288e-02,46.00000,35.00000,603
70,15,9.474766e-02,43.00000,35.00000,692
70,16,9.605591e-02,43.00000,36.00000,663
70,17,9.030201e-02,53.00000,30.00000,641
70,18,9.175916e-02,57.00000,30.00000,694
70,19,9.518965e-02,43.00000,35.00000,737
70,20,9.626787e-02,49.00000,30.00000,5267
70,21,9.070279e-02,49.00000,30.00000,5798
70,22,9.230223e-02,48.00000,35.00000,684
70,23,8.955618e-02,52.00000,30.00000,662
70,24,9.840687e-02,37.00000,36.00000,607
70,25,9.154635e-02,49.00000,30.00000,679
70,26,9.758340e-02,25.00000,36.00000,643
70,27,8.957286e-02,54.00000,30.00000,693
70,28,9.386448e-02,43.00000,36.00000,691
70,29,9.358367e-02,47.00000,35.00000,668
70,30,8.985636e-02,52.00000,30.00000,695
70,31,9.006231e-02,57.00000,30.00000,10953
70,32,9.317514e-02,49.00000,30.00000,651
70,33,8.973755e-02,49.00000,30.00000,626
70,34,9.162728e-02,56.00000,30.00000,713
70,35,9.072781e-02,59.00000,30.00000,655
70,36,8.940666e-02,53.00000,30.00000,712
70,37,8.900749e-02,53.00000,30.00000,669
70,38,9.220260e-02,40.00000,35.00000,620
70,39,9.005117e-02,43.00000,35.00000,688
70,40,9.327145e-02,43.00000,35.00000,653
70,41,9.348176e-02,42.00000,35.00000,11086
70,42,8.972584e-02,55.00000,30.00000,685
70,43,9.730805e-02,57.00000,30.00000,662
70,44,8.967581e-02,49.00000,30.00000,620
70,45,9.417114e-02,30.00000,36.00000,649
70,46,9.068201e-02,41.00000,36.00000,674
70,47,9.530592e-02,49.00000,36.00000,767
70,48,9.294061e-02,55.00000,30.00000,643
70,49,9.705774e-02,44.00000,35.00000,696
70,50,9.513889e-02,42.00000,40.00000,703
70,51,9.257415e-02,43.00000,35.00000,10827
70,52,9.017748e-02,55.00000,30.00000,676
70,53,9.242690e-02,46.00000,35.00000,686
70,54,9.720036e-02,40.00000,35.00000,577
70,55,9.165794e-02,46.00000,35.00000,626
70,56,9.327688e-02,45.00000,35.00000,624
70,57,9.847905e-02,30.00000,36.00000,558
70,58,9.409425e-02,46.00000,35.00000,603
70,59,9.710676e-02,25.00000,36.00000,602
70,60,9.310217e-02,49.00000,30.00000,614
70,61,9.617768e-02,43.00000,35.00000,598
70,62,9.320347e-02,49.00000,30.00000,592
70,63,8.910537e-02,47.00000,35.00000,618
70,64,9.135138e-02,41.00000,35.00000,589
70,65,9.068230e-02,49.00000,30.00000,628
70,66,9.345859e-02,36.00000,40.00000,609
70,67,9.503523e-02,55.00000,30.00000,619
70,68,8.904374e-02,53.00000,30.00000,630
70,69,8.790825e-02,54.00000,30.00000,621
70,70,9.344146e-02,43.00000,36.00000,611
70,71,9.295230e-02,54.00000,30.00000,606
71,0,9.525489e-02,46.00000,35.00000,1606
71,1,9.312075e-02,42.00000,35.00000,695
71,2,9.599052e-02,44.00000,35.00000,1465
71,3,9.507652e-02,47.00000,35.00000,720
71,4,9.544414e-02,43.00000,35.00000,698
71,5,1.002098e-01,30.00000,36.00000,618
71,6,9.743952e-02,35.00000,36.00000,723
71,7,9.589053e-02,40.00000,36.00000,590
71,8,9.254333e-02,53.00000,30.00000,821
71,9,9.485543e-02,43.00000,35.00000,661
71,10,9.502609e-02,43.00000,35.00000,630
71,11,9.472399e-02,46.00000,35.00000,601
71,12,9.329645e-02,48.00000,35.00000,2440
71,13,9.345872e-02,45.00000,35.00000,705
71,14,9.570889e-02,49.00000,30.00000,764
71,15,9.205902e-02,46.00000,35.00000,752
71,16,9.402666e-02,45.00000,35.00000,699
71,17,9.385566e-02,31.00000,36.00000,699
71,18,9.322384e-02,40.00000,36.00000,655
71,19,9.597097e-02,31.00000,36.00000,763
71,20,9.935919e-02,34.00000,36.00000,656
71,21,9.279103e-02,45.00000,35.00000,685
71,22,9.545407e-02,54.00000,30.00000,640
71,23,9.086746e-02,52.00000,30.00000,664
71,24,9.542617e-02,49.00000,30.00000,3008
71,25,9.167252e-02,37.00000,36.00000,664
71,26,9.509156e-02,42.00000,36.00000,736
71,27,9.494720e-02,46.00000,35.00000,629
71,28,9.156621e-02,53.00000,30.00000,741
71,29,9.590265e-02,25.00000,36.00000,720
71,30,9.028509e-02,55.00000,30.00000,703
71,31,9.209882e-02,46.00000,35.00000,665
71,32,9.234316e-02,53.00000,30.00000,699
71,33,9.410680e-02,36.00000,36.00000,723
71,34,9.358978e-02,58.00000,30.00000,4379
71,35,9.559081e-02,38.00000,35.00000,654
71,36,9.372270e-02,37.00000,40.00000,727
71,37,9.466065e-02,47.00000,36.00000,620
71,38,9.785944e-02,40.00000,40.00000,622
71,39,9.320869e-02,54.00000,30.00000,648
71,40,9.392590e-02,46.00000,36.00000,614
71,41,9.328207e-02,37.00000,40.00000,696
71,42,9.676481e-02,41.00000,36.00000,584
71,43,9.462103e-02,43.00000,35.00000,715
71,44,9.390493e-02,55.00000,30.00000,4866
71,45,9.616070e-02,33.00000,40.00000,639
71,46,9.146293e-02,37.00000,36.00000,709
71,47,9.111696e-02,59.00000,30.00000,774
71,48,9.268259e-02,42.00000,35.00000,642
71,49,9.282893e-02,42.00000,35.00000,729
71,50,9.085322e-02,46.00000,35.00000,671
71,51,8.947198e-02,54.00000,30.00000,635
71,52,8.742513e-02,59.00000,30.00000,715
71,53,8.852028e-02,58.00000,30.00000,698
71,54,9.040369e-02,49.00000,30.00000,808
71,55,9.355439e-02,52.00000,30.00000,617
71,56,9.044067e-02,49.00000,30.00000,599
71,57,9.291127e-02,51.00000,30.00000,674
71,58,9.025155e-02,57.00000,30.00000,668
71,59,9.812433e-02,41.00000,36.00000,594
71,60,9.490789e-02,43.00000,35.00000,597
71,61,9.668520e-02,45.00000,35.00000,625
71,62,9.752849e-02,42.00000,35.00000,586
71,63,9.682808e-02,42.00000,35.00000,627
71,64,9.685414e-02,39.00000,35.00000,619
71,65,9.272884e-02,49.00000,30.00000,639
71,66,9.713730e-02,38.00000,35.00000,585
71,67,9.407902e-02,53.00000,30.00000,607
71,68,9.209061e-02,59.00000,30.00000,638
71,69,9.252603e-02,54.00000,30.00000,622
71,70,9.701673e-02,35.00000,40.00000,567
71,71,9.690800e-02,60.00000,30.00000,636
72,0,9.509514e-02,56.00000,30.00000,1834
72,1,9.602654e-02,42.00000,35.00000,673
72,2,8.959363e-02,54.00000,30.00000,719
72,3,9.070371e-02,49.00000,30.00000,620
72,4,9.295539e-02,47.00000,35.00000,772
72,5,9.081718e-02,57.00000,30.00000,835
72,6,9.583554e-02,47.00000,35.00000,652
72,7,9.128703e-02,49.00000,30.00000,630
72,8,9.097705e-02,44.00000,35.00000,816
72,9,9.475597e-02,37.00000,36.00000,700
72,10,9.679626e-02,46.00000,35.00000,5330
72,11,9.026671e-02,48.00000,35.00000,695
72,12,9.579058e-02,36.00000,36.00000,604
72,13,9.245826e-02,49.00000,30.00000,707
72,14,9.851528e-02,31.00000,36.00000,622
72,15,9.385683e-02,41.00000,35.00000,687
72,16,9.427455e-02,54.00000,30.00000,681
72,17,9.440587e-02,49.00000,35.00000,592
72,18,9.710714e-02,57.00000,30.00000,694
72,19,9.539624e-02,39.00000,35.00000,730
72,20,9.244929e-02,44.00000,35.00000,4998
72,21,9.248574e-02,59.00000,30.00000,657
72,22,9.615726e-02,49.00000,30.00000,644
72,23,9.701821e-02,38.00000,40.00000,694
72,24,9.266973e-02,43.00000,35.00000,689
72,25,9.566551e-02,30.00000,36.00000,715
72,26,9.456918e-02,44.00000,35.00000,651
72,27,9.154332e-02,47.00000,36.00000,717
72,28,9.316289e-02,49.00000,30.00000,610
72,29,9.803148e-02,37.00000,36.00000,607
72,30,9.244709e-02,53.00000,30.00000,3897
72,31,9.150189e-02,49.00000,30.00000,634
72,32,9.422846e-02,38.00000,36.00000,732
72,33,9.327856e-02,31.00000,36.00000,686
72,34,9.214719e-02,42.00000,35.00000,803
72,35,9.317741e-02,47.00000,35.00000,686
72,36,9.050799e-02,43.00000,35.00000,738
72,37,9.252324e-02,44.00000,35.00000,701
72,38,9.170289e-02,54.00000,30.00000,632
72,39,9.303093e-02,54.00000,30.00000,764
72,40,1.019559e-01,37.00000,36.00000,691
72,41,1.018430e-01,46.00000,35.00000,651
72,42,1.029608e-01,40.00000,36.00000,584
72,43,9.505591e-02,58.00000,30.00000,623
72,44,9.674352e-02,47.00000,35.00000,666
72,45,9.759173e-02,42.00000,35.00000,638
72,46,9.592445e-02,45.00000,36.00000,698
72,47,9.842286e-02,35.00000,36.00000,614
72,48,1.008403e-01,42.00000,35.00000,733
72,49,9.659652e-02,36.00000,36.00000,680
72,50,9.813656e-02,46.00000,35.00000,644
72,51,9.662142e-02,45.00000,35.00000,664
72,52,9.562495e-02,49.00000,30.00000,642
72,53,9.723406e-02,44.00000,35.00000,671
72,54,9.600060e-02,43.00000,35.00000,598
72,55,9.542820e-02,53.00000,30.00000,684
72,56,9.653315e-02,43.00000,35.00000,623
72,57,9.511006e-02,39.00000,40.00000,635
72,58,9.624975e-02,42.00000,36.00000,596
72,59,9.837637e-02,42.00000,35.00000,569
72,60,9.379519e-02,43.00000,35.00000,605
72,61,9.096650e-02,53.00000,30.00000,628
72,62,9.393573e-02,49.00000,30.00000,598
72,63,9.891767e-02,25.00000,36.00000,589
72,64,9.391217e-02,44.00000,35.00000,589
72,65,9.215918e-02,41.00000,36.00000,635
72,66,9.106080e-02,55.00000,30.00000,617
72,67,9.059038e-02,55.00000,30.00000,618
72,68,9.206209e-02,53.00000,30.00000,608
72,69,9.081029e-02,55.00000,30.00000,617
72,70,9.372698e-02,49.00000,30.00000,600
72,71,9.126576e-02,45.00000,35.00000,628
73,0,8.970989e-02,57.00000,30.00000,4342
73,1,9.161340e-02,49.00000,30.00000,689
73,2,8.933669e-02,51.00000,30.00000,655
73,3,9.278923e-02,43.00000,35.00000,826
73,4,8.858614e-02,46.00000,35.00000,661
73,5,9.014475e-02,55.00000,30.00000,657
73,6,8.833225e-02,57.00000,30.00000,685
73,7,8.830682e-02,53.00000,30.00000,795
73,8,9.405641e-02,49.00000,30.00000,623
73,9,8.730637e-02,59.00000,30.00000,841
73,10,9.488662e-02,57.00000,30.00000,1720
73,11,8.986216e-02,55.00000,30.00000,729
73,12,9.011844e-02,47.00000,35.00000,675
73,13,9.515545e-02,49.00000,30.00000,720
73,14,9.758022e-02,39.00000,36.00000,660
73,15,9.919015e-02,38.00000,36.00000,690
73,16,9.317686e-02,43.00000,35.00000,686
73,17,9.633839e-02,37.00000,36.00000,736
73,18,9.791319e-02,37.00000,36.00000,699
73,19,9.703704e-02,40.00000,36.00000,686
73,20,9.179188e-02,44.00000,35.00000,1311
73,21,9.967404e-02,37.00000,36.00000,584
73,22,9.177957e-02,54.00000,30.00000,646
73,23,9.912056e-02,25.00000,36.00000,701
73,24,9.442668e-02,51.00000,30.00000,663
73,25,9.349556e-02,59.00000,30.00000,682
73,26,9.599486e-02,36.00000,40.00000,703
73,27,9.301233e-02,39.00000,35.00000,656
73,28,9.358750e-02,56.00000,30.00000,644
73,29,9.670138e-02,37.00000,36.00000,731
73,30,9.002838e-02,57.00000,30.00000,736
73,31,9.502286e-02,37.00000,36.00000,615
73,32,9.189127e-02,50.00000,30.00000,721
73,33,9.250246e-02,54.00000,30.00000,689
73,34,9.281341e-02,31.00000,36.00000,663
73,35,9.727524e-02,52.00000,30.00000,745
73,36,9.002494e-02,49.00000,30.00000,650
73,37,9.182347e-02,54.00000,30.00000,710
73,38,9.806701e-02,40.00000,36.00000,616
73,39,9.271004e-02,31.00000,36.00000,745
73,40,9.182394e-02,46.00000,35.00000,634
73,41,9.249939e-02,54.00000,30.00000,730
73,42,9.290320e-02,49.00000,30.00000,767
73,43,9.428274e-02,59.00000,30.00000,785
73,44,9.176119e-02,41.00000,35.00000,660
73,45,9.322839e-02,43.00000,35.00000,678
73,46,9.309280e-02,42.00000,35.00000,647
73,47,9.257644e-02,42.00000,35.00000,803
73,48,9.154120e-02,46.00000,35.00000,743
73,49,9.358197e-02,39.00000,35.00000,703
73,50,9.521703e-02,43.00000,35.00000,1002
73,51,9.894095e-02,31.00000,36.00000,583
73,52,9.567267e-02,47.00000,35.00000,605
73,53,9.600325e-02,45.00000,35.00000,615
73,54,9.377375e-02,53.00000,30.00000,614
73,55,9.186555e-02,42.00000,35.00000,602
73,56,9.497422e-02,45.00000,36.00000,590
73,57,9.301990e-02,36.00000,36.00000,598
73,58,9.531818e-02,41.00000,35.00000,573
73,59,9.549893e-02,49.00000,30.00000,594
73,60,9.252865e-02,53.00000,30.00000,698
73,61,9.141896e-02,49.00000,35.00000,595
73,62,9.287388e-02,53.00000,30.00000,615
73,63,9.493649e-02,53.00000,30.00000,607
73,64,8.958122e-02,53.00000,30.00000,617
73,65,9.433043e-02,48.00000,35.00000,598
73,66,9.179653e-02,44.00000,35.00000,600
73,67,9.503156e-02,35.00000,36.00000,585
73,68,9.091854e-02,43.00000,35.00000,602
73,69,9.115994e-02,44.00000,35.00000,637
73,70,9.953438e-02,35.00000,36.00000,555
73,71,9.510259e-02,48.00000,35.00000,595
74,0,9.379545e-02,54.00000,30.00000,2524
74,1,9.580792e-02,49.00000,30.00000,676
74,2,9.308154e-02,35.00000,36.00000,1612
74,3,9.569932e-02,36.00000,36.00000,713
74,4,9.421270e-02,42.00000,35.00000,611
74,5,9.251270e-02,57.00000,30.00000,706
74,6,8.918532e-02,49.00000,30.00000,652
74,7,9.053601e-02,47.00000,35.00000,697
74,8,9.351178e-02,30.00000,36.00000,736
74,9,8.915515e-02,55.00000,30.00000,646
74,10,9.414077e-02,35.00000,36.00000,704
74,11,9.232989e-02,46.00000,35.00000,670
74,12,8.992969e-02,51.00000,35.00000,773
74,13,8.921301e-02,53.00000,30.00000,670
74,14,9.112074e-02,45.00000,35.00000,668
74,15,9.310824e-02,53.00000,30.00000,648
74,16,9.295040e-02,49.00000,30.00000,712
74,17,9.414560e-02,46.00000,35.00000,628
74,18,9.068444e-02,49.00000,30.00000,707
74,19,9.409177e-02,49.00000,30.00000,587
74,20,9.430207e-02,41.00000,36.00000,700
74,21,9.657833e-02,45.00000,35.00000,622
74,22,8.862324e-02,58.00000,30.00000,721
74,23,9.222071e-02,43.00000,36.00000,682
74,24,9.189675e-02,45.00000,35.00000,619
74,25,9.169813e-02,49.00000,30.00000,655
74,26,9.694144e-02,41.00000,35.00000,647
74,27,9.679108e-02,31.00000,36.00000,706
74,28,8.868830e-02,57.00000,30.00000,711
74,29,9.893592e-02,43.00000,35.00000,691
74,30,9.203698e-02,54.00000,30.00000,678
74,31,9.543799e-02,30.00000,36.00000,663
74,32,9.897060e-02,41.00000,35.00000,607
74,33,9.741533e-02,38.00000,35.00000,690
74,34,9.479710e-02,54.00000,30.00000,696
74,35,9.339447e-02,56.00000,30.00000,772
74,36,9.466974e-02,55.00000,30.00000,660
74,37,9.664871e-02,44.00000,35.00000,669
74,38,9.474247e-02,41.00000,36.00000,606
74,39,9.327675e-02,46.00000,35.00000,730
74,40,8.997557e-02,53.00000,30.00000,674
74,41,9.586978e-02,46.00000,36.00000,582
74,42,9.219643e-02,47.00000,35.00000,742
74,43,9.450168e-02,35.00000,36.00000,657
74,44,9.579004e-02,53.00000,30.00000,690
74,45,9.579621e-02,36.00000,36.00000,660
74,46,1.006036e-01,34.00000,40.00000,638
74,47,9.302098e-02,53.00000,30.00000,670
74,48,9.053361e-02,54.00000,30.00000,756
74,49,8.953132e-02,46.00000,35.00000,710
74,50,9.081388e-02,54.00000,30.00000,683
74,51,9.259277e-02,52.00000,30.00000,624
74,52,9.154677e-02,53.00000,30.00000,612
74,53,9.144701e-02,46.00000,35.00000,651
74,54,9.096363e-02,47.00000,35.00000,640
74,55,9.342258e-02,41.00000,35.00000,605
74,56,9.684778e-02,39.00000,36.00000,600
74,57,9.158480e-02,48.00000,35.00000,641
74,58,9.328938e-02,35.00000,36.00000,579
74,59,9.383570e-02,47.00000,35.00000,584
74,60,9.442145e-02,53.00000,30.00000,610
74,61,8.848986e-02,53.00000,30.00000,637
74,62,8.877253e-02,53.00000,30.00000,627
74,63,9.339438e-02,55.00000,30.00000,616
74,64,9.155431e-02,45.00000,35.00000,601
74,65,9.362608e-02,44.00000,35.00000,594
74,66,9.432846e-02,40.00000,36.00000,584
74,67,9.481342e-02,44.00000,35.00000,579
74,68,9.561031e-02,41.00000,35.00000,576
74,69,9.480251e-02,34.00000,36.00000,587
74,70,9.389063e-02,40.00000,35.00000,608
74,71,9.469740e-02,40.00000,36.00000,583
75,0,8.638583e-02,60.00000,30.00000,9154
75,1,9.049528e-02,49.00000,30.00000,877
75,2,9.089953e-02,47.00000,35.00000,760
75,3,9.160214e-02,39.00000,35.00000,3301
75,4,9.188309e-02,55.00000,30.00000,716
75,5,9.562764e-02,41.00000,36.00000,683
75,6,8.852483e-02,53.00000,30.00000,756
75,7,9.556140e-02,34.00000,40.00000,609
75,8,9.114838e-02,57.00000,30.00000,725
75,9,9.022330e-02,49.00000,30.00000,661
75,10,9.303453e-02,38.00000,36.00000,9598
75,11,9.172141e-02,43.00000,35.00000,1200
75,12,9.209865e-02,55.00000,30.00000,727
75,13,8.983167e-02,49.00000,30.00000,1530
75,14,9.290971e-02,49.00000,30.00000,2033
75,15,9.429832e-02,45.00000,35.00000,632
75,16,9.181211e-02,43.00000,35.00000,671
75,17,9.268537e-02,45.00000,35.00000,634
75,18,9.393971e-02,40.00000,40.00000,657
75,19,9.033933e-02,31.00000,36.00000,725
75,20,9.176807e-02,44.00000,35.00000,6345
75,21,9.535027e-02,41.00000,36.00000,1247
75,22,9.251273e-02,42.00000,35.00000,1796
75,23,9.108732e-02,41.00000,36.00000,4749
75,24,9.244367e-02,49.00000,30.00000,636
75,25,9.457218e-02,40.00000,36.00000,663
75,26,9.393770e-02,38.00000,35.00000,709
75,27,9.142748e-02,48.00000,35.00000,774
75,28,9.627649e-02,45.00000,35.00000,731
75,29,9.277387e-02,52.00000,30.00000,698
75,30,9.089354e-02,40.00000,35.00000,2104
75,31,9.149836e-02,47.00000,35.00000,6032
75,32,9.175685e-02,49.00000,35.00000,703
75,33,9.136808e-02,49.00000,30.00000,5889
75,34,9.236997e-02,37.00000,35.00000,632
75,35,9.206882e-02,43.00000,35.00000,627
75,36,8.861247e-02,49.00000,35.00000,669
75,37,8.948728e-02,43.00000,35.00000,635
75,38,8.703388e-02,57.00000,30.00000,713
75,39,9.183424e-02,39.00000,35.00000,715
75,40,8.867219e-02,56.00000,30.00000,673
75,41,8.741434e-02,60.00000,30.00000,3726
75,42,9.155117e-02,47.00000,35.00000,716
75,43,9.306753e-02,54.00000,30.00000,6059
75,44,9.159476e-02,49.00000,35.00000,712
75,45,8.799145e-02,42.00000,35.00000,631
75,46,9.121653e-02,57.00000,30.00000,712
75,47,9.305754e-02,30.00000,36.00000,677
75,48,8.892382e-02,49.00000,30.00000,733
75,49,9.360151e-02,41.00000,36.00000,644
75,50,9.238930e-02,53.00000,30.00000,680
75,51,9.436093e-02,45.00000,35.00000,6127
75,52,8.884743e-02,57.00000,30.00000,743
75,53,9.225497e-02,35.00000,36.00000,6554
75,54,8.975990e-02,49.00000,30.00000,671
75,55,8.922990e-02,45.00000,35.00000,610
75,56,8.851979e-02,54.00000,30.00000,629
75,57,8.849084e-02,40.00000,35.00000,612
75,58,9.080846e-02,54.00000,30.00000,606
75,59,9.437684e-02,53.00000,30.00000,609
75,60,8.899683e-02,52.00000,30.00000,634
75,61,8.686607e-02,57.00000,30.00000,629
75,62,9.087801e-02,30.00000,36.00000,618
75,63,9.509213e-02,42.00000,36.00000,861
75,64,9.283613e-02,45.00000,35.00000,594
75,65,9.248015e-02,58.00000,30.00000,621
75,66,9.123048e-02,52.00000,30.00000,610
75,67,9.123907e-02,52.00000,30.00000,612
75,68,9.160025e-02,41.00000,36.00000,602
75,69,8.898188e-02,46.00000,35.00000,604
75,70,9.249260e-02,40.00000,35.00000,597
75,71,9.619616e-02,31.00000,36.00000,630
76,0,9.389202e-02,49.00000,30.00000,11398
76,1,9.505221e-02,39.00000,35.00000,662
76,2,8.727846e-02,49.00000,30.00000,638
76,3,9.455834e-02,35.00000,36.00000,625
76,4,9.219088e-02,35.00000,36.00000,718
76,5,9.123201e-02,42.00000,36.00000,687
76,6,8.990273e-02,54.00000,30.00000,688
76,7,8.740112e-02,56.00000,30.00000,674
76,8,8.966548e-02,54.00000,30.00000,606
76,9,9.511490e-02,36.00000,36.00000,724
76,10,9.090636e-02,57.00000,30.00000,4081
76,11,9.305122e-02,43.00000,35.00000,747
76,12,9.063255e-02,49.00000,30.00000,638
76,13,9.164178e-02,41.00000,36.00000,674
76,14,8.743994e-02,51.00000,30.00000,760
76,15,9.477275e-02,53.00000,30.00000,607
76,16,9.239470e-02,33.00000,40.00000,699
76,17,8.718699e-02,55.00000,30.00000,713
76,18,8.743844e-02,42.00000,35.00000,744
76,19,9.212440e-02,36.00000,36.00000,785
76,20,9.000983e-02,49.00000,30.00000,8342
76,21,8.716162e-02,49.00000,30.00000,2342
76,22,9.591126e-02,30.00000,40.00000,653
76,23,8.847384e-02,40.00000,36.00000,642
76,24,9.456800e-02,31.00000,36.00000,1135
76,25,9.612224e-02,49.00000,30.00000,1724
76,26,9.528323e-02,40.00000,36.00000,767
76,27,9.350674e-02,35.00000,36.00000,631
76,28,9.259644e-02,49.00000,30.00000,691
76,29,9.594155e-02,43.00000,35.00000,867
76,30,8.996838e-02,46.00000,35.00000,6591
76,31,9.037128e-02,46.00000,35.00000,2435
76,32,9.257352e-02,46.00000,35.00000,767
76,33,9.272633e-02,51.00000,30.00000,743
76,34,9.756080e-02,31.00000,36.00000,2794
76,35,9.383494e-02,42.00000,35.00000,2103
76,36,9.150424e-02,47.00000,35.00000,663
76,37,9.072062e-02,53.00000,30.00000,711
76,38,9.054122e-02,42.00000,35.00000,652
76,39,9.633639e-02,37.00000,36.00000,600
76,40,8.947580e-02,59.00000,30.00000,3293
76,41,9.299891e-02,39.00000,36.00000,3562
76,42,9.236095e-02,45.00000,36.00000,693
76,43,8.553372e-02,57.00000,30.00000,748
76,44,8.612277e-02,49.00000,30.00000,6742
76,45,9.036112e-02,53.00000,30.00000,619
76,46,9.289031e-02,37.00000,36.00000,639
76,47,9.591302e-02,42.00000,35.00000,792
76,48,9.185079e-02,41.00000,35.00000,590
76,49,9.260598e-02,39.00000,36.00000,726
76,50,8.966814e-02,44.00000,35.00000,1324
76,51,9.483816e-02,30.00000,36.00000,658
76,52,9.094174e-02,41.00000,36.00000,591
76,53,9.371871e-02,45.00000,35.00000,677
76,54,9.044804e-02,56.00000,30.00000,6593
76,55,9.660848e-02,39.00000,36.00000,673
76,56,8.810957e-02,59.00000,30.00000,638
76,57,9.559692e-02,36.00000,36.00000,616
76,58,9.153703e-02,57.00000,30.00000,630
76,59,9.049977e-02,45.00000,35.00000,605
76,60,9.593865e-02,31.00000,36.00000,570
76,61,9.365350e-02,31.00000,36.00000,617
76,62,8.963313e-02,51.00000,30.00000,606
76,63,8.954135e-02,49.00000,30.00000,616
76,64,9.081741e-02,48.00000,35.00000,601
76,65,9.073392e-02,42.00000,35.00000,592
76,66,8.915609e-02,56.00000,30.00000,611
76,67,9.092724e-02,42.00000,35.00000,598
76,68,8.704850e-02,58.00000,30.00000,622
76,69,9.204765e-02,37.00000,36.00000,599
76,70,9.323820e-02,36.00000,36.00000,616
76,71,8.940955e-02,57.00000,30.00000,629
77,0,9.102602e-02,53.00000,30.00000,663
77,1,8.578842e-02,49.00000,30.00000,750
77,2,9.193314e-02,43.00000,35.00000,605
77,3,8.730657e-02,55.00000,30.00000,674
77,4,8.905704e-02,56.00000,30.00000,701
77,5,8.779446e-02,52.00000,30.00000,839
77,6,8.673728e-02,45.00000,35.00000,709
77,7,9.185585e-02,37.00000,40.00000,695
77,8,8.692349e-02,55.00000,30.00000,720
77,9,9.571442e-02,25.00000,36.00000,579
77,10,9.086055e-02,49.00000,30.00000,704
77,11,8.621866e-02,53.00000,30.00000,730
77,12,9.249832e-02,38.00000,36.00000,635
77,13,8.984962e-02,35.00000,36.00000,610
77,14,8.763640e-02,43.00000,35.00000,720
77,15,8.669028e-02,58.00000,30.00000,710
77,16,8.966780e-02,48.00000,35.00000,663
77,17,9.134935e-02,47.00000,35.00000,630
77,18,8.835239e-02,52.00000,30.00000,638
77,19,9.122177e-02,45.00000,35.00000,766
77,20,9.195622e-02,58.00000,30.00000,668
77,21,9.350399e-02,42.00000,35.00000,800
77,22,8.784859e-02,53.00000,30.00000,705
77,23,9.088529e-02,40.00000,35.00000,654
77,24,8.906304e-02,47.00000,35.00000,601
77,25,9.268532e-02,45.00000,35.00000,704
77,26,8.714947e-02,57.00000,30.00000,642
77,27,9.126554e-02,36.00000,40.00000,735
77,28,9.031907e-02,49.00000,30.00000,591
77,29,8.853900e-02,53.00000,30.00000,687
77,30,8.859885e-02,57.00000,30.00000,722
77,31,8.933619e-02,38.00000,35.00000,606
77,32,8.849345e-02,43.00000,35.00000,604
77,33,9.101325e-02,47.00000,35.00000,649
77,34,8.532764e-02,52.00000,30.00000,675
77,35,8.690471e-02,53.00000,30.00000,649
77,36,8.907118e-02,55.00000,30.00000,618
77,37,9.018752e-02,43.00000,35.00000,735
77,38,9.088829e-02,38.00000,40.00000,680
77,39,9.296290e-02,54.00000,30.00000,656
77,40,9.146057e-02,37.00000,36.00000,666
77,41,8.884470e-02,40.00000,36.00000,611
77,42,8.745765e-02,53.00000,30.00000,643
77,43,8.781980e-02,49.00000,30.00000,677
77,44,8.926344e-02,49.00000,30.00000,673
77,45,9.350379e-02,25.00000,36.00000,1327
77,46,8.894762e-02,49.00000,30.00000,749
77,47,8.751512e-02,49.00000,30.00000,683
77,48,9.277090e-02,39.00000,35.00000,683
77,49,9.380558e-02,30.00000,36.00000,683
77,50,8.947630e-02,52.00000,30.00000,702
77,51,8.700317e-02,40.00000,35.00000,602
77,52,8.977868e-02,52.00000,30.00000,595
77,53,9.242897e-02,39.00000,35.00000,639
77,54,8.973886e-02,52.00000,30.00000,614
77,55,8.669806e-02,56.00000,30.00000,1128
77,56,8.656925e-02,47.00000,35.00000,626
77,57,9.127311e-02,49.00000,30.00000,602
77,58,9.110475e-02,36.00000,36.00000,578
77,59,9.247662e-02,40.00000,35.00000,595
77,60,8.879261e-02,43.00000,35.00000,599
77,61,8.832350e-02,39.00000,35.00000,622
77,62,8.775510e-02,49.00000,30.00000,635
77,63,8.987166e-02,46.00000,35.00000,588
77,64,8.649854e-02,53.00000,30.00000,623
77,65,8.953123e-02,49.00000,30.00000,589
77,66,8.906680e-02,45.00000,35.00000,582
77,67,9.038734e-02,43.00000,35.00000,586
77,68,8.870499e-02,55.00000,30.00000,616
77,69,8.666044e-02,44.00000,35.00000,615
77,70,8.836374e-02,37.00000,36.00000,628
77,71,8.634815e-02,49.00000,30.00000,616
78,0,9.506895e-02,40.00000,36.00000,598
78,1,9.230686e-02,47.00000,35.00000,3706
78,2,9.396686e-02,42.00000,35.00000,642
78,3,9.133060e-02,52.00000,30.00000,640
78,4,9.205578e-02,31.00000,36.00000,668
78,5,9.412818e-02,40.00000,36.00000,584
78,6,8.727352e-02,48.00000,35.00000,764
78,7,9.174396e-02,45.00000,35.00000,644
78,8,9.128380e-02,42.00000,35.00000,772
78,9,9.001186e-02,40.00000,36.00000,702
78,10,8.748258e-02,54.00000,30.00000,704
78,11,9.467489e-02,31.00000,36.00000,2648
78,12,9.232008e-02,45.00000,35.00000,648
78,13,8.778901e-02,45.00000,35.00000,634
78,14,9.221646e-02,31.00000,36.00000,645
78,15,8.986664e-02,42.00000,35.00000,682
78,16,8.622269e-02,53.00000,30.00000,636
78,17,8.918825e-02,52.00000,30.00000,631
78,18,8.738688e-02,53.00000,30.00000,656
78,19,9.288952e-02,47.00000,35.00000,659
78,20,8.819760e-02,53.00000,30.00000,698
78,21,8.815098e-02,53.00000,30.00000,3857
78,22,8.373183e-02,53.00000,30.00000,628
78,23,8.610587e-02,49.00000,30.00000,737
78,24,8.701324e-02,49.00000,30.00000,672
78,25,9.239215e-02,43.00000,35.00000,610
78,26,8.466190e-02,53.00000,30.00000,671
78,27,8.674354e-02,49.00000,30.00000,613
78,28,8.951604e-02,37.00000,40.00000,732
78,29,8.841591e-02,44.00000,35.00000,632
78,30,8.925021e-02,40.00000,36.00000,625
78,31,8.962140e-02,45.00000,35.00000,3295
78,32,8.866521e-02,52.00000,30.00000,811
78,33,8.905867e-02,49.00000,35.00000,645
78,34,9.065250e-02,37.00000,36.00000,698
78,35,9.144188e-02,45.00000,36.00000,601
78,36,8.945620e-02,49.00000,35.00000,690
78,37,9.342974e-02,37.00000,36.00000,642
78,38,8.813228e-02,51.00000,30.00000,720
78,39,9.500580e-02,37.00000,35.00000,658
78,40,8.840131e-02,43.00000,35.00000,644
78,41,9.165381e-02,47.00000,35.00000,5298
78,42,8.639283e-02,57.00000,30.00000,693
78,43,8.575146e-02,49.00000,30.00000,639
78,44,8.567394e-02,55.00000,30.00000,726
78,45,8.875054e-02,54.00000,30.00000,700
78,46,8.614966e-02,47.00000,35.00000,707
78,47,8.856969e-02,53.00000,30.00000,713
78,48,8.845978e-02,45.00000,35.00000,631
78,49,8.735941e-02,52.00000,35.00000,738
78,50,8.920278e-02,37.00000,36.00000,1159
78,51,8.962471e-02,41.00000,35.00000,8342
78,52,8.496022e-02,49.00000,30.00000,645
78,53,8.751519e-02,43.00000,35.00000,595
78,54,8.765242e-02,54.00000,30.00000,636
78,55,9.138088e-02,39.00000,35.00000,586
78,56,8.868892e-02,51.00000,30.00000,604
78,57,8.494599e-02,57.00000,30.00000,627
78,58,8.830965e-02,54.00000,30.00000,609
78,59,8.699327e-02,51.00000,30.00000,605
78,60,8.898403e-02,44.00000,35.00000,603
78,61,8.632281e-02,55.00000,30.00000,621
78,62,9.047529e-02,55.00000,30.00000,617
78,63,9.152694e-02,31.00000,36.00000,600
78,64,9.044239e-02,45.00000,35.00000,587
78,65,9.083891e-02,44.00000,35.00000,578
78,66,9.106356e-02,44.00000,35.00000,578
78,67,9.172630e-02,38.00000,36.00000,596
78,68,9.235995e-02,40.00000,36.00000,578
78,69,9.318540e-02,36.00000,36.00000,576
78,70,9.578778e-02,47.00000,36.00000,593
78,71,9.290327e-02,40.00000,36.00000,563
79,0,8.647336e-02,58.00000,30.00000,6887
79,1,8.495416e-02,54.00000,30.00000,711
79,2,9.029973e-02,46.00000,35.00000,657
79,3,8.665727e-02,43.00000,35.00000,653
79,4,8.592214e-02,49.00000,35.00000,715
79,5,8.814044e-02,58.00000,30.00000,721
79,6,9.304500e-02,36.00000,36.00000,693
79,7,8.841217e-02,53.00000,30.00000,647
79,8,9.038030e-02,40.00000,36.00000,714
79,9,9.197656e-02,49.00000,30.00000,671
79,10,8.804336e-02,52.00000,30.00000,5601
79,11,9.086847e-02,41.00000,36.00000,672
79,12,8.703371e-02,42.00000,35.00000,710
79,13,8.926524e-02,49.00000,30.00000,662
79,14,9.179824e-02,42.00000,36.00000,635
79,15,8.992712e-02,49.00000,30.00000,663
79,16,8.658613e-02,54.00000,30.00000,749
79,17,9.298296e-02,42.00000,35.00000,657
79,18,8.850409e-02,40.00000,36.00000,678
79,19,9.036423e-02,48.00000,35.00000,642
79,20,9.193165e-02,45.00000,36.00000,656
79,21,8.867608e-02,53.00000,30.00000,647
79,22,9.180723e-02,49.00000,30.00000,717
79,23,9.068544e-02,36.00000,36.00000,658
79,24,9.141915e-02,31.00000,36.00000,713
79,25,9.027163e-02,55.00000,30.00000,699
79,26,8.774209e-02,45.00000,35.00000,656
79,27,8.797329e-02,40.00000,35.00000,638
79,28,9.071624e-02,41.00000,36.00000,712
79,29,9.128977e-02,43.00000,36.00000,667
79,30,8.813286e-02,55.00000,30.00000,646
79,31,9.042966e-02,46.00000,35.00000,750
79,32,8.829761e-02,54.00000,30.00000,717
79,33,8.745253e-02,45.00000,35.00000,694
79,34,9.236671e-02,41.00000,36.00000,590
79,35,8.909051e-02,57.00000,30.00000,665
79,36,9.220903e-02,41.00000,35.00000,648
79,37,8.969490e-02,41.00000,36.00000,714
79,38,9.183636e-02,44.00000,35.00000,657
79,39,8.981945e-02,40.00000,36.00000,627
79,40,8.931705e-02,43.00000,35.00000,619
79,41,8.860108e-02,43.00000,35.00000,691
79,42,9.461326e-02,40.00000,35.00000,713
79,43,9.005451e-02,37.00000,36.00000,653
79,44,8.830240e-02,31.00000,36.00000,755
79,45,9.234472e-02,57.00000,30.00000,664
79,46,8.796825e-02,41.00000,35.00000,667
79,47,8.873224e-02,48.00000,35.00000,754
79,48,8.580524e-02,53.00000,30.00000,654
79,49,8.898699e-02,43.00000,35.00000,5046
79,50,8.932441e-02,47.00000,35.00000,638
79,51,8.760776e-02,53.00000,30.00000,663
79,52,8.680765e-02,44.00000,35.00000,704
79,53,8.858135e-02,46.00000,35.00000,729
79,54,9.139513e-02,37.00000,36.00000,692
79,55,8.627389e-02,53.00000,30.00000,718
79,56,8.855831e-02,44.00000,35.00000,724
79,57,8.719450e-02,54.00000,30.00000,728
79,58,8.823405e-02,40.00000,35.00000,592
79,59,8.908156e-02,44.00000,35.00000,623
79,60,8.640099e-02,47.00000,35.00000,818
79,61,9.050057e-02,38.00000,35.00000,594
79,62,9.060077e-02,43.00000,35.00000,606
79,63,8.960760e-02,54.00000,30.00000,607
79,64,8.887004e-02,57.00000,30.00000,628
79,65,9.075683e-02,45.00000,35.00000,578
79,66,8.842728e-02,53.00000,30.00000,609
79,67,8.976699e-02,49.00000,30.00000,598
79,68,8.799444e-02,43.00000,36.00000,637
79,69,8.550181e-02,57.00000,30.00000,627
79,70,9.282956e-02,37.00000,36.00000,578
79,71,8.998916e-02,41.00000,36.00000,567
80,0,8.912681e-02,38.00000,36.00000,3957
80,1,8.748280e-02,47.00000,35.00000,631
80,2,8.810872e-02,44.00000,36.00000,680
80,3,8.696338e-02,49.00000,30.00000,774
80,4,8.893593e-02,42.00000,35.00000,595
80,5,9.220119e-02,43.00000,36.00000,623
80,6,8.828741e-02,53.00000,30.00000,639
80,7,8.429886e-02,49.00000,30.00000,689
80,8,9.270187e-02,37.00000,35.00000,805
80,9,9.155673e-02,55.00000,30.00000,748
80,10,9.043873e-02,36.00000,36.00000,2384
80,11,9.220625e-02,47.00000,35.00000,765
80,12,8.973940e-02,42.00000,35.00000,613
80,13,8.782083e-02,48.00000,35.00000,700
80,14,9.001550e-02,38.00000,35.00000,681
80,15,9.040104e-02,46.00000,36.00000,643
80,16,8.632912e-02,54.00000,30.00000,762
80,17,9.209527e-02,48.00000,35.00000,699
80,18,9.234188e-02,35.00000,36.00000,558
80,19,8.931863e-02,55.00000,30.00000,796
80,20,8.567560e-02,55.00000,30.00000,5625
80,21,8.637722e-02,49.00000,30.00000,618
80,22,8.674774e-02,45.00000,35.00000,720
80,23,8.809243e-02,49.00000,35.00000,873
80,24,8.716609e-02,57.00000,30.00000,757
80,25,8.871824e-02,37.00000,36.00000,598
80,26,9.022651e-02,46.00000,35.00000,671
80,27,8.919635e-02,49.00000,30.00000,705
80,28,8.495305e-02,59.00000,30.00000,706
80,29,8.769153e-02,45.00000,35.00000,820
80,30,9.004892e-02,41.00000,35.00000,8084
80,31,8.751461e-02,43.00000,35.00000,781
80,32,8.789608e-02,43.00000,35.00000,669
80,33,8.952497e-02,42.00000,35.00000,598
80,34,9.044410e-02,55.00000,30.00000,663
80,35,8.927976e-02,49.00000,30.00000,761
80,36,8.885579e-02,48.00000,35.00000,738
80,37,8.789881e-02,40.00000,36.00000,703
80,38,8.804041e-02,43.00000,35.00000,616
80,39,9.174997e-02,44.00000,35.00000,640
80,40,8.647720e-02,44.00000,35.00000,3761
80,41,9.007402e-02,45.00000,35.00000,703
80,42,9.105789e-02,41.00000,35.00000,693
80,43,8.966195e-02,46.00000,35.00000,746
80,44,8.848424e-02,40.00000,35.00000,657
80,45,8.998968e-02,49.00000,30.00000,586
80,46,8.628099e-02,46.00000,35.00000,630
80,47,9.266540e-02,31.00000,36.00000,695
80,48,9.213172e-02,46.00000,35.00000,733
80,49,9.079826e-02,40.00000,36.00000,640
80,50,9.166401e-02,35.00000,36.00000,676
80,51,8.824205e-02,48.00000,35.00000,772
80,52,8.812582e-02,37.00000,36.00000,703
80,53,8.756990e-02,39.00000,36.00000,637
80,54,9.222603e-02,31.00000,36.00000,602
80,55,8.915224e-02,54.00000,30.00000,645
80,56,9.035192e-02,42.00000,35.00000,591
80,57,8.632897e-02,59.00000,30.00000,639
80,58,8.905151e-02,53.00000,30.00000,608
80,59,8.980411e-02,47.00000,35.00000,582
80,60,8.871700e-02,49.00000,30.00000,615
80,61,8.812976e-02,42.00000,36.00000,606
80,62,8.726480e-02,43.00000,36.00000,625
80,63,9.299918e-02,40.00000,35.00000,562
80,64,9.214246e-02,44.00000,35.00000,587
80,65,8.843626e-02,43.00000,35.00000,588
80,66,8.902459e-02,57.00000,30.00000,627
80,67,8.735929e-02,46.00000,35.00000,596
80,68,9.104910e-02,44.00000,35.00000,583
80,69,9.142485e-02,34.00000,36.00000,596
80,70,8.735219e-02,56.00000,30.00000,637
80,71,9.040169e-02,39.00000,35.00000,578
81,0,8.744615e-02,56.00000,30.00000,3721
81,1,8.429469e-02,53.00000,30.00000,809
81,2,8.820543e-02,49.00000,30.00000,692
81,3,1.012878e-01,25.00000,36.00000,679
81,4,8.764474e-02,58.00000,30.00000,711
81,5,8.666877e-02,47.00000,35.00000,712
81,6,9.455577e-02,45.00000,36.00000,651
81,7,9.259892e-02,45.00000,35.00000,599
81,8,8.801524e-02,36.00000,36.00000,765
81,9,8.627324e-02,44.00000,35.00000,714
81,10,9.045472e-02,47.00000,35.00000,8846
81,11,8.850816e-02,53.00000,30.00000,647
81,12,9.389158e-02,46.00000,36.00000,708
81,13,9.486195e-02,41.00000,36.00000,601
81,14,9.406380e-02,35.00000,36.00000,679
81,15,9.212928e-02,31.00000,36.00000,668
81,16,9.809858e-02,25.00000,36.00000,773
81,17,9.054396e-02,42.00000,35.00000,746
81,18,9.593589e-02,34.00000,36.00000,645
81,19,9.269217e-02,40.00000,35.00000,677
81,20,8.885414e-02,42.00000,35.00000,10283
81,21,9.270922e-02,36.00000,36.00000,627
81,22,8.971889e-02,45.00000,35.00000,611
81,23,9.152471e-02,44.00000,35.00000,677
81,24,8.737624e-02,44.00000,35.00000,741
81,25,8.876922e-02,49.00000,30.00000,668
81,26,8.516522e-02,55.00000,30.00000,704
81,27,9.263127e-02,45.00000,35.00000,622
81,28,8.693119e-02,52.00000,30.00000,826
81,29,9.029981e-02,48.00000,35.00000,721
81,30,8.691222e-02,59.00000,30.00000,9923
81,31,8.951250e-02,39.00000,36.00000,1193
81,32,8.683559e-02,46.00000,35.00000,665
81,33,9.011097e-02,52.00000,30.00000,719
81,34,9.018316e-02,41.00000,35.00000,668
81,35,8.880016e-02,48.00000,35.00000,650
81,36,8.902512e-02,37.00000,36.00000,832
81,37,8.831590e-02,41.00000,35.00000,592
81,38,8.973710e-02,54.00000,30.00000,748
81,39,9.063770e-02,53.00000,30.00000,727
81,40,9.325348e-02,43.00000,35.00000,9179
81,41,8.702026e-02,49.00000,30.00000,3689
81,42,9.010483e-02,43.00000,36.00000,676
81,43,8.869343e-02,57.00000,30.00000,748
81,44,8.871493e-02,43.00000,35.00000,687
81,45,8.434770e-02,48.00000,35.00000,685
81,46,8.877687e-02,46.00000,35.00000,735
81,47,9.073733e-02,35.00000,36.00000,784
81,48,8.598813e-02,57.00000,30.00000,669
81,49,8.981960e-02,37.00000,36.00000,595
81,50,8.460698e-02,55.00000,30.00000,5606
81,51,8.654658e-02,51.00000,30.00000,4912
81,52,9.084854e-02,45.00000,35.00000,628
81,53,8.976395e-02,46.00000,36.00000,733
81,54,9.295672e-02,39.00000,35.00000,617
81,55,8.941943e-02,45.00000,35.00000,649
81,56,8.550677e-02,53.00000,30.00000,610
81,57,8.554024e-02,49.00000,30.00000,832
81,58,9.263293e-02,52.00000,30.00000,662
81,59,8.984133e-02,47.00000,35.00000,678
81,60,8.951178e-02,25.00000,36.00000,1546
81,61,9.151176e-02,31.00000,36.00000,3428
81,62,8.680360e-02,46.00000,35.00000,619
81,63,8.890286e-02,54.00000,30.00000,604
81,64,9.029609e-02,38.00000,36.00000,605
81,65,8.394667e-02,49.00000,30.00000,638
81,66,8.680230e-02,47.00000,35.00000,599
81,67,8.915636e-02,40.00000,35.00000,626
81,68,8.706315e-02,45.00000,36.00000,599
81,69,8.663160e-02,49.00000,30.00000,591
81,70,8.849658e-02,41.00000,35.00000,586
81,71,8.843846e-02,49.00000,30.00000,586
82,0,8.711373e-02,49.00000,35.00000,6471
82,1,8.830982e-02,40.00000,35.00000,649
82,2,8.742939e-02,51.00000,30.00000,714
82,3,8.467215e-02,54.00000,30.00000,652
82,4,8.849804e-02,42.00000,36.00000,775
82,5,8.855820e-02,40.00000,36.00000,640
82,6,9.030837e-02,41.00000,35.00000,564
82,7,9.096805e-02,38.00000,36.00000,768
82,8,8.970021e-02,42.00000,35.00000,641
82,9,9.027406e-02,49.00000,30.00000,641
82,10,8.820925e-02,43.00000,35.00000,10301
82,11,8.912619e-02,45.00000,35.00000,710
82,12,8.867789e-02,47.00000,35.00000,625
82,13,8.900570e-02,31.00000,36.00000,678
82,14,8.930897e-02,48.00000,35.00000,696
82,15,8.749576e-02,42.00000,35.00000,697
82,16,8.802368e-02,49.00000,30.00000,664
82,17,8.448835e-02,50.00000,35.00000,709
82,18,8.628637e-02,51.00000,30.00000,653
82,19,8.853692e-02,44.00000,35.00000,783
82,20,9.287982e-02,46.00000,35.00000,14141
82,21,8.803493e-02,35.00000,36.00000,655
82,22,8.711963e-02,40.00000,35.00000,697
82,23,8.916433e-02,40.00000,36.00000,676
82,24,9.016991e-02,30.00000,36.00000,689
82,25,9.156543e-02,42.00000,35.00000,688
82,26,8.498035e-02,53.00000,30.00000,772
82,27,8.839506e-02,55.00000,30.00000,668
82,28,8.468746e-02,49.00000,30.00000,790
82,29,8.739754e-02,49.00000,30.00000,590
82,30,9.052385e-02,37.00000,36.00000,13935
82,31,9.144469e-02,30.00000,36.00000,766
82,32,9.055039e-02,40.00000,35.00000,683
82,33,8.620352e-02,54.00000,30.00000,608
82,34,8.794132e-02,44.00000,35.00000,685
82,35,8.903389e-02,44.00000,35.00000,638
82,36,8.870490e-02,45.00000,35.00000,645
82,37,9.108252e-02,38.00000,36.00000,690
82,38,8.414260e-02,50.00000,35.00000,623
82,39,9.064711e-02,49.00000,30.00000,642
82,40,8.907709e-02,54.00000,30.00000,10600
82,41,9.340467e-02,31.00000,36.00000,621
82,42,8.790368e-02,56.00000,30.00000,645
82,43,9.101035e-02,52.00000,30.00000,638
82,44,8.866128e-02,36.00000,36.00000,673
82,45,8.986853e-02,50.00000,30.00000,716
82,46,8.416530e-02,45.00000,35.00000,711
82,47,8.728965e-02,49.00000,30.00000,680
82,48,9.056760e-02,45.00000,35.00000,615
82,49,8.868601e-02,44.00000,35.00000,714
82,50,8.865893e-02,36.00000,36.00000,12435
82,51,8.706994e-02,39.00000,36.00000,746
82,52,8.937269e-02,49.00000,30.00000,669
82,53,8.871227e-02,43.00000,35.00000,716
82,54,8.623339e-02,47.00000,35.00000,723
82,55,8.651414e-02,44.00000,35.00000,713
82,56,8.838603e-02,43.00000,35.00000,732
82,57,8.894812e-02,42.00000,35.00000,729
82,58,8.578349e-02,58.00000,30.00000,774
82,59,8.572881e-02,49.00000,30.00000,665
82,60,8.606147e-02,49.00000,30.00000,4787
82,61,9.058203e-02,49.00000,30.00000,587
82,62,9.107375e-02,33.00000,40.00000,567
82,63,8.735915e-02,49.00000,30.00000,598
82,64,9.132858e-02,25.00000,36.00000,597
82,65,9.305441e-02,30.00000,36.00000,587
82,66,8.743431e-02,36.00000,36.00000,623
82,67,8.972727e-02,49.00000,30.00000,604
82,68,8.721690e-02,49.00000,30.00000,613
82,69,9.116408e-02,40.00000,36.00000,606
82,70,9.115419e-02,39.00000,36.00000,597
82,71,8.983944e-02,53.00000,30.00000,607
83,0,8.873764e-02,43.00000,36.00000,10069
83,1,9.160142e-02,31.00000,36.00000,1505
83,2,8.500926e-02,44.00000,35.00000,647
83,3,8.606098e-02,53.00000,30.00000,678
83,4,8.609023e-02,49.00000,30.00000,741
83,5,8.542772e-02,49.00000,30.00000,722
83,6,9.157405e-02,51.00000,30.00000,731
83,7,9.378388e-02,42.00000,35.00000,637
83,8,8.483952e-02,42.00000,35.00000,653
83,9,8.518237e-02,52.00000,30.00000,695
83,10,9.279999e-02,38.00000,35.00000,8060
83,11,9.082195e-02,40.00000,36.00000,844
83,12,8.757080e-02,31.00000,36.00000,719
83,13,8.749647e-02,45.00000,35.00000,666
83,14,9.067378e-02,34.00000,36.00000,687
83,15,8.569145e-02,46.00000,35.00000,692
83,16,8.621987e-02,35.00000,36.00000,728
83,17,8.757629e-02,37.00000,36.00000,694
83,18,9.032956e-02,54.00000,30.00000,697
83,19,9.175731e-02,51.00000,30.00000,624
83,20,8.709160e-02,44.00000,35.00000,8431
83,21,8.785742e-02,58.00000,30.00000,2430
83,22,8.799143e-02,45.00000,35.00000,2269
83,23,9.153925e-02,34.00000,40.00000,683
83,24,8.740932e-02,45.00000,35.00000,615
83,25,8.721768e-02,48.00000,35.00000,722
83,26,9.043525e-02,31.00000,36.00000,664
83,27,8.632772e-02,49.00000,30.00000,693
83,28,8.999919e-02,38.00000,35.00000,779
83,29,8.586767e-02,45.00000,35.00000,673
83,30,8.641004e-02,49.00000,35.00000,7668
83,31,8.838478e-02,51.00000,30.00000,1651
83,32,9.050480e-02,44.00000,35.00000,894
83,33,8.638996e-02,43.00000,36.00000,657
83,34,8.866639e-02,56.00000,30.00000,663
83,35,8.922107e-02,57.00000,30.00000,705
83,36,9.137698e-02,41.00000,35.00000,644
83,37,8.848371e-02,40.00000,40.00000,705
83,38,8.457423e-02,50.00000,35.00000,762
83,39,8.675362e-02,49.00000,30.00000,654
83,40,8.846699e-02,44.00000,35.00000,11170
83,41,8.682069e-02,44.00000,35.00000,655
83,42,8.950193e-02,45.00000,35.00000,602
83,43,8.684085e-02,45.00000,35.00000,765
83,44,8.702853e-02,42.00000,35.00000,763
83,45,8.835318e-02,36.00000,35.00000,635
83,46,8.610953e-02,53.00000,30.00000,717
83,47,9.143537e-02,37.00000,36.00000,595
83,48,8.914240e-02,36.00000,36.00000,692
83,49,8.917738e-02,42.00000,35.00000,689
83,50,9.258302e-02,31.00000,36.00000,7707
83,51,8.719487e-02,49.00000,30.00000,1560
83,52,8.197063e-02,57.00000,30.00000,3509
83,53,8.740513e-02,42.00000,35.00000,678
83,54,8.493101e-02,50.00000,35.00000,665
83,55,8.902061e-02,49.00000,30.00000,655
83,56,8.733988e-02,57.00000,30.00000,673
83,57,8.992133e-02,38.00000,35.00000,670
83,58,8.659001e-02,40.00000,35.00000,665
83,59,8.170380e-02,53.00000,30.00000,683
83,60,8.545421e-02,44.00000,35.00000,806
83,61,8.630739e-02,53.00000,30.00000,2951
83,62,8.769890e-02,57.00000,30.00000,630
83,63,8.855094e-02,37.00000,35.00000,593
83,64,8.810798e-02,38.00000,35.00000,593
83,65,8.923824e-02,31.00000,36.00000,588
83,66,8.826698e-02,38.00000,35.00000,615
83,67,8.751740e-02,49.00000,30.00000,586
83,68,8.597836e-02,42.00000,36.00000,594
83,69,8.845282e-02,45.00000,35.00000,580
83,70,8.999969e-02,41.00000,36.00000,568
83,71,9.055494e-02,54.00000,30.00000,604
84,0,9.245721e-02,36.00000,36.00000,3169
84,1,8.938770e-02,46.00000,35.00000,1323
84,2,8.417855e-02,44.00000,35.00000,659
84,3,8.981922e-02,53.00000,30.00000,718
84,4,8.784458e-02,53.00000,30.00000,653
84,5,9.123480e-02,32.00000,36.00000,741
84,6,8.799700e-02,38.00000,36.00000,631
84,7,8.526257e-02,47.00000,35.00000,693
84,8,9.109855e-02,30.00000,36.00000,693
84,9,9.186663e-02,43.00000,35.00000,695
84,10,8.722128e-02,46.00000,35.00000,5159
84,11,8.861654e-02,37.00000,35.00000,658
84,12,8.538365e-02,38.00000,40.00000,711
84,13,8.610439e-02,47.00000,35.00000,614
84,14,8.733237e-02,49.00000,30.00000,716
84,15,8.680785e-02,44.00000,36.00000,711
84,16,8.819123e-02,49.00000,30.00000,661
84,17,8.729722e-02,57.00000,30.00000,726
84,18,8.441117e-02,49.00000,30.00000,701
84,19,8.399518e-02,49.00000,35.00000,734
84,20,8.490033e-02,58.00000,30.00000,782
84,21,8.280054e-02,58.00000,30.00000,842
84,22,8.567779e-02,41.00000,35.00000,610
84,23,8.785595e-02,44.00000,35.00000,668
84,24,8.606195e-02,43.00000,35.00000,839
84,25,8.372410e-02,55.00000,30.00000,741
84,26,8.432729e-02,49.00000,30.00000,665
84,27,8.433048e-02,51.00000,30.00000,699
84,28,8.593158e-02,46.00000,35.00000,660
84,29,8.363465e-02,52.00000,30.00000,775
84,30,8.846007e-02,43.00000,35.00000,668
84,31,9.212421e-02,40.00000,36.00000,661
84,32,8.726334e-02,49.00000,30.00000,644
84,33,9.097994e-02,49.00000,30.00000,749
84,34,8.680832e-02,42.00000,36.00000,756
84,35,8.781995e-02,48.00000,35.00000,683
84,36,8.846635e-02,42.00000,35.00000,678
84,37,8.485005e-02,48.00000,35.00000,792
84,38,8.674160e-02,50.00000,35.00000,660
84,39,8.776107e-02,47.00000,36.00000,807
84,40,8.605911e-02,54.00000,30.00000,661
84,41,8.666790e-02,40.00000,40.00000,649
84,42,8.658351e-02,42.00000,35.00000,685
84,43,8.629779e-02,54.00000,30.00000,683
84,44,8.612803e-02,39.00000,35.00000,631
84,45,8.611455e-02,49.00000,30.00000,676
84,46,8.765600e-02,53.00000,30.00000,689
84,47,8.603921e-02,41.00000,35.00000,697
84,48,8.603308e-02,49.00000,30.00000,691
84,49,8.584400e-02,43.00000,35.00000,695
84,50,8.483653e-02,43.00000,35.00000,744
84,51,9.181711e-02,39.00000,35.00000,604
84,52,8.618432e-02,54.00000,30.00000,715
84,53,8.757293e-02,57.00000,30.00000,684
84,54,9.065004e-02,36.00000,36.00000,600
84,55,8.713964e-02,46.00000,35.00000,644
84,56,8.677236e-02,49.00000,30.00000,614
84,57,8.639646e-02,53.00000,30.00000,621
84,58,8.849597e-02,42.00000,36.00000,608
84,59,8.704980e-02,38.00000,36.00000,587
84,60,8.917470e-02,42.00000,35.00000,572
84,61,8.623405e-02,45.00000,35.00000,593
84,62,8.801992e-02,54.00000,30.00000,617
84,63,8.639045e-02,43.00000,35.00000,588
84,64,8.686219e-02,39.00000,35.00000,603
84,65,9.094655e-02,38.00000,36.00000,557
84,66,8.835089e-02,35.00000,36.00000,600
84,67,8.973943e-02,46.00000,35.00000,594
84,68,8.876650e-02,37.00000,35.00000,578
84,69,8.913729e-02,38.00000,36.00000,564
84,70,8.507355e-02,54.00000,30.00000,604
84,71,8.509726e-02,49.00000,30.00000,587
85,0,8.880232e-02,44.00000,35.00000,1149
85,1,8.816078e-02,49.00000,30.00000,663
85,2,8.615232e-02,44.00000,35.00000,690
85,3,8.283482e-02,57.00000,30.00000,752
85,4,8.216976e-02,56.00000,30.00000,725
85,5,9.337115e-02,25.00000,36.00000,689
85,6,8.829345e-02,55.00000,30.00000,638
85,7,8.692760e-02,45.00000,35.00000,692
85,8,8.325310e-02,37.00000,36.00000,786
85,9,8.908302e-02,42.00000,36.00000,669
85,10,8.696812e-02,48.00000,35.00000,1106
85,11,9.152708e-02,25.00000,36.00000,682
85,12,8.404423e-02,53.00000,30.00000,753
85,13,8.632280e-02,44.00000,35.00000,1688
85,14,8.997917e-02,47.00000,35.00000,634
85,15,8.722805e-02,44.00000,35.00000,767
85,16,8.655401e-02,53.00000,30.00000,697
85,17,8.466732e-02,49.00000,35.00000,655
85,18,9.018770e-02,51.00000,35.00000,764
85,19,8.778729e-02,49.00000,30.00000,613
85,20,8.474007e-02,57.00000,30.00000,4670
85,21,8.789475e-02,49.00000,30.00000,679
85,22,8.929556e-02,42.00000,36.00000,696
85,23,8.553000e-02,43.00000,35.00000,719
85,24,8.296240e-02,44.00000,35.00000,689
85,25,8.595309e-02,47.00000,35.00000,733
85,26,8.343211e-02,47.00000,35.00000,697
85,27,8.532308e-02,55.00000,30.00000,708
85,28,8.981234e-02,37.00000,36.00000,699
85,29,8.620567e-02,49.00000,30.00000,628
85,30,8.394423e-02,51.00000,30.00000,5555
85,31,8.265673e-02,49.00000,30.00000,733
85,32,8.416054e-02,49.00000,30.00000,747
85,33,8.373325e-02,53.00000,30.00000,701
85,34,8.531231e-02,56.00000,30.00000,632
85,35,8.470155e-02,46.00000,35.00000,687
85,36,8.533166e-02,48.00000,35.00000,660
85,37,8.351056e-02,49.00000,30.00000,727
85,38,8.389597e-02,55.00000,30.00000,696
85,39,9.007029e-02,30.00000,36.00000,668
85,40,8.716763e-02,45.00000,35.00000,7069
85,41,8.834586e-02,44.00000,35.00000,603
85,42,8.608426e-02,55.00000,30.00000,707
85,43,8.886784e-02,38.00000,35.00000,729
85,44,8.983998e-02,53.00000,30.00000,648
85,45,9.033638e-02,39.00000,35.00000,632
85,46,8.844598e-02,41.00000,36.00000,698
85,47,8.551149e-02,48.00000,35.00000,723
85,48,8.782855e-02,40.00000,36.00000,734
85,49,8.552529e-02,35.00000,36.00000,701
85,50,8.312295e-02,52.00000,30.00000,10769
85,51,8.722332e-02,37.00000,36.00000,639
85,52,8.738476e-02,52.00000,30.00000,695
85,53,8.846968e-02,54.00000,30.00000,633
85,54,8.832721e-02,42.00000,35.00000,667
85,55,8.802721e-02,36.00000,36.00000,609
85,56,9.078176e-02,45.00000,35.00000,660
85,57,8.911767e-02,41.00000,36.00000,626
85,58,8.895692e-02,54.00000,30.00000,656
85,59,8.428460e-02,44.00000,35.00000,661
85,60,8.588698e-02,37.00000,36.00000,2475
85,61,8.925688e-02,31.00000,36.00000,585
85,62,8.767667e-02,43.00000,35.00000,608
85,63,8.826452e-02,39.00000,35.00000,584
85,64,8.851396e-02,53.00000,30.00000,606
85,65,8.629912e-02,53.00000,30.00000,608
85,66,9.059270e-02,31.00000,36.00000,595
85,67,8.630788e-02,43.00000,35.00000,603
85,68,8.733919e-02,55.00000,30.00000,616
85,69,8.649431e-02,50.00000,30.00000,591
85,70,8.853523e-02,45.00000,35.00000,581
85,71,9.016103e-02,38.00000,35.00000,560
86,0,9.099708e-02,44.00000,35.00000,8675
86,1,8.626171e-02,50.00000,30.00000,705
86,2,8.842155e-02,49.00000,30.00000,647
86,3,8.481985e-02,53.00000,30.00000,639
86,4,8.743507e-02,53.00000,30.00000,685
86,5,8.607394e-02,45.00000,35.00000,688
86,6,8.705917e-02,41.00000,36.00000,704
86,7,8.649950e-02,40.00000,36.00000,730
86,8,8.622724e-02,41.00000,36.00000,721
86,9,8.856451e-02,35.00000,36.00000,796
86,10,8.497082e-02,54.00000,30.00000,8471
86,11,8.533940e-02,41.00000,35.00000,681
86,12,8.545582e-02,45.00000,35.00000,701
86,13,8.726270e-02,49.00000,30.00000,713
86,14,8.745602e-02,38.00000,36.00000,606
86,15,8.676741e-02,31.00000,36.00000,669
86,16,8.651850e-02,42.00000,35.00000,662
86,17,8.930879e-02,46.00000,35.00000,643
86,18,8.488071e-02,54.00000,30.00000,778
86,19,8.638562e-02,49.00000,30.00000,658
86,20,8.550987e-02,48.00000,35.00000,11108
86,21,8.589956e-02,44.00000,35.00000,783
86,22,9.018397e-02,25.00000,36.00000,696
86,23,8.588852e-02,55.00000,30.00000,661
86,24,8.885796e-02,37.00000,36.00000,715
86,25,8.519494e-02,44.00000,35.00000,606
86,26,8.744831e-02,47.00000,35.00000,640
86,27,8.769216e-02,43.00000,35.00000,714
86,28,8.402205e-02,56.00000,30.00000,627
86,29,8.889841e-02,52.00000,30.00000,665
86,30,8.769707e-02,46.00000,35.00000,12814
86,31,8.910554e-02,37.00000,35.00000,612
86,32,8.571955e-02,47.00000,35.00000,658
86,33,8.814617e-02,37.00000,40.00000,755
86,34,8.885215e-02,44.00000,35.00000,653
86,35,8.828017e-02,47.00000,35.00000,702
86,36,8.875873e-02,37.00000,35.00000,612
86,37,8.748402e-02,47.00000,35.00000,657
86,38,8.671047e-02,44.00000,35.00000,728
86,39,8.831216e-02,40.00000,36.00000,645
86,40,8.660164e-02,45.00000,35.00000,10248
86,41,8.555578e-02,46.00000,35.00000,672
86,42,8.589334e-02,35.00000,36.00000,764
86,43,8.724317e-02,48.00000,35.00000,594
86,44,9.013167e-02,40.00000,35.00000,654
86,45,8.525769e-02,49.00000,30.00000,671
86,46,8.645488e-02,40.00000,40.00000,776
86,47,8.339266e-02,53.00000,30.00000,648
86,48,8.555377e-02,43.00000,35.00000,705
86,49,8.658572e-02,48.00000,35.00000,672
86,50,8.752340e-02,56.00000,30.00000,8662
86,51,8.858387e-02,43.00000,36.00000,735
86,52,8.852088e-02,36.00000,36.00000,717
86,53,8.663992e-02,52.00000,30.00000,669
86,54,8.325842e-02,57.00000,30.00000,669
86,55,9.059793e-02,47.00000,35.00000,666
86,56,9.129246e-02,38.00000,36.00000,569
86,57,9.375650e-02,35.00000,36.00000,729
86,58,9.288950e-02,35.00000,36.00000,659
86,59,9.289457e-02,48.00000,35.00000,687
86,60,8.895253e-02,46.00000,35.00000,4741
86,61,8.948816e-02,47.00000,35.00000,591
86,62,8.925313e-02,44.00000,35.00000,604
86,63,9.137015e-02,43.00000,35.00000,606
86,64,8.906285e-02,38.00000,36.00000,592
86,65,8.752792e-02,53.00000,30.00000,610
86,66,9.122460e-02,41.00000,36.00000,570
86,67,8.781722e-02,46.00000,35.00000,594
86,68,8.743624e-02,43.00000,35.00000,590
86,69,8.796740e-02,48.00000,35.00000,596
86,70,8.990349e-02,36.00000,35.00000,581
86,71,8.882876e-02,42.00000,35.00000,585
87,0,8.495396e-02,42.00000,35.00000,4270
87,1,8.796168e-02,49.00000,30.00000,3920
87,2,8.416337e-02,55.00000,30.00000,1985
87,3,8.672367e-02,44.00000,35.00000,713
87,4,8.721378e-02,57.00000,30.00000,672
87,5,8.948180e-02,35.00000,36.00000,679
87,6,8.652975e-02,53.00000,30.00000,669
87,7,8.477025e-02,58.00000,30.00000,791
87,8,8.422263e-02,45.00000,35.00000,676
87,9,8.205479e-02,56.00000,30.00000,716
87,10,8.527131e-02,55.00000,30.00000,6707
87,11,8.724664e-02,55.00000,30.00000,974
87,12,8.575881e-02,51.00000,30.00000,3097
87,13,9.000639e-02,42.00000,36.00000,693
87,14,9.139448e-02,31.00000,36.00000,642
87,15,8.438381e-02,44.00000,35.00000,690
87,16,8.832004e-02,41.00000,36.00000,701
87,17,8.896092e-02,42.00000,35.00000,599
87,18,8.495332e-02,53.00000,30.00000,695
87,19,8.994862e-02,48.00000,35.00000,731
87,20,8.589924e-02,55.00000,30.00000,7724
87,21,8.445525e-02,45.00000,35.00000,716
87,22,8.601917e-02,44.00000,35.00000,2646
87,23,8.310719e-02,58.00000,30.00000,734
87,24,8.778848e-02,39.00000,35.00000,712
87,25,8.424322e-02,58.00000,30.00000,725
87,26,8.661628e-02,48.00000,35.00000,757
87,27,8.567922e-02,35.00000,40.00000,711
87,28,8.269666e-02,57.00000,30.00000,730
87,29,8.382250e-02,55.00000,30.00000,703
87,30,8.571421e-02,42.00000,35.00000,9814
87,31,8.599223e-02,49.00000,30.00000,625
87,32,8.509025e-02,49.00000,30.00000,649
87,33,8.499035e-02,49.00000,30.00000,696
87,34,8.326620e-02,49.00000,30.00000,694
87,35,8.168563e-02,54.00000,30.00000,716
87,36,8.409949e-02,53.00000,30.00000,670
87,37,8.315382e-02,49.00000,30.00000,613
87,38,8.575676e-02,41.00000,35.00000,758
87,39,8.441836e-02,43.00000,35.00000,765
87,40,8.489986e-02,48.00000,35.00000,8402
87,41,8.511284e-02,52.00000,30.00000,742
87,42,8.818838e-02,46.00000,35.00000,3706
87,43,8.371299e-02,56.00000,30.00000,732
87,44,8.750992e-02,36.00000,36.00000,740
87,45,8.641230e-02,44.00000,35.00000,746
87,46,8.411667e-02,49.00000,30.00000,656
87,47,8.546659e-02,49.00000,30.00000,714
87,48,8.564582e-02,52.00000,35.00000,663
87,49,8.581870e-02,47.00000,35.00000,656
87,50,8.699592e-02,41.00000,35.00000,4555
87,51,8.743010e-02,54.00000,30.00000,4870
87,52,8.925078e-02,30.00000,36.00000,2359
87,53,8.147926e-02,59.00000,30.00000,728
87,54,8.513422e-02,53.00000,30.00000,616
87,55,8.346839e-02,49.00000,30.00000,623
87,56,8.635444e-02,43.00000,35.00000,673
87,57,9.338368e-02,25.00000,36.00000,608
87,58,8.646596e-02,42.00000,35.00000,635
87,59,9.100215e-02,38.00000,35.00000,658
87,60,8.687855e-02,40.00000,35.00000,1283
87,61,8.795679e-02,43.00000,35.00000,2989
87,62,8.352719e-02,53.00000,30.00000,614
87,63,8.886944e-02,37.00000,35.00000,585
87,64,8.797558e-02,45.00000,35.00000,587
87,65,8.957744e-02,40.00000,35.00000,563
87,66,8.589609e-02,55.00000,30.00000,615
87,67,8.697463e-02,40.00000,36.00000,599
87,68,8.373136e-02,55.00000,30.00000,617
87,69,8.721741e-02,55.00000,30.00000,617
87,70,8.379705e-02,49.00000,30.00000,615
87,71,8.296691e-02,53.00000,30.00000,627
88,0,8.153712e-02,59.00000,30.00000,7888
88,1,8.483474e-02,47.00000,35.00000,2940
88,2,8.278301e-02,49.00000,30.00000,856
88,3,8.264497e-02,55.00000,30.00000,649
88,4,8.189149e-02,55.00000,30.00000,1844
88,5,8.399559e-02,49.00000,30.00000,773
88,6,8.588715e-02,49.00000,30.00000,1548
88,7,8.382788e-02,50.00000,35.00000,654
88,8,8.557720e-02,55.00000,30.00000,677
88,9,8.398110e-02,52.00000,30.00000,624
88,10,8.506537e-02,38.00000,35.00000,5578
88,11,8.424366e-02,49.00000,30.00000,2057
88,12,8.152065e-02,56.00000,30.00000,2411
88,13,8.455166e-02,53.00000,30.00000,641
88,14,8.290464e-02,52.00000,30.00000,1821
88,15,8.202816e-02,52.00000,30.00000,730
88,16,8.477312e-02,51.00000,30.00000,5748
88,17,8.211400e-02,48.00000,35.00000,644
88,18,8.250821e-02,53.00000,30.00000,708
88,19,8.213770e-02,49.00000,30.00000,707
88,20,8.993059e-02,42.00000,35.00000,749
88,21,8.865497e-02,36.00000,36.00000,2640
88,22,8.687581e-02,49.00000,30.00000,4320
88,23,8.652033e-02,49.00000,30.00000,628
88,24,8.691299e-02,30.00000,36.00000,685
88,25,8.717968e-02,44.00000,35.00000,787
88,26,8.774710e-02,35.00000,40.00000,4343
88,27,8.515951e-02,46.00000,35.00000,737
88,28,8.384473e-02,52.00000,30.00000,655
88,29,8.554935e-02,58.00000,30.00000,726
88,30,8.546338e-02,54.00000,30.00000,730
88,31,8.405660e-02,45.00000,35.00000,4600
88,32,8.504336e-02,46.00000,35.00000,2013
88,33,8.818383e-02,49.00000,30.00000,735
88,34,8.826925e-02,31.00000,36.00000,665
88,35,8.558598e-02,49.00000,35.00000,679
88,36,8.447184e-02,54.00000,30.00000,6492
88,37,8.379844e-02,50.00000,35.00000,690
88,38,8.762164e-02,51.00000,30.00000,630
88,39,8.268838e-02,43.00000,35.00000,740
88,40,8.387534e-02,57.00000,30.00000,629
88,41,8.470781e-02,49.00000,30.00000,2288
88,42,8.444452e-02,46.00000,35.00000,712
88,43,8.640464e-02,49.00000,30.00000,2339
88,44,8.588226e-02,45.00000,35.00000,718
88,45,8.183122e-02,54.00000,30.00000,748
88,46,8.775213e-02,25.00000,36.00000,7547
88,47,8.459958e-02,49.00000,30.00000,726
88,48,8.385474e-02,51.00000,35.00000,636
88,49,8.595012e-02,54.00000,30.00000,721
88,50,8.501278e-02,41.00000,35.00000,620
88,51,8.916429e-02,39.00000,35.00000,4108
88,52,8.674504e-02,47.00000,35.00000,753
88,53,8.967268e-02,37.00000,36.00000,2665
88,54,8.719040e-02,33.00000,40.00000,632
88,55,8.480053e-02,59.00000,30.00000,639
88,56,9.131283e-02,42.00000,36.00000,2904
88,57,8.661483e-02,43.00000,36.00000,622
88,58,9.028085e-02,55.00000,30.00000,616
88,59,8.638119e-02,39.00000,40.00000,610
88,60,8.538153e-02,53.00000,30.00000,608
88,61,8.431758e-02,40.00000,40.00000,608
88,62,8.561058e-02,49.00000,30.00000,615
88,63,9.151752e-02,38.00000,40.00000,555
88,64,8.900445e-02,41.00000,36.00000,574
88,65,9.402537e-02,25.00000,36.00000,568
88,66,9.015653e-02,44.00000,35.00000,579
88,67,8.925842e-02,37.00000,36.00000,576
88,68,8.914562e-02,42.00000,35.00000,569
88,69,8.417876e-02,57.00000,30.00000,627
88,70,8.758282e-02,43.00000,35.00000,575
88,71,8.547109e-02,49.00000,35.00000,616
89,0,8.657831e-02,49.00000,30.00000,12029
89,1,8.526266e-02,49.00000,30.00000,1410
89,2,8.490174e-02,47.00000,35.00000,772
89,3,8.915214e-02,36.00000,36.00000,615
89,4,8.738116e-02,36.00000,36.00000,733
89,5,8.791891e-02,47.00000,35.00000,686
89,6,8.657208e-02,41.00000,35.00000,651
89,7,8.494823e-02,56.00000,30.00000,805
89,8,8.486809e-02,49.00000,30.00000,688
89,9,8.355230e-02,45.00000,35.00000,689
89,10,8.521384e-02,43.00000,35.00000,10428
89,11,8.589749e-02,43.00000,36.00000,2117
89,12,8.666436e-02,48.00000,35.00000,702
89,13,8.645914e-02,49.00000,30.00000,638
89,14,8.714671e-02,35.00000,36.00000,666
89,15,8.347500e-02,55.00000,30.00000,684
89,16,8.426808e-02,57.00000,30.00000,809
89,17,8.276635e-02,45.00000,35.00000,614
89,18,8.352312e-02,42.00000,35.00000,696
89,19,8.576173e-02,53.00000,30.00000,768
89,20,8.918638e-02,41.00000,35.00000,7495
89,21,8.598816e-02,49.00000,35.00000,5882
89,22,8.439934e-02,49.00000,30.00000,630
89,23,8.698714e-02,25.00000,36.00000,705
89,24,8.165387e-02,53.00000,30.00000,667
89,25,8.689135e-02,59.00000,30.00000,637
89,26,8.283287e-02,54.00000,30.00000,641
89,27,9.015456e-02,41.00000,36.00000,616
89,28,8.672749e-02,45.00000,35.00000,583
89,29,8.152939e-02,49.00000,30.00000,747
89,30,8.499304e-02,49.00000,30.00000,4405
89,31,8.600104e-02,40.00000,36.00000,8260
89,32,8.597367e-02,35.00000,36.00000,741
89,33,8.799845e-02,43.00000,35.00000,603
89,34,8.450986e-02,52.00000,30.00000,679
89,35,8.631107e-02,44.00000,35.00000,661
89,36,8.508338e-02,53.00000,30.00000,643
89,37,8.753477e-02,42.00000,35.00000,675
89,38,8.234781e-02,46.00000,35.00000,675
89,39,8.432011e-02,54.00000,30.00000,682
89,40,8.517279e-02,43.00000,35.00000,2636
89,41,8.237489e-02,55.00000,30.00000,9187
89,42,8.970873e-02,25.00000,36.00000,710
89,43,8.453768e-02,45.00000,35.00000,697
89,44,8.655556e-02,39.00000,35.00000,613
89,45,8.381619e-02,60.00000,30.00000,714
89,46,8.616356e-02,42.00000,35.00000,658
89,47,8.435558e-02,54.00000,30.00000,690
89,48,8.487184e-02,57.00000,30.00000,681
89,49,8.435242e-02,49.00000,35.00000,704
89,50,8.208790e-02,55.00000,30.00000,2286
89,51,8.477861e-02,53.00000,30.00000,10544
89,52,8.818642e-02,45.00000,35.00000,590
89,53,8.769381e-02,40.00000,35.00000,600
89,54,8.801688e-02,45.00000,35.00000,589
89,55,9.142688e-02,30.00000,36.00000,580
89,56,8.970912e-02,41.00000,35.00000,590
89,57,8.792210e-02,37.00000,36.00000,591
89,58,8.651622e-02,40.00000,40.00000,588
89,59,8.448713e-02,53.00000,30.00000,607
89,60,8.570362e-02,55.00000,30.00000,617
89,61,8.612325e-02,35.00000,40.00000,594
89,62,8.719413e-02,49.00000,30.00000,587
89,63,9.196650e-02,40.00000,36.00000,551
89,64,8.889831e-02,37.00000,36.00000,579
89,65,9.213579e-02,25.00000,36.00000,599
89,66,8.822016e-02,49.00000,36.00000,603
89,67,8.360150e-02,56.00000,30.00000,613
89,68,8.819265e-02,45.00000,35.00000,581
89,69,8.585605e-02,45.00000,35.00000,597
89,70,8.499153e-02,52.00000,30.00000,595
89,71,8.976797e-02,31.00000,36.00000,586
90,0,8.378250e-02,54.00000,30.00000,4455
90,1,8.668175e-02,49.00000,30.00000,649
90,2,8.622609e-02,58.00000,30.00000,679
90,3,8.875410e-02,54.00000,30.00000,3127
90,4,8.258654e-02,54.00000,30.00000,746
90,5,8.699540e-02,44.00000,35.00000,708
90,6,8.950196e-02,40.00000,35.00000,747
90,7,8.446206e-02,54.00000,30.00000,617
90,8,8.485870e-02,42.00000,36.00000,687
90,9,8.815300e-02,40.00000,36.00000,705
90,10,8.531103e-02,49.00000,30.00000,4967
90,11,8.458007e-02,54.00000,30.00000,1673
90,12,8.749233e-02,40.00000,35.00000,780
90,13,8.728252e-02,42.00000,35.00000,2164
90,14,8.225312e-02,57.00000,30.00000,690
90,15,8.819617e-02,36.00000,36.00000,660
90,16,8.566073e-02,49.00000,30.00000,663
90,17,8.384088e-02,49.00000,30.00000,719
90,18,8.544235e-02,44.00000,35.00000,641
90,19,8.742081e-02,41.00000,35.00000,711
90,20,8.735022e-02,57.00000,30.00000,1966
90,21,8.618942e-02,38.00000,35.00000,5320
90,22,8.957442e-02,31.00000,36.00000,620
90,23,8.536814e-02,53.00000,30.00000,1211
90,24,8.384114e-02,46.00000,35.00000,697
90,25,8.604386e-02,30.00000,40.00000,747
90,26,8.635823e-02,46.00000,35.00000,664
90,27,8.566129e-02,53.00000,30.00000,681
90,28,8.538356e-02,57.00000,30.00000,654
90,29,8.519770e-02,56.00000,30.00000,811
90,30,8.828650e-02,46.00000,35.00000,1274
90,31,8.799662e-02,37.00000,36.00000,5675
90,32,8.342233e-02,45.00000,35.00000,694
90,33,8.795581e-02,25.00000,36.00000,610
90,34,8.492137e-02,52.00000,30.00000,667
90,35,8.597296e-02,49.00000,30.00000,696
90,36,8.446704e-02,46.00000,35.00000,674
90,37,8.615088e-02,37.00000,36.00000,689
90,38,8.547889e-02,52.00000,30.00000,683
90,39,8.784989e-02,50.00000,35.00000,757
90,40,8.682267e-02,57.00000,30.00000,4034
90,41,8.747004e-02,41.00000,35.00000,6536
90,42,8.863112e-02,48.00000,35.00000,771
90,43,8.648632e-02,41.00000,35.00000,589
90,44,8.635165e-02,53.00000,30.00000,659
90,45,8.721249e-02,36.00000,36.00000,719
90,46,8.761149e-02,46.00000,35.00000,761
90,47,8.791454e-02,43.00000,35.00000,603
90,48,8.828054e-02,42.00000,35.00000,782
90,49,8.723851e-02,41.00000,35.00000,578
90,50,8.930291e-02,41.00000,36.00000,635
90,51,8.332144e-02,48.00000,35.00000,2307
90,52,8.579212e-02,39.00000,35.00000,666
90,53,8.690713e-02,50.00000,35.00000,1925
90,54,8.949326e-02,35.00000,36.00000,715
90,55,8.742960e-02,52.00000,30.00000,671
90,56,8.758336e-02,45.00000,35.00000,633
90,57,8.921249e-02,49.00000,35.00000,592
90,58,8.417819e-02,40.00000,36.00000,646
90,59,8.401116e-02,46.00000,35.00000,635
90,60,8.625029e-02,54.00000,30.00000,642
90,61,8.489258e-02,49.00000,30.00000,1011
90,62,8.833796e-02,36.00000,35.00000,591
90,63,8.512940e-02,42.00000,35.00000,600
90,64,8.369377e-02,49.00000,35.00000,618
90,65,8.620997e-02,50.00000,35.00000,610
90,66,8.787198e-02,53.00000,30.00000,606
90,67,8.755352e-02,36.00000,40.00000,575
90,68,8.418765e-02,48.00000,35.00000,616
90,69,8.791447e-02,53.00000,30.00000,607
90,70,8.444251e-02,47.00000,35.00000,599
90,71,8.390692e-02,53.00000,30.00000,607
91,0,8.457773e-02,47.00000,35.00000,2762
91,1,8.286705e-02,54.00000,30.00000,725
91,2,8.644725e-02,43.00000,36.00000,694
91,3,8.709899e-02,49.00000,30.00000,688
91,4,8.141128e-02,53.00000,30.00000,750
91,5,8.607376e-02,53.00000,30.00000,631
91,6,8.523105e-02,53.00000,30.00000,747
91,7,8.344405e-02,45.00000,35.00000,674
91,8,8.460010e-02,45.00000,35.00000,731
91,9,8.278255e-02,54.00000,30.00000,648
91,10,8.448158e-02,37.00000,40.00000,10240
91,11,8.417713e-02,52.00000,30.00000,793
91,12,8.420223e-02,54.00000,30.00000,607
91,13,8.389387e-02,38.00000,35.00000,773
91,14,8.671785e-02,46.00000,35.00000,630
91,15,8.474053e-02,52.00000,30.00000,907
91,16,8.392383e-02,42.00000,35.00000,689
91,17,8.185887e-02,56.00000,30.00000,669
91,18,8.352453e-02,49.00000,30.00000,607
91,19,8.329351e-02,52.00000,30.00000,752
91,20,8.662359e-02,53.00000,30.00000,9750
91,21,8.536277e-02,47.00000,35.00000,2955
91,22,8.613080e-02,30.00000,36.00000,678
91,23,8.514655e-02,46.00000,36.00000,621
91,24,8.339595e-02,48.00000,35.00000,677
91,25,8.529723e-02,45.00000,35.00000,675
91,26,8.571437e-02,53.00000,30.00000,711
91,27,8.492745e-02,49.00000,30.00000,743
91,28,8.698690e-02,39.00000,35.00000,617
91,29,8.572154e-02,41.00000,35.00000,674
91,30,8.916736e-02,49.00000,30.00000,8178
91,31,8.757089e-02,48.00000,35.00000,2130
91,32,9.233349e-02,36.00000,36.00000,700
91,33,8.706138e-02,41.00000,36.00000,721
91,34,9.203796e-02,25.00000,36.00000,649
91,35,8.693615e-02,45.00000,35.00000,644
91,36,8.623290e-02,47.00000,35.00000,712
91,37,8.803312e-02,53.00000,30.00000,636
91,38,8.981938e-02,36.00000,36.00000,727
91,39,8.649153e-02,44.00000,35.00000,737
91,40,8.555856e-02,45.00000,35.00000,6661
91,41,8.943565e-02,37.00000,40.00000,5584
91,42,8.798952e-02,49.00000,30.00000,732
91,43,8.590448e-02,48.00000,35.00000,604
91,44,8.478054e-02,41.00000,35.00000,748
91,45,8.546750e-02,39.00000,35.00000,707
91,46,8.255696e-02,44.00000,35.00000,772
91,47,8.409141e-02,53.00000,30.00000,746
91,48,8.442426e-02,42.00000,35.00000,763
91,49,8.490498e-02,49.00000,30.00000,663
91,50,9.053442e-02,31.00000,36.00000,2730
91,51,9.336931e-02,34.00000,36.00000,7050
91,52,8.866082e-02,43.00000,35.00000,618
91,53,8.767834e-02,50.00000,30.00000,714
91,54,8.663986e-02,54.00000,30.00000,628
91,55,8.735998e-02,45.00000,35.00000,651
91,56,8.472423e-02,40.00000,36.00000,750
91,57,8.165267e-02,55.00000,30.00000,633
91,58,8.979055e-02,37.00000,36.00000,618
91,59,8.926784e-02,30.00000,36.00000,661
91,60,8.636665e-02,36.00000,35.00000,1613
91,61,8.647970e-02,49.00000,30.00000,3000
91,62,8.490305e-02,52.00000,30.00000,603
91,63,8.591538e-02,49.00000,30.00000,602
91,64,8.506691e-02,43.00000,35.00000,590
91,65,8.638601e-02,41.00000,35.00000,586
91,66,8.435415e-02,38.00000,35.00000,607
91,67,8.629667e-02,52.00000,30.00000,603
91,68,8.597966e-02,41.00000,36.00000,599
91,69,8.922184e-02,38.00000,36.00000,583
91,70,8.165779e-02,53.00000,30.00000,610
91,71,8.436394e-02,49.00000,30.00000,601
92,0,8.453527e-02,54.00000,30.00000,1645
92,1,8.448964e-02,57.00000,30.00000,3914
92,2,8.811552e-02,38.00000,35.00000,642
92,3,8.494998e-02,44.00000,35.00000,641
92,4,8.610931e-02,43.00000,35.00000,700
92,5,8.540936e-02,48.00000,36.00000,592
92,6,8.315825e-02,49.00000,35.00000,704
92,7,8.498704e-02,46.00000,35.00000,729
92,8,8.602437e-02,42.00000,35.00000,687
92,9,8.998381e-02,45.00000,35.00000,639
92,10,8.464117e-02,46.00000,35.00000,2458
92,11,8.258639e-02,49.00000,30.00000,1757
92,12,8.519959e-02,55.00000,30.00000,629
92,13,8.285931e-02,54.00000,30.00000,708
92,14,8.658370e-02,31.00000,36.00000,665
92,15,8.577360e-02,54.00000,30.00000,695
92,16,8.707292e-02,45.00000,35.00000,618
92,17,8.384304e-02,47.00000,35.00000,721
92,18,8.141877e-02,55.00000,30.00000,816
92,19,8.708623e-02,42.00000,36.00000,647
92,20,8.339366e-02,53.00000,30.00000,2021
92,21,8.540685e-02,52.00000,30.00000,3779
92,22,8.517112e-02,53.00000,30.00000,662
92,23,8.334918e-02,46.00000,35.00000,1184
92,24,8.187632e-02,54.00000,30.00000,709
92,25,8.402560e-02,35.00000,36.00000,666
92,26,8.255783e-02,53.00000,30.00000,811
92,27,8.483222e-02,52.00000,30.00000,629
92,28,8.206619e-02,46.00000,35.00000,791
92,29,8.645492e-02,49.00000,30.00000,626
92,30,8.129847e-02,59.00000,30.00000,5930
92,31,9.028789e-02,55.00000,30.00000,5418
92,32,8.801544e-02,59.00000,30.00000,688
92,33,8.599204e-02,37.00000,36.00000,688
92,34,8.538462e-02,52.00000,30.00000,660
92,35,8.939841e-02,31.00000,36.00000,653
92,36,8.749476e-02,44.00000,36.00000,839
92,37,8.499763e-02,49.00000,36.00000,707
92,38,8.527273e-02,49.00000,30.00000,689
92,39,8.543903e-02,38.00000,36.00000,702
92,40,8.624594e-02,46.00000,35.00000,5925
92,41,8.434290e-02,57.00000,30.00000,6289
92,42,8.333823e-02,48.00000,35.00000,692
92,43,8.561697e-02,44.00000,35.00000,770
92,44,8.656976e-02,43.00000,35.00000,620
92,45,8.713855e-02,39.00000,40.00000,667
92,46,8.376498e-02,55.00000,30.00000,764
92,47,8.545689e-02,43.00000,35.00000,662
92,48,8.413644e-02,46.00000,36.00000,740
92,49,8.538657e-02,54.00000,30.00000,656
92,50,8.577307e-02,52.00000,30.00000,4031
92,51,8.656949e-02,54.00000,30.00000,7096
92,52,8.488441e-02,43.00000,36.00000,763
92,53,8.804296e-02,43.00000,36.00000,585
92,54,8.640440e-02,36.00000,36.00000,653
92,55,8.719337e-02,42.00000,35.00000,669
92,56,8.578764e-02,46.00000,35.00000,686
92,57,8.551221e-02,55.00000,30.00000,656
92,58,8.440767e-02,47.00000,35.00000,631
92,59,8.407581e-02,46.00000,35.00000,666
92,60,8.703935e-02,39.00000,35.00000,2764
92,61,8.415661e-02,52.00000,30.00000,1097
92,62,8.281816e-02,54.00000,30.00000,612
92,63,8.357728e-02,53.00000,30.00000,606
92,64,8.534871e-02,55.00000,30.00000,616
92,65,8.511953e-02,41.00000,36.00000,615
92,66,8.583353e-02,49.00000,30.00000,587
92,67,8.132395e-02,51.00000,30.00000,634
92,68,8.472635e-02,39.00000,35.00000,621
92,69,8.361524e-02,37.00000,36.00000,633
92,70,8.310164e-02,42.00000,35.00000,626
92,71,8.541729e-02,53.00000,30.00000,606
93,0,8.847585e-02,52.00000,30.00000,6437
93,1,8.615895e-02,44.00000,35.00000,655
93,2,8.301156e-02,46.00000,36.00000,667
93,3,8.259631e-02,54.00000,30.00000,734
93,4,8.652618e-02,36.00000,36.00000,2089
93,5,8.651724e-02,37.00000,35.00000,726
93,6,8.541420e-02,59.00000,30.00000,691
93,7,8.904955e-02,45.00000,35.00000,590
93,8,8.626434e-02,48.00000,35.00000,806
93,9,8.541857e-02,38.00000,36.00000,674
93,10,8.648342e-02,47.00000,35.00000,10985
93,11,8.768438e-02,34.00000,36.00000,699
93,12,8.702791e-02,57.00000,30.00000,750
93,13,8.664809e-02,42.00000,35.00000,717
93,14,8.531698e-02,49.00000,30.00000,677
93,15,8.365981e-02,53.00000,30.00000,686
93,16,8.551799e-02,41.00000,35.00000,720
93,17,8.604134e-02,35.00000,36.00000,780
93,18,8.892550e-02,30.00000,36.00000,597
93,19,8.227132e-02,57.00000,30.00000,701
93,20,8.602089e-02,40.00000,36.00000,10607
93,21,8.397757e-02,53.00000,30.00000,777
93,22,8.456628e-02,47.00000,35.00000,721
93,23,8.144601e-02,57.00000,30.00000,652
93,24,8.014630e-02,57.00000,30.00000,702
93,25,8.745220e-02,45.00000,35.00000,750
93,26,8.482868e-02,41.00000,35.00000,624
93,27,8.407428e-02,40.00000,35.00000,671
93,28,8.629298e-02,49.00000,30.00000,753
93,29,8.259431e-02,51.00000,30.00000,639
93,30,8.593260e-02,51.00000,35.00000,10683
93,31,8.635125e-02,37.00000,35.00000,822
93,32,8.314048e-02,55.00000,30.00000,644
93,33,8.626276e-02,52.00000,30.00000,663
93,34,9.083766e-02,41.00000,35.00000,643
93,35,8.556398e-02,49.00000,30.00000,643
93,36,8.663749e-02,37.00000,35.00000,759
93,37,8.443549e-02,37.00000,36.00000,639
93,38,8.156422e-02,55.00000,30.00000,679
93,39,8.853471e-02,37.00000,36.00000,702
93,40,8.773138e-02,40.00000,36.00000,9620
93,41,8.426335e-02,51.00000,30.00000,652
93,42,8.587620e-02,49.00000,30.00000,781
93,43,8.360365e-02,36.00000,36.00000,732
93,44,8.596425e-02,53.00000,30.00000,629
93,45,8.230899e-02,47.00000,35.00000,673
93,46,8.169803e-02,52.00000,30.00000,753
93,47,8.906469e-02,37.00000,36.00000,714
93,48,8.555440e-02,37.00000,36.00000,681
93,49,8.817124e-02,49.00000,30.00000,692
93,50,8.257639e-02,53.00000,30.00000,9452
93,51,8.637489e-02,35.00000,36.00000,629
93,52,8.442010e-02,49.00000,30.00000,662
93,53,8.418539e-02,49.00000,35.00000,659
93,54,8.721022e-02,43.00000,36.00000,1407
93,55,8.571123e-02,44.00000,35.00000,684
93,56,8.593691e-02,54.00000,30.00000,704
93,57,8.989767e-02,58.00000,30.00000,652
93,58,8.373690e-02,46.00000,35.00000,669
93,59,8.780696e-02,36.00000,36.00000,639
93,60,9.018177e-02,40.00000,36.00000,6064
93,61,8.478865e-02,43.00000,35.00000,593
93,62,8.700009e-02,40.00000,36.00000,604
93,63,8.739897e-02,49.00000,35.00000,595
93,64,8.631089e-02,49.00000,30.00000,606
93,65,8.578376e-02,52.00000,30.00000,594
93,66,8.531113e-02,51.00000,30.00000,595
93,67,8.314880e-02,46.00000,35.00000,598
93,68,8.435538e-02,48.00000,35.00000,601
93,69,8.329285e-02,49.00000,35.00000,600
93,70,8.531721e-02,49.00000,30.00000,598
93,71,9.040381e-02,40.00000,36.00000,585
94,0,8.355036e-02,52.00000,30.00000,2765
94,1,8.701850e-02,47.00000,35.00000,1705
94,2,8.592757e-02,39.00000,40.00000,741
94,3,8.173613e-02,49.00000,30.00000,779
94,4,8.365276e-02,43.00000,35.00000,688
94,5,8.171109e-02,57.00000,30.00000,732
94,6,8.697616e-02,35.00000,36.00000,706
94,7,8.641478e-02,55.00000,30.00000,681
94,8,8.383912e-02,57.00000,30.00000,720
94,9,8.689288e-02,35.00000,36.00000,681
94,10,8.506884e-02,54.00000,30.00000,8412
94,11,8.569917e-02,54.00000,30.00000,663
94,12,8.405069e-02,47.00000,35.00000,723
94,13,8.287118e-02,49.00000,30.00000,650
94,14,8.347316e-02,40.00000,36.00000,667
94,15,7.995618e-02,55.00000,30.00000,695
94,16,8.071472e-02,57.00000,30.00000,681
94,17,8.279347e-02,52.00000,30.00000,661
94,18,8.324692e-02,57.00000,30.00000,735
94,19,8.265549e-02,42.00000,35.00000,711
94,20,8.413143e-02,39.00000,36.00000,10084
94,21,8.406086e-02,49.00000,30.00000,625
94,22,9.040639e-02,41.00000,36.00000,661
94,23,8.153908e-02,49.00000,30.00000,737
94,24,8.121506e-02,54.00000,30.00000,657
94,25,8.345630e-02,53.00000,30.00000,694
94,26,8.570556e-02,31.00000,36.00000,655
94,27,8.447109e-02,54.00000,30.00000,764
94,28,8.783524e-02,38.00000,35.00000,657
94,29,8.666898e-02,46.00000,35.00000,690
94,30,8.764744e-02,47.00000,35.00000,7610
94,31,8.666584e-02,46.00000,35.00000,1095
94,32,8.668706e-02,41.00000,35.00000,596
94,33,8.514708e-02,48.00000,35.00000,721
94,34,8.468433e-02,51.00000,30.00000,929
94,35,8.476913e-02,35.00000,36.00000,654
94,36,8.572060e-02,45.00000,35.00000,660
94,37,8.684897e-02,48.00000,35.00000,779
94,38,8.629178e-02,44.00000,35.00000,680
94,39,8.173671e-02,56.00000,30.00000,710
94,40,8.031914e-02,53.00000,30.00000,9142
94,41,8.415926e-02,55.00000,30.00000,997
94,42,8.765911e-02,36.00000,40.00000,648
94,43,8.001724e-02,58.00000,30.00000,1648
94,44,8.519883e-02,37.00000,36.00000,962
94,45,8.568242e-02,53.00000,30.00000,687
94,46,8.445976e-02,49.00000,30.00000,670
94,47,9.105186e-02,51.00000,35.00000,656
94,48,8.930404e-02,35.00000,36.00000,666
94,49,8.258796e-02,51.00000,30.00000,732
94,50,8.494166e-02,49.00000,30.00000,8406
94,51,8.436488e-02,40.00000,35.00000,2202
94,52,8.314917e-02,49.00000,30.00000,755
94,53,8.225793e-02,55.00000,30.00000,707
94,54,8.357278e-02,54.00000,30.00000,799
94,55,8.369609e-02,43.00000,35.00000,658
94,56,8.566994e-02,42.00000,35.00000,736
94,57,8.398132e-02,57.00000,30.00000,677
94,58,8.285628e-02,57.00000,30.00000,694
94,59,8.447509e-02,49.00000,30.00000,640
94,60,8.911402e-02,55.00000,30.00000,3127
94,61,8.373099e-02,43.00000,36.00000,1157
94,62,9.130090e-02,31.00000,36.00000,614
94,63,8.930331e-02,46.00000,35.00000,587
94,64,8.899272e-02,46.00000,35.00000,590
94,65,8.450862e-02,56.00000,30.00000,612
94,66,8.884730e-02,45.00000,36.00000,589
94,67,9.282753e-02,43.00000,36.00000,573
94,68,8.568051e-02,39.00000,36.00000,625
94,69,9.346778e-02,43.00000,36.00000,573
94,70,8.852753e-02,37.00000,36.00000,573
94,71,9.000820e-02,44.00000,35.00000,577
95,0,8.429547e-02,37.00000,35.00000,4956
95,1,8.351355e-02,52.00000,30.00000,2013
95,2,8.250298e-02,49.00000,30.00000,2075
95,3,8.409074e-02,49.00000,30.00000,651
95,4,8.450414e-02,52.00000,30.00000,647
95,5,8.501488e-02,42.00000,35.00000,829
95,6,8.458103e-02,54.00000,30.00000,642
95,7,8.315393e-02,39.00000,35.00000,756
95,8,8.656789e-02,38.00000,35.00000,645
95,9,8.167268e-02,58.00000,30.00000,694
95,10,8.476795e-02,49.00000,30.00000,6308
95,11,8.278078e-02,55.00000,30.00000,865
95,12,8.241841e-02,54.00000,30.00000,2865
95,13,8.282572e-02,53.00000,30.00000,689
95,14,8.249682e-02,53.00000,30.00000,706
95,15,8.472998e-02,36.00000,36.00000,782
95,16,8.056441e-02,54.00000,30.00000,666
95,17,8.183140e-02,52.00000,30.00000,673
95,18,8.088928e-02,58.00000,30.00000,779
95,19,8.062059e-02,54.00000,30.00000,752
95,20,8.218773e-02,52.00000,30.00000,10207
95,21,8.892812e-02,43.00000,36.00000,645
95,22,8.676718e-02,36.00000,36.00000,673
95,23,8.728749e-02,45.00000,35.00000,696
95,24,9.062845e-02,36.00000,36.00000,702
95,25,8.941479e-02,37.00000,36.00000,751
95,26,8.725420e-02,25.00000,36.00000,762
95,27,8.463320e-02,48.00000,35.00000,859
95,28,8.405843e-02,53.00000,30.00000,749
95,29,8.900192e-02,40.00000,36.00000,597
95,30,8.653537e-02,48.00000,35.00000,11592
95,31,8.445109e-02,57.00000,30.00000,626
95,32,8.692621e-02,55.00000,30.00000,740
95,33,8.518521e-02,48.00000,35.00000,711
95,34,8.582804e-02,35.00000,36.00000,704
95,35,8.498998e-02,58.00000,30.00000,698
95,36,8.442982e-02,58.00000,30.00000,673
95,37,8.269432e-02,46.00000,35.00000,733
95,38,8.591894e-02,45.00000,35.00000,677
95,39,9.122340e-02,36.00000,40.00000,588
95,40,8.336269e-02,46.00000,35.00000,12205
95,41,8.354983e-02,53.00000,30.00000,686
95,42,8.605690e-02,43.00000,35.00000,662
95,43,8.760282e-02,42.00000,35.00000,642
95,44,8.625884e-02,31.00000,36.00000,633
95,45,8.947814e-02,49.00000,30.00000,789
95,46,8.454167e-02,50.00000,35.00000,626
95,47,8.703956e-02,46.00000,35.00000,755
95,48,8.826192e-02,36.00000,35.00000,595
95,49,8.357723e-02,54.00000,30.00000,673
95,50,8.531336e-02,46.00000,35.00000,11889
95,51,8.631459e-02,47.00000,36.00000,639
95,52,8.837983e-02,45.00000,36.00000,651
95,53,8.850120e-02,35.00000,36.00000,673
95,54,8.633910e-02,48.00000,35.00000,633
95,55,8.658206e-02,37.00000,36.00000,585
95,56,8.702879e-02,40.00000,40.00000,605
95,57,8.724647e-02,43.00000,35.00000,570
95,58,8.512610e-02,54.00000,30.00000,613
95,59,8.792330e-02,45.00000,35.00000,592
95,60,8.451480e-02,57.00000,30.00000,861
95,61,8.816472e-02,41.00000,35.00000,594
95,62,8.991381e-02,37.00000,36.00000,563
95,63,8.858114e-02,46.00000,35.00000,607
95,64,9.143950e-02,41.00000,35.00000,559
95,65,8.774203e-02,42.00000,36.00000,579
95,66,8.889615e-02,37.00000,36.00000,584
95,67,8.797519e-02,56.00000,30.00000,611
95,68,8.367615e-02,41.00000,35.00000,626
95,69,8.583682e-02,30.00000,36.00000,618
95,70,8.646970e-02,49.00000,30.00000,605
95,71,8.825371e-02,43.00000,35.00000,596
96,0,8.399063e-02,48.00000,35.00000,5291
96,1,8.473568e-02,31.00000,36.00000,663
96,2,8.253545e-02,49.00000,30.00000,716
96,3,8.471403e-02,40.00000,35.00000,684
96,4,8.692538e-02,49.00000,30.00000,1673
96,5,8.403724e-02,49.00000,30.00000,783
96,6,8.050933e-02,57.00000,30.00000,692
96,7,8.386935e-02,53.00000,30.00000,753
96,8,8.330901e-02,52.00000,30.00000,717
96,9,8.360717e-02,53.00000,30.00000,677
96,10,8.818181e-02,39.00000,36.00000,7858
96,11,8.873083e-02,53.00000,30.00000,4197
96,12,8.330460e-02,49.00000,30.00000,2129
96,13,8.377873e-02,49.00000,30.00000,706
96,14,8.560034e-02,31.00000,36.00000,997
96,15,8.510243e-02,45.00000,35.00000,668
96,16,8.689123e-02,54.00000,30.00000,684
96,17,8.837004e-02,25.00000,36.00000,708
96,18,8.631493e-02,47.00000,35.00000,624
96,19,8.520257e-02,52.00000,30.00000,639
96,20,8.417667e-02,60.00000,30.00000,4612
96,21,8.208125e-02,52.00000,30.00000,3519
96,22,8.979268e-02,26.00000,36.00000,5783
96,23,9.058165e-02,45.00000,35.00000,644
96,24,8.627216e-02,49.00000,30.00000,628
96,25,8.631400e-02,41.00000,35.00000,666
96,26,8.549093e-02,44.00000,36.00000,673
96,27,8.474910e-02,42.00000,35.00000,704
96,28,8.753974e-02,48.00000,35.00000,736
96,29,8.272411e-02,49.00000,35.00000,611
96,30,8.438920e-02,47.00000,35.00000,757
96,31,8.499938e-02,49.00000,30.00000,4175
96,32,8.246614e-02,54.00000,30.00000,8066
96,33,8.581594e-02,53.00000,30.00000,729
96,34,8.943926e-02,36.00000,36.00000,635
96,35,8.607206e-02,49.00000,30.00000,687
96,36,8.445480e-02,45.00000,35.00000,708
96,37,8.973109e-02,31.00000,36.00000,657
96,38,8.588782e-02,40.00000,36.00000,712
96,39,8.374219e-02,55.00000,30.00000,737
96,40,8.261534e-02,55.00000,30.00000,629
96,41,8.747537e-02,54.00000,30.00000,2245
96,42,8.854009e-02,34.00000,40.00000,5597
96,43,8.727118e-02,41.00000,35.00000,714
96,44,8.637392e-02,55.00000,30.00000,669
96,45,8.804649e-02,38.00000,36.00000,608
96,46,8.932972e-02,37.00000,36.00000,619
96,47,8.627903e-02,48.00000,35.00000,691
96,48,8.560689e-02,36.00000,36.00000,724
96,49,8.561517e-02,41.00000,36.00000,788
96,50,8.607969e-02,49.00000,30.00000,3182
96,51,8.293566e-02,54.00000,30.00000,6084
96,52,9.073620e-02,46.00000,36.00000,3943
96,53,8.500201e-02,41.00000,35.00000,681
96,54,8.098789e-02,57.00000,30.00000,633
96,55,8.293425e-02,52.00000,30.00000,603
96,56,8.552574e-02,38.00000,35.00000,635
96,57,8.285958e-02,53.00000,30.00000,785
96,58,8.638462e-02,49.00000,30.00000,636
96,59,8.589043e-02,56.00000,30.00000,649
96,60,8.595514e-02,35.00000,36.00000,601
96,61,8.269252e-02,43.00000,35.00000,1438
96,62,9.146358e-02,37.00000,36.00000,1641
96,63,8.165135e-02,54.00000,30.00000,610
96,64,8.577363e-02,52.00000,30.00000,596
96,65,8.788635e-02,39.00000,35.00000,590
96,66,8.798444e-02,37.00000,36.00000,603
96,67,8.729471e-02,38.00000,40.00000,592
96,68,8.702604e-02,55.00000,30.00000,620
96,69,8.597576e-02,51.00000,30.00000,596
96,70,8.831927e-02,40.00000,40.00000,611
96,71,8.717726e-02,38.00000,36.00000,626
97,0,8.562968e-02,40.00000,36.00000,6549
97,1,9.056123e-02,30.00000,36.00000,721
97,2,8.841674e-02,49.00000,30.00000,2074
97,3,8.168750e-02,48.00000,35.00000,1020
97,4,8.646047e-02,55.00000,30.00000,780
97,5,8.490798e-02,40.00000,35.00000,636
97,6,8.430053e-02,57.00000,30.00000,778
97,7,8.298549e-02,56.00000,30.00000,654
97,8,8.617006e-02,49.00000,35.00000,627
97,9,8.844008e-02,41.00000,36.00000,648
97,10,9.138908e-02,30.00000,36.00000,7813
97,11,8.677106e-02,49.00000,30.00000,2400
97,12,8.631874e-02,49.00000,30.00000,649
97,13,8.499031e-02,45.00000,35.00000,620
97,14,8.705208e-02,31.00000,36.00000,2420
97,15,8.840002e-02,41.00000,35.00000,594
97,16,8.567138e-02,43.00000,35.00000,726
97,17,8.397002e-02,44.00000,35.00000,674
97,18,8.330317e-02,49.00000,30.00000,717
97,19,8.585343e-02,47.00000,35.00000,660
97,20,8.394847e-02,56.00000,30.00000,5439
97,21,8.129063e-02,59.00000,30.00000,2602
97,22,8.537135e-02,54.00000,30.00000,3132
97,23,8.426477e-02,45.00000,36.00000,616
97,24,8.766980e-02,42.00000,36.00000,3152
97,25,8.712828e-02,42.00000,35.00000,688
97,26,8.581037e-02,44.00000,35.00000,699
97,27,8.713821e-02,44.00000,35.00000,663
97,28,8.266450e-02,51.00000,30.00000,790
97,29,8.676689e-02,41.00000,36.00000,799
97,30,8.472292e-02,46.00000,35.00000,2619
97,31,8.504021e-02,46.00000,35.00000,3480
97,32,8.364516e-02,53.00000,30.00000,3856
97,33,8.629007e-02,48.00000,35.00000,709
97,34,8.249266e-02,51.00000,30.00000,654
97,35,8.805791e-02,36.00000,35.00000,724
97,36,8.602689e-02,49.00000,30.00000,622
97,37,8.755130e-02,41.00000,35.00000,675
97,38,8.573833e-02,46.00000,35.00000,659
97,39,8.209223e-02,53.00000,30.00000,782
97,40,8.543707e-02,50.00000,35.00000,7847
97,41,8.592185e-02,49.00000,30.00000,752
97,42,8.954396e-02,46.00000,36.00000,3085
97,43,8.978081e-02,32.00000,36.00000,619
97,44,8.570898e-02,43.00000,35.00000,683
97,45,9.134153e-02,42.00000,36.00000,657
97,46,8.367772e-02,43.00000,35.00000,695
97,47,8.550635e-02,46.00000,35.00000,677
97,48,8.574177e-02,42.00000,35.00000,649
97,49,8.764711e-02,56.00000,30.00000,710
97,50,8.900192e-02,36.00000,36.00000,10473
97,51,8.550597e-02,42.00000,35.00000,1275
97,52,8.535893e-02,47.00000,35.00000,641
97,53,8.960298e-02,31.00000,36.00000,1293
97,54,8.185187e-02,49.00000,30.00000,692
97,55,8.831269e-02,35.00000,36.00000,657
97,56,8.471037e-02,52.00000,30.00000,666
97,57,8.757829e-02,38.00000,36.00000,620
97,58,8.432286e-02,49.00000,30.00000,640
97,59,8.873326e-02,42.00000,36.00000,591
97,60,9.101754e-02,45.00000,35.00000,3582
97,61,8.352443e-02,46.00000,35.00000,605
97,62,8.436086e-02,36.00000,35.00000,624
97,63,8.866888e-02,35.00000,36.00000,567
97,64,8.690434e-02,53.00000,30.00000,606
97,65,8.805882e-02,36.00000,35.00000,599
97,66,8.658866e-02,42.00000,36.00000,607
97,67,8.581282e-02,49.00000,30.00000,602
97,68,8.570793e-02,55.00000,30.00000,616
97,69,9.325569e-02,31.00000,36.00000,542
97,70,9.059855e-02,31.00000,36.00000,599
97,71,8.700101e-02,53.00000,30.00000,607
98,0,8.830912e-02,36.00000,40.00000,9277
98,1,8.535074e-02,49.00000,30.00000,1767
98,2,8.831014e-02,34.00000,36.00000,682
98,3,8.371796e-02,48.00000,35.00000,688
98,4,8.985443e-02,43.00000,35.00000,583
98,5,8.635493e-02,54.00000,30.00000,730
98,6,8.529343e-02,36.00000,36.00000,726
98,7,8.806014e-02,45.00000,35.00000,677
98,8,8.328497e-02,46.00000,35.00000,734
98,9,8.573523e-02,45.00000,35.00000,620
98,10,8.508410e-02,43.00000,35.00000,9196
98,11,8.217290e-02,53.00000,30.00000,4138
98,12,8.601389e-02,43.00000,35.00000,729
98,13,8.467387e-02,48.00000,35.00000,678
98,14,8.551760e-02,54.00000,30.00000,703
98,15,8.379065e-02,49.00000,30.00000,620
98,16,8.242555e-02,53.00000,30.00000,711
98,17,8.981676e-02,25.00000,36.00000,652
98,18,8.669865e-02,45.00000,36.00000,764
98,19,9.054019e-02,40.00000,35.00000,695
98,20,8.728965e-02,36.00000,40.00000,9277
98,21,8.466651e-02,54.00000,30.00000,2955
98,22,8.449277e-02,43.00000,35.00000,707
98,23,8.693598e-02,49.00000,30.00000,661
98,24,8.772188e-02,41.00000,35.00000,678
98,25,8.581845e-02,41.00000,36.00000,674
98,26,8.341787e-02,49.00000,30.00000,655
98,27,8.581734e-02,51.00000,30.00000,746
98,28,8.606232e-02,44.00000,36.00000,663
98,29,8.844063e-02,48.00000,35.00000,647
98,30,8.699316e-02,43.00000,35.00000,9987
98,31,8.529127e-02,42.00000,36.00000,641
98,32,8.925591e-02,36.00000,36.00000,611
98,33,8.588370e-02,51.00000,30.00000,673
98,34,8.740365e-02,37.00000,35.00000,708
98,35,8.835766e-02,36.00000,36.00000,632
98,36,8.353446e-02,50.00000,35.00000,683
98,37,8.120959e-02,55.00000,30.00000,712
98,38,8.646480e-02,46.00000,35.00000,656
98,39,8.547457e-02,49.00000,30.00000,632
98,40,8.670665e-02,43.00000,35.00000,8942
98,41,8.750783e-02,47.00000,35.00000,1569
98,42,8.675211e-02,45.00000,35.00000,615
98,43,8.778547e-02,49.00000,30.00000,698
98,44,8.456615e-02,53.00000,30.00000,675
98,45,8.255567e-02,54.00000,30.00000,775
98,46,8.630095e-02,45.00000,36.00000,712
98,47,8.087426e-02,57.00000,30.00000,722
98,48,8.281586e-02,42.00000,35.00000,753
98,49,8.141667e-02,49.00000,30.00000,772
98,50,8.984570e-02,31.00000,36.00000,9460
98,51,8.826302e-02,41.00000,36.00000,2621
98,52,8.732688e-02,42.00000,35.00000,603
98,53,8.928429e-02,43.00000,35.00000,597
98,54,8.689527e-02,49.00000,30.00000,586
98,55,8.766446e-02,39.00000,36.00000,604
98,56,8.777252e-02,35.00000,36.00000,576
98,57,8.149344e-02,52.00000,35.00000,628
98,58,8.746625e-02,53.00000,30.00000,606
98,59,8.350670e-02,45.00000,35.00000,640
98,60,8.575086e-02,55.00000,30.00000,1082
98,61,8.628680e-02,39.00000,35.00000,603
98,62,8.676328e-02,38.00000,36.00000,587
98,63,9.135647e-02,39.00000,36.00000,554
98,64,8.726003e-02,57.00000,30.00000,627
98,65,9.101522e-02,30.00000,36.00000,577
98,66,8.149830e-02,48.00000,35.00000,621
98,67,8.431800e-02,53.00000,30.00000,606
98,68,8.339536e-02,52.00000,30.00000,595
98,69,8.441493e-02,44.00000,35.00000,624
98,70,8.601570e-02,53.00000,30.00000,607
98,71,8.532431e-02,40.00000,36.00000,604
99,0,8.482623e-02,49.00000,30.00000,9965
99,1,8.619550e-02,57.00000,30.00000,658
99,2,8.760451e-02,30.00000,36.00000,641
99,3,8.580015e-02,45.00000,35.00000,984
99,4,8.714886e-02,43.00000,36.00000,646
99,5,8.317076e-02,47.00000,35.00000,661
99,6,8.380882e-02,52.00000,30.00000,638
99,7,8.646560e-02,48.00000,35.00000,659
99,8,8.360856e-02,49.00000,30.00000,638
99,9,8.472175e-02,42.00000,35.00000,680
99,10,8.484299e-02,47.00000,35.00000,12026
99,11,8.652089e-02,59.00000,30.00000,703
99,12,8.894894e-02,31.00000,36.00000,608
99,13,8.641680e-02,45.00000,35.00000,634
99,14,8.928119e-02,48.00000,35.00000,620
99,15,8.585206e-02,42.00000,36.00000,625
99,16,8.756829e-02,50.00000,35.00000,622
99,17,8.826695e-02,37.00000,36.00000,624
99,18,8.640127e-02,57.00000,30.00000,647
99,19,8.433354e-02,47.00000,35.00000,617
99,20,8.759432e-02,57.00000,30.00000,15892
99,21,8.611982e-02,48.00000,35.00000,629
99,22,8.817819e-02,54.00000,30.00000,635
99,23,8.573529e-02,36.00000,35.00000,608
99,24,8.379988e-02,42.00000,35.00000,634
99,25,8.799329e-02,35.00000,36.00000,619
99,26,8.806246e-02,45.00000,35.00000,651
99,27,8.728886e-02,36.00000,36.00000,668
99,28,8.488326e-02,44.00000,35.00000,639
99,29,8.573511e-02,49.00000,30.00000,661
99,30,8.647506e-02,35.00000,36.00000,15749
99,31,8.619525e-02,42.00000,36.00000,635
99,32,8.659107e-02,42.00000,35.00000,619
99,33,8.835980e-02,34.00000,36.00000,660
99,34,8.814237e-02,47.00000,35.00000,623
99,35,8.607550e-02,41.00000,35.00000,628
99,36,8.468207e-02,49.00000,30.00000,679
99,37,8.847068e-02,49.00000,30.00000,622
99,38,8.707971e-02,49.00000,30.00000,660
99,39,8.577901e-02,41.00000,36.00000,667
99,40,8.525097e-02,41.00000,36.00000,13936
99,41,8.613057e-02,51.00000,30.00000,618
99,42,8.669952e-02,42.00000,35.00000,609
99,43,8.570448e-02,40.00000,35.00000,648
99,44,8.790278e-02,44.00000,35.00000,631
99,45,8.301578e-02,55.00000,30.00000,668
99,46,8.375454e-02,48.00000,35.00000,642
99,47,8.522743e-02,44.00000,35.00000,709
99,48,8.019946e-02,58.00000,30.00000,692
99,49,8.284092e-02,59.00000,30.00000,693
99,50,8.453074e-02,43.00000,35.00000,14198
99,51,8.344804e-02,44.00000,35.00000,658
99,52,8.261287e-02,54.00000,30.00000,674
99,53,8.207358e-02,55.00000,30.00000,655
99,54,8.313352e-02,53.00000,30.00000,667
99,55,8.504738e-02,41.00000,35.00000,627
99,56,8.441063e-02,49.00000,30.00000,664
99,57,8.420355e-02,45.00000,35.00000,623
99,58,8.266529e-02,54.00000,30.00000,654
99,59,8.413918e-02,49.00000,30.00000,651
99,60,8.511247e-02,37.00000,36.00000,10820
99,61,8.801921e-02,36.00000,36.00000,632
99,62,8.798694e-02,51.00000,35.00000,625
99,63,8.310489e-02,47.00000,35.00000,856
99,64,8.479755e-02,58.00000,30.00000,621
99,65,8.940341e-02,34.00000,36.00000,611
99,66,8.849095e-02,58.00000,30.00000,620
99,67,8.785735e-02,45.00000,35.00000,569
99,68,9.064960e-02,55.00000,30.00000,621
99,69,9.078320e-02,31.00000,36.00000,578
99,70,8.285533e-02,59.00000,30.00000,7067
99,71,8.536838e-02,42.00000,35.00000,588
100,0,8.397005e-02,49.00000,30.00000,725
100,1,8.293580e-02,43.00000,35.00000,735
100,2,8.288746e-02,54.00000,30.00000,1050
100,3,8.811808e-02,30.00000,36.00000,676
100,4,8.365484e-02,46.00000,35.00000,645
100,5,8.622116e-02,42.00000,35.00000,712
100,6,8.360553e-02,49.00000,30.00000,625
100,7,8.147749e-02,55.00000,30.00000,716
100,8,8.371919e-02,55.00000,30.00000,748
100,9,8.578047e-02,49.00000,30.00000,610
100,10,8.801712e-02,43.00000,36.00000,675
100,11,8.733813e-02,40.00000,36.00000,685
100,12,8.918118e-02,45.00000,35.00000,700
100,13,8.491533e-02,53.00000,30.00000,607
100,14,8.325886e-02,53.00000,30.00000,946
100,15,8.708316e-02,55.00000,30.00000,696
100,16,8.587757e-02,37.00000,36.00000,759
100,17,8.316596e-02,53.00000,30.00000,819
100,18,8.332544e-02,48.00000,35.00000,653
100,19,8.239209e-02,55.00000,30.00000,782
100,20,8.438679e-02,52.00000,30.00000,753
100,21,8.414392e-02,59.00000,30.00000,752
100,22,8.729105e-02,30.00000,36.00000,1604
100,23,8.620178e-02,53.00000,30.00000,618
100,24,8.471177e-02,42.00000,35.00000,3436
100,25,9.202305e-02,37.00000,40.00000,561
100,26,8.491695e-02,53.00000,30.00000,754
100,27,8.559886e-02,36.00000,36.00000,678
100,28,8.210425e-02,55.00000,30.00000,629
100,29,8.493777e-02,38.00000,36.00000,804
100,30,8.458078e-02,47.00000,35.00000,692
100,31,8.792895e-02,46.00000,35.00000,603
100,32,8.944635e-02,49.00000,30.00000,1886
100,33,8.757023e-02,48.00000,35.00000,669
100,34,8.823241e-02,48.00000,35.00000,4517
100,35,8.944658e-02,34.00000,36.00000,681
100,36,8.989802e-02,37.00000,36.00000,673
100,37,8.712272e-02,57.00000,30.00000,641
100,38,8.376457e-02,53.00000,30.00000,736
100,39,8.894715e-02,53.00000,30.00000,677
100,40,8.779622e-02,44.00000,35.00000,633
100,41,8.608194e-02,53.00000,30.00000,644
100,42,8.620407e-02,49.00000,30.00000,2818
100,43,8.636378e-02,55.00000,30.00000,650
100,44,8.983912e-02,35.00000,36.00000,6353
100,45,8.596072e-02,40.00000,36.00000,608
100,46,8.815368e-02,52.00000,30.00000,632
100,47,9.116749e-02,31.00000,36.00000,654
100,48,8.584420e-02,51.00000,35.00000,606
100,49,8.731446e-02,43.00000,35.00000,755
100,50,8.649057e-02,58.00000,30.00000,701
100,51,8.386435e-02,46.00000,35.00000,688
100,52,8.707009e-02,53.00000,30.00000,2609
100,53,8.549066e-02,40.00000,36.00000,641
100,54,8.368016e-02,53.00000,30.00000,3715
100,55,8.421084e-02,49.00000,30.00000,596
100,56,8.668098e-02,42.00000,35.00000,635
100,57,8.770914e-02,46.00000,36.00000,640
100,58,8.760915e-02,37.00000,36.00000,610
100,59,8.782940e-02,55.00000,30.00000,618
100,60,8.773124e-02,36.00000,36.00000,618
100,61,8.844613e-02,35.00000,36.00000,599
100,62,8.940136e-02,49.00000,30.00000,586
100,63,8.700838e-02,52.00000,30.00000,606
100,64,8.823679e-02,31.00000,36.00000,2029
100,65,8.638746e-02,55.00000,30.00000,617
100,66,8.570261e-02,39.00000,35.00000,599
100,67,8.721294e-02,56.00000,30.00000,622
100,68,8.940798e-02,35.00000,36.00000,581
100,69,8.560658e-02,52.00000,30.00000,606
100,70,8.703259e-02,44.00000,35.00000,587
100,71,8.341672e-02,55.00000,30.00000,619
101,0,8.575215e-02,40.00000,36.00000,178688
101,1,9.129928e-02,31.00000,36.00000,631
101,2,8.830146e-02,47.00000,35.00000,621
101,3,8.803275e-02,57.00000,30.00000,646
101,4,8.206967e-02,49.00000,35.00000,661
101,5,8.731835e-02,44.00000,36.00000,610
101,6,8.628893e-02,52.00000,30.00000,631
101,7,9.105606e-02,25.00000,36.00000,603
101,8,8.670554e-02,49.00000,30.00000,707
101,9,8.735433e-02,40.00000,35.00000,619
101,10,8.832867e-02,40.00000,35.00000,10541
101,11,8.780723e-02,43.00000,35.00000,726
101,12,8.603720e-02,49.00000,30.00000,619
101,13,8.694970e-02,43.00000,35.00000,665
101,14,8.539041e-02,53.00000,30.00000,733
101,15,8.453430e-02,41.00000,36.00000,680
101,16,8.767748e-02,57.00000,30.00000,767
101,17,8.510847e-02,45.00000,35.00000,680
101,18,8.374992e-02,40.00000,35.00000,651
101,19,8.554669e-02,54.00000,30.00000,674
101,20,8.472180e-02,46.00000,35.00000,10010
101,21,8.354611e-02,55.00000,30.00000,691
101,22,8.842229e-02,43.00000,35.00000,637
101,23,8.746490e-02,43.00000,35.00000,643
101,24,8.277121e-02,54.00000,30.00000,634
101,25,8.585943e-02,37.00000,35.00000,715
101,26,8.789752e-02,31.00000,36.00000,658
101,27,8.537772e-02,51.00000,30.00000,740
101,28,8.315836e-02,55.00000,30.00000,673
101,29,8.792621e-02,49.00000,30.00000,714
101,30,8.579457e-02,49.00000,35.00000,9785
101,31,8.396226e-02,49.00000,30.00000,669
101,32,8.290643e-02,52.00000,30.00000,653
101,33,8.801869e-02,31.00000,36.00000,655
101,34,8.768575e-02,35.00000,36.00000,707
101,35,8.708704e-02,47.00000,35.00000,656
101,36,8.810824e-02,40.00000,40.00000,599
101,37,8.671953e-02,49.00000,30.00000,724
101,38,8.426952e-02,49.00000,30.00000,692
101,39,8.481279e-02,53.00000,30.00000,661
101,40,8.963928e-02,51.00000,30.00000,7849
101,41,8.712555e-02,45.00000,35.00000,753
101,42,8.938639e-02,49.00000,30.00000,677
101,43,8.419719e-02,49.00000,30.00000,729
101,44,8.876865e-02,43.00000,36.00000,663
101,45,8.666449e-02,31.00000,36.00000,604
101,46,8.956354e-02,37.00000,36.00000,4568
101,47,8.742929e-02,41.00000,35.00000,626
101,48,8.750352e-02,42.00000,35.00000,736
101,49,8.641220e-02,49.00000,30.00000,687
101,50,8.600242e-02,46.00000,35.00000,8691
101,51,8.639307e-02,49.00000,30.00000,684
101,52,8.517229e-02,54.00000,30.00000,768
101,53,8.757122e-02,40.00000,36.00000,789
101,54,8.750266e-02,40.00000,35.00000,586
101,55,8.213231e-02,53.00000,30.00000,696
101,56,8.428442e-02,49.00000,30.00000,1623
101,57,8.479407e-02,51.00000,30.00000,619
101,58,8.245925e-02,53.00000,30.00000,652
101,59,8.453684e-02,48.00000,35.00000,630
101,60,8.533029e-02,49.00000,30.00000,1138
101,61,8.727980e-02,55.00000,30.00000,616
101,62,8.565100e-02,57.00000,30.00000,626
101,63,8.441562e-02,49.00000,30.00000,616
101,64,8.605041e-02,37.00000,36.00000,616
101,65,8.415696e-02,41.00000,40.00000,630
101,66,8.608800e-02,46.00000,35.00000,604
101,67,8.698510e-02,49.00000,30.00000,603
101,68,8.318659e-02,54.00000,30.00000,619
101,69,8.617061e-02,49.00000,30.00000,592
101,70,8.829243e-02,37.00000,35.00000,615
101,71,8.857647e-02,38.00000,40.00000,578
102,0,8.514358e-02,57.00000,30.00000,2720
102,1,8.513461e-02,37.00000,35.00000,690
102,2,8.800817e-02,46.00000,35.00000,690
102,3,8.805218e-02,40.00000,35.00000,731
102,4,8.552662e-02,49.00000,30.00000,660
102,5,8.531415e-02,53.00000,30.00000,652
102,6,8.436412e-02,49.00000,30.00000,748
102,7,8.511347e-02,49.00000,30.00000,648
102,8,8.627830e-02,41.00000,36.00000,717
102,9,8.587786e-02,52.00000,30.00000,626
102,10,9.016574e-02,25.00000,36.00000,1450
102,11,8.623732e-02,46.00000,35.00000,2350
102,12,8.729136e-02,36.00000,40.00000,666
102,13,8.897046e-02,34.00000,36.00000,2643
102,14,9.168730e-02,35.00000,36.00000,558
102,15,8.740713e-02,42.00000,35.00000,735
102,16,8.732557e-02,37.00000,36.00000,636
102,17,9.103304e-02,42.00000,35.00000,630
102,18,9.104881e-02,46.00000,35.00000,664
102,19,9.065315e-02,45.00000,35.00000,737
102,20,8.422910e-02,48.00000,35.00000,5924
102,21,8.709900e-02,54.00000,30.00000,2643
102,22,8.624330e-02,37.00000,36.00000,642
102,23,8.551478e-02,43.00000,35.00000,1391
102,24,8.835629e-02,48.00000,35.00000,639
102,25,8.257222e-02,57.00000,30.00000,667
102,26,8.555059e-02,55.00000,30.00000,710
102,27,8.573467e-02,42.00000,35.00000,694
102,28,8.697173e-02,44.00000,36.00000,706
102,29,8.597586e-02,49.00000,30.00000,660
102,30,8.504774e-02,48.00000,35.00000,7317
102,31,8.828640e-02,43.00000,35.00000,1512
102,32,9.019931e-02,35.00000,36.00000,696
102,33,8.529577e-02,55.00000,30.00000,2592
102,34,8.608097e-02,51.00000,30.00000,756
102,35,8.645903e-02,53.00000,30.00000,721
102,36,8.559237e-02,47.00000,35.00000,694
102,37,8.578476e-02,40.00000,36.00000,634
102,38,8.703241e-02,40.00000,40.00000,704
102,39,8.533574e-02,49.00000,30.00000,704
102,40,8.363719e-02,49.00000,30.00000,6217
102,41,8.565161e-02,48.00000,35.00000,913
102,42,8.470421e-02,54.00000,30.00000,781
102,43,8.587609e-02,58.00000,30.00000,3759
102,44,8.521907e-02,49.00000,30.00000,785
102,45,8.305160e-02,49.00000,35.00000,735
102,46,8.483782e-02,49.00000,30.00000,1483
102,47,8.554650e-02,45.00000,35.00000,760
102,48,8.432160e-02,58.00000,30.00000,654
102,49,8.335063e-02,55.00000,30.00000,743
102,50,8.977112e-02,31.00000,36.00000,4400
102,51,8.461601e-02,55.00000,30.00000,2477
102,52,8.520729e-02,52.00000,30.00000,685
102,53,8.890447e-02,36.00000,40.00000,5980
102,54,8.663060e-02,44.00000,36.00000,642
102,55,8.399954e-02,48.00000,35.00000,630
102,56,8.407231e-02,57.00000,30.00000,644
102,57,8.412033e-02,47.00000,35.00000,610
102,58,8.979780e-02,38.00000,40.00000,603
102,59,8.794926e-02,49.00000,30.00000,601
102,60,8.931162e-02,46.00000,35.00000,602
102,61,8.689685e-02,44.00000,35.00000,606
102,62,8.788402e-02,49.00000,30.00000,587
102,63,8.699520e-02,37.00000,36.00000,1478
102,64,8.645932e-02,52.00000,30.00000,594
102,65,8.760578e-02,42.00000,36.00000,579
102,66,8.577868e-02,50.00000,35.00000,606
102,67,8.746525e-02,48.00000,35.00000,594
102,68,8.525737e-02,39.00000,35.00000,603
102,69,8.687857e-02,35.00000,36.00000,599
102,70,8.685189e-02,49.00000,30.00000,598
102,71,8.797630e-02,42.00000,35.00000,586
103,0,8.302613e-02,49.00000,30.00000,13102
103,1,8.374438e-02,48.00000,35.00000,737
103,2,8.669909e-02,49.00000,30.00000,644
103,3,8.746105e-02,54.00000,30.00000,699
103,4,8.959553e-02,35.00000,36.00000,683
103,5,8.482410e-02,55.00000,30.00000,655
103,6,8.854600e-02,48.00000,35.00000,726
103,7,8.615282e-02,49.00000,30.00000,627
103,8,8.956570e-02,25.00000,36.00000,713
103,9,8.613565e-02,41.00000,36.00000,600
103,10,8.885212e-02,38.00000,36.00000,10388
103,11,9.063604e-02,37.00000,36.00000,713
103,12,8.964161e-02,43.00000,35.00000,607
103,13,8.736541e-02,42.00000,35.00000,641
103,14,8.591349e-02,49.00000,35.00000,642
103,15,8.560751e-02,47.00000,35.00000,3774
103,16,8.347385e-02,53.00000,30.00000,713
103,17,9.114407e-02,40.00000,35.00000,686
103,18,8.905825e-02,44.00000,35.00000,594
103,19,8.839396e-02,37.00000,36.00000,691
103,20,8.720866e-02,53.00000,30.00000,6099
103,21,8.508510e-02,45.00000,35.00000,1213
103,22,8.768360e-02,44.00000,35.00000,2763
103,23,8.523549e-02,43.00000,35.00000,757
103,24,8.873270e-02,30.00000,36.00000,668
103,25,8.531998e-02,53.00000,30.00000,679
103,26,8.746704e-02,38.00000,35.00000,701
103,27,9.000883e-02,36.00000,36.00000,591
103,28,8.624557e-02,54.00000,30.00000,671
103,29,8.679081e-02,31.00000,36.00000,768
103,30,8.510994e-02,49.00000,35.00000,5890
103,31,9.096368e-02,38.00000,36.00000,1930
103,32,8.991455e-02,54.00000,30.00000,1657
103,33,8.679251e-02,43.00000,35.00000,635
103,34,8.755046e-02,52.00000,30.00000,614
103,35,8.751257e-02,31.00000,36.00000,909
103,36,8.326994e-02,49.00000,30.00000,726
103,37,9.051995e-02,46.00000,36.00000,628
103,38,8.931491e-02,53.00000,30.00000,726
103,39,8.690616e-02,45.00000,35.00000,730
103,40,8.574764e-02,45.00000,35.00000,6481
103,41,8.660485e-02,47.00000,35.00000,2439
103,42,8.851479e-02,52.00000,30.00000,2950
103,43,8.543123e-02,47.00000,35.00000,675
103,44,8.483137e-02,59.00000,30.00000,658
103,45,8.457372e-02,44.00000,35.00000,708
103,46,8.504392e-02,47.00000,35.00000,653
103,47,8.542586e-02,39.00000,36.00000,1824
103,48,8.357143e-02,56.00000,30.00000,674
103,49,8.685248e-02,46.00000,35.00000,679
103,50,8.600335e-02,49.00000,30.00000,5088
103,51,8.545725e-02,49.00000,35.00000,2337
103,52,8.844669e-02,49.00000,30.00000,3529
103,53,8.450938e-02,58.00000,30.00000,697
103,54,8.474315e-02,43.00000,35.00000,698
103,55,8.460972e-02,49.00000,30.00000,685
103,56,8.993535e-02,31.00000,36.00000,693
103,57,8.704032e-02,49.00000,30.00000,683
103,58,8.681899e-02,37.00000,36.00000,656
103,59,8.673646e-02,53.00000,30.00000,2183
103,60,8.710540e-02,41.00000,36.00000,1226
103,61,8.710496e-02,43.00000,36.00000,618
103,62,8.289579e-02,49.00000,30.00000,1011
103,63,8.412644e-02,49.00000,35.00000,607
103,64,8.450185e-02,53.00000,30.00000,611
103,65,8.643748e-02,43.00000,35.00000,584
103,66,8.318043e-02,47.00000,35.00000,603
103,67,8.516882e-02,42.00000,35.00000,603
103,68,8.386831e-02,57.00000,30.00000,626
103,69,8.456105e-02,55.00000,30.00000,615
103,70,8.867557e-02,49.00000,30.00000,586
103,71,8.409406e-02,51.00000,30.00000,604
104,0,8.719121e-02,50.00000,35.00000,5941
104,1,8.605597e-02,49.00000,35.00000,1742
104,2,9.094132e-02,42.00000,35.00000,764
104,3,8.781789e-02,30.00000,36.00000,720
104,4,8.567568e-02,51.00000,30.00000,687
104,5,8.329234e-02,54.00000,30.00000,705
104,6,8.664799e-02,44.00000,40.00000,733
104,7,8.884642e-02,39.00000,36.00000,647
104,8,8.686810e-02,45.00000,35.00000,767
104,9,8.470008e-02,46.00000,35.00000,704
104,10,8.730417e-02,35.00000,36.00000,4320
104,11,9.030958e-02,37.00000,36.00000,2475
104,12,8.534878e-02,53.00000,30.00000,706
104,13,8.719984e-02,49.00000,30.00000,656
104,14,8.403777e-02,49.00000,30.00000,639
104,15,8.892438e-02,42.00000,35.00000,761
104,16,8.446243e-02,57.00000,30.00000,664
104,17,8.208866e-02,55.00000,30.00000,674
104,18,8.799642e-02,35.00000,36.00000,757
104,19,8.365688e-02,49.00000,30.00000,687
104,20,8.709434e-02,47.00000,35.00000,1524
104,21,9.114306e-02,49.00000,30.00000,3171
104,22,8.160927e-02,49.00000,30.00000,690
104,23,8.568391e-02,39.00000,35.00000,621
104,24,8.311050e-02,43.00000,36.00000,694
104,25,8.282447e-02,57.00000,30.00000,684
104,26,8.882567e-02,30.00000,36.00000,607
104,27,8.332814e-02,49.00000,30.00000,773
104,28,8.454736e-02,49.00000,30.00000,655
104,29,8.315959e-02,55.00000,30.00000,676
104,30,8.771512e-02,47.00000,35.00000,2717
104,31,8.575314e-02,40.00000,36.00000,4283
104,32,9.207241e-02,34.00000,40.00000,692
104,33,8.612083e-02,45.00000,36.00000,672
104,34,8.491024e-02,55.00000,30.00000,719
104,35,8.356710e-02,54.00000,30.00000,638
104,36,8.918840e-02,35.00000,40.00000,714
104,37,9.126828e-02,41.00000,36.00000,626
104,38,9.044729e-02,40.00000,35.00000,658
104,39,9.180185e-02,35.00000,36.00000,594
104,40,9.415594e-02,31.00000,36.00000,4791
104,41,8.556831e-02,58.00000,30.00000,6005
104,42,8.449508e-02,46.00000,35.00000,671
104,43,8.573833e-02,53.00000,30.00000,638
104,44,8.661686e-02,46.00000,35.00000,637
104,45,8.769228e-02,41.00000,36.00000,619
104,46,9.009060e-02,37.00000,36.00000,641
104,47,8.419999e-02,49.00000,30.00000,649
104,48,8.773009e-02,44.00000,35.00000,658
104,49,8.455429e-02,58.00000,30.00000,723
104,50,8.516396e-02,44.00000,35.00000,728
104,51,8.792865e-02,44.00000,36.00000,11509
104,52,8.720631e-02,52.00000,30.00000,619
104,53,8.612279e-02,41.00000,35.00000,619
104,54,8.567120e-02,46.00000,35.00000,634
104,55,8.877674e-02,45.00000,35.00000,599
104,56,8.851558e-02,45.00000,35.00000,589
104,57,8.555161e-02,48.00000,35.00000,595
104,58,8.882970e-02,31.00000,36.00000,602
104,59,8.497314e-02,55.00000,30.00000,616
104,60,8.870870e-02,47.00000,36.00000,594
104,61,8.259861e-02,49.00000,30.00000,614
104,62,8.448444e-02,42.00000,35.00000,624
104,63,8.314202e-02,58.00000,30.00000,636
104,64,8.765744e-02,43.00000,35.00000,583
104,65,8.617555e-02,39.00000,36.00000,597
104,66,8.251772e-02,54.00000,30.00000,605
104,67,8.920182e-02,43.00000,36.00000,575
104,68,8.784657e-02,53.00000,30.00000,606
104,69,8.763868e-02,49.00000,30.00000,587
104,70,8.207410e-02,57.00000,30.00000,627
104,71,8.267371e-02,55.00000,30.00000,617
105,0,8.969381e-02,46.00000,35.00000,3441
105,1,8.461434e-02,45.00000,35.00000,3403
105,2,8.448730e-02,57.00000,30.00000,725
105,3,9.094028e-02,35.00000,36.00000,652
105,4,8.711125e-02,36.00000,36.00000,1237
105,5,8.636330e-02,49.00000,30.00000,656
105,6,8.462729e-02,54.00000,30.00000,653
105,7,8.944185e-02,25.00000,36.00000,740
105,8,8.666763e-02,48.00000,35.00000,625
105,9,8.841785e-02,40.00000,35.00000,791
105,10,8.477222e-02,56.00000,30.00000,3412
105,11,8.542125e-02,49.00000,30.00000,4483
105,12,8.532046e-02,49.00000,35.00000,674
105,13,8.535396e-02,38.00000,35.00000,688
105,14,8.491864e-02,46.00000,35.00000,677
105,15,8.624943e-02,49.00000,30.00000,693
105,16,8.777994e-02,39.00000,40.00000,622
105,17,8.448340e-02,49.00000,30.00000,716
105,18,8.786248e-02,42.00000,35.00000,628
105,19,8.388806e-02,44.00000,35.00000,714
105,20,8.528560e-02,57.00000,30.00000,1794
105,21,9.024163e-02,40.00000,36.00000,5470
105,22,8.500586e-02,42.00000,35.00000,664
105,23,8.751515e-02,53.00000,30.00000,678
105,24,8.596427e-02,48.00000,35.00000,657
105,25,8.719841e-02,37.00000,36.00000,850
105,26,9.022019e-02,48.00000,35.00000,684
105,27,8.774193e-02,55.00000,30.00000,616
105,28,8.280370e-02,52.00000,30.00000,835
105,29,8.617279e-02,41.00000,36.00000,769
105,30,8.542053e-02,41.00000,35.00000,2298
105,31,8.764148e-02,43.00000,35.00000,5105
105,32,8.658394e-02,48.00000,35.00000,708
105,33,8.577796e-02,49.00000,30.00000,675
105,34,8.387084e-02,55.00000,30.00000,652
105,35,8.679274e-02,50.00000,35.00000,664
105,36,8.536509e-02,43.00000,35.00000,662
105,37,8.608662e-02,48.00000,35.00000,694
105,38,8.711301e-02,34.00000,36.00000,624
105,39,8.472358e-02,49.00000,35.00000,620
105,40,8.724986e-02,38.00000,35.00000,9051
105,41,8.398979e-02,43.00000,35.00000,923
105,42,8.409896e-02,46.00000,35.00000,1692
105,43,8.160792e-02,59.00000,30.00000,679
105,44,8.535255e-02,49.00000,30.00000,621
105,45,8.610140e-02,44.00000,35.00000,647
105,46,8.580524e-02,49.00000,30.00000,688
105,47,8.663363e-02,42.00000,35.00000,639
105,48,8.457503e-02,45.00000,35.00000,665
105,49,8.579166e-02,53.00000,30.00000,647
105,50,8.815229e-02,44.00000,35.00000,7776
105,51,8.657596e-02,46.00000,36.00000,5640
105,52,8.866538e-02,55.00000,30.00000,626
105,53,8.460779e-02,49.00000,30.00000,643
105,54,8.567744e-02,52.00000,30.00000,635
105,55,8.376019e-02,47.00000,35.00000,697
105,56,8.613840e-02,51.00000,35.00000,629
105,57,8.592607e-02,52.00000,30.00000,641
105,58,8.684996e-02,45.00000,35.00000,604
105,59,8.705671e-02,34.00000,36.00000,612
105,60,8.772313e-02,52.00000,30.00000,601
105,61,9.079741e-02,43.00000,36.00000,585
105,62,8.667207e-02,45.00000,36.00000,589
105,63,9.142673e-02,47.00000,35.00000,582
105,64,8.847010e-02,48.00000,35.00000,594
105,65,8.641055e-02,45.00000,35.00000,603
105,66,9.079654e-02,53.00000,30.00000,606
105,67,8.753347e-02,45.00000,35.00000,584
105,68,9.174738e-02,36.00000,36.00000,546
105,69,9.198942e-02,31.00000,36.00000,575
105,70,8.676858e-02,39.00000,40.00000,635
105,71,8.798821e-02,49.00000,30.00000,586
106,0,8.425383e-02,57.00000,30.00000,7464
106,1,8.502848e-02,52.00000,30.00000,654
106,2,8.658271e-02,57.00000,30.00000,684
106,3,8.641317e-02,38.00000,36.00000,681
106,4,9.216505e-02,40.00000,35.00000,670
106,5,8.834834e-02,55.00000,30.00000,694
106,6,9.075291e-02,33.00000,40.00000,624
106,7,8.862411e-02,38.00000,36.00000,659
106,8,8.327790e-02,49.00000,30.00000,725
106,9,8.614737e-02,46.00000,36.00000,730
106,10,8.675764e-02,47.00000,35.00000,8987
106,11,9.053676e-02,46.00000,35.00000,673
106,12,9.009130e-02,39.00000,35.00000,712
106,13,8.601939e-02,49.00000,30.00000,661
106,14,8.940008e-02,52.00000,30.00000,1336
106,15,8.409783e-02,47.00000,35.00000,674
106,16,8.728259e-02,43.00000,36.00000,713
106,17,8.855543e-02,40.00000,36.00000,741
106,18,8.702421e-02,44.00000,35.00000,644
106,19,8.496185e-02,45.00000,35.00000,661
106,20,8.735564e-02,42.00000,36.00000,7260
106,21,8.554614e-02,49.00000,35.00000,3628
106,22,8.830652e-02,35.00000,36.00000,620
106,23,9.036691e-02,49.00000,30.00000,689
106,24,8.567147e-02,43.00000,35.00000,600
106,25,8.427308e-02,55.00000,30.00000,705
106,26,8.395724e-02,49.00000,30.00000,721
106,27,8.839700e-02,43.00000,35.00000,710
106,28,8.656292e-02,49.00000,30.00000,655
106,29,8.701733e-02,35.00000,40.00000,641
106,30,8.867662e-02,53.00000,30.00000,6968
106,31,8.753185e-02,42.00000,35.00000,1103
106,32,8.768000e-02,42.00000,36.00000,701
106,33,8.738393e-02,45.00000,35.00000,666
106,34,8.554453e-02,41.00000,36.00000,682
106,35,8.476503e-02,47.00000,35.00000,789
106,36,8.851190e-02,36.00000,36.00000,676
106,37,8.595574e-02,51.00000,30.00000,685
106,38,8.757227e-02,50.00000,30.00000,690
106,39,8.447001e-02,54.00000,30.00000,612
106,40,8.784609e-02,41.00000,36.00000,12182
106,41,8.994491e-02,55.00000,30.00000,746
106,42,9.297311e-02,31.00000,36.00000,631
106,43,8.728148e-02,54.00000,30.00000,623
106,44,8.612201e-02,47.00000,35.00000,717
106,45,9.131085e-02,47.00000,35.00000,656
106,46,9.049951e-02,30.00000,36.00000,671
106,47,8.832882e-02,39.00000,40.00000,590
106,48,8.715305e-02,40.00000,36.00000,806
106,49,8.302619e-02,54.00000,30.00000,731
106,50,8.717735e-02,47.00000,35.00000,7954
106,51,8.592812e-02,44.00000,35.00000,629
106,52,8.211377e-02,52.00000,30.00000,671
106,53,8.879708e-02,31.00000,36.00000,685
106,54,8.696147e-02,25.00000,36.00000,724
106,55,8.899109e-02,49.00000,30.00000,644
106,56,8.322194e-02,54.00000,30.00000,665
106,57,8.800225e-02,37.00000,35.00000,1236
106,58,8.974777e-02,35.00000,36.00000,624
106,59,8.932047e-02,49.00000,30.00000,633
106,60,8.968763e-02,41.00000,35.00000,2852
106,61,8.587344e-02,35.00000,36.00000,1903
106,62,8.537751e-02,57.00000,30.00000,626
106,63,9.191939e-02,30.00000,36.00000,576
106,64,8.797321e-02,43.00000,35.00000,610
106,65,8.501642e-02,42.00000,36.00000,629
106,66,8.533628e-02,48.00000,35.00000,601
106,67,8.993387e-02,49.00000,30.00000,608
106,68,8.225218e-02,55.00000,30.00000,628
106,69,8.892908e-02,53.00000,30.00000,605
106,70,9.084265e-02,40.00000,36.00000,580
106,71,9.316971e-02,31.00000,36.00000,544
107,0,8.634706e-02,49.00000,30.00000,10211
107,1,8.679989e-02,42.00000,35.00000,2380
107,2,8.701491e-02,42.00000,35.00000,700
107,3,8.596910e-02,46.00000,35.00000,685
107,4,8.798166e-02,57.00000,30.00000,742
107,5,9.045518e-02,37.00000,36.00000,732
107,6,8.398676e-02,48.00000,35.00000,634
107,7,8.690368e-02,53.00000,30.00000,688
107,8,8.720250e-02,41.00000,36.00000,777
107,9,8.662943e-02,49.00000,30.00000,657
107,10,8.786261e-02,36.00000,36.00000,9782
107,11,8.788581e-02,40.00000,35.00000,5671
107,12,8.640023e-02,45.00000,35.00000,603
107,13,8.778799e-02,43.00000,35.00000,672
107,14,9.260081e-02,51.00000,30.00000,692
107,15,8.842383e-02,55.00000,30.00000,701
107,16,8.775222e-02,37.00000,40.00000,641
107,17,9.035948e-02,41.00000,36.00000,681
107,18,8.531640e-02,43.00000,36.00000,687
107,19,8.817682e-02,44.00000,35.00000,723
107,20,8.564301e-02,39.00000,35.00000,6045
107,21,8.441152e-02,44.00000,35.00000,5927
107,22,8.675958e-02,43.00000,36.00000,601
107,23,8.467931e-02,49.00000,30.00000,2524
107,24,8.644559e-02,46.00000,36.00000,667
107,25,8.554904e-02,46.00000,35.00000,669
107,26,8.753465e-02,49.00000,30.00000,715
107,27,8.585222e-02,57.00000,30.00000,652
107,28,8.596647e-02,49.00000,30.00000,683
107,29,8.427715e-02,54.00000,30.00000,698
107,30,8.465946e-02,48.00000,35.00000,756
107,31,8.551190e-02,55.00000,30.00000,9914
107,32,8.321584e-02,49.00000,30.00000,615
107,33,8.629891e-02,43.00000,35.00000,1017
107,34,9.269392e-02,42.00000,35.00000,693
107,35,8.403593e-02,55.00000,30.00000,635
107,36,8.616300e-02,52.00000,30.00000,668
107,37,8.633654e-02,43.00000,35.00000,721
107,38,9.324341e-02,25.00000,36.00000,702
107,39,8.513385e-02,31.00000,36.00000,678
107,40,8.503170e-02,55.00000,30.00000,811
107,41,8.387676e-02,59.00000,30.00000,10231
107,42,8.796807e-02,40.00000,35.00000,586
107,43,8.923451e-02,36.00000,35.00000,614
107,44,8.349296e-02,53.00000,30.00000,611
107,45,8.239985e-02,59.00000,30.00000,775
107,46,8.622393e-02,35.00000,36.00000,640
107,47,8.337435e-02,52.00000,30.00000,746
107,48,8.515010e-02,55.00000,30.00000,636
107,49,8.692642e-02,41.00000,35.00000,708
107,50,8.361315e-02,49.00000,30.00000,1367
107,51,8.756195e-02,49.00000,30.00000,11629
107,52,8.498760e-02,57.00000,30.00000,697
107,53,8.783401e-02,46.00000,35.00000,618
107,54,8.352674e-02,47.00000,35.00000,648
107,55,8.359965e-02,52.00000,30.00000,602
107,56,8.504099e-02,45.00000,35.00000,615
107,57,8.695354e-02,37.00000,40.00000,583
107,58,8.754972e-02,47.00000,35.00000,586
107,59,8.311866e-02,58.00000,30.00000,620
107,60,8.665395e-02,51.00000,30.00000,614
107,61,8.789164e-02,44.00000,36.00000,585
107,62,8.592770e-02,42.00000,35.00000,608
107,63,8.687229e-02,44.00000,35.00000,586
107,64,8.734917e-02,49.00000,30.00000,596
107,65,8.812831e-02,41.00000,40.00000,584
107,66,8.822052e-02,57.00000,30.00000,626
107,67,8.820602e-02,36.00000,36.00000,584
107,68,9.144437e-02,37.00000,40.00000,554
107,69,8.746270e-02,41.00000,36.00000,620
107,70,8.843543e-02,41.00000,36.00000,615
107,71,8.912690e-02,43.00000,35.00000,572
108,0,8.456281e-02,45.00000,35.00000,5065
108,1,8.782272e-02,38.00000,35.00000,729
108,2,8.568086e-02,40.00000,35.00000,685
108,3,8.433609e-02,49.00000,30.00000,990
108,4,8.614141e-02,52.00000,30.00000,693
108,5,8.713615e-02,36.00000,36.00000,762
108,6,8.537375e-02,53.00000,30.00000,722
108,7,8.506285e-02,52.00000,30.00000,742
108,8,8.720464e-02,49.00000,30.00000,777
108,9,8.536232e-02,42.00000,35.00000,669
108,10,8.637910e-02,49.00000,35.00000,6814
108,11,8.471227e-02,52.00000,30.00000,824
108,12,8.374296e-02,49.00000,30.00000,684
108,13,8.935872e-02,45.00000,36.00000,638
108,14,8.594239e-02,36.00000,36.00000,772
108,15,8.704865e-02,51.00000,30.00000,649
108,16,8.552521e-02,41.00000,35.00000,706
108,17,8.607772e-02,43.00000,36.00000,794
108,18,8.884666e-02,44.00000,35.00000,616
108,19,8.780229e-02,56.00000,30.00000,661
108,20,8.839694e-02,34.00000,40.00000,9954
108,21,8.345163e-02,59.00000,30.00000,712
108,22,8.561397e-02,52.00000,30.00000,694
108,23,8.619782e-02,40.00000,35.00000,693
108,24,8.800250e-02,37.00000,35.00000,606
108,25,8.944790e-02,35.00000,36.00000,640
108,26,8.841438e-02,37.00000,36.00000,649
108,27,8.865082e-02,53.00000,30.00000,678
108,28,8.960459e-02,42.00000,35.00000,604
108,29,8.706215e-02,51.00000,30.00000,834
108,30,8.822358e-02,45.00000,35.00000,12184
108,31,8.853771e-02,45.00000,35.00000,576
108,32,8.685396e-02,43.00000,35.00000,688
108,33,8.879112e-02,45.00000,36.00000,583
108,34,8.531275e-02,57.00000,30.00000,678
108,35,8.675438e-02,41.00000,35.00000,764
108,36,8.746684e-02,44.00000,35.00000,618
108,37,8.511969e-02,52.00000,30.00000,675
108,38,8.560219e-02,45.00000,35.00000,705
108,39,8.949009e-02,40.00000,35.00000,607
108,40,8.614542e-02,41.00000,36.00000,9379
108,41,8.812584e-02,46.00000,35.00000,603
108,42,8.797127e-02,45.00000,35.00000,693
108,43,8.831969e-02,54.00000,30.00000,662
108,44,8.830833e-02,59.00000,30.00000,708
108,45,9.022435e-02,35.00000,36.00000,744
108,46,8.863091e-02,35.00000,36.00000,710
108,47,8.714265e-02,31.00000,36.00000,726
108,48,8.855861e-02,46.00000,35.00000,664
108,49,8.610059e-02,48.00000,35.00000,785
108,50,8.567963e-02,49.00000,30.00000,12985
108,51,8.421017e-02,59.00000,30.00000,666
108,52,8.493431e-02,53.00000,30.00000,738
108,53,8.508150e-02,48.00000,35.00000,651
108,54,8.480582e-02,43.00000,35.00000,592
108,55,8.851308e-02,43.00000,36.00000,580
108,56,8.554137e-02,53.00000,30.00000,623
108,57,8.861405e-02,54.00000,30.00000,609
108,58,8.454907e-02,46.00000,35.00000,634
108,59,8.631922e-02,53.00000,30.00000,607
108,60,8.641076e-02,33.00000,40.00000,687
108,61,8.437347e-02,55.00000,30.00000,616
108,62,9.066945e-02,40.00000,35.00000,555
108,63,8.510419e-02,45.00000,35.00000,596
108,64,8.627336e-02,42.00000,35.00000,589
108,65,8.490163e-02,49.00000,35.00000,614
108,66,8.646998e-02,50.00000,35.00000,613
108,67,9.299091e-02,45.00000,35.00000,568
108,68,8.438866e-02,55.00000,30.00000,616
108,69,8.736980e-02,53.00000,30.00000,605
108,70,8.451523e-02,49.00000,30.00000,591
108,71,8.970589e-02,31.00000,36.00000,619
109,0,8.506477e-02,43.00000,35.00000,7596
109,1,8.745305e-02,53.00000,30.00000,857
109,2,8.998854e-02,31.00000,36.00000,644
109,3,8.584893e-02,48.00000,35.00000,643
109,4,8.965808e-02,31.00000,36.00000,642
109,5,8.783625e-02,46.00000,36.00000,663
109,6,9.057604e-02,41.00000,36.00000,680
109,7,8.919579e-02,35.00000,36.00000,733
109,8,8.969723e-02,49.00000,30.00000,726
109,9,9.053441e-02,52.00000,30.00000,677
109,10,8.699720e-02,49.00000,30.00000,10640
109,11,8.667596e-02,49.00000,30.00000,606
109,12,8.836129e-02,30.00000,36.00000,624
109,13,8.731946e-02,36.00000,36.00000,635
109,14,9.005795e-02,48.00000,35.00000,639
109,15,8.777228e-02,48.00000,35.00000,634
109,16,8.849376e-02,46.00000,36.00000,659
109,17,8.660606e-02,38.00000,35.00000,677
109,18,8.940870e-02,42.00000,35.00000,694
109,19,8.403374e-02,58.00000,30.00000,740
109,20,8.525142e-02,49.00000,30.00000,10455
109,21,8.431849e-02,52.00000,30.00000,678
109,22,8.483274e-02,49.00000,30.00000,675
109,23,8.751051e-02,39.00000,35.00000,594
109,24,8.560117e-02,51.00000,35.00000,634
109,25,8.561723e-02,54.00000,30.00000,701
109,26,8.541512e-02,42.00000,35.00000,670
109,27,8.542967e-02,53.00000,30.00000,692
109,28,8.706800e-02,47.00000,35.00000,637
109,29,8.845731e-02,35.00000,36.00000,686
109,30,8.678534e-02,58.00000,30.00000,12048
109,31,8.691375e-02,31.00000,36.00000,639
109,32,8.635923e-02,38.00000,35.00000,635
109,33,8.637810e-02,37.00000,36.00000,634
109,34,8.852661e-02,43.00000,35.00000,656
109,35,8.812029e-02,49.00000,30.00000,664
109,36,8.634989e-02,47.00000,35.00000,615
109,37,9.493571e-02,39.00000,36.00000,602
109,38,8.613116e-02,47.00000,35.00000,657
109,39,8.326198e-02,54.00000,30.00000,760
109,40,8.705647e-02,46.00000,35.00000,8552
109,41,8.794103e-02,35.00000,36.00000,646
109,42,8.551391e-02,58.00000,30.00000,690
109,43,8.868670e-02,53.00000,30.00000,670
109,44,8.449772e-02,49.00000,30.00000,721
109,45,8.356341e-02,57.00000,30.00000,680
109,46,8.581738e-02,49.00000,30.00000,789
109,47,8.666413e-02,47.00000,35.00000,653
109,48,9.044579e-02,36.00000,36.00000,672
109,49,8.384092e-02,55.00000,30.00000,704
109,50,8.520123e-02,46.00000,35.00000,13043
109,51,8.718824e-02,55.00000,30.00000,626
109,52,8.679938e-02,40.00000,35.00000,622
109,53,8.466993e-02,46.00000,35.00000,626
109,54,8.789570e-02,48.00000,35.00000,594
109,55,8.841932e-02,37.00000,35.00000,604
109,56,9.443592e-02,25.00000,36.00000,578
109,57,8.430998e-02,55.00000,30.00000,617
109,58,8.614166e-02,53.00000,30.00000,607
109,59,8.627168e-02,42.00000,35.00000,604
109,60,8.444051e-02,54.00000,30.00000,612
109,61,9.196972e-02,31.00000,36.00000,562
109,62,9.167684e-02,37.00000,40.00000,583
109,63,8.987108e-02,41.00000,35.00000,565
109,64,8.882372e-02,36.00000,36.00000,626
109,65,8.524003e-02,55.00000,30.00000,615
109,66,8.803660e-02,37.00000,36.00000,596
109,67,8.695683e-02,43.00000,36.00000,604
109,68,8.821996e-02,53.00000,30.00000,622
109,69,8.667651e-02,46.00000,35.00000,602
109,70,8.549170e-02,53.00000,30.00000,607
109,71,8.728979e-02,37.00000,35.00000,584
110,0,9.013098e-02,30.00000,36.00000,2169
110,1,8.599237e-02,45.00000,36.00000,642
110,2,8.713306e-02,54.00000,30.00000,714
110,3,8.823419e-02,53.00000,30.00000,657
110,4,8.664236e-02,50.00000,35.00000,708
110,5,8.543504e-02,49.00000,30.00000,675
110,6,8.429196e-02,59.00000,30.00000,714
110,7,8.940183e-02,43.00000,35.00000,680
110,8,8.551882e-02,50.00000,35.00000,649
110,9,8.670829e-02,35.00000,36.00000,729
110,10,8.703879e-02,47.00000,35.00000,758
110,11,8.614327e-02,45.00000,35.00000,708
110,12,8.574725e-02,43.00000,36.00000,1025
110,13,8.699974e-02,45.00000,35.00000,635
110,14,8.639092e-02,53.00000,30.00000,669
110,15,8.311158e-02,54.00000,30.00000,660
110,16,8.565526e-02,49.00000,30.00000,693
110,17,8.688891e-02,59.00000,30.00000,699
110,18,8.902193e-02,25.00000,36.00000,652
110,19,8.321226e-02,57.00000,30.00000,723
110,20,8.721321e-02,52.00000,30.00000,645
110,21,8.741304e-02,42.00000,35.00000,1369
110,22,8.512934e-02,48.00000,35.00000,760
110,23,8.678953e-02,49.00000,30.00000,597
110,24,9.086597e-02,38.00000,35.00000,680
110,25,8.488467e-02,51.00000,30.00000,611
110,26,8.674490e-02,43.00000,35.00000,642
110,27,8.694789e-02,42.00000,35.00000,652
110,28,8.637012e-02,49.00000,30.00000,727
110,29,8.772931e-02,45.00000,35.00000,744
110,30,9.006936e-02,37.00000,35.00000,620
110,31,8.692335e-02,48.00000,35.00000,2314
110,32,8.503722e-02,31.00000,36.00000,666
110,33,8.866428e-02,46.00000,35.00000,621
110,34,8.426696e-02,49.00000,30.00000,655
110,35,8.715703e-02,41.00000,35.00000,763
110,36,8.546165e-02,49.00000,30.00000,701
110,37,8.754115e-02,49.00000,30.00000,701
110,38,8.957000e-02,42.00000,35.00000,652
110,39,8.984399e-02,35.00000,36.00000,761
110,40,8.601703e-02,31.00000,36.00000,697
110,41,8.709691e-02,42.00000,35.00000,591
110,42,9.080660e-02,43.00000,35.00000,662
110,43,8.879235e-02,39.00000,35.00000,643
110,44,8.514520e-02,57.00000,30.00000,640
110,45,8.739851e-02,47.00000,35.00000,610
110,46,8.478802e-02,54.00000,30.00000,684
110,47,8.594231e-02,45.00000,36.00000,629
110,48,8.892354e-02,53.00000,30.00000,731
110,49,8.766126e-02,45.00000,35.00000,696
110,50,8.505506e-02,55.00000,30.00000,686
110,51,8.791903e-02,45.00000,35.00000,670
110,52,8.622580e-02,42.00000,36.00000,671
110,53,8.683839e-02,49.00000,30.00000,608
110,54,8.651602e-02,52.00000,30.00000,650
110,55,8.837499e-02,47.00000,35.00000,611
110,56,8.866747e-02,47.00000,35.00000,604
110,57,8.489232e-02,46.00000,35.00000,612
110,58,8.839010e-02,44.00000,35.00000,610
110,59,8.507109e-02,40.00000,35.00000,625
110,60,8.982409e-02,36.00000,36.00000,565
110,61,8.657871e-02,40.00000,35.00000,605
110,62,8.528924e-02,55.00000,30.00000,616
110,63,8.986990e-02,25.00000,36.00000,613
110,64,9.257098e-02,45.00000,35.00000,568
110,65,8.886539e-02,37.00000,36.00000,600
110,66,8.767112e-02,34.00000,40.00000,580
110,67,8.525199e-02,53.00000,30.00000,625
110,68,8.916657e-02,44.00000,35.00000,585
110,69,8.632469e-02,48.00000,35.00000,616
110,70,8.741705e-02,49.00000,30.00000,600
110,71,8.860628e-02,45.00000,35.00000,586
111,0,8.674920e-02,49.00000,30.00000,6394
111,1,8.423489e-02,57.00000,30.00000,858
111,2,8.685356e-02,42.00000,36.00000,2448
111,3,8.949474e-02,48.00000,35.00000,840
111,4,8.456499e-02,54.00000,30.00000,620
111,5,8.907770e-02,49.00000,30.00000,712
111,6,8.905117e-02,45.00000,35.00000,645
111,7,9.009130e-02,42.00000,36.00000,739
111,8,8.657921e-02,37.00000,35.00000,691
111,9,9.073611e-02,40.00000,36.00000,617
111,10,8.398817e-02,53.00000,30.00000,10473
111,11,8.610133e-02,49.00000,30.00000,668
111,12,8.208636e-02,53.00000,30.00000,667
111,13,8.513207e-02,40.00000,35.00000,759
111,14,8.454535e-02,45.00000,35.00000,649
111,15,8.608921e-02,39.00000,35.00000,671
111,16,8.370402e-02,52.00000,30.00000,751
111,17,8.432759e-02,57.00000,30.00000,713
111,18,8.319072e-02,51.00000,30.00000,665
111,19,8.473100e-02,54.00000,30.00000,785
111,20,8.697152e-02,49.00000,30.00000,9892
111,21,8.779718e-02,45.00000,35.00000,619
111,22,8.492845e-02,47.00000,35.00000,737
111,23,8.464549e-02,44.00000,35.00000,668
111,24,8.642311e-02,42.00000,35.00000,638
111,25,8.557960e-02,46.00000,35.00000,657
111,26,8.892854e-02,49.00000,30.00000,699
111,27,8.456872e-02,50.00000,30.00000,717
111,28,8.549570e-02,42.00000,35.00000,656
111,29,8.479347e-02,57.00000,30.00000,740
111,30,8.697917e-02,49.00000,35.00000,10915
111,31,8.514369e-02,45.00000,35.00000,613
111,32,8.880558e-02,31.00000,36.00000,681
111,33,8.618890e-02,53.00000,30.00000,640
111,34,8.616486e-02,55.00000,30.00000,638
111,35,8.912433e-02,47.00000,35.00000,653
111,36,8.469331e-02,49.00000,30.00000,612
111,37,8.408419e-02,54.00000,30.00000,736
111,38,8.649816e-02,58.00000,30.00000,653
111,39,8.766931e-02,39.00000,36.00000,756
111,40,8.584744e-02,46.00000,35.00000,8262
111,41,8.985584e-02,54.00000,30.00000,655
111,42,8.803931e-02,55.00000,30.00000,760
111,43,8.490351e-02,46.00000,35.00000,652
111,44,9.040812e-02,41.00000,36.00000,696
111,45,8.881798e-02,40.00000,35.00000,665
111,46,8.991702e-02,30.00000,36.00000,625
111,47,9.062593e-02,40.00000,35.00000,726
111,48,8.828744e-02,45.00000,35.00000,674
111,49,8.561213e-02,44.00000,35.00000,656
111,50,8.748356e-02,37.00000,36.00000,14668
111,51,8.964007e-02,35.00000,40.00000,629
111,52,8.886304e-02,44.00000,35.00000,623
111,53,8.864377e-02,59.00000,30.00000,659
111,54,8.906648e-02,54.00000,30.00000,604
111,55,9.126896e-02,48.00000,35.00000,593
111,56,8.732162e-02,45.00000,35.00000,636
111,57,9.025610e-02,31.00000,36.00000,633
111,58,8.902965e-02,37.00000,40.00000,593
111,59,9.162989e-02,41.00000,36.00000,568
111,60,8.513226e-02,54.00000,30.00000,979
111,61,8.628586e-02,57.00000,30.00000,626
111,62,8.318134e-02,51.00000,30.00000,615
111,63,8.699428e-02,42.00000,35.00000,609
111,64,8.681592e-02,49.00000,30.00000,594
111,65,8.319812e-02,49.00000,30.00000,626
111,66,8.841981e-02,55.00000,30.00000,616
111,67,8.527181e-02,46.00000,35.00000,599
111,68,8.637398e-02,43.00000,36.00000,596
111,69,8.725176e-02,49.00000,30.00000,587
111,70,8.453817e-02,52.00000,30.00000,614
111,71,8.456400e-02,57.00000,30.00000,627
112,0,8.882323e-02,31.00000,36.00000,7047
112,1,8.830266e-02,49.00000,30.00000,661
112,2,8.533199e-02,58.00000,30.00000,641
112,3,8.489560e-02,44.00000,35.00000,735
112,4,8.595645e-02,47.00000,35.00000,660
112,5,8.691874e-02,55.00000,30.00000,791
112,6,9.032559e-02,37.00000,36.00000,679
112,7,8.923037e-02,36.00000,35.00000,617
112,8,8.477019e-02,58.00000,30.00000,703
112,9,8.438992e-02,54.00000,30.00000,697
112,10,8.624262e-02,49.00000,30.00000,4726
112,11,8.620714e-02,49.00000,30.00000,682
112,12,8.794924e-02,37.00000,36.00000,3267
112,13,8.494525e-02,39.00000,35.00000,703
112,14,8.895511e-02,46.00000,35.00000,655
112,15,8.922160e-02,36.00000,35.00000,799
112,16,9.100240e-02,45.00000,35.00000,668
112,17,8.669005e-02,49.00000,30.00000,707
112,18,8.708881e-02,49.00000,30.00000,697
112,19,8.644999e-02,44.00000,35.00000,647
112,20,8.705746e-02,43.00000,36.00000,8993
112,21,8.805937e-02,43.00000,35.00000,689
112,22,8.750113e-02,53.00000,30.00000,1617
112,23,8.831421e-02,44.00000,35.00000,615
112,24,8.944847e-02,38.00000,36.00000,769
112,25,8.534724e-02,49.00000,35.00000,600
112,26,8.867370e-02,42.00000,35.00000,751
112,27,8.646809e-02,51.00000,30.00000,650
112,28,8.870216e-02,46.00000,35.00000,657
112,29,9.293456e-02,31.00000,36.00000,742
112,30,8.711915e-02,39.00000,35.00000,12369
112,31,8.505027e-02,53.00000,30.00000,675
112,32,8.789869e-02,47.00000,35.00000,677
112,33,8.925563e-02,39.00000,36.00000,630
112,34,8.461167e-02,49.00000,35.00000,661
112,35,8.820021e-02,47.00000,35.00000,663
112,36,8.283488e-02,53.00000,30.00000,752
112,37,8.480562e-02,53.00000,30.00000,633
112,38,8.842453e-02,43.00000,35.00000,639
112,39,8.768930e-02,34.00000,40.00000,722
112,40,8.496116e-02,43.00000,35.00000,9135
112,41,8.817277e-02,42.00000,35.00000,729
112,42,8.643201e-02,48.00000,35.00000,1950
112,43,8.513663e-02,54.00000,30.00000,730
112,44,8.542050e-02,43.00000,35.00000,667
112,45,8.757063e-02,49.00000,30.00000,725
112,46,8.683170e-02,43.00000,35.00000,656
112,47,8.834326e-02,51.00000,35.00000,670
112,48,8.434242e-02,49.00000,30.00000,814
112,49,8.697771e-02,47.00000,35.00000,609
112,50,8.826795e-02,46.00000,35.00000,7640
112,51,8.323748e-02,49.00000,30.00000,739
112,52,8.684157e-02,44.00000,35.00000,3931
112,53,9.103154e-02,39.00000,36.00000,580
112,54,9.248689e-02,31.00000,36.00000,566
112,55,8.745159e-02,57.00000,30.00000,651
112,56,8.695619e-02,46.00000,36.00000,602
112,57,8.972432e-02,35.00000,36.00000,607
112,58,9.170730e-02,49.00000,35.00000,592
112,59,8.700301e-02,59.00000,30.00000,646
112,60,8.760454e-02,43.00000,35.00000,625
112,61,8.772716e-02,45.00000,35.00000,569
112,62,9.259068e-02,45.00000,35.00000,689
112,63,8.530901e-02,42.00000,35.00000,603
112,64,8.832828e-02,56.00000,30.00000,612
112,65,8.813094e-02,31.00000,36.00000,613
112,66,8.745360e-02,52.00000,30.00000,597
112,67,8.815382e-02,53.00000,30.00000,606
112,68,8.568298e-02,43.00000,35.00000,605
112,69,8.383451e-02,49.00000,30.00000,614
112,70,9.138886e-02,36.00000,36.00000,599
112,71,8.720477e-02,47.00000,35.00000,587
113,0,8.869835e-02,37.00000,36.00000,6848
113,1,8.434121e-02,43.00000,35.00000,737
113,2,8.240616e-02,56.00000,30.00000,676
113,3,8.606490e-02,45.00000,35.00000,660
113,4,8.567809e-02,57.00000,30.00000,691
113,5,8.536514e-02,49.00000,30.00000,638
113,6,8.815145e-02,45.00000,35.00000,710
113,7,8.905074e-02,49.00000,30.00000,655
113,8,8.904319e-02,49.00000,30.00000,587
113,9,9.134632e-02,34.00000,36.00000,839
113,10,8.657572e-02,62.00000,30.00000,748
113,11,8.768496e-02,53.00000,30.00000,672
113,12,8.928010e-02,44.00000,35.00000,6929
113,13,8.677932e-02,38.00000,35.00000,811
113,14,8.860148e-02,30.00000,36.00000,573
113,15,8.657061e-02,39.00000,35.00000,764
113,16,8.752480e-02,49.00000,30.00000,611
113,17,8.733086e-02,49.00000,30.00000,706
113,18,8.592349e-02,48.00000,35.00000,739
113,19,9.095889e-02,39.00000,36.00000,673
113,20,9.081487e-02,42.00000,36.00000,637
113,21,9.001603e-02,46.00000,36.00000,654
113,22,8.470524e-02,43.00000,35.00000,8827
113,23,8.686592e-02,39.00000,35.00000,706
113,24,8.614580e-02,46.00000,35.00000,638
113,25,8.994869e-02,52.00000,30.00000,693
113,26,8.672418e-02,47.00000,35.00000,615
113,27,8.748457e-02,41.00000,36.00000,675
113,28,8.858760e-02,54.00000,30.00000,662
113,29,8.724502e-02,42.00000,35.00000,692
113,30,8.398941e-02,49.00000,30.00000,619
113,31,8.735526e-02,57.00000,30.00000,653
113,32,8.765427e-02,49.00000,30.00000,7689
113,33,8.745804e-02,30.00000,36.00000,664
113,34,8.318944e-02,59.00000,30.00000,775
113,35,8.923127e-02,45.00000,35.00000,618
113,36,8.536068e-02,49.00000,30.00000,679
113,37,8.370788e-02,46.00000,35.00000,635
113,38,8.888962e-02,51.00000,30.00000,622
113,39,8.806004e-02,41.00000,35.00000,825
113,40,8.581433e-02,40.00000,36.00000,598
113,41,8.662067e-02,49.00000,30.00000,714
113,42,9.123465e-02,41.00000,36.00000,8189
113,43,8.619179e-02,53.00000,30.00000,620
113,44,8.514017e-02,49.00000,30.00000,682
113,45,8.570718e-02,54.00000,30.00000,633
113,46,8.725242e-02,58.00000,30.00000,653
113,47,8.503389e-02,51.00000,30.00000,639
113,48,8.838971e-02,43.00000,36.00000,677
113,49,9.016289e-02,40.00000,35.00000,667
113,50,9.077788e-02,45.00000,35.00000,708
113,51,8.851286e-02,55.00000,30.00000,686
113,52,9.565455e-02,44.00000,35.00000,7542
113,53,9.411110e-02,44.00000,35.00000,3294
113,54,9.764443e-02,40.00000,36.00000,585
113,55,9.288599e-02,46.00000,35.00000,603
113,56,9.741987e-02,46.00000,35.00000,618
113,57,9.396673e-02,47.00000,35.00000,586
113,58,9.863072e-02,53.00000,30.00000,627
113,59,9.119591e-02,41.00000,36.00000,635
113,60,9.196615e-02,45.00000,35.00000,589
113,61,8.941999e-02,60.00000,30.00000,643
113,62,9.341979e-02,44.00000,35.00000,588
113,63,9.381010e-02,44.00000,35.00000,592
113,64,9.663401e-02,38.00000,35.00000,547
113,65,9.293206e-02,31.00000,36.00000,592
113,66,9.223132e-02,45.00000,35.00000,607
113,67,9.068005e-02,48.00000,35.00000,605
113,68,8.941460e-02,43.00000,36.00000,603
113,69,8.676599e-02,57.00000,30.00000,626
113,70,8.681616e-02,58.00000,30.00000,626
113,71,9.087938e-02,55.00000,30.00000,617
114,0,8.910636e-02,42.00000,35.00000,7652
114,1,8.685965e-02,49.00000,30.00000,674
114,2,9.184192e-02,49.00000,30.00000,688
114,3,8.758902e-02,47.00000,35.00000,669
114,4,9.092243e-02,31.00000,36.00000,648
114,5,8.686465e-02,48.00000,35.00000,720
114,6,8.671574e-02,53.00000,30.00000,680
114,7,9.521959e-02,25.00000,36.00000,719
114,8,8.639283e-02,57.00000,30.00000,740
114,9,8.988878e-02,54.00000,30.00000,719
114,10,9.192997e-02,41.00000,36.00000,7508
114,11,9.185547e-02,36.00000,36.00000,600
114,12,8.756217e-02,44.00000,35.00000,732
114,13,9.138852e-02,43.00000,35.00000,671
114,14,9.139514e-02,49.00000,30.00000,604
114,15,8.971224e-02,47.00000,35.00000,732
114,16,8.997058e-02,53.00000,30.00000,742
114,17,9.226631e-02,49.00000,30.00000,692
114,18,9.041802e-02,37.00000,36.00000,732
114,19,9.020935e-02,46.00000,35.00000,719
114,20,8.712941e-02,53.00000,30.00000,13719
114,21,9.002706e-02,31.00000,36.00000,633
114,22,8.449844e-02,57.00000,30.00000,669
114,23,8.601040e-02,53.00000,30.00000,677
114,24,8.947474e-02,45.00000,35.00000,1225
114,25,8.947990e-02,44.00000,35.00000,614
114,26,9.353213e-02,37.00000,36.00000,631
114,27,8.742192e-02,38.00000,35.00000,659
114,28,8.743839e-02,49.00000,30.00000,686
114,29,8.912714e-02,41.00000,36.00000,724
114,30,8.834914e-02,54.00000,30.00000,11604
114,31,8.761977e-02,45.00000,35.00000,738
114,32,8.616460e-02,45.00000,35.00000,644
114,33,8.834398e-02,53.00000,30.00000,623
114,34,8.824786e-02,31.00000,36.00000,1597
114,35,8.640829e-02,45.00000,35.00000,745
114,36,9.279890e-02,36.00000,36.00000,643
114,37,8.362786e-02,50.00000,30.00000,694
114,38,8.749910e-02,49.00000,30.00000,613
114,39,8.436639e-02,54.00000,30.00000,746
114,40,9.208488e-02,59.00000,30.00000,9684
114,41,8.855096e-02,38.00000,35.00000,659
114,42,8.809371e-02,45.00000,35.00000,670
114,43,8.634481e-02,47.00000,35.00000,738
114,44,9.030195e-02,36.00000,40.00000,3703
114,45,8.888563e-02,52.00000,30.00000,687
114,46,8.916633e-02,45.00000,35.00000,632
114,47,9.056941e-02,40.00000,35.00000,686
114,48,9.041759e-02,42.00000,35.00000,707
114,49,9.002034e-02,40.00000,40.00000,607
114,50,8.932908e-02,41.00000,35.00000,8515
114,51,9.134088e-02,41.00000,35.00000,653
114,52,8.583898e-02,57.00000,30.00000,682
114,53,8.434582e-02,54.00000,30.00000,671
114,54,8.736590e-02,54.00000,30.00000,1712
114,55,8.743658e-02,41.00000,36.00000,595
114,56,9.102720e-02,30.00000,36.00000,588
114,57,8.762108e-02,43.00000,35.00000,635
114,58,8.683497e-02,51.00000,30.00000,634
114,59,8.743478e-02,35.00000,36.00000,608
114,60,8.894205e-02,49.00000,30.00000,1015
114,61,8.874232e-02,41.00000,35.00000,598
114,62,8.504053e-02,53.00000,30.00000,611
114,63,8.876602e-02,48.00000,35.00000,594
114,64,8.854797e-02,45.00000,35.00000,585
114,65,8.685855e-02,43.00000,35.00000,603
114,66,8.534411e-02,49.00000,30.00000,607
114,67,8.841731e-02,39.00000,35.00000,613
114,68,8.616765e-02,55.00000,30.00000,615
114,69,8.951331e-02,41.00000,36.00000,608
114,70,8.693969e-02,49.00000,30.00000,603
114,71,8.429592e-02,52.00000,30.00000,616
115,0,8.768443e-02,53.00000,30.00000,4525
115,1,9.378473e-02,53.00000,30.00000,718
115,2,8.676620e-02,53.00000,30.00000,692
115,3,8.626927e-02,58.00000,30.00000,750
115,4,8.887650e-02,30.00000,36.00000,659
115,5,8.564167e-02,43.00000,36.00000,721
115,6,9.049109e-02,39.00000,35.00000,720
115,7,8.591561e-02,52.00000,30.00000,629
115,8,9.232906e-02,46.00000,35.00000,654
115,9,9.233171e-02,30.00000,36.00000,777
115,10,9.026343e-02,56.00000,30.00000,723
115,11,8.555677e-02,54.00000,30.00000,709
115,12,8.935820e-02,49.00000,30.00000,3344
115,13,9.197706e-02,33.00000,40.00000,738
115,14,9.388115e-02,38.00000,35.00000,601
115,15,8.821818e-02,61.00000,30.00000,738
115,16,8.533488e-02,43.00000,36.00000,771
115,17,9.130418e-02,30.00000,36.00000,610
115,18,9.156612e-02,25.00000,36.00000,765
115,19,8.780818e-02,49.00000,30.00000,664
115,20,8.891796e-02,42.00000,35.00000,630
115,21,8.749261e-02,34.00000,36.00000,669
115,22,8.775650e-02,45.00000,35.00000,1086
115,23,8.589881e-02,49.00000,35.00000,697
115,24,9.230494e-02,39.00000,35.00000,604
115,25,8.810534e-02,36.00000,36.00000,710
115,26,8.868608e-02,39.00000,35.00000,735
115,27,9.173115e-02,49.00000,30.00000,648
115,28,8.657913e-02,54.00000,30.00000,722
115,29,8.573945e-02,55.00000,30.00000,685
115,30,9.264605e-02,35.00000,36.00000,654
115,31,8.860576e-02,41.00000,36.00000,673
115,32,8.989284e-02,31.00000,36.00000,1663
115,33,8.799662e-02,53.00000,30.00000,685
115,34,9.120415e-02,48.00000,35.00000,658
115,35,8.966552e-02,55.00000,30.00000,686
115,36,8.414289e-02,53.00000,35.00000,635
115,37,9.149694e-02,34.00000,40.00000,708
115,38,9.622870e-02,36.00000,36.00000,721
115,39,8.566839e-02,49.00000,30.00000,706
115,40,9.056331e-02,38.00000,35.00000,615
115,41,8.661096e-02,44.00000,35.00000,695
115,42,8.644687e-02,45.00000,35.00000,636
115,43,8.871651e-02,49.00000,30.00000,1451
115,44,8.631212e-02,49.00000,30.00000,634
115,45,8.946452e-02,46.00000,35.00000,820
115,46,8.641805e-02,52.00000,30.00000,693
115,47,8.760142e-02,49.00000,30.00000,644
115,48,8.925608e-02,42.00000,35.00000,713
115,49,8.694014e-02,55.00000,30.00000,654
115,50,8.932334e-02,43.00000,35.00000,691
115,51,8.683887e-02,55.00000,30.00000,630
115,52,8.605887e-02,54.00000,30.00000,667
115,53,8.469376e-02,57.00000,30.00000,2734
115,54,8.808598e-02,39.00000,36.00000,734
115,55,8.680670e-02,31.00000,36.00000,584
115,56,9.055606e-02,25.00000,36.00000,610
115,57,8.524320e-02,53.00000,30.00000,710
115,58,8.576030e-02,57.00000,30.00000,628
115,59,8.810918e-02,55.00000,30.00000,617
115,60,9.366924e-02,37.00000,36.00000,593
115,61,9.037759e-02,53.00000,30.00000,606
115,62,9.111524e-02,48.00000,35.00000,593
115,63,9.163046e-02,35.00000,36.00000,583
115,64,8.756816e-02,48.00000,35.00000,618
115,65,9.193335e-02,55.00000,30.00000,618
115,66,9.039866e-02,30.00000,36.00000,590
115,67,9.070233e-02,30.00000,36.00000,612
115,68,8.844644e-02,44.00000,35.00000,603
115,69,9.148881e-02,37.00000,36.00000,577
115,70,9.019787e-02,41.00000,35.00000,587
115,71,9.034334e-02,36.00000,36.00000,591
116,0,8.913464e-02,45.00000,35.00000,668
116,1,9.003903e-02,35.00000,36.00000,710
116,2,8.543284e-02,45.00000,35.00000,689
116,3,8.988957e-02,36.00000,36.00000,704
116,4,8.769194e-02,54.00000,30.00000,645
116,5,8.485092e-02,47.00000,35.00000,816
116,6,9.029031e-02,57.00000,30.00000,689
116,7,8.549766e-02,53.00000,30.00000,737
116,8,8.682235e-02,51.00000,30.00000,721
116,9,9.005485e-02,49.00000,30.00000,601
116,10,8.829591e-02,47.00000,35.00000,7799
116,11,8.876556e-02,45.00000,35.00000,1651
116,12,8.873717e-02,44.00000,35.00000,1530
116,13,8.786981e-02,51.00000,35.00000,624
116,14,9.040459e-02,37.00000,35.00000,679
116,15,8.986630e-02,31.00000,36.00000,756
116,16,8.660902e-02,52.00000,30.00000,741
116,17,8.608343e-02,55.00000,30.00000,629
116,18,9.050761e-02,37.00000,36.00000,721
116,19,8.989357e-02,49.00000,30.00000,669
116,20,9.394424e-02,42.00000,36.00000,4373
116,21,8.673584e-02,58.00000,30.00000,646
116,22,9.209432e-02,40.00000,36.00000,2837
116,23,8.474093e-02,53.00000,30.00000,647
116,24,8.746112e-02,35.00000,36.00000,684
116,25,8.453955e-02,53.00000,30.00000,691
116,26,8.618505e-02,47.00000,35.00000,774
116,27,8.659726e-02,49.00000,30.00000,674
116,28,8.724080e-02,53.00000,30.00000,739
116,29,9.207513e-02,46.00000,35.00000,646
116,30,8.868412e-02,42.00000,35.00000,11248
116,31,8.705510e-02,50.00000,30.00000,660
116,32,8.648194e-02,51.00000,30.00000,2702
116,33,8.512270e-02,52.00000,30.00000,623
116,34,8.944918e-02,43.00000,35.00000,739
116,35,8.765717e-02,39.00000,35.00000,657
116,36,8.802732e-02,45.00000,35.00000,737
116,37,9.146610e-02,25.00000,36.00000,665
116,38,8.737233e-02,45.00000,35.00000,657
116,39,8.709385e-02,53.00000,30.00000,665
116,40,9.430448e-02,45.00000,35.00000,9485
116,41,9.404638e-02,37.00000,36.00000,570
116,42,8.901098e-02,40.00000,36.00000,4108
116,43,9.074098e-02,41.00000,35.00000,588
116,44,8.810753e-02,49.00000,30.00000,708
116,45,8.922316e-02,40.00000,35.00000,603
116,46,8.902843e-02,40.00000,36.00000,669
116,47,8.742192e-02,53.00000,30.00000,636
116,48,8.694142e-02,43.00000,36.00000,685
116,49,9.252200e-02,41.00000,35.00000,670
116,50,8.654959e-02,54.00000,30.00000,6481
116,51,8.871952e-02,35.00000,36.00000,595
116,52,8.704381e-02,49.00000,30.00000,4213
116,53,8.847716e-02,43.00000,35.00000,687
116,54,8.721557e-02,49.00000,30.00000,723
116,55,8.934991e-02,30.00000,36.00000,613
116,56,8.622303e-02,56.00000,30.00000,635
116,57,8.440179e-02,59.00000,30.00000,653
116,58,9.370662e-02,40.00000,36.00000,573
116,59,8.796181e-02,49.00000,30.00000,630
116,60,8.771158e-02,40.00000,35.00000,2120
116,61,9.134617e-02,40.00000,35.00000,605
116,62,8.863954e-02,36.00000,36.00000,625
116,63,8.686450e-02,41.00000,36.00000,601
116,64,8.864664e-02,49.00000,30.00000,601
116,65,8.909959e-02,52.00000,30.00000,595
116,66,8.744800e-02,40.00000,35.00000,624
116,67,8.865781e-02,42.00000,35.00000,598
116,68,9.055152e-02,42.00000,35.00000,582
116,69,8.794156e-02,45.00000,35.00000,591
116,70,9.022613e-02,49.00000,30.00000,587
116,71,8.858815e-02,43.00000,35.00000,582
117,0,8.571821e-02,42.00000,35.00000,13258
117,1,8.690344e-02,59.00000,30.00000,1169
117,2,8.482690e-02,55.00000,30.00000,769
117,3,8.621158e-02,57.00000,30.00000,694
117,4,8.555661e-02,54.00000,30.00000,766
117,5,8.961440e-02,45.00000,35.00000,639
117,6,8.918408e-02,47.00000,35.00000,717
117,7,8.897194e-02,31.00000,36.00000,690
117,8,8.968723e-02,40.00000,36.00000,680
117,9,9.084082e-02,55.00000,30.00000,716
117,10,8.905837e-02,36.00000,36.00000,5634
117,11,9.078680e-02,46.00000,35.00000,1564
117,12,8.782379e-02,52.00000,30.00000,1375
117,13,9.169894e-02,37.00000,36.00000,680
117,14,8.704188e-02,49.00000,30.00000,662
117,15,8.914164e-02,41.00000,36.00000,4961
117,16,9.224336e-02,38.00000,35.00000,722
117,17,8.730920e-02,47.00000,35.00000,653
117,18,8.887343e-02,46.00000,35.00000,688
117,19,8.747648e-02,44.00000,35.00000,684
117,20,9.039363e-02,36.00000,35.00000,2177
117,21,8.650663e-02,41.00000,35.00000,662
117,22,8.967292e-02,40.00000,36.00000,650
117,23,9.063493e-02,51.00000,30.00000,642
117,24,8.681320e-02,43.00000,36.00000,688
117,25,9.168310e-02,36.00000,36.00000,9086
117,26,9.122454e-02,49.00000,30.00000,617
117,27,8.797004e-02,49.00000,30.00000,641
117,28,9.038182e-02,49.00000,30.00000,666
117,29,9.120338e-02,31.00000,36.00000,641
117,30,9.128418e-02,49.00000,30.00000,664
117,31,8.964790e-02,44.00000,35.00000,639
117,32,8.993456e-02,42.00000,35.00000,778
117,33,8.536953e-02,49.00000,30.00000,799
117,34,8.903430e-02,40.00000,40.00000,651
117,35,8.749837e-02,49.00000,35.00000,11340
117,36,8.677314e-02,54.00000,30.00000,631
117,37,8.846625e-02,46.00000,35.00000,650
117,38,8.725867e-02,49.00000,30.00000,692
117,39,8.623780e-02,42.00000,36.00000,665
117,40,8.629558e-02,41.00000,35.00000,719
117,41,8.892822e-02,53.00000,30.00000,743
117,42,8.927885e-02,30.00000,36.00000,675
117,43,9.124365e-02,36.00000,35.00000,649
117,44,8.890346e-02,49.00000,30.00000,2027
117,45,8.974072e-02,41.00000,36.00000,10351
117,46,9.074558e-02,49.00000,30.00000,607
117,47,9.447166e-02,31.00000,36.00000,629
117,48,9.042124e-02,42.00000,35.00000,651
117,49,9.138639e-02,44.00000,36.00000,673
117,50,8.721985e-02,57.00000,30.00000,674
117,51,9.327549e-02,40.00000,36.00000,698
117,52,9.358787e-02,40.00000,36.00000,663
117,53,8.961207e-02,54.00000,30.00000,684
117,54,8.904552e-02,49.00000,30.00000,628
117,55,9.283952e-02,44.00000,35.00000,8059
117,56,8.735190e-02,52.00000,35.00000,629
117,57,9.253743e-02,33.00000,40.00000,597
117,58,9.091194e-02,49.00000,30.00000,597
117,59,8.763511e-02,49.00000,30.00000,606
117,60,8.890190e-02,49.00000,30.00000,617
117,61,8.763786e-02,49.00000,30.00000,599
117,62,8.850683e-02,55.00000,30.00000,615
117,63,8.880163e-02,45.00000,35.00000,614
117,64,9.098708e-02,55.00000,30.00000,616
117,65,9.255896e-02,44.00000,35.00000,584
117,66,9.053096e-02,48.00000,35.00000,594
117,67,8.939034e-02,39.00000,35.00000,616
117,68,9.053914e-02,36.00000,36.00000,582
117,69,9.011702e-02,43.00000,36.00000,583
117,70,8.870339e-02,53.00000,30.00000,607
117,71,9.037875e-02,43.00000,35.00000,582
118,0,8.927985e-02,44.00000,35.00000,4247
118,1,9.121126e-02,47.00000,35.00000,1925
118,2,8.733723e-02,46.00000,35.00000,737
118,3,8.854260e-02,49.00000,30.00000,673
118,4,8.865690e-02,49.00000,30.00000,676
118,5,8.983043e-02,39.00000,36.00000,703
118,6,9.126887e-02,37.00000,36.00000,693
118,7,8.968793e-02,45.00000,35.00000,590
118,8,9.126152e-02,43.00000,36.00000,605
118,9,8.879628e-02,38.00000,35.00000,777
118,10,9.064882e-02,38.00000,40.00000,5578
118,11,8.865418e-02,43.00000,35.00000,2579
118,12,8.535566e-02,53.00000,30.00000,1965
118,13,8.880747e-02,51.00000,30.00000,1750
118,14,9.203137e-02,25.00000,36.00000,723
118,15,8.669052e-02,57.00000,30.00000,659
118,16,9.070231e-02,53.00000,30.00000,667
118,17,9.039237e-02,30.00000,36.00000,802
118,18,8.860768e-02,37.00000,36.00000,664
118,19,8.406246e-02,54.00000,30.00000,636
118,20,8.940130e-02,55.00000,30.00000,1089
118,21,8.664905e-02,53.00000,30.00000,12137
118,22,8.981436e-02,40.00000,35.00000,1069
118,23,8.857430e-02,54.00000,30.00000,1061
118,24,9.134756e-02,45.00000,35.00000,595
118,25,8.627182e-02,51.00000,35.00000,633
118,26,8.668234e-02,54.00000,30.00000,2503
118,27,8.994408e-02,35.00000,36.00000,604
118,28,8.864135e-02,36.00000,35.00000,687
118,29,8.662276e-02,49.00000,35.00000,703
118,30,8.575188e-02,55.00000,30.00000,676
118,31,8.598512e-02,53.00000,30.00000,9630
118,32,8.671215e-02,57.00000,30.00000,1967
118,33,8.951601e-02,54.00000,30.00000,708
118,34,9.024955e-02,30.00000,36.00000,657
118,35,8.836603e-02,53.00000,30.00000,700
118,36,8.775787e-02,43.00000,36.00000,1847
118,37,8.675104e-02,39.00000,36.00000,714
118,38,8.781162e-02,49.00000,30.00000,607
118,39,8.696645e-02,53.00000,30.00000,730
118,40,8.546884e-02,49.00000,30.00000,673
118,41,8.659877e-02,38.00000,35.00000,9817
118,42,8.913984e-02,49.00000,30.00000,2145
118,43,9.062946e-02,49.00000,30.00000,613
118,44,8.622558e-02,49.00000,30.00000,688
118,45,9.201614e-02,44.00000,35.00000,647
118,46,8.639745e-02,41.00000,35.00000,601
118,47,8.796223e-02,49.00000,30.00000,693
118,48,8.665238e-02,58.00000,30.00000,662
118,49,8.779152e-02,31.00000,36.00000,648
118,50,8.586243e-02,46.00000,35.00000,777
118,51,9.035285e-02,46.00000,35.00000,9174
118,52,8.864898e-02,45.00000,35.00000,1944
118,53,8.468154e-02,53.00000,30.00000,675
118,54,9.082229e-02,55.00000,30.00000,670
118,55,8.845480e-02,53.00000,30.00000,636
118,56,8.971492e-02,46.00000,35.00000,613
118,57,9.045850e-02,37.00000,36.00000,618
118,58,8.912191e-02,31.00000,36.00000,616
118,59,9.161630e-02,37.00000,36.00000,608
118,60,8.721130e-02,57.00000,30.00000,627
118,61,9.173697e-02,37.00000,36.00000,635
118,62,8.962862e-02,53.00000,30.00000,606
118,63,8.632284e-02,42.00000,35.00000,626
118,64,9.031079e-02,43.00000,35.00000,585
118,65,8.754098e-02,47.00000,35.00000,589
118,66,8.937379e-02,49.00000,30.00000,587
118,67,8.887663e-02,43.00000,35.00000,605
118,68,8.654507e-02,53.00000,30.00000,619
118,69,8.727924e-02,47.00000,35.00000,608
118,70,8.926903e-02,36.00000,36.00000,603
118,71,8.878030e-02,49.00000,30.00000,606
119,0,9.152690e-02,40.00000,35.00000,6560
119,1,9.020188e-02,37.00000,40.00000,696
119,2,8.681607e-02,54.00000,30.00000,662
119,3,8.623528e-02,40.00000,35.00000,676
119,4,8.782774e-02,45.00000,35.00000,613
119,5,8.756948e-02,55.00000,30.00000,745
119,6,9.174088e-02,36.00000,40.00000,603
119,7,9.254526e-02,31.00000,36.00000,680
119,8,8.747038e-02,42.00000,35.00000,685
119,9,8.757982e-02,55.00000,30.00000,675
119,10,9.250455e-02,45.00000,35.00000,662
119,11,8.726120e-02,59.00000,30.00000,8029
119,12,8.456363e-02,53.00000,30.00000,617
119,13,8.816740e-02,41.00000,36.00000,754
119,14,9.076977e-02,48.00000,35.00000,727
119,15,9.225136e-02,49.00000,30.00000,683
119,16,8.848573e-02,41.00000,36.00000,767
119,17,9.172142e-02,41.00000,36.00000,604
119,18,8.988204e-02,35.00000,36.00000,745
119,19,9.117341e-02,46.00000,36.00000,721
119,20,8.625337e-02,44.00000,35.00000,2104
119,21,8.593677e-02,48.00000,35.00000,9397
119,22,8.914313e-02,43.00000,35.00000,635
119,23,8.842244e-02,43.00000,35.00000,691
119,24,8.799355e-02,49.00000,30.00000,725
119,25,8.439763e-02,57.00000,30.00000,699
119,26,8.735621e-02,39.00000,35.00000,687
119,27,8.875505e-02,53.00000,30.00000,734
119,28,8.490809e-02,54.00000,30.00000,691
119,29,8.705531e-02,51.00000,30.00000,2090
119,30,8.527276e-02,53.00000,30.00000,697
119,31,8.675858e-02,45.00000,35.00000,8169
119,32,8.879547e-02,49.00000,30.00000,721
119,33,8.843014e-02,44.00000,35.00000,697
119,34,8.745289e-02,45.00000,35.00000,1517
119,35,8.764659e-02,40.00000,35.00000,749
119,36,8.623447e-02,42.00000,36.00000,699
119,37,9.063607e-02,39.00000,35.00000,596
119,38,8.548983e-02,49.00000,30.00000,692
119,39,8.509828e-02,57.00000,30.00000,776
119,40,8.895773e-02,54.00000,30.00000,683
119,41,9.313446e-02,30.00000,36.00000,10374
119,42,8.646567e-02,54.00000,30.00000,734
119,43,8.578186e-02,53.00000,30.00000,994
119,44,8.631177e-02,44.00000,35.00000,655
119,45,8.620513e-02,56.00000,30.00000,658
119,46,8.986114e-02,42.00000,35.00000,646
119,47,8.719213e-02,42.00000,35.00000,681
119,48,8.532375e-02,49.00000,30.00000,645
119,49,8.689016e-02,53.00000,30.00000,731
119,50,8.910343e-02,43.00000,35.00000,746
119,51,8.799667e-02,41.00000,36.00000,10639
119,52,8.725049e-02,53.00000,30.00000,642
119,53,8.966966e-02,45.00000,35.00000,684
119,54,8.458247e-02,55.00000,30.00000,1944
119,55,8.529463e-02,53.00000,30.00000,639
119,56,8.914469e-02,57.00000,30.00000,660
119,57,8.969142e-02,53.00000,30.00000,633
119,58,8.710612e-02,48.00000,35.00000,651
119,59,8.620429e-02,41.00000,35.00000,646
119,60,8.580698e-02,53.00000,30.00000,606
119,61,9.087984e-02,39.00000,40.00000,622
119,62,8.975777e-02,51.00000,30.00000,601
119,63,8.867452e-02,43.00000,35.00000,600
119,64,8.590782e-02,55.00000,30.00000,886
119,65,8.700565e-02,49.00000,30.00000,603
119,66,8.845435e-02,43.00000,35.00000,590
119,67,8.939327e-02,42.00000,36.00000,604
119,68,9.035537e-02,45.00000,35.00000,577
119,69,8.685698e-02,57.00000,30.00000,627
119,70,8.607237e-02,55.00000,30.00000,617
119,71,8.666661e-02,42.00000,36.00000,600
120,0,9.238591e-02,49.00000,30.00000,4197
120,1,9.126905e-02,41.00000,35.00000,625
120,2,9.023024e-02,36.00000,35.00000,733
120,3,8.726471e-02,47.00000,35.00000,695
120,4,8.554280e-02,58.00000,30.00000,683
120,5,8.457417e-02,55.00000,30.00000,662
120,6,8.700082e-02,57.00000,30.00000,671
120,7,8.508696e-02,54.00000,30.00000,740
120,8,8.606624e-02,41.00000,36.00000,752
120,9,8.633173e-02,53.00000,30.00000,694
120,10,8.600173e-02,49.00000,30.00000,4470
120,11,8.781614e-02,59.00000,30.00000,7589
120,12,8.981991e-02,36.00000,36.00000,1362
120,13,8.844972e-02,43.00000,35.00000,1936
120,14,8.882882e-02,55.00000,30.00000,677
120,15,9.145801e-02,34.00000,40.00000,739
120,16,8.931955e-02,41.00000,36.00000,735
120,17,9.007297e-02,40.00000,40.00000,692
120,18,8.718289e-02,54.00000,30.00000,672
120,19,8.701983e-02,53.00000,30.00000,798
120,20,8.852421e-02,49.00000,30.00000,652
120,21,8.809995e-02,37.00000,36.00000,11326
120,22,9.315224e-02,46.00000,35.00000,3065
120,23,9.628297e-02,25.00000,36.00000,641
120,24,9.455137e-02,49.00000,30.00000,657
120,25,8.900358e-02,53.00000,30.00000,663
120,26,8.963452e-02,44.00000,35.00000,680
120,27,8.967058e-02,47.00000,36.00000,666
120,28,9.092358e-02,35.00000,36.00000,670
120,29,8.849832e-02,48.00000,35.00000,720
120,30,8.772463e-02,44.00000,35.00000,663
120,31,8.840249e-02,52.00000,30.00000,8657
120,32,8.695228e-02,49.00000,30.00000,2859
120,33,8.805536e-02,53.00000,30.00000,617
120,34,8.851077e-02,49.00000,30.00000,655
120,35,8.564263e-02,54.00000,30.00000,604
120,36,9.036809e-02,43.00000,35.00000,638
120,37,8.481419e-02,53.00000,30.00000,699
120,38,8.878690e-02,42.00000,35.00000,720
120,39,8.929160e-02,39.00000,35.00000,740
120,40,8.776040e-02,41.00000,36.00000,729
120,41,9.013958e-02,37.00000,36.00000,9416
120,42,9.335371e-02,51.00000,30.00000,2600
120,43,8.654504e-02,47.00000,35.00000,619
120,44,9.198570e-02,36.00000,36.00000,656
120,45,8.766590e-02,49.00000,30.00000,589
120,46,8.922276e-02,45.00000,35.00000,689
120,47,8.912024e-02,46.00000,35.00000,641
120,48,8.738939e-02,46.00000,35.00000,609
120,49,8.992678e-02,54.00000,30.00000,727
120,50,9.199691e-02,36.00000,35.00000,619
120,51,8.895809e-02,38.00000,35.00000,5894
120,52,9.114613e-02,41.00000,36.00000,3969
120,53,8.982718e-02,46.00000,36.00000,620
120,54,8.828720e-02,49.00000,30.00000,823
120,55,8.980998e-02,42.00000,35.00000,602
120,56,9.034668e-02,44.00000,35.00000,583
120,57,8.622431e-02,54.00000,30.00000,620
120,58,9.190985e-02,43.00000,36.00000,577
120,59,8.839553e-02,42.00000,36.00000,615
120,60,9.112081e-02,46.00000,35.00000,587
120,61,8.889160e-02,54.00000,30.00000,856
120,62,9.193081e-02,47.00000,35.00000,585
120,63,9.226400e-02,37.00000,36.00000,575
120,64,8.918297e-02,44.00000,35.00000,629
120,65,9.528430e-02,36.00000,40.00000,588
120,66,8.867241e-02,34.00000,36.00000,608
120,67,9.028024e-02,37.00000,35.00000,607
120,68,9.144040e-02,46.00000,35.00000,588
120,69,9.329108e-02,35.00000,36.00000,564
120,70,8.895130e-02,55.00000,30.00000,617
120,71,8.568610e-02,49.00000,30.00000,615
121,0,9.250948e-02,47.00000,35.00000,1210
121,1,9.429125e-02,42.00000,35.00000,778
121,2,9.256919e-02,30.00000,36.00000,1752
121,3,9.017393e-02,31.00000,36.00000,723
121,4,8.800572e-02,41.00000,36.00000,668
121,5,9.310366e-02,41.00000,35.00000,652
121,6,9.218229e-02,31.00000,36.00000,682
121,7,8.789796e-02,52.00000,30.00000,666
121,8,9.027530e-02,43.00000,36.00000,694
121,9,9.199142e-02,49.00000,35.00000,662
121,10,8.840097e-02,49.00000,30.00000,696
121,11,9.159683e-02,44.00000,35.00000,658
121,12,9.145658e-02,42.00000,35.00000,693
121,13,8.800195e-02,43.00000,36.00000,2060
121,14,8.635627e-02,45.00000,35.00000,673
121,15,9.271242e-02,35.00000,36.00000,675
121,16,8.898879e-02,49.00000,30.00000,664
121,17,9.129518e-02,31.00000,36.00000,706
121,18,8.864944e-02,53.00000,30.00000,668
121,19,8.980660e-02,49.00000,30.00000,730
121,20,9.158160e-02,42.00000,36.00000,661
121,21,9.194998e-02,43.00000,35.00000,629
121,22,8.923010e-02,45.00000,35.00000,634
121,23,8.943029e-02,57.00000,30.00000,2669
121,24,9.005302e-02,47.00000,35.00000,643
121,25,8.832580e-02,37.00000,40.00000,695
121,26,8.943953e-02,47.00000,35.00000,661
121,27,9.319252e-02,36.00000,36.00000,650
121,28,9.108383e-02,40.00000,35.00000,589
121,29,9.011611e-02,48.00000,35.00000,743
121,30,9.287293e-02,48.00000,35.00000,685
121,31,8.773848e-02,37.00000,40.00000,631
121,32,9.019510e-02,36.00000,40.00000,708
121,33,8.719131e-02,58.00000,30.00000,3998
121,34,9.068875e-02,48.00000,35.00000,652
121,35,8.915730e-02,37.00000,36.00000,653
121,36,9.147227e-02,46.00000,35.00000,652
121,37,9.054633e-02,57.00000,30.00000,750
121,38,8.812686e-02,41.00000,35.00000,687
121,39,8.562662e-02,56.00000,30.00000,717
121,40,9.281870e-02,38.00000,36.00000,633
121,41,8.772244e-02,44.00000,36.00000,621
121,42,8.990686e-02,49.00000,30.00000,647
121,43,8.671053e-02,53.00000,30.00000,2428
121,44,9.315149e-02,39.00000,36.00000,602
121,45,9.134215e-02,52.00000,30.00000,669
121,46,9.532053e-02,40.00000,36.00000,611
121,47,8.682923e-02,58.00000,30.00000,725
121,48,8.796014e-02,42.00000,36.00000,694
121,49,8.895835e-02,49.00000,30.00000,723
121,50,9.233955e-02,41.00000,35.00000,609
121,51,8.726314e-02,49.00000,30.00000,616
121,52,9.172288e-02,42.00000,35.00000,660
121,53,8.904094e-02,37.00000,40.00000,709
121,54,8.653512e-02,56.00000,30.00000,610
121,55,8.534479e-02,54.00000,30.00000,673
121,56,8.812261e-02,46.00000,35.00000,664
121,57,8.769477e-02,55.00000,30.00000,654
121,58,8.969809e-02,48.00000,35.00000,614
121,59,8.785892e-02,53.00000,30.00000,626
121,60,9.025285e-02,49.00000,30.00000,588
121,61,8.956222e-02,55.00000,30.00000,617
121,62,8.560678e-02,36.00000,36.00000,626
121,63,9.401989e-02,25.00000,36.00000,616
121,64,8.825141e-02,53.00000,30.00000,616
121,65,8.982410e-02,53.00000,30.00000,606
121,66,8.818135e-02,46.00000,35.00000,604
121,67,8.647272e-02,54.00000,30.00000,608
121,68,8.824185e-02,43.00000,35.00000,604
121,69,8.910487e-02,45.00000,35.00000,605
121,70,8.632345e-02,44.00000,35.00000,612
121,71,8.597478e-02,55.00000,30.00000,616
122,0,8.759806e-02,49.00000,30.00000,5534
122,1,8.884353e-02,35.00000,36.00000,2944
122,2,8.604878e-02,47.00000,35.00000,1063
122,3,8.659367e-02,42.00000,35.00000,605
122,4,9.146604e-02,55.00000,30.00000,695
122,5,8.837041e-02,41.00000,36.00000,688
122,6,9.054566e-02,49.00000,30.00000,636
122,7,8.738330e-02,55.00000,30.00000,644
122,8,8.797573e-02,46.00000,35.00000,677
122,9,9.263052e-02,41.00000,35.00000,672
122,10,8.909916e-02,41.00000,35.00000,5190
122,11,9.082211e-02,49.00000,30.00000,4745
122,12,8.753303e-02,42.00000,35.00000,2812
122,13,8.844546e-02,54.00000,30.00000,689
122,14,8.745375e-02,49.00000,30.00000,721
122,15,8.906779e-02,40.00000,36.00000,669
122,16,8.857930e-02,52.00000,30.00000,701
122,17,8.745217e-02,44.00000,35.00000,658
122,18,8.761306e-02,49.00000,35.00000,675
122,19,8.895312e-02,46.00000,35.00000,654
122,20,8.816589e-02,44.00000,35.00000,1705
122,21,9.101617e-02,56.00000,30.00000,3438
122,22,8.699167e-02,45.00000,35.00000,1374
122,23,8.925663e-02,49.00000,30.00000,631
122,24,8.703687e-02,45.00000,36.00000,682
122,25,8.892314e-02,46.00000,35.00000,744
122,26,8.958562e-02,48.00000,35.00000,674
122,27,9.017702e-02,37.00000,40.00000,606
122,28,8.791737e-02,55.00000,30.00000,667
122,29,8.996367e-02,48.00000,35.00000,709
122,30,8.669615e-02,55.00000,30.00000,4966
122,31,8.955425e-02,53.00000,30.00000,2741
122,32,9.286663e-02,45.00000,35.00000,2272
122,33,8.932228e-02,47.00000,35.00000,686
122,34,8.565931e-02,49.00000,30.00000,707
122,35,8.538721e-02,55.00000,30.00000,722
122,36,9.131806e-02,40.00000,36.00000,621
122,37,8.704717e-02,48.00000,35.00000,718
122,38,9.004390e-02,35.00000,36.00000,602
122,39,8.885992e-02,55.00000,30.00000,693
122,40,8.856039e-02,53.00000,30.00000,3085
122,41,9.073296e-02,42.00000,35.00000,3452
122,42,8.921292e-02,48.00000,35.00000,695
122,43,9.067008e-02,43.00000,36.00000,695
122,44,9.113251e-02,25.00000,36.00000,757
122,45,9.082824e-02,47.00000,35.00000,609
122,46,9.062518e-02,37.00000,35.00000,763
122,47,8.973621e-02,42.00000,35.00000,624
122,48,8.894061e-02,53.00000,30.00000,739
122,49,8.997317e-02,46.00000,35.00000,673
122,50,8.727387e-02,40.00000,35.00000,4830
122,51,8.811605e-02,48.00000,35.00000,4324
122,52,9.380519e-02,42.00000,35.00000,718
122,53,9.124252e-02,37.00000,36.00000,627
122,54,8.659434e-02,55.00000,30.00000,686
122,55,8.910105e-02,52.00000,30.00000,641
122,56,8.794994e-02,43.00000,36.00000,706
122,57,9.053661e-02,57.00000,30.00000,683
122,58,9.255511e-02,35.00000,36.00000,767
122,59,9.095979e-02,49.00000,35.00000,631
122,60,8.717521e-02,57.00000,30.00000,2887
122,61,9.055567e-02,35.00000,36.00000,1245
122,62,8.903375e-02,37.00000,35.00000,1629
122,63,9.196348e-02,44.00000,36.00000,595
122,64,8.876370e-02,48.00000,35.00000,594
122,65,9.105285e-02,36.00000,36.00000,578
122,66,8.997806e-02,45.00000,35.00000,574
122,67,9.288897e-02,55.00000,30.00000,615
122,68,8.632968e-02,50.00000,35.00000,607
122,69,9.034373e-02,49.00000,30.00000,589
122,70,9.108496e-02,47.00000,35.00000,582
122,71,9.228831e-02,49.00000,35.00000,592
123,0,8.854631e-02,49.00000,30.00000,7374
123,1,8.895284e-02,40.00000,35.00000,618
123,2,8.860467e-02,37.00000,40.00000,1564
123,3,8.666836e-02,47.00000,35.00000,642
123,4,8.863553e-02,42.00000,35.00000,717
123,5,8.888985e-02,49.00000,30.00000,694
123,6,8.830345e-02,61.00000,30.00000,714
123,7,8.639692e-02,54.00000,30.00000,689
123,8,8.510989e-02,49.00000,30.00000,728
123,9,8.511694e-02,54.00000,30.00000,677
123,10,8.936229e-02,44.00000,35.00000,1845
123,11,9.087995e-02,36.00000,40.00000,803
123,12,9.160387e-02,39.00000,40.00000,1990
123,13,8.644397e-02,49.00000,30.00000,713
123,14,8.955394e-02,58.00000,30.00000,688
123,15,8.510251e-02,52.00000,30.00000,764
123,16,8.492231e-02,55.00000,30.00000,694
123,17,9.029750e-02,42.00000,36.00000,747
123,18,9.547649e-02,36.00000,36.00000,687
123,19,8.714740e-02,55.00000,30.00000,664
123,20,8.899577e-02,43.00000,35.00000,6573
123,21,9.492683e-02,51.00000,30.00000,3066
123,22,8.973643e-02,49.00000,35.00000,628
123,23,9.091915e-02,39.00000,36.00000,752
123,24,9.214240e-02,40.00000,40.00000,613
123,25,8.960593e-02,54.00000,30.00000,703
123,26,8.750301e-02,49.00000,30.00000,669
123,27,9.276395e-02,35.00000,36.00000,637
123,28,9.075534e-02,35.00000,36.00000,659
123,29,9.180578e-02,43.00000,36.00000,694
123,30,8.943123e-02,44.00000,35.00000,11217
123,31,8.944209e-02,48.00000,35.00000,1317
123,32,9.290230e-02,48.00000,35.00000,642
123,33,9.418189e-02,31.00000,36.00000,586
123,34,9.077541e-02,37.00000,36.00000,668
123,35,9.187941e-02,40.00000,36.00000,632
123,36,9.104337e-02,47.00000,35.00000,626
123,37,8.958884e-02,43.00000,35.00000,707
123,38,9.407683e-02,45.00000,35.00000,583
123,39,8.858879e-02,51.00000,30.00000,683
123,40,9.175462e-02,39.00000,35.00000,9552
123,41,9.290537e-02,46.00000,35.00000,2563
123,42,8.871305e-02,42.00000,35.00000,638
123,43,8.875722e-02,58.00000,30.00000,620
123,44,8.901593e-02,50.00000,35.00000,646
123,45,9.298937e-02,37.00000,35.00000,651
123,46,9.007647e-02,48.00000,35.00000,695
123,47,8.820885e-02,59.00000,30.00000,672
123,48,9.207146e-02,42.00000,35.00000,704
123,49,8.907590e-02,37.00000,40.00000,679
123,50,8.712853e-02,53.00000,30.00000,8642
123,51,8.425136e-02,53.00000,30.00000,1945
123,52,9.408449e-02,30.00000,36.00000,706
123,53,8.736388e-02,49.00000,30.00000,597
123,54,8.818042e-02,43.00000,35.00000,631
123,55,8.755267e-02,53.00000,30.00000,616
123,56,9.334742e-02,31.00000,36.00000,595
123,57,9.393511e-02,45.00000,35.00000,583
123,58,9.085721e-02,53.00000,30.00000,605
123,59,9.295744e-02,45.00000,35.00000,579
123,60,9.231170e-02,35.00000,36.00000,820
123,61,8.843976e-02,49.00000,30.00000,606
123,62,9.004836e-02,55.00000,30.00000,615
123,63,8.995841e-02,43.00000,35.00000,579
123,64,8.940253e-02,41.00000,36.00000,603
123,65,9.080274e-02,49.00000,30.00000,612
123,66,8.927567e-02,42.00000,35.00000,603
123,67,8.680541e-02,55.00000,30.00000,616
123,68,8.749636e-02,40.00000,35.00000,618
123,69,8.691174e-02,52.00000,30.00000,605
123,70,8.720732e-02,49.00000,35.00000,591
123,71,8.585786e-02,57.00000,30.00000,627
124,0,8.673096e-02,47.00000,35.00000,11183
124,1,9.323383e-02,57.00000,30.00000,781
124,2,8.939219e-02,53.00000,30.00000,695
124,3,9.208369e-02,38.00000,36.00000,863
124,4,8.919750e-02,42.00000,36.00000,689
124,5,8.941650e-02,39.00000,35.00000,577
124,6,8.886746e-02,58.00000,30.00000,695
124,7,8.863010e-02,35.00000,40.00000,701
124,8,9.024112e-02,40.00000,36.00000,719
124,9,9.223601e-02,37.00000,35.00000,695
124,10,9.103557e-02,34.00000,36.00000,9728
124,11,8.618709e-02,52.00000,30.00000,759
124,12,9.028741e-02,45.00000,36.00000,593
124,13,8.960248e-02,58.00000,30.00000,709
124,14,9.079622e-02,40.00000,35.00000,682
124,15,8.994648e-02,47.00000,35.00000,687
124,16,8.961135e-02,40.00000,35.00000,627
124,17,9.184961e-02,49.00000,30.00000,633
124,18,8.894534e-02,43.00000,35.00000,682
124,19,8.573492e-02,53.00000,30.00000,679
124,20,8.840884e-02,49.00000,30.00000,10947
124,21,8.884716e-02,40.00000,35.00000,682
124,22,8.849868e-02,42.00000,35.00000,719
124,23,8.968184e-02,55.00000,30.00000,658
124,24,9.002081e-02,43.00000,35.00000,649
124,25,8.720113e-02,53.00000,30.00000,797
124,26,8.933567e-02,45.00000,35.00000,696
124,27,9.113066e-02,38.00000,35.00000,715
124,28,8.658060e-02,57.00000,30.00000,708
124,29,8.487932e-02,57.00000,30.00000,684
124,30,8.945023e-02,45.00000,35.00000,7630
124,31,9.508496e-02,36.00000,36.00000,716
124,32,8.813749e-02,49.00000,30.00000,640
124,33,9.233600e-02,43.00000,36.00000,642
124,34,9.033444e-02,37.00000,35.00000,668
124,35,9.369512e-02,49.00000,30.00000,648
124,36,9.062837e-02,43.00000,36.00000,702
124,37,9.102844e-02,55.00000,30.00000,668
124,38,8.817424e-02,42.00000,35.00000,660
124,39,9.245213e-02,39.00000,40.00000,711
124,40,9.237666e-02,42.00000,35.00000,10931
124,41,9.035147e-02,46.00000,35.00000,718
124,42,8.851682e-02,55.00000,30.00000,703
124,43,9.021883e-02,48.00000,35.00000,688
124,44,8.922005e-02,42.00000,35.00000,661
124,45,8.756424e-02,55.00000,30.00000,714
124,46,9.015326e-02,47.00000,35.00000,640
124,47,9.537889e-02,36.00000,36.00000,619
124,48,8.990779e-02,47.00000,35.00000,663
124,49,9.076238e-02,39.00000,36.00000,712
124,50,9.038813e-02,35.00000,36.00000,8042
124,51,9.022403e-02,52.00000,30.00000,727
124,52,9.200841e-02,37.00000,40.00000,691
124,53,9.295980e-02,48.00000,35.00000,830
124,54,9.209631e-02,37.00000,36.00000,680
124,55,8.897236e-02,47.00000,35.00000,700
124,56,9.004915e-02,55.00000,30.00000,2885
124,57,9.196053e-02,48.00000,35.00000,723
124,58,9.093845e-02,36.00000,36.00000,600
124,59,9.116362e-02,38.00000,36.00000,663
124,60,8.848785e-02,57.00000,30.00000,4320
124,61,9.198578e-02,31.00000,36.00000,636
124,62,9.061792e-02,40.00000,35.00000,703
124,63,9.271139e-02,44.00000,35.00000,581
124,64,9.170458e-02,30.00000,36.00000,589
124,65,8.951154e-02,47.00000,35.00000,588
124,66,9.245721e-02,39.00000,35.00000,597
124,67,8.899508e-02,49.00000,30.00000,595
124,68,8.936310e-02,40.00000,36.00000,590
124,69,9.126416e-02,41.00000,35.00000,571
124,70,9.512049e-02,46.00000,35.00000,586
124,71,9.040112e-02,41.00000,36.00000,593
125,0,8.737423e-02,54.00000,30.00000,757
125,1,9.072078e-02,43.00000,35.00000,739
125,2,8.897387e-02,54.00000,30.00000,671
125,3,8.598163e-02,46.00000,36.00000,1302
125,4,9.153084e-02,48.00000,35.00000,711
125,5,8.837826e-02,54.00000,30.00000,757
125,6,9.130803e-02,40.00000,40.00000,610
125,7,9.090428e-02,55.00000,30.00000,840
125,8,9.177127e-02,37.00000,40.00000,684
125,9,8.761211e-02,48.00000,35.00000,684
125,10,8.594866e-02,54.00000,30.00000,693
125,11,9.055315e-02,45.00000,35.00000,715
125,12,8.968768e-02,40.00000,35.00000,691
125,13,9.104305e-02,40.00000,35.00000,751
125,14,9.161311e-02,43.00000,35.00000,642
125,15,8.649464e-02,53.00000,30.00000,846
125,16,9.339667e-02,39.00000,35.00000,1711
125,17,8.943004e-02,42.00000,35.00000,772
125,18,9.061967e-02,40.00000,35.00000,828
125,19,9.029441e-02,40.00000,36.00000,637
125,20,9.213678e-02,36.00000,40.00000,928
125,21,9.001195e-02,54.00000,30.00000,615
125,22,8.748223e-02,45.00000,35.00000,658
125,23,9.064506e-02,52.00000,30.00000,684
125,24,8.720970e-02,43.00000,36.00000,781
125,25,8.969565e-02,37.00000,36.00000,636
125,26,8.670301e-02,49.00000,30.00000,718
125,27,8.792664e-02,53.00000,30.00000,687
125,28,9.085744e-02,51.00000,30.00000,640
125,29,8.833922e-02,42.00000,35.00000,702
125,30,9.071378e-02,34.00000,36.00000,2138
125,31,8.909119e-02,54.00000,30.00000,617
125,32,9.171118e-02,41.00000,40.00000,719
125,33,8.903091e-02,49.00000,30.00000,691
125,34,9.102006e-02,43.00000,35.00000,657
125,35,8.839950e-02,57.00000,30.00000,691
125,36,8.768602e-02,45.00000,35.00000,2126
125,37,9.245606e-02,43.00000,35.00000,646
125,38,8.791029e-02,49.00000,30.00000,662
125,39,8.816475e-02,49.00000,35.00000,605
125,40,9.251604e-02,30.00000,36.00000,2207
125,41,8.943720e-02,49.00000,30.00000,784
125,42,9.016098e-02,35.00000,36.00000,598
125,43,8.950546e-02,54.00000,30.00000,749
125,44,8.943687e-02,49.00000,30.00000,666
125,45,9.058952e-02,42.00000,35.00000,681
125,46,8.921963e-02,49.00000,30.00000,3503
125,47,9.127507e-02,43.00000,35.00000,610
125,48,9.193107e-02,38.00000,35.00000,700
125,49,8.836930e-02,55.00000,30.00000,695
125,50,9.143048e-02,40.00000,35.00000,3685
125,51,9.210771e-02,45.00000,35.00000,671
125,52,8.758158e-02,48.00000,35.00000,653
125,53,9.094124e-02,41.00000,35.00000,650
125,54,9.465010e-02,39.00000,36.00000,609
125,55,8.839355e-02,38.00000,36.00000,685
125,56,9.248175e-02,35.00000,36.00000,1059
125,57,9.023705e-02,49.00000,30.00000,616
125,58,8.901847e-02,49.00000,30.00000,599
125,59,9.171394e-02,49.00000,30.00000,605
125,60,8.927030e-02,45.00000,35.00000,3968
125,61,9.462563e-02,47.00000,35.00000,582
125,62,9.008972e-02,49.00000,30.00000,586
125,63,9.470835e-02,33.00000,40.00000,582
125,64,8.676017e-02,53.00000,30.00000,626
125,65,9.072345e-02,42.00000,36.00000,623
125,66,9.012689e-02,38.00000,36.00000,588
125,67,8.992271e-02,41.00000,36.00000,608
125,68,9.268088e-02,49.00000,30.00000,627
125,69,9.230427e-02,48.00000,35.00000,605
125,70,9.164751e-02,43.00000,35.00000,576
125,71,9.175579e-02,30.00000,36.00000,607
126,0,9.279791e-02,42.00000,36.00000,8768
126,1,9.113535e-02,45.00000,35.00000,1921
126,2,9.105974e-02,38.00000,35.00000,622
126,3,8.647291e-02,56.00000,30.00000,656
126,4,8.811926e-02,47.00000,35.00000,907
126,5,8.671822e-02,56.00000,30.00000,697
126,6,8.903408e-02,49.00000,30.00000,681
126,7,8.762597e-02,49.00000,30.00000,650
126,8,9.142740e-02,35.00000,36.00000,649
126,9,9.214322e-02,44.00000,35.00000,751
126,10,8.681957e-02,49.00000,30.00000,4048
126,11,8.723348e-02,57.00000,30.00000,10875
126,12,8.645172e-02,52.00000,30.00000,705
126,13,8.929306e-02,44.00000,35.00000,629
126,14,8.896959e-02,43.00000,35.00000,624
126,15,8.717131e-02,40.00000,40.00000,741
126,16,8.825898e-02,52.00000,30.00000,671
126,17,8.860760e-02,44.00000,35.00000,721
126,18,8.840641e-02,53.00000,30.00000,656
126,19,8.832935e-02,57.00000,30.00000,710
126,20,8.801886e-02,49.00000,30.00000,694
126,21,8.685867e-02,50.00000,35.00000,9348
126,22,9.021991e-02,42.00000,35.00000,2928
126,23,8.911771e-02,45.00000,35.00000,749
126,24,8.903508e-02,49.00000,35.00000,678
126,25,8.712261e-02,52.00000,30.00000,671
126,26,9.237369e-02,39.00000,35.00000,626
126,27,8.875592e-02,53.00000,30.00000,714
126,28,8.863267e-02,48.00000,35.00000,642
126,29,9.069314e-02,40.00000,35.00000,690
126,30,8.817328e-02,47.00000,35.00000,654
126,31,9.672993e-02,39.00000,35.00000,7612
126,32,9.123304e-02,42.00000,35.00000,6510
126,33,8.951043e-02,41.00000,35.00000,645
126,34,8.877742e-02,45.00000,35.00000,613
126,35,9.386171e-02,45.00000,35.00000,581
126,36,9.731555e-02,39.00000,40.00000,604
126,37,9.296597e-02,36.00000,36.00000,656
126,38,9.640994e-02,37.00000,36.00000,752
126,39,9.310728e-02,49.00000,30.00000,660
126,40,9.701484e-02,55.00000,30.00000,661
126,41,9.211579e-02,52.00000,30.00000,694
126,42,9.699419e-02,49.00000,30.00000,8678
126,43,9.316135e-02,42.00000,35.00000,654
126,44,9.339742e-02,49.00000,30.00000,679
126,45,9.211889e-02,39.00000,36.00000,655
126,46,9.217423e-02,49.00000,30.00000,683
126,47,9.030672e-02,57.00000,30.00000,669
126,48,9.206716e-02,42.00000,35.00000,678
126,49,9.008418e-02,49.00000,30.00000,675
126,50,9.477221e-02,39.00000,40.00000,595
126,51,9.518472e-02,46.00000,35.00000,625
126,52,9.248579e-02,42.00000,36.00000,11173
126,53,9.070508e-02,49.00000,30.00000,653
126,54,9.160966e-02,42.00000,35.00000,631
126,55,9.454831e-02,49.00000,30.00000,586
126,56,9.515925e-02,36.00000,36.00000,600
126,57,9.122191e-02,49.00000,30.00000,620
126,58,9.352072e-02,45.00000,36.00000,589
126,59,8.892521e-02,39.00000,36.00000,641
126,60,9.603830e-02,47.00000,35.00000,755
126,61,9.096228e-02,54.00000,30.00000,603
126,62,9.190306e-02,25.00000,36.00000,2091
126,63,9.226948e-02,38.00000,35.00000,633
126,64,8.807876e-02,56.00000,30.00000,615
126,65,9.131412e-02,45.00000,35.00000,615
126,66,9.067816e-02,54.00000,30.00000,614
126,67,8.760607e-02,54.00000,30.00000,625
126,68,9.595694e-02,32.00000,36.00000,562
126,69,8.907683e-02,56.00000,30.00000,616
126,70,9.003612e-02,55.00000,30.00000,617
126,71,8.769981e-02,58.00000,30.00000,622
127,0,9.072913e-02,48.00000,35.00000,9518
127,1,8.935206e-02,51.00000,30.00000,617
127,2,8.788389e-02,52.00000,30.00000,755
127,3,9.207942e-02,55.00000,30.00000,701
127,4,8.912589e-02,49.00000,30.00000,695
127,5,9.033244e-02,55.00000,30.00000,640
127,6,8.839349e-02,54.00000,30.00000,728
127,7,9.212051e-02,31.00000,36.00000,647
127,8,8.820149e-02,46.00000,35.00000,635
127,9,8.971898e-02,38.00000,36.00000,709
127,10,8.983187e-02,42.00000,35.00000,11990
127,11,8.949955e-02,49.00000,30.00000,671
127,12,8.998462e-02,49.00000,30.00000,608
127,13,8.874953e-02,49.00000,30.00000,605
127,14,8.831683e-02,43.00000,35.00000,715
127,15,8.947220e-02,52.00000,30.00000,637
127,16,8.777662e-02,49.00000,30.00000,690
127,17,8.930307e-02,52.00000,30.00000,726
127,18,9.015298e-02,49.00000,35.00000,718
127,19,8.678985e-02,56.00000,30.00000,723
127,20,8.671872e-02,54.00000,30.00000,11494
127,21,8.749669e-02,52.00000,30.00000,611
127,22,9.195405e-02,36.00000,36.00000,668
127,23,9.009234e-02,48.00000,35.00000,639
127,24,8.720562e-02,59.00000,30.00000,714
127,25,9.033728e-02,52.00000,30.00000,659
127,26,8.997636e-02,45.00000,35.00000,662
127,27,8.824316e-02,49.00000,30.00000,666
127,28,8.523007e-02,54.00000,30.00000,791
127,29,8.919680e-02,55.00000,30.00000,705
127,30,8.994410e-02,35.00000,36.00000,9972
127,31,8.738764e-02,49.00000,30.00000,663
127,32,8.927652e-02,48.00000,35.00000,698
127,33,9.129936e-02,54.00000,30.00000,670
127,34,9.207560e-02,43.00000,36.00000,672
127,35,9.065501e-02,53.00000,30.00000,721
127,36,9.223981e-02,52.00000,30.00000,728
127,37,9.273782e-02,39.00000,36.00000,641
127,38,8.915934e-02,50.00000,35.00000,686
127,39,8.835787e-02,55.00000,30.00000,710
127,40,8.903424e-02,46.00000,35.00000,11602
127,41,9.298612e-02,36.00000,36.00000,630
127,42,9.117299e-02,49.00000,30.00000,701
127,43,9.061613e-02,44.00000,35.00000,625
127,44,8.896776e-02,49.00000,30.00000,703
127,45,8.621591e-02,55.00000,30.00000,711
127,46,8.864841e-02,50.00000,30.00000,640
127,47,8.803934e-02,49.00000,30.00000,725
127,48,8.846089e-02,54.00000,30.00000,693
127,49,9.582846e-02,31.00000,36.00000,660
127,50,9.570821e-02,43.00000,36.00000,9600
127,51,9.372160e-02,40.00000,35.00000,628
127,52,9.003975e-02,54.00000,30.00000,681
127,53,9.180226e-02,45.00000,35.00000,614
127,54,9.537360e-02,31.00000,36.00000,588
127,55,9.100906e-02,49.00000,30.00000,647
127,56,8.966170e-02,51.00000,35.00000,614
127,57,9.289739e-02,43.00000,35.00000,588
127,58,9.145100e-02,42.00000,35.00000,606
127,59,8.762100e-02,49.00000,35.00000,615
127,60,8.943275e-02,40.00000,36.00000,2533
127,61,9.043600e-02,42.00000,36.00000,619
127,62,9.164196e-02,32.00000,40.00000,614
127,63,9.079109e-02,54.00000,30.00000,617
127,64,8.931287e-02,49.00000,30.00000,586
127,65,9.087219e-02,41.00000,35.00000,612
127,66,9.266870e-02,45.00000,35.00000,605
127,67,8.827746e-02,55.00000,30.00000,620
127,68,9.243942e-02,56.00000,30.00000,610
127,69,8.944928e-02,58.00000,30.00000,620
127,70,8.884826e-02,49.00000,30.00000,601
127,71,8.817366e-02,49.00000,30.00000,625
128,0,8.545904e-02,58.00000,30.00000,1162
128,1,9.107527e-02,42.00000,36.00000,590
128,2,9.041252e-02,57.00000,30.00000,699
128,3,9.134968e-02,36.00000,36.00000,621
128,4,9.276620e-02,46.00000,35.00000,658
128,5,8.705457e-02,57.00000,30.00000,726
128,6,9.032824e-02,54.00000,30.00000,778
128,7,9.272756e-02,43.00000,36.00000,714
128,8,9.055269e-02,42.00000,35.00000,686
128,9,9.506093e-02,42.00000,35.00000,570
128,10,8.997084e-02,46.00000,35.00000,693
128,11,9.341404e-02,52.00000,30.00000,638
128,12,9.017130e-02,43.00000,36.00000,715
128,13,9.045158e-02,39.00000,36.00000,637
128,14,1.004617e-01,31.00000,36.00000,610
128,15,9.387304e-02,49.00000,30.00000,590
128,16,8.972479e-02,43.00000,35.00000,729
128,17,9.258070e-02,37.00000,36.00000,709
128,18,9.303875e-02,55.00000,30.00000,688
128,19,9.385178e-02,39.00000,36.00000,693
128,20,9.058532e-02,49.00000,30.00000,714
128,21,9.020069e-02,47.00000,35.00000,693
128,22,8.886455e-02,52.00000,30.00000,631
128,23,8.740930e-02,53.00000,30.00000,665
128,24,8.783927e-02,54.00000,30.00000,687
128,25,8.707438e-02,48.00000,35.00000,660
128,26,8.996081e-02,53.00000,30.00000,656
128,27,8.858055e-02,43.00000,36.00000,658
128,28,8.748809e-02,53.00000,30.00000,632
128,29,8.750437e-02,54.00000,30.00000,747
128,30,9.075452e-02,40.00000,36.00000,1371
128,31,9.177845e-02,50.00000,35.00000,697
128,32,8.766208e-02,49.00000,30.00000,743
128,33,8.678603e-02,57.00000,30.00000,635
128,34,8.909059e-02,48.00000,35.00000,665
128,35,9.042849e-02,53.00000,30.00000,708
128,36,8.953947e-02,48.00000,35.00000,634
128,37,9.359722e-02,43.00000,35.00000,667
128,38,9.141283e-02,35.00000,36.00000,727
128,39,8.800136e-02,51.00000,30.00000,754
128,40,8.996687e-02,46.00000,35.00000,676
128,41,9.105005e-02,44.00000,35.00000,706
128,42,8.833747e-02,57.00000,30.00000,704
128,43,9.097530e-02,48.00000,35.00000,653
128,44,9.164152e-02,37.00000,40.00000,691
128,45,9.185366e-02,42.00000,35.00000,642
128,46,9.451240e-02,37.00000,40.00000,707
128,47,9.392948e-02,53.00000,30.00000,695
128,48,9.202378e-02,44.00000,35.00000,643
128,49,9.104282e-02,45.00000,36.00000,713
128,50,9.034965e-02,44.00000,35.00000,661
128,51,8.846404e-02,46.00000,35.00000,678
128,52,9.407669e-02,41.00000,36.00000,687
128,53,9.020551e-02,36.00000,36.00000,592
128,54,9.481331e-02,31.00000,36.00000,682
128,55,9.224258e-02,49.00000,30.00000,642
128,56,9.285553e-02,42.00000,36.00000,605
128,57,9.083974e-02,52.00000,30.00000,601
128,58,9.266843e-02,42.00000,35.00000,569
128,59,9.059701e-02,53.00000,30.00000,607
128,60,8.786049e-02,49.00000,30.00000,649
128,61,9.162755e-02,49.00000,30.00000,586
128,62,9.016417e-02,50.00000,30.00000,606
128,63,8.796266e-02,54.00000,30.00000,611
128,64,8.714763e-02,48.00000,35.00000,605
128,65,8.839075e-02,48.00000,35.00000,614
128,66,8.812225e-02,43.00000,35.00000,608
128,67,9.062630e-02,40.00000,36.00000,598
128,68,8.999319e-02,46.00000,35.00000,609
128,69,9.390531e-02,54.00000,30.00000,603
128,70,9.336679e-02,49.00000,30.00000,589
128,71,9.414028e-02,40.00000,36.00000,567
129,0,9.206036e-02,40.00000,35.00000,10653
129,1,8.760964e-02,58.00000,30.00000,717
129,2,9.280105e-02,38.00000,36.00000,639
129,3,9.064302e-02,39.00000,40.00000,643
129,4,9.570799e-02,45.00000,35.00000,601
129,5,9.077223e-02,49.00000,30.00000,662
129,6,9.272312e-02,41.00000,36.00000,624
129,7,9.131682e-02,49.00000,30.00000,597
129,8,9.325393e-02,43.00000,40.00000,647
129,9,9.022079e-02,43.00000,35.00000,703
129,10,9.230565e-02,54.00000,30.00000,7503
129,11,9.392206e-02,41.00000,36.00000,590
129,12,8.717535e-02,49.00000,30.00000,633
129,13,8.915113e-02,35.00000,36.00000,639
129,14,9.195203e-02,53.00000,30.00000,626
129,15,8.836411e-02,49.00000,30.00000,636
129,16,8.774041e-02,53.00000,30.00000,641
129,17,9.015293e-02,53.00000,30.00000,700
129,18,8.795656e-02,36.00000,36.00000,697
129,19,8.996551e-02,57.00000,30.00000,663
129,20,9.140997e-02,49.00000,30.00000,8431
129,21,9.002824e-02,39.00000,35.00000,613
129,22,9.303872e-02,45.00000,36.00000,614
129,23,9.107735e-02,46.00000,35.00000,671
129,24,9.204002e-02,35.00000,40.00000,611
129,25,8.970593e-02,42.00000,35.00000,618
129,26,9.249585e-02,49.00000,30.00000,709
129,27,9.271687e-02,52.00000,30.00000,696
129,28,8.971779e-02,48.00000,35.00000,644
129,29,9.302477e-02,43.00000,35.00000,690
129,30,8.981440e-02,45.00000,35.00000,10900
129,31,9.058129e-02,44.00000,35.00000,618
129,32,8.866560e-02,56.00000,30.00000,660
129,33,9.148861e-02,55.00000,30.00000,615
129,34,8.769751e-02,58.00000,30.00000,625
129,35,8.971369e-02,41.00000,35.00000,660
129,36,9.356416e-02,46.00000,35.00000,642
129,37,8.913683e-02,44.00000,35.00000,663
129,38,9.309586e-02,38.00000,35.00000,748
129,39,9.017467e-02,49.00000,30.00000,604
129,40,9.212989e-02,43.00000,35.00000,9268
129,41,9.043001e-02,35.00000,36.00000,685
129,42,9.117105e-02,53.00000,30.00000,663
129,43,9.116320e-02,45.00000,35.00000,650
129,44,9.083612e-02,38.00000,40.00000,692
129,45,8.796635e-02,43.00000,35.00000,761
129,46,9.120268e-02,44.00000,35.00000,600
129,47,8.816721e-02,49.00000,30.00000,671
129,48,9.331290e-02,51.00000,30.00000,678
129,49,8.718312e-02,48.00000,35.00000,729
129,50,8.786447e-02,53.00000,30.00000,10935
129,51,8.651314e-02,50.00000,35.00000,676
129,52,9.155923e-02,35.00000,36.00000,635
129,53,9.288014e-02,37.00000,35.00000,668
129,54,9.050836e-02,46.00000,35.00000,588
129,55,9.283883e-02,53.00000,30.00000,606
129,56,8.910114e-02,51.00000,30.00000,609
129,57,8.989282e-02,49.00000,30.00000,605
129,58,8.963640e-02,60.00000,30.00000,634
129,59,9.321946e-02,34.00000,36.00000,582
129,60,9.092009e-02,40.00000,35.00000,598
129,61,8.901399e-02,49.00000,30.00000,592
129,62,9.281984e-02,51.00000,30.00000,595
129,63,8.995637e-02,46.00000,36.00000,599
129,64,9.024753e-02,47.00000,35.00000,586
129,65,9.298114e-02,44.00000,35.00000,582
129,66,8.882727e-02,46.00000,35.00000,633
129,67,9.208869e-02,45.00000,35.00000,590
129,68,8.881713e-02,55.00000,30.00000,616
129,69,9.310386e-02,30.00000,36.00000,584
129,70,9.273681e-02,49.00000,30.00000,590
129,71,9.170785e-02,46.00000,35.00000,604
130,0,9.210552e-02,40.00000,35.00000,2280
130,1,9.387992e-02,35.00000,36.00000,2679
130,2,9.227006e-02,53.00000,30.00000,655
130,3,9.062078e-02,52.00000,30.00000,686
130,4,8.995847e-02,49.00000,30.00000,703
130,5,9.127429e-02,46.00000,35.00000,649
130,6,9.272046e-02,47.00000,35.00000,656
130,7,8.874346e-02,45.00000,35.00000,692
130,8,9.185824e-02,30.00000,36.00000,607
130,9,9.148972e-02,46.00000,35.00000,692
130,10,8.686695e-02,59.00000,30.00000,1328
130,11,9.087823e-02,47.00000,35.00000,656
130,12,8.812726e-02,45.00000,35.00000,683
130,13,8.870260e-02,55.00000,30.00000,679
130,14,8.725329e-02,55.00000,30.00000,706
130,15,8.879289e-02,52.00000,30.00000,644
130,16,9.090172e-02,53.00000,30.00000,699
130,17,8.802229e-02,54.00000,30.00000,751
130,18,8.621449e-02,58.00000,30.00000,684
130,19,8.912588e-02,48.00000,35.00000,699
130,20,8.791196e-02,59.00000,30.00000,1569
130,21,8.936553e-02,47.00000,35.00000,656
130,22,9.160395e-02,48.00000,35.00000,595
130,23,9.335089e-02,40.00000,36.00000,705
130,24,9.701808e-02,42.00000,35.00000,594
130,25,9.243257e-02,45.00000,35.00000,620
130,26,9.057802e-02,47.00000,35.00000,673
130,27,8.930908e-02,49.00000,35.00000,653
130,28,9.152087e-02,42.00000,35.00000,658
130,29,9.781709e-02,25.00000,36.00000,738
130,30,8.619633e-02,52.00000,30.00000,1593
130,31,8.951187e-02,53.00000,30.00000,645
130,32,9.327126e-02,38.00000,36.00000,608
130,33,9.445006e-02,45.00000,36.00000,583
130,34,9.021459e-02,49.00000,30.00000,669
130,35,9.127580e-02,32.00000,40.00000,662
130,36,8.979158e-02,45.00000,36.00000,680
130,37,9.229907e-02,53.00000,30.00000,664
130,38,9.258956e-02,55.00000,30.00000,742
130,39,9.037560e-02,49.00000,30.00000,682
130,40,9.339706e-02,43.00000,35.00000,700
130,41,8.874172e-02,58.00000,30.00000,661
130,42,9.109347e-02,54.00000,30.00000,672
130,43,9.061022e-02,41.00000,36.00000,660
130,44,9.184099e-02,37.00000,35.00000,606
130,45,9.252533e-02,37.00000,36.00000,673
130,46,9.268722e-02,37.00000,36.00000,666
130,47,9.521640e-02,46.00000,36.00000,661
130,48,9.315902e-02,49.00000,30.00000,643
130,49,9.294660e-02,52.00000,30.00000,726
130,50,8.892384e-02,49.00000,30.00000,674
130,51,8.954212e-02,41.00000,36.00000,618
130,52,9.049370e-02,54.00000,30.00000,603
130,53,9.788544e-02,41.00000,36.00000,654
130,54,9.319104e-02,57.00000,30.00000,646
130,55,8.822255e-02,52.00000,30.00000,677
130,56,8.943604e-02,47.00000,35.00000,590
130,57,8.917751e-02,49.00000,30.00000,667
130,58,9.237626e-02,39.00000,40.00000,610
130,59,9.114535e-02,49.00000,30.00000,598
130,60,8.890750e-02,48.00000,35.00000,596
130,61,8.936667e-02,53.00000,30.00000,606
130,62,8.990128e-02,40.00000,35.00000,584
130,63,9.328359e-02,46.00000,35.00000,590
130,64,9.062938e-02,49.00000,30.00000,587
130,65,9.108550e-02,36.00000,36.00000,597
130,66,9.404935e-02,42.00000,35.00000,570
130,67,9.302808e-02,36.00000,36.00000,566
130,68,9.209406e-02,45.00000,35.00000,594
130,69,9.170193e-02,42.00000,35.00000,587
130,70,9.057824e-02,45.00000,35.00000,604
130,71,9.513246e-02,45.00000,35.00000,578
131,0,9.718813e-02,46.00000,35.00000,5885
131,1,9.154786e-02,57.00000,30.00000,706
131,2,9.331931e-02,41.00000,36.00000,622
131,3,8.764549e-02,57.00000,30.00000,674
131,4,9.475976e-02,55.00000,30.00000,730
131,5,9.527151e-02,40.00000,36.00000,727
131,6,9.650131e-02,35.00000,36.00000,639
131,7,8.836748e-02,46.00000,36.00000,731
131,8,9.053666e-02,35.00000,36.00000,663
131,9,9.259921e-02,38.00000,40.00000,635
131,10,8.868825e-02,45.00000,35.00000,1210
131,11,9.274720e-02,37.00000,36.00000,670
131,12,9.014517e-02,52.00000,30.00000,649
131,13,9.189133e-02,49.00000,35.00000,4545
131,14,9.530579e-02,41.00000,35.00000,626
131,15,9.771362e-02,30.00000,36.00000,597
131,16,9.095234e-02,46.00000,35.00000,649
131,17,8.939747e-02,50.00000,30.00000,634
131,18,8.907458e-02,47.00000,35.00000,721
131,19,9.127670e-02,45.00000,35.00000,678
131,20,8.750793e-02,57.00000,30.00000,662
131,21,9.009646e-02,49.00000,30.00000,662
131,22,9.011338e-02,43.00000,35.00000,680
131,23,9.126793e-02,55.00000,30.00000,4940
131,24,8.924787e-02,49.00000,30.00000,673
131,25,8.981322e-02,43.00000,35.00000,659
131,26,8.888394e-02,49.00000,30.00000,730
131,27,9.107685e-02,49.00000,30.00000,626
131,28,8.707812e-02,55.00000,30.00000,695
131,29,8.887882e-02,43.00000,36.00000,656
131,30,8.985510e-02,54.00000,30.00000,615
131,31,8.988975e-02,42.00000,35.00000,727
131,32,9.121413e-02,53.00000,30.00000,695
131,33,8.741672e-02,49.00000,30.00000,3688
131,34,9.095854e-02,43.00000,35.00000,629
131,35,9.238581e-02,43.00000,35.00000,1997
131,36,8.959088e-02,41.00000,36.00000,626
131,37,9.474817e-02,49.00000,30.00000,644
131,38,9.535694e-02,39.00000,35.00000,558
131,39,9.365156e-02,37.00000,36.00000,670
131,40,9.112459e-02,44.00000,35.00000,649
131,41,9.602425e-02,45.00000,35.00000,637
131,42,8.987473e-02,46.00000,35.00000,705
131,43,9.266334e-02,30.00000,36.00000,4369
131,44,9.601602e-02,55.00000,30.00000,661
131,45,9.552997e-02,25.00000,36.00000,3113
131,46,9.314572e-02,35.00000,36.00000,607
131,47,9.055603e-02,43.00000,35.00000,682
131,48,9.069368e-02,58.00000,30.00000,741
131,49,8.886336e-02,54.00000,30.00000,706
131,50,9.243239e-02,38.00000,36.00000,658
131,51,9.133027e-02,55.00000,30.00000,675
131,52,9.025231e-02,49.00000,30.00000,680
131,53,9.137896e-02,37.00000,35.00000,4494
131,54,9.492610e-02,42.00000,35.00000,570
131,55,9.085562e-02,31.00000,36.00000,2101
131,56,9.049909e-02,49.00000,30.00000,604
131,57,9.230207e-02,30.00000,36.00000,633
131,58,8.988191e-02,42.00000,35.00000,598
131,59,8.873755e-02,43.00000,35.00000,627
131,60,9.090630e-02,47.00000,35.00000,584
131,61,8.836450e-02,54.00000,30.00000,618
131,62,8.953494e-02,42.00000,35.00000,630
131,63,8.952452e-02,54.00000,30.00000,606
131,64,9.398330e-02,59.00000,30.00000,637
131,65,9.272809e-02,49.00000,30.00000,587
131,66,8.687446e-02,55.00000,30.00000,618
131,67,8.933292e-02,43.00000,35.00000,603
131,68,8.831042e-02,52.00000,30.00000,605
131,69,9.043081e-02,53.00000,30.00000,607
131,70,8.915377e-02,49.00000,30.00000,598
131,71,9.026726e-02,46.00000,35.00000,593
132,0,9.174055e-02,48.00000,35.00000,11725
132,1,8.941733e-02,58.00000,30.00000,729
132,2,9.534664e-02,30.00000,36.00000,619
132,3,9.316998e-02,39.00000,40.00000,667
132,4,9.039307e-02,43.00000,35.00000,656
132,5,9.152994e-02,55.00000,30.00000,748
132,6,8.974984e-02,41.00000,35.00000,793
132,7,9.658135e-02,25.00000,36.00000,566
132,8,9.282154e-02,41.00000,35.00000,656
132,9,9.271670e-02,41.00000,36.00000,643
132,10,8.734386e-02,47.00000,35.00000,7248
132,11,8.935399e-02,54.00000,30.00000,789
132,12,9.251085e-02,44.00000,35.00000,669
132,13,8.955953e-02,54.00000,30.00000,702
132,14,9.400181e-02,38.00000,35.00000,657
132,15,9.137391e-02,53.00000,30.00000,980
132,16,8.824971e-02,50.00000,30.00000,707
132,17,8.830006e-02,53.00000,30.00000,694
132,18,9.061879e-02,42.00000,35.00000,713
132,19,9.444796e-02,31.00000,36.00000,641
132,20,9.432840e-02,43.00000,35.00000,5779
132,21,8.724838e-02,49.00000,30.00000,2246
132,22,9.340078e-02,39.00000,36.00000,3944
132,23,8.927365e-02,45.00000,35.00000,693
132,24,8.990866e-02,55.00000,30.00000,711
132,25,9.109429e-02,49.00000,30.00000,1248
132,26,9.077914e-02,41.00000,36.00000,640
132,27,8.634011e-02,54.00000,30.00000,672
132,28,8.960011e-02,49.00000,30.00000,689
132,29,8.878890e-02,42.00000,36.00000,753
132,30,9.406958e-02,36.00000,35.00000,2163
132,31,9.241431e-02,44.00000,35.00000,3120
132,32,9.552479e-02,46.00000,35.00000,4749
132,33,9.033351e-02,49.00000,35.00000,626
132,34,8.956265e-02,57.00000,30.00000,626
132,35,9.039330e-02,44.00000,35.00000,2280
132,36,8.802014e-02,43.00000,36.00000,742
132,37,8.953428e-02,37.00000,36.00000,611
132,38,9.227250e-02,48.00000,35.00000,732
132,39,9.535058e-02,38.00000,35.00000,674
132,40,9.283469e-02,41.00000,36.00000,645
132,41,9.737117e-02,25.00000,36.00000,677
132,42,9.024664e-02,56.00000,30.00000,5250
132,43,9.306508e-02,57.00000,30.00000,702
132,44,8.974423e-02,52.00000,30.00000,1348
132,45,8.939496e-02,45.00000,35.00000,1323
132,46,9.230429e-02,53.00000,30.00000,700
132,47,8.975494e-02,49.00000,30.00000,622
132,48,9.224422e-02,35.00000,36.00000,642
132,49,9.071209e-02,50.00000,35.00000,690
132,50,9.125566e-02,41.00000,36.00000,722
132,51,9.097103e-02,58.00000,30.00000,670
132,52,9.453911e-02,30.00000,36.00000,2798
132,53,9.491134e-02,45.00000,35.00000,634
132,54,9.298428e-02,42.00000,35.00000,604
132,55,9.274741e-02,47.00000,35.00000,1909
132,56,9.731083e-02,36.00000,36.00000,578
132,57,9.413794e-02,42.00000,36.00000,564
132,58,8.693684e-02,47.00000,35.00000,670
132,59,9.460008e-02,41.00000,36.00000,600
132,60,9.453838e-02,48.00000,35.00000,605
132,61,9.466945e-02,45.00000,36.00000,591
132,62,9.328387e-02,55.00000,30.00000,616
132,63,9.665725e-02,40.00000,40.00000,573
132,64,9.661596e-02,30.00000,36.00000,554
132,65,9.282720e-02,48.00000,35.00000,600
132,66,9.366609e-02,37.00000,35.00000,619
132,67,9.341168e-02,42.00000,36.00000,586
132,68,9.259822e-02,42.00000,35.00000,585
132,69,9.200172e-02,42.00000,36.00000,616
132,70,9.199045e-02,58.00000,30.00000,620
132,71,9.017722e-02,54.00000,30.00000,606
133,0,9.462532e-02,54.00000,30.00000,10313
133,1,9.298927e-02,44.00000,35.00000,602
133,2,9.011737e-02,58.00000,30.00000,668
133,3,9.343949e-02,35.00000,36.00000,686
133,4,9.354480e-02,31.00000,36.00000,599
133,5,9.410055e-02,47.00000,35.00000,722
133,6,9.430089e-02,42.00000,35.00000,651
133,7,9.555244e-02,37.00000,36.00000,695
133,8,9.338151e-02,35.00000,36.00000,659
133,9,9.266795e-02,43.00000,35.00000,664
133,10,9.220336e-02,54.00000,30.00000,6671
133,11,9.292909e-02,35.00000,36.00000,690
133,12,9.417953e-02,44.00000,35.00000,648
133,13,8.942404e-02,49.00000,30.00000,4251
133,14,8.975019e-02,57.00000,30.00000,724
133,15,8.991975e-02,50.00000,30.00000,668
133,16,9.387552e-02,30.00000,36.00000,711
133,17,8.805186e-02,54.00000,30.00000,660
133,18,9.004045e-02,49.00000,30.00000,630
133,19,9.356766e-02,34.00000,36.00000,724
133,20,8.968601e-02,47.00000,35.00000,1935
133,21,9.427796e-02,36.00000,36.00000,745
133,22,9.303152e-02,37.00000,35.00000,697
133,23,9.519303e-02,49.00000,30.00000,7218
133,24,9.328972e-02,55.00000,30.00000,692
133,25,9.277954e-02,44.00000,35.00000,690
133,26,9.336901e-02,38.00000,35.00000,717
133,27,9.468214e-02,41.00000,36.00000,612
133,28,9.495501e-02,31.00000,36.00000,643
133,29,9.578721e-02,37.00000,35.00000,608
133,30,9.283085e-02,40.00000,35.00000,732
133,31,9.035450e-02,56.00000,30.00000,676
133,32,9.259425e-02,53.00000,30.00000,672
133,33,9.033635e-02,52.00000,30.00000,5136
133,34,8.906121e-02,45.00000,35.00000,605
133,35,9.634307e-02,42.00000,35.00000,699
133,36,9.256878e-02,37.00000,35.00000,591
133,37,8.992422e-02,48.00000,35.00000,638
133,38,9.458899e-02,41.00000,36.00000,626
133,39,9.056799e-02,54.00000,30.00000,645
133,40,9.144154e-02,44.00000,35.00000,693
133,41,9.648433e-02,36.00000,36.00000,655
133,42,9.334265e-02,37.00000,35.00000,639
133,43,8.990239e-02,45.00000,35.00000,3907
133,44,9.495476e-02,40.00000,36.00000,689
133,45,8.787476e-02,58.00000,30.00000,717
133,46,9.594641e-02,40.00000,36.00000,609
133,47,9.397265e-02,52.00000,30.00000,700
133,48,9.483956e-02,31.00000,36.00000,712
133,49,8.675152e-02,55.00000,30.00000,645
133,50,9.342322e-02,51.00000,30.00000,684
133,51,9.450510e-02,33.00000,40.00000,610
133,52,9.240702e-02,38.00000,35.00000,622
133,53,8.958381e-02,55.00000,30.00000,3032
133,54,9.114128e-02,54.00000,30.00000,603
133,55,9.055474e-02,54.00000,30.00000,636
133,56,9.200867e-02,38.00000,40.00000,648
133,57,8.918596e-02,49.00000,30.00000,665
133,58,8.884598e-02,49.00000,30.00000,618
133,59,9.113794e-02,54.00000,30.00000,604
133,60,8.683215e-02,56.00000,30.00000,614
133,61,8.990517e-02,59.00000,30.00000,637
133,62,9.032217e-02,44.00000,35.00000,597
133,63,8.930767e-02,53.00000,30.00000,615
133,64,9.006099e-02,53.00000,30.00000,607
133,65,8.733942e-02,49.00000,30.00000,617
133,66,8.734552e-02,54.00000,30.00000,621
133,67,8.884730e-02,50.00000,35.00000,609
133,68,9.264282e-02,30.00000,36.00000,613
133,69,8.864935e-02,53.00000,30.00000,606
133,70,8.916949e-02,49.00000,30.00000,605
133,71,8.807727e-02,54.00000,30.00000,613
134,0,9.409960e-02,53.00000,30.00000,8906
134,1,9.334135e-02,56.00000,30.00000,682
134,2,9.339091e-02,31.00000,36.00000,686
134,3,9.137828e-02,46.00000,35.00000,618
134,4,9.561843e-02,31.00000,36.00000,751
134,5,9.278789e-02,39.00000,36.00000,679
134,6,9.458675e-02,53.00000,30.00000,656
134,7,8.989365e-02,48.00000,35.00000,607
134,8,9.154233e-02,49.00000,35.00000,756
134,9,9.320819e-02,37.00000,35.00000,595
134,10,9.297831e-02,40.00000,36.00000,3333
134,11,9.277715e-02,39.00000,36.00000,631
134,12,9.250787e-02,48.00000,35.00000,614
134,13,9.572943e-02,45.00000,35.00000,642
134,14,9.255333e-02,49.00000,30.00000,747
134,15,9.238005e-02,49.00000,30.00000,611
134,16,8.979553e-02,53.00000,30.00000,656
134,17,9.127243e-02,44.00000,35.00000,680
134,18,9.179852e-02,43.00000,35.00000,710
134,19,9.322210e-02,35.00000,36.00000,600
134,20,9.452654e-02,31.00000,36.00000,11066
134,21,9.546870e-02,45.00000,35.00000,604
134,22,9.311391e-02,36.00000,36.00000,647
134,23,9.491779e-02,38.00000,36.00000,645
134,24,9.443145e-02,31.00000,36.00000,663
134,25,9.634396e-02,37.00000,35.00000,658
134,26,9.206255e-02,44.00000,35.00000,632
134,27,9.238312e-02,41.00000,35.00000,627
134,28,9.427196e-02,52.00000,30.00000,723
134,29,9.160371e-02,54.00000,30.00000,733
134,30,9.060185e-02,40.00000,35.00000,12568
134,31,9.139204e-02,55.00000,30.00000,633
134,32,9.618824e-02,30.00000,36.00000,592
134,33,9.040751e-02,47.00000,36.00000,671
134,34,9.479412e-02,35.00000,36.00000,587
134,35,9.495174e-02,43.00000,35.00000,748
134,36,9.285837e-02,39.00000,40.00000,617
134,37,9.105353e-02,53.00000,30.00000,700
134,38,9.152317e-02,49.00000,30.00000,629
134,39,9.336453e-02,49.00000,30.00000,670
134,40,9.082840e-02,47.00000,35.00000,12397
134,41,9.285216e-02,49.00000,30.00000,609
134,42,9.160160e-02,51.00000,35.00000,634
134,43,9.153848e-02,45.00000,35.00000,628
134,44,8.959639e-02,49.00000,30.00000,754
134,45,9.218965e-02,37.00000,36.00000,621
134,46,8.829289e-02,57.00000,30.00000,666
134,47,8.904938e-02,49.00000,35.00000,683
134,48,9.095456e-02,46.00000,35.00000,653
134,49,9.063195e-02,55.00000,30.00000,688
134,50,9.419210e-02,48.00000,35.00000,8769
134,51,9.179341e-02,52.00000,30.00000,623
134,52,9.205748e-02,39.00000,36.00000,728
134,53,9.158695e-02,42.00000,36.00000,721
134,54,9.248860e-02,43.00000,35.00000,606
134,55,8.987139e-02,50.00000,35.00000,694
134,56,8.996589e-02,54.00000,30.00000,660
134,57,9.102067e-02,54.00000,30.00000,614
134,58,9.110678e-02,45.00000,35.00000,592
134,59,9.096143e-02,49.00000,30.00000,611
134,60,8.998045e-02,45.00000,35.00000,1523
134,61,9.513950e-02,47.00000,35.00000,581
134,62,9.186573e-02,53.00000,30.00000,605
134,63,9.414163e-02,42.00000,36.00000,585
134,64,9.094222e-02,54.00000,30.00000,604
134,65,9.317936e-02,46.00000,35.00000,603
134,66,9.232163e-02,37.00000,35.00000,607
134,67,9.012216e-02,47.00000,36.00000,602
134,68,9.013663e-02,49.00000,30.00000,610
134,69,9.388673e-02,54.00000,30.00000,605
134,70,9.140222e-02,49.00000,35.00000,610
134,71,8.998005e-02,48.00000,35.00000,595
135,0,9.246691e-02,42.00000,35.00000,4023
135,1,9.252613e-02,56.00000,30.00000,3222
135,2,9.046270e-02,37.00000,36.00000,607
135,3,9.200845e-02,49.00000,35.00000,643
135,4,9.071516e-02,38.00000,35.00000,613
135,5,9.244526e-02,52.00000,30.00000,687
135,6,9.045261e-02,40.00000,36.00000,656
135,7,8.856075e-02,52.00000,30.00000,695
135,8,8.903271e-02,53.00000,30.00000,735
135,9,8.944945e-02,55.00000,30.00000,718
135,10,9.026324e-02,54.00000,30.00000,2944
135,11,9.066516e-02,38.00000,36.00000,706
135,12,8.830174e-02,53.00000,30.00000,711
135,13,8.911335e-02,46.00000,35.00000,639
135,14,9.064353e-02,40.00000,36.00000,966
135,15,9.237657e-02,54.00000,30.00000,627
135,16,8.997358e-02,53.00000,30.00000,775
135,17,8.719151e-02,54.00000,30.00000,724
135,18,9.023239e-02,55.00000,30.00000,662
135,19,9.210448e-02,49.00000,30.00000,717
135,20,9.264503e-02,42.00000,35.00000,7402
135,21,9.595014e-02,30.00000,36.00000,639
135,22,9.339580e-02,41.00000,36.00000,684
135,23,9.205290e-02,52.00000,30.00000,672
135,24,9.250905e-02,59.00000,30.00000,1016
135,25,9.787622e-02,25.00000,36.00000,590
135,26,9.293599e-02,43.00000,35.00000,638
135,27,9.093853e-02,42.00000,35.00000,692
135,28,9.178846e-02,51.00000,35.00000,643
135,29,9.103077e-02,47.00000,35.00000,761
135,30,9.226896e-02,40.00000,35.00000,9266
135,31,9.193122e-02,37.00000,40.00000,651
135,32,9.250365e-02,57.00000,30.00000,682
135,33,9.332522e-02,43.00000,35.00000,650
135,34,9.175468e-02,45.00000,35.00000,4036
135,35,9.286910e-02,48.00000,35.00000,672
135,36,9.216519e-02,53.00000,30.00000,700
135,37,9.126107e-02,49.00000,30.00000,587
135,38,9.286738e-02,44.00000,40.00000,732
135,39,9.088014e-02,48.00000,35.00000,695
135,40,9.225649e-02,45.00000,35.00000,687
135,41,9.254500e-02,46.00000,35.00000,647
135,42,9.169102e-02,46.00000,35.00000,662
135,43,9.054121e-02,42.00000,35.00000,624
135,44,8.958557e-02,54.00000,30.00000,1953
135,45,8.917850e-02,56.00000,30.00000,712
135,46,9.049515e-02,49.00000,30.00000,600
135,47,9.352678e-02,49.00000,30.00000,729
135,48,8.916986e-02,54.00000,30.00000,716
135,49,8.955519e-02,57.00000,30.00000,703
135,50,9.239358e-02,44.00000,35.00000,622
135,51,9.406608e-02,40.00000,40.00000,783
135,52,9.028538e-02,43.00000,35.00000,668
135,53,9.316819e-02,40.00000,36.00000,579
135,54,9.436012e-02,30.00000,36.00000,2469
135,55,9.021883e-02,55.00000,30.00000,616
135,56,9.449136e-02,42.00000,35.00000,607
135,57,9.280893e-02,30.00000,36.00000,635
135,58,9.549135e-02,55.00000,30.00000,617
135,59,9.577026e-02,44.00000,35.00000,582
135,60,9.579226e-02,43.00000,40.00000,604
135,61,9.509843e-02,37.00000,40.00000,580
135,62,9.484710e-02,48.00000,35.00000,593
135,63,9.056325e-02,54.00000,30.00000,604
135,64,9.484380e-02,31.00000,36.00000,566
135,65,9.135316e-02,49.00000,30.00000,600
135,66,9.444986e-02,30.00000,36.00000,627
135,67,9.050152e-02,57.00000,30.00000,627
135,68,9.243586e-02,41.00000,36.00000,585
135,69,9.070773e-02,42.00000,35.00000,592
135,70,9.448553e-02,52.00000,30.00000,594
135,71,9.134963e-02,44.00000,35.00000,597
136,0,9.302995e-02,35.00000,36.00000,6519
136,1,9.322159e-02,48.00000,35.00000,1209
136,2,9.144025e-02,46.00000,35.00000,682
136,3,9.152181e-02,49.00000,30.00000,688
136,4,9.256647e-02,45.00000,35.00000,677
136,5,8.966039e-02,57.00000,30.00000,671
136,6,9.785994e-02,41.00000,35.00000,587
136,7,9.132157e-02,47.00000,35.00000,760
136,8,9.081045e-02,47.00000,35.00000,661
136,9,9.243655e-02,44.00000,35.00000,732
136,10,9.378852e-02,38.00000,36.00000,655
136,11,9.151897e-02,49.00000,30.00000,624
136,12,9.056021e-02,48.00000,35.00000,700
136,13,9.260865e-02,44.00000,35.00000,622
136,14,9.460345e-02,43.00000,35.00000,643
136,15,9.725516e-02,36.00000,40.00000,622
136,16,9.405175e-02,54.00000,30.00000,6523
136,17,9.371191e-02,40.00000,40.00000,1133
136,18,9.435162e-02,44.00000,35.00000,665
136,19,9.281339e-02,40.00000,35.00000,746
136,20,9.419121e-02,53.00000,30.00000,743
136,21,9.135050e-02,57.00000,30.00000,680
136,22,9.069657e-02,54.00000,30.00000,704
136,23,9.436638e-02,35.00000,36.00000,657
136,24,9.085044e-02,45.00000,35.00000,671
136,25,9.221483e-02,45.00000,35.00000,689
136,26,9.132430e-02,43.00000,36.00000,7559
136,27,9.303407e-02,43.00000,35.00000,670
136,28,9.090003e-02,55.00000,30.00000,694
136,29,8.819489e-02,44.00000,35.00000,704
136,30,9.397758e-02,40.00000,36.00000,3683
136,31,9.211241e-02,54.00000,30.00000,875
136,32,9.120386e-02,44.00000,35.00000,618
136,33,9.127052e-02,52.00000,30.00000,637
136,34,9.070291e-02,49.00000,30.00000,725
136,35,9.382004e-02,49.00000,30.00000,1472
136,36,9.126842e-02,33.00000,40.00000,6071
136,37,9.467413e-02,48.00000,35.00000,2053
136,38,9.230142e-02,53.00000,30.00000,617
136,39,8.869393e-02,46.00000,35.00000,700
136,40,9.346302e-02,37.00000,36.00000,2486
136,41,9.632716e-02,30.00000,36.00000,2539
136,42,9.027970e-02,42.00000,36.00000,658
136,43,9.533313e-02,38.00000,35.00000,616
136,44,8.989350e-02,57.00000,30.00000,733
136,45,9.039425e-02,53.00000,30.00000,3241
136,46,8.686467e-02,53.00000,30.00000,4397
136,47,9.722194e-02,37.00000,36.00000,1626
136,48,9.317949e-02,57.00000,30.00000,628
136,49,9.318845e-02,48.00000,35.00000,711
136,50,9.647375e-02,54.00000,30.00000,1245
136,51,9.127031e-02,59.00000,30.00000,3934
136,52,9.517967e-02,35.00000,36.00000,633
136,53,9.599088e-02,41.00000,36.00000,628
136,54,9.156591e-02,37.00000,35.00000,616
136,55,9.731261e-02,40.00000,36.00000,3803
136,56,9.007470e-02,53.00000,30.00000,1012
136,57,9.540436e-02,36.00000,36.00000,583
136,58,9.239683e-02,49.00000,30.00000,593
136,59,9.710027e-02,25.00000,36.00000,626
136,60,9.136227e-02,47.00000,35.00000,610
136,61,9.495826e-02,48.00000,35.00000,594
136,62,9.344091e-02,41.00000,36.00000,586
136,63,9.443001e-02,47.00000,35.00000,581
136,64,9.486954e-02,38.00000,35.00000,603
136,65,9.673846e-02,30.00000,36.00000,579
136,66,9.407836e-02,43.00000,36.00000,576
136,67,9.199040e-02,43.00000,35.00000,627
136,68,9.360550e-02,49.00000,30.00000,592
136,69,8.968230e-02,49.00000,30.00000,615
136,70,9.428643e-02,49.00000,35.00000,595
136,71,8.964965e-02,54.00000,30.00000,614
137,0,9.435560e-02,45.00000,36.00000,2246
137,1,9.121233e-02,56.00000,30.00000,668
137,2,9.207330e-02,54.00000,30.00000,662
137,3,9.211192e-02,37.00000,36.00000,720
137,4,9.357195e-02,48.00000,35.00000,671
137,5,9.263112e-02,49.00000,30.00000,694
137,6,9.296920e-02,52.00000,35.00000,681
137,7,9.505997e-02,44.00000,35.00000,642
137,8,9.367124e-02,37.00000,36.00000,638
137,9,9.359826e-02,37.00000,35.00000,602
137,10,9.793039e-02,40.00000,36.00000,7809
137,11,9.217494e-02,37.00000,35.00000,684
137,12,9.155066e-02,42.00000,35.00000,697
137,13,9.173238e-02,43.00000,36.00000,687
137,14,9.669285e-02,37.00000,36.00000,667
137,15,9.418441e-02,38.00000,35.00000,611
137,16,9.697898e-02,40.00000,36.00000,624
137,17,9.388673e-02,53.00000,30.00000,632
137,18,9.119265e-02,55.00000,30.00000,781
137,19,9.024339e-02,52.00000,30.00000,637
137,20,8.941337e-02,49.00000,30.00000,9023
137,21,9.065680e-02,38.00000,35.00000,2047
137,22,9.177282e-02,49.00000,30.00000,697
137,23,9.302878e-02,49.00000,30.00000,1898
137,24,9.083055e-02,59.00000,30.00000,648
137,25,9.186976e-02,57.00000,30.00000,648
137,26,9.680729e-02,51.00000,30.00000,691
137,27,9.147704e-02,44.00000,35.00000,677
137,28,9.457188e-02,25.00000,36.00000,679
137,29,9.298304e-02,38.00000,40.00000,637
137,30,9.755483e-02,39.00000,35.00000,5397
137,31,9.269162e-02,49.00000,30.00000,3108
137,32,9.422055e-02,35.00000,36.00000,623
137,33,9.032681e-02,53.00000,30.00000,3356
137,34,9.174930e-02,53.00000,30.00000,625
137,35,8.938707e-02,53.00000,30.00000,731
137,36,9.428792e-02,49.00000,30.00000,635
137,37,9.013240e-02,45.00000,35.00000,624
137,38,9.112871e-02,42.00000,35.00000,665
137,39,8.817793e-02,57.00000,30.00000,666
137,40,9.122065e-02,35.00000,36.00000,3066
137,41,8.958751e-02,53.00000,30.00000,652
137,42,9.406818e-02,44.00000,35.00000,5022
137,43,9.309854e-02,54.00000,30.00000,4897
137,44,9.140745e-02,49.00000,30.00000,679
137,45,8.938235e-02,57.00000,30.00000,662
137,46,8.989757e-02,41.00000,35.00000,708
137,47,8.908242e-02,47.00000,35.00000,658
137,48,9.592563e-02,30.00000,36.00000,667
137,49,9.090440e-02,39.00000,35.00000,735
137,50,9.126105e-02,52.00000,30.00000,634
137,51,9.697427e-02,43.00000,35.00000,634
137,52,9.509390e-02,54.00000,30.00000,4133
137,53,9.603876e-02,30.00000,40.00000,5876
137,54,9.516382e-02,43.00000,36.00000,599
137,55,1.017760e-01,45.00000,35.00000,575
137,56,9.359299e-02,35.00000,36.00000,689
137,57,9.294486e-02,49.00000,30.00000,590
137,58,9.664018e-02,37.00000,36.00000,669
137,59,9.521686e-02,48.00000,35.00000,643
137,60,9.943333e-02,54.00000,30.00000,617
137,61,9.669913e-02,54.00000,30.00000,604
137,62,9.855334e-02,37.00000,36.00000,597
137,63,9.614000e-02,41.00000,36.00000,1583
137,64,9.980179e-02,35.00000,36.00000,561
137,65,9.654420e-02,43.00000,35.00000,585
137,66,9.371632e-02,47.00000,36.00000,615
137,67,9.832582e-02,40.00000,40.00000,575
137,68,9.289499e-02,52.00000,30.00000,596
137,69,9.549790e-02,42.00000,36.00000,605
137,70,9.811001e-02,48.00000,35.00000,594
137,71,9.403166e-02,49.00000,35.00000,600
138,0,9.429373e-02,49.00000,30.00000,4944
138,1,9.302731e-02,49.00000,30.00000,680
138,2,9.281077e-02,43.00000,35.00000,671
138,3,9.601415e-02,38.00000,35.00000,667
138,4,9.473272e-02,39.00000,36.00000,670
138,5,9.014092e-02,51.00000,35.00000,666
138,6,9.499384e-02,43.00000,35.00000,662
138,7,9.168166e-02,53.00000,30.00000,685
138,8,9.575891e-02,37.00000,35.00000,662
138,9,9.184270e-02,40.00000,35.00000,671
138,10,9.283233e-02,54.00000,30.00000,2499
138,11,9.237441e-02,38.00000,35.00000,699
138,12,9.622359e-02,31.00000,36.00000,2998
138,13,9.750931e-02,31.00000,36.00000,711
138,14,9.317718e-02,51.00000,30.00000,705
138,15,9.302357e-02,35.00000,36.00000,595
138,16,9.653327e-02,37.00000,36.00000,668
138,17,9.053686e-02,49.00000,30.00000,669
138,18,9.234890e-02,49.00000,30.00000,720
138,19,9.140838e-02,52.00000,30.00000,688
138,20,9.116837e-02,52.00000,30.00000,695
138,21,8.848608e-02,55.00000,30.00000,696
138,22,9.175280e-02,55.00000,30.00000,3150
138,23,9.491841e-02,39.00000,35.00000,669
138,24,9.273476e-02,43.00000,35.00000,616
138,25,9.361245e-02,43.00000,35.00000,687
138,26,8.974549e-02,52.00000,30.00000,702
138,27,8.848090e-02,54.00000,30.00000,730
138,28,8.947726e-02,54.00000,30.00000,716
138,29,9.244628e-02,49.00000,30.00000,647
138,30,9.608962e-02,48.00000,35.00000,636
138,31,9.083639e-02,52.00000,30.00000,674
138,32,9.330111e-02,54.00000,30.00000,2531
138,33,8.964923e-02,53.00000,30.00000,685
138,34,9.057207e-02,57.00000,30.00000,720
138,35,9.260219e-02,53.00000,30.00000,682
138,36,9.232154e-02,31.00000,36.00000,732
138,37,9.566281e-02,45.00000,36.00000,665
138,38,9.271982e-02,53.00000,30.00000,698
138,39,9.191577e-02,45.00000,36.00000,647
138,40,9.148418e-02,41.00000,36.00000,645
138,41,9.572533e-02,53.00000,30.00000,644
138,42,9.205757e-02,54.00000,30.00000,1116
138,43,9.142057e-02,37.00000,36.00000,641
138,44,9.190536e-02,49.00000,30.00000,651
138,45,9.284589e-02,37.00000,40.00000,685
138,46,9.100560e-02,55.00000,30.00000,706
138,47,9.625194e-02,38.00000,35.00000,629
138,48,9.344594e-02,42.00000,36.00000,638
138,49,9.274047e-02,41.00000,36.00000,715
138,50,9.219512e-02,50.00000,35.00000,764
138,51,9.569851e-02,44.00000,35.00000,595
138,52,9.316885e-02,45.00000,35.00000,615
138,53,9.273565e-02,53.00000,30.00000,605
138,54,9.109039e-02,59.00000,30.00000,637
138,55,9.025864e-02,45.00000,35.00000,667
138,56,9.497993e-02,46.00000,35.00000,629
138,57,9.048838e-02,49.00000,30.00000,601
138,58,9.441881e-02,47.00000,35.00000,585
138,59,9.317589e-02,43.00000,35.00000,600
138,60,9.295534e-02,42.00000,35.00000,599
138,61,9.261935e-02,48.00000,35.00000,596
138,62,9.034603e-02,54.00000,30.00000,1671
138,63,9.089230e-02,44.00000,35.00000,621
138,64,9.006713e-02,53.00000,30.00000,619
138,65,9.440561e-02,34.00000,40.00000,616
138,66,9.402783e-02,46.00000,35.00000,587
138,67,9.174768e-02,48.00000,35.00000,601
138,68,9.121529e-02,54.00000,30.00000,604
138,69,9.155197e-02,48.00000,35.00000,624
138,70,8.970430e-02,54.00000,30.00000,617
138,71,9.055188e-02,55.00000,30.00000,615
139,0,9.499617e-02,47.00000,35.00000,8628
139,1,9.003191e-02,55.00000,30.00000,4410
139,2,9.199792e-02,51.00000,30.00000,697
139,3,9.377762e-02,44.00000,35.00000,665
139,4,9.518395e-02,43.00000,35.00000,614
139,5,9.549970e-02,52.00000,30.00000,650
139,6,9.397367e-02,50.00000,35.00000,650
139,7,9.461167e-02,31.00000,36.00000,748
139,8,9.374537e-02,53.00000,30.00000,693
139,9,9.460003e-02,35.00000,36.00000,649
139,10,8.850160e-02,59.00000,30.00000,9661
139,11,9.410800e-02,42.00000,35.00000,651
139,12,9.548125e-02,37.00000,35.00000,669
139,13,9.116894e-02,49.00000,30.00000,640
139,14,1.023580e-01,25.00000,36.00000,608
139,15,9.357388e-02,52.00000,30.00000,713
139,16,9.414974e-02,43.00000,36.00000,1024
139,17,8.877297e-02,59.00000,30.00000,705
139,18,9.658699e-02,25.00000,36.00000,702
139,19,9.259181e-02,49.00000,30.00000,671
139,20,9.457836e-02,49.00000,30.00000,6314
139,21,9.349233e-02,55.00000,30.00000,658
139,22,8.973710e-02,50.00000,30.00000,660
139,23,9.096623e-02,49.00000,35.00000,678
139,24,9.370507e-02,36.00000,36.00000,629
139,25,9.413482e-02,46.00000,35.00000,620
139,26,9.164634e-02,52.00000,30.00000,1192
139,27,9.193327e-02,40.00000,36.00000,653
139,28,9.385662e-02,39.00000,35.00000,693
139,29,9.229051e-02,53.00000,30.00000,630
139,30,9.419319e-02,41.00000,36.00000,1801
139,31,9.318288e-02,43.00000,35.00000,623
139,32,9.392560e-02,45.00000,36.00000,680
139,33,9.413151e-02,47.00000,35.00000,599
139,34,9.007896e-02,61.00000,30.00000,759
139,35,9.418225e-02,45.00000,35.00000,599
139,36,9.463373e-02,36.00000,35.00000,619
139,37,9.565812e-02,45.00000,35.00000,652
139,38,9.641672e-02,42.00000,35.00000,627
139,39,9.510573e-02,41.00000,35.00000,663
139,40,9.317894e-02,53.00000,30.00000,2469
139,41,9.041297e-02,45.00000,35.00000,642
139,42,9.624598e-02,39.00000,36.00000,647
139,43,9.452239e-02,49.00000,30.00000,631
139,44,9.186881e-02,53.00000,30.00000,629
139,45,9.443513e-02,47.00000,35.00000,735
139,46,9.616372e-02,49.00000,30.00000,644
139,47,9.277429e-02,35.00000,36.00000,663
139,48,9.347606e-02,51.00000,30.00000,618
139,49,9.650320e-02,31.00000,36.00000,761
139,50,9.330697e-02,58.00000,30.00000,1103
139,51,9.930307e-02,46.00000,36.00000,640
139,52,9.277497e-02,41.00000,35.00000,646
139,53,9.088254e-02,44.00000,35.00000,647
139,54,9.457596e-02,36.00000,36.00000,595
139,55,9.590178e-02,41.00000,40.00000,596
139,56,9.114069e-02,52.00000,30.00000,678
139,57,9.528211e-02,38.00000,35.00000,577
139,58,9.241140e-02,45.00000,35.00000,593
139,59,9.283771e-02,49.00000,30.00000,610
139,60,9.426865e-02,44.00000,35.00000,1181
139,61,9.299314e-02,53.00000,30.00000,605
139,62,9.639564e-02,43.00000,35.00000,563
139,63,9.681924e-02,46.00000,35.00000,586
139,64,9.182946e-02,45.00000,35.00000,592
139,65,9.159329e-02,48.00000,35.00000,617
139,66,9.233121e-02,49.00000,30.00000,605
139,67,9.166776e-02,49.00000,30.00000,602
139,68,9.469915e-02,40.00000,36.00000,586
139,69,9.154758e-02,48.00000,35.00000,618
139,70,9.225734e-02,57.00000,30.00000,626
139,71,9.091762e-02,48.00000,35.00000,607
140,0,9.353382e-02,49.00000,30.00000,9460
140,1,9.831461e-02,30.00000,36.00000,683
140,2,9.164748e-02,49.00000,30.00000,696
140,3,9.055039e-02,58.00000,30.00000,709
140,4,9.549248e-02,37.00000,40.00000,691
140,5,9.535625e-02,39.00000,36.00000,631
140,6,9.731302e-02,25.00000,36.00000,733
140,7,9.301525e-02,43.00000,35.00000,635
140,8,9.116885e-02,55.00000,30.00000,754
140,9,9.457494e-02,59.00000,30.00000,673
140,10,9.424813e-02,47.00000,35.00000,3371
140,11,9.013821e-02,50.00000,35.00000,657
140,12,9.180647e-02,53.00000,30.00000,686
140,13,9.054571e-02,49.00000,30.00000,664
140,14,9.413998e-02,53.00000,30.00000,1974
140,15,9.566741e-02,44.00000,35.00000,4444
140,16,9.151074e-02,41.00000,35.00000,661
140,17,9.132267e-02,54.00000,30.00000,675
140,18,9.608006e-02,42.00000,35.00000,636
140,19,9.269235e-02,43.00000,35.00000,625
140,20,8.984827e-02,49.00000,30.00000,705
140,21,9.207511e-02,51.00000,30.00000,635
140,22,9.239360e-02,41.00000,35.00000,660
140,23,9.044639e-02,45.00000,35.00000,677
140,24,9.015981e-02,53.00000,30.00000,4890
140,25,9.438936e-02,52.00000,30.00000,2982
140,26,8.990014e-02,60.00000,30.00000,720
140,27,9.170668e-02,49.00000,30.00000,678
140,28,9.075485e-02,53.00000,30.00000,699
140,29,9.021819e-02,49.00000,30.00000,687
140,30,9.284824e-02,39.00000,35.00000,2418
140,31,9.152790e-02,60.00000,30.00000,1038
140,32,9.271031e-02,47.00000,35.00000,735
140,33,9.451132e-02,37.00000,36.00000,647
140,34,9.425507e-02,45.00000,35.00000,6519
140,35,9.630852e-02,35.00000,36.00000,690
140,36,9.349773e-02,58.00000,30.00000,660
140,37,9.171126e-02,49.00000,30.00000,650
140,38,9.245245e-02,51.00000,30.00000,676
140,39,9.014402e-02,53.00000,30.00000,674
140,40,9.111752e-02,37.00000,36.00000,4910
140,41,8.845843e-02,57.00000,30.00000,640
140,42,9.142497e-02,55.00000,30.00000,712
140,43,9.340823e-02,53.00000,30.00000,628
140,44,9.499122e-02,43.00000,35.00000,3199
140,45,9.183219e-02,49.00000,35.00000,1353
140,46,9.352408e-02,57.00000,30.00000,685
140,47,9.281947e-02,43.00000,35.00000,825
140,48,9.395587e-02,37.00000,36.00000,702
140,49,9.541874e-02,51.00000,30.00000,614
140,50,9.125920e-02,47.00000,35.00000,8273
140,51,9.552825e-02,47.00000,35.00000,620
140,52,9.206781e-02,49.00000,30.00000,746
140,53,9.218174e-02,47.00000,35.00000,628
140,54,9.329152e-02,42.00000,35.00000,603
140,55,9.570061e-02,43.00000,36.00000,628
140,56,9.764937e-02,43.00000,35.00000,574
140,57,9.491443e-02,47.00000,35.00000,586
140,58,9.422878e-02,35.00000,36.00000,634
140,59,9.375489e-02,49.00000,30.00000,622
140,60,9.435777e-02,47.00000,35.00000,3789
140,61,9.264348e-02,48.00000,35.00000,613
140,62,9.756999e-02,38.00000,35.00000,617
140,63,9.416168e-02,54.00000,30.00000,604
140,64,9.201128e-02,48.00000,35.00000,626
140,65,9.064709e-02,55.00000,30.00000,618
140,66,9.220625e-02,48.00000,35.00000,598
140,67,9.613886e-02,42.00000,35.00000,584
140,68,9.429019e-02,25.00000,36.00000,624
140,69,8.958180e-02,58.00000,30.00000,621
140,70,9.247357e-02,58.00000,30.00000,621
140,71,9.032343e-02,51.00000,30.00000,616
141,0,9.209407e-02,38.00000,35.00000,8797
141,1,9.245303e-02,53.00000,30.00000,713
141,2,9.412359e-02,43.00000,35.00000,614
141,3,9.317115e-02,53.00000,30.00000,676
141,4,9.441098e-02,47.00000,35.00000,657
141,5,9.195764e-02,42.00000,35.00000,642
141,6,9.215611e-02,49.00000,30.00000,859
141,7,9.643815e-02,40.00000,36.00000,739
141,8,9.277250e-02,41.00000,36.00000,632
141,9,9.509806e-02,41.00000,35.00000,778
141,10,9.693155e-02,53.00000,30.00000,2980
141,11,9.409446e-02,38.00000,35.00000,668
141,12,9.725287e-02,54.00000,30.00000,756
141,13,8.925644e-02,54.00000,30.00000,713
141,14,9.290973e-02,41.00000,40.00000,733
141,15,9.498763e-02,43.00000,35.00000,653
141,16,9.350692e-02,39.00000,40.00000,717
141,17,9.367119e-02,38.00000,40.00000,648
141,18,1.000716e-01,36.00000,36.00000,570
141,19,9.164985e-02,57.00000,30.00000,644
141,20,9.363104e-02,45.00000,35.00000,3940
141,21,9.543967e-02,41.00000,36.00000,633
141,22,9.253733e-02,42.00000,35.00000,620
141,23,9.806131e-02,43.00000,36.00000,620
141,24,9.471053e-02,46.00000,35.00000,640
141,25,9.314132e-02,53.00000,30.00000,715
141,26,9.960607e-02,44.00000,35.00000,631
141,27,9.248570e-02,59.00000,30.00000,668
141,28,9.390288e-02,43.00000,35.00000,670
141,29,9.434359e-02,37.00000,40.00000,657
141,30,9.478104e-02,49.00000,35.00000,2417
141,31,9.663759e-02,48.00000,35.00000,693
141,32,9.036769e-02,58.00000,30.00000,4251
141,33,9.515228e-02,38.00000,40.00000,687
141,34,9.225269e-02,54.00000,30.00000,602
141,35,9.189244e-02,57.00000,30.00000,645
141,36,9.409542e-02,45.00000,36.00000,696
141,37,9.407239e-02,43.00000,35.00000,598
141,38,9.991264e-02,25.00000,36.00000,717
141,39,8.973859e-02,55.00000,30.00000,719
141,40,9.188022e-02,57.00000,30.00000,677
141,41,8.934402e-02,55.00000,30.00000,756
141,42,9.335190e-02,46.00000,35.00000,1017
141,43,9.097841e-02,51.00000,30.00000,658
141,44,9.252821e-02,45.00000,35.00000,665
141,45,9.308562e-02,41.00000,35.00000,653
141,46,9.188721e-02,49.00000,30.00000,652
141,47,9.528477e-02,53.00000,30.00000,609
141,48,9.350796e-02,53.00000,30.00000,700
141,49,9.056130e-02,57.00000,30.00000,653
141,50,9.229393e-02,55.00000,30.00000,667
141,51,9.547817e-02,42.00000,36.00000,718
141,52,9.583794e-02,31.00000,36.00000,648
141,53,9.458492e-02,57.00000,30.00000,648
141,54,9.509372e-02,54.00000,30.00000,637
141,55,9.379892e-02,38.00000,35.00000,596
141,56,9.536529e-02,31.00000,36.00000,587
141,57,9.668565e-02,39.00000,36.00000,591
141,58,9.444489e-02,42.00000,35.00000,616
141,59,9.236585e-02,52.00000,30.00000,593
141,60,9.459244e-02,35.00000,36.00000,615
141,61,9.504744e-02,49.00000,30.00000,586
141,62,9.207773e-02,49.00000,30.00000,619
141,63,9.357221e-02,54.00000,30.00000,619
141,64,9.442353e-02,44.00000,35.00000,586
141,65,9.313966e-02,49.00000,30.00000,605
141,66,9.513678e-02,55.00000,30.00000,616
141,67,9.047090e-02,52.00000,30.00000,613
141,68,9.514920e-02,31.00000,36.00000,613
141,69,9.509160e-02,47.00000,35.00000,588
141,70,9.673107e-02,31.00000,36.00000,604
141,71,9.090868e-02,48.00000,35.00000,607
142,0,9.584902e-02,39.00000,35.00000,3091
142,1,9.393820e-02,45.00000,35.00000,2363
142,2,9.693226e-02,45.00000,35.00000,653
142,3,9.319054e-02,49.00000,30.00000,652
142,4,9.856919e-02,25.00000,36.00000,664
142,5,9.682192e-02,25.00000,36.00000,639
142,6,9.290397e-02,41.00000,35.00000,1064
142,7,9.461141e-02,49.00000,30.00000,647
142,8,9.371167e-02,44.00000,35.00000,688
142,9,9.110697e-02,54.00000,30.00000,659
142,10,9.453325e-02,53.00000,30.00000,762
142,11,9.569048e-02,42.00000,35.00000,707
142,12,9.217786e-02,54.00000,30.00000,659
142,13,9.432784e-02,37.00000,35.00000,609
142,14,9.684569e-02,49.00000,30.00000,656
142,15,9.549252e-02,31.00000,36.00000,626
142,16,9.517572e-02,47.00000,35.00000,6593
142,17,9.921090e-02,51.00000,35.00000,716
142,18,9.591834e-02,37.00000,36.00000,660
142,19,9.306782e-02,57.00000,30.00000,671
142,20,9.384920e-02,59.00000,30.00000,702
142,21,9.590785e-02,42.00000,35.00000,669
142,22,9.314638e-02,53.00000,30.00000,632
142,23,9.172744e-02,56.00000,30.00000,679
142,24,9.091613e-02,54.00000,30.00000,658
142,25,9.198950e-02,57.00000,30.00000,648
142,26,9.497439e-02,41.00000,35.00000,2157
142,27,9.176214e-02,47.00000,36.00000,686
142,28,9.458249e-02,51.00000,30.00000,631
142,29,9.368174e-02,36.00000,36.00000,695
142,30,9.246936e-02,49.00000,30.00000,2829
142,31,9.363806e-02,48.00000,35.00000,642
142,32,9.566280e-02,44.00000,35.00000,722
142,33,9.560458e-02,41.00000,35.00000,650
142,34,9.947385e-02,41.00000,35.00000,560
142,35,9.550901e-02,49.00000,30.00000,698
142,36,9.244008e-02,51.00000,30.00000,628
142,37,9.128869e-02,52.00000,35.00000,677
142,38,9.352653e-02,46.00000,35.00000,631
142,39,9.441030e-02,44.00000,35.00000,667
142,40,9.262174e-02,49.00000,30.00000,3964
142,41,9.520245e-02,36.00000,36.00000,587
142,42,9.256975e-02,49.00000,35.00000,670
142,43,9.229784e-02,57.00000,30.00000,694
142,44,9.786161e-02,45.00000,35.00000,632
142,45,9.251057e-02,44.00000,35.00000,676
142,46,9.295627e-02,46.00000,35.00000,678
142,47,9.265602e-02,40.00000,35.00000,672
142,48,9.507493e-02,52.00000,30.00000,649
142,49,9.379958e-02,36.00000,36.00000,678
142,50,9.118918e-02,57.00000,30.00000,8269
142,51,9.154151e-02,41.00000,35.00000,659
142,52,9.425042e-02,53.00000,30.00000,605
142,53,9.349005e-02,55.00000,30.00000,614
142,54,9.704996e-02,45.00000,35.00000,592
142,55,9.109803e-02,54.00000,30.00000,607
142,56,9.162865e-02,46.00000,35.00000,595
142,57,9.090774e-02,54.00000,30.00000,612
142,58,9.158623e-02,49.00000,30.00000,608
142,59,9.092446e-02,55.00000,30.00000,634
142,60,9.124345e-02,48.00000,35.00000,659
142,61,9.396292e-02,49.00000,30.00000,603
142,62,9.131450e-02,49.00000,30.00000,618
142,63,9.590045e-02,39.00000,35.00000,636
142,64,9.253833e-02,49.00000,30.00000,613
142,65,9.110406e-02,58.00000,30.00000,623
142,66,9.010924e-02,49.00000,30.00000,620
142,67,9.290848e-02,45.00000,36.00000,606
142,68,9.523754e-02,43.00000,35.00000,586
142,69,9.277859e-02,49.00000,30.00000,603
142,70,9.517206e-02,42.00000,35.00000,597
142,71,9.348332e-02,49.00000,30.00000,589
143,0,9.047530e-02,54.00000,30.00000,3194
143,1,9.574132e-02,55.00000,30.00000,676
143,2,9.265129e-02,54.00000,30.00000,682
143,3,9.167792e-02,49.00000,30.00000,691
143,4,9.214158e-02,43.00000,35.00000,659
143,5,9.151667e-02,53.00000,30.00000,634
143,6,8.996539e-02,55.00000,30.00000,725
143,7,9.407437e-02,38.00000,35.00000,724
143,8,9.596934e-02,36.00000,40.00000,652
143,9,9.206784e-02,52.00000,30.00000,702
143,10,9.681106e-02,49.00000,30.00000,713
143,11,9.430122e-02,55.00000,30.00000,1412
143,12,9.377834e-02,40.00000,36.00000,634
143,13,1.008226e-01,36.00000,35.00000,2879
143,14,9.777747e-02,38.00000,35.00000,740
143,15,1.004299e-01,46.00000,35.00000,643
143,16,1.017055e-01,25.00000,36.00000,637
143,17,9.647530e-02,31.00000,36.00000,761
143,18,9.422417e-02,49.00000,35.00000,663
143,19,9.902989e-02,35.00000,36.00000,602
143,20,9.628558e-02,38.00000,35.00000,632
143,21,8.999719e-02,49.00000,30.00000,1781
143,22,9.534848e-02,36.00000,40.00000,709
143,23,8.982117e-02,56.00000,30.00000,657
143,24,9.425096e-02,49.00000,30.00000,639
143,25,9.501122e-02,49.00000,30.00000,714
143,26,9.125767e-02,57.00000,30.00000,653
143,27,9.232135e-02,44.00000,35.00000,715
143,28,9.124296e-02,55.00000,30.00000,653
143,29,9.599635e-02,40.00000,35.00000,696
143,30,9.546585e-02,34.00000,36.00000,614
143,31,9.726575e-02,54.00000,30.00000,1142
143,32,9.092145e-02,49.00000,35.00000,2426
143,33,9.679854e-02,41.00000,35.00000,639
143,34,9.348600e-02,59.00000,30.00000,678
143,35,9.403053e-02,53.00000,30.00000,631
143,36,9.548957e-02,41.00000,35.00000,677
143,37,9.558537e-02,41.00000,36.00000,632
143,38,9.697983e-02,45.00000,35.00000,628
143,39,9.316387e-02,54.00000,30.00000,688
143,40,9.273045e-02,49.00000,30.00000,631
143,41,9.678267e-02,42.00000,36.00000,641
143,42,9.313938e-02,54.00000,30.00000,1576
143,43,9.246664e-02,54.00000,30.00000,616
143,44,9.508623e-02,40.00000,36.00000,655
143,45,9.738588e-02,31.00000,36.00000,658
143,46,9.353252e-02,41.00000,35.00000,641
143,47,9.100477e-02,55.00000,30.00000,728
143,48,9.620087e-02,52.00000,30.00000,656
143,49,9.323898e-02,36.00000,36.00000,667
143,50,9.975365e-02,45.00000,35.00000,644
143,51,9.576017e-02,49.00000,30.00000,641
143,52,9.125299e-02,58.00000,30.00000,646
143,53,9.230901e-02,53.00000,30.00000,606
143,54,9.617251e-02,47.00000,35.00000,583
143,55,9.429391e-02,41.00000,36.00000,603
143,56,9.370735e-02,40.00000,36.00000,605
143,57,9.626548e-02,49.00000,30.00000,603
143,58,9.632811e-02,41.00000,35.00000,613
143,59,9.521085e-02,49.00000,30.00000,604
143,60,9.486035e-02,52.00000,30.00000,602
143,61,1.002227e-01,30.00000,36.00000,575
143,62,9.504346e-02,40.00000,35.00000,586
143,63,9.418223e-02,39.00000,35.00000,595
143,64,9.593911e-02,49.00000,30.00000,610
143,65,9.193339e-02,54.00000,30.00000,610
143,66,9.390278e-02,35.00000,36.00000,617
143,67,9.630254e-02,45.00000,35.00000,599
143,68,9.406157e-02,55.00000,30.00000,620
143,69,9.402205e-02,56.00000,30.00000,611
143,70,9.225099e-02,49.00000,30.00000,617
143,71,9.560132e-02,38.00000,36.00000,580
144,0,9.271578e-02,47.00000,35.00000,8035
144,1,9.213152e-02,49.00000,30.00000,675
144,2,9.735130e-02,55.00000,30.00000,623
144,3,9.610841e-02,40.00000,35.00000,771
144,4,9.669769e-02,40.00000,35.00000,634
144,5,9.584059e-02,37.00000,35.00000,645
144,6,9.354284e-02,58.00000,30.00000,1219
144,7,9.625711e-02,40.00000,35.00000,1639
144,8,9.356375e-02,36.00000,36.00000,633
144,9,9.308473e-02,49.00000,30.00000,639
144,10,9.303688e-02,54.00000,30.00000,665
144,11,9.554014e-02,54.00000,30.00000,666
144,12,9.240714e-02,61.00000,30.00000,707
144,13,9.674621e-02,49.00000,30.00000,662
144,14,9.598926e-02,46.00000,35.00000,663
144,15,9.532969e-02,48.00000,35.00000,618
144,16,9.531937e-02,36.00000,36.00000,9604
144,17,9.164034e-02,49.00000,35.00000,613
144,18,9.790140e-02,37.00000,36.00000,643
144,19,9.834679e-02,33.00000,40.00000,737
144,20,9.369610e-02,54.00000,30.00000,692
144,21,9.959216e-02,44.00000,35.00000,708
144,22,9.570933e-02,43.00000,35.00000,603
144,23,9.458679e-02,37.00000,35.00000,690
144,24,9.472527e-02,49.00000,30.00000,738
144,25,9.469527e-02,49.00000,30.00000,669
144,26,9.322900e-02,59.00000,30.00000,8164
144,27,9.239100e-02,43.00000,36.00000,605
144,28,9.430145e-02,48.00000,35.00000,630
144,29,9.751317e-02,26.00000,36.00000,655
144,30,9.717554e-02,36.00000,36.00000,626
144,31,9.344179e-02,40.00000,35.00000,675
144,32,9.401742e-02,52.00000,30.00000,642
144,33,9.495051e-02,47.00000,35.00000,659
144,34,9.463003e-02,45.00000,35.00000,680
144,35,9.579754e-02,54.00000,30.00000,658
144,36,9.508614e-02,43.00000,35.00000,4166
144,37,9.472962e-02,45.00000,35.00000,657
144,38,9.609659e-02,47.00000,35.00000,616
144,39,9.753977e-02,40.00000,35.00000,619
144,40,9.353880e-02,40.00000,35.00000,627
144,41,9.821822e-02,48.00000,35.00000,670
144,42,9.372404e-02,41.00000,35.00000,677
144,43,9.724162e-02,54.00000,30.00000,627
144,44,9.056807e-02,52.00000,30.00000,646
144,45,9.511302e-02,52.00000,30.00000,638
144,46,9.735783e-02,39.00000,36.00000,5361
144,47,9.433361e-02,54.00000,30.00000,748
144,48,9.677574e-02,41.00000,35.00000,595
144,49,9.691672e-02,46.00000,35.00000,653
144,50,9.777707e-02,41.00000,36.00000,614
144,51,9.740087e-02,34.00000,40.00000,734
144,52,9.497190e-02,45.00000,35.00000,618
144,53,9.703911e-02,42.00000,36.00000,667
144,54,9.721980e-02,45.00000,36.00000,669
144,55,9.936734e-02,36.00000,40.00000,612
144,56,9.656148e-02,45.00000,35.00000,1477
144,57,1.025833e-01,43.00000,36.00000,694
144,58,9.781387e-02,49.00000,35.00000,605
144,59,1.003482e-01,36.00000,36.00000,596
144,60,9.819800e-02,58.00000,30.00000,620
144,61,9.684275e-02,49.00000,30.00000,585
144,62,9.639817e-02,54.00000,30.00000,604
144,63,9.684814e-02,41.00000,36.00000,580
144,64,9.276001e-02,49.00000,35.00000,616
144,65,9.320153e-02,42.00000,36.00000,624
144,66,9.411751e-02,35.00000,36.00000,622
144,67,9.782983e-02,40.00000,35.00000,613
144,68,9.214782e-02,53.00000,30.00000,616
144,69,9.270673e-02,56.00000,30.00000,615
144,70,9.230394e-02,55.00000,30.00000,615
144,71,9.221387e-02,47.00000,35.00000,604
145,0,9.620159e-02,49.00000,30.00000,5523
145,1,9.182126e-02,40.00000,40.00000,4097
145,2,9.475109e-02,45.00000,35.00000,682
145,3,9.518272e-02,57.00000,30.00000,698
145,4,9.682592e-02,42.00000,35.00000,673
145,5,9.823863e-02,40.00000,36.00000,652
145,6,9.358449e-02,54.00000,30.00000,662
145,7,9.566683e-02,53.00000,30.00000,681
145,8,9.750708e-02,42.00000,35.00000,621
145,9,9.720995e-02,31.00000,36.00000,670
145,10,9.393649e-02,55.00000,30.00000,6593
145,11,9.348671e-02,49.00000,30.00000,660
145,12,9.136146e-02,49.00000,30.00000,7349
145,13,9.688424e-02,46.00000,36.00000,684
145,14,1.026858e-01,31.00000,36.00000,676
145,15,9.343435e-02,45.00000,35.00000,650
145,16,9.362935e-02,49.00000,30.00000,661
145,17,9.946308e-02,49.00000,30.00000,652
145,18,9.551127e-02,49.00000,30.00000,652
145,19,9.570309e-02,40.00000,40.00000,681
145,20,9.859271e-02,45.00000,35.00000,5004
145,21,9.609433e-02,42.00000,35.00000,680
145,22,9.498623e-02,52.00000,30.00000,7083
145,23,9.478521e-02,40.00000,35.00000,738
145,24,9.517934e-02,55.00000,30.00000,618
145,25,9.639893e-02,36.00000,36.00000,636
145,26,9.298120e-02,52.00000,30.00000,621
145,27,9.945397e-02,52.00000,30.00000,715
145,28,9.418298e-02,49.00000,30.00000,634
145,29,9.348806e-02,56.00000,30.00000,689
145,30,9.858058e-02,49.00000,30.00000,7329
145,31,9.682544e-02,55.00000,30.00000,706
145,32,9.280236e-02,56.00000,30.00000,4795
145,33,9.492925e-02,37.00000,36.00000,727
145,34,1.015891e-01,31.00000,36.00000,593
145,35,9.683536e-02,37.00000,35.00000,624
145,36,9.252129e-02,46.00000,35.00000,760
145,37,9.519806e-02,55.00000,30.00000,686
145,38,8.997123e-02,56.00000,30.00000,649
145,39,9.534503e-02,57.00000,30.00000,720
145,40,9.706499e-02,40.00000,35.00000,7229
145,41,9.572478e-02,41.00000,36.00000,666
145,42,9.609575e-02,37.00000,36.00000,4290
145,43,1.004361e-01,35.00000,36.00000,693
145,44,9.451659e-02,43.00000,35.00000,667
145,45,9.481503e-02,53.00000,30.00000,616
145,46,9.384766e-02,49.00000,30.00000,736
145,47,9.611859e-02,43.00000,35.00000,684
145,48,9.746624e-02,55.00000,30.00000,615
145,49,9.244796e-02,56.00000,30.00000,727
145,50,9.552658e-02,36.00000,36.00000,7501
145,51,9.975698e-02,36.00000,35.00000,650
145,52,9.898410e-02,48.00000,35.00000,3850
145,53,9.465000e-02,43.00000,36.00000,684
145,54,9.871767e-02,37.00000,36.00000,643
145,55,9.352088e-02,59.00000,30.00000,648
145,56,9.500477e-02,54.00000,30.00000,608
145,57,9.830974e-02,41.00000,35.00000,582
145,58,9.571975e-02,47.00000,35.00000,615
145,59,9.660392e-02,48.00000,35.00000,601
145,60,9.644448e-02,37.00000,36.00000,811
145,61,9.650585e-02,49.00000,30.00000,589
145,62,9.553810e-02,49.00000,30.00000,603
145,63,9.437435e-02,51.00000,30.00000,600
145,64,9.565161e-02,47.00000,35.00000,585
145,65,9.252508e-02,41.00000,35.00000,646
145,66,9.515473e-02,49.00000,30.00000,602
145,67,9.318951e-02,53.00000,30.00000,613
145,68,9.335287e-02,55.00000,30.00000,621
145,69,9.622438e-02,42.00000,35.00000,616
145,70,9.982950e-02,40.00000,35.00000,596
145,71,9.726545e-02,45.00000,36.00000,590
146,0,9.152392e-02,55.00000,30.00000,8437
146,1,9.283981e-02,43.00000,35.00000,986
146,2,9.470871e-02,49.00000,30.00000,2624
146,3,9.626940e-02,43.00000,35.00000,692
146,4,9.257041e-02,49.00000,30.00000,667
146,5,9.443675e-02,44.00000,35.00000,714
146,6,9.270591e-02,56.00000,30.00000,660
146,7,9.957690e-02,37.00000,36.00000,695
146,8,9.919284e-02,44.00000,35.00000,661
146,9,9.676124e-02,38.00000,35.00000,742
146,10,9.482368e-02,49.00000,30.00000,6591
146,11,9.635758e-02,40.00000,36.00000,624
146,12,9.896655e-02,53.00000,30.00000,4135
146,13,9.567332e-02,37.00000,40.00000,689
146,14,9.599365e-02,49.00000,30.00000,685
146,15,9.805768e-02,30.00000,36.00000,767
146,16,9.681478e-02,45.00000,35.00000,665
146,17,9.913332e-02,25.00000,36.00000,663
146,18,9.593143e-02,38.00000,35.00000,705
146,19,9.233748e-02,49.00000,30.00000,710
146,20,9.646650e-02,42.00000,35.00000,11286
146,21,9.518670e-02,40.00000,35.00000,658
146,22,9.602112e-02,54.00000,30.00000,2082
146,23,9.763880e-02,38.00000,35.00000,613
146,24,9.490589e-02,58.00000,30.00000,668
146,25,9.488089e-02,53.00000,30.00000,660
146,26,9.979780e-02,43.00000,36.00000,606
146,27,9.732109e-02,45.00000,35.00000,702
146,28,9.660883e-02,49.00000,30.00000,679
146,29,9.540401e-02,45.00000,35.00000,614
146,30,9.866095e-02,54.00000,30.00000,10157
146,31,9.692708e-02,40.00000,35.00000,698
146,32,9.819014e-02,48.00000,36.00000,986
146,33,9.560050e-02,31.00000,36.00000,647
146,34,9.627327e-02,38.00000,35.00000,638
146,35,9.484956e-02,42.00000,35.00000,651
146,36,9.945294e-02,34.00000,36.00000,633
146,37,9.474722e-02,55.00000,30.00000,738
146,38,9.354223e-02,57.00000,30.00000,702
146,39,9.800172e-02,39.00000,35.00000,621
146,40,9.582724e-02,49.00000,30.00000,12888
146,41,9.324959e-02,46.00000,35.00000,613
146,42,9.843215e-02,30.00000,36.00000,629
146,43,9.612851e-02,31.00000,36.00000,610
146,44,9.785207e-02,35.00000,36.00000,635
146,45,9.136369e-02,54.00000,30.00000,632
146,46,9.403834e-02,54.00000,30.00000,636
146,47,9.100702e-02,54.00000,30.00000,664
146,48,9.484427e-02,57.00000,30.00000,682
146,49,9.441516e-02,57.00000,30.00000,677
146,50,9.511760e-02,54.00000,30.00000,10791
146,51,1.004750e-01,56.00000,30.00000,635
146,52,9.318870e-02,55.00000,30.00000,669
146,53,9.116797e-02,54.00000,30.00000,636
146,54,9.188796e-02,48.00000,35.00000,645
146,55,9.601872e-02,49.00000,30.00000,669
146,56,1.037640e-01,31.00000,36.00000,575
146,57,9.492137e-02,53.00000,30.00000,625
146,58,9.553358e-02,37.00000,36.00000,611
146,59,9.665410e-02,49.00000,30.00000,622
146,60,9.684516e-02,49.00000,35.00000,2507
146,61,9.377787e-02,49.00000,30.00000,598
146,62,9.456889e-02,54.00000,30.00000,609
146,63,9.381305e-02,42.00000,35.00000,606
146,64,9.597754e-02,37.00000,36.00000,611
146,65,9.880415e-02,53.00000,30.00000,606
146,66,9.931289e-02,36.00000,40.00000,602
146,67,9.581239e-02,48.00000,35.00000,597
146,68,9.616988e-02,43.00000,35.00000,576
146,69,9.560116e-02,40.00000,35.00000,598
146,70,9.516847e-02,47.00000,35.00000,605
146,71,9.516373e-02,49.00000,30.00000,606
147,0,1.024525e-01,35.00000,36.00000,11189
147,1,1.002264e-01,41.00000,36.00000,667
147,2,9.327885e-02,52.00000,30.00000,698
147,3,9.749835e-02,39.00000,35.00000,969
147,4,1.013937e-01,37.00000,35.00000,629
147,5,9.996530e-02,31.00000,36.00000,649
147,6,9.423269e-02,51.00000,30.00000,752
147,7,9.809059e-02,43.00000,36.00000,681
147,8,9.994149e-02,36.00000,36.00000,686
147,9,9.485890e-02,54.00000,30.00000,671
147,10,1.009075e-01,37.00000,36.00000,2018
147,11,9.855536e-02,49.00000,30.00000,4202
147,12,9.584779e-02,40.00000,36.00000,662
147,13,9.670614e-02,47.00000,35.00000,641
147,14,9.900708e-02,46.00000,35.00000,5712
147,15,9.796072e-02,36.00000,36.00000,715
147,16,9.491855e-02,54.00000,30.00000,721
147,17,9.657328e-02,50.00000,35.00000,783
147,18,9.673196e-02,45.00000,35.00000,666
147,19,1.009033e-01,39.00000,40.00000,682
147,20,9.410782e-02,46.00000,35.00000,5390
147,21,9.741390e-02,54.00000,30.00000,636
147,22,9.515659e-02,53.00000,30.00000,617
147,23,9.412387e-02,53.00000,30.00000,719
147,24,9.523048e-02,47.00000,35.00000,2193
147,25,9.048683e-02,58.00000,30.00000,749
147,26,9.703878e-02,42.00000,35.00000,649
147,27,9.293545e-02,49.00000,30.00000,687
147,28,9.440257e-02,48.00000,35.00000,637
147,29,9.488825e-02,49.00000,30.00000,697
147,30,9.492563e-02,49.00000,30.00000,3364
147,31,9.559235e-02,37.00000,36.00000,616
147,32,9.772479e-02,41.00000,35.00000,682
147,33,9.243726e-02,54.00000,30.00000,704
147,34,9.433496e-02,52.00000,30.00000,630
147,35,9.238645e-02,52.00000,30.00000,666
147,36,8.973792e-02,59.00000,30.00000,767
147,37,9.603981e-02,53.00000,30.00000,632
147,38,9.702499e-02,36.00000,35.00000,630
147,39,1.025031e-01,55.00000,30.00000,669
147,40,9.318410e-02,53.00000,30.00000,2328
147,41,9.504323e-02,36.00000,35.00000,624
147,42,9.352688e-02,49.00000,30.00000,701
147,43,9.340638e-02,49.00000,30.00000,640
147,44,9.887249e-02,36.00000,36.00000,680
147,45,9.736256e-02,37.00000,36.00000,697
147,46,9.566569e-02,55.00000,30.00000,650
147,47,9.461752e-02,57.00000,30.00000,644
147,48,9.434028e-02,49.00000,30.00000,623
147,49,9.577014e-02,42.00000,35.00000,660
147,50,9.649298e-02,44.00000,36.00000,676
147,51,9.502175e-02,50.00000,30.00000,603
147,52,9.696697e-02,36.00000,36.00000,630
147,53,9.658995e-02,44.00000,35.00000,583
147,54,9.756346e-02,49.00000,30.00000,618
147,55,9.318881e-02,46.00000,35.00000,641
147,56,9.803452e-02,43.00000,36.00000,602
147,57,9.732023e-02,57.00000,30.00000,638
147,58,9.708941e-02,43.00000,35.00000,625
147,59,9.922570e-02,38.00000,35.00000,595
147,60,9.824055e-02,35.00000,36.00000,1934
147,61,9.730440e-02,43.00000,35.00000,636
147,62,9.796262e-02,53.00000,30.00000,605
147,63,9.769712e-02,49.00000,30.00000,588
147,64,9.641218e-02,54.00000,30.00000,613
147,65,1.024050e-01,36.00000,36.00000,544
147,66,9.742642e-02,46.00000,36.00000,598
147,67,9.597560e-02,45.00000,35.00000,615
147,68,9.820876e-02,40.00000,36.00000,618
147,69,9.570227e-02,45.00000,35.00000,606
147,70,9.679440e-02,49.00000,30.00000,600
147,71,9.375171e-02,49.00000,30.00000,626
148,0,9.815191e-02,53.00000,30.00000,6854
148,1,9.747771e-02,41.00000,35.00000,678
148,2,9.950007e-02,40.00000,36.00000,675
148,3,9.413978e-02,45.00000,35.00000,626
148,4,9.691694e-02,53.00000,30.00000,712
148,5,9.825875e-02,48.00000,35.00000,674
148,6,9.661864e-02,43.00000,36.00000,712
148,7,9.756936e-02,49.00000,30.00000,733
148,8,1.015678e-01,36.00000,36.00000,647
148,9,9.483506e-02,43.00000,35.00000,674
148,10,9.879239e-02,52.00000,30.00000,5630
148,11,9.341276e-02,45.00000,35.00000,708
148,12,9.302888e-02,49.00000,30.00000,715
148,13,9.708403e-02,45.00000,35.00000,637
148,14,9.741198e-02,42.00000,36.00000,749
148,15,9.555577e-02,45.00000,35.00000,742
148,16,9.574615e-02,55.00000,30.00000,670
148,17,9.900174e-02,45.00000,35.00000,673
148,18,9.284015e-02,57.00000,30.00000,666
148,19,9.708679e-02,46.00000,35.00000,655
148,20,9.455308e-02,49.00000,35.00000,6691
148,21,9.509113e-02,53.00000,30.00000,3309
148,22,9.580679e-02,30.00000,36.00000,670
148,23,9.688506e-02,40.00000,35.00000,638
148,24,9.652238e-02,49.00000,30.00000,696
148,25,9.573485e-02,52.00000,30.00000,676
148,26,9.447639e-02,42.00000,36.00000,636
148,27,9.649733e-02,56.00000,30.00000,633
148,28,9.851280e-02,53.00000,30.00000,697
148,29,9.641787e-02,53.00000,30.00000,654
148,30,9.374944e-02,55.00000,30.00000,7598
148,31,9.953748e-02,43.00000,35.00000,4406
148,32,9.289556e-02,54.00000,30.00000,700
148,33,9.824162e-02,37.00000,35.00000,675
148,34,9.839431e-02,42.00000,40.00000,683
148,35,9.881537e-02,37.00000,35.00000,604
148,36,9.498633e-02,53.00000,30.00000,645
148,37,9.458564e-02,52.00000,30.00000,711
148,38,9.942761e-02,43.00000,36.00000,656
148,39,9.568681e-02,55.00000,30.00000,624
148,40,1.004527e-01,38.00000,35.00000,3938
148,41,9.828212e-02,32.00000,40.00000,10805
148,42,9.789046e-02,53.00000,30.00000,605
148,43,9.674191e-02,37.00000,36.00000,694
148,44,9.379216e-02,49.00000,30.00000,603
148,45,9.711492e-02,42.00000,35.00000,651
148,46,9.505476e-02,43.00000,35.00000,656
148,47,9.424369e-02,53.00000,30.00000,791
148,48,9.718134e-02,42.00000,36.00000,660
148,49,9.864257e-02,49.00000,30.00000,705
148,50,9.585785e-02,52.00000,30.00000,660
148,51,9.449545e-02,49.00000,30.00000,6586
148,52,9.697900e-02,42.00000,35.00000,676
148,53,9.856237e-02,45.00000,35.00000,573
148,54,9.563938e-02,49.00000,30.00000,712
148,55,9.819947e-02,36.00000,35.00000,594
148,56,9.578324e-02,46.00000,35.00000,709
148,57,9.832925e-02,40.00000,35.00000,616
148,58,9.568647e-02,55.00000,30.00000,667
148,59,9.456596e-02,40.00000,40.00000,642
148,60,9.791569e-02,33.00000,40.00000,1694
148,61,9.790111e-02,46.00000,35.00000,3138
148,62,9.642334e-02,36.00000,36.00000,592
148,63,9.685841e-02,44.00000,35.00000,601
148,64,9.930889e-02,26.00000,36.00000,609
148,65,9.838296e-02,36.00000,36.00000,618
148,66,9.973907e-02,53.00000,30.00000,613
148,67,9.803696e-02,49.00000,30.00000,590
148,68,9.607373e-02,49.00000,30.00000,607
148,69,9.912673e-02,49.00000,30.00000,599
148,70,9.520864e-02,49.00000,30.00000,605
148,71,9.788518e-02,43.00000,36.00000,588
149,0,9.783613e-02,35.00000,36.00000,10192
149,1,9.468897e-02,49.00000,30.00000,705
149,2,9.226884e-02,58.00000,30.00000,677
149,3,9.668344e-02,48.00000,35.00000,628
149,4,9.398770e-02,52.00000,30.00000,711
149,5,9.961707e-02,45.00000,35.00000,776
149,6,9.804186e-02,46.00000,35.00000,678
149,7,9.396382e-02,43.00000,35.00000,631
149,8,9.492983e-02,59.00000,30.00000,685
149,9,9.462605e-02,59.00000,30.00000,733
149,10,9.728257e-02,54.00000,30.00000,12772
149,11,9.739205e-02,49.00000,35.00000,700
149,12,9.902311e-02,46.00000,35.00000,662
149,13,9.751464e-02,51.00000,35.00000,669
149,14,9.771196e-02,43.00000,35.00000,710
149,15,1.047057e-01,30.00000,36.00000,620
149,16,1.001767e-01,37.00000,36.00000,664
149,17,9.624170e-02,47.00000,35.00000,638
149,18,9.786993e-02,46.00000,35.00000,647
149,19,9.729510e-02,45.00000,35.00000,648
149,20,9.591824e-02,56.00000,30.00000,10811
149,21,9.570690e-02,53.00000,30.00000,610
149,22,1.021281e-01,36.00000,36.00000,675
149,23,9.691879e-02,48.00000,35.00000,671
149,24,1.006852e-01,37.00000,36.00000,705
149,25,9.952308e-02,42.00000,36.00000,707
149,26,9.913620e-02,44.00000,35.00000,708
149,27,9.714380e-02,44.00000,35.00000,655
149,28,9.810473e-02,46.00000,35.00000,644
149,29,1.000322e-01,45.00000,35.00000,629
149,30,9.565927e-02,48.00000,35.00000,6895
149,31,9.755760e-02,44.00000,35.00000,659
149,32,9.500282e-02,53.00000,30.00000,648
149,33,1.011289e-01,31.00000,36.00000,633
149,34,9.738668e-02,44.00000,35.00000,697
149,35,9.734864e-02,55.00000,30.00000,1989
149,36,9.941944e-02,42.00000,35.00000,722
149,37,9.684043e-02,46.00000,35.00000,649
149,38,9.914680e-02,57.00000,30.00000,813
149,39,9.891519e-02,40.00000,36.00000,675
149,40,9.550051e-02,44.00000,35.00000,2305
149,41,1.038801e-01,25.00000,36.00000,637
149,42,9.998389e-02,43.00000,35.00000,684
149,43,1.009352e-01,47.00000,35.00000,599
149,44,9.543526e-02,52.00000,30.00000,715
149,45,9.532003e-02,45.00000,35.00000,6729
149,46,9.391211e-02,55.00000,30.00000,680
149,47,9.157915e-02,55.00000,30.00000,745
149,48,9.529848e-02,49.00000,30.00000,708
149,49,9.769601e-02,49.00000,30.00000,698
149,50,9.510158e-02,52.00000,30.00000,1902
149,51,9.785472e-02,54.00000,30.00000,788
149,52,1.002568e-01,42.00000,35.00000,575
149,53,9.692787e-02,42.00000,36.00000,642
149,54,9.601583e-02,44.00000,35.00000,696
149,55,9.991663e-02,44.00000,35.00000,7343
149,56,9.502707e-02,44.00000,35.00000,642
149,57,9.999344e-02,39.00000,35.00000,605
149,58,9.383474e-02,57.00000,30.00000,641
149,59,9.346872e-02,54.00000,30.00000,623
149,60,9.331277e-02,53.00000,30.00000,612
149,61,9.641258e-02,53.00000,30.00000,608
149,62,9.311989e-02,54.00000,30.00000,622
149,63,9.689040e-02,49.00000,30.00000,589
149,64,9.433779e-02,52.00000,30.00000,620
149,65,9.773747e-02,49.00000,30.00000,1473
149,66,9.414218e-02,57.00000,30.00000,627
149,67,9.597301e-02,45.00000,35.00000,608
149,68,9.763322e-02,40.00000,40.00000,605
149,69,9.598520e-02,46.00000,35.00000,590
149,70,1.006151e-01,35.00000,36.00000,585
149,71,1.008327e-01,41.00000,40.00000,581
150,0,9.621383e-02,52.00000,30.00000,14402
150,1,9.636845e-02,45.00000,35.00000,714
150,2,9.414077e-02,51.00000,30.00000,652
150,3,9.617712e-02,42.00000,35.00000,699
150,4,9.569319e-02,46.00000,35.00000,699
150,5,9.645886e-02,47.00000,35.00000,657
150,6,9.280144e-02,58.00000,30.00000,699
150,7,9.675202e-02,44.00000,35.00000,685
150,8,9.798869e-02,49.00000,30.00000,636
150,9,9.656180e-02,49.00000,30.00000,752
150,10,1.064192e-01,31.00000,36.00000,7289
150,11,9.767076e-02,41.00000,36.00000,2556
150,12,9.978458e-02,53.00000,30.00000,710
150,13,9.757998e-02,43.00000,35.00000,716
150,14,1.016026e-01,37.00000,40.00000,620
150,15,9.846747e-02,53.00000,30.00000,692
150,16,1.040631e-01,40.00000,36.00000,669
150,17,9.833831e-02,53.00000,30.00000,739
150,18,1.001742e-01,43.00000,35.00000,619
150,19,9.457874e-02,54.00000,30.00000,680
150,20,1.013546e-01,48.00000,35.00000,8328
150,21,1.023153e-01,43.00000,35.00000,2266
150,22,1.014181e-01,36.00000,36.00000,664
150,23,1.024755e-01,39.00000,36.00000,604
150,24,9.694563e-02,42.00000,35.00000,757
150,25,1.003060e-01,44.00000,35.00000,1548
150,26,9.946474e-02,49.00000,35.00000,691
150,27,9.873436e-02,54.00000,30.00000,735
150,28,9.951839e-02,45.00000,35.00000,646
150,29,9.527144e-02,54.00000,30.00000,773
150,30,9.680916e-02,57.00000,30.00000,6326
150,31,9.625842e-02,46.00000,35.00000,4138
150,32,9.501289e-02,54.00000,30.00000,617
150,33,9.573077e-02,45.00000,35.00000,665
150,34,9.789786e-02,49.00000,30.00000,712
150,35,9.833159e-02,49.00000,30.00000,697
150,36,9.522456e-02,49.00000,30.00000,695
150,37,9.928089e-02,45.00000,35.00000,670
150,38,9.857570e-02,58.00000,30.00000,794
150,39,9.742221e-02,43.00000,36.00000,681
150,40,9.749947e-02,41.00000,35.00000,4292
150,41,9.952317e-02,54.00000,30.00000,4376
150,42,1.036924e-01,41.00000,36.00000,654
150,43,1.005184e-01,57.00000,30.00000,658
150,44,9.757426e-02,46.00000,35.00000,667
150,45,9.851793e-02,42.00000,36.00000,643
150,46,1.010206e-01,54.00000,30.00000,686
150,47,9.325997e-02,49.00000,35.00000,674
150,48,9.597971e-02,54.00000,30.00000,888
150,49,9.482805e-02,49.00000,30.00000,735
150,50,1.006969e-01,52.00000,30.00000,5918
150,51,9.942433e-02,37.00000,36.00000,5519
150,52,9.895500e-02,41.00000,36.00000,593
150,53,9.921760e-02,53.00000,30.00000,657
150,54,1.016803e-01,40.00000,36.00000,606
150,55,9.860927e-02,38.00000,35.00000,606
150,56,9.837519e-02,49.00000,30.00000,612
150,57,9.780866e-02,36.00000,35.00000,624
150,58,9.599222e-02,43.00000,36.00000,606
150,59,9.478698e-02,53.00000,30.00000,620
150,60,9.776682e-02,47.00000,35.00000,620
150,61,9.582844e-02,49.00000,30.00000,854
150,62,9.782860e-02,49.00000,35.00000,626
150,63,9.770341e-02,37.00000,35.00000,604
150,64,9.634337e-02,55.00000,30.00000,616
150,65,9.473497e-02,53.00000,30.00000,606
150,66,9.799437e-02,54.00000,30.00000,608
150,67,9.610935e-02,49.00000,30.00000,601
150,68,9.850526e-02,49.00000,30.00000,585
150,69,9.870011e-02,37.00000,36.00000,620
150,70,9.721689e-02,43.00000,35.00000,604
150,71,9.687237e-02,56.00000,30.00000,611
151,0,9.650315e-02,54.00000,30.00000,184534
151,1,9.356505e-02,55.00000,30.00000,618
151,2,9.377608e-02,48.00000,35.00000,717
151,3,9.648609e-02,56.00000,30.00000,623
151,4,9.730379e-02,31.00000,36.00000,630
151,5,9.482501e-02,49.00000,30.00000,655
151,6,1.012800e-01,41.00000,35.00000,559
151,7,9.575900e-02,49.00000,30.00000,649
151,8,9.718764e-02,49.00000,30.00000,654
151,9,9.723137e-02,45.00000,35.00000,716
151,10,1.032278e-01,33.00000,40.00000,8961
151,11,9.566313e-02,53.00000,30.00000,626
151,12,9.933159e-02,36.00000,36.00000,635
151,13,1.009277e-01,37.00000,36.00000,653
151,14,9.517253e-02,49.00000,30.00000,649
151,15,1.004138e-01,36.00000,36.00000,707
151,16,9.893382e-02,48.00000,35.00000,647
151,17,9.934903e-02,52.00000,30.00000,680
151,18,1.041622e-01,37.00000,35.00000,820
151,19,9.909514e-02,46.00000,35.00000,644
151,20,1.034367e-01,42.00000,35.00000,10972
151,21,9.977201e-02,45.00000,35.00000,634
151,22,9.710665e-02,55.00000,30.00000,687
151,23,9.749894e-02,54.00000,30.00000,646
151,24,1.015330e-01,46.00000,36.00000,629
151,25,9.646232e-02,47.00000,35.00000,678
151,26,9.905612e-02,41.00000,35.00000,666
151,27,9.731376e-02,51.00000,35.00000,631
151,28,9.806057e-02,47.00000,35.00000,812
151,29,9.947696e-02,45.00000,35.00000,723
151,30,9.870429e-02,47.00000,35.00000,6869
151,31,9.753486e-02,48.00000,35.00000,682
151,32,9.416980e-02,55.00000,30.00000,715
151,33,1.042599e-01,35.00000,36.00000,589
151,34,1.013952e-01,49.00000,30.00000,762
151,35,1.007189e-01,40.00000,35.00000,618
151,36,1.003220e-01,35.00000,36.00000,624
151,37,9.530351e-02,53.00000,30.00000,733
151,38,9.725106e-02,44.00000,35.00000,699
151,39,1.014269e-01,42.00000,36.00000,697
151,40,9.678853e-02,47.00000,35.00000,11153
151,41,9.599875e-02,49.00000,30.00000,660
151,42,9.734814e-02,43.00000,35.00000,627
151,43,9.813489e-02,41.00000,36.00000,663
151,44,9.544452e-02,54.00000,30.00000,665
151,45,1.010424e-01,41.00000,35.00000,661
151,46,9.886675e-02,47.00000,35.00000,656
151,47,9.733725e-02,49.00000,35.00000,713
151,48,1.012655e-01,38.00000,35.00000,682
151,49,9.636784e-02,52.00000,30.00000,672
151,50,1.005258e-01,37.00000,36.00000,10217
151,51,9.838171e-02,46.00000,35.00000,645
151,52,9.988765e-02,39.00000,35.00000,698
151,53,1.028859e-01,49.00000,30.00000,662
151,54,9.757653e-02,53.00000,30.00000,654
151,55,1.003246e-01,42.00000,36.00000,616
151,56,9.625436e-02,48.00000,36.00000,603
151,57,1.025740e-01,38.00000,35.00000,624
151,58,9.742409e-02,46.00000,35.00000,627
151,59,9.989145e-02,45.00000,35.00000,617
151,60,9.807375e-02,56.00000,30.00000,3046
151,61,1.048810e-01,36.00000,36.00000,603
151,62,1.018411e-01,30.00000,36.00000,605
151,63,9.730227e-02,60.00000,30.00000,635
151,64,9.456252e-02,55.00000,30.00000,618
151,65,1.031221e-01,42.00000,35.00000,604
151,66,9.744116e-02,55.00000,30.00000,617
151,67,9.934212e-02,35.00000,36.00000,587
151,68,9.854515e-02,46.00000,35.00000,592
151,69,9.790055e-02,55.00000,30.00000,615
151,70,1.037145e-01,42.00000,36.00000,579
151,71,9.957122e-02,45.00000,35.00000,594
152,0,1.013472e-01,45.00000,35.00000,12520
152,1,9.656169e-02,57.00000,30.00000,736
152,2,9.558026e-02,53.00000,30.00000,687
152,3,9.713873e-02,44.00000,35.00000,740
152,4,9.531624e-02,54.00000,30.00000,734
152,5,9.540125e-02,49.00000,30.00000,687
152,6,1.000945e-01,49.00000,30.00000,629
152,7,1.003031e-01,36.00000,36.00000,710
152,8,9.829520e-02,44.00000,35.00000,671
152,9,9.799643e-02,44.00000,35.00000,641
152,10,9.527708e-02,53.00000,30.00000,11603
152,11,9.549657e-02,53.00000,30.00000,733
152,12,9.594660e-02,54.00000,30.00000,694
152,13,1.015411e-01,39.00000,35.00000,590
152,14,9.670421e-02,49.00000,30.00000,663
152,15,9.775124e-02,42.00000,35.00000,661
152,16,9.442839e-02,49.00000,30.00000,719
152,17,9.938349e-02,41.00000,35.00000,671
152,18,9.789468e-02,51.00000,35.00000,686
152,19,9.933647e-02,44.00000,35.00000,701
152,20,9.613972e-02,57.00000,30.00000,8518
152,21,9.462301e-02,53.00000,30.00000,685
152,22,9.560972e-02,55.00000,30.00000,3056
152,23,9.874523e-02,46.00000,36.00000,653
152,24,9.554038e-02,49.00000,30.00000,663
152,25,9.692216e-02,50.00000,35.00000,673
152,26,9.593201e-02,51.00000,30.00000,754
152,27,9.945266e-02,42.00000,35.00000,659
152,28,9.895606e-02,54.00000,30.00000,658
152,29,9.760681e-02,44.00000,35.00000,714
152,30,9.744041e-02,47.00000,35.00000,10304
152,31,9.908368e-02,44.00000,35.00000,658
152,32,9.730408e-02,49.00000,30.00000,719
152,33,1.005382e-01,31.00000,36.00000,664
152,34,9.751235e-02,49.00000,30.00000,733
152,35,1.007747e-01,30.00000,36.00000,622
152,36,1.019400e-01,35.00000,36.00000,649
152,37,9.786718e-02,49.00000,30.00000,741
152,38,9.597971e-02,52.00000,30.00000,653
152,39,9.662404e-02,54.00000,30.00000,681
152,40,1.000776e-01,42.00000,35.00000,8627
152,41,9.636768e-02,54.00000,30.00000,716
152,42,9.824015e-02,45.00000,35.00000,1933
152,43,9.674279e-02,42.00000,35.00000,641
152,44,1.043409e-01,40.00000,40.00000,755
152,45,9.731252e-02,43.00000,36.00000,645
152,46,9.940191e-02,54.00000,30.00000,649
152,47,9.329987e-02,49.00000,30.00000,750
152,48,9.593295e-02,51.00000,30.00000,710
152,49,9.628643e-02,55.00000,30.00000,622
152,50,9.849183e-02,53.00000,30.00000,9567
152,51,9.777807e-02,50.00000,35.00000,635
152,52,1.008757e-01,37.00000,35.00000,670
152,53,9.966232e-02,45.00000,35.00000,680
152,54,9.705867e-02,49.00000,30.00000,660
152,55,9.943070e-02,41.00000,35.00000,689
152,56,9.623960e-02,49.00000,30.00000,721
152,57,9.848548e-02,37.00000,36.00000,695
152,58,9.817474e-02,46.00000,35.00000,647
152,59,1.015344e-01,44.00000,35.00000,646
152,60,9.719558e-02,35.00000,36.00000,4080
152,61,1.008697e-01,49.00000,30.00000,607
152,62,9.640718e-02,43.00000,35.00000,608
152,63,9.748785e-02,54.00000,30.00000,603
152,64,9.785178e-02,40.00000,35.00000,591
152,65,1.010005e-01,49.00000,30.00000,586
152,66,9.663149e-02,49.00000,30.00000,593
152,67,9.507030e-02,49.00000,30.00000,622
152,68,9.932709e-02,46.00000,35.00000,586
152,69,9.843738e-02,38.00000,35.00000,601
152,70,9.557078e-02,53.00000,30.00000,608
152,71,9.651802e-02,57.00000,30.00000,627
153,0,9.480400e-02,54.00000,30.00000,5621
153,1,9.450200e-02,53.00000,30.00000,6640
153,2,9.837811e-02,55.00000,30.00000,759
153,3,9.408946e-02,53.00000,30.00000,751
153,4,9.649337e-02,41.00000,35.00000,720
153,5,9.805959e-02,44.00000,35.00000,680
153,6,9.766145e-02,43.00000,36.00000,727
153,7,9.976305e-02,42.00000,35.00000,579
153,8,9.854972e-02,42.00000,35.00000,702
153,9,9.621019e-02,53.00000,30.00000,698
153,10,9.531114e-02,43.00000,36.00000,11074
153,11,9.592692e-02,47.00000,35.00000,707
153,12,9.816626e-02,43.00000,35.00000,669
153,13,1.003115e-01,49.00000,30.00000,731
153,14,9.620424e-02,52.00000,30.00000,630
153,15,1.008260e-01,41.00000,35.00000,656
153,16,9.868285e-02,49.00000,30.00000,663
153,17,9.651708e-02,47.00000,35.00000,659
153,18,9.704857e-02,53.00000,30.00000,816
153,19,9.672450e-02,54.00000,30.00000,618
153,20,9.546027e-02,49.00000,35.00000,9644
153,21,1.009924e-01,43.00000,35.00000,771
153,22,9.598075e-02,52.00000,30.00000,602
153,23,9.641398e-02,53.00000,30.00000,677
153,24,9.856897e-02,37.00000,36.00000,651
153,25,9.859489e-02,49.00000,30.00000,694
153,26,9.912553e-02,48.00000,35.00000,670
153,27,9.618257e-02,41.00000,36.00000,727
153,28,9.544946e-02,56.00000,30.00000,704
153,29,1.000899e-01,48.00000,35.00000,596
153,30,1.002809e-01,54.00000,30.00000,11316
153,31,1.014230e-01,46.00000,35.00000,670
153,32,9.701363e-02,53.00000,30.00000,660
153,33,9.871814e-02,38.00000,35.00000,715
153,34,1.013094e-01,50.00000,35.00000,617
153,35,1.043871e-01,39.00000,36.00000,665
153,36,9.924228e-02,43.00000,36.00000,691
153,37,9.893019e-02,41.00000,35.00000,694
153,38,1.050884e-01,34.00000,40.00000,628
153,39,1.016106e-01,40.00000,35.00000,610
153,40,1.022540e-01,40.00000,36.00000,11586
153,41,1.086760e-01,31.00000,36.00000,669
153,42,9.913456e-02,41.00000,35.00000,672
153,43,9.803958e-02,45.00000,35.00000,724
153,44,9.785828e-02,45.00000,35.00000,777
153,45,9.907188e-02,54.00000,30.00000,754
153,46,9.801894e-02,43.00000,36.00000,657
153,47,1.017185e-01,55.00000,30.00000,648
153,48,9.896741e-02,53.00000,30.00000,667
153,49,9.881357e-02,39.00000,36.00000,673
153,50,9.742258e-02,49.00000,35.00000,10523
153,51,1.013590e-01,45.00000,35.00000,1454
153,52,9.852837e-02,54.00000,30.00000,655
153,53,9.962571e-02,37.00000,35.00000,691
153,54,9.735301e-02,45.00000,35.00000,678
153,55,9.667499e-02,52.00000,30.00000,692
153,56,1.018502e-01,30.00000,36.00000,677
153,57,1.003873e-01,35.00000,36.00000,762
153,58,1.000900e-01,40.00000,35.00000,695
153,59,9.972952e-02,53.00000,30.00000,656
153,60,9.938622e-02,57.00000,30.00000,4849
153,61,9.750571e-02,54.00000,30.00000,618
153,62,9.836246e-02,40.00000,35.00000,620
153,63,9.712584e-02,52.00000,30.00000,629
153,64,1.013958e-01,40.00000,40.00000,597
153,65,9.966131e-02,37.00000,36.00000,612
153,66,1.033666e-01,41.00000,36.00000,572
153,67,9.814005e-02,42.00000,35.00000,604
153,68,1.004618e-01,41.00000,35.00000,581
153,69,1.027484e-01,38.00000,35.00000,568
153,70,1.026293e-01,46.00000,35.00000,587
153,71,1.040980e-01,40.00000,35.00000,566
154,0,9.997514e-02,39.00000,35.00000,4949
154,1,1.020944e-01,48.00000,35.00000,683
154,2,9.938864e-02,48.00000,35.00000,731
154,3,1.012129e-01,40.00000,35.00000,705
154,4,1.000894e-01,40.00000,35.00000,634
154,5,9.889724e-02,40.00000,36.00000,735
154,6,1.008274e-01,35.00000,36.00000,651
154,7,1.025526e-01,53.00000,30.00000,712
154,8,9.757653e-02,53.00000,30.00000,721
154,9,9.633590e-02,48.00000,35.00000,666
154,10,1.035944e-01,49.00000,30.00000,7272
154,11,9.741081e-02,47.00000,36.00000,728
154,12,1.033076e-01,44.00000,35.00000,745
154,13,1.012061e-01,44.00000,35.00000,610
154,14,1.018579e-01,41.00000,35.00000,646
154,15,1.016651e-01,40.00000,35.00000,755
154,16,1.009088e-01,43.00000,40.00000,693
154,17,1.028207e-01,35.00000,36.00000,655
154,18,1.035444e-01,35.00000,36.00000,690
154,19,1.001528e-01,55.00000,30.00000,731
154,20,1.004557e-01,25.00000,36.00000,10294
154,21,1.001711e-01,38.00000,40.00000,681
154,22,9.993643e-02,54.00000,30.00000,723
154,23,1.036765e-01,46.00000,35.00000,650
154,24,9.966820e-02,40.00000,36.00000,649
154,25,1.009599e-01,36.00000,36.00000,713
154,26,1.057724e-01,39.00000,35.00000,676
154,27,9.705516e-02,52.00000,30.00000,702
154,28,1.017747e-01,59.00000,30.00000,698
154,29,1.027492e-01,37.00000,36.00000,643
154,30,9.830428e-02,49.00000,30.00000,6746
154,31,1.001033e-01,56.00000,30.00000,701
154,32,9.896407e-02,41.00000,35.00000,743
154,33,1.020370e-01,48.00000,35.00000,707
154,34,9.792991e-02,57.00000,30.00000,683
154,35,9.611119e-02,55.00000,30.00000,680
154,36,9.622218e-02,53.00000,30.00000,653
154,37,9.852316e-02,41.00000,36.00000,691
154,38,9.431472e-02,48.00000,35.00000,784
154,39,9.561791e-02,53.00000,30.00000,641
154,40,1.044531e-01,31.00000,36.00000,7303
154,41,1.028717e-01,40.00000,40.00000,655
154,42,9.879810e-02,46.00000,36.00000,664
154,43,9.882504e-02,54.00000,30.00000,655
154,44,1.013637e-01,44.00000,36.00000,652
154,45,1.041180e-01,39.00000,36.00000,591
154,46,9.842377e-02,54.00000,30.00000,760
154,47,1.012664e-01,41.00000,36.00000,694
154,48,1.016731e-01,49.00000,30.00000,631
154,49,9.891701e-02,53.00000,30.00000,695
154,50,1.010076e-01,54.00000,30.00000,10233
154,51,9.927851e-02,35.00000,40.00000,700
154,52,1.023167e-01,54.00000,30.00000,702
154,53,1.006556e-01,30.00000,36.00000,656
154,54,9.874973e-02,56.00000,30.00000,689
154,55,1.038472e-01,36.00000,36.00000,684
154,56,9.918831e-02,45.00000,36.00000,674
154,57,1.004883e-01,41.00000,36.00000,619
154,58,9.896889e-02,54.00000,30.00000,674
154,59,1.024794e-01,53.00000,30.00000,630
154,60,9.869684e-02,47.00000,35.00000,4981
154,61,1.007230e-01,43.00000,35.00000,598
154,62,9.897096e-02,57.00000,30.00000,627
154,63,9.940748e-02,44.00000,35.00000,612
154,64,9.876830e-02,47.00000,35.00000,607
154,65,9.831634e-02,48.00000,35.00000,604
154,66,1.013045e-01,49.00000,30.00000,586
154,67,9.869584e-02,45.00000,35.00000,584
154,68,1.004552e-01,49.00000,30.00000,591
154,69,9.838490e-02,49.00000,35.00000,607
154,70,1.027053e-01,30.00000,36.00000,595
154,71,1.013872e-01,49.00000,30.00000,599
155,0,9.789763e-02,52.00000,30.00000,8218
155,1,9.908734e-02,44.00000,35.00000,3450
155,2,1.011838e-01,53.00000,30.00000,692
155,3,9.854983e-02,55.00000,30.00000,687
155,4,9.960949e-02,54.00000,30.00000,663
155,5,1.026546e-01,31.00000,36.00000,657
155,6,9.915482e-02,45.00000,35.00000,698
155,7,9.980370e-02,34.00000,36.00000,626
155,8,1.019856e-01,41.00000,35.00000,724
155,9,1.050571e-01,35.00000,36.00000,700
155,10,1.027055e-01,41.00000,35.00000,9984
155,11,9.899451e-02,53.00000,30.00000,762
155,12,9.810332e-02,52.00000,30.00000,828
155,13,1.018658e-01,31.00000,36.00000,602
155,14,1.050014e-01,54.00000,30.00000,747
155,15,9.795713e-02,54.00000,30.00000,649
155,16,1.005071e-01,42.00000,35.00000,693
155,17,9.980094e-02,53.00000,30.00000,763
155,18,9.869614e-02,49.00000,35.00000,730
155,19,9.868480e-02,42.00000,36.00000,655
155,20,9.537660e-02,53.00000,30.00000,12472
155,21,1.013508e-01,45.00000,35.00000,705
155,22,1.055582e-01,31.00000,36.00000,845
155,23,1.010139e-01,36.00000,36.00000,678
155,24,1.008939e-01,46.00000,35.00000,665
155,25,1.044443e-01,36.00000,36.00000,692
155,26,1.012155e-01,48.00000,35.00000,601
155,27,1.004839e-01,49.00000,30.00000,631
155,28,1.024400e-01,52.00000,30.00000,665
155,29,1.017829e-01,51.00000,35.00000,720
155,30,1.012897e-01,31.00000,36.00000,8786
155,31,9.989484e-02,54.00000,30.00000,1190
155,32,1.016553e-01,46.00000,35.00000,727
155,33,1.065696e-01,30.00000,36.00000,681
155,34,1.007045e-01,52.00000,30.00000,654
155,35,1.062599e-01,37.00000,36.00000,625
155,36,1.013392e-01,39.00000,36.00000,586
155,37,1.008199e-01,44.00000,35.00000,720
155,38,1.020605e-01,30.00000,36.00000,749
155,39,1.028549e-01,45.00000,35.00000,615
155,40,9.807615e-02,43.00000,35.00000,15108
155,41,1.015941e-01,54.00000,30.00000,634
155,42,1.018241e-01,40.00000,40.00000,704
155,43,1.003195e-01,54.00000,30.00000,676
155,44,9.937227e-02,45.00000,35.00000,704
155,45,1.020760e-01,42.00000,35.00000,690
155,46,9.754975e-02,42.00000,35.00000,710
155,47,1.028022e-01,35.00000,36.00000,741
155,48,1.006137e-01,44.00000,35.00000,707
155,49,1.010863e-01,45.00000,35.00000,757
155,50,1.024015e-01,45.00000,35.00000,8914
155,51,1.014673e-01,61.00000,30.00000,690
155,52,1.015174e-01,48.00000,35.00000,664
155,53,9.855994e-02,46.00000,35.00000,681
155,54,1.022867e-01,42.00000,35.00000,659
155,55,1.006262e-01,55.00000,30.00000,704
155,56,9.898064e-02,44.00000,35.00000,707
155,57,9.905452e-02,49.00000,30.00000,642
155,58,9.775906e-02,51.00000,30.00000,630
155,59,9.904066e-02,41.00000,35.00000,630
155,60,9.805292e-02,45.00000,36.00000,3161
155,61,9.862544e-02,51.00000,30.00000,626
155,62,9.889519e-02,43.00000,35.00000,606
155,63,9.822067e-02,42.00000,35.00000,625
155,64,9.914780e-02,49.00000,30.00000,599
155,65,9.964957e-02,46.00000,35.00000,593
155,66,9.978806e-02,49.00000,30.00000,630
155,67,9.730638e-02,42.00000,36.00000,613
155,68,9.873519e-02,52.00000,30.00000,596
155,69,9.730262e-02,53.00000,30.00000,626
155,70,9.970843e-02,43.00000,35.00000,588
155,71,1.028014e-01,42.00000,35.00000,594
156,0,1.041939e-01,47.00000,35.00000,8997
156,1,1.027115e-01,30.00000,36.00000,710
156,2,1.027684e-01,43.00000,36.00000,646
156,3,1.037464e-01,25.00000,36.00000,727
156,4,1.004681e-01,42.00000,35.00000,688
156,5,1.010226e-01,53.00000,30.00000,707
156,6,1.001987e-01,48.00000,35.00000,712
156,7,1.006217e-01,45.00000,35.00000,670
156,8,1.016517e-01,49.00000,30.00000,691
156,9,1.012960e-01,48.00000,35.00000,640
156,10,1.036120e-01,37.00000,36.00000,4395
156,11,1.063354e-01,43.00000,35.00000,834
156,12,1.052412e-01,37.00000,35.00000,1301
156,13,1.008805e-01,37.00000,36.00000,691
156,14,9.994617e-02,44.00000,35.00000,1080
156,15,1.020790e-01,47.00000,35.00000,624
156,16,1.076732e-01,25.00000,36.00000,645
156,17,1.022488e-01,39.00000,36.00000,701
156,18,1.004984e-01,49.00000,30.00000,618
156,19,1.037982e-01,53.00000,30.00000,636
156,20,1.010299e-01,45.00000,35.00000,8438
156,21,9.964564e-02,37.00000,35.00000,1736
156,22,9.925298e-02,59.00000,30.00000,667
156,23,1.024007e-01,43.00000,36.00000,2465
156,24,9.862445e-02,57.00000,30.00000,790
156,25,1.037183e-01,37.00000,35.00000,653
156,26,9.509175e-02,54.00000,30.00000,687
156,27,9.951024e-02,54.00000,30.00000,676
156,28,9.548214e-02,52.00000,30.00000,757
156,29,1.014215e-01,46.00000,35.00000,673
156,30,9.857999e-02,55.00000,30.00000,7567
156,31,9.678213e-02,43.00000,35.00000,628
156,32,1.029609e-01,37.00000,36.00000,717
156,33,9.936458e-02,49.00000,30.00000,8416
156,34,9.889781e-02,57.00000,30.00000,729
156,35,9.641382e-02,53.00000,30.00000,661
156,36,1.056717e-01,37.00000,36.00000,620
156,37,1.057601e-01,30.00000,36.00000,701
156,38,1.028074e-01,44.00000,36.00000,737
156,39,9.899711e-02,45.00000,35.00000,626
156,40,1.032936e-01,45.00000,35.00000,784
156,41,9.685819e-02,54.00000,30.00000,2386
156,42,9.527062e-02,57.00000,30.00000,727
156,43,9.869841e-02,47.00000,35.00000,8431
156,44,1.007846e-01,49.00000,30.00000,715
156,45,1.009440e-01,49.00000,30.00000,701
156,46,9.637789e-02,57.00000,30.00000,775
156,47,9.950401e-02,56.00000,30.00000,625
156,48,9.689061e-02,54.00000,30.00000,754
156,49,1.025126e-01,44.00000,35.00000,637
156,50,9.830867e-02,35.00000,36.00000,653
156,51,9.872536e-02,49.00000,35.00000,3702
156,52,1.008212e-01,53.00000,30.00000,767
156,53,9.862585e-02,49.00000,30.00000,9335
156,54,1.064667e-01,38.00000,35.00000,595
156,55,9.963246e-02,44.00000,35.00000,688
156,56,9.979104e-02,47.00000,36.00000,709
156,57,9.777837e-02,53.00000,30.00000,668
156,58,1.029231e-01,41.00000,36.00000,620
156,59,1.041904e-01,43.00000,35.00000,617
156,60,9.865339e-02,55.00000,30.00000,655
156,61,1.022206e-01,42.00000,35.00000,606
156,62,1.007355e-01,43.00000,36.00000,586
156,63,1.033335e-01,41.00000,35.00000,1716
156,64,1.014325e-01,40.00000,35.00000,586
156,65,9.977233e-02,43.00000,35.00000,617
156,66,1.011994e-01,48.00000,35.00000,593
156,67,9.804562e-02,57.00000,30.00000,626
156,68,1.018779e-01,46.00000,35.00000,588
156,69,1.010343e-01,44.00000,35.00000,592
156,70,1.008860e-01,46.00000,35.00000,619
156,71,1.003742e-01,53.00000,30.00000,606
157,0,1.043543e-01,37.00000,36.00000,12711
157,1,9.995624e-02,44.00000,35.00000,705
157,2,9.901025e-02,41.00000,35.00000,694
157,3,1.007999e-01,49.00000,30.00000,745
157,4,1.015462e-01,43.00000,35.00000,648
157,5,9.921588e-02,52.00000,30.00000,615
157,6,1.038212e-01,40.00000,35.00000,677
157,7,9.919211e-02,54.00000,30.00000,634
157,8,9.825845e-02,36.00000,40.00000,779
157,9,1.007152e-01,49.00000,30.00000,758
157,10,1.019295e-01,38.00000,36.00000,9086
157,11,1.045756e-01,52.00000,30.00000,696
157,12,1.041766e-01,48.00000,35.00000,662
157,13,1.066440e-01,25.00000,36.00000,654
157,14,1.085650e-01,38.00000,40.00000,595
157,15,1.103824e-01,35.00000,36.00000,592
157,16,1.012352e-01,49.00000,35.00000,746
157,17,9.996527e-02,42.00000,35.00000,642
157,18,1.089293e-01,25.00000,36.00000,673
157,19,1.046560e-01,36.00000,36.00000,704
157,20,9.775685e-02,49.00000,30.00000,12885
157,21,9.733436e-02,46.00000,35.00000,654
157,22,1.005510e-01,56.00000,30.00000,679
157,23,1.031235e-01,25.00000,36.00000,654
157,24,1.024398e-01,49.00000,30.00000,666
157,25,1.023301e-01,47.00000,35.00000,668
157,26,1.008274e-01,49.00000,30.00000,704
157,27,9.746382e-02,53.00000,30.00000,713
157,28,1.081157e-01,30.00000,36.00000,639
157,29,1.030739e-01,49.00000,30.00000,620
157,30,1.028847e-01,30.00000,36.00000,12682
157,31,1.008478e-01,48.00000,35.00000,654
157,32,1.024890e-01,43.00000,35.00000,652
157,33,1.029088e-01,55.00000,30.00000,707
157,34,1.029991e-01,44.00000,35.00000,704
157,35,1.009192e-01,46.00000,35.00000,637
157,36,1.016823e-01,49.00000,30.00000,669
157,37,1.066752e-01,43.00000,35.00000,627
157,38,1.024063e-01,43.00000,36.00000,760
157,39,1.052621e-01,35.00000,36.00000,709
157,40,1.027535e-01,36.00000,36.00000,9079
157,41,9.966292e-02,42.00000,35.00000,731
157,42,9.673888e-02,57.00000,30.00000,718
157,43,1.016165e-01,41.00000,36.00000,667
157,44,9.866869e-02,53.00000,30.00000,655
157,45,1.049830e-01,48.00000,35.00000,651
157,46,1.030157e-01,40.00000,36.00000,631
157,47,1.027235e-01,31.00000,36.00000,738
157,48,1.001617e-01,42.00000,35.00000,651
157,49,9.967202e-02,56.00000,30.00000,613
157,50,9.852974e-02,57.00000,30.00000,11499
157,51,9.849524e-02,49.00000,30.00000,678
157,52,1.023375e-01,52.00000,35.00000,673
157,53,9.827980e-02,45.00000,35.00000,651
157,54,1.028450e-01,41.00000,36.00000,590
157,55,1.021098e-01,49.00000,30.00000,586
157,56,1.023707e-01,45.00000,35.00000,584
157,57,9.998953e-02,52.00000,35.00000,641
157,58,1.004302e-01,41.00000,36.00000,601
157,59,1.082799e-01,35.00000,40.00000,582
157,60,1.036076e-01,44.00000,35.00000,1695
157,61,1.005028e-01,42.00000,35.00000,586
157,62,9.845028e-02,53.00000,30.00000,606
157,63,1.015505e-01,43.00000,35.00000,600
157,64,9.856713e-02,52.00000,30.00000,619
157,65,9.822953e-02,55.00000,30.00000,616
157,66,1.014305e-01,42.00000,35.00000,615
157,67,1.015515e-01,30.00000,36.00000,618
157,68,9.981217e-02,49.00000,30.00000,599
157,69,9.631696e-02,59.00000,30.00000,638
157,70,1.016486e-01,52.00000,30.00000,595
157,71,1.013788e-01,42.00000,36.00000,598
158,0,1.007994e-01,43.00000,35.00000,15807
158,1,1.041277e-01,35.00000,36.00000,2785
158,2,1.023549e-01,53.00000,30.00000,698
158,3,9.959617e-02,49.00000,30.00000,676
158,4,1.006250e-01,42.00000,35.00000,702
158,5,1.030695e-01,42.00000,35.00000,579
158,6,1.040222e-01,35.00000,36.00000,638
158,7,1.015871e-01,45.00000,35.00000,682
158,8,1.009808e-01,46.00000,35.00000,767
158,9,1.054351e-01,42.00000,36.00000,589
158,10,9.933549e-02,52.00000,30.00000,4496
158,11,1.083661e-01,54.00000,30.00000,6112
158,12,1.019957e-01,55.00000,30.00000,700
158,13,9.953275e-02,41.00000,36.00000,746
158,14,9.751533e-02,54.00000,30.00000,639
158,15,9.796125e-02,57.00000,30.00000,744
158,16,9.757125e-02,40.00000,40.00000,694
158,17,9.898424e-02,56.00000,30.00000,690
158,18,1.010847e-01,47.00000,35.00000,708
158,19,9.929863e-02,36.00000,36.00000,826
158,20,1.025644e-01,37.00000,35.00000,7731
158,21,1.036780e-01,47.00000,35.00000,2204
158,22,1.019987e-01,51.00000,30.00000,733
158,23,9.877044e-02,48.00000,35.00000,725
158,24,9.972131e-02,53.00000,30.00000,1024
158,25,9.986176e-02,43.00000,35.00000,752
158,26,9.894861e-02,43.00000,35.00000,660
158,27,1.053715e-01,45.00000,36.00000,664
158,28,1.055563e-01,30.00000,36.00000,614
158,29,1.027632e-01,47.00000,35.00000,685
158,30,1.063452e-01,37.00000,40.00000,6933
158,31,9.902429e-02,54.00000,30.00000,2453
158,32,1.027562e-01,44.00000,35.00000,1424
158,33,1.036334e-01,38.00000,40.00000,699
158,34,1.024333e-01,36.00000,35.00000,679
158,35,9.957998e-02,49.00000,30.00000,669
158,36,1.040164e-01,43.00000,35.00000,703
158,37,1.003300e-01,45.00000,35.00000,627
158,38,9.868693e-02,58.00000,30.00000,682
158,39,1.051229e-01,40.00000,35.00000,663
158,40,1.018815e-01,44.00000,35.00000,5227
158,41,1.002594e-01,42.00000,36.00000,4943
158,42,1.023211e-01,47.00000,35.00000,662
158,43,1.047817e-01,48.00000,35.00000,668
158,44,1.022950e-01,49.00000,30.00000,681
158,45,1.021776e-01,44.00000,35.00000,607
158,46,9.795348e-02,49.00000,30.00000,691
158,47,1.011143e-01,43.00000,35.00000,724
158,48,1.040911e-01,43.00000,36.00000,631
158,49,1.046345e-01,35.00000,36.00000,769
158,50,9.871546e-02,53.00000,30.00000,8073
158,51,1.016499e-01,54.00000,30.00000,673
158,52,1.047540e-01,49.00000,30.00000,1975
158,53,1.013141e-01,40.00000,36.00000,588
158,54,1.045628e-01,49.00000,30.00000,3669
158,55,1.027317e-01,45.00000,35.00000,591
158,56,1.056943e-01,38.00000,35.00000,586
158,57,1.010364e-01,42.00000,35.00000,616
158,58,1.060188e-01,41.00000,35.00000,578
158,59,1.086362e-01,25.00000,36.00000,588
158,60,9.946595e-02,45.00000,36.00000,616
158,61,1.075096e-01,31.00000,36.00000,583
158,62,9.868386e-02,49.00000,30.00000,609
158,63,1.016683e-01,49.00000,30.00000,586
158,64,9.646943e-02,49.00000,35.00000,637
158,65,9.986466e-02,49.00000,30.00000,589
158,66,1.000627e-01,49.00000,30.00000,618
158,67,9.802026e-02,58.00000,30.00000,621
158,68,9.907131e-02,49.00000,30.00000,610
158,69,9.963160e-02,49.00000,30.00000,616
158,70,1.000681e-01,44.00000,35.00000,606
158,71,1.006701e-01,40.00000,35.00000,610
159,0,9.954560e-02,60.00000,30.00000,16004
159,1,1.014059e-01,56.00000,30.00000,697
159,2,9.811602e-02,49.00000,30.00000,660
159,3,9.847341e-02,49.00000,30.00000,663
159,4,9.740166e-02,49.00000,30.00000,684
159,5,9.941831e-02,44.00000,35.00000,702
159,6,1.014498e-01,40.00000,40.00000,687
159,7,1.019148e-01,52.00000,30.00000,657
159,8,9.895436e-02,50.00000,35.00000,752
159,9,1.007595e-01,47.00000,35.00000,720
159,10,1.039164e-01,31.00000,36.00000,10874
159,11,9.987505e-02,48.00000,35.00000,706
159,12,1.011074e-01,43.00000,35.00000,655
159,13,1.028362e-01,40.00000,35.00000,710
159,14,1.024496e-01,43.00000,35.00000,638
159,15,1.037880e-01,49.00000,30.00000,722
159,16,1.022303e-01,49.00000,30.00000,663
159,17,1.019438e-01,48.00000,36.00000,684
159,18,1.064360e-01,47.00000,35.00000,631
159,19,1.017045e-01,58.00000,30.00000,661
159,20,1.002747e-01,30.00000,36.00000,9207
159,21,1.098018e-01,49.00000,30.00000,659
159,22,1.002063e-01,41.00000,36.00000,697
159,23,9.902460e-02,52.00000,30.00000,657
159,24,9.953774e-02,47.00000,35.00000,665
159,25,9.933741e-02,49.00000,30.00000,698
159,26,9.964618e-02,44.00000,35.00000,653
159,27,9.905980e-02,53.00000,30.00000,2147
159,28,9.694648e-02,49.00000,30.00000,711
159,29,9.670331e-02,57.00000,30.00000,695
159,30,1.011368e-01,49.00000,30.00000,7207
159,31,9.914711e-02,49.00000,30.00000,714
159,32,1.023521e-01,43.00000,35.00000,626
159,33,1.013217e-01,46.00000,35.00000,714
159,34,1.016697e-01,51.00000,30.00000,678
159,35,1.019426e-01,42.00000,35.00000,736
159,36,9.841454e-02,40.00000,35.00000,674
159,37,9.866672e-02,55.00000,30.00000,2367
159,38,1.002830e-01,53.00000,30.00000,606
159,39,1.021268e-01,48.00000,35.00000,717
159,40,1.007844e-01,43.00000,35.00000,7996
159,41,1.048047e-01,51.00000,30.00000,971
159,42,1.033170e-01,49.00000,30.00000,614
159,43,1.033728e-01,36.00000,40.00000,690
159,44,1.032078e-01,43.00000,35.00000,606
159,45,1.028600e-01,41.00000,36.00000,693
159,46,1.027945e-01,51.00000,30.00000,741
159,47,1.023910e-01,42.00000,36.00000,2011
159,48,1.022452e-01,53.00000,30.00000,689
159,49,9.837124e-02,44.00000,35.00000,2505
159,50,9.694801e-02,53.00000,30.00000,6588
159,51,1.005785e-01,53.00000,30.00000,1370
159,52,9.679578e-02,53.00000,30.00000,696
159,53,1.014283e-01,30.00000,36.00000,689
159,54,1.035902e-01,44.00000,35.00000,664
159,55,1.024512e-01,41.00000,35.00000,645
159,56,1.042886e-01,58.00000,30.00000,658
159,57,9.824535e-02,49.00000,30.00000,1009
159,58,9.925639e-02,49.00000,30.00000,685
159,59,9.953396e-02,54.00000,30.00000,687
159,60,9.869745e-02,49.00000,30.00000,2853
159,61,9.915489e-02,49.00000,30.00000,620
159,62,1.062725e-01,41.00000,36.00000,589
159,63,1.000984e-01,48.00000,35.00000,607
159,64,9.862517e-02,53.00000,30.00000,608
159,65,1.045716e-01,55.00000,30.00000,615
159,66,1.036563e-01,36.00000,35.00000,599
159,67,1.025294e-01,43.00000,35.00000,596
159,68,1.040952e-01,45.00000,35.00000,582
159,69,9.947672e-02,54.00000,30.00000,605
159,70,1.023168e-01,49.00000,30.00000,585
159,71,1.012834e-01,44.00000,35.00000,593
160,0,1.027774e-01,40.00000,36.00000,2399
160,1,1.001832e-01,49.00000,30.00000,1048
160,2,1.029724e-01,35.00000,36.00000,676
160,3,1.045229e-01,53.00000,30.00000,1559
160,4,1.074955e-01,43.00000,35.00000,643
160,5,1.074251e-01,36.00000,36.00000,663
160,6,1.073798e-01,45.00000,35.00000,698
160,7,1.020152e-01,40.00000,35.00000,707
160,8,9.836196e-02,60.00000,30.00000,703
160,9,9.976619e-02,55.00000,30.00000,768
160,10,9.938849e-02,52.00000,30.00000,4125
160,11,1.033028e-01,32.00000,36.00000,775
160,12,1.042220e-01,49.00000,30.00000,680
160,13,1.006566e-01,52.00000,30.00000,2015
160,14,1.041261e-01,42.00000,35.00000,675
160,15,9.672990e-02,60.00000,30.00000,681
160,16,1.075779e-01,42.00000,35.00000,616
160,17,9.856655e-02,54.00000,30.00000,725
160,18,1.008748e-01,58.00000,30.00000,658
160,19,1.009211e-01,42.00000,36.00000,772
160,20,1.040979e-01,47.00000,35.00000,9021
160,21,1.047165e-01,49.00000,30.00000,672
160,22,1.010682e-01,42.00000,35.00000,701
160,23,1.006089e-01,41.00000,36.00000,686
160,24,1.010383e-01,49.00000,30.00000,697
160,25,1.042195e-01,35.00000,36.00000,688
160,26,1.017143e-01,44.00000,35.00000,625
160,27,1.036333e-01,46.00000,35.00000,783
160,28,1.022799e-01,49.00000,30.00000,705
160,29,1.044102e-01,52.00000,30.00000,608
160,30,1.012724e-01,52.00000,30.00000,9929
160,31,9.706865e-02,54.00000,30.00000,832
160,32,1.021199e-01,49.00000,30.00000,648
160,33,1.029594e-01,55.00000,30.00000,683
160,34,1.004096e-01,40.00000,35.00000,698
160,35,1.018233e-01,35.00000,36.00000,707
160,36,1.030817e-01,58.00000,30.00000,638
160,37,1.017487e-01,46.00000,35.00000,671
160,38,9.915409e-02,58.00000,30.00000,637
160,39,1.029664e-01,46.00000,35.00000,708
160,40,1.020044e-01,47.00000,35.00000,9130
160,41,1.020589e-01,56.00000,30.00000,656
160,42,1.010218e-01,53.00000,30.00000,685
160,43,1.027709e-01,40.00000,36.00000,751
160,44,1.048813e-01,42.00000,35.00000,675
160,45,1.018645e-01,35.00000,36.00000,655
160,46,1.068090e-01,36.00000,40.00000,715
160,47,1.050386e-01,52.00000,35.00000,659
160,48,1.028782e-01,45.00000,35.00000,641
160,49,1.068236e-01,43.00000,35.00000,706
160,50,1.044483e-01,41.00000,35.00000,9221
160,51,1.026861e-01,54.00000,30.00000,687
160,52,9.891362e-02,53.00000,30.00000,728
160,53,9.896284e-02,57.00000,30.00000,675
160,54,9.796844e-02,53.00000,30.00000,715
160,55,9.922621e-02,51.00000,30.00000,660
160,56,1.027988e-01,49.00000,30.00000,696
160,57,1.039820e-01,42.00000,35.00000,649
160,58,1.009638e-01,39.00000,36.00000,767
160,59,1.014517e-01,49.00000,30.00000,653
160,60,9.790889e-02,52.00000,35.00000,4797
160,61,1.013107e-01,47.00000,35.00000,644
160,62,1.014450e-01,42.00000,35.00000,590
160,63,1.009004e-01,52.00000,30.00000,618
160,64,9.979916e-02,56.00000,30.00000,610
160,65,1.031578e-01,53.00000,30.00000,604
160,66,9.932838e-02,53.00000,30.00000,607
160,67,1.035427e-01,41.00000,36.00000,590
160,68,1.014795e-01,52.00000,30.00000,599
160,69,1.015377e-01,44.00000,35.00000,614
160,70,1.064375e-01,41.00000,35.00000,576
160,71,1.089720e-01,36.00000,36.00000,542
161,0,1.035213e-01,52.00000,30.00000,9878
161,1,1.061060e-01,52.00000,30.00000,4327
161,2,1.072983e-01,31.00000,36.00000,604
161,3,9.942671e-02,50.00000,30.00000,663
161,4,1.044880e-01,40.00000,35.00000,656
161,5,1.015853e-01,45.00000,35.00000,719
161,6,9.814143e-02,49.00000,30.00000,703
161,7,1.076007e-01,31.00000,36.00000,746
161,8,1.002434e-01,43.00000,36.00000,699
161,9,1.127318e-01,31.00000,36.00000,625
161,10,1.044416e-01,43.00000,35.00000,5065
161,11,9.974185e-02,55.00000,30.00000,4288
161,12,9.736235e-02,59.00000,30.00000,807
161,13,1.020728e-01,52.00000,30.00000,625
161,14,9.876714e-02,49.00000,30.00000,721
161,15,1.017404e-01,54.00000,30.00000,637
161,16,1.005308e-01,41.00000,35.00000,712
161,17,9.997371e-02,42.00000,36.00000,614
161,18,1.042169e-01,31.00000,36.00000,722
161,19,1.056975e-01,52.00000,30.00000,756
161,20,1.036372e-01,51.00000,30.00000,1728
161,21,1.075575e-01,41.00000,36.00000,8441
161,22,1.063402e-01,45.00000,35.00000,685
161,23,1.082159e-01,32.00000,36.00000,616
161,24,1.012784e-01,54.00000,30.00000,721
161,25,1.033685e-01,35.00000,36.00000,669
161,26,9.931295e-02,54.00000,30.00000,654
161,27,1.001878e-01,53.00000,30.00000,723
161,28,1.155431e-01,25.00000,36.00000,655
161,29,1.073356e-01,40.00000,36.00000,636
161,30,1.021541e-01,57.00000,30.00000,4844
161,31,1.034343e-01,44.00000,35.00000,2265
161,32,1.042526e-01,38.00000,35.00000,586
161,33,1.041627e-01,47.00000,35.00000,685
161,34,1.043620e-01,45.00000,35.00000,688
161,35,1.032695e-01,38.00000,40.00000,688
161,36,1.012712e-01,46.00000,36.00000,754
161,37,1.028386e-01,51.00000,35.00000,642
161,38,1.055989e-01,44.00000,35.00000,626
161,39,1.048083e-01,43.00000,35.00000,696
161,40,1.028744e-01,46.00000,35.00000,10348
161,41,1.002831e-01,54.00000,30.00000,694
161,42,1.052553e-01,31.00000,36.00000,620
161,43,1.008179e-01,48.00000,35.00000,751
161,44,9.907453e-02,49.00000,30.00000,732
161,45,1.000188e-01,54.00000,30.00000,631
161,46,1.011284e-01,49.00000,30.00000,685
161,47,1.017217e-01,48.00000,35.00000,735
161,48,1.022321e-01,54.00000,30.00000,636
161,49,1.064126e-01,45.00000,35.00000,653
161,50,9.978286e-02,54.00000,30.00000,11525
161,51,1.033441e-01,45.00000,35.00000,665
161,52,1.037153e-01,44.00000,35.00000,616
161,53,9.920614e-02,46.00000,35.00000,685
161,54,1.001773e-01,54.00000,30.00000,672
161,55,1.013150e-01,49.00000,30.00000,627
161,56,1.017456e-01,39.00000,35.00000,685
161,57,9.957602e-02,57.00000,30.00000,692
161,58,1.006216e-01,55.00000,30.00000,630
161,59,1.006949e-01,48.00000,35.00000,692
161,60,1.059642e-01,36.00000,40.00000,2976
161,61,9.972937e-02,49.00000,30.00000,628
161,62,1.017452e-01,48.00000,35.00000,596
161,63,1.107797e-01,25.00000,36.00000,568
161,64,1.038771e-01,40.00000,35.00000,620
161,65,9.855870e-02,54.00000,30.00000,630
161,66,1.041580e-01,46.00000,36.00000,616
161,67,1.041021e-01,49.00000,30.00000,585
161,68,9.946977e-02,54.00000,30.00000,614
161,69,1.016858e-01,41.00000,35.00000,636
161,70,1.019270e-01,48.00000,35.00000,594
161,71,1.001923e-01,49.00000,30.00000,616
162,0,1.013668e-01,55.00000,30.00000,9270
162,1,9.891468e-02,53.00000,30.00000,644
162,2,1.026423e-01,49.00000,30.00000,1002
162,3,1.017900e-01,48.00000,35.00000,626
162,4,1.029957e-01,43.00000,35.00000,720
162,5,1.011657e-01,49.00000,30.00000,722
162,6,1.042723e-01,36.00000,35.00000,662
162,7,1.038273e-01,44.00000,35.00000,655
162,8,1.024246e-01,45.00000,35.00000,696
162,9,1.022300e-01,45.00000,35.00000,658
162,10,1.059435e-01,53.00000,30.00000,7961
162,11,1.014171e-01,44.00000,36.00000,679
162,12,1.043245e-01,40.00000,36.00000,2344
162,13,1.037311e-01,40.00000,35.00000,685
162,14,1.013588e-01,43.00000,35.00000,711
162,15,1.043488e-01,41.00000,36.00000,648
162,16,1.024386e-01,43.00000,35.00000,681
162,17,1.069785e-01,58.00000,30.00000,649
162,18,1.032494e-01,51.00000,30.00000,719
162,19,1.056468e-01,45.00000,35.00000,611
162,20,1.055721e-01,37.00000,36.00000,7074
162,21,1.052589e-01,54.00000,30.00000,801
162,22,1.047734e-01,46.00000,35.00000,1860
162,23,9.974373e-02,57.00000,30.00000,674
162,24,1.062991e-01,35.00000,36.00000,709
162,25,1.057738e-01,39.00000,35.00000,668
162,26,1.040003e-01,46.00000,35.00000,623
162,27,1.047615e-01,46.00000,35.00000,721
162,28,1.074878e-01,44.00000,35.00000,654
162,29,1.043717e-01,46.00000,35.00000,639
162,30,1.075926e-01,39.00000,36.00000,6239
162,31,1.095829e-01,37.00000,36.00000,2957
162,32,1.038121e-01,44.00000,35.00000,3126
162,33,1.076148e-01,36.00000,36.00000,681
162,34,1.053563e-01,37.00000,36.00000,697
162,35,1.052546e-01,54.00000,30.00000,663
162,36,1.031200e-01,47.00000,35.00000,760
162,37,1.067878e-01,44.00000,35.00000,657
162,38,1.087127e-01,37.00000,36.00000,647
162,39,1.072330e-01,53.00000,30.00000,709
162,40,1.041892e-01,49.00000,35.00000,4404
162,41,1.027466e-01,43.00000,35.00000,3849
162,42,1.031495e-01,53.00000,30.00000,4320
162,43,1.027305e-01,48.00000,35.00000,735
162,44,1.030902e-01,54.00000,30.00000,660
162,45,1.071864e-01,37.00000,35.00000,715
162,46,9.965599e-02,49.00000,30.00000,696
162,47,1.032124e-01,36.00000,36.00000,625
162,48,1.017994e-01,57.00000,30.00000,700
162,49,1.015471e-01,49.00000,30.00000,725
162,50,1.026599e-01,45.00000,35.00000,601
162,51,1.039564e-01,44.00000,35.00000,6020
162,52,1.011078e-01,53.00000,30.00000,6469
162,53,9.996449e-02,57.00000,30.00000,676
162,54,1.004656e-01,53.00000,30.00000,657
162,55,1.041119e-01,47.00000,35.00000,661
162,56,1.034852e-01,47.00000,35.00000,613
162,57,9.975231e-02,47.00000,35.00000,722
162,58,1.025342e-01,49.00000,30.00000,586
162,59,1.038661e-01,41.00000,36.00000,626
162,60,1.042518e-01,55.00000,30.00000,667
162,61,1.035850e-01,56.00000,30.00000,611
162,62,1.063475e-01,49.00000,35.00000,1883
162,63,1.043488e-01,49.00000,30.00000,586
162,64,1.040005e-01,45.00000,36.00000,597
162,65,1.061752e-01,41.00000,35.00000,592
162,66,1.023987e-01,39.00000,36.00000,608
162,67,1.063013e-01,30.00000,36.00000,596
162,68,1.025601e-01,52.00000,30.00000,602
162,69,1.059718e-01,49.00000,30.00000,586
162,70,1.092360e-01,41.00000,36.00000,562
162,71,1.068569e-01,37.00000,36.00000,582
163,0,1.022013e-01,49.00000,35.00000,6492
163,1,1.007457e-01,49.00000,30.00000,712
163,2,1.008138e-01,54.00000,30.00000,618
163,3,1.089031e-01,54.00000,30.00000,730
163,4,1.024041e-01,55.00000,30.00000,715
163,5,1.017416e-01,45.00000,35.00000,700
163,6,9.989766e-02,53.00000,30.00000,682
163,7,1.040048e-01,54.00000,30.00000,674
163,8,1.010874e-01,39.00000,35.00000,731
163,9,1.021484e-01,37.00000,36.00000,662
163,10,1.027075e-01,57.00000,30.00000,8008
163,11,1.027579e-01,54.00000,30.00000,646
163,12,1.050941e-01,31.00000,36.00000,673
163,13,1.050434e-01,55.00000,30.00000,700
163,14,1.036644e-01,49.00000,35.00000,751
163,15,1.046473e-01,46.00000,36.00000,682
163,16,1.012661e-01,54.00000,30.00000,635
163,17,1.046068e-01,40.00000,35.00000,662
163,18,9.973706e-02,53.00000,30.00000,698
163,19,1.067810e-01,30.00000,40.00000,668
163,20,1.036183e-01,56.00000,30.00000,6585
163,21,1.039626e-01,37.00000,40.00000,707
163,22,1.036195e-01,49.00000,35.00000,621
163,23,1.063313e-01,40.00000,35.00000,930
163,24,1.012107e-01,50.00000,30.00000,720
163,25,1.027438e-01,43.00000,35.00000,742
163,26,1.047164e-01,40.00000,35.00000,676
163,27,1.066368e-01,48.00000,35.00000,654
163,28,1.052983e-01,36.00000,36.00000,755
163,29,1.081802e-01,43.00000,36.00000,633
163,30,1.025108e-01,55.00000,30.00000,5804
163,31,1.072480e-01,39.00000,35.00000,665
163,32,1.026896e-01,43.00000,35.00000,693
163,33,1.054395e-01,36.00000,35.00000,961
163,34,9.917198e-02,53.00000,30.00000,781
163,35,1.051892e-01,40.00000,40.00000,641
163,36,1.037978e-01,49.00000,30.00000,690
163,37,1.049157e-01,47.00000,35.00000,660
163,38,1.040333e-01,40.00000,35.00000,2054
163,39,1.051975e-01,38.00000,36.00000,737
163,40,1.012770e-01,51.00000,35.00000,6531
163,41,1.030611e-01,49.00000,30.00000,761
163,42,1.047491e-01,41.00000,36.00000,2314
163,43,1.044418e-01,53.00000,30.00000,672
163,44,1.064078e-01,36.00000,36.00000,668
163,45,1.018259e-01,54.00000,30.00000,648
163,46,1.067934e-01,32.00000,36.00000,735
163,47,1.065817e-01,40.00000,35.00000,697
163,48,1.048568e-01,36.00000,36.00000,668
163,49,1.054098e-01,57.00000,30.00000,708
163,50,1.032183e-01,39.00000,36.00000,3679
163,51,1.096512e-01,35.00000,36.00000,620
163,52,1.024198e-01,56.00000,30.00000,2572
163,53,1.068278e-01,57.00000,30.00000,4202
163,54,1.021157e-01,41.00000,36.00000,701
163,55,1.021488e-01,45.00000,35.00000,657
163,56,1.083743e-01,54.00000,30.00000,679
163,57,1.118260e-01,31.00000,36.00000,611
163,58,1.036964e-01,49.00000,30.00000,656
163,59,1.098420e-01,31.00000,36.00000,729
163,60,1.089405e-01,43.00000,35.00000,940
163,61,1.052391e-01,45.00000,35.00000,1930
163,62,1.075526e-01,38.00000,36.00000,602
163,63,1.060192e-01,49.00000,35.00000,2057
163,64,1.033418e-01,49.00000,30.00000,630
163,65,1.107529e-01,30.00000,36.00000,560
163,66,1.043540e-01,42.00000,35.00000,616
163,67,1.007593e-01,49.00000,30.00000,617
163,68,1.032626e-01,49.00000,30.00000,608
163,69,1.047665e-01,36.00000,36.00000,617
163,70,1.022499e-01,45.00000,35.00000,618
163,71,1.040074e-01,49.00000,30.00000,585
164,0,1.035774e-01,42.00000,40.00000,7491
164,1,1.062993e-01,35.00000,36.00000,674
164,2,9.925970e-02,53.00000,30.00000,684
164,3,1.030971e-01,51.00000,30.00000,712
164,4,1.034361e-01,55.00000,30.00000,656
164,5,9.977043e-02,57.00000,30.00000,693
164,6,1.033123e-01,46.00000,35.00000,647
164,7,1.028207e-01,30.00000,36.00000,733
164,8,1.063937e-01,49.00000,30.00000,718
164,9,1.033844e-01,57.00000,30.00000,727
164,10,1.047095e-01,48.00000,35.00000,8679
164,11,1.077484e-01,41.00000,36.00000,1640
164,12,1.087145e-01,41.00000,36.00000,705
164,13,1.086843e-01,36.00000,40.00000,609
164,14,1.081591e-01,36.00000,36.00000,651
164,15,1.058349e-01,51.00000,30.00000,772
164,16,1.050921e-01,37.00000,36.00000,574
164,17,1.063512e-01,45.00000,35.00000,666
164,18,1.088787e-01,50.00000,35.00000,716
164,19,1.118730e-01,47.00000,36.00000,657
164,20,1.039197e-01,49.00000,30.00000,7586
164,21,1.080386e-01,36.00000,35.00000,2300
164,22,1.035243e-01,49.00000,30.00000,675
164,23,1.026432e-01,36.00000,36.00000,866
164,24,1.065207e-01,54.00000,30.00000,697
164,25,1.051363e-01,51.00000,30.00000,695
164,26,1.061141e-01,39.00000,36.00000,625
164,27,1.099782e-01,42.00000,35.00000,732
164,28,1.033676e-01,53.00000,35.00000,733
164,29,1.077872e-01,30.00000,40.00000,593
164,30,1.043327e-01,50.00000,35.00000,7704
164,31,1.079836e-01,43.00000,35.00000,4088
164,32,1.083808e-01,48.00000,35.00000,672
164,33,1.124855e-01,43.00000,35.00000,630
164,34,1.059567e-01,52.00000,30.00000,643
164,35,1.072731e-01,42.00000,40.00000,733
164,36,1.068744e-01,36.00000,40.00000,666
164,37,1.099558e-01,42.00000,35.00000,632
164,38,1.108828e-01,25.00000,36.00000,691
164,39,1.106707e-01,44.00000,35.00000,595
164,40,1.034033e-01,43.00000,35.00000,6669
164,41,1.083313e-01,53.00000,30.00000,2458
164,42,1.059496e-01,49.00000,35.00000,748
164,43,1.024894e-01,53.00000,30.00000,694
164,44,1.070434e-01,40.00000,35.00000,712
164,45,1.053184e-01,54.00000,30.00000,709
164,46,1.043671e-01,39.00000,36.00000,672
164,47,1.033135e-01,52.00000,30.00000,759
164,48,1.042833e-01,43.00000,35.00000,634
164,49,1.061532e-01,46.00000,35.00000,677
164,50,1.013067e-01,53.00000,30.00000,7975
164,51,1.094673e-01,41.00000,36.00000,771
164,52,1.099671e-01,45.00000,36.00000,893
164,53,1.025893e-01,53.00000,30.00000,619
164,54,1.065475e-01,52.00000,30.00000,1795
164,55,1.064392e-01,34.00000,40.00000,667
164,56,1.077242e-01,53.00000,30.00000,713
164,57,1.053770e-01,38.00000,36.00000,694
164,58,1.055549e-01,49.00000,30.00000,707
164,59,1.043634e-01,49.00000,30.00000,761
164,60,1.057672e-01,45.00000,35.00000,4023
164,61,1.092995e-01,51.00000,35.00000,641
164,62,1.083032e-01,49.00000,30.00000,1116
164,63,1.078854e-01,30.00000,36.00000,596
164,64,1.090937e-01,42.00000,35.00000,586
164,65,1.029408e-01,41.00000,40.00000,615
164,66,1.099164e-01,31.00000,36.00000,617
164,67,1.080701e-01,42.00000,36.00000,609
164,68,1.050773e-01,54.00000,30.00000,606
164,69,1.113299e-01,35.00000,36.00000,603
164,70,1.079919e-01,41.00000,35.00000,582
164,71,1.083285e-01,42.00000,36.00000,591
165,0,1.017685e-01,53.00000,30.00000,11505
165,1,1.072648e-01,43.00000,35.00000,647
165,2,1.038389e-01,49.00000,30.00000,1039
165,3,1.036367e-01,60.00000,30.00000,644
165,4,1.040331e-01,38.00000,35.00000,733
165,5,1.078338e-01,31.00000,36.00000,628
165,6,1.071951e-01,30.00000,36.00000,824
165,7,1.086948e-01,51.00000,30.00000,624
165,8,1.080390e-01,50.00000,36.00000,685
165,9,1.042565e-01,49.00000,30.00000,697
165,10,1.061961e-01,42.00000,35.00000,7165
165,11,1.084723e-01,32.00000,36.00000,6808
165,12,1.052706e-01,49.00000,35.00000,742
165,13,1.072652e-01,43.00000,35.00000,655
165,14,1.106632e-01,36.00000,35.00000,644
165,15,1.034057e-01,51.00000,30.00000,705
165,16,1.092428e-01,40.00000,36.00000,733
165,17,1.062566e-01,46.00000,36.00000,683
165,18,1.028150e-01,53.00000,30.00000,674
165,19,1.045389e-01,53.00000,30.00000,607
165,20,1.098270e-01,35.00000,36.00000,3554
165,21,1.004830e-01,58.00000,30.00000,5184
165,22,1.031418e-01,41.00000,35.00000,724
165,23,1.038658e-01,54.00000,30.00000,701
165,24,1.024710e-01,46.00000,35.00000,1797
165,25,1.023815e-01,45.00000,35.00000,726
165,26,1.035506e-01,49.00000,30.00000,674
165,27,1.084006e-01,31.00000,36.00000,679
165,28,1.064964e-01,54.00000,30.00000,678
165,29,1.017575e-01,54.00000,30.00000,769
165,30,1.041566e-01,48.00000,35.00000,6298
165,31,1.046660e-01,55.00000,30.00000,3439
165,32,1.062186e-01,49.00000,30.00000,2630
165,33,1.047721e-01,44.00000,35.00000,675
165,34,9.986973e-02,57.00000,30.00000,962
165,35,1.054709e-01,49.00000,30.00000,651
165,36,1.036068e-01,47.00000,35.00000,635
165,37,1.063208e-01,40.00000,35.00000,798
165,38,1.055252e-01,45.00000,35.00000,731
165,39,1.067028e-01,47.00000,35.00000,614
165,40,1.058448e-01,30.00000,40.00000,5669
165,41,1.034148e-01,53.00000,30.00000,4050
165,42,1.037428e-01,55.00000,30.00000,992
165,43,1.075506e-01,47.00000,35.00000,629
165,44,1.048108e-01,51.00000,35.00000,2331
165,45,1.115093e-01,40.00000,36.00000,708
165,46,1.072116e-01,52.00000,30.00000,598
165,47,1.040087e-01,48.00000,35.00000,661
165,48,1.092721e-01,42.00000,35.00000,733
165,49,1.070063e-01,45.00000,36.00000,634
165,50,1.052030e-01,49.00000,35.00000,5574
165,51,1.059648e-01,38.00000,40.00000,2988
165,52,1.042359e-01,57.00000,30.00000,637
165,53,1.041996e-01,46.00000,35.00000,687
165,54,1.103471e-01,40.00000,36.00000,4646
165,55,1.087969e-01,47.00000,36.00000,629
165,56,1.101927e-01,43.00000,35.00000,628
165,57,1.048540e-01,55.00000,30.00000,660
165,58,1.076004e-01,35.00000,40.00000,650
165,59,1.070647e-01,44.00000,35.00000,610
165,60,1.053628e-01,52.00000,30.00000,648
165,61,1.075826e-01,41.00000,36.00000,1242
165,62,1.052307e-01,49.00000,30.00000,598
165,63,1.060732e-01,48.00000,35.00000,599
165,64,1.063161e-01,45.00000,35.00000,754
165,65,1.027890e-01,51.00000,30.00000,611
165,66,1.094519e-01,42.00000,35.00000,568
165,67,1.063131e-01,39.00000,36.00000,595
165,68,1.054670e-01,43.00000,36.00000,604
165,69,1.087444e-01,37.00000,36.00000,586
165,70,1.090840e-01,39.00000,35.00000,606
165,71,1.100334e-01,53.00000,30.00000,605
166,0,1.015017e-01,54.00000,30.00000,7955
166,1,1.042847e-01,45.00000,35.00000,637
166,2,1.063201e-01,51.00000,30.00000,647
166,3,1.037935e-01,49.00000,30.00000,702
166,4,1.019117e-01,54.00000,30.00000,640
166,5,1.056074e-01,33.00000,40.00000,750
166,6,1.066764e-01,31.00000,36.00000,584
166,7,1.060669e-01,48.00000,35.00000,687
166,8,1.059230e-01,54.00000,30.00000,724
166,9,1.029455e-01,55.00000,30.00000,649
166,10,1.016930e-01,49.00000,30.00000,1776
166,11,1.017489e-01,53.00000,30.00000,730
166,12,1.046147e-01,40.00000,35.00000,659
166,13,1.052488e-01,43.00000,35.00000,3987
166,14,1.052803e-01,42.00000,35.00000,669
166,15,1.032624e-01,49.00000,30.00000,695
166,16,1.030434e-01,39.00000,35.00000,757
166,17,1.019403e-01,56.00000,30.00000,699
166,18,1.061578e-01,48.00000,35.00000,631
166,19,1.042991e-01,54.00000,30.00000,650
166,20,1.048620e-01,44.00000,35.00000,750
166,21,1.055054e-01,38.00000,35.00000,673
166,22,1.065252e-01,49.00000,30.00000,654
166,23,1.039865e-01,54.00000,30.00000,6321
166,24,1.035814e-01,53.00000,30.00000,625
166,25,1.078048e-01,47.00000,35.00000,683
166,26,1.060690e-01,30.00000,36.00000,665
166,27,1.012174e-01,45.00000,35.00000,721
166,28,1.029176e-01,49.00000,30.00000,743
166,29,1.080823e-01,48.00000,35.00000,662
166,30,1.100368e-01,50.00000,35.00000,650
166,31,1.065002e-01,57.00000,30.00000,677
166,32,1.115362e-01,49.00000,30.00000,827
166,33,1.092088e-01,42.00000,36.00000,6667
166,34,1.100833e-01,37.00000,36.00000,664
166,35,1.093299e-01,35.00000,36.00000,659
166,36,1.105478e-01,30.00000,36.00000,845
166,37,1.101429e-01,39.00000,36.00000,752
166,38,1.104203e-01,34.00000,40.00000,696
166,39,1.023552e-01,51.00000,30.00000,647
166,40,1.076434e-01,35.00000,36.00000,601
166,41,1.086657e-01,54.00000,30.00000,663
166,42,1.045039e-01,47.00000,35.00000,667
166,43,1.053195e-01,36.00000,36.00000,7173
166,44,1.049330e-01,46.00000,35.00000,685
166,45,1.026645e-01,54.00000,30.00000,647
166,46,1.064902e-01,53.00000,30.00000,660
166,47,1.058316e-01,47.00000,35.00000,699
166,48,1.040279e-01,59.00000,30.00000,728
166,49,1.058792e-01,54.00000,30.00000,759
166,50,1.054159e-01,45.00000,36.00000,632
166,51,1.065967e-01,47.00000,35.00000,742
166,52,1.058154e-01,37.00000,36.00000,680
166,53,1.069410e-01,46.00000,35.00000,8579
166,54,1.048852e-01,55.00000,30.00000,619
166,55,1.020434e-01,57.00000,30.00000,638
166,56,1.058860e-01,38.00000,35.00000,600
166,57,1.060479e-01,53.00000,30.00000,607
166,58,1.096372e-01,42.00000,36.00000,644
166,59,1.144320e-01,48.00000,35.00000,621
166,60,1.111096e-01,48.00000,35.00000,594
166,61,1.044833e-01,47.00000,35.00000,600
166,62,1.039065e-01,54.00000,30.00000,642
166,63,1.056109e-01,52.00000,30.00000,1607
166,64,1.007880e-01,59.00000,30.00000,636
166,65,1.052661e-01,55.00000,30.00000,616
166,66,1.061182e-01,36.00000,36.00000,606
166,67,1.087905e-01,55.00000,30.00000,615
166,68,1.064110e-01,55.00000,30.00000,615
166,69,1.045009e-01,43.00000,35.00000,610
166,70,1.052350e-01,37.00000,36.00000,619
166,71,1.088083e-01,37.00000,36.00000,592
167,0,1.050662e-01,38.00000,35.00000,3639
167,1,1.069103e-01,41.00000,35.00000,986
167,2,1.028128e-01,53.00000,30.00000,680
167,3,1.022297e-01,55.00000,30.00000,721
167,4,1.042331e-01,49.00000,30.00000,628
167,5,1.054225e-01,45.00000,35.00000,718
167,6,1.079521e-01,38.00000,35.00000,616
167,7,1.049699e-01,53.00000,30.00000,688
167,8,1.067148e-01,35.00000,36.00000,742
167,9,1.049616e-01,55.00000,30.00000,717
167,10,1.074810e-01,42.00000,35.00000,7538
167,11,1.033039e-01,53.00000,30.00000,677
167,12,1.058136e-01,55.00000,30.00000,686
167,13,1.057813e-01,46.00000,35.00000,599
167,14,1.043380e-01,53.00000,30.00000,664
167,15,1.032311e-01,44.00000,35.00000,725
167,16,1.038226e-01,49.00000,35.00000,634
167,17,1.037709e-01,56.00000,30.00000,731
167,18,1.050757e-01,49.00000,35.00000,672
167,19,1.045705e-01,43.00000,35.00000,712
167,20,1.062145e-01,41.00000,36.00000,9381
167,21,1.054166e-01,38.00000,35.00000,694
167,22,1.046266e-01,56.00000,30.00000,631
167,23,1.069761e-01,54.00000,30.00000,619
167,24,1.070560e-01,41.00000,36.00000,696
167,25,1.066686e-01,41.00000,35.00000,709
167,26,1.052776e-01,49.00000,30.00000,729
167,27,1.075102e-01,48.00000,35.00000,623
167,28,1.052669e-01,52.00000,35.00000,773
167,29,1.105239e-01,37.00000,36.00000,615
167,30,1.066245e-01,36.00000,36.00000,8509
167,31,1.067401e-01,49.00000,30.00000,651
167,32,1.057772e-01,54.00000,30.00000,677
167,33,1.065854e-01,43.00000,35.00000,705
167,34,1.085847e-01,46.00000,35.00000,591
167,35,1.060327e-01,37.00000,35.00000,740
167,36,1.106138e-01,31.00000,36.00000,655
167,37,1.028304e-01,54.00000,30.00000,677
167,38,1.042397e-01,49.00000,30.00000,660
167,39,1.038081e-01,49.00000,30.00000,750
167,40,1.025890e-01,55.00000,30.00000,6912
167,41,1.011314e-01,58.00000,30.00000,681
167,42,1.031356e-01,45.00000,35.00000,606
167,43,1.101674e-01,40.00000,36.00000,617
167,44,1.099741e-01,43.00000,36.00000,642
167,45,1.057086e-01,56.00000,30.00000,689
167,46,1.041696e-01,53.00000,30.00000,717
167,47,1.005382e-01,56.00000,30.00000,681
167,48,1.057492e-01,45.00000,35.00000,675
167,49,1.065697e-01,55.00000,30.00000,645
167,50,1.070732e-01,49.00000,30.00000,2429
167,51,1.059575e-01,49.00000,30.00000,673
167,52,1.095187e-01,41.00000,36.00000,641
167,53,1.092827e-01,37.00000,36.00000,638
167,54,1.098513e-01,44.00000,35.00000,633
167,55,1.069968e-01,35.00000,36.00000,613
167,56,1.090965e-01,45.00000,35.00000,605
167,57,1.039971e-01,40.00000,40.00000,658
167,58,1.073949e-01,37.00000,40.00000,627
167,59,1.064182e-01,53.00000,30.00000,619
167,60,1.083983e-01,48.00000,35.00000,635
167,61,1.092303e-01,42.00000,35.00000,577
167,62,1.113987e-01,31.00000,36.00000,952
167,63,1.078197e-01,49.00000,30.00000,588
167,64,1.014029e-01,46.00000,35.00000,637
167,65,1.082347e-01,41.00000,36.00000,604
167,66,1.078784e-01,41.00000,40.00000,581
167,67,1.084664e-01,55.00000,30.00000,617
167,68,1.060770e-01,47.00000,35.00000,599
167,69,1.083228e-01,41.00000,36.00000,591
167,70,1.072310e-01,43.00000,35.00000,592
167,71,1.035311e-01,49.00000,30.00000,608
168,0,1.101459e-01,44.00000,35.00000,3049
168,1,1.003144e-01,57.00000,30.00000,797
168,2,1.076911e-01,25.00000,36.00000,772
168,3,1.061130e-01,40.00000,35.00000,636
168,4,1.064706e-01,53.00000,30.00000,665
168,5,1.032919e-01,51.00000,35.00000,676
168,6,1.059850e-01,49.00000,30.00000,660
168,7,1.105100e-01,53.00000,30.00000,672
168,8,1.037512e-01,55.00000,30.00000,667
168,9,1.043017e-01,40.00000,36.00000,753
168,10,1.068057e-01,46.00000,35.00000,4765
168,11,1.033360e-01,45.00000,35.00000,1707
168,12,1.048058e-01,43.00000,36.00000,703
168,13,1.077511e-01,41.00000,36.00000,643
168,14,1.052899e-01,53.00000,30.00000,646
168,15,1.074514e-01,39.00000,36.00000,747
168,16,1.035420e-01,57.00000,30.00000,740
168,17,1.101690e-01,49.00000,30.00000,641
168,18,1.078218e-01,45.00000,35.00000,661
168,19,1.129322e-01,51.00000,30.00000,751
168,20,1.088834e-01,42.00000,36.00000,10186
168,21,1.140529e-01,25.00000,36.00000,685
168,22,1.072750e-01,37.00000,36.00000,621
168,23,1.064086e-01,44.00000,35.00000,664
168,24,1.069113e-01,52.00000,30.00000,733
168,25,1.098260e-01,31.00000,36.00000,658
168,26,1.081455e-01,49.00000,30.00000,680
168,27,1.073286e-01,45.00000,35.00000,667
168,28,1.093552e-01,30.00000,36.00000,633
168,29,1.076953e-01,59.00000,30.00000,730
168,30,1.130087e-01,49.00000,30.00000,12173
168,31,1.103842e-01,35.00000,36.00000,631
168,32,1.108861e-01,39.00000,36.00000,743
168,33,1.081586e-01,45.00000,35.00000,644
168,34,1.063364e-01,49.00000,30.00000,635
168,35,1.081613e-01,41.00000,35.00000,599
168,36,1.114668e-01,42.00000,35.00000,655
168,37,1.047377e-01,48.00000,35.00000,685
168,38,1.054864e-01,56.00000,30.00000,693
168,39,1.099407e-01,45.00000,36.00000,730
168,40,1.089197e-01,40.00000,36.00000,12275
168,41,1.088506e-01,36.00000,36.00000,733
168,42,1.058552e-01,46.00000,35.00000,655
168,43,1.080628e-01,47.00000,35.00000,627
168,44,1.067385e-01,43.00000,35.00000,679
168,45,1.062057e-01,53.00000,30.00000,606
168,46,1.087795e-01,49.00000,35.00000,646
168,47,1.070805e-01,58.00000,30.00000,665
168,48,1.087353e-01,55.00000,30.00000,651
168,49,1.090922e-01,39.00000,36.00000,715
168,50,1.048420e-01,48.00000,35.00000,11072
168,51,1.069000e-01,46.00000,36.00000,623
168,52,1.047968e-01,43.00000,35.00000,682
168,53,1.077147e-01,45.00000,35.00000,592
168,54,1.059606e-01,42.00000,35.00000,596
168,55,1.054954e-01,49.00000,30.00000,616
168,56,1.038122e-01,58.00000,30.00000,622
168,57,1.088275e-01,54.00000,30.00000,615
168,58,1.119134e-01,36.00000,36.00000,565
168,59,1.072362e-01,43.00000,35.00000,618
168,60,1.072300e-01,45.00000,35.00000,628
168,61,1.102280e-01,40.00000,36.00000,616
168,62,1.083820e-01,53.00000,30.00000,635
168,63,1.073792e-01,40.00000,36.00000,606
168,64,1.037093e-01,56.00000,30.00000,634
168,65,1.054226e-01,53.00000,30.00000,612
168,66,1.202324e-01,30.00000,36.00000,514
168,67,1.106196e-01,40.00000,35.00000,586
168,68,1.112484e-01,55.00000,30.00000,615
168,69,1.071847e-01,38.00000,36.00000,604
168,70,1.083430e-01,48.00000,35.00000,606
168,71,1.033294e-01,49.00000,30.00000,627
169,0,1.066618e-01,40.00000,35.00000,5467
169,1,1.075781e-01,45.00000,35.00000,677
169,2,1.089886e-01,46.00000,35.00000,666
169,3,1.082409e-01,42.00000,35.00000,698
169,4,1.097396e-01,39.00000,35.00000,652
169,5,1.031806e-01,55.00000,30.00000,694
169,6,1.087193e-01,41.00000,35.00000,782
169,7,1.083075e-01,44.00000,35.00000,654
169,8,1.067608e-01,49.00000,30.00000,697
169,9,1.079336e-01,40.00000,35.00000,659
169,10,1.044444e-01,49.00000,30.00000,707
169,11,1.112500e-01,43.00000,35.00000,2484
169,12,1.042577e-01,44.00000,35.00000,1408
169,13,1.036063e-01,49.00000,30.00000,652
169,14,1.063679e-01,49.00000,30.00000,758
169,15,1.075776e-01,36.00000,36.00000,1588
169,16,1.059137e-01,40.00000,35.00000,697
169,17,1.082842e-01,58.00000,30.00000,4131
169,18,1.064668e-01,48.00000,35.00000,644
169,19,1.087755e-01,43.00000,35.00000,685
169,20,1.070502e-01,49.00000,30.00000,658
169,21,1.050570e-01,57.00000,30.00000,4180
169,22,1.091392e-01,43.00000,35.00000,718
169,23,1.066958e-01,53.00000,30.00000,647
169,24,1.102643e-01,25.00000,36.00000,705
169,25,1.063543e-01,49.00000,30.00000,686
169,26,1.039533e-01,49.00000,30.00000,707
169,27,1.086272e-01,41.00000,36.00000,5793
169,28,1.123581e-01,37.00000,36.00000,649
169,29,1.043356e-01,53.00000,30.00000,668
169,30,1.045639e-01,49.00000,30.00000,754
169,31,1.110661e-01,40.00000,36.00000,3533
169,32,1.064808e-01,42.00000,35.00000,688
169,33,1.061389e-01,42.00000,36.00000,669
169,34,1.065220e-01,49.00000,35.00000,743
169,35,1.085244e-01,43.00000,35.00000,659
169,36,1.038682e-01,58.00000,30.00000,658
169,37,1.095129e-01,38.00000,35.00000,5055
169,38,1.091800e-01,38.00000,35.00000,603
169,39,1.072714e-01,45.00000,35.00000,690
169,40,1.056117e-01,55.00000,30.00000,823
169,41,1.071715e-01,37.00000,36.00000,3624
169,42,1.086858e-01,42.00000,35.00000,1379
169,43,1.070026e-01,48.00000,35.00000,637
169,44,1.078407e-01,37.00000,36.00000,622
169,45,1.036426e-01,45.00000,35.00000,726
169,46,1.085623e-01,55.00000,30.00000,692
169,47,1.049714e-01,48.00000,35.00000,3308
169,48,1.110209e-01,49.00000,30.00000,675
169,49,1.067371e-01,49.00000,35.00000,706
169,50,1.022787e-01,58.00000,30.00000,658
169,51,1.043595e-01,52.00000,30.00000,5309
169,52,1.107255e-01,30.00000,36.00000,1269
169,53,1.102955e-01,31.00000,36.00000,615
169,54,1.059174e-01,56.00000,30.00000,628
169,55,1.045138e-01,42.00000,35.00000,744
169,56,1.050078e-01,56.00000,30.00000,621
169,57,1.060407e-01,49.00000,30.00000,1375
169,58,1.061297e-01,49.00000,30.00000,666
169,59,1.078491e-01,45.00000,35.00000,618
169,60,1.065303e-01,40.00000,35.00000,625
169,61,1.053509e-01,45.00000,35.00000,1870
169,62,1.090080e-01,49.00000,35.00000,652
169,63,1.085470e-01,54.00000,30.00000,605
169,64,1.087570e-01,44.00000,35.00000,580
169,65,1.043689e-01,50.00000,35.00000,613
169,66,1.068939e-01,42.00000,35.00000,599
169,67,1.108015e-01,49.00000,30.00000,587
169,68,1.075412e-01,41.00000,40.00000,618
169,69,1.056995e-01,54.00000,30.00000,628
169,70,1.056524e-01,48.00000,35.00000,611
169,71,1.074314e-01,53.00000,30.00000,607
170,0,1.071188e-01,37.00000,36.00000,6253
170,1,1.056819e-01,48.00000,35.00000,1850
170,2,1.060836e-01,53.00000,30.00000,1237
170,3,1.057330e-01,53.00000,30.00000,658
170,4,1.105383e-01,36.00000,40.00000,633
170,5,1.044667e-01,51.00000,35.00000,675
170,6,1.094894e-01,49.00000,30.00000,716
170,7,1.021422e-01,57.00000,30.00000,739
170,8,1.113036e-01,49.00000,35.00000,650
170,9,1.029704e-01,59.00000,30.00000,814
170,10,1.080054e-01,49.00000,30.00000,1174
170,11,1.093206e-01,41.00000,36.00000,1536
170,12,1.096271e-01,45.00000,35.00000,1183
170,13,1.063024e-01,55.00000,30.00000,680
170,14,1.063782e-01,47.00000,35.00000,705
170,15,1.112644e-01,48.00000,35.00000,673
170,16,1.071005e-01,45.00000,35.00000,1666
170,17,1.050450e-01,49.00000,30.00000,666
170,18,1.135674e-01,31.00000,36.00000,597
170,19,1.052521e-01,49.00000,30.00000,712
170,20,1.050324e-01,37.00000,36.00000,716
170,21,1.064613e-01,49.00000,30.00000,2918
170,22,1.049942e-01,55.00000,30.00000,650
170,23,1.040508e-01,47.00000,35.00000,710
170,24,1.068219e-01,45.00000,35.00000,723
170,25,1.119998e-01,54.00000,30.00000,676
170,26,1.097096e-01,54.00000,30.00000,639
170,27,1.083850e-01,48.00000,35.00000,689
170,28,1.042448e-01,60.00000,30.00000,681
170,29,1.067390e-01,43.00000,36.00000,636
170,30,1.135129e-01,36.00000,35.00000,639
170,31,1.127997e-01,47.00000,35.00000,930
170,32,1.099819e-01,49.00000,30.00000,661
170,33,1.090709e-01,42.00000,35.00000,635
170,34,1.100174e-01,42.00000,36.00000,634
170,35,1.092401e-01,53.00000,30.00000,631
170,36,1.092302e-01,46.00000,35.00000,713
170,37,1.121226e-01,36.00000,36.00000,612
170,38,1.083902e-01,53.00000,30.00000,774
170,39,1.077466e-01,40.00000,35.00000,717
170,40,1.150043e-01,37.00000,40.00000,657
170,41,1.072860e-01,46.00000,35.00000,651
170,42,1.072849e-01,45.00000,36.00000,708
170,43,1.050679e-01,55.00000,30.00000,663
170,44,1.116789e-01,45.00000,35.00000,660
170,45,1.109320e-01,49.00000,30.00000,646
170,46,1.088106e-01,45.00000,36.00000,649
170,47,1.116748e-01,31.00000,36.00000,691
170,48,1.113140e-01,35.00000,36.00000,616
170,49,1.097886e-01,47.00000,35.00000,707
170,50,1.044004e-01,46.00000,35.00000,710
170,51,1.126003e-01,39.00000,40.00000,875
170,52,1.062139e-01,51.00000,30.00000,636
170,53,1.147229e-01,53.00000,30.00000,630
170,54,1.078460e-01,46.00000,35.00000,645
170,55,1.065585e-01,48.00000,35.00000,642
170,56,1.057851e-01,55.00000,30.00000,616
170,57,1.033919e-01,53.00000,30.00000,621
170,58,1.077926e-01,46.00000,35.00000,618
170,59,1.072900e-01,52.00000,30.00000,608
170,60,1.091084e-01,51.00000,30.00000,594
170,61,1.074870e-01,43.00000,35.00000,586
170,62,1.105022e-01,40.00000,35.00000,597
170,63,1.130180e-01,31.00000,36.00000,567
170,64,1.123842e-01,37.00000,35.00000,586
170,65,1.099046e-01,40.00000,36.00000,593
170,66,1.094632e-01,50.00000,35.00000,606
170,67,1.109376e-01,37.00000,35.00000,581
170,68,1.130231e-01,40.00000,35.00000,573
170,69,1.087093e-01,44.00000,35.00000,615
170,70,1.051584e-01,60.00000,30.00000,633
170,71,1.097352e-01,37.00000,36.00000,588
171,0,1.051661e-01,54.00000,30.00000,10478
171,1,1.101153e-01,36.00000,36.00000,642
171,2,1.081616e-01,54.00000,30.00000,657
171,3,1.086088e-01,49.00000,30.00000,693
171,4,1.066986e-01,46.00000,35.00000,710
171,5,1.093130e-01,56.00000,30.00000,658
171,6,1.130695e-01,40.00000,36.00000,683
171,7,1.144642e-01,40.00000,40.00000,624
171,8,1.070400e-01,43.00000,35.00000,735
171,9,1.072223e-01,42.00000,35.00000,707
171,10,1.064009e-01,50.00000,35.00000,13550
171,11,1.056947e-01,49.00000,30.00000,609
171,12,1.128139e-01,42.00000,35.00000,636
171,13,1.117980e-01,37.00000,40.00000,626
171,14,1.127038e-01,50.00000,35.00000,704
171,15,1.113909e-01,35.00000,36.00000,589
171,16,1.074621e-01,46.00000,35.00000,719
171,17,1.154237e-01,25.00000,36.00000,628
171,18,1.058003e-01,53.00000,30.00000,756
171,19,1.099773e-01,43.00000,35.00000,626
171,20,1.102682e-01,43.00000,35.00000,12204
171,21,1.085621e-01,54.00000,30.00000,622
171,22,1.068057e-01,54.00000,30.00000,613
171,23,1.087458e-01,39.00000,35.00000,715
171,24,1.080182e-01,48.00000,35.00000,610
171,25,1.108526e-01,37.00000,36.00000,717
171,26,1.059279e-01,53.00000,30.00000,686
171,27,1.078701e-01,43.00000,35.00000,640
171,28,1.121072e-01,49.00000,30.00000,688
171,29,1.059399e-01,52.00000,30.00000,623
171,30,1.105418e-01,45.00000,35.00000,12188
171,31,1.033145e-01,52.00000,30.00000,683
171,32,1.064340e-01,56.00000,30.00000,616
171,33,1.090983e-01,48.00000,35.00000,673
171,34,1.025520e-01,57.00000,30.00000,730
171,35,1.085831e-01,45.00000,36.00000,608
171,36,1.042723e-01,54.00000,30.00000,694
171,37,1.026338e-01,53.00000,30.00000,659
171,38,1.056058e-01,55.00000,30.00000,716
171,39,1.082280e-01,46.00000,35.00000,629
171,40,1.092122e-01,58.00000,30.00000,8442
171,41,1.061335e-01,49.00000,35.00000,658
171,42,1.054129e-01,54.00000,30.00000,682
171,43,1.027298e-01,53.00000,30.00000,715
171,44,1.045688e-01,54.00000,30.00000,657
171,45,1.045129e-01,49.00000,30.00000,691
171,46,1.121713e-01,37.00000,36.00000,704
171,47,1.075345e-01,46.00000,35.00000,658
171,48,1.098154e-01,43.00000,35.00000,602
171,49,1.097338e-01,41.00000,36.00000,734
171,50,1.072844e-01,44.00000,35.00000,12264
171,51,1.148196e-01,31.00000,36.00000,637
171,52,1.079195e-01,49.00000,30.00000,627
171,53,1.112952e-01,48.00000,35.00000,616
171,54,1.132002e-01,37.00000,36.00000,595
171,55,1.124133e-01,43.00000,36.00000,590
171,56,1.093985e-01,36.00000,35.00000,628
171,57,1.086788e-01,39.00000,35.00000,624
171,58,1.062792e-01,44.00000,35.00000,623
171,59,1.111382e-01,41.00000,35.00000,570
171,60,1.096196e-01,54.00000,30.00000,604
171,61,1.085142e-01,52.00000,30.00000,601
171,62,1.094022e-01,40.00000,35.00000,616
171,63,1.129776e-01,35.00000,36.00000,584
171,64,1.082940e-01,38.00000,35.00000,612
171,65,1.069172e-01,55.00000,30.00000,618
171,66,1.103119e-01,38.00000,40.00000,568
171,67,1.108211e-01,41.00000,35.00000,568
171,68,1.116882e-01,48.00000,35.00000,594
171,69,1.103934e-01,46.00000,35.00000,587
171,70,1.103446e-01,38.00000,35.00000,598
171,71,1.064402e-01,52.00000,30.00000,615
172,0,1.136459e-01,25.00000,36.00000,660
172,1,1.112809e-01,45.00000,35.00000,2167
172,2,1.116203e-01,37.00000,36.00000,906
172,3,1.089943e-01,49.00000,30.00000,707
172,4,1.109881e-01,31.00000,36.00000,722
172,5,1.100851e-01,25.00000,36.00000,669
172,6,1.104602e-01,45.00000,35.00000,655
172,7,1.091654e-01,54.00000,30.00000,687
172,8,1.113750e-01,49.00000,35.00000,680
172,9,1.112858e-01,49.00000,30.00000,657
172,10,1.109127e-01,41.00000,36.00000,1653
172,11,1.083998e-01,37.00000,36.00000,5333
172,12,1.130030e-01,35.00000,40.00000,622
172,13,1.100123e-01,36.00000,40.00000,693
172,14,1.084095e-01,55.00000,30.00000,774
172,15,1.175181e-01,25.00000,36.00000,565
172,16,1.085177e-01,46.00000,35.00000,617
172,17,1.143823e-01,33.00000,40.00000,709
172,18,1.106348e-01,55.00000,30.00000,695
172,19,1.105488e-01,43.00000,35.00000,648
172,20,1.160046e-01,37.00000,40.00000,2469
172,21,1.118369e-01,35.00000,36.00000,4628
172,22,1.088702e-01,49.00000,30.00000,656
172,23,1.045070e-01,54.00000,30.00000,653
172,24,1.108012e-01,53.00000,30.00000,666
172,25,1.097038e-01,42.00000,35.00000,741
172,26,1.072093e-01,53.00000,30.00000,670
172,27,1.087439e-01,42.00000,36.00000,680
172,28,1.087815e-01,55.00000,30.00000,731
172,29,1.159516e-01,38.00000,35.00000,639
172,30,1.113681e-01,59.00000,30.00000,2554
172,31,1.088426e-01,47.00000,35.00000,4426
172,32,1.062807e-01,51.00000,35.00000,701
172,33,1.104270e-01,45.00000,35.00000,733
172,34,1.114406e-01,32.00000,40.00000,609
172,35,1.100221e-01,46.00000,35.00000,650
172,36,1.122521e-01,40.00000,35.00000,669
172,37,1.096270e-01,46.00000,35.00000,665
172,38,1.096015e-01,44.00000,35.00000,792
172,39,1.104903e-01,49.00000,30.00000,681
172,40,1.067965e-01,53.00000,30.00000,2599
172,41,1.072585e-01,47.00000,35.00000,5042
172,42,1.106841e-01,42.00000,36.00000,606
172,43,1.151871e-01,25.00000,36.00000,640
172,44,1.073373e-01,53.00000,30.00000,649
172,45,1.108043e-01,43.00000,35.00000,680
172,46,1.102541e-01,49.00000,30.00000,681
172,47,1.054106e-01,52.00000,35.00000,650
172,48,1.093875e-01,43.00000,35.00000,621
172,49,1.107559e-01,45.00000,35.00000,727
172,50,1.130347e-01,31.00000,36.00000,3755
172,51,1.123094e-01,45.00000,35.00000,4872
172,52,1.064682e-01,42.00000,35.00000,1603
172,53,1.071642e-01,48.00000,35.00000,644
172,54,1.120906e-01,39.00000,35.00000,567
172,55,1.115180e-01,42.00000,36.00000,602
172,56,1.074569e-01,49.00000,30.00000,621
172,57,1.102408e-01,46.00000,36.00000,637
172,58,1.103340e-01,43.00000,35.00000,578
172,59,1.107957e-01,55.00000,30.00000,620
172,60,1.112315e-01,57.00000,30.00000,635
172,61,1.092193e-01,58.00000,30.00000,620
172,62,1.083800e-01,49.00000,35.00000,621
172,63,1.107152e-01,49.00000,35.00000,595
172,64,1.109891e-01,37.00000,36.00000,613
172,65,1.139764e-01,49.00000,30.00000,590
172,66,1.068353e-01,53.00000,30.00000,606
172,67,1.077844e-01,49.00000,30.00000,599
172,68,1.075070e-01,45.00000,35.00000,607
172,69,1.095171e-01,53.00000,30.00000,606
172,70,1.061729e-01,55.00000,30.00000,617
172,71,1.101731e-01,45.00000,35.00000,599
173,0,1.069593e-01,49.00000,30.00000,7817
173,1,1.056146e-01,45.00000,35.00000,1891
173,2,1.133725e-01,51.00000,30.00000,631
173,3,1.055160e-01,58.00000,30.00000,683
173,4,1.050325e-01,49.00000,30.00000,722
173,5,1.053837e-01,49.00000,30.00000,760
173,6,1.109617e-01,40.00000,35.00000,687
173,7,1.067918e-01,53.00000,30.00000,673
173,8,1.079881e-01,44.00000,40.00000,732
173,9,1.044697e-01,49.00000,30.00000,661
173,10,1.054348e-01,45.00000,35.00000,7356
173,11,1.067797e-01,49.00000,30.00000,732
173,12,1.058415e-01,59.00000,30.00000,703
173,13,1.077904e-01,46.00000,35.00000,710
173,14,1.085799e-01,49.00000,30.00000,632
173,15,1.076487e-01,44.00000,35.00000,1395
173,16,1.066501e-01,49.00000,30.00000,744
173,17,1.087896e-01,49.00000,30.00000,720
173,18,1.056320e-01,52.00000,30.00000,689
173,19,1.115134e-01,34.00000,36.00000,3171
173,20,1.083655e-01,47.00000,35.00000,11003
173,21,1.087429e-01,46.00000,35.00000,692
173,22,1.112361e-01,53.00000,30.00000,667
173,23,1.078886e-01,41.00000,36.00000,684
173,24,1.064797e-01,52.00000,30.00000,692
173,25,1.080838e-01,45.00000,35.00000,628
173,26,1.124719e-01,38.00000,35.00000,640
173,27,1.112000e-01,43.00000,35.00000,647
173,28,1.104726e-01,45.00000,35.00000,639
173,29,1.125877e-01,36.00000,36.00000,1482
173,30,1.124598e-01,55.00000,30.00000,9700
173,31,1.060722e-01,49.00000,30.00000,692
173,32,1.111888e-01,49.00000,30.00000,690
173,33,1.085118e-01,42.00000,36.00000,655
173,34,1.079495e-01,48.00000,35.00000,633
173,35,1.116715e-01,39.00000,35.00000,707
173,36,1.079359e-01,37.00000,36.00000,671
173,37,1.100372e-01,38.00000,36.00000,670
173,38,1.088344e-01,49.00000,30.00000,681
173,39,1.108312e-01,43.00000,35.00000,2134
173,40,1.110702e-01,53.00000,30.00000,9423
173,41,1.156544e-01,31.00000,36.00000,637
173,42,1.076848e-01,57.00000,30.00000,716
173,43,1.169075e-01,31.00000,36.00000,596
173,44,1.110138e-01,37.00000,36.00000,652
173,45,1.118614e-01,46.00000,35.00000,634
173,46,1.085931e-01,40.00000,35.00000,736
173,47,1.102069e-01,54.00000,30.00000,623
173,48,1.111528e-01,48.00000,35.00000,654
173,49,1.128215e-01,45.00000,35.00000,1842
173,50,1.209643e-01,37.00000,36.00000,8260
173,51,1.092338e-01,40.00000,36.00000,647
173,52,1.148079e-01,36.00000,35.00000,612
173,53,1.156674e-01,43.00000,36.00000,638
173,54,1.102668e-01,52.00000,30.00000,695
173,55,1.108366e-01,49.00000,30.00000,606
173,56,1.105813e-01,44.00000,35.00000,625
173,57,1.106466e-01,40.00000,35.00000,610
173,58,1.136467e-01,49.00000,30.00000,585
173,59,1.051733e-01,53.00000,30.00000,863
173,60,1.084153e-01,42.00000,35.00000,2795
173,61,1.124610e-01,30.00000,36.00000,597
173,62,1.046837e-01,57.00000,30.00000,630
173,63,1.079122e-01,57.00000,30.00000,713
173,64,1.146560e-01,25.00000,36.00000,606
173,65,1.137505e-01,33.00000,40.00000,597
173,66,1.090691e-01,44.00000,35.00000,600
173,67,1.105391e-01,55.00000,30.00000,617
173,68,1.085276e-01,47.00000,35.00000,599
173,69,1.153969e-01,36.00000,36.00000,586
173,70,1.114953e-01,44.00000,35.00000,591
173,71,1.076957e-01,53.00000,30.00000,610
174,0,1.088996e-01,36.00000,36.00000,681
174,1,1.084708e-01,56.00000,30.00000,5530
174,2,1.085029e-01,40.00000,36.00000,3324
174,3,1.125154e-01,45.00000,35.00000,593
174,4,1.142996e-01,40.00000,36.00000,747
174,5,1.140236e-01,52.00000,30.00000,669
174,6,1.053986e-01,57.00000,30.00000,709
174,7,1.089110e-01,46.00000,35.00000,668
174,8,1.149258e-01,49.00000,30.00000,680
174,9,1.090581e-01,43.00000,35.00000,708
174,10,1.174566e-01,31.00000,36.00000,599
174,11,1.070246e-01,56.00000,30.00000,9115
174,12,1.078432e-01,56.00000,30.00000,2517
174,13,1.097426e-01,42.00000,36.00000,664
174,14,1.168316e-01,25.00000,36.00000,600
174,15,1.154343e-01,51.00000,30.00000,659
174,16,1.068662e-01,49.00000,30.00000,768
174,17,1.168675e-01,37.00000,36.00000,614
174,18,1.120079e-01,42.00000,35.00000,665
174,19,1.094318e-01,54.00000,30.00000,678
174,20,1.095948e-01,53.00000,30.00000,645
174,21,1.104704e-01,49.00000,30.00000,7766
174,22,1.079224e-01,47.00000,35.00000,4820
174,23,1.123095e-01,49.00000,30.00000,648
174,24,1.090451e-01,49.00000,35.00000,661
174,25,1.111240e-01,31.00000,36.00000,590
174,26,1.173516e-01,25.00000,36.00000,644
174,27,1.078207e-01,49.00000,30.00000,694
174,28,1.098261e-01,46.00000,35.00000,622
174,29,1.084705e-01,46.00000,35.00000,691
174,30,1.106530e-01,47.00000,35.00000,679
174,31,1.094695e-01,49.00000,35.00000,8564
174,32,1.080212e-01,43.00000,35.00000,2138
174,33,1.158036e-01,31.00000,36.00000,681
174,34,1.087055e-01,53.00000,30.00000,628
174,35,1.117910e-01,35.00000,36.00000,647
174,36,1.136611e-01,41.00000,35.00000,640
174,37,1.085860e-01,46.00000,35.00000,650
174,38,1.098153e-01,51.00000,30.00000,638
174,39,1.075802e-01,49.00000,30.00000,748
174,40,1.144212e-01,40.00000,35.00000,660
174,41,1.085167e-01,55.00000,30.00000,10177
174,42,1.098757e-01,36.00000,35.00000,1609
174,43,1.119859e-01,36.00000,35.00000,601
174,44,1.082805e-01,47.00000,35.00000,627
174,45,1.140197e-01,49.00000,30.00000,743
174,46,1.114173e-01,49.00000,30.00000,625
174,47,1.114263e-01,25.00000,36.00000,728
174,48,1.115003e-01,55.00000,30.00000,650
174,49,1.069677e-01,59.00000,30.00000,666
174,50,1.103150e-01,45.00000,36.00000,697
174,51,1.096764e-01,44.00000,35.00000,8369
174,52,1.101418e-01,58.00000,30.00000,2235
174,53,1.141878e-01,35.00000,36.00000,637
174,54,1.126287e-01,45.00000,35.00000,608
174,55,1.094693e-01,51.00000,35.00000,639
174,56,1.123571e-01,35.00000,36.00000,606
174,57,1.111849e-01,45.00000,35.00000,583
174,58,1.146688e-01,44.00000,35.00000,608
174,59,1.091801e-01,51.00000,30.00000,621
174,60,1.136539e-01,40.00000,36.00000,612
174,61,1.096241e-01,48.00000,35.00000,1346
174,62,1.086846e-01,43.00000,35.00000,620
174,63,1.093974e-01,54.00000,30.00000,604
174,64,1.122111e-01,42.00000,35.00000,585
174,65,1.108548e-01,53.00000,30.00000,607
174,66,1.103552e-01,55.00000,30.00000,617
174,67,1.097579e-01,48.00000,35.00000,608
174,68,1.105111e-01,49.00000,30.00000,599
174,69,1.093841e-01,39.00000,36.00000,606
174,70,1.090449e-01,49.00000,30.00000,603
174,71,1.112384e-01,47.00000,35.00000,589
175,0,1.088621e-01,49.00000,30.00000,10712
175,1,1.121450e-01,40.00000,35.00000,761
175,2,1.072148e-01,49.00000,30.00000,671
175,3,1.125592e-01,46.00000,35.00000,627
175,4,1.083368e-01,47.00000,35.00000,694
175,5,1.136950e-01,43.00000,35.00000,639
175,6,1.063579e-01,44.00000,35.00000,699
175,7,1.134444e-01,42.00000,36.00000,640
175,8,1.110577e-01,42.00000,35.00000,694
175,9,1.080030e-01,52.00000,30.00000,673
175,10,1.098316e-01,54.00000,30.00000,1984
175,11,1.068922e-01,54.00000,30.00000,11224
175,12,1.064076e-01,49.00000,30.00000,655
175,13,1.066416e-01,49.00000,30.00000,638
175,14,1.053094e-01,57.00000,30.00000,651
175,15,1.074792e-01,52.00000,30.00000,663
175,16,1.069007e-01,58.00000,30.00000,693
175,17,1.059669e-01,49.00000,30.00000,693
175,18,1.089828e-01,36.00000,36.00000,704
175,19,1.069983e-01,49.00000,30.00000,738
175,20,1.074132e-01,49.00000,30.00000,611
175,21,1.106732e-01,52.00000,30.00000,12530
175,22,1.101950e-01,44.00000,35.00000,651
175,23,1.062329e-01,53.00000,30.00000,611
175,24,1.104484e-01,40.00000,36.00000,695
175,25,1.067525e-01,52.00000,30.00000,683
175,26,1.050877e-01,56.00000,30.00000,645
175,27,1.077074e-01,49.00000,35.00000,651
175,28,1.107016e-01,49.00000,35.00000,747
175,29,1.103799e-01,55.00000,30.00000,672
175,30,1.054601e-01,50.00000,35.00000,766
175,31,1.088910e-01,52.00000,30.00000,8669
175,32,1.136802e-01,54.00000,30.00000,697
175,33,1.145990e-01,31.00000,36.00000,692
175,34,1.123081e-01,35.00000,36.00000,662
175,35,1.111917e-01,38.00000,36.00000,704
175,36,1.076864e-01,43.00000,35.00000,690
175,37,1.146550e-01,49.00000,30.00000,4865
175,38,1.090627e-01,54.00000,30.00000,614
175,39,1.106334e-01,57.00000,30.00000,694
175,40,1.098170e-01,45.00000,35.00000,679
175,41,1.157119e-01,42.00000,36.00000,716
175,42,1.088350e-01,52.00000,30.00000,651
175,43,1.154394e-01,48.00000,35.00000,614
175,44,1.134061e-01,42.00000,35.00000,1332
175,45,1.123376e-01,35.00000,36.00000,3818
175,46,1.143817e-01,46.00000,36.00000,664
175,47,1.145660e-01,55.00000,30.00000,6704
175,48,1.121553e-01,42.00000,35.00000,695
175,49,1.087979e-01,45.00000,35.00000,622
175,50,1.100639e-01,54.00000,30.00000,649
175,51,1.141064e-01,47.00000,36.00000,865
175,52,1.097153e-01,49.00000,30.00000,684
175,53,1.119062e-01,41.00000,35.00000,643
175,54,1.173169e-01,35.00000,36.00000,1805
175,55,1.126807e-01,43.00000,35.00000,4174
175,56,1.168104e-01,58.00000,30.00000,638
175,57,1.083822e-01,46.00000,35.00000,1986
175,58,1.132554e-01,41.00000,36.00000,600
175,59,1.102876e-01,48.00000,35.00000,643
175,60,1.100988e-01,49.00000,30.00000,620
175,61,1.126913e-01,38.00000,40.00000,591
175,62,1.078375e-01,54.00000,30.00000,629
175,63,1.124659e-01,53.00000,30.00000,606
175,64,1.132907e-01,43.00000,35.00000,585
175,65,1.092968e-01,40.00000,35.00000,616
175,66,1.061528e-01,53.00000,30.00000,620
175,67,1.146194e-01,39.00000,40.00000,1218
175,68,1.099748e-01,40.00000,35.00000,606
175,69,1.135374e-01,37.00000,35.00000,579
175,70,1.080340e-01,53.00000,30.00000,608
175,71,1.153226e-01,31.00000,36.00000,627
176,0,1.136013e-01,30.00000,36.00000,6264
176,1,1.103148e-01,53.00000,30.00000,671
176,2,1.111395e-01,40.00000,35.00000,1310
176,3,1.174982e-01,45.00000,35.00000,599
176,4,1.112918e-01,38.00000,36.00000,638
176,5,1.158394e-01,39.00000,35.00000,721
176,6,1.139060e-01,44.00000,35.00000,648
176,7,1.146011e-01,41.00000,36.00000,649
176,8,1.177093e-01,42.00000,35.00000,716
176,9,1.170834e-01,38.00000,40.00000,682
176,10,1.228454e-01,30.00000,36.00000,599
176,11,1.184846e-01,37.00000,36.00000,703
176,12,1.139101e-01,43.00000,36.00000,649
176,13,1.106218e-01,53.00000,30.00000,659
176,14,1.158000e-01,36.00000,36.00000,701
176,15,1.118614e-01,53.00000,30.00000,682
176,16,1.161514e-01,46.00000,35.00000,686
176,17,1.064351e-01,53.00000,30.00000,649
176,18,1.131215e-01,42.00000,36.00000,705
176,19,1.165318e-01,31.00000,36.00000,3665
176,20,1.156728e-01,25.00000,36.00000,607
176,21,1.096915e-01,44.00000,35.00000,699
176,22,1.120812e-01,49.00000,35.00000,625
176,23,1.115480e-01,53.00000,30.00000,649
176,24,1.134853e-01,42.00000,35.00000,591
176,25,1.091332e-01,49.00000,30.00000,779
176,26,1.090538e-01,44.00000,35.00000,650
176,27,1.093610e-01,42.00000,35.00000,706
176,28,1.110521e-01,57.00000,30.00000,704
176,29,1.106482e-01,42.00000,35.00000,2896
176,30,1.121189e-01,37.00000,36.00000,682
176,31,1.105518e-01,48.00000,35.00000,630
176,32,1.129065e-01,42.00000,35.00000,679
176,33,1.142393e-01,58.00000,30.00000,719
176,34,1.141578e-01,41.00000,35.00000,655
176,35,1.117938e-01,53.00000,30.00000,664
176,36,1.112001e-01,46.00000,35.00000,645
176,37,1.124242e-01,42.00000,35.00000,660
176,38,1.134281e-01,49.00000,35.00000,690
176,39,1.146486e-01,37.00000,36.00000,1685
176,40,1.138979e-01,45.00000,35.00000,659
176,41,1.115246e-01,46.00000,35.00000,699
176,42,1.149066e-01,45.00000,35.00000,1206
176,43,1.118295e-01,43.00000,35.00000,590
176,44,1.107455e-01,45.00000,35.00000,744
176,45,1.156265e-01,37.00000,36.00000,619
176,46,1.138125e-01,36.00000,36.00000,672
176,47,1.153135e-01,41.00000,35.00000,638
176,48,1.080420e-01,48.00000,35.00000,731
176,49,1.099151e-01,54.00000,30.00000,672
176,50,1.129789e-01,54.00000,30.00000,695
176,51,1.135410e-01,43.00000,35.00000,602
176,52,1.104730e-01,42.00000,35.00000,984
176,53,1.106002e-01,45.00000,35.00000,619
176,54,1.072545e-01,43.00000,35.00000,652
176,55,1.129768e-01,49.00000,30.00000,586
176,56,1.114516e-01,49.00000,30.00000,631
176,57,1.089143e-01,42.00000,35.00000,649
176,58,1.166872e-01,39.00000,36.00000,554
176,59,1.084688e-01,57.00000,30.00000,661
176,60,1.107790e-01,40.00000,36.00000,590
176,61,1.097064e-01,49.00000,30.00000,606
176,62,1.078533e-01,49.00000,30.00000,920
176,63,1.074036e-01,53.00000,30.00000,619
176,64,1.130123e-01,36.00000,35.00000,618
176,65,1.110224e-01,49.00000,30.00000,600
176,66,1.126631e-01,54.00000,30.00000,604
176,67,1.160567e-01,37.00000,36.00000,562
176,68,1.179190e-01,37.00000,36.00000,548
176,69,1.150579e-01,49.00000,30.00000,589
176,70,1.094658e-01,58.00000,30.00000,622
176,71,1.080992e-01,48.00000,35.00000,616
177,0,1.120570e-01,45.00000,35.00000,7813
177,1,1.100167e-01,53.00000,30.00000,1522
177,2,1.126501e-01,48.00000,35.00000,688
177,3,1.174875e-01,43.00000,35.00000,671
177,4,1.148284e-01,37.00000,36.00000,616
177,5,1.090763e-01,55.00000,30.00000,657
177,6,1.119218e-01,40.00000,35.00000,702
177,7,1.179052e-01,31.00000,36.00000,667
177,8,1.099724e-01,53.00000,30.00000,633
177,9,1.094443e-01,49.00000,30.00000,760
177,10,1.123932e-01,57.00000,30.00000,7835
177,11,1.117803e-01,35.00000,36.00000,3205
177,12,1.099637e-01,56.00000,30.00000,685
177,13,1.113497e-01,35.00000,36.00000,746
177,14,1.091727e-01,49.00000,30.00000,648
177,15,1.149052e-01,53.00000,30.00000,993
177,16,1.127401e-01,47.00000,35.00000,750
177,17,1.085042e-01,48.00000,35.00000,625
177,18,1.133139e-01,35.00000,36.00000,648
177,19,1.181652e-01,46.00000,36.00000,698
177,20,1.131098e-01,35.00000,36.00000,9699
177,21,1.131517e-01,53.00000,30.00000,5085
177,22,1.140731e-01,46.00000,35.00000,656
177,23,1.146684e-01,38.00000,35.00000,628
177,24,1.172438e-01,40.00000,35.00000,711
177,25,1.108368e-01,42.00000,35.00000,713
177,26,1.150692e-01,35.00000,36.00000,708
177,27,1.112354e-01,49.00000,30.00000,601
177,28,1.125663e-01,51.00000,35.00000,752
177,29,1.133429e-01,45.00000,35.00000,621
177,30,1.108168e-01,39.00000,40.00000,4670
177,31,1.146306e-01,45.00000,35.00000,8078
177,32,1.102165e-01,42.00000,35.00000,631
177,33,1.191514e-01,34.00000,36.00000,627
177,34,1.156847e-01,43.00000,35.00000,660
177,35,1.087618e-01,60.00000,30.00000,718
177,36,1.163212e-01,36.00000,40.00000,641
177,37,1.098757e-01,53.00000,30.00000,664
177,38,1.145484e-01,38.00000,35.00000,683
177,39,1.105436e-01,47.00000,35.00000,702
177,40,1.126322e-01,44.00000,35.00000,679
177,41,1.177442e-01,36.00000,36.00000,10108
177,42,1.138549e-01,37.00000,36.00000,637
177,43,1.169221e-01,43.00000,35.00000,612
177,44,1.117659e-01,43.00000,35.00000,697
177,45,1.126984e-01,44.00000,35.00000,579
177,46,1.143135e-01,41.00000,35.00000,705
177,47,1.138239e-01,43.00000,36.00000,685
177,48,1.137164e-01,54.00000,30.00000,625
177,49,1.149583e-01,48.00000,35.00000,725
177,50,1.150013e-01,36.00000,35.00000,637
177,51,1.179214e-01,38.00000,36.00000,10535
177,52,1.190561e-01,36.00000,36.00000,640
177,53,1.156720e-01,38.00000,36.00000,653
177,54,1.138758e-01,46.00000,35.00000,625
177,55,1.110326e-01,57.00000,30.00000,715
177,56,1.211642e-01,47.00000,35.00000,632
177,57,1.161865e-01,31.00000,36.00000,669
177,58,1.096747e-01,57.00000,30.00000,661
177,59,1.148914e-01,49.00000,30.00000,647
177,60,1.106448e-01,42.00000,35.00000,630
177,61,1.156513e-01,35.00000,36.00000,1546
177,62,1.115694e-01,49.00000,30.00000,586
177,63,1.124860e-01,36.00000,36.00000,598
177,64,1.118667e-01,45.00000,35.00000,606
177,65,1.153796e-01,45.00000,35.00000,571
177,66,1.159575e-01,43.00000,35.00000,582
177,67,1.117470e-01,54.00000,30.00000,604
177,68,1.087065e-01,53.00000,30.00000,607
177,69,1.144276e-01,43.00000,35.00000,586
177,70,1.177651e-01,38.00000,35.00000,572
177,71,1.175041e-01,36.00000,36.00000,594
178,0,1.088565e-01,42.00000,35.00000,2621
178,1,1.130113e-01,42.00000,35.00000,3619
178,2,1.090795e-01,52.00000,30.00000,710
178,3,1.125444e-01,47.00000,35.00000,708
178,4,1.082358e-01,56.00000,30.00000,670
178,5,1.099341e-01,58.00000,30.00000,713
178,6,1.124435e-01,46.00000,35.00000,743
178,7,1.113286e-01,57.00000,30.00000,625
178,8,1.136958e-01,45.00000,35.00000,774
178,9,1.116734e-01,42.00000,35.00000,682
178,10,1.111104e-01,42.00000,35.00000,721
178,11,1.139622e-01,44.00000,35.00000,659
178,12,1.095775e-01,44.00000,35.00000,653
178,13,1.127471e-01,49.00000,30.00000,665
178,14,1.142249e-01,31.00000,36.00000,735
178,15,1.101282e-01,49.00000,30.00000,778
178,16,1.144265e-01,45.00000,35.00000,607
178,17,1.114611e-01,49.00000,30.00000,681
178,18,1.121482e-01,47.00000,35.00000,734
178,19,1.122565e-01,58.00000,30.00000,658
178,20,1.142086e-01,54.00000,30.00000,648
178,21,1.133748e-01,40.00000,36.00000,667
178,22,1.137626e-01,41.00000,36.00000,651
178,23,1.144790e-01,46.00000,35.00000,711
178,24,1.088506e-01,55.00000,30.00000,633
178,25,1.103046e-01,57.00000,30.00000,744
178,26,1.106204e-01,57.00000,30.00000,706
178,27,1.127223e-01,38.00000,35.00000,780
178,28,1.149211e-01,35.00000,36.00000,654
178,29,1.176427e-01,40.00000,35.00000,652
178,30,1.161189e-01,51.00000,30.00000,3954
178,31,1.088605e-01,47.00000,35.00000,676
178,32,1.113708e-01,43.00000,36.00000,684
178,33,1.135088e-01,56.00000,30.00000,762
178,34,1.113650e-01,45.00000,35.00000,633
178,35,1.102023e-01,55.00000,30.00000,658
178,36,1.124410e-01,49.00000,30.00000,688
178,37,1.115550e-01,43.00000,35.00000,2806
178,38,1.080367e-01,57.00000,30.00000,725
178,39,1.102665e-01,41.00000,35.00000,689
178,40,1.151702e-01,50.00000,35.00000,703
178,41,1.127951e-01,53.00000,30.00000,707
178,42,1.171457e-01,25.00000,36.00000,663
178,43,1.097861e-01,49.00000,35.00000,669
178,44,1.130288e-01,46.00000,35.00000,735
178,45,1.127792e-01,48.00000,35.00000,672
178,46,1.134373e-01,44.00000,35.00000,729
178,47,1.104334e-01,46.00000,35.00000,798
178,48,1.139865e-01,46.00000,36.00000,656
178,49,1.091467e-01,57.00000,30.00000,644
178,50,1.077870e-01,55.00000,30.00000,7385
178,51,1.175994e-01,45.00000,35.00000,630
178,52,1.150911e-01,54.00000,30.00000,688
178,53,1.122091e-01,47.00000,35.00000,664
178,54,1.136891e-01,41.00000,36.00000,656
178,55,1.092789e-01,47.00000,35.00000,650
178,56,1.094399e-01,46.00000,35.00000,750
178,57,1.081754e-01,57.00000,30.00000,650
178,58,1.108718e-01,46.00000,36.00000,715
178,59,1.142075e-01,53.00000,30.00000,678
178,60,1.169183e-01,30.00000,36.00000,3953
178,61,1.140073e-01,43.00000,36.00000,587
178,62,1.121873e-01,36.00000,36.00000,629
178,63,1.199807e-01,46.00000,35.00000,610
178,64,1.154668e-01,49.00000,30.00000,585
178,65,1.129090e-01,48.00000,35.00000,600
178,66,1.158789e-01,49.00000,30.00000,628
178,67,1.125428e-01,53.00000,30.00000,624
178,68,1.111168e-01,40.00000,35.00000,604
178,69,1.110788e-01,52.00000,30.00000,604
178,70,1.131719e-01,51.00000,30.00000,599
178,71,1.089602e-01,44.00000,35.00000,615
179,0,1.112945e-01,47.00000,35.00000,7224
179,1,1.121453e-01,44.00000,35.00000,771
179,2,1.123525e-01,43.00000,35.00000,692
179,3,1.115066e-01,49.00000,30.00000,649
179,4,1.108049e-01,49.00000,30.00000,642
179,5,1.128807e-01,43.00000,35.00000,635
179,6,1.112967e-01,44.00000,35.00000,708
179,7,1.097534e-01,53.00000,30.00000,639
179,8,1.185691e-01,37.00000,35.00000,596
179,9,1.126316e-01,54.00000,30.00000,723
179,10,1.158052e-01,38.00000,36.00000,13067
179,11,1.128306e-01,46.00000,35.00000,656
179,12,1.121538e-01,45.00000,35.00000,881
179,13,1.182140e-01,35.00000,40.00000,629
179,14,1.175094e-01,39.00000,36.00000,682
179,15,1.128244e-01,49.00000,30.00000,601
179,16,1.169307e-01,38.00000,36.00000,663
179,17,1.174631e-01,49.00000,30.00000,691
179,18,1.154990e-01,46.00000,35.00000,653
179,19,1.154959e-01,49.00000,30.00000,741
179,20,1.214141e-01,30.00000,40.00000,11686
179,21,1.155142e-01,25.00000,36.00000,762
179,22,1.153381e-01,54.00000,30.00000,652
179,23,1.141435e-01,47.00000,35.00000,604
179,24,1.119834e-01,43.00000,35.00000,639
179,25,1.144860e-01,38.00000,40.00000,675
179,26,1.146002e-01,53.00000,30.00000,680
179,27,1.104652e-01,56.00000,30.00000,670
179,28,1.104508e-01,49.00000,30.00000,667
179,29,1.118898e-01,53.00000,30.00000,664
179,30,1.193210e-01,30.00000,36.00000,8056
179,31,1.168600e-01,42.00000,35.00000,697
179,32,1.104989e-01,46.00000,35.00000,721
179,33,1.106871e-01,46.00000,35.00000,662
179,34,1.131430e-01,45.00000,35.00000,643
179,35,1.122544e-01,48.00000,35.00000,706
179,36,1.132889e-01,54.00000,30.00000,774
179,37,1.102947e-01,49.00000,30.00000,663
179,38,1.100635e-01,51.00000,30.00000,698
179,39,1.111461e-01,46.00000,35.00000,673
179,40,1.097339e-01,52.00000,30.00000,12468
179,41,1.184510e-01,58.00000,30.00000,645
179,42,1.128462e-01,49.00000,30.00000,725
179,43,1.199507e-01,35.00000,36.00000,571
179,44,1.141688e-01,46.00000,35.00000,616
179,45,1.154948e-01,41.00000,35.00000,642
179,46,1.158807e-01,25.00000,36.00000,680
179,47,1.125679e-01,47.00000,35.00000,641
179,48,1.172143e-01,57.00000,30.00000,695
179,49,1.080737e-01,55.00000,30.00000,705
179,50,1.161046e-01,31.00000,36.00000,9654
179,51,1.155810e-01,44.00000,35.00000,731
179,52,1.160670e-01,25.00000,36.00000,645
179,53,1.155743e-01,42.00000,35.00000,628
179,54,1.170385e-01,45.00000,35.00000,648
179,55,1.165901e-01,40.00000,36.00000,653
179,56,1.162279e-01,49.00000,30.00000,594
179,57,1.099473e-01,55.00000,30.00000,617
179,58,1.159637e-01,41.00000,36.00000,600
179,59,1.134889e-01,49.00000,30.00000,607
179,60,1.138471e-01,49.00000,30.00000,2595
179,61,1.131730e-01,38.00000,35.00000,623
179,62,1.158805e-01,47.00000,35.00000,587
179,63,1.159019e-01,35.00000,36.00000,597
179,64,1.207986e-01,37.00000,35.00000,586
179,65,1.118371e-01,57.00000,30.00000,627
179,66,1.114897e-01,41.00000,35.00000,608
179,67,1.128731e-01,40.00000,36.00000,595
179,68,1.133819e-01,53.00000,30.00000,607
179,69,1.138557e-01,52.00000,30.00000,595
179,70,1.168172e-01,49.00000,30.00000,588
179,71,1.188138e-01,45.00000,36.00000,585
180,0,1.106188e-01,55.00000,30.00000,5853
180,1,1.165725e-01,40.00000,35.00000,671
180,2,1.130607e-01,36.00000,36.00000,769
180,3,1.122937e-01,59.00000,30.00000,708
180,4,1.144887e-01,47.00000,35.00000,641
180,5,1.123512e-01,58.00000,30.00000,790
180,6,1.128332e-01,52.00000,30.00000,646
180,7,1.194115e-01,36.00000,36.00000,683
180,8,1.106923e-01,48.00000,35.00000,699
180,9,1.139741e-01,40.00000,36.00000,668
180,10,1.174786e-01,55.00000,30.00000,9669
180,11,1.148746e-01,42.00000,35.00000,624
180,12,1.099141e-01,49.00000,30.00000,650
180,13,1.104382e-01,53.00000,30.00000,725
180,14,1.126814e-01,36.00000,36.00000,1811
180,15,1.139435e-01,49.00000,30.00000,675
180,16,1.124714e-01,52.00000,30.00000,669
180,17,1.099226e-01,45.00000,35.00000,739
180,18,1.137880e-01,47.00000,35.00000,658
180,19,1.105688e-01,55.00000,30.00000,696
180,20,1.158593e-01,39.00000,36.00000,11038
180,21,1.146846e-01,38.00000,35.00000,646
180,22,1.121991e-01,45.00000,36.00000,715
180,23,1.123288e-01,49.00000,30.00000,642
180,24,1.133337e-01,47.00000,35.00000,1309
180,25,1.127303e-01,57.00000,30.00000,626
180,26,1.234697e-01,38.00000,40.00000,731
180,27,1.110690e-01,44.00000,35.00000,672
180,28,1.153338e-01,48.00000,35.00000,705
180,29,1.120834e-01,54.00000,30.00000,658
180,30,1.132722e-01,45.00000,35.00000,11629
180,31,1.134434e-01,49.00000,30.00000,629
180,32,1.127707e-01,43.00000,35.00000,685
180,33,1.129213e-01,53.00000,30.00000,671
180,34,1.143987e-01,45.00000,35.00000,633
180,35,1.160967e-01,36.00000,36.00000,613
180,36,1.153183e-01,35.00000,36.00000,636
180,37,1.150158e-01,45.00000,35.00000,603
180,38,1.145546e-01,44.00000,35.00000,718
180,39,1.150659e-01,43.00000,35.00000,616
180,40,1.135989e-01,48.00000,35.00000,10176
180,41,1.149106e-01,40.00000,35.00000,721
180,42,1.137826e-01,48.00000,35.00000,661
180,43,1.137990e-01,42.00000,35.00000,677
180,44,1.159506e-01,42.00000,35.00000,661
180,45,1.149689e-01,49.00000,30.00000,665
180,46,1.124898e-01,50.00000,35.00000,624
180,47,1.139006e-01,46.00000,35.00000,702
180,48,1.120515e-01,47.00000,35.00000,662
180,49,1.156685e-01,44.00000,35.00000,646
180,50,1.140136e-01,59.00000,30.00000,12221
180,51,1.119251e-01,54.00000,30.00000,671
180,52,1.131294e-01,45.00000,35.00000,645
180,53,1.152898e-01,40.00000,36.00000,603
180,54,1.175006e-01,44.00000,35.00000,586
180,55,1.176424e-01,37.00000,36.00000,613
180,56,1.195409e-01,44.00000,35.00000,604
180,57,1.172016e-01,55.00000,30.00000,622
180,58,1.152276e-01,41.00000,35.00000,592
180,59,1.166513e-01,46.00000,36.00000,595
180,60,1.162236e-01,43.00000,35.00000,2029
180,61,1.160496e-01,40.00000,35.00000,592
180,62,1.142791e-01,55.00000,30.00000,615
180,63,1.112801e-01,45.00000,35.00000,618
180,64,1.164794e-01,37.00000,36.00000,578
180,65,1.145125e-01,39.00000,36.00000,616
180,66,1.196952e-01,31.00000,36.00000,568
180,67,1.165265e-01,47.00000,35.00000,585
180,68,1.167989e-01,43.00000,35.00000,573
180,69,1.186351e-01,38.00000,36.00000,557
180,70,1.141775e-01,46.00000,35.00000,596
180,71,1.151575e-01,55.00000,30.00000,621
181,0,1.141948e-01,45.00000,36.00000,10675
181,1,1.092983e-01,49.00000,35.00000,738
181,2,1.124341e-01,49.00000,30.00000,684
181,3,1.111991e-01,47.00000,35.00000,655
181,4,1.120741e-01,44.00000,35.00000,628
181,5,1.149351e-01,42.00000,35.00000,696
181,6,1.146516e-01,54.00000,30.00000,783
181,7,1.142983e-01,54.00000,30.00000,697
181,8,1.086513e-01,54.00000,30.00000,755
181,9,1.128300e-01,42.00000,35.00000,768
181,10,1.132190e-01,37.00000,36.00000,7751
181,11,1.171240e-01,49.00000,30.00000,2322
181,12,1.140503e-01,37.00000,36.00000,708
181,13,1.143660e-01,49.00000,35.00000,608
181,14,1.098408e-01,54.00000,30.00000,637
181,15,1.172675e-01,40.00000,35.00000,700
181,16,1.140513e-01,55.00000,30.00000,655
181,17,1.127990e-01,43.00000,35.00000,693
181,18,1.163262e-01,37.00000,36.00000,704
181,19,1.137617e-01,49.00000,35.00000,694
181,20,1.128586e-01,45.00000,36.00000,7595
181,21,1.221519e-01,25.00000,36.00000,663
181,22,1.147678e-01,55.00000,30.00000,676
181,23,1.137221e-01,53.00000,30.00000,751
181,24,1.156068e-01,47.00000,35.00000,631
181,25,1.143955e-01,49.00000,30.00000,642
181,26,1.121485e-01,49.00000,30.00000,679
181,27,1.125996e-01,47.00000,35.00000,718
181,28,1.105204e-01,56.00000,30.00000,706
181,29,1.104407e-01,45.00000,35.00000,747
181,30,1.166185e-01,41.00000,36.00000,6767
181,31,1.164819e-01,47.00000,35.00000,698
181,32,1.149931e-01,43.00000,36.00000,714
181,33,1.215719e-01,41.00000,35.00000,632
181,34,1.195570e-01,41.00000,36.00000,635
181,35,1.155247e-01,44.00000,36.00000,777
181,36,1.149885e-01,43.00000,35.00000,650
181,37,1.115204e-01,49.00000,30.00000,721
181,38,1.157186e-01,54.00000,30.00000,669
181,39,1.151541e-01,49.00000,30.00000,697
181,40,1.171527e-01,41.00000,36.00000,3364
181,41,1.166121e-01,50.00000,35.00000,688
181,42,1.146256e-01,42.00000,36.00000,601
181,43,1.210984e-01,49.00000,30.00000,610
181,44,1.179662e-01,55.00000,30.00000,654
181,45,1.156938e-01,45.00000,35.00000,688
181,46,1.170796e-01,38.00000,35.00000,593
181,47,1.148663e-01,42.00000,35.00000,670
181,48,1.116988e-01,45.00000,35.00000,706
181,49,1.139349e-01,53.00000,30.00000,808
181,50,1.196906e-01,43.00000,35.00000,3032
181,51,1.162785e-01,34.00000,36.00000,611
181,52,1.123727e-01,50.00000,35.00000,640
181,53,1.137156e-01,40.00000,35.00000,715
181,54,1.155992e-01,35.00000,36.00000,1931
181,55,1.102405e-01,48.00000,35.00000,679
181,56,1.104986e-01,47.00000,35.00000,628
181,57,1.143608e-01,59.00000,30.00000,696
181,58,1.138440e-01,57.00000,30.00000,687
181,59,1.138400e-01,49.00000,30.00000,590
181,60,1.147450e-01,47.00000,35.00000,592
181,61,1.169655e-01,46.00000,35.00000,598
181,62,1.121262e-01,48.00000,35.00000,2194
181,63,1.141613e-01,52.00000,30.00000,624
181,64,1.202487e-01,25.00000,36.00000,577
181,65,1.123319e-01,47.00000,35.00000,606
181,66,1.127656e-01,54.00000,30.00000,608
181,67,1.133952e-01,53.00000,30.00000,606
181,68,1.110391e-01,49.00000,30.00000,619
181,69,1.139017e-01,57.00000,30.00000,626
181,70,1.115574e-01,55.00000,30.00000,619
181,71,1.183674e-01,37.00000,36.00000,595
182,0,1.153297e-01,35.00000,36.00000,6236
182,1,1.131083e-01,45.00000,35.00000,2183
182,2,1.152575e-01,53.00000,30.00000,689
182,3,1.168214e-01,35.00000,36.00000,2268
182,4,1.113681e-01,53.00000,30.00000,649
182,5,1.130679e-01,47.00000,35.00000,657
182,6,1.108703e-01,53.00000,30.00000,746
182,7,1.155164e-01,40.00000,36.00000,680
182,8,1.130164e-01,52.00000,30.00000,689
182,9,1.149446e-01,49.00000,30.00000,652
182,10,1.202115e-01,43.00000,35.00000,10069
182,11,1.187148e-01,30.00000,36.00000,1765
182,12,1.147497e-01,35.00000,36.00000,646
182,13,1.159285e-01,36.00000,36.00000,686
182,14,1.142477e-01,55.00000,30.00000,790
182,15,1.193651e-01,37.00000,36.00000,665
182,16,1.155382e-01,53.00000,30.00000,649
182,17,1.235615e-01,31.00000,36.00000,658
182,18,1.184059e-01,46.00000,35.00000,605
182,19,1.147692e-01,45.00000,35.00000,650
182,20,1.157916e-01,41.00000,36.00000,8300
182,21,1.134530e-01,53.00000,30.00000,3221
182,22,1.106984e-01,55.00000,30.00000,752
182,23,1.161731e-01,43.00000,35.00000,690
182,24,1.178122e-01,43.00000,35.00000,693
182,25,1.139073e-01,53.00000,30.00000,691
182,26,1.152135e-01,53.00000,30.00000,644
182,27,1.088153e-01,57.00000,30.00000,692
182,28,1.145590e-01,31.00000,36.00000,708
182,29,1.146361e-01,57.00000,30.00000,701
182,30,1.149071e-01,43.00000,35.00000,6455
182,31,1.097516e-01,52.00000,30.00000,6121
182,32,1.113490e-01,47.00000,35.00000,619
182,33,1.116953e-01,55.00000,30.00000,659
182,34,1.171176e-01,47.00000,35.00000,690
182,35,1.128573e-01,54.00000,30.00000,606
182,36,1.161828e-01,49.00000,30.00000,685
182,37,1.123171e-01,43.00000,35.00000,620
182,38,1.164702e-01,47.00000,35.00000,690
182,39,1.109230e-01,54.00000,30.00000,685
182,40,1.149995e-01,35.00000,36.00000,782
182,41,1.157282e-01,42.00000,35.00000,9868
182,42,1.133923e-01,37.00000,36.00000,669
182,43,1.138756e-01,46.00000,35.00000,780
182,44,1.175739e-01,55.00000,30.00000,694
182,45,1.159463e-01,40.00000,36.00000,612
182,46,1.180962e-01,39.00000,36.00000,721
182,47,1.113498e-01,51.00000,30.00000,676
182,48,1.167898e-01,49.00000,30.00000,650
182,49,1.132553e-01,53.00000,30.00000,707
182,50,1.142240e-01,55.00000,30.00000,721
182,51,1.125564e-01,53.00000,30.00000,12459
182,52,1.143916e-01,47.00000,35.00000,608
182,53,1.181176e-01,44.00000,35.00000,655
182,54,1.166375e-01,55.00000,30.00000,638
182,55,1.153691e-01,31.00000,36.00000,636
182,56,1.123155e-01,46.00000,35.00000,617
182,57,1.135986e-01,55.00000,30.00000,615
182,58,1.148379e-01,44.00000,35.00000,586
182,59,1.161903e-01,46.00000,35.00000,586
182,60,1.129051e-01,36.00000,35.00000,628
182,61,1.165466e-01,38.00000,35.00000,592
182,62,1.110750e-01,55.00000,30.00000,625
182,63,1.151834e-01,46.00000,35.00000,610
182,64,1.215154e-01,31.00000,36.00000,578
182,65,1.160554e-01,46.00000,35.00000,587
182,66,1.215565e-01,42.00000,35.00000,568
182,67,1.182105e-01,45.00000,35.00000,570
182,68,1.194793e-01,30.00000,36.00000,596
182,69,1.159242e-01,56.00000,30.00000,609
182,70,1.159336e-01,43.00000,36.00000,605
182,71,1.220883e-01,37.00000,40.00000,562
183,0,1.166114e-01,38.00000,35.00000,12923
183,1,1.153998e-01,46.00000,35.00000,731
183,2,1.124496e-01,51.00000,30.00000,696
183,3,1.143933e-01,49.00000,30.00000,679
183,4,1.106374e-01,45.00000,35.00000,732
183,5,1.148433e-01,49.00000,35.00000,689
183,6,1.115558e-01,49.00000,30.00000,694
183,7,1.137915e-01,42.00000,35.00000,708
183,8,1.159382e-01,46.00000,35.00000,707
183,9,1.138733e-01,57.00000,30.00000,663
183,10,1.174110e-01,42.00000,35.00000,13477
183,11,1.169642e-01,47.00000,36.00000,696
183,12,1.186267e-01,51.00000,35.00000,634
183,13,1.180516e-01,43.00000,35.00000,671
183,14,1.206824e-01,35.00000,36.00000,631
183,15,1.159877e-01,39.00000,36.00000,724
183,16,1.185051e-01,31.00000,36.00000,764
183,17,1.150026e-01,52.00000,30.00000,593
183,18,1.138043e-01,42.00000,35.00000,700
183,19,1.179540e-01,56.00000,30.00000,656
183,20,1.152956e-01,43.00000,35.00000,9829
183,21,1.115418e-01,53.00000,30.00000,692
183,22,1.127489e-01,47.00000,35.00000,638
183,23,1.146734e-01,49.00000,30.00000,616
183,24,1.165237e-01,40.00000,35.00000,698
183,25,1.182149e-01,49.00000,30.00000,691
183,26,1.172240e-01,55.00000,30.00000,695
183,27,1.122244e-01,55.00000,30.00000,671
183,28,1.142448e-01,49.00000,30.00000,757
183,29,1.192439e-01,36.00000,36.00000,690
183,30,1.140045e-01,35.00000,36.00000,12105
183,31,1.139804e-01,44.00000,35.00000,618
183,32,1.149281e-01,54.00000,30.00000,667
183,33,1.142609e-01,56.00000,30.00000,629
183,34,1.185631e-01,46.00000,35.00000,660
183,35,1.175764e-01,38.00000,35.00000,596
183,36,1.183284e-01,39.00000,35.00000,738
183,37,1.188067e-01,31.00000,36.00000,621
183,38,1.166826e-01,49.00000,30.00000,648
183,39,1.183076e-01,35.00000,36.00000,672
183,40,1.162520e-01,31.00000,36.00000,10241
183,41,1.119277e-01,55.00000,30.00000,705
183,42,1.176989e-01,43.00000,35.00000,611
183,43,1.130478e-01,47.00000,35.00000,668
183,44,1.136433e-01,42.00000,35.00000,646
183,45,1.151223e-01,43.00000,35.00000,618
183,46,1.155834e-01,49.00000,30.00000,654
183,47,1.144463e-01,56.00000,30.00000,787
183,48,1.132288e-01,49.00000,30.00000,627
183,49,1.167716e-01,43.00000,35.00000,715
183,50,1.163412e-01,57.00000,30.00000,9301
183,51,1.139805e-01,43.00000,35.00000,774
183,52,1.169379e-01,40.00000,35.00000,695
183,53,1.121426e-01,41.00000,36.00000,646
183,54,1.187800e-01,55.00000,30.00000,645
183,55,1.171044e-01,49.00000,30.00000,652
183,56,1.144908e-01,59.00000,30.00000,638
183,57,1.200628e-01,33.00000,40.00000,610
183,58,1.182143e-01,42.00000,35.00000,594
183,59,1.126780e-01,58.00000,30.00000,622
183,60,1.206692e-01,31.00000,36.00000,1326
183,61,1.194450e-01,35.00000,36.00000,576
183,62,1.128383e-01,49.00000,30.00000,595
183,63,1.136636e-01,42.00000,35.00000,627
183,64,1.177621e-01,53.00000,30.00000,605
183,65,1.223056e-01,45.00000,35.00000,568
183,66,1.222612e-01,35.00000,36.00000,558
183,67,1.211533e-01,42.00000,35.00000,566
183,68,1.199501e-01,45.00000,36.00000,582
183,69,1.184706e-01,40.00000,35.00000,582
183,70,1.201136e-01,31.00000,36.00000,594
183,71,1.149998e-01,49.00000,30.00000,587
184,0,1.170296e-01,48.00000,35.00000,7744
184,1,1.172826e-01,49.00000,30.00000,3754
184,2,1.127687e-01,56.00000,30.00000,683
184,3,1.174980e-01,41.00000,36.00000,787
184,4,1.139335e-01,38.00000,36.00000,767
184,5,1.138446e-01,49.00000,30.00000,728
184,6,1.209162e-01,38.00000,35.00000,705
184,7,1.236608e-01,36.00000,36.00000,673
184,8,1.142891e-01,61.00000,30.00000,743
184,9,1.118362e-01,43.00000,35.00000,676
184,10,1.121430e-01,53.00000,30.00000,2985
184,11,1.219825e-01,47.00000,35.00000,4822
184,12,1.130931e-01,46.00000,36.00000,4515
184,13,1.144994e-01,46.00000,35.00000,4749
184,14,1.109005e-01,53.00000,30.00000,641
184,15,1.128599e-01,49.00000,30.00000,649
184,16,1.136911e-01,49.00000,30.00000,689
184,17,1.143383e-01,43.00000,35.00000,750
184,18,1.202292e-01,36.00000,36.00000,663
184,19,1.148100e-01,49.00000,30.00000,756
184,20,1.151380e-01,53.00000,30.00000,774
184,21,1.155975e-01,30.00000,36.00000,1866
184,22,1.208553e-01,37.00000,36.00000,2202
184,23,1.161382e-01,37.00000,35.00000,9708
184,24,1.148002e-01,49.00000,30.00000,653
184,25,1.171084e-01,48.00000,35.00000,725
184,26,1.157224e-01,48.00000,35.00000,659
184,27,1.151233e-01,49.00000,35.00000,640
184,28,1.156327e-01,49.00000,30.00000,709
184,29,1.198673e-01,40.00000,35.00000,640
184,30,1.210456e-01,37.00000,35.00000,614
184,31,1.164968e-01,43.00000,35.00000,889
184,32,1.139200e-01,54.00000,30.00000,697
184,33,1.137919e-01,49.00000,30.00000,9576
184,34,1.152612e-01,51.00000,30.00000,704
184,35,1.167642e-01,31.00000,36.00000,656
184,36,1.184701e-01,49.00000,30.00000,764
184,37,1.225358e-01,25.00000,36.00000,700
184,38,1.187326e-01,43.00000,35.00000,654
184,39,1.137768e-01,57.00000,30.00000,682
184,40,1.128031e-01,55.00000,30.00000,714
184,41,1.124287e-01,58.00000,30.00000,1847
184,42,1.149644e-01,42.00000,36.00000,2572
184,43,1.185172e-01,46.00000,35.00000,7362
184,44,1.198661e-01,51.00000,30.00000,645
184,45,1.299780e-01,25.00000,36.00000,608
184,46,1.144099e-01,36.00000,36.00000,679
184,47,1.163210e-01,41.00000,35.00000,606
184,48,1.116223e-01,57.00000,30.00000,723
184,49,1.134438e-01,48.00000,35.00000,611
184,50,1.137903e-01,53.00000,30.00000,742
184,51,1.126011e-01,47.00000,35.00000,2306
184,52,1.216236e-01,37.00000,36.00000,4943
184,53,1.132398e-01,49.00000,30.00000,2970
184,54,1.140787e-01,53.00000,30.00000,662
184,55,1.170771e-01,49.00000,35.00000,732
184,56,1.181936e-01,47.00000,35.00000,607
184,57,1.174707e-01,36.00000,36.00000,673
184,58,1.157449e-01,49.00000,30.00000,665
184,59,1.163599e-01,42.00000,35.00000,585
184,60,1.162274e-01,51.00000,30.00000,670
184,61,1.175922e-01,37.00000,36.00000,574
184,62,1.223554e-01,42.00000,35.00000,566
184,63,1.157829e-01,51.00000,30.00000,605
184,64,1.155911e-01,34.00000,36.00000,626
184,65,1.144743e-01,49.00000,30.00000,611
184,66,1.177897e-01,48.00000,35.00000,593
184,67,1.168284e-01,54.00000,30.00000,604
184,68,1.116162e-01,58.00000,30.00000,622
184,69,1.161125e-01,38.00000,40.00000,598
184,70,1.129470e-01,53.00000,30.00000,607
184,71,1.195026e-01,41.00000,36.00000,573
185,0,1.126370e-01,46.00000,36.00000,9307
185,1,1.119749e-01,49.00000,30.00000,685
185,2,1.129431e-01,50.00000,30.00000,698
185,3,1.115429e-01,59.00000,30.00000,686
185,4,1.145798e-01,49.00000,30.00000,697
185,5,1.150704e-01,49.00000,30.00000,647
185,6,1.135151e-01,54.00000,30.00000,688
185,7,1.137464e-01,49.00000,30.00000,752
185,8,1.171373e-01,43.00000,36.00000,700
185,9,1.105746e-01,55.00000,30.00000,728
185,10,1.161354e-01,53.00000,30.00000,11923
185,11,1.140354e-01,36.00000,35.00000,852
185,12,1.189634e-01,31.00000,36.00000,2313
185,13,1.143090e-01,51.00000,30.00000,704
185,14,1.157747e-01,45.00000,35.00000,651
185,15,1.176663e-01,41.00000,36.00000,666
185,16,1.168985e-01,43.00000,36.00000,697
185,17,1.196426e-01,47.00000,35.00000,657
185,18,1.138121e-01,54.00000,30.00000,648
185,19,1.200912e-01,43.00000,35.00000,627
185,20,1.161367e-01,57.00000,30.00000,8099
185,21,1.178782e-01,45.00000,35.00000,1399
185,22,1.178125e-01,41.00000,35.00000,4608
185,23,1.161001e-01,44.00000,35.00000,657
185,24,1.172830e-01,40.00000,36.00000,627
185,25,1.152746e-01,56.00000,30.00000,645
185,26,1.155947e-01,42.00000,35.00000,647
185,27,1.151340e-01,49.00000,30.00000,667
185,28,1.178553e-01,42.00000,35.00000,652
185,29,1.152603e-01,53.00000,30.00000,626
185,30,1.172972e-01,50.00000,35.00000,6510
185,31,1.136336e-01,54.00000,30.00000,668
185,32,1.226309e-01,37.00000,35.00000,8954
185,33,1.167117e-01,46.00000,35.00000,591
185,34,1.140208e-01,55.00000,30.00000,722
185,35,1.150780e-01,51.00000,30.00000,661
185,36,1.139868e-01,44.00000,35.00000,619
185,37,1.227300e-01,49.00000,30.00000,664
185,38,1.169365e-01,31.00000,36.00000,639
185,39,1.169293e-01,40.00000,36.00000,706
185,40,1.187712e-01,45.00000,35.00000,3812
185,41,1.124941e-01,44.00000,35.00000,680
185,42,1.224924e-01,36.00000,35.00000,7193
185,43,1.172995e-01,46.00000,35.00000,659
185,44,1.199881e-01,34.00000,36.00000,671
185,45,1.213886e-01,35.00000,40.00000,708
185,46,1.156857e-01,54.00000,30.00000,637
185,47,1.178188e-01,41.00000,35.00000,650
185,48,1.133814e-01,45.00000,35.00000,610
185,49,1.225141e-01,36.00000,36.00000,677
185,50,1.171304e-01,41.00000,35.00000,1605
185,51,1.162245e-01,56.00000,30.00000,746
185,52,1.168341e-01,43.00000,35.00000,8400
185,53,1.207901e-01,49.00000,30.00000,603
185,54,1.162256e-01,42.00000,36.00000,632
185,55,1.206717e-01,54.00000,30.00000,625
185,56,1.172559e-01,40.00000,35.00000,610
185,57,1.183928e-01,37.00000,36.00000,631
185,58,1.179163e-01,43.00000,35.00000,582
185,59,1.109598e-01,55.00000,30.00000,636
185,60,1.151284e-01,54.00000,30.00000,605
185,61,1.182858e-01,46.00000,35.00000,589
185,62,1.149447e-01,48.00000,35.00000,610
185,63,1.184080e-01,38.00000,40.00000,597
185,64,1.259096e-01,25.00000,36.00000,594
185,65,1.207546e-01,43.00000,35.00000,568
185,66,1.186011e-01,44.00000,35.00000,587
185,67,1.194692e-01,44.00000,35.00000,603
185,68,1.185520e-01,49.00000,30.00000,598
185,69,1.179363e-01,39.00000,36.00000,585
185,70,1.213941e-01,41.00000,36.00000,568
185,71,1.235538e-01,30.00000,36.00000,586
186,0,1.165287e-01,46.00000,35.00000,9217
186,1,1.154596e-01,54.00000,30.00000,2660
186,2,1.119717e-01,49.00000,30.00000,688
186,3,1.106699e-01,58.00000,30.00000,776
186,4,1.170514e-01,35.00000,36.00000,666
186,5,1.220485e-01,37.00000,36.00000,702
186,6,1.131346e-01,48.00000,35.00000,762
186,7,1.173472e-01,56.00000,30.00000,688
186,8,1.224323e-01,35.00000,36.00000,691
186,9,1.158774e-01,54.00000,30.00000,704
186,10,1.216075e-01,36.00000,36.00000,4528
186,11,1.124162e-01,52.00000,35.00000,690
186,12,1.207457e-01,57.00000,30.00000,7483
186,13,1.199711e-01,59.00000,30.00000,677
186,14,1.182803e-01,35.00000,36.00000,645
186,15,1.176905e-01,48.00000,35.00000,706
186,16,1.182499e-01,45.00000,35.00000,659
186,17,1.184499e-01,40.00000,35.00000,699
186,18,1.248250e-01,36.00000,36.00000,637
186,19,1.164765e-01,49.00000,35.00000,716
186,20,1.174371e-01,52.00000,30.00000,5299
186,21,1.160198e-01,54.00000,30.00000,678
186,22,1.132544e-01,48.00000,35.00000,6198
186,23,1.126539e-01,49.00000,30.00000,693
186,24,1.176832e-01,57.00000,30.00000,750
186,25,1.181946e-01,42.00000,35.00000,706
186,26,1.198135e-01,40.00000,35.00000,678
186,27,1.171148e-01,36.00000,36.00000,693
186,28,1.161108e-01,44.00000,35.00000,645
186,29,1.185688e-01,44.00000,35.00000,670
186,30,1.170568e-01,48.00000,35.00000,3792
186,31,1.193286e-01,57.00000,30.00000,627
186,32,1.156699e-01,55.00000,30.00000,5518
186,33,1.159968e-01,37.00000,36.00000,757
186,34,1.166693e-01,52.00000,30.00000,659
186,35,1.159345e-01,43.00000,35.00000,723
186,36,1.152010e-01,52.00000,30.00000,728
186,37,1.130962e-01,49.00000,30.00000,677
186,38,1.187460e-01,52.00000,30.00000,760
186,39,1.156478e-01,38.00000,40.00000,715
186,40,1.193709e-01,35.00000,36.00000,6011
186,41,1.156800e-01,49.00000,30.00000,723
186,42,1.181514e-01,51.00000,35.00000,3149
186,43,1.136968e-01,49.00000,30.00000,808
186,44,1.173461e-01,53.00000,30.00000,673
186,45,1.158935e-01,43.00000,36.00000,647
186,46,1.155835e-01,54.00000,30.00000,680
186,47,1.158146e-01,53.00000,30.00000,631
186,48,1.237349e-01,34.00000,36.00000,634
186,49,1.236516e-01,25.00000,36.00000,804
186,50,1.193180e-01,49.00000,30.00000,3909
186,51,1.185759e-01,53.00000,30.00000,749
186,52,1.166057e-01,36.00000,40.00000,7788
186,53,1.155285e-01,47.00000,35.00000,638
186,54,1.143675e-01,53.00000,30.00000,607
186,55,1.193091e-01,36.00000,36.00000,626
186,56,1.158423e-01,49.00000,30.00000,600
186,57,1.173292e-01,42.00000,36.00000,609
186,58,1.142751e-01,58.00000,30.00000,632
186,59,1.157878e-01,55.00000,30.00000,616
186,60,1.145857e-01,45.00000,35.00000,606
186,61,1.174423e-01,55.00000,30.00000,616
186,62,1.202396e-01,40.00000,35.00000,580
186,63,1.137826e-01,49.00000,30.00000,637
186,64,1.203359e-01,47.00000,35.00000,586
186,65,1.148770e-01,55.00000,30.00000,616
186,66,1.134751e-01,43.00000,35.00000,618
186,67,1.119155e-01,61.00000,30.00000,647
186,68,1.142308e-01,57.00000,30.00000,627
186,69,1.122437e-01,55.00000,30.00000,624
186,70,1.137905e-01,53.00000,30.00000,606
186,71,1.131924e-01,41.00000,35.00000,633
187,0,1.225092e-01,45.00000,35.00000,7235
187,1,1.186567e-01,40.00000,35.00000,641
187,2,1.154150e-01,47.00000,35.00000,717
187,3,1.147794e-01,47.00000,35.00000,702
187,4,1.187949e-01,47.00000,35.00000,689
187,5,1.202176e-01,40.00000,35.00000,694
187,6,1.223487e-01,49.00000,30.00000,657
187,7,1.186300e-01,46.00000,35.00000,680
187,8,1.175279e-01,45.00000,36.00000,667
187,9,1.156264e-01,54.00000,30.00000,698
187,10,1.153968e-01,57.00000,30.00000,5564
187,11,1.147153e-01,49.00000,30.00000,750
187,12,1.236766e-01,43.00000,40.00000,664
187,13,1.162233e-01,43.00000,36.00000,689
187,14,1.181566e-01,40.00000,36.00000,689
187,15,1.154268e-01,50.00000,30.00000,740
187,16,1.208422e-01,35.00000,36.00000,648
187,17,1.205505e-01,49.00000,30.00000,625
187,18,1.200374e-01,50.00000,35.00000,705
187,19,1.190548e-01,42.00000,35.00000,759
187,20,1.183664e-01,38.00000,36.00000,7545
187,21,1.149886e-01,52.00000,30.00000,625
187,22,1.181674e-01,53.00000,30.00000,721
187,23,1.230420e-01,47.00000,35.00000,615
187,24,1.184610e-01,37.00000,35.00000,639
187,25,1.131617e-01,57.00000,30.00000,745
187,26,1.147886e-01,52.00000,35.00000,732
187,27,1.200047e-01,49.00000,30.00000,673
187,28,1.173217e-01,37.00000,36.00000,621
187,29,1.141724e-01,45.00000,35.00000,721
187,30,1.180510e-01,48.00000,35.00000,7037
187,31,1.177470e-01,49.00000,30.00000,2508
187,32,1.180986e-01,41.00000,36.00000,1219
187,33,1.180872e-01,41.00000,36.00000,2706
187,34,1.193604e-01,45.00000,35.00000,676
187,35,1.185536e-01,43.00000,35.00000,739
187,36,1.226231e-01,52.00000,30.00000,778
187,37,1.212508e-01,43.00000,35.00000,684
187,38,1.177577e-01,43.00000,36.00000,624
187,39,1.216421e-01,41.00000,35.00000,669
187,40,1.180873e-01,37.00000,36.00000,8298
187,41,1.174463e-01,54.00000,30.00000,1257
187,42,1.219650e-01,30.00000,36.00000,689
187,43,1.165477e-01,54.00000,30.00000,916
187,44,1.160742e-01,40.00000,35.00000,663
187,45,1.134351e-01,59.00000,30.00000,722
187,46,1.180412e-01,49.00000,35.00000,685
187,47,1.189015e-01,48.00000,35.00000,649
187,48,1.155039e-01,53.00000,30.00000,656
187,49,1.162741e-01,47.00000,35.00000,727
187,50,1.174040e-01,46.00000,35.00000,11104
187,51,1.176465e-01,42.00000,35.00000,606
187,52,1.167619e-01,53.00000,30.00000,692
187,53,1.180101e-01,31.00000,36.00000,615
187,54,1.194316e-01,44.00000,35.00000,685
187,55,1.170666e-01,49.00000,30.00000,609
187,56,1.152851e-01,41.00000,35.00000,617
187,57,1.194732e-01,53.00000,30.00000,626
187,58,1.137844e-01,54.00000,30.00000,619
187,59,1.128563e-01,52.00000,30.00000,599
187,60,1.181342e-01,45.00000,35.00000,2000
187,61,1.182071e-01,49.00000,30.00000,618
187,62,1.177184e-01,51.00000,30.00000,596
187,63,1.137117e-01,48.00000,35.00000,603
187,64,1.144514e-01,54.00000,30.00000,605
187,65,1.207529e-01,54.00000,30.00000,604
187,66,1.203519e-01,36.00000,36.00000,567
187,67,1.210149e-01,43.00000,36.00000,586
187,68,1.183707e-01,46.00000,35.00000,591
187,69,1.233234e-01,42.00000,35.00000,568
187,70,1.163779e-01,49.00000,35.00000,602
187,71,1.190304e-01,49.00000,35.00000,591
188,0,1.143957e-01,47.00000,35.00000,12815
188,1,1.181751e-01,42.00000,35.00000,1743
188,2,1.150915e-01,47.00000,35.00000,719
188,3,1.167039e-01,45.00000,35.00000,733
188,4,1.165646e-01,49.00000,30.00000,677
188,5,1.176136e-01,53.00000,30.00000,695
188,6,1.177282e-01,49.00000,30.00000,690
188,7,1.177333e-01,49.00000,30.00000,684
188,8,1.170567e-01,52.00000,30.00000,700
188,9,1.224800e-01,25.00000,36.00000,636
188,10,1.176056e-01,35.00000,36.00000,9481
188,11,1.181246e-01,55.00000,30.00000,723
188,12,1.158994e-01,40.00000,35.00000,672
188,13,1.176736e-01,49.00000,30.00000,698
188,14,1.163519e-01,51.00000,30.00000,2763
188,15,1.162675e-01,49.00000,30.00000,754
188,16,1.177941e-01,45.00000,35.00000,1535
188,17,1.177833e-01,48.00000,35.00000,687
188,18,1.177465e-01,52.00000,30.00000,665
188,19,1.153960e-01,56.00000,30.00000,765
188,20,1.178961e-01,46.00000,35.00000,4623
188,21,1.165757e-01,45.00000,35.00000,622
188,22,1.139963e-01,58.00000,30.00000,781
188,23,1.234978e-01,41.00000,35.00000,580
188,24,1.177826e-01,53.00000,30.00000,6518
188,25,1.184619e-01,58.00000,30.00000,657
188,26,1.194978e-01,34.00000,36.00000,700
188,27,1.207820e-01,31.00000,36.00000,3564
188,28,1.159051e-01,55.00000,30.00000,735
188,29,1.148296e-01,49.00000,30.00000,659
188,30,1.146640e-01,52.00000,30.00000,760
188,31,1.187487e-01,43.00000,35.00000,582
188,32,1.199950e-01,47.00000,35.00000,6358
188,33,1.156246e-01,55.00000,30.00000,645
188,34,1.225521e-01,40.00000,36.00000,2549
188,35,1.213849e-01,49.00000,30.00000,603
188,36,1.205208e-01,36.00000,35.00000,689
188,37,1.171057e-01,42.00000,36.00000,5284
188,38,1.220309e-01,35.00000,36.00000,651
188,39,1.167645e-01,50.00000,35.00000,723
188,40,1.219150e-01,43.00000,35.00000,675
188,41,1.155513e-01,54.00000,30.00000,624
188,42,1.155218e-01,49.00000,30.00000,6822
188,43,1.141559e-01,55.00000,30.00000,667
188,44,1.211840e-01,25.00000,36.00000,716
188,45,1.173994e-01,43.00000,36.00000,677
188,46,1.207888e-01,59.00000,30.00000,712
188,47,1.212925e-01,51.00000,30.00000,2909
188,48,1.189167e-01,49.00000,30.00000,671
188,49,1.184660e-01,43.00000,36.00000,741
188,50,1.229710e-01,49.00000,30.00000,684
188,51,1.173186e-01,41.00000,35.00000,675
188,52,1.152538e-01,49.00000,30.00000,9303
188,53,1.163948e-01,45.00000,35.00000,684
188,54,1.139729e-01,58.00000,30.00000,666
188,55,1.266991e-01,36.00000,36.00000,613
188,56,1.174068e-01,47.00000,35.00000,614
188,57,1.207158e-01,39.00000,35.00000,625
188,58,1.166093e-01,49.00000,30.00000,650
188,59,1.180338e-01,53.00000,30.00000,627
188,60,1.134370e-01,42.00000,36.00000,657
188,61,1.238870e-01,35.00000,36.00000,607
188,62,1.150422e-01,46.00000,35.00000,1092
188,63,1.146301e-01,57.00000,30.00000,628
188,64,1.164112e-01,52.00000,30.00000,597
188,65,1.146775e-01,53.00000,30.00000,609
188,66,1.164223e-01,52.00000,30.00000,596
188,67,1.207711e-01,42.00000,35.00000,598
188,68,1.171491e-01,52.00000,30.00000,595
188,69,1.124328e-01,54.00000,30.00000,622
188,70,1.184797e-01,38.00000,35.00000,635
188,71,1.141427e-01,54.00000,30.00000,624
189,0,1.144140e-01,58.00000,30.00000,6061
189,1,1.148298e-01,54.00000,30.00000,2076
189,2,1.173694e-01,47.00000,35.00000,732
189,3,1.222691e-01,46.00000,36.00000,635
189,4,1.185753e-01,30.00000,36.00000,753
189,5,1.212754e-01,41.00000,35.00000,618
189,6,1.165424e-01,47.00000,35.00000,685
189,7,1.192132e-01,54.00000,30.00000,633
189,8,1.187867e-01,53.00000,30.00000,765
189,9,1.184953e-01,53.00000,30.00000,696
189,10,1.172248e-01,49.00000,30.00000,7671
189,11,1.184591e-01,41.00000,35.00000,704
189,12,1.193034e-01,48.00000,35.00000,889
189,13,1.169329e-01,47.00000,35.00000,693
189,14,1.178482e-01,49.00000,30.00000,742
189,15,1.183462e-01,43.00000,35.00000,687
189,16,1.192201e-01,49.00000,30.00000,626
189,17,1.160449e-01,59.00000,30.00000,823
189,18,1.202222e-01,43.00000,36.00000,611
189,19,1.218147e-01,40.00000,35.00000,707
189,20,1.197166e-01,45.00000,35.00000,8897
189,21,1.202741e-01,45.00000,35.00000,602
189,22,1.194141e-01,50.00000,35.00000,661
189,23,1.218104e-01,36.00000,36.00000,652
189,24,1.206871e-01,45.00000,36.00000,649
189,25,1.197362e-01,40.00000,36.00000,677
189,26,1.196208e-01,40.00000,35.00000,696
189,27,1.187180e-01,48.00000,35.00000,649
189,28,1.181591e-01,43.00000,35.00000,640
189,29,1.192009e-01,49.00000,30.00000,684
189,30,1.253645e-01,42.00000,35.00000,10873
189,31,1.170688e-01,54.00000,30.00000,705
189,32,1.191805e-01,45.00000,35.00000,608
189,33,1.211402e-01,57.00000,30.00000,709
189,34,1.187756e-01,43.00000,36.00000,661
189,35,1.193492e-01,49.00000,30.00000,674
189,36,1.168392e-01,42.00000,36.00000,709
189,37,1.152467e-01,56.00000,30.00000,755
189,38,1.209359e-01,35.00000,36.00000,670
189,39,1.161794e-01,42.00000,35.00000,637
189,40,1.209443e-01,49.00000,30.00000,11986
189,41,1.253804e-01,38.00000,36.00000,620
189,42,1.228700e-01,42.00000,35.00000,641
189,43,1.146786e-01,53.00000,30.00000,643
189,44,1.165935e-01,45.00000,35.00000,713
189,45,1.245449e-01,49.00000,30.00000,623
189,46,1.213929e-01,31.00000,36.00000,671
189,47,1.227431e-01,42.00000,35.00000,722
189,48,1.186644e-01,45.00000,35.00000,681
189,49,1.188636e-01,53.00000,30.00000,651
189,50,1.188468e-01,49.00000,30.00000,10349
189,51,1.162850e-01,39.00000,35.00000,626
189,52,1.307326e-01,25.00000,36.00000,645
189,53,1.151002e-01,59.00000,30.00000,690
189,54,1.216021e-01,36.00000,36.00000,686
189,55,1.198695e-01,42.00000,35.00000,593
189,56,1.215526e-01,40.00000,40.00000,647
189,57,1.237529e-01,31.00000,36.00000,616
189,58,1.198321e-01,52.00000,30.00000,621
189,59,1.186672e-01,56.00000,30.00000,641
189,60,1.253723e-01,40.00000,40.00000,610
189,61,1.291772e-01,34.00000,40.00000,1041
189,62,1.166020e-01,55.00000,30.00000,618
189,63,1.210628e-01,53.00000,30.00000,619
189,64,1.181462e-01,53.00000,30.00000,611
189,65,1.215825e-01,53.00000,30.00000,609
189,66,1.219381e-01,41.00000,36.00000,600
189,67,1.243452e-01,38.00000,35.00000,603
189,68,1.225735e-01,31.00000,36.00000,595
189,69,1.167070e-01,43.00000,35.00000,622
189,70,1.159187e-01,54.00000,30.00000,626
189,71,1.215433e-01,38.00000,36.00000,595
190,0,1.166278e-01,58.00000,30.00000,5491
190,1,1.179038e-01,55.00000,30.00000,694
190,2,1.243183e-01,30.00000,36.00000,669
190,3,1.192952e-01,47.00000,35.00000,664
190,4,1.216526e-01,57.00000,30.00000,690
190,5,1.202919e-01,42.00000,35.00000,694
190,6,1.171433e-01,55.00000,30.00000,695
190,7,1.190770e-01,31.00000,36.00000,650
190,8,1.170138e-01,40.00000,36.00000,693
190,9,1.235705e-01,37.00000,35.00000,668
190,10,1.151294e-01,48.00000,35.00000,720
190,11,1.181645e-01,44.00000,35.00000,597
190,12,1.153740e-01,56.00000,30.00000,3719
190,13,1.178919e-01,48.00000,35.00000,688
190,14,1.192744e-01,47.00000,35.00000,662
190,15,1.130584e-01,55.00000,30.00000,755
190,16,1.198662e-01,49.00000,30.00000,656
190,17,1.193483e-01,51.00000,30.00000,706
190,18,1.167102e-01,49.00000,35.00000,615
190,19,1.162918e-01,49.00000,30.00000,828
190,20,1.209264e-01,36.00000,35.00000,754
190,21,1.219081e-01,47.00000,35.00000,621
190,22,1.216543e-01,42.00000,35.00000,4201
190,23,1.235110e-01,25.00000,36.00000,682
190,24,1.175175e-01,42.00000,35.00000,703
190,25,1.158320e-01,58.00000,30.00000,658
190,26,1.187959e-01,58.00000,30.00000,729
190,27,1.164384e-01,52.00000,30.00000,692
190,28,1.172249e-01,47.00000,35.00000,730
190,29,1.201047e-01,42.00000,36.00000,681
190,30,1.160414e-01,53.00000,30.00000,754
190,31,1.162769e-01,52.00000,30.00000,667
190,32,1.167304e-01,54.00000,30.00000,7556
190,33,1.211770e-01,35.00000,36.00000,658
190,34,1.232586e-01,37.00000,40.00000,611
190,35,1.239705e-01,31.00000,36.00000,683
190,36,1.169084e-01,54.00000,30.00000,763
190,37,1.177430e-01,49.00000,30.00000,607
190,38,1.261655e-01,35.00000,36.00000,715
190,39,1.219163e-01,45.00000,35.00000,645
190,40,1.172994e-01,48.00000,35.00000,1012
190,41,1.202216e-01,48.00000,35.00000,674
190,42,1.187898e-01,43.00000,35.00000,9750
190,43,1.203737e-01,39.00000,40.00000,591
190,44,1.146472e-01,57.00000,30.00000,671
190,45,1.139543e-01,53.00000,30.00000,672
190,46,1.213380e-01,52.00000,30.00000,624
190,47,1.194613e-01,50.00000,35.00000,707
190,48,1.203393e-01,42.00000,35.00000,634
190,49,1.196411e-01,50.00000,30.00000,607
190,50,1.195439e-01,44.00000,35.00000,698
190,51,1.228316e-01,31.00000,36.00000,669
190,52,1.172734e-01,42.00000,35.00000,8369
190,53,1.169882e-01,55.00000,30.00000,653
190,54,1.250598e-01,40.00000,35.00000,622
190,55,1.226443e-01,41.00000,35.00000,576
190,56,1.191892e-01,54.00000,30.00000,677
190,57,1.221290e-01,39.00000,36.00000,586
190,58,1.212212e-01,35.00000,36.00000,602
190,59,1.156432e-01,54.00000,30.00000,624
190,60,1.212590e-01,54.00000,30.00000,604
190,61,1.175916e-01,43.00000,36.00000,601
190,62,1.195847e-01,49.00000,30.00000,2292
190,63,1.180705e-01,43.00000,35.00000,614
190,64,1.150583e-01,53.00000,30.00000,620
190,65,1.146564e-01,53.00000,30.00000,615
190,66,1.178920e-01,43.00000,35.00000,609
190,67,1.183738e-01,54.00000,30.00000,603
190,68,1.196489e-01,41.00000,35.00000,586
190,69,1.202942e-01,53.00000,30.00000,612
190,70,1.223451e-01,35.00000,36.00000,590
190,71,1.170900e-01,42.00000,35.00000,646
191,0,1.164673e-01,54.00000,30.00000,7038
191,1,1.172718e-01,49.00000,30.00000,1673
191,2,1.161940e-01,42.00000,36.00000,843
191,3,1.164753e-01,36.00000,35.00000,820
191,4,1.214053e-01,52.00000,30.00000,715
191,5,1.187128e-01,50.00000,35.00000,677
191,6,1.206056e-01,57.00000,30.00000,661
191,7,1.148087e-01,54.00000,30.00000,753
191,8,1.199060e-01,45.00000,35.00000,662
191,9,1.204948e-01,58.00000,30.00000,663
191,10,1.179798e-01,48.00000,35.00000,4472
191,11,1.172698e-01,58.00000,30.00000,679
191,12,1.240869e-01,49.00000,30.00000,677
191,13,1.215149e-01,41.00000,40.00000,654
191,14,1.270933e-01,25.00000,36.00000,609
191,15,1.227607e-01,43.00000,36.00000,651
191,16,1.192447e-01,49.00000,30.00000,650
191,17,1.244427e-01,37.00000,36.00000,633
191,18,1.250438e-01,44.00000,35.00000,641
191,19,1.190841e-01,40.00000,35.00000,693
191,20,1.246829e-01,38.00000,35.00000,1034
191,21,1.186014e-01,45.00000,35.00000,644
191,22,1.185305e-01,42.00000,36.00000,671
191,23,1.186765e-01,42.00000,35.00000,819
191,24,1.155667e-01,55.00000,30.00000,708
191,25,1.162525e-01,53.00000,30.00000,734
191,26,1.177570e-01,54.00000,30.00000,650
191,27,1.186353e-01,49.00000,30.00000,619
191,28,1.164335e-01,59.00000,30.00000,737
191,29,1.174149e-01,54.00000,30.00000,737
191,30,1.177040e-01,48.00000,35.00000,663
191,31,1.188155e-01,37.00000,36.00000,656
191,32,1.194557e-01,54.00000,30.00000,609
191,33,1.243081e-01,35.00000,36.00000,716
191,34,1.226325e-01,37.00000,36.00000,671
191,35,1.207937e-01,52.00000,30.00000,774
191,36,1.189667e-01,44.00000,35.00000,633
191,37,1.174288e-01,42.00000,35.00000,722
191,38,1.226222e-01,49.00000,30.00000,691
191,39,1.198512e-01,55.00000,30.00000,620
191,40,1.232779e-01,53.00000,30.00000,652
191,41,1.178270e-01,58.00000,30.00000,676
191,42,1.249451e-01,37.00000,36.00000,654
191,43,1.238592e-01,25.00000,36.00000,582
191,44,1.166215e-01,54.00000,30.00000,1851
191,45,1.220125e-01,31.00000,36.00000,638
191,46,1.189123e-01,48.00000,35.00000,785
191,47,1.234656e-01,48.00000,35.00000,609
191,48,1.156626e-01,54.00000,30.00000,799
191,49,1.229604e-01,43.00000,35.00000,670
191,50,1.193366e-01,40.00000,35.00000,677
191,51,1.234597e-01,46.00000,35.00000,621
191,52,1.204785e-01,46.00000,35.00000,718
191,53,1.188348e-01,41.00000,36.00000,625
191,54,1.182799e-01,55.00000,30.00000,3070
191,55,1.152763e-01,45.00000,35.00000,630
191,56,1.218366e-01,42.00000,35.00000,662
191,57,1.209725e-01,47.00000,35.00000,628
191,58,1.201121e-01,39.00000,35.00000,636
191,59,1.192361e-01,54.00000,30.00000,643
191,60,1.228016e-01,40.00000,35.00000,618
191,61,1.146965e-01,51.00000,30.00000,659
191,62,1.196397e-01,48.00000,35.00000,595
191,63,1.147108e-01,55.00000,30.00000,631
191,64,1.187802e-01,54.00000,30.00000,1170
191,65,1.174986e-01,47.00000,35.00000,629
191,66,1.183531e-01,49.00000,30.00000,614
191,67,1.186602e-01,49.00000,30.00000,597
191,68,1.172242e-01,52.00000,30.00000,631
191,69,1.206163e-01,50.00000,30.00000,581
191,70,1.181716e-01,55.00000,30.00000,618
191,71,1.185821e-01,45.00000,35.00000,603
192,0,1.202177e-01,42.00000,35.00000,4775
192,1,1.143192e-01,54.00000,30.00000,2555
192,2,1.180286e-01,42.00000,35.00000,626
192,3,1.183297e-01,48.00000,35.00000,707
192,4,1.189537e-01,49.00000,30.00000,740
192,5,1.209166e-01,39.00000,35.00000,723
192,6,1.172836e-01,43.00000,35.00000,655
192,7,1.181872e-01,45.00000,35.00000,731
192,8,1.188447e-01,54.00000,30.00000,686
192,9,1.223606e-01,39.00000,35.00000,663
192,10,1.196123e-01,38.00000,36.00000,1039
192,11,1.222709e-01,48.00000,35.00000,5745
192,12,1.224084e-01,31.00000,36.00000,674
192,13,1.198964e-01,54.00000,30.00000,946
192,14,1.205497e-01,46.00000,35.00000,643
192,15,1.183394e-01,46.00000,35.00000,687
192,16,1.192267e-01,46.00000,35.00000,727
192,17,1.245147e-01,52.00000,30.00000,715
192,18,1.198162e-01,47.00000,35.00000,668
192,19,1.283688e-01,50.00000,30.00000,2112
192,20,1.200054e-01,55.00000,30.00000,6916
192,21,1.227263e-01,46.00000,35.00000,4223
192,22,1.194437e-01,43.00000,35.00000,646
192,23,1.205452e-01,38.00000,35.00000,715
192,24,1.161074e-01,55.00000,30.00000,694
192,25,1.165320e-01,52.00000,30.00000,706
192,26,1.158604e-01,49.00000,30.00000,674
192,27,1.161167e-01,58.00000,30.00000,717
192,28,1.223240e-01,45.00000,35.00000,1826
192,29,1.185910e-01,54.00000,30.00000,3024
192,30,1.184682e-01,40.00000,35.00000,4437
192,31,1.271418e-01,41.00000,35.00000,5196
192,32,1.193753e-01,45.00000,36.00000,650
192,33,1.181918e-01,54.00000,30.00000,977
192,34,1.180001e-01,53.00000,35.00000,784
192,35,1.225120e-01,35.00000,36.00000,612
192,36,1.209301e-01,48.00000,35.00000,708
192,37,1.251158e-01,31.00000,36.00000,674
192,38,1.264431e-01,44.00000,35.00000,1901
192,39,1.201775e-01,57.00000,30.00000,1042
192,40,1.275039e-01,44.00000,36.00000,690
192,41,1.220330e-01,47.00000,35.00000,7310
192,42,1.241106e-01,58.00000,30.00000,660
192,43,1.256852e-01,49.00000,30.00000,1795
192,44,1.236776e-01,43.00000,36.00000,601
192,45,1.238433e-01,39.00000,35.00000,708
192,46,1.169834e-01,57.00000,30.00000,784
192,47,1.264404e-01,44.00000,36.00000,614
192,48,1.232217e-01,38.00000,35.00000,5424
192,49,1.195296e-01,41.00000,35.00000,723
192,50,1.261284e-01,45.00000,35.00000,623
192,51,1.202666e-01,43.00000,36.00000,4986
192,52,1.278155e-01,43.00000,35.00000,1206
192,53,1.213828e-01,37.00000,36.00000,654
192,54,1.192313e-01,54.00000,30.00000,641
192,55,1.259212e-01,45.00000,35.00000,637
192,56,1.262076e-01,35.00000,36.00000,656
192,57,1.234605e-01,57.00000,30.00000,646
192,58,1.192156e-01,55.00000,30.00000,1703
192,59,1.230413e-01,38.00000,35.00000,606
192,60,1.242027e-01,49.00000,30.00000,615
192,61,1.241957e-01,44.00000,35.00000,615
192,62,1.177875e-01,54.00000,30.00000,1432
192,63,1.151067e-01,61.00000,30.00000,648
192,64,1.215668e-01,40.00000,36.00000,612
192,65,1.184115e-01,46.00000,35.00000,622
192,66,1.205418e-01,48.00000,35.00000,606
192,67,1.169197e-01,52.00000,30.00000,617
192,68,1.202466e-01,52.00000,30.00000,595
192,69,1.215293e-01,53.00000,30.00000,608
192,70,1.172536e-01,50.00000,35.00000,612
192,71,1.273343e-01,32.00000,36.00000,594
193,0,1.197202e-01,53.00000,30.00000,9600
193,1,1.226509e-01,52.00000,30.00000,3203
193,2,1.172695e-01,56.00000,30.00000,710
193,3,1.219693e-01,44.00000,35.00000,653
193,4,1.203192e-01,41.00000,35.00000,711
193,5,1.184668e-01,53.00000,30.00000,806
193,6,1.212266e-01,40.00000,36.00000,662
193,7,1.236917e-01,43.00000,35.00000,611
193,8,1.240302e-01,41.00000,36.00000,730
193,9,1.190925e-01,47.00000,35.00000,777
193,10,1.193572e-01,46.00000,35.00000,4494
193,11,1.189699e-01,42.00000,35.00000,3358
193,12,1.166582e-01,55.00000,30.00000,695
193,13,1.179941e-01,46.00000,35.00000,901
193,14,1.192419e-01,49.00000,30.00000,658
193,15,1.186241e-01,49.00000,30.00000,725
193,16,1.223739e-01,53.00000,30.00000,723
193,17,1.238640e-01,53.00000,30.00000,633
193,18,1.203890e-01,40.00000,35.00000,684
193,19,1.218539e-01,31.00000,36.00000,709
193,20,1.209501e-01,45.00000,36.00000,7662
193,21,1.232986e-01,45.00000,35.00000,715
193,22,1.203121e-01,25.00000,36.00000,747
193,23,1.158909e-01,54.00000,30.00000,2635
193,24,1.205712e-01,41.00000,35.00000,774
193,25,1.185732e-01,52.00000,30.00000,697
193,26,1.205560e-01,46.00000,35.00000,733
193,27,1.197645e-01,49.00000,30.00000,671
193,28,1.208374e-01,58.00000,30.00000,674
193,29,1.242160e-01,55.00000,30.00000,647
193,30,1.286424e-01,44.00000,35.00000,10499
193,31,1.157560e-01,55.00000,30.00000,674
193,32,1.231043e-01,48.00000,35.00000,691
193,33,1.239191e-01,36.00000,36.00000,6073
193,34,1.198409e-01,54.00000,30.00000,684
193,35,1.189040e-01,43.00000,35.00000,658
193,36,1.187708e-01,55.00000,30.00000,758
193,37,1.216524e-01,49.00000,30.00000,626
193,38,1.218836e-01,45.00000,36.00000,686
193,39,1.234089e-01,47.00000,35.00000,616
193,40,1.170819e-01,46.00000,35.00000,7510
193,41,1.161489e-01,55.00000,30.00000,651
193,42,1.175787e-01,49.00000,30.00000,708
193,43,1.189882e-01,49.00000,30.00000,4719
193,44,1.215566e-01,42.00000,35.00000,734
193,45,1.197490e-01,57.00000,30.00000,626
193,46,1.204217e-01,52.00000,30.00000,649
193,47,1.191200e-01,45.00000,35.00000,672
193,48,1.173658e-01,49.00000,30.00000,654
193,49,1.326350e-01,25.00000,36.00000,657
193,50,1.180466e-01,55.00000,30.00000,5388
193,51,1.172815e-01,49.00000,35.00000,708
193,52,1.216500e-01,49.00000,35.00000,640
193,53,1.193529e-01,54.00000,30.00000,5117
193,54,1.210535e-01,52.00000,30.00000,656
193,55,1.248314e-01,34.00000,36.00000,647
193,56,1.206324e-01,49.00000,30.00000,627
193,57,1.156701e-01,58.00000,30.00000,625
193,58,1.214581e-01,49.00000,30.00000,649
193,59,1.173955e-01,61.00000,30.00000,673
193,60,1.273807e-01,32.00000,36.00000,608
193,61,1.212015e-01,41.00000,36.00000,593
193,62,1.264921e-01,37.00000,36.00000,563
193,63,1.209455e-01,49.00000,30.00000,600
193,64,1.229186e-01,38.00000,40.00000,594
193,65,1.226750e-01,45.00000,35.00000,603
193,66,1.197161e-01,53.00000,30.00000,606
193,67,1.292828e-01,40.00000,36.00000,550
193,68,1.290389e-01,31.00000,36.00000,584
193,69,1.301197e-01,49.00000,30.00000,585
193,70,1.242428e-01,38.00000,35.00000,584
193,71,1.152582e-01,49.00000,30.00000,619
194,0,1.209271e-01,41.00000,35.00000,5796
194,1,1.209224e-01,43.00000,35.00000,690
194,2,1.276207e-01,43.00000,36.00000,2062
194,3,1.226710e-01,37.00000,36.00000,681
194,4,1.182281e-01,54.00000,30.00000,646
194,5,1.186530e-01,49.00000,35.00000,712
194,6,1.229705e-01,47.00000,35.00000,710
194,7,1.216158e-01,54.00000,30.00000,646
194,8,1.220965e-01,48.00000,35.00000,737
194,9,1.233828e-01,55.00000,30.00000,729
194,10,1.224750e-01,55.00000,30.00000,2125
194,11,1.206806e-01,49.00000,35.00000,5976
194,12,1.190517e-01,49.00000,30.00000,647
194,13,1.199045e-01,45.00000,36.00000,687
194,14,1.224100e-01,38.00000,35.00000,710
194,15,1.176728e-01,49.00000,30.00000,629
194,16,1.219194e-01,44.00000,36.00000,723
194,17,1.213153e-01,51.00000,35.00000,654
194,18,1.259994e-01,35.00000,36.00000,706
194,19,1.241785e-01,49.00000,30.00000,674
194,20,1.224245e-01,44.00000,35.00000,3006
194,21,1.187943e-01,54.00000,30.00000,9464
194,22,1.188980e-01,51.00000,30.00000,647
194,23,1.175154e-01,45.00000,35.00000,757
194,24,1.218124e-01,53.00000,30.00000,696
194,25,1.220140e-01,49.00000,30.00000,705
194,26,1.185793e-01,49.00000,30.00000,705
194,27,1.217102e-01,40.00000,40.00000,718
194,28,1.189095e-01,44.00000,35.00000,702
194,29,1.185313e-01,55.00000,30.00000,708
194,30,1.181648e-01,41.00000,36.00000,2733
194,31,1.219659e-01,43.00000,35.00000,9644
194,32,1.218157e-01,45.00000,35.00000,649
194,33,1.223942e-01,47.00000,35.00000,746
194,34,1.277145e-01,47.00000,35.00000,621
194,35,1.199142e-01,54.00000,30.00000,647
194,36,1.224716e-01,52.00000,30.00000,614
194,37,1.293866e-01,41.00000,36.00000,670
194,38,1.185370e-01,49.00000,30.00000,739
194,39,1.194689e-01,49.00000,30.00000,727
194,40,1.204301e-01,42.00000,35.00000,695
194,41,1.240406e-01,54.00000,30.00000,11420
194,42,1.206017e-01,46.00000,35.00000,704
194,43,1.217987e-01,40.00000,35.00000,655
194,44,1.202498e-01,55.00000,30.00000,684
194,45,1.235462e-01,41.00000,36.00000,654
194,46,1.249089e-01,35.00000,36.00000,642
194,47,1.227384e-01,49.00000,30.00000,611
194,48,1.232564e-01,49.00000,35.00000,650
194,49,1.284379e-01,43.00000,36.00000,696
194,50,1.243750e-01,45.00000,36.00000,583
194,51,1.205477e-01,53.00000,30.00000,14078
194,52,1.228434e-01,54.00000,30.00000,652
194,53,1.285529e-01,36.00000,36.00000,637
194,54,1.219434e-01,49.00000,30.00000,591
194,55,1.215851e-01,43.00000,36.00000,618
194,56,1.213292e-01,38.00000,35.00000,609
194,57,1.218053e-01,39.00000,40.00000,602
194,58,1.226294e-01,49.00000,30.00000,587
194,59,1.239750e-01,43.00000,35.00000,573
194,60,1.263323e-01,40.00000,35.00000,599
194,61,1.257242e-01,43.00000,35.00000,627
194,62,1.199065e-01,55.00000,30.00000,616
194,63,1.257249e-01,47.00000,35.00000,582
194,64,1.311740e-01,37.00000,36.00000,565
194,65,1.237598e-01,43.00000,35.00000,582
194,66,1.204064e-01,35.00000,40.00000,613
194,67,1.225567e-01,43.00000,36.00000,603
194,68,1.308477e-01,36.00000,36.00000,542
194,69,1.207428e-01,53.00000,30.00000,621
194,70,1.216962e-01,42.00000,35.00000,625
194,71,1.264449e-01,40.00000,35.00000,562
195,0,1.167090e-01,53.00000,30.00000,6283
195,1,1.208426e-01,51.00000,30.00000,714
195,2,1.205466e-01,53.00000,30.00000,1546
195,3,1.245821e-01,43.00000,35.00000,595
195,4,1.199455e-01,44.00000,35.00000,780
195,5,1.198652e-01,53.00000,30.00000,714
195,6,1.219264e-01,49.00000,30.00000,668
195,7,1.231824e-01,42.00000,35.00000,642
195,8,1.200997e-01,45.00000,35.00000,751
195,9,1.244432e-01,40.00000,36.00000,724
195,10,1.244897e-01,47.00000,35.00000,12785
195,11,1.226777e-01,49.00000,30.00000,713
195,12,1.237332e-01,41.00000,40.00000,648
195,13,1.215663e-01,37.00000,36.00000,652
195,14,1.192505e-01,54.00000,30.00000,701
195,15,1.230310e-01,55.00000,30.00000,690
195,16,1.272649e-01,42.00000,35.00000,619
195,17,1.202254e-01,44.00000,35.00000,740
195,18,1.175956e-01,49.00000,30.00000,682
195,19,1.241590e-01,38.00000,35.00000,662
195,20,1.214378e-01,53.00000,30.00000,12410
195,21,1.250623e-01,53.00000,30.00000,654
195,22,1.206653e-01,50.00000,35.00000,605
195,23,1.160578e-01,53.00000,30.00000,712
195,24,1.226737e-01,44.00000,35.00000,661
195,25,1.180832e-01,49.00000,30.00000,676
195,26,1.214363e-01,46.00000,35.00000,656
195,27,1.191062e-01,49.00000,30.00000,656
195,28,1.195858e-01,49.00000,30.00000,775
195,29,1.228683e-01,41.00000,35.00000,629
195,30,1.197077e-01,46.00000,35.00000,12867
195,31,1.296969e-01,40.00000,35.00000,569
195,32,1.218733e-01,45.00000,35.00000,636
195,33,1.220548e-01,47.00000,35.00000,647
195,34,1.232828e-01,52.00000,30.00000,594
195,35,1.282136e-01,25.00000,36.00000,702
195,36,1.226207e-01,41.00000,36.00000,690
195,37,1.252477e-01,39.00000,36.00000,684
195,38,1.211940e-01,48.00000,35.00000,621
195,39,1.230329e-01,52.00000,35.00000,708
195,40,1.272934e-01,49.00000,30.00000,10435
195,41,1.252211e-01,42.00000,36.00000,650
195,42,1.203669e-01,49.00000,30.00000,705
195,43,1.276639e-01,33.00000,40.00000,687
195,44,1.271347e-01,48.00000,35.00000,624
195,45,1.201647e-01,54.00000,30.00000,622
195,46,1.185904e-01,57.00000,30.00000,787
195,47,1.199080e-01,49.00000,30.00000,637
195,48,1.151980e-01,57.00000,30.00000,686
195,49,1.248318e-01,25.00000,36.00000,672
195,50,1.246694e-01,40.00000,35.00000,8876
195,51,1.208033e-01,52.00000,35.00000,692
195,52,1.193500e-01,53.00000,30.00000,710
195,53,1.226484e-01,54.00000,30.00000,643
195,54,1.183138e-01,57.00000,30.00000,689
195,55,1.184038e-01,57.00000,30.00000,753
195,56,1.184025e-01,57.00000,30.00000,630
195,57,1.184830e-01,55.00000,30.00000,640
195,58,1.252130e-01,37.00000,36.00000,677
195,59,1.189555e-01,55.00000,30.00000,630
195,60,1.220054e-01,40.00000,35.00000,1970
195,61,1.238320e-01,40.00000,35.00000,590
195,62,1.210604e-01,57.00000,30.00000,628
195,63,1.222516e-01,47.00000,35.00000,604
195,64,1.215822e-01,49.00000,30.00000,588
195,65,1.251533e-01,43.00000,35.00000,582
195,66,1.301942e-01,39.00000,36.00000,553
195,67,1.180445e-01,57.00000,30.00000,626
195,68,1.253934e-01,38.00000,36.00000,593
195,69,1.296848e-01,41.00000,36.00000,576
195,70,1.277989e-01,42.00000,36.00000,562
195,71,1.226027e-01,47.00000,35.00000,586
196,0,1.258200e-01,40.00000,36.00000,8536
196,1,1.256980e-01,49.00000,30.00000,655
196,2,1.169674e-01,58.00000,30.00000,789
196,3,1.178970e-01,42.00000,36.00000,3174
196,4,1.234654e-01,40.00000,35.00000,1164
196,5,1.253172e-01,38.00000,40.00000,743
196,6,1.183632e-01,54.00000,30.00000,672
196,7,1.244887e-01,42.00000,35.00000,687
196,8,1.221235e-01,54.00000,30.00000,769
196,9,1.235294e-01,55.00000,30.00000,672
196,10,1.208999e-01,47.00000,35.00000,11674
196,11,1.187801e-01,49.00000,30.00000,717
196,12,1.248833e-01,45.00000,35.00000,673
196,13,1.173786e-01,57.00000,30.00000,2525
196,14,1.213203e-01,44.00000,35.00000,778
196,15,1.235742e-01,57.00000,30.00000,636
196,16,1.242285e-01,59.00000,30.00000,706
196,17,1.253785e-01,40.00000,36.00000,645
196,18,1.249276e-01,42.00000,35.00000,738
196,19,1.241365e-01,54.00000,30.00000,691
196,20,1.194051e-01,48.00000,35.00000,10416
196,21,1.238932e-01,47.00000,35.00000,647
196,22,1.185726e-01,56.00000,30.00000,690
196,23,1.236445e-01,40.00000,36.00000,639
196,24,1.193937e-01,41.00000,36.00000,661
196,25,1.217241e-01,44.00000,35.00000,656
196,26,1.244234e-01,40.00000,36.00000,743
196,27,1.290242e-01,54.00000,30.00000,645
196,28,1.233412e-01,37.00000,35.00000,621
196,29,1.223271e-01,53.00000,30.00000,670
196,30,1.228402e-01,37.00000,36.00000,10942
196,31,1.264891e-01,42.00000,35.00000,1417
196,32,1.272634e-01,47.00000,35.00000,599
196,33,1.228157e-01,42.00000,35.00000,760
196,34,1.257676e-01,37.00000,36.00000,676
196,35,1.321790e-01,25.00000,36.00000,727
196,36,1.209882e-01,57.00000,30.00000,673
196,37,1.248818e-01,49.00000,35.00000,648
196,38,1.233277e-01,46.00000,36.00000,682
196,39,1.273813e-01,55.00000,30.00000,643
196,40,1.259177e-01,46.00000,35.00000,10505
196,41,1.242739e-01,37.00000,36.00000,1678
196,42,1.264243e-01,35.00000,36.00000,657
196,43,1.232899e-01,45.00000,36.00000,604
196,44,1.253510e-01,46.00000,35.00000,627
196,45,1.174131e-01,55.00000,30.00000,685
196,46,1.236035e-01,44.00000,35.00000,619
196,47,1.204079e-01,52.00000,30.00000,714
196,48,1.232439e-01,49.00000,30.00000,638
196,49,1.175329e-01,54.00000,30.00000,688
196,50,1.272052e-01,39.00000,40.00000,8979
196,51,1.291187e-01,38.00000,35.00000,1860
196,52,1.299930e-01,30.00000,36.00000,688
196,53,1.280933e-01,35.00000,36.00000,603
196,54,1.282730e-01,45.00000,35.00000,628
196,55,1.249966e-01,30.00000,36.00000,599
196,56,1.299548e-01,25.00000,36.00000,659
196,57,1.282316e-01,37.00000,35.00000,608
196,58,1.297647e-01,53.00000,30.00000,608
196,59,1.273261e-01,41.00000,36.00000,589
196,60,1.268630e-01,41.00000,36.00000,1419
196,61,1.233788e-01,51.00000,30.00000,1568
196,62,1.225895e-01,40.00000,35.00000,598
196,63,1.262633e-01,34.00000,40.00000,587
196,64,1.276706e-01,49.00000,30.00000,590
196,65,1.183480e-01,55.00000,30.00000,617
196,66,1.222890e-01,49.00000,30.00000,611
196,67,1.185841e-01,48.00000,35.00000,628
196,68,1.231999e-01,47.00000,35.00000,601
196,69,1.259101e-01,42.00000,35.00000,570
196,70,1.223587e-01,42.00000,35.00000,632
196,71,1.221289e-01,58.00000,30.00000,622
197,0,1.203845e-01,43.00000,36.00000,2055
197,1,1.221865e-01,55.00000,30.00000,717
197,2,1.184280e-01,52.00000,30.00000,677
197,3,1.223343e-01,53.00000,30.00000,1601
197,4,1.297569e-01,36.00000,35.00000,1415
197,5,1.172408e-01,49.00000,30.00000,762
197,6,1.304063e-01,25.00000,36.00000,724
197,7,1.250145e-01,31.00000,36.00000,641
197,8,1.229541e-01,55.00000,30.00000,684
197,9,1.275207e-01,52.00000,30.00000,630
197,10,1.174410e-01,55.00000,30.00000,688
197,11,1.215673e-01,49.00000,30.00000,663
197,12,1.217943e-01,49.00000,30.00000,642
197,13,1.273363e-01,42.00000,35.00000,636
197,14,1.241169e-01,51.00000,30.00000,800
197,15,1.224294e-01,40.00000,40.00000,700
197,16,1.256827e-01,36.00000,36.00000,689
197,17,1.258276e-01,52.00000,30.00000,676
197,18,1.241129e-01,45.00000,35.00000,767
197,19,1.180691e-01,49.00000,30.00000,676
197,20,1.266529e-01,39.00000,36.00000,657
197,21,1.205449e-01,48.00000,35.00000,650
197,22,1.241626e-01,49.00000,30.00000,659
197,23,1.234134e-01,44.00000,35.00000,675
197,24,1.219767e-01,46.00000,35.00000,3593
197,25,1.254449e-01,38.00000,35.00000,653
197,26,1.226419e-01,45.00000,36.00000,711
197,27,1.216564e-01,53.00000,30.00000,643
197,28,1.273657e-01,42.00000,35.00000,654
197,29,1.216852e-01,46.00000,35.00000,651
197,30,1.302645e-01,31.00000,36.00000,655
197,31,1.254424e-01,49.00000,30.00000,636
197,32,1.225619e-01,51.00000,35.00000,661
197,33,1.308753e-01,30.00000,36.00000,648
197,34,1.240920e-01,43.00000,36.00000,2770
197,35,1.256192e-01,48.00000,35.00000,610
197,36,1.254255e-01,44.00000,35.00000,748
197,37,1.260671e-01,53.00000,30.00000,645
197,38,1.221112e-01,45.00000,35.00000,727
197,39,1.202106e-01,48.00000,35.00000,1288
197,40,1.218986e-01,48.00000,35.00000,685
197,41,1.279119e-01,41.00000,35.00000,3108
197,42,1.210144e-01,53.00000,30.00000,688
197,43,1.215330e-01,55.00000,30.00000,625
197,44,1.187753e-01,54.00000,30.00000,762
197,45,1.247534e-01,49.00000,30.00000,719
197,46,1.239942e-01,49.00000,30.00000,625
197,47,1.201025e-01,47.00000,35.00000,717
197,48,1.262697e-01,42.00000,36.00000,676
197,49,1.241959e-01,30.00000,36.00000,1066
197,50,1.277471e-01,39.00000,36.00000,5284
197,51,1.208349e-01,44.00000,35.00000,1406
197,52,1.229290e-01,55.00000,30.00000,651
197,53,1.216087e-01,49.00000,35.00000,622
197,54,1.231515e-01,53.00000,30.00000,638
197,55,1.198906e-01,53.00000,30.00000,616
197,56,1.245720e-01,44.00000,35.00000,598
197,57,1.246331e-01,51.00000,35.00000,640
197,58,1.230607e-01,48.00000,35.00000,671
197,59,1.238665e-01,49.00000,30.00000,632
197,60,1.212923e-01,49.00000,30.00000,2264
197,61,1.186895e-01,49.00000,30.00000,2347
197,62,1.187860e-01,52.00000,30.00000,617
197,63,1.234923e-01,43.00000,35.00000,618
197,64,1.239754e-01,49.00000,30.00000,588
197,65,1.198981e-01,49.00000,30.00000,609
197,66,1.235576e-01,57.00000,30.00000,627
197,67,1.225069e-01,45.00000,35.00000,606
197,68,1.221733e-01,40.00000,35.00000,615
197,69,1.198129e-01,57.00000,30.00000,627
197,70,1.233898e-01,53.00000,30.00000,607
197,71,1.227972e-01,38.00000,40.00000,607
198,0,1.280218e-01,36.00000,36.00000,696
198,1,1.317901e-01,37.00000,36.00000,1380
198,2,1.288197e-01,25.00000,36.00000,653
198,3,1.260082e-01,59.00000,30.00000,732
198,4,1.205440e-01,49.00000,30.00000,613
198,5,1.232272e-01,37.00000,36.00000,655
198,6,1.276280e-01,41.00000,36.00000,700
198,7,1.198260e-01,51.00000,30.00000,702
198,8,1.249562e-01,43.00000,35.00000,817
198,9,1.281872e-01,54.00000,30.00000,648
198,10,1.214953e-01,54.00000,30.00000,684
198,11,1.267387e-01,39.00000,35.00000,693
198,12,1.250005e-01,36.00000,36.00000,689
198,13,1.260990e-01,42.00000,35.00000,690
198,14,1.230306e-01,49.00000,35.00000,715
198,15,1.244287e-01,42.00000,35.00000,961
198,16,1.245845e-01,48.00000,35.00000,655
198,17,1.276161e-01,44.00000,35.00000,633
198,18,1.236364e-01,53.00000,30.00000,684
198,19,1.291265e-01,25.00000,36.00000,674
198,20,1.247329e-01,57.00000,30.00000,703
198,21,1.232719e-01,49.00000,30.00000,2482
198,22,1.206833e-01,53.00000,30.00000,683
198,23,1.185069e-01,54.00000,30.00000,733
198,24,1.218990e-01,46.00000,35.00000,605
198,25,1.221600e-01,55.00000,30.00000,650
198,26,1.225905e-01,43.00000,35.00000,726
198,27,1.202246e-01,44.00000,35.00000,650
198,28,1.219236e-01,41.00000,35.00000,722
198,29,1.181130e-01,55.00000,30.00000,843
198,30,1.241720e-01,42.00000,35.00000,660
198,31,1.249993e-01,53.00000,30.00000,1659
198,32,1.258778e-01,46.00000,35.00000,670
198,33,1.235763e-01,53.00000,30.00000,773
198,34,1.215105e-01,54.00000,30.00000,639
198,35,1.244821e-01,44.00000,36.00000,655
198,36,1.238844e-01,46.00000,35.00000,637
198,37,1.299646e-01,30.00000,36.00000,655
198,38,1.213714e-01,43.00000,35.00000,740
198,39,1.222738e-01,53.00000,30.00000,716
198,40,1.221019e-01,52.00000,30.00000,807
198,41,1.234037e-01,46.00000,35.00000,2011
198,42,1.259367e-01,50.00000,35.00000,670
198,43,1.242276e-01,36.00000,36.00000,611
198,44,1.267423e-01,53.00000,30.00000,1377
198,45,1.280042e-01,41.00000,35.00000,616
198,46,1.271406e-01,37.00000,35.00000,1887
198,47,1.248683e-01,42.00000,35.00000,1003
198,48,1.240698e-01,49.00000,30.00000,689
198,49,1.257287e-01,43.00000,35.00000,795
198,50,1.245974e-01,49.00000,30.00000,4831
198,51,1.245050e-01,46.00000,36.00000,1313
198,52,1.215345e-01,44.00000,35.00000,742
198,53,1.231911e-01,46.00000,35.00000,616
198,54,1.225584e-01,53.00000,30.00000,1596
198,55,1.281190e-01,38.00000,35.00000,594
198,56,1.312021e-01,25.00000,36.00000,1409
198,57,1.250317e-01,45.00000,35.00000,635
198,58,1.249130e-01,44.00000,36.00000,596
198,59,1.197395e-01,59.00000,30.00000,636
198,60,1.215922e-01,46.00000,35.00000,1372
198,61,1.216341e-01,45.00000,35.00000,1545
198,62,1.231006e-01,58.00000,30.00000,620
198,63,1.254363e-01,44.00000,35.00000,622
198,64,1.259171e-01,39.00000,36.00000,755
198,65,1.204922e-01,53.00000,30.00000,615
198,66,1.266341e-01,40.00000,36.00000,602
198,67,1.283134e-01,40.00000,35.00000,581
198,68,1.224955e-01,57.00000,30.00000,626
198,69,1.220252e-01,48.00000,35.00000,628
198,70,1.295321e-01,35.00000,40.00000,582
198,71,1.283946e-01,42.00000,35.00000,581
199,0,1.250106e-01,38.00000,35.00000,11230
199,1,1.209483e-01,55.00000,30.00000,971
199,2,1.217161e-01,49.00000,30.00000,1717
199,3,1.194007e-01,53.00000,30.00000,689
199,4,1.232605e-01,56.00000,30.00000,750
199,5,1.219283e-01,55.00000,30.00000,718
199,6,1.263348e-01,45.00000,35.00000,649
199,7,1.262881e-01,43.00000,35.00000,638
199,8,1.238173e-01,41.00000,36.00000,685
199,9,1.259921e-01,42.00000,35.00000,607
199,10,1.246807e-01,37.00000,36.00000,6077
199,11,1.229417e-01,53.00000,30.00000,6661
199,12,1.284697e-01,43.00000,35.00000,1254
199,13,1.309659e-01,37.00000,36.00000,634
199,14,1.270977e-01,39.00000,36.00000,663
199,15,1.252909e-01,45.00000,35.00000,659
199,16,1.235670e-01,45.00000,36.00000,720
199,17,1.250194e-01,47.00000,35.00000,684
199,18,1.250475e-01,49.00000,30.00000,644
199,19,1.270139e-01,54.00000,30.00000,790
199,20,1.254341e-01,48.00000,35.00000,1772
199,21,1.238821e-01,43.00000,36.00000,10901
199,22,1.275908e-01,55.00000,30.00000,918
199,23,1.263254e-01,42.00000,35.00000,674
199,24,1.217707e-01,56.00000,30.00000,647
199,25,1.240446e-01,45.00000,35.00000,647
199,26,1.253439e-01,49.00000,30.00000,709
199,27,1.271395e-01,38.00000,36.00000,624
199,28,1.244735e-01,44.00000,35.00000,689
199,29,1.256579e-01,54.00000,30.00000,678
199,30,1.242150e-01,45.00000,35.00000,692
199,31,1.284366e-01,37.00000,36.00000,10236
199,32,1.293370e-01,38.00000,35.00000,1646
199,33,1.249807e-01,44.00000,35.00000,650
199,34,1.218290e-01,47.00000,35.00000,619
199,35,1.307659e-01,38.00000,40.00000,597
199,36,1.244130e-01,53.00000,30.00000,688
199,37,1.232207e-01,43.00000,35.00000,643
199,38,1.268644e-01,44.00000,35.00000,618
199,39,1.250648e-01,53.00000,30.00000,771
199,40,1.287983e-01,40.00000,36.00000,588
199,41,1.256230e-01,38.00000,40.00000,8215
199,42,1.279742e-01,49.00000,30.00000,763
199,43,1.207791e-01,49.00000,30.00000,744
199,44,1.301937e-01,53.00000,30.00000,672
199,45,1.286302e-01,43.00000,36.00000,586
199,46,1.212113e-01,53.00000,30.00000,772
199,47,1.259300e-01,49.00000,30.00000,670
199,48,1.248030e-01,49.00000,30.00000,696
199,49,1.217447e-01,39.00000,35.00000,697
199,50,1.225187e-01,37.00000,36.00000,3188
199,51,1.193204e-01,57.00000,30.00000,10014
199,52,1.230142e-01,49.00000,30.00000,627
199,53,1.237230e-01,49.00000,30.00000,601
199,54,1.253386e-01,46.00000,35.00000,589
199,55,1.243019e-01,36.00000,36.00000,598
199,56,1.283132e-01,37.00000,35.00000,575
199,57,1.248088e-01,45.00000,35.00000,582
199,58,1.235458e-01,42.00000,35.00000,585
199,59,1.222666e-01,57.00000,30.00000,628
199,60,1.275651e-01,48.00000,35.00000,596
199,61,1.267358e-01,44.00000,35.00000,1174
199,62,1.219843e-01,59.00000,30.00000,636
199,63,1.235165e-01,54.00000,30.00000,604
199,64,1.249584e-01,41.00000,35.00000,593
199,65,1.206034e-01,46.00000,35.00000,610
199,66,1.328706e-01,25.00000,36.00000,581
199,67,1.244070e-01,47.00000,35.00000,599
199,68,1.221758e-01,52.00000,30.00000,615
199,69,1.270205e-01,47.00000,35.00000,582
199,70,1.274662e-01,43.00000,36.00000,603
199,71,1.206125e-01,55.00000,30.00000,616
200,0,1.298810e-01,42.00000,35.00000,17376
200,1,1.254642e-01,36.00000,36.00000,743
200,2,1.279312e-01,44.00000,35.00000,652
200,3,1.290657e-01,38.00000,40.00000,692
200,4,1.231446e-01,54.00000,30.00000,642
200,5,1.210977e-01,57.00000,30.00000,689
200,6,1.269318e-01,54.00000,30.00000,696
200,7,1.209138e-01,53.00000,30.00000,753
200,8,1.306517e-01,30.00000,36.00000,678
200,9,1.207302e-01,49.00000,35.00000,668
200,10,1.210298e-01,53.00000,30.00000,12429
200,11,1.199641e-01,53.00000,30.00000,903
200,12,1.206819e-01,57.00000,30.00000,762
200,13,1.269294e-01,36.00000,35.00000,4354
200,14,1.241933e-01,47.00000,35.00000,682
200,15,1.218999e-01,46.00000,35.00000,749
200,16,1.222400e-01,52.00000,30.00000,696
200,17,1.315848e-01,37.00000,36.00000,678
200,18,1.216668e-01,52.00000,30.00000,718
200,19,1.251361e-01,57.00000,30.00000,707
200,20,1.303536e-01,25.00000,36.00000,6995
200,21,1.287008e-01,38.00000,35.00000,754
200,22,1.301955e-01,31.00000,36.00000,629
200,23,1.268314e-01,46.00000,35.00000,3250
200,24,1.310400e-01,48.00000,35.00000,748
200,25,1.242639e-01,59.00000,30.00000,753
200,26,1.305050e-01,37.00000,35.00000,768
200,27,1.255305e-01,47.00000,35.00000,622
200,28,1.234948e-01,54.00000,30.00000,713
200,29,1.252986e-01,43.00000,36.00000,638
200,30,1.303524e-01,30.00000,36.00000,8203
200,31,1.261393e-01,59.00000,30.00000,693
200,32,1.224942e-01,48.00000,35.00000,704
200,33,1.251536e-01,45.00000,35.00000,5335
200,34,1.276585e-01,37.00000,36.00000,678
200,35,1.270643e-01,44.00000,35.00000,647
200,36,1.293142e-01,45.00000,35.00000,643
200,37,1.320934e-01,37.00000,36.00000,620
200,38,1.265231e-01,44.00000,35.00000,665
200,39,1.262054e-01,38.00000,35.00000,688
200,40,1.307649e-01,37.00000,40.00000,3742
200,41,1.263984e-01,46.00000,35.00000,5036
200,42,1.219399e-01,58.00000,30.00000,658
200,43,1.227639e-01,45.00000,36.00000,2670
200,44,1.336178e-01,41.00000,35.00000,629
200,45,1.278198e-01,49.00000,30.00000,646
200,46,1.260354e-01,49.00000,30.00000,740
200,47,1.282258e-01,37.00000,36.00000,720
200,48,1.219068e-01,52.00000,30.00000,664
200,49,1.272565e-01,37.00000,36.00000,744
200,50,1.276575e-01,37.00000,36.00000,6346
200,51,1.221841e-01,51.00000,30.00000,1300
200,52,1.249020e-01,43.00000,35.00000,713
200,53,1.271546e-01,44.00000,35.00000,4028
200,54,1.222627e-01,54.00000,30.00000,619
200,55,1.223615e-01,44.00000,35.00000,678
200,56,1.233717e-01,54.00000,30.00000,709
200,57,1.222445e-01,54.00000,30.00000,723
200,58,1.258380e-01,44.00000,35.00000,617
200,59,1.251224e-01,41.00000,35.00000,651
200,60,1.225439e-01,49.00000,30.00000,1219
200,61,1.233099e-01,49.00000,30.00000,705
200,62,1.300712e-01,38.00000,35.00000,582
200,63,1.226430e-01,47.00000,35.00000,625
200,64,1.227634e-01,58.00000,30.00000,621
200,65,1.249991e-01,46.00000,35.00000,606
200,66,1.226248e-01,51.00000,30.00000,618
200,67,1.236639e-01,56.00000,30.00000,622
200,68,1.248157e-01,49.00000,30.00000,626
200,69,1.258459e-01,31.00000,36.00000,612
200,70,1.254578e-01,45.00000,35.00000,593
200,71,1.280066e-01,37.00000,35.00000,579
201,0,1.258552e-01,49.00000,30.00000,190074
201,1,1.317021e-01,35.00000,36.00000,574
201,2,1.265351e-01,43.00000,35.00000,602
201,3,1.288952e-01,30.00000,36.00000,669
201,4,1.251788e-01,41.00000,36.00000,599
201,5,1.255350e-01,48.00000,35.00000,704
201,6,1.229010e-01,54.00000,30.00000,649
201,7,1.179729e-01,57.00000,30.00000,727
201,8,1.275969e-01,45.00000,35.00000,664
201,9,1.295805e-01,43.00000,35.00000,680
201,10,1.242943e-01,45.00000,35.00000,5350
201,11,1.255996e-01,47.00000,35.00000,957
201,12,1.251009e-01,58.00000,30.00000,702
201,13,1.225677e-01,51.00000,30.00000,670
201,14,1.252108e-01,36.00000,36.00000,832
201,15,1.273485e-01,55.00000,30.00000,674
201,16,1.270345e-01,44.00000,35.00000,738
201,17,1.262985e-01,43.00000,35.00000,668
201,18,1.252647e-01,46.00000,35.00000,648
201,19,1.311928e-01,38.00000,36.00000,650
201,20,1.292856e-01,45.00000,36.00000,12222
201,21,1.196542e-01,55.00000,30.00000,694
201,22,1.260617e-01,53.00000,30.00000,645
201,23,1.294222e-01,43.00000,35.00000,721
201,24,1.268156e-01,53.00000,30.00000,639
201,25,1.330525e-01,37.00000,40.00000,626
201,26,1.278863e-01,37.00000,36.00000,729
201,27,1.248895e-01,42.00000,35.00000,670
201,28,1.191449e-01,56.00000,30.00000,708
201,29,1.225014e-01,53.00000,30.00000,677
201,30,1.237175e-01,51.00000,35.00000,10614
201,31,1.256000e-01,47.00000,35.00000,620
201,32,1.246886e-01,40.00000,36.00000,652
201,33,1.326798e-01,37.00000,36.00000,619
201,34,1.270107e-01,49.00000,30.00000,603
201,35,1.252160e-01,43.00000,35.00000,715
201,36,1.248491e-01,54.00000,30.00000,656
201,37,1.216868e-01,55.00000,30.00000,672
201,38,1.296007e-01,46.00000,36.00000,724
201,39,1.237882e-01,49.00000,30.00000,592
201,40,1.326494e-01,25.00000,36.00000,11170
201,41,1.205178e-01,49.00000,30.00000,637
201,42,1.267926e-01,40.00000,35.00000,698
201,43,1.283980e-01,42.00000,35.00000,642
201,44,1.276608e-01,43.00000,35.00000,631
201,45,1.228708e-01,51.00000,30.00000,719
201,46,1.281258e-01,60.00000,30.00000,639
201,47,1.292790e-01,56.00000,30.00000,751
201,48,1.262651e-01,44.00000,36.00000,585
201,49,1.265014e-01,40.00000,35.00000,747
201,50,1.295749e-01,37.00000,36.00000,11106
201,51,1.304421e-01,33.00000,40.00000,610
201,52,1.236476e-01,54.00000,30.00000,677
201,53,1.254590e-01,54.00000,30.00000,628
201,54,1.268865e-01,46.00000,35.00000,620
201,55,1.246830e-01,45.00000,35.00000,639
201,56,1.246641e-01,44.00000,36.00000,637
201,57,1.263102e-01,48.00000,35.00000,640
201,58,1.276733e-01,57.00000,30.00000,626
201,59,1.232395e-01,57.00000,30.00000,627
201,60,1.237948e-01,49.00000,35.00000,1408
201,61,1.264056e-01,47.00000,35.00000,597
201,62,1.309566e-01,46.00000,35.00000,587
201,63,1.317231e-01,37.00000,36.00000,606
201,64,1.279892e-01,52.00000,30.00000,594
201,65,1.240290e-01,47.00000,35.00000,600
201,66,1.319565e-01,37.00000,36.00000,561
201,67,1.273646e-01,46.00000,35.00000,625
201,68,1.290390e-01,59.00000,30.00000,637
201,69,1.224868e-01,55.00000,30.00000,615
201,70,1.227337e-01,45.00000,36.00000,604
201,71,1.284997e-01,45.00000,35.00000,585
202,0,1.249846e-01,52.00000,30.00000,6741
202,1,1.264419e-01,48.00000,35.00000,3137
202,2,1.305007e-01,40.00000,36.00000,612
202,3,1.243847e-01,53.00000,30.00000,743
202,4,1.254570e-01,41.00000,36.00000,709
202,5,1.307637e-01,35.00000,40.00000,668
202,6,1.293324e-01,35.00000,36.00000,746
202,7,1.247823e-01,50.00000,35.00000,737
202,8,1.340268e-01,41.00000,36.00000,671
202,9,1.282264e-01,57.00000,30.00000,652
202,10,1.298489e-01,37.00000,36.00000,5788
202,11,1.249363e-01,48.00000,35.00000,3401
202,12,1.265370e-01,45.00000,35.00000,647
202,13,1.298439e-01,55.00000,30.00000,731
202,14,1.230213e-01,50.00000,35.00000,652
202,15,1.241921e-01,55.00000,30.00000,732
202,16,1.267143e-01,43.00000,35.00000,614
202,17,1.260215e-01,52.00000,30.00000,808
202,18,1.210925e-01,53.00000,30.00000,618
202,19,1.216780e-01,42.00000,35.00000,766
202,20,1.347936e-01,30.00000,36.00000,5098
202,21,1.268716e-01,54.00000,30.00000,6233
202,22,1.256848e-01,30.00000,36.00000,745
202,23,1.252554e-01,47.00000,35.00000,732
202,24,1.279971e-01,53.00000,30.00000,699
202,25,1.342744e-01,30.00000,36.00000,695
202,26,1.276429e-01,41.00000,36.00000,700
202,27,1.291218e-01,41.00000,36.00000,680
202,28,1.263725e-01,57.00000,30.00000,670
202,29,1.331795e-01,36.00000,35.00000,649
202,30,1.286045e-01,38.00000,36.00000,2023
202,31,1.297003e-01,45.00000,35.00000,7861
202,32,1.295090e-01,43.00000,35.00000,577
202,33,1.292212e-01,56.00000,30.00000,692
202,34,1.285886e-01,43.00000,36.00000,665
202,35,1.266268e-01,49.00000,30.00000,678
202,36,1.245671e-01,45.00000,36.00000,725
202,37,1.260729e-01,52.00000,30.00000,666
202,38,1.297677e-01,40.00000,35.00000,703
202,39,1.328283e-01,25.00000,36.00000,704
202,40,1.296262e-01,38.00000,35.00000,2925
202,41,1.308861e-01,37.00000,35.00000,9256
202,42,1.298537e-01,41.00000,40.00000,594
202,43,1.270514e-01,46.00000,35.00000,629
202,44,1.281479e-01,44.00000,35.00000,580
202,45,1.291582e-01,46.00000,35.00000,688
202,46,1.331695e-01,30.00000,36.00000,804
202,47,1.308922e-01,45.00000,35.00000,631
202,48,1.264149e-01,55.00000,30.00000,767
202,49,1.275559e-01,36.00000,40.00000,765
202,50,1.299683e-01,42.00000,35.00000,4673
202,51,1.235864e-01,43.00000,35.00000,5988
202,52,1.283672e-01,40.00000,35.00000,680
202,53,1.250030e-01,49.00000,30.00000,681
202,54,1.270020e-01,38.00000,36.00000,672
202,55,1.254268e-01,59.00000,30.00000,668
202,56,1.260733e-01,37.00000,36.00000,676
202,57,1.283147e-01,54.00000,30.00000,630
202,58,1.252834e-01,44.00000,35.00000,619
202,59,1.276085e-01,52.00000,30.00000,618
202,60,1.257030e-01,37.00000,36.00000,607
202,61,1.226609e-01,47.00000,35.00000,1823
202,62,1.269415e-01,54.00000,30.00000,603
202,63,1.235138e-01,54.00000,30.00000,624
202,64,1.307738e-01,36.00000,36.00000,587
202,65,1.267992e-01,42.00000,36.00000,608
202,66,1.245021e-01,54.00000,30.00000,608
202,67,1.248803e-01,52.00000,30.00000,629
202,68,1.283279e-01,41.00000,35.00000,606
202,69,1.271800e-01,54.00000,30.00000,604
202,70,1.298489e-01,45.00000,35.00000,580
202,71,1.295754e-01,44.00000,36.00000,569
203,0,1.240559e-01,49.00000,30.00000,8857
203,1,1.302064e-01,36.00000,36.00000,2320
203,2,1.210842e-01,55.00000,30.00000,671
203,3,1.209014e-01,57.00000,30.00000,686
203,4,1.252927e-01,49.00000,30.00000,691
203,5,1.262217e-01,54.00000,30.00000,713
203,6,1.337469e-01,37.00000,36.00000,696
203,7,1.281032e-01,40.00000,36.00000,664
203,8,1.296309e-01,52.00000,30.00000,716
203,9,1.327480e-01,39.00000,36.00000,724
203,10,1.231331e-01,49.00000,30.00000,11612
203,11,1.204812e-01,57.00000,30.00000,676
203,12,1.210726e-01,45.00000,35.00000,727
203,13,1.224154e-01,53.00000,30.00000,651
203,14,1.285057e-01,53.00000,30.00000,663
203,15,1.322031e-01,34.00000,40.00000,642
203,16,1.226878e-01,46.00000,35.00000,677
203,17,1.243138e-01,57.00000,30.00000,739
203,18,1.273131e-01,37.00000,36.00000,707
203,19,1.228130e-01,55.00000,30.00000,722
203,20,1.206136e-01,51.00000,30.00000,13002
203,21,1.266814e-01,55.00000,30.00000,672
203,22,1.211395e-01,49.00000,30.00000,671
203,23,1.261964e-01,37.00000,36.00000,637
203,24,1.243746e-01,49.00000,30.00000,705
203,25,1.233644e-01,48.00000,35.00000,629
203,26,1.315246e-01,25.00000,36.00000,727
203,27,1.248113e-01,45.00000,35.00000,668
203,28,1.268081e-01,56.00000,30.00000,709
203,29,1.238294e-01,57.00000,30.00000,670
203,30,1.261175e-01,48.00000,35.00000,12346
203,31,1.308800e-01,37.00000,36.00000,592
203,32,1.276842e-01,43.00000,35.00000,687
203,33,1.352891e-01,37.00000,36.00000,564
203,34,1.361198e-01,43.00000,35.00000,622
203,35,1.265652e-01,42.00000,36.00000,656
203,36,1.230484e-01,52.00000,30.00000,705
203,37,1.296643e-01,49.00000,30.00000,628
203,38,1.282948e-01,47.00000,35.00000,687
203,39,1.276639e-01,39.00000,36.00000,587
203,40,1.290540e-01,37.00000,36.00000,10207
203,41,1.278570e-01,36.00000,35.00000,608
203,42,1.268959e-01,39.00000,36.00000,697
203,43,1.256659e-01,51.00000,30.00000,685
203,44,1.306750e-01,49.00000,30.00000,639
203,45,1.272485e-01,43.00000,35.00000,720
203,46,1.243088e-01,57.00000,30.00000,646
203,47,1.326529e-01,31.00000,36.00000,661
203,48,1.306853e-01,43.00000,35.00000,669
203,49,1.276855e-01,48.00000,35.00000,699
203,50,1.286086e-01,37.00000,35.00000,10589
203,51,1.243880e-01,49.00000,30.00000,670
203,52,1.262824e-01,54.00000,30.00000,640
203,53,1.295525e-01,43.00000,35.00000,678
203,54,1.286293e-01,48.00000,35.00000,670
203,55,1.266083e-01,45.00000,35.00000,625
203,56,1.297945e-01,56.00000,30.00000,616
203,57,1.264708e-01,53.00000,30.00000,605
203,58,1.321316e-01,38.00000,36.00000,639
203,59,1.306646e-01,41.00000,36.00000,602
203,60,1.296160e-01,31.00000,36.00000,2069
203,61,1.272339e-01,58.00000,30.00000,623
203,62,1.298411e-01,31.00000,36.00000,597
203,63,1.260346e-01,53.00000,30.00000,625
203,64,1.322304e-01,48.00000,35.00000,593
203,65,1.308482e-01,30.00000,36.00000,587
203,66,1.254203e-01,49.00000,30.00000,595
203,67,1.269377e-01,46.00000,35.00000,606
203,68,1.275312e-01,43.00000,36.00000,598
203,69,1.350717e-01,49.00000,30.00000,586
203,70,1.252700e-01,49.00000,35.00000,616
203,71,1.246632e-01,45.00000,35.00000,609
204,0,1.289951e-01,46.00000,35.00000,8996
204,1,1.221280e-01,52.00000,30.00000,730
204,2,1.258080e-01,57.00000,30.00000,1355
204,3,1.270486e-01,42.00000,35.00000,683
204,4,1.234103e-01,54.00000,30.00000,759
204,5,1.247469e-01,45.00000,35.00000,783
204,6,1.202046e-01,59.00000,30.00000,743
204,7,1.240193e-01,55.00000,30.00000,647
204,8,1.281181e-01,42.00000,35.00000,653
204,9,1.201589e-01,56.00000,30.00000,735
204,10,1.330409e-01,41.00000,35.00000,11995
204,11,1.296686e-01,42.00000,35.00000,627
204,12,1.294849e-01,31.00000,36.00000,639
204,13,1.273622e-01,48.00000,35.00000,763
204,14,1.306801e-01,31.00000,36.00000,720
204,15,1.267457e-01,53.00000,30.00000,630
204,16,1.257893e-01,55.00000,30.00000,684
204,17,1.314447e-01,35.00000,36.00000,667
204,18,1.274538e-01,55.00000,30.00000,727
204,19,1.271921e-01,37.00000,36.00000,635
204,20,1.233562e-01,52.00000,30.00000,6491
204,21,1.282623e-01,45.00000,35.00000,5285
204,22,1.238742e-01,53.00000,30.00000,688
204,23,1.316069e-01,41.00000,36.00000,675
204,24,1.235307e-01,54.00000,30.00000,719
204,25,1.238694e-01,49.00000,30.00000,725
204,26,1.231710e-01,54.00000,30.00000,688
204,27,1.263317e-01,52.00000,30.00000,656
204,28,1.213938e-01,52.00000,30.00000,688
204,29,1.267217e-01,48.00000,35.00000,676
204,30,1.267953e-01,54.00000,30.00000,5445
204,31,1.254403e-01,36.00000,40.00000,5280
204,32,1.268863e-01,47.00000,35.00000,724
204,33,1.256774e-01,49.00000,30.00000,657
204,34,1.269660e-01,44.00000,35.00000,823
204,35,1.280850e-01,39.00000,35.00000,919
204,36,1.261633e-01,57.00000,30.00000,682
204,37,1.250916e-01,54.00000,30.00000,686
204,38,1.232904e-01,44.00000,35.00000,725
204,39,1.221156e-01,56.00000,30.00000,675
204,40,1.283584e-01,54.00000,30.00000,3587
204,41,1.287192e-01,52.00000,35.00000,6852
204,42,1.240927e-01,46.00000,35.00000,645
204,43,1.303819e-01,37.00000,36.00000,702
204,44,1.274684e-01,49.00000,30.00000,657
204,45,1.235631e-01,53.00000,30.00000,3088
204,46,1.256440e-01,45.00000,35.00000,799
204,47,1.242975e-01,49.00000,30.00000,693
204,48,1.257117e-01,41.00000,36.00000,661
204,49,1.286035e-01,41.00000,36.00000,616
204,50,1.293153e-01,35.00000,36.00000,2803
204,51,1.309201e-01,49.00000,30.00000,6447
204,52,1.210457e-01,55.00000,30.00000,675
204,53,1.256526e-01,53.00000,30.00000,1331
204,54,1.311431e-01,41.00000,35.00000,656
204,55,1.314925e-01,49.00000,30.00000,4648
204,56,1.272855e-01,40.00000,36.00000,646
204,57,1.337477e-01,45.00000,35.00000,591
204,58,1.244352e-01,43.00000,35.00000,611
204,59,1.294627e-01,35.00000,36.00000,638
204,60,1.278494e-01,52.00000,30.00000,606
204,61,1.305619e-01,49.00000,30.00000,585
204,62,1.254810e-01,51.00000,35.00000,601
204,63,1.317963e-01,25.00000,36.00000,590
204,64,1.321757e-01,35.00000,36.00000,589
204,65,1.246923e-01,45.00000,35.00000,609
204,66,1.282867e-01,58.00000,30.00000,620
204,67,1.230116e-01,49.00000,30.00000,596
204,68,1.257708e-01,57.00000,30.00000,627
204,69,1.328346e-01,36.00000,36.00000,622
204,70,1.285254e-01,49.00000,30.00000,587
204,71,1.239173e-01,56.00000,30.00000,611
205,0,1.329624e-01,36.00000,36.00000,10202
205,1,1.258033e-01,45.00000,35.00000,705
205,2,1.309562e-01,38.00000,40.00000,656
205,3,1.264717e-01,59.00000,30.00000,681
205,4,1.301895e-01,39.00000,40.00000,747
205,5,1.332591e-01,31.00000,36.00000,606
205,6,1.247147e-01,55.00000,30.00000,709
205,7,1.258922e-01,42.00000,35.00000,705
205,8,1.288978e-01,44.00000,35.00000,651
205,9,1.313636e-01,49.00000,30.00000,706
205,10,1.286491e-01,38.00000,35.00000,7019
205,11,1.242552e-01,47.00000,35.00000,814
205,12,1.295037e-01,52.00000,30.00000,638
205,13,1.244785e-01,56.00000,30.00000,698
205,14,1.266392e-01,40.00000,36.00000,682
205,15,1.315297e-01,57.00000,30.00000,683
205,16,1.289601e-01,58.00000,30.00000,720
205,17,1.265001e-01,47.00000,35.00000,628
205,18,1.281256e-01,38.00000,35.00000,703
205,19,1.310184e-01,42.00000,35.00000,605
205,20,1.309939e-01,31.00000,36.00000,7934
205,21,1.258355e-01,49.00000,30.00000,788
205,22,1.348774e-01,31.00000,36.00000,578
205,23,1.328598e-01,49.00000,35.00000,1000
205,24,1.287156e-01,49.00000,30.00000,683
205,25,1.348090e-01,49.00000,35.00000,820
205,26,1.366888e-01,33.00000,40.00000,2474
205,27,1.254922e-01,40.00000,35.00000,711
205,28,1.256066e-01,49.00000,30.00000,627
205,29,1.330481e-01,40.00000,35.00000,712
205,30,1.269151e-01,52.00000,30.00000,8977
205,31,1.314826e-01,36.00000,35.00000,647
205,32,1.261521e-01,53.00000,30.00000,671
205,33,1.308067e-01,25.00000,36.00000,727
205,34,1.238341e-01,54.00000,30.00000,2197
205,35,1.287855e-01,36.00000,36.00000,635
205,36,1.376126e-01,35.00000,36.00000,708
205,37,1.260612e-01,51.00000,30.00000,833
205,38,1.322335e-01,54.00000,30.00000,604
205,39,1.304303e-01,47.00000,36.00000,761
205,40,1.280753e-01,37.00000,36.00000,6566
205,41,1.253456e-01,58.00000,30.00000,698
205,42,1.279960e-01,45.00000,35.00000,3156
205,43,1.290853e-01,38.00000,40.00000,722
205,44,1.243779e-01,55.00000,30.00000,3715
205,45,1.253039e-01,53.00000,30.00000,766
205,46,1.263041e-01,49.00000,30.00000,628
205,47,1.233290e-01,57.00000,30.00000,707
205,48,1.268717e-01,48.00000,35.00000,657
205,49,1.334451e-01,44.00000,35.00000,690
205,50,1.258015e-01,44.00000,35.00000,4243
205,51,1.271166e-01,42.00000,35.00000,1055
205,52,1.278636e-01,49.00000,30.00000,2083
205,53,1.246434e-01,43.00000,35.00000,739
205,54,1.284466e-01,54.00000,30.00000,2969
205,55,1.297677e-01,54.00000,30.00000,685
205,56,1.215049e-01,56.00000,30.00000,684
205,57,1.277940e-01,59.00000,30.00000,668
205,58,1.233866e-01,48.00000,35.00000,644
205,59,1.292718e-01,44.00000,35.00000,647
205,60,1.310943e-01,43.00000,36.00000,1500
205,61,1.264625e-01,54.00000,30.00000,834
205,62,1.249235e-01,49.00000,30.00000,1113
205,63,1.274412e-01,51.00000,30.00000,606
205,64,1.262578e-01,42.00000,35.00000,624
205,65,1.274982e-01,49.00000,30.00000,625
205,66,1.294962e-01,50.00000,35.00000,606
205,67,1.333838e-01,31.00000,36.00000,619
205,68,1.275114e-01,49.00000,30.00000,592
205,69,1.275742e-01,31.00000,36.00000,609
205,70,1.310940e-01,44.00000,35.00000,601
205,71,1.299028e-01,34.00000,36.00000,620
206,0,1.294428e-01,52.00000,35.00000,6748
206,1,1.248775e-01,61.00000,30.00000,2505
206,2,1.272915e-01,54.00000,30.00000,699
206,3,1.286268e-01,36.00000,36.00000,705
206,4,1.291538e-01,54.00000,30.00000,808
206,5,1.317634e-01,46.00000,35.00000,636
206,6,1.283961e-01,43.00000,35.00000,774
206,7,1.287956e-01,46.00000,35.00000,698
206,8,1.299153e-01,36.00000,35.00000,744
206,9,1.291679e-01,36.00000,36.00000,653
206,10,1.316842e-01,50.00000,35.00000,7905
206,11,1.313741e-01,49.00000,30.00000,721
206,12,1.298618e-01,41.00000,36.00000,661
206,13,1.243842e-01,58.00000,30.00000,732
206,14,1.271873e-01,39.00000,35.00000,643
206,15,1.308373e-01,35.00000,36.00000,706
206,16,1.263176e-01,45.00000,35.00000,703
206,17,1.321689e-01,35.00000,36.00000,722
206,18,1.371397e-01,37.00000,35.00000,732
206,19,1.351455e-01,37.00000,36.00000,577
206,20,1.326340e-01,40.00000,36.00000,9959
206,21,1.221172e-01,53.00000,30.00000,2680
206,22,1.356265e-01,40.00000,36.00000,640
206,23,1.313835e-01,46.00000,35.00000,719
206,24,1.323549e-01,32.00000,40.00000,648
206,25,1.281851e-01,49.00000,30.00000,638
206,26,1.326490e-01,49.00000,30.00000,760
206,27,1.299390e-01,45.00000,35.00000,639
206,28,1.333334e-01,40.00000,36.00000,662
206,29,1.350477e-01,38.00000,36.00000,710
206,30,1.269032e-01,49.00000,30.00000,6753
206,31,1.217972e-01,52.00000,30.00000,2932
206,32,1.314485e-01,42.00000,35.00000,660
206,33,1.343690e-01,47.00000,35.00000,664
206,34,1.261539e-01,46.00000,35.00000,754
206,35,1.239232e-01,52.00000,30.00000,639
206,36,1.239289e-01,52.00000,30.00000,822
206,37,1.280168e-01,38.00000,36.00000,653
206,38,1.280590e-01,53.00000,30.00000,737
206,39,1.283424e-01,57.00000,30.00000,649
206,40,1.245324e-01,49.00000,30.00000,5943
206,41,1.271393e-01,52.00000,30.00000,6239
206,42,1.316129e-01,31.00000,36.00000,729
206,43,1.292334e-01,51.00000,35.00000,686
206,44,1.380753e-01,37.00000,36.00000,620
206,45,1.251563e-01,49.00000,30.00000,707
206,46,1.254492e-01,49.00000,30.00000,2075
206,47,1.300555e-01,37.00000,36.00000,675
206,48,1.250759e-01,47.00000,35.00000,628
206,49,1.286152e-01,57.00000,30.00000,785
206,50,1.292235e-01,35.00000,36.00000,6832
206,51,1.338592e-01,54.00000,30.00000,1831
206,52,1.292347e-01,25.00000,36.00000,710
206,53,1.267493e-01,42.00000,35.00000,668
206,54,1.279747e-01,52.00000,30.00000,2239
206,55,1.254447e-01,39.00000,40.00000,706
206,56,1.317008e-01,54.00000,30.00000,1280
206,57,1.290667e-01,49.00000,35.00000,619
206,58,1.353942e-01,44.00000,36.00000,644
206,59,1.268283e-01,52.00000,30.00000,643
206,60,1.257992e-01,50.00000,35.00000,1804
206,61,1.273062e-01,40.00000,36.00000,1146
206,62,1.273603e-01,55.00000,30.00000,617
206,63,1.232962e-01,53.00000,30.00000,627
206,64,1.307112e-01,45.00000,35.00000,602
206,65,1.320897e-01,30.00000,36.00000,590
206,66,1.243971e-01,56.00000,30.00000,617
206,67,1.323048e-01,46.00000,35.00000,609
206,68,1.309448e-01,49.00000,30.00000,586
206,69,1.326692e-01,31.00000,36.00000,587
206,70,1.304763e-01,43.00000,35.00000,593
206,71,1.288160e-01,46.00000,35.00000,594
207,0,1.325229e-01,44.00000,36.00000,11297
207,1,1.266948e-01,57.00000,30.00000,689
207,2,1.289047e-01,44.00000,35.00000,640
207,3,1.322077e-01,39.00000,36.00000,695
207,4,1.318555e-01,40.00000,35.00000,734
207,5,1.313228e-01,40.00000,35.00000,596
207,6,1.289920e-01,45.00000,35.00000,717
207,7,1.395749e-01,30.00000,36.00000,711
207,8,1.241909e-01,52.00000,35.00000,710
207,9,1.270840e-01,49.00000,30.00000,696
207,10,1.249828e-01,54.00000,30.00000,14335
207,11,1.258326e-01,44.00000,35.00000,610
207,12,1.290185e-01,53.00000,30.00000,673
207,13,1.323418e-01,25.00000,36.00000,646
207,14,1.264985e-01,49.00000,30.00000,709
207,15,1.255704e-01,51.00000,30.00000,674
207,16,1.246313e-01,52.00000,30.00000,644
207,17,1.322257e-01,43.00000,35.00000,644
207,18,1.301701e-01,45.00000,35.00000,739
207,19,1.242131e-01,43.00000,35.00000,632
207,20,1.309218e-01,42.00000,35.00000,12571
207,21,1.287939e-01,46.00000,35.00000,621
207,22,1.309545e-01,44.00000,35.00000,621
207,23,1.317008e-01,54.00000,30.00000,604
207,24,1.267863e-01,46.00000,35.00000,639
207,25,1.338407e-01,35.00000,36.00000,618
207,26,1.258666e-01,49.00000,30.00000,699
207,27,1.287604e-01,40.00000,35.00000,658
207,28,1.362278e-01,34.00000,36.00000,616
207,29,1.327845e-01,49.00000,30.00000,661
207,30,1.289998e-01,57.00000,30.00000,10116
207,31,1.309242e-01,30.00000,36.00000,714
207,32,1.277763e-01,47.00000,35.00000,635
207,33,1.300463e-01,46.00000,35.00000,644
207,34,1.283556e-01,56.00000,30.00000,698
207,35,1.271195e-01,41.00000,35.00000,705
207,36,1.343184e-01,36.00000,35.00000,600
207,37,1.338325e-01,31.00000,36.00000,638
207,38,1.313118e-01,52.00000,30.00000,657
207,39,1.286705e-01,48.00000,36.00000,725
207,40,1.369942e-01,31.00000,36.00000,9795
207,41,1.316569e-01,46.00000,35.00000,686
207,42,1.322787e-01,48.00000,35.00000,668
207,43,1.312106e-01,42.00000,35.00000,662
207,44,1.327507e-01,44.00000,35.00000,634
207,45,1.291643e-01,47.00000,35.00000,772
207,46,1.312607e-01,42.00000,36.00000,602
207,47,1.304118e-01,49.00000,30.00000,673
207,48,1.292731e-01,46.00000,35.00000,705
207,49,1.326304e-01,44.00000,36.00000,686
207,50,1.313670e-01,40.00000,35.00000,11815
207,51,1.264413e-01,46.00000,35.00000,638
207,52,1.264521e-01,48.00000,35.00000,653
207,53,1.230913e-01,54.00000,30.00000,625
207,54,1.280106e-01,52.00000,30.00000,594
207,55,1.286943e-01,38.00000,35.00000,606
207,56,1.268669e-01,48.00000,35.00000,609
207,57,1.234845e-01,54.00000,30.00000,619
207,58,1.256411e-01,51.00000,30.00000,598
207,59,1.270716e-01,55.00000,30.00000,622
207,60,1.240633e-01,51.00000,30.00000,603
207,61,1.256939e-01,36.00000,35.00000,618
207,62,1.321236e-01,49.00000,30.00000,586
207,63,1.314245e-01,43.00000,36.00000,604
207,64,1.326199e-01,52.00000,30.00000,593
207,65,1.286460e-01,45.00000,35.00000,604
207,66,1.306307e-01,49.00000,30.00000,586
207,67,1.284499e-01,52.00000,35.00000,630
207,68,1.321729e-01,33.00000,40.00000,585
207,69,1.278552e-01,43.00000,35.00000,602
207,70,1.281272e-01,54.00000,30.00000,603
207,71,1.305376e-01,44.00000,35.00000,585
208,0,1.282822e-01,49.00000,35.00000,7815
208,1,1.332032e-01,40.00000,40.00000,688
208,2,1.275990e-01,42.00000,36.00000,657
208,3,1.309160e-01,38.00000,36.00000,677
208,4,1.275275e-01,54.00000,30.00000,667
208,5,1.303624e-01,51.00000,35.00000,728
208,6,1.241621e-01,56.00000,30.00000,670
208,7,1.351821e-01,38.00000,35.00000,627
208,8,1.320085e-01,54.00000,30.00000,687
208,9,1.293276e-01,41.00000,40.00000,706
208,10,1.281193e-01,45.00000,36.00000,6674
208,11,1.368566e-01,57.00000,30.00000,708
208,12,1.278436e-01,54.00000,30.00000,3602
208,13,1.254283e-01,54.00000,30.00000,677
208,14,1.285944e-01,45.00000,35.00000,757
208,15,1.319690e-01,36.00000,36.00000,797
208,16,1.301144e-01,54.00000,30.00000,636
208,17,1.303149e-01,30.00000,36.00000,811
208,18,1.303898e-01,37.00000,36.00000,687
208,19,1.346624e-01,42.00000,35.00000,697
208,20,1.244770e-01,49.00000,30.00000,5118
208,21,1.241181e-01,54.00000,30.00000,692
208,22,1.298288e-01,37.00000,36.00000,4134
208,23,1.271833e-01,49.00000,30.00000,814
208,24,1.287235e-01,54.00000,30.00000,603
208,25,1.349842e-01,46.00000,35.00000,728
208,26,1.236752e-01,56.00000,30.00000,630
208,27,1.232321e-01,55.00000,30.00000,666
208,28,1.303224e-01,34.00000,36.00000,672
208,29,1.274303e-01,49.00000,30.00000,721
208,30,1.284788e-01,48.00000,35.00000,1655
208,31,1.335886e-01,40.00000,35.00000,2847
208,32,1.271439e-01,56.00000,30.00000,4428
208,33,1.291508e-01,44.00000,35.00000,726
208,34,1.292903e-01,49.00000,30.00000,619
208,35,1.279001e-01,49.00000,30.00000,746
208,36,1.385126e-01,40.00000,36.00000,597
208,37,1.304074e-01,47.00000,35.00000,591
208,38,1.304195e-01,36.00000,36.00000,722
208,39,1.319682e-01,46.00000,35.00000,621
208,40,1.311346e-01,40.00000,35.00000,757
208,41,1.317996e-01,45.00000,35.00000,4945
208,42,1.353724e-01,30.00000,36.00000,4848
208,43,1.279354e-01,54.00000,30.00000,628
208,44,1.376173e-01,40.00000,35.00000,3687
208,45,1.268183e-01,46.00000,35.00000,691
208,46,1.335985e-01,40.00000,35.00000,626
208,47,1.282210e-01,46.00000,35.00000,687
208,48,1.269163e-01,54.00000,30.00000,620
208,49,1.283813e-01,49.00000,30.00000,709
208,50,1.275030e-01,53.00000,30.00000,672
208,51,1.254644e-01,49.00000,30.00000,1883
208,52,1.295462e-01,41.00000,36.00000,7418
208,53,1.280147e-01,47.00000,35.00000,594
208,54,1.291600e-01,53.00000,30.00000,2943
208,55,1.314990e-01,49.00000,30.00000,606
208,56,1.289920e-01,31.00000,36.00000,626
208,57,1.314414e-01,49.00000,30.00000,643
208,58,1.278900e-01,49.00000,30.00000,599
208,59,1.311476e-01,37.00000,40.00000,604
208,60,1.285791e-01,57.00000,30.00000,626
208,61,1.252971e-01,58.00000,30.00000,635
208,62,1.319082e-01,42.00000,35.00000,717
208,63,1.260357e-01,55.00000,30.00000,616
208,64,1.366525e-01,35.00000,36.00000,561
208,65,1.304368e-01,54.00000,30.00000,607
208,66,1.269510e-01,47.00000,35.00000,597
208,67,1.299993e-01,44.00000,35.00000,600
208,68,1.299314e-01,39.00000,35.00000,611
208,69,1.279695e-01,47.00000,35.00000,615
208,70,1.337393e-01,31.00000,36.00000,638
208,71,1.345988e-01,42.00000,35.00000,590
209,0,1.358271e-01,41.00000,40.00000,5401
209,1,1.288830e-01,57.00000,30.00000,2675
209,2,1.272013e-01,47.00000,35.00000,665
209,3,1.274978e-01,49.00000,30.00000,668
209,4,1.268262e-01,35.00000,36.00000,748
209,5,1.284227e-01,43.00000,35.00000,769
209,6,1.282657e-01,49.00000,30.00000,628
209,7,1.304480e-01,48.00000,35.00000,689
209,8,1.316289e-01,61.00000,30.00000,737
209,9,1.263137e-01,48.00000,35.00000,667
209,10,1.265332e-01,41.00000,40.00000,771
209,11,1.266556e-01,45.00000,35.00000,677
209,12,1.315230e-01,52.00000,30.00000,2132
209,13,1.265915e-01,53.00000,30.00000,749
209,14,1.315546e-01,57.00000,30.00000,3214
209,15,1.291407e-01,42.00000,35.00000,639
209,16,1.299186e-01,37.00000,40.00000,682
209,17,1.271951e-01,46.00000,35.00000,787
209,18,1.266637e-01,52.00000,30.00000,684
209,19,1.301463e-01,53.00000,30.00000,660
209,20,1.337255e-01,42.00000,35.00000,680
209,21,1.279291e-01,56.00000,30.00000,716
209,22,1.307123e-01,37.00000,35.00000,659
209,23,1.283956e-01,46.00000,35.00000,2562
209,24,1.244123e-01,54.00000,30.00000,2706
209,25,1.274028e-01,50.00000,35.00000,732
209,26,1.252853e-01,49.00000,30.00000,606
209,27,1.261144e-01,49.00000,35.00000,681
209,28,1.320141e-01,42.00000,36.00000,650
209,29,1.277481e-01,47.00000,35.00000,690
209,30,1.262550e-01,56.00000,30.00000,650
209,31,1.271352e-01,49.00000,30.00000,659
209,32,1.285380e-01,49.00000,30.00000,3218
209,33,1.265519e-01,49.00000,35.00000,2785
209,34,1.302358e-01,36.00000,40.00000,6707
209,35,1.261862e-01,53.00000,30.00000,713
209,36,1.306723e-01,39.00000,35.00000,738
209,37,1.277174e-01,52.00000,30.00000,634
209,38,1.259550e-01,47.00000,35.00000,657
209,39,1.255648e-01,48.00000,35.00000,735
209,40,1.297227e-01,50.00000,30.00000,680
209,41,1.366225e-01,40.00000,36.00000,579
209,42,1.281935e-01,49.00000,30.00000,688
209,43,1.259601e-01,48.00000,35.00000,2082
209,44,1.291589e-01,49.00000,30.00000,12255
209,45,1.329576e-01,43.00000,35.00000,606
209,46,1.333041e-01,49.00000,30.00000,666
209,47,1.268185e-01,52.00000,30.00000,612
209,48,1.292208e-01,42.00000,36.00000,684
209,49,1.329952e-01,43.00000,36.00000,679
209,50,1.358559e-01,52.00000,30.00000,649
209,51,1.302710e-01,35.00000,36.00000,704
209,52,1.314338e-01,44.00000,36.00000,648
209,53,1.368733e-01,35.00000,36.00000,800
209,54,1.331548e-01,43.00000,36.00000,8148
209,55,1.300747e-01,41.00000,35.00000,646
209,56,1.247442e-01,58.00000,30.00000,625
209,57,1.288234e-01,46.00000,35.00000,667
209,58,1.281592e-01,53.00000,30.00000,606
209,59,1.277239e-01,53.00000,30.00000,617
209,60,1.277156e-01,49.00000,30.00000,599
209,61,1.313747e-01,39.00000,36.00000,595
209,62,1.305480e-01,49.00000,30.00000,594
209,63,1.319898e-01,39.00000,35.00000,604
209,64,1.278632e-01,37.00000,36.00000,630
209,65,1.355929e-01,36.00000,36.00000,595
209,66,1.307486e-01,52.00000,30.00000,594
209,67,1.400672e-01,43.00000,35.00000,564
209,68,1.313002e-01,46.00000,35.00000,602
209,69,1.280397e-01,57.00000,30.00000,628
209,70,1.288561e-01,58.00000,30.00000,636
209,71,1.349993e-01,30.00000,36.00000,606
210,0,1.349036e-01,45.00000,35.00000,11799
210,1,1.331529e-01,56.00000,30.00000,682
210,2,1.266464e-01,53.00000,30.00000,645
210,3,1.282958e-01,40.00000,36.00000,724
210,4,1.370503e-01,36.00000,36.00000,614
210,5,1.296128e-01,49.00000,30.00000,693
210,6,1.289733e-01,49.00000,35.00000,656
210,7,1.246046e-01,59.00000,30.00000,721
210,8,1.321988e-01,45.00000,35.00000,666
210,9,1.281319e-01,48.00000,35.00000,763
210,10,1.250906e-01,58.00000,30.00000,8812
210,11,1.354066e-01,45.00000,35.00000,660
210,12,1.264644e-01,49.00000,30.00000,655
210,13,1.351382e-01,42.00000,35.00000,1059
210,14,1.283487e-01,54.00000,30.00000,680
210,15,1.308714e-01,35.00000,36.00000,709
210,16,1.292113e-01,52.00000,30.00000,776
210,17,1.296933e-01,48.00000,35.00000,671
210,18,1.234012e-01,57.00000,30.00000,742
210,19,1.336858e-01,38.00000,36.00000,634
210,20,1.278582e-01,55.00000,30.00000,11571
210,21,1.299500e-01,34.00000,40.00000,671
210,22,1.356523e-01,49.00000,35.00000,768
210,23,1.281658e-01,58.00000,30.00000,2875
210,24,1.255656e-01,56.00000,30.00000,696
210,25,1.331792e-01,30.00000,36.00000,625
210,26,1.260610e-01,57.00000,30.00000,724
210,27,1.290815e-01,47.00000,35.00000,689
210,28,1.320236e-01,54.00000,30.00000,684
210,29,1.337769e-01,43.00000,36.00000,692
210,30,1.337367e-01,49.00000,35.00000,9870
210,31,1.312300e-01,49.00000,35.00000,700
210,32,1.338360e-01,41.00000,36.00000,669
210,33,1.377391e-01,31.00000,36.00000,3202
210,34,1.340456e-01,30.00000,36.00000,643
210,35,1.370581e-01,34.00000,40.00000,685
210,36,1.322501e-01,48.00000,35.00000,658
210,37,1.324310e-01,55.00000,30.00000,744
210,38,1.337843e-01,43.00000,36.00000,656
210,39,1.255073e-01,57.00000,30.00000,647
210,40,1.282188e-01,56.00000,30.00000,9517
210,41,1.304836e-01,43.00000,35.00000,733
210,42,1.314749e-01,43.00000,35.00000,696
210,43,1.281313e-01,57.00000,30.00000,3137
210,44,1.312816e-01,41.00000,35.00000,683
210,45,1.266156e-01,50.00000,35.00000,686
210,46,1.323767e-01,43.00000,35.00000,643
210,47,1.268051e-01,53.00000,30.00000,809
210,48,1.279860e-01,55.00000,30.00000,699
210,49,1.325014e-01,43.00000,40.00000,703
210,50,1.307289e-01,44.00000,35.00000,9624
210,51,1.297084e-01,57.00000,30.00000,644
210,52,1.300221e-01,37.00000,36.00000,693
210,53,1.347795e-01,53.00000,30.00000,605
210,54,1.281995e-01,49.00000,30.00000,688
210,55,1.279269e-01,49.00000,30.00000,603
210,56,1.240843e-01,57.00000,30.00000,640
210,57,1.297386e-01,53.00000,30.00000,606
210,58,1.282423e-01,44.00000,35.00000,620
210,59,1.304424e-01,30.00000,36.00000,631
210,60,1.273415e-01,55.00000,30.00000,616
210,61,1.320634e-01,49.00000,30.00000,615
210,62,1.330326e-01,40.00000,36.00000,608
210,63,1.384035e-01,40.00000,35.00000,554
210,64,1.275848e-01,45.00000,35.00000,631
210,65,1.277696e-01,49.00000,30.00000,603
210,66,1.329749e-01,47.00000,35.00000,583
210,67,1.322103e-01,43.00000,35.00000,602
210,68,1.327740e-01,40.00000,36.00000,591
210,69,1.319614e-01,55.00000,30.00000,615
210,70,1.418535e-01,25.00000,36.00000,600
210,71,1.355649e-01,37.00000,36.00000,562
211,0,1.304985e-01,40.00000,35.00000,5255
211,1,1.293960e-01,48.00000,35.00000,728
211,2,1.329165e-01,49.00000,30.00000,1050
211,3,1.362344e-01,39.00000,36.00000,701
211,4,1.293368e-01,49.00000,35.00000,700
211,5,1.325415e-01,42.00000,35.00000,656
211,6,1.286509e-01,57.00000,30.00000,664
211,7,1.322931e-01,40.00000,35.00000,693
211,8,1.300275e-01,44.00000,35.00000,677
211,9,1.259873e-01,53.00000,30.00000,740
211,10,1.251367e-01,57.00000,30.00000,5629
211,11,1.324260e-01,37.00000,36.00000,746
211,12,1.295421e-01,41.00000,35.00000,2370
211,13,1.289313e-01,49.00000,30.00000,703
211,14,1.334247e-01,35.00000,36.00000,669
211,15,1.359742e-01,52.00000,30.00000,1173
211,16,1.296535e-01,40.00000,35.00000,697
211,17,1.290465e-01,45.00000,36.00000,1957
211,18,1.288248e-01,53.00000,30.00000,688
211,19,1.328007e-01,44.00000,35.00000,593
211,20,1.310695e-01,43.00000,35.00000,2400
211,21,1.308420e-01,49.00000,35.00000,643
211,22,1.320973e-01,49.00000,35.00000,3238
211,23,1.294891e-01,49.00000,30.00000,791
211,24,1.343568e-01,37.00000,35.00000,650
211,25,1.309433e-01,49.00000,30.00000,657
211,26,1.303308e-01,41.00000,36.00000,689
211,27,1.308505e-01,40.00000,35.00000,4092
211,28,1.346723e-01,49.00000,30.00000,719
211,29,1.306484e-01,44.00000,35.00000,701
211,30,1.328340e-01,42.00000,36.00000,5413
211,31,1.352126e-01,36.00000,36.00000,637
211,32,1.294004e-01,49.00000,35.00000,6877
211,33,1.293405e-01,48.00000,35.00000,635
211,34,1.367848e-01,48.00000,35.00000,682
211,35,1.319566e-01,41.00000,35.00000,596
211,36,1.331325e-01,35.00000,36.00000,687
211,37,1.298238e-01,47.00000,35.00000,1045
211,38,1.333092e-01,55.00000,30.00000,751
211,39,1.325536e-01,49.00000,30.00000,630
211,40,1.351942e-01,31.00000,36.00000,1275
211,41,1.341867e-01,35.00000,36.00000,727
211,42,1.305345e-01,36.00000,36.00000,3227
211,43,1.296367e-01,42.00000,40.00000,611
211,44,1.329705e-01,48.00000,35.00000,772
211,45,1.292058e-01,49.00000,30.00000,669
211,46,1.372793e-01,53.00000,30.00000,605
211,47,1.373778e-01,49.00000,30.00000,1634
211,48,1.326918e-01,52.00000,30.00000,640
211,49,1.348461e-01,40.00000,35.00000,633
211,50,1.413207e-01,38.00000,35.00000,728
211,51,1.291661e-01,49.00000,30.00000,680
211,52,1.332975e-01,52.00000,30.00000,1458
211,53,1.290959e-01,53.00000,30.00000,634
211,54,1.373069e-01,50.00000,35.00000,606
211,55,1.342326e-01,31.00000,36.00000,607
211,56,1.311149e-01,48.00000,35.00000,594
211,57,1.269631e-01,48.00000,35.00000,626
211,58,1.296189e-01,52.00000,30.00000,607
211,59,1.292026e-01,53.00000,30.00000,615
211,60,1.384978e-01,35.00000,36.00000,556
211,61,1.273711e-01,49.00000,35.00000,599
211,62,1.281941e-01,48.00000,35.00000,594
211,63,1.284634e-01,46.00000,36.00000,593
211,64,1.301541e-01,45.00000,35.00000,599
211,65,1.294702e-01,57.00000,30.00000,626
211,66,1.326762e-01,37.00000,36.00000,599
211,67,1.298155e-01,54.00000,30.00000,624
211,68,1.336373e-01,41.00000,36.00000,577
211,69,1.391822e-01,37.00000,35.00000,548
211,70,1.372410e-01,46.00000,35.00000,588
211,71,1.340422e-01,55.00000,30.00000,617
212,0,1.309797e-01,35.00000,36.00000,2524
212,1,1.331033e-01,55.00000,30.00000,2327
212,2,1.339238e-01,49.00000,30.00000,668
212,3,1.398821e-01,30.00000,36.00000,1055
212,4,1.270740e-01,43.00000,36.00000,696
212,5,1.282677e-01,44.00000,35.00000,744
212,6,1.296617e-01,54.00000,30.00000,751
212,7,1.276252e-01,53.00000,30.00000,652
212,8,1.288659e-01,49.00000,30.00000,701
212,9,1.290019e-01,54.00000,30.00000,645
212,10,1.327190e-01,50.00000,35.00000,687
212,11,1.327808e-01,46.00000,35.00000,999
212,12,1.307339e-01,49.00000,30.00000,636
212,13,1.327753e-01,53.00000,30.00000,652
212,14,1.373807e-01,30.00000,36.00000,756
212,15,1.281359e-01,42.00000,35.00000,719
212,16,1.338126e-01,41.00000,36.00000,600
212,17,1.285540e-01,43.00000,35.00000,786
212,18,1.324310e-01,52.00000,30.00000,789
212,19,1.315058e-01,49.00000,30.00000,638
212,20,1.307584e-01,44.00000,35.00000,677
212,21,1.324180e-01,48.00000,35.00000,1385
212,22,1.311909e-01,49.00000,30.00000,756
212,23,1.297342e-01,53.00000,30.00000,694
212,24,1.339591e-01,38.00000,35.00000,605
212,25,1.345825e-01,30.00000,36.00000,679
212,26,1.300134e-01,36.00000,36.00000,654
212,27,1.344890e-01,55.00000,30.00000,726
212,28,1.302271e-01,53.00000,30.00000,694
212,29,1.290812e-01,37.00000,36.00000,782
212,30,1.293067e-01,41.00000,35.00000,640
212,31,1.273323e-01,49.00000,30.00000,802
212,32,1.284835e-01,49.00000,35.00000,593
212,33,1.282812e-01,49.00000,30.00000,663
212,34,1.349299e-01,39.00000,35.00000,655
212,35,1.297725e-01,52.00000,30.00000,673
212,36,1.323815e-01,52.00000,30.00000,650
212,37,1.343722e-01,40.00000,35.00000,633
212,38,1.280725e-01,49.00000,30.00000,666
212,39,1.321938e-01,39.00000,36.00000,675
212,40,1.302213e-01,52.00000,30.00000,694
212,41,1.288541e-01,39.00000,36.00000,650
212,42,1.305098e-01,52.00000,30.00000,657
212,43,1.302676e-01,49.00000,30.00000,685
212,44,1.259687e-01,48.00000,35.00000,676
212,45,1.324044e-01,42.00000,36.00000,641
212,46,1.306364e-01,57.00000,30.00000,755
212,47,1.303207e-01,46.00000,35.00000,613
212,48,1.332739e-01,53.00000,30.00000,837
212,49,1.267854e-01,49.00000,30.00000,639
212,50,1.312518e-01,45.00000,35.00000,642
212,51,1.286919e-01,49.00000,30.00000,686
212,52,1.297671e-01,41.00000,35.00000,616
212,53,1.297488e-01,54.00000,30.00000,624
212,54,1.303016e-01,48.00000,35.00000,604
212,55,1.325476e-01,41.00000,36.00000,632
212,56,1.304600e-01,49.00000,30.00000,600
212,57,1.326279e-01,49.00000,30.00000,598
212,58,1.346686e-01,51.00000,30.00000,596
212,59,1.278370e-01,51.00000,35.00000,614
212,60,1.325497e-01,54.00000,30.00000,608
212,61,1.290252e-01,53.00000,30.00000,606
212,62,1.356356e-01,35.00000,36.00000,585
212,63,1.335872e-01,54.00000,30.00000,609
212,64,1.339934e-01,36.00000,35.00000,596
212,65,1.335707e-01,55.00000,30.00000,617
212,66,1.331196e-01,43.00000,35.00000,618
212,67,1.310118e-01,44.00000,35.00000,618
212,68,1.284339e-01,43.00000,36.00000,615
212,69,1.372754e-01,37.00000,36.00000,583
212,70,1.315960e-01,52.00000,30.00000,593
212,71,1.298661e-01,44.00000,35.00000,605
213,0,1.331191e-01,45.00000,35.00000,7759
213,1,1.325730e-01,46.00000,35.00000,764
213,2,1.334135e-01,43.00000,36.00000,1114
213,3,1.266058e-01,55.00000,30.00000,1255
213,4,1.366096e-01,31.00000,36.00000,652
213,5,1.335415e-01,48.00000,35.00000,649
213,6,1.360849e-01,48.00000,35.00000,663
213,7,1.348351e-01,42.00000,35.00000,685
213,8,1.364871e-01,43.00000,35.00000,688
213,9,1.296397e-01,57.00000,30.00000,682
213,10,1.298445e-01,48.00000,35.00000,10369
213,11,1.333406e-01,46.00000,35.00000,2381
213,12,1.299482e-01,54.00000,30.00000,630
213,13,1.294306e-01,54.00000,30.00000,647
213,14,1.294395e-01,45.00000,35.00000,709
213,15,1.303125e-01,60.00000,30.00000,705
213,16,1.310033e-01,49.00000,30.00000,629
213,17,1.288273e-01,43.00000,35.00000,664
213,18,1.310549e-01,31.00000,36.00000,849
213,19,1.307213e-01,51.00000,30.00000,705
213,20,1.282662e-01,50.00000,30.00000,9951
213,21,1.300242e-01,44.00000,35.00000,2013
213,22,1.315352e-01,48.00000,35.00000,649
213,23,1.298522e-01,53.00000,30.00000,670
213,24,1.329033e-01,44.00000,35.00000,701
213,25,1.318607e-01,40.00000,35.00000,716
213,26,1.329825e-01,38.00000,36.00000,661
213,27,1.321189e-01,52.00000,30.00000,622
213,28,1.345384e-01,42.00000,35.00000,702
213,29,1.288805e-01,44.00000,35.00000,762
213,30,1.320477e-01,42.00000,36.00000,4229
213,31,1.325083e-01,51.00000,30.00000,8875
213,32,1.311348e-01,54.00000,30.00000,621
213,33,1.387891e-01,38.00000,35.00000,621
213,34,1.339062e-01,42.00000,35.00000,714
213,35,1.289173e-01,52.00000,30.00000,653
213,36,1.329060e-01,37.00000,36.00000,686
213,37,1.300355e-01,49.00000,30.00000,684
213,38,1.314885e-01,46.00000,35.00000,674
213,39,1.321481e-01,49.00000,30.00000,712
213,40,1.356999e-01,38.00000,35.00000,591
213,41,1.314405e-01,43.00000,36.00000,12185
213,42,1.306641e-01,44.00000,35.00000,768
213,43,1.328086e-01,55.00000,30.00000,654
213,44,1.304051e-01,44.00000,35.00000,664
213,45,1.326662e-01,49.00000,30.00000,677
213,46,1.361044e-01,45.00000,35.00000,634
213,47,1.316431e-01,44.00000,36.00000,646
213,48,1.358314e-01,53.00000,30.00000,672
213,49,1.362008e-01,37.00000,36.00000,671
213,50,1.288386e-01,56.00000,30.00000,772
213,51,1.352203e-01,56.00000,30.00000,12143
213,52,1.347064e-01,40.00000,35.00000,588
213,53,1.333289e-01,40.00000,36.00000,697
213,54,1.357365e-01,36.00000,36.00000,630
213,55,1.359602e-01,53.00000,30.00000,605
213,56,1.361852e-01,55.00000,30.00000,615
213,57,1.365536e-01,40.00000,36.00000,562
213,58,1.266429e-01,58.00000,30.00000,622
213,59,1.313892e-01,45.00000,35.00000,603
213,60,1.300552e-01,47.00000,35.00000,603
213,61,1.397720e-01,30.00000,36.00000,562
213,62,1.357959e-01,46.00000,35.00000,598
213,63,1.365419e-01,48.00000,35.00000,593
213,64,1.433041e-01,30.00000,36.00000,560
213,65,1.350398e-01,48.00000,35.00000,596
213,66,1.362451e-01,37.00000,36.00000,594
213,67,1.321586e-01,44.00000,35.00000,587
213,68,1.419478e-01,33.00000,40.00000,580
213,69,1.383350e-01,37.00000,36.00000,579
213,70,1.384770e-01,36.00000,36.00000,567
213,71,1.337312e-01,53.00000,30.00000,606
214,0,1.419610e-01,39.00000,40.00000,12598
214,1,1.342511e-01,31.00000,36.00000,1135
214,2,1.336269e-01,49.00000,30.00000,657
214,3,1.327390e-01,48.00000,35.00000,755
214,4,1.339015e-01,54.00000,30.00000,700
214,5,1.364686e-01,36.00000,36.00000,653
214,6,1.306549e-01,46.00000,35.00000,731
214,7,1.357466e-01,49.00000,30.00000,638
214,8,1.394621e-01,31.00000,36.00000,636
214,9,1.359273e-01,38.00000,35.00000,621
214,10,1.307426e-01,44.00000,35.00000,2019
214,11,1.314119e-01,47.00000,35.00000,3289
214,12,1.328349e-01,49.00000,30.00000,733
214,13,1.419291e-01,54.00000,30.00000,704
214,14,1.268183e-01,57.00000,30.00000,4921
214,15,1.368562e-01,30.00000,36.00000,623
214,16,1.364968e-01,43.00000,36.00000,711
214,17,1.320287e-01,47.00000,35.00000,695
214,18,1.371208e-01,42.00000,36.00000,653
214,19,1.369245e-01,38.00000,36.00000,740
214,20,1.295587e-01,45.00000,36.00000,5042
214,21,1.324118e-01,54.00000,30.00000,5503
214,22,1.303887e-01,49.00000,30.00000,708
214,23,1.356865e-01,54.00000,30.00000,663
214,24,1.314109e-01,30.00000,36.00000,2987
214,25,1.378866e-01,48.00000,35.00000,684
214,26,1.380432e-01,40.00000,35.00000,630
214,27,1.325274e-01,45.00000,35.00000,607
214,28,1.339560e-01,53.00000,30.00000,738
214,29,1.317443e-01,40.00000,35.00000,675
214,30,1.354244e-01,37.00000,36.00000,2792
214,31,1.420588e-01,25.00000,36.00000,5431
214,32,1.319834e-01,52.00000,30.00000,650
214,33,1.356463e-01,45.00000,36.00000,698
214,34,1.335530e-01,36.00000,36.00000,1439
214,35,1.307472e-01,47.00000,35.00000,1049
214,36,1.313486e-01,54.00000,30.00000,660
214,37,1.337660e-01,40.00000,40.00000,673
214,38,1.315411e-01,42.00000,35.00000,729
214,39,1.345002e-01,52.00000,30.00000,698
214,40,1.340551e-01,43.00000,35.00000,670
214,41,1.295081e-01,57.00000,30.00000,5582
214,42,1.306404e-01,41.00000,40.00000,612
214,43,1.354254e-01,38.00000,36.00000,1973
214,44,1.322879e-01,53.00000,30.00000,638
214,45,1.323712e-01,42.00000,35.00000,733
214,46,1.300356e-01,45.00000,35.00000,669
214,47,1.393112e-01,42.00000,35.00000,647
214,48,1.339029e-01,59.00000,30.00000,707
214,49,1.298400e-01,53.00000,30.00000,672
214,50,1.361947e-01,44.00000,35.00000,2916
214,51,1.353400e-01,53.00000,30.00000,6048
214,52,1.281501e-01,51.00000,30.00000,647
214,53,1.317483e-01,31.00000,36.00000,2374
214,54,1.301986e-01,54.00000,30.00000,620
214,55,1.300050e-01,55.00000,30.00000,629
214,56,1.376128e-01,49.00000,30.00000,610
214,57,1.359752e-01,43.00000,35.00000,565
214,58,1.316152e-01,45.00000,35.00000,616
214,59,1.342312e-01,35.00000,36.00000,629
214,60,1.311572e-01,58.00000,30.00000,621
214,61,1.307489e-01,47.00000,36.00000,602
214,62,1.312360e-01,40.00000,35.00000,596
214,63,1.330830e-01,38.00000,36.00000,617
214,64,1.279550e-01,49.00000,30.00000,599
214,65,1.376788e-01,42.00000,36.00000,562
214,66,1.319599e-01,57.00000,30.00000,628
214,67,1.361463e-01,54.00000,30.00000,604
214,68,1.370361e-01,40.00000,36.00000,620
214,69,1.398584e-01,35.00000,36.00000,565
214,70,1.374769e-01,45.00000,35.00000,596
214,71,1.336250e-01,45.00000,35.00000,577
215,0,1.341348e-01,41.00000,36.00000,8627
215,1,1.323562e-01,43.00000,35.00000,665
215,2,1.348426e-01,44.00000,35.00000,600
215,3,1.328130e-01,40.00000,36.00000,681
215,4,1.329857e-01,49.00000,30.00000,735
215,5,1.341722e-01,42.00000,35.00000,686
215,6,1.358376e-01,36.00000,36.00000,747
215,7,1.299493e-01,57.00000,30.00000,752
215,8,1.339340e-01,54.00000,30.00000,660
215,9,1.243787e-01,61.00000,30.00000,694
215,10,1.293053e-01,54.00000,30.00000,4319
215,11,1.295376e-01,55.00000,30.00000,2739
215,12,1.353399e-01,42.00000,36.00000,675
215,13,1.417063e-01,54.00000,30.00000,682
215,14,1.313016e-01,45.00000,35.00000,678
215,15,1.297269e-01,54.00000,30.00000,760
215,16,1.292253e-01,43.00000,36.00000,675
215,17,1.300917e-01,51.00000,35.00000,660
215,18,1.336291e-01,42.00000,35.00000,728
215,19,1.312232e-01,54.00000,30.00000,679
215,20,1.303731e-01,55.00000,30.00000,5930
215,21,1.337843e-01,37.00000,36.00000,754
215,22,1.339598e-01,41.00000,35.00000,652
215,23,1.353672e-01,39.00000,36.00000,668
215,24,1.330250e-01,43.00000,36.00000,744
215,25,1.358085e-01,49.00000,30.00000,664
215,26,1.327360e-01,49.00000,30.00000,657
215,27,1.319350e-01,55.00000,30.00000,661
215,28,1.301428e-01,40.00000,35.00000,818
215,29,1.302780e-01,56.00000,30.00000,673
215,30,1.366523e-01,49.00000,30.00000,3644
215,31,1.423683e-01,25.00000,36.00000,607
215,32,1.308891e-01,47.00000,35.00000,752
215,33,1.367865e-01,49.00000,30.00000,591
215,34,1.309544e-01,43.00000,36.00000,715
215,35,1.303773e-01,52.00000,30.00000,803
215,36,1.350754e-01,37.00000,36.00000,754
215,37,1.368844e-01,53.00000,30.00000,686
215,38,1.319854e-01,44.00000,35.00000,598
215,39,1.269111e-01,54.00000,30.00000,752
215,40,1.252656e-01,49.00000,30.00000,2418
215,41,1.287892e-01,49.00000,30.00000,725
215,42,1.310348e-01,54.00000,30.00000,693
215,43,1.286807e-01,57.00000,30.00000,702
215,44,1.365240e-01,31.00000,36.00000,706
215,45,1.407938e-01,38.00000,35.00000,611
215,46,1.311285e-01,43.00000,35.00000,645
215,47,1.296707e-01,51.00000,30.00000,681
215,48,1.306023e-01,45.00000,35.00000,620
215,49,1.302867e-01,46.00000,35.00000,716
215,50,1.340834e-01,42.00000,35.00000,645
215,51,1.310712e-01,39.00000,35.00000,2649
215,52,1.295561e-01,57.00000,30.00000,756
215,53,1.319687e-01,41.00000,35.00000,702
215,54,1.316513e-01,57.00000,30.00000,678
215,55,1.334951e-01,48.00000,35.00000,642
215,56,1.285629e-01,53.00000,30.00000,700
215,57,1.299744e-01,54.00000,30.00000,680
215,58,1.329928e-01,36.00000,35.00000,690
215,59,1.347557e-01,43.00000,35.00000,604
215,60,1.295213e-01,46.00000,35.00000,628
215,61,1.339742e-01,40.00000,36.00000,594
215,62,1.297862e-01,48.00000,35.00000,617
215,63,1.321203e-01,43.00000,35.00000,605
215,64,1.302487e-01,45.00000,35.00000,610
215,65,1.321088e-01,52.00000,30.00000,596
215,66,1.322770e-01,44.00000,35.00000,625
215,67,1.341420e-01,57.00000,30.00000,626
215,68,1.305190e-01,49.00000,30.00000,625
215,69,1.292992e-01,53.00000,30.00000,622
215,70,1.299952e-01,42.00000,35.00000,610
215,71,1.306918e-01,55.00000,30.00000,616
216,0,1.340924e-01,45.00000,35.00000,5387
216,1,1.295735e-01,51.00000,30.00000,2107
216,2,1.391423e-01,37.00000,36.00000,732
216,3,1.338658e-01,46.00000,35.00000,699
216,4,1.316989e-01,48.00000,35.00000,629
216,5,1.335540e-01,46.00000,35.00000,625
216,6,1.314250e-01,47.00000,35.00000,757
216,7,1.310054e-01,51.00000,35.00000,656
216,8,1.358884e-01,44.00000,35.00000,654
216,9,1.384109e-01,35.00000,36.00000,657
216,10,1.359034e-01,36.00000,40.00000,2057
216,11,1.294889e-01,54.00000,30.00000,1197
216,12,1.326185e-01,52.00000,30.00000,670
216,13,1.346184e-01,46.00000,35.00000,635
216,14,1.329535e-01,35.00000,36.00000,716
216,15,1.330789e-01,49.00000,30.00000,701
216,16,1.306029e-01,45.00000,35.00000,658
216,17,1.318255e-01,43.00000,35.00000,674
216,18,1.344280e-01,38.00000,35.00000,682
216,19,1.353696e-01,43.00000,35.00000,681
216,20,1.323548e-01,45.00000,35.00000,665
216,21,1.326840e-01,49.00000,30.00000,2665
216,22,1.278037e-01,49.00000,30.00000,679
216,23,1.346335e-01,42.00000,35.00000,3336
216,24,1.322815e-01,53.00000,30.00000,652
216,25,1.326254e-01,49.00000,30.00000,610
216,26,1.303893e-01,41.00000,35.00000,766
216,27,1.376445e-01,31.00000,36.00000,667
216,28,1.350250e-01,35.00000,36.00000,646
216,29,1.364778e-01,47.00000,35.00000,632
216,30,1.334707e-01,42.00000,36.00000,699
216,31,1.309484e-01,46.00000,35.00000,734
216,32,1.299403e-01,48.00000,35.00000,668
216,33,1.400257e-01,35.00000,36.00000,2316
216,34,1.331300e-01,45.00000,35.00000,619
216,35,1.332797e-01,49.00000,30.00000,642
216,36,1.302278e-01,43.00000,40.00000,744
216,37,1.343433e-01,52.00000,30.00000,641
216,38,1.353749e-01,36.00000,36.00000,743
216,39,1.338849e-01,49.00000,30.00000,591
216,40,1.358934e-01,49.00000,30.00000,809
216,41,1.323605e-01,37.00000,36.00000,740
216,42,1.294748e-01,52.00000,30.00000,727
216,43,1.310447e-01,47.00000,35.00000,2799
216,44,1.303754e-01,53.00000,30.00000,637
216,45,1.335097e-01,54.00000,30.00000,729
216,46,1.272344e-01,53.00000,30.00000,696
216,47,1.327770e-01,48.00000,35.00000,720
216,48,1.324580e-01,57.00000,30.00000,632
216,49,1.304175e-01,49.00000,30.00000,728
216,50,1.318110e-01,43.00000,36.00000,685
216,51,1.296347e-01,48.00000,35.00000,671
216,52,1.369785e-01,34.00000,36.00000,654
216,53,1.373139e-01,49.00000,30.00000,2612
216,54,1.349925e-01,37.00000,36.00000,629
216,55,1.279306e-01,50.00000,35.00000,613
216,56,1.320311e-01,55.00000,30.00000,667
216,57,1.402047e-01,44.00000,36.00000,580
216,58,1.295744e-01,57.00000,30.00000,628
216,59,1.339453e-01,52.00000,30.00000,607
216,60,1.382957e-01,49.00000,30.00000,587
216,61,1.413970e-01,35.00000,36.00000,567
216,62,1.330236e-01,49.00000,30.00000,612
216,63,1.298249e-01,49.00000,30.00000,612
216,64,1.324408e-01,46.00000,35.00000,589
216,65,1.295996e-01,49.00000,30.00000,605
216,66,1.312214e-01,45.00000,35.00000,586
216,67,1.335726e-01,44.00000,36.00000,584
216,68,1.310886e-01,44.00000,35.00000,622
216,69,1.362874e-01,49.00000,30.00000,588
216,70,1.307226e-01,56.00000,30.00000,612
216,71,1.375629e-01,47.00000,35.00000,586
217,0,1.343513e-01,49.00000,30.00000,2911
217,1,1.348895e-01,53.00000,30.00000,2851
217,2,1.270704e-01,58.00000,30.00000,740
217,3,1.402395e-01,35.00000,36.00000,662
217,4,1.324811e-01,53.00000,30.00000,705
217,5,1.294001e-01,49.00000,30.00000,623
217,6,1.301177e-01,42.00000,36.00000,672
217,7,1.394348e-01,41.00000,40.00000,690
217,8,1.410769e-01,31.00000,36.00000,730
217,9,1.307980e-01,49.00000,30.00000,715
217,10,1.404483e-01,30.00000,36.00000,3917
217,11,1.322924e-01,49.00000,30.00000,733
217,12,1.345200e-01,55.00000,30.00000,688
217,13,1.329244e-01,49.00000,30.00000,745
217,14,1.398266e-01,48.00000,35.00000,998
217,15,1.333176e-01,39.00000,36.00000,781
217,16,1.325297e-01,45.00000,35.00000,688
217,17,1.340133e-01,43.00000,36.00000,661
217,18,1.328828e-01,49.00000,30.00000,688
217,19,1.321792e-01,41.00000,35.00000,723
217,20,1.330666e-01,49.00000,30.00000,3198
217,21,1.321101e-01,44.00000,35.00000,731
217,22,1.345426e-01,49.00000,30.00000,680
217,23,1.346838e-01,49.00000,30.00000,724
217,24,1.335704e-01,53.00000,30.00000,2722
217,25,1.357434e-01,41.00000,35.00000,641
217,26,1.324631e-01,40.00000,40.00000,731
217,27,1.355007e-01,45.00000,35.00000,655
217,28,1.312876e-01,53.00000,30.00000,699
217,29,1.333251e-01,45.00000,35.00000,627
217,30,1.304137e-01,44.00000,35.00000,1757
217,31,1.270909e-01,55.00000,30.00000,708
217,32,1.375589e-01,34.00000,36.00000,600
217,33,1.339629e-01,46.00000,35.00000,623
217,34,1.354453e-01,49.00000,30.00000,2168
217,35,1.333297e-01,42.00000,35.00000,681
217,36,1.310955e-01,52.00000,30.00000,634
217,37,1.365439e-01,37.00000,40.00000,722
217,38,1.306051e-01,41.00000,36.00000,665
217,39,1.337209e-01,55.00000,30.00000,742
217,40,1.355994e-01,47.00000,35.00000,1431
217,41,1.322032e-01,53.00000,30.00000,617
217,42,1.310609e-01,57.00000,30.00000,661
217,43,1.380212e-01,45.00000,35.00000,588
217,44,1.306355e-01,49.00000,30.00000,2156
217,45,1.384450e-01,37.00000,36.00000,627
217,46,1.302174e-01,48.00000,35.00000,658
217,47,1.324322e-01,47.00000,35.00000,693
217,48,1.287120e-01,49.00000,35.00000,688
217,49,1.294600e-01,49.00000,30.00000,752
217,50,1.326901e-01,44.00000,35.00000,4226
217,51,1.324789e-01,51.00000,30.00000,609
217,52,1.342289e-01,43.00000,35.00000,606
217,53,1.338184e-01,46.00000,35.00000,619
217,54,1.303817e-01,49.00000,35.00000,668
217,55,1.329659e-01,49.00000,30.00000,693
217,56,1.304697e-01,55.00000,30.00000,655
217,57,1.336562e-01,46.00000,35.00000,651
217,58,1.377925e-01,38.00000,35.00000,577
217,59,1.313481e-01,56.00000,30.00000,650
217,60,1.300611e-01,52.00000,30.00000,759
217,61,1.281055e-01,55.00000,30.00000,624
217,62,1.345404e-01,41.00000,36.00000,599
217,63,1.408816e-01,30.00000,36.00000,573
217,64,1.362627e-01,48.00000,35.00000,596
217,65,1.348900e-01,35.00000,36.00000,605
217,66,1.294300e-01,58.00000,30.00000,629
217,67,1.307622e-01,55.00000,30.00000,630
217,68,1.347004e-01,40.00000,35.00000,601
217,69,1.346094e-01,49.00000,30.00000,586
217,70,1.369403e-01,35.00000,36.00000,605
217,71,1.372698e-01,47.00000,35.00000,585
218,0,1.383442e-01,55.00000,30.00000,20952
218,1,1.362111e-01,43.00000,35.00000,707
218,2,1.379937e-01,43.00000,36.00000,708
218,3,1.332371e-01,46.00000,35.00000,708
218,4,1.336352e-01,44.00000,35.00000,744
218,5,1.319629e-01,52.00000,30.00000,667
218,6,1.405728e-01,35.00000,36.00000,725
218,7,1.317759e-01,45.00000,35.00000,690
218,8,1.387326e-01,47.00000,35.00000,627
218,9,1.338644e-01,45.00000,36.00000,625
218,10,1.345283e-01,49.00000,30.00000,10712
218,11,1.328753e-01,43.00000,35.00000,726
218,12,1.344134e-01,46.00000,36.00000,684
218,13,1.342171e-01,54.00000,30.00000,692
218,14,1.296977e-01,46.00000,35.00000,684
218,15,1.343608e-01,42.00000,35.00000,681
218,16,1.306946e-01,42.00000,35.00000,674
218,17,1.308474e-01,49.00000,30.00000,728
218,18,1.288918e-01,45.00000,35.00000,712
218,19,1.350212e-01,46.00000,35.00000,698
218,20,1.318070e-01,54.00000,30.00000,14245
218,21,1.366206e-01,45.00000,35.00000,666
218,22,1.309956e-01,54.00000,30.00000,726
218,23,1.302552e-01,53.00000,30.00000,677
218,24,1.322132e-01,53.00000,30.00000,675
218,25,1.323118e-01,43.00000,35.00000,751
218,26,1.340262e-01,47.00000,35.00000,659
218,27,1.329712e-01,49.00000,30.00000,715
218,28,1.305167e-01,47.00000,35.00000,752
218,29,1.330074e-01,52.00000,30.00000,639
218,30,1.315710e-01,43.00000,36.00000,10398
218,31,1.328323e-01,49.00000,30.00000,656
218,32,1.368062e-01,52.00000,30.00000,661
218,33,1.322291e-01,44.00000,35.00000,654
218,34,1.313394e-01,49.00000,30.00000,766
218,35,1.346870e-01,40.00000,40.00000,779
218,36,1.318149e-01,59.00000,30.00000,635
218,37,1.321952e-01,55.00000,30.00000,703
218,38,1.305004e-01,55.00000,30.00000,769
218,39,1.303681e-01,42.00000,36.00000,683
218,40,1.326758e-01,45.00000,35.00000,12181
218,41,1.391616e-01,31.00000,36.00000,671
218,42,1.344966e-01,49.00000,30.00000,686
218,43,1.346665e-01,37.00000,36.00000,705
218,44,1.304099e-01,53.00000,30.00000,672
218,45,1.354230e-01,36.00000,35.00000,722
218,46,1.355645e-01,51.00000,30.00000,750
218,47,1.368665e-01,38.00000,35.00000,791
218,48,1.330236e-01,53.00000,30.00000,692
218,49,1.332298e-01,42.00000,35.00000,710
218,50,1.310006e-01,49.00000,35.00000,12953
218,51,1.313522e-01,43.00000,35.00000,668
218,52,1.374458e-01,47.00000,35.00000,661
218,53,1.311540e-01,44.00000,35.00000,631
218,54,1.376993e-01,53.00000,30.00000,683
218,55,1.355571e-01,49.00000,35.00000,622
218,56,1.349147e-01,53.00000,30.00000,652
218,57,1.362318e-01,43.00000,35.00000,597
218,58,1.333067e-01,37.00000,36.00000,617
218,59,1.282984e-01,58.00000,30.00000,637
218,60,1.305076e-01,51.00000,30.00000,615
218,61,1.334764e-01,47.00000,35.00000,587
218,62,1.307018e-01,43.00000,35.00000,607
218,63,1.329095e-01,53.00000,30.00000,607
218,64,1.295977e-01,49.00000,30.00000,635
218,65,1.308902e-01,53.00000,30.00000,606
218,66,1.291625e-01,57.00000,30.00000,628
218,67,1.331720e-01,46.00000,35.00000,590
218,68,1.301669e-01,57.00000,30.00000,627
218,69,1.290299e-01,49.00000,30.00000,606
218,70,1.339147e-01,47.00000,35.00000,607
218,71,1.353954e-01,39.00000,36.00000,601
219,0,1.412972e-01,30.00000,40.00000,11410
219,1,1.321601e-01,42.00000,35.00000,729
219,2,1.340311e-01,47.00000,35.00000,715
219,3,1.470531e-01,48.00000,35.00000,709
219,4,1.346188e-01,44.00000,35.00000,630
219,5,1.350305e-01,54.00000,30.00000,690
219,6,1.369410e-01,41.00000,35.00000,679
219,7,1.352204e-01,43.00000,36.00000,701
219,8,1.316096e-01,43.00000,36.00000,718
219,9,1.379622e-01,48.00000,35.00000,728
219,10,1.381184e-01,49.00000,35.00000,7135
219,11,1.350037e-01,53.00000,30.00000,692
219,12,1.343925e-01,36.00000,36.00000,3672
219,13,1.410482e-01,31.00000,36.00000,673
219,14,1.473294e-01,25.00000,36.00000,695
219,15,1.336567e-01,45.00000,35.00000,724
219,16,1.388879e-01,40.00000,35.00000,775
219,17,1.288344e-01,53.00000,30.00000,721
219,18,1.512970e-01,25.00000,36.00000,692
219,19,1.340246e-01,38.00000,35.00000,714
219,20,1.395713e-01,45.00000,35.00000,8012
219,21,1.309189e-01,55.00000,30.00000,685
219,22,1.324320e-01,49.00000,30.00000,1355
219,23,1.309658e-01,57.00000,30.00000,1456
219,24,1.367424e-01,49.00000,30.00000,2357
219,25,1.302287e-01,49.00000,30.00000,703
219,26,1.302214e-01,59.00000,30.00000,805
219,27,1.364886e-01,36.00000,36.00000,695
219,28,1.293826e-01,49.00000,30.00000,678
219,29,1.330924e-01,39.00000,35.00000,680
219,30,1.340775e-01,49.00000,30.00000,8163
219,31,1.314913e-01,37.00000,36.00000,680
219,32,1.311081e-01,49.00000,30.00000,2571
219,33,1.334600e-01,51.00000,30.00000,701
219,34,1.361514e-01,41.00000,35.00000,6931
219,35,1.369519e-01,41.00000,35.00000,709
219,36,1.384272e-01,41.00000,36.00000,738
219,37,1.420032e-01,30.00000,36.00000,692
219,38,1.330953e-01,49.00000,30.00000,688
219,39,1.390004e-01,49.00000,30.00000,673
219,40,1.338864e-01,54.00000,30.00000,3660
219,41,1.334920e-01,43.00000,35.00000,717
219,42,1.301647e-01,49.00000,35.00000,700
219,43,1.318888e-01,41.00000,36.00000,4621
219,44,1.338524e-01,40.00000,40.00000,6182
219,45,1.349614e-01,49.00000,30.00000,663
219,46,1.321709e-01,53.00000,30.00000,695
219,47,1.301491e-01,47.00000,35.00000,754
219,48,1.333626e-01,41.00000,35.00000,718
219,49,1.330976e-01,49.00000,30.00000,668
219,50,1.331349e-01,45.00000,35.00000,696
219,51,1.300402e-01,51.00000,30.00000,753
219,52,1.347858e-01,53.00000,30.00000,670
219,53,1.326166e-01,53.00000,30.00000,1896
219,54,1.308872e-01,61.00000,30.00000,6253
219,55,1.337460e-01,53.00000,30.00000,824
219,56,1.325258e-01,48.00000,35.00000,698
219,57,1.413755e-01,41.00000,36.00000,652
219,58,1.344629e-01,52.00000,30.00000,801
219,59,1.412945e-01,36.00000,36.00000,755
219,60,1.341261e-01,43.00000,35.00000,672
219,61,1.325624e-01,46.00000,35.00000,693
219,62,1.335003e-01,53.00000,30.00000,667
219,63,1.389184e-01,30.00000,40.00000,1285
219,64,1.366705e-01,49.00000,30.00000,1299
219,65,1.323331e-01,42.00000,35.00000,606
219,66,1.328343e-01,49.00000,30.00000,592
219,67,1.355461e-01,37.00000,36.00000,589
219,68,1.321798e-01,49.00000,30.00000,608
219,69,1.334706e-01,53.00000,30.00000,605
219,70,1.320410e-01,46.00000,35.00000,598
219,71,1.351959e-01,44.00000,35.00000,603
220,0,1.329688e-01,44.00000,35.00000,10162
220,1,1.370511e-01,46.00000,36.00000,4076
220,2,1.396832e-01,49.00000,30.00000,703
220,3,1.324341e-01,49.00000,30.00000,669
220,4,1.378530e-01,30.00000,36.00000,639
220,5,1.386545e-01,46.00000,35.00000,665
220,6,1.350227e-01,43.00000,35.00000,620
220,7,1.354356e-01,35.00000,36.00000,796
220,8,1.345689e-01,54.00000,30.00000,657
220,9,1.348113e-01,42.00000,35.00000,777
220,10,1.373609e-01,39.00000,35.00000,5712
220,11,1.353823e-01,52.00000,30.00000,4560
220,12,1.351227e-01,55.00000,30.00000,705
220,13,1.359372e-01,44.00000,36.00000,695
220,14,1.361810e-01,45.00000,35.00000,616
220,15,1.315922e-01,40.00000,40.00000,679
220,16,1.379425e-01,42.00000,35.00000,652
220,17,1.338709e-01,49.00000,30.00000,711
220,18,1.335728e-01,36.00000,35.00000,615
220,19,1.347854e-01,47.00000,35.00000,770
220,20,1.372607e-01,39.00000,36.00000,5710
220,21,1.382958e-01,25.00000,36.00000,7008
220,22,1.346339e-01,48.00000,35.00000,690
220,23,1.370786e-01,44.00000,35.00000,634
220,24,1.305050e-01,55.00000,30.00000,663
220,25,1.324634e-01,53.00000,30.00000,677
220,26,1.335940e-01,49.00000,35.00000,649
220,27,1.336679e-01,50.00000,30.00000,718
220,28,1.377232e-01,44.00000,35.00000,668
220,29,1.321217e-01,49.00000,30.00000,708
220,30,1.342309e-01,50.00000,35.00000,3272
220,31,1.345579e-01,53.00000,30.00000,8124
220,32,1.330141e-01,42.00000,35.00000,692
220,33,1.331984e-01,52.00000,30.00000,689
220,34,1.352344e-01,44.00000,35.00000,606
220,35,1.367471e-01,43.00000,35.00000,720
220,36,1.323128e-01,55.00000,30.00000,649
220,37,1.356191e-01,46.00000,35.00000,626
220,38,1.347419e-01,41.00000,35.00000,665
220,39,1.355359e-01,47.00000,35.00000,671
220,40,1.385288e-01,45.00000,35.00000,699
220,41,1.289660e-01,53.00000,30.00000,9405
220,42,1.348321e-01,45.00000,35.00000,755
220,43,1.313253e-01,52.00000,30.00000,683
220,44,1.385027e-01,36.00000,36.00000,692
220,45,1.392433e-01,54.00000,30.00000,665
220,46,1.339552e-01,39.00000,35.00000,691
220,47,1.349129e-01,41.00000,36.00000,743
220,48,1.330586e-01,49.00000,30.00000,691
220,49,1.348232e-01,47.00000,35.00000,660
220,50,1.371767e-01,35.00000,40.00000,629
220,51,1.449681e-01,25.00000,36.00000,10839
220,52,1.360161e-01,40.00000,35.00000,675
220,53,1.373766e-01,44.00000,35.00000,613
220,54,1.374298e-01,43.00000,36.00000,622
220,55,1.352368e-01,53.00000,30.00000,619
220,56,1.345753e-01,54.00000,30.00000,609
220,57,1.338645e-01,49.00000,30.00000,592
220,58,1.314677e-01,52.00000,30.00000,613
220,59,1.307393e-01,40.00000,35.00000,620
220,60,1.405454e-01,45.00000,35.00000,568
220,61,1.360351e-01,47.00000,35.00000,721
220,62,1.383678e-01,39.00000,36.00000,565
220,63,1.349479e-01,49.00000,35.00000,591
220,64,1.278683e-01,54.00000,30.00000,612
220,65,1.364653e-01,43.00000,35.00000,592
220,66,1.340658e-01,49.00000,30.00000,595
220,67,1.324748e-01,39.00000,36.00000,607
220,68,1.410162e-01,52.00000,35.00000,617
220,69,1.347637e-01,55.00000,30.00000,616
220,70,1.303520e-01,55.00000,30.00000,616
220,71,1.346684e-01,42.00000,35.00000,596
221,0,1.353703e-01,45.00000,35.00000,10608
221,1,1.338919e-01,44.00000,35.00000,638
221,2,1.355264e-01,37.00000,35.00000,736
221,3,1.337837e-01,49.00000,35.00000,676
221,4,1.331911e-01,45.00000,35.00000,650
221,5,1.377125e-01,52.00000,30.00000,667
221,6,1.365922e-01,49.00000,30.00000,641
221,7,1.334914e-01,48.00000,35.00000,666
221,8,1.389708e-01,40.00000,35.00000,629
221,9,1.409542e-01,25.00000,36.00000,652
221,10,1.354692e-01,31.00000,36.00000,11811
221,11,1.360569e-01,40.00000,35.00000,600
221,12,1.343765e-01,44.00000,35.00000,676
221,13,1.380019e-01,53.00000,30.00000,618
221,14,1.331750e-01,43.00000,35.00000,630
221,15,1.346199e-01,44.00000,35.00000,658
221,16,1.327087e-01,44.00000,35.00000,748
221,17,1.386073e-01,53.00000,30.00000,716
221,18,1.348086e-01,55.00000,30.00000,693
221,19,1.298780e-01,49.00000,30.00000,737
221,20,1.349785e-01,52.00000,30.00000,10946
221,21,1.411887e-01,40.00000,40.00000,593
221,22,1.371729e-01,49.00000,30.00000,675
221,23,1.326933e-01,47.00000,35.00000,603
221,24,1.352501e-01,57.00000,30.00000,1196
221,25,1.321072e-01,44.00000,35.00000,686
221,26,1.361187e-01,55.00000,30.00000,656
221,27,1.312178e-01,49.00000,30.00000,661
221,28,1.337687e-01,46.00000,36.00000,699
221,29,1.347052e-01,43.00000,36.00000,648
221,30,1.361043e-01,42.00000,35.00000,10336
221,31,1.343982e-01,51.00000,30.00000,633
221,32,1.275989e-01,59.00000,30.00000,713
221,33,1.334628e-01,42.00000,35.00000,648
221,34,1.332503e-01,53.00000,30.00000,644
221,35,1.315198e-01,53.00000,30.00000,756
221,36,1.317984e-01,56.00000,30.00000,626
221,37,1.302199e-01,47.00000,35.00000,663
221,38,1.323697e-01,44.00000,35.00000,686
221,39,1.340873e-01,38.00000,35.00000,736
221,40,1.358842e-01,53.00000,30.00000,9433
221,41,1.333723e-01,56.00000,30.00000,708
221,42,1.338942e-01,35.00000,36.00000,1121
221,43,1.396656e-01,49.00000,30.00000,659
221,44,1.333705e-01,53.00000,30.00000,631
221,45,1.329014e-01,46.00000,35.00000,681
221,46,1.340415e-01,41.00000,36.00000,691
221,47,1.320125e-01,53.00000,30.00000,678
221,48,1.348577e-01,53.00000,30.00000,738
221,49,1.388250e-01,31.00000,36.00000,657
221,50,1.350888e-01,43.00000,35.00000,11116
221,51,1.385239e-01,45.00000,35.00000,595
221,52,1.390932e-01,49.00000,30.00000,603
221,53,1.436342e-01,43.00000,35.00000,598
221,54,1.412475e-01,35.00000,40.00000,601
221,55,1.375079e-01,35.00000,36.00000,622
221,56,1.404957e-01,45.00000,35.00000,569
221,57,1.391433e-01,36.00000,36.00000,595
221,58,1.407255e-01,40.00000,36.00000,575
221,59,1.364100e-01,57.00000,30.00000,627
221,60,1.365056e-01,43.00000,36.00000,1338
221,61,1.359863e-01,37.00000,35.00000,588
221,62,1.372978e-01,37.00000,36.00000,599
221,63,1.332874e-01,57.00000,30.00000,625
221,64,1.338363e-01,52.00000,30.00000,595
221,65,1.343224e-01,58.00000,30.00000,620
221,66,1.317505e-01,58.00000,30.00000,625
221,67,1.364320e-01,34.00000,36.00000,603
221,68,1.389004e-01,30.00000,36.00000,591
221,69,1.345563e-01,41.00000,35.00000,636
221,70,1.361604e-01,55.00000,30.00000,617
221,71,1.338965e-01,49.00000,30.00000,612
222,0,1.327252e-01,44.00000,35.00000,11873
222,1,1.346104e-01,53.00000,30.00000,1542
222,2,1.300526e-01,54.00000,30.00000,720
222,3,1.337886e-01,36.00000,36.00000,715
222,4,1.382123e-01,43.00000,35.00000,709
222,5,1.336293e-01,49.00000,30.00000,748
222,6,1.345584e-01,40.00000,40.00000,732
222,7,1.363602e-01,41.00000,35.00000,674
222,8,1.340322e-01,59.00000,30.00000,699
222,9,1.291102e-01,50.00000,30.00000,722
222,10,1.332990e-01,45.00000,35.00000,11354
222,11,1.373210e-01,42.00000,35.00000,690
222,12,1.328315e-01,53.00000,30.00000,674
222,13,1.342708e-01,48.00000,35.00000,669
222,14,1.381929e-01,53.00000,30.00000,689
222,15,1.411054e-01,36.00000,40.00000,680
222,16,1.403772e-01,39.00000,36.00000,603
222,17,1.430213e-01,35.00000,36.00000,659
222,18,1.399622e-01,43.00000,35.00000,692
222,19,1.346321e-01,41.00000,35.00000,729
222,20,1.334368e-01,56.00000,30.00000,11410
222,21,1.340688e-01,41.00000,36.00000,664
222,22,1.324231e-01,37.00000,35.00000,693
222,23,1.414443e-01,37.00000,35.00000,710
222,24,1.306442e-01,57.00000,30.00000,685
222,25,1.346243e-01,58.00000,30.00000,697
222,26,1.298857e-01,55.00000,30.00000,2954
222,27,1.302334e-01,57.00000,30.00000,719
222,28,1.333242e-01,49.00000,35.00000,684
222,29,1.354287e-01,58.00000,30.00000,727
222,30,1.365926e-01,49.00000,30.00000,6763
222,31,1.347394e-01,49.00000,30.00000,3264
222,32,1.348314e-01,57.00000,30.00000,692
222,33,1.341828e-01,49.00000,30.00000,660
222,34,1.319845e-01,49.00000,30.00000,694
222,35,1.316832e-01,48.00000,35.00000,734
222,36,1.325258e-01,49.00000,30.00000,698
222,37,1.452578e-01,25.00000,36.00000,726
222,38,1.361856e-01,44.00000,35.00000,703
222,39,1.332841e-01,49.00000,30.00000,652
222,40,1.333980e-01,37.00000,36.00000,7136
222,41,1.311280e-01,47.00000,35.00000,5359
222,42,1.318021e-01,53.00000,30.00000,631
222,43,1.299505e-01,45.00000,35.00000,707
222,44,1.305526e-01,55.00000,30.00000,775
222,45,1.324908e-01,49.00000,30.00000,703
222,46,1.328622e-01,45.00000,35.00000,682
222,47,1.329537e-01,49.00000,30.00000,669
222,48,1.326737e-01,54.00000,30.00000,675
222,49,1.306494e-01,59.00000,30.00000,727
222,50,1.305658e-01,51.00000,30.00000,6633
222,51,1.293816e-01,52.00000,30.00000,2749
222,52,1.325282e-01,54.00000,30.00000,691
222,53,1.285034e-01,53.00000,30.00000,665
222,54,1.422931e-01,42.00000,35.00000,673
222,55,1.316460e-01,58.00000,30.00000,655
222,56,1.299067e-01,54.00000,30.00000,704
222,57,1.315889e-01,49.00000,30.00000,730
222,58,1.314487e-01,53.00000,30.00000,691
222,59,1.323210e-01,58.00000,30.00000,669
222,60,1.363400e-01,40.00000,35.00000,4492
222,61,1.371620e-01,55.00000,30.00000,617
222,62,1.453120e-01,42.00000,36.00000,577
222,63,1.350305e-01,49.00000,35.00000,603
222,64,1.389390e-01,37.00000,36.00000,604
222,65,1.437557e-01,39.00000,36.00000,571
222,66,1.402560e-01,47.00000,36.00000,593
222,67,1.443814e-01,35.00000,36.00000,559
222,68,1.395742e-01,45.00000,35.00000,586
222,69,1.379553e-01,44.00000,35.00000,594
222,70,1.371604e-01,51.00000,30.00000,607
222,71,1.337980e-01,51.00000,30.00000,614
223,0,1.357533e-01,49.00000,30.00000,4680
223,1,1.349177e-01,49.00000,30.00000,4575
223,2,1.371880e-01,41.00000,35.00000,727
223,3,1.349056e-01,41.00000,35.00000,649
223,4,1.363912e-01,39.00000,36.00000,697
223,5,1.332755e-01,53.00000,30.00000,728
223,6,1.322521e-01,57.00000,30.00000,752
223,7,1.324298e-01,38.00000,35.00000,676
223,8,1.317357e-01,49.00000,30.00000,632
223,9,1.323310e-01,44.00000,35.00000,794
223,10,1.336728e-01,40.00000,36.00000,8068
223,11,1.387705e-01,49.00000,30.00000,2110
223,12,1.372798e-01,49.00000,30.00000,1714
223,13,1.432458e-01,39.00000,36.00000,651
223,14,1.347181e-01,45.00000,36.00000,718
223,15,1.364321e-01,49.00000,30.00000,679
223,16,1.328029e-01,55.00000,30.00000,712
223,17,1.321071e-01,53.00000,30.00000,704
223,18,1.286045e-01,55.00000,30.00000,708
223,19,1.308609e-01,53.00000,30.00000,721
223,20,1.424611e-01,38.00000,36.00000,9351
223,21,1.387969e-01,35.00000,36.00000,704
223,22,1.403465e-01,30.00000,36.00000,641
223,23,1.347682e-01,52.00000,30.00000,734
223,24,1.387075e-01,46.00000,35.00000,1087
223,25,1.356294e-01,41.00000,35.00000,650
223,26,1.415468e-01,49.00000,30.00000,659
223,27,1.345818e-01,59.00000,30.00000,768
223,28,1.388797e-01,43.00000,36.00000,644
223,29,1.388394e-01,40.00000,35.00000,682
223,30,1.367031e-01,37.00000,36.00000,9908
223,31,1.342694e-01,38.00000,35.00000,1173
223,32,1.391787e-01,49.00000,30.00000,689
223,33,1.389681e-01,42.00000,35.00000,667
223,34,1.419566e-01,49.00000,30.00000,2974
223,35,1.348339e-01,38.00000,36.00000,673
223,36,1.331323e-01,49.00000,30.00000,686
223,37,1.328314e-01,49.00000,30.00000,690
223,38,1.322596e-01,49.00000,30.00000,716
223,39,1.342784e-01,42.00000,35.00000,693
223,40,1.292540e-01,55.00000,30.00000,7074
223,41,1.292864e-01,53.00000,30.00000,2272
223,42,1.365213e-01,45.00000,35.00000,609
223,43,1.313859e-01,54.00000,30.00000,698
223,44,1.324735e-01,46.00000,35.00000,737
223,45,1.399745e-01,37.00000,36.00000,715
223,46,1.356832e-01,42.00000,35.00000,673
223,47,1.377149e-01,35.00000,36.00000,674
223,48,1.348331e-01,53.00000,30.00000,746
223,49,1.281119e-01,55.00000,30.00000,691
223,50,1.296811e-01,55.00000,30.00000,7262
223,51,1.347880e-01,57.00000,30.00000,2145
223,52,1.396064e-01,46.00000,35.00000,2966
223,53,1.417489e-01,49.00000,30.00000,612
223,54,1.415681e-01,31.00000,36.00000,601
223,55,1.314344e-01,55.00000,30.00000,649
223,56,1.384144e-01,45.00000,35.00000,620
223,57,1.385637e-01,45.00000,35.00000,683
223,58,1.344435e-01,41.00000,36.00000,629
223,59,1.382633e-01,45.00000,35.00000,603
223,60,1.359772e-01,44.00000,35.00000,2958
223,61,1.356163e-01,55.00000,30.00000,1870
223,62,1.334973e-01,53.00000,30.00000,645
223,63,1.383658e-01,42.00000,35.00000,590
223,64,1.323913e-01,49.00000,30.00000,647
223,65,1.365172e-01,43.00000,35.00000,580
223,66,1.322748e-01,53.00000,30.00000,614
223,67,1.314976e-01,52.00000,30.00000,608
223,68,1.337378e-01,49.00000,30.00000,603
223,69,1.303516e-01,53.00000,30.00000,607
223,70,1.425053e-01,30.00000,36.00000,610
223,71,1.384922e-01,41.00000,36.00000,616
224,0,1.324805e-01,45.00000,35.00000,5103
224,1,1.331691e-01,57.00000,30.00000,695
224,2,1.318053e-01,52.00000,30.00000,684
224,3,1.377019e-01,35.00000,36.00000,719
224,4,1.374241e-01,43.00000,35.00000,702
224,5,1.347671e-01,49.00000,30.00000,656
224,6,1.323610e-01,46.00000,35.00000,691
224,7,1.300031e-01,49.00000,30.00000,715
224,8,1.379187e-01,49.00000,30.00000,692
224,9,1.378899e-01,49.00000,30.00000,671
224,10,1.333824e-01,43.00000,35.00000,7598
224,11,1.324093e-01,47.00000,35.00000,784
224,12,1.346195e-01,48.00000,36.00000,620
224,13,1.364225e-01,54.00000,30.00000,704
224,14,1.333064e-01,37.00000,36.00000,706
224,15,1.313650e-01,54.00000,30.00000,723
224,16,1.412328e-01,53.00000,30.00000,703
224,17,1.382344e-01,49.00000,30.00000,696
224,18,1.345728e-01,46.00000,35.00000,688
224,19,1.386096e-01,45.00000,35.00000,650
224,20,1.320253e-01,40.00000,40.00000,10212
224,21,1.333607e-01,51.00000,30.00000,709
224,22,1.348573e-01,46.00000,35.00000,665
224,23,1.322640e-01,49.00000,30.00000,729
224,24,1.356556e-01,49.00000,30.00000,762
224,25,1.351049e-01,43.00000,35.00000,716
224,26,1.366877e-01,45.00000,35.00000,710
224,27,1.349707e-01,53.00000,30.00000,636
224,28,1.329392e-01,43.00000,35.00000,740
224,29,1.370530e-01,52.00000,30.00000,695
224,30,1.366126e-01,41.00000,36.00000,11423
224,31,1.381311e-01,56.00000,30.00000,749
224,32,1.375634e-01,54.00000,30.00000,639
224,33,1.382636e-01,49.00000,30.00000,650
224,34,1.352286e-01,41.00000,36.00000,664
224,35,1.395700e-01,49.00000,30.00000,690
224,36,1.372531e-01,37.00000,36.00000,641
224,37,1.362374e-01,40.00000,35.00000,776
224,38,1.428992e-01,36.00000,36.00000,589
224,39,1.340811e-01,43.00000,35.00000,700
224,40,1.359798e-01,45.00000,35.00000,11610
224,41,1.446876e-01,25.00000,36.00000,645
224,42,1.376987e-01,35.00000,36.00000,642
224,43,1.348516e-01,48.00000,35.00000,647
224,44,1.385637e-01,49.00000,30.00000,732
224,45,1.382995e-01,37.00000,36.00000,684
224,46,1.353791e-01,54.00000,30.00000,641
224,47,1.344001e-01,42.00000,36.00000,654
224,48,1.418323e-01,30.00000,36.00000,666
224,49,1.370113e-01,59.00000,30.00000,715
224,50,1.331540e-01,47.00000,35.00000,10035
224,51,1.371870e-01,53.00000,30.00000,635
224,52,1.341306e-01,53.00000,30.00000,1148
224,53,1.371539e-01,31.00000,36.00000,627
224,54,1.344282e-01,52.00000,30.00000,691
224,55,1.340240e-01,47.00000,35.00000,620
224,56,1.371324e-01,40.00000,35.00000,600
224,57,1.329603e-01,54.00000,30.00000,620
224,58,1.381668e-01,43.00000,35.00000,667
224,59,1.410085e-01,42.00000,36.00000,606
224,60,1.393262e-01,41.00000,35.00000,1908
224,61,1.452625e-01,41.00000,35.00000,559
224,62,1.368990e-01,55.00000,30.00000,616
224,63,1.371116e-01,51.00000,30.00000,598
224,64,1.351646e-01,45.00000,35.00000,602
224,65,1.359226e-01,55.00000,30.00000,616
224,66,1.419458e-01,25.00000,36.00000,597
224,67,1.388108e-01,30.00000,36.00000,617
224,68,1.394929e-01,42.00000,35.00000,619
224,69,1.346823e-01,54.00000,30.00000,612
224,70,1.331347e-01,46.00000,35.00000,609
224,71,1.454945e-01,37.00000,36.00000,569
225,0,1.451982e-01,36.00000,40.00000,8687
225,1,1.396891e-01,43.00000,35.00000,3328
225,2,1.403045e-01,45.00000,35.00000,643
225,3,1.327833e-01,56.00000,30.00000,675
225,4,1.419775e-01,30.00000,36.00000,716
225,5,1.423072e-01,52.00000,30.00000,630
225,6,1.463415e-01,36.00000,36.00000,720
225,7,1.307897e-01,53.00000,30.00000,677
225,8,1.329229e-01,53.00000,30.00000,655
225,9,1.363133e-01,31.00000,36.00000,773
225,10,1.315091e-01,55.00000,30.00000,7302
225,11,1.362213e-01,61.00000,30.00000,5815
225,12,1.338862e-01,47.00000,35.00000,635
225,13,1.328347e-01,52.00000,30.00000,624
225,14,1.382331e-01,49.00000,30.00000,610
225,15,1.386720e-01,43.00000,35.00000,655
225,16,1.353370e-01,43.00000,35.00000,638
225,17,1.377889e-01,40.00000,35.00000,632
225,18,1.380932e-01,42.00000,35.00000,662
225,19,1.371859e-01,42.00000,36.00000,743
225,20,1.412501e-01,37.00000,35.00000,3220
225,21,1.378990e-01,40.00000,36.00000,9565
225,22,1.351178e-01,39.00000,36.00000,690
225,23,1.395850e-01,46.00000,35.00000,648
225,24,1.323732e-01,43.00000,35.00000,662
225,25,1.359389e-01,53.00000,30.00000,614
225,26,1.379665e-01,47.00000,36.00000,637
225,27,1.385001e-01,56.00000,30.00000,707
225,28,1.341832e-01,42.00000,35.00000,690
225,29,1.378707e-01,54.00000,30.00000,607
225,30,1.400035e-01,40.00000,36.00000,643
225,31,1.475019e-01,49.00000,30.00000,11826
225,32,1.395453e-01,35.00000,36.00000,579
225,33,1.402508e-01,43.00000,35.00000,638
225,34,1.339553e-01,49.00000,35.00000,707
225,35,1.433337e-01,31.00000,36.00000,577
225,36,1.384969e-01,49.00000,30.00000,589
225,37,1.317419e-01,48.00000,35.00000,699
225,38,1.428428e-01,37.00000,36.00000,584
225,39,1.432381e-01,38.00000,35.00000,655
225,40,1.379508e-01,36.00000,36.00000,613
225,41,1.383855e-01,48.00000,35.00000,8501
225,42,1.400787e-01,41.00000,35.00000,686
225,43,1.333167e-01,49.00000,30.00000,644
225,44,1.364508e-01,49.00000,30.00000,789
225,45,1.327301e-01,46.00000,35.00000,763
225,46,1.351199e-01,53.00000,30.00000,646
225,47,1.377540e-01,47.00000,35.00000,675
225,48,1.352711e-01,42.00000,36.00000,669
225,49,1.386169e-01,52.00000,30.00000,642
225,50,1.449101e-01,25.00000,36.00000,645
225,51,1.364089e-01,45.00000,35.00000,11441
225,52,1.376227e-01,45.00000,35.00000,656
225,53,1.331961e-01,53.00000,30.00000,654
225,54,1.396749e-01,53.00000,30.00000,625
225,55,1.400776e-01,43.00000,35.00000,616
225,56,1.397346e-01,49.00000,30.00000,667
225,57,1.329453e-01,40.00000,36.00000,654
225,58,1.329146e-01,48.00000,35.00000,603
225,59,1.379871e-01,34.00000,36.00000,636
225,60,1.347769e-01,59.00000,30.00000,662
225,61,1.359705e-01,48.00000,35.00000,1354
225,62,1.448450e-01,36.00000,40.00000,554
225,63,1.372409e-01,47.00000,35.00000,581
225,64,1.340917e-01,54.00000,30.00000,606
225,65,1.398955e-01,52.00000,30.00000,594
225,66,1.376378e-01,48.00000,35.00000,594
225,67,1.355847e-01,47.00000,35.00000,585
225,68,1.357981e-01,45.00000,35.00000,609
225,69,1.379531e-01,53.00000,30.00000,607
225,70,1.336274e-01,47.00000,35.00000,606
225,71,1.413299e-01,43.00000,35.00000,565
226,0,1.402346e-01,43.00000,35.00000,6775
226,1,1.380181e-01,38.00000,36.00000,4150
226,2,1.393614e-01,49.00000,30.00000,681
226,3,1.346361e-01,43.00000,35.00000,718
226,4,1.394607e-01,40.00000,36.00000,701
226,5,1.376662e-01,39.00000,36.00000,667
226,6,1.365462e-01,49.00000,30.00000,680
226,7,1.427561e-01,48.00000,35.00000,683
226,8,1.402273e-01,42.00000,36.00000,606
226,9,1.332080e-01,53.00000,30.00000,703
226,10,1.381996e-01,54.00000,30.00000,5639
226,11,1.381723e-01,35.00000,36.00000,5144
226,12,1.360198e-01,43.00000,35.00000,706
226,13,1.407502e-01,46.00000,35.00000,713
226,14,1.418346e-01,25.00000,36.00000,678
226,15,1.393092e-01,49.00000,30.00000,639
226,16,1.353970e-01,47.00000,35.00000,596
226,17,1.434674e-01,36.00000,36.00000,680
226,18,1.367517e-01,45.00000,35.00000,690
226,19,1.353906e-01,45.00000,35.00000,624
226,20,1.357335e-01,49.00000,35.00000,5150
226,21,1.349408e-01,47.00000,35.00000,4228
226,22,1.406050e-01,39.00000,35.00000,625
226,23,1.358008e-01,47.00000,35.00000,839
226,24,1.339723e-01,54.00000,30.00000,649
226,25,1.378765e-01,54.00000,30.00000,693
226,26,1.304650e-01,49.00000,30.00000,734
226,27,1.397206e-01,40.00000,36.00000,657
226,28,1.337107e-01,49.00000,35.00000,649
226,29,1.348780e-01,54.00000,30.00000,731
226,30,1.407496e-01,38.00000,35.00000,4923
226,31,1.406666e-01,38.00000,35.00000,5172
226,32,1.444329e-01,41.00000,35.00000,608
226,33,1.376245e-01,41.00000,35.00000,718
226,34,1.392438e-01,45.00000,35.00000,647
226,35,1.403069e-01,46.00000,35.00000,689
226,36,1.403744e-01,37.00000,40.00000,635
226,37,1.403105e-01,53.00000,30.00000,689
226,38,1.421027e-01,39.00000,36.00000,650
226,39,1.347502e-01,52.00000,30.00000,667
226,40,1.391406e-01,51.00000,35.00000,7959
226,41,1.456148e-01,37.00000,36.00000,3545
226,42,1.393458e-01,39.00000,36.00000,625
226,43,1.385681e-01,44.00000,35.00000,684
226,44,1.436345e-01,40.00000,36.00000,622
226,45,1.371345e-01,54.00000,30.00000,708
226,46,1.365355e-01,41.00000,36.00000,602
226,47,1.339597e-01,55.00000,30.00000,754
226,48,1.310958e-01,54.00000,30.00000,753
226,49,1.370438e-01,46.00000,35.00000,665
226,50,1.332837e-01,53.00000,30.00000,7308
226,51,1.329928e-01,54.00000,30.00000,5232
226,52,1.356931e-01,56.00000,30.00000,682
226,53,1.383147e-01,40.00000,35.00000,614
226,54,1.340421e-01,45.00000,35.00000,645
226,55,1.338156e-01,44.00000,35.00000,674
226,56,1.358297e-01,40.00000,35.00000,640
226,57,1.347182e-01,52.00000,30.00000,715
226,58,1.387519e-01,41.00000,35.00000,567
226,59,1.393016e-01,42.00000,35.00000,618
226,60,1.357110e-01,57.00000,30.00000,1397
226,61,1.450915e-01,40.00000,35.00000,3965
226,62,1.369052e-01,49.00000,30.00000,604
226,63,1.384383e-01,37.00000,40.00000,586
226,64,1.350382e-01,30.00000,36.00000,629
226,65,1.424116e-01,55.00000,30.00000,615
226,66,1.372400e-01,49.00000,35.00000,614
226,67,1.352416e-01,50.00000,35.00000,606
226,68,1.488281e-01,30.00000,36.00000,560
226,69,1.406437e-01,45.00000,35.00000,573
226,70,1.426149e-01,36.00000,36.00000,585
226,71,1.391390e-01,38.00000,36.00000,582
227,0,1.378846e-01,37.00000,35.00000,2724
227,1,1.395995e-01,45.00000,35.00000,627
227,2,1.385637e-01,49.00000,30.00000,637
227,3,1.403677e-01,47.00000,35.00000,649
227,4,1.357123e-01,37.00000,36.00000,674
227,5,1.411800e-01,49.00000,30.00000,778
227,6,1.411335e-01,43.00000,35.00000,662
227,7,1.392439e-01,38.00000,35.00000,726
227,8,1.363246e-01,53.00000,30.00000,721
227,9,1.370328e-01,43.00000,36.00000,637
227,10,1.370007e-01,44.00000,35.00000,6232
227,11,1.367030e-01,53.00000,30.00000,619
227,12,1.335387e-01,59.00000,30.00000,727
227,13,1.370752e-01,43.00000,35.00000,680
227,14,1.331209e-01,46.00000,35.00000,765
227,15,1.350240e-01,49.00000,30.00000,700
227,16,1.324656e-01,55.00000,30.00000,730
227,17,1.339085e-01,47.00000,35.00000,767
227,18,1.331249e-01,55.00000,30.00000,632
227,19,1.301965e-01,54.00000,30.00000,705
227,20,1.448644e-01,49.00000,35.00000,5536
227,21,1.424718e-01,43.00000,36.00000,3676
227,22,1.390462e-01,46.00000,35.00000,683
227,23,1.419353e-01,35.00000,36.00000,626
227,24,1.406644e-01,40.00000,36.00000,602
227,25,1.398306e-01,40.00000,36.00000,690
227,26,1.375906e-01,48.00000,35.00000,628
227,27,1.345348e-01,43.00000,35.00000,650
227,28,1.386919e-01,55.00000,30.00000,744
227,29,1.328617e-01,60.00000,30.00000,702
227,30,1.358003e-01,53.00000,30.00000,10367
227,31,1.374744e-01,42.00000,36.00000,1611
227,32,1.395222e-01,53.00000,30.00000,657
227,33,1.347186e-01,49.00000,35.00000,639
227,34,1.355017e-01,49.00000,30.00000,706
227,35,1.362058e-01,49.00000,35.00000,769
227,36,1.401310e-01,41.00000,36.00000,601
227,37,1.426421e-01,45.00000,35.00000,613
227,38,1.426800e-01,39.00000,36.00000,703
227,39,1.346748e-01,43.00000,35.00000,750
227,40,1.400574e-01,36.00000,36.00000,7475
227,41,1.430433e-01,30.00000,36.00000,3167
227,42,1.347769e-01,58.00000,30.00000,669
227,43,1.360554e-01,45.00000,36.00000,697
227,44,1.374976e-01,57.00000,30.00000,760
227,45,1.466999e-01,36.00000,36.00000,604
227,46,1.428860e-01,31.00000,36.00000,684
227,47,1.378394e-01,42.00000,35.00000,675
227,48,1.338785e-01,55.00000,30.00000,649
227,49,1.398825e-01,44.00000,35.00000,728
227,50,1.438620e-01,43.00000,35.00000,11683
227,51,1.413279e-01,36.00000,35.00000,577
227,52,1.366528e-01,44.00000,35.00000,629
227,53,1.329874e-01,57.00000,30.00000,646
227,54,1.318684e-01,54.00000,30.00000,616
227,55,1.443560e-01,42.00000,35.00000,619
227,56,1.377209e-01,43.00000,35.00000,604
227,57,1.400658e-01,31.00000,36.00000,619
227,58,1.356823e-01,46.00000,35.00000,618
227,59,1.341252e-01,53.00000,30.00000,651
227,60,1.368450e-01,53.00000,30.00000,2579
227,61,1.381996e-01,43.00000,35.00000,615
227,62,1.391732e-01,41.00000,35.00000,593
227,63,1.404786e-01,37.00000,35.00000,582
227,64,1.374706e-01,38.00000,35.00000,613
227,65,1.349367e-01,49.00000,30.00000,596
227,66,1.350999e-01,52.00000,30.00000,600
227,67,1.343327e-01,43.00000,35.00000,608
227,68,1.393627e-01,42.00000,35.00000,574
227,69,1.381175e-01,58.00000,30.00000,620
227,70,1.443834e-01,42.00000,36.00000,561
227,71,1.514142e-01,37.00000,36.00000,558
228,0,1.346740e-01,49.00000,30.00000,14334
228,1,1.340007e-01,49.00000,30.00000,959
228,2,1.422249e-01,39.00000,36.00000,722
228,3,1.292765e-01,55.00000,30.00000,657
228,4,1.344874e-01,57.00000,30.00000,643
228,5,1.406676e-01,40.00000,36.00000,731
228,6,1.452689e-01,47.00000,35.00000,671
228,7,1.372540e-01,54.00000,30.00000,634
228,8,1.382263e-01,34.00000,36.00000,655
228,9,1.438243e-01,38.00000,40.00000,685
228,10,1.437870e-01,47.00000,36.00000,7902
228,11,1.331896e-01,46.00000,35.00000,2411
228,12,1.365828e-01,49.00000,35.00000,1476
228,13,1.338081e-01,46.00000,35.00000,658
228,14,1.352184e-01,49.00000,30.00000,672
228,15,1.388329e-01,58.00000,30.00000,663
228,16,1.388684e-01,48.00000,35.00000,688
228,17,1.355763e-01,54.00000,30.00000,671
228,18,1.334275e-01,53.00000,30.00000,664
228,19,1.349061e-01,49.00000,30.00000,723
228,20,1.400261e-01,44.00000,35.00000,3959
228,21,1.386106e-01,41.00000,36.00000,5832
228,22,1.398083e-01,51.00000,30.00000,2498
228,23,1.326080e-01,55.00000,30.00000,751
228,24,1.362143e-01,43.00000,35.00000,1318
228,25,1.356663e-01,45.00000,35.00000,642
228,26,1.331437e-01,49.00000,30.00000,641
228,27,1.347553e-01,53.00000,30.00000,725
228,28,1.370220e-01,44.00000,35.00000,761
228,29,1.384734e-01,42.00000,35.00000,608
228,30,1.359629e-01,54.00000,30.00000,2295
228,31,1.391718e-01,42.00000,36.00000,8582
228,32,1.368844e-01,44.00000,35.00000,691
228,33,1.344884e-01,46.00000,35.00000,726
228,34,1.413222e-01,41.00000,35.00000,1761
228,35,1.357061e-01,52.00000,30.00000,651
228,36,1.400300e-01,55.00000,30.00000,681
228,37,1.370088e-01,42.00000,35.00000,625
228,38,1.358835e-01,55.00000,30.00000,667
228,39,1.361099e-01,39.00000,35.00000,690
228,40,1.364023e-01,39.00000,35.00000,662
228,41,1.297018e-01,54.00000,30.00000,3392
228,42,1.364517e-01,31.00000,36.00000,2184
228,43,1.344277e-01,49.00000,30.00000,3050
228,44,1.341422e-01,49.00000,30.00000,4238
228,45,1.304306e-01,54.00000,30.00000,686
228,46,1.351427e-01,40.00000,35.00000,705
228,47,1.322773e-01,57.00000,30.00000,722
228,48,1.349511e-01,49.00000,30.00000,642
228,49,1.361600e-01,54.00000,30.00000,649
228,50,1.322402e-01,53.00000,30.00000,732
228,51,1.428889e-01,42.00000,35.00000,4632
228,52,1.475550e-01,37.00000,36.00000,2606
228,53,1.385952e-01,40.00000,35.00000,720
228,54,1.362765e-01,49.00000,30.00000,4788
228,55,1.386308e-01,52.00000,30.00000,620
228,56,1.378181e-01,52.00000,30.00000,608
228,57,1.408229e-01,38.00000,36.00000,617
228,58,1.371443e-01,53.00000,30.00000,606
228,59,1.344967e-01,38.00000,36.00000,620
228,60,1.397237e-01,48.00000,35.00000,611
228,61,1.418806e-01,45.00000,35.00000,960
228,62,1.374519e-01,49.00000,30.00000,615
228,63,1.350478e-01,57.00000,30.00000,625
228,64,1.351570e-01,39.00000,36.00000,681
228,65,1.430804e-01,47.00000,35.00000,581
228,66,1.384943e-01,49.00000,30.00000,586
228,67,1.361761e-01,43.00000,35.00000,606
228,68,1.354567e-01,55.00000,30.00000,615
228,69,1.425232e-01,37.00000,36.00000,580
228,70,1.325136e-01,53.00000,30.00000,632
228,71,1.405639e-01,31.00000,36.00000,615
229,0,1.436622e-01,40.00000,35.00000,7880
229,1,1.363361e-01,37.00000,36.00000,1982
229,2,1.440996e-01,55.00000,30.00000,713
229,3,1.304304e-01,58.00000,30.00000,718
229,4,1.375371e-01,53.00000,30.00000,675
229,5,1.390783e-01,42.00000,36.00000,706
229,6,1.318175e-01,58.00000,30.00000,644
229,7,1.443765e-01,44.00000,35.00000,623
229,8,1.396199e-01,37.00000,40.00000,714
229,9,1.332987e-01,53.00000,30.00000,737
229,10,1.393304e-01,45.00000,35.00000,7495
229,11,1.337699e-01,53.00000,30.00000,3696
229,12,1.386804e-01,49.00000,30.00000,808
229,13,1.399044e-01,39.00000,40.00000,641
229,14,1.342683e-01,59.00000,30.00000,750
229,15,1.367368e-01,47.00000,35.00000,745
229,16,1.368152e-01,48.00000,35.00000,654
229,17,1.381032e-01,44.00000,35.00000,656
229,18,1.399304e-01,42.00000,35.00000,688
229,19,1.409978e-01,35.00000,36.00000,721
229,20,1.347090e-01,48.00000,35.00000,9153
229,21,1.381402e-01,39.00000,35.00000,1553
229,22,1.392808e-01,45.00000,35.00000,612
229,23,1.392795e-01,40.00000,35.00000,728
229,24,1.331858e-01,49.00000,35.00000,702
229,25,1.361442e-01,53.00000,30.00000,675
229,26,1.450455e-01,43.00000,36.00000,739
229,27,1.375529e-01,40.00000,36.00000,598
229,28,1.401485e-01,42.00000,35.00000,685
229,29,1.370935e-01,53.00000,30.00000,636
229,30,1.355216e-01,55.00000,30.00000,6711
229,31,1.372998e-01,53.00000,30.00000,3964
229,32,1.371733e-01,46.00000,35.00000,721
229,33,1.355377e-01,49.00000,30.00000,768
229,34,1.367156e-01,54.00000,30.00000,616
229,35,1.343316e-01,50.00000,35.00000,707
229,36,1.401086e-01,43.00000,36.00000,737
229,37,1.374758e-01,44.00000,35.00000,689
229,38,1.365689e-01,53.00000,30.00000,622
229,39,1.331699e-01,47.00000,35.00000,784
229,40,1.371692e-01,49.00000,30.00000,6066
229,41,1.358105e-01,41.00000,35.00000,5988
229,42,1.350970e-01,51.00000,30.00000,687
229,43,1.359699e-01,45.00000,35.00000,638
229,44,1.374589e-01,39.00000,35.00000,744
229,45,1.337328e-01,49.00000,35.00000,626
229,46,1.407923e-01,42.00000,35.00000,699
229,47,1.410611e-01,42.00000,35.00000,628
229,48,1.385885e-01,56.00000,30.00000,679
229,49,1.369663e-01,52.00000,30.00000,669
229,50,1.414544e-01,38.00000,35.00000,1673
229,51,1.358849e-01,45.00000,35.00000,7055
229,52,1.379552e-01,54.00000,30.00000,654
229,53,1.462291e-01,25.00000,36.00000,667
229,54,1.367253e-01,59.00000,30.00000,718
229,55,1.381508e-01,57.00000,30.00000,671
229,56,1.458110e-01,35.00000,36.00000,568
229,57,1.357514e-01,49.00000,30.00000,672
229,58,1.447711e-01,40.00000,35.00000,617
229,59,1.389245e-01,37.00000,40.00000,713
229,60,1.408678e-01,37.00000,36.00000,2893
229,61,1.368004e-01,43.00000,35.00000,632
229,62,1.409035e-01,44.00000,35.00000,589
229,63,1.367816e-01,54.00000,30.00000,605
229,64,1.453184e-01,47.00000,35.00000,583
229,65,1.423873e-01,42.00000,35.00000,593
229,66,1.378583e-01,46.00000,35.00000,617
229,67,1.418538e-01,41.00000,36.00000,577
229,68,1.439362e-01,40.00000,36.00000,559
229,69,1.387879e-01,44.00000,35.00000,617
229,70,1.410140e-01,39.00000,36.00000,575
229,71,1.318226e-01,54.00000,30.00000,620
230,0,1.380973e-01,53.00000,30.00000,9694
230,1,1.345988e-01,49.00000,30.00000,744
230,2,1.404535e-01,41.00000,35.00000,693
230,3,1.383586e-01,40.00000,35.00000,640
230,4,1.376513e-01,42.00000,35.00000,701
230,5,1.382513e-01,46.00000,35.00000,669
230,6,1.391272e-01,49.00000,30.00000,722
230,7,1.372557e-01,35.00000,36.00000,843
230,8,1.397216e-01,43.00000,35.00000,611
230,9,1.349948e-01,49.00000,30.00000,686
230,10,1.478323e-01,38.00000,40.00000,9545
230,11,1.440973e-01,55.00000,30.00000,662
230,12,1.445421e-01,31.00000,36.00000,607
230,13,1.355835e-01,57.00000,30.00000,726
230,14,1.371081e-01,45.00000,35.00000,693
230,15,1.366663e-01,46.00000,35.00000,741
230,16,1.407271e-01,49.00000,35.00000,684
230,17,1.377540e-01,36.00000,36.00000,645
230,18,1.413799e-01,40.00000,35.00000,656
230,19,1.429228e-01,45.00000,35.00000,602
230,20,1.396502e-01,41.00000,40.00000,7719
230,21,1.335652e-01,58.00000,30.00000,692
230,22,1.389558e-01,53.00000,30.00000,607
230,23,1.364684e-01,53.00000,30.00000,673
230,24,1.384957e-01,46.00000,35.00000,688
230,25,1.395141e-01,48.00000,35.00000,654
230,26,1.357959e-01,58.00000,30.00000,669
230,27,1.389506e-01,43.00000,36.00000,635
230,28,1.328735e-01,46.00000,35.00000,737
230,29,1.372449e-01,41.00000,35.00000,599
230,30,1.349457e-01,48.00000,35.00000,8313
230,31,1.366827e-01,57.00000,30.00000,663
230,32,1.366022e-01,45.00000,35.00000,634
230,33,1.386993e-01,49.00000,30.00000,675
230,34,1.390474e-01,38.00000,36.00000,604
230,35,1.359075e-01,58.00000,30.00000,706
230,36,1.381139e-01,30.00000,36.00000,705
230,37,1.391345e-01,43.00000,35.00000,693
230,38,1.401211e-01,52.00000,30.00000,653
230,39,1.394514e-01,43.00000,35.00000,701
230,40,1.430979e-01,53.00000,30.00000,7018
230,41,1.340535e-01,49.00000,30.00000,656
230,42,1.329970e-01,54.00000,30.00000,701
230,43,1.334760e-01,53.00000,30.00000,643
230,44,1.331003e-01,53.00000,30.00000,682
230,45,1.367996e-01,44.00000,35.00000,761
230,46,1.376785e-01,46.00000,35.00000,640
230,47,1.387744e-01,36.00000,36.00000,715
230,48,1.356192e-01,49.00000,30.00000,624
230,49,1.361463e-01,51.00000,30.00000,680
230,50,1.404478e-01,39.00000,35.00000,5413
230,51,1.364604e-01,42.00000,35.00000,620
230,52,1.395885e-01,43.00000,35.00000,670
230,53,1.363081e-01,48.00000,35.00000,648
230,54,1.347098e-01,49.00000,30.00000,663
230,55,1.364258e-01,53.00000,30.00000,667
230,56,1.372083e-01,49.00000,30.00000,605
230,57,1.327610e-01,55.00000,30.00000,639
230,58,1.342399e-01,58.00000,30.00000,625
230,59,1.372969e-01,56.00000,30.00000,610
230,60,1.376505e-01,41.00000,35.00000,1482
230,61,1.341631e-01,51.00000,35.00000,624
230,62,1.351929e-01,49.00000,30.00000,594
230,63,1.367790e-01,46.00000,35.00000,594
230,64,1.388848e-01,44.00000,35.00000,599
230,65,1.365595e-01,49.00000,30.00000,595
230,66,1.347738e-01,53.00000,30.00000,607
230,67,1.383919e-01,45.00000,35.00000,626
230,68,1.351056e-01,55.00000,30.00000,616
230,69,1.356633e-01,43.00000,35.00000,618
230,70,1.366051e-01,53.00000,30.00000,621
230,71,1.318232e-01,58.00000,30.00000,621
231,0,1.320502e-01,56.00000,30.00000,14300
231,1,1.413625e-01,46.00000,35.00000,2522
231,2,1.323409e-01,55.00000,30.00000,754
231,3,1.332064e-01,49.00000,30.00000,644
231,4,1.370526e-01,45.00000,35.00000,694
231,5,1.349830e-01,49.00000,30.00000,739
231,6,1.376271e-01,47.00000,36.00000,734
231,7,1.325955e-01,52.00000,30.00000,683
231,8,1.341612e-01,59.00000,30.00000,682
231,9,1.377085e-01,46.00000,35.00000,758
231,10,1.401064e-01,55.00000,30.00000,9600
231,11,1.383952e-01,39.00000,35.00000,721
231,12,1.385814e-01,42.00000,36.00000,1125
231,13,1.429354e-01,49.00000,30.00000,670
231,14,1.455220e-01,35.00000,36.00000,608
231,15,1.381768e-01,42.00000,35.00000,635
231,16,1.382810e-01,31.00000,36.00000,2290
231,17,1.485445e-01,25.00000,36.00000,705
231,18,1.456938e-01,41.00000,36.00000,607
231,19,1.443483e-01,49.00000,30.00000,782
231,20,1.380458e-01,48.00000,35.00000,9925
231,21,1.399636e-01,41.00000,35.00000,590
231,22,1.412998e-01,50.00000,35.00000,1929
231,23,1.404237e-01,48.00000,35.00000,628
231,24,1.423378e-01,44.00000,35.00000,648
231,25,1.376061e-01,45.00000,35.00000,686
231,26,1.386323e-01,44.00000,35.00000,687
231,27,1.410617e-01,34.00000,36.00000,694
231,28,1.398507e-01,53.00000,30.00000,758
231,29,1.368676e-01,41.00000,35.00000,727
231,30,1.442867e-01,49.00000,30.00000,9101
231,31,1.404317e-01,37.00000,36.00000,663
231,32,1.375321e-01,55.00000,30.00000,3184
231,33,1.350883e-01,36.00000,40.00000,710
231,34,1.379233e-01,42.00000,35.00000,633
231,35,1.370284e-01,37.00000,40.00000,632
231,36,1.358074e-01,58.00000,30.00000,660
231,37,1.439156e-01,40.00000,35.00000,669
231,38,1.418846e-01,45.00000,35.00000,634
231,39,1.419435e-01,44.00000,35.00000,602
231,40,1.424368e-01,44.00000,35.00000,9993
231,41,1.417095e-01,46.00000,35.00000,585
231,42,1.430540e-01,44.00000,36.00000,1969
231,43,1.430308e-01,44.00000,35.00000,619
231,44,1.432539e-01,35.00000,36.00000,627
231,45,1.427383e-01,49.00000,35.00000,606
231,46,1.437924e-01,40.00000,36.00000,637
231,47,1.420779e-01,35.00000,36.00000,612
231,48,1.436162e-01,36.00000,40.00000,681
231,49,1.444838e-01,46.00000,35.00000,731
231,50,1.472892e-01,36.00000,36.00000,9616
231,51,1.417535e-01,46.00000,35.00000,650
231,52,1.432713e-01,40.00000,36.00000,1477
231,53,1.475233e-01,37.00000,35.00000,562
231,54,1.412661e-01,40.00000,36.00000,592
231,55,1.458272e-01,39.00000,36.00000,586
231,56,1.393460e-01,42.00000,35.00000,598
231,57,1.394531e-01,44.00000,35.00000,609
231,58,1.381540e-01,50.00000,35.00000,606
231,59,1.391359e-01,54.00000,30.00000,604
231,60,1.384304e-01,43.00000,36.00000,1030
231,61,1.443709e-01,30.00000,36.00000,604
231,62,1.429429e-01,53.00000,30.00000,605
231,63,1.422175e-01,43.00000,36.00000,591
231,64,1.379826e-01,47.00000,35.00000,597
231,65,1.381194e-01,35.00000,36.00000,634
231,66,1.398434e-01,53.00000,30.00000,607
231,67,1.393408e-01,49.00000,35.00000,602
231,68,1.347212e-01,49.00000,30.00000,613
231,69,1.463162e-01,53.00000,30.00000,605
231,70,1.391738e-01,43.00000,36.00000,602
231,71,1.468734e-01,42.00000,36.00000,564
232,0,1.364852e-01,41.00000,35.00000,11918
232,1,1.403482e-01,37.00000,35.00000,3542
232,2,1.422912e-01,43.00000,35.00000,671
232,3,1.394072e-01,46.00000,35.00000,649
232,4,1.347230e-01,45.00000,35.00000,779
232,5,1.357846e-01,48.00000,35.00000,676
232,6,1.354257e-01,54.00000,30.00000,643
232,7,1.372793e-01,59.00000,30.00000,779
232,8,1.371582e-01,47.00000,35.00000,675
232,9,1.356486e-01,53.00000,30.00000,690
232,10,1.383114e-01,44.00000,36.00000,7879
232,11,1.368381e-01,55.00000,30.00000,2937
232,12,1.368533e-01,55.00000,30.00000,714
232,13,1.383323e-01,45.00000,35.00000,631
232,14,1.326095e-01,47.00000,35.00000,716
232,15,1.377461e-01,46.00000,35.00000,614
232,16,1.397653e-01,35.00000,36.00000,709
232,17,1.394378e-01,49.00000,30.00000,666
232,18,1.418409e-01,45.00000,35.00000,670
232,19,1.379946e-01,54.00000,30.00000,676
232,20,1.388361e-01,40.00000,36.00000,6515
232,21,1.366935e-01,56.00000,30.00000,4203
232,22,1.425078e-01,36.00000,40.00000,680
232,23,1.348419e-01,43.00000,35.00000,723
232,24,1.359073e-01,44.00000,35.00000,649
232,25,1.378897e-01,54.00000,30.00000,721
232,26,1.425536e-01,51.00000,35.00000,622
232,27,1.424297e-01,36.00000,35.00000,699
232,28,1.325067e-01,54.00000,30.00000,696
232,29,1.412052e-01,45.00000,35.00000,614
232,30,1.353244e-01,52.00000,30.00000,3878
232,31,1.333234e-01,58.00000,30.00000,7095
232,32,1.366800e-01,59.00000,30.00000,725
232,33,1.338891e-01,51.00000,35.00000,728
232,34,1.358611e-01,49.00000,30.00000,1006
232,35,1.345376e-01,53.00000,30.00000,759
232,36,1.397804e-01,48.00000,35.00000,692
232,37,1.363017e-01,48.00000,35.00000,725
232,38,1.365746e-01,42.00000,35.00000,614
232,39,1.368572e-01,53.00000,30.00000,656
232,40,1.405760e-01,40.00000,35.00000,2537
232,41,1.381693e-01,48.00000,35.00000,8593
232,42,1.352961e-01,49.00000,30.00000,660
232,43,1.381194e-01,47.00000,36.00000,710
232,44,1.333851e-01,49.00000,30.00000,1916
232,45,1.396609e-01,45.00000,35.00000,637
232,46,1.355537e-01,49.00000,30.00000,742
232,47,1.346294e-01,49.00000,30.00000,763
232,48,1.345852e-01,52.00000,30.00000,701
232,49,1.367646e-01,51.00000,30.00000,681
232,50,1.347851e-01,57.00000,30.00000,679
232,51,1.420557e-01,49.00000,30.00000,8981
232,52,1.383675e-01,48.00000,35.00000,669
232,53,1.379950e-01,47.00000,35.00000,1652
232,54,1.390854e-01,35.00000,36.00000,694
232,55,1.373828e-01,49.00000,35.00000,604
232,56,1.413509e-01,31.00000,36.00000,596
232,57,1.468749e-01,35.00000,36.00000,607
232,58,1.389309e-01,49.00000,30.00000,597
232,59,1.400441e-01,51.00000,30.00000,598
232,60,1.439530e-01,52.00000,30.00000,593
232,61,1.441689e-01,43.00000,35.00000,841
232,62,1.393388e-01,52.00000,30.00000,594
232,63,1.421604e-01,43.00000,35.00000,624
232,64,1.344975e-01,48.00000,35.00000,623
232,65,1.393120e-01,51.00000,30.00000,595
232,66,1.367415e-01,37.00000,36.00000,611
232,67,1.379761e-01,49.00000,30.00000,595
232,68,1.414917e-01,49.00000,30.00000,586
232,69,1.369300e-01,57.00000,30.00000,626
232,70,1.398799e-01,41.00000,36.00000,597
232,71,1.345617e-01,54.00000,30.00000,606
233,0,1.399436e-01,53.00000,30.00000,12102
233,1,1.358363e-01,50.00000,35.00000,634
233,2,1.373712e-01,53.00000,30.00000,683
233,3,1.413085e-01,40.00000,36.00000,667
233,4,1.350114e-01,49.00000,30.00000,789
233,5,1.335554e-01,54.00000,30.00000,676
233,6,1.440256e-01,25.00000,36.00000,658
233,7,1.443484e-01,49.00000,30.00000,662
233,8,1.401434e-01,47.00000,35.00000,616
233,9,1.367450e-01,57.00000,30.00000,764
233,10,1.406139e-01,49.00000,30.00000,7671
233,11,1.362242e-01,45.00000,35.00000,678
233,12,1.419336e-01,49.00000,30.00000,811
233,13,1.327699e-01,53.00000,30.00000,746
233,14,1.369740e-01,45.00000,35.00000,647
233,15,1.418020e-01,37.00000,36.00000,716
233,16,1.333485e-01,57.00000,30.00000,737
233,17,1.322047e-01,55.00000,30.00000,644
233,18,1.413021e-01,49.00000,30.00000,692
233,19,1.364922e-01,48.00000,35.00000,791
233,20,1.415385e-01,53.00000,30.00000,5593
233,21,1.378743e-01,54.00000,30.00000,671
233,22,1.411090e-01,41.00000,35.00000,649
233,23,1.355770e-01,49.00000,30.00000,680
233,24,1.356875e-01,47.00000,35.00000,708
233,25,1.388092e-01,39.00000,36.00000,1126
233,26,1.426365e-01,41.00000,35.00000,639
233,27,1.358218e-01,49.00000,30.00000,682
233,28,1.357639e-01,49.00000,30.00000,666
233,29,1.371682e-01,52.00000,30.00000,728
233,30,1.415166e-01,57.00000,30.00000,3592
233,31,1.414976e-01,36.00000,36.00000,641
233,32,1.521843e-01,25.00000,36.00000,674
233,33,1.456606e-01,37.00000,36.00000,3634
233,34,1.440036e-01,34.00000,36.00000,746
233,35,1.411082e-01,55.00000,30.00000,644
233,36,1.426034e-01,46.00000,35.00000,650
233,37,1.419405e-01,47.00000,35.00000,704
233,38,1.454897e-01,34.00000,36.00000,609
233,39,1.411032e-01,47.00000,35.00000,682
233,40,1.366466e-01,54.00000,30.00000,662
233,41,1.374742e-01,54.00000,30.00000,1440
233,42,1.336571e-01,53.00000,30.00000,1545
233,43,1.357563e-01,49.00000,30.00000,3037
233,44,1.366651e-01,54.00000,30.00000,651
233,45,1.352705e-01,48.00000,35.00000,641
233,46,1.356002e-01,55.00000,30.00000,681
233,47,1.411632e-01,42.00000,35.00000,676
233,48,1.370951e-01,46.00000,35.00000,701
233,49,1.407903e-01,42.00000,35.00000,671
233,50,1.374235e-01,49.00000,30.00000,618
233,51,1.344168e-01,52.00000,30.00000,1548
233,52,1.342021e-01,49.00000,30.00000,712
233,53,1.374413e-01,52.00000,30.00000,1303
233,54,1.412404e-01,37.00000,35.00000,719
233,55,1.386497e-01,49.00000,35.00000,2248
233,56,1.373169e-01,51.00000,30.00000,729
233,57,1.363860e-01,47.00000,35.00000,630
233,58,1.385425e-01,45.00000,35.00000,670
233,59,1.345285e-01,53.00000,30.00000,682
233,60,1.370543e-01,57.00000,30.00000,627
233,61,1.369093e-01,49.00000,30.00000,2153
233,62,1.430104e-01,31.00000,36.00000,591
233,63,1.340917e-01,51.00000,35.00000,605
233,64,1.385041e-01,53.00000,30.00000,606
233,65,1.408175e-01,49.00000,30.00000,598
233,66,1.381222e-01,45.00000,35.00000,608
233,67,1.418545e-01,42.00000,35.00000,597
233,68,1.386409e-01,54.00000,30.00000,603
233,69,1.364981e-01,39.00000,36.00000,619
233,70,1.361508e-01,49.00000,30.00000,602
233,71,1.352307e-01,49.00000,30.00000,610
234,0,1.374473e-01,45.00000,35.00000,4036
234,1,1.396784e-01,48.00000,35.00000,678
234,2,1.472025e-01,30.00000,36.00000,731
234,3,1.360350e-01,52.00000,30.00000,705
234,4,1.365435e-01,41.00000,35.00000,752
234,5,1.366905e-01,53.00000,30.00000,712
234,6,1.403791e-01,49.00000,30.00000,632
234,7,1.420358e-01,53.00000,30.00000,729
234,8,1.388828e-01,46.00000,35.00000,800
234,9,1.418278e-01,31.00000,36.00000,663
234,10,1.365908e-01,52.00000,30.00000,5961
234,11,1.442858e-01,31.00000,36.00000,606
234,12,1.393837e-01,37.00000,36.00000,729
234,13,1.391490e-01,43.00000,36.00000,672
234,14,1.383028e-01,35.00000,36.00000,743
234,15,1.416140e-01,55.00000,30.00000,640
234,16,1.442978e-01,49.00000,30.00000,674
234,17,1.411965e-01,57.00000,30.00000,647
234,18,1.386932e-01,35.00000,36.00000,739
234,19,1.410730e-01,53.00000,30.00000,699
234,20,1.457075e-01,48.00000,35.00000,7580
234,21,1.489802e-01,30.00000,36.00000,587
234,22,1.398615e-01,52.00000,30.00000,676
234,23,1.386441e-01,34.00000,40.00000,614
234,24,1.443851e-01,45.00000,36.00000,694
234,25,1.361020e-01,53.00000,30.00000,676
234,26,1.354651e-01,49.00000,36.00000,630
234,27,1.404148e-01,44.00000,35.00000,731
234,28,1.414537e-01,46.00000,35.00000,663
234,29,1.354108e-01,56.00000,30.00000,750
234,30,1.471121e-01,36.00000,36.00000,8250
234,31,1.424037e-01,45.00000,35.00000,661
234,32,1.482941e-01,37.00000,40.00000,568
234,33,1.423001e-01,37.00000,36.00000,674
234,34,1.425432e-01,54.00000,30.00000,690
234,35,1.381629e-01,55.00000,30.00000,636
234,36,1.385902e-01,58.00000,30.00000,718
234,37,1.366010e-01,53.00000,30.00000,717
234,38,1.338829e-01,41.00000,36.00000,816
234,39,1.456553e-01,57.00000,30.00000,677
234,40,1.407182e-01,42.00000,35.00000,7634
234,41,1.421671e-01,53.00000,30.00000,714
234,42,1.357898e-01,60.00000,30.00000,704
234,43,1.429876e-01,37.00000,36.00000,623
234,44,1.449009e-01,31.00000,36.00000,642
234,45,1.422658e-01,36.00000,36.00000,709
234,46,1.404855e-01,45.00000,35.00000,683
234,47,1.446784e-01,41.00000,36.00000,611
234,48,1.458912e-01,44.00000,35.00000,717
234,49,1.426702e-01,43.00000,35.00000,604
234,50,1.412117e-01,42.00000,36.00000,9753
234,51,1.410018e-01,54.00000,30.00000,638
234,52,1.405050e-01,45.00000,35.00000,650
234,53,1.391327e-01,57.00000,30.00000,649
234,54,1.500897e-01,37.00000,36.00000,592
234,55,1.401812e-01,49.00000,30.00000,606
234,56,1.431018e-01,36.00000,35.00000,610
234,57,1.436945e-01,47.00000,35.00000,595
234,58,1.416668e-01,36.00000,36.00000,633
234,59,1.376705e-01,40.00000,36.00000,674
234,60,1.425741e-01,54.00000,30.00000,2185
234,61,1.472574e-01,31.00000,36.00000,592
234,62,1.430123e-01,54.00000,30.00000,604
234,63,1.384654e-01,37.00000,36.00000,626
234,64,1.376368e-01,45.00000,35.00000,614
234,65,1.424119e-01,38.00000,35.00000,583
234,66,1.397053e-01,53.00000,30.00000,606
234,67,1.360849e-01,53.00000,30.00000,606
234,68,1.468946e-01,42.00000,36.00000,615
234,69,1.378286e-01,37.00000,35.00000,606
234,70,1.448902e-01,38.00000,35.00000,560
234,71,1.382167e-01,49.00000,30.00000,603
235,0,1.451963e-01,40.00000,35.00000,10571
235,1,1.389837e-01,53.00000,30.00000,687
235,2,1.385846e-01,37.00000,36.00000,681
235,3,1.456853e-01,38.00000,35.00000,623
235,4,1.423551e-01,38.00000,35.00000,681
235,5,1.427124e-01,31.00000,36.00000,656
235,6,1.378786e-01,49.00000,30.00000,728
235,7,1.384756e-01,57.00000,30.00000,702
235,8,1.398487e-01,42.00000,35.00000,723
235,9,1.438489e-01,40.00000,35.00000,640
235,10,1.379477e-01,41.00000,36.00000,9472
235,11,1.445375e-01,49.00000,30.00000,2308
235,12,1.379514e-01,42.00000,35.00000,625
235,13,1.399090e-01,45.00000,35.00000,691
235,14,1.451199e-01,36.00000,36.00000,675
235,15,1.394848e-01,43.00000,36.00000,684
235,16,1.451343e-01,49.00000,30.00000,690
235,17,1.387313e-01,58.00000,30.00000,620
235,18,1.430768e-01,42.00000,36.00000,687
235,19,1.356011e-01,55.00000,30.00000,728
235,20,1.408814e-01,49.00000,30.00000,10588
235,21,1.410142e-01,40.00000,36.00000,3449
235,22,1.430338e-01,39.00000,36.00000,574
235,23,1.395151e-01,48.00000,35.00000,688
235,24,1.401946e-01,44.00000,35.00000,648
235,25,1.416537e-01,56.00000,30.00000,682
235,26,1.386542e-01,47.00000,35.00000,610
235,27,1.449760e-01,46.00000,35.00000,663
235,28,1.431489e-01,37.00000,36.00000,662
235,29,1.412839e-01,49.00000,30.00000,721
235,30,1.350262e-01,52.00000,30.00000,669
235,31,1.360719e-01,53.00000,30.00000,10621
235,32,1.441507e-01,40.00000,36.00000,625
235,33,1.404609e-01,40.00000,36.00000,636
235,34,1.415161e-01,48.00000,35.00000,608
235,35,1.362927e-01,54.00000,30.00000,734
235,36,1.338222e-01,53.00000,30.00000,714
235,37,1.343661e-01,44.00000,35.00000,728
235,38,1.362051e-01,49.00000,30.00000,672
235,39,1.407631e-01,54.00000,30.00000,648
235,40,1.357137e-01,49.00000,30.00000,703
235,41,1.372614e-01,57.00000,30.00000,8674
235,42,1.396071e-01,31.00000,36.00000,659
235,43,1.413950e-01,42.00000,35.00000,708
235,44,1.404830e-01,40.00000,35.00000,666
235,45,1.466448e-01,46.00000,35.00000,652
235,46,1.370315e-01,54.00000,30.00000,1853
235,47,1.375704e-01,54.00000,30.00000,732
235,48,1.357300e-01,47.00000,35.00000,699
235,49,1.359973e-01,56.00000,30.00000,715
235,50,1.348433e-01,52.00000,30.00000,699
235,51,1.461134e-01,49.00000,30.00000,11959
235,52,1.417842e-01,47.00000,35.00000,655
235,53,1.378758e-01,52.00000,30.00000,595
235,54,1.375283e-01,45.00000,35.00000,662
235,55,1.376680e-01,48.00000,35.00000,626
235,56,1.391656e-01,37.00000,36.00000,653
235,57,1.452939e-01,46.00000,35.00000,624
235,58,1.401872e-01,34.00000,36.00000,626
235,59,1.404509e-01,51.00000,30.00000,597
235,60,1.490150e-01,25.00000,36.00000,581
235,61,1.432776e-01,38.00000,36.00000,606
235,62,1.391964e-01,57.00000,30.00000,627
235,63,1.449830e-01,35.00000,36.00000,603
235,64,1.360048e-01,50.00000,35.00000,612
235,65,1.417442e-01,53.00000,30.00000,607
235,66,1.400491e-01,46.00000,35.00000,589
235,67,1.363799e-01,53.00000,30.00000,614
235,68,1.375678e-01,38.00000,35.00000,612
235,69,1.376413e-01,57.00000,30.00000,627
235,70,1.396674e-01,49.00000,30.00000,586
235,71,1.402497e-01,44.00000,35.00000,585
236,0,1.374870e-01,54.00000,30.00000,9239
236,1,1.354126e-01,53.00000,30.00000,746
236,2,1.436104e-01,40.00000,40.00000,675
236,3,1.443333e-01,30.00000,36.00000,729
236,4,1.480958e-01,53.00000,30.00000,676
236,5,1.415090e-01,31.00000,36.00000,682
236,6,1.417232e-01,44.00000,36.00000,676
236,7,1.373261e-01,57.00000,30.00000,705
236,8,1.389410e-01,47.00000,35.00000,752
236,9,1.356958e-01,55.00000,30.00000,656
236,10,1.394957e-01,53.00000,30.00000,13694
236,11,1.366780e-01,48.00000,35.00000,2441
236,12,1.392601e-01,46.00000,35.00000,662
236,13,1.369584e-01,58.00000,30.00000,683
236,14,1.375250e-01,43.00000,36.00000,625
236,15,1.391380e-01,49.00000,30.00000,698
236,16,1.406241e-01,53.00000,30.00000,690
236,17,1.347072e-01,57.00000,30.00000,645
236,18,1.474595e-01,30.00000,36.00000,616
236,19,1.400777e-01,42.00000,35.00000,739
236,20,1.433127e-01,31.00000,36.00000,9575
236,21,1.391669e-01,47.00000,35.00000,684
236,22,1.459363e-01,38.00000,35.00000,1337
236,23,1.394185e-01,40.00000,35.00000,637
236,24,1.437254e-01,45.00000,35.00000,687
236,25,1.381936e-01,49.00000,30.00000,721
236,26,1.416835e-01,37.00000,36.00000,679
236,27,1.452678e-01,47.00000,36.00000,676
236,28,1.417071e-01,43.00000,35.00000,657
236,29,1.369764e-01,58.00000,30.00000,679
236,30,1.399270e-01,36.00000,40.00000,12458
236,31,1.398616e-01,39.00000,35.00000,651
236,32,1.426086e-01,55.00000,30.00000,616
236,33,1.404089e-01,55.00000,30.00000,647
236,34,1.385299e-01,52.00000,30.00000,656
236,35,1.371694e-01,43.00000,35.00000,630
236,36,1.375339e-01,52.00000,30.00000,704
236,37,1.360416e-01,53.00000,30.00000,749
236,38,1.407767e-01,41.00000,35.00000,659
236,39,1.446372e-01,48.00000,35.00000,596
236,40,1.339120e-01,56.00000,30.00000,8738
236,41,1.377675e-01,47.00000,35.00000,2043
236,42,1.373583e-01,40.00000,36.00000,642
236,43,1.389121e-01,42.00000,35.00000,640
236,44,1.359159e-01,48.00000,35.00000,705
236,45,1.399748e-01,52.00000,30.00000,642
236,46,1.325485e-01,49.00000,30.00000,684
236,47,1.361463e-01,55.00000,30.00000,708
236,48,1.409557e-01,55.00000,30.00000,648
236,49,1.401729e-01,50.00000,35.00000,746
236,50,1.394175e-01,42.00000,35.00000,11057
236,51,1.344658e-01,49.00000,30.00000,1410
236,52,1.409741e-01,30.00000,36.00000,735
236,53,1.398367e-01,58.00000,30.00000,622
236,54,1.359872e-01,51.00000,30.00000,646
236,55,1.366964e-01,57.00000,30.00000,672
236,56,1.403646e-01,58.00000,30.00000,627
236,57,1.344626e-01,49.00000,30.00000,633
236,58,1.410018e-01,43.00000,36.00000,620
236,59,1.400066e-01,39.00000,36.00000,633
236,60,1.367147e-01,49.00000,30.00000,606
236,61,1.410100e-01,45.00000,35.00000,621
236,62,1.421195e-01,43.00000,35.00000,619
236,63,1.403132e-01,36.00000,40.00000,600
236,64,1.375125e-01,54.00000,30.00000,627
236,65,1.403233e-01,49.00000,30.00000,586
236,66,1.405725e-01,49.00000,30.00000,592
236,67,1.341176e-01,59.00000,30.00000,636
236,68,1.434951e-01,42.00000,35.00000,580
236,69,1.456659e-01,40.00000,40.00000,576
236,70,1.406811e-01,59.00000,30.00000,637
236,71,1.422582e-01,47.00000,36.00000,632
237,0,1.408428e-01,37.00000,40.00000,12208
237,1,1.353546e-01,53.00000,30.00000,687
237,2,1.402131e-01,49.00000,30.00000,666
237,3,1.403358e-01,55.00000,30.00000,724
237,4,1.380900e-01,48.00000,35.00000,715
237,5,1.389352e-01,41.00000,36.00000,674
237,6,1.423576e-01,45.00000,35.00000,751
237,7,1.367785e-01,51.00000,30.00000,685
237,8,1.411389e-01,53.00000,30.00000,607
237,9,1.416396e-01,39.00000,35.00000,727
237,10,1.372311e-01,48.00000,35.00000,13216
237,11,1.397535e-01,49.00000,30.00000,634
237,12,1.394589e-01,37.00000,35.00000,671
237,13,1.427917e-01,49.00000,30.00000,617
237,14,1.349727e-01,47.00000,35.00000,683
237,15,1.417009e-01,35.00000,36.00000,724
237,16,1.348659e-01,55.00000,30.00000,615
237,17,1.343568e-01,54.00000,30.00000,724
237,18,1.431551e-01,35.00000,36.00000,743
237,19,1.462647e-01,49.00000,30.00000,657
237,20,1.384197e-01,51.00000,35.00000,9176
237,21,1.398126e-01,40.00000,35.00000,1959
237,22,1.467648e-01,25.00000,36.00000,576
237,23,1.417867e-01,54.00000,30.00000,641
237,24,1.355939e-01,58.00000,30.00000,699
237,25,1.397714e-01,43.00000,35.00000,584
237,26,1.477953e-01,34.00000,40.00000,642
237,27,1.373526e-01,54.00000,30.00000,698
237,28,1.433123e-01,43.00000,35.00000,645
237,29,1.359952e-01,53.00000,30.00000,623
237,30,1.453362e-01,36.00000,36.00000,11987
237,31,1.367533e-01,47.00000,35.00000,681
237,32,1.359404e-01,49.00000,30.00000,606
237,33,1.385388e-01,53.00000,30.00000,630
237,34,1.344020e-01,51.00000,30.00000,671
237,35,1.366737e-01,49.00000,30.00000,656
237,36,1.395810e-01,40.00000,35.00000,789
237,37,1.388930e-01,41.00000,36.00000,651
237,38,1.409865e-01,58.00000,30.00000,685
237,39,1.345988e-01,58.00000,30.00000,647
237,40,1.418496e-01,37.00000,35.00000,10141
237,41,1.446051e-01,37.00000,35.00000,665
237,42,1.356596e-01,52.00000,30.00000,648
237,43,1.379203e-01,41.00000,36.00000,709
237,44,1.395497e-01,44.00000,35.00000,632
237,45,1.394183e-01,57.00000,30.00000,707
237,46,1.352533e-01,54.00000,30.00000,761
237,47,1.368675e-01,46.00000,35.00000,676
237,48,1.421992e-01,54.00000,30.00000,682
237,49,1.374185e-01,42.00000,35.00000,684
237,50,1.374620e-01,55.00000,30.00000,10410
237,51,1.378933e-01,44.00000,35.00000,681
237,52,1.409436e-01,49.00000,30.00000,669
237,53,1.368193e-01,52.00000,30.00000,604
237,54,1.380411e-01,49.00000,35.00000,659
237,55,1.365010e-01,49.00000,30.00000,613
237,56,1.435373e-01,37.00000,36.00000,577
237,57,1.373943e-01,59.00000,30.00000,637
237,58,1.358962e-01,47.00000,35.00000,633
237,59,1.434413e-01,45.00000,35.00000,579
237,60,1.453976e-01,38.00000,36.00000,1713
237,61,1.452053e-01,41.00000,36.00000,564
237,62,1.487901e-01,30.00000,36.00000,573
237,63,1.433079e-01,49.00000,35.00000,591
237,64,1.381676e-01,54.00000,30.00000,605
237,65,1.374882e-01,45.00000,35.00000,614
237,66,1.407304e-01,56.00000,30.00000,611
237,67,1.452181e-01,35.00000,36.00000,590
237,68,1.390358e-01,44.00000,35.00000,588
237,69,1.475744e-01,49.00000,35.00000,592
237,70,1.438951e-01,36.00000,36.00000,584
237,71,1.409913e-01,42.00000,35.00000,589
238,0,1.409423e-01,53.00000,30.00000,7303
238,1,1.389786e-01,49.00000,30.00000,689
238,2,1.377279e-01,41.00000,35.00000,692
238,3,1.375960e-01,56.00000,30.00000,722
238,4,1.413005e-01,43.00000,35.00000,648
238,5,1.389153e-01,43.00000,36.00000,664
238,6,1.453314e-01,42.00000,35.00000,684
238,7,1.388094e-01,49.00000,30.00000,649
238,8,1.360730e-01,53.00000,30.00000,770
238,9,1.403491e-01,43.00000,35.00000,643
238,10,1.379918e-01,45.00000,36.00000,2574
238,11,1.410431e-01,53.00000,30.00000,663
238,12,1.434646e-01,52.00000,30.00000,3500
238,13,1.429770e-01,51.00000,30.00000,700
238,14,1.416001e-01,36.00000,35.00000,659
238,15,1.416830e-01,34.00000,36.00000,579
238,16,1.366820e-01,46.00000,35.00000,760
238,17,1.423170e-01,43.00000,35.00000,605
238,18,1.398139e-01,52.00000,30.00000,688
238,19,1.447022e-01,45.00000,35.00000,707
238,20,1.408105e-01,49.00000,30.00000,685
238,21,1.420846e-01,40.00000,36.00000,599
238,22,1.415615e-01,36.00000,36.00000,7465
238,23,1.408319e-01,36.00000,36.00000,684
238,24,1.372261e-01,57.00000,30.00000,664
238,25,1.375003e-01,55.00000,30.00000,628
238,26,1.430554e-01,49.00000,30.00000,685
238,27,1.528402e-01,25.00000,36.00000,677
238,28,1.381145e-01,52.00000,30.00000,716
238,29,1.399973e-01,45.00000,35.00000,652
238,30,1.367885e-01,51.00000,30.00000,674
238,31,1.377573e-01,47.00000,35.00000,629
238,32,1.387124e-01,55.00000,30.00000,7937
238,33,1.370160e-01,57.00000,30.00000,671
238,34,1.369060e-01,51.00000,30.00000,643
238,35,1.358047e-01,50.00000,35.00000,715
238,36,1.341681e-01,57.00000,30.00000,715
238,37,1.364232e-01,52.00000,30.00000,641
238,38,1.347312e-01,49.00000,30.00000,713
238,39,1.384309e-01,54.00000,30.00000,681
238,40,1.430837e-01,46.00000,35.00000,654
238,41,1.419558e-01,41.00000,35.00000,674
238,42,1.388709e-01,55.00000,30.00000,9611
238,43,1.372665e-01,54.00000,30.00000,628
238,44,1.378680e-01,38.00000,36.00000,671
238,45,1.441033e-01,53.00000,30.00000,677
238,46,1.446908e-01,38.00000,40.00000,596
238,47,1.375332e-01,42.00000,36.00000,684
238,48,1.407401e-01,48.00000,35.00000,702
238,49,1.429055e-01,54.00000,30.00000,632
238,50,1.362627e-01,47.00000,35.00000,711
238,51,1.454306e-01,37.00000,36.00000,584
238,52,1.348808e-01,53.00000,30.00000,9100
238,53,1.477144e-01,54.00000,30.00000,2570
238,54,1.391146e-01,49.00000,30.00000,607
238,55,1.352413e-01,56.00000,30.00000,725
238,56,1.410940e-01,38.00000,35.00000,610
238,57,1.330490e-01,49.00000,30.00000,605
238,58,1.363489e-01,49.00000,30.00000,603
238,59,1.400418e-01,36.00000,36.00000,589
238,60,1.432715e-01,49.00000,30.00000,597
238,61,1.375004e-01,55.00000,30.00000,616
238,62,1.365784e-01,49.00000,30.00000,603
238,63,1.398631e-01,37.00000,36.00000,599
238,64,1.368640e-01,42.00000,35.00000,623
238,65,1.408720e-01,52.00000,30.00000,596
238,66,1.455903e-01,53.00000,30.00000,606
238,67,1.418419e-01,31.00000,36.00000,608
238,68,1.427202e-01,54.00000,30.00000,604
238,69,1.375902e-01,42.00000,35.00000,608
238,70,1.414952e-01,47.00000,35.00000,582
238,71,1.413547e-01,44.00000,36.00000,591
239,0,1.376145e-01,53.00000,30.00000,9854
239,1,1.426366e-01,44.00000,35.00000,999
239,2,1.440608e-01,37.00000,36.00000,628
239,3,1.420093e-01,43.00000,35.00000,693
239,4,1.414896e-01,44.00000,35.00000,644
239,5,1.431291e-01,36.00000,40.00000,730
239,6,1.439241e-01,42.00000,36.00000,705
239,7,1.388721e-01,49.00000,30.00000,673
239,8,1.423722e-01,43.00000,36.00000,643
239,9,1.446476e-01,46.00000,35.00000,711
239,10,1.403053e-01,53.00000,30.00000,9084
239,11,1.405481e-01,49.00000,30.00000,629
239,12,1.410759e-01,39.00000,40.00000,758
239,13,1.407958e-01,45.00000,35.00000,2155
239,14,1.424633e-01,42.00000,35.00000,683
239,15,1.381173e-01,36.00000,36.00000,644
239,16,1.415151e-01,49.00000,35.00000,798
239,17,1.443939e-01,40.00000,35.00000,668
239,18,1.394653e-01,51.00000,35.00000,676
239,19,1.434077e-01,42.00000,35.00000,655
239,20,1.392075e-01,55.00000,30.00000,7013
239,21,1.358255e-01,47.00000,35.00000,4112
239,22,1.380824e-01,54.00000,30.00000,682
239,23,1.378726e-01,52.00000,30.00000,3648
239,24,1.392807e-01,35.00000,36.00000,633
239,25,1.376060e-01,55.00000,30.00000,761
239,26,1.382277e-01,53.00000,30.00000,660
239,27,1.382115e-01,54.00000,30.00000,808
239,28,1.396154e-01,44.00000,35.00000,646
239,29,1.414693e-01,47.00000,35.00000,668
239,30,1.386771e-01,55.00000,30.00000,3710
239,31,1.373351e-01,44.00000,35.00000,6232
239,32,1.356426e-01,54.00000,30.00000,699
239,33,1.439895e-01,52.00000,35.00000,2548
239,34,1.373078e-01,52.00000,30.00000,668
239,35,1.360252e-01,53.00000,30.00000,771
239,36,1.390259e-01,43.00000,35.00000,649
239,37,1.378572e-01,46.00000,35.00000,628
239,38,1.411759e-01,49.00000,30.00000,693
239,39,1.391581e-01,36.00000,35.00000,664
239,40,1.348412e-01,53.00000,30.00000,656
239,41,1.398611e-01,53.00000,30.00000,9744
239,42,1.401555e-01,49.00000,30.00000,666
239,43,1.393217e-01,45.00000,35.00000,2768
239,44,1.439908e-01,49.00000,35.00000,615
239,45,1.393968e-01,39.00000,35.00000,728
239,46,1.370606e-01,53.00000,30.00000,685
239,47,1.385109e-01,49.00000,30.00000,605
239,48,1.440326e-01,35.00000,36.00000,726
239,49,1.445874e-01,39.00000,36.00000,733
239,50,1.367519e-01,55.00000,30.00000,668
239,51,1.400713e-01,35.00000,36.00000,8779
239,52,1.509769e-01,30.00000,36.00000,656
239,53,1.387356e-01,49.00000,30.00000,2071
239,54,1.442536e-01,39.00000,35.00000,584
239,55,1.355251e-01,54.00000,30.00000,657
239,56,1.467277e-01,43.00000,36.00000,575
239,57,1.494727e-01,30.00000,36.00000,590
239,58,1.396572e-01,43.00000,35.00000,627
239,59,1.436554e-01,43.00000,35.00000,574
239,60,1.415332e-01,53.00000,30.00000,605
239,61,1.369844e-01,48.00000,35.00000,603
239,62,1.392867e-01,37.00000,36.00000,635
239,63,1.418142e-01,49.00000,30.00000,631
239,64,1.453388e-01,52.00000,30.00000,594
239,65,1.422204e-01,43.00000,36.00000,596
239,66,1.447583e-01,46.00000,35.00000,589
239,67,1.499057e-01,35.00000,36.00000,585
239,68,1.403846e-01,42.00000,35.00000,616
239,69,1.417497e-01,46.00000,35.00000,589
239,70,1.422600e-01,49.00000,30.00000,588
239,71,1.466636e-01,41.00000,36.00000,566
240,0,1.474364e-01,49.00000,30.00000,7186
240,1,1.447763e-01,31.00000,36.00000,639
240,2,1.353179e-01,39.00000,40.00000,2164
240,3,1.439592e-01,53.00000,30.00000,708
240,4,1.433240e-01,38.00000,36.00000,610
240,5,1.409848e-01,51.00000,30.00000,740
240,6,1.363033e-01,48.00000,35.00000,722
240,7,1.380446e-01,35.00000,36.00000,798
240,8,1.388059e-01,53.00000,30.00000,702
240,9,1.355321e-01,57.00000,30.00000,670
240,10,1.383141e-01,47.00000,35.00000,9670
240,11,1.329197e-01,57.00000,30.00000,791
240,12,1.425050e-01,37.00000,36.00000,635
240,13,1.377995e-01,55.00000,30.00000,655
240,14,1.377674e-01,44.00000,35.00000,692
240,15,1.391515e-01,41.00000,35.00000,647
240,16,1.387141e-01,40.00000,35.00000,691
240,17,1.388185e-01,49.00000,30.00000,764
240,18,1.409643e-01,53.00000,30.00000,691
240,19,1.389686e-01,48.00000,35.00000,761
240,20,1.393840e-01,36.00000,35.00000,10988
240,21,1.409193e-01,57.00000,30.00000,689
240,22,1.416216e-01,42.00000,35.00000,677
240,23,1.352249e-01,44.00000,36.00000,668
240,24,1.379076e-01,49.00000,30.00000,635
240,25,1.459929e-01,25.00000,36.00000,678
240,26,1.353171e-01,53.00000,30.00000,651
240,27,1.406686e-01,59.00000,30.00000,650
240,28,1.399906e-01,55.00000,30.00000,728
240,29,1.399078e-01,54.00000,30.00000,717
240,30,1.435299e-01,39.00000,35.00000,5510
240,31,1.401222e-01,49.00000,30.00000,685
240,32,1.421868e-01,40.00000,35.00000,2305
240,33,1.361137e-01,53.00000,30.00000,658
240,34,1.368669e-01,54.00000,30.00000,1067
240,35,1.372707e-01,57.00000,30.00000,741
240,36,1.382404e-01,49.00000,30.00000,727
240,37,1.389280e-01,30.00000,36.00000,654
240,38,1.377087e-01,45.00000,35.00000,720
240,39,1.408426e-01,49.00000,30.00000,711
240,40,1.473537e-01,35.00000,36.00000,8550
240,41,1.437596e-01,39.00000,36.00000,594
240,42,1.413903e-01,36.00000,36.00000,2906
240,43,1.411051e-01,47.00000,35.00000,774
240,44,1.418937e-01,52.00000,30.00000,2170
240,45,1.379227e-01,55.00000,30.00000,699
240,46,1.423188e-01,51.00000,30.00000,692
240,47,1.371023e-01,44.00000,35.00000,631
240,48,1.407017e-01,55.00000,30.00000,703
240,49,1.384484e-01,49.00000,30.00000,684
240,50,1.416415e-01,43.00000,35.00000,5912
240,51,1.433734e-01,49.00000,30.00000,667
240,52,1.434009e-01,41.00000,36.00000,3535
240,53,1.357457e-01,57.00000,30.00000,658
240,54,1.456849e-01,49.00000,30.00000,1966
240,55,1.432178e-01,36.00000,35.00000,620
240,56,1.364371e-01,55.00000,30.00000,628
240,57,1.430978e-01,56.00000,30.00000,624
240,58,1.439681e-01,35.00000,36.00000,616
240,59,1.422018e-01,49.00000,35.00000,629
240,60,1.394889e-01,53.00000,30.00000,633
240,61,1.385401e-01,42.00000,35.00000,624
240,62,1.400812e-01,44.00000,35.00000,599
240,63,1.413358e-01,57.00000,30.00000,626
240,64,1.396978e-01,41.00000,36.00000,608
240,65,1.430358e-01,49.00000,30.00000,589
240,66,1.429238e-01,45.00000,35.00000,615
240,67,1.406678e-01,39.00000,36.00000,595
240,68,1.431607e-01,42.00000,35.00000,579
240,69,1.423432e-01,52.00000,30.00000,606
240,70,1.367605e-01,53.00000,30.00000,619
240,71,1.555974e-01,25.00000,36.00000,576
241,0,1.379300e-01,41.00000,35.00000,13051
241,1,1.428145e-01,49.00000,30.00000,653
241,2,1.385394e-01,45.00000,35.00000,625
241,3,1.368135e-01,47.00000,35.00000,639
241,4,1.376576e-01,59.00000,30.00000,731
241,5,1.348893e-01,54.00000,30.00000,626
241,6,1.455058e-01,37.00000,35.00000,656
241,7,1.409699e-01,54.00000,30.00000,732
241,8,1.470086e-01,36.00000,36.00000,659
241,9,1.395825e-01,43.00000,35.00000,688
241,10,1.446500e-01,41.00000,36.00000,9152
241,11,1.394989e-01,55.00000,30.00000,775
241,12,1.420823e-01,41.00000,35.00000,654
241,13,1.386404e-01,46.00000,35.00000,1510
241,14,1.387659e-01,43.00000,36.00000,700
241,15,1.402276e-01,42.00000,35.00000,703
241,16,1.403130e-01,49.00000,30.00000,675
241,17,1.359869e-01,55.00000,30.00000,688
241,18,1.449899e-01,42.00000,35.00000,686
241,19,1.410376e-01,43.00000,36.00000,616
241,20,1.452075e-01,31.00000,36.00000,5531
241,21,1.400798e-01,53.00000,30.00000,856
241,22,1.489371e-01,43.00000,36.00000,664
241,23,1.451137e-01,39.00000,35.00000,7633
241,24,1.420178e-01,41.00000,35.00000,643
241,25,1.427968e-01,37.00000,36.00000,650
241,26,1.376003e-01,49.00000,30.00000,621
241,27,1.393524e-01,40.00000,35.00000,740
241,28,1.455082e-01,57.00000,30.00000,702
241,29,1.439949e-01,49.00000,35.00000,676
241,30,1.365136e-01,49.00000,30.00000,3230
241,31,1.429053e-01,40.00000,35.00000,669
241,32,1.406928e-01,52.00000,30.00000,651
241,33,1.385341e-01,41.00000,35.00000,8631
241,34,1.397657e-01,43.00000,35.00000,628
241,35,1.486483e-01,42.00000,35.00000,637
241,36,1.501696e-01,25.00000,36.00000,580
241,37,1.437526e-01,43.00000,35.00000,631
241,38,1.461587e-01,34.00000,36.00000,716
241,39,1.422861e-01,45.00000,35.00000,683
241,40,1.474975e-01,52.00000,30.00000,4846
241,41,1.467536e-01,41.00000,36.00000,746
241,42,1.398494e-01,49.00000,30.00000,627
241,43,1.459246e-01,43.00000,35.00000,5150
241,44,1.423214e-01,47.00000,35.00000,649
241,45,1.395006e-01,42.00000,36.00000,667
241,46,1.420546e-01,40.00000,35.00000,642
241,47,1.431371e-01,37.00000,36.00000,704
241,48,1.438074e-01,47.00000,35.00000,636
241,49,1.403616e-01,58.00000,30.00000,662
241,50,1.402907e-01,46.00000,35.00000,6970
241,51,1.449963e-01,39.00000,36.00000,663
241,52,1.420274e-01,45.00000,35.00000,662
241,53,1.432588e-01,53.00000,30.00000,4357
241,54,1.443340e-01,38.00000,35.00000,595
241,55,1.491211e-01,54.00000,30.00000,603
241,56,1.383530e-01,44.00000,35.00000,659
241,57,1.452216e-01,43.00000,36.00000,589
241,58,1.432518e-01,53.00000,30.00000,612
241,59,1.500272e-01,30.00000,36.00000,564
241,60,1.403155e-01,42.00000,35.00000,599
241,61,1.421405e-01,43.00000,36.00000,591
241,62,1.433998e-01,58.00000,30.00000,620
241,63,1.442192e-01,42.00000,35.00000,579
241,64,1.424976e-01,47.00000,35.00000,585
241,65,1.417883e-01,53.00000,30.00000,619
241,66,1.436598e-01,46.00000,36.00000,580
241,67,1.459687e-01,36.00000,36.00000,584
241,68,1.481882e-01,42.00000,36.00000,606
241,69,1.474656e-01,37.00000,35.00000,578
241,70,1.435957e-01,36.00000,36.00000,604
241,71,1.421384e-01,40.00000,35.00000,586
242,0,1.497108e-01,25.00000,36.00000,7702
242,1,1.420946e-01,43.00000,36.00000,681
242,2,1.437897e-01,38.00000,35.00000,688
242,3,1.371837e-01,48.00000,35.00000,668
242,4,1.420779e-01,49.00000,30.00000,651
242,5,1.427151e-01,43.00000,35.00000,698
242,6,1.389494e-01,58.00000,30.00000,763
242,7,1.420002e-01,50.00000,35.00000,657
242,8,1.363411e-01,49.00000,30.00000,714
242,9,1.447612e-01,25.00000,36.00000,675
242,10,1.413600e-01,54.00000,30.00000,5199
242,11,1.428109e-01,44.00000,35.00000,5276
242,12,1.418666e-01,38.00000,35.00000,688
242,13,1.470636e-01,30.00000,36.00000,1485
242,14,1.425690e-01,40.00000,35.00000,647
242,15,1.371326e-01,45.00000,35.00000,701
242,16,1.389201e-01,54.00000,30.00000,729
242,17,1.389542e-01,48.00000,35.00000,652
242,18,1.416281e-01,42.00000,35.00000,641
242,19,1.400438e-01,51.00000,35.00000,696
242,20,1.374488e-01,57.00000,30.00000,10402
242,21,1.354274e-01,49.00000,30.00000,2165
242,22,1.408938e-01,42.00000,35.00000,634
242,23,1.490774e-01,38.00000,40.00000,1650
242,24,1.399728e-01,53.00000,30.00000,653
242,25,1.452678e-01,49.00000,30.00000,660
242,26,1.440684e-01,34.00000,36.00000,687
242,27,1.373182e-01,55.00000,30.00000,1318
242,28,1.389434e-01,36.00000,35.00000,689
242,29,1.437508e-01,45.00000,35.00000,606
242,30,1.392731e-01,38.00000,35.00000,8562
242,31,1.372797e-01,56.00000,30.00000,1764
242,32,1.375117e-01,37.00000,36.00000,742
242,33,1.436225e-01,40.00000,35.00000,2848
242,34,1.419616e-01,49.00000,30.00000,667
242,35,1.500105e-01,30.00000,36.00000,649
242,36,1.396872e-01,53.00000,30.00000,682
242,37,1.443502e-01,54.00000,30.00000,638
242,38,1.407541e-01,49.00000,30.00000,746
242,39,1.376300e-01,42.00000,35.00000,676
242,40,1.376032e-01,45.00000,35.00000,8995
242,41,1.418722e-01,36.00000,36.00000,666
242,42,1.410973e-01,42.00000,35.00000,693
242,43,1.396952e-01,42.00000,36.00000,3525
242,44,1.408527e-01,43.00000,36.00000,688
242,45,1.385107e-01,54.00000,30.00000,666
242,46,1.449927e-01,42.00000,35.00000,692
242,47,1.439193e-01,39.00000,36.00000,612
242,48,1.400432e-01,52.00000,30.00000,629
242,49,1.438923e-01,52.00000,30.00000,663
242,50,1.450585e-01,39.00000,36.00000,8383
242,51,1.399812e-01,50.00000,35.00000,628
242,52,1.448972e-01,49.00000,30.00000,674
242,53,1.353180e-01,59.00000,30.00000,1596
242,54,1.390236e-01,49.00000,35.00000,616
242,55,1.409925e-01,49.00000,30.00000,666
242,56,1.499895e-01,45.00000,36.00000,610
242,57,1.388212e-01,53.00000,30.00000,652
242,58,1.400814e-01,43.00000,35.00000,622
242,59,1.375160e-01,53.00000,30.00000,612
242,60,1.413788e-01,44.00000,35.00000,2072
242,61,1.424283e-01,36.00000,36.00000,595
242,62,1.383760e-01,54.00000,30.00000,628
242,63,1.361032e-01,49.00000,30.00000,612
242,64,1.392099e-01,49.00000,30.00000,604
242,65,1.425247e-01,48.00000,35.00000,594
242,66,1.420756e-01,34.00000,36.00000,625
242,67,1.428036e-01,43.00000,35.00000,604
242,68,1.428033e-01,37.00000,35.00000,617
242,69,1.361782e-01,58.00000,30.00000,626
242,70,1.368742e-01,55.00000,30.00000,617
242,71,1.382206e-01,53.00000,30.00000,607
243,0,1.374812e-01,49.00000,30.00000,5863
243,1,1.402726e-01,41.00000,36.00000,714
243,2,1.430918e-01,52.00000,30.00000,658
243,3,1.475608e-01,40.00000,36.00000,666
243,4,1.371908e-01,55.00000,30.00000,669
243,5,1.434975e-01,54.00000,30.00000,710
243,6,1.490172e-01,40.00000,36.00000,558
243,7,1.378635e-01,48.00000,35.00000,717
243,8,1.360490e-01,49.00000,30.00000,686
243,9,1.410581e-01,49.00000,35.00000,724
243,10,1.417648e-01,46.00000,35.00000,1205
243,11,1.395793e-01,53.00000,30.00000,663
243,12,1.461821e-01,43.00000,35.00000,6259
243,13,1.364881e-01,52.00000,30.00000,623
243,14,1.386301e-01,53.00000,30.00000,1089
243,15,1.453771e-01,31.00000,36.00000,677
243,16,1.358246e-01,46.00000,35.00000,665
243,17,1.386835e-01,60.00000,30.00000,732
243,18,1.406639e-01,48.00000,35.00000,729
243,19,1.439963e-01,40.00000,36.00000,667
243,20,1.453111e-01,46.00000,35.00000,646
243,21,1.445868e-01,46.00000,35.00000,749
243,22,1.401783e-01,37.00000,35.00000,5035
243,23,1.422848e-01,42.00000,35.00000,614
243,24,1.375188e-01,55.00000,30.00000,660
243,25,1.399647e-01,49.00000,30.00000,664
243,26,1.452290e-01,37.00000,40.00000,563
243,27,1.434229e-01,43.00000,35.00000,763
243,28,1.386103e-01,49.00000,30.00000,662
243,29,1.417920e-01,52.00000,30.00000,628
243,30,1.399877e-01,49.00000,30.00000,691
243,31,1.439616e-01,42.00000,35.00000,3572
243,32,1.393635e-01,49.00000,30.00000,4817
243,33,1.462183e-01,37.00000,36.00000,619
243,34,1.369406e-01,44.00000,35.00000,614
243,35,1.415237e-01,44.00000,35.00000,643
243,36,1.372116e-01,53.00000,30.00000,688
243,37,1.406713e-01,42.00000,36.00000,1598
243,38,1.384164e-01,53.00000,30.00000,637
243,39,1.418177e-01,57.00000,30.00000,739
243,40,1.435031e-01,48.00000,35.00000,691
243,41,1.445044e-01,41.00000,35.00000,5064
243,42,1.372753e-01,49.00000,35.00000,5180
243,43,1.385725e-01,58.00000,30.00000,647
243,44,1.364281e-01,48.00000,35.00000,643
243,45,1.455761e-01,38.00000,36.00000,597
243,46,1.353131e-01,57.00000,30.00000,660
243,47,1.401365e-01,51.00000,30.00000,683
243,48,1.386160e-01,45.00000,35.00000,677
243,49,1.375103e-01,59.00000,30.00000,710
243,50,1.408543e-01,43.00000,36.00000,702
243,51,1.466342e-01,49.00000,30.00000,7230
243,52,1.389834e-01,49.00000,35.00000,4031
243,53,1.448239e-01,38.00000,35.00000,640
243,54,1.471296e-01,39.00000,35.00000,641
243,55,1.407604e-01,42.00000,35.00000,597
243,56,1.381108e-01,54.00000,30.00000,629
243,57,1.437654e-01,49.00000,30.00000,603
243,58,1.406602e-01,46.00000,35.00000,613
243,59,1.429693e-01,57.00000,30.00000,627
243,60,1.429093e-01,36.00000,35.00000,602
243,61,1.443809e-01,39.00000,36.00000,600
243,62,1.448646e-01,46.00000,35.00000,1078
243,63,1.339920e-01,57.00000,30.00000,628
243,64,1.372017e-01,54.00000,30.00000,628
243,65,1.440816e-01,35.00000,36.00000,594
243,66,1.412228e-01,42.00000,35.00000,598
243,67,1.408951e-01,49.00000,30.00000,593
243,68,1.363021e-01,49.00000,30.00000,598
243,69,1.412553e-01,43.00000,35.00000,606
243,70,1.393440e-01,49.00000,35.00000,610
243,71,1.414896e-01,56.00000,30.00000,613
244,0,1.453747e-01,43.00000,35.00000,12593
244,1,1.410479e-01,49.00000,30.00000,670
244,2,1.419036e-01,43.00000,35.00000,614
244,3,1.434689e-01,40.00000,36.00000,638
244,4,1.374264e-01,48.00000,35.00000,749
244,5,1.429097e-01,45.00000,35.00000,654
244,6,1.434301e-01,53.00000,30.00000,730
244,7,1.463093e-01,25.00000,36.00000,675
244,8,1.451690e-01,35.00000,36.00000,719
244,9,1.357932e-01,49.00000,30.00000,716
244,10,1.471715e-01,40.00000,35.00000,8688
244,11,1.422244e-01,30.00000,36.00000,750
244,12,1.415166e-01,45.00000,35.00000,3598
244,13,1.397096e-01,49.00000,30.00000,660
244,14,1.415856e-01,45.00000,35.00000,674
244,15,1.490154e-01,30.00000,36.00000,655
244,16,1.456244e-01,40.00000,40.00000,640
244,17,1.381437e-01,55.00000,30.00000,655
244,18,1.393582e-01,54.00000,30.00000,662
244,19,1.444941e-01,47.00000,35.00000,667
244,20,1.396731e-01,43.00000,35.00000,6034
244,21,1.442942e-01,49.00000,30.00000,620
244,22,1.442063e-01,54.00000,30.00000,4303
244,23,1.376584e-01,49.00000,35.00000,679
244,24,1.484855e-01,52.00000,30.00000,676
244,25,1.424604e-01,35.00000,36.00000,680
244,26,1.393834e-01,52.00000,30.00000,617
244,27,1.422425e-01,43.00000,35.00000,689
244,28,1.404501e-01,42.00000,36.00000,637
244,29,1.402388e-01,45.00000,35.00000,676
244,30,1.442417e-01,40.00000,36.00000,6517
244,31,1.435527e-01,36.00000,36.00000,683
244,32,1.395593e-01,59.00000,30.00000,1847
244,33,1.397652e-01,49.00000,30.00000,659
244,34,1.425778e-01,43.00000,35.00000,711
244,35,1.461592e-01,43.00000,35.00000,642
244,36,1.413224e-01,45.00000,35.00000,676
244,37,1.429954e-01,52.00000,30.00000,663
244,38,1.415307e-01,43.00000,36.00000,692
244,39,1.377357e-01,55.00000,30.00000,648
244,40,1.473078e-01,44.00000,35.00000,4238
244,41,1.445481e-01,52.00000,30.00000,719
244,42,1.472726e-01,37.00000,36.00000,3703
244,43,1.414757e-01,40.00000,35.00000,687
244,44,1.415741e-01,55.00000,30.00000,2797
244,45,1.537312e-01,36.00000,36.00000,615
244,46,1.525925e-01,31.00000,36.00000,626
244,47,1.458583e-01,41.00000,36.00000,637
244,48,1.411407e-01,44.00000,35.00000,685
244,49,1.429538e-01,54.00000,30.00000,805
244,50,1.411842e-01,56.00000,30.00000,5712
244,51,1.442108e-01,41.00000,36.00000,667
244,52,1.427432e-01,52.00000,30.00000,1110
244,53,1.434780e-01,45.00000,35.00000,738
244,54,1.463837e-01,46.00000,36.00000,2365
244,55,1.470895e-01,31.00000,36.00000,695
244,56,1.497502e-01,45.00000,35.00000,621
244,57,1.389946e-01,45.00000,36.00000,633
244,58,1.407340e-01,47.00000,35.00000,629
244,59,1.399041e-01,43.00000,35.00000,602
244,60,1.423889e-01,45.00000,35.00000,2522
244,61,1.448508e-01,53.00000,30.00000,605
244,62,1.403704e-01,52.00000,30.00000,603
244,63,1.406144e-01,45.00000,35.00000,617
244,64,1.459992e-01,36.00000,36.00000,604
244,65,1.423718e-01,54.00000,30.00000,626
244,66,1.410320e-01,37.00000,36.00000,636
244,67,1.444252e-01,40.00000,35.00000,605
244,68,1.405897e-01,46.00000,35.00000,593
244,69,1.398315e-01,49.00000,30.00000,619
244,70,1.367020e-01,51.00000,30.00000,608
244,71,1.367523e-01,49.00000,30.00000,623
245,0,1.405149e-01,58.00000,30.00000,707
245,1,1.430380e-01,47.00000,35.00000,628
245,2,1.422592e-01,39.00000,35.00000,748
245,3,1.489617e-01,38.00000,35.00000,648
245,4,1.422971e-01,49.00000,35.00000,737
245,5,1.424439e-01,43.00000,35.00000,672
245,6,1.410645e-01,40.00000,35.00000,699
245,7,1.448236e-01,36.00000,35.00000,647
245,8,1.438313e-01,35.00000,40.00000,690
245,9,1.438450e-01,41.00000,35.00000,633
245,10,1.515311e-01,53.00000,30.00000,3567
245,11,1.459690e-01,43.00000,35.00000,619
245,12,1.491509e-01,38.00000,36.00000,1841
245,13,1.458302e-01,41.00000,36.00000,648
245,14,1.460136e-01,30.00000,36.00000,653
245,15,1.434157e-01,46.00000,35.00000,630
245,16,1.404531e-01,52.00000,30.00000,677
245,17,1.445147e-01,43.00000,36.00000,709
245,18,1.466840e-01,38.00000,35.00000,628
245,19,1.495743e-01,37.00000,36.00000,631
245,20,1.471496e-01,45.00000,36.00000,9812
245,21,1.509172e-01,30.00000,36.00000,596
245,22,1.457850e-01,38.00000,36.00000,2564
245,23,1.339608e-01,58.00000,30.00000,706
245,24,1.386504e-01,49.00000,30.00000,641
245,25,1.438462e-01,35.00000,36.00000,735
245,26,1.391288e-01,53.00000,30.00000,648
245,27,1.470159e-01,39.00000,36.00000,586
245,28,1.455136e-01,42.00000,35.00000,662
245,29,1.573479e-01,40.00000,35.00000,615
245,30,1.412358e-01,43.00000,36.00000,11269
245,31,1.447673e-01,37.00000,35.00000,590
245,32,1.432566e-01,41.00000,36.00000,1966
245,33,1.447196e-01,53.00000,30.00000,645
245,34,1.484614e-01,54.00000,30.00000,677
245,35,1.398882e-01,45.00000,35.00000,618
245,36,1.484696e-01,44.00000,35.00000,612
245,37,1.425840e-01,37.00000,40.00000,749
245,38,1.418241e-01,52.00000,30.00000,643
245,39,1.388535e-01,41.00000,35.00000,786
245,40,1.441907e-01,45.00000,35.00000,10029
245,41,1.457209e-01,48.00000,35.00000,626
245,42,1.452454e-01,36.00000,40.00000,2560
245,43,1.415806e-01,47.00000,35.00000,651
245,44,1.397639e-01,57.00000,30.00000,642
245,45,1.424248e-01,47.00000,35.00000,582
245,46,1.438925e-01,49.00000,35.00000,698
245,47,1.433540e-01,57.00000,30.00000,656
245,48,1.433317e-01,49.00000,30.00000,629
245,49,1.396627e-01,43.00000,36.00000,735
245,50,1.429474e-01,48.00000,35.00000,11814
245,51,1.471238e-01,37.00000,36.00000,617
245,52,1.415776e-01,54.00000,30.00000,695
245,53,1.427010e-01,49.00000,30.00000,607
245,54,1.455898e-01,35.00000,36.00000,627
245,55,1.434148e-01,45.00000,36.00000,606
245,56,1.483630e-01,37.00000,36.00000,569
245,57,1.457579e-01,38.00000,36.00000,572
245,58,1.348303e-01,56.00000,30.00000,647
245,59,1.362438e-01,53.00000,30.00000,623
245,60,1.405170e-01,43.00000,35.00000,1409
245,61,1.422934e-01,45.00000,35.00000,584
245,62,1.366091e-01,43.00000,35.00000,610
245,63,1.432906e-01,37.00000,35.00000,596
245,64,1.420360e-01,36.00000,35.00000,611
245,65,1.431553e-01,57.00000,30.00000,627
245,66,1.380464e-01,50.00000,35.00000,620
245,67,1.410559e-01,47.00000,35.00000,582
245,68,1.385984e-01,53.00000,30.00000,606
245,69,1.472460e-01,36.00000,36.00000,608
245,70,1.433239e-01,56.00000,30.00000,611
245,71,1.419077e-01,53.00000,30.00000,606
246,0,1.420380e-01,43.00000,35.00000,1599
246,1,1.470488e-01,31.00000,36.00000,7451
246,2,1.412645e-01,52.00000,30.00000,719
246,3,1.365232e-01,49.00000,30.00000,656
246,4,1.415627e-01,54.00000,30.00000,724
246,5,1.440469e-01,43.00000,35.00000,665
246,6,1.454380e-01,36.00000,36.00000,659
246,7,1.400654e-01,45.00000,35.00000,646
246,8,1.411819e-01,48.00000,35.00000,700
246,9,1.406147e-01,46.00000,35.00000,673
246,10,1.375560e-01,57.00000,30.00000,774
246,11,1.368000e-01,48.00000,35.00000,6056
246,12,1.477871e-01,30.00000,36.00000,633
246,13,1.357764e-01,54.00000,30.00000,638
246,14,1.425986e-01,42.00000,36.00000,743
246,15,1.375282e-01,58.00000,30.00000,670
246,16,1.432559e-01,56.00000,30.00000,643
246,17,1.448158e-01,46.00000,35.00000,586
246,18,1.419435e-01,46.00000,35.00000,679
246,19,1.395601e-01,53.00000,30.00000,747
246,20,1.415127e-01,45.00000,35.00000,1083
246,21,1.442704e-01,49.00000,30.00000,3478
246,22,1.403255e-01,51.00000,30.00000,724
246,23,1.441910e-01,35.00000,36.00000,745
246,24,1.447573e-01,45.00000,35.00000,665
246,25,1.361752e-01,53.00000,30.00000,655
246,26,1.376556e-01,54.00000,30.00000,688
246,27,1.396420e-01,55.00000,30.00000,750
246,28,1.429272e-01,44.00000,35.00000,660
246,29,1.395695e-01,40.00000,36.00000,683
246,30,1.357962e-01,57.00000,30.00000,2292
246,31,1.449208e-01,39.00000,35.00000,2447
246,32,1.396165e-01,56.00000,30.00000,1250
246,33,1.429937e-01,37.00000,36.00000,689
246,34,1.438914e-01,45.00000,36.00000,628
246,35,1.503992e-01,35.00000,36.00000,683
246,36,1.465016e-01,39.00000,35.00000,624
246,37,1.419535e-01,49.00000,30.00000,713
246,38,1.380785e-01,53.00000,30.00000,619
246,39,1.375118e-01,48.00000,35.00000,740
246,40,1.412662e-01,45.00000,35.00000,8351
246,41,1.403646e-01,47.00000,35.00000,3255
246,42,1.416709e-01,49.00000,30.00000,1492
246,43,1.501001e-01,25.00000,36.00000,611
246,44,1.455801e-01,31.00000,36.00000,643
246,45,1.451140e-01,49.00000,30.00000,645
246,46,1.442212e-01,35.00000,36.00000,661
246,47,1.439360e-01,40.00000,35.00000,612
246,48,1.481135e-01,37.00000,40.00000,604
246,49,1.474407e-01,37.00000,36.00000,700
246,50,1.437071e-01,43.00000,35.00000,7798
246,51,1.386293e-01,44.00000,35.00000,3648
246,52,1.465028e-01,41.00000,36.00000,565
246,53,1.376852e-01,43.00000,35.00000,634
246,54,1.374924e-01,50.00000,35.00000,676
246,55,1.374289e-01,49.00000,30.00000,636
246,56,1.383876e-01,49.00000,30.00000,604
246,57,1.382396e-01,49.00000,30.00000,596
246,58,1.415059e-01,53.00000,30.00000,618
246,59,1.436112e-01,47.00000,35.00000,583
246,60,1.394550e-01,49.00000,30.00000,833
246,61,1.420537e-01,49.00000,30.00000,823
246,62,1.376117e-01,53.00000,30.00000,613
246,63,1.376640e-01,47.00000,35.00000,600
246,64,1.367166e-01,49.00000,30.00000,607
246,65,1.427924e-01,43.00000,35.00000,619
246,66,1.410980e-01,52.00000,30.00000,604
246,67,1.395044e-01,49.00000,30.00000,607
246,68,1.414432e-01,56.00000,30.00000,610
246,69,1.392588e-01,44.00000,36.00000,606
246,70,1.380969e-01,55.00000,30.00000,620
246,71,1.372249e-01,55.00000,30.00000,616
247,0,1.362750e-01,49.00000,30.00000,3842
247,1,1.370197e-01,49.00000,30.00000,685
247,2,1.474219e-01,49.00000,30.00000,675
247,3,1.413619e-01,46.00000,35.00000,611
247,4,1.431763e-01,54.00000,30.00000,684
247,5,1.400990e-01,49.00000,35.00000,633
247,6,1.405195e-01,40.00000,35.00000,695
247,7,1.435489e-01,46.00000,35.00000,600
247,8,1.457539e-01,25.00000,36.00000,722
247,9,1.525396e-01,30.00000,36.00000,657
247,10,1.398395e-01,57.00000,30.00000,753
247,11,1.372343e-01,49.00000,30.00000,2838
247,12,1.364637e-01,61.00000,30.00000,688
247,13,1.420857e-01,38.00000,35.00000,3480
247,14,1.390704e-01,39.00000,35.00000,681
247,15,1.418461e-01,45.00000,35.00000,674
247,16,1.371751e-01,41.00000,35.00000,641
247,17,1.396032e-01,54.00000,30.00000,619
247,18,1.397536e-01,59.00000,30.00000,671
247,19,1.434877e-01,49.00000,30.00000,719
247,20,1.393120e-01,53.00000,30.00000,697
247,21,1.420217e-01,44.00000,35.00000,623
247,22,1.412901e-01,43.00000,35.00000,733
247,23,1.373304e-01,54.00000,30.00000,4033
247,24,1.419706e-01,48.00000,35.00000,637
247,25,1.370181e-01,55.00000,30.00000,695
247,26,1.417512e-01,45.00000,35.00000,724
247,27,1.446439e-01,25.00000,36.00000,726
247,28,1.429176e-01,43.00000,35.00000,581
247,29,1.480957e-01,25.00000,36.00000,699
247,30,1.455443e-01,42.00000,40.00000,677
247,31,1.432778e-01,48.00000,35.00000,606
247,32,1.447801e-01,43.00000,35.00000,653
247,33,1.348872e-01,57.00000,30.00000,4758
247,34,1.354206e-01,55.00000,30.00000,668
247,35,1.334539e-01,57.00000,30.00000,644
247,36,1.403045e-01,51.00000,30.00000,647
247,37,1.473594e-01,41.00000,36.00000,655
247,38,1.367178e-01,58.00000,30.00000,676
247,39,1.360067e-01,53.00000,30.00000,680
247,40,1.416511e-01,56.00000,30.00000,656
247,41,1.389365e-01,53.00000,30.00000,647
247,42,1.377799e-01,37.00000,36.00000,715
247,43,1.475923e-01,35.00000,36.00000,1531
247,44,1.367164e-01,49.00000,30.00000,682
247,45,1.420952e-01,58.00000,30.00000,645
247,46,1.387945e-01,55.00000,30.00000,1324
247,47,1.429149e-01,40.00000,35.00000,619
247,48,1.378133e-01,49.00000,30.00000,624
247,49,1.440302e-01,40.00000,36.00000,710
247,50,1.411805e-01,49.00000,30.00000,645
247,51,1.423530e-01,53.00000,30.00000,640
247,52,1.338763e-01,54.00000,30.00000,762
247,53,1.425680e-01,45.00000,35.00000,4433
247,54,1.454059e-01,49.00000,30.00000,659
247,55,1.404841e-01,40.00000,35.00000,595
247,56,1.510420e-01,26.00000,36.00000,639
247,57,1.442538e-01,40.00000,35.00000,578
247,58,1.488576e-01,38.00000,36.00000,571
247,59,1.404057e-01,49.00000,30.00000,592
247,60,1.442177e-01,39.00000,36.00000,596
247,61,1.475020e-01,43.00000,40.00000,596
247,62,1.442393e-01,49.00000,30.00000,589
247,63,1.402483e-01,45.00000,35.00000,792
247,64,1.390663e-01,51.00000,35.00000,616
247,65,1.456878e-01,40.00000,40.00000,588
247,66,1.428095e-01,43.00000,35.00000,598
247,67,1.450695e-01,33.00000,40.00000,591
247,68,1.380311e-01,49.00000,30.00000,623
247,69,1.343403e-01,53.00000,30.00000,625
247,70,1.391837e-01,58.00000,30.00000,623
247,71,1.414941e-01,46.00000,35.00000,600
248,0,1.390457e-01,45.00000,35.00000,4395
248,1,1.390758e-01,48.00000,35.00000,4155
248,2,1.480696e-01,34.00000,36.00000,653
248,3,1.460023e-01,45.00000,35.00000,660
248,4,1.447244e-01,35.00000,40.00000,643
248,5,1.409398e-01,49.00000,30.00000,688
248,6,1.436221e-01,45.00000,35.00000,770
248,7,1.421768e-01,36.00000,36.00000,612
248,8,1.424066e-01,59.00000,30.00000,698
248,9,1.370887e-01,52.00000,30.00000,722
248,10,1.442275e-01,57.00000,30.00000,3095
248,11,1.478010e-01,46.00000,35.00000,5875
248,12,1.440068e-01,37.00000,36.00000,636
248,13,1.464179e-01,36.00000,36.00000,596
248,14,1.459685e-01,34.00000,36.00000,656
248,15,1.499659e-01,42.00000,35.00000,641
248,16,1.438439e-01,42.00000,36.00000,655
248,17,1.379719e-01,48.00000,35.00000,645
248,18,1.474089e-01,38.00000,36.00000,723
248,19,1.424593e-01,59.00000,30.00000,718
248,20,1.392884e-01,49.00000,30.00000,4717
248,21,1.414638e-01,52.00000,30.00000,4279
248,22,1.367676e-01,52.00000,30.00000,664
248,23,1.350516e-01,49.00000,30.00000,668
248,24,1.456233e-01,35.00000,36.00000,2975
248,25,1.399787e-01,49.00000,30.00000,612
248,26,1.397141e-01,53.00000,30.00000,704
248,27,1.364061e-01,49.00000,30.00000,642
248,28,1.375067e-01,47.00000,35.00000,776
248,29,1.415775e-01,49.00000,30.00000,690
248,30,1.373037e-01,43.00000,35.00000,647
248,31,1.381840e-01,58.00000,30.00000,8866
248,32,1.365537e-01,53.00000,30.00000,723
248,33,1.411507e-01,49.00000,30.00000,632
248,34,1.394309e-01,54.00000,30.00000,2632
248,35,1.371354e-01,54.00000,30.00000,633
248,36,1.410151e-01,37.00000,35.00000,670
248,37,1.391551e-01,34.00000,40.00000,609
248,38,1.427763e-01,50.00000,35.00000,735
248,39,1.391666e-01,47.00000,35.00000,645
248,40,1.391577e-01,47.00000,35.00000,635
248,41,1.441916e-01,49.00000,30.00000,9582
248,42,1.407298e-01,53.00000,30.00000,627
248,43,1.424074e-01,44.00000,35.00000,701
248,44,1.439728e-01,35.00000,36.00000,2774
248,45,1.402673e-01,56.00000,30.00000,645
248,46,1.377480e-01,52.00000,30.00000,745
248,47,1.451170e-01,42.00000,36.00000,647
248,48,1.419098e-01,50.00000,30.00000,633
248,49,1.476163e-01,25.00000,36.00000,588
248,50,1.457200e-01,43.00000,36.00000,663
248,51,1.385297e-01,53.00000,30.00000,8377
248,52,1.405050e-01,43.00000,35.00000,701
248,53,1.383142e-01,53.00000,30.00000,640
248,54,1.361414e-01,53.00000,30.00000,1670
248,55,1.426916e-01,46.00000,35.00000,595
248,56,1.446718e-01,56.00000,30.00000,620
248,57,1.436382e-01,57.00000,30.00000,655
248,58,1.423437e-01,43.00000,35.00000,590
248,59,1.447483e-01,42.00000,35.00000,583
248,60,1.436320e-01,39.00000,35.00000,590
248,61,1.422798e-01,54.00000,30.00000,2506
248,62,1.443408e-01,38.00000,35.00000,573
248,63,1.429971e-01,26.00000,36.00000,620
248,64,1.420669e-01,35.00000,36.00000,611
248,65,1.420645e-01,46.00000,35.00000,586
248,66,1.456869e-01,44.00000,35.00000,577
248,67,1.470468e-01,46.00000,35.00000,587
248,68,1.472415e-01,37.00000,36.00000,575
248,69,1.405868e-01,38.00000,35.00000,623
248,70,1.453135e-01,43.00000,36.00000,577
248,71,1.448066e-01,53.00000,30.00000,607
249,0,1.400622e-01,41.00000,36.00000,6323
249,1,1.395529e-01,53.00000,30.00000,741
249,2,1.432283e-01,49.00000,35.00000,656
249,3,1.368434e-01,54.00000,30.00000,704
249,4,1.405057e-01,46.00000,35.00000,656
249,5,1.436372e-01,49.00000,30.00000,721
249,6,1.426501e-01,45.00000,35.00000,708
249,7,1.445779e-01,37.00000,36.00000,653
249,8,1.392150e-01,55.00000,30.00000,675
249,9,1.430433e-01,50.00000,35.00000,786
249,10,1.394803e-01,56.00000,30.00000,13840
249,11,1.477850e-01,34.00000,40.00000,593
249,12,1.409795e-01,47.00000,35.00000,664
249,13,1.406708e-01,53.00000,30.00000,645
249,14,1.401970e-01,38.00000,35.00000,635
249,15,1.415999e-01,45.00000,35.00000,612
249,16,1.413232e-01,42.00000,35.00000,677
249,17,1.444006e-01,47.00000,35.00000,689
249,18,1.463472e-01,41.00000,35.00000,664
249,19,1.416016e-01,49.00000,30.00000,657
249,20,1.434979e-01,49.00000,30.00000,13592
249,21,1.360108e-01,56.00000,30.00000,657
249,22,1.408845e-01,53.00000,30.00000,654
249,23,1.421113e-01,49.00000,30.00000,670
249,24,1.381853e-01,49.00000,30.00000,657
249,25,1.402987e-01,37.00000,35.00000,674
249,26,1.375112e-01,55.00000,30.00000,696
249,27,1.401197e-01,42.00000,36.00000,626
249,28,1.395211e-01,35.00000,36.00000,750
249,29,1.398928e-01,49.00000,30.00000,667
249,30,1.420220e-01,53.00000,30.00000,12193
249,31,1.512471e-01,41.00000,36.00000,608
249,32,1.396107e-01,49.00000,30.00000,600
249,33,1.437009e-01,35.00000,36.00000,650
249,34,1.414053e-01,54.00000,30.00000,634
249,35,1.426272e-01,56.00000,30.00000,621
249,36,1.461222e-01,37.00000,36.00000,585
249,37,1.503325e-01,46.00000,36.00000,685
249,38,1.433123e-01,47.00000,35.00000,690
249,39,1.443156e-01,47.00000,36.00000,623
249,40,1.448689e-01,56.00000,30.00000,10235
249,41,1.411466e-01,55.00000,30.00000,686
249,42,1.411808e-01,42.00000,36.00000,628
249,43,1.416451e-01,42.00000,35.00000,635
249,44,1.438060e-01,47.00000,35.00000,609
249,45,1.405710e-01,49.00000,35.00000,684
249,46,1.385277e-01,59.00000,30.00000,712
249,47,1.399529e-01,55.00000,30.00000,649
249,48,1.467450e-01,37.00000,35.00000,672
249,49,1.432143e-01,42.00000,35.00000,760
249,50,1.401527e-01,43.00000,35.00000,11357
249,51,1.385802e-01,49.00000,30.00000,644
249,52,1.462636e-01,35.00000,36.00000,613
249,53,1.460815e-01,57.00000,30.00000,626
249,54,1.478433e-01,35.00000,40.00000,627
249,55,1.496664e-01,40.00000,35.00000,586
249,56,1.436436e-01,36.00000,35.00000,596
249,57,1.398643e-01,49.00000,30.00000,601
249,58,1.372162e-01,49.00000,30.00000,619
249,59,1.434814e-01,42.00000,36.00000,586
249,60,1.509417e-01,31.00000,36.00000,2070
249,61,1.508740e-01,49.00000,30.00000,586
249,62,1.495803e-01,31.00000,36.00000,583
249,63,1.437535e-01,41.00000,35.00000,581
249,64,1.443895e-01,48.00000,35.00000,605
249,65,1.377696e-01,43.00000,35.00000,617
249,66,1.418868e-01,55.00000,30.00000,616
249,67,1.426269e-01,40.00000,36.00000,593
249,68,1.463422e-01,31.00000,36.00000,603
249,69,1.446707e-01,43.00000,36.00000,586
249,70,1.461707e-01,44.00000,35.00000,583
249,71,1.422272e-01,53.00000,35.00000,610
250,0,1.416785e-01,56.00000,30.00000,11914
250,1,1.411530e-01,40.00000,35.00000,2903
250,2,1.440321e-01,49.00000,30.00000,1212
250,3,1.460299e-01,40.00000,35.00000,628
250,4,1.413546e-01,54.00000,30.00000,661
250,5,1.487414e-01,40.00000,40.00000,643
250,6,1.469526e-01,43.00000,36.00000,653
250,7,1.440476e-01,38.00000,35.00000,661
250,8,1.431780e-01,44.00000,35.00000,689
250,9,1.411047e-01,32.00000,36.00000,685
250,10,1.440787e-01,39.00000,35.00000,5588
250,11,1.446230e-01,35.00000,36.00000,3083
250,12,1.427404e-01,44.00000,35.00000,1885
250,13,1.446063e-01,45.00000,35.00000,634
250,14,1.426427e-01,57.00000,30.00000,697
250,15,1.491091e-01,36.00000,36.00000,661
250,16,1.423187e-01,49.00000,30.00000,675
250,17,1.491323e-01,45.00000,35.00000,622
250,18,1.397901e-01,41.00000,35.00000,691
250,19,1.437661e-01,45.00000,35.00000,690
250,20,1.399651e-01,50.00000,35.00000,5262
250,21,1.426508e-01,41.00000,36.00000,2471
250,22,1.445272e-01,49.00000,35.00000,4226
250,23,1.490314e-01,37.00000,36.00000,600
250,24,1.390756e-01,53.00000,30.00000,697
250,25,1.555128e-01,25.00000,36.00000,641
250,26,1.455526e-01,48.00000,35.00000,683
250,27,1.421019e-01,48.00000,35.00000,778
250,28,1.460871e-01,39.00000,35.00000,618
250,29,1.507524e-01,46.00000,35.00000,750
250,30,1.441791e-01,57.00000,30.00000,3981
250,31,1.449480e-01,37.00000,36.00000,5449
250,32,1.449474e-01,42.00000,36.00000,665
250,33,1.431797e-01,40.00000,35.00000,650
250,34,1.433457e-01,43.00000,36.00000,688
250,35,1.403337e-01,45.00000,35.00000,668
250,36,1.438008e-01,53.00000,30.00000,667
250,37,1.497952e-01,30.00000,36.00000,634
250,38,1.528678e-01,51.00000,35.00000,654
250,39,1.526172e-01,37.00000,36.00000,709
250,40,1.462425e-01,41.00000,35.00000,4423
250,41,1.425078e-01,40.00000,36.00000,5617
250,42,1.397603e-01,49.00000,30.00000,842
250,43,1.410079e-01,54.00000,30.00000,641
250,44,1.433860e-01,46.00000,35.00000,705
250,45,1.452100e-01,40.00000,36.00000,702
250,46,1.510872e-01,31.00000,36.00000,685
250,47,1.463012e-01,36.00000,36.00000,720
250,48,1.482112e-01,49.00000,30.00000,632
250,49,1.502465e-01,44.00000,35.00000,604
250,50,1.364267e-01,57.00000,30.00000,717
250,51,1.404932e-01,56.00000,30.00000,10467
250,52,1.377063e-01,49.00000,30.00000,723
250,53,1.443226e-01,54.00000,30.00000,659
250,54,1.395887e-01,61.00000,30.00000,663
250,55,1.358286e-01,57.00000,30.00000,704
250,56,1.393053e-01,43.00000,35.00000,619
250,57,1.373982e-01,60.00000,30.00000,654
250,58,1.401475e-01,36.00000,36.00000,649
250,59,1.371919e-01,49.00000,30.00000,673
250,60,1.445153e-01,49.00000,30.00000,605
250,61,1.459843e-01,48.00000,35.00000,3614
250,62,1.441742e-01,44.00000,35.00000,577
250,63,1.418570e-01,39.00000,40.00000,611
250,64,1.422847e-01,49.00000,35.00000,591
250,65,1.460542e-01,39.00000,40.00000,591
250,66,1.404650e-01,46.00000,35.00000,597
250,67,1.415426e-01,45.00000,36.00000,635
250,68,1.418277e-01,54.00000,30.00000,604
250,69,1.393763e-01,45.00000,35.00000,614
250,70,1.440853e-01,49.00000,30.00000,602
250,71,1.437919e-01,37.00000,36.00000,607
251,0,1.403924e-01,54.00000,30.00000,179614
251,1,1.381002e-01,49.00000,30.00000,630
251,2,1.415638e-01,47.00000,35.00000,595
251,3,1.420259e-01,48.00000,35.00000,634
251,4,1.379661e-01,54.00000,30.00000,676
251,5,1.428183e-01,41.00000,35.00000,681
251,6,1.389948e-01,54.00000,30.00000,656
251,7,1.399202e-01,47.00000,35.00000,660
251,8,1.461969e-01,36.00000,35.00000,664
251,9,1.421702e-01,46.00000,35.00000,646
251,10,1.403674e-01,42.00000,35.00000,5744
251,11,1.470761e-01,42.00000,35.00000,765
251,12,1.430274e-01,49.00000,30.00000,3625
251,13,1.376488e-01,53.00000,30.00000,682
251,14,1.411668e-01,49.00000,30.00000,685
251,15,1.425902e-01,31.00000,36.00000,2685
251,16,1.388040e-01,46.00000,35.00000,676
251,17,1.458469e-01,55.00000,30.00000,682
251,18,1.478750e-01,35.00000,36.00000,626
251,19,1.443383e-01,48.00000,35.00000,622
251,20,1.414670e-01,45.00000,35.00000,3632
251,21,1.485627e-01,43.00000,36.00000,675
251,22,1.406671e-01,55.00000,30.00000,7451
251,23,1.449474e-01,48.00000,35.00000,647
251,24,1.431526e-01,41.00000,36.00000,770
251,25,1.370413e-01,57.00000,30.00000,660
251,26,1.466099e-01,38.00000,35.00000,628
251,27,1.500943e-01,40.00000,36.00000,682
251,28,1.487422e-01,31.00000,36.00000,636
251,29,1.479401e-01,43.00000,36.00000,705
251,30,1.492447e-01,42.00000,36.00000,4687
251,31,1.445947e-01,36.00000,35.00000,621
251,32,1.391598e-01,53.00000,30.00000,5869
251,33,1.451674e-01,48.00000,36.00000,597
251,34,1.439252e-01,57.00000,30.00000,651
251,35,1.392704e-01,55.00000,30.00000,3894
251,36,1.451441e-01,48.00000,35.00000,619
251,37,1.446821e-01,41.00000,35.00000,637
251,38,1.405065e-01,53.00000,30.00000,770
251,39,1.421988e-01,49.00000,30.00000,595
251,40,1.469106e-01,33.00000,40.00000,700
251,41,1.453636e-01,51.00000,35.00000,601
251,42,1.487665e-01,31.00000,36.00000,4065
251,43,1.422441e-01,47.00000,35.00000,625
251,44,1.432608e-01,36.00000,36.00000,704
251,45,1.406647e-01,55.00000,30.00000,4809
251,46,1.491035e-01,42.00000,36.00000,653
251,47,1.411242e-01,47.00000,35.00000,729
251,48,1.408557e-01,55.00000,30.00000,731
251,49,1.413517e-01,49.00000,30.00000,649
251,50,1.419967e-01,46.00000,35.00000,704
251,51,1.447520e-01,43.00000,36.00000,630
251,52,1.569452e-01,31.00000,36.00000,8544
251,53,1.412795e-01,44.00000,35.00000,621
251,54,1.422881e-01,54.00000,30.00000,650
251,55,1.415440e-01,40.00000,36.00000,2734
251,56,1.469221e-01,41.00000,35.00000,595
251,57,1.483607e-01,35.00000,36.00000,620
251,58,1.431744e-01,53.00000,30.00000,623
251,59,1.449233e-01,44.00000,35.00000,597
251,60,1.381305e-01,53.00000,30.00000,626
251,61,1.422509e-01,45.00000,35.00000,594
251,62,1.386327e-01,49.00000,30.00000,591
251,63,1.415224e-01,49.00000,30.00000,586
251,64,1.518490e-01,40.00000,35.00000,556
251,65,1.430991e-01,39.00000,35.00000,611
251,66,1.380732e-01,54.00000,30.00000,605
251,67,1.400895e-01,54.00000,30.00000,615
251,68,1.441318e-01,39.00000,35.00000,585
251,69,1.421000e-01,52.00000,30.00000,610
251,70,1.445033e-01,36.00000,40.00000,607
251,71,1.423479e-01,43.00000,36.00000,595
252,0,1.378266e-01,57.00000,30.00000,13241
252,1,1.430300e-01,35.00000,40.00000,624
252,2,1.449310e-01,43.00000,35.00000,705
252,3,1.432628e-01,35.00000,36.00000,750
252,4,1.443401e-01,54.00000,30.00000,657
252,5,1.467586e-01,30.00000,36.00000,660
252,6,1.458074e-01,41.00000,36.00000,669
252,7,1.421406e-01,55.00000,30.00000,616
252,8,1.398676e-01,53.00000,30.00000,720
252,9,1.390877e-01,49.00000,30.00000,746
252,10,1.407944e-01,46.00000,35.00000,10920
252,11,1.397244e-01,48.00000,35.00000,621
252,12,1.417845e-01,54.00000,30.00000,727
252,13,1.396483e-01,49.00000,30.00000,624
252,14,1.406440e-01,49.00000,30.00000,648
252,15,1.431673e-01,49.00000,30.00000,621
252,16,1.449316e-01,41.00000,36.00000,693
252,17,1.419601e-01,35.00000,36.00000,651
252,18,1.388282e-01,55.00000,30.00000,704
252,19,1.415758e-01,39.00000,35.00000,718
252,20,1.386826e-01,49.00000,35.00000,12520
252,21,1.388947e-01,54.00000,30.00000,612
252,22,1.371090e-01,56.00000,30.00000,694
252,23,1.383912e-01,49.00000,35.00000,647
252,24,1.385404e-01,52.00000,30.00000,647
252,25,1.385880e-01,54.00000,30.00000,723
252,26,1.367671e-01,55.00000,30.00000,667
252,27,1.402285e-01,49.00000,30.00000,688
252,28,1.397707e-01,51.00000,30.00000,643
252,29,1.399564e-01,49.00000,30.00000,745
252,30,1.374793e-01,52.00000,30.00000,9845
252,31,1.449442e-01,45.00000,35.00000,609
252,32,1.416187e-01,44.00000,35.00000,610
252,33,1.423532e-01,53.00000,30.00000,681
252,34,1.443194e-01,43.00000,36.00000,581
252,35,1.449057e-01,44.00000,35.00000,761
252,36,1.424567e-01,53.00000,30.00000,673
252,37,1.439602e-01,41.00000,36.00000,676
252,38,1.455231e-01,31.00000,36.00000,672
252,39,1.437967e-01,55.00000,30.00000,682
252,40,1.478915e-01,36.00000,40.00000,7718
252,41,1.483929e-01,42.00000,35.00000,588
252,42,1.452862e-01,43.00000,35.00000,650
252,43,1.421418e-01,39.00000,35.00000,684
252,44,1.454492e-01,45.00000,36.00000,628
252,45,1.424973e-01,44.00000,35.00000,650
252,46,1.405672e-01,48.00000,35.00000,664
252,47,1.427128e-01,53.00000,30.00000,638
252,48,1.494482e-01,38.00000,36.00000,607
252,49,1.465706e-01,42.00000,35.00000,703
252,50,1.460969e-01,31.00000,36.00000,5497
252,51,1.390933e-01,53.00000,30.00000,673
252,52,1.423309e-01,43.00000,35.00000,628
252,53,1.417381e-01,44.00000,35.00000,631
252,54,1.412724e-01,49.00000,30.00000,608
252,55,1.445468e-01,48.00000,35.00000,601
252,56,1.410421e-01,45.00000,35.00000,644
252,57,1.440519e-01,42.00000,36.00000,603
252,58,1.453110e-01,42.00000,36.00000,595
252,59,1.479272e-01,42.00000,35.00000,578
252,60,1.412385e-01,48.00000,35.00000,2254
252,61,1.442998e-01,37.00000,36.00000,606
252,62,1.438833e-01,53.00000,30.00000,617
252,63,1.496436e-01,47.00000,35.00000,602
252,64,1.455009e-01,31.00000,36.00000,584
252,65,1.482145e-01,45.00000,35.00000,568
252,66,1.410205e-01,42.00000,35.00000,625
252,67,1.439301e-01,53.00000,30.00000,605
252,68,1.528551e-01,31.00000,36.00000,574
252,69,1.450681e-01,47.00000,35.00000,582
252,70,1.435743e-01,44.00000,35.00000,592
252,71,1.367949e-01,54.00000,30.00000,619
253,0,1.432391e-01,38.00000,36.00000,706
253,1,1.400161e-01,55.00000,30.00000,661
253,2,1.406067e-01,44.00000,36.00000,746
253,3,1.455617e-01,54.00000,30.00000,654
253,4,1.391367e-01,54.00000,30.00000,672
253,5,1.459329e-01,37.00000,36.00000,685
253,6,1.443672e-01,46.00000,35.00000,658
253,7,1.380357e-01,49.00000,30.00000,612
253,8,1.372432e-01,52.00000,30.00000,723
253,9,1.380763e-01,58.00000,30.00000,730
253,10,1.484856e-01,37.00000,36.00000,609
253,11,1.511890e-01,30.00000,36.00000,770
253,12,1.494444e-01,50.00000,35.00000,622
253,13,1.437081e-01,43.00000,35.00000,721
253,14,1.409526e-01,54.00000,30.00000,671
253,15,1.436009e-01,45.00000,35.00000,687
253,16,1.418108e-01,46.00000,35.00000,674
253,17,1.455960e-01,38.00000,35.00000,625
253,18,1.489315e-01,25.00000,36.00000,693
253,19,1.457259e-01,47.00000,35.00000,658
253,20,1.408415e-01,45.00000,35.00000,731
253,21,1.418654e-01,54.00000,30.00000,630
253,22,1.400023e-01,54.00000,30.00000,697
253,23,1.392309e-01,41.00000,36.00000,673
253,24,1.430770e-01,54.00000,30.00000,711
253,25,1.405562e-01,51.00000,30.00000,701
253,26,1.373428e-01,49.00000,30.00000,731
253,27,1.392556e-01,46.00000,35.00000,761
253,28,1.360762e-01,53.00000,30.00000,708
253,29,1.378855e-01,57.00000,30.00000,706
253,30,1.511286e-01,41.00000,36.00000,670
253,31,1.437235e-01,53.00000,30.00000,692
253,32,1.414666e-01,44.00000,36.00000,646
253,33,1.384218e-01,54.00000,30.00000,678
253,34,1.439212e-01,42.00000,36.00000,633
253,35,1.459829e-01,31.00000,36.00000,738
253,36,1.376524e-01,56.00000,30.00000,737
253,37,1.400482e-01,53.00000,30.00000,605
253,38,1.435746e-01,40.00000,35.00000,686
253,39,1.407427e-01,58.00000,30.00000,620
253,40,1.493217e-01,52.00000,30.00000,731
253,41,1.416542e-01,41.00000,36.00000,660
253,42,1.446132e-01,44.00000,35.00000,633
253,43,1.447303e-01,45.00000,35.00000,656
253,44,1.486066e-01,45.00000,35.00000,692
253,45,1.474731e-01,43.00000,35.00000,618
253,46,1.453207e-01,41.00000,36.00000,678
253,47,1.447973e-01,52.00000,30.00000,639
253,48,1.390384e-01,49.00000,30.00000,684
253,49,1.464552e-01,42.00000,36.00000,648
253,50,1.404283e-01,45.00000,35.00000,703
253,51,1.363827e-01,55.00000,30.00000,728
253,52,1.394991e-01,54.00000,30.00000,617
253,53,1.399834e-01,54.00000,30.00000,621
253,54,1.379329e-01,42.00000,35.00000,599
253,55,1.425879e-01,31.00000,36.00000,612
253,56,1.374493e-01,54.00000,30.00000,633
253,57,1.438173e-01,43.00000,35.00000,586
253,58,1.430856e-01,53.00000,30.00000,618
253,59,1.463436e-01,42.00000,35.00000,627
253,60,1.390937e-01,49.00000,30.00000,593
253,61,1.458700e-01,35.00000,36.00000,627
253,62,1.357394e-01,54.00000,30.00000,620
253,63,1.441766e-01,35.00000,36.00000,594
253,64,1.423404e-01,48.00000,35.00000,602
253,65,1.446383e-01,50.00000,35.00000,610
253,66,1.411812e-01,50.00000,30.00000,591
253,67,1.461658e-01,45.00000,35.00000,625
253,68,1.386719e-01,53.00000,30.00000,609
253,69,1.446407e-01,57.00000,30.00000,626
253,70,1.472788e-01,46.00000,35.00000,588
253,71,1.433053e-01,50.00000,35.00000,607
254,0,1.422500e-01,42.00000,35.00000,5794
254,1,1.397090e-01,49.00000,30.00000,1183
254,2,1.455044e-01,42.00000,36.00000,1689
254,3,1.440921e-01,52.00000,30.00000,682
254,4,1.456837e-01,42.00000,35.00000,606
254,5,1.432267e-01,49.00000,35.00000,705
254,6,1.419482e-01,57.00000,30.00000,709
254,7,1.403145e-01,42.00000,35.00000,733
254,8,1.458806e-01,39.00000,35.00000,689
254,9,1.382150e-01,51.00000,35.00000,673
254,10,1.434224e-01,46.00000,35.00000,7944
254,11,1.431399e-01,41.00000,35.00000,690
254,12,1.430872e-01,52.00000,30.00000,665
254,13,1.407660e-01,49.00000,30.00000,627
254,14,1.446824e-01,43.00000,36.00000,645
254,15,1.371682e-01,59.00000,30.00000,726
254,16,1.456989e-01,54.00000,30.00000,648
254,17,1.473715e-01,31.00000,36.00000,701
254,18,1.399589e-01,47.00000,35.00000,657
254,19,1.466780e-01,39.00000,35.00000,671
254,20,1.456093e-01,42.00000,35.00000,6147
254,21,1.412319e-01,48.00000,35.00000,675
254,22,1.387033e-01,47.00000,36.00000,659
254,23,1.419070e-01,52.00000,30.00000,671
254,24,1.370282e-01,49.00000,30.00000,607
254,25,1.387855e-01,59.00000,30.00000,750
254,26,1.378786e-01,53.00000,30.00000,684
254,27,1.407288e-01,57.00000,30.00000,626
254,28,1.383028e-01,43.00000,35.00000,775
254,29,1.382485e-01,44.00000,35.00000,660
254,30,1.387106e-01,55.00000,30.00000,3622
254,31,1.483865e-01,40.00000,35.00000,583
254,32,1.421929e-01,49.00000,35.00000,628
254,33,1.434443e-01,52.00000,30.00000,605
254,34,1.413718e-01,46.00000,35.00000,635
254,35,1.388246e-01,55.00000,30.00000,716
254,36,1.413006e-01,43.00000,36.00000,659
254,37,1.428695e-01,47.00000,35.00000,633
254,38,1.423434e-01,49.00000,30.00000,595
254,39,1.433591e-01,41.00000,36.00000,695
254,40,1.411320e-01,51.00000,35.00000,3524
254,41,1.409296e-01,54.00000,30.00000,717
254,42,1.366389e-01,49.00000,35.00000,667
254,43,1.410430e-01,40.00000,35.00000,671
254,44,1.358180e-01,55.00000,30.00000,663
254,45,1.386085e-01,53.00000,30.00000,672
254,46,1.412193e-01,45.00000,35.00000,590
254,47,1.385706e-01,53.00000,30.00000,698
254,48,1.432648e-01,52.00000,30.00000,640
254,49,1.367869e-01,54.00000,30.00000,690
254,50,1.446758e-01,38.00000,36.00000,5551
254,51,1.426305e-01,46.00000,35.00000,622
254,52,1.428539e-01,49.00000,30.00000,585
254,53,1.454223e-01,31.00000,36.00000,634
254,54,1.444671e-01,45.00000,35.00000,605
254,55,1.444429e-01,48.00000,35.00000,608
254,56,1.481863e-01,38.00000,35.00000,569
254,57,1.460019e-01,48.00000,35.00000,594
254,58,1.415764e-01,56.00000,30.00000,639
254,59,1.528838e-01,25.00000,36.00000,563
254,60,1.416720e-01,46.00000,35.00000,619
254,61,1.444349e-01,47.00000,35.00000,582
254,62,1.484429e-01,31.00000,36.00000,575
254,63,1.451092e-01,56.00000,30.00000,615
254,64,1.366196e-01,53.00000,30.00000,645
254,65,1.435419e-01,52.00000,30.00000,602
254,66,1.425426e-01,37.00000,36.00000,604
254,67,1.387953e-01,49.00000,35.00000,603
254,68,1.457368e-01,49.00000,30.00000,585
254,69,1.439902e-01,44.00000,35.00000,615
254,70,1.429248e-01,45.00000,35.00000,583
254,71,1.425491e-01,48.00000,35.00000,594
255,0,1.498702e-01,31.00000,36.00000,4965
255,1,1.405516e-01,57.00000,30.00000,5050
255,2,1.358238e-01,57.00000,30.00000,1344
255,3,1.398391e-01,46.00000,35.00000,653
255,4,1.397373e-01,41.00000,40.00000,624
255,5,1.508754e-01,31.00000,36.00000,665
255,6,1.389820e-01,58.00000,30.00000,682
255,7,1.440900e-01,49.00000,30.00000,638
255,8,1.435362e-01,38.00000,35.00000,669
255,9,1.494270e-01,45.00000,35.00000,615
255,10,1.410107e-01,55.00000,30.00000,5429
255,11,1.467286e-01,45.00000,36.00000,7330
255,12,1.426273e-01,43.00000,36.00000,609
255,13,1.547467e-01,31.00000,36.00000,591
255,14,1.350959e-01,57.00000,30.00000,675
255,15,1.482239e-01,54.00000,30.00000,641
255,16,1.383878e-01,48.00000,35.00000,699
255,17,1.441889e-01,41.00000,35.00000,653
255,18,1.437879e-01,37.00000,36.00000,667
255,19,1.423849e-01,49.00000,30.00000,697
255,20,1.426054e-01,45.00000,35.00000,6292
255,21,1.403846e-01,53.00000,30.00000,7374
255,22,1.471941e-01,25.00000,36.00000,600
255,23,1.403354e-01,41.00000,35.00000,635
255,24,1.404257e-01,56.00000,30.00000,680
255,25,1.446010e-01,45.00000,35.00000,657
255,26,1.396358e-01,53.00000,30.00000,640
255,27,1.382522e-01,52.00000,30.00000,648
255,28,1.450419e-01,41.00000,36.00000,631
255,29,1.505110e-01,30.00000,36.00000,714
255,30,1.388089e-01,54.00000,30.00000,639
255,31,1.428253e-01,45.00000,35.00000,12791
255,32,1.364070e-01,57.00000,30.00000,654
255,33,1.448698e-01,57.00000,30.00000,674
255,34,1.370576e-01,54.00000,30.00000,630
255,35,1.349656e-01,59.00000,30.00000,726
255,36,1.404973e-01,45.00000,35.00000,619
255,37,1.391708e-01,49.00000,30.00000,708
255,38,1.412734e-01,49.00000,30.00000,600
255,39,1.375391e-01,57.00000,30.00000,666
255,40,1.386536e-01,47.00000,35.00000,620
255,41,1.463531e-01,36.00000,36.00000,7806
255,42,1.464130e-01,40.00000,36.00000,678
255,43,1.424367e-01,58.00000,30.00000,701
255,44,1.439815e-01,38.00000,36.00000,668
255,45,1.432376e-01,46.00000,35.00000,693
255,46,1.430857e-01,46.00000,35.00000,724
255,47,1.437047e-01,42.00000,35.00000,671
255,48,1.495276e-01,36.00000,36.00000,587
255,49,1.412978e-01,55.00000,30.00000,689
255,50,1.417301e-01,53.00000,30.00000,764
255,51,1.424466e-01,47.00000,35.00000,12822
255,52,1.404966e-01,55.00000,30.00000,616
255,53,1.394859e-01,54.00000,30.00000,673
255,54,1.433937e-01,53.00000,30.00000,620
255,55,1.387742e-01,58.00000,30.00000,634
255,56,1.408226e-01,43.00000,35.00000,618
255,57,1.433303e-01,40.00000,36.00000,620
255,58,1.411359e-01,46.00000,35.00000,639
255,59,1.446339e-01,43.00000,35.00000,587
255,60,1.351765e-01,54.00000,30.00000,635
255,61,1.404898e-01,45.00000,35.00000,968
255,62,1.405468e-01,49.00000,30.00000,597
255,63,1.441697e-01,54.00000,30.00000,604
255,64,1.446658e-01,49.00000,30.00000,616
255,65,1.425257e-01,36.00000,36.00000,594
255,66,1.415857e-01,58.00000,30.00000,620
255,67,1.413169e-01,41.00000,35.00000,598
255,68,1.432079e-01,46.00000,35.00000,586
255,69,1.383667e-01,48.00000,35.00000,607
255,70,1.381224e-01,48.00000,35.00000,636
255,71,1.389091e-01,58.00000,30.00000,620
256,0,1.408892e-01,45.00000,35.00000,4395
256,1,1.455356e-01,43.00000,36.00000,681
256,2,1.401185e-01,49.00000,30.00000,666
256,3,1.465551e-01,53.00000,30.00000,1610
256,4,1.408163e-01,49.00000,30.00000,642
256,5,1.474429e-01,43.00000,35.00000,710
256,6,1.448455e-01,35.00000,36.00000,669
256,7,1.459870e-01,54.00000,30.00000,673
256,8,1.456887e-01,30.00000,36.00000,673
256,9,1.398410e-01,44.00000,35.00000,635
256,10,1.427522e-01,37.00000,36.00000,10961
256,11,1.382015e-01,53.00000,30.00000,636
256,12,1.526827e-01,41.00000,35.00000,660
256,13,1.463535e-01,45.00000,35.00000,640
256,14,1.435917e-01,41.00000,36.00000,610
256,15,1.368278e-01,53.00000,30.00000,696
256,16,1.457883e-01,45.00000,35.00000,603
256,17,1.399514e-01,49.00000,30.00000,675
256,18,1.544304e-01,30.00000,36.00000,638
256,19,1.437419e-01,47.00000,35.00000,686
256,20,1.379412e-01,53.00000,30.00000,12953
256,21,1.417947e-01,49.00000,30.00000,671
256,22,1.425379e-01,30.00000,36.00000,629
256,23,1.405093e-01,45.00000,35.00000,632
256,24,1.412139e-01,49.00000,30.00000,663
256,25,1.351892e-01,58.00000,30.00000,763
256,26,1.377466e-01,39.00000,36.00000,692
256,27,1.366667e-01,52.00000,30.00000,717
256,28,1.468645e-01,53.00000,30.00000,649
256,29,1.400187e-01,49.00000,30.00000,713
256,30,1.408378e-01,43.00000,35.00000,12465
256,31,1.416408e-01,52.00000,30.00000,616
256,32,1.363670e-01,49.00000,35.00000,611
256,33,1.420522e-01,49.00000,30.00000,597
256,34,1.403466e-01,55.00000,30.00000,653
256,35,1.470665e-01,43.00000,36.00000,589
256,36,1.457602e-01,44.00000,35.00000,644
256,37,1.443280e-01,40.00000,35.00000,637
256,38,1.396559e-01,53.00000,30.00000,669
256,39,1.402398e-01,49.00000,30.00000,620
256,40,1.463103e-01,35.00000,36.00000,9773
256,41,1.447143e-01,36.00000,36.00000,660
256,42,1.397393e-01,46.00000,35.00000,630
256,43,1.392409e-01,49.00000,30.00000,627
256,44,1.443904e-01,54.00000,30.00000,650
256,45,1.367546e-01,50.00000,35.00000,688
256,46,1.482006e-01,44.00000,35.00000,667
256,47,1.404615e-01,59.00000,30.00000,648
256,48,1.413371e-01,49.00000,30.00000,648
256,49,1.396580e-01,49.00000,30.00000,668
256,50,1.423219e-01,43.00000,35.00000,12889
256,51,1.412019e-01,42.00000,36.00000,645
256,52,1.450482e-01,40.00000,36.00000,621
256,53,1.446864e-01,49.00000,30.00000,594
256,54,1.379998e-01,56.00000,30.00000,664
256,55,1.464997e-01,54.00000,30.00000,603
256,56,1.421495e-01,47.00000,35.00000,599
256,57,1.407379e-01,46.00000,35.00000,639
256,58,1.393826e-01,55.00000,30.00000,616
256,59,1.441218e-01,49.00000,30.00000,596
256,60,1.452809e-01,43.00000,35.00000,1265
256,61,1.462267e-01,42.00000,35.00000,584
256,62,1.482103e-01,41.00000,36.00000,561
256,63,1.391562e-01,49.00000,30.00000,595
256,64,1.423096e-01,37.00000,40.00000,599
256,65,1.411569e-01,40.00000,36.00000,614
256,66,1.397322e-01,49.00000,30.00000,600
256,67,1.460162e-01,45.00000,35.00000,588
256,68,1.452672e-01,49.00000,30.00000,590
256,69,1.398739e-01,53.00000,30.00000,605
256,70,1.408701e-01,45.00000,35.00000,592
256,71,1.390506e-01,54.00000,30.00000,603
257,0,1.426866e-01,39.00000,36.00000,3624
257,1,1.402790e-01,52.00000,30.00000,2653
257,2,1.463191e-01,37.00000,36.00000,1634
257,3,1.443068e-01,57.00000,30.00000,1647
257,4,1.453708e-01,41.00000,36.00000,712
257,5,1.511507e-01,40.00000,35.00000,700
257,6,1.423198e-01,49.00000,30.00000,695
257,7,1.409729e-01,56.00000,30.00000,647
257,8,1.409493e-01,45.00000,35.00000,634
257,9,1.390068e-01,41.00000,35.00000,674
257,10,1.408156e-01,43.00000,35.00000,3717
257,11,1.421023e-01,52.00000,30.00000,735
257,12,1.464422e-01,45.00000,35.00000,625
257,13,1.409676e-01,40.00000,35.00000,1107
257,14,1.414991e-01,45.00000,35.00000,669
257,15,1.459308e-01,39.00000,36.00000,657
257,16,1.426555e-01,52.00000,30.00000,650
257,17,1.425725e-01,45.00000,35.00000,618
257,18,1.505785e-01,47.00000,35.00000,630
257,19,1.455902e-01,31.00000,36.00000,625
257,20,1.391054e-01,54.00000,30.00000,1861
257,21,1.415747e-01,43.00000,35.00000,2065
257,22,1.414820e-01,54.00000,30.00000,663
257,23,1.476558e-01,49.00000,35.00000,646
257,24,1.395642e-01,44.00000,35.00000,675
257,25,1.356187e-01,49.00000,35.00000,684
257,26,1.391639e-01,58.00000,30.00000,730
257,27,1.419616e-01,42.00000,35.00000,679
257,28,1.403785e-01,49.00000,30.00000,656
257,29,1.413935e-01,49.00000,30.00000,659
257,30,1.415433e-01,39.00000,36.00000,648
257,31,1.419156e-01,59.00000,30.00000,6151
257,32,1.396110e-01,49.00000,30.00000,595
257,33,1.433526e-01,48.00000,35.00000,629
257,34,1.408833e-01,49.00000,30.00000,676
257,35,1.418968e-01,55.00000,30.00000,669
257,36,1.453476e-01,30.00000,36.00000,557
257,37,1.424180e-01,53.00000,30.00000,693
257,38,1.410259e-01,42.00000,35.00000,676
257,39,1.522514e-01,45.00000,35.00000,639
257,40,1.396303e-01,49.00000,30.00000,646
257,41,1.466396e-01,57.00000,30.00000,3040
257,42,1.418631e-01,53.00000,30.00000,688
257,43,1.373473e-01,56.00000,30.00000,682
257,44,1.441244e-01,55.00000,30.00000,632
257,45,1.461522e-01,37.00000,36.00000,662
257,46,1.445677e-01,41.00000,36.00000,620
257,47,1.439022e-01,43.00000,36.00000,703
257,48,1.440282e-01,47.00000,35.00000,703
257,49,1.399084e-01,58.00000,30.00000,699
257,50,1.395762e-01,42.00000,35.00000,665
257,51,1.463830e-01,42.00000,35.00000,2363
257,52,1.450614e-01,41.00000,36.00000,618
257,53,1.434175e-01,37.00000,36.00000,638
257,54,1.462117e-01,53.00000,30.00000,652
257,55,1.459228e-01,39.00000,40.00000,604
257,56,1.479449e-01,37.00000,35.00000,580
257,57,1.440012e-01,44.00000,35.00000,620
257,58,1.453106e-01,55.00000,30.00000,629
257,59,1.372630e-01,57.00000,30.00000,659
257,60,1.373208e-01,57.00000,30.00000,660
257,61,1.418321e-01,54.00000,30.00000,1874
257,62,1.441478e-01,53.00000,30.00000,606
257,63,1.496058e-01,58.00000,30.00000,620
257,64,1.442740e-01,40.00000,36.00000,603
257,65,1.423549e-01,42.00000,35.00000,611
257,66,1.414738e-01,41.00000,36.00000,592
257,67,1.536047e-01,35.00000,36.00000,598
257,68,1.455178e-01,40.00000,36.00000,578
257,69,1.451574e-01,40.00000,35.00000,589
257,70,1.492628e-01,38.00000,35.00000,556
257,71,1.443795e-01,50.00000,35.00000,607
258,0,1.419608e-01,41.00000,36.00000,10641
258,1,1.387843e-01,54.00000,30.00000,1609
258,2,1.389366e-01,51.00000,30.00000,654
258,3,1.415427e-01,54.00000,30.00000,679
258,4,1.356940e-01,54.00000,30.00000,708
258,5,1.436085e-01,53.00000,30.00000,678
258,6,1.388684e-01,57.00000,30.00000,636
258,7,1.395150e-01,43.00000,35.00000,685
258,8,1.414844e-01,46.00000,35.00000,646
258,9,1.378134e-01,49.00000,30.00000,706
258,10,1.428972e-01,39.00000,36.00000,6029
258,11,1.417677e-01,49.00000,30.00000,3923
258,12,1.406594e-01,50.00000,35.00000,661
258,13,1.518362e-01,36.00000,36.00000,575
258,14,1.389935e-01,57.00000,30.00000,644
258,15,1.382068e-01,54.00000,30.00000,653
258,16,1.379393e-01,45.00000,35.00000,620
258,17,1.429609e-01,52.00000,30.00000,699
258,18,1.405091e-01,48.00000,35.00000,634
258,19,1.441127e-01,43.00000,36.00000,646
258,20,1.406613e-01,49.00000,35.00000,3830
258,21,1.436019e-01,55.00000,30.00000,622
258,22,1.428198e-01,48.00000,35.00000,720
258,23,1.403362e-01,43.00000,35.00000,3549
258,24,1.471339e-01,31.00000,36.00000,622
258,25,1.411041e-01,42.00000,35.00000,691
258,26,1.431299e-01,40.00000,36.00000,629
258,27,1.447604e-01,58.00000,30.00000,732
258,28,1.515195e-01,35.00000,36.00000,639
258,29,1.436559e-01,55.00000,30.00000,682
258,30,1.442179e-01,52.00000,30.00000,1054
258,31,1.436719e-01,45.00000,35.00000,6493
258,32,1.452817e-01,42.00000,36.00000,647
258,33,1.484584e-01,43.00000,35.00000,1181
258,34,1.394975e-01,41.00000,35.00000,714
258,35,1.422841e-01,54.00000,30.00000,650
258,36,1.415494e-01,44.00000,35.00000,589
258,37,1.441066e-01,43.00000,36.00000,610
258,38,1.407483e-01,49.00000,30.00000,649
258,39,1.432960e-01,53.00000,30.00000,715
258,40,1.446494e-01,42.00000,35.00000,666
258,41,1.409972e-01,57.00000,30.00000,9108
258,42,1.404397e-01,58.00000,30.00000,626
258,43,1.386400e-01,49.00000,35.00000,719
258,44,1.448095e-01,49.00000,30.00000,944
258,45,1.464629e-01,31.00000,36.00000,649
258,46,1.405522e-01,55.00000,30.00000,690
258,47,1.428178e-01,47.00000,35.00000,662
258,48,1.388129e-01,59.00000,30.00000,675
258,49,1.416663e-01,45.00000,35.00000,678
258,50,1.357447e-01,47.00000,35.00000,648
258,51,1.446244e-01,57.00000,30.00000,7221
258,52,1.385865e-01,49.00000,30.00000,653
258,53,1.367400e-01,53.00000,30.00000,690
258,54,1.412430e-01,43.00000,35.00000,648
258,55,1.421478e-01,52.00000,30.00000,603
258,56,1.422610e-01,58.00000,30.00000,622
258,57,1.390398e-01,52.00000,30.00000,602
258,58,1.410694e-01,57.00000,30.00000,641
258,59,1.433942e-01,40.00000,35.00000,599
258,60,1.438058e-01,46.00000,35.00000,589
258,61,1.410270e-01,43.00000,35.00000,606
258,62,1.392013e-01,53.00000,30.00000,605
258,63,1.359054e-01,55.00000,30.00000,616
258,64,1.414406e-01,51.00000,30.00000,607
258,65,1.411919e-01,40.00000,35.00000,617
258,66,1.372706e-01,55.00000,30.00000,616
258,67,1.383498e-01,52.00000,30.00000,605
258,68,1.383556e-01,45.00000,35.00000,636
258,69,1.419600e-01,36.00000,36.00000,604
258,70,1.432217e-01,45.00000,35.00000,581
258,71,1.416934e-01,48.00000,35.00000,605
259,0,1.452675e-01,45.00000,36.00000,7805
259,1,1.446283e-01,49.00000,30.00000,664
259,2,1.436869e-01,43.00000,36.00000,660
259,3,1.452685e-01,52.00000,30.00000,650
259,4,1.459659e-01,36.00000,36.00000,624
259,5,1.499970e-01,39.00000,36.00000,703
259,6,1.416743e-01,57.00000,30.00000,736
259,7,1.425253e-01,43.00000,35.00000,724
259,8,1.421758e-01,57.00000,30.00000,691
259,9,1.477673e-01,36.00000,40.00000,762
259,10,1.449583e-01,42.00000,36.00000,6518
259,11,1.482228e-01,51.00000,35.00000,834
259,12,1.406764e-01,57.00000,30.00000,979
259,13,1.457347e-01,34.00000,36.00000,2010
259,14,1.427435e-01,46.00000,35.00000,704
259,15,1.427950e-01,52.00000,30.00000,639
259,16,1.499739e-01,38.00000,40.00000,676
259,17,1.439928e-01,49.00000,35.00000,707
259,18,1.395524e-01,49.00000,30.00000,726
259,19,1.487932e-01,39.00000,35.00000,639
259,20,1.409341e-01,57.00000,30.00000,5209
259,21,1.420031e-01,49.00000,30.00000,2021
259,22,1.412898e-01,45.00000,35.00000,6043
259,23,1.445166e-01,46.00000,35.00000,632
259,24,1.368666e-01,49.00000,30.00000,656
259,25,1.379567e-01,46.00000,36.00000,626
259,26,1.474270e-01,31.00000,36.00000,617
259,27,1.444667e-01,54.00000,30.00000,617
259,28,1.478312e-01,45.00000,35.00000,715
259,29,1.448289e-01,46.00000,35.00000,643
259,30,1.398200e-01,49.00000,30.00000,655
259,31,1.412904e-01,46.00000,35.00000,704
259,32,1.390139e-01,53.00000,30.00000,6743
259,33,1.402099e-01,49.00000,30.00000,620
259,34,1.414807e-01,43.00000,35.00000,664
259,35,1.389823e-01,51.00000,30.00000,622
259,36,1.398647e-01,49.00000,35.00000,610
259,37,1.359862e-01,54.00000,30.00000,659
259,38,1.390446e-01,46.00000,35.00000,800
259,39,1.426201e-01,53.00000,30.00000,618
259,40,1.389650e-01,49.00000,30.00000,811
259,41,1.419604e-01,49.00000,30.00000,652
259,42,1.464297e-01,45.00000,35.00000,8776
259,43,1.420275e-01,52.00000,30.00000,618
259,44,1.393207e-01,51.00000,35.00000,613
259,45,1.429724e-01,57.00000,30.00000,651
259,46,1.470086e-01,37.00000,35.00000,642
259,47,1.405483e-01,31.00000,36.00000,707
259,48,1.415323e-01,53.00000,30.00000,646
259,49,1.459229e-01,45.00000,35.00000,677
259,50,1.386928e-01,52.00000,30.00000,716
259,51,1.412498e-01,44.00000,35.00000,653
259,52,1.417273e-01,55.00000,30.00000,7298
259,53,1.419942e-01,45.00000,36.00000,680
259,54,1.434837e-01,41.00000,35.00000,598
259,55,1.431193e-01,40.00000,35.00000,609
259,56,1.466651e-01,44.00000,35.00000,578
259,57,1.397997e-01,49.00000,30.00000,622
259,58,1.414745e-01,44.00000,35.00000,591
259,59,1.488952e-01,37.00000,36.00000,593
259,60,1.378673e-01,47.00000,35.00000,626
259,61,1.409104e-01,49.00000,30.00000,615
259,62,1.399823e-01,53.00000,30.00000,606
259,63,1.380572e-01,45.00000,35.00000,603
259,64,1.465760e-01,45.00000,35.00000,584
259,65,1.449765e-01,55.00000,30.00000,616
259,66,1.459690e-01,42.00000,35.00000,579
259,67,1.405940e-01,45.00000,35.00000,595
259,68,1.429598e-01,43.00000,35.00000,600
259,69,1.423143e-01,44.00000,35.00000,590
259,70,1.434534e-01,38.00000,35.00000,625
259,71,1.486444e-01,35.00000,36.00000,577
260,0,1.441186e-01,44.00000,35.00000,13736
260,1,1.444802e-01,36.00000,36.00000,685
260,2,1.376704e-01,56.00000,30.00000,637
260,3,1.365634e-01,60.00000,30.00000,711
260,4,1.394434e-01,44.00000,35.00000,615
260,5,1.455935e-01,42.00000,35.00000,584
260,6,1.578609e-01,30.00000,36.00000,714
260,7,1.387896e-01,51.00000,30.00000,715
260,8,1.444923e-01,45.00000,35.00000,703
260,9,1.405875e-01,49.00000,30.00000,628
260,10,1.406093e-01,47.00000,35.00000,11962
260,11,1.423684e-01,54.00000,30.00000,652
260,12,1.445464e-01,43.00000,36.00000,627
260,13,1.421425e-01,45.00000,35.00000,653
260,14,1.447149e-01,55.00000,30.00000,652
260,15,1.401961e-01,49.00000,30.00000,608
260,16,1.413010e-01,40.00000,36.00000,615
260,17,1.418637e-01,48.00000,35.00000,643
260,18,1.481557e-01,43.00000,35.00000,707
260,19,1.414610e-01,49.00000,35.00000,700
260,20,1.408874e-01,40.00000,36.00000,6954
260,21,1.396510e-01,45.00000,35.00000,595
260,22,1.341373e-01,53.00000,30.00000,1971
260,23,1.363351e-01,53.00000,30.00000,689
260,24,1.411438e-01,40.00000,35.00000,638
260,25,1.388403e-01,49.00000,30.00000,2575
260,26,1.403889e-01,53.00000,30.00000,636
260,27,1.368296e-01,53.00000,30.00000,735
260,28,1.409597e-01,57.00000,30.00000,670
260,29,1.425407e-01,49.00000,30.00000,691
260,30,1.419621e-01,39.00000,36.00000,9747
260,31,1.382516e-01,46.00000,35.00000,638
260,32,1.492939e-01,43.00000,36.00000,793
260,33,1.447506e-01,37.00000,36.00000,643
260,34,1.447069e-01,49.00000,30.00000,663
260,35,1.438748e-01,45.00000,35.00000,588
260,36,1.496434e-01,43.00000,35.00000,661
260,37,1.493778e-01,46.00000,35.00000,3322
260,38,1.413306e-01,49.00000,30.00000,654
260,39,1.446567e-01,57.00000,30.00000,677
260,40,1.427469e-01,49.00000,30.00000,8502
260,41,1.418046e-01,43.00000,35.00000,667
260,42,1.470593e-01,49.00000,30.00000,612
260,43,1.439792e-01,49.00000,35.00000,693
260,44,1.395368e-01,55.00000,30.00000,658
260,45,1.488733e-01,30.00000,36.00000,660
260,46,1.442174e-01,40.00000,35.00000,647
260,47,1.418736e-01,49.00000,30.00000,4439
260,48,1.471133e-01,37.00000,36.00000,681
260,49,1.431285e-01,55.00000,30.00000,690
260,50,1.462949e-01,30.00000,40.00000,9240
260,51,1.404296e-01,49.00000,30.00000,640
260,52,1.460226e-01,46.00000,36.00000,581
260,53,1.447116e-01,49.00000,30.00000,597
260,54,1.444879e-01,35.00000,36.00000,629
260,55,1.428654e-01,47.00000,35.00000,632
260,56,1.410659e-01,36.00000,36.00000,734
260,57,1.489342e-01,49.00000,30.00000,596
260,58,1.458212e-01,37.00000,36.00000,582
260,59,1.446266e-01,53.00000,30.00000,608
260,60,1.425365e-01,53.00000,30.00000,1671
260,61,1.425288e-01,56.00000,30.00000,611
260,62,1.506419e-01,30.00000,36.00000,585
260,63,1.373018e-01,47.00000,35.00000,626
260,64,1.471958e-01,55.00000,30.00000,616
260,65,1.437136e-01,39.00000,36.00000,608
260,66,1.503582e-01,41.00000,35.00000,585
260,67,1.544442e-01,31.00000,36.00000,585
260,68,1.506223e-01,41.00000,35.00000,552
260,69,1.458885e-01,46.00000,35.00000,587
260,70,1.423593e-01,51.00000,35.00000,601
260,71,1.474570e-01,39.00000,36.00000,586
261,0,1.520519e-01,47.00000,35.00000,16357
261,1,1.427839e-01,40.00000,36.00000,735
261,2,1.385397e-01,49.00000,30.00000,714
261,3,1.477479e-01,53.00000,30.00000,794
261,4,1.430561e-01,38.00000,35.00000,656
261,5,1.378213e-01,57.00000,30.00000,663
261,6,1.431866e-01,37.00000,36.00000,701
261,7,1.399802e-01,53.00000,30.00000,720
261,8,1.479701e-01,31.00000,36.00000,702
261,9,1.429967e-01,49.00000,30.00000,680
261,10,1.462219e-01,36.00000,36.00000,12733
261,11,1.450297e-01,43.00000,35.00000,667
261,12,1.477220e-01,40.00000,36.00000,685
261,13,1.446689e-01,40.00000,35.00000,576
261,14,1.472328e-01,38.00000,36.00000,730
261,15,1.382426e-01,55.00000,30.00000,713
261,16,1.446892e-01,49.00000,30.00000,686
261,17,1.509527e-01,43.00000,35.00000,606
261,18,1.539073e-01,43.00000,36.00000,603
261,19,1.414923e-01,47.00000,35.00000,748
261,20,1.485037e-01,25.00000,36.00000,13179
261,21,1.400155e-01,49.00000,30.00000,670
261,22,1.458900e-01,42.00000,35.00000,610
261,23,1.456605e-01,45.00000,35.00000,645
261,24,1.412290e-01,52.00000,30.00000,643
261,25,1.449649e-01,41.00000,35.00000,674
261,26,1.423357e-01,53.00000,30.00000,663
261,27,1.493111e-01,33.00000,40.00000,595
261,28,1.399758e-01,57.00000,30.00000,737
261,29,1.454540e-01,42.00000,35.00000,668
261,30,1.402769e-01,43.00000,35.00000,7905
261,31,1.431590e-01,45.00000,35.00000,3195
261,32,1.409427e-01,46.00000,35.00000,653
261,33,1.457687e-01,48.00000,35.00000,629
261,34,1.411184e-01,55.00000,30.00000,696
261,35,1.381522e-01,45.00000,35.00000,639
261,36,1.453818e-01,41.00000,36.00000,581
261,37,1.474290e-01,42.00000,35.00000,612
261,38,1.527901e-01,36.00000,36.00000,711
261,39,1.452573e-01,42.00000,36.00000,645
261,40,1.451167e-01,54.00000,30.00000,6882
261,41,1.422447e-01,31.00000,36.00000,5021
261,42,1.401609e-01,58.00000,30.00000,651
261,43,1.435208e-01,57.00000,30.00000,640
261,44,1.483242e-01,40.00000,35.00000,626
261,45,1.480692e-01,35.00000,36.00000,611
261,46,1.429960e-01,49.00000,30.00000,665
261,47,1.421677e-01,53.00000,30.00000,686
261,48,1.409169e-01,44.00000,35.00000,709
261,49,1.433417e-01,47.00000,35.00000,593
261,50,1.404046e-01,44.00000,35.00000,8610
261,51,1.429811e-01,57.00000,30.00000,4660
261,52,1.452108e-01,37.00000,36.00000,583
261,53,1.434051e-01,31.00000,36.00000,589
261,54,1.409878e-01,37.00000,36.00000,612
261,55,1.407783e-01,58.00000,30.00000,620
261,56,1.422259e-01,49.00000,30.00000,587
261,57,1.447523e-01,46.00000,36.00000,597
261,58,1.379795e-01,49.00000,30.00000,631
261,59,1.479366e-01,40.00000,35.00000,580
261,60,1.421486e-01,55.00000,30.00000,615
261,61,1.459914e-01,35.00000,36.00000,611
261,62,1.403432e-01,52.00000,30.00000,595
261,63,1.462744e-01,41.00000,35.00000,566
261,64,1.500570e-01,49.00000,35.00000,591
261,65,1.425891e-01,49.00000,30.00000,586
261,66,1.403469e-01,51.00000,30.00000,596
261,67,1.387707e-01,54.00000,30.00000,605
261,68,1.407488e-01,53.00000,30.00000,608
261,69,1.351436e-01,55.00000,30.00000,616
261,70,1.461624e-01,43.00000,35.00000,569
261,71,1.466349e-01,40.00000,35.00000,562
262,0,1.456056e-01,49.00000,30.00000,10231
262,1,1.452285e-01,47.00000,35.00000,678
262,2,1.432271e-01,53.00000,30.00000,750
262,3,1.422575e-01,45.00000,35.00000,661
262,4,1.423754e-01,49.00000,35.00000,646
262,5,1.431778e-01,42.00000,36.00000,675
262,6,1.447380e-01,33.00000,40.00000,751
262,7,1.497187e-01,49.00000,35.00000,623
262,8,1.507974e-01,40.00000,36.00000,598
262,9,1.400701e-01,49.00000,35.00000,682
262,10,1.377258e-01,57.00000,30.00000,7136
262,11,1.464074e-01,40.00000,36.00000,634
262,12,1.448530e-01,45.00000,35.00000,1833
262,13,1.404185e-01,49.00000,35.00000,634
262,14,1.447005e-01,43.00000,35.00000,681
262,15,1.401550e-01,55.00000,30.00000,676
262,16,1.379877e-01,57.00000,30.00000,757
262,17,1.396067e-01,48.00000,35.00000,630
262,18,1.450235e-01,48.00000,35.00000,740
262,19,1.397520e-01,49.00000,30.00000,680
262,20,1.421797e-01,42.00000,35.00000,6479
262,21,1.475103e-01,36.00000,36.00000,695
262,22,1.453144e-01,35.00000,36.00000,813
262,23,1.380251e-01,49.00000,30.00000,610
262,24,1.393455e-01,51.00000,30.00000,640
262,25,1.430504e-01,43.00000,35.00000,648
262,26,1.458273e-01,55.00000,30.00000,686
262,27,1.378614e-01,54.00000,30.00000,700
262,28,1.370201e-01,52.00000,30.00000,705
262,29,1.423546e-01,55.00000,30.00000,732
262,30,1.401190e-01,50.00000,35.00000,4645
262,31,1.461364e-01,43.00000,36.00000,2930
262,32,1.473336e-01,50.00000,30.00000,2572
262,33,1.407451e-01,49.00000,30.00000,655
262,34,1.457331e-01,36.00000,35.00000,598
262,35,1.439043e-01,55.00000,30.00000,646
262,36,1.419277e-01,44.00000,35.00000,702
262,37,1.424453e-01,41.00000,35.00000,704
262,38,1.434314e-01,39.00000,36.00000,699
262,39,1.433939e-01,44.00000,35.00000,722
262,40,1.418280e-01,54.00000,30.00000,1616
262,41,1.407708e-01,46.00000,35.00000,5116
262,42,1.465158e-01,45.00000,36.00000,2440
262,43,1.401679e-01,49.00000,30.00000,618
262,44,1.464503e-01,37.00000,35.00000,705
262,45,1.433506e-01,56.00000,30.00000,610
262,46,1.396789e-01,53.00000,30.00000,662
262,47,1.433647e-01,41.00000,35.00000,620
262,48,1.409384e-01,49.00000,30.00000,680
262,49,1.402176e-01,45.00000,35.00000,744
262,50,1.454458e-01,49.00000,30.00000,673
262,51,1.516107e-01,35.00000,36.00000,2588
262,52,1.432565e-01,49.00000,30.00000,5414
262,53,1.401907e-01,49.00000,30.00000,596
262,54,1.450955e-01,40.00000,35.00000,640
262,55,1.461520e-01,46.00000,35.00000,607
262,56,1.354617e-01,53.00000,30.00000,627
262,57,1.424287e-01,43.00000,35.00000,591
262,58,1.359553e-01,57.00000,30.00000,675
262,59,1.452864e-01,37.00000,36.00000,648
262,60,1.506543e-01,35.00000,36.00000,563
262,61,1.405646e-01,51.00000,30.00000,625
262,62,1.410524e-01,41.00000,35.00000,612
262,63,1.452762e-01,43.00000,35.00000,581
262,64,1.438949e-01,57.00000,30.00000,626
262,65,1.426871e-01,41.00000,36.00000,608
262,66,1.569837e-01,30.00000,36.00000,548
262,67,1.478845e-01,46.00000,35.00000,588
262,68,1.405795e-01,50.00000,35.00000,607
262,69,1.392282e-01,53.00000,30.00000,606
262,70,1.417005e-01,42.00000,35.00000,611
262,71,1.467895e-01,54.00000,30.00000,604
263,0,1.483370e-01,54.00000,30.00000,2473
263,1,1.445460e-01,55.00000,30.00000,690
263,2,1.417495e-01,45.00000,35.00000,624
263,3,1.455268e-01,40.00000,35.00000,745
263,4,1.393698e-01,39.00000,36.00000,699
263,5,1.379581e-01,49.00000,30.00000,632
263,6,1.375022e-01,43.00000,35.00000,695
263,7,1.495345e-01,30.00000,36.00000,651
263,8,1.446696e-01,49.00000,30.00000,646
263,9,1.486659e-01,31.00000,36.00000,639
263,10,1.455951e-01,38.00000,36.00000,1199
263,11,1.531527e-01,48.00000,35.00000,680
263,12,1.432637e-01,57.00000,30.00000,3943
263,13,1.435270e-01,54.00000,30.00000,670
263,14,1.496585e-01,40.00000,35.00000,685
263,15,1.451586e-01,37.00000,36.00000,692
263,16,1.447597e-01,37.00000,36.00000,704
263,17,1.432270e-01,59.00000,30.00000,701
263,18,1.480663e-01,43.00000,36.00000,756
263,19,1.481875e-01,31.00000,36.00000,608
263,20,1.468651e-01,43.00000,35.00000,5430
263,21,1.413400e-01,52.00000,30.00000,698
263,22,1.382138e-01,52.00000,30.00000,7626
263,23,1.407276e-01,52.00000,30.00000,648
263,24,1.407647e-01,44.00000,36.00000,631
263,25,1.446629e-01,47.00000,36.00000,718
263,26,1.440129e-01,50.00000,35.00000,675
263,27,1.439240e-01,53.00000,30.00000,675
263,28,1.403911e-01,57.00000,30.00000,712
263,29,1.406020e-01,43.00000,36.00000,699
263,30,1.483780e-01,42.00000,35.00000,6235
263,31,1.383969e-01,59.00000,30.00000,754
263,32,1.451214e-01,46.00000,35.00000,7278
263,33,1.452504e-01,49.00000,35.00000,681
263,34,1.389730e-01,49.00000,30.00000,683
263,35,1.449033e-01,42.00000,35.00000,624
263,36,1.440642e-01,40.00000,35.00000,766
263,37,1.414969e-01,53.00000,30.00000,736
263,38,1.431001e-01,49.00000,35.00000,628
263,39,1.382481e-01,45.00000,35.00000,719
263,40,1.483450e-01,42.00000,35.00000,1596
263,41,1.476674e-01,49.00000,30.00000,642
263,42,1.466686e-01,37.00000,40.00000,10253
263,43,1.418058e-01,42.00000,35.00000,611
263,44,1.407711e-01,42.00000,36.00000,665
263,45,1.470815e-01,46.00000,35.00000,645
263,46,1.437891e-01,44.00000,35.00000,684
263,47,1.459887e-01,38.00000,35.00000,588
263,48,1.496662e-01,31.00000,36.00000,689
263,49,1.413485e-01,47.00000,35.00000,670
263,50,1.505961e-01,49.00000,30.00000,628
263,51,1.451659e-01,52.00000,30.00000,608
263,52,1.409661e-01,47.00000,35.00000,12605
263,53,1.428301e-01,42.00000,35.00000,614
263,54,1.418160e-01,41.00000,36.00000,651
263,55,1.509321e-01,38.00000,36.00000,566
263,56,1.363536e-01,57.00000,30.00000,640
263,57,1.378876e-01,43.00000,35.00000,625
263,58,1.517265e-01,25.00000,36.00000,602
263,59,1.423076e-01,54.00000,30.00000,607
263,60,1.421231e-01,53.00000,30.00000,607
263,61,1.371021e-01,49.00000,30.00000,631
263,62,1.448355e-01,35.00000,36.00000,588
263,63,1.377225e-01,43.00000,35.00000,627
263,64,1.382281e-01,56.00000,30.00000,611
263,65,1.389084e-01,57.00000,30.00000,626
263,66,1.389242e-01,53.00000,30.00000,612
263,67,1.429728e-01,48.00000,35.00000,597
263,68,1.465965e-01,49.00000,30.00000,586
263,69,1.438438e-01,49.00000,30.00000,586
263,70,1.420647e-01,47.00000,35.00000,592
263,71,1.459660e-01,43.00000,35.00000,587
264,0,1.423309e-01,48.00000,35.00000,4720
264,1,1.400935e-01,45.00000,35.00000,672
264,2,1.398913e-01,48.00000,35.00000,614
264,3,1.415032e-01,53.00000,30.00000,633
264,4,1.437797e-01,49.00000,35.00000,663
264,5,1.406860e-01,49.00000,30.00000,720
264,6,1.438989e-01,44.00000,35.00000,667
264,7,1.412584e-01,45.00000,35.00000,806
264,8,1.387576e-01,45.00000,35.00000,680
264,9,1.436953e-01,49.00000,35.00000,744
264,10,1.444763e-01,43.00000,35.00000,5269
264,11,1.438568e-01,37.00000,40.00000,1668
264,12,1.387666e-01,49.00000,30.00000,709
264,13,1.404241e-01,53.00000,30.00000,649
264,14,1.457590e-01,43.00000,35.00000,627
264,15,1.437933e-01,47.00000,35.00000,623
264,16,1.431684e-01,58.00000,30.00000,671
264,17,1.395380e-01,45.00000,35.00000,680
264,18,1.439907e-01,45.00000,35.00000,638
264,19,1.428146e-01,39.00000,36.00000,627
264,20,1.462527e-01,36.00000,40.00000,3888
264,21,1.439380e-01,49.00000,35.00000,7568
264,22,1.506605e-01,31.00000,36.00000,565
264,23,1.431316e-01,49.00000,30.00000,594
264,24,1.366617e-01,54.00000,30.00000,727
264,25,1.431458e-01,49.00000,30.00000,678
264,26,1.374762e-01,53.00000,30.00000,758
264,27,1.441662e-01,45.00000,35.00000,674
264,28,1.413461e-01,55.00000,30.00000,676
264,29,1.413107e-01,46.00000,35.00000,611
264,30,1.411615e-01,42.00000,35.00000,4317
264,31,1.443501e-01,49.00000,35.00000,9359
264,32,1.412267e-01,35.00000,36.00000,627
264,33,1.412873e-01,44.00000,35.00000,622
264,34,1.399985e-01,49.00000,30.00000,626
264,35,1.464588e-01,35.00000,36.00000,693
264,36,1.504653e-01,25.00000,36.00000,638
264,37,1.433762e-01,51.00000,30.00000,626
264,38,1.439285e-01,45.00000,35.00000,659
264,39,1.448513e-01,57.00000,30.00000,737
264,40,1.405264e-01,58.00000,30.00000,692
264,41,1.433118e-01,53.00000,30.00000,9033
264,42,1.387560e-01,46.00000,35.00000,646
264,43,1.424522e-01,44.00000,35.00000,599
264,44,1.426733e-01,57.00000,30.00000,672
264,45,1.402323e-01,49.00000,30.00000,635
264,46,1.393487e-01,48.00000,35.00000,630
264,47,1.413099e-01,49.00000,30.00000,640
264,48,1.398827e-01,43.00000,40.00000,664
264,49,1.433188e-01,45.00000,35.00000,759
264,50,1.411270e-01,46.00000,35.00000,651
264,51,1.431102e-01,44.00000,36.00000,12550
264,52,1.441773e-01,47.00000,35.00000,613
264,53,1.460475e-01,47.00000,35.00000,585
264,54,1.468483e-01,37.00000,35.00000,574
264,55,1.433642e-01,45.00000,35.00000,637
264,56,1.504453e-01,46.00000,35.00000,588
264,57,1.401381e-01,54.00000,30.00000,607
264,58,1.434318e-01,39.00000,36.00000,620
264,59,1.539443e-01,31.00000,36.00000,607
264,60,1.501206e-01,44.00000,35.00000,578
264,61,1.424725e-01,46.00000,35.00000,586
264,62,1.463887e-01,39.00000,35.00000,589
264,63,1.477080e-01,31.00000,36.00000,579
264,64,1.464441e-01,45.00000,35.00000,567
264,65,1.480701e-01,30.00000,36.00000,568
264,66,1.564151e-01,30.00000,36.00000,572
264,67,1.458000e-01,36.00000,36.00000,586
264,68,1.488074e-01,41.00000,36.00000,582
264,69,1.537202e-01,36.00000,36.00000,558
264,70,1.514494e-01,41.00000,35.00000,554
264,71,1.457225e-01,41.00000,35.00000,562
265,0,1.360540e-01,53.00000,30.00000,15311
265,1,1.398117e-01,49.00000,30.00000,677
265,2,1.403771e-01,48.00000,35.00000,736
265,3,1.426551e-01,42.00000,35.00000,761
265,4,1.457741e-01,52.00000,30.00000,688
265,5,1.373608e-01,59.00000,30.00000,767
265,6,1.373023e-01,43.00000,35.00000,685
265,7,1.389804e-01,49.00000,30.00000,827
265,8,1.368562e-01,55.00000,30.00000,709
265,9,1.420426e-01,44.00000,35.00000,663
265,10,1.425902e-01,48.00000,35.00000,11591
265,11,1.377446e-01,54.00000,30.00000,678
265,12,1.484850e-01,41.00000,36.00000,561
265,13,1.412356e-01,40.00000,35.00000,723
265,14,1.446801e-01,46.00000,35.00000,682
265,15,1.403150e-01,45.00000,36.00000,707
265,16,1.447276e-01,45.00000,35.00000,623
265,17,1.412539e-01,55.00000,30.00000,689
265,18,1.445943e-01,37.00000,35.00000,608
265,19,1.413552e-01,56.00000,30.00000,690
265,20,1.469501e-01,36.00000,40.00000,11999
265,21,1.427850e-01,57.00000,30.00000,625
265,22,1.380114e-01,55.00000,30.00000,763
265,23,1.447315e-01,54.00000,30.00000,627
265,24,1.376949e-01,41.00000,36.00000,742
265,25,1.503669e-01,49.00000,30.00000,674
265,26,1.439605e-01,36.00000,36.00000,626
265,27,1.377924e-01,47.00000,35.00000,680
265,28,1.484281e-01,49.00000,30.00000,684
265,29,1.431306e-01,39.00000,36.00000,731
265,30,1.431446e-01,41.00000,35.00000,10697
265,31,1.404186e-01,53.00000,30.00000,615
265,32,1.429003e-01,44.00000,35.00000,657
265,33,1.383164e-01,57.00000,30.00000,998
265,34,1.393452e-01,54.00000,30.00000,762
265,35,1.413817e-01,49.00000,30.00000,705
265,36,1.378955e-01,46.00000,35.00000,627
265,37,1.380168e-01,55.00000,30.00000,686
265,38,1.391650e-01,58.00000,30.00000,745
265,39,1.399457e-01,45.00000,35.00000,654
265,40,1.405800e-01,42.00000,35.00000,7892
265,41,1.392939e-01,55.00000,30.00000,717
265,42,1.506170e-01,25.00000,36.00000,704
265,43,1.457552e-01,35.00000,36.00000,4478
265,44,1.372179e-01,49.00000,30.00000,651
265,45,1.391363e-01,43.00000,35.00000,625
265,46,1.396470e-01,53.00000,30.00000,646
265,47,1.382252e-01,49.00000,30.00000,669
265,48,1.471689e-01,58.00000,30.00000,698
265,49,1.360472e-01,49.00000,30.00000,671
265,50,1.380391e-01,58.00000,30.00000,7548
265,51,1.407643e-01,54.00000,30.00000,1424
265,52,1.450781e-01,49.00000,30.00000,696
265,53,1.430808e-01,49.00000,30.00000,2124
265,54,1.405336e-01,45.00000,36.00000,631
265,55,1.402435e-01,53.00000,30.00000,693
265,56,1.392601e-01,48.00000,35.00000,607
265,57,1.441058e-01,44.00000,35.00000,598
265,58,1.428602e-01,43.00000,36.00000,588
265,59,1.501488e-01,37.00000,35.00000,585
265,60,1.431590e-01,49.00000,30.00000,794
265,61,1.480351e-01,37.00000,36.00000,1366
265,62,1.485891e-01,46.00000,35.00000,588
265,63,1.425703e-01,50.00000,35.00000,607
265,64,1.449492e-01,38.00000,35.00000,607
265,65,1.412252e-01,49.00000,30.00000,588
265,66,1.398203e-01,49.00000,30.00000,605
265,67,1.423714e-01,43.00000,35.00000,600
265,68,1.392065e-01,50.00000,35.00000,620
265,69,1.394644e-01,49.00000,30.00000,604
265,70,1.385998e-01,58.00000,30.00000,622
265,71,1.440274e-01,46.00000,35.00000,589
266,0,1.375217e-01,54.00000,30.00000,9139
266,1,1.476986e-01,42.00000,36.00000,3452
266,2,1.451176e-01,50.00000,35.00000,1634
266,3,1.440590e-01,55.00000,30.00000,683
266,4,1.408880e-01,40.00000,36.00000,730
266,5,1.448241e-01,36.00000,36.00000,632
266,6,1.443028e-01,43.00000,35.00000,766
266,7,1.441990e-01,49.00000,30.00000,746
266,8,1.427435e-01,55.00000,30.00000,725
266,9,1.491138e-01,31.00000,36.00000,650
266,10,1.501903e-01,32.00000,40.00000,9828
266,11,1.471564e-01,48.00000,35.00000,1877
266,12,1.471891e-01,31.00000,36.00000,698
266,13,1.466834e-01,38.00000,35.00000,640
266,14,1.441656e-01,42.00000,35.00000,707
266,15,1.532665e-01,30.00000,36.00000,689
266,16,1.394311e-01,53.00000,30.00000,657
266,17,1.457241e-01,37.00000,40.00000,752
266,18,1.455523e-01,44.00000,35.00000,616
266,19,1.449887e-01,48.00000,35.00000,687
266,20,1.466672e-01,49.00000,30.00000,12619
266,21,1.406286e-01,41.00000,36.00000,716
266,22,1.429823e-01,55.00000,30.00000,2610
266,23,1.416342e-01,41.00000,36.00000,691
266,24,1.441765e-01,35.00000,36.00000,595
266,25,1.468748e-01,40.00000,40.00000,656
266,26,1.425114e-01,54.00000,30.00000,683
266,27,1.441258e-01,49.00000,35.00000,651
266,28,1.473547e-01,42.00000,35.00000,636
266,29,1.533679e-01,47.00000,35.00000,633
266,30,1.417644e-01,49.00000,30.00000,9642
266,31,1.442191e-01,37.00000,36.00000,1135
266,32,1.400888e-01,53.00000,30.00000,1627
266,33,1.360769e-01,53.00000,30.00000,674
266,34,1.409517e-01,57.00000,30.00000,640
266,35,1.434056e-01,43.00000,36.00000,692
266,36,1.441931e-01,52.00000,30.00000,653
266,37,1.418604e-01,54.00000,30.00000,719
266,38,1.417922e-01,39.00000,35.00000,638
266,39,1.397550e-01,45.00000,35.00000,724
266,40,1.444628e-01,35.00000,36.00000,8819
266,41,1.401753e-01,49.00000,30.00000,641
266,42,1.441003e-01,47.00000,35.00000,3270
266,43,1.541518e-01,30.00000,36.00000,582
266,44,1.506321e-01,30.00000,36.00000,657
266,45,1.414175e-01,54.00000,30.00000,634
266,46,1.526750e-01,30.00000,36.00000,633
266,47,1.487788e-01,36.00000,36.00000,692
266,48,1.410843e-01,52.00000,30.00000,713
266,49,1.446128e-01,43.00000,35.00000,617
266,50,1.475368e-01,52.00000,30.00000,6346
266,51,1.464423e-01,38.00000,36.00000,580
266,52,1.463952e-01,38.00000,35.00000,5546
266,53,1.436341e-01,53.00000,30.00000,616
266,54,1.391211e-01,45.00000,35.00000,614
266,55,1.383581e-01,45.00000,35.00000,633
266,56,1.425444e-01,58.00000,30.00000,634
266,57,1.449581e-01,40.00000,36.00000,595
266,58,1.436878e-01,53.00000,30.00000,606
266,59,1.404773e-01,36.00000,36.00000,633
266,60,1.368655e-01,55.00000,30.00000,617
266,61,1.478111e-01,45.00000,35.00000,569
266,62,1.401036e-01,50.00000,35.00000,615
266,63,1.436598e-01,52.00000,30.00000,594
266,64,1.512007e-01,37.00000,40.00000,565
266,65,1.429693e-01,55.00000,30.00000,616
266,66,1.468838e-01,35.00000,36.00000,589
266,67,1.450227e-01,54.00000,30.00000,604
266,68,1.395013e-01,44.00000,35.00000,605
266,69,1.418152e-01,42.00000,35.00000,605
266,70,1.415367e-01,42.00000,35.00000,603
266,71,1.401709e-01,49.00000,30.00000,595
267,0,1.474150e-01,30.00000,36.00000,4181
267,1,1.471346e-01,35.00000,36.00000,687
267,2,1.426816e-01,49.00000,30.00000,756
267,3,1.399437e-01,43.00000,36.00000,692
267,4,1.390473e-01,57.00000,30.00000,757
267,5,1.474539e-01,42.00000,35.00000,624
267,6,1.424986e-01,40.00000,36.00000,709
267,7,1.473190e-01,37.00000,35.00000,690
267,8,1.471643e-01,55.00000,30.00000,659
267,9,1.494191e-01,46.00000,35.00000,681
267,10,1.415917e-01,54.00000,30.00000,5845
267,11,1.412366e-01,36.00000,36.00000,757
267,12,1.488922e-01,38.00000,35.00000,689
267,13,1.435478e-01,39.00000,35.00000,660
267,14,1.467627e-01,35.00000,36.00000,675
267,15,1.412709e-01,45.00000,35.00000,718
267,16,1.426582e-01,47.00000,35.00000,597
267,17,1.486875e-01,36.00000,40.00000,684
267,18,1.433626e-01,49.00000,30.00000,621
267,19,1.414037e-01,53.00000,30.00000,708
267,20,1.389527e-01,61.00000,30.00000,10522
267,21,1.393907e-01,55.00000,30.00000,721
267,22,1.413169e-01,39.00000,36.00000,766
267,23,1.369193e-01,49.00000,35.00000,700
267,24,1.388443e-01,56.00000,30.00000,644
267,25,1.410286e-01,47.00000,35.00000,682
267,26,1.454699e-01,54.00000,30.00000,661
267,27,1.435902e-01,40.00000,36.00000,737
267,28,1.433115e-01,53.00000,30.00000,626
267,29,1.430205e-01,46.00000,36.00000,807
267,30,1.397334e-01,53.00000,30.00000,8212
267,31,1.455045e-01,41.00000,35.00000,627
267,32,1.445677e-01,49.00000,30.00000,623
267,33,1.408952e-01,57.00000,30.00000,653
267,34,1.469025e-01,31.00000,36.00000,738
267,35,1.388690e-01,46.00000,35.00000,625
267,36,1.435789e-01,43.00000,36.00000,637
267,37,1.401495e-01,58.00000,30.00000,673
267,38,1.445974e-01,37.00000,35.00000,714
267,39,1.420668e-01,49.00000,30.00000,682
267,40,1.403715e-01,49.00000,30.00000,8789
267,41,1.407116e-01,42.00000,35.00000,634
267,42,1.459383e-01,25.00000,36.00000,951
267,43,1.444001e-01,37.00000,36.00000,684
267,44,1.404755e-01,52.00000,30.00000,656
267,45,1.451413e-01,49.00000,35.00000,677
267,46,1.466531e-01,49.00000,30.00000,4063
267,47,1.436351e-01,55.00000,30.00000,735
267,48,1.458238e-01,35.00000,36.00000,721
267,49,1.475758e-01,50.00000,35.00000,665
267,50,1.415561e-01,53.00000,30.00000,9284
267,51,1.482852e-01,42.00000,35.00000,619
267,52,1.437710e-01,31.00000,36.00000,627
267,53,1.464511e-01,47.00000,35.00000,633
267,54,1.534385e-01,31.00000,36.00000,579
267,55,1.459966e-01,31.00000,36.00000,711
267,56,1.392544e-01,55.00000,30.00000,628
267,57,1.448913e-01,37.00000,36.00000,666
267,58,1.399932e-01,53.00000,30.00000,607
267,59,1.393675e-01,49.00000,30.00000,608
267,60,1.385563e-01,53.00000,30.00000,2773
267,61,1.426241e-01,43.00000,35.00000,595
267,62,1.458133e-01,43.00000,36.00000,597
267,63,1.465479e-01,38.00000,36.00000,575
267,64,1.456324e-01,45.00000,35.00000,570
267,65,1.455453e-01,47.00000,35.00000,592
267,66,1.473778e-01,52.00000,30.00000,593
267,67,1.560858e-01,40.00000,36.00000,570
267,68,1.489311e-01,54.00000,30.00000,604
267,69,1.446012e-01,37.00000,36.00000,598
267,70,1.443131e-01,49.00000,30.00000,593
267,71,1.480172e-01,41.00000,35.00000,553
268,0,1.431865e-01,40.00000,36.00000,8415
268,1,1.369791e-01,49.00000,30.00000,813
268,2,1.447255e-01,47.00000,35.00000,2683
268,3,1.459121e-01,42.00000,36.00000,658
268,4,1.397145e-01,54.00000,30.00000,649
268,5,1.388468e-01,49.00000,30.00000,737
268,6,1.407487e-01,45.00000,35.00000,710
268,7,1.391165e-01,53.00000,30.00000,686
268,8,1.412924e-01,54.00000,30.00000,677
268,9,1.555057e-01,46.00000,35.00000,688
268,10,1.452132e-01,30.00000,36.00000,11596
268,11,1.438685e-01,41.00000,35.00000,611
268,12,1.417310e-01,53.00000,30.00000,3693
268,13,1.408181e-01,61.00000,30.00000,646
268,14,1.440363e-01,49.00000,30.00000,705
268,15,1.408215e-01,48.00000,35.00000,627
268,16,1.422992e-01,44.00000,36.00000,772
268,17,1.401342e-01,43.00000,35.00000,627
268,18,1.449864e-01,45.00000,35.00000,720
268,19,1.442350e-01,52.00000,30.00000,695
268,20,1.390739e-01,43.00000,35.00000,665
268,21,1.394354e-01,49.00000,30.00000,7309
268,22,1.482395e-01,36.00000,36.00000,3526
268,23,1.414294e-01,53.00000,30.00000,624
268,24,1.433728e-01,36.00000,35.00000,727
268,25,1.489964e-01,40.00000,40.00000,626
268,26,1.422375e-01,48.00000,35.00000,630
268,27,1.471764e-01,49.00000,30.00000,620
268,28,1.453958e-01,38.00000,35.00000,679
268,29,1.470715e-01,47.00000,35.00000,673
268,30,1.451243e-01,53.00000,30.00000,676
268,31,1.378393e-01,54.00000,30.00000,7726
268,32,1.450716e-01,40.00000,36.00000,2641
268,33,1.472347e-01,52.00000,30.00000,607
268,34,1.421549e-01,59.00000,30.00000,693
268,35,1.426304e-01,41.00000,35.00000,647
268,36,1.399260e-01,54.00000,30.00000,708
268,37,1.422146e-01,40.00000,35.00000,610
268,38,1.401771e-01,49.00000,30.00000,771
268,39,1.522572e-01,37.00000,36.00000,671
268,40,1.511905e-01,25.00000,36.00000,589
268,41,1.374682e-01,51.00000,35.00000,10124
268,42,1.429418e-01,45.00000,35.00000,2778
268,43,1.358119e-01,55.00000,30.00000,616
268,44,1.439019e-01,53.00000,30.00000,689
268,45,1.419259e-01,41.00000,35.00000,757
268,46,1.429782e-01,46.00000,35.00000,610
268,47,1.414216e-01,53.00000,30.00000,771
268,48,1.436182e-01,51.00000,30.00000,625
268,49,1.415241e-01,43.00000,35.00000,744
268,50,1.428258e-01,38.00000,35.00000,672
268,51,1.495823e-01,36.00000,36.00000,6036
268,52,1.380755e-01,55.00000,30.00000,4889
268,53,1.406944e-01,54.00000,30.00000,618
268,54,1.468856e-01,25.00000,36.00000,651
268,55,1.373420e-01,53.00000,30.00000,608
268,56,1.479341e-01,47.00000,35.00000,606
268,57,1.447643e-01,47.00000,35.00000,603
268,58,1.406707e-01,42.00000,35.00000,625
268,59,1.361376e-01,57.00000,30.00000,628
268,60,1.493941e-01,49.00000,30.00000,586
268,61,1.434247e-01,44.00000,35.00000,604
268,62,1.505933e-01,40.00000,36.00000,555
268,63,1.382133e-01,49.00000,30.00000,606
268,64,1.388162e-01,54.00000,30.00000,607
268,65,1.488080e-01,42.00000,36.00000,621
268,66,1.417280e-01,55.00000,30.00000,617
268,67,1.423541e-01,58.00000,30.00000,620
268,68,1.429415e-01,37.00000,36.00000,606
268,69,1.467373e-01,42.00000,36.00000,578
268,70,1.470240e-01,45.00000,35.00000,580
268,71,1.482096e-01,35.00000,36.00000,585
269,0,1.419941e-01,47.00000,35.00000,12554
269,1,1.475812e-01,37.00000,36.00000,763
269,2,1.419117e-01,48.00000,35.00000,722
269,3,1.479511e-01,36.00000,36.00000,733
269,4,1.436611e-01,53.00000,30.00000,659
269,5,1.394372e-01,54.00000,30.00000,824
269,6,1.464971e-01,43.00000,35.00000,565
269,7,1.456611e-01,43.00000,36.00000,807
269,8,1.446037e-01,53.00000,30.00000,749
269,9,1.417464e-01,51.00000,35.00000,639
269,10,1.456691e-01,52.00000,30.00000,10267
269,11,1.398069e-01,53.00000,30.00000,2595
269,12,1.417573e-01,54.00000,30.00000,681
269,13,1.459072e-01,46.00000,35.00000,606
269,14,1.421626e-01,40.00000,35.00000,685
269,15,1.457075e-01,49.00000,35.00000,669
269,16,1.408959e-01,45.00000,36.00000,782
269,17,1.502061e-01,25.00000,36.00000,764
269,18,1.513454e-01,25.00000,36.00000,710
269,19,1.407171e-01,40.00000,36.00000,644
269,20,1.446293e-01,49.00000,30.00000,11196
269,21,1.494119e-01,53.00000,30.00000,680
269,22,1.440776e-01,57.00000,30.00000,673
269,23,1.457325e-01,37.00000,35.00000,579
269,24,1.368201e-01,60.00000,30.00000,671
269,25,1.444626e-01,42.00000,35.00000,699
269,26,1.435766e-01,37.00000,35.00000,649
269,27,1.419898e-01,35.00000,36.00000,753
269,28,1.440584e-01,42.00000,35.00000,652
269,29,1.437473e-01,36.00000,36.00000,639
269,30,1.426889e-01,57.00000,30.00000,11375
269,31,1.417813e-01,49.00000,35.00000,647
269,32,1.421169e-01,42.00000,35.00000,610
269,33,1.470680e-01,36.00000,36.00000,688
269,34,1.467649e-01,44.00000,35.00000,641
269,35,1.392397e-01,55.00000,30.00000,650
269,36,1.410883e-01,49.00000,30.00000,736
269,37,1.496128e-01,41.00000,36.00000,650
269,38,1.409467e-01,57.00000,30.00000,627
269,39,1.469255e-01,37.00000,36.00000,693
269,40,1.420304e-01,42.00000,35.00000,10620
269,41,1.360469e-01,49.00000,30.00000,718
269,42,1.456954e-01,46.00000,35.00000,602
269,43,1.420113e-01,61.00000,30.00000,685
269,44,1.387422e-01,57.00000,30.00000,674
269,45,1.426357e-01,35.00000,36.00000,655
269,46,1.461576e-01,42.00000,35.00000,752
269,47,1.477532e-01,37.00000,36.00000,595
269,48,1.419585e-01,57.00000,30.00000,744
269,49,1.448943e-01,42.00000,35.00000,767
269,50,1.473407e-01,38.00000,35.00000,10544
269,51,1.427567e-01,53.00000,30.00000,697
269,52,1.455755e-01,41.00000,36.00000,609
269,53,1.454301e-01,44.00000,35.00000,601
269,54,1.387885e-01,49.00000,30.00000,725
269,55,1.397877e-01,43.00000,35.00000,619
269,56,1.420084e-01,49.00000,30.00000,614
269,57,1.411235e-01,49.00000,30.00000,608
269,58,1.461205e-01,38.00000,35.00000,583
269,59,1.454280e-01,36.00000,35.00000,592
269,60,1.438008e-01,49.00000,30.00000,2762
269,61,1.452365e-01,49.00000,30.00000,587
269,62,1.438882e-01,37.00000,36.00000,606
269,63,1.409376e-01,40.00000,35.00000,604
269,64,1.462411e-01,46.00000,35.00000,587
269,65,1.361653e-01,55.00000,30.00000,629
269,66,1.435555e-01,43.00000,35.00000,582
269,67,1.464476e-01,41.00000,36.00000,573
269,68,1.454765e-01,50.00000,35.00000,607
269,69,1.470002e-01,44.00000,36.00000,568
269,70,1.503117e-01,31.00000,36.00000,582
269,71,1.419994e-01,48.00000,35.00000,592
270,0,1.444457e-01,36.00000,36.00000,7049
270,1,1.434560e-01,42.00000,35.00000,1458
270,2,1.389250e-01,50.00000,35.00000,723
270,3,1.423762e-01,49.00000,30.00000,706
270,4,1.421289e-01,54.00000,30.00000,675
270,5,1.417179e-01,42.00000,35.00000,612
270,6,1.456232e-01,42.00000,35.00000,688
270,7,1.405703e-01,43.00000,35.00000,725
270,8,1.466426e-01,40.00000,35.00000,683
270,9,1.402551e-01,55.00000,30.00000,696
270,10,1.483616e-01,46.00000,35.00000,2488
270,11,1.420618e-01,37.00000,36.00000,5200
270,12,1.434257e-01,46.00000,35.00000,808
270,13,1.494567e-01,35.00000,36.00000,572
270,14,1.414831e-01,53.00000,30.00000,703
270,15,1.390091e-01,52.00000,30.00000,724
270,16,1.396211e-01,55.00000,30.00000,667
270,17,1.414173e-01,42.00000,35.00000,627
270,18,1.450409e-01,31.00000,36.00000,723
270,19,1.450741e-01,54.00000,30.00000,710
270,20,1.421948e-01,49.00000,30.00000,4473
270,21,1.423695e-01,45.00000,35.00000,4851
270,22,1.458548e-01,49.00000,30.00000,673
270,23,1.389220e-01,49.00000,30.00000,628
270,24,1.343761e-01,57.00000,30.00000,693
270,25,1.461543e-01,44.00000,35.00000,798
270,26,1.396562e-01,46.00000,35.00000,631
270,27,1.382317e-01,40.00000,35.00000,851
270,28,1.406549e-01,52.00000,30.00000,632
270,29,1.462395e-01,30.00000,36.00000,627
270,30,1.435640e-01,54.00000,30.00000,6734
270,31,1.432468e-01,37.00000,35.00000,614
270,32,1.404163e-01,54.00000,30.00000,711
270,33,1.358422e-01,52.00000,30.00000,642
270,34,1.364003e-01,53.00000,30.00000,695
270,35,1.425332e-01,47.00000,35.00000,655
270,36,1.432507e-01,49.00000,30.00000,611
270,37,1.384898e-01,53.00000,30.00000,763
270,38,1.449075e-01,49.00000,30.00000,708
270,39,1.465764e-01,31.00000,36.00000,801
270,40,1.386182e-01,51.00000,35.00000,10054
270,41,1.434725e-01,51.00000,35.00000,621
270,42,1.580971e-01,25.00000,36.00000,595
270,43,1.457681e-01,42.00000,35.00000,628
270,44,1.428159e-01,53.00000,30.00000,733
270,45,1.496725e-01,43.00000,36.00000,594
270,46,1.438521e-01,35.00000,36.00000,724
270,47,1.485496e-01,37.00000,36.00000,676
270,48,1.508314e-01,38.00000,40.00000,586
270,49,1.429827e-01,40.00000,36.00000,706
270,50,1.461817e-01,58.00000,30.00000,7185
270,51,1.425017e-01,52.00000,30.00000,1237
270,52,1.396283e-01,54.00000,30.00000,607
270,53,1.402910e-01,40.00000,35.00000,640
270,54,1.415820e-01,49.00000,35.00000,593
270,55,1.351452e-01,60.00000,30.00000,633
270,56,1.470614e-01,31.00000,36.00000,763
270,57,1.380643e-01,53.00000,30.00000,616
270,58,1.543315e-01,49.00000,30.00000,586
270,59,1.431679e-01,53.00000,30.00000,636
270,60,1.457166e-01,43.00000,35.00000,1452
270,61,1.490282e-01,25.00000,36.00000,1947
270,62,1.442218e-01,42.00000,36.00000,619
270,63,1.544347e-01,41.00000,36.00000,562
270,64,1.486549e-01,35.00000,36.00000,592
270,65,1.444859e-01,47.00000,36.00000,593
270,66,1.549918e-01,25.00000,36.00000,589
270,67,1.458790e-01,40.00000,35.00000,595
270,68,1.542585e-01,40.00000,35.00000,554
270,69,1.461226e-01,42.00000,35.00000,573
270,70,1.444707e-01,48.00000,35.00000,594
270,71,1.483759e-01,43.00000,35.00000,562
271,0,1.452726e-01,44.00000,35.00000,5795
271,1,1.468412e-01,42.00000,35.00000,685
271,2,1.429886e-01,44.00000,35.00000,626
271,3,1.480692e-01,35.00000,36.00000,759
271,4,1.461361e-01,36.00000,36.00000,604
271,5,1.497992e-01,40.00000,36.00000,580
271,6,1.454560e-01,49.00000,30.00000,704
271,7,1.458417e-01,42.00000,35.00000,648
271,8,1.476957e-01,38.00000,35.00000,639
271,9,1.410393e-01,46.00000,35.00000,840
271,10,1.439976e-01,48.00000,35.00000,667
271,11,1.458844e-01,40.00000,35.00000,5592
271,12,1.487094e-01,36.00000,36.00000,614
271,13,1.482572e-01,36.00000,36.00000,722
271,14,1.447376e-01,42.00000,35.00000,803
271,15,1.521017e-01,40.00000,36.00000,606
271,16,1.427444e-01,51.00000,30.00000,692
271,17,1.459919e-01,40.00000,36.00000,597
271,18,1.472160e-01,44.00000,35.00000,726
271,19,1.497759e-01,25.00000,36.00000,689
271,20,1.430058e-01,53.00000,30.00000,667
271,21,1.360320e-01,45.00000,35.00000,8506
271,22,1.399950e-01,53.00000,30.00000,652
271,23,1.376636e-01,58.00000,30.00000,678
271,24,1.454998e-01,59.00000,30.00000,686
271,25,1.394049e-01,54.00000,30.00000,633
271,26,1.413232e-01,41.00000,35.00000,644
271,27,1.407207e-01,48.00000,35.00000,631
271,28,1.410702e-01,45.00000,35.00000,703
271,29,1.445153e-01,49.00000,30.00000,706
271,30,1.398688e-01,42.00000,36.00000,621
271,31,1.411281e-01,44.00000,35.00000,11611
271,32,1.491635e-01,30.00000,40.00000,653
271,33,1.432662e-01,41.00000,35.00000,608
271,34,1.403892e-01,45.00000,35.00000,754
271,35,1.413344e-01,54.00000,30.00000,647
271,36,1.433533e-01,45.00000,35.00000,672
271,37,1.428711e-01,44.00000,35.00000,650
271,38,1.419164e-01,48.00000,35.00000,635
271,39,1.416734e-01,50.00000,35.00000,724
271,40,1.446081e-01,44.00000,35.00000,676
271,41,1.420870e-01,47.00000,35.00000,11857
271,42,1.387216e-01,54.00000,30.00000,699
271,43,1.511731e-01,37.00000,35.00000,1558
271,44,1.379109e-01,50.00000,35.00000,612
271,45,1.472649e-01,44.00000,35.00000,645
271,46,1.401712e-01,49.00000,30.00000,701
271,47,1.451697e-01,42.00000,36.00000,625
271,48,1.385490e-01,53.00000,30.00000,669
271,49,1.510164e-01,45.00000,35.00000,664
271,50,1.432670e-01,53.00000,30.00000,627
271,51,1.394381e-01,50.00000,35.00000,9245
271,52,1.413106e-01,45.00000,35.00000,721
271,53,1.391344e-01,49.00000,30.00000,921
271,54,1.435395e-01,40.00000,35.00000,604
271,55,1.403797e-01,52.00000,30.00000,645
271,56,1.478977e-01,40.00000,40.00000,586
271,57,1.447158e-01,46.00000,35.00000,609
271,58,1.472205e-01,41.00000,36.00000,604
271,59,1.453892e-01,56.00000,30.00000,611
271,60,1.437337e-01,45.00000,35.00000,594
271,61,1.428606e-01,42.00000,35.00000,1922
271,62,1.442541e-01,38.00000,40.00000,584
271,63,1.447631e-01,45.00000,35.00000,597
271,64,1.465401e-01,41.00000,35.00000,583
271,65,1.459586e-01,39.00000,36.00000,576
271,66,1.423501e-01,49.00000,30.00000,592
271,67,1.477329e-01,46.00000,35.00000,588
271,68,1.483267e-01,43.00000,35.00000,562
271,69,1.474961e-01,38.00000,35.00000,556
271,70,1.498501e-01,31.00000,36.00000,608
271,71,1.482190e-01,37.00000,35.00000,568
272,0,1.464782e-01,42.00000,36.00000,16633
272,1,1.358570e-01,53.00000,30.00000,741
272,2,1.414789e-01,49.00000,30.00000,664
272,3,1.479628e-01,30.00000,36.00000,708
272,4,1.529456e-01,30.00000,36.00000,675
272,5,1.462192e-01,40.00000,36.00000,604
272,6,1.421592e-01,42.00000,35.00000,704
272,7,1.438169e-01,53.00000,30.00000,672
272,8,1.462558e-01,45.00000,35.00000,641
272,9,1.462392e-01,38.00000,35.00000,784
272,10,1.413878e-01,31.00000,36.00000,9098
272,11,1.410215e-01,49.00000,30.00000,703
272,12,1.407367e-01,49.00000,30.00000,725
272,13,1.422450e-01,47.00000,35.00000,869
272,14,1.374385e-01,52.00000,30.00000,721
272,15,1.429614e-01,52.00000,30.00000,630
272,16,1.456085e-01,35.00000,36.00000,687
272,17,1.471554e-01,44.00000,35.00000,588
272,18,1.376097e-01,49.00000,30.00000,732
272,19,1.482240e-01,38.00000,36.00000,670
272,20,1.535368e-01,36.00000,36.00000,7338
272,21,1.441555e-01,49.00000,30.00000,738
272,22,1.405663e-01,36.00000,36.00000,2844
272,23,1.426672e-01,43.00000,35.00000,690
272,24,1.462493e-01,37.00000,36.00000,719
272,25,1.483482e-01,36.00000,35.00000,1605
272,26,1.437380e-01,49.00000,30.00000,685
272,27,1.369540e-01,49.00000,30.00000,720
272,28,1.494837e-01,43.00000,35.00000,573
272,29,1.406873e-01,49.00000,30.00000,722
272,30,1.386193e-01,54.00000,30.00000,5189
272,31,1.454258e-01,49.00000,30.00000,4207
272,32,1.388834e-01,52.00000,30.00000,762
272,33,1.394326e-01,53.00000,30.00000,875
272,34,1.382939e-01,40.00000,40.00000,751
272,35,1.404210e-01,49.00000,30.00000,1208
272,36,1.423327e-01,55.00000,30.00000,652
272,37,1.400884e-01,47.00000,35.00000,764
272,38,1.412526e-01,40.00000,40.00000,656
272,39,1.434166e-01,51.00000,30.00000,659
272,40,1.423099e-01,38.00000,35.00000,5922
272,41,1.383770e-01,57.00000,30.00000,1214
272,42,1.478815e-01,49.00000,30.00000,692
272,43,1.393774e-01,47.00000,35.00000,1687
272,44,1.412113e-01,50.00000,35.00000,652
272,45,1.367126e-01,48.00000,35.00000,4035
272,46,1.381521e-01,44.00000,35.00000,607
272,47,1.404036e-01,52.00000,30.00000,669
272,48,1.425955e-01,49.00000,30.00000,633
272,49,1.415620e-01,57.00000,30.00000,709
272,50,1.507438e-01,25.00000,36.00000,5016
272,51,1.407439e-01,49.00000,30.00000,609
272,52,1.400008e-01,49.00000,30.00000,2875
272,53,1.378426e-01,57.00000,30.00000,651
272,54,1.404906e-01,49.00000,30.00000,2386
272,55,1.381026e-01,55.00000,30.00000,1371
272,56,1.397318e-01,45.00000,35.00000,645
272,57,1.437731e-01,31.00000,36.00000,679
272,58,1.422162e-01,49.00000,30.00000,635
272,59,1.389570e-01,53.00000,30.00000,667
272,60,1.423384e-01,41.00000,35.00000,636
272,61,1.423754e-01,42.00000,35.00000,1433
272,62,1.435975e-01,43.00000,35.00000,601
272,63,1.446885e-01,45.00000,35.00000,617
272,64,1.511067e-01,43.00000,35.00000,576
272,65,1.441906e-01,37.00000,36.00000,606
272,66,1.494557e-01,43.00000,35.00000,564
272,67,1.506264e-01,40.00000,36.00000,562
272,68,1.451605e-01,43.00000,35.00000,594
272,69,1.469885e-01,45.00000,35.00000,569
272,70,1.419506e-01,49.00000,30.00000,596
272,71,1.442086e-01,47.00000,35.00000,582
273,0,1.457942e-01,45.00000,36.00000,1603
273,1,1.474600e-01,52.00000,30.00000,2093
273,2,1.439701e-01,37.00000,36.00000,747
273,3,1.441387e-01,36.00000,36.00000,665
273,4,1.499120e-01,46.00000,35.00000,600
273,5,1.533691e-01,53.00000,30.00000,642
273,6,1.478754e-01,49.00000,30.00000,667
273,7,1.419020e-01,42.00000,35.00000,699
273,8,1.485977e-01,43.00000,36.00000,666
273,9,1.439629e-01,31.00000,36.00000,739
273,10,1.383366e-01,42.00000,36.00000,1349
273,11,1.375078e-01,49.00000,30.00000,736
273,12,1.404365e-01,43.00000,35.00000,645
273,13,1.405935e-01,42.00000,35.00000,645
273,14,1.426877e-01,60.00000,30.00000,681
273,15,1.437360e-01,45.00000,36.00000,664
273,16,1.430110e-01,58.00000,30.00000,699
273,17,1.447884e-01,35.00000,36.00000,619
273,18,1.431464e-01,53.00000,30.00000,815
273,19,1.456559e-01,56.00000,30.00000,699
273,20,1.361996e-01,59.00000,30.00000,4787
273,21,1.379303e-01,54.00000,30.00000,769
273,22,1.410644e-01,49.00000,30.00000,721
273,23,1.423920e-01,31.00000,36.00000,687
273,24,1.471071e-01,41.00000,36.00000,2469
273,25,1.386194e-01,53.00000,30.00000,673
273,26,1.441607e-01,49.00000,30.00000,704
273,27,1.371485e-01,49.00000,30.00000,678
273,28,1.395634e-01,49.00000,30.00000,760
273,29,1.419392e-01,43.00000,35.00000,653
273,30,1.429866e-01,45.00000,35.00000,2416
273,31,1.441476e-01,53.00000,30.00000,638
273,32,1.455577e-01,37.00000,36.00000,622
273,33,1.478555e-01,31.00000,36.00000,675
273,34,1.430640e-01,48.00000,35.00000,3204
273,35,1.449455e-01,30.00000,36.00000,594
273,36,1.433458e-01,46.00000,35.00000,695
273,37,1.399531e-01,55.00000,30.00000,653
273,38,1.445314e-01,56.00000,30.00000,666
273,39,1.444958e-01,48.00000,35.00000,648
273,40,1.432176e-01,40.00000,36.00000,717
273,41,1.423776e-01,41.00000,35.00000,700
273,42,1.468450e-01,45.00000,35.00000,666
273,43,1.417819e-01,34.00000,40.00000,638
273,44,1.474962e-01,53.00000,30.00000,5937
273,45,1.445451e-01,49.00000,30.00000,651
273,46,1.386486e-01,49.00000,30.00000,649
273,47,1.427609e-01,52.00000,30.00000,667
273,48,1.401689e-01,49.00000,30.00000,718
273,49,1.403527e-01,42.00000,36.00000,663
273,50,1.403289e-01,53.00000,30.00000,2023
273,51,1.382205e-01,43.00000,35.00000,702
273,52,1.400928e-01,40.00000,40.00000,654
273,53,1.430405e-01,55.00000,30.00000,649
273,54,1.390883e-01,55.00000,30.00000,7120
273,55,1.422327e-01,54.00000,30.00000,604
273,56,1.397108e-01,40.00000,35.00000,616
273,57,1.442304e-01,43.00000,35.00000,601
273,58,1.478387e-01,43.00000,35.00000,565
273,59,1.453519e-01,53.00000,30.00000,606
273,60,1.415520e-01,35.00000,36.00000,612
273,61,1.420800e-01,41.00000,35.00000,602
273,62,1.453851e-01,52.00000,30.00000,593
273,63,1.419119e-01,49.00000,30.00000,595
273,64,1.426499e-01,54.00000,30.00000,605
273,65,1.450056e-01,42.00000,35.00000,597
273,66,1.414053e-01,49.00000,30.00000,621
273,67,1.463742e-01,36.00000,36.00000,599
273,68,1.423685e-01,35.00000,36.00000,615
273,69,1.425187e-01,58.00000,30.00000,620
273,70,1.441923e-01,42.00000,35.00000,604
273,71,1.476781e-01,40.00000,36.00000,594
274,0,1.386590e-01,53.00000,30.00000,12013
274,1,1.419526e-01,44.00000,35.00000,1584
274,2,1.387145e-01,49.00000,30.00000,658
274,3,1.396840e-01,45.00000,35.00000,704
274,4,1.399462e-01,48.00000,35.00000,654
274,5,1.480719e-01,49.00000,30.00000,685
274,6,1.401187e-01,49.00000,30.00000,717
274,7,1.416799e-01,46.00000,35.00000,749
274,8,1.369765e-01,51.00000,30.00000,696
274,9,1.428127e-01,40.00000,36.00000,706
274,10,1.394996e-01,55.00000,30.00000,10442
274,11,1.441489e-01,40.00000,36.00000,1274
274,12,1.417491e-01,43.00000,35.00000,1236
274,13,1.445402e-01,48.00000,35.00000,639
274,14,1.368447e-01,54.00000,30.00000,731
274,15,1.360108e-01,57.00000,30.00000,646
274,16,1.405785e-01,55.00000,30.00000,721
274,17,1.427687e-01,35.00000,36.00000,740
274,18,1.439960e-01,42.00000,35.00000,759
274,19,1.433500e-01,54.00000,30.00000,641
274,20,1.404850e-01,55.00000,30.00000,9405
274,21,1.437028e-01,54.00000,30.00000,682
274,22,1.424723e-01,43.00000,35.00000,897
274,23,1.404018e-01,55.00000,30.00000,660
274,24,1.458083e-01,42.00000,36.00000,674
274,25,1.462852e-01,42.00000,35.00000,734
274,26,1.411123e-01,47.00000,35.00000,696
274,27,1.445635e-01,41.00000,36.00000,759
274,28,1.484814e-01,30.00000,36.00000,684
274,29,1.437435e-01,49.00000,30.00000,623
274,30,1.397172e-01,43.00000,35.00000,10742
274,31,1.524113e-01,49.00000,30.00000,677
274,32,1.440873e-01,41.00000,35.00000,1656
274,33,1.379116e-01,51.00000,35.00000,1265
274,34,1.432459e-01,41.00000,40.00000,657
274,35,1.428541e-01,36.00000,36.00000,657
274,36,1.398842e-01,45.00000,36.00000,821
274,37,1.397990e-01,53.00000,30.00000,721
274,38,1.402950e-01,55.00000,30.00000,672
274,39,1.446763e-01,42.00000,35.00000,708
274,40,1.411471e-01,58.00000,30.00000,7789
274,41,1.472193e-01,46.00000,35.00000,678
274,42,1.401627e-01,44.00000,35.00000,2468
274,43,1.469348e-01,36.00000,35.00000,2022
274,44,1.471392e-01,41.00000,36.00000,648
274,45,1.424336e-01,43.00000,36.00000,627
274,46,1.460429e-01,48.00000,35.00000,632
274,47,1.453277e-01,52.00000,30.00000,700
274,48,1.443123e-01,40.00000,36.00000,596
274,49,1.399271e-01,53.00000,30.00000,693
274,50,1.390371e-01,57.00000,30.00000,5492
274,51,1.405030e-01,45.00000,35.00000,649
274,52,1.449400e-01,49.00000,30.00000,3167
274,53,1.456950e-01,48.00000,35.00000,2570
274,54,1.407752e-01,45.00000,35.00000,643
274,55,1.437019e-01,37.00000,40.00000,618
274,56,1.424564e-01,37.00000,40.00000,624
274,57,1.416675e-01,45.00000,35.00000,626
274,58,1.416657e-01,49.00000,30.00000,620
274,59,1.602413e-01,25.00000,36.00000,531
274,60,1.423966e-01,40.00000,35.00000,611
274,61,1.471570e-01,37.00000,40.00000,587
274,62,1.416889e-01,45.00000,35.00000,601
274,63,1.471937e-01,59.00000,30.00000,637
274,64,1.375615e-01,44.00000,35.00000,626
274,65,1.430500e-01,49.00000,30.00000,587
274,66,1.395095e-01,49.00000,30.00000,607
274,67,1.451988e-01,35.00000,36.00000,603
274,68,1.414903e-01,49.00000,30.00000,599
274,69,1.416169e-01,49.00000,30.00000,617
274,70,1.400520e-01,59.00000,30.00000,637
274,71,1.397946e-01,44.00000,35.00000,614
275,0,1.379472e-01,53.00000,30.00000,15913
275,1,1.386877e-01,48.00000,35.00000,686
275,2,1.440914e-01,43.00000,35.00000,615
275,3,1.438455e-01,49.00000,30.00000,673
275,4,1.462380e-01,39.00000,36.00000,656
275,5,1.408782e-01,44.00000,35.00000,709
275,6,1.417723e-01,46.00000,35.00000,642
275,7,1.454780e-01,36.00000,36.00000,708
275,8,1.414850e-01,53.00000,30.00000,618
275,9,1.461309e-01,53.00000,30.00000,681
275,10,1.439255e-01,45.00000,35.00000,12393
275,11,1.461214e-01,37.00000,35.00000,615
275,12,1.406170e-01,41.00000,35.00000,636
275,13,1.401384e-01,52.00000,30.00000,662
275,14,1.395644e-01,47.00000,35.00000,653
275,15,1.430898e-01,41.00000,35.00000,710
275,16,1.397554e-01,54.00000,30.00000,679
275,17,1.384773e-01,58.00000,30.00000,702
275,18,1.446324e-01,35.00000,36.00000,610
275,19,1.460907e-01,49.00000,30.00000,588
275,20,1.427057e-01,40.00000,36.00000,12431
275,21,1.448799e-01,42.00000,35.00000,637
275,22,1.444934e-01,42.00000,35.00000,626
275,23,1.465603e-01,42.00000,35.00000,604
275,24,1.461423e-01,45.00000,35.00000,589
275,25,1.463818e-01,40.00000,35.00000,623
275,26,1.447366e-01,43.00000,36.00000,672
275,27,1.447061e-01,45.00000,35.00000,686
275,28,1.476811e-01,45.00000,35.00000,635
275,29,1.391729e-01,53.00000,30.00000,674
275,30,1.441061e-01,51.00000,30.00000,10474
275,31,1.409702e-01,44.00000,35.00000,668
275,32,1.561608e-01,37.00000,36.00000,715
275,33,1.438600e-01,49.00000,35.00000,600
275,34,1.446731e-01,35.00000,36.00000,723
275,35,1.482107e-01,39.00000,35.00000,634
275,36,1.495817e-01,40.00000,36.00000,579
275,37,1.453833e-01,44.00000,35.00000,667
275,38,1.379339e-01,52.00000,30.00000,652
275,39,1.432467e-01,43.00000,35.00000,692
275,40,1.445842e-01,31.00000,36.00000,11814
275,41,1.398502e-01,46.00000,35.00000,672
275,42,1.438331e-01,45.00000,35.00000,592
275,43,1.440791e-01,53.00000,30.00000,642
275,44,1.448186e-01,38.00000,35.00000,599
275,45,1.392619e-01,58.00000,30.00000,678
275,46,1.412135e-01,52.00000,30.00000,663
275,47,1.430441e-01,49.00000,30.00000,607
275,48,1.408819e-01,47.00000,36.00000,737
275,49,1.398520e-01,49.00000,30.00000,719
275,50,1.383383e-01,50.00000,35.00000,8721
275,51,1.411856e-01,47.00000,35.00000,591
275,52,1.398372e-01,54.00000,30.00000,758
275,53,1.376714e-01,53.00000,30.00000,614
275,54,1.427906e-01,44.00000,35.00000,695
275,55,1.466476e-01,25.00000,36.00000,637
275,56,1.446068e-01,46.00000,35.00000,619
275,57,1.430853e-01,43.00000,35.00000,590
275,58,1.453753e-01,40.00000,36.00000,583
275,59,1.391483e-01,55.00000,30.00000,616
275,60,1.422393e-01,55.00000,30.00000,2376
275,61,1.388051e-01,59.00000,30.00000,639
275,62,1.362462e-01,55.00000,30.00000,624
275,63,1.392793e-01,54.00000,30.00000,605
275,64,1.363172e-01,54.00000,30.00000,610
275,65,1.396792e-01,47.00000,35.00000,616
275,66,1.429533e-01,44.00000,35.00000,598
275,67,1.404667e-01,37.00000,36.00000,605
275,68,1.422251e-01,49.00000,30.00000,607
275,69,1.492594e-01,37.00000,36.00000,570
275,70,1.433705e-01,49.00000,30.00000,606
275,71,1.455417e-01,45.00000,35.00000,572
276,0,1.432275e-01,54.00000,30.00000,13218
276,1,1.446751e-01,42.00000,40.00000,799
276,2,1.441368e-01,51.00000,35.00000,691
276,3,1.495171e-01,31.00000,36.00000,757
276,4,1.519744e-01,43.00000,36.00000,586
276,5,1.481860e-01,38.00000,35.00000,665
276,6,1.411726e-01,48.00000,35.00000,615
276,7,1.444329e-01,37.00000,36.00000,732
276,8,1.466394e-01,44.00000,35.00000,618
276,9,1.488770e-01,45.00000,35.00000,693
276,10,1.385008e-01,36.00000,36.00000,11929
276,11,1.394903e-01,48.00000,35.00000,646
276,12,1.467632e-01,54.00000,30.00000,691
276,13,1.469615e-01,49.00000,30.00000,632
276,14,1.411932e-01,49.00000,30.00000,724
276,15,1.434068e-01,39.00000,36.00000,612
276,16,1.498098e-01,36.00000,36.00000,605
276,17,1.392160e-01,49.00000,30.00000,808
276,18,1.466184e-01,47.00000,35.00000,638
276,19,1.412436e-01,43.00000,35.00000,683
276,20,1.424080e-01,43.00000,36.00000,12246
276,21,1.460572e-01,49.00000,35.00000,629
276,22,1.518926e-01,38.00000,36.00000,583
276,23,1.372019e-01,59.00000,30.00000,747
276,24,1.457922e-01,45.00000,35.00000,617
276,25,1.463334e-01,44.00000,35.00000,626
276,26,1.387881e-01,49.00000,30.00000,696
276,27,1.407869e-01,62.00000,30.00000,721
276,28,1.414989e-01,40.00000,36.00000,712
276,29,1.431802e-01,49.00000,30.00000,646
276,30,1.378731e-01,54.00000,30.00000,11265
276,31,1.413602e-01,45.00000,35.00000,629
276,32,1.410906e-01,48.00000,35.00000,723
276,33,1.486551e-01,45.00000,35.00000,579
276,34,1.478443e-01,35.00000,36.00000,720
276,35,1.418908e-01,46.00000,35.00000,675
276,36,1.503709e-01,30.00000,36.00000,705
276,37,1.409828e-01,53.00000,30.00000,744
276,38,1.387431e-01,54.00000,30.00000,806
276,39,1.407042e-01,49.00000,30.00000,673
276,40,1.375652e-01,53.00000,30.00000,6170
276,41,1.429552e-01,49.00000,35.00000,671
276,42,1.461981e-01,47.00000,35.00000,667
276,43,1.435619e-01,41.00000,36.00000,724
276,44,1.451269e-01,43.00000,35.00000,698
276,45,1.459087e-01,46.00000,36.00000,658
276,46,1.444433e-01,48.00000,35.00000,651
276,47,1.421358e-01,46.00000,35.00000,625
276,48,1.464701e-01,55.00000,30.00000,714
276,49,1.462978e-01,44.00000,35.00000,673
276,50,1.444990e-01,39.00000,36.00000,10553
276,51,1.505929e-01,36.00000,35.00000,586
276,52,1.456485e-01,36.00000,40.00000,646
276,53,1.363158e-01,47.00000,35.00000,754
276,54,1.425449e-01,49.00000,30.00000,661
276,55,1.466442e-01,42.00000,35.00000,615
276,56,1.472116e-01,38.00000,36.00000,625
276,57,1.506149e-01,36.00000,36.00000,608
276,58,1.426155e-01,57.00000,30.00000,682
276,59,1.408187e-01,54.00000,30.00000,624
276,60,1.413037e-01,45.00000,35.00000,2823
276,61,1.448727e-01,45.00000,35.00000,584
276,62,1.430438e-01,45.00000,35.00000,590
276,63,1.441948e-01,51.00000,30.00000,603
276,64,1.397938e-01,53.00000,30.00000,610
276,65,1.416633e-01,56.00000,30.00000,611
276,66,1.425045e-01,48.00000,35.00000,601
276,67,1.435164e-01,44.00000,35.00000,584
276,68,1.405743e-01,49.00000,30.00000,602
276,69,1.399591e-01,46.00000,35.00000,599
276,70,1.449062e-01,25.00000,36.00000,605
276,71,1.406977e-01,44.00000,35.00000,622
277,0,1.500880e-01,31.00000,36.00000,8784
277,1,1.429849e-01,49.00000,30.00000,1065
277,2,1.492348e-01,45.00000,35.00000,1061
277,3,1.437290e-01,49.00000,30.00000,694
277,4,1.448182e-01,42.00000,35.00000,663
277,5,1.411149e-01,43.00000,36.00000,729
277,6,1.468062e-01,43.00000,36.00000,684
277,7,1.485412e-01,40.00000,35.00000,633
277,8,1.426519e-01,41.00000,36.00000,717
277,9,1.398992e-01,46.00000,35.00000,726
277,10,1.443216e-01,49.00000,30.00000,11291
277,11,1.355727e-01,56.00000,30.00000,643
277,12,1.420529e-01,57.00000,30.00000,700
277,13,1.424454e-01,41.00000,36.00000,703
277,14,1.520641e-01,36.00000,35.00000,675
277,15,1.483284e-01,39.00000,40.00000,705
277,16,1.420684e-01,41.00000,40.00000,605
277,17,1.391797e-01,54.00000,30.00000,761
277,18,1.439655e-01,43.00000,35.00000,1409
277,19,1.402888e-01,49.00000,30.00000,749
277,20,1.501360e-01,44.00000,35.00000,13233
277,21,1.388298e-01,58.00000,30.00000,678
277,22,1.394464e-01,49.00000,30.00000,699
277,23,1.397148e-01,40.00000,36.00000,638
277,24,1.429620e-01,46.00000,35.00000,669
277,25,1.414643e-01,39.00000,35.00000,675
277,26,1.402941e-01,54.00000,30.00000,731
277,27,1.404044e-01,52.00000,30.00000,711
277,28,1.432610e-01,55.00000,30.00000,660
277,29,1.411686e-01,44.00000,35.00000,682
277,30,1.445116e-01,46.00000,35.00000,13525
277,31,1.389640e-01,54.00000,30.00000,622
277,32,1.531474e-01,31.00000,36.00000,688
277,33,1.436427e-01,47.00000,35.00000,623
277,34,1.452720e-01,53.00000,30.00000,663
277,35,1.471772e-01,37.00000,36.00000,731
277,36,1.429566e-01,51.00000,35.00000,681
277,37,1.443340e-01,37.00000,36.00000,666
277,38,1.497718e-01,46.00000,35.00000,633
277,39,1.463989e-01,49.00000,30.00000,671
277,40,1.421209e-01,45.00000,35.00000,7833
277,41,1.386252e-01,54.00000,30.00000,670
277,42,1.413824e-01,55.00000,30.00000,687
277,43,1.426356e-01,47.00000,35.00000,644
277,44,1.378869e-01,52.00000,30.00000,657
277,45,1.457506e-01,49.00000,30.00000,694
277,46,1.483191e-01,42.00000,36.00000,636
277,47,1.356055e-01,53.00000,30.00000,698
277,48,1.427442e-01,38.00000,36.00000,669
277,49,1.499519e-01,42.00000,40.00000,638
277,50,1.400140e-01,49.00000,30.00000,9914
277,51,1.381973e-01,54.00000,30.00000,731
277,52,1.410483e-01,37.00000,36.00000,609
277,53,1.459247e-01,49.00000,30.00000,658
277,54,1.438606e-01,37.00000,36.00000,650
277,55,1.472071e-01,41.00000,35.00000,669
277,56,1.468705e-01,40.00000,36.00000,598
277,57,1.371869e-01,56.00000,30.00000,657
277,58,1.408675e-01,55.00000,30.00000,655
277,59,1.483671e-01,53.00000,30.00000,635
277,60,1.404912e-01,60.00000,30.00000,1889
277,61,1.385412e-01,46.00000,35.00000,620
277,62,1.426479e-01,45.00000,35.00000,596
277,63,1.429791e-01,49.00000,35.00000,594
277,64,1.466506e-01,41.00000,36.00000,566
277,65,1.498650e-01,45.00000,35.00000,569
277,66,1.484691e-01,35.00000,36.00000,595
277,67,1.464864e-01,43.00000,35.00000,573
277,68,1.522695e-01,43.00000,36.00000,574
277,69,1.449552e-01,48.00000,35.00000,594
277,70,1.406099e-01,55.00000,30.00000,616
277,71,1.412213e-01,46.00000,35.00000,600
278,0,1.409075e-01,54.00000,30.00000,12086
278,1,1.364290e-01,47.00000,35.00000,730
278,2,1.416009e-01,53.00000,30.00000,694
278,3,1.445009e-01,54.00000,30.00000,619
278,4,1.386256e-01,43.00000,35.00000,713
278,5,1.392268e-01,53.00000,30.00000,712
278,6,1.389708e-01,49.00000,36.00000,692
278,7,1.403532e-01,50.00000,35.00000,751
278,8,1.445988e-01,55.00000,30.00000,620
278,9,1.409273e-01,47.00000,35.00000,746
278,10,1.429204e-01,49.00000,30.00000,5624
278,11,1.411268e-01,37.00000,40.00000,676
278,12,1.432394e-01,53.00000,30.00000,1092
278,13,1.424025e-01,55.00000,30.00000,7423
278,14,1.408084e-01,40.00000,35.00000,650
278,15,1.396002e-01,49.00000,30.00000,666
278,16,1.387807e-01,46.00000,35.00000,674
278,17,1.369470e-01,53.00000,30.00000,707
278,18,1.423999e-01,39.00000,36.00000,671
278,19,1.423019e-01,53.00000,30.00000,669
278,20,1.477050e-01,36.00000,36.00000,1274
278,21,1.406484e-01,49.00000,30.00000,665
278,22,1.369837e-01,56.00000,30.00000,3456
278,23,1.393634e-01,51.00000,30.00000,4402
278,24,1.406103e-01,45.00000,35.00000,802
278,25,1.370255e-01,54.00000,30.00000,643
278,26,1.392873e-01,55.00000,30.00000,710
278,27,1.342103e-01,54.00000,30.00000,663
278,28,1.406261e-01,57.00000,30.00000,714
278,29,1.375005e-01,49.00000,30.00000,708
278,30,1.428418e-01,36.00000,35.00000,4805
278,31,1.364428e-01,49.00000,30.00000,788
278,32,1.444493e-01,53.00000,30.00000,2625
278,33,1.378349e-01,52.00000,30.00000,4645
278,34,1.397632e-01,55.00000,30.00000,723
278,35,1.462559e-01,34.00000,40.00000,601
278,36,1.496603e-01,42.00000,35.00000,648
278,37,1.428495e-01,36.00000,36.00000,708
278,38,1.403795e-01,39.00000,35.00000,698
278,39,1.425433e-01,42.00000,36.00000,650
278,40,1.542590e-01,53.00000,30.00000,5845
278,41,1.429987e-01,44.00000,35.00000,621
278,42,1.385969e-01,40.00000,36.00000,741
278,43,1.430761e-01,57.00000,30.00000,4979
278,44,1.433804e-01,45.00000,35.00000,626
278,45,1.418529e-01,54.00000,30.00000,667
278,46,1.377954e-01,54.00000,30.00000,667
278,47,1.421425e-01,54.00000,30.00000,685
278,48,1.399246e-01,55.00000,30.00000,746
278,49,1.442891e-01,35.00000,36.00000,713
278,50,1.445167e-01,36.00000,36.00000,8617
278,51,1.412503e-01,49.00000,30.00000,735
278,52,1.471332e-01,44.00000,36.00000,594
278,53,1.451414e-01,54.00000,30.00000,3448
278,54,1.386562e-01,49.00000,30.00000,682
278,55,1.406157e-01,38.00000,40.00000,675
278,56,1.473800e-01,49.00000,30.00000,672
278,57,1.379974e-01,58.00000,30.00000,674
278,58,1.464300e-01,41.00000,36.00000,690
278,59,1.443206e-01,49.00000,30.00000,664
278,60,1.489773e-01,25.00000,36.00000,5025
278,61,1.403105e-01,41.00000,36.00000,608
278,62,1.423475e-01,48.00000,35.00000,602
278,63,1.474785e-01,30.00000,36.00000,615
278,64,1.467113e-01,43.00000,35.00000,606
278,65,1.402155e-01,44.00000,35.00000,599
278,66,1.404007e-01,53.00000,30.00000,607
278,67,1.409607e-01,53.00000,30.00000,606
278,68,1.464643e-01,54.00000,30.00000,606
278,69,1.493092e-01,37.00000,40.00000,576
278,70,1.472811e-01,49.00000,35.00000,592
278,71,1.548797e-01,36.00000,36.00000,555
279,0,1.402692e-01,42.00000,35.00000,4472
279,1,1.422794e-01,42.00000,36.00000,632
279,2,1.487623e-01,38.00000,35.00000,660
279,3,1.458834e-01,49.00000,30.00000,628
279,4,1.389903e-01,49.00000,30.00000,731
279,5,1.427244e-01,49.00000,30.00000,598
279,6,1.440840e-01,49.00000,30.00000,747
279,7,1.418149e-01,44.00000,36.00000,691
279,8,1.417740e-01,36.00000,36.00000,722
279,9,1.389461e-01,57.00000,30.00000,696
279,10,1.424123e-01,42.00000,35.00000,4693
279,11,1.400286e-01,55.00000,30.00000,626
279,12,1.452587e-01,35.00000,36.00000,672
279,13,1.407679e-01,46.00000,35.00000,697
279,14,1.402146e-01,49.00000,35.00000,721
279,15,1.437882e-01,51.00000,30.00000,650
279,16,1.417224e-01,43.00000,35.00000,709
279,17,1.473350e-01,53.00000,30.00000,673
279,18,1.401883e-01,49.00000,30.00000,678
279,19,1.400754e-01,49.00000,30.00000,726
279,20,1.449293e-01,45.00000,35.00000,5543
279,21,1.434624e-01,53.00000,30.00000,631
279,22,1.495271e-01,35.00000,36.00000,667
279,23,1.425075e-01,36.00000,36.00000,624
279,24,1.407004e-01,48.00000,35.00000,637
279,25,1.462586e-01,41.00000,36.00000,614
279,26,1.379523e-01,40.00000,35.00000,711
279,27,1.438284e-01,44.00000,35.00000,682
279,28,1.466058e-01,49.00000,30.00000,723
279,29,1.473642e-01,49.00000,30.00000,640
279,30,1.417122e-01,49.00000,30.00000,3699
279,31,1.441834e-01,40.00000,35.00000,699
279,32,1.460851e-01,42.00000,35.00000,645
279,33,1.436697e-01,48.00000,35.00000,708
279,34,1.395102e-01,48.00000,35.00000,653
279,35,1.415285e-01,46.00000,35.00000,633
279,36,1.430066e-01,41.00000,35.00000,712
279,37,1.453917e-01,43.00000,35.00000,769
279,38,1.551169e-01,31.00000,36.00000,600
279,39,1.398312e-01,49.00000,30.00000,671
279,40,1.407353e-01,49.00000,35.00000,4656
279,41,1.439293e-01,49.00000,35.00000,900
279,42,1.420858e-01,53.00000,30.00000,696
279,43,1.429632e-01,49.00000,35.00000,655
279,44,1.473542e-01,40.00000,35.00000,662
279,45,1.470942e-01,35.00000,36.00000,614
279,46,1.498780e-01,37.00000,36.00000,642
279,47,1.401343e-01,51.00000,30.00000,770
279,48,1.397239e-01,49.00000,30.00000,625
279,49,1.458835e-01,43.00000,35.00000,678
279,50,1.432132e-01,54.00000,30.00000,3517
279,51,1.487499e-01,37.00000,36.00000,2307
279,52,1.409827e-01,49.00000,35.00000,651
279,53,1.437144e-01,45.00000,35.00000,701
279,54,1.391175e-01,49.00000,30.00000,679
279,55,1.389509e-01,47.00000,35.00000,649
279,56,1.480540e-01,35.00000,36.00000,1618
279,57,1.427034e-01,55.00000,30.00000,645
279,58,1.375003e-01,49.00000,30.00000,665
279,59,1.424864e-01,49.00000,30.00000,650
279,60,1.384311e-01,54.00000,30.00000,993
279,61,1.415050e-01,45.00000,35.00000,2430
279,62,1.388593e-01,42.00000,35.00000,628
279,63,1.385701e-01,45.00000,35.00000,659
279,64,1.494729e-01,37.00000,35.00000,583
279,65,1.442683e-01,38.00000,35.00000,618
279,66,1.395043e-01,49.00000,30.00000,1032
279,67,1.418971e-01,43.00000,35.00000,584
279,68,1.386310e-01,58.00000,30.00000,622
279,69,1.422895e-01,49.00000,30.00000,587
279,70,1.401680e-01,49.00000,30.00000,601
279,71,1.439187e-01,52.00000,30.00000,597
280,0,1.516128e-01,34.00000,40.00000,5314
280,1,1.430799e-01,49.00000,30.00000,654
280,2,1.428421e-01,42.00000,36.00000,651
280,3,1.445376e-01,43.00000,35.00000,682
280,4,1.426433e-01,54.00000,30.00000,686
280,5,1.466133e-01,55.00000,30.00000,668
280,6,1.524632e-01,25.00000,36.00000,719
280,7,1.507138e-01,37.00000,36.00000,702
280,8,1.502679e-01,41.00000,36.00000,618
280,9,1.404839e-01,45.00000,35.00000,700
280,10,1.425675e-01,43.00000,36.00000,3731
280,11,1.424028e-01,42.00000,35.00000,4308
280,12,1.447151e-01,48.00000,35.00000,688
280,13,1.434328e-01,47.00000,36.00000,1576
280,14,1.508368e-01,41.00000,36.00000,650
280,15,1.458789e-01,37.00000,36.00000,590
280,16,1.379404e-01,54.00000,30.00000,702
280,17,1.501395e-01,45.00000,35.00000,621
280,18,1.407419e-01,41.00000,35.00000,663
280,19,1.486324e-01,49.00000,30.00000,674
280,20,1.454913e-01,37.00000,36.00000,1642
280,21,1.435401e-01,38.00000,36.00000,3893
280,22,1.381414e-01,59.00000,30.00000,901
280,23,1.406739e-01,54.00000,30.00000,5545
280,24,1.401825e-01,51.00000,35.00000,600
280,25,1.443785e-01,53.00000,30.00000,657
280,26,1.428360e-01,40.00000,35.00000,709
280,27,1.386564e-01,45.00000,35.00000,747
280,28,1.391249e-01,45.00000,35.00000,719
280,29,1.470569e-01,49.00000,30.00000,714
280,30,1.479409e-01,53.00000,30.00000,718
280,31,1.424100e-01,46.00000,35.00000,691
280,32,1.373067e-01,42.00000,35.00000,657
280,33,1.435553e-01,43.00000,35.00000,10908
280,34,1.532965e-01,30.00000,36.00000,589
280,35,1.451603e-01,49.00000,30.00000,617
280,36,1.445900e-01,40.00000,36.00000,654
280,37,1.408380e-01,46.00000,35.00000,658
280,38,1.475158e-01,49.00000,30.00000,657
280,39,1.446898e-01,35.00000,36.00000,698
280,40,1.465441e-01,43.00000,35.00000,702
280,41,1.474578e-01,43.00000,36.00000,649
280,42,1.441131e-01,46.00000,35.00000,660
280,43,1.539562e-01,39.00000,36.00000,12096
280,44,1.461439e-01,46.00000,35.00000,651
280,45,1.464306e-01,47.00000,35.00000,648
280,46,1.479584e-01,31.00000,36.00000,700
280,47,1.448711e-01,48.00000,35.00000,632
280,48,1.460169e-01,45.00000,36.00000,628
280,49,1.444777e-01,44.00000,35.00000,675
280,50,1.468680e-01,31.00000,36.00000,655
280,51,1.420093e-01,43.00000,35.00000,637
280,52,1.474239e-01,39.00000,35.00000,718
280,53,1.462810e-01,38.00000,40.00000,9611
280,54,1.380768e-01,49.00000,30.00000,651
280,55,1.484563e-01,42.00000,35.00000,567
280,56,1.436960e-01,49.00000,30.00000,596
280,57,1.421644e-01,46.00000,36.00000,581
280,58,1.468098e-01,43.00000,35.00000,595
280,59,1.566627e-01,36.00000,36.00000,552
280,60,1.441329e-01,53.00000,30.00000,605
280,61,1.438849e-01,30.00000,36.00000,622
280,62,1.450523e-01,41.00000,35.00000,587
280,63,1.436728e-01,45.00000,35.00000,579
280,64,1.400753e-01,53.00000,30.00000,614
280,65,1.387497e-01,49.00000,30.00000,610
280,66,1.473852e-01,53.00000,30.00000,605
280,67,1.375619e-01,55.00000,30.00000,624
280,68,1.391470e-01,43.00000,35.00000,617
280,69,1.488710e-01,35.00000,36.00000,576
280,70,1.447025e-01,44.00000,35.00000,603
280,71,1.414268e-01,40.00000,35.00000,606
281,0,1.521267e-01,35.00000,36.00000,5136
281,1,1.440646e-01,45.00000,35.00000,1738
281,2,1.430834e-01,41.00000,36.00000,678
281,3,1.414040e-01,47.00000,35.00000,678
281,4,1.351597e-01,54.00000,30.00000,694
281,5,1.427330e-01,54.00000,30.00000,697
281,6,1.405461e-01,45.00000,35.00000,652
281,7,1.414802e-01,55.00000,30.00000,712
281,8,1.483909e-01,40.00000,36.00000,569
281,9,1.455972e-01,37.00000,35.00000,794
281,10,1.415990e-01,41.00000,35.00000,7127
281,11,1.467117e-01,48.00000,35.00000,613
281,12,1.401464e-01,58.00000,30.00000,700
281,13,1.387250e-01,58.00000,30.00000,707
281,14,1.442553e-01,49.00000,30.00000,617
281,15,1.434316e-01,37.00000,36.00000,683
281,16,1.428361e-01,47.00000,35.00000,716
281,17,1.448000e-01,47.00000,35.00000,615
281,18,1.407860e-01,47.00000,35.00000,668
281,19,1.379490e-01,53.00000,30.00000,731
281,20,1.425089e-01,49.00000,30.00000,10830
281,21,1.356479e-01,54.00000,30.00000,646
281,22,1.399499e-01,43.00000,36.00000,655
281,23,1.361481e-01,53.00000,30.00000,682
281,24,1.349968e-01,53.00000,30.00000,773
281,25,1.433986e-01,42.00000,35.00000,659
281,26,1.399256e-01,59.00000,30.00000,726
281,27,1.355475e-01,56.00000,30.00000,671
281,28,1.432514e-01,42.00000,35.00000,626
281,29,1.372353e-01,57.00000,30.00000,655
281,30,1.426429e-01,38.00000,35.00000,11813
281,31,1.453752e-01,43.00000,35.00000,652
281,32,1.359368e-01,54.00000,30.00000,659
281,33,1.399363e-01,49.00000,30.00000,633
281,34,1.405724e-01,55.00000,30.00000,676
281,35,1.381905e-01,54.00000,30.00000,733
281,36,1.421177e-01,49.00000,30.00000,666
281,37,1.433979e-01,41.00000,35.00000,577
281,38,1.432940e-01,43.00000,35.00000,688
281,39,1.414875e-01,42.00000,35.00000,745
281,40,1.415003e-01,31.00000,36.00000,9709
281,41,1.427629e-01,49.00000,30.00000,654
281,42,1.398841e-01,54.00000,30.00000,634
281,43,1.418181e-01,45.00000,35.00000,646
281,44,1.416658e-01,48.00000,35.00000,716
281,45,1.511604e-01,30.00000,36.00000,559
281,46,1.503978e-01,37.00000,36.00000,655
281,47,1.433628e-01,49.00000,35.00000,677
281,48,1.436822e-01,40.00000,35.00000,664
281,49,1.477937e-01,38.00000,35.00000,650
281,50,1.414972e-01,46.00000,35.00000,11504
281,51,1.341929e-01,58.00000,30.00000,684
281,52,1.381713e-01,57.00000,30.00000,676
281,53,1.472065e-01,46.00000,35.00000,645
281,54,1.421526e-01,36.00000,40.00000,608
281,55,1.417422e-01,49.00000,30.00000,655
281,56,1.395651e-01,47.00000,35.00000,629
281,57,1.439366e-01,52.00000,30.00000,608
281,58,1.472323e-01,31.00000,36.00000,637
281,59,1.418264e-01,49.00000,30.00000,595
281,60,1.458002e-01,37.00000,35.00000,2605
281,61,1.511035e-01,25.00000,36.00000,596
281,62,1.507064e-01,49.00000,30.00000,585
281,63,1.385701e-01,49.00000,30.00000,626
281,64,1.370175e-01,50.00000,35.00000,641
281,65,1.395202e-01,40.00000,40.00000,608
281,66,1.399384e-01,54.00000,30.00000,626
281,67,1.387801e-01,49.00000,30.00000,604
281,68,1.401462e-01,54.00000,30.00000,605
281,69,1.421028e-01,38.00000,35.00000,597
281,70,1.349253e-01,55.00000,30.00000,624
281,71,1.448550e-01,48.00000,35.00000,593
282,0,1.410105e-01,49.00000,30.00000,9281
282,1,1.398553e-01,53.00000,30.00000,737
282,2,1.393064e-01,53.00000,30.00000,622
282,3,1.431594e-01,25.00000,36.00000,767
282,4,1.363045e-01,53.00000,30.00000,653
282,5,1.402685e-01,56.00000,30.00000,729
282,6,1.374247e-01,53.00000,30.00000,661
282,7,1.407525e-01,42.00000,35.00000,737
282,8,1.413169e-01,35.00000,36.00000,668
282,9,1.452907e-01,55.00000,30.00000,684
282,10,1.410512e-01,43.00000,35.00000,3083
282,11,1.371897e-01,52.00000,30.00000,681
282,12,1.372472e-01,52.00000,30.00000,4108
282,13,1.379352e-01,56.00000,30.00000,691
282,14,1.357362e-01,58.00000,30.00000,664
282,15,1.391176e-01,57.00000,30.00000,679
282,16,1.420429e-01,45.00000,35.00000,618
282,17,1.389619e-01,42.00000,35.00000,682
282,18,1.395938e-01,49.00000,30.00000,655
282,19,1.371091e-01,57.00000,30.00000,644
282,20,1.537808e-01,49.00000,35.00000,641
282,21,1.438267e-01,49.00000,30.00000,707
282,22,1.413330e-01,55.00000,30.00000,3733
282,23,1.426715e-01,55.00000,30.00000,637
282,24,1.424285e-01,47.00000,35.00000,630
282,25,1.474597e-01,45.00000,35.00000,646
282,26,1.389146e-01,48.00000,35.00000,673
282,27,1.431289e-01,31.00000,36.00000,680
282,28,1.430231e-01,41.00000,36.00000,659
282,29,1.461558e-01,38.00000,40.00000,604
282,30,1.380213e-01,49.00000,35.00000,646
282,31,1.423448e-01,40.00000,36.00000,642
282,32,1.446735e-01,53.00000,30.00000,5245
282,33,1.465227e-01,43.00000,36.00000,613
282,34,1.430121e-01,35.00000,36.00000,694
282,35,1.411851e-01,57.00000,30.00000,676
282,36,1.457873e-01,52.00000,30.00000,671
282,37,1.393819e-01,49.00000,30.00000,684
282,38,1.455068e-01,42.00000,35.00000,629
282,39,1.367248e-01,57.00000,30.00000,762
282,40,1.555184e-01,25.00000,36.00000,627
282,41,1.458845e-01,40.00000,36.00000,635
282,42,1.458925e-01,38.00000,35.00000,6652
282,43,1.437396e-01,40.00000,36.00000,638
282,44,1.492719e-01,42.00000,35.00000,612
282,45,1.493645e-01,36.00000,36.00000,654
282,46,1.477357e-01,47.00000,35.00000,652
282,47,1.492167e-01,40.00000,36.00000,571
282,48,1.444463e-01,47.00000,35.00000,638
282,49,1.431954e-01,58.00000,30.00000,620
282,50,1.412466e-01,59.00000,30.00000,713
282,51,1.438261e-01,41.00000,35.00000,625
282,52,1.402945e-01,53.00000,30.00000,2063
282,53,1.440134e-01,47.00000,35.00000,663
282,54,1.381203e-01,55.00000,30.00000,712
282,55,1.415810e-01,39.00000,35.00000,613
282,56,1.409962e-01,44.00000,35.00000,785
282,57,1.426474e-01,49.00000,30.00000,643
282,58,1.436006e-01,31.00000,36.00000,607
282,59,1.445519e-01,47.00000,35.00000,593
282,60,1.382008e-01,48.00000,35.00000,614
282,61,1.383667e-01,49.00000,30.00000,597
282,62,1.474178e-01,51.00000,30.00000,1413
282,63,1.394553e-01,58.00000,30.00000,626
282,64,1.358243e-01,48.00000,35.00000,618
282,65,1.452887e-01,57.00000,30.00000,628
282,66,1.389507e-01,46.00000,35.00000,602
282,67,1.363460e-01,49.00000,30.00000,618
282,68,1.440047e-01,44.00000,36.00000,587
282,69,1.440045e-01,31.00000,36.00000,621
282,70,1.376336e-01,53.00000,30.00000,628
282,71,1.357430e-01,59.00000,30.00000,637
283,0,1.388223e-01,43.00000,35.00000,8766
283,1,1.425902e-01,49.00000,30.00000,1521
283,2,1.397360e-01,54.00000,30.00000,665
283,3,1.358818e-01,55.00000,30.00000,751
283,4,1.378388e-01,55.00000,30.00000,696
283,5,1.432887e-01,31.00000,36.00000,711
283,6,1.439548e-01,49.00000,30.00000,665
283,7,1.374898e-01,59.00000,30.00000,726
283,8,1.417023e-01,49.00000,35.00000,669
283,9,1.394554e-01,49.00000,30.00000,667
283,10,1.472442e-01,45.00000,35.00000,11268
283,11,1.395645e-01,42.00000,35.00000,1067
283,12,1.462935e-01,35.00000,36.00000,624
283,13,1.375435e-01,42.00000,35.00000,731
283,14,1.413217e-01,59.00000,30.00000,670
283,15,1.462764e-01,36.00000,36.00000,632
283,16,1.511281e-01,25.00000,36.00000,738
283,17,1.420622e-01,49.00000,30.00000,646
283,18,1.360255e-01,53.00000,30.00000,683
283,19,1.407152e-01,53.00000,30.00000,663
283,20,1.397516e-01,49.00000,30.00000,10335
283,21,1.397687e-01,49.00000,30.00000,653
283,22,1.424702e-01,42.00000,35.00000,653
283,23,1.419486e-01,49.00000,30.00000,3399
283,24,1.389832e-01,51.00000,30.00000,644
283,25,1.378991e-01,49.00000,35.00000,729
283,26,1.377450e-01,56.00000,30.00000,679
283,27,1.356645e-01,55.00000,30.00000,704
283,28,1.399401e-01,55.00000,30.00000,683
283,29,1.466789e-01,43.00000,35.00000,612
283,30,1.434525e-01,45.00000,35.00000,9423
283,31,1.460458e-01,50.00000,35.00000,665
283,32,1.407239e-01,53.00000,30.00000,675
283,33,1.413577e-01,41.00000,35.00000,3905
283,34,1.410843e-01,43.00000,35.00000,656
283,35,1.416664e-01,42.00000,36.00000,706
283,36,1.435290e-01,49.00000,30.00000,619
283,37,1.405461e-01,41.00000,36.00000,710
283,38,1.392177e-01,54.00000,30.00000,698
283,39,1.453939e-01,40.00000,36.00000,683
283,40,1.454252e-01,49.00000,30.00000,1515
283,41,1.451262e-01,42.00000,36.00000,710
283,42,1.417709e-01,48.00000,35.00000,601
283,43,1.465476e-01,25.00000,36.00000,11511
283,44,1.437182e-01,49.00000,30.00000,674
283,45,1.482156e-01,57.00000,30.00000,751
283,46,1.438490e-01,52.00000,30.00000,648
283,47,1.403016e-01,46.00000,35.00000,635
283,48,1.420264e-01,40.00000,36.00000,642
283,49,1.419105e-01,49.00000,35.00000,654
283,50,1.363726e-01,54.00000,30.00000,727
283,51,1.408780e-01,46.00000,35.00000,627
283,52,1.423827e-01,45.00000,35.00000,613
283,53,1.443887e-01,52.00000,30.00000,10307
283,54,1.389122e-01,54.00000,30.00000,660
283,55,1.412970e-01,42.00000,35.00000,621
283,56,1.391967e-01,48.00000,35.00000,613
283,57,1.423245e-01,58.00000,30.00000,621
283,58,1.392113e-01,52.00000,30.00000,624
283,59,1.406623e-01,44.00000,35.00000,593
283,60,1.434859e-01,46.00000,36.00000,615
283,61,1.451979e-01,40.00000,36.00000,572
283,62,1.458510e-01,42.00000,35.00000,583
283,63,1.455625e-01,30.00000,36.00000,603
283,64,1.460752e-01,40.00000,40.00000,599
283,65,1.435517e-01,42.00000,35.00000,630
283,66,1.434339e-01,54.00000,30.00000,607
283,67,1.460769e-01,42.00000,35.00000,607
283,68,1.422631e-01,54.00000,30.00000,604
283,69,1.440393e-01,43.00000,35.00000,567
283,70,1.466776e-01,38.00000,35.00000,564
283,71,1.490604e-01,45.00000,35.00000,588
284,0,1.482065e-01,50.00000,35.00000,857
284,1,1.487810e-01,35.00000,36.00000,3440
284,2,1.477755e-01,43.00000,35.00000,632
284,3,1.433513e-01,51.00000,35.00000,663
284,4,1.503941e-01,34.00000,36.00000,621
284,5,1.515446e-01,38.00000,40.00000,574
284,6,1.531928e-01,37.00000,35.00000,640
284,7,1.465266e-01,41.00000,35.00000,687
284,8,1.447461e-01,46.00000,36.00000,685
284,9,1.452663e-01,41.00000,35.00000,642
284,10,1.423224e-01,45.00000,36.00000,2151
284,11,1.417395e-01,44.00000,35.00000,4773
284,12,1.518730e-01,38.00000,40.00000,731
284,13,1.427546e-01,53.00000,30.00000,664
284,14,1.419344e-01,49.00000,35.00000,677
284,15,1.388855e-01,52.00000,30.00000,668
284,16,1.419706e-01,44.00000,35.00000,742
284,17,1.411266e-01,47.00000,35.00000,696
284,18,1.421576e-01,53.00000,30.00000,710
284,19,1.492028e-01,32.00000,36.00000,651
284,20,1.444103e-01,58.00000,30.00000,6429
284,21,1.420901e-01,49.00000,30.00000,4050
284,22,1.447752e-01,35.00000,36.00000,662
284,23,1.376998e-01,55.00000,30.00000,727
284,24,1.461261e-01,43.00000,36.00000,660
284,25,1.444214e-01,50.00000,35.00000,743
284,26,1.382527e-01,54.00000,30.00000,709
284,27,1.451103e-01,40.00000,36.00000,717
284,28,1.476893e-01,36.00000,36.00000,685
284,29,1.419273e-01,44.00000,35.00000,636
284,30,1.417283e-01,45.00000,35.00000,8563
284,31,1.425489e-01,46.00000,35.00000,3578
284,32,1.461530e-01,49.00000,30.00000,1349
284,33,1.410157e-01,44.00000,35.00000,651
284,34,1.386259e-01,40.00000,36.00000,738
284,35,1.463446e-01,38.00000,36.00000,657
284,36,1.431950e-01,49.00000,30.00000,693
284,37,1.413184e-01,49.00000,30.00000,664
284,38,1.427689e-01,54.00000,30.00000,687
284,39,1.425196e-01,37.00000,35.00000,641
284,40,1.467880e-01,41.00000,36.00000,6472
284,41,1.406312e-01,47.00000,35.00000,2158
284,42,1.439148e-01,53.00000,30.00000,2430
284,43,1.426860e-01,48.00000,35.00000,739
284,44,1.465549e-01,43.00000,35.00000,631
284,45,1.456956e-01,45.00000,35.00000,636
284,46,1.479336e-01,41.00000,35.00000,663
284,47,1.463562e-01,43.00000,35.00000,699
284,48,1.476041e-01,31.00000,36.00000,743
284,49,1.533775e-01,40.00000,36.00000,549
284,50,1.369351e-01,54.00000,30.00000,6869
284,51,1.438408e-01,43.00000,36.00000,3688
284,52,1.509134e-01,40.00000,35.00000,4998
284,53,1.400227e-01,52.00000,30.00000,635
284,54,1.471175e-01,36.00000,36.00000,637
284,55,1.407912e-01,41.00000,35.00000,611
284,56,1.462622e-01,39.00000,36.00000,606
284,57,1.461663e-01,43.00000,36.00000,588
284,58,1.461800e-01,49.00000,30.00000,591
284,59,1.447104e-01,40.00000,40.00000,581
284,60,1.415350e-01,40.00000,35.00000,621
284,61,1.391693e-01,53.00000,30.00000,615
284,62,1.414888e-01,36.00000,35.00000,604
284,63,1.387051e-01,51.00000,30.00000,601
284,64,1.382127e-01,55.00000,30.00000,616
284,65,1.377304e-01,56.00000,30.00000,609
284,66,1.359507e-01,58.00000,30.00000,622
284,67,1.400578e-01,55.00000,30.00000,615
284,68,1.459540e-01,41.00000,35.00000,587
284,69,1.430412e-01,43.00000,35.00000,610
284,70,1.412715e-01,48.00000,35.00000,595
284,71,1.399548e-01,47.00000,35.00000,598
285,0,1.402769e-01,55.00000,30.00000,9766
285,1,1.460695e-01,44.00000,35.00000,3729
285,2,1.450062e-01,43.00000,36.00000,710
285,3,1.438890e-01,38.00000,35.00000,728
285,4,1.377186e-01,49.00000,30.00000,720
285,5,1.397245e-01,47.00000,35.00000,737
285,6,1.414211e-01,52.00000,30.00000,620
285,7,1.535993e-01,43.00000,35.00000,668
285,8,1.457769e-01,40.00000,35.00000,683
285,9,1.389914e-01,53.00000,30.00000,793
285,10,1.361716e-01,53.00000,30.00000,14014
285,11,1.381954e-01,52.00000,30.00000,645
285,12,1.435428e-01,39.00000,36.00000,615
285,13,1.390420e-01,39.00000,35.00000,678
285,14,1.459942e-01,41.00000,35.00000,594
285,15,1.445980e-01,49.00000,30.00000,652
285,16,1.417303e-01,55.00000,30.00000,668
285,17,1.407057e-01,49.00000,30.00000,763
285,18,1.426593e-01,42.00000,35.00000,597
285,19,1.374070e-01,54.00000,30.00000,705
285,20,1.478752e-01,49.00000,30.00000,9649
285,21,1.412903e-01,49.00000,30.00000,614
285,22,1.422076e-01,37.00000,36.00000,751
285,23,1.379189e-01,59.00000,30.00000,685
285,24,1.372432e-01,55.00000,30.00000,756
285,25,1.416053e-01,51.00000,35.00000,659
285,26,1.442190e-01,38.00000,35.00000,665
285,27,1.464861e-01,39.00000,35.00000,617
285,28,1.421622e-01,54.00000,30.00000,675
285,29,1.406267e-01,54.00000,30.00000,786
285,30,1.403254e-01,44.00000,35.00000,8983
285,31,1.366687e-01,53.00000,30.00000,622
285,32,1.353383e-01,59.00000,30.00000,2086
285,33,1.379119e-01,57.00000,30.00000,684
285,34,1.403648e-01,47.00000,35.00000,694
285,35,1.409718e-01,46.00000,36.00000,678
285,36,1.467825e-01,25.00000,36.00000,626
285,37,1.425223e-01,46.00000,35.00000,654
285,38,1.417062e-01,54.00000,30.00000,648
285,39,1.439489e-01,39.00000,35.00000,694
285,40,1.374912e-01,57.00000,30.00000,9701
285,41,1.409132e-01,53.00000,30.00000,650
285,42,1.387211e-01,49.00000,30.00000,2099
285,43,1.500470e-01,44.00000,35.00000,582
285,44,1.404279e-01,53.00000,30.00000,672
285,45,1.453006e-01,49.00000,30.00000,632
285,46,1.475175e-01,43.00000,36.00000,639
285,47,1.501206e-01,37.00000,36.00000,641
285,48,1.438229e-01,36.00000,36.00000,641
285,49,1.465186e-01,43.00000,36.00000,628
285,50,1.460309e-01,47.00000,35.00000,8235
285,51,1.400850e-01,43.00000,35.00000,620
285,52,1.402827e-01,53.00000,30.00000,2982
285,53,1.433634e-01,41.00000,36.00000,610
285,54,1.425130e-01,53.00000,30.00000,612
285,55,1.345728e-01,58.00000,30.00000,638
285,56,1.464066e-01,47.00000,35.00000,595
285,57,1.480520e-01,45.00000,35.00000,603
285,58,1.393040e-01,53.00000,30.00000,605
285,59,1.415060e-01,54.00000,30.00000,626
285,60,1.493766e-01,30.00000,36.00000,616
285,61,1.453200e-01,31.00000,36.00000,596
285,62,1.442838e-01,43.00000,35.00000,598
285,63,1.421724e-01,49.00000,30.00000,585
285,64,1.464035e-01,47.00000,35.00000,623
285,65,1.430516e-01,30.00000,36.00000,608
285,66,1.410143e-01,43.00000,35.00000,602
285,67,1.398946e-01,46.00000,36.00000,610
285,68,1.414702e-01,49.00000,30.00000,606
285,69,1.404127e-01,53.00000,30.00000,606
285,70,1.406296e-01,56.00000,30.00000,611
285,71,1.426398e-01,39.00000,35.00000,590
286,0,1.495898e-01,49.00000,30.00000,677
286,1,1.418761e-01,42.00000,35.00000,685
286,2,1.455333e-01,36.00000,36.00000,645
286,3,1.425354e-01,43.00000,35.00000,635
286,4,1.447983e-01,38.00000,35.00000,608
286,5,1.399119e-01,40.00000,36.00000,828
286,6,1.427500e-01,53.00000,30.00000,680
286,7,1.435541e-01,45.00000,35.00000,663
286,8,1.478259e-01,49.00000,30.00000,712
286,9,1.472844e-01,40.00000,36.00000,606
286,10,1.402574e-01,53.00000,30.00000,639
286,11,1.391293e-01,54.00000,30.00000,673
286,12,1.418732e-01,48.00000,35.00000,743
286,13,1.424512e-01,48.00000,35.00000,690
286,14,1.377071e-01,53.00000,30.00000,671
286,15,1.378649e-01,56.00000,30.00000,705
286,16,1.447615e-01,45.00000,35.00000,674
286,17,1.438695e-01,37.00000,36.00000,621
286,18,1.380308e-01,58.00000,30.00000,689
286,19,1.451606e-01,33.00000,40.00000,733
286,20,1.419725e-01,39.00000,35.00000,693
286,21,1.393160e-01,55.00000,30.00000,681
286,22,1.400848e-01,57.00000,30.00000,696
286,23,1.473158e-01,46.00000,35.00000,624
286,24,1.391977e-01,57.00000,30.00000,652
286,25,1.437921e-01,38.00000,35.00000,633
286,26,1.460884e-01,37.00000,36.00000,636
286,27,1.443583e-01,45.00000,35.00000,704
286,28,1.368957e-01,54.00000,30.00000,662
286,29,1.431163e-01,47.00000,36.00000,646
286,30,1.459259e-01,58.00000,30.00000,689
286,31,1.453113e-01,44.00000,36.00000,593
286,32,1.416664e-01,54.00000,30.00000,693
286,33,1.417874e-01,55.00000,30.00000,673
286,34,1.407639e-01,42.00000,35.00000,707
286,35,1.407419e-01,58.00000,30.00000,736
286,36,1.499082e-01,36.00000,36.00000,713
286,37,1.438653e-01,44.00000,35.00000,660
286,38,1.425755e-01,40.00000,40.00000,667
286,39,1.407582e-01,53.00000,30.00000,721
286,40,1.433189e-01,50.00000,35.00000,645
286,41,1.462366e-01,44.00000,36.00000,652
286,42,1.397960e-01,43.00000,35.00000,604
286,43,1.373135e-01,57.00000,30.00000,684
286,44,1.411764e-01,51.00000,35.00000,683
286,45,1.383208e-01,49.00000,35.00000,707
286,46,1.350574e-01,59.00000,30.00000,710
286,47,1.389204e-01,42.00000,35.00000,599
286,48,1.459425e-01,53.00000,30.00000,632
286,49,1.369696e-01,54.00000,30.00000,825
286,50,1.403201e-01,57.00000,30.00000,699
286,51,1.410229e-01,55.00000,30.00000,623
286,52,1.386902e-01,58.00000,30.00000,700
286,53,1.416201e-01,49.00000,30.00000,602
286,54,1.412892e-01,31.00000,36.00000,613
286,55,1.394159e-01,46.00000,35.00000,633
286,56,1.383795e-01,54.00000,30.00000,610
286,57,1.472460e-01,47.00000,35.00000,593
286,58,1.405379e-01,58.00000,30.00000,621
286,59,1.376828e-01,55.00000,30.00000,617
286,60,1.411117e-01,54.00000,30.00000,604
286,61,1.403333e-01,42.00000,36.00000,605
286,62,1.464056e-01,41.00000,35.00000,605
286,63,1.501826e-01,46.00000,35.00000,588
286,64,1.431175e-01,35.00000,36.00000,608
286,65,1.484526e-01,37.00000,36.00000,605
286,66,1.440102e-01,49.00000,30.00000,623
286,67,1.477193e-01,49.00000,35.00000,592
286,68,1.439308e-01,49.00000,30.00000,586
286,69,1.413957e-01,47.00000,35.00000,606
286,70,1.406878e-01,59.00000,30.00000,639
286,71,1.391505e-01,41.00000,36.00000,618
287,0,1.419462e-01,46.00000,35.00000,12258
287,1,1.444313e-01,42.00000,35.00000,712
287,2,1.439622e-01,45.00000,35.00000,641
287,3,1.413373e-01,42.00000,35.00000,596
287,4,1.456981e-01,45.00000,36.00000,735
287,5,1.405786e-01,45.00000,35.00000,661
287,6,1.483536e-01,33.00000,40.00000,582
287,7,1.376631e-01,57.00000,30.00000,695
287,8,1.427235e-01,43.00000,35.00000,787
287,9,1.479950e-01,50.00000,30.00000,636
287,10,1.398320e-01,43.00000,35.00000,9075
287,11,1.426598e-01,53.00000,30.00000,2308
287,12,1.405061e-01,44.00000,35.00000,728
287,13,1.407718e-01,56.00000,30.00000,653
287,14,1.398604e-01,48.00000,35.00000,640
287,15,1.407129e-01,47.00000,35.00000,706
287,16,1.403632e-01,49.00000,30.00000,644
287,17,1.451666e-01,39.00000,35.00000,750
287,18,1.423886e-01,42.00000,35.00000,609
287,19,1.409796e-01,49.00000,30.00000,683
287,20,1.493013e-01,46.00000,35.00000,6253
287,21,1.458430e-01,44.00000,35.00000,5277
287,22,1.482470e-01,44.00000,35.00000,593
287,23,1.468921e-01,41.00000,35.00000,656
287,24,1.408753e-01,41.00000,36.00000,696
287,25,1.450171e-01,37.00000,35.00000,629
287,26,1.403017e-01,52.00000,30.00000,636
287,27,1.447831e-01,35.00000,36.00000,658
287,28,1.531014e-01,35.00000,36.00000,688
287,29,1.427762e-01,49.00000,30.00000,667
287,30,1.443165e-01,43.00000,35.00000,5392
287,31,1.413693e-01,49.00000,30.00000,5654
287,32,1.415990e-01,46.00000,35.00000,629
287,33,1.369387e-01,54.00000,30.00000,716
287,34,1.405675e-01,49.00000,30.00000,698
287,35,1.458129e-01,36.00000,35.00000,665
287,36,1.412736e-01,42.00000,35.00000,593
287,37,1.398893e-01,57.00000,30.00000,768
287,38,1.393156e-01,43.00000,35.00000,725
287,39,1.431993e-01,43.00000,35.00000,715
287,40,1.447127e-01,43.00000,36.00000,3980
287,41,1.411939e-01,46.00000,35.00000,5264
287,42,1.388457e-01,53.00000,30.00000,654
287,43,1.457894e-01,53.00000,30.00000,921
287,44,1.472725e-01,43.00000,35.00000,616
287,45,1.421782e-01,41.00000,35.00000,685
287,46,1.418332e-01,37.00000,40.00000,705
287,47,1.489857e-01,46.00000,35.00000,742
287,48,1.445855e-01,52.00000,30.00000,635
287,49,1.449215e-01,48.00000,35.00000,610
287,50,1.354850e-01,58.00000,30.00000,8668
287,51,1.400899e-01,54.00000,30.00000,780
287,52,1.470013e-01,39.00000,36.00000,785
287,53,1.345215e-01,58.00000,30.00000,2121
287,54,1.401915e-01,41.00000,35.00000,712
287,55,1.429509e-01,52.00000,30.00000,600
287,56,1.395078e-01,49.00000,30.00000,701
287,57,1.428720e-01,54.00000,30.00000,610
287,58,1.443134e-01,42.00000,35.00000,645
287,59,1.449606e-01,41.00000,36.00000,590
287,60,1.401461e-01,44.00000,35.00000,1071
287,61,1.401547e-01,54.00000,30.00000,631
287,62,1.377059e-01,48.00000,35.00000,610
287,63,1.370216e-01,54.00000,30.00000,604
287,64,1.481843e-01,41.00000,35.00000,562
287,65,1.403050e-01,56.00000,30.00000,612
287,66,1.429143e-01,49.00000,30.00000,619
287,67,1.425430e-01,36.00000,40.00000,610
287,68,1.399069e-01,54.00000,30.00000,604
287,69,1.404558e-01,45.00000,35.00000,604
287,70,1.399615e-01,55.00000,30.00000,616
287,71,1.376470e-01,52.00000,30.00000,614
288,0,1.441149e-01,49.00000,30.00000,8454
288,1,1.513263e-01,38.00000,35.00000,2691
288,2,1.487366e-01,41.00000,35.00000,696
288,3,1.454461e-01,44.00000,35.00000,615
288,4,1.469308e-01,31.00000,36.00000,667
288,5,1.428700e-01,34.00000,36.00000,736
288,6,1.435915e-01,53.00000,30.00000,671
288,7,1.451368e-01,38.00000,35.00000,629
288,8,1.430994e-01,48.00000,35.00000,690
288,9,1.475586e-01,40.00000,35.00000,561
288,10,1.473257e-01,41.00000,36.00000,11833
288,11,1.415791e-01,49.00000,35.00000,704
288,12,1.423932e-01,47.00000,35.00000,663
288,13,1.393530e-01,49.00000,30.00000,793
288,14,1.354222e-01,59.00000,30.00000,681
288,15,1.426239e-01,49.00000,30.00000,730
288,16,1.433922e-01,49.00000,35.00000,610
288,17,1.399287e-01,45.00000,35.00000,704
288,18,1.410315e-01,47.00000,35.00000,661
288,19,1.388862e-01,59.00000,30.00000,763
288,20,1.418572e-01,49.00000,30.00000,11055
288,21,1.389439e-01,52.00000,30.00000,680
288,22,1.430590e-01,43.00000,35.00000,1386
288,23,1.435804e-01,48.00000,35.00000,651
288,24,1.446435e-01,34.00000,40.00000,680
288,25,1.408642e-01,55.00000,30.00000,659
288,26,1.411381e-01,54.00000,30.00000,638
288,27,1.389722e-01,45.00000,35.00000,687
288,28,1.423174e-01,45.00000,35.00000,642
288,29,1.429983e-01,39.00000,36.00000,673
288,30,1.440473e-01,53.00000,30.00000,8872
288,31,1.477051e-01,43.00000,35.00000,630
288,32,1.435687e-01,35.00000,36.00000,3555
288,33,1.438921e-01,49.00000,30.00000,663
288,34,1.458082e-01,41.00000,36.00000,617
288,35,1.469727e-01,45.00000,35.00000,609
288,36,1.452104e-01,37.00000,35.00000,675
288,37,1.470385e-01,40.00000,35.00000,648
288,38,1.456543e-01,38.00000,40.00000,651
288,39,1.531274e-01,39.00000,40.00000,634
288,40,1.401086e-01,42.00000,35.00000,8618
288,41,1.412883e-01,45.00000,35.00000,616
288,42,1.463568e-01,47.00000,36.00000,2864
288,43,1.453449e-01,49.00000,30.00000,650
288,44,1.398270e-01,53.00000,30.00000,670
288,45,1.470218e-01,49.00000,30.00000,648
288,46,1.395535e-01,53.00000,30.00000,699
288,47,1.466645e-01,31.00000,36.00000,658
288,48,1.383652e-01,44.00000,35.00000,661
288,49,1.412676e-01,47.00000,35.00000,719
288,50,1.390337e-01,54.00000,30.00000,11576
288,51,1.440664e-01,48.00000,35.00000,621
288,52,1.392429e-01,54.00000,30.00000,618
288,53,1.475865e-01,38.00000,35.00000,624
288,54,1.372032e-01,54.00000,30.00000,606
288,55,1.477400e-01,37.00000,36.00000,592
288,56,1.384777e-01,55.00000,30.00000,652
288,57,1.387808e-01,49.00000,35.00000,615
288,58,1.406187e-01,53.00000,30.00000,607
288,59,1.404685e-01,46.00000,35.00000,619
288,60,1.397069e-01,45.00000,35.00000,635
288,61,1.489666e-01,31.00000,36.00000,572
288,62,1.427817e-01,42.00000,36.00000,605
288,63,1.480787e-01,41.00000,35.00000,552
288,64,1.425927e-01,54.00000,30.00000,620
288,65,1.401977e-01,41.00000,36.00000,635
288,66,1.415689e-01,50.00000,35.00000,607
288,67,1.433143e-01,49.00000,30.00000,586
288,68,1.457056e-01,44.00000,36.00000,598
288,69,1.458130e-01,49.00000,30.00000,586
288,70,1.476884e-01,37.00000,36.00000,558
288,71,1.457625e-01,48.00000,35.00000,593
289,0,1.440353e-01,45.00000,35.00000,17146
289,1,1.439173e-01,40.00000,36.00000,1980
289,2,1.374437e-01,59.00000,30.00000,696
289,3,1.382861e-01,53.00000,30.00000,723
289,4,1.571294e-01,25.00000,36.00000,648
289,5,1.439900e-01,42.00000,35.00000,728
289,6,1.441092e-01,49.00000,35.00000,616
289,7,1.459561e-01,45.00000,35.00000,693
289,8,1.403676e-01,52.00000,30.00000,620
289,9,1.479919e-01,41.00000,36.00000,617
289,10,1.482230e-01,30.00000,36.00000,10607
289,11,1.459731e-01,49.00000,35.00000,3139
289,12,1.426307e-01,37.00000,36.00000,585
289,13,1.409734e-01,49.00000,30.00000,787
289,14,1.465557e-01,43.00000,35.00000,622
289,15,1.412679e-01,43.00000,35.00000,663
289,16,1.444007e-01,49.00000,35.00000,649
289,17,1.395454e-01,53.00000,30.00000,660
289,18,1.386537e-01,57.00000,30.00000,669
289,19,1.516673e-01,38.00000,35.00000,661
289,20,1.392007e-01,50.00000,35.00000,5632
289,21,1.436343e-01,49.00000,30.00000,4075
289,22,1.394238e-01,47.00000,35.00000,649
289,23,1.443349e-01,49.00000,30.00000,642
289,24,1.408046e-01,54.00000,30.00000,676
289,25,1.438898e-01,45.00000,35.00000,608
289,26,1.375796e-01,53.00000,30.00000,741
289,27,1.421615e-01,46.00000,35.00000,636
289,28,1.455389e-01,41.00000,36.00000,672
289,29,1.480288e-01,40.00000,36.00000,667
289,30,1.368968e-01,52.00000,30.00000,9168
289,31,1.372579e-01,48.00000,35.00000,2942
289,32,1.419503e-01,46.00000,35.00000,687
289,33,1.483537e-01,57.00000,30.00000,633
289,34,1.417882e-01,45.00000,36.00000,601
289,35,1.434327e-01,55.00000,30.00000,615
289,36,1.408947e-01,47.00000,35.00000,668
289,37,1.421195e-01,48.00000,35.00000,658
289,38,1.451446e-01,49.00000,30.00000,667
289,39,1.434739e-01,39.00000,35.00000,668
289,40,1.431002e-01,46.00000,35.00000,8431
289,41,1.372580e-01,46.00000,35.00000,3195
289,42,1.393387e-01,55.00000,30.00000,701
289,43,1.419920e-01,54.00000,30.00000,602
289,44,1.430118e-01,44.00000,35.00000,691
289,45,1.469066e-01,42.00000,35.00000,620
289,46,1.378721e-01,49.00000,35.00000,721
289,47,1.427512e-01,44.00000,35.00000,635
289,48,1.441505e-01,43.00000,36.00000,626
289,49,1.433653e-01,41.00000,36.00000,639
289,50,1.461151e-01,38.00000,35.00000,8896
289,51,1.389941e-01,49.00000,35.00000,2150
289,52,1.354179e-01,53.00000,30.00000,611
289,53,1.456329e-01,50.00000,35.00000,637
289,54,1.385842e-01,45.00000,35.00000,603
289,55,1.397761e-01,57.00000,30.00000,627
289,56,1.429576e-01,40.00000,36.00000,592
289,57,1.436020e-01,52.00000,30.00000,596
289,58,1.419290e-01,37.00000,36.00000,622
289,59,1.479314e-01,54.00000,30.00000,603
289,60,1.369861e-01,60.00000,30.00000,634
289,61,1.424776e-01,43.00000,36.00000,596
289,62,1.400905e-01,54.00000,30.00000,615
289,63,1.445935e-01,42.00000,35.00000,603
289,64,1.395698e-01,46.00000,35.00000,606
289,65,1.487199e-01,53.00000,30.00000,606
289,66,1.429559e-01,40.00000,40.00000,606
289,67,1.416133e-01,49.00000,30.00000,590
289,68,1.461771e-01,49.00000,30.00000,586
289,69,1.443526e-01,34.00000,36.00000,607
289,70,1.398451e-01,57.00000,30.00000,627
289,71,1.468242e-01,42.00000,35.00000,581
290,0,1.364135e-01,53.00000,30.00000,6890
290,1,1.445450e-01,45.00000,35.00000,745
290,2,1.407264e-01,58.00000,30.00000,696
290,3,1.451475e-01,53.00000,30.00000,701
290,4,1.389847e-01,47.00000,36.00000,691
290,5,1.432598e-01,44.00000,35.00000,728
290,6,1.449508e-01,40.00000,35.00000,618
290,7,1.367207e-01,55.00000,30.00000,684
290,8,1.437571e-01,49.00000,30.00000,750
290,9,1.413015e-01,35.00000,36.00000,645
290,10,1.463447e-01,42.00000,35.00000,7287
290,11,1.426452e-01,57.00000,30.00000,696
290,12,1.435222e-01,43.00000,36.00000,705
290,13,1.494439e-01,50.00000,35.00000,699
290,14,1.476362e-01,31.00000,36.00000,692
290,15,1.420843e-01,49.00000,30.00000,601
290,16,1.407685e-01,55.00000,30.00000,757
290,17,1.450275e-01,31.00000,36.00000,607
290,18,1.398480e-01,43.00000,35.00000,688
290,19,1.474548e-01,37.00000,36.00000,697
290,20,1.454101e-01,43.00000,35.00000,10462
290,21,1.434064e-01,37.00000,36.00000,597
290,22,1.440015e-01,54.00000,30.00000,616
290,23,1.435698e-01,51.00000,30.00000,617
290,24,1.420025e-01,54.00000,30.00000,676
290,25,1.512406e-01,30.00000,36.00000,678
290,26,1.406375e-01,59.00000,30.00000,734
290,27,1.457585e-01,45.00000,35.00000,747
290,28,1.512127e-01,33.00000,40.00000,612
290,29,1.441370e-01,37.00000,40.00000,607
290,30,1.447735e-01,52.00000,30.00000,10562
290,31,1.395806e-01,47.00000,35.00000,617
290,32,1.382089e-01,59.00000,30.00000,653
290,33,1.382345e-01,45.00000,35.00000,719
290,34,1.438465e-01,41.00000,36.00000,648
290,35,1.395417e-01,49.00000,30.00000,670
290,36,1.392239e-01,49.00000,30.00000,674
290,37,1.378111e-01,43.00000,35.00000,789
290,38,1.414726e-01,45.00000,35.00000,698
290,39,1.484999e-01,43.00000,35.00000,615
290,40,1.386718e-01,49.00000,30.00000,9263
290,41,1.397450e-01,49.00000,30.00000,621
290,42,1.456389e-01,39.00000,36.00000,643
290,43,1.414576e-01,46.00000,35.00000,2165
290,44,1.457225e-01,49.00000,30.00000,653
290,45,1.456256e-01,31.00000,36.00000,670
290,46,1.485247e-01,43.00000,35.00000,679
290,47,1.483663e-01,43.00000,35.00000,622
290,48,1.423098e-01,49.00000,30.00000,653
290,49,1.446679e-01,35.00000,36.00000,793
290,50,1.442244e-01,37.00000,40.00000,8221
290,51,1.430515e-01,54.00000,30.00000,688
290,52,1.388606e-01,49.00000,35.00000,666
290,53,1.443313e-01,51.00000,30.00000,628
290,54,1.458760e-01,37.00000,35.00000,703
290,55,1.459002e-01,55.00000,30.00000,637
290,56,1.378488e-01,54.00000,30.00000,671
290,57,1.419020e-01,49.00000,30.00000,610
290,58,1.424471e-01,35.00000,36.00000,611
290,59,1.358185e-01,49.00000,30.00000,643
290,60,1.417661e-01,53.00000,30.00000,614
290,61,1.426439e-01,47.00000,35.00000,616
290,62,1.363061e-01,55.00000,30.00000,616
290,63,1.380967e-01,59.00000,30.00000,636
290,64,1.409535e-01,49.00000,30.00000,598
290,65,1.417866e-01,49.00000,30.00000,586
290,66,1.431484e-01,37.00000,40.00000,588
290,67,1.391109e-01,43.00000,35.00000,616
290,68,1.410253e-01,57.00000,30.00000,627
290,69,1.429384e-01,45.00000,35.00000,584
290,70,1.393721e-01,45.00000,35.00000,607
290,71,1.411515e-01,45.00000,35.00000,623
291,0,1.402590e-01,55.00000,30.00000,10104
291,1,1.415453e-01,54.00000,30.00000,739
291,2,1.406774e-01,48.00000,35.00000,945
291,3,1.384453e-01,48.00000,35.00000,677
291,4,1.416870e-01,55.00000,30.00000,678
291,5,1.451155e-01,47.00000,35.00000,680
291,6,1.358173e-01,56.00000,30.00000,633
291,7,1.469886e-01,35.00000,36.00000,738
291,8,1.434243e-01,42.00000,35.00000,638
291,9,1.419356e-01,39.00000,36.00000,781
291,10,1.444744e-01,31.00000,36.00000,6034
291,11,1.352740e-01,53.00000,30.00000,685
291,12,1.483859e-01,38.00000,35.00000,649
291,13,1.417463e-01,49.00000,30.00000,5433
291,14,1.381708e-01,49.00000,30.00000,708
291,15,1.380377e-01,54.00000,30.00000,652
291,16,1.424475e-01,42.00000,35.00000,687
291,17,1.428410e-01,43.00000,35.00000,618
291,18,1.428397e-01,49.00000,30.00000,693
291,19,1.411439e-01,42.00000,35.00000,716
291,20,1.372784e-01,46.00000,35.00000,2565
291,21,1.423340e-01,55.00000,30.00000,1423
291,22,1.428015e-01,58.00000,30.00000,669
291,23,1.499095e-01,46.00000,35.00000,6176
291,24,1.428291e-01,59.00000,30.00000,657
291,25,1.377616e-01,45.00000,35.00000,655
291,26,1.447809e-01,34.00000,40.00000,696
291,27,1.531316e-01,31.00000,36.00000,615
291,28,1.418249e-01,54.00000,30.00000,802
291,29,1.416951e-01,36.00000,36.00000,634
291,30,1.423809e-01,53.00000,30.00000,1133
291,31,1.396181e-01,46.00000,35.00000,3997
291,32,1.437181e-01,49.00000,35.00000,685
291,33,1.397727e-01,39.00000,36.00000,7741
291,34,1.453458e-01,49.00000,30.00000,585
291,35,1.432994e-01,57.00000,30.00000,630
291,36,1.482520e-01,35.00000,36.00000,644
291,37,1.422897e-01,50.00000,35.00000,727
291,38,1.513987e-01,36.00000,36.00000,654
291,39,1.478812e-01,49.00000,30.00000,586
291,40,1.495167e-01,53.00000,30.00000,691
291,41,1.486743e-01,35.00000,36.00000,626
291,42,1.473243e-01,42.00000,35.00000,587
291,43,1.495244e-01,31.00000,36.00000,9579
291,44,1.478938e-01,47.00000,36.00000,618
291,45,1.534645e-01,37.00000,36.00000,614
291,46,1.388060e-01,54.00000,30.00000,658
291,47,1.504292e-01,40.00000,40.00000,608
291,48,1.404084e-01,53.00000,30.00000,660
291,49,1.451128e-01,37.00000,36.00000,713
291,50,1.375897e-01,46.00000,35.00000,677
291,51,1.451858e-01,45.00000,35.00000,677
291,52,1.419861e-01,55.00000,30.00000,692
291,53,1.399121e-01,54.00000,30.00000,5844
291,54,1.435420e-01,35.00000,36.00000,624
291,55,1.449538e-01,31.00000,36.00000,626
291,56,1.392387e-01,43.00000,35.00000,648
291,57,1.458531e-01,43.00000,36.00000,600
291,58,1.485484e-01,44.00000,35.00000,590
291,59,1.380043e-01,51.00000,30.00000,601
291,60,1.533798e-01,38.00000,35.00000,571
291,61,1.377295e-01,51.00000,30.00000,608
291,62,1.396037e-01,48.00000,35.00000,609
291,63,1.386210e-01,55.00000,30.00000,616
291,64,1.422296e-01,40.00000,35.00000,602
291,65,1.423795e-01,49.00000,30.00000,586
291,66,1.460482e-01,48.00000,35.00000,594
291,67,1.519007e-01,31.00000,36.00000,567
291,68,1.401301e-01,40.00000,35.00000,620
291,69,1.418567e-01,47.00000,35.00000,586
291,70,1.409692e-01,56.00000,30.00000,611
291,71,1.444559e-01,45.00000,35.00000,576
292,0,1.450454e-01,59.00000,30.00000,4178
292,1,1.487780e-01,42.00000,35.00000,658
292,2,1.379647e-01,49.00000,30.00000,1711
292,3,1.443537e-01,41.00000,36.00000,730
292,4,1.387385e-01,43.00000,36.00000,745
292,5,1.390820e-01,43.00000,35.00000,679
292,6,1.460804e-01,40.00000,35.00000,690
292,7,1.487888e-01,31.00000,36.00000,751
292,8,1.431087e-01,35.00000,36.00000,640
292,9,1.483420e-01,49.00000,30.00000,656
292,10,1.390240e-01,54.00000,30.00000,11067
292,11,1.409448e-01,43.00000,35.00000,695
292,12,1.412114e-01,48.00000,35.00000,623
292,13,1.365795e-01,55.00000,30.00000,1083
292,14,1.482369e-01,44.00000,35.00000,645
292,15,1.434768e-01,37.00000,36.00000,619
292,16,1.442262e-01,55.00000,30.00000,663
292,17,1.476906e-01,35.00000,36.00000,665
292,18,1.443653e-01,37.00000,35.00000,652
292,19,1.399304e-01,49.00000,30.00000,688
292,20,1.386099e-01,49.00000,30.00000,11273
292,21,1.398510e-01,45.00000,36.00000,710
292,22,1.376734e-01,48.00000,35.00000,659
292,23,1.398922e-01,54.00000,30.00000,3723
292,24,1.427770e-01,54.00000,30.00000,653
292,25,1.387684e-01,58.00000,30.00000,735
292,26,1.372872e-01,55.00000,30.00000,615
292,27,1.452363e-01,31.00000,36.00000,678
292,28,1.409913e-01,49.00000,30.00000,670
292,29,1.450506e-01,45.00000,35.00000,714
292,30,1.403367e-01,52.00000,30.00000,5789
292,31,1.399209e-01,45.00000,35.00000,625
292,32,1.452968e-01,44.00000,35.00000,619
292,33,1.450141e-01,40.00000,36.00000,5837
292,34,1.429325e-01,45.00000,35.00000,658
292,35,1.489193e-01,43.00000,35.00000,612
292,36,1.400820e-01,59.00000,30.00000,664
292,37,1.468364e-01,46.00000,35.00000,681
292,38,1.413575e-01,55.00000,30.00000,633
292,39,1.456920e-01,35.00000,36.00000,658
292,40,1.431003e-01,45.00000,35.00000,8253
292,41,1.528468e-01,42.00000,35.00000,639
292,42,1.436035e-01,37.00000,36.00000,661
292,43,1.537716e-01,25.00000,36.00000,4408
292,44,1.435086e-01,55.00000,30.00000,636
292,45,1.457975e-01,37.00000,36.00000,578
292,46,1.448811e-01,37.00000,36.00000,614
292,47,1.462559e-01,45.00000,35.00000,724
292,48,1.463934e-01,44.00000,36.00000,584
292,49,1.472912e-01,55.00000,30.00000,721
292,50,1.410468e-01,46.00000,35.00000,4973
292,51,1.437059e-01,45.00000,35.00000,672
292,52,1.488953e-01,37.00000,36.00000,574
292,53,1.409024e-01,47.00000,35.00000,4894
292,54,1.463495e-01,39.00000,35.00000,606
292,55,1.428563e-01,40.00000,36.00000,640
292,56,1.409274e-01,42.00000,35.00000,605
292,57,1.532381e-01,45.00000,35.00000,567
292,58,1.453261e-01,49.00000,30.00000,605
292,59,1.396909e-01,53.00000,30.00000,605
292,60,1.430457e-01,41.00000,35.00000,585
292,61,1.465894e-01,40.00000,35.00000,562
292,62,1.441939e-01,47.00000,35.00000,591
292,63,1.501599e-01,25.00000,36.00000,600
292,64,1.425717e-01,47.00000,35.00000,587
292,65,1.390626e-01,55.00000,30.00000,617
292,66,1.402136e-01,45.00000,35.00000,625
292,67,1.458040e-01,52.00000,30.00000,594
292,68,1.434809e-01,43.00000,35.00000,601
292,69,1.418620e-01,42.00000,35.00000,620
292,70,1.455864e-01,40.00000,35.00000,576
292,71,1.405165e-01,53.00000,30.00000,611
293,0,1.406899e-01,56.00000,30.00000,4396
293,1,1.421290e-01,48.00000,35.00000,726
293,2,1.470623e-01,37.00000,35.00000,683
293,3,1.411831e-01,47.00000,35.00000,617
293,4,1.403442e-01,55.00000,30.00000,679
293,5,1.393890e-01,49.00000,30.00000,816
293,6,1.405528e-01,55.00000,30.00000,646
293,7,1.406972e-01,48.00000,35.00000,769
293,8,1.394753e-01,49.00000,30.00000,672
293,9,1.429644e-01,38.00000,40.00000,689
293,10,1.432477e-01,40.00000,40.00000,690
293,11,1.408833e-01,54.00000,30.00000,1943
293,12,1.458516e-01,31.00000,36.00000,667
293,13,1.545460e-01,25.00000,36.00000,2093
293,14,1.422923e-01,46.00000,35.00000,742
293,15,1.460547e-01,54.00000,30.00000,603
293,16,1.451462e-01,35.00000,36.00000,758
293,17,1.417580e-01,56.00000,30.00000,656
293,18,1.452719e-01,58.00000,30.00000,802
293,19,1.496608e-01,46.00000,36.00000,615
293,20,1.454502e-01,54.00000,30.00000,744
293,21,1.466643e-01,58.00000,30.00000,2765
293,22,1.505907e-01,54.00000,30.00000,638
293,23,1.440268e-01,40.00000,40.00000,853
293,24,1.443430e-01,45.00000,35.00000,678
293,25,1.423813e-01,40.00000,36.00000,711
293,26,1.437790e-01,41.00000,36.00000,712
293,27,1.436859e-01,44.00000,35.00000,636
293,28,1.517361e-01,35.00000,36.00000,658
293,29,1.421873e-01,40.00000,35.00000,733
293,30,1.504399e-01,42.00000,35.00000,659
293,31,1.438197e-01,37.00000,40.00000,2460
293,32,1.437975e-01,54.00000,30.00000,635
293,33,1.433337e-01,54.00000,30.00000,3695
293,34,1.475351e-01,35.00000,36.00000,646
293,35,1.412057e-01,49.00000,30.00000,728
293,36,1.364801e-01,57.00000,30.00000,709
293,37,1.446543e-01,42.00000,35.00000,624
293,38,1.423991e-01,41.00000,35.00000,738
293,39,1.441702e-01,46.00000,35.00000,710
293,40,1.405257e-01,49.00000,30.00000,1525
293,41,1.456380e-01,44.00000,35.00000,3692
293,42,1.471779e-01,56.00000,30.00000,634
293,43,1.388978e-01,53.00000,30.00000,4270
293,44,1.471777e-01,37.00000,36.00000,647
293,45,1.495782e-01,30.00000,36.00000,653
293,46,1.432263e-01,48.00000,35.00000,673
293,47,1.482070e-01,31.00000,36.00000,716
293,48,1.555047e-01,35.00000,36.00000,716
293,49,1.408900e-01,48.00000,35.00000,651
293,50,1.422682e-01,46.00000,35.00000,3202
293,51,1.400337e-01,41.00000,35.00000,6344
293,52,1.389719e-01,49.00000,30.00000,721
293,53,1.426221e-01,41.00000,36.00000,1558
293,54,1.494429e-01,37.00000,36.00000,646
293,55,1.408513e-01,37.00000,35.00000,606
293,56,1.557315e-01,36.00000,35.00000,586
293,57,1.422831e-01,38.00000,35.00000,579
293,58,1.402557e-01,46.00000,35.00000,609
293,59,1.411164e-01,50.00000,35.00000,609
293,60,1.409340e-01,56.00000,30.00000,612
293,61,1.419964e-01,46.00000,35.00000,1280
293,62,1.437120e-01,40.00000,35.00000,594
293,63,1.393406e-01,49.00000,30.00000,817
293,64,1.401066e-01,54.00000,30.00000,605
293,65,1.409564e-01,45.00000,35.00000,602
293,66,1.400931e-01,45.00000,35.00000,626
293,67,1.403181e-01,53.00000,30.00000,607
293,68,1.380133e-01,45.00000,35.00000,621
293,69,1.439579e-01,45.00000,35.00000,613
293,70,1.502113e-01,31.00000,36.00000,577
293,71,1.437299e-01,53.00000,30.00000,606
294,0,1.630802e-01,25.00000,36.00000,5804
294,1,1.444745e-01,42.00000,35.00000,1964
294,2,1.407807e-01,52.00000,30.00000,684
294,3,1.462812e-01,38.00000,35.00000,718
294,4,1.406456e-01,53.00000,30.00000,720
294,5,1.439798e-01,36.00000,36.00000,698
294,6,1.425172e-01,37.00000,36.00000,773
294,7,1.393688e-01,52.00000,30.00000,733
294,8,1.443783e-01,45.00000,36.00000,675
294,9,1.466615e-01,43.00000,35.00000,674
294,10,1.398765e-01,44.00000,35.00000,6784
294,11,1.438284e-01,49.00000,30.00000,3739
294,12,1.450295e-01,52.00000,30.00000,661
294,13,1.430796e-01,42.00000,36.00000,712
294,14,1.423420e-01,54.00000,30.00000,740
294,15,1.502786e-01,37.00000,35.00000,557
294,16,1.394120e-01,42.00000,35.00000,738
294,17,1.433636e-01,42.00000,35.00000,764
294,18,1.378656e-01,49.00000,30.00000,669
294,19,1.509932e-01,40.00000,35.00000,607
294,20,1.404157e-01,36.00000,36.00000,8020
294,21,1.380570e-01,44.00000,35.00000,4033
294,22,1.474247e-01,46.00000,35.00000,668
294,23,1.429770e-01,49.00000,30.00000,728
294,24,1.415198e-01,49.00000,30.00000,611
294,25,1.441616e-01,49.00000,30.00000,622
294,26,1.464102e-01,37.00000,36.00000,761
294,27,1.406860e-01,43.00000,35.00000,708
294,28,1.504329e-01,40.00000,36.00000,682
294,29,1.479549e-01,42.00000,35.00000,663
294,30,1.408885e-01,43.00000,35.00000,6949
294,31,1.407363e-01,43.00000,36.00000,3796
294,32,1.376833e-01,55.00000,30.00000,745
294,33,1.489803e-01,48.00000,35.00000,640
294,34,1.459460e-01,41.00000,36.00000,611
294,35,1.440731e-01,49.00000,30.00000,717
294,36,1.474285e-01,47.00000,35.00000,588
294,37,1.379803e-01,55.00000,30.00000,754
294,38,1.443515e-01,37.00000,35.00000,635
294,39,1.372455e-01,57.00000,30.00000,738
294,40,1.418997e-01,42.00000,35.00000,8464
294,41,1.474103e-01,42.00000,40.00000,4091
294,42,1.389472e-01,58.00000,30.00000,641
294,43,1.407396e-01,43.00000,35.00000,702
294,44,1.454712e-01,43.00000,35.00000,650
294,45,1.386667e-01,37.00000,36.00000,688
294,46,1.433731e-01,56.00000,30.00000,642
294,47,1.463700e-01,43.00000,35.00000,636
294,48,1.420261e-01,54.00000,30.00000,719
294,49,1.478433e-01,46.00000,35.00000,644
294,50,1.412757e-01,49.00000,30.00000,11021
294,51,1.406875e-01,47.00000,35.00000,640
294,52,1.406231e-01,49.00000,30.00000,673
294,53,1.392975e-01,46.00000,35.00000,617
294,54,1.461985e-01,41.00000,36.00000,582
294,55,1.457207e-01,40.00000,36.00000,580
294,56,1.394814e-01,54.00000,30.00000,647
294,57,1.385132e-01,53.00000,30.00000,626
294,58,1.409007e-01,46.00000,35.00000,600
294,59,1.423652e-01,57.00000,30.00000,626
294,60,1.513226e-01,38.00000,35.00000,820
294,61,1.417360e-01,30.00000,36.00000,661
294,62,1.449468e-01,52.00000,30.00000,593
294,63,1.455007e-01,40.00000,36.00000,604
294,64,1.545580e-01,35.00000,36.00000,538
294,65,1.432914e-01,37.00000,40.00000,587
294,66,1.381370e-01,53.00000,30.00000,605
294,67,1.444720e-01,48.00000,35.00000,600
294,68,1.425230e-01,37.00000,40.00000,608
294,69,1.409772e-01,58.00000,30.00000,620
294,70,1.398635e-01,55.00000,30.00000,615
294,71,1.429034e-01,46.00000,35.00000,587
295,0,1.501140e-01,31.00000,36.00000,12661
295,1,1.488415e-01,44.00000,35.00000,642
295,2,1.440408e-01,42.00000,35.00000,684
295,3,1.469084e-01,42.00000,36.00000,666
295,4,1.463006e-01,51.00000,35.00000,774
295,5,1.482709e-01,43.00000,36.00000,608
295,6,1.506878e-01,31.00000,36.00000,669
295,7,1.499926e-01,51.00000,30.00000,710
295,8,1.430721e-01,38.00000,40.00000,610
295,9,1.418759e-01,49.00000,30.00000,764
295,10,1.372871e-01,58.00000,30.00000,8529
295,11,1.438234e-01,49.00000,30.00000,1745
295,12,1.474811e-01,49.00000,30.00000,608
295,13,1.371545e-01,53.00000,30.00000,686
295,14,1.364599e-01,54.00000,30.00000,750
295,15,1.442725e-01,39.00000,35.00000,662
295,16,1.434281e-01,35.00000,36.00000,649
295,17,1.426928e-01,41.00000,35.00000,699
295,18,1.458195e-01,39.00000,35.00000,708
295,19,1.412456e-01,49.00000,35.00000,613
295,20,1.458129e-01,49.00000,30.00000,8203
295,21,1.456731e-01,43.00000,35.00000,2984
295,22,1.490299e-01,34.00000,36.00000,784
295,23,1.520045e-01,36.00000,36.00000,598
295,24,1.525007e-01,25.00000,36.00000,615
295,25,1.441832e-01,50.00000,35.00000,739
295,26,1.432280e-01,53.00000,30.00000,679
295,27,1.430312e-01,43.00000,35.00000,656
295,28,1.433876e-01,49.00000,30.00000,662
295,29,1.425510e-01,44.00000,35.00000,667
295,30,1.435533e-01,43.00000,35.00000,4747
295,31,1.410814e-01,50.00000,35.00000,9590
295,32,1.435374e-01,54.00000,30.00000,653
295,33,1.435579e-01,46.00000,35.00000,624
295,34,1.412785e-01,49.00000,30.00000,692
295,35,1.432247e-01,43.00000,35.00000,616
295,36,1.444541e-01,51.00000,35.00000,672
295,37,1.447617e-01,37.00000,36.00000,616
295,38,1.365631e-01,55.00000,30.00000,772
295,39,1.437819e-01,44.00000,35.00000,628
295,40,1.386624e-01,38.00000,35.00000,2196
295,41,1.380398e-01,54.00000,30.00000,8359
295,42,1.452616e-01,49.00000,30.00000,694
295,43,1.376355e-01,51.00000,30.00000,801
295,44,1.423108e-01,49.00000,30.00000,714
295,45,1.439867e-01,38.00000,35.00000,655
295,46,1.376294e-01,45.00000,35.00000,609
295,47,1.418046e-01,50.00000,30.00000,741
295,48,1.472725e-01,36.00000,35.00000,618
295,49,1.469888e-01,37.00000,36.00000,715
295,50,1.422372e-01,45.00000,35.00000,4186
295,51,1.454943e-01,30.00000,36.00000,5255
295,52,1.379151e-01,56.00000,30.00000,656
295,53,1.385677e-01,40.00000,36.00000,681
295,54,1.377843e-01,49.00000,30.00000,682
295,55,1.383035e-01,51.00000,30.00000,690
295,56,1.412254e-01,57.00000,30.00000,680
295,57,1.417929e-01,53.00000,30.00000,735
295,58,1.401448e-01,41.00000,35.00000,693
295,59,1.433330e-01,41.00000,35.00000,723
295,60,1.406382e-01,53.00000,30.00000,2303
295,61,1.388363e-01,48.00000,35.00000,674
295,62,1.416276e-01,47.00000,35.00000,637
295,63,1.434948e-01,46.00000,36.00000,587
295,64,1.425159e-01,55.00000,30.00000,630
295,65,1.431800e-01,37.00000,36.00000,609
295,66,1.441886e-01,55.00000,30.00000,616
295,67,1.389171e-01,49.00000,30.00000,605
295,68,1.426006e-01,42.00000,36.00000,607
295,69,1.399982e-01,45.00000,35.00000,607
295,70,1.483006e-01,43.00000,35.00000,562
295,71,1.463127e-01,49.00000,30.00000,585
296,0,1.424661e-01,43.00000,36.00000,15270
296,1,1.505871e-01,31.00000,36.00000,650
296,2,1.462923e-01,37.00000,36.00000,657
296,3,1.384653e-01,54.00000,30.00000,681
296,4,1.439288e-01,43.00000,35.00000,681
296,5,1.480788e-01,54.00000,30.00000,694
296,6,1.418411e-01,44.00000,35.00000,667
296,7,1.507042e-01,31.00000,36.00000,708
296,8,1.437062e-01,57.00000,30.00000,697
296,9,1.500724e-01,36.00000,36.00000,729
296,10,1.407542e-01,36.00000,36.00000,13196
296,11,1.389184e-01,53.00000,30.00000,641
296,12,1.407690e-01,53.00000,30.00000,692
296,13,1.430846e-01,47.00000,35.00000,676
296,14,1.426975e-01,47.00000,35.00000,605
296,15,1.442723e-01,42.00000,35.00000,684
296,16,1.389840e-01,45.00000,35.00000,689
296,17,1.439132e-01,59.00000,30.00000,662
296,18,1.395220e-01,43.00000,35.00000,774
296,19,1.407638e-01,49.00000,30.00000,719
296,20,1.392658e-01,43.00000,35.00000,6069
296,21,1.340619e-01,56.00000,30.00000,1529
296,22,1.508701e-01,25.00000,36.00000,4589
296,23,1.408836e-01,49.00000,30.00000,718
296,24,1.398973e-01,53.00000,30.00000,615
296,25,1.397097e-01,37.00000,36.00000,714
296,26,1.414471e-01,49.00000,30.00000,644
296,27,1.395155e-01,53.00000,30.00000,747
296,28,1.425976e-01,54.00000,30.00000,689
296,29,1.383398e-01,46.00000,35.00000,649
296,30,1.433437e-01,54.00000,30.00000,4279
296,31,1.444972e-01,42.00000,36.00000,772
296,32,1.455178e-01,43.00000,35.00000,6567
296,33,1.390790e-01,52.00000,30.00000,661
296,34,1.451032e-01,53.00000,30.00000,631
296,35,1.461371e-01,46.00000,35.00000,599
296,36,1.422490e-01,42.00000,35.00000,668
296,37,1.419021e-01,44.00000,36.00000,627
296,38,1.430372e-01,35.00000,36.00000,737
296,39,1.464639e-01,30.00000,36.00000,695
296,40,1.470091e-01,38.00000,35.00000,5074
296,41,1.401075e-01,49.00000,30.00000,653
296,42,1.492368e-01,37.00000,36.00000,7003
296,43,1.376961e-01,53.00000,30.00000,631
296,44,1.405258e-01,52.00000,30.00000,726
296,45,1.393711e-01,44.00000,35.00000,677
296,46,1.417283e-01,37.00000,36.00000,672
296,47,1.467755e-01,49.00000,30.00000,638
296,48,1.425350e-01,37.00000,36.00000,708
296,49,1.410913e-01,44.00000,36.00000,659
296,50,1.427846e-01,55.00000,30.00000,3447
296,51,1.476685e-01,37.00000,36.00000,697
296,52,1.404888e-01,58.00000,30.00000,7889
296,53,1.451308e-01,40.00000,36.00000,583
296,54,1.412143e-01,30.00000,36.00000,620
296,55,1.525115e-01,47.00000,35.00000,593
296,56,1.436255e-01,41.00000,35.00000,607
296,57,1.421455e-01,57.00000,30.00000,627
296,58,1.510962e-01,38.00000,35.00000,592
296,59,1.485603e-01,31.00000,36.00000,597
296,60,1.459567e-01,49.00000,30.00000,585
296,61,1.487205e-01,45.00000,35.00000,576
296,62,1.480008e-01,43.00000,36.00000,607
296,63,1.406746e-01,55.00000,30.00000,616
296,64,1.412394e-01,46.00000,35.00000,590
296,65,1.374871e-01,55.00000,30.00000,617
296,66,1.442392e-01,37.00000,35.00000,613
296,67,1.422330e-01,42.00000,35.00000,599
296,68,1.367413e-01,50.00000,35.00000,627
296,69,1.426193e-01,42.00000,35.00000,611
296,70,1.405096e-01,55.00000,30.00000,623
296,71,1.426746e-01,48.00000,35.00000,595
297,0,1.505619e-01,41.00000,35.00000,1593
297,1,1.451228e-01,43.00000,35.00000,1092
297,2,1.478597e-01,43.00000,36.00000,741
297,3,1.455556e-01,49.00000,35.00000,642
297,4,1.464808e-01,36.00000,36.00000,589
297,5,1.473108e-01,36.00000,35.00000,643
297,6,1.398759e-01,53.00000,30.00000,684
297,7,1.451325e-01,37.00000,36.00000,725
297,8,1.482159e-01,25.00000,36.00000,654
297,9,1.384139e-01,55.00000,30.00000,703
297,10,1.449696e-01,48.00000,35.00000,6199
297,11,1.483677e-01,38.00000,35.00000,676
297,12,1.435280e-01,45.00000,35.00000,636
297,13,1.451709e-01,42.00000,35.00000,689
297,14,1.427511e-01,42.00000,36.00000,631
297,15,1.410909e-01,52.00000,30.00000,651
297,16,1.415231e-01,45.00000,35.00000,690
297,17,1.436162e-01,43.00000,36.00000,627
297,18,1.427554e-01,53.00000,30.00000,657
297,19,1.400592e-01,46.00000,35.00000,657
297,20,1.425012e-01,46.00000,35.00000,2685
297,21,1.362569e-01,50.00000,35.00000,701
297,22,1.459222e-01,35.00000,36.00000,726
297,23,1.454170e-01,40.00000,36.00000,651
297,24,1.448430e-01,40.00000,36.00000,672
297,25,1.449389e-01,30.00000,36.00000,651
297,26,1.385854e-01,53.00000,30.00000,677
297,27,1.552284e-01,50.00000,35.00000,641
297,28,1.439474e-01,58.00000,30.00000,681
297,29,1.451954e-01,54.00000,30.00000,633
297,30,1.441160e-01,54.00000,30.00000,3327
297,31,1.458861e-01,42.00000,35.00000,681
297,32,1.488557e-01,39.00000,35.00000,577
297,33,1.432400e-01,59.00000,30.00000,649
297,34,1.458603e-01,36.00000,36.00000,722
297,35,1.469741e-01,36.00000,36.00000,626
297,36,1.474744e-01,36.00000,40.00000,611
297,37,1.472123e-01,49.00000,30.00000,676
297,38,1.434344e-01,39.00000,36.00000,677
297,39,1.393894e-01,48.00000,35.00000,732
297,40,1.463353e-01,54.00000,30.00000,6980
297,41,1.462650e-01,43.00000,35.00000,665
297,42,1.469899e-01,37.00000,35.00000,588
297,43,1.466723e-01,42.00000,36.00000,683
297,44,1.435915e-01,53.00000,30.00000,703
297,45,1.461524e-01,43.00000,36.00000,709
297,46,1.488883e-01,30.00000,36.00000,600
297,47,1.538616e-01,25.00000,36.00000,684
297,48,1.487723e-01,34.00000,36.00000,614
297,49,1.388101e-01,53.00000,30.00000,626
297,50,1.427691e-01,43.00000,36.00000,4504
297,51,1.410709e-01,48.00000,35.00000,1697
297,52,1.423204e-01,42.00000,35.00000,659
297,53,1.463735e-01,36.00000,40.00000,651
297,54,1.441208e-01,40.00000,35.00000,661
297,55,1.451086e-01,55.00000,30.00000,665
297,56,1.435528e-01,45.00000,35.00000,663
297,57,1.425924e-01,54.00000,30.00000,605
297,58,1.419171e-01,55.00000,30.00000,619
297,59,1.472497e-01,37.00000,36.00000,608
297,60,1.414576e-01,53.00000,30.00000,2692
297,61,1.390684e-01,57.00000,30.00000,760
297,62,1.493386e-01,36.00000,36.00000,564
297,63,1.433289e-01,44.00000,35.00000,591
297,64,1.397090e-01,43.00000,35.00000,612
297,65,1.404978e-01,49.00000,30.00000,593
297,66,1.436731e-01,43.00000,35.00000,584
297,67,1.408952e-01,46.00000,35.00000,610
297,68,1.436293e-01,45.00000,35.00000,591
297,69,1.405474e-01,42.00000,35.00000,609
297,70,1.422015e-01,43.00000,35.00000,589
297,71,1.459901e-01,44.00000,35.00000,578
298,0,1.387902e-01,52.00000,30.00000,7197
298,1,1.430256e-01,45.00000,35.00000,722
298,2,1.454577e-01,54.00000,30.00000,1560
298,3,1.463200e-01,31.00000,36.00000,637
298,4,1.410825e-01,36.00000,40.00000,680
298,5,1.496447e-01,25.00000,36.00000,727
298,6,1.523741e-01,37.00000,35.00000,598
298,7,1.460188e-01,41.00000,36.00000,654
298,8,1.417063e-01,49.00000,30.00000,654
298,9,1.444707e-01,53.00000,30.00000,689
298,10,1.404114e-01,58.00000,30.00000,6587
298,11,1.360474e-01,57.00000,30.00000,700
298,12,1.424551e-01,46.00000,35.00000,692
298,13,1.378493e-01,56.00000,30.00000,709
298,14,1.411217e-01,43.00000,35.00000,727
298,15,1.467924e-01,43.00000,36.00000,668
298,16,1.424010e-01,53.00000,30.00000,630
298,17,1.398997e-01,50.00000,35.00000,711
298,18,1.348603e-01,55.00000,30.00000,665
298,19,1.405680e-01,48.00000,35.00000,658
298,20,1.466881e-01,40.00000,36.00000,8261
298,21,1.450761e-01,43.00000,35.00000,5399
298,22,1.453693e-01,54.00000,30.00000,745
298,23,1.420522e-01,55.00000,30.00000,651
298,24,1.441675e-01,40.00000,36.00000,650
298,25,1.443398e-01,45.00000,35.00000,621
298,26,1.396189e-01,36.00000,35.00000,782
298,27,1.461493e-01,37.00000,36.00000,654
298,28,1.400166e-01,55.00000,30.00000,658
298,29,1.445851e-01,52.00000,30.00000,708
298,30,1.520036e-01,31.00000,36.00000,4040
298,31,1.374002e-01,49.00000,30.00000,7999
298,32,1.421597e-01,49.00000,30.00000,672
298,33,1.383145e-01,44.00000,35.00000,640
298,34,1.408060e-01,45.00000,35.00000,639
298,35,1.446765e-01,44.00000,35.00000,665
298,36,1.388546e-01,49.00000,30.00000,637
298,37,1.466272e-01,41.00000,35.00000,662
298,38,1.438092e-01,42.00000,35.00000,631
298,39,1.402463e-01,54.00000,30.00000,673
298,40,1.376941e-01,54.00000,30.00000,636
298,41,1.489999e-01,38.00000,36.00000,10525
298,42,1.432858e-01,49.00000,30.00000,742
298,43,1.414468e-01,49.00000,30.00000,611
298,44,1.493066e-01,32.00000,40.00000,721
298,45,1.424218e-01,37.00000,36.00000,744
298,46,1.434480e-01,54.00000,30.00000,667
298,47,1.451486e-01,44.00000,36.00000,662
298,48,1.403759e-01,46.00000,35.00000,676
298,49,1.458676e-01,44.00000,35.00000,647
298,50,1.466167e-01,47.00000,35.00000,998
298,51,1.470701e-01,44.00000,35.00000,12121
298,52,1.472152e-01,36.00000,36.00000,633
298,53,1.449523e-01,52.00000,30.00000,659
298,54,1.402013e-01,45.00000,35.00000,596
298,55,1.384197e-01,45.00000,36.00000,615
298,56,1.404421e-01,50.00000,30.00000,616
298,57,1.388346e-01,49.00000,30.00000,626
298,58,1.386244e-01,47.00000,36.00000,649
298,59,1.382437e-01,54.00000,30.00000,604
298,60,1.434601e-01,36.00000,35.00000,630
298,61,1.541325e-01,31.00000,36.00000,550
298,62,1.389884e-01,55.00000,30.00000,626
298,63,1.432975e-01,39.00000,36.00000,597
298,64,1.481085e-01,37.00000,36.00000,584
298,65,1.497935e-01,43.00000,36.00000,584
298,66,1.464476e-01,36.00000,35.00000,602
298,67,1.435599e-01,52.00000,30.00000,614
298,68,1.398670e-01,59.00000,30.00000,636
298,69,1.452538e-01,40.00000,36.00000,596
298,70,1.475988e-01,57.00000,30.00000,626
298,71,1.486097e-01,46.00000,35.00000,586
299,0,1.423604e-01,43.00000,36.00000,5098
299,1,1.389685e-01,49.00000,30.00000,653
299,2,1.419961e-01,49.00000,30.00000,635
299,3,1.477405e-01,36.00000,36.00000,733
299,4,1.358967e-01,51.00000,35.00000,659
299,5,1.462829e-01,58.00000,30.00000,744
299,6,1.417188e-01,48.00000,35.00000,619
299,7,1.387080e-01,52.00000,30.00000,714
299,8,1.491327e-01,25.00000,36.00000,708
299,9,1.424645e-01,53.00000,30.00000,687
299,10,1.412769e-01,52.00000,30.00000,4659
299,11,1.446338e-01,49.00000,30.00000,656
299,12,1.493362e-01,37.00000,36.00000,621
299,13,1.459921e-01,43.00000,35.00000,649
299,14,1.423708e-01,55.00000,30.00000,655
299,15,1.411431e-01,45.00000,36.00000,651
299,16,1.454767e-01,44.00000,35.00000,670
299,17,1.475687e-01,41.00000,36.00000,642
299,18,1.484344e-01,46.00000,36.00000,712
299,19,1.401612e-01,49.00000,30.00000,672
299,20,1.444356e-01,41.00000,40.00000,5184
299,21,1.474860e-01,36.00000,40.00000,571
299,22,1.480246e-01,48.00000,35.00000,690
299,23,1.397942e-01,48.00000,35.00000,622
299,24,1.452814e-01,43.00000,35.00000,1261
299,25,1.464310e-01,49.00000,30.00000,727
299,26,1.482420e-01,45.00000,35.00000,584
299,27,1.436034e-01,37.00000,36.00000,742
299,28,1.477586e-01,44.00000,35.00000,716
299,29,1.499341e-01,44.00000,36.00000,632
299,30,1.390607e-01,52.00000,30.00000,3768
299,31,1.438364e-01,43.00000,35.00000,1901
299,32,1.385004e-01,55.00000,30.00000,688
299,33,1.487606e-01,25.00000,36.00000,1104
299,34,1.459255e-01,58.00000,30.00000,1263
299,35,1.462508e-01,47.00000,35.00000,629
299,36,1.445066e-01,46.00000,35.00000,630
299,37,1.401536e-01,43.00000,35.00000,721
299,38,1.521375e-01,31.00000,36.00000,699
299,39,1.395303e-01,56.00000,30.00000,637
299,40,1.403670e-01,40.00000,36.00000,8522
299,41,1.470921e-01,30.00000,36.00000,645
299,42,1.418101e-01,55.00000,30.00000,650
299,43,1.408458e-01,49.00000,30.00000,938
299,44,1.428593e-01,52.00000,30.00000,1738
299,45,1.371173e-01,45.00000,35.00000,684
299,46,1.487564e-01,45.00000,35.00000,626
299,47,1.458247e-01,49.00000,35.00000,630
299,48,1.427768e-01,55.00000,30.00000,708
299,49,1.410523e-01,43.00000,36.00000,717
299,50,1.466089e-01,35.00000,36.00000,8990
299,51,1.410246e-01,55.00000,30.00000,714
299,52,1.378819e-01,53.00000,30.00000,716
299,53,1.371212e-01,53.00000,30.00000,688
299,54,1.430452e-01,49.00000,30.00000,2755
299,55,1.363498e-01,54.00000,30.00000,653
299,56,1.358313e-01,47.00000,35.00000,706
299,57,1.554860e-01,30.00000,36.00000,588
299,58,1.416365e-01,39.00000,36.00000,619
299,59,1.407374e-01,58.00000,30.00000,713
299,60,1.421622e-01,36.00000,36.00000,1862
299,61,1.424155e-01,45.00000,35.00000,1247
299,62,1.495020e-01,36.00000,36.00000,571
299,63,1.396035e-01,52.00000,30.00000,616
299,64,1.429137e-01,49.00000,30.00000,594
299,65,1.410182e-01,54.00000,30.00000,611
299,66,1.448088e-01,31.00000,36.00000,600
299,67,1.356309e-01,58.00000,30.00000,620
299,68,1.372845e-01,44.00000,35.00000,606
299,69,1.426594e-01,49.00000,30.00000,591
299,70,1.422531e-01,42.00000,35.00000,610
299,71,1.380564e-01,53.00000,30.00000,606
300,0,1.420414e-01,48.00000,35.00000,10961
300,1,1.489307e-01,31.00000,36.00000,736
300,2,1.500542e-01,37.00000,36.00000,2227
300,3,1.470282e-01,31.00000,36.00000,651
300,4,1.479626e-01,48.00000,35.00000,1003
300,5,1.512792e-01,37.00000,36.00000,714
300,6,1.421040e-01,54.00000,30.00000,656
300,7,1.534842e-01,36.00000,36.00000,667
300,8,1.469007e-01,47.00000,35.00000,649
300,9,1.532876e-01,46.00000,35.00000,653
300,10,1.375212e-01,42.00000,35.00000,4823
300,11,1.401901e-01,46.00000,35.00000,5125
300,12,1.359325e-01,58.00000,30.00000,2420
300,13,1.442330e-01,51.00000,30.00000,693
300,14,1.456734e-01,42.00000,35.00000,2003
300,15,1.402036e-01,32.00000,36.00000,697
300,16,1.369019e-01,56.00000,30.00000,755
300,17,1.408901e-01,49.00000,30.00000,674
300,18,1.435321e-01,48.00000,35.00000,600
300,19,1.417755e-01,57.00000,30.00000,651
300,20,1.452655e-01,46.00000,35.00000,3018
300,21,1.411471e-01,49.00000,30.00000,1242
300,22,1.393964e-01,53.00000,30.00000,2743
300,23,1.421954e-01,47.00000,35.00000,658
300,24,1.492924e-01,31.00000,36.00000,5957
300,25,1.444265e-01,53.00000,30.00000,745
300,26,1.485708e-01,31.00000,36.00000,617
300,27,1.413151e-01,43.00000,35.00000,719
300,28,1.394889e-01,58.00000,30.00000,675
300,29,1.478066e-01,36.00000,36.00000,677
300,30,1.401441e-01,52.00000,30.00000,685
300,31,1.401701e-01,49.00000,30.00000,1378
300,32,1.407802e-01,40.00000,35.00000,1601
300,33,1.415130e-01,46.00000,35.00000,680
300,34,1.451505e-01,45.00000,35.00000,10649
300,35,1.393696e-01,53.00000,30.00000,663
300,36,1.401495e-01,49.00000,30.00000,645
300,37,1.420691e-01,47.00000,36.00000,706
300,38,1.411279e-01,53.00000,30.00000,640
300,39,1.378721e-01,51.00000,30.00000,664
300,40,1.382885e-01,48.00000,35.00000,745
300,41,1.406894e-01,37.00000,36.00000,655
300,42,1.384758e-01,49.00000,30.00000,662
300,43,1.441303e-01,52.00000,30.00000,696
300,44,1.394801e-01,40.00000,36.00000,10662
300,45,1.428929e-01,42.00000,35.00000,674
300,46,1.444518e-01,55.00000,30.00000,623
300,47,1.432924e-01,52.00000,30.00000,629
300,48,1.425783e-01,44.00000,35.00000,681
300,49,1.498662e-01,36.00000,40.00000,626
300,50,1.502226e-01,41.00000,35.00000,587
300,51,1.444390e-01,53.00000,30.00000,713
300,52,1.410986e-01,42.00000,35.00000,672
300,53,1.391491e-01,37.00000,36.00000,645
300,54,1.447408e-01,55.00000,30.00000,9034
300,55,1.512824e-01,35.00000,36.00000,572
300,56,1.386111e-01,56.00000,30.00000,610
300,57,1.400315e-01,53.00000,30.00000,606
300,58,1.360762e-01,59.00000,30.00000,636
300,59,1.404420e-01,42.00000,35.00000,605
300,60,1.400231e-01,54.00000,30.00000,604
300,61,1.502048e-01,31.00000,36.00000,585
300,62,1.462706e-01,35.00000,36.00000,589
300,63,1.427405e-01,47.00000,35.00000,625
300,64,1.371877e-01,43.00000,36.00000,621
300,65,1.413961e-01,39.00000,36.00000,613
300,66,1.465961e-01,39.00000,36.00000,595
300,67,1.432969e-01,49.00000,30.00000,616
300,68,1.437413e-01,50.00000,30.00000,594
300,69,1.415012e-01,45.00000,35.00000,602
300,70,1.485399e-01,44.00000,35.00000,603
300,71,1.394148e-01,61.00000,30.00000,648
