epoch,itr,loss,mask-A,mask-B,time (ms)
1,0,4.704776e-01,43.00000,35.00000,38659
1,1,3.845297e-01,41.00000,36.00000,1339
1,2,3.480084e-01,49.00000,30.00000,691
1,3,3.266312e-01,46.00000,35.00000,606
1,4,3.091799e-01,51.00000,30.00000,597
1,5,2.949632e-01,45.00000,35.00000,607
1,6,2.819355e-01,53.00000,30.00000,617
1,7,2.716378e-01,42.00000,35.00000,620
1,8,2.608550e-01,59.00000,30.00000,647
1,9,2.517821e-01,57.00000,30.00000,626
1,10,2.452487e-01,36.00000,36.00000,636
1,11,2.343051e-01,49.00000,30.00000,619
1,12,2.280910e-01,51.00000,30.00000,623
1,13,2.188853e-01,57.00000,30.00000,629
1,14,2.119170e-01,40.00000,36.00000,610
1,15,2.067698e-01,40.00000,35.00000,612
1,16,2.022402e-01,36.00000,36.00000,627
1,17,1.944626e-01,57.00000,30.00000,628
1,18,1.877850e-01,53.00000,30.00000,613
1,19,1.830630e-01,52.00000,30.00000,595
1,20,1.784500e-01,52.00000,30.00000,3043
1,21,1.696947e-01,46.00000,36.00000,679
1,22,1.670580e-01,31.00000,36.00000,1541
1,23,1.628843e-01,41.00000,36.00000,569
1,24,1.554672e-01,46.00000,35.00000,600
1,25,1.531436e-01,48.00000,35.00000,1513
1,26,1.468995e-01,47.00000,35.00000,603
1,27,1.434228e-01,40.00000,40.00000,593
1,28,1.391781e-01,49.00000,30.00000,593
1,29,1.365421e-01,44.00000,35.00000,637
1,30,1.343253e-01,47.00000,35.00000,4705
1,31,1.303557e-01,43.00000,35.00000,1258
1,32,1.283897e-01,50.00000,30.00000,2006
1,33,1.251631e-01,44.00000,35.00000,1492
1,34,1.226283e-01,44.00000,35.00000,665
1,35,1.221905e-01,48.00000,35.00000,885
1,36,1.214091e-01,49.00000,30.00000,592
1,37,1.182232e-01,49.00000,30.00000,592
1,38,1.160789e-01,42.00000,36.00000,635
1,39,1.111352e-01,55.00000,30.00000,626
1,40,1.234819e-01,37.00000,36.00000,11370
1,41,1.140396e-01,53.00000,30.00000,2956
1,42,1.114355e-01,43.00000,35.00000,4541
1,43,1.174145e-01,49.00000,30.00000,591
1,44,1.116659e-01,46.00000,36.00000,641
1,45,1.115489e-01,42.00000,36.00000,1790
1,46,1.095153e-01,57.00000,30.00000,632
1,47,1.110788e-01,45.00000,35.00000,596
1,48,1.098623e-01,49.00000,30.00000,1344
1,49,1.110993e-01,46.00000,35.00000,619
1,50,1.131131e-01,37.00000,35.00000,5781
1,51,1.142757e-01,30.00000,40.00000,3608
1,52,1.103534e-01,43.00000,35.00000,3411
1,53,1.096931e-01,58.00000,30.00000,1030
1,54,1.070378e-01,48.00000,35.00000,1175
1,55,1.091945e-01,57.00000,30.00000,1367
1,56,1.050379e-01,54.00000,30.00000,621
1,57,1.181833e-01,36.00000,35.00000,705
1,58,1.117021e-01,49.00000,36.00000,1077
1,59,1.127411e-01,45.00000,35.00000,613
1,60,1.079641e-01,49.00000,30.00000,7239
1,61,1.140655e-01,41.00000,35.00000,2761
1,62,1.113099e-01,45.00000,35.00000,4001
1,63,1.085509e-01,43.00000,35.00000,632
1,64,1.095744e-01,57.00000,30.00000,629
1,65,1.148743e-01,37.00000,35.00000,1036
1,66,1.162271e-01,43.00000,35.00000,881
1,67,1.150500e-01,25.00000,36.00000,615
1,68,1.117414e-01,30.00000,36.00000,599
1,69,1.163005e-01,52.00000,30.00000,598
1,70,1.196635e-01,39.00000,36.00000,5772
1,71,1.115664e-01,54.00000,30.00000,2112
2,0,1.169887e-01,34.00000,36.00000,1708
2,1,1.103209e-01,43.00000,35.00000,622
2,2,1.197686e-01,30.00000,40.00000,654
2,3,1.179508e-01,43.00000,35.00000,591
2,4,1.186202e-01,31.00000,36.00000,636
2,5,1.194359e-01,49.00000,30.00000,594
2,6,1.160927e-01,49.00000,30.00000,591
2,7,1.150849e-01,31.00000,36.00000,623
2,8,1.171686e-01,49.00000,30.00000,666
2,9,1.153286e-01,41.00000,35.00000,682
2,10,1.145520e-01,54.00000,30.00000,4044
2,11,1.146491e-01,42.00000,35.00000,599
2,12,1.138283e-01,55.00000,30.00000,672
2,13,1.217198e-01,47.00000,35.00000,587
2,14,1.202172e-01,55.00000,30.00000,776
2,15,1.144854e-01,46.00000,35.00000,591
2,16,1.188201e-01,44.00000,35.00000,616
2,17,1.211332e-01,48.00000,35.00000,665
2,18,1.132046e-01,53.00000,30.00000,697
2,19,1.140630e-01,43.00000,35.00000,685
2,20,1.125005e-01,62.00000,30.00000,5869
2,21,1.125590e-01,53.00000,30.00000,616
2,22,1.171994e-01,54.00000,30.00000,643
2,23,1.108506e-01,56.00000,30.00000,616
2,24,1.117887e-01,52.00000,30.00000,633
2,25,1.126062e-01,54.00000,30.00000,666
2,26,1.131141e-01,43.00000,35.00000,598
2,27,1.137239e-01,55.00000,30.00000,707
2,28,1.101720e-01,40.00000,35.00000,612
2,29,1.092754e-01,49.00000,30.00000,620
2,30,1.268401e-01,36.00000,35.00000,5303
2,31,1.078027e-01,55.00000,30.00000,635
2,32,1.145904e-01,43.00000,35.00000,607
2,33,1.130792e-01,45.00000,35.00000,593
2,34,1.173485e-01,37.00000,35.00000,638
2,35,1.113432e-01,55.00000,30.00000,631
2,36,1.102892e-01,52.00000,30.00000,676
2,37,1.195040e-01,41.00000,36.00000,663
2,38,1.139058e-01,40.00000,35.00000,589
2,39,1.062990e-01,51.00000,35.00000,646
2,40,1.171223e-01,31.00000,36.00000,4042
2,41,1.046386e-01,54.00000,30.00000,629
2,42,1.093308e-01,54.00000,30.00000,606
2,43,1.020230e-01,54.00000,30.00000,683
2,44,1.028475e-01,53.00000,30.00000,696
2,45,1.085530e-01,54.00000,30.00000,614
2,46,1.074594e-01,49.00000,30.00000,635
2,47,1.091669e-01,44.00000,35.00000,665
2,48,1.090854e-01,49.00000,30.00000,650
2,49,9.945903e-02,54.00000,30.00000,630
2,50,1.136293e-01,49.00000,35.00000,4777
2,51,1.069960e-01,56.00000,30.00000,669
2,52,1.083797e-01,42.00000,35.00000,603
2,53,1.058320e-01,52.00000,30.00000,647
2,54,1.035585e-01,49.00000,30.00000,599
2,55,1.066274e-01,57.00000,30.00000,642
2,56,1.107132e-01,47.00000,35.00000,613
2,57,1.058537e-01,43.00000,36.00000,600
2,58,1.035058e-01,47.00000,35.00000,595
2,59,1.069509e-01,49.00000,30.00000,609
2,60,1.037649e-01,45.00000,35.00000,4869
2,61,1.078191e-01,37.00000,36.00000,575
2,62,1.046995e-01,43.00000,35.00000,597
2,63,1.051325e-01,36.00000,36.00000,599
2,64,1.038388e-01,41.00000,35.00000,614
2,65,1.059995e-01,42.00000,35.00000,592
2,66,1.038506e-01,46.00000,36.00000,599
2,67,1.027085e-01,41.00000,35.00000,623
2,68,9.923704e-02,55.00000,30.00000,618
2,69,1.015705e-01,52.00000,30.00000,596
2,70,1.029544e-01,42.00000,35.00000,596
2,71,1.036332e-01,46.00000,35.00000,621
3,0,1.024294e-01,38.00000,35.00000,628
3,1,9.991153e-02,52.00000,30.00000,2641
3,2,9.926760e-02,48.00000,35.00000,721
3,3,9.765464e-02,53.00000,30.00000,676
3,4,1.002526e-01,55.00000,30.00000,737
3,5,1.048686e-01,41.00000,35.00000,651
3,6,1.008143e-01,49.00000,30.00000,632
3,7,9.768274e-02,40.00000,36.00000,641
3,8,1.140307e-01,38.00000,35.00000,672
3,9,1.013471e-01,43.00000,35.00000,748
3,10,1.074063e-01,40.00000,36.00000,628
3,11,9.884185e-02,38.00000,40.00000,1410
3,12,1.109882e-01,42.00000,40.00000,767
3,13,1.062619e-01,56.00000,30.00000,708
3,14,1.001739e-01,40.00000,35.00000,613
3,15,1.049563e-01,37.00000,36.00000,648
3,16,1.025105e-01,43.00000,35.00000,671
3,17,9.985302e-02,56.00000,30.00000,665
3,18,1.019667e-01,39.00000,36.00000,801
3,19,1.112749e-01,43.00000,35.00000,599
3,20,9.851116e-02,44.00000,35.00000,677
3,21,1.014636e-01,54.00000,30.00000,1410
3,22,1.068750e-01,31.00000,36.00000,601
3,23,1.040154e-01,30.00000,36.00000,3317
3,24,1.027507e-01,33.00000,40.00000,727
3,25,1.041358e-01,45.00000,36.00000,676
3,26,9.322177e-02,57.00000,30.00000,649
3,27,1.061106e-01,54.00000,30.00000,720
3,28,1.005977e-01,37.00000,36.00000,585
3,29,9.701440e-02,57.00000,30.00000,673
3,30,9.834226e-02,37.00000,36.00000,880
3,31,9.702374e-02,50.00000,35.00000,731
3,32,1.096241e-01,31.00000,36.00000,610
3,33,9.837496e-02,57.00000,30.00000,6224
3,34,9.734114e-02,53.00000,30.00000,676
3,35,9.684603e-02,52.00000,30.00000,601
3,36,9.729587e-02,40.00000,36.00000,659
3,37,9.851871e-02,46.00000,35.00000,598
3,38,9.529901e-02,41.00000,36.00000,627
3,39,9.419598e-02,38.00000,35.00000,725
3,40,9.614673e-02,39.00000,35.00000,605
3,41,9.078097e-02,55.00000,30.00000,679
3,42,9.423754e-02,41.00000,36.00000,694
3,43,9.377062e-02,38.00000,35.00000,6606
3,44,9.646440e-02,42.00000,35.00000,666
3,45,9.052727e-02,45.00000,35.00000,614
3,46,9.107414e-02,49.00000,30.00000,686
3,47,9.485396e-02,53.00000,30.00000,664
3,48,1.022342e-01,49.00000,30.00000,708
3,49,1.043040e-01,48.00000,35.00000,646
3,50,9.421423e-02,53.00000,30.00000,663
3,51,1.036587e-01,40.00000,35.00000,753
3,52,8.864798e-02,52.00000,30.00000,755
3,53,9.505713e-02,53.00000,30.00000,7694
3,54,9.034681e-02,54.00000,30.00000,624
3,55,9.704947e-02,53.00000,30.00000,626
3,56,9.270035e-02,55.00000,30.00000,618
3,57,8.866431e-02,49.00000,30.00000,620
3,58,9.049825e-02,45.00000,35.00000,643
3,59,9.515552e-02,42.00000,36.00000,602
3,60,8.994494e-02,46.00000,36.00000,617
3,61,9.239309e-02,54.00000,30.00000,618
3,62,9.218362e-02,48.00000,35.00000,602
3,63,9.268621e-02,48.00000,35.00000,5552
3,64,9.976235e-02,25.00000,36.00000,599
3,65,9.458984e-02,45.00000,35.00000,615
3,66,9.363049e-02,45.00000,35.00000,578
3,67,9.062751e-02,40.00000,36.00000,635
3,68,9.096356e-02,55.00000,30.00000,621
3,69,9.406935e-02,55.00000,30.00000,617
3,70,9.449949e-02,35.00000,36.00000,624
3,71,9.496716e-02,46.00000,35.00000,587
4,0,8.892429e-02,49.00000,35.00000,10915
4,1,8.608826e-02,55.00000,30.00000,615
4,2,9.658308e-02,40.00000,35.00000,674
4,3,8.521548e-02,49.00000,30.00000,699
4,4,8.858733e-02,39.00000,35.00000,642
4,5,8.742782e-02,55.00000,30.00000,646
4,6,8.958898e-02,36.00000,36.00000,688
4,7,8.579760e-02,49.00000,30.00000,621
4,8,8.754729e-02,46.00000,35.00000,683
4,9,8.626080e-02,52.00000,30.00000,823
4,10,8.365119e-02,60.00000,30.00000,10803
4,11,9.265888e-02,43.00000,35.00000,641
4,12,8.712977e-02,55.00000,30.00000,668
4,13,8.535515e-02,49.00000,30.00000,632
4,14,8.907261e-02,53.00000,30.00000,648
4,15,8.705311e-02,35.00000,36.00000,680
4,16,8.608411e-02,42.00000,35.00000,654
4,17,8.186300e-02,49.00000,35.00000,615
4,18,8.463667e-02,57.00000,30.00000,751
4,19,8.744445e-02,45.00000,35.00000,724
4,20,8.562255e-02,49.00000,30.00000,10382
4,21,8.738792e-02,49.00000,30.00000,1056
4,22,9.039423e-02,39.00000,36.00000,690
4,23,8.744222e-02,38.00000,35.00000,621
4,24,8.874011e-02,35.00000,36.00000,639
4,25,9.157965e-02,35.00000,36.00000,664
4,26,8.722404e-02,45.00000,35.00000,660
4,27,8.449954e-02,42.00000,35.00000,679
4,28,8.654728e-02,49.00000,30.00000,698
4,29,8.581323e-02,37.00000,36.00000,711
4,30,8.413273e-02,53.00000,30.00000,12592
4,31,8.598292e-02,37.00000,36.00000,841
4,32,8.595149e-02,34.00000,36.00000,1085
4,33,8.584091e-02,46.00000,35.00000,609
4,34,9.005377e-02,34.00000,40.00000,576
4,35,8.131680e-02,56.00000,30.00000,654
4,36,8.668137e-02,54.00000,30.00000,606
4,37,8.042295e-02,46.00000,35.00000,706
4,38,8.492257e-02,50.00000,35.00000,624
4,39,8.259642e-02,57.00000,30.00000,721
4,40,8.470752e-02,45.00000,35.00000,8243
4,41,8.252906e-02,47.00000,35.00000,707
4,42,7.578012e-02,44.00000,35.00000,740
4,43,7.960436e-02,42.00000,35.00000,723
4,44,8.689051e-02,40.00000,35.00000,656
4,45,8.096948e-02,42.00000,35.00000,721
4,46,7.959043e-02,54.00000,30.00000,685
4,47,8.540636e-02,49.00000,30.00000,636
4,48,7.974072e-02,45.00000,35.00000,845
4,49,8.442962e-02,41.00000,36.00000,603
4,50,9.096701e-02,49.00000,30.00000,13428
4,51,7.743502e-02,54.00000,30.00000,663
4,52,8.059560e-02,58.00000,30.00000,639
4,53,8.176465e-02,25.00000,36.00000,583
4,54,8.149533e-02,54.00000,30.00000,621
4,55,8.326104e-02,50.00000,35.00000,643
4,56,8.365557e-02,43.00000,35.00000,614
4,57,8.156468e-02,35.00000,36.00000,598
4,58,8.293140e-02,32.00000,36.00000,627
4,59,8.781489e-02,44.00000,35.00000,579
4,60,8.288728e-02,41.00000,36.00000,603
4,61,7.971486e-02,49.00000,30.00000,605
4,62,7.716729e-02,49.00000,30.00000,593
4,63,7.769928e-02,43.00000,35.00000,611
4,64,7.596717e-02,38.00000,36.00000,595
4,65,7.346111e-02,48.00000,35.00000,626
4,66,7.150538e-02,57.00000,30.00000,634
4,67,7.591229e-02,48.00000,35.00000,596
4,68,8.320308e-02,40.00000,35.00000,591
4,69,7.787063e-02,54.00000,30.00000,621
4,70,7.848853e-02,38.00000,40.00000,599
4,71,7.749290e-02,49.00000,30.00000,602
5,0,7.342571e-02,42.00000,36.00000,12482
5,1,7.901639e-02,36.00000,40.00000,975
5,2,7.811697e-02,52.00000,30.00000,732
5,3,7.507187e-02,46.00000,35.00000,655
5,4,7.209425e-02,55.00000,30.00000,712
5,5,7.416995e-02,57.00000,30.00000,690
5,6,7.257608e-02,44.00000,35.00000,678
5,7,8.706440e-02,36.00000,36.00000,594
5,8,7.237425e-02,39.00000,40.00000,628
5,9,6.817670e-02,52.00000,30.00000,660
5,10,7.648529e-02,37.00000,36.00000,11913
5,11,6.859806e-02,50.00000,35.00000,668
5,12,7.296269e-02,36.00000,35.00000,793
5,13,7.358000e-02,43.00000,35.00000,672
5,14,6.995126e-02,36.00000,36.00000,654
5,15,7.126621e-02,55.00000,30.00000,690
5,16,7.394560e-02,45.00000,35.00000,623
5,17,7.265893e-02,49.00000,30.00000,718
5,18,6.718123e-02,45.00000,35.00000,674
5,19,6.862781e-02,57.00000,30.00000,713
5,20,7.153745e-02,53.00000,30.00000,8484
5,21,6.980399e-02,34.00000,36.00000,655
5,22,7.210317e-02,30.00000,36.00000,3152
5,23,7.170092e-02,42.00000,35.00000,717
5,24,7.113963e-02,55.00000,30.00000,620
5,25,7.417336e-02,31.00000,36.00000,729
5,26,6.910820e-02,49.00000,30.00000,650
5,27,6.926842e-02,38.00000,35.00000,704
5,28,7.001082e-02,46.00000,35.00000,661
5,29,6.983935e-02,43.00000,35.00000,693
5,30,7.503890e-02,46.00000,35.00000,8150
5,31,7.243340e-02,31.00000,36.00000,668
5,32,6.729506e-02,49.00000,35.00000,4056
5,33,6.683084e-02,45.00000,35.00000,846
5,34,5.904818e-02,57.00000,30.00000,675
5,35,6.624593e-02,45.00000,35.00000,663
5,36,6.803485e-02,49.00000,30.00000,643
5,37,6.605956e-02,54.00000,30.00000,659
5,38,6.313732e-02,47.00000,35.00000,648
5,39,7.155693e-02,39.00000,40.00000,707
5,40,6.265615e-02,49.00000,30.00000,7402
5,41,6.018618e-02,49.00000,30.00000,740
5,42,6.241186e-02,54.00000,30.00000,3347
5,43,6.681515e-02,40.00000,36.00000,722
5,44,6.305733e-02,44.00000,35.00000,660
5,45,6.752698e-02,47.00000,35.00000,741
5,46,6.074365e-02,59.00000,30.00000,658
5,47,6.760403e-02,38.00000,35.00000,797
5,48,6.897216e-02,36.00000,35.00000,684
5,49,6.325806e-02,46.00000,35.00000,640
5,50,6.321044e-02,43.00000,35.00000,7859
5,51,6.574809e-02,42.00000,35.00000,711
5,52,6.079572e-02,51.00000,30.00000,2667
5,53,6.002071e-02,54.00000,30.00000,681
5,54,6.264275e-02,44.00000,35.00000,680
5,55,6.489196e-02,57.00000,30.00000,628
5,56,6.468672e-02,47.00000,35.00000,658
5,57,6.495807e-02,46.00000,35.00000,595
5,58,6.823833e-02,43.00000,35.00000,596
5,59,5.972377e-02,52.00000,30.00000,615
5,60,6.136660e-02,36.00000,36.00000,1298
5,61,5.711848e-02,46.00000,35.00000,606
5,62,6.285171e-02,41.00000,35.00000,604
5,63,5.962878e-02,49.00000,35.00000,622
5,64,6.309655e-02,31.00000,36.00000,603
5,65,5.677039e-02,45.00000,35.00000,622
5,66,6.169752e-02,43.00000,35.00000,623
5,67,6.001147e-02,53.00000,30.00000,606
5,68,5.626404e-02,47.00000,35.00000,625
5,69,5.694266e-02,53.00000,30.00000,633
5,70,5.624545e-02,55.00000,30.00000,628
5,71,5.773594e-02,51.00000,30.00000,604
6,0,5.864136e-02,49.00000,30.00000,7211
6,1,6.336582e-02,41.00000,36.00000,891
6,2,6.019461e-02,53.00000,30.00000,727
6,3,5.961869e-02,31.00000,36.00000,766
6,4,6.150290e-02,58.00000,30.00000,674
6,5,6.255753e-02,31.00000,36.00000,750
6,6,5.387803e-02,40.00000,40.00000,749
6,7,5.612566e-02,49.00000,35.00000,771
6,8,5.789097e-02,45.00000,35.00000,766
6,9,5.965122e-02,49.00000,30.00000,656
6,10,5.454038e-02,45.00000,35.00000,7176
6,11,5.677638e-02,41.00000,36.00000,620
6,12,5.637566e-02,49.00000,30.00000,670
6,13,5.805971e-02,55.00000,30.00000,687
6,14,5.606369e-02,38.00000,35.00000,663
6,15,5.559194e-02,48.00000,35.00000,627
6,16,5.496843e-02,42.00000,35.00000,742
6,17,5.757018e-02,44.00000,35.00000,616
6,18,5.546775e-02,52.00000,30.00000,752
6,19,5.592637e-02,41.00000,35.00000,769
6,20,5.487132e-02,56.00000,30.00000,1027
6,21,5.273012e-02,49.00000,30.00000,1105
6,22,5.140995e-02,57.00000,30.00000,6767
6,23,5.343504e-02,41.00000,40.00000,738
6,24,5.245629e-02,52.00000,30.00000,649
6,25,5.234016e-02,47.00000,35.00000,683
6,26,5.989642e-02,48.00000,35.00000,670
6,27,5.583600e-02,53.00000,30.00000,639
6,28,5.330754e-02,42.00000,35.00000,709
6,29,5.360936e-02,53.00000,30.00000,693
6,30,5.057721e-02,49.00000,30.00000,665
6,31,5.854683e-02,37.00000,36.00000,4238
6,32,5.816998e-02,37.00000,40.00000,4647
6,33,5.516896e-02,49.00000,30.00000,624
6,34,5.244616e-02,45.00000,35.00000,642
6,35,5.582273e-02,34.00000,36.00000,696
6,36,5.883834e-02,42.00000,36.00000,616
6,37,5.925494e-02,45.00000,35.00000,644
6,38,5.681844e-02,45.00000,35.00000,694
6,39,5.501730e-02,41.00000,36.00000,662
6,40,5.279652e-02,49.00000,30.00000,688
6,41,5.192412e-02,49.00000,30.00000,4843
6,42,5.238991e-02,58.00000,30.00000,3309
6,43,5.288794e-02,50.00000,30.00000,657
6,44,5.215842e-02,49.00000,35.00000,694
6,45,5.323807e-02,49.00000,30.00000,665
6,46,4.908837e-02,41.00000,35.00000,727
6,47,4.918516e-02,49.00000,30.00000,667
6,48,5.175287e-02,37.00000,36.00000,642
6,49,4.855502e-02,55.00000,30.00000,725
6,50,5.481130e-02,31.00000,36.00000,640
6,51,5.266974e-02,38.00000,35.00000,676
6,52,5.165525e-02,49.00000,30.00000,3071
6,53,5.569647e-02,35.00000,36.00000,629
6,54,6.094458e-02,25.00000,36.00000,606
6,55,5.224873e-02,45.00000,35.00000,601
6,56,5.031877e-02,49.00000,30.00000,710
6,57,5.430130e-02,41.00000,35.00000,740
6,58,5.114975e-02,54.00000,30.00000,637
6,59,5.086250e-02,54.00000,30.00000,657
6,60,4.783289e-02,42.00000,35.00000,611
6,61,5.492514e-02,45.00000,35.00000,592
6,62,5.315253e-02,26.00000,36.00000,607
6,63,5.337369e-02,43.00000,35.00000,585
6,64,5.104852e-02,41.00000,36.00000,583
6,65,5.078543e-02,49.00000,30.00000,590
6,66,4.945061e-02,44.00000,35.00000,624
6,67,4.989485e-02,49.00000,30.00000,613
6,68,4.671602e-02,58.00000,30.00000,626
6,69,4.714942e-02,54.00000,30.00000,613
6,70,4.675828e-02,47.00000,35.00000,612
6,71,4.911606e-02,48.00000,35.00000,603
7,0,5.838475e-02,31.00000,36.00000,18533
7,1,4.912197e-02,42.00000,35.00000,660
7,2,5.310431e-02,35.00000,36.00000,662
7,3,5.058922e-02,43.00000,36.00000,667
7,4,5.358862e-02,38.00000,35.00000,661
7,5,5.391513e-02,46.00000,35.00000,605
7,6,4.914046e-02,40.00000,36.00000,644
7,7,5.148856e-02,41.00000,35.00000,656
7,8,4.907209e-02,41.00000,40.00000,764
7,9,5.017496e-02,52.00000,30.00000,655
7,10,4.722593e-02,50.00000,30.00000,13945
7,11,5.178645e-02,42.00000,35.00000,580
7,12,4.848957e-02,35.00000,36.00000,635
7,13,4.567648e-02,53.00000,30.00000,617
7,14,4.819560e-02,45.00000,35.00000,722
7,15,4.624856e-02,47.00000,35.00000,630
7,16,4.945704e-02,48.00000,35.00000,631
7,17,4.551950e-02,53.00000,30.00000,680
7,18,5.017762e-02,41.00000,36.00000,600
7,19,4.626708e-02,55.00000,30.00000,703
7,20,5.404187e-02,44.00000,35.00000,7841
7,21,4.743491e-02,40.00000,36.00000,745
7,22,4.263161e-02,54.00000,30.00000,686
7,23,4.315594e-02,49.00000,30.00000,663
7,24,4.753292e-02,41.00000,36.00000,732
7,25,4.304884e-02,52.00000,30.00000,686
7,26,4.690328e-02,47.00000,35.00000,738
7,27,4.585979e-02,40.00000,36.00000,673
7,28,4.994690e-02,54.00000,30.00000,722
7,29,4.475731e-02,41.00000,36.00000,642
7,30,5.027254e-02,49.00000,30.00000,9897
7,31,4.561006e-02,49.00000,30.00000,764
7,32,4.743921e-02,46.00000,35.00000,714
7,33,5.105583e-02,36.00000,36.00000,658
7,34,4.117365e-02,52.00000,30.00000,689
7,35,4.851457e-02,42.00000,35.00000,610
7,36,4.602978e-02,51.00000,35.00000,648
7,37,4.577070e-02,45.00000,35.00000,699
7,38,4.585237e-02,53.00000,30.00000,691
7,39,4.328615e-02,53.00000,30.00000,677
7,40,4.868240e-02,30.00000,36.00000,8523
7,41,4.213107e-02,48.00000,35.00000,651
7,42,4.920309e-02,40.00000,35.00000,3120
7,43,4.206242e-02,49.00000,30.00000,684
7,44,4.668364e-02,47.00000,35.00000,722
7,45,4.719611e-02,38.00000,36.00000,696
7,46,5.078011e-02,30.00000,36.00000,646
7,47,4.755849e-02,54.00000,30.00000,686
7,48,4.386902e-02,43.00000,35.00000,759
7,49,4.529649e-02,47.00000,35.00000,607
7,50,4.283599e-02,57.00000,30.00000,9187
7,51,4.517697e-02,40.00000,40.00000,685
7,52,5.168741e-02,35.00000,36.00000,3173
7,53,4.611532e-02,55.00000,30.00000,628
7,54,4.258599e-02,54.00000,30.00000,632
7,55,4.540775e-02,54.00000,30.00000,607
7,56,4.626448e-02,49.00000,30.00000,604
7,57,4.217484e-02,54.00000,30.00000,644
7,58,4.155055e-02,43.00000,35.00000,659
7,59,4.389215e-02,49.00000,30.00000,615
7,60,4.475779e-02,31.00000,36.00000,610
7,61,4.352310e-02,57.00000,30.00000,628
7,62,4.396551e-02,45.00000,35.00000,613
7,63,4.399428e-02,44.00000,35.00000,602
7,64,4.358828e-02,53.00000,30.00000,608
7,65,4.237630e-02,55.00000,30.00000,636
7,66,4.116213e-02,52.00000,35.00000,623
7,67,4.320195e-02,59.00000,30.00000,639
7,68,4.062854e-02,53.00000,30.00000,622
7,69,4.083586e-02,54.00000,30.00000,630
7,70,4.303514e-02,42.00000,35.00000,625
7,71,5.494758e-02,30.00000,36.00000,515
8,0,4.701301e-02,45.00000,35.00000,7524
8,1,4.616140e-02,34.00000,36.00000,612
8,2,4.714152e-02,57.00000,30.00000,686
8,3,4.810045e-02,44.00000,35.00000,677
8,4,4.326071e-02,43.00000,36.00000,782
8,5,4.708671e-02,59.00000,30.00000,694
8,6,4.447544e-02,42.00000,35.00000,608
8,7,4.162307e-02,58.00000,30.00000,872
8,8,4.483580e-02,38.00000,36.00000,724
8,9,4.488271e-02,38.00000,35.00000,665
8,10,4.582694e-02,37.00000,35.00000,10120
8,11,4.247646e-02,48.00000,36.00000,596
8,12,4.402846e-02,43.00000,35.00000,733
8,13,4.213583e-02,58.00000,30.00000,775
8,14,4.587553e-02,47.00000,35.00000,640
8,15,4.225911e-02,55.00000,30.00000,781
8,16,4.426567e-02,31.00000,36.00000,712
8,17,3.847554e-02,48.00000,35.00000,753
8,18,4.664519e-02,54.00000,30.00000,693
8,19,4.641714e-02,40.00000,35.00000,662
8,20,4.555209e-02,53.00000,30.00000,10155
8,21,4.294434e-02,45.00000,35.00000,650
8,22,3.883361e-02,55.00000,30.00000,618
8,23,4.080219e-02,54.00000,30.00000,814
8,24,4.147981e-02,49.00000,36.00000,733
8,25,4.467784e-02,38.00000,35.00000,649
8,26,4.236281e-02,49.00000,30.00000,701
8,27,4.369556e-02,35.00000,36.00000,647
8,28,3.889203e-02,58.00000,30.00000,764
8,29,4.121982e-02,50.00000,35.00000,728
8,30,4.234033e-02,49.00000,30.00000,11782
8,31,4.168213e-02,46.00000,35.00000,708
8,32,4.332456e-02,47.00000,35.00000,680
8,33,4.378425e-02,49.00000,30.00000,615
8,34,4.098013e-02,43.00000,35.00000,666
8,35,4.217837e-02,54.00000,30.00000,670
8,36,4.895685e-02,31.00000,36.00000,690
8,37,4.481152e-02,45.00000,35.00000,676
8,38,4.205225e-02,46.00000,36.00000,677
8,39,4.227331e-02,58.00000,30.00000,796
8,40,4.088301e-02,39.00000,35.00000,9121
8,41,4.453400e-02,41.00000,36.00000,698
8,42,4.244507e-02,55.00000,30.00000,651
8,43,4.300965e-02,54.00000,30.00000,686
8,44,4.142380e-02,54.00000,30.00000,782
8,45,4.167655e-02,49.00000,30.00000,621
8,46,4.185757e-02,43.00000,36.00000,708
8,47,4.116990e-02,40.00000,36.00000,734
8,48,3.854493e-02,54.00000,30.00000,709
8,49,4.008801e-02,45.00000,35.00000,710
8,50,3.822226e-02,54.00000,30.00000,11295
8,51,3.905286e-02,55.00000,30.00000,655
8,52,4.223131e-02,48.00000,35.00000,675
8,53,4.045038e-02,45.00000,35.00000,738
8,54,4.005611e-02,40.00000,40.00000,594
8,55,4.327058e-02,25.00000,36.00000,648
8,56,4.337018e-02,49.00000,30.00000,606
8,57,4.341225e-02,43.00000,35.00000,679
8,58,3.804182e-02,49.00000,30.00000,666
8,59,4.383311e-02,40.00000,36.00000,672
8,60,4.232102e-02,51.00000,30.00000,4097
8,61,4.303824e-02,35.00000,36.00000,609
8,62,4.064357e-02,45.00000,35.00000,616
8,63,4.200950e-02,49.00000,30.00000,604
8,64,4.020614e-02,57.00000,30.00000,649
8,65,4.118292e-02,43.00000,35.00000,634
8,66,4.275031e-02,48.00000,35.00000,595
8,67,4.071997e-02,54.00000,30.00000,608
8,68,4.437193e-02,47.00000,35.00000,589
8,69,4.281624e-02,31.00000,36.00000,622
8,70,4.141866e-02,49.00000,30.00000,615
8,71,4.083049e-02,51.00000,30.00000,638
9,0,4.226848e-02,53.00000,30.00000,10001
9,1,4.147640e-02,41.00000,36.00000,745
9,2,4.375061e-02,45.00000,35.00000,650
9,3,4.609065e-02,43.00000,40.00000,657
9,4,4.058050e-02,43.00000,35.00000,785
9,5,4.310168e-02,53.00000,30.00000,643
9,6,4.264527e-02,42.00000,35.00000,658
9,7,4.004861e-02,54.00000,30.00000,636
9,8,4.324237e-02,45.00000,36.00000,708
9,9,4.078338e-02,45.00000,35.00000,723
9,10,3.778369e-02,52.00000,30.00000,12792
9,11,4.288966e-02,31.00000,36.00000,651
9,12,4.537163e-02,37.00000,36.00000,1517
9,13,4.639349e-02,36.00000,40.00000,667
9,14,3.894638e-02,59.00000,30.00000,778
9,15,3.931232e-02,55.00000,30.00000,695
9,16,4.143481e-02,48.00000,35.00000,641
9,17,4.541872e-02,58.00000,30.00000,703
9,18,4.345478e-02,30.00000,36.00000,674
9,19,4.213559e-02,49.00000,30.00000,640
9,20,4.708115e-02,36.00000,36.00000,12188
9,21,4.183878e-02,49.00000,30.00000,657
9,22,4.054035e-02,40.00000,35.00000,675
9,23,4.597817e-02,40.00000,36.00000,606
9,24,4.114985e-02,49.00000,30.00000,730
9,25,4.099724e-02,40.00000,36.00000,661
9,26,4.136945e-02,25.00000,36.00000,782
9,27,4.464123e-02,40.00000,35.00000,687
9,28,3.730818e-02,55.00000,30.00000,655
9,29,4.081005e-02,57.00000,30.00000,692
9,30,3.840914e-02,46.00000,35.00000,9946
9,31,3.924033e-02,48.00000,35.00000,898
9,32,4.367402e-02,39.00000,35.00000,583
9,33,4.235405e-02,57.00000,30.00000,739
9,34,4.352346e-02,43.00000,36.00000,658
9,35,4.194108e-02,46.00000,35.00000,628
9,36,4.203357e-02,49.00000,30.00000,668
9,37,4.362165e-02,36.00000,36.00000,687
9,38,4.056153e-02,45.00000,35.00000,619
9,39,3.915731e-02,46.00000,35.00000,676
9,40,4.390050e-02,42.00000,36.00000,11621
9,41,3.988094e-02,49.00000,30.00000,697
9,42,3.792725e-02,57.00000,30.00000,654
9,43,4.328717e-02,44.00000,36.00000,614
9,44,4.251717e-02,48.00000,35.00000,694
9,45,3.943895e-02,45.00000,35.00000,642
9,46,3.919433e-02,49.00000,30.00000,651
9,47,3.895241e-02,52.00000,30.00000,709
9,48,4.214147e-02,40.00000,35.00000,695
9,49,3.869087e-02,53.00000,30.00000,672
9,50,3.741566e-02,53.00000,30.00000,9103
9,51,4.221365e-02,37.00000,36.00000,709
9,52,4.182597e-02,36.00000,40.00000,676
9,53,4.273664e-02,38.00000,36.00000,642
9,54,4.407697e-02,46.00000,35.00000,706
9,55,4.241222e-02,45.00000,35.00000,613
9,56,4.343624e-02,45.00000,35.00000,585
9,57,4.089370e-02,43.00000,36.00000,654
9,58,4.439680e-02,45.00000,35.00000,575
9,59,4.487915e-02,35.00000,36.00000,576
9,60,3.811770e-02,55.00000,30.00000,2100
9,61,4.407965e-02,43.00000,36.00000,593
9,62,4.032832e-02,54.00000,30.00000,728
9,63,4.173544e-02,48.00000,35.00000,614
9,64,4.137829e-02,54.00000,30.00000,623
9,65,3.811484e-02,51.00000,30.00000,614
9,66,4.622146e-02,41.00000,36.00000,581
9,67,4.355424e-02,40.00000,36.00000,554
9,68,3.994841e-02,41.00000,36.00000,626
9,69,3.689171e-02,57.00000,30.00000,630
9,70,3.743457e-02,49.00000,30.00000,625
9,71,3.856727e-02,49.00000,30.00000,593
10,0,4.319540e-02,41.00000,35.00000,9092
10,1,3.794495e-02,53.00000,30.00000,1118
10,2,3.966635e-02,49.00000,30.00000,1272
10,3,4.168633e-02,43.00000,35.00000,702
10,4,3.742492e-02,52.00000,30.00000,1521
10,5,3.699722e-02,49.00000,30.00000,701
10,6,3.645197e-02,56.00000,30.00000,680
10,7,4.090664e-02,30.00000,36.00000,639
10,8,4.360616e-02,53.00000,30.00000,683
10,9,4.168272e-02,38.00000,35.00000,736
10,10,3.635129e-02,48.00000,35.00000,8212
10,11,3.995545e-02,53.00000,30.00000,3956
10,12,3.888820e-02,51.00000,30.00000,665
10,13,3.697825e-02,54.00000,30.00000,648
10,14,4.160945e-02,44.00000,35.00000,783
10,15,3.642223e-02,53.00000,30.00000,658
10,16,3.749865e-02,54.00000,30.00000,672
10,17,4.449813e-02,49.00000,30.00000,717
10,18,3.864024e-02,52.00000,30.00000,713
10,19,4.102273e-02,30.00000,36.00000,769
10,20,3.940307e-02,57.00000,30.00000,7694
10,21,4.348395e-02,53.00000,30.00000,6590
10,22,3.841065e-02,54.00000,30.00000,722
10,23,4.111827e-02,43.00000,35.00000,699
10,24,4.251607e-02,48.00000,35.00000,629
10,25,4.083912e-02,35.00000,36.00000,700
10,26,3.773399e-02,54.00000,30.00000,644
10,27,4.025986e-02,53.00000,30.00000,696
10,28,4.097513e-02,41.00000,35.00000,702
10,29,3.870103e-02,57.00000,30.00000,727
10,30,4.075421e-02,36.00000,36.00000,5837
10,31,3.752314e-02,56.00000,30.00000,5236
10,32,4.030719e-02,44.00000,35.00000,698
10,33,3.986843e-02,49.00000,35.00000,673
10,34,4.386377e-02,49.00000,30.00000,612
10,35,3.766509e-02,50.00000,30.00000,727
10,36,3.760436e-02,52.00000,30.00000,727
10,37,3.729251e-02,54.00000,30.00000,741
10,38,4.347214e-02,47.00000,35.00000,700
10,39,3.718106e-02,54.00000,30.00000,653
10,40,3.752296e-02,49.00000,30.00000,6023
10,41,3.889202e-02,43.00000,35.00000,5273
10,42,3.738808e-02,54.00000,30.00000,693
10,43,4.081328e-02,49.00000,30.00000,743
10,44,3.993616e-02,55.00000,30.00000,649
10,45,3.860185e-02,45.00000,35.00000,706
10,46,3.757869e-02,49.00000,30.00000,658
10,47,4.332102e-02,52.00000,30.00000,651
10,48,3.892323e-02,35.00000,36.00000,650
10,49,4.148613e-02,49.00000,35.00000,714
10,50,3.822680e-02,59.00000,30.00000,5950
10,51,3.793520e-02,44.00000,35.00000,4968
10,52,3.950248e-02,49.00000,30.00000,692
10,53,3.920122e-02,55.00000,30.00000,618
10,54,3.732914e-02,55.00000,30.00000,727
10,55,4.220089e-02,53.00000,30.00000,692
10,56,4.178213e-02,47.00000,35.00000,650
10,57,4.075401e-02,42.00000,35.00000,692
10,58,4.229376e-02,36.00000,36.00000,576
10,59,3.782367e-02,54.00000,30.00000,633
10,60,4.785096e-02,38.00000,35.00000,1317
10,61,4.327831e-02,54.00000,30.00000,1648
10,62,4.310434e-02,39.00000,35.00000,588
10,63,4.447787e-02,44.00000,35.00000,585
10,64,4.165679e-02,43.00000,36.00000,632
10,65,4.446096e-02,43.00000,35.00000,599
10,66,4.321800e-02,49.00000,30.00000,602
10,67,4.063478e-02,47.00000,35.00000,613
10,68,4.516942e-02,38.00000,36.00000,577
10,69,4.499112e-02,35.00000,36.00000,630
10,70,4.265749e-02,46.00000,35.00000,596
10,71,3.928920e-02,52.00000,30.00000,600
11,0,4.435920e-02,49.00000,30.00000,8292
11,1,4.317854e-02,42.00000,35.00000,605
11,2,4.355977e-02,53.00000,30.00000,717
11,3,4.003094e-02,45.00000,35.00000,628
11,4,4.005680e-02,57.00000,30.00000,705
11,5,4.394274e-02,42.00000,36.00000,628
11,6,3.732193e-02,52.00000,30.00000,754
11,7,3.864059e-02,48.00000,35.00000,764
11,8,4.146302e-02,42.00000,35.00000,853
11,9,4.665075e-02,48.00000,35.00000,665
11,10,4.165276e-02,46.00000,35.00000,9837
11,11,3.856431e-02,52.00000,30.00000,735
11,12,4.224225e-02,49.00000,30.00000,638
11,13,4.034116e-02,49.00000,30.00000,678
11,14,4.077521e-02,49.00000,30.00000,728
11,15,4.099042e-02,39.00000,36.00000,619
11,16,4.436928e-02,39.00000,35.00000,758
11,17,4.021693e-02,50.00000,35.00000,655
11,18,3.705829e-02,56.00000,30.00000,691
11,19,3.945419e-02,58.00000,30.00000,824
11,20,4.898983e-02,34.00000,36.00000,8354
11,21,4.467931e-02,57.00000,30.00000,674
11,22,4.685371e-02,37.00000,35.00000,1686
11,23,4.780629e-02,35.00000,36.00000,668
11,24,4.274084e-02,47.00000,35.00000,646
11,25,4.431361e-02,30.00000,40.00000,793
11,26,4.228329e-02,58.00000,30.00000,658
11,27,5.097571e-02,35.00000,36.00000,568
11,28,4.199227e-02,43.00000,36.00000,736
11,29,3.884998e-02,43.00000,36.00000,623
11,30,4.301617e-02,50.00000,35.00000,7255
11,31,4.183245e-02,43.00000,36.00000,685
11,32,4.843276e-02,25.00000,36.00000,3482
11,33,3.967269e-02,54.00000,30.00000,660
11,34,4.443791e-02,37.00000,36.00000,752
11,35,4.296232e-02,39.00000,36.00000,621
11,36,4.192976e-02,42.00000,35.00000,652
11,37,4.563924e-02,48.00000,35.00000,657
11,38,5.241813e-02,40.00000,36.00000,700
11,39,4.418806e-02,49.00000,30.00000,722
11,40,4.258760e-02,45.00000,35.00000,5708
11,41,4.015268e-02,55.00000,30.00000,710
11,42,4.233856e-02,47.00000,35.00000,6840
11,43,4.032876e-02,55.00000,30.00000,673
11,44,4.503395e-02,30.00000,40.00000,650
11,45,4.201927e-02,43.00000,36.00000,746
11,46,4.178328e-02,47.00000,35.00000,696
11,47,4.228469e-02,42.00000,35.00000,716
11,48,4.329432e-02,56.00000,30.00000,684
11,49,4.457519e-02,46.00000,35.00000,699
11,50,3.952727e-02,57.00000,30.00000,3971
11,51,4.249410e-02,50.00000,30.00000,778
11,52,3.863951e-02,46.00000,35.00000,7853
11,53,4.397308e-02,30.00000,36.00000,714
11,54,4.507256e-02,40.00000,36.00000,620
11,55,4.518332e-02,35.00000,36.00000,690
11,56,4.361865e-02,55.00000,30.00000,720
11,57,4.857256e-02,45.00000,36.00000,585
11,58,4.271545e-02,55.00000,30.00000,675
11,59,4.877775e-02,41.00000,35.00000,552
11,60,3.958516e-02,53.00000,30.00000,617
11,61,4.654405e-02,42.00000,35.00000,637
11,62,4.098556e-02,54.00000,30.00000,1929
11,63,4.375592e-02,49.00000,30.00000,617
11,64,4.206439e-02,49.00000,30.00000,590
11,65,4.194296e-02,45.00000,35.00000,633
11,66,4.532337e-02,35.00000,36.00000,606
11,67,4.310404e-02,49.00000,30.00000,612
11,68,4.408906e-02,46.00000,35.00000,596
11,69,4.214004e-02,45.00000,35.00000,616
11,70,4.151598e-02,50.00000,30.00000,603
11,71,4.890544e-02,35.00000,36.00000,621
12,0,4.044499e-02,49.00000,30.00000,10828
12,1,4.079981e-02,49.00000,30.00000,4319
12,2,4.364937e-02,40.00000,35.00000,608
12,3,3.970526e-02,46.00000,35.00000,745
12,4,4.114845e-02,55.00000,30.00000,674
12,5,3.839798e-02,56.00000,30.00000,757
12,6,3.972135e-02,58.00000,30.00000,696
12,7,4.202496e-02,49.00000,30.00000,711
12,8,4.145599e-02,57.00000,30.00000,718
12,9,4.421201e-02,51.00000,30.00000,680
12,10,4.401173e-02,45.00000,35.00000,6724
12,11,4.194756e-02,47.00000,36.00000,3271
12,12,4.579813e-02,49.00000,30.00000,1153
12,13,4.776974e-02,38.00000,35.00000,2177
12,14,4.546649e-02,42.00000,35.00000,664
12,15,4.673405e-02,49.00000,30.00000,645
12,16,4.044601e-02,49.00000,35.00000,713
12,17,4.640962e-02,31.00000,36.00000,666
12,18,4.743224e-02,56.00000,30.00000,770
12,19,4.316742e-02,49.00000,30.00000,752
12,20,4.573235e-02,47.00000,35.00000,5662
12,21,4.381006e-02,41.00000,35.00000,4450
12,22,4.628517e-02,42.00000,35.00000,1027
12,23,4.483897e-02,35.00000,36.00000,910
12,24,4.520021e-02,43.00000,35.00000,716
12,25,4.441799e-02,38.00000,40.00000,691
12,26,4.291632e-02,47.00000,35.00000,598
12,27,4.573661e-02,39.00000,36.00000,757
12,28,4.499106e-02,52.00000,30.00000,636
12,29,4.339697e-02,49.00000,30.00000,702
12,30,4.473986e-02,44.00000,35.00000,4782
12,31,4.202649e-02,47.00000,35.00000,4823
12,32,4.206193e-02,54.00000,30.00000,3741
12,33,4.468464e-02,31.00000,36.00000,679
12,34,4.170665e-02,37.00000,36.00000,692
12,35,4.447972e-02,52.00000,30.00000,621
12,36,4.673882e-02,50.00000,35.00000,734
12,37,4.347899e-02,44.00000,35.00000,681
12,38,4.389418e-02,57.00000,30.00000,688
12,39,4.126582e-02,49.00000,30.00000,719
12,40,4.670324e-02,38.00000,35.00000,792
12,41,4.229441e-02,46.00000,35.00000,5162
12,42,4.813841e-02,42.00000,36.00000,6488
12,43,4.343156e-02,58.00000,30.00000,710
12,44,4.372371e-02,55.00000,30.00000,670
12,45,4.570433e-02,37.00000,36.00000,657
12,46,4.571879e-02,48.00000,35.00000,652
12,47,4.635196e-02,58.00000,30.00000,626
12,48,4.869407e-02,43.00000,35.00000,677
12,49,4.751089e-02,40.00000,40.00000,673
12,50,4.888979e-02,40.00000,35.00000,697
12,51,4.127074e-02,47.00000,35.00000,3416
12,52,4.566356e-02,51.00000,30.00000,9274
12,53,4.648115e-02,49.00000,30.00000,826
12,54,4.573945e-02,36.00000,35.00000,617
12,55,4.374989e-02,57.00000,30.00000,630
12,56,5.267214e-02,35.00000,36.00000,544
12,57,4.448970e-02,43.00000,35.00000,647
12,58,4.630740e-02,58.00000,30.00000,632
12,59,4.242974e-02,49.00000,30.00000,630
12,60,4.614076e-02,50.00000,35.00000,618
12,61,4.850361e-02,36.00000,36.00000,590
12,62,4.926078e-02,39.00000,36.00000,595
12,63,4.999854e-02,25.00000,36.00000,604
12,64,4.493717e-02,54.00000,30.00000,615
12,65,4.458439e-02,54.00000,30.00000,605
12,66,4.337540e-02,59.00000,30.00000,643
12,67,4.848802e-02,35.00000,40.00000,589
12,68,4.456487e-02,52.00000,30.00000,600
12,69,4.688291e-02,41.00000,35.00000,608
12,70,4.267385e-02,45.00000,35.00000,630
12,71,4.249334e-02,49.00000,30.00000,618
13,0,4.134764e-02,59.00000,30.00000,2851
13,1,4.417520e-02,41.00000,36.00000,1326
13,2,4.503332e-02,49.00000,30.00000,676
13,3,4.446137e-02,49.00000,30.00000,641
13,4,4.350533e-02,49.00000,30.00000,675
13,5,4.461298e-02,57.00000,30.00000,728
13,6,4.095972e-02,57.00000,30.00000,749
13,7,4.647623e-02,43.00000,35.00000,678
13,8,4.648346e-02,41.00000,35.00000,695
13,9,4.829603e-02,35.00000,40.00000,597
13,10,4.927323e-02,33.00000,40.00000,770
13,11,5.014140e-02,36.00000,36.00000,1057
13,12,4.583371e-02,48.00000,35.00000,660
13,13,4.679560e-02,49.00000,30.00000,614
13,14,4.812868e-02,41.00000,36.00000,647
13,15,4.995115e-02,41.00000,35.00000,691
13,16,4.781934e-02,46.00000,35.00000,646
13,17,4.485259e-02,47.00000,35.00000,692
13,18,4.570087e-02,46.00000,35.00000,631
13,19,4.443385e-02,49.00000,35.00000,777
13,20,4.995893e-02,30.00000,36.00000,4504
13,21,4.451624e-02,52.00000,30.00000,1194
13,22,4.123055e-02,53.00000,30.00000,744
13,23,4.931862e-02,37.00000,35.00000,695
13,24,4.638810e-02,53.00000,30.00000,689
13,25,4.954192e-02,37.00000,35.00000,589
13,26,4.548044e-02,53.00000,30.00000,672
13,27,4.951019e-02,41.00000,35.00000,619
13,28,5.038794e-02,25.00000,36.00000,666
13,29,4.639311e-02,44.00000,35.00000,702
13,30,4.753144e-02,39.00000,36.00000,7704
13,31,4.663353e-02,43.00000,35.00000,686
13,32,4.744324e-02,37.00000,40.00000,700
13,33,4.527495e-02,44.00000,35.00000,629
13,34,4.983949e-02,51.00000,35.00000,655
13,35,4.717380e-02,33.00000,40.00000,689
13,36,4.686737e-02,46.00000,35.00000,659
13,37,4.928541e-02,37.00000,36.00000,675
13,38,5.069910e-02,49.00000,30.00000,626
13,39,4.562575e-02,53.00000,30.00000,706
13,40,4.659682e-02,51.00000,35.00000,6954
13,41,4.881852e-02,42.00000,35.00000,628
13,42,4.990374e-02,51.00000,35.00000,716
13,43,4.898479e-02,52.00000,30.00000,628
13,44,5.051738e-02,52.00000,30.00000,720
13,45,4.614200e-02,45.00000,35.00000,633
13,46,5.268403e-02,25.00000,36.00000,705
13,47,4.832834e-02,54.00000,30.00000,713
13,48,4.907270e-02,52.00000,30.00000,658
13,49,4.526740e-02,52.00000,30.00000,751
13,50,4.943935e-02,30.00000,36.00000,3160
13,51,4.687728e-02,49.00000,30.00000,684
13,52,4.696721e-02,58.00000,30.00000,708
13,53,4.251693e-02,53.00000,30.00000,849
13,54,5.030596e-02,25.00000,36.00000,619
13,55,4.968541e-02,44.00000,35.00000,630
13,56,4.980185e-02,52.00000,30.00000,690
13,57,4.759648e-02,57.00000,30.00000,676
13,58,4.944474e-02,45.00000,35.00000,627
13,59,4.599287e-02,57.00000,30.00000,671
13,60,4.776501e-02,43.00000,35.00000,628
13,61,5.014037e-02,43.00000,35.00000,588
13,62,4.972838e-02,42.00000,35.00000,590
13,63,4.713186e-02,50.00000,35.00000,620
13,64,5.407525e-02,36.00000,36.00000,571
13,65,5.162434e-02,44.00000,35.00000,594
13,66,5.343643e-02,30.00000,40.00000,572
13,67,4.848339e-02,56.00000,30.00000,615
13,68,4.957685e-02,52.00000,30.00000,601
13,69,5.112805e-02,30.00000,36.00000,610
13,70,4.882771e-02,49.00000,30.00000,608
13,71,4.620996e-02,56.00000,30.00000,646
14,0,5.164526e-02,53.00000,30.00000,12726
14,1,4.465171e-02,54.00000,30.00000,1527
14,2,4.538820e-02,58.00000,30.00000,721
14,3,4.812502e-02,48.00000,35.00000,774
14,4,4.812029e-02,54.00000,30.00000,692
14,5,4.816777e-02,49.00000,30.00000,656
14,6,4.877266e-02,43.00000,35.00000,666
14,7,4.979492e-02,54.00000,30.00000,657
14,8,4.820331e-02,37.00000,36.00000,713
14,9,5.153297e-02,54.00000,30.00000,694
14,10,5.284688e-02,42.00000,35.00000,10940
14,11,5.376950e-02,35.00000,36.00000,1046
14,12,4.791720e-02,53.00000,30.00000,636
14,13,5.560704e-02,25.00000,36.00000,673
14,14,5.122484e-02,48.00000,35.00000,682
14,15,5.069609e-02,41.00000,35.00000,616
14,16,5.183948e-02,49.00000,30.00000,603
14,17,4.971192e-02,47.00000,35.00000,778
14,18,5.075806e-02,43.00000,35.00000,615
14,19,4.834805e-02,44.00000,36.00000,733
14,20,5.042683e-02,49.00000,30.00000,12338
14,21,5.450663e-02,48.00000,35.00000,615
14,22,5.366793e-02,36.00000,40.00000,649
14,23,4.910560e-02,59.00000,30.00000,754
14,24,5.355554e-02,54.00000,30.00000,609
14,25,5.086149e-02,43.00000,36.00000,717
14,26,5.350488e-02,40.00000,36.00000,603
14,27,5.018555e-02,41.00000,36.00000,684
14,28,5.101109e-02,48.00000,35.00000,707
14,29,5.296706e-02,54.00000,30.00000,732
14,30,5.582260e-02,45.00000,35.00000,10146
14,31,5.293989e-02,45.00000,35.00000,704
14,32,5.384724e-02,35.00000,36.00000,576
14,33,4.840933e-02,55.00000,30.00000,677
14,34,5.529326e-02,42.00000,36.00000,659
14,35,5.495591e-02,49.00000,30.00000,709
14,36,5.405471e-02,37.00000,36.00000,618
14,37,5.407044e-02,49.00000,30.00000,704
14,38,5.033654e-02,55.00000,30.00000,626
14,39,5.009209e-02,35.00000,36.00000,774
14,40,5.114377e-02,55.00000,30.00000,10625
14,41,5.664397e-02,38.00000,35.00000,668
14,42,5.353048e-02,43.00000,35.00000,669
14,43,5.137298e-02,40.00000,36.00000,654
14,44,5.200207e-02,42.00000,36.00000,656
14,45,5.637901e-02,45.00000,35.00000,618
14,46,5.951160e-02,38.00000,35.00000,667
14,47,5.365606e-02,44.00000,35.00000,677
14,48,5.728972e-02,40.00000,35.00000,593
14,49,5.630311e-02,49.00000,30.00000,713
14,50,5.507211e-02,41.00000,35.00000,9206
14,51,5.511302e-02,47.00000,35.00000,644
14,52,5.126171e-02,43.00000,35.00000,696
14,53,5.494000e-02,36.00000,40.00000,694
14,54,5.784164e-02,31.00000,36.00000,610
14,55,5.582485e-02,54.00000,30.00000,685
14,56,4.964758e-02,55.00000,30.00000,647
14,57,5.636131e-02,41.00000,36.00000,636
14,58,5.006036e-02,50.00000,35.00000,626
14,59,5.100012e-02,51.00000,35.00000,653
14,60,5.382701e-02,47.00000,35.00000,3918
14,61,5.132355e-02,49.00000,30.00000,604
14,62,5.627318e-02,50.00000,35.00000,614
14,63,5.753474e-02,46.00000,36.00000,611
14,64,5.391316e-02,44.00000,35.00000,612
14,65,5.185537e-02,54.00000,30.00000,613
14,66,5.451787e-02,42.00000,36.00000,588
14,67,5.293180e-02,49.00000,30.00000,615
14,68,5.585407e-02,44.00000,35.00000,597
14,69,5.134826e-02,49.00000,30.00000,621
14,70,5.520093e-02,45.00000,35.00000,578
14,71,5.560067e-02,37.00000,36.00000,603
15,0,5.209403e-02,43.00000,35.00000,4513
15,1,5.509581e-02,46.00000,35.00000,653
15,2,5.397236e-02,42.00000,35.00000,714
15,3,4.988418e-02,46.00000,35.00000,677
15,4,5.332796e-02,40.00000,36.00000,705
15,5,5.871413e-02,37.00000,36.00000,687
15,6,5.653003e-02,53.00000,30.00000,670
15,7,5.474883e-02,42.00000,35.00000,634
15,8,5.774157e-02,48.00000,35.00000,603
15,9,5.103933e-02,52.00000,30.00000,694
15,10,5.354108e-02,58.00000,30.00000,2868
15,11,5.822488e-02,47.00000,35.00000,772
15,12,5.109024e-02,49.00000,30.00000,639
15,13,5.246021e-02,47.00000,35.00000,662
15,14,4.883041e-02,54.00000,30.00000,753
15,15,5.345124e-02,57.00000,30.00000,647
15,16,5.849283e-02,25.00000,36.00000,745
15,17,5.281083e-02,44.00000,35.00000,635
15,18,5.291221e-02,51.00000,30.00000,615
15,19,5.610784e-02,34.00000,36.00000,717
15,20,5.678967e-02,45.00000,35.00000,2138
15,21,5.596787e-02,49.00000,30.00000,602
15,22,5.785763e-02,45.00000,35.00000,680
15,23,5.186169e-02,40.00000,36.00000,665
15,24,5.274222e-02,53.00000,30.00000,702
15,25,5.631842e-02,40.00000,36.00000,745
15,26,5.272668e-02,43.00000,36.00000,689
15,27,5.200157e-02,53.00000,30.00000,723
15,28,5.468214e-02,55.00000,30.00000,658
15,29,5.287962e-02,53.00000,30.00000,641
15,30,5.440853e-02,35.00000,36.00000,611
15,31,5.374164e-02,42.00000,35.00000,737
15,32,5.158032e-02,54.00000,30.00000,1392
15,33,5.713425e-02,49.00000,30.00000,635
15,34,5.274721e-02,56.00000,30.00000,694
15,35,5.209173e-02,49.00000,35.00000,713
15,36,5.075306e-02,55.00000,30.00000,677
15,37,5.794287e-02,39.00000,36.00000,608
15,38,6.006655e-02,31.00000,36.00000,737
15,39,5.835817e-02,49.00000,30.00000,627
15,40,5.427772e-02,44.00000,35.00000,672
15,41,5.531178e-02,46.00000,35.00000,656
15,42,5.430897e-02,46.00000,35.00000,672
15,43,5.214569e-02,49.00000,30.00000,666
15,44,5.506766e-02,41.00000,35.00000,650
15,45,5.746388e-02,38.00000,35.00000,703
15,46,5.975618e-02,37.00000,36.00000,659
15,47,6.017020e-02,45.00000,35.00000,674
15,48,5.983593e-02,38.00000,35.00000,560
15,49,5.473491e-02,46.00000,35.00000,722
15,50,5.988743e-02,39.00000,40.00000,641
15,51,5.236251e-02,49.00000,30.00000,705
15,52,5.697337e-02,54.00000,30.00000,658
15,53,5.896467e-02,45.00000,35.00000,709
15,54,5.147404e-02,55.00000,30.00000,674
15,55,5.425169e-02,51.00000,30.00000,660
15,56,5.392395e-02,49.00000,30.00000,685
15,57,5.700191e-02,43.00000,36.00000,656
15,58,5.640653e-02,43.00000,36.00000,645
15,59,6.019032e-02,31.00000,36.00000,619
15,60,5.955161e-02,44.00000,35.00000,620
15,61,5.433603e-02,55.00000,30.00000,636
15,62,6.029515e-02,37.00000,35.00000,574
15,63,6.019554e-02,47.00000,35.00000,584
15,64,5.590498e-02,46.00000,35.00000,612
15,65,5.707637e-02,48.00000,35.00000,597
15,66,6.315371e-02,31.00000,36.00000,569
15,67,5.742926e-02,43.00000,36.00000,579
15,68,6.191618e-02,38.00000,35.00000,580
15,69,5.817826e-02,46.00000,35.00000,597
15,70,5.897969e-02,43.00000,35.00000,591
15,71,5.656198e-02,47.00000,35.00000,591
16,0,5.483817e-02,42.00000,35.00000,4488
16,1,5.611224e-02,54.00000,30.00000,718
16,2,5.983027e-02,56.00000,30.00000,656
16,3,5.895359e-02,37.00000,36.00000,767
16,4,6.052478e-02,40.00000,36.00000,700
16,5,6.188096e-02,54.00000,30.00000,696
16,6,5.573682e-02,43.00000,35.00000,660
16,7,6.058878e-02,42.00000,36.00000,597
16,8,5.872430e-02,53.00000,30.00000,730
16,9,5.179529e-02,55.00000,30.00000,710
16,10,6.010276e-02,53.00000,30.00000,1877
16,11,5.876158e-02,43.00000,36.00000,688
16,12,5.858180e-02,43.00000,35.00000,680
16,13,5.479484e-02,38.00000,40.00000,714
16,14,5.716626e-02,54.00000,30.00000,768
16,15,6.000405e-02,54.00000,30.00000,620
16,16,5.325690e-02,49.00000,30.00000,709
16,17,5.889094e-02,36.00000,40.00000,672
16,18,5.464999e-02,54.00000,30.00000,779
16,19,5.491104e-02,53.00000,30.00000,675
16,20,5.587074e-02,54.00000,30.00000,4304
16,21,5.642280e-02,38.00000,35.00000,1734
16,22,5.576632e-02,49.00000,30.00000,685
16,23,5.617218e-02,49.00000,30.00000,715
16,24,5.605639e-02,52.00000,30.00000,707
16,25,5.384088e-02,54.00000,30.00000,742
16,26,5.895385e-02,54.00000,30.00000,632
16,27,5.646234e-02,43.00000,35.00000,780
16,28,5.435712e-02,48.00000,35.00000,676
16,29,5.295794e-02,52.00000,30.00000,717
16,30,6.003754e-02,50.00000,35.00000,4881
16,31,6.183673e-02,53.00000,30.00000,1277
16,32,6.420389e-02,35.00000,36.00000,703
16,33,6.031069e-02,49.00000,30.00000,679
16,34,5.755472e-02,49.00000,30.00000,632
16,35,6.125795e-02,41.00000,36.00000,683
16,36,5.611204e-02,46.00000,35.00000,663
16,37,5.664408e-02,49.00000,35.00000,748
16,38,5.784041e-02,51.00000,30.00000,663
16,39,5.880861e-02,33.00000,40.00000,773
16,40,6.578207e-02,37.00000,36.00000,7389
16,41,6.181797e-02,42.00000,36.00000,654
16,42,6.158107e-02,57.00000,30.00000,723
16,43,6.167012e-02,30.00000,36.00000,702
16,44,6.547101e-02,39.00000,40.00000,642
16,45,6.559088e-02,37.00000,36.00000,663
16,46,6.059227e-02,41.00000,36.00000,733
16,47,6.223287e-02,43.00000,35.00000,746
16,48,6.536053e-02,42.00000,35.00000,609
16,49,6.380402e-02,55.00000,30.00000,691
16,50,5.565254e-02,49.00000,30.00000,10521
16,51,5.896897e-02,49.00000,30.00000,696
16,52,5.917608e-02,49.00000,30.00000,645
16,53,5.779466e-02,39.00000,35.00000,737
16,54,5.789053e-02,49.00000,30.00000,630
16,55,5.366085e-02,53.00000,30.00000,675
16,56,5.708541e-02,52.00000,30.00000,654
16,57,5.679645e-02,49.00000,30.00000,671
16,58,6.102756e-02,40.00000,35.00000,625
16,59,5.558570e-02,55.00000,30.00000,632
16,60,5.644698e-02,49.00000,30.00000,3591
16,61,5.930336e-02,52.00000,30.00000,610
16,62,5.765040e-02,54.00000,30.00000,638
16,63,5.343882e-02,57.00000,30.00000,646
16,64,6.094522e-02,52.00000,30.00000,603
16,65,6.014705e-02,41.00000,36.00000,634
16,66,5.904480e-02,49.00000,30.00000,610
16,67,7.130369e-02,35.00000,36.00000,591
16,68,6.185119e-02,45.00000,35.00000,620
16,69,6.471900e-02,43.00000,35.00000,587
16,70,6.249581e-02,52.00000,30.00000,613
16,71,6.132717e-02,40.00000,36.00000,607
17,0,5.872805e-02,53.00000,30.00000,2039
17,1,5.760408e-02,49.00000,30.00000,723
17,2,5.671566e-02,47.00000,35.00000,728
17,3,6.259543e-02,55.00000,30.00000,659
17,4,5.896934e-02,53.00000,30.00000,724
17,5,6.453412e-02,53.00000,30.00000,637
17,6,6.419965e-02,43.00000,35.00000,701
17,7,6.133404e-02,46.00000,35.00000,671
17,8,6.245431e-02,35.00000,36.00000,705
17,9,5.794499e-02,37.00000,36.00000,676
17,10,6.572720e-02,46.00000,35.00000,7436
17,11,5.795971e-02,58.00000,30.00000,688
17,12,5.993760e-02,54.00000,30.00000,682
17,13,5.634771e-02,52.00000,30.00000,732
17,14,6.111012e-02,42.00000,35.00000,710
17,15,6.223856e-02,44.00000,35.00000,649
17,16,6.021488e-02,41.00000,36.00000,773
17,17,6.467211e-02,49.00000,30.00000,695
17,18,5.888456e-02,52.00000,30.00000,729
17,19,5.757773e-02,57.00000,30.00000,677
17,20,7.167640e-02,30.00000,36.00000,12514
17,21,6.604660e-02,37.00000,36.00000,717
17,22,6.495278e-02,35.00000,36.00000,635
17,23,6.723362e-02,49.00000,35.00000,643
17,24,6.214231e-02,54.00000,30.00000,671
17,25,6.927744e-02,47.00000,35.00000,671
17,26,6.300899e-02,44.00000,35.00000,685
17,27,6.523497e-02,41.00000,36.00000,662
17,28,7.063935e-02,40.00000,36.00000,755
17,29,6.652915e-02,41.00000,36.00000,670
17,30,6.466886e-02,49.00000,30.00000,11959
17,31,6.105527e-02,37.00000,36.00000,640
17,32,5.933671e-02,54.00000,30.00000,746
17,33,6.688270e-02,43.00000,35.00000,614
17,34,6.340011e-02,57.00000,30.00000,692
17,35,6.844380e-02,49.00000,30.00000,643
17,36,6.127318e-02,49.00000,30.00000,733
17,37,6.145661e-02,36.00000,36.00000,682
17,38,6.334617e-02,38.00000,35.00000,702
17,39,6.169054e-02,39.00000,36.00000,705
17,40,6.484084e-02,42.00000,35.00000,12333
17,41,6.588186e-02,39.00000,36.00000,724
17,42,6.111189e-02,49.00000,30.00000,692
17,43,6.109551e-02,59.00000,30.00000,697
17,44,6.064013e-02,54.00000,30.00000,610
17,45,6.393417e-02,49.00000,30.00000,790
17,46,6.912064e-02,37.00000,35.00000,625
17,47,6.540921e-02,42.00000,35.00000,658
17,48,6.722359e-02,42.00000,35.00000,638
17,49,6.083713e-02,45.00000,35.00000,775
17,50,6.272400e-02,45.00000,35.00000,8275
17,51,6.529500e-02,39.00000,35.00000,691
17,52,6.142835e-02,53.00000,30.00000,667
17,53,6.336534e-02,49.00000,30.00000,632
17,54,6.204531e-02,49.00000,30.00000,722
17,55,6.708262e-02,48.00000,35.00000,679
17,56,6.371457e-02,49.00000,30.00000,683
17,57,6.225657e-02,46.00000,35.00000,674
17,58,6.426464e-02,37.00000,35.00000,678
17,59,6.292076e-02,45.00000,35.00000,652
17,60,7.065994e-02,25.00000,36.00000,2949
17,61,6.693485e-02,49.00000,30.00000,596
17,62,6.805789e-02,41.00000,35.00000,593
17,63,6.148978e-02,44.00000,35.00000,624
17,64,6.521790e-02,58.00000,30.00000,623
17,65,6.268664e-02,49.00000,30.00000,604
17,66,6.705607e-02,40.00000,36.00000,589
17,67,6.053934e-02,49.00000,30.00000,625
17,68,6.051601e-02,54.00000,30.00000,615
17,69,6.897966e-02,35.00000,36.00000,594
17,70,7.116983e-02,40.00000,35.00000,613
17,71,7.202539e-02,31.00000,36.00000,600
18,0,6.626751e-02,35.00000,36.00000,10445
18,1,6.413820e-02,35.00000,36.00000,747
18,2,7.387938e-02,40.00000,36.00000,653
18,3,6.640679e-02,49.00000,30.00000,965
18,4,6.529889e-02,53.00000,30.00000,722
18,5,6.761962e-02,46.00000,35.00000,637
18,6,6.774938e-02,45.00000,35.00000,723
18,7,6.295837e-02,57.00000,30.00000,724
18,8,6.488444e-02,51.00000,30.00000,716
18,9,6.362549e-02,49.00000,30.00000,664
18,10,6.195770e-02,54.00000,30.00000,5157
18,11,6.300663e-02,49.00000,30.00000,11122
18,12,6.147024e-02,49.00000,30.00000,716
18,13,6.964459e-02,49.00000,30.00000,660
18,14,6.656992e-02,49.00000,30.00000,711
18,15,6.186486e-02,54.00000,30.00000,750
18,16,6.279521e-02,57.00000,30.00000,740
18,17,6.381215e-02,48.00000,35.00000,675
18,18,6.348296e-02,48.00000,35.00000,710
18,19,6.163322e-02,37.00000,36.00000,780
18,20,6.376931e-02,49.00000,30.00000,704
18,21,6.674477e-02,38.00000,40.00000,10435
18,22,6.653529e-02,49.00000,30.00000,692
18,23,6.566838e-02,44.00000,35.00000,666
18,24,7.202283e-02,30.00000,36.00000,624
18,25,6.722786e-02,44.00000,35.00000,606
18,26,6.696080e-02,40.00000,35.00000,700
18,27,6.347526e-02,57.00000,30.00000,717
18,28,6.459658e-02,57.00000,30.00000,738
18,29,7.491621e-02,38.00000,35.00000,681
18,30,7.181407e-02,30.00000,36.00000,736
18,31,6.949704e-02,48.00000,35.00000,11824
18,32,6.865871e-02,53.00000,30.00000,686
18,33,6.835879e-02,44.00000,40.00000,640
18,34,6.522082e-02,50.00000,30.00000,645
18,35,6.497579e-02,47.00000,35.00000,680
18,36,6.903791e-02,54.00000,30.00000,657
18,37,6.840074e-02,49.00000,30.00000,625
18,38,7.190435e-02,31.00000,36.00000,747
18,39,6.650294e-02,53.00000,30.00000,633
18,40,6.767775e-02,44.00000,35.00000,839
18,41,6.862067e-02,43.00000,35.00000,11896
18,42,7.015985e-02,35.00000,36.00000,593
18,43,7.011554e-02,42.00000,36.00000,662
18,44,7.543904e-02,36.00000,36.00000,623
18,45,7.335643e-02,37.00000,35.00000,677
18,46,7.029746e-02,38.00000,35.00000,644
18,47,7.441825e-02,44.00000,35.00000,646
18,48,7.411162e-02,37.00000,36.00000,586
18,49,7.039714e-02,43.00000,35.00000,728
18,50,6.950788e-02,46.00000,35.00000,619
18,51,7.191839e-02,52.00000,30.00000,8348
18,52,6.931514e-02,47.00000,36.00000,674
18,53,7.097051e-02,46.00000,35.00000,664
18,54,6.994371e-02,41.00000,36.00000,596
18,55,6.627379e-02,46.00000,35.00000,680
18,56,7.663307e-02,43.00000,35.00000,624
18,57,7.827063e-02,39.00000,36.00000,560
18,58,6.892799e-02,36.00000,36.00000,604
18,59,6.907733e-02,45.00000,35.00000,598
18,60,7.196595e-02,43.00000,35.00000,632
18,61,6.826007e-02,49.00000,30.00000,2385
18,62,6.928809e-02,46.00000,35.00000,650
18,63,6.875836e-02,44.00000,35.00000,584
18,64,6.828661e-02,53.00000,30.00000,611
18,65,6.779055e-02,55.00000,30.00000,620
18,66,6.325120e-02,54.00000,30.00000,618
18,67,6.987451e-02,42.00000,35.00000,625
18,68,6.790396e-02,49.00000,30.00000,595
18,69,6.837592e-02,42.00000,35.00000,621
18,70,6.396890e-02,52.00000,30.00000,647
18,71,7.048284e-02,37.00000,35.00000,613
19,0,6.705315e-02,52.00000,30.00000,2742
19,1,7.502040e-02,45.00000,35.00000,642
19,2,7.014874e-02,30.00000,36.00000,638
19,3,6.955127e-02,53.00000,30.00000,687
19,4,7.053874e-02,46.00000,35.00000,668
19,5,7.179564e-02,42.00000,35.00000,657
19,6,7.112994e-02,39.00000,36.00000,697
19,7,7.085338e-02,55.00000,30.00000,656
19,8,7.516696e-02,32.00000,36.00000,711
19,9,6.955651e-02,45.00000,35.00000,640
19,10,7.152591e-02,48.00000,35.00000,4541
19,11,6.657992e-02,47.00000,36.00000,779
19,12,7.056946e-02,55.00000,30.00000,642
19,13,6.967619e-02,59.00000,30.00000,752
19,14,7.111460e-02,38.00000,36.00000,655
19,15,6.728580e-02,55.00000,30.00000,739
19,16,7.309886e-02,43.00000,35.00000,701
19,17,6.992408e-02,46.00000,35.00000,679
19,18,8.260160e-02,25.00000,36.00000,630
19,19,6.813552e-02,55.00000,30.00000,656
19,20,6.909496e-02,58.00000,30.00000,7096
19,21,7.110993e-02,47.00000,35.00000,712
19,22,7.235924e-02,46.00000,35.00000,755
19,23,6.908555e-02,43.00000,35.00000,682
19,24,7.031986e-02,52.00000,30.00000,657
19,25,6.743422e-02,57.00000,30.00000,805
19,26,6.820735e-02,43.00000,35.00000,659
19,27,7.223196e-02,39.00000,35.00000,728
19,28,7.008129e-02,44.00000,35.00000,641
19,29,6.772976e-02,53.00000,30.00000,688
19,30,6.761731e-02,48.00000,35.00000,5777
19,31,6.959494e-02,42.00000,35.00000,5449
19,32,7.658461e-02,45.00000,35.00000,630
19,33,7.190533e-02,49.00000,30.00000,667
19,34,7.437898e-02,37.00000,35.00000,686
19,35,6.800682e-02,41.00000,35.00000,670
19,36,7.375153e-02,40.00000,36.00000,603
19,37,7.193999e-02,42.00000,35.00000,715
19,38,7.155250e-02,49.00000,30.00000,689
19,39,6.947132e-02,49.00000,30.00000,636
19,40,6.628219e-02,45.00000,35.00000,4556
19,41,6.768445e-02,49.00000,30.00000,5034
19,42,6.751949e-02,59.00000,30.00000,663
19,43,6.873227e-02,49.00000,30.00000,780
19,44,6.747694e-02,49.00000,30.00000,617
19,45,6.885460e-02,54.00000,30.00000,775
19,46,6.743902e-02,55.00000,30.00000,697
19,47,6.876877e-02,43.00000,36.00000,679
19,48,7.072210e-02,46.00000,35.00000,661
19,49,6.951568e-02,54.00000,30.00000,826
19,50,7.320078e-02,36.00000,36.00000,4188
19,51,7.059248e-02,49.00000,30.00000,7900
19,52,7.388318e-02,42.00000,36.00000,718
19,53,7.024851e-02,43.00000,35.00000,668
19,54,7.299022e-02,43.00000,35.00000,637
19,55,6.876460e-02,54.00000,30.00000,666
19,56,7.701281e-02,43.00000,35.00000,682
19,57,7.426340e-02,46.00000,35.00000,590
19,58,6.701796e-02,43.00000,35.00000,678
19,59,7.335755e-02,37.00000,35.00000,662
19,60,7.640008e-02,25.00000,36.00000,585
19,61,7.761093e-02,43.00000,35.00000,2645
19,62,7.928631e-02,37.00000,36.00000,564
19,63,6.760421e-02,44.00000,35.00000,624
19,64,7.599642e-02,43.00000,35.00000,573
19,65,7.554708e-02,37.00000,36.00000,589
19,66,7.053803e-02,53.00000,30.00000,613
19,67,7.676958e-02,41.00000,35.00000,569
19,68,7.561588e-02,53.00000,30.00000,616
19,69,7.596094e-02,38.00000,36.00000,592
19,70,7.585661e-02,44.00000,35.00000,590
19,71,7.624371e-02,40.00000,35.00000,574
20,0,7.395628e-02,38.00000,35.00000,3519
20,1,7.250880e-02,61.00000,30.00000,826
20,2,7.384197e-02,45.00000,35.00000,661
20,3,6.617667e-02,47.00000,35.00000,663
20,4,6.973850e-02,49.00000,30.00000,672
20,5,6.963404e-02,52.00000,30.00000,748
20,6,7.078480e-02,41.00000,35.00000,676
20,7,6.702072e-02,51.00000,30.00000,714
20,8,7.117236e-02,42.00000,36.00000,712
20,9,7.392518e-02,54.00000,30.00000,697
20,10,7.521789e-02,39.00000,36.00000,4876
20,11,6.917621e-02,49.00000,30.00000,939
20,12,7.349898e-02,44.00000,35.00000,716
20,13,7.417724e-02,41.00000,35.00000,614
20,14,7.034305e-02,40.00000,35.00000,760
20,15,7.073007e-02,55.00000,30.00000,714
20,16,7.227437e-02,52.00000,30.00000,621
20,17,7.096355e-02,42.00000,35.00000,794
20,18,7.140930e-02,46.00000,35.00000,661
20,19,6.931092e-02,53.00000,30.00000,652
20,20,7.140215e-02,44.00000,35.00000,4594
20,21,7.867037e-02,36.00000,36.00000,3742
20,22,7.675910e-02,44.00000,35.00000,680
20,23,7.515000e-02,40.00000,36.00000,696
20,24,7.392641e-02,46.00000,35.00000,650
20,25,7.538977e-02,45.00000,35.00000,737
20,26,7.901055e-02,43.00000,35.00000,649
20,27,7.787320e-02,57.00000,30.00000,673
20,28,7.078169e-02,51.00000,30.00000,766
20,29,7.400803e-02,48.00000,35.00000,689
20,30,7.115997e-02,45.00000,35.00000,6555
20,31,7.377418e-02,49.00000,30.00000,3266
20,32,7.389520e-02,49.00000,30.00000,709
20,33,7.882237e-02,48.00000,35.00000,683
20,34,7.548688e-02,47.00000,35.00000,678
20,35,7.944688e-02,25.00000,36.00000,698
20,36,7.720856e-02,48.00000,35.00000,646
20,37,7.342640e-02,49.00000,30.00000,791
20,38,7.574090e-02,40.00000,35.00000,674
20,39,7.469275e-02,41.00000,35.00000,657
20,40,8.209785e-02,36.00000,36.00000,3965
20,41,8.312912e-02,40.00000,36.00000,8466
20,42,7.740124e-02,39.00000,36.00000,641
20,43,7.711741e-02,46.00000,36.00000,2239
20,44,7.606222e-02,55.00000,30.00000,632
20,45,8.059568e-02,49.00000,30.00000,610
20,46,7.266913e-02,53.00000,30.00000,689
20,47,7.485315e-02,40.00000,36.00000,589
20,48,7.969716e-02,45.00000,35.00000,723
20,49,7.749870e-02,35.00000,40.00000,592
20,50,7.709227e-02,37.00000,35.00000,826
20,51,7.858293e-02,31.00000,36.00000,9270
20,52,7.788795e-02,49.00000,35.00000,671
20,53,7.703988e-02,49.00000,30.00000,3462
20,54,7.965107e-02,45.00000,35.00000,624
20,55,8.101334e-02,30.00000,36.00000,607
20,56,7.657796e-02,49.00000,30.00000,608
20,57,8.006164e-02,25.00000,36.00000,607
20,58,8.111165e-02,39.00000,35.00000,572
20,59,8.161815e-02,42.00000,36.00000,583
20,60,8.009330e-02,35.00000,36.00000,595
20,61,8.286720e-02,40.00000,35.00000,559
20,62,7.823160e-02,53.00000,30.00000,610
20,63,7.556252e-02,46.00000,36.00000,592
20,64,7.761186e-02,50.00000,35.00000,618
20,65,7.508747e-02,44.00000,35.00000,611
20,66,7.433186e-02,54.00000,30.00000,614
20,67,7.472230e-02,53.00000,30.00000,611
20,68,8.425298e-02,25.00000,36.00000,625
20,69,8.894843e-02,35.00000,36.00000,615
20,70,7.783346e-02,42.00000,35.00000,627
20,71,8.206324e-02,47.00000,35.00000,585
21,0,7.531711e-02,45.00000,35.00000,2704
21,1,7.987227e-02,43.00000,35.00000,1675
21,2,7.542165e-02,44.00000,35.00000,645
21,3,7.929555e-02,36.00000,36.00000,1490
21,4,7.569808e-02,46.00000,35.00000,704
21,5,7.808612e-02,47.00000,35.00000,678
21,6,7.848787e-02,49.00000,30.00000,714
21,7,8.307084e-02,30.00000,40.00000,637
21,8,7.650933e-02,47.00000,35.00000,652
21,9,8.368453e-02,35.00000,36.00000,626
21,10,8.020329e-02,35.00000,36.00000,5553
21,11,8.269836e-02,25.00000,36.00000,628
21,12,7.953467e-02,57.00000,30.00000,651
21,13,8.131340e-02,47.00000,35.00000,3284
21,14,8.320446e-02,30.00000,36.00000,729
21,15,8.106621e-02,43.00000,35.00000,605
21,16,7.955165e-02,41.00000,36.00000,692
21,17,8.041287e-02,41.00000,35.00000,638
21,18,7.744338e-02,43.00000,36.00000,706
21,19,7.911963e-02,46.00000,35.00000,719
21,20,8.540825e-02,37.00000,36.00000,5321
21,21,8.380781e-02,30.00000,36.00000,680
21,22,8.472572e-02,38.00000,35.00000,571
21,23,7.770461e-02,57.00000,30.00000,1539
21,24,7.975326e-02,38.00000,35.00000,720
21,25,9.434290e-02,25.00000,36.00000,670
21,26,8.245727e-02,36.00000,35.00000,723
21,27,8.162147e-02,42.00000,35.00000,708
21,28,7.277827e-02,58.00000,30.00000,660
21,29,8.122700e-02,36.00000,36.00000,626
21,30,7.739222e-02,37.00000,36.00000,1142
21,31,7.712509e-02,36.00000,40.00000,641
21,32,8.050767e-02,40.00000,40.00000,640
21,33,7.886679e-02,55.00000,30.00000,4298
21,34,8.434996e-02,43.00000,35.00000,666
21,35,7.738417e-02,57.00000,30.00000,662
21,36,7.457963e-02,55.00000,30.00000,697
21,37,8.241829e-02,48.00000,35.00000,651
21,38,7.219982e-02,57.00000,30.00000,735
21,39,8.139916e-02,42.00000,35.00000,830
21,40,8.457801e-02,38.00000,36.00000,683
21,41,9.064745e-02,25.00000,36.00000,622
21,42,8.174935e-02,50.00000,35.00000,728
21,43,8.163699e-02,54.00000,30.00000,2363
21,44,7.897723e-02,38.00000,36.00000,688
21,45,8.259763e-02,41.00000,36.00000,614
21,46,8.365463e-02,55.00000,30.00000,673
21,47,7.741259e-02,46.00000,35.00000,704
21,48,7.997865e-02,45.00000,35.00000,1352
21,49,8.507808e-02,55.00000,30.00000,738
21,50,8.640671e-02,40.00000,36.00000,640
21,51,7.920353e-02,47.00000,35.00000,697
21,52,8.316461e-02,49.00000,35.00000,594
21,53,7.575106e-02,49.00000,30.00000,713
21,54,7.794449e-02,46.00000,35.00000,630
21,55,7.533522e-02,46.00000,35.00000,622
21,56,7.680542e-02,53.00000,30.00000,704
21,57,7.653108e-02,49.00000,30.00000,613
21,58,7.924446e-02,39.00000,35.00000,599
21,59,7.885630e-02,48.00000,35.00000,597
21,60,7.908575e-02,52.00000,30.00000,601
21,61,7.835130e-02,57.00000,30.00000,631
21,62,7.983306e-02,49.00000,30.00000,612
21,63,9.104259e-02,31.00000,36.00000,547
21,64,7.759938e-02,51.00000,35.00000,605
21,65,7.820681e-02,54.00000,30.00000,618
21,66,8.054138e-02,44.00000,35.00000,608
21,67,8.318344e-02,41.00000,35.00000,603
21,68,7.675213e-02,48.00000,35.00000,634
21,69,8.105034e-02,39.00000,36.00000,604
21,70,7.459831e-02,53.00000,30.00000,625
21,71,8.030523e-02,34.00000,36.00000,620
22,0,7.703812e-02,40.00000,36.00000,6405
22,1,8.100069e-02,53.00000,30.00000,1188
22,2,8.198196e-02,48.00000,35.00000,744
22,3,7.903768e-02,45.00000,35.00000,621
22,4,8.445861e-02,53.00000,30.00000,698
22,5,8.344652e-02,31.00000,36.00000,613
22,6,8.061253e-02,48.00000,35.00000,752
22,7,7.895990e-02,41.00000,36.00000,683
22,8,8.461305e-02,43.00000,35.00000,698
22,9,8.125434e-02,54.00000,30.00000,740
22,10,8.457108e-02,41.00000,36.00000,12345
22,11,8.015240e-02,49.00000,30.00000,707
22,12,7.954364e-02,49.00000,30.00000,656
22,13,7.911550e-02,43.00000,35.00000,700
22,14,8.098904e-02,49.00000,30.00000,688
22,15,7.638982e-02,49.00000,35.00000,770
22,16,7.559860e-02,45.00000,35.00000,643
22,17,8.600146e-02,31.00000,36.00000,718
22,18,8.402339e-02,47.00000,35.00000,663
22,19,7.784007e-02,47.00000,35.00000,685
22,20,8.227265e-02,41.00000,35.00000,9370
22,21,8.071174e-02,54.00000,30.00000,663
22,22,7.681992e-02,57.00000,30.00000,680
22,23,8.571023e-02,41.00000,36.00000,631
22,24,7.775456e-02,41.00000,35.00000,832
22,25,7.739237e-02,46.00000,35.00000,711
22,26,7.957825e-02,53.00000,30.00000,710
22,27,8.291651e-02,41.00000,40.00000,606
22,28,7.860640e-02,54.00000,30.00000,665
22,29,8.003645e-02,45.00000,35.00000,748
22,30,8.178930e-02,55.00000,30.00000,12432
22,31,8.633356e-02,35.00000,36.00000,676
22,32,8.823101e-02,39.00000,35.00000,623
22,33,8.254011e-02,45.00000,35.00000,676
22,34,7.908952e-02,49.00000,30.00000,645
22,35,8.434932e-02,37.00000,36.00000,669
22,36,8.357227e-02,33.00000,40.00000,645
22,37,8.480971e-02,44.00000,35.00000,677
22,38,8.736738e-02,49.00000,30.00000,663
22,39,8.845215e-02,37.00000,36.00000,709
22,40,8.781569e-02,49.00000,30.00000,10031
22,41,7.799019e-02,55.00000,30.00000,2292
22,42,8.210243e-02,43.00000,35.00000,675
22,43,8.384214e-02,44.00000,35.00000,686
22,44,8.146264e-02,46.00000,35.00000,677
22,45,7.907484e-02,54.00000,30.00000,619
22,46,8.244953e-02,37.00000,35.00000,688
22,47,8.283566e-02,43.00000,35.00000,688
22,48,8.553319e-02,35.00000,36.00000,641
22,49,8.368215e-02,41.00000,35.00000,690
22,50,7.913911e-02,49.00000,30.00000,9180
22,51,8.566354e-02,49.00000,35.00000,2650
22,52,7.992586e-02,54.00000,30.00000,640
22,53,8.548363e-02,49.00000,30.00000,628
22,54,8.111371e-02,45.00000,35.00000,643
22,55,8.296454e-02,47.00000,35.00000,590
22,56,7.990359e-02,44.00000,35.00000,624
22,57,8.011046e-02,49.00000,30.00000,612
22,58,8.416566e-02,25.00000,36.00000,643
22,59,8.484237e-02,49.00000,30.00000,600
22,60,8.368830e-02,36.00000,36.00000,651
22,61,8.360958e-02,45.00000,36.00000,712
22,62,8.907940e-02,44.00000,35.00000,586
22,63,8.201590e-02,38.00000,35.00000,605
22,64,8.194289e-02,49.00000,30.00000,632
22,65,8.209537e-02,58.00000,30.00000,622
22,66,8.976530e-02,35.00000,36.00000,581
22,67,8.235706e-02,53.00000,30.00000,608
22,68,9.082533e-02,36.00000,36.00000,585
22,69,7.987118e-02,49.00000,30.00000,625
22,70,8.497684e-02,47.00000,35.00000,600
22,71,9.133549e-02,31.00000,36.00000,587
23,0,8.427192e-02,41.00000,35.00000,9768
23,1,8.264931e-02,53.00000,30.00000,671
23,2,8.692025e-02,49.00000,30.00000,645
23,3,8.914411e-02,49.00000,30.00000,2701
23,4,8.439931e-02,35.00000,36.00000,746
23,5,8.385394e-02,33.00000,40.00000,679
23,6,8.374524e-02,46.00000,35.00000,698
23,7,8.037463e-02,46.00000,35.00000,702
23,8,8.609814e-02,39.00000,36.00000,614
23,9,8.004502e-02,46.00000,35.00000,676
23,10,8.664255e-02,54.00000,30.00000,8103
23,11,8.351643e-02,44.00000,36.00000,850
23,12,8.830582e-02,43.00000,35.00000,757
23,13,8.941217e-02,49.00000,35.00000,636
23,14,8.846241e-02,44.00000,35.00000,826
23,15,7.926846e-02,53.00000,30.00000,705
23,16,8.474674e-02,46.00000,35.00000,790
23,17,8.924408e-02,44.00000,35.00000,674
23,18,8.830464e-02,36.00000,36.00000,624
23,19,8.145913e-02,42.00000,35.00000,727
23,20,8.667390e-02,39.00000,36.00000,9404
23,21,9.089872e-02,37.00000,36.00000,3226
23,22,8.922335e-02,43.00000,36.00000,645
23,23,9.064443e-02,43.00000,36.00000,670
23,24,8.096632e-02,41.00000,36.00000,654
23,25,8.654972e-02,49.00000,30.00000,654
23,26,9.755336e-02,47.00000,35.00000,672
23,27,7.863761e-02,54.00000,30.00000,664
23,28,8.546933e-02,53.00000,30.00000,728
23,29,8.291490e-02,44.00000,35.00000,629
23,30,8.694039e-02,49.00000,35.00000,8726
23,31,8.279117e-02,45.00000,35.00000,3272
23,32,7.763399e-02,54.00000,30.00000,661
23,33,8.486147e-02,53.00000,30.00000,660
23,34,8.505538e-02,54.00000,30.00000,626
23,35,8.141128e-02,49.00000,30.00000,656
23,36,8.344966e-02,43.00000,35.00000,698
23,37,7.968036e-02,54.00000,30.00000,643
23,38,8.259205e-02,53.00000,30.00000,722
23,39,8.145948e-02,49.00000,30.00000,694
23,40,8.639704e-02,59.00000,30.00000,5533
23,41,8.837479e-02,37.00000,36.00000,3504
23,42,8.888735e-02,35.00000,36.00000,724
23,43,8.481120e-02,40.00000,36.00000,624
23,44,8.681977e-02,43.00000,35.00000,667
23,45,8.760638e-02,49.00000,30.00000,641
23,46,8.526891e-02,48.00000,35.00000,692
23,47,8.089812e-02,47.00000,35.00000,684
23,48,8.754042e-02,52.00000,35.00000,718
23,49,8.432616e-02,52.00000,30.00000,623
23,50,8.340599e-02,43.00000,35.00000,6575
23,51,8.692003e-02,49.00000,30.00000,5952
23,52,9.215149e-02,52.00000,30.00000,652
23,53,8.229095e-02,46.00000,36.00000,693
23,54,9.213287e-02,37.00000,36.00000,606
23,55,8.374561e-02,53.00000,30.00000,607
23,56,9.123834e-02,42.00000,35.00000,655
23,57,8.751591e-02,45.00000,35.00000,631
23,58,8.844878e-02,55.00000,30.00000,677
23,59,8.726242e-02,36.00000,36.00000,667
23,60,8.761579e-02,42.00000,36.00000,619
23,61,8.767288e-02,49.00000,30.00000,2577
23,62,9.047152e-02,45.00000,35.00000,593
23,63,8.855703e-02,49.00000,30.00000,595
23,64,8.488427e-02,49.00000,35.00000,620
23,65,8.871149e-02,42.00000,35.00000,612
23,66,8.612883e-02,49.00000,30.00000,594
23,67,9.142267e-02,53.00000,30.00000,608
23,68,9.280762e-02,30.00000,36.00000,612
23,69,8.936293e-02,49.00000,30.00000,614
23,70,8.620591e-02,45.00000,35.00000,615
23,71,8.202204e-02,42.00000,35.00000,627
24,0,8.535690e-02,43.00000,35.00000,15212
24,1,8.555610e-02,57.00000,30.00000,1330
24,2,8.946779e-02,49.00000,30.00000,1440
24,3,8.264203e-02,46.00000,35.00000,668
24,4,8.238462e-02,55.00000,30.00000,673
24,5,8.381989e-02,48.00000,35.00000,638
24,6,8.385454e-02,52.00000,30.00000,663
24,7,8.521970e-02,36.00000,36.00000,720
24,8,8.990053e-02,40.00000,35.00000,710
24,9,8.418517e-02,53.00000,30.00000,665
24,10,8.080258e-02,54.00000,30.00000,10999
24,11,8.930473e-02,40.00000,35.00000,939
24,12,9.153212e-02,37.00000,36.00000,2497
24,13,8.328884e-02,55.00000,30.00000,617
24,14,8.971412e-02,49.00000,30.00000,672
24,15,8.706364e-02,49.00000,30.00000,657
24,16,8.599790e-02,49.00000,30.00000,733
24,17,9.254329e-02,53.00000,30.00000,621
24,18,9.051935e-02,46.00000,35.00000,779
24,19,9.088018e-02,37.00000,36.00000,689
24,20,8.842681e-02,56.00000,30.00000,8243
24,21,8.487478e-02,48.00000,35.00000,656
24,22,9.631076e-02,38.00000,40.00000,4127
24,23,9.311213e-02,38.00000,36.00000,584
24,24,9.048902e-02,31.00000,36.00000,679
24,25,8.802319e-02,44.00000,35.00000,603
24,26,9.329238e-02,37.00000,35.00000,650
24,27,8.752977e-02,44.00000,35.00000,732
24,28,9.304586e-02,54.00000,30.00000,620
24,29,8.898728e-02,41.00000,35.00000,712
24,30,8.903420e-02,48.00000,35.00000,8024
24,31,9.157823e-02,40.00000,36.00000,676
24,32,9.366261e-02,36.00000,36.00000,3755
24,33,9.194452e-02,53.00000,30.00000,607
24,34,9.030184e-02,40.00000,40.00000,615
24,35,8.733343e-02,38.00000,35.00000,610
24,36,8.619063e-02,56.00000,30.00000,642
24,37,9.030623e-02,58.00000,30.00000,675
24,38,8.454463e-02,56.00000,30.00000,683
24,39,8.553998e-02,45.00000,35.00000,643
24,40,8.444187e-02,50.00000,35.00000,5934
24,41,8.799257e-02,49.00000,30.00000,680
24,42,8.575061e-02,47.00000,35.00000,3745
24,43,8.711804e-02,54.00000,30.00000,661
24,44,8.862571e-02,43.00000,35.00000,642
24,45,9.281138e-02,35.00000,36.00000,690
24,46,8.527640e-02,49.00000,30.00000,632
24,47,8.610100e-02,54.00000,30.00000,642
24,48,8.880827e-02,53.00000,30.00000,655
24,49,8.457699e-02,48.00000,35.00000,651
24,50,9.082258e-02,53.00000,30.00000,8273
24,51,9.252199e-02,41.00000,35.00000,599
24,52,9.213144e-02,37.00000,36.00000,2614
24,53,9.406823e-02,45.00000,35.00000,600
24,54,9.479290e-02,46.00000,35.00000,641
24,55,8.569416e-02,58.00000,30.00000,622
24,56,8.928636e-02,44.00000,35.00000,630
24,57,8.739727e-02,45.00000,35.00000,633
24,58,8.367844e-02,54.00000,30.00000,638
24,59,8.686993e-02,53.00000,30.00000,609
24,60,8.854342e-02,37.00000,36.00000,1835
24,61,8.537470e-02,52.00000,30.00000,634
24,62,9.364249e-02,48.00000,35.00000,614
24,63,8.588301e-02,53.00000,30.00000,617
24,64,8.811299e-02,42.00000,35.00000,603
24,65,9.177221e-02,49.00000,30.00000,590
24,66,9.773733e-02,50.00000,35.00000,609
24,67,9.499779e-02,37.00000,36.00000,605
24,68,8.979295e-02,36.00000,36.00000,614
24,69,8.905118e-02,49.00000,30.00000,638
24,70,8.792499e-02,36.00000,36.00000,632
24,71,8.479349e-02,51.00000,30.00000,625
25,0,9.221240e-02,53.00000,30.00000,7072
25,1,1.001499e-01,54.00000,30.00000,1573
25,2,9.031326e-02,43.00000,35.00000,1996
25,3,9.146623e-02,42.00000,35.00000,674
25,4,9.353931e-02,35.00000,36.00000,640
25,5,9.437837e-02,36.00000,36.00000,649
25,6,9.126209e-02,46.00000,35.00000,711
25,7,9.659263e-02,40.00000,36.00000,584
25,8,8.692503e-02,44.00000,35.00000,704
25,9,9.091247e-02,43.00000,35.00000,733
25,10,8.977912e-02,59.00000,30.00000,10088
25,11,8.806179e-02,38.00000,36.00000,703
25,12,8.960901e-02,53.00000,30.00000,714
25,13,9.082454e-02,62.00000,30.00000,806
25,14,9.017611e-02,49.00000,30.00000,614
25,15,8.739353e-02,55.00000,30.00000,681
25,16,8.784106e-02,38.00000,35.00000,753
25,17,8.938635e-02,44.00000,35.00000,677
25,18,8.616436e-02,44.00000,35.00000,731
25,19,9.241724e-02,31.00000,36.00000,717
25,20,1.029060e-01,43.00000,35.00000,11248
25,21,9.535026e-02,35.00000,36.00000,631
25,22,9.246920e-02,52.00000,30.00000,967
25,23,8.764341e-02,47.00000,35.00000,623
25,24,9.699174e-02,31.00000,36.00000,611
25,25,8.908789e-02,45.00000,35.00000,719
25,26,9.385107e-02,31.00000,36.00000,689
25,27,8.507971e-02,55.00000,30.00000,659
25,28,8.785825e-02,54.00000,30.00000,712
25,29,9.447722e-02,46.00000,35.00000,596
25,30,8.996135e-02,43.00000,35.00000,10359
25,31,8.709434e-02,50.00000,35.00000,712
25,32,9.267301e-02,46.00000,35.00000,957
25,33,9.194155e-02,41.00000,36.00000,678
25,34,8.722488e-02,53.00000,30.00000,623
25,35,9.284645e-02,49.00000,30.00000,714
25,36,8.886287e-02,40.00000,36.00000,743
25,37,9.567280e-02,54.00000,30.00000,609
25,38,9.131697e-02,49.00000,30.00000,669
25,39,8.877234e-02,51.00000,35.00000,731
25,40,8.722395e-02,54.00000,30.00000,10731
25,41,9.771482e-02,43.00000,35.00000,628
25,42,8.506171e-02,53.00000,30.00000,687
25,43,9.322122e-02,49.00000,30.00000,660
25,44,8.678551e-02,60.00000,30.00000,763
25,45,9.545717e-02,36.00000,36.00000,596
25,46,9.316288e-02,50.00000,35.00000,672
25,47,9.845683e-02,30.00000,36.00000,630
25,48,8.671316e-02,52.00000,30.00000,740
25,49,9.107614e-02,38.00000,35.00000,724
25,50,8.676628e-02,53.00000,30.00000,11098
25,51,1.049330e-01,25.00000,36.00000,651
25,52,9.980755e-02,40.00000,35.00000,606
25,53,9.418801e-02,40.00000,35.00000,649
25,54,9.137160e-02,46.00000,35.00000,638
25,55,9.454373e-02,51.00000,36.00000,631
25,56,9.462088e-02,46.00000,35.00000,599
25,57,9.068102e-02,43.00000,35.00000,670
25,58,8.598088e-02,51.00000,30.00000,623
25,59,9.770748e-02,42.00000,35.00000,577
25,60,9.586149e-02,40.00000,35.00000,2793
25,61,9.030908e-02,49.00000,35.00000,617
25,62,9.311155e-02,38.00000,35.00000,607
25,63,8.980899e-02,48.00000,35.00000,601
25,64,9.203763e-02,49.00000,30.00000,599
25,65,9.655286e-02,42.00000,35.00000,583
25,66,8.979469e-02,53.00000,30.00000,609
25,67,9.157035e-02,38.00000,40.00000,634
25,68,9.789671e-02,34.00000,36.00000,587
25,69,9.018645e-02,49.00000,30.00000,597
25,70,9.415621e-02,42.00000,35.00000,619
25,71,1.004749e-01,38.00000,40.00000,561
26,0,9.687264e-02,57.00000,30.00000,1436
26,1,9.291969e-02,34.00000,36.00000,1360
26,2,9.698270e-02,58.00000,30.00000,654
26,3,9.131197e-02,44.00000,35.00000,719
26,4,9.029535e-02,43.00000,35.00000,754
26,5,8.653577e-02,55.00000,30.00000,643
26,6,9.591924e-02,49.00000,30.00000,695
26,7,8.749152e-02,42.00000,35.00000,689
26,8,9.321181e-02,35.00000,40.00000,800
26,9,8.873431e-02,49.00000,30.00000,666
26,10,9.658186e-02,44.00000,35.00000,692
26,11,1.043726e-01,35.00000,36.00000,637
26,12,9.358687e-02,52.00000,30.00000,595
26,13,9.679039e-02,35.00000,36.00000,702
26,14,1.012579e-01,31.00000,36.00000,744
26,15,8.482124e-02,55.00000,30.00000,755
26,16,9.727365e-02,40.00000,35.00000,675
26,17,9.149186e-02,41.00000,35.00000,626
26,18,1.006989e-01,46.00000,35.00000,714
26,19,8.982047e-02,49.00000,30.00000,640
26,20,9.626280e-02,37.00000,35.00000,658
26,21,9.987808e-02,43.00000,35.00000,684
26,22,9.391049e-02,55.00000,30.00000,629
26,23,9.496518e-02,45.00000,35.00000,749
26,24,9.258982e-02,42.00000,35.00000,722
26,25,9.034582e-02,49.00000,30.00000,688
26,26,9.776443e-02,39.00000,35.00000,664
26,27,9.656683e-02,48.00000,36.00000,973
26,28,9.322791e-02,43.00000,35.00000,836
26,29,9.883490e-02,40.00000,36.00000,580
26,30,9.446950e-02,49.00000,30.00000,709
26,31,9.285622e-02,35.00000,36.00000,682
26,32,9.531733e-02,55.00000,30.00000,707
26,33,9.287235e-02,49.00000,30.00000,620
26,34,9.147694e-02,49.00000,35.00000,757
26,35,9.933956e-02,49.00000,30.00000,635
26,36,8.779643e-02,49.00000,30.00000,663
26,37,9.449469e-02,30.00000,36.00000,5660
26,38,9.450793e-02,43.00000,36.00000,671
26,39,9.600064e-02,42.00000,35.00000,658
26,40,9.179968e-02,49.00000,30.00000,737
26,41,9.704240e-02,49.00000,30.00000,693
26,42,9.232217e-02,49.00000,30.00000,2152
26,43,9.165534e-02,37.00000,36.00000,668
26,44,8.836520e-02,51.00000,30.00000,757
26,45,9.254219e-02,49.00000,30.00000,778
26,46,9.381735e-02,38.00000,40.00000,708
26,47,8.889546e-02,53.00000,30.00000,3294
26,48,9.108283e-02,49.00000,30.00000,741
26,49,1.019625e-01,39.00000,36.00000,653
26,50,9.131797e-02,49.00000,30.00000,685
26,51,9.390239e-02,35.00000,36.00000,626
26,52,9.871764e-02,40.00000,35.00000,2616
26,53,1.044538e-01,31.00000,36.00000,653
26,54,9.209311e-02,49.00000,30.00000,611
26,55,8.788468e-02,53.00000,30.00000,685
26,56,8.878949e-02,53.00000,30.00000,667
26,57,8.927634e-02,53.00000,30.00000,677
26,58,9.063610e-02,54.00000,30.00000,655
26,59,9.319749e-02,53.00000,30.00000,659
26,60,9.800421e-02,49.00000,30.00000,622
26,61,9.895104e-02,43.00000,36.00000,623
26,62,1.091875e-01,39.00000,36.00000,713
26,63,1.076672e-01,36.00000,36.00000,646
26,64,1.014228e-01,43.00000,36.00000,603
26,65,1.039764e-01,49.00000,30.00000,593
26,66,1.095142e-01,30.00000,36.00000,557
26,67,1.057215e-01,42.00000,36.00000,624
26,68,9.783577e-02,53.00000,30.00000,626
26,69,1.069109e-01,35.00000,36.00000,582
26,70,9.502311e-02,58.00000,30.00000,623
26,71,9.308632e-02,58.00000,30.00000,630
27,0,9.752396e-02,42.00000,35.00000,4508
27,1,9.623147e-02,56.00000,30.00000,3315
27,2,9.452168e-02,57.00000,30.00000,705
27,3,1.009805e-01,42.00000,35.00000,683
27,4,9.561417e-02,49.00000,30.00000,664
27,5,9.466071e-02,55.00000,30.00000,719
27,6,9.831293e-02,49.00000,30.00000,659
27,7,9.602465e-02,36.00000,36.00000,812
27,8,9.591477e-02,54.00000,30.00000,688
27,9,9.325914e-02,43.00000,35.00000,615
27,10,9.929363e-02,46.00000,35.00000,9196
27,11,9.541072e-02,49.00000,30.00000,2313
27,12,9.971423e-02,44.00000,35.00000,629
27,13,9.473184e-02,55.00000,30.00000,709
27,14,9.862140e-02,49.00000,30.00000,613
27,15,1.012546e-01,40.00000,36.00000,661
27,16,9.586188e-02,48.00000,35.00000,694
27,17,9.924036e-02,41.00000,35.00000,657
27,18,9.797698e-02,42.00000,35.00000,639
27,19,9.387401e-02,43.00000,35.00000,783
27,20,9.638230e-02,53.00000,30.00000,8388
27,21,9.904248e-02,41.00000,35.00000,1698
27,22,1.040784e-01,42.00000,35.00000,2902
27,23,9.546743e-02,45.00000,35.00000,720
27,24,9.649205e-02,44.00000,35.00000,667
27,25,9.611447e-02,56.00000,30.00000,647
27,26,9.733897e-02,48.00000,35.00000,633
27,27,9.392334e-02,43.00000,36.00000,751
27,28,9.893019e-02,43.00000,35.00000,601
27,29,9.050120e-02,52.00000,30.00000,662
27,30,9.618517e-02,35.00000,36.00000,6737
27,31,1.012132e-01,49.00000,30.00000,2453
27,32,9.199817e-02,53.00000,30.00000,1612
27,33,9.630689e-02,31.00000,36.00000,658
27,34,1.082317e-01,36.00000,36.00000,657
27,35,9.615829e-02,55.00000,30.00000,689
27,36,1.067481e-01,37.00000,40.00000,655
27,37,9.816697e-02,39.00000,35.00000,654
27,38,9.325428e-02,54.00000,30.00000,706
27,39,1.018471e-01,47.00000,35.00000,639
27,40,9.505314e-02,56.00000,30.00000,8064
27,41,9.836414e-02,36.00000,36.00000,1965
27,42,9.026951e-02,57.00000,30.00000,1513
27,43,9.133206e-02,59.00000,30.00000,748
27,44,9.951931e-02,46.00000,35.00000,603
27,45,1.027057e-01,30.00000,36.00000,666
27,46,9.002532e-02,57.00000,30.00000,716
27,47,1.019428e-01,41.00000,36.00000,714
27,48,1.002469e-01,49.00000,30.00000,600
27,49,9.779698e-02,47.00000,35.00000,708
27,50,9.312023e-02,58.00000,30.00000,11020
27,51,9.616500e-02,49.00000,30.00000,633
27,52,9.538799e-02,57.00000,30.00000,1710
27,53,1.042033e-01,36.00000,36.00000,716
27,54,9.715175e-02,47.00000,35.00000,620
27,55,9.672324e-02,49.00000,30.00000,645
27,56,1.004303e-01,54.00000,30.00000,639
27,57,9.787433e-02,45.00000,35.00000,658
27,58,1.014860e-01,43.00000,35.00000,690
27,59,9.178251e-02,56.00000,30.00000,681
27,60,9.522842e-02,44.00000,36.00000,3503
27,61,9.886654e-02,44.00000,35.00000,609
27,62,1.047095e-01,42.00000,40.00000,1001
27,63,1.006172e-01,35.00000,36.00000,614
27,64,9.775072e-02,42.00000,35.00000,614
27,65,9.301000e-02,46.00000,35.00000,607
27,66,9.934577e-02,49.00000,30.00000,618
27,67,9.900784e-02,45.00000,35.00000,591
27,68,1.000258e-01,38.00000,35.00000,598
27,69,1.028705e-01,35.00000,36.00000,611
27,70,9.453231e-02,42.00000,36.00000,613
27,71,9.748034e-02,54.00000,30.00000,609
28,0,9.795818e-02,43.00000,35.00000,10226
28,1,1.041663e-01,31.00000,36.00000,625
28,2,9.596592e-02,52.00000,30.00000,710
28,3,1.010603e-01,52.00000,30.00000,667
28,4,9.920770e-02,44.00000,35.00000,604
28,5,9.195883e-02,55.00000,30.00000,702
28,6,9.467044e-02,48.00000,35.00000,734
28,7,1.031082e-01,49.00000,30.00000,650
28,8,9.999878e-02,40.00000,40.00000,663
28,9,1.015180e-01,36.00000,36.00000,698
28,10,9.513170e-02,49.00000,30.00000,9389
28,11,9.237707e-02,49.00000,35.00000,659
28,12,9.880190e-02,49.00000,30.00000,625
28,13,9.266517e-02,46.00000,35.00000,654
28,14,9.878232e-02,41.00000,36.00000,662
28,15,9.912540e-02,38.00000,35.00000,714
28,16,9.581126e-02,45.00000,35.00000,634
28,17,9.904915e-02,41.00000,35.00000,629
28,18,9.836954e-02,52.00000,30.00000,661
28,19,9.717683e-02,53.00000,30.00000,774
28,20,9.627672e-02,48.00000,35.00000,11010
28,21,9.845921e-02,35.00000,36.00000,709
28,22,9.663828e-02,55.00000,30.00000,695
28,23,9.812535e-02,40.00000,35.00000,642
28,24,9.538174e-02,53.00000,30.00000,654
28,25,9.586889e-02,45.00000,35.00000,685
28,26,1.109347e-01,39.00000,36.00000,558
28,27,9.695894e-02,46.00000,35.00000,660
28,28,1.064818e-01,42.00000,35.00000,574
28,29,9.997490e-02,49.00000,35.00000,730
28,30,9.557151e-02,53.00000,30.00000,11176
28,31,1.015017e-01,52.00000,35.00000,660
28,32,1.041940e-01,49.00000,30.00000,588
28,33,9.505779e-02,37.00000,35.00000,665
28,34,1.015434e-01,46.00000,36.00000,647
28,35,9.642470e-02,43.00000,36.00000,661
28,36,1.018663e-01,36.00000,36.00000,646
28,37,9.401849e-02,55.00000,30.00000,718
28,38,9.513997e-02,54.00000,30.00000,734
28,39,1.084942e-01,55.00000,30.00000,683
28,40,9.738557e-02,47.00000,35.00000,9250
28,41,1.024218e-01,37.00000,36.00000,681
28,42,1.034978e-01,49.00000,30.00000,661
28,43,9.940688e-02,39.00000,35.00000,614
28,44,9.702466e-02,42.00000,36.00000,733
28,45,9.873786e-02,43.00000,35.00000,696
28,46,1.049514e-01,31.00000,36.00000,646
28,47,1.021527e-01,55.00000,30.00000,677
28,48,1.015494e-01,49.00000,35.00000,656
28,49,9.734326e-02,51.00000,35.00000,747
28,50,9.783994e-02,49.00000,30.00000,12266
28,51,9.198782e-02,57.00000,30.00000,647
28,52,9.405833e-02,56.00000,30.00000,630
28,53,9.353167e-02,53.00000,30.00000,670
28,54,9.647194e-02,52.00000,30.00000,635
28,55,9.685807e-02,41.00000,35.00000,608
28,56,9.418858e-02,57.00000,30.00000,628
28,57,9.538400e-02,49.00000,30.00000,610
28,58,9.452587e-02,49.00000,30.00000,618
28,59,9.782647e-02,43.00000,36.00000,617
28,60,9.510187e-02,44.00000,35.00000,636
28,61,9.172919e-02,52.00000,30.00000,642
28,62,9.547748e-02,53.00000,30.00000,628
28,63,9.617924e-02,46.00000,35.00000,607
28,64,9.938719e-02,36.00000,36.00000,627
28,65,9.774527e-02,46.00000,36.00000,620
28,66,9.832253e-02,48.00000,35.00000,600
28,67,9.813260e-02,49.00000,30.00000,629
28,68,9.711823e-02,49.00000,35.00000,604
28,69,1.021640e-01,44.00000,35.00000,597
28,70,1.032984e-01,42.00000,35.00000,574
28,71,9.591863e-02,53.00000,30.00000,614
29,0,1.036553e-01,30.00000,36.00000,14468
29,1,1.046726e-01,34.00000,36.00000,614
29,2,1.071499e-01,43.00000,35.00000,605
29,3,1.039546e-01,41.00000,36.00000,685
29,4,9.731007e-02,57.00000,30.00000,746
29,5,1.062457e-01,35.00000,36.00000,665
29,6,1.003684e-01,56.00000,30.00000,705
29,7,1.025312e-01,47.00000,35.00000,684
29,8,9.868750e-02,55.00000,30.00000,621
29,9,1.054663e-01,42.00000,36.00000,728
29,10,9.785141e-02,53.00000,30.00000,11258
29,11,9.903250e-02,42.00000,35.00000,739
29,12,9.977084e-02,46.00000,35.00000,1114
29,13,1.050510e-01,35.00000,36.00000,628
29,14,9.981122e-02,53.00000,30.00000,675
29,15,1.069880e-01,34.00000,36.00000,641
29,16,1.043351e-01,49.00000,30.00000,714
29,17,1.032693e-01,53.00000,30.00000,704
29,18,9.789636e-02,45.00000,36.00000,606
29,19,1.045962e-01,35.00000,36.00000,714
29,20,9.992453e-02,43.00000,35.00000,9892
29,21,1.049319e-01,47.00000,35.00000,2059
29,22,9.967228e-02,40.00000,36.00000,965
29,23,1.042856e-01,41.00000,36.00000,636
29,24,1.053943e-01,49.00000,30.00000,693
29,25,9.654470e-02,55.00000,30.00000,691
29,26,1.015758e-01,35.00000,36.00000,628
29,27,1.020927e-01,49.00000,30.00000,722
29,28,9.905377e-02,43.00000,35.00000,685
29,29,1.009431e-01,51.00000,30.00000,705
29,30,1.063144e-01,37.00000,36.00000,8470
29,31,9.894308e-02,35.00000,40.00000,5128
29,32,9.589338e-02,45.00000,35.00000,680
29,33,9.936260e-02,37.00000,36.00000,684
29,34,9.724635e-02,49.00000,30.00000,717
29,35,9.773310e-02,46.00000,35.00000,671
29,36,1.009046e-01,53.00000,30.00000,638
29,37,1.024604e-01,42.00000,36.00000,659
29,38,9.892935e-02,42.00000,35.00000,754
29,39,1.052431e-01,31.00000,36.00000,692
29,40,9.818146e-02,49.00000,30.00000,6968
29,41,1.008554e-01,48.00000,35.00000,4250
29,42,1.012439e-01,40.00000,35.00000,2151
29,43,1.094692e-01,37.00000,36.00000,678
29,44,1.005820e-01,52.00000,30.00000,648
29,45,9.777212e-02,41.00000,40.00000,701
29,46,1.037054e-01,41.00000,35.00000,706
29,47,9.898178e-02,43.00000,35.00000,675
29,48,9.625453e-02,55.00000,30.00000,742
29,49,9.579484e-02,55.00000,30.00000,804
29,50,1.000006e-01,53.00000,30.00000,5682
29,51,9.862968e-02,46.00000,35.00000,4903
29,52,1.066054e-01,31.00000,36.00000,2062
29,53,9.679966e-02,49.00000,30.00000,681
29,54,9.520018e-02,49.00000,30.00000,758
29,55,1.098022e-01,30.00000,36.00000,634
29,56,1.007694e-01,40.00000,36.00000,677
29,57,9.479921e-02,60.00000,30.00000,724
29,58,1.116460e-01,34.00000,36.00000,601
29,59,9.968572e-02,52.00000,35.00000,969
29,60,1.021108e-01,53.00000,30.00000,2180
29,61,1.066013e-01,37.00000,35.00000,1237
29,62,1.009668e-01,54.00000,30.00000,1234
29,63,1.059287e-01,42.00000,36.00000,575
29,64,1.033014e-01,37.00000,36.00000,594
29,65,1.017209e-01,51.00000,30.00000,603
29,66,1.018082e-01,53.00000,30.00000,610
29,67,1.041768e-01,30.00000,36.00000,625
29,68,1.001886e-01,31.00000,36.00000,616
29,69,9.829862e-02,48.00000,35.00000,629
29,70,9.601460e-02,55.00000,30.00000,619
29,71,1.111516e-01,42.00000,35.00000,575
30,0,1.028666e-01,40.00000,36.00000,9231
30,1,1.011285e-01,45.00000,35.00000,758
30,2,9.658324e-02,57.00000,30.00000,743
30,3,1.010772e-01,43.00000,36.00000,730
30,4,1.004503e-01,57.00000,30.00000,675
30,5,9.902461e-02,37.00000,35.00000,708
30,6,1.033938e-01,52.00000,30.00000,637
30,7,1.021952e-01,45.00000,35.00000,647
30,8,9.584976e-02,50.00000,30.00000,728
30,9,9.963803e-02,45.00000,35.00000,656
30,10,1.032011e-01,44.00000,35.00000,10236
30,11,1.010657e-01,46.00000,35.00000,739
30,12,1.005268e-01,54.00000,30.00000,672
30,13,9.801690e-02,47.00000,35.00000,1460
30,14,9.815171e-02,53.00000,30.00000,692
30,15,9.897272e-02,43.00000,36.00000,645
30,16,1.044796e-01,43.00000,35.00000,693
30,17,1.022694e-01,52.00000,30.00000,749
30,18,1.091369e-01,43.00000,35.00000,591
30,19,9.907930e-02,47.00000,35.00000,673
30,20,1.089485e-01,25.00000,36.00000,9537
30,21,1.052523e-01,45.00000,35.00000,653
30,22,1.034014e-01,42.00000,36.00000,748
30,23,9.932280e-02,46.00000,35.00000,2883
30,24,9.934536e-02,49.00000,35.00000,654
30,25,1.086906e-01,25.00000,36.00000,655
30,26,1.037442e-01,49.00000,30.00000,667
30,27,1.035288e-01,45.00000,35.00000,754
30,28,1.059625e-01,36.00000,36.00000,598
30,29,1.002902e-01,49.00000,30.00000,755
30,30,1.054858e-01,39.00000,36.00000,6845
30,31,9.878427e-02,45.00000,35.00000,795
30,32,9.606135e-02,52.00000,30.00000,724
30,33,1.012176e-01,54.00000,30.00000,3067
30,34,9.881938e-02,55.00000,30.00000,706
30,35,1.003712e-01,45.00000,35.00000,618
30,36,9.706520e-02,54.00000,30.00000,727
30,37,1.047374e-01,36.00000,35.00000,834
30,38,1.061045e-01,37.00000,35.00000,677
30,39,9.801108e-02,42.00000,35.00000,747
30,40,1.010493e-01,45.00000,35.00000,6202
30,41,9.878702e-02,37.00000,40.00000,1988
30,42,1.003924e-01,46.00000,35.00000,764
30,43,1.051381e-01,41.00000,35.00000,1791
30,44,9.828556e-02,57.00000,30.00000,1543
30,45,1.022559e-01,47.00000,35.00000,1612
30,46,1.038648e-01,48.00000,35.00000,641
30,47,1.030182e-01,43.00000,35.00000,710
30,48,1.026545e-01,53.00000,30.00000,722
30,49,1.034343e-01,45.00000,35.00000,675
30,50,1.024607e-01,50.00000,35.00000,7861
30,51,1.099937e-01,31.00000,36.00000,1087
30,52,1.022668e-01,52.00000,30.00000,696
30,53,1.072838e-01,37.00000,36.00000,647
30,54,1.000409e-01,46.00000,35.00000,3249
30,55,1.012462e-01,54.00000,30.00000,675
30,56,1.090112e-01,25.00000,36.00000,595
30,57,1.005226e-01,49.00000,30.00000,674
30,58,1.001746e-01,58.00000,30.00000,682
30,59,1.051245e-01,36.00000,36.00000,603
30,60,1.112392e-01,36.00000,36.00000,2830
30,61,1.030662e-01,57.00000,30.00000,636
30,62,9.977335e-02,49.00000,30.00000,614
30,63,1.037501e-01,40.00000,36.00000,617
30,64,1.049982e-01,40.00000,36.00000,612
30,65,1.030436e-01,46.00000,35.00000,623
30,66,1.026454e-01,37.00000,36.00000,616
30,67,1.023956e-01,45.00000,35.00000,604
30,68,1.040584e-01,35.00000,36.00000,623
30,69,1.085034e-01,36.00000,36.00000,589
30,70,1.040709e-01,53.00000,30.00000,611
30,71,9.942323e-02,46.00000,35.00000,599
31,0,1.003050e-01,49.00000,30.00000,1329
31,1,9.810759e-02,45.00000,35.00000,2804
31,2,9.868810e-02,53.00000,30.00000,715
31,3,9.633410e-02,49.00000,35.00000,766
31,4,9.979953e-02,55.00000,30.00000,709
31,5,1.038465e-01,40.00000,35.00000,636
31,6,9.951374e-02,47.00000,35.00000,739
31,7,1.001353e-01,53.00000,30.00000,752
31,8,9.859788e-02,54.00000,30.00000,624
31,9,9.919118e-02,43.00000,35.00000,779
31,10,1.058932e-01,41.00000,35.00000,8786
31,11,9.839735e-02,54.00000,30.00000,1427
31,12,1.070270e-01,25.00000,36.00000,669
31,13,1.017147e-01,47.00000,35.00000,787
31,14,1.094786e-01,42.00000,35.00000,639
31,15,9.758303e-02,53.00000,30.00000,777
31,16,1.016229e-01,47.00000,35.00000,680
31,17,1.033034e-01,43.00000,35.00000,647
31,18,9.945837e-02,53.00000,30.00000,781
31,19,1.081081e-01,35.00000,36.00000,697
31,20,9.928898e-02,40.00000,35.00000,10863
31,21,1.009106e-01,59.00000,30.00000,655
31,22,9.988528e-02,53.00000,30.00000,731
31,23,9.961420e-02,56.00000,30.00000,649
31,24,1.052822e-01,49.00000,30.00000,601
31,25,1.089772e-01,25.00000,36.00000,658
31,26,1.009376e-01,38.00000,35.00000,683
31,27,1.018030e-01,42.00000,35.00000,676
31,28,1.020819e-01,45.00000,35.00000,684
31,29,1.024217e-01,38.00000,36.00000,734
31,30,9.873177e-02,47.00000,35.00000,9460
31,31,1.038134e-01,36.00000,36.00000,1495
31,32,1.048157e-01,57.00000,30.00000,728
31,33,9.772927e-02,53.00000,30.00000,648
31,34,9.684835e-02,55.00000,30.00000,675
31,35,1.065951e-01,44.00000,35.00000,672
31,36,1.059272e-01,47.00000,35.00000,614
31,37,1.069894e-01,30.00000,36.00000,743
31,38,1.068194e-01,41.00000,36.00000,660
31,39,1.032892e-01,58.00000,30.00000,697
31,40,1.073215e-01,54.00000,30.00000,10887
31,41,1.015312e-01,37.00000,36.00000,1130
31,42,1.027957e-01,47.00000,35.00000,640
31,43,1.000681e-01,50.00000,35.00000,692
31,44,9.914595e-02,54.00000,30.00000,668
31,45,1.022386e-01,36.00000,36.00000,722
31,46,9.925662e-02,54.00000,30.00000,668
31,47,1.035855e-01,45.00000,35.00000,596
31,48,1.000632e-01,54.00000,30.00000,740
31,49,9.934299e-02,53.00000,30.00000,729
31,50,1.087076e-01,30.00000,36.00000,7562
31,51,1.067584e-01,48.00000,35.00000,3676
31,52,1.034499e-01,46.00000,36.00000,709
31,53,1.006014e-01,52.00000,30.00000,645
31,54,1.003265e-01,49.00000,30.00000,653
31,55,1.121360e-01,41.00000,36.00000,570
31,56,1.013637e-01,52.00000,30.00000,651
31,57,1.016303e-01,42.00000,36.00000,594
31,58,1.017352e-01,48.00000,35.00000,621
31,59,1.123153e-01,34.00000,40.00000,559
31,60,1.081767e-01,49.00000,35.00000,596
31,61,1.048591e-01,39.00000,36.00000,824
31,62,1.033813e-01,52.00000,30.00000,598
31,63,1.018565e-01,52.00000,30.00000,623
31,64,9.708033e-02,52.00000,30.00000,614
31,65,9.879415e-02,53.00000,30.00000,614
31,66,1.045396e-01,53.00000,30.00000,639
31,67,1.027077e-01,39.00000,36.00000,618
31,68,1.026300e-01,42.00000,36.00000,622
31,69,1.047000e-01,47.00000,36.00000,606
31,70,1.054580e-01,41.00000,35.00000,631
31,71,1.040004e-01,43.00000,35.00000,590
32,0,1.051115e-01,33.00000,40.00000,6071
32,1,1.057554e-01,39.00000,35.00000,3374
32,2,9.679128e-02,53.00000,30.00000,740
32,3,1.055147e-01,49.00000,30.00000,653
32,4,1.040135e-01,37.00000,35.00000,636
32,5,1.026328e-01,51.00000,30.00000,710
32,6,1.002220e-01,49.00000,30.00000,684
32,7,1.057439e-01,47.00000,35.00000,679
32,8,1.143786e-01,36.00000,36.00000,628
32,9,1.105104e-01,31.00000,36.00000,746
32,10,1.027370e-01,40.00000,36.00000,6516
32,11,9.694929e-02,54.00000,30.00000,5777
32,12,1.056284e-01,39.00000,36.00000,672
32,13,1.050286e-01,55.00000,30.00000,649
32,14,1.043550e-01,46.00000,35.00000,759
32,15,9.921745e-02,43.00000,35.00000,670
32,16,1.024784e-01,44.00000,35.00000,710
32,17,1.009768e-01,49.00000,30.00000,695
32,18,9.572181e-02,53.00000,30.00000,824
32,19,1.026626e-01,55.00000,30.00000,687
32,20,1.105652e-01,37.00000,35.00000,10283
32,21,1.040331e-01,54.00000,30.00000,1466
32,22,1.098767e-01,25.00000,36.00000,566
32,23,1.066594e-01,45.00000,35.00000,594
32,24,1.000184e-01,46.00000,35.00000,730
32,25,1.042479e-01,35.00000,36.00000,635
32,26,1.074198e-01,42.00000,35.00000,642
32,27,1.061772e-01,35.00000,40.00000,673
32,28,1.060230e-01,42.00000,36.00000,673
32,29,1.022937e-01,49.00000,30.00000,728
32,30,1.066209e-01,31.00000,36.00000,13209
32,31,1.051514e-01,40.00000,35.00000,609
32,32,1.058205e-01,53.00000,30.00000,735
32,33,1.004959e-01,55.00000,30.00000,621
32,34,1.038290e-01,58.00000,30.00000,708
32,35,9.870863e-02,48.00000,35.00000,684
32,36,1.036827e-01,49.00000,30.00000,707
32,37,1.000959e-01,46.00000,35.00000,704
32,38,1.056221e-01,46.00000,35.00000,718
32,39,1.023074e-01,43.00000,36.00000,662
32,40,1.032615e-01,49.00000,30.00000,10295
32,41,1.023603e-01,49.00000,30.00000,637
32,42,1.076330e-01,49.00000,30.00000,703
32,43,9.874119e-02,54.00000,30.00000,625
32,44,9.957542e-02,36.00000,36.00000,707
32,45,9.990069e-02,53.00000,30.00000,704
32,46,9.826877e-02,52.00000,30.00000,629
32,47,1.101527e-01,46.00000,35.00000,696
32,48,9.892929e-02,49.00000,30.00000,755
32,49,1.020262e-01,51.00000,30.00000,725
32,50,1.021227e-01,41.00000,36.00000,10673
32,51,9.966307e-02,54.00000,30.00000,684
32,52,1.009359e-01,57.00000,30.00000,728
32,53,9.962300e-02,51.00000,30.00000,618
32,54,9.592406e-02,59.00000,30.00000,646
32,55,9.762830e-02,49.00000,30.00000,687
32,56,9.650877e-02,47.00000,35.00000,626
32,57,1.022311e-01,48.00000,35.00000,607
32,58,1.007801e-01,49.00000,35.00000,607
32,59,9.940413e-02,53.00000,30.00000,610
32,60,9.888579e-02,53.00000,30.00000,1159
32,61,1.020562e-01,57.00000,30.00000,640
32,62,1.006716e-01,48.00000,35.00000,644
32,63,1.023023e-01,55.00000,30.00000,620
32,64,1.126327e-01,51.00000,30.00000,600
32,65,1.046878e-01,42.00000,36.00000,607
32,66,1.073479e-01,37.00000,36.00000,601
32,67,1.026742e-01,41.00000,36.00000,645
32,68,1.084067e-01,36.00000,35.00000,631
32,69,1.018358e-01,43.00000,35.00000,607
32,70,9.357121e-02,54.00000,30.00000,638
32,71,1.017324e-01,52.00000,30.00000,629
33,0,1.048470e-01,43.00000,40.00000,13290
33,1,9.734504e-02,55.00000,30.00000,626
33,2,1.026471e-01,42.00000,35.00000,748
33,3,1.094270e-01,36.00000,36.00000,680
33,4,1.109859e-01,49.00000,30.00000,659
33,5,1.074944e-01,43.00000,35.00000,688
33,6,9.917860e-02,47.00000,36.00000,779
33,7,1.150672e-01,25.00000,36.00000,702
33,8,1.070448e-01,45.00000,35.00000,682
33,9,1.067677e-01,41.00000,35.00000,632
33,10,9.968593e-02,48.00000,35.00000,13132
33,11,1.071356e-01,34.00000,40.00000,907
33,12,1.022189e-01,52.00000,30.00000,671
33,13,1.056543e-01,41.00000,35.00000,584
33,14,1.028432e-01,53.00000,30.00000,1216
33,15,1.053718e-01,35.00000,36.00000,695
33,16,1.040718e-01,49.00000,35.00000,702
33,17,1.069699e-01,43.00000,36.00000,716
33,18,9.818824e-02,54.00000,30.00000,657
33,19,1.020392e-01,53.00000,30.00000,805
33,20,1.103479e-01,44.00000,35.00000,11569
33,21,1.018489e-01,53.00000,30.00000,729
33,22,1.038000e-01,48.00000,35.00000,686
33,23,1.016781e-01,55.00000,30.00000,721
33,24,1.109333e-01,25.00000,36.00000,681
33,25,1.028129e-01,53.00000,30.00000,663
33,26,1.015064e-01,46.00000,35.00000,810
33,27,1.012237e-01,37.00000,36.00000,679
33,28,1.026571e-01,46.00000,35.00000,650
33,29,1.062028e-01,44.00000,35.00000,630
33,30,1.024705e-01,44.00000,35.00000,9896
33,31,1.058645e-01,55.00000,30.00000,1964
33,32,1.079739e-01,43.00000,35.00000,1047
33,33,1.024553e-01,42.00000,35.00000,720
33,34,1.056604e-01,57.00000,30.00000,679
33,35,1.021555e-01,53.00000,30.00000,716
33,36,1.040552e-01,40.00000,35.00000,715
33,37,1.051103e-01,25.00000,36.00000,709
33,38,1.064900e-01,44.00000,35.00000,659
33,39,1.058489e-01,41.00000,36.00000,767
33,40,1.045398e-01,36.00000,36.00000,9095
33,41,1.018382e-01,53.00000,30.00000,682
33,42,9.934720e-02,49.00000,35.00000,697
33,43,1.044823e-01,50.00000,35.00000,664
33,44,1.012403e-01,47.00000,35.00000,689
33,45,1.074312e-01,49.00000,30.00000,651
33,46,9.985361e-02,44.00000,35.00000,769
33,47,1.062665e-01,37.00000,36.00000,646
33,48,1.045317e-01,44.00000,35.00000,647
33,49,1.038727e-01,49.00000,30.00000,671
33,50,1.032120e-01,53.00000,30.00000,11116
33,51,9.958267e-02,49.00000,30.00000,827
33,52,1.062576e-01,38.00000,35.00000,1563
33,53,1.092269e-01,31.00000,36.00000,658
33,54,1.036084e-01,49.00000,30.00000,749
33,55,1.062191e-01,36.00000,36.00000,693
33,56,1.054543e-01,37.00000,35.00000,764
33,57,1.023081e-01,45.00000,35.00000,682
33,58,1.148301e-01,45.00000,35.00000,624
33,59,1.060089e-01,49.00000,30.00000,638
33,60,1.052160e-01,46.00000,35.00000,2940
33,61,1.074460e-01,53.00000,30.00000,627
33,62,1.110159e-01,47.00000,35.00000,586
33,63,9.711154e-02,53.00000,30.00000,620
33,64,1.057067e-01,49.00000,30.00000,617
33,65,1.060820e-01,30.00000,36.00000,615
33,66,1.021781e-01,37.00000,36.00000,617
33,67,9.712395e-02,48.00000,35.00000,632
33,68,1.032539e-01,53.00000,30.00000,614
33,69,1.078704e-01,45.00000,35.00000,579
33,70,1.022883e-01,53.00000,30.00000,610
33,71,1.078299e-01,35.00000,40.00000,614
34,0,1.068880e-01,45.00000,35.00000,2985
34,1,1.107507e-01,35.00000,36.00000,6640
34,2,1.014301e-01,54.00000,30.00000,740
34,3,1.039154e-01,30.00000,36.00000,699
34,4,1.049616e-01,57.00000,30.00000,813
34,5,1.022940e-01,49.00000,30.00000,726
34,6,1.070276e-01,40.00000,35.00000,749
34,7,1.073320e-01,53.00000,30.00000,628
34,8,1.043129e-01,48.00000,35.00000,712
34,9,1.015913e-01,44.00000,35.00000,746
34,10,1.005969e-01,55.00000,30.00000,8198
34,11,1.043130e-01,53.00000,30.00000,3700
34,12,1.057619e-01,35.00000,36.00000,721
34,13,1.052615e-01,49.00000,30.00000,659
34,14,1.078631e-01,48.00000,35.00000,793
34,15,1.142597e-01,38.00000,35.00000,642
34,16,1.071370e-01,35.00000,36.00000,742
34,17,1.123525e-01,49.00000,30.00000,674
34,18,1.073837e-01,36.00000,40.00000,747
34,19,1.094170e-01,43.00000,35.00000,644
34,20,1.063445e-01,41.00000,35.00000,7672
34,21,1.013759e-01,52.00000,30.00000,3971
34,22,1.048895e-01,49.00000,30.00000,1254
34,23,1.042009e-01,49.00000,30.00000,684
34,24,1.122290e-01,46.00000,35.00000,723
34,25,1.035298e-01,55.00000,30.00000,704
34,26,1.080716e-01,49.00000,30.00000,668
34,27,1.033643e-01,49.00000,30.00000,718
34,28,1.044101e-01,36.00000,36.00000,733
34,29,1.117735e-01,45.00000,35.00000,723
34,30,1.084583e-01,43.00000,35.00000,5565
34,31,1.033509e-01,52.00000,30.00000,6917
34,32,1.095105e-01,53.00000,30.00000,674
34,33,1.075562e-01,42.00000,35.00000,695
34,34,1.028441e-01,55.00000,30.00000,709
34,35,9.973736e-02,54.00000,30.00000,674
34,36,9.964342e-02,57.00000,30.00000,643
34,37,1.130415e-01,31.00000,36.00000,673
34,38,1.093868e-01,52.00000,30.00000,699
34,39,1.059432e-01,45.00000,36.00000,636
34,40,1.072980e-01,36.00000,36.00000,1249
34,41,1.072626e-01,53.00000,30.00000,8621
34,42,1.039719e-01,47.00000,35.00000,710
34,43,1.012332e-01,49.00000,30.00000,1198
34,44,1.063538e-01,54.00000,30.00000,1461
34,45,1.069752e-01,44.00000,35.00000,693
34,46,1.004199e-01,45.00000,35.00000,642
34,47,1.001385e-01,52.00000,30.00000,678
34,48,1.023972e-01,43.00000,35.00000,799
34,49,1.062863e-01,48.00000,35.00000,683
34,50,1.112704e-01,49.00000,35.00000,1236
34,51,1.023738e-01,53.00000,30.00000,9992
34,52,1.094487e-01,54.00000,30.00000,1216
34,53,1.163311e-01,30.00000,36.00000,661
34,54,1.092872e-01,45.00000,35.00000,612
34,55,1.090743e-01,47.00000,36.00000,698
34,56,1.082679e-01,32.00000,36.00000,685
34,57,1.083975e-01,43.00000,35.00000,613
34,58,9.913058e-02,61.00000,30.00000,692
34,59,1.070435e-01,49.00000,30.00000,675
34,60,1.003863e-01,45.00000,35.00000,629
34,61,1.094663e-01,45.00000,35.00000,3657
34,62,1.052502e-01,37.00000,36.00000,611
34,63,1.106128e-01,57.00000,30.00000,631
34,64,1.109872e-01,49.00000,30.00000,591
34,65,1.076683e-01,40.00000,36.00000,610
34,66,1.063648e-01,57.00000,30.00000,631
34,67,1.081220e-01,40.00000,36.00000,597
34,68,1.073956e-01,37.00000,35.00000,595
34,69,1.139038e-01,43.00000,35.00000,579
34,70,1.071051e-01,42.00000,35.00000,594
34,71,1.014727e-01,52.00000,30.00000,613
35,0,1.011417e-01,49.00000,30.00000,10035
35,1,1.014317e-01,45.00000,35.00000,665
35,2,9.827420e-02,54.00000,30.00000,752
35,3,1.039438e-01,57.00000,30.00000,675
35,4,1.045554e-01,56.00000,30.00000,670
35,5,1.079829e-01,43.00000,36.00000,687
35,6,1.038001e-01,46.00000,35.00000,655
35,7,1.053537e-01,53.00000,30.00000,640
35,8,1.129479e-01,30.00000,36.00000,733
35,9,1.032441e-01,57.00000,30.00000,682
35,10,1.081321e-01,35.00000,36.00000,6882
35,11,1.090616e-01,43.00000,35.00000,621
35,12,1.017629e-01,46.00000,35.00000,710
35,13,1.030232e-01,55.00000,30.00000,674
35,14,1.007954e-01,55.00000,30.00000,702
35,15,1.066553e-01,39.00000,40.00000,700
35,16,1.047365e-01,54.00000,30.00000,692
35,17,1.093710e-01,49.00000,30.00000,681
35,18,1.130531e-01,25.00000,36.00000,634
35,19,1.030684e-01,54.00000,30.00000,682
35,20,1.123209e-01,38.00000,40.00000,8313
35,21,1.086053e-01,57.00000,30.00000,630
35,22,1.100187e-01,43.00000,35.00000,604
35,23,1.076454e-01,45.00000,35.00000,640
35,24,1.087289e-01,45.00000,35.00000,701
35,25,1.054063e-01,37.00000,36.00000,713
35,26,1.077769e-01,43.00000,36.00000,637
35,27,1.101225e-01,39.00000,40.00000,675
35,28,1.042649e-01,54.00000,30.00000,754
35,29,1.122905e-01,48.00000,35.00000,597
35,30,1.124832e-01,40.00000,36.00000,7352
35,31,1.153907e-01,37.00000,36.00000,656
35,32,1.016481e-01,44.00000,35.00000,649
35,33,1.077720e-01,45.00000,36.00000,1847
35,34,1.037627e-01,49.00000,30.00000,642
35,35,1.032931e-01,40.00000,40.00000,720
35,36,1.124197e-01,41.00000,36.00000,641
35,37,1.059106e-01,49.00000,30.00000,706
35,38,9.937434e-02,59.00000,30.00000,666
35,39,1.139292e-01,54.00000,30.00000,640
35,40,1.112087e-01,44.00000,35.00000,624
35,41,1.086742e-01,30.00000,36.00000,11409
35,42,1.062552e-01,37.00000,36.00000,600
35,43,1.060824e-01,49.00000,30.00000,688
35,44,1.122369e-01,39.00000,36.00000,653
35,45,1.097448e-01,49.00000,30.00000,691
35,46,1.028660e-01,43.00000,35.00000,665
35,47,1.034445e-01,46.00000,35.00000,686
35,48,1.079455e-01,45.00000,35.00000,753
35,49,1.158390e-01,37.00000,35.00000,629
35,50,1.050278e-01,49.00000,30.00000,681
35,51,1.112871e-01,39.00000,36.00000,10451
35,52,1.062761e-01,52.00000,30.00000,611
35,53,1.120484e-01,53.00000,30.00000,611
35,54,1.088245e-01,53.00000,30.00000,659
35,55,1.122743e-01,53.00000,30.00000,613
35,56,1.059947e-01,49.00000,35.00000,596
35,57,1.034902e-01,42.00000,36.00000,649
35,58,1.132559e-01,35.00000,36.00000,615
35,59,1.126235e-01,48.00000,35.00000,598
35,60,1.053203e-01,48.00000,35.00000,635
35,61,1.007877e-01,59.00000,30.00000,2396
35,62,1.112735e-01,30.00000,40.00000,591
35,63,1.042729e-01,48.00000,35.00000,615
35,64,1.087146e-01,47.00000,35.00000,596
35,65,1.069009e-01,54.00000,30.00000,608
35,66,1.076929e-01,45.00000,35.00000,578
35,67,1.086870e-01,48.00000,35.00000,602
35,68,1.037486e-01,47.00000,35.00000,634
35,69,1.124233e-01,30.00000,36.00000,577
35,70,1.009417e-01,53.00000,30.00000,624
35,71,1.072037e-01,53.00000,30.00000,610
36,0,1.075318e-01,36.00000,35.00000,4959
36,1,1.106331e-01,47.00000,35.00000,645
36,2,1.081087e-01,55.00000,30.00000,1357
36,3,1.091991e-01,37.00000,35.00000,713
36,4,1.157601e-01,40.00000,36.00000,651
36,5,1.048152e-01,57.00000,30.00000,665
36,6,1.103029e-01,41.00000,35.00000,653
36,7,1.125159e-01,36.00000,36.00000,720
36,8,1.103729e-01,43.00000,36.00000,630
36,9,1.115064e-01,41.00000,35.00000,618
36,10,1.076996e-01,31.00000,36.00000,2214
36,11,1.021888e-01,46.00000,35.00000,760
36,12,1.099656e-01,39.00000,35.00000,681
36,13,1.057854e-01,40.00000,35.00000,593
36,14,1.099355e-01,49.00000,35.00000,634
36,15,1.055651e-01,53.00000,30.00000,703
36,16,1.048002e-01,46.00000,35.00000,667
36,17,1.035788e-01,54.00000,30.00000,739
36,18,1.052973e-01,41.00000,35.00000,807
36,19,1.087422e-01,49.00000,30.00000,626
36,20,1.096384e-01,49.00000,30.00000,4565
36,21,1.039020e-01,45.00000,35.00000,1504
36,22,1.013009e-01,53.00000,30.00000,616
36,23,1.046421e-01,43.00000,35.00000,1729
36,24,1.007014e-01,57.00000,30.00000,687
36,25,1.105488e-01,30.00000,36.00000,624
36,26,1.098909e-01,49.00000,30.00000,695
36,27,1.040994e-01,54.00000,30.00000,687
36,28,1.021994e-01,55.00000,30.00000,651
36,29,1.028936e-01,48.00000,35.00000,731
36,30,1.094752e-01,35.00000,36.00000,6908
36,31,1.086068e-01,42.00000,35.00000,597
36,32,1.034051e-01,49.00000,35.00000,650
36,33,1.161367e-01,38.00000,35.00000,1521
36,34,1.030050e-01,54.00000,30.00000,693
36,35,1.084573e-01,41.00000,35.00000,696
36,36,1.064747e-01,47.00000,35.00000,731
36,37,1.068953e-01,51.00000,30.00000,693
36,38,1.086164e-01,55.00000,30.00000,642
36,39,1.103043e-01,36.00000,35.00000,678
36,40,1.109767e-01,34.00000,36.00000,3352
36,41,1.021747e-01,45.00000,35.00000,662
36,42,1.109503e-01,53.00000,30.00000,666
36,43,1.101745e-01,37.00000,36.00000,3452
36,44,1.111884e-01,35.00000,36.00000,715
36,45,1.064954e-01,47.00000,35.00000,626
36,46,1.035916e-01,45.00000,35.00000,798
36,47,1.058083e-01,53.00000,30.00000,695
36,48,1.106975e-01,49.00000,30.00000,713
36,49,1.088975e-01,53.00000,30.00000,748
36,50,1.088739e-01,41.00000,36.00000,2645
36,51,1.092965e-01,42.00000,36.00000,731
36,52,1.040477e-01,41.00000,36.00000,703
36,53,1.055103e-01,53.00000,30.00000,4542
36,54,1.103073e-01,49.00000,30.00000,646
36,55,1.099106e-01,53.00000,30.00000,677
36,56,1.095096e-01,40.00000,36.00000,636
36,57,1.057203e-01,49.00000,30.00000,686
36,58,1.174643e-01,43.00000,35.00000,645
36,59,1.045786e-01,58.00000,30.00000,639
36,60,1.028072e-01,45.00000,35.00000,647
36,61,1.089176e-01,37.00000,35.00000,603
36,62,1.023618e-01,51.00000,30.00000,627
36,63,1.058034e-01,52.00000,30.00000,883
36,64,1.050216e-01,53.00000,30.00000,619
36,65,1.096767e-01,55.00000,30.00000,621
36,66,1.032246e-01,58.00000,30.00000,637
36,67,1.152674e-01,30.00000,36.00000,597
36,68,1.068656e-01,47.00000,35.00000,637
36,69,1.096230e-01,30.00000,36.00000,601
36,70,1.109793e-01,46.00000,35.00000,593
36,71,1.098971e-01,42.00000,40.00000,582
37,0,1.112209e-01,45.00000,35.00000,1147
37,1,1.066632e-01,57.00000,30.00000,1155
37,2,1.098852e-01,46.00000,35.00000,1997
37,3,1.040881e-01,55.00000,30.00000,689
37,4,1.077039e-01,36.00000,36.00000,701
37,5,1.099542e-01,42.00000,35.00000,698
37,6,1.057575e-01,49.00000,30.00000,679
37,7,1.080074e-01,44.00000,35.00000,663
37,8,1.062309e-01,53.00000,30.00000,695
37,9,1.064276e-01,36.00000,36.00000,692
37,10,1.103150e-01,45.00000,35.00000,1475
37,11,1.063959e-01,54.00000,30.00000,687
37,12,1.035324e-01,46.00000,35.00000,1209
37,13,1.138160e-01,31.00000,36.00000,646
37,14,1.054587e-01,53.00000,30.00000,789
37,15,1.061162e-01,46.00000,35.00000,651
37,16,1.103913e-01,36.00000,36.00000,641
37,17,1.072288e-01,42.00000,35.00000,728
37,18,1.091157e-01,45.00000,35.00000,720
37,19,1.093459e-01,44.00000,35.00000,676
37,20,1.022619e-01,53.00000,30.00000,2471
37,21,1.147954e-01,43.00000,35.00000,655
37,22,1.097313e-01,39.00000,36.00000,630
37,23,1.146801e-01,36.00000,40.00000,683
37,24,1.115478e-01,36.00000,40.00000,664
37,25,1.135009e-01,53.00000,30.00000,677
37,26,1.080385e-01,54.00000,30.00000,680
37,27,1.041080e-01,52.00000,30.00000,725
37,28,1.159284e-01,30.00000,36.00000,662
37,29,1.089681e-01,49.00000,30.00000,620
37,30,1.156506e-01,31.00000,36.00000,3057
37,31,1.085472e-01,49.00000,30.00000,869
37,32,1.120237e-01,42.00000,36.00000,634
37,33,1.048842e-01,52.00000,30.00000,707
37,34,1.040841e-01,53.00000,30.00000,703
37,35,1.146939e-01,47.00000,35.00000,617
37,36,1.093077e-01,49.00000,30.00000,689
37,37,1.051998e-01,52.00000,30.00000,655
37,38,1.031689e-01,46.00000,35.00000,724
37,39,1.024347e-01,54.00000,30.00000,669
37,40,1.103372e-01,40.00000,35.00000,1030
37,41,1.115322e-01,47.00000,35.00000,639
37,42,1.130721e-01,40.00000,35.00000,1482
37,43,1.108063e-01,46.00000,35.00000,1544
37,44,1.085810e-01,40.00000,35.00000,694
37,45,1.077710e-01,49.00000,30.00000,650
37,46,1.069771e-01,48.00000,35.00000,700
37,47,1.043201e-01,55.00000,30.00000,621
37,48,1.088544e-01,38.00000,36.00000,723
37,49,1.111614e-01,37.00000,35.00000,664
37,50,1.104112e-01,41.00000,35.00000,4081
37,51,1.118313e-01,35.00000,36.00000,596
37,52,1.045553e-01,49.00000,35.00000,696
37,53,1.173325e-01,39.00000,35.00000,649
37,54,1.066004e-01,49.00000,30.00000,1442
37,55,1.071390e-01,49.00000,30.00000,633
37,56,1.060432e-01,57.00000,30.00000,740
37,57,1.111299e-01,46.00000,35.00000,657
37,58,1.079370e-01,41.00000,35.00000,712
37,59,1.016643e-01,57.00000,30.00000,736
37,60,1.091551e-01,37.00000,36.00000,2872
37,61,1.090942e-01,49.00000,30.00000,602
37,62,1.033467e-01,56.00000,30.00000,619
37,63,1.104000e-01,47.00000,35.00000,589
37,64,1.031853e-01,55.00000,30.00000,631
37,65,1.049304e-01,53.00000,30.00000,621
37,66,1.048567e-01,49.00000,30.00000,617
37,67,1.067216e-01,49.00000,30.00000,614
37,68,1.129954e-01,40.00000,35.00000,570
37,69,1.111215e-01,38.00000,35.00000,596
37,70,1.150417e-01,42.00000,36.00000,572
37,71,1.122381e-01,41.00000,40.00000,580
38,0,1.136766e-01,42.00000,35.00000,3800
38,1,1.076943e-01,55.00000,30.00000,740
38,2,1.121574e-01,35.00000,36.00000,665
38,3,1.050159e-01,54.00000,30.00000,694
38,4,1.075328e-01,40.00000,36.00000,679
38,5,1.045478e-01,48.00000,35.00000,781
38,6,1.079104e-01,57.00000,30.00000,698
38,7,1.041915e-01,49.00000,30.00000,705
38,8,1.101082e-01,48.00000,35.00000,683
38,9,1.092554e-01,45.00000,35.00000,791
38,10,1.046271e-01,49.00000,30.00000,10373
38,11,1.119406e-01,46.00000,35.00000,693
38,12,1.036633e-01,54.00000,30.00000,684
38,13,1.119825e-01,44.00000,35.00000,744
38,14,1.207816e-01,25.00000,36.00000,607
38,15,1.096452e-01,47.00000,35.00000,640
38,16,1.069000e-01,37.00000,36.00000,766
38,17,1.044092e-01,52.00000,30.00000,666
38,18,1.162305e-01,50.00000,35.00000,724
38,19,1.132291e-01,37.00000,36.00000,761
38,20,1.145252e-01,42.00000,35.00000,9418
38,21,1.066177e-01,52.00000,30.00000,658
38,22,1.100112e-01,41.00000,35.00000,711
38,23,1.082623e-01,41.00000,36.00000,1282
38,24,1.070287e-01,49.00000,30.00000,711
38,25,1.059807e-01,49.00000,30.00000,614
38,26,1.113651e-01,31.00000,36.00000,722
38,27,1.095142e-01,47.00000,35.00000,652
38,28,1.133896e-01,43.00000,35.00000,678
38,29,1.060230e-01,54.00000,30.00000,724
38,30,1.070948e-01,45.00000,35.00000,12200
38,31,1.098459e-01,54.00000,30.00000,653
38,32,1.092334e-01,56.00000,30.00000,724
38,33,1.103164e-01,54.00000,30.00000,697
38,34,1.065465e-01,52.00000,35.00000,682
38,35,1.076419e-01,37.00000,36.00000,630
38,36,1.050022e-01,49.00000,30.00000,722
38,37,1.188850e-01,43.00000,35.00000,630
38,38,1.130015e-01,30.00000,36.00000,613
38,39,1.134590e-01,35.00000,36.00000,720
38,40,1.072170e-01,40.00000,35.00000,9065
38,41,1.163751e-01,30.00000,36.00000,759
38,42,1.170247e-01,44.00000,35.00000,651
38,43,1.078621e-01,49.00000,30.00000,631
38,44,1.107511e-01,44.00000,35.00000,671
38,45,1.119772e-01,41.00000,36.00000,670
38,46,1.098634e-01,45.00000,35.00000,706
38,47,1.086693e-01,54.00000,30.00000,672
38,48,1.113904e-01,42.00000,35.00000,645
38,49,1.098785e-01,35.00000,36.00000,695
38,50,1.027004e-01,55.00000,30.00000,10243
38,51,1.123867e-01,49.00000,30.00000,664
38,52,1.077290e-01,39.00000,36.00000,641
38,53,1.037202e-01,54.00000,30.00000,763
38,54,1.119148e-01,48.00000,35.00000,622
38,55,1.086099e-01,52.00000,30.00000,658
38,56,1.092983e-01,46.00000,35.00000,2166
38,57,1.060753e-01,51.00000,30.00000,684
38,58,1.062203e-01,35.00000,36.00000,656
38,59,1.104622e-01,48.00000,35.00000,671
38,60,1.065923e-01,50.00000,30.00000,4682
38,61,1.035378e-01,55.00000,30.00000,619
38,62,1.072340e-01,43.00000,35.00000,636
38,63,1.087543e-01,45.00000,36.00000,616
38,64,1.072338e-01,49.00000,30.00000,620
38,65,1.070281e-01,53.00000,30.00000,619
38,66,1.128762e-01,43.00000,35.00000,593
38,67,1.109736e-01,30.00000,36.00000,611
38,68,1.098627e-01,52.00000,30.00000,612
38,69,1.067099e-01,54.00000,30.00000,610
38,70,1.094168e-01,57.00000,30.00000,632
38,71,1.059022e-01,47.00000,35.00000,618
39,0,1.160881e-01,45.00000,35.00000,9589
39,1,1.117604e-01,39.00000,35.00000,2209
39,2,1.087880e-01,48.00000,35.00000,638
39,3,1.115638e-01,41.00000,36.00000,749
39,4,1.057224e-01,55.00000,30.00000,729
39,5,1.166146e-01,47.00000,35.00000,587
39,6,1.053473e-01,53.00000,30.00000,715
39,7,1.052145e-01,52.00000,30.00000,796
39,8,1.091133e-01,40.00000,35.00000,670
39,9,1.120769e-01,41.00000,36.00000,680
39,10,1.132110e-01,42.00000,36.00000,9882
39,11,1.172335e-01,25.00000,36.00000,567
39,12,1.148719e-01,39.00000,35.00000,698
39,13,1.054109e-01,49.00000,30.00000,719
39,14,1.062715e-01,45.00000,35.00000,705
39,15,1.063364e-01,46.00000,35.00000,769
39,16,1.101259e-01,58.00000,30.00000,754
39,17,1.110909e-01,42.00000,35.00000,642
39,18,1.092115e-01,43.00000,35.00000,731
39,19,1.091721e-01,43.00000,35.00000,657
39,20,1.077315e-01,42.00000,35.00000,10937
39,21,1.099451e-01,49.00000,30.00000,653
39,22,1.053729e-01,52.00000,35.00000,685
39,23,1.131745e-01,41.00000,36.00000,695
39,24,1.105163e-01,47.00000,35.00000,586
39,25,1.117120e-01,36.00000,35.00000,732
39,26,1.048298e-01,53.00000,30.00000,685
39,27,1.110224e-01,30.00000,36.00000,648
39,28,1.152636e-01,42.00000,35.00000,689
39,29,1.126899e-01,41.00000,35.00000,585
39,30,1.105992e-01,42.00000,35.00000,8961
39,31,1.075407e-01,55.00000,30.00000,846
39,32,1.030474e-01,54.00000,30.00000,3305
39,33,1.036588e-01,55.00000,30.00000,696
39,34,1.144920e-01,41.00000,35.00000,672
39,35,1.171203e-01,57.00000,30.00000,681
39,36,1.221398e-01,46.00000,35.00000,791
39,37,1.195352e-01,54.00000,30.00000,705
39,38,1.208912e-01,35.00000,36.00000,682
39,39,1.187944e-01,49.00000,35.00000,755
39,40,1.256999e-01,53.00000,30.00000,7529
39,41,1.249607e-01,41.00000,36.00000,2780
39,42,1.349267e-01,31.00000,36.00000,4646
39,43,1.235823e-01,48.00000,35.00000,713
39,44,1.271096e-01,36.00000,36.00000,584
39,45,1.230033e-01,40.00000,36.00000,695
39,46,1.348016e-01,25.00000,36.00000,603
39,47,1.129968e-01,54.00000,30.00000,734
39,48,1.201179e-01,51.00000,30.00000,653
39,49,1.250735e-01,35.00000,40.00000,697
39,50,1.204930e-01,43.00000,36.00000,4353
39,51,1.208974e-01,43.00000,35.00000,788
39,52,1.187731e-01,41.00000,36.00000,6770
39,53,1.161969e-01,49.00000,35.00000,610
39,54,1.187126e-01,55.00000,30.00000,621
39,55,1.207538e-01,42.00000,35.00000,608
39,56,1.170399e-01,35.00000,36.00000,667
39,57,1.154896e-01,52.00000,30.00000,614
39,58,1.180383e-01,45.00000,35.00000,643
39,59,1.174626e-01,35.00000,36.00000,597
39,60,1.118769e-01,43.00000,35.00000,603
39,61,1.128449e-01,52.00000,30.00000,624
39,62,1.130520e-01,55.00000,30.00000,1407
39,63,1.195811e-01,41.00000,36.00000,570
39,64,1.164702e-01,40.00000,40.00000,606
39,65,1.144295e-01,42.00000,35.00000,618
39,66,1.148181e-01,42.00000,36.00000,615
39,67,1.090661e-01,55.00000,30.00000,624
39,68,1.153308e-01,36.00000,40.00000,597
39,69,1.146016e-01,47.00000,35.00000,591
39,70,1.132852e-01,35.00000,36.00000,619
39,71,1.129684e-01,54.00000,30.00000,615
40,0,1.085784e-01,53.00000,30.00000,2224
40,1,1.132816e-01,46.00000,36.00000,669
40,2,1.123541e-01,57.00000,30.00000,674
40,3,1.108665e-01,36.00000,40.00000,760
40,4,1.083532e-01,54.00000,30.00000,702
40,5,1.117551e-01,37.00000,36.00000,749
40,6,1.078115e-01,47.00000,36.00000,727
40,7,1.144466e-01,53.00000,30.00000,705
40,8,1.025407e-01,54.00000,30.00000,735
40,9,1.068148e-01,49.00000,35.00000,694
40,10,1.046952e-01,41.00000,40.00000,781
40,11,1.050814e-01,49.00000,30.00000,666
40,12,1.069200e-01,53.00000,30.00000,658
40,13,1.069584e-01,52.00000,30.00000,722
40,14,1.016970e-01,59.00000,30.00000,771
40,15,1.077145e-01,48.00000,35.00000,772
40,16,1.096104e-01,49.00000,30.00000,675
40,17,1.032261e-01,54.00000,30.00000,754
40,18,1.108095e-01,49.00000,30.00000,704
40,19,1.039647e-01,55.00000,30.00000,728
40,20,1.205570e-01,37.00000,35.00000,686
40,21,1.138391e-01,44.00000,35.00000,638
40,22,1.128615e-01,25.00000,36.00000,768
40,23,1.130320e-01,44.00000,35.00000,651
40,24,1.079530e-01,53.00000,30.00000,730
40,25,1.089443e-01,49.00000,30.00000,661
40,26,1.079941e-01,53.00000,30.00000,723
40,27,1.097445e-01,36.00000,35.00000,675
40,28,1.046633e-01,53.00000,30.00000,679
40,29,1.128768e-01,35.00000,36.00000,650
40,30,1.132928e-01,43.00000,35.00000,652
40,31,1.070237e-01,53.00000,30.00000,702
40,32,1.107951e-01,42.00000,35.00000,695
40,33,1.189770e-01,31.00000,36.00000,595
40,34,1.159599e-01,25.00000,36.00000,654
40,35,1.035909e-01,57.00000,30.00000,725
40,36,1.066447e-01,48.00000,35.00000,730
40,37,1.047023e-01,49.00000,30.00000,698
40,38,1.019782e-01,57.00000,30.00000,723
40,39,1.118095e-01,49.00000,30.00000,596
40,40,1.046165e-01,53.00000,30.00000,716
40,41,1.036264e-01,46.00000,35.00000,720
40,42,1.035900e-01,42.00000,35.00000,650
40,43,1.062835e-01,49.00000,30.00000,610
40,44,1.079711e-01,47.00000,35.00000,730
40,45,1.059603e-01,58.00000,30.00000,663
40,46,1.079633e-01,55.00000,30.00000,780
40,47,1.092790e-01,39.00000,35.00000,690
40,48,1.025006e-01,51.00000,30.00000,704
40,49,1.062051e-01,47.00000,35.00000,659
40,50,1.058749e-01,46.00000,35.00000,780
40,51,1.062800e-01,49.00000,30.00000,659
40,52,1.058444e-01,53.00000,30.00000,635
40,53,1.024074e-01,59.00000,30.00000,641
40,54,1.217897e-01,55.00000,30.00000,632
40,55,1.043968e-01,46.00000,35.00000,628
40,56,1.045957e-01,49.00000,35.00000,605
40,57,1.050944e-01,55.00000,30.00000,633
40,58,1.080761e-01,55.00000,30.00000,625
40,59,1.093794e-01,45.00000,36.00000,608
40,60,1.146199e-01,39.00000,35.00000,596
40,61,1.055265e-01,49.00000,35.00000,621
40,62,1.118657e-01,44.00000,35.00000,599
40,63,1.111820e-01,45.00000,35.00000,582
40,64,1.059472e-01,47.00000,35.00000,635
40,65,1.144919e-01,40.00000,35.00000,575
40,66,1.201372e-01,31.00000,36.00000,577
40,67,1.127173e-01,35.00000,40.00000,591
40,68,1.156207e-01,31.00000,36.00000,572
40,69,1.105190e-01,53.00000,30.00000,615
40,70,1.204501e-01,37.00000,36.00000,554
40,71,1.176996e-01,41.00000,36.00000,576
41,0,1.108899e-01,46.00000,35.00000,3987
41,1,1.087420e-01,35.00000,36.00000,666
41,2,1.090438e-01,46.00000,35.00000,738
41,3,1.101819e-01,57.00000,30.00000,768
41,4,1.049987e-01,47.00000,36.00000,715
41,5,1.156899e-01,42.00000,35.00000,628
41,6,1.154394e-01,46.00000,36.00000,710
41,7,1.106308e-01,42.00000,35.00000,739
41,8,1.107752e-01,57.00000,30.00000,730
41,9,1.198043e-01,36.00000,36.00000,626
41,10,1.048635e-01,56.00000,30.00000,731
41,11,1.068543e-01,55.00000,30.00000,714
41,12,1.097922e-01,35.00000,36.00000,614
41,13,1.061421e-01,39.00000,35.00000,702
41,14,1.124088e-01,49.00000,30.00000,667
41,15,1.079204e-01,41.00000,35.00000,663
41,16,1.089326e-01,58.00000,30.00000,673
41,17,1.125830e-01,48.00000,35.00000,730
41,18,1.058458e-01,43.00000,36.00000,740
41,19,1.126819e-01,30.00000,36.00000,708
41,20,1.088910e-01,57.00000,30.00000,5714
41,21,1.061731e-01,46.00000,35.00000,819
41,22,1.013799e-01,57.00000,30.00000,831
41,23,1.147296e-01,43.00000,35.00000,634
41,24,1.092270e-01,43.00000,36.00000,677
41,25,1.082680e-01,41.00000,36.00000,601
41,26,1.085187e-01,49.00000,35.00000,661
41,27,1.112836e-01,45.00000,35.00000,669
41,28,1.089126e-01,53.00000,30.00000,705
41,29,1.113956e-01,58.00000,30.00000,711
41,30,1.089223e-01,42.00000,35.00000,2174
41,31,1.101243e-01,53.00000,30.00000,1827
41,32,1.112178e-01,39.00000,35.00000,658
41,33,1.069122e-01,47.00000,35.00000,683
41,34,1.041039e-01,54.00000,30.00000,692
41,35,1.077525e-01,43.00000,36.00000,640
41,36,1.044865e-01,53.00000,30.00000,653
41,37,1.077889e-01,53.00000,30.00000,798
41,38,1.057626e-01,53.00000,30.00000,739
41,39,1.060145e-01,41.00000,35.00000,750
41,40,1.157446e-01,25.00000,36.00000,653
41,41,1.109365e-01,40.00000,36.00000,709
41,42,1.082803e-01,51.00000,30.00000,696
41,43,1.160387e-01,43.00000,35.00000,601
41,44,1.143044e-01,30.00000,36.00000,692
41,45,1.128209e-01,39.00000,35.00000,1447
41,46,1.023668e-01,55.00000,30.00000,681
41,47,1.104874e-01,37.00000,36.00000,673
41,48,1.158485e-01,45.00000,35.00000,588
41,49,1.165318e-01,54.00000,30.00000,624
41,50,1.066937e-01,38.00000,40.00000,687
41,51,1.063503e-01,44.00000,35.00000,707
41,52,1.129424e-01,25.00000,36.00000,721
41,53,1.128518e-01,48.00000,35.00000,661
41,54,1.092684e-01,45.00000,35.00000,623
41,55,1.099915e-01,40.00000,35.00000,1575
41,56,1.121367e-01,37.00000,35.00000,649
41,57,1.145824e-01,37.00000,36.00000,662
41,58,1.033198e-01,50.00000,30.00000,623
41,59,1.060334e-01,57.00000,30.00000,634
41,60,1.123064e-01,43.00000,36.00000,580
41,61,1.062883e-01,44.00000,35.00000,601
41,62,1.084875e-01,49.00000,30.00000,629
41,63,1.061952e-01,53.00000,30.00000,618
41,64,1.073852e-01,43.00000,35.00000,619
41,65,1.070927e-01,47.00000,35.00000,650
41,66,1.043106e-01,54.00000,30.00000,610
41,67,1.080066e-01,30.00000,40.00000,625
41,68,1.063137e-01,53.00000,30.00000,643
41,69,1.118940e-01,49.00000,30.00000,601
41,70,1.054251e-01,49.00000,30.00000,626
41,71,1.028392e-01,57.00000,30.00000,635
42,0,1.115584e-01,38.00000,35.00000,745
42,1,1.089024e-01,49.00000,30.00000,671
42,2,1.138262e-01,56.00000,30.00000,746
42,3,1.054232e-01,57.00000,30.00000,705
42,4,1.068929e-01,40.00000,36.00000,671
42,5,1.099525e-01,40.00000,36.00000,618
42,6,1.084004e-01,46.00000,35.00000,696
42,7,1.087842e-01,48.00000,35.00000,613
42,8,1.108288e-01,48.00000,35.00000,693
42,9,1.089385e-01,35.00000,36.00000,757
42,10,1.101270e-01,37.00000,35.00000,752
42,11,1.078632e-01,54.00000,30.00000,693
42,12,1.143910e-01,31.00000,36.00000,653
42,13,1.061221e-01,52.00000,30.00000,701
42,14,1.043936e-01,55.00000,30.00000,699
42,15,1.122353e-01,48.00000,35.00000,709
42,16,1.099652e-01,46.00000,35.00000,660
42,17,1.095247e-01,54.00000,30.00000,686
42,18,1.105196e-01,44.00000,35.00000,648
42,19,1.092753e-01,39.00000,40.00000,620
42,20,1.154281e-01,36.00000,36.00000,686
42,21,1.048830e-01,47.00000,35.00000,755
42,22,1.086052e-01,40.00000,35.00000,709
42,23,1.099063e-01,49.00000,30.00000,650
42,24,1.064750e-01,49.00000,30.00000,665
42,25,1.131285e-01,38.00000,36.00000,684
42,26,1.040061e-01,46.00000,35.00000,673
42,27,1.061970e-01,51.00000,35.00000,649
42,28,1.129908e-01,49.00000,35.00000,669
42,29,1.063311e-01,44.00000,35.00000,761
42,30,1.079239e-01,41.00000,35.00000,733
42,31,1.077258e-01,54.00000,30.00000,708
42,32,1.079566e-01,49.00000,30.00000,682
42,33,1.009397e-01,46.00000,35.00000,679
42,34,1.046199e-01,49.00000,30.00000,733
42,35,1.093064e-01,51.00000,30.00000,622
42,36,1.042484e-01,49.00000,30.00000,652
42,37,1.058419e-01,37.00000,40.00000,748
42,38,1.099449e-01,41.00000,35.00000,660
42,39,1.067985e-01,42.00000,35.00000,707
42,40,1.068328e-01,38.00000,35.00000,705
42,41,1.085734e-01,30.00000,36.00000,719
42,42,1.087696e-01,39.00000,36.00000,664
42,43,1.087451e-01,57.00000,30.00000,726
42,44,1.165609e-01,40.00000,35.00000,617
42,45,1.126586e-01,44.00000,35.00000,720
42,46,1.095374e-01,45.00000,35.00000,595
42,47,1.142362e-01,38.00000,35.00000,683
42,48,1.170070e-01,37.00000,36.00000,624
42,49,1.099239e-01,43.00000,35.00000,642
42,50,1.037619e-01,55.00000,30.00000,701
42,51,1.113394e-01,35.00000,36.00000,624
42,52,1.095256e-01,49.00000,30.00000,660
42,53,1.122292e-01,40.00000,35.00000,611
42,54,1.057078e-01,53.00000,30.00000,625
42,55,1.023030e-01,53.00000,30.00000,628
42,56,1.146409e-01,54.00000,30.00000,623
42,57,1.016326e-01,46.00000,35.00000,629
42,58,1.034567e-01,44.00000,35.00000,658
42,59,1.087632e-01,45.00000,35.00000,618
42,60,1.092065e-01,41.00000,36.00000,620
42,61,1.076243e-01,45.00000,35.00000,605
42,62,1.173348e-01,31.00000,36.00000,562
42,63,1.063131e-01,42.00000,35.00000,638
42,64,1.170930e-01,38.00000,35.00000,558
42,65,1.083470e-01,53.00000,30.00000,613
42,66,1.110565e-01,53.00000,30.00000,614
42,67,1.099515e-01,49.00000,35.00000,608
42,68,1.120927e-01,41.00000,36.00000,578
42,69,1.113308e-01,31.00000,36.00000,612
42,70,1.092346e-01,53.00000,30.00000,622
42,71,1.063711e-01,39.00000,40.00000,619
43,0,1.098709e-01,41.00000,36.00000,4078
43,1,1.153052e-01,39.00000,36.00000,627
43,2,1.065372e-01,55.00000,30.00000,701
43,3,1.046120e-01,49.00000,30.00000,714
43,4,1.055276e-01,42.00000,35.00000,687
43,5,1.022696e-01,51.00000,30.00000,662
43,6,1.097935e-01,30.00000,36.00000,717
43,7,1.108056e-01,44.00000,35.00000,741
43,8,1.112600e-01,43.00000,36.00000,655
43,9,1.104916e-01,47.00000,35.00000,626
43,10,1.028393e-01,48.00000,35.00000,4112
43,11,1.062222e-01,45.00000,35.00000,678
43,12,1.019300e-01,55.00000,30.00000,722
43,13,1.096777e-01,35.00000,36.00000,619
43,14,1.087548e-01,45.00000,35.00000,711
43,15,1.113877e-01,45.00000,35.00000,698
43,16,1.090299e-01,54.00000,30.00000,668
43,17,1.070260e-01,43.00000,35.00000,697
43,18,1.079526e-01,52.00000,30.00000,684
43,19,1.107269e-01,35.00000,36.00000,610
43,20,1.105752e-01,38.00000,36.00000,3192
43,21,1.012616e-01,45.00000,35.00000,715
43,22,1.069686e-01,53.00000,30.00000,710
43,23,1.050987e-01,46.00000,35.00000,733
43,24,1.010616e-01,61.00000,30.00000,768
43,25,1.038403e-01,44.00000,35.00000,645
43,26,1.034704e-01,49.00000,30.00000,698
43,27,1.036927e-01,49.00000,30.00000,635
43,28,1.079153e-01,54.00000,30.00000,790
43,29,1.022092e-01,54.00000,30.00000,694
43,30,9.917814e-02,55.00000,30.00000,5596
43,31,1.022307e-01,52.00000,30.00000,621
43,32,1.016569e-01,54.00000,30.00000,715
43,33,1.014712e-01,57.00000,30.00000,673
43,34,1.066714e-01,47.00000,35.00000,794
43,35,1.043985e-01,49.00000,30.00000,673
43,36,1.041267e-01,47.00000,35.00000,650
43,37,1.032236e-01,53.00000,30.00000,744
43,38,1.034068e-01,54.00000,30.00000,721
43,39,1.023859e-01,53.00000,30.00000,726
43,40,1.148940e-01,45.00000,36.00000,5487
43,41,1.080957e-01,44.00000,35.00000,682
43,42,1.048627e-01,40.00000,40.00000,622
43,43,1.004057e-01,49.00000,30.00000,702
43,44,1.100734e-01,36.00000,35.00000,733
43,45,1.065426e-01,49.00000,30.00000,683
43,46,1.036160e-01,51.00000,30.00000,701
43,47,1.081752e-01,43.00000,35.00000,708
43,48,1.105814e-01,57.00000,30.00000,727
43,49,1.075886e-01,47.00000,35.00000,620
43,50,1.053004e-01,49.00000,30.00000,5716
43,51,1.009445e-01,53.00000,30.00000,676
43,52,1.053158e-01,46.00000,35.00000,693
43,53,1.086060e-01,31.00000,36.00000,691
43,54,1.042857e-01,53.00000,30.00000,661
43,55,1.085053e-01,35.00000,36.00000,646
43,56,1.097530e-01,49.00000,30.00000,681
43,57,1.026570e-01,49.00000,30.00000,665
43,58,1.071164e-01,43.00000,35.00000,629
43,59,1.028284e-01,53.00000,30.00000,648
43,60,1.072644e-01,47.00000,35.00000,3810
43,61,1.114865e-01,42.00000,35.00000,577
43,62,1.040720e-01,47.00000,35.00000,600
43,63,1.121543e-01,35.00000,36.00000,618
43,64,1.093219e-01,43.00000,35.00000,593
43,65,1.089647e-01,44.00000,35.00000,615
43,66,1.136659e-01,31.00000,36.00000,588
43,67,1.105946e-01,53.00000,30.00000,613
43,68,1.084696e-01,42.00000,35.00000,600
43,69,1.111114e-01,47.00000,35.00000,588
43,70,1.074197e-01,47.00000,35.00000,588
43,71,1.078001e-01,44.00000,35.00000,596
44,0,1.039879e-01,57.00000,30.00000,6610
44,1,1.132397e-01,39.00000,36.00000,2563
44,2,1.089510e-01,41.00000,36.00000,741
44,3,1.062909e-01,49.00000,30.00000,689
44,4,1.036397e-01,43.00000,35.00000,749
44,5,1.031836e-01,54.00000,30.00000,614
44,6,1.036201e-01,54.00000,30.00000,1288
44,7,1.060351e-01,37.00000,36.00000,629
44,8,1.096594e-01,37.00000,35.00000,685
44,9,1.022676e-01,52.00000,30.00000,832
44,10,1.091088e-01,53.00000,30.00000,3911
44,11,1.028387e-01,53.00000,30.00000,4530
44,12,1.088418e-01,43.00000,36.00000,656
44,13,1.033306e-01,49.00000,30.00000,736
44,14,1.121253e-01,35.00000,36.00000,608
44,15,1.117595e-01,38.00000,36.00000,2632
44,16,1.062255e-01,42.00000,35.00000,2130
44,17,1.137488e-01,43.00000,35.00000,664
44,18,1.067998e-01,34.00000,36.00000,733
44,19,1.083260e-01,40.00000,36.00000,800
44,20,1.090588e-01,44.00000,35.00000,1446
44,21,1.076766e-01,42.00000,35.00000,7009
44,22,1.061561e-01,59.00000,30.00000,661
44,23,1.102044e-01,38.00000,35.00000,771
44,24,1.055497e-01,38.00000,36.00000,682
44,25,1.050938e-01,56.00000,30.00000,3193
44,26,1.098977e-01,38.00000,35.00000,705
44,27,1.085595e-01,47.00000,35.00000,672
44,28,1.083010e-01,30.00000,36.00000,683
44,29,1.106930e-01,54.00000,30.00000,722
44,30,1.048344e-01,46.00000,35.00000,2745
44,31,1.083878e-01,42.00000,40.00000,4667
44,32,1.045545e-01,49.00000,30.00000,712
44,33,1.041340e-01,52.00000,30.00000,725
44,34,1.008562e-01,44.00000,35.00000,737
44,35,1.068091e-01,49.00000,30.00000,6337
44,36,1.045493e-01,49.00000,30.00000,623
44,37,1.057878e-01,41.00000,35.00000,745
44,38,1.010238e-01,46.00000,36.00000,719
44,39,1.055763e-01,56.00000,30.00000,734
44,40,1.001884e-01,47.00000,36.00000,678
44,41,1.004504e-01,47.00000,35.00000,2973
44,42,1.050979e-01,53.00000,30.00000,786
44,43,1.029302e-01,54.00000,30.00000,689
44,44,1.106790e-01,41.00000,36.00000,651
44,45,1.088833e-01,44.00000,35.00000,5057
44,46,1.013917e-01,52.00000,35.00000,693
44,47,1.077379e-01,49.00000,30.00000,679
44,48,1.071561e-01,57.00000,30.00000,657
44,49,1.032493e-01,53.00000,30.00000,697
44,50,1.078478e-01,36.00000,36.00000,672
44,51,1.101795e-01,36.00000,36.00000,709
44,52,1.031821e-01,53.00000,30.00000,774
44,53,1.086423e-01,41.00000,35.00000,653
44,54,1.055432e-01,55.00000,30.00000,686
44,55,1.120910e-01,44.00000,36.00000,4595
44,56,1.063975e-01,31.00000,36.00000,635
44,57,1.146324e-01,41.00000,35.00000,576
44,58,1.175991e-01,25.00000,36.00000,597
44,59,1.057563e-01,37.00000,36.00000,617
44,60,1.059168e-01,49.00000,35.00000,598
44,61,1.021475e-01,44.00000,35.00000,636
44,62,1.022156e-01,57.00000,30.00000,641
44,63,1.050885e-01,42.00000,35.00000,608
44,64,1.018295e-01,49.00000,30.00000,618
44,65,1.047372e-01,49.00000,30.00000,630
44,66,1.022753e-01,45.00000,35.00000,616
44,67,1.011184e-01,58.00000,30.00000,628
44,68,1.027790e-01,49.00000,30.00000,620
44,69,1.012263e-01,57.00000,30.00000,646
44,70,9.893996e-02,53.00000,30.00000,640
44,71,1.009478e-01,58.00000,30.00000,635
45,0,1.149479e-01,32.00000,36.00000,3806
45,1,1.120378e-01,34.00000,36.00000,625
45,2,1.090018e-01,41.00000,35.00000,668
45,3,1.103188e-01,41.00000,35.00000,629
45,4,1.184996e-01,30.00000,36.00000,624
45,5,1.043942e-01,46.00000,35.00000,670
45,6,1.116354e-01,49.00000,30.00000,670
45,7,1.107458e-01,44.00000,35.00000,614
45,8,1.096615e-01,36.00000,36.00000,674
45,9,1.049561e-01,46.00000,35.00000,734
45,10,1.113750e-01,41.00000,36.00000,1973
45,11,1.110939e-01,35.00000,36.00000,890
45,12,1.133257e-01,48.00000,35.00000,3750
45,13,1.075713e-01,55.00000,30.00000,769
45,14,1.116144e-01,54.00000,30.00000,647
45,15,1.105009e-01,40.00000,36.00000,718
45,16,1.097405e-01,38.00000,36.00000,680
45,17,1.092475e-01,37.00000,35.00000,673
45,18,1.137276e-01,45.00000,35.00000,670
45,19,1.097417e-01,52.00000,30.00000,699
45,20,1.126300e-01,40.00000,40.00000,4458
45,21,1.117982e-01,37.00000,36.00000,713
45,22,1.068507e-01,49.00000,30.00000,1506
45,23,1.140478e-01,35.00000,36.00000,697
45,24,1.084304e-01,41.00000,36.00000,1606
45,25,1.111299e-01,37.00000,36.00000,1794
45,26,1.128373e-01,39.00000,40.00000,604
45,27,9.879809e-02,58.00000,30.00000,804
45,28,1.045672e-01,54.00000,30.00000,728
45,29,1.037432e-01,49.00000,30.00000,676
45,30,1.064790e-01,57.00000,30.00000,693
45,31,1.082163e-01,46.00000,35.00000,683
45,32,1.048263e-01,45.00000,35.00000,3428
45,33,1.083848e-01,48.00000,35.00000,673
45,34,1.050249e-01,57.00000,30.00000,1035
45,35,1.082747e-01,36.00000,40.00000,3540
45,36,1.028326e-01,50.00000,35.00000,681
45,37,1.120775e-01,30.00000,36.00000,682
45,38,1.090314e-01,38.00000,35.00000,661
45,39,1.033868e-01,49.00000,30.00000,646
45,40,1.106044e-01,44.00000,35.00000,3158
45,41,1.015418e-01,53.00000,30.00000,653
45,42,1.136612e-01,41.00000,36.00000,3279
45,43,1.095587e-01,44.00000,35.00000,615
45,44,1.062012e-01,47.00000,35.00000,679
45,45,1.089988e-01,37.00000,36.00000,2152
45,46,1.163965e-01,40.00000,36.00000,591
45,47,1.147169e-01,39.00000,40.00000,668
45,48,1.066827e-01,41.00000,36.00000,619
45,49,1.061261e-01,43.00000,36.00000,786
45,50,1.081891e-01,53.00000,30.00000,665
45,51,1.093414e-01,49.00000,30.00000,701
45,52,1.031879e-01,55.00000,30.00000,4259
45,53,1.024916e-01,55.00000,30.00000,657
45,54,1.045017e-01,41.00000,35.00000,3123
45,55,1.064577e-01,48.00000,35.00000,632
45,56,1.074908e-01,44.00000,35.00000,655
45,57,1.135359e-01,35.00000,36.00000,640
45,58,1.030098e-01,46.00000,35.00000,715
45,59,1.021820e-01,49.00000,30.00000,756
45,60,1.069383e-01,57.00000,30.00000,632
45,61,1.067599e-01,41.00000,35.00000,637
45,62,1.028682e-01,45.00000,35.00000,632
45,63,1.032792e-01,52.00000,30.00000,647
45,64,1.035813e-01,49.00000,30.00000,1437
45,65,1.050200e-01,36.00000,36.00000,615
45,66,1.112906e-01,38.00000,40.00000,582
45,67,1.101110e-01,54.00000,30.00000,610
45,68,1.053457e-01,45.00000,35.00000,607
45,69,1.051465e-01,43.00000,35.00000,640
45,70,1.017821e-01,49.00000,30.00000,628
45,71,1.065115e-01,41.00000,36.00000,598
46,0,1.059668e-01,45.00000,35.00000,4896
46,1,1.083679e-01,53.00000,30.00000,681
46,2,1.079554e-01,42.00000,36.00000,1105
46,3,1.065336e-01,45.00000,35.00000,708
46,4,1.011171e-01,55.00000,30.00000,657
46,5,1.119998e-01,54.00000,30.00000,675
46,6,1.003943e-01,54.00000,30.00000,744
46,7,1.127717e-01,31.00000,36.00000,666
46,8,1.034944e-01,40.00000,36.00000,659
46,9,1.036666e-01,46.00000,36.00000,602
46,10,1.067407e-01,53.00000,30.00000,10442
46,11,1.113973e-01,30.00000,36.00000,646
46,12,1.053365e-01,47.00000,35.00000,643
46,13,1.097910e-01,53.00000,30.00000,1399
46,14,1.079612e-01,37.00000,36.00000,659
46,15,1.040490e-01,46.00000,35.00000,677
46,16,1.091999e-01,41.00000,35.00000,653
46,17,1.073742e-01,42.00000,35.00000,667
46,18,1.061013e-01,30.00000,36.00000,664
46,19,1.024565e-01,59.00000,30.00000,751
46,20,1.030641e-01,49.00000,30.00000,9645
46,21,1.051228e-01,53.00000,30.00000,667
46,22,1.011717e-01,48.00000,35.00000,747
46,23,1.040604e-01,45.00000,35.00000,1133
46,24,1.075236e-01,31.00000,36.00000,705
46,25,1.038129e-01,40.00000,35.00000,612
46,26,1.042585e-01,59.00000,30.00000,671
46,27,1.045287e-01,53.00000,30.00000,711
46,28,1.024441e-01,43.00000,35.00000,688
46,29,1.057218e-01,41.00000,35.00000,707
46,30,1.090002e-01,53.00000,30.00000,12930
46,31,1.038730e-01,36.00000,36.00000,611
46,32,1.071731e-01,45.00000,36.00000,659
46,33,1.033608e-01,48.00000,35.00000,690
46,34,1.036827e-01,46.00000,35.00000,633
46,35,1.028082e-01,54.00000,30.00000,694
46,36,1.003551e-01,47.00000,35.00000,766
46,37,9.940565e-02,54.00000,30.00000,704
46,38,1.046529e-01,49.00000,30.00000,643
46,39,1.052545e-01,49.00000,35.00000,700
46,40,1.061359e-01,57.00000,30.00000,9349
46,41,1.011012e-01,49.00000,35.00000,678
46,42,1.040982e-01,46.00000,35.00000,653
46,43,1.048139e-01,41.00000,35.00000,635
46,44,1.054275e-01,41.00000,36.00000,726
46,45,1.040540e-01,46.00000,35.00000,604
46,46,1.035725e-01,43.00000,35.00000,753
46,47,1.002564e-01,57.00000,30.00000,795
46,48,1.031668e-01,48.00000,35.00000,682
46,49,1.024882e-01,49.00000,30.00000,684
46,50,1.052908e-01,47.00000,35.00000,12716
46,51,1.055910e-01,42.00000,35.00000,615
46,52,1.054854e-01,42.00000,35.00000,595
46,53,1.037939e-01,48.00000,35.00000,630
46,54,9.971457e-02,57.00000,30.00000,643
46,55,1.034555e-01,47.00000,35.00000,635
46,56,1.029436e-01,36.00000,36.00000,611
46,57,1.098832e-01,52.00000,30.00000,618
46,58,1.067155e-01,47.00000,35.00000,603
46,59,1.010972e-01,55.00000,30.00000,624
46,60,1.070817e-01,41.00000,36.00000,580
46,61,1.035374e-01,49.00000,36.00000,623
46,62,1.114567e-01,31.00000,36.00000,596
46,63,1.040771e-01,49.00000,30.00000,610
46,64,1.117152e-01,37.00000,35.00000,597
46,65,1.034326e-01,53.00000,30.00000,615
46,66,1.069970e-01,43.00000,35.00000,592
46,67,1.065177e-01,60.00000,30.00000,641
46,68,1.049243e-01,47.00000,35.00000,600
46,69,1.124498e-01,30.00000,36.00000,605
46,70,1.054989e-01,43.00000,35.00000,612
46,71,1.129821e-01,40.00000,35.00000,565
47,0,1.021128e-01,53.00000,30.00000,5113
47,1,1.010254e-01,55.00000,30.00000,669
47,2,1.023953e-01,43.00000,35.00000,742
47,3,9.965594e-02,51.00000,30.00000,706
47,4,1.006044e-01,53.00000,30.00000,771
47,5,1.013610e-01,42.00000,35.00000,733
47,6,1.000640e-01,53.00000,30.00000,708
47,7,1.011460e-01,53.00000,30.00000,869
47,8,1.023665e-01,47.00000,35.00000,665
47,9,1.036671e-01,58.00000,30.00000,738
47,10,1.028497e-01,54.00000,30.00000,1443
47,11,1.004584e-01,49.00000,30.00000,612
47,12,1.012152e-01,49.00000,30.00000,766
47,13,1.004797e-01,47.00000,35.00000,736
47,14,1.070533e-01,36.00000,35.00000,643
47,15,1.014464e-01,58.00000,30.00000,825
47,16,1.000767e-01,49.00000,30.00000,691
47,17,9.977409e-02,46.00000,35.00000,625
47,18,1.004555e-01,43.00000,35.00000,777
47,19,9.938791e-02,55.00000,30.00000,651
47,20,1.069949e-01,55.00000,30.00000,721
47,21,1.052468e-01,45.00000,35.00000,675
47,22,1.075758e-01,32.00000,36.00000,1769
47,23,1.062574e-01,35.00000,36.00000,3444
47,24,1.077795e-01,55.00000,30.00000,708
47,25,1.019341e-01,54.00000,30.00000,737
47,26,1.033987e-01,49.00000,30.00000,670
47,27,1.011106e-01,52.00000,30.00000,661
47,28,1.038644e-01,42.00000,35.00000,620
47,29,1.050505e-01,35.00000,36.00000,761
47,30,1.076449e-01,45.00000,35.00000,2070
47,31,1.051292e-01,55.00000,30.00000,689
47,32,1.098886e-01,35.00000,36.00000,1963
47,33,1.000916e-01,53.00000,30.00000,5940
47,34,1.022550e-01,53.00000,30.00000,648
47,35,1.048104e-01,37.00000,35.00000,662
47,36,1.096596e-01,43.00000,35.00000,610
47,37,1.096813e-01,37.00000,36.00000,696
47,38,1.058450e-01,36.00000,36.00000,676
47,39,1.048661e-01,49.00000,35.00000,613
47,40,1.012544e-01,40.00000,35.00000,3835
47,41,1.027886e-01,41.00000,36.00000,639
47,42,1.080234e-01,55.00000,30.00000,2047
47,43,1.069059e-01,49.00000,30.00000,6384
47,44,1.098631e-01,59.00000,30.00000,748
47,45,1.103438e-01,25.00000,36.00000,753
47,46,1.008067e-01,42.00000,35.00000,635
47,47,1.069885e-01,52.00000,30.00000,655
47,48,9.972097e-02,53.00000,30.00000,726
47,49,1.063338e-01,37.00000,36.00000,660
47,50,1.017094e-01,55.00000,30.00000,4776
47,51,1.115948e-01,44.00000,35.00000,695
47,52,1.088811e-01,46.00000,36.00000,658
47,53,1.003044e-01,47.00000,35.00000,5354
47,54,1.070748e-01,36.00000,36.00000,630
47,55,1.035960e-01,39.00000,36.00000,688
47,56,1.002799e-01,54.00000,30.00000,691
47,57,1.080327e-01,36.00000,36.00000,696
47,58,1.027928e-01,43.00000,35.00000,662
47,59,1.113197e-01,53.00000,30.00000,611
47,60,1.019829e-01,53.00000,30.00000,712
47,61,1.096109e-01,36.00000,36.00000,581
47,62,1.037878e-01,39.00000,36.00000,658
47,63,1.140067e-01,25.00000,36.00000,1167
47,64,1.074174e-01,53.00000,30.00000,613
47,65,1.034561e-01,48.00000,36.00000,615
47,66,1.062606e-01,52.00000,30.00000,602
47,67,1.040502e-01,61.00000,30.00000,655
47,68,1.001763e-01,35.00000,36.00000,634
47,69,1.055245e-01,43.00000,35.00000,595
47,70,1.079938e-01,38.00000,35.00000,586
47,71,1.067831e-01,46.00000,35.00000,601
48,0,1.077656e-01,42.00000,35.00000,712
48,1,1.063902e-01,46.00000,35.00000,590
48,2,1.076292e-01,37.00000,35.00000,764
48,3,1.094889e-01,35.00000,36.00000,635
48,4,1.063613e-01,45.00000,35.00000,631
48,5,1.102511e-01,38.00000,35.00000,623
48,6,1.081103e-01,44.00000,35.00000,799
48,7,1.083957e-01,35.00000,36.00000,639
48,8,1.128751e-01,37.00000,36.00000,627
48,9,1.062995e-01,42.00000,36.00000,661
48,10,1.024839e-01,45.00000,35.00000,643
48,11,1.044493e-01,49.00000,35.00000,791
48,12,1.017768e-01,55.00000,30.00000,766
48,13,1.016956e-01,48.00000,35.00000,692
48,14,1.046129e-01,38.00000,36.00000,710
48,15,1.025221e-01,42.00000,36.00000,677
48,16,1.006620e-01,54.00000,30.00000,747
48,17,1.059618e-01,42.00000,35.00000,585
48,18,1.042937e-01,42.00000,35.00000,719
48,19,1.006142e-01,54.00000,30.00000,693
48,20,1.031414e-01,42.00000,35.00000,644
48,21,1.022090e-01,43.00000,35.00000,803
48,22,1.008689e-01,53.00000,30.00000,703
48,23,1.052754e-01,50.00000,35.00000,685
48,24,1.009617e-01,48.00000,35.00000,690
48,25,1.066081e-01,44.00000,35.00000,647
48,26,1.043426e-01,45.00000,35.00000,627
48,27,1.059108e-01,49.00000,35.00000,685
48,28,1.036140e-01,49.00000,35.00000,711
48,29,1.029022e-01,49.00000,30.00000,634
48,30,1.052655e-01,50.00000,30.00000,659
48,31,1.047962e-01,46.00000,35.00000,706
48,32,1.032655e-01,40.00000,35.00000,751
48,33,1.076237e-01,57.00000,30.00000,632
48,34,1.106030e-01,42.00000,36.00000,658
48,35,1.052354e-01,55.00000,30.00000,748
48,36,1.086958e-01,42.00000,36.00000,700
48,37,1.044197e-01,45.00000,36.00000,695
48,38,1.065346e-01,31.00000,36.00000,696
48,39,1.072635e-01,37.00000,36.00000,689
48,40,1.001268e-01,54.00000,30.00000,696
48,41,1.078198e-01,25.00000,36.00000,664
48,42,1.021828e-01,46.00000,35.00000,662
48,43,1.056656e-01,45.00000,35.00000,714
48,44,1.050084e-01,43.00000,35.00000,645
48,45,1.042557e-01,54.00000,30.00000,718
48,46,9.962940e-02,49.00000,30.00000,721
48,47,1.042131e-01,43.00000,36.00000,881
48,48,1.025448e-01,55.00000,30.00000,664
48,49,9.838275e-02,47.00000,35.00000,685
48,50,1.030603e-01,43.00000,36.00000,715
48,51,1.051420e-01,46.00000,36.00000,652
48,52,1.042138e-01,52.00000,30.00000,758
48,53,9.751289e-02,53.00000,30.00000,632
48,54,1.038166e-01,46.00000,35.00000,632
48,55,1.093643e-01,38.00000,35.00000,643
48,56,1.098735e-01,49.00000,30.00000,646
48,57,1.027073e-01,44.00000,36.00000,1298
48,58,1.101183e-01,42.00000,36.00000,630
48,59,1.108759e-01,35.00000,36.00000,637
48,60,9.957661e-02,53.00000,30.00000,646
48,61,1.051550e-01,49.00000,35.00000,609
48,62,1.025763e-01,47.00000,35.00000,625
48,63,1.051329e-01,31.00000,36.00000,640
48,64,1.005751e-01,53.00000,30.00000,614
48,65,1.042392e-01,44.00000,35.00000,599
48,66,1.023749e-01,55.00000,30.00000,624
48,67,1.040643e-01,46.00000,35.00000,602
48,68,1.035799e-01,54.00000,30.00000,611
48,69,1.020303e-01,52.00000,30.00000,600
48,70,1.024821e-01,46.00000,35.00000,615
48,71,9.907445e-02,53.00000,30.00000,620
49,0,1.052047e-01,46.00000,35.00000,1190
49,1,1.021783e-01,49.00000,30.00000,779
49,2,1.028668e-01,54.00000,30.00000,674
49,3,9.994921e-02,45.00000,35.00000,753
49,4,1.004755e-01,61.00000,30.00000,699
49,5,1.035089e-01,44.00000,35.00000,701
49,6,1.067600e-01,37.00000,35.00000,666
49,7,1.002693e-01,45.00000,35.00000,697
49,8,9.712248e-02,56.00000,30.00000,710
49,9,1.047612e-01,35.00000,36.00000,749
49,10,1.022405e-01,49.00000,30.00000,691
49,11,1.050848e-01,41.00000,35.00000,689
49,12,9.738676e-02,54.00000,30.00000,688
49,13,1.036016e-01,46.00000,35.00000,686
49,14,1.074302e-01,31.00000,36.00000,700
49,15,1.027782e-01,56.00000,30.00000,715
49,16,1.020487e-01,39.00000,35.00000,657
49,17,1.007363e-01,53.00000,30.00000,645
49,18,1.024047e-01,54.00000,30.00000,772
49,19,1.087214e-01,38.00000,36.00000,638
49,20,1.052315e-01,55.00000,30.00000,753
49,21,1.092696e-01,37.00000,35.00000,625
49,22,1.045274e-01,44.00000,35.00000,671
49,23,1.032277e-01,44.00000,35.00000,650
49,24,1.054838e-01,39.00000,36.00000,677
49,25,1.098084e-01,44.00000,35.00000,714
49,26,1.046212e-01,46.00000,35.00000,661
49,27,1.094070e-01,31.00000,36.00000,607
49,28,1.087106e-01,31.00000,36.00000,724
49,29,1.043994e-01,46.00000,35.00000,696
49,30,9.792520e-02,49.00000,30.00000,673
49,31,1.010294e-01,54.00000,30.00000,648
49,32,1.030780e-01,57.00000,30.00000,631
49,33,1.013661e-01,45.00000,35.00000,704
49,34,1.074397e-01,40.00000,36.00000,667
49,35,1.084839e-01,31.00000,36.00000,711
49,36,1.018400e-01,47.00000,35.00000,633
49,37,1.004200e-01,43.00000,35.00000,782
49,38,1.013720e-01,54.00000,30.00000,709
49,39,9.872092e-02,53.00000,30.00000,737
49,40,1.090039e-01,35.00000,36.00000,621
49,41,1.025455e-01,49.00000,30.00000,642
49,42,1.033839e-01,48.00000,35.00000,681
49,43,1.064674e-01,58.00000,30.00000,651
49,44,9.914557e-02,53.00000,30.00000,685
49,45,1.003854e-01,49.00000,30.00000,628
49,46,1.018730e-01,45.00000,35.00000,700
49,47,1.008256e-01,55.00000,30.00000,693
49,48,1.002243e-01,43.00000,36.00000,714
49,49,1.029864e-01,41.00000,36.00000,678
49,50,1.031415e-01,51.00000,30.00000,740
49,51,1.050823e-01,54.00000,30.00000,706
49,52,1.051914e-01,50.00000,35.00000,681
49,53,1.073496e-01,37.00000,36.00000,623
49,54,1.037470e-01,49.00000,30.00000,661
49,55,1.053476e-01,31.00000,36.00000,650
49,56,9.976232e-02,59.00000,30.00000,644
49,57,1.016188e-01,43.00000,35.00000,618
49,58,1.059019e-01,44.00000,35.00000,628
49,59,1.062231e-01,42.00000,36.00000,607
49,60,1.038964e-01,42.00000,36.00000,627
49,61,1.110275e-01,30.00000,36.00000,593
49,62,1.102067e-01,44.00000,35.00000,583
49,63,1.030440e-01,35.00000,36.00000,617
49,64,9.964928e-02,50.00000,30.00000,624
49,65,1.102085e-01,41.00000,36.00000,571
49,66,1.021667e-01,55.00000,30.00000,623
49,67,1.033603e-01,49.00000,30.00000,593
49,68,1.131320e-01,36.00000,35.00000,596
49,69,9.989925e-02,48.00000,35.00000,616
49,70,1.033633e-01,39.00000,40.00000,598
49,71,1.036516e-01,59.00000,30.00000,644
50,0,1.069093e-01,52.00000,30.00000,3872
50,1,1.024960e-01,52.00000,30.00000,732
50,2,1.033507e-01,57.00000,30.00000,692
50,3,9.952393e-02,44.00000,35.00000,701
50,4,1.053994e-01,48.00000,35.00000,691
50,5,1.003734e-01,45.00000,35.00000,656
50,6,9.783586e-02,49.00000,30.00000,714
50,7,1.045878e-01,35.00000,40.00000,723
50,8,9.794259e-02,49.00000,30.00000,666
50,9,1.038079e-01,37.00000,36.00000,679
50,10,9.950230e-02,48.00000,35.00000,7528
50,11,9.999897e-02,53.00000,30.00000,698
50,12,1.012115e-01,57.00000,30.00000,768
50,13,1.014437e-01,45.00000,35.00000,689
50,14,1.047092e-01,45.00000,35.00000,603
50,15,1.052282e-01,36.00000,36.00000,707
50,16,1.045953e-01,45.00000,35.00000,672
50,17,1.056546e-01,43.00000,35.00000,683
50,18,1.022020e-01,42.00000,35.00000,709
50,19,1.038659e-01,49.00000,35.00000,684
50,20,1.030102e-01,42.00000,36.00000,8804
50,21,1.043341e-01,36.00000,36.00000,718
50,22,1.061152e-01,40.00000,36.00000,628
50,23,1.068177e-01,47.00000,35.00000,612
50,24,1.001196e-01,48.00000,35.00000,709
50,25,1.079483e-01,42.00000,35.00000,625
50,26,1.024593e-01,43.00000,35.00000,740
50,27,1.044025e-01,58.00000,30.00000,663
50,28,1.003842e-01,49.00000,35.00000,771
50,29,1.053602e-01,50.00000,30.00000,659
50,30,1.025272e-01,43.00000,35.00000,7192
50,31,1.004650e-01,55.00000,30.00000,1672
50,32,1.001245e-01,57.00000,30.00000,735
50,33,1.028231e-01,41.00000,35.00000,671
50,34,9.716678e-02,56.00000,30.00000,686
50,35,9.835491e-02,49.00000,30.00000,682
50,36,1.040151e-01,42.00000,35.00000,1616
50,37,1.024645e-01,41.00000,36.00000,844
50,38,1.055060e-01,49.00000,30.00000,637
50,39,1.028749e-01,37.00000,36.00000,625
50,40,1.023898e-01,37.00000,35.00000,8896
50,41,1.002068e-01,57.00000,30.00000,745
50,42,9.919826e-02,54.00000,30.00000,687
50,43,1.058515e-01,45.00000,35.00000,642
50,44,1.004009e-01,49.00000,30.00000,649
50,45,1.025314e-01,42.00000,35.00000,771
50,46,1.065499e-01,31.00000,36.00000,3418
50,47,1.038498e-01,48.00000,35.00000,700
50,48,1.030607e-01,45.00000,35.00000,728
50,49,1.077374e-01,42.00000,35.00000,710
50,50,1.013938e-01,49.00000,30.00000,8672
50,51,1.007328e-01,53.00000,30.00000,752
50,52,9.765588e-02,45.00000,35.00000,684
50,53,1.057384e-01,53.00000,30.00000,656
50,54,1.089470e-01,25.00000,36.00000,699
50,55,1.020641e-01,41.00000,36.00000,618
50,56,1.051123e-01,51.00000,30.00000,644
50,57,1.047742e-01,34.00000,36.00000,715
50,58,1.010507e-01,46.00000,35.00000,616
50,59,1.050000e-01,53.00000,30.00000,690
50,60,9.967067e-02,55.00000,30.00000,3905
50,61,9.791494e-02,36.00000,36.00000,614
50,62,1.074183e-01,31.00000,36.00000,610
50,63,1.042327e-01,49.00000,30.00000,601
50,64,9.960815e-02,59.00000,30.00000,643
50,65,9.721061e-02,53.00000,30.00000,644
50,66,1.001442e-01,55.00000,30.00000,623
50,67,1.043424e-01,49.00000,30.00000,592
50,68,1.004175e-01,56.00000,30.00000,621
50,69,9.973548e-02,42.00000,35.00000,617
50,70,9.848709e-02,48.00000,35.00000,618
50,71,9.757464e-02,49.00000,35.00000,633
51,0,1.019323e-01,42.00000,35.00000,215615
51,1,1.034902e-01,46.00000,35.00000,613
51,2,1.013274e-01,42.00000,35.00000,655
51,3,1.035652e-01,25.00000,36.00000,678
51,4,9.964619e-02,53.00000,30.00000,659
51,5,1.002755e-01,53.00000,30.00000,654
51,6,9.893770e-02,58.00000,30.00000,694
51,7,9.701890e-02,52.00000,30.00000,663
51,8,9.908823e-02,47.00000,35.00000,624
51,9,1.034272e-01,49.00000,30.00000,708
51,10,1.065646e-01,40.00000,35.00000,6069
51,11,1.010953e-01,48.00000,35.00000,864
51,12,1.005262e-01,49.00000,30.00000,594
51,13,1.055565e-01,37.00000,36.00000,710
51,14,1.047354e-01,49.00000,30.00000,721
51,15,9.747691e-02,47.00000,35.00000,699
51,16,1.025902e-01,45.00000,35.00000,702
51,17,1.036739e-01,41.00000,36.00000,688
51,18,1.004377e-01,41.00000,40.00000,735
51,19,9.995902e-02,54.00000,30.00000,703
51,20,1.000766e-01,53.00000,30.00000,11209
51,21,9.978872e-02,39.00000,35.00000,646
51,22,9.968849e-02,58.00000,30.00000,710
51,23,9.873926e-02,38.00000,40.00000,647
51,24,1.002468e-01,54.00000,30.00000,656
51,25,9.855436e-02,61.00000,30.00000,775
51,26,1.007819e-01,45.00000,35.00000,669
51,27,1.035690e-01,49.00000,30.00000,684
51,28,1.020791e-01,40.00000,36.00000,582
51,29,1.046115e-01,47.00000,35.00000,863
51,30,1.097945e-01,34.00000,40.00000,11624
51,31,9.764436e-02,49.00000,30.00000,656
51,32,1.006954e-01,43.00000,35.00000,677
51,33,1.032053e-01,43.00000,35.00000,646
51,34,9.752171e-02,55.00000,30.00000,646
51,35,1.066239e-01,34.00000,36.00000,619
51,36,1.018313e-01,49.00000,30.00000,741
51,37,1.010258e-01,42.00000,35.00000,672
51,38,1.026272e-01,53.00000,30.00000,626
51,39,1.088234e-01,25.00000,36.00000,743
51,40,9.808914e-02,46.00000,35.00000,5660
51,41,9.834088e-02,53.00000,30.00000,692
51,42,1.015163e-01,45.00000,35.00000,694
51,43,1.062269e-01,46.00000,35.00000,659
51,44,9.843784e-02,53.00000,30.00000,699
51,45,1.044136e-01,39.00000,40.00000,676
51,46,1.084537e-01,39.00000,40.00000,712
51,47,1.011861e-01,40.00000,36.00000,629
51,48,1.009140e-01,53.00000,30.00000,696
51,49,9.807774e-02,53.00000,30.00000,713
51,50,1.019601e-01,46.00000,35.00000,13235
51,51,1.078374e-01,45.00000,35.00000,755
51,52,1.039276e-01,42.00000,35.00000,659
51,53,1.094793e-01,54.00000,30.00000,680
51,54,1.069239e-01,43.00000,35.00000,603
51,55,1.101630e-01,51.00000,30.00000,725
51,56,1.074825e-01,54.00000,30.00000,692
51,57,1.051337e-01,54.00000,30.00000,617
51,58,1.108754e-01,42.00000,35.00000,617
51,59,1.078537e-01,42.00000,36.00000,618
51,60,1.060801e-01,41.00000,35.00000,3369
51,61,1.158023e-01,48.00000,35.00000,605
51,62,1.122881e-01,44.00000,36.00000,581
51,63,1.106342e-01,45.00000,35.00000,581
51,64,1.106657e-01,43.00000,35.00000,583
51,65,1.054218e-01,49.00000,30.00000,621
51,66,1.111357e-01,35.00000,36.00000,609
51,67,1.045292e-01,42.00000,36.00000,620
51,68,1.108714e-01,49.00000,30.00000,592
51,69,1.041450e-01,41.00000,35.00000,617
51,70,1.036202e-01,47.00000,35.00000,608
51,71,1.042702e-01,50.00000,35.00000,613
52,0,1.041208e-01,42.00000,35.00000,7507
52,1,1.017393e-01,45.00000,35.00000,832
52,2,1.066161e-01,40.00000,36.00000,781
52,3,1.027211e-01,47.00000,35.00000,641
52,4,1.029123e-01,53.00000,30.00000,727
52,5,1.027600e-01,49.00000,30.00000,628
52,6,1.032190e-01,47.00000,35.00000,652
52,7,1.052451e-01,43.00000,35.00000,675
52,8,1.040661e-01,41.00000,35.00000,668
52,9,1.064866e-01,40.00000,35.00000,713
52,10,9.626536e-02,56.00000,30.00000,11143
52,11,1.072380e-01,43.00000,35.00000,645
52,12,1.002684e-01,42.00000,35.00000,666
52,13,9.881207e-02,58.00000,30.00000,667
52,14,9.897753e-02,55.00000,30.00000,706
52,15,1.012026e-01,49.00000,30.00000,724
52,16,1.030234e-01,44.00000,36.00000,643
52,17,9.645078e-02,54.00000,30.00000,763
52,18,9.865677e-02,51.00000,30.00000,806
52,19,1.037703e-01,54.00000,30.00000,675
52,20,1.039801e-01,41.00000,35.00000,10788
52,21,9.875888e-02,52.00000,30.00000,629
52,22,1.022962e-01,38.00000,35.00000,699
52,23,1.022599e-01,54.00000,30.00000,1004
52,24,9.680581e-02,54.00000,30.00000,680
52,25,1.025070e-01,47.00000,35.00000,686
52,26,1.025590e-01,54.00000,30.00000,676
52,27,1.019166e-01,43.00000,36.00000,753
52,28,1.011834e-01,47.00000,35.00000,647
52,29,1.013254e-01,55.00000,30.00000,701
52,30,1.040235e-01,33.00000,40.00000,9661
52,31,1.110573e-01,25.00000,36.00000,694
52,32,1.072264e-01,30.00000,36.00000,682
52,33,1.026368e-01,46.00000,35.00000,2498
52,34,1.061274e-01,43.00000,35.00000,638
52,35,1.043829e-01,46.00000,35.00000,674
52,36,1.101539e-01,48.00000,35.00000,733
52,37,1.057057e-01,36.00000,36.00000,691
52,38,1.053664e-01,44.00000,35.00000,650
52,39,1.019970e-01,37.00000,36.00000,779
52,40,1.059581e-01,43.00000,35.00000,7831
52,41,1.049777e-01,57.00000,30.00000,687
52,42,1.050953e-01,41.00000,40.00000,637
52,43,1.019650e-01,43.00000,36.00000,3808
52,44,1.057330e-01,49.00000,30.00000,670
52,45,1.080225e-01,31.00000,36.00000,686
52,46,1.026119e-01,57.00000,30.00000,768
52,47,1.088672e-01,53.00000,30.00000,633
52,48,1.060179e-01,43.00000,36.00000,697
52,49,1.006880e-01,41.00000,36.00000,657
52,50,9.951752e-02,35.00000,36.00000,8210
52,51,9.901953e-02,48.00000,35.00000,667
52,52,1.009164e-01,40.00000,35.00000,691
52,53,1.035383e-01,49.00000,30.00000,5483
52,54,1.020284e-01,49.00000,30.00000,630
52,55,1.027676e-01,48.00000,35.00000,637
52,56,9.945512e-02,53.00000,30.00000,649
52,57,1.010750e-01,51.00000,30.00000,608
52,58,1.024571e-01,37.00000,36.00000,624
52,59,9.954771e-02,55.00000,30.00000,625
52,60,1.009883e-01,53.00000,30.00000,613
52,61,1.037488e-01,56.00000,30.00000,623
52,62,9.712566e-02,49.00000,30.00000,652
52,63,1.111257e-01,48.00000,35.00000,601
52,64,1.008987e-01,40.00000,35.00000,628
52,65,1.007383e-01,49.00000,35.00000,607
52,66,1.022186e-01,36.00000,36.00000,604
52,67,1.009016e-01,43.00000,36.00000,603
52,68,1.003905e-01,54.00000,30.00000,619
52,69,1.089198e-01,30.00000,36.00000,605
52,70,1.029608e-01,39.00000,35.00000,606
52,71,1.104173e-01,38.00000,36.00000,573
53,0,1.032625e-01,30.00000,36.00000,6914
53,1,1.117479e-01,49.00000,30.00000,4468
53,2,1.066094e-01,25.00000,36.00000,738
53,3,9.691814e-02,45.00000,35.00000,687
53,4,1.023359e-01,55.00000,30.00000,629
53,5,1.017053e-01,43.00000,36.00000,730
53,6,1.016605e-01,49.00000,30.00000,717
53,7,1.030420e-01,43.00000,36.00000,677
53,8,1.079289e-01,31.00000,36.00000,697
53,9,1.074067e-01,55.00000,30.00000,703
53,10,1.037423e-01,47.00000,35.00000,7759
53,11,1.040454e-01,42.00000,35.00000,6967
53,12,9.601451e-02,49.00000,30.00000,697
53,13,1.053798e-01,46.00000,35.00000,663
53,14,1.088054e-01,25.00000,36.00000,708
53,15,1.050138e-01,30.00000,36.00000,638
53,16,1.019494e-01,50.00000,35.00000,683
53,17,9.799499e-02,57.00000,30.00000,806
53,18,1.005429e-01,49.00000,35.00000,643
53,19,9.932040e-02,55.00000,30.00000,688
53,20,1.065955e-01,46.00000,35.00000,5919
53,21,9.789903e-02,48.00000,35.00000,4079
53,22,9.530405e-02,54.00000,30.00000,653
53,23,9.860756e-02,58.00000,30.00000,759
53,24,1.040270e-01,35.00000,36.00000,642
53,25,1.002377e-01,41.00000,36.00000,644
53,26,1.044694e-01,58.00000,30.00000,706
53,27,1.082397e-01,38.00000,35.00000,578
53,28,9.908722e-02,40.00000,35.00000,802
53,29,1.067794e-01,42.00000,36.00000,664
53,30,9.971485e-02,49.00000,30.00000,14241
53,31,1.032602e-01,36.00000,36.00000,684
53,32,9.862371e-02,44.00000,35.00000,658
53,33,1.009787e-01,43.00000,35.00000,672
53,34,9.634761e-02,46.00000,35.00000,688
53,35,9.636310e-02,53.00000,30.00000,721
53,36,9.867857e-02,49.00000,30.00000,676
53,37,1.013963e-01,54.00000,30.00000,675
53,38,9.947251e-02,40.00000,35.00000,782
53,39,9.618141e-02,58.00000,30.00000,716
53,40,1.008603e-01,49.00000,30.00000,10172
53,41,1.016979e-01,42.00000,36.00000,611
53,42,1.055610e-01,40.00000,35.00000,687
53,43,9.884932e-02,47.00000,35.00000,663
53,44,9.942859e-02,55.00000,30.00000,647
53,45,9.574520e-02,47.00000,35.00000,673
53,46,1.042003e-01,55.00000,30.00000,730
53,47,1.005125e-01,48.00000,35.00000,599
53,48,9.557495e-02,53.00000,30.00000,681
53,49,1.011189e-01,39.00000,35.00000,740
53,50,9.855658e-02,57.00000,30.00000,10018
53,51,9.850557e-02,48.00000,35.00000,711
53,52,1.026193e-01,39.00000,35.00000,640
53,53,9.792677e-02,54.00000,30.00000,711
53,54,1.005831e-01,49.00000,30.00000,643
53,55,9.875721e-02,43.00000,35.00000,744
53,56,1.006234e-01,45.00000,35.00000,700
53,57,9.641522e-02,49.00000,30.00000,706
53,58,9.670541e-02,49.00000,30.00000,635
53,59,9.737277e-02,47.00000,35.00000,616
53,60,9.742078e-02,49.00000,30.00000,1506
53,61,1.005081e-01,53.00000,30.00000,612
53,62,9.863405e-02,42.00000,35.00000,638
53,63,9.897653e-02,50.00000,35.00000,618
53,64,9.795856e-02,50.00000,35.00000,613
53,65,1.011337e-01,44.00000,35.00000,628
53,66,1.012494e-01,47.00000,35.00000,594
53,67,9.960150e-02,47.00000,35.00000,601
53,68,1.008431e-01,52.00000,35.00000,627
53,69,1.066137e-01,35.00000,36.00000,608
53,70,9.908482e-02,49.00000,30.00000,603
53,71,1.020515e-01,47.00000,36.00000,604
54,0,9.891912e-02,49.00000,30.00000,8009
54,1,1.036893e-01,42.00000,35.00000,1653
54,2,9.675501e-02,59.00000,30.00000,721
54,3,9.887629e-02,42.00000,36.00000,603
54,4,9.867875e-02,55.00000,30.00000,705
54,5,9.746829e-02,44.00000,36.00000,833
54,6,1.008402e-01,53.00000,30.00000,719
54,7,9.806921e-02,46.00000,35.00000,666
54,8,9.674834e-02,46.00000,35.00000,707
54,9,1.027354e-01,53.00000,30.00000,743
54,10,9.712254e-02,53.00000,30.00000,4042
54,11,1.047457e-01,30.00000,36.00000,3131
54,12,9.853567e-02,48.00000,35.00000,3034
54,13,1.040586e-01,42.00000,35.00000,672
54,14,1.003121e-01,46.00000,35.00000,660
54,15,9.714092e-02,43.00000,36.00000,679
54,16,1.004163e-01,49.00000,30.00000,680
54,17,9.630622e-02,53.00000,30.00000,631
54,18,9.444930e-02,56.00000,30.00000,715
54,19,9.876371e-02,53.00000,30.00000,717
54,20,1.035238e-01,36.00000,36.00000,4272
54,21,9.931704e-02,49.00000,30.00000,2489
54,22,1.025839e-01,43.00000,36.00000,5540
54,23,1.006923e-01,46.00000,35.00000,708
54,24,1.054261e-01,45.00000,35.00000,701
54,25,1.014385e-01,35.00000,36.00000,671
54,26,1.013433e-01,42.00000,35.00000,664
54,27,9.912217e-02,49.00000,30.00000,683
54,28,1.045295e-01,44.00000,35.00000,626
54,29,1.026300e-01,45.00000,35.00000,674
54,30,1.024619e-01,39.00000,36.00000,5954
54,31,1.012842e-01,42.00000,40.00000,936
54,32,9.485383e-02,62.00000,30.00000,5687
54,33,9.638192e-02,42.00000,35.00000,753
54,34,9.784294e-02,55.00000,30.00000,683
54,35,1.013746e-01,59.00000,30.00000,726
54,36,9.761475e-02,53.00000,30.00000,666
54,37,9.668831e-02,55.00000,30.00000,758
54,38,9.962305e-02,49.00000,30.00000,684
54,39,1.025928e-01,49.00000,30.00000,776
54,40,1.035093e-01,49.00000,30.00000,9212
54,41,9.916645e-02,31.00000,36.00000,689
54,42,9.868161e-02,48.00000,35.00000,1696
54,43,9.682091e-02,54.00000,30.00000,715
54,44,1.025453e-01,41.00000,36.00000,721
54,45,1.002980e-01,49.00000,30.00000,666
54,46,1.030958e-01,49.00000,30.00000,718
54,47,9.578974e-02,57.00000,30.00000,664
54,48,1.004937e-01,36.00000,36.00000,755
54,49,9.850508e-02,41.00000,35.00000,650
54,50,1.002315e-01,37.00000,36.00000,8356
54,51,9.917739e-02,44.00000,35.00000,683
54,52,9.917928e-02,58.00000,30.00000,2063
54,53,9.610820e-02,49.00000,30.00000,654
54,54,1.021789e-01,41.00000,35.00000,651
54,55,9.755634e-02,57.00000,30.00000,674
54,56,1.022349e-01,36.00000,36.00000,670
54,57,1.038338e-01,49.00000,30.00000,683
54,58,1.036332e-01,39.00000,36.00000,689
54,59,1.024558e-01,44.00000,35.00000,667
54,60,1.032741e-01,43.00000,35.00000,3803
54,61,1.022961e-01,49.00000,35.00000,612
54,62,9.666058e-02,51.00000,35.00000,626
54,63,1.025986e-01,46.00000,35.00000,599
54,64,9.697577e-02,43.00000,36.00000,615
54,65,1.046390e-01,48.00000,35.00000,598
54,66,9.660000e-02,54.00000,30.00000,623
54,67,1.049357e-01,34.00000,36.00000,588
54,68,9.853639e-02,50.00000,35.00000,615
54,69,9.851460e-02,48.00000,35.00000,606
54,70,1.031560e-01,37.00000,36.00000,594
54,71,1.004891e-01,52.00000,30.00000,611
55,0,1.010226e-01,54.00000,30.00000,6261
55,1,9.982596e-02,44.00000,35.00000,782
55,2,1.016145e-01,53.00000,30.00000,690
55,3,1.002271e-01,36.00000,36.00000,704
55,4,1.004245e-01,53.00000,30.00000,613
55,5,1.066946e-01,30.00000,36.00000,795
55,6,1.012060e-01,53.00000,30.00000,687
55,7,9.674251e-02,45.00000,35.00000,715
55,8,9.971453e-02,41.00000,36.00000,662
55,9,9.943494e-02,52.00000,35.00000,665
55,10,9.915394e-02,36.00000,36.00000,5564
55,11,1.034546e-01,42.00000,35.00000,5901
55,12,1.006883e-01,49.00000,30.00000,633
55,13,1.010255e-01,48.00000,35.00000,655
55,14,9.882050e-02,49.00000,30.00000,727
55,15,1.014639e-01,40.00000,36.00000,698
55,16,1.032422e-01,41.00000,36.00000,697
55,17,1.101313e-01,31.00000,36.00000,679
55,18,9.854081e-02,48.00000,35.00000,661
55,19,1.046021e-01,43.00000,35.00000,612
55,20,1.012691e-01,58.00000,30.00000,6369
55,21,9.862316e-02,57.00000,30.00000,5037
55,22,9.885479e-02,36.00000,36.00000,604
55,23,1.054975e-01,44.00000,35.00000,713
55,24,9.771934e-02,39.00000,35.00000,658
55,25,9.902005e-02,53.00000,30.00000,795
55,26,1.035892e-01,25.00000,36.00000,685
55,27,9.831657e-02,36.00000,36.00000,680
55,28,9.866181e-02,57.00000,30.00000,716
55,29,1.013744e-01,39.00000,36.00000,670
55,30,9.805644e-02,49.00000,30.00000,5652
55,31,9.640378e-02,49.00000,30.00000,5579
55,32,9.804174e-02,37.00000,35.00000,689
55,33,9.689687e-02,53.00000,30.00000,646
55,34,9.648677e-02,43.00000,35.00000,714
55,35,9.732564e-02,49.00000,30.00000,761
55,36,9.931269e-02,53.00000,30.00000,648
55,37,9.864820e-02,30.00000,36.00000,778
55,38,1.029918e-01,53.00000,30.00000,684
55,39,9.747077e-02,46.00000,35.00000,634
55,40,1.012344e-01,39.00000,36.00000,7290
55,41,1.056055e-01,39.00000,36.00000,4871
55,42,1.017766e-01,46.00000,35.00000,734
55,43,9.752645e-02,51.00000,30.00000,640
55,44,1.047734e-01,30.00000,36.00000,617
55,45,1.025913e-01,41.00000,35.00000,680
55,46,9.933298e-02,49.00000,30.00000,656
55,47,1.033769e-01,31.00000,36.00000,621
55,48,1.006785e-01,41.00000,35.00000,741
55,49,1.040494e-01,37.00000,35.00000,606
55,50,1.002978e-01,45.00000,35.00000,4927
55,51,9.966212e-02,53.00000,30.00000,4870
55,52,1.001530e-01,42.00000,35.00000,739
55,53,1.077698e-01,39.00000,35.00000,686
55,54,9.949096e-02,43.00000,35.00000,659
55,55,1.004981e-01,36.00000,35.00000,720
55,56,9.991511e-02,48.00000,35.00000,630
55,57,1.028717e-01,44.00000,36.00000,690
55,58,9.682121e-02,54.00000,30.00000,623
55,59,9.774112e-02,41.00000,36.00000,658
55,60,1.030231e-01,49.00000,30.00000,3475
55,61,1.039702e-01,43.00000,35.00000,567
55,62,9.636371e-02,45.00000,35.00000,632
55,63,9.937740e-02,40.00000,35.00000,636
55,64,9.924951e-02,42.00000,36.00000,594
55,65,9.828274e-02,38.00000,36.00000,654
55,66,1.007209e-01,53.00000,30.00000,629
55,67,9.610209e-02,50.00000,35.00000,630
55,68,9.841707e-02,45.00000,36.00000,645
55,69,1.020001e-01,49.00000,30.00000,596
55,70,9.756926e-02,57.00000,30.00000,634
55,71,9.752891e-02,54.00000,30.00000,638
56,0,9.451894e-02,54.00000,30.00000,2658
56,1,9.739168e-02,59.00000,30.00000,744
56,2,9.651483e-02,54.00000,30.00000,705
56,3,9.544577e-02,57.00000,30.00000,691
56,4,9.702199e-02,57.00000,30.00000,821
56,5,9.947555e-02,52.00000,30.00000,680
56,6,1.004481e-01,31.00000,36.00000,621
56,7,1.032422e-01,31.00000,36.00000,639
56,8,1.015318e-01,37.00000,36.00000,709
56,9,1.010516e-01,45.00000,35.00000,689
56,10,9.952717e-02,54.00000,30.00000,715
56,11,1.024256e-01,48.00000,35.00000,621
56,12,1.022684e-01,43.00000,36.00000,589
56,13,1.048889e-01,44.00000,35.00000,683
56,14,1.039768e-01,44.00000,35.00000,656
56,15,1.006680e-01,40.00000,36.00000,664
56,16,9.720293e-02,50.00000,35.00000,671
56,17,9.660667e-02,53.00000,30.00000,716
56,18,1.017606e-01,40.00000,36.00000,673
56,19,9.649697e-02,54.00000,30.00000,838
56,20,1.007097e-01,35.00000,36.00000,1201
56,21,9.642515e-02,55.00000,30.00000,704
56,22,9.293896e-02,53.00000,30.00000,701
56,23,1.013349e-01,43.00000,36.00000,655
56,24,9.828660e-02,38.00000,35.00000,624
56,25,9.722477e-02,52.00000,30.00000,696
56,26,9.856744e-02,46.00000,35.00000,665
56,27,9.999154e-02,53.00000,30.00000,699
56,28,9.726863e-02,53.00000,30.00000,717
56,29,9.749436e-02,46.00000,36.00000,704
56,30,1.022389e-01,35.00000,36.00000,672
56,31,9.530038e-02,53.00000,30.00000,643
56,32,9.851394e-02,51.00000,30.00000,625
56,33,1.035349e-01,49.00000,30.00000,687
56,34,9.696050e-02,49.00000,30.00000,676
56,35,9.534883e-02,46.00000,35.00000,702
56,36,9.384851e-02,53.00000,30.00000,680
56,37,9.978989e-02,52.00000,30.00000,647
56,38,9.210341e-02,55.00000,30.00000,727
56,39,9.815907e-02,48.00000,35.00000,710
56,40,9.930298e-02,54.00000,30.00000,2387
56,41,1.012417e-01,49.00000,30.00000,689
56,42,9.922668e-02,45.00000,35.00000,686
56,43,9.854934e-02,57.00000,30.00000,712
56,44,9.876264e-02,42.00000,36.00000,632
56,45,9.776353e-02,42.00000,40.00000,688
56,46,1.009249e-01,38.00000,35.00000,667
56,47,1.001031e-01,43.00000,36.00000,667
56,48,1.007215e-01,43.00000,35.00000,602
56,49,9.738528e-02,41.00000,36.00000,720
56,50,1.011863e-01,45.00000,35.00000,2737
56,51,1.009307e-01,42.00000,36.00000,636
56,52,1.000550e-01,39.00000,35.00000,614
56,53,9.860303e-02,46.00000,35.00000,628
56,54,1.013712e-01,37.00000,36.00000,610
56,55,9.713478e-02,45.00000,35.00000,615
56,56,9.959338e-02,42.00000,35.00000,617
56,57,1.027567e-01,47.00000,35.00000,587
56,58,1.062222e-01,32.00000,36.00000,599
56,59,9.915762e-02,55.00000,30.00000,642
56,60,9.883104e-02,47.00000,35.00000,1596
56,61,9.483402e-02,50.00000,35.00000,614
56,62,9.402041e-02,53.00000,30.00000,629
56,63,1.000875e-01,44.00000,35.00000,603
56,64,1.033322e-01,37.00000,36.00000,577
56,65,9.989209e-02,49.00000,30.00000,628
56,66,9.855064e-02,49.00000,30.00000,607
56,67,1.020113e-01,39.00000,35.00000,605
56,68,1.012355e-01,49.00000,30.00000,599
56,69,1.005777e-01,53.00000,30.00000,613
56,70,9.927253e-02,43.00000,35.00000,627
56,71,1.001567e-01,36.00000,36.00000,607
57,0,9.791994e-02,54.00000,30.00000,1690
57,1,9.718032e-02,55.00000,30.00000,796
57,2,9.476312e-02,58.00000,30.00000,626
57,3,9.814741e-02,42.00000,35.00000,695
57,4,9.916421e-02,46.00000,35.00000,702
57,5,9.974007e-02,54.00000,30.00000,817
57,6,9.726749e-02,40.00000,36.00000,674
57,7,9.591094e-02,53.00000,30.00000,700
57,8,1.006513e-01,41.00000,35.00000,746
57,9,9.705579e-02,48.00000,35.00000,681
57,10,9.572577e-02,41.00000,36.00000,6940
57,11,9.910797e-02,58.00000,30.00000,700
57,12,1.023634e-01,53.00000,30.00000,668
57,13,1.011879e-01,49.00000,30.00000,754
57,14,9.631888e-02,54.00000,30.00000,679
57,15,9.782635e-02,52.00000,30.00000,725
57,16,1.003840e-01,31.00000,36.00000,726
57,17,9.603317e-02,54.00000,30.00000,737
57,18,9.514041e-02,50.00000,35.00000,691
57,19,9.652536e-02,37.00000,36.00000,675
57,20,1.082949e-01,31.00000,36.00000,6096
57,21,9.905154e-02,49.00000,30.00000,691
57,22,9.892111e-02,53.00000,30.00000,711
57,23,9.784023e-02,53.00000,30.00000,756
57,24,1.033757e-01,44.00000,35.00000,728
57,25,9.755287e-02,44.00000,35.00000,2394
57,26,1.028939e-01,44.00000,35.00000,648
57,27,9.532757e-02,36.00000,40.00000,746
57,28,1.004688e-01,32.00000,40.00000,620
57,29,1.004507e-01,37.00000,36.00000,659
57,30,1.032178e-01,41.00000,36.00000,3486
57,31,9.802606e-02,48.00000,35.00000,725
57,32,9.939398e-02,30.00000,36.00000,614
57,33,1.040948e-01,49.00000,35.00000,659
57,34,9.713671e-02,59.00000,30.00000,685
57,35,9.990165e-02,42.00000,36.00000,683
57,36,1.019336e-01,58.00000,30.00000,713
57,37,1.010838e-01,40.00000,36.00000,653
57,38,1.003407e-01,45.00000,35.00000,667
57,39,9.786125e-02,45.00000,35.00000,705
57,40,1.047461e-01,46.00000,35.00000,684
57,41,1.011039e-01,54.00000,30.00000,737
57,42,1.075507e-01,37.00000,35.00000,682
57,43,1.010677e-01,53.00000,30.00000,717
57,44,9.948552e-02,53.00000,30.00000,691
57,45,1.051565e-01,53.00000,30.00000,688
57,46,1.049656e-01,54.00000,30.00000,675
57,47,1.013653e-01,49.00000,30.00000,629
57,48,9.978589e-02,45.00000,35.00000,676
57,49,1.005147e-01,52.00000,30.00000,780
57,50,9.985724e-02,45.00000,35.00000,702
57,51,1.127118e-01,38.00000,36.00000,682
57,52,1.040330e-01,41.00000,40.00000,623
57,53,1.044742e-01,31.00000,36.00000,657
57,54,1.049006e-01,45.00000,35.00000,659
57,55,1.028841e-01,38.00000,36.00000,618
57,56,1.009501e-01,31.00000,36.00000,637
57,57,1.062017e-01,37.00000,36.00000,586
57,58,1.048159e-01,36.00000,36.00000,573
57,59,1.050817e-01,57.00000,30.00000,632
57,60,1.092078e-01,31.00000,36.00000,578
57,61,1.002559e-01,53.00000,30.00000,628
57,62,9.906624e-02,49.00000,35.00000,610
57,63,9.746981e-02,56.00000,30.00000,626
57,64,1.032736e-01,42.00000,35.00000,617
57,65,9.816115e-02,61.00000,30.00000,653
57,66,9.759521e-02,49.00000,30.00000,597
57,67,9.676571e-02,52.00000,30.00000,636
57,68,9.714372e-02,48.00000,35.00000,619
57,69,9.685177e-02,48.00000,35.00000,628
57,70,9.500896e-02,57.00000,30.00000,632
57,71,9.995718e-02,45.00000,35.00000,580
58,0,1.049620e-01,30.00000,40.00000,4237
58,1,1.021732e-01,38.00000,35.00000,687
58,2,1.029231e-01,30.00000,36.00000,751
58,3,1.035034e-01,25.00000,36.00000,639
58,4,1.000049e-01,45.00000,35.00000,1508
58,5,1.014881e-01,43.00000,35.00000,763
58,6,1.016636e-01,53.00000,30.00000,1872
58,7,1.000138e-01,53.00000,30.00000,689
58,8,1.005485e-01,49.00000,35.00000,674
58,9,9.840525e-02,54.00000,30.00000,669
58,10,9.968437e-02,54.00000,30.00000,1137
58,11,9.861843e-02,44.00000,35.00000,673
58,12,1.054939e-01,30.00000,36.00000,712
58,13,1.024669e-01,54.00000,30.00000,649
58,14,9.714459e-02,45.00000,35.00000,4395
58,15,1.016076e-01,37.00000,36.00000,662
58,16,9.587031e-02,53.00000,30.00000,713
58,17,1.011413e-01,46.00000,35.00000,659
58,18,9.642171e-02,47.00000,35.00000,705
58,19,1.000313e-01,43.00000,35.00000,685
58,20,9.519405e-02,58.00000,30.00000,740
58,21,9.887347e-02,56.00000,30.00000,763
58,22,9.565046e-02,56.00000,30.00000,699
58,23,9.601770e-02,51.00000,35.00000,686
58,24,9.722316e-02,40.00000,36.00000,4694
58,25,9.932604e-02,46.00000,35.00000,717
58,26,9.443531e-02,52.00000,30.00000,636
58,27,9.529552e-02,53.00000,30.00000,707
58,28,9.399681e-02,52.00000,30.00000,709
58,29,9.931206e-02,36.00000,36.00000,612
58,30,9.722898e-02,40.00000,36.00000,667
58,31,9.468816e-02,52.00000,30.00000,692
58,32,1.007406e-01,25.00000,36.00000,692
58,33,1.017246e-01,37.00000,36.00000,678
58,34,9.749309e-02,49.00000,30.00000,5194
58,35,9.873489e-02,46.00000,35.00000,628
58,36,1.020499e-01,35.00000,36.00000,700
58,37,1.017208e-01,58.00000,30.00000,638
58,38,1.031076e-01,51.00000,35.00000,661
58,39,9.712072e-02,49.00000,30.00000,739
58,40,9.908479e-02,43.00000,35.00000,618
58,41,1.015746e-01,57.00000,30.00000,699
58,42,1.035903e-01,45.00000,35.00000,652
58,43,9.636059e-02,37.00000,40.00000,741
58,44,9.479637e-02,55.00000,30.00000,6988
58,45,1.021903e-01,48.00000,35.00000,611
58,46,9.992235e-02,31.00000,36.00000,685
58,47,9.850163e-02,43.00000,35.00000,618
58,48,9.741294e-02,55.00000,30.00000,666
58,49,9.546257e-02,49.00000,30.00000,663
58,50,1.003063e-01,39.00000,40.00000,637
58,51,9.611534e-02,49.00000,30.00000,704
58,52,9.875031e-02,41.00000,36.00000,635
58,53,9.849064e-02,44.00000,35.00000,688
58,54,9.704787e-02,59.00000,30.00000,4419
58,55,9.740537e-02,47.00000,35.00000,646
58,56,9.783409e-02,54.00000,30.00000,621
58,57,9.935495e-02,39.00000,35.00000,601
58,58,1.033448e-01,36.00000,36.00000,618
58,59,9.894436e-02,49.00000,30.00000,595
58,60,1.033134e-01,43.00000,35.00000,624
58,61,9.930972e-02,37.00000,36.00000,634
58,62,9.854227e-02,55.00000,30.00000,622
58,63,1.010170e-01,41.00000,36.00000,604
58,64,1.009042e-01,52.00000,30.00000,901
58,65,1.000165e-01,44.00000,35.00000,598
58,66,9.794150e-02,43.00000,35.00000,613
58,67,9.975207e-02,40.00000,36.00000,596
58,68,9.632956e-02,49.00000,35.00000,605
58,69,1.024181e-01,36.00000,35.00000,570
58,70,9.910704e-02,48.00000,35.00000,603
58,71,1.033845e-01,46.00000,35.00000,595
59,0,9.855800e-02,49.00000,30.00000,14120
59,1,1.012748e-01,53.00000,30.00000,2196
59,2,1.010116e-01,54.00000,30.00000,711
59,3,1.050542e-01,30.00000,36.00000,664
59,4,1.039410e-01,37.00000,35.00000,634
59,5,9.456402e-02,47.00000,35.00000,663
59,6,1.066721e-01,25.00000,36.00000,657
59,7,9.982452e-02,30.00000,36.00000,671
59,8,1.037731e-01,45.00000,35.00000,603
59,9,9.887595e-02,42.00000,36.00000,651
59,10,9.442858e-02,59.00000,30.00000,9516
59,11,9.717012e-02,31.00000,36.00000,2072
59,12,9.765851e-02,45.00000,35.00000,690
59,13,9.764586e-02,54.00000,30.00000,707
59,14,9.811636e-02,35.00000,36.00000,714
59,15,9.702280e-02,53.00000,30.00000,713
59,16,9.599168e-02,50.00000,35.00000,679
59,17,9.685015e-02,49.00000,30.00000,657
59,18,1.028107e-01,45.00000,35.00000,750
59,19,9.408808e-02,54.00000,30.00000,729
59,20,9.969072e-02,57.00000,30.00000,9531
59,21,9.857696e-02,43.00000,35.00000,1444
59,22,1.007369e-01,30.00000,36.00000,696
59,23,9.858897e-02,47.00000,35.00000,719
59,24,9.819552e-02,54.00000,30.00000,2990
59,25,9.994107e-02,43.00000,35.00000,649
59,26,1.000726e-01,40.00000,35.00000,692
59,27,9.287366e-02,55.00000,30.00000,751
59,28,9.604970e-02,47.00000,35.00000,690
59,29,9.865254e-02,42.00000,35.00000,649
59,30,9.926105e-02,49.00000,30.00000,7631
59,31,9.714988e-02,47.00000,35.00000,2431
59,32,9.952424e-02,49.00000,30.00000,727
59,33,1.003894e-01,31.00000,36.00000,738
59,34,9.518440e-02,49.00000,30.00000,5306
59,35,9.685975e-02,43.00000,35.00000,637
59,36,9.707798e-02,52.00000,30.00000,604
59,37,9.640542e-02,49.00000,30.00000,801
59,38,1.013482e-01,49.00000,35.00000,730
59,39,9.933087e-02,53.00000,30.00000,637
59,40,9.688763e-02,56.00000,30.00000,2562
59,41,9.566613e-02,51.00000,35.00000,674
59,42,9.615614e-02,42.00000,35.00000,2312
59,43,9.322079e-02,53.00000,30.00000,701
59,44,9.463128e-02,46.00000,35.00000,10319
59,45,9.659491e-02,55.00000,30.00000,733
59,46,1.012886e-01,40.00000,35.00000,685
59,47,9.989673e-02,36.00000,36.00000,676
59,48,1.012688e-01,37.00000,35.00000,621
59,49,9.699415e-02,52.00000,30.00000,770
59,50,9.692986e-02,45.00000,35.00000,656
59,51,9.784778e-02,37.00000,36.00000,708
59,52,9.413555e-02,54.00000,30.00000,667
59,53,9.636619e-02,49.00000,30.00000,716
59,54,9.647980e-02,45.00000,35.00000,8241
59,55,9.608316e-02,49.00000,30.00000,699
59,56,1.003965e-01,40.00000,35.00000,649
59,57,1.023074e-01,48.00000,35.00000,649
59,58,9.904198e-02,43.00000,35.00000,687
59,59,1.028577e-01,25.00000,36.00000,593
59,60,1.010083e-01,38.00000,35.00000,592
59,61,9.989610e-02,43.00000,36.00000,627
59,62,1.005757e-01,42.00000,35.00000,596
59,63,1.023370e-01,49.00000,30.00000,591
59,64,1.005132e-01,38.00000,35.00000,589
59,65,9.892967e-02,38.00000,36.00000,615
59,66,1.012646e-01,36.00000,35.00000,610
59,67,9.956325e-02,41.00000,35.00000,605
59,68,9.727985e-02,52.00000,30.00000,602
59,69,9.971743e-02,41.00000,35.00000,611
59,70,9.692517e-02,49.00000,30.00000,619
59,71,9.408432e-02,47.00000,35.00000,637
60,0,9.992473e-02,59.00000,30.00000,2384
60,1,1.001978e-01,48.00000,35.00000,955
60,2,9.584910e-02,57.00000,30.00000,749
60,3,9.917304e-02,44.00000,35.00000,1703
60,4,1.027138e-01,41.00000,36.00000,667
60,5,9.829669e-02,36.00000,36.00000,655
60,6,9.918924e-02,46.00000,35.00000,696
60,7,1.019906e-01,37.00000,36.00000,631
60,8,1.073343e-01,36.00000,35.00000,637
60,9,1.023042e-01,25.00000,36.00000,717
60,10,1.015393e-01,42.00000,35.00000,655
60,11,9.848595e-02,41.00000,36.00000,4366
60,12,9.602465e-02,51.00000,30.00000,657
60,13,1.006080e-01,40.00000,35.00000,681
60,14,9.573477e-02,47.00000,35.00000,734
60,15,9.671459e-02,53.00000,30.00000,658
60,16,9.471215e-02,45.00000,35.00000,695
60,17,9.664019e-02,47.00000,35.00000,789
60,18,9.880221e-02,53.00000,30.00000,701
60,19,1.001258e-01,54.00000,30.00000,691
60,20,1.025701e-01,49.00000,30.00000,3149
60,21,9.905193e-02,42.00000,35.00000,675
60,22,9.870291e-02,37.00000,36.00000,640
60,23,9.461718e-02,54.00000,30.00000,2417
60,24,1.011723e-01,41.00000,35.00000,2031
60,25,9.882165e-02,37.00000,36.00000,637
60,26,9.522001e-02,57.00000,30.00000,778
60,27,9.775174e-02,60.00000,30.00000,662
60,28,9.691700e-02,43.00000,36.00000,673
60,29,9.485414e-02,49.00000,30.00000,721
60,30,1.039027e-01,30.00000,36.00000,6901
60,31,1.035200e-01,36.00000,36.00000,627
60,32,1.015222e-01,49.00000,30.00000,637
60,33,9.228055e-02,57.00000,30.00000,1688
60,34,9.942195e-02,55.00000,30.00000,744
60,35,9.898966e-02,45.00000,35.00000,691
60,36,1.044049e-01,42.00000,36.00000,592
60,37,9.618440e-02,36.00000,36.00000,708
60,38,1.002404e-01,41.00000,35.00000,709
60,39,9.674150e-02,49.00000,30.00000,652
60,40,9.729604e-02,55.00000,30.00000,8195
60,41,9.674863e-02,45.00000,35.00000,694
60,42,9.538972e-02,45.00000,35.00000,713
60,43,9.735271e-02,49.00000,30.00000,620
60,44,9.545639e-02,45.00000,35.00000,769
60,45,9.631793e-02,47.00000,35.00000,683
60,46,1.031125e-01,31.00000,36.00000,4050
60,47,9.519424e-02,55.00000,30.00000,763
60,48,9.857449e-02,39.00000,40.00000,637
60,49,1.011949e-01,42.00000,35.00000,597
60,50,9.816695e-02,43.00000,35.00000,5369
60,51,9.566140e-02,49.00000,35.00000,1083
60,52,9.549125e-02,53.00000,30.00000,1321
60,53,9.589369e-02,44.00000,35.00000,2900
60,54,9.535421e-02,59.00000,30.00000,672
60,55,9.948437e-02,46.00000,35.00000,663
60,56,9.660325e-02,45.00000,35.00000,2495
60,57,1.005175e-01,41.00000,36.00000,694
60,58,9.568598e-02,49.00000,30.00000,695
60,59,9.550144e-02,55.00000,30.00000,638
60,60,9.508634e-02,48.00000,35.00000,1683
60,61,9.443314e-02,43.00000,35.00000,648
60,62,9.490922e-02,43.00000,36.00000,1266
60,63,9.952073e-02,53.00000,30.00000,618
60,64,9.374425e-02,54.00000,30.00000,619
60,65,9.557202e-02,54.00000,30.00000,622
60,66,9.301626e-02,54.00000,30.00000,627
60,67,9.480041e-02,44.00000,35.00000,628
60,68,9.651485e-02,54.00000,30.00000,615
60,69,9.807923e-02,45.00000,35.00000,608
60,70,9.696600e-02,53.00000,30.00000,628
60,71,9.491728e-02,49.00000,30.00000,623
61,0,9.924767e-02,40.00000,35.00000,5760
61,1,9.865014e-02,45.00000,35.00000,1690
61,2,9.284773e-02,56.00000,30.00000,2744
61,3,9.681882e-02,40.00000,36.00000,738
61,4,9.919898e-02,42.00000,35.00000,624
61,5,1.003103e-01,33.00000,40.00000,629
61,6,9.788249e-02,52.00000,30.00000,715
61,7,9.661440e-02,40.00000,36.00000,748
61,8,9.764037e-02,60.00000,30.00000,661
61,9,9.805752e-02,49.00000,30.00000,700
61,10,1.003116e-01,43.00000,35.00000,5389
61,11,9.591556e-02,50.00000,35.00000,2145
61,12,1.028197e-01,35.00000,36.00000,4220
61,13,9.564228e-02,54.00000,30.00000,715
61,14,9.618071e-02,39.00000,35.00000,684
61,15,9.952608e-02,44.00000,35.00000,620
61,16,9.659444e-02,38.00000,40.00000,736
61,17,9.460979e-02,60.00000,30.00000,685
61,18,1.004084e-01,39.00000,35.00000,745
61,19,9.739021e-02,49.00000,30.00000,728
61,20,9.893709e-02,53.00000,30.00000,3750
61,21,9.126662e-02,57.00000,30.00000,2698
61,22,1.014659e-01,49.00000,30.00000,3313
61,23,9.812116e-02,38.00000,40.00000,678
61,24,9.566270e-02,52.00000,30.00000,648
61,25,9.774964e-02,40.00000,36.00000,658
61,26,9.859779e-02,43.00000,36.00000,717
61,27,9.001467e-02,59.00000,30.00000,655
61,28,1.049078e-01,41.00000,36.00000,786
61,29,9.722023e-02,49.00000,30.00000,648
61,30,1.008911e-01,31.00000,36.00000,7537
61,31,9.635527e-02,42.00000,35.00000,1043
61,32,9.361506e-02,55.00000,30.00000,5002
61,33,1.000206e-01,43.00000,35.00000,657
61,34,9.637857e-02,46.00000,35.00000,661
61,35,1.011096e-01,40.00000,35.00000,626
61,36,9.464607e-02,57.00000,30.00000,680
61,37,9.743120e-02,58.00000,30.00000,725
61,38,9.650259e-02,51.00000,30.00000,631
61,39,9.792603e-02,40.00000,35.00000,734
61,40,1.012412e-01,43.00000,35.00000,10247
61,41,1.021615e-01,30.00000,36.00000,602
61,42,1.010171e-01,38.00000,35.00000,664
61,43,9.954951e-02,44.00000,35.00000,678
61,44,9.457555e-02,53.00000,30.00000,712
61,45,9.292401e-02,52.00000,30.00000,744
61,46,1.009296e-01,36.00000,36.00000,702
61,47,9.917624e-02,43.00000,35.00000,670
61,48,9.535669e-02,54.00000,30.00000,623
61,49,9.739877e-02,39.00000,40.00000,669
61,50,9.335882e-02,55.00000,30.00000,15317
61,51,9.785910e-02,37.00000,36.00000,637
61,52,9.958751e-02,47.00000,35.00000,638
61,53,9.860592e-02,49.00000,30.00000,732
61,54,9.919776e-02,53.00000,30.00000,611
61,55,9.768815e-02,55.00000,30.00000,623
61,56,9.556784e-02,47.00000,36.00000,631
61,57,9.629229e-02,55.00000,30.00000,624
61,58,9.420625e-02,43.00000,35.00000,636
61,59,9.486470e-02,46.00000,35.00000,617
61,60,9.406602e-02,54.00000,30.00000,1057
61,61,9.352636e-02,57.00000,30.00000,633
61,62,9.427197e-02,42.00000,35.00000,632
61,63,9.763583e-02,54.00000,30.00000,612
61,64,9.624410e-02,54.00000,30.00000,611
61,65,9.610666e-02,39.00000,35.00000,614
61,66,9.391658e-02,49.00000,30.00000,610
61,67,9.772147e-02,44.00000,35.00000,605
61,68,9.557558e-02,43.00000,40.00000,622
61,69,9.669546e-02,42.00000,35.00000,610
61,70,9.380024e-02,49.00000,30.00000,633
61,71,9.228829e-02,54.00000,30.00000,625
62,0,9.586029e-02,49.00000,35.00000,2460
62,1,9.961611e-02,55.00000,30.00000,1655
62,2,9.736167e-02,37.00000,36.00000,930
62,3,9.696082e-02,49.00000,30.00000,774
62,4,9.275229e-02,56.00000,30.00000,740
62,5,9.299845e-02,52.00000,30.00000,724
62,6,9.651934e-02,37.00000,40.00000,616
62,7,9.076467e-02,57.00000,30.00000,884
62,8,9.790292e-02,56.00000,30.00000,693
62,9,9.337755e-02,44.00000,35.00000,721
62,10,1.010648e-01,35.00000,36.00000,667
62,11,1.042245e-01,43.00000,35.00000,602
62,12,9.713393e-02,37.00000,36.00000,714
62,13,1.028170e-01,37.00000,36.00000,1049
62,14,9.575173e-02,52.00000,30.00000,753
62,15,1.010053e-01,46.00000,35.00000,731
62,16,1.003611e-01,47.00000,35.00000,665
62,17,9.920609e-02,36.00000,36.00000,718
62,18,1.017624e-01,49.00000,30.00000,728
62,19,1.010369e-01,43.00000,35.00000,639
62,20,9.231751e-02,54.00000,30.00000,2135
62,21,1.006472e-01,36.00000,35.00000,762
62,22,9.646650e-02,54.00000,30.00000,709
62,23,9.802091e-02,35.00000,36.00000,1495
62,24,9.758523e-02,38.00000,35.00000,636
62,25,9.672164e-02,49.00000,30.00000,638
62,26,9.897584e-02,57.00000,30.00000,733
62,27,9.461343e-02,57.00000,30.00000,664
62,28,9.753908e-02,49.00000,30.00000,655
62,29,9.516957e-02,42.00000,36.00000,735
62,30,9.871708e-02,45.00000,35.00000,7090
62,31,9.475482e-02,45.00000,35.00000,716
62,32,9.711687e-02,40.00000,36.00000,649
62,33,9.549619e-02,34.00000,36.00000,2188
62,34,1.040128e-01,31.00000,36.00000,592
62,35,9.798290e-02,55.00000,30.00000,732
62,36,9.543842e-02,33.00000,40.00000,713
62,37,9.647124e-02,53.00000,30.00000,643
62,38,9.256552e-02,58.00000,30.00000,700
62,39,9.410935e-02,54.00000,30.00000,786
62,40,9.499153e-02,55.00000,30.00000,6208
62,41,9.938581e-02,46.00000,35.00000,641
62,42,9.886133e-02,59.00000,30.00000,665
62,43,9.915483e-02,39.00000,35.00000,680
62,44,9.635201e-02,55.00000,30.00000,622
62,45,9.526441e-02,53.00000,30.00000,711
62,46,9.474222e-02,42.00000,36.00000,751
62,47,9.450155e-02,58.00000,30.00000,700
62,48,9.476341e-02,42.00000,35.00000,637
62,49,9.425370e-02,52.00000,30.00000,712
62,50,9.886587e-02,54.00000,30.00000,2687
62,51,9.605260e-02,54.00000,30.00000,765
62,52,9.442046e-02,54.00000,30.00000,662
62,53,9.701249e-02,47.00000,35.00000,641
62,54,9.496196e-02,42.00000,36.00000,654
62,55,9.193052e-02,55.00000,30.00000,626
62,56,9.559183e-02,41.00000,36.00000,635
62,57,9.641597e-02,53.00000,30.00000,663
62,58,9.258343e-02,53.00000,30.00000,630
62,59,9.592596e-02,57.00000,30.00000,631
62,60,9.411606e-02,43.00000,36.00000,660
62,61,9.908158e-02,46.00000,35.00000,595
62,62,9.677865e-02,51.00000,35.00000,638
62,63,1.010716e-01,31.00000,36.00000,592
62,64,9.383891e-02,48.00000,35.00000,620
62,65,9.964119e-02,42.00000,35.00000,576
62,66,9.821402e-02,46.00000,36.00000,607
62,67,9.526889e-02,52.00000,30.00000,610
62,68,9.657370e-02,46.00000,35.00000,619
62,69,9.521383e-02,43.00000,35.00000,638
62,70,9.388818e-02,49.00000,30.00000,611
62,71,9.608655e-02,45.00000,35.00000,615
63,0,9.444465e-02,49.00000,30.00000,1679
63,1,9.267516e-02,53.00000,30.00000,694
63,2,9.575008e-02,45.00000,35.00000,745
63,3,9.666216e-02,54.00000,30.00000,724
63,4,9.387755e-02,36.00000,36.00000,657
63,5,9.522010e-02,53.00000,30.00000,738
63,6,9.439607e-02,57.00000,30.00000,732
63,7,9.092607e-02,55.00000,30.00000,728
63,8,9.509918e-02,57.00000,30.00000,667
63,9,9.871486e-02,35.00000,36.00000,734
63,10,9.206320e-02,48.00000,35.00000,5953
63,11,1.011393e-01,49.00000,30.00000,683
63,12,9.421989e-02,42.00000,35.00000,733
63,13,9.596394e-02,49.00000,30.00000,635
63,14,9.334479e-02,49.00000,30.00000,728
63,15,9.636357e-02,53.00000,30.00000,647
63,16,9.591612e-02,49.00000,30.00000,693
63,17,9.640259e-02,40.00000,36.00000,692
63,18,9.402452e-02,53.00000,30.00000,718
63,19,9.556483e-02,43.00000,35.00000,653
63,20,1.005932e-01,40.00000,36.00000,8784
63,21,9.471910e-02,53.00000,30.00000,803
63,22,9.373463e-02,50.00000,35.00000,629
63,23,9.614244e-02,57.00000,30.00000,751
63,24,1.010262e-01,37.00000,35.00000,654
63,25,9.514876e-02,57.00000,30.00000,1308
63,26,9.749562e-02,45.00000,35.00000,729
63,27,9.268369e-02,52.00000,30.00000,655
63,28,9.519802e-02,42.00000,35.00000,645
63,29,9.409539e-02,45.00000,35.00000,756
63,30,9.734121e-02,46.00000,35.00000,10917
63,31,1.012297e-01,41.00000,36.00000,606
63,32,9.720223e-02,45.00000,35.00000,697
63,33,9.970962e-02,45.00000,35.00000,673
63,34,9.403034e-02,53.00000,30.00000,653
63,35,9.431551e-02,49.00000,30.00000,1399
63,36,9.385660e-02,47.00000,35.00000,750
63,37,9.550132e-02,46.00000,35.00000,769
63,38,9.608524e-02,53.00000,30.00000,710
63,39,9.971140e-02,40.00000,36.00000,684
63,40,9.932299e-02,47.00000,35.00000,11406
63,41,9.310328e-02,42.00000,35.00000,738
63,42,9.481581e-02,42.00000,36.00000,661
63,43,9.356423e-02,53.00000,30.00000,674
63,44,9.912417e-02,37.00000,35.00000,698
63,45,9.461000e-02,44.00000,35.00000,721
63,46,9.747473e-02,49.00000,30.00000,638
63,47,9.949835e-02,37.00000,36.00000,751
63,48,1.001475e-01,42.00000,35.00000,595
63,49,1.010179e-01,49.00000,30.00000,675
63,50,9.654297e-02,38.00000,36.00000,12732
63,51,9.255261e-02,57.00000,30.00000,703
63,52,9.647607e-02,41.00000,35.00000,656
63,53,9.627770e-02,49.00000,30.00000,652
63,54,9.676576e-02,57.00000,30.00000,631
63,55,9.330511e-02,53.00000,30.00000,616
63,56,9.965811e-02,31.00000,36.00000,608
63,57,9.654983e-02,53.00000,30.00000,656
63,58,9.695981e-02,37.00000,35.00000,575
63,59,9.640328e-02,41.00000,35.00000,637
63,60,9.546705e-02,57.00000,30.00000,2903
63,61,9.762116e-02,49.00000,35.00000,602
63,62,1.013016e-01,41.00000,35.00000,589
63,63,9.785499e-02,39.00000,36.00000,597
63,64,9.414018e-02,45.00000,36.00000,636
63,65,9.539267e-02,40.00000,35.00000,625
63,66,9.585012e-02,39.00000,36.00000,614
63,67,9.207253e-02,54.00000,30.00000,618
63,68,9.214551e-02,55.00000,30.00000,623
63,69,9.634222e-02,45.00000,35.00000,609
63,70,9.790903e-02,44.00000,35.00000,591
63,71,1.012413e-01,49.00000,30.00000,592
64,0,9.478645e-02,49.00000,30.00000,5502
64,1,9.250747e-02,59.00000,30.00000,2180
64,2,9.397612e-02,48.00000,35.00000,2335
64,3,9.224503e-02,51.00000,30.00000,637
64,4,9.371708e-02,37.00000,36.00000,756
64,5,9.618985e-02,57.00000,30.00000,708
64,6,9.593134e-02,42.00000,35.00000,804
64,7,9.748551e-02,48.00000,35.00000,769
64,8,9.697306e-02,39.00000,35.00000,673
64,9,9.440778e-02,51.00000,30.00000,646
64,10,1.024608e-01,47.00000,35.00000,9772
64,11,9.760189e-02,49.00000,30.00000,676
64,12,9.705231e-02,42.00000,35.00000,5941
64,13,9.656200e-02,41.00000,35.00000,708
64,14,1.016587e-01,42.00000,36.00000,623
64,15,1.000421e-01,35.00000,40.00000,675
64,16,9.433374e-02,55.00000,30.00000,643
64,17,9.644097e-02,31.00000,36.00000,763
64,18,9.899379e-02,36.00000,36.00000,646
64,19,9.501819e-02,49.00000,30.00000,667
64,20,9.291721e-02,37.00000,40.00000,5451
64,21,9.546444e-02,53.00000,30.00000,2739
64,22,9.419853e-02,58.00000,30.00000,1904
64,23,9.457249e-02,47.00000,35.00000,2032
64,24,9.371243e-02,53.00000,30.00000,682
64,25,9.392482e-02,49.00000,30.00000,613
64,26,9.342632e-02,37.00000,36.00000,754
64,27,9.195694e-02,52.00000,30.00000,728
64,28,9.581513e-02,53.00000,30.00000,646
64,29,9.220956e-02,48.00000,35.00000,757
64,30,9.691262e-02,54.00000,30.00000,9100
64,31,9.248989e-02,45.00000,35.00000,2794
64,32,9.367340e-02,51.00000,30.00000,717
64,33,9.337409e-02,43.00000,35.00000,686
64,34,9.174225e-02,53.00000,30.00000,631
64,35,9.476864e-02,50.00000,35.00000,722
64,36,9.500506e-02,42.00000,35.00000,614
64,37,9.511817e-02,49.00000,30.00000,763
64,38,9.681454e-02,30.00000,36.00000,650
64,39,9.660079e-02,42.00000,35.00000,692
64,40,9.638377e-02,54.00000,30.00000,7826
64,41,9.523815e-02,55.00000,30.00000,3594
64,42,1.000702e-01,54.00000,30.00000,641
64,43,9.216899e-02,52.00000,30.00000,661
64,44,9.468661e-02,46.00000,35.00000,692
64,45,9.380166e-02,58.00000,30.00000,705
64,46,9.763631e-02,31.00000,36.00000,727
64,47,1.020492e-01,36.00000,36.00000,570
64,48,9.547127e-02,56.00000,30.00000,772
64,49,9.715149e-02,41.00000,36.00000,595
64,50,9.725244e-02,43.00000,35.00000,6495
64,51,9.540533e-02,40.00000,36.00000,6734
64,52,1.013138e-01,39.00000,40.00000,598
64,53,9.428845e-02,49.00000,30.00000,602
64,54,9.572583e-02,47.00000,35.00000,630
64,55,9.406575e-02,42.00000,35.00000,640
64,56,9.752189e-02,40.00000,35.00000,624
64,57,9.907760e-02,37.00000,35.00000,554
64,58,9.809006e-02,52.00000,30.00000,601
64,59,1.051446e-01,42.00000,36.00000,571
64,60,9.577145e-02,49.00000,30.00000,611
64,61,9.893984e-02,36.00000,40.00000,603
64,62,9.542619e-02,45.00000,35.00000,620
64,63,9.457327e-02,49.00000,30.00000,618
64,64,1.004165e-01,39.00000,35.00000,575
64,65,9.698135e-02,31.00000,36.00000,615
64,66,9.858225e-02,55.00000,30.00000,620
64,67,9.655422e-02,39.00000,40.00000,610
64,68,9.510735e-02,54.00000,30.00000,608
64,69,9.573421e-02,37.00000,36.00000,630
64,70,9.551394e-02,51.00000,35.00000,607
64,71,1.000843e-01,36.00000,36.00000,576
65,0,9.765644e-02,47.00000,35.00000,2237
65,1,9.860114e-02,40.00000,35.00000,1001
65,2,9.627629e-02,46.00000,35.00000,615
65,3,9.686102e-02,47.00000,35.00000,718
65,4,9.709259e-02,39.00000,40.00000,1304
65,5,9.772342e-02,42.00000,35.00000,729
65,6,9.627634e-02,42.00000,35.00000,739
65,7,9.701091e-02,40.00000,36.00000,666
65,8,1.018394e-01,35.00000,36.00000,716
65,9,9.569658e-02,49.00000,35.00000,693
65,10,9.260556e-02,58.00000,30.00000,2481
65,11,9.327309e-02,45.00000,35.00000,705
65,12,9.739565e-02,36.00000,35.00000,632
65,13,9.634656e-02,44.00000,35.00000,639
65,14,9.355730e-02,49.00000,30.00000,719
65,15,9.393125e-02,49.00000,30.00000,712
65,16,9.134831e-02,51.00000,30.00000,720
65,17,9.246325e-02,47.00000,35.00000,645
65,18,9.532052e-02,40.00000,35.00000,781
65,19,9.499433e-02,52.00000,30.00000,712
65,20,9.591158e-02,45.00000,35.00000,677
65,21,1.017394e-01,25.00000,36.00000,731
65,22,9.665708e-02,45.00000,35.00000,710
65,23,9.127255e-02,57.00000,30.00000,714
65,24,9.433829e-02,50.00000,35.00000,706
65,25,9.570973e-02,44.00000,35.00000,594
65,26,1.014020e-01,31.00000,36.00000,832
65,27,9.776715e-02,36.00000,40.00000,696
65,28,9.677874e-02,51.00000,30.00000,646
65,29,9.621023e-02,49.00000,30.00000,684
65,30,9.534049e-02,42.00000,35.00000,703
65,31,9.656832e-02,54.00000,30.00000,698
65,32,9.646448e-02,41.00000,40.00000,637
65,33,9.482813e-02,53.00000,30.00000,703
65,34,9.784640e-02,37.00000,36.00000,666
65,35,1.015821e-01,45.00000,36.00000,717
65,36,9.442668e-02,55.00000,30.00000,728
65,37,9.943485e-02,45.00000,35.00000,750
65,38,9.559771e-02,40.00000,36.00000,674
65,39,9.375883e-02,42.00000,35.00000,648
65,40,9.731551e-02,37.00000,36.00000,652
65,41,9.539513e-02,42.00000,40.00000,691
65,42,9.463186e-02,58.00000,30.00000,687
65,43,9.084930e-02,49.00000,30.00000,731
65,44,9.441946e-02,49.00000,30.00000,750
65,45,9.542026e-02,54.00000,30.00000,626
65,46,9.347469e-02,53.00000,30.00000,694
65,47,9.061556e-02,52.00000,30.00000,672
65,48,9.312112e-02,44.00000,36.00000,744
65,49,9.803545e-02,49.00000,30.00000,638
65,50,9.802487e-02,52.00000,30.00000,682
65,51,9.566976e-02,43.00000,36.00000,718
65,52,9.658562e-02,50.00000,30.00000,668
65,53,9.950592e-02,32.00000,40.00000,635
65,54,9.721126e-02,45.00000,35.00000,709
65,55,1.027693e-01,30.00000,36.00000,678
65,56,9.917498e-02,36.00000,35.00000,672
65,57,9.822723e-02,31.00000,36.00000,699
65,58,9.703130e-02,45.00000,35.00000,589
65,59,9.767115e-02,38.00000,35.00000,592
65,60,9.119301e-02,49.00000,30.00000,637
65,61,9.245464e-02,44.00000,35.00000,655
65,62,9.422598e-02,52.00000,30.00000,601
65,63,9.621831e-02,41.00000,35.00000,594
65,64,9.601418e-02,39.00000,36.00000,598
65,65,9.319730e-02,49.00000,30.00000,621
65,66,9.519276e-02,42.00000,36.00000,610
65,67,9.378780e-02,49.00000,30.00000,612
65,68,9.510361e-02,53.00000,30.00000,620
65,69,9.141732e-02,49.00000,30.00000,627
65,70,9.805202e-02,36.00000,36.00000,597
65,71,9.593482e-02,53.00000,30.00000,638
66,0,9.422316e-02,38.00000,35.00000,3056
66,1,9.405831e-02,42.00000,36.00000,1795
66,2,9.392795e-02,49.00000,30.00000,4417
66,3,9.956837e-02,31.00000,36.00000,878
66,4,9.339258e-02,49.00000,30.00000,630
66,5,9.385996e-02,53.00000,30.00000,745
66,6,9.550783e-02,45.00000,35.00000,693
66,7,9.058130e-02,57.00000,30.00000,704
66,8,9.091246e-02,49.00000,30.00000,730
66,9,9.597394e-02,52.00000,30.00000,678
66,10,9.282153e-02,49.00000,30.00000,11585
66,11,9.662960e-02,36.00000,36.00000,604
66,12,9.003812e-02,53.00000,30.00000,1331
66,13,9.827495e-02,41.00000,35.00000,680
66,14,8.999894e-02,54.00000,30.00000,771
66,15,9.084216e-02,57.00000,30.00000,712
66,16,9.370045e-02,39.00000,40.00000,809
66,17,9.646493e-02,47.00000,36.00000,679
66,18,9.421342e-02,49.00000,30.00000,1815
66,19,9.115466e-02,49.00000,30.00000,737
66,20,9.948017e-02,42.00000,36.00000,7570
66,21,9.877081e-02,52.00000,30.00000,682
66,22,9.473105e-02,35.00000,36.00000,636
66,23,1.041270e-01,30.00000,40.00000,619
66,24,9.696648e-02,35.00000,36.00000,669
66,25,9.567708e-02,45.00000,35.00000,741
66,26,9.580334e-02,48.00000,35.00000,658
66,27,9.281068e-02,54.00000,30.00000,687
66,28,9.602276e-02,49.00000,35.00000,4617
66,29,9.383868e-02,59.00000,30.00000,696
66,30,9.291291e-02,43.00000,35.00000,3248
66,31,9.470494e-02,53.00000,30.00000,721
66,32,9.647144e-02,31.00000,36.00000,852
66,33,9.512006e-02,49.00000,30.00000,773
66,34,9.438817e-02,42.00000,36.00000,671
66,35,9.728776e-02,45.00000,35.00000,666
66,36,9.336159e-02,60.00000,30.00000,676
66,37,9.628160e-02,53.00000,30.00000,800
66,38,9.382090e-02,54.00000,30.00000,6326
66,39,9.207322e-02,54.00000,30.00000,622
66,40,9.552021e-02,43.00000,35.00000,692
66,41,9.090876e-02,49.00000,30.00000,721
66,42,9.583224e-02,39.00000,35.00000,689
66,43,9.793784e-02,43.00000,35.00000,687
66,44,9.631313e-02,46.00000,35.00000,1239
66,45,9.264858e-02,43.00000,35.00000,705
66,46,9.423770e-02,54.00000,30.00000,649
66,47,9.619915e-02,31.00000,36.00000,735
66,48,9.809136e-02,35.00000,36.00000,6844
66,49,9.524325e-02,55.00000,30.00000,703
66,50,9.547280e-02,49.00000,30.00000,660
66,51,9.640105e-02,41.00000,35.00000,625
66,52,9.445906e-02,49.00000,30.00000,672
66,53,9.747936e-02,43.00000,35.00000,627
66,54,9.540790e-02,52.00000,30.00000,915
66,55,9.276235e-02,49.00000,35.00000,762
66,56,9.524109e-02,49.00000,30.00000,623
66,57,9.667260e-02,55.00000,30.00000,639
66,58,9.791275e-02,46.00000,35.00000,2930
66,59,9.278031e-02,43.00000,35.00000,630
66,60,9.534711e-02,42.00000,35.00000,643
66,61,9.976590e-02,44.00000,35.00000,587
66,62,9.404027e-02,36.00000,36.00000,624
66,63,9.479564e-02,56.00000,30.00000,615
66,64,9.457128e-02,49.00000,30.00000,599
66,65,9.687996e-02,43.00000,35.00000,592
66,66,9.158736e-02,53.00000,30.00000,614
66,67,9.552862e-02,43.00000,36.00000,603
66,68,9.501468e-02,40.00000,35.00000,620
66,69,9.188671e-02,51.00000,30.00000,613
66,70,8.976395e-02,54.00000,30.00000,641
66,71,9.046336e-02,53.00000,30.00000,627
67,0,9.027522e-02,57.00000,30.00000,919
67,1,9.841967e-02,43.00000,35.00000,627
67,2,9.905531e-02,53.00000,30.00000,745
67,3,9.789564e-02,37.00000,36.00000,664
67,4,9.564210e-02,31.00000,36.00000,708
67,5,9.806912e-02,49.00000,30.00000,703
67,6,9.337637e-02,38.00000,36.00000,663
67,7,9.532907e-02,53.00000,30.00000,628
67,8,9.169986e-02,58.00000,30.00000,868
67,9,9.268434e-02,39.00000,36.00000,774
67,10,9.458755e-02,46.00000,36.00000,769
67,11,9.101730e-02,49.00000,30.00000,637
67,12,9.853876e-02,31.00000,36.00000,706
67,13,9.658556e-02,44.00000,35.00000,651
67,14,9.928335e-02,31.00000,36.00000,662
67,15,9.596253e-02,44.00000,35.00000,762
67,16,9.703258e-02,42.00000,36.00000,665
67,17,9.750133e-02,45.00000,35.00000,660
67,18,9.832388e-02,49.00000,30.00000,714
67,19,9.636281e-02,47.00000,35.00000,670
67,20,9.274457e-02,46.00000,35.00000,720
67,21,9.451751e-02,39.00000,35.00000,620
67,22,9.476030e-02,46.00000,35.00000,697
67,23,9.444033e-02,53.00000,30.00000,676
67,24,9.330603e-02,45.00000,40.00000,651
67,25,9.496067e-02,49.00000,30.00000,791
67,26,9.434507e-02,44.00000,35.00000,659
67,27,9.413212e-02,57.00000,30.00000,659
67,28,9.835867e-02,25.00000,36.00000,713
67,29,9.214671e-02,38.00000,35.00000,758
67,30,9.266821e-02,45.00000,35.00000,681
67,31,9.621912e-02,50.00000,35.00000,621
67,32,9.479095e-02,40.00000,35.00000,689
67,33,8.971377e-02,57.00000,30.00000,681
67,34,9.233590e-02,59.00000,30.00000,713
67,35,9.305773e-02,57.00000,30.00000,694
67,36,9.387113e-02,49.00000,30.00000,682
67,37,9.340526e-02,45.00000,35.00000,719
67,38,9.415201e-02,52.00000,35.00000,678
67,39,9.367148e-02,43.00000,35.00000,663
67,40,9.666578e-02,49.00000,30.00000,660
67,41,9.691421e-02,35.00000,36.00000,999
67,42,9.415516e-02,49.00000,30.00000,686
67,43,9.135672e-02,57.00000,30.00000,738
67,44,9.369680e-02,53.00000,30.00000,610
67,45,9.716067e-02,31.00000,36.00000,715
67,46,9.121755e-02,49.00000,30.00000,701
67,47,9.803621e-02,40.00000,35.00000,595
67,48,9.356487e-02,34.00000,40.00000,804
67,49,9.111688e-02,57.00000,30.00000,710
67,50,9.201846e-02,45.00000,35.00000,684
67,51,9.525917e-02,45.00000,35.00000,590
67,52,9.265239e-02,57.00000,30.00000,664
67,53,9.134941e-02,56.00000,30.00000,654
67,54,9.519058e-02,54.00000,30.00000,633
67,55,9.531292e-02,43.00000,35.00000,641
67,56,9.306981e-02,42.00000,35.00000,622
67,57,9.122065e-02,49.00000,30.00000,626
67,58,9.107983e-02,43.00000,36.00000,675
67,59,9.326163e-02,37.00000,36.00000,639
67,60,9.654147e-02,46.00000,35.00000,603
67,61,9.337148e-02,45.00000,35.00000,605
67,62,9.585808e-02,52.00000,30.00000,611
67,63,9.233688e-02,42.00000,36.00000,648
67,64,1.013071e-01,25.00000,36.00000,620
67,65,9.166135e-02,49.00000,30.00000,637
67,66,9.876891e-02,49.00000,30.00000,590
67,67,9.541952e-02,34.00000,36.00000,626
67,68,9.526746e-02,60.00000,30.00000,639
67,69,9.499848e-02,54.00000,30.00000,609
67,70,9.267101e-02,58.00000,30.00000,625
67,71,9.434769e-02,39.00000,36.00000,614
68,0,9.308028e-02,43.00000,35.00000,13719
68,1,9.741881e-02,36.00000,36.00000,2364
68,2,9.776048e-02,38.00000,36.00000,622
68,3,9.335021e-02,54.00000,30.00000,837
68,4,9.412654e-02,54.00000,30.00000,613
68,5,9.154806e-02,49.00000,35.00000,803
68,6,9.054640e-02,42.00000,35.00000,692
68,7,9.518787e-02,57.00000,30.00000,661
68,8,9.748968e-02,30.00000,36.00000,607
68,9,9.376603e-02,48.00000,35.00000,721
68,10,9.837070e-02,40.00000,36.00000,7246
68,11,9.335019e-02,52.00000,30.00000,2073
68,12,9.859039e-02,49.00000,35.00000,679
68,13,9.268926e-02,42.00000,35.00000,770
68,14,9.121951e-02,55.00000,30.00000,630
68,15,9.628155e-02,48.00000,35.00000,758
68,16,9.155010e-02,54.00000,30.00000,618
68,17,9.731258e-02,43.00000,35.00000,778
68,18,9.516478e-02,44.00000,35.00000,635
68,19,9.792610e-02,25.00000,36.00000,688
68,20,1.005188e-01,35.00000,36.00000,8646
68,21,1.002619e-01,30.00000,36.00000,1357
68,22,1.007930e-01,30.00000,36.00000,645
68,23,9.527721e-02,43.00000,36.00000,1509
68,24,9.731449e-02,47.00000,35.00000,679
68,25,9.743643e-02,42.00000,35.00000,661
68,26,9.957474e-02,30.00000,36.00000,656
68,27,1.012201e-01,39.00000,35.00000,1769
68,28,9.475069e-02,44.00000,35.00000,663
68,29,9.448914e-02,53.00000,30.00000,671
68,30,9.502809e-02,45.00000,35.00000,4346
68,31,9.315641e-02,47.00000,35.00000,3567
68,32,9.733573e-02,51.00000,35.00000,678
68,33,9.736761e-02,37.00000,36.00000,622
68,34,9.707744e-02,55.00000,30.00000,714
68,35,9.412657e-02,50.00000,35.00000,614
68,36,8.975020e-02,58.00000,30.00000,813
68,37,9.323053e-02,49.00000,30.00000,1270
68,38,9.274625e-02,58.00000,30.00000,786
68,39,9.527594e-02,48.00000,35.00000,5310
68,40,9.326051e-02,35.00000,36.00000,685
68,41,9.436473e-02,43.00000,35.00000,5709
68,42,9.187577e-02,45.00000,36.00000,694
68,43,9.409586e-02,49.00000,30.00000,705
68,44,9.420121e-02,57.00000,30.00000,667
68,45,9.593725e-02,37.00000,35.00000,749
68,46,9.607102e-02,49.00000,30.00000,695
68,47,9.385608e-02,49.00000,30.00000,712
68,48,9.272357e-02,49.00000,35.00000,724
68,49,8.988260e-02,56.00000,30.00000,7358
68,50,9.257212e-02,37.00000,36.00000,665
68,51,9.315277e-02,47.00000,35.00000,4222
68,52,9.144469e-02,55.00000,30.00000,710
68,53,9.257884e-02,50.00000,35.00000,648
68,54,9.201420e-02,52.00000,30.00000,772
68,55,9.880445e-02,47.00000,35.00000,631
68,56,9.386440e-02,35.00000,36.00000,724
68,57,9.218180e-02,53.00000,30.00000,635
68,58,8.975454e-02,54.00000,30.00000,651
68,59,9.157281e-02,56.00000,30.00000,2301
68,60,9.323382e-02,43.00000,35.00000,619
68,61,8.950049e-02,49.00000,35.00000,1808
68,62,9.326546e-02,52.00000,30.00000,1193
68,63,9.219009e-02,48.00000,35.00000,609
68,64,9.278291e-02,49.00000,30.00000,605
68,65,9.027596e-02,52.00000,30.00000,615
68,66,9.644106e-02,37.00000,35.00000,611
68,67,9.440946e-02,43.00000,36.00000,609
68,68,9.208772e-02,49.00000,30.00000,611
68,69,9.282704e-02,55.00000,30.00000,626
68,70,9.589285e-02,45.00000,36.00000,595
68,71,9.832924e-02,43.00000,36.00000,579
69,0,9.200385e-02,43.00000,35.00000,3017
69,1,9.379172e-02,47.00000,35.00000,1127
69,2,9.997356e-02,37.00000,36.00000,1919
69,3,9.604110e-02,42.00000,35.00000,695
69,4,9.154689e-02,57.00000,30.00000,1002
69,5,9.342970e-02,41.00000,36.00000,709
69,6,9.509516e-02,49.00000,30.00000,614
69,7,9.879829e-02,44.00000,36.00000,701
69,8,9.066775e-02,49.00000,30.00000,674
69,9,9.274387e-02,49.00000,30.00000,650
69,10,9.328276e-02,45.00000,35.00000,747
69,11,9.540112e-02,32.00000,36.00000,716
69,12,9.491998e-02,41.00000,36.00000,1531
69,13,9.357718e-02,52.00000,30.00000,1198
69,14,9.316878e-02,42.00000,35.00000,703
69,15,9.460513e-02,37.00000,36.00000,624
69,16,9.606466e-02,49.00000,30.00000,656
69,17,9.681027e-02,41.00000,40.00000,978
69,18,9.696983e-02,53.00000,30.00000,680
69,19,9.643659e-02,49.00000,30.00000,688
69,20,9.634201e-02,46.00000,35.00000,4027
69,21,9.598454e-02,47.00000,35.00000,2126
69,22,9.416562e-02,55.00000,30.00000,733
69,23,9.732822e-02,42.00000,36.00000,617
69,24,9.083411e-02,50.00000,35.00000,733
69,25,9.725003e-02,36.00000,40.00000,715
69,26,9.338407e-02,49.00000,30.00000,699
69,27,9.428144e-02,53.00000,30.00000,678
69,28,9.377603e-02,45.00000,36.00000,733
69,29,9.557997e-02,37.00000,36.00000,674
69,30,9.361093e-02,46.00000,35.00000,7248
69,31,9.688203e-02,38.00000,35.00000,602
69,32,9.853177e-02,45.00000,35.00000,2152
69,33,9.507070e-02,37.00000,36.00000,656
69,34,9.461305e-02,45.00000,35.00000,813
69,35,9.590268e-02,44.00000,35.00000,646
69,36,9.726468e-02,39.00000,36.00000,617
69,37,9.210992e-02,55.00000,30.00000,660
69,38,9.325790e-02,45.00000,35.00000,720
69,39,9.668574e-02,48.00000,35.00000,646
69,40,9.526262e-02,54.00000,30.00000,13977
69,41,9.277245e-02,43.00000,35.00000,600
69,42,9.206302e-02,40.00000,36.00000,687
69,43,9.365628e-02,44.00000,35.00000,595
69,44,9.109310e-02,56.00000,30.00000,710
69,45,9.291955e-02,54.00000,30.00000,650
69,46,9.282988e-02,57.00000,30.00000,692
69,47,9.065797e-02,37.00000,36.00000,759
69,48,1.006320e-01,44.00000,35.00000,662
69,49,9.168708e-02,44.00000,35.00000,621
69,50,9.261550e-02,50.00000,35.00000,11713
69,51,9.184605e-02,56.00000,30.00000,668
69,52,9.654294e-02,37.00000,36.00000,726
69,53,9.393270e-02,30.00000,36.00000,624
69,54,9.013680e-02,44.00000,35.00000,627
69,55,9.206329e-02,42.00000,35.00000,655
69,56,9.300836e-02,57.00000,30.00000,652
69,57,9.062091e-02,48.00000,35.00000,633
69,58,9.243145e-02,50.00000,30.00000,614
69,59,9.181625e-02,55.00000,30.00000,625
69,60,9.574641e-02,53.00000,30.00000,2775
69,61,8.782130e-02,58.00000,30.00000,638
69,62,9.329887e-02,42.00000,35.00000,628
69,63,9.560584e-02,49.00000,30.00000,596
69,64,9.606885e-02,35.00000,36.00000,613
69,65,9.129821e-02,47.00000,35.00000,610
69,66,9.225275e-02,42.00000,36.00000,625
69,67,9.305575e-02,52.00000,30.00000,604
69,68,9.096289e-02,57.00000,30.00000,640
69,69,9.181963e-02,54.00000,30.00000,614
69,70,9.855013e-02,30.00000,40.00000,592
69,71,9.957024e-02,31.00000,36.00000,594
70,0,9.074891e-02,46.00000,35.00000,8778
70,1,9.495476e-02,49.00000,30.00000,2289
70,2,9.430954e-02,48.00000,35.00000,708
70,3,9.252155e-02,41.00000,35.00000,701
70,4,9.251659e-02,59.00000,30.00000,716
70,5,9.615766e-02,45.00000,36.00000,644
70,6,9.256040e-02,42.00000,35.00000,710
70,7,9.532585e-02,38.00000,35.00000,662
70,8,9.582565e-02,45.00000,35.00000,705
70,9,9.612474e-02,37.00000,36.00000,713
70,10,9.308289e-02,43.00000,35.00000,7487
70,11,9.069703e-02,55.00000,30.00000,5790
70,12,9.182937e-02,54.00000,30.00000,646
70,13,9.234135e-02,37.00000,35.00000,699
70,14,9.248288e-02,45.00000,35.00000,628
70,15,9.474766e-02,52.00000,35.00000,654
70,16,9.605591e-02,36.00000,36.00000,596
70,17,9.030201e-02,54.00000,30.00000,768
70,18,9.175916e-02,53.00000,30.00000,645
70,19,9.518965e-02,43.00000,35.00000,724
70,20,9.626787e-02,30.00000,36.00000,6224
70,21,9.070279e-02,49.00000,30.00000,5818
70,22,9.230223e-02,48.00000,35.00000,668
70,23,8.955618e-02,52.00000,30.00000,619
70,24,9.840687e-02,31.00000,36.00000,611
70,25,9.154635e-02,49.00000,30.00000,651
70,26,9.758340e-02,53.00000,30.00000,696
70,27,8.957286e-02,54.00000,30.00000,703
70,28,9.386448e-02,51.00000,30.00000,681
70,29,9.358367e-02,36.00000,36.00000,704
70,30,8.985636e-02,49.00000,30.00000,1057
70,31,9.006231e-02,45.00000,35.00000,10940
70,32,9.317514e-02,45.00000,35.00000,598
70,33,8.973755e-02,57.00000,30.00000,692
70,34,9.162728e-02,52.00000,30.00000,671
70,35,9.072781e-02,37.00000,35.00000,684
70,36,8.940666e-02,49.00000,30.00000,695
70,37,8.900749e-02,58.00000,30.00000,663
70,38,9.220260e-02,45.00000,35.00000,643
70,39,9.005117e-02,54.00000,30.00000,784
70,40,9.327145e-02,49.00000,30.00000,691
70,41,9.348176e-02,43.00000,35.00000,11026
70,42,8.972584e-02,49.00000,30.00000,706
70,43,9.730805e-02,36.00000,36.00000,596
70,44,8.967581e-02,49.00000,30.00000,672
70,45,9.417114e-02,49.00000,30.00000,630
70,46,9.068201e-02,48.00000,35.00000,629
70,47,9.530592e-02,37.00000,36.00000,716
70,48,9.294061e-02,45.00000,35.00000,751
70,49,9.705774e-02,43.00000,35.00000,648
70,50,9.513889e-02,37.00000,36.00000,636
70,51,9.257415e-02,46.00000,35.00000,10975
70,52,9.017748e-02,42.00000,35.00000,688
70,53,9.242690e-02,47.00000,35.00000,606
70,54,9.720036e-02,40.00000,35.00000,580
70,55,9.165794e-02,53.00000,30.00000,610
70,56,9.327688e-02,54.00000,30.00000,609
70,57,9.847905e-02,35.00000,36.00000,576
70,58,9.409425e-02,54.00000,30.00000,619
70,59,9.710676e-02,49.00000,35.00000,609
70,60,9.310217e-02,35.00000,36.00000,601
70,61,9.617768e-02,37.00000,40.00000,605
70,62,9.320347e-02,46.00000,35.00000,603
70,63,8.910537e-02,55.00000,30.00000,628
70,64,9.135138e-02,49.00000,30.00000,599
70,65,9.068230e-02,44.00000,35.00000,641
70,66,9.345859e-02,43.00000,36.00000,618
70,67,9.503523e-02,38.00000,40.00000,623
70,68,8.904374e-02,54.00000,30.00000,638
70,69,8.790825e-02,53.00000,30.00000,635
70,70,9.344146e-02,55.00000,30.00000,622
70,71,9.295230e-02,49.00000,30.00000,612
71,0,9.525489e-02,41.00000,35.00000,9944
71,1,9.312075e-02,49.00000,30.00000,708
71,2,9.599052e-02,44.00000,35.00000,1552
71,3,9.507652e-02,46.00000,35.00000,693
71,4,9.544414e-02,41.00000,35.00000,646
71,5,1.002098e-01,45.00000,35.00000,634
71,6,9.743952e-02,30.00000,36.00000,715
71,7,9.589053e-02,40.00000,36.00000,675
71,8,9.254333e-02,43.00000,36.00000,669
71,9,9.485543e-02,45.00000,35.00000,683
71,10,9.502609e-02,43.00000,35.00000,6515
71,11,9.472399e-02,45.00000,35.00000,1677
71,12,9.329645e-02,40.00000,36.00000,2432
71,13,9.345872e-02,37.00000,36.00000,670
71,14,9.570889e-02,37.00000,36.00000,944
71,15,9.205902e-02,46.00000,35.00000,710
71,16,9.402666e-02,48.00000,35.00000,703
71,17,9.385566e-02,49.00000,30.00000,595
71,18,9.322384e-02,49.00000,35.00000,831
71,19,9.597097e-02,46.00000,35.00000,684
71,20,9.935919e-02,30.00000,36.00000,6397
71,21,9.279103e-02,42.00000,36.00000,4479
71,22,9.545407e-02,46.00000,36.00000,656
71,23,9.086746e-02,55.00000,30.00000,728
71,24,9.542617e-02,37.00000,36.00000,3020
71,25,9.167252e-02,49.00000,30.00000,695
71,26,9.509156e-02,43.00000,35.00000,609
71,27,9.494720e-02,44.00000,35.00000,729
71,28,9.156621e-02,55.00000,30.00000,742
71,29,9.590265e-02,55.00000,30.00000,697
71,30,9.028509e-02,57.00000,30.00000,7657
71,31,9.209882e-02,49.00000,30.00000,2032
71,32,9.234316e-02,36.00000,40.00000,643
71,33,9.410680e-02,53.00000,30.00000,731
71,34,9.358978e-02,49.00000,30.00000,4319
71,35,9.559081e-02,38.00000,35.00000,690
71,36,9.372270e-02,44.00000,35.00000,614
71,37,9.466065e-02,31.00000,36.00000,661
71,38,9.785944e-02,35.00000,36.00000,671
71,39,9.320869e-02,39.00000,40.00000,605
71,40,9.392590e-02,38.00000,40.00000,4895
71,41,9.328207e-02,37.00000,40.00000,2679
71,42,9.676481e-02,40.00000,36.00000,667
71,43,9.462103e-02,39.00000,36.00000,661
71,44,9.390493e-02,36.00000,36.00000,4803
71,45,9.616070e-02,46.00000,35.00000,722
71,46,9.146293e-02,57.00000,30.00000,632
71,47,9.111696e-02,46.00000,35.00000,738
71,48,9.268259e-02,54.00000,30.00000,746
71,49,9.282893e-02,42.00000,35.00000,639
71,50,9.085322e-02,57.00000,30.00000,8639
71,51,8.947198e-02,44.00000,35.00000,708
71,52,8.742513e-02,49.00000,30.00000,723
71,53,8.852028e-02,49.00000,30.00000,642
71,54,9.040369e-02,54.00000,30.00000,803
71,55,9.355439e-02,49.00000,30.00000,623
71,56,9.044067e-02,48.00000,35.00000,667
71,57,9.291127e-02,52.00000,30.00000,633
71,58,9.025155e-02,55.00000,30.00000,669
71,59,9.812433e-02,37.00000,36.00000,584
71,60,9.490789e-02,54.00000,30.00000,1818
71,61,9.668520e-02,45.00000,35.00000,632
71,62,9.752849e-02,49.00000,30.00000,590
71,63,9.682808e-02,48.00000,35.00000,636
71,64,9.685414e-02,57.00000,30.00000,631
71,65,9.272884e-02,53.00000,30.00000,646
71,66,9.713730e-02,49.00000,30.00000,598
71,67,9.407902e-02,49.00000,30.00000,613
71,68,9.209061e-02,42.00000,35.00000,646
71,69,9.252603e-02,36.00000,35.00000,631
71,70,9.701673e-02,43.00000,35.00000,572
71,71,9.690800e-02,33.00000,40.00000,641
72,0,9.509514e-02,31.00000,36.00000,7076
72,1,9.602654e-02,49.00000,30.00000,2667
72,2,8.959363e-02,53.00000,30.00000,678
72,3,9.070371e-02,47.00000,35.00000,716
72,4,9.295539e-02,43.00000,35.00000,734
72,5,9.081718e-02,54.00000,30.00000,672
72,6,9.583554e-02,46.00000,35.00000,729
72,7,9.128703e-02,49.00000,30.00000,669
72,8,9.097705e-02,41.00000,35.00000,644
72,9,9.475597e-02,57.00000,30.00000,723
72,10,9.679626e-02,49.00000,30.00000,7154
72,11,9.026671e-02,52.00000,30.00000,659
72,12,9.579058e-02,45.00000,35.00000,600
72,13,9.245826e-02,50.00000,35.00000,660
72,14,9.851528e-02,40.00000,36.00000,749
72,15,9.385683e-02,40.00000,35.00000,625
72,16,9.427455e-02,43.00000,36.00000,661
72,17,9.440587e-02,43.00000,36.00000,659
72,18,9.710714e-02,33.00000,40.00000,637
72,19,9.539624e-02,44.00000,35.00000,676
72,20,9.244929e-02,49.00000,30.00000,9378
72,21,9.248574e-02,50.00000,35.00000,1954
72,22,9.615726e-02,41.00000,35.00000,679
72,23,9.701821e-02,30.00000,36.00000,642
72,24,9.266973e-02,48.00000,35.00000,683
72,25,9.566551e-02,51.00000,30.00000,620
72,26,9.456918e-02,40.00000,35.00000,727
72,27,9.154332e-02,54.00000,30.00000,712
72,28,9.316289e-02,42.00000,36.00000,587
72,29,9.803148e-02,37.00000,36.00000,754
72,30,9.244709e-02,40.00000,35.00000,6782
72,31,9.150189e-02,49.00000,30.00000,6426
72,32,9.422846e-02,46.00000,35.00000,703
72,33,9.327856e-02,53.00000,30.00000,689
72,34,9.214719e-02,55.00000,30.00000,694
72,35,9.317741e-02,43.00000,35.00000,660
72,36,9.050799e-02,56.00000,30.00000,675
72,37,9.252324e-02,51.00000,35.00000,790
72,38,9.170289e-02,49.00000,30.00000,767
72,39,9.303093e-02,36.00000,36.00000,657
72,40,1.019559e-01,41.00000,35.00000,648
72,41,1.018430e-01,38.00000,36.00000,11925
72,42,1.029608e-01,41.00000,35.00000,578
72,43,9.505591e-02,36.00000,36.00000,725
72,44,9.674352e-02,47.00000,35.00000,609
72,45,9.759173e-02,37.00000,36.00000,693
72,46,9.592445e-02,49.00000,30.00000,593
72,47,9.842286e-02,40.00000,36.00000,775
72,48,1.008403e-01,43.00000,35.00000,664
72,49,9.659652e-02,61.00000,30.00000,667
72,50,9.813656e-02,35.00000,36.00000,743
72,51,9.662142e-02,45.00000,35.00000,10298
72,52,9.562495e-02,43.00000,36.00000,702
72,53,9.723406e-02,39.00000,40.00000,579
72,54,9.600060e-02,43.00000,35.00000,632
72,55,9.542820e-02,48.00000,35.00000,685
72,56,9.653315e-02,43.00000,35.00000,577
72,57,9.511006e-02,40.00000,36.00000,617
72,58,9.624975e-02,36.00000,35.00000,617
72,59,9.837637e-02,41.00000,35.00000,577
72,60,9.379519e-02,50.00000,35.00000,616
72,61,9.096650e-02,54.00000,30.00000,1224
72,62,9.393573e-02,45.00000,36.00000,591
72,63,9.891767e-02,51.00000,30.00000,600
72,64,9.391217e-02,49.00000,30.00000,600
72,65,9.215918e-02,59.00000,30.00000,642
72,66,9.106080e-02,49.00000,35.00000,629
72,67,9.059038e-02,52.00000,30.00000,626
72,68,9.206209e-02,49.00000,30.00000,612
72,69,9.081029e-02,50.00000,30.00000,625
72,70,9.372698e-02,45.00000,35.00000,610
72,71,9.126576e-02,57.00000,30.00000,638
73,0,8.970989e-02,49.00000,30.00000,763
73,1,9.161340e-02,42.00000,35.00000,674
73,2,8.933669e-02,52.00000,30.00000,640
73,3,9.278923e-02,52.00000,30.00000,801
73,4,8.858614e-02,58.00000,30.00000,681
73,5,9.014475e-02,49.00000,30.00000,608
73,6,8.833225e-02,55.00000,30.00000,727
73,7,8.830682e-02,57.00000,30.00000,853
73,8,9.405641e-02,42.00000,35.00000,616
73,9,8.730637e-02,58.00000,30.00000,832
73,10,9.488662e-02,35.00000,36.00000,660
73,11,8.986216e-02,55.00000,30.00000,724
73,12,9.011844e-02,49.00000,30.00000,742
73,13,9.515545e-02,31.00000,36.00000,751
73,14,9.758022e-02,31.00000,36.00000,662
73,15,9.919015e-02,25.00000,36.00000,713
73,16,9.317686e-02,56.00000,30.00000,695
73,17,9.633839e-02,48.00000,35.00000,666
73,18,9.791319e-02,37.00000,36.00000,752
73,19,9.703704e-02,38.00000,35.00000,613
73,20,9.179188e-02,47.00000,35.00000,674
73,21,9.967404e-02,31.00000,36.00000,645
73,22,9.177957e-02,54.00000,30.00000,680
73,23,9.912056e-02,49.00000,30.00000,705
73,24,9.442668e-02,43.00000,36.00000,634
73,25,9.349556e-02,46.00000,35.00000,737
73,26,9.599486e-02,40.00000,40.00000,621
73,27,9.301233e-02,54.00000,30.00000,710
73,28,9.358750e-02,52.00000,30.00000,676
73,29,9.670138e-02,35.00000,36.00000,744
73,30,9.002838e-02,55.00000,30.00000,1529
73,31,9.502286e-02,35.00000,36.00000,684
73,32,9.189127e-02,48.00000,35.00000,655
73,33,9.250246e-02,49.00000,30.00000,611
73,34,9.281341e-02,58.00000,30.00000,666
73,35,9.727524e-02,38.00000,36.00000,623
73,36,9.002494e-02,49.00000,30.00000,805
73,37,9.182347e-02,53.00000,30.00000,654
73,38,9.806701e-02,30.00000,36.00000,655
73,39,9.271004e-02,56.00000,30.00000,629
73,40,9.182394e-02,43.00000,35.00000,663
73,41,9.249939e-02,48.00000,35.00000,661
73,42,9.290320e-02,49.00000,35.00000,668
73,43,9.428274e-02,42.00000,35.00000,830
73,44,9.176119e-02,51.00000,30.00000,766
73,45,9.322839e-02,37.00000,36.00000,736
73,46,9.309280e-02,53.00000,35.00000,654
73,47,9.257644e-02,49.00000,30.00000,707
73,48,9.154120e-02,53.00000,30.00000,748
73,49,9.358197e-02,43.00000,35.00000,744
73,50,9.521703e-02,43.00000,35.00000,624
73,51,9.894095e-02,49.00000,30.00000,617
73,52,9.567267e-02,46.00000,35.00000,590
73,53,9.600325e-02,37.00000,36.00000,619
73,54,9.377375e-02,41.00000,36.00000,628
73,55,9.186555e-02,48.00000,35.00000,611
73,56,9.497422e-02,42.00000,36.00000,586
73,57,9.301990e-02,43.00000,35.00000,605
73,58,9.531818e-02,43.00000,35.00000,568
73,59,9.549893e-02,49.00000,30.00000,608
73,60,9.252865e-02,49.00000,30.00000,601
73,61,9.141896e-02,48.00000,35.00000,604
73,62,9.287388e-02,52.00000,35.00000,627
73,63,9.493649e-02,35.00000,36.00000,613
73,64,8.958122e-02,48.00000,35.00000,635
73,65,9.433043e-02,51.00000,30.00000,610
73,66,9.179653e-02,51.00000,30.00000,602
73,67,9.503156e-02,46.00000,35.00000,596
73,68,9.091854e-02,49.00000,35.00000,607
73,69,9.115994e-02,62.00000,30.00000,650
73,70,9.953438e-02,31.00000,36.00000,564
73,71,9.510259e-02,48.00000,35.00000,603
74,0,9.379545e-02,37.00000,36.00000,2748
74,1,9.580792e-02,41.00000,35.00000,651
74,2,9.308154e-02,57.00000,30.00000,1635
74,3,9.569932e-02,31.00000,36.00000,665
74,4,9.421270e-02,49.00000,30.00000,692
74,5,9.251270e-02,48.00000,35.00000,682
74,6,8.918532e-02,52.00000,30.00000,685
74,7,9.053601e-02,45.00000,36.00000,701
74,8,9.351178e-02,49.00000,30.00000,597
74,9,8.915515e-02,55.00000,30.00000,890
74,10,9.414077e-02,43.00000,35.00000,4200
74,11,9.232989e-02,49.00000,30.00000,731
74,12,8.992969e-02,49.00000,30.00000,739
74,13,8.921301e-02,49.00000,30.00000,666
74,14,9.112074e-02,50.00000,35.00000,684
74,15,9.310824e-02,43.00000,35.00000,2028
74,16,9.295040e-02,39.00000,35.00000,700
74,17,9.414560e-02,55.00000,30.00000,700
74,18,9.068444e-02,42.00000,35.00000,683
74,19,9.409177e-02,42.00000,36.00000,731
74,20,9.430207e-02,39.00000,35.00000,1502
74,21,9.657833e-02,47.00000,35.00000,636
74,22,8.862324e-02,49.00000,30.00000,692
74,23,9.222071e-02,49.00000,30.00000,669
74,24,9.189675e-02,47.00000,35.00000,711
74,25,9.169813e-02,55.00000,30.00000,1447
74,26,9.694144e-02,39.00000,36.00000,657
74,27,9.679108e-02,40.00000,35.00000,670
74,28,8.868830e-02,54.00000,30.00000,761
74,29,9.893592e-02,36.00000,36.00000,637
74,30,9.203698e-02,43.00000,35.00000,4170
74,31,9.543799e-02,55.00000,30.00000,621
74,32,9.897060e-02,35.00000,36.00000,700
74,33,9.741533e-02,35.00000,36.00000,707
74,34,9.479710e-02,43.00000,35.00000,636
74,35,9.339447e-02,43.00000,36.00000,723
74,36,9.466974e-02,49.00000,30.00000,783
74,37,9.664871e-02,43.00000,35.00000,641
74,38,9.474247e-02,43.00000,36.00000,676
74,39,9.327675e-02,47.00000,35.00000,667
74,40,8.997557e-02,55.00000,30.00000,6230
74,41,9.586978e-02,42.00000,35.00000,669
74,42,9.219643e-02,49.00000,30.00000,635
74,43,9.450168e-02,56.00000,30.00000,638
74,44,9.579004e-02,36.00000,40.00000,742
74,45,9.579621e-02,54.00000,30.00000,635
74,46,1.006036e-01,40.00000,36.00000,595
74,47,9.302098e-02,55.00000,30.00000,783
74,48,9.053361e-02,43.00000,35.00000,657
74,49,8.953132e-02,53.00000,30.00000,729
74,50,9.081388e-02,57.00000,30.00000,8918
74,51,9.259277e-02,40.00000,36.00000,596
74,52,9.154677e-02,54.00000,30.00000,636
74,53,9.144701e-02,45.00000,35.00000,644
74,54,9.096363e-02,49.00000,30.00000,639
74,55,9.342258e-02,40.00000,35.00000,611
74,56,9.684778e-02,36.00000,36.00000,576
74,57,9.158480e-02,47.00000,35.00000,615
74,58,9.328938e-02,52.00000,30.00000,621
74,59,9.383570e-02,41.00000,36.00000,599
74,60,9.442145e-02,49.00000,30.00000,1882
74,61,8.848986e-02,49.00000,30.00000,624
74,62,8.877253e-02,49.00000,30.00000,635
74,63,9.339438e-02,48.00000,35.00000,623
74,64,9.155431e-02,46.00000,36.00000,607
74,65,9.362608e-02,44.00000,35.00000,604
74,66,9.432846e-02,41.00000,36.00000,591
74,67,9.481342e-02,44.00000,35.00000,588
74,68,9.561031e-02,40.00000,36.00000,582
74,69,9.480251e-02,49.00000,35.00000,596
74,70,9.389063e-02,40.00000,35.00000,615
74,71,9.469740e-02,49.00000,35.00000,596
75,0,8.638583e-02,53.00000,30.00000,11228
75,1,9.049528e-02,53.00000,30.00000,991
75,2,9.089953e-02,49.00000,30.00000,700
75,3,9.160214e-02,43.00000,36.00000,3396
75,4,9.188309e-02,55.00000,30.00000,704
75,5,9.562764e-02,40.00000,35.00000,633
75,6,8.852483e-02,50.00000,35.00000,767
75,7,9.556140e-02,56.00000,30.00000,641
75,8,9.114838e-02,37.00000,40.00000,657
75,9,9.022330e-02,49.00000,30.00000,757
75,10,9.303453e-02,31.00000,36.00000,9620
75,11,9.172141e-02,56.00000,30.00000,1179
75,12,9.209865e-02,45.00000,35.00000,712
75,13,8.983167e-02,49.00000,30.00000,1552
75,14,9.290971e-02,39.00000,40.00000,2031
75,15,9.429832e-02,40.00000,35.00000,626
75,16,9.181211e-02,48.00000,35.00000,676
75,17,9.268537e-02,41.00000,36.00000,635
75,18,9.393971e-02,43.00000,35.00000,657
75,19,9.033933e-02,55.00000,30.00000,773
75,20,9.176807e-02,42.00000,35.00000,6318
75,21,9.535027e-02,31.00000,36.00000,1266
75,22,9.251273e-02,43.00000,35.00000,1780
75,23,9.108732e-02,54.00000,30.00000,4755
75,24,9.244367e-02,45.00000,35.00000,667
75,25,9.457218e-02,41.00000,35.00000,643
75,26,9.393770e-02,43.00000,35.00000,669
75,27,9.142748e-02,45.00000,35.00000,815
75,28,9.627649e-02,37.00000,36.00000,687
75,29,9.277387e-02,54.00000,30.00000,688
75,30,9.089354e-02,40.00000,36.00000,2142
75,31,9.149836e-02,54.00000,30.00000,6033
75,32,9.175685e-02,49.00000,35.00000,655
75,33,9.136808e-02,42.00000,35.00000,5896
75,34,9.236997e-02,48.00000,35.00000,667
75,35,9.206882e-02,51.00000,30.00000,606
75,36,8.861247e-02,48.00000,35.00000,662
75,37,8.948728e-02,49.00000,30.00000,713
75,38,8.703388e-02,53.00000,30.00000,637
75,39,9.183424e-02,41.00000,35.00000,753
75,40,8.867219e-02,48.00000,35.00000,692
75,41,8.741434e-02,49.00000,35.00000,3691
75,42,9.155117e-02,49.00000,30.00000,617
75,43,9.306753e-02,46.00000,35.00000,6121
75,44,9.159476e-02,41.00000,36.00000,686
75,45,8.799145e-02,55.00000,30.00000,637
75,46,9.121653e-02,53.00000,30.00000,715
75,47,9.305754e-02,47.00000,35.00000,676
75,48,8.892382e-02,49.00000,30.00000,731
75,49,9.360151e-02,43.00000,36.00000,707
75,50,9.238930e-02,39.00000,36.00000,640
75,51,9.436093e-02,45.00000,35.00000,6210
75,52,8.884743e-02,55.00000,30.00000,659
75,53,9.225497e-02,52.00000,30.00000,6523
75,54,8.975990e-02,43.00000,35.00000,668
75,55,8.922990e-02,52.00000,30.00000,638
75,56,8.851979e-02,54.00000,30.00000,616
75,57,8.849084e-02,50.00000,35.00000,615
75,58,9.080846e-02,40.00000,35.00000,609
75,59,9.437684e-02,37.00000,36.00000,616
75,60,8.899683e-02,54.00000,30.00000,622
75,61,8.686607e-02,58.00000,30.00000,630
75,62,9.087801e-02,55.00000,30.00000,631
75,63,9.509213e-02,42.00000,36.00000,865
75,64,9.283613e-02,52.00000,30.00000,598
75,65,9.248015e-02,41.00000,35.00000,629
75,66,9.123048e-02,37.00000,36.00000,619
75,67,9.123907e-02,58.00000,30.00000,623
75,68,9.160025e-02,47.00000,35.00000,606
75,69,8.898188e-02,53.00000,30.00000,617
75,70,9.249260e-02,43.00000,35.00000,605
75,71,9.619616e-02,30.00000,36.00000,634
76,0,9.389202e-02,36.00000,36.00000,13868
76,1,9.505221e-02,44.00000,36.00000,618
76,2,8.727846e-02,54.00000,30.00000,659
76,3,9.455834e-02,40.00000,35.00000,663
76,4,9.219088e-02,53.00000,30.00000,669
76,5,9.123201e-02,49.00000,30.00000,665
76,6,8.990273e-02,37.00000,36.00000,748
76,7,8.740112e-02,41.00000,36.00000,729
76,8,8.966548e-02,54.00000,30.00000,735
76,9,9.511490e-02,52.00000,30.00000,658
76,10,9.090636e-02,46.00000,35.00000,4050
76,11,9.305122e-02,37.00000,36.00000,798
76,12,9.063255e-02,40.00000,40.00000,676
76,13,9.164178e-02,43.00000,35.00000,700
76,14,8.743994e-02,56.00000,30.00000,683
76,15,9.477275e-02,36.00000,36.00000,710
76,16,9.239470e-02,49.00000,30.00000,615
76,17,8.718699e-02,49.00000,30.00000,753
76,18,8.743844e-02,54.00000,30.00000,754
76,19,9.212440e-02,53.00000,30.00000,724
76,20,9.000983e-02,49.00000,30.00000,8322
76,21,8.716162e-02,52.00000,30.00000,2332
76,22,9.591126e-02,43.00000,36.00000,731
76,23,8.847384e-02,53.00000,30.00000,752
76,24,9.456800e-02,41.00000,40.00000,1152
76,25,9.612224e-02,41.00000,36.00000,1673
76,26,9.528323e-02,36.00000,36.00000,692
76,27,9.350674e-02,49.00000,30.00000,682
76,28,9.259644e-02,37.00000,36.00000,743
76,29,9.594155e-02,43.00000,35.00000,668
76,30,8.996838e-02,48.00000,35.00000,8055
76,31,9.037128e-02,45.00000,35.00000,2486
76,32,9.257352e-02,42.00000,35.00000,630
76,33,9.272633e-02,39.00000,35.00000,766
76,34,9.756080e-02,49.00000,30.00000,2726
76,35,9.383494e-02,44.00000,35.00000,2086
76,36,9.150424e-02,40.00000,36.00000,718
76,37,9.072062e-02,40.00000,36.00000,671
76,38,9.054122e-02,53.00000,30.00000,761
76,39,9.633639e-02,39.00000,35.00000,603
76,40,8.947580e-02,55.00000,30.00000,3214
76,41,9.299891e-02,40.00000,36.00000,3619
76,42,9.236095e-02,41.00000,36.00000,605
76,43,8.553372e-02,57.00000,30.00000,857
76,44,8.612277e-02,55.00000,30.00000,6781
76,45,9.036112e-02,47.00000,35.00000,730
76,46,9.289031e-02,40.00000,36.00000,642
76,47,9.591302e-02,30.00000,36.00000,601
76,48,9.185079e-02,54.00000,30.00000,787
76,49,9.260598e-02,42.00000,35.00000,698
76,50,8.966814e-02,44.00000,35.00000,1170
76,51,9.483816e-02,35.00000,36.00000,4884
76,52,9.094174e-02,53.00000,30.00000,718
76,53,9.371871e-02,43.00000,35.00000,582
76,54,9.044804e-02,39.00000,36.00000,6566
76,55,9.660848e-02,42.00000,35.00000,568
76,56,8.810957e-02,49.00000,30.00000,731
76,57,9.559692e-02,55.00000,30.00000,619
76,58,9.153703e-02,35.00000,36.00000,655
76,59,9.049977e-02,54.00000,30.00000,609
76,60,9.593865e-02,44.00000,35.00000,588
76,61,9.365350e-02,35.00000,36.00000,625
76,62,8.963313e-02,56.00000,30.00000,619
76,63,8.954135e-02,43.00000,36.00000,625
76,64,9.081741e-02,52.00000,30.00000,609
76,65,9.073392e-02,47.00000,35.00000,595
76,66,8.915609e-02,37.00000,36.00000,618
76,67,9.092724e-02,49.00000,30.00000,608
76,68,8.704850e-02,54.00000,30.00000,631
76,69,9.204765e-02,46.00000,35.00000,605
76,70,9.323820e-02,37.00000,36.00000,624
76,71,8.940955e-02,40.00000,36.00000,629
77,0,9.102602e-02,42.00000,36.00000,9074
77,1,8.578842e-02,58.00000,30.00000,733
77,2,9.193314e-02,36.00000,35.00000,3293
77,3,8.730657e-02,54.00000,30.00000,673
77,4,8.905704e-02,53.00000,30.00000,656
77,5,8.779446e-02,53.00000,30.00000,764
77,6,8.673728e-02,54.00000,30.00000,721
77,7,9.185585e-02,53.00000,30.00000,700
77,8,8.692349e-02,39.00000,35.00000,770
77,9,9.571442e-02,36.00000,40.00000,663
77,10,9.086055e-02,37.00000,35.00000,14315
77,11,8.621866e-02,48.00000,35.00000,741
77,12,9.249832e-02,47.00000,35.00000,1065
77,13,8.984962e-02,59.00000,30.00000,722
77,14,8.763640e-02,53.00000,30.00000,619
77,15,8.669028e-02,49.00000,30.00000,731
77,16,8.966780e-02,42.00000,35.00000,658
77,17,9.134935e-02,57.00000,30.00000,655
77,18,8.835239e-02,47.00000,35.00000,629
77,19,9.122177e-02,43.00000,36.00000,654
77,20,9.195622e-02,45.00000,36.00000,9798
77,21,9.350399e-02,39.00000,40.00000,662
77,22,8.784859e-02,59.00000,30.00000,1803
77,23,9.088529e-02,52.00000,30.00000,675
77,24,8.906304e-02,53.00000,30.00000,681
77,25,9.268532e-02,43.00000,35.00000,612
77,26,8.714947e-02,46.00000,35.00000,704
77,27,9.126554e-02,45.00000,35.00000,691
77,28,9.031907e-02,49.00000,30.00000,656
77,29,8.853900e-02,44.00000,35.00000,670
77,30,8.859885e-02,49.00000,30.00000,11429
77,31,8.933619e-02,49.00000,30.00000,674
77,32,8.849345e-02,43.00000,35.00000,625
77,33,9.101325e-02,38.00000,35.00000,606
77,34,8.532764e-02,58.00000,30.00000,671
77,35,8.690471e-02,54.00000,30.00000,661
77,36,8.907118e-02,53.00000,30.00000,686
77,37,9.018752e-02,37.00000,40.00000,640
77,38,9.088829e-02,43.00000,36.00000,632
77,39,9.296290e-02,25.00000,36.00000,773
77,40,9.146057e-02,49.00000,30.00000,9035
77,41,8.884470e-02,49.00000,30.00000,674
77,42,8.745765e-02,45.00000,35.00000,1629
77,43,8.781980e-02,49.00000,30.00000,689
77,44,8.926344e-02,41.00000,36.00000,606
77,45,9.350379e-02,47.00000,35.00000,1346
77,46,8.894762e-02,49.00000,30.00000,691
77,47,8.751512e-02,50.00000,35.00000,622
77,48,9.277090e-02,48.00000,35.00000,672
77,49,9.380558e-02,47.00000,35.00000,696
77,50,8.947630e-02,49.00000,30.00000,10580
77,51,8.700317e-02,54.00000,30.00000,626
77,52,8.977868e-02,34.00000,36.00000,642
77,53,9.242897e-02,52.00000,30.00000,597
77,54,8.973886e-02,47.00000,35.00000,639
77,55,8.669806e-02,54.00000,30.00000,1068
77,56,8.656925e-02,51.00000,30.00000,628
77,57,9.127311e-02,40.00000,36.00000,604
77,58,9.110475e-02,52.00000,30.00000,598
77,59,9.247662e-02,47.00000,35.00000,585
77,60,8.879261e-02,49.00000,35.00000,1345
77,61,8.832350e-02,58.00000,30.00000,624
77,62,8.775510e-02,36.00000,35.00000,642
77,63,8.987166e-02,44.00000,35.00000,590
77,64,8.649854e-02,45.00000,35.00000,627
77,65,8.953123e-02,49.00000,30.00000,597
77,66,8.906680e-02,49.00000,30.00000,589
77,67,9.038734e-02,42.00000,35.00000,593
77,68,8.870499e-02,35.00000,36.00000,620
77,69,8.666044e-02,52.00000,30.00000,625
77,70,8.836374e-02,49.00000,30.00000,638
77,71,8.634815e-02,49.00000,30.00000,629
78,0,9.506895e-02,40.00000,36.00000,596
78,1,9.230686e-02,48.00000,35.00000,3694
78,2,9.396686e-02,41.00000,36.00000,668
78,3,9.133060e-02,39.00000,36.00000,681
78,4,9.205578e-02,47.00000,35.00000,683
78,5,9.412818e-02,42.00000,35.00000,596
78,6,8.727352e-02,55.00000,30.00000,710
78,7,9.174396e-02,36.00000,36.00000,739
78,8,9.128380e-02,42.00000,35.00000,682
78,9,9.001186e-02,42.00000,35.00000,640
78,10,8.748258e-02,49.00000,30.00000,3201
78,11,9.467489e-02,47.00000,35.00000,2660
78,12,9.232008e-02,43.00000,35.00000,611
78,13,8.778901e-02,37.00000,35.00000,713
78,14,9.221646e-02,49.00000,30.00000,644
78,15,8.986664e-02,58.00000,30.00000,692
78,16,8.622269e-02,49.00000,35.00000,606
78,17,8.918825e-02,38.00000,36.00000,706
78,18,8.738688e-02,54.00000,30.00000,614
78,19,9.288952e-02,25.00000,36.00000,727
78,20,8.819760e-02,47.00000,35.00000,4527
78,21,8.815098e-02,38.00000,35.00000,3908
78,22,8.373183e-02,57.00000,30.00000,641
78,23,8.610587e-02,49.00000,30.00000,721
78,24,8.701324e-02,58.00000,30.00000,641
78,25,9.239215e-02,37.00000,40.00000,606
78,26,8.466190e-02,54.00000,30.00000,728
78,27,8.674354e-02,53.00000,30.00000,623
78,28,8.951604e-02,40.00000,35.00000,717
78,29,8.841591e-02,49.00000,30.00000,641
78,30,8.925021e-02,42.00000,35.00000,5390
78,31,8.962140e-02,54.00000,30.00000,3248
78,32,8.866521e-02,40.00000,36.00000,710
78,33,8.905867e-02,49.00000,30.00000,713
78,34,9.065250e-02,54.00000,30.00000,730
78,35,9.144188e-02,45.00000,35.00000,635
78,36,8.945620e-02,48.00000,35.00000,598
78,37,9.342974e-02,42.00000,36.00000,685
78,38,8.813228e-02,39.00000,35.00000,775
78,39,9.500580e-02,31.00000,36.00000,727
78,40,8.840131e-02,55.00000,30.00000,2798
78,41,9.165381e-02,36.00000,36.00000,5175
78,42,8.639283e-02,55.00000,30.00000,769
78,43,8.575146e-02,54.00000,30.00000,701
78,44,8.567394e-02,47.00000,35.00000,688
78,45,8.875054e-02,48.00000,35.00000,675
78,46,8.614966e-02,55.00000,30.00000,687
78,47,8.856969e-02,47.00000,35.00000,760
78,48,8.845978e-02,49.00000,30.00000,605
78,49,8.735941e-02,43.00000,35.00000,778
78,50,8.920278e-02,53.00000,30.00000,668
78,51,8.962471e-02,45.00000,35.00000,8432
78,52,8.496022e-02,58.00000,30.00000,624
78,53,8.751519e-02,53.00000,30.00000,610
78,54,8.765242e-02,40.00000,36.00000,616
78,55,9.138088e-02,53.00000,30.00000,638
78,56,8.868892e-02,52.00000,30.00000,600
78,57,8.494599e-02,55.00000,30.00000,641
78,58,8.830965e-02,45.00000,35.00000,615
78,59,8.699327e-02,43.00000,35.00000,619
78,60,8.898403e-02,43.00000,36.00000,615
78,61,8.632281e-02,53.00000,30.00000,615
78,62,9.047529e-02,40.00000,36.00000,627
78,63,9.152694e-02,49.00000,30.00000,605
78,64,9.044239e-02,35.00000,36.00000,597
78,65,9.083891e-02,43.00000,36.00000,586
78,66,9.106356e-02,42.00000,35.00000,587
78,67,9.172630e-02,51.00000,35.00000,605
78,68,9.235995e-02,44.00000,36.00000,584
78,69,9.318540e-02,43.00000,35.00000,572
78,70,9.578778e-02,31.00000,36.00000,602
78,71,9.290327e-02,45.00000,35.00000,572
79,0,8.647336e-02,53.00000,30.00000,7387
79,1,8.495416e-02,53.00000,30.00000,631
79,2,9.029973e-02,49.00000,30.00000,619
79,3,8.665727e-02,53.00000,30.00000,690
79,4,8.592214e-02,49.00000,30.00000,737
79,5,8.814044e-02,36.00000,36.00000,678
79,6,9.304500e-02,45.00000,35.00000,657
79,7,8.841217e-02,41.00000,35.00000,642
79,8,9.038030e-02,40.00000,36.00000,739
79,9,9.197656e-02,45.00000,35.00000,596
79,10,8.804336e-02,41.00000,35.00000,5534
79,11,9.086847e-02,45.00000,36.00000,686
79,12,8.703371e-02,49.00000,30.00000,707
79,13,8.926524e-02,47.00000,35.00000,651
79,14,9.179824e-02,41.00000,36.00000,644
79,15,8.992712e-02,30.00000,36.00000,628
79,16,8.658613e-02,55.00000,30.00000,796
79,17,9.298296e-02,49.00000,30.00000,602
79,18,8.850409e-02,52.00000,30.00000,673
79,19,9.036423e-02,37.00000,36.00000,670
79,20,9.193165e-02,47.00000,35.00000,6024
79,21,8.867608e-02,44.00000,35.00000,652
79,22,9.180723e-02,35.00000,36.00000,714
79,23,9.068544e-02,48.00000,35.00000,661
79,24,9.141915e-02,53.00000,30.00000,744
79,25,9.027163e-02,51.00000,30.00000,649
79,26,8.774209e-02,45.00000,35.00000,657
79,27,8.797329e-02,41.00000,36.00000,680
79,28,9.071624e-02,41.00000,36.00000,693
79,29,9.128977e-02,43.00000,36.00000,590
79,30,8.813286e-02,48.00000,35.00000,7761
79,31,9.042966e-02,45.00000,35.00000,750
79,32,8.829761e-02,48.00000,35.00000,717
79,33,8.745253e-02,53.00000,30.00000,682
79,34,9.236671e-02,41.00000,35.00000,628
79,35,8.909051e-02,55.00000,30.00000,639
79,36,9.220903e-02,31.00000,36.00000,659
79,37,8.969490e-02,38.00000,36.00000,686
79,38,9.183636e-02,38.00000,35.00000,733
79,39,8.981945e-02,40.00000,36.00000,623
79,40,8.931705e-02,38.00000,35.00000,9128
79,41,8.860108e-02,53.00000,30.00000,678
79,42,9.461326e-02,37.00000,36.00000,665
79,43,9.005451e-02,57.00000,30.00000,697
79,44,8.830240e-02,49.00000,30.00000,742
79,45,9.234472e-02,31.00000,36.00000,681
79,46,8.796825e-02,49.00000,30.00000,637
79,47,8.873224e-02,39.00000,36.00000,758
79,48,8.580524e-02,55.00000,30.00000,626
79,49,8.898699e-02,49.00000,30.00000,5070
79,50,8.932441e-02,48.00000,35.00000,3263
79,51,8.760776e-02,49.00000,30.00000,660
79,52,8.680765e-02,46.00000,35.00000,705
79,53,8.858135e-02,43.00000,35.00000,723
79,54,9.139513e-02,41.00000,35.00000,682
79,55,8.627389e-02,43.00000,35.00000,733
79,56,8.855831e-02,44.00000,35.00000,719
79,57,8.719450e-02,53.00000,30.00000,700
79,58,8.823405e-02,48.00000,35.00000,634
79,59,8.908156e-02,44.00000,35.00000,626
79,60,8.640099e-02,45.00000,35.00000,634
79,61,9.050057e-02,49.00000,30.00000,599
79,62,9.060077e-02,53.00000,30.00000,610
79,63,8.960760e-02,42.00000,35.00000,616
79,64,8.887004e-02,30.00000,36.00000,639
79,65,9.075683e-02,47.00000,35.00000,588
79,66,8.842728e-02,44.00000,36.00000,613
79,67,8.976699e-02,54.00000,30.00000,608
79,68,8.799444e-02,39.00000,35.00000,644
79,69,8.550181e-02,52.00000,30.00000,638
79,70,9.282956e-02,40.00000,36.00000,583
79,71,8.998916e-02,43.00000,35.00000,572
80,0,8.912681e-02,35.00000,36.00000,7858
80,1,8.748280e-02,44.00000,36.00000,725
80,2,8.810872e-02,55.00000,30.00000,669
80,3,8.696338e-02,49.00000,30.00000,690
80,4,8.893593e-02,44.00000,35.00000,660
80,5,9.220119e-02,52.00000,30.00000,631
80,6,8.828741e-02,49.00000,35.00000,709
80,7,8.429886e-02,53.00000,30.00000,732
80,8,9.270187e-02,37.00000,35.00000,686
80,9,9.155673e-02,30.00000,36.00000,777
80,10,9.043873e-02,45.00000,35.00000,8339
80,11,9.220625e-02,48.00000,35.00000,655
80,12,8.973940e-02,35.00000,36.00000,641
80,13,8.782083e-02,48.00000,35.00000,734
80,14,9.001550e-02,49.00000,30.00000,695
80,15,9.040104e-02,49.00000,35.00000,663
80,16,8.632912e-02,52.00000,30.00000,716
80,17,9.209527e-02,31.00000,36.00000,619
80,18,9.234188e-02,39.00000,35.00000,674
80,19,8.931863e-02,36.00000,36.00000,756
80,20,8.567560e-02,53.00000,30.00000,10818
80,21,8.637722e-02,43.00000,35.00000,614
80,22,8.674774e-02,54.00000,30.00000,773
80,23,8.809243e-02,55.00000,30.00000,661
80,24,8.716609e-02,41.00000,35.00000,3418
80,25,8.871824e-02,54.00000,30.00000,785
80,26,9.022651e-02,36.00000,36.00000,655
80,27,8.919635e-02,49.00000,35.00000,670
80,28,8.495305e-02,59.00000,30.00000,695
80,29,8.769153e-02,45.00000,35.00000,725
80,30,9.004892e-02,41.00000,35.00000,8160
80,31,8.751461e-02,43.00000,35.00000,628
80,32,8.789608e-02,50.00000,35.00000,731
80,33,8.952497e-02,41.00000,35.00000,596
80,34,9.044410e-02,44.00000,35.00000,5331
80,35,8.927976e-02,40.00000,35.00000,687
80,36,8.885579e-02,47.00000,35.00000,685
80,37,8.789881e-02,56.00000,30.00000,801
80,38,8.804041e-02,43.00000,35.00000,684
80,39,9.174997e-02,31.00000,36.00000,620
80,40,8.647720e-02,46.00000,35.00000,3645
80,41,9.007402e-02,36.00000,36.00000,741
80,42,9.105789e-02,41.00000,35.00000,684
80,43,8.966195e-02,54.00000,30.00000,6629
80,44,8.848424e-02,57.00000,30.00000,5932
80,45,8.998968e-02,40.00000,36.00000,588
80,46,8.628099e-02,46.00000,35.00000,641
80,47,9.266540e-02,43.00000,36.00000,695
80,48,9.213172e-02,30.00000,36.00000,644
80,49,9.079826e-02,44.00000,35.00000,661
80,50,9.166401e-02,45.00000,35.00000,635
80,51,8.824205e-02,41.00000,35.00000,744
80,52,8.812582e-02,44.00000,35.00000,742
80,53,8.756990e-02,43.00000,35.00000,7317
80,54,9.222603e-02,44.00000,35.00000,2872
80,55,8.915224e-02,53.00000,30.00000,627
80,56,9.035192e-02,52.00000,30.00000,596
80,57,8.632897e-02,49.00000,30.00000,628
80,58,8.905151e-02,53.00000,30.00000,609
80,59,8.980411e-02,40.00000,36.00000,582
80,60,8.871700e-02,55.00000,30.00000,645
80,61,8.812976e-02,42.00000,36.00000,582
80,62,8.726480e-02,40.00000,36.00000,628
80,63,9.299918e-02,37.00000,35.00000,564
80,64,9.214246e-02,40.00000,36.00000,599
80,65,8.843626e-02,43.00000,35.00000,593
80,66,8.902459e-02,38.00000,35.00000,637
80,67,8.735929e-02,49.00000,30.00000,607
80,68,9.104910e-02,42.00000,35.00000,592
80,69,9.142485e-02,37.00000,36.00000,607
80,70,8.735219e-02,43.00000,35.00000,647
80,71,9.040169e-02,47.00000,35.00000,586
81,0,8.744615e-02,48.00000,35.00000,6814
81,1,8.429469e-02,53.00000,30.00000,820
81,2,8.820543e-02,43.00000,35.00000,734
81,3,1.012878e-01,25.00000,36.00000,590
81,4,8.764474e-02,43.00000,35.00000,692
81,5,8.666877e-02,53.00000,30.00000,689
81,6,9.455577e-02,32.00000,36.00000,677
81,7,9.259892e-02,37.00000,36.00000,729
81,8,8.801524e-02,53.00000,30.00000,742
81,9,8.627324e-02,52.00000,30.00000,708
81,10,9.045472e-02,45.00000,35.00000,11240
81,11,8.850816e-02,43.00000,36.00000,643
81,12,9.389158e-02,40.00000,36.00000,758
81,13,9.486195e-02,39.00000,36.00000,573
81,14,9.406380e-02,54.00000,35.00000,679
81,15,9.212928e-02,45.00000,35.00000,625
81,16,9.809858e-02,58.00000,30.00000,670
81,17,9.054396e-02,31.00000,36.00000,732
81,18,9.593589e-02,31.00000,36.00000,659
81,19,9.269217e-02,37.00000,36.00000,712
81,20,8.885414e-02,43.00000,35.00000,10169
81,21,9.270922e-02,54.00000,30.00000,734
81,22,8.971889e-02,46.00000,35.00000,642
81,23,9.152471e-02,36.00000,36.00000,624
81,24,8.737624e-02,50.00000,35.00000,736
81,25,8.876922e-02,43.00000,35.00000,683
81,26,8.516522e-02,60.00000,30.00000,666
81,27,9.263127e-02,48.00000,35.00000,832
81,28,8.693119e-02,56.00000,30.00000,702
81,29,9.029981e-02,38.00000,35.00000,686
81,30,8.691222e-02,51.00000,30.00000,10027
81,31,8.951250e-02,45.00000,35.00000,710
81,32,8.683559e-02,56.00000,30.00000,634
81,33,9.011097e-02,49.00000,30.00000,749
81,34,9.018316e-02,46.00000,35.00000,681
81,35,8.880016e-02,49.00000,30.00000,614
81,36,8.902512e-02,43.00000,35.00000,770
81,37,8.831590e-02,40.00000,35.00000,679
81,38,8.973710e-02,31.00000,36.00000,688
81,39,9.063770e-02,36.00000,36.00000,683
81,40,9.325348e-02,46.00000,35.00000,9236
81,41,8.702026e-02,43.00000,36.00000,676
81,42,9.010483e-02,47.00000,36.00000,685
81,43,8.869343e-02,49.00000,30.00000,699
81,44,8.871493e-02,41.00000,35.00000,730
81,45,8.434770e-02,56.00000,30.00000,794
81,46,8.877687e-02,54.00000,30.00000,808
81,47,9.073733e-02,38.00000,36.00000,687
81,48,8.598813e-02,47.00000,35.00000,657
81,49,8.981960e-02,44.00000,35.00000,627
81,50,8.460698e-02,55.00000,30.00000,5552
81,51,8.654658e-02,43.00000,35.00000,639
81,52,9.084854e-02,37.00000,36.00000,737
81,53,8.976395e-02,37.00000,36.00000,649
81,54,9.295672e-02,42.00000,35.00000,645
81,55,8.941943e-02,54.00000,30.00000,675
81,56,8.550677e-02,52.00000,30.00000,606
81,57,8.554024e-02,57.00000,30.00000,821
81,58,9.263293e-02,42.00000,35.00000,669
81,59,8.984133e-02,41.00000,36.00000,597
81,60,8.951178e-02,45.00000,35.00000,1670
81,61,9.151176e-02,40.00000,35.00000,621
81,62,8.680360e-02,57.00000,30.00000,631
81,63,8.890286e-02,49.00000,30.00000,609
81,64,9.029609e-02,55.00000,30.00000,618
81,65,8.394667e-02,52.00000,30.00000,646
81,66,8.680230e-02,47.00000,35.00000,609
81,67,8.915636e-02,31.00000,36.00000,637
81,68,8.706315e-02,45.00000,36.00000,609
81,69,8.663160e-02,45.00000,35.00000,601
81,70,8.849658e-02,49.00000,30.00000,598
81,71,8.843846e-02,40.00000,35.00000,595
82,0,8.711373e-02,54.00000,30.00000,12838
82,1,8.830982e-02,40.00000,35.00000,668
82,2,8.742939e-02,49.00000,35.00000,658
82,3,8.467215e-02,54.00000,30.00000,706
82,4,8.849804e-02,42.00000,35.00000,702
82,5,8.855820e-02,49.00000,30.00000,667
82,6,9.030837e-02,41.00000,36.00000,659
82,7,9.096805e-02,45.00000,36.00000,712
82,8,8.970021e-02,37.00000,35.00000,624
82,9,9.027406e-02,35.00000,36.00000,605
82,10,8.820925e-02,54.00000,30.00000,10357
82,11,8.912619e-02,46.00000,35.00000,618
82,12,8.867789e-02,46.00000,35.00000,690
82,13,8.900570e-02,45.00000,35.00000,716
82,14,8.930897e-02,42.00000,35.00000,626
82,15,8.749576e-02,57.00000,30.00000,677
82,16,8.802368e-02,44.00000,35.00000,671
82,17,8.448835e-02,50.00000,35.00000,640
82,18,8.628637e-02,45.00000,35.00000,680
82,19,8.853692e-02,37.00000,36.00000,854
82,20,9.287982e-02,37.00000,36.00000,14145
82,21,8.803493e-02,53.00000,30.00000,656
82,22,8.711963e-02,49.00000,30.00000,677
82,23,8.916433e-02,45.00000,35.00000,697
82,24,9.016991e-02,40.00000,35.00000,693
82,25,9.156543e-02,40.00000,36.00000,659
82,26,8.498035e-02,47.00000,35.00000,805
82,27,8.839506e-02,43.00000,36.00000,678
82,28,8.468746e-02,58.00000,30.00000,721
82,29,8.739754e-02,49.00000,30.00000,723
82,30,9.052385e-02,38.00000,35.00000,13861
82,31,9.144469e-02,57.00000,30.00000,744
82,32,9.055039e-02,37.00000,36.00000,687
82,33,8.620352e-02,43.00000,36.00000,669
82,34,8.794132e-02,47.00000,35.00000,658
82,35,8.903389e-02,58.00000,30.00000,650
82,36,8.870490e-02,50.00000,30.00000,668
82,37,9.108252e-02,46.00000,35.00000,638
82,38,8.414260e-02,56.00000,30.00000,652
82,39,9.064711e-02,36.00000,36.00000,627
82,40,8.907709e-02,39.00000,35.00000,10598
82,41,9.340467e-02,40.00000,36.00000,622
82,42,8.790368e-02,45.00000,35.00000,635
82,43,9.101035e-02,30.00000,36.00000,666
82,44,8.866128e-02,53.00000,30.00000,695
82,45,8.986853e-02,42.00000,36.00000,728
82,46,8.416530e-02,53.00000,30.00000,700
82,47,8.728965e-02,46.00000,35.00000,652
82,48,9.056760e-02,53.00000,30.00000,678
82,49,8.868601e-02,42.00000,35.00000,673
82,50,8.865893e-02,44.00000,35.00000,12474
82,51,8.706994e-02,55.00000,30.00000,746
82,52,8.937269e-02,42.00000,35.00000,667
82,53,8.871227e-02,36.00000,36.00000,714
82,54,8.623339e-02,51.00000,30.00000,739
82,55,8.651414e-02,60.00000,30.00000,709
82,56,8.838603e-02,38.00000,40.00000,729
82,57,8.894812e-02,45.00000,35.00000,734
82,58,8.578349e-02,44.00000,35.00000,764
82,59,8.572881e-02,49.00000,30.00000,662
82,60,8.606147e-02,41.00000,35.00000,4789
82,61,9.058203e-02,49.00000,30.00000,598
82,62,9.107375e-02,42.00000,35.00000,570
82,63,8.735915e-02,53.00000,30.00000,610
82,64,9.132858e-02,49.00000,30.00000,603
82,65,9.305441e-02,30.00000,36.00000,596
82,66,8.743431e-02,57.00000,30.00000,630
82,67,8.972727e-02,36.00000,36.00000,609
82,68,8.721690e-02,58.00000,30.00000,624
82,69,9.116408e-02,30.00000,36.00000,615
82,70,9.115419e-02,30.00000,36.00000,605
82,71,8.983944e-02,41.00000,36.00000,615
83,0,8.873764e-02,35.00000,36.00000,16323
83,1,9.160142e-02,39.00000,36.00000,1511
83,2,8.500926e-02,53.00000,30.00000,680
83,3,8.606098e-02,37.00000,35.00000,695
83,4,8.609023e-02,46.00000,35.00000,763
83,5,8.542772e-02,57.00000,30.00000,639
83,6,9.157405e-02,54.00000,30.00000,708
83,7,9.378388e-02,37.00000,35.00000,688
83,8,8.483952e-02,49.00000,30.00000,707
83,9,8.518237e-02,53.00000,30.00000,666
83,10,9.279999e-02,37.00000,36.00000,11654
83,11,9.082195e-02,49.00000,35.00000,907
83,12,8.757080e-02,54.00000,30.00000,657
83,13,8.749647e-02,50.00000,35.00000,723
83,14,9.067378e-02,38.00000,36.00000,586
83,15,8.569145e-02,48.00000,35.00000,735
83,16,8.621987e-02,54.00000,30.00000,732
83,17,8.757629e-02,41.00000,36.00000,726
83,18,9.032956e-02,58.00000,30.00000,642
83,19,9.175731e-02,37.00000,36.00000,687
83,20,8.709160e-02,49.00000,35.00000,10757
83,21,8.785742e-02,43.00000,36.00000,2440
83,22,8.799143e-02,45.00000,35.00000,2268
83,23,9.153925e-02,45.00000,35.00000,695
83,24,8.740932e-02,43.00000,35.00000,663
83,25,8.721768e-02,42.00000,35.00000,655
83,26,9.043525e-02,44.00000,35.00000,692
83,27,8.632772e-02,49.00000,30.00000,674
83,28,8.999919e-02,37.00000,40.00000,695
83,29,8.586767e-02,54.00000,30.00000,715
83,30,8.641004e-02,46.00000,35.00000,7670
83,31,8.838478e-02,35.00000,36.00000,1655
83,32,9.050480e-02,49.00000,30.00000,886
83,33,8.638996e-02,55.00000,30.00000,658
83,34,8.866639e-02,49.00000,30.00000,631
83,35,8.922107e-02,45.00000,35.00000,725
83,36,9.137698e-02,41.00000,35.00000,636
83,37,8.848371e-02,39.00000,40.00000,633
83,38,8.457423e-02,50.00000,35.00000,709
83,39,8.675362e-02,40.00000,35.00000,745
83,40,8.846699e-02,47.00000,36.00000,13917
83,41,8.682069e-02,44.00000,35.00000,660
83,42,8.950193e-02,43.00000,35.00000,609
83,43,8.684085e-02,45.00000,35.00000,738
83,44,8.702853e-02,44.00000,35.00000,723
83,45,8.835318e-02,54.00000,30.00000,764
83,46,8.610953e-02,37.00000,36.00000,631
83,47,9.143537e-02,37.00000,36.00000,660
83,48,8.914240e-02,42.00000,35.00000,649
83,49,8.917738e-02,59.00000,30.00000,643
83,50,9.258302e-02,48.00000,35.00000,9302
83,51,8.719487e-02,52.00000,30.00000,1584
83,52,8.197063e-02,58.00000,30.00000,3523
83,53,8.740513e-02,46.00000,35.00000,666
83,54,8.493101e-02,49.00000,30.00000,656
83,55,8.902061e-02,45.00000,35.00000,658
83,56,8.733988e-02,52.00000,30.00000,671
83,57,8.992133e-02,42.00000,35.00000,670
83,58,8.659001e-02,45.00000,35.00000,667
83,59,8.170380e-02,59.00000,30.00000,682
83,60,8.545421e-02,41.00000,36.00000,816
83,61,8.630739e-02,49.00000,30.00000,2953
83,62,8.769890e-02,37.00000,35.00000,629
83,63,8.855094e-02,37.00000,36.00000,601
83,64,8.810798e-02,54.00000,30.00000,607
83,65,8.923824e-02,46.00000,35.00000,595
83,66,8.826698e-02,37.00000,36.00000,627
83,67,8.751740e-02,45.00000,35.00000,592
83,68,8.597836e-02,54.00000,30.00000,607
83,69,8.845282e-02,39.00000,35.00000,590
83,70,8.999969e-02,45.00000,35.00000,579
83,71,9.055494e-02,37.00000,36.00000,608
84,0,9.245721e-02,49.00000,30.00000,4852
84,1,8.938770e-02,36.00000,36.00000,1382
84,2,8.417855e-02,55.00000,30.00000,692
84,3,8.981922e-02,40.00000,36.00000,604
84,4,8.784458e-02,44.00000,35.00000,709
84,5,9.123480e-02,42.00000,35.00000,719
84,6,8.799700e-02,47.00000,35.00000,642
84,7,8.526257e-02,47.00000,35.00000,717
84,8,9.109855e-02,37.00000,36.00000,594
84,9,9.186663e-02,25.00000,36.00000,659
84,10,8.722128e-02,42.00000,35.00000,704
84,11,8.861654e-02,43.00000,35.00000,641
84,12,8.538365e-02,57.00000,30.00000,689
84,13,8.610439e-02,49.00000,30.00000,700
84,14,8.733237e-02,46.00000,35.00000,608
84,15,8.680785e-02,44.00000,40.00000,688
84,16,8.819123e-02,40.00000,35.00000,724
84,17,8.729722e-02,35.00000,36.00000,778
84,18,8.441117e-02,49.00000,30.00000,602
84,19,8.399518e-02,58.00000,30.00000,790
84,20,8.490033e-02,47.00000,35.00000,1269
84,21,8.280054e-02,58.00000,30.00000,678
84,22,8.567779e-02,53.00000,30.00000,1492
84,23,8.785595e-02,44.00000,35.00000,790
84,24,8.606195e-02,53.00000,30.00000,678
84,25,8.372410e-02,55.00000,30.00000,731
84,26,8.432729e-02,41.00000,35.00000,672
84,27,8.433048e-02,59.00000,30.00000,682
84,28,8.593158e-02,46.00000,35.00000,785
84,29,8.363465e-02,52.00000,30.00000,715
84,30,8.846007e-02,43.00000,35.00000,2082
84,31,9.212421e-02,44.00000,35.00000,3010
84,32,8.726334e-02,36.00000,36.00000,1929
84,33,9.097994e-02,25.00000,36.00000,753
84,34,8.680832e-02,46.00000,35.00000,706
84,35,8.781995e-02,37.00000,36.00000,720
84,36,8.846635e-02,56.00000,30.00000,676
84,37,8.485005e-02,52.00000,35.00000,630
84,38,8.674160e-02,52.00000,30.00000,803
84,39,8.776107e-02,39.00000,35.00000,809
84,40,8.605911e-02,48.00000,35.00000,4860
84,41,8.666790e-02,40.00000,40.00000,717
84,42,8.658351e-02,49.00000,30.00000,2678
84,43,8.629779e-02,43.00000,35.00000,708
84,44,8.612803e-02,53.00000,30.00000,645
84,45,8.611455e-02,54.00000,30.00000,712
84,46,8.765600e-02,53.00000,30.00000,621
84,47,8.603921e-02,44.00000,35.00000,745
84,48,8.603308e-02,49.00000,35.00000,754
84,49,8.584400e-02,54.00000,30.00000,674
84,50,8.483653e-02,43.00000,36.00000,6884
84,51,9.181711e-02,36.00000,35.00000,795
84,52,8.618432e-02,46.00000,35.00000,2220
84,53,8.757293e-02,35.00000,36.00000,725
84,54,9.065004e-02,30.00000,36.00000,619
84,55,8.713964e-02,37.00000,35.00000,634
84,56,8.677236e-02,53.00000,30.00000,646
84,57,8.639646e-02,52.00000,30.00000,618
84,58,8.849597e-02,45.00000,35.00000,602
84,59,8.704980e-02,49.00000,30.00000,608
84,60,8.917470e-02,40.00000,35.00000,1274
84,61,8.623405e-02,46.00000,35.00000,915
84,62,8.801992e-02,36.00000,36.00000,698
84,63,8.639045e-02,49.00000,30.00000,594
84,64,8.686219e-02,41.00000,36.00000,609
84,65,9.094655e-02,36.00000,35.00000,564
84,66,8.835089e-02,47.00000,35.00000,608
84,67,8.973943e-02,35.00000,36.00000,600
84,68,8.876650e-02,49.00000,30.00000,590
84,69,8.913729e-02,42.00000,35.00000,571
84,70,8.507355e-02,49.00000,30.00000,607
84,71,8.509726e-02,49.00000,30.00000,596
85,0,8.880232e-02,37.00000,36.00000,6581
85,1,8.816078e-02,42.00000,35.00000,637
85,2,8.615232e-02,46.00000,35.00000,727
85,3,8.283482e-02,54.00000,30.00000,707
85,4,8.216976e-02,53.00000,30.00000,737
85,5,9.337115e-02,25.00000,36.00000,614
85,6,8.829345e-02,53.00000,30.00000,729
85,7,8.692760e-02,36.00000,35.00000,647
85,8,8.325310e-02,59.00000,30.00000,770
85,9,8.908302e-02,42.00000,36.00000,650
85,10,8.696812e-02,38.00000,35.00000,5438
85,11,9.152708e-02,43.00000,35.00000,684
85,12,8.404423e-02,53.00000,30.00000,729
85,13,8.632280e-02,49.00000,30.00000,1614
85,14,8.997917e-02,48.00000,35.00000,680
85,15,8.722805e-02,43.00000,35.00000,690
85,16,8.655401e-02,44.00000,35.00000,632
85,17,8.466732e-02,52.00000,30.00000,690
85,18,9.018770e-02,48.00000,35.00000,681
85,19,8.778729e-02,37.00000,36.00000,670
85,20,8.474007e-02,40.00000,35.00000,10366
85,21,8.789475e-02,45.00000,35.00000,666
85,22,8.929556e-02,39.00000,35.00000,638
85,23,8.553000e-02,53.00000,30.00000,721
85,24,8.296240e-02,54.00000,30.00000,773
85,25,8.595309e-02,41.00000,36.00000,595
85,26,8.343211e-02,54.00000,30.00000,731
85,27,8.532308e-02,54.00000,30.00000,710
85,28,8.981234e-02,37.00000,36.00000,667
85,29,8.620567e-02,45.00000,35.00000,587
85,30,8.394423e-02,54.00000,30.00000,12021
85,31,8.265673e-02,57.00000,30.00000,747
85,32,8.416054e-02,54.00000,30.00000,625
85,33,8.373325e-02,49.00000,35.00000,786
85,34,8.531231e-02,51.00000,30.00000,617
85,35,8.470155e-02,56.00000,30.00000,687
85,36,8.533166e-02,49.00000,30.00000,656
85,37,8.351056e-02,53.00000,30.00000,745
85,38,8.389597e-02,47.00000,35.00000,606
85,39,9.007029e-02,30.00000,36.00000,682
85,40,8.716763e-02,46.00000,35.00000,10295
85,41,8.834586e-02,49.00000,30.00000,637
85,42,8.608426e-02,45.00000,35.00000,763
85,43,8.886784e-02,41.00000,36.00000,628
85,44,8.983998e-02,31.00000,36.00000,683
85,45,9.033638e-02,48.00000,35.00000,654
85,46,8.844598e-02,41.00000,36.00000,670
85,47,8.551149e-02,48.00000,35.00000,766
85,48,8.782855e-02,46.00000,35.00000,639
85,49,8.552529e-02,51.00000,30.00000,656
85,50,8.312295e-02,49.00000,30.00000,12169
85,51,8.722332e-02,49.00000,30.00000,636
85,52,8.738476e-02,44.00000,35.00000,719
85,53,8.846968e-02,37.00000,36.00000,652
85,54,8.832721e-02,55.00000,30.00000,631
85,55,8.802721e-02,48.00000,35.00000,646
85,56,9.078176e-02,45.00000,35.00000,661
85,57,8.911767e-02,37.00000,36.00000,624
85,58,8.895692e-02,36.00000,36.00000,678
85,59,8.428460e-02,57.00000,30.00000,647
85,60,8.588698e-02,46.00000,35.00000,2468
85,61,8.925688e-02,49.00000,30.00000,590
85,62,8.767667e-02,30.00000,36.00000,618
85,63,8.826452e-02,44.00000,35.00000,587
85,64,8.851396e-02,37.00000,35.00000,613
85,65,8.629912e-02,54.00000,30.00000,616
85,66,9.059270e-02,31.00000,36.00000,603
85,67,8.630788e-02,54.00000,30.00000,607
85,68,8.733919e-02,25.00000,36.00000,614
85,69,8.649431e-02,47.00000,35.00000,602
85,70,8.853523e-02,49.00000,30.00000,595
85,71,9.016103e-02,42.00000,35.00000,571
86,0,9.099708e-02,25.00000,36.00000,6184
86,1,8.626171e-02,50.00000,30.00000,634
86,2,8.842155e-02,37.00000,36.00000,678
86,3,8.481985e-02,43.00000,35.00000,696
86,4,8.743507e-02,41.00000,36.00000,676
86,5,8.607394e-02,45.00000,35.00000,643
86,6,8.705917e-02,40.00000,36.00000,760
86,7,8.649950e-02,49.00000,30.00000,701
86,8,8.622724e-02,55.00000,30.00000,748
86,9,8.856451e-02,59.00000,30.00000,644
86,10,8.497082e-02,54.00000,30.00000,3177
86,11,8.533940e-02,45.00000,35.00000,728
86,12,8.545582e-02,45.00000,35.00000,717
86,13,8.726270e-02,45.00000,36.00000,649
86,14,8.745602e-02,49.00000,30.00000,627
86,15,8.676741e-02,43.00000,35.00000,690
86,16,8.651850e-02,43.00000,36.00000,675
86,17,8.930879e-02,36.00000,35.00000,672
86,18,8.488071e-02,54.00000,30.00000,677
86,19,8.638562e-02,49.00000,30.00000,771
86,20,8.550987e-02,53.00000,30.00000,5007
86,21,8.589956e-02,44.00000,35.00000,727
86,22,9.018397e-02,45.00000,35.00000,667
86,23,8.588852e-02,42.00000,35.00000,676
86,24,8.885796e-02,41.00000,35.00000,690
86,25,8.519494e-02,52.00000,30.00000,695
86,26,8.744831e-02,36.00000,36.00000,657
86,27,8.769216e-02,35.00000,36.00000,633
86,28,8.402205e-02,55.00000,30.00000,689
86,29,8.889841e-02,42.00000,35.00000,606
86,30,8.769707e-02,45.00000,35.00000,7099
86,31,8.910554e-02,37.00000,35.00000,694
86,32,8.571955e-02,38.00000,40.00000,665
86,33,8.814617e-02,40.00000,35.00000,625
86,34,8.885215e-02,37.00000,36.00000,695
86,35,8.828017e-02,37.00000,40.00000,733
86,36,8.875873e-02,46.00000,35.00000,667
86,37,8.748402e-02,49.00000,35.00000,689
86,38,8.671047e-02,39.00000,35.00000,635
86,39,8.831216e-02,45.00000,35.00000,576
86,40,8.660164e-02,45.00000,35.00000,7866
86,41,8.555578e-02,40.00000,36.00000,734
86,42,8.589334e-02,54.00000,30.00000,657
86,43,8.724317e-02,46.00000,35.00000,648
86,44,9.013167e-02,37.00000,35.00000,642
86,45,8.525769e-02,49.00000,30.00000,746
86,46,8.645488e-02,55.00000,30.00000,623
86,47,8.339266e-02,51.00000,35.00000,754
86,48,8.555377e-02,47.00000,35.00000,719
86,49,8.658572e-02,46.00000,35.00000,594
86,50,8.752340e-02,50.00000,35.00000,7919
86,51,8.858387e-02,43.00000,35.00000,633
86,52,8.852088e-02,49.00000,35.00000,684
86,53,8.663992e-02,35.00000,36.00000,642
86,54,8.325842e-02,57.00000,30.00000,686
86,55,9.059793e-02,40.00000,35.00000,626
86,56,9.129246e-02,31.00000,36.00000,570
86,57,9.375650e-02,39.00000,36.00000,674
86,58,9.288950e-02,37.00000,36.00000,682
86,59,9.289457e-02,31.00000,36.00000,687
86,60,8.895253e-02,43.00000,35.00000,3639
86,61,8.948816e-02,42.00000,35.00000,606
86,62,8.925313e-02,54.00000,30.00000,612
86,63,9.137015e-02,31.00000,36.00000,615
86,64,8.906285e-02,54.00000,30.00000,612
86,65,8.752792e-02,42.00000,35.00000,609
86,66,9.122460e-02,43.00000,36.00000,581
86,67,8.781722e-02,44.00000,35.00000,599
86,68,8.743624e-02,47.00000,35.00000,597
86,69,8.796740e-02,41.00000,35.00000,598
86,70,8.990349e-02,46.00000,35.00000,593
86,71,8.882876e-02,42.00000,35.00000,595
87,0,8.495396e-02,54.00000,30.00000,732
87,1,8.796168e-02,30.00000,36.00000,621
87,2,8.416337e-02,53.00000,30.00000,1967
87,3,8.672367e-02,49.00000,30.00000,637
87,4,8.721378e-02,45.00000,35.00000,812
87,5,8.948180e-02,51.00000,30.00000,643
87,6,8.652975e-02,43.00000,35.00000,738
87,7,8.477025e-02,46.00000,35.00000,699
87,8,8.422263e-02,49.00000,30.00000,675
87,9,8.205479e-02,61.00000,30.00000,651
87,10,8.527131e-02,55.00000,30.00000,4322
87,11,8.724664e-02,46.00000,35.00000,717
87,12,8.575881e-02,57.00000,30.00000,3189
87,13,9.000639e-02,43.00000,35.00000,580
87,14,9.139448e-02,25.00000,36.00000,667
87,15,8.438381e-02,53.00000,30.00000,684
87,16,8.832004e-02,48.00000,35.00000,678
87,17,8.896092e-02,35.00000,36.00000,687
87,18,8.495332e-02,54.00000,30.00000,619
87,19,8.994862e-02,31.00000,36.00000,757
87,20,8.589924e-02,43.00000,35.00000,9612
87,21,8.445525e-02,61.00000,30.00000,755
87,22,8.601917e-02,46.00000,35.00000,2534
87,23,8.310719e-02,42.00000,40.00000,779
87,24,8.778848e-02,47.00000,35.00000,699
87,25,8.424322e-02,58.00000,30.00000,707
87,26,8.661628e-02,37.00000,35.00000,636
87,27,8.567922e-02,53.00000,30.00000,762
87,28,8.269666e-02,53.00000,30.00000,711
87,29,8.382250e-02,57.00000,30.00000,686
87,30,8.571421e-02,53.00000,30.00000,9740
87,31,8.599223e-02,42.00000,35.00000,688
87,32,8.509025e-02,49.00000,30.00000,640
87,33,8.499035e-02,43.00000,35.00000,654
87,34,8.326620e-02,58.00000,30.00000,662
87,35,8.168563e-02,55.00000,30.00000,685
87,36,8.409949e-02,40.00000,35.00000,704
87,37,8.315382e-02,49.00000,30.00000,704
87,38,8.575676e-02,55.00000,30.00000,649
87,39,8.441836e-02,49.00000,30.00000,681
87,40,8.489986e-02,43.00000,35.00000,8502
87,41,8.511284e-02,54.00000,30.00000,701
87,42,8.818838e-02,49.00000,30.00000,3708
87,43,8.371299e-02,42.00000,35.00000,758
87,44,8.750992e-02,49.00000,30.00000,743
87,45,8.641230e-02,42.00000,35.00000,725
87,46,8.411667e-02,49.00000,30.00000,641
87,47,8.546659e-02,48.00000,35.00000,643
87,48,8.564582e-02,37.00000,36.00000,652
87,49,8.581870e-02,49.00000,30.00000,702
87,50,8.699592e-02,43.00000,36.00000,4492
87,51,8.743010e-02,43.00000,35.00000,683
87,52,8.925078e-02,49.00000,35.00000,2324
87,53,8.147926e-02,55.00000,30.00000,737
87,54,8.513422e-02,49.00000,30.00000,626
87,55,8.346839e-02,53.00000,30.00000,610
87,56,8.635444e-02,43.00000,35.00000,662
87,57,9.338368e-02,25.00000,36.00000,623
87,58,8.646596e-02,57.00000,30.00000,633
87,59,9.100215e-02,45.00000,35.00000,667
87,60,8.687855e-02,44.00000,35.00000,1275
87,61,8.795679e-02,52.00000,30.00000,647
87,62,8.352719e-02,49.00000,35.00000,625
87,63,8.886944e-02,37.00000,35.00000,595
87,64,8.797558e-02,46.00000,35.00000,590
87,65,8.957744e-02,37.00000,35.00000,572
87,66,8.589609e-02,44.00000,35.00000,622
87,67,8.697463e-02,54.00000,30.00000,607
87,68,8.373136e-02,55.00000,30.00000,625
87,69,8.721741e-02,37.00000,36.00000,621
87,70,8.379705e-02,49.00000,30.00000,625
87,71,8.296691e-02,53.00000,30.00000,638
88,0,8.153712e-02,52.00000,30.00000,5905
88,1,8.483474e-02,49.00000,30.00000,2869
88,2,8.278301e-02,53.00000,30.00000,882
88,3,8.264497e-02,55.00000,30.00000,645
88,4,8.189149e-02,59.00000,30.00000,1943
88,5,8.399559e-02,39.00000,35.00000,680
88,6,8.588715e-02,49.00000,30.00000,1487
88,7,8.382788e-02,51.00000,30.00000,684
88,8,8.557720e-02,42.00000,35.00000,670
88,9,8.398110e-02,49.00000,30.00000,642
88,10,8.506537e-02,49.00000,30.00000,5516
88,11,8.424366e-02,43.00000,35.00000,2115
88,12,8.152065e-02,54.00000,30.00000,2463
88,13,8.455166e-02,49.00000,30.00000,609
88,14,8.290464e-02,57.00000,30.00000,1820
88,15,8.202816e-02,55.00000,30.00000,780
88,16,8.477312e-02,45.00000,35.00000,5661
88,17,8.211400e-02,57.00000,30.00000,782
88,18,8.250821e-02,54.00000,30.00000,638
88,19,8.213770e-02,58.00000,30.00000,770
88,20,8.993059e-02,48.00000,35.00000,654
88,21,8.865497e-02,45.00000,35.00000,2605
88,22,8.687581e-02,44.00000,35.00000,4347
88,23,8.652033e-02,53.00000,30.00000,642
88,24,8.691299e-02,49.00000,30.00000,638
88,25,8.717968e-02,54.00000,30.00000,740
88,26,8.774710e-02,41.00000,40.00000,4466
88,27,8.515951e-02,44.00000,36.00000,670
88,28,8.384473e-02,52.00000,30.00000,751
88,29,8.554935e-02,39.00000,36.00000,688
88,30,8.546338e-02,30.00000,36.00000,614
88,31,8.405660e-02,54.00000,30.00000,4687
88,32,8.504336e-02,46.00000,35.00000,2044
88,33,8.818383e-02,25.00000,36.00000,696
88,34,8.826925e-02,43.00000,35.00000,629
88,35,8.558598e-02,49.00000,35.00000,752
88,36,8.447184e-02,51.00000,30.00000,6386
88,37,8.379844e-02,54.00000,30.00000,646
88,38,8.762164e-02,46.00000,35.00000,702
88,39,8.268838e-02,57.00000,30.00000,650
88,40,8.387534e-02,40.00000,35.00000,791
88,41,8.470781e-02,59.00000,30.00000,2166
88,42,8.444452e-02,47.00000,35.00000,763
88,43,8.640464e-02,39.00000,40.00000,643
88,44,8.588226e-02,40.00000,35.00000,759
88,45,8.183122e-02,49.00000,30.00000,645
88,46,8.775213e-02,53.00000,30.00000,7595
88,47,8.459958e-02,53.00000,30.00000,668
88,48,8.385474e-02,49.00000,30.00000,617
88,49,8.595012e-02,41.00000,35.00000,671
88,50,8.501278e-02,51.00000,30.00000,664
88,51,8.916429e-02,39.00000,35.00000,4119
88,52,8.674504e-02,38.00000,35.00000,677
88,53,8.967268e-02,37.00000,36.00000,625
88,54,8.719040e-02,45.00000,35.00000,632
88,55,8.480053e-02,59.00000,30.00000,664
88,56,9.131283e-02,31.00000,36.00000,2887
88,57,8.661483e-02,49.00000,30.00000,616
88,58,9.028085e-02,43.00000,36.00000,632
88,59,8.638119e-02,34.00000,36.00000,598
88,60,8.538153e-02,41.00000,40.00000,610
88,61,8.431758e-02,51.00000,30.00000,619
88,62,8.561058e-02,55.00000,30.00000,621
88,63,9.151752e-02,41.00000,35.00000,566
88,64,8.900445e-02,40.00000,36.00000,565
88,65,9.402537e-02,45.00000,35.00000,580
88,66,9.015653e-02,40.00000,40.00000,584
88,67,8.925842e-02,45.00000,35.00000,586
88,68,8.914562e-02,42.00000,36.00000,574
88,69,8.417876e-02,54.00000,30.00000,637
88,70,8.758282e-02,37.00000,40.00000,586
88,71,8.547109e-02,38.00000,35.00000,621
89,0,8.657831e-02,30.00000,36.00000,756
89,1,8.526266e-02,49.00000,35.00000,671
89,2,8.490174e-02,47.00000,35.00000,611
89,3,8.915214e-02,45.00000,35.00000,769
89,4,8.738116e-02,49.00000,30.00000,634
89,5,8.791891e-02,31.00000,36.00000,739
89,6,8.657208e-02,45.00000,35.00000,665
89,7,8.494823e-02,55.00000,30.00000,685
89,8,8.486809e-02,49.00000,30.00000,772
89,9,8.355230e-02,49.00000,30.00000,709
89,10,8.521384e-02,52.00000,30.00000,656
89,11,8.589749e-02,49.00000,30.00000,644
89,12,8.666436e-02,44.00000,35.00000,655
89,13,8.645914e-02,46.00000,35.00000,680
89,14,8.714671e-02,40.00000,36.00000,607
89,15,8.347500e-02,50.00000,35.00000,776
89,16,8.426808e-02,56.00000,30.00000,683
89,17,8.276635e-02,49.00000,30.00000,698
89,18,8.352312e-02,49.00000,35.00000,744
89,19,8.576173e-02,39.00000,36.00000,658
89,20,8.918638e-02,49.00000,30.00000,652
89,21,8.598816e-02,45.00000,35.00000,725
89,22,8.439934e-02,48.00000,35.00000,636
89,23,8.698714e-02,58.00000,30.00000,647
89,24,8.165387e-02,54.00000,30.00000,703
89,25,8.689135e-02,43.00000,35.00000,657
89,26,8.283287e-02,52.00000,30.00000,647
89,27,9.015456e-02,31.00000,36.00000,593
89,28,8.672749e-02,31.00000,36.00000,717
89,29,8.152939e-02,56.00000,30.00000,705
89,30,8.499304e-02,43.00000,36.00000,726
89,31,8.600104e-02,57.00000,30.00000,754
89,32,8.597367e-02,41.00000,35.00000,631
89,33,8.799845e-02,43.00000,36.00000,599
89,34,8.450986e-02,56.00000,30.00000,640
89,35,8.631107e-02,49.00000,30.00000,670
89,36,8.508338e-02,42.00000,35.00000,736
89,37,8.753477e-02,41.00000,35.00000,574
89,38,8.234781e-02,55.00000,30.00000,841
89,39,8.432011e-02,45.00000,35.00000,617
89,40,8.517279e-02,48.00000,35.00000,765
89,41,8.237489e-02,55.00000,30.00000,780
89,42,8.970873e-02,48.00000,35.00000,625
89,43,8.453768e-02,55.00000,30.00000,701
89,44,8.655556e-02,54.00000,30.00000,688
89,45,8.381619e-02,42.00000,35.00000,656
89,46,8.616356e-02,51.00000,30.00000,644
89,47,8.435558e-02,41.00000,35.00000,710
89,48,8.487184e-02,38.00000,35.00000,713
89,49,8.435242e-02,35.00000,36.00000,682
89,50,8.208790e-02,47.00000,35.00000,744
89,51,8.477861e-02,49.00000,30.00000,637
89,52,8.818642e-02,25.00000,36.00000,584
89,53,8.769381e-02,53.00000,30.00000,608
89,54,8.801688e-02,37.00000,36.00000,583
89,55,9.142688e-02,52.00000,30.00000,609
89,56,8.970912e-02,41.00000,35.00000,560
89,57,8.792210e-02,36.00000,40.00000,606
89,58,8.651622e-02,42.00000,35.00000,595
89,59,8.448713e-02,48.00000,35.00000,614
89,60,8.570362e-02,31.00000,36.00000,626
89,61,8.612325e-02,45.00000,35.00000,601
89,62,8.719413e-02,37.00000,36.00000,589
89,63,9.196650e-02,33.00000,40.00000,562
89,64,8.889831e-02,49.00000,30.00000,589
89,65,9.213579e-02,53.00000,30.00000,611
89,66,8.822016e-02,43.00000,36.00000,610
89,67,8.360150e-02,48.00000,35.00000,621
89,68,8.819265e-02,40.00000,36.00000,585
89,69,8.585605e-02,53.00000,30.00000,609
89,70,8.499153e-02,49.00000,30.00000,601
89,71,8.976797e-02,40.00000,36.00000,594
90,0,8.378250e-02,49.00000,30.00000,8168
90,1,8.668175e-02,31.00000,36.00000,651
90,2,8.622609e-02,49.00000,30.00000,627
90,3,8.875410e-02,36.00000,35.00000,3122
90,4,8.258654e-02,52.00000,30.00000,746
90,5,8.699540e-02,43.00000,36.00000,744
90,6,8.950196e-02,49.00000,30.00000,635
90,7,8.446206e-02,40.00000,35.00000,721
90,8,8.485870e-02,49.00000,30.00000,690
90,9,8.815300e-02,53.00000,30.00000,658
90,10,8.531103e-02,57.00000,30.00000,6553
90,11,8.458007e-02,52.00000,30.00000,1611
90,12,8.749233e-02,47.00000,35.00000,763
90,13,8.728252e-02,50.00000,35.00000,2140
90,14,8.225312e-02,59.00000,30.00000,689
90,15,8.819617e-02,43.00000,36.00000,647
90,16,8.566073e-02,41.00000,35.00000,743
90,17,8.384088e-02,58.00000,30.00000,673
90,18,8.544235e-02,49.00000,35.00000,611
90,19,8.742081e-02,53.00000,30.00000,746
90,20,8.735022e-02,31.00000,36.00000,6067
90,21,8.618942e-02,52.00000,30.00000,5269
90,22,8.957442e-02,49.00000,30.00000,620
90,23,8.536814e-02,41.00000,36.00000,1217
90,24,8.384114e-02,47.00000,35.00000,692
90,25,8.604386e-02,50.00000,35.00000,746
90,26,8.635823e-02,49.00000,30.00000,660
90,27,8.566129e-02,36.00000,40.00000,677
90,28,8.538356e-02,55.00000,30.00000,708
90,29,8.519770e-02,41.00000,35.00000,660
90,30,8.828650e-02,41.00000,36.00000,4661
90,31,8.799662e-02,49.00000,30.00000,5711
90,32,8.342233e-02,59.00000,30.00000,681
90,33,8.795581e-02,45.00000,35.00000,644
90,34,8.492137e-02,46.00000,36.00000,671
90,35,8.597296e-02,45.00000,35.00000,643
90,36,8.446704e-02,53.00000,30.00000,710
90,37,8.615088e-02,53.00000,30.00000,699
90,38,8.547889e-02,45.00000,35.00000,729
90,39,8.784989e-02,38.00000,35.00000,670
90,40,8.682267e-02,49.00000,35.00000,5148
90,41,8.747004e-02,40.00000,35.00000,6538
90,42,8.863112e-02,48.00000,35.00000,740
90,43,8.648632e-02,49.00000,35.00000,642
90,44,8.635165e-02,41.00000,35.00000,644
90,45,8.721249e-02,54.00000,30.00000,721
90,46,8.761149e-02,31.00000,36.00000,690
90,47,8.791454e-02,39.00000,35.00000,696
90,48,8.828054e-02,42.00000,35.00000,699
90,49,8.723851e-02,46.00000,35.00000,666
90,50,8.930291e-02,43.00000,35.00000,5908
90,51,8.332144e-02,49.00000,30.00000,2309
90,52,8.579212e-02,49.00000,30.00000,653
90,53,8.690713e-02,42.00000,35.00000,1930
90,54,8.949326e-02,35.00000,36.00000,713
90,55,8.742960e-02,42.00000,35.00000,669
90,56,8.758336e-02,44.00000,35.00000,661
90,57,8.921249e-02,31.00000,36.00000,589
90,58,8.417819e-02,53.00000,30.00000,614
90,59,8.401116e-02,46.00000,35.00000,641
90,60,8.625029e-02,38.00000,40.00000,2766
90,61,8.489258e-02,50.00000,35.00000,1021
90,62,8.833796e-02,39.00000,36.00000,599
90,63,8.512940e-02,45.00000,35.00000,611
90,64,8.369377e-02,49.00000,35.00000,620
90,65,8.620997e-02,56.00000,30.00000,621
90,66,8.787198e-02,49.00000,35.00000,610
90,67,8.755352e-02,47.00000,35.00000,586
90,68,8.418765e-02,58.00000,30.00000,625
90,69,8.791447e-02,49.00000,30.00000,614
90,70,8.444251e-02,44.00000,35.00000,605
90,71,8.390692e-02,53.00000,30.00000,669
91,0,8.457773e-02,54.00000,30.00000,4482
91,1,8.286705e-02,49.00000,30.00000,641
91,2,8.644725e-02,55.00000,30.00000,723
91,3,8.709899e-02,44.00000,35.00000,716
91,4,8.141128e-02,54.00000,30.00000,700
91,5,8.607376e-02,36.00000,36.00000,689
91,6,8.523105e-02,42.00000,35.00000,672
91,7,8.344405e-02,57.00000,30.00000,743
91,8,8.460010e-02,52.00000,30.00000,648
91,9,8.278255e-02,42.00000,35.00000,750
91,10,8.448158e-02,46.00000,35.00000,11494
91,11,8.417713e-02,55.00000,30.00000,707
91,12,8.420223e-02,37.00000,35.00000,696
91,13,8.389387e-02,53.00000,30.00000,653
91,14,8.671785e-02,36.00000,40.00000,684
91,15,8.474053e-02,49.00000,30.00000,830
91,16,8.392383e-02,46.00000,35.00000,706
91,17,8.185887e-02,56.00000,30.00000,659
91,18,8.352453e-02,58.00000,30.00000,724
91,19,8.329351e-02,53.00000,30.00000,690
91,20,8.662359e-02,42.00000,35.00000,9731
91,21,8.536277e-02,45.00000,36.00000,2957
91,22,8.613080e-02,55.00000,30.00000,665
91,23,8.514655e-02,49.00000,30.00000,642
91,24,8.339595e-02,59.00000,30.00000,720
91,25,8.529723e-02,45.00000,35.00000,714
91,26,8.571437e-02,42.00000,36.00000,668
91,27,8.492745e-02,44.00000,35.00000,743
91,28,8.698690e-02,45.00000,35.00000,615
91,29,8.572154e-02,47.00000,35.00000,690
91,30,8.916736e-02,50.00000,35.00000,8213
91,31,8.757089e-02,35.00000,36.00000,2046
91,32,9.233349e-02,31.00000,36.00000,699
91,33,8.706138e-02,49.00000,30.00000,737
91,34,9.203796e-02,30.00000,36.00000,626
91,35,8.693615e-02,49.00000,35.00000,621
91,36,8.623290e-02,42.00000,35.00000,748
91,37,8.803312e-02,35.00000,36.00000,713
91,38,8.981938e-02,43.00000,35.00000,681
91,39,8.649153e-02,53.00000,30.00000,657
91,40,8.555856e-02,45.00000,35.00000,6671
91,41,8.943565e-02,40.00000,35.00000,5516
91,42,8.798952e-02,33.00000,40.00000,703
91,43,8.590448e-02,46.00000,35.00000,741
91,44,8.478054e-02,47.00000,35.00000,651
91,45,8.546750e-02,41.00000,36.00000,691
91,46,8.255696e-02,57.00000,30.00000,768
91,47,8.409141e-02,46.00000,35.00000,684
91,48,8.442426e-02,49.00000,30.00000,743
91,49,8.490498e-02,49.00000,30.00000,773
91,50,9.053442e-02,46.00000,35.00000,2673
91,51,9.336931e-02,25.00000,36.00000,6985
91,52,8.866082e-02,53.00000,30.00000,684
91,53,8.767834e-02,34.00000,36.00000,692
91,54,8.663986e-02,49.00000,30.00000,662
91,55,8.735998e-02,37.00000,35.00000,643
91,56,8.472423e-02,45.00000,36.00000,723
91,57,8.165267e-02,55.00000,30.00000,619
91,58,8.979055e-02,30.00000,36.00000,627
91,59,8.926784e-02,38.00000,35.00000,681
91,60,8.636665e-02,52.00000,30.00000,1609
91,61,8.647970e-02,48.00000,35.00000,2993
91,62,8.490305e-02,49.00000,30.00000,592
91,63,8.591538e-02,43.00000,35.00000,613
91,64,8.506691e-02,46.00000,35.00000,599
91,65,8.638601e-02,42.00000,35.00000,594
91,66,8.435415e-02,53.00000,30.00000,617
91,67,8.629667e-02,36.00000,36.00000,611
91,68,8.597966e-02,49.00000,30.00000,603
91,69,8.922184e-02,45.00000,36.00000,588
91,70,8.165779e-02,56.00000,30.00000,614
91,71,8.436394e-02,56.00000,30.00000,615
92,0,8.453527e-02,43.00000,35.00000,6971
92,1,8.448964e-02,54.00000,30.00000,3976
92,2,8.811552e-02,43.00000,35.00000,650
92,3,8.494998e-02,44.00000,35.00000,655
92,4,8.610931e-02,39.00000,35.00000,601
92,5,8.540936e-02,43.00000,35.00000,655
92,6,8.315825e-02,49.00000,30.00000,701
92,7,8.498704e-02,50.00000,35.00000,610
92,8,8.602437e-02,42.00000,35.00000,706
92,9,8.998381e-02,31.00000,36.00000,649
92,10,8.464117e-02,44.00000,35.00000,8710
92,11,8.258639e-02,49.00000,35.00000,1707
92,12,8.519959e-02,38.00000,35.00000,758
92,13,8.285931e-02,53.00000,30.00000,660
92,14,8.658370e-02,49.00000,30.00000,692
92,15,8.577360e-02,54.00000,30.00000,661
92,16,8.707292e-02,53.00000,30.00000,686
92,17,8.384304e-02,39.00000,36.00000,646
92,18,8.141877e-02,57.00000,30.00000,777
92,19,8.708623e-02,36.00000,36.00000,639
92,20,8.339366e-02,52.00000,30.00000,8739
92,21,8.540685e-02,57.00000,30.00000,3650
92,22,8.517112e-02,44.00000,35.00000,688
92,23,8.334918e-02,46.00000,35.00000,1263
92,24,8.187632e-02,53.00000,30.00000,736
92,25,8.402560e-02,54.00000,30.00000,722
92,26,8.255783e-02,52.00000,30.00000,659
92,27,8.483222e-02,49.00000,30.00000,752
92,28,8.206619e-02,53.00000,30.00000,683
92,29,8.645492e-02,34.00000,36.00000,730
92,30,8.129847e-02,54.00000,30.00000,5851
92,31,9.028789e-02,31.00000,36.00000,5413
92,32,8.801544e-02,30.00000,36.00000,720
92,33,8.599204e-02,54.00000,30.00000,642
92,34,8.538462e-02,42.00000,36.00000,682
92,35,8.939841e-02,42.00000,36.00000,703
92,36,8.749476e-02,34.00000,36.00000,741
92,37,8.499763e-02,55.00000,30.00000,773
92,38,8.527273e-02,49.00000,30.00000,711
92,39,8.543903e-02,55.00000,30.00000,747
92,40,8.624594e-02,43.00000,35.00000,5787
92,41,8.434290e-02,55.00000,30.00000,6390
92,42,8.333823e-02,49.00000,30.00000,704
92,43,8.561697e-02,42.00000,35.00000,601
92,44,8.656976e-02,40.00000,40.00000,716
92,45,8.713855e-02,42.00000,35.00000,650
92,46,8.376498e-02,48.00000,35.00000,713
92,47,8.545689e-02,43.00000,36.00000,707
92,48,8.413644e-02,57.00000,30.00000,671
92,49,8.538657e-02,39.00000,35.00000,631
92,50,8.577307e-02,52.00000,30.00000,4101
92,51,8.656949e-02,43.00000,35.00000,7092
92,52,8.488441e-02,43.00000,36.00000,721
92,53,8.804296e-02,42.00000,35.00000,628
92,54,8.640440e-02,49.00000,35.00000,635
92,55,8.719337e-02,45.00000,35.00000,660
92,56,8.578764e-02,49.00000,36.00000,684
92,57,8.551221e-02,39.00000,35.00000,670
92,58,8.440767e-02,49.00000,30.00000,627
92,59,8.407581e-02,49.00000,30.00000,671
92,60,8.703935e-02,35.00000,36.00000,2748
92,61,8.415661e-02,53.00000,30.00000,1103
92,62,8.281816e-02,49.00000,30.00000,623
92,63,8.357728e-02,53.00000,30.00000,618
92,64,8.534871e-02,55.00000,30.00000,626
92,65,8.511953e-02,47.00000,35.00000,619
92,66,8.583353e-02,41.00000,36.00000,588
92,67,8.132395e-02,57.00000,30.00000,647
92,68,8.472635e-02,57.00000,30.00000,629
92,69,8.361524e-02,49.00000,30.00000,645
92,70,8.310164e-02,43.00000,35.00000,632
92,71,8.541729e-02,42.00000,36.00000,612
93,0,8.847585e-02,36.00000,36.00000,3577
93,1,8.615895e-02,46.00000,35.00000,642
93,2,8.301156e-02,52.00000,30.00000,723
93,3,8.259631e-02,55.00000,30.00000,726
93,4,8.652618e-02,47.00000,35.00000,2177
93,5,8.651724e-02,46.00000,35.00000,634
93,6,8.541420e-02,47.00000,35.00000,656
93,7,8.904955e-02,30.00000,36.00000,776
93,8,8.626434e-02,49.00000,30.00000,671
93,9,8.541857e-02,43.00000,36.00000,628
93,10,8.648342e-02,40.00000,35.00000,6133
93,11,8.768438e-02,35.00000,36.00000,791
93,12,8.702791e-02,38.00000,35.00000,735
93,13,8.664809e-02,49.00000,30.00000,677
93,14,8.531698e-02,45.00000,35.00000,690
93,15,8.365981e-02,49.00000,30.00000,675
93,16,8.551799e-02,41.00000,36.00000,738
93,17,8.604134e-02,53.00000,30.00000,662
93,18,8.892550e-02,40.00000,36.00000,727
93,19,8.227132e-02,49.00000,30.00000,708
93,20,8.602089e-02,42.00000,35.00000,7971
93,21,8.397757e-02,44.00000,35.00000,747
93,22,8.456628e-02,49.00000,30.00000,688
93,23,8.144601e-02,53.00000,30.00000,648
93,24,8.014630e-02,62.00000,30.00000,739
93,25,8.745220e-02,45.00000,35.00000,661
93,26,8.482868e-02,49.00000,30.00000,694
93,27,8.407428e-02,49.00000,30.00000,725
93,28,8.629298e-02,43.00000,36.00000,638
93,29,8.259431e-02,45.00000,35.00000,620
93,30,8.593260e-02,45.00000,35.00000,10798
93,31,8.635125e-02,35.00000,36.00000,631
93,32,8.314048e-02,53.00000,30.00000,699
93,33,8.626276e-02,39.00000,36.00000,725
93,34,9.083766e-02,42.00000,35.00000,570
93,35,8.556398e-02,49.00000,30.00000,766
93,36,8.663749e-02,54.00000,30.00000,681
93,37,8.443549e-02,59.00000,30.00000,718
93,38,8.156422e-02,44.00000,35.00000,667
93,39,8.853471e-02,31.00000,36.00000,640
93,40,8.773138e-02,49.00000,30.00000,9685
93,41,8.426335e-02,44.00000,35.00000,673
93,42,8.587620e-02,31.00000,36.00000,754
93,43,8.360365e-02,57.00000,30.00000,634
93,44,8.596425e-02,38.00000,35.00000,742
93,45,8.230899e-02,54.00000,30.00000,678
93,46,8.169803e-02,52.00000,30.00000,667
93,47,8.906469e-02,43.00000,36.00000,740
93,48,8.555440e-02,53.00000,30.00000,655
93,49,8.817124e-02,35.00000,36.00000,610
93,50,8.257639e-02,57.00000,30.00000,9523
93,51,8.637489e-02,39.00000,35.00000,664
93,52,8.442010e-02,42.00000,35.00000,627
93,53,8.418539e-02,54.00000,30.00000,692
93,54,8.721022e-02,53.00000,30.00000,1327
93,55,8.571123e-02,37.00000,36.00000,698
93,56,8.593691e-02,39.00000,36.00000,731
93,57,8.989767e-02,25.00000,36.00000,633
93,58,8.373690e-02,58.00000,30.00000,632
93,59,8.780696e-02,44.00000,35.00000,649
93,60,9.018177e-02,40.00000,36.00000,6090
93,61,8.478865e-02,48.00000,35.00000,605
93,62,8.700009e-02,44.00000,35.00000,606
93,63,8.739897e-02,49.00000,30.00000,594
93,64,8.631089e-02,48.00000,35.00000,618
93,65,8.578376e-02,37.00000,36.00000,607
93,66,8.531113e-02,44.00000,35.00000,607
93,67,8.314880e-02,54.00000,30.00000,610
93,68,8.435538e-02,54.00000,30.00000,610
93,69,8.329285e-02,54.00000,30.00000,609
93,70,8.531721e-02,45.00000,35.00000,606
93,71,9.040381e-02,35.00000,36.00000,587
94,0,8.355036e-02,41.00000,36.00000,2099
94,1,8.701850e-02,47.00000,35.00000,607
94,2,8.592757e-02,37.00000,40.00000,791
94,3,8.173613e-02,58.00000,30.00000,796
94,4,8.365276e-02,55.00000,30.00000,685
94,5,8.171109e-02,55.00000,30.00000,699
94,6,8.697616e-02,52.00000,30.00000,697
94,7,8.641478e-02,31.00000,36.00000,673
94,8,8.383912e-02,47.00000,35.00000,735
94,9,8.689288e-02,54.00000,30.00000,695
94,10,8.506884e-02,56.00000,30.00000,4288
94,11,8.569917e-02,30.00000,36.00000,655
94,12,8.405069e-02,54.00000,30.00000,625
94,13,8.287118e-02,47.00000,35.00000,773
94,14,8.347316e-02,53.00000,30.00000,675
94,15,7.995618e-02,55.00000,30.00000,662
94,16,8.071472e-02,49.00000,30.00000,735
94,17,8.279347e-02,49.00000,35.00000,651
94,18,8.324692e-02,49.00000,30.00000,673
94,19,8.265549e-02,49.00000,30.00000,674
94,20,8.413143e-02,49.00000,30.00000,7589
94,21,8.406086e-02,43.00000,36.00000,653
94,22,9.040639e-02,48.00000,35.00000,702
94,23,8.153908e-02,54.00000,30.00000,682
94,24,8.121506e-02,57.00000,30.00000,708
94,25,8.345630e-02,53.00000,30.00000,633
94,26,8.570556e-02,43.00000,36.00000,732
94,27,8.447109e-02,45.00000,36.00000,651
94,28,8.783524e-02,53.00000,30.00000,630
94,29,8.666898e-02,46.00000,35.00000,762
94,30,8.764744e-02,40.00000,36.00000,5104
94,31,8.666584e-02,46.00000,35.00000,613
94,32,8.668706e-02,45.00000,35.00000,727
94,33,8.514708e-02,48.00000,35.00000,647
94,34,8.468433e-02,47.00000,35.00000,685
94,35,8.476913e-02,53.00000,30.00000,615
94,36,8.572060e-02,42.00000,35.00000,844
94,37,8.684897e-02,44.00000,35.00000,692
94,38,8.629178e-02,43.00000,35.00000,623
94,39,8.173671e-02,53.00000,30.00000,696
94,40,8.031914e-02,59.00000,30.00000,7121
94,41,8.415926e-02,45.00000,35.00000,699
94,42,8.765911e-02,56.00000,30.00000,729
94,43,8.001724e-02,58.00000,30.00000,733
94,44,8.519883e-02,58.00000,30.00000,711
94,45,8.568242e-02,31.00000,36.00000,601
94,46,8.445976e-02,41.00000,40.00000,716
94,47,9.105186e-02,40.00000,36.00000,697
94,48,8.930404e-02,55.00000,30.00000,684
94,49,8.258796e-02,56.00000,30.00000,684
94,50,8.494166e-02,49.00000,30.00000,8368
94,51,8.436488e-02,57.00000,30.00000,708
94,52,8.314917e-02,54.00000,30.00000,696
94,53,8.225793e-02,55.00000,30.00000,737
94,54,8.357278e-02,44.00000,35.00000,683
94,55,8.369609e-02,49.00000,30.00000,645
94,56,8.566994e-02,54.00000,30.00000,668
94,57,8.398132e-02,44.00000,35.00000,741
94,58,8.285628e-02,52.00000,30.00000,629
94,59,8.447509e-02,52.00000,35.00000,648
94,60,8.911402e-02,37.00000,36.00000,3133
94,61,8.373099e-02,57.00000,30.00000,634
94,62,9.130090e-02,31.00000,36.00000,609
94,63,8.930331e-02,35.00000,36.00000,594
94,64,8.899272e-02,35.00000,36.00000,600
94,65,8.450862e-02,42.00000,35.00000,618
94,66,8.884730e-02,49.00000,35.00000,601
94,67,9.282753e-02,36.00000,36.00000,579
94,68,8.568051e-02,57.00000,30.00000,631
94,69,9.346778e-02,25.00000,36.00000,580
94,70,8.852753e-02,37.00000,36.00000,582
94,71,9.000820e-02,43.00000,35.00000,587
95,0,8.429547e-02,49.00000,30.00000,1400
95,1,8.351355e-02,52.00000,30.00000,2088
95,2,8.250298e-02,49.00000,30.00000,1976
95,3,8.409074e-02,49.00000,35.00000,781
95,4,8.450414e-02,49.00000,30.00000,719
95,5,8.501488e-02,45.00000,35.00000,702
95,6,8.458103e-02,40.00000,35.00000,669
95,7,8.315393e-02,55.00000,30.00000,619
95,8,8.656789e-02,47.00000,35.00000,733
95,9,8.167268e-02,49.00000,30.00000,672
95,10,8.476795e-02,49.00000,30.00000,662
95,11,8.278078e-02,36.00000,36.00000,970
95,12,8.241841e-02,54.00000,30.00000,2759
95,13,8.282572e-02,54.00000,30.00000,679
95,14,8.249682e-02,54.00000,30.00000,736
95,15,8.472998e-02,49.00000,30.00000,656
95,16,8.056441e-02,53.00000,30.00000,803
95,17,8.183140e-02,49.00000,30.00000,739
95,18,8.088928e-02,52.00000,30.00000,739
95,19,8.062059e-02,60.00000,30.00000,738
95,20,8.218773e-02,54.00000,30.00000,692
95,21,8.892812e-02,37.00000,36.00000,711
95,22,8.676718e-02,53.00000,30.00000,699
95,23,8.728749e-02,37.00000,36.00000,722
95,24,9.062845e-02,36.00000,36.00000,673
95,25,8.941479e-02,41.00000,36.00000,673
95,26,8.725420e-02,46.00000,35.00000,720
95,27,8.463320e-02,49.00000,30.00000,733
95,28,8.405843e-02,47.00000,36.00000,639
95,29,8.900192e-02,47.00000,35.00000,712
95,30,8.653537e-02,55.00000,30.00000,653
95,31,8.445109e-02,39.00000,36.00000,823
95,32,8.692621e-02,44.00000,35.00000,692
95,33,8.518521e-02,35.00000,36.00000,649
95,34,8.582804e-02,46.00000,35.00000,702
95,35,8.498998e-02,39.00000,40.00000,693
95,36,8.442982e-02,54.00000,30.00000,676
95,37,8.269432e-02,54.00000,30.00000,708
95,38,8.591894e-02,43.00000,35.00000,651
95,39,9.122340e-02,36.00000,35.00000,649
95,40,8.336269e-02,43.00000,36.00000,755
95,41,8.354983e-02,53.00000,30.00000,674
95,42,8.605690e-02,46.00000,35.00000,622
95,43,8.760282e-02,41.00000,36.00000,711
95,44,8.625884e-02,48.00000,35.00000,759
95,45,8.947814e-02,47.00000,35.00000,598
95,46,8.454167e-02,49.00000,30.00000,692
95,47,8.703956e-02,42.00000,35.00000,705
95,48,8.826192e-02,43.00000,35.00000,691
95,49,8.357723e-02,54.00000,30.00000,652
95,50,8.531336e-02,53.00000,30.00000,686
95,51,8.631459e-02,44.00000,35.00000,615
95,52,8.837983e-02,40.00000,35.00000,664
95,53,8.850120e-02,38.00000,35.00000,611
95,54,8.633910e-02,48.00000,35.00000,650
95,55,8.658206e-02,37.00000,36.00000,617
95,56,8.702879e-02,46.00000,35.00000,595
95,57,8.724647e-02,41.00000,36.00000,589
95,58,8.512610e-02,45.00000,35.00000,611
95,59,8.792330e-02,40.00000,36.00000,569
95,60,8.451480e-02,38.00000,36.00000,606
95,61,8.816472e-02,44.00000,35.00000,605
95,62,8.991381e-02,32.00000,40.00000,573
95,63,8.858114e-02,49.00000,30.00000,591
95,64,9.143950e-02,32.00000,36.00000,552
95,65,8.774203e-02,42.00000,36.00000,590
95,66,8.889615e-02,49.00000,35.00000,594
95,67,8.797519e-02,41.00000,35.00000,616
95,68,8.367615e-02,54.00000,30.00000,636
95,69,8.583682e-02,55.00000,30.00000,641
95,70,8.646970e-02,50.00000,35.00000,610
95,71,8.825371e-02,37.00000,36.00000,603
96,0,8.399063e-02,51.00000,30.00000,9316
96,1,8.473568e-02,49.00000,30.00000,737
96,2,8.253545e-02,57.00000,30.00000,677
96,3,8.471403e-02,45.00000,36.00000,706
96,4,8.692538e-02,38.00000,35.00000,1664
96,5,8.403724e-02,55.00000,30.00000,675
96,6,8.050933e-02,57.00000,30.00000,761
96,7,8.386935e-02,49.00000,30.00000,608
96,8,8.330901e-02,47.00000,35.00000,677
96,9,8.360717e-02,52.00000,30.00000,733
96,10,8.818181e-02,37.00000,36.00000,7946
96,11,8.873083e-02,47.00000,35.00000,4117
96,12,8.330460e-02,49.00000,30.00000,2193
96,13,8.377873e-02,49.00000,30.00000,705
96,14,8.560034e-02,49.00000,30.00000,959
96,15,8.510243e-02,45.00000,35.00000,730
96,16,8.689123e-02,31.00000,36.00000,626
96,17,8.837004e-02,49.00000,30.00000,681
96,18,8.631493e-02,54.00000,30.00000,635
96,19,8.520257e-02,37.00000,36.00000,720
96,20,8.417667e-02,48.00000,35.00000,4531
96,21,8.208125e-02,57.00000,30.00000,3428
96,22,8.979268e-02,25.00000,36.00000,5806
96,23,9.058165e-02,42.00000,35.00000,601
96,24,8.627216e-02,46.00000,36.00000,659
96,25,8.631400e-02,41.00000,35.00000,738
96,26,8.549093e-02,44.00000,35.00000,614
96,27,8.474910e-02,52.00000,30.00000,772
96,28,8.753974e-02,48.00000,35.00000,614
96,29,8.272411e-02,55.00000,30.00000,734
96,30,8.438920e-02,49.00000,30.00000,724
96,31,8.499938e-02,45.00000,35.00000,4169
96,32,8.246614e-02,54.00000,30.00000,8071
96,33,8.581594e-02,30.00000,36.00000,728
96,34,8.943926e-02,39.00000,40.00000,623
96,35,8.607206e-02,45.00000,35.00000,679
96,36,8.445480e-02,49.00000,30.00000,699
96,37,8.973109e-02,31.00000,36.00000,682
96,38,8.588782e-02,52.00000,30.00000,737
96,39,8.374219e-02,53.00000,30.00000,661
96,40,8.261534e-02,55.00000,30.00000,718
96,41,8.747537e-02,31.00000,36.00000,2214
96,42,8.854009e-02,53.00000,30.00000,5557
96,43,8.727118e-02,41.00000,35.00000,730
96,44,8.637392e-02,53.00000,30.00000,675
96,45,8.804649e-02,40.00000,36.00000,669
96,46,8.932972e-02,43.00000,36.00000,622
96,47,8.627903e-02,52.00000,30.00000,620
96,48,8.560689e-02,49.00000,35.00000,681
96,49,8.561517e-02,54.00000,30.00000,778
96,50,8.607969e-02,41.00000,36.00000,3208
96,51,8.293566e-02,43.00000,36.00000,6122
96,52,9.073620e-02,25.00000,36.00000,3896
96,53,8.500201e-02,39.00000,35.00000,660
96,54,8.098789e-02,54.00000,30.00000,627
96,55,8.293425e-02,49.00000,30.00000,612
96,56,8.552574e-02,57.00000,30.00000,633
96,57,8.285958e-02,46.00000,35.00000,780
96,58,8.638462e-02,42.00000,36.00000,630
96,59,8.589043e-02,44.00000,35.00000,659
96,60,8.595514e-02,54.00000,30.00000,632
96,61,8.269252e-02,56.00000,30.00000,1434
96,62,9.146358e-02,35.00000,36.00000,1647
96,63,8.165135e-02,56.00000,30.00000,622
96,64,8.577363e-02,49.00000,30.00000,607
96,65,8.788635e-02,49.00000,35.00000,596
96,66,8.798444e-02,54.00000,30.00000,608
96,67,8.729471e-02,31.00000,36.00000,599
96,68,8.702604e-02,30.00000,40.00000,623
96,69,8.597576e-02,37.00000,40.00000,604
96,70,8.831927e-02,55.00000,30.00000,622
96,71,8.717726e-02,31.00000,36.00000,626
97,0,8.562968e-02,45.00000,35.00000,3472
97,1,9.056123e-02,48.00000,35.00000,787
97,2,8.841674e-02,37.00000,36.00000,1816
97,3,8.168750e-02,54.00000,30.00000,967
97,4,8.646047e-02,25.00000,36.00000,778
97,5,8.490798e-02,54.00000,30.00000,681
97,6,8.430053e-02,46.00000,35.00000,728
97,7,8.298549e-02,53.00000,30.00000,665
97,8,8.617006e-02,50.00000,30.00000,589
97,9,8.844008e-02,39.00000,36.00000,726
97,10,9.138908e-02,30.00000,36.00000,4356
97,11,8.677106e-02,44.00000,35.00000,2367
97,12,8.631874e-02,37.00000,35.00000,656
97,13,8.499031e-02,46.00000,35.00000,699
97,14,8.705208e-02,53.00000,30.00000,2384
97,15,8.840002e-02,32.00000,36.00000,618
97,16,8.567138e-02,46.00000,35.00000,594
97,17,8.397002e-02,54.00000,30.00000,793
97,18,8.330317e-02,57.00000,30.00000,697
97,19,8.585343e-02,47.00000,35.00000,644
97,20,8.394847e-02,42.00000,35.00000,962
97,21,8.129063e-02,49.00000,30.00000,2469
97,22,8.537135e-02,45.00000,36.00000,683
97,23,8.426477e-02,53.00000,30.00000,655
97,24,8.766980e-02,49.00000,30.00000,3181
97,25,8.712828e-02,43.00000,36.00000,625
97,26,8.581037e-02,38.00000,36.00000,720
97,27,8.713821e-02,40.00000,35.00000,706
97,28,8.266450e-02,59.00000,30.00000,748
97,29,8.676689e-02,48.00000,35.00000,737
97,30,8.472292e-02,49.00000,30.00000,2729
97,31,8.504021e-02,55.00000,30.00000,3398
97,32,8.364516e-02,43.00000,36.00000,680
97,33,8.629007e-02,46.00000,35.00000,687
97,34,8.249266e-02,45.00000,35.00000,728
97,35,8.805791e-02,36.00000,35.00000,687
97,36,8.602689e-02,42.00000,35.00000,696
97,37,8.755130e-02,37.00000,35.00000,740
97,38,8.573833e-02,46.00000,35.00000,656
97,39,8.209223e-02,53.00000,30.00000,737
97,40,8.543707e-02,40.00000,36.00000,7867
97,41,8.592185e-02,49.00000,35.00000,688
97,42,8.954396e-02,43.00000,35.00000,665
97,43,8.978081e-02,40.00000,35.00000,651
97,44,8.570898e-02,49.00000,30.00000,655
97,45,9.134153e-02,45.00000,35.00000,697
97,46,8.367772e-02,45.00000,35.00000,670
97,47,8.550635e-02,54.00000,30.00000,714
97,48,8.574177e-02,43.00000,35.00000,645
97,49,8.764711e-02,41.00000,36.00000,664
97,50,8.900192e-02,25.00000,36.00000,10483
97,51,8.550597e-02,53.00000,30.00000,1238
97,52,8.535893e-02,36.00000,36.00000,647
97,53,8.960298e-02,39.00000,36.00000,1333
97,54,8.185187e-02,57.00000,30.00000,700
97,55,8.831269e-02,40.00000,36.00000,657
97,56,8.471037e-02,56.00000,30.00000,663
97,57,8.757829e-02,50.00000,30.00000,628
97,58,8.432286e-02,40.00000,35.00000,637
97,59,8.873326e-02,41.00000,36.00000,600
97,60,9.101754e-02,25.00000,36.00000,3559
97,61,8.352443e-02,45.00000,35.00000,611
97,62,8.436086e-02,54.00000,30.00000,610
97,63,8.866888e-02,42.00000,35.00000,573
97,64,8.690434e-02,45.00000,35.00000,614
97,65,8.805882e-02,54.00000,30.00000,606
97,66,8.658866e-02,53.00000,30.00000,617
97,67,8.581282e-02,46.00000,35.00000,606
97,68,8.570793e-02,53.00000,30.00000,622
97,69,9.325569e-02,31.00000,36.00000,553
97,70,9.059855e-02,41.00000,36.00000,608
97,71,8.700101e-02,37.00000,36.00000,608
98,0,8.830912e-02,45.00000,35.00000,2976
98,1,8.535074e-02,48.00000,35.00000,1781
98,2,8.831014e-02,37.00000,40.00000,664
98,3,8.371796e-02,54.00000,30.00000,638
98,4,8.985443e-02,30.00000,36.00000,685
98,5,8.635493e-02,44.00000,35.00000,665
98,6,8.529343e-02,44.00000,35.00000,721
98,7,8.806014e-02,47.00000,35.00000,641
98,8,8.328497e-02,57.00000,30.00000,709
98,9,8.573523e-02,48.00000,36.00000,744
98,10,8.508410e-02,40.00000,35.00000,713
98,11,8.217290e-02,52.00000,30.00000,4148
98,12,8.601389e-02,43.00000,35.00000,676
98,13,8.467387e-02,55.00000,30.00000,697
98,14,8.551760e-02,31.00000,36.00000,657
98,15,8.379065e-02,49.00000,30.00000,689
98,16,8.242555e-02,54.00000,30.00000,672
98,17,8.981676e-02,45.00000,35.00000,612
98,18,8.669865e-02,39.00000,35.00000,831
98,19,9.054019e-02,40.00000,36.00000,743
98,20,8.728965e-02,45.00000,35.00000,746
98,21,8.466651e-02,49.00000,30.00000,2885
98,22,8.449277e-02,50.00000,35.00000,718
98,23,8.693598e-02,53.00000,30.00000,608
98,24,8.772188e-02,37.00000,36.00000,680
98,25,8.581845e-02,55.00000,30.00000,716
98,26,8.341787e-02,54.00000,30.00000,720
98,27,8.581734e-02,41.00000,36.00000,585
98,28,8.606232e-02,41.00000,40.00000,727
98,29,8.844063e-02,39.00000,35.00000,680
98,30,8.699316e-02,38.00000,35.00000,651
98,31,8.529127e-02,49.00000,30.00000,636
98,32,8.925591e-02,40.00000,36.00000,717
98,33,8.588370e-02,43.00000,36.00000,611
98,34,8.740365e-02,43.00000,36.00000,683
98,35,8.835766e-02,40.00000,35.00000,668
98,36,8.353446e-02,50.00000,35.00000,696
98,37,8.120959e-02,55.00000,30.00000,701
98,38,8.646480e-02,42.00000,35.00000,635
98,39,8.547457e-02,49.00000,30.00000,648
98,40,8.670665e-02,49.00000,30.00000,611
98,41,8.750783e-02,31.00000,36.00000,1601
98,42,8.675211e-02,39.00000,35.00000,658
98,43,8.778547e-02,54.00000,30.00000,634
98,44,8.456615e-02,48.00000,35.00000,796
98,45,8.255567e-02,46.00000,35.00000,741
98,46,8.630095e-02,49.00000,35.00000,682
98,47,8.087426e-02,58.00000,30.00000,780
98,48,8.281586e-02,54.00000,30.00000,729
98,49,8.141667e-02,57.00000,30.00000,695
98,50,8.984570e-02,31.00000,36.00000,689
98,51,8.826302e-02,43.00000,35.00000,2561
98,52,8.732688e-02,40.00000,36.00000,587
98,53,8.928429e-02,43.00000,35.00000,569
98,54,8.689527e-02,34.00000,36.00000,607
98,55,8.766446e-02,42.00000,36.00000,589
98,56,8.777252e-02,49.00000,30.00000,611
98,57,8.149344e-02,52.00000,30.00000,631
98,58,8.746625e-02,49.00000,30.00000,629
98,59,8.350670e-02,45.00000,35.00000,631
98,60,8.575086e-02,42.00000,35.00000,600
98,61,8.628680e-02,31.00000,36.00000,604
98,62,8.676328e-02,47.00000,35.00000,597
98,63,9.135647e-02,39.00000,36.00000,560
98,64,8.726003e-02,42.00000,35.00000,643
98,65,9.101522e-02,30.00000,36.00000,585
98,66,8.149830e-02,55.00000,30.00000,629
98,67,8.431800e-02,40.00000,35.00000,614
98,68,8.339536e-02,52.00000,30.00000,602
98,69,8.441493e-02,57.00000,30.00000,630
98,70,8.601570e-02,43.00000,36.00000,614
98,71,8.532431e-02,52.00000,30.00000,615
99,0,8.482623e-02,43.00000,35.00000,663
99,1,8.619550e-02,52.00000,30.00000,691
99,2,8.760451e-02,49.00000,30.00000,640
99,3,8.580015e-02,45.00000,35.00000,911
99,4,8.714886e-02,43.00000,36.00000,675
99,5,8.317076e-02,49.00000,30.00000,659
99,6,8.380882e-02,50.00000,35.00000,643
99,7,8.646560e-02,35.00000,36.00000,667
99,8,8.360856e-02,55.00000,30.00000,648
99,9,8.472175e-02,43.00000,35.00000,643
99,10,8.484299e-02,41.00000,35.00000,634
99,11,8.652089e-02,41.00000,35.00000,700
99,12,8.894894e-02,40.00000,35.00000,622
99,13,8.641680e-02,41.00000,36.00000,658
99,14,8.928119e-02,43.00000,35.00000,632
99,15,8.585206e-02,49.00000,30.00000,634
99,16,8.756829e-02,35.00000,36.00000,635
99,17,8.826695e-02,39.00000,36.00000,629
99,18,8.640127e-02,42.00000,35.00000,643
99,19,8.433354e-02,54.00000,30.00000,617
99,20,8.759432e-02,35.00000,36.00000,663
99,21,8.611982e-02,49.00000,30.00000,624
99,22,8.817819e-02,49.00000,30.00000,616
99,23,8.573529e-02,44.00000,35.00000,616
99,24,8.379988e-02,44.00000,35.00000,660
99,25,8.799329e-02,42.00000,35.00000,617
99,26,8.806246e-02,31.00000,36.00000,645
99,27,8.728886e-02,48.00000,35.00000,668
99,28,8.488326e-02,53.00000,30.00000,649
99,29,8.573511e-02,46.00000,35.00000,656
99,30,8.647506e-02,41.00000,35.00000,661
99,31,8.619525e-02,43.00000,35.00000,633
99,32,8.659107e-02,52.00000,30.00000,667
99,33,8.835980e-02,25.00000,36.00000,601
99,34,8.814237e-02,42.00000,35.00000,618
99,35,8.607550e-02,53.00000,30.00000,646
99,36,8.468207e-02,54.00000,30.00000,654
99,37,8.847068e-02,31.00000,36.00000,650
99,38,8.707971e-02,41.00000,36.00000,663
99,39,8.577901e-02,36.00000,36.00000,636
99,40,8.525097e-02,52.00000,30.00000,672
99,41,8.613057e-02,42.00000,35.00000,634
99,42,8.669952e-02,42.00000,35.00000,620
99,43,8.570448e-02,53.00000,30.00000,650
99,44,8.790278e-02,48.00000,35.00000,652
99,45,8.301578e-02,53.00000,30.00000,672
99,46,8.375454e-02,48.00000,35.00000,671
99,47,8.522743e-02,40.00000,36.00000,636
99,48,8.019946e-02,57.00000,30.00000,693
99,49,8.284092e-02,41.00000,35.00000,690
99,50,8.453074e-02,48.00000,35.00000,660
99,51,8.344804e-02,44.00000,35.00000,646
99,52,8.261287e-02,54.00000,30.00000,636
99,53,8.207358e-02,47.00000,35.00000,674
99,54,8.313352e-02,56.00000,30.00000,650
99,55,8.504738e-02,54.00000,30.00000,635
99,56,8.441063e-02,49.00000,30.00000,658
99,57,8.420355e-02,56.00000,30.00000,645
99,58,8.266529e-02,45.00000,35.00000,651
99,59,8.413918e-02,49.00000,30.00000,618
99,60,8.511247e-02,55.00000,30.00000,675
99,61,8.801921e-02,30.00000,36.00000,642
99,62,8.798694e-02,51.00000,35.00000,635
99,63,8.310489e-02,57.00000,30.00000,862
99,64,8.479755e-02,48.00000,35.00000,625
99,65,8.940341e-02,55.00000,30.00000,620
99,66,8.849095e-02,35.00000,36.00000,632
99,67,8.785735e-02,42.00000,35.00000,577
99,68,9.064960e-02,35.00000,36.00000,624
99,69,9.078320e-02,37.00000,36.00000,587
99,70,8.285533e-02,51.00000,35.00000,665
99,71,8.536838e-02,49.00000,30.00000,598
100,0,8.397005e-02,54.00000,30.00000,1715
100,1,8.293580e-02,58.00000,30.00000,705
100,2,8.288746e-02,51.00000,30.00000,659
100,3,8.811808e-02,53.00000,30.00000,639
100,4,8.365484e-02,49.00000,30.00000,723
100,5,8.622116e-02,47.00000,35.00000,630
100,6,8.360553e-02,49.00000,35.00000,688
100,7,8.147749e-02,57.00000,30.00000,725
100,8,8.371919e-02,47.00000,36.00000,666
100,9,8.578047e-02,44.00000,35.00000,638
100,10,8.801712e-02,41.00000,35.00000,4165
100,11,8.733813e-02,45.00000,36.00000,1856
100,12,8.918118e-02,25.00000,36.00000,631
100,13,8.491533e-02,40.00000,35.00000,691
100,14,8.325886e-02,53.00000,30.00000,876
100,15,8.708316e-02,49.00000,30.00000,808
100,16,8.587757e-02,37.00000,36.00000,772
100,17,8.316596e-02,51.00000,30.00000,679
100,18,8.332544e-02,49.00000,30.00000,669
100,19,8.239209e-02,56.00000,30.00000,718
100,20,8.438679e-02,37.00000,36.00000,8658
100,21,8.414392e-02,54.00000,30.00000,1034
100,22,8.729105e-02,43.00000,36.00000,1563
100,23,8.620178e-02,49.00000,30.00000,722
100,24,8.471177e-02,52.00000,30.00000,3323
100,25,9.202305e-02,35.00000,36.00000,746
100,26,8.491695e-02,53.00000,30.00000,624
100,27,8.559886e-02,37.00000,35.00000,663
100,28,8.210425e-02,49.00000,30.00000,733
100,29,8.493777e-02,43.00000,35.00000,649
100,30,8.458078e-02,53.00000,30.00000,6593
100,31,8.792895e-02,40.00000,36.00000,1219
100,32,8.944635e-02,49.00000,30.00000,1950
100,33,8.757023e-02,49.00000,30.00000,2435
100,34,8.823241e-02,41.00000,35.00000,4433
100,35,8.944658e-02,55.00000,30.00000,655
100,36,8.989802e-02,44.00000,35.00000,649
100,37,8.712272e-02,40.00000,40.00000,840
100,38,8.376457e-02,53.00000,30.00000,688
100,39,8.894715e-02,43.00000,36.00000,619
100,40,8.779622e-02,43.00000,35.00000,3208
100,41,8.608194e-02,49.00000,30.00000,1875
100,42,8.620407e-02,45.00000,35.00000,2734
100,43,8.636378e-02,60.00000,30.00000,1044
100,44,8.983912e-02,49.00000,30.00000,6292
100,45,8.596072e-02,54.00000,30.00000,648
100,46,8.815368e-02,31.00000,36.00000,637
100,47,9.116749e-02,31.00000,36.00000,594
100,48,8.584420e-02,42.00000,35.00000,731
100,49,8.731446e-02,36.00000,36.00000,640
100,50,8.649057e-02,47.00000,35.00000,3257
100,51,8.386435e-02,53.00000,30.00000,715
100,52,8.707009e-02,41.00000,36.00000,2557
100,53,8.549066e-02,54.00000,30.00000,3855
100,54,8.368016e-02,45.00000,35.00000,3677
100,55,8.421084e-02,52.00000,30.00000,628
100,56,8.668098e-02,53.00000,30.00000,630
100,57,8.770914e-02,55.00000,30.00000,618
100,58,8.760915e-02,46.00000,35.00000,592
100,59,8.782940e-02,36.00000,36.00000,621
100,60,8.773124e-02,30.00000,36.00000,631
100,61,8.844613e-02,53.00000,30.00000,609
100,62,8.940136e-02,41.00000,35.00000,590
100,63,8.700838e-02,30.00000,36.00000,813
100,64,8.823679e-02,54.00000,30.00000,2039
100,65,8.638746e-02,55.00000,30.00000,624
100,66,8.570261e-02,54.00000,30.00000,609
100,67,8.721294e-02,35.00000,36.00000,625
100,68,8.940798e-02,39.00000,36.00000,578
100,69,8.560658e-02,40.00000,35.00000,618
100,70,8.703259e-02,43.00000,36.00000,594
100,71,8.341672e-02,55.00000,30.00000,626
101,0,8.575215e-02,55.00000,30.00000,177690
101,1,9.129928e-02,49.00000,35.00000,625
101,2,8.830146e-02,39.00000,35.00000,618
101,3,8.803275e-02,35.00000,36.00000,606
101,4,8.206967e-02,59.00000,30.00000,660
101,5,8.731835e-02,47.00000,35.00000,653
101,6,8.628893e-02,41.00000,36.00000,634
101,7,9.105606e-02,41.00000,36.00000,588
101,8,8.670554e-02,42.00000,36.00000,661
101,9,8.735433e-02,53.00000,30.00000,677
101,10,8.832867e-02,40.00000,35.00000,10532
101,11,8.780723e-02,56.00000,30.00000,654
101,12,8.603720e-02,45.00000,35.00000,695
101,13,8.694970e-02,48.00000,35.00000,664
101,14,8.539041e-02,43.00000,35.00000,673
101,15,8.453430e-02,57.00000,30.00000,749
101,16,8.767748e-02,30.00000,36.00000,611
101,17,8.510847e-02,53.00000,30.00000,732
101,18,8.374992e-02,58.00000,30.00000,699
101,19,8.554669e-02,45.00000,35.00000,663
101,20,8.472180e-02,43.00000,35.00000,10007
101,21,8.354611e-02,55.00000,30.00000,662
101,22,8.842229e-02,47.00000,35.00000,631
101,23,8.746490e-02,49.00000,35.00000,623
101,24,8.277121e-02,54.00000,30.00000,636
101,25,8.585943e-02,49.00000,30.00000,782
101,26,8.789752e-02,49.00000,30.00000,695
101,27,8.537772e-02,45.00000,35.00000,660
101,28,8.315836e-02,52.00000,30.00000,757
101,29,8.792621e-02,37.00000,36.00000,607
101,30,8.579457e-02,42.00000,35.00000,9770
101,31,8.396226e-02,49.00000,30.00000,664
101,32,8.290643e-02,49.00000,30.00000,747
101,33,8.801869e-02,38.00000,40.00000,697
101,34,8.768575e-02,49.00000,30.00000,616
101,35,8.708704e-02,41.00000,36.00000,665
101,36,8.810824e-02,30.00000,36.00000,714
101,37,8.671953e-02,55.00000,30.00000,677
101,38,8.426952e-02,49.00000,30.00000,655
101,39,8.481279e-02,42.00000,35.00000,650
101,40,8.963928e-02,40.00000,36.00000,7949
101,41,8.712555e-02,47.00000,35.00000,682
101,42,8.938639e-02,44.00000,35.00000,705
101,43,8.419719e-02,49.00000,30.00000,657
101,44,8.876865e-02,40.00000,36.00000,634
101,45,8.666449e-02,45.00000,35.00000,729
101,46,8.956354e-02,37.00000,36.00000,4443
101,47,8.742929e-02,49.00000,30.00000,732
101,48,8.750352e-02,49.00000,30.00000,615
101,49,8.641220e-02,54.00000,30.00000,721
101,50,8.600242e-02,53.00000,30.00000,8779
101,51,8.639307e-02,49.00000,30.00000,717
101,52,8.517229e-02,56.00000,30.00000,757
101,53,8.757122e-02,35.00000,36.00000,622
101,54,8.750266e-02,45.00000,35.00000,689
101,55,8.213231e-02,56.00000,30.00000,623
101,56,8.428442e-02,49.00000,30.00000,1682
101,57,8.479407e-02,38.00000,35.00000,601
101,58,8.245925e-02,55.00000,30.00000,645
101,59,8.453684e-02,55.00000,30.00000,619
101,60,8.533029e-02,43.00000,35.00000,1141
101,61,8.727980e-02,41.00000,35.00000,627
101,62,8.565100e-02,54.00000,30.00000,629
101,63,8.441562e-02,51.00000,30.00000,626
101,64,8.605041e-02,44.00000,36.00000,630
101,65,8.415696e-02,57.00000,30.00000,634
101,66,8.608800e-02,54.00000,30.00000,617
101,67,8.698510e-02,32.00000,40.00000,609
101,68,8.318659e-02,45.00000,35.00000,624
101,69,8.617061e-02,51.00000,30.00000,605
101,70,8.829243e-02,39.00000,40.00000,621
101,71,8.857647e-02,49.00000,30.00000,589
102,0,8.514358e-02,49.00000,30.00000,3881
102,1,8.513461e-02,55.00000,30.00000,750
102,2,8.800817e-02,46.00000,35.00000,697
102,3,8.805218e-02,38.00000,35.00000,659
102,4,8.552662e-02,54.00000,30.00000,626
102,5,8.531415e-02,49.00000,30.00000,801
102,6,8.436412e-02,42.00000,35.00000,695
102,7,8.511347e-02,35.00000,36.00000,638
102,8,8.627830e-02,52.00000,30.00000,695
102,9,8.587786e-02,49.00000,30.00000,710
102,10,9.016574e-02,44.00000,35.00000,836
102,11,8.623732e-02,40.00000,40.00000,670
102,12,8.729136e-02,47.00000,35.00000,637
102,13,8.897046e-02,44.00000,35.00000,674
102,14,9.168730e-02,37.00000,36.00000,609
102,15,8.740713e-02,43.00000,36.00000,637
102,16,8.732557e-02,41.00000,35.00000,701
102,17,9.103304e-02,25.00000,36.00000,665
102,18,9.104881e-02,34.00000,36.00000,763
102,19,9.065315e-02,38.00000,35.00000,637
102,20,8.422910e-02,56.00000,30.00000,5629
102,21,8.709900e-02,38.00000,36.00000,628
102,22,8.624330e-02,49.00000,35.00000,762
102,23,8.551478e-02,39.00000,35.00000,650
102,24,8.835629e-02,31.00000,36.00000,660
102,25,8.257222e-02,54.00000,30.00000,756
102,26,8.555059e-02,49.00000,30.00000,729
102,27,8.573467e-02,42.00000,35.00000,694
102,28,8.697173e-02,49.00000,30.00000,688
102,29,8.597586e-02,43.00000,35.00000,675
102,30,8.504774e-02,57.00000,30.00000,7234
102,31,8.828640e-02,49.00000,30.00000,695
102,32,9.019931e-02,43.00000,36.00000,576
102,33,8.529577e-02,48.00000,35.00000,2042
102,34,8.608097e-02,37.00000,35.00000,674
102,35,8.645903e-02,43.00000,35.00000,599
102,36,8.559237e-02,54.00000,30.00000,732
102,37,8.578476e-02,49.00000,30.00000,695
102,38,8.703241e-02,40.00000,40.00000,686
102,39,8.533574e-02,36.00000,36.00000,660
102,40,8.363719e-02,52.00000,30.00000,6286
102,41,8.565161e-02,57.00000,30.00000,727
102,42,8.470421e-02,57.00000,30.00000,735
102,43,8.587609e-02,58.00000,30.00000,997
102,44,8.521907e-02,42.00000,35.00000,680
102,45,8.305160e-02,49.00000,35.00000,760
102,46,8.483782e-02,49.00000,30.00000,742
102,47,8.554650e-02,42.00000,35.00000,612
102,48,8.432160e-02,58.00000,30.00000,776
102,49,8.335063e-02,49.00000,30.00000,636
102,50,8.977112e-02,31.00000,36.00000,4443
102,51,8.461601e-02,53.00000,30.00000,709
102,52,8.520729e-02,45.00000,35.00000,586
102,53,8.890447e-02,53.00000,30.00000,683
102,54,8.663060e-02,41.00000,35.00000,656
102,55,8.399954e-02,38.00000,40.00000,629
102,56,8.407231e-02,47.00000,35.00000,612
102,57,8.412033e-02,53.00000,30.00000,637
102,58,8.979780e-02,47.00000,36.00000,613
102,59,8.794926e-02,36.00000,40.00000,579
102,60,8.931162e-02,35.00000,36.00000,594
102,61,8.689685e-02,44.00000,35.00000,595
102,62,8.788402e-02,42.00000,35.00000,608
102,63,8.699520e-02,49.00000,30.00000,600
102,64,8.645932e-02,49.00000,30.00000,603
102,65,8.760578e-02,47.00000,35.00000,584
102,66,8.577868e-02,45.00000,35.00000,615
102,67,8.746525e-02,31.00000,36.00000,603
102,68,8.525737e-02,49.00000,30.00000,616
102,69,8.687857e-02,54.00000,30.00000,609
102,70,8.685189e-02,35.00000,36.00000,608
102,71,8.797630e-02,42.00000,35.00000,596
103,0,8.302613e-02,53.00000,30.00000,8365
103,1,8.374438e-02,51.00000,30.00000,654
103,2,8.669909e-02,44.00000,35.00000,707
103,3,8.746105e-02,41.00000,36.00000,692
103,4,8.959553e-02,30.00000,36.00000,626
103,5,8.482410e-02,55.00000,30.00000,773
103,6,8.854600e-02,49.00000,30.00000,635
103,7,8.615282e-02,42.00000,36.00000,655
103,8,8.956570e-02,40.00000,35.00000,692
103,9,8.613565e-02,58.00000,30.00000,746
103,10,8.885212e-02,42.00000,35.00000,10279
103,11,9.063604e-02,30.00000,36.00000,637
103,12,8.964161e-02,43.00000,35.00000,670
103,13,8.736541e-02,42.00000,35.00000,633
103,14,8.591349e-02,49.00000,35.00000,683
103,15,8.560751e-02,47.00000,35.00000,3778
103,16,8.347385e-02,53.00000,30.00000,678
103,17,9.114407e-02,39.00000,36.00000,592
103,18,8.905825e-02,37.00000,36.00000,662
103,19,8.839396e-02,43.00000,35.00000,682
103,20,8.720866e-02,42.00000,36.00000,6119
103,21,8.508510e-02,49.00000,30.00000,1097
103,22,8.768360e-02,35.00000,36.00000,2806
103,23,8.523549e-02,43.00000,35.00000,782
103,24,8.873270e-02,42.00000,35.00000,632
103,25,8.531998e-02,49.00000,30.00000,691
103,26,8.746704e-02,42.00000,35.00000,725
103,27,9.000883e-02,42.00000,35.00000,656
103,28,8.624557e-02,43.00000,36.00000,619
103,29,8.679081e-02,53.00000,30.00000,741
103,30,8.510994e-02,55.00000,30.00000,5887
103,31,9.096368e-02,38.00000,36.00000,1961
103,32,8.991455e-02,54.00000,30.00000,1597
103,33,8.679251e-02,49.00000,35.00000,676
103,34,8.755046e-02,35.00000,36.00000,642
103,35,8.751257e-02,49.00000,30.00000,917
103,36,8.326994e-02,49.00000,30.00000,607
103,37,9.051995e-02,35.00000,36.00000,698
103,38,8.931491e-02,38.00000,35.00000,687
103,39,8.690616e-02,44.00000,35.00000,758
103,40,8.574764e-02,52.00000,30.00000,6183
103,41,8.660485e-02,43.00000,35.00000,2479
103,42,8.851479e-02,48.00000,35.00000,2857
103,43,8.543123e-02,50.00000,30.00000,676
103,44,8.483137e-02,42.00000,35.00000,725
103,45,8.457372e-02,54.00000,30.00000,716
103,46,8.504392e-02,48.00000,35.00000,638
103,47,8.542586e-02,41.00000,36.00000,1878
103,48,8.357143e-02,53.00000,30.00000,651
103,49,8.685248e-02,44.00000,35.00000,667
103,50,8.600335e-02,49.00000,30.00000,2400
103,51,8.545725e-02,39.00000,35.00000,2264
103,52,8.844669e-02,44.00000,35.00000,3560
103,53,8.450938e-02,52.00000,30.00000,697
103,54,8.474315e-02,51.00000,30.00000,705
103,55,8.460972e-02,43.00000,35.00000,683
103,56,8.993535e-02,31.00000,36.00000,697
103,57,8.704032e-02,49.00000,30.00000,703
103,58,8.681899e-02,49.00000,30.00000,656
103,59,8.673646e-02,36.00000,36.00000,2190
103,60,8.710540e-02,48.00000,35.00000,1222
103,61,8.710496e-02,43.00000,36.00000,624
103,62,8.289579e-02,53.00000,30.00000,1022
103,63,8.412644e-02,47.00000,36.00000,617
103,64,8.450185e-02,45.00000,35.00000,607
103,65,8.643748e-02,43.00000,35.00000,596
103,66,8.318043e-02,54.00000,30.00000,609
103,67,8.516882e-02,49.00000,30.00000,610
103,68,8.386831e-02,54.00000,30.00000,630
103,69,8.456105e-02,52.00000,30.00000,623
103,70,8.867557e-02,43.00000,35.00000,594
103,71,8.409406e-02,53.00000,30.00000,609
104,0,8.719121e-02,46.00000,35.00000,3969
104,1,8.605597e-02,46.00000,35.00000,693
104,2,9.094132e-02,45.00000,35.00000,631
104,3,8.781789e-02,55.00000,30.00000,758
104,4,8.567568e-02,42.00000,36.00000,635
104,5,8.329234e-02,59.00000,30.00000,749
104,6,8.664799e-02,42.00000,36.00000,679
104,7,8.884642e-02,38.00000,40.00000,702
104,8,8.686810e-02,45.00000,35.00000,676
104,9,8.470008e-02,48.00000,35.00000,688
104,10,8.730417e-02,35.00000,36.00000,12409
104,11,9.030958e-02,36.00000,36.00000,687
104,12,8.534878e-02,55.00000,30.00000,655
104,13,8.719984e-02,48.00000,36.00000,690
104,14,8.403777e-02,49.00000,30.00000,673
104,15,8.892438e-02,55.00000,30.00000,689
104,16,8.446243e-02,37.00000,36.00000,757
104,17,8.208866e-02,55.00000,30.00000,740
104,18,8.799642e-02,49.00000,30.00000,681
104,19,8.365688e-02,53.00000,30.00000,666
104,20,8.709434e-02,37.00000,35.00000,8164
104,21,9.114306e-02,39.00000,40.00000,698
104,22,8.160927e-02,58.00000,30.00000,635
104,23,8.568391e-02,46.00000,35.00000,675
104,24,8.311050e-02,57.00000,30.00000,687
104,25,8.282447e-02,53.00000,30.00000,662
104,26,8.882567e-02,48.00000,35.00000,694
104,27,8.332814e-02,51.00000,30.00000,650
104,28,8.454736e-02,49.00000,30.00000,673
104,29,8.315959e-02,58.00000,30.00000,713
104,30,8.771512e-02,37.00000,36.00000,6684
104,31,8.575314e-02,53.00000,30.00000,646
104,32,9.207241e-02,36.00000,36.00000,743
104,33,8.612083e-02,54.00000,30.00000,698
104,34,8.491024e-02,45.00000,35.00000,634
104,35,8.356710e-02,50.00000,35.00000,725
104,36,8.918840e-02,25.00000,36.00000,647
104,37,9.126828e-02,39.00000,36.00000,686
104,38,9.044729e-02,54.00000,30.00000,641
104,39,9.180185e-02,36.00000,40.00000,684
104,40,9.415594e-02,31.00000,36.00000,7797
104,41,8.556831e-02,46.00000,35.00000,691
104,42,8.449508e-02,47.00000,35.00000,634
104,43,8.573833e-02,44.00000,35.00000,610
104,44,8.661686e-02,38.00000,36.00000,629
104,45,8.769228e-02,42.00000,35.00000,645
104,46,9.009060e-02,37.00000,36.00000,594
104,47,8.419999e-02,59.00000,30.00000,733
104,48,8.773009e-02,44.00000,36.00000,680
104,49,8.455429e-02,54.00000,30.00000,690
104,50,8.516396e-02,51.00000,30.00000,675
104,51,8.792865e-02,53.00000,30.00000,662
104,52,8.720631e-02,46.00000,35.00000,624
104,53,8.612279e-02,47.00000,35.00000,622
104,54,8.567120e-02,54.00000,30.00000,616
104,55,8.877674e-02,51.00000,30.00000,598
104,56,8.851558e-02,43.00000,36.00000,577
104,57,8.555161e-02,48.00000,35.00000,597
104,58,8.882970e-02,43.00000,35.00000,612
104,59,8.497314e-02,43.00000,35.00000,624
104,60,8.870870e-02,40.00000,36.00000,600
104,61,8.259861e-02,54.00000,30.00000,627
104,62,8.448444e-02,41.00000,35.00000,633
104,63,8.314202e-02,43.00000,35.00000,642
104,64,8.765744e-02,38.00000,36.00000,591
104,65,8.617555e-02,49.00000,30.00000,605
104,66,8.251772e-02,54.00000,30.00000,611
104,67,8.920182e-02,36.00000,36.00000,584
104,68,8.784657e-02,49.00000,30.00000,614
104,69,8.763868e-02,43.00000,36.00000,596
104,70,8.207410e-02,57.00000,30.00000,636
104,71,8.267371e-02,55.00000,30.00000,620
105,0,8.969381e-02,30.00000,36.00000,8187
105,1,8.461434e-02,47.00000,35.00000,3562
105,2,8.448730e-02,53.00000,30.00000,709
105,3,9.094028e-02,31.00000,36.00000,624
105,4,8.711125e-02,36.00000,36.00000,1191
105,5,8.636330e-02,52.00000,30.00000,692
105,6,8.462729e-02,54.00000,30.00000,636
105,7,8.944185e-02,45.00000,35.00000,619
105,8,8.666763e-02,47.00000,35.00000,690
105,9,8.841785e-02,47.00000,35.00000,871
105,10,8.477222e-02,47.00000,35.00000,5937
105,11,8.542125e-02,39.00000,35.00000,4564
105,12,8.532046e-02,54.00000,30.00000,637
105,13,8.535396e-02,49.00000,30.00000,707
105,14,8.491864e-02,46.00000,35.00000,628
105,15,8.624943e-02,42.00000,35.00000,615
105,16,8.777994e-02,34.00000,40.00000,731
105,17,8.448340e-02,46.00000,35.00000,695
105,18,8.786248e-02,49.00000,30.00000,697
105,19,8.388806e-02,53.00000,30.00000,685
105,20,8.528560e-02,53.00000,30.00000,5957
105,21,9.024163e-02,40.00000,35.00000,5336
105,22,8.500586e-02,53.00000,30.00000,678
105,23,8.751515e-02,31.00000,36.00000,726
105,24,8.596427e-02,41.00000,36.00000,616
105,25,8.719841e-02,49.00000,30.00000,832
105,26,9.022019e-02,43.00000,35.00000,640
105,27,8.774193e-02,25.00000,36.00000,669
105,28,8.280370e-02,48.00000,35.00000,753
105,29,8.617279e-02,54.00000,30.00000,881
105,30,8.542053e-02,46.00000,35.00000,5535
105,31,8.764148e-02,49.00000,30.00000,5188
105,32,8.658394e-02,46.00000,35.00000,622
105,33,8.577796e-02,55.00000,30.00000,679
105,34,8.387084e-02,48.00000,35.00000,671
105,35,8.679274e-02,42.00000,35.00000,668
105,36,8.536509e-02,48.00000,35.00000,671
105,37,8.608662e-02,41.00000,36.00000,693
105,38,8.711301e-02,53.00000,35.00000,632
105,39,8.472358e-02,49.00000,35.00000,634
105,40,8.724986e-02,48.00000,35.00000,9216
105,41,8.398979e-02,54.00000,30.00000,936
105,42,8.409896e-02,51.00000,35.00000,1659
105,43,8.160792e-02,58.00000,30.00000,708
105,44,8.535255e-02,45.00000,35.00000,598
105,45,8.610140e-02,39.00000,35.00000,650
105,46,8.580524e-02,49.00000,30.00000,639
105,47,8.663363e-02,51.00000,30.00000,683
105,48,8.457503e-02,44.00000,35.00000,650
105,49,8.579166e-02,49.00000,30.00000,684
105,50,8.815229e-02,37.00000,36.00000,9964
105,51,8.657596e-02,48.00000,35.00000,5677
105,52,8.866538e-02,44.00000,35.00000,601
105,53,8.460779e-02,58.00000,30.00000,644
105,54,8.567744e-02,45.00000,35.00000,644
105,55,8.376019e-02,49.00000,30.00000,683
105,56,8.613840e-02,52.00000,30.00000,655
105,57,8.592607e-02,46.00000,35.00000,653
105,58,8.684996e-02,43.00000,35.00000,604
105,59,8.705671e-02,53.00000,30.00000,615
105,60,8.772313e-02,38.00000,35.00000,602
105,61,9.079741e-02,34.00000,36.00000,595
105,62,8.667207e-02,49.00000,30.00000,599
105,63,9.142673e-02,42.00000,35.00000,585
105,64,8.847010e-02,41.00000,36.00000,601
105,65,8.641055e-02,46.00000,35.00000,616
105,66,9.079654e-02,31.00000,36.00000,615
105,67,8.753347e-02,45.00000,35.00000,592
105,68,9.174738e-02,40.00000,36.00000,554
105,69,9.198942e-02,36.00000,40.00000,587
105,70,8.676858e-02,60.00000,30.00000,638
105,71,8.798821e-02,35.00000,36.00000,587
106,0,8.425383e-02,41.00000,36.00000,8539
106,1,8.502848e-02,39.00000,40.00000,660
106,2,8.658271e-02,49.00000,30.00000,672
106,3,8.641317e-02,59.00000,30.00000,734
106,4,9.216505e-02,41.00000,36.00000,635
106,5,8.834834e-02,43.00000,35.00000,635
106,6,9.075291e-02,49.00000,30.00000,674
106,7,8.862411e-02,35.00000,36.00000,646
106,8,8.327790e-02,55.00000,30.00000,629
106,9,8.614737e-02,49.00000,30.00000,827
106,10,8.675764e-02,46.00000,35.00000,8979
106,11,9.053676e-02,37.00000,36.00000,737
106,12,9.009130e-02,44.00000,35.00000,633
106,13,8.601939e-02,45.00000,35.00000,642
106,14,8.940008e-02,42.00000,35.00000,1244
106,15,8.409783e-02,52.00000,30.00000,815
106,16,8.728259e-02,43.00000,35.00000,707
106,17,8.855543e-02,53.00000,30.00000,668
106,18,8.702421e-02,37.00000,35.00000,611
106,19,8.496185e-02,45.00000,36.00000,740
106,20,8.735564e-02,42.00000,36.00000,7282
106,21,8.554614e-02,49.00000,35.00000,3505
106,22,8.830652e-02,53.00000,30.00000,746
106,23,9.036691e-02,37.00000,40.00000,622
106,24,8.567147e-02,49.00000,30.00000,653
106,25,8.427308e-02,57.00000,30.00000,667
106,26,8.395724e-02,57.00000,30.00000,679
106,27,8.839700e-02,43.00000,35.00000,723
106,28,8.656292e-02,39.00000,36.00000,645
106,29,8.701733e-02,48.00000,35.00000,679
106,30,8.867662e-02,53.00000,30.00000,6934
106,31,8.753185e-02,36.00000,36.00000,1152
106,32,8.768000e-02,35.00000,36.00000,701
106,33,8.738393e-02,57.00000,30.00000,658
106,34,8.554453e-02,54.00000,30.00000,750
106,35,8.476503e-02,55.00000,30.00000,671
106,36,8.851190e-02,42.00000,35.00000,756
106,37,8.595574e-02,48.00000,35.00000,712
106,38,8.757227e-02,31.00000,36.00000,609
106,39,8.447001e-02,49.00000,35.00000,622
106,40,8.784609e-02,40.00000,36.00000,12204
106,41,8.994491e-02,32.00000,40.00000,690
106,42,9.297311e-02,30.00000,36.00000,619
106,43,8.728148e-02,54.00000,30.00000,668
106,44,8.612201e-02,47.00000,35.00000,664
106,45,9.131085e-02,30.00000,36.00000,695
106,46,9.049951e-02,49.00000,30.00000,589
106,47,8.832882e-02,31.00000,36.00000,780
106,48,8.715305e-02,44.00000,35.00000,727
106,49,8.302619e-02,55.00000,30.00000,699
106,50,8.717735e-02,41.00000,35.00000,7973
106,51,8.592812e-02,44.00000,35.00000,1151
106,52,8.211377e-02,58.00000,30.00000,683
106,53,8.879708e-02,49.00000,30.00000,689
106,54,8.696147e-02,53.00000,30.00000,690
106,55,8.899109e-02,49.00000,36.00000,632
106,56,8.322194e-02,41.00000,35.00000,664
106,57,8.800225e-02,47.00000,36.00000,1221
106,58,8.974777e-02,57.00000,30.00000,649
106,59,8.932047e-02,40.00000,36.00000,619
106,60,8.968763e-02,43.00000,35.00000,2828
106,61,8.587344e-02,48.00000,35.00000,2131
106,62,8.537751e-02,44.00000,35.00000,633
106,63,9.191939e-02,30.00000,36.00000,585
106,64,8.797321e-02,55.00000,30.00000,619
106,65,8.501642e-02,42.00000,36.00000,634
106,66,8.533628e-02,53.00000,30.00000,615
106,67,8.993387e-02,56.00000,30.00000,614
106,68,8.225218e-02,60.00000,30.00000,638
106,69,8.892908e-02,35.00000,36.00000,612
106,70,9.084265e-02,40.00000,36.00000,590
106,71,9.316971e-02,34.00000,36.00000,555
107,0,8.634706e-02,47.00000,35.00000,3070
107,1,8.679989e-02,52.00000,30.00000,2273
107,2,8.701491e-02,41.00000,36.00000,618
107,3,8.596910e-02,57.00000,30.00000,833
107,4,8.798166e-02,51.00000,30.00000,743
107,5,9.045518e-02,37.00000,35.00000,593
107,6,8.398676e-02,53.00000,30.00000,743
107,7,8.690368e-02,41.00000,35.00000,719
107,8,8.720250e-02,37.00000,35.00000,688
107,9,8.662943e-02,43.00000,36.00000,722
107,10,8.786261e-02,47.00000,35.00000,764
107,11,8.788581e-02,40.00000,36.00000,5539
107,12,8.640023e-02,38.00000,40.00000,696
107,13,8.778799e-02,43.00000,35.00000,685
107,14,9.260081e-02,25.00000,36.00000,614
107,15,8.842383e-02,42.00000,36.00000,598
107,16,8.775222e-02,53.00000,30.00000,837
107,17,9.035948e-02,44.00000,35.00000,578
107,18,8.531640e-02,53.00000,30.00000,810
107,19,8.817682e-02,44.00000,35.00000,677
107,20,8.564301e-02,54.00000,30.00000,782
107,21,8.441152e-02,50.00000,30.00000,5816
107,22,8.675958e-02,55.00000,30.00000,723
107,23,8.467931e-02,42.00000,35.00000,2478
107,24,8.644559e-02,48.00000,35.00000,666
107,25,8.554904e-02,49.00000,30.00000,629
107,26,8.753465e-02,49.00000,30.00000,651
107,27,8.585222e-02,37.00000,36.00000,702
107,28,8.596647e-02,44.00000,35.00000,700
107,29,8.427715e-02,48.00000,35.00000,729
107,30,8.465946e-02,59.00000,30.00000,733
107,31,8.551190e-02,47.00000,35.00000,9862
107,32,8.321584e-02,54.00000,30.00000,647
107,33,8.629891e-02,43.00000,35.00000,1024
107,34,9.269392e-02,37.00000,36.00000,647
107,35,8.403593e-02,49.00000,30.00000,702
107,36,8.616300e-02,43.00000,35.00000,648
107,37,8.633654e-02,36.00000,36.00000,687
107,38,9.324341e-02,25.00000,36.00000,640
107,39,8.513385e-02,55.00000,30.00000,786
107,40,8.503170e-02,57.00000,30.00000,629
107,41,8.387676e-02,57.00000,30.00000,10276
107,42,8.796807e-02,46.00000,35.00000,623
107,43,8.923451e-02,36.00000,36.00000,625
107,44,8.349296e-02,54.00000,30.00000,647
107,45,8.239985e-02,57.00000,30.00000,705
107,46,8.622393e-02,53.00000,30.00000,683
107,47,8.337435e-02,55.00000,30.00000,643
107,48,8.515010e-02,49.00000,30.00000,667
107,49,8.692642e-02,47.00000,35.00000,776
107,50,8.361315e-02,48.00000,35.00000,708
107,51,8.756195e-02,36.00000,40.00000,11538
107,52,8.498760e-02,48.00000,35.00000,691
107,53,8.783401e-02,42.00000,35.00000,628
107,54,8.352674e-02,49.00000,30.00000,625
107,55,8.359965e-02,47.00000,35.00000,628
107,56,8.504099e-02,55.00000,30.00000,620
107,57,8.695354e-02,49.00000,30.00000,591
107,58,8.754972e-02,46.00000,35.00000,593
107,59,8.311866e-02,53.00000,30.00000,625
107,60,8.665395e-02,41.00000,36.00000,625
107,61,8.789164e-02,49.00000,30.00000,592
107,62,8.592770e-02,55.00000,30.00000,619
107,63,8.687229e-02,44.00000,35.00000,591
107,64,8.734917e-02,41.00000,36.00000,605
107,65,8.812831e-02,43.00000,36.00000,592
107,66,8.822052e-02,36.00000,40.00000,635
107,67,8.820602e-02,41.00000,36.00000,590
107,68,9.144437e-02,36.00000,40.00000,561
107,69,8.746270e-02,53.00000,30.00000,625
107,70,8.843543e-02,44.00000,35.00000,624
107,71,8.912690e-02,44.00000,35.00000,581
108,0,8.456281e-02,44.00000,35.00000,4446
108,1,8.782272e-02,47.00000,35.00000,644
108,2,8.568086e-02,58.00000,30.00000,644
108,3,8.433609e-02,59.00000,30.00000,1089
108,4,8.614141e-02,44.00000,35.00000,722
108,5,8.713615e-02,55.00000,30.00000,738
108,6,8.537375e-02,58.00000,30.00000,755
108,7,8.506285e-02,54.00000,30.00000,736
108,8,8.720464e-02,35.00000,36.00000,599
108,9,8.536232e-02,43.00000,35.00000,792
108,10,8.637910e-02,44.00000,36.00000,705
108,11,8.471227e-02,55.00000,30.00000,698
108,12,8.374296e-02,45.00000,35.00000,624
108,13,8.935872e-02,45.00000,36.00000,692
108,14,8.594239e-02,54.00000,30.00000,693
108,15,8.704865e-02,51.00000,30.00000,635
108,16,8.552521e-02,46.00000,36.00000,771
108,17,8.607772e-02,52.00000,30.00000,691
108,18,8.884666e-02,41.00000,35.00000,663
108,19,8.780229e-02,43.00000,35.00000,636
108,20,8.839694e-02,53.00000,30.00000,650
108,21,8.345163e-02,54.00000,30.00000,658
108,22,8.561397e-02,42.00000,35.00000,785
108,23,8.619782e-02,40.00000,35.00000,641
108,24,8.800250e-02,54.00000,30.00000,689
108,25,8.944790e-02,37.00000,40.00000,628
108,26,8.841438e-02,39.00000,35.00000,710
108,27,8.865082e-02,35.00000,36.00000,639
108,28,8.960459e-02,37.00000,36.00000,729
108,29,8.706215e-02,49.00000,30.00000,758
108,30,8.822358e-02,43.00000,35.00000,603
108,31,8.853771e-02,39.00000,35.00000,643
108,32,8.685396e-02,43.00000,35.00000,610
108,33,8.879112e-02,40.00000,35.00000,664
108,34,8.531275e-02,41.00000,35.00000,677
108,35,8.675438e-02,54.00000,30.00000,689
108,36,8.746684e-02,37.00000,36.00000,699
108,37,8.511969e-02,42.00000,35.00000,649
108,38,8.560219e-02,53.00000,30.00000,746
108,39,8.949009e-02,37.00000,35.00000,656
108,40,8.614542e-02,56.00000,30.00000,643
108,41,8.812584e-02,49.00000,35.00000,731
108,42,8.797127e-02,37.00000,36.00000,585
108,43,8.831969e-02,25.00000,36.00000,744
108,44,8.830833e-02,35.00000,36.00000,750
108,45,9.022435e-02,42.00000,35.00000,669
108,46,8.863091e-02,55.00000,30.00000,618
108,47,8.714265e-02,58.00000,30.00000,791
108,48,8.855861e-02,43.00000,35.00000,744
108,49,8.610059e-02,49.00000,35.00000,720
108,50,8.567963e-02,44.00000,35.00000,673
108,51,8.421017e-02,55.00000,30.00000,759
108,52,8.493431e-02,48.00000,35.00000,628
108,53,8.508150e-02,49.00000,36.00000,668
108,54,8.480582e-02,53.00000,30.00000,629
108,55,8.851308e-02,38.00000,35.00000,574
108,56,8.554137e-02,41.00000,35.00000,605
108,57,8.861405e-02,31.00000,36.00000,632
108,58,8.454907e-02,57.00000,30.00000,640
108,59,8.631922e-02,40.00000,35.00000,597
108,60,8.641076e-02,48.00000,35.00000,606
108,61,8.437347e-02,49.00000,30.00000,624
108,62,9.066945e-02,38.00000,35.00000,563
108,63,8.510419e-02,54.00000,30.00000,606
108,64,8.627336e-02,49.00000,30.00000,597
108,65,8.490163e-02,58.00000,30.00000,623
108,66,8.646998e-02,55.00000,30.00000,621
108,67,9.299091e-02,35.00000,40.00000,573
108,68,8.438866e-02,49.00000,35.00000,618
108,69,8.736980e-02,40.00000,35.00000,612
108,70,8.451523e-02,49.00000,30.00000,600
108,71,8.970589e-02,31.00000,36.00000,631
109,0,8.506477e-02,54.00000,30.00000,3572
109,1,8.745305e-02,40.00000,36.00000,688
109,2,8.998854e-02,31.00000,36.00000,613
109,3,8.584893e-02,49.00000,30.00000,791
109,4,8.965808e-02,49.00000,30.00000,656
109,5,8.783625e-02,46.00000,36.00000,644
109,6,9.057604e-02,46.00000,35.00000,703
109,7,8.919579e-02,47.00000,35.00000,673
109,8,8.969723e-02,30.00000,36.00000,607
109,9,9.053441e-02,37.00000,36.00000,784
109,10,8.699720e-02,53.00000,30.00000,8058
109,11,8.667596e-02,45.00000,36.00000,608
109,12,8.836129e-02,55.00000,30.00000,647
109,13,8.731946e-02,49.00000,30.00000,612
109,14,9.005795e-02,35.00000,36.00000,654
109,15,8.777228e-02,45.00000,35.00000,670
109,16,8.849376e-02,35.00000,36.00000,652
109,17,8.660606e-02,45.00000,35.00000,707
109,18,8.940870e-02,43.00000,35.00000,685
109,19,8.403374e-02,45.00000,35.00000,628
109,20,8.525142e-02,55.00000,30.00000,6862
109,21,8.431849e-02,43.00000,35.00000,679
109,22,8.483274e-02,58.00000,30.00000,675
109,23,8.751051e-02,49.00000,30.00000,631
109,24,8.560117e-02,42.00000,36.00000,668
109,25,8.561723e-02,44.00000,35.00000,688
109,26,8.541512e-02,48.00000,35.00000,655
109,27,8.542967e-02,36.00000,35.00000,629
109,28,8.706800e-02,52.00000,30.00000,727
109,29,8.845731e-02,49.00000,30.00000,639
109,30,8.678534e-02,35.00000,36.00000,9876
109,31,8.691375e-02,46.00000,35.00000,606
109,32,8.635923e-02,49.00000,30.00000,656
109,33,8.637810e-02,59.00000,30.00000,688
109,34,8.852661e-02,52.00000,30.00000,658
109,35,8.812029e-02,46.00000,36.00000,627
109,36,8.634989e-02,48.00000,35.00000,635
109,37,9.493571e-02,36.00000,35.00000,648
109,38,8.613116e-02,49.00000,35.00000,686
109,39,8.326198e-02,54.00000,30.00000,647
109,40,8.705647e-02,40.00000,36.00000,8582
109,41,8.794103e-02,42.00000,36.00000,686
109,42,8.551391e-02,43.00000,36.00000,666
109,43,8.868670e-02,44.00000,35.00000,707
109,44,8.449772e-02,54.00000,30.00000,683
109,45,8.356341e-02,49.00000,30.00000,700
109,46,8.581738e-02,49.00000,30.00000,711
109,47,8.666413e-02,53.00000,30.00000,677
109,48,9.044579e-02,42.00000,35.00000,586
109,49,8.384092e-02,54.00000,30.00000,696
109,50,8.520123e-02,52.00000,30.00000,12467
109,51,8.718824e-02,49.00000,35.00000,683
109,52,8.679938e-02,52.00000,30.00000,595
109,53,8.466993e-02,46.00000,35.00000,635
109,54,8.789570e-02,40.00000,35.00000,596
109,55,8.841932e-02,45.00000,35.00000,606
109,56,9.443592e-02,25.00000,36.00000,591
109,57,8.430998e-02,54.00000,30.00000,625
109,58,8.614166e-02,45.00000,35.00000,614
109,59,8.627168e-02,46.00000,35.00000,610
109,60,8.444051e-02,53.00000,30.00000,617
109,61,9.196972e-02,35.00000,40.00000,568
109,62,9.167684e-02,46.00000,35.00000,589
109,63,8.987108e-02,42.00000,35.00000,570
109,64,8.882372e-02,37.00000,36.00000,631
109,65,8.524003e-02,40.00000,36.00000,619
109,66,8.803660e-02,47.00000,36.00000,604
109,67,8.695683e-02,37.00000,36.00000,614
109,68,8.821996e-02,57.00000,30.00000,629
109,69,8.667651e-02,53.00000,30.00000,610
109,70,8.549170e-02,53.00000,30.00000,614
109,71,8.728979e-02,43.00000,35.00000,585
110,0,9.013098e-02,30.00000,36.00000,6434
110,1,8.599237e-02,55.00000,30.00000,773
110,2,8.713306e-02,31.00000,36.00000,649
110,3,8.823419e-02,38.00000,35.00000,734
110,4,8.664236e-02,31.00000,36.00000,648
110,5,8.543504e-02,49.00000,30.00000,663
110,6,8.429196e-02,55.00000,30.00000,737
110,7,8.940183e-02,45.00000,35.00000,638
110,8,8.551882e-02,46.00000,35.00000,711
110,9,8.670829e-02,54.00000,30.00000,738
110,10,8.703879e-02,46.00000,35.00000,7919
110,11,8.614327e-02,54.00000,30.00000,651
110,12,8.574725e-02,40.00000,35.00000,642
110,13,8.699974e-02,53.00000,30.00000,722
110,14,8.639092e-02,42.00000,36.00000,663
110,15,8.311158e-02,53.00000,30.00000,608
110,16,8.565526e-02,38.00000,35.00000,662
110,17,8.688891e-02,57.00000,30.00000,804
110,18,8.902193e-02,49.00000,30.00000,704
110,19,8.321226e-02,58.00000,30.00000,750
110,20,8.721321e-02,42.00000,35.00000,10492
110,21,8.741304e-02,40.00000,35.00000,1356
110,22,8.512934e-02,48.00000,35.00000,728
110,23,8.678953e-02,43.00000,35.00000,1264
110,24,9.086597e-02,38.00000,35.00000,551
110,25,8.488467e-02,42.00000,36.00000,655
110,26,8.674490e-02,53.00000,30.00000,610
110,27,8.694789e-02,53.00000,30.00000,726
110,28,8.637012e-02,44.00000,35.00000,716
110,29,8.772931e-02,56.00000,30.00000,719
110,30,9.006936e-02,53.00000,30.00000,9064
110,31,8.692335e-02,44.00000,35.00000,2220
110,32,8.503722e-02,57.00000,30.00000,684
110,33,8.866428e-02,42.00000,35.00000,718
110,34,8.426696e-02,48.00000,35.00000,714
110,35,8.715703e-02,48.00000,35.00000,691
110,36,8.546165e-02,47.00000,35.00000,722
110,37,8.754115e-02,37.00000,36.00000,642
110,38,8.957000e-02,25.00000,36.00000,663
110,39,8.984399e-02,46.00000,35.00000,689
110,40,8.601703e-02,57.00000,30.00000,10984
110,41,8.709691e-02,53.00000,30.00000,645
110,42,9.080660e-02,25.00000,36.00000,655
110,43,8.879235e-02,43.00000,35.00000,632
110,44,8.514520e-02,44.00000,35.00000,613
110,45,8.739851e-02,42.00000,35.00000,703
110,46,8.478802e-02,49.00000,30.00000,597
110,47,8.594231e-02,43.00000,35.00000,698
110,48,8.892354e-02,40.00000,36.00000,729
110,49,8.766126e-02,47.00000,35.00000,656
110,50,8.505506e-02,57.00000,30.00000,12006
110,51,8.791903e-02,49.00000,30.00000,664
110,52,8.622580e-02,46.00000,36.00000,629
110,53,8.683839e-02,43.00000,36.00000,669
110,54,8.651602e-02,47.00000,35.00000,675
110,55,8.837499e-02,42.00000,35.00000,592
110,56,8.866747e-02,43.00000,35.00000,594
110,57,8.489232e-02,48.00000,35.00000,617
110,58,8.839010e-02,42.00000,35.00000,600
110,59,8.507109e-02,49.00000,30.00000,622
110,60,8.982409e-02,40.00000,35.00000,1731
110,61,8.657871e-02,51.00000,30.00000,615
110,62,8.528924e-02,40.00000,36.00000,622
110,63,8.986990e-02,55.00000,30.00000,619
110,64,9.257098e-02,41.00000,35.00000,574
110,65,8.886539e-02,50.00000,35.00000,609
110,66,8.767112e-02,45.00000,35.00000,589
110,67,8.525199e-02,41.00000,35.00000,633
110,68,8.916657e-02,35.00000,36.00000,588
110,69,8.632469e-02,52.00000,30.00000,625
110,70,8.741705e-02,54.00000,30.00000,608
110,71,8.860628e-02,32.00000,40.00000,593
111,0,8.674920e-02,49.00000,30.00000,2715
111,1,8.423489e-02,47.00000,35.00000,741
111,2,8.685356e-02,31.00000,36.00000,717
111,3,8.949474e-02,45.00000,35.00000,786
111,4,8.456499e-02,54.00000,30.00000,658
111,5,8.907770e-02,54.00000,30.00000,700
111,6,8.905117e-02,35.00000,36.00000,650
111,7,9.009130e-02,41.00000,35.00000,709
111,8,8.657921e-02,58.00000,30.00000,651
111,9,9.073611e-02,41.00000,36.00000,728
111,10,8.398817e-02,53.00000,30.00000,693
111,11,8.610133e-02,53.00000,30.00000,682
111,12,8.208636e-02,55.00000,30.00000,709
111,13,8.513207e-02,59.00000,30.00000,693
111,14,8.454535e-02,52.00000,30.00000,700
111,15,8.608921e-02,46.00000,35.00000,671
111,16,8.370402e-02,50.00000,35.00000,672
111,17,8.432759e-02,47.00000,35.00000,777
111,18,8.319072e-02,55.00000,30.00000,705
111,19,8.473100e-02,53.00000,30.00000,608
111,20,8.697152e-02,40.00000,35.00000,647
111,21,8.779718e-02,42.00000,35.00000,645
111,22,8.492845e-02,57.00000,30.00000,667
111,23,8.464549e-02,55.00000,30.00000,624
111,24,8.642311e-02,43.00000,35.00000,769
111,25,8.557960e-02,45.00000,35.00000,616
111,26,8.892854e-02,39.00000,35.00000,711
111,27,8.456872e-02,40.00000,35.00000,654
111,28,8.549570e-02,55.00000,30.00000,732
111,29,8.479347e-02,54.00000,30.00000,626
111,30,8.697917e-02,38.00000,36.00000,609
111,31,8.514369e-02,50.00000,35.00000,680
111,32,8.880558e-02,49.00000,30.00000,674
111,33,8.618890e-02,42.00000,36.00000,602
111,34,8.616486e-02,59.00000,30.00000,641
111,35,8.912433e-02,37.00000,35.00000,603
111,36,8.469331e-02,52.00000,30.00000,724
111,37,8.408419e-02,53.00000,30.00000,609
111,38,8.649816e-02,49.00000,30.00000,811
111,39,8.766931e-02,43.00000,35.00000,670
111,40,8.584744e-02,54.00000,30.00000,736
111,41,8.985584e-02,41.00000,36.00000,621
111,42,8.803931e-02,40.00000,35.00000,711
111,43,8.490351e-02,55.00000,30.00000,749
111,44,9.040812e-02,37.00000,35.00000,664
111,45,8.881798e-02,42.00000,35.00000,638
111,46,8.991702e-02,45.00000,35.00000,692
111,47,9.062593e-02,44.00000,35.00000,603
111,48,8.828744e-02,37.00000,36.00000,650
111,49,8.561213e-02,48.00000,35.00000,757
111,50,8.748356e-02,49.00000,30.00000,650
111,51,8.964007e-02,41.00000,35.00000,639
111,52,8.886304e-02,41.00000,40.00000,590
111,53,8.864377e-02,38.00000,40.00000,642
111,54,8.906648e-02,37.00000,36.00000,639
111,55,9.126896e-02,36.00000,36.00000,596
111,56,8.732162e-02,55.00000,30.00000,635
111,57,9.025610e-02,57.00000,30.00000,629
111,58,8.902965e-02,44.00000,35.00000,590
111,59,9.162989e-02,37.00000,36.00000,573
111,60,8.513226e-02,54.00000,30.00000,607
111,61,8.628586e-02,49.00000,30.00000,627
111,62,8.318134e-02,54.00000,30.00000,624
111,63,8.699428e-02,55.00000,30.00000,618
111,64,8.681592e-02,39.00000,35.00000,599
111,65,8.319812e-02,57.00000,30.00000,634
111,66,8.841981e-02,46.00000,35.00000,624
111,67,8.527181e-02,46.00000,35.00000,606
111,68,8.637398e-02,49.00000,30.00000,604
111,69,8.725176e-02,37.00000,36.00000,595
111,70,8.453817e-02,54.00000,30.00000,625
111,71,8.456400e-02,49.00000,30.00000,627
112,0,8.882323e-02,49.00000,30.00000,3258
112,1,8.830266e-02,44.00000,35.00000,700
112,2,8.533199e-02,45.00000,35.00000,714
112,3,8.489560e-02,53.00000,30.00000,619
112,4,8.595645e-02,49.00000,30.00000,784
112,5,8.691874e-02,43.00000,35.00000,721
112,6,9.032559e-02,30.00000,36.00000,659
112,7,8.923037e-02,41.00000,36.00000,638
112,8,8.477019e-02,49.00000,30.00000,689
112,9,8.438992e-02,54.00000,30.00000,697
112,10,8.624262e-02,49.00000,30.00000,718
112,11,8.620714e-02,49.00000,30.00000,677
112,12,8.794924e-02,44.00000,35.00000,703
112,13,8.494525e-02,54.00000,30.00000,685
112,14,8.895511e-02,31.00000,36.00000,645
112,15,8.922160e-02,48.00000,35.00000,704
112,16,9.100240e-02,43.00000,35.00000,688
112,17,8.669005e-02,43.00000,35.00000,716
112,18,8.708881e-02,47.00000,35.00000,683
112,19,8.644999e-02,53.00000,30.00000,667
112,20,8.705746e-02,49.00000,30.00000,710
112,21,8.805937e-02,41.00000,35.00000,707
112,22,8.750113e-02,41.00000,35.00000,627
112,23,8.831421e-02,44.00000,35.00000,701
112,24,8.944847e-02,48.00000,35.00000,668
112,25,8.534724e-02,49.00000,35.00000,683
112,26,8.867370e-02,38.00000,36.00000,706
112,27,8.646809e-02,53.00000,30.00000,677
112,28,8.870216e-02,44.00000,36.00000,710
112,29,9.293456e-02,31.00000,36.00000,711
112,30,8.711915e-02,53.00000,30.00000,727
112,31,8.505027e-02,43.00000,35.00000,643
112,32,8.789869e-02,52.00000,30.00000,657
112,33,8.925563e-02,39.00000,36.00000,635
112,34,8.461167e-02,55.00000,30.00000,654
112,35,8.820021e-02,41.00000,40.00000,715
112,36,8.283488e-02,57.00000,30.00000,684
112,37,8.480562e-02,43.00000,35.00000,728
112,38,8.842453e-02,42.00000,35.00000,644
112,39,8.768930e-02,47.00000,35.00000,741
112,40,8.496116e-02,43.00000,35.00000,744
112,41,8.817277e-02,46.00000,35.00000,621
112,42,8.643201e-02,48.00000,35.00000,650
112,43,8.513663e-02,54.00000,30.00000,606
112,44,8.542050e-02,54.00000,30.00000,782
112,45,8.757063e-02,49.00000,35.00000,647
112,46,8.683170e-02,45.00000,35.00000,661
112,47,8.834326e-02,41.00000,35.00000,727
112,48,8.434242e-02,55.00000,30.00000,675
112,49,8.697771e-02,47.00000,35.00000,625
112,50,8.826795e-02,40.00000,36.00000,724
112,51,8.323748e-02,49.00000,35.00000,682
112,52,8.684157e-02,43.00000,36.00000,660
112,53,9.103154e-02,45.00000,35.00000,589
112,54,9.248689e-02,43.00000,35.00000,604
112,55,8.745159e-02,46.00000,35.00000,638
112,56,8.695619e-02,47.00000,35.00000,606
112,57,8.972432e-02,52.00000,30.00000,621
112,58,9.170730e-02,25.00000,36.00000,553
112,59,8.700301e-02,45.00000,36.00000,640
112,60,8.760454e-02,40.00000,35.00000,639
112,61,8.772716e-02,45.00000,35.00000,585
112,62,9.259068e-02,39.00000,36.00000,562
112,63,8.530901e-02,51.00000,30.00000,613
112,64,8.832828e-02,52.00000,30.00000,617
112,65,8.813094e-02,58.00000,30.00000,623
112,66,8.745360e-02,42.00000,35.00000,603
112,67,8.815382e-02,41.00000,36.00000,615
112,68,8.568298e-02,52.00000,30.00000,616
112,69,8.383451e-02,56.00000,30.00000,620
112,70,9.138886e-02,43.00000,35.00000,610
112,71,8.720477e-02,45.00000,35.00000,594
113,0,8.869835e-02,53.00000,30.00000,9180
113,1,8.434121e-02,49.00000,30.00000,671
113,2,8.240616e-02,54.00000,30.00000,725
113,3,8.606490e-02,57.00000,30.00000,718
113,4,8.567809e-02,41.00000,35.00000,602
113,5,8.536514e-02,50.00000,35.00000,772
113,6,8.815145e-02,49.00000,30.00000,616
113,7,8.905074e-02,39.00000,36.00000,703
113,8,8.904319e-02,30.00000,36.00000,747
113,9,9.134632e-02,44.00000,35.00000,655
113,10,8.657572e-02,54.00000,30.00000,2694
113,11,8.768496e-02,35.00000,36.00000,1613
113,12,8.928010e-02,40.00000,35.00000,754
113,13,8.677932e-02,52.00000,30.00000,620
113,14,8.860148e-02,54.00000,30.00000,746
113,15,8.657061e-02,49.00000,35.00000,672
113,16,8.752480e-02,46.00000,35.00000,682
113,17,8.733086e-02,47.00000,35.00000,701
113,18,8.592349e-02,42.00000,35.00000,672
113,19,9.095889e-02,38.00000,36.00000,677
113,20,9.081487e-02,30.00000,36.00000,3437
113,21,9.001603e-02,44.00000,35.00000,3208
113,22,8.470524e-02,59.00000,30.00000,738
113,23,8.686592e-02,47.00000,35.00000,606
113,24,8.614580e-02,52.00000,30.00000,734
113,25,8.994869e-02,39.00000,36.00000,625
113,26,8.672418e-02,49.00000,30.00000,661
113,27,8.748457e-02,53.00000,30.00000,683
113,28,8.858760e-02,42.00000,35.00000,658
113,29,8.724502e-02,36.00000,36.00000,600
113,30,8.398941e-02,56.00000,30.00000,735
113,31,8.735526e-02,45.00000,36.00000,2600
113,32,8.765427e-02,53.00000,30.00000,746
113,33,8.745804e-02,55.00000,30.00000,774
113,34,8.318944e-02,45.00000,35.00000,670
113,35,8.923127e-02,35.00000,36.00000,605
113,36,8.536068e-02,42.00000,35.00000,601
113,37,8.370788e-02,57.00000,30.00000,735
113,38,8.888962e-02,47.00000,35.00000,736
113,39,8.806004e-02,45.00000,35.00000,688
113,40,8.581433e-02,49.00000,30.00000,596
113,41,8.662067e-02,54.00000,30.00000,4778
113,42,9.123465e-02,43.00000,35.00000,682
113,43,8.619179e-02,42.00000,35.00000,661
113,44,8.514017e-02,49.00000,30.00000,648
113,45,8.570718e-02,48.00000,35.00000,702
113,46,8.725242e-02,35.00000,36.00000,595
113,47,8.503389e-02,49.00000,30.00000,678
113,48,8.838971e-02,45.00000,35.00000,684
113,49,9.016289e-02,43.00000,36.00000,701
113,50,9.077788e-02,39.00000,36.00000,672
113,51,8.851286e-02,49.00000,30.00000,676
113,52,9.565455e-02,40.00000,35.00000,673
113,53,9.411110e-02,48.00000,35.00000,642
113,54,9.764443e-02,37.00000,35.00000,613
113,55,9.288599e-02,48.00000,35.00000,612
113,56,9.741987e-02,53.00000,30.00000,609
113,57,9.396673e-02,47.00000,35.00000,595
113,58,9.863072e-02,30.00000,36.00000,618
113,59,9.119591e-02,54.00000,30.00000,627
113,60,9.196615e-02,51.00000,30.00000,615
113,61,8.941999e-02,51.00000,30.00000,621
113,62,9.341979e-02,43.00000,35.00000,593
113,63,9.381010e-02,52.00000,30.00000,602
113,64,9.663401e-02,35.00000,36.00000,555
113,65,9.293206e-02,44.00000,35.00000,600
113,66,9.223132e-02,41.00000,35.00000,607
113,67,9.068005e-02,48.00000,35.00000,615
113,68,8.941460e-02,53.00000,30.00000,613
113,69,8.676599e-02,56.00000,30.00000,634
113,70,8.681616e-02,57.00000,30.00000,632
113,71,9.087938e-02,36.00000,36.00000,624
114,0,8.910636e-02,56.00000,30.00000,11575
114,1,8.685965e-02,52.00000,30.00000,688
114,2,9.184192e-02,55.00000,30.00000,720
114,3,8.758902e-02,43.00000,36.00000,664
114,4,9.092243e-02,45.00000,35.00000,663
114,5,8.686465e-02,49.00000,30.00000,679
114,6,8.671574e-02,52.00000,30.00000,721
114,7,9.521959e-02,30.00000,36.00000,666
114,8,8.639283e-02,49.00000,35.00000,674
114,9,8.988878e-02,41.00000,35.00000,708
114,10,9.192997e-02,49.00000,30.00000,7520
114,11,9.185547e-02,42.00000,35.00000,600
114,12,8.756217e-02,57.00000,30.00000,761
114,13,9.138852e-02,45.00000,35.00000,631
114,14,9.139514e-02,37.00000,36.00000,661
114,15,8.971224e-02,46.00000,35.00000,697
114,16,8.997058e-02,41.00000,36.00000,746
114,17,9.226631e-02,35.00000,36.00000,741
114,18,9.041802e-02,44.00000,35.00000,664
114,19,9.020935e-02,49.00000,30.00000,658
114,20,8.712941e-02,42.00000,35.00000,13585
114,21,9.002706e-02,55.00000,30.00000,662
114,22,8.449844e-02,53.00000,30.00000,662
114,23,8.601040e-02,48.00000,35.00000,607
114,24,8.947474e-02,35.00000,36.00000,1227
114,25,8.947990e-02,53.00000,30.00000,650
114,26,9.353213e-02,40.00000,35.00000,663
114,27,8.742192e-02,55.00000,30.00000,747
114,28,8.743839e-02,37.00000,36.00000,631
114,29,8.912714e-02,43.00000,36.00000,751
114,30,8.834914e-02,36.00000,35.00000,11572
114,31,8.761977e-02,55.00000,30.00000,663
114,32,8.616460e-02,57.00000,30.00000,664
114,33,8.834398e-02,42.00000,35.00000,669
114,34,8.824786e-02,53.00000,30.00000,1612
114,35,8.640829e-02,59.00000,30.00000,668
114,36,9.279890e-02,31.00000,36.00000,634
114,37,8.362786e-02,57.00000,30.00000,711
114,38,8.749910e-02,46.00000,35.00000,697
114,39,8.436639e-02,52.00000,30.00000,605
114,40,9.208488e-02,35.00000,36.00000,9759
114,41,8.855096e-02,45.00000,35.00000,700
114,42,8.809371e-02,43.00000,35.00000,717
114,43,8.634481e-02,58.00000,30.00000,668
114,44,9.030195e-02,48.00000,35.00000,3725
114,45,8.888563e-02,47.00000,35.00000,606
114,46,8.916633e-02,34.00000,40.00000,712
114,47,9.056941e-02,44.00000,35.00000,661
114,48,9.041759e-02,36.00000,40.00000,653
114,49,9.002034e-02,42.00000,35.00000,669
114,50,8.932908e-02,48.00000,35.00000,8382
114,51,9.134088e-02,38.00000,36.00000,677
114,52,8.583898e-02,43.00000,35.00000,743
114,53,8.434582e-02,53.00000,30.00000,623
114,54,8.736590e-02,36.00000,35.00000,1741
114,55,8.743658e-02,49.00000,30.00000,591
114,56,9.102720e-02,49.00000,30.00000,593
114,57,8.762108e-02,57.00000,30.00000,634
114,58,8.683497e-02,39.00000,36.00000,596
114,59,8.743478e-02,53.00000,30.00000,622
114,60,8.894205e-02,43.00000,35.00000,1009
114,61,8.874232e-02,53.00000,30.00000,609
114,62,8.504053e-02,50.00000,35.00000,612
114,63,8.876602e-02,48.00000,35.00000,602
114,64,8.854797e-02,40.00000,36.00000,595
114,65,8.685855e-02,53.00000,30.00000,609
114,66,8.534411e-02,46.00000,35.00000,613
114,67,8.841731e-02,49.00000,30.00000,621
114,68,8.616765e-02,47.00000,35.00000,621
114,69,8.951331e-02,54.00000,30.00000,617
114,70,8.693969e-02,42.00000,36.00000,610
114,71,8.429592e-02,53.00000,30.00000,625
115,0,8.768443e-02,57.00000,30.00000,5371
115,1,9.378473e-02,30.00000,36.00000,709
115,2,8.676620e-02,53.00000,30.00000,782
115,3,8.626927e-02,40.00000,36.00000,679
115,4,8.887650e-02,49.00000,30.00000,714
115,5,8.564167e-02,54.00000,30.00000,651
115,6,9.049109e-02,31.00000,36.00000,714
115,7,8.591561e-02,45.00000,35.00000,707
115,8,9.232906e-02,45.00000,35.00000,717
115,9,9.233171e-02,56.00000,30.00000,679
115,10,9.026343e-02,53.00000,30.00000,5406
115,11,8.555677e-02,57.00000,30.00000,741
115,12,8.935820e-02,37.00000,40.00000,729
115,13,9.197706e-02,49.00000,30.00000,654
115,14,9.388115e-02,37.00000,36.00000,694
115,15,8.821818e-02,44.00000,36.00000,746
115,16,8.533488e-02,55.00000,30.00000,720
115,17,9.130418e-02,25.00000,36.00000,705
115,18,9.156612e-02,49.00000,30.00000,694
115,19,8.780818e-02,41.00000,35.00000,611
115,20,8.891796e-02,47.00000,35.00000,10402
115,21,8.749261e-02,58.00000,30.00000,699
115,22,8.775650e-02,41.00000,35.00000,648
115,23,8.589881e-02,49.00000,30.00000,657
115,24,9.230494e-02,42.00000,36.00000,648
115,25,8.810534e-02,48.00000,35.00000,681
115,26,8.868608e-02,57.00000,30.00000,718
115,27,9.173115e-02,47.00000,35.00000,693
115,28,8.657913e-02,41.00000,36.00000,605
115,29,8.573945e-02,46.00000,35.00000,755
115,30,9.264605e-02,52.00000,30.00000,9850
115,31,8.860576e-02,37.00000,40.00000,644
115,32,8.989284e-02,38.00000,36.00000,642
115,33,8.799662e-02,51.00000,30.00000,692
115,34,9.120415e-02,25.00000,36.00000,637
115,35,8.966552e-02,41.00000,36.00000,680
115,36,8.414289e-02,53.00000,30.00000,704
115,37,9.149694e-02,36.00000,36.00000,638
115,38,9.622870e-02,49.00000,30.00000,656
115,39,8.566839e-02,48.00000,35.00000,685
115,40,9.056331e-02,42.00000,35.00000,10968
115,41,8.661096e-02,54.00000,30.00000,654
115,42,8.644687e-02,51.00000,30.00000,661
115,43,8.871651e-02,48.00000,35.00000,669
115,44,8.631212e-02,49.00000,30.00000,676
115,45,8.946452e-02,43.00000,35.00000,672
115,46,8.641805e-02,45.00000,35.00000,715
115,47,8.760142e-02,44.00000,35.00000,733
115,48,8.925608e-02,48.00000,35.00000,659
115,49,8.694014e-02,55.00000,30.00000,670
115,50,8.932334e-02,31.00000,36.00000,9709
115,51,8.683887e-02,36.00000,36.00000,665
115,52,8.605887e-02,49.00000,30.00000,648
115,53,8.469376e-02,49.00000,36.00000,687
115,54,8.808598e-02,49.00000,30.00000,665
115,55,8.680670e-02,55.00000,30.00000,634
115,56,9.055606e-02,54.00000,30.00000,630
115,57,8.524320e-02,56.00000,30.00000,640
115,58,8.576030e-02,54.00000,30.00000,673
115,59,8.810918e-02,46.00000,35.00000,625
115,60,9.366924e-02,35.00000,36.00000,860
115,61,9.037759e-02,42.00000,35.00000,604
115,62,9.111524e-02,37.00000,36.00000,607
115,63,9.163046e-02,35.00000,36.00000,591
115,64,8.756816e-02,41.00000,36.00000,627
115,65,9.193335e-02,25.00000,36.00000,616
115,66,9.039866e-02,49.00000,30.00000,600
115,67,9.070233e-02,55.00000,30.00000,620
115,68,8.844644e-02,50.00000,35.00000,611
115,69,9.148881e-02,47.00000,35.00000,585
115,70,9.019787e-02,32.00000,36.00000,594
115,71,9.034334e-02,43.00000,35.00000,597
116,0,8.913464e-02,37.00000,36.00000,3673
116,1,9.003903e-02,49.00000,30.00000,678
116,2,8.543284e-02,42.00000,35.00000,722
116,3,8.988957e-02,49.00000,30.00000,598
116,4,8.769194e-02,55.00000,30.00000,670
116,5,8.485092e-02,59.00000,30.00000,770
116,6,9.029031e-02,54.00000,30.00000,743
116,7,8.549766e-02,48.00000,35.00000,668
116,8,8.682235e-02,35.00000,36.00000,672
116,9,9.005485e-02,48.00000,35.00000,694
116,10,8.829591e-02,38.00000,35.00000,2756
116,11,8.876556e-02,42.00000,35.00000,1748
116,12,8.873717e-02,43.00000,35.00000,659
116,13,8.786981e-02,45.00000,35.00000,695
116,14,9.040459e-02,51.00000,30.00000,654
116,15,8.986630e-02,55.00000,30.00000,716
116,16,8.660902e-02,46.00000,35.00000,706
116,17,8.608343e-02,49.00000,30.00000,680
116,18,9.050761e-02,38.00000,36.00000,660
116,19,8.989357e-02,25.00000,36.00000,692
116,20,9.394424e-02,25.00000,36.00000,683
116,21,8.673584e-02,35.00000,36.00000,710
116,22,9.209432e-02,58.00000,30.00000,695
116,23,8.474093e-02,51.00000,30.00000,662
116,24,8.746112e-02,49.00000,30.00000,693
116,25,8.453955e-02,45.00000,35.00000,744
116,26,8.618505e-02,53.00000,30.00000,621
116,27,8.659726e-02,57.00000,30.00000,789
116,28,8.724080e-02,46.00000,35.00000,603
116,29,9.207513e-02,37.00000,36.00000,789
116,30,8.868412e-02,45.00000,35.00000,664
116,31,8.705510e-02,46.00000,35.00000,724
116,32,8.648194e-02,51.00000,30.00000,725
116,33,8.512270e-02,54.00000,30.00000,724
116,34,8.944918e-02,43.00000,36.00000,644
116,35,8.765717e-02,44.00000,35.00000,705
116,36,8.802732e-02,53.00000,30.00000,683
116,37,9.146610e-02,42.00000,35.00000,665
116,38,8.737233e-02,49.00000,35.00000,666
116,39,8.709385e-02,56.00000,30.00000,705
116,40,9.430448e-02,25.00000,36.00000,627
116,41,9.404638e-02,32.00000,36.00000,602
116,42,8.901098e-02,49.00000,30.00000,724
116,43,9.074098e-02,41.00000,35.00000,650
116,44,8.810753e-02,42.00000,35.00000,672
116,45,8.922316e-02,45.00000,35.00000,644
116,46,8.902843e-02,43.00000,35.00000,634
116,47,8.742192e-02,36.00000,36.00000,632
116,48,8.694142e-02,54.00000,30.00000,712
116,49,9.252200e-02,35.00000,36.00000,678
116,50,8.654959e-02,58.00000,30.00000,658
116,51,8.871952e-02,49.00000,30.00000,688
116,52,8.704381e-02,38.00000,36.00000,690
116,53,8.847716e-02,53.00000,30.00000,683
116,54,8.721557e-02,42.00000,35.00000,643
116,55,8.934991e-02,53.00000,30.00000,664
116,56,8.622303e-02,52.00000,30.00000,654
116,57,8.440179e-02,48.00000,35.00000,640
116,58,9.370662e-02,30.00000,36.00000,578
116,59,8.796181e-02,47.00000,36.00000,624
116,60,8.771158e-02,53.00000,30.00000,627
116,61,9.134617e-02,49.00000,30.00000,588
116,62,8.863954e-02,42.00000,35.00000,632
116,63,8.686450e-02,49.00000,35.00000,611
116,64,8.864664e-02,37.00000,35.00000,608
116,65,8.909959e-02,47.00000,35.00000,603
116,66,8.744800e-02,49.00000,30.00000,625
116,67,8.865781e-02,42.00000,36.00000,599
116,68,9.055152e-02,35.00000,36.00000,591
116,69,8.794156e-02,51.00000,30.00000,600
116,70,9.022613e-02,44.00000,35.00000,591
116,71,8.858815e-02,43.00000,35.00000,588
117,0,8.571821e-02,48.00000,35.00000,7149
117,1,8.690344e-02,49.00000,30.00000,1243
117,2,8.482690e-02,55.00000,30.00000,722
117,3,8.621158e-02,54.00000,30.00000,729
117,4,8.555661e-02,54.00000,30.00000,677
117,5,8.961440e-02,35.00000,36.00000,706
117,6,8.918408e-02,46.00000,35.00000,667
117,7,8.897194e-02,54.00000,30.00000,704
117,8,8.968723e-02,43.00000,35.00000,684
117,9,9.084082e-02,30.00000,36.00000,640
117,10,8.905837e-02,53.00000,30.00000,793
117,11,9.078680e-02,35.00000,36.00000,696
117,12,8.782379e-02,54.00000,30.00000,705
117,13,9.169894e-02,37.00000,36.00000,613
117,14,8.704188e-02,42.00000,35.00000,652
117,15,8.914164e-02,41.00000,36.00000,5076
117,16,9.224336e-02,43.00000,35.00000,655
117,17,8.730920e-02,47.00000,35.00000,652
117,18,8.887343e-02,51.00000,35.00000,668
117,19,8.747648e-02,44.00000,35.00000,634
117,20,9.039363e-02,53.00000,30.00000,680
117,21,8.650663e-02,54.00000,30.00000,1715
117,22,8.967292e-02,40.00000,36.00000,667
117,23,9.063493e-02,37.00000,36.00000,627
117,24,8.681320e-02,49.00000,30.00000,708
117,25,9.168310e-02,36.00000,35.00000,9007
117,26,9.122454e-02,49.00000,30.00000,605
117,27,8.797004e-02,38.00000,36.00000,636
117,28,9.038182e-02,36.00000,36.00000,567
117,29,9.120338e-02,47.00000,35.00000,763
117,30,9.128418e-02,31.00000,36.00000,659
117,31,8.964790e-02,55.00000,30.00000,1512
117,32,8.993456e-02,42.00000,35.00000,635
117,33,8.536953e-02,54.00000,30.00000,696
117,34,8.903430e-02,39.00000,35.00000,658
117,35,8.749837e-02,52.00000,30.00000,11295
117,36,8.677314e-02,49.00000,35.00000,657
117,37,8.846625e-02,40.00000,40.00000,654
117,38,8.725867e-02,49.00000,30.00000,653
117,39,8.623780e-02,49.00000,35.00000,681
117,40,8.629558e-02,58.00000,30.00000,684
117,41,8.892822e-02,53.00000,30.00000,732
117,42,8.927885e-02,49.00000,30.00000,658
117,43,9.124365e-02,35.00000,36.00000,630
117,44,8.890346e-02,41.00000,36.00000,681
117,45,8.974072e-02,37.00000,35.00000,10304
117,46,9.074558e-02,46.00000,36.00000,662
117,47,9.447166e-02,44.00000,35.00000,624
117,48,9.042124e-02,53.00000,30.00000,642
117,49,9.138639e-02,48.00000,35.00000,631
117,50,8.721985e-02,53.00000,30.00000,716
117,51,9.327549e-02,46.00000,35.00000,663
117,52,9.358787e-02,30.00000,36.00000,560
117,53,8.961207e-02,52.00000,30.00000,777
117,54,8.904552e-02,51.00000,30.00000,652
117,55,9.283952e-02,25.00000,36.00000,8005
117,56,8.735190e-02,52.00000,35.00000,636
117,57,9.253743e-02,49.00000,30.00000,588
117,58,9.091194e-02,49.00000,30.00000,609
117,59,8.763511e-02,53.00000,30.00000,608
117,60,8.890190e-02,36.00000,40.00000,626
117,61,8.763786e-02,49.00000,30.00000,608
117,62,8.850683e-02,45.00000,35.00000,619
117,63,8.880163e-02,37.00000,36.00000,620
117,64,9.098708e-02,31.00000,36.00000,622
117,65,9.255896e-02,31.00000,36.00000,591
117,66,9.053096e-02,44.00000,35.00000,604
117,67,8.939034e-02,58.00000,30.00000,624
117,68,9.053914e-02,49.00000,30.00000,588
117,69,9.011702e-02,39.00000,35.00000,588
117,70,8.870339e-02,47.00000,35.00000,618
117,71,9.037875e-02,42.00000,35.00000,584
118,0,8.927985e-02,49.00000,30.00000,1390
118,1,9.121126e-02,40.00000,35.00000,1846
118,2,8.733723e-02,50.00000,35.00000,744
118,3,8.854260e-02,41.00000,36.00000,647
118,4,8.865690e-02,41.00000,36.00000,683
118,5,8.983043e-02,48.00000,35.00000,715
118,6,9.126887e-02,49.00000,30.00000,626
118,7,8.968793e-02,43.00000,35.00000,639
118,8,9.126152e-02,25.00000,36.00000,761
118,9,8.879628e-02,42.00000,35.00000,692
118,10,9.064882e-02,31.00000,36.00000,702
118,11,8.865418e-02,48.00000,35.00000,770
118,12,8.535566e-02,55.00000,30.00000,707
118,13,8.880747e-02,49.00000,30.00000,709
118,14,9.203137e-02,38.00000,40.00000,647
118,15,8.669052e-02,49.00000,30.00000,703
118,16,9.070231e-02,37.00000,36.00000,752
118,17,9.039237e-02,31.00000,36.00000,602
118,18,8.860768e-02,55.00000,30.00000,804
118,19,8.406246e-02,53.00000,30.00000,735
118,20,8.940130e-02,55.00000,30.00000,745
118,21,8.664905e-02,43.00000,35.00000,708
118,22,8.981436e-02,45.00000,35.00000,662
118,23,8.857430e-02,43.00000,35.00000,604
118,24,9.134756e-02,45.00000,35.00000,638
118,25,8.627182e-02,49.00000,30.00000,630
118,26,8.668234e-02,37.00000,36.00000,674
118,27,8.994408e-02,53.00000,30.00000,619
118,28,8.864135e-02,54.00000,30.00000,669
118,29,8.662276e-02,53.00000,30.00000,684
118,30,8.575188e-02,52.00000,30.00000,757
118,31,8.598512e-02,49.00000,30.00000,708
118,32,8.671215e-02,49.00000,30.00000,706
118,33,8.951601e-02,34.00000,36.00000,664
118,34,9.024955e-02,49.00000,30.00000,656
118,35,8.836603e-02,47.00000,36.00000,674
118,36,8.775787e-02,61.00000,30.00000,704
118,37,8.675104e-02,54.00000,30.00000,644
118,38,8.781162e-02,52.00000,30.00000,743
118,39,8.696645e-02,42.00000,35.00000,647
118,40,8.546884e-02,49.00000,30.00000,716
118,41,8.659877e-02,51.00000,30.00000,663
118,42,8.913984e-02,43.00000,35.00000,596
118,43,9.062946e-02,37.00000,36.00000,608
118,44,8.622558e-02,40.00000,35.00000,666
118,45,9.201614e-02,36.00000,36.00000,595
118,46,8.639745e-02,57.00000,30.00000,725
118,47,8.796223e-02,47.00000,35.00000,657
118,48,8.665238e-02,42.00000,35.00000,649
118,49,8.779152e-02,57.00000,30.00000,726
118,50,8.586243e-02,55.00000,30.00000,733
118,51,9.035285e-02,35.00000,36.00000,677
118,52,8.864898e-02,54.00000,30.00000,682
118,53,8.468154e-02,55.00000,30.00000,679
118,54,9.082229e-02,39.00000,35.00000,635
118,55,8.845480e-02,39.00000,36.00000,616
118,56,8.971492e-02,37.00000,36.00000,573
118,57,9.045850e-02,46.00000,35.00000,625
118,58,8.912191e-02,42.00000,35.00000,627
118,59,9.161630e-02,53.00000,30.00000,618
118,60,8.721130e-02,43.00000,35.00000,637
118,61,9.173697e-02,59.00000,30.00000,639
118,62,8.962862e-02,53.00000,30.00000,616
118,63,8.632284e-02,53.00000,30.00000,626
118,64,9.031079e-02,46.00000,36.00000,596
118,65,8.754098e-02,49.00000,30.00000,598
118,66,8.937379e-02,42.00000,35.00000,593
118,67,8.887663e-02,39.00000,36.00000,615
118,68,8.654507e-02,47.00000,35.00000,628
118,69,8.727924e-02,55.00000,30.00000,618
118,70,8.926903e-02,42.00000,35.00000,612
118,71,8.878030e-02,37.00000,35.00000,616
119,0,9.152690e-02,40.00000,40.00000,6398
119,1,9.020188e-02,54.00000,30.00000,651
119,2,8.681607e-02,47.00000,35.00000,671
119,3,8.623528e-02,45.00000,36.00000,695
119,4,8.782774e-02,42.00000,35.00000,710
119,5,8.756948e-02,48.00000,35.00000,634
119,6,9.174088e-02,36.00000,40.00000,647
119,7,9.254526e-02,40.00000,35.00000,693
119,8,8.747038e-02,54.00000,30.00000,671
119,9,8.757982e-02,49.00000,30.00000,684
119,10,9.250455e-02,37.00000,35.00000,3250
119,11,8.726120e-02,36.00000,36.00000,7910
119,12,8.456363e-02,53.00000,30.00000,755
119,13,8.816740e-02,58.00000,30.00000,729
119,14,9.076977e-02,37.00000,36.00000,724
119,15,9.225136e-02,40.00000,36.00000,649
119,16,8.848573e-02,38.00000,35.00000,654
119,17,9.172142e-02,40.00000,36.00000,714
119,18,8.988204e-02,58.00000,30.00000,714
119,19,9.117341e-02,42.00000,36.00000,647
119,20,8.625337e-02,57.00000,30.00000,2109
119,21,8.593677e-02,48.00000,35.00000,9396
119,22,8.914313e-02,45.00000,35.00000,665
119,23,8.842244e-02,45.00000,35.00000,703
119,24,8.799355e-02,55.00000,30.00000,729
119,25,8.439763e-02,54.00000,30.00000,691
119,26,8.735621e-02,49.00000,30.00000,716
119,27,8.875505e-02,46.00000,35.00000,663
119,28,8.490809e-02,45.00000,35.00000,694
119,29,8.705531e-02,52.00000,30.00000,2134
119,30,8.527276e-02,53.00000,30.00000,732
119,31,8.675858e-02,48.00000,35.00000,8208
119,32,8.879547e-02,45.00000,35.00000,673
119,33,8.843014e-02,46.00000,35.00000,691
119,34,8.745289e-02,53.00000,30.00000,686
119,35,8.764659e-02,57.00000,30.00000,703
119,36,8.623447e-02,58.00000,30.00000,623
119,37,9.063607e-02,42.00000,36.00000,708
119,38,8.548983e-02,55.00000,30.00000,727
119,39,8.509828e-02,47.00000,35.00000,722
119,40,8.895773e-02,54.00000,30.00000,704
119,41,9.313446e-02,45.00000,35.00000,10316
119,42,8.646567e-02,48.00000,35.00000,620
119,43,8.578186e-02,44.00000,35.00000,673
119,44,8.631177e-02,47.00000,35.00000,658
119,45,8.620513e-02,48.00000,35.00000,638
119,46,8.986114e-02,54.00000,30.00000,667
119,47,8.719213e-02,56.00000,30.00000,616
119,48,8.532375e-02,53.00000,30.00000,830
119,49,8.689016e-02,42.00000,35.00000,713
119,50,8.910343e-02,53.00000,30.00000,673
119,51,8.799667e-02,54.00000,30.00000,10683
119,52,8.725049e-02,35.00000,36.00000,689
119,53,8.966966e-02,37.00000,40.00000,626
119,54,8.458247e-02,53.00000,30.00000,627
119,55,8.529463e-02,59.00000,30.00000,694
119,56,8.914469e-02,47.00000,35.00000,623
119,57,8.969142e-02,55.00000,30.00000,694
119,58,8.710612e-02,46.00000,36.00000,641
119,59,8.620429e-02,53.00000,30.00000,618
119,60,8.580698e-02,49.00000,30.00000,640
119,61,9.087984e-02,45.00000,36.00000,595
119,62,8.975777e-02,40.00000,35.00000,595
119,63,8.867452e-02,49.00000,30.00000,592
119,64,8.590782e-02,53.00000,30.00000,614
119,65,8.700565e-02,49.00000,30.00000,629
119,66,8.845435e-02,45.00000,35.00000,599
119,67,8.939327e-02,44.00000,35.00000,618
119,68,9.035537e-02,40.00000,36.00000,586
119,69,8.685698e-02,51.00000,30.00000,632
119,70,8.607237e-02,53.00000,30.00000,629
119,71,8.666661e-02,48.00000,35.00000,616
120,0,9.238591e-02,37.00000,36.00000,6718
120,1,9.126905e-02,41.00000,35.00000,693
120,2,9.023024e-02,49.00000,30.00000,713
120,3,8.726471e-02,47.00000,35.00000,611
120,4,8.554280e-02,51.00000,30.00000,692
120,5,8.457417e-02,55.00000,30.00000,700
120,6,8.700082e-02,46.00000,35.00000,693
120,7,8.508696e-02,55.00000,30.00000,683
120,8,8.606624e-02,53.00000,30.00000,725
120,9,8.633173e-02,53.00000,30.00000,661
120,10,8.600173e-02,49.00000,30.00000,1013
120,11,8.781614e-02,30.00000,40.00000,679
120,12,8.981991e-02,41.00000,36.00000,732
120,13,8.844972e-02,38.00000,40.00000,629
120,14,8.882882e-02,59.00000,30.00000,764
120,15,9.145801e-02,53.00000,30.00000,712
120,16,8.931955e-02,53.00000,30.00000,722
120,17,9.007297e-02,45.00000,35.00000,675
120,18,8.718289e-02,42.00000,36.00000,717
120,19,8.701983e-02,49.00000,30.00000,679
120,20,8.852421e-02,49.00000,30.00000,739
120,21,8.809995e-02,52.00000,30.00000,700
120,22,9.315224e-02,45.00000,35.00000,624
120,23,9.628297e-02,25.00000,36.00000,691
120,24,9.455137e-02,40.00000,36.00000,640
120,25,8.900358e-02,42.00000,36.00000,674
120,26,8.963452e-02,39.00000,36.00000,639
120,27,8.967058e-02,45.00000,35.00000,687
120,28,9.092358e-02,40.00000,35.00000,704
120,29,8.849832e-02,43.00000,35.00000,677
120,30,8.772463e-02,44.00000,35.00000,648
120,31,8.840249e-02,39.00000,36.00000,1590
120,32,8.695228e-02,52.00000,30.00000,639
120,33,8.805536e-02,58.00000,30.00000,659
120,34,8.851077e-02,49.00000,30.00000,658
120,35,8.564263e-02,54.00000,30.00000,617
120,36,9.036809e-02,49.00000,30.00000,696
120,37,8.481419e-02,57.00000,30.00000,723
120,38,8.878690e-02,49.00000,35.00000,687
120,39,8.929160e-02,52.00000,30.00000,726
120,40,8.776040e-02,49.00000,30.00000,611
120,41,9.013958e-02,41.00000,35.00000,3326
120,42,9.335371e-02,42.00000,35.00000,611
120,43,8.654504e-02,43.00000,35.00000,629
120,44,9.198570e-02,57.00000,30.00000,656
120,45,8.766590e-02,49.00000,30.00000,666
120,46,8.922276e-02,45.00000,35.00000,657
120,47,8.912024e-02,42.00000,36.00000,637
120,48,8.738939e-02,42.00000,36.00000,660
120,49,8.992678e-02,25.00000,36.00000,694
120,50,9.199691e-02,46.00000,35.00000,690
120,51,8.895809e-02,49.00000,30.00000,4262
120,52,9.114613e-02,52.00000,30.00000,661
120,53,8.982718e-02,46.00000,36.00000,624
120,54,8.828720e-02,49.00000,35.00000,816
120,55,8.980998e-02,42.00000,35.00000,591
120,56,9.034668e-02,44.00000,35.00000,584
120,57,8.622431e-02,43.00000,35.00000,628
120,58,9.190985e-02,37.00000,36.00000,575
120,59,8.839553e-02,40.00000,35.00000,627
120,60,9.112081e-02,42.00000,36.00000,594
120,61,8.889160e-02,35.00000,36.00000,857
120,62,9.193081e-02,41.00000,40.00000,593
120,63,9.226400e-02,44.00000,35.00000,590
120,64,8.918297e-02,56.00000,30.00000,629
120,65,9.528430e-02,49.00000,35.00000,594
120,66,8.867241e-02,56.00000,30.00000,618
120,67,9.028024e-02,50.00000,35.00000,610
120,68,9.144040e-02,43.00000,36.00000,597
120,69,9.329108e-02,40.00000,35.00000,573
120,70,8.895130e-02,41.00000,36.00000,626
120,71,8.568610e-02,49.00000,30.00000,624
121,0,9.250948e-02,37.00000,36.00000,3929
121,1,9.429125e-02,25.00000,36.00000,762
121,2,9.256919e-02,40.00000,35.00000,1777
121,3,9.017393e-02,47.00000,35.00000,683
121,4,8.800572e-02,49.00000,30.00000,687
121,5,9.310366e-02,42.00000,36.00000,570
121,6,9.218229e-02,43.00000,35.00000,784
121,7,8.789796e-02,48.00000,35.00000,715
121,8,9.027530e-02,42.00000,36.00000,581
121,9,9.199142e-02,37.00000,36.00000,738
121,10,8.840097e-02,35.00000,36.00000,6419
121,11,9.159683e-02,31.00000,36.00000,899
121,12,9.145658e-02,54.00000,30.00000,701
121,13,8.800195e-02,44.00000,35.00000,655
121,14,8.635627e-02,49.00000,30.00000,732
121,15,9.271242e-02,38.00000,35.00000,659
121,16,8.898879e-02,36.00000,35.00000,672
121,17,9.129518e-02,49.00000,30.00000,688
121,18,8.864944e-02,41.00000,36.00000,662
121,19,8.980660e-02,49.00000,30.00000,663
121,20,9.158160e-02,38.00000,40.00000,7909
121,21,9.194998e-02,35.00000,36.00000,2261
121,22,8.923010e-02,45.00000,35.00000,649
121,23,8.943029e-02,49.00000,35.00000,761
121,24,9.005302e-02,47.00000,35.00000,666
121,25,8.832580e-02,39.00000,35.00000,684
121,26,8.943953e-02,53.00000,30.00000,623
121,27,9.319252e-02,41.00000,36.00000,680
121,28,9.108383e-02,42.00000,35.00000,676
121,29,9.011611e-02,46.00000,35.00000,643
121,30,9.287293e-02,31.00000,36.00000,6716
121,31,8.773848e-02,53.00000,30.00000,853
121,32,9.019510e-02,49.00000,30.00000,683
121,33,8.719131e-02,49.00000,35.00000,683
121,34,9.068875e-02,33.00000,40.00000,684
121,35,8.915730e-02,49.00000,30.00000,587
121,36,9.147227e-02,43.00000,35.00000,680
121,37,9.054633e-02,49.00000,30.00000,719
121,38,8.812686e-02,46.00000,35.00000,761
121,39,8.562662e-02,47.00000,35.00000,717
121,40,9.281870e-02,44.00000,40.00000,5461
121,41,8.772244e-02,54.00000,30.00000,2895
121,42,8.990686e-02,41.00000,36.00000,640
121,43,8.671053e-02,53.00000,30.00000,694
121,44,9.315149e-02,31.00000,36.00000,686
121,45,9.134215e-02,40.00000,36.00000,625
121,46,9.532053e-02,40.00000,36.00000,591
121,47,8.682923e-02,53.00000,30.00000,667
121,48,8.796014e-02,49.00000,30.00000,785
121,49,8.895835e-02,55.00000,30.00000,676
121,50,9.233955e-02,43.00000,35.00000,4948
121,51,8.726314e-02,49.00000,30.00000,4624
121,52,9.172288e-02,49.00000,30.00000,602
121,53,8.904094e-02,49.00000,30.00000,593
121,54,8.653512e-02,45.00000,35.00000,663
121,55,8.534479e-02,54.00000,30.00000,620
121,56,8.812261e-02,33.00000,40.00000,642
121,57,8.769477e-02,44.00000,35.00000,643
121,58,8.969809e-02,43.00000,35.00000,670
121,59,8.785892e-02,37.00000,36.00000,620
121,60,9.025285e-02,43.00000,36.00000,693
121,61,8.956222e-02,45.00000,35.00000,1792
121,62,8.560678e-02,57.00000,30.00000,640
121,63,9.401989e-02,41.00000,35.00000,615
121,64,8.825141e-02,49.00000,30.00000,624
121,65,8.982410e-02,37.00000,35.00000,611
121,66,8.818135e-02,56.00000,30.00000,613
121,67,8.647272e-02,49.00000,30.00000,617
121,68,8.824185e-02,43.00000,35.00000,613
121,69,8.910487e-02,37.00000,36.00000,607
121,70,8.632345e-02,55.00000,30.00000,626
121,71,8.597478e-02,56.00000,30.00000,622
122,0,8.759806e-02,49.00000,30.00000,5967
122,1,8.884353e-02,44.00000,35.00000,3013
122,2,8.604878e-02,44.00000,35.00000,1049
122,3,8.659367e-02,49.00000,30.00000,678
122,4,9.146604e-02,35.00000,36.00000,677
122,5,8.837041e-02,54.00000,30.00000,670
122,6,9.054566e-02,35.00000,36.00000,641
122,7,8.738330e-02,43.00000,35.00000,639
122,8,8.797573e-02,49.00000,30.00000,757
122,9,9.263052e-02,43.00000,35.00000,598
122,10,8.909916e-02,52.00000,30.00000,4279
122,11,9.082211e-02,44.00000,35.00000,4798
122,12,8.753303e-02,47.00000,35.00000,2715
122,13,8.844546e-02,32.00000,36.00000,698
122,14,8.745375e-02,55.00000,30.00000,703
122,15,8.906779e-02,36.00000,35.00000,708
122,16,8.857930e-02,49.00000,30.00000,666
122,17,8.745217e-02,48.00000,35.00000,668
122,18,8.761306e-02,57.00000,30.00000,669
122,19,8.895312e-02,45.00000,35.00000,713
122,20,8.816589e-02,46.00000,35.00000,1624
122,21,9.101617e-02,49.00000,30.00000,717
122,22,8.699167e-02,53.00000,30.00000,1355
122,23,8.925663e-02,44.00000,35.00000,680
122,24,8.703687e-02,44.00000,35.00000,736
122,25,8.892314e-02,45.00000,35.00000,582
122,26,8.958562e-02,47.00000,35.00000,743
122,27,9.017702e-02,37.00000,40.00000,612
122,28,8.791737e-02,55.00000,30.00000,697
122,29,8.996367e-02,30.00000,36.00000,609
122,30,8.669615e-02,47.00000,35.00000,727
122,31,8.955425e-02,53.00000,30.00000,648
122,32,9.286663e-02,31.00000,36.00000,2298
122,33,8.932228e-02,36.00000,36.00000,624
122,34,8.565931e-02,57.00000,30.00000,673
122,35,8.538721e-02,53.00000,30.00000,708
122,36,9.131806e-02,43.00000,35.00000,622
122,37,8.704717e-02,49.00000,30.00000,667
122,38,9.004390e-02,44.00000,35.00000,675
122,39,8.885992e-02,49.00000,30.00000,699
122,40,8.856039e-02,40.00000,35.00000,750
122,41,9.073296e-02,47.00000,35.00000,669
122,42,8.921292e-02,48.00000,35.00000,796
122,43,9.067008e-02,42.00000,35.00000,640
122,44,9.113251e-02,53.00000,30.00000,707
122,45,9.082824e-02,31.00000,36.00000,704
122,46,9.062518e-02,46.00000,35.00000,663
122,47,8.973621e-02,42.00000,35.00000,624
122,48,8.894061e-02,35.00000,36.00000,600
122,49,8.997317e-02,55.00000,30.00000,715
122,50,8.727387e-02,54.00000,30.00000,693
122,51,8.811605e-02,48.00000,35.00000,755
122,52,9.380519e-02,30.00000,36.00000,558
122,53,9.124252e-02,37.00000,36.00000,680
122,54,8.659434e-02,58.00000,30.00000,674
122,55,8.910105e-02,37.00000,35.00000,647
122,56,8.794994e-02,58.00000,30.00000,712
122,57,9.053661e-02,38.00000,35.00000,694
122,58,9.255511e-02,38.00000,36.00000,752
122,59,9.095979e-02,49.00000,30.00000,665
122,60,8.717521e-02,42.00000,35.00000,2882
122,61,9.055567e-02,40.00000,35.00000,1263
122,62,8.903375e-02,54.00000,30.00000,1626
122,63,9.196348e-02,39.00000,36.00000,595
122,64,8.876370e-02,39.00000,35.00000,603
122,65,9.105285e-02,46.00000,35.00000,589
122,66,8.997806e-02,45.00000,35.00000,581
122,67,9.288897e-02,35.00000,36.00000,626
122,68,8.632968e-02,53.00000,30.00000,617
122,69,9.034373e-02,49.00000,35.00000,597
122,70,9.108496e-02,31.00000,36.00000,590
122,71,9.228831e-02,38.00000,35.00000,600
123,0,8.854631e-02,40.00000,35.00000,11772
123,1,8.895284e-02,49.00000,30.00000,700
123,2,8.860467e-02,51.00000,30.00000,1495
123,3,8.666836e-02,47.00000,35.00000,652
123,4,8.863553e-02,52.00000,30.00000,730
123,5,8.888985e-02,49.00000,30.00000,634
123,6,8.830345e-02,38.00000,40.00000,720
123,7,8.639692e-02,41.00000,35.00000,777
123,8,8.510989e-02,57.00000,30.00000,724
123,9,8.511694e-02,49.00000,30.00000,662
123,10,8.936229e-02,42.00000,40.00000,4860
123,11,9.087995e-02,49.00000,30.00000,774
123,12,9.160387e-02,33.00000,40.00000,1976
123,13,8.644397e-02,46.00000,35.00000,653
123,14,8.955394e-02,44.00000,36.00000,767
123,15,8.510251e-02,57.00000,30.00000,702
123,16,8.492231e-02,53.00000,30.00000,799
123,17,9.029750e-02,55.00000,30.00000,757
123,18,9.547649e-02,36.00000,36.00000,584
123,19,8.714740e-02,49.00000,30.00000,757
123,20,8.899577e-02,54.00000,30.00000,4001
123,21,9.492683e-02,35.00000,36.00000,3051
123,22,8.973643e-02,47.00000,35.00000,696
123,23,9.091915e-02,54.00000,30.00000,654
123,24,9.214240e-02,31.00000,36.00000,682
123,25,8.960593e-02,41.00000,36.00000,615
123,26,8.750301e-02,46.00000,35.00000,745
123,27,9.276395e-02,53.00000,30.00000,659
123,28,9.075534e-02,35.00000,40.00000,727
123,29,9.180578e-02,43.00000,36.00000,713
123,30,8.943123e-02,53.00000,30.00000,8483
123,31,8.944209e-02,43.00000,35.00000,1299
123,32,9.290230e-02,25.00000,36.00000,641
123,33,9.418189e-02,40.00000,35.00000,607
123,34,9.077541e-02,45.00000,35.00000,639
123,35,9.187941e-02,42.00000,35.00000,661
123,36,9.104337e-02,47.00000,35.00000,659
123,37,8.958884e-02,41.00000,35.00000,634
123,38,9.407683e-02,31.00000,36.00000,651
123,39,8.858879e-02,37.00000,36.00000,661
123,40,9.175462e-02,38.00000,40.00000,9575
123,41,9.290537e-02,36.00000,35.00000,2491
123,42,8.871305e-02,47.00000,35.00000,610
123,43,8.875722e-02,43.00000,35.00000,660
123,44,8.901593e-02,49.00000,30.00000,614
123,45,9.298937e-02,39.00000,35.00000,598
123,46,9.007647e-02,37.00000,35.00000,713
123,47,8.820885e-02,46.00000,35.00000,776
123,48,9.207146e-02,43.00000,35.00000,651
123,49,8.907590e-02,58.00000,30.00000,699
123,50,8.712853e-02,42.00000,35.00000,8574
123,51,8.425136e-02,56.00000,30.00000,2043
123,52,9.408449e-02,49.00000,30.00000,587
123,53,8.736388e-02,49.00000,30.00000,650
123,54,8.818042e-02,46.00000,35.00000,603
123,55,8.755267e-02,49.00000,30.00000,640
123,56,9.334742e-02,31.00000,36.00000,599
123,57,9.393511e-02,25.00000,36.00000,586
123,58,9.085721e-02,40.00000,35.00000,605
123,59,9.295744e-02,49.00000,30.00000,589
123,60,9.231170e-02,35.00000,36.00000,818
123,61,8.843976e-02,49.00000,30.00000,613
123,62,9.004836e-02,37.00000,36.00000,613
123,63,8.995841e-02,49.00000,30.00000,591
123,64,8.940253e-02,49.00000,30.00000,609
123,65,9.080274e-02,55.00000,30.00000,621
123,66,8.927567e-02,44.00000,35.00000,610
123,67,8.680541e-02,46.00000,35.00000,624
123,68,8.749636e-02,55.00000,30.00000,626
123,69,8.691174e-02,49.00000,35.00000,612
123,70,8.720732e-02,49.00000,30.00000,602
123,71,8.585786e-02,43.00000,35.00000,634
124,0,8.673096e-02,49.00000,30.00000,13064
124,1,9.323383e-02,37.00000,40.00000,723
124,2,8.939219e-02,42.00000,36.00000,676
124,3,9.208369e-02,35.00000,36.00000,719
124,4,8.919750e-02,48.00000,35.00000,735
124,5,8.941650e-02,52.00000,30.00000,692
124,6,8.886746e-02,35.00000,36.00000,690
124,7,8.863010e-02,57.00000,30.00000,716
124,8,9.024112e-02,41.00000,35.00000,685
124,9,9.223601e-02,45.00000,35.00000,633
124,10,9.103557e-02,34.00000,36.00000,9754
124,11,8.618709e-02,57.00000,30.00000,712
124,12,9.028741e-02,49.00000,30.00000,638
124,13,8.960248e-02,40.00000,35.00000,790
124,14,9.079622e-02,43.00000,35.00000,687
124,15,8.994648e-02,52.00000,30.00000,594
124,16,8.961135e-02,43.00000,35.00000,718
124,17,9.184961e-02,25.00000,36.00000,596
124,18,8.894534e-02,43.00000,35.00000,698
124,19,8.573492e-02,54.00000,30.00000,758
124,20,8.840884e-02,49.00000,30.00000,10843
124,21,8.884716e-02,41.00000,35.00000,709
124,22,8.849868e-02,55.00000,30.00000,631
124,23,8.968184e-02,43.00000,35.00000,678
124,24,9.002081e-02,53.00000,30.00000,754
124,25,8.720113e-02,43.00000,35.00000,766
124,26,8.933567e-02,44.00000,35.00000,725
124,27,9.113066e-02,53.00000,30.00000,707
124,28,8.658060e-02,37.00000,35.00000,699
124,29,8.487932e-02,54.00000,30.00000,748
124,30,8.945023e-02,36.00000,36.00000,5840
124,31,9.508496e-02,40.00000,35.00000,701
124,32,8.813749e-02,42.00000,35.00000,739
124,33,9.233600e-02,45.00000,35.00000,584
124,34,9.033444e-02,49.00000,30.00000,662
124,35,9.369512e-02,30.00000,36.00000,724
124,36,9.062837e-02,54.00000,30.00000,635
124,37,9.102844e-02,36.00000,40.00000,773
124,38,8.817424e-02,49.00000,30.00000,667
124,39,9.245213e-02,37.00000,36.00000,652
124,40,9.237666e-02,35.00000,36.00000,6753
124,41,9.035147e-02,54.00000,30.00000,629
124,42,8.851682e-02,43.00000,35.00000,875
124,43,9.021883e-02,37.00000,36.00000,656
124,44,8.922005e-02,54.00000,30.00000,652
124,45,8.756424e-02,44.00000,35.00000,686
124,46,9.015326e-02,47.00000,35.00000,638
124,47,9.537889e-02,42.00000,35.00000,605
124,48,8.990779e-02,42.00000,35.00000,702
124,49,9.076238e-02,40.00000,35.00000,717
124,50,9.038813e-02,53.00000,30.00000,3523
124,51,9.022403e-02,49.00000,36.00000,628
124,52,9.200841e-02,59.00000,30.00000,757
124,53,9.295980e-02,30.00000,36.00000,678
124,54,9.209631e-02,50.00000,35.00000,660
124,55,8.897236e-02,41.00000,36.00000,723
124,56,9.004915e-02,37.00000,40.00000,2833
124,57,9.196053e-02,42.00000,36.00000,701
124,58,9.093845e-02,47.00000,35.00000,606
124,59,9.116362e-02,44.00000,35.00000,708
124,60,8.848785e-02,43.00000,35.00000,2643
124,61,9.198578e-02,38.00000,35.00000,697
124,62,9.061792e-02,43.00000,35.00000,629
124,63,9.271139e-02,36.00000,36.00000,598
124,64,9.170458e-02,47.00000,35.00000,594
124,65,8.951154e-02,49.00000,35.00000,622
124,66,9.245721e-02,49.00000,30.00000,589
124,67,8.899508e-02,42.00000,36.00000,602
124,68,8.936310e-02,52.00000,30.00000,597
124,69,9.126416e-02,41.00000,35.00000,574
124,70,9.512049e-02,25.00000,36.00000,595
124,71,9.040112e-02,47.00000,36.00000,596
125,0,8.737423e-02,46.00000,35.00000,2378
125,1,9.072078e-02,53.00000,30.00000,648
125,2,8.897387e-02,54.00000,30.00000,760
125,3,8.598163e-02,54.00000,30.00000,1298
125,4,9.153084e-02,33.00000,40.00000,716
125,5,8.837826e-02,46.00000,35.00000,723
125,6,9.130803e-02,36.00000,36.00000,703
125,7,9.090428e-02,40.00000,35.00000,696
125,8,9.177127e-02,34.00000,40.00000,689
125,9,8.761211e-02,54.00000,30.00000,775
125,10,8.594866e-02,51.00000,30.00000,4826
125,11,9.055315e-02,49.00000,30.00000,716
125,12,8.968768e-02,46.00000,35.00000,617
125,13,9.104305e-02,44.00000,35.00000,804
125,14,9.161311e-02,43.00000,35.00000,676
125,15,8.649464e-02,49.00000,35.00000,860
125,16,9.339667e-02,43.00000,35.00000,1654
125,17,8.943004e-02,51.00000,35.00000,756
125,18,9.061967e-02,41.00000,36.00000,699
125,19,9.029441e-02,45.00000,35.00000,809
125,20,9.213678e-02,38.00000,40.00000,3857
125,21,9.001195e-02,47.00000,35.00000,644
125,22,8.748223e-02,53.00000,30.00000,643
125,23,9.064506e-02,53.00000,30.00000,701
125,24,8.720970e-02,58.00000,30.00000,723
125,25,8.969565e-02,51.00000,30.00000,602
125,26,8.670301e-02,49.00000,30.00000,788
125,27,8.792664e-02,36.00000,36.00000,661
125,28,9.085744e-02,51.00000,30.00000,687
125,29,8.833922e-02,57.00000,30.00000,699
125,30,9.071378e-02,49.00000,30.00000,674
125,31,8.909119e-02,42.00000,35.00000,720
125,32,9.171118e-02,25.00000,36.00000,723
125,33,8.903091e-02,41.00000,35.00000,625
125,34,9.102006e-02,40.00000,35.00000,1653
125,35,8.839950e-02,57.00000,30.00000,657
125,36,8.768602e-02,54.00000,30.00000,2166
125,37,9.245606e-02,36.00000,36.00000,626
125,38,8.791029e-02,45.00000,35.00000,630
125,39,8.816475e-02,45.00000,35.00000,677
125,40,9.251604e-02,37.00000,36.00000,686
125,41,8.943720e-02,39.00000,40.00000,586
125,42,9.016098e-02,57.00000,30.00000,1540
125,43,8.950546e-02,41.00000,35.00000,645
125,44,8.943687e-02,48.00000,35.00000,712
125,45,9.058952e-02,53.00000,30.00000,678
125,46,8.921963e-02,40.00000,35.00000,3411
125,47,9.127507e-02,40.00000,36.00000,655
125,48,9.193107e-02,54.00000,30.00000,650
125,49,8.836930e-02,48.00000,35.00000,672
125,50,9.143048e-02,37.00000,36.00000,635
125,51,9.210771e-02,36.00000,36.00000,704
125,52,8.758158e-02,56.00000,30.00000,1508
125,53,9.094124e-02,45.00000,35.00000,666
125,54,9.465010e-02,39.00000,36.00000,570
125,55,8.839355e-02,47.00000,35.00000,711
125,56,9.248175e-02,59.00000,30.00000,1027
125,57,9.023705e-02,54.00000,30.00000,611
125,58,8.901847e-02,40.00000,40.00000,638
125,59,9.171394e-02,25.00000,36.00000,579
125,60,8.927030e-02,49.00000,30.00000,609
125,61,9.462563e-02,35.00000,36.00000,591
125,62,9.008972e-02,45.00000,35.00000,598
125,63,9.470835e-02,30.00000,36.00000,587
125,64,8.676017e-02,49.00000,30.00000,636
125,65,9.072345e-02,45.00000,35.00000,628
125,66,9.012689e-02,52.00000,30.00000,597
125,67,8.992271e-02,46.00000,35.00000,614
125,68,9.268088e-02,42.00000,35.00000,635
125,69,9.230427e-02,25.00000,36.00000,619
125,70,9.164751e-02,47.00000,35.00000,584
125,71,9.175579e-02,53.00000,30.00000,612
126,0,9.279791e-02,43.00000,35.00000,8819
126,1,9.113535e-02,37.00000,36.00000,1863
126,2,9.105974e-02,42.00000,35.00000,625
126,3,8.647291e-02,59.00000,30.00000,744
126,4,8.811926e-02,53.00000,30.00000,822
126,5,8.671822e-02,47.00000,35.00000,710
126,6,8.903408e-02,37.00000,35.00000,673
126,7,8.762597e-02,49.00000,30.00000,669
126,8,9.142740e-02,36.00000,36.00000,607
126,9,9.214322e-02,52.00000,30.00000,673
126,10,8.681957e-02,49.00000,30.00000,4045
126,11,8.723348e-02,49.00000,30.00000,10828
126,12,8.645172e-02,53.00000,30.00000,671
126,13,8.929306e-02,39.00000,40.00000,743
126,14,8.896959e-02,49.00000,30.00000,663
126,15,8.717131e-02,55.00000,30.00000,629
126,16,8.825898e-02,47.00000,35.00000,717
126,17,8.860760e-02,49.00000,30.00000,663
126,18,8.840641e-02,49.00000,35.00000,684
126,19,8.832935e-02,48.00000,35.00000,700
126,20,8.801886e-02,49.00000,30.00000,664
126,21,8.685867e-02,56.00000,30.00000,9451
126,22,9.021991e-02,45.00000,35.00000,2940
126,23,8.911771e-02,45.00000,35.00000,795
126,24,8.903508e-02,49.00000,35.00000,594
126,25,8.712261e-02,52.00000,30.00000,657
126,26,9.237369e-02,45.00000,35.00000,687
126,27,8.875592e-02,41.00000,35.00000,644
126,28,8.863267e-02,43.00000,35.00000,708
126,29,9.069314e-02,40.00000,35.00000,653
126,30,8.817328e-02,46.00000,35.00000,651
126,31,9.672993e-02,36.00000,36.00000,7578
126,32,9.123304e-02,46.00000,35.00000,6545
126,33,8.951043e-02,57.00000,30.00000,628
126,34,8.877742e-02,43.00000,35.00000,661
126,35,9.386171e-02,46.00000,35.00000,659
126,36,9.731555e-02,39.00000,40.00000,601
126,37,9.296597e-02,47.00000,35.00000,712
126,38,9.640994e-02,49.00000,30.00000,634
126,39,9.310728e-02,42.00000,35.00000,636
126,40,9.701484e-02,31.00000,36.00000,712
126,41,9.211579e-02,49.00000,35.00000,646
126,42,9.699419e-02,49.00000,30.00000,8710
126,43,9.316135e-02,54.00000,30.00000,662
126,44,9.339742e-02,49.00000,30.00000,665
126,45,9.211889e-02,54.00000,30.00000,672
126,46,9.217423e-02,57.00000,30.00000,689
126,47,9.030672e-02,37.00000,36.00000,693
126,48,9.206716e-02,42.00000,35.00000,699
126,49,9.008418e-02,57.00000,30.00000,663
126,50,9.477221e-02,38.00000,40.00000,632
126,51,9.518472e-02,40.00000,35.00000,605
126,52,9.248579e-02,40.00000,36.00000,11189
126,53,9.070508e-02,49.00000,30.00000,625
126,54,9.160966e-02,42.00000,35.00000,621
126,55,9.454831e-02,31.00000,36.00000,621
126,56,9.515925e-02,38.00000,36.00000,607
126,57,9.122191e-02,35.00000,36.00000,629
126,58,9.352072e-02,49.00000,35.00000,595
126,59,8.892521e-02,59.00000,30.00000,639
126,60,9.603830e-02,37.00000,36.00000,791
126,61,9.096228e-02,54.00000,30.00000,640
126,62,9.190306e-02,57.00000,30.00000,2100
126,63,9.226948e-02,59.00000,30.00000,639
126,64,8.807876e-02,56.00000,30.00000,623
126,65,9.131412e-02,53.00000,30.00000,625
126,66,9.067816e-02,55.00000,30.00000,621
126,67,8.760607e-02,45.00000,35.00000,633
126,68,9.595694e-02,45.00000,35.00000,570
126,69,8.907683e-02,55.00000,30.00000,621
126,70,9.003612e-02,37.00000,36.00000,624
126,71,8.769981e-02,54.00000,30.00000,631
127,0,9.072913e-02,49.00000,30.00000,9041
127,1,8.935206e-02,51.00000,30.00000,755
127,2,8.788389e-02,46.00000,35.00000,703
127,3,9.207942e-02,37.00000,36.00000,813
127,4,8.912589e-02,49.00000,30.00000,683
127,5,9.033244e-02,43.00000,36.00000,613
127,6,8.839349e-02,56.00000,30.00000,710
127,7,9.212051e-02,45.00000,35.00000,711
127,8,8.820149e-02,55.00000,30.00000,635
127,9,8.971898e-02,53.00000,30.00000,629
127,10,8.983187e-02,49.00000,30.00000,11856
127,11,8.949955e-02,45.00000,35.00000,657
127,12,8.998462e-02,49.00000,30.00000,598
127,13,8.874953e-02,45.00000,35.00000,623
127,14,8.831683e-02,56.00000,30.00000,724
127,15,8.947220e-02,49.00000,30.00000,666
127,16,8.777662e-02,49.00000,30.00000,596
127,17,8.930307e-02,37.00000,35.00000,682
127,18,9.015298e-02,53.00000,30.00000,802
127,19,8.678985e-02,57.00000,30.00000,653
127,20,8.671872e-02,53.00000,30.00000,12227
127,21,8.749669e-02,49.00000,30.00000,658
127,22,9.195405e-02,53.00000,30.00000,624
127,23,9.009234e-02,48.00000,35.00000,677
127,24,8.720562e-02,49.00000,30.00000,636
127,25,9.033728e-02,42.00000,35.00000,673
127,26,8.997636e-02,43.00000,36.00000,660
127,27,8.824316e-02,49.00000,30.00000,747
127,28,8.523007e-02,52.00000,30.00000,615
127,29,8.919680e-02,49.00000,30.00000,718
127,30,8.994410e-02,57.00000,30.00000,10068
127,31,8.738764e-02,55.00000,30.00000,621
127,32,8.927652e-02,52.00000,30.00000,659
127,33,9.129936e-02,40.00000,36.00000,738
127,34,9.207560e-02,43.00000,36.00000,656
127,35,9.065501e-02,46.00000,35.00000,654
127,36,9.223981e-02,35.00000,36.00000,778
127,37,9.273782e-02,43.00000,35.00000,630
127,38,8.915934e-02,55.00000,30.00000,755
127,39,8.835787e-02,53.00000,30.00000,661
127,40,8.903424e-02,53.00000,30.00000,11545
127,41,9.298612e-02,32.00000,36.00000,666
127,42,9.117299e-02,43.00000,35.00000,653
127,43,9.061613e-02,49.00000,30.00000,732
127,44,8.896776e-02,49.00000,30.00000,628
127,45,8.621591e-02,52.00000,30.00000,657
127,46,8.864841e-02,50.00000,30.00000,740
127,47,8.803934e-02,49.00000,35.00000,651
127,48,8.846089e-02,55.00000,30.00000,685
127,49,9.582846e-02,31.00000,36.00000,725
127,50,9.570821e-02,25.00000,36.00000,9567
127,51,9.372160e-02,40.00000,35.00000,719
127,52,9.003975e-02,38.00000,35.00000,598
127,53,9.180226e-02,48.00000,35.00000,675
127,54,9.537360e-02,25.00000,36.00000,605
127,55,9.100906e-02,38.00000,35.00000,608
127,56,8.966170e-02,55.00000,30.00000,667
127,57,9.289739e-02,42.00000,35.00000,569
127,58,9.145100e-02,53.00000,30.00000,608
127,59,8.762100e-02,49.00000,35.00000,614
127,60,8.943275e-02,54.00000,30.00000,2542
127,61,9.043600e-02,57.00000,30.00000,629
127,62,9.164196e-02,51.00000,30.00000,627
127,63,9.079109e-02,40.00000,36.00000,625
127,64,8.931287e-02,49.00000,30.00000,596
127,65,9.087219e-02,36.00000,36.00000,621
127,66,9.266870e-02,36.00000,40.00000,612
127,67,8.827746e-02,51.00000,30.00000,629
127,68,9.243942e-02,40.00000,35.00000,619
127,69,8.944928e-02,43.00000,35.00000,628
127,70,8.884826e-02,53.00000,30.00000,608
127,71,8.817366e-02,52.00000,30.00000,633
128,0,8.545904e-02,49.00000,30.00000,7904
128,1,9.107527e-02,54.00000,30.00000,710
128,2,9.041252e-02,37.00000,36.00000,1728
128,3,9.134968e-02,40.00000,35.00000,669
128,4,9.276620e-02,40.00000,35.00000,701
128,5,8.705457e-02,58.00000,30.00000,657
128,6,9.032824e-02,41.00000,36.00000,658
128,7,9.272756e-02,49.00000,30.00000,828
128,8,9.055269e-02,42.00000,35.00000,689
128,9,9.506093e-02,31.00000,36.00000,605
128,10,8.997084e-02,48.00000,35.00000,5087
128,11,9.341404e-02,31.00000,36.00000,4658
128,12,9.017130e-02,53.00000,30.00000,2549
128,13,9.045158e-02,53.00000,30.00000,684
128,14,1.004617e-01,31.00000,36.00000,591
128,15,9.387304e-02,49.00000,35.00000,654
128,16,8.972479e-02,43.00000,36.00000,694
128,17,9.258070e-02,37.00000,36.00000,639
128,18,9.303875e-02,37.00000,36.00000,740
128,19,9.385178e-02,49.00000,30.00000,673
128,20,9.058532e-02,55.00000,30.00000,3531
128,21,9.020069e-02,53.00000,30.00000,8866
128,22,8.886455e-02,45.00000,35.00000,2687
128,23,8.740930e-02,53.00000,30.00000,656
128,24,8.783927e-02,56.00000,30.00000,663
128,25,8.707438e-02,53.00000,30.00000,660
128,26,8.996081e-02,40.00000,36.00000,681
128,27,8.858055e-02,54.00000,30.00000,651
128,28,8.748809e-02,56.00000,30.00000,679
128,29,8.750437e-02,45.00000,35.00000,677
128,30,9.075452e-02,53.00000,30.00000,1876
128,31,9.177845e-02,34.00000,36.00000,8140
128,32,8.766208e-02,54.00000,30.00000,2521
128,33,8.678603e-02,48.00000,35.00000,712
128,34,8.909059e-02,48.00000,35.00000,610
128,35,9.042849e-02,47.00000,36.00000,734
128,36,8.953947e-02,44.00000,35.00000,697
128,37,9.359722e-02,42.00000,35.00000,704
128,38,9.141283e-02,49.00000,30.00000,657
128,39,8.800136e-02,51.00000,30.00000,706
128,40,8.996687e-02,46.00000,35.00000,757
128,41,9.105005e-02,42.00000,35.00000,8199
128,42,8.833747e-02,45.00000,35.00000,5210
128,43,9.097530e-02,39.00000,40.00000,642
128,44,9.164152e-02,48.00000,35.00000,684
128,45,9.185366e-02,42.00000,35.00000,706
128,46,9.451240e-02,49.00000,30.00000,588
128,47,9.392948e-02,36.00000,40.00000,752
128,48,9.202378e-02,41.00000,35.00000,615
128,49,9.104282e-02,43.00000,36.00000,675
128,50,9.034965e-02,49.00000,30.00000,712
128,51,8.846404e-02,59.00000,30.00000,7944
128,52,9.407669e-02,36.00000,36.00000,802
128,53,9.020551e-02,48.00000,36.00000,681
128,54,9.481331e-02,53.00000,30.00000,621
128,55,9.224258e-02,40.00000,35.00000,638
128,56,9.285553e-02,53.00000,30.00000,661
128,57,9.083974e-02,39.00000,36.00000,585
128,58,9.266843e-02,45.00000,35.00000,587
128,59,9.059701e-02,40.00000,36.00000,611
128,60,8.786049e-02,48.00000,35.00000,632
128,61,9.162755e-02,44.00000,35.00000,2268
128,62,9.016417e-02,54.00000,30.00000,607
128,63,8.796266e-02,54.00000,30.00000,618
128,64,8.714763e-02,54.00000,30.00000,617
128,65,8.839075e-02,49.00000,30.00000,621
128,66,8.812225e-02,49.00000,30.00000,617
128,67,9.062630e-02,54.00000,30.00000,606
128,68,8.999319e-02,41.00000,36.00000,614
128,69,9.390531e-02,44.00000,35.00000,612
128,70,9.336679e-02,30.00000,36.00000,597
128,71,9.414028e-02,45.00000,35.00000,579
129,0,9.206036e-02,41.00000,36.00000,14801
129,1,8.760964e-02,49.00000,30.00000,637
129,2,9.280105e-02,44.00000,35.00000,745
129,3,9.064302e-02,52.00000,30.00000,645
129,4,9.570799e-02,31.00000,36.00000,610
129,5,9.077223e-02,52.00000,30.00000,637
129,6,9.272312e-02,34.00000,40.00000,597
129,7,9.131682e-02,45.00000,35.00000,685
129,8,9.325393e-02,43.00000,35.00000,616
129,9,9.022079e-02,38.00000,40.00000,685
129,10,9.230565e-02,37.00000,36.00000,13062
129,11,9.392206e-02,49.00000,30.00000,598
129,12,8.717535e-02,55.00000,30.00000,617
129,13,8.915113e-02,52.00000,30.00000,611
129,14,9.195203e-02,31.00000,36.00000,644
129,15,8.836411e-02,53.00000,30.00000,654
129,16,8.774041e-02,52.00000,30.00000,624
129,17,9.015293e-02,49.00000,30.00000,684
129,18,8.795656e-02,58.00000,30.00000,664
129,19,8.996551e-02,25.00000,36.00000,738
129,20,9.140997e-02,50.00000,30.00000,12158
129,21,9.002824e-02,42.00000,35.00000,630
129,22,9.303872e-02,37.00000,40.00000,591
129,23,9.107735e-02,42.00000,35.00000,582
129,24,9.204002e-02,56.00000,30.00000,670
129,25,8.970593e-02,53.00000,30.00000,706
129,26,9.249585e-02,46.00000,35.00000,615
129,27,9.271687e-02,30.00000,36.00000,693
129,28,8.971779e-02,48.00000,35.00000,668
129,29,9.302477e-02,45.00000,35.00000,595
129,30,8.981440e-02,51.00000,30.00000,10988
129,31,9.058129e-02,56.00000,30.00000,627
129,32,8.866560e-02,43.00000,35.00000,653
129,33,9.148861e-02,37.00000,35.00000,660
129,34,8.769751e-02,49.00000,30.00000,636
129,35,8.971369e-02,57.00000,30.00000,671
129,36,9.356416e-02,46.00000,35.00000,658
129,37,8.913683e-02,45.00000,35.00000,690
129,38,9.309586e-02,38.00000,35.00000,640
129,39,9.017467e-02,45.00000,35.00000,709
129,40,9.212989e-02,33.00000,40.00000,9179
129,41,9.043001e-02,41.00000,36.00000,643
129,42,9.117105e-02,41.00000,35.00000,685
129,43,9.116320e-02,44.00000,35.00000,710
129,44,9.083612e-02,51.00000,30.00000,647
129,45,8.796635e-02,58.00000,30.00000,671
129,46,9.120268e-02,42.00000,35.00000,751
129,47,8.816721e-02,46.00000,35.00000,689
129,48,9.331290e-02,45.00000,35.00000,639
129,49,8.718312e-02,57.00000,30.00000,690
129,50,8.786447e-02,53.00000,30.00000,11044
129,51,8.651314e-02,57.00000,30.00000,688
129,52,9.155923e-02,43.00000,35.00000,608
129,53,9.288014e-02,37.00000,35.00000,603
129,54,9.050836e-02,49.00000,30.00000,624
129,55,9.283883e-02,30.00000,36.00000,597
129,56,8.910114e-02,56.00000,30.00000,613
129,57,8.989282e-02,37.00000,36.00000,607
129,58,8.963640e-02,41.00000,35.00000,645
129,59,9.321946e-02,49.00000,30.00000,587
129,60,9.092009e-02,43.00000,35.00000,605
129,61,8.901399e-02,45.00000,35.00000,599
129,62,9.281984e-02,37.00000,35.00000,598
129,63,8.995637e-02,44.00000,36.00000,603
129,64,9.024753e-02,49.00000,30.00000,594
129,65,9.298114e-02,43.00000,36.00000,589
129,66,8.882727e-02,48.00000,35.00000,641
129,67,9.208869e-02,48.00000,35.00000,596
129,68,8.881713e-02,54.00000,30.00000,619
129,69,9.310386e-02,49.00000,30.00000,591
129,70,9.273681e-02,49.00000,30.00000,591
129,71,9.170785e-02,42.00000,35.00000,604
130,0,9.210552e-02,53.00000,30.00000,760
130,1,9.387992e-02,41.00000,35.00000,635
130,2,9.227006e-02,55.00000,30.00000,691
130,3,9.062078e-02,43.00000,36.00000,607
130,4,8.995847e-02,48.00000,35.00000,701
130,5,9.127429e-02,47.00000,35.00000,664
130,6,9.272046e-02,43.00000,35.00000,664
130,7,8.874346e-02,47.00000,35.00000,666
130,8,9.185824e-02,52.00000,30.00000,612
130,9,9.148972e-02,43.00000,36.00000,681
130,10,8.686695e-02,53.00000,30.00000,648
130,11,9.087823e-02,53.00000,30.00000,709
130,12,8.812726e-02,52.00000,30.00000,640
130,13,8.870260e-02,46.00000,35.00000,652
130,14,8.725329e-02,49.00000,30.00000,773
130,15,8.879289e-02,49.00000,35.00000,737
130,16,9.090172e-02,38.00000,35.00000,693
130,17,8.802229e-02,54.00000,30.00000,706
130,18,8.621449e-02,54.00000,30.00000,642
130,19,8.912588e-02,57.00000,30.00000,699
130,20,8.791196e-02,40.00000,35.00000,660
130,21,8.936553e-02,45.00000,35.00000,618
130,22,9.160395e-02,41.00000,35.00000,645
130,23,9.335089e-02,30.00000,36.00000,618
130,24,9.701808e-02,42.00000,35.00000,624
130,25,9.243257e-02,45.00000,35.00000,640
130,26,9.057802e-02,40.00000,36.00000,633
130,27,8.930908e-02,54.00000,30.00000,657
130,28,9.152087e-02,54.00000,30.00000,772
130,29,9.781709e-02,40.00000,35.00000,694
130,30,8.619633e-02,49.00000,30.00000,667
130,31,8.951187e-02,49.00000,30.00000,676
130,32,9.327126e-02,31.00000,36.00000,609
130,33,9.445006e-02,36.00000,36.00000,599
130,34,9.021459e-02,44.00000,35.00000,650
130,35,9.127580e-02,40.00000,36.00000,644
130,36,8.979158e-02,55.00000,30.00000,668
130,37,9.229907e-02,54.00000,30.00000,723
130,38,9.258956e-02,54.00000,30.00000,696
130,39,9.037560e-02,54.00000,30.00000,658
130,40,9.339706e-02,30.00000,36.00000,1543
130,41,8.874172e-02,54.00000,30.00000,675
130,42,9.109347e-02,34.00000,40.00000,734
130,43,9.061022e-02,49.00000,30.00000,616
130,44,9.184099e-02,46.00000,35.00000,624
130,45,9.252533e-02,56.00000,30.00000,690
130,46,9.268722e-02,37.00000,36.00000,659
130,47,9.521640e-02,47.00000,35.00000,662
130,48,9.315902e-02,25.00000,36.00000,686
130,49,9.294660e-02,35.00000,36.00000,653
130,50,8.892384e-02,53.00000,30.00000,2024
130,51,8.954212e-02,54.00000,30.00000,654
130,52,9.049370e-02,43.00000,35.00000,631
130,53,9.788544e-02,31.00000,36.00000,601
130,54,9.319104e-02,31.00000,36.00000,730
130,55,8.822255e-02,55.00000,30.00000,618
130,56,8.943604e-02,49.00000,30.00000,608
130,57,8.917751e-02,46.00000,35.00000,621
130,58,9.237626e-02,58.00000,30.00000,676
130,59,9.114535e-02,36.00000,40.00000,595
130,60,8.890750e-02,49.00000,35.00000,1672
130,61,8.936667e-02,45.00000,35.00000,602
130,62,8.990128e-02,49.00000,30.00000,595
130,63,9.328359e-02,49.00000,30.00000,597
130,64,9.062938e-02,47.00000,35.00000,594
130,65,9.108550e-02,49.00000,30.00000,609
130,66,9.404935e-02,45.00000,35.00000,579
130,67,9.302808e-02,45.00000,35.00000,574
130,68,9.209406e-02,45.00000,35.00000,602
130,69,9.170193e-02,45.00000,36.00000,598
130,70,9.057824e-02,50.00000,35.00000,614
130,71,9.513246e-02,35.00000,36.00000,578
131,0,9.718813e-02,37.00000,36.00000,3377
131,1,9.154786e-02,39.00000,36.00000,966
131,2,9.331931e-02,44.00000,35.00000,628
131,3,8.764549e-02,49.00000,30.00000,729
131,4,9.475976e-02,36.00000,40.00000,680
131,5,9.527151e-02,31.00000,36.00000,621
131,6,9.650131e-02,30.00000,36.00000,677
131,7,8.836748e-02,49.00000,30.00000,647
131,8,9.053666e-02,53.00000,30.00000,710
131,9,9.259921e-02,45.00000,36.00000,668
131,10,8.868825e-02,58.00000,30.00000,669
131,11,9.274720e-02,48.00000,35.00000,3146
131,12,9.014517e-02,47.00000,35.00000,1333
131,13,9.189133e-02,25.00000,36.00000,3104
131,14,9.530579e-02,41.00000,36.00000,618
131,15,9.771362e-02,38.00000,35.00000,606
131,16,9.095234e-02,49.00000,30.00000,635
131,17,8.939747e-02,45.00000,35.00000,662
131,18,8.907458e-02,45.00000,35.00000,721
131,19,9.127670e-02,45.00000,35.00000,650
131,20,8.750793e-02,52.00000,30.00000,758
131,21,9.009646e-02,45.00000,35.00000,4436
131,22,9.011338e-02,49.00000,30.00000,3432
131,23,9.126793e-02,37.00000,36.00000,3653
131,24,8.924787e-02,49.00000,30.00000,597
131,25,8.981322e-02,43.00000,35.00000,690
131,26,8.888394e-02,59.00000,30.00000,681
131,27,9.107685e-02,49.00000,30.00000,669
131,28,8.707812e-02,49.00000,30.00000,670
131,29,8.887882e-02,54.00000,30.00000,659
131,30,8.985510e-02,49.00000,30.00000,624
131,31,8.988975e-02,44.00000,35.00000,4184
131,32,9.121413e-02,47.00000,35.00000,3399
131,33,8.741672e-02,59.00000,30.00000,729
131,34,9.095854e-02,49.00000,30.00000,641
131,35,9.238581e-02,36.00000,36.00000,2044
131,36,8.959088e-02,49.00000,30.00000,659
131,37,9.474817e-02,39.00000,35.00000,631
131,38,9.535694e-02,30.00000,36.00000,609
131,39,9.365156e-02,55.00000,30.00000,635
131,40,9.112459e-02,44.00000,35.00000,667
131,41,9.602425e-02,37.00000,36.00000,3775
131,42,8.987473e-02,43.00000,36.00000,3409
131,43,9.266334e-02,47.00000,35.00000,627
131,44,9.601602e-02,45.00000,35.00000,689
131,45,9.552997e-02,41.00000,36.00000,3111
131,46,9.314572e-02,49.00000,30.00000,668
131,47,9.055603e-02,40.00000,35.00000,780
131,48,9.069368e-02,39.00000,35.00000,634
131,49,8.886336e-02,45.00000,35.00000,660
131,50,9.243239e-02,36.00000,36.00000,685
131,51,9.133027e-02,42.00000,36.00000,649
131,52,9.025231e-02,49.00000,30.00000,5042
131,53,9.137896e-02,49.00000,30.00000,642
131,54,9.492610e-02,42.00000,35.00000,698
131,55,9.085562e-02,53.00000,30.00000,2031
131,56,9.049909e-02,55.00000,30.00000,662
131,57,9.230207e-02,44.00000,35.00000,600
131,58,8.988191e-02,54.00000,30.00000,642
131,59,8.873755e-02,53.00000,30.00000,616
131,60,9.090630e-02,47.00000,35.00000,602
131,61,8.836450e-02,55.00000,30.00000,624
131,62,8.953494e-02,53.00000,30.00000,632
131,63,8.952452e-02,47.00000,35.00000,613
131,64,9.398330e-02,42.00000,35.00000,646
131,65,9.272809e-02,36.00000,36.00000,596
131,66,8.687446e-02,55.00000,30.00000,626
131,67,8.933292e-02,49.00000,30.00000,613
131,68,8.831042e-02,52.00000,30.00000,613
131,69,9.043081e-02,45.00000,35.00000,612
131,70,8.915377e-02,53.00000,30.00000,609
131,71,9.026726e-02,45.00000,35.00000,601
132,0,9.174055e-02,48.00000,35.00000,13902
132,1,8.941733e-02,45.00000,35.00000,685
132,2,9.534664e-02,48.00000,36.00000,619
132,3,9.316998e-02,35.00000,36.00000,650
132,4,9.039307e-02,55.00000,30.00000,653
132,5,9.152994e-02,36.00000,36.00000,694
132,6,8.974984e-02,55.00000,30.00000,644
132,7,9.658135e-02,46.00000,35.00000,764
132,8,9.282154e-02,39.00000,40.00000,644
132,9,9.271670e-02,45.00000,35.00000,700
132,10,8.734386e-02,49.00000,30.00000,7382
132,11,8.935399e-02,36.00000,35.00000,642
132,12,9.251085e-02,44.00000,35.00000,680
132,13,8.955953e-02,47.00000,35.00000,727
132,14,9.400181e-02,37.00000,36.00000,677
132,15,9.137391e-02,54.00000,30.00000,964
132,16,8.824971e-02,48.00000,35.00000,684
132,17,8.830006e-02,54.00000,30.00000,817
132,18,9.061879e-02,49.00000,30.00000,663
132,19,9.444796e-02,49.00000,30.00000,626
132,20,9.432840e-02,40.00000,36.00000,5094
132,21,8.724838e-02,53.00000,30.00000,2199
132,22,9.340078e-02,52.00000,30.00000,3946
132,23,8.927365e-02,54.00000,30.00000,705
132,24,8.990866e-02,45.00000,36.00000,730
132,25,9.109429e-02,45.00000,35.00000,1307
132,26,9.077914e-02,52.00000,30.00000,678
132,27,8.634011e-02,56.00000,30.00000,682
132,28,8.960011e-02,49.00000,36.00000,666
132,29,8.878890e-02,47.00000,35.00000,732
132,30,9.406958e-02,47.00000,36.00000,706
132,31,9.241431e-02,45.00000,35.00000,3121
132,32,9.552479e-02,38.00000,35.00000,4737
132,33,9.033351e-02,47.00000,35.00000,645
132,34,8.956265e-02,43.00000,35.00000,692
132,35,9.039330e-02,45.00000,35.00000,2252
132,36,8.802014e-02,45.00000,35.00000,661
132,37,8.953428e-02,54.00000,30.00000,644
132,38,9.227250e-02,42.00000,36.00000,749
132,39,9.535058e-02,43.00000,35.00000,635
132,40,9.283469e-02,41.00000,36.00000,3228
132,41,9.737117e-02,54.00000,30.00000,679
132,42,9.024664e-02,54.00000,30.00000,5173
132,43,9.306508e-02,39.00000,36.00000,698
132,44,8.974423e-02,52.00000,35.00000,1339
132,45,8.939496e-02,46.00000,35.00000,1395
132,46,9.230429e-02,53.00000,30.00000,624
132,47,8.975494e-02,49.00000,30.00000,719
132,48,9.224422e-02,37.00000,36.00000,711
132,49,9.071209e-02,52.00000,30.00000,621
132,50,9.125566e-02,49.00000,30.00000,3205
132,51,9.097103e-02,43.00000,35.00000,723
132,52,9.453911e-02,40.00000,36.00000,2829
132,53,9.491134e-02,39.00000,36.00000,1622
132,54,9.298428e-02,36.00000,36.00000,650
132,55,9.274741e-02,35.00000,36.00000,1866
132,56,9.731083e-02,43.00000,35.00000,584
132,57,9.413794e-02,41.00000,36.00000,596
132,58,8.693684e-02,56.00000,30.00000,616
132,59,9.460008e-02,44.00000,36.00000,603
132,60,9.453838e-02,46.00000,35.00000,620
132,61,9.466945e-02,43.00000,35.00000,592
132,62,9.328387e-02,35.00000,36.00000,624
132,63,9.665725e-02,35.00000,40.00000,584
132,64,9.661596e-02,43.00000,35.00000,563
132,65,9.282720e-02,41.00000,35.00000,609
132,66,9.366609e-02,38.00000,35.00000,625
132,67,9.341168e-02,41.00000,36.00000,595
132,68,9.259822e-02,42.00000,35.00000,594
132,69,9.200172e-02,34.00000,36.00000,626
132,70,9.199045e-02,49.00000,30.00000,631
132,71,9.017722e-02,54.00000,30.00000,616
133,0,9.462532e-02,46.00000,35.00000,8642
133,1,9.298927e-02,46.00000,36.00000,622
133,2,9.011737e-02,44.00000,35.00000,753
133,3,9.343949e-02,35.00000,36.00000,638
133,4,9.354480e-02,49.00000,30.00000,652
133,5,9.410055e-02,31.00000,36.00000,657
133,6,9.430089e-02,50.00000,35.00000,646
133,7,9.555244e-02,46.00000,35.00000,633
133,8,9.338151e-02,54.00000,30.00000,693
133,9,9.266795e-02,35.00000,36.00000,622
133,10,9.220336e-02,55.00000,30.00000,6841
133,11,9.292909e-02,35.00000,36.00000,703
133,12,9.417953e-02,49.00000,30.00000,673
133,13,8.942404e-02,40.00000,36.00000,4236
133,14,8.975019e-02,49.00000,30.00000,746
133,15,8.991975e-02,53.00000,30.00000,632
133,16,9.387552e-02,45.00000,35.00000,713
133,17,8.805186e-02,53.00000,30.00000,735
133,18,9.004045e-02,49.00000,30.00000,606
133,19,9.356766e-02,37.00000,36.00000,723
133,20,8.968601e-02,48.00000,35.00000,4898
133,21,9.427796e-02,39.00000,35.00000,726
133,22,9.303152e-02,37.00000,35.00000,700
133,23,9.519303e-02,31.00000,36.00000,7213
133,24,9.328972e-02,42.00000,36.00000,681
133,25,9.277954e-02,44.00000,35.00000,643
133,26,9.336901e-02,54.00000,30.00000,681
133,27,9.468214e-02,41.00000,36.00000,615
133,28,9.495501e-02,49.00000,30.00000,644
133,29,9.578721e-02,37.00000,35.00000,650
133,30,9.283085e-02,40.00000,35.00000,5806
133,31,9.035450e-02,44.00000,35.00000,627
133,32,9.259425e-02,45.00000,35.00000,739
133,33,9.033635e-02,55.00000,30.00000,7299
133,34,8.906121e-02,53.00000,30.00000,680
133,35,9.634307e-02,49.00000,30.00000,587
133,36,9.256878e-02,37.00000,35.00000,689
133,37,8.992422e-02,55.00000,30.00000,633
133,38,9.458899e-02,35.00000,36.00000,625
133,39,9.056799e-02,45.00000,35.00000,694
133,40,9.144154e-02,40.00000,36.00000,6201
133,41,9.648433e-02,30.00000,36.00000,647
133,42,9.334265e-02,37.00000,36.00000,660
133,43,8.990239e-02,54.00000,30.00000,5155
133,44,9.495476e-02,37.00000,40.00000,643
133,45,8.787476e-02,55.00000,30.00000,631
133,46,9.594641e-02,31.00000,36.00000,725
133,47,9.397265e-02,44.00000,35.00000,725
133,48,9.483956e-02,56.00000,30.00000,700
133,49,8.675152e-02,55.00000,30.00000,710
133,50,9.342322e-02,45.00000,35.00000,8431
133,51,9.450510e-02,51.00000,30.00000,631
133,52,9.240702e-02,38.00000,35.00000,595
133,53,8.958381e-02,54.00000,30.00000,3038
133,54,9.114128e-02,54.00000,30.00000,622
133,55,9.055474e-02,36.00000,35.00000,642
133,56,9.200867e-02,54.00000,30.00000,633
133,57,8.918596e-02,54.00000,30.00000,632
133,58,8.884598e-02,46.00000,35.00000,601
133,59,9.113794e-02,36.00000,40.00000,594
133,60,8.683215e-02,54.00000,30.00000,1327
133,61,8.990517e-02,36.00000,36.00000,643
133,62,9.032217e-02,49.00000,30.00000,607
133,63,8.930767e-02,49.00000,30.00000,621
133,64,9.006099e-02,49.00000,30.00000,615
133,65,8.733942e-02,52.00000,30.00000,626
133,66,8.734552e-02,49.00000,30.00000,629
133,67,8.884730e-02,47.00000,35.00000,614
133,68,9.264282e-02,58.00000,30.00000,623
133,69,8.864935e-02,49.00000,30.00000,614
133,70,8.916949e-02,52.00000,30.00000,613
133,71,8.807727e-02,54.00000,30.00000,621
134,0,9.409960e-02,36.00000,35.00000,6806
134,1,9.334135e-02,31.00000,36.00000,611
134,2,9.339091e-02,53.00000,30.00000,632
134,3,9.137828e-02,43.00000,35.00000,796
134,4,9.561843e-02,53.00000,30.00000,691
134,5,9.278789e-02,36.00000,36.00000,627
134,6,9.458675e-02,35.00000,36.00000,652
134,7,8.989365e-02,49.00000,35.00000,744
134,8,9.154233e-02,49.00000,30.00000,628
134,9,9.320819e-02,38.00000,35.00000,645
134,10,9.297831e-02,51.00000,35.00000,654
134,11,9.277715e-02,49.00000,30.00000,2357
134,12,9.250787e-02,35.00000,36.00000,711
134,13,9.572943e-02,43.00000,36.00000,3265
134,14,9.255333e-02,43.00000,35.00000,659
134,15,9.238005e-02,43.00000,36.00000,614
134,16,8.979553e-02,38.00000,35.00000,673
134,17,9.127243e-02,41.00000,35.00000,653
134,18,9.179852e-02,55.00000,30.00000,651
134,19,9.322210e-02,49.00000,30.00000,641
134,20,9.452654e-02,39.00000,35.00000,609
134,21,9.546870e-02,45.00000,36.00000,697
134,22,9.311391e-02,45.00000,35.00000,616
134,23,9.491779e-02,43.00000,35.00000,643
134,24,9.443145e-02,40.00000,36.00000,629
134,25,9.634396e-02,45.00000,35.00000,626
134,26,9.206255e-02,37.00000,36.00000,638
134,27,9.238312e-02,49.00000,30.00000,669
134,28,9.427196e-02,46.00000,35.00000,713
134,29,9.160371e-02,36.00000,36.00000,672
134,30,9.060185e-02,55.00000,30.00000,658
134,31,9.139204e-02,37.00000,36.00000,638
134,32,9.618824e-02,49.00000,30.00000,601
134,33,9.040751e-02,53.00000,30.00000,681
134,34,9.479412e-02,35.00000,36.00000,670
134,35,9.495174e-02,36.00000,40.00000,650
134,36,9.285837e-02,49.00000,36.00000,640
134,37,9.105353e-02,55.00000,30.00000,704
134,38,9.152317e-02,49.00000,30.00000,654
134,39,9.336453e-02,45.00000,35.00000,625
134,40,9.082840e-02,49.00000,30.00000,639
134,41,9.285216e-02,42.00000,35.00000,585
134,42,9.160160e-02,53.00000,30.00000,627
134,43,9.153848e-02,36.00000,36.00000,708
134,44,8.959639e-02,46.00000,35.00000,605
134,45,9.218965e-02,49.00000,35.00000,687
134,46,8.829289e-02,46.00000,35.00000,631
134,47,8.904938e-02,53.00000,30.00000,650
134,48,9.095456e-02,49.00000,30.00000,676
134,49,9.063195e-02,55.00000,30.00000,678
134,50,9.419210e-02,39.00000,35.00000,657
134,51,9.179341e-02,51.00000,30.00000,688
134,52,9.205748e-02,48.00000,35.00000,691
134,53,9.158695e-02,45.00000,35.00000,622
134,54,9.248860e-02,40.00000,36.00000,693
134,55,8.987139e-02,50.00000,35.00000,672
134,56,8.996589e-02,45.00000,35.00000,624
134,57,9.102067e-02,54.00000,30.00000,612
134,58,9.110678e-02,43.00000,35.00000,613
134,59,9.096143e-02,53.00000,30.00000,608
134,60,8.998045e-02,49.00000,30.00000,598
134,61,9.513950e-02,30.00000,36.00000,588
134,62,9.186573e-02,44.00000,35.00000,613
134,63,9.414163e-02,48.00000,35.00000,595
134,64,9.094222e-02,45.00000,36.00000,611
134,65,9.317936e-02,41.00000,35.00000,612
134,66,9.232163e-02,49.00000,30.00000,617
134,67,9.012216e-02,49.00000,30.00000,611
134,68,9.013663e-02,42.00000,35.00000,620
134,69,9.388673e-02,35.00000,36.00000,611
134,70,9.140222e-02,55.00000,30.00000,619
134,71,8.998005e-02,48.00000,35.00000,600
135,0,9.246691e-02,49.00000,30.00000,6652
135,1,9.252613e-02,47.00000,35.00000,3186
135,2,9.046270e-02,52.00000,30.00000,637
135,3,9.200845e-02,38.00000,36.00000,651
135,4,9.071516e-02,48.00000,35.00000,683
135,5,9.244526e-02,54.00000,30.00000,620
135,6,9.045261e-02,45.00000,35.00000,701
135,7,8.856075e-02,49.00000,30.00000,717
135,8,8.903271e-02,53.00000,30.00000,675
135,9,8.944945e-02,37.00000,36.00000,718
135,10,9.026324e-02,38.00000,35.00000,4401
135,11,9.066516e-02,58.00000,30.00000,728
135,12,8.830174e-02,53.00000,30.00000,652
135,13,8.911335e-02,49.00000,30.00000,663
135,14,9.064353e-02,58.00000,30.00000,676
135,15,9.237657e-02,39.00000,36.00000,640
135,16,8.997358e-02,55.00000,30.00000,753
135,17,8.719151e-02,52.00000,30.00000,719
135,18,9.023239e-02,49.00000,30.00000,679
135,19,9.210448e-02,31.00000,36.00000,645
135,20,9.264503e-02,52.00000,30.00000,7723
135,21,9.595014e-02,36.00000,35.00000,652
135,22,9.339580e-02,43.00000,36.00000,666
135,23,9.205290e-02,43.00000,35.00000,639
135,24,9.250905e-02,37.00000,36.00000,651
135,25,9.787622e-02,45.00000,35.00000,622
135,26,9.293599e-02,34.00000,36.00000,689
135,27,9.093853e-02,47.00000,35.00000,643
135,28,9.178846e-02,38.00000,35.00000,687
135,29,9.103077e-02,49.00000,30.00000,621
135,30,9.226896e-02,44.00000,35.00000,11162
135,31,9.193122e-02,56.00000,30.00000,673
135,32,9.250365e-02,41.00000,35.00000,631
135,33,9.332522e-02,49.00000,35.00000,706
135,34,9.175468e-02,54.00000,30.00000,3191
135,35,9.286910e-02,48.00000,35.00000,669
135,36,9.216519e-02,36.00000,40.00000,606
135,37,9.126107e-02,49.00000,30.00000,717
135,38,9.286738e-02,50.00000,35.00000,746
135,39,9.088014e-02,40.00000,40.00000,700
135,40,9.225649e-02,49.00000,30.00000,671
135,41,9.254500e-02,41.00000,35.00000,700
135,42,9.169102e-02,44.00000,35.00000,9949
135,43,9.054121e-02,49.00000,30.00000,590
135,44,8.958557e-02,54.00000,30.00000,1943
135,45,8.917850e-02,57.00000,30.00000,670
135,46,9.049515e-02,43.00000,35.00000,705
135,47,9.352678e-02,36.00000,40.00000,633
135,48,8.916986e-02,49.00000,30.00000,630
135,49,8.955519e-02,49.00000,30.00000,750
135,50,9.239358e-02,43.00000,35.00000,713
135,51,9.406608e-02,41.00000,36.00000,655
135,52,9.028538e-02,55.00000,30.00000,9045
135,53,9.316819e-02,41.00000,40.00000,629
135,54,9.436012e-02,40.00000,40.00000,2112
135,55,9.021883e-02,40.00000,35.00000,626
135,56,9.449136e-02,53.00000,30.00000,652
135,57,9.280893e-02,47.00000,35.00000,596
135,58,9.549135e-02,30.00000,36.00000,610
135,59,9.577026e-02,35.00000,36.00000,594
135,60,9.579226e-02,30.00000,36.00000,609
135,61,9.509843e-02,46.00000,35.00000,587
135,62,9.484710e-02,36.00000,36.00000,596
135,63,9.056325e-02,54.00000,30.00000,612
135,64,9.484380e-02,42.00000,35.00000,571
135,65,9.135316e-02,53.00000,30.00000,610
135,66,9.444986e-02,57.00000,30.00000,630
135,67,9.050152e-02,51.00000,35.00000,638
135,68,9.243586e-02,46.00000,35.00000,594
135,69,9.070773e-02,47.00000,35.00000,601
135,70,9.448553e-02,31.00000,36.00000,599
135,71,9.134963e-02,54.00000,30.00000,608
136,0,9.302995e-02,48.00000,35.00000,5867
136,1,9.322159e-02,44.00000,35.00000,1257
136,2,9.144025e-02,44.00000,35.00000,660
136,3,9.152181e-02,48.00000,35.00000,629
136,4,9.256647e-02,54.00000,30.00000,664
136,5,8.966039e-02,50.00000,35.00000,742
136,6,9.785994e-02,30.00000,36.00000,687
136,7,9.132157e-02,46.00000,35.00000,670
136,8,9.081045e-02,54.00000,30.00000,716
136,9,9.243655e-02,40.00000,35.00000,659
136,10,9.378852e-02,36.00000,40.00000,9167
136,11,9.151897e-02,47.00000,35.00000,627
136,12,9.056021e-02,61.00000,30.00000,697
136,13,9.260865e-02,43.00000,36.00000,623
136,14,9.460345e-02,36.00000,35.00000,597
136,15,9.725516e-02,34.00000,40.00000,655
136,16,9.405175e-02,54.00000,30.00000,6571
136,17,9.371191e-02,42.00000,35.00000,1134
136,18,9.435162e-02,43.00000,35.00000,666
136,19,9.281339e-02,42.00000,35.00000,674
136,20,9.419121e-02,40.00000,35.00000,5714
136,21,9.135050e-02,57.00000,30.00000,674
136,22,9.069657e-02,46.00000,35.00000,633
136,23,9.436638e-02,38.00000,35.00000,723
136,24,9.085044e-02,43.00000,36.00000,721
136,25,9.221483e-02,52.00000,30.00000,644
136,26,9.132430e-02,48.00000,35.00000,7655
136,27,9.303407e-02,49.00000,30.00000,651
136,28,9.090003e-02,45.00000,36.00000,675
136,29,8.819489e-02,54.00000,30.00000,659
136,30,9.397758e-02,50.00000,30.00000,3692
136,31,9.211241e-02,58.00000,30.00000,629
136,32,9.120386e-02,54.00000,30.00000,715
136,33,9.127052e-02,47.00000,35.00000,636
136,34,9.070291e-02,41.00000,36.00000,670
136,35,9.382004e-02,49.00000,30.00000,721
136,36,9.126842e-02,53.00000,30.00000,6005
136,37,9.467413e-02,39.00000,40.00000,2002
136,38,9.230142e-02,40.00000,35.00000,683
136,39,8.869393e-02,59.00000,30.00000,643
136,40,9.346302e-02,40.00000,35.00000,2396
136,41,9.632716e-02,46.00000,35.00000,640
136,42,9.027970e-02,42.00000,35.00000,651
136,43,9.533313e-02,37.00000,36.00000,698
136,44,8.989350e-02,45.00000,35.00000,661
136,45,9.039425e-02,53.00000,30.00000,688
136,46,8.686467e-02,59.00000,30.00000,4440
136,47,9.722194e-02,31.00000,36.00000,1600
136,48,9.317949e-02,35.00000,36.00000,678
136,49,9.318845e-02,54.00000,30.00000,623
136,50,9.647375e-02,31.00000,36.00000,1263
136,51,9.127031e-02,40.00000,35.00000,730
136,52,9.517967e-02,43.00000,36.00000,587
136,53,9.599088e-02,52.00000,30.00000,643
136,54,9.156591e-02,57.00000,30.00000,629
136,55,9.731261e-02,40.00000,35.00000,624
136,56,9.007470e-02,43.00000,36.00000,984
136,57,9.540436e-02,49.00000,30.00000,592
136,58,9.239683e-02,36.00000,36.00000,595
136,59,9.710027e-02,57.00000,30.00000,631
136,60,9.136227e-02,42.00000,36.00000,616
136,61,9.495826e-02,35.00000,36.00000,601
136,62,9.344091e-02,43.00000,36.00000,596
136,63,9.443001e-02,41.00000,36.00000,595
136,64,9.486954e-02,53.00000,30.00000,608
136,65,9.673846e-02,49.00000,30.00000,588
136,66,9.407836e-02,45.00000,35.00000,579
136,67,9.199040e-02,40.00000,35.00000,636
136,68,9.360550e-02,48.00000,35.00000,601
136,69,8.968230e-02,49.00000,30.00000,622
136,70,9.428643e-02,31.00000,36.00000,605
136,71,8.964965e-02,45.00000,35.00000,619
137,0,9.435560e-02,47.00000,35.00000,4507
137,1,9.121233e-02,49.00000,30.00000,705
137,2,9.207330e-02,38.00000,36.00000,671
137,3,9.211192e-02,59.00000,30.00000,702
137,4,9.357195e-02,37.00000,36.00000,669
137,5,9.263112e-02,58.00000,30.00000,698
137,6,9.296920e-02,43.00000,35.00000,647
137,7,9.505997e-02,37.00000,36.00000,665
137,8,9.367124e-02,48.00000,35.00000,634
137,9,9.359826e-02,37.00000,35.00000,652
137,10,9.793039e-02,35.00000,36.00000,652
137,11,9.217494e-02,46.00000,35.00000,4568
137,12,9.155066e-02,49.00000,30.00000,642
137,13,9.173238e-02,36.00000,36.00000,696
137,14,9.669285e-02,37.00000,36.00000,709
137,15,9.418441e-02,54.00000,30.00000,658
137,16,9.697898e-02,43.00000,35.00000,624
137,17,9.388673e-02,35.00000,36.00000,661
137,18,9.119265e-02,47.00000,35.00000,699
137,19,9.024339e-02,50.00000,30.00000,659
137,20,8.941337e-02,53.00000,30.00000,3114
137,21,9.065680e-02,55.00000,30.00000,2859
137,22,9.177282e-02,49.00000,30.00000,646
137,23,9.302878e-02,48.00000,35.00000,632
137,24,9.083055e-02,37.00000,40.00000,640
137,25,9.186976e-02,45.00000,35.00000,693
137,26,9.680729e-02,25.00000,36.00000,643
137,27,9.147704e-02,55.00000,30.00000,682
137,28,9.457188e-02,44.00000,35.00000,676
137,29,9.298304e-02,53.00000,30.00000,695
137,30,9.755483e-02,30.00000,36.00000,2650
137,31,9.269162e-02,49.00000,30.00000,4768
137,32,9.422055e-02,37.00000,36.00000,639
137,33,9.032681e-02,49.00000,30.00000,675
137,34,9.174930e-02,56.00000,30.00000,630
137,35,8.938707e-02,53.00000,30.00000,674
137,36,9.428792e-02,36.00000,35.00000,707
137,37,9.013240e-02,54.00000,30.00000,679
137,38,9.112871e-02,49.00000,30.00000,612
137,39,8.817793e-02,49.00000,30.00000,692
137,40,9.122065e-02,53.00000,30.00000,3047
137,41,8.958751e-02,41.00000,35.00000,636
137,42,9.406818e-02,50.00000,35.00000,5052
137,43,9.309854e-02,37.00000,40.00000,635
137,44,9.140745e-02,49.00000,30.00000,706
137,45,8.938235e-02,53.00000,30.00000,672
137,46,8.989757e-02,49.00000,30.00000,726
137,47,8.908242e-02,54.00000,30.00000,679
137,48,9.592563e-02,49.00000,30.00000,652
137,49,9.090440e-02,48.00000,35.00000,651
137,50,9.126105e-02,42.00000,35.00000,761
137,51,9.697427e-02,39.00000,35.00000,3658
137,52,9.509390e-02,36.00000,36.00000,4162
137,53,9.603876e-02,49.00000,30.00000,680
137,54,9.516382e-02,40.00000,36.00000,602
137,55,1.017760e-01,25.00000,36.00000,573
137,56,9.359299e-02,43.00000,35.00000,615
137,57,9.294486e-02,49.00000,30.00000,674
137,58,9.664018e-02,45.00000,35.00000,654
137,59,9.521686e-02,47.00000,35.00000,605
137,60,9.943333e-02,30.00000,36.00000,594
137,61,9.669913e-02,47.00000,35.00000,628
137,62,9.855334e-02,37.00000,36.00000,609
137,63,9.614000e-02,38.00000,35.00000,585
137,64,9.980179e-02,41.00000,36.00000,570
137,65,9.654420e-02,47.00000,36.00000,596
137,66,9.371632e-02,58.00000,30.00000,624
137,67,9.832582e-02,34.00000,36.00000,584
137,68,9.289499e-02,42.00000,35.00000,604
137,69,9.549790e-02,37.00000,40.00000,613
137,70,9.811001e-02,35.00000,36.00000,603
137,71,9.403166e-02,54.00000,30.00000,611
138,0,9.429373e-02,46.00000,35.00000,3896
138,1,9.302731e-02,35.00000,36.00000,719
138,2,9.281077e-02,54.00000,30.00000,717
138,3,9.601415e-02,38.00000,35.00000,627
138,4,9.473272e-02,57.00000,30.00000,716
138,5,9.014092e-02,51.00000,35.00000,712
138,6,9.499384e-02,43.00000,35.00000,616
138,7,9.168166e-02,44.00000,35.00000,682
138,8,9.575891e-02,42.00000,35.00000,632
138,9,9.184270e-02,52.00000,30.00000,687
138,10,9.283233e-02,49.00000,30.00000,5786
138,11,9.237441e-02,53.00000,30.00000,676
138,12,9.622359e-02,45.00000,35.00000,3078
138,13,9.750931e-02,37.00000,36.00000,616
138,14,9.317718e-02,44.00000,36.00000,719
138,15,9.302357e-02,54.00000,30.00000,679
138,16,9.653327e-02,37.00000,36.00000,620
138,17,9.053686e-02,49.00000,30.00000,663
138,18,9.234890e-02,48.00000,35.00000,656
138,19,9.140838e-02,55.00000,30.00000,747
138,20,9.116837e-02,49.00000,30.00000,7189
138,21,8.848608e-02,54.00000,30.00000,680
138,22,9.175280e-02,49.00000,30.00000,3099
138,23,9.491841e-02,45.00000,36.00000,726
138,24,9.273476e-02,49.00000,30.00000,673
138,25,9.361245e-02,45.00000,35.00000,679
138,26,8.974549e-02,54.00000,30.00000,685
138,27,8.848090e-02,56.00000,30.00000,620
138,28,8.947726e-02,49.00000,30.00000,772
138,29,9.244628e-02,37.00000,36.00000,693
138,30,9.608962e-02,36.00000,36.00000,10043
138,31,9.083639e-02,48.00000,35.00000,677
138,32,9.330111e-02,55.00000,30.00000,2530
138,33,8.964923e-02,53.00000,30.00000,613
138,34,9.057207e-02,39.00000,35.00000,733
138,35,9.260219e-02,37.00000,40.00000,740
138,36,9.232154e-02,57.00000,30.00000,655
138,37,9.566281e-02,45.00000,36.00000,641
138,38,9.271982e-02,54.00000,30.00000,730
138,39,9.191577e-02,53.00000,30.00000,673
138,40,9.148418e-02,51.00000,30.00000,10084
138,41,9.572533e-02,30.00000,36.00000,681
138,42,9.205757e-02,49.00000,35.00000,977
138,43,9.142057e-02,54.00000,30.00000,774
138,44,9.190536e-02,56.00000,30.00000,621
138,45,9.284589e-02,54.00000,30.00000,664
138,46,9.100560e-02,39.00000,36.00000,702
138,47,9.625194e-02,35.00000,36.00000,713
138,48,9.344594e-02,48.00000,35.00000,652
138,49,9.274047e-02,42.00000,35.00000,599
138,50,9.219512e-02,53.00000,35.00000,12545
138,51,9.569851e-02,43.00000,35.00000,741
138,52,9.316885e-02,41.00000,36.00000,585
138,53,9.273565e-02,38.00000,35.00000,613
138,54,9.109039e-02,54.00000,30.00000,647
138,55,9.025864e-02,61.00000,30.00000,671
138,56,9.497993e-02,41.00000,40.00000,592
138,57,9.048838e-02,52.00000,30.00000,636
138,58,9.441881e-02,43.00000,35.00000,593
138,59,9.317589e-02,54.00000,30.00000,617
138,60,9.295534e-02,49.00000,35.00000,594
138,61,9.261935e-02,41.00000,35.00000,593
138,62,9.034603e-02,56.00000,30.00000,1682
138,63,9.089230e-02,43.00000,35.00000,628
138,64,9.006713e-02,57.00000,30.00000,631
138,65,9.440561e-02,45.00000,35.00000,619
138,66,9.402783e-02,46.00000,35.00000,594
138,67,9.174768e-02,48.00000,35.00000,606
138,68,9.121529e-02,48.00000,35.00000,615
138,69,9.155197e-02,52.00000,30.00000,634
138,70,8.970430e-02,53.00000,30.00000,625
138,71,9.055188e-02,52.00000,30.00000,616
139,0,9.499617e-02,54.00000,30.00000,8720
139,1,9.003191e-02,55.00000,30.00000,4386
139,2,9.199792e-02,47.00000,35.00000,725
139,3,9.377762e-02,54.00000,30.00000,660
139,4,9.518395e-02,31.00000,36.00000,610
139,5,9.549970e-02,30.00000,36.00000,637
139,6,9.397367e-02,44.00000,35.00000,674
139,7,9.461167e-02,49.00000,30.00000,769
139,8,9.374537e-02,44.00000,35.00000,677
139,9,9.460003e-02,45.00000,35.00000,660
139,10,8.850160e-02,54.00000,30.00000,9394
139,11,9.410800e-02,42.00000,35.00000,689
139,12,9.548125e-02,53.00000,30.00000,656
139,13,9.116894e-02,49.00000,30.00000,612
139,14,1.023580e-01,46.00000,35.00000,598
139,15,9.357388e-02,43.00000,36.00000,707
139,16,9.414974e-02,35.00000,36.00000,1065
139,17,8.877297e-02,54.00000,30.00000,673
139,18,9.658699e-02,49.00000,30.00000,627
139,19,9.259181e-02,41.00000,36.00000,736
139,20,9.457836e-02,58.00000,30.00000,7111
139,21,9.349233e-02,39.00000,36.00000,1278
139,22,8.973710e-02,57.00000,30.00000,716
139,23,9.096623e-02,57.00000,30.00000,648
139,24,9.370507e-02,49.00000,30.00000,668
139,25,9.413482e-02,46.00000,35.00000,630
139,26,9.164634e-02,49.00000,35.00000,1199
139,27,9.193327e-02,46.00000,35.00000,679
139,28,9.385662e-02,41.00000,36.00000,670
139,29,9.229051e-02,49.00000,30.00000,740
139,30,9.419319e-02,49.00000,35.00000,2148
139,31,9.318288e-02,54.00000,30.00000,2855
139,32,9.392560e-02,44.00000,35.00000,653
139,33,9.413151e-02,40.00000,35.00000,662
139,34,9.007896e-02,46.00000,36.00000,691
139,35,9.418225e-02,43.00000,36.00000,623
139,36,9.463373e-02,47.00000,35.00000,631
139,37,9.565812e-02,43.00000,35.00000,606
139,38,9.641672e-02,40.00000,35.00000,662
139,39,9.510573e-02,41.00000,35.00000,597
139,40,9.317894e-02,48.00000,35.00000,669
139,41,9.041297e-02,53.00000,30.00000,3779
139,42,9.624598e-02,34.00000,36.00000,593
139,43,9.452239e-02,49.00000,30.00000,817
139,44,9.186881e-02,36.00000,36.00000,651
139,45,9.443513e-02,45.00000,35.00000,721
139,46,9.616372e-02,40.00000,36.00000,654
139,47,9.277429e-02,46.00000,35.00000,600
139,48,9.347606e-02,49.00000,30.00000,769
139,49,9.650320e-02,53.00000,30.00000,649
139,50,9.330697e-02,38.00000,40.00000,657
139,51,9.930307e-02,30.00000,36.00000,4375
139,52,9.277497e-02,44.00000,35.00000,621
139,53,9.088254e-02,53.00000,30.00000,647
139,54,9.457596e-02,48.00000,35.00000,603
139,55,9.590178e-02,35.00000,36.00000,672
139,56,9.114069e-02,53.00000,30.00000,609
139,57,9.528211e-02,38.00000,35.00000,590
139,58,9.241140e-02,52.00000,30.00000,614
139,59,9.283771e-02,51.00000,30.00000,598
139,60,9.426865e-02,52.00000,30.00000,645
139,61,9.299314e-02,42.00000,35.00000,613
139,62,9.639564e-02,43.00000,35.00000,566
139,63,9.681924e-02,40.00000,36.00000,593
139,64,9.182946e-02,51.00000,30.00000,601
139,65,9.159329e-02,48.00000,35.00000,626
139,66,9.233121e-02,42.00000,35.00000,614
139,67,9.166776e-02,53.00000,30.00000,615
139,68,9.469915e-02,38.00000,35.00000,596
139,69,9.154758e-02,45.00000,35.00000,628
139,70,9.225734e-02,43.00000,35.00000,633
139,71,9.091762e-02,54.00000,30.00000,616
140,0,9.353382e-02,30.00000,36.00000,9046
140,1,9.831461e-02,30.00000,36.00000,609
140,2,9.164748e-02,44.00000,35.00000,698
140,3,9.055039e-02,57.00000,30.00000,720
140,4,9.549248e-02,37.00000,40.00000,623
140,5,9.535625e-02,49.00000,30.00000,661
140,6,9.731302e-02,57.00000,30.00000,721
140,7,9.301525e-02,52.00000,30.00000,674
140,8,9.116885e-02,55.00000,30.00000,683
140,9,9.457494e-02,34.00000,36.00000,745
140,10,9.424813e-02,47.00000,35.00000,676
140,11,9.013821e-02,54.00000,30.00000,643
140,12,9.180647e-02,49.00000,30.00000,690
140,13,9.054571e-02,45.00000,35.00000,656
140,14,9.413998e-02,41.00000,35.00000,2016
140,15,9.566741e-02,45.00000,35.00000,4383
140,16,9.151074e-02,54.00000,30.00000,693
140,17,9.132267e-02,43.00000,35.00000,637
140,18,9.608006e-02,42.00000,35.00000,617
140,19,9.269235e-02,54.00000,30.00000,641
140,20,8.984827e-02,56.00000,30.00000,3161
140,21,9.207511e-02,53.00000,30.00000,642
140,22,9.239360e-02,49.00000,30.00000,686
140,23,9.044639e-02,55.00000,30.00000,652
140,24,9.015981e-02,53.00000,30.00000,4898
140,25,9.438936e-02,42.00000,35.00000,3027
140,26,8.990014e-02,53.00000,30.00000,694
140,27,9.170668e-02,55.00000,30.00000,667
140,28,9.075485e-02,48.00000,35.00000,655
140,29,9.021819e-02,55.00000,30.00000,687
140,30,9.284824e-02,45.00000,35.00000,646
140,31,9.152790e-02,49.00000,30.00000,651
140,32,9.271031e-02,49.00000,30.00000,626
140,33,9.451132e-02,37.00000,36.00000,736
140,34,9.425507e-02,35.00000,36.00000,6543
140,35,9.630852e-02,54.00000,30.00000,667
140,36,9.349773e-02,42.00000,35.00000,649
140,37,9.171126e-02,42.00000,35.00000,638
140,38,9.245245e-02,37.00000,35.00000,679
140,39,9.014402e-02,49.00000,30.00000,650
140,40,9.111752e-02,54.00000,30.00000,664
140,41,8.845843e-02,48.00000,35.00000,701
140,42,9.142497e-02,53.00000,30.00000,613
140,43,9.340823e-02,32.00000,36.00000,716
140,44,9.499122e-02,44.00000,36.00000,3246
140,45,9.183219e-02,56.00000,30.00000,1309
140,46,9.352408e-02,42.00000,35.00000,673
140,47,9.281947e-02,58.00000,30.00000,817
140,48,9.395587e-02,54.00000,30.00000,690
140,49,9.541874e-02,56.00000,30.00000,702
140,50,9.125920e-02,49.00000,30.00000,707
140,51,9.552825e-02,37.00000,35.00000,626
140,52,9.206781e-02,47.00000,35.00000,636
140,53,9.218174e-02,46.00000,35.00000,678
140,54,9.329152e-02,47.00000,35.00000,628
140,55,9.570061e-02,41.00000,36.00000,572
140,56,9.764937e-02,30.00000,36.00000,618
140,57,9.491443e-02,46.00000,35.00000,598
140,58,9.422878e-02,47.00000,35.00000,636
140,59,9.375489e-02,44.00000,35.00000,591
140,60,9.435777e-02,43.00000,35.00000,637
140,61,9.264348e-02,49.00000,35.00000,619
140,62,9.756999e-02,38.00000,35.00000,617
140,63,9.416168e-02,45.00000,35.00000,609
140,64,9.201128e-02,51.00000,30.00000,636
140,65,9.064709e-02,45.00000,35.00000,623
140,66,9.220625e-02,52.00000,30.00000,606
140,67,9.613886e-02,36.00000,36.00000,589
140,68,9.429019e-02,53.00000,30.00000,636
140,69,8.958180e-02,52.00000,30.00000,630
140,70,9.247357e-02,54.00000,30.00000,628
140,71,9.032343e-02,52.00000,30.00000,617
141,0,9.209407e-02,45.00000,35.00000,7280
141,1,9.245303e-02,47.00000,35.00000,699
141,2,9.412359e-02,41.00000,36.00000,639
141,3,9.317115e-02,48.00000,35.00000,645
141,4,9.441098e-02,46.00000,35.00000,627
141,5,9.195764e-02,43.00000,36.00000,805
141,6,9.215611e-02,53.00000,30.00000,756
141,7,9.643815e-02,45.00000,35.00000,657
141,8,9.277250e-02,55.00000,30.00000,777
141,9,9.509806e-02,54.00000,30.00000,725
141,10,9.693155e-02,30.00000,40.00000,846
141,11,9.409446e-02,53.00000,30.00000,753
141,12,9.725287e-02,33.00000,40.00000,671
141,13,8.925644e-02,55.00000,30.00000,2062
141,14,9.290973e-02,43.00000,36.00000,642
141,15,9.498763e-02,43.00000,35.00000,627
141,16,9.350692e-02,46.00000,35.00000,702
141,17,9.367119e-02,54.00000,30.00000,641
141,18,1.000716e-01,36.00000,40.00000,625
141,19,9.164985e-02,49.00000,30.00000,683
141,20,9.363104e-02,53.00000,30.00000,2326
141,21,9.543967e-02,38.00000,40.00000,616
141,22,9.253733e-02,45.00000,35.00000,656
141,23,9.806131e-02,37.00000,35.00000,6636
141,24,9.471053e-02,37.00000,35.00000,603
141,25,9.314132e-02,36.00000,36.00000,706
141,26,9.960607e-02,41.00000,35.00000,650
141,27,9.248570e-02,42.00000,36.00000,674
141,28,9.390288e-02,46.00000,35.00000,636
141,29,9.434359e-02,54.00000,30.00000,643
141,30,9.478104e-02,45.00000,36.00000,826
141,31,9.663759e-02,48.00000,35.00000,661
141,32,9.036769e-02,52.00000,30.00000,5655
141,33,9.515228e-02,37.00000,36.00000,7276
141,34,9.225269e-02,49.00000,30.00000,657
141,35,9.189244e-02,52.00000,30.00000,678
141,36,9.409542e-02,44.00000,35.00000,649
141,37,9.407239e-02,49.00000,30.00000,663
141,38,9.991264e-02,48.00000,35.00000,609
141,39,8.973859e-02,49.00000,35.00000,722
141,40,9.188022e-02,37.00000,40.00000,815
141,41,8.934402e-02,55.00000,30.00000,662
141,42,9.335190e-02,49.00000,30.00000,1003
141,43,9.097841e-02,51.00000,30.00000,12547
141,44,9.252821e-02,54.00000,30.00000,624
141,45,9.308562e-02,49.00000,30.00000,656
141,46,9.188721e-02,54.00000,30.00000,647
141,47,9.528477e-02,46.00000,35.00000,670
141,48,9.350796e-02,36.00000,36.00000,702
141,49,9.056130e-02,57.00000,30.00000,641
141,50,9.229393e-02,40.00000,36.00000,690
141,51,9.547817e-02,38.00000,35.00000,649
141,52,9.583794e-02,46.00000,35.00000,680
141,53,9.458492e-02,55.00000,30.00000,11549
141,54,9.509372e-02,41.00000,36.00000,593
141,55,9.379892e-02,48.00000,35.00000,615
141,56,9.536529e-02,53.00000,30.00000,608
141,57,9.668565e-02,51.00000,30.00000,597
141,58,9.444489e-02,34.00000,36.00000,626
141,59,9.236585e-02,52.00000,30.00000,600
141,60,9.459244e-02,58.00000,30.00000,624
141,61,9.504744e-02,43.00000,36.00000,593
141,62,9.207773e-02,51.00000,30.00000,628
141,63,9.357221e-02,49.00000,30.00000,628
141,64,9.442353e-02,43.00000,36.00000,596
141,65,9.313966e-02,38.00000,35.00000,612
141,66,9.513678e-02,36.00000,36.00000,624
141,67,9.047090e-02,49.00000,30.00000,624
141,68,9.514920e-02,42.00000,35.00000,622
141,69,9.509160e-02,46.00000,35.00000,594
141,70,9.673107e-02,56.00000,30.00000,614
141,71,9.090868e-02,53.00000,30.00000,613
142,0,9.584902e-02,36.00000,36.00000,10698
142,1,9.393820e-02,44.00000,35.00000,2358
142,2,9.693226e-02,45.00000,35.00000,577
142,3,9.319054e-02,49.00000,30.00000,683
142,4,9.856919e-02,49.00000,35.00000,622
142,5,9.682192e-02,49.00000,30.00000,691
142,6,9.290397e-02,43.00000,35.00000,1077
142,7,9.461141e-02,35.00000,36.00000,657
142,8,9.371167e-02,42.00000,35.00000,677
142,9,9.110697e-02,54.00000,30.00000,706
142,10,9.453325e-02,49.00000,30.00000,9496
142,11,9.569048e-02,43.00000,35.00000,639
142,12,9.217786e-02,50.00000,35.00000,657
142,13,9.432784e-02,52.00000,30.00000,611
142,14,9.684569e-02,31.00000,36.00000,629
142,15,9.549252e-02,47.00000,35.00000,650
142,16,9.517572e-02,31.00000,36.00000,6618
142,17,9.921090e-02,37.00000,35.00000,715
142,18,9.591834e-02,55.00000,30.00000,663
142,19,9.306782e-02,57.00000,30.00000,665
142,20,9.384920e-02,49.00000,30.00000,8092
142,21,9.590785e-02,44.00000,35.00000,601
142,22,9.314638e-02,49.00000,30.00000,633
142,23,9.172744e-02,49.00000,30.00000,640
142,24,9.091613e-02,57.00000,30.00000,678
142,25,9.198950e-02,40.00000,36.00000,658
142,26,9.497439e-02,49.00000,30.00000,2149
142,27,9.176214e-02,49.00000,30.00000,698
142,28,9.458249e-02,48.00000,35.00000,649
142,29,9.368174e-02,54.00000,30.00000,674
142,30,9.246936e-02,45.00000,35.00000,11631
142,31,9.363806e-02,43.00000,35.00000,667
142,32,9.566280e-02,39.00000,35.00000,587
142,33,9.560458e-02,40.00000,36.00000,674
142,34,9.947385e-02,30.00000,36.00000,642
142,35,9.550901e-02,43.00000,35.00000,620
142,36,9.244008e-02,47.00000,35.00000,657
142,37,9.128869e-02,52.00000,35.00000,637
142,38,9.352653e-02,49.00000,30.00000,655
142,39,9.441030e-02,48.00000,35.00000,675
142,40,9.262174e-02,49.00000,30.00000,11066
142,41,9.520245e-02,42.00000,35.00000,662
142,42,9.256975e-02,54.00000,30.00000,641
142,43,9.229784e-02,50.00000,35.00000,667
142,44,9.786161e-02,45.00000,35.00000,579
142,45,9.251057e-02,53.00000,30.00000,657
142,46,9.295627e-02,46.00000,35.00000,661
142,47,9.265602e-02,43.00000,35.00000,628
142,48,9.507493e-02,46.00000,35.00000,705
142,49,9.379958e-02,53.00000,30.00000,656
142,50,9.118918e-02,37.00000,35.00000,13209
142,51,9.154151e-02,49.00000,30.00000,641
142,52,9.425042e-02,42.00000,36.00000,641
142,53,9.349005e-02,45.00000,35.00000,609
142,54,9.704996e-02,46.00000,35.00000,590
142,55,9.109803e-02,49.00000,30.00000,614
142,56,9.162865e-02,52.00000,30.00000,609
142,57,9.090774e-02,54.00000,30.00000,610
142,58,9.158623e-02,53.00000,30.00000,615
142,59,9.092446e-02,59.00000,30.00000,640
142,60,9.124345e-02,54.00000,30.00000,659
142,61,9.396292e-02,49.00000,30.00000,612
142,62,9.131450e-02,49.00000,30.00000,628
142,63,9.590045e-02,39.00000,35.00000,646
142,64,9.253833e-02,55.00000,30.00000,622
142,65,9.110406e-02,58.00000,30.00000,622
142,66,9.010924e-02,57.00000,30.00000,629
142,67,9.290848e-02,49.00000,30.00000,610
142,68,9.523754e-02,42.00000,35.00000,594
142,69,9.277859e-02,41.00000,35.00000,609
142,70,9.517206e-02,43.00000,36.00000,605
142,71,9.348332e-02,49.00000,30.00000,599
143,0,9.047530e-02,49.00000,35.00000,3633
143,1,9.574132e-02,40.00000,40.00000,707
143,2,9.265129e-02,54.00000,30.00000,671
143,3,9.167792e-02,49.00000,30.00000,604
143,4,9.214158e-02,53.00000,30.00000,674
143,5,9.151667e-02,49.00000,30.00000,738
143,6,8.996539e-02,53.00000,30.00000,749
143,7,9.407437e-02,53.00000,30.00000,645
143,8,9.596934e-02,42.00000,35.00000,687
143,9,9.206784e-02,55.00000,30.00000,670
143,10,9.681106e-02,40.00000,35.00000,3608
143,11,9.430122e-02,43.00000,36.00000,600
143,12,9.377834e-02,49.00000,30.00000,729
143,13,1.008226e-01,25.00000,36.00000,2905
143,14,9.777747e-02,40.00000,36.00000,636
143,15,1.004299e-01,25.00000,36.00000,599
143,16,1.017055e-01,56.00000,30.00000,716
143,17,9.647530e-02,46.00000,35.00000,662
143,18,9.422417e-02,43.00000,35.00000,638
143,19,9.902989e-02,43.00000,35.00000,605
143,20,9.628558e-02,49.00000,30.00000,4778
143,21,8.999719e-02,57.00000,30.00000,675
143,22,9.534848e-02,53.00000,30.00000,713
143,23,8.982117e-02,56.00000,30.00000,670
143,24,9.425096e-02,54.00000,30.00000,677
143,25,9.501122e-02,40.00000,35.00000,675
143,26,9.125767e-02,41.00000,40.00000,677
143,27,9.232135e-02,53.00000,30.00000,611
143,28,9.124296e-02,52.00000,30.00000,805
143,29,9.599635e-02,41.00000,35.00000,670
143,30,9.546585e-02,54.00000,30.00000,8393
143,31,9.726575e-02,37.00000,36.00000,614
143,32,9.092145e-02,54.00000,30.00000,702
143,33,9.679854e-02,40.00000,35.00000,597
143,34,9.348600e-02,37.00000,36.00000,671
143,35,9.403053e-02,43.00000,36.00000,688
143,36,9.548957e-02,41.00000,35.00000,622
143,37,9.558537e-02,43.00000,35.00000,626
143,38,9.697983e-02,42.00000,35.00000,618
143,39,9.316387e-02,38.00000,35.00000,668
143,40,9.273045e-02,44.00000,36.00000,8242
143,41,9.678267e-02,31.00000,36.00000,1299
143,42,9.313938e-02,45.00000,35.00000,1441
143,43,9.246664e-02,49.00000,30.00000,629
143,44,9.508623e-02,55.00000,30.00000,696
143,45,9.738588e-02,40.00000,35.00000,632
143,46,9.353252e-02,49.00000,30.00000,648
143,47,9.100477e-02,54.00000,30.00000,662
143,48,9.620087e-02,55.00000,30.00000,710
143,49,9.323898e-02,54.00000,30.00000,688
143,50,9.975365e-02,41.00000,36.00000,4180
143,51,9.576017e-02,53.00000,30.00000,6594
143,52,9.125299e-02,43.00000,35.00000,618
143,53,9.230901e-02,50.00000,30.00000,615
143,54,9.617251e-02,42.00000,35.00000,579
143,55,9.429391e-02,41.00000,36.00000,604
143,56,9.370735e-02,49.00000,30.00000,613
143,57,9.626548e-02,34.00000,36.00000,595
143,58,9.632811e-02,55.00000,30.00000,619
143,59,9.521085e-02,42.00000,35.00000,609
143,60,9.486035e-02,41.00000,35.00000,599
143,61,1.002227e-01,32.00000,36.00000,583
143,62,9.504346e-02,43.00000,36.00000,593
143,63,9.418223e-02,52.00000,30.00000,604
143,64,9.593911e-02,54.00000,30.00000,618
143,65,9.193339e-02,52.00000,30.00000,618
143,66,9.390278e-02,47.00000,35.00000,623
143,67,9.630254e-02,53.00000,30.00000,610
143,68,9.406157e-02,40.00000,36.00000,627
143,69,9.402205e-02,56.00000,30.00000,618
143,70,9.225099e-02,55.00000,30.00000,622
143,71,9.560132e-02,49.00000,30.00000,590
144,0,9.271578e-02,54.00000,30.00000,7536
144,1,9.213152e-02,55.00000,30.00000,740
144,2,9.735130e-02,25.00000,36.00000,728
144,3,9.610841e-02,38.00000,35.00000,662
144,4,9.669769e-02,49.00000,30.00000,684
144,5,9.584059e-02,37.00000,35.00000,625
144,6,9.354284e-02,37.00000,35.00000,1193
144,7,9.625711e-02,40.00000,35.00000,1624
144,8,9.356375e-02,43.00000,35.00000,691
144,9,9.308473e-02,51.00000,30.00000,654
144,10,9.303688e-02,49.00000,30.00000,2119
144,11,9.554014e-02,35.00000,40.00000,659
144,12,9.240714e-02,40.00000,35.00000,703
144,13,9.674621e-02,40.00000,35.00000,611
144,14,9.598926e-02,37.00000,36.00000,694
144,15,9.532969e-02,49.00000,30.00000,709
144,16,9.531937e-02,49.00000,30.00000,9551
144,17,9.164034e-02,55.00000,30.00000,714
144,18,9.790140e-02,41.00000,35.00000,588
144,19,9.834679e-02,35.00000,36.00000,666
144,20,9.369610e-02,40.00000,35.00000,3594
144,21,9.959216e-02,49.00000,30.00000,628
144,22,9.570933e-02,31.00000,36.00000,768
144,23,9.458679e-02,46.00000,35.00000,716
144,24,9.472527e-02,53.00000,30.00000,708
144,25,9.469527e-02,40.00000,35.00000,667
144,26,9.322900e-02,48.00000,35.00000,8065
144,27,9.239100e-02,53.00000,30.00000,694
144,28,9.430145e-02,49.00000,30.00000,654
144,29,9.751317e-02,41.00000,36.00000,631
144,30,9.717554e-02,45.00000,35.00000,6289
144,31,9.344179e-02,49.00000,30.00000,635
144,32,9.401742e-02,42.00000,35.00000,685
144,33,9.495051e-02,49.00000,30.00000,637
144,34,9.463003e-02,50.00000,35.00000,690
144,35,9.579754e-02,35.00000,36.00000,633
144,36,9.508614e-02,41.00000,35.00000,4152
144,37,9.472962e-02,45.00000,35.00000,681
144,38,9.609659e-02,43.00000,35.00000,657
144,39,9.753977e-02,40.00000,35.00000,620
144,40,9.353880e-02,54.00000,30.00000,7808
144,41,9.821822e-02,44.00000,35.00000,621
144,42,9.372404e-02,53.00000,30.00000,640
144,43,9.724162e-02,30.00000,36.00000,661
144,44,9.056807e-02,53.00000,30.00000,633
144,45,9.511302e-02,42.00000,35.00000,662
144,46,9.735783e-02,49.00000,30.00000,5369
144,47,9.433361e-02,48.00000,35.00000,638
144,48,9.677574e-02,41.00000,35.00000,731
144,49,9.691672e-02,41.00000,35.00000,606
144,50,9.777707e-02,41.00000,36.00000,5070
144,51,9.740087e-02,40.00000,36.00000,603
144,52,9.497190e-02,48.00000,35.00000,713
144,53,9.703911e-02,49.00000,35.00000,592
144,54,9.721980e-02,36.00000,40.00000,700
144,55,9.936734e-02,39.00000,36.00000,635
144,56,9.656148e-02,45.00000,35.00000,1584
144,57,1.025833e-01,39.00000,36.00000,619
144,58,9.781387e-02,35.00000,36.00000,636
144,59,1.003482e-01,36.00000,36.00000,543
144,60,9.819800e-02,37.00000,40.00000,2067
144,61,9.684275e-02,37.00000,36.00000,593
144,62,9.639817e-02,44.00000,35.00000,614
144,63,9.684814e-02,40.00000,36.00000,593
144,64,9.276001e-02,47.00000,35.00000,625
144,65,9.320153e-02,48.00000,35.00000,636
144,66,9.411751e-02,49.00000,30.00000,629
144,67,9.782983e-02,55.00000,30.00000,618
144,68,9.214782e-02,52.00000,30.00000,625
144,69,9.270673e-02,54.00000,30.00000,618
144,70,9.230394e-02,49.00000,30.00000,627
144,71,9.221387e-02,54.00000,30.00000,613
145,0,9.620159e-02,40.00000,35.00000,9529
145,1,9.182126e-02,57.00000,30.00000,4046
145,2,9.475109e-02,37.00000,35.00000,700
145,3,9.518272e-02,39.00000,35.00000,654
145,4,9.682592e-02,40.00000,36.00000,649
145,5,9.823863e-02,53.00000,30.00000,712
145,6,9.358449e-02,54.00000,30.00000,754
145,7,9.566683e-02,36.00000,36.00000,592
145,8,9.750708e-02,36.00000,40.00000,613
145,9,9.720995e-02,49.00000,30.00000,692
145,10,9.393649e-02,38.00000,40.00000,6541
145,11,9.348671e-02,56.00000,30.00000,712
145,12,9.136146e-02,55.00000,30.00000,7352
145,13,9.688424e-02,40.00000,35.00000,617
145,14,1.026858e-01,31.00000,36.00000,716
145,15,9.343435e-02,54.00000,30.00000,679
145,16,9.362935e-02,49.00000,30.00000,631
145,17,9.946308e-02,44.00000,36.00000,619
145,18,9.551127e-02,52.00000,30.00000,735
145,19,9.570309e-02,55.00000,30.00000,672
145,20,9.859271e-02,37.00000,35.00000,4994
145,21,9.609433e-02,49.00000,30.00000,646
145,22,9.498623e-02,53.00000,30.00000,7108
145,23,9.478521e-02,57.00000,30.00000,684
145,24,9.517934e-02,43.00000,36.00000,631
145,25,9.639893e-02,54.00000,30.00000,630
145,26,9.298120e-02,52.00000,30.00000,705
145,27,9.945397e-02,42.00000,35.00000,653
145,28,9.418298e-02,46.00000,35.00000,643
145,29,9.348806e-02,54.00000,30.00000,655
145,30,9.858058e-02,31.00000,36.00000,7347
145,31,9.682544e-02,43.00000,35.00000,622
145,32,9.280236e-02,56.00000,30.00000,4850
145,33,9.492925e-02,53.00000,30.00000,743
145,34,1.015891e-01,41.00000,35.00000,612
145,35,9.683536e-02,49.00000,30.00000,634
145,36,9.252129e-02,58.00000,30.00000,675
145,37,9.519806e-02,37.00000,36.00000,668
145,38,8.997123e-02,52.00000,30.00000,776
145,39,9.534503e-02,49.00000,30.00000,637
145,40,9.706499e-02,31.00000,36.00000,7227
145,41,9.572478e-02,53.00000,30.00000,698
145,42,9.609575e-02,57.00000,30.00000,4293
145,43,1.004361e-01,46.00000,35.00000,633
145,44,9.451659e-02,49.00000,30.00000,605
145,45,9.481503e-02,44.00000,35.00000,719
145,46,9.384766e-02,49.00000,35.00000,633
145,47,9.611859e-02,41.00000,36.00000,671
145,48,9.746624e-02,38.00000,36.00000,782
145,49,9.244796e-02,56.00000,30.00000,670
145,50,9.552658e-02,53.00000,30.00000,7433
145,51,9.975698e-02,31.00000,36.00000,607
145,52,9.898410e-02,35.00000,36.00000,3964
145,53,9.465000e-02,54.00000,30.00000,627
145,54,9.871767e-02,35.00000,36.00000,620
145,55,9.352088e-02,49.00000,35.00000,667
145,56,9.500477e-02,46.00000,35.00000,603
145,57,9.830974e-02,42.00000,35.00000,583
145,58,9.571975e-02,49.00000,30.00000,590
145,59,9.660392e-02,41.00000,36.00000,608
145,60,9.644448e-02,48.00000,35.00000,814
145,61,9.650585e-02,36.00000,35.00000,596
145,62,9.553810e-02,53.00000,30.00000,611
145,63,9.437435e-02,49.00000,30.00000,606
145,64,9.565161e-02,45.00000,35.00000,595
145,65,9.252508e-02,53.00000,30.00000,656
145,66,9.515473e-02,41.00000,36.00000,604
145,67,9.318951e-02,42.00000,35.00000,618
145,68,9.335287e-02,58.00000,30.00000,632
145,69,9.622438e-02,44.00000,35.00000,625
145,70,9.982950e-02,54.00000,30.00000,607
145,71,9.726545e-02,41.00000,35.00000,598
146,0,9.152392e-02,45.00000,35.00000,5449
146,1,9.283981e-02,49.00000,35.00000,967
146,2,9.470871e-02,47.00000,35.00000,2637
146,3,9.626940e-02,53.00000,30.00000,674
146,4,9.257041e-02,57.00000,30.00000,670
146,5,9.443675e-02,50.00000,30.00000,673
146,6,9.270591e-02,56.00000,30.00000,713
146,7,9.957690e-02,40.00000,36.00000,710
146,8,9.919284e-02,38.00000,35.00000,693
146,9,9.676124e-02,43.00000,35.00000,668
146,10,9.482368e-02,35.00000,36.00000,713
146,11,9.635758e-02,39.00000,36.00000,645
146,12,9.896655e-02,40.00000,35.00000,698
146,13,9.567332e-02,52.00000,30.00000,665
146,14,9.599365e-02,56.00000,30.00000,719
146,15,9.805768e-02,45.00000,35.00000,663
146,16,9.681478e-02,41.00000,40.00000,646
146,17,9.913332e-02,54.00000,30.00000,643
146,18,9.593143e-02,43.00000,36.00000,751
146,19,9.233748e-02,54.00000,30.00000,628
146,20,9.646650e-02,43.00000,35.00000,679
146,21,9.518670e-02,53.00000,30.00000,698
146,22,9.602112e-02,45.00000,36.00000,696
146,23,9.763880e-02,36.00000,35.00000,632
146,24,9.490589e-02,53.00000,30.00000,683
146,25,9.488089e-02,48.00000,35.00000,614
146,26,9.979780e-02,49.00000,30.00000,626
146,27,9.732109e-02,37.00000,36.00000,701
146,28,9.660883e-02,43.00000,35.00000,579
146,29,9.540401e-02,48.00000,35.00000,734
146,30,9.866095e-02,49.00000,30.00000,715
146,31,9.692708e-02,53.00000,30.00000,652
146,32,9.819014e-02,31.00000,36.00000,602
146,33,9.560050e-02,53.00000,30.00000,665
146,34,9.627327e-02,57.00000,30.00000,668
146,35,9.484956e-02,47.00000,35.00000,620
146,36,9.945294e-02,47.00000,36.00000,669
146,37,9.474722e-02,35.00000,36.00000,675
146,38,9.354223e-02,48.00000,35.00000,707
146,39,9.800172e-02,45.00000,35.00000,671
146,40,9.582724e-02,49.00000,30.00000,618
146,41,9.324959e-02,46.00000,35.00000,682
146,42,9.843215e-02,53.00000,30.00000,625
146,43,9.612851e-02,49.00000,30.00000,613
146,44,9.785207e-02,54.00000,30.00000,605
146,45,9.136369e-02,57.00000,30.00000,679
146,46,9.403834e-02,43.00000,36.00000,657
146,47,9.100702e-02,57.00000,30.00000,690
146,48,9.484427e-02,43.00000,35.00000,689
146,49,9.441516e-02,54.00000,30.00000,653
146,50,9.511760e-02,49.00000,30.00000,635
146,51,1.004750e-01,31.00000,36.00000,637
146,52,9.318870e-02,53.00000,30.00000,616
146,53,9.116797e-02,53.00000,30.00000,672
146,54,9.188796e-02,54.00000,30.00000,627
146,55,9.601872e-02,31.00000,36.00000,620
146,56,1.037640e-01,31.00000,36.00000,633
146,57,9.492137e-02,44.00000,35.00000,627
146,58,9.553358e-02,49.00000,30.00000,634
146,59,9.665410e-02,50.00000,30.00000,627
146,60,9.684516e-02,42.00000,36.00000,611
146,61,9.377787e-02,53.00000,30.00000,612
146,62,9.456889e-02,41.00000,40.00000,611
146,63,9.381305e-02,48.00000,35.00000,610
146,64,9.597754e-02,49.00000,30.00000,621
146,65,9.880415e-02,44.00000,35.00000,613
146,66,9.931289e-02,42.00000,35.00000,610
146,67,9.581239e-02,48.00000,35.00000,609
146,68,9.616988e-02,43.00000,35.00000,585
146,69,9.560116e-02,56.00000,30.00000,613
146,70,9.516847e-02,56.00000,30.00000,616
146,71,9.516373e-02,48.00000,35.00000,610
147,0,1.024525e-01,25.00000,36.00000,9617
147,1,1.002264e-01,39.00000,36.00000,617
147,2,9.327885e-02,43.00000,36.00000,715
147,3,9.749835e-02,46.00000,35.00000,935
147,4,1.013937e-01,44.00000,35.00000,631
147,5,9.996530e-02,53.00000,30.00000,698
147,6,9.423269e-02,54.00000,30.00000,650
147,7,9.809059e-02,41.00000,36.00000,695
147,8,9.994149e-02,59.00000,30.00000,651
147,9,9.485890e-02,43.00000,36.00000,783
147,10,1.009075e-01,38.00000,40.00000,1092
147,11,9.855536e-02,30.00000,36.00000,4268
147,12,9.584779e-02,49.00000,30.00000,625
147,13,9.670614e-02,47.00000,35.00000,625
147,14,9.900708e-02,34.00000,36.00000,5724
147,15,9.796072e-02,42.00000,35.00000,603
147,16,9.491855e-02,42.00000,35.00000,923
147,17,9.657328e-02,57.00000,30.00000,695
147,18,9.673196e-02,39.00000,36.00000,698
147,19,1.009033e-01,46.00000,35.00000,658
147,20,9.410782e-02,49.00000,30.00000,677
147,21,9.741390e-02,44.00000,35.00000,705
147,22,9.515659e-02,44.00000,35.00000,691
147,23,9.412387e-02,54.00000,30.00000,693
147,24,9.523048e-02,54.00000,30.00000,2213
147,25,9.048683e-02,57.00000,30.00000,721
147,26,9.703878e-02,45.00000,35.00000,648
147,27,9.293545e-02,53.00000,30.00000,676
147,28,9.440257e-02,49.00000,30.00000,640
147,29,9.488825e-02,40.00000,35.00000,646
147,30,9.492563e-02,49.00000,30.00000,663
147,31,9.559235e-02,54.00000,30.00000,616
147,32,9.772479e-02,53.00000,30.00000,681
147,33,9.243726e-02,56.00000,30.00000,613
147,34,9.433496e-02,49.00000,30.00000,651
147,35,9.238645e-02,53.00000,30.00000,727
147,36,8.973792e-02,60.00000,30.00000,678
147,37,9.603981e-02,42.00000,35.00000,647
147,38,9.702499e-02,52.00000,30.00000,652
147,39,1.025031e-01,25.00000,36.00000,642
147,40,9.318410e-02,49.00000,30.00000,688
147,41,9.504323e-02,55.00000,30.00000,712
147,42,9.352688e-02,45.00000,35.00000,664
147,43,9.340638e-02,55.00000,30.00000,717
147,44,9.887249e-02,37.00000,36.00000,609
147,45,9.736256e-02,56.00000,30.00000,676
147,46,9.566569e-02,41.00000,36.00000,643
147,47,9.461752e-02,45.00000,35.00000,650
147,48,9.434028e-02,49.00000,30.00000,636
147,49,9.577014e-02,46.00000,35.00000,666
147,50,9.649298e-02,48.00000,35.00000,3268
147,51,9.502175e-02,45.00000,35.00000,648
147,52,9.696697e-02,47.00000,35.00000,600
147,53,9.658995e-02,49.00000,30.00000,616
147,54,9.756346e-02,35.00000,36.00000,603
147,55,9.318881e-02,54.00000,30.00000,610
147,56,9.803452e-02,49.00000,30.00000,624
147,57,9.732023e-02,42.00000,36.00000,626
147,58,9.708941e-02,59.00000,30.00000,640
147,59,9.922570e-02,50.00000,35.00000,608
147,60,9.824055e-02,49.00000,30.00000,587
147,61,9.730440e-02,37.00000,36.00000,639
147,62,9.796262e-02,38.00000,35.00000,613
147,63,9.769712e-02,37.00000,36.00000,595
147,64,9.641218e-02,41.00000,36.00000,615
147,65,1.024050e-01,36.00000,36.00000,555
147,66,9.742642e-02,54.00000,30.00000,606
147,67,9.597560e-02,48.00000,35.00000,623
147,68,9.820876e-02,45.00000,36.00000,625
147,69,9.570227e-02,45.00000,35.00000,618
147,70,9.679440e-02,53.00000,30.00000,608
147,71,9.375171e-02,49.00000,30.00000,629
148,0,9.815191e-02,43.00000,35.00000,3826
148,1,9.747771e-02,44.00000,35.00000,683
148,2,9.950007e-02,35.00000,36.00000,650
148,3,9.413978e-02,51.00000,30.00000,709
148,4,9.691694e-02,44.00000,35.00000,646
148,5,9.825875e-02,36.00000,36.00000,745
148,6,9.661864e-02,37.00000,35.00000,666
148,7,9.756936e-02,55.00000,30.00000,649
148,8,1.015678e-01,37.00000,36.00000,700
148,9,9.483506e-02,49.00000,30.00000,635
148,10,9.879239e-02,42.00000,35.00000,750
148,11,9.341276e-02,54.00000,30.00000,671
148,12,9.302888e-02,57.00000,30.00000,676
148,13,9.708403e-02,35.00000,36.00000,705
148,14,9.741198e-02,53.00000,30.00000,648
148,15,9.555577e-02,45.00000,35.00000,666
148,16,9.574615e-02,48.00000,35.00000,765
148,17,9.900174e-02,49.00000,30.00000,670
148,18,9.284015e-02,44.00000,35.00000,653
148,19,9.708679e-02,46.00000,35.00000,677
148,20,9.455308e-02,49.00000,30.00000,702
148,21,9.509113e-02,43.00000,35.00000,665
148,22,9.580679e-02,54.00000,30.00000,660
148,23,9.688506e-02,54.00000,30.00000,700
148,24,9.652238e-02,54.00000,30.00000,620
148,25,9.573485e-02,42.00000,36.00000,684
148,26,9.447639e-02,47.00000,35.00000,651
148,27,9.649733e-02,49.00000,30.00000,653
148,28,9.851280e-02,31.00000,36.00000,689
148,29,9.641787e-02,52.00000,30.00000,698
148,30,9.374944e-02,60.00000,30.00000,767
148,31,9.953748e-02,43.00000,35.00000,699
148,32,9.289556e-02,53.00000,30.00000,648
148,33,9.824162e-02,41.00000,35.00000,685
148,34,9.839431e-02,52.00000,30.00000,617
148,35,9.881537e-02,49.00000,30.00000,643
148,36,9.498633e-02,41.00000,40.00000,649
148,37,9.458564e-02,55.00000,30.00000,617
148,38,9.942761e-02,40.00000,35.00000,735
148,39,9.568681e-02,36.00000,36.00000,628
148,40,1.004527e-01,49.00000,30.00000,692
148,41,9.828212e-02,56.00000,30.00000,839
148,42,9.789046e-02,40.00000,40.00000,734
148,43,9.674191e-02,42.00000,36.00000,628
148,44,9.379216e-02,54.00000,30.00000,614
148,45,9.711492e-02,45.00000,35.00000,694
148,46,9.505476e-02,43.00000,35.00000,697
148,47,9.424369e-02,54.00000,30.00000,639
148,48,9.718134e-02,49.00000,30.00000,761
148,49,9.864257e-02,39.00000,35.00000,622
148,50,9.585785e-02,38.00000,35.00000,702
148,51,9.449545e-02,46.00000,35.00000,708
148,52,9.697900e-02,53.00000,30.00000,664
148,53,9.856237e-02,40.00000,36.00000,611
148,54,9.563938e-02,36.00000,40.00000,593
148,55,9.819947e-02,47.00000,35.00000,726
148,56,9.578324e-02,54.00000,30.00000,611
148,57,9.832925e-02,49.00000,35.00000,655
148,58,9.568647e-02,44.00000,35.00000,665
148,59,9.456596e-02,55.00000,30.00000,662
148,60,9.791569e-02,55.00000,30.00000,661
148,61,9.790111e-02,41.00000,36.00000,625
148,62,9.642334e-02,48.00000,35.00000,604
148,63,9.685841e-02,35.00000,40.00000,611
148,64,9.930889e-02,53.00000,30.00000,619
148,65,9.838296e-02,55.00000,30.00000,620
148,66,9.973907e-02,55.00000,30.00000,623
148,67,9.803696e-02,40.00000,36.00000,593
148,68,9.607373e-02,38.00000,36.00000,617
148,69,9.912673e-02,37.00000,36.00000,607
148,70,9.520864e-02,49.00000,30.00000,606
148,71,9.788518e-02,48.00000,35.00000,600
149,0,9.783613e-02,39.00000,35.00000,6182
149,1,9.468897e-02,42.00000,35.00000,619
149,2,9.226884e-02,59.00000,30.00000,747
149,3,9.668344e-02,51.00000,30.00000,649
149,4,9.398770e-02,49.00000,35.00000,756
149,5,9.961707e-02,25.00000,36.00000,709
149,6,9.804186e-02,37.00000,35.00000,672
149,7,9.396382e-02,56.00000,30.00000,619
149,8,9.492983e-02,59.00000,30.00000,735
149,9,9.462605e-02,53.00000,30.00000,684
149,10,9.728257e-02,44.00000,35.00000,13489
149,11,9.739205e-02,50.00000,35.00000,700
149,12,9.902311e-02,37.00000,35.00000,685
149,13,9.751464e-02,51.00000,30.00000,659
149,14,9.771196e-02,42.00000,35.00000,753
149,15,1.047057e-01,30.00000,36.00000,592
149,16,1.001767e-01,37.00000,36.00000,685
149,17,9.624170e-02,47.00000,35.00000,614
149,18,9.786993e-02,44.00000,35.00000,650
149,19,9.729510e-02,43.00000,35.00000,672
149,20,9.591824e-02,42.00000,35.00000,10850
149,21,9.570690e-02,43.00000,35.00000,609
149,22,1.021281e-01,36.00000,36.00000,656
149,23,9.691879e-02,53.00000,30.00000,676
149,24,1.006852e-01,45.00000,35.00000,720
149,25,9.952308e-02,35.00000,36.00000,686
149,26,9.913620e-02,43.00000,35.00000,658
149,27,9.714380e-02,49.00000,30.00000,656
149,28,9.810473e-02,43.00000,35.00000,699
149,29,1.000322e-01,31.00000,36.00000,653
149,30,9.565927e-02,54.00000,30.00000,6924
149,31,9.755760e-02,53.00000,30.00000,693
149,32,9.500282e-02,43.00000,35.00000,626
149,33,1.011289e-01,47.00000,35.00000,690
149,34,9.738668e-02,40.00000,36.00000,737
149,35,9.734864e-02,41.00000,35.00000,1929
149,36,9.941944e-02,49.00000,30.00000,715
149,37,9.684043e-02,46.00000,35.00000,704
149,38,9.914680e-02,45.00000,35.00000,684
149,39,9.891519e-02,37.00000,36.00000,730
149,40,9.550051e-02,44.00000,35.00000,5011
149,41,1.038801e-01,41.00000,35.00000,612
149,42,9.998389e-02,38.00000,36.00000,627
149,43,1.009352e-01,49.00000,30.00000,602
149,44,9.543526e-02,57.00000,30.00000,695
149,45,9.532003e-02,47.00000,35.00000,6767
149,46,9.391211e-02,49.00000,30.00000,669
149,47,9.157915e-02,59.00000,30.00000,775
149,48,9.529848e-02,49.00000,30.00000,703
149,49,9.769601e-02,38.00000,35.00000,734
149,50,9.510158e-02,57.00000,30.00000,3993
149,51,9.785472e-02,30.00000,36.00000,722
149,52,1.002568e-01,42.00000,35.00000,611
149,53,9.692787e-02,43.00000,35.00000,653
149,54,9.601583e-02,46.00000,35.00000,710
149,55,9.991663e-02,44.00000,35.00000,7285
149,56,9.502707e-02,53.00000,30.00000,655
149,57,9.999344e-02,37.00000,35.00000,589
149,58,9.383474e-02,53.00000,30.00000,655
149,59,9.346872e-02,54.00000,30.00000,606
149,60,9.331277e-02,56.00000,30.00000,763
149,61,9.641258e-02,53.00000,30.00000,625
149,62,9.311989e-02,57.00000,30.00000,632
149,63,9.689040e-02,49.00000,30.00000,597
149,64,9.433779e-02,53.00000,30.00000,617
149,65,9.773747e-02,48.00000,35.00000,1495
149,66,9.414218e-02,47.00000,35.00000,635
149,67,9.597301e-02,54.00000,30.00000,621
149,68,9.763322e-02,35.00000,40.00000,615
149,69,9.598520e-02,49.00000,30.00000,598
149,70,1.006151e-01,39.00000,36.00000,585
149,71,1.008327e-01,41.00000,40.00000,591
150,0,9.621383e-02,43.00000,35.00000,16499
150,1,9.636845e-02,57.00000,30.00000,700
150,2,9.414077e-02,53.00000,30.00000,645
150,3,9.617712e-02,54.00000,30.00000,693
150,4,9.569319e-02,42.00000,35.00000,668
150,5,9.645886e-02,48.00000,35.00000,686
150,6,9.280144e-02,49.00000,30.00000,718
150,7,9.675202e-02,44.00000,35.00000,661
150,8,9.798869e-02,54.00000,30.00000,658
150,9,9.656180e-02,45.00000,35.00000,777
150,10,1.064192e-01,51.00000,30.00000,7195
150,11,9.767076e-02,38.00000,40.00000,2572
150,12,9.978458e-02,35.00000,36.00000,729
150,13,9.757998e-02,51.00000,30.00000,663
150,14,1.016026e-01,40.00000,35.00000,654
150,15,9.846747e-02,44.00000,35.00000,675
150,16,1.040631e-01,35.00000,36.00000,680
150,17,9.833831e-02,53.00000,30.00000,692
150,18,1.001742e-01,41.00000,36.00000,713
150,19,9.457874e-02,53.00000,30.00000,689
150,20,1.013546e-01,36.00000,35.00000,8287
150,21,1.023153e-01,25.00000,36.00000,2320
150,22,1.014181e-01,40.00000,35.00000,600
150,23,1.024755e-01,39.00000,35.00000,581
150,24,9.694563e-02,49.00000,30.00000,696
150,25,1.003060e-01,46.00000,35.00000,1604
150,26,9.946474e-02,42.00000,35.00000,682
150,27,9.873436e-02,31.00000,36.00000,782
150,28,9.951839e-02,45.00000,35.00000,707
150,29,9.527144e-02,53.00000,30.00000,699
150,30,9.680916e-02,44.00000,35.00000,7675
150,31,9.625842e-02,49.00000,30.00000,4125
150,32,9.501289e-02,49.00000,30.00000,630
150,33,9.573077e-02,54.00000,30.00000,685
150,34,9.789786e-02,40.00000,35.00000,686
150,35,9.833159e-02,49.00000,30.00000,695
150,36,9.522456e-02,54.00000,30.00000,692
150,37,9.928089e-02,31.00000,36.00000,633
150,38,9.857570e-02,37.00000,36.00000,735
150,39,9.742221e-02,55.00000,30.00000,769
150,40,9.749947e-02,43.00000,35.00000,6358
150,41,9.952317e-02,51.00000,30.00000,4345
150,42,1.036924e-01,41.00000,35.00000,671
150,43,1.005184e-01,36.00000,36.00000,648
150,44,9.757426e-02,45.00000,35.00000,675
150,45,9.851793e-02,53.00000,30.00000,642
150,46,1.010206e-01,30.00000,36.00000,698
150,47,9.325997e-02,56.00000,30.00000,671
150,48,9.597971e-02,48.00000,35.00000,876
150,49,9.482805e-02,53.00000,30.00000,735
150,50,1.006969e-01,49.00000,30.00000,7774
150,51,9.942433e-02,37.00000,36.00000,5493
150,52,9.895500e-02,48.00000,35.00000,662
150,53,9.921760e-02,35.00000,36.00000,609
150,54,1.016803e-01,35.00000,36.00000,599
150,55,9.860927e-02,44.00000,35.00000,599
150,56,9.837519e-02,49.00000,30.00000,606
150,57,9.780866e-02,54.00000,30.00000,649
150,58,9.599222e-02,52.00000,30.00000,611
150,59,9.478698e-02,49.00000,30.00000,623
150,60,9.776682e-02,55.00000,30.00000,619
150,61,9.582844e-02,51.00000,30.00000,867
150,62,9.782860e-02,40.00000,35.00000,638
150,63,9.770341e-02,53.00000,30.00000,615
150,64,9.634337e-02,38.00000,35.00000,622
150,65,9.473497e-02,49.00000,30.00000,615
150,66,9.799437e-02,40.00000,36.00000,615
150,67,9.610935e-02,54.00000,30.00000,607
150,68,9.850526e-02,44.00000,35.00000,594
150,69,9.870011e-02,57.00000,30.00000,631
150,70,9.721689e-02,56.00000,30.00000,614
150,71,9.687237e-02,51.00000,35.00000,608
151,0,9.650315e-02,43.00000,36.00000,179717
151,1,9.356505e-02,52.00000,30.00000,633
151,2,9.377608e-02,56.00000,30.00000,678
151,3,9.648609e-02,53.00000,30.00000,645
151,4,9.730379e-02,49.00000,30.00000,624
151,5,9.482501e-02,54.00000,30.00000,662
151,6,1.012800e-01,43.00000,35.00000,593
151,7,9.575900e-02,52.00000,30.00000,683
151,8,9.718764e-02,40.00000,35.00000,657
151,9,9.723137e-02,44.00000,35.00000,687
151,10,1.032278e-01,49.00000,30.00000,8790
151,11,9.566313e-02,40.00000,36.00000,772
151,12,9.933159e-02,49.00000,35.00000,593
151,13,1.009277e-01,45.00000,35.00000,677
151,14,9.517253e-02,57.00000,30.00000,740
151,15,1.004138e-01,49.00000,30.00000,587
151,16,9.893382e-02,45.00000,35.00000,765
151,17,9.934903e-02,36.00000,40.00000,782
151,18,1.041622e-01,35.00000,36.00000,657
151,19,9.909514e-02,42.00000,36.00000,728
151,20,1.034367e-01,42.00000,35.00000,10931
151,21,9.977201e-02,42.00000,35.00000,635
151,22,9.710665e-02,46.00000,35.00000,635
151,23,9.749894e-02,55.00000,30.00000,720
151,24,1.015330e-01,25.00000,36.00000,616
151,25,9.646232e-02,47.00000,35.00000,707
151,26,9.905612e-02,41.00000,35.00000,619
151,27,9.731376e-02,45.00000,35.00000,766
151,28,9.806057e-02,53.00000,30.00000,759
151,29,9.947696e-02,44.00000,35.00000,645
151,30,9.870429e-02,47.00000,35.00000,6897
151,31,9.753486e-02,37.00000,36.00000,698
151,32,9.416980e-02,49.00000,30.00000,697
151,33,1.042599e-01,36.00000,36.00000,633
151,34,1.013952e-01,52.00000,30.00000,673
151,35,1.007189e-01,35.00000,36.00000,656
151,36,1.003220e-01,42.00000,35.00000,681
151,37,9.530351e-02,59.00000,30.00000,745
151,38,9.725106e-02,46.00000,35.00000,673
151,39,1.014269e-01,42.00000,35.00000,656
151,40,9.678853e-02,47.00000,35.00000,11115
151,41,9.599875e-02,49.00000,30.00000,603
151,42,9.734814e-02,55.00000,30.00000,729
151,43,9.813489e-02,42.00000,35.00000,620
151,44,9.544452e-02,45.00000,35.00000,694
151,45,1.010424e-01,43.00000,36.00000,642
151,46,9.886675e-02,52.00000,30.00000,695
151,47,9.733725e-02,49.00000,30.00000,683
151,48,1.012655e-01,38.00000,35.00000,633
151,49,9.636784e-02,45.00000,35.00000,712
151,50,1.005258e-01,47.00000,35.00000,10183
151,51,9.838171e-02,46.00000,35.00000,661
151,52,9.988765e-02,39.00000,35.00000,596
151,53,1.028859e-01,30.00000,36.00000,668
151,54,9.757653e-02,43.00000,35.00000,655
151,55,1.003246e-01,37.00000,36.00000,668
151,56,9.625436e-02,49.00000,30.00000,635
151,57,1.025740e-01,31.00000,36.00000,637
151,58,9.742409e-02,45.00000,35.00000,588
151,59,9.989145e-02,40.00000,36.00000,663
151,60,9.807375e-02,49.00000,30.00000,3002
151,61,1.048810e-01,31.00000,36.00000,610
151,62,1.018411e-01,41.00000,36.00000,593
151,63,9.730227e-02,49.00000,30.00000,645
151,64,9.456252e-02,55.00000,30.00000,625
151,65,1.031221e-01,50.00000,35.00000,609
151,66,9.744116e-02,47.00000,35.00000,619
151,67,9.934212e-02,52.00000,30.00000,598
151,68,9.854515e-02,48.00000,35.00000,599
151,69,9.790055e-02,43.00000,35.00000,627
151,70,1.037145e-01,49.00000,30.00000,590
151,71,9.957122e-02,38.00000,36.00000,602
152,0,1.013472e-01,42.00000,35.00000,11150
152,1,9.656169e-02,45.00000,35.00000,637
152,2,9.558026e-02,53.00000,30.00000,682
152,3,9.713873e-02,45.00000,35.00000,814
152,4,9.531624e-02,49.00000,30.00000,638
152,5,9.540125e-02,49.00000,30.00000,667
152,6,1.000945e-01,49.00000,30.00000,663
152,7,1.003031e-01,49.00000,36.00000,684
152,8,9.829520e-02,49.00000,30.00000,591
152,9,9.799643e-02,47.00000,35.00000,738
152,10,9.527708e-02,49.00000,30.00000,11578
152,11,9.549657e-02,57.00000,30.00000,734
152,12,9.594660e-02,49.00000,35.00000,684
152,13,1.015411e-01,43.00000,35.00000,617
152,14,9.670421e-02,45.00000,35.00000,683
152,15,9.775124e-02,53.00000,30.00000,642
152,16,9.442839e-02,49.00000,30.00000,722
152,17,9.938349e-02,36.00000,35.00000,617
152,18,9.789468e-02,47.00000,35.00000,737
152,19,9.933647e-02,49.00000,30.00000,655
152,20,9.613972e-02,49.00000,30.00000,8513
152,21,9.462301e-02,56.00000,30.00000,690
152,22,9.560972e-02,45.00000,35.00000,3050
152,23,9.874523e-02,53.00000,30.00000,634
152,24,9.554038e-02,53.00000,30.00000,657
152,25,9.692216e-02,40.00000,36.00000,718
152,26,9.593201e-02,46.00000,35.00000,749
152,27,9.945266e-02,54.00000,30.00000,637
152,28,9.895606e-02,45.00000,35.00000,637
152,29,9.760681e-02,51.00000,30.00000,656
152,30,9.744041e-02,42.00000,35.00000,10339
152,31,9.908368e-02,49.00000,30.00000,670
152,32,9.730408e-02,53.00000,30.00000,744
152,33,1.005382e-01,43.00000,35.00000,681
152,34,9.751235e-02,39.00000,36.00000,675
152,35,1.007747e-01,49.00000,30.00000,641
152,36,1.019400e-01,41.00000,35.00000,609
152,37,9.786718e-02,36.00000,40.00000,705
152,38,9.597971e-02,45.00000,35.00000,694
152,39,9.662404e-02,36.00000,36.00000,706
152,40,1.000776e-01,49.00000,30.00000,8628
152,41,9.636768e-02,49.00000,30.00000,717
152,42,9.824015e-02,53.00000,30.00000,1931
152,43,9.674279e-02,56.00000,30.00000,649
152,44,1.043409e-01,30.00000,36.00000,737
152,45,9.731252e-02,48.00000,35.00000,673
152,46,9.940191e-02,43.00000,36.00000,636
152,47,9.329987e-02,57.00000,30.00000,716
152,48,9.593295e-02,49.00000,30.00000,721
152,49,9.628643e-02,49.00000,30.00000,662
152,50,9.849183e-02,54.00000,30.00000,9525
152,51,9.777807e-02,47.00000,35.00000,685
152,52,1.008757e-01,47.00000,35.00000,642
152,53,9.966232e-02,49.00000,35.00000,659
152,54,9.705867e-02,46.00000,35.00000,680
152,55,9.943070e-02,57.00000,30.00000,682
152,56,9.623960e-02,56.00000,30.00000,719
152,57,9.848548e-02,56.00000,30.00000,699
152,58,9.817474e-02,46.00000,35.00000,661
152,59,1.015344e-01,42.00000,36.00000,601
152,60,9.719558e-02,52.00000,30.00000,4166
152,61,1.008697e-01,36.00000,36.00000,594
152,62,9.640718e-02,49.00000,30.00000,622
152,63,9.748785e-02,45.00000,35.00000,606
152,64,9.785178e-02,49.00000,35.00000,596
152,65,1.010005e-01,42.00000,35.00000,589
152,66,9.663149e-02,49.00000,30.00000,604
152,67,9.507030e-02,53.00000,30.00000,624
152,68,9.932709e-02,44.00000,35.00000,587
152,69,9.843738e-02,53.00000,30.00000,609
152,70,9.557078e-02,49.00000,30.00000,613
152,71,9.651802e-02,45.00000,35.00000,634
153,0,9.480400e-02,49.00000,35.00000,4479
153,1,9.450200e-02,54.00000,30.00000,6763
153,2,9.837811e-02,52.00000,30.00000,754
153,3,9.408946e-02,57.00000,30.00000,682
153,4,9.649337e-02,55.00000,30.00000,695
153,5,9.805959e-02,44.00000,35.00000,708
153,6,9.766145e-02,40.00000,36.00000,685
153,7,9.976305e-02,49.00000,30.00000,641
153,8,9.854972e-02,43.00000,35.00000,606
153,9,9.621019e-02,44.00000,35.00000,806
153,10,9.531114e-02,54.00000,30.00000,11020
153,11,9.592692e-02,55.00000,30.00000,722
153,12,9.816626e-02,48.00000,35.00000,669
153,13,1.003115e-01,39.00000,36.00000,726
153,14,9.620424e-02,52.00000,30.00000,619
153,15,1.008260e-01,48.00000,35.00000,641
153,16,9.868285e-02,46.00000,35.00000,705
153,17,9.651708e-02,49.00000,30.00000,643
153,18,9.704857e-02,45.00000,35.00000,732
153,19,9.672450e-02,36.00000,35.00000,685
153,20,9.546027e-02,49.00000,30.00000,9614
153,21,1.009924e-01,35.00000,36.00000,721
153,22,9.598075e-02,53.00000,30.00000,647
153,23,9.641398e-02,54.00000,30.00000,680
153,24,9.856897e-02,46.00000,35.00000,682
153,25,9.859489e-02,38.00000,35.00000,709
153,26,9.912553e-02,49.00000,30.00000,661
153,27,9.618257e-02,55.00000,30.00000,666
153,28,9.544946e-02,52.00000,30.00000,731
153,29,1.000899e-01,37.00000,36.00000,628
153,30,1.002809e-01,44.00000,35.00000,11311
153,31,1.014230e-01,42.00000,35.00000,669
153,32,9.701363e-02,54.00000,30.00000,675
153,33,9.871814e-02,42.00000,35.00000,723
153,34,1.013094e-01,36.00000,36.00000,699
153,35,1.043871e-01,30.00000,36.00000,638
153,36,9.924228e-02,48.00000,35.00000,691
153,37,9.893019e-02,45.00000,40.00000,626
153,38,1.050884e-01,43.00000,35.00000,604
153,39,1.016106e-01,38.00000,36.00000,633
153,40,1.022540e-01,25.00000,36.00000,11531
153,41,1.086760e-01,31.00000,36.00000,676
153,42,9.913456e-02,48.00000,35.00000,686
153,43,9.803958e-02,45.00000,35.00000,709
153,44,9.785828e-02,49.00000,30.00000,780
153,45,9.907188e-02,53.00000,30.00000,740
153,46,9.801894e-02,49.00000,30.00000,676
153,47,1.017185e-01,46.00000,35.00000,644
153,48,9.896741e-02,42.00000,36.00000,723
153,49,9.881357e-02,52.00000,30.00000,704
153,50,9.742258e-02,45.00000,35.00000,10460
153,51,1.013590e-01,46.00000,35.00000,1454
153,52,9.852837e-02,57.00000,30.00000,653
153,53,9.962571e-02,48.00000,35.00000,689
153,54,9.735301e-02,49.00000,30.00000,675
153,55,9.667499e-02,48.00000,35.00000,678
153,56,1.018502e-01,40.00000,36.00000,694
153,57,1.003873e-01,55.00000,30.00000,763
153,58,1.000900e-01,47.00000,35.00000,694
153,59,9.972952e-02,40.00000,35.00000,652
153,60,9.938622e-02,36.00000,36.00000,4849
153,61,9.750571e-02,57.00000,30.00000,629
153,62,9.836246e-02,47.00000,35.00000,630
153,63,9.712584e-02,52.00000,30.00000,634
153,64,1.013958e-01,36.00000,36.00000,597
153,65,9.966131e-02,42.00000,35.00000,618
153,66,1.033666e-01,44.00000,35.00000,582
153,67,9.814005e-02,49.00000,35.00000,607
153,68,1.004618e-01,46.00000,35.00000,589
153,69,1.027484e-01,35.00000,40.00000,569
153,70,1.026293e-01,46.00000,35.00000,589
153,71,1.040980e-01,43.00000,36.00000,576
154,0,9.997514e-02,48.00000,35.00000,8452
154,1,1.020944e-01,34.00000,36.00000,613
154,2,9.938864e-02,48.00000,35.00000,709
154,3,1.012129e-01,50.00000,35.00000,713
154,4,1.000894e-01,49.00000,30.00000,658
154,5,9.889724e-02,48.00000,35.00000,750
154,6,1.008274e-01,44.00000,35.00000,652
154,7,1.025526e-01,43.00000,35.00000,652
154,8,9.757653e-02,46.00000,36.00000,663
154,9,9.633590e-02,57.00000,30.00000,750
154,10,1.035944e-01,31.00000,36.00000,6101
154,11,9.741081e-02,48.00000,35.00000,693
154,12,1.033076e-01,35.00000,36.00000,616
154,13,1.012061e-01,44.00000,35.00000,665
154,14,1.018579e-01,38.00000,35.00000,639
154,15,1.016651e-01,47.00000,35.00000,770
154,16,1.009088e-01,40.00000,40.00000,641
154,17,1.028207e-01,34.00000,36.00000,695
154,18,1.035444e-01,53.00000,30.00000,666
154,19,1.001528e-01,53.00000,30.00000,783
154,20,1.004557e-01,49.00000,30.00000,9947
154,21,1.001711e-01,53.00000,30.00000,641
154,22,9.993643e-02,41.00000,36.00000,661
154,23,1.036765e-01,40.00000,36.00000,600
154,24,9.966820e-02,38.00000,40.00000,766
154,25,1.009599e-01,46.00000,35.00000,636
154,26,1.057724e-01,39.00000,36.00000,692
154,27,9.705516e-02,52.00000,30.00000,710
154,28,1.017747e-01,31.00000,36.00000,671
154,29,1.027492e-01,37.00000,35.00000,623
154,30,9.830428e-02,44.00000,35.00000,9085
154,31,1.001033e-01,41.00000,35.00000,749
154,32,9.896407e-02,49.00000,30.00000,694
154,33,1.020370e-01,30.00000,36.00000,677
154,34,9.792991e-02,48.00000,35.00000,620
154,35,9.611119e-02,51.00000,30.00000,698
154,36,9.622218e-02,54.00000,30.00000,656
154,37,9.852316e-02,57.00000,30.00000,694
154,38,9.431472e-02,56.00000,30.00000,634
154,39,9.561791e-02,53.00000,30.00000,811
154,40,1.044531e-01,49.00000,30.00000,8088
154,41,1.028717e-01,36.00000,36.00000,690
154,42,9.879810e-02,52.00000,30.00000,679
154,43,9.882504e-02,41.00000,36.00000,617
154,44,1.013637e-01,44.00000,36.00000,641
154,45,1.041180e-01,35.00000,40.00000,685
154,46,9.842377e-02,49.00000,30.00000,674
154,47,1.012664e-01,55.00000,30.00000,697
154,48,1.016731e-01,43.00000,36.00000,622
154,49,9.891701e-02,41.00000,36.00000,689
154,50,1.010076e-01,30.00000,40.00000,9794
154,51,9.927851e-02,58.00000,30.00000,679
154,52,1.023167e-01,30.00000,36.00000,673
154,53,1.006556e-01,58.00000,30.00000,702
154,54,9.874973e-02,54.00000,30.00000,663
154,55,1.038472e-01,36.00000,36.00000,639
154,56,9.918831e-02,49.00000,30.00000,653
154,57,1.004883e-01,30.00000,36.00000,694
154,58,9.896889e-02,49.00000,30.00000,660
154,59,1.024794e-01,41.00000,36.00000,650
154,60,9.869684e-02,46.00000,35.00000,4760
154,61,1.007230e-01,43.00000,35.00000,602
154,62,9.897096e-02,42.00000,35.00000,619
154,63,9.940748e-02,48.00000,35.00000,623
154,64,9.876830e-02,53.00000,30.00000,609
154,65,9.831634e-02,40.00000,35.00000,614
154,66,1.013045e-01,42.00000,35.00000,593
154,67,9.869584e-02,52.00000,30.00000,597
154,68,1.004552e-01,40.00000,35.00000,599
154,69,9.838490e-02,53.00000,30.00000,621
154,70,1.027053e-01,49.00000,30.00000,600
154,71,1.013872e-01,41.00000,36.00000,609
155,0,9.789763e-02,56.00000,30.00000,6327
155,1,9.908734e-02,49.00000,30.00000,3423
155,2,1.011838e-01,37.00000,36.00000,723
155,3,9.854983e-02,45.00000,35.00000,752
155,4,9.960949e-02,57.00000,30.00000,722
155,5,1.026546e-01,36.00000,36.00000,675
155,6,9.915482e-02,49.00000,30.00000,684
155,7,9.980370e-02,43.00000,36.00000,670
155,8,1.019856e-01,41.00000,35.00000,668
155,9,1.050571e-01,41.00000,35.00000,621
155,10,1.027055e-01,25.00000,36.00000,10073
155,11,9.899451e-02,57.00000,30.00000,781
155,12,9.810332e-02,46.00000,35.00000,743
155,13,1.018658e-01,59.00000,30.00000,692
155,14,1.050014e-01,25.00000,36.00000,670
155,15,9.795713e-02,54.00000,30.00000,755
155,16,1.005071e-01,49.00000,30.00000,680
155,17,9.980094e-02,40.00000,35.00000,785
155,18,9.869614e-02,42.00000,35.00000,608
155,19,9.868480e-02,49.00000,30.00000,685
155,20,9.537660e-02,49.00000,35.00000,12518
155,21,1.013508e-01,36.00000,36.00000,688
155,22,1.055582e-01,35.00000,36.00000,824
155,23,1.010139e-01,40.00000,36.00000,701
155,24,1.008939e-01,43.00000,35.00000,684
155,25,1.044443e-01,49.00000,35.00000,647
155,26,1.012155e-01,53.00000,30.00000,614
155,27,1.004839e-01,49.00000,30.00000,663
155,28,1.024400e-01,49.00000,30.00000,687
155,29,1.017829e-01,37.00000,36.00000,601
155,30,1.012897e-01,50.00000,30.00000,8866
155,31,9.989484e-02,36.00000,35.00000,1182
155,32,1.016553e-01,49.00000,35.00000,704
155,33,1.065696e-01,40.00000,36.00000,663
155,34,1.007045e-01,43.00000,36.00000,660
155,35,1.062599e-01,40.00000,36.00000,622
155,36,1.013392e-01,44.00000,35.00000,631
155,37,1.008199e-01,42.00000,35.00000,722
155,38,1.020605e-01,39.00000,36.00000,751
155,39,1.028549e-01,45.00000,35.00000,619
155,40,9.807615e-02,55.00000,30.00000,15094
155,41,1.015941e-01,49.00000,30.00000,632
155,42,1.018241e-01,40.00000,40.00000,729
155,43,1.003195e-01,45.00000,35.00000,672
155,44,9.937227e-02,55.00000,30.00000,716
155,45,1.020760e-01,43.00000,35.00000,682
155,46,9.754975e-02,54.00000,30.00000,706
155,47,1.028022e-01,38.00000,35.00000,678
155,48,1.006137e-01,47.00000,35.00000,711
155,49,1.010863e-01,43.00000,35.00000,709
155,50,1.024015e-01,37.00000,36.00000,8916
155,51,1.014673e-01,42.00000,35.00000,705
155,52,1.015174e-01,38.00000,35.00000,662
155,53,9.855994e-02,49.00000,30.00000,682
155,54,1.022867e-01,41.00000,35.00000,655
155,55,1.006262e-01,44.00000,35.00000,707
155,56,9.898064e-02,48.00000,35.00000,691
155,57,9.905452e-02,45.00000,35.00000,663
155,58,9.775906e-02,53.00000,30.00000,633
155,59,9.904066e-02,53.00000,30.00000,634
155,60,9.805292e-02,45.00000,36.00000,3161
155,61,9.862544e-02,60.00000,30.00000,635
155,62,9.889519e-02,41.00000,35.00000,614
155,63,9.822067e-02,44.00000,35.00000,634
155,64,9.914780e-02,46.00000,35.00000,602
155,65,9.964957e-02,52.00000,30.00000,603
155,66,9.978806e-02,37.00000,36.00000,637
155,67,9.730638e-02,55.00000,30.00000,624
155,68,9.873519e-02,43.00000,35.00000,599
155,69,9.730262e-02,49.00000,30.00000,639
155,70,9.970843e-02,49.00000,30.00000,596
155,71,1.028014e-01,38.00000,35.00000,597
156,0,1.041939e-01,37.00000,36.00000,9162
156,1,1.027115e-01,44.00000,35.00000,768
156,2,1.027684e-01,48.00000,35.00000,650
156,3,1.037464e-01,57.00000,30.00000,734
156,4,1.004681e-01,41.00000,36.00000,658
156,5,1.010226e-01,48.00000,35.00000,682
156,6,1.001987e-01,48.00000,35.00000,668
156,7,1.006217e-01,43.00000,35.00000,677
156,8,1.016517e-01,41.00000,36.00000,665
156,9,1.012960e-01,54.00000,30.00000,727
156,10,1.036120e-01,37.00000,36.00000,4187
156,11,1.063354e-01,31.00000,36.00000,786
156,12,1.052412e-01,30.00000,36.00000,1399
156,13,1.008805e-01,43.00000,35.00000,706
156,14,9.994617e-02,40.00000,35.00000,1023
156,15,1.020790e-01,38.00000,36.00000,634
156,16,1.076732e-01,42.00000,35.00000,591
156,17,1.022488e-01,53.00000,30.00000,675
156,18,1.004984e-01,49.00000,30.00000,720
156,19,1.037982e-01,36.00000,35.00000,709
156,20,1.010299e-01,45.00000,35.00000,6564
156,21,9.964564e-02,53.00000,30.00000,1704
156,22,9.925298e-02,54.00000,30.00000,647
156,23,1.024007e-01,37.00000,35.00000,664
156,24,9.862445e-02,45.00000,35.00000,749
156,25,1.037183e-01,52.00000,30.00000,652
156,26,9.509175e-02,49.00000,30.00000,703
156,27,9.951024e-02,35.00000,36.00000,711
156,28,9.548214e-02,52.00000,30.00000,694
156,29,1.014215e-01,38.00000,35.00000,702
156,30,9.857999e-02,54.00000,30.00000,6719
156,31,9.678213e-02,55.00000,30.00000,709
156,32,1.029609e-01,38.00000,36.00000,699
156,33,9.936458e-02,55.00000,30.00000,737
156,34,9.889781e-02,56.00000,30.00000,706
156,35,9.641382e-02,55.00000,30.00000,702
156,36,1.056717e-01,44.00000,35.00000,672
156,37,1.057601e-01,30.00000,36.00000,635
156,38,1.028074e-01,40.00000,35.00000,700
156,39,9.899711e-02,45.00000,35.00000,740
156,40,1.032936e-01,37.00000,36.00000,784
156,41,9.685819e-02,53.00000,30.00000,2353
156,42,9.527062e-02,57.00000,30.00000,735
156,43,9.869841e-02,45.00000,35.00000,711
156,44,1.007846e-01,35.00000,36.00000,710
156,45,1.009440e-01,52.00000,30.00000,678
156,46,9.637789e-02,49.00000,30.00000,722
156,47,9.950401e-02,46.00000,35.00000,691
156,48,9.689061e-02,53.00000,30.00000,691
156,49,1.025126e-01,31.00000,36.00000,625
156,50,9.830867e-02,59.00000,30.00000,666
156,51,9.872536e-02,38.00000,35.00000,3800
156,52,1.008212e-01,49.00000,30.00000,665
156,53,9.862585e-02,43.00000,35.00000,664
156,54,1.064667e-01,38.00000,35.00000,587
156,55,9.963246e-02,61.00000,30.00000,690
156,56,9.979104e-02,52.00000,30.00000,708
156,57,9.777837e-02,53.00000,30.00000,681
156,58,1.029231e-01,42.00000,35.00000,618
156,59,1.041904e-01,31.00000,36.00000,620
156,60,9.865339e-02,48.00000,35.00000,656
156,61,1.022206e-01,31.00000,36.00000,617
156,62,1.007355e-01,44.00000,35.00000,594
156,63,1.033335e-01,41.00000,35.00000,574
156,64,1.014325e-01,40.00000,35.00000,598
156,65,9.977233e-02,53.00000,30.00000,623
156,66,1.011994e-01,44.00000,35.00000,601
156,67,9.804562e-02,52.00000,35.00000,627
156,68,1.018779e-01,37.00000,36.00000,595
156,69,1.010343e-01,44.00000,35.00000,602
156,70,1.008860e-01,57.00000,30.00000,629
156,71,1.003742e-01,44.00000,35.00000,613
157,0,1.043543e-01,54.00000,30.00000,8279
157,1,9.995624e-02,47.00000,35.00000,712
157,2,9.901025e-02,54.00000,30.00000,630
157,3,1.007999e-01,40.00000,36.00000,762
157,4,1.015462e-01,37.00000,40.00000,633
157,5,9.921588e-02,43.00000,35.00000,691
157,6,1.038212e-01,49.00000,30.00000,617
157,7,9.919211e-02,48.00000,35.00000,726
157,8,9.825845e-02,49.00000,30.00000,715
157,9,1.007152e-01,48.00000,35.00000,762
157,10,1.019295e-01,41.00000,35.00000,9112
157,11,1.045756e-01,36.00000,40.00000,692
157,12,1.041766e-01,36.00000,36.00000,633
157,13,1.066440e-01,41.00000,35.00000,585
157,14,1.085650e-01,25.00000,36.00000,677
157,15,1.103824e-01,35.00000,36.00000,605
157,16,1.012352e-01,45.00000,35.00000,715
157,17,9.996527e-02,49.00000,30.00000,690
157,18,1.089293e-01,35.00000,36.00000,626
157,19,1.046560e-01,36.00000,36.00000,655
157,20,9.775685e-02,57.00000,30.00000,12855
157,21,9.733436e-02,53.00000,30.00000,669
157,22,1.005510e-01,49.00000,30.00000,674
157,23,1.031235e-01,49.00000,30.00000,660
157,24,1.024398e-01,40.00000,36.00000,723
157,25,1.023301e-01,51.00000,35.00000,626
157,26,1.008274e-01,49.00000,30.00000,675
157,27,9.746382e-02,55.00000,30.00000,778
157,28,1.081157e-01,25.00000,36.00000,614
157,29,1.030739e-01,31.00000,36.00000,627
157,30,1.028847e-01,57.00000,30.00000,12626
157,31,1.008478e-01,48.00000,35.00000,655
157,32,1.024890e-01,35.00000,36.00000,646
157,33,1.029088e-01,43.00000,35.00000,713
157,34,1.029991e-01,45.00000,35.00000,682
157,35,1.009192e-01,46.00000,35.00000,666
157,36,1.016823e-01,48.00000,35.00000,631
157,37,1.066752e-01,36.00000,36.00000,671
157,38,1.024063e-01,45.00000,35.00000,725
157,39,1.052621e-01,35.00000,36.00000,693
157,40,1.027535e-01,58.00000,30.00000,9142
157,41,9.966292e-02,37.00000,35.00000,767
157,42,9.673888e-02,55.00000,30.00000,677
157,43,1.016165e-01,55.00000,30.00000,652
157,44,9.866869e-02,53.00000,30.00000,662
157,45,1.049830e-01,31.00000,36.00000,621
157,46,1.030157e-01,43.00000,35.00000,665
157,47,1.027235e-01,40.00000,36.00000,643
157,48,1.001617e-01,42.00000,35.00000,625
157,49,9.967202e-02,38.00000,36.00000,681
157,50,9.852974e-02,57.00000,30.00000,11445
157,51,9.849524e-02,55.00000,30.00000,678
157,52,1.023375e-01,36.00000,40.00000,715
157,53,9.827980e-02,46.00000,35.00000,620
157,54,1.028450e-01,45.00000,35.00000,577
157,55,1.021098e-01,42.00000,36.00000,580
157,56,1.023707e-01,41.00000,35.00000,604
157,57,9.998953e-02,52.00000,35.00000,636
157,58,1.004302e-01,55.00000,30.00000,619
157,59,1.082799e-01,44.00000,35.00000,578
157,60,1.036076e-01,25.00000,36.00000,1700
157,61,1.005028e-01,47.00000,35.00000,596
157,62,9.845028e-02,45.00000,36.00000,612
157,63,1.015505e-01,53.00000,30.00000,608
157,64,9.856713e-02,49.00000,30.00000,625
157,65,9.822953e-02,43.00000,35.00000,627
157,66,1.014305e-01,58.00000,30.00000,625
157,67,1.015515e-01,56.00000,30.00000,624
157,68,9.981217e-02,54.00000,30.00000,608
157,69,9.631696e-02,59.00000,30.00000,645
157,70,1.016486e-01,41.00000,35.00000,601
157,71,1.013788e-01,47.00000,36.00000,604
158,0,1.007994e-01,53.00000,30.00000,15108
158,1,1.041277e-01,45.00000,35.00000,2775
158,2,1.023549e-01,41.00000,36.00000,741
158,3,9.959617e-02,37.00000,35.00000,623
158,4,1.006250e-01,43.00000,35.00000,692
158,5,1.030695e-01,39.00000,36.00000,613
158,6,1.040222e-01,45.00000,35.00000,704
158,7,1.015871e-01,49.00000,30.00000,652
158,8,1.009808e-01,47.00000,36.00000,761
158,9,1.054351e-01,38.00000,35.00000,614
158,10,9.933549e-02,55.00000,30.00000,4444
158,11,1.083661e-01,25.00000,36.00000,6111
158,12,1.019957e-01,30.00000,40.00000,725
158,13,9.953275e-02,57.00000,30.00000,695
158,14,9.751533e-02,58.00000,30.00000,692
158,15,9.796125e-02,44.00000,35.00000,704
158,16,9.757125e-02,56.00000,30.00000,665
158,17,9.898424e-02,53.00000,30.00000,640
158,18,1.010847e-01,38.00000,36.00000,763
158,19,9.929863e-02,54.00000,30.00000,775
158,20,1.025644e-01,42.00000,35.00000,7700
158,21,1.036780e-01,40.00000,35.00000,2225
158,22,1.019987e-01,39.00000,35.00000,735
158,23,9.877044e-02,42.00000,35.00000,740
158,24,9.972131e-02,48.00000,35.00000,1017
158,25,9.986176e-02,53.00000,30.00000,715
158,26,9.894861e-02,55.00000,30.00000,673
158,27,1.053715e-01,37.00000,36.00000,668
158,28,1.055563e-01,43.00000,35.00000,702
158,29,1.027632e-01,42.00000,40.00000,651
158,30,1.063452e-01,42.00000,36.00000,6931
158,31,9.902429e-02,52.00000,30.00000,2398
158,32,1.027562e-01,36.00000,35.00000,1485
158,33,1.036334e-01,40.00000,35.00000,664
158,34,1.024333e-01,43.00000,35.00000,670
158,35,9.957998e-02,58.00000,30.00000,628
158,36,1.040164e-01,39.00000,40.00000,672
158,37,1.003300e-01,45.00000,35.00000,728
158,38,9.868693e-02,49.00000,30.00000,708
158,39,1.051229e-01,40.00000,35.00000,629
158,40,1.018815e-01,47.00000,35.00000,5300
158,41,1.002594e-01,49.00000,30.00000,4888
158,42,1.023211e-01,47.00000,35.00000,683
158,43,1.047817e-01,35.00000,36.00000,658
158,44,1.022950e-01,46.00000,35.00000,632
158,45,1.021776e-01,53.00000,30.00000,701
158,46,9.795348e-02,57.00000,30.00000,664
158,47,1.011143e-01,43.00000,35.00000,727
158,48,1.040911e-01,41.00000,36.00000,615
158,49,1.046345e-01,36.00000,36.00000,752
158,50,9.871546e-02,49.00000,35.00000,8043
158,51,1.016499e-01,54.00000,30.00000,692
158,52,1.047540e-01,39.00000,35.00000,1949
158,53,1.013141e-01,49.00000,30.00000,661
158,54,1.045628e-01,43.00000,36.00000,3683
158,55,1.027317e-01,54.00000,30.00000,605
158,56,1.056943e-01,38.00000,35.00000,574
158,57,1.010364e-01,43.00000,35.00000,617
158,58,1.060188e-01,36.00000,36.00000,575
158,59,1.086362e-01,45.00000,35.00000,591
158,60,9.946595e-02,45.00000,36.00000,618
158,61,1.075096e-01,37.00000,36.00000,589
158,62,9.868386e-02,47.00000,35.00000,619
158,63,1.016683e-01,43.00000,35.00000,595
158,64,9.646943e-02,59.00000,30.00000,647
158,65,9.986466e-02,49.00000,30.00000,594
158,66,1.000627e-01,57.00000,30.00000,630
158,67,9.802026e-02,58.00000,30.00000,625
158,68,9.907131e-02,49.00000,30.00000,620
158,69,9.963160e-02,58.00000,30.00000,624
158,70,1.000681e-01,49.00000,30.00000,611
158,71,1.006701e-01,45.00000,35.00000,614
159,0,9.954560e-02,54.00000,30.00000,11475
159,1,1.014059e-01,41.00000,35.00000,685
159,2,9.811602e-02,53.00000,30.00000,662
159,3,9.847341e-02,49.00000,30.00000,667
159,4,9.740166e-02,55.00000,30.00000,696
159,5,9.941831e-02,49.00000,30.00000,726
159,6,1.014498e-01,48.00000,35.00000,663
159,7,1.019148e-01,32.00000,40.00000,657
159,8,9.895436e-02,43.00000,35.00000,696
159,9,1.007595e-01,53.00000,30.00000,650
159,10,1.039164e-01,47.00000,35.00000,10923
159,11,9.987505e-02,54.00000,30.00000,664
159,12,1.011074e-01,57.00000,30.00000,692
159,13,1.028362e-01,44.00000,35.00000,730
159,14,1.024496e-01,43.00000,35.00000,628
159,15,1.037880e-01,37.00000,35.00000,698
159,16,1.022303e-01,36.00000,36.00000,681
159,17,1.019438e-01,43.00000,35.00000,667
159,18,1.064360e-01,35.00000,36.00000,605
159,19,1.017045e-01,40.00000,36.00000,668
159,20,1.002747e-01,53.00000,30.00000,9205
159,21,1.098018e-01,25.00000,36.00000,641
159,22,1.002063e-01,49.00000,30.00000,649
159,23,9.902460e-02,49.00000,30.00000,702
159,24,9.953774e-02,47.00000,35.00000,660
159,25,9.933741e-02,49.00000,30.00000,682
159,26,9.964618e-02,49.00000,30.00000,663
159,27,9.905980e-02,51.00000,30.00000,2079
159,28,9.694648e-02,61.00000,30.00000,726
159,29,9.670331e-02,57.00000,30.00000,760
159,30,1.011368e-01,46.00000,35.00000,7193
159,31,9.914711e-02,44.00000,35.00000,702
159,32,1.023521e-01,55.00000,30.00000,656
159,33,1.013217e-01,45.00000,35.00000,722
159,34,1.016697e-01,47.00000,35.00000,767
159,35,1.019426e-01,49.00000,35.00000,701
159,36,9.841454e-02,54.00000,30.00000,657
159,37,9.866672e-02,58.00000,30.00000,2333
159,38,1.002830e-01,43.00000,35.00000,685
159,39,1.021268e-01,48.00000,35.00000,633
159,40,1.007844e-01,53.00000,30.00000,8003
159,41,1.048047e-01,37.00000,40.00000,963
159,42,1.033170e-01,49.00000,30.00000,680
159,43,1.033728e-01,54.00000,30.00000,651
159,44,1.032078e-01,39.00000,35.00000,605
159,45,1.028600e-01,52.00000,30.00000,755
159,46,1.027945e-01,35.00000,36.00000,735
159,47,1.023910e-01,42.00000,36.00000,2021
159,48,1.022452e-01,47.00000,35.00000,627
159,49,9.837124e-02,49.00000,30.00000,2587
159,50,9.694801e-02,53.00000,30.00000,6523
159,51,1.005785e-01,54.00000,30.00000,1359
159,52,9.679578e-02,53.00000,30.00000,703
159,53,1.014283e-01,53.00000,30.00000,688
159,54,1.035902e-01,42.00000,35.00000,673
159,55,1.024512e-01,48.00000,35.00000,640
159,56,1.042886e-01,25.00000,36.00000,659
159,57,9.824535e-02,58.00000,30.00000,988
159,58,9.925639e-02,58.00000,30.00000,700
159,59,9.953396e-02,49.00000,30.00000,664
159,60,9.869745e-02,53.00000,30.00000,2855
159,61,9.915489e-02,49.00000,30.00000,625
159,62,1.062725e-01,37.00000,35.00000,595
159,63,1.000984e-01,48.00000,35.00000,616
159,64,9.862517e-02,49.00000,30.00000,617
159,65,1.045716e-01,25.00000,36.00000,618
159,66,1.036563e-01,54.00000,30.00000,607
159,67,1.025294e-01,43.00000,35.00000,599
159,68,1.040952e-01,44.00000,35.00000,579
159,69,9.947672e-02,43.00000,35.00000,614
159,70,1.023168e-01,49.00000,30.00000,599
159,71,1.012834e-01,51.00000,30.00000,599
160,0,1.027774e-01,49.00000,30.00000,6224
160,1,1.001832e-01,44.00000,35.00000,1010
160,2,1.029724e-01,43.00000,35.00000,731
160,3,1.045229e-01,31.00000,36.00000,1627
160,4,1.074955e-01,35.00000,36.00000,644
160,5,1.074251e-01,36.00000,36.00000,620
160,6,1.073798e-01,44.00000,35.00000,720
160,7,1.020152e-01,54.00000,30.00000,653
160,8,9.836196e-02,59.00000,30.00000,830
160,9,9.976619e-02,55.00000,30.00000,719
160,10,9.938849e-02,49.00000,30.00000,5438
160,11,1.033028e-01,41.00000,35.00000,725
160,12,1.042220e-01,40.00000,36.00000,672
160,13,1.006566e-01,55.00000,30.00000,1952
160,14,1.041261e-01,49.00000,35.00000,714
160,15,9.672990e-02,54.00000,30.00000,702
160,16,1.075779e-01,30.00000,36.00000,655
160,17,9.856655e-02,53.00000,30.00000,642
160,18,1.008748e-01,54.00000,30.00000,739
160,19,1.009211e-01,49.00000,30.00000,699
160,20,1.040979e-01,25.00000,36.00000,8814
160,21,1.047165e-01,49.00000,30.00000,654
160,22,1.010682e-01,49.00000,30.00000,700
160,23,1.006089e-01,54.00000,30.00000,746
160,24,1.010383e-01,46.00000,35.00000,665
160,25,1.042195e-01,51.00000,35.00000,715
160,26,1.017143e-01,49.00000,30.00000,732
160,27,1.036333e-01,48.00000,35.00000,705
160,28,1.022799e-01,47.00000,35.00000,642
160,29,1.044102e-01,31.00000,36.00000,616
160,30,1.012724e-01,39.00000,35.00000,8776
160,31,9.706865e-02,54.00000,30.00000,706
160,32,1.021199e-01,43.00000,35.00000,615
160,33,1.029594e-01,46.00000,35.00000,680
160,34,1.004096e-01,49.00000,30.00000,666
160,35,1.018233e-01,53.00000,30.00000,731
160,36,1.030817e-01,41.00000,36.00000,722
160,37,1.017487e-01,49.00000,30.00000,682
160,38,9.915409e-02,55.00000,30.00000,696
160,39,1.029664e-01,53.00000,30.00000,691
160,40,1.020044e-01,49.00000,30.00000,8256
160,41,1.020589e-01,49.00000,30.00000,687
160,42,1.010218e-01,42.00000,35.00000,684
160,43,1.027709e-01,45.00000,35.00000,684
160,44,1.048813e-01,35.00000,40.00000,638
160,45,1.018645e-01,49.00000,35.00000,674
160,46,1.068090e-01,38.00000,35.00000,672
160,47,1.050386e-01,37.00000,36.00000,646
160,48,1.028782e-01,45.00000,35.00000,653
160,49,1.068236e-01,39.00000,36.00000,627
160,50,1.044483e-01,40.00000,35.00000,7226
160,51,1.026861e-01,44.00000,35.00000,684
160,52,9.891362e-02,52.00000,30.00000,662
160,53,9.896284e-02,51.00000,30.00000,678
160,54,9.796844e-02,60.00000,30.00000,703
160,55,9.922621e-02,49.00000,30.00000,679
160,56,1.027988e-01,49.00000,30.00000,625
160,57,1.039820e-01,49.00000,30.00000,646
160,58,1.009638e-01,52.00000,30.00000,755
160,59,1.014517e-01,39.00000,36.00000,660
160,60,9.790889e-02,57.00000,30.00000,4489
160,61,1.013107e-01,39.00000,35.00000,635
160,62,1.014450e-01,42.00000,35.00000,601
160,63,1.009004e-01,58.00000,30.00000,623
160,64,9.979916e-02,49.00000,30.00000,613
160,65,1.031578e-01,38.00000,35.00000,615
160,66,9.932838e-02,53.00000,30.00000,608
160,67,1.035427e-01,37.00000,36.00000,600
160,68,1.014795e-01,48.00000,35.00000,609
160,69,1.015377e-01,54.00000,30.00000,625
160,70,1.064375e-01,38.00000,36.00000,586
160,71,1.089720e-01,38.00000,35.00000,549
161,0,1.035213e-01,51.00000,30.00000,8168
161,1,1.061060e-01,37.00000,36.00000,4299
161,2,1.072983e-01,40.00000,36.00000,639
161,3,9.942671e-02,55.00000,30.00000,627
161,4,1.044880e-01,37.00000,36.00000,724
161,5,1.015853e-01,50.00000,30.00000,742
161,6,9.814143e-02,47.00000,35.00000,724
161,7,1.076007e-01,48.00000,35.00000,688
161,8,1.002434e-01,53.00000,30.00000,697
161,9,1.127318e-01,35.00000,36.00000,539
161,10,1.044416e-01,48.00000,35.00000,4844
161,11,9.974185e-02,49.00000,30.00000,4269
161,12,9.736235e-02,60.00000,30.00000,763
161,13,1.020728e-01,40.00000,36.00000,678
161,14,9.876714e-02,56.00000,30.00000,699
161,15,1.017404e-01,38.00000,35.00000,603
161,16,1.005308e-01,49.00000,30.00000,709
161,17,9.997371e-02,57.00000,30.00000,732
161,18,1.042169e-01,54.00000,30.00000,711
161,19,1.056975e-01,40.00000,36.00000,794
161,20,1.036372e-01,55.00000,30.00000,1613
161,21,1.075575e-01,31.00000,36.00000,8471
161,22,1.063402e-01,25.00000,36.00000,639
161,23,1.082159e-01,25.00000,36.00000,710
161,24,1.012784e-01,53.00000,30.00000,621
161,25,1.033685e-01,52.00000,30.00000,684
161,26,9.931295e-02,54.00000,30.00000,700
161,27,1.001878e-01,45.00000,35.00000,727
161,28,1.155431e-01,25.00000,36.00000,710
161,29,1.073356e-01,35.00000,36.00000,662
161,30,1.021541e-01,39.00000,40.00000,726
161,31,1.034343e-01,42.00000,35.00000,2159
161,32,1.042526e-01,42.00000,35.00000,664
161,33,1.041627e-01,45.00000,35.00000,721
161,34,1.043620e-01,47.00000,35.00000,660
161,35,1.032695e-01,42.00000,35.00000,721
161,36,1.012712e-01,49.00000,30.00000,613
161,37,1.028386e-01,43.00000,36.00000,704
161,38,1.055989e-01,45.00000,35.00000,666
161,39,1.048083e-01,41.00000,35.00000,704
161,40,1.028744e-01,43.00000,35.00000,911
161,41,1.002831e-01,54.00000,30.00000,646
161,42,1.052553e-01,56.00000,30.00000,736
161,43,1.008179e-01,52.00000,30.00000,692
161,44,9.907453e-02,53.00000,30.00000,674
161,45,1.000188e-01,46.00000,35.00000,704
161,46,1.011284e-01,49.00000,30.00000,741
161,47,1.017217e-01,46.00000,36.00000,607
161,48,1.022321e-01,47.00000,35.00000,752
161,49,1.064126e-01,41.00000,35.00000,601
161,50,9.978286e-02,54.00000,30.00000,889
161,51,1.033441e-01,42.00000,35.00000,702
161,52,1.037153e-01,44.00000,35.00000,643
161,53,9.920614e-02,57.00000,30.00000,685
161,54,1.001773e-01,54.00000,30.00000,648
161,55,1.013150e-01,48.00000,35.00000,668
161,56,1.017456e-01,55.00000,30.00000,671
161,57,9.957602e-02,45.00000,35.00000,643
161,58,1.006216e-01,49.00000,30.00000,658
161,59,1.006949e-01,44.00000,35.00000,675
161,60,1.059642e-01,49.00000,35.00000,803
161,61,9.972937e-02,53.00000,30.00000,629
161,62,1.017452e-01,42.00000,35.00000,606
161,63,1.107797e-01,30.00000,36.00000,580
161,64,1.038771e-01,57.00000,30.00000,628
161,65,9.855870e-02,59.00000,30.00000,640
161,66,1.041580e-01,39.00000,40.00000,620
161,67,1.041021e-01,47.00000,35.00000,593
161,68,9.946977e-02,55.00000,30.00000,621
161,69,1.016858e-01,36.00000,36.00000,640
161,70,1.019270e-01,48.00000,35.00000,601
161,71,1.001923e-01,53.00000,30.00000,627
162,0,1.013668e-01,42.00000,35.00000,3358
162,1,9.891468e-02,53.00000,30.00000,683
162,2,1.026423e-01,38.00000,35.00000,1022
162,3,1.017900e-01,45.00000,35.00000,652
162,4,1.029957e-01,45.00000,35.00000,665
162,5,1.011657e-01,49.00000,30.00000,653
162,6,1.042723e-01,54.00000,30.00000,688
162,7,1.038273e-01,45.00000,35.00000,690
162,8,1.024246e-01,45.00000,35.00000,640
162,9,1.022300e-01,55.00000,30.00000,677
162,10,1.059435e-01,31.00000,36.00000,2066
162,11,1.014171e-01,47.00000,36.00000,679
162,12,1.043245e-01,45.00000,35.00000,2321
162,13,1.037311e-01,49.00000,30.00000,645
162,14,1.013588e-01,58.00000,30.00000,713
162,15,1.043488e-01,44.00000,35.00000,662
162,16,1.024386e-01,49.00000,30.00000,632
162,17,1.069785e-01,46.00000,35.00000,650
162,18,1.032494e-01,44.00000,35.00000,642
162,19,1.056468e-01,40.00000,36.00000,650
162,20,1.055721e-01,45.00000,35.00000,1901
162,21,1.052589e-01,41.00000,35.00000,762
162,22,1.047734e-01,47.00000,35.00000,1099
162,23,9.974373e-02,49.00000,30.00000,712
162,24,1.062991e-01,35.00000,36.00000,660
162,25,1.057738e-01,39.00000,35.00000,628
162,26,1.040003e-01,55.00000,30.00000,720
162,27,1.047615e-01,46.00000,35.00000,694
162,28,1.074878e-01,34.00000,36.00000,629
162,29,1.043717e-01,46.00000,35.00000,641
162,30,1.075926e-01,37.00000,36.00000,2190
162,31,1.095829e-01,37.00000,36.00000,620
162,32,1.038121e-01,42.00000,35.00000,733
162,33,1.076148e-01,49.00000,30.00000,635
162,34,1.053563e-01,51.00000,35.00000,692
162,35,1.052546e-01,30.00000,36.00000,611
162,36,1.031200e-01,31.00000,36.00000,777
162,37,1.067878e-01,38.00000,35.00000,631
162,38,1.087127e-01,37.00000,36.00000,620
162,39,1.072330e-01,44.00000,35.00000,609
162,40,1.041892e-01,49.00000,35.00000,711
162,41,1.027466e-01,49.00000,30.00000,736
162,42,1.031495e-01,42.00000,35.00000,1048
162,43,1.027305e-01,55.00000,30.00000,644
162,44,1.030902e-01,30.00000,36.00000,664
162,45,1.071864e-01,55.00000,30.00000,718
162,46,9.965599e-02,54.00000,30.00000,683
162,47,1.032124e-01,44.00000,35.00000,697
162,48,1.017994e-01,49.00000,30.00000,694
162,49,1.015471e-01,49.00000,30.00000,653
162,50,1.026599e-01,47.00000,35.00000,700
162,51,1.039564e-01,46.00000,35.00000,667
162,52,1.011078e-01,55.00000,30.00000,2793
162,53,9.996449e-02,55.00000,30.00000,666
162,54,1.004656e-01,46.00000,35.00000,631
162,55,1.041119e-01,54.00000,30.00000,716
162,56,1.034852e-01,47.00000,35.00000,633
162,57,9.975231e-02,54.00000,30.00000,689
162,58,1.025342e-01,49.00000,30.00000,609
162,59,1.038661e-01,45.00000,36.00000,620
162,60,1.042518e-01,55.00000,30.00000,638
162,61,1.035850e-01,39.00000,36.00000,603
162,62,1.063475e-01,49.00000,30.00000,898
162,63,1.043488e-01,43.00000,35.00000,594
162,64,1.040005e-01,49.00000,30.00000,606
162,65,1.061752e-01,37.00000,36.00000,598
162,66,1.023987e-01,43.00000,35.00000,617
162,67,1.063013e-01,49.00000,30.00000,606
162,68,1.025601e-01,37.00000,36.00000,610
162,69,1.059718e-01,37.00000,36.00000,589
162,70,1.092360e-01,31.00000,36.00000,573
162,71,1.068569e-01,43.00000,35.00000,592
163,0,1.022013e-01,56.00000,30.00000,4244
163,1,1.007457e-01,49.00000,30.00000,699
163,2,1.008138e-01,53.00000,30.00000,702
163,3,1.089031e-01,31.00000,36.00000,670
163,4,1.024041e-01,45.00000,35.00000,704
163,5,1.017416e-01,45.00000,35.00000,625
163,6,9.989766e-02,53.00000,30.00000,669
163,7,1.040048e-01,42.00000,35.00000,700
163,8,1.010874e-01,55.00000,30.00000,720
163,9,1.021484e-01,53.00000,30.00000,640
163,10,1.027075e-01,53.00000,30.00000,4254
163,11,1.027579e-01,54.00000,30.00000,746
163,12,1.050941e-01,52.00000,30.00000,686
163,13,1.050434e-01,54.00000,30.00000,662
163,14,1.036644e-01,41.00000,36.00000,683
163,15,1.046473e-01,46.00000,35.00000,610
163,16,1.012661e-01,40.00000,40.00000,744
163,17,1.046068e-01,40.00000,35.00000,662
163,18,9.973706e-02,59.00000,30.00000,698
163,19,1.067810e-01,41.00000,36.00000,671
163,20,1.036183e-01,35.00000,36.00000,3437
163,21,1.039626e-01,40.00000,40.00000,634
163,22,1.036195e-01,49.00000,35.00000,681
163,23,1.063313e-01,41.00000,36.00000,959
163,24,1.012107e-01,48.00000,35.00000,708
163,25,1.027438e-01,46.00000,35.00000,664
163,26,1.047164e-01,59.00000,30.00000,746
163,27,1.066368e-01,48.00000,35.00000,689
163,28,1.052983e-01,45.00000,35.00000,677
163,29,1.081802e-01,49.00000,30.00000,675
163,30,1.025108e-01,47.00000,35.00000,3448
163,31,1.072480e-01,45.00000,35.00000,729
163,32,1.026896e-01,42.00000,40.00000,638
163,33,1.054395e-01,56.00000,30.00000,662
163,34,9.917198e-02,46.00000,35.00000,737
163,35,1.051892e-01,31.00000,36.00000,749
163,36,1.037978e-01,49.00000,30.00000,694
163,37,1.049157e-01,47.00000,35.00000,641
163,38,1.040333e-01,48.00000,35.00000,2060
163,39,1.051975e-01,53.00000,30.00000,697
163,40,1.012770e-01,49.00000,30.00000,4820
163,41,1.030611e-01,45.00000,36.00000,678
163,42,1.047491e-01,57.00000,30.00000,2342
163,43,1.044418e-01,53.00000,30.00000,702
163,44,1.064078e-01,37.00000,36.00000,658
163,45,1.018259e-01,46.00000,35.00000,695
163,46,1.067934e-01,44.00000,35.00000,656
163,47,1.065817e-01,41.00000,36.00000,665
163,48,1.048568e-01,57.00000,30.00000,692
163,49,1.054098e-01,36.00000,36.00000,695
163,50,1.032183e-01,52.00000,30.00000,3443
163,51,1.096512e-01,44.00000,35.00000,618
163,52,1.024198e-01,54.00000,30.00000,2545
163,53,1.068278e-01,41.00000,35.00000,701
163,54,1.021157e-01,55.00000,30.00000,658
163,55,1.021488e-01,49.00000,30.00000,697
163,56,1.083743e-01,31.00000,36.00000,679
163,57,1.118260e-01,31.00000,36.00000,589
163,58,1.036964e-01,40.00000,36.00000,685
163,59,1.098420e-01,47.00000,36.00000,662
163,60,1.089405e-01,31.00000,36.00000,865
163,61,1.052391e-01,35.00000,36.00000,1958
163,62,1.075526e-01,38.00000,36.00000,625
163,63,1.060192e-01,53.00000,30.00000,607
163,64,1.033418e-01,46.00000,35.00000,629
163,65,1.107529e-01,42.00000,36.00000,569
163,66,1.043540e-01,42.00000,35.00000,622
163,67,1.007593e-01,57.00000,30.00000,628
163,68,1.032626e-01,55.00000,30.00000,617
163,69,1.047665e-01,55.00000,30.00000,619
163,70,1.022499e-01,44.00000,35.00000,620
163,71,1.040074e-01,42.00000,35.00000,593
164,0,1.035774e-01,55.00000,30.00000,7448
164,1,1.062993e-01,49.00000,30.00000,671
164,2,9.925970e-02,58.00000,30.00000,697
164,3,1.030971e-01,54.00000,30.00000,658
164,4,1.034361e-01,41.00000,40.00000,628
164,5,9.977043e-02,43.00000,35.00000,707
164,6,1.033123e-01,56.00000,30.00000,738
164,7,1.028207e-01,55.00000,30.00000,749
164,8,1.063937e-01,31.00000,36.00000,689
164,9,1.033844e-01,37.00000,36.00000,786
164,10,1.047095e-01,53.00000,30.00000,8595
164,11,1.077484e-01,38.00000,35.00000,1686
164,12,1.087145e-01,41.00000,36.00000,633
164,13,1.086843e-01,31.00000,36.00000,640
164,14,1.081591e-01,38.00000,36.00000,709
164,15,1.058349e-01,40.00000,35.00000,656
164,16,1.050921e-01,46.00000,35.00000,670
164,17,1.063512e-01,38.00000,40.00000,624
164,18,1.088787e-01,36.00000,36.00000,714
164,19,1.118730e-01,25.00000,36.00000,630
164,20,1.039197e-01,53.00000,30.00000,7517
164,21,1.080386e-01,38.00000,40.00000,2348
164,22,1.035243e-01,43.00000,35.00000,691
164,23,1.026432e-01,60.00000,30.00000,845
164,24,1.065207e-01,37.00000,36.00000,688
164,25,1.051363e-01,52.00000,30.00000,641
164,26,1.061141e-01,49.00000,30.00000,700
164,27,1.099782e-01,25.00000,36.00000,761
164,28,1.033676e-01,41.00000,35.00000,679
164,29,1.077872e-01,43.00000,35.00000,619
164,30,1.043327e-01,43.00000,35.00000,7646
164,31,1.079836e-01,31.00000,36.00000,4099
164,32,1.083808e-01,36.00000,40.00000,665
164,33,1.124855e-01,33.00000,40.00000,575
164,34,1.059567e-01,49.00000,30.00000,719
164,35,1.072731e-01,42.00000,35.00000,724
164,36,1.068744e-01,48.00000,35.00000,652
164,37,1.099558e-01,42.00000,35.00000,688
164,38,1.108828e-01,40.00000,35.00000,674
164,39,1.106707e-01,39.00000,35.00000,620
164,40,1.034033e-01,46.00000,35.00000,6603
164,41,1.083313e-01,40.00000,35.00000,2489
164,42,1.059496e-01,41.00000,35.00000,721
164,43,1.024894e-01,52.00000,30.00000,769
164,44,1.070434e-01,31.00000,36.00000,693
164,45,1.053184e-01,49.00000,30.00000,676
164,46,1.043671e-01,57.00000,30.00000,710
164,47,1.033135e-01,42.00000,35.00000,698
164,48,1.042833e-01,54.00000,30.00000,719
164,49,1.061532e-01,44.00000,35.00000,634
164,50,1.013067e-01,49.00000,30.00000,7983
164,51,1.094673e-01,54.00000,30.00000,679
164,52,1.099671e-01,36.00000,36.00000,662
164,53,1.025893e-01,53.00000,30.00000,607
164,54,1.065475e-01,36.00000,36.00000,688
164,55,1.064392e-01,56.00000,30.00000,682
164,56,1.077242e-01,43.00000,36.00000,595
164,57,1.053770e-01,40.00000,40.00000,810
164,58,1.055549e-01,55.00000,30.00000,664
164,59,1.043634e-01,37.00000,36.00000,704
164,60,1.057672e-01,45.00000,35.00000,4090
164,61,1.092995e-01,53.00000,30.00000,614
164,62,1.083032e-01,42.00000,35.00000,587
164,63,1.078854e-01,54.00000,30.00000,606
164,64,1.090937e-01,37.00000,36.00000,591
164,65,1.029408e-01,46.00000,36.00000,623
164,66,1.099164e-01,32.00000,40.00000,627
164,67,1.080701e-01,55.00000,30.00000,618
164,68,1.050773e-01,46.00000,35.00000,612
164,69,1.113299e-01,25.00000,36.00000,609
164,70,1.079919e-01,41.00000,35.00000,589
164,71,1.083285e-01,39.00000,36.00000,601
165,0,1.017685e-01,49.00000,30.00000,10825
165,1,1.072648e-01,49.00000,30.00000,683
165,2,1.038389e-01,43.00000,36.00000,1046
165,3,1.036367e-01,31.00000,36.00000,678
165,4,1.040331e-01,49.00000,30.00000,670
165,5,1.078338e-01,55.00000,30.00000,673
165,6,1.071951e-01,44.00000,35.00000,795
165,7,1.086948e-01,39.00000,35.00000,603
165,8,1.080390e-01,44.00000,36.00000,744
165,9,1.042565e-01,49.00000,30.00000,699
165,10,1.061961e-01,49.00000,30.00000,7137
165,11,1.084723e-01,43.00000,35.00000,6770
165,12,1.052706e-01,45.00000,35.00000,741
165,13,1.072652e-01,49.00000,30.00000,669
165,14,1.106632e-01,41.00000,36.00000,628
165,15,1.034057e-01,43.00000,35.00000,711
165,16,1.092428e-01,45.00000,36.00000,739
165,17,1.062566e-01,43.00000,36.00000,637
165,18,1.028150e-01,51.00000,35.00000,634
165,19,1.045389e-01,54.00000,30.00000,743
165,20,1.098270e-01,31.00000,36.00000,3476
165,21,1.004830e-01,53.00000,30.00000,5159
165,22,1.031418e-01,53.00000,30.00000,694
165,23,1.038658e-01,46.00000,35.00000,679
165,24,1.024710e-01,57.00000,30.00000,1833
165,25,1.023815e-01,51.00000,35.00000,698
165,26,1.035506e-01,42.00000,35.00000,696
165,27,1.084006e-01,58.00000,30.00000,700
165,28,1.064964e-01,47.00000,35.00000,716
165,29,1.017575e-01,59.00000,30.00000,728
165,30,1.041566e-01,57.00000,30.00000,6287
165,31,1.046660e-01,46.00000,35.00000,3421
165,32,1.062186e-01,35.00000,36.00000,2636
165,33,1.047721e-01,52.00000,30.00000,673
165,34,9.986973e-02,46.00000,35.00000,954
165,35,1.054709e-01,38.00000,35.00000,621
165,36,1.036068e-01,49.00000,30.00000,695
165,37,1.063208e-01,49.00000,30.00000,752
165,38,1.055252e-01,44.00000,35.00000,783
165,39,1.067028e-01,36.00000,40.00000,710
165,40,1.058448e-01,51.00000,30.00000,5600
165,41,1.034148e-01,43.00000,40.00000,4107
165,42,1.037428e-01,49.00000,30.00000,1048
165,43,1.075506e-01,45.00000,35.00000,607
165,44,1.048108e-01,47.00000,35.00000,2317
165,45,1.115093e-01,40.00000,36.00000,669
165,46,1.072116e-01,45.00000,35.00000,683
165,47,1.040087e-01,54.00000,30.00000,690
165,48,1.092721e-01,25.00000,36.00000,666
165,49,1.070063e-01,42.00000,35.00000,621
165,50,1.052030e-01,40.00000,35.00000,5614
165,51,1.059648e-01,40.00000,35.00000,2966
165,52,1.042359e-01,55.00000,30.00000,668
165,53,1.041996e-01,40.00000,35.00000,664
165,54,1.103471e-01,40.00000,36.00000,4644
165,55,1.087969e-01,36.00000,36.00000,628
165,56,1.101927e-01,35.00000,36.00000,627
165,57,1.048540e-01,42.00000,35.00000,661
165,58,1.076004e-01,33.00000,40.00000,650
165,59,1.070647e-01,43.00000,35.00000,612
165,60,1.053628e-01,57.00000,30.00000,648
165,61,1.075826e-01,41.00000,36.00000,1242
165,62,1.052307e-01,49.00000,30.00000,610
165,63,1.060732e-01,47.00000,35.00000,600
165,64,1.063161e-01,59.00000,30.00000,752
165,65,1.027890e-01,55.00000,30.00000,619
165,66,1.094519e-01,43.00000,35.00000,577
165,67,1.063131e-01,54.00000,30.00000,606
165,68,1.054670e-01,37.00000,35.00000,607
165,69,1.087444e-01,40.00000,36.00000,584
165,70,1.090840e-01,43.00000,35.00000,614
165,71,1.100334e-01,30.00000,36.00000,613
166,0,1.015017e-01,53.00000,30.00000,7988
166,1,1.042847e-01,49.00000,30.00000,724
166,2,1.063201e-01,30.00000,40.00000,674
166,3,1.037935e-01,54.00000,30.00000,646
166,4,1.019117e-01,48.00000,35.00000,656
166,5,1.056074e-01,43.00000,35.00000,632
166,6,1.066764e-01,49.00000,30.00000,793
166,7,1.060669e-01,54.00000,30.00000,662
166,8,1.059230e-01,40.00000,36.00000,648
166,9,1.029455e-01,55.00000,30.00000,638
166,10,1.016930e-01,51.00000,30.00000,7960
166,11,1.017489e-01,49.00000,30.00000,657
166,12,1.046147e-01,57.00000,30.00000,708
166,13,1.052488e-01,43.00000,35.00000,3957
166,14,1.052803e-01,43.00000,35.00000,681
166,15,1.032624e-01,53.00000,30.00000,697
166,16,1.030434e-01,57.00000,30.00000,677
166,17,1.019403e-01,44.00000,35.00000,718
166,18,1.061578e-01,40.00000,35.00000,659
166,19,1.042991e-01,36.00000,35.00000,671
166,20,1.048620e-01,38.00000,35.00000,5407
166,21,1.055054e-01,54.00000,30.00000,652
166,22,1.065252e-01,39.00000,36.00000,684
166,23,1.039865e-01,49.00000,30.00000,6384
166,24,1.035814e-01,53.00000,30.00000,663
166,25,1.078048e-01,42.00000,35.00000,626
166,26,1.060690e-01,49.00000,35.00000,637
166,27,1.012174e-01,54.00000,30.00000,786
166,28,1.029176e-01,57.00000,30.00000,690
166,29,1.080823e-01,37.00000,36.00000,640
166,30,1.100368e-01,37.00000,36.00000,4134
166,31,1.065002e-01,41.00000,36.00000,700
166,32,1.115362e-01,42.00000,35.00000,699
166,33,1.092088e-01,41.00000,35.00000,6745
166,34,1.100833e-01,48.00000,36.00000,651
166,35,1.093299e-01,49.00000,30.00000,683
166,36,1.105478e-01,49.00000,30.00000,871
166,37,1.101429e-01,37.00000,40.00000,787
166,38,1.104203e-01,36.00000,36.00000,654
166,39,1.023552e-01,53.00000,30.00000,667
166,40,1.076434e-01,47.00000,35.00000,4104
166,41,1.086657e-01,30.00000,36.00000,596
166,42,1.045039e-01,54.00000,30.00000,617
166,43,1.053195e-01,45.00000,35.00000,7245
166,44,1.049330e-01,54.00000,30.00000,654
166,45,1.026645e-01,45.00000,35.00000,633
166,46,1.064902e-01,42.00000,35.00000,737
166,47,1.058316e-01,44.00000,35.00000,650
166,48,1.040279e-01,55.00000,30.00000,715
166,49,1.058792e-01,45.00000,35.00000,700
166,50,1.054159e-01,45.00000,36.00000,3657
166,51,1.065967e-01,39.00000,35.00000,716
166,52,1.058154e-01,49.00000,30.00000,655
166,53,1.069410e-01,53.00000,30.00000,8551
166,54,1.048852e-01,58.00000,30.00000,644
166,55,1.020434e-01,47.00000,35.00000,644
166,56,1.058860e-01,50.00000,35.00000,616
166,57,1.060479e-01,49.00000,30.00000,613
166,58,1.096372e-01,41.00000,36.00000,646
166,59,1.144320e-01,30.00000,36.00000,621
166,60,1.111096e-01,31.00000,36.00000,603
166,61,1.044833e-01,53.00000,30.00000,612
166,62,1.039065e-01,36.00000,36.00000,633
166,63,1.056109e-01,52.00000,30.00000,1618
166,64,1.007880e-01,53.00000,30.00000,642
166,65,1.052661e-01,44.00000,35.00000,626
166,66,1.061182e-01,41.00000,36.00000,617
166,67,1.087905e-01,48.00000,35.00000,619
166,68,1.064110e-01,56.00000,30.00000,621
166,69,1.045009e-01,56.00000,30.00000,619
166,70,1.052350e-01,57.00000,30.00000,629
166,71,1.088083e-01,35.00000,36.00000,602
167,0,1.050662e-01,42.00000,35.00000,1062
167,1,1.069103e-01,45.00000,35.00000,589
167,2,1.028128e-01,61.00000,30.00000,737
167,3,1.022297e-01,53.00000,30.00000,704
167,4,1.042331e-01,49.00000,30.00000,652
167,5,1.054225e-01,42.00000,35.00000,670
167,6,1.079521e-01,38.00000,35.00000,689
167,7,1.049699e-01,43.00000,36.00000,695
167,8,1.067148e-01,57.00000,30.00000,731
167,9,1.049616e-01,51.00000,30.00000,658
167,10,1.074810e-01,42.00000,35.00000,670
167,11,1.033039e-01,53.00000,30.00000,716
167,12,1.058136e-01,41.00000,35.00000,626
167,13,1.057813e-01,42.00000,35.00000,647
167,14,1.043380e-01,45.00000,35.00000,692
167,15,1.032311e-01,54.00000,30.00000,637
167,16,1.038226e-01,49.00000,35.00000,724
167,17,1.037709e-01,38.00000,35.00000,683
167,18,1.050757e-01,49.00000,30.00000,626
167,19,1.045705e-01,53.00000,30.00000,778
167,20,1.062145e-01,46.00000,35.00000,688
167,21,1.054166e-01,35.00000,36.00000,626
167,22,1.046266e-01,55.00000,30.00000,709
167,23,1.069761e-01,35.00000,36.00000,699
167,24,1.070560e-01,45.00000,35.00000,675
167,25,1.066686e-01,57.00000,30.00000,656
167,26,1.052776e-01,52.00000,30.00000,696
167,27,1.075102e-01,42.00000,35.00000,680
167,28,1.052669e-01,48.00000,35.00000,626
167,29,1.105239e-01,37.00000,36.00000,758
167,30,1.066245e-01,49.00000,30.00000,706
167,31,1.067401e-01,44.00000,35.00000,3650
167,32,1.057772e-01,36.00000,36.00000,656
167,33,1.065854e-01,52.00000,30.00000,655
167,34,1.085847e-01,30.00000,36.00000,690
167,35,1.060327e-01,47.00000,35.00000,665
167,36,1.106138e-01,46.00000,36.00000,700
167,37,1.028304e-01,54.00000,30.00000,714
167,38,1.042397e-01,47.00000,35.00000,705
167,39,1.038081e-01,49.00000,30.00000,692
167,40,1.025890e-01,55.00000,30.00000,738
167,41,1.011314e-01,52.00000,30.00000,4015
167,42,1.031356e-01,52.00000,30.00000,639
167,43,1.101674e-01,25.00000,36.00000,647
167,44,1.099741e-01,36.00000,36.00000,638
167,45,1.057086e-01,49.00000,30.00000,679
167,46,1.041696e-01,54.00000,30.00000,654
167,47,1.005382e-01,53.00000,30.00000,687
167,48,1.057492e-01,54.00000,30.00000,2129
167,49,1.065697e-01,44.00000,35.00000,762
167,50,1.070732e-01,47.00000,35.00000,648
167,51,1.059575e-01,46.00000,36.00000,7779
167,52,1.095187e-01,44.00000,35.00000,640
167,53,1.092827e-01,58.00000,30.00000,672
167,54,1.098513e-01,39.00000,40.00000,594
167,55,1.069968e-01,53.00000,30.00000,629
167,56,1.090965e-01,42.00000,35.00000,600
167,57,1.039971e-01,58.00000,30.00000,641
167,58,1.073949e-01,42.00000,36.00000,631
167,59,1.064182e-01,47.00000,35.00000,608
167,60,1.083983e-01,36.00000,40.00000,661
167,61,1.092303e-01,44.00000,36.00000,1912
167,62,1.113987e-01,46.00000,35.00000,960
167,63,1.078197e-01,43.00000,35.00000,579
167,64,1.014029e-01,54.00000,30.00000,638
167,65,1.082347e-01,56.00000,30.00000,615
167,66,1.078784e-01,45.00000,35.00000,590
167,67,1.084664e-01,39.00000,40.00000,625
167,68,1.060770e-01,35.00000,36.00000,607
167,69,1.083228e-01,41.00000,36.00000,593
167,70,1.072310e-01,49.00000,30.00000,596
167,71,1.035311e-01,41.00000,35.00000,614
168,0,1.101459e-01,44.00000,35.00000,3378
168,1,1.003144e-01,57.00000,30.00000,749
168,2,1.076911e-01,52.00000,30.00000,765
168,3,1.061130e-01,45.00000,35.00000,638
168,4,1.064706e-01,52.00000,30.00000,673
168,5,1.032919e-01,49.00000,30.00000,657
168,6,1.059850e-01,42.00000,36.00000,659
168,7,1.105100e-01,40.00000,35.00000,637
168,8,1.037512e-01,40.00000,36.00000,679
168,9,1.043017e-01,49.00000,30.00000,731
168,10,1.068057e-01,53.00000,30.00000,712
168,11,1.033360e-01,48.00000,35.00000,706
168,12,1.048058e-01,49.00000,30.00000,736
168,13,1.077511e-01,41.00000,35.00000,633
168,14,1.052899e-01,53.00000,30.00000,743
168,15,1.074514e-01,53.00000,30.00000,606
168,16,1.035420e-01,44.00000,35.00000,797
168,17,1.101690e-01,31.00000,36.00000,664
168,18,1.078218e-01,40.00000,36.00000,690
168,19,1.129322e-01,25.00000,36.00000,629
168,20,1.088834e-01,37.00000,36.00000,643
168,21,1.140529e-01,53.00000,30.00000,648
168,22,1.072750e-01,52.00000,30.00000,728
168,23,1.064086e-01,45.00000,35.00000,617
168,24,1.069113e-01,44.00000,35.00000,670
168,25,1.098260e-01,53.00000,30.00000,670
168,26,1.081455e-01,35.00000,36.00000,685
168,27,1.073286e-01,37.00000,36.00000,592
168,28,1.093552e-01,36.00000,36.00000,722
168,29,1.076953e-01,39.00000,36.00000,734
168,30,1.130087e-01,39.00000,36.00000,650
168,31,1.103842e-01,52.00000,30.00000,676
168,32,1.108861e-01,54.00000,30.00000,663
168,33,1.081586e-01,45.00000,35.00000,658
168,34,1.063364e-01,43.00000,35.00000,617
168,35,1.081613e-01,45.00000,35.00000,624
168,36,1.114668e-01,37.00000,36.00000,651
168,37,1.047377e-01,53.00000,30.00000,671
168,38,1.054864e-01,35.00000,36.00000,713
168,39,1.099407e-01,46.00000,35.00000,678
168,40,1.089197e-01,40.00000,36.00000,679
168,41,1.088506e-01,49.00000,30.00000,657
168,42,1.058552e-01,56.00000,30.00000,632
168,43,1.080628e-01,47.00000,35.00000,673
168,44,1.067385e-01,48.00000,35.00000,602
168,45,1.062057e-01,54.00000,30.00000,699
168,46,1.087795e-01,39.00000,35.00000,617
168,47,1.070805e-01,40.00000,36.00000,666
168,48,1.087353e-01,31.00000,36.00000,715
168,49,1.090922e-01,47.00000,35.00000,681
168,50,1.048420e-01,41.00000,36.00000,709
168,51,1.069000e-01,46.00000,35.00000,646
168,52,1.047968e-01,49.00000,30.00000,616
168,53,1.077147e-01,38.00000,35.00000,603
168,54,1.059606e-01,42.00000,35.00000,597
168,55,1.054954e-01,45.00000,35.00000,613
168,56,1.038122e-01,55.00000,30.00000,633
168,57,1.088275e-01,42.00000,35.00000,624
168,58,1.119134e-01,31.00000,36.00000,575
168,59,1.072362e-01,57.00000,30.00000,629
168,60,1.072300e-01,57.00000,30.00000,629
168,61,1.102280e-01,25.00000,36.00000,642
168,62,1.083820e-01,57.00000,30.00000,631
168,63,1.073792e-01,45.00000,35.00000,614
168,64,1.037093e-01,44.00000,35.00000,637
168,65,1.054226e-01,46.00000,36.00000,622
168,66,1.202324e-01,30.00000,36.00000,523
168,67,1.106196e-01,52.00000,30.00000,596
168,68,1.112484e-01,41.00000,36.00000,621
168,69,1.071847e-01,54.00000,30.00000,610
168,70,1.083430e-01,49.00000,30.00000,615
168,71,1.033294e-01,49.00000,35.00000,633
169,0,1.066618e-01,55.00000,30.00000,6579
169,1,1.075781e-01,45.00000,35.00000,680
169,2,1.089886e-01,38.00000,35.00000,643
169,3,1.082409e-01,42.00000,35.00000,698
169,4,1.097396e-01,37.00000,35.00000,640
169,5,1.031806e-01,55.00000,30.00000,781
169,6,1.087193e-01,43.00000,35.00000,633
169,7,1.083075e-01,42.00000,35.00000,673
169,8,1.067608e-01,43.00000,35.00000,725
169,9,1.079336e-01,40.00000,35.00000,694
169,10,1.044444e-01,49.00000,35.00000,4054
169,11,1.112500e-01,43.00000,35.00000,3792
169,12,1.042577e-01,57.00000,30.00000,690
169,13,1.036063e-01,55.00000,30.00000,768
169,14,1.063679e-01,49.00000,30.00000,690
169,15,1.075776e-01,50.00000,35.00000,2694
169,16,1.059137e-01,54.00000,30.00000,694
169,17,1.082842e-01,41.00000,36.00000,4071
169,18,1.064668e-01,43.00000,35.00000,653
169,19,1.087755e-01,40.00000,35.00000,685
169,20,1.070502e-01,49.00000,30.00000,2419
169,21,1.050570e-01,43.00000,36.00000,4280
169,22,1.091392e-01,36.00000,36.00000,663
169,23,1.066958e-01,41.00000,36.00000,797
169,24,1.102643e-01,49.00000,35.00000,694
169,25,1.063543e-01,57.00000,30.00000,2545
169,26,1.039533e-01,58.00000,30.00000,715
169,27,1.086272e-01,49.00000,30.00000,5785
169,28,1.123581e-01,49.00000,30.00000,673
169,29,1.043356e-01,49.00000,30.00000,713
169,30,1.045639e-01,48.00000,35.00000,712
169,31,1.110661e-01,36.00000,36.00000,3502
169,32,1.064808e-01,45.00000,35.00000,680
169,33,1.061389e-01,45.00000,35.00000,1432
169,34,1.065220e-01,53.00000,30.00000,2894
169,35,1.085244e-01,53.00000,30.00000,715
169,36,1.038682e-01,47.00000,35.00000,663
169,37,1.095129e-01,38.00000,35.00000,5038
169,38,1.091800e-01,39.00000,36.00000,687
169,39,1.072714e-01,46.00000,35.00000,716
169,40,1.056117e-01,49.00000,30.00000,698
169,41,1.071715e-01,57.00000,30.00000,3605
169,42,1.086858e-01,40.00000,35.00000,677
169,43,1.070026e-01,42.00000,35.00000,1722
169,44,1.078407e-01,45.00000,35.00000,881
169,45,1.036426e-01,45.00000,35.00000,1082
169,46,1.085623e-01,36.00000,36.00000,790
169,47,1.049714e-01,52.00000,30.00000,3397
169,48,1.110209e-01,45.00000,35.00000,663
169,49,1.067371e-01,37.00000,36.00000,665
169,50,1.022787e-01,58.00000,30.00000,690
169,51,1.043595e-01,43.00000,36.00000,5341
169,52,1.107255e-01,45.00000,35.00000,657
169,53,1.102955e-01,55.00000,30.00000,1033
169,54,1.059174e-01,52.00000,30.00000,2032
169,55,1.045138e-01,57.00000,30.00000,657
169,56,1.050078e-01,49.00000,30.00000,634
169,57,1.060407e-01,39.00000,36.00000,1338
169,58,1.061297e-01,42.00000,35.00000,614
169,59,1.078491e-01,49.00000,30.00000,639
169,60,1.065303e-01,46.00000,35.00000,629
169,61,1.053509e-01,47.00000,35.00000,1940
169,62,1.090080e-01,37.00000,40.00000,582
169,63,1.085470e-01,46.00000,35.00000,612
169,64,1.087570e-01,47.00000,35.00000,1693
169,65,1.043689e-01,55.00000,30.00000,620
169,66,1.068939e-01,43.00000,35.00000,601
169,67,1.108015e-01,37.00000,35.00000,599
169,68,1.075412e-01,43.00000,35.00000,627
169,69,1.056995e-01,49.00000,30.00000,635
169,70,1.056524e-01,49.00000,30.00000,620
169,71,1.074314e-01,53.00000,30.00000,611
170,0,1.071188e-01,44.00000,35.00000,11587
170,1,1.056819e-01,43.00000,35.00000,1758
170,2,1.060836e-01,43.00000,40.00000,1305
170,3,1.057330e-01,49.00000,30.00000,666
170,4,1.105383e-01,42.00000,35.00000,669
170,5,1.044667e-01,57.00000,30.00000,704
170,6,1.094894e-01,49.00000,30.00000,700
170,7,1.021422e-01,57.00000,30.00000,694
170,8,1.113036e-01,38.00000,36.00000,689
170,9,1.029704e-01,53.00000,30.00000,690
170,10,1.080054e-01,35.00000,36.00000,4396
170,11,1.093206e-01,42.00000,35.00000,1470
170,12,1.096271e-01,35.00000,36.00000,1221
170,13,1.063024e-01,49.00000,30.00000,691
170,14,1.063782e-01,49.00000,30.00000,663
170,15,1.112644e-01,37.00000,35.00000,686
170,16,1.071005e-01,49.00000,30.00000,1668
170,17,1.050450e-01,57.00000,30.00000,681
170,18,1.135674e-01,41.00000,35.00000,624
170,19,1.052521e-01,48.00000,35.00000,654
170,20,1.050324e-01,53.00000,30.00000,8844
170,21,1.064613e-01,51.00000,30.00000,2998
170,22,1.049942e-01,54.00000,30.00000,942
170,23,1.040508e-01,55.00000,30.00000,693
170,24,1.068219e-01,53.00000,30.00000,705
170,25,1.119998e-01,37.00000,35.00000,632
170,26,1.097096e-01,41.00000,35.00000,633
170,27,1.083850e-01,41.00000,36.00000,673
170,28,1.042448e-01,44.00000,35.00000,715
170,29,1.067390e-01,46.00000,36.00000,771
170,30,1.135129e-01,45.00000,35.00000,10654
170,31,1.127997e-01,47.00000,35.00000,855
170,32,1.099819e-01,49.00000,30.00000,3053
170,33,1.090709e-01,41.00000,36.00000,627
170,34,1.100174e-01,38.00000,35.00000,641
170,35,1.092401e-01,47.00000,35.00000,693
170,36,1.092302e-01,42.00000,35.00000,657
170,37,1.121226e-01,37.00000,35.00000,641
170,38,1.083902e-01,35.00000,36.00000,796
170,39,1.077466e-01,57.00000,30.00000,712
170,40,1.150043e-01,25.00000,36.00000,8640
170,41,1.072860e-01,51.00000,30.00000,687
170,42,1.072849e-01,45.00000,35.00000,2656
170,43,1.050679e-01,49.00000,30.00000,739
170,44,1.116789e-01,38.00000,40.00000,605
170,45,1.109320e-01,31.00000,36.00000,675
170,46,1.088106e-01,42.00000,35.00000,648
170,47,1.116748e-01,43.00000,36.00000,706
170,48,1.113140e-01,49.00000,30.00000,649
170,49,1.097886e-01,41.00000,40.00000,676
170,50,1.044004e-01,49.00000,30.00000,9245
170,51,1.126003e-01,40.00000,35.00000,814
170,52,1.062139e-01,51.00000,30.00000,662
170,53,1.147229e-01,30.00000,36.00000,624
170,54,1.078460e-01,53.00000,35.00000,618
170,55,1.065585e-01,48.00000,35.00000,635
170,56,1.057851e-01,49.00000,30.00000,641
170,57,1.033919e-01,55.00000,30.00000,636
170,58,1.077926e-01,45.00000,35.00000,582
170,59,1.072900e-01,42.00000,35.00000,624
170,60,1.091084e-01,40.00000,35.00000,1571
170,61,1.074870e-01,49.00000,30.00000,590
170,62,1.105022e-01,54.00000,30.00000,608
170,63,1.130180e-01,40.00000,35.00000,574
170,64,1.123842e-01,37.00000,35.00000,584
170,65,1.099046e-01,40.00000,36.00000,602
170,66,1.094632e-01,43.00000,35.00000,611
170,67,1.109376e-01,46.00000,35.00000,594
170,68,1.130231e-01,42.00000,35.00000,582
170,69,1.087093e-01,37.00000,36.00000,618
170,70,1.051584e-01,46.00000,36.00000,645
170,71,1.097352e-01,52.00000,30.00000,597
171,0,1.051661e-01,55.00000,30.00000,712
171,1,1.101153e-01,52.00000,30.00000,688
171,2,1.081616e-01,40.00000,40.00000,666
171,3,1.086088e-01,43.00000,35.00000,708
171,4,1.066986e-01,47.00000,35.00000,638
171,5,1.093130e-01,31.00000,36.00000,710
171,6,1.130695e-01,43.00000,35.00000,648
171,7,1.144642e-01,40.00000,36.00000,700
171,8,1.070400e-01,53.00000,30.00000,719
171,9,1.072223e-01,54.00000,30.00000,678
171,10,1.064009e-01,37.00000,40.00000,695
171,11,1.056947e-01,42.00000,35.00000,606
171,12,1.128139e-01,36.00000,36.00000,681
171,13,1.117980e-01,39.00000,35.00000,648
171,14,1.127038e-01,37.00000,36.00000,644
171,15,1.113909e-01,43.00000,35.00000,654
171,16,1.074621e-01,49.00000,35.00000,642
171,17,1.154237e-01,49.00000,30.00000,675
171,18,1.058003e-01,57.00000,30.00000,683
171,19,1.099773e-01,43.00000,35.00000,700
171,20,1.102682e-01,37.00000,35.00000,614
171,21,1.085621e-01,31.00000,36.00000,635
171,22,1.068057e-01,41.00000,35.00000,653
171,23,1.087458e-01,57.00000,30.00000,685
171,24,1.080182e-01,38.00000,35.00000,646
171,25,1.108526e-01,57.00000,30.00000,687
171,26,1.059279e-01,53.00000,30.00000,677
171,27,1.078701e-01,53.00000,30.00000,693
171,28,1.121072e-01,46.00000,35.00000,647
171,29,1.059399e-01,49.00000,30.00000,649
171,30,1.105418e-01,36.00000,35.00000,669
171,31,1.033145e-01,54.00000,30.00000,638
171,32,1.064340e-01,42.00000,35.00000,632
171,33,1.090983e-01,37.00000,36.00000,654
171,34,1.025520e-01,57.00000,30.00000,672
171,35,1.085831e-01,46.00000,35.00000,650
171,36,1.042723e-01,53.00000,30.00000,630
171,37,1.026338e-01,56.00000,30.00000,723
171,38,1.056058e-01,53.00000,30.00000,695
171,39,1.082280e-01,49.00000,30.00000,720
171,40,1.092122e-01,38.00000,35.00000,646
171,41,1.061335e-01,50.00000,35.00000,682
171,42,1.054129e-01,53.00000,30.00000,696
171,43,1.027298e-01,53.00000,30.00000,640
171,44,1.045688e-01,49.00000,30.00000,738
171,45,1.045129e-01,51.00000,35.00000,660
171,46,1.121713e-01,38.00000,36.00000,611
171,47,1.075345e-01,56.00000,30.00000,679
171,48,1.098154e-01,41.00000,35.00000,763
171,49,1.097338e-01,50.00000,30.00000,687
171,50,1.072844e-01,54.00000,30.00000,671
171,51,1.148196e-01,31.00000,36.00000,598
171,52,1.079195e-01,40.00000,36.00000,626
171,53,1.112952e-01,49.00000,30.00000,592
171,54,1.132002e-01,46.00000,35.00000,608
171,55,1.124133e-01,45.00000,35.00000,591
171,56,1.093985e-01,53.00000,30.00000,610
171,57,1.086788e-01,43.00000,36.00000,627
171,58,1.062792e-01,45.00000,35.00000,625
171,59,1.111382e-01,41.00000,36.00000,578
171,60,1.096196e-01,40.00000,40.00000,610
171,61,1.085142e-01,36.00000,35.00000,609
171,62,1.094022e-01,40.00000,35.00000,627
171,63,1.129776e-01,46.00000,35.00000,593
171,64,1.082940e-01,56.00000,30.00000,620
171,65,1.069172e-01,42.00000,35.00000,622
171,66,1.103119e-01,45.00000,35.00000,582
171,67,1.108211e-01,41.00000,35.00000,571
171,68,1.116882e-01,38.00000,35.00000,594
171,69,1.103934e-01,40.00000,36.00000,595
171,70,1.103446e-01,53.00000,30.00000,610
171,71,1.064402e-01,42.00000,35.00000,624
172,0,1.136459e-01,25.00000,36.00000,3621
172,1,1.112809e-01,42.00000,35.00000,682
172,2,1.116203e-01,42.00000,36.00000,999
172,3,1.089943e-01,39.00000,35.00000,681
172,4,1.109881e-01,49.00000,30.00000,682
172,5,1.100851e-01,49.00000,30.00000,661
172,6,1.104602e-01,43.00000,36.00000,687
172,7,1.091654e-01,45.00000,35.00000,702
172,8,1.113750e-01,36.00000,36.00000,656
172,9,1.112858e-01,49.00000,30.00000,738
172,10,1.109127e-01,53.00000,30.00000,763
172,11,1.083998e-01,53.00000,30.00000,1217
172,12,1.130030e-01,38.00000,40.00000,647
172,13,1.100123e-01,51.00000,35.00000,697
172,14,1.084095e-01,53.00000,30.00000,683
172,15,1.175181e-01,36.00000,40.00000,630
172,16,1.085177e-01,45.00000,35.00000,662
172,17,1.143823e-01,36.00000,40.00000,647
172,18,1.106348e-01,35.00000,36.00000,664
172,19,1.105488e-01,31.00000,36.00000,723
172,20,1.160046e-01,38.00000,40.00000,643
172,21,1.118369e-01,43.00000,35.00000,3562
172,22,1.088702e-01,49.00000,30.00000,643
172,23,1.045070e-01,53.00000,30.00000,666
172,24,1.108012e-01,41.00000,36.00000,728
172,25,1.097038e-01,49.00000,30.00000,684
172,26,1.072093e-01,44.00000,35.00000,672
172,27,1.087439e-01,40.00000,36.00000,629
172,28,1.087815e-01,60.00000,30.00000,661
172,29,1.159516e-01,31.00000,36.00000,737
172,30,1.113681e-01,42.00000,35.00000,727
172,31,1.088426e-01,47.00000,35.00000,3538
172,32,1.062807e-01,49.00000,30.00000,722
172,33,1.104270e-01,57.00000,30.00000,695
172,34,1.114406e-01,42.00000,35.00000,621
172,35,1.100221e-01,47.00000,35.00000,685
172,36,1.122521e-01,40.00000,35.00000,584
172,37,1.096270e-01,49.00000,35.00000,794
172,38,1.096015e-01,54.00000,30.00000,736
172,39,1.104903e-01,38.00000,40.00000,691
172,40,1.067965e-01,50.00000,30.00000,738
172,41,1.072585e-01,47.00000,35.00000,4924
172,42,1.106841e-01,46.00000,35.00000,600
172,43,1.151871e-01,42.00000,35.00000,704
172,44,1.073373e-01,36.00000,36.00000,639
172,45,1.108043e-01,41.00000,35.00000,674
172,46,1.102541e-01,43.00000,35.00000,621
172,47,1.054106e-01,52.00000,35.00000,658
172,48,1.093875e-01,49.00000,30.00000,734
172,49,1.107559e-01,35.00000,36.00000,641
172,50,1.130347e-01,41.00000,35.00000,709
172,51,1.123094e-01,49.00000,30.00000,4765
172,52,1.064682e-01,49.00000,30.00000,600
172,53,1.071642e-01,54.00000,30.00000,608
172,54,1.120906e-01,45.00000,35.00000,595
172,55,1.115180e-01,40.00000,35.00000,595
172,56,1.074569e-01,41.00000,35.00000,661
172,57,1.102408e-01,47.00000,35.00000,588
172,58,1.103340e-01,40.00000,36.00000,598
172,59,1.107957e-01,31.00000,36.00000,617
172,60,1.112315e-01,40.00000,35.00000,637
172,61,1.092193e-01,43.00000,36.00000,634
172,62,1.083800e-01,57.00000,30.00000,629
172,63,1.107152e-01,52.00000,30.00000,604
172,64,1.109891e-01,55.00000,30.00000,622
172,65,1.139764e-01,31.00000,36.00000,596
172,66,1.068353e-01,45.00000,35.00000,618
172,67,1.077844e-01,49.00000,30.00000,608
172,68,1.075070e-01,53.00000,30.00000,616
172,69,1.095171e-01,36.00000,35.00000,615
172,70,1.061729e-01,55.00000,30.00000,620
172,71,1.101731e-01,36.00000,35.00000,607
173,0,1.069593e-01,49.00000,30.00000,7988
173,1,1.056146e-01,49.00000,30.00000,1842
173,2,1.133725e-01,36.00000,40.00000,627
173,3,1.055160e-01,52.00000,30.00000,711
173,4,1.050325e-01,59.00000,30.00000,782
173,5,1.053837e-01,57.00000,30.00000,731
173,6,1.109617e-01,39.00000,35.00000,671
173,7,1.067918e-01,55.00000,30.00000,664
173,8,1.079881e-01,48.00000,35.00000,701
173,9,1.044697e-01,55.00000,30.00000,656
173,10,1.054348e-01,61.00000,30.00000,782
173,11,1.067797e-01,46.00000,35.00000,654
173,12,1.058415e-01,47.00000,35.00000,678
173,13,1.077904e-01,54.00000,30.00000,732
173,14,1.085799e-01,53.00000,30.00000,659
173,15,1.076487e-01,49.00000,30.00000,1465
173,16,1.066501e-01,51.00000,30.00000,646
173,17,1.087896e-01,41.00000,36.00000,718
173,18,1.056320e-01,52.00000,30.00000,710
173,19,1.115134e-01,45.00000,35.00000,3123
173,20,1.083655e-01,47.00000,35.00000,652
173,21,1.087429e-01,54.00000,30.00000,622
173,22,1.112361e-01,30.00000,36.00000,678
173,23,1.078886e-01,45.00000,35.00000,721
173,24,1.064797e-01,56.00000,30.00000,654
173,25,1.080838e-01,47.00000,35.00000,670
173,26,1.124719e-01,42.00000,35.00000,598
173,27,1.112000e-01,42.00000,35.00000,642
173,28,1.104726e-01,43.00000,35.00000,674
173,29,1.125877e-01,36.00000,36.00000,1518
173,30,1.124598e-01,44.00000,35.00000,684
173,31,1.060722e-01,49.00000,30.00000,678
173,32,1.111888e-01,40.00000,36.00000,657
173,33,1.085118e-01,49.00000,30.00000,666
173,34,1.079495e-01,39.00000,35.00000,667
173,35,1.116715e-01,41.00000,35.00000,595
173,36,1.079359e-01,54.00000,30.00000,740
173,37,1.100372e-01,54.00000,30.00000,693
173,38,1.088344e-01,40.00000,36.00000,657
173,39,1.108312e-01,37.00000,36.00000,2191
173,40,1.110702e-01,45.00000,35.00000,702
173,41,1.156544e-01,53.00000,30.00000,645
173,42,1.076848e-01,41.00000,36.00000,640
173,43,1.169075e-01,37.00000,36.00000,667
173,44,1.110138e-01,43.00000,35.00000,619
173,45,1.118614e-01,36.00000,36.00000,666
173,46,1.085931e-01,57.00000,30.00000,683
173,47,1.102069e-01,45.00000,35.00000,676
173,48,1.111528e-01,42.00000,35.00000,662
173,49,1.128215e-01,49.00000,30.00000,1800
173,50,1.209643e-01,25.00000,36.00000,595
173,51,1.092338e-01,55.00000,30.00000,660
173,52,1.148079e-01,33.00000,40.00000,621
173,53,1.156674e-01,37.00000,36.00000,594
173,54,1.102668e-01,38.00000,35.00000,686
173,55,1.108366e-01,49.00000,30.00000,615
173,56,1.105813e-01,60.00000,30.00000,636
173,57,1.106466e-01,40.00000,35.00000,621
173,58,1.136467e-01,36.00000,36.00000,592
173,59,1.051733e-01,57.00000,30.00000,842
173,60,1.084153e-01,35.00000,36.00000,632
173,61,1.124610e-01,45.00000,35.00000,603
173,62,1.046837e-01,57.00000,30.00000,636
173,63,1.079122e-01,59.00000,30.00000,718
173,64,1.146560e-01,42.00000,35.00000,612
173,65,1.137505e-01,53.00000,30.00000,611
173,66,1.090691e-01,47.00000,35.00000,604
173,67,1.105391e-01,42.00000,36.00000,623
173,68,1.085276e-01,48.00000,35.00000,610
173,69,1.153969e-01,31.00000,36.00000,593
173,70,1.114953e-01,44.00000,35.00000,598
173,71,1.076957e-01,56.00000,30.00000,620
174,0,1.088996e-01,54.00000,30.00000,3767
174,1,1.084708e-01,46.00000,35.00000,5567
174,2,1.085029e-01,59.00000,30.00000,3314
174,3,1.125154e-01,38.00000,36.00000,695
174,4,1.142996e-01,42.00000,35.00000,650
174,5,1.140236e-01,37.00000,36.00000,648
174,6,1.053986e-01,49.00000,30.00000,663
174,7,1.089110e-01,49.00000,30.00000,674
174,8,1.149258e-01,31.00000,36.00000,648
174,9,1.090581e-01,46.00000,35.00000,667
174,10,1.174566e-01,35.00000,36.00000,2722
174,11,1.070246e-01,49.00000,30.00000,9022
174,12,1.078432e-01,55.00000,30.00000,2531
174,13,1.097426e-01,53.00000,30.00000,607
174,14,1.168316e-01,37.00000,36.00000,639
174,15,1.154343e-01,25.00000,36.00000,736
174,16,1.068662e-01,57.00000,30.00000,642
174,17,1.168675e-01,43.00000,35.00000,690
174,18,1.120079e-01,54.00000,30.00000,620
174,19,1.094318e-01,35.00000,36.00000,712
174,20,1.095948e-01,51.00000,30.00000,707
174,21,1.104704e-01,38.00000,36.00000,7688
174,22,1.079224e-01,56.00000,30.00000,4845
174,23,1.123095e-01,42.00000,35.00000,614
174,24,1.090451e-01,37.00000,36.00000,669
174,25,1.111240e-01,49.00000,30.00000,656
174,26,1.173516e-01,47.00000,35.00000,609
174,27,1.078207e-01,43.00000,35.00000,669
174,28,1.098261e-01,49.00000,30.00000,646
174,29,1.084705e-01,47.00000,35.00000,710
174,30,1.106530e-01,37.00000,36.00000,625
174,31,1.094695e-01,49.00000,35.00000,8661
174,32,1.080212e-01,57.00000,30.00000,2130
174,33,1.158036e-01,46.00000,35.00000,613
174,34,1.087055e-01,46.00000,35.00000,639
174,35,1.117910e-01,49.00000,30.00000,645
174,36,1.136611e-01,38.00000,35.00000,654
174,37,1.085860e-01,52.00000,30.00000,634
174,38,1.098153e-01,37.00000,36.00000,704
174,39,1.075802e-01,49.00000,30.00000,645
174,40,1.144212e-01,37.00000,35.00000,689
174,41,1.085167e-01,46.00000,35.00000,10190
174,42,1.098757e-01,54.00000,30.00000,1618
174,43,1.119859e-01,49.00000,30.00000,618
174,44,1.082805e-01,53.00000,30.00000,715
174,45,1.140197e-01,49.00000,30.00000,623
174,46,1.114173e-01,35.00000,36.00000,678
174,47,1.114263e-01,48.00000,35.00000,631
174,48,1.115003e-01,30.00000,36.00000,737
174,49,1.069677e-01,46.00000,35.00000,669
174,50,1.103150e-01,43.00000,35.00000,657
174,51,1.096764e-01,41.00000,35.00000,8388
174,52,1.101418e-01,39.00000,36.00000,2250
174,53,1.141878e-01,47.00000,35.00000,624
174,54,1.126287e-01,31.00000,36.00000,608
174,55,1.094693e-01,43.00000,35.00000,596
174,56,1.123571e-01,52.00000,30.00000,617
174,57,1.111849e-01,49.00000,35.00000,632
174,58,1.146688e-01,45.00000,35.00000,603
174,59,1.091801e-01,53.00000,30.00000,609
174,60,1.136539e-01,40.00000,36.00000,623
174,61,1.096241e-01,49.00000,30.00000,1346
174,62,1.086846e-01,55.00000,30.00000,620
174,63,1.093974e-01,49.00000,30.00000,604
174,64,1.122111e-01,37.00000,36.00000,594
174,65,1.108548e-01,44.00000,35.00000,617
174,66,1.103552e-01,48.00000,35.00000,623
174,67,1.097579e-01,50.00000,30.00000,620
174,68,1.105111e-01,53.00000,30.00000,609
174,69,1.093841e-01,46.00000,35.00000,616
174,70,1.090449e-01,50.00000,35.00000,610
174,71,1.112384e-01,42.00000,35.00000,596
175,0,1.088621e-01,56.00000,30.00000,10566
175,1,1.121450e-01,50.00000,35.00000,747
175,2,1.072148e-01,50.00000,35.00000,622
175,3,1.125592e-01,44.00000,35.00000,696
175,4,1.083368e-01,49.00000,30.00000,630
175,5,1.136950e-01,42.00000,36.00000,703
175,6,1.063579e-01,55.00000,30.00000,682
175,7,1.134444e-01,41.00000,35.00000,631
175,8,1.110577e-01,47.00000,35.00000,652
175,9,1.080030e-01,47.00000,35.00000,734
175,10,1.098316e-01,40.00000,36.00000,2851
175,11,1.068922e-01,53.00000,30.00000,8903
175,12,1.064076e-01,53.00000,30.00000,711
175,13,1.066416e-01,56.00000,30.00000,647
175,14,1.053094e-01,53.00000,30.00000,663
175,15,1.074792e-01,52.00000,30.00000,651
175,16,1.069007e-01,54.00000,30.00000,638
175,17,1.059669e-01,55.00000,30.00000,657
175,18,1.089828e-01,55.00000,30.00000,666
175,19,1.069983e-01,53.00000,30.00000,765
175,20,1.074132e-01,54.00000,30.00000,697
175,21,1.106732e-01,57.00000,30.00000,12533
175,22,1.101950e-01,51.00000,35.00000,616
175,23,1.062329e-01,55.00000,30.00000,734
175,24,1.104484e-01,44.00000,35.00000,642
175,25,1.067525e-01,55.00000,30.00000,656
175,26,1.050877e-01,53.00000,30.00000,636
175,27,1.077074e-01,42.00000,35.00000,711
175,28,1.107016e-01,56.00000,30.00000,631
175,29,1.103799e-01,46.00000,35.00000,745
175,30,1.054601e-01,59.00000,30.00000,702
175,31,1.088910e-01,41.00000,36.00000,8751
175,32,1.136802e-01,37.00000,36.00000,617
175,33,1.145990e-01,54.00000,30.00000,657
175,34,1.123081e-01,35.00000,36.00000,676
175,35,1.111917e-01,43.00000,36.00000,636
175,36,1.076864e-01,49.00000,30.00000,748
175,37,1.146550e-01,53.00000,30.00000,4795
175,38,1.090627e-01,41.00000,36.00000,686
175,39,1.106334e-01,45.00000,35.00000,718
175,40,1.098170e-01,52.00000,30.00000,721
175,41,1.157119e-01,44.00000,35.00000,646
175,42,1.088350e-01,43.00000,35.00000,637
175,43,1.154394e-01,49.00000,30.00000,655
175,44,1.134061e-01,54.00000,30.00000,667
175,45,1.123376e-01,49.00000,35.00000,728
175,46,1.143817e-01,37.00000,35.00000,627
175,47,1.145660e-01,30.00000,36.00000,6715
175,48,1.121553e-01,48.00000,35.00000,664
175,49,1.087979e-01,51.00000,30.00000,637
175,50,1.100639e-01,43.00000,36.00000,665
175,51,1.141064e-01,40.00000,36.00000,874
175,52,1.097153e-01,44.00000,35.00000,669
175,53,1.119062e-01,49.00000,30.00000,635
175,54,1.173169e-01,38.00000,35.00000,602
175,55,1.126807e-01,43.00000,35.00000,626
175,56,1.168104e-01,25.00000,36.00000,659
175,57,1.083822e-01,54.00000,30.00000,2020
175,58,1.132554e-01,39.00000,36.00000,568
175,59,1.102876e-01,48.00000,35.00000,685
175,60,1.100988e-01,54.00000,30.00000,614
175,61,1.126913e-01,36.00000,40.00000,580
175,62,1.078375e-01,43.00000,35.00000,638
175,63,1.124659e-01,45.00000,35.00000,611
175,64,1.132907e-01,40.00000,40.00000,592
175,65,1.092968e-01,46.00000,35.00000,625
175,66,1.061528e-01,53.00000,30.00000,629
175,67,1.146194e-01,43.00000,36.00000,1227
175,68,1.099748e-01,42.00000,35.00000,615
175,69,1.135374e-01,49.00000,30.00000,591
175,70,1.080340e-01,54.00000,30.00000,616
175,71,1.153226e-01,57.00000,30.00000,631
176,0,1.136013e-01,46.00000,35.00000,4191
176,1,1.103148e-01,40.00000,36.00000,717
176,2,1.111395e-01,49.00000,30.00000,1177
176,3,1.174982e-01,37.00000,36.00000,601
176,4,1.112918e-01,48.00000,35.00000,725
176,5,1.158394e-01,43.00000,36.00000,691
176,6,1.139060e-01,37.00000,35.00000,670
176,7,1.146011e-01,39.00000,35.00000,669
176,8,1.177093e-01,42.00000,35.00000,706
176,9,1.170834e-01,37.00000,40.00000,671
176,10,1.228454e-01,25.00000,36.00000,6469
176,11,1.184846e-01,41.00000,36.00000,634
176,12,1.139101e-01,41.00000,36.00000,664
176,13,1.106218e-01,47.00000,35.00000,704
176,14,1.158000e-01,31.00000,36.00000,650
176,15,1.118614e-01,49.00000,30.00000,623
176,16,1.161514e-01,46.00000,36.00000,660
176,17,1.064351e-01,52.00000,30.00000,741
176,18,1.131215e-01,34.00000,36.00000,667
176,19,1.165318e-01,49.00000,30.00000,3720
176,20,1.156728e-01,40.00000,35.00000,10471
176,21,1.096915e-01,46.00000,35.00000,674
176,22,1.120812e-01,42.00000,35.00000,644
176,23,1.115480e-01,36.00000,35.00000,637
176,24,1.134853e-01,42.00000,35.00000,663
176,25,1.091332e-01,48.00000,35.00000,721
176,26,1.090538e-01,54.00000,30.00000,668
176,27,1.093610e-01,57.00000,30.00000,714
176,28,1.110521e-01,38.00000,35.00000,685
176,29,1.106482e-01,52.00000,30.00000,2866
176,30,1.121189e-01,49.00000,30.00000,9930
176,31,1.105518e-01,48.00000,35.00000,670
176,32,1.129065e-01,53.00000,30.00000,713
176,33,1.142393e-01,39.00000,35.00000,597
176,34,1.141578e-01,50.00000,35.00000,709
176,35,1.117938e-01,41.00000,36.00000,660
176,36,1.112001e-01,42.00000,35.00000,659
176,37,1.124242e-01,43.00000,35.00000,669
176,38,1.134281e-01,30.00000,36.00000,637
176,39,1.146486e-01,45.00000,35.00000,1752
176,40,1.138979e-01,37.00000,36.00000,10096
176,41,1.115246e-01,46.00000,35.00000,589
176,42,1.149066e-01,38.00000,36.00000,576
176,43,1.118295e-01,43.00000,35.00000,698
176,44,1.107455e-01,53.00000,30.00000,662
176,45,1.156265e-01,38.00000,36.00000,628
176,46,1.138125e-01,48.00000,35.00000,668
176,47,1.153135e-01,41.00000,35.00000,637
176,48,1.080420e-01,58.00000,30.00000,627
176,49,1.099151e-01,47.00000,35.00000,803
176,50,1.129789e-01,51.00000,35.00000,11250
176,51,1.135410e-01,44.00000,36.00000,618
176,52,1.104730e-01,54.00000,30.00000,613
176,53,1.106002e-01,53.00000,30.00000,642
176,54,1.072545e-01,54.00000,30.00000,614
176,55,1.129768e-01,45.00000,35.00000,651
176,56,1.114516e-01,43.00000,35.00000,622
176,57,1.089143e-01,48.00000,35.00000,617
176,58,1.166872e-01,39.00000,35.00000,552
176,59,1.084688e-01,47.00000,35.00000,675
176,60,1.107790e-01,53.00000,30.00000,1484
176,61,1.097064e-01,49.00000,30.00000,595
176,62,1.078533e-01,49.00000,35.00000,617
176,63,1.074036e-01,52.00000,30.00000,628
176,64,1.130123e-01,49.00000,30.00000,627
176,65,1.110224e-01,53.00000,30.00000,608
176,66,1.126631e-01,41.00000,36.00000,610
176,67,1.160567e-01,42.00000,35.00000,574
176,68,1.179190e-01,37.00000,36.00000,558
176,69,1.150579e-01,37.00000,36.00000,600
176,70,1.094658e-01,49.00000,30.00000,631
176,71,1.080992e-01,52.00000,30.00000,627
177,0,1.120570e-01,49.00000,30.00000,6131
177,1,1.100167e-01,42.00000,35.00000,1504
177,2,1.126501e-01,54.00000,30.00000,663
177,3,1.174875e-01,30.00000,36.00000,646
177,4,1.148284e-01,39.00000,35.00000,625
177,5,1.090763e-01,45.00000,35.00000,660
177,6,1.119218e-01,49.00000,30.00000,724
177,7,1.179052e-01,35.00000,36.00000,671
177,8,1.099724e-01,53.00000,30.00000,703
177,9,1.094443e-01,45.00000,35.00000,690
177,10,1.123932e-01,30.00000,36.00000,4291
177,11,1.117803e-01,49.00000,30.00000,3169
177,12,1.099637e-01,41.00000,36.00000,686
177,13,1.113497e-01,43.00000,35.00000,686
177,14,1.091727e-01,58.00000,30.00000,669
177,15,1.149052e-01,44.00000,35.00000,1063
177,16,1.127401e-01,40.00000,36.00000,730
177,17,1.085042e-01,54.00000,30.00000,662
177,18,1.133139e-01,56.00000,30.00000,708
177,19,1.181652e-01,30.00000,36.00000,637
177,20,1.131098e-01,40.00000,40.00000,3530
177,21,1.131517e-01,41.00000,35.00000,5049
177,22,1.140731e-01,40.00000,35.00000,696
177,23,1.146684e-01,41.00000,35.00000,580
177,24,1.172438e-01,35.00000,36.00000,712
177,25,1.108368e-01,45.00000,35.00000,790
177,26,1.150692e-01,52.00000,30.00000,634
177,27,1.112354e-01,53.00000,30.00000,685
177,28,1.125663e-01,31.00000,36.00000,659
177,29,1.133429e-01,46.00000,35.00000,675
177,30,1.108168e-01,58.00000,30.00000,4591
177,31,1.146306e-01,44.00000,35.00000,8094
177,32,1.102165e-01,49.00000,35.00000,637
177,33,1.191514e-01,47.00000,35.00000,604
177,34,1.156847e-01,31.00000,36.00000,729
177,35,1.087618e-01,43.00000,35.00000,669
177,36,1.163212e-01,44.00000,35.00000,633
177,37,1.098757e-01,54.00000,30.00000,675
177,38,1.145484e-01,42.00000,40.00000,658
177,39,1.105436e-01,47.00000,35.00000,735
177,40,1.126322e-01,44.00000,35.00000,625
177,41,1.177442e-01,35.00000,36.00000,10127
177,42,1.138549e-01,44.00000,35.00000,625
177,43,1.169221e-01,40.00000,36.00000,649
177,44,1.117659e-01,44.00000,35.00000,665
177,45,1.126984e-01,44.00000,35.00000,675
177,46,1.143135e-01,52.00000,30.00000,742
177,47,1.138239e-01,40.00000,35.00000,646
177,48,1.137164e-01,31.00000,36.00000,638
177,49,1.149583e-01,42.00000,35.00000,613
177,50,1.150013e-01,41.00000,36.00000,701
177,51,1.179214e-01,40.00000,36.00000,10578
177,52,1.190561e-01,53.00000,30.00000,631
177,53,1.156720e-01,38.00000,36.00000,651
177,54,1.138758e-01,49.00000,30.00000,625
177,55,1.110326e-01,40.00000,35.00000,715
177,56,1.211642e-01,30.00000,36.00000,632
177,57,1.161865e-01,43.00000,35.00000,684
177,58,1.096747e-01,43.00000,35.00000,670
177,59,1.148914e-01,44.00000,35.00000,627
177,60,1.106448e-01,40.00000,36.00000,648
177,61,1.156513e-01,54.00000,30.00000,1556
177,62,1.115694e-01,49.00000,30.00000,595
177,63,1.124860e-01,49.00000,30.00000,607
177,64,1.118667e-01,49.00000,30.00000,610
177,65,1.153796e-01,36.00000,35.00000,577
177,66,1.159575e-01,37.00000,36.00000,587
177,67,1.117470e-01,47.00000,35.00000,612
177,68,1.087065e-01,48.00000,35.00000,616
177,69,1.144276e-01,43.00000,35.00000,597
177,70,1.177651e-01,44.00000,35.00000,579
177,71,1.175041e-01,36.00000,36.00000,601
178,0,1.088565e-01,53.00000,30.00000,5933
178,1,1.130113e-01,52.00000,30.00000,3604
178,2,1.090795e-01,45.00000,35.00000,650
178,3,1.125444e-01,47.00000,35.00000,726
178,4,1.082358e-01,53.00000,30.00000,697
178,5,1.099341e-01,53.00000,30.00000,755
178,6,1.124435e-01,46.00000,35.00000,673
178,7,1.113286e-01,46.00000,35.00000,717
178,8,1.136958e-01,40.00000,35.00000,657
178,9,1.116734e-01,40.00000,35.00000,724
178,10,1.111104e-01,53.00000,30.00000,4450
178,11,1.139622e-01,38.00000,36.00000,4833
178,12,1.095775e-01,57.00000,30.00000,708
178,13,1.127471e-01,49.00000,30.00000,689
178,14,1.142249e-01,43.00000,35.00000,770
178,15,1.101282e-01,49.00000,30.00000,689
178,16,1.144265e-01,40.00000,35.00000,658
178,17,1.114611e-01,42.00000,35.00000,640
178,18,1.121482e-01,47.00000,35.00000,729
178,19,1.122565e-01,42.00000,35.00000,721
178,20,1.142086e-01,37.00000,36.00000,4435
178,21,1.133748e-01,46.00000,35.00000,6543
178,22,1.137626e-01,46.00000,35.00000,665
178,23,1.144790e-01,31.00000,36.00000,651
178,24,1.088506e-01,49.00000,30.00000,763
178,25,1.103046e-01,58.00000,30.00000,673
178,26,1.106204e-01,44.00000,35.00000,750
178,27,1.127223e-01,57.00000,30.00000,723
178,28,1.149211e-01,50.00000,30.00000,648
178,29,1.176427e-01,31.00000,36.00000,740
178,30,1.161189e-01,37.00000,35.00000,6117
178,31,1.088605e-01,54.00000,30.00000,3511
178,32,1.113708e-01,53.00000,30.00000,690
178,33,1.135088e-01,41.00000,35.00000,667
178,34,1.113650e-01,43.00000,36.00000,765
178,35,1.102023e-01,51.00000,30.00000,650
178,36,1.124410e-01,48.00000,35.00000,704
178,37,1.115550e-01,46.00000,35.00000,2745
178,38,1.080367e-01,58.00000,30.00000,776
178,39,1.102665e-01,51.00000,30.00000,705
178,40,1.151702e-01,50.00000,35.00000,3885
178,41,1.127951e-01,47.00000,35.00000,2828
178,42,1.171457e-01,48.00000,35.00000,679
178,43,1.097861e-01,53.00000,30.00000,713
178,44,1.130288e-01,36.00000,35.00000,644
178,45,1.127792e-01,43.00000,36.00000,669
178,46,1.134373e-01,41.00000,36.00000,775
178,47,1.104334e-01,45.00000,35.00000,708
178,48,1.139865e-01,42.00000,35.00000,662
178,49,1.091467e-01,60.00000,30.00000,746
178,50,1.077870e-01,57.00000,30.00000,6562
178,51,1.175994e-01,35.00000,36.00000,2168
178,52,1.150911e-01,47.00000,35.00000,673
178,53,1.122091e-01,48.00000,35.00000,662
178,54,1.136891e-01,48.00000,35.00000,669
178,55,1.092789e-01,54.00000,30.00000,669
178,56,1.094399e-01,46.00000,35.00000,634
178,57,1.081754e-01,61.00000,30.00000,792
178,58,1.108718e-01,49.00000,30.00000,667
178,59,1.142075e-01,37.00000,36.00000,599
178,60,1.169183e-01,35.00000,36.00000,3523
178,61,1.140073e-01,46.00000,35.00000,593
178,62,1.121873e-01,49.00000,30.00000,623
178,63,1.199807e-01,25.00000,36.00000,617
178,64,1.154668e-01,43.00000,35.00000,588
178,65,1.129090e-01,43.00000,35.00000,610
178,66,1.158789e-01,37.00000,36.00000,639
178,67,1.125428e-01,60.00000,30.00000,636
178,68,1.111168e-01,54.00000,30.00000,613
178,69,1.110788e-01,53.00000,30.00000,615
178,70,1.131719e-01,47.00000,35.00000,600
178,71,1.089602e-01,55.00000,30.00000,627
179,0,1.112945e-01,44.00000,35.00000,695
179,1,1.121453e-01,49.00000,30.00000,717
179,2,1.123525e-01,49.00000,30.00000,674
179,3,1.115066e-01,49.00000,30.00000,684
179,4,1.108049e-01,47.00000,35.00000,668
179,5,1.128807e-01,42.00000,35.00000,678
179,6,1.112967e-01,49.00000,30.00000,699
179,7,1.097534e-01,46.00000,35.00000,628
179,8,1.185691e-01,37.00000,35.00000,684
179,9,1.126316e-01,42.00000,35.00000,699
179,10,1.158052e-01,44.00000,35.00000,706
179,11,1.128306e-01,53.00000,30.00000,691
179,12,1.121538e-01,52.00000,30.00000,896
179,13,1.182140e-01,35.00000,40.00000,575
179,14,1.175094e-01,25.00000,36.00000,678
179,15,1.128244e-01,49.00000,30.00000,630
179,16,1.169307e-01,36.00000,36.00000,628
179,17,1.174631e-01,48.00000,35.00000,596
179,18,1.154990e-01,43.00000,36.00000,808
179,19,1.154959e-01,40.00000,35.00000,640
179,20,1.214141e-01,31.00000,36.00000,726
179,21,1.155142e-01,49.00000,30.00000,612
179,22,1.153381e-01,38.00000,40.00000,690
179,23,1.141435e-01,35.00000,36.00000,598
179,24,1.119834e-01,45.00000,35.00000,679
179,25,1.144860e-01,45.00000,35.00000,615
179,26,1.146002e-01,36.00000,40.00000,690
179,27,1.104652e-01,54.00000,30.00000,728
179,28,1.104508e-01,49.00000,30.00000,642
179,29,1.118898e-01,57.00000,30.00000,676
179,30,1.193210e-01,53.00000,30.00000,765
179,31,1.168600e-01,42.00000,35.00000,709
179,32,1.104989e-01,55.00000,30.00000,643
179,33,1.106871e-01,53.00000,30.00000,681
179,34,1.131430e-01,48.00000,35.00000,670
179,35,1.122544e-01,42.00000,35.00000,694
179,36,1.132889e-01,44.00000,35.00000,742
179,37,1.102947e-01,49.00000,30.00000,631
179,38,1.100635e-01,49.00000,30.00000,705
179,39,1.111461e-01,46.00000,35.00000,713
179,40,1.097339e-01,49.00000,30.00000,718
179,41,1.184510e-01,25.00000,36.00000,646
179,42,1.128462e-01,42.00000,35.00000,594
179,43,1.199507e-01,42.00000,35.00000,632
179,44,1.141688e-01,38.00000,36.00000,669
179,45,1.154948e-01,48.00000,35.00000,657
179,46,1.158807e-01,55.00000,30.00000,657
179,47,1.125679e-01,44.00000,35.00000,655
179,48,1.172143e-01,34.00000,36.00000,604
179,49,1.080737e-01,53.00000,30.00000,785
179,50,1.161046e-01,51.00000,30.00000,676
179,51,1.155810e-01,44.00000,35.00000,621
179,52,1.160670e-01,54.00000,30.00000,665
179,53,1.155743e-01,45.00000,35.00000,696
179,54,1.170385e-01,49.00000,30.00000,591
179,55,1.165901e-01,25.00000,36.00000,646
179,56,1.162279e-01,42.00000,35.00000,596
179,57,1.099473e-01,49.00000,30.00000,627
179,58,1.159637e-01,35.00000,36.00000,599
179,59,1.134889e-01,36.00000,36.00000,606
179,60,1.138471e-01,49.00000,30.00000,617
179,61,1.131730e-01,57.00000,30.00000,629
179,62,1.158805e-01,49.00000,30.00000,601
179,63,1.159019e-01,46.00000,35.00000,603
179,64,1.207986e-01,41.00000,36.00000,592
179,65,1.118371e-01,51.00000,35.00000,634
179,66,1.114897e-01,53.00000,30.00000,618
179,67,1.128731e-01,48.00000,35.00000,604
179,68,1.133819e-01,53.00000,30.00000,614
179,69,1.138557e-01,42.00000,35.00000,603
179,70,1.168172e-01,30.00000,36.00000,589
179,71,1.188138e-01,41.00000,36.00000,594
180,0,1.106188e-01,49.00000,30.00000,4802
180,1,1.165725e-01,42.00000,35.00000,717
180,2,1.130607e-01,58.00000,30.00000,689
180,3,1.122937e-01,35.00000,36.00000,678
180,4,1.144887e-01,39.00000,35.00000,709
180,5,1.123512e-01,54.00000,30.00000,646
180,6,1.128332e-01,45.00000,36.00000,755
180,7,1.194115e-01,36.00000,36.00000,545
180,8,1.106923e-01,57.00000,30.00000,747
180,9,1.139741e-01,41.00000,35.00000,688
180,10,1.174786e-01,31.00000,36.00000,642
180,11,1.148746e-01,42.00000,35.00000,645
180,12,1.099141e-01,52.00000,30.00000,712
180,13,1.104382e-01,49.00000,30.00000,621
180,14,1.126814e-01,49.00000,35.00000,1835
180,15,1.139435e-01,48.00000,35.00000,703
180,16,1.124714e-01,52.00000,30.00000,640
180,17,1.099226e-01,51.00000,30.00000,660
180,18,1.137880e-01,39.00000,35.00000,666
180,19,1.105688e-01,57.00000,30.00000,758
180,20,1.158593e-01,54.00000,30.00000,677
180,21,1.146846e-01,41.00000,36.00000,705
180,22,1.121991e-01,52.00000,30.00000,655
180,23,1.123288e-01,41.00000,35.00000,644
180,24,1.133337e-01,49.00000,30.00000,1271
180,25,1.127303e-01,42.00000,35.00000,708
180,26,1.234697e-01,32.00000,40.00000,590
180,27,1.110690e-01,57.00000,30.00000,691
180,28,1.153338e-01,45.00000,35.00000,654
180,29,1.120834e-01,54.00000,30.00000,655
180,30,1.132722e-01,45.00000,35.00000,684
180,31,1.134434e-01,40.00000,36.00000,610
180,32,1.127707e-01,43.00000,35.00000,663
180,33,1.129213e-01,47.00000,35.00000,636
180,34,1.143987e-01,40.00000,36.00000,658
180,35,1.160967e-01,43.00000,35.00000,584
180,36,1.153183e-01,53.00000,30.00000,652
180,37,1.150158e-01,45.00000,35.00000,646
180,38,1.145546e-01,44.00000,35.00000,641
180,39,1.150659e-01,39.00000,36.00000,657
180,40,1.135989e-01,51.00000,30.00000,719
180,41,1.149106e-01,48.00000,35.00000,661
180,42,1.137826e-01,47.00000,35.00000,689
180,43,1.137990e-01,43.00000,35.00000,668
180,44,1.159506e-01,44.00000,35.00000,651
180,45,1.149689e-01,49.00000,35.00000,652
180,46,1.124898e-01,47.00000,35.00000,748
180,47,1.139006e-01,46.00000,35.00000,622
180,48,1.120515e-01,47.00000,35.00000,724
180,49,1.156685e-01,45.00000,35.00000,721
180,50,1.140136e-01,43.00000,35.00000,701
180,51,1.119251e-01,49.00000,30.00000,627
180,52,1.131294e-01,43.00000,35.00000,636
180,53,1.152898e-01,49.00000,30.00000,602
180,54,1.175006e-01,41.00000,36.00000,607
180,55,1.176424e-01,37.00000,36.00000,616
180,56,1.195409e-01,39.00000,36.00000,607
180,57,1.172016e-01,38.00000,35.00000,595
180,58,1.152276e-01,46.00000,35.00000,601
180,59,1.166513e-01,40.00000,35.00000,598
180,60,1.162236e-01,54.00000,30.00000,605
180,61,1.160496e-01,51.00000,30.00000,601
180,62,1.142791e-01,39.00000,35.00000,620
180,63,1.112801e-01,53.00000,30.00000,627
180,64,1.164794e-01,41.00000,36.00000,588
180,65,1.145125e-01,44.00000,35.00000,620
180,66,1.196952e-01,45.00000,35.00000,580
180,67,1.165265e-01,46.00000,35.00000,592
180,68,1.167989e-01,40.00000,36.00000,582
180,69,1.186351e-01,38.00000,36.00000,565
180,70,1.141775e-01,45.00000,35.00000,605
180,71,1.151575e-01,36.00000,36.00000,626
181,0,1.141948e-01,49.00000,30.00000,4903
181,1,1.092983e-01,49.00000,35.00000,623
181,2,1.124341e-01,46.00000,35.00000,715
181,3,1.111991e-01,47.00000,35.00000,603
181,4,1.120741e-01,49.00000,30.00000,793
181,5,1.149351e-01,43.00000,36.00000,746
181,6,1.146516e-01,57.00000,30.00000,754
181,7,1.142983e-01,38.00000,35.00000,721
181,8,1.086513e-01,54.00000,30.00000,811
181,9,1.128300e-01,45.00000,35.00000,706
181,10,1.132190e-01,43.00000,35.00000,1142
181,11,1.171240e-01,36.00000,36.00000,640
181,12,1.140503e-01,52.00000,30.00000,653
181,13,1.143660e-01,41.00000,36.00000,594
181,14,1.098408e-01,54.00000,30.00000,706
181,15,1.172675e-01,52.00000,30.00000,676
181,16,1.140513e-01,43.00000,35.00000,674
181,17,1.127990e-01,45.00000,35.00000,725
181,18,1.163262e-01,37.00000,36.00000,659
181,19,1.137617e-01,42.00000,35.00000,699
181,20,1.128586e-01,49.00000,35.00000,686
181,21,1.221519e-01,41.00000,36.00000,564
181,22,1.147678e-01,49.00000,30.00000,792
181,23,1.137221e-01,49.00000,30.00000,652
181,24,1.156068e-01,46.00000,35.00000,716
181,25,1.143955e-01,37.00000,36.00000,700
181,26,1.121485e-01,45.00000,35.00000,710
181,27,1.125996e-01,49.00000,30.00000,683
181,28,1.105204e-01,58.00000,30.00000,645
181,29,1.104407e-01,54.00000,30.00000,779
181,30,1.166185e-01,49.00000,30.00000,713
181,31,1.164819e-01,43.00000,35.00000,711
181,32,1.149931e-01,49.00000,30.00000,676
181,33,1.215719e-01,36.00000,36.00000,576
181,34,1.195570e-01,37.00000,36.00000,736
181,35,1.155247e-01,53.00000,30.00000,666
181,36,1.149885e-01,49.00000,35.00000,598
181,37,1.115204e-01,45.00000,35.00000,716
181,38,1.157186e-01,31.00000,36.00000,710
181,39,1.151541e-01,34.00000,36.00000,677
181,40,1.171527e-01,42.00000,35.00000,624
181,41,1.166121e-01,45.00000,35.00000,692
181,42,1.146256e-01,49.00000,30.00000,691
181,43,1.210984e-01,31.00000,36.00000,600
181,44,1.179662e-01,30.00000,36.00000,651
181,45,1.156938e-01,43.00000,35.00000,648
181,46,1.170796e-01,43.00000,35.00000,666
181,47,1.148663e-01,49.00000,30.00000,669
181,48,1.116988e-01,45.00000,35.00000,784
181,49,1.139349e-01,48.00000,35.00000,674
181,50,1.196906e-01,31.00000,36.00000,631
181,51,1.162785e-01,45.00000,35.00000,639
181,52,1.123727e-01,52.00000,30.00000,737
181,53,1.137156e-01,53.00000,30.00000,611
181,54,1.155992e-01,55.00000,30.00000,619
181,55,1.102405e-01,53.00000,30.00000,658
181,56,1.104986e-01,49.00000,30.00000,669
181,57,1.143608e-01,44.00000,35.00000,640
181,58,1.138440e-01,45.00000,35.00000,690
181,59,1.138400e-01,38.00000,35.00000,663
181,60,1.147450e-01,49.00000,30.00000,592
181,61,1.169655e-01,45.00000,35.00000,605
181,62,1.121262e-01,49.00000,35.00000,609
181,63,1.141613e-01,41.00000,36.00000,635
181,64,1.202487e-01,42.00000,36.00000,589
181,65,1.123319e-01,49.00000,35.00000,615
181,66,1.127656e-01,56.00000,30.00000,617
181,67,1.133952e-01,53.00000,30.00000,611
181,68,1.110391e-01,42.00000,35.00000,625
181,69,1.139017e-01,49.00000,30.00000,633
181,70,1.115574e-01,55.00000,30.00000,629
181,71,1.183674e-01,37.00000,36.00000,603
182,0,1.153297e-01,48.00000,35.00000,4700
182,1,1.131083e-01,53.00000,30.00000,2198
182,2,1.152575e-01,58.00000,30.00000,717
182,3,1.168214e-01,54.00000,30.00000,2114
182,4,1.113681e-01,49.00000,30.00000,781
182,5,1.130679e-01,35.00000,36.00000,670
182,6,1.108703e-01,49.00000,30.00000,677
182,7,1.155164e-01,41.00000,36.00000,693
182,8,1.130164e-01,48.00000,35.00000,626
182,9,1.149446e-01,40.00000,36.00000,714
182,10,1.202115e-01,30.00000,36.00000,10356
182,11,1.187148e-01,47.00000,35.00000,1834
182,12,1.147497e-01,47.00000,35.00000,697
182,13,1.159285e-01,42.00000,36.00000,673
182,14,1.142477e-01,43.00000,35.00000,673
182,15,1.193651e-01,53.00000,30.00000,647
182,16,1.155382e-01,52.00000,30.00000,686
182,17,1.235615e-01,31.00000,36.00000,637
182,18,1.184059e-01,37.00000,36.00000,644
182,19,1.147692e-01,36.00000,36.00000,697
182,20,1.157916e-01,54.00000,30.00000,8202
182,21,1.134530e-01,38.00000,36.00000,3297
182,22,1.106984e-01,55.00000,30.00000,755
182,23,1.161731e-01,39.00000,35.00000,657
182,24,1.178122e-01,49.00000,30.00000,699
182,25,1.139073e-01,54.00000,30.00000,654
182,26,1.152135e-01,31.00000,36.00000,689
182,27,1.088153e-01,49.00000,30.00000,674
182,28,1.145590e-01,55.00000,30.00000,749
182,29,1.146361e-01,42.00000,35.00000,638
182,30,1.149071e-01,43.00000,35.00000,6423
182,31,1.097516e-01,54.00000,30.00000,6139
182,32,1.113490e-01,43.00000,35.00000,660
182,33,1.116953e-01,55.00000,30.00000,680
182,34,1.171176e-01,36.00000,35.00000,635
182,35,1.128573e-01,53.00000,30.00000,675
182,36,1.161828e-01,41.00000,35.00000,588
182,37,1.123171e-01,46.00000,35.00000,665
182,38,1.164702e-01,49.00000,30.00000,733
182,39,1.109230e-01,54.00000,30.00000,662
182,40,1.149995e-01,47.00000,36.00000,805
182,41,1.157282e-01,43.00000,36.00000,10119
182,42,1.133923e-01,58.00000,30.00000,761
182,43,1.138756e-01,42.00000,35.00000,686
182,44,1.175739e-01,57.00000,30.00000,689
182,45,1.159463e-01,45.00000,36.00000,678
182,46,1.180962e-01,40.00000,36.00000,628
182,47,1.113498e-01,51.00000,30.00000,710
182,48,1.167898e-01,54.00000,30.00000,678
182,49,1.132553e-01,57.00000,30.00000,713
182,50,1.142240e-01,42.00000,35.00000,658
182,51,1.125564e-01,54.00000,30.00000,12439
182,52,1.143916e-01,47.00000,35.00000,604
182,53,1.181176e-01,45.00000,35.00000,588
182,54,1.166375e-01,40.00000,35.00000,675
182,55,1.153691e-01,48.00000,35.00000,660
182,56,1.123155e-01,56.00000,30.00000,614
182,57,1.135986e-01,45.00000,35.00000,614
182,58,1.148379e-01,47.00000,35.00000,598
182,59,1.161903e-01,42.00000,36.00000,590
182,60,1.129051e-01,53.00000,30.00000,641
182,61,1.165466e-01,47.00000,35.00000,588
182,62,1.110750e-01,55.00000,30.00000,632
182,63,1.151834e-01,40.00000,36.00000,619
182,64,1.215154e-01,46.00000,35.00000,589
182,65,1.160554e-01,43.00000,36.00000,595
182,66,1.215565e-01,45.00000,35.00000,576
182,67,1.182105e-01,37.00000,36.00000,575
182,68,1.194793e-01,53.00000,30.00000,609
182,69,1.159242e-01,47.00000,35.00000,612
182,70,1.159336e-01,50.00000,35.00000,611
182,71,1.220883e-01,32.00000,40.00000,570
183,0,1.166114e-01,56.00000,30.00000,12862
183,1,1.153998e-01,44.00000,35.00000,643
183,2,1.124496e-01,54.00000,30.00000,701
183,3,1.143933e-01,38.00000,35.00000,647
183,4,1.106374e-01,59.00000,30.00000,718
183,5,1.148433e-01,53.00000,30.00000,677
183,6,1.115558e-01,45.00000,35.00000,702
183,7,1.137915e-01,45.00000,35.00000,749
183,8,1.159382e-01,46.00000,35.00000,618
183,9,1.138733e-01,43.00000,35.00000,622
183,10,1.174110e-01,42.00000,35.00000,13595
183,11,1.169642e-01,47.00000,35.00000,644
183,12,1.186267e-01,37.00000,36.00000,613
183,13,1.180516e-01,31.00000,36.00000,665
183,14,1.206824e-01,38.00000,35.00000,671
183,15,1.159877e-01,43.00000,35.00000,675
183,16,1.185051e-01,59.00000,30.00000,715
183,17,1.150026e-01,35.00000,36.00000,638
183,18,1.138043e-01,52.00000,30.00000,656
183,19,1.179540e-01,36.00000,36.00000,725
183,20,1.152956e-01,45.00000,35.00000,9838
183,21,1.115418e-01,53.00000,30.00000,667
183,22,1.127489e-01,53.00000,30.00000,649
183,23,1.146734e-01,49.00000,30.00000,612
183,24,1.165237e-01,44.00000,35.00000,690
183,25,1.182149e-01,31.00000,36.00000,649
183,26,1.172240e-01,46.00000,35.00000,658
183,27,1.122244e-01,61.00000,30.00000,796
183,28,1.142448e-01,34.00000,36.00000,682
183,29,1.192439e-01,54.00000,30.00000,664
183,30,1.140045e-01,53.00000,30.00000,12107
183,31,1.139804e-01,44.00000,35.00000,643
183,32,1.149281e-01,52.00000,30.00000,658
183,33,1.142609e-01,40.00000,36.00000,664
183,34,1.185631e-01,49.00000,30.00000,607
183,35,1.175764e-01,46.00000,35.00000,629
183,36,1.183284e-01,45.00000,35.00000,704
183,37,1.188067e-01,48.00000,35.00000,615
183,38,1.166826e-01,37.00000,36.00000,696
183,39,1.183076e-01,45.00000,35.00000,730
183,40,1.162520e-01,53.00000,30.00000,10199
183,41,1.119277e-01,53.00000,30.00000,674
183,42,1.176989e-01,41.00000,36.00000,647
183,43,1.130478e-01,52.00000,30.00000,597
183,44,1.136433e-01,53.00000,30.00000,706
183,45,1.151223e-01,53.00000,30.00000,635
183,46,1.155834e-01,43.00000,35.00000,639
183,47,1.144463e-01,40.00000,35.00000,783
183,48,1.132288e-01,54.00000,30.00000,678
183,49,1.167716e-01,41.00000,35.00000,660
183,50,1.163412e-01,39.00000,35.00000,9354
183,51,1.139805e-01,54.00000,30.00000,605
183,52,1.169379e-01,44.00000,35.00000,722
183,53,1.121426e-01,56.00000,30.00000,735
183,54,1.187800e-01,37.00000,36.00000,656
183,55,1.171044e-01,42.00000,35.00000,625
183,56,1.144908e-01,49.00000,35.00000,679
183,57,1.200628e-01,53.00000,30.00000,608
183,58,1.182143e-01,32.00000,36.00000,615
183,59,1.126780e-01,37.00000,40.00000,612
183,60,1.206692e-01,52.00000,30.00000,1335
183,61,1.194450e-01,44.00000,35.00000,585
183,62,1.128383e-01,49.00000,30.00000,596
183,63,1.136636e-01,55.00000,30.00000,634
183,64,1.177621e-01,41.00000,36.00000,640
183,65,1.223056e-01,25.00000,36.00000,554
183,66,1.222612e-01,35.00000,36.00000,568
183,67,1.211533e-01,42.00000,35.00000,575
183,68,1.199501e-01,36.00000,35.00000,589
183,69,1.184706e-01,37.00000,36.00000,592
183,70,1.201136e-01,40.00000,35.00000,606
183,71,1.149998e-01,49.00000,30.00000,593
184,0,1.170296e-01,48.00000,35.00000,6069
184,1,1.172826e-01,30.00000,36.00000,3674
184,2,1.127687e-01,56.00000,30.00000,685
184,3,1.174980e-01,47.00000,35.00000,875
184,4,1.139335e-01,51.00000,30.00000,713
184,5,1.138446e-01,53.00000,30.00000,715
184,6,1.209162e-01,38.00000,35.00000,679
184,7,1.236608e-01,31.00000,36.00000,695
184,8,1.142891e-01,35.00000,36.00000,686
184,9,1.118362e-01,57.00000,30.00000,689
184,10,1.121430e-01,52.00000,30.00000,2954
184,11,1.219825e-01,30.00000,36.00000,3638
184,12,1.130931e-01,46.00000,35.00000,4465
184,13,1.144994e-01,43.00000,36.00000,4655
184,14,1.109005e-01,56.00000,30.00000,725
184,15,1.128599e-01,61.00000,30.00000,675
184,16,1.136911e-01,49.00000,30.00000,734
184,17,1.143383e-01,41.00000,35.00000,693
184,18,1.202292e-01,39.00000,35.00000,715
184,19,1.148100e-01,52.00000,30.00000,712
184,20,1.151380e-01,53.00000,30.00000,663
184,21,1.155975e-01,53.00000,30.00000,715
184,22,1.208553e-01,47.00000,36.00000,1031
184,23,1.161382e-01,41.00000,35.00000,9815
184,24,1.148002e-01,45.00000,35.00000,672
184,25,1.171084e-01,53.00000,30.00000,631
184,26,1.157224e-01,40.00000,36.00000,675
184,27,1.151233e-01,43.00000,35.00000,661
184,28,1.156327e-01,37.00000,35.00000,656
184,29,1.198673e-01,42.00000,35.00000,617
184,30,1.210456e-01,37.00000,35.00000,653
184,31,1.164968e-01,44.00000,35.00000,703
184,32,1.139200e-01,37.00000,36.00000,683
184,33,1.137919e-01,53.00000,30.00000,9615
184,34,1.152612e-01,46.00000,35.00000,662
184,35,1.167642e-01,51.00000,30.00000,750
184,36,1.184701e-01,42.00000,36.00000,664
184,37,1.225358e-01,49.00000,30.00000,708
184,38,1.187326e-01,49.00000,30.00000,678
184,39,1.137768e-01,53.00000,30.00000,712
184,40,1.128031e-01,53.00000,30.00000,707
184,41,1.124287e-01,49.00000,30.00000,694
184,42,1.149644e-01,40.00000,35.00000,739
184,43,1.185172e-01,42.00000,36.00000,7298
184,44,1.198661e-01,42.00000,35.00000,648
184,45,1.299780e-01,25.00000,36.00000,564
184,46,1.144099e-01,53.00000,30.00000,649
184,47,1.163210e-01,49.00000,30.00000,636
184,48,1.116223e-01,59.00000,30.00000,742
184,49,1.134438e-01,48.00000,35.00000,636
184,50,1.137903e-01,37.00000,36.00000,708
184,51,1.126011e-01,52.00000,30.00000,665
184,52,1.216236e-01,37.00000,36.00000,655
184,53,1.132398e-01,46.00000,35.00000,2936
184,54,1.140787e-01,55.00000,30.00000,705
184,55,1.170771e-01,43.00000,35.00000,627
184,56,1.181936e-01,35.00000,36.00000,642
184,57,1.174707e-01,49.00000,30.00000,677
184,58,1.157449e-01,43.00000,36.00000,612
184,59,1.163599e-01,48.00000,35.00000,634
184,60,1.162274e-01,52.00000,30.00000,605
184,61,1.175922e-01,49.00000,30.00000,607
184,62,1.223554e-01,31.00000,36.00000,577
184,63,1.157829e-01,36.00000,35.00000,609
184,64,1.155911e-01,46.00000,35.00000,632
184,65,1.144743e-01,49.00000,30.00000,617
184,66,1.177897e-01,49.00000,35.00000,605
184,67,1.168284e-01,49.00000,30.00000,611
184,68,1.116162e-01,49.00000,30.00000,625
184,69,1.161125e-01,42.00000,36.00000,603
184,70,1.129470e-01,49.00000,30.00000,615
184,71,1.195026e-01,41.00000,40.00000,578
185,0,1.126370e-01,53.00000,30.00000,5281
185,1,1.119749e-01,54.00000,30.00000,687
185,2,1.129431e-01,49.00000,30.00000,648
185,3,1.115429e-01,49.00000,30.00000,719
185,4,1.145798e-01,51.00000,30.00000,663
185,5,1.150704e-01,41.00000,36.00000,697
185,6,1.135151e-01,37.00000,36.00000,742
185,7,1.137464e-01,57.00000,30.00000,704
185,8,1.171373e-01,49.00000,30.00000,715
185,9,1.105746e-01,55.00000,30.00000,685
185,10,1.161354e-01,42.00000,35.00000,742
185,11,1.140354e-01,55.00000,30.00000,698
185,12,1.189634e-01,45.00000,35.00000,732
185,13,1.143090e-01,49.00000,35.00000,635
185,14,1.157747e-01,55.00000,30.00000,715
185,15,1.176663e-01,49.00000,30.00000,652
185,16,1.168985e-01,35.00000,36.00000,637
185,17,1.196426e-01,25.00000,36.00000,716
185,18,1.138121e-01,48.00000,35.00000,680
185,19,1.200912e-01,37.00000,36.00000,638
185,20,1.161367e-01,41.00000,35.00000,734
185,21,1.178782e-01,43.00000,36.00000,733
185,22,1.178125e-01,41.00000,35.00000,692
185,23,1.161001e-01,49.00000,30.00000,643
185,24,1.172830e-01,49.00000,30.00000,615
185,25,1.152746e-01,55.00000,30.00000,679
185,26,1.155947e-01,40.00000,35.00000,680
185,27,1.151340e-01,43.00000,35.00000,680
185,28,1.178553e-01,45.00000,35.00000,604
185,29,1.152603e-01,49.00000,30.00000,686
185,30,1.172972e-01,37.00000,36.00000,694
185,31,1.136336e-01,43.00000,35.00000,667
185,32,1.226309e-01,58.00000,30.00000,668
185,33,1.167117e-01,46.00000,35.00000,596
185,34,1.140208e-01,53.00000,30.00000,673
185,35,1.150780e-01,58.00000,30.00000,693
185,36,1.139868e-01,47.00000,35.00000,621
185,37,1.227300e-01,31.00000,36.00000,683
185,38,1.169365e-01,55.00000,30.00000,687
185,39,1.169293e-01,49.00000,35.00000,707
185,40,1.187712e-01,43.00000,35.00000,687
185,41,1.124941e-01,49.00000,35.00000,669
185,42,1.224924e-01,37.00000,35.00000,654
185,43,1.172995e-01,46.00000,36.00000,666
185,44,1.199881e-01,36.00000,40.00000,635
185,45,1.213886e-01,35.00000,36.00000,661
185,46,1.156857e-01,45.00000,35.00000,591
185,47,1.178188e-01,45.00000,35.00000,656
185,48,1.133814e-01,49.00000,30.00000,734
185,49,1.225141e-01,48.00000,35.00000,688
185,50,1.171304e-01,49.00000,30.00000,660
185,51,1.162245e-01,43.00000,35.00000,714
185,52,1.168341e-01,49.00000,30.00000,647
185,53,1.207901e-01,52.00000,30.00000,625
185,54,1.162256e-01,41.00000,35.00000,648
185,55,1.206717e-01,31.00000,36.00000,601
185,56,1.172559e-01,45.00000,35.00000,609
185,57,1.183928e-01,37.00000,36.00000,629
185,58,1.179163e-01,43.00000,35.00000,580
185,59,1.109598e-01,53.00000,30.00000,639
185,60,1.151284e-01,54.00000,30.00000,614
185,61,1.182858e-01,38.00000,40.00000,592
185,62,1.149447e-01,45.00000,35.00000,587
185,63,1.184080e-01,51.00000,35.00000,611
185,64,1.259096e-01,42.00000,35.00000,592
185,65,1.207546e-01,40.00000,35.00000,575
185,66,1.186011e-01,43.00000,36.00000,595
185,67,1.194692e-01,32.00000,36.00000,610
185,68,1.185520e-01,45.00000,35.00000,609
185,69,1.179363e-01,49.00000,30.00000,590
185,70,1.213941e-01,35.00000,36.00000,578
185,71,1.235538e-01,40.00000,36.00000,597
186,0,1.165287e-01,53.00000,30.00000,7583
186,1,1.154596e-01,36.00000,36.00000,2695
186,2,1.119717e-01,54.00000,30.00000,743
186,3,1.106699e-01,58.00000,30.00000,715
186,4,1.170514e-01,49.00000,30.00000,753
186,5,1.220485e-01,37.00000,36.00000,659
186,6,1.131346e-01,55.00000,30.00000,722
186,7,1.173472e-01,48.00000,35.00000,728
186,8,1.224323e-01,47.00000,35.00000,698
186,9,1.158774e-01,36.00000,36.00000,689
186,10,1.216075e-01,40.00000,35.00000,674
186,11,1.124162e-01,49.00000,30.00000,724
186,12,1.207457e-01,43.00000,35.00000,6392
186,13,1.199711e-01,35.00000,36.00000,677
186,14,1.182803e-01,47.00000,35.00000,666
186,15,1.176905e-01,45.00000,36.00000,669
186,16,1.182499e-01,47.00000,35.00000,696
186,17,1.184499e-01,46.00000,35.00000,651
186,18,1.248250e-01,25.00000,36.00000,588
186,19,1.164765e-01,49.00000,30.00000,714
186,20,1.174371e-01,31.00000,36.00000,668
186,21,1.160198e-01,49.00000,30.00000,744
186,22,1.132544e-01,47.00000,35.00000,6141
186,23,1.126539e-01,57.00000,30.00000,682
186,24,1.176832e-01,49.00000,30.00000,641
186,25,1.181946e-01,37.00000,35.00000,722
186,26,1.198135e-01,54.00000,30.00000,716
186,27,1.171148e-01,46.00000,35.00000,675
186,28,1.161108e-01,44.00000,35.00000,663
186,29,1.185688e-01,42.00000,35.00000,674
186,30,1.170568e-01,55.00000,30.00000,729
186,31,1.193286e-01,30.00000,36.00000,682
186,32,1.156699e-01,41.00000,35.00000,738
186,33,1.159968e-01,55.00000,30.00000,688
186,34,1.166693e-01,49.00000,30.00000,689
186,35,1.159345e-01,53.00000,30.00000,737
186,36,1.152010e-01,53.00000,30.00000,659
186,37,1.130962e-01,58.00000,30.00000,747
186,38,1.187460e-01,36.00000,40.00000,686
186,39,1.156478e-01,49.00000,35.00000,722
186,40,1.193709e-01,49.00000,30.00000,726
186,41,1.156800e-01,57.00000,30.00000,683
186,42,1.181514e-01,37.00000,36.00000,681
186,43,1.136968e-01,56.00000,30.00000,693
186,44,1.173461e-01,43.00000,36.00000,664
186,45,1.158935e-01,49.00000,30.00000,705
186,46,1.155835e-01,47.00000,35.00000,668
186,47,1.158146e-01,45.00000,36.00000,658
186,48,1.237349e-01,36.00000,36.00000,670
186,49,1.236516e-01,58.00000,30.00000,672
186,50,1.193180e-01,38.00000,36.00000,722
186,51,1.185759e-01,49.00000,30.00000,684
186,52,1.166057e-01,47.00000,35.00000,652
186,53,1.155285e-01,54.00000,30.00000,644
186,54,1.143675e-01,49.00000,30.00000,615
186,55,1.193091e-01,37.00000,40.00000,587
186,56,1.158423e-01,53.00000,30.00000,613
186,57,1.173292e-01,53.00000,30.00000,608
186,58,1.142751e-01,39.00000,35.00000,626
186,59,1.157878e-01,54.00000,30.00000,625
186,60,1.145857e-01,49.00000,30.00000,619
186,61,1.174423e-01,54.00000,30.00000,623
186,62,1.202396e-01,46.00000,35.00000,591
186,63,1.137826e-01,42.00000,35.00000,644
186,64,1.203359e-01,45.00000,36.00000,593
186,65,1.148770e-01,47.00000,35.00000,625
186,66,1.134751e-01,54.00000,30.00000,625
186,67,1.119155e-01,45.00000,35.00000,654
186,68,1.142308e-01,49.00000,30.00000,637
186,69,1.122437e-01,49.00000,30.00000,633
186,70,1.137905e-01,53.00000,30.00000,615
186,71,1.131924e-01,54.00000,30.00000,636
187,0,1.225092e-01,43.00000,35.00000,8375
187,1,1.186567e-01,53.00000,30.00000,701
187,2,1.154150e-01,45.00000,35.00000,671
187,3,1.147794e-01,53.00000,30.00000,695
187,4,1.187949e-01,36.00000,35.00000,728
187,5,1.202176e-01,45.00000,35.00000,661
187,6,1.223487e-01,36.00000,35.00000,661
187,7,1.186300e-01,39.00000,35.00000,627
187,8,1.175279e-01,41.00000,36.00000,700
187,9,1.156264e-01,44.00000,35.00000,674
187,10,1.153968e-01,43.00000,36.00000,5371
187,11,1.147153e-01,52.00000,30.00000,734
187,12,1.236766e-01,25.00000,36.00000,603
187,13,1.162233e-01,59.00000,30.00000,764
187,14,1.181566e-01,53.00000,30.00000,701
187,15,1.154268e-01,40.00000,35.00000,602
187,16,1.208422e-01,46.00000,35.00000,670
187,17,1.205505e-01,34.00000,40.00000,699
187,18,1.200374e-01,37.00000,36.00000,664
187,19,1.190548e-01,57.00000,30.00000,754
187,20,1.183664e-01,54.00000,30.00000,5156
187,21,1.149886e-01,49.00000,30.00000,666
187,22,1.181674e-01,45.00000,35.00000,640
187,23,1.230420e-01,30.00000,36.00000,665
187,24,1.184610e-01,42.00000,35.00000,695
187,25,1.131617e-01,57.00000,30.00000,731
187,26,1.147886e-01,52.00000,35.00000,691
187,27,1.200047e-01,41.00000,36.00000,638
187,28,1.173217e-01,48.00000,35.00000,687
187,29,1.141724e-01,53.00000,30.00000,721
187,30,1.180510e-01,40.00000,36.00000,1164
187,31,1.177470e-01,49.00000,30.00000,706
187,32,1.180986e-01,43.00000,35.00000,696
187,33,1.180872e-01,54.00000,30.00000,731
187,34,1.193604e-01,45.00000,35.00000,703
187,35,1.185536e-01,35.00000,36.00000,735
187,36,1.226231e-01,45.00000,35.00000,677
187,37,1.212508e-01,43.00000,35.00000,613
187,38,1.177577e-01,49.00000,30.00000,690
187,39,1.216421e-01,37.00000,36.00000,646
187,40,1.180873e-01,53.00000,30.00000,703
187,41,1.174463e-01,49.00000,30.00000,682
187,42,1.219650e-01,35.00000,36.00000,688
187,43,1.165477e-01,47.00000,35.00000,719
187,44,1.160742e-01,43.00000,36.00000,1938
187,45,1.134351e-01,56.00000,30.00000,763
187,46,1.180412e-01,49.00000,35.00000,636
187,47,1.189015e-01,45.00000,35.00000,697
187,48,1.155039e-01,45.00000,35.00000,717
187,49,1.162741e-01,47.00000,35.00000,620
187,50,1.174040e-01,49.00000,30.00000,689
187,51,1.176465e-01,42.00000,35.00000,646
187,52,1.167619e-01,48.00000,35.00000,649
187,53,1.180101e-01,49.00000,30.00000,642
187,54,1.194316e-01,46.00000,35.00000,618
187,55,1.170666e-01,52.00000,30.00000,638
187,56,1.152851e-01,49.00000,30.00000,625
187,57,1.194732e-01,38.00000,36.00000,627
187,58,1.137844e-01,49.00000,30.00000,618
187,59,1.128563e-01,52.00000,30.00000,610
187,60,1.181342e-01,46.00000,35.00000,599
187,61,1.182071e-01,34.00000,36.00000,611
187,62,1.177184e-01,43.00000,35.00000,596
187,63,1.137117e-01,54.00000,30.00000,610
187,64,1.144514e-01,49.00000,30.00000,610
187,65,1.207529e-01,35.00000,36.00000,615
187,66,1.203519e-01,45.00000,35.00000,576
187,67,1.210149e-01,36.00000,35.00000,587
187,68,1.183707e-01,43.00000,35.00000,597
187,69,1.233234e-01,42.00000,35.00000,578
187,70,1.163779e-01,53.00000,30.00000,611
187,71,1.190304e-01,44.00000,35.00000,599
188,0,1.143957e-01,54.00000,30.00000,7451
188,1,1.181751e-01,45.00000,35.00000,1839
188,2,1.150915e-01,55.00000,30.00000,715
188,3,1.167039e-01,53.00000,30.00000,712
188,4,1.165646e-01,45.00000,35.00000,646
188,5,1.176136e-01,52.00000,30.00000,723
188,6,1.177282e-01,52.00000,30.00000,691
188,7,1.177333e-01,42.00000,35.00000,650
188,8,1.170567e-01,47.00000,35.00000,659
188,9,1.224800e-01,38.00000,36.00000,634
188,10,1.176056e-01,52.00000,30.00000,3063
188,11,1.181246e-01,42.00000,36.00000,632
188,12,1.158994e-01,53.00000,30.00000,723
188,13,1.176736e-01,45.00000,35.00000,697
188,14,1.163519e-01,49.00000,30.00000,2799
188,15,1.162675e-01,49.00000,30.00000,586
188,16,1.177941e-01,45.00000,35.00000,1596
188,17,1.177833e-01,45.00000,35.00000,641
188,18,1.177465e-01,60.00000,30.00000,792
188,19,1.153960e-01,56.00000,30.00000,714
188,20,1.178961e-01,57.00000,30.00000,1795
188,21,1.165757e-01,54.00000,30.00000,724
188,22,1.139963e-01,55.00000,30.00000,717
188,23,1.234978e-01,41.00000,36.00000,748
188,24,1.177826e-01,44.00000,35.00000,6347
188,25,1.184619e-01,36.00000,35.00000,695
188,26,1.194978e-01,44.00000,36.00000,667
188,27,1.207820e-01,42.00000,36.00000,3649
188,28,1.159051e-01,55.00000,30.00000,667
188,29,1.148296e-01,54.00000,30.00000,684
188,30,1.146640e-01,51.00000,35.00000,682
188,31,1.187487e-01,49.00000,35.00000,704
188,32,1.199950e-01,47.00000,35.00000,709
188,33,1.156246e-01,55.00000,30.00000,655
188,34,1.225521e-01,53.00000,35.00000,2564
188,35,1.213849e-01,31.00000,36.00000,673
188,36,1.205208e-01,41.00000,36.00000,624
188,37,1.171057e-01,55.00000,30.00000,5323
188,38,1.220309e-01,42.00000,35.00000,658
188,39,1.167645e-01,49.00000,30.00000,651
188,40,1.219150e-01,49.00000,30.00000,632
188,41,1.155513e-01,42.00000,35.00000,691
188,42,1.155218e-01,52.00000,30.00000,672
188,43,1.141559e-01,53.00000,30.00000,689
188,44,1.211840e-01,52.00000,30.00000,682
188,45,1.173994e-01,54.00000,30.00000,655
188,46,1.207888e-01,54.00000,30.00000,681
188,47,1.212925e-01,31.00000,36.00000,2961
188,48,1.189167e-01,43.00000,35.00000,647
188,49,1.184660e-01,35.00000,36.00000,763
188,50,1.229710e-01,37.00000,36.00000,600
188,51,1.173186e-01,53.00000,30.00000,694
188,52,1.152538e-01,49.00000,30.00000,720
188,53,1.163948e-01,46.00000,35.00000,645
188,54,1.139729e-01,49.00000,30.00000,650
188,55,1.266991e-01,43.00000,35.00000,576
188,56,1.174068e-01,42.00000,36.00000,611
188,57,1.207158e-01,40.00000,35.00000,640
188,58,1.166093e-01,57.00000,30.00000,664
188,59,1.180338e-01,41.00000,36.00000,604
188,60,1.134370e-01,59.00000,30.00000,640
188,61,1.238870e-01,51.00000,30.00000,599
188,62,1.150422e-01,58.00000,30.00000,623
188,63,1.146301e-01,57.00000,30.00000,639
188,64,1.164112e-01,46.00000,35.00000,609
188,65,1.146775e-01,56.00000,30.00000,621
188,66,1.164223e-01,52.00000,30.00000,604
188,67,1.207711e-01,37.00000,36.00000,606
188,68,1.171491e-01,52.00000,30.00000,604
188,69,1.124328e-01,53.00000,30.00000,630
188,70,1.184797e-01,42.00000,35.00000,640
188,71,1.141427e-01,43.00000,35.00000,633
189,0,1.144140e-01,57.00000,30.00000,2923
189,1,1.148298e-01,43.00000,35.00000,2160
189,2,1.173694e-01,37.00000,36.00000,662
189,3,1.222691e-01,39.00000,35.00000,706
189,4,1.185753e-01,47.00000,35.00000,705
189,5,1.212754e-01,49.00000,30.00000,626
189,6,1.165424e-01,55.00000,30.00000,707
189,7,1.192132e-01,35.00000,36.00000,749
189,8,1.187867e-01,49.00000,30.00000,666
189,9,1.184953e-01,49.00000,30.00000,681
189,10,1.172248e-01,53.00000,30.00000,775
189,11,1.184591e-01,49.00000,30.00000,656
189,12,1.193034e-01,55.00000,30.00000,750
189,13,1.169329e-01,44.00000,35.00000,679
189,14,1.178482e-01,45.00000,35.00000,700
189,15,1.183462e-01,49.00000,35.00000,679
189,16,1.192201e-01,47.00000,35.00000,722
189,17,1.160449e-01,38.00000,36.00000,692
189,18,1.202222e-01,38.00000,35.00000,621
189,19,1.218147e-01,56.00000,30.00000,674
189,20,1.197166e-01,37.00000,36.00000,666
189,21,1.202741e-01,45.00000,35.00000,655
189,22,1.194141e-01,43.00000,36.00000,638
189,23,1.218104e-01,40.00000,36.00000,652
189,24,1.206871e-01,45.00000,35.00000,664
189,25,1.197362e-01,49.00000,30.00000,684
189,26,1.196208e-01,40.00000,35.00000,586
189,27,1.187180e-01,48.00000,35.00000,656
189,28,1.181591e-01,48.00000,35.00000,743
189,29,1.192009e-01,43.00000,35.00000,661
189,30,1.253645e-01,49.00000,30.00000,699
189,31,1.170688e-01,55.00000,30.00000,687
189,32,1.191805e-01,43.00000,36.00000,732
189,33,1.211402e-01,34.00000,36.00000,669
189,34,1.187756e-01,42.00000,35.00000,664
189,35,1.193492e-01,49.00000,30.00000,675
189,36,1.168392e-01,47.00000,35.00000,702
189,37,1.152467e-01,41.00000,36.00000,680
189,38,1.209359e-01,46.00000,35.00000,594
189,39,1.161794e-01,54.00000,30.00000,795
189,40,1.209443e-01,49.00000,30.00000,626
189,41,1.253804e-01,30.00000,36.00000,622
189,42,1.228700e-01,53.00000,30.00000,633
189,43,1.146786e-01,49.00000,30.00000,717
189,44,1.165935e-01,45.00000,35.00000,699
189,45,1.245449e-01,30.00000,36.00000,675
189,46,1.213929e-01,52.00000,30.00000,716
189,47,1.227431e-01,47.00000,35.00000,702
189,48,1.186644e-01,45.00000,35.00000,651
189,49,1.188636e-01,49.00000,30.00000,630
189,50,1.188468e-01,45.00000,35.00000,703
189,51,1.162850e-01,49.00000,30.00000,667
189,52,1.307326e-01,31.00000,36.00000,609
189,53,1.151002e-01,54.00000,30.00000,717
189,54,1.216021e-01,36.00000,35.00000,612
189,55,1.198695e-01,49.00000,35.00000,645
189,56,1.215526e-01,54.00000,30.00000,625
189,57,1.237529e-01,49.00000,36.00000,634
189,58,1.198321e-01,39.00000,40.00000,639
189,59,1.186672e-01,43.00000,36.00000,622
189,60,1.253723e-01,42.00000,36.00000,602
189,61,1.291772e-01,37.00000,35.00000,537
189,62,1.166020e-01,55.00000,30.00000,629
189,63,1.210628e-01,31.00000,36.00000,628
189,64,1.181462e-01,35.00000,40.00000,616
189,65,1.215825e-01,33.00000,40.00000,617
189,66,1.219381e-01,53.00000,30.00000,611
189,67,1.243452e-01,53.00000,30.00000,610
189,68,1.225735e-01,44.00000,35.00000,605
189,69,1.167070e-01,49.00000,30.00000,628
189,70,1.159187e-01,43.00000,36.00000,636
189,71,1.215433e-01,49.00000,30.00000,607
190,0,1.166278e-01,48.00000,35.00000,7157
190,1,1.179038e-01,31.00000,36.00000,823
190,2,1.243183e-01,48.00000,35.00000,633
190,3,1.192952e-01,57.00000,30.00000,760
190,4,1.216526e-01,30.00000,36.00000,632
190,5,1.202919e-01,49.00000,35.00000,633
190,6,1.171433e-01,57.00000,30.00000,723
190,7,1.190770e-01,52.00000,30.00000,695
190,8,1.170138e-01,56.00000,30.00000,700
190,9,1.235705e-01,37.00000,36.00000,675
190,10,1.151294e-01,52.00000,30.00000,3699
190,11,1.181645e-01,47.00000,35.00000,689
190,12,1.153740e-01,43.00000,35.00000,665
190,13,1.178919e-01,49.00000,30.00000,681
190,14,1.192744e-01,49.00000,30.00000,689
190,15,1.130584e-01,50.00000,35.00000,696
190,16,1.198662e-01,38.00000,35.00000,741
190,17,1.193483e-01,45.00000,35.00000,646
190,18,1.167102e-01,53.00000,30.00000,655
190,19,1.162918e-01,59.00000,30.00000,735
190,20,1.209264e-01,36.00000,35.00000,1962
190,21,1.219081e-01,37.00000,36.00000,822
190,22,1.216543e-01,50.00000,35.00000,680
190,23,1.235110e-01,48.00000,35.00000,595
190,24,1.175175e-01,50.00000,30.00000,709
190,25,1.158320e-01,48.00000,35.00000,780
190,26,1.187959e-01,37.00000,36.00000,673
190,27,1.164384e-01,52.00000,30.00000,638
190,28,1.172249e-01,55.00000,30.00000,745
190,29,1.201047e-01,42.00000,35.00000,708
190,30,1.160414e-01,58.00000,30.00000,1702
190,31,1.162769e-01,48.00000,35.00000,719
190,32,1.167304e-01,51.00000,35.00000,701
190,33,1.211770e-01,54.00000,30.00000,607
190,34,1.232586e-01,35.00000,36.00000,694
190,35,1.239705e-01,49.00000,30.00000,638
190,36,1.169084e-01,59.00000,30.00000,719
190,37,1.177430e-01,54.00000,30.00000,706
190,38,1.261655e-01,31.00000,36.00000,696
190,39,1.219163e-01,45.00000,36.00000,685
190,40,1.172994e-01,48.00000,35.00000,732
190,41,1.202216e-01,40.00000,40.00000,625
190,42,1.187898e-01,53.00000,30.00000,676
190,43,1.203737e-01,43.00000,35.00000,642
190,44,1.146472e-01,53.00000,30.00000,639
190,45,1.139543e-01,57.00000,30.00000,700
190,46,1.213380e-01,37.00000,40.00000,649
190,47,1.194613e-01,55.00000,30.00000,693
190,48,1.203393e-01,49.00000,30.00000,609
190,49,1.196411e-01,47.00000,35.00000,712
190,50,1.195439e-01,41.00000,36.00000,628
190,51,1.228316e-01,40.00000,35.00000,580
190,52,1.172734e-01,50.00000,35.00000,724
190,53,1.169882e-01,57.00000,30.00000,675
190,54,1.250598e-01,36.00000,36.00000,603
190,55,1.226443e-01,42.00000,35.00000,620
190,56,1.191892e-01,35.00000,36.00000,609
190,57,1.221290e-01,39.00000,36.00000,592
190,58,1.212212e-01,49.00000,30.00000,601
190,59,1.156432e-01,47.00000,35.00000,626
190,60,1.212590e-01,42.00000,35.00000,820
190,61,1.175916e-01,50.00000,35.00000,612
190,62,1.195847e-01,49.00000,30.00000,588
190,63,1.180705e-01,49.00000,35.00000,622
190,64,1.150583e-01,57.00000,30.00000,629
190,65,1.146564e-01,53.00000,30.00000,628
190,66,1.178920e-01,54.00000,30.00000,609
190,67,1.183738e-01,49.00000,30.00000,611
190,68,1.196489e-01,45.00000,35.00000,594
190,69,1.202942e-01,54.00000,30.00000,609
190,70,1.223451e-01,35.00000,36.00000,600
190,71,1.170900e-01,43.00000,35.00000,658
191,0,1.164673e-01,47.00000,35.00000,2389
191,1,1.172718e-01,53.00000,30.00000,1707
191,2,1.161940e-01,55.00000,30.00000,675
191,3,1.164753e-01,57.00000,30.00000,853
191,4,1.214053e-01,40.00000,35.00000,707
191,5,1.187128e-01,55.00000,30.00000,724
191,6,1.206056e-01,31.00000,36.00000,701
191,7,1.148087e-01,57.00000,30.00000,670
191,8,1.199060e-01,49.00000,30.00000,651
191,9,1.204948e-01,36.00000,35.00000,729
191,10,1.179798e-01,49.00000,30.00000,632
191,11,1.172698e-01,49.00000,35.00000,3159
191,12,1.240869e-01,41.00000,35.00000,633
191,13,1.215149e-01,30.00000,36.00000,650
191,14,1.270933e-01,54.00000,30.00000,657
191,15,1.227607e-01,38.00000,40.00000,650
191,16,1.192447e-01,56.00000,30.00000,693
191,17,1.244427e-01,40.00000,36.00000,665
191,18,1.250438e-01,38.00000,35.00000,682
191,19,1.190841e-01,47.00000,36.00000,659
191,20,1.246829e-01,43.00000,35.00000,750
191,21,1.186014e-01,45.00000,35.00000,3704
191,22,1.185305e-01,55.00000,30.00000,703
191,23,1.186765e-01,59.00000,30.00000,744
191,24,1.155667e-01,49.00000,30.00000,723
191,25,1.162525e-01,42.00000,36.00000,646
191,26,1.177570e-01,46.00000,35.00000,681
191,27,1.186353e-01,49.00000,30.00000,684
191,28,1.164335e-01,54.00000,30.00000,750
191,29,1.174149e-01,54.00000,30.00000,716
191,30,1.177040e-01,47.00000,36.00000,6092
191,31,1.188155e-01,55.00000,30.00000,3392
191,32,1.194557e-01,50.00000,35.00000,699
191,33,1.243081e-01,57.00000,30.00000,751
191,34,1.226325e-01,40.00000,35.00000,670
191,35,1.207937e-01,43.00000,35.00000,666
191,36,1.189667e-01,45.00000,35.00000,663
191,37,1.174288e-01,53.00000,30.00000,674
191,38,1.226222e-01,36.00000,36.00000,647
191,39,1.198512e-01,49.00000,35.00000,745
191,40,1.232779e-01,41.00000,36.00000,9119
191,41,1.178270e-01,43.00000,35.00000,1152
191,42,1.249451e-01,49.00000,30.00000,680
191,43,1.238592e-01,49.00000,30.00000,588
191,44,1.166215e-01,53.00000,30.00000,664
191,45,1.220125e-01,42.00000,35.00000,697
191,46,1.189123e-01,49.00000,30.00000,677
191,47,1.234656e-01,37.00000,36.00000,739
191,48,1.156626e-01,53.00000,30.00000,676
191,49,1.229604e-01,43.00000,36.00000,772
191,50,1.193366e-01,55.00000,30.00000,10979
191,51,1.234597e-01,55.00000,30.00000,653
191,52,1.204785e-01,31.00000,36.00000,647
191,53,1.188348e-01,57.00000,30.00000,696
191,54,1.182799e-01,44.00000,35.00000,687
191,55,1.152763e-01,57.00000,30.00000,695
191,56,1.218366e-01,42.00000,35.00000,625
191,57,1.209725e-01,43.00000,35.00000,611
191,58,1.201121e-01,38.00000,36.00000,630
191,59,1.192361e-01,46.00000,35.00000,622
191,60,1.228016e-01,43.00000,35.00000,613
191,61,1.146965e-01,59.00000,30.00000,644
191,62,1.196397e-01,43.00000,35.00000,595
191,63,1.147108e-01,57.00000,30.00000,631
191,64,1.187802e-01,47.00000,35.00000,600
191,65,1.174986e-01,59.00000,30.00000,639
191,66,1.183531e-01,43.00000,35.00000,620
191,67,1.186602e-01,54.00000,30.00000,610
191,68,1.172242e-01,59.00000,30.00000,642
191,69,1.206163e-01,43.00000,35.00000,588
191,70,1.181716e-01,51.00000,30.00000,624
191,71,1.185821e-01,43.00000,35.00000,611
192,0,1.202177e-01,45.00000,35.00000,3857
192,1,1.143192e-01,50.00000,35.00000,2507
192,2,1.180286e-01,53.00000,30.00000,775
192,3,1.183297e-01,54.00000,30.00000,720
192,4,1.189537e-01,48.00000,35.00000,728
192,5,1.209166e-01,46.00000,35.00000,670
192,6,1.172836e-01,50.00000,35.00000,641
192,7,1.181872e-01,53.00000,30.00000,775
192,8,1.188447e-01,47.00000,35.00000,685
192,9,1.223606e-01,46.00000,35.00000,686
192,10,1.196123e-01,54.00000,30.00000,719
192,11,1.222709e-01,39.00000,35.00000,597
192,12,1.224084e-01,52.00000,30.00000,642
192,13,1.198964e-01,38.00000,35.00000,698
192,14,1.205497e-01,37.00000,36.00000,645
192,15,1.183394e-01,49.00000,35.00000,732
192,16,1.192267e-01,48.00000,35.00000,715
192,17,1.245147e-01,45.00000,35.00000,691
192,18,1.198162e-01,49.00000,30.00000,703
192,19,1.283688e-01,25.00000,36.00000,1981
192,20,1.200054e-01,48.00000,35.00000,688
192,21,1.227263e-01,38.00000,35.00000,1993
192,22,1.194437e-01,53.00000,30.00000,682
192,23,1.205452e-01,55.00000,30.00000,714
192,24,1.161074e-01,54.00000,30.00000,663
192,25,1.165320e-01,49.00000,30.00000,735
192,26,1.158604e-01,55.00000,30.00000,694
192,27,1.161167e-01,55.00000,30.00000,731
192,28,1.223240e-01,42.00000,35.00000,1751
192,29,1.185910e-01,45.00000,35.00000,3045
192,30,1.184682e-01,49.00000,30.00000,731
192,31,1.271418e-01,30.00000,36.00000,5209
192,32,1.193753e-01,47.00000,35.00000,708
192,33,1.181918e-01,48.00000,35.00000,717
192,34,1.180001e-01,41.00000,36.00000,657
192,35,1.225120e-01,54.00000,30.00000,651
192,36,1.209301e-01,36.00000,36.00000,683
192,37,1.251158e-01,40.00000,35.00000,679
192,38,1.264431e-01,37.00000,35.00000,1821
192,39,1.201775e-01,48.00000,35.00000,1040
192,40,1.275039e-01,44.00000,36.00000,721
192,41,1.220330e-01,53.00000,30.00000,6849
192,42,1.241106e-01,37.00000,36.00000,672
192,43,1.256852e-01,31.00000,36.00000,603
192,44,1.236776e-01,47.00000,35.00000,613
192,45,1.238433e-01,39.00000,35.00000,754
192,46,1.169834e-01,53.00000,30.00000,729
192,47,1.264404e-01,37.00000,35.00000,610
192,48,1.232217e-01,55.00000,30.00000,5512
192,49,1.195296e-01,41.00000,35.00000,658
192,50,1.261284e-01,37.00000,36.00000,600
192,51,1.202666e-01,46.00000,35.00000,5030
192,52,1.278155e-01,45.00000,35.00000,666
192,53,1.213828e-01,53.00000,30.00000,671
192,54,1.192313e-01,49.00000,30.00000,664
192,55,1.259212e-01,50.00000,35.00000,683
192,56,1.262076e-01,40.00000,36.00000,598
192,57,1.234605e-01,37.00000,36.00000,663
192,58,1.192156e-01,50.00000,35.00000,1690
192,59,1.230413e-01,45.00000,35.00000,617
192,60,1.242027e-01,51.00000,30.00000,601
192,61,1.241957e-01,55.00000,30.00000,632
192,62,1.177875e-01,36.00000,36.00000,592
192,63,1.151067e-01,49.00000,30.00000,654
192,64,1.215668e-01,44.00000,35.00000,622
192,65,1.184115e-01,43.00000,35.00000,629
192,66,1.205418e-01,48.00000,35.00000,614
192,67,1.169197e-01,57.00000,30.00000,631
192,68,1.202466e-01,49.00000,30.00000,600
192,69,1.215293e-01,53.00000,30.00000,619
192,70,1.172536e-01,54.00000,30.00000,614
192,71,1.273343e-01,46.00000,36.00000,585
193,0,1.197202e-01,48.00000,35.00000,5557
193,1,1.226509e-01,31.00000,36.00000,3294
193,2,1.172695e-01,53.00000,30.00000,691
193,3,1.219693e-01,47.00000,35.00000,711
193,4,1.203192e-01,52.00000,30.00000,722
193,5,1.184668e-01,58.00000,30.00000,690
193,6,1.212266e-01,40.00000,36.00000,705
193,7,1.236917e-01,43.00000,35.00000,656
193,8,1.240302e-01,48.00000,35.00000,736
193,9,1.190925e-01,54.00000,30.00000,662
193,10,1.193572e-01,46.00000,35.00000,2087
193,11,1.189699e-01,48.00000,35.00000,3357
193,12,1.166582e-01,49.00000,30.00000,670
193,13,1.179941e-01,54.00000,30.00000,918
193,14,1.192419e-01,58.00000,30.00000,699
193,15,1.186241e-01,42.00000,35.00000,726
193,16,1.223739e-01,53.00000,30.00000,685
193,17,1.238640e-01,37.00000,36.00000,658
193,18,1.203890e-01,43.00000,35.00000,694
193,19,1.218539e-01,49.00000,30.00000,695
193,20,1.209501e-01,46.00000,35.00000,760
193,21,1.232986e-01,43.00000,35.00000,702
193,22,1.203121e-01,55.00000,30.00000,735
193,23,1.158909e-01,54.00000,30.00000,2668
193,24,1.205712e-01,45.00000,36.00000,657
193,25,1.185732e-01,51.00000,30.00000,751
193,26,1.205560e-01,55.00000,30.00000,685
193,27,1.197645e-01,49.00000,30.00000,694
193,28,1.208374e-01,41.00000,35.00000,645
193,29,1.242160e-01,43.00000,36.00000,745
193,30,1.286424e-01,44.00000,35.00000,661
193,31,1.157560e-01,56.00000,30.00000,718
193,32,1.231043e-01,31.00000,36.00000,657
193,33,1.239191e-01,35.00000,36.00000,6082
193,34,1.198409e-01,47.00000,35.00000,635
193,35,1.189040e-01,49.00000,30.00000,728
193,36,1.187708e-01,55.00000,30.00000,692
193,37,1.216524e-01,46.00000,35.00000,682
193,38,1.218836e-01,40.00000,35.00000,605
193,39,1.234089e-01,37.00000,35.00000,705
193,40,1.170819e-01,54.00000,30.00000,733
193,41,1.161489e-01,49.00000,30.00000,747
193,42,1.175787e-01,54.00000,30.00000,664
193,43,1.189882e-01,54.00000,30.00000,4692
193,44,1.215566e-01,49.00000,30.00000,685
193,45,1.197490e-01,42.00000,35.00000,650
193,46,1.204217e-01,42.00000,35.00000,584
193,47,1.191200e-01,49.00000,30.00000,699
193,48,1.173658e-01,49.00000,30.00000,616
193,49,1.326350e-01,25.00000,36.00000,653
193,50,1.180466e-01,58.00000,30.00000,717
193,51,1.172815e-01,55.00000,30.00000,669
193,52,1.216500e-01,49.00000,30.00000,659
193,53,1.193529e-01,41.00000,35.00000,5071
193,54,1.210535e-01,49.00000,30.00000,648
193,55,1.248314e-01,34.00000,36.00000,649
193,56,1.206324e-01,55.00000,30.00000,627
193,57,1.156701e-01,49.00000,30.00000,656
193,58,1.214581e-01,36.00000,36.00000,624
193,59,1.173955e-01,55.00000,30.00000,640
193,60,1.273807e-01,25.00000,36.00000,611
193,61,1.212015e-01,44.00000,35.00000,597
193,62,1.264921e-01,42.00000,36.00000,566
193,63,1.209455e-01,45.00000,35.00000,606
193,64,1.229186e-01,49.00000,30.00000,605
193,65,1.226750e-01,37.00000,35.00000,608
193,66,1.197161e-01,54.00000,30.00000,612
193,67,1.292828e-01,33.00000,40.00000,558
193,68,1.290389e-01,31.00000,36.00000,597
193,69,1.301197e-01,30.00000,36.00000,595
193,70,1.242428e-01,49.00000,30.00000,589
193,71,1.152582e-01,58.00000,30.00000,631
194,0,1.209271e-01,49.00000,30.00000,699
194,1,1.209224e-01,54.00000,30.00000,745
194,2,1.276207e-01,31.00000,36.00000,2024
194,3,1.226710e-01,37.00000,36.00000,730
194,4,1.182281e-01,49.00000,30.00000,686
194,5,1.186530e-01,49.00000,35.00000,706
194,6,1.229705e-01,46.00000,35.00000,694
194,7,1.216158e-01,41.00000,35.00000,694
194,8,1.220965e-01,42.00000,35.00000,697
194,9,1.233828e-01,41.00000,35.00000,685
194,10,1.224750e-01,46.00000,35.00000,732
194,11,1.206806e-01,37.00000,36.00000,653
194,12,1.190517e-01,52.00000,30.00000,600
194,13,1.199045e-01,45.00000,36.00000,766
194,14,1.224100e-01,55.00000,30.00000,678
194,15,1.176728e-01,56.00000,30.00000,722
194,16,1.219194e-01,45.00000,35.00000,677
194,17,1.213153e-01,46.00000,36.00000,696
194,18,1.259994e-01,49.00000,30.00000,685
194,19,1.241785e-01,42.00000,35.00000,638
194,20,1.224245e-01,36.00000,40.00000,719
194,21,1.187943e-01,42.00000,35.00000,662
194,22,1.188980e-01,43.00000,35.00000,732
194,23,1.175154e-01,53.00000,30.00000,709
194,24,1.218124e-01,49.00000,30.00000,708
194,25,1.220140e-01,54.00000,30.00000,692
194,26,1.185793e-01,48.00000,35.00000,683
194,27,1.217102e-01,57.00000,30.00000,706
194,28,1.189095e-01,49.00000,30.00000,690
194,29,1.185313e-01,54.00000,30.00000,668
194,30,1.181648e-01,53.00000,30.00000,715
194,31,1.219659e-01,43.00000,35.00000,629
194,32,1.218157e-01,52.00000,30.00000,714
194,33,1.223942e-01,46.00000,35.00000,616
194,34,1.277145e-01,42.00000,35.00000,682
194,35,1.199142e-01,46.00000,35.00000,656
194,36,1.224716e-01,39.00000,36.00000,587
194,37,1.293866e-01,31.00000,36.00000,696
194,38,1.185370e-01,53.00000,30.00000,723
194,39,1.194689e-01,54.00000,30.00000,690
194,40,1.204301e-01,49.00000,30.00000,663
194,41,1.240406e-01,41.00000,35.00000,735
194,42,1.206017e-01,48.00000,35.00000,595
194,43,1.217987e-01,53.00000,30.00000,703
194,44,1.202498e-01,53.00000,30.00000,652
194,45,1.235462e-01,40.00000,36.00000,636
194,46,1.249089e-01,45.00000,35.00000,648
194,47,1.227384e-01,41.00000,35.00000,696
194,48,1.232564e-01,36.00000,36.00000,616
194,49,1.284379e-01,37.00000,36.00000,596
194,50,1.243750e-01,43.00000,36.00000,699
194,51,1.205477e-01,41.00000,36.00000,674
194,52,1.228434e-01,53.00000,30.00000,607
194,53,1.285529e-01,31.00000,36.00000,627
194,54,1.219434e-01,41.00000,35.00000,611
194,55,1.215851e-01,42.00000,40.00000,596
194,56,1.213292e-01,53.00000,30.00000,613
194,57,1.218053e-01,53.00000,30.00000,613
194,58,1.226294e-01,42.00000,35.00000,596
194,59,1.239750e-01,40.00000,36.00000,578
194,60,1.263323e-01,54.00000,30.00000,607
194,61,1.257242e-01,35.00000,36.00000,631
194,62,1.199065e-01,41.00000,35.00000,621
194,63,1.257249e-01,43.00000,35.00000,586
194,64,1.311740e-01,31.00000,36.00000,575
194,65,1.237598e-01,40.00000,40.00000,590
194,66,1.204064e-01,47.00000,35.00000,624
194,67,1.225567e-01,53.00000,30.00000,608
194,68,1.308477e-01,38.00000,35.00000,549
194,69,1.207428e-01,57.00000,30.00000,629
194,70,1.216962e-01,43.00000,35.00000,628
194,71,1.264449e-01,42.00000,35.00000,571
195,0,1.167090e-01,49.00000,30.00000,809
195,1,1.208426e-01,52.00000,30.00000,652
195,2,1.205466e-01,44.00000,35.00000,669
195,3,1.245821e-01,31.00000,36.00000,687
195,4,1.199455e-01,57.00000,30.00000,699
195,5,1.198652e-01,48.00000,35.00000,650
195,6,1.219264e-01,49.00000,30.00000,784
195,7,1.231824e-01,40.00000,35.00000,665
195,8,1.200997e-01,53.00000,30.00000,737
195,9,1.244432e-01,46.00000,35.00000,715
195,10,1.244897e-01,30.00000,36.00000,656
195,11,1.226777e-01,44.00000,35.00000,656
195,12,1.237332e-01,43.00000,35.00000,678
195,13,1.215663e-01,48.00000,35.00000,689
195,14,1.192505e-01,49.00000,30.00000,641
195,15,1.230310e-01,43.00000,35.00000,693
195,16,1.272649e-01,40.00000,40.00000,719
195,17,1.202254e-01,54.00000,30.00000,648
195,18,1.175956e-01,55.00000,30.00000,705
195,19,1.241590e-01,49.00000,30.00000,683
195,20,1.214378e-01,49.00000,30.00000,690
195,21,1.250623e-01,41.00000,35.00000,592
195,22,1.206653e-01,49.00000,30.00000,665
195,23,1.160578e-01,55.00000,30.00000,687
195,24,1.226737e-01,48.00000,35.00000,656
195,25,1.180832e-01,57.00000,30.00000,685
195,26,1.214363e-01,45.00000,35.00000,668
195,27,1.191062e-01,49.00000,30.00000,708
195,28,1.195858e-01,49.00000,30.00000,666
195,29,1.228683e-01,47.00000,35.00000,740
195,30,1.197077e-01,52.00000,30.00000,663
195,31,1.296969e-01,37.00000,36.00000,624
195,32,1.218733e-01,40.00000,35.00000,610
195,33,1.220548e-01,47.00000,35.00000,624
195,34,1.232828e-01,40.00000,35.00000,677
195,35,1.282136e-01,45.00000,35.00000,655
195,36,1.226207e-01,57.00000,30.00000,661
195,37,1.252477e-01,35.00000,36.00000,614
195,38,1.211940e-01,51.00000,35.00000,732
195,39,1.230329e-01,45.00000,35.00000,611
195,40,1.272934e-01,47.00000,35.00000,640
195,41,1.252211e-01,42.00000,36.00000,672
195,42,1.203669e-01,41.00000,36.00000,673
195,43,1.276639e-01,43.00000,35.00000,646
195,44,1.271347e-01,31.00000,36.00000,654
195,45,1.201647e-01,40.00000,40.00000,668
195,46,1.185904e-01,49.00000,30.00000,684
195,47,1.199080e-01,55.00000,30.00000,681
195,48,1.151980e-01,57.00000,30.00000,672
195,49,1.248318e-01,59.00000,30.00000,768
195,50,1.246694e-01,46.00000,35.00000,702
195,51,1.208033e-01,53.00000,30.00000,678
195,52,1.193500e-01,54.00000,30.00000,678
195,53,1.226484e-01,41.00000,35.00000,678
195,54,1.183138e-01,53.00000,30.00000,682
195,55,1.184038e-01,57.00000,30.00000,695
195,56,1.184025e-01,53.00000,30.00000,642
195,57,1.184830e-01,49.00000,30.00000,674
195,58,1.252130e-01,44.00000,36.00000,609
195,59,1.189555e-01,53.00000,30.00000,630
195,60,1.220054e-01,45.00000,36.00000,587
195,61,1.238320e-01,52.00000,30.00000,596
195,62,1.210604e-01,39.00000,35.00000,634
195,63,1.222516e-01,45.00000,35.00000,617
195,64,1.215822e-01,49.00000,30.00000,588
195,65,1.251533e-01,43.00000,35.00000,588
195,66,1.301942e-01,39.00000,36.00000,560
195,67,1.180445e-01,53.00000,30.00000,632
195,68,1.253934e-01,42.00000,36.00000,603
195,69,1.296848e-01,25.00000,36.00000,585
195,70,1.277989e-01,38.00000,35.00000,571
195,71,1.226027e-01,49.00000,30.00000,596
196,0,1.258200e-01,25.00000,36.00000,5393
196,1,1.256980e-01,45.00000,36.00000,717
196,2,1.169674e-01,59.00000,30.00000,728
196,3,1.178970e-01,49.00000,30.00000,3235
196,4,1.234654e-01,57.00000,30.00000,1147
196,5,1.253172e-01,55.00000,30.00000,671
196,6,1.183632e-01,52.00000,30.00000,696
196,7,1.244887e-01,48.00000,35.00000,732
196,8,1.221235e-01,37.00000,40.00000,654
196,9,1.235294e-01,50.00000,35.00000,688
196,10,1.208999e-01,58.00000,30.00000,3678
196,11,1.187801e-01,55.00000,30.00000,694
196,12,1.248833e-01,49.00000,30.00000,635
196,13,1.173786e-01,57.00000,30.00000,2642
196,14,1.213203e-01,48.00000,35.00000,629
196,15,1.235742e-01,37.00000,36.00000,726
196,16,1.242285e-01,52.00000,30.00000,692
196,17,1.253785e-01,39.00000,35.00000,726
196,18,1.249276e-01,42.00000,35.00000,655
196,19,1.241365e-01,37.00000,36.00000,688
196,20,1.194051e-01,54.00000,30.00000,4052
196,21,1.238932e-01,40.00000,36.00000,593
196,22,1.185726e-01,46.00000,35.00000,767
196,23,1.236445e-01,42.00000,35.00000,611
196,24,1.193937e-01,56.00000,30.00000,702
196,25,1.217241e-01,43.00000,35.00000,679
196,26,1.244234e-01,46.00000,36.00000,586
196,27,1.290242e-01,25.00000,36.00000,684
196,28,1.233412e-01,49.00000,35.00000,745
196,29,1.223271e-01,37.00000,35.00000,653
196,30,1.228402e-01,52.00000,30.00000,5084
196,31,1.264891e-01,48.00000,36.00000,616
196,32,1.272634e-01,37.00000,36.00000,596
196,33,1.228157e-01,53.00000,30.00000,795
196,34,1.257676e-01,54.00000,30.00000,683
196,35,1.321790e-01,37.00000,35.00000,682
196,36,1.209882e-01,43.00000,35.00000,633
196,37,1.248818e-01,39.00000,35.00000,686
196,38,1.233277e-01,47.00000,35.00000,700
196,39,1.273813e-01,41.00000,36.00000,695
196,40,1.259177e-01,41.00000,35.00000,10405
196,41,1.242739e-01,43.00000,35.00000,645
196,42,1.264243e-01,54.00000,30.00000,644
196,43,1.232899e-01,37.00000,36.00000,669
196,44,1.253510e-01,45.00000,35.00000,629
196,45,1.174131e-01,54.00000,30.00000,650
196,46,1.236035e-01,42.00000,35.00000,641
196,47,1.204079e-01,55.00000,30.00000,631
196,48,1.232439e-01,41.00000,36.00000,689
196,49,1.175329e-01,54.00000,30.00000,699
196,50,1.272052e-01,30.00000,36.00000,8877
196,51,1.291187e-01,35.00000,40.00000,658
196,52,1.299930e-01,45.00000,35.00000,641
196,53,1.280933e-01,35.00000,36.00000,642
196,54,1.282730e-01,37.00000,40.00000,610
196,55,1.249966e-01,51.00000,30.00000,661
196,56,1.299548e-01,48.00000,35.00000,635
196,57,1.282316e-01,37.00000,36.00000,595
196,58,1.297647e-01,30.00000,36.00000,581
196,59,1.273261e-01,35.00000,36.00000,586
196,60,1.268630e-01,48.00000,35.00000,1447
196,61,1.233788e-01,45.00000,35.00000,617
196,62,1.225895e-01,45.00000,35.00000,593
196,63,1.262633e-01,46.00000,36.00000,595
196,64,1.276706e-01,30.00000,36.00000,596
196,65,1.183480e-01,55.00000,30.00000,639
196,66,1.222890e-01,53.00000,30.00000,617
196,67,1.185841e-01,57.00000,30.00000,630
196,68,1.231999e-01,54.00000,30.00000,606
196,69,1.259101e-01,45.00000,35.00000,578
196,70,1.223587e-01,48.00000,35.00000,642
196,71,1.221289e-01,49.00000,30.00000,625
197,0,1.203845e-01,49.00000,30.00000,5930
197,1,1.221865e-01,52.00000,30.00000,662
197,2,1.184280e-01,57.00000,30.00000,722
197,3,1.223343e-01,52.00000,30.00000,1505
197,4,1.297569e-01,36.00000,35.00000,1545
197,5,1.172408e-01,57.00000,30.00000,711
197,6,1.304063e-01,35.00000,36.00000,657
197,7,1.250145e-01,53.00000,30.00000,735
197,8,1.229541e-01,30.00000,36.00000,641
197,9,1.275207e-01,30.00000,36.00000,633
197,10,1.174410e-01,53.00000,30.00000,6478
197,11,1.215673e-01,48.00000,35.00000,709
197,12,1.217943e-01,56.00000,30.00000,650
197,13,1.273363e-01,25.00000,36.00000,726
197,14,1.241169e-01,36.00000,40.00000,746
197,15,1.224294e-01,49.00000,30.00000,707
197,16,1.256827e-01,55.00000,30.00000,690
197,17,1.258276e-01,40.00000,35.00000,731
197,18,1.241129e-01,57.00000,30.00000,627
197,19,1.180691e-01,53.00000,30.00000,773
197,20,1.266529e-01,42.00000,35.00000,3979
197,21,1.205449e-01,53.00000,30.00000,700
197,22,1.241626e-01,47.00000,35.00000,663
197,23,1.234134e-01,44.00000,35.00000,695
197,24,1.219767e-01,45.00000,35.00000,3527
197,25,1.254449e-01,45.00000,36.00000,724
197,26,1.226419e-01,45.00000,35.00000,650
197,27,1.216564e-01,49.00000,30.00000,725
197,28,1.273657e-01,40.00000,36.00000,656
197,29,1.216852e-01,49.00000,35.00000,679
197,30,1.302645e-01,25.00000,36.00000,3051
197,31,1.254424e-01,44.00000,35.00000,642
197,32,1.225619e-01,42.00000,35.00000,739
197,33,1.308753e-01,40.00000,35.00000,632
197,34,1.240920e-01,46.00000,36.00000,2713
197,35,1.256192e-01,48.00000,35.00000,683
197,36,1.254255e-01,40.00000,35.00000,712
197,37,1.260671e-01,44.00000,36.00000,671
197,38,1.221112e-01,55.00000,30.00000,756
197,39,1.202106e-01,49.00000,30.00000,1252
197,40,1.218986e-01,55.00000,30.00000,1476
197,41,1.279119e-01,39.00000,35.00000,737
197,42,1.210144e-01,54.00000,30.00000,668
197,43,1.215330e-01,36.00000,36.00000,745
197,44,1.187753e-01,53.00000,30.00000,725
197,45,1.247534e-01,47.00000,36.00000,656
197,46,1.239942e-01,42.00000,35.00000,660
197,47,1.201025e-01,49.00000,35.00000,698
197,48,1.262697e-01,49.00000,30.00000,670
197,49,1.241959e-01,52.00000,30.00000,1192
197,50,1.277471e-01,40.00000,36.00000,635
197,51,1.208349e-01,49.00000,30.00000,606
197,52,1.229290e-01,49.00000,30.00000,674
197,53,1.216087e-01,55.00000,30.00000,655
197,54,1.231515e-01,44.00000,35.00000,603
197,55,1.198906e-01,43.00000,35.00000,688
197,56,1.245720e-01,43.00000,35.00000,632
197,57,1.246331e-01,49.00000,30.00000,666
197,58,1.230607e-01,49.00000,30.00000,640
197,59,1.238665e-01,43.00000,35.00000,611
197,60,1.212923e-01,45.00000,35.00000,637
197,61,1.186895e-01,53.00000,30.00000,658
197,62,1.187860e-01,49.00000,30.00000,634
197,63,1.234923e-01,55.00000,30.00000,620
197,64,1.239754e-01,49.00000,30.00000,591
197,65,1.198981e-01,55.00000,30.00000,622
197,66,1.235576e-01,43.00000,35.00000,630
197,67,1.225069e-01,41.00000,40.00000,611
197,68,1.221733e-01,49.00000,30.00000,622
197,69,1.198129e-01,40.00000,35.00000,635
197,70,1.233898e-01,45.00000,35.00000,618
197,71,1.227972e-01,53.00000,30.00000,620
198,0,1.280218e-01,52.00000,30.00000,1468
198,1,1.317901e-01,25.00000,36.00000,1442
198,2,1.288197e-01,54.00000,30.00000,653
198,3,1.260082e-01,40.00000,36.00000,746
198,4,1.205440e-01,43.00000,35.00000,618
198,5,1.232272e-01,46.00000,36.00000,722
198,6,1.276280e-01,47.00000,36.00000,638
198,7,1.198260e-01,49.00000,30.00000,794
198,8,1.249562e-01,49.00000,30.00000,676
198,9,1.281872e-01,34.00000,36.00000,664
198,10,1.214953e-01,36.00000,36.00000,9218
198,11,1.267387e-01,39.00000,35.00000,688
198,12,1.250005e-01,47.00000,35.00000,686
198,13,1.260990e-01,43.00000,35.00000,676
198,14,1.230306e-01,54.00000,30.00000,623
198,15,1.244287e-01,49.00000,30.00000,685
198,16,1.245845e-01,42.00000,36.00000,633
198,17,1.276161e-01,44.00000,35.00000,645
198,18,1.236364e-01,46.00000,35.00000,658
198,19,1.291265e-01,45.00000,35.00000,652
198,20,1.247329e-01,40.00000,35.00000,11138
198,21,1.232719e-01,38.00000,35.00000,664
198,22,1.206833e-01,58.00000,30.00000,739
198,23,1.185069e-01,57.00000,30.00000,660
198,24,1.218990e-01,45.00000,35.00000,611
198,25,1.221600e-01,45.00000,35.00000,703
198,26,1.225905e-01,58.00000,30.00000,664
198,27,1.202246e-01,49.00000,30.00000,709
198,28,1.219236e-01,53.00000,30.00000,705
198,29,1.181130e-01,53.00000,30.00000,723
198,30,1.241720e-01,49.00000,35.00000,9961
198,31,1.249993e-01,43.00000,35.00000,651
198,32,1.258778e-01,49.00000,30.00000,696
198,33,1.235763e-01,42.00000,35.00000,677
198,34,1.215105e-01,46.00000,35.00000,646
198,35,1.244821e-01,37.00000,36.00000,651
198,36,1.238844e-01,40.00000,35.00000,662
198,37,1.299646e-01,42.00000,35.00000,605
198,38,1.213714e-01,55.00000,30.00000,739
198,39,1.222738e-01,45.00000,36.00000,689
198,40,1.221019e-01,49.00000,30.00000,9500
198,41,1.234037e-01,42.00000,35.00000,2050
198,42,1.259367e-01,35.00000,36.00000,593
198,43,1.242276e-01,45.00000,35.00000,632
198,44,1.267423e-01,30.00000,36.00000,609
198,45,1.280042e-01,52.00000,30.00000,653
198,46,1.271406e-01,37.00000,35.00000,615
198,47,1.248683e-01,40.00000,35.00000,673
198,48,1.240698e-01,38.00000,35.00000,720
198,49,1.257287e-01,43.00000,35.00000,682
198,50,1.245974e-01,49.00000,30.00000,8509
198,51,1.245050e-01,47.00000,35.00000,1264
198,52,1.215345e-01,54.00000,30.00000,683
198,53,1.231911e-01,41.00000,36.00000,660
198,54,1.225584e-01,43.00000,35.00000,651
198,55,1.281190e-01,39.00000,36.00000,574
198,56,1.312021e-01,49.00000,30.00000,616
198,57,1.250317e-01,46.00000,35.00000,625
198,58,1.249130e-01,49.00000,30.00000,607
198,59,1.197395e-01,45.00000,35.00000,630
198,60,1.215922e-01,52.00000,30.00000,1381
198,61,1.216341e-01,58.00000,30.00000,1532
198,62,1.231006e-01,42.00000,35.00000,650
198,63,1.254363e-01,49.00000,30.00000,588
198,64,1.259171e-01,40.00000,40.00000,598
198,65,1.204922e-01,53.00000,30.00000,625
198,66,1.266341e-01,45.00000,35.00000,611
198,67,1.283134e-01,40.00000,35.00000,581
198,68,1.224955e-01,57.00000,30.00000,638
198,69,1.220252e-01,37.00000,35.00000,640
198,70,1.295321e-01,30.00000,36.00000,591
198,71,1.283946e-01,35.00000,36.00000,590
199,0,1.250106e-01,38.00000,35.00000,8330
199,1,1.209483e-01,44.00000,35.00000,955
199,2,1.217161e-01,44.00000,35.00000,1762
199,3,1.194007e-01,53.00000,30.00000,770
199,4,1.232605e-01,36.00000,36.00000,652
199,5,1.219283e-01,53.00000,30.00000,668
199,6,1.263348e-01,49.00000,30.00000,687
199,7,1.262881e-01,49.00000,30.00000,593
199,8,1.238173e-01,49.00000,30.00000,730
199,9,1.259921e-01,42.00000,35.00000,621
199,10,1.246807e-01,45.00000,35.00000,3231
199,11,1.229417e-01,49.00000,30.00000,6595
199,12,1.284697e-01,30.00000,36.00000,1285
199,13,1.309659e-01,37.00000,36.00000,600
199,14,1.270977e-01,53.00000,30.00000,618
199,15,1.252909e-01,45.00000,36.00000,734
199,16,1.235670e-01,48.00000,35.00000,720
199,17,1.250194e-01,31.00000,36.00000,630
199,18,1.250475e-01,43.00000,35.00000,695
199,19,1.270139e-01,58.00000,30.00000,703
199,20,1.254341e-01,41.00000,35.00000,656
199,21,1.238821e-01,49.00000,30.00000,10941
199,22,1.275908e-01,31.00000,36.00000,855
199,23,1.263254e-01,53.00000,30.00000,629
199,24,1.217707e-01,47.00000,35.00000,731
199,25,1.240446e-01,40.00000,35.00000,689
199,26,1.253439e-01,54.00000,30.00000,658
199,27,1.271395e-01,41.00000,36.00000,640
199,28,1.244735e-01,43.00000,35.00000,671
199,29,1.256579e-01,49.00000,30.00000,679
199,30,1.242150e-01,53.00000,30.00000,741
199,31,1.284366e-01,35.00000,36.00000,10161
199,32,1.293370e-01,41.00000,35.00000,1653
199,33,1.249807e-01,35.00000,36.00000,584
199,34,1.218290e-01,47.00000,35.00000,657
199,35,1.307659e-01,43.00000,35.00000,610
199,36,1.244130e-01,44.00000,35.00000,629
199,37,1.232207e-01,43.00000,40.00000,720
199,38,1.268644e-01,41.00000,35.00000,692
199,39,1.250648e-01,46.00000,35.00000,632
199,40,1.287983e-01,36.00000,36.00000,632
199,41,1.256230e-01,49.00000,30.00000,8200
199,42,1.279742e-01,49.00000,30.00000,823
199,43,1.207791e-01,51.00000,30.00000,725
199,44,1.301937e-01,42.00000,35.00000,616
199,45,1.286302e-01,32.00000,40.00000,692
199,46,1.212113e-01,53.00000,30.00000,727
199,47,1.259300e-01,53.00000,30.00000,725
199,48,1.248030e-01,35.00000,36.00000,631
199,49,1.217447e-01,53.00000,30.00000,719
199,50,1.225187e-01,46.00000,35.00000,735
199,51,1.193204e-01,52.00000,30.00000,9887
199,52,1.230142e-01,48.00000,35.00000,620
199,53,1.237230e-01,47.00000,35.00000,600
199,54,1.253386e-01,43.00000,35.00000,598
199,55,1.243019e-01,52.00000,30.00000,610
199,56,1.283132e-01,42.00000,35.00000,579
199,57,1.248088e-01,44.00000,35.00000,587
199,58,1.235458e-01,49.00000,30.00000,589
199,59,1.222666e-01,44.00000,35.00000,635
199,60,1.275651e-01,31.00000,36.00000,599
199,61,1.267358e-01,36.00000,36.00000,1183
199,62,1.219843e-01,54.00000,30.00000,645
199,63,1.235165e-01,41.00000,35.00000,613
199,64,1.249584e-01,52.00000,30.00000,602
199,65,1.206034e-01,54.00000,30.00000,620
199,66,1.328706e-01,47.00000,35.00000,584
199,67,1.244070e-01,36.00000,35.00000,605
199,68,1.221758e-01,58.00000,30.00000,624
199,69,1.270205e-01,37.00000,36.00000,590
199,70,1.274662e-01,49.00000,30.00000,614
199,71,1.206125e-01,54.00000,30.00000,626
200,0,1.298810e-01,49.00000,30.00000,14771
200,1,1.254642e-01,53.00000,30.00000,740
200,2,1.279312e-01,40.00000,40.00000,642
200,3,1.290657e-01,31.00000,36.00000,698
200,4,1.231446e-01,45.00000,35.00000,665
200,5,1.210977e-01,45.00000,35.00000,719
200,6,1.269318e-01,30.00000,36.00000,676
200,7,1.209138e-01,56.00000,30.00000,694
200,8,1.306517e-01,43.00000,35.00000,685
200,9,1.207302e-01,49.00000,30.00000,680
200,10,1.210298e-01,49.00000,35.00000,12428
200,11,1.199641e-01,55.00000,30.00000,903
200,12,1.206819e-01,48.00000,35.00000,756
200,13,1.269294e-01,53.00000,30.00000,4361
200,14,1.241933e-01,45.00000,35.00000,687
200,15,1.218999e-01,54.00000,30.00000,749
200,16,1.222400e-01,49.00000,30.00000,729
200,17,1.315848e-01,49.00000,30.00000,659
200,18,1.216668e-01,54.00000,30.00000,742
200,19,1.251361e-01,41.00000,36.00000,633
200,20,1.303536e-01,45.00000,35.00000,7012
200,21,1.287008e-01,38.00000,35.00000,716
200,22,1.301955e-01,43.00000,35.00000,642
200,23,1.268314e-01,57.00000,30.00000,3275
200,24,1.310400e-01,45.00000,36.00000,744
200,25,1.242639e-01,41.00000,36.00000,690
200,26,1.305050e-01,44.00000,35.00000,700
200,27,1.255305e-01,44.00000,35.00000,634
200,28,1.234948e-01,45.00000,36.00000,720
200,29,1.252986e-01,43.00000,35.00000,619
200,30,1.303524e-01,49.00000,35.00000,8196
200,31,1.261393e-01,58.00000,30.00000,702
200,32,1.224942e-01,54.00000,30.00000,725
200,33,1.251536e-01,43.00000,35.00000,5331
200,34,1.276585e-01,47.00000,35.00000,678
200,35,1.270643e-01,44.00000,35.00000,650
200,36,1.293142e-01,35.00000,36.00000,644
200,37,1.320934e-01,37.00000,36.00000,658
200,38,1.265231e-01,37.00000,36.00000,678
200,39,1.262054e-01,57.00000,30.00000,665
200,40,1.307649e-01,41.00000,36.00000,3718
200,41,1.263984e-01,45.00000,35.00000,5010
200,42,1.219399e-01,42.00000,35.00000,687
200,43,1.227639e-01,55.00000,30.00000,2663
200,44,1.336178e-01,31.00000,36.00000,637
200,45,1.278198e-01,51.00000,30.00000,669
200,46,1.260354e-01,37.00000,36.00000,738
200,47,1.282258e-01,43.00000,40.00000,629
200,48,1.219068e-01,42.00000,35.00000,714
200,49,1.272565e-01,40.00000,36.00000,728
200,50,1.276575e-01,49.00000,30.00000,6352
200,51,1.221841e-01,51.00000,30.00000,1301
200,52,1.249020e-01,48.00000,35.00000,643
200,53,1.271546e-01,52.00000,30.00000,4085
200,54,1.222627e-01,54.00000,30.00000,605
200,55,1.223615e-01,48.00000,35.00000,677
200,56,1.233717e-01,45.00000,35.00000,708
200,57,1.222445e-01,49.00000,30.00000,710
200,58,1.258380e-01,49.00000,30.00000,631
200,59,1.251224e-01,49.00000,30.00000,660
200,60,1.225439e-01,45.00000,35.00000,1228
200,61,1.233099e-01,49.00000,35.00000,717
200,62,1.300712e-01,46.00000,35.00000,589
200,63,1.226430e-01,44.00000,35.00000,635
200,64,1.227634e-01,54.00000,30.00000,630
200,65,1.249991e-01,55.00000,30.00000,619
200,66,1.226248e-01,39.00000,36.00000,625
200,67,1.236639e-01,57.00000,30.00000,631
200,68,1.248157e-01,57.00000,30.00000,630
200,69,1.258459e-01,48.00000,35.00000,616
200,70,1.254578e-01,45.00000,35.00000,600
200,71,1.280066e-01,46.00000,35.00000,589
201,0,1.258552e-01,41.00000,35.00000,192056
201,1,1.317021e-01,37.00000,36.00000,569
201,2,1.265351e-01,36.00000,36.00000,643
201,3,1.288952e-01,49.00000,35.00000,610
201,4,1.251788e-01,45.00000,35.00000,655
201,5,1.255350e-01,57.00000,30.00000,653
201,6,1.229010e-01,49.00000,30.00000,672
201,7,1.179729e-01,57.00000,30.00000,696
201,8,1.275969e-01,46.00000,35.00000,687
201,9,1.295805e-01,37.00000,36.00000,683
201,10,1.242943e-01,49.00000,30.00000,5378
201,11,1.255996e-01,39.00000,35.00000,920
201,12,1.251009e-01,42.00000,35.00000,655
201,13,1.225677e-01,55.00000,30.00000,838
201,14,1.252108e-01,45.00000,35.00000,721
201,15,1.273485e-01,30.00000,36.00000,677
201,16,1.270345e-01,52.00000,30.00000,680
201,17,1.262985e-01,44.00000,35.00000,703
201,18,1.252647e-01,47.00000,35.00000,687
201,19,1.311928e-01,30.00000,36.00000,714
201,20,1.292856e-01,36.00000,36.00000,12166
201,21,1.196542e-01,53.00000,30.00000,646
201,22,1.260617e-01,49.00000,30.00000,661
201,23,1.294222e-01,37.00000,40.00000,669
201,24,1.268156e-01,53.00000,30.00000,703
201,25,1.330525e-01,39.00000,35.00000,652
201,26,1.278863e-01,37.00000,36.00000,651
201,27,1.248895e-01,40.00000,35.00000,678
201,28,1.191449e-01,53.00000,30.00000,701
201,29,1.225014e-01,53.00000,30.00000,653
201,30,1.237175e-01,39.00000,35.00000,10592
201,31,1.256000e-01,48.00000,35.00000,643
201,32,1.246886e-01,41.00000,36.00000,684
201,33,1.326798e-01,37.00000,36.00000,622
201,34,1.270107e-01,44.00000,36.00000,664
201,35,1.252160e-01,49.00000,30.00000,646
201,36,1.248491e-01,40.00000,36.00000,671
201,37,1.216868e-01,48.00000,35.00000,669
201,38,1.296007e-01,49.00000,30.00000,644
201,39,1.237882e-01,49.00000,30.00000,689
201,40,1.326494e-01,49.00000,30.00000,11086
201,41,1.205178e-01,56.00000,30.00000,700
201,42,1.267926e-01,53.00000,30.00000,676
201,43,1.283980e-01,43.00000,35.00000,616
201,44,1.276608e-01,38.00000,36.00000,748
201,45,1.228708e-01,51.00000,30.00000,641
201,46,1.281258e-01,25.00000,36.00000,701
201,47,1.292790e-01,45.00000,35.00000,617
201,48,1.262651e-01,45.00000,35.00000,729
201,49,1.265014e-01,40.00000,35.00000,665
201,50,1.295749e-01,53.00000,30.00000,11077
201,51,1.304421e-01,37.00000,40.00000,653
201,52,1.236476e-01,57.00000,30.00000,641
201,53,1.254590e-01,38.00000,35.00000,631
201,54,1.268865e-01,39.00000,35.00000,606
201,55,1.246830e-01,45.00000,35.00000,673
201,56,1.246641e-01,40.00000,35.00000,604
201,57,1.263102e-01,51.00000,30.00000,601
201,58,1.276733e-01,35.00000,36.00000,629
201,59,1.232395e-01,49.00000,30.00000,635
201,60,1.237948e-01,37.00000,35.00000,1415
201,61,1.264056e-01,54.00000,30.00000,606
201,62,1.309566e-01,37.00000,35.00000,594
201,63,1.317231e-01,37.00000,35.00000,615
201,64,1.279892e-01,41.00000,36.00000,604
201,65,1.240290e-01,49.00000,30.00000,611
201,66,1.319565e-01,45.00000,35.00000,571
201,67,1.273646e-01,37.00000,36.00000,633
201,68,1.290390e-01,35.00000,36.00000,642
201,69,1.224868e-01,54.00000,30.00000,623
201,70,1.227337e-01,49.00000,35.00000,613
201,71,1.284997e-01,49.00000,30.00000,588
202,0,1.249846e-01,54.00000,30.00000,10578
202,1,1.264419e-01,49.00000,30.00000,3196
202,2,1.305007e-01,40.00000,36.00000,611
202,3,1.243847e-01,43.00000,36.00000,700
202,4,1.254570e-01,41.00000,36.00000,743
202,5,1.307637e-01,38.00000,35.00000,679
202,6,1.293324e-01,35.00000,36.00000,755
202,7,1.247823e-01,44.00000,35.00000,663
202,8,1.340268e-01,37.00000,40.00000,603
202,9,1.282264e-01,55.00000,30.00000,637
202,10,1.298489e-01,40.00000,35.00000,5833
202,11,1.249363e-01,49.00000,30.00000,3372
202,12,1.265370e-01,43.00000,35.00000,644
202,13,1.298439e-01,36.00000,36.00000,666
202,14,1.230213e-01,54.00000,30.00000,726
202,15,1.241921e-01,43.00000,35.00000,666
202,16,1.267143e-01,42.00000,35.00000,749
202,17,1.260215e-01,44.00000,35.00000,638
202,18,1.210925e-01,53.00000,30.00000,769
202,19,1.216780e-01,59.00000,30.00000,699
202,20,1.347936e-01,49.00000,30.00000,5441
202,21,1.268716e-01,41.00000,36.00000,6192
202,22,1.256848e-01,56.00000,30.00000,743
202,23,1.252554e-01,51.00000,30.00000,704
202,24,1.279971e-01,47.00000,35.00000,706
202,25,1.342744e-01,44.00000,35.00000,746
202,26,1.276429e-01,40.00000,36.00000,699
202,27,1.291218e-01,40.00000,36.00000,665
202,28,1.263725e-01,40.00000,36.00000,683
202,29,1.331795e-01,35.00000,36.00000,664
202,30,1.286045e-01,48.00000,35.00000,2844
202,31,1.297003e-01,54.00000,30.00000,7769
202,32,1.295090e-01,37.00000,36.00000,639
202,33,1.292212e-01,31.00000,36.00000,682
202,34,1.285886e-01,46.00000,35.00000,640
202,35,1.266268e-01,41.00000,35.00000,684
202,36,1.245671e-01,54.00000,30.00000,706
202,37,1.260729e-01,41.00000,36.00000,669
202,38,1.297677e-01,37.00000,36.00000,709
202,39,1.328283e-01,49.00000,30.00000,660
202,40,1.296262e-01,43.00000,35.00000,2803
202,41,1.308861e-01,36.00000,35.00000,9314
202,42,1.298537e-01,47.00000,35.00000,630
202,43,1.270514e-01,46.00000,35.00000,634
202,44,1.281479e-01,41.00000,35.00000,582
202,45,1.291582e-01,35.00000,40.00000,668
202,46,1.331695e-01,44.00000,35.00000,723
202,47,1.308922e-01,37.00000,40.00000,720
202,48,1.264149e-01,43.00000,36.00000,775
202,49,1.275559e-01,59.00000,30.00000,660
202,50,1.299683e-01,42.00000,35.00000,5552
202,51,1.235864e-01,57.00000,30.00000,5991
202,52,1.283672e-01,37.00000,36.00000,676
202,53,1.250030e-01,41.00000,35.00000,679
202,54,1.270020e-01,53.00000,30.00000,672
202,55,1.254268e-01,49.00000,35.00000,668
202,56,1.260733e-01,40.00000,36.00000,680
202,57,1.283147e-01,42.00000,35.00000,624
202,58,1.252834e-01,49.00000,30.00000,620
202,59,1.276085e-01,47.00000,35.00000,615
202,60,1.257030e-01,55.00000,30.00000,619
202,61,1.226609e-01,54.00000,30.00000,1821
202,62,1.269415e-01,49.00000,30.00000,613
202,63,1.235138e-01,40.00000,36.00000,629
202,64,1.307738e-01,35.00000,36.00000,591
202,65,1.267992e-01,56.00000,30.00000,614
202,66,1.245021e-01,53.00000,30.00000,617
202,67,1.248803e-01,49.00000,30.00000,635
202,68,1.283279e-01,30.00000,36.00000,613
202,69,1.271800e-01,43.00000,35.00000,603
202,70,1.298489e-01,45.00000,36.00000,586
202,71,1.295754e-01,42.00000,35.00000,578
203,0,1.240559e-01,40.00000,36.00000,684
203,1,1.302064e-01,30.00000,36.00000,661
203,2,1.210842e-01,49.00000,30.00000,683
203,3,1.209014e-01,51.00000,30.00000,706
203,4,1.252927e-01,58.00000,30.00000,791
203,5,1.262217e-01,53.00000,30.00000,669
203,6,1.337469e-01,45.00000,36.00000,710
203,7,1.281032e-01,35.00000,36.00000,652
203,8,1.296309e-01,54.00000,30.00000,674
203,9,1.327480e-01,53.00000,30.00000,746
203,10,1.231331e-01,49.00000,30.00000,699
203,11,1.204812e-01,44.00000,35.00000,634
203,12,1.210726e-01,55.00000,30.00000,728
203,13,1.224154e-01,56.00000,30.00000,716
203,14,1.285057e-01,35.00000,40.00000,636
203,15,1.322031e-01,50.00000,30.00000,670
203,16,1.226878e-01,54.00000,30.00000,713
203,17,1.243138e-01,44.00000,35.00000,669
203,18,1.273131e-01,37.00000,36.00000,719
203,19,1.228130e-01,57.00000,30.00000,707
203,20,1.206136e-01,57.00000,30.00000,752
203,21,1.266814e-01,45.00000,35.00000,646
203,22,1.211395e-01,58.00000,30.00000,683
203,23,1.261964e-01,52.00000,30.00000,695
203,24,1.243746e-01,46.00000,35.00000,645
203,25,1.233644e-01,58.00000,30.00000,743
203,26,1.315246e-01,51.00000,30.00000,677
203,27,1.248113e-01,49.00000,30.00000,678
203,28,1.268081e-01,44.00000,36.00000,657
203,29,1.238294e-01,38.00000,36.00000,710
203,30,1.261175e-01,36.00000,36.00000,665
203,31,1.308800e-01,49.00000,30.00000,672
203,32,1.276842e-01,54.00000,30.00000,636
203,33,1.352891e-01,31.00000,36.00000,617
203,34,1.361198e-01,41.00000,36.00000,638
203,35,1.265652e-01,48.00000,35.00000,663
203,36,1.230484e-01,46.00000,36.00000,636
203,37,1.296643e-01,39.00000,35.00000,606
203,38,1.282948e-01,41.00000,35.00000,689
203,39,1.276639e-01,48.00000,35.00000,693
203,40,1.290540e-01,45.00000,35.00000,654
203,41,1.278570e-01,54.00000,30.00000,654
203,42,1.268959e-01,54.00000,30.00000,702
203,43,1.256659e-01,40.00000,36.00000,680
203,44,1.306750e-01,40.00000,35.00000,630
203,45,1.272485e-01,57.00000,30.00000,649
203,46,1.243088e-01,45.00000,35.00000,679
203,47,1.326529e-01,31.00000,36.00000,617
203,48,1.306853e-01,43.00000,35.00000,640
203,49,1.276855e-01,37.00000,36.00000,751
203,50,1.286086e-01,54.00000,30.00000,699
203,51,1.243880e-01,42.00000,35.00000,681
203,52,1.262824e-01,47.00000,35.00000,706
203,53,1.295525e-01,36.00000,35.00000,638
203,54,1.286293e-01,49.00000,30.00000,605
203,55,1.266083e-01,55.00000,30.00000,666
203,56,1.297945e-01,25.00000,36.00000,571
203,57,1.264708e-01,49.00000,30.00000,643
203,58,1.321316e-01,37.00000,35.00000,584
203,59,1.306646e-01,39.00000,36.00000,614
203,60,1.296160e-01,39.00000,35.00000,599
203,61,1.272339e-01,30.00000,36.00000,634
203,62,1.298411e-01,47.00000,35.00000,603
203,63,1.260346e-01,39.00000,36.00000,635
203,64,1.322304e-01,39.00000,35.00000,602
203,65,1.308482e-01,49.00000,30.00000,593
203,66,1.254203e-01,49.00000,30.00000,603
203,67,1.269377e-01,52.00000,30.00000,618
203,68,1.275312e-01,40.00000,36.00000,605
203,69,1.350717e-01,37.00000,36.00000,595
203,70,1.252700e-01,42.00000,35.00000,620
203,71,1.246632e-01,55.00000,30.00000,619
204,0,1.289951e-01,38.00000,35.00000,5455
204,1,1.221280e-01,55.00000,30.00000,686
204,2,1.258080e-01,40.00000,35.00000,1297
204,3,1.270486e-01,49.00000,30.00000,780
204,4,1.234103e-01,44.00000,35.00000,732
204,5,1.247469e-01,55.00000,30.00000,653
204,6,1.202046e-01,52.00000,30.00000,780
204,7,1.240193e-01,53.00000,30.00000,736
204,8,1.281181e-01,42.00000,35.00000,692
204,9,1.201589e-01,55.00000,30.00000,693
204,10,1.330409e-01,31.00000,36.00000,10300
204,11,1.296686e-01,38.00000,36.00000,637
204,12,1.294849e-01,45.00000,35.00000,653
204,13,1.273622e-01,37.00000,36.00000,707
204,14,1.306801e-01,49.00000,30.00000,725
204,15,1.267457e-01,55.00000,30.00000,664
204,16,1.257893e-01,47.00000,35.00000,621
204,17,1.314447e-01,42.00000,35.00000,721
204,18,1.274538e-01,53.00000,30.00000,704
204,19,1.271921e-01,40.00000,36.00000,724
204,20,1.233562e-01,44.00000,35.00000,6378
204,21,1.282623e-01,43.00000,35.00000,5310
204,22,1.238742e-01,53.00000,30.00000,693
204,23,1.316069e-01,36.00000,36.00000,672
204,24,1.235307e-01,50.00000,35.00000,711
204,25,1.238694e-01,54.00000,30.00000,722
204,26,1.231710e-01,53.00000,30.00000,660
204,27,1.263317e-01,54.00000,30.00000,683
204,28,1.213938e-01,56.00000,30.00000,691
204,29,1.267217e-01,49.00000,30.00000,629
204,30,1.267953e-01,39.00000,40.00000,5400
204,31,1.254403e-01,53.00000,30.00000,5340
204,32,1.268863e-01,41.00000,35.00000,692
204,33,1.256774e-01,49.00000,30.00000,656
204,34,1.269660e-01,41.00000,36.00000,655
204,35,1.280850e-01,43.00000,35.00000,886
204,36,1.261633e-01,44.00000,35.00000,708
204,37,1.250916e-01,46.00000,35.00000,727
204,38,1.232904e-01,57.00000,30.00000,676
204,39,1.221156e-01,49.00000,30.00000,679
204,40,1.283584e-01,49.00000,30.00000,3688
204,41,1.287192e-01,53.00000,30.00000,6713
204,42,1.240927e-01,49.00000,30.00000,693
204,43,1.303819e-01,37.00000,36.00000,677
204,44,1.274684e-01,43.00000,35.00000,655
204,45,1.235631e-01,53.00000,30.00000,3086
204,46,1.256440e-01,51.00000,30.00000,784
204,47,1.242975e-01,49.00000,30.00000,704
204,48,1.257117e-01,49.00000,30.00000,619
204,49,1.286035e-01,50.00000,30.00000,694
204,50,1.293153e-01,45.00000,36.00000,2789
204,51,1.309201e-01,46.00000,35.00000,6404
204,52,1.210457e-01,49.00000,30.00000,696
204,53,1.256526e-01,50.00000,35.00000,1363
204,54,1.311431e-01,35.00000,36.00000,654
204,55,1.314925e-01,37.00000,36.00000,4649
204,56,1.272855e-01,49.00000,30.00000,641
204,57,1.337477e-01,25.00000,36.00000,596
204,58,1.244352e-01,53.00000,30.00000,622
204,59,1.294627e-01,41.00000,36.00000,642
204,60,1.278494e-01,47.00000,35.00000,615
204,61,1.305619e-01,37.00000,36.00000,588
204,62,1.254810e-01,52.00000,30.00000,613
204,63,1.317963e-01,45.00000,35.00000,598
204,64,1.321757e-01,52.00000,30.00000,598
204,65,1.246923e-01,49.00000,30.00000,614
204,66,1.282867e-01,38.00000,35.00000,627
204,67,1.230116e-01,49.00000,30.00000,605
204,68,1.257708e-01,55.00000,30.00000,637
204,69,1.328346e-01,57.00000,30.00000,631
204,70,1.285254e-01,41.00000,36.00000,588
204,71,1.239173e-01,46.00000,35.00000,614
205,0,1.329624e-01,45.00000,35.00000,19169
205,1,1.258033e-01,41.00000,36.00000,720
205,2,1.309562e-01,46.00000,35.00000,658
205,3,1.264717e-01,54.00000,30.00000,757
205,4,1.301895e-01,48.00000,35.00000,647
205,5,1.332591e-01,40.00000,40.00000,640
205,6,1.247147e-01,49.00000,30.00000,686
205,7,1.258922e-01,50.00000,30.00000,705
205,8,1.288978e-01,38.00000,40.00000,618
205,9,1.313636e-01,45.00000,36.00000,713
205,10,1.286491e-01,52.00000,30.00000,7065
205,11,1.242552e-01,42.00000,35.00000,724
205,12,1.295037e-01,55.00000,30.00000,633
205,13,1.244785e-01,49.00000,30.00000,720
205,14,1.266392e-01,49.00000,30.00000,659
205,15,1.315297e-01,43.00000,35.00000,735
205,16,1.289601e-01,46.00000,35.00000,700
205,17,1.265001e-01,46.00000,35.00000,631
205,18,1.281256e-01,45.00000,35.00000,677
205,19,1.310184e-01,36.00000,36.00000,622
205,20,1.309939e-01,47.00000,35.00000,5001
205,21,1.258355e-01,49.00000,30.00000,757
205,22,1.348774e-01,31.00000,36.00000,698
205,23,1.328598e-01,42.00000,35.00000,923
205,24,1.287156e-01,37.00000,40.00000,712
205,25,1.348090e-01,36.00000,35.00000,747
205,26,1.366888e-01,40.00000,35.00000,2456
205,27,1.254922e-01,59.00000,30.00000,677
205,28,1.256066e-01,49.00000,30.00000,695
205,29,1.330481e-01,43.00000,36.00000,699
205,30,1.269151e-01,53.00000,30.00000,5702
205,31,1.314826e-01,49.00000,30.00000,672
205,32,1.261521e-01,36.00000,36.00000,657
205,33,1.308067e-01,48.00000,35.00000,709
205,34,1.238341e-01,54.00000,30.00000,2135
205,35,1.287855e-01,56.00000,30.00000,673
205,36,1.376126e-01,35.00000,36.00000,712
205,37,1.260612e-01,57.00000,30.00000,778
205,38,1.322335e-01,31.00000,36.00000,735
205,39,1.304303e-01,47.00000,36.00000,707
205,40,1.280753e-01,48.00000,35.00000,3625
205,41,1.253456e-01,56.00000,30.00000,721
205,42,1.279960e-01,40.00000,40.00000,3164
205,43,1.290853e-01,31.00000,36.00000,669
205,44,1.243779e-01,55.00000,30.00000,3712
205,45,1.253039e-01,48.00000,35.00000,714
205,46,1.263041e-01,49.00000,30.00000,711
205,47,1.233290e-01,57.00000,30.00000,682
205,48,1.268717e-01,53.00000,30.00000,675
205,49,1.334451e-01,38.00000,35.00000,611
205,50,1.258015e-01,46.00000,35.00000,4275
205,51,1.271166e-01,43.00000,35.00000,1040
205,52,1.278636e-01,42.00000,35.00000,3093
205,53,1.246434e-01,57.00000,30.00000,712
205,54,1.284466e-01,41.00000,35.00000,2947
205,55,1.297677e-01,38.00000,36.00000,696
205,56,1.215049e-01,49.00000,30.00000,695
205,57,1.277940e-01,53.00000,30.00000,655
205,58,1.233866e-01,55.00000,30.00000,651
205,59,1.292718e-01,44.00000,35.00000,648
205,60,1.310943e-01,31.00000,36.00000,1498
205,61,1.264625e-01,49.00000,30.00000,840
205,62,1.249235e-01,55.00000,30.00000,1113
205,63,1.274412e-01,48.00000,35.00000,606
205,64,1.262578e-01,57.00000,30.00000,629
205,65,1.274982e-01,45.00000,36.00000,634
205,66,1.294962e-01,42.00000,35.00000,613
205,67,1.333838e-01,57.00000,30.00000,630
205,68,1.275114e-01,42.00000,36.00000,599
205,69,1.275742e-01,55.00000,30.00000,619
205,70,1.310940e-01,53.00000,30.00000,608
205,71,1.299028e-01,36.00000,35.00000,627
206,0,1.294428e-01,52.00000,35.00000,5380
206,1,1.248775e-01,48.00000,35.00000,2580
206,2,1.272915e-01,46.00000,35.00000,628
206,3,1.286268e-01,35.00000,36.00000,757
206,4,1.291538e-01,49.00000,30.00000,804
206,5,1.317634e-01,43.00000,35.00000,729
206,6,1.283961e-01,49.00000,30.00000,685
206,7,1.287956e-01,42.00000,35.00000,693
206,8,1.299153e-01,37.00000,36.00000,678
206,9,1.291679e-01,49.00000,30.00000,760
206,10,1.316842e-01,41.00000,36.00000,5167
206,11,1.313741e-01,44.00000,35.00000,651
206,12,1.298618e-01,45.00000,35.00000,732
206,13,1.243842e-01,48.00000,35.00000,686
206,14,1.271873e-01,46.00000,35.00000,615
206,15,1.308373e-01,49.00000,30.00000,731
206,16,1.263176e-01,61.00000,30.00000,685
206,17,1.321689e-01,39.00000,36.00000,741
206,18,1.371397e-01,25.00000,36.00000,687
206,19,1.351455e-01,31.00000,36.00000,625
206,20,1.326340e-01,49.00000,30.00000,6442
206,21,1.221172e-01,52.00000,30.00000,2732
206,22,1.356265e-01,40.00000,36.00000,667
206,23,1.313835e-01,30.00000,36.00000,617
206,24,1.323549e-01,41.00000,36.00000,721
206,25,1.281851e-01,40.00000,35.00000,703
206,26,1.326490e-01,30.00000,36.00000,668
206,27,1.299390e-01,47.00000,35.00000,690
206,28,1.333334e-01,49.00000,30.00000,646
206,29,1.350477e-01,34.00000,40.00000,710
206,30,1.269032e-01,45.00000,36.00000,2490
206,31,1.217972e-01,52.00000,30.00000,2367
206,32,1.314485e-01,52.00000,30.00000,766
206,33,1.343690e-01,37.00000,35.00000,647
206,34,1.261539e-01,53.00000,30.00000,714
206,35,1.239232e-01,52.00000,30.00000,647
206,36,1.239289e-01,55.00000,30.00000,785
206,37,1.280168e-01,59.00000,30.00000,717
206,38,1.280590e-01,48.00000,35.00000,706
206,39,1.283424e-01,36.00000,35.00000,647
206,40,1.245324e-01,47.00000,35.00000,1045
206,41,1.271393e-01,37.00000,36.00000,5931
206,42,1.316129e-01,52.00000,30.00000,672
206,43,1.292334e-01,55.00000,30.00000,662
206,44,1.380753e-01,37.00000,36.00000,635
206,45,1.251563e-01,53.00000,30.00000,712
206,46,1.254492e-01,58.00000,30.00000,2012
206,47,1.300555e-01,45.00000,35.00000,656
206,48,1.250759e-01,58.00000,30.00000,662
206,49,1.286152e-01,36.00000,36.00000,755
206,50,1.292235e-01,41.00000,36.00000,738
206,51,1.338592e-01,35.00000,36.00000,1698
206,52,1.292347e-01,54.00000,30.00000,709
206,53,1.267493e-01,53.00000,30.00000,713
206,54,1.279747e-01,49.00000,30.00000,2329
206,55,1.254447e-01,44.00000,35.00000,738
206,56,1.317008e-01,31.00000,36.00000,1212
206,57,1.290667e-01,38.00000,35.00000,642
206,58,1.353942e-01,34.00000,40.00000,599
206,59,1.268283e-01,58.00000,30.00000,653
206,60,1.257992e-01,44.00000,35.00000,602
206,61,1.273062e-01,55.00000,30.00000,1133
206,62,1.273603e-01,44.00000,36.00000,615
206,63,1.232962e-01,49.00000,30.00000,638
206,64,1.307112e-01,53.00000,30.00000,610
206,65,1.320897e-01,43.00000,35.00000,597
206,66,1.243971e-01,55.00000,30.00000,625
206,67,1.323048e-01,34.00000,36.00000,618
206,68,1.309448e-01,42.00000,36.00000,594
206,69,1.326692e-01,40.00000,35.00000,597
206,70,1.304763e-01,38.00000,35.00000,601
206,71,1.288160e-01,44.00000,35.00000,602
207,0,1.325229e-01,49.00000,30.00000,7759
207,1,1.266948e-01,41.00000,36.00000,709
207,2,1.289047e-01,43.00000,35.00000,765
207,3,1.322077e-01,42.00000,36.00000,628
207,4,1.318555e-01,40.00000,36.00000,626
207,5,1.313228e-01,42.00000,35.00000,700
207,6,1.289920e-01,45.00000,35.00000,713
207,7,1.395749e-01,48.00000,35.00000,679
207,8,1.241909e-01,52.00000,35.00000,651
207,9,1.270840e-01,49.00000,30.00000,757
207,10,1.249828e-01,54.00000,30.00000,12820
207,11,1.258326e-01,55.00000,30.00000,683
207,12,1.290185e-01,40.00000,35.00000,608
207,13,1.323418e-01,47.00000,36.00000,643
207,14,1.264985e-01,59.00000,30.00000,708
207,15,1.255704e-01,42.00000,35.00000,670
207,16,1.246313e-01,55.00000,30.00000,706
207,17,1.322257e-01,42.00000,35.00000,635
207,18,1.301701e-01,40.00000,35.00000,674
207,19,1.242131e-01,58.00000,30.00000,738
207,20,1.309218e-01,57.00000,30.00000,12582
207,21,1.287939e-01,35.00000,36.00000,631
207,22,1.309545e-01,41.00000,35.00000,585
207,23,1.317008e-01,30.00000,36.00000,631
207,24,1.267863e-01,47.00000,35.00000,640
207,25,1.338407e-01,37.00000,35.00000,634
207,26,1.258666e-01,49.00000,30.00000,671
207,27,1.287604e-01,54.00000,30.00000,648
207,28,1.362278e-01,40.00000,35.00000,570
207,29,1.327845e-01,42.00000,35.00000,653
207,30,1.289998e-01,36.00000,35.00000,10261
207,31,1.309242e-01,58.00000,30.00000,633
207,32,1.277763e-01,31.00000,36.00000,635
207,33,1.300463e-01,43.00000,36.00000,622
207,34,1.283556e-01,32.00000,36.00000,620
207,35,1.271195e-01,49.00000,35.00000,696
207,36,1.343184e-01,50.00000,30.00000,618
207,37,1.338325e-01,39.00000,35.00000,672
207,38,1.313118e-01,41.00000,35.00000,674
207,39,1.286705e-01,57.00000,30.00000,689
207,40,1.369942e-01,39.00000,36.00000,9864
207,41,1.316569e-01,45.00000,35.00000,656
207,42,1.322787e-01,35.00000,36.00000,675
207,43,1.312106e-01,48.00000,35.00000,599
207,44,1.327507e-01,35.00000,36.00000,801
207,45,1.291643e-01,46.00000,35.00000,656
207,46,1.312607e-01,43.00000,35.00000,673
207,47,1.304118e-01,37.00000,35.00000,644
207,48,1.292731e-01,56.00000,30.00000,662
207,49,1.326304e-01,36.00000,35.00000,593
207,50,1.313670e-01,36.00000,35.00000,11865
207,51,1.264413e-01,53.00000,30.00000,649
207,52,1.264521e-01,55.00000,30.00000,636
207,53,1.230913e-01,57.00000,30.00000,640
207,54,1.280106e-01,43.00000,35.00000,601
207,55,1.286943e-01,38.00000,35.00000,621
207,56,1.268669e-01,48.00000,35.00000,611
207,57,1.234845e-01,58.00000,30.00000,627
207,58,1.256411e-01,51.00000,30.00000,603
207,59,1.270716e-01,40.00000,35.00000,628
207,60,1.240633e-01,53.00000,30.00000,615
207,61,1.256939e-01,55.00000,30.00000,623
207,62,1.321236e-01,37.00000,35.00000,595
207,63,1.314245e-01,41.00000,36.00000,607
207,64,1.326199e-01,30.00000,40.00000,598
207,65,1.286460e-01,36.00000,35.00000,617
207,66,1.306307e-01,49.00000,30.00000,596
207,67,1.284499e-01,59.00000,30.00000,640
207,68,1.321729e-01,45.00000,35.00000,592
207,69,1.278552e-01,40.00000,35.00000,612
207,70,1.281272e-01,52.00000,30.00000,613
207,71,1.305376e-01,43.00000,35.00000,592
208,0,1.282822e-01,59.00000,30.00000,2672
208,1,1.332032e-01,45.00000,35.00000,645
208,2,1.275990e-01,42.00000,36.00000,645
208,3,1.309160e-01,41.00000,40.00000,691
208,4,1.275275e-01,48.00000,35.00000,723
208,5,1.303624e-01,45.00000,35.00000,645
208,6,1.241621e-01,53.00000,30.00000,673
208,7,1.351821e-01,40.00000,36.00000,617
208,8,1.320085e-01,38.00000,40.00000,610
208,9,1.293276e-01,56.00000,30.00000,736
208,10,1.281193e-01,45.00000,36.00000,764
208,11,1.368566e-01,25.00000,36.00000,648
208,12,1.278436e-01,53.00000,30.00000,3628
208,13,1.254283e-01,42.00000,35.00000,738
208,14,1.285944e-01,46.00000,36.00000,746
208,15,1.319690e-01,60.00000,30.00000,715
208,16,1.301144e-01,49.00000,30.00000,731
208,17,1.303149e-01,49.00000,30.00000,683
208,18,1.303898e-01,36.00000,36.00000,686
208,19,1.346624e-01,47.00000,35.00000,699
208,20,1.244770e-01,57.00000,30.00000,695
208,21,1.241181e-01,54.00000,30.00000,666
208,22,1.298288e-01,57.00000,30.00000,3671
208,23,1.271833e-01,57.00000,30.00000,726
208,24,1.287235e-01,44.00000,35.00000,697
208,25,1.349842e-01,45.00000,36.00000,670
208,26,1.236752e-01,52.00000,30.00000,607
208,27,1.232321e-01,46.00000,35.00000,666
208,28,1.303224e-01,49.00000,30.00000,711
208,29,1.274303e-01,54.00000,30.00000,698
208,30,1.284788e-01,49.00000,30.00000,651
208,31,1.335886e-01,38.00000,35.00000,784
208,32,1.271439e-01,46.00000,36.00000,2249
208,33,1.291508e-01,53.00000,30.00000,624
208,34,1.292903e-01,42.00000,36.00000,684
208,35,1.279001e-01,43.00000,35.00000,634
208,36,1.385126e-01,25.00000,36.00000,608
208,37,1.304074e-01,51.00000,30.00000,652
208,38,1.304195e-01,43.00000,35.00000,699
208,39,1.319682e-01,42.00000,35.00000,675
208,40,1.311346e-01,53.00000,30.00000,698
208,41,1.317996e-01,48.00000,35.00000,724
208,42,1.353724e-01,45.00000,35.00000,666
208,43,1.279354e-01,42.00000,35.00000,646
208,44,1.376173e-01,40.00000,35.00000,3725
208,45,1.268183e-01,54.00000,30.00000,626
208,46,1.335985e-01,43.00000,35.00000,609
208,47,1.282210e-01,49.00000,30.00000,718
208,48,1.269163e-01,44.00000,35.00000,713
208,49,1.283813e-01,39.00000,36.00000,668
208,50,1.275030e-01,54.00000,30.00000,633
208,51,1.254644e-01,49.00000,30.00000,624
208,52,1.295462e-01,43.00000,36.00000,697
208,53,1.280147e-01,42.00000,35.00000,708
208,54,1.291600e-01,43.00000,36.00000,2817
208,55,1.314990e-01,34.00000,36.00000,642
208,56,1.289920e-01,57.00000,30.00000,639
208,57,1.314414e-01,55.00000,30.00000,624
208,58,1.278900e-01,53.00000,30.00000,625
208,59,1.311476e-01,40.00000,40.00000,597
208,60,1.285791e-01,49.00000,30.00000,638
208,61,1.252971e-01,48.00000,35.00000,642
208,62,1.319082e-01,42.00000,35.00000,609
208,63,1.260357e-01,52.00000,30.00000,616
208,64,1.366525e-01,42.00000,35.00000,573
208,65,1.304368e-01,48.00000,35.00000,612
208,66,1.269510e-01,52.00000,30.00000,609
208,67,1.299993e-01,54.00000,30.00000,607
208,68,1.299314e-01,55.00000,30.00000,619
208,69,1.279695e-01,44.00000,35.00000,626
208,70,1.337393e-01,43.00000,35.00000,644
208,71,1.345988e-01,35.00000,36.00000,591
209,0,1.358271e-01,44.00000,35.00000,2956
209,1,1.288830e-01,41.00000,40.00000,719
209,2,1.272013e-01,43.00000,35.00000,694
209,3,1.274978e-01,49.00000,30.00000,732
209,4,1.268262e-01,51.00000,30.00000,708
209,5,1.284227e-01,45.00000,35.00000,690
209,6,1.282657e-01,49.00000,30.00000,662
209,7,1.304480e-01,48.00000,35.00000,696
209,8,1.316289e-01,36.00000,36.00000,696
209,9,1.263137e-01,49.00000,30.00000,724
209,10,1.265332e-01,48.00000,35.00000,2085
209,11,1.266556e-01,49.00000,30.00000,2342
209,12,1.315230e-01,38.00000,40.00000,2180
209,13,1.265915e-01,53.00000,30.00000,670
209,14,1.315546e-01,47.00000,35.00000,2562
209,15,1.291407e-01,55.00000,30.00000,739
209,16,1.299186e-01,41.00000,36.00000,687
209,17,1.271951e-01,49.00000,30.00000,751
209,18,1.266637e-01,52.00000,30.00000,675
209,19,1.301463e-01,36.00000,35.00000,661
209,20,1.337255e-01,40.00000,35.00000,2391
209,21,1.279291e-01,41.00000,35.00000,3724
209,22,1.307123e-01,44.00000,35.00000,693
209,23,1.283956e-01,53.00000,30.00000,661
209,24,1.244123e-01,57.00000,30.00000,1931
209,25,1.274028e-01,45.00000,35.00000,613
209,26,1.252853e-01,49.00000,30.00000,664
209,27,1.261144e-01,47.00000,35.00000,671
209,28,1.320141e-01,39.00000,40.00000,663
209,29,1.277481e-01,49.00000,30.00000,609
209,30,1.262550e-01,49.00000,30.00000,741
209,31,1.271352e-01,57.00000,30.00000,1766
209,32,1.285380e-01,43.00000,35.00000,3232
209,33,1.265519e-01,51.00000,35.00000,728
209,34,1.302358e-01,47.00000,35.00000,1292
209,35,1.261862e-01,58.00000,30.00000,757
209,36,1.306723e-01,60.00000,30.00000,652
209,37,1.277174e-01,46.00000,35.00000,680
209,38,1.259550e-01,48.00000,35.00000,715
209,39,1.255648e-01,54.00000,30.00000,698
209,40,1.297227e-01,40.00000,35.00000,647
209,41,1.366225e-01,31.00000,36.00000,608
209,42,1.281935e-01,49.00000,30.00000,633
209,43,1.259601e-01,53.00000,30.00000,737
209,44,1.291589e-01,52.00000,30.00000,4698
209,45,1.329576e-01,44.00000,36.00000,609
209,46,1.333041e-01,45.00000,35.00000,583
209,47,1.268185e-01,49.00000,35.00000,626
209,48,1.292208e-01,39.00000,40.00000,686
209,49,1.329952e-01,49.00000,30.00000,668
209,50,1.358559e-01,25.00000,36.00000,651
209,51,1.302710e-01,46.00000,36.00000,688
209,52,1.314338e-01,39.00000,36.00000,711
209,53,1.368733e-01,35.00000,36.00000,667
209,54,1.331548e-01,53.00000,30.00000,6782
209,55,1.300747e-01,43.00000,36.00000,600
209,56,1.247442e-01,53.00000,30.00000,643
209,57,1.288234e-01,59.00000,30.00000,647
209,58,1.281592e-01,54.00000,30.00000,643
209,59,1.277239e-01,41.00000,35.00000,624
209,60,1.277156e-01,52.00000,30.00000,599
209,61,1.313747e-01,44.00000,35.00000,604
209,62,1.305480e-01,51.00000,30.00000,598
209,63,1.319898e-01,49.00000,35.00000,611
209,64,1.278632e-01,57.00000,30.00000,634
209,65,1.355929e-01,35.00000,36.00000,604
209,66,1.307486e-01,42.00000,36.00000,600
209,67,1.400672e-01,25.00000,36.00000,572
209,68,1.313002e-01,37.00000,36.00000,604
209,69,1.280397e-01,48.00000,35.00000,637
209,70,1.288561e-01,57.00000,30.00000,641
209,71,1.349993e-01,49.00000,30.00000,613
210,0,1.349036e-01,49.00000,30.00000,5251
210,1,1.331529e-01,40.00000,35.00000,682
210,2,1.266464e-01,45.00000,35.00000,692
210,3,1.282958e-01,53.00000,30.00000,672
210,4,1.370503e-01,37.00000,36.00000,632
210,5,1.296128e-01,47.00000,35.00000,664
210,6,1.289733e-01,40.00000,36.00000,652
210,7,1.246046e-01,53.00000,30.00000,750
210,8,1.321988e-01,47.00000,35.00000,702
210,9,1.281319e-01,51.00000,30.00000,665
210,10,1.250906e-01,46.00000,35.00000,693
210,11,1.354066e-01,37.00000,36.00000,630
210,12,1.264644e-01,55.00000,30.00000,789
210,13,1.351382e-01,37.00000,35.00000,1034
210,14,1.283487e-01,41.00000,36.00000,690
210,15,1.308714e-01,54.00000,30.00000,672
210,16,1.292113e-01,51.00000,30.00000,719
210,17,1.296933e-01,49.00000,30.00000,652
210,18,1.234012e-01,58.00000,30.00000,698
210,19,1.336858e-01,45.00000,35.00000,696
210,20,1.278582e-01,40.00000,40.00000,683
210,21,1.299500e-01,59.00000,30.00000,755
210,22,1.356523e-01,47.00000,35.00000,630
210,23,1.281658e-01,41.00000,36.00000,2957
210,24,1.255656e-01,55.00000,30.00000,652
210,25,1.331792e-01,49.00000,30.00000,647
210,26,1.260610e-01,46.00000,35.00000,724
210,27,1.290815e-01,57.00000,30.00000,725
210,28,1.320236e-01,39.00000,36.00000,690
210,29,1.337769e-01,51.00000,30.00000,714
210,30,1.337367e-01,38.00000,35.00000,662
210,31,1.312300e-01,43.00000,35.00000,670
210,32,1.338360e-01,37.00000,35.00000,659
210,33,1.377391e-01,35.00000,36.00000,3209
210,34,1.340456e-01,42.00000,36.00000,630
210,35,1.370581e-01,37.00000,40.00000,568
210,36,1.322501e-01,31.00000,36.00000,698
210,37,1.324310e-01,37.00000,36.00000,696
210,38,1.337843e-01,49.00000,30.00000,590
210,39,1.255073e-01,49.00000,30.00000,768
210,40,1.282188e-01,48.00000,35.00000,708
210,41,1.304836e-01,53.00000,30.00000,671
210,42,1.314749e-01,37.00000,35.00000,688
210,43,1.281313e-01,46.00000,35.00000,3163
210,44,1.312816e-01,42.00000,35.00000,686
210,45,1.266156e-01,53.00000,30.00000,688
210,46,1.323767e-01,49.00000,30.00000,648
210,47,1.268051e-01,47.00000,35.00000,716
210,48,1.279860e-01,57.00000,30.00000,693
210,49,1.325014e-01,41.00000,40.00000,718
210,50,1.307289e-01,49.00000,30.00000,644
210,51,1.297084e-01,40.00000,35.00000,680
210,52,1.300221e-01,57.00000,30.00000,648
210,53,1.347795e-01,25.00000,36.00000,678
210,54,1.281995e-01,54.00000,30.00000,638
210,55,1.279269e-01,51.00000,35.00000,610
210,56,1.240843e-01,54.00000,30.00000,628
210,57,1.297386e-01,49.00000,30.00000,624
210,58,1.282423e-01,49.00000,30.00000,609
210,59,1.304424e-01,53.00000,30.00000,620
210,60,1.273415e-01,55.00000,30.00000,625
210,61,1.320634e-01,31.00000,36.00000,626
210,62,1.330326e-01,53.00000,30.00000,609
210,63,1.384035e-01,35.00000,36.00000,561
210,64,1.275848e-01,59.00000,30.00000,640
210,65,1.277696e-01,46.00000,35.00000,608
210,66,1.329749e-01,40.00000,35.00000,591
210,67,1.322103e-01,39.00000,35.00000,610
210,68,1.327740e-01,47.00000,36.00000,602
210,69,1.319614e-01,37.00000,36.00000,620
210,70,1.418535e-01,25.00000,36.00000,607
210,71,1.355649e-01,45.00000,35.00000,570
211,0,1.304985e-01,48.00000,35.00000,4497
211,1,1.293960e-01,48.00000,35.00000,626
211,2,1.329165e-01,41.00000,35.00000,1160
211,3,1.362344e-01,45.00000,35.00000,638
211,4,1.293368e-01,58.00000,30.00000,763
211,5,1.325415e-01,37.00000,36.00000,607
211,6,1.286509e-01,42.00000,35.00000,704
211,7,1.322931e-01,40.00000,35.00000,647
211,8,1.300275e-01,49.00000,30.00000,756
211,9,1.259873e-01,53.00000,30.00000,733
211,10,1.251367e-01,49.00000,30.00000,811
211,11,1.324260e-01,51.00000,35.00000,687
211,12,1.295421e-01,49.00000,30.00000,2410
211,13,1.289313e-01,46.00000,36.00000,658
211,14,1.334247e-01,49.00000,30.00000,676
211,15,1.359742e-01,30.00000,36.00000,1213
211,16,1.296535e-01,48.00000,35.00000,727
211,17,1.290465e-01,50.00000,30.00000,1937
211,18,1.288248e-01,44.00000,36.00000,629
211,19,1.328007e-01,49.00000,35.00000,700
211,20,1.310695e-01,48.00000,35.00000,650
211,21,1.308420e-01,45.00000,35.00000,616
211,22,1.320973e-01,49.00000,30.00000,3322
211,23,1.294891e-01,42.00000,35.00000,587
211,24,1.343568e-01,49.00000,35.00000,758
211,25,1.309433e-01,41.00000,36.00000,669
211,26,1.303308e-01,49.00000,30.00000,695
211,27,1.308505e-01,52.00000,30.00000,4134
211,28,1.346723e-01,38.00000,35.00000,682
211,29,1.306484e-01,41.00000,35.00000,642
211,30,1.328340e-01,45.00000,35.00000,701
211,31,1.352126e-01,47.00000,35.00000,658
211,32,1.294004e-01,35.00000,36.00000,6860
211,33,1.293405e-01,48.00000,35.00000,663
211,34,1.367848e-01,43.00000,36.00000,586
211,35,1.319566e-01,40.00000,36.00000,766
211,36,1.331325e-01,49.00000,30.00000,623
211,37,1.298238e-01,44.00000,35.00000,1107
211,38,1.333092e-01,44.00000,35.00000,652
211,39,1.325536e-01,49.00000,30.00000,708
211,40,1.351942e-01,54.00000,30.00000,696
211,41,1.341867e-01,49.00000,30.00000,730
211,42,1.305345e-01,59.00000,30.00000,9196
211,43,1.296367e-01,52.00000,30.00000,686
211,44,1.329705e-01,37.00000,40.00000,671
211,45,1.292058e-01,49.00000,30.00000,637
211,46,1.372793e-01,40.00000,36.00000,715
211,47,1.373778e-01,35.00000,36.00000,1497
211,48,1.326918e-01,46.00000,35.00000,620
211,49,1.348461e-01,31.00000,36.00000,738
211,50,1.413207e-01,25.00000,36.00000,594
211,51,1.291661e-01,37.00000,36.00000,759
211,52,1.332975e-01,36.00000,35.00000,10849
211,53,1.290959e-01,45.00000,35.00000,607
211,54,1.373069e-01,41.00000,35.00000,611
211,55,1.342326e-01,49.00000,30.00000,602
211,56,1.311149e-01,45.00000,35.00000,604
211,57,1.269631e-01,55.00000,30.00000,618
211,58,1.296189e-01,38.00000,35.00000,607
211,59,1.292026e-01,55.00000,30.00000,623
211,60,1.384978e-01,41.00000,35.00000,566
211,61,1.273711e-01,54.00000,30.00000,608
211,62,1.281941e-01,46.00000,35.00000,601
211,63,1.284634e-01,49.00000,30.00000,597
211,64,1.301541e-01,53.00000,30.00000,608
211,65,1.294702e-01,43.00000,36.00000,629
211,66,1.326762e-01,40.00000,36.00000,608
211,67,1.298155e-01,57.00000,30.00000,629
211,68,1.336373e-01,42.00000,35.00000,586
211,69,1.391822e-01,37.00000,35.00000,555
211,70,1.372410e-01,46.00000,35.00000,594
211,71,1.340422e-01,25.00000,36.00000,621
212,0,1.309797e-01,52.00000,30.00000,5032
212,1,1.331033e-01,59.00000,30.00000,2379
212,2,1.339238e-01,31.00000,36.00000,597
212,3,1.398821e-01,30.00000,36.00000,1167
212,4,1.270740e-01,55.00000,30.00000,707
212,5,1.282677e-01,57.00000,30.00000,718
212,6,1.296617e-01,53.00000,30.00000,655
212,7,1.276252e-01,46.00000,35.00000,757
212,8,1.288659e-01,38.00000,36.00000,675
212,9,1.290019e-01,52.00000,30.00000,665
212,10,1.327190e-01,42.00000,35.00000,6158
212,11,1.327808e-01,43.00000,35.00000,668
212,12,1.307339e-01,48.00000,35.00000,625
212,13,1.327753e-01,31.00000,36.00000,681
212,14,1.373807e-01,30.00000,36.00000,598
212,15,1.281359e-01,55.00000,30.00000,781
212,16,1.338126e-01,40.00000,35.00000,736
212,17,1.285540e-01,49.00000,30.00000,763
212,18,1.324310e-01,49.00000,30.00000,674
212,19,1.315058e-01,56.00000,30.00000,771
212,20,1.307584e-01,42.00000,36.00000,5579
212,21,1.324180e-01,53.00000,30.00000,643
212,22,1.311909e-01,56.00000,30.00000,732
212,23,1.297342e-01,39.00000,36.00000,669
212,24,1.339591e-01,43.00000,36.00000,664
212,25,1.345825e-01,49.00000,30.00000,685
212,26,1.300134e-01,51.00000,30.00000,730
212,27,1.344890e-01,43.00000,35.00000,669
212,28,1.302271e-01,53.00000,30.00000,723
212,29,1.290812e-01,48.00000,35.00000,695
212,30,1.293067e-01,53.00000,30.00000,4827
212,31,1.273323e-01,54.00000,30.00000,690
212,32,1.284835e-01,50.00000,30.00000,605
212,33,1.282812e-01,51.00000,30.00000,663
212,34,1.349299e-01,42.00000,35.00000,634
212,35,1.297725e-01,40.00000,35.00000,680
212,36,1.323815e-01,49.00000,30.00000,687
212,37,1.343722e-01,40.00000,35.00000,590
212,38,1.280725e-01,47.00000,35.00000,705
212,39,1.321938e-01,41.00000,36.00000,646
212,40,1.302213e-01,39.00000,36.00000,7417
212,41,1.288541e-01,55.00000,30.00000,718
212,42,1.305098e-01,35.00000,36.00000,595
212,43,1.302676e-01,53.00000,30.00000,669
212,44,1.259687e-01,58.00000,30.00000,693
212,45,1.324044e-01,44.00000,35.00000,685
212,46,1.306364e-01,39.00000,35.00000,626
212,47,1.303207e-01,46.00000,35.00000,675
212,48,1.332739e-01,54.00000,30.00000,670
212,49,1.267854e-01,53.00000,30.00000,752
212,50,1.312518e-01,41.00000,35.00000,7649
212,51,1.286919e-01,49.00000,30.00000,637
212,52,1.297671e-01,51.00000,30.00000,600
212,53,1.297488e-01,49.00000,30.00000,629
212,54,1.303016e-01,49.00000,30.00000,642
212,55,1.325476e-01,41.00000,35.00000,587
212,56,1.304600e-01,47.00000,35.00000,594
212,57,1.326279e-01,36.00000,36.00000,619
212,58,1.346686e-01,49.00000,30.00000,597
212,59,1.278370e-01,49.00000,30.00000,622
212,60,1.325497e-01,31.00000,36.00000,788
212,61,1.290252e-01,49.00000,30.00000,616
212,62,1.356356e-01,35.00000,36.00000,594
212,63,1.335872e-01,53.00000,30.00000,617
212,64,1.339934e-01,47.00000,36.00000,599
212,65,1.335707e-01,37.00000,35.00000,614
212,66,1.331196e-01,57.00000,30.00000,631
212,67,1.310118e-01,44.00000,35.00000,623
212,68,1.284339e-01,48.00000,35.00000,621
212,69,1.372754e-01,36.00000,35.00000,593
212,70,1.315960e-01,42.00000,35.00000,601
212,71,1.298661e-01,49.00000,30.00000,615
213,0,1.331191e-01,43.00000,35.00000,834
213,1,1.325730e-01,46.00000,35.00000,661
213,2,1.334135e-01,47.00000,35.00000,1087
213,3,1.266058e-01,55.00000,30.00000,1269
213,4,1.366096e-01,40.00000,35.00000,656
213,5,1.335415e-01,36.00000,36.00000,675
213,6,1.360849e-01,47.00000,35.00000,694
213,7,1.348351e-01,42.00000,35.00000,699
213,8,1.364871e-01,37.00000,36.00000,565
213,9,1.296397e-01,49.00000,30.00000,800
213,10,1.298445e-01,41.00000,35.00000,6052
213,11,1.333406e-01,43.00000,36.00000,660
213,12,1.299482e-01,53.00000,30.00000,683
213,13,1.294306e-01,53.00000,30.00000,692
213,14,1.294395e-01,49.00000,30.00000,687
213,15,1.303125e-01,42.00000,35.00000,711
213,16,1.310033e-01,53.00000,30.00000,666
213,17,1.288273e-01,46.00000,35.00000,790
213,18,1.310549e-01,53.00000,30.00000,696
213,19,1.307213e-01,45.00000,35.00000,634
213,20,1.282662e-01,47.00000,35.00000,9519
213,21,1.300242e-01,54.00000,30.00000,679
213,22,1.315352e-01,49.00000,30.00000,652
213,23,1.298522e-01,43.00000,35.00000,638
213,24,1.329033e-01,44.00000,35.00000,679
213,25,1.318607e-01,44.00000,35.00000,696
213,26,1.329825e-01,45.00000,35.00000,684
213,27,1.321189e-01,31.00000,36.00000,676
213,28,1.345384e-01,42.00000,35.00000,678
213,29,1.288805e-01,54.00000,30.00000,672
213,30,1.320477e-01,55.00000,30.00000,4233
213,31,1.325083e-01,46.00000,35.00000,674
213,32,1.311348e-01,42.00000,35.00000,664
213,33,1.387891e-01,42.00000,35.00000,568
213,34,1.339062e-01,43.00000,36.00000,721
213,35,1.289173e-01,49.00000,30.00000,598
213,36,1.329060e-01,49.00000,30.00000,748
213,37,1.300355e-01,43.00000,36.00000,687
213,38,1.314885e-01,49.00000,30.00000,636
213,39,1.321481e-01,48.00000,35.00000,655
213,40,1.356999e-01,38.00000,35.00000,757
213,41,1.314405e-01,49.00000,30.00000,755
213,42,1.306641e-01,51.00000,30.00000,649
213,43,1.328086e-01,55.00000,30.00000,654
213,44,1.304051e-01,55.00000,30.00000,710
213,45,1.326662e-01,43.00000,36.00000,669
213,46,1.361044e-01,43.00000,36.00000,651
213,47,1.316431e-01,42.00000,35.00000,659
213,48,1.358314e-01,25.00000,36.00000,679
213,49,1.362008e-01,47.00000,35.00000,714
213,50,1.288386e-01,55.00000,30.00000,738
213,51,1.352203e-01,38.00000,36.00000,646
213,52,1.347064e-01,49.00000,30.00000,638
213,53,1.333289e-01,53.00000,30.00000,643
213,54,1.357365e-01,51.00000,35.00000,610
213,55,1.359602e-01,35.00000,36.00000,608
213,56,1.361852e-01,49.00000,30.00000,624
213,57,1.365536e-01,42.00000,35.00000,574
213,58,1.266429e-01,42.00000,35.00000,627
213,59,1.313892e-01,41.00000,36.00000,614
213,60,1.300552e-01,42.00000,36.00000,613
213,61,1.397720e-01,35.00000,36.00000,569
213,62,1.357959e-01,53.00000,30.00000,609
213,63,1.365419e-01,40.00000,35.00000,595
213,64,1.433041e-01,36.00000,36.00000,571
213,65,1.350398e-01,44.00000,35.00000,601
213,66,1.362451e-01,36.00000,40.00000,603
213,67,1.321586e-01,49.00000,30.00000,596
213,68,1.419478e-01,45.00000,36.00000,585
213,69,1.383350e-01,46.00000,35.00000,589
213,70,1.384770e-01,35.00000,36.00000,572
213,71,1.337312e-01,46.00000,35.00000,611
214,0,1.419610e-01,25.00000,36.00000,15568
214,1,1.342511e-01,44.00000,35.00000,1161
214,2,1.336269e-01,41.00000,36.00000,723
214,3,1.327390e-01,53.00000,30.00000,691
214,4,1.339015e-01,44.00000,40.00000,666
214,5,1.364686e-01,45.00000,35.00000,714
214,6,1.306549e-01,58.00000,30.00000,733
214,7,1.357466e-01,25.00000,36.00000,572
214,8,1.394621e-01,54.00000,30.00000,649
214,9,1.359273e-01,47.00000,35.00000,670
214,10,1.307426e-01,44.00000,35.00000,2066
214,11,1.314119e-01,57.00000,30.00000,3331
214,12,1.328349e-01,46.00000,35.00000,669
214,13,1.419291e-01,38.00000,36.00000,670
214,14,1.268183e-01,49.00000,35.00000,5343
214,15,1.368562e-01,43.00000,36.00000,657
214,16,1.364968e-01,49.00000,30.00000,757
214,17,1.320287e-01,37.00000,36.00000,668
214,18,1.371208e-01,25.00000,36.00000,598
214,19,1.369245e-01,55.00000,30.00000,762
214,20,1.295587e-01,53.00000,30.00000,5102
214,21,1.324118e-01,56.00000,30.00000,5530
214,22,1.303887e-01,54.00000,30.00000,694
214,23,1.356865e-01,40.00000,35.00000,653
214,24,1.314109e-01,53.00000,30.00000,3073
214,25,1.378866e-01,34.00000,36.00000,666
214,26,1.380432e-01,42.00000,35.00000,576
214,27,1.325274e-01,36.00000,36.00000,691
214,28,1.339560e-01,53.00000,30.00000,679
214,29,1.317443e-01,39.00000,35.00000,712
214,30,1.354244e-01,31.00000,36.00000,2773
214,31,1.420588e-01,37.00000,36.00000,5563
214,32,1.319834e-01,38.00000,35.00000,667
214,33,1.356463e-01,45.00000,35.00000,683
214,34,1.335530e-01,37.00000,36.00000,4254
214,35,1.307472e-01,49.00000,30.00000,1128
214,36,1.313486e-01,44.00000,35.00000,703
214,37,1.337660e-01,38.00000,36.00000,667
214,38,1.315411e-01,57.00000,30.00000,723
214,39,1.345002e-01,40.00000,40.00000,676
214,40,1.340551e-01,40.00000,35.00000,703
214,41,1.295081e-01,52.00000,30.00000,8332
214,42,1.306404e-01,45.00000,35.00000,692
214,43,1.354254e-01,44.00000,35.00000,1864
214,44,1.322879e-01,37.00000,36.00000,698
214,45,1.323712e-01,37.00000,40.00000,648
214,46,1.300356e-01,49.00000,30.00000,702
214,47,1.393112e-01,42.00000,36.00000,631
214,48,1.339029e-01,49.00000,30.00000,712
214,49,1.298400e-01,48.00000,35.00000,683
214,50,1.361947e-01,49.00000,30.00000,2956
214,51,1.353400e-01,35.00000,36.00000,7690
214,52,1.281501e-01,58.00000,30.00000,680
214,53,1.317483e-01,57.00000,30.00000,2325
214,54,1.301986e-01,43.00000,35.00000,626
214,55,1.300050e-01,54.00000,30.00000,617
214,56,1.376128e-01,30.00000,36.00000,593
214,57,1.359752e-01,43.00000,35.00000,601
214,58,1.316152e-01,56.00000,30.00000,625
214,59,1.342312e-01,49.00000,30.00000,633
214,60,1.311572e-01,56.00000,30.00000,631
214,61,1.307489e-01,54.00000,30.00000,614
214,62,1.312360e-01,49.00000,35.00000,597
214,63,1.330830e-01,49.00000,35.00000,623
214,64,1.279550e-01,49.00000,30.00000,609
214,65,1.376788e-01,37.00000,36.00000,570
214,66,1.319599e-01,31.00000,36.00000,635
214,67,1.361463e-01,37.00000,36.00000,614
214,68,1.370361e-01,57.00000,30.00000,629
214,69,1.398584e-01,42.00000,35.00000,575
214,70,1.374769e-01,37.00000,36.00000,602
214,71,1.336250e-01,45.00000,35.00000,588
215,0,1.341348e-01,52.00000,30.00000,10918
215,1,1.323562e-01,43.00000,35.00000,583
215,2,1.348426e-01,36.00000,36.00000,716
215,3,1.328130e-01,45.00000,35.00000,740
215,4,1.329857e-01,45.00000,35.00000,601
215,5,1.341722e-01,49.00000,30.00000,742
215,6,1.358376e-01,55.00000,30.00000,672
215,7,1.299493e-01,43.00000,36.00000,657
215,8,1.339340e-01,35.00000,36.00000,689
215,9,1.243787e-01,57.00000,30.00000,740
215,10,1.293053e-01,46.00000,35.00000,6374
215,11,1.295376e-01,36.00000,35.00000,2670
215,12,1.353399e-01,36.00000,35.00000,654
215,13,1.417063e-01,25.00000,36.00000,616
215,14,1.313016e-01,49.00000,30.00000,754
215,15,1.297269e-01,58.00000,30.00000,705
215,16,1.292253e-01,50.00000,30.00000,716
215,17,1.300917e-01,49.00000,30.00000,685
215,18,1.336291e-01,54.00000,30.00000,649
215,19,1.312232e-01,47.00000,36.00000,712
215,20,1.303731e-01,36.00000,36.00000,9947
215,21,1.337843e-01,55.00000,30.00000,662
215,22,1.339598e-01,56.00000,30.00000,645
215,23,1.353672e-01,37.00000,35.00000,735
215,24,1.330250e-01,53.00000,30.00000,669
215,25,1.358085e-01,35.00000,36.00000,680
215,26,1.327360e-01,49.00000,30.00000,684
215,27,1.319350e-01,53.00000,30.00000,680
215,28,1.301428e-01,44.00000,35.00000,764
215,29,1.302780e-01,43.00000,36.00000,782
215,30,1.366523e-01,31.00000,36.00000,8314
215,31,1.423683e-01,36.00000,36.00000,676
215,32,1.308891e-01,49.00000,30.00000,685
215,33,1.367865e-01,47.00000,35.00000,716
215,34,1.309544e-01,53.00000,30.00000,674
215,35,1.303773e-01,57.00000,30.00000,727
215,36,1.350754e-01,45.00000,35.00000,667
215,37,1.368844e-01,31.00000,36.00000,681
215,38,1.319854e-01,46.00000,35.00000,727
215,39,1.269111e-01,54.00000,30.00000,637
215,40,1.252656e-01,61.00000,30.00000,9896
215,41,1.287892e-01,55.00000,30.00000,671
215,42,1.310348e-01,42.00000,36.00000,715
215,43,1.286807e-01,54.00000,30.00000,718
215,44,1.365240e-01,52.00000,30.00000,701
215,45,1.407938e-01,38.00000,35.00000,570
215,46,1.311285e-01,55.00000,30.00000,672
215,47,1.296707e-01,51.00000,30.00000,638
215,48,1.306023e-01,54.00000,30.00000,638
215,49,1.302867e-01,40.00000,35.00000,698
215,50,1.340834e-01,46.00000,35.00000,7444
215,51,1.310712e-01,55.00000,30.00000,2646
215,52,1.295561e-01,48.00000,35.00000,679
215,53,1.319687e-01,43.00000,35.00000,720
215,54,1.316513e-01,44.00000,35.00000,687
215,55,1.334951e-01,40.00000,35.00000,681
215,56,1.285629e-01,48.00000,35.00000,648
215,57,1.299744e-01,54.00000,30.00000,638
215,58,1.329928e-01,57.00000,30.00000,665
215,59,1.347557e-01,43.00000,35.00000,618
215,60,1.295213e-01,46.00000,35.00000,3007
215,61,1.339742e-01,49.00000,35.00000,593
215,62,1.297862e-01,58.00000,30.00000,624
215,63,1.321203e-01,53.00000,30.00000,608
215,64,1.302487e-01,55.00000,30.00000,618
215,65,1.321088e-01,41.00000,35.00000,604
215,66,1.322770e-01,44.00000,35.00000,636
215,67,1.341420e-01,36.00000,36.00000,634
215,68,1.305190e-01,46.00000,35.00000,635
215,69,1.292992e-01,57.00000,30.00000,629
215,70,1.299952e-01,55.00000,30.00000,619
215,71,1.306918e-01,49.00000,35.00000,621
216,0,1.340924e-01,45.00000,35.00000,691
216,1,1.295735e-01,48.00000,35.00000,2167
216,2,1.391423e-01,47.00000,36.00000,654
216,3,1.338658e-01,56.00000,30.00000,683
216,4,1.316989e-01,47.00000,35.00000,709
216,5,1.335540e-01,43.00000,35.00000,707
216,6,1.314250e-01,47.00000,35.00000,690
216,7,1.310054e-01,45.00000,35.00000,667
216,8,1.358884e-01,35.00000,36.00000,665
216,9,1.384109e-01,42.00000,35.00000,696
216,10,1.359034e-01,53.00000,30.00000,788
216,11,1.294889e-01,42.00000,35.00000,1087
216,12,1.326185e-01,46.00000,36.00000,3581
216,13,1.346184e-01,46.00000,35.00000,686
216,14,1.329535e-01,49.00000,30.00000,599
216,15,1.330789e-01,59.00000,30.00000,819
216,16,1.306029e-01,45.00000,35.00000,641
216,17,1.318255e-01,44.00000,35.00000,694
216,18,1.344280e-01,36.00000,40.00000,638
216,19,1.353696e-01,44.00000,35.00000,584
216,20,1.323548e-01,49.00000,30.00000,2321
216,21,1.326840e-01,44.00000,35.00000,674
216,22,1.278037e-01,45.00000,35.00000,5460
216,23,1.346335e-01,42.00000,36.00000,646
216,24,1.322815e-01,49.00000,30.00000,708
216,25,1.326254e-01,41.00000,36.00000,681
216,26,1.303893e-01,53.00000,30.00000,701
216,27,1.376445e-01,42.00000,35.00000,617
216,28,1.350250e-01,51.00000,35.00000,644
216,29,1.364778e-01,37.00000,40.00000,715
216,30,1.334707e-01,49.00000,35.00000,696
216,31,1.309484e-01,49.00000,30.00000,602
216,32,1.299403e-01,57.00000,30.00000,10467
216,33,1.400257e-01,49.00000,30.00000,656
216,34,1.331300e-01,49.00000,30.00000,623
216,35,1.332797e-01,46.00000,35.00000,683
216,36,1.302278e-01,57.00000,30.00000,697
216,37,1.343433e-01,40.00000,36.00000,661
216,38,1.353749e-01,49.00000,36.00000,678
216,39,1.338849e-01,37.00000,36.00000,673
216,40,1.358934e-01,49.00000,35.00000,704
216,41,1.323605e-01,55.00000,30.00000,693
216,42,1.294748e-01,40.00000,36.00000,7220
216,43,1.310447e-01,44.00000,35.00000,674
216,44,1.303754e-01,49.00000,30.00000,680
216,45,1.335097e-01,46.00000,35.00000,673
216,46,1.272344e-01,55.00000,30.00000,736
216,47,1.327770e-01,41.00000,35.00000,630
216,48,1.324580e-01,39.00000,35.00000,699
216,49,1.304175e-01,54.00000,30.00000,706
216,50,1.318110e-01,49.00000,30.00000,680
216,51,1.296347e-01,52.00000,30.00000,679
216,52,1.369785e-01,44.00000,36.00000,8735
216,53,1.373139e-01,53.00000,30.00000,644
216,54,1.349925e-01,57.00000,30.00000,647
216,55,1.279306e-01,53.00000,30.00000,637
216,56,1.320311e-01,53.00000,30.00000,620
216,57,1.402047e-01,25.00000,36.00000,623
216,58,1.295744e-01,49.00000,30.00000,615
216,59,1.339453e-01,53.00000,30.00000,618
216,60,1.382957e-01,34.00000,36.00000,585
216,61,1.413970e-01,35.00000,36.00000,580
216,62,1.330236e-01,41.00000,36.00000,620
216,63,1.298249e-01,44.00000,35.00000,621
216,64,1.324408e-01,39.00000,35.00000,600
216,65,1.295996e-01,56.00000,30.00000,614
216,66,1.312214e-01,49.00000,30.00000,594
216,67,1.335726e-01,49.00000,30.00000,590
216,68,1.310886e-01,57.00000,30.00000,632
216,69,1.362874e-01,42.00000,35.00000,588
216,70,1.307226e-01,48.00000,35.00000,621
216,71,1.375629e-01,30.00000,36.00000,595
217,0,1.343513e-01,49.00000,30.00000,1157
217,1,1.348895e-01,30.00000,36.00000,1509
217,2,1.270704e-01,57.00000,30.00000,725
217,3,1.402395e-01,33.00000,40.00000,676
217,4,1.324811e-01,49.00000,30.00000,647
217,5,1.294001e-01,49.00000,30.00000,726
217,6,1.301177e-01,57.00000,30.00000,717
217,7,1.394348e-01,35.00000,36.00000,657
217,8,1.410769e-01,53.00000,30.00000,732
217,9,1.307980e-01,43.00000,36.00000,709
217,10,1.404483e-01,49.00000,30.00000,711
217,11,1.322924e-01,43.00000,35.00000,676
217,12,1.345200e-01,44.00000,36.00000,649
217,13,1.329244e-01,54.00000,30.00000,717
217,14,1.398266e-01,42.00000,36.00000,1079
217,15,1.333176e-01,46.00000,35.00000,632
217,16,1.325297e-01,40.00000,35.00000,796
217,17,1.340133e-01,49.00000,30.00000,647
217,18,1.328828e-01,31.00000,36.00000,702
217,19,1.321792e-01,49.00000,30.00000,655
217,20,1.330666e-01,49.00000,30.00000,723
217,21,1.321101e-01,43.00000,35.00000,647
217,22,1.345426e-01,37.00000,40.00000,2714
217,23,1.346838e-01,56.00000,30.00000,672
217,24,1.335704e-01,53.00000,30.00000,2732
217,25,1.357434e-01,49.00000,30.00000,765
217,26,1.324631e-01,44.00000,35.00000,703
217,27,1.355007e-01,49.00000,30.00000,679
217,28,1.312876e-01,47.00000,35.00000,614
217,29,1.333251e-01,38.00000,40.00000,739
217,30,1.304137e-01,52.00000,30.00000,702
217,31,1.270909e-01,54.00000,30.00000,1255
217,32,1.375589e-01,42.00000,35.00000,2333
217,33,1.339629e-01,46.00000,35.00000,723
217,34,1.354453e-01,49.00000,30.00000,2079
217,35,1.333297e-01,48.00000,35.00000,631
217,36,1.310955e-01,48.00000,35.00000,704
217,37,1.365439e-01,35.00000,36.00000,684
217,38,1.306051e-01,55.00000,30.00000,747
217,39,1.337209e-01,42.00000,35.00000,708
217,40,1.355994e-01,58.00000,30.00000,694
217,41,1.322032e-01,41.00000,35.00000,1952
217,42,1.310609e-01,45.00000,36.00000,2106
217,43,1.380212e-01,45.00000,35.00000,594
217,44,1.306355e-01,53.00000,30.00000,2115
217,45,1.384450e-01,42.00000,35.00000,648
217,46,1.302174e-01,49.00000,30.00000,683
217,47,1.324322e-01,49.00000,30.00000,668
217,48,1.287120e-01,49.00000,35.00000,675
217,49,1.294600e-01,49.00000,30.00000,692
217,50,1.326901e-01,49.00000,30.00000,729
217,51,1.324789e-01,41.00000,36.00000,1493
217,52,1.342289e-01,45.00000,35.00000,576
217,53,1.338184e-01,45.00000,35.00000,648
217,54,1.303817e-01,48.00000,35.00000,682
217,55,1.329659e-01,41.00000,35.00000,664
217,56,1.304697e-01,46.00000,35.00000,682
217,57,1.336562e-01,49.00000,30.00000,659
217,58,1.377925e-01,38.00000,35.00000,605
217,59,1.313481e-01,46.00000,35.00000,604
217,60,1.300611e-01,49.00000,30.00000,613
217,61,1.281055e-01,56.00000,30.00000,1492
217,62,1.345404e-01,41.00000,35.00000,605
217,63,1.408816e-01,50.00000,30.00000,583
217,64,1.362627e-01,36.00000,36.00000,603
217,65,1.348900e-01,56.00000,30.00000,613
217,66,1.294300e-01,57.00000,30.00000,633
217,67,1.307622e-01,59.00000,30.00000,642
217,68,1.347004e-01,37.00000,36.00000,608
217,69,1.346094e-01,42.00000,36.00000,593
217,70,1.369403e-01,43.00000,35.00000,618
217,71,1.372698e-01,31.00000,36.00000,596
218,0,1.383442e-01,31.00000,36.00000,8166
218,1,1.362111e-01,43.00000,35.00000,747
218,2,1.379937e-01,40.00000,35.00000,611
218,3,1.332371e-01,53.00000,30.00000,792
218,4,1.336352e-01,54.00000,30.00000,607
218,5,1.319629e-01,43.00000,35.00000,674
218,6,1.405728e-01,36.00000,36.00000,739
218,7,1.317759e-01,49.00000,35.00000,655
218,8,1.387326e-01,44.00000,35.00000,623
218,9,1.338644e-01,47.00000,35.00000,689
218,10,1.345283e-01,44.00000,35.00000,3028
218,11,1.328753e-01,45.00000,35.00000,728
218,12,1.344134e-01,45.00000,35.00000,671
218,13,1.342171e-01,40.00000,36.00000,614
218,14,1.296977e-01,56.00000,30.00000,686
218,15,1.343608e-01,44.00000,35.00000,697
218,16,1.306946e-01,56.00000,30.00000,705
218,17,1.308474e-01,59.00000,30.00000,716
218,18,1.288918e-01,50.00000,35.00000,686
218,19,1.350212e-01,42.00000,36.00000,721
218,20,1.318070e-01,56.00000,30.00000,5004
218,21,1.366206e-01,42.00000,35.00000,615
218,22,1.309956e-01,40.00000,36.00000,659
218,23,1.302552e-01,53.00000,30.00000,699
218,24,1.322132e-01,46.00000,35.00000,668
218,25,1.323118e-01,57.00000,30.00000,760
218,26,1.340262e-01,55.00000,30.00000,695
218,27,1.329712e-01,49.00000,35.00000,742
218,28,1.305167e-01,54.00000,30.00000,695
218,29,1.330074e-01,43.00000,35.00000,645
218,30,1.315710e-01,55.00000,30.00000,2881
218,31,1.328323e-01,55.00000,30.00000,687
218,32,1.368062e-01,42.00000,35.00000,639
218,33,1.322291e-01,49.00000,30.00000,635
218,34,1.313394e-01,38.00000,40.00000,803
218,35,1.346870e-01,38.00000,36.00000,663
218,36,1.318149e-01,46.00000,35.00000,700
218,37,1.321952e-01,53.00000,30.00000,677
218,38,1.305004e-01,58.00000,30.00000,719
218,39,1.303681e-01,54.00000,30.00000,659
218,40,1.326758e-01,50.00000,35.00000,2845
218,41,1.391616e-01,47.00000,35.00000,638
218,42,1.344966e-01,43.00000,35.00000,720
218,43,1.346665e-01,49.00000,30.00000,657
218,44,1.304099e-01,49.00000,30.00000,641
218,45,1.354230e-01,36.00000,35.00000,700
218,46,1.355645e-01,37.00000,36.00000,687
218,47,1.368665e-01,40.00000,36.00000,816
218,48,1.330236e-01,53.00000,30.00000,686
218,49,1.332298e-01,49.00000,30.00000,695
218,50,1.310006e-01,49.00000,35.00000,8124
218,51,1.313522e-01,53.00000,30.00000,647
218,52,1.374458e-01,44.00000,35.00000,615
218,53,1.311540e-01,55.00000,30.00000,718
218,54,1.376993e-01,31.00000,36.00000,579
218,55,1.355571e-01,39.00000,35.00000,628
218,56,1.349147e-01,36.00000,35.00000,648
218,57,1.362318e-01,46.00000,35.00000,610
218,58,1.333067e-01,53.00000,30.00000,618
218,59,1.282984e-01,57.00000,30.00000,633
218,60,1.305076e-01,48.00000,35.00000,620
218,61,1.334764e-01,47.00000,35.00000,594
218,62,1.307018e-01,53.00000,30.00000,619
218,63,1.329095e-01,49.00000,30.00000,604
218,64,1.295977e-01,46.00000,35.00000,648
218,65,1.308902e-01,52.00000,30.00000,613
218,66,1.291625e-01,48.00000,35.00000,632
218,67,1.331720e-01,49.00000,30.00000,600
218,68,1.301669e-01,54.00000,30.00000,633
218,69,1.290299e-01,54.00000,30.00000,614
218,70,1.339147e-01,49.00000,30.00000,609
218,71,1.353954e-01,39.00000,36.00000,613
219,0,1.412972e-01,44.00000,35.00000,16449
219,1,1.321601e-01,52.00000,35.00000,769
219,2,1.340311e-01,46.00000,36.00000,658
219,3,1.470531e-01,25.00000,36.00000,635
219,4,1.346188e-01,40.00000,40.00000,639
219,5,1.350305e-01,48.00000,35.00000,681
219,6,1.369410e-01,50.00000,35.00000,683
219,7,1.352204e-01,42.00000,35.00000,674
219,8,1.316096e-01,57.00000,30.00000,694
219,9,1.379622e-01,36.00000,35.00000,645
219,10,1.381184e-01,36.00000,35.00000,10347
219,11,1.350037e-01,38.00000,35.00000,622
219,12,1.343925e-01,41.00000,36.00000,3702
219,13,1.410482e-01,49.00000,30.00000,696
219,14,1.473294e-01,25.00000,36.00000,621
219,15,1.336567e-01,44.00000,35.00000,828
219,16,1.388879e-01,49.00000,30.00000,646
219,17,1.288344e-01,49.00000,30.00000,674
219,18,1.512970e-01,25.00000,36.00000,716
219,19,1.340246e-01,45.00000,35.00000,662
219,20,1.395713e-01,35.00000,36.00000,8170
219,21,1.309189e-01,49.00000,30.00000,751
219,22,1.324320e-01,49.00000,30.00000,1271
219,23,1.309658e-01,40.00000,36.00000,1595
219,24,1.367424e-01,41.00000,35.00000,2195
219,25,1.302287e-01,53.00000,30.00000,778
219,26,1.302214e-01,53.00000,30.00000,674
219,27,1.364886e-01,49.00000,30.00000,754
219,28,1.293826e-01,54.00000,30.00000,705
219,29,1.330924e-01,44.00000,35.00000,651
219,30,1.340775e-01,38.00000,36.00000,8130
219,31,1.314913e-01,55.00000,30.00000,695
219,32,1.311081e-01,46.00000,35.00000,2575
219,33,1.334600e-01,46.00000,35.00000,679
219,34,1.361514e-01,52.00000,30.00000,6893
219,35,1.369519e-01,53.00000,30.00000,782
219,36,1.384272e-01,43.00000,35.00000,635
219,37,1.420032e-01,49.00000,30.00000,620
219,38,1.330953e-01,55.00000,30.00000,761
219,39,1.390004e-01,49.00000,30.00000,647
219,40,1.338864e-01,44.00000,36.00000,3689
219,41,1.334920e-01,43.00000,36.00000,693
219,42,1.301647e-01,42.00000,35.00000,715
219,43,1.318888e-01,49.00000,30.00000,4564
219,44,1.338524e-01,52.00000,30.00000,6171
219,45,1.349614e-01,31.00000,36.00000,692
219,46,1.321709e-01,36.00000,40.00000,734
219,47,1.301491e-01,54.00000,30.00000,668
219,48,1.333626e-01,57.00000,30.00000,674
219,49,1.330976e-01,49.00000,30.00000,677
219,50,1.331349e-01,57.00000,30.00000,697
219,51,1.300402e-01,56.00000,30.00000,726
219,52,1.347858e-01,48.00000,35.00000,732
219,53,1.326166e-01,41.00000,35.00000,707
219,54,1.308872e-01,40.00000,35.00000,6288
219,55,1.337460e-01,37.00000,35.00000,638
219,56,1.325258e-01,49.00000,35.00000,690
219,57,1.413755e-01,34.00000,40.00000,756
219,58,1.344629e-01,54.00000,30.00000,767
219,59,1.412945e-01,44.00000,35.00000,672
219,60,1.341261e-01,37.00000,36.00000,653
219,61,1.325624e-01,42.00000,36.00000,599
219,62,1.335003e-01,49.00000,30.00000,667
219,63,1.389184e-01,47.00000,35.00000,1287
219,64,1.366705e-01,55.00000,30.00000,1304
219,65,1.323331e-01,53.00000,30.00000,608
219,66,1.328343e-01,45.00000,35.00000,598
219,67,1.355461e-01,48.00000,35.00000,600
219,68,1.321798e-01,56.00000,30.00000,613
219,69,1.334706e-01,49.00000,30.00000,609
219,70,1.320410e-01,53.00000,30.00000,612
219,71,1.351959e-01,43.00000,36.00000,611
220,0,1.329688e-01,37.00000,36.00000,9417
220,1,1.370511e-01,52.00000,30.00000,4075
220,2,1.396832e-01,37.00000,35.00000,650
220,3,1.324341e-01,49.00000,30.00000,689
220,4,1.378530e-01,42.00000,35.00000,694
220,5,1.386545e-01,42.00000,36.00000,695
220,6,1.350227e-01,54.00000,30.00000,725
220,7,1.354356e-01,49.00000,35.00000,711
220,8,1.345689e-01,41.00000,36.00000,662
220,9,1.348113e-01,42.00000,35.00000,721
220,10,1.373609e-01,41.00000,35.00000,5728
220,11,1.353823e-01,45.00000,36.00000,4553
220,12,1.351227e-01,43.00000,35.00000,685
220,13,1.359372e-01,39.00000,40.00000,656
220,14,1.361810e-01,54.00000,30.00000,688
220,15,1.315922e-01,57.00000,30.00000,663
220,16,1.379425e-01,42.00000,35.00000,699
220,17,1.338709e-01,38.00000,35.00000,646
220,18,1.335728e-01,57.00000,30.00000,742
220,19,1.347854e-01,47.00000,35.00000,652
220,20,1.372607e-01,39.00000,36.00000,5751
220,21,1.382958e-01,51.00000,30.00000,6923
220,22,1.346339e-01,53.00000,30.00000,707
220,23,1.370786e-01,31.00000,36.00000,737
220,24,1.305050e-01,43.00000,35.00000,661
220,25,1.324634e-01,48.00000,35.00000,662
220,26,1.335940e-01,49.00000,30.00000,755
220,27,1.336679e-01,40.00000,35.00000,665
220,28,1.377232e-01,43.00000,35.00000,584
220,29,1.321217e-01,49.00000,30.00000,732
220,30,1.342309e-01,50.00000,35.00000,3227
220,31,1.345579e-01,38.00000,35.00000,8130
220,32,1.330141e-01,52.00000,30.00000,681
220,33,1.331984e-01,44.00000,35.00000,641
220,34,1.352344e-01,49.00000,30.00000,767
220,35,1.367471e-01,36.00000,35.00000,612
220,36,1.323128e-01,52.00000,30.00000,652
220,37,1.356191e-01,43.00000,35.00000,646
220,38,1.347419e-01,48.00000,35.00000,661
220,39,1.355359e-01,47.00000,35.00000,652
220,40,1.385288e-01,44.00000,35.00000,667
220,41,1.289660e-01,49.00000,30.00000,9469
220,42,1.348321e-01,39.00000,35.00000,678
220,43,1.313253e-01,58.00000,30.00000,704
220,44,1.385027e-01,36.00000,36.00000,630
220,45,1.392433e-01,31.00000,36.00000,684
220,46,1.339552e-01,49.00000,30.00000,742
220,47,1.349129e-01,56.00000,30.00000,685
220,48,1.330586e-01,42.00000,35.00000,674
220,49,1.348232e-01,45.00000,35.00000,677
220,50,1.371767e-01,49.00000,35.00000,649
220,51,1.449681e-01,35.00000,36.00000,10840
220,52,1.360161e-01,57.00000,30.00000,627
220,53,1.373766e-01,49.00000,30.00000,617
220,54,1.374298e-01,35.00000,36.00000,644
220,55,1.352368e-01,45.00000,35.00000,613
220,56,1.345753e-01,38.00000,40.00000,615
220,57,1.338645e-01,49.00000,30.00000,601
220,58,1.314677e-01,46.00000,35.00000,599
220,59,1.307393e-01,58.00000,30.00000,623
220,60,1.405454e-01,45.00000,35.00000,573
220,61,1.360351e-01,42.00000,36.00000,727
220,62,1.383678e-01,43.00000,35.00000,574
220,63,1.349479e-01,45.00000,35.00000,597
220,64,1.278683e-01,54.00000,30.00000,620
220,65,1.364653e-01,51.00000,30.00000,597
220,66,1.340658e-01,48.00000,35.00000,604
220,67,1.324748e-01,53.00000,30.00000,610
220,68,1.410162e-01,30.00000,36.00000,620
220,69,1.347637e-01,41.00000,35.00000,624
220,70,1.303520e-01,54.00000,30.00000,621
220,71,1.346684e-01,44.00000,35.00000,606
221,0,1.353703e-01,43.00000,35.00000,9449
221,1,1.338919e-01,58.00000,30.00000,660
221,2,1.355264e-01,42.00000,35.00000,695
221,3,1.337837e-01,47.00000,35.00000,685
221,4,1.331911e-01,48.00000,35.00000,671
221,5,1.377125e-01,31.00000,36.00000,661
221,6,1.365922e-01,47.00000,35.00000,678
221,7,1.334914e-01,55.00000,30.00000,721
221,8,1.389708e-01,40.00000,35.00000,619
221,9,1.409542e-01,49.00000,35.00000,642
221,10,1.354692e-01,57.00000,30.00000,10007
221,11,1.360569e-01,37.00000,35.00000,615
221,12,1.343765e-01,54.00000,30.00000,622
221,13,1.380019e-01,40.00000,36.00000,708
221,14,1.331750e-01,49.00000,30.00000,612
221,15,1.346199e-01,47.00000,35.00000,652
221,16,1.327087e-01,50.00000,35.00000,707
221,17,1.386073e-01,41.00000,35.00000,698
221,18,1.348086e-01,46.00000,35.00000,703
221,19,1.298780e-01,49.00000,30.00000,793
221,20,1.349785e-01,40.00000,36.00000,10937
221,21,1.411887e-01,40.00000,40.00000,619
221,22,1.371729e-01,49.00000,30.00000,643
221,23,1.326933e-01,49.00000,30.00000,644
221,24,1.352501e-01,45.00000,35.00000,1221
221,25,1.321072e-01,42.00000,35.00000,650
221,26,1.361187e-01,49.00000,30.00000,679
221,27,1.312178e-01,58.00000,30.00000,695
221,28,1.337687e-01,54.00000,30.00000,645
221,29,1.347052e-01,46.00000,36.00000,697
221,30,1.361043e-01,46.00000,35.00000,10303
221,31,1.343982e-01,43.00000,35.00000,634
221,32,1.275989e-01,58.00000,30.00000,646
221,33,1.334628e-01,55.00000,30.00000,713
221,34,1.332503e-01,45.00000,35.00000,671
221,35,1.315198e-01,49.00000,30.00000,634
221,36,1.317984e-01,46.00000,35.00000,719
221,37,1.302199e-01,53.00000,30.00000,682
221,38,1.323697e-01,49.00000,30.00000,636
221,39,1.340873e-01,58.00000,30.00000,728
221,40,1.358842e-01,37.00000,36.00000,9557
221,41,1.333723e-01,47.00000,35.00000,689
221,42,1.338942e-01,57.00000,30.00000,1093
221,43,1.396656e-01,39.00000,36.00000,684
221,44,1.333705e-01,42.00000,36.00000,660
221,45,1.329014e-01,53.00000,30.00000,686
221,46,1.340415e-01,43.00000,35.00000,669
221,47,1.320125e-01,49.00000,30.00000,665
221,48,1.348577e-01,49.00000,30.00000,772
221,49,1.388250e-01,57.00000,30.00000,697
221,50,1.350888e-01,49.00000,30.00000,11130
221,51,1.385239e-01,44.00000,35.00000,599
221,52,1.390932e-01,39.00000,35.00000,624
221,53,1.436342e-01,32.00000,40.00000,563
221,54,1.412475e-01,45.00000,35.00000,633
221,55,1.375079e-01,52.00000,30.00000,627
221,56,1.404957e-01,36.00000,36.00000,571
221,57,1.391433e-01,45.00000,35.00000,599
221,58,1.407255e-01,39.00000,36.00000,582
221,59,1.364100e-01,35.00000,36.00000,620
221,60,1.365056e-01,38.00000,36.00000,1352
221,61,1.359863e-01,46.00000,36.00000,599
221,62,1.372978e-01,46.00000,35.00000,609
221,63,1.332874e-01,54.00000,30.00000,635
221,64,1.338363e-01,52.00000,30.00000,602
221,65,1.343224e-01,49.00000,30.00000,627
221,66,1.317505e-01,53.00000,30.00000,629
221,67,1.364320e-01,53.00000,30.00000,608
221,68,1.389004e-01,49.00000,35.00000,602
221,69,1.345563e-01,35.00000,36.00000,643
221,70,1.361604e-01,31.00000,36.00000,620
221,71,1.338965e-01,55.00000,30.00000,625
222,0,1.327252e-01,49.00000,30.00000,8697
222,1,1.346104e-01,47.00000,35.00000,1521
222,2,1.300526e-01,59.00000,30.00000,713
222,3,1.337886e-01,55.00000,30.00000,753
222,4,1.382123e-01,43.00000,35.00000,701
222,5,1.336293e-01,39.00000,40.00000,634
222,6,1.345584e-01,54.00000,30.00000,754
222,7,1.363602e-01,42.00000,36.00000,703
222,8,1.340322e-01,44.00000,35.00000,706
222,9,1.291102e-01,57.00000,30.00000,721
222,10,1.332990e-01,44.00000,35.00000,11343
222,11,1.373210e-01,49.00000,30.00000,642
222,12,1.328315e-01,49.00000,36.00000,654
222,13,1.342708e-01,49.00000,30.00000,668
222,14,1.381929e-01,36.00000,40.00000,671
222,15,1.411054e-01,41.00000,36.00000,625
222,16,1.403772e-01,37.00000,35.00000,590
222,17,1.430213e-01,44.00000,35.00000,678
222,18,1.399622e-01,35.00000,36.00000,643
222,19,1.346321e-01,53.00000,30.00000,701
222,20,1.334368e-01,47.00000,35.00000,11485
222,21,1.340688e-01,49.00000,30.00000,672
222,22,1.324231e-01,57.00000,30.00000,675
222,23,1.414443e-01,45.00000,35.00000,692
222,24,1.306442e-01,49.00000,30.00000,696
222,25,1.346243e-01,49.00000,30.00000,723
222,26,1.298857e-01,49.00000,30.00000,2918
222,27,1.302334e-01,54.00000,30.00000,660
222,28,1.333242e-01,59.00000,30.00000,660
222,29,1.354287e-01,41.00000,35.00000,737
222,30,1.365926e-01,41.00000,35.00000,6756
222,31,1.347394e-01,45.00000,35.00000,3235
222,32,1.348314e-01,35.00000,36.00000,642
222,33,1.341828e-01,42.00000,35.00000,674
222,34,1.319845e-01,49.00000,30.00000,738
222,35,1.316832e-01,45.00000,35.00000,643
222,36,1.325258e-01,43.00000,35.00000,733
222,37,1.452578e-01,53.00000,30.00000,667
222,38,1.361856e-01,44.00000,36.00000,705
222,39,1.332841e-01,55.00000,30.00000,687
222,40,1.333980e-01,52.00000,30.00000,7161
222,41,1.311280e-01,53.00000,30.00000,5325
222,42,1.318021e-01,50.00000,35.00000,712
222,43,1.299505e-01,54.00000,30.00000,751
222,44,1.305526e-01,53.00000,30.00000,714
222,45,1.324908e-01,49.00000,30.00000,659
222,46,1.328622e-01,51.00000,30.00000,683
222,47,1.329537e-01,49.00000,30.00000,646
222,48,1.326737e-01,53.00000,30.00000,711
222,49,1.306494e-01,48.00000,35.00000,702
222,50,1.305658e-01,55.00000,30.00000,6612
222,51,1.293816e-01,57.00000,30.00000,2735
222,52,1.325282e-01,49.00000,30.00000,646
222,53,1.285034e-01,53.00000,30.00000,666
222,54,1.422931e-01,31.00000,36.00000,630
222,55,1.316460e-01,49.00000,30.00000,664
222,56,1.299067e-01,54.00000,30.00000,718
222,57,1.315889e-01,55.00000,30.00000,729
222,58,1.314487e-01,55.00000,30.00000,649
222,59,1.323210e-01,53.00000,30.00000,680
222,60,1.363400e-01,47.00000,35.00000,4428
222,61,1.371620e-01,52.00000,30.00000,620
222,62,1.453120e-01,25.00000,36.00000,581
222,63,1.350305e-01,47.00000,35.00000,604
222,64,1.389390e-01,51.00000,30.00000,616
222,65,1.437557e-01,44.00000,35.00000,579
222,66,1.402560e-01,49.00000,30.00000,597
222,67,1.443814e-01,37.00000,36.00000,562
222,68,1.395742e-01,41.00000,35.00000,593
222,69,1.379553e-01,39.00000,36.00000,601
222,70,1.371604e-01,31.00000,36.00000,617
222,71,1.337980e-01,46.00000,35.00000,624
223,0,1.357533e-01,45.00000,35.00000,670
223,1,1.349177e-01,45.00000,35.00000,667
223,2,1.371880e-01,45.00000,36.00000,704
223,3,1.349056e-01,41.00000,35.00000,687
223,4,1.363912e-01,55.00000,30.00000,714
223,5,1.332755e-01,55.00000,30.00000,687
223,6,1.322521e-01,48.00000,35.00000,777
223,7,1.324298e-01,55.00000,30.00000,686
223,8,1.317357e-01,51.00000,30.00000,736
223,9,1.323310e-01,55.00000,30.00000,704
223,10,1.336728e-01,49.00000,30.00000,4780
223,11,1.387705e-01,49.00000,30.00000,631
223,12,1.372798e-01,53.00000,30.00000,1679
223,13,1.432458e-01,49.00000,30.00000,668
223,14,1.347181e-01,41.00000,36.00000,702
223,15,1.364321e-01,35.00000,36.00000,680
223,16,1.328029e-01,54.00000,30.00000,667
223,17,1.321071e-01,37.00000,36.00000,692
223,18,1.286045e-01,55.00000,30.00000,815
223,19,1.308609e-01,58.00000,30.00000,765
223,20,1.424611e-01,37.00000,35.00000,5744
223,21,1.387969e-01,31.00000,36.00000,666
223,22,1.403465e-01,52.00000,30.00000,672
223,23,1.347682e-01,44.00000,36.00000,652
223,24,1.387075e-01,42.00000,35.00000,1036
223,25,1.356294e-01,53.00000,30.00000,677
223,26,1.415468e-01,25.00000,36.00000,744
223,27,1.345818e-01,51.00000,30.00000,713
223,28,1.388797e-01,43.00000,36.00000,694
223,29,1.388394e-01,42.00000,35.00000,676
223,30,1.367031e-01,41.00000,35.00000,5894
223,31,1.342694e-01,53.00000,30.00000,1142
223,32,1.391787e-01,41.00000,36.00000,647
223,33,1.389681e-01,37.00000,36.00000,645
223,34,1.419566e-01,43.00000,35.00000,2970
223,35,1.348339e-01,49.00000,30.00000,686
223,36,1.331323e-01,49.00000,30.00000,695
223,37,1.328314e-01,53.00000,30.00000,683
223,38,1.322596e-01,45.00000,35.00000,712
223,39,1.342784e-01,53.00000,30.00000,639
223,40,1.292540e-01,55.00000,30.00000,5975
223,41,1.292864e-01,55.00000,30.00000,2147
223,42,1.365213e-01,48.00000,35.00000,678
223,43,1.313859e-01,44.00000,35.00000,695
223,44,1.324735e-01,53.00000,30.00000,748
223,45,1.399745e-01,46.00000,36.00000,658
223,46,1.356832e-01,55.00000,30.00000,653
223,47,1.377149e-01,35.00000,36.00000,717
223,48,1.348331e-01,51.00000,30.00000,682
223,49,1.281119e-01,58.00000,30.00000,671
223,50,1.296811e-01,47.00000,35.00000,5092
223,51,1.347880e-01,44.00000,35.00000,2178
223,52,1.396064e-01,42.00000,35.00000,660
223,53,1.417489e-01,31.00000,36.00000,616
223,54,1.415681e-01,36.00000,36.00000,594
223,55,1.314344e-01,53.00000,30.00000,648
223,56,1.384144e-01,40.00000,35.00000,650
223,57,1.385637e-01,54.00000,30.00000,628
223,58,1.344435e-01,54.00000,30.00000,624
223,59,1.382633e-01,40.00000,35.00000,637
223,60,1.359772e-01,54.00000,30.00000,2693
223,61,1.356163e-01,36.00000,35.00000,1895
223,62,1.334973e-01,46.00000,35.00000,606
223,63,1.383658e-01,49.00000,30.00000,594
223,64,1.323913e-01,55.00000,30.00000,654
223,65,1.365172e-01,49.00000,30.00000,590
223,66,1.322748e-01,55.00000,30.00000,620
223,67,1.314976e-01,53.00000,30.00000,616
223,68,1.337378e-01,44.00000,35.00000,610
223,69,1.303516e-01,53.00000,30.00000,615
223,70,1.425053e-01,36.00000,36.00000,616
223,71,1.384922e-01,41.00000,36.00000,627
224,0,1.324805e-01,55.00000,30.00000,3490
224,1,1.331691e-01,49.00000,30.00000,672
224,2,1.318053e-01,56.00000,30.00000,726
224,3,1.377019e-01,45.00000,35.00000,652
224,4,1.374241e-01,38.00000,35.00000,704
224,5,1.347671e-01,42.00000,35.00000,633
224,6,1.323610e-01,55.00000,30.00000,733
224,7,1.300031e-01,55.00000,30.00000,801
224,8,1.379187e-01,49.00000,30.00000,658
224,9,1.378899e-01,37.00000,36.00000,660
224,10,1.333824e-01,56.00000,30.00000,5162
224,11,1.324093e-01,47.00000,35.00000,678
224,12,1.346195e-01,42.00000,35.00000,675
224,13,1.364225e-01,41.00000,35.00000,657
224,14,1.333064e-01,54.00000,30.00000,685
224,15,1.313650e-01,52.00000,35.00000,784
224,16,1.412328e-01,37.00000,36.00000,709
224,17,1.382344e-01,37.00000,36.00000,670
224,18,1.345728e-01,49.00000,30.00000,653
224,19,1.386096e-01,54.00000,30.00000,696
224,20,1.320253e-01,59.00000,30.00000,7515
224,21,1.333607e-01,51.00000,30.00000,782
224,22,1.348573e-01,42.00000,40.00000,709
224,23,1.322640e-01,48.00000,35.00000,738
224,24,1.356556e-01,47.00000,35.00000,681
224,25,1.351049e-01,49.00000,30.00000,712
224,26,1.366877e-01,49.00000,30.00000,628
224,27,1.349707e-01,55.00000,30.00000,733
224,28,1.329392e-01,43.00000,35.00000,645
224,29,1.370530e-01,45.00000,35.00000,781
224,30,1.366126e-01,41.00000,36.00000,8153
224,31,1.381311e-01,43.00000,36.00000,598
224,32,1.375634e-01,41.00000,36.00000,700
224,33,1.382636e-01,35.00000,36.00000,716
224,34,1.352286e-01,49.00000,30.00000,634
224,35,1.395700e-01,34.00000,36.00000,640
224,36,1.372531e-01,58.00000,30.00000,700
224,37,1.362374e-01,44.00000,36.00000,699
224,38,1.428992e-01,42.00000,35.00000,676
224,39,1.340811e-01,55.00000,30.00000,728
224,40,1.359798e-01,57.00000,30.00000,10288
224,41,1.446876e-01,45.00000,36.00000,639
224,42,1.376987e-01,37.00000,36.00000,714
224,43,1.348516e-01,43.00000,35.00000,646
224,44,1.385637e-01,55.00000,30.00000,669
224,45,1.382995e-01,45.00000,35.00000,664
224,46,1.353791e-01,45.00000,36.00000,762
224,47,1.344001e-01,49.00000,30.00000,641
224,48,1.418323e-01,59.00000,30.00000,661
224,49,1.370113e-01,47.00000,35.00000,689
224,50,1.331540e-01,59.00000,30.00000,10008
224,51,1.371870e-01,46.00000,35.00000,659
224,52,1.341306e-01,61.00000,30.00000,669
224,53,1.371539e-01,59.00000,30.00000,659
224,54,1.344282e-01,40.00000,35.00000,705
224,55,1.340240e-01,56.00000,30.00000,639
224,56,1.371324e-01,40.00000,35.00000,641
224,57,1.329603e-01,49.00000,30.00000,630
224,58,1.381668e-01,43.00000,35.00000,675
224,59,1.410085e-01,37.00000,36.00000,604
224,60,1.393262e-01,44.00000,36.00000,1909
224,61,1.452625e-01,41.00000,36.00000,573
224,62,1.368990e-01,45.00000,35.00000,621
224,63,1.371116e-01,48.00000,35.00000,606
224,64,1.351646e-01,47.00000,35.00000,613
224,65,1.359226e-01,46.00000,35.00000,622
224,66,1.419458e-01,45.00000,36.00000,605
224,67,1.388108e-01,50.00000,35.00000,628
224,68,1.394929e-01,57.00000,30.00000,630
224,69,1.346823e-01,55.00000,30.00000,619
224,70,1.331347e-01,54.00000,30.00000,620
224,71,1.454945e-01,25.00000,36.00000,567
225,0,1.451982e-01,43.00000,35.00000,9981
225,1,1.396891e-01,43.00000,36.00000,3315
225,2,1.403045e-01,39.00000,36.00000,642
225,3,1.327833e-01,57.00000,30.00000,650
225,4,1.419775e-01,57.00000,30.00000,687
225,5,1.423072e-01,32.00000,40.00000,667
225,6,1.463415e-01,25.00000,36.00000,658
225,7,1.307897e-01,49.00000,30.00000,695
225,8,1.329229e-01,41.00000,35.00000,788
225,9,1.363133e-01,54.00000,30.00000,752
225,10,1.315091e-01,49.00000,30.00000,7290
225,11,1.362213e-01,42.00000,35.00000,5732
225,12,1.338862e-01,54.00000,30.00000,650
225,13,1.328347e-01,44.00000,35.00000,679
225,14,1.382331e-01,41.00000,35.00000,640
225,15,1.386720e-01,31.00000,36.00000,685
225,16,1.353370e-01,47.00000,35.00000,600
225,17,1.377889e-01,46.00000,35.00000,659
225,18,1.380932e-01,57.00000,30.00000,662
225,19,1.371859e-01,58.00000,30.00000,682
225,20,1.412501e-01,44.00000,35.00000,3142
225,21,1.378990e-01,47.00000,35.00000,9681
225,22,1.351178e-01,56.00000,30.00000,620
225,23,1.395850e-01,41.00000,36.00000,638
225,24,1.323732e-01,49.00000,30.00000,672
225,25,1.359389e-01,49.00000,35.00000,686
225,26,1.379665e-01,37.00000,36.00000,675
225,27,1.385001e-01,47.00000,35.00000,625
225,28,1.341832e-01,55.00000,30.00000,679
225,29,1.378707e-01,37.00000,36.00000,750
225,30,1.400035e-01,40.00000,36.00000,572
225,31,1.475019e-01,25.00000,36.00000,11824
225,32,1.395453e-01,44.00000,35.00000,637
225,33,1.402508e-01,43.00000,35.00000,649
225,34,1.339553e-01,49.00000,35.00000,669
225,35,1.433337e-01,49.00000,30.00000,642
225,36,1.384969e-01,43.00000,36.00000,610
225,37,1.317419e-01,54.00000,30.00000,653
225,38,1.428428e-01,44.00000,35.00000,606
225,39,1.432381e-01,35.00000,36.00000,654
225,40,1.379508e-01,46.00000,36.00000,689
225,41,1.383855e-01,43.00000,35.00000,8423
225,42,1.400787e-01,32.00000,36.00000,648
225,43,1.333167e-01,49.00000,30.00000,691
225,44,1.364508e-01,46.00000,35.00000,780
225,45,1.327301e-01,55.00000,30.00000,757
225,46,1.351199e-01,53.00000,30.00000,649
225,47,1.377540e-01,45.00000,35.00000,645
225,48,1.352711e-01,55.00000,30.00000,682
225,49,1.386169e-01,47.00000,35.00000,642
225,50,1.449101e-01,30.00000,36.00000,786
225,51,1.364089e-01,49.00000,30.00000,11289
225,52,1.376227e-01,49.00000,35.00000,625
225,53,1.331961e-01,53.00000,30.00000,676
225,54,1.396749e-01,40.00000,35.00000,644
225,55,1.400776e-01,46.00000,35.00000,635
225,56,1.397346e-01,37.00000,36.00000,662
225,57,1.329453e-01,58.00000,30.00000,671
225,58,1.329146e-01,48.00000,35.00000,612
225,59,1.379871e-01,45.00000,36.00000,646
225,60,1.347769e-01,52.00000,30.00000,649
225,61,1.359705e-01,49.00000,30.00000,1364
225,62,1.448450e-01,36.00000,40.00000,561
225,63,1.372409e-01,47.00000,35.00000,590
225,64,1.340917e-01,48.00000,35.00000,612
225,65,1.398955e-01,42.00000,35.00000,603
225,66,1.376378e-01,41.00000,35.00000,603
225,67,1.355847e-01,47.00000,35.00000,596
225,68,1.357981e-01,55.00000,30.00000,620
225,69,1.379531e-01,46.00000,35.00000,611
225,70,1.336274e-01,53.00000,30.00000,615
225,71,1.413299e-01,39.00000,35.00000,571
226,0,1.402346e-01,42.00000,35.00000,6289
226,1,1.380181e-01,41.00000,36.00000,4154
226,2,1.393614e-01,41.00000,36.00000,726
226,3,1.346361e-01,49.00000,30.00000,654
226,4,1.394607e-01,49.00000,30.00000,750
226,5,1.376662e-01,47.00000,35.00000,651
226,6,1.365462e-01,49.00000,30.00000,651
226,7,1.427561e-01,47.00000,36.00000,660
226,8,1.402273e-01,46.00000,36.00000,619
226,9,1.332080e-01,50.00000,35.00000,680
226,10,1.381996e-01,42.00000,35.00000,5672
226,11,1.381723e-01,57.00000,30.00000,5188
226,12,1.360198e-01,47.00000,36.00000,679
226,13,1.407502e-01,46.00000,35.00000,662
226,14,1.418346e-01,55.00000,30.00000,685
226,15,1.393092e-01,39.00000,36.00000,630
226,16,1.353970e-01,47.00000,35.00000,643
226,17,1.434674e-01,47.00000,35.00000,680
226,18,1.367517e-01,40.00000,36.00000,661
226,19,1.353906e-01,42.00000,35.00000,721
226,20,1.357335e-01,41.00000,35.00000,5147
226,21,1.349408e-01,54.00000,30.00000,4143
226,22,1.406050e-01,36.00000,35.00000,588
226,23,1.358008e-01,57.00000,30.00000,763
226,24,1.339723e-01,42.00000,35.00000,767
226,25,1.378765e-01,35.00000,36.00000,762
226,26,1.304650e-01,57.00000,30.00000,731
226,27,1.397206e-01,46.00000,35.00000,615
226,28,1.337107e-01,53.00000,30.00000,697
226,29,1.348780e-01,43.00000,35.00000,698
226,30,1.407496e-01,38.00000,35.00000,3748
226,31,1.406666e-01,38.00000,35.00000,4991
226,32,1.444329e-01,40.00000,40.00000,651
226,33,1.376245e-01,43.00000,35.00000,625
226,34,1.392438e-01,44.00000,35.00000,681
226,35,1.403069e-01,49.00000,30.00000,636
226,36,1.403744e-01,49.00000,35.00000,662
226,37,1.403105e-01,35.00000,36.00000,684
226,38,1.421027e-01,45.00000,35.00000,574
226,39,1.347502e-01,50.00000,35.00000,731
226,40,1.391406e-01,39.00000,36.00000,7189
226,41,1.456148e-01,31.00000,36.00000,3638
226,42,1.393458e-01,35.00000,36.00000,670
226,43,1.385681e-01,49.00000,30.00000,600
226,44,1.436345e-01,41.00000,36.00000,677
226,45,1.371345e-01,47.00000,35.00000,680
226,46,1.365355e-01,49.00000,30.00000,655
226,47,1.339597e-01,51.00000,30.00000,786
226,48,1.310958e-01,54.00000,30.00000,692
226,49,1.370438e-01,46.00000,35.00000,636
226,50,1.332837e-01,53.00000,30.00000,7317
226,51,1.329928e-01,50.00000,35.00000,3099
226,52,1.356931e-01,54.00000,30.00000,670
226,53,1.383147e-01,49.00000,30.00000,616
226,54,1.340421e-01,46.00000,35.00000,665
226,55,1.338156e-01,44.00000,35.00000,652
226,56,1.358297e-01,57.00000,30.00000,721
226,57,1.347182e-01,42.00000,35.00000,619
226,58,1.387519e-01,45.00000,35.00000,616
226,59,1.393016e-01,41.00000,35.00000,651
226,60,1.357110e-01,49.00000,30.00000,1336
226,61,1.450915e-01,40.00000,40.00000,3063
226,62,1.369052e-01,50.00000,35.00000,609
226,63,1.384383e-01,45.00000,35.00000,593
226,64,1.350382e-01,59.00000,30.00000,639
226,65,1.424116e-01,38.00000,36.00000,623
226,66,1.372400e-01,41.00000,36.00000,623
226,67,1.352416e-01,52.00000,30.00000,609
226,68,1.488281e-01,30.00000,36.00000,569
226,69,1.406437e-01,37.00000,36.00000,581
226,70,1.426149e-01,39.00000,35.00000,595
226,71,1.391390e-01,41.00000,35.00000,589
227,0,1.378846e-01,49.00000,35.00000,1641
227,1,1.395995e-01,47.00000,35.00000,633
227,2,1.385637e-01,49.00000,30.00000,674
227,3,1.403677e-01,49.00000,30.00000,609
227,4,1.357123e-01,54.00000,30.00000,707
227,5,1.411800e-01,30.00000,36.00000,726
227,6,1.411335e-01,40.00000,36.00000,676
227,7,1.392439e-01,41.00000,35.00000,715
227,8,1.363246e-01,45.00000,35.00000,668
227,9,1.370328e-01,48.00000,35.00000,660
227,10,1.370007e-01,44.00000,35.00000,6949
227,11,1.367030e-01,38.00000,35.00000,670
227,12,1.335387e-01,42.00000,35.00000,734
227,13,1.370752e-01,44.00000,35.00000,738
227,14,1.331209e-01,49.00000,30.00000,728
227,15,1.350240e-01,55.00000,30.00000,708
227,16,1.324656e-01,52.00000,30.00000,686
227,17,1.339085e-01,56.00000,30.00000,787
227,18,1.331249e-01,54.00000,30.00000,653
227,19,1.301965e-01,54.00000,30.00000,787
227,20,1.448644e-01,35.00000,36.00000,10332
227,21,1.424718e-01,35.00000,36.00000,3757
227,22,1.390462e-01,46.00000,35.00000,663
227,23,1.419353e-01,35.00000,36.00000,609
227,24,1.406644e-01,42.00000,35.00000,659
227,25,1.398306e-01,46.00000,35.00000,623
227,26,1.375906e-01,48.00000,35.00000,632
227,27,1.345348e-01,53.00000,30.00000,705
227,28,1.386919e-01,46.00000,36.00000,641
227,29,1.328617e-01,55.00000,30.00000,753
227,30,1.358003e-01,40.00000,35.00000,10378
227,31,1.374744e-01,49.00000,30.00000,1540
227,32,1.395222e-01,31.00000,36.00000,687
227,33,1.347186e-01,53.00000,30.00000,637
227,34,1.355017e-01,49.00000,30.00000,711
227,35,1.362058e-01,47.00000,35.00000,705
227,36,1.401310e-01,43.00000,35.00000,746
227,37,1.426421e-01,31.00000,36.00000,610
227,38,1.426800e-01,35.00000,36.00000,716
227,39,1.346748e-01,49.00000,30.00000,695
227,40,1.400574e-01,45.00000,35.00000,7488
227,41,1.430433e-01,48.00000,35.00000,3109
227,42,1.347769e-01,46.00000,36.00000,738
227,43,1.360554e-01,49.00000,35.00000,736
227,44,1.374976e-01,49.00000,30.00000,633
227,45,1.466999e-01,45.00000,35.00000,654
227,46,1.428860e-01,42.00000,36.00000,688
227,47,1.378394e-01,35.00000,36.00000,697
227,48,1.338785e-01,54.00000,30.00000,708
227,49,1.398825e-01,35.00000,36.00000,678
227,50,1.438620e-01,30.00000,36.00000,11674
227,51,1.413279e-01,47.00000,35.00000,646
227,52,1.366528e-01,44.00000,35.00000,633
227,53,1.329874e-01,48.00000,35.00000,645
227,54,1.318684e-01,55.00000,30.00000,633
227,55,1.443560e-01,41.00000,36.00000,602
227,56,1.377209e-01,43.00000,35.00000,619
227,57,1.400658e-01,49.00000,30.00000,620
227,58,1.356823e-01,49.00000,30.00000,621
227,59,1.341252e-01,42.00000,35.00000,649
227,60,1.368450e-01,49.00000,35.00000,2592
227,61,1.381996e-01,49.00000,30.00000,617
227,62,1.391732e-01,48.00000,35.00000,602
227,63,1.404786e-01,45.00000,35.00000,590
227,64,1.374706e-01,41.00000,35.00000,617
227,65,1.349367e-01,54.00000,30.00000,607
227,66,1.350999e-01,54.00000,30.00000,607
227,67,1.343327e-01,52.00000,30.00000,617
227,68,1.393627e-01,44.00000,35.00000,582
227,69,1.381175e-01,47.00000,36.00000,627
227,70,1.443834e-01,36.00000,35.00000,563
227,71,1.514142e-01,25.00000,36.00000,568
228,0,1.346740e-01,45.00000,35.00000,9903
228,1,1.340007e-01,51.00000,30.00000,900
228,2,1.422249e-01,36.00000,36.00000,769
228,3,1.292765e-01,54.00000,30.00000,675
228,4,1.344874e-01,49.00000,30.00000,657
228,5,1.406676e-01,53.00000,30.00000,673
228,6,1.452689e-01,40.00000,36.00000,623
228,7,1.372540e-01,40.00000,40.00000,709
228,8,1.382263e-01,54.00000,30.00000,687
228,9,1.438243e-01,37.00000,36.00000,701
228,10,1.437870e-01,44.00000,35.00000,7870
228,11,1.331896e-01,46.00000,35.00000,2429
228,12,1.365828e-01,49.00000,30.00000,1424
228,13,1.338081e-01,54.00000,30.00000,638
228,14,1.352184e-01,52.00000,30.00000,705
228,15,1.388329e-01,31.00000,36.00000,699
228,16,1.388684e-01,43.00000,35.00000,632
228,17,1.355763e-01,49.00000,30.00000,716
228,18,1.334275e-01,53.00000,30.00000,707
228,19,1.349061e-01,49.00000,35.00000,653
228,20,1.400261e-01,44.00000,35.00000,3938
228,21,1.386106e-01,49.00000,35.00000,5832
228,22,1.398083e-01,35.00000,36.00000,2518
228,23,1.326080e-01,49.00000,35.00000,723
228,24,1.362143e-01,48.00000,35.00000,1331
228,25,1.356663e-01,55.00000,30.00000,680
228,26,1.331437e-01,53.00000,30.00000,656
228,27,1.347553e-01,49.00000,30.00000,744
228,28,1.370220e-01,52.00000,30.00000,669
228,29,1.384734e-01,54.00000,30.00000,715
228,30,1.359629e-01,42.00000,35.00000,2283
228,31,1.391718e-01,48.00000,35.00000,8527
228,32,1.368844e-01,49.00000,30.00000,685
228,33,1.344884e-01,50.00000,35.00000,719
228,34,1.413222e-01,37.00000,36.00000,1760
228,35,1.357061e-01,44.00000,35.00000,685
228,36,1.400300e-01,31.00000,36.00000,722
228,37,1.370088e-01,47.00000,35.00000,643
228,38,1.358835e-01,43.00000,35.00000,696
228,39,1.361099e-01,52.00000,30.00000,629
228,40,1.364023e-01,57.00000,30.00000,682
228,41,1.297018e-01,55.00000,30.00000,3462
228,42,1.364517e-01,55.00000,30.00000,2134
228,43,1.344277e-01,54.00000,30.00000,3002
228,44,1.341422e-01,48.00000,35.00000,4333
228,45,1.304306e-01,54.00000,30.00000,724
228,46,1.351427e-01,53.00000,30.00000,685
228,47,1.322773e-01,54.00000,30.00000,652
228,48,1.349511e-01,53.00000,30.00000,681
228,49,1.361600e-01,45.00000,35.00000,683
228,50,1.322402e-01,49.00000,30.00000,652
228,51,1.428889e-01,30.00000,36.00000,4667
228,52,1.475550e-01,26.00000,36.00000,2522
228,53,1.385952e-01,41.00000,35.00000,709
228,54,1.362765e-01,49.00000,30.00000,4866
228,55,1.386308e-01,58.00000,30.00000,624
228,56,1.378181e-01,47.00000,36.00000,606
228,57,1.408229e-01,38.00000,35.00000,633
228,58,1.371443e-01,53.00000,30.00000,609
228,59,1.344967e-01,57.00000,30.00000,628
228,60,1.397237e-01,31.00000,36.00000,621
228,61,1.418806e-01,41.00000,36.00000,965
228,62,1.374519e-01,42.00000,35.00000,621
228,63,1.350478e-01,47.00000,35.00000,638
228,64,1.351570e-01,52.00000,30.00000,689
228,65,1.430804e-01,43.00000,35.00000,584
228,66,1.384943e-01,41.00000,36.00000,594
228,67,1.361761e-01,53.00000,30.00000,616
228,68,1.354567e-01,40.00000,35.00000,620
228,69,1.425232e-01,49.00000,30.00000,589
228,70,1.325136e-01,58.00000,30.00000,637
228,71,1.405639e-01,49.00000,30.00000,624
229,0,1.436622e-01,55.00000,30.00000,4976
229,1,1.363361e-01,49.00000,30.00000,1995
229,2,1.440996e-01,30.00000,36.00000,612
229,3,1.304304e-01,53.00000,30.00000,780
229,4,1.375371e-01,45.00000,35.00000,599
229,5,1.390783e-01,33.00000,40.00000,746
229,6,1.318175e-01,53.00000,30.00000,716
229,7,1.443765e-01,35.00000,36.00000,671
229,8,1.396199e-01,40.00000,35.00000,668
229,9,1.332987e-01,49.00000,30.00000,641
229,10,1.393304e-01,45.00000,35.00000,4689
229,11,1.337699e-01,53.00000,30.00000,3758
229,12,1.386804e-01,49.00000,30.00000,711
229,13,1.399044e-01,35.00000,36.00000,593
229,14,1.342683e-01,48.00000,35.00000,775
229,15,1.367368e-01,41.00000,40.00000,649
229,16,1.368152e-01,48.00000,35.00000,702
229,17,1.381032e-01,42.00000,35.00000,696
229,18,1.399304e-01,45.00000,35.00000,714
229,19,1.409978e-01,56.00000,30.00000,688
229,20,1.347090e-01,48.00000,35.00000,8754
229,21,1.381402e-01,39.00000,35.00000,1455
229,22,1.392808e-01,49.00000,30.00000,659
229,23,1.392795e-01,45.00000,35.00000,710
229,24,1.331858e-01,53.00000,30.00000,646
229,25,1.361442e-01,41.00000,35.00000,679
229,26,1.450455e-01,30.00000,36.00000,721
229,27,1.375529e-01,47.00000,35.00000,670
229,28,1.401485e-01,41.00000,36.00000,658
229,29,1.370935e-01,49.00000,30.00000,644
229,30,1.355216e-01,40.00000,35.00000,6546
229,31,1.372998e-01,48.00000,35.00000,4155
229,32,1.371733e-01,54.00000,30.00000,630
229,33,1.355377e-01,43.00000,35.00000,641
229,34,1.367156e-01,44.00000,35.00000,766
229,35,1.343316e-01,57.00000,30.00000,659
229,36,1.401086e-01,49.00000,30.00000,724
229,37,1.374758e-01,31.00000,36.00000,680
229,38,1.365689e-01,41.00000,35.00000,656
229,39,1.331699e-01,53.00000,30.00000,721
229,40,1.371692e-01,41.00000,35.00000,6010
229,41,1.358105e-01,57.00000,30.00000,5982
229,42,1.350970e-01,43.00000,35.00000,659
229,43,1.359699e-01,47.00000,35.00000,704
229,44,1.374589e-01,54.00000,30.00000,670
229,45,1.337328e-01,52.00000,30.00000,641
229,46,1.407923e-01,36.00000,35.00000,678
229,47,1.410611e-01,41.00000,35.00000,612
229,48,1.385885e-01,55.00000,30.00000,668
229,49,1.369663e-01,37.00000,35.00000,679
229,50,1.414544e-01,39.00000,35.00000,690
229,51,1.358849e-01,55.00000,30.00000,7020
229,52,1.379552e-01,38.00000,40.00000,706
229,53,1.462291e-01,44.00000,35.00000,622
229,54,1.367253e-01,52.00000,30.00000,672
229,55,1.381508e-01,41.00000,36.00000,679
229,56,1.458110e-01,37.00000,36.00000,604
229,57,1.357514e-01,54.00000,30.00000,664
229,58,1.447711e-01,35.00000,36.00000,612
229,59,1.389245e-01,48.00000,35.00000,677
229,60,1.408678e-01,49.00000,35.00000,1761
229,61,1.368004e-01,57.00000,30.00000,629
229,62,1.409035e-01,31.00000,36.00000,573
229,63,1.367816e-01,45.00000,35.00000,609
229,64,1.453184e-01,30.00000,36.00000,593
229,65,1.423873e-01,41.00000,35.00000,607
229,66,1.378583e-01,36.00000,36.00000,622
229,67,1.418538e-01,42.00000,35.00000,583
229,68,1.439362e-01,43.00000,35.00000,565
229,69,1.387879e-01,55.00000,30.00000,627
229,70,1.410140e-01,42.00000,35.00000,584
229,71,1.318226e-01,54.00000,30.00000,628
230,0,1.380973e-01,45.00000,35.00000,4761
230,1,1.345988e-01,59.00000,30.00000,710
230,2,1.404535e-01,41.00000,35.00000,708
230,3,1.383586e-01,42.00000,35.00000,630
230,4,1.376513e-01,49.00000,30.00000,685
230,5,1.382513e-01,40.00000,35.00000,696
230,6,1.391272e-01,49.00000,30.00000,772
230,7,1.372557e-01,47.00000,35.00000,763
230,8,1.397216e-01,37.00000,36.00000,720
230,9,1.349948e-01,55.00000,30.00000,717
230,10,1.478323e-01,31.00000,36.00000,11341
230,11,1.440973e-01,54.00000,30.00000,666
230,12,1.445421e-01,42.00000,35.00000,610
230,13,1.355835e-01,43.00000,36.00000,736
230,14,1.371081e-01,49.00000,30.00000,676
230,15,1.366663e-01,44.00000,35.00000,713
230,16,1.407271e-01,38.00000,40.00000,677
230,17,1.377540e-01,49.00000,35.00000,653
230,18,1.413799e-01,45.00000,35.00000,596
230,19,1.429228e-01,45.00000,35.00000,622
230,20,1.396502e-01,49.00000,35.00000,11728
230,21,1.335652e-01,56.00000,30.00000,641
230,22,1.389558e-01,49.00000,30.00000,662
230,23,1.364684e-01,51.00000,35.00000,660
230,24,1.384957e-01,46.00000,35.00000,668
230,25,1.395141e-01,30.00000,36.00000,592
230,26,1.357959e-01,35.00000,40.00000,713
230,27,1.389506e-01,51.00000,30.00000,602
230,28,1.328735e-01,57.00000,30.00000,718
230,29,1.372449e-01,49.00000,35.00000,691
230,30,1.349457e-01,53.00000,30.00000,10692
230,31,1.366827e-01,49.00000,35.00000,674
230,32,1.366022e-01,54.00000,30.00000,642
230,33,1.386993e-01,45.00000,35.00000,651
230,34,1.390474e-01,57.00000,30.00000,708
230,35,1.359075e-01,46.00000,36.00000,718
230,36,1.381139e-01,57.00000,30.00000,690
230,37,1.391345e-01,38.00000,35.00000,684
230,38,1.401211e-01,35.00000,36.00000,672
230,39,1.394514e-01,57.00000,30.00000,699
230,40,1.430979e-01,48.00000,35.00000,8050
230,41,1.340535e-01,53.00000,30.00000,686
230,42,1.329970e-01,49.00000,30.00000,699
230,43,1.334760e-01,53.00000,30.00000,700
230,44,1.331003e-01,49.00000,30.00000,703
230,45,1.367996e-01,43.00000,35.00000,657
230,46,1.376785e-01,43.00000,35.00000,685
230,47,1.387744e-01,54.00000,30.00000,676
230,48,1.356192e-01,45.00000,35.00000,681
230,49,1.361463e-01,49.00000,30.00000,632
230,50,1.404478e-01,35.00000,36.00000,12447
230,51,1.364604e-01,49.00000,35.00000,649
230,52,1.395885e-01,43.00000,35.00000,651
230,53,1.363081e-01,55.00000,30.00000,687
230,54,1.347098e-01,58.00000,30.00000,666
230,55,1.364258e-01,52.00000,30.00000,636
230,56,1.372083e-01,42.00000,35.00000,654
230,57,1.327610e-01,49.00000,30.00000,662
230,58,1.342399e-01,49.00000,30.00000,631
230,59,1.372969e-01,40.00000,35.00000,620
230,60,1.376505e-01,53.00000,30.00000,1493
230,61,1.341631e-01,49.00000,30.00000,631
230,62,1.351929e-01,49.00000,35.00000,602
230,63,1.367790e-01,44.00000,35.00000,602
230,64,1.388848e-01,49.00000,30.00000,608
230,65,1.365595e-01,49.00000,30.00000,598
230,66,1.347738e-01,53.00000,30.00000,616
230,67,1.383919e-01,42.00000,35.00000,631
230,68,1.351056e-01,47.00000,35.00000,624
230,69,1.356633e-01,52.00000,30.00000,625
230,70,1.366051e-01,38.00000,35.00000,630
230,71,1.318232e-01,53.00000,30.00000,624
231,0,1.320502e-01,54.00000,30.00000,3169
231,1,1.413625e-01,35.00000,36.00000,2549
231,2,1.323409e-01,45.00000,35.00000,664
231,3,1.332064e-01,49.00000,30.00000,695
231,4,1.370526e-01,43.00000,35.00000,644
231,5,1.349830e-01,49.00000,30.00000,814
231,6,1.376271e-01,49.00000,30.00000,644
231,7,1.325955e-01,54.00000,30.00000,741
231,8,1.341612e-01,54.00000,30.00000,750
231,9,1.377085e-01,47.00000,35.00000,634
231,10,1.401064e-01,51.00000,30.00000,2032
231,11,1.383952e-01,59.00000,30.00000,706
231,12,1.385814e-01,42.00000,36.00000,1132
231,13,1.429354e-01,46.00000,35.00000,599
231,14,1.455220e-01,25.00000,36.00000,696
231,15,1.381768e-01,53.00000,30.00000,645
231,16,1.382810e-01,47.00000,35.00000,2309
231,17,1.485445e-01,36.00000,36.00000,726
231,18,1.456938e-01,41.00000,36.00000,688
231,19,1.443483e-01,35.00000,36.00000,646
231,20,1.380458e-01,43.00000,35.00000,4970
231,21,1.399636e-01,41.00000,35.00000,617
231,22,1.412998e-01,37.00000,35.00000,1837
231,23,1.404237e-01,43.00000,35.00000,704
231,24,1.423378e-01,35.00000,36.00000,619
231,25,1.376061e-01,47.00000,35.00000,720
231,26,1.386323e-01,43.00000,35.00000,712
231,27,1.410617e-01,49.00000,35.00000,637
231,28,1.398507e-01,48.00000,35.00000,661
231,29,1.368676e-01,53.00000,30.00000,821
231,30,1.442867e-01,36.00000,35.00000,9127
231,31,1.404317e-01,36.00000,36.00000,659
231,32,1.375321e-01,36.00000,40.00000,3159
231,33,1.350883e-01,58.00000,30.00000,698
231,34,1.379233e-01,55.00000,30.00000,658
231,35,1.370284e-01,48.00000,35.00000,655
231,36,1.358074e-01,53.00000,30.00000,682
231,37,1.439156e-01,40.00000,35.00000,647
231,38,1.418846e-01,37.00000,40.00000,660
231,39,1.419435e-01,38.00000,35.00000,706
231,40,1.424368e-01,44.00000,35.00000,9889
231,41,1.417095e-01,45.00000,35.00000,620
231,42,1.430540e-01,37.00000,36.00000,1917
231,43,1.430308e-01,44.00000,35.00000,649
231,44,1.432539e-01,34.00000,36.00000,616
231,45,1.427383e-01,30.00000,36.00000,673
231,46,1.437924e-01,39.00000,40.00000,612
231,47,1.420779e-01,46.00000,35.00000,656
231,48,1.436162e-01,42.00000,36.00000,648
231,49,1.444838e-01,34.00000,36.00000,695
231,50,1.472892e-01,25.00000,36.00000,9555
231,51,1.417535e-01,49.00000,35.00000,692
231,52,1.432713e-01,45.00000,35.00000,1456
231,53,1.475233e-01,39.00000,36.00000,556
231,54,1.412661e-01,42.00000,36.00000,606
231,55,1.458272e-01,48.00000,35.00000,595
231,56,1.393460e-01,46.00000,35.00000,595
231,57,1.394531e-01,38.00000,36.00000,614
231,58,1.381540e-01,47.00000,35.00000,613
231,59,1.391359e-01,49.00000,35.00000,612
231,60,1.384304e-01,53.00000,30.00000,1040
231,61,1.443709e-01,40.00000,36.00000,614
231,62,1.429429e-01,49.00000,30.00000,614
231,63,1.422175e-01,35.00000,36.00000,600
231,64,1.379826e-01,52.00000,30.00000,605
231,65,1.381194e-01,59.00000,30.00000,640
231,66,1.398434e-01,42.00000,35.00000,614
231,67,1.393408e-01,36.00000,36.00000,614
231,68,1.347212e-01,55.00000,30.00000,621
231,69,1.463162e-01,43.00000,36.00000,609
231,70,1.391738e-01,47.00000,35.00000,611
231,71,1.468734e-01,38.00000,36.00000,568
232,0,1.364852e-01,59.00000,30.00000,4731
232,1,1.403482e-01,37.00000,35.00000,3562
232,2,1.422912e-01,43.00000,35.00000,685
232,3,1.394072e-01,43.00000,35.00000,599
232,4,1.347230e-01,56.00000,30.00000,712
232,5,1.357846e-01,49.00000,35.00000,766
232,6,1.354257e-01,49.00000,35.00000,682
232,7,1.372793e-01,54.00000,30.00000,656
232,8,1.371582e-01,42.00000,35.00000,758
232,9,1.356486e-01,51.00000,35.00000,646
232,10,1.383114e-01,39.00000,36.00000,7890
232,11,1.368381e-01,46.00000,35.00000,2993
232,12,1.368533e-01,48.00000,35.00000,715
232,13,1.383323e-01,49.00000,30.00000,658
232,14,1.326095e-01,60.00000,30.00000,698
232,15,1.377461e-01,46.00000,35.00000,730
232,16,1.397653e-01,42.00000,35.00000,693
232,17,1.394378e-01,49.00000,30.00000,651
232,18,1.418409e-01,43.00000,36.00000,612
232,19,1.379946e-01,54.00000,30.00000,665
232,20,1.388361e-01,47.00000,35.00000,6483
232,21,1.366935e-01,46.00000,35.00000,4182
232,22,1.425078e-01,48.00000,35.00000,716
232,23,1.348419e-01,53.00000,30.00000,644
232,24,1.359073e-01,58.00000,30.00000,705
232,25,1.378897e-01,53.00000,30.00000,631
232,26,1.425536e-01,35.00000,36.00000,698
232,27,1.424297e-01,37.00000,40.00000,662
232,28,1.325067e-01,54.00000,30.00000,707
232,29,1.412052e-01,45.00000,35.00000,596
232,30,1.353244e-01,45.00000,35.00000,3884
232,31,1.333234e-01,58.00000,30.00000,7078
232,32,1.366800e-01,54.00000,30.00000,675
232,33,1.338891e-01,55.00000,30.00000,700
232,34,1.358611e-01,54.00000,30.00000,1067
232,35,1.345376e-01,53.00000,30.00000,770
232,36,1.397804e-01,46.00000,35.00000,642
232,37,1.363017e-01,50.00000,35.00000,688
232,38,1.365746e-01,46.00000,35.00000,703
232,39,1.368572e-01,37.00000,35.00000,818
232,40,1.405760e-01,50.00000,35.00000,2410
232,41,1.381693e-01,48.00000,35.00000,8515
232,42,1.352961e-01,49.00000,30.00000,720
232,43,1.381194e-01,43.00000,36.00000,674
232,44,1.333851e-01,54.00000,30.00000,2005
232,45,1.396609e-01,49.00000,30.00000,629
232,46,1.355537e-01,52.00000,30.00000,673
232,47,1.346294e-01,49.00000,30.00000,814
232,48,1.345852e-01,45.00000,35.00000,660
232,49,1.367646e-01,57.00000,30.00000,656
232,50,1.347851e-01,38.00000,36.00000,758
232,51,1.420557e-01,49.00000,30.00000,8910
232,52,1.383675e-01,51.00000,30.00000,657
232,53,1.379950e-01,47.00000,35.00000,1732
232,54,1.390854e-01,44.00000,35.00000,659
232,55,1.373828e-01,38.00000,35.00000,652
232,56,1.413509e-01,51.00000,30.00000,600
232,57,1.468749e-01,30.00000,36.00000,607
232,58,1.389309e-01,49.00000,30.00000,594
232,59,1.400441e-01,49.00000,30.00000,606
232,60,1.439530e-01,25.00000,36.00000,601
232,61,1.441689e-01,43.00000,35.00000,851
232,62,1.393388e-01,42.00000,35.00000,600
232,63,1.421604e-01,35.00000,36.00000,634
232,64,1.344975e-01,57.00000,30.00000,630
232,65,1.393120e-01,41.00000,35.00000,598
232,66,1.367415e-01,55.00000,30.00000,620
232,67,1.379761e-01,52.00000,30.00000,597
232,68,1.414917e-01,49.00000,30.00000,591
232,69,1.369300e-01,35.00000,36.00000,634
232,70,1.398799e-01,53.00000,30.00000,609
232,71,1.345617e-01,54.00000,30.00000,613
233,0,1.399436e-01,42.00000,36.00000,10823
233,1,1.358363e-01,37.00000,35.00000,683
233,2,1.373712e-01,54.00000,30.00000,692
233,3,1.413085e-01,37.00000,35.00000,634
233,4,1.350114e-01,54.00000,30.00000,740
233,5,1.335554e-01,49.00000,30.00000,660
233,6,1.440256e-01,55.00000,30.00000,686
233,7,1.443484e-01,37.00000,36.00000,646
233,8,1.401434e-01,53.00000,30.00000,684
233,9,1.367450e-01,57.00000,30.00000,659
233,10,1.406139e-01,45.00000,35.00000,7708
233,11,1.362242e-01,49.00000,30.00000,691
233,12,1.419336e-01,35.00000,36.00000,865
233,13,1.327699e-01,55.00000,30.00000,695
233,14,1.369740e-01,54.00000,30.00000,676
233,15,1.418020e-01,41.00000,35.00000,702
233,16,1.333485e-01,44.00000,35.00000,660
233,17,1.322047e-01,55.00000,30.00000,703
233,18,1.413021e-01,49.00000,30.00000,738
233,19,1.364922e-01,49.00000,30.00000,655
233,20,1.415385e-01,57.00000,30.00000,10029
233,21,1.378743e-01,35.00000,36.00000,704
233,22,1.411090e-01,48.00000,35.00000,658
233,23,1.355770e-01,57.00000,30.00000,724
233,24,1.356875e-01,53.00000,30.00000,669
233,25,1.388092e-01,49.00000,30.00000,1171
233,26,1.426365e-01,46.00000,35.00000,636
233,27,1.358218e-01,49.00000,30.00000,716
233,28,1.357639e-01,55.00000,30.00000,656
233,29,1.371682e-01,45.00000,35.00000,671
233,30,1.415166e-01,37.00000,36.00000,7991
233,31,1.414976e-01,54.00000,30.00000,740
233,32,1.521843e-01,25.00000,36.00000,710
233,33,1.456606e-01,36.00000,36.00000,3666
233,34,1.440036e-01,43.00000,35.00000,663
233,35,1.411082e-01,45.00000,35.00000,649
233,36,1.426034e-01,57.00000,30.00000,684
233,37,1.419405e-01,41.00000,36.00000,629
233,38,1.454897e-01,37.00000,35.00000,728
233,39,1.411032e-01,37.00000,36.00000,624
233,40,1.366466e-01,54.00000,30.00000,4947
233,41,1.374742e-01,45.00000,35.00000,1426
233,42,1.336571e-01,57.00000,30.00000,1531
233,43,1.357563e-01,49.00000,30.00000,2994
233,44,1.366651e-01,49.00000,30.00000,629
233,45,1.352705e-01,51.00000,30.00000,690
233,46,1.356002e-01,53.00000,30.00000,702
233,47,1.411632e-01,42.00000,35.00000,648
233,48,1.370951e-01,47.00000,35.00000,689
233,49,1.407903e-01,42.00000,35.00000,705
233,50,1.374235e-01,49.00000,30.00000,6223
233,51,1.344168e-01,52.00000,30.00000,1497
233,52,1.342021e-01,57.00000,30.00000,699
233,53,1.374413e-01,52.00000,30.00000,1232
233,54,1.412404e-01,49.00000,30.00000,689
233,55,1.386497e-01,44.00000,35.00000,2410
233,56,1.373169e-01,48.00000,35.00000,651
233,57,1.363860e-01,53.00000,30.00000,662
233,58,1.385425e-01,43.00000,35.00000,607
233,59,1.345285e-01,47.00000,35.00000,670
233,60,1.370543e-01,51.00000,30.00000,2070
233,61,1.369093e-01,42.00000,35.00000,2147
233,62,1.430104e-01,43.00000,36.00000,591
233,63,1.340917e-01,54.00000,30.00000,614
233,64,1.385041e-01,49.00000,30.00000,612
233,65,1.408175e-01,53.00000,30.00000,610
233,66,1.381222e-01,43.00000,35.00000,616
233,67,1.418545e-01,54.00000,30.00000,608
233,68,1.386409e-01,42.00000,36.00000,609
233,69,1.364981e-01,46.00000,35.00000,630
233,70,1.361508e-01,53.00000,30.00000,613
233,71,1.352307e-01,54.00000,30.00000,619
234,0,1.374473e-01,54.00000,30.00000,2917
234,1,1.396784e-01,41.00000,36.00000,637
234,2,1.472025e-01,30.00000,36.00000,748
234,3,1.360350e-01,42.00000,35.00000,765
234,4,1.365435e-01,49.00000,30.00000,775
234,5,1.366905e-01,53.00000,30.00000,634
234,6,1.403791e-01,40.00000,35.00000,708
234,7,1.420358e-01,41.00000,35.00000,766
234,8,1.388828e-01,46.00000,35.00000,772
234,9,1.418278e-01,55.00000,30.00000,733
234,10,1.365908e-01,48.00000,35.00000,645
234,11,1.442858e-01,49.00000,30.00000,637
234,12,1.393837e-01,52.00000,30.00000,766
234,13,1.391490e-01,51.00000,30.00000,629
234,14,1.383028e-01,54.00000,30.00000,659
234,15,1.416140e-01,25.00000,36.00000,694
234,16,1.442978e-01,37.00000,36.00000,651
234,17,1.411965e-01,30.00000,36.00000,738
234,18,1.386932e-01,59.00000,30.00000,737
234,19,1.410730e-01,38.00000,36.00000,684
234,20,1.457075e-01,54.00000,30.00000,645
234,21,1.489802e-01,40.00000,36.00000,628
234,22,1.398615e-01,44.00000,35.00000,688
234,23,1.386441e-01,53.00000,30.00000,609
234,24,1.443851e-01,42.00000,35.00000,715
234,25,1.361020e-01,49.00000,30.00000,650
234,26,1.354651e-01,45.00000,36.00000,665
234,27,1.404148e-01,36.00000,40.00000,723
234,28,1.414537e-01,45.00000,36.00000,669
234,29,1.354108e-01,54.00000,30.00000,773
234,30,1.471121e-01,35.00000,36.00000,641
234,31,1.424037e-01,36.00000,36.00000,632
234,32,1.482941e-01,35.00000,36.00000,583
234,33,1.423001e-01,51.00000,30.00000,704
234,34,1.425432e-01,49.00000,30.00000,644
234,35,1.381629e-01,44.00000,35.00000,675
234,36,1.385902e-01,40.00000,36.00000,713
234,37,1.366010e-01,44.00000,35.00000,702
234,38,1.338829e-01,59.00000,30.00000,822
234,39,1.456553e-01,40.00000,40.00000,746
234,40,1.407182e-01,53.00000,30.00000,671
234,41,1.421671e-01,49.00000,30.00000,723
234,42,1.357898e-01,53.00000,30.00000,709
234,43,1.429876e-01,53.00000,30.00000,682
234,44,1.449009e-01,36.00000,36.00000,643
234,45,1.422658e-01,44.00000,35.00000,731
234,46,1.404855e-01,45.00000,35.00000,571
234,47,1.446784e-01,45.00000,35.00000,697
234,48,1.458912e-01,31.00000,36.00000,659
234,49,1.426702e-01,35.00000,36.00000,635
234,50,1.412117e-01,42.00000,35.00000,611
234,51,1.410018e-01,40.00000,35.00000,666
234,52,1.405050e-01,45.00000,35.00000,606
234,53,1.391327e-01,30.00000,36.00000,701
234,54,1.500897e-01,37.00000,36.00000,580
234,55,1.401812e-01,45.00000,36.00000,639
234,56,1.431018e-01,41.00000,36.00000,610
234,57,1.436945e-01,41.00000,36.00000,613
234,58,1.416668e-01,57.00000,30.00000,650
234,59,1.376705e-01,47.00000,35.00000,664
234,60,1.425741e-01,35.00000,36.00000,582
234,61,1.472574e-01,31.00000,36.00000,600
234,62,1.430123e-01,40.00000,36.00000,615
234,63,1.384654e-01,57.00000,30.00000,629
234,64,1.376368e-01,53.00000,30.00000,624
234,65,1.424119e-01,52.00000,30.00000,596
234,66,1.397053e-01,42.00000,35.00000,614
234,67,1.360849e-01,54.00000,30.00000,609
234,68,1.468946e-01,36.00000,35.00000,620
234,69,1.378286e-01,52.00000,30.00000,613
234,70,1.448902e-01,41.00000,35.00000,568
234,71,1.382167e-01,49.00000,30.00000,611
235,0,1.451963e-01,31.00000,36.00000,6677
235,1,1.389837e-01,45.00000,35.00000,723
235,2,1.385846e-01,41.00000,35.00000,620
235,3,1.456853e-01,38.00000,35.00000,677
235,4,1.423551e-01,43.00000,36.00000,639
235,5,1.427124e-01,53.00000,30.00000,651
235,6,1.378786e-01,54.00000,30.00000,780
235,7,1.384756e-01,45.00000,35.00000,629
235,8,1.398487e-01,53.00000,30.00000,736
235,9,1.438489e-01,41.00000,35.00000,624
235,10,1.379477e-01,46.00000,35.00000,663
235,11,1.445375e-01,57.00000,30.00000,2347
235,12,1.379514e-01,49.00000,30.00000,714
235,13,1.399090e-01,53.00000,30.00000,607
235,14,1.451199e-01,34.00000,36.00000,669
235,15,1.394848e-01,52.00000,30.00000,704
235,16,1.451343e-01,25.00000,36.00000,633
235,17,1.387313e-01,41.00000,36.00000,717
235,18,1.430768e-01,25.00000,36.00000,686
235,19,1.356011e-01,53.00000,30.00000,738
235,20,1.408814e-01,56.00000,30.00000,655
235,21,1.410142e-01,40.00000,36.00000,3478
235,22,1.430338e-01,36.00000,36.00000,595
235,23,1.395151e-01,45.00000,35.00000,653
235,24,1.401946e-01,44.00000,35.00000,745
235,25,1.416537e-01,35.00000,36.00000,590
235,26,1.386542e-01,49.00000,30.00000,675
235,27,1.449760e-01,43.00000,35.00000,637
235,28,1.431489e-01,42.00000,36.00000,666
235,29,1.412839e-01,57.00000,30.00000,745
235,30,1.350262e-01,49.00000,30.00000,649
235,31,1.360719e-01,46.00000,35.00000,10609
235,32,1.441507e-01,37.00000,36.00000,638
235,33,1.404609e-01,55.00000,30.00000,632
235,34,1.415161e-01,42.00000,35.00000,614
235,35,1.362927e-01,51.00000,30.00000,738
235,36,1.338222e-01,61.00000,30.00000,729
235,37,1.343661e-01,55.00000,30.00000,722
235,38,1.362051e-01,53.00000,30.00000,678
235,39,1.407631e-01,45.00000,35.00000,629
235,40,1.357137e-01,53.00000,30.00000,635
235,41,1.372614e-01,49.00000,35.00000,8776
235,42,1.396071e-01,53.00000,30.00000,607
235,43,1.413950e-01,40.00000,35.00000,712
235,44,1.404830e-01,52.00000,30.00000,667
235,45,1.466448e-01,30.00000,36.00000,684
235,46,1.370315e-01,48.00000,35.00000,1845
235,47,1.375704e-01,41.00000,35.00000,727
235,48,1.357300e-01,54.00000,30.00000,732
235,49,1.359973e-01,57.00000,30.00000,693
235,50,1.348433e-01,48.00000,35.00000,736
235,51,1.461134e-01,49.00000,30.00000,11907
235,52,1.417842e-01,31.00000,36.00000,645
235,53,1.378758e-01,49.00000,30.00000,641
235,54,1.375283e-01,45.00000,35.00000,663
235,55,1.376680e-01,48.00000,35.00000,645
235,56,1.391656e-01,50.00000,35.00000,663
235,57,1.452939e-01,35.00000,36.00000,613
235,58,1.401872e-01,57.00000,30.00000,646
235,59,1.404509e-01,40.00000,36.00000,619
235,60,1.490150e-01,49.00000,30.00000,590
235,61,1.432776e-01,37.00000,35.00000,607
235,62,1.391964e-01,44.00000,35.00000,633
235,63,1.449830e-01,36.00000,36.00000,615
235,64,1.360048e-01,55.00000,30.00000,621
235,65,1.417442e-01,35.00000,36.00000,611
235,66,1.400491e-01,43.00000,35.00000,595
235,67,1.363799e-01,44.00000,35.00000,618
235,68,1.375678e-01,53.00000,30.00000,623
235,69,1.376413e-01,51.00000,30.00000,631
235,70,1.396674e-01,49.00000,30.00000,593
235,71,1.402497e-01,40.00000,35.00000,593
236,0,1.374870e-01,54.00000,30.00000,5743
236,1,1.354126e-01,46.00000,35.00000,772
236,2,1.436104e-01,46.00000,36.00000,593
236,3,1.443333e-01,49.00000,30.00000,739
236,4,1.480958e-01,31.00000,36.00000,712
236,5,1.415090e-01,49.00000,30.00000,672
236,6,1.417232e-01,38.00000,36.00000,658
236,7,1.373261e-01,37.00000,40.00000,703
236,8,1.389410e-01,55.00000,30.00000,786
236,9,1.356958e-01,58.00000,30.00000,678
236,10,1.394957e-01,49.00000,30.00000,13035
236,11,1.366780e-01,49.00000,30.00000,2464
236,12,1.392601e-01,47.00000,35.00000,672
236,13,1.369584e-01,43.00000,35.00000,632
236,14,1.375250e-01,48.00000,35.00000,640
236,15,1.391380e-01,37.00000,35.00000,711
236,16,1.406241e-01,54.00000,30.00000,686
236,17,1.347072e-01,49.00000,30.00000,733
236,18,1.474595e-01,30.00000,36.00000,618
236,19,1.400777e-01,39.00000,36.00000,723
236,20,1.433127e-01,51.00000,30.00000,9599
236,21,1.391669e-01,40.00000,36.00000,637
236,22,1.459363e-01,41.00000,36.00000,1343
236,23,1.394185e-01,40.00000,35.00000,677
236,24,1.437254e-01,49.00000,30.00000,628
236,25,1.381936e-01,54.00000,30.00000,742
236,26,1.416835e-01,49.00000,35.00000,672
236,27,1.452678e-01,49.00000,30.00000,647
236,28,1.417071e-01,40.00000,36.00000,681
236,29,1.369764e-01,43.00000,35.00000,696
236,30,1.399270e-01,46.00000,35.00000,12419
236,31,1.398616e-01,57.00000,30.00000,662
236,32,1.426086e-01,36.00000,40.00000,671
236,33,1.404089e-01,43.00000,35.00000,640
236,34,1.385299e-01,46.00000,35.00000,675
236,35,1.371694e-01,44.00000,35.00000,682
236,36,1.375339e-01,53.00000,30.00000,689
236,37,1.360416e-01,53.00000,30.00000,739
236,38,1.407767e-01,40.00000,35.00000,715
236,39,1.446372e-01,41.00000,35.00000,653
236,40,1.339120e-01,53.00000,30.00000,8687
236,41,1.377675e-01,45.00000,35.00000,2027
236,42,1.373583e-01,54.00000,30.00000,706
236,43,1.389121e-01,42.00000,35.00000,680
236,44,1.359159e-01,49.00000,30.00000,617
236,45,1.399748e-01,49.00000,30.00000,733
236,46,1.325485e-01,57.00000,30.00000,689
236,47,1.361463e-01,45.00000,35.00000,739
236,48,1.409557e-01,30.00000,36.00000,712
236,49,1.401729e-01,36.00000,35.00000,710
236,50,1.394175e-01,52.00000,30.00000,11085
236,51,1.344658e-01,53.00000,30.00000,1431
236,52,1.409741e-01,53.00000,30.00000,689
236,53,1.398367e-01,43.00000,36.00000,690
236,54,1.359872e-01,51.00000,30.00000,655
236,55,1.366964e-01,45.00000,36.00000,659
236,56,1.403646e-01,57.00000,30.00000,683
236,57,1.344626e-01,49.00000,30.00000,637
236,58,1.410018e-01,49.00000,30.00000,632
236,59,1.400066e-01,38.00000,36.00000,632
236,60,1.367147e-01,49.00000,30.00000,616
236,61,1.410100e-01,49.00000,30.00000,631
236,62,1.421195e-01,38.00000,40.00000,626
236,63,1.403132e-01,43.00000,35.00000,609
236,64,1.375125e-01,54.00000,30.00000,634
236,65,1.403233e-01,49.00000,30.00000,592
236,66,1.405725e-01,40.00000,35.00000,604
236,67,1.341176e-01,52.00000,30.00000,639
236,68,1.434951e-01,49.00000,30.00000,592
236,69,1.456659e-01,38.00000,40.00000,584
236,70,1.406811e-01,48.00000,35.00000,644
236,71,1.422582e-01,40.00000,36.00000,640
237,0,1.408428e-01,43.00000,35.00000,5682
237,1,1.353546e-01,54.00000,30.00000,660
237,2,1.402131e-01,41.00000,35.00000,763
237,3,1.403358e-01,49.00000,30.00000,635
237,4,1.380900e-01,41.00000,36.00000,684
237,5,1.389352e-01,37.00000,40.00000,698
237,6,1.423576e-01,49.00000,30.00000,769
237,7,1.367785e-01,49.00000,35.00000,652
237,8,1.411389e-01,53.00000,30.00000,731
237,9,1.416396e-01,49.00000,30.00000,610
237,10,1.372311e-01,49.00000,30.00000,13272
237,11,1.397535e-01,40.00000,35.00000,690
237,12,1.394589e-01,57.00000,30.00000,660
237,13,1.427917e-01,54.00000,30.00000,678
237,14,1.349727e-01,52.00000,35.00000,625
237,15,1.417009e-01,35.00000,36.00000,686
237,16,1.348659e-01,45.00000,35.00000,696
237,17,1.343568e-01,53.00000,30.00000,752
237,18,1.431551e-01,56.00000,30.00000,630
237,19,1.462647e-01,30.00000,36.00000,695
237,20,1.384197e-01,49.00000,30.00000,9187
237,21,1.398126e-01,53.00000,30.00000,1890
237,22,1.467648e-01,33.00000,40.00000,655
237,23,1.417867e-01,37.00000,35.00000,674
237,24,1.355939e-01,45.00000,35.00000,689
237,25,1.397714e-01,49.00000,30.00000,653
237,26,1.477953e-01,42.00000,35.00000,568
237,27,1.373526e-01,48.00000,35.00000,682
237,28,1.433123e-01,37.00000,36.00000,678
237,29,1.359952e-01,52.00000,30.00000,626
237,30,1.453362e-01,37.00000,36.00000,11999
237,31,1.367533e-01,49.00000,30.00000,633
237,32,1.359404e-01,45.00000,35.00000,683
237,33,1.385388e-01,43.00000,35.00000,610
237,34,1.344020e-01,53.00000,30.00000,677
237,35,1.366737e-01,59.00000,30.00000,654
237,36,1.395810e-01,53.00000,30.00000,691
237,37,1.388930e-01,49.00000,30.00000,686
237,38,1.409865e-01,41.00000,36.00000,762
237,39,1.345988e-01,54.00000,30.00000,656
237,40,1.418496e-01,45.00000,35.00000,10081
237,41,1.446051e-01,37.00000,35.00000,648
237,42,1.356596e-01,47.00000,35.00000,682
237,43,1.379203e-01,49.00000,30.00000,664
237,44,1.395497e-01,40.00000,35.00000,704
237,45,1.394183e-01,42.00000,35.00000,667
237,46,1.352533e-01,49.00000,30.00000,766
237,47,1.368675e-01,55.00000,30.00000,682
237,48,1.421992e-01,39.00000,36.00000,666
237,49,1.374185e-01,53.00000,30.00000,690
237,50,1.374620e-01,46.00000,35.00000,10465
237,51,1.378933e-01,49.00000,30.00000,672
237,52,1.409436e-01,45.00000,36.00000,648
237,53,1.368193e-01,46.00000,35.00000,643
237,54,1.380411e-01,51.00000,30.00000,621
237,55,1.365010e-01,49.00000,30.00000,625
237,56,1.435373e-01,48.00000,35.00000,604
237,57,1.373943e-01,49.00000,30.00000,648
237,58,1.358962e-01,59.00000,30.00000,640
237,59,1.434413e-01,45.00000,36.00000,586
237,60,1.453976e-01,43.00000,35.00000,1719
237,61,1.452053e-01,40.00000,36.00000,573
237,62,1.487901e-01,44.00000,35.00000,584
237,63,1.433079e-01,43.00000,36.00000,599
237,64,1.381676e-01,42.00000,35.00000,611
237,65,1.374882e-01,55.00000,30.00000,619
237,66,1.407304e-01,47.00000,35.00000,618
237,67,1.452181e-01,48.00000,35.00000,595
237,68,1.390358e-01,49.00000,30.00000,595
237,69,1.475744e-01,37.00000,36.00000,597
237,70,1.438951e-01,46.00000,36.00000,590
237,71,1.409913e-01,48.00000,35.00000,596
238,0,1.409423e-01,43.00000,35.00000,2950
238,1,1.389786e-01,48.00000,35.00000,794
238,2,1.377279e-01,57.00000,30.00000,706
238,3,1.375960e-01,56.00000,30.00000,707
238,4,1.413005e-01,49.00000,30.00000,630
238,5,1.389153e-01,53.00000,30.00000,654
238,6,1.453314e-01,25.00000,36.00000,692
238,7,1.388094e-01,48.00000,35.00000,669
238,8,1.360730e-01,50.00000,30.00000,748
238,9,1.403491e-01,43.00000,35.00000,678
238,10,1.379918e-01,54.00000,30.00000,1581
238,11,1.410431e-01,37.00000,36.00000,2038
238,12,1.434646e-01,38.00000,35.00000,3508
238,13,1.429770e-01,51.00000,35.00000,647
238,14,1.416001e-01,54.00000,30.00000,623
238,15,1.416830e-01,45.00000,35.00000,663
238,16,1.366820e-01,58.00000,30.00000,642
238,17,1.423170e-01,42.00000,35.00000,688
238,18,1.398139e-01,53.00000,30.00000,670
238,19,1.447022e-01,36.00000,36.00000,686
238,20,1.408105e-01,49.00000,30.00000,5700
238,21,1.420846e-01,41.00000,36.00000,993
238,22,1.415615e-01,37.00000,36.00000,7340
238,23,1.408319e-01,56.00000,30.00000,660
238,24,1.372261e-01,52.00000,30.00000,684
238,25,1.375003e-01,49.00000,36.00000,661
238,26,1.430554e-01,53.00000,30.00000,678
238,27,1.528402e-01,25.00000,36.00000,659
238,28,1.381145e-01,54.00000,30.00000,716
238,29,1.399973e-01,48.00000,35.00000,688
238,30,1.367885e-01,53.00000,30.00000,5019
238,31,1.377573e-01,49.00000,30.00000,718
238,32,1.387124e-01,49.00000,30.00000,7538
238,33,1.370160e-01,36.00000,40.00000,700
238,34,1.369060e-01,49.00000,30.00000,673
238,35,1.358047e-01,53.00000,30.00000,716
238,36,1.341681e-01,49.00000,30.00000,666
238,37,1.364232e-01,53.00000,30.00000,705
238,38,1.347312e-01,49.00000,30.00000,670
238,39,1.384309e-01,41.00000,35.00000,682
238,40,1.430837e-01,37.00000,35.00000,2848
238,41,1.419558e-01,46.00000,35.00000,660
238,42,1.388709e-01,34.00000,36.00000,6038
238,43,1.372665e-01,47.00000,35.00000,706
238,44,1.378680e-01,57.00000,30.00000,629
238,45,1.441033e-01,37.00000,36.00000,650
238,46,1.446908e-01,42.00000,35.00000,613
238,47,1.375332e-01,54.00000,30.00000,701
238,48,1.407401e-01,58.00000,30.00000,652
238,49,1.429055e-01,43.00000,35.00000,699
238,50,1.362627e-01,49.00000,30.00000,1687
238,51,1.454306e-01,40.00000,36.00000,663
238,52,1.348808e-01,54.00000,30.00000,7033
238,53,1.477144e-01,35.00000,36.00000,613
238,54,1.391146e-01,40.00000,35.00000,620
238,55,1.352413e-01,49.00000,30.00000,662
238,56,1.410940e-01,57.00000,30.00000,668
238,57,1.330490e-01,56.00000,30.00000,619
238,58,1.363489e-01,49.00000,30.00000,609
238,59,1.400418e-01,52.00000,30.00000,601
238,60,1.432715e-01,41.00000,36.00000,607
238,61,1.375004e-01,55.00000,30.00000,625
238,62,1.365784e-01,49.00000,30.00000,609
238,63,1.398631e-01,46.00000,35.00000,609
238,64,1.368640e-01,57.00000,30.00000,629
238,65,1.408720e-01,41.00000,35.00000,601
238,66,1.455903e-01,37.00000,36.00000,613
238,67,1.418419e-01,49.00000,30.00000,620
238,68,1.427202e-01,30.00000,36.00000,608
238,69,1.375902e-01,53.00000,30.00000,618
238,70,1.414952e-01,47.00000,35.00000,592
238,71,1.413547e-01,51.00000,30.00000,599
239,0,1.376145e-01,37.00000,36.00000,3674
239,1,1.426366e-01,43.00000,36.00000,636
239,2,1.440608e-01,44.00000,35.00000,644
239,3,1.420093e-01,49.00000,30.00000,639
239,4,1.414896e-01,42.00000,36.00000,628
239,5,1.431291e-01,43.00000,35.00000,788
239,6,1.439241e-01,36.00000,40.00000,658
239,7,1.388721e-01,49.00000,35.00000,679
239,8,1.423722e-01,48.00000,35.00000,742
239,9,1.446476e-01,54.00000,30.00000,646
239,10,1.403053e-01,39.00000,35.00000,6479
239,11,1.405481e-01,49.00000,30.00000,704
239,12,1.410759e-01,36.00000,40.00000,732
239,13,1.407958e-01,43.00000,35.00000,631
239,14,1.424633e-01,56.00000,30.00000,671
239,15,1.381173e-01,48.00000,35.00000,714
239,16,1.415151e-01,46.00000,35.00000,619
239,17,1.443939e-01,40.00000,36.00000,722
239,18,1.394653e-01,51.00000,35.00000,689
239,19,1.434077e-01,37.00000,35.00000,593
239,20,1.392075e-01,41.00000,35.00000,7076
239,21,1.358255e-01,57.00000,30.00000,4147
239,22,1.380824e-01,55.00000,30.00000,696
239,23,1.378726e-01,38.00000,35.00000,672
239,24,1.392807e-01,54.00000,30.00000,652
239,25,1.376060e-01,42.00000,35.00000,756
239,26,1.382277e-01,56.00000,30.00000,663
239,27,1.382115e-01,37.00000,36.00000,703
239,28,1.396154e-01,44.00000,35.00000,739
239,29,1.414693e-01,53.00000,30.00000,689
239,30,1.386771e-01,36.00000,35.00000,3640
239,31,1.373351e-01,52.00000,30.00000,6194
239,32,1.356426e-01,49.00000,30.00000,707
239,33,1.439895e-01,38.00000,35.00000,637
239,34,1.373078e-01,44.00000,35.00000,773
239,35,1.360252e-01,53.00000,30.00000,672
239,36,1.390259e-01,53.00000,30.00000,696
239,37,1.378572e-01,44.00000,35.00000,658
239,38,1.411759e-01,42.00000,35.00000,653
239,39,1.391581e-01,53.00000,30.00000,641
239,40,1.348412e-01,55.00000,30.00000,703
239,41,1.398611e-01,53.00000,30.00000,9685
239,42,1.401555e-01,42.00000,36.00000,637
239,43,1.393217e-01,45.00000,35.00000,641
239,44,1.439908e-01,40.00000,36.00000,635
239,45,1.393968e-01,44.00000,35.00000,754
239,46,1.370606e-01,55.00000,30.00000,660
239,47,1.385109e-01,55.00000,30.00000,695
239,48,1.440326e-01,35.00000,36.00000,683
239,49,1.445874e-01,37.00000,36.00000,719
239,50,1.367519e-01,47.00000,35.00000,679
239,51,1.400713e-01,53.00000,30.00000,8764
239,52,1.509769e-01,56.00000,30.00000,622
239,53,1.387356e-01,35.00000,36.00000,596
239,54,1.442536e-01,39.00000,35.00000,586
239,55,1.355251e-01,54.00000,30.00000,670
239,56,1.467277e-01,44.00000,35.00000,586
239,57,1.494727e-01,49.00000,30.00000,588
239,58,1.396572e-01,57.00000,30.00000,630
239,59,1.436554e-01,45.00000,35.00000,575
239,60,1.415332e-01,35.00000,36.00000,614
239,61,1.369844e-01,52.00000,30.00000,613
239,62,1.392867e-01,59.00000,30.00000,639
239,63,1.418142e-01,60.00000,30.00000,635
239,64,1.453388e-01,34.00000,36.00000,604
239,65,1.422204e-01,49.00000,30.00000,606
239,66,1.447583e-01,49.00000,35.00000,596
239,67,1.499057e-01,30.00000,36.00000,591
239,68,1.403846e-01,41.00000,36.00000,626
239,69,1.417497e-01,41.00000,36.00000,596
239,70,1.422600e-01,37.00000,35.00000,597
239,71,1.466636e-01,42.00000,35.00000,574
240,0,1.474364e-01,35.00000,36.00000,10162
240,1,1.447763e-01,41.00000,40.00000,670
240,2,1.353179e-01,57.00000,30.00000,2180
240,3,1.439592e-01,49.00000,30.00000,680
240,4,1.433240e-01,49.00000,35.00000,650
240,5,1.409848e-01,37.00000,36.00000,728
240,6,1.363033e-01,53.00000,30.00000,712
240,7,1.380446e-01,55.00000,30.00000,751
240,8,1.388059e-01,41.00000,36.00000,716
240,9,1.355321e-01,49.00000,30.00000,750
240,10,1.383141e-01,57.00000,30.00000,10620
240,11,1.329197e-01,53.00000,30.00000,731
240,12,1.425050e-01,48.00000,35.00000,667
240,13,1.377995e-01,53.00000,30.00000,682
240,14,1.377674e-01,51.00000,35.00000,684
240,15,1.391515e-01,54.00000,30.00000,657
240,16,1.387141e-01,47.00000,35.00000,724
240,17,1.388185e-01,37.00000,35.00000,710
240,18,1.409643e-01,47.00000,35.00000,799
240,19,1.389686e-01,40.00000,36.00000,677
240,20,1.393840e-01,56.00000,30.00000,12633
240,21,1.409193e-01,34.00000,36.00000,666
240,22,1.416216e-01,57.00000,30.00000,662
240,23,1.352249e-01,58.00000,30.00000,693
240,24,1.379076e-01,49.00000,30.00000,695
240,25,1.459929e-01,55.00000,30.00000,619
240,26,1.353171e-01,53.00000,30.00000,654
240,27,1.406686e-01,30.00000,36.00000,747
240,28,1.399906e-01,39.00000,35.00000,671
240,29,1.399078e-01,31.00000,36.00000,650
240,30,1.435299e-01,39.00000,35.00000,5656
240,31,1.401222e-01,44.00000,35.00000,662
240,32,1.421868e-01,40.00000,35.00000,2193
240,33,1.361137e-01,54.00000,30.00000,801
240,34,1.368669e-01,47.00000,35.00000,1019
240,35,1.372707e-01,53.00000,30.00000,721
240,36,1.382404e-01,46.00000,35.00000,727
240,37,1.389280e-01,55.00000,30.00000,729
240,38,1.377087e-01,53.00000,30.00000,665
240,39,1.408426e-01,49.00000,30.00000,689
240,40,1.473537e-01,49.00000,30.00000,8552
240,41,1.437596e-01,54.00000,30.00000,664
240,42,1.413903e-01,49.00000,30.00000,2897
240,43,1.411051e-01,54.00000,30.00000,741
240,44,1.418937e-01,37.00000,36.00000,2213
240,45,1.379227e-01,41.00000,36.00000,682
240,46,1.423188e-01,43.00000,35.00000,702
240,47,1.371023e-01,54.00000,30.00000,672
240,48,1.407017e-01,49.00000,30.00000,746
240,49,1.384484e-01,49.00000,30.00000,647
240,50,1.416415e-01,37.00000,36.00000,5884
240,51,1.433734e-01,25.00000,36.00000,649
240,52,1.434009e-01,37.00000,35.00000,3550
240,53,1.357457e-01,47.00000,35.00000,703
240,54,1.456849e-01,44.00000,35.00000,1947
240,55,1.432178e-01,51.00000,30.00000,624
240,56,1.364371e-01,49.00000,30.00000,635
240,57,1.430978e-01,31.00000,36.00000,630
240,58,1.439681e-01,58.00000,30.00000,623
240,59,1.422018e-01,35.00000,36.00000,619
240,60,1.394889e-01,57.00000,30.00000,629
240,61,1.385401e-01,52.00000,30.00000,614
240,62,1.400812e-01,38.00000,35.00000,612
240,63,1.413358e-01,43.00000,35.00000,635
240,64,1.396978e-01,52.00000,30.00000,611
240,65,1.430358e-01,52.00000,30.00000,600
240,66,1.429238e-01,36.00000,35.00000,619
240,67,1.406678e-01,49.00000,30.00000,605
240,68,1.431607e-01,40.00000,35.00000,588
240,69,1.423432e-01,45.00000,36.00000,612
240,70,1.367605e-01,49.00000,30.00000,620
240,71,1.555974e-01,36.00000,36.00000,586
241,0,1.379300e-01,50.00000,35.00000,11097
241,1,1.428145e-01,52.00000,30.00000,638
241,2,1.385394e-01,49.00000,30.00000,640
241,3,1.368135e-01,54.00000,30.00000,701
241,4,1.376576e-01,48.00000,35.00000,622
241,5,1.348893e-01,48.00000,35.00000,753
241,6,1.455058e-01,38.00000,35.00000,609
241,7,1.409699e-01,41.00000,36.00000,731
241,8,1.470086e-01,38.00000,35.00000,708
241,9,1.395825e-01,54.00000,30.00000,668
241,10,1.446500e-01,55.00000,30.00000,9027
241,11,1.394989e-01,47.00000,36.00000,700
241,12,1.420823e-01,56.00000,30.00000,695
241,13,1.386404e-01,49.00000,30.00000,1507
241,14,1.387659e-01,47.00000,35.00000,729
241,15,1.402276e-01,46.00000,35.00000,692
241,16,1.403130e-01,35.00000,36.00000,725
241,17,1.359869e-01,47.00000,35.00000,658
241,18,1.449899e-01,31.00000,36.00000,731
241,19,1.410376e-01,45.00000,35.00000,656
241,20,1.452075e-01,41.00000,36.00000,2281
241,21,1.400798e-01,52.00000,30.00000,893
241,22,1.489371e-01,38.00000,35.00000,614
241,23,1.451137e-01,43.00000,36.00000,7697
241,24,1.420178e-01,41.00000,35.00000,670
241,25,1.427968e-01,47.00000,35.00000,626
241,26,1.376003e-01,48.00000,35.00000,642
241,27,1.393524e-01,57.00000,30.00000,741
241,28,1.455082e-01,41.00000,36.00000,790
241,29,1.439949e-01,52.00000,30.00000,616
241,30,1.365136e-01,49.00000,30.00000,695
241,31,1.429053e-01,49.00000,35.00000,627
241,32,1.406928e-01,49.00000,35.00000,697
241,33,1.385341e-01,53.00000,30.00000,8561
241,34,1.397657e-01,44.00000,35.00000,613
241,35,1.486483e-01,37.00000,36.00000,629
241,36,1.501696e-01,39.00000,35.00000,671
241,37,1.437526e-01,49.00000,30.00000,599
241,38,1.461587e-01,45.00000,35.00000,672
241,39,1.422861e-01,45.00000,35.00000,659
241,40,1.474975e-01,31.00000,36.00000,628
241,41,1.467536e-01,41.00000,36.00000,611
241,42,1.398494e-01,40.00000,35.00000,731
241,43,1.459246e-01,30.00000,36.00000,5116
241,44,1.423214e-01,38.00000,35.00000,620
241,45,1.395006e-01,46.00000,35.00000,696
241,46,1.420546e-01,38.00000,35.00000,604
241,47,1.431371e-01,49.00000,30.00000,732
241,48,1.438074e-01,42.00000,35.00000,619
241,49,1.403616e-01,49.00000,30.00000,768
241,50,1.402907e-01,46.00000,35.00000,647
241,51,1.449963e-01,41.00000,36.00000,594
241,52,1.420274e-01,54.00000,30.00000,671
241,53,1.432588e-01,35.00000,36.00000,4363
241,54,1.443340e-01,40.00000,35.00000,641
241,55,1.491211e-01,39.00000,35.00000,620
241,56,1.383530e-01,55.00000,30.00000,674
241,57,1.452216e-01,43.00000,36.00000,594
241,58,1.432518e-01,31.00000,36.00000,618
241,59,1.500272e-01,45.00000,35.00000,577
241,60,1.403155e-01,42.00000,36.00000,607
241,61,1.421405e-01,46.00000,35.00000,597
241,62,1.433998e-01,30.00000,36.00000,627
241,63,1.442192e-01,49.00000,30.00000,587
241,64,1.424976e-01,43.00000,36.00000,591
241,65,1.417883e-01,57.00000,30.00000,631
241,66,1.436598e-01,41.00000,35.00000,587
241,67,1.459687e-01,49.00000,35.00000,594
241,68,1.481882e-01,35.00000,36.00000,613
241,69,1.474656e-01,49.00000,30.00000,588
241,70,1.435957e-01,44.00000,36.00000,606
241,71,1.421384e-01,48.00000,35.00000,596
242,0,1.497108e-01,42.00000,36.00000,674
242,1,1.420946e-01,45.00000,35.00000,670
242,2,1.437897e-01,53.00000,30.00000,686
242,3,1.371837e-01,53.00000,30.00000,642
242,4,1.420779e-01,37.00000,36.00000,625
242,5,1.427151e-01,44.00000,35.00000,661
242,6,1.389494e-01,37.00000,35.00000,702
242,7,1.420002e-01,48.00000,35.00000,736
242,8,1.363411e-01,49.00000,30.00000,679
242,9,1.447612e-01,42.00000,36.00000,697
242,10,1.413600e-01,42.00000,35.00000,3306
242,11,1.428109e-01,38.00000,35.00000,680
242,12,1.418666e-01,47.00000,35.00000,640
242,13,1.470636e-01,41.00000,36.00000,636
242,14,1.425690e-01,47.00000,35.00000,629
242,15,1.371326e-01,55.00000,30.00000,714
242,16,1.389201e-01,47.00000,35.00000,691
242,17,1.389542e-01,53.00000,30.00000,730
242,18,1.416281e-01,46.00000,35.00000,629
242,19,1.400438e-01,46.00000,35.00000,672
242,20,1.374488e-01,49.00000,30.00000,10451
242,21,1.354274e-01,53.00000,30.00000,639
242,22,1.408938e-01,49.00000,30.00000,670
242,23,1.490774e-01,36.00000,36.00000,588
242,24,1.399728e-01,37.00000,35.00000,697
242,25,1.452678e-01,36.00000,35.00000,641
242,26,1.440684e-01,43.00000,36.00000,621
242,27,1.373182e-01,44.00000,35.00000,1421
242,28,1.389434e-01,53.00000,30.00000,682
242,29,1.437508e-01,37.00000,36.00000,650
242,30,1.392731e-01,49.00000,30.00000,8448
242,31,1.372797e-01,44.00000,35.00000,627
242,32,1.375117e-01,55.00000,30.00000,730
242,33,1.436225e-01,53.00000,30.00000,636
242,34,1.419616e-01,37.00000,40.00000,719
242,35,1.500105e-01,46.00000,35.00000,602
242,36,1.396872e-01,42.00000,36.00000,696
242,37,1.443502e-01,52.00000,30.00000,644
242,38,1.407541e-01,40.00000,35.00000,740
242,39,1.376300e-01,53.00000,30.00000,652
242,40,1.376032e-01,49.00000,30.00000,8996
242,41,1.418722e-01,56.00000,30.00000,616
242,42,1.410973e-01,48.00000,35.00000,696
242,43,1.396952e-01,55.00000,30.00000,694
242,44,1.408527e-01,49.00000,30.00000,650
242,45,1.385107e-01,44.00000,36.00000,649
242,46,1.449927e-01,40.00000,36.00000,674
242,47,1.439193e-01,50.00000,35.00000,675
242,48,1.400432e-01,57.00000,30.00000,650
242,49,1.438923e-01,31.00000,36.00000,636
242,50,1.450585e-01,47.00000,35.00000,8338
242,51,1.399812e-01,50.00000,35.00000,675
242,52,1.448972e-01,30.00000,36.00000,648
242,53,1.353180e-01,59.00000,30.00000,653
242,54,1.390236e-01,49.00000,30.00000,638
242,55,1.409925e-01,30.00000,36.00000,647
242,56,1.499895e-01,40.00000,36.00000,628
242,57,1.388212e-01,54.00000,30.00000,615
242,58,1.400814e-01,48.00000,35.00000,627
242,59,1.375160e-01,53.00000,30.00000,632
242,60,1.413788e-01,49.00000,35.00000,2084
242,61,1.424283e-01,42.00000,35.00000,605
242,62,1.383760e-01,60.00000,30.00000,636
242,63,1.361032e-01,56.00000,30.00000,622
242,64,1.392099e-01,38.00000,35.00000,613
242,65,1.425247e-01,49.00000,30.00000,605
242,66,1.420756e-01,44.00000,35.00000,635
242,67,1.428036e-01,53.00000,30.00000,609
242,68,1.428033e-01,37.00000,35.00000,627
242,69,1.361782e-01,57.00000,30.00000,635
242,70,1.368742e-01,43.00000,36.00000,625
242,71,1.382206e-01,53.00000,30.00000,619
243,0,1.374812e-01,54.00000,30.00000,977
243,1,1.402726e-01,49.00000,30.00000,691
243,2,1.430918e-01,40.00000,36.00000,753
243,3,1.475608e-01,36.00000,35.00000,636
243,4,1.371908e-01,52.00000,30.00000,741
243,5,1.434975e-01,38.00000,35.00000,615
243,6,1.490172e-01,36.00000,36.00000,708
243,7,1.378635e-01,49.00000,30.00000,632
243,8,1.360490e-01,53.00000,30.00000,736
243,9,1.410581e-01,41.00000,36.00000,746
243,10,1.417648e-01,42.00000,35.00000,3527
243,11,1.395793e-01,42.00000,36.00000,647
243,12,1.461821e-01,43.00000,35.00000,6243
243,13,1.364881e-01,49.00000,30.00000,645
243,14,1.386301e-01,53.00000,30.00000,1092
243,15,1.453771e-01,38.00000,36.00000,652
243,16,1.358246e-01,58.00000,30.00000,686
243,17,1.386835e-01,44.00000,35.00000,747
243,18,1.406639e-01,49.00000,30.00000,740
243,19,1.439963e-01,37.00000,35.00000,619
243,20,1.453111e-01,45.00000,35.00000,8473
243,21,1.445868e-01,45.00000,36.00000,611
243,22,1.401783e-01,54.00000,30.00000,5015
243,23,1.422848e-01,49.00000,30.00000,597
243,24,1.375188e-01,46.00000,35.00000,685
243,25,1.399647e-01,41.00000,40.00000,626
243,26,1.452290e-01,41.00000,35.00000,650
243,27,1.434229e-01,44.00000,35.00000,640
243,28,1.386103e-01,55.00000,30.00000,761
243,29,1.417920e-01,42.00000,35.00000,682
243,30,1.399877e-01,49.00000,30.00000,4241
243,31,1.439616e-01,52.00000,30.00000,3567
243,32,1.393635e-01,44.00000,35.00000,4785
243,33,1.462183e-01,42.00000,35.00000,662
243,34,1.369406e-01,56.00000,30.00000,702
243,35,1.415237e-01,53.00000,30.00000,681
243,36,1.372116e-01,48.00000,35.00000,653
243,37,1.406713e-01,40.00000,35.00000,611
243,38,1.384164e-01,59.00000,30.00000,705
243,39,1.418177e-01,36.00000,35.00000,634
243,40,1.435031e-01,25.00000,36.00000,2971
243,41,1.445044e-01,41.00000,35.00000,5145
243,42,1.372753e-01,54.00000,30.00000,5131
243,43,1.385725e-01,58.00000,30.00000,661
243,44,1.364281e-01,55.00000,30.00000,661
243,45,1.455761e-01,46.00000,35.00000,615
243,46,1.353131e-01,54.00000,30.00000,713
243,47,1.401365e-01,49.00000,30.00000,629
243,48,1.386160e-01,48.00000,35.00000,661
243,49,1.375103e-01,53.00000,30.00000,780
243,50,1.408543e-01,44.00000,35.00000,610
243,51,1.466342e-01,31.00000,36.00000,7226
243,52,1.389834e-01,46.00000,35.00000,4038
243,53,1.448239e-01,38.00000,35.00000,643
243,54,1.471296e-01,30.00000,36.00000,634
243,55,1.407604e-01,49.00000,30.00000,608
243,56,1.381108e-01,53.00000,30.00000,616
243,57,1.437654e-01,53.00000,30.00000,609
243,58,1.406602e-01,55.00000,30.00000,621
243,59,1.429693e-01,40.00000,35.00000,631
243,60,1.429093e-01,42.00000,35.00000,610
243,61,1.443809e-01,53.00000,30.00000,610
243,62,1.448646e-01,35.00000,36.00000,1075
243,63,1.339920e-01,49.00000,35.00000,635
243,64,1.372017e-01,43.00000,35.00000,637
243,65,1.440816e-01,46.00000,35.00000,604
243,66,1.412228e-01,54.00000,30.00000,606
243,67,1.408951e-01,38.00000,35.00000,601
243,68,1.363021e-01,54.00000,30.00000,607
243,69,1.412553e-01,51.00000,30.00000,615
243,70,1.393440e-01,49.00000,35.00000,614
243,71,1.414896e-01,42.00000,36.00000,621
244,0,1.453747e-01,41.00000,35.00000,649
244,1,1.410479e-01,53.00000,30.00000,669
244,2,1.419036e-01,57.00000,30.00000,677
244,3,1.434689e-01,41.00000,35.00000,637
244,4,1.374264e-01,53.00000,30.00000,781
244,5,1.429097e-01,41.00000,36.00000,637
244,6,1.434301e-01,37.00000,36.00000,712
244,7,1.463093e-01,35.00000,36.00000,706
244,8,1.451690e-01,42.00000,35.00000,661
244,9,1.357932e-01,48.00000,35.00000,713
244,10,1.471715e-01,35.00000,36.00000,782
244,11,1.422244e-01,52.00000,30.00000,726
244,12,1.415166e-01,44.00000,35.00000,1677
244,13,1.397096e-01,49.00000,35.00000,639
244,14,1.415856e-01,49.00000,30.00000,670
244,15,1.490154e-01,33.00000,40.00000,633
244,16,1.456244e-01,46.00000,35.00000,707
244,17,1.381437e-01,45.00000,35.00000,625
244,18,1.393582e-01,54.00000,30.00000,679
244,19,1.444941e-01,35.00000,36.00000,646
244,20,1.396731e-01,50.00000,35.00000,3268
244,21,1.442942e-01,49.00000,30.00000,625
244,22,1.442063e-01,44.00000,35.00000,3196
244,23,1.376584e-01,55.00000,30.00000,681
244,24,1.484855e-01,30.00000,36.00000,612
244,25,1.424604e-01,42.00000,35.00000,686
244,26,1.393834e-01,49.00000,30.00000,645
244,27,1.422425e-01,49.00000,30.00000,631
244,28,1.404501e-01,47.00000,35.00000,698
244,29,1.402388e-01,41.00000,36.00000,727
244,30,1.442417e-01,37.00000,35.00000,2852
244,31,1.435527e-01,57.00000,30.00000,691
244,32,1.395593e-01,49.00000,30.00000,1128
244,33,1.397652e-01,44.00000,35.00000,703
244,34,1.425778e-01,53.00000,30.00000,669
244,35,1.461592e-01,37.00000,36.00000,598
244,36,1.413224e-01,49.00000,30.00000,741
244,37,1.429954e-01,49.00000,30.00000,642
244,38,1.415307e-01,35.00000,36.00000,613
244,39,1.377357e-01,47.00000,35.00000,667
244,40,1.473078e-01,35.00000,36.00000,1273
244,41,1.445481e-01,43.00000,35.00000,613
244,42,1.472726e-01,58.00000,30.00000,3800
244,43,1.414757e-01,49.00000,30.00000,621
244,44,1.415741e-01,43.00000,35.00000,2836
244,45,1.537312e-01,37.00000,36.00000,598
244,46,1.525925e-01,31.00000,36.00000,604
244,47,1.458583e-01,43.00000,36.00000,649
244,48,1.411407e-01,44.00000,35.00000,726
244,49,1.429538e-01,40.00000,36.00000,643
244,50,1.411842e-01,48.00000,35.00000,6294
244,51,1.442108e-01,41.00000,36.00000,696
244,52,1.427432e-01,45.00000,35.00000,1159
244,53,1.434780e-01,39.00000,36.00000,722
244,54,1.463837e-01,46.00000,35.00000,2377
244,55,1.470895e-01,43.00000,36.00000,575
244,56,1.497502e-01,25.00000,36.00000,634
244,57,1.389946e-01,55.00000,30.00000,619
244,58,1.407340e-01,52.00000,35.00000,621
244,59,1.399041e-01,54.00000,30.00000,606
244,60,1.423889e-01,45.00000,35.00000,4323
244,61,1.448508e-01,30.00000,36.00000,610
244,62,1.403704e-01,38.00000,35.00000,616
244,63,1.406144e-01,54.00000,30.00000,608
244,64,1.459992e-01,44.00000,35.00000,610
244,65,1.423718e-01,30.00000,36.00000,635
244,66,1.410320e-01,59.00000,30.00000,647
244,67,1.444252e-01,42.00000,35.00000,605
244,68,1.405897e-01,52.00000,30.00000,602
244,69,1.398315e-01,58.00000,30.00000,626
244,70,1.367020e-01,53.00000,30.00000,617
244,71,1.367523e-01,58.00000,30.00000,629
245,0,1.405149e-01,43.00000,35.00000,2754
245,1,1.430380e-01,47.00000,35.00000,2886
245,2,1.422592e-01,41.00000,35.00000,675
245,3,1.489617e-01,38.00000,35.00000,640
245,4,1.422971e-01,30.00000,40.00000,724
245,5,1.424439e-01,47.00000,35.00000,707
245,6,1.410645e-01,59.00000,30.00000,711
245,7,1.448236e-01,42.00000,35.00000,574
245,8,1.438313e-01,48.00000,35.00000,720
245,9,1.438450e-01,45.00000,35.00000,604
245,10,1.515311e-01,31.00000,36.00000,6920
245,11,1.459690e-01,44.00000,35.00000,641
245,12,1.491509e-01,31.00000,36.00000,1824
245,13,1.458302e-01,56.00000,30.00000,656
245,14,1.460136e-01,36.00000,36.00000,627
245,15,1.434157e-01,49.00000,30.00000,661
245,16,1.404531e-01,39.00000,35.00000,694
245,17,1.445147e-01,36.00000,36.00000,706
245,18,1.466840e-01,48.00000,35.00000,630
245,19,1.495743e-01,37.00000,36.00000,595
245,20,1.471496e-01,40.00000,35.00000,11293
245,21,1.509172e-01,31.00000,36.00000,614
245,22,1.457850e-01,49.00000,30.00000,2544
245,23,1.339608e-01,53.00000,30.00000,654
245,24,1.386504e-01,52.00000,30.00000,736
245,25,1.438462e-01,45.00000,35.00000,690
245,26,1.391288e-01,48.00000,35.00000,725
245,27,1.470159e-01,40.00000,36.00000,663
245,28,1.455136e-01,41.00000,36.00000,569
245,29,1.573479e-01,31.00000,36.00000,648
245,30,1.412358e-01,45.00000,35.00000,11212
245,31,1.447673e-01,42.00000,36.00000,677
245,32,1.432566e-01,43.00000,35.00000,1986
245,33,1.447196e-01,36.00000,35.00000,609
245,34,1.484614e-01,25.00000,36.00000,647
245,35,1.398882e-01,49.00000,30.00000,644
245,36,1.484696e-01,36.00000,40.00000,638
245,37,1.425840e-01,49.00000,30.00000,729
245,38,1.418241e-01,40.00000,36.00000,648
245,39,1.388535e-01,44.00000,35.00000,701
245,40,1.441907e-01,43.00000,35.00000,10107
245,41,1.457209e-01,55.00000,30.00000,663
245,42,1.452454e-01,40.00000,35.00000,2550
245,43,1.415806e-01,55.00000,30.00000,663
245,44,1.397639e-01,49.00000,35.00000,672
245,45,1.424248e-01,47.00000,35.00000,619
245,46,1.438925e-01,35.00000,36.00000,630
245,47,1.433540e-01,25.00000,36.00000,731
245,48,1.433317e-01,45.00000,35.00000,616
245,49,1.396627e-01,49.00000,30.00000,717
245,50,1.429474e-01,36.00000,40.00000,11828
245,51,1.471238e-01,31.00000,36.00000,678
245,52,1.415776e-01,51.00000,30.00000,615
245,53,1.427010e-01,37.00000,35.00000,630
245,54,1.455898e-01,49.00000,30.00000,630
245,55,1.434148e-01,46.00000,36.00000,617
245,56,1.483630e-01,38.00000,35.00000,578
245,57,1.457579e-01,44.00000,36.00000,599
245,58,1.348303e-01,56.00000,30.00000,643
245,59,1.362438e-01,49.00000,30.00000,630
245,60,1.405170e-01,54.00000,30.00000,1407
245,61,1.422934e-01,44.00000,35.00000,594
245,62,1.366091e-01,52.00000,30.00000,615
245,63,1.432906e-01,54.00000,30.00000,606
245,64,1.420360e-01,44.00000,35.00000,620
245,65,1.431553e-01,46.00000,35.00000,635
245,66,1.380464e-01,57.00000,30.00000,629
245,67,1.410559e-01,47.00000,35.00000,587
245,68,1.385984e-01,53.00000,30.00000,616
245,69,1.472460e-01,37.00000,36.00000,614
245,70,1.433239e-01,30.00000,36.00000,620
245,71,1.419077e-01,42.00000,35.00000,617
246,0,1.420380e-01,43.00000,36.00000,1190
246,1,1.470488e-01,48.00000,35.00000,7377
246,2,1.412645e-01,48.00000,35.00000,689
246,3,1.365232e-01,56.00000,30.00000,762
246,4,1.415627e-01,44.00000,36.00000,723
246,5,1.440469e-01,43.00000,35.00000,659
246,6,1.454380e-01,47.00000,35.00000,602
246,7,1.400654e-01,54.00000,30.00000,723
246,8,1.411819e-01,55.00000,30.00000,670
246,9,1.406147e-01,46.00000,35.00000,668
246,10,1.375560e-01,49.00000,30.00000,7631
246,11,1.368000e-01,49.00000,30.00000,6080
246,12,1.477871e-01,38.00000,35.00000,696
246,13,1.357764e-01,54.00000,30.00000,654
246,14,1.425986e-01,34.00000,36.00000,662
246,15,1.375282e-01,38.00000,35.00000,716
246,16,1.432559e-01,54.00000,30.00000,711
246,17,1.448158e-01,37.00000,36.00000,668
246,18,1.419435e-01,49.00000,30.00000,603
246,19,1.395601e-01,47.00000,35.00000,683
246,20,1.415127e-01,49.00000,30.00000,6530
246,21,1.442704e-01,44.00000,36.00000,3473
246,22,1.403255e-01,43.00000,35.00000,787
246,23,1.441910e-01,58.00000,30.00000,639
246,24,1.447573e-01,54.00000,30.00000,709
246,25,1.361752e-01,52.00000,30.00000,641
246,26,1.376556e-01,49.00000,35.00000,728
246,27,1.396420e-01,44.00000,35.00000,663
246,28,1.429272e-01,39.00000,35.00000,729
246,29,1.395695e-01,51.00000,30.00000,622
246,30,1.357962e-01,55.00000,30.00000,9819
246,31,1.449208e-01,37.00000,36.00000,2377
246,32,1.396165e-01,39.00000,36.00000,1336
246,33,1.429937e-01,50.00000,35.00000,649
246,34,1.438914e-01,45.00000,36.00000,612
246,35,1.503992e-01,36.00000,36.00000,709
246,36,1.465016e-01,35.00000,36.00000,694
246,37,1.419535e-01,42.00000,35.00000,614
246,38,1.380785e-01,58.00000,30.00000,717
246,39,1.375118e-01,59.00000,30.00000,686
246,40,1.412662e-01,49.00000,30.00000,8277
246,41,1.403646e-01,47.00000,35.00000,3284
246,42,1.416709e-01,43.00000,35.00000,1490
246,43,1.501001e-01,49.00000,30.00000,619
246,44,1.455801e-01,55.00000,30.00000,686
246,45,1.451140e-01,30.00000,36.00000,669
246,46,1.442212e-01,37.00000,35.00000,597
246,47,1.439360e-01,36.00000,36.00000,665
246,48,1.481135e-01,47.00000,35.00000,634
246,49,1.474407e-01,42.00000,35.00000,697
246,50,1.437071e-01,43.00000,36.00000,7795
246,51,1.386293e-01,54.00000,30.00000,3655
246,52,1.465028e-01,34.00000,40.00000,597
246,53,1.376852e-01,53.00000,30.00000,639
246,54,1.374924e-01,54.00000,30.00000,663
246,55,1.374289e-01,42.00000,35.00000,620
246,56,1.383876e-01,49.00000,30.00000,633
246,57,1.382396e-01,54.00000,30.00000,620
246,58,1.415059e-01,49.00000,30.00000,620
246,59,1.436112e-01,47.00000,35.00000,590
246,60,1.394550e-01,46.00000,35.00000,840
246,61,1.420537e-01,37.00000,36.00000,833
246,62,1.376117e-01,46.00000,35.00000,621
246,63,1.376640e-01,54.00000,30.00000,609
246,64,1.367166e-01,49.00000,30.00000,613
246,65,1.427924e-01,38.00000,35.00000,622
246,66,1.410980e-01,49.00000,30.00000,614
246,67,1.395044e-01,53.00000,30.00000,610
246,68,1.414432e-01,49.00000,30.00000,618
246,69,1.392588e-01,53.00000,30.00000,615
246,70,1.380969e-01,42.00000,36.00000,621
246,71,1.372249e-01,55.00000,30.00000,625
247,0,1.362750e-01,47.00000,35.00000,6625
247,1,1.370197e-01,53.00000,30.00000,641
247,2,1.474219e-01,25.00000,36.00000,653
247,3,1.413619e-01,46.00000,35.00000,697
247,4,1.431763e-01,54.00000,30.00000,629
247,5,1.400990e-01,53.00000,30.00000,638
247,6,1.405195e-01,46.00000,35.00000,643
247,7,1.435489e-01,37.00000,35.00000,687
247,8,1.457539e-01,57.00000,30.00000,712
247,9,1.525396e-01,30.00000,36.00000,660
247,10,1.398395e-01,38.00000,35.00000,8846
247,11,1.372343e-01,54.00000,30.00000,2888
247,12,1.364637e-01,53.00000,30.00000,738
247,13,1.420857e-01,57.00000,30.00000,3405
247,14,1.390704e-01,53.00000,30.00000,678
247,15,1.418461e-01,49.00000,30.00000,659
247,16,1.371751e-01,55.00000,30.00000,708
247,17,1.396032e-01,45.00000,35.00000,642
247,18,1.397536e-01,41.00000,35.00000,702
247,19,1.434877e-01,37.00000,35.00000,639
247,20,1.393120e-01,49.00000,35.00000,7823
247,21,1.420217e-01,36.00000,35.00000,671
247,22,1.412901e-01,55.00000,30.00000,657
247,23,1.373304e-01,54.00000,30.00000,3026
247,24,1.419706e-01,48.00000,35.00000,602
247,25,1.370181e-01,53.00000,30.00000,728
247,26,1.417512e-01,47.00000,36.00000,660
247,27,1.446439e-01,49.00000,30.00000,733
247,28,1.429176e-01,49.00000,35.00000,653
247,29,1.480957e-01,42.00000,35.00000,591
247,30,1.455443e-01,39.00000,36.00000,7915
247,31,1.432778e-01,37.00000,36.00000,673
247,32,1.447801e-01,46.00000,35.00000,619
247,33,1.348872e-01,54.00000,30.00000,2751
247,34,1.354206e-01,49.00000,30.00000,678
247,35,1.334539e-01,57.00000,30.00000,689
247,36,1.403045e-01,52.00000,30.00000,627
247,37,1.473594e-01,43.00000,35.00000,606
247,38,1.367178e-01,55.00000,30.00000,677
247,39,1.360067e-01,49.00000,30.00000,678
247,40,1.416511e-01,38.00000,40.00000,8766
247,41,1.389365e-01,53.00000,30.00000,630
247,42,1.377799e-01,53.00000,30.00000,699
247,43,1.475923e-01,25.00000,36.00000,558
247,44,1.367164e-01,55.00000,30.00000,687
247,45,1.420952e-01,42.00000,35.00000,686
247,46,1.387945e-01,54.00000,30.00000,1266
247,47,1.429149e-01,40.00000,36.00000,629
247,48,1.378133e-01,55.00000,30.00000,643
247,49,1.440302e-01,37.00000,36.00000,683
247,50,1.411805e-01,53.00000,30.00000,8408
247,51,1.423530e-01,43.00000,35.00000,624
247,52,1.338763e-01,53.00000,30.00000,768
247,53,1.425680e-01,33.00000,40.00000,609
247,54,1.454059e-01,45.00000,36.00000,691
247,55,1.404841e-01,48.00000,35.00000,607
247,56,1.510420e-01,47.00000,35.00000,584
247,57,1.442538e-01,50.00000,30.00000,619
247,58,1.488576e-01,47.00000,35.00000,584
247,59,1.404057e-01,49.00000,30.00000,592
247,60,1.442177e-01,39.00000,36.00000,1504
247,61,1.475020e-01,30.00000,40.00000,601
247,62,1.442393e-01,35.00000,40.00000,597
247,63,1.402483e-01,57.00000,30.00000,629
247,64,1.390663e-01,49.00000,30.00000,629
247,65,1.456878e-01,46.00000,35.00000,598
247,66,1.428095e-01,44.00000,35.00000,605
247,67,1.450695e-01,43.00000,35.00000,593
247,68,1.380311e-01,57.00000,30.00000,630
247,69,1.343403e-01,55.00000,30.00000,634
247,70,1.391837e-01,47.00000,36.00000,626
247,71,1.414941e-01,53.00000,30.00000,613
248,0,1.390457e-01,53.00000,30.00000,3363
248,1,1.390758e-01,54.00000,30.00000,4208
248,2,1.480696e-01,43.00000,36.00000,639
248,3,1.460023e-01,45.00000,35.00000,615
248,4,1.447244e-01,43.00000,35.00000,727
248,5,1.409398e-01,41.00000,36.00000,626
248,6,1.436221e-01,43.00000,35.00000,686
248,7,1.421768e-01,54.00000,30.00000,706
248,8,1.424066e-01,38.00000,40.00000,773
248,9,1.370887e-01,43.00000,35.00000,715
248,10,1.442275e-01,31.00000,36.00000,7557
248,11,1.478010e-01,44.00000,35.00000,3889
248,12,1.440068e-01,49.00000,30.00000,640
248,13,1.464179e-01,42.00000,35.00000,634
248,14,1.459685e-01,48.00000,35.00000,666
248,15,1.499659e-01,37.00000,36.00000,593
248,16,1.438439e-01,42.00000,36.00000,627
248,17,1.379719e-01,61.00000,30.00000,678
248,18,1.474089e-01,38.00000,36.00000,673
248,19,1.424593e-01,39.00000,36.00000,723
248,20,1.392884e-01,56.00000,30.00000,8590
248,21,1.414638e-01,52.00000,30.00000,4267
248,22,1.367676e-01,49.00000,30.00000,624
248,23,1.350516e-01,59.00000,30.00000,739
248,24,1.456233e-01,35.00000,36.00000,2897
248,25,1.399787e-01,56.00000,30.00000,683
248,26,1.397141e-01,43.00000,35.00000,669
248,27,1.364061e-01,52.00000,30.00000,654
248,28,1.375067e-01,49.00000,30.00000,785
248,29,1.415775e-01,53.00000,30.00000,641
248,30,1.373037e-01,49.00000,30.00000,723
248,31,1.381840e-01,48.00000,35.00000,8847
248,32,1.365537e-01,53.00000,30.00000,749
248,33,1.411507e-01,52.00000,30.00000,601
248,34,1.394309e-01,60.00000,30.00000,2596
248,35,1.371354e-01,43.00000,35.00000,691
248,36,1.410151e-01,58.00000,30.00000,632
248,37,1.391551e-01,49.00000,35.00000,643
248,38,1.427763e-01,49.00000,30.00000,712
248,39,1.391666e-01,47.00000,35.00000,687
248,40,1.391577e-01,58.00000,30.00000,1538
248,41,1.441916e-01,35.00000,36.00000,9607
248,42,1.407298e-01,36.00000,35.00000,638
248,43,1.424074e-01,36.00000,40.00000,711
248,44,1.439728e-01,47.00000,35.00000,2733
248,45,1.402673e-01,43.00000,35.00000,763
248,46,1.377480e-01,52.00000,30.00000,627
248,47,1.451170e-01,36.00000,36.00000,709
248,48,1.419098e-01,40.00000,35.00000,634
248,49,1.476163e-01,49.00000,30.00000,612
248,50,1.457200e-01,53.00000,30.00000,1227
248,51,1.385297e-01,45.00000,35.00000,8415
248,52,1.405050e-01,36.00000,36.00000,659
248,53,1.383142e-01,36.00000,36.00000,650
248,54,1.361414e-01,54.00000,30.00000,1671
248,55,1.426916e-01,49.00000,30.00000,626
248,56,1.446718e-01,35.00000,36.00000,620
248,57,1.436382e-01,56.00000,30.00000,626
248,58,1.423437e-01,43.00000,35.00000,622
248,59,1.447483e-01,49.00000,30.00000,589
248,60,1.436320e-01,47.00000,35.00000,594
248,61,1.422798e-01,42.00000,35.00000,2503
248,62,1.443408e-01,43.00000,35.00000,577
248,63,1.429971e-01,52.00000,30.00000,627
248,64,1.420669e-01,55.00000,30.00000,620
248,65,1.420645e-01,47.00000,35.00000,600
248,66,1.456869e-01,37.00000,36.00000,582
248,67,1.470468e-01,37.00000,36.00000,598
248,68,1.472415e-01,47.00000,35.00000,585
248,69,1.405868e-01,57.00000,30.00000,630
248,70,1.453135e-01,44.00000,35.00000,584
248,71,1.448066e-01,37.00000,36.00000,614
249,0,1.400622e-01,49.00000,30.00000,629
249,1,1.395529e-01,55.00000,30.00000,733
249,2,1.432283e-01,37.00000,36.00000,713
249,3,1.368434e-01,59.00000,30.00000,653
249,4,1.405057e-01,36.00000,36.00000,695
249,5,1.436372e-01,47.00000,35.00000,623
249,6,1.426501e-01,47.00000,35.00000,676
249,7,1.445779e-01,48.00000,35.00000,726
249,8,1.392150e-01,42.00000,35.00000,744
249,9,1.430433e-01,49.00000,30.00000,744
249,10,1.394803e-01,36.00000,40.00000,11501
249,11,1.477850e-01,49.00000,35.00000,641
249,12,1.409795e-01,38.00000,35.00000,646
249,13,1.406708e-01,53.00000,30.00000,676
249,14,1.401970e-01,49.00000,30.00000,610
249,15,1.415999e-01,47.00000,35.00000,682
249,16,1.413232e-01,59.00000,30.00000,675
249,17,1.444006e-01,43.00000,35.00000,634
249,18,1.463472e-01,51.00000,30.00000,686
249,19,1.416016e-01,43.00000,35.00000,725
249,20,1.434979e-01,38.00000,35.00000,13492
249,21,1.360108e-01,53.00000,30.00000,691
249,22,1.408845e-01,49.00000,30.00000,632
249,23,1.421113e-01,46.00000,35.00000,700
249,24,1.381853e-01,53.00000,30.00000,644
249,25,1.402987e-01,54.00000,30.00000,651
249,26,1.375112e-01,41.00000,36.00000,695
249,27,1.401197e-01,49.00000,30.00000,683
249,28,1.395211e-01,56.00000,30.00000,698
249,29,1.398928e-01,49.00000,30.00000,675
249,30,1.420220e-01,43.00000,36.00000,12115
249,31,1.512471e-01,34.00000,36.00000,661
249,32,1.396107e-01,49.00000,30.00000,657
249,33,1.437009e-01,54.00000,30.00000,606
249,34,1.414053e-01,45.00000,35.00000,662
249,35,1.426272e-01,56.00000,30.00000,638
249,36,1.461222e-01,41.00000,36.00000,643
249,37,1.503325e-01,40.00000,35.00000,655
249,38,1.433123e-01,39.00000,36.00000,639
249,39,1.443156e-01,40.00000,36.00000,724
249,40,1.448689e-01,30.00000,36.00000,10186
249,41,1.411466e-01,55.00000,30.00000,669
249,42,1.411808e-01,43.00000,36.00000,643
249,43,1.416451e-01,49.00000,30.00000,670
249,44,1.438060e-01,51.00000,30.00000,625
249,45,1.405710e-01,55.00000,30.00000,666
249,46,1.385277e-01,46.00000,35.00000,712
249,47,1.399529e-01,47.00000,35.00000,706
249,48,1.467450e-01,37.00000,35.00000,669
249,49,1.432143e-01,45.00000,35.00000,786
249,50,1.401527e-01,49.00000,30.00000,11319
249,51,1.385802e-01,43.00000,36.00000,639
249,52,1.462636e-01,45.00000,35.00000,638
249,53,1.460815e-01,30.00000,36.00000,626
249,54,1.478433e-01,51.00000,30.00000,598
249,55,1.496664e-01,36.00000,40.00000,592
249,56,1.436436e-01,47.00000,36.00000,613
249,57,1.398643e-01,53.00000,30.00000,623
249,58,1.372162e-01,57.00000,30.00000,632
249,59,1.434814e-01,44.00000,35.00000,595
249,60,1.509417e-01,42.00000,35.00000,2066
249,61,1.508740e-01,30.00000,36.00000,593
249,62,1.495803e-01,49.00000,30.00000,588
249,63,1.437535e-01,44.00000,36.00000,587
249,64,1.443895e-01,39.00000,36.00000,608
249,65,1.377696e-01,57.00000,30.00000,629
249,66,1.418868e-01,43.00000,35.00000,619
249,67,1.426269e-01,47.00000,35.00000,605
249,68,1.463422e-01,47.00000,35.00000,610
249,69,1.446707e-01,40.00000,35.00000,596
249,70,1.461707e-01,37.00000,36.00000,583
249,71,1.422272e-01,38.00000,35.00000,618
250,0,1.416785e-01,33.00000,40.00000,1875
250,1,1.411530e-01,56.00000,30.00000,2843
250,2,1.440321e-01,37.00000,36.00000,1289
250,3,1.460299e-01,36.00000,36.00000,664
250,4,1.413546e-01,49.00000,35.00000,661
250,5,1.487414e-01,38.00000,35.00000,657
250,6,1.469526e-01,44.00000,35.00000,633
250,7,1.440476e-01,52.00000,30.00000,662
250,8,1.431780e-01,39.00000,35.00000,701
250,9,1.411047e-01,54.00000,30.00000,684
250,10,1.440787e-01,44.00000,35.00000,1600
250,11,1.446230e-01,46.00000,35.00000,3081
250,12,1.427404e-01,36.00000,35.00000,1878
250,13,1.446063e-01,35.00000,36.00000,662
250,14,1.426427e-01,40.00000,35.00000,663
250,15,1.491091e-01,39.00000,36.00000,617
250,16,1.423187e-01,46.00000,35.00000,741
250,17,1.491323e-01,45.00000,35.00000,650
250,18,1.397901e-01,56.00000,30.00000,736
250,19,1.437661e-01,49.00000,30.00000,706
250,20,1.399651e-01,48.00000,35.00000,2233
250,21,1.426508e-01,48.00000,35.00000,2474
250,22,1.445272e-01,31.00000,36.00000,4149
250,23,1.490314e-01,42.00000,35.00000,632
250,24,1.390756e-01,47.00000,35.00000,718
250,25,1.555128e-01,42.00000,35.00000,613
250,26,1.455526e-01,40.00000,36.00000,659
250,27,1.421019e-01,43.00000,36.00000,745
250,28,1.460871e-01,49.00000,30.00000,651
250,29,1.507524e-01,46.00000,35.00000,641
250,30,1.441791e-01,36.00000,36.00000,4007
250,31,1.449480e-01,46.00000,35.00000,5489
250,32,1.449474e-01,41.00000,35.00000,620
250,33,1.431797e-01,54.00000,30.00000,683
250,34,1.433457e-01,53.00000,30.00000,668
250,35,1.403337e-01,47.00000,35.00000,671
250,36,1.438008e-01,40.00000,36.00000,649
250,37,1.497952e-01,31.00000,36.00000,619
250,38,1.528678e-01,25.00000,36.00000,684
250,39,1.526172e-01,42.00000,36.00000,676
250,40,1.462425e-01,36.00000,36.00000,4473
250,41,1.425078e-01,45.00000,35.00000,5595
250,42,1.397603e-01,37.00000,36.00000,826
250,43,1.410079e-01,54.00000,30.00000,650
250,44,1.433860e-01,54.00000,30.00000,688
250,45,1.452100e-01,41.00000,35.00000,660
250,46,1.510872e-01,53.00000,30.00000,693
250,47,1.463012e-01,43.00000,36.00000,611
250,48,1.482112e-01,37.00000,35.00000,724
250,49,1.502465e-01,35.00000,36.00000,659
250,50,1.364267e-01,54.00000,30.00000,2946
250,51,1.404932e-01,57.00000,30.00000,10470
250,52,1.377063e-01,55.00000,30.00000,663
250,53,1.443226e-01,52.00000,30.00000,670
250,54,1.395887e-01,38.00000,40.00000,747
250,55,1.358286e-01,57.00000,30.00000,648
250,56,1.393053e-01,54.00000,30.00000,653
250,57,1.373982e-01,56.00000,30.00000,677
250,58,1.401475e-01,49.00000,35.00000,684
250,59,1.371919e-01,55.00000,30.00000,617
250,60,1.445153e-01,43.00000,36.00000,635
250,61,1.459843e-01,48.00000,35.00000,3617
250,62,1.441742e-01,44.00000,35.00000,606
250,63,1.418570e-01,39.00000,40.00000,621
250,64,1.422847e-01,49.00000,30.00000,603
250,65,1.460542e-01,49.00000,35.00000,600
250,66,1.404650e-01,44.00000,35.00000,601
250,67,1.415426e-01,49.00000,30.00000,642
250,68,1.418277e-01,46.00000,35.00000,612
250,69,1.393763e-01,49.00000,30.00000,624
250,70,1.440853e-01,35.00000,36.00000,612
250,71,1.437919e-01,37.00000,36.00000,615
251,0,1.403924e-01,47.00000,35.00000,174905
251,1,1.381002e-01,45.00000,35.00000,628
251,2,1.415638e-01,49.00000,30.00000,618
251,3,1.420259e-01,37.00000,35.00000,639
251,4,1.379661e-01,52.00000,30.00000,602
251,5,1.428183e-01,58.00000,30.00000,695
251,6,1.389948e-01,45.00000,35.00000,709
251,7,1.399202e-01,49.00000,30.00000,663
251,8,1.461969e-01,45.00000,35.00000,643
251,9,1.421702e-01,41.00000,35.00000,785
251,10,1.403674e-01,54.00000,30.00000,5701
251,11,1.470761e-01,30.00000,36.00000,710
251,12,1.430274e-01,44.00000,36.00000,3673
251,13,1.376488e-01,59.00000,30.00000,719
251,14,1.411668e-01,49.00000,30.00000,653
251,15,1.425902e-01,55.00000,30.00000,2756
251,16,1.388040e-01,47.00000,35.00000,629
251,17,1.458469e-01,39.00000,35.00000,692
251,18,1.478750e-01,45.00000,35.00000,629
251,19,1.443383e-01,40.00000,35.00000,719
251,20,1.414670e-01,45.00000,35.00000,3538
251,21,1.485627e-01,43.00000,36.00000,692
251,22,1.406671e-01,41.00000,36.00000,7391
251,23,1.449474e-01,36.00000,36.00000,680
251,24,1.431526e-01,41.00000,36.00000,720
251,25,1.370413e-01,57.00000,30.00000,734
251,26,1.466099e-01,49.00000,30.00000,719
251,27,1.500943e-01,39.00000,35.00000,602
251,28,1.487422e-01,49.00000,35.00000,631
251,29,1.479401e-01,31.00000,36.00000,689
251,30,1.492447e-01,31.00000,36.00000,4707
251,31,1.445947e-01,52.00000,30.00000,665
251,32,1.391598e-01,41.00000,35.00000,5766
251,33,1.451674e-01,43.00000,35.00000,666
251,34,1.439252e-01,35.00000,36.00000,626
251,35,1.392704e-01,52.00000,30.00000,3760
251,36,1.451441e-01,55.00000,30.00000,767
251,37,1.446821e-01,37.00000,36.00000,695
251,38,1.405065e-01,54.00000,30.00000,640
251,39,1.421988e-01,54.00000,30.00000,659
251,40,1.469106e-01,44.00000,35.00000,675
251,41,1.453636e-01,39.00000,36.00000,649
251,42,1.487665e-01,45.00000,35.00000,4046
251,43,1.422441e-01,41.00000,40.00000,685
251,44,1.432608e-01,38.00000,36.00000,658
251,45,1.406647e-01,42.00000,35.00000,4791
251,46,1.491035e-01,42.00000,36.00000,722
251,47,1.411242e-01,57.00000,30.00000,669
251,48,1.408557e-01,45.00000,35.00000,760
251,49,1.413517e-01,49.00000,30.00000,702
251,50,1.419967e-01,54.00000,30.00000,665
251,51,1.447520e-01,42.00000,35.00000,610
251,52,1.569452e-01,25.00000,36.00000,8517
251,53,1.412795e-01,44.00000,35.00000,617
251,54,1.422881e-01,45.00000,35.00000,627
251,55,1.415440e-01,49.00000,30.00000,2770
251,56,1.469221e-01,38.00000,35.00000,585
251,57,1.483607e-01,37.00000,36.00000,642
251,58,1.431744e-01,30.00000,36.00000,634
251,59,1.449233e-01,48.00000,35.00000,614
251,60,1.381305e-01,46.00000,35.00000,619
251,61,1.422509e-01,53.00000,30.00000,625
251,62,1.386327e-01,49.00000,30.00000,598
251,63,1.415224e-01,49.00000,30.00000,593
251,64,1.518490e-01,37.00000,40.00000,562
251,65,1.430991e-01,58.00000,30.00000,623
251,66,1.380732e-01,54.00000,30.00000,608
251,67,1.400895e-01,55.00000,30.00000,624
251,68,1.441318e-01,49.00000,30.00000,590
251,69,1.421000e-01,46.00000,36.00000,618
251,70,1.445033e-01,46.00000,35.00000,615
251,71,1.423479e-01,38.00000,35.00000,609
252,0,1.378266e-01,55.00000,30.00000,8463
252,1,1.430300e-01,53.00000,30.00000,644
252,2,1.449310e-01,41.00000,35.00000,787
252,3,1.432628e-01,34.00000,40.00000,660
252,4,1.443401e-01,31.00000,36.00000,727
252,5,1.467586e-01,30.00000,36.00000,642
252,6,1.458074e-01,41.00000,36.00000,620
252,7,1.421406e-01,55.00000,30.00000,743
252,8,1.398676e-01,53.00000,30.00000,727
252,9,1.390877e-01,59.00000,30.00000,676
252,10,1.407944e-01,53.00000,30.00000,4947
252,11,1.397244e-01,49.00000,30.00000,653
252,12,1.417845e-01,47.00000,35.00000,699
252,13,1.396483e-01,39.00000,35.00000,669
252,14,1.406440e-01,41.00000,36.00000,645
252,15,1.431673e-01,58.00000,30.00000,685
252,16,1.449316e-01,44.00000,35.00000,606
252,17,1.419601e-01,54.00000,30.00000,691
252,18,1.388282e-01,46.00000,36.00000,753
252,19,1.415758e-01,59.00000,30.00000,683
252,20,1.386826e-01,49.00000,30.00000,629
252,21,1.388947e-01,46.00000,35.00000,624
252,22,1.371090e-01,41.00000,35.00000,662
252,23,1.383912e-01,49.00000,30.00000,663
252,24,1.385404e-01,52.00000,30.00000,649
252,25,1.385880e-01,54.00000,30.00000,667
252,26,1.367671e-01,52.00000,30.00000,763
252,27,1.402285e-01,53.00000,30.00000,660
252,28,1.397707e-01,51.00000,30.00000,687
252,29,1.399564e-01,49.00000,30.00000,712
252,30,1.374793e-01,47.00000,35.00000,633
252,31,1.449442e-01,30.00000,36.00000,680
252,32,1.416187e-01,44.00000,35.00000,599
252,33,1.423532e-01,53.00000,30.00000,643
252,34,1.443194e-01,46.00000,35.00000,676
252,35,1.449057e-01,36.00000,36.00000,685
252,36,1.424567e-01,39.00000,35.00000,704
252,37,1.439602e-01,41.00000,36.00000,662
252,38,1.455231e-01,46.00000,35.00000,711
252,39,1.437967e-01,53.00000,30.00000,661
252,40,1.478915e-01,45.00000,35.00000,611
252,41,1.483929e-01,42.00000,35.00000,633
252,42,1.452862e-01,54.00000,30.00000,658
252,43,1.421418e-01,54.00000,30.00000,607
252,44,1.454492e-01,42.00000,35.00000,651
252,45,1.424973e-01,45.00000,35.00000,671
252,46,1.405672e-01,46.00000,35.00000,657
252,47,1.427128e-01,49.00000,30.00000,659
252,48,1.494482e-01,38.00000,36.00000,665
252,49,1.465706e-01,42.00000,35.00000,679
252,50,1.460969e-01,41.00000,35.00000,601
252,51,1.390933e-01,42.00000,35.00000,686
252,52,1.423309e-01,35.00000,40.00000,621
252,53,1.417381e-01,41.00000,36.00000,645
252,54,1.412724e-01,48.00000,35.00000,595
252,55,1.445468e-01,43.00000,35.00000,598
252,56,1.410421e-01,45.00000,35.00000,652
252,57,1.440519e-01,47.00000,35.00000,600
252,58,1.453110e-01,56.00000,30.00000,615
252,59,1.479272e-01,37.00000,36.00000,572
252,60,1.412385e-01,52.00000,30.00000,625
252,61,1.442998e-01,34.00000,36.00000,603
252,62,1.438833e-01,58.00000,30.00000,628
252,63,1.496436e-01,54.00000,30.00000,606
252,64,1.455009e-01,47.00000,35.00000,584
252,65,1.482145e-01,36.00000,36.00000,576
252,66,1.410205e-01,40.00000,36.00000,635
252,67,1.439301e-01,36.00000,36.00000,611
252,68,1.528551e-01,37.00000,35.00000,576
252,69,1.450681e-01,39.00000,36.00000,589
252,70,1.435743e-01,44.00000,35.00000,596
252,71,1.367949e-01,53.00000,30.00000,628
253,0,1.432391e-01,49.00000,30.00000,4079
253,1,1.400161e-01,51.00000,30.00000,699
253,2,1.406067e-01,44.00000,36.00000,673
253,3,1.455617e-01,40.00000,36.00000,754
253,4,1.391367e-01,53.00000,30.00000,662
253,5,1.459329e-01,46.00000,35.00000,609
253,6,1.443672e-01,36.00000,36.00000,765
253,7,1.380357e-01,52.00000,30.00000,604
253,8,1.372432e-01,58.00000,30.00000,657
253,9,1.380763e-01,53.00000,30.00000,718
253,10,1.484856e-01,53.00000,30.00000,9918
253,11,1.511890e-01,39.00000,35.00000,652
253,12,1.494444e-01,34.00000,36.00000,629
253,13,1.437081e-01,43.00000,35.00000,692
253,14,1.409526e-01,49.00000,35.00000,716
253,15,1.436009e-01,46.00000,35.00000,640
253,16,1.418108e-01,40.00000,35.00000,662
253,17,1.455960e-01,41.00000,36.00000,683
253,18,1.489315e-01,41.00000,35.00000,660
253,19,1.457259e-01,41.00000,36.00000,665
253,20,1.408415e-01,53.00000,30.00000,9668
253,21,1.418654e-01,45.00000,35.00000,672
253,22,1.400023e-01,49.00000,30.00000,682
253,23,1.392309e-01,52.00000,30.00000,708
253,24,1.430770e-01,42.00000,36.00000,675
253,25,1.405562e-01,49.00000,30.00000,657
253,26,1.373428e-01,53.00000,30.00000,696
253,27,1.392556e-01,49.00000,30.00000,755
253,28,1.360762e-01,53.00000,30.00000,747
253,29,1.378855e-01,43.00000,36.00000,780
253,30,1.511286e-01,30.00000,36.00000,10751
253,31,1.437235e-01,36.00000,36.00000,690
253,32,1.414666e-01,42.00000,35.00000,673
253,33,1.384218e-01,49.00000,30.00000,651
253,34,1.439212e-01,43.00000,35.00000,694
253,35,1.459829e-01,54.00000,30.00000,642
253,36,1.376524e-01,42.00000,35.00000,745
253,37,1.400482e-01,53.00000,30.00000,707
253,38,1.435746e-01,52.00000,30.00000,638
253,39,1.407427e-01,49.00000,30.00000,716
253,40,1.493217e-01,25.00000,36.00000,10529
253,41,1.416542e-01,52.00000,30.00000,688
253,42,1.446132e-01,37.00000,36.00000,667
253,43,1.447303e-01,40.00000,35.00000,659
253,44,1.486066e-01,49.00000,30.00000,665
253,45,1.474731e-01,43.00000,35.00000,631
253,46,1.453207e-01,49.00000,35.00000,691
253,47,1.447973e-01,38.00000,36.00000,645
253,48,1.390384e-01,54.00000,30.00000,667
253,49,1.464552e-01,30.00000,36.00000,746
253,50,1.404283e-01,52.00000,30.00000,10556
253,51,1.363827e-01,53.00000,30.00000,676
253,52,1.394991e-01,43.00000,35.00000,722
253,53,1.399834e-01,49.00000,30.00000,659
253,54,1.379329e-01,56.00000,30.00000,628
253,55,1.425879e-01,53.00000,30.00000,610
253,56,1.374493e-01,57.00000,30.00000,640
253,57,1.438173e-01,43.00000,35.00000,594
253,58,1.430856e-01,38.00000,35.00000,615
253,59,1.463436e-01,25.00000,36.00000,637
253,60,1.390937e-01,46.00000,35.00000,1069
253,61,1.458700e-01,39.00000,35.00000,630
253,62,1.357394e-01,53.00000,30.00000,628
253,63,1.441766e-01,49.00000,35.00000,600
253,64,1.423404e-01,53.00000,30.00000,609
253,65,1.446383e-01,45.00000,35.00000,619
253,66,1.411812e-01,42.00000,35.00000,594
253,67,1.461658e-01,57.00000,30.00000,629
253,68,1.386719e-01,49.00000,30.00000,616
253,69,1.446407e-01,38.00000,36.00000,632
253,70,1.472788e-01,35.00000,36.00000,598
253,71,1.433053e-01,46.00000,35.00000,616
254,0,1.422500e-01,48.00000,35.00000,1370
254,1,1.397090e-01,53.00000,30.00000,1247
254,2,1.455044e-01,54.00000,30.00000,1683
254,3,1.440921e-01,37.00000,35.00000,710
254,4,1.456837e-01,42.00000,36.00000,595
254,5,1.432267e-01,43.00000,35.00000,656
254,6,1.419482e-01,43.00000,35.00000,710
254,7,1.403145e-01,47.00000,35.00000,751
254,8,1.458806e-01,47.00000,35.00000,657
254,9,1.382150e-01,49.00000,30.00000,768
254,10,1.434224e-01,58.00000,30.00000,13352
254,11,1.431399e-01,52.00000,30.00000,687
254,12,1.430872e-01,30.00000,36.00000,644
254,13,1.407660e-01,49.00000,35.00000,650
254,14,1.446824e-01,44.00000,35.00000,624
254,15,1.371682e-01,59.00000,30.00000,704
254,16,1.456989e-01,43.00000,35.00000,717
254,17,1.473715e-01,36.00000,36.00000,651
254,18,1.399589e-01,44.00000,35.00000,647
254,19,1.466780e-01,41.00000,35.00000,711
254,20,1.456093e-01,31.00000,36.00000,13729
254,21,1.412319e-01,47.00000,35.00000,611
254,22,1.387033e-01,54.00000,30.00000,688
254,23,1.419070e-01,50.00000,35.00000,674
254,24,1.370282e-01,52.00000,30.00000,652
254,25,1.387855e-01,43.00000,35.00000,695
254,26,1.378786e-01,54.00000,30.00000,678
254,27,1.407288e-01,45.00000,35.00000,736
254,28,1.383028e-01,56.00000,30.00000,741
254,29,1.382485e-01,53.00000,30.00000,656
254,30,1.387106e-01,53.00000,30.00000,11244
254,31,1.483865e-01,42.00000,35.00000,670
254,32,1.421929e-01,47.00000,35.00000,601
254,33,1.434443e-01,37.00000,36.00000,639
254,34,1.413718e-01,49.00000,30.00000,648
254,35,1.388246e-01,49.00000,30.00000,606
254,36,1.413006e-01,45.00000,35.00000,691
254,37,1.428695e-01,53.00000,30.00000,668
254,38,1.423434e-01,45.00000,35.00000,641
254,39,1.433591e-01,41.00000,36.00000,685
254,40,1.411320e-01,52.00000,30.00000,10491
254,41,1.409296e-01,47.00000,35.00000,656
254,42,1.366389e-01,52.00000,30.00000,688
254,43,1.410430e-01,41.00000,35.00000,642
254,44,1.358180e-01,55.00000,30.00000,725
254,45,1.386085e-01,53.00000,30.00000,651
254,46,1.412193e-01,51.00000,35.00000,681
254,47,1.385706e-01,52.00000,30.00000,617
254,48,1.432648e-01,52.00000,30.00000,645
254,49,1.367869e-01,53.00000,30.00000,667
254,50,1.446758e-01,53.00000,30.00000,12218
254,51,1.426305e-01,44.00000,35.00000,595
254,52,1.428539e-01,42.00000,35.00000,597
254,53,1.454223e-01,41.00000,35.00000,648
254,54,1.444671e-01,45.00000,36.00000,585
254,55,1.444429e-01,30.00000,36.00000,601
254,56,1.481863e-01,31.00000,36.00000,577
254,57,1.460019e-01,45.00000,35.00000,613
254,58,1.415764e-01,57.00000,30.00000,649
254,59,1.528838e-01,45.00000,35.00000,573
254,60,1.416720e-01,37.00000,36.00000,627
254,61,1.444349e-01,47.00000,35.00000,587
254,62,1.484429e-01,43.00000,35.00000,582
254,63,1.451092e-01,42.00000,35.00000,623
254,64,1.366196e-01,52.00000,30.00000,656
254,65,1.435419e-01,51.00000,35.00000,612
254,66,1.425426e-01,48.00000,35.00000,614
254,67,1.387953e-01,53.00000,30.00000,611
254,68,1.457368e-01,36.00000,36.00000,593
254,69,1.439902e-01,58.00000,30.00000,625
254,70,1.429248e-01,49.00000,30.00000,593
254,71,1.425491e-01,48.00000,35.00000,597
255,0,1.498702e-01,43.00000,35.00000,2547
255,1,1.405516e-01,57.00000,30.00000,5011
255,2,1.358238e-01,52.00000,30.00000,1400
255,3,1.398391e-01,48.00000,35.00000,658
255,4,1.397373e-01,49.00000,30.00000,679
255,5,1.508754e-01,39.00000,36.00000,684
255,6,1.389820e-01,35.00000,36.00000,661
255,7,1.440900e-01,49.00000,30.00000,658
255,8,1.435362e-01,46.00000,35.00000,639
255,9,1.494270e-01,36.00000,40.00000,599
255,10,1.410107e-01,54.00000,30.00000,6878
255,11,1.467286e-01,41.00000,36.00000,7356
255,12,1.426273e-01,49.00000,35.00000,602
255,13,1.547467e-01,48.00000,35.00000,606
255,14,1.350959e-01,49.00000,30.00000,682
255,15,1.482239e-01,34.00000,36.00000,614
255,16,1.383878e-01,50.00000,30.00000,734
255,17,1.441889e-01,41.00000,36.00000,645
255,18,1.437879e-01,41.00000,36.00000,629
255,19,1.423849e-01,49.00000,30.00000,700
255,20,1.426054e-01,39.00000,35.00000,6299
255,21,1.403846e-01,58.00000,30.00000,7329
255,22,1.471941e-01,49.00000,30.00000,616
255,23,1.403354e-01,54.00000,30.00000,686
255,24,1.404257e-01,49.00000,30.00000,633
255,25,1.446010e-01,39.00000,36.00000,646
255,26,1.396358e-01,45.00000,36.00000,681
255,27,1.382522e-01,57.00000,30.00000,662
255,28,1.450419e-01,54.00000,30.00000,672
255,29,1.505110e-01,44.00000,35.00000,634
255,30,1.388089e-01,46.00000,35.00000,758
255,31,1.428253e-01,46.00000,36.00000,12707
255,32,1.364070e-01,49.00000,30.00000,654
255,33,1.448698e-01,40.00000,35.00000,683
255,34,1.370576e-01,52.00000,30.00000,668
255,35,1.349656e-01,59.00000,30.00000,688
255,36,1.404973e-01,53.00000,30.00000,674
255,37,1.391708e-01,51.00000,30.00000,620
255,38,1.412734e-01,41.00000,36.00000,704
255,39,1.375391e-01,49.00000,35.00000,644
255,40,1.386536e-01,54.00000,30.00000,670
255,41,1.463531e-01,49.00000,30.00000,7797
255,42,1.464130e-01,40.00000,35.00000,627
255,43,1.424367e-01,42.00000,35.00000,645
255,44,1.439815e-01,50.00000,35.00000,713
255,45,1.432376e-01,52.00000,30.00000,653
255,46,1.430857e-01,37.00000,36.00000,740
255,47,1.437047e-01,49.00000,30.00000,700
255,48,1.495276e-01,40.00000,35.00000,614
255,49,1.412978e-01,44.00000,35.00000,681
255,50,1.417301e-01,30.00000,36.00000,669
255,51,1.424466e-01,43.00000,36.00000,12776
255,52,1.404966e-01,49.00000,30.00000,669
255,53,1.394859e-01,39.00000,36.00000,658
255,54,1.433937e-01,49.00000,30.00000,664
255,55,1.387742e-01,56.00000,30.00000,637
255,56,1.408226e-01,49.00000,30.00000,610
255,57,1.433303e-01,49.00000,30.00000,652
255,58,1.411359e-01,50.00000,35.00000,610
255,59,1.446339e-01,42.00000,35.00000,593
255,60,1.351765e-01,59.00000,30.00000,644
255,61,1.404898e-01,48.00000,35.00000,975
255,62,1.405468e-01,46.00000,35.00000,609
255,63,1.441697e-01,44.00000,35.00000,614
255,64,1.446658e-01,37.00000,36.00000,625
255,65,1.425257e-01,49.00000,30.00000,601
255,66,1.415857e-01,43.00000,35.00000,627
255,67,1.413169e-01,49.00000,30.00000,607
255,68,1.432079e-01,45.00000,35.00000,595
255,69,1.383667e-01,54.00000,30.00000,616
255,70,1.381224e-01,40.00000,35.00000,641
255,71,1.389091e-01,53.00000,30.00000,629
256,0,1.408892e-01,53.00000,30.00000,2385
256,1,1.455356e-01,43.00000,36.00000,652
256,2,1.401185e-01,47.00000,35.00000,656
256,3,1.465551e-01,41.00000,36.00000,1643
256,4,1.408163e-01,49.00000,35.00000,665
256,5,1.474429e-01,35.00000,36.00000,674
256,6,1.448455e-01,49.00000,30.00000,628
256,7,1.459870e-01,44.00000,35.00000,712
256,8,1.456887e-01,52.00000,30.00000,685
256,9,1.398410e-01,54.00000,30.00000,686
256,10,1.427522e-01,53.00000,30.00000,11888
256,11,1.382015e-01,53.00000,30.00000,724
256,12,1.526827e-01,25.00000,36.00000,627
256,13,1.463535e-01,40.00000,35.00000,613
256,14,1.435917e-01,47.00000,35.00000,722
256,15,1.368278e-01,45.00000,35.00000,692
256,16,1.457883e-01,43.00000,35.00000,638
256,17,1.399514e-01,49.00000,30.00000,690
256,18,1.544304e-01,35.00000,36.00000,645
256,19,1.437419e-01,41.00000,36.00000,682
256,20,1.379412e-01,52.00000,30.00000,12940
256,21,1.417947e-01,58.00000,30.00000,624
256,22,1.425379e-01,52.00000,30.00000,655
256,23,1.405093e-01,55.00000,30.00000,629
256,24,1.412139e-01,31.00000,36.00000,670
256,25,1.351892e-01,57.00000,30.00000,716
256,26,1.377466e-01,57.00000,30.00000,649
256,27,1.366667e-01,49.00000,30.00000,736
256,28,1.468645e-01,39.00000,36.00000,685
256,29,1.400187e-01,54.00000,30.00000,722
256,30,1.408378e-01,50.00000,35.00000,12426
256,31,1.416408e-01,49.00000,30.00000,618
256,32,1.363670e-01,55.00000,30.00000,642
256,33,1.420522e-01,53.00000,30.00000,615
256,34,1.403466e-01,40.00000,35.00000,638
256,35,1.470665e-01,42.00000,35.00000,593
256,36,1.457602e-01,44.00000,35.00000,643
256,37,1.443280e-01,36.00000,35.00000,681
256,38,1.396559e-01,48.00000,35.00000,652
256,39,1.402398e-01,53.00000,30.00000,658
256,40,1.463103e-01,35.00000,36.00000,9671
256,41,1.447143e-01,53.00000,30.00000,662
256,42,1.397393e-01,49.00000,30.00000,708
256,43,1.392409e-01,53.00000,30.00000,648
256,44,1.443904e-01,42.00000,36.00000,629
256,45,1.367546e-01,50.00000,35.00000,666
256,46,1.482006e-01,40.00000,35.00000,700
256,47,1.404615e-01,55.00000,30.00000,704
256,48,1.413371e-01,43.00000,35.00000,604
256,49,1.396580e-01,56.00000,30.00000,692
256,50,1.423219e-01,35.00000,36.00000,12876
256,51,1.412019e-01,49.00000,30.00000,666
256,52,1.450482e-01,55.00000,30.00000,622
256,53,1.446864e-01,47.00000,35.00000,626
256,54,1.379998e-01,58.00000,30.00000,624
256,55,1.464997e-01,38.00000,36.00000,664
256,56,1.421495e-01,40.00000,36.00000,598
256,57,1.407379e-01,37.00000,35.00000,621
256,58,1.393826e-01,46.00000,35.00000,663
256,59,1.441218e-01,54.00000,30.00000,607
256,60,1.452809e-01,36.00000,36.00000,1274
256,61,1.462267e-01,37.00000,36.00000,587
256,62,1.482103e-01,40.00000,40.00000,570
256,63,1.391562e-01,48.00000,35.00000,604
256,64,1.423096e-01,49.00000,30.00000,607
256,65,1.411569e-01,57.00000,30.00000,628
256,66,1.397322e-01,54.00000,30.00000,606
256,67,1.460162e-01,48.00000,35.00000,595
256,68,1.452672e-01,52.00000,30.00000,596
256,69,1.398739e-01,49.00000,30.00000,610
256,70,1.408701e-01,47.00000,35.00000,597
256,71,1.390506e-01,49.00000,30.00000,611
257,0,1.426866e-01,39.00000,36.00000,703
257,1,1.402790e-01,55.00000,30.00000,2557
257,2,1.463191e-01,54.00000,30.00000,1726
257,3,1.443068e-01,37.00000,36.00000,1637
257,4,1.453708e-01,47.00000,35.00000,755
257,5,1.511507e-01,53.00000,30.00000,644
257,6,1.423198e-01,45.00000,35.00000,638
257,7,1.409729e-01,47.00000,35.00000,726
257,8,1.409493e-01,42.00000,36.00000,664
257,9,1.390068e-01,53.00000,30.00000,629
257,10,1.408156e-01,49.00000,30.00000,4802
257,11,1.421023e-01,40.00000,36.00000,664
257,12,1.464422e-01,42.00000,35.00000,640
257,13,1.409676e-01,53.00000,30.00000,607
257,14,1.414991e-01,45.00000,35.00000,646
257,15,1.459308e-01,45.00000,35.00000,740
257,16,1.426555e-01,47.00000,35.00000,610
257,17,1.425725e-01,48.00000,35.00000,650
257,18,1.505785e-01,25.00000,36.00000,599
257,19,1.455902e-01,53.00000,30.00000,638
257,20,1.391054e-01,55.00000,30.00000,4657
257,21,1.415747e-01,49.00000,35.00000,2143
257,22,1.414820e-01,48.00000,35.00000,642
257,23,1.476558e-01,30.00000,36.00000,652
257,24,1.395642e-01,49.00000,30.00000,699
257,25,1.356187e-01,58.00000,30.00000,704
257,26,1.391639e-01,41.00000,35.00000,744
257,27,1.419616e-01,52.00000,30.00000,662
257,28,1.403785e-01,49.00000,30.00000,685
257,29,1.413935e-01,41.00000,35.00000,664
257,30,1.415433e-01,54.00000,30.00000,2598
257,31,1.419156e-01,38.00000,35.00000,6110
257,32,1.396110e-01,46.00000,35.00000,631
257,33,1.433526e-01,49.00000,30.00000,620
257,34,1.408833e-01,42.00000,35.00000,621
257,35,1.418968e-01,55.00000,30.00000,703
257,36,1.453476e-01,49.00000,30.00000,632
257,37,1.424180e-01,48.00000,35.00000,661
257,38,1.410259e-01,54.00000,30.00000,636
257,39,1.522514e-01,31.00000,36.00000,699
257,40,1.396303e-01,52.00000,30.00000,9354
257,41,1.466396e-01,45.00000,35.00000,3054
257,42,1.418631e-01,41.00000,36.00000,692
257,43,1.373473e-01,45.00000,35.00000,660
257,44,1.441244e-01,35.00000,36.00000,669
257,45,1.461522e-01,53.00000,30.00000,635
257,46,1.445677e-01,58.00000,30.00000,666
257,47,1.439022e-01,40.00000,36.00000,748
257,48,1.440282e-01,49.00000,30.00000,664
257,49,1.399084e-01,49.00000,30.00000,776
257,50,1.395762e-01,54.00000,30.00000,9764
257,51,1.463830e-01,42.00000,35.00000,2348
257,52,1.450614e-01,41.00000,36.00000,606
257,53,1.434175e-01,54.00000,30.00000,618
257,54,1.462117e-01,39.00000,40.00000,660
257,55,1.459228e-01,47.00000,35.00000,613
257,56,1.479449e-01,37.00000,36.00000,625
257,57,1.440012e-01,54.00000,30.00000,637
257,58,1.453106e-01,36.00000,35.00000,639
257,59,1.372630e-01,57.00000,30.00000,647
257,60,1.373208e-01,53.00000,30.00000,664
257,61,1.418321e-01,45.00000,35.00000,1910
257,62,1.441478e-01,37.00000,36.00000,609
257,63,1.496058e-01,30.00000,36.00000,631
257,64,1.442740e-01,56.00000,30.00000,614
257,65,1.423549e-01,43.00000,35.00000,613
257,66,1.414738e-01,49.00000,30.00000,601
257,67,1.536047e-01,50.00000,35.00000,608
257,68,1.455178e-01,40.00000,36.00000,586
257,69,1.451574e-01,37.00000,36.00000,596
257,70,1.492628e-01,39.00000,35.00000,562
257,71,1.443795e-01,48.00000,35.00000,618
258,0,1.419608e-01,49.00000,30.00000,10244
258,1,1.387843e-01,54.00000,30.00000,1652
258,2,1.389366e-01,41.00000,36.00000,700
258,3,1.415427e-01,43.00000,35.00000,639
258,4,1.356940e-01,54.00000,30.00000,724
258,5,1.436085e-01,55.00000,30.00000,680
258,6,1.388684e-01,49.00000,30.00000,665
258,7,1.395150e-01,53.00000,30.00000,688
258,8,1.414844e-01,43.00000,35.00000,641
258,9,1.378134e-01,49.00000,30.00000,693
258,10,1.428972e-01,57.00000,30.00000,8570
258,11,1.417677e-01,43.00000,35.00000,3906
258,12,1.406594e-01,49.00000,30.00000,635
258,13,1.518362e-01,31.00000,36.00000,621
258,14,1.389935e-01,40.00000,36.00000,661
258,15,1.382068e-01,53.00000,30.00000,644
258,16,1.379393e-01,54.00000,30.00000,626
258,17,1.429609e-01,30.00000,36.00000,639
258,18,1.405091e-01,47.00000,35.00000,663
258,19,1.441127e-01,47.00000,35.00000,635
258,20,1.406613e-01,49.00000,30.00000,7306
258,21,1.436019e-01,37.00000,36.00000,687
258,22,1.428198e-01,52.00000,30.00000,689
258,23,1.403362e-01,49.00000,30.00000,3573
258,24,1.471339e-01,42.00000,36.00000,646
258,25,1.411041e-01,42.00000,35.00000,661
258,26,1.431299e-01,45.00000,35.00000,643
258,27,1.447604e-01,49.00000,35.00000,638
258,28,1.515195e-01,49.00000,30.00000,714
258,29,1.436559e-01,38.00000,35.00000,636
258,30,1.442179e-01,31.00000,36.00000,3688
258,31,1.436719e-01,37.00000,36.00000,3855
258,32,1.452817e-01,36.00000,35.00000,620
258,33,1.484584e-01,30.00000,36.00000,1287
258,34,1.394975e-01,57.00000,30.00000,690
258,35,1.422841e-01,43.00000,36.00000,629
258,36,1.415494e-01,49.00000,30.00000,620
258,37,1.441066e-01,47.00000,35.00000,590
258,38,1.407483e-01,43.00000,35.00000,616
258,39,1.432960e-01,45.00000,35.00000,675
258,40,1.446494e-01,53.00000,30.00000,2481
258,41,1.409972e-01,57.00000,30.00000,2395
258,42,1.404397e-01,46.00000,35.00000,1397
258,43,1.386400e-01,55.00000,30.00000,650
258,44,1.448095e-01,42.00000,35.00000,973
258,45,1.464629e-01,43.00000,35.00000,640
258,46,1.405522e-01,55.00000,30.00000,707
258,47,1.428178e-01,54.00000,30.00000,716
258,48,1.388129e-01,38.00000,35.00000,668
258,49,1.416663e-01,43.00000,35.00000,706
258,50,1.357447e-01,58.00000,30.00000,2249
258,51,1.446244e-01,41.00000,35.00000,658
258,52,1.385865e-01,52.00000,30.00000,4731
258,53,1.367400e-01,51.00000,30.00000,688
258,54,1.412430e-01,55.00000,30.00000,655
258,55,1.421478e-01,40.00000,36.00000,609
258,56,1.422610e-01,45.00000,35.00000,629
258,57,1.390398e-01,52.00000,30.00000,600
258,58,1.410694e-01,54.00000,30.00000,631
258,59,1.433942e-01,47.00000,35.00000,616
258,60,1.438058e-01,47.00000,35.00000,593
258,61,1.410270e-01,49.00000,30.00000,611
258,62,1.392013e-01,49.00000,30.00000,1252
258,63,1.359054e-01,55.00000,30.00000,626
258,64,1.414406e-01,42.00000,35.00000,617
258,65,1.411919e-01,54.00000,30.00000,627
258,66,1.372706e-01,45.00000,35.00000,623
258,67,1.383498e-01,52.00000,30.00000,615
258,68,1.383556e-01,49.00000,30.00000,642
258,69,1.419600e-01,52.00000,30.00000,613
258,70,1.432217e-01,43.00000,35.00000,585
258,71,1.416934e-01,43.00000,35.00000,614
259,0,1.452675e-01,35.00000,40.00000,8221
259,1,1.446283e-01,52.00000,30.00000,643
259,2,1.436869e-01,49.00000,30.00000,667
259,3,1.452685e-01,35.00000,36.00000,653
259,4,1.459659e-01,43.00000,36.00000,734
259,5,1.499970e-01,40.00000,36.00000,659
259,6,1.416743e-01,59.00000,30.00000,672
259,7,1.425253e-01,41.00000,36.00000,709
259,8,1.421758e-01,43.00000,35.00000,727
259,9,1.477673e-01,49.00000,30.00000,721
259,10,1.449583e-01,35.00000,36.00000,7874
259,11,1.482228e-01,43.00000,35.00000,864
259,12,1.406764e-01,49.00000,30.00000,999
259,13,1.457347e-01,42.00000,35.00000,1966
259,14,1.427435e-01,36.00000,35.00000,717
259,15,1.427950e-01,52.00000,30.00000,650
259,16,1.499739e-01,39.00000,35.00000,652
259,17,1.439928e-01,39.00000,36.00000,722
259,18,1.395524e-01,49.00000,30.00000,698
259,19,1.487932e-01,36.00000,40.00000,642
259,20,1.409341e-01,43.00000,35.00000,8212
259,21,1.420031e-01,42.00000,35.00000,2616
259,22,1.412898e-01,53.00000,30.00000,6059
259,23,1.445166e-01,48.00000,35.00000,663
259,24,1.368666e-01,55.00000,30.00000,641
259,25,1.379567e-01,53.00000,30.00000,648
259,26,1.474270e-01,38.00000,35.00000,642
259,27,1.444667e-01,49.00000,30.00000,669
259,28,1.478312e-01,36.00000,36.00000,615
259,29,1.448289e-01,37.00000,36.00000,684
259,30,1.398200e-01,48.00000,35.00000,1311
259,31,1.412904e-01,45.00000,35.00000,6172
259,32,1.390139e-01,49.00000,30.00000,6778
259,33,1.402099e-01,59.00000,30.00000,653
259,34,1.414807e-01,53.00000,30.00000,667
259,35,1.389823e-01,51.00000,35.00000,605
259,36,1.398647e-01,49.00000,30.00000,670
259,37,1.359862e-01,54.00000,30.00000,620
259,38,1.390446e-01,54.00000,30.00000,732
259,39,1.426201e-01,38.00000,35.00000,681
259,40,1.389650e-01,58.00000,30.00000,755
259,41,1.419604e-01,49.00000,30.00000,3929
259,42,1.464297e-01,47.00000,35.00000,8716
259,43,1.420275e-01,44.00000,35.00000,663
259,44,1.393207e-01,41.00000,36.00000,652
259,45,1.429724e-01,40.00000,35.00000,675
259,46,1.470086e-01,37.00000,35.00000,635
259,47,1.405483e-01,53.00000,30.00000,649
259,48,1.415323e-01,43.00000,35.00000,671
259,49,1.459229e-01,54.00000,30.00000,683
259,50,1.386928e-01,43.00000,36.00000,664
259,51,1.412498e-01,57.00000,30.00000,3132
259,52,1.417273e-01,55.00000,30.00000,7284
259,53,1.419942e-01,50.00000,35.00000,635
259,54,1.434837e-01,43.00000,35.00000,605
259,55,1.431193e-01,42.00000,36.00000,615
259,56,1.466651e-01,40.00000,35.00000,600
259,57,1.397997e-01,45.00000,35.00000,633
259,58,1.414745e-01,43.00000,35.00000,602
259,59,1.488952e-01,48.00000,35.00000,595
259,60,1.378673e-01,58.00000,30.00000,632
259,61,1.409104e-01,55.00000,30.00000,619
259,62,1.399823e-01,53.00000,30.00000,611
259,63,1.380572e-01,54.00000,30.00000,610
259,64,1.465760e-01,30.00000,36.00000,592
259,65,1.449765e-01,47.00000,35.00000,624
259,66,1.459690e-01,42.00000,35.00000,590
259,67,1.405940e-01,48.00000,35.00000,603
259,68,1.429598e-01,43.00000,35.00000,609
259,69,1.423143e-01,49.00000,30.00000,600
259,70,1.434534e-01,44.00000,35.00000,632
259,71,1.486444e-01,44.00000,35.00000,587
260,0,1.441186e-01,37.00000,36.00000,11053
260,1,1.444802e-01,49.00000,35.00000,686
260,2,1.376704e-01,56.00000,30.00000,683
260,3,1.365634e-01,53.00000,30.00000,730
260,4,1.394434e-01,53.00000,30.00000,622
260,5,1.455935e-01,45.00000,35.00000,602
260,6,1.578609e-01,30.00000,36.00000,658
260,7,1.387896e-01,59.00000,30.00000,754
260,8,1.444923e-01,45.00000,35.00000,600
260,9,1.405875e-01,48.00000,35.00000,751
260,10,1.406093e-01,45.00000,35.00000,10672
260,11,1.423684e-01,54.00000,30.00000,645
260,12,1.445464e-01,45.00000,35.00000,626
260,13,1.421425e-01,43.00000,36.00000,653
260,14,1.447149e-01,50.00000,35.00000,712
260,15,1.401961e-01,55.00000,30.00000,617
260,16,1.413010e-01,49.00000,35.00000,629
260,17,1.418637e-01,49.00000,35.00000,611
260,18,1.481557e-01,25.00000,36.00000,693
260,19,1.414610e-01,52.00000,30.00000,666
260,20,1.408874e-01,53.00000,30.00000,5568
260,21,1.396510e-01,49.00000,35.00000,706
260,22,1.341373e-01,61.00000,30.00000,1886
260,23,1.363351e-01,54.00000,30.00000,658
260,24,1.411438e-01,43.00000,36.00000,669
260,25,1.388403e-01,49.00000,30.00000,2507
260,26,1.403889e-01,54.00000,30.00000,699
260,27,1.368296e-01,58.00000,30.00000,769
260,28,1.409597e-01,45.00000,35.00000,681
260,29,1.425407e-01,49.00000,30.00000,663
260,30,1.419621e-01,49.00000,30.00000,3010
260,31,1.382516e-01,55.00000,30.00000,669
260,32,1.492939e-01,45.00000,35.00000,644
260,33,1.447506e-01,54.00000,30.00000,711
260,34,1.447069e-01,36.00000,36.00000,667
260,35,1.438748e-01,40.00000,36.00000,656
260,36,1.496434e-01,36.00000,36.00000,683
260,37,1.493778e-01,46.00000,35.00000,3249
260,38,1.413306e-01,54.00000,30.00000,635
260,39,1.446567e-01,44.00000,35.00000,667
260,40,1.427469e-01,39.00000,36.00000,3288
260,41,1.418046e-01,38.00000,35.00000,648
260,42,1.470593e-01,54.00000,30.00000,639
260,43,1.439792e-01,35.00000,36.00000,722
260,44,1.395368e-01,53.00000,30.00000,666
260,45,1.488733e-01,48.00000,35.00000,646
260,46,1.442174e-01,40.00000,35.00000,624
260,47,1.418736e-01,58.00000,30.00000,4442
260,48,1.471133e-01,56.00000,30.00000,624
260,49,1.431285e-01,39.00000,36.00000,674
260,50,1.462949e-01,49.00000,30.00000,3843
260,51,1.404296e-01,41.00000,40.00000,668
260,52,1.460226e-01,42.00000,35.00000,588
260,53,1.447116e-01,54.00000,30.00000,616
260,54,1.444879e-01,55.00000,30.00000,619
260,55,1.428654e-01,49.00000,30.00000,617
260,56,1.410659e-01,53.00000,30.00000,707
260,57,1.489342e-01,45.00000,36.00000,655
260,58,1.458212e-01,45.00000,35.00000,593
260,59,1.446266e-01,38.00000,36.00000,619
260,60,1.425365e-01,47.00000,35.00000,1678
260,61,1.425288e-01,38.00000,36.00000,622
260,62,1.506419e-01,49.00000,30.00000,589
260,63,1.373018e-01,47.00000,35.00000,636
260,64,1.471958e-01,40.00000,36.00000,619
260,65,1.437136e-01,55.00000,30.00000,620
260,66,1.503582e-01,48.00000,35.00000,596
260,67,1.544442e-01,37.00000,36.00000,593
260,68,1.506223e-01,31.00000,36.00000,557
260,69,1.458885e-01,43.00000,35.00000,591
260,70,1.423593e-01,41.00000,36.00000,604
260,71,1.474570e-01,48.00000,35.00000,596
261,0,1.520519e-01,49.00000,30.00000,6421
261,1,1.427839e-01,54.00000,30.00000,671
261,2,1.385397e-01,49.00000,30.00000,745
261,3,1.477479e-01,36.00000,36.00000,747
261,4,1.430561e-01,34.00000,36.00000,643
261,5,1.378213e-01,49.00000,30.00000,707
261,6,1.431866e-01,43.00000,35.00000,650
261,7,1.399802e-01,37.00000,36.00000,788
261,8,1.479701e-01,54.00000,30.00000,659
261,9,1.429967e-01,50.00000,35.00000,651
261,10,1.462219e-01,39.00000,36.00000,12774
261,11,1.450297e-01,43.00000,35.00000,645
261,12,1.477220e-01,51.00000,30.00000,683
261,13,1.446689e-01,44.00000,36.00000,592
261,14,1.472328e-01,42.00000,35.00000,689
261,15,1.382426e-01,48.00000,35.00000,728
261,16,1.446892e-01,48.00000,35.00000,669
261,17,1.509527e-01,35.00000,36.00000,604
261,18,1.539073e-01,31.00000,36.00000,678
261,19,1.414923e-01,53.00000,30.00000,657
261,20,1.485037e-01,46.00000,35.00000,13293
261,21,1.400155e-01,47.00000,35.00000,643
261,22,1.458900e-01,38.00000,35.00000,687
261,23,1.456605e-01,39.00000,36.00000,611
261,24,1.412290e-01,49.00000,30.00000,669
261,25,1.449649e-01,41.00000,35.00000,661
261,26,1.423357e-01,42.00000,35.00000,651
261,27,1.493111e-01,36.00000,40.00000,703
261,28,1.399758e-01,49.00000,30.00000,643
261,29,1.454540e-01,59.00000,30.00000,707
261,30,1.402769e-01,53.00000,30.00000,7911
261,31,1.431590e-01,46.00000,35.00000,3185
261,32,1.409427e-01,46.00000,35.00000,633
261,33,1.457687e-01,42.00000,35.00000,664
261,34,1.411184e-01,46.00000,35.00000,652
261,35,1.381522e-01,54.00000,30.00000,694
261,36,1.453818e-01,41.00000,36.00000,601
261,37,1.474290e-01,36.00000,36.00000,626
261,38,1.527901e-01,38.00000,36.00000,619
261,39,1.452573e-01,49.00000,30.00000,654
261,40,1.451167e-01,45.00000,35.00000,6908
261,41,1.422447e-01,53.00000,30.00000,4959
261,42,1.401609e-01,37.00000,36.00000,689
261,43,1.435208e-01,53.00000,30.00000,712
261,44,1.483242e-01,45.00000,35.00000,593
261,45,1.480692e-01,35.00000,36.00000,575
261,46,1.429960e-01,49.00000,30.00000,754
261,47,1.421677e-01,45.00000,35.00000,637
261,48,1.409169e-01,58.00000,30.00000,642
261,49,1.433417e-01,46.00000,35.00000,627
261,50,1.404046e-01,46.00000,35.00000,8632
261,51,1.429811e-01,45.00000,36.00000,4604
261,52,1.452108e-01,54.00000,30.00000,672
261,53,1.434051e-01,46.00000,35.00000,598
261,54,1.409878e-01,53.00000,30.00000,617
261,55,1.407783e-01,49.00000,30.00000,627
261,56,1.422259e-01,43.00000,36.00000,596
261,57,1.447523e-01,37.00000,36.00000,608
261,58,1.379795e-01,46.00000,36.00000,641
261,59,1.479366e-01,49.00000,30.00000,588
261,60,1.421486e-01,53.00000,30.00000,628
261,61,1.459914e-01,55.00000,30.00000,618
261,62,1.403432e-01,52.00000,30.00000,604
261,63,1.462744e-01,45.00000,35.00000,580
261,64,1.500570e-01,37.00000,35.00000,596
261,65,1.425891e-01,49.00000,30.00000,595
261,66,1.403469e-01,49.00000,30.00000,605
261,67,1.387707e-01,54.00000,30.00000,616
261,68,1.407488e-01,35.00000,36.00000,616
261,69,1.351436e-01,54.00000,30.00000,621
261,70,1.461624e-01,42.00000,35.00000,572
261,71,1.466349e-01,42.00000,35.00000,570
262,0,1.456056e-01,38.00000,35.00000,9015
262,1,1.452285e-01,49.00000,30.00000,757
262,2,1.432271e-01,45.00000,35.00000,619
262,3,1.422575e-01,46.00000,36.00000,689
262,4,1.423754e-01,42.00000,35.00000,668
262,5,1.431778e-01,53.00000,30.00000,635
262,6,1.447380e-01,45.00000,35.00000,736
262,7,1.497187e-01,30.00000,36.00000,669
262,8,1.507974e-01,37.00000,40.00000,642
262,9,1.400701e-01,40.00000,35.00000,738
262,10,1.377258e-01,46.00000,35.00000,11156
262,11,1.464074e-01,39.00000,35.00000,594
262,12,1.448530e-01,53.00000,30.00000,1833
262,13,1.404185e-01,56.00000,30.00000,682
262,14,1.447005e-01,34.00000,36.00000,634
262,15,1.401550e-01,49.00000,30.00000,688
262,16,1.379877e-01,48.00000,35.00000,726
262,17,1.396067e-01,54.00000,30.00000,740
262,18,1.450235e-01,40.00000,35.00000,695
262,19,1.397520e-01,49.00000,30.00000,658
262,20,1.421797e-01,43.00000,35.00000,9693
262,21,1.475103e-01,53.00000,30.00000,701
262,22,1.453144e-01,48.00000,35.00000,814
262,23,1.380251e-01,49.00000,30.00000,665
262,24,1.393455e-01,44.00000,35.00000,661
262,25,1.430504e-01,36.00000,36.00000,668
262,26,1.458273e-01,30.00000,36.00000,707
262,27,1.378614e-01,49.00000,30.00000,683
262,28,1.370201e-01,57.00000,30.00000,764
262,29,1.423546e-01,54.00000,30.00000,703
262,30,1.401190e-01,55.00000,30.00000,8308
262,31,1.461364e-01,45.00000,35.00000,2977
262,32,1.473336e-01,42.00000,36.00000,2610
262,33,1.407451e-01,52.00000,30.00000,666
262,34,1.457331e-01,53.00000,30.00000,654
262,35,1.439043e-01,49.00000,30.00000,623
262,36,1.419277e-01,47.00000,35.00000,682
262,37,1.424453e-01,45.00000,35.00000,753
262,38,1.434314e-01,45.00000,35.00000,680
262,39,1.433939e-01,31.00000,36.00000,656
262,40,1.418280e-01,40.00000,35.00000,1604
262,41,1.407708e-01,55.00000,30.00000,8713
262,42,1.465158e-01,53.00000,30.00000,2497
262,43,1.401679e-01,49.00000,35.00000,606
262,44,1.464503e-01,48.00000,35.00000,652
262,45,1.433506e-01,49.00000,30.00000,663
262,46,1.396789e-01,57.00000,30.00000,629
262,47,1.433647e-01,37.00000,35.00000,686
262,48,1.409384e-01,45.00000,35.00000,619
262,49,1.402176e-01,49.00000,30.00000,778
262,50,1.454458e-01,42.00000,35.00000,615
262,51,1.516107e-01,30.00000,36.00000,7945
262,52,1.432565e-01,49.00000,30.00000,5413
262,53,1.401907e-01,46.00000,35.00000,646
262,54,1.450955e-01,45.00000,35.00000,627
262,55,1.461520e-01,37.00000,35.00000,630
262,56,1.354617e-01,53.00000,30.00000,638
262,57,1.424287e-01,49.00000,30.00000,613
262,58,1.359553e-01,54.00000,30.00000,684
262,59,1.452864e-01,40.00000,35.00000,657
262,60,1.506543e-01,35.00000,36.00000,571
262,61,1.405646e-01,39.00000,36.00000,629
262,62,1.410524e-01,55.00000,30.00000,621
262,63,1.452762e-01,43.00000,35.00000,585
262,64,1.438949e-01,36.00000,35.00000,633
262,65,1.426871e-01,56.00000,30.00000,619
262,66,1.569837e-01,40.00000,36.00000,551
262,67,1.478845e-01,49.00000,30.00000,598
262,68,1.405795e-01,46.00000,36.00000,614
262,69,1.392282e-01,53.00000,30.00000,616
262,70,1.417005e-01,42.00000,35.00000,616
262,71,1.467895e-01,25.00000,36.00000,610
263,0,1.483370e-01,41.00000,36.00000,3013
263,1,1.445460e-01,41.00000,36.00000,2169
263,2,1.417495e-01,49.00000,30.00000,689
263,3,1.455268e-01,40.00000,35.00000,724
263,4,1.393698e-01,54.00000,30.00000,671
263,5,1.379581e-01,49.00000,30.00000,690
263,6,1.375022e-01,56.00000,30.00000,681
263,7,1.495345e-01,47.00000,35.00000,661
263,8,1.446696e-01,45.00000,35.00000,636
263,9,1.486659e-01,40.00000,36.00000,641
263,10,1.455951e-01,49.00000,30.00000,8195
263,11,1.531527e-01,30.00000,36.00000,670
263,12,1.432637e-01,57.00000,30.00000,3907
263,13,1.435270e-01,40.00000,36.00000,666
263,14,1.496585e-01,40.00000,35.00000,696
263,15,1.451586e-01,53.00000,30.00000,709
263,16,1.447597e-01,31.00000,36.00000,756
263,17,1.432270e-01,36.00000,36.00000,680
263,18,1.480663e-01,46.00000,35.00000,736
263,19,1.481875e-01,31.00000,36.00000,625
263,20,1.468651e-01,43.00000,35.00000,7290
263,21,1.413400e-01,52.00000,30.00000,665
263,22,1.382138e-01,51.00000,30.00000,7707
263,23,1.407276e-01,52.00000,30.00000,613
263,24,1.407647e-01,54.00000,30.00000,693
263,25,1.446629e-01,49.00000,30.00000,680
263,26,1.440129e-01,31.00000,36.00000,663
263,27,1.439240e-01,43.00000,35.00000,635
263,28,1.403911e-01,43.00000,35.00000,711
263,29,1.406020e-01,43.00000,36.00000,701
263,30,1.483780e-01,35.00000,36.00000,6316
263,31,1.383969e-01,49.00000,35.00000,642
263,32,1.451214e-01,53.00000,30.00000,7332
263,33,1.452504e-01,43.00000,35.00000,649
263,34,1.389730e-01,42.00000,35.00000,725
263,35,1.449033e-01,46.00000,35.00000,590
263,36,1.440642e-01,42.00000,36.00000,730
263,37,1.414969e-01,46.00000,35.00000,690
263,38,1.431001e-01,49.00000,30.00000,760
263,39,1.382481e-01,54.00000,30.00000,686
263,40,1.483450e-01,48.00000,35.00000,1560
263,41,1.476674e-01,43.00000,35.00000,605
263,42,1.466686e-01,57.00000,30.00000,10237
263,43,1.418058e-01,48.00000,35.00000,652
263,44,1.407711e-01,52.00000,30.00000,674
263,45,1.470815e-01,56.00000,30.00000,624
263,46,1.437891e-01,48.00000,35.00000,667
263,47,1.459887e-01,42.00000,35.00000,677
263,48,1.496662e-01,39.00000,36.00000,671
263,49,1.413485e-01,40.00000,40.00000,665
263,50,1.505961e-01,38.00000,35.00000,671
263,51,1.451659e-01,43.00000,35.00000,622
263,52,1.409661e-01,44.00000,35.00000,12584
263,53,1.428301e-01,55.00000,30.00000,626
263,54,1.418160e-01,54.00000,30.00000,652
263,55,1.509321e-01,43.00000,36.00000,577
263,56,1.363536e-01,51.00000,30.00000,632
263,57,1.378876e-01,61.00000,30.00000,650
263,58,1.517265e-01,49.00000,35.00000,607
263,59,1.423076e-01,43.00000,36.00000,611
263,60,1.421231e-01,41.00000,36.00000,615
263,61,1.371021e-01,53.00000,30.00000,637
263,62,1.448355e-01,48.00000,35.00000,601
263,63,1.377225e-01,52.00000,30.00000,637
263,64,1.382281e-01,47.00000,35.00000,620
263,65,1.389084e-01,47.00000,35.00000,632
263,66,1.389242e-01,55.00000,30.00000,623
263,67,1.429728e-01,43.00000,35.00000,604
263,68,1.465965e-01,49.00000,30.00000,592
263,69,1.438438e-01,36.00000,36.00000,589
263,70,1.420647e-01,49.00000,30.00000,598
263,71,1.459660e-01,46.00000,35.00000,596
264,0,1.423309e-01,44.00000,35.00000,4329
264,1,1.400935e-01,57.00000,30.00000,797
264,2,1.398913e-01,48.00000,35.00000,681
264,3,1.415032e-01,42.00000,35.00000,683
264,4,1.437797e-01,39.00000,35.00000,640
264,5,1.406860e-01,49.00000,30.00000,751
264,6,1.438989e-01,44.00000,35.00000,666
264,7,1.412584e-01,49.00000,35.00000,783
264,8,1.387576e-01,51.00000,35.00000,747
264,9,1.436953e-01,40.00000,35.00000,664
264,10,1.444763e-01,43.00000,35.00000,10829
264,11,1.438568e-01,48.00000,35.00000,1655
264,12,1.387666e-01,53.00000,30.00000,738
264,13,1.404241e-01,44.00000,35.00000,616
264,14,1.457590e-01,43.00000,35.00000,643
264,15,1.437933e-01,49.00000,35.00000,651
264,16,1.431684e-01,41.00000,40.00000,709
264,17,1.395380e-01,54.00000,30.00000,638
264,18,1.439907e-01,31.00000,36.00000,651
264,19,1.428146e-01,55.00000,30.00000,693
264,20,1.462527e-01,42.00000,35.00000,6752
264,21,1.439380e-01,53.00000,30.00000,7529
264,22,1.506605e-01,31.00000,36.00000,638
264,23,1.431316e-01,49.00000,30.00000,611
264,24,1.366617e-01,49.00000,30.00000,720
264,25,1.431458e-01,35.00000,36.00000,734
264,26,1.374762e-01,44.00000,35.00000,661
264,27,1.441662e-01,37.00000,40.00000,678
264,28,1.413461e-01,38.00000,35.00000,726
264,29,1.413107e-01,54.00000,30.00000,662
264,30,1.411615e-01,54.00000,30.00000,4257
264,31,1.443501e-01,49.00000,30.00000,9394
264,32,1.412267e-01,57.00000,30.00000,634
264,33,1.412873e-01,46.00000,35.00000,590
264,34,1.399985e-01,48.00000,35.00000,654
264,35,1.464588e-01,49.00000,30.00000,686
264,36,1.504653e-01,40.00000,36.00000,625
264,37,1.433762e-01,37.00000,36.00000,669
264,38,1.439285e-01,45.00000,35.00000,691
264,39,1.448513e-01,40.00000,35.00000,735
264,40,1.405264e-01,49.00000,30.00000,717
264,41,1.433118e-01,38.00000,35.00000,8999
264,42,1.387560e-01,57.00000,30.00000,660
264,43,1.424522e-01,49.00000,35.00000,641
264,44,1.426733e-01,36.00000,40.00000,616
264,45,1.402323e-01,40.00000,35.00000,616
264,46,1.393487e-01,45.00000,35.00000,643
264,47,1.413099e-01,51.00000,30.00000,682
264,48,1.398827e-01,51.00000,35.00000,640
264,49,1.433188e-01,40.00000,35.00000,744
264,50,1.411270e-01,54.00000,30.00000,637
264,51,1.431102e-01,49.00000,30.00000,12731
264,52,1.441773e-01,48.00000,35.00000,681
264,53,1.460475e-01,44.00000,35.00000,622
264,54,1.468483e-01,44.00000,35.00000,588
264,55,1.433642e-01,46.00000,36.00000,645
264,56,1.504453e-01,46.00000,35.00000,598
264,57,1.401381e-01,53.00000,30.00000,610
264,58,1.434318e-01,39.00000,36.00000,627
264,59,1.539443e-01,42.00000,36.00000,609
264,60,1.501206e-01,30.00000,36.00000,584
264,61,1.424725e-01,45.00000,35.00000,602
264,62,1.463887e-01,41.00000,36.00000,599
264,63,1.477080e-01,46.00000,35.00000,592
264,64,1.464441e-01,39.00000,36.00000,571
264,65,1.480701e-01,45.00000,35.00000,579
264,66,1.564151e-01,34.00000,36.00000,578
264,67,1.458000e-01,40.00000,36.00000,599
264,68,1.488074e-01,40.00000,35.00000,592
264,69,1.537202e-01,40.00000,35.00000,568
264,70,1.514494e-01,30.00000,36.00000,558
264,71,1.457225e-01,41.00000,35.00000,574
265,0,1.360540e-01,58.00000,30.00000,5288
265,1,1.398117e-01,44.00000,35.00000,665
265,2,1.403771e-01,49.00000,30.00000,838
265,3,1.426551e-01,48.00000,35.00000,680
265,4,1.457741e-01,38.00000,35.00000,682
265,5,1.373608e-01,49.00000,30.00000,797
265,6,1.373023e-01,58.00000,30.00000,673
265,7,1.389804e-01,49.00000,30.00000,801
265,8,1.368562e-01,53.00000,30.00000,718
265,9,1.420426e-01,42.00000,35.00000,702
265,10,1.425902e-01,48.00000,35.00000,10405
265,11,1.377446e-01,51.00000,30.00000,641
265,12,1.484850e-01,41.00000,35.00000,626
265,13,1.412356e-01,48.00000,35.00000,711
265,14,1.446801e-01,35.00000,36.00000,700
265,15,1.403150e-01,42.00000,35.00000,623
265,16,1.447276e-01,45.00000,35.00000,578
265,17,1.412539e-01,42.00000,36.00000,734
265,18,1.445943e-01,52.00000,30.00000,643
265,19,1.413552e-01,49.00000,30.00000,735
265,20,1.469501e-01,41.00000,36.00000,11969
265,21,1.427850e-01,31.00000,36.00000,662
265,22,1.380114e-01,44.00000,35.00000,721
265,23,1.447315e-01,58.00000,30.00000,660
265,24,1.376949e-01,58.00000,30.00000,707
265,25,1.503669e-01,35.00000,40.00000,712
265,26,1.439605e-01,55.00000,30.00000,656
265,27,1.377924e-01,57.00000,30.00000,715
265,28,1.484281e-01,31.00000,36.00000,622
265,29,1.431306e-01,49.00000,30.00000,703
265,30,1.431446e-01,53.00000,30.00000,10781
265,31,1.404186e-01,44.00000,35.00000,624
265,32,1.429003e-01,39.00000,35.00000,641
265,33,1.383164e-01,49.00000,30.00000,1035
265,34,1.393452e-01,43.00000,35.00000,743
265,35,1.413817e-01,52.00000,30.00000,700
265,36,1.378955e-01,55.00000,30.00000,657
265,37,1.380168e-01,49.00000,30.00000,699
265,38,1.391650e-01,48.00000,35.00000,694
265,39,1.399457e-01,55.00000,30.00000,681
265,40,1.405800e-01,42.00000,35.00000,7885
265,41,1.392939e-01,49.00000,30.00000,733
265,42,1.506170e-01,49.00000,30.00000,627
265,43,1.457552e-01,31.00000,36.00000,4487
265,44,1.372179e-01,54.00000,30.00000,684
265,45,1.391363e-01,49.00000,30.00000,642
265,46,1.396470e-01,45.00000,35.00000,702
265,47,1.382252e-01,54.00000,30.00000,641
265,48,1.471689e-01,37.00000,36.00000,653
265,49,1.360472e-01,57.00000,30.00000,711
265,50,1.380391e-01,52.00000,30.00000,7501
265,51,1.407643e-01,49.00000,30.00000,1469
265,52,1.450781e-01,47.00000,35.00000,697
265,53,1.430808e-01,31.00000,36.00000,2128
265,54,1.405336e-01,53.00000,30.00000,675
265,55,1.402435e-01,54.00000,30.00000,643
265,56,1.392601e-01,45.00000,35.00000,696
265,57,1.441058e-01,42.00000,36.00000,600
265,58,1.428602e-01,49.00000,30.00000,600
265,59,1.501488e-01,38.00000,35.00000,592
265,60,1.431590e-01,49.00000,30.00000,803
265,61,1.480351e-01,25.00000,36.00000,1373
265,62,1.485891e-01,46.00000,35.00000,589
265,63,1.425703e-01,50.00000,35.00000,616
265,64,1.449492e-01,53.00000,30.00000,608
265,65,1.412252e-01,43.00000,35.00000,592
265,66,1.398203e-01,49.00000,30.00000,616
265,67,1.423714e-01,49.00000,35.00000,610
265,68,1.392065e-01,55.00000,30.00000,628
265,69,1.394644e-01,49.00000,30.00000,612
265,70,1.385998e-01,42.00000,35.00000,627
265,71,1.440274e-01,42.00000,35.00000,599
266,0,1.375217e-01,54.00000,30.00000,6038
266,1,1.476986e-01,36.00000,36.00000,3375
266,2,1.451176e-01,47.00000,35.00000,1681
266,3,1.440590e-01,31.00000,36.00000,686
266,4,1.408880e-01,55.00000,30.00000,750
266,5,1.448241e-01,54.00000,30.00000,639
266,6,1.443028e-01,55.00000,30.00000,766
266,7,1.441990e-01,43.00000,35.00000,751
266,8,1.427435e-01,40.00000,36.00000,716
266,9,1.491138e-01,31.00000,36.00000,724
266,10,1.501903e-01,35.00000,36.00000,9810
266,11,1.471564e-01,40.00000,40.00000,1889
266,12,1.471891e-01,47.00000,35.00000,669
266,13,1.466834e-01,47.00000,35.00000,658
266,14,1.441656e-01,42.00000,35.00000,701
266,15,1.532665e-01,25.00000,36.00000,605
266,16,1.394311e-01,53.00000,30.00000,746
266,17,1.457241e-01,42.00000,35.00000,703
266,18,1.455523e-01,47.00000,35.00000,665
266,19,1.449887e-01,35.00000,40.00000,670
266,20,1.466672e-01,34.00000,36.00000,12656
266,21,1.406286e-01,53.00000,30.00000,753
266,22,1.429823e-01,37.00000,40.00000,2585
266,23,1.416342e-01,49.00000,30.00000,667
266,24,1.441765e-01,55.00000,30.00000,659
266,25,1.468748e-01,43.00000,35.00000,677
266,26,1.425114e-01,45.00000,36.00000,644
266,27,1.441258e-01,41.00000,36.00000,643
266,28,1.473547e-01,41.00000,35.00000,682
266,29,1.533679e-01,31.00000,36.00000,603
266,30,1.417644e-01,40.00000,35.00000,9628
266,31,1.442191e-01,47.00000,35.00000,1135
266,32,1.400888e-01,34.00000,36.00000,1544
266,33,1.360769e-01,55.00000,30.00000,722
266,34,1.409517e-01,46.00000,35.00000,675
266,35,1.434056e-01,52.00000,30.00000,681
266,36,1.441931e-01,49.00000,30.00000,669
266,37,1.418604e-01,53.00000,30.00000,619
266,38,1.417922e-01,57.00000,30.00000,699
266,39,1.397550e-01,57.00000,30.00000,735
266,40,1.444628e-01,49.00000,30.00000,8791
266,41,1.401753e-01,40.00000,35.00000,738
266,42,1.441003e-01,39.00000,36.00000,3227
266,43,1.541518e-01,31.00000,36.00000,599
266,44,1.506321e-01,41.00000,36.00000,626
266,45,1.414175e-01,55.00000,30.00000,683
266,46,1.526750e-01,30.00000,36.00000,654
266,47,1.487788e-01,43.00000,35.00000,640
266,48,1.410843e-01,57.00000,30.00000,685
266,49,1.446128e-01,49.00000,30.00000,676
266,50,1.475368e-01,30.00000,36.00000,6328
266,51,1.464423e-01,41.00000,36.00000,686
266,52,1.463952e-01,38.00000,35.00000,5526
266,53,1.436341e-01,30.00000,36.00000,607
266,54,1.391211e-01,55.00000,30.00000,644
266,55,1.383581e-01,52.00000,30.00000,653
266,56,1.425444e-01,42.00000,35.00000,633
266,57,1.449581e-01,43.00000,35.00000,609
266,58,1.436878e-01,37.00000,36.00000,616
266,59,1.404773e-01,49.00000,30.00000,642
266,60,1.368655e-01,55.00000,30.00000,622
266,61,1.478111e-01,45.00000,35.00000,578
266,62,1.401036e-01,50.00000,35.00000,625
266,63,1.436598e-01,44.00000,35.00000,601
266,64,1.512007e-01,37.00000,40.00000,575
266,65,1.429693e-01,39.00000,36.00000,616
266,66,1.468838e-01,52.00000,30.00000,602
266,67,1.450227e-01,46.00000,35.00000,608
266,68,1.395013e-01,53.00000,30.00000,614
266,69,1.418152e-01,54.00000,30.00000,607
266,70,1.415367e-01,42.00000,35.00000,611
266,71,1.401709e-01,49.00000,30.00000,597
267,0,1.474150e-01,44.00000,36.00000,3812
267,1,1.471346e-01,46.00000,35.00000,634
267,2,1.426816e-01,35.00000,36.00000,808
267,3,1.399437e-01,54.00000,30.00000,655
267,4,1.390473e-01,57.00000,30.00000,740
267,5,1.474539e-01,41.00000,36.00000,651
267,6,1.424986e-01,54.00000,30.00000,704
267,7,1.473190e-01,50.00000,35.00000,650
267,8,1.471643e-01,38.00000,35.00000,705
267,9,1.494191e-01,40.00000,36.00000,673
267,10,1.415917e-01,42.00000,35.00000,4817
267,11,1.412366e-01,49.00000,30.00000,759
267,12,1.488922e-01,35.00000,36.00000,3922
267,13,1.435478e-01,58.00000,30.00000,658
267,14,1.467627e-01,43.00000,35.00000,691
267,15,1.412709e-01,52.00000,30.00000,744
267,16,1.426582e-01,47.00000,35.00000,686
267,17,1.486875e-01,40.00000,40.00000,632
267,18,1.433626e-01,40.00000,35.00000,632
267,19,1.414037e-01,41.00000,36.00000,692
267,20,1.389527e-01,53.00000,30.00000,11957
267,21,1.393907e-01,45.00000,36.00000,703
267,22,1.413169e-01,57.00000,30.00000,4291
267,23,1.369193e-01,55.00000,30.00000,714
267,24,1.388443e-01,42.00000,35.00000,718
267,25,1.410286e-01,53.00000,30.00000,647
267,26,1.454699e-01,48.00000,35.00000,641
267,27,1.435902e-01,43.00000,36.00000,719
267,28,1.433115e-01,42.00000,35.00000,697
267,29,1.430205e-01,54.00000,30.00000,736
267,30,1.397334e-01,47.00000,35.00000,8226
267,31,1.455045e-01,49.00000,30.00000,614
267,32,1.445677e-01,40.00000,36.00000,3053
267,33,1.408952e-01,49.00000,35.00000,664
267,34,1.469025e-01,57.00000,30.00000,703
267,35,1.388690e-01,49.00000,30.00000,707
267,36,1.435789e-01,43.00000,36.00000,650
267,37,1.401495e-01,49.00000,30.00000,641
267,38,1.445974e-01,54.00000,30.00000,674
267,39,1.420668e-01,40.00000,36.00000,661
267,40,1.403715e-01,49.00000,30.00000,8874
267,41,1.407116e-01,45.00000,35.00000,628
267,42,1.459383e-01,49.00000,30.00000,1261
267,43,1.444001e-01,59.00000,30.00000,679
267,44,1.404755e-01,53.00000,30.00000,655
267,45,1.451413e-01,40.00000,35.00000,636
267,46,1.466531e-01,57.00000,30.00000,4108
267,47,1.436351e-01,31.00000,36.00000,700
267,48,1.458238e-01,44.00000,35.00000,768
267,49,1.475758e-01,25.00000,36.00000,677
267,50,1.415561e-01,37.00000,36.00000,9271
267,51,1.482852e-01,54.00000,30.00000,650
267,52,1.437710e-01,43.00000,35.00000,616
267,53,1.464511e-01,43.00000,36.00000,631
267,54,1.534385e-01,42.00000,36.00000,586
267,55,1.459966e-01,38.00000,36.00000,698
267,56,1.392544e-01,53.00000,30.00000,614
267,57,1.448913e-01,44.00000,35.00000,627
267,58,1.399932e-01,53.00000,30.00000,652
267,59,1.393675e-01,48.00000,35.00000,630
267,60,1.385563e-01,53.00000,30.00000,2771
267,61,1.426241e-01,42.00000,35.00000,598
267,62,1.458133e-01,38.00000,36.00000,606
267,63,1.465479e-01,49.00000,30.00000,587
267,64,1.456324e-01,39.00000,36.00000,575
267,65,1.455453e-01,37.00000,36.00000,602
267,66,1.473778e-01,38.00000,35.00000,603
267,67,1.560858e-01,25.00000,36.00000,580
267,68,1.489311e-01,41.00000,36.00000,612
267,69,1.446012e-01,53.00000,30.00000,607
267,70,1.443131e-01,52.00000,30.00000,595
267,71,1.480172e-01,41.00000,35.00000,560
268,0,1.431865e-01,46.00000,35.00000,11858
268,1,1.369791e-01,57.00000,30.00000,686
268,2,1.447255e-01,39.00000,35.00000,2787
268,3,1.459121e-01,54.00000,30.00000,665
268,4,1.397145e-01,40.00000,35.00000,640
268,5,1.388468e-01,54.00000,30.00000,723
268,6,1.407487e-01,53.00000,30.00000,712
268,7,1.391165e-01,49.00000,30.00000,763
268,8,1.412924e-01,40.00000,36.00000,665
268,9,1.555057e-01,31.00000,36.00000,645
268,10,1.452132e-01,49.00000,30.00000,11524
268,11,1.438685e-01,43.00000,35.00000,642
268,12,1.417310e-01,46.00000,35.00000,3698
268,13,1.408181e-01,45.00000,35.00000,719
268,14,1.440363e-01,49.00000,30.00000,645
268,15,1.408215e-01,40.00000,36.00000,710
268,16,1.422992e-01,55.00000,30.00000,701
268,17,1.401342e-01,58.00000,30.00000,726
268,18,1.449864e-01,37.00000,35.00000,645
268,19,1.442350e-01,37.00000,36.00000,760
268,20,1.390739e-01,51.00000,30.00000,662
268,21,1.394354e-01,49.00000,30.00000,7295
268,22,1.482395e-01,50.00000,35.00000,3529
268,23,1.414294e-01,40.00000,40.00000,716
268,24,1.433728e-01,57.00000,30.00000,669
268,25,1.489964e-01,51.00000,35.00000,671
268,26,1.422375e-01,46.00000,35.00000,650
268,27,1.471764e-01,37.00000,36.00000,647
268,28,1.453958e-01,49.00000,30.00000,751
268,29,1.470715e-01,44.00000,35.00000,615
268,30,1.451243e-01,41.00000,35.00000,682
268,31,1.378393e-01,42.00000,36.00000,7771
268,32,1.450716e-01,53.00000,30.00000,2595
268,33,1.472347e-01,25.00000,36.00000,633
268,34,1.421549e-01,37.00000,36.00000,684
268,35,1.426304e-01,49.00000,30.00000,661
268,36,1.399260e-01,43.00000,35.00000,639
268,37,1.422146e-01,53.00000,30.00000,621
268,38,1.401771e-01,57.00000,30.00000,767
268,39,1.522572e-01,37.00000,35.00000,678
268,40,1.511905e-01,40.00000,35.00000,570
268,41,1.374682e-01,49.00000,30.00000,10094
268,42,1.429418e-01,47.00000,35.00000,2862
268,43,1.358119e-01,53.00000,30.00000,640
268,44,1.439019e-01,42.00000,35.00000,666
268,45,1.419259e-01,41.00000,35.00000,687
268,46,1.429782e-01,49.00000,30.00000,701
268,47,1.414216e-01,53.00000,30.00000,701
268,48,1.436182e-01,40.00000,35.00000,708
268,49,1.415241e-01,43.00000,35.00000,755
268,50,1.428258e-01,60.00000,30.00000,681
268,51,1.495823e-01,37.00000,36.00000,5974
268,52,1.380755e-01,58.00000,30.00000,4891
268,53,1.406944e-01,40.00000,35.00000,657
268,54,1.468856e-01,49.00000,30.00000,662
268,55,1.373420e-01,47.00000,35.00000,614
268,56,1.479341e-01,51.00000,35.00000,604
268,57,1.447643e-01,38.00000,36.00000,622
268,58,1.406707e-01,55.00000,30.00000,623
268,59,1.361376e-01,51.00000,30.00000,629
268,60,1.493941e-01,47.00000,35.00000,590
268,61,1.434247e-01,49.00000,30.00000,612
268,62,1.505933e-01,31.00000,36.00000,565
268,63,1.382133e-01,55.00000,30.00000,618
268,64,1.388162e-01,48.00000,35.00000,616
268,65,1.488080e-01,57.00000,30.00000,629
268,66,1.417280e-01,39.00000,36.00000,624
268,67,1.423541e-01,53.00000,30.00000,630
268,68,1.429415e-01,43.00000,36.00000,616
268,69,1.467373e-01,49.00000,30.00000,589
268,70,1.470240e-01,37.00000,36.00000,588
268,71,1.482096e-01,37.00000,36.00000,592
269,0,1.419941e-01,49.00000,30.00000,9772
269,1,1.475812e-01,31.00000,36.00000,751
269,2,1.419117e-01,52.00000,30.00000,701
269,3,1.479511e-01,36.00000,36.00000,748
269,4,1.436611e-01,48.00000,35.00000,692
269,5,1.394372e-01,47.00000,35.00000,746
269,6,1.464971e-01,45.00000,35.00000,659
269,7,1.456611e-01,45.00000,35.00000,780
269,8,1.446037e-01,40.00000,36.00000,709
269,9,1.417464e-01,58.00000,30.00000,670
269,10,1.456691e-01,35.00000,36.00000,10289
269,11,1.398069e-01,45.00000,36.00000,2558
269,12,1.417573e-01,43.00000,36.00000,621
269,13,1.459072e-01,46.00000,35.00000,672
269,14,1.421626e-01,54.00000,30.00000,693
269,15,1.457075e-01,45.00000,36.00000,681
269,16,1.408959e-01,45.00000,35.00000,810
269,17,1.502061e-01,52.00000,30.00000,704
269,18,1.513454e-01,38.00000,35.00000,721
269,19,1.407171e-01,49.00000,30.00000,689
269,20,1.446293e-01,49.00000,30.00000,11131
269,21,1.494119e-01,30.00000,36.00000,636
269,22,1.440776e-01,38.00000,35.00000,697
269,23,1.457325e-01,37.00000,36.00000,639
269,24,1.368201e-01,57.00000,30.00000,632
269,25,1.444626e-01,46.00000,35.00000,661
269,26,1.435766e-01,49.00000,30.00000,674
269,27,1.419898e-01,46.00000,35.00000,721
269,28,1.440584e-01,42.00000,35.00000,702
269,29,1.437473e-01,52.00000,30.00000,598
269,30,1.426889e-01,53.00000,30.00000,11431
269,31,1.417813e-01,49.00000,35.00000,647
269,32,1.421169e-01,43.00000,36.00000,632
269,33,1.470680e-01,31.00000,36.00000,623
269,34,1.467649e-01,37.00000,35.00000,746
269,35,1.392397e-01,54.00000,30.00000,641
269,36,1.410883e-01,42.00000,36.00000,658
269,37,1.496128e-01,49.00000,30.00000,683
269,38,1.409467e-01,57.00000,30.00000,700
269,39,1.469255e-01,44.00000,35.00000,621
269,40,1.420304e-01,45.00000,35.00000,10643
269,41,1.360469e-01,54.00000,30.00000,673
269,42,1.456954e-01,43.00000,35.00000,623
269,43,1.420113e-01,49.00000,30.00000,686
269,44,1.387422e-01,52.00000,30.00000,673
269,45,1.426357e-01,45.00000,35.00000,709
269,46,1.461576e-01,39.00000,36.00000,709
269,47,1.477532e-01,42.00000,35.00000,631
269,48,1.419585e-01,43.00000,35.00000,716
269,49,1.448943e-01,30.00000,36.00000,737
269,50,1.473407e-01,49.00000,30.00000,10586
269,51,1.427567e-01,37.00000,35.00000,668
269,52,1.455755e-01,37.00000,36.00000,636
269,53,1.454301e-01,49.00000,30.00000,608
269,54,1.387885e-01,57.00000,30.00000,709
269,55,1.397877e-01,53.00000,30.00000,631
269,56,1.420084e-01,49.00000,30.00000,619
269,57,1.411235e-01,45.00000,35.00000,620
269,58,1.461205e-01,45.00000,35.00000,587
269,59,1.454280e-01,49.00000,30.00000,593
269,60,1.438008e-01,43.00000,35.00000,2747
269,61,1.452365e-01,36.00000,36.00000,592
269,62,1.438882e-01,49.00000,35.00000,614
269,63,1.409376e-01,53.00000,30.00000,609
269,64,1.462411e-01,45.00000,35.00000,586
269,65,1.361653e-01,46.00000,36.00000,633
269,66,1.435555e-01,43.00000,35.00000,590
269,67,1.464476e-01,45.00000,35.00000,585
269,68,1.454765e-01,53.00000,30.00000,621
269,69,1.470002e-01,44.00000,36.00000,577
269,70,1.503117e-01,34.00000,36.00000,590
269,71,1.419994e-01,41.00000,35.00000,604
270,0,1.444457e-01,43.00000,35.00000,6454
270,1,1.434560e-01,41.00000,36.00000,1524
270,2,1.389250e-01,45.00000,35.00000,644
270,3,1.423762e-01,42.00000,35.00000,643
270,4,1.421289e-01,49.00000,35.00000,721
270,5,1.417179e-01,42.00000,35.00000,665
270,6,1.456232e-01,52.00000,30.00000,698
270,7,1.405703e-01,52.00000,30.00000,666
270,8,1.466426e-01,43.00000,35.00000,742
270,9,1.402551e-01,55.00000,30.00000,724
270,10,1.483616e-01,45.00000,36.00000,662
270,11,1.420618e-01,49.00000,30.00000,5776
270,12,1.434257e-01,54.00000,30.00000,822
270,13,1.494567e-01,43.00000,35.00000,626
270,14,1.414831e-01,46.00000,35.00000,689
270,15,1.390091e-01,53.00000,30.00000,660
270,16,1.396211e-01,46.00000,36.00000,714
270,17,1.414173e-01,54.00000,30.00000,607
270,18,1.450409e-01,42.00000,35.00000,717
270,19,1.450741e-01,43.00000,36.00000,715
270,20,1.421948e-01,54.00000,30.00000,662
270,21,1.423695e-01,35.00000,36.00000,4989
270,22,1.458548e-01,42.00000,35.00000,787
270,23,1.389220e-01,57.00000,30.00000,679
270,24,1.343761e-01,59.00000,30.00000,656
270,25,1.461543e-01,36.00000,35.00000,738
270,26,1.396562e-01,53.00000,30.00000,693
270,27,1.382317e-01,57.00000,30.00000,837
270,28,1.406549e-01,39.00000,35.00000,632
270,29,1.462395e-01,43.00000,35.00000,609
270,30,1.435640e-01,41.00000,36.00000,628
270,31,1.432468e-01,42.00000,35.00000,3094
270,32,1.404163e-01,54.00000,30.00000,689
270,33,1.358422e-01,60.00000,30.00000,644
270,34,1.364003e-01,53.00000,30.00000,714
270,35,1.425332e-01,51.00000,30.00000,659
270,36,1.432507e-01,41.00000,36.00000,642
270,37,1.384898e-01,49.00000,30.00000,750
270,38,1.449075e-01,60.00000,30.00000,718
270,39,1.465764e-01,59.00000,30.00000,739
270,40,1.386182e-01,40.00000,35.00000,638
270,41,1.434725e-01,51.00000,35.00000,3132
270,42,1.580971e-01,25.00000,36.00000,589
270,43,1.457681e-01,45.00000,35.00000,649
270,44,1.428159e-01,41.00000,36.00000,675
270,45,1.496725e-01,34.00000,36.00000,655
270,46,1.438521e-01,41.00000,35.00000,720
270,47,1.485496e-01,36.00000,40.00000,650
270,48,1.508314e-01,30.00000,36.00000,679
270,49,1.429827e-01,49.00000,30.00000,656
270,50,1.461817e-01,30.00000,36.00000,618
270,51,1.425017e-01,57.00000,30.00000,4307
270,52,1.396283e-01,53.00000,30.00000,669
270,53,1.402910e-01,49.00000,35.00000,631
270,54,1.415820e-01,49.00000,30.00000,603
270,55,1.351452e-01,52.00000,30.00000,641
270,56,1.470614e-01,49.00000,30.00000,738
270,57,1.380643e-01,49.00000,30.00000,637
270,58,1.543315e-01,25.00000,36.00000,601
270,59,1.431679e-01,41.00000,36.00000,627
270,60,1.457166e-01,39.00000,36.00000,570
270,61,1.490282e-01,49.00000,30.00000,2813
270,62,1.442218e-01,45.00000,35.00000,627
270,63,1.544347e-01,38.00000,35.00000,566
270,64,1.486549e-01,51.00000,35.00000,603
270,65,1.444859e-01,40.00000,35.00000,600
270,66,1.549918e-01,31.00000,36.00000,597
270,67,1.458790e-01,48.00000,35.00000,598
270,68,1.542585e-01,35.00000,36.00000,558
270,69,1.461226e-01,37.00000,36.00000,579
270,70,1.444707e-01,48.00000,35.00000,596
270,71,1.483759e-01,43.00000,35.00000,572
271,0,1.452726e-01,46.00000,35.00000,6049
271,1,1.468412e-01,38.00000,35.00000,689
271,2,1.429886e-01,43.00000,36.00000,653
271,3,1.480692e-01,35.00000,36.00000,755
271,4,1.461361e-01,45.00000,35.00000,651
271,5,1.497992e-01,37.00000,35.00000,647
271,6,1.454560e-01,49.00000,30.00000,630
271,7,1.458417e-01,42.00000,35.00000,617
271,8,1.476957e-01,44.00000,36.00000,647
271,9,1.410393e-01,45.00000,35.00000,797
271,10,1.439976e-01,40.00000,36.00000,5624
271,11,1.458844e-01,30.00000,36.00000,5583
271,12,1.487094e-01,45.00000,35.00000,627
271,13,1.482572e-01,31.00000,36.00000,752
271,14,1.447376e-01,54.00000,30.00000,735
271,15,1.521017e-01,35.00000,36.00000,659
271,16,1.427444e-01,49.00000,35.00000,638
271,17,1.459919e-01,42.00000,35.00000,676
271,18,1.472160e-01,42.00000,36.00000,616
271,19,1.497759e-01,44.00000,35.00000,690
271,20,1.430058e-01,43.00000,35.00000,3974
271,21,1.360320e-01,58.00000,30.00000,8426
271,22,1.399950e-01,44.00000,35.00000,694
271,23,1.376636e-01,53.00000,30.00000,695
271,24,1.454998e-01,30.00000,40.00000,682
271,25,1.394049e-01,45.00000,35.00000,657
271,26,1.413232e-01,53.00000,30.00000,659
271,27,1.407207e-01,59.00000,30.00000,644
271,28,1.410702e-01,45.00000,35.00000,736
271,29,1.445153e-01,45.00000,35.00000,653
271,30,1.398688e-01,53.00000,30.00000,610
271,31,1.411281e-01,57.00000,30.00000,11547
271,32,1.491635e-01,43.00000,35.00000,620
271,33,1.432662e-01,51.00000,35.00000,688
271,34,1.403892e-01,53.00000,30.00000,689
271,35,1.413344e-01,43.00000,35.00000,702
271,36,1.433533e-01,48.00000,35.00000,655
271,37,1.428711e-01,44.00000,35.00000,670
271,38,1.419164e-01,55.00000,30.00000,693
271,39,1.416734e-01,49.00000,30.00000,698
271,40,1.446081e-01,40.00000,36.00000,704
271,41,1.420870e-01,44.00000,35.00000,11799
271,42,1.387216e-01,54.00000,30.00000,655
271,43,1.511731e-01,25.00000,36.00000,1603
271,44,1.379109e-01,55.00000,30.00000,706
271,45,1.472649e-01,42.00000,35.00000,695
271,46,1.401712e-01,46.00000,35.00000,607
271,47,1.451697e-01,43.00000,35.00000,696
271,48,1.385490e-01,46.00000,35.00000,613
271,49,1.510164e-01,37.00000,40.00000,694
271,50,1.432670e-01,44.00000,35.00000,684
271,51,1.394381e-01,41.00000,35.00000,9195
271,52,1.413106e-01,39.00000,35.00000,722
271,53,1.391344e-01,54.00000,30.00000,868
271,54,1.435395e-01,45.00000,35.00000,659
271,55,1.403797e-01,47.00000,35.00000,605
271,56,1.478977e-01,37.00000,35.00000,596
271,57,1.447158e-01,42.00000,35.00000,606
271,58,1.472205e-01,54.00000,30.00000,607
271,59,1.453892e-01,34.00000,36.00000,619
271,60,1.437337e-01,35.00000,36.00000,603
271,61,1.428606e-01,57.00000,30.00000,1932
271,62,1.442541e-01,49.00000,30.00000,593
271,63,1.447631e-01,36.00000,35.00000,604
271,64,1.465401e-01,45.00000,35.00000,584
271,65,1.459586e-01,44.00000,35.00000,580
271,66,1.423501e-01,40.00000,40.00000,594
271,67,1.477329e-01,46.00000,35.00000,601
271,68,1.483267e-01,37.00000,35.00000,571
271,69,1.474961e-01,41.00000,35.00000,567
271,70,1.498501e-01,37.00000,36.00000,615
271,71,1.482190e-01,42.00000,35.00000,574
272,0,1.464782e-01,41.00000,36.00000,13040
272,1,1.358570e-01,52.00000,30.00000,651
272,2,1.414789e-01,37.00000,36.00000,694
272,3,1.479628e-01,53.00000,30.00000,640
272,4,1.529456e-01,41.00000,36.00000,655
272,5,1.462192e-01,41.00000,36.00000,652
272,6,1.421592e-01,47.00000,35.00000,661
272,7,1.438169e-01,57.00000,30.00000,660
272,8,1.462558e-01,45.00000,35.00000,680
272,9,1.462392e-01,46.00000,35.00000,650
272,10,1.413878e-01,53.00000,30.00000,9209
272,11,1.410215e-01,54.00000,30.00000,700
272,12,1.407367e-01,48.00000,35.00000,671
272,13,1.422450e-01,54.00000,30.00000,844
272,14,1.374385e-01,43.00000,35.00000,702
272,15,1.429614e-01,40.00000,36.00000,727
272,16,1.456085e-01,49.00000,30.00000,628
272,17,1.471554e-01,46.00000,36.00000,686
272,18,1.376097e-01,53.00000,30.00000,658
272,19,1.482240e-01,37.00000,36.00000,658
272,20,1.535368e-01,25.00000,36.00000,7238
272,21,1.441555e-01,39.00000,36.00000,775
272,22,1.405663e-01,49.00000,35.00000,2912
272,23,1.426672e-01,53.00000,30.00000,664
272,24,1.462493e-01,56.00000,30.00000,699
272,25,1.483482e-01,49.00000,30.00000,1619
272,26,1.437380e-01,49.00000,35.00000,655
272,27,1.369540e-01,53.00000,30.00000,623
272,28,1.494837e-01,40.00000,36.00000,722
272,29,1.406873e-01,41.00000,35.00000,639
272,30,1.386193e-01,41.00000,35.00000,2801
272,31,1.454258e-01,49.00000,30.00000,4221
272,32,1.388834e-01,53.00000,30.00000,781
272,33,1.394326e-01,54.00000,30.00000,780
272,34,1.382939e-01,53.00000,30.00000,706
272,35,1.404210e-01,49.00000,30.00000,1293
272,36,1.423327e-01,49.00000,30.00000,647
272,37,1.400884e-01,44.00000,35.00000,724
272,38,1.412526e-01,40.00000,40.00000,685
272,39,1.434166e-01,42.00000,40.00000,670
272,40,1.423099e-01,49.00000,30.00000,2536
272,41,1.383770e-01,50.00000,30.00000,1207
272,42,1.478815e-01,43.00000,35.00000,672
272,43,1.393774e-01,52.00000,30.00000,1660
272,44,1.412113e-01,42.00000,35.00000,670
272,45,1.367126e-01,59.00000,30.00000,4015
272,46,1.381521e-01,53.00000,30.00000,667
272,47,1.404036e-01,43.00000,36.00000,649
272,48,1.425955e-01,45.00000,35.00000,629
272,49,1.415620e-01,43.00000,35.00000,700
272,50,1.507438e-01,31.00000,36.00000,2667
272,51,1.407439e-01,49.00000,30.00000,648
272,52,1.400008e-01,53.00000,30.00000,2829
272,53,1.378426e-01,47.00000,35.00000,734
272,54,1.404906e-01,49.00000,30.00000,2361
272,55,1.381026e-01,55.00000,30.00000,1412
272,56,1.397318e-01,49.00000,30.00000,639
272,57,1.437731e-01,49.00000,35.00000,648
272,58,1.422162e-01,53.00000,30.00000,653
272,59,1.389570e-01,54.00000,30.00000,641
272,60,1.423384e-01,45.00000,35.00000,596
272,61,1.423754e-01,52.00000,30.00000,1432
272,62,1.435975e-01,44.00000,35.00000,593
272,63,1.446885e-01,53.00000,30.00000,610
272,64,1.511067e-01,31.00000,36.00000,567
272,65,1.441906e-01,44.00000,35.00000,618
272,66,1.494557e-01,30.00000,36.00000,575
272,67,1.506264e-01,41.00000,35.00000,565
272,68,1.451605e-01,43.00000,35.00000,601
272,69,1.469885e-01,45.00000,35.00000,577
272,70,1.419506e-01,51.00000,35.00000,604
272,71,1.442086e-01,44.00000,35.00000,585
273,0,1.457942e-01,49.00000,30.00000,660
273,1,1.474600e-01,57.00000,30.00000,671
273,2,1.439701e-01,42.00000,35.00000,701
273,3,1.441387e-01,38.00000,35.00000,677
273,4,1.499120e-01,36.00000,36.00000,665
273,5,1.533691e-01,25.00000,36.00000,659
273,6,1.478754e-01,37.00000,36.00000,646
273,7,1.419020e-01,52.00000,30.00000,719
273,8,1.485977e-01,42.00000,36.00000,662
273,9,1.439629e-01,35.00000,36.00000,667
273,10,1.383366e-01,53.00000,30.00000,4960
273,11,1.375078e-01,49.00000,30.00000,3419
273,12,1.404365e-01,53.00000,30.00000,686
273,13,1.405935e-01,42.00000,35.00000,671
273,14,1.426877e-01,35.00000,36.00000,725
273,15,1.437360e-01,56.00000,30.00000,639
273,16,1.430110e-01,30.00000,36.00000,685
273,17,1.447884e-01,48.00000,35.00000,667
273,18,1.431464e-01,53.00000,30.00000,829
273,19,1.456559e-01,35.00000,36.00000,654
273,20,1.361996e-01,59.00000,30.00000,9852
273,21,1.379303e-01,49.00000,30.00000,717
273,22,1.410644e-01,55.00000,30.00000,711
273,23,1.423920e-01,57.00000,30.00000,645
273,24,1.471071e-01,40.00000,36.00000,2507
273,25,1.386194e-01,55.00000,30.00000,766
273,26,1.441607e-01,37.00000,36.00000,676
273,27,1.371485e-01,57.00000,30.00000,669
273,28,1.395634e-01,53.00000,30.00000,766
273,29,1.419392e-01,45.00000,35.00000,640
273,30,1.429866e-01,44.00000,35.00000,8651
273,31,1.441476e-01,44.00000,35.00000,4165
273,32,1.455577e-01,49.00000,30.00000,651
273,33,1.478555e-01,35.00000,36.00000,683
273,34,1.430640e-01,41.00000,35.00000,3106
273,35,1.449455e-01,49.00000,30.00000,683
273,36,1.433458e-01,51.00000,30.00000,675
273,37,1.399531e-01,53.00000,30.00000,643
273,38,1.445314e-01,42.00000,36.00000,659
273,39,1.444958e-01,43.00000,36.00000,653
273,40,1.432176e-01,43.00000,35.00000,732
273,41,1.423776e-01,37.00000,40.00000,5702
273,42,1.468450e-01,54.00000,30.00000,681
273,43,1.417819e-01,49.00000,30.00000,703
273,44,1.474962e-01,35.00000,36.00000,5911
273,45,1.445451e-01,41.00000,35.00000,655
273,46,1.386486e-01,52.00000,30.00000,670
273,47,1.427609e-01,40.00000,36.00000,690
273,48,1.401689e-01,49.00000,30.00000,708
273,49,1.403527e-01,44.00000,35.00000,662
273,50,1.403289e-01,53.00000,30.00000,2076
273,51,1.382205e-01,49.00000,30.00000,2680
273,52,1.400928e-01,43.00000,35.00000,613
273,53,1.430405e-01,42.00000,35.00000,699
273,54,1.390883e-01,49.00000,30.00000,7136
273,55,1.422327e-01,52.00000,30.00000,624
273,56,1.397108e-01,58.00000,30.00000,622
273,57,1.442304e-01,42.00000,35.00000,596
273,58,1.478387e-01,40.00000,40.00000,572
273,59,1.453519e-01,41.00000,35.00000,610
273,60,1.415520e-01,49.00000,30.00000,624
273,61,1.420800e-01,41.00000,35.00000,607
273,62,1.453851e-01,42.00000,36.00000,595
273,63,1.419119e-01,40.00000,36.00000,605
273,64,1.426499e-01,49.00000,30.00000,608
273,65,1.450056e-01,53.00000,30.00000,608
273,66,1.414053e-01,35.00000,36.00000,626
273,67,1.463742e-01,36.00000,36.00000,608
273,68,1.423685e-01,53.00000,30.00000,625
273,69,1.425187e-01,49.00000,30.00000,625
273,70,1.441923e-01,41.00000,35.00000,613
273,71,1.476781e-01,45.00000,35.00000,596
274,0,1.386590e-01,47.00000,35.00000,742
274,1,1.419526e-01,59.00000,30.00000,1559
274,2,1.387145e-01,52.00000,30.00000,675
274,3,1.396840e-01,52.00000,30.00000,725
274,4,1.399462e-01,48.00000,35.00000,711
274,5,1.480719e-01,37.00000,36.00000,658
274,6,1.401187e-01,48.00000,35.00000,711
274,7,1.416799e-01,45.00000,35.00000,710
274,8,1.369765e-01,55.00000,30.00000,760
274,9,1.428127e-01,49.00000,30.00000,658
274,10,1.394996e-01,49.00000,30.00000,4662
274,11,1.441489e-01,54.00000,30.00000,1229
274,12,1.417491e-01,40.00000,36.00000,1231
274,13,1.445402e-01,45.00000,35.00000,674
274,14,1.368447e-01,58.00000,30.00000,658
274,15,1.360108e-01,57.00000,30.00000,719
274,16,1.405785e-01,46.00000,35.00000,737
274,17,1.427687e-01,54.00000,30.00000,710
274,18,1.439960e-01,41.00000,36.00000,691
274,19,1.433500e-01,43.00000,35.00000,664
274,20,1.404850e-01,45.00000,35.00000,4872
274,21,1.437028e-01,45.00000,35.00000,685
274,22,1.424723e-01,43.00000,35.00000,834
274,23,1.404018e-01,57.00000,30.00000,773
274,24,1.458083e-01,49.00000,30.00000,632
274,25,1.462852e-01,49.00000,30.00000,675
274,26,1.411123e-01,53.00000,30.00000,695
274,27,1.445635e-01,37.00000,36.00000,713
274,28,1.484814e-01,32.00000,36.00000,709
274,29,1.437435e-01,43.00000,36.00000,688
274,30,1.397172e-01,58.00000,30.00000,8099
274,31,1.524113e-01,25.00000,36.00000,639
274,32,1.440873e-01,46.00000,35.00000,1672
274,33,1.379116e-01,51.00000,35.00000,1219
274,34,1.432459e-01,47.00000,35.00000,706
274,35,1.428541e-01,43.00000,35.00000,655
274,36,1.398842e-01,53.00000,30.00000,801
274,37,1.397990e-01,52.00000,30.00000,712
274,38,1.402950e-01,52.00000,30.00000,751
274,39,1.446763e-01,40.00000,40.00000,686
274,40,1.411471e-01,53.00000,30.00000,7841
274,41,1.472193e-01,37.00000,36.00000,675
274,42,1.401627e-01,41.00000,36.00000,2348
274,43,1.469348e-01,47.00000,35.00000,2009
274,44,1.471392e-01,48.00000,35.00000,657
274,45,1.424336e-01,53.00000,30.00000,693
274,46,1.460429e-01,37.00000,36.00000,613
274,47,1.453277e-01,37.00000,36.00000,670
274,48,1.443123e-01,48.00000,35.00000,679
274,49,1.399271e-01,45.00000,35.00000,695
274,50,1.390371e-01,48.00000,35.00000,5444
274,51,1.405030e-01,53.00000,30.00000,652
274,52,1.449400e-01,49.00000,30.00000,3264
274,53,1.456950e-01,45.00000,35.00000,2478
274,54,1.407752e-01,44.00000,35.00000,630
274,55,1.437019e-01,44.00000,35.00000,661
274,56,1.424564e-01,55.00000,30.00000,648
274,57,1.416675e-01,43.00000,40.00000,637
274,58,1.416657e-01,46.00000,35.00000,604
274,59,1.602413e-01,30.00000,36.00000,553
274,60,1.423966e-01,53.00000,30.00000,609
274,61,1.471570e-01,37.00000,40.00000,597
274,62,1.416889e-01,42.00000,35.00000,608
274,63,1.471937e-01,33.00000,40.00000,646
274,64,1.375615e-01,54.00000,30.00000,639
274,65,1.430500e-01,44.00000,35.00000,592
274,66,1.395095e-01,55.00000,30.00000,622
274,67,1.451988e-01,54.00000,30.00000,609
274,68,1.414903e-01,39.00000,36.00000,607
274,69,1.416169e-01,55.00000,30.00000,618
274,70,1.400520e-01,46.00000,35.00000,644
274,71,1.397946e-01,55.00000,30.00000,623
275,0,1.379472e-01,52.00000,30.00000,8042
275,1,1.386877e-01,54.00000,30.00000,760
275,2,1.440914e-01,37.00000,35.00000,608
275,3,1.438455e-01,35.00000,36.00000,708
275,4,1.462380e-01,37.00000,35.00000,661
275,5,1.408782e-01,49.00000,30.00000,671
275,6,1.417723e-01,53.00000,30.00000,691
275,7,1.454780e-01,44.00000,35.00000,666
275,8,1.414850e-01,50.00000,35.00000,668
275,9,1.461309e-01,39.00000,36.00000,706
275,10,1.439255e-01,41.00000,36.00000,12206
275,11,1.461214e-01,47.00000,35.00000,643
275,12,1.406170e-01,51.00000,30.00000,690
275,13,1.401384e-01,46.00000,35.00000,627
275,14,1.395644e-01,55.00000,30.00000,702
275,15,1.430898e-01,43.00000,35.00000,724
275,16,1.397554e-01,42.00000,35.00000,635
275,17,1.384773e-01,57.00000,30.00000,736
275,18,1.446324e-01,49.00000,30.00000,596
275,19,1.460907e-01,40.00000,35.00000,681
275,20,1.427057e-01,49.00000,35.00000,12338
275,21,1.448799e-01,42.00000,35.00000,593
275,22,1.444934e-01,49.00000,30.00000,648
275,23,1.465603e-01,43.00000,35.00000,633
275,24,1.461423e-01,45.00000,35.00000,602
275,25,1.463818e-01,31.00000,36.00000,625
275,26,1.447366e-01,46.00000,35.00000,691
275,27,1.447061e-01,46.00000,35.00000,659
275,28,1.476811e-01,31.00000,36.00000,629
275,29,1.391729e-01,48.00000,35.00000,715
275,30,1.441061e-01,47.00000,35.00000,10460
275,31,1.409702e-01,57.00000,30.00000,668
275,32,1.561608e-01,31.00000,36.00000,686
275,33,1.438600e-01,39.00000,36.00000,644
275,34,1.446731e-01,49.00000,35.00000,701
275,35,1.482107e-01,45.00000,35.00000,620
275,36,1.495817e-01,40.00000,36.00000,636
275,37,1.453833e-01,41.00000,35.00000,636
275,38,1.379339e-01,51.00000,30.00000,614
275,39,1.432467e-01,42.00000,35.00000,714
275,40,1.445842e-01,43.00000,36.00000,11813
275,41,1.398502e-01,57.00000,30.00000,701
275,42,1.438331e-01,43.00000,35.00000,627
275,43,1.440791e-01,48.00000,35.00000,626
275,44,1.448186e-01,41.00000,35.00000,644
275,45,1.392619e-01,49.00000,30.00000,675
275,46,1.412135e-01,45.00000,36.00000,686
275,47,1.430441e-01,43.00000,35.00000,650
275,48,1.408819e-01,49.00000,30.00000,674
275,49,1.398520e-01,49.00000,30.00000,773
275,50,1.383383e-01,55.00000,30.00000,8686
275,51,1.411856e-01,46.00000,35.00000,647
275,52,1.398372e-01,57.00000,30.00000,691
275,53,1.376714e-01,53.00000,30.00000,635
275,54,1.427906e-01,57.00000,30.00000,639
275,55,1.466476e-01,40.00000,36.00000,651
275,56,1.446068e-01,44.00000,36.00000,648
275,57,1.430853e-01,54.00000,30.00000,632
275,58,1.453753e-01,45.00000,35.00000,585
275,59,1.391483e-01,42.00000,35.00000,621
275,60,1.422393e-01,39.00000,35.00000,2381
275,61,1.388051e-01,56.00000,30.00000,644
275,62,1.362462e-01,49.00000,30.00000,635
275,63,1.392793e-01,54.00000,30.00000,615
275,64,1.363172e-01,54.00000,30.00000,616
275,65,1.396792e-01,45.00000,35.00000,624
275,66,1.429533e-01,54.00000,30.00000,609
275,67,1.404667e-01,50.00000,35.00000,612
275,68,1.422251e-01,49.00000,30.00000,617
275,69,1.492594e-01,43.00000,36.00000,577
275,70,1.433705e-01,34.00000,36.00000,614
275,71,1.455417e-01,41.00000,35.00000,579
276,0,1.432275e-01,42.00000,35.00000,12710
276,1,1.446751e-01,53.00000,30.00000,779
276,2,1.441368e-01,38.00000,36.00000,745
276,3,1.495171e-01,38.00000,35.00000,682
276,4,1.519744e-01,31.00000,36.00000,690
276,5,1.481860e-01,49.00000,35.00000,638
276,6,1.411726e-01,45.00000,35.00000,662
276,7,1.444329e-01,40.00000,40.00000,654
276,8,1.466394e-01,47.00000,35.00000,681
276,9,1.488770e-01,41.00000,36.00000,678
276,10,1.385008e-01,53.00000,30.00000,11930
276,11,1.394903e-01,43.00000,35.00000,636
276,12,1.467632e-01,45.00000,36.00000,702
276,13,1.469615e-01,40.00000,36.00000,640
276,14,1.411932e-01,53.00000,30.00000,692
276,15,1.434068e-01,54.00000,30.00000,646
276,16,1.498098e-01,49.00000,35.00000,604
276,17,1.392160e-01,53.00000,30.00000,682
276,18,1.466184e-01,35.00000,36.00000,755
276,19,1.412436e-01,46.00000,35.00000,708
276,20,1.424080e-01,41.00000,36.00000,12212
276,21,1.460572e-01,49.00000,35.00000,637
276,22,1.518926e-01,37.00000,36.00000,593
276,23,1.372019e-01,49.00000,30.00000,793
276,24,1.457922e-01,51.00000,30.00000,618
276,25,1.463334e-01,41.00000,35.00000,596
276,26,1.387881e-01,49.00000,30.00000,707
276,27,1.407869e-01,36.00000,36.00000,660
276,28,1.414989e-01,49.00000,30.00000,734
276,29,1.431802e-01,45.00000,35.00000,683
276,30,1.378731e-01,53.00000,30.00000,11258
276,31,1.413602e-01,54.00000,30.00000,668
276,32,1.410906e-01,46.00000,35.00000,665
276,33,1.486551e-01,46.00000,35.00000,665
276,34,1.478443e-01,31.00000,36.00000,669
276,35,1.418908e-01,55.00000,30.00000,686
276,36,1.503709e-01,37.00000,36.00000,711
276,37,1.409828e-01,49.00000,35.00000,771
276,38,1.387431e-01,49.00000,30.00000,760
276,39,1.407042e-01,46.00000,35.00000,709
276,40,1.375652e-01,49.00000,30.00000,6164
276,41,1.429552e-01,44.00000,35.00000,669
276,42,1.461981e-01,42.00000,35.00000,640
276,43,1.435619e-01,46.00000,35.00000,813
276,44,1.451269e-01,39.00000,35.00000,648
276,45,1.459087e-01,46.00000,35.00000,657
276,46,1.444433e-01,44.00000,35.00000,659
276,47,1.421358e-01,53.00000,30.00000,641
276,48,1.464701e-01,40.00000,36.00000,794
276,49,1.462978e-01,31.00000,36.00000,604
276,50,1.444990e-01,35.00000,36.00000,10541
276,51,1.505929e-01,41.00000,40.00000,633
276,52,1.456485e-01,55.00000,30.00000,623
276,53,1.363158e-01,57.00000,30.00000,734
276,54,1.425449e-01,46.00000,35.00000,637
276,55,1.466442e-01,44.00000,35.00000,671
276,56,1.472116e-01,38.00000,36.00000,665
276,57,1.506149e-01,36.00000,35.00000,591
276,58,1.426155e-01,37.00000,36.00000,716
276,59,1.408187e-01,49.00000,35.00000,643
276,60,1.413037e-01,52.00000,30.00000,2823
276,61,1.448727e-01,42.00000,35.00000,592
276,62,1.430438e-01,49.00000,35.00000,602
276,63,1.441948e-01,54.00000,30.00000,608
276,64,1.397938e-01,44.00000,35.00000,615
276,65,1.416633e-01,45.00000,35.00000,616
276,66,1.425045e-01,42.00000,36.00000,611
276,67,1.435164e-01,43.00000,35.00000,591
276,68,1.405743e-01,40.00000,35.00000,613
276,69,1.399591e-01,49.00000,30.00000,608
276,70,1.449062e-01,49.00000,30.00000,617
276,71,1.406977e-01,57.00000,30.00000,629
277,0,1.500880e-01,40.00000,36.00000,1122
277,1,1.429849e-01,53.00000,30.00000,691
277,2,1.492348e-01,45.00000,35.00000,670
277,3,1.437290e-01,46.00000,36.00000,646
277,4,1.448182e-01,44.00000,35.00000,667
277,5,1.411149e-01,48.00000,35.00000,681
277,6,1.468062e-01,38.00000,35.00000,643
277,7,1.485412e-01,37.00000,36.00000,701
277,8,1.426519e-01,37.00000,36.00000,734
277,9,1.398992e-01,54.00000,30.00000,683
277,10,1.443216e-01,37.00000,35.00000,678
277,11,1.355727e-01,56.00000,30.00000,715
277,12,1.420529e-01,58.00000,30.00000,705
277,13,1.424454e-01,54.00000,30.00000,714
277,14,1.520641e-01,31.00000,36.00000,711
277,15,1.483284e-01,30.00000,40.00000,637
277,16,1.420684e-01,40.00000,40.00000,702
277,17,1.391797e-01,53.00000,30.00000,686
277,18,1.439655e-01,42.00000,35.00000,1468
277,19,1.402888e-01,53.00000,30.00000,735
277,20,1.501360e-01,25.00000,36.00000,619
277,21,1.388298e-01,36.00000,35.00000,679
277,22,1.394464e-01,53.00000,30.00000,690
277,23,1.397148e-01,56.00000,30.00000,687
277,24,1.429620e-01,39.00000,35.00000,659
277,25,1.414643e-01,59.00000,30.00000,690
277,26,1.402941e-01,43.00000,35.00000,699
277,27,1.404044e-01,53.00000,30.00000,716
277,28,1.432610e-01,42.00000,35.00000,600
277,29,1.411686e-01,56.00000,30.00000,760
277,30,1.445116e-01,33.00000,40.00000,606
277,31,1.389640e-01,47.00000,35.00000,666
277,32,1.531474e-01,53.00000,30.00000,644
277,33,1.436427e-01,31.00000,36.00000,672
277,34,1.452720e-01,43.00000,35.00000,681
277,35,1.471772e-01,26.00000,36.00000,688
277,36,1.429566e-01,51.00000,35.00000,668
277,37,1.443340e-01,53.00000,30.00000,699
277,38,1.497718e-01,30.00000,36.00000,613
277,39,1.463989e-01,52.00000,30.00000,676
277,40,1.421209e-01,55.00000,30.00000,673
277,41,1.386252e-01,47.00000,35.00000,727
277,42,1.413824e-01,46.00000,35.00000,669
277,43,1.426356e-01,47.00000,35.00000,674
277,44,1.378869e-01,49.00000,30.00000,726
277,45,1.457506e-01,49.00000,30.00000,658
277,46,1.483191e-01,26.00000,36.00000,589
277,47,1.356055e-01,55.00000,30.00000,704
277,48,1.427442e-01,55.00000,30.00000,705
277,49,1.499519e-01,41.00000,36.00000,624
277,50,1.400140e-01,43.00000,35.00000,703
277,51,1.381973e-01,52.00000,30.00000,642
277,52,1.410483e-01,57.00000,30.00000,645
277,53,1.459247e-01,39.00000,36.00000,660
277,54,1.438606e-01,40.00000,35.00000,661
277,55,1.472071e-01,59.00000,30.00000,692
277,56,1.468705e-01,40.00000,36.00000,594
277,57,1.371869e-01,56.00000,30.00000,648
277,58,1.408675e-01,57.00000,30.00000,658
277,59,1.483671e-01,30.00000,36.00000,660
277,60,1.404912e-01,45.00000,35.00000,972
277,61,1.385412e-01,57.00000,30.00000,632
277,62,1.426479e-01,49.00000,30.00000,601
277,63,1.429791e-01,49.00000,35.00000,603
277,64,1.466506e-01,42.00000,35.00000,574
277,65,1.498650e-01,30.00000,36.00000,571
277,66,1.484691e-01,37.00000,35.00000,602
277,67,1.464864e-01,44.00000,35.00000,583
277,68,1.522695e-01,25.00000,36.00000,583
277,69,1.449552e-01,39.00000,36.00000,601
277,70,1.406099e-01,47.00000,35.00000,624
277,71,1.412213e-01,53.00000,30.00000,613
278,0,1.409075e-01,53.00000,30.00000,5810
278,1,1.364290e-01,57.00000,30.00000,733
278,2,1.416009e-01,45.00000,35.00000,663
278,3,1.445009e-01,36.00000,35.00000,661
278,4,1.386256e-01,43.00000,35.00000,689
278,5,1.392268e-01,41.00000,35.00000,646
278,6,1.389708e-01,60.00000,30.00000,770
278,7,1.403532e-01,53.00000,30.00000,670
278,8,1.445988e-01,42.00000,36.00000,683
278,9,1.409273e-01,53.00000,30.00000,676
278,10,1.429204e-01,30.00000,36.00000,699
278,11,1.411268e-01,55.00000,30.00000,657
278,12,1.432394e-01,39.00000,40.00000,1174
278,13,1.424025e-01,45.00000,35.00000,7368
278,14,1.408084e-01,41.00000,35.00000,696
278,15,1.396002e-01,55.00000,30.00000,671
278,16,1.387807e-01,53.00000,30.00000,712
278,17,1.369470e-01,53.00000,30.00000,675
278,18,1.423999e-01,49.00000,30.00000,619
278,19,1.423019e-01,49.00000,30.00000,755
278,20,1.477050e-01,41.00000,35.00000,667
278,21,1.406484e-01,52.00000,30.00000,651
278,22,1.369837e-01,49.00000,30.00000,3022
278,23,1.393634e-01,49.00000,30.00000,4367
278,24,1.406103e-01,49.00000,30.00000,725
278,25,1.370255e-01,52.00000,30.00000,733
278,26,1.392873e-01,45.00000,35.00000,700
278,27,1.342103e-01,55.00000,30.00000,731
278,28,1.406261e-01,38.00000,36.00000,697
278,29,1.375005e-01,53.00000,30.00000,764
278,30,1.428418e-01,51.00000,30.00000,667
278,31,1.364428e-01,54.00000,30.00000,712
278,32,1.444493e-01,40.00000,35.00000,2724
278,33,1.378349e-01,58.00000,30.00000,4625
278,34,1.397632e-01,50.00000,35.00000,639
278,35,1.462559e-01,37.00000,36.00000,666
278,36,1.496603e-01,36.00000,40.00000,678
278,37,1.428495e-01,52.00000,30.00000,661
278,38,1.403795e-01,59.00000,30.00000,709
278,39,1.425433e-01,49.00000,30.00000,641
278,40,1.542590e-01,30.00000,36.00000,652
278,41,1.429987e-01,46.00000,35.00000,650
278,42,1.385969e-01,53.00000,30.00000,703
278,43,1.430761e-01,40.00000,36.00000,5035
278,44,1.433804e-01,42.00000,36.00000,627
278,45,1.418529e-01,55.00000,30.00000,646
278,46,1.377954e-01,49.00000,30.00000,695
278,47,1.421425e-01,53.00000,30.00000,633
278,48,1.399246e-01,41.00000,36.00000,747
278,49,1.442891e-01,54.00000,30.00000,718
278,50,1.445167e-01,35.00000,36.00000,698
278,51,1.412503e-01,53.00000,30.00000,671
278,52,1.471332e-01,53.00000,30.00000,699
278,53,1.451414e-01,41.00000,36.00000,3413
278,54,1.386562e-01,45.00000,36.00000,653
278,55,1.406157e-01,49.00000,30.00000,697
278,56,1.473800e-01,38.00000,40.00000,621
278,57,1.379974e-01,54.00000,30.00000,640
278,58,1.464300e-01,45.00000,35.00000,687
278,59,1.443206e-01,55.00000,30.00000,708
278,60,1.489773e-01,45.00000,35.00000,620
278,61,1.403105e-01,51.00000,30.00000,600
278,62,1.423475e-01,49.00000,30.00000,595
278,63,1.474785e-01,43.00000,35.00000,624
278,64,1.467113e-01,33.00000,40.00000,614
278,65,1.402155e-01,54.00000,30.00000,612
278,66,1.404007e-01,42.00000,35.00000,612
278,67,1.409607e-01,46.00000,35.00000,614
278,68,1.464643e-01,49.00000,30.00000,613
278,69,1.493092e-01,36.00000,36.00000,585
278,70,1.472811e-01,35.00000,36.00000,599
278,71,1.548797e-01,42.00000,36.00000,566
279,0,1.402692e-01,54.00000,30.00000,6268
279,1,1.422794e-01,41.00000,36.00000,669
279,2,1.487623e-01,58.00000,30.00000,674
279,3,1.458834e-01,46.00000,35.00000,645
279,4,1.389903e-01,54.00000,30.00000,666
279,5,1.427244e-01,37.00000,36.00000,698
279,6,1.440840e-01,49.00000,30.00000,661
279,7,1.418149e-01,54.00000,30.00000,662
279,8,1.417740e-01,49.00000,35.00000,748
279,9,1.389461e-01,35.00000,36.00000,690
279,10,1.424123e-01,42.00000,35.00000,8044
279,11,1.400286e-01,45.00000,35.00000,716
279,12,1.452587e-01,58.00000,30.00000,681
279,13,1.407679e-01,49.00000,30.00000,680
279,14,1.402146e-01,61.00000,30.00000,705
279,15,1.437882e-01,45.00000,35.00000,676
279,16,1.417224e-01,42.00000,35.00000,741
279,17,1.473350e-01,31.00000,36.00000,627
279,18,1.401883e-01,49.00000,30.00000,730
279,19,1.400754e-01,57.00000,30.00000,705
279,20,1.449293e-01,31.00000,36.00000,8450
279,21,1.434624e-01,46.00000,35.00000,704
279,22,1.495271e-01,36.00000,36.00000,585
279,23,1.425075e-01,47.00000,35.00000,1603
279,24,1.407004e-01,49.00000,30.00000,645
279,25,1.462586e-01,51.00000,35.00000,693
279,26,1.379523e-01,57.00000,30.00000,734
279,27,1.438284e-01,54.00000,30.00000,668
279,28,1.466058e-01,45.00000,35.00000,685
279,29,1.473642e-01,30.00000,36.00000,641
279,30,1.417122e-01,45.00000,35.00000,8542
279,31,1.441834e-01,40.00000,35.00000,732
279,32,1.460851e-01,39.00000,36.00000,609
279,33,1.436697e-01,49.00000,30.00000,706
279,34,1.395102e-01,49.00000,35.00000,681
279,35,1.415285e-01,43.00000,35.00000,3091
279,36,1.430066e-01,49.00000,30.00000,661
279,37,1.453917e-01,42.00000,35.00000,697
279,38,1.551169e-01,40.00000,35.00000,643
279,39,1.398312e-01,41.00000,35.00000,659
279,40,1.407353e-01,53.00000,30.00000,7012
279,41,1.439293e-01,49.00000,35.00000,932
279,42,1.420858e-01,43.00000,35.00000,672
279,43,1.429632e-01,44.00000,35.00000,633
279,44,1.473542e-01,38.00000,36.00000,732
279,45,1.470942e-01,47.00000,35.00000,3842
279,46,1.498780e-01,38.00000,35.00000,662
279,47,1.401343e-01,35.00000,36.00000,728
279,48,1.397239e-01,49.00000,30.00000,1165
279,49,1.458835e-01,52.00000,30.00000,717
279,50,1.432132e-01,37.00000,36.00000,4244
279,51,1.487499e-01,48.00000,35.00000,2244
279,52,1.409827e-01,55.00000,30.00000,731
279,53,1.437144e-01,41.00000,36.00000,658
279,54,1.391175e-01,44.00000,35.00000,716
279,55,1.389509e-01,52.00000,30.00000,3746
279,56,1.480540e-01,39.00000,35.00000,1539
279,57,1.427034e-01,53.00000,30.00000,1024
279,58,1.375003e-01,49.00000,30.00000,681
279,59,1.424864e-01,55.00000,30.00000,641
279,60,1.384311e-01,45.00000,35.00000,1002
279,61,1.415050e-01,52.00000,30.00000,2462
279,62,1.388593e-01,53.00000,30.00000,654
279,63,1.385701e-01,54.00000,30.00000,657
279,64,1.494729e-01,42.00000,35.00000,602
279,65,1.442683e-01,49.00000,30.00000,625
279,66,1.395043e-01,47.00000,35.00000,1049
279,67,1.418971e-01,43.00000,35.00000,593
279,68,1.386310e-01,53.00000,30.00000,627
279,69,1.422895e-01,43.00000,35.00000,596
279,70,1.401680e-01,49.00000,30.00000,611
279,71,1.439187e-01,46.00000,35.00000,606
280,0,1.516128e-01,25.00000,36.00000,2571
280,1,1.430799e-01,43.00000,40.00000,679
280,2,1.428421e-01,53.00000,30.00000,691
280,3,1.445376e-01,36.00000,36.00000,737
280,4,1.426433e-01,49.00000,30.00000,669
280,5,1.466133e-01,54.00000,30.00000,643
280,6,1.524632e-01,37.00000,36.00000,701
280,7,1.507138e-01,49.00000,35.00000,692
280,8,1.502679e-01,37.00000,36.00000,688
280,9,1.404839e-01,45.00000,35.00000,701
280,10,1.425675e-01,37.00000,36.00000,5875
280,11,1.424028e-01,43.00000,35.00000,676
280,12,1.447151e-01,39.00000,36.00000,615
280,13,1.434328e-01,52.00000,30.00000,1671
280,14,1.508368e-01,41.00000,36.00000,581
280,15,1.458789e-01,49.00000,35.00000,673
280,16,1.379404e-01,46.00000,35.00000,704
280,17,1.501395e-01,42.00000,35.00000,615
280,18,1.407419e-01,55.00000,30.00000,662
280,19,1.486324e-01,35.00000,36.00000,659
280,20,1.454913e-01,54.00000,30.00000,4415
280,21,1.435401e-01,45.00000,35.00000,640
280,22,1.381414e-01,62.00000,30.00000,647
280,23,1.406739e-01,44.00000,35.00000,5601
280,24,1.401825e-01,46.00000,35.00000,644
280,25,1.443785e-01,52.00000,30.00000,636
280,26,1.428360e-01,37.00000,36.00000,740
280,27,1.386564e-01,49.00000,30.00000,714
280,28,1.391249e-01,43.00000,35.00000,724
280,29,1.470569e-01,35.00000,36.00000,661
280,30,1.479409e-01,49.00000,30.00000,2277
280,31,1.424100e-01,50.00000,35.00000,746
280,32,1.373067e-01,60.00000,30.00000,751
280,33,1.435553e-01,43.00000,35.00000,10902
280,34,1.532965e-01,30.00000,36.00000,565
280,35,1.451603e-01,43.00000,36.00000,612
280,36,1.445900e-01,42.00000,35.00000,668
280,37,1.408380e-01,39.00000,36.00000,690
280,38,1.475158e-01,25.00000,36.00000,708
280,39,1.446898e-01,49.00000,35.00000,680
280,40,1.465441e-01,49.00000,30.00000,711
280,41,1.474578e-01,43.00000,35.00000,609
280,42,1.441131e-01,45.00000,35.00000,656
280,43,1.539562e-01,25.00000,36.00000,12100
280,44,1.461439e-01,43.00000,35.00000,655
280,45,1.464306e-01,47.00000,35.00000,656
280,46,1.479584e-01,46.00000,35.00000,634
280,47,1.448711e-01,46.00000,36.00000,712
280,48,1.460169e-01,39.00000,36.00000,642
280,49,1.444777e-01,47.00000,35.00000,692
280,50,1.468680e-01,46.00000,35.00000,690
280,51,1.420093e-01,49.00000,30.00000,642
280,52,1.474239e-01,43.00000,36.00000,652
280,53,1.462810e-01,47.00000,35.00000,9581
280,54,1.380768e-01,46.00000,35.00000,663
280,55,1.484563e-01,42.00000,36.00000,600
280,56,1.436960e-01,49.00000,35.00000,603
280,57,1.421644e-01,45.00000,35.00000,586
280,58,1.468098e-01,30.00000,36.00000,597
280,59,1.566627e-01,40.00000,40.00000,560
280,60,1.441329e-01,38.00000,36.00000,611
280,61,1.438849e-01,53.00000,30.00000,631
280,62,1.450523e-01,49.00000,30.00000,590
280,63,1.436728e-01,38.00000,35.00000,587
280,64,1.400753e-01,44.00000,35.00000,618
280,65,1.387497e-01,55.00000,30.00000,617
280,66,1.473852e-01,36.00000,36.00000,611
280,67,1.375619e-01,44.00000,35.00000,632
280,68,1.391470e-01,58.00000,30.00000,626
280,69,1.488710e-01,40.00000,35.00000,581
280,70,1.447025e-01,49.00000,30.00000,611
280,71,1.414268e-01,53.00000,30.00000,609
281,0,1.521267e-01,38.00000,35.00000,3737
281,1,1.440646e-01,44.00000,35.00000,1684
281,2,1.430834e-01,54.00000,30.00000,747
281,3,1.414040e-01,52.00000,30.00000,680
281,4,1.351597e-01,55.00000,30.00000,686
281,5,1.427330e-01,35.00000,36.00000,712
281,6,1.405461e-01,45.00000,36.00000,674
281,7,1.414802e-01,40.00000,36.00000,658
281,8,1.483909e-01,43.00000,35.00000,585
281,9,1.455972e-01,46.00000,35.00000,769
281,10,1.415990e-01,41.00000,35.00000,6170
281,11,1.467117e-01,45.00000,35.00000,664
281,12,1.401464e-01,44.00000,35.00000,684
281,13,1.387250e-01,57.00000,30.00000,711
281,14,1.442553e-01,38.00000,35.00000,662
281,15,1.434316e-01,49.00000,30.00000,607
281,16,1.428361e-01,49.00000,30.00000,729
281,17,1.448000e-01,31.00000,36.00000,632
281,18,1.407860e-01,54.00000,30.00000,665
281,19,1.379490e-01,43.00000,35.00000,712
281,20,1.425089e-01,53.00000,30.00000,13304
281,21,1.356479e-01,53.00000,30.00000,714
281,22,1.399499e-01,55.00000,30.00000,700
281,23,1.361481e-01,56.00000,30.00000,668
281,24,1.349968e-01,57.00000,30.00000,700
281,25,1.433986e-01,55.00000,30.00000,692
281,26,1.399256e-01,42.00000,36.00000,677
281,27,1.355475e-01,56.00000,30.00000,730
281,28,1.432514e-01,45.00000,35.00000,635
281,29,1.372353e-01,47.00000,35.00000,726
281,30,1.426429e-01,38.00000,35.00000,11817
281,31,1.453752e-01,40.00000,35.00000,648
281,32,1.359368e-01,54.00000,30.00000,643
281,33,1.399363e-01,51.00000,30.00000,638
281,34,1.405724e-01,49.00000,35.00000,707
281,35,1.381905e-01,49.00000,30.00000,663
281,36,1.421177e-01,49.00000,30.00000,649
281,37,1.433979e-01,50.00000,30.00000,713
281,38,1.432940e-01,43.00000,35.00000,599
281,39,1.414875e-01,47.00000,35.00000,697
281,40,1.415003e-01,57.00000,30.00000,9748
281,41,1.427629e-01,41.00000,36.00000,708
281,42,1.398841e-01,51.00000,35.00000,736
281,43,1.418181e-01,57.00000,30.00000,674
281,44,1.416658e-01,43.00000,35.00000,603
281,45,1.511604e-01,44.00000,35.00000,617
281,46,1.503978e-01,48.00000,35.00000,687
281,47,1.433628e-01,43.00000,35.00000,636
281,48,1.436822e-01,42.00000,36.00000,734
281,49,1.477937e-01,36.00000,36.00000,640
281,50,1.414972e-01,55.00000,30.00000,11477
281,51,1.341929e-01,54.00000,30.00000,678
281,52,1.381713e-01,38.00000,35.00000,692
281,53,1.472065e-01,37.00000,36.00000,598
281,54,1.421526e-01,49.00000,30.00000,654
281,55,1.417422e-01,60.00000,30.00000,642
281,56,1.395651e-01,42.00000,35.00000,641
281,57,1.439366e-01,37.00000,36.00000,621
281,58,1.472323e-01,46.00000,35.00000,660
281,59,1.418264e-01,36.00000,40.00000,611
281,60,1.458002e-01,49.00000,30.00000,2610
281,61,1.511035e-01,37.00000,40.00000,605
281,62,1.507064e-01,45.00000,35.00000,589
281,63,1.385701e-01,57.00000,30.00000,630
281,64,1.370175e-01,45.00000,35.00000,645
281,65,1.395202e-01,51.00000,30.00000,604
281,66,1.399384e-01,53.00000,30.00000,637
281,67,1.387801e-01,53.00000,30.00000,608
281,68,1.401462e-01,49.00000,30.00000,609
281,69,1.421028e-01,51.00000,30.00000,606
281,70,1.349253e-01,49.00000,35.00000,626
281,71,1.448550e-01,43.00000,35.00000,601
282,0,1.410105e-01,55.00000,30.00000,5474
282,1,1.398553e-01,39.00000,36.00000,624
282,2,1.393064e-01,45.00000,35.00000,647
282,3,1.431594e-01,53.00000,30.00000,676
282,4,1.363045e-01,59.00000,30.00000,802
282,5,1.402685e-01,52.00000,30.00000,686
282,6,1.374247e-01,40.00000,36.00000,638
282,7,1.407525e-01,49.00000,30.00000,720
282,8,1.413169e-01,52.00000,30.00000,657
282,9,1.452907e-01,55.00000,30.00000,744
282,10,1.410512e-01,48.00000,35.00000,4822
282,11,1.371897e-01,51.00000,30.00000,655
282,12,1.372472e-01,53.00000,30.00000,760
282,13,1.379352e-01,55.00000,30.00000,649
282,14,1.357362e-01,50.00000,35.00000,783
282,15,1.391176e-01,49.00000,30.00000,637
282,16,1.420429e-01,49.00000,35.00000,654
282,17,1.389619e-01,58.00000,30.00000,661
282,18,1.395938e-01,49.00000,30.00000,674
282,19,1.371091e-01,53.00000,30.00000,701
282,20,1.537808e-01,30.00000,36.00000,7889
282,21,1.438267e-01,37.00000,40.00000,690
282,22,1.413330e-01,42.00000,35.00000,710
282,23,1.426715e-01,48.00000,35.00000,704
282,24,1.424285e-01,47.00000,35.00000,597
282,25,1.474597e-01,31.00000,36.00000,698
282,26,1.389146e-01,46.00000,35.00000,639
282,27,1.431289e-01,49.00000,35.00000,677
282,28,1.430231e-01,59.00000,30.00000,691
282,29,1.461558e-01,49.00000,30.00000,667
282,30,1.380213e-01,49.00000,30.00000,8259
282,31,1.423448e-01,53.00000,30.00000,647
282,32,1.446735e-01,41.00000,36.00000,636
282,33,1.465227e-01,42.00000,35.00000,717
282,34,1.430121e-01,54.00000,30.00000,668
282,35,1.411851e-01,49.00000,30.00000,676
282,36,1.457873e-01,43.00000,36.00000,654
282,37,1.393819e-01,51.00000,30.00000,677
282,38,1.455068e-01,25.00000,36.00000,722
282,39,1.367248e-01,49.00000,30.00000,710
282,40,1.555184e-01,41.00000,36.00000,5564
282,41,1.458845e-01,53.00000,30.00000,608
282,42,1.458925e-01,54.00000,30.00000,643
282,43,1.437396e-01,46.00000,35.00000,645
282,44,1.492719e-01,42.00000,35.00000,641
282,45,1.493645e-01,37.00000,36.00000,571
282,46,1.477357e-01,45.00000,35.00000,643
282,47,1.492167e-01,35.00000,36.00000,639
282,48,1.444463e-01,40.00000,35.00000,654
282,49,1.431954e-01,35.00000,36.00000,670
282,50,1.412466e-01,36.00000,36.00000,8182
282,51,1.438261e-01,46.00000,35.00000,625
282,52,1.402945e-01,54.00000,30.00000,1365
282,53,1.440134e-01,39.00000,36.00000,661
282,54,1.381203e-01,44.00000,35.00000,670
282,55,1.415810e-01,41.00000,35.00000,646
282,56,1.409962e-01,44.00000,35.00000,714
282,57,1.426474e-01,47.00000,35.00000,670
282,58,1.436006e-01,41.00000,35.00000,644
282,59,1.445519e-01,49.00000,30.00000,630
282,60,1.382008e-01,53.00000,30.00000,2316
282,61,1.383667e-01,54.00000,30.00000,1052
282,62,1.474178e-01,49.00000,30.00000,594
282,63,1.394553e-01,40.00000,36.00000,630
282,64,1.358243e-01,55.00000,30.00000,628
282,65,1.452887e-01,38.00000,35.00000,637
282,66,1.389507e-01,49.00000,30.00000,611
282,67,1.363460e-01,53.00000,30.00000,627
282,68,1.440047e-01,42.00000,36.00000,595
282,69,1.440045e-01,57.00000,30.00000,628
282,70,1.376336e-01,42.00000,35.00000,638
282,71,1.357430e-01,55.00000,30.00000,648
283,0,1.388223e-01,49.00000,30.00000,1799
283,1,1.425902e-01,38.00000,35.00000,573
283,2,1.397360e-01,47.00000,35.00000,712
283,3,1.358818e-01,56.00000,30.00000,788
283,4,1.378388e-01,57.00000,30.00000,702
283,5,1.432887e-01,43.00000,36.00000,687
283,6,1.439548e-01,54.00000,30.00000,717
283,7,1.374898e-01,55.00000,30.00000,661
283,8,1.417023e-01,52.00000,30.00000,740
283,9,1.394554e-01,53.00000,30.00000,653
283,10,1.472442e-01,35.00000,36.00000,12924
283,11,1.395645e-01,49.00000,30.00000,1051
283,12,1.462935e-01,54.00000,30.00000,693
283,13,1.375435e-01,57.00000,30.00000,675
283,14,1.413217e-01,42.00000,35.00000,667
283,15,1.462764e-01,54.00000,30.00000,626
283,16,1.511281e-01,44.00000,35.00000,709
283,17,1.420622e-01,35.00000,36.00000,667
283,18,1.360255e-01,54.00000,30.00000,730
283,19,1.407152e-01,45.00000,35.00000,641
283,20,1.397516e-01,46.00000,35.00000,10301
283,21,1.397687e-01,49.00000,30.00000,644
283,22,1.424702e-01,36.00000,36.00000,712
283,23,1.419486e-01,37.00000,36.00000,613
283,24,1.389832e-01,46.00000,35.00000,683
283,25,1.378991e-01,53.00000,30.00000,698
283,26,1.377450e-01,53.00000,30.00000,679
283,27,1.356645e-01,57.00000,30.00000,679
283,28,1.399401e-01,49.00000,30.00000,761
283,29,1.466789e-01,39.00000,35.00000,640
283,30,1.434525e-01,49.00000,30.00000,9358
283,31,1.460458e-01,35.00000,36.00000,660
283,32,1.407239e-01,44.00000,35.00000,726
283,33,1.413577e-01,49.00000,30.00000,686
283,34,1.410843e-01,40.00000,36.00000,627
283,35,1.416664e-01,56.00000,30.00000,646
283,36,1.435290e-01,50.00000,35.00000,696
283,37,1.405461e-01,52.00000,30.00000,667
283,38,1.392177e-01,51.00000,35.00000,692
283,39,1.453939e-01,37.00000,36.00000,714
283,40,1.454252e-01,49.00000,30.00000,1515
283,41,1.451262e-01,36.00000,36.00000,654
283,42,1.417709e-01,48.00000,35.00000,684
283,43,1.465476e-01,49.00000,30.00000,667
283,44,1.437182e-01,47.00000,36.00000,701
283,45,1.482156e-01,45.00000,35.00000,654
283,46,1.438490e-01,42.00000,35.00000,716
283,47,1.403016e-01,54.00000,30.00000,674
283,48,1.420264e-01,48.00000,35.00000,667
283,49,1.419105e-01,44.00000,35.00000,606
283,50,1.363726e-01,53.00000,30.00000,757
283,51,1.408780e-01,49.00000,30.00000,611
283,52,1.423827e-01,52.00000,30.00000,698
283,53,1.443887e-01,37.00000,35.00000,616
283,54,1.389122e-01,49.00000,35.00000,666
283,55,1.412970e-01,47.00000,35.00000,629
283,56,1.391967e-01,49.00000,30.00000,622
283,57,1.423245e-01,53.00000,30.00000,628
283,58,1.392113e-01,45.00000,35.00000,634
283,59,1.406623e-01,49.00000,30.00000,598
283,60,1.434859e-01,40.00000,35.00000,621
283,61,1.451979e-01,43.00000,35.00000,580
283,62,1.458510e-01,49.00000,30.00000,588
283,63,1.455625e-01,43.00000,35.00000,612
283,64,1.460752e-01,53.00000,30.00000,608
283,65,1.435517e-01,44.00000,35.00000,636
283,66,1.434339e-01,37.00000,36.00000,618
283,67,1.460769e-01,35.00000,36.00000,616
283,68,1.422631e-01,42.00000,35.00000,608
283,69,1.440393e-01,43.00000,35.00000,579
283,70,1.466776e-01,38.00000,40.00000,576
283,71,1.490604e-01,30.00000,36.00000,587
284,0,1.482065e-01,25.00000,36.00000,664
284,1,1.487810e-01,45.00000,35.00000,713
284,2,1.477755e-01,30.00000,40.00000,598
284,3,1.433513e-01,51.00000,35.00000,653
284,4,1.503941e-01,31.00000,36.00000,652
284,5,1.515446e-01,37.00000,36.00000,613
284,6,1.531928e-01,37.00000,35.00000,646
284,7,1.465266e-01,48.00000,35.00000,639
284,8,1.447461e-01,42.00000,35.00000,647
284,9,1.452663e-01,42.00000,35.00000,713
284,10,1.423224e-01,48.00000,35.00000,1800
284,11,1.417395e-01,54.00000,30.00000,708
284,12,1.518730e-01,44.00000,35.00000,692
284,13,1.427546e-01,41.00000,35.00000,642
284,14,1.419344e-01,36.00000,36.00000,649
284,15,1.388855e-01,49.00000,30.00000,643
284,16,1.419706e-01,54.00000,30.00000,729
284,17,1.411266e-01,43.00000,35.00000,748
284,18,1.421576e-01,37.00000,36.00000,656
284,19,1.492028e-01,38.00000,40.00000,672
284,20,1.444103e-01,43.00000,36.00000,2047
284,21,1.420901e-01,41.00000,35.00000,664
284,22,1.447752e-01,52.00000,30.00000,657
284,23,1.376998e-01,55.00000,30.00000,755
284,24,1.461261e-01,40.00000,36.00000,675
284,25,1.444214e-01,37.00000,36.00000,692
284,26,1.382527e-01,49.00000,35.00000,718
284,27,1.451103e-01,43.00000,36.00000,619
284,28,1.476893e-01,43.00000,35.00000,651
284,29,1.419273e-01,54.00000,30.00000,649
284,30,1.417283e-01,55.00000,30.00000,727
284,31,1.425489e-01,37.00000,35.00000,655
284,32,1.461530e-01,42.00000,35.00000,620
284,33,1.410157e-01,52.00000,30.00000,670
284,34,1.386259e-01,56.00000,30.00000,733
284,35,1.463446e-01,36.00000,36.00000,683
284,36,1.431950e-01,43.00000,35.00000,619
284,37,1.413184e-01,49.00000,30.00000,676
284,38,1.427689e-01,42.00000,35.00000,692
284,39,1.425196e-01,51.00000,30.00000,655
284,40,1.467880e-01,41.00000,36.00000,1968
284,41,1.406312e-01,47.00000,35.00000,636
284,42,1.439148e-01,31.00000,36.00000,659
284,43,1.426860e-01,59.00000,30.00000,718
284,44,1.465549e-01,48.00000,35.00000,642
284,45,1.456956e-01,44.00000,36.00000,628
284,46,1.479336e-01,25.00000,36.00000,722
284,47,1.463562e-01,49.00000,35.00000,668
284,48,1.476041e-01,42.00000,35.00000,656
284,49,1.533775e-01,35.00000,36.00000,592
284,50,1.369351e-01,49.00000,30.00000,1800
284,51,1.438408e-01,52.00000,30.00000,696
284,52,1.509134e-01,40.00000,35.00000,600
284,53,1.400227e-01,43.00000,35.00000,641
284,54,1.471175e-01,58.00000,30.00000,637
284,55,1.407912e-01,47.00000,35.00000,599
284,56,1.462622e-01,37.00000,36.00000,607
284,57,1.461663e-01,38.00000,36.00000,593
284,58,1.461800e-01,37.00000,40.00000,600
284,59,1.447104e-01,46.00000,36.00000,588
284,60,1.415350e-01,57.00000,30.00000,629
284,61,1.391693e-01,55.00000,30.00000,620
284,62,1.414888e-01,42.00000,35.00000,613
284,63,1.387051e-01,54.00000,30.00000,608
284,64,1.382127e-01,50.00000,35.00000,614
284,65,1.377304e-01,54.00000,30.00000,619
284,66,1.359507e-01,54.00000,30.00000,629
284,67,1.400578e-01,48.00000,35.00000,626
284,68,1.459540e-01,41.00000,35.00000,596
284,69,1.430412e-01,39.00000,35.00000,617
284,70,1.412715e-01,48.00000,35.00000,601
284,71,1.399548e-01,49.00000,30.00000,609
285,0,1.402769e-01,47.00000,35.00000,6306
285,1,1.460695e-01,44.00000,35.00000,3779
285,2,1.450062e-01,47.00000,35.00000,754
285,3,1.438890e-01,49.00000,30.00000,750
285,4,1.377186e-01,53.00000,30.00000,675
285,5,1.397245e-01,53.00000,30.00000,705
285,6,1.414211e-01,52.00000,30.00000,679
285,7,1.535993e-01,35.00000,36.00000,657
285,8,1.457769e-01,44.00000,35.00000,661
285,9,1.389914e-01,40.00000,35.00000,658
285,10,1.361716e-01,53.00000,30.00000,14121
285,11,1.381954e-01,52.00000,30.00000,622
285,12,1.435428e-01,49.00000,30.00000,645
285,13,1.390420e-01,53.00000,30.00000,623
285,14,1.459942e-01,43.00000,35.00000,633
285,15,1.445980e-01,37.00000,36.00000,670
285,16,1.417303e-01,52.00000,30.00000,650
285,17,1.407057e-01,47.00000,35.00000,704
285,18,1.426593e-01,51.00000,30.00000,707
285,19,1.374070e-01,47.00000,35.00000,718
285,20,1.478752e-01,44.00000,35.00000,9642
285,21,1.412903e-01,37.00000,36.00000,694
285,22,1.422076e-01,58.00000,30.00000,638
285,23,1.379189e-01,53.00000,30.00000,720
285,24,1.372432e-01,56.00000,30.00000,754
285,25,1.416053e-01,54.00000,30.00000,715
285,26,1.442190e-01,45.00000,35.00000,648
285,27,1.464861e-01,44.00000,35.00000,630
285,28,1.421622e-01,43.00000,35.00000,651
285,29,1.406267e-01,54.00000,30.00000,697
285,30,1.403254e-01,55.00000,30.00000,9050
285,31,1.366687e-01,54.00000,30.00000,706
285,32,1.353383e-01,49.00000,30.00000,2063
285,33,1.379119e-01,46.00000,35.00000,725
285,34,1.403648e-01,57.00000,30.00000,658
285,35,1.409718e-01,46.00000,36.00000,728
285,36,1.467825e-01,42.00000,35.00000,606
285,37,1.425223e-01,58.00000,30.00000,653
285,38,1.417062e-01,40.00000,36.00000,710
285,39,1.439489e-01,39.00000,35.00000,665
285,40,1.374912e-01,55.00000,30.00000,9637
285,41,1.409132e-01,53.00000,30.00000,657
285,42,1.387211e-01,49.00000,30.00000,2030
285,43,1.500470e-01,36.00000,36.00000,646
285,44,1.404279e-01,53.00000,30.00000,694
285,45,1.453006e-01,43.00000,36.00000,640
285,46,1.475175e-01,49.00000,30.00000,616
285,47,1.501206e-01,43.00000,35.00000,609
285,48,1.438229e-01,39.00000,36.00000,705
285,49,1.465186e-01,42.00000,35.00000,704
285,50,1.460309e-01,25.00000,36.00000,8135
285,51,1.400850e-01,56.00000,30.00000,656
285,52,1.402827e-01,48.00000,35.00000,2964
285,53,1.433634e-01,45.00000,35.00000,607
285,54,1.425130e-01,43.00000,35.00000,614
285,55,1.345728e-01,58.00000,30.00000,634
285,56,1.464066e-01,38.00000,36.00000,598
285,57,1.480520e-01,52.00000,30.00000,596
285,58,1.393040e-01,49.00000,30.00000,610
285,59,1.415060e-01,37.00000,36.00000,630
285,60,1.493766e-01,58.00000,30.00000,622
285,61,1.453200e-01,42.00000,35.00000,604
285,62,1.442838e-01,45.00000,36.00000,607
285,63,1.421724e-01,43.00000,35.00000,593
285,64,1.464035e-01,57.00000,30.00000,629
285,65,1.430516e-01,49.00000,30.00000,611
285,66,1.410143e-01,43.00000,36.00000,610
285,67,1.398946e-01,43.00000,36.00000,613
285,68,1.414702e-01,56.00000,30.00000,614
285,69,1.404127e-01,52.00000,30.00000,609
285,70,1.406296e-01,47.00000,35.00000,622
285,71,1.426398e-01,46.00000,35.00000,596
286,0,1.495898e-01,49.00000,35.00000,1457
286,1,1.418761e-01,42.00000,35.00000,668
286,2,1.455333e-01,40.00000,36.00000,677
286,3,1.425354e-01,45.00000,35.00000,637
286,4,1.447983e-01,53.00000,30.00000,652
286,5,1.399119e-01,53.00000,30.00000,767
286,6,1.427500e-01,44.00000,35.00000,683
286,7,1.435541e-01,49.00000,30.00000,726
286,8,1.478259e-01,30.00000,36.00000,744
286,9,1.472844e-01,43.00000,36.00000,609
286,10,1.402574e-01,31.00000,36.00000,8656
286,11,1.391293e-01,40.00000,35.00000,648
286,12,1.418732e-01,49.00000,30.00000,705
286,13,1.424512e-01,42.00000,35.00000,619
286,14,1.377071e-01,57.00000,30.00000,691
286,15,1.378649e-01,52.00000,30.00000,687
286,16,1.447615e-01,39.00000,40.00000,654
286,17,1.438695e-01,54.00000,30.00000,703
286,18,1.380308e-01,53.00000,30.00000,714
286,19,1.451606e-01,48.00000,35.00000,687
286,20,1.419725e-01,39.00000,35.00000,12424
286,21,1.393160e-01,35.00000,36.00000,723
286,22,1.400848e-01,49.00000,30.00000,693
286,23,1.473158e-01,52.00000,30.00000,659
286,24,1.391977e-01,55.00000,30.00000,652
286,25,1.437921e-01,45.00000,35.00000,645
286,26,1.460884e-01,41.00000,36.00000,611
286,27,1.443583e-01,42.00000,36.00000,704
286,28,1.368957e-01,54.00000,30.00000,664
286,29,1.431163e-01,45.00000,35.00000,677
286,30,1.459259e-01,36.00000,35.00000,11751
286,31,1.453113e-01,53.00000,30.00000,631
286,32,1.416664e-01,48.00000,35.00000,657
286,33,1.417874e-01,40.00000,40.00000,676
286,34,1.407639e-01,49.00000,30.00000,701
286,35,1.407419e-01,40.00000,36.00000,729
286,36,1.499082e-01,35.00000,36.00000,675
286,37,1.438653e-01,44.00000,35.00000,696
286,38,1.425755e-01,47.00000,35.00000,728
286,39,1.407582e-01,55.00000,30.00000,680
286,40,1.433189e-01,49.00000,30.00000,11207
286,41,1.462366e-01,44.00000,35.00000,649
286,42,1.397960e-01,49.00000,30.00000,621
286,43,1.373135e-01,51.00000,30.00000,703
286,44,1.411764e-01,45.00000,35.00000,606
286,45,1.383208e-01,61.00000,30.00000,727
286,46,1.350574e-01,49.00000,30.00000,711
286,47,1.389204e-01,52.00000,30.00000,679
286,48,1.459425e-01,49.00000,30.00000,638
286,49,1.369696e-01,49.00000,30.00000,710
286,50,1.403201e-01,44.00000,35.00000,11138
286,51,1.410229e-01,42.00000,35.00000,615
286,52,1.386902e-01,49.00000,30.00000,680
286,53,1.416201e-01,46.00000,35.00000,635
286,54,1.412892e-01,55.00000,30.00000,624
286,55,1.394159e-01,55.00000,30.00000,635
286,56,1.383795e-01,45.00000,35.00000,618
286,57,1.472460e-01,31.00000,36.00000,603
286,58,1.405379e-01,38.00000,36.00000,630
286,59,1.376828e-01,55.00000,30.00000,624
286,60,1.411117e-01,38.00000,35.00000,1239
286,61,1.403333e-01,54.00000,30.00000,617
286,62,1.464056e-01,53.00000,30.00000,613
286,63,1.501826e-01,30.00000,36.00000,595
286,64,1.431175e-01,56.00000,30.00000,618
286,65,1.484526e-01,37.00000,36.00000,616
286,66,1.440102e-01,57.00000,30.00000,631
286,67,1.477193e-01,35.00000,36.00000,598
286,68,1.439308e-01,41.00000,35.00000,595
286,69,1.413957e-01,45.00000,35.00000,614
286,70,1.406878e-01,40.00000,35.00000,646
286,71,1.391505e-01,49.00000,30.00000,621
287,0,1.419462e-01,53.00000,30.00000,8918
287,1,1.444313e-01,42.00000,35.00000,689
287,2,1.439622e-01,47.00000,35.00000,614
287,3,1.413373e-01,49.00000,35.00000,747
287,4,1.456981e-01,38.00000,40.00000,618
287,5,1.405786e-01,43.00000,35.00000,672
287,6,1.483536e-01,45.00000,35.00000,637
287,7,1.376631e-01,52.00000,30.00000,666
287,8,1.427235e-01,45.00000,35.00000,666
287,9,1.479950e-01,37.00000,36.00000,745
287,10,1.398320e-01,55.00000,30.00000,7128
287,11,1.426598e-01,39.00000,35.00000,2280
287,12,1.405061e-01,53.00000,30.00000,696
287,13,1.407718e-01,53.00000,30.00000,641
287,14,1.398604e-01,55.00000,30.00000,711
287,15,1.407129e-01,44.00000,35.00000,686
287,16,1.403632e-01,45.00000,35.00000,637
287,17,1.451666e-01,40.00000,35.00000,702
287,18,1.423886e-01,45.00000,35.00000,704
287,19,1.409796e-01,45.00000,35.00000,675
287,20,1.493013e-01,43.00000,35.00000,6292
287,21,1.458430e-01,35.00000,36.00000,5218
287,22,1.482470e-01,44.00000,35.00000,608
287,23,1.468921e-01,30.00000,36.00000,664
287,24,1.408753e-01,52.00000,30.00000,614
287,25,1.450171e-01,53.00000,30.00000,687
287,26,1.403017e-01,51.00000,35.00000,643
287,27,1.447831e-01,43.00000,35.00000,654
287,28,1.531014e-01,30.00000,36.00000,646
287,29,1.427762e-01,46.00000,35.00000,654
287,30,1.443165e-01,49.00000,30.00000,5423
287,31,1.413693e-01,48.00000,35.00000,5687
287,32,1.415990e-01,43.00000,35.00000,712
287,33,1.369387e-01,54.00000,30.00000,676
287,34,1.405675e-01,46.00000,35.00000,600
287,35,1.458129e-01,40.00000,35.00000,722
287,36,1.412736e-01,52.00000,30.00000,668
287,37,1.398893e-01,39.00000,35.00000,692
287,38,1.393156e-01,57.00000,30.00000,751
287,39,1.431993e-01,43.00000,35.00000,655
287,40,1.447127e-01,38.00000,35.00000,4013
287,41,1.411939e-01,37.00000,40.00000,5231
287,42,1.388457e-01,53.00000,30.00000,681
287,43,1.457894e-01,36.00000,36.00000,916
287,44,1.472725e-01,45.00000,35.00000,623
287,45,1.421782e-01,54.00000,30.00000,667
287,46,1.418332e-01,42.00000,35.00000,729
287,47,1.489857e-01,49.00000,30.00000,621
287,48,1.445855e-01,37.00000,35.00000,697
287,49,1.449215e-01,50.00000,35.00000,659
287,50,1.354850e-01,55.00000,30.00000,8713
287,51,1.400899e-01,58.00000,30.00000,674
287,52,1.470013e-01,53.00000,30.00000,742
287,53,1.345215e-01,58.00000,30.00000,2176
287,54,1.401915e-01,52.00000,30.00000,641
287,55,1.429509e-01,44.00000,35.00000,732
287,56,1.395078e-01,43.00000,36.00000,626
287,57,1.428720e-01,49.00000,30.00000,615
287,58,1.443134e-01,37.00000,36.00000,630
287,59,1.449606e-01,39.00000,35.00000,597
287,60,1.401461e-01,41.00000,35.00000,1074
287,61,1.401547e-01,56.00000,30.00000,613
287,62,1.377059e-01,47.00000,35.00000,627
287,63,1.370216e-01,51.00000,30.00000,609
287,64,1.481843e-01,42.00000,35.00000,574
287,65,1.403050e-01,56.00000,30.00000,621
287,66,1.429143e-01,36.00000,40.00000,626
287,67,1.425430e-01,41.00000,35.00000,623
287,68,1.399069e-01,54.00000,30.00000,618
287,69,1.404558e-01,55.00000,30.00000,618
287,70,1.399615e-01,53.00000,30.00000,616
287,71,1.376470e-01,49.00000,30.00000,626
288,0,1.441149e-01,38.00000,35.00000,2725
288,1,1.513263e-01,31.00000,36.00000,2352
288,2,1.487366e-01,44.00000,35.00000,690
288,3,1.454461e-01,44.00000,35.00000,577
288,4,1.469308e-01,46.00000,35.00000,671
288,5,1.428700e-01,44.00000,35.00000,737
288,6,1.435915e-01,45.00000,35.00000,719
288,7,1.451368e-01,49.00000,30.00000,647
288,8,1.430994e-01,54.00000,30.00000,659
288,9,1.475586e-01,39.00000,36.00000,654
288,10,1.473257e-01,42.00000,35.00000,2545
288,11,1.415791e-01,44.00000,36.00000,739
288,12,1.423932e-01,43.00000,35.00000,692
288,13,1.393530e-01,49.00000,30.00000,723
288,14,1.354222e-01,50.00000,30.00000,714
288,15,1.426239e-01,37.00000,35.00000,717
288,16,1.433922e-01,46.00000,35.00000,649
288,17,1.399287e-01,49.00000,30.00000,659
288,18,1.410315e-01,52.00000,30.00000,727
288,19,1.388862e-01,41.00000,35.00000,702
288,20,1.418572e-01,39.00000,36.00000,636
288,21,1.389439e-01,55.00000,30.00000,642
288,22,1.430590e-01,42.00000,35.00000,1455
288,23,1.435804e-01,40.00000,40.00000,664
288,24,1.446435e-01,45.00000,35.00000,619
288,25,1.408642e-01,45.00000,35.00000,726
288,26,1.411381e-01,54.00000,30.00000,665
288,27,1.389722e-01,55.00000,30.00000,650
288,28,1.423174e-01,42.00000,35.00000,663
288,29,1.429983e-01,53.00000,30.00000,684
288,30,1.440473e-01,45.00000,35.00000,1881
288,31,1.477051e-01,44.00000,35.00000,623
288,32,1.435687e-01,54.00000,30.00000,3576
288,33,1.438921e-01,35.00000,36.00000,653
288,34,1.458082e-01,46.00000,35.00000,673
288,35,1.469727e-01,46.00000,35.00000,680
288,36,1.452104e-01,49.00000,30.00000,600
288,37,1.470385e-01,45.00000,35.00000,641
288,38,1.456543e-01,45.00000,36.00000,658
288,39,1.531274e-01,39.00000,40.00000,638
288,40,1.401086e-01,53.00000,30.00000,703
288,41,1.412883e-01,53.00000,30.00000,653
288,42,1.463568e-01,34.00000,40.00000,2764
288,43,1.453449e-01,55.00000,30.00000,767
288,44,1.398270e-01,47.00000,36.00000,613
288,45,1.470218e-01,39.00000,35.00000,687
288,46,1.395535e-01,37.00000,35.00000,662
288,47,1.466645e-01,53.00000,30.00000,647
288,48,1.383652e-01,55.00000,30.00000,753
288,49,1.412676e-01,46.00000,35.00000,619
288,50,1.390337e-01,49.00000,30.00000,619
288,51,1.440664e-01,36.00000,36.00000,686
288,52,1.392429e-01,54.00000,30.00000,621
288,53,1.475865e-01,40.00000,36.00000,619
288,54,1.372032e-01,53.00000,30.00000,609
288,55,1.477400e-01,48.00000,35.00000,610
288,56,1.384777e-01,48.00000,35.00000,628
288,57,1.387808e-01,54.00000,30.00000,632
288,58,1.406187e-01,53.00000,30.00000,626
288,59,1.404685e-01,49.00000,35.00000,632
288,60,1.397069e-01,49.00000,30.00000,617
288,61,1.489666e-01,41.00000,35.00000,584
288,62,1.427817e-01,42.00000,36.00000,615
288,63,1.480787e-01,37.00000,36.00000,561
288,64,1.425927e-01,31.00000,36.00000,622
288,65,1.401977e-01,47.00000,35.00000,644
288,66,1.415689e-01,47.00000,35.00000,614
288,67,1.433143e-01,42.00000,36.00000,598
288,68,1.457056e-01,54.00000,30.00000,607
288,69,1.458130e-01,47.00000,35.00000,595
288,70,1.476884e-01,39.00000,36.00000,569
288,71,1.457625e-01,48.00000,35.00000,601
289,0,1.440353e-01,45.00000,35.00000,16190
289,1,1.439173e-01,58.00000,30.00000,1991
289,2,1.374437e-01,54.00000,30.00000,711
289,3,1.382861e-01,41.00000,35.00000,685
289,4,1.571294e-01,45.00000,35.00000,658
289,5,1.439900e-01,35.00000,36.00000,671
289,6,1.441092e-01,40.00000,36.00000,673
289,7,1.459561e-01,37.00000,35.00000,639
289,8,1.403676e-01,52.00000,30.00000,692
289,9,1.479919e-01,37.00000,36.00000,641
289,10,1.482230e-01,43.00000,35.00000,10596
289,11,1.459731e-01,25.00000,36.00000,3047
289,12,1.426307e-01,42.00000,35.00000,668
289,13,1.409734e-01,49.00000,30.00000,714
289,14,1.465557e-01,44.00000,35.00000,643
289,15,1.412679e-01,43.00000,35.00000,670
289,16,1.444007e-01,44.00000,35.00000,677
289,17,1.395454e-01,53.00000,30.00000,721
289,18,1.386537e-01,49.00000,30.00000,647
289,19,1.516673e-01,25.00000,36.00000,647
289,20,1.392007e-01,45.00000,35.00000,5687
289,21,1.436343e-01,44.00000,35.00000,4059
289,22,1.394238e-01,48.00000,35.00000,652
289,23,1.443349e-01,53.00000,30.00000,681
289,24,1.408046e-01,47.00000,36.00000,640
289,25,1.438898e-01,52.00000,30.00000,622
289,26,1.375796e-01,54.00000,30.00000,705
289,27,1.421615e-01,59.00000,30.00000,705
289,28,1.455389e-01,41.00000,35.00000,687
289,29,1.480288e-01,30.00000,36.00000,590
289,30,1.368968e-01,54.00000,30.00000,9217
289,31,1.372579e-01,55.00000,30.00000,2961
289,32,1.419503e-01,47.00000,35.00000,664
289,33,1.483537e-01,49.00000,30.00000,655
289,34,1.417882e-01,54.00000,30.00000,610
289,35,1.434327e-01,39.00000,35.00000,664
289,36,1.408947e-01,41.00000,36.00000,644
289,37,1.421195e-01,48.00000,35.00000,607
289,38,1.451446e-01,48.00000,35.00000,686
289,39,1.434739e-01,45.00000,35.00000,645
289,40,1.431002e-01,46.00000,35.00000,8462
289,41,1.372580e-01,56.00000,30.00000,3229
289,42,1.393387e-01,46.00000,35.00000,637
289,43,1.419920e-01,42.00000,36.00000,686
289,44,1.430118e-01,44.00000,35.00000,660
289,45,1.469066e-01,42.00000,36.00000,628
289,46,1.378721e-01,56.00000,30.00000,710
289,47,1.427512e-01,44.00000,35.00000,692
289,48,1.441505e-01,48.00000,35.00000,638
289,49,1.433653e-01,44.00000,35.00000,634
289,50,1.461151e-01,38.00000,35.00000,8882
289,51,1.389941e-01,49.00000,30.00000,2126
289,52,1.354179e-01,53.00000,30.00000,645
289,53,1.456329e-01,37.00000,36.00000,636
289,54,1.385842e-01,54.00000,30.00000,608
289,55,1.397761e-01,36.00000,36.00000,642
289,56,1.429576e-01,41.00000,35.00000,603
289,57,1.436020e-01,46.00000,35.00000,606
289,58,1.419290e-01,55.00000,30.00000,631
289,59,1.479314e-01,43.00000,35.00000,612
289,60,1.369861e-01,58.00000,30.00000,639
289,61,1.424776e-01,43.00000,35.00000,605
289,62,1.400905e-01,49.00000,30.00000,617
289,63,1.445935e-01,41.00000,36.00000,606
289,64,1.395698e-01,52.00000,30.00000,609
289,65,1.487199e-01,35.00000,36.00000,612
289,66,1.429559e-01,49.00000,30.00000,617
289,67,1.416133e-01,52.00000,30.00000,600
289,68,1.461771e-01,49.00000,30.00000,589
289,69,1.443526e-01,37.00000,40.00000,617
289,70,1.398451e-01,38.00000,35.00000,636
289,71,1.468242e-01,40.00000,35.00000,589
290,0,1.364135e-01,53.00000,30.00000,9524
290,1,1.445450e-01,57.00000,30.00000,712
290,2,1.407264e-01,47.00000,35.00000,706
290,3,1.451475e-01,36.00000,35.00000,683
290,4,1.389847e-01,53.00000,30.00000,679
290,5,1.432598e-01,40.00000,35.00000,731
290,6,1.449508e-01,43.00000,36.00000,630
290,7,1.367207e-01,54.00000,30.00000,708
290,8,1.437571e-01,38.00000,36.00000,744
290,9,1.413015e-01,54.00000,30.00000,662
290,10,1.463447e-01,35.00000,36.00000,11336
290,11,1.426452e-01,57.00000,30.00000,665
290,12,1.435222e-01,39.00000,36.00000,662
290,13,1.494439e-01,41.00000,35.00000,692
290,14,1.476362e-01,42.00000,36.00000,746
290,15,1.420843e-01,47.00000,35.00000,665
290,16,1.407685e-01,55.00000,30.00000,698
290,17,1.450275e-01,45.00000,35.00000,652
290,18,1.398480e-01,49.00000,30.00000,645
290,19,1.474548e-01,43.00000,36.00000,716
290,20,1.454101e-01,43.00000,35.00000,8427
290,21,1.434064e-01,54.00000,30.00000,641
290,22,1.440015e-01,40.00000,40.00000,597
290,23,1.435698e-01,53.00000,30.00000,616
290,24,1.420025e-01,48.00000,35.00000,662
290,25,1.512406e-01,35.00000,36.00000,745
290,26,1.406375e-01,37.00000,36.00000,772
290,27,1.457585e-01,41.00000,40.00000,625
290,28,1.512127e-01,43.00000,35.00000,658
290,29,1.441370e-01,51.00000,30.00000,642
290,30,1.447735e-01,30.00000,36.00000,10450
290,31,1.395806e-01,49.00000,30.00000,683
290,32,1.382089e-01,40.00000,35.00000,665
290,33,1.382345e-01,56.00000,30.00000,631
290,34,1.438465e-01,41.00000,35.00000,696
290,35,1.395417e-01,49.00000,30.00000,705
290,36,1.392239e-01,59.00000,30.00000,687
290,37,1.378111e-01,54.00000,30.00000,742
290,38,1.414726e-01,55.00000,30.00000,688
290,39,1.484999e-01,49.00000,30.00000,693
290,40,1.386718e-01,49.00000,30.00000,9191
290,41,1.397450e-01,42.00000,36.00000,644
290,42,1.456389e-01,43.00000,35.00000,752
290,43,1.414576e-01,54.00000,30.00000,668
290,44,1.457225e-01,31.00000,36.00000,656
290,45,1.456256e-01,36.00000,36.00000,674
290,46,1.485247e-01,42.00000,35.00000,622
290,47,1.483663e-01,53.00000,30.00000,668
290,48,1.423098e-01,52.00000,30.00000,629
290,49,1.446679e-01,47.00000,35.00000,652
290,50,1.442244e-01,45.00000,35.00000,8290
290,51,1.430515e-01,43.00000,35.00000,673
290,52,1.388606e-01,54.00000,30.00000,2891
290,53,1.443313e-01,43.00000,35.00000,1656
290,54,1.458760e-01,38.00000,36.00000,655
290,55,1.459002e-01,39.00000,35.00000,713
290,56,1.378488e-01,48.00000,35.00000,656
290,57,1.419020e-01,38.00000,40.00000,621
290,58,1.424471e-01,57.00000,30.00000,648
290,59,1.358185e-01,53.00000,30.00000,637
290,60,1.417661e-01,37.00000,40.00000,626
290,61,1.426439e-01,54.00000,30.00000,625
290,62,1.363061e-01,49.00000,30.00000,1857
290,63,1.380967e-01,49.00000,30.00000,645
290,64,1.409535e-01,49.00000,30.00000,606
290,65,1.417866e-01,49.00000,30.00000,595
290,66,1.431484e-01,49.00000,35.00000,597
290,67,1.391109e-01,53.00000,30.00000,625
290,68,1.410253e-01,48.00000,35.00000,628
290,69,1.429384e-01,48.00000,35.00000,595
290,70,1.393721e-01,53.00000,30.00000,615
290,71,1.411515e-01,44.00000,35.00000,628
291,0,1.402590e-01,48.00000,35.00000,3235
291,1,1.415453e-01,42.00000,36.00000,670
291,2,1.406774e-01,48.00000,35.00000,1003
291,3,1.384453e-01,58.00000,30.00000,738
291,4,1.416870e-01,37.00000,36.00000,643
291,5,1.451155e-01,52.00000,30.00000,657
291,6,1.358173e-01,53.00000,30.00000,761
291,7,1.469886e-01,38.00000,35.00000,704
291,8,1.434243e-01,49.00000,30.00000,646
291,9,1.419356e-01,46.00000,35.00000,793
291,10,1.444744e-01,55.00000,30.00000,9305
291,11,1.352740e-01,54.00000,30.00000,701
291,12,1.483859e-01,25.00000,36.00000,679
291,13,1.417463e-01,49.00000,30.00000,5475
291,14,1.381708e-01,49.00000,30.00000,690
291,15,1.380377e-01,45.00000,35.00000,689
291,16,1.424475e-01,58.00000,30.00000,685
291,17,1.428410e-01,49.00000,30.00000,618
291,18,1.428397e-01,47.00000,35.00000,641
291,19,1.411439e-01,49.00000,35.00000,636
291,20,1.372784e-01,49.00000,35.00000,4900
291,21,1.423340e-01,49.00000,35.00000,1394
291,22,1.428015e-01,37.00000,36.00000,672
291,23,1.499095e-01,31.00000,36.00000,6209
291,24,1.428291e-01,56.00000,30.00000,683
291,25,1.377616e-01,57.00000,30.00000,682
291,26,1.447809e-01,44.00000,35.00000,648
291,27,1.531316e-01,55.00000,30.00000,636
291,28,1.418249e-01,44.00000,35.00000,712
291,29,1.416951e-01,53.00000,30.00000,709
291,30,1.423809e-01,30.00000,40.00000,1556
291,31,1.396181e-01,42.00000,35.00000,3990
291,32,1.437181e-01,41.00000,35.00000,719
291,33,1.397727e-01,58.00000,30.00000,7741
291,34,1.453458e-01,39.00000,36.00000,612
291,35,1.432994e-01,49.00000,30.00000,628
291,36,1.482520e-01,37.00000,36.00000,631
291,37,1.422897e-01,59.00000,30.00000,651
291,38,1.513987e-01,52.00000,30.00000,678
291,39,1.478812e-01,45.00000,35.00000,625
291,40,1.495167e-01,35.00000,36.00000,2704
291,41,1.486743e-01,46.00000,35.00000,646
291,42,1.473243e-01,35.00000,36.00000,845
291,43,1.495244e-01,31.00000,36.00000,9535
291,44,1.478938e-01,30.00000,36.00000,692
291,45,1.534645e-01,31.00000,36.00000,623
291,46,1.388060e-01,40.00000,36.00000,622
291,47,1.504292e-01,31.00000,36.00000,621
291,48,1.404084e-01,42.00000,36.00000,679
291,49,1.451128e-01,57.00000,30.00000,698
291,50,1.375897e-01,57.00000,30.00000,4266
291,51,1.451858e-01,34.00000,40.00000,696
291,52,1.419861e-01,39.00000,35.00000,713
291,53,1.399121e-01,54.00000,30.00000,5785
291,54,1.435420e-01,49.00000,30.00000,636
291,55,1.449538e-01,41.00000,36.00000,625
291,56,1.392387e-01,53.00000,30.00000,633
291,57,1.458531e-01,49.00000,30.00000,608
291,58,1.485484e-01,46.00000,35.00000,605
291,59,1.380043e-01,53.00000,30.00000,611
291,60,1.533798e-01,43.00000,35.00000,566
291,61,1.377295e-01,51.00000,30.00000,618
291,62,1.396037e-01,48.00000,35.00000,605
291,63,1.386210e-01,44.00000,35.00000,621
291,64,1.422296e-01,47.00000,35.00000,612
291,65,1.423795e-01,40.00000,35.00000,592
291,66,1.460482e-01,40.00000,35.00000,603
291,67,1.519007e-01,37.00000,36.00000,577
291,68,1.401301e-01,49.00000,30.00000,626
291,69,1.418567e-01,47.00000,35.00000,593
291,70,1.409692e-01,45.00000,35.00000,620
291,71,1.444559e-01,39.00000,35.00000,582
292,0,1.450454e-01,37.00000,36.00000,842
292,1,1.487780e-01,40.00000,35.00000,611
292,2,1.379647e-01,44.00000,35.00000,657
292,3,1.443537e-01,53.00000,30.00000,699
292,4,1.387385e-01,46.00000,35.00000,728
292,5,1.390820e-01,54.00000,30.00000,650
292,6,1.460804e-01,35.00000,36.00000,806
292,7,1.487888e-01,31.00000,36.00000,644
292,8,1.431087e-01,53.00000,30.00000,669
292,9,1.483420e-01,30.00000,36.00000,673
292,10,1.390240e-01,45.00000,35.00000,657
292,11,1.409448e-01,54.00000,30.00000,648
292,12,1.412114e-01,49.00000,30.00000,684
292,13,1.365795e-01,49.00000,30.00000,620
292,14,1.482369e-01,42.00000,36.00000,641
292,15,1.434768e-01,44.00000,35.00000,679
292,16,1.442262e-01,37.00000,35.00000,618
292,17,1.476906e-01,52.00000,30.00000,625
292,18,1.443653e-01,37.00000,35.00000,707
292,19,1.399304e-01,43.00000,35.00000,628
292,20,1.386099e-01,45.00000,35.00000,639
292,21,1.398510e-01,49.00000,30.00000,683
292,22,1.376734e-01,57.00000,30.00000,706
292,23,1.398922e-01,54.00000,30.00000,665
292,24,1.427770e-01,53.00000,30.00000,677
292,25,1.387684e-01,57.00000,30.00000,645
292,26,1.372872e-01,55.00000,30.00000,715
292,27,1.452363e-01,43.00000,36.00000,612
292,28,1.409913e-01,37.00000,36.00000,715
292,29,1.450506e-01,40.00000,36.00000,629
292,30,1.403367e-01,49.00000,30.00000,695
292,31,1.399209e-01,42.00000,36.00000,648
292,32,1.452968e-01,45.00000,35.00000,661
292,33,1.450141e-01,40.00000,35.00000,625
292,34,1.429325e-01,53.00000,30.00000,685
292,35,1.489193e-01,49.00000,35.00000,635
292,36,1.400820e-01,39.00000,35.00000,659
292,37,1.468364e-01,40.00000,35.00000,604
292,38,1.413575e-01,49.00000,30.00000,684
292,39,1.456920e-01,45.00000,35.00000,614
292,40,1.431003e-01,37.00000,36.00000,642
292,41,1.528468e-01,31.00000,36.00000,694
292,42,1.436035e-01,37.00000,36.00000,616
292,43,1.537716e-01,41.00000,35.00000,644
292,44,1.435086e-01,41.00000,35.00000,646
292,45,1.457975e-01,51.00000,30.00000,627
292,46,1.448811e-01,41.00000,35.00000,636
292,47,1.462559e-01,38.00000,35.00000,651
292,48,1.463934e-01,46.00000,36.00000,714
292,49,1.472912e-01,30.00000,36.00000,634
292,50,1.410468e-01,42.00000,35.00000,635
292,51,1.437059e-01,45.00000,35.00000,609
292,52,1.488953e-01,37.00000,36.00000,656
292,53,1.409024e-01,49.00000,30.00000,624
292,54,1.463495e-01,55.00000,30.00000,627
292,55,1.428563e-01,53.00000,30.00000,608
292,56,1.409274e-01,49.00000,30.00000,644
292,57,1.532381e-01,31.00000,36.00000,571
292,58,1.453261e-01,49.00000,35.00000,617
292,59,1.396909e-01,44.00000,35.00000,608
292,60,1.430457e-01,48.00000,35.00000,598
292,61,1.465894e-01,45.00000,35.00000,574
292,62,1.441939e-01,37.00000,36.00000,596
292,63,1.501599e-01,53.00000,30.00000,608
292,64,1.425717e-01,44.00000,35.00000,594
292,65,1.390626e-01,42.00000,35.00000,626
292,66,1.402136e-01,48.00000,35.00000,635
292,67,1.458040e-01,38.00000,35.00000,602
292,68,1.434809e-01,42.00000,36.00000,612
292,69,1.418620e-01,57.00000,30.00000,630
292,70,1.455864e-01,40.00000,35.00000,585
292,71,1.405165e-01,44.00000,35.00000,620
293,0,1.406899e-01,46.00000,35.00000,4732
293,1,1.421290e-01,42.00000,35.00000,710
293,2,1.470623e-01,32.00000,40.00000,665
293,3,1.411831e-01,49.00000,30.00000,646
293,4,1.403442e-01,57.00000,30.00000,656
293,5,1.393890e-01,46.00000,35.00000,811
293,6,1.405528e-01,43.00000,35.00000,677
293,7,1.406972e-01,51.00000,30.00000,739
293,8,1.394753e-01,49.00000,30.00000,684
293,9,1.429644e-01,53.00000,30.00000,668
293,10,1.432477e-01,36.00000,36.00000,4652
293,11,1.408833e-01,40.00000,36.00000,1970
293,12,1.458516e-01,52.00000,30.00000,646
293,13,1.545460e-01,54.00000,30.00000,2094
293,14,1.422923e-01,43.00000,35.00000,623
293,15,1.460547e-01,35.00000,36.00000,747
293,16,1.451462e-01,53.00000,30.00000,703
293,17,1.417580e-01,49.00000,30.00000,721
293,18,1.452719e-01,34.00000,36.00000,688
293,19,1.496608e-01,37.00000,40.00000,704
293,20,1.454502e-01,37.00000,40.00000,6986
293,21,1.466643e-01,35.00000,36.00000,2836
293,22,1.505907e-01,40.00000,36.00000,640
293,23,1.440268e-01,43.00000,35.00000,887
293,24,1.443430e-01,47.00000,35.00000,618
293,25,1.423813e-01,53.00000,30.00000,691
293,26,1.437790e-01,49.00000,30.00000,737
293,27,1.436859e-01,45.00000,36.00000,602
293,28,1.517361e-01,44.00000,35.00000,697
293,29,1.421873e-01,42.00000,35.00000,730
293,30,1.504399e-01,30.00000,36.00000,9800
293,31,1.438197e-01,53.00000,30.00000,2485
293,32,1.437975e-01,36.00000,40.00000,674
293,33,1.433337e-01,43.00000,35.00000,3777
293,34,1.475351e-01,49.00000,30.00000,646
293,35,1.412057e-01,45.00000,35.00000,688
293,36,1.364801e-01,57.00000,30.00000,720
293,37,1.446543e-01,49.00000,30.00000,620
293,38,1.423991e-01,42.00000,35.00000,700
293,39,1.441702e-01,40.00000,36.00000,648
293,40,1.405257e-01,47.00000,35.00000,5232
293,41,1.456380e-01,54.00000,30.00000,3668
293,42,1.471779e-01,25.00000,36.00000,623
293,43,1.388978e-01,54.00000,30.00000,4291
293,44,1.471777e-01,46.00000,35.00000,644
293,45,1.495782e-01,53.00000,30.00000,641
293,46,1.432263e-01,47.00000,36.00000,723
293,47,1.482070e-01,42.00000,35.00000,663
293,48,1.555047e-01,25.00000,36.00000,723
293,49,1.408900e-01,49.00000,35.00000,628
293,50,1.422682e-01,45.00000,35.00000,3179
293,51,1.400337e-01,49.00000,30.00000,6406
293,52,1.389719e-01,40.00000,35.00000,731
293,53,1.426221e-01,44.00000,35.00000,1527
293,54,1.494429e-01,42.00000,36.00000,608
293,55,1.408513e-01,49.00000,30.00000,662
293,56,1.557315e-01,31.00000,36.00000,561
293,57,1.422831e-01,49.00000,35.00000,609
293,58,1.402557e-01,46.00000,35.00000,617
293,59,1.411164e-01,50.00000,35.00000,617
293,60,1.409340e-01,41.00000,35.00000,618
293,61,1.419964e-01,46.00000,35.00000,1289
293,62,1.437120e-01,51.00000,30.00000,600
293,63,1.393406e-01,45.00000,35.00000,823
293,64,1.401066e-01,44.00000,35.00000,616
293,65,1.409564e-01,52.00000,30.00000,611
293,66,1.400931e-01,55.00000,30.00000,635
293,67,1.403181e-01,48.00000,35.00000,611
293,68,1.380133e-01,57.00000,30.00000,631
293,69,1.439579e-01,37.00000,36.00000,614
293,70,1.502113e-01,47.00000,35.00000,584
293,71,1.437299e-01,52.00000,30.00000,614
294,0,1.630802e-01,30.00000,36.00000,2989
294,1,1.444745e-01,57.00000,30.00000,1964
294,2,1.407807e-01,54.00000,30.00000,759
294,3,1.462812e-01,48.00000,35.00000,667
294,4,1.406456e-01,53.00000,30.00000,759
294,5,1.439798e-01,40.00000,36.00000,738
294,6,1.425172e-01,47.00000,35.00000,690
294,7,1.393688e-01,49.00000,35.00000,634
294,8,1.443783e-01,42.00000,36.00000,678
294,9,1.466615e-01,37.00000,36.00000,712
294,10,1.398765e-01,54.00000,30.00000,3617
294,11,1.438284e-01,40.00000,36.00000,3763
294,12,1.450295e-01,53.00000,30.00000,639
294,13,1.430796e-01,41.00000,35.00000,709
294,14,1.423420e-01,49.00000,30.00000,663
294,15,1.502786e-01,41.00000,35.00000,644
294,16,1.394120e-01,54.00000,30.00000,745
294,17,1.433636e-01,42.00000,35.00000,699
294,18,1.378656e-01,48.00000,35.00000,718
294,19,1.509932e-01,40.00000,35.00000,686
294,20,1.404157e-01,54.00000,30.00000,8867
294,21,1.380570e-01,49.00000,30.00000,4100
294,22,1.474247e-01,46.00000,35.00000,662
294,23,1.429770e-01,49.00000,30.00000,637
294,24,1.415198e-01,44.00000,35.00000,650
294,25,1.441616e-01,49.00000,30.00000,689
294,26,1.464102e-01,31.00000,36.00000,671
294,27,1.406860e-01,45.00000,35.00000,755
294,28,1.504329e-01,40.00000,36.00000,623
294,29,1.479549e-01,37.00000,36.00000,659
294,30,1.408885e-01,53.00000,30.00000,6935
294,31,1.407363e-01,45.00000,35.00000,3816
294,32,1.376833e-01,48.00000,35.00000,759
294,33,1.489803e-01,48.00000,35.00000,639
294,34,1.459460e-01,36.00000,36.00000,626
294,35,1.440731e-01,57.00000,30.00000,665
294,36,1.474285e-01,37.00000,36.00000,652
294,37,1.379803e-01,54.00000,30.00000,723
294,38,1.443515e-01,46.00000,35.00000,630
294,39,1.372455e-01,47.00000,35.00000,708
294,40,1.418997e-01,52.00000,30.00000,8508
294,41,1.474103e-01,39.00000,35.00000,4064
294,42,1.389472e-01,35.00000,40.00000,649
294,43,1.407396e-01,53.00000,30.00000,641
294,44,1.454712e-01,42.00000,35.00000,661
294,45,1.386667e-01,57.00000,30.00000,719
294,46,1.433731e-01,42.00000,35.00000,696
294,47,1.463700e-01,43.00000,35.00000,593
294,48,1.420261e-01,39.00000,36.00000,686
294,49,1.478433e-01,44.00000,35.00000,673
294,50,1.412757e-01,49.00000,30.00000,11022
294,51,1.406875e-01,44.00000,35.00000,701
294,52,1.406231e-01,43.00000,35.00000,586
294,53,1.392975e-01,46.00000,35.00000,690
294,54,1.461985e-01,49.00000,30.00000,601
294,55,1.457207e-01,40.00000,36.00000,586
294,56,1.394814e-01,41.00000,36.00000,639
294,57,1.385132e-01,53.00000,30.00000,650
294,58,1.409007e-01,51.00000,30.00000,603
294,59,1.423652e-01,49.00000,30.00000,631
294,60,1.513226e-01,35.00000,36.00000,830
294,61,1.417360e-01,59.00000,30.00000,673
294,62,1.449468e-01,43.00000,36.00000,599
294,63,1.455007e-01,40.00000,36.00000,611
294,64,1.545580e-01,33.00000,40.00000,547
294,65,1.432914e-01,46.00000,35.00000,598
294,66,1.381370e-01,49.00000,30.00000,609
294,67,1.444720e-01,54.00000,30.00000,610
294,68,1.425230e-01,54.00000,30.00000,616
294,69,1.409772e-01,49.00000,35.00000,626
294,70,1.398635e-01,41.00000,40.00000,625
294,71,1.429034e-01,43.00000,35.00000,591
295,0,1.501140e-01,31.00000,36.00000,7729
295,1,1.488415e-01,31.00000,36.00000,707
295,2,1.440408e-01,47.00000,35.00000,711
295,3,1.469084e-01,41.00000,35.00000,664
295,4,1.463006e-01,47.00000,35.00000,675
295,5,1.482709e-01,37.00000,40.00000,694
295,6,1.506878e-01,31.00000,36.00000,648
295,7,1.499926e-01,30.00000,36.00000,676
295,8,1.430721e-01,55.00000,30.00000,664
295,9,1.418759e-01,52.00000,30.00000,714
295,10,1.372871e-01,55.00000,30.00000,5880
295,11,1.438234e-01,42.00000,35.00000,1697
295,12,1.474811e-01,42.00000,35.00000,656
295,13,1.371545e-01,54.00000,30.00000,673
295,14,1.364599e-01,49.00000,30.00000,643
295,15,1.442725e-01,36.00000,36.00000,774
295,16,1.434281e-01,47.00000,35.00000,700
295,17,1.426928e-01,54.00000,30.00000,657
295,18,1.458195e-01,39.00000,35.00000,684
295,19,1.412456e-01,53.00000,30.00000,698
295,20,1.458129e-01,52.00000,30.00000,3510
295,21,1.456731e-01,43.00000,35.00000,698
295,22,1.490299e-01,34.00000,36.00000,599
295,23,1.520045e-01,57.00000,30.00000,645
295,24,1.525007e-01,25.00000,36.00000,767
295,25,1.441832e-01,38.00000,36.00000,609
295,26,1.432280e-01,37.00000,35.00000,693
295,27,1.430312e-01,43.00000,35.00000,671
295,28,1.433876e-01,49.00000,30.00000,655
295,29,1.425510e-01,43.00000,35.00000,633
295,30,1.435533e-01,42.00000,35.00000,773
295,31,1.410814e-01,43.00000,35.00000,687
295,32,1.435374e-01,58.00000,30.00000,649
295,33,1.435579e-01,45.00000,35.00000,632
295,34,1.412785e-01,49.00000,30.00000,655
295,35,1.432247e-01,45.00000,35.00000,637
295,36,1.444541e-01,25.00000,36.00000,653
295,37,1.447617e-01,47.00000,35.00000,640
295,38,1.365631e-01,55.00000,30.00000,686
295,39,1.437819e-01,38.00000,35.00000,663
295,40,1.386624e-01,62.00000,30.00000,657
295,41,1.380398e-01,45.00000,35.00000,754
295,42,1.452616e-01,58.00000,30.00000,854
295,43,1.376355e-01,52.00000,30.00000,688
295,44,1.423108e-01,43.00000,35.00000,629
295,45,1.439867e-01,43.00000,35.00000,658
295,46,1.376294e-01,53.00000,30.00000,679
295,47,1.418046e-01,46.00000,35.00000,648
295,48,1.472725e-01,42.00000,35.00000,668
295,49,1.469888e-01,37.00000,36.00000,660
295,50,1.422372e-01,35.00000,36.00000,749
295,51,1.454943e-01,43.00000,35.00000,669
295,52,1.379151e-01,49.00000,30.00000,647
295,53,1.385677e-01,57.00000,30.00000,681
295,54,1.377843e-01,49.00000,30.00000,640
295,55,1.383035e-01,52.00000,30.00000,672
295,56,1.412254e-01,53.00000,30.00000,739
295,57,1.417929e-01,43.00000,35.00000,664
295,58,1.401448e-01,54.00000,30.00000,706
295,59,1.433330e-01,52.00000,30.00000,617
295,60,1.406382e-01,49.00000,30.00000,649
295,61,1.388363e-01,45.00000,35.00000,651
295,62,1.416276e-01,43.00000,35.00000,637
295,63,1.434948e-01,41.00000,36.00000,589
295,64,1.425159e-01,59.00000,30.00000,639
295,65,1.431800e-01,45.00000,36.00000,616
295,66,1.441886e-01,49.00000,30.00000,624
295,67,1.389171e-01,47.00000,35.00000,613
295,68,1.426006e-01,36.00000,36.00000,617
295,69,1.399982e-01,50.00000,35.00000,617
295,70,1.483006e-01,37.00000,36.00000,564
295,71,1.463127e-01,49.00000,30.00000,594
296,0,1.424661e-01,48.00000,36.00000,8949
296,1,1.505871e-01,36.00000,36.00000,643
296,2,1.462923e-01,53.00000,30.00000,656
296,3,1.384653e-01,55.00000,30.00000,713
296,4,1.439288e-01,49.00000,30.00000,644
296,5,1.480788e-01,46.00000,35.00000,718
296,6,1.418411e-01,39.00000,36.00000,676
296,7,1.507042e-01,45.00000,35.00000,677
296,8,1.437062e-01,30.00000,36.00000,706
296,9,1.500724e-01,30.00000,36.00000,712
296,10,1.407542e-01,51.00000,35.00000,13215
296,11,1.389184e-01,50.00000,30.00000,669
296,12,1.407690e-01,43.00000,35.00000,664
296,13,1.430846e-01,45.00000,35.00000,731
296,14,1.426975e-01,42.00000,35.00000,654
296,15,1.442723e-01,53.00000,30.00000,607
296,16,1.389840e-01,49.00000,30.00000,691
296,17,1.439132e-01,36.00000,35.00000,737
296,18,1.395220e-01,53.00000,30.00000,675
296,19,1.407638e-01,41.00000,36.00000,756
296,20,1.392658e-01,54.00000,30.00000,6160
296,21,1.340619e-01,57.00000,30.00000,1479
296,22,1.508701e-01,42.00000,35.00000,4478
296,23,1.408836e-01,36.00000,36.00000,727
296,24,1.398973e-01,53.00000,30.00000,673
296,25,1.397097e-01,55.00000,30.00000,693
296,26,1.414471e-01,53.00000,30.00000,613
296,27,1.395155e-01,53.00000,30.00000,734
296,28,1.425976e-01,40.00000,36.00000,696
296,29,1.383398e-01,57.00000,30.00000,687
296,30,1.433437e-01,44.00000,35.00000,4278
296,31,1.444972e-01,38.00000,36.00000,709
296,32,1.455178e-01,49.00000,30.00000,6555
296,33,1.390790e-01,49.00000,30.00000,676
296,34,1.451032e-01,43.00000,35.00000,658
296,35,1.461371e-01,45.00000,35.00000,601
296,36,1.422490e-01,41.00000,36.00000,627
296,37,1.419021e-01,45.00000,35.00000,663
296,38,1.430372e-01,47.00000,35.00000,685
296,39,1.464639e-01,41.00000,36.00000,736
296,40,1.470091e-01,42.00000,36.00000,5074
296,41,1.401075e-01,52.00000,30.00000,631
296,42,1.492368e-01,35.00000,36.00000,6968
296,43,1.376961e-01,53.00000,30.00000,651
296,44,1.405258e-01,41.00000,36.00000,683
296,45,1.393711e-01,56.00000,30.00000,725
296,46,1.417283e-01,53.00000,30.00000,686
296,47,1.467755e-01,44.00000,36.00000,651
296,48,1.425350e-01,42.00000,36.00000,708
296,49,1.410913e-01,54.00000,30.00000,675
296,50,1.427846e-01,42.00000,35.00000,3461
296,51,1.476685e-01,46.00000,35.00000,673
296,52,1.404888e-01,54.00000,30.00000,7824
296,53,1.451308e-01,41.00000,35.00000,627
296,54,1.412143e-01,58.00000,30.00000,632
296,55,1.525115e-01,25.00000,36.00000,589
296,56,1.436255e-01,37.00000,36.00000,617
296,57,1.421455e-01,57.00000,30.00000,639
296,58,1.510962e-01,43.00000,36.00000,593
296,59,1.485603e-01,42.00000,36.00000,602
296,60,1.459567e-01,36.00000,35.00000,596
296,61,1.487205e-01,47.00000,35.00000,584
296,62,1.480008e-01,25.00000,36.00000,612
296,63,1.406746e-01,43.00000,35.00000,623
296,64,1.412394e-01,49.00000,30.00000,598
296,65,1.374871e-01,55.00000,30.00000,624
296,66,1.442392e-01,42.00000,35.00000,622
296,67,1.422330e-01,39.00000,35.00000,607
296,68,1.367413e-01,48.00000,35.00000,633
296,69,1.426193e-01,55.00000,30.00000,619
296,70,1.405096e-01,45.00000,35.00000,623
296,71,1.426746e-01,46.00000,35.00000,605
297,0,1.505619e-01,38.00000,36.00000,2685
297,1,1.451228e-01,54.00000,30.00000,1118
297,2,1.478597e-01,43.00000,36.00000,685
297,3,1.455556e-01,37.00000,36.00000,710
297,4,1.464808e-01,45.00000,35.00000,616
297,5,1.473108e-01,44.00000,35.00000,636
297,6,1.398759e-01,37.00000,36.00000,672
297,7,1.451325e-01,42.00000,35.00000,612
297,8,1.482159e-01,53.00000,30.00000,766
297,9,1.384139e-01,48.00000,35.00000,681
297,10,1.449696e-01,46.00000,35.00000,11711
297,11,1.483677e-01,44.00000,35.00000,654
297,12,1.435280e-01,45.00000,35.00000,614
297,13,1.451709e-01,45.00000,35.00000,683
297,14,1.427511e-01,53.00000,30.00000,665
297,15,1.410909e-01,39.00000,35.00000,657
297,16,1.415231e-01,40.00000,36.00000,671
297,17,1.436162e-01,38.00000,35.00000,652
297,18,1.427554e-01,36.00000,36.00000,627
297,19,1.400592e-01,53.00000,30.00000,689
297,20,1.425012e-01,45.00000,35.00000,11133
297,21,1.362569e-01,55.00000,30.00000,735
297,22,1.459222e-01,35.00000,36.00000,659
297,23,1.454170e-01,36.00000,36.00000,665
297,24,1.448430e-01,31.00000,36.00000,645
297,25,1.449389e-01,58.00000,30.00000,699
297,26,1.385854e-01,54.00000,30.00000,646
297,27,1.552284e-01,25.00000,36.00000,668
297,28,1.439474e-01,46.00000,35.00000,687
297,29,1.451954e-01,49.00000,35.00000,676
297,30,1.441160e-01,49.00000,30.00000,10656
297,31,1.458861e-01,35.00000,36.00000,664
297,32,1.488557e-01,38.00000,35.00000,659
297,33,1.432400e-01,40.00000,40.00000,636
297,34,1.458603e-01,46.00000,35.00000,667
297,35,1.469741e-01,49.00000,30.00000,713
297,36,1.474744e-01,37.00000,36.00000,598
297,37,1.472123e-01,57.00000,30.00000,657
297,38,1.434344e-01,40.00000,36.00000,728
297,39,1.393894e-01,49.00000,30.00000,676
297,40,1.463353e-01,42.00000,35.00000,12059
297,41,1.462650e-01,35.00000,36.00000,658
297,42,1.469899e-01,37.00000,36.00000,604
297,43,1.466723e-01,35.00000,36.00000,681
297,44,1.435915e-01,47.00000,35.00000,712
297,45,1.461524e-01,51.00000,30.00000,661
297,46,1.488883e-01,41.00000,36.00000,686
297,47,1.538616e-01,30.00000,36.00000,623
297,48,1.487723e-01,45.00000,35.00000,640
297,49,1.388101e-01,39.00000,35.00000,706
297,50,1.427691e-01,54.00000,30.00000,6674
297,51,1.410709e-01,41.00000,40.00000,1668
297,52,1.423204e-01,53.00000,30.00000,682
297,53,1.463735e-01,41.00000,35.00000,637
297,54,1.441208e-01,46.00000,36.00000,670
297,55,1.451086e-01,55.00000,30.00000,645
297,56,1.435528e-01,47.00000,35.00000,647
297,57,1.425924e-01,43.00000,36.00000,668
297,58,1.419171e-01,50.00000,35.00000,616
297,59,1.472497e-01,31.00000,36.00000,615
297,60,1.414576e-01,49.00000,30.00000,2695
297,61,1.390684e-01,42.00000,35.00000,765
297,62,1.493386e-01,42.00000,35.00000,573
297,63,1.433289e-01,49.00000,35.00000,597
297,64,1.397090e-01,43.00000,35.00000,619
297,65,1.404978e-01,43.00000,35.00000,599
297,66,1.436731e-01,43.00000,35.00000,587
297,67,1.408952e-01,55.00000,30.00000,618
297,68,1.436293e-01,45.00000,35.00000,590
297,69,1.405474e-01,53.00000,30.00000,617
297,70,1.422015e-01,49.00000,30.00000,600
297,71,1.459901e-01,41.00000,35.00000,581
298,0,1.387902e-01,49.00000,30.00000,3423
298,1,1.430256e-01,42.00000,36.00000,676
298,2,1.454577e-01,54.00000,30.00000,605
298,3,1.463200e-01,42.00000,35.00000,672
298,4,1.410825e-01,47.00000,35.00000,710
298,5,1.496447e-01,52.00000,30.00000,689
298,6,1.523741e-01,43.00000,36.00000,649
298,7,1.460188e-01,37.00000,40.00000,653
298,8,1.417063e-01,53.00000,30.00000,644
298,9,1.444707e-01,35.00000,36.00000,643
298,10,1.404114e-01,42.00000,35.00000,5675
298,11,1.360474e-01,43.00000,35.00000,656
298,12,1.424551e-01,49.00000,30.00000,632
298,13,1.378493e-01,56.00000,30.00000,751
298,14,1.411217e-01,53.00000,30.00000,698
298,15,1.467924e-01,36.00000,36.00000,634
298,16,1.424010e-01,43.00000,35.00000,689
298,17,1.398997e-01,44.00000,35.00000,667
298,18,1.348603e-01,53.00000,30.00000,727
298,19,1.405680e-01,54.00000,30.00000,683
298,20,1.466881e-01,54.00000,30.00000,6688
298,21,1.450761e-01,35.00000,36.00000,5419
298,22,1.453693e-01,40.00000,35.00000,723
298,23,1.420522e-01,30.00000,36.00000,677
298,24,1.441675e-01,48.00000,35.00000,642
298,25,1.443398e-01,41.00000,36.00000,735
298,26,1.396189e-01,60.00000,30.00000,694
298,27,1.461493e-01,55.00000,30.00000,674
298,28,1.400166e-01,49.00000,30.00000,717
298,29,1.445851e-01,37.00000,35.00000,625
298,30,1.520036e-01,30.00000,36.00000,4104
298,31,1.374002e-01,53.00000,30.00000,7952
298,32,1.421597e-01,49.00000,30.00000,643
298,33,1.383145e-01,53.00000,30.00000,691
298,34,1.408060e-01,45.00000,35.00000,651
298,35,1.446765e-01,42.00000,35.00000,627
298,36,1.388546e-01,49.00000,35.00000,716
298,37,1.466272e-01,45.00000,35.00000,610
298,38,1.438092e-01,49.00000,30.00000,636
298,39,1.402463e-01,49.00000,35.00000,603
298,40,1.376941e-01,54.00000,30.00000,779
298,41,1.489999e-01,48.00000,35.00000,10461
298,42,1.432858e-01,55.00000,30.00000,635
298,43,1.414468e-01,35.00000,36.00000,624
298,44,1.493066e-01,35.00000,36.00000,690
298,45,1.424218e-01,39.00000,40.00000,700
298,46,1.434480e-01,57.00000,30.00000,680
298,47,1.451486e-01,45.00000,35.00000,655
298,48,1.403759e-01,55.00000,30.00000,620
298,49,1.458676e-01,37.00000,36.00000,686
298,50,1.466167e-01,36.00000,35.00000,1020
298,51,1.470701e-01,35.00000,36.00000,13068
298,52,1.472152e-01,38.00000,36.00000,654
298,53,1.449523e-01,41.00000,35.00000,648
298,54,1.402013e-01,52.00000,30.00000,639
298,55,1.384197e-01,58.00000,30.00000,639
298,56,1.404421e-01,49.00000,30.00000,618
298,57,1.388346e-01,43.00000,35.00000,639
298,58,1.386244e-01,59.00000,30.00000,639
298,59,1.382437e-01,54.00000,30.00000,624
298,60,1.434601e-01,36.00000,35.00000,639
298,61,1.541325e-01,31.00000,36.00000,556
298,62,1.389884e-01,37.00000,36.00000,636
298,63,1.432975e-01,51.00000,30.00000,608
298,64,1.481085e-01,38.00000,35.00000,591
298,65,1.497935e-01,25.00000,36.00000,596
298,66,1.464476e-01,53.00000,30.00000,608
298,67,1.435599e-01,37.00000,36.00000,621
298,68,1.398670e-01,42.00000,35.00000,641
298,69,1.452538e-01,54.00000,30.00000,606
298,70,1.475988e-01,37.00000,36.00000,626
298,71,1.486097e-01,30.00000,36.00000,596
299,0,1.423604e-01,58.00000,30.00000,7528
299,1,1.389685e-01,43.00000,36.00000,651
299,2,1.419961e-01,39.00000,36.00000,639
299,3,1.477405e-01,57.00000,30.00000,652
299,4,1.358967e-01,52.00000,30.00000,652
299,5,1.462829e-01,30.00000,36.00000,709
299,6,1.417188e-01,47.00000,35.00000,696
299,7,1.387080e-01,51.00000,30.00000,704
299,8,1.491327e-01,54.00000,30.00000,707
299,9,1.424645e-01,43.00000,35.00000,650
299,10,1.412769e-01,52.00000,30.00000,5165
299,11,1.446338e-01,53.00000,30.00000,646
299,12,1.493362e-01,35.00000,36.00000,623
299,13,1.459921e-01,30.00000,36.00000,656
299,14,1.423708e-01,49.00000,30.00000,644
299,15,1.411431e-01,48.00000,35.00000,645
299,16,1.454767e-01,49.00000,30.00000,674
299,17,1.475687e-01,35.00000,36.00000,602
299,18,1.484344e-01,25.00000,36.00000,733
299,19,1.401612e-01,43.00000,35.00000,696
299,20,1.444356e-01,37.00000,36.00000,5194
299,21,1.474860e-01,43.00000,35.00000,696
299,22,1.480246e-01,40.00000,40.00000,601
299,23,1.397942e-01,49.00000,30.00000,711
299,24,1.452814e-01,44.00000,35.00000,614
299,25,1.464310e-01,41.00000,35.00000,688
299,26,1.482420e-01,36.00000,40.00000,604
299,27,1.436034e-01,36.00000,36.00000,701
299,28,1.477586e-01,38.00000,35.00000,716
299,29,1.499341e-01,36.00000,35.00000,666
299,30,1.390607e-01,46.00000,35.00000,6536
299,31,1.438364e-01,51.00000,30.00000,609
299,32,1.385004e-01,52.00000,30.00000,702
299,33,1.487606e-01,43.00000,35.00000,1159
299,34,1.459255e-01,35.00000,36.00000,671
299,35,1.462508e-01,43.00000,35.00000,612
299,36,1.445066e-01,46.00000,35.00000,691
299,37,1.401536e-01,57.00000,30.00000,687
299,38,1.521375e-01,25.00000,36.00000,700
299,39,1.395303e-01,49.00000,30.00000,722
299,40,1.403670e-01,43.00000,35.00000,8749
299,41,1.470921e-01,54.00000,30.00000,717
299,42,1.418101e-01,37.00000,36.00000,654
299,43,1.408458e-01,45.00000,35.00000,903
299,44,1.428593e-01,55.00000,30.00000,671
299,45,1.371173e-01,53.00000,30.00000,673
299,46,1.487564e-01,30.00000,36.00000,651
299,47,1.458247e-01,25.00000,36.00000,637
299,48,1.427768e-01,54.00000,30.00000,706
299,49,1.410523e-01,48.00000,35.00000,674
299,50,1.466089e-01,42.00000,36.00000,8938
299,51,1.410246e-01,49.00000,30.00000,722
299,52,1.378819e-01,46.00000,35.00000,627
299,53,1.371212e-01,49.00000,30.00000,807
299,54,1.430452e-01,49.00000,30.00000,618
299,55,1.363498e-01,54.00000,30.00000,673
299,56,1.358313e-01,59.00000,30.00000,658
299,57,1.554860e-01,40.00000,36.00000,575
299,58,1.416365e-01,53.00000,30.00000,666
299,59,1.407374e-01,36.00000,36.00000,681
299,60,1.421622e-01,53.00000,30.00000,1847
299,61,1.424155e-01,37.00000,36.00000,1363
299,62,1.495020e-01,40.00000,36.00000,572
299,63,1.396035e-01,42.00000,36.00000,619
299,64,1.429137e-01,48.00000,35.00000,598
299,65,1.410182e-01,56.00000,30.00000,614
299,66,1.448088e-01,54.00000,30.00000,607
299,67,1.356309e-01,54.00000,30.00000,626
299,68,1.372845e-01,52.00000,30.00000,616
299,69,1.426594e-01,39.00000,35.00000,600
299,70,1.422531e-01,46.00000,35.00000,617
299,71,1.380564e-01,49.00000,30.00000,614
300,0,1.420414e-01,36.00000,36.00000,11671
300,1,1.489307e-01,46.00000,35.00000,714
300,2,1.500542e-01,55.00000,30.00000,2244
300,3,1.470282e-01,45.00000,36.00000,643
300,4,1.479626e-01,37.00000,36.00000,958
300,5,1.512792e-01,43.00000,35.00000,665
300,6,1.421040e-01,48.00000,35.00000,747
300,7,1.534842e-01,25.00000,36.00000,726
300,8,1.469007e-01,36.00000,36.00000,672
300,9,1.532876e-01,45.00000,35.00000,627
300,10,1.375212e-01,52.00000,30.00000,4834
300,11,1.401901e-01,49.00000,30.00000,5082
300,12,1.359325e-01,58.00000,30.00000,2387
300,13,1.442330e-01,39.00000,36.00000,667
300,14,1.456734e-01,42.00000,35.00000,2159
300,15,1.402036e-01,49.00000,30.00000,643
300,16,1.369019e-01,59.00000,30.00000,700
300,17,1.408901e-01,44.00000,35.00000,721
300,18,1.435321e-01,48.00000,35.00000,648
300,19,1.417755e-01,42.00000,35.00000,620
300,20,1.452655e-01,30.00000,36.00000,3023
300,21,1.411471e-01,48.00000,35.00000,1214
300,22,1.393964e-01,54.00000,30.00000,2706
300,23,1.421954e-01,52.00000,30.00000,679
300,24,1.492924e-01,50.00000,35.00000,5976
300,25,1.444265e-01,42.00000,35.00000,697
300,26,1.485708e-01,51.00000,30.00000,693
300,27,1.413151e-01,58.00000,30.00000,643
300,28,1.394889e-01,35.00000,36.00000,712
300,29,1.478066e-01,36.00000,36.00000,636
300,30,1.401441e-01,40.00000,36.00000,741
300,31,1.401701e-01,43.00000,35.00000,1413
300,32,1.407802e-01,55.00000,30.00000,1610
300,33,1.415130e-01,49.00000,30.00000,686
300,34,1.451505e-01,57.00000,30.00000,10625
300,35,1.393696e-01,45.00000,35.00000,653
300,36,1.401495e-01,44.00000,35.00000,666
300,37,1.420691e-01,52.00000,30.00000,651
300,38,1.411279e-01,42.00000,35.00000,690
300,39,1.378721e-01,49.00000,30.00000,761
300,40,1.382885e-01,51.00000,30.00000,675
300,41,1.406894e-01,53.00000,30.00000,683
300,42,1.384758e-01,44.00000,35.00000,641
300,43,1.441303e-01,37.00000,36.00000,697
300,44,1.394801e-01,53.00000,30.00000,10624
300,45,1.428929e-01,51.00000,30.00000,635
300,46,1.444518e-01,32.00000,40.00000,701
300,47,1.432924e-01,45.00000,35.00000,649
300,48,1.425783e-01,55.00000,30.00000,677
300,49,1.498662e-01,37.00000,36.00000,624
300,50,1.502226e-01,37.00000,36.00000,599
300,51,1.444390e-01,41.00000,36.00000,607
300,52,1.410986e-01,57.00000,30.00000,701
300,53,1.391491e-01,54.00000,30.00000,685
300,54,1.447408e-01,49.00000,35.00000,9007
300,55,1.512824e-01,36.00000,35.00000,594
300,56,1.386111e-01,52.00000,30.00000,619
300,57,1.400315e-01,51.00000,35.00000,607
300,58,1.360762e-01,49.00000,30.00000,647
300,59,1.404420e-01,54.00000,30.00000,612
300,60,1.400231e-01,52.00000,30.00000,607
300,61,1.502048e-01,36.00000,36.00000,586
300,62,1.462706e-01,35.00000,36.00000,596
300,63,1.427405e-01,40.00000,35.00000,627
300,64,1.371877e-01,57.00000,30.00000,628
300,65,1.413961e-01,48.00000,35.00000,621
300,66,1.465961e-01,35.00000,36.00000,600
300,67,1.432969e-01,43.00000,36.00000,622
300,68,1.437413e-01,41.00000,36.00000,604
300,69,1.415012e-01,54.00000,30.00000,611
300,70,1.485399e-01,53.00000,30.00000,609
300,71,1.394148e-01,49.00000,35.00000,651
