nohup: ignoring input
INFO:root:called-params configs/iic-train.yaml
INFO:root:loaded params...
{   'data': {   'batch_size': 60,
                'color_jitter_strength': 0.0,
                'crop_scale': [0.3, 1.0],
                'crop_size': 150,
                'image_folder': 'iic/',
                'num_workers': 10,
                'pin_mem': True,
                'root_path': 'datasets',
                'use_color_distortion': False,
                'use_gaussian_blur': False,
                'use_horizontal_flip': False},
    'logging': {   'checkpoint_freq': 100,
                   'folder': 'logs_PKT_chunks_different_seeds/iic-train-l2-pkt-chunks-seed4',
                   'knn_every': 100,
                   'logging_frequency': 2,
                   'output_file': 'oiic-pretrain-seed4.out',
                   'train_suffix': 'train/',
                   'val_suffix': 'val/',
                   'write_tag': 'jepa-iic'},
    'mask': {   'allow_overlap': False,
                'aspect_ratio': [0.75, 1.5],
                'enc_mask_scale': [0.85, 1.0],
                'min_keep': 1,
                'num_enc_masks': 1,
                'num_pred_masks': 4,
                'patch_size': 15,
                'pred_mask_scale': [0.15, 0.2]},
    'message': 'L2 on IIC for KNN seed 4 - REVISION, many seeds '
               'experimentation',
    'meta': {   'copy_data': False,
                'load_checkpoint': False,
                'model_name': 'vit_base',
                'pred_depth': 6,
                'pred_emb_dim': 384,
                'read_checkpoint': None,
                'use_bfloat16': False},
    'optimization': {   'ema': [0.996, 1.0],
                        'epochs': 500,
                        'final_lr': 1e-06,
                        'final_weight_decay': 0.4,
                        'ipe_scale': 1.0,
                        'loss_function': 'L2_PKT_chunks',
                        'lr': 0.001,
                        'start_lr': 0.0002,
                        'variance_weight': 0.0,
                        'warmup': 40,
                        'weight_decay': 0.04},
    'pkt': {   'T_max': 200,
               'chunks_step': 256,
               'final_alpha': 0.0,
               'pkt_scale': 1.0,
               'ref_alpha': 1.0,
               'start_alpha': 1.0,
               'use_pkt_scheduler': False,
               'warmup_steps_alpha': 100}}
INFO:root:Running... (rank: 0/1)
CRITICAL:root:PRETRAINING
INFO:root:Initialized (rank/world-size) 0/1
INFO:root:train.py: _GLOBAL_SEED=4
INFO:root:VisionTransformer(
  (patch_embed): PatchEmbed(
    (proj): Conv2d(3, 768, kernel_size=(15, 15), stride=(15, 15))
  )
  (blocks): ModuleList(
    (0-11): 12 x Block(
      (norm1): LayerNorm((768,), eps=1e-06, elementwise_affine=True)
      (attn): Attention(
        (qkv): Linear(in_features=768, out_features=2304, bias=True)
        (attn_drop): Dropout(p=0.0, inplace=False)
        (proj): Linear(in_features=768, out_features=768, bias=True)
        (proj_drop): Dropout(p=0.0, inplace=False)
      )
      (drop_path): Identity()
      (norm2): LayerNorm((768,), eps=1e-06, elementwise_affine=True)
      (mlp): MLP(
        (fc1): Linear(in_features=768, out_features=3072, bias=True)
        (act): GELU(approximate='none')
        (fc2): Linear(in_features=3072, out_features=768, bias=True)
        (drop): Dropout(p=0.0, inplace=False)
      )
    )
  )
  (norm): LayerNorm((768,), eps=1e-06, elementwise_affine=True)
)
INFO:root:making imagenet data transforms
INFO:root:data-path datasets/iic/train/
INFO:root:Initialized ImageNet
INFO:root:ImageNet dataset created
INFO:root:ImageNet unsupervised data loader created
INFO:root:data-path datasets/iic/train/
INFO:root:Initialized ImageNet
INFO:root:min. labeled indices 2191
INFO:root:ImageNet supervised dataset created
INFO:root:ImageNet supervised data loader created
INFO:root:data-path datasets/iic/val/
INFO:root:Initialized ImageNet
INFO:root:min. labeled indices 437
INFO:root:ImageNet supervised dataset created
INFO:root:ImageNet supervised data loader created
INFO:root:Using AdamW
INFO:root:Epoch 1
INFO:root:[1,     0] loss: 2.524444e-02 masks: 15.0 20.0 [wd: 4.00e-02] [lr: 2.00e-04] [mem: 3.38e+03] (538.2 ms)
INFO:root:[1,     0] grad_stats: [8.36e-04 4.73e-04] (4.69e-04, 1.33e-03)
INFO:root:[1,   116] loss: 1.146519e-02 masks: 21.7 17.3 [wd: 4.00e-02] [lr: 2.10e-04] [mem: 5.40e+03] (172.8 ms)
INFO:root:[1,   116] grad_stats: [3.39e-03 7.45e-05] (7.42e-05, 3.39e-03)
INFO:root:[1,   232] loss: 1.108573e-02 masks: 21.8 17.3 [wd: 4.00e-02] [lr: 2.20e-04] [mem: 5.52e+03] (171.8 ms)
INFO:root:[1,   232] grad_stats: [1.47e-03 8.33e-05] (5.40e-05, 2.20e-03)
INFO:root:avg. loss 1.10857279e-02
INFO:root:time taken for epoch 0:00:52.968736
INFO:root:Epoch 2
INFO:root:[2,     0] loss: 9.392097e-03 masks: 19.0 20.0 [wd: 4.00e-02] [lr: 2.20e-04] [mem: 5.52e+03] (166.9 ms)
INFO:root:[2,     0] grad_stats: [2.33e-03 7.96e-05] (5.85e-05, 3.28e-03)
INFO:root:[2,   116] loss: 9.397620e-03 masks: 21.7 17.5 [wd: 4.00e-02] [lr: 2.30e-04] [mem: 5.58e+03] (170.8 ms)
INFO:root:[2,   116] grad_stats: [1.91e-03 7.57e-05] (6.29e-05, 2.36e-03)
INFO:root:[2,   232] loss: 8.212186e-03 masks: 22.2 17.3 [wd: 4.00e-02] [lr: 2.40e-04] [mem: 5.58e+03] (172.4 ms)
INFO:root:[2,   232] grad_stats: [8.49e-04 2.53e-05] (2.38e-05, 1.11e-03)
INFO:root:avg. loss 8.21218585e-03
INFO:root:time taken for epoch 0:00:53.753684
INFO:root:Epoch 3
INFO:root:[3,     0] loss: 4.932601e-03 masks: 20.0 20.0 [wd: 4.00e-02] [lr: 2.40e-04] [mem: 5.58e+03] (168.7 ms)
INFO:root:[3,     0] grad_stats: [2.44e-03 7.25e-05] (6.33e-05, 3.03e-03)
INFO:root:[3,   116] loss: 4.499802e-03 masks: 22.6 17.1 [wd: 4.00e-02] [lr: 2.50e-04] [mem: 5.58e+03] (173.2 ms)
INFO:root:[3,   116] grad_stats: [1.34e-03 2.06e-05] (1.78e-05, 2.26e-03)
INFO:root:[3,   232] loss: 3.737103e-03 masks: 22.3 17.1 [wd: 4.00e-02] [lr: 2.60e-04] [mem: 5.58e+03] (172.8 ms)
INFO:root:[3,   232] grad_stats: [1.09e-03 3.22e-05] (2.17e-05, 1.36e-03)
INFO:root:avg. loss 3.73710266e-03
INFO:root:time taken for epoch 0:00:53.731451
INFO:root:Epoch 4
INFO:root:[4,     0] loss: 2.816968e-03 masks: 16.0 20.0 [wd: 4.00e-02] [lr: 2.60e-04] [mem: 5.58e+03] (156.2 ms)
INFO:root:[4,     0] grad_stats: [7.59e-04 2.67e-05] (2.13e-05, 1.29e-03)
INFO:root:[4,   116] loss: 2.342694e-03 masks: 21.7 17.3 [wd: 4.00e-02] [lr: 2.70e-04] [mem: 5.58e+03] (170.9 ms)
INFO:root:[4,   116] grad_stats: [1.13e-03 3.99e-05] (3.06e-05, 1.63e-03)
INFO:root:[4,   232] loss: 2.185111e-03 masks: 21.8 17.4 [wd: 4.01e-02] [lr: 2.80e-04] [mem: 5.58e+03] (172.1 ms)
INFO:root:[4,   232] grad_stats: [5.79e-04 2.52e-05] (1.83e-05, 6.85e-04)
INFO:root:avg. loss 2.18511055e-03
INFO:root:time taken for epoch 0:00:53.576611
INFO:root:Epoch 5
INFO:root:[5,     0] loss: 1.848484e-03 masks: 18.0 20.0 [wd: 4.01e-02] [lr: 2.80e-04] [mem: 5.58e+03] (164.1 ms)
INFO:root:[5,     0] grad_stats: [7.48e-04 1.46e-05] (1.34e-05, 1.10e-03)
INFO:root:[5,   116] loss: 1.788139e-03 masks: 22.1 17.1 [wd: 4.01e-02] [lr: 2.90e-04] [mem: 5.58e+03] (171.9 ms)
INFO:root:[5,   116] grad_stats: [8.01e-04 4.00e-05] (2.16e-05, 1.29e-03)
INFO:root:[5,   232] loss: 1.737165e-03 masks: 22.3 17.0 [wd: 4.01e-02] [lr: 3.00e-04] [mem: 5.58e+03] (172.9 ms)
INFO:root:[5,   232] grad_stats: [7.17e-04 2.91e-05] (1.91e-05, 1.10e-03)
INFO:root:avg. loss 1.73716493e-03
INFO:root:time taken for epoch 0:00:53.763598
INFO:root:Epoch 6
INFO:root:[6,     0] loss: 1.466470e-03 masks: 23.0 16.0 [wd: 4.01e-02] [lr: 3.00e-04] [mem: 5.58e+03] (170.3 ms)
INFO:root:[6,     0] grad_stats: [6.00e-04 3.44e-05] (2.59e-05, 7.81e-04)
INFO:root:[6,   116] loss: 1.649899e-03 masks: 22.0 17.1 [wd: 4.01e-02] [lr: 3.10e-04] [mem: 5.58e+03] (171.8 ms)
INFO:root:[6,   116] grad_stats: [6.28e-04 3.03e-05] (2.35e-05, 1.06e-03)
INFO:root:[6,   232] loss: 1.600511e-03 masks: 21.7 17.4 [wd: 4.01e-02] [lr: 3.20e-04] [mem: 5.58e+03] (172.0 ms)
INFO:root:[6,   232] grad_stats: [4.50e-04 1.59e-05] (1.20e-05, 9.61e-04)
INFO:root:avg. loss 1.60051080e-03
INFO:root:time taken for epoch 0:00:53.544575
INFO:root:Epoch 7
INFO:root:[7,     0] loss: 1.656734e-03 masks: 25.0 16.0 [wd: 4.01e-02] [lr: 3.20e-04] [mem: 5.58e+03] (177.9 ms)
INFO:root:[7,     0] grad_stats: [4.49e-04 3.14e-05] (2.06e-05, 6.99e-04)
INFO:root:[7,   116] loss: 1.494985e-03 masks: 21.8 17.5 [wd: 4.02e-02] [lr: 3.30e-04] [mem: 5.58e+03] (172.1 ms)
INFO:root:[7,   116] grad_stats: [4.06e-04 2.80e-05] (1.38e-05, 6.55e-04)
INFO:root:[7,   232] loss: 1.489473e-03 masks: 21.7 17.5 [wd: 4.02e-02] [lr: 3.40e-04] [mem: 5.58e+03] (172.3 ms)
INFO:root:[7,   232] grad_stats: [5.32e-04 1.75e-05] (1.29e-05, 8.04e-04)
INFO:root:avg. loss 1.48947339e-03
INFO:root:time taken for epoch 0:00:53.520938
INFO:root:Epoch 8
INFO:root:[8,     0] loss: 1.377958e-03 masks: 16.0 20.0 [wd: 4.02e-02] [lr: 3.40e-04] [mem: 5.58e+03] (159.4 ms)
INFO:root:[8,     0] grad_stats: [4.72e-04 1.78e-05] (8.61e-06, 6.89e-04)
INFO:root:[8,   116] loss: 1.443183e-03 masks: 22.5 17.1 [wd: 4.02e-02] [lr: 3.50e-04] [mem: 5.58e+03] (173.5 ms)
INFO:root:[8,   116] grad_stats: [3.93e-04 2.56e-05] (1.74e-05, 8.98e-04)
INFO:root:[8,   232] loss: 1.452221e-03 masks: 22.3 17.1 [wd: 4.02e-02] [lr: 3.60e-04] [mem: 5.58e+03] (173.4 ms)
INFO:root:[8,   232] grad_stats: [4.87e-04 1.59e-05] (9.99e-06, 6.55e-04)
INFO:root:avg. loss 1.45222101e-03
INFO:root:time taken for epoch 0:00:53.876294
INFO:root:Epoch 9
INFO:root:[9,     0] loss: 1.237603e-03 masks: 28.0 16.0 [wd: 4.02e-02] [lr: 3.60e-04] [mem: 5.58e+03] (186.1 ms)
INFO:root:[9,     0] grad_stats: [5.51e-04 1.67e-05] (1.67e-05, 8.55e-04)
INFO:root:[9,   116] loss: 1.543578e-03 masks: 22.6 17.1 [wd: 4.03e-02] [lr: 3.70e-04] [mem: 5.58e+03] (173.9 ms)
INFO:root:[9,   116] grad_stats: [3.95e-04 4.15e-05] (1.56e-05, 7.07e-04)
INFO:root:[9,   232] loss: 1.584632e-03 masks: 22.3 17.0 [wd: 4.03e-02] [lr: 3.80e-04] [mem: 5.58e+03] (173.4 ms)
INFO:root:[9,   232] grad_stats: [5.77e-04 2.04e-05] (1.09e-05, 8.46e-04)
INFO:root:avg. loss 1.58463192e-03
INFO:root:time taken for epoch 0:00:53.969713
INFO:root:Epoch 10
INFO:root:[10,     0] loss: 1.796716e-03 masks: 26.0 16.0 [wd: 4.03e-02] [lr: 3.80e-04] [mem: 5.58e+03] (182.6 ms)
INFO:root:[10,     0] grad_stats: [6.25e-04 4.11e-05] (1.89e-05, 1.29e-03)
INFO:root:[10,   116] loss: 1.625435e-03 masks: 21.6 17.5 [wd: 4.03e-02] [lr: 3.90e-04] [mem: 5.58e+03] (171.9 ms)
INFO:root:[10,   116] grad_stats: [5.89e-04 3.12e-05] (1.30e-05, 1.10e-03)
INFO:root:[10,   232] loss: 1.668550e-03 masks: 21.7 17.3 [wd: 4.04e-02] [lr: 4.00e-04] [mem: 5.65e+03] (172.4 ms)
INFO:root:[10,   232] grad_stats: [6.54e-04 2.12e-05] (1.34e-05, 8.97e-04)
INFO:root:avg. loss 1.66855014e-03
INFO:root:time taken for epoch 0:00:53.578052
INFO:root:Epoch 11
INFO:root:[11,     0] loss: 1.519271e-03 masks: 17.0 20.0 [wd: 4.04e-02] [lr: 4.00e-04] [mem: 5.65e+03] (160.4 ms)
INFO:root:[11,     0] grad_stats: [2.68e-04 1.61e-05] (7.05e-06, 4.67e-04)
INFO:root:[11,   116] loss: 1.682112e-03 masks: 21.8 17.4 [wd: 4.04e-02] [lr: 4.10e-04] [mem: 5.65e+03] (172.3 ms)
INFO:root:[11,   116] grad_stats: [5.22e-04 2.31e-05] (1.32e-05, 1.08e-03)
INFO:root:[11,   232] loss: 1.696409e-03 masks: 22.0 17.4 [wd: 4.04e-02] [lr: 4.20e-04] [mem: 5.65e+03] (173.2 ms)
INFO:root:[11,   232] grad_stats: [6.72e-04 3.93e-05] (1.11e-05, 1.22e-03)
INFO:root:avg. loss 1.69640904e-03
INFO:root:time taken for epoch 0:00:53.803990
INFO:root:Epoch 12
INFO:root:[12,     0] loss: 1.951186e-03 masks: 20.0 16.0 [wd: 4.04e-02] [lr: 4.20e-04] [mem: 5.65e+03] (163.9 ms)
INFO:root:[12,     0] grad_stats: [7.32e-04 2.25e-05] (1.09e-05, 1.20e-03)
INFO:root:[12,   116] loss: 1.746465e-03 masks: 21.5 17.4 [wd: 4.05e-02] [lr: 4.30e-04] [mem: 5.65e+03] (171.6 ms)
INFO:root:[12,   116] grad_stats: [4.96e-04 2.11e-05] (1.19e-05, 7.56e-04)
INFO:root:[12,   232] loss: 1.746784e-03 masks: 21.8 17.4 [wd: 4.05e-02] [lr: 4.40e-04] [mem: 5.65e+03] (172.5 ms)
INFO:root:[12,   232] grad_stats: [3.74e-04 2.03e-05] (7.01e-06, 5.18e-04)
INFO:root:avg. loss 1.74678355e-03
INFO:root:time taken for epoch 0:00:53.687802
INFO:root:Epoch 13
INFO:root:[13,     0] loss: 2.322366e-03 masks: 17.0 16.0 [wd: 4.05e-02] [lr: 4.40e-04] [mem: 5.65e+03] (156.6 ms)
INFO:root:[13,     0] grad_stats: [6.73e-04 2.38e-05] (1.08e-05, 9.37e-04)
INFO:root:[13,   116] loss: 1.864612e-03 masks: 21.0 17.3 [wd: 4.06e-02] [lr: 4.50e-04] [mem: 5.65e+03] (169.9 ms)
INFO:root:[13,   116] grad_stats: [4.26e-04 1.81e-05] (6.66e-06, 7.00e-04)
INFO:root:[13,   232] loss: 1.846656e-03 masks: 21.5 17.4 [wd: 4.06e-02] [lr: 4.60e-04] [mem: 5.65e+03] (172.0 ms)
INFO:root:[13,   232] grad_stats: [2.55e-04 1.78e-05] (7.52e-06, 3.39e-04)
INFO:root:avg. loss 1.84665551e-03
INFO:root:time taken for epoch 0:00:53.434679
INFO:root:Epoch 14
INFO:root:[14,     0] loss: 2.281278e-03 masks: 17.0 16.0 [wd: 4.06e-02] [lr: 4.60e-04] [mem: 5.65e+03] (156.7 ms)
INFO:root:[14,     0] grad_stats: [4.63e-04 2.16e-05] (9.39e-06, 5.27e-04)
INFO:root:[14,   116] loss: 1.945691e-03 masks: 21.8 17.3 [wd: 4.06e-02] [lr: 4.70e-04] [mem: 5.65e+03] (172.3 ms)
INFO:root:[14,   116] grad_stats: [3.14e-04 1.53e-05] (4.59e-06, 4.14e-04)
INFO:root:[14,   232] loss: 1.909171e-03 masks: 22.1 17.2 [wd: 4.07e-02] [lr: 4.80e-04] [mem: 5.65e+03] (173.5 ms)
INFO:root:[14,   232] grad_stats: [5.83e-04 1.72e-05] (8.09e-06, 9.93e-04)
INFO:root:avg. loss 1.90917124e-03
INFO:root:time taken for epoch 0:00:53.898079
INFO:root:Epoch 15
INFO:root:[15,     0] loss: 1.936119e-03 masks: 27.0 16.0 [wd: 4.07e-02] [lr: 4.80e-04] [mem: 5.65e+03] (184.0 ms)
INFO:root:[15,     0] grad_stats: [7.61e-04 4.07e-05] (1.17e-05, 1.22e-03)
INFO:root:[15,   116] loss: 1.866736e-03 masks: 22.8 17.0 [wd: 4.07e-02] [lr: 4.90e-04] [mem: 5.65e+03] (174.4 ms)
INFO:root:[15,   116] grad_stats: [7.79e-04 3.40e-05] (9.45e-06, 1.15e-03)
INFO:root:[15,   232] loss: 1.889219e-03 masks: 22.0 17.3 [wd: 4.08e-02] [lr: 5.00e-04] [mem: 5.65e+03] (173.2 ms)
INFO:root:[15,   232] grad_stats: [6.93e-04 1.81e-05] (8.26e-06, 1.19e-03)
INFO:root:avg. loss 1.88921941e-03
INFO:root:time taken for epoch 0:00:53.807546
INFO:root:Epoch 16
INFO:root:[16,     0] loss: 1.901368e-03 masks: 19.0 20.0 [wd: 4.08e-02] [lr: 5.00e-04] [mem: 5.65e+03] (168.8 ms)
INFO:root:[16,     0] grad_stats: [2.93e-04 1.62e-05] (7.12e-06, 5.41e-04)
INFO:root:[16,   116] loss: 1.950774e-03 masks: 22.1 17.1 [wd: 4.09e-02] [lr: 5.10e-04] [mem: 5.65e+03] (172.7 ms)
INFO:root:[16,   116] grad_stats: [3.95e-04 1.61e-05] (6.81e-06, 7.77e-04)
INFO:root:[16,   232] loss: 1.947497e-03 masks: 21.9 17.3 [wd: 4.09e-02] [lr: 5.20e-04] [mem: 5.65e+03] (172.9 ms)
INFO:root:[16,   232] grad_stats: [5.84e-04 1.79e-05] (6.79e-06, 9.49e-04)
INFO:root:avg. loss 1.94749681e-03
INFO:root:time taken for epoch 0:00:53.823406
INFO:root:Epoch 17
INFO:root:[17,     0] loss: 2.051112e-03 masks: 20.0 16.0 [wd: 4.09e-02] [lr: 5.20e-04] [mem: 5.65e+03] (165.1 ms)
INFO:root:[17,     0] grad_stats: [4.40e-04 1.58e-05] (7.95e-06, 9.16e-04)
INFO:root:[17,   116] loss: 2.005747e-03 masks: 21.8 17.4 [wd: 4.10e-02] [lr: 5.30e-04] [mem: 5.65e+03] (172.5 ms)
INFO:root:[17,   116] grad_stats: [6.60e-04 2.29e-05] (6.45e-06, 9.11e-04)
INFO:root:[17,   232] loss: 2.038690e-03 masks: 21.7 17.3 [wd: 4.10e-02] [lr: 5.40e-04] [mem: 5.65e+03] (172.6 ms)
INFO:root:[17,   232] grad_stats: [3.37e-04 2.39e-05] (5.78e-06, 4.25e-04)
INFO:root:avg. loss 2.03869025e-03
INFO:root:time taken for epoch 0:00:53.628550
INFO:root:Epoch 18
INFO:root:[18,     0] loss: 2.357115e-03 masks: 33.0 12.0 [wd: 4.10e-02] [lr: 5.40e-04] [mem: 5.65e+03] (193.0 ms)
INFO:root:[18,     0] grad_stats: [5.13e-04 3.03e-05] (9.81e-06, 5.85e-04)
INFO:root:[18,   116] loss: 2.058285e-03 masks: 22.1 17.0 [wd: 4.11e-02] [lr: 5.50e-04] [mem: 5.65e+03] (172.8 ms)
INFO:root:[18,   116] grad_stats: [3.90e-04 2.45e-05] (4.78e-06, 4.83e-04)
INFO:root:[18,   232] loss: 2.013454e-03 masks: 22.5 17.0 [wd: 4.11e-02] [lr: 5.60e-04] [mem: 5.65e+03] (174.2 ms)
INFO:root:[18,   232] grad_stats: [3.55e-04 1.41e-05] (5.49e-06, 5.31e-04)
INFO:root:avg. loss 2.01345374e-03
INFO:root:time taken for epoch 0:00:53.986974
INFO:root:Epoch 19
INFO:root:[19,     0] loss: 1.953462e-03 masks: 23.0 16.0 [wd: 4.12e-02] [lr: 5.60e-04] [mem: 5.65e+03] (171.5 ms)
INFO:root:[19,     0] grad_stats: [4.30e-04 2.32e-05] (6.31e-06, 4.89e-04)
INFO:root:[19,   116] loss: 1.930021e-03 masks: 21.1 17.6 [wd: 4.12e-02] [lr: 5.70e-04] [mem: 5.65e+03] (170.8 ms)
INFO:root:[19,   116] grad_stats: [6.78e-04 2.10e-05] (8.13e-06, 8.51e-04)
INFO:root:[19,   232] loss: 1.909886e-03 masks: 21.6 17.4 [wd: 4.13e-02] [lr: 5.80e-04] [mem: 5.65e+03] (172.3 ms)
INFO:root:[19,   232] grad_stats: [3.38e-04 2.89e-05] (5.81e-06, 6.91e-04)
INFO:root:avg. loss 1.90988594e-03
INFO:root:time taken for epoch 0:00:53.535652
INFO:root:Epoch 20
INFO:root:[20,     0] loss: 1.779596e-03 masks: 27.0 16.0 [wd: 4.13e-02] [lr: 5.80e-04] [mem: 5.65e+03] (185.0 ms)
INFO:root:[20,     0] grad_stats: [4.26e-04 1.90e-05] (4.93e-06, 5.78e-04)
INFO:root:[20,   116] loss: 1.906098e-03 masks: 22.2 17.1 [wd: 4.13e-02] [lr: 5.90e-04] [mem: 5.65e+03] (173.4 ms)
INFO:root:[20,   116] grad_stats: [3.54e-04 1.44e-05] (4.93e-06, 3.73e-04)
INFO:root:[20,   232] loss: 1.891980e-03 masks: 21.9 17.2 [wd: 4.14e-02] [lr: 6.00e-04] [mem: 5.65e+03] (173.0 ms)
INFO:root:[20,   232] grad_stats: [4.74e-04 1.77e-05] (4.42e-06, 6.04e-04)
INFO:root:avg. loss 1.89197984e-03
INFO:root:time taken for epoch 0:00:53.714958
INFO:root:Epoch 21
INFO:root:[21,     0] loss: 1.848940e-03 masks: 24.0 16.0 [wd: 4.14e-02] [lr: 6.00e-04] [mem: 5.65e+03] (175.2 ms)
INFO:root:[21,     0] grad_stats: [5.27e-04 2.27e-05] (6.44e-06, 9.38e-04)
INFO:root:[21,   116] loss: 1.855990e-03 masks: 22.1 17.1 [wd: 4.15e-02] [lr: 6.10e-04] [mem: 5.65e+03] (172.8 ms)
INFO:root:[21,   116] grad_stats: [5.19e-04 1.51e-05] (4.71e-06, 5.50e-04)
INFO:root:[21,   232] loss: 1.875327e-03 masks: 21.8 17.2 [wd: 4.16e-02] [lr: 6.20e-04] [mem: 5.65e+03] (172.5 ms)
INFO:root:[21,   232] grad_stats: [3.77e-04 1.62e-05] (4.44e-06, 4.16e-04)
INFO:root:avg. loss 1.87532720e-03
INFO:root:time taken for epoch 0:00:53.460949
INFO:root:Epoch 22
INFO:root:[22,     0] loss: 1.984820e-03 masks: 26.0 16.0 [wd: 4.16e-02] [lr: 6.20e-04] [mem: 5.65e+03] (181.2 ms)
INFO:root:[22,     0] grad_stats: [3.24e-04 2.68e-05] (4.17e-06, 4.15e-04)
INFO:root:[22,   116] loss: 1.872068e-03 masks: 22.2 17.2 [wd: 4.16e-02] [lr: 6.30e-04] [mem: 5.65e+03] (173.2 ms)
INFO:root:[22,   116] grad_stats: [6.37e-04 4.66e-05] (6.93e-06, 9.84e-04)
INFO:root:[22,   232] loss: 1.902243e-03 masks: 22.1 17.3 [wd: 4.17e-02] [lr: 6.40e-04] [mem: 5.65e+03] (173.6 ms)
INFO:root:[22,   232] grad_stats: [3.65e-04 1.35e-05] (3.51e-06, 3.66e-04)
INFO:root:avg. loss 1.90224333e-03
INFO:root:time taken for epoch 0:00:53.881873
INFO:root:Epoch 23
INFO:root:[23,     0] loss: 2.033609e-03 masks: 16.0 20.0 [wd: 4.17e-02] [lr: 6.40e-04] [mem: 5.65e+03] (159.4 ms)
INFO:root:[23,     0] grad_stats: [4.97e-04 3.10e-05] (5.10e-06, 7.65e-04)
INFO:root:[23,   116] loss: 1.997234e-03 masks: 22.2 17.1 [wd: 4.18e-02] [lr: 6.50e-04] [mem: 5.65e+03] (173.1 ms)
INFO:root:[23,   116] grad_stats: [3.15e-04 1.73e-05] (4.05e-06, 4.79e-04)
INFO:root:[23,   232] loss: 1.967555e-03 masks: 21.6 17.3 [wd: 4.19e-02] [lr: 6.60e-04] [mem: 5.65e+03] (172.3 ms)
INFO:root:[23,   232] grad_stats: [4.33e-04 2.13e-05] (4.44e-06, 5.10e-04)
INFO:root:avg. loss 1.96755455e-03
INFO:root:time taken for epoch 0:00:53.641885
INFO:root:Epoch 24
INFO:root:[24,     0] loss: 2.042946e-03 masks: 18.0 20.0 [wd: 4.19e-02] [lr: 6.60e-04] [mem: 5.65e+03] (165.4 ms)
INFO:root:[24,     0] grad_stats: [4.15e-04 2.33e-05] (4.31e-06, 5.35e-04)
INFO:root:[24,   116] loss: 1.962327e-03 masks: 22.5 17.0 [wd: 4.20e-02] [lr: 6.70e-04] [mem: 5.65e+03] (173.7 ms)
INFO:root:[24,   116] grad_stats: [5.12e-04 4.33e-05] (6.69e-06, 6.06e-04)
INFO:root:[24,   232] loss: 1.969140e-03 masks: 22.2 17.2 [wd: 4.20e-02] [lr: 6.80e-04] [mem: 5.65e+03] (173.8 ms)
INFO:root:[24,   232] grad_stats: [2.56e-04 1.66e-05] (2.37e-06, 3.42e-04)
INFO:root:avg. loss 1.96914023e-03
INFO:root:time taken for epoch 0:00:53.964545
INFO:root:Epoch 25
INFO:root:[25,     0] loss: 1.741503e-03 masks: 18.0 20.0 [wd: 4.20e-02] [lr: 6.80e-04] [mem: 5.65e+03] (165.1 ms)
INFO:root:[25,     0] grad_stats: [3.00e-04 1.73e-05] (3.54e-06, 3.82e-04)
INFO:root:[25,   116] loss: 1.929116e-03 masks: 22.0 17.3 [wd: 4.21e-02] [lr: 6.90e-04] [mem: 5.65e+03] (172.9 ms)
INFO:root:[25,   116] grad_stats: [2.40e-04 1.92e-05] (3.95e-06, 3.29e-04)
INFO:root:[25,   232] loss: 1.928997e-03 masks: 21.8 17.5 [wd: 4.22e-02] [lr: 7.00e-04] [mem: 5.65e+03] (173.2 ms)
INFO:root:[25,   232] grad_stats: [4.28e-04 2.52e-05] (6.46e-06, 6.30e-04)
INFO:root:avg. loss 1.92899671e-03
INFO:root:time taken for epoch 0:00:53.771046
INFO:root:Epoch 26
INFO:root:[26,     0] loss: 1.909040e-03 masks: 36.0 12.0 [wd: 4.22e-02] [lr: 7.00e-04] [mem: 5.65e+03] (202.9 ms)
INFO:root:[26,     0] grad_stats: [3.97e-04 2.04e-05] (3.51e-06, 4.99e-04)
INFO:root:[26,   116] loss: 1.945986e-03 masks: 22.0 17.4 [wd: 4.23e-02] [lr: 7.10e-04] [mem: 5.65e+03] (173.2 ms)
INFO:root:[26,   116] grad_stats: [2.52e-04 1.91e-05] (4.33e-06, 3.07e-04)
INFO:root:[26,   232] loss: 1.929121e-03 masks: 21.5 17.5 [wd: 4.24e-02] [lr: 7.20e-04] [mem: 5.65e+03] (172.4 ms)
INFO:root:[26,   232] grad_stats: [2.77e-04 1.26e-05] (3.22e-06, 2.92e-04)
INFO:root:avg. loss 1.92912100e-03
INFO:root:time taken for epoch 0:00:53.615274
INFO:root:Epoch 27
INFO:root:[27,     0] loss: 2.048291e-03 masks: 37.0 12.0 [wd: 4.24e-02] [lr: 7.20e-04] [mem: 5.65e+03] (206.3 ms)
INFO:root:[27,     0] grad_stats: [2.82e-04 2.28e-05] (3.64e-06, 3.05e-04)
INFO:root:[27,   116] loss: 1.917200e-03 masks: 21.1 17.6 [wd: 4.25e-02] [lr: 7.30e-04] [mem: 5.65e+03] (170.8 ms)
INFO:root:[27,   116] grad_stats: [3.77e-04 2.36e-05] (3.96e-06, 4.64e-04)
INFO:root:[27,   232] loss: 1.896627e-03 masks: 21.9 17.3 [wd: 4.26e-02] [lr: 7.40e-04] [mem: 5.65e+03] (173.0 ms)
INFO:root:[27,   232] grad_stats: [2.77e-04 3.89e-05] (5.42e-06, 5.50e-04)
INFO:root:avg. loss 1.89662715e-03
INFO:root:time taken for epoch 0:00:53.816238
INFO:root:Epoch 28
INFO:root:[28,     0] loss: 2.367661e-03 masks: 33.0 12.0 [wd: 4.26e-02] [lr: 7.40e-04] [mem: 5.65e+03] (193.9 ms)
INFO:root:[28,     0] grad_stats: [4.92e-04 2.52e-05] (5.40e-06, 6.06e-04)
INFO:root:[28,   116] loss: 1.902322e-03 masks: 22.1 17.3 [wd: 4.27e-02] [lr: 7.50e-04] [mem: 5.65e+03] (173.2 ms)
INFO:root:[28,   116] grad_stats: [3.19e-04 2.34e-05] (3.72e-06, 4.48e-04)
INFO:root:[28,   232] loss: 1.909340e-03 masks: 21.6 17.5 [wd: 4.28e-02] [lr: 7.60e-04] [mem: 5.65e+03] (172.5 ms)
INFO:root:[28,   232] grad_stats: [2.38e-04 1.28e-05] (2.55e-06, 2.49e-04)
INFO:root:avg. loss 1.90934049e-03
INFO:root:time taken for epoch 0:00:53.649986
INFO:root:Epoch 29
INFO:root:[29,     0] loss: 2.019169e-03 masks: 26.0 16.0 [wd: 4.28e-02] [lr: 7.60e-04] [mem: 5.65e+03] (181.4 ms)
INFO:root:[29,     0] grad_stats: [5.27e-04 4.34e-05] (4.50e-06, 5.65e-04)
INFO:root:[29,   116] loss: 1.954286e-03 masks: 22.3 17.0 [wd: 4.29e-02] [lr: 7.70e-04] [mem: 5.65e+03] (173.4 ms)
INFO:root:[29,   116] grad_stats: [6.44e-04 2.64e-05] (3.75e-06, 6.44e-04)
INFO:root:[29,   232] loss: 1.962330e-03 masks: 22.4 16.9 [wd: 4.30e-02] [lr: 7.80e-04] [mem: 5.65e+03] (173.9 ms)
INFO:root:[29,   232] grad_stats: [2.67e-04 1.97e-05] (4.48e-06, 2.67e-04)
INFO:root:avg. loss 1.96232973e-03
INFO:root:time taken for epoch 0:00:53.996824
INFO:root:Epoch 30
INFO:root:[30,     0] loss: 1.946658e-03 masks: 14.0 20.0 [wd: 4.30e-02] [lr: 7.80e-04] [mem: 5.65e+03] (151.6 ms)
INFO:root:[30,     0] grad_stats: [2.36e-04 1.44e-05] (2.81e-06, 2.36e-04)
INFO:root:[30,   116] loss: 1.888238e-03 masks: 21.7 17.2 [wd: 4.31e-02] [lr: 7.90e-04] [mem: 5.65e+03] (171.9 ms)
INFO:root:[30,   116] grad_stats: [2.42e-04 1.62e-05] (4.12e-06, 2.85e-04)
INFO:root:[30,   232] loss: 1.895021e-03 masks: 21.6 17.2 [wd: 4.32e-02] [lr: 8.00e-04] [mem: 5.65e+03] (172.1 ms)
INFO:root:[30,   232] grad_stats: [3.04e-04 1.98e-05] (3.22e-06, 3.04e-04)
INFO:root:avg. loss 1.89502069e-03
INFO:root:time taken for epoch 0:00:53.521912
INFO:root:Epoch 31
INFO:root:[31,     0] loss: 1.785170e-03 masks: 26.0 16.0 [wd: 4.32e-02] [lr: 8.00e-04] [mem: 5.65e+03] (181.5 ms)
INFO:root:[31,     0] grad_stats: [4.32e-04 2.83e-05] (4.81e-06, 4.70e-04)
INFO:root:[31,   116] loss: 1.893860e-03 masks: 21.7 17.4 [wd: 4.33e-02] [lr: 8.10e-04] [mem: 5.65e+03] (172.1 ms)
INFO:root:[31,   116] grad_stats: [4.45e-04 2.50e-05] (3.19e-06, 4.45e-04)
INFO:root:[31,   232] loss: 1.914561e-03 masks: 22.2 17.1 [wd: 4.34e-02] [lr: 8.20e-04] [mem: 5.65e+03] (173.6 ms)
INFO:root:[31,   232] grad_stats: [2.15e-04 1.56e-05] (2.89e-06, 2.15e-04)
INFO:root:avg. loss 1.91456114e-03
INFO:root:time taken for epoch 0:00:53.930862
INFO:root:Epoch 32
INFO:root:[32,     0] loss: 1.670553e-03 masks: 26.0 16.0 [wd: 4.34e-02] [lr: 8.20e-04] [mem: 5.65e+03] (181.9 ms)
INFO:root:[32,     0] grad_stats: [4.26e-04 1.94e-05] (3.18e-06, 5.32e-04)
INFO:root:[32,   116] loss: 1.885069e-03 masks: 21.7 17.3 [wd: 4.35e-02] [lr: 8.30e-04] [mem: 5.65e+03] (172.3 ms)
INFO:root:[32,   116] grad_stats: [2.94e-04 2.45e-05] (3.66e-06, 3.53e-04)
INFO:root:[32,   232] loss: 1.877620e-03 masks: 22.0 17.1 [wd: 4.36e-02] [lr: 8.40e-04] [mem: 5.65e+03] (173.2 ms)
INFO:root:[32,   232] grad_stats: [1.54e-04 1.06e-05] (1.85e-06, 1.99e-04)
INFO:root:avg. loss 1.87762027e-03
INFO:root:time taken for epoch 0:00:53.817096
INFO:root:Epoch 33
INFO:root:[33,     0] loss: 1.600316e-03 masks: 20.0 20.0 [wd: 4.36e-02] [lr: 8.40e-04] [mem: 5.65e+03] (170.6 ms)
INFO:root:[33,     0] grad_stats: [1.70e-04 1.36e-05] (2.26e-06, 2.67e-04)
INFO:root:[33,   116] loss: 1.787239e-03 masks: 22.3 17.2 [wd: 4.37e-02] [lr: 8.50e-04] [mem: 5.65e+03] (173.4 ms)
INFO:root:[33,   116] grad_stats: [2.09e-04 3.31e-05] (4.09e-06, 4.45e-04)
INFO:root:[33,   232] loss: 1.800846e-03 masks: 22.1 17.3 [wd: 4.39e-02] [lr: 8.60e-04] [mem: 5.65e+03] (173.6 ms)
INFO:root:[33,   232] grad_stats: [1.56e-04 2.68e-05] (2.51e-06, 1.78e-04)
INFO:root:avg. loss 1.80084638e-03
INFO:root:time taken for epoch 0:00:53.768627
INFO:root:Epoch 34
INFO:root:[34,     0] loss: 1.467491e-03 masks: 21.0 20.0 [wd: 4.39e-02] [lr: 8.60e-04] [mem: 5.65e+03] (172.8 ms)
INFO:root:[34,     0] grad_stats: [1.95e-04 1.80e-05] (2.33e-06, 1.95e-04)
INFO:root:[34,   116] loss: 1.794043e-03 masks: 22.1 17.4 [wd: 4.40e-02] [lr: 8.70e-04] [mem: 5.65e+03] (173.2 ms)
INFO:root:[34,   116] grad_stats: [2.16e-04 1.73e-05] (2.11e-06, 3.26e-04)
INFO:root:[34,   232] loss: 1.810703e-03 masks: 22.0 17.4 [wd: 4.41e-02] [lr: 8.80e-04] [mem: 5.65e+03] (173.4 ms)
INFO:root:[34,   232] grad_stats: [3.83e-04 3.01e-05] (5.89e-06, 4.50e-04)
INFO:root:avg. loss 1.81070341e-03
INFO:root:time taken for epoch 0:00:53.869305
INFO:root:Epoch 35
INFO:root:[35,     0] loss: 1.784968e-03 masks: 26.0 16.0 [wd: 4.41e-02] [lr: 8.80e-04] [mem: 5.65e+03] (182.7 ms)
INFO:root:[35,     0] grad_stats: [2.06e-04 2.20e-05] (2.71e-06, 3.29e-04)
INFO:root:[35,   116] loss: 1.779541e-03 masks: 22.0 17.3 [wd: 4.42e-02] [lr: 8.90e-04] [mem: 5.65e+03] (173.0 ms)
INFO:root:[35,   116] grad_stats: [2.82e-04 1.98e-05] (2.90e-06, 2.82e-04)
INFO:root:[35,   232] loss: 1.777385e-03 masks: 21.9 17.3 [wd: 4.43e-02] [lr: 9.00e-04] [mem: 5.65e+03] (173.3 ms)
INFO:root:[35,   232] grad_stats: [2.04e-04 3.33e-05] (2.89e-06, 3.69e-04)
INFO:root:avg. loss 1.77738455e-03
INFO:root:time taken for epoch 0:00:53.787224
INFO:root:Epoch 36
INFO:root:[36,     0] loss: 1.792654e-03 masks: 13.0 20.0 [wd: 4.43e-02] [lr: 9.00e-04] [mem: 5.65e+03] (153.1 ms)
INFO:root:[36,     0] grad_stats: [1.81e-04 2.16e-05] (3.32e-06, 3.18e-04)
INFO:root:[36,   116] loss: 1.851098e-03 masks: 22.7 17.0 [wd: 4.45e-02] [lr: 9.10e-04] [mem: 5.65e+03] (174.8 ms)
INFO:root:[36,   116] grad_stats: [1.63e-04 1.75e-05] (3.13e-06, 2.06e-04)
INFO:root:[36,   232] loss: 1.846090e-03 masks: 22.2 17.1 [wd: 4.46e-02] [lr: 9.20e-04] [mem: 5.65e+03] (173.9 ms)
INFO:root:[36,   232] grad_stats: [1.73e-04 1.63e-05] (2.25e-06, 2.90e-04)
INFO:root:avg. loss 1.84608979e-03
INFO:root:time taken for epoch 0:00:53.936757
INFO:root:Epoch 37
INFO:root:[37,     0] loss: 1.640350e-03 masks: 23.0 20.0 [wd: 4.46e-02] [lr: 9.20e-04] [mem: 5.65e+03] (177.7 ms)
INFO:root:[37,     0] grad_stats: [1.90e-04 3.07e-05] (3.88e-06, 3.86e-04)
INFO:root:[37,   116] loss: 1.771371e-03 masks: 22.4 17.3 [wd: 4.47e-02] [lr: 9.30e-04] [mem: 5.65e+03] (174.1 ms)
INFO:root:[37,   116] grad_stats: [3.22e-04 2.17e-05] (5.60e-06, 3.25e-04)
INFO:root:[37,   232] loss: 1.799632e-03 masks: 22.2 17.2 [wd: 4.48e-02] [lr: 9.40e-04] [mem: 5.65e+03] (173.8 ms)
INFO:root:[37,   232] grad_stats: [2.38e-04 2.73e-05] (4.07e-06, 4.19e-04)
INFO:root:avg. loss 1.79963160e-03
INFO:root:time taken for epoch 0:00:53.886032
INFO:root:Epoch 38
INFO:root:[38,     0] loss: 1.701432e-03 masks: 26.0 16.0 [wd: 4.48e-02] [lr: 9.40e-04] [mem: 5.65e+03] (183.0 ms)
INFO:root:[38,     0] grad_stats: [2.01e-04 2.81e-05] (4.05e-06, 2.76e-04)
INFO:root:[38,   116] loss: 1.858213e-03 masks: 21.7 17.5 [wd: 4.50e-02] [lr: 9.50e-04] [mem: 5.65e+03] (172.4 ms)
INFO:root:[38,   116] grad_stats: [2.25e-04 2.81e-05] (2.62e-06, 3.37e-04)
INFO:root:[38,   232] loss: 1.862837e-03 masks: 21.6 17.6 [wd: 4.51e-02] [lr: 9.60e-04] [mem: 5.65e+03] (172.8 ms)
INFO:root:[38,   232] grad_stats: [1.67e-04 2.12e-05] (2.59e-06, 1.77e-04)
INFO:root:avg. loss 1.86283691e-03
INFO:root:time taken for epoch 0:00:53.662232
INFO:root:Epoch 39
INFO:root:[39,     0] loss: 1.680755e-03 masks: 17.0 20.0 [wd: 4.51e-02] [lr: 9.60e-04] [mem: 5.65e+03] (161.8 ms)
INFO:root:[39,     0] grad_stats: [1.50e-04 1.70e-05] (1.87e-06, 2.27e-04)
INFO:root:[39,   116] loss: 1.869829e-03 masks: 21.6 17.6 [wd: 4.52e-02] [lr: 9.70e-04] [mem: 5.65e+03] (172.5 ms)
INFO:root:[39,   116] grad_stats: [2.30e-04 1.99e-05] (2.98e-06, 4.01e-04)
INFO:root:[39,   232] loss: 1.871964e-03 masks: 21.7 17.5 [wd: 4.54e-02] [lr: 9.80e-04] [mem: 5.65e+03] (172.8 ms)
INFO:root:[39,   232] grad_stats: [1.49e-04 1.97e-05] (2.41e-06, 2.53e-04)
INFO:root:avg. loss 1.87196430e-03
INFO:root:time taken for epoch 0:00:53.507194
INFO:root:Epoch 40
INFO:root:[40,     0] loss: 1.931544e-03 masks: 26.0 16.0 [wd: 4.54e-02] [lr: 9.80e-04] [mem: 5.65e+03] (181.8 ms)
INFO:root:[40,     0] grad_stats: [1.67e-04 2.05e-05] (2.17e-06, 2.24e-04)
INFO:root:[40,   116] loss: 1.829645e-03 masks: 22.7 16.9 [wd: 4.55e-02] [lr: 9.90e-04] [mem: 5.65e+03] (174.4 ms)
INFO:root:[40,   116] grad_stats: [1.90e-04 1.92e-05] (3.43e-06, 3.07e-04)
INFO:root:[40,   232] loss: 1.827585e-03 masks: 21.8 17.3 [wd: 4.57e-02] [lr: 1.00e-03] [mem: 5.65e+03] (173.0 ms)
INFO:root:[40,   232] grad_stats: [3.12e-04 1.55e-05] (3.93e-06, 3.12e-04)
INFO:root:avg. loss 1.82758482e-03
INFO:root:time taken for epoch 0:00:53.786290
INFO:root:Epoch 41
INFO:root:[41,     0] loss: 1.841356e-03 masks: 24.0 16.0 [wd: 4.57e-02] [lr: 1.00e-03] [mem: 5.65e+03] (175.4 ms)
INFO:root:[41,     0] grad_stats: [2.14e-04 2.16e-05] (2.86e-06, 3.03e-04)
INFO:root:[41,   116] loss: 1.798377e-03 masks: 22.7 17.0 [wd: 4.58e-02] [lr: 1.00e-03] [mem: 5.65e+03] (174.4 ms)
INFO:root:[41,   116] grad_stats: [1.52e-04 1.98e-05] (2.90e-06, 3.00e-04)
INFO:root:[41,   232] loss: 1.811241e-03 masks: 22.3 17.1 [wd: 4.59e-02] [lr: 1.00e-03] [mem: 5.65e+03] (174.0 ms)
INFO:root:[41,   232] grad_stats: [3.09e-04 3.28e-05] (3.79e-06, 5.42e-04)
INFO:root:avg. loss 1.81124106e-03
INFO:root:time taken for epoch 0:00:53.958995
INFO:root:Epoch 42
INFO:root:[42,     0] loss: 1.690155e-03 masks: 18.0 20.0 [wd: 4.59e-02] [lr: 1.00e-03] [mem: 5.65e+03] (165.1 ms)
INFO:root:[42,     0] grad_stats: [1.21e-04 1.52e-05] (1.93e-06, 1.47e-04)
INFO:root:[42,   116] loss: 1.837006e-03 masks: 21.8 17.2 [wd: 4.61e-02] [lr: 1.00e-03] [mem: 5.65e+03] (172.4 ms)
INFO:root:[42,   116] grad_stats: [2.26e-04 1.64e-05] (2.93e-06, 2.75e-04)
INFO:root:[42,   232] loss: 1.856491e-03 masks: 21.2 17.4 [wd: 4.62e-02] [lr: 1.00e-03] [mem: 5.65e+03] (171.4 ms)
INFO:root:[42,   232] grad_stats: [1.74e-04 2.98e-05] (3.83e-06, 3.56e-04)
INFO:root:avg. loss 1.85649135e-03
INFO:root:time taken for epoch 0:00:53.338775
INFO:root:Epoch 43
INFO:root:[43,     0] loss: 2.109637e-03 masks: 24.0 16.0 [wd: 4.62e-02] [lr: 1.00e-03] [mem: 5.65e+03] (174.6 ms)
INFO:root:[43,     0] grad_stats: [1.75e-04 1.99e-05] (3.48e-06, 2.41e-04)
INFO:root:[43,   116] loss: 1.859061e-03 masks: 22.2 17.2 [wd: 4.64e-02] [lr: 1.00e-03] [mem: 5.65e+03] (173.3 ms)
INFO:root:[43,   116] grad_stats: [1.03e-04 1.61e-05] (2.75e-06, 1.41e-04)
INFO:root:[43,   232] loss: 1.862312e-03 masks: 21.8 17.3 [wd: 4.65e-02] [lr: 1.00e-03] [mem: 5.65e+03] (172.9 ms)
INFO:root:[43,   232] grad_stats: [2.63e-04 1.28e-05] (2.25e-06, 2.86e-04)
INFO:root:avg. loss 1.86231246e-03
INFO:root:time taken for epoch 0:00:53.700738
INFO:root:Epoch 44
INFO:root:[44,     0] loss: 1.793305e-03 masks: 23.0 16.0 [wd: 4.65e-02] [lr: 1.00e-03] [mem: 5.65e+03] (171.2 ms)
INFO:root:[44,     0] grad_stats: [3.67e-04 1.85e-05] (3.79e-06, 3.67e-04)
INFO:root:[44,   116] loss: 1.845198e-03 masks: 21.5 17.5 [wd: 4.67e-02] [lr: 1.00e-03] [mem: 5.65e+03] (171.9 ms)
INFO:root:[44,   116] grad_stats: [1.21e-04 1.67e-05] (3.18e-06, 2.21e-04)
INFO:root:[44,   232] loss: 1.860591e-03 masks: 21.9 17.3 [wd: 4.68e-02] [lr: 1.00e-03] [mem: 5.65e+03] (173.2 ms)
INFO:root:[44,   232] grad_stats: [1.06e-04 1.51e-05] (2.64e-06, 1.97e-04)
INFO:root:avg. loss 1.86059057e-03
INFO:root:time taken for epoch 0:00:53.783295
INFO:root:Epoch 45
INFO:root:[45,     0] loss: 2.117377e-03 masks: 17.0 16.0 [wd: 4.68e-02] [lr: 1.00e-03] [mem: 5.65e+03] (157.2 ms)
INFO:root:[45,     0] grad_stats: [1.25e-04 1.28e-05] (2.65e-06, 1.86e-04)
INFO:root:[45,   116] loss: 1.862342e-03 masks: 21.3 17.4 [wd: 4.70e-02] [lr: 1.00e-03] [mem: 5.65e+03] (171.3 ms)
INFO:root:[45,   116] grad_stats: [1.49e-04 1.05e-05] (2.56e-06, 1.85e-04)
INFO:root:[45,   232] loss: 1.875383e-03 masks: 22.1 17.2 [wd: 4.71e-02] [lr: 1.00e-03] [mem: 5.65e+03] (173.5 ms)
INFO:root:[45,   232] grad_stats: [1.91e-04 1.48e-05] (2.14e-06, 2.05e-04)
INFO:root:avg. loss 1.87538305e-03
INFO:root:time taken for epoch 0:00:53.878744
INFO:root:Epoch 46
INFO:root:[46,     0] loss: 1.928309e-03 masks: 35.0 12.0 [wd: 4.71e-02] [lr: 1.00e-03] [mem: 5.65e+03] (198.5 ms)
INFO:root:[46,     0] grad_stats: [2.22e-04 1.98e-05] (2.73e-06, 3.25e-04)
INFO:root:[46,   116] loss: 1.909485e-03 masks: 23.3 16.7 [wd: 4.73e-02] [lr: 1.00e-03] [mem: 5.65e+03] (175.8 ms)
INFO:root:[46,   116] grad_stats: [5.15e-04 2.60e-05] (6.69e-06, 5.15e-04)
INFO:root:[46,   232] loss: 1.920512e-03 masks: 22.3 17.2 [wd: 4.75e-02] [lr: 1.00e-03] [mem: 5.65e+03] (174.1 ms)
INFO:root:[46,   232] grad_stats: [2.11e-04 1.73e-05] (2.88e-06, 3.75e-04)
INFO:root:avg. loss 1.92051219e-03
INFO:root:time taken for epoch 0:00:54.000349
INFO:root:Epoch 47
INFO:root:[47,     0] loss: 2.104670e-03 masks: 36.0 12.0 [wd: 4.75e-02] [lr: 1.00e-03] [mem: 5.65e+03] (203.1 ms)
INFO:root:[47,     0] grad_stats: [2.23e-04 2.95e-05] (4.23e-06, 2.32e-04)
INFO:root:[47,   116] loss: 1.944849e-03 masks: 22.2 17.2 [wd: 4.76e-02] [lr: 1.00e-03] [mem: 5.65e+03] (173.2 ms)
INFO:root:[47,   116] grad_stats: [1.72e-04 1.97e-05] (2.42e-06, 2.05e-04)
INFO:root:[47,   232] loss: 1.955802e-03 masks: 22.0 17.3 [wd: 4.78e-02] [lr: 9.99e-04] [mem: 5.65e+03] (173.5 ms)
INFO:root:[47,   232] grad_stats: [1.15e-04 1.26e-05] (2.28e-06, 1.45e-04)
INFO:root:avg. loss 1.95580223e-03
INFO:root:time taken for epoch 0:00:53.859950
INFO:root:Epoch 48
INFO:root:[48,     0] loss: 2.301317e-03 masks: 24.0 16.0 [wd: 4.78e-02] [lr: 9.99e-04] [mem: 5.65e+03] (174.0 ms)
INFO:root:[48,     0] grad_stats: [1.62e-04 2.11e-05] (3.46e-06, 2.81e-04)
INFO:root:[48,   116] loss: 1.965321e-03 masks: 21.5 17.6 [wd: 4.80e-02] [lr: 9.99e-04] [mem: 5.65e+03] (172.1 ms)
INFO:root:[48,   116] grad_stats: [1.59e-04 2.44e-05] (2.42e-06, 3.15e-04)
INFO:root:[48,   232] loss: 1.987134e-03 masks: 21.8 17.5 [wd: 4.81e-02] [lr: 9.99e-04] [mem: 5.65e+03] (173.4 ms)
INFO:root:[48,   232] grad_stats: [2.82e-04 1.90e-05] (4.22e-06, 3.02e-04)
INFO:root:avg. loss 1.98713378e-03
INFO:root:time taken for epoch 0:00:53.877659
INFO:root:Epoch 49
INFO:root:[49,     0] loss: 2.144913e-03 masks: 23.0 16.0 [wd: 4.81e-02] [lr: 9.99e-04] [mem: 5.65e+03] (171.4 ms)
INFO:root:[49,     0] grad_stats: [2.84e-04 1.32e-05] (3.00e-06, 2.90e-04)
INFO:root:[49,   116] loss: 2.037762e-03 masks: 21.6 17.3 [wd: 4.83e-02] [lr: 9.99e-04] [mem: 5.65e+03] (171.8 ms)
INFO:root:[49,   116] grad_stats: [1.69e-04 2.01e-05] (2.53e-06, 2.50e-04)
INFO:root:[49,   232] loss: 2.029702e-03 masks: 21.8 17.3 [wd: 4.85e-02] [lr: 9.99e-04] [mem: 5.65e+03] (173.1 ms)
INFO:root:[49,   232] grad_stats: [2.66e-04 1.76e-05] (3.05e-06, 2.66e-04)
INFO:root:avg. loss 2.02970245e-03
INFO:root:time taken for epoch 0:00:53.768084
INFO:root:Epoch 50
INFO:root:[50,     0] loss: 2.175356e-03 masks: 14.0 20.0 [wd: 4.85e-02] [lr: 9.99e-04] [mem: 5.65e+03] (153.2 ms)
INFO:root:[50,     0] grad_stats: [1.58e-04 1.79e-05] (3.67e-06, 3.41e-04)
INFO:root:[50,   116] loss: 2.067853e-03 masks: 22.6 16.9 [wd: 4.86e-02] [lr: 9.99e-04] [mem: 5.65e+03] (174.2 ms)
INFO:root:[50,   116] grad_stats: [1.85e-04 1.56e-05] (3.37e-06, 4.14e-04)
INFO:root:[50,   232] loss: 2.070990e-03 masks: 22.1 17.2 [wd: 4.88e-02] [lr: 9.99e-04] [mem: 5.65e+03] (173.7 ms)
INFO:root:[50,   232] grad_stats: [3.89e-04 2.35e-05] (4.42e-06, 3.89e-04)
INFO:root:avg. loss 2.07098987e-03
INFO:root:time taken for epoch 0:00:53.879682
INFO:root:Epoch 51
INFO:root:[51,     0] loss: 2.328630e-03 masks: 23.0 16.0 [wd: 4.88e-02] [lr: 9.99e-04] [mem: 5.65e+03] (169.8 ms)
INFO:root:[51,     0] grad_stats: [1.54e-04 1.34e-05] (2.84e-06, 1.88e-04)
INFO:root:[51,   116] loss: 2.101900e-03 masks: 21.8 17.2 [wd: 4.90e-02] [lr: 9.99e-04] [mem: 5.65e+03] (172.5 ms)
INFO:root:[51,   116] grad_stats: [1.04e-04 2.68e-05] (2.89e-06, 1.78e-04)
INFO:root:[51,   232] loss: 2.125079e-03 masks: 21.8 17.3 [wd: 4.92e-02] [lr: 9.99e-04] [mem: 5.65e+03] (173.0 ms)
INFO:root:[51,   232] grad_stats: [4.19e-04 1.90e-05] (3.60e-06, 4.19e-04)
INFO:root:avg. loss 2.12507881e-03
INFO:root:time taken for epoch 0:00:53.721995
INFO:root:Epoch 52
INFO:root:[52,     0] loss: 2.116175e-03 masks: 12.0 20.0 [wd: 4.92e-02] [lr: 9.99e-04] [mem: 5.65e+03] (146.3 ms)
INFO:root:[52,     0] grad_stats: [1.94e-04 1.27e-05] (2.20e-06, 2.37e-04)
INFO:root:[52,   116] loss: 2.170429e-03 masks: 22.3 17.1 [wd: 4.93e-02] [lr: 9.98e-04] [mem: 5.65e+03] (173.7 ms)
INFO:root:[52,   116] grad_stats: [3.61e-04 2.92e-05] (4.60e-06, 3.61e-04)
INFO:root:[52,   232] loss: 2.176829e-03 masks: 22.0 17.3 [wd: 4.95e-02] [lr: 9.98e-04] [mem: 5.65e+03] (173.7 ms)
INFO:root:[52,   232] grad_stats: [1.95e-04 1.60e-05] (3.15e-06, 2.47e-04)
INFO:root:avg. loss 2.17682878e-03
INFO:root:time taken for epoch 0:00:53.963807
INFO:root:Epoch 53
INFO:root:[53,     0] loss: 2.409330e-03 masks: 21.0 16.0 [wd: 4.95e-02] [lr: 9.98e-04] [mem: 5.65e+03] (168.0 ms)
INFO:root:[53,     0] grad_stats: [3.16e-04 2.00e-05] (3.07e-06, 3.28e-04)
INFO:root:[53,   116] loss: 2.232543e-03 masks: 21.6 17.5 [wd: 4.97e-02] [lr: 9.98e-04] [mem: 5.65e+03] (172.4 ms)
INFO:root:[53,   116] grad_stats: [2.16e-04 2.09e-05] (2.27e-06, 3.23e-04)
INFO:root:[53,   232] loss: 2.208336e-03 masks: 21.8 17.5 [wd: 4.99e-02] [lr: 9.98e-04] [mem: 5.65e+03] (173.4 ms)
INFO:root:[53,   232] grad_stats: [1.99e-04 1.42e-05] (2.41e-06, 2.79e-04)
INFO:root:avg. loss 2.20833627e-03
INFO:root:time taken for epoch 0:00:53.739502
INFO:root:Epoch 54
INFO:root:[54,     0] loss: 2.454510e-03 masks: 23.0 16.0 [wd: 4.99e-02] [lr: 9.98e-04] [mem: 5.65e+03] (171.3 ms)
INFO:root:[54,     0] grad_stats: [2.71e-04 2.04e-05] (4.02e-06, 4.68e-04)
INFO:root:[54,   116] loss: 2.296728e-03 masks: 21.8 17.1 [wd: 5.01e-02] [lr: 9.98e-04] [mem: 5.65e+03] (172.2 ms)
INFO:root:[54,   116] grad_stats: [3.17e-04 2.23e-05] (4.84e-06, 4.05e-04)
INFO:root:[54,   232] loss: 2.297327e-03 masks: 22.4 17.0 [wd: 5.03e-02] [lr: 9.98e-04] [mem: 5.65e+03] (174.0 ms)
INFO:root:[54,   232] grad_stats: [1.52e-04 1.76e-05] (2.27e-06, 2.10e-04)
INFO:root:avg. loss 2.29732662e-03
INFO:root:time taken for epoch 0:00:54.014759
INFO:root:Epoch 55
INFO:root:[55,     0] loss: 1.898478e-03 masks: 20.0 20.0 [wd: 5.03e-02] [lr: 9.98e-04] [mem: 5.65e+03] (169.4 ms)
INFO:root:[55,     0] grad_stats: [1.94e-04 1.95e-05] (3.16e-06, 3.80e-04)
INFO:root:[55,   116] loss: 2.266704e-03 masks: 21.4 17.6 [wd: 5.05e-02] [lr: 9.98e-04] [mem: 5.65e+03] (171.8 ms)
INFO:root:[55,   116] grad_stats: [1.16e-04 1.34e-05] (2.32e-06, 1.16e-04)
INFO:root:[55,   232] loss: 2.263301e-03 masks: 21.0 17.7 [wd: 5.06e-02] [lr: 9.97e-04] [mem: 5.65e+03] (171.3 ms)
INFO:root:[55,   232] grad_stats: [1.59e-04 1.19e-05] (3.18e-06, 2.84e-04)
INFO:root:avg. loss 2.26330068e-03
INFO:root:time taken for epoch 0:00:53.330564
INFO:root:Epoch 56
INFO:root:[56,     0] loss: 2.195518e-03 masks: 15.0 20.0 [wd: 5.06e-02] [lr: 9.97e-04] [mem: 5.65e+03] (157.9 ms)
INFO:root:[56,     0] grad_stats: [1.77e-04 1.89e-05] (2.18e-06, 2.47e-04)
INFO:root:[56,   116] loss: 2.297291e-03 masks: 21.7 17.4 [wd: 5.08e-02] [lr: 9.97e-04] [mem: 5.65e+03] (172.4 ms)
INFO:root:[56,   116] grad_stats: [1.75e-04 1.36e-05] (2.54e-06, 2.48e-04)
INFO:root:[56,   232] loss: 2.264314e-03 masks: 21.6 17.6 [wd: 5.10e-02] [lr: 9.97e-04] [mem: 5.65e+03] (172.8 ms)
INFO:root:[56,   232] grad_stats: [1.19e-04 1.21e-05] (2.23e-06, 1.72e-04)
INFO:root:avg. loss 2.26431438e-03
INFO:root:time taken for epoch 0:00:53.489152
INFO:root:Epoch 57
INFO:root:[57,     0] loss: 2.625693e-03 masks: 17.0 16.0 [wd: 5.10e-02] [lr: 9.97e-04] [mem: 5.65e+03] (155.3 ms)
INFO:root:[57,     0] grad_stats: [1.50e-04 1.52e-05] (2.53e-06, 2.91e-04)
INFO:root:[57,   116] loss: 2.278501e-03 masks: 21.6 17.4 [wd: 5.12e-02] [lr: 9.97e-04] [mem: 5.65e+03] (172.2 ms)
INFO:root:[57,   116] grad_stats: [1.54e-04 2.34e-05] (3.91e-06, 2.35e-04)
INFO:root:[57,   232] loss: 2.313911e-03 masks: 22.2 17.2 [wd: 5.14e-02] [lr: 9.97e-04] [mem: 5.65e+03] (174.0 ms)
INFO:root:[57,   232] grad_stats: [2.24e-04 1.92e-05] (4.85e-06, 3.49e-04)
INFO:root:avg. loss 2.31391105e-03
INFO:root:time taken for epoch 0:00:54.013851
INFO:root:Epoch 58
INFO:root:[58,     0] loss: 2.346927e-03 masks: 16.0 20.0 [wd: 5.14e-02] [lr: 9.97e-04] [mem: 5.65e+03] (158.6 ms)
INFO:root:[58,     0] grad_stats: [2.14e-04 1.54e-05] (2.73e-06, 2.14e-04)
INFO:root:[58,   116] loss: 2.412585e-03 masks: 21.3 17.5 [wd: 5.16e-02] [lr: 9.96e-04] [mem: 5.65e+03] (171.6 ms)
INFO:root:[58,   116] grad_stats: [1.65e-04 1.25e-05] (2.66e-06, 2.23e-04)
INFO:root:[58,   232] loss: 2.400830e-03 masks: 21.9 17.3 [wd: 5.18e-02] [lr: 9.96e-04] [mem: 5.65e+03] (173.4 ms)
INFO:root:[58,   232] grad_stats: [2.55e-04 1.73e-05] (3.39e-06, 4.21e-04)
INFO:root:avg. loss 2.40082981e-03
INFO:root:time taken for epoch 0:00:53.832680
INFO:root:Epoch 59
INFO:root:[59,     0] loss: 2.372496e-03 masks: 17.0 20.0 [wd: 5.18e-02] [lr: 9.96e-04] [mem: 5.65e+03] (161.4 ms)
INFO:root:[59,     0] grad_stats: [1.27e-04 8.92e-06] (1.95e-06, 1.80e-04)
INFO:root:[59,   116] loss: 2.420804e-03 masks: 23.1 16.9 [wd: 5.20e-02] [lr: 9.96e-04] [mem: 5.65e+03] (175.6 ms)
INFO:root:[59,   116] grad_stats: [1.61e-04 1.52e-05] (3.66e-06, 3.02e-04)
INFO:root:[59,   232] loss: 2.459965e-03 masks: 22.7 17.0 [wd: 5.22e-02] [lr: 9.96e-04] [mem: 5.65e+03] (175.3 ms)
INFO:root:[59,   232] grad_stats: [3.44e-04 1.71e-05] (3.87e-06, 3.44e-04)
INFO:root:avg. loss 2.45996539e-03
INFO:root:time taken for epoch 0:00:54.218700
INFO:root:Epoch 60
INFO:root:[60,     0] loss: 2.195542e-03 masks: 19.0 20.0 [wd: 5.22e-02] [lr: 9.96e-04] [mem: 5.65e+03] (168.5 ms)
INFO:root:[60,     0] grad_stats: [2.03e-04 1.34e-05] (3.37e-06, 2.90e-04)
INFO:root:[60,   116] loss: 2.525110e-03 masks: 21.2 17.5 [wd: 5.24e-02] [lr: 9.96e-04] [mem: 5.65e+03] (171.2 ms)
INFO:root:[60,   116] grad_stats: [9.54e-05 1.17e-05] (2.31e-06, 1.53e-04)
INFO:root:[60,   232] loss: 2.565805e-03 masks: 21.3 17.3 [wd: 5.26e-02] [lr: 9.95e-04] [mem: 5.65e+03] (171.8 ms)
INFO:root:[60,   232] grad_stats: [2.16e-04 2.33e-05] (5.16e-06, 3.75e-04)
INFO:root:avg. loss 2.56580509e-03
INFO:root:time taken for epoch 0:00:53.446135
INFO:root:Epoch 61
INFO:root:[61,     0] loss: 2.295975e-03 masks: 17.0 20.0 [wd: 5.26e-02] [lr: 9.95e-04] [mem: 5.65e+03] (162.1 ms)
INFO:root:[61,     0] grad_stats: [1.62e-04 1.13e-05] (2.19e-06, 1.87e-04)
INFO:root:[61,   116] loss: 2.575458e-03 masks: 21.5 17.4 [wd: 5.29e-02] [lr: 9.95e-04] [mem: 5.65e+03] (172.0 ms)
INFO:root:[61,   116] grad_stats: [2.21e-04 1.95e-05] (4.68e-06, 4.52e-04)
INFO:root:[61,   232] loss: 2.595660e-03 masks: 21.2 17.4 [wd: 5.31e-02] [lr: 9.95e-04] [mem: 5.65e+03] (171.7 ms)
INFO:root:[61,   232] grad_stats: [1.11e-04 1.95e-05] (2.54e-06, 1.61e-04)
INFO:root:avg. loss 2.59566022e-03
INFO:root:time taken for epoch 0:00:53.274869
INFO:root:Epoch 62
INFO:root:[62,     0] loss: 2.646923e-03 masks: 27.0 16.0 [wd: 5.31e-02] [lr: 9.95e-04] [mem: 5.65e+03] (185.1 ms)
INFO:root:[62,     0] grad_stats: [2.16e-04 2.34e-05] (4.93e-06, 2.60e-04)
INFO:root:[62,   116] loss: 2.570650e-03 masks: 21.9 17.5 [wd: 5.33e-02] [lr: 9.95e-04] [mem: 5.65e+03] (173.2 ms)
INFO:root:[62,   116] grad_stats: [2.60e-04 1.53e-05] (3.16e-06, 3.49e-04)
INFO:root:[62,   232] loss: 2.601348e-03 masks: 21.7 17.4 [wd: 5.35e-02] [lr: 9.94e-04] [mem: 5.65e+03] (173.1 ms)
INFO:root:[62,   232] grad_stats: [1.62e-04 1.03e-05] (2.59e-06, 2.36e-04)
INFO:root:avg. loss 2.60134791e-03
INFO:root:time taken for epoch 0:00:53.757089
INFO:root:Epoch 63
INFO:root:[63,     0] loss: 3.200929e-03 masks: 35.0 12.0 [wd: 5.35e-02] [lr: 9.94e-04] [mem: 5.65e+03] (199.7 ms)
INFO:root:[63,     0] grad_stats: [2.22e-04 2.36e-05] (3.35e-06, 3.78e-04)
INFO:root:[63,   116] loss: 2.634933e-03 masks: 21.9 17.3 [wd: 5.37e-02] [lr: 9.94e-04] [mem: 5.65e+03] (172.8 ms)
INFO:root:[63,   116] grad_stats: [2.08e-04 1.46e-05] (3.07e-06, 2.24e-04)
INFO:root:[63,   232] loss: 2.674357e-03 masks: 21.6 17.3 [wd: 5.39e-02] [lr: 9.94e-04] [mem: 5.65e+03] (172.5 ms)
INFO:root:[63,   232] grad_stats: [2.20e-04 2.15e-05] (4.18e-06, 3.08e-04)
INFO:root:avg. loss 2.67435682e-03
INFO:root:time taken for epoch 0:00:53.655664
INFO:root:Epoch 64
INFO:root:[64,     0] loss: 2.350616e-03 masks: 19.0 20.0 [wd: 5.39e-02] [lr: 9.94e-04] [mem: 5.65e+03] (166.2 ms)
INFO:root:[64,     0] grad_stats: [1.57e-04 1.23e-05] (2.08e-06, 1.57e-04)
INFO:root:[64,   116] loss: 2.718212e-03 masks: 22.2 17.2 [wd: 5.41e-02] [lr: 9.94e-04] [mem: 5.65e+03] (173.8 ms)
INFO:root:[64,   116] grad_stats: [1.86e-04 1.69e-05] (2.84e-06, 1.86e-04)
INFO:root:[64,   232] loss: 2.751298e-03 masks: 21.7 17.4 [wd: 5.44e-02] [lr: 9.93e-04] [mem: 5.65e+03] (173.0 ms)
INFO:root:[64,   232] grad_stats: [1.19e-04 1.56e-05] (3.24e-06, 1.83e-04)
INFO:root:avg. loss 2.75129760e-03
INFO:root:time taken for epoch 0:00:53.611828
INFO:root:Epoch 65
INFO:root:[65,     0] loss: 2.703053e-03 masks: 17.0 20.0 [wd: 5.44e-02] [lr: 9.93e-04] [mem: 5.65e+03] (162.3 ms)
INFO:root:[65,     0] grad_stats: [2.53e-04 1.24e-05] (2.44e-06, 3.45e-04)
INFO:root:[65,   116] loss: 2.791926e-03 masks: 21.8 17.3 [wd: 5.46e-02] [lr: 9.93e-04] [mem: 5.65e+03] (172.5 ms)
INFO:root:[65,   116] grad_stats: [1.87e-04 1.61e-05] (3.67e-06, 2.27e-04)
INFO:root:[65,   232] loss: 2.809479e-03 masks: 22.0 17.3 [wd: 5.48e-02] [lr: 9.93e-04] [mem: 5.65e+03] (173.7 ms)
INFO:root:[65,   232] grad_stats: [1.10e-04 1.95e-05] (3.75e-06, 2.03e-04)
INFO:root:avg. loss 2.80947873e-03
INFO:root:time taken for epoch 0:00:53.948155
INFO:root:Epoch 66
INFO:root:[66,     0] loss: 3.166257e-03 masks: 20.0 16.0 [wd: 5.48e-02] [lr: 9.93e-04] [mem: 5.65e+03] (164.6 ms)
INFO:root:[66,     0] grad_stats: [1.41e-04 1.57e-05] (2.99e-06, 1.41e-04)
INFO:root:[66,   116] loss: 2.878168e-03 masks: 22.6 16.9 [wd: 5.50e-02] [lr: 9.92e-04] [mem: 5.65e+03] (174.2 ms)
INFO:root:[66,   116] grad_stats: [2.09e-04 3.69e-05] (4.40e-06, 4.17e-04)
INFO:root:[66,   232] loss: 2.884969e-03 masks: 22.4 17.0 [wd: 5.53e-02] [lr: 9.92e-04] [mem: 5.65e+03] (174.3 ms)
INFO:root:[66,   232] grad_stats: [1.12e-04 1.46e-05] (2.42e-06, 1.88e-04)
INFO:root:avg. loss 2.88496929e-03
INFO:root:time taken for epoch 0:00:53.973938
INFO:root:Epoch 67
INFO:root:[67,     0] loss: 3.458764e-03 masks: 17.0 16.0 [wd: 5.53e-02] [lr: 9.92e-04] [mem: 5.65e+03] (156.5 ms)
INFO:root:[67,     0] grad_stats: [2.01e-04 1.52e-05] (2.06e-06, 2.01e-04)
INFO:root:[67,   116] loss: 2.946276e-03 masks: 22.1 17.2 [wd: 5.55e-02] [lr: 9.92e-04] [mem: 5.65e+03] (173.4 ms)
INFO:root:[67,   116] grad_stats: [1.38e-04 1.29e-05] (2.53e-06, 2.41e-04)
INFO:root:[67,   232] loss: 2.949945e-03 masks: 22.0 17.2 [wd: 5.57e-02] [lr: 9.92e-04] [mem: 5.65e+03] (173.6 ms)
INFO:root:[67,   232] grad_stats: [8.95e-05 1.33e-05] (1.97e-06, 1.58e-04)
INFO:root:avg. loss 2.94994480e-03
INFO:root:time taken for epoch 0:00:53.857587
INFO:root:Epoch 68
INFO:root:[68,     0] loss: 2.567949e-03 masks: 16.0 20.0 [wd: 5.57e-02] [lr: 9.92e-04] [mem: 5.65e+03] (157.1 ms)
INFO:root:[68,     0] grad_stats: [1.73e-04 9.87e-06] (2.47e-06, 1.73e-04)
INFO:root:[68,   116] loss: 2.972684e-03 masks: 21.3 17.5 [wd: 5.59e-02] [lr: 9.91e-04] [mem: 5.65e+03] (171.4 ms)
INFO:root:[68,   116] grad_stats: [1.32e-04 1.82e-05] (4.28e-06, 2.18e-04)
INFO:root:[68,   232] loss: 2.961200e-03 masks: 21.6 17.4 [wd: 5.62e-02] [lr: 9.91e-04] [mem: 5.65e+03] (172.7 ms)
INFO:root:[68,   232] grad_stats: [1.43e-04 1.28e-05] (2.95e-06, 3.29e-04)
INFO:root:avg. loss 2.96119952e-03
INFO:root:time taken for epoch 0:00:53.730047
INFO:root:Epoch 69
INFO:root:[69,     0] loss: 2.400054e-03 masks: 23.0 20.0 [wd: 5.62e-02] [lr: 9.91e-04] [mem: 5.65e+03] (178.2 ms)
INFO:root:[69,     0] grad_stats: [2.26e-04 1.41e-05] (2.98e-06, 2.41e-04)
INFO:root:[69,   116] loss: 2.949183e-03 masks: 22.2 17.3 [wd: 5.64e-02] [lr: 9.91e-04] [mem: 5.65e+03] (173.7 ms)
INFO:root:[69,   116] grad_stats: [9.40e-05 1.28e-05] (3.20e-06, 1.52e-04)
INFO:root:[69,   232] loss: 2.996633e-03 masks: 22.5 17.1 [wd: 5.67e-02] [lr: 9.90e-04] [mem: 5.65e+03] (174.7 ms)
INFO:root:[69,   232] grad_stats: [8.06e-05 1.15e-05] (1.96e-06, 1.36e-04)
INFO:root:avg. loss 2.99663313e-03
INFO:root:time taken for epoch 0:00:54.150450
INFO:root:Epoch 70
INFO:root:[70,     0] loss: 2.923660e-03 masks: 14.0 20.0 [wd: 5.67e-02] [lr: 9.90e-04] [mem: 5.65e+03] (153.9 ms)
INFO:root:[70,     0] grad_stats: [1.71e-04 9.42e-06] (2.99e-06, 1.93e-04)
INFO:root:[70,   116] loss: 3.016456e-03 masks: 21.4 17.4 [wd: 5.69e-02] [lr: 9.90e-04] [mem: 5.65e+03] (171.9 ms)
INFO:root:[70,   116] grad_stats: [1.56e-04 9.07e-06] (1.93e-06, 1.69e-04)
INFO:root:[70,   232] loss: 3.013134e-03 masks: 21.4 17.6 [wd: 5.71e-02] [lr: 9.90e-04] [mem: 5.65e+03] (172.3 ms)
INFO:root:[70,   232] grad_stats: [2.46e-04 2.13e-05] (3.17e-06, 2.46e-04)
INFO:root:avg. loss 3.01313402e-03
INFO:root:time taken for epoch 0:00:53.535130
INFO:root:Epoch 71
INFO:root:[71,     0] loss: 3.211330e-03 masks: 23.0 16.0 [wd: 5.71e-02] [lr: 9.90e-04] [mem: 5.65e+03] (171.7 ms)
INFO:root:[71,     0] grad_stats: [2.42e-04 1.84e-05] (3.99e-06, 3.45e-04)
INFO:root:[71,   116] loss: 3.091166e-03 masks: 22.3 17.2 [wd: 5.74e-02] [lr: 9.89e-04] [mem: 5.65e+03] (173.8 ms)
INFO:root:[71,   116] grad_stats: [1.80e-04 2.01e-05] (3.78e-06, 2.45e-04)
INFO:root:[71,   232] loss: 3.073829e-03 masks: 21.8 17.5 [wd: 5.76e-02] [lr: 9.89e-04] [mem: 5.65e+03] (173.5 ms)
INFO:root:[71,   232] grad_stats: [1.96e-04 1.58e-05] (3.03e-06, 1.96e-04)
INFO:root:avg. loss 3.07382864e-03
INFO:root:time taken for epoch 0:00:53.896730
INFO:root:Epoch 72
INFO:root:[72,     0] loss: 3.322972e-03 masks: 33.0 12.0 [wd: 5.76e-02] [lr: 9.89e-04] [mem: 5.65e+03] (193.5 ms)
INFO:root:[72,     0] grad_stats: [2.83e-04 2.00e-05] (4.66e-06, 3.76e-04)
INFO:root:[72,   116] loss: 3.120125e-03 masks: 21.1 17.7 [wd: 5.79e-02] [lr: 9.88e-04] [mem: 5.65e+03] (171.6 ms)
INFO:root:[72,   116] grad_stats: [5.07e-04 3.46e-05] (5.69e-06, 6.61e-04)
INFO:root:[72,   232] loss: 3.185578e-03 masks: 21.8 17.3 [wd: 5.81e-02] [lr: 9.88e-04] [mem: 5.65e+03] (173.3 ms)
INFO:root:[72,   232] grad_stats: [1.52e-04 1.85e-05] (4.72e-06, 2.88e-04)
INFO:root:avg. loss 3.18557795e-03
INFO:root:time taken for epoch 0:00:53.826750
INFO:root:Epoch 73
INFO:root:[73,     0] loss: 3.709703e-03 masks: 36.0 12.0 [wd: 5.81e-02] [lr: 9.88e-04] [mem: 5.65e+03] (203.7 ms)
INFO:root:[73,     0] grad_stats: [1.49e-04 1.77e-05] (3.88e-06, 2.22e-04)
INFO:root:[73,   116] loss: 3.205484e-03 masks: 22.4 17.0 [wd: 5.84e-02] [lr: 9.88e-04] [mem: 5.65e+03] (174.0 ms)
INFO:root:[73,   116] grad_stats: [1.40e-04 2.18e-05] (3.68e-06, 2.44e-04)
INFO:root:[73,   232] loss: 3.270537e-03 masks: 22.3 17.0 [wd: 5.86e-02] [lr: 9.87e-04] [mem: 5.65e+03] (174.0 ms)
INFO:root:[73,   232] grad_stats: [4.06e-04 2.20e-05] (4.58e-06, 4.06e-04)
INFO:root:avg. loss 3.27053731e-03
INFO:root:time taken for epoch 0:00:53.934723
INFO:root:Epoch 74
INFO:root:[74,     0] loss: 3.302450e-03 masks: 25.0 16.0 [wd: 5.86e-02] [lr: 9.87e-04] [mem: 5.65e+03] (178.3 ms)
INFO:root:[74,     0] grad_stats: [1.60e-04 1.84e-05] (3.58e-06, 2.01e-04)
INFO:root:[74,   116] loss: 3.289816e-03 masks: 23.1 16.9 [wd: 5.89e-02] [lr: 9.87e-04] [mem: 5.65e+03] (175.7 ms)
INFO:root:[74,   116] grad_stats: [1.79e-04 1.64e-05] (3.14e-06, 2.60e-04)
INFO:root:[74,   232] loss: 3.317151e-03 masks: 22.3 17.0 [wd: 5.91e-02] [lr: 9.87e-04] [mem: 5.65e+03] (174.4 ms)
INFO:root:[74,   232] grad_stats: [5.11e-04 2.51e-05] (5.71e-06, 5.11e-04)
INFO:root:avg. loss 3.31715072e-03
INFO:root:time taken for epoch 0:00:54.024509
INFO:root:Epoch 75
INFO:root:[75,     0] loss: 3.303144e-03 masks: 26.0 16.0 [wd: 5.91e-02] [lr: 9.87e-04] [mem: 5.65e+03] (182.5 ms)
INFO:root:[75,     0] grad_stats: [1.38e-04 1.41e-05] (3.97e-06, 3.58e-04)
INFO:root:[75,   116] loss: 3.303563e-03 masks: 21.3 17.5 [wd: 5.94e-02] [lr: 9.86e-04] [mem: 5.65e+03] (171.7 ms)
INFO:root:[75,   116] grad_stats: [3.10e-04 1.70e-05] (4.08e-06, 3.10e-04)
INFO:root:[75,   232] loss: 3.325749e-03 masks: 22.2 17.3 [wd: 5.96e-02] [lr: 9.86e-04] [mem: 5.65e+03] (174.2 ms)
INFO:root:[75,   232] grad_stats: [1.26e-04 1.46e-05] (3.83e-06, 2.45e-04)
INFO:root:avg. loss 3.32574900e-03
INFO:root:time taken for epoch 0:00:54.000720
INFO:root:Epoch 76
INFO:root:[76,     0] loss: 3.048864e-03 masks: 20.0 20.0 [wd: 5.96e-02] [lr: 9.86e-04] [mem: 5.65e+03] (170.6 ms)
INFO:root:[76,     0] grad_stats: [1.16e-04 1.47e-05] (3.75e-06, 2.97e-04)
INFO:root:[76,   116] loss: 3.389909e-03 masks: 21.5 17.5 [wd: 5.99e-02] [lr: 9.85e-04] [mem: 5.65e+03] (172.1 ms)
INFO:root:[76,   116] grad_stats: [1.08e-04 1.81e-05] (3.50e-06, 2.10e-04)
INFO:root:[76,   232] loss: 3.393423e-03 masks: 21.6 17.5 [wd: 6.01e-02] [lr: 9.85e-04] [mem: 5.65e+03] (172.7 ms)
INFO:root:[76,   232] grad_stats: [2.96e-04 2.07e-05] (4.75e-06, 5.20e-04)
INFO:root:avg. loss 3.39342253e-03
INFO:root:time taken for epoch 0:00:53.601519
INFO:root:Epoch 77
INFO:root:[77,     0] loss: 3.455936e-03 masks: 25.0 16.0 [wd: 6.01e-02] [lr: 9.85e-04] [mem: 5.65e+03] (178.0 ms)
INFO:root:[77,     0] grad_stats: [3.95e-04 2.31e-05] (6.11e-06, 5.11e-04)
INFO:root:[77,   116] loss: 3.510715e-03 masks: 23.2 16.8 [wd: 6.04e-02] [lr: 9.85e-04] [mem: 5.65e+03] (175.8 ms)
INFO:root:[77,   116] grad_stats: [1.38e-04 1.56e-05] (2.64e-06, 2.07e-04)
INFO:root:[77,   232] loss: 3.519538e-03 masks: 22.2 17.1 [wd: 6.07e-02] [lr: 9.84e-04] [mem: 5.65e+03] (174.1 ms)
INFO:root:[77,   232] grad_stats: [1.26e-04 1.12e-05] (2.66e-06, 2.37e-04)
INFO:root:avg. loss 3.51953804e-03
INFO:root:time taken for epoch 0:00:54.012127
INFO:root:Epoch 78
INFO:root:[78,     0] loss: 3.754217e-03 masks: 33.0 12.0 [wd: 6.07e-02] [lr: 9.84e-04] [mem: 5.65e+03] (192.9 ms)
INFO:root:[78,     0] grad_stats: [2.87e-04 1.78e-05] (4.07e-06, 3.74e-04)
INFO:root:[78,   116] loss: 3.514312e-03 masks: 21.8 17.4 [wd: 6.09e-02] [lr: 9.84e-04] [mem: 5.65e+03] (172.9 ms)
INFO:root:[78,   116] grad_stats: [2.75e-04 1.81e-05] (5.34e-06, 4.11e-04)
INFO:root:[78,   232] loss: 3.551662e-03 masks: 21.8 17.3 [wd: 6.12e-02] [lr: 9.83e-04] [mem: 5.65e+03] (173.2 ms)
INFO:root:[78,   232] grad_stats: [1.34e-04 1.48e-05] (2.43e-06, 2.23e-04)
INFO:root:avg. loss 3.55166182e-03
INFO:root:time taken for epoch 0:00:53.805237
INFO:root:Epoch 79
INFO:root:[79,     0] loss: 4.212102e-03 masks: 21.0 16.0 [wd: 6.12e-02] [lr: 9.83e-04] [mem: 5.65e+03] (167.8 ms)
INFO:root:[79,     0] grad_stats: [1.63e-04 1.68e-05] (3.06e-06, 2.44e-04)
INFO:root:[79,   116] loss: 3.595455e-03 masks: 22.0 17.4 [wd: 6.15e-02] [lr: 9.83e-04] [mem: 5.65e+03] (173.8 ms)
INFO:root:[79,   116] grad_stats: [1.30e-04 1.27e-05] (2.78e-06, 3.00e-04)
INFO:root:[79,   232] loss: 3.625267e-03 masks: 22.0 17.2 [wd: 6.17e-02] [lr: 9.82e-04] [mem: 5.65e+03] (173.7 ms)
INFO:root:[79,   232] grad_stats: [1.87e-04 1.79e-05] (4.14e-06, 3.23e-04)
INFO:root:avg. loss 3.62526664e-03
INFO:root:time taken for epoch 0:00:53.870027
INFO:root:Epoch 80
INFO:root:[80,     0] loss: 3.517424e-03 masks: 15.0 20.0 [wd: 6.17e-02] [lr: 9.82e-04] [mem: 5.65e+03] (154.2 ms)
INFO:root:[80,     0] grad_stats: [8.81e-05 1.18e-05] (2.60e-06, 1.64e-04)
INFO:root:[80,   116] loss: 3.648014e-03 masks: 22.0 17.2 [wd: 6.20e-02] [lr: 9.82e-04] [mem: 5.65e+03] (173.1 ms)
INFO:root:[80,   116] grad_stats: [1.17e-04 2.28e-05] (3.69e-06, 2.34e-04)
INFO:root:[80,   232] loss: 3.664826e-03 masks: 21.7 17.3 [wd: 6.23e-02] [lr: 9.81e-04] [mem: 5.65e+03] (173.1 ms)
INFO:root:[80,   232] grad_stats: [1.80e-04 2.02e-05] (5.89e-06, 5.70e-04)
INFO:root:avg. loss 3.66482619e-03
INFO:root:time taken for epoch 0:00:54.937088
INFO:root:Epoch 81
INFO:root:[81,     0] loss: 3.578609e-03 masks: 19.0 20.0 [wd: 6.23e-02] [lr: 9.81e-04] [mem: 5.65e+03] (169.4 ms)
INFO:root:[81,     0] grad_stats: [2.11e-04 1.93e-05] (4.07e-06, 2.11e-04)
INFO:root:[81,   116] loss: 3.709356e-03 masks: 22.2 17.2 [wd: 6.25e-02] [lr: 9.81e-04] [mem: 5.65e+03] (173.7 ms)
INFO:root:[81,   116] grad_stats: [2.42e-04 1.73e-05] (5.48e-06, 5.94e-04)
INFO:root:[81,   232] loss: 3.739631e-03 masks: 22.1 17.2 [wd: 6.28e-02] [lr: 9.81e-04] [mem: 5.65e+03] (174.0 ms)
INFO:root:[81,   232] grad_stats: [9.31e-05 1.65e-05] (4.04e-06, 2.64e-04)
INFO:root:avg. loss 3.73963127e-03
INFO:root:time taken for epoch 0:00:53.969001
INFO:root:Epoch 82
INFO:root:[82,     0] loss: 3.908020e-03 masks: 23.0 16.0 [wd: 6.28e-02] [lr: 9.81e-04] [mem: 5.65e+03] (170.4 ms)
INFO:root:[82,     0] grad_stats: [1.66e-04 1.38e-05] (3.80e-06, 3.04e-04)
INFO:root:[82,   116] loss: 3.729902e-03 masks: 21.4 17.7 [wd: 6.31e-02] [lr: 9.80e-04] [mem: 5.65e+03] (172.2 ms)
INFO:root:[82,   116] grad_stats: [1.18e-04 1.17e-05] (2.49e-06, 2.76e-04)
INFO:root:[82,   232] loss: 3.753583e-03 masks: 21.7 17.5 [wd: 6.34e-02] [lr: 9.80e-04] [mem: 5.65e+03] (173.2 ms)
INFO:root:[82,   232] grad_stats: [1.97e-04 1.32e-05] (3.80e-06, 3.25e-04)
INFO:root:avg. loss 3.75358349e-03
INFO:root:time taken for epoch 0:00:53.832606
INFO:root:Epoch 83
INFO:root:[83,     0] loss: 3.795653e-03 masks: 23.0 16.0 [wd: 6.34e-02] [lr: 9.80e-04] [mem: 5.65e+03] (171.7 ms)
INFO:root:[83,     0] grad_stats: [1.96e-04 1.37e-05] (3.22e-06, 2.30e-04)
INFO:root:[83,   116] loss: 3.818127e-03 masks: 23.0 16.8 [wd: 6.36e-02] [lr: 9.79e-04] [mem: 5.65e+03] (175.2 ms)
INFO:root:[83,   116] grad_stats: [2.06e-04 1.79e-05] (3.90e-06, 2.68e-04)
INFO:root:[83,   232] loss: 3.838906e-03 masks: 22.3 17.0 [wd: 6.39e-02] [lr: 9.79e-04] [mem: 5.65e+03] (174.3 ms)
INFO:root:[83,   232] grad_stats: [2.69e-04 1.84e-05] (4.21e-06, 2.99e-04)
INFO:root:avg. loss 3.83890642e-03
INFO:root:time taken for epoch 0:00:54.059362
INFO:root:Epoch 84
INFO:root:[84,     0] loss: 3.389025e-03 masks: 18.0 20.0 [wd: 6.39e-02] [lr: 9.79e-04] [mem: 5.65e+03] (163.0 ms)
INFO:root:[84,     0] grad_stats: [1.74e-04 1.45e-05] (3.36e-06, 2.26e-04)
INFO:root:[84,   116] loss: 3.875492e-03 masks: 20.8 17.5 [wd: 6.42e-02] [lr: 9.78e-04] [mem: 5.65e+03] (170.1 ms)
INFO:root:[84,   116] grad_stats: [1.42e-04 1.86e-05] (3.61e-06, 2.15e-04)
INFO:root:[84,   232] loss: 3.863588e-03 masks: 21.3 17.4 [wd: 6.45e-02] [lr: 9.78e-04] [mem: 5.65e+03] (171.9 ms)
INFO:root:[84,   232] grad_stats: [1.53e-04 1.98e-05] (4.34e-06, 3.32e-04)
INFO:root:avg. loss 3.86358817e-03
INFO:root:time taken for epoch 0:00:53.455515
INFO:root:Epoch 85
INFO:root:[85,     0] loss: 3.449364e-03 masks: 20.0 20.0 [wd: 6.45e-02] [lr: 9.78e-04] [mem: 5.65e+03] (169.7 ms)
INFO:root:[85,     0] grad_stats: [1.37e-04 1.51e-05] (3.93e-06, 3.72e-04)
INFO:root:[85,   116] loss: 3.848348e-03 masks: 22.4 17.2 [wd: 6.48e-02] [lr: 9.77e-04] [mem: 5.65e+03] (174.4 ms)
INFO:root:[85,   116] grad_stats: [1.59e-04 1.23e-05] (3.62e-06, 1.69e-04)
INFO:root:[85,   232] loss: 3.862264e-03 masks: 22.0 17.4 [wd: 6.51e-02] [lr: 9.77e-04] [mem: 5.65e+03] (173.8 ms)
INFO:root:[85,   232] grad_stats: [2.79e-04 1.12e-05] (3.59e-06, 2.79e-04)
INFO:root:avg. loss 3.86226358e-03
INFO:root:time taken for epoch 0:00:53.823962
INFO:root:Epoch 86
INFO:root:[86,     0] loss: 4.481341e-03 masks: 11.0 20.0 [wd: 6.51e-02] [lr: 9.77e-04] [mem: 5.65e+03] (145.0 ms)
INFO:root:[86,     0] grad_stats: [1.60e-04 2.38e-05] (4.70e-06, 3.84e-04)
INFO:root:[86,   116] loss: 3.932060e-03 masks: 21.8 17.5 [wd: 6.54e-02] [lr: 9.76e-04] [mem: 5.65e+03] (173.2 ms)
INFO:root:[86,   116] grad_stats: [2.32e-04 2.14e-05] (5.01e-06, 3.21e-04)
INFO:root:[86,   232] loss: 3.954394e-03 masks: 22.2 17.3 [wd: 6.56e-02] [lr: 9.76e-04] [mem: 5.65e+03] (174.4 ms)
INFO:root:[86,   232] grad_stats: [2.58e-04 1.76e-05] (6.92e-06, 6.13e-04)
INFO:root:avg. loss 3.95439414e-03
INFO:root:time taken for epoch 0:00:54.009275
INFO:root:Epoch 87
INFO:root:[87,     0] loss: 3.132753e-03 masks: 23.0 20.0 [wd: 6.56e-02] [lr: 9.76e-04] [mem: 5.65e+03] (178.6 ms)
INFO:root:[87,     0] grad_stats: [1.70e-04 1.53e-05] (3.88e-06, 3.09e-04)
INFO:root:[87,   116] loss: 3.976279e-03 masks: 21.7 17.6 [wd: 6.59e-02] [lr: 9.75e-04] [mem: 5.65e+03] (173.1 ms)
INFO:root:[87,   116] grad_stats: [2.70e-04 1.59e-05] (4.20e-06, 3.54e-04)
INFO:root:[87,   232] loss: 3.966011e-03 masks: 22.0 17.4 [wd: 6.62e-02] [lr: 9.74e-04] [mem: 5.65e+03] (174.1 ms)
INFO:root:[87,   232] grad_stats: [3.10e-04 2.16e-05] (6.14e-06, 3.63e-04)
INFO:root:avg. loss 3.96601080e-03
INFO:root:time taken for epoch 0:00:53.996794
INFO:root:Epoch 88
INFO:root:[88,     0] loss: 4.003766e-03 masks: 26.0 16.0 [wd: 6.62e-02] [lr: 9.74e-04] [mem: 5.65e+03] (181.5 ms)
INFO:root:[88,     0] grad_stats: [2.85e-04 1.70e-05] (5.54e-06, 3.33e-04)
INFO:root:[88,   116] loss: 4.031186e-03 masks: 21.8 17.4 [wd: 6.65e-02] [lr: 9.74e-04] [mem: 5.65e+03] (173.0 ms)
INFO:root:[88,   116] grad_stats: [1.87e-04 1.60e-05] (4.92e-06, 4.74e-04)
INFO:root:[88,   232] loss: 4.064460e-03 masks: 21.8 17.3 [wd: 6.68e-02] [lr: 9.73e-04] [mem: 5.65e+03] (173.5 ms)
INFO:root:[88,   232] grad_stats: [1.83e-04 1.46e-05] (3.56e-06, 2.09e-04)
INFO:root:avg. loss 4.06445956e-03
INFO:root:time taken for epoch 0:00:53.703157
INFO:root:Epoch 89
INFO:root:[89,     0] loss: 4.053305e-03 masks: 25.0 16.0 [wd: 6.68e-02] [lr: 9.73e-04] [mem: 5.65e+03] (177.9 ms)
INFO:root:[89,     0] grad_stats: [1.14e-04 1.33e-05] (3.18e-06, 1.78e-04)
INFO:root:[89,   116] loss: 4.013281e-03 masks: 22.5 17.3 [wd: 6.71e-02] [lr: 9.73e-04] [mem: 5.65e+03] (174.9 ms)
INFO:root:[89,   116] grad_stats: [1.92e-04 1.42e-05] (3.68e-06, 2.71e-04)
INFO:root:[89,   232] loss: 4.056132e-03 masks: 21.8 17.4 [wd: 6.74e-02] [lr: 9.72e-04] [mem: 5.65e+03] (173.3 ms)
INFO:root:[89,   232] grad_stats: [2.13e-04 1.69e-05] (3.27e-06, 2.76e-04)
INFO:root:avg. loss 4.05613235e-03
INFO:root:time taken for epoch 0:00:53.832419
INFO:root:Epoch 90
INFO:root:[90,     0] loss: 3.999792e-03 masks: 25.0 16.0 [wd: 6.74e-02] [lr: 9.72e-04] [mem: 5.65e+03] (178.5 ms)
INFO:root:[90,     0] grad_stats: [2.83e-04 1.87e-05] (5.77e-06, 4.71e-04)
INFO:root:[90,   116] loss: 4.029609e-03 masks: 21.6 17.5 [wd: 6.77e-02] [lr: 9.72e-04] [mem: 5.65e+03] (172.6 ms)
INFO:root:[90,   116] grad_stats: [3.36e-04 2.63e-05] (3.82e-06, 3.36e-04)
INFO:root:[90,   232] loss: 4.103202e-03 masks: 21.6 17.4 [wd: 6.80e-02] [lr: 9.71e-04] [mem: 5.65e+03] (172.8 ms)
INFO:root:[90,   232] grad_stats: [1.74e-04 1.55e-05] (3.04e-06, 2.01e-04)
INFO:root:avg. loss 4.10320205e-03
INFO:root:time taken for epoch 0:00:53.643069
INFO:root:Epoch 91
INFO:root:[91,     0] loss: 4.158649e-03 masks: 25.0 16.0 [wd: 6.80e-02] [lr: 9.71e-04] [mem: 5.65e+03] (177.3 ms)
INFO:root:[91,     0] grad_stats: [9.83e-05 1.31e-05] (3.55e-06, 3.24e-04)
INFO:root:[91,   116] loss: 4.047845e-03 masks: 22.0 17.6 [wd: 6.83e-02] [lr: 9.71e-04] [mem: 5.65e+03] (174.0 ms)
INFO:root:[91,   116] grad_stats: [9.38e-05 1.30e-05] (3.14e-06, 2.15e-04)
INFO:root:[91,   232] loss: 4.101971e-03 masks: 22.2 17.4 [wd: 6.86e-02] [lr: 9.70e-04] [mem: 5.65e+03] (174.6 ms)
INFO:root:[91,   232] grad_stats: [1.58e-04 1.67e-05] (3.55e-06, 3.34e-04)
INFO:root:avg. loss 4.10197117e-03
INFO:root:time taken for epoch 0:00:54.048076
INFO:root:Epoch 92
INFO:root:[92,     0] loss: 4.123683e-03 masks: 24.0 16.0 [wd: 6.86e-02] [lr: 9.70e-04] [mem: 5.65e+03] (175.4 ms)
INFO:root:[92,     0] grad_stats: [1.98e-04 2.10e-05] (5.65e-06, 5.62e-04)
INFO:root:[92,   116] loss: 4.147706e-03 masks: 22.6 17.1 [wd: 6.89e-02] [lr: 9.69e-04] [mem: 5.65e+03] (174.8 ms)
INFO:root:[92,   116] grad_stats: [1.52e-04 1.59e-05] (3.76e-06, 2.55e-04)
INFO:root:[92,   232] loss: 4.219243e-03 masks: 22.0 17.2 [wd: 6.92e-02] [lr: 9.69e-04] [mem: 5.65e+03] (173.8 ms)
INFO:root:[92,   232] grad_stats: [1.47e-04 1.60e-05] (3.60e-06, 3.29e-04)
INFO:root:avg. loss 4.21924347e-03
INFO:root:time taken for epoch 0:00:53.969015
INFO:root:Epoch 93
INFO:root:[93,     0] loss: 4.643250e-03 masks: 26.0 16.0 [wd: 6.92e-02] [lr: 9.69e-04] [mem: 5.65e+03] (181.9 ms)
INFO:root:[93,     0] grad_stats: [1.51e-04 1.59e-05] (4.73e-06, 2.95e-04)
INFO:root:[93,   116] loss: 4.269166e-03 masks: 22.3 17.0 [wd: 6.96e-02] [lr: 9.68e-04] [mem: 5.65e+03] (173.8 ms)
INFO:root:[93,   116] grad_stats: [3.13e-04 1.89e-05] (4.70e-06, 3.13e-04)
INFO:root:[93,   232] loss: 4.296373e-03 masks: 22.3 16.9 [wd: 6.99e-02] [lr: 9.68e-04] [mem: 5.65e+03] (174.1 ms)
INFO:root:[93,   232] grad_stats: [1.82e-04 1.56e-05] (3.79e-06, 3.70e-04)
INFO:root:avg. loss 4.29637287e-03
INFO:root:time taken for epoch 0:00:53.960143
INFO:root:Epoch 94
INFO:root:[94,     0] loss: 4.077033e-03 masks: 19.0 20.0 [wd: 6.99e-02] [lr: 9.68e-04] [mem: 5.65e+03] (168.5 ms)
INFO:root:[94,     0] grad_stats: [9.75e-05 1.26e-05] (2.99e-06, 2.09e-04)
INFO:root:[94,   116] loss: 4.313899e-03 masks: 22.2 17.1 [wd: 7.02e-02] [lr: 9.67e-04] [mem: 5.65e+03] (173.8 ms)
INFO:root:[94,   116] grad_stats: [4.15e-04 1.87e-05] (6.25e-06, 5.45e-04)
INFO:root:[94,   232] loss: 4.298486e-03 masks: 22.2 17.2 [wd: 7.05e-02] [lr: 9.66e-04] [mem: 5.65e+03] (174.2 ms)
INFO:root:[94,   232] grad_stats: [2.20e-04 1.59e-05] (3.51e-06, 3.21e-04)
INFO:root:avg. loss 4.29848580e-03
INFO:root:time taken for epoch 0:00:54.003485
INFO:root:Epoch 95
INFO:root:[95,     0] loss: 4.559340e-03 masks: 14.0 20.0 [wd: 7.05e-02] [lr: 9.66e-04] [mem: 5.65e+03] (154.8 ms)
INFO:root:[95,     0] grad_stats: [8.57e-05 1.40e-05] (2.80e-06, 1.73e-04)
INFO:root:[95,   116] loss: 4.334844e-03 masks: 22.6 17.1 [wd: 7.08e-02] [lr: 9.66e-04] [mem: 5.65e+03] (174.7 ms)
INFO:root:[95,   116] grad_stats: [3.45e-04 2.10e-05] (6.46e-06, 6.40e-04)
INFO:root:[95,   232] loss: 4.358604e-03 masks: 22.3 17.2 [wd: 7.11e-02] [lr: 9.65e-04] [mem: 5.65e+03] (174.5 ms)
INFO:root:[95,   232] grad_stats: [1.32e-04 1.44e-05] (3.23e-06, 2.19e-04)
INFO:root:avg. loss 4.35860443e-03
INFO:root:time taken for epoch 0:00:54.092720
INFO:root:Epoch 96
INFO:root:[96,     0] loss: 3.620735e-03 masks: 20.0 20.0 [wd: 7.11e-02] [lr: 9.65e-04] [mem: 5.65e+03] (169.4 ms)
INFO:root:[96,     0] grad_stats: [9.24e-05 1.20e-05] (2.93e-06, 2.94e-04)
INFO:root:[96,   116] loss: 4.322905e-03 masks: 23.1 16.9 [wd: 7.14e-02] [lr: 9.65e-04] [mem: 5.65e+03] (176.0 ms)
INFO:root:[96,   116] grad_stats: [1.32e-04 1.69e-05] (4.60e-06, 3.43e-04)
INFO:root:[96,   232] loss: 4.338595e-03 masks: 22.8 17.0 [wd: 7.18e-02] [lr: 9.64e-04] [mem: 5.65e+03] (175.8 ms)
INFO:root:[96,   232] grad_stats: [7.91e-05 1.64e-05] (2.89e-06, 1.75e-04)
INFO:root:avg. loss 4.33859482e-03
INFO:root:time taken for epoch 0:00:54.424660
INFO:root:Epoch 97
INFO:root:[97,     0] loss: 3.989514e-03 masks: 20.0 20.0 [wd: 7.18e-02] [lr: 9.64e-04] [mem: 5.65e+03] (169.8 ms)
INFO:root:[97,     0] grad_stats: [2.00e-04 1.43e-05] (4.25e-06, 3.34e-04)
INFO:root:[97,   116] loss: 4.353832e-03 masks: 21.2 17.5 [wd: 7.21e-02] [lr: 9.63e-04] [mem: 5.65e+03] (171.5 ms)
INFO:root:[97,   116] grad_stats: [2.00e-04 2.29e-05] (6.20e-06, 7.34e-04)
INFO:root:[97,   232] loss: 4.366846e-03 masks: 21.5 17.3 [wd: 7.24e-02] [lr: 9.63e-04] [mem: 5.65e+03] (172.6 ms)
INFO:root:[97,   232] grad_stats: [1.89e-04 1.67e-05] (5.57e-06, 5.64e-04)
INFO:root:avg. loss 4.36684605e-03
INFO:root:time taken for epoch 0:00:53.657631
INFO:root:Epoch 98
INFO:root:[98,     0] loss: 3.929393e-03 masks: 19.0 20.0 [wd: 7.24e-02] [lr: 9.63e-04] [mem: 5.65e+03] (169.8 ms)
INFO:root:[98,     0] grad_stats: [1.11e-04 1.25e-05] (2.85e-06, 3.25e-04)
INFO:root:[98,   116] loss: 4.364433e-03 masks: 22.3 17.2 [wd: 7.27e-02] [lr: 9.62e-04] [mem: 5.65e+03] (174.1 ms)
INFO:root:[98,   116] grad_stats: [9.32e-05 1.09e-05] (2.13e-06, 1.11e-04)
INFO:root:[98,   232] loss: 4.398136e-03 masks: 22.2 17.3 [wd: 7.31e-02] [lr: 9.61e-04] [mem: 5.65e+03] (174.5 ms)
INFO:root:[98,   232] grad_stats: [2.97e-04 1.99e-05] (4.22e-06, 4.73e-04)
INFO:root:avg. loss 4.39813550e-03
INFO:root:time taken for epoch 0:00:54.090942
INFO:root:Epoch 99
INFO:root:[99,     0] loss: 4.506758e-03 masks: 21.0 16.0 [wd: 7.31e-02] [lr: 9.61e-04] [mem: 5.65e+03] (168.6 ms)
INFO:root:[99,     0] grad_stats: [3.95e-04 1.55e-05] (6.56e-06, 5.85e-04)
INFO:root:[99,   116] loss: 4.473616e-03 masks: 22.6 17.1 [wd: 7.34e-02] [lr: 9.61e-04] [mem: 5.65e+03] (175.0 ms)
INFO:root:[99,   116] grad_stats: [2.94e-04 2.15e-05] (6.60e-06, 6.95e-04)
INFO:root:[99,   232] loss: 4.450777e-03 masks: 22.0 17.3 [wd: 7.37e-02] [lr: 9.60e-04] [mem: 5.65e+03] (174.0 ms)
INFO:root:[99,   232] grad_stats: [2.22e-04 1.25e-05] (3.77e-06, 2.90e-04)
INFO:root:avg. loss 4.45077681e-03
INFO:root:time taken for epoch 0:00:54.645344
INFO:root:Epoch 100
INFO:root:[100,     0] loss: 5.299184e-03 masks: 35.0 12.0 [wd: 7.37e-02] [lr: 9.60e-04] [mem: 5.65e+03] (196.9 ms)
INFO:root:[100,     0] grad_stats: [3.02e-04 2.28e-05] (6.85e-06, 6.62e-04)
INFO:root:[100,   116] loss: 4.531095e-03 masks: 21.6 17.2 [wd: 7.40e-02] [lr: 9.59e-04] [mem: 5.65e+03] (171.9 ms)
INFO:root:[100,   116] grad_stats: [1.95e-04 1.60e-05] (4.21e-06, 2.26e-04)
INFO:root:[100,   232] loss: 4.524636e-03 masks: 21.8 17.2 [wd: 7.44e-02] [lr: 9.59e-04] [mem: 5.65e+03] (173.1 ms)
INFO:root:[100,   232] grad_stats: [2.03e-04 1.60e-05] (4.11e-06, 2.89e-04)
INFO:root:avg. loss 4.52463637e-03
INFO:root:	Epoch 100, KNN accuracy train: 7.21388e-01, KNN accuracy train: 5.77667e-01
INFO:root:time taken for epoch 0:01:35.782484
INFO:root:Epoch 101
INFO:root:[101,     0] loss: 4.368748e-03 masks: 25.0 16.0 [wd: 7.44e-02] [lr: 9.59e-04] [mem: 5.65e+03] (176.9 ms)
INFO:root:[101,     0] grad_stats: [1.39e-04 1.66e-05] (4.54e-06, 4.90e-04)
INFO:root:[101,   116] loss: 4.448420e-03 masks: 22.7 17.2 [wd: 7.47e-02] [lr: 9.58e-04] [mem: 5.65e+03] (174.6 ms)
INFO:root:[101,   116] grad_stats: [1.43e-04 2.25e-05] (4.79e-06, 5.39e-04)
INFO:root:[101,   232] loss: 4.443351e-03 masks: 22.1 17.4 [wd: 7.50e-02] [lr: 9.57e-04] [mem: 5.65e+03] (173.9 ms)
INFO:root:[101,   232] grad_stats: [1.52e-04 1.32e-05] (3.80e-06, 2.82e-04)
INFO:root:avg. loss 4.44335051e-03
INFO:root:time taken for epoch 0:00:53.735089
INFO:root:Epoch 102
INFO:root:[102,     0] loss: 5.670461e-03 masks: 21.0 16.0 [wd: 7.50e-02] [lr: 9.57e-04] [mem: 5.65e+03] (168.7 ms)
INFO:root:[102,     0] grad_stats: [3.54e-04 2.10e-05] (5.27e-06, 4.65e-04)
INFO:root:[102,   116] loss: 4.517458e-03 masks: 22.1 17.3 [wd: 7.54e-02] [lr: 9.57e-04] [mem: 5.65e+03] (173.8 ms)
INFO:root:[102,   116] grad_stats: [8.56e-05 1.87e-05] (3.93e-06, 3.71e-04)
INFO:root:[102,   232] loss: 4.515819e-03 masks: 21.8 17.4 [wd: 7.57e-02] [lr: 9.56e-04] [mem: 5.65e+03] (173.7 ms)
INFO:root:[102,   232] grad_stats: [3.11e-04 1.74e-05] (4.71e-06, 3.11e-04)
INFO:root:avg. loss 4.51581911e-03
INFO:root:time taken for epoch 0:00:53.859784
INFO:root:Epoch 103
INFO:root:[103,     0] loss: 3.642566e-03 masks: 16.0 20.0 [wd: 7.57e-02] [lr: 9.56e-04] [mem: 5.65e+03] (159.5 ms)
INFO:root:[103,     0] grad_stats: [1.93e-04 1.64e-05] (5.20e-06, 5.58e-04)
INFO:root:[103,   116] loss: 4.609041e-03 masks: 23.0 16.9 [wd: 7.61e-02] [lr: 9.55e-04] [mem: 5.65e+03] (175.4 ms)
INFO:root:[103,   116] grad_stats: [2.38e-04 2.57e-05] (5.70e-06, 5.31e-04)
INFO:root:[103,   232] loss: 4.598544e-03 masks: 22.5 17.0 [wd: 7.64e-02] [lr: 9.54e-04] [mem: 5.65e+03] (174.9 ms)
INFO:root:[103,   232] grad_stats: [1.81e-04 1.80e-05] (5.18e-06, 4.57e-04)
INFO:root:avg. loss 4.59854442e-03
INFO:root:time taken for epoch 0:00:54.061269
INFO:root:Epoch 104
INFO:root:[104,     0] loss: 4.631909e-03 masks: 23.0 16.0 [wd: 7.64e-02] [lr: 9.54e-04] [mem: 5.65e+03] (169.8 ms)
INFO:root:[104,     0] grad_stats: [1.25e-04 2.37e-05] (4.69e-06, 4.95e-04)
INFO:root:[104,   116] loss: 4.652177e-03 masks: 21.2 17.4 [wd: 7.67e-02] [lr: 9.54e-04] [mem: 5.65e+03] (171.5 ms)
INFO:root:[104,   116] grad_stats: [1.42e-04 2.13e-05] (4.18e-06, 3.02e-04)
INFO:root:[104,   232] loss: 4.677576e-03 masks: 22.0 17.1 [wd: 7.71e-02] [lr: 9.53e-04] [mem: 5.65e+03] (173.7 ms)
INFO:root:[104,   232] grad_stats: [1.04e-04 1.37e-05] (2.90e-06, 2.12e-04)
INFO:root:avg. loss 4.67757551e-03
INFO:root:time taken for epoch 0:00:53.857159
INFO:root:Epoch 105
INFO:root:[105,     0] loss: 4.534539e-03 masks: 24.0 16.0 [wd: 7.71e-02] [lr: 9.53e-04] [mem: 5.65e+03] (174.3 ms)
INFO:root:[105,     0] grad_stats: [1.31e-04 1.92e-05] (5.62e-06, 5.69e-04)
INFO:root:[105,   116] loss: 4.672238e-03 masks: 21.5 17.4 [wd: 7.74e-02] [lr: 9.52e-04] [mem: 5.65e+03] (172.1 ms)
INFO:root:[105,   116] grad_stats: [2.29e-04 1.89e-05] (4.26e-06, 5.50e-04)
INFO:root:[105,   232] loss: 4.641346e-03 masks: 21.8 17.4 [wd: 7.78e-02] [lr: 9.52e-04] [mem: 5.65e+03] (173.4 ms)
INFO:root:[105,   232] grad_stats: [1.27e-04 1.73e-05] (4.39e-06, 2.28e-04)
INFO:root:avg. loss 4.64134577e-03
INFO:root:time taken for epoch 0:00:53.806340
INFO:root:Epoch 106
INFO:root:[106,     0] loss: 3.869866e-03 masks: 21.0 20.0 [wd: 7.78e-02] [lr: 9.52e-04] [mem: 5.65e+03] (174.4 ms)
INFO:root:[106,     0] grad_stats: [7.01e-05 1.29e-05] (3.23e-06, 2.28e-04)
INFO:root:[106,   116] loss: 4.709498e-03 masks: 21.4 17.4 [wd: 7.81e-02] [lr: 9.51e-04] [mem: 5.65e+03] (171.6 ms)
INFO:root:[106,   116] grad_stats: [1.95e-04 2.17e-05] (5.35e-06, 4.74e-04)
INFO:root:[106,   232] loss: 4.699931e-03 masks: 22.0 17.3 [wd: 7.85e-02] [lr: 9.50e-04] [mem: 5.65e+03] (173.8 ms)
INFO:root:[106,   232] grad_stats: [1.83e-04 3.02e-05] (5.30e-06, 4.93e-04)
INFO:root:avg. loss 4.69993072e-03
INFO:root:time taken for epoch 0:00:53.757246
INFO:root:Epoch 107
INFO:root:[107,     0] loss: 4.613713e-03 masks: 24.0 16.0 [wd: 7.85e-02] [lr: 9.50e-04] [mem: 5.65e+03] (177.4 ms)
INFO:root:[107,     0] grad_stats: [2.08e-04 2.03e-05] (5.36e-06, 3.50e-04)
INFO:root:[107,   116] loss: 4.678577e-03 masks: 21.8 17.4 [wd: 7.88e-02] [lr: 9.49e-04] [mem: 5.65e+03] (173.1 ms)
INFO:root:[107,   116] grad_stats: [2.90e-04 1.70e-05] (4.80e-06, 5.04e-04)
INFO:root:[107,   232] loss: 4.700977e-03 masks: 21.6 17.5 [wd: 7.92e-02] [lr: 9.49e-04] [mem: 5.65e+03] (173.0 ms)
INFO:root:[107,   232] grad_stats: [1.80e-04 1.66e-05] (4.11e-06, 4.27e-04)
INFO:root:avg. loss 4.70097675e-03
INFO:root:time taken for epoch 0:00:53.694467
INFO:root:Epoch 108
INFO:root:[108,     0] loss: 4.041175e-03 masks: 19.0 20.0 [wd: 7.92e-02] [lr: 9.49e-04] [mem: 5.65e+03] (168.8 ms)
INFO:root:[108,     0] grad_stats: [1.33e-04 1.54e-05] (4.51e-06, 3.54e-04)
INFO:root:[108,   116] loss: 4.705465e-03 masks: 22.1 17.3 [wd: 7.95e-02] [lr: 9.48e-04] [mem: 5.65e+03] (173.9 ms)
INFO:root:[108,   116] grad_stats: [1.43e-04 1.64e-05] (4.22e-06, 2.32e-04)
INFO:root:[108,   232] loss: 4.769261e-03 masks: 22.2 17.2 [wd: 7.99e-02] [lr: 9.47e-04] [mem: 5.65e+03] (174.3 ms)
INFO:root:[108,   232] grad_stats: [1.05e-04 1.98e-05] (5.44e-06, 5.74e-04)
INFO:root:avg. loss 4.76926142e-03
INFO:root:time taken for epoch 0:00:54.016296
INFO:root:Epoch 109
INFO:root:[109,     0] loss: 4.241182e-03 masks: 16.0 20.0 [wd: 7.99e-02] [lr: 9.47e-04] [mem: 5.65e+03] (159.4 ms)
INFO:root:[109,     0] grad_stats: [2.18e-04 1.65e-05] (4.25e-06, 2.43e-04)
INFO:root:[109,   116] loss: 4.827883e-03 masks: 20.6 17.7 [wd: 8.02e-02] [lr: 9.46e-04] [mem: 5.65e+03] (170.0 ms)
INFO:root:[109,   116] grad_stats: [1.71e-04 1.92e-05] (3.88e-06, 3.55e-04)
INFO:root:[109,   232] loss: 4.821682e-03 masks: 21.6 17.3 [wd: 8.06e-02] [lr: 9.46e-04] [mem: 5.65e+03] (172.7 ms)
INFO:root:[109,   232] grad_stats: [1.17e-04 1.68e-05] (5.83e-06, 4.73e-04)
INFO:root:avg. loss 4.82168153e-03
INFO:root:time taken for epoch 0:00:53.587116
INFO:root:Epoch 110
INFO:root:[110,     0] loss: 5.619311e-03 masks: 25.0 16.0 [wd: 8.06e-02] [lr: 9.46e-04] [mem: 5.65e+03] (178.3 ms)
INFO:root:[110,     0] grad_stats: [1.79e-04 1.59e-05] (5.82e-06, 5.78e-04)
INFO:root:[110,   116] loss: 4.874151e-03 masks: 22.0 17.2 [wd: 8.09e-02] [lr: 9.45e-04] [mem: 5.65e+03] (173.2 ms)
INFO:root:[110,   116] grad_stats: [2.42e-04 1.53e-05] (3.99e-06, 3.18e-04)
INFO:root:[110,   232] loss: 4.843102e-03 masks: 21.9 17.3 [wd: 8.13e-02] [lr: 9.44e-04] [mem: 5.65e+03] (173.4 ms)
INFO:root:[110,   232] grad_stats: [1.33e-04 1.81e-05] (3.95e-06, 3.50e-04)
INFO:root:avg. loss 4.84310240e-03
INFO:root:time taken for epoch 0:00:53.807313
INFO:root:Epoch 111
INFO:root:[111,     0] loss: 5.485759e-03 masks: 20.0 16.0 [wd: 8.13e-02] [lr: 9.44e-04] [mem: 5.65e+03] (164.6 ms)
INFO:root:[111,     0] grad_stats: [1.46e-04 1.95e-05] (5.50e-06, 2.48e-04)
INFO:root:[111,   116] loss: 4.872613e-03 masks: 22.2 17.1 [wd: 8.17e-02] [lr: 9.43e-04] [mem: 5.65e+03] (173.8 ms)
INFO:root:[111,   116] grad_stats: [1.31e-04 1.27e-05] (4.08e-06, 1.75e-04)
INFO:root:[111,   232] loss: 4.860677e-03 masks: 22.1 17.3 [wd: 8.20e-02] [lr: 9.42e-04] [mem: 5.65e+03] (174.0 ms)
INFO:root:[111,   232] grad_stats: [1.37e-04 1.37e-05] (4.50e-06, 2.61e-04)
INFO:root:avg. loss 4.86067722e-03
INFO:root:time taken for epoch 0:00:53.945903
INFO:root:Epoch 112
INFO:root:[112,     0] loss: 4.720341e-03 masks: 23.0 16.0 [wd: 8.20e-02] [lr: 9.42e-04] [mem: 5.65e+03] (171.8 ms)
INFO:root:[112,     0] grad_stats: [1.54e-04 1.62e-05] (4.99e-06, 2.89e-04)
INFO:root:[112,   116] loss: 4.928474e-03 masks: 21.9 17.2 [wd: 8.24e-02] [lr: 9.42e-04] [mem: 5.65e+03] (172.8 ms)
INFO:root:[112,   116] grad_stats: [1.11e-04 1.79e-05] (4.00e-06, 3.28e-04)
INFO:root:[112,   232] loss: 4.903964e-03 masks: 22.2 17.2 [wd: 8.28e-02] [lr: 9.41e-04] [mem: 5.65e+03] (174.3 ms)
INFO:root:[112,   232] grad_stats: [1.99e-04 1.58e-05] (5.21e-06, 4.85e-04)
INFO:root:avg. loss 4.90396437e-03
INFO:root:time taken for epoch 0:00:53.908389
INFO:root:Epoch 113
INFO:root:[113,     0] loss: 4.953821e-03 masks: 17.0 16.0 [wd: 8.28e-02] [lr: 9.41e-04] [mem: 5.65e+03] (156.9 ms)
INFO:root:[113,     0] grad_stats: [1.54e-04 1.53e-05] (4.55e-06, 4.16e-04)
INFO:root:[113,   116] loss: 4.940338e-03 masks: 22.2 17.1 [wd: 8.31e-02] [lr: 9.40e-04] [mem: 5.65e+03] (173.7 ms)
INFO:root:[113,   116] grad_stats: [2.09e-04 1.66e-05] (5.89e-06, 3.79e-04)
INFO:root:[113,   232] loss: 4.904295e-03 masks: 22.1 17.2 [wd: 8.35e-02] [lr: 9.39e-04] [mem: 5.65e+03] (174.2 ms)
INFO:root:[113,   232] grad_stats: [8.03e-05 2.17e-05] (5.75e-06, 5.74e-04)
INFO:root:avg. loss 4.90429538e-03
INFO:root:time taken for epoch 0:00:54.094690
INFO:root:Epoch 114
INFO:root:[114,     0] loss: 4.503432e-03 masks: 17.0 20.0 [wd: 8.35e-02] [lr: 9.39e-04] [mem: 5.65e+03] (161.9 ms)
INFO:root:[114,     0] grad_stats: [2.34e-04 1.49e-05] (5.15e-06, 7.66e-04)
INFO:root:[114,   116] loss: 4.930257e-03 masks: 21.8 17.4 [wd: 8.39e-02] [lr: 9.38e-04] [mem: 5.65e+03] (173.2 ms)
INFO:root:[114,   116] grad_stats: [1.59e-04 1.56e-05] (5.47e-06, 3.02e-04)
INFO:root:[114,   232] loss: 4.930093e-03 masks: 22.2 17.3 [wd: 8.42e-02] [lr: 9.38e-04] [mem: 5.65e+03] (174.5 ms)
INFO:root:[114,   232] grad_stats: [1.54e-04 1.75e-05] (6.66e-06, 6.35e-04)
INFO:root:avg. loss 4.93009330e-03
INFO:root:time taken for epoch 0:00:54.107772
INFO:root:Epoch 115
INFO:root:[115,     0] loss: 5.574055e-03 masks: 21.0 16.0 [wd: 8.42e-02] [lr: 9.38e-04] [mem: 5.65e+03] (167.8 ms)
INFO:root:[115,     0] grad_stats: [1.68e-04 2.99e-05] (7.64e-06, 7.74e-04)
INFO:root:[115,   116] loss: 5.013995e-03 masks: 21.6 17.4 [wd: 8.46e-02] [lr: 9.37e-04] [mem: 5.65e+03] (172.4 ms)
INFO:root:[115,   116] grad_stats: [1.06e-04 1.41e-05] (4.41e-06, 5.96e-04)
INFO:root:[115,   232] loss: 4.995998e-03 masks: 21.7 17.5 [wd: 8.50e-02] [lr: 9.36e-04] [mem: 5.65e+03] (173.3 ms)
INFO:root:[115,   232] grad_stats: [1.74e-04 1.52e-05] (4.61e-06, 3.24e-04)
INFO:root:avg. loss 4.99599770e-03
INFO:root:time taken for epoch 0:00:53.812300
INFO:root:Epoch 116
INFO:root:[116,     0] loss: 4.576745e-03 masks: 16.0 20.0 [wd: 8.50e-02] [lr: 9.36e-04] [mem: 5.65e+03] (158.9 ms)
INFO:root:[116,     0] grad_stats: [2.22e-04 1.25e-05] (3.96e-06, 3.40e-04)
INFO:root:[116,   116] loss: 5.005277e-03 masks: 22.6 17.0 [wd: 8.54e-02] [lr: 9.35e-04] [mem: 5.65e+03] (175.0 ms)
INFO:root:[116,   116] grad_stats: [1.19e-04 1.33e-05] (4.62e-06, 4.21e-04)
INFO:root:[116,   232] loss: 5.012949e-03 masks: 22.3 17.2 [wd: 8.57e-02] [lr: 9.34e-04] [mem: 5.65e+03] (174.6 ms)
INFO:root:[116,   232] grad_stats: [1.32e-04 1.66e-05] (4.74e-06, 2.17e-04)
INFO:root:avg. loss 5.01294875e-03
INFO:root:time taken for epoch 0:00:54.072296
INFO:root:Epoch 117
INFO:root:[117,     0] loss: 6.012816e-03 masks: 17.0 16.0 [wd: 8.57e-02] [lr: 9.34e-04] [mem: 5.65e+03] (154.8 ms)
INFO:root:[117,     0] grad_stats: [2.28e-04 1.70e-05] (5.38e-06, 3.03e-04)
INFO:root:[117,   116] loss: 5.133813e-03 masks: 21.8 17.2 [wd: 8.61e-02] [lr: 9.33e-04] [mem: 5.65e+03] (172.7 ms)
INFO:root:[117,   116] grad_stats: [2.35e-04 2.14e-05] (7.25e-06, 4.64e-04)
INFO:root:[117,   232] loss: 5.092895e-03 masks: 22.1 17.2 [wd: 8.65e-02] [lr: 9.33e-04] [mem: 5.65e+03] (174.1 ms)
INFO:root:[117,   232] grad_stats: [8.97e-05 1.60e-05] (4.87e-06, 5.99e-04)
INFO:root:avg. loss 5.09289513e-03
INFO:root:time taken for epoch 0:00:53.801428
INFO:root:Epoch 118
INFO:root:[118,     0] loss: 4.926884e-03 masks: 16.0 20.0 [wd: 8.65e-02] [lr: 9.33e-04] [mem: 5.65e+03] (158.8 ms)
INFO:root:[118,     0] grad_stats: [8.52e-05 1.58e-05] (5.50e-06, 2.59e-04)
INFO:root:[118,   116] loss: 5.125113e-03 masks: 21.5 17.5 [wd: 8.69e-02] [lr: 9.32e-04] [mem: 5.65e+03] (172.1 ms)
INFO:root:[118,   116] grad_stats: [1.94e-04 1.56e-05] (5.44e-06, 3.69e-04)
INFO:root:[118,   232] loss: 5.098067e-03 masks: 21.5 17.5 [wd: 8.72e-02] [lr: 9.31e-04] [mem: 5.65e+03] (172.9 ms)
INFO:root:[118,   232] grad_stats: [2.78e-04 1.85e-05] (6.16e-06, 4.33e-04)
INFO:root:avg. loss 5.09806651e-03
INFO:root:time taken for epoch 0:00:53.647966
INFO:root:Epoch 119
INFO:root:[119,     0] loss: 6.064606e-03 masks: 33.0 12.0 [wd: 8.73e-02] [lr: 9.31e-04] [mem: 5.65e+03] (194.9 ms)
INFO:root:[119,     0] grad_stats: [3.44e-04 2.19e-05] (8.13e-06, 6.69e-04)
INFO:root:[119,   116] loss: 5.102408e-03 masks: 21.9 17.3 [wd: 8.76e-02] [lr: 9.30e-04] [mem: 5.65e+03] (173.4 ms)
INFO:root:[119,   116] grad_stats: [1.11e-04 1.89e-05] (4.73e-06, 2.33e-04)
INFO:root:[119,   232] loss: 5.049069e-03 masks: 22.0 17.4 [wd: 8.80e-02] [lr: 9.29e-04] [mem: 5.65e+03] (174.2 ms)
INFO:root:[119,   232] grad_stats: [1.89e-04 1.27e-05] (3.98e-06, 3.24e-04)
INFO:root:avg. loss 5.04906877e-03
INFO:root:time taken for epoch 0:00:54.069543
INFO:root:Epoch 120
INFO:root:[120,     0] loss: 4.521318e-03 masks: 19.0 20.0 [wd: 8.80e-02] [lr: 9.29e-04] [mem: 5.65e+03] (169.6 ms)
INFO:root:[120,     0] grad_stats: [3.06e-04 1.46e-05] (5.52e-06, 4.50e-04)
INFO:root:[120,   116] loss: 5.200299e-03 masks: 21.3 17.2 [wd: 8.84e-02] [lr: 9.28e-04] [mem: 5.65e+03] (171.5 ms)
INFO:root:[120,   116] grad_stats: [1.44e-04 2.45e-05] (9.08e-06, 4.90e-04)
INFO:root:[120,   232] loss: 5.235414e-03 masks: 22.1 17.0 [wd: 8.88e-02] [lr: 9.27e-04] [mem: 5.65e+03] (173.7 ms)
INFO:root:[120,   232] grad_stats: [1.28e-04 1.82e-05] (4.88e-06, 9.27e-04)
INFO:root:avg. loss 5.23541408e-03
INFO:root:time taken for epoch 0:00:53.882322
INFO:root:Epoch 121
INFO:root:[121,     0] loss: 4.944745e-03 masks: 19.0 20.0 [wd: 8.88e-02] [lr: 9.27e-04] [mem: 5.65e+03] (169.0 ms)
INFO:root:[121,     0] grad_stats: [1.11e-04 1.37e-05] (4.98e-06, 2.94e-04)
INFO:root:[121,   116] loss: 5.144129e-03 masks: 22.3 17.2 [wd: 8.92e-02] [lr: 9.26e-04] [mem: 5.65e+03] (174.1 ms)
INFO:root:[121,   116] grad_stats: [2.68e-04 1.86e-05] (8.83e-06, 8.41e-04)
INFO:root:[121,   232] loss: 5.171886e-03 masks: 22.5 17.0 [wd: 8.96e-02] [lr: 9.26e-04] [mem: 5.65e+03] (174.9 ms)
INFO:root:[121,   232] grad_stats: [1.34e-04 1.81e-05] (5.71e-06, 2.92e-04)
INFO:root:avg. loss 5.17188576e-03
INFO:root:time taken for epoch 0:00:54.240844
INFO:root:Epoch 122
INFO:root:[122,     0] loss: 6.352556e-03 masks: 33.0 12.0 [wd: 8.96e-02] [lr: 9.25e-04] [mem: 5.65e+03] (194.5 ms)
INFO:root:[122,     0] grad_stats: [1.44e-04 1.81e-05] (6.02e-06, 3.85e-04)
INFO:root:[122,   116] loss: 5.219048e-03 masks: 22.0 17.2 [wd: 9.00e-02] [lr: 9.25e-04] [mem: 5.65e+03] (173.2 ms)
INFO:root:[122,   116] grad_stats: [1.10e-04 2.04e-05] (6.27e-06, 7.81e-04)
INFO:root:[122,   232] loss: 5.187565e-03 masks: 22.1 17.2 [wd: 9.03e-02] [lr: 9.24e-04] [mem: 5.65e+03] (174.0 ms)
INFO:root:[122,   232] grad_stats: [8.43e-05 1.87e-05] (5.23e-06, 2.41e-04)
INFO:root:avg. loss 5.18756521e-03
INFO:root:time taken for epoch 0:00:54.021652
INFO:root:Epoch 123
INFO:root:[123,     0] loss: 4.765679e-03 masks: 20.0 20.0 [wd: 9.03e-02] [lr: 9.24e-04] [mem: 5.65e+03] (170.6 ms)
INFO:root:[123,     0] grad_stats: [1.13e-04 1.54e-05] (4.60e-06, 3.59e-04)
INFO:root:[123,   116] loss: 5.066710e-03 masks: 21.9 17.4 [wd: 9.07e-02] [lr: 9.23e-04] [mem: 5.65e+03] (173.5 ms)
INFO:root:[123,   116] grad_stats: [1.38e-04 1.52e-05] (4.80e-06, 3.26e-04)
INFO:root:[123,   232] loss: 5.138461e-03 masks: 21.9 17.3 [wd: 9.11e-02] [lr: 9.22e-04] [mem: 5.65e+03] (173.5 ms)
INFO:root:[123,   232] grad_stats: [3.29e-04 2.77e-05] (8.18e-06, 9.88e-04)
INFO:root:avg. loss 5.13846132e-03
INFO:root:time taken for epoch 0:00:53.856770
INFO:root:Epoch 124
INFO:root:[124,     0] loss: 5.562439e-03 masks: 12.0 20.0 [wd: 9.11e-02] [lr: 9.22e-04] [mem: 5.65e+03] (148.1 ms)
INFO:root:[124,     0] grad_stats: [1.21e-04 1.47e-05] (4.90e-06, 4.24e-04)
INFO:root:[124,   116] loss: 5.201562e-03 masks: 21.8 17.3 [wd: 9.15e-02] [lr: 9.21e-04] [mem: 5.65e+03] (173.0 ms)
INFO:root:[124,   116] grad_stats: [1.01e-04 1.55e-05] (5.32e-06, 4.30e-04)
INFO:root:[124,   232] loss: 5.179047e-03 masks: 21.9 17.3 [wd: 9.19e-02] [lr: 9.20e-04] [mem: 5.65e+03] (173.8 ms)
INFO:root:[124,   232] grad_stats: [9.37e-05 1.55e-05] (4.70e-06, 2.40e-04)
INFO:root:avg. loss 5.17904680e-03
INFO:root:time taken for epoch 0:00:53.917257
INFO:root:Epoch 125
INFO:root:[125,     0] loss: 5.775229e-03 masks: 24.0 16.0 [wd: 9.19e-02] [lr: 9.20e-04] [mem: 5.65e+03] (176.5 ms)
INFO:root:[125,     0] grad_stats: [1.34e-04 2.16e-05] (6.65e-06, 5.57e-04)
INFO:root:[125,   116] loss: 5.240568e-03 masks: 21.8 17.2 [wd: 9.23e-02] [lr: 9.19e-04] [mem: 5.65e+03] (172.8 ms)
INFO:root:[125,   116] grad_stats: [7.20e-05 1.56e-05] (4.67e-06, 2.87e-04)
INFO:root:[125,   232] loss: 5.205282e-03 masks: 21.4 17.5 [wd: 9.27e-02] [lr: 9.18e-04] [mem: 5.65e+03] (172.5 ms)
INFO:root:[125,   232] grad_stats: [9.30e-05 2.20e-05] (5.44e-06, 4.26e-04)
INFO:root:avg. loss 5.20528195e-03
INFO:root:time taken for epoch 0:00:53.670366
INFO:root:Epoch 126
INFO:root:[126,     0] loss: 6.339830e-03 masks: 33.0 12.0 [wd: 9.27e-02] [lr: 9.18e-04] [mem: 5.65e+03] (194.4 ms)
INFO:root:[126,     0] grad_stats: [1.39e-04 2.79e-05] (7.85e-06, 1.03e-03)
INFO:root:[126,   116] loss: 5.201363e-03 masks: 22.2 17.3 [wd: 9.31e-02] [lr: 9.17e-04] [mem: 5.65e+03] (174.0 ms)
INFO:root:[126,   116] grad_stats: [1.88e-04 2.26e-05] (7.24e-06, 4.79e-04)
INFO:root:[126,   232] loss: 5.205541e-03 masks: 22.0 17.3 [wd: 9.35e-02] [lr: 9.16e-04] [mem: 5.65e+03] (174.0 ms)
INFO:root:[126,   232] grad_stats: [1.06e-04 1.38e-05] (4.11e-06, 3.04e-04)
INFO:root:avg. loss 5.20554062e-03
INFO:root:time taken for epoch 0:00:53.994190
INFO:root:Epoch 127
INFO:root:[127,     0] loss: 4.960038e-03 masks: 20.0 20.0 [wd: 9.35e-02] [lr: 9.16e-04] [mem: 5.65e+03] (170.2 ms)
INFO:root:[127,     0] grad_stats: [7.17e-05 1.12e-05] (3.70e-06, 2.53e-04)
INFO:root:[127,   116] loss: 5.276376e-03 masks: 22.5 17.1 [wd: 9.39e-02] [lr: 9.15e-04] [mem: 5.65e+03] (174.5 ms)
INFO:root:[127,   116] grad_stats: [1.26e-04 1.92e-05] (5.54e-06, 3.40e-04)
INFO:root:[127,   232] loss: 5.266188e-03 masks: 21.9 17.3 [wd: 9.43e-02] [lr: 9.14e-04] [mem: 5.65e+03] (173.5 ms)
INFO:root:[127,   232] grad_stats: [8.61e-05 1.46e-05] (4.30e-06, 2.53e-04)
INFO:root:avg. loss 5.26618773e-03
INFO:root:time taken for epoch 0:00:53.866626
INFO:root:Epoch 128
INFO:root:[128,     0] loss: 6.317002e-03 masks: 34.0 12.0 [wd: 9.43e-02] [lr: 9.14e-04] [mem: 5.65e+03] (195.4 ms)
INFO:root:[128,     0] grad_stats: [1.23e-04 2.15e-05] (8.01e-06, 1.01e-03)
INFO:root:[128,   116] loss: 5.235580e-03 masks: 22.6 17.1 [wd: 9.47e-02] [lr: 9.13e-04] [mem: 5.65e+03] (175.0 ms)
INFO:root:[128,   116] grad_stats: [1.09e-04 1.51e-05] (4.83e-06, 3.75e-04)
INFO:root:[128,   232] loss: 5.243359e-03 masks: 21.9 17.4 [wd: 9.51e-02] [lr: 9.12e-04] [mem: 5.65e+03] (173.8 ms)
INFO:root:[128,   232] grad_stats: [9.02e-05 1.38e-05] (3.77e-06, 2.80e-04)
INFO:root:avg. loss 5.24335914e-03
INFO:root:time taken for epoch 0:00:53.896372
INFO:root:Epoch 129
INFO:root:[129,     0] loss: 5.743663e-03 masks: 23.0 16.0 [wd: 9.51e-02] [lr: 9.12e-04] [mem: 5.65e+03] (172.2 ms)
INFO:root:[129,     0] grad_stats: [1.70e-04 1.76e-05] (5.45e-06, 2.63e-04)
INFO:root:[129,   116] loss: 5.209413e-03 masks: 21.3 17.6 [wd: 9.56e-02] [lr: 9.12e-04] [mem: 5.65e+03] (172.0 ms)
INFO:root:[129,   116] grad_stats: [1.00e-04 1.48e-05] (3.25e-06, 3.78e-04)
INFO:root:[129,   232] loss: 5.258924e-03 masks: 21.3 17.5 [wd: 9.60e-02] [lr: 9.11e-04] [mem: 5.65e+03] (172.3 ms)
INFO:root:[129,   232] grad_stats: [1.50e-04 1.66e-05] (4.32e-06, 2.57e-04)
INFO:root:avg. loss 5.25892395e-03
INFO:root:time taken for epoch 0:00:53.587550
INFO:root:Epoch 130
INFO:root:[130,     0] loss: 4.510994e-03 masks: 20.0 20.0 [wd: 9.60e-02] [lr: 9.11e-04] [mem: 5.65e+03] (168.1 ms)
INFO:root:[130,     0] grad_stats: [1.55e-04 1.89e-05] (5.01e-06, 5.21e-04)
INFO:root:[130,   116] loss: 5.234735e-03 masks: 22.2 17.3 [wd: 9.64e-02] [lr: 9.10e-04] [mem: 5.65e+03] (174.1 ms)
INFO:root:[130,   116] grad_stats: [1.26e-04 1.58e-05] (5.00e-06, 2.97e-04)
INFO:root:[130,   232] loss: 5.298983e-03 masks: 22.1 17.2 [wd: 9.68e-02] [lr: 9.09e-04] [mem: 5.65e+03] (174.0 ms)
INFO:root:[130,   232] grad_stats: [1.48e-04 1.96e-05] (4.83e-06, 2.92e-04)
INFO:root:avg. loss 5.29898311e-03
INFO:root:time taken for epoch 0:00:53.918876
INFO:root:Epoch 131
INFO:root:[131,     0] loss: 5.295352e-03 masks: 25.0 16.0 [wd: 9.68e-02] [lr: 9.09e-04] [mem: 5.65e+03] (177.2 ms)
INFO:root:[131,     0] grad_stats: [1.63e-04 1.97e-05] (5.39e-06, 4.33e-04)
INFO:root:[131,   116] loss: 5.357728e-03 masks: 22.1 17.2 [wd: 9.72e-02] [lr: 9.08e-04] [mem: 5.65e+03] (173.5 ms)
INFO:root:[131,   116] grad_stats: [1.71e-04 1.89e-05] (4.72e-06, 3.11e-04)
INFO:root:[131,   232] loss: 5.331153e-03 masks: 22.1 17.2 [wd: 9.76e-02] [lr: 9.07e-04] [mem: 5.65e+03] (174.2 ms)
INFO:root:[131,   232] grad_stats: [2.65e-04 2.38e-05] (7.76e-06, 8.37e-04)
INFO:root:avg. loss 5.33115258e-03
INFO:root:time taken for epoch 0:00:53.997290
INFO:root:Epoch 132
INFO:root:[132,     0] loss: 5.599555e-03 masks: 8.0 20.0 [wd: 9.76e-02] [lr: 9.07e-04] [mem: 5.65e+03] (138.1 ms)
INFO:root:[132,     0] grad_stats: [1.10e-04 1.71e-05] (4.98e-06, 4.40e-04)
INFO:root:[132,   116] loss: 5.216834e-03 masks: 21.8 17.6 [wd: 9.80e-02] [lr: 9.06e-04] [mem: 5.65e+03] (173.5 ms)
INFO:root:[132,   116] grad_stats: [1.13e-04 1.90e-05] (5.76e-06, 3.50e-04)
INFO:root:[132,   232] loss: 5.224335e-03 masks: 21.8 17.5 [wd: 9.84e-02] [lr: 9.05e-04] [mem: 5.65e+03] (173.8 ms)
INFO:root:[132,   232] grad_stats: [1.48e-04 2.13e-05] (5.79e-06, 1.04e-03)
INFO:root:avg. loss 5.22433496e-03
INFO:root:time taken for epoch 0:00:53.774441
INFO:root:Epoch 133
INFO:root:[133,     0] loss: 5.533214e-03 masks: 36.0 12.0 [wd: 9.84e-02] [lr: 9.05e-04] [mem: 5.65e+03] (203.8 ms)
INFO:root:[133,     0] grad_stats: [8.80e-05 2.06e-05] (7.75e-06, 5.34e-04)
INFO:root:[133,   116] loss: 5.258282e-03 masks: 21.0 17.8 [wd: 9.89e-02] [lr: 9.04e-04] [mem: 5.65e+03] (171.5 ms)
INFO:root:[133,   116] grad_stats: [1.68e-04 1.97e-05] (7.42e-06, 4.65e-04)
INFO:root:[133,   232] loss: 5.311239e-03 masks: 21.8 17.4 [wd: 9.93e-02] [lr: 9.03e-04] [mem: 5.65e+03] (173.6 ms)
INFO:root:[133,   232] grad_stats: [8.61e-05 1.56e-05] (4.44e-06, 2.26e-04)
INFO:root:avg. loss 5.31123899e-03
INFO:root:time taken for epoch 0:00:53.943770
INFO:root:Epoch 134
INFO:root:[134,     0] loss: 5.364702e-03 masks: 15.0 20.0 [wd: 9.93e-02] [lr: 9.03e-04] [mem: 5.65e+03] (157.3 ms)
INFO:root:[134,     0] grad_stats: [9.33e-05 1.76e-05] (5.45e-06, 3.58e-04)
INFO:root:[134,   116] loss: 5.344171e-03 masks: 23.4 16.8 [wd: 9.97e-02] [lr: 9.02e-04] [mem: 5.65e+03] (176.7 ms)
INFO:root:[134,   116] grad_stats: [1.99e-04 2.10e-05] (8.62e-06, 7.03e-04)
INFO:root:[134,   232] loss: 5.323277e-03 masks: 22.2 17.2 [wd: 1.00e-01] [lr: 9.01e-04] [mem: 5.65e+03] (174.4 ms)
INFO:root:[134,   232] grad_stats: [1.83e-04 1.96e-05] (5.05e-06, 2.95e-04)
INFO:root:avg. loss 5.32327681e-03
INFO:root:time taken for epoch 0:00:54.112593
INFO:root:Epoch 135
INFO:root:[135,     0] loss: 4.531930e-03 masks: 19.0 20.0 [wd: 1.00e-01] [lr: 9.01e-04] [mem: 5.65e+03] (169.4 ms)
INFO:root:[135,     0] grad_stats: [4.65e-05 1.62e-05] (4.60e-06, 2.58e-04)
INFO:root:[135,   116] loss: 5.335546e-03 masks: 22.4 17.1 [wd: 1.01e-01] [lr: 9.00e-04] [mem: 5.65e+03] (174.5 ms)
INFO:root:[135,   116] grad_stats: [8.00e-05 1.57e-05] (5.96e-06, 7.53e-04)
INFO:root:[135,   232] loss: 5.313505e-03 masks: 22.1 17.4 [wd: 1.01e-01] [lr: 8.99e-04] [mem: 5.65e+03] (174.2 ms)
INFO:root:[135,   232] grad_stats: [1.77e-04 1.75e-05] (5.87e-06, 3.08e-04)
INFO:root:avg. loss 5.31350547e-03
INFO:root:time taken for epoch 0:00:54.014848
INFO:root:Epoch 136
INFO:root:[136,     0] loss: 5.921165e-03 masks: 25.0 16.0 [wd: 1.01e-01] [lr: 8.98e-04] [mem: 5.65e+03] (178.2 ms)
INFO:root:[136,     0] grad_stats: [1.96e-04 1.71e-05] (5.72e-06, 3.40e-04)
INFO:root:[136,   116] loss: 5.301969e-03 masks: 22.3 17.4 [wd: 1.01e-01] [lr: 8.97e-04] [mem: 5.65e+03] (174.3 ms)
INFO:root:[136,   116] grad_stats: [6.34e-05 1.75e-05] (5.73e-06, 4.40e-04)
INFO:root:[136,   232] loss: 5.311885e-03 masks: 22.1 17.3 [wd: 1.02e-01] [lr: 8.96e-04] [mem: 5.65e+03] (174.4 ms)
INFO:root:[136,   232] grad_stats: [2.05e-04 1.88e-05] (6.58e-06, 3.84e-04)
INFO:root:avg. loss 5.31188527e-03
INFO:root:time taken for epoch 0:00:54.075662
INFO:root:Epoch 137
INFO:root:[137,     0] loss: 5.350895e-03 masks: 25.0 16.0 [wd: 1.02e-01] [lr: 8.96e-04] [mem: 5.65e+03] (177.2 ms)
INFO:root:[137,     0] grad_stats: [1.50e-04 1.89e-05] (5.82e-06, 4.19e-04)
INFO:root:[137,   116] loss: 5.399096e-03 masks: 22.2 17.3 [wd: 1.02e-01] [lr: 8.95e-04] [mem: 5.65e+03] (174.2 ms)
INFO:root:[137,   116] grad_stats: [1.34e-04 2.04e-05] (6.14e-06, 3.79e-04)
INFO:root:[137,   232] loss: 5.433132e-03 masks: 22.3 17.2 [wd: 1.03e-01] [lr: 8.94e-04] [mem: 5.65e+03] (174.7 ms)
INFO:root:[137,   232] grad_stats: [1.55e-04 1.68e-05] (5.75e-06, 8.40e-04)
INFO:root:avg. loss 5.43313245e-03
INFO:root:time taken for epoch 0:00:54.096735
INFO:root:Epoch 138
INFO:root:[138,     0] loss: 6.009229e-03 masks: 20.0 16.0 [wd: 1.03e-01] [lr: 8.94e-04] [mem: 5.65e+03] (163.2 ms)
INFO:root:[138,     0] grad_stats: [7.66e-05 2.09e-05] (7.28e-06, 5.99e-04)
INFO:root:[138,   116] loss: 5.398987e-03 masks: 21.9 17.2 [wd: 1.03e-01] [lr: 8.93e-04] [mem: 5.65e+03] (173.3 ms)
INFO:root:[138,   116] grad_stats: [1.96e-04 1.95e-05] (7.15e-06, 7.72e-04)
INFO:root:[138,   232] loss: 5.412600e-03 masks: 21.6 17.4 [wd: 1.04e-01] [lr: 8.92e-04] [mem: 5.65e+03] (173.1 ms)
INFO:root:[138,   232] grad_stats: [1.20e-04 2.21e-05] (6.44e-06, 4.52e-04)
INFO:root:avg. loss 5.41259991e-03
INFO:root:time taken for epoch 0:00:53.708800
INFO:root:Epoch 139
INFO:root:[139,     0] loss: 5.599377e-03 masks: 13.0 20.0 [wd: 1.04e-01] [lr: 8.92e-04] [mem: 5.65e+03] (152.2 ms)
INFO:root:[139,     0] grad_stats: [1.03e-04 2.57e-05] (8.15e-06, 4.38e-04)
INFO:root:[139,   116] loss: 5.427053e-03 masks: 21.9 17.2 [wd: 1.04e-01] [lr: 8.91e-04] [mem: 5.65e+03] (173.1 ms)
INFO:root:[139,   116] grad_stats: [8.44e-05 2.13e-05] (6.78e-06, 4.03e-04)
INFO:root:[139,   232] loss: 5.417020e-03 masks: 21.6 17.3 [wd: 1.04e-01] [lr: 8.90e-04] [mem: 5.65e+03] (172.9 ms)
INFO:root:[139,   232] grad_stats: [8.23e-05 2.10e-05] (6.84e-06, 4.19e-04)
INFO:root:avg. loss 5.41701981e-03
INFO:root:time taken for epoch 0:00:53.610003
INFO:root:Epoch 140
INFO:root:[140,     0] loss: 5.182826e-03 masks: 24.0 16.0 [wd: 1.04e-01] [lr: 8.90e-04] [mem: 5.65e+03] (175.7 ms)
INFO:root:[140,     0] grad_stats: [2.31e-04 1.88e-05] (6.71e-06, 3.57e-04)
INFO:root:[140,   116] loss: 5.429697e-03 masks: 22.1 17.2 [wd: 1.05e-01] [lr: 8.89e-04] [mem: 5.65e+03] (173.7 ms)
INFO:root:[140,   116] grad_stats: [1.23e-04 1.83e-05] (6.56e-06, 4.63e-04)
INFO:root:[140,   232] loss: 5.454255e-03 masks: 22.2 17.1 [wd: 1.05e-01] [lr: 8.88e-04] [mem: 5.65e+03] (174.4 ms)
INFO:root:[140,   232] grad_stats: [3.31e-04 2.86e-05] (1.01e-05, 4.43e-04)
INFO:root:avg. loss 5.45425505e-03
INFO:root:time taken for epoch 0:00:54.101530
INFO:root:Epoch 141
INFO:root:[141,     0] loss: 5.098976e-03 masks: 16.0 20.0 [wd: 1.05e-01] [lr: 8.88e-04] [mem: 5.65e+03] (158.9 ms)
INFO:root:[141,     0] grad_stats: [2.23e-04 1.73e-05] (6.66e-06, 3.92e-04)
INFO:root:[141,   116] loss: 5.447487e-03 masks: 21.6 17.3 [wd: 1.06e-01] [lr: 8.87e-04] [mem: 5.65e+03] (172.4 ms)
INFO:root:[141,   116] grad_stats: [1.19e-04 1.79e-05] (6.67e-06, 3.65e-04)
INFO:root:[141,   232] loss: 5.413310e-03 masks: 21.6 17.4 [wd: 1.06e-01] [lr: 8.86e-04] [mem: 5.65e+03] (173.2 ms)
INFO:root:[141,   232] grad_stats: [1.62e-04 2.69e-05] (7.48e-06, 4.03e-04)
INFO:root:avg. loss 5.41330957e-03
INFO:root:time taken for epoch 0:00:53.827170
INFO:root:Epoch 142
INFO:root:[142,     0] loss: 4.264150e-03 masks: 19.0 20.0 [wd: 1.06e-01] [lr: 8.86e-04] [mem: 5.65e+03] (169.9 ms)
INFO:root:[142,     0] grad_stats: [8.11e-05 1.70e-05] (4.79e-06, 2.09e-04)
INFO:root:[142,   116] loss: 5.393590e-03 masks: 22.2 17.3 [wd: 1.07e-01] [lr: 8.85e-04] [mem: 5.65e+03] (174.1 ms)
INFO:root:[142,   116] grad_stats: [1.09e-04 1.67e-05] (5.39e-06, 2.46e-04)
INFO:root:[142,   232] loss: 5.431277e-03 masks: 22.0 17.2 [wd: 1.07e-01] [lr: 8.84e-04] [mem: 5.65e+03] (173.9 ms)
INFO:root:[142,   232] grad_stats: [1.49e-04 1.74e-05] (5.63e-06, 5.01e-04)
INFO:root:avg. loss 5.43127694e-03
INFO:root:time taken for epoch 0:00:53.945692
INFO:root:Epoch 143
INFO:root:[143,     0] loss: 4.467429e-03 masks: 17.0 20.0 [wd: 1.07e-01] [lr: 8.84e-04] [mem: 5.65e+03] (162.0 ms)
INFO:root:[143,     0] grad_stats: [1.11e-04 1.60e-05] (6.75e-06, 5.41e-04)
INFO:root:[143,   116] loss: 5.433465e-03 masks: 22.2 17.3 [wd: 1.07e-01] [lr: 8.83e-04] [mem: 5.65e+03] (174.2 ms)
INFO:root:[143,   116] grad_stats: [2.38e-04 2.11e-05] (6.62e-06, 5.06e-04)
INFO:root:[143,   232] loss: 5.469673e-03 masks: 22.1 17.2 [wd: 1.08e-01] [lr: 8.81e-04] [mem: 5.65e+03] (174.1 ms)
INFO:root:[143,   232] grad_stats: [1.51e-04 1.96e-05] (5.81e-06, 3.95e-04)
INFO:root:avg. loss 5.46967288e-03
INFO:root:time taken for epoch 0:00:53.983569
INFO:root:Epoch 144
INFO:root:[144,     0] loss: 5.783329e-03 masks: 9.0 20.0 [wd: 1.08e-01] [lr: 8.81e-04] [mem: 5.65e+03] (139.9 ms)
INFO:root:[144,     0] grad_stats: [6.62e-05 1.67e-05] (4.75e-06, 2.63e-04)
INFO:root:[144,   116] loss: 5.399322e-03 masks: 21.3 17.5 [wd: 1.08e-01] [lr: 8.80e-04] [mem: 5.65e+03] (172.2 ms)
INFO:root:[144,   116] grad_stats: [5.20e-05 1.34e-05] (4.53e-06, 2.24e-04)
INFO:root:[144,   232] loss: 5.469646e-03 masks: 21.8 17.3 [wd: 1.09e-01] [lr: 8.79e-04] [mem: 5.65e+03] (173.6 ms)
INFO:root:[144,   232] grad_stats: [3.34e-04 2.52e-05] (8.15e-06, 4.50e-04)
INFO:root:avg. loss 5.46964581e-03
INFO:root:time taken for epoch 0:00:53.777542
INFO:root:Epoch 145
INFO:root:[145,     0] loss: 4.652704e-03 masks: 20.0 20.0 [wd: 1.09e-01] [lr: 8.79e-04] [mem: 5.65e+03] (171.2 ms)
INFO:root:[145,     0] grad_stats: [1.04e-04 1.68e-05] (5.01e-06, 3.45e-04)
INFO:root:[145,   116] loss: 5.457243e-03 masks: 22.1 17.3 [wd: 1.09e-01] [lr: 8.78e-04] [mem: 5.65e+03] (173.9 ms)
INFO:root:[145,   116] grad_stats: [2.24e-04 3.09e-05] (1.20e-05, 1.12e-03)
INFO:root:[145,   232] loss: 5.408165e-03 masks: 21.9 17.5 [wd: 1.10e-01] [lr: 8.77e-04] [mem: 5.65e+03] (174.0 ms)
INFO:root:[145,   232] grad_stats: [1.75e-04 1.75e-05] (7.34e-06, 6.56e-04)
INFO:root:avg. loss 5.40816479e-03
INFO:root:time taken for epoch 0:00:53.966822
INFO:root:Epoch 146
INFO:root:[146,     0] loss: 5.743308e-03 masks: 23.0 16.0 [wd: 1.10e-01] [lr: 8.77e-04] [mem: 5.65e+03] (170.5 ms)
INFO:root:[146,     0] grad_stats: [2.98e-04 2.59e-05] (8.91e-06, 6.93e-04)
INFO:root:[146,   116] loss: 5.448197e-03 masks: 21.8 17.3 [wd: 1.10e-01] [lr: 8.76e-04] [mem: 5.65e+03] (172.9 ms)
INFO:root:[146,   116] grad_stats: [1.11e-04 1.34e-05] (4.97e-06, 3.23e-04)
INFO:root:[146,   232] loss: 5.488677e-03 masks: 22.7 17.0 [wd: 1.11e-01] [lr: 8.75e-04] [mem: 5.65e+03] (175.4 ms)
INFO:root:[146,   232] grad_stats: [1.37e-04 1.99e-05] (6.18e-06, 6.90e-04)
INFO:root:avg. loss 5.48867724e-03
INFO:root:time taken for epoch 0:00:54.250359
INFO:root:Epoch 147
INFO:root:[147,     0] loss: 6.335740e-03 masks: 17.0 16.0 [wd: 1.11e-01] [lr: 8.75e-04] [mem: 5.65e+03] (156.2 ms)
INFO:root:[147,     0] grad_stats: [7.57e-05 2.23e-05] (8.07e-06, 3.06e-04)
INFO:root:[147,   116] loss: 5.547369e-03 masks: 23.3 16.7 [wd: 1.11e-01] [lr: 8.74e-04] [mem: 5.65e+03] (176.3 ms)
INFO:root:[147,   116] grad_stats: [1.35e-04 2.13e-05] (6.09e-06, 4.28e-04)
INFO:root:[147,   232] loss: 5.483985e-03 masks: 22.3 17.1 [wd: 1.11e-01] [lr: 8.72e-04] [mem: 5.65e+03] (174.6 ms)
INFO:root:[147,   232] grad_stats: [1.78e-04 2.47e-05] (9.03e-06, 1.50e-03)
INFO:root:avg. loss 5.48398464e-03
INFO:root:time taken for epoch 0:00:54.136197
INFO:root:Epoch 148
INFO:root:[148,     0] loss: 5.612681e-03 masks: 25.0 16.0 [wd: 1.11e-01] [lr: 8.72e-04] [mem: 5.65e+03] (177.9 ms)
INFO:root:[148,     0] grad_stats: [1.76e-04 2.80e-05] (9.57e-06, 9.72e-04)
INFO:root:[148,   116] loss: 5.482582e-03 masks: 22.4 17.2 [wd: 1.12e-01] [lr: 8.71e-04] [mem: 5.65e+03] (174.6 ms)
INFO:root:[148,   116] grad_stats: [9.72e-05 2.44e-05] (8.47e-06, 6.15e-04)
INFO:root:[148,   232] loss: 5.500652e-03 masks: 22.1 17.2 [wd: 1.12e-01] [lr: 8.70e-04] [mem: 5.65e+03] (174.2 ms)
INFO:root:[148,   232] grad_stats: [2.66e-04 1.74e-05] (6.25e-06, 3.37e-04)
INFO:root:avg. loss 5.50065241e-03
INFO:root:time taken for epoch 0:00:54.036891
INFO:root:Epoch 149
INFO:root:[149,     0] loss: 4.964590e-03 masks: 19.0 20.0 [wd: 1.12e-01] [lr: 8.70e-04] [mem: 5.65e+03] (167.7 ms)
INFO:root:[149,     0] grad_stats: [8.80e-05 1.47e-05] (5.56e-06, 3.40e-04)
INFO:root:[149,   116] loss: 5.464864e-03 masks: 22.1 17.4 [wd: 1.13e-01] [lr: 8.69e-04] [mem: 5.65e+03] (174.0 ms)
INFO:root:[149,   116] grad_stats: [1.95e-04 2.29e-05] (6.86e-06, 4.78e-04)
INFO:root:[149,   232] loss: 5.449085e-03 masks: 21.9 17.4 [wd: 1.13e-01] [lr: 8.68e-04] [mem: 5.65e+03] (173.9 ms)
INFO:root:[149,   232] grad_stats: [9.51e-05 2.07e-05] (6.54e-06, 7.02e-04)
INFO:root:avg. loss 5.44908460e-03
INFO:root:time taken for epoch 0:00:54.018643
INFO:root:Epoch 150
INFO:root:[150,     0] loss: 5.151649e-03 masks: 26.0 16.0 [wd: 1.13e-01] [lr: 8.68e-04] [mem: 5.65e+03] (180.9 ms)
INFO:root:[150,     0] grad_stats: [1.86e-04 2.00e-05] (6.31e-06, 6.32e-04)
INFO:root:[150,   116] loss: 5.517999e-03 masks: 22.5 17.1 [wd: 1.14e-01] [lr: 8.67e-04] [mem: 5.65e+03] (174.4 ms)
INFO:root:[150,   116] grad_stats: [1.68e-04 2.08e-05] (6.56e-06, 3.36e-04)
INFO:root:[150,   232] loss: 5.502616e-03 masks: 22.1 17.2 [wd: 1.14e-01] [lr: 8.66e-04] [mem: 5.65e+03] (174.2 ms)
INFO:root:[150,   232] grad_stats: [1.95e-04 2.37e-05] (8.41e-06, 9.14e-04)
INFO:root:avg. loss 5.50261576e-03
INFO:root:time taken for epoch 0:00:54.139992
INFO:root:Epoch 151
INFO:root:[151,     0] loss: 4.843155e-03 masks: 16.0 20.0 [wd: 1.14e-01] [lr: 8.66e-04] [mem: 5.65e+03] (159.5 ms)
INFO:root:[151,     0] grad_stats: [1.19e-04 2.16e-05] (6.42e-06, 3.54e-04)
INFO:root:[151,   116] loss: 5.546535e-03 masks: 21.9 17.2 [wd: 1.15e-01] [lr: 8.64e-04] [mem: 5.65e+03] (173.0 ms)
INFO:root:[151,   116] grad_stats: [9.81e-05 2.41e-05] (8.28e-06, 8.06e-04)
INFO:root:[151,   232] loss: 5.570804e-03 masks: 22.2 17.0 [wd: 1.15e-01] [lr: 8.63e-04] [mem: 5.65e+03] (174.1 ms)
INFO:root:[151,   232] grad_stats: [2.19e-04 2.51e-05] (9.55e-06, 6.70e-04)
INFO:root:avg. loss 5.57080389e-03
INFO:root:time taken for epoch 0:00:53.980746
INFO:root:Epoch 152
INFO:root:[152,     0] loss: 5.261064e-03 masks: 17.0 20.0 [wd: 1.15e-01] [lr: 8.63e-04] [mem: 5.65e+03] (162.2 ms)
INFO:root:[152,     0] grad_stats: [2.04e-04 2.12e-05] (6.45e-06, 4.27e-04)
INFO:root:[152,   116] loss: 5.561342e-03 masks: 22.9 16.9 [wd: 1.16e-01] [lr: 8.62e-04] [mem: 5.65e+03] (175.3 ms)
INFO:root:[152,   116] grad_stats: [1.22e-04 1.87e-05] (6.71e-06, 6.42e-04)
INFO:root:[152,   232] loss: 5.532796e-03 masks: 22.3 17.2 [wd: 1.16e-01] [lr: 8.61e-04] [mem: 5.65e+03] (174.6 ms)
INFO:root:[152,   232] grad_stats: [7.67e-05 1.74e-05] (4.79e-06, 2.37e-04)
INFO:root:avg. loss 5.53279597e-03
INFO:root:time taken for epoch 0:00:54.068255
INFO:root:Epoch 153
INFO:root:[153,     0] loss: 5.964069e-03 masks: 24.0 16.0 [wd: 1.16e-01] [lr: 8.61e-04] [mem: 5.65e+03] (176.6 ms)
INFO:root:[153,     0] grad_stats: [2.24e-04 2.42e-05] (1.01e-05, 8.20e-04)
INFO:root:[153,   116] loss: 5.475617e-03 masks: 21.8 17.5 [wd: 1.17e-01] [lr: 8.60e-04] [mem: 5.65e+03] (173.3 ms)
INFO:root:[153,   116] grad_stats: [5.65e-05 2.41e-05] (6.00e-06, 6.60e-04)
INFO:root:[153,   232] loss: 5.519272e-03 masks: 21.9 17.3 [wd: 1.17e-01] [lr: 8.58e-04] [mem: 5.65e+03] (173.9 ms)
INFO:root:[153,   232] grad_stats: [8.93e-05 2.22e-05] (8.27e-06, 5.57e-04)
INFO:root:avg. loss 5.51927232e-03
INFO:root:time taken for epoch 0:00:53.933728
INFO:root:Epoch 154
INFO:root:[154,     0] loss: 5.171735e-03 masks: 20.0 20.0 [wd: 1.17e-01] [lr: 8.58e-04] [mem: 5.65e+03] (169.7 ms)
INFO:root:[154,     0] grad_stats: [1.04e-04 2.47e-05] (7.35e-06, 8.85e-04)
INFO:root:[154,   116] loss: 5.434146e-03 masks: 21.5 17.7 [wd: 1.17e-01] [lr: 8.57e-04] [mem: 5.65e+03] (172.9 ms)
INFO:root:[154,   116] grad_stats: [1.14e-04 2.12e-05] (7.95e-06, 4.02e-04)
INFO:root:[154,   232] loss: 5.500368e-03 masks: 22.3 17.2 [wd: 1.18e-01] [lr: 8.56e-04] [mem: 5.65e+03] (174.7 ms)
INFO:root:[154,   232] grad_stats: [1.08e-04 1.74e-05] (6.44e-06, 6.94e-04)
INFO:root:avg. loss 5.50036795e-03
INFO:root:time taken for epoch 0:00:54.101893
INFO:root:Epoch 155
INFO:root:[155,     0] loss: 5.678698e-03 masks: 26.0 16.0 [wd: 1.18e-01] [lr: 8.56e-04] [mem: 5.65e+03] (183.4 ms)
INFO:root:[155,     0] grad_stats: [2.20e-04 2.44e-05] (9.05e-06, 8.77e-04)
INFO:root:[155,   116] loss: 5.573837e-03 masks: 22.7 16.9 [wd: 1.18e-01] [lr: 8.55e-04] [mem: 5.65e+03] (175.1 ms)
INFO:root:[155,   116] grad_stats: [1.03e-04 1.54e-05] (5.17e-06, 2.12e-04)
INFO:root:[155,   232] loss: 5.564979e-03 masks: 22.5 17.0 [wd: 1.19e-01] [lr: 8.54e-04] [mem: 5.65e+03] (174.9 ms)
INFO:root:[155,   232] grad_stats: [1.79e-04 2.50e-05] (9.31e-06, 8.37e-04)
INFO:root:avg. loss 5.56497903e-03
INFO:root:time taken for epoch 0:00:54.122926
INFO:root:Epoch 156
INFO:root:[156,     0] loss: 5.583270e-03 masks: 25.0 16.0 [wd: 1.19e-01] [lr: 8.54e-04] [mem: 5.65e+03] (178.2 ms)
INFO:root:[156,     0] grad_stats: [1.09e-04 2.47e-05] (8.39e-06, 5.80e-04)
INFO:root:[156,   116] loss: 5.562334e-03 masks: 22.7 17.1 [wd: 1.19e-01] [lr: 8.52e-04] [mem: 5.65e+03] (175.2 ms)
INFO:root:[156,   116] grad_stats: [1.34e-04 2.51e-05] (8.48e-06, 8.17e-04)
INFO:root:[156,   232] loss: 5.593652e-03 masks: 22.2 17.2 [wd: 1.20e-01] [lr: 8.51e-04] [mem: 5.65e+03] (174.6 ms)
INFO:root:[156,   232] grad_stats: [1.24e-04 2.30e-05] (9.86e-06, 6.25e-04)
INFO:root:avg. loss 5.59365181e-03
INFO:root:time taken for epoch 0:00:54.053035
INFO:root:Epoch 157
INFO:root:[157,     0] loss: 6.552435e-03 masks: 36.0 12.0 [wd: 1.20e-01] [lr: 8.51e-04] [mem: 5.65e+03] (204.3 ms)
INFO:root:[157,     0] grad_stats: [3.01e-04 4.16e-05] (1.25e-05, 6.69e-04)
INFO:root:[157,   116] loss: 5.492624e-03 masks: 21.3 17.6 [wd: 1.20e-01] [lr: 8.50e-04] [mem: 5.65e+03] (172.0 ms)
INFO:root:[157,   116] grad_stats: [1.30e-04 2.14e-05] (7.08e-06, 3.75e-04)
INFO:root:[157,   232] loss: 5.507031e-03 masks: 21.5 17.5 [wd: 1.21e-01] [lr: 8.49e-04] [mem: 5.65e+03] (173.0 ms)
INFO:root:[157,   232] grad_stats: [1.24e-04 1.62e-05] (6.47e-06, 3.80e-04)
INFO:root:avg. loss 5.50703051e-03
INFO:root:time taken for epoch 0:00:53.731855
INFO:root:Epoch 158
INFO:root:[158,     0] loss: 5.268659e-03 masks: 24.0 16.0 [wd: 1.21e-01] [lr: 8.49e-04] [mem: 5.65e+03] (175.7 ms)
INFO:root:[158,     0] grad_stats: [1.20e-04 1.69e-05] (5.52e-06, 6.00e-04)
INFO:root:[158,   116] loss: 5.635398e-03 masks: 22.0 17.2 [wd: 1.21e-01] [lr: 8.48e-04] [mem: 5.65e+03] (173.5 ms)
INFO:root:[158,   116] grad_stats: [1.49e-04 1.71e-05] (6.69e-06, 6.67e-04)
INFO:root:[158,   232] loss: 5.578361e-03 masks: 21.9 17.3 [wd: 1.22e-01] [lr: 8.46e-04] [mem: 5.65e+03] (173.7 ms)
INFO:root:[158,   232] grad_stats: [9.67e-05 2.41e-05] (9.11e-06, 8.47e-04)
INFO:root:avg. loss 5.57836101e-03
INFO:root:time taken for epoch 0:00:53.925571
INFO:root:Epoch 159
INFO:root:[159,     0] loss: 4.917890e-03 masks: 20.0 20.0 [wd: 1.22e-01] [lr: 8.46e-04] [mem: 5.65e+03] (169.8 ms)
INFO:root:[159,     0] grad_stats: [2.46e-04 2.93e-05] (9.27e-06, 6.96e-04)
INFO:root:[159,   116] loss: 5.548308e-03 masks: 21.5 17.5 [wd: 1.22e-01] [lr: 8.45e-04] [mem: 5.65e+03] (172.6 ms)
INFO:root:[159,   116] grad_stats: [1.66e-04 2.64e-05] (1.36e-05, 1.55e-03)
INFO:root:[159,   232] loss: 5.569264e-03 masks: 22.0 17.3 [wd: 1.23e-01] [lr: 8.44e-04] [mem: 5.65e+03] (174.2 ms)
INFO:root:[159,   232] grad_stats: [1.52e-04 1.69e-05] (6.42e-06, 5.70e-04)
INFO:root:avg. loss 5.56926440e-03
INFO:root:time taken for epoch 0:00:54.008217
INFO:root:Epoch 160
INFO:root:[160,     0] loss: 6.251280e-03 masks: 24.0 16.0 [wd: 1.23e-01] [lr: 8.44e-04] [mem: 5.65e+03] (176.5 ms)
INFO:root:[160,     0] grad_stats: [1.63e-04 2.24e-05] (7.18e-06, 6.39e-04)
INFO:root:[160,   116] loss: 5.614670e-03 masks: 22.7 17.1 [wd: 1.23e-01] [lr: 8.43e-04] [mem: 5.65e+03] (175.4 ms)
INFO:root:[160,   116] grad_stats: [7.65e-05 1.54e-05] (5.97e-06, 5.38e-04)
INFO:root:[160,   232] loss: 5.637696e-03 masks: 22.6 17.0 [wd: 1.24e-01] [lr: 8.41e-04] [mem: 5.65e+03] (175.2 ms)
INFO:root:[160,   232] grad_stats: [2.23e-04 2.65e-05] (7.69e-06, 3.94e-04)
INFO:root:avg. loss 5.63769553e-03
INFO:root:time taken for epoch 0:00:54.205775
INFO:root:Epoch 161
INFO:root:[161,     0] loss: 5.049455e-03 masks: 21.0 20.0 [wd: 1.24e-01] [lr: 8.41e-04] [mem: 5.65e+03] (174.2 ms)
INFO:root:[161,     0] grad_stats: [7.43e-05 1.84e-05] (4.89e-06, 2.21e-04)
INFO:root:[161,   116] loss: 5.506203e-03 masks: 21.4 17.6 [wd: 1.24e-01] [lr: 8.40e-04] [mem: 5.65e+03] (172.6 ms)
INFO:root:[161,   116] grad_stats: [1.25e-04 2.36e-05] (1.07e-05, 7.46e-04)
INFO:root:[161,   232] loss: 5.577559e-03 masks: 21.8 17.4 [wd: 1.25e-01] [lr: 8.39e-04] [mem: 5.65e+03] (173.7 ms)
INFO:root:[161,   232] grad_stats: [6.58e-05 2.40e-05] (6.65e-06, 6.74e-04)
INFO:root:avg. loss 5.57755894e-03
INFO:root:time taken for epoch 0:00:53.962153
INFO:root:Epoch 162
INFO:root:[162,     0] loss: 4.887004e-03 masks: 19.0 20.0 [wd: 1.25e-01] [lr: 8.39e-04] [mem: 5.65e+03] (169.6 ms)
INFO:root:[162,     0] grad_stats: [1.81e-04 1.99e-05] (7.76e-06, 9.82e-04)
INFO:root:[162,   116] loss: 5.644884e-03 masks: 21.3 17.3 [wd: 1.25e-01] [lr: 8.38e-04] [mem: 5.65e+03] (172.2 ms)
INFO:root:[162,   116] grad_stats: [1.95e-04 2.85e-05] (9.84e-06, 4.06e-04)
INFO:root:[162,   232] loss: 5.609577e-03 masks: 21.7 17.3 [wd: 1.25e-01] [lr: 8.36e-04] [mem: 5.65e+03] (173.5 ms)
INFO:root:[162,   232] grad_stats: [1.52e-04 2.38e-05] (8.93e-06, 7.55e-04)
INFO:root:avg. loss 5.60957674e-03
INFO:root:time taken for epoch 0:00:53.862562
INFO:root:Epoch 163
INFO:root:[163,     0] loss: 5.024959e-03 masks: 16.0 20.0 [wd: 1.25e-01] [lr: 8.36e-04] [mem: 5.65e+03] (163.2 ms)
INFO:root:[163,     0] grad_stats: [1.42e-04 2.53e-05] (6.23e-06, 4.36e-04)
INFO:root:[163,   116] loss: 5.549588e-03 masks: 21.9 17.6 [wd: 1.26e-01] [lr: 8.35e-04] [mem: 5.65e+03] (173.6 ms)
INFO:root:[163,   116] grad_stats: [8.33e-05 2.10e-05] (7.53e-06, 8.13e-04)
INFO:root:[163,   232] loss: 5.598510e-03 masks: 22.0 17.3 [wd: 1.26e-01] [lr: 8.34e-04] [mem: 5.65e+03] (174.2 ms)
INFO:root:[163,   232] grad_stats: [1.13e-04 1.72e-05] (7.34e-06, 4.56e-04)
INFO:root:avg. loss 5.59851014e-03
INFO:root:time taken for epoch 0:00:53.982581
INFO:root:Epoch 164
INFO:root:[164,     0] loss: 6.165066e-03 masks: 33.0 12.0 [wd: 1.26e-01] [lr: 8.34e-04] [mem: 5.65e+03] (194.6 ms)
INFO:root:[164,     0] grad_stats: [5.27e-04 3.92e-05] (1.53e-05, 1.18e-03)
INFO:root:[164,   116] loss: 5.517310e-03 masks: 21.6 17.5 [wd: 1.27e-01] [lr: 8.33e-04] [mem: 5.65e+03] (172.8 ms)
INFO:root:[164,   116] grad_stats: [1.48e-04 2.04e-05] (7.10e-06, 4.34e-04)
INFO:root:[164,   232] loss: 5.598793e-03 masks: 21.4 17.5 [wd: 1.27e-01] [lr: 8.31e-04] [mem: 5.65e+03] (172.6 ms)
INFO:root:[164,   232] grad_stats: [1.94e-04 2.09e-05] (8.67e-06, 4.01e-04)
INFO:root:avg. loss 5.59879306e-03
INFO:root:time taken for epoch 0:00:53.662626
INFO:root:Epoch 165
INFO:root:[165,     0] loss: 4.774248e-03 masks: 21.0 20.0 [wd: 1.27e-01] [lr: 8.31e-04] [mem: 5.65e+03] (174.0 ms)
INFO:root:[165,     0] grad_stats: [1.16e-04 1.56e-05] (5.23e-06, 2.14e-04)
INFO:root:[165,   116] loss: 5.514252e-03 masks: 21.7 17.6 [wd: 1.28e-01] [lr: 8.30e-04] [mem: 5.65e+03] (173.3 ms)
INFO:root:[165,   116] grad_stats: [1.25e-04 2.35e-05] (7.41e-06, 5.80e-04)
INFO:root:[165,   232] loss: 5.558531e-03 masks: 21.6 17.5 [wd: 1.28e-01] [lr: 8.29e-04] [mem: 5.65e+03] (173.4 ms)
INFO:root:[165,   232] grad_stats: [8.74e-05 2.90e-05] (7.64e-06, 9.18e-04)
INFO:root:avg. loss 5.55853078e-03
INFO:root:time taken for epoch 0:00:53.719080
INFO:root:Epoch 166
INFO:root:[166,     0] loss: 5.957862e-03 masks: 20.0 16.0 [wd: 1.28e-01] [lr: 8.29e-04] [mem: 5.65e+03] (164.2 ms)
INFO:root:[166,     0] grad_stats: [8.92e-05 2.10e-05] (6.69e-06, 7.37e-04)
INFO:root:[166,   116] loss: 5.712612e-03 masks: 23.1 16.7 [wd: 1.29e-01] [lr: 8.27e-04] [mem: 5.65e+03] (175.7 ms)
INFO:root:[166,   116] grad_stats: [2.02e-04 2.26e-05] (8.83e-06, 1.32e-03)
INFO:root:[166,   232] loss: 5.704894e-03 masks: 22.5 16.9 [wd: 1.29e-01] [lr: 8.26e-04] [mem: 5.65e+03] (174.8 ms)
INFO:root:[166,   232] grad_stats: [9.46e-05 2.52e-05] (7.41e-06, 3.41e-04)
INFO:root:avg. loss 5.70489391e-03
INFO:root:time taken for epoch 0:00:54.200767
INFO:root:Epoch 167
INFO:root:[167,     0] loss: 5.911810e-03 masks: 25.0 16.0 [wd: 1.29e-01] [lr: 8.26e-04] [mem: 5.65e+03] (176.5 ms)
INFO:root:[167,     0] grad_stats: [1.80e-04 2.55e-05] (8.02e-06, 5.23e-04)
INFO:root:[167,   116] loss: 5.671269e-03 masks: 21.8 17.2 [wd: 1.30e-01] [lr: 8.25e-04] [mem: 5.65e+03] (172.9 ms)
INFO:root:[167,   116] grad_stats: [7.92e-05 1.91e-05] (7.36e-06, 2.82e-04)
INFO:root:[167,   232] loss: 5.644386e-03 masks: 21.8 17.2 [wd: 1.30e-01] [lr: 8.24e-04] [mem: 5.65e+03] (173.2 ms)
INFO:root:[167,   232] grad_stats: [1.19e-04 1.78e-05] (6.84e-06, 3.54e-04)
INFO:root:avg. loss 5.64438596e-03
INFO:root:time taken for epoch 0:00:53.830135
INFO:root:Epoch 168
INFO:root:[168,     0] loss: 5.626897e-03 masks: 24.0 16.0 [wd: 1.30e-01] [lr: 8.24e-04] [mem: 5.65e+03] (173.4 ms)
INFO:root:[168,     0] grad_stats: [2.48e-04 2.83e-05] (1.01e-05, 5.47e-04)
INFO:root:[168,   116] loss: 5.592608e-03 masks: 21.7 17.6 [wd: 1.31e-01] [lr: 8.22e-04] [mem: 5.65e+03] (173.3 ms)
INFO:root:[168,   116] grad_stats: [1.81e-04 2.50e-05] (7.51e-06, 4.32e-04)
INFO:root:[168,   232] loss: 5.635043e-03 masks: 21.9 17.4 [wd: 1.31e-01] [lr: 8.21e-04] [mem: 5.65e+03] (174.0 ms)
INFO:root:[168,   232] grad_stats: [1.13e-04 2.49e-05] (6.74e-06, 3.19e-04)
INFO:root:avg. loss 5.63504320e-03
INFO:root:time taken for epoch 0:00:53.955882
INFO:root:Epoch 169
INFO:root:[169,     0] loss: 5.660709e-03 masks: 16.0 20.0 [wd: 1.31e-01] [lr: 8.21e-04] [mem: 5.65e+03] (158.0 ms)
INFO:root:[169,     0] grad_stats: [1.06e-04 1.89e-05] (7.42e-06, 3.86e-04)
INFO:root:[169,   116] loss: 5.738982e-03 masks: 21.9 17.2 [wd: 1.32e-01] [lr: 8.20e-04] [mem: 5.65e+03] (173.0 ms)
INFO:root:[169,   116] grad_stats: [1.02e-04 2.31e-05] (7.57e-06, 5.19e-04)
INFO:root:[169,   232] loss: 5.676141e-03 masks: 22.0 17.2 [wd: 1.32e-01] [lr: 8.18e-04] [mem: 5.65e+03] (173.8 ms)
INFO:root:[169,   232] grad_stats: [1.25e-04 2.27e-05] (7.40e-06, 7.48e-04)
INFO:root:avg. loss 5.67614096e-03
INFO:root:time taken for epoch 0:00:53.903736
INFO:root:Epoch 170
INFO:root:[170,     0] loss: 5.697765e-03 masks: 26.0 16.0 [wd: 1.32e-01] [lr: 8.18e-04] [mem: 5.65e+03] (180.2 ms)
INFO:root:[170,     0] grad_stats: [1.78e-04 2.91e-05] (8.26e-06, 4.82e-04)
INFO:root:[170,   116] loss: 5.676342e-03 masks: 22.5 17.0 [wd: 1.33e-01] [lr: 8.17e-04] [mem: 5.65e+03] (174.5 ms)
INFO:root:[170,   116] grad_stats: [6.18e-05 2.96e-05] (7.59e-06, 5.82e-04)
INFO:root:[170,   232] loss: 5.635163e-03 masks: 21.9 17.4 [wd: 1.33e-01] [lr: 8.16e-04] [mem: 5.65e+03] (173.8 ms)
INFO:root:[170,   232] grad_stats: [2.49e-04 2.33e-05] (8.60e-06, 7.39e-04)
INFO:root:avg. loss 5.63516261e-03
INFO:root:time taken for epoch 0:00:53.937638
INFO:root:Epoch 171
INFO:root:[171,     0] loss: 5.232068e-03 masks: 25.0 16.0 [wd: 1.33e-01] [lr: 8.16e-04] [mem: 5.65e+03] (179.3 ms)
INFO:root:[171,     0] grad_stats: [1.45e-04 2.38e-05] (8.12e-06, 9.11e-04)
INFO:root:[171,   116] loss: 5.733045e-03 masks: 22.8 16.8 [wd: 1.34e-01] [lr: 8.14e-04] [mem: 5.65e+03] (175.1 ms)
INFO:root:[171,   116] grad_stats: [2.89e-04 3.04e-05] (1.26e-05, 6.77e-04)
INFO:root:[171,   232] loss: 5.706029e-03 masks: 22.6 16.9 [wd: 1.34e-01] [lr: 8.13e-04] [mem: 5.65e+03] (175.0 ms)
INFO:root:[171,   232] grad_stats: [1.06e-04 2.41e-05] (7.99e-06, 3.27e-04)
INFO:root:avg. loss 5.70602899e-03
INFO:root:time taken for epoch 0:00:54.253689
INFO:root:Epoch 172
INFO:root:[172,     0] loss: 5.311386e-03 masks: 17.0 20.0 [wd: 1.34e-01] [lr: 8.13e-04] [mem: 5.65e+03] (162.0 ms)
INFO:root:[172,     0] grad_stats: [8.35e-05 3.28e-05] (8.23e-06, 4.55e-04)
INFO:root:[172,   116] loss: 5.682857e-03 masks: 21.8 17.3 [wd: 1.35e-01] [lr: 8.12e-04] [mem: 5.65e+03] (173.1 ms)
INFO:root:[172,   116] grad_stats: [8.85e-05 2.43e-05] (8.09e-06, 4.35e-04)
INFO:root:[172,   232] loss: 5.635071e-03 masks: 21.6 17.5 [wd: 1.35e-01] [lr: 8.10e-04] [mem: 5.65e+03] (173.2 ms)
INFO:root:[172,   232] grad_stats: [1.74e-04 3.11e-05] (1.25e-05, 1.83e-03)
INFO:root:avg. loss 5.63507119e-03
INFO:root:time taken for epoch 0:00:53.744374
INFO:root:Epoch 173
INFO:root:[173,     0] loss: 6.103016e-03 masks: 21.0 16.0 [wd: 1.35e-01] [lr: 8.10e-04] [mem: 5.65e+03] (167.9 ms)
INFO:root:[173,     0] grad_stats: [9.83e-05 2.10e-05] (8.28e-06, 2.62e-04)
INFO:root:[173,   116] loss: 5.710294e-03 masks: 22.2 17.1 [wd: 1.36e-01] [lr: 8.09e-04] [mem: 5.65e+03] (173.9 ms)
INFO:root:[173,   116] grad_stats: [8.43e-05 2.48e-05] (7.65e-06, 6.29e-04)
INFO:root:[173,   232] loss: 5.652840e-03 masks: 22.0 17.3 [wd: 1.36e-01] [lr: 8.08e-04] [mem: 5.65e+03] (174.0 ms)
INFO:root:[173,   232] grad_stats: [6.48e-05 2.29e-05] (6.47e-06, 2.49e-04)
INFO:root:avg. loss 5.65284046e-03
INFO:root:time taken for epoch 0:00:54.038533
INFO:root:Epoch 174
INFO:root:[174,     0] loss: 4.665585e-03 masks: 25.0 16.0 [wd: 1.36e-01] [lr: 8.08e-04] [mem: 5.65e+03] (178.3 ms)
INFO:root:[174,     0] grad_stats: [3.04e-04 2.14e-05] (9.09e-06, 6.14e-04)
INFO:root:[174,   116] loss: 5.693898e-03 masks: 21.7 17.3 [wd: 1.37e-01] [lr: 8.06e-04] [mem: 5.65e+03] (172.7 ms)
INFO:root:[174,   116] grad_stats: [1.33e-04 2.54e-05] (7.01e-06, 5.35e-04)
INFO:root:[174,   232] loss: 5.696963e-03 masks: 21.6 17.3 [wd: 1.37e-01] [lr: 8.05e-04] [mem: 5.65e+03] (172.9 ms)
INFO:root:[174,   232] grad_stats: [6.08e-05 2.89e-05] (7.38e-06, 4.82e-04)
INFO:root:avg. loss 5.69696257e-03
INFO:root:time taken for epoch 0:00:53.717316
INFO:root:Epoch 175
INFO:root:[175,     0] loss: 6.081017e-03 masks: 22.0 16.0 [wd: 1.37e-01] [lr: 8.05e-04] [mem: 5.65e+03] (170.2 ms)
INFO:root:[175,     0] grad_stats: [2.58e-04 2.50e-05] (9.79e-06, 7.29e-04)
INFO:root:[175,   116] loss: 5.667079e-03 masks: 22.0 17.3 [wd: 1.38e-01] [lr: 8.04e-04] [mem: 5.65e+03] (173.5 ms)
INFO:root:[175,   116] grad_stats: [1.21e-04 2.96e-05] (9.54e-06, 4.52e-04)
INFO:root:[175,   232] loss: 5.679946e-03 masks: 22.0 17.3 [wd: 1.38e-01] [lr: 8.02e-04] [mem: 5.65e+03] (174.0 ms)
INFO:root:[175,   232] grad_stats: [9.49e-05 2.47e-05] (8.09e-06, 3.75e-04)
INFO:root:avg. loss 5.67994605e-03
INFO:root:time taken for epoch 0:00:53.953312
INFO:root:Epoch 176
INFO:root:[176,     0] loss: 5.164840e-03 masks: 18.0 20.0 [wd: 1.38e-01] [lr: 8.02e-04] [mem: 5.65e+03] (166.6 ms)
INFO:root:[176,     0] grad_stats: [1.06e-04 1.60e-05] (5.92e-06, 2.28e-04)
INFO:root:[176,   116] loss: 5.648003e-03 masks: 21.9 17.3 [wd: 1.39e-01] [lr: 8.01e-04] [mem: 5.65e+03] (173.4 ms)
INFO:root:[176,   116] grad_stats: [1.53e-04 2.50e-05] (8.51e-06, 4.73e-04)
INFO:root:[176,   232] loss: 5.657053e-03 masks: 22.1 17.2 [wd: 1.39e-01] [lr: 8.00e-04] [mem: 5.65e+03] (174.4 ms)
INFO:root:[176,   232] grad_stats: [2.20e-04 2.06e-05] (1.07e-05, 7.49e-04)
INFO:root:avg. loss 5.65705333e-03
INFO:root:time taken for epoch 0:00:54.038149
INFO:root:Epoch 177
INFO:root:[177,     0] loss: 5.281423e-03 masks: 17.0 20.0 [wd: 1.39e-01] [lr: 8.00e-04] [mem: 5.65e+03] (163.2 ms)
INFO:root:[177,     0] grad_stats: [1.92e-04 2.02e-05] (8.67e-06, 5.12e-04)
INFO:root:[177,   116] loss: 5.663743e-03 masks: 22.1 17.3 [wd: 1.40e-01] [lr: 7.98e-04] [mem: 5.65e+03] (173.9 ms)
INFO:root:[177,   116] grad_stats: [2.32e-04 3.15e-05] (1.27e-05, 1.30e-03)
INFO:root:[177,   232] loss: 5.659212e-03 masks: 21.9 17.3 [wd: 1.40e-01] [lr: 7.97e-04] [mem: 5.65e+03] (173.9 ms)
INFO:root:[177,   232] grad_stats: [5.52e-05 2.42e-05] (8.02e-06, 5.89e-04)
INFO:root:avg. loss 5.65921193e-03
INFO:root:time taken for epoch 0:00:53.961063
INFO:root:Epoch 178
INFO:root:[178,     0] loss: 5.735516e-03 masks: 21.0 16.0 [wd: 1.40e-01] [lr: 7.97e-04] [mem: 5.65e+03] (168.5 ms)
INFO:root:[178,     0] grad_stats: [1.51e-04 2.82e-05] (1.00e-05, 8.32e-04)
INFO:root:[178,   116] loss: 5.699966e-03 masks: 22.8 17.0 [wd: 1.41e-01] [lr: 7.95e-04] [mem: 5.65e+03] (175.2 ms)
INFO:root:[178,   116] grad_stats: [7.36e-05 2.09e-05] (7.82e-06, 7.58e-04)
INFO:root:[178,   232] loss: 5.615765e-03 masks: 22.0 17.4 [wd: 1.41e-01] [lr: 7.94e-04] [mem: 5.65e+03] (174.1 ms)
INFO:root:[178,   232] grad_stats: [1.25e-04 1.81e-05] (5.87e-06, 4.85e-04)
INFO:root:avg. loss 5.61576537e-03
INFO:root:time taken for epoch 0:00:53.875195
INFO:root:Epoch 179
INFO:root:[179,     0] loss: 5.245221e-03 masks: 17.0 20.0 [wd: 1.41e-01] [lr: 7.94e-04] [mem: 5.65e+03] (160.2 ms)
INFO:root:[179,     0] grad_stats: [5.73e-05 1.95e-05] (7.48e-06, 1.06e-03)
INFO:root:[179,   116] loss: 5.551101e-03 masks: 20.9 17.9 [wd: 1.42e-01] [lr: 7.93e-04] [mem: 5.65e+03] (171.6 ms)
INFO:root:[179,   116] grad_stats: [1.65e-04 2.90e-05] (9.10e-06, 5.16e-04)
INFO:root:[179,   232] loss: 5.600930e-03 masks: 21.5 17.6 [wd: 1.42e-01] [lr: 7.91e-04] [mem: 5.65e+03] (173.3 ms)
INFO:root:[179,   232] grad_stats: [3.11e-04 2.57e-05] (1.03e-05, 1.92e-03)
INFO:root:avg. loss 5.60093010e-03
INFO:root:time taken for epoch 0:00:53.832694
INFO:root:Epoch 180
INFO:root:[180,     0] loss: 4.969993e-03 masks: 21.0 20.0 [wd: 1.42e-01] [lr: 7.91e-04] [mem: 5.65e+03] (173.4 ms)
INFO:root:[180,     0] grad_stats: [1.34e-04 1.81e-05] (8.27e-06, 8.74e-04)
INFO:root:[180,   116] loss: 5.621328e-03 masks: 21.4 17.6 [wd: 1.43e-01] [lr: 7.90e-04] [mem: 5.65e+03] (172.3 ms)
INFO:root:[180,   116] grad_stats: [8.24e-05 2.52e-05] (7.25e-06, 4.97e-04)
INFO:root:[180,   232] loss: 5.681347e-03 masks: 21.4 17.4 [wd: 1.43e-01] [lr: 7.89e-04] [mem: 5.65e+03] (172.6 ms)
INFO:root:[180,   232] grad_stats: [1.70e-04 2.11e-05] (7.12e-06, 3.17e-04)
INFO:root:avg. loss 5.68134714e-03
INFO:root:time taken for epoch 0:00:53.696864
INFO:root:Epoch 181
INFO:root:[181,     0] loss: 5.303494e-03 masks: 14.0 20.0 [wd: 1.43e-01] [lr: 7.89e-04] [mem: 5.65e+03] (153.8 ms)
INFO:root:[181,     0] grad_stats: [6.61e-05 2.56e-05] (9.24e-06, 9.16e-04)
INFO:root:[181,   116] loss: 5.711873e-03 masks: 21.3 17.4 [wd: 1.44e-01] [lr: 7.87e-04] [mem: 5.65e+03] (171.7 ms)
INFO:root:[181,   116] grad_stats: [1.59e-04 2.53e-05] (7.75e-06, 7.96e-04)
INFO:root:[181,   232] loss: 5.690385e-03 masks: 21.7 17.3 [wd: 1.44e-01] [lr: 7.86e-04] [mem: 5.65e+03] (173.1 ms)
INFO:root:[181,   232] grad_stats: [2.42e-04 2.41e-05] (1.03e-05, 5.56e-04)
INFO:root:avg. loss 5.69038495e-03
INFO:root:time taken for epoch 0:00:53.824782
INFO:root:Epoch 182
INFO:root:[182,     0] loss: 5.442637e-03 masks: 27.0 16.0 [wd: 1.44e-01] [lr: 7.86e-04] [mem: 5.65e+03] (183.3 ms)
INFO:root:[182,     0] grad_stats: [7.46e-05 2.27e-05] (1.03e-05, 1.08e-03)
INFO:root:[182,   116] loss: 5.661060e-03 masks: 22.3 17.4 [wd: 1.45e-01] [lr: 7.84e-04] [mem: 5.65e+03] (175.0 ms)
INFO:root:[182,   116] grad_stats: [1.35e-04 2.56e-05] (7.48e-06, 5.79e-04)
INFO:root:[182,   232] loss: 5.623952e-03 masks: 22.1 17.5 [wd: 1.45e-01] [lr: 7.83e-04] [mem: 5.65e+03] (174.8 ms)
INFO:root:[182,   232] grad_stats: [9.30e-05 3.14e-05] (9.80e-06, 1.91e-03)
INFO:root:avg. loss 5.62395164e-03
INFO:root:time taken for epoch 0:00:54.189908
INFO:root:Epoch 183
INFO:root:[183,     0] loss: 5.792591e-03 masks: 24.0 16.0 [wd: 1.45e-01] [lr: 7.83e-04] [mem: 5.65e+03] (176.2 ms)
INFO:root:[183,     0] grad_stats: [9.92e-05 3.09e-05] (9.45e-06, 1.30e-03)
INFO:root:[183,   116] loss: 5.588141e-03 masks: 21.4 17.6 [wd: 1.46e-01] [lr: 7.82e-04] [mem: 5.65e+03] (172.4 ms)
INFO:root:[183,   116] grad_stats: [1.61e-04 3.09e-05] (8.68e-06, 4.90e-04)
INFO:root:[183,   232] loss: 5.643262e-03 masks: 21.6 17.5 [wd: 1.46e-01] [lr: 7.80e-04] [mem: 5.65e+03] (173.2 ms)
INFO:root:[183,   232] grad_stats: [5.33e-05 2.34e-05] (8.39e-06, 4.48e-04)
INFO:root:avg. loss 5.64326182e-03
INFO:root:time taken for epoch 0:00:53.542707
INFO:root:Epoch 184
INFO:root:[184,     0] loss: 7.071628e-03 masks: 17.0 16.0 [wd: 1.46e-01] [lr: 7.80e-04] [mem: 5.65e+03] (156.2 ms)
INFO:root:[184,     0] grad_stats: [8.59e-05 3.12e-05] (8.71e-06, 7.49e-04)
INFO:root:[184,   116] loss: 5.752162e-03 masks: 21.7 17.3 [wd: 1.47e-01] [lr: 7.79e-04] [mem: 5.65e+03] (172.7 ms)
INFO:root:[184,   116] grad_stats: [1.11e-04 2.12e-05] (1.05e-05, 7.10e-04)
INFO:root:[184,   232] loss: 5.725365e-03 masks: 21.6 17.4 [wd: 1.47e-01] [lr: 7.77e-04] [mem: 5.65e+03] (173.1 ms)
INFO:root:[184,   232] grad_stats: [9.20e-05 3.36e-05] (9.44e-06, 9.64e-04)
INFO:root:avg. loss 5.72536550e-03
INFO:root:time taken for epoch 0:00:53.751997
INFO:root:Epoch 185
INFO:root:[185,     0] loss: 5.656377e-03 masks: 16.0 20.0 [wd: 1.47e-01] [lr: 7.77e-04] [mem: 5.65e+03] (159.1 ms)
INFO:root:[185,     0] grad_stats: [1.13e-04 2.59e-05] (6.78e-06, 5.63e-04)
INFO:root:[185,   116] loss: 5.778066e-03 masks: 22.3 17.0 [wd: 1.48e-01] [lr: 7.76e-04] [mem: 5.65e+03] (173.9 ms)
INFO:root:[185,   116] grad_stats: [2.20e-04 1.91e-05] (9.26e-06, 6.37e-04)
INFO:root:[185,   232] loss: 5.779344e-03 masks: 22.4 17.0 [wd: 1.49e-01] [lr: 7.74e-04] [mem: 5.65e+03] (174.8 ms)
INFO:root:[185,   232] grad_stats: [8.21e-05 3.40e-05] (8.38e-06, 3.07e-04)
INFO:root:avg. loss 5.77934364e-03
INFO:root:time taken for epoch 0:00:54.175958
INFO:root:Epoch 186
INFO:root:[186,     0] loss: 6.331821e-03 masks: 20.0 16.0 [wd: 1.49e-01] [lr: 7.74e-04] [mem: 5.65e+03] (165.6 ms)
INFO:root:[186,     0] grad_stats: [1.24e-04 3.34e-05] (7.60e-06, 9.68e-04)
INFO:root:[186,   116] loss: 5.803052e-03 masks: 22.0 17.0 [wd: 1.49e-01] [lr: 7.73e-04] [mem: 5.65e+03] (173.2 ms)
INFO:root:[186,   116] grad_stats: [2.51e-04 2.71e-05] (1.26e-05, 1.05e-03)
INFO:root:[186,   232] loss: 5.808262e-03 masks: 22.5 16.8 [wd: 1.50e-01] [lr: 7.72e-04] [mem: 5.65e+03] (174.8 ms)
INFO:root:[186,   232] grad_stats: [1.53e-04 2.23e-05] (8.50e-06, 8.91e-04)
INFO:root:avg. loss 5.80826215e-03
INFO:root:time taken for epoch 0:00:54.112617
INFO:root:Epoch 187
INFO:root:[187,     0] loss: 5.169184e-03 masks: 20.0 20.0 [wd: 1.50e-01] [lr: 7.72e-04] [mem: 5.65e+03] (171.3 ms)
INFO:root:[187,     0] grad_stats: [1.17e-04 2.81e-05] (8.25e-06, 3.79e-04)
INFO:root:[187,   116] loss: 5.713272e-03 masks: 22.2 17.2 [wd: 1.50e-01] [lr: 7.70e-04] [mem: 5.65e+03] (174.0 ms)
INFO:root:[187,   116] grad_stats: [1.05e-04 3.32e-05] (9.83e-06, 1.18e-03)
INFO:root:[187,   232] loss: 5.693572e-03 masks: 21.9 17.3 [wd: 1.51e-01] [lr: 7.69e-04] [mem: 5.65e+03] (173.7 ms)
INFO:root:[187,   232] grad_stats: [1.25e-04 3.70e-05] (8.29e-06, 3.61e-04)
INFO:root:avg. loss 5.69357174e-03
INFO:root:time taken for epoch 0:00:53.981670
INFO:root:Epoch 188
INFO:root:[188,     0] loss: 6.296119e-03 masks: 35.0 12.0 [wd: 1.51e-01] [lr: 7.69e-04] [mem: 5.65e+03] (199.4 ms)
INFO:root:[188,     0] grad_stats: [3.03e-04 5.09e-05] (1.35e-05, 9.65e-04)
INFO:root:[188,   116] loss: 5.677531e-03 masks: 20.8 17.7 [wd: 1.51e-01] [lr: 7.67e-04] [mem: 5.65e+03] (170.6 ms)
INFO:root:[188,   116] grad_stats: [2.11e-04 2.77e-05] (9.16e-06, 1.11e-03)
INFO:root:[188,   232] loss: 5.737330e-03 masks: 21.3 17.4 [wd: 1.52e-01] [lr: 7.66e-04] [mem: 5.65e+03] (172.1 ms)
INFO:root:[188,   232] grad_stats: [1.13e-04 2.60e-05] (7.77e-06, 1.02e-03)
INFO:root:avg. loss 5.73733047e-03
INFO:root:time taken for epoch 0:00:53.487850
INFO:root:Epoch 189
INFO:root:[189,     0] loss: 5.514646e-03 masks: 27.0 16.0 [wd: 1.52e-01] [lr: 7.66e-04] [mem: 5.65e+03] (185.2 ms)
INFO:root:[189,     0] grad_stats: [1.80e-04 3.03e-05] (9.71e-06, 7.61e-04)
INFO:root:[189,   116] loss: 5.768539e-03 masks: 22.7 16.9 [wd: 1.52e-01] [lr: 7.64e-04] [mem: 5.65e+03] (175.0 ms)
INFO:root:[189,   116] grad_stats: [1.28e-04 2.27e-05] (6.75e-06, 4.87e-04)
INFO:root:[189,   232] loss: 5.712707e-03 masks: 22.3 17.1 [wd: 1.53e-01] [lr: 7.63e-04] [mem: 5.65e+03] (174.5 ms)
INFO:root:[189,   232] grad_stats: [1.17e-04 2.81e-05] (1.04e-05, 5.52e-04)
INFO:root:avg. loss 5.71270748e-03
INFO:root:time taken for epoch 0:00:54.087131
INFO:root:Epoch 190
INFO:root:[190,     0] loss: 5.288404e-03 masks: 19.0 20.0 [wd: 1.53e-01] [lr: 7.63e-04] [mem: 5.65e+03] (169.6 ms)
INFO:root:[190,     0] grad_stats: [6.44e-05 2.52e-05] (6.58e-06, 5.25e-04)
INFO:root:[190,   116] loss: 5.655734e-03 masks: 22.0 17.4 [wd: 1.53e-01] [lr: 7.61e-04] [mem: 5.65e+03] (173.6 ms)
INFO:root:[190,   116] grad_stats: [1.94e-04 2.50e-05] (9.20e-06, 1.96e-03)
INFO:root:[190,   232] loss: 5.663311e-03 masks: 22.1 17.3 [wd: 1.54e-01] [lr: 7.60e-04] [mem: 5.65e+03] (174.3 ms)
INFO:root:[190,   232] grad_stats: [1.21e-04 2.44e-05] (7.62e-06, 4.02e-04)
INFO:root:avg. loss 5.66331145e-03
INFO:root:time taken for epoch 0:00:54.081917
INFO:root:Epoch 191
INFO:root:[191,     0] loss: 5.329236e-03 masks: 16.0 20.0 [wd: 1.54e-01] [lr: 7.60e-04] [mem: 5.65e+03] (157.0 ms)
INFO:root:[191,     0] grad_stats: [1.03e-04 2.76e-05] (9.36e-06, 5.42e-04)
INFO:root:[191,   116] loss: 5.569411e-03 masks: 21.8 17.6 [wd: 1.54e-01] [lr: 7.59e-04] [mem: 5.65e+03] (173.5 ms)
INFO:root:[191,   116] grad_stats: [8.48e-05 2.22e-05] (7.10e-06, 5.09e-04)
INFO:root:[191,   232] loss: 5.616410e-03 masks: 22.0 17.4 [wd: 1.55e-01] [lr: 7.57e-04] [mem: 5.65e+03] (174.3 ms)
INFO:root:[191,   232] grad_stats: [1.13e-04 3.88e-05] (1.30e-05, 1.00e-03)
INFO:root:avg. loss 5.61640962e-03
INFO:root:time taken for epoch 0:00:54.015915
INFO:root:Epoch 192
INFO:root:[192,     0] loss: 6.517913e-03 masks: 17.0 16.0 [wd: 1.55e-01] [lr: 7.57e-04] [mem: 5.65e+03] (157.7 ms)
INFO:root:[192,     0] grad_stats: [1.46e-04 3.45e-05] (1.09e-05, 1.03e-03)
INFO:root:[192,   116] loss: 5.692790e-03 masks: 21.6 17.3 [wd: 1.55e-01] [lr: 7.56e-04] [mem: 5.65e+03] (172.3 ms)
INFO:root:[192,   116] grad_stats: [1.52e-04 3.13e-05] (8.83e-06, 7.98e-04)
INFO:root:[192,   232] loss: 5.742515e-03 masks: 21.8 17.1 [wd: 1.56e-01] [lr: 7.54e-04] [mem: 5.65e+03] (173.3 ms)
INFO:root:[192,   232] grad_stats: [1.06e-04 2.43e-05] (9.38e-06, 4.38e-04)
INFO:root:avg. loss 5.74251458e-03
INFO:root:time taken for epoch 0:00:53.851065
INFO:root:Epoch 193
INFO:root:[193,     0] loss: 5.355769e-03 masks: 20.0 20.0 [wd: 1.56e-01] [lr: 7.54e-04] [mem: 5.65e+03] (169.4 ms)
INFO:root:[193,     0] grad_stats: [9.50e-05 2.43e-05] (1.00e-05, 6.21e-04)
INFO:root:[193,   116] loss: 5.681349e-03 masks: 21.3 17.4 [wd: 1.56e-01] [lr: 7.53e-04] [mem: 5.65e+03] (171.7 ms)
INFO:root:[193,   116] grad_stats: [9.19e-05 2.87e-05] (8.43e-06, 9.51e-04)
INFO:root:[193,   232] loss: 5.698440e-03 masks: 21.9 17.3 [wd: 1.57e-01] [lr: 7.51e-04] [mem: 5.65e+03] (173.8 ms)
INFO:root:[193,   232] grad_stats: [2.26e-04 2.66e-05] (1.03e-05, 1.56e-03)
INFO:root:avg. loss 5.69844043e-03
INFO:root:time taken for epoch 0:00:53.917083
INFO:root:Epoch 194
INFO:root:[194,     0] loss: 5.337783e-03 masks: 26.0 16.0 [wd: 1.57e-01] [lr: 7.51e-04] [mem: 5.65e+03] (180.7 ms)
INFO:root:[194,     0] grad_stats: [1.93e-04 3.06e-05] (1.15e-05, 9.30e-04)
INFO:root:[194,   116] loss: 5.746675e-03 masks: 22.6 17.2 [wd: 1.57e-01] [lr: 7.50e-04] [mem: 5.65e+03] (174.9 ms)
INFO:root:[194,   116] grad_stats: [1.01e-04 2.63e-05] (7.70e-06, 6.93e-04)
INFO:root:[194,   232] loss: 5.767305e-03 masks: 22.1 17.2 [wd: 1.58e-01] [lr: 7.48e-04] [mem: 5.65e+03] (174.2 ms)
INFO:root:[194,   232] grad_stats: [1.81e-04 5.28e-05] (1.26e-05, 1.26e-03)
INFO:root:avg. loss 5.76730482e-03
INFO:root:time taken for epoch 0:00:53.860646
INFO:root:Epoch 195
INFO:root:[195,     0] loss: 5.695657e-03 masks: 21.0 16.0 [wd: 1.58e-01] [lr: 7.48e-04] [mem: 5.65e+03] (168.7 ms)
INFO:root:[195,     0] grad_stats: [2.71e-04 2.64e-05] (9.95e-06, 1.14e-03)
INFO:root:[195,   116] loss: 5.715468e-03 masks: 21.5 17.4 [wd: 1.58e-01] [lr: 7.47e-04] [mem: 5.65e+03] (172.5 ms)
INFO:root:[195,   116] grad_stats: [1.71e-04 2.19e-05] (7.62e-06, 1.36e-03)
INFO:root:[195,   232] loss: 5.709032e-03 masks: 21.2 17.5 [wd: 1.59e-01] [lr: 7.45e-04] [mem: 5.65e+03] (172.1 ms)
INFO:root:[195,   232] grad_stats: [1.42e-04 4.13e-05] (1.34e-05, 9.07e-04)
INFO:root:avg. loss 5.70903171e-03
INFO:root:time taken for epoch 0:00:53.577254
INFO:root:Epoch 196
INFO:root:[196,     0] loss: 5.836251e-03 masks: 23.0 16.0 [wd: 1.59e-01] [lr: 7.45e-04] [mem: 5.65e+03] (170.5 ms)
INFO:root:[196,     0] grad_stats: [1.47e-04 3.41e-05] (1.19e-05, 1.41e-03)
INFO:root:[196,   116] loss: 5.674195e-03 masks: 21.3 17.6 [wd: 1.60e-01] [lr: 7.44e-04] [mem: 5.65e+03] (172.0 ms)
INFO:root:[196,   116] grad_stats: [5.32e-05 2.75e-05] (9.58e-06, 9.44e-04)
INFO:root:[196,   232] loss: 5.699606e-03 masks: 21.5 17.5 [wd: 1.60e-01] [lr: 7.42e-04] [mem: 5.65e+03] (172.9 ms)
INFO:root:[196,   232] grad_stats: [1.08e-04 2.75e-05] (1.02e-05, 6.81e-04)
INFO:root:avg. loss 5.69960592e-03
INFO:root:time taken for epoch 0:00:53.733099
INFO:root:Epoch 197
INFO:root:[197,     0] loss: 6.501694e-03 masks: 20.0 16.0 [wd: 1.60e-01] [lr: 7.42e-04] [mem: 5.65e+03] (164.4 ms)
INFO:root:[197,     0] grad_stats: [1.29e-04 3.89e-05] (1.18e-05, 6.23e-04)
INFO:root:[197,   116] loss: 5.685388e-03 masks: 22.7 17.1 [wd: 1.61e-01] [lr: 7.41e-04] [mem: 5.65e+03] (175.2 ms)
INFO:root:[197,   116] grad_stats: [1.98e-04 2.70e-05] (1.08e-05, 1.40e-03)
INFO:root:[197,   232] loss: 5.720252e-03 masks: 22.1 17.2 [wd: 1.61e-01] [lr: 7.39e-04] [mem: 5.65e+03] (174.2 ms)
INFO:root:[197,   232] grad_stats: [1.09e-04 2.59e-05] (9.37e-06, 4.79e-04)
INFO:root:avg. loss 5.72025205e-03
INFO:root:time taken for epoch 0:00:54.013893
INFO:root:Epoch 198
INFO:root:[198,     0] loss: 5.088097e-03 masks: 27.0 16.0 [wd: 1.61e-01] [lr: 7.39e-04] [mem: 5.65e+03] (185.2 ms)
INFO:root:[198,     0] grad_stats: [2.86e-04 2.72e-05] (1.17e-05, 5.71e-04)
INFO:root:[198,   116] loss: 5.662859e-03 masks: 21.6 17.4 [wd: 1.62e-01] [lr: 7.38e-04] [mem: 5.65e+03] (172.5 ms)
INFO:root:[198,   116] grad_stats: [2.16e-04 3.01e-05] (8.85e-06, 6.12e-04)
INFO:root:[198,   232] loss: 5.685737e-03 masks: 21.8 17.3 [wd: 1.62e-01] [lr: 7.36e-04] [mem: 5.65e+03] (173.6 ms)
INFO:root:[198,   232] grad_stats: [1.31e-04 2.72e-05] (1.07e-05, 7.20e-04)
INFO:root:avg. loss 5.68573683e-03
INFO:root:time taken for epoch 0:00:53.910768
INFO:root:Epoch 199
INFO:root:[199,     0] loss: 6.242555e-03 masks: 23.0 16.0 [wd: 1.62e-01] [lr: 7.36e-04] [mem: 5.65e+03] (171.4 ms)
INFO:root:[199,     0] grad_stats: [8.88e-05 3.72e-05] (1.13e-05, 1.23e-03)
INFO:root:[199,   116] loss: 5.700818e-03 masks: 21.8 17.3 [wd: 1.63e-01] [lr: 7.35e-04] [mem: 5.65e+03] (173.0 ms)
INFO:root:[199,   116] grad_stats: [1.65e-04 3.91e-05] (1.27e-05, 4.78e-04)
INFO:root:[199,   232] loss: 5.684559e-03 masks: 21.8 17.5 [wd: 1.63e-01] [lr: 7.33e-04] [mem: 5.65e+03] (173.6 ms)
INFO:root:[199,   232] grad_stats: [8.43e-05 2.80e-05] (9.12e-06, 4.84e-04)
INFO:root:avg. loss 5.68455904e-03
INFO:root:time taken for epoch 0:00:54.553538
INFO:root:Epoch 200
INFO:root:[200,     0] loss: 6.300106e-03 masks: 33.0 12.0 [wd: 1.63e-01] [lr: 7.33e-04] [mem: 5.65e+03] (194.1 ms)
INFO:root:[200,     0] grad_stats: [1.61e-04 5.36e-05] (1.74e-05, 7.89e-04)
INFO:root:[200,   116] loss: 5.652037e-03 masks: 21.5 17.5 [wd: 1.64e-01] [lr: 7.32e-04] [mem: 5.65e+03] (172.4 ms)
INFO:root:[200,   116] grad_stats: [9.90e-05 2.94e-05] (1.20e-05, 4.78e-04)
INFO:root:[200,   232] loss: 5.712175e-03 masks: 21.8 17.3 [wd: 1.64e-01] [lr: 7.30e-04] [mem: 5.65e+03] (173.3 ms)
INFO:root:[200,   232] grad_stats: [1.91e-04 3.22e-05] (1.20e-05, 8.13e-04)
INFO:root:avg. loss 5.71217504e-03
INFO:root:	Epoch 200, KNN accuracy train: 7.24392e-01, KNN accuracy train: 5.79333e-01
INFO:root:time taken for epoch 0:01:35.975157
INFO:root:Epoch 201
INFO:root:[201,     0] loss: 4.897708e-03 masks: 18.0 20.0 [wd: 1.64e-01] [lr: 7.30e-04] [mem: 5.65e+03] (165.9 ms)
INFO:root:[201,     0] grad_stats: [9.91e-05 2.52e-05] (8.53e-06, 9.32e-04)
INFO:root:[201,   116] loss: 5.707993e-03 masks: 22.0 17.2 [wd: 1.65e-01] [lr: 7.29e-04] [mem: 5.65e+03] (173.2 ms)
INFO:root:[201,   116] grad_stats: [1.78e-04 1.88e-05] (7.92e-06, 7.02e-04)
INFO:root:[201,   232] loss: 5.688363e-03 masks: 22.1 17.2 [wd: 1.65e-01] [lr: 7.27e-04] [mem: 5.65e+03] (173.8 ms)
INFO:root:[201,   232] grad_stats: [1.53e-04 3.04e-05] (1.08e-05, 8.70e-04)
INFO:root:avg. loss 5.68836315e-03
INFO:root:time taken for epoch 0:00:53.924389
INFO:root:Epoch 202
INFO:root:[202,     0] loss: 6.692797e-03 masks: 22.0 16.0 [wd: 1.65e-01] [lr: 7.27e-04] [mem: 5.65e+03] (170.4 ms)
INFO:root:[202,     0] grad_stats: [1.11e-04 4.46e-05] (1.29e-05, 1.02e-03)
INFO:root:[202,   116] loss: 5.637044e-03 masks: 21.3 17.7 [wd: 1.66e-01] [lr: 7.26e-04] [mem: 5.65e+03] (172.1 ms)
INFO:root:[202,   116] grad_stats: [1.29e-04 2.63e-05] (9.77e-06, 1.00e-03)
INFO:root:[202,   232] loss: 5.637936e-03 masks: 21.9 17.4 [wd: 1.67e-01] [lr: 7.24e-04] [mem: 5.65e+03] (173.8 ms)
INFO:root:[202,   232] grad_stats: [2.51e-04 2.88e-05] (9.26e-06, 8.61e-04)
INFO:root:avg. loss 5.63793635e-03
INFO:root:time taken for epoch 0:00:54.036388
INFO:root:Epoch 203
INFO:root:[203,     0] loss: 5.252371e-03 masks: 18.0 20.0 [wd: 1.67e-01] [lr: 7.24e-04] [mem: 5.65e+03] (163.7 ms)
INFO:root:[203,     0] grad_stats: [9.16e-05 2.82e-05] (8.43e-06, 4.71e-04)
INFO:root:[203,   116] loss: 5.691223e-03 masks: 23.2 16.9 [wd: 1.67e-01] [lr: 7.23e-04] [mem: 5.65e+03] (176.4 ms)
INFO:root:[203,   116] grad_stats: [2.14e-04 2.88e-05] (1.09e-05, 5.56e-04)
INFO:root:[203,   232] loss: 5.669671e-03 masks: 22.9 17.0 [wd: 1.68e-01] [lr: 7.21e-04] [mem: 5.65e+03] (176.0 ms)
INFO:root:[203,   232] grad_stats: [1.76e-04 2.52e-05] (9.61e-06, 1.17e-03)
INFO:root:avg. loss 5.66967113e-03
INFO:root:time taken for epoch 0:00:54.532129
INFO:root:Epoch 204
INFO:root:[204,     0] loss: 5.761925e-03 masks: 23.0 16.0 [wd: 1.68e-01] [lr: 7.21e-04] [mem: 5.65e+03] (172.7 ms)
INFO:root:[204,     0] grad_stats: [1.05e-04 2.59e-05] (9.42e-06, 1.63e-03)
INFO:root:[204,   116] loss: 5.618618e-03 masks: 21.5 17.4 [wd: 1.68e-01] [lr: 7.20e-04] [mem: 5.65e+03] (172.2 ms)
INFO:root:[204,   116] grad_stats: [1.60e-04 3.08e-05] (8.67e-06, 4.20e-04)
INFO:root:[204,   232] loss: 5.646944e-03 masks: 21.9 17.3 [wd: 1.69e-01] [lr: 7.18e-04] [mem: 5.65e+03] (173.9 ms)
INFO:root:[204,   232] grad_stats: [1.39e-04 2.07e-05] (1.03e-05, 1.53e-03)
INFO:root:avg. loss 5.64694404e-03
INFO:root:time taken for epoch 0:00:53.945859
INFO:root:Epoch 205
INFO:root:[205,     0] loss: 5.157453e-03 masks: 18.0 20.0 [wd: 1.69e-01] [lr: 7.18e-04] [mem: 5.65e+03] (165.2 ms)
INFO:root:[205,     0] grad_stats: [1.78e-04 2.54e-05] (1.18e-05, 1.40e-03)
INFO:root:[205,   116] loss: 5.610350e-03 masks: 21.5 17.7 [wd: 1.69e-01] [lr: 7.17e-04] [mem: 5.65e+03] (172.8 ms)
INFO:root:[205,   116] grad_stats: [2.27e-04 3.08e-05] (1.18e-05, 4.42e-04)
INFO:root:[205,   232] loss: 5.675820e-03 masks: 22.0 17.3 [wd: 1.70e-01] [lr: 7.15e-04] [mem: 5.65e+03] (174.1 ms)
INFO:root:[205,   232] grad_stats: [1.47e-04 2.49e-05] (8.24e-06, 4.71e-04)
INFO:root:avg. loss 5.67581959e-03
INFO:root:time taken for epoch 0:00:54.041814
INFO:root:Epoch 206
INFO:root:[206,     0] loss: 4.770535e-03 masks: 20.0 20.0 [wd: 1.70e-01] [lr: 7.15e-04] [mem: 5.65e+03] (168.4 ms)
INFO:root:[206,     0] grad_stats: [1.03e-04 1.96e-05] (9.33e-06, 9.08e-04)
INFO:root:[206,   116] loss: 5.727848e-03 masks: 22.1 17.1 [wd: 1.70e-01] [lr: 7.13e-04] [mem: 5.65e+03] (173.7 ms)
INFO:root:[206,   116] grad_stats: [1.80e-04 4.08e-05] (1.25e-05, 5.27e-04)
INFO:root:[206,   232] loss: 5.681169e-03 masks: 21.9 17.3 [wd: 1.71e-01] [lr: 7.12e-04] [mem: 5.65e+03] (173.6 ms)
INFO:root:[206,   232] grad_stats: [9.23e-05 3.29e-05] (1.12e-05, 6.39e-04)
INFO:root:avg. loss 5.68116881e-03
INFO:root:time taken for epoch 0:00:53.867808
INFO:root:Epoch 207
INFO:root:[207,     0] loss: 5.878646e-03 masks: 18.0 20.0 [wd: 1.71e-01] [lr: 7.12e-04] [mem: 5.65e+03] (166.2 ms)
INFO:root:[207,     0] grad_stats: [1.58e-04 3.04e-05] (1.13e-05, 1.08e-03)
INFO:root:[207,   116] loss: 5.658990e-03 masks: 21.6 17.3 [wd: 1.71e-01] [lr: 7.10e-04] [mem: 5.65e+03] (172.6 ms)
INFO:root:[207,   116] grad_stats: [2.59e-04 3.68e-05] (1.26e-05, 8.64e-04)
INFO:root:[207,   232] loss: 5.707832e-03 masks: 22.1 17.2 [wd: 1.72e-01] [lr: 7.09e-04] [mem: 5.65e+03] (174.0 ms)
INFO:root:[207,   232] grad_stats: [1.23e-04 2.39e-05] (9.09e-06, 4.78e-04)
INFO:root:avg. loss 5.70783248e-03
INFO:root:time taken for epoch 0:00:54.076124
INFO:root:Epoch 208
INFO:root:[208,     0] loss: 5.481803e-03 masks: 14.0 20.0 [wd: 1.72e-01] [lr: 7.09e-04] [mem: 5.65e+03] (156.1 ms)
INFO:root:[208,     0] grad_stats: [5.71e-05 3.18e-05] (8.75e-06, 6.55e-04)
INFO:root:[208,   116] loss: 5.624626e-03 masks: 22.3 17.2 [wd: 1.73e-01] [lr: 7.07e-04] [mem: 5.65e+03] (174.2 ms)
INFO:root:[208,   116] grad_stats: [8.61e-05 2.14e-05] (9.01e-06, 2.19e-03)
INFO:root:[208,   232] loss: 5.658901e-03 masks: 22.2 17.2 [wd: 1.73e-01] [lr: 7.06e-04] [mem: 5.65e+03] (174.6 ms)
INFO:root:[208,   232] grad_stats: [1.20e-04 1.73e-05] (8.22e-06, 6.25e-04)
INFO:root:avg. loss 5.65890121e-03
INFO:root:time taken for epoch 0:00:54.096861
INFO:root:Epoch 209
INFO:root:[209,     0] loss: 5.601013e-03 masks: 23.0 16.0 [wd: 1.73e-01] [lr: 7.06e-04] [mem: 5.65e+03] (169.7 ms)
INFO:root:[209,     0] grad_stats: [1.25e-04 2.67e-05] (1.12e-05, 2.06e-03)
INFO:root:[209,   116] loss: 5.576206e-03 masks: 21.6 17.5 [wd: 1.74e-01] [lr: 7.04e-04] [mem: 5.65e+03] (172.7 ms)
INFO:root:[209,   116] grad_stats: [6.72e-05 2.14e-05] (9.66e-06, 5.85e-04)
INFO:root:[209,   232] loss: 5.625727e-03 masks: 22.1 17.3 [wd: 1.74e-01] [lr: 7.03e-04] [mem: 5.65e+03] (174.2 ms)
INFO:root:[209,   232] grad_stats: [1.81e-04 3.64e-05] (2.10e-05, 1.34e-03)
INFO:root:avg. loss 5.62572667e-03
INFO:root:time taken for epoch 0:00:53.893934
INFO:root:Epoch 210
INFO:root:[210,     0] loss: 5.260687e-03 masks: 28.0 16.0 [wd: 1.74e-01] [lr: 7.03e-04] [mem: 5.65e+03] (187.3 ms)
INFO:root:[210,     0] grad_stats: [7.16e-05 3.24e-05] (1.15e-05, 5.60e-04)
INFO:root:[210,   116] loss: 5.660289e-03 masks: 21.4 17.4 [wd: 1.75e-01] [lr: 7.01e-04] [mem: 5.65e+03] (172.2 ms)
INFO:root:[210,   116] grad_stats: [1.58e-04 2.67e-05] (1.13e-05, 5.58e-04)
INFO:root:[210,   232] loss: 5.636665e-03 masks: 21.4 17.4 [wd: 1.75e-01] [lr: 7.00e-04] [mem: 5.65e+03] (172.6 ms)
INFO:root:[210,   232] grad_stats: [8.10e-05 3.80e-05] (1.19e-05, 4.33e-04)
INFO:root:avg. loss 5.63666474e-03
INFO:root:time taken for epoch 0:00:53.641668
INFO:root:Epoch 211
INFO:root:[211,     0] loss: 5.994145e-03 masks: 23.0 16.0 [wd: 1.75e-01] [lr: 6.99e-04] [mem: 5.65e+03] (171.7 ms)
INFO:root:[211,     0] grad_stats: [1.95e-04 3.04e-05] (1.08e-05, 8.95e-04)
INFO:root:[211,   116] loss: 5.745444e-03 masks: 23.2 16.5 [wd: 1.76e-01] [lr: 6.98e-04] [mem: 5.65e+03] (176.0 ms)
INFO:root:[211,   116] grad_stats: [6.01e-05 3.48e-05] (1.21e-05, 6.76e-04)
INFO:root:[211,   232] loss: 5.701909e-03 masks: 22.8 16.9 [wd: 1.76e-01] [lr: 6.96e-04] [mem: 5.65e+03] (175.6 ms)
INFO:root:[211,   232] grad_stats: [1.17e-04 3.63e-05] (1.34e-05, 1.87e-03)
INFO:root:avg. loss 5.70190926e-03
INFO:root:time taken for epoch 0:00:54.434127
INFO:root:Epoch 212
INFO:root:[212,     0] loss: 6.556580e-03 masks: 20.0 16.0 [wd: 1.76e-01] [lr: 6.96e-04] [mem: 5.65e+03] (165.0 ms)
INFO:root:[212,     0] grad_stats: [2.26e-04 3.54e-05] (1.54e-05, 1.60e-03)
INFO:root:[212,   116] loss: 5.638547e-03 masks: 22.3 17.1 [wd: 1.77e-01] [lr: 6.95e-04] [mem: 5.65e+03] (174.3 ms)
INFO:root:[212,   116] grad_stats: [1.13e-04 3.10e-05] (1.00e-05, 1.96e-03)
INFO:root:[212,   232] loss: 5.657015e-03 masks: 22.2 17.2 [wd: 1.77e-01] [lr: 6.93e-04] [mem: 5.65e+03] (174.5 ms)
INFO:root:[212,   232] grad_stats: [1.93e-04 4.24e-05] (1.24e-05, 4.92e-04)
INFO:root:avg. loss 5.65701533e-03
INFO:root:time taken for epoch 0:00:54.069700
INFO:root:Epoch 213
INFO:root:[213,     0] loss: 5.358831e-03 masks: 25.0 16.0 [wd: 1.77e-01] [lr: 6.93e-04] [mem: 5.65e+03] (178.5 ms)
INFO:root:[213,     0] grad_stats: [1.93e-04 4.53e-05] (1.53e-05, 1.61e-03)
INFO:root:[213,   116] loss: 5.752555e-03 masks: 21.4 17.4 [wd: 1.78e-01] [lr: 6.92e-04] [mem: 5.65e+03] (171.8 ms)
INFO:root:[213,   116] grad_stats: [1.34e-04 2.66e-05] (8.31e-06, 9.72e-04)
INFO:root:[213,   232] loss: 5.740277e-03 masks: 21.9 17.2 [wd: 1.79e-01] [lr: 6.90e-04] [mem: 5.65e+03] (173.6 ms)
INFO:root:[213,   232] grad_stats: [1.80e-04 2.96e-05] (1.25e-05, 9.34e-04)
INFO:root:avg. loss 5.74027703e-03
INFO:root:time taken for epoch 0:00:53.929972
INFO:root:Epoch 214
INFO:root:[214,     0] loss: 5.003437e-03 masks: 19.0 20.0 [wd: 1.79e-01] [lr: 6.90e-04] [mem: 5.65e+03] (166.5 ms)
INFO:root:[214,     0] grad_stats: [2.06e-04 2.74e-05] (8.94e-06, 4.36e-04)
INFO:root:[214,   116] loss: 5.769947e-03 masks: 22.2 17.1 [wd: 1.79e-01] [lr: 6.88e-04] [mem: 5.65e+03] (173.7 ms)
INFO:root:[214,   116] grad_stats: [1.97e-04 4.66e-05] (1.47e-05, 6.97e-04)
INFO:root:[214,   232] loss: 5.681002e-03 masks: 21.7 17.3 [wd: 1.80e-01] [lr: 6.87e-04] [mem: 5.65e+03] (173.3 ms)
INFO:root:[214,   232] grad_stats: [9.55e-05 2.71e-05] (8.34e-06, 6.20e-04)
INFO:root:avg. loss 5.68100177e-03
INFO:root:time taken for epoch 0:00:53.845498
INFO:root:Epoch 215
INFO:root:[215,     0] loss: 5.436853e-03 masks: 16.0 20.0 [wd: 1.80e-01] [lr: 6.87e-04] [mem: 5.65e+03] (159.0 ms)
INFO:root:[215,     0] grad_stats: [9.34e-05 2.86e-05] (8.70e-06, 6.07e-04)
INFO:root:[215,   116] loss: 5.711602e-03 masks: 22.0 17.1 [wd: 1.80e-01] [lr: 6.85e-04] [mem: 5.65e+03] (173.4 ms)
INFO:root:[215,   116] grad_stats: [7.70e-05 3.35e-05] (9.53e-06, 4.02e-04)
INFO:root:[215,   232] loss: 5.647964e-03 masks: 21.8 17.3 [wd: 1.81e-01] [lr: 6.84e-04] [mem: 5.65e+03] (173.6 ms)
INFO:root:[215,   232] grad_stats: [1.00e-04 3.95e-05] (1.17e-05, 3.88e-04)
INFO:root:avg. loss 5.64796376e-03
INFO:root:time taken for epoch 0:00:53.891839
INFO:root:Epoch 216
INFO:root:[216,     0] loss: 4.946091e-03 masks: 25.0 16.0 [wd: 1.81e-01] [lr: 6.84e-04] [mem: 5.65e+03] (178.2 ms)
INFO:root:[216,     0] grad_stats: [1.48e-04 2.41e-05] (1.04e-05, 4.27e-04)
INFO:root:[216,   116] loss: 5.581090e-03 masks: 21.5 17.6 [wd: 1.81e-01] [lr: 6.82e-04] [mem: 5.65e+03] (172.6 ms)
INFO:root:[216,   116] grad_stats: [2.48e-04 2.89e-05] (1.33e-05, 5.74e-04)
INFO:root:[216,   232] loss: 5.620163e-03 masks: 21.3 17.6 [wd: 1.82e-01] [lr: 6.81e-04] [mem: 5.65e+03] (172.6 ms)
INFO:root:[216,   232] grad_stats: [8.21e-05 3.42e-05] (1.05e-05, 3.47e-04)
INFO:root:avg. loss 5.62016251e-03
INFO:root:time taken for epoch 0:00:53.689657
INFO:root:Epoch 217
INFO:root:[217,     0] loss: 6.236867e-03 masks: 20.0 16.0 [wd: 1.82e-01] [lr: 6.81e-04] [mem: 5.65e+03] (165.1 ms)
INFO:root:[217,     0] grad_stats: [1.09e-04 3.16e-05] (1.22e-05, 6.93e-04)
INFO:root:[217,   116] loss: 5.627314e-03 masks: 22.0 17.2 [wd: 1.82e-01] [lr: 6.79e-04] [mem: 5.65e+03] (173.4 ms)
INFO:root:[217,   116] grad_stats: [1.80e-04 2.76e-05] (1.09e-05, 7.11e-04)
INFO:root:[217,   232] loss: 5.652988e-03 masks: 22.0 17.2 [wd: 1.83e-01] [lr: 6.77e-04] [mem: 5.65e+03] (173.9 ms)
INFO:root:[217,   232] grad_stats: [8.45e-05 3.28e-05] (9.70e-06, 6.18e-04)
INFO:root:avg. loss 5.65298798e-03
INFO:root:time taken for epoch 0:00:53.888653
INFO:root:Epoch 218
INFO:root:[218,     0] loss: 5.322215e-03 masks: 27.0 16.0 [wd: 1.83e-01] [lr: 6.77e-04] [mem: 5.65e+03] (183.0 ms)
INFO:root:[218,     0] grad_stats: [1.62e-04 4.00e-05] (1.38e-05, 1.35e-03)
INFO:root:[218,   116] loss: 5.687874e-03 masks: 22.2 17.2 [wd: 1.84e-01] [lr: 6.76e-04] [mem: 5.65e+03] (174.0 ms)
INFO:root:[218,   116] grad_stats: [1.07e-04 2.89e-05] (1.20e-05, 9.59e-04)
INFO:root:[218,   232] loss: 5.658658e-03 masks: 21.8 17.3 [wd: 1.84e-01] [lr: 6.74e-04] [mem: 5.65e+03] (173.6 ms)
INFO:root:[218,   232] grad_stats: [8.31e-05 2.59e-05] (1.23e-05, 7.26e-04)
INFO:root:avg. loss 5.65865754e-03
INFO:root:time taken for epoch 0:00:53.844552
INFO:root:Epoch 219
INFO:root:[219,     0] loss: 5.957785e-03 masks: 25.0 16.0 [wd: 1.84e-01] [lr: 6.74e-04] [mem: 5.65e+03] (178.7 ms)
INFO:root:[219,     0] grad_stats: [2.40e-04 3.55e-05] (1.47e-05, 1.22e-03)
INFO:root:[219,   116] loss: 5.801968e-03 masks: 22.5 16.8 [wd: 1.85e-01] [lr: 6.73e-04] [mem: 5.65e+03] (174.2 ms)
INFO:root:[219,   116] grad_stats: [9.58e-05 3.17e-05] (1.11e-05, 1.13e-03)
INFO:root:[219,   232] loss: 5.710839e-03 masks: 22.1 17.2 [wd: 1.85e-01] [lr: 6.71e-04] [mem: 5.65e+03] (174.1 ms)
INFO:root:[219,   232] grad_stats: [1.56e-04 3.27e-05] (1.07e-05, 1.12e-03)
INFO:root:avg. loss 5.71083898e-03
INFO:root:time taken for epoch 0:00:53.989063
INFO:root:Epoch 220
INFO:root:[220,     0] loss: 5.671672e-03 masks: 12.0 20.0 [wd: 1.85e-01] [lr: 6.71e-04] [mem: 5.65e+03] (146.0 ms)
INFO:root:[220,     0] grad_stats: [8.12e-05 3.19e-05] (1.11e-05, 7.16e-04)
INFO:root:[220,   116] loss: 5.741156e-03 masks: 21.7 17.2 [wd: 1.86e-01] [lr: 6.69e-04] [mem: 5.65e+03] (172.6 ms)
INFO:root:[220,   116] grad_stats: [2.03e-04 3.57e-05] (1.19e-05, 8.98e-04)
INFO:root:[220,   232] loss: 5.686186e-03 masks: 21.8 17.2 [wd: 1.86e-01] [lr: 6.68e-04] [mem: 5.65e+03] (173.4 ms)
INFO:root:[220,   232] grad_stats: [8.45e-05 2.98e-05] (1.11e-05, 9.27e-04)
INFO:root:avg. loss 5.68618637e-03
INFO:root:time taken for epoch 0:00:53.897325
INFO:root:Epoch 221
INFO:root:[221,     0] loss: 5.461124e-03 masks: 27.0 16.0 [wd: 1.86e-01] [lr: 6.68e-04] [mem: 5.65e+03] (185.0 ms)
INFO:root:[221,     0] grad_stats: [1.48e-04 2.95e-05] (1.19e-05, 2.34e-03)
INFO:root:[221,   116] loss: 5.595555e-03 masks: 21.5 17.4 [wd: 1.87e-01] [lr: 6.66e-04] [mem: 5.65e+03] (172.4 ms)
INFO:root:[221,   116] grad_stats: [1.25e-04 3.13e-05] (9.82e-06, 5.95e-04)
INFO:root:[221,   232] loss: 5.573866e-03 masks: 21.5 17.6 [wd: 1.87e-01] [lr: 6.65e-04] [mem: 5.65e+03] (172.8 ms)
INFO:root:[221,   232] grad_stats: [1.05e-04 3.03e-05] (1.25e-05, 1.29e-03)
INFO:root:avg. loss 5.57386628e-03
INFO:root:time taken for epoch 0:00:53.701250
INFO:root:Epoch 222
INFO:root:[222,     0] loss: 5.635154e-03 masks: 28.0 16.0 [wd: 1.87e-01] [lr: 6.65e-04] [mem: 5.65e+03] (187.7 ms)
INFO:root:[222,     0] grad_stats: [9.11e-05 2.76e-05] (1.06e-05, 1.17e-03)
INFO:root:[222,   116] loss: 5.610388e-03 masks: 20.9 17.5 [wd: 1.88e-01] [lr: 6.63e-04] [mem: 5.65e+03] (170.8 ms)
INFO:root:[222,   116] grad_stats: [7.99e-05 4.03e-05] (1.51e-05, 1.28e-03)
INFO:root:[222,   232] loss: 5.632458e-03 masks: 21.6 17.4 [wd: 1.88e-01] [lr: 6.61e-04] [mem: 5.65e+03] (172.9 ms)
INFO:root:[222,   232] grad_stats: [2.39e-04 4.51e-05] (1.44e-05, 1.92e-03)
INFO:root:avg. loss 5.63245759e-03
INFO:root:time taken for epoch 0:00:53.730342
INFO:root:Epoch 223
INFO:root:[223,     0] loss: 6.208803e-03 masks: 24.0 16.0 [wd: 1.89e-01] [lr: 6.61e-04] [mem: 5.65e+03] (176.0 ms)
INFO:root:[223,     0] grad_stats: [1.44e-04 3.49e-05] (1.49e-05, 2.09e-03)
INFO:root:[223,   116] loss: 5.634480e-03 masks: 22.3 17.3 [wd: 1.89e-01] [lr: 6.60e-04] [mem: 5.65e+03] (174.4 ms)
INFO:root:[223,   116] grad_stats: [1.59e-04 2.97e-05] (1.09e-05, 5.38e-04)
INFO:root:[223,   232] loss: 5.611566e-03 masks: 22.3 17.2 [wd: 1.90e-01] [lr: 6.58e-04] [mem: 5.65e+03] (174.8 ms)
INFO:root:[223,   232] grad_stats: [1.38e-04 3.14e-05] (1.55e-05, 1.99e-03)
INFO:root:avg. loss 5.61156620e-03
INFO:root:time taken for epoch 0:00:54.166536
INFO:root:Epoch 224
INFO:root:[224,     0] loss: 5.942115e-03 masks: 23.0 16.0 [wd: 1.90e-01] [lr: 6.58e-04] [mem: 5.65e+03] (172.1 ms)
INFO:root:[224,     0] grad_stats: [1.40e-04 3.39e-05] (1.45e-05, 1.75e-03)
INFO:root:[224,   116] loss: 5.655146e-03 masks: 21.8 17.2 [wd: 1.90e-01] [lr: 6.56e-04] [mem: 5.65e+03] (172.9 ms)
INFO:root:[224,   116] grad_stats: [1.13e-04 3.55e-05] (1.60e-05, 1.80e-03)
INFO:root:[224,   232] loss: 5.611997e-03 masks: 21.7 17.4 [wd: 1.91e-01] [lr: 6.55e-04] [mem: 5.65e+03] (173.3 ms)
INFO:root:[224,   232] grad_stats: [8.40e-05 3.38e-05] (1.41e-05, 7.37e-04)
INFO:root:avg. loss 5.61199710e-03
INFO:root:time taken for epoch 0:00:53.780613
INFO:root:Epoch 225
INFO:root:[225,     0] loss: 6.307654e-03 masks: 25.0 16.0 [wd: 1.91e-01] [lr: 6.55e-04] [mem: 5.65e+03] (178.6 ms)
INFO:root:[225,     0] grad_stats: [1.45e-04 2.98e-05] (1.22e-05, 1.27e-03)
INFO:root:[225,   116] loss: 5.607605e-03 masks: 21.3 17.5 [wd: 1.91e-01] [lr: 6.53e-04] [mem: 5.65e+03] (172.0 ms)
INFO:root:[225,   116] grad_stats: [6.27e-05 2.77e-05] (1.11e-05, 1.57e-03)
INFO:root:[225,   232] loss: 5.617416e-03 masks: 21.8 17.3 [wd: 1.92e-01] [lr: 6.52e-04] [mem: 5.65e+03] (173.4 ms)
INFO:root:[225,   232] grad_stats: [1.10e-04 4.28e-05] (1.33e-05, 1.49e-03)
INFO:root:avg. loss 5.61741608e-03
INFO:root:time taken for epoch 0:00:53.827655
INFO:root:Epoch 226
INFO:root:[226,     0] loss: 4.831927e-03 masks: 18.0 20.0 [wd: 1.92e-01] [lr: 6.52e-04] [mem: 5.65e+03] (165.7 ms)
INFO:root:[226,     0] grad_stats: [5.44e-05 3.10e-05] (1.35e-05, 3.59e-04)
INFO:root:[226,   116] loss: 5.561229e-03 masks: 22.2 17.4 [wd: 1.92e-01] [lr: 6.50e-04] [mem: 5.65e+03] (174.3 ms)
INFO:root:[226,   116] grad_stats: [7.66e-05 3.86e-05] (1.64e-05, 6.23e-04)
INFO:root:[226,   232] loss: 5.589761e-03 masks: 21.9 17.4 [wd: 1.93e-01] [lr: 6.48e-04] [mem: 5.65e+03] (173.9 ms)
INFO:root:[226,   232] grad_stats: [1.27e-04 3.20e-05] (1.16e-05, 2.12e-03)
INFO:root:avg. loss 5.58976089e-03
INFO:root:time taken for epoch 0:00:53.978333
INFO:root:Epoch 227
INFO:root:[227,     0] loss: 5.609484e-03 masks: 25.0 16.0 [wd: 1.93e-01] [lr: 6.48e-04] [mem: 5.65e+03] (178.1 ms)
INFO:root:[227,     0] grad_stats: [9.28e-05 2.88e-05] (9.56e-06, 8.36e-04)
INFO:root:[227,   116] loss: 5.641810e-03 masks: 22.2 17.2 [wd: 1.94e-01] [lr: 6.47e-04] [mem: 5.65e+03] (174.1 ms)
INFO:root:[227,   116] grad_stats: [1.27e-04 3.99e-05] (1.09e-05, 9.88e-04)
INFO:root:[227,   232] loss: 5.701956e-03 masks: 22.6 16.9 [wd: 1.94e-01] [lr: 6.45e-04] [mem: 5.65e+03] (175.2 ms)
INFO:root:[227,   232] grad_stats: [1.66e-04 2.63e-05] (1.10e-05, 1.57e-03)
INFO:root:avg. loss 5.70195569e-03
INFO:root:time taken for epoch 0:00:54.261152
INFO:root:Epoch 228
INFO:root:[228,     0] loss: 5.367634e-03 masks: 17.0 20.0 [wd: 1.94e-01] [lr: 6.45e-04] [mem: 5.65e+03] (159.3 ms)
INFO:root:[228,     0] grad_stats: [1.09e-04 2.47e-05] (1.20e-05, 8.65e-04)
INFO:root:[228,   116] loss: 5.676002e-03 masks: 21.4 17.3 [wd: 1.95e-01] [lr: 6.43e-04] [mem: 5.65e+03] (171.8 ms)
INFO:root:[228,   116] grad_stats: [8.22e-05 2.64e-05] (1.19e-05, 1.57e-03)
INFO:root:[228,   232] loss: 5.617264e-03 masks: 21.6 17.4 [wd: 1.95e-01] [lr: 6.42e-04] [mem: 5.65e+03] (173.0 ms)
INFO:root:[228,   232] grad_stats: [1.07e-04 2.87e-05] (1.10e-05, 7.44e-04)
INFO:root:avg. loss 5.61726409e-03
INFO:root:time taken for epoch 0:00:53.766910
INFO:root:Epoch 229
INFO:root:[229,     0] loss: 5.317540e-03 masks: 17.0 20.0 [wd: 1.95e-01] [lr: 6.42e-04] [mem: 5.65e+03] (163.0 ms)
INFO:root:[229,     0] grad_stats: [7.97e-05 2.85e-05] (1.13e-05, 4.91e-04)
INFO:root:[229,   116] loss: 5.569149e-03 masks: 21.7 17.4 [wd: 1.96e-01] [lr: 6.40e-04] [mem: 5.65e+03] (172.8 ms)
INFO:root:[229,   116] grad_stats: [1.70e-04 3.05e-05] (1.19e-05, 9.03e-04)
INFO:root:[229,   232] loss: 5.594711e-03 masks: 21.6 17.4 [wd: 1.96e-01] [lr: 6.39e-04] [mem: 5.65e+03] (173.0 ms)
INFO:root:[229,   232] grad_stats: [1.04e-04 2.71e-05] (1.12e-05, 1.13e-03)
INFO:root:avg. loss 5.59471052e-03
INFO:root:time taken for epoch 0:00:53.722090
INFO:root:Epoch 230
INFO:root:[230,     0] loss: 5.671038e-03 masks: 25.0 16.0 [wd: 1.96e-01] [lr: 6.39e-04] [mem: 5.65e+03] (178.0 ms)
INFO:root:[230,     0] grad_stats: [2.54e-04 3.47e-05] (1.51e-05, 1.16e-03)
INFO:root:[230,   116] loss: 5.563117e-03 masks: 22.3 17.2 [wd: 1.97e-01] [lr: 6.37e-04] [mem: 5.65e+03] (174.2 ms)
INFO:root:[230,   116] grad_stats: [7.88e-05 3.01e-05] (9.24e-06, 8.18e-04)
INFO:root:[230,   232] loss: 5.606230e-03 masks: 22.3 17.2 [wd: 1.97e-01] [lr: 6.35e-04] [mem: 5.65e+03] (174.7 ms)
INFO:root:[230,   232] grad_stats: [1.39e-04 3.02e-05] (1.35e-05, 4.32e-04)
INFO:root:avg. loss 5.60623005e-03
INFO:root:time taken for epoch 0:00:54.128194
INFO:root:Epoch 231
INFO:root:[231,     0] loss: 5.909923e-03 masks: 24.0 16.0 [wd: 1.97e-01] [lr: 6.35e-04] [mem: 5.65e+03] (175.9 ms)
INFO:root:[231,     0] grad_stats: [2.58e-04 3.65e-05] (1.41e-05, 5.08e-04)
INFO:root:[231,   116] loss: 5.653771e-03 masks: 22.0 17.2 [wd: 1.98e-01] [lr: 6.34e-04] [mem: 5.65e+03] (173.5 ms)
INFO:root:[231,   116] grad_stats: [1.44e-04 3.37e-05] (1.18e-05, 5.87e-04)
INFO:root:[231,   232] loss: 5.655054e-03 masks: 22.1 17.2 [wd: 1.99e-01] [lr: 6.32e-04] [mem: 5.65e+03] (174.2 ms)
INFO:root:[231,   232] grad_stats: [3.04e-04 3.80e-05] (1.40e-05, 6.67e-04)
INFO:root:avg. loss 5.65505430e-03
INFO:root:time taken for epoch 0:00:54.045848
INFO:root:Epoch 232
INFO:root:[232,     0] loss: 7.083765e-03 masks: 34.0 12.0 [wd: 1.99e-01] [lr: 6.32e-04] [mem: 5.65e+03] (195.9 ms)
INFO:root:[232,     0] grad_stats: [2.17e-04 5.29e-05] (1.89e-05, 3.73e-03)
INFO:root:[232,   116] loss: 5.614836e-03 masks: 22.2 17.3 [wd: 1.99e-01] [lr: 6.30e-04] [mem: 5.65e+03] (174.1 ms)
INFO:root:[232,   116] grad_stats: [7.19e-05 3.51e-05] (1.43e-05, 7.04e-04)
INFO:root:[232,   232] loss: 5.609057e-03 masks: 22.2 17.3 [wd: 2.00e-01] [lr: 6.29e-04] [mem: 5.65e+03] (174.6 ms)
INFO:root:[232,   232] grad_stats: [1.21e-04 2.96e-05] (1.08e-05, 1.39e-03)
INFO:root:avg. loss 5.60905739e-03
INFO:root:time taken for epoch 0:00:54.149738
INFO:root:Epoch 233
INFO:root:[233,     0] loss: 6.000312e-03 masks: 26.0 16.0 [wd: 2.00e-01] [lr: 6.29e-04] [mem: 5.65e+03] (182.3 ms)
INFO:root:[233,     0] grad_stats: [1.23e-04 2.76e-05] (1.30e-05, 1.29e-03)
INFO:root:[233,   116] loss: 5.580049e-03 masks: 21.4 17.4 [wd: 2.00e-01] [lr: 6.27e-04] [mem: 5.65e+03] (172.3 ms)
INFO:root:[233,   116] grad_stats: [1.79e-04 4.15e-05] (1.24e-05, 1.74e-03)
INFO:root:[233,   232] loss: 5.616240e-03 masks: 21.6 17.3 [wd: 2.01e-01] [lr: 6.25e-04] [mem: 5.65e+03] (172.9 ms)
INFO:root:[233,   232] grad_stats: [2.09e-04 3.11e-05] (1.45e-05, 8.79e-04)
INFO:root:avg. loss 5.61624030e-03
INFO:root:time taken for epoch 0:00:53.735943
INFO:root:Epoch 234
INFO:root:[234,     0] loss: 5.485620e-03 masks: 16.0 20.0 [wd: 2.01e-01] [lr: 6.25e-04] [mem: 5.65e+03] (159.5 ms)
INFO:root:[234,     0] grad_stats: [1.29e-04 3.41e-05] (1.13e-05, 1.02e-03)
INFO:root:[234,   116] loss: 5.578687e-03 masks: 22.3 17.3 [wd: 2.01e-01] [lr: 6.24e-04] [mem: 5.65e+03] (174.3 ms)
INFO:root:[234,   116] grad_stats: [1.27e-04 2.85e-05] (1.00e-05, 3.76e-04)
INFO:root:[234,   232] loss: 5.574397e-03 masks: 22.3 17.2 [wd: 2.02e-01] [lr: 6.22e-04] [mem: 5.65e+03] (174.8 ms)
INFO:root:[234,   232] grad_stats: [1.94e-04 4.05e-05] (1.30e-05, 1.23e-03)
INFO:root:avg. loss 5.57439651e-03
INFO:root:time taken for epoch 0:00:54.283379
INFO:root:Epoch 235
INFO:root:[235,     0] loss: 5.445554e-03 masks: 27.0 16.0 [wd: 2.02e-01] [lr: 6.22e-04] [mem: 5.65e+03] (184.2 ms)
INFO:root:[235,     0] grad_stats: [1.46e-04 2.96e-05] (1.28e-05, 1.42e-03)
INFO:root:[235,   116] loss: 5.569714e-03 masks: 22.4 17.1 [wd: 2.03e-01] [lr: 6.20e-04] [mem: 5.65e+03] (174.3 ms)
INFO:root:[235,   116] grad_stats: [2.52e-04 3.90e-05] (1.45e-05, 9.31e-04)
INFO:root:[235,   232] loss: 5.572656e-03 masks: 22.2 17.2 [wd: 2.03e-01] [lr: 6.19e-04] [mem: 5.65e+03] (174.5 ms)
INFO:root:[235,   232] grad_stats: [1.34e-04 3.56e-05] (1.20e-05, 6.28e-04)
INFO:root:avg. loss 5.57265619e-03
INFO:root:time taken for epoch 0:00:54.138215
INFO:root:Epoch 236
INFO:root:[236,     0] loss: 7.011587e-03 masks: 34.0 12.0 [wd: 2.03e-01] [lr: 6.19e-04] [mem: 5.65e+03] (195.8 ms)
INFO:root:[236,     0] grad_stats: [3.52e-04 3.59e-05] (1.83e-05, 1.45e-03)
INFO:root:[236,   116] loss: 5.604048e-03 masks: 22.6 16.9 [wd: 2.04e-01] [lr: 6.17e-04] [mem: 5.65e+03] (174.7 ms)
INFO:root:[236,   116] grad_stats: [1.61e-04 3.91e-05] (1.31e-05, 9.71e-04)
INFO:root:[236,   232] loss: 5.609760e-03 masks: 21.9 17.3 [wd: 2.04e-01] [lr: 6.15e-04] [mem: 5.65e+03] (173.6 ms)
INFO:root:[236,   232] grad_stats: [9.55e-05 3.60e-05] (1.39e-05, 1.02e-03)
INFO:root:avg. loss 5.60976044e-03
INFO:root:time taken for epoch 0:00:53.886475
INFO:root:Epoch 237
INFO:root:[237,     0] loss: 6.500608e-03 masks: 35.0 12.0 [wd: 2.04e-01] [lr: 6.15e-04] [mem: 5.65e+03] (199.2 ms)
INFO:root:[237,     0] grad_stats: [1.75e-04 3.82e-05] (1.75e-05, 6.35e-04)
INFO:root:[237,   116] loss: 5.603823e-03 masks: 21.3 17.5 [wd: 2.05e-01] [lr: 6.14e-04] [mem: 5.65e+03] (171.9 ms)
INFO:root:[237,   116] grad_stats: [8.80e-05 2.24e-05] (1.13e-05, 6.59e-04)
INFO:root:[237,   232] loss: 5.561780e-03 masks: 21.6 17.4 [wd: 2.05e-01] [lr: 6.12e-04] [mem: 5.65e+03] (173.2 ms)
INFO:root:[237,   232] grad_stats: [8.89e-05 3.47e-05] (1.14e-05, 6.42e-04)
INFO:root:avg. loss 5.56178012e-03
INFO:root:time taken for epoch 0:00:53.666589
INFO:root:Epoch 238
INFO:root:[238,     0] loss: 5.764125e-03 masks: 23.0 16.0 [wd: 2.05e-01] [lr: 6.12e-04] [mem: 5.65e+03] (171.7 ms)
INFO:root:[238,     0] grad_stats: [1.13e-04 3.74e-05] (1.59e-05, 1.80e-03)
INFO:root:[238,   116] loss: 5.586462e-03 masks: 22.7 17.0 [wd: 2.06e-01] [lr: 6.10e-04] [mem: 5.65e+03] (175.1 ms)
INFO:root:[238,   116] grad_stats: [2.24e-04 5.73e-05] (1.91e-05, 1.69e-03)
INFO:root:[238,   232] loss: 5.614391e-03 masks: 22.7 16.9 [wd: 2.06e-01] [lr: 6.09e-04] [mem: 5.65e+03] (175.6 ms)
INFO:root:[238,   232] grad_stats: [2.14e-04 3.55e-05] (1.64e-05, 1.07e-03)
INFO:root:avg. loss 5.61439140e-03
INFO:root:time taken for epoch 0:00:54.403961
INFO:root:Epoch 239
INFO:root:[239,     0] loss: 5.337843e-03 masks: 25.0 16.0 [wd: 2.06e-01] [lr: 6.09e-04] [mem: 5.65e+03] (178.1 ms)
INFO:root:[239,     0] grad_stats: [1.80e-04 3.59e-05] (1.65e-05, 8.11e-04)
INFO:root:[239,   116] loss: 5.682450e-03 masks: 22.8 16.9 [wd: 2.07e-01] [lr: 6.07e-04] [mem: 5.65e+03] (175.2 ms)
INFO:root:[239,   116] grad_stats: [1.52e-04 3.35e-05] (1.32e-05, 7.94e-04)
INFO:root:[239,   232] loss: 5.600198e-03 masks: 22.0 17.2 [wd: 2.08e-01] [lr: 6.05e-04] [mem: 5.65e+03] (174.1 ms)
INFO:root:[239,   232] grad_stats: [1.43e-04 4.24e-05] (1.37e-05, 1.11e-03)
INFO:root:avg. loss 5.60019781e-03
INFO:root:time taken for epoch 0:00:54.015656
INFO:root:Epoch 240
INFO:root:[240,     0] loss: 5.037081e-03 masks: 26.0 16.0 [wd: 2.08e-01] [lr: 6.05e-04] [mem: 5.65e+03] (182.3 ms)
INFO:root:[240,     0] grad_stats: [1.25e-04 3.16e-05] (1.76e-05, 2.03e-03)
INFO:root:[240,   116] loss: 5.496804e-03 masks: 21.8 17.4 [wd: 2.08e-01] [lr: 6.04e-04] [mem: 5.65e+03] (173.4 ms)
INFO:root:[240,   116] grad_stats: [1.48e-04 3.31e-05] (1.54e-05, 9.40e-04)
INFO:root:[240,   232] loss: 5.535628e-03 masks: 22.1 17.2 [wd: 2.09e-01] [lr: 6.02e-04] [mem: 5.65e+03] (174.3 ms)
INFO:root:[240,   232] grad_stats: [2.13e-04 3.11e-05] (1.46e-05, 1.55e-03)
INFO:root:avg. loss 5.53562839e-03
INFO:root:time taken for epoch 0:00:53.938803
INFO:root:Epoch 241
INFO:root:[241,     0] loss: 5.690180e-03 masks: 26.0 16.0 [wd: 2.09e-01] [lr: 6.02e-04] [mem: 5.65e+03] (182.7 ms)
INFO:root:[241,     0] grad_stats: [1.11e-04 2.62e-05] (1.20e-05, 1.17e-03)
INFO:root:[241,   116] loss: 5.644629e-03 masks: 22.4 17.0 [wd: 2.09e-01] [lr: 6.00e-04] [mem: 5.65e+03] (174.4 ms)
INFO:root:[241,   116] grad_stats: [1.40e-04 3.55e-05] (1.51e-05, 1.36e-03)
INFO:root:[241,   232] loss: 5.613979e-03 masks: 22.6 17.0 [wd: 2.10e-01] [lr: 5.99e-04] [mem: 5.65e+03] (175.3 ms)
INFO:root:[241,   232] grad_stats: [1.86e-04 3.48e-05] (1.45e-05, 1.36e-03)
INFO:root:avg. loss 5.61397910e-03
INFO:root:time taken for epoch 0:00:54.236282
INFO:root:Epoch 242
INFO:root:[242,     0] loss: 5.479855e-03 masks: 13.0 20.0 [wd: 2.10e-01] [lr: 5.99e-04] [mem: 5.65e+03] (152.6 ms)
INFO:root:[242,     0] grad_stats: [2.67e-04 5.26e-05] (1.42e-05, 8.54e-04)
INFO:root:[242,   116] loss: 5.665607e-03 masks: 22.0 16.9 [wd: 2.10e-01] [lr: 5.97e-04] [mem: 5.65e+03] (173.2 ms)
INFO:root:[242,   116] grad_stats: [2.34e-04 3.86e-05] (1.51e-05, 8.35e-04)
INFO:root:[242,   232] loss: 5.655256e-03 masks: 21.8 17.0 [wd: 2.11e-01] [lr: 5.95e-04] [mem: 5.65e+03] (173.1 ms)
INFO:root:[242,   232] grad_stats: [2.07e-04 3.27e-05] (1.45e-05, 9.54e-04)
INFO:root:avg. loss 5.65525600e-03
INFO:root:time taken for epoch 0:00:53.753617
INFO:root:Epoch 243
INFO:root:[243,     0] loss: 4.868845e-03 masks: 19.0 20.0 [wd: 2.11e-01] [lr: 5.95e-04] [mem: 5.65e+03] (169.7 ms)
INFO:root:[243,     0] grad_stats: [4.54e-05 2.58e-05] (1.01e-05, 9.25e-04)
INFO:root:[243,   116] loss: 5.514449e-03 masks: 22.2 17.3 [wd: 2.12e-01] [lr: 5.94e-04] [mem: 5.65e+03] (174.3 ms)
INFO:root:[243,   116] grad_stats: [1.46e-04 4.67e-05] (1.82e-05, 1.53e-03)
INFO:root:[243,   232] loss: 5.520678e-03 masks: 22.4 17.2 [wd: 2.12e-01] [lr: 5.92e-04] [mem: 5.65e+03] (175.0 ms)
INFO:root:[243,   232] grad_stats: [1.77e-04 4.03e-05] (1.51e-05, 2.12e-03)
INFO:root:avg. loss 5.52067841e-03
INFO:root:time taken for epoch 0:00:54.247551
INFO:root:Epoch 244
INFO:root:[244,     0] loss: 5.741355e-03 masks: 12.0 20.0 [wd: 2.12e-01] [lr: 5.92e-04] [mem: 5.65e+03] (148.8 ms)
INFO:root:[244,     0] grad_stats: [1.32e-04 2.50e-05] (1.05e-05, 9.36e-04)
INFO:root:[244,   116] loss: 5.580789e-03 masks: 21.8 17.3 [wd: 2.13e-01] [lr: 5.90e-04] [mem: 5.65e+03] (173.2 ms)
INFO:root:[244,   116] grad_stats: [1.93e-04 3.80e-05] (1.45e-05, 2.74e-03)
INFO:root:[244,   232] loss: 5.519067e-03 masks: 22.2 17.2 [wd: 2.13e-01] [lr: 5.89e-04] [mem: 5.65e+03] (174.6 ms)
INFO:root:[244,   232] grad_stats: [7.52e-05 3.40e-05] (1.44e-05, 8.41e-04)
INFO:root:avg. loss 5.51906730e-03
INFO:root:time taken for epoch 0:00:54.056865
INFO:root:Epoch 245
INFO:root:[245,     0] loss: 5.119422e-03 masks: 18.0 20.0 [wd: 2.13e-01] [lr: 5.89e-04] [mem: 5.65e+03] (165.8 ms)
INFO:root:[245,     0] grad_stats: [2.02e-04 3.41e-05] (1.35e-05, 9.52e-04)
INFO:root:[245,   116] loss: 5.546341e-03 masks: 21.6 17.4 [wd: 2.14e-01] [lr: 5.87e-04] [mem: 5.65e+03] (172.5 ms)
INFO:root:[245,   116] grad_stats: [1.12e-04 2.84e-05] (1.27e-05, 1.24e-03)
INFO:root:[245,   232] loss: 5.582310e-03 masks: 22.0 17.2 [wd: 2.14e-01] [lr: 5.85e-04] [mem: 5.65e+03] (173.8 ms)
INFO:root:[245,   232] grad_stats: [1.35e-04 2.84e-05] (1.12e-05, 6.89e-04)
INFO:root:avg. loss 5.58230985e-03
INFO:root:time taken for epoch 0:00:53.968810
INFO:root:Epoch 246
INFO:root:[246,     0] loss: 6.115035e-03 masks: 33.0 12.0 [wd: 2.14e-01] [lr: 5.85e-04] [mem: 5.65e+03] (194.7 ms)
INFO:root:[246,     0] grad_stats: [1.12e-04 3.71e-05] (1.80e-05, 1.52e-03)
INFO:root:[246,   116] loss: 5.505677e-03 masks: 22.6 17.1 [wd: 2.15e-01] [lr: 5.84e-04] [mem: 5.65e+03] (175.0 ms)
INFO:root:[246,   116] grad_stats: [1.41e-04 2.17e-05] (1.04e-05, 7.17e-04)
INFO:root:[246,   232] loss: 5.506049e-03 masks: 22.4 17.2 [wd: 2.15e-01] [lr: 5.82e-04] [mem: 5.65e+03] (175.0 ms)
INFO:root:[246,   232] grad_stats: [1.43e-04 4.53e-05] (1.66e-05, 8.10e-04)
INFO:root:avg. loss 5.50604912e-03
INFO:root:time taken for epoch 0:00:54.167737
INFO:root:Epoch 247
INFO:root:[247,     0] loss: 5.506652e-03 masks: 24.0 16.0 [wd: 2.15e-01] [lr: 5.82e-04] [mem: 5.65e+03] (175.9 ms)
INFO:root:[247,     0] grad_stats: [1.03e-04 3.48e-05] (1.52e-05, 9.40e-04)
INFO:root:[247,   116] loss: 5.541786e-03 masks: 21.5 17.5 [wd: 2.16e-01] [lr: 5.80e-04] [mem: 5.65e+03] (172.6 ms)
INFO:root:[247,   116] grad_stats: [2.36e-04 3.96e-05] (1.65e-05, 1.19e-03)
INFO:root:[247,   232] loss: 5.544312e-03 masks: 21.8 17.4 [wd: 2.17e-01] [lr: 5.79e-04] [mem: 5.65e+03] (173.7 ms)
INFO:root:[247,   232] grad_stats: [1.09e-04 4.06e-05] (1.55e-05, 6.28e-04)
INFO:root:avg. loss 5.54431230e-03
INFO:root:time taken for epoch 0:00:53.838217
INFO:root:Epoch 248
INFO:root:[248,     0] loss: 5.810222e-03 masks: 28.0 16.0 [wd: 2.17e-01] [lr: 5.79e-04] [mem: 5.65e+03] (187.0 ms)
INFO:root:[248,     0] grad_stats: [1.81e-04 3.52e-05] (1.84e-05, 2.90e-03)
INFO:root:[248,   116] loss: 5.480278e-03 masks: 21.6 17.5 [wd: 2.17e-01] [lr: 5.77e-04] [mem: 5.65e+03] (172.9 ms)
INFO:root:[248,   116] grad_stats: [1.31e-04 3.41e-05] (1.26e-05, 1.37e-03)
INFO:root:[248,   232] loss: 5.523471e-03 masks: 21.9 17.4 [wd: 2.18e-01] [lr: 5.75e-04] [mem: 5.65e+03] (173.9 ms)
INFO:root:[248,   232] grad_stats: [3.26e-04 4.92e-05] (2.32e-05, 2.26e-03)
INFO:root:avg. loss 5.52347141e-03
INFO:root:time taken for epoch 0:00:54.020411
INFO:root:Epoch 249
INFO:root:[249,     0] loss: 5.929642e-03 masks: 25.0 16.0 [wd: 2.18e-01] [lr: 5.75e-04] [mem: 5.65e+03] (178.9 ms)
INFO:root:[249,     0] grad_stats: [7.01e-05 3.46e-05] (1.40e-05, 1.06e-03)
INFO:root:[249,   116] loss: 5.595844e-03 masks: 22.6 17.0 [wd: 2.18e-01] [lr: 5.74e-04] [mem: 5.65e+03] (174.7 ms)
INFO:root:[249,   116] grad_stats: [9.39e-05 2.95e-05] (1.38e-05, 1.63e-03)
INFO:root:[249,   232] loss: 5.508208e-03 masks: 22.0 17.4 [wd: 2.19e-01] [lr: 5.72e-04] [mem: 5.65e+03] (174.1 ms)
INFO:root:[249,   232] grad_stats: [1.28e-04 5.07e-05] (1.56e-05, 1.49e-03)
INFO:root:avg. loss 5.50820822e-03
INFO:root:time taken for epoch 0:00:53.959558
INFO:root:Epoch 250
INFO:root:[250,     0] loss: 7.027403e-03 masks: 33.0 12.0 [wd: 2.19e-01] [lr: 5.72e-04] [mem: 5.65e+03] (194.9 ms)
INFO:root:[250,     0] grad_stats: [2.31e-04 4.80e-05] (1.79e-05, 7.05e-04)
INFO:root:[250,   116] loss: 5.480489e-03 masks: 22.6 17.1 [wd: 2.19e-01] [lr: 5.70e-04] [mem: 5.65e+03] (175.2 ms)
INFO:root:[250,   116] grad_stats: [1.12e-04 4.03e-05] (1.60e-05, 2.47e-03)
INFO:root:[250,   232] loss: 5.540787e-03 masks: 22.4 17.0 [wd: 2.20e-01] [lr: 5.69e-04] [mem: 5.65e+03] (175.0 ms)
INFO:root:[250,   232] grad_stats: [1.06e-04 2.94e-05] (1.26e-05, 8.74e-04)
INFO:root:avg. loss 5.54078703e-03
INFO:root:time taken for epoch 0:00:54.276290
INFO:root:Epoch 251
INFO:root:[251,     0] loss: 5.361193e-03 masks: 25.0 16.0 [wd: 2.20e-01] [lr: 5.69e-04] [mem: 5.65e+03] (178.7 ms)
INFO:root:[251,     0] grad_stats: [8.66e-05 2.85e-05] (1.30e-05, 1.27e-03)
INFO:root:[251,   116] loss: 5.519623e-03 masks: 21.1 17.6 [wd: 2.21e-01] [lr: 5.67e-04] [mem: 5.65e+03] (171.5 ms)
INFO:root:[251,   116] grad_stats: [1.35e-04 3.99e-05] (1.21e-05, 7.99e-04)
INFO:root:[251,   232] loss: 5.527223e-03 masks: 21.2 17.5 [wd: 2.21e-01] [lr: 5.65e-04] [mem: 5.65e+03] (172.2 ms)
INFO:root:[251,   232] grad_stats: [1.10e-04 3.01e-05] (1.85e-05, 1.29e-03)
INFO:root:avg. loss 5.52722338e-03
INFO:root:time taken for epoch 0:00:53.610714
INFO:root:Epoch 252
INFO:root:[252,     0] loss: 4.186150e-03 masks: 22.0 20.0 [wd: 2.21e-01] [lr: 5.65e-04] [mem: 5.65e+03] (177.1 ms)
INFO:root:[252,     0] grad_stats: [1.06e-04 3.29e-05] (1.45e-05, 1.38e-03)
INFO:root:[252,   116] loss: 5.586537e-03 masks: 21.8 17.2 [wd: 2.22e-01] [lr: 5.63e-04] [mem: 5.65e+03] (172.9 ms)
INFO:root:[252,   116] grad_stats: [2.51e-04 3.89e-05] (1.68e-05, 5.56e-04)
INFO:root:[252,   232] loss: 5.571101e-03 masks: 22.3 17.1 [wd: 2.22e-01] [lr: 5.62e-04] [mem: 5.65e+03] (174.7 ms)
INFO:root:[252,   232] grad_stats: [9.60e-05 6.00e-05] (2.06e-05, 5.92e-04)
INFO:root:avg. loss 5.57110100e-03
INFO:root:time taken for epoch 0:00:54.169649
INFO:root:Epoch 253
INFO:root:[253,     0] loss: 4.935010e-03 masks: 19.0 20.0 [wd: 2.22e-01] [lr: 5.62e-04] [mem: 5.65e+03] (169.2 ms)
INFO:root:[253,     0] grad_stats: [1.87e-04 4.09e-05] (1.73e-05, 2.93e-03)
INFO:root:[253,   116] loss: 5.565024e-03 masks: 22.2 17.2 [wd: 2.23e-01] [lr: 5.60e-04] [mem: 5.65e+03] (174.0 ms)
INFO:root:[253,   116] grad_stats: [1.94e-04 3.96e-05] (1.83e-05, 3.59e-03)
INFO:root:[253,   232] loss: 5.561634e-03 masks: 22.3 17.1 [wd: 2.23e-01] [lr: 5.58e-04] [mem: 5.65e+03] (174.8 ms)
INFO:root:[253,   232] grad_stats: [3.37e-04 4.05e-05] (2.02e-05, 1.91e-03)
INFO:root:avg. loss 5.56163448e-03
INFO:root:time taken for epoch 0:00:54.232370
INFO:root:Epoch 254
INFO:root:[254,     0] loss: 6.984665e-03 masks: 33.0 12.0 [wd: 2.23e-01] [lr: 5.58e-04] [mem: 5.65e+03] (194.0 ms)
INFO:root:[254,     0] grad_stats: [8.69e-05 4.76e-05] (2.01e-05, 1.17e-03)
INFO:root:[254,   116] loss: 5.610482e-03 masks: 22.0 17.2 [wd: 2.24e-01] [lr: 5.57e-04] [mem: 5.65e+03] (173.5 ms)
INFO:root:[254,   116] grad_stats: [2.27e-04 4.15e-05] (1.65e-05, 8.50e-04)
INFO:root:[254,   232] loss: 5.541567e-03 masks: 21.8 17.4 [wd: 2.25e-01] [lr: 5.55e-04] [mem: 5.65e+03] (173.7 ms)
INFO:root:[254,   232] grad_stats: [6.37e-05 3.00e-05] (1.32e-05, 1.27e-03)
INFO:root:avg. loss 5.54156697e-03
INFO:root:time taken for epoch 0:00:53.960091
INFO:root:Epoch 255
INFO:root:[255,     0] loss: 5.423408e-03 masks: 14.0 20.0 [wd: 2.25e-01] [lr: 5.55e-04] [mem: 5.65e+03] (154.4 ms)
INFO:root:[255,     0] grad_stats: [1.90e-04 4.22e-05] (1.39e-05, 9.38e-04)
INFO:root:[255,   116] loss: 5.544780e-03 masks: 22.5 17.1 [wd: 2.25e-01] [lr: 5.53e-04] [mem: 5.65e+03] (174.9 ms)
INFO:root:[255,   116] grad_stats: [2.72e-04 5.32e-05] (1.67e-05, 1.01e-03)
INFO:root:[255,   232] loss: 5.530616e-03 masks: 22.5 17.0 [wd: 2.26e-01] [lr: 5.52e-04] [mem: 5.65e+03] (175.2 ms)
INFO:root:[255,   232] grad_stats: [1.52e-04 2.96e-05] (1.23e-05, 6.85e-04)
INFO:root:avg. loss 5.53061648e-03
INFO:root:time taken for epoch 0:00:54.333877
INFO:root:Epoch 256
INFO:root:[256,     0] loss: 5.994177e-03 masks: 20.0 16.0 [wd: 2.26e-01] [lr: 5.52e-04] [mem: 5.65e+03] (166.0 ms)
INFO:root:[256,     0] grad_stats: [9.81e-05 3.32e-05] (1.55e-05, 7.46e-04)
INFO:root:[256,   116] loss: 5.487155e-03 masks: 22.5 17.2 [wd: 2.26e-01] [lr: 5.50e-04] [mem: 5.65e+03] (175.0 ms)
INFO:root:[256,   116] grad_stats: [2.54e-04 3.13e-05] (1.78e-05, 8.19e-04)
INFO:root:[256,   232] loss: 5.480183e-03 masks: 22.2 17.3 [wd: 2.27e-01] [lr: 5.48e-04] [mem: 5.65e+03] (174.7 ms)
INFO:root:[256,   232] grad_stats: [2.00e-04 2.52e-05] (1.37e-05, 8.86e-04)
INFO:root:avg. loss 5.48018273e-03
INFO:root:time taken for epoch 0:00:54.209867
INFO:root:Epoch 257
INFO:root:[257,     0] loss: 5.372867e-03 masks: 14.0 20.0 [wd: 2.27e-01] [lr: 5.48e-04] [mem: 5.65e+03] (153.9 ms)
INFO:root:[257,     0] grad_stats: [1.09e-04 3.79e-05] (1.23e-05, 1.36e-03)
INFO:root:[257,   116] loss: 5.473082e-03 masks: 21.2 17.5 [wd: 2.27e-01] [lr: 5.46e-04] [mem: 5.65e+03] (171.6 ms)
INFO:root:[257,   116] grad_stats: [3.03e-04 3.49e-05] (1.57e-05, 1.50e-03)
INFO:root:[257,   232] loss: 5.485814e-03 masks: 21.5 17.4 [wd: 2.28e-01] [lr: 5.45e-04] [mem: 5.65e+03] (172.8 ms)
INFO:root:[257,   232] grad_stats: [1.85e-04 4.09e-05] (2.04e-05, 3.85e-03)
INFO:root:avg. loss 5.48581377e-03
INFO:root:time taken for epoch 0:00:53.724018
INFO:root:Epoch 258
INFO:root:[258,     0] loss: 5.788267e-03 masks: 24.0 16.0 [wd: 2.28e-01] [lr: 5.45e-04] [mem: 5.65e+03] (177.0 ms)
INFO:root:[258,     0] grad_stats: [1.96e-04 4.42e-05] (1.46e-05, 2.17e-03)
INFO:root:[258,   116] loss: 5.590445e-03 masks: 21.5 17.4 [wd: 2.28e-01] [lr: 5.43e-04] [mem: 5.65e+03] (172.4 ms)
INFO:root:[258,   116] grad_stats: [8.42e-05 3.80e-05] (1.46e-05, 1.98e-03)
INFO:root:[258,   232] loss: 5.547247e-03 masks: 21.8 17.3 [wd: 2.29e-01] [lr: 5.41e-04] [mem: 5.65e+03] (173.4 ms)
INFO:root:[258,   232] grad_stats: [1.85e-04 2.82e-05] (1.34e-05, 8.32e-04)
INFO:root:avg. loss 5.54724725e-03
INFO:root:time taken for epoch 0:00:53.928112
INFO:root:Epoch 259
INFO:root:[259,     0] loss: 5.288736e-03 masks: 25.0 16.0 [wd: 2.29e-01] [lr: 5.41e-04] [mem: 5.65e+03] (179.7 ms)
INFO:root:[259,     0] grad_stats: [1.21e-04 3.09e-05] (1.35e-05, 1.23e-03)
INFO:root:[259,   116] loss: 5.495373e-03 masks: 22.5 17.2 [wd: 2.30e-01] [lr: 5.40e-04] [mem: 5.65e+03] (174.7 ms)
INFO:root:[259,   116] grad_stats: [2.30e-04 4.49e-05] (1.43e-05, 2.87e-03)
INFO:root:[259,   232] loss: 5.490399e-03 masks: 22.3 17.1 [wd: 2.30e-01] [lr: 5.38e-04] [mem: 5.65e+03] (174.5 ms)
INFO:root:[259,   232] grad_stats: [1.82e-04 3.72e-05] (1.87e-05, 2.46e-03)
INFO:root:avg. loss 5.49039861e-03
INFO:root:time taken for epoch 0:00:54.071486
INFO:root:Epoch 260
INFO:root:[260,     0] loss: 4.918898e-03 masks: 17.0 20.0 [wd: 2.30e-01] [lr: 5.38e-04] [mem: 5.65e+03] (162.3 ms)
INFO:root:[260,     0] grad_stats: [9.88e-05 3.75e-05] (1.18e-05, 4.99e-04)
INFO:root:[260,   116] loss: 5.439409e-03 masks: 22.1 17.3 [wd: 2.31e-01] [lr: 5.36e-04] [mem: 5.65e+03] (174.0 ms)
INFO:root:[260,   116] grad_stats: [9.36e-05 3.74e-05] (1.50e-05, 1.16e-03)
INFO:root:[260,   232] loss: 5.488620e-03 masks: 21.9 17.3 [wd: 2.31e-01] [lr: 5.35e-04] [mem: 5.65e+03] (173.9 ms)
INFO:root:[260,   232] grad_stats: [2.16e-04 3.18e-05] (1.33e-05, 7.08e-04)
INFO:root:avg. loss 5.48862001e-03
INFO:root:time taken for epoch 0:00:53.902277
INFO:root:Epoch 261
INFO:root:[261,     0] loss: 4.326921e-03 masks: 19.0 20.0 [wd: 2.31e-01] [lr: 5.35e-04] [mem: 5.65e+03] (168.8 ms)
INFO:root:[261,     0] grad_stats: [7.30e-05 3.32e-05] (1.14e-05, 5.08e-04)
INFO:root:[261,   116] loss: 5.445174e-03 masks: 22.5 17.2 [wd: 2.32e-01] [lr: 5.33e-04] [mem: 5.65e+03] (174.8 ms)
INFO:root:[261,   116] grad_stats: [1.73e-04 4.12e-05] (1.98e-05, 1.22e-03)
INFO:root:[261,   232] loss: 5.430833e-03 masks: 22.1 17.3 [wd: 2.32e-01] [lr: 5.31e-04] [mem: 5.65e+03] (174.3 ms)
INFO:root:[261,   232] grad_stats: [7.73e-05 4.52e-05] (2.05e-05, 2.17e-03)
INFO:root:avg. loss 5.43083317e-03
INFO:root:time taken for epoch 0:00:54.114600
INFO:root:Epoch 262
INFO:root:[262,     0] loss: 5.166221e-03 masks: 17.0 20.0 [wd: 2.32e-01] [lr: 5.31e-04] [mem: 5.65e+03] (162.0 ms)
INFO:root:[262,     0] grad_stats: [9.98e-05 4.23e-05] (1.36e-05, 8.16e-04)
INFO:root:[262,   116] loss: 5.465479e-03 masks: 21.6 17.5 [wd: 2.33e-01] [lr: 5.29e-04] [mem: 5.65e+03] (172.5 ms)
INFO:root:[262,   116] grad_stats: [2.27e-04 4.94e-05] (2.43e-05, 2.18e-03)
INFO:root:[262,   232] loss: 5.459444e-03 masks: 21.4 17.4 [wd: 2.34e-01] [lr: 5.28e-04] [mem: 5.65e+03] (172.8 ms)
INFO:root:[262,   232] grad_stats: [9.57e-05 3.37e-05] (1.34e-05, 5.58e-04)
INFO:root:avg. loss 5.45944449e-03
INFO:root:time taken for epoch 0:00:53.683567
INFO:root:Epoch 263
INFO:root:[263,     0] loss: 5.335679e-03 masks: 24.0 16.0 [wd: 2.34e-01] [lr: 5.28e-04] [mem: 5.65e+03] (176.0 ms)
INFO:root:[263,     0] grad_stats: [1.91e-04 3.51e-05] (1.75e-05, 1.42e-03)
INFO:root:[263,   116] loss: 5.461093e-03 masks: 22.5 17.0 [wd: 2.34e-01] [lr: 5.26e-04] [mem: 5.65e+03] (174.6 ms)
INFO:root:[263,   116] grad_stats: [8.59e-05 2.64e-05] (1.17e-05, 5.39e-04)
INFO:root:[263,   232] loss: 5.433486e-03 masks: 22.2 17.2 [wd: 2.35e-01] [lr: 5.24e-04] [mem: 5.65e+03] (174.5 ms)
INFO:root:[263,   232] grad_stats: [1.59e-04 3.16e-05] (1.46e-05, 2.19e-03)
INFO:root:avg. loss 5.43348616e-03
INFO:root:time taken for epoch 0:00:54.116520
INFO:root:Epoch 264
INFO:root:[264,     0] loss: 6.371045e-03 masks: 20.0 16.0 [wd: 2.35e-01] [lr: 5.24e-04] [mem: 5.65e+03] (166.5 ms)
INFO:root:[264,     0] grad_stats: [9.95e-05 4.97e-05] (1.80e-05, 1.42e-03)
INFO:root:[264,   116] loss: 5.454047e-03 masks: 21.6 17.4 [wd: 2.35e-01] [lr: 5.23e-04] [mem: 5.65e+03] (173.0 ms)
INFO:root:[264,   116] grad_stats: [1.54e-04 3.35e-05] (1.34e-05, 6.60e-04)
INFO:root:[264,   232] loss: 5.451037e-03 masks: 21.7 17.4 [wd: 2.36e-01] [lr: 5.21e-04] [mem: 5.65e+03] (173.5 ms)
INFO:root:[264,   232] grad_stats: [1.29e-04 4.92e-05] (1.88e-05, 6.43e-04)
INFO:root:avg. loss 5.45103675e-03
INFO:root:time taken for epoch 0:00:53.814972
INFO:root:Epoch 265
INFO:root:[265,     0] loss: 4.693652e-03 masks: 19.0 20.0 [wd: 2.36e-01] [lr: 5.21e-04] [mem: 5.65e+03] (168.5 ms)
INFO:root:[265,     0] grad_stats: [1.48e-04 3.44e-05] (1.87e-05, 2.24e-03)
INFO:root:[265,   116] loss: 5.509032e-03 masks: 21.7 17.2 [wd: 2.36e-01] [lr: 5.19e-04] [mem: 5.65e+03] (172.8 ms)
INFO:root:[265,   116] grad_stats: [1.42e-04 2.85e-05] (1.37e-05, 1.26e-03)
INFO:root:[265,   232] loss: 5.461575e-03 masks: 21.2 17.5 [wd: 2.37e-01] [lr: 5.18e-04] [mem: 5.65e+03] (172.3 ms)
INFO:root:[265,   232] grad_stats: [1.26e-04 4.18e-05] (2.30e-05, 2.07e-03)
INFO:root:avg. loss 5.46157516e-03
INFO:root:time taken for epoch 0:00:53.604646
INFO:root:Epoch 266
INFO:root:[266,     0] loss: 5.884807e-03 masks: 25.0 16.0 [wd: 2.37e-01] [lr: 5.18e-04] [mem: 5.65e+03] (178.9 ms)
INFO:root:[266,     0] grad_stats: [1.42e-04 3.79e-05] (1.73e-05, 9.66e-04)
INFO:root:[266,   116] loss: 5.391325e-03 masks: 21.3 17.7 [wd: 2.38e-01] [lr: 5.16e-04] [mem: 5.65e+03] (172.4 ms)
INFO:root:[266,   116] grad_stats: [6.41e-05 4.78e-05] (1.59e-05, 7.73e-04)
INFO:root:[266,   232] loss: 5.415471e-03 masks: 21.5 17.6 [wd: 2.38e-01] [lr: 5.14e-04] [mem: 5.65e+03] (173.2 ms)
INFO:root:[266,   232] grad_stats: [9.35e-05 2.73e-05] (1.31e-05, 6.24e-04)
INFO:root:avg. loss 5.41547128e-03
INFO:root:time taken for epoch 0:00:53.756277
INFO:root:Epoch 267
INFO:root:[267,     0] loss: 5.471386e-03 masks: 25.0 16.0 [wd: 2.38e-01] [lr: 5.14e-04] [mem: 5.65e+03] (178.5 ms)
INFO:root:[267,     0] grad_stats: [1.29e-04 2.99e-05] (1.76e-05, 7.45e-04)
INFO:root:[267,   116] loss: 5.468409e-03 masks: 22.1 17.3 [wd: 2.39e-01] [lr: 5.12e-04] [mem: 5.65e+03] (173.7 ms)
INFO:root:[267,   116] grad_stats: [1.22e-04 2.91e-05] (1.42e-05, 8.94e-04)
INFO:root:[267,   232] loss: 5.452289e-03 masks: 22.1 17.3 [wd: 2.39e-01] [lr: 5.11e-04] [mem: 5.65e+03] (174.5 ms)
INFO:root:[267,   232] grad_stats: [1.23e-04 3.64e-05] (1.31e-05, 9.03e-04)
INFO:root:avg. loss 5.45228922e-03
INFO:root:time taken for epoch 0:00:54.050370
INFO:root:Epoch 268
INFO:root:[268,     0] loss: 6.822269e-03 masks: 17.0 16.0 [wd: 2.39e-01] [lr: 5.11e-04] [mem: 5.65e+03] (157.6 ms)
INFO:root:[268,     0] grad_stats: [1.71e-04 5.99e-05] (2.29e-05, 1.71e-03)
INFO:root:[268,   116] loss: 5.476131e-03 masks: 22.0 17.2 [wd: 2.40e-01] [lr: 5.09e-04] [mem: 5.65e+03] (173.6 ms)
INFO:root:[268,   116] grad_stats: [1.28e-04 5.84e-05] (2.05e-05, 9.59e-04)
INFO:root:[268,   232] loss: 5.474962e-03 masks: 22.0 17.2 [wd: 2.40e-01] [lr: 5.07e-04] [mem: 5.65e+03] (174.1 ms)
INFO:root:[268,   232] grad_stats: [2.21e-04 3.28e-05] (1.41e-05, 6.78e-04)
INFO:root:avg. loss 5.47496246e-03
INFO:root:time taken for epoch 0:00:54.034352
INFO:root:Epoch 269
INFO:root:[269,     0] loss: 5.065410e-03 masks: 23.0 16.0 [wd: 2.40e-01] [lr: 5.07e-04] [mem: 5.65e+03] (172.1 ms)
INFO:root:[269,     0] grad_stats: [1.57e-04 4.23e-05] (1.77e-05, 6.17e-04)
INFO:root:[269,   116] loss: 5.499222e-03 masks: 22.2 17.3 [wd: 2.41e-01] [lr: 5.06e-04] [mem: 5.65e+03] (174.1 ms)
INFO:root:[269,   116] grad_stats: [1.22e-04 3.06e-05] (1.22e-05, 4.62e-04)
INFO:root:[269,   232] loss: 5.452015e-03 masks: 22.2 17.3 [wd: 2.41e-01] [lr: 5.04e-04] [mem: 5.65e+03] (174.6 ms)
INFO:root:[269,   232] grad_stats: [7.56e-05 3.89e-05] (1.40e-05, 2.10e-03)
INFO:root:avg. loss 5.45201524e-03
INFO:root:time taken for epoch 0:00:54.228530
INFO:root:Epoch 270
INFO:root:[270,     0] loss: 5.738792e-03 masks: 18.0 20.0 [wd: 2.41e-01] [lr: 5.04e-04] [mem: 5.65e+03] (165.2 ms)
INFO:root:[270,     0] grad_stats: [8.85e-05 3.51e-05] (1.15e-05, 9.70e-04)
INFO:root:[270,   116] loss: 5.513555e-03 masks: 22.1 17.2 [wd: 2.42e-01] [lr: 5.02e-04] [mem: 5.65e+03] (173.7 ms)
INFO:root:[270,   116] grad_stats: [1.25e-04 2.77e-05] (1.28e-05, 9.23e-04)
INFO:root:[270,   232] loss: 5.458927e-03 masks: 22.0 17.3 [wd: 2.43e-01] [lr: 5.01e-04] [mem: 5.65e+03] (174.0 ms)
INFO:root:[270,   232] grad_stats: [9.06e-05 3.71e-05] (1.51e-05, 7.37e-04)
INFO:root:avg. loss 5.45892672e-03
INFO:root:time taken for epoch 0:00:54.104716
INFO:root:Epoch 271
INFO:root:[271,     0] loss: 5.147060e-03 masks: 14.0 20.0 [wd: 2.43e-01] [lr: 5.00e-04] [mem: 5.65e+03] (152.7 ms)
INFO:root:[271,     0] grad_stats: [1.29e-04 3.56e-05] (1.44e-05, 7.60e-04)
INFO:root:[271,   116] loss: 5.494274e-03 masks: 21.7 17.3 [wd: 2.43e-01] [lr: 4.99e-04] [mem: 5.65e+03] (172.7 ms)
INFO:root:[271,   116] grad_stats: [1.87e-04 5.00e-05] (2.03e-05, 9.86e-04)
INFO:root:[271,   232] loss: 5.509105e-03 masks: 22.1 17.1 [wd: 2.44e-01] [lr: 4.97e-04] [mem: 5.65e+03] (174.1 ms)
INFO:root:[271,   232] grad_stats: [9.85e-05 3.99e-05] (1.80e-05, 9.24e-04)
INFO:root:avg. loss 5.50910503e-03
INFO:root:time taken for epoch 0:00:54.565984
INFO:root:Epoch 272
INFO:root:[272,     0] loss: 4.802630e-03 masks: 20.0 20.0 [wd: 2.44e-01] [lr: 4.97e-04] [mem: 5.65e+03] (171.6 ms)
INFO:root:[272,     0] grad_stats: [1.40e-04 3.19e-05] (1.44e-05, 9.16e-04)
INFO:root:[272,   116] loss: 5.498490e-03 masks: 22.1 17.2 [wd: 2.44e-01] [lr: 4.95e-04] [mem: 5.65e+03] (173.7 ms)
INFO:root:[272,   116] grad_stats: [8.32e-05 3.52e-05] (1.60e-05, 1.57e-03)
INFO:root:[272,   232] loss: 5.507142e-03 masks: 22.3 17.1 [wd: 2.45e-01] [lr: 4.94e-04] [mem: 5.65e+03] (174.6 ms)
INFO:root:[272,   232] grad_stats: [1.72e-04 3.59e-05] (1.90e-05, 1.26e-03)
INFO:root:avg. loss 5.50714166e-03
INFO:root:time taken for epoch 0:00:54.511360
INFO:root:Epoch 273
INFO:root:[273,     0] loss: 4.765796e-03 masks: 21.0 20.0 [wd: 2.45e-01] [lr: 4.94e-04] [mem: 5.65e+03] (173.8 ms)
INFO:root:[273,     0] grad_stats: [1.36e-04 2.73e-05] (1.39e-05, 7.87e-04)
INFO:root:[273,   116] loss: 5.497746e-03 masks: 21.9 17.2 [wd: 2.45e-01] [lr: 4.92e-04] [mem: 5.65e+03] (173.4 ms)
INFO:root:[273,   116] grad_stats: [1.78e-04 4.14e-05] (2.11e-05, 1.70e-03)
INFO:root:[273,   232] loss: 5.435260e-03 masks: 21.8 17.4 [wd: 2.46e-01] [lr: 4.90e-04] [mem: 5.65e+03] (173.8 ms)
INFO:root:[273,   232] grad_stats: [1.25e-04 3.82e-05] (1.72e-05, 1.60e-03)
INFO:root:avg. loss 5.43525952e-03
INFO:root:time taken for epoch 0:00:53.779997
INFO:root:Epoch 274
INFO:root:[274,     0] loss: 6.064577e-03 masks: 33.0 12.0 [wd: 2.46e-01] [lr: 4.90e-04] [mem: 5.65e+03] (194.9 ms)
INFO:root:[274,     0] grad_stats: [2.88e-04 5.44e-05] (2.77e-05, 1.76e-03)
INFO:root:[274,   116] loss: 5.533522e-03 masks: 22.7 17.0 [wd: 2.46e-01] [lr: 4.89e-04] [mem: 5.65e+03] (175.3 ms)
INFO:root:[274,   116] grad_stats: [8.38e-05 3.66e-05] (1.33e-05, 1.07e-03)
INFO:root:[274,   232] loss: 5.548577e-03 masks: 22.2 17.0 [wd: 2.47e-01] [lr: 4.87e-04] [mem: 5.65e+03] (174.3 ms)
INFO:root:[274,   232] grad_stats: [1.76e-04 3.15e-05] (1.33e-05, 1.29e-03)
INFO:root:avg. loss 5.54857746e-03
INFO:root:time taken for epoch 0:00:54.037476
INFO:root:Epoch 275
INFO:root:[275,     0] loss: 5.520452e-03 masks: 13.0 20.0 [wd: 2.47e-01] [lr: 4.87e-04] [mem: 5.65e+03] (151.2 ms)
INFO:root:[275,     0] grad_stats: [1.72e-04 3.54e-05] (1.47e-05, 9.81e-04)
INFO:root:[275,   116] loss: 5.478148e-03 masks: 21.6 17.4 [wd: 2.48e-01] [lr: 4.85e-04] [mem: 5.65e+03] (172.7 ms)
INFO:root:[275,   116] grad_stats: [7.91e-05 2.77e-05] (1.41e-05, 1.20e-03)
INFO:root:[275,   232] loss: 5.505482e-03 masks: 21.8 17.2 [wd: 2.48e-01] [lr: 4.83e-04] [mem: 5.65e+03] (173.4 ms)
INFO:root:[275,   232] grad_stats: [1.39e-04 3.61e-05] (1.58e-05, 1.11e-03)
INFO:root:avg. loss 5.50548171e-03
INFO:root:time taken for epoch 0:00:53.876983
INFO:root:Epoch 276
INFO:root:[276,     0] loss: 5.875433e-03 masks: 21.0 16.0 [wd: 2.48e-01] [lr: 4.83e-04] [mem: 5.65e+03] (166.0 ms)
INFO:root:[276,     0] grad_stats: [1.30e-04 3.68e-05] (1.70e-05, 1.85e-03)
INFO:root:[276,   116] loss: 5.441040e-03 masks: 21.9 17.3 [wd: 2.49e-01] [lr: 4.82e-04] [mem: 5.65e+03] (173.3 ms)
INFO:root:[276,   116] grad_stats: [2.33e-04 3.78e-05] (2.19e-05, 8.01e-04)
INFO:root:[276,   232] loss: 5.395743e-03 masks: 21.4 17.5 [wd: 2.49e-01] [lr: 4.80e-04] [mem: 5.65e+03] (172.8 ms)
INFO:root:[276,   232] grad_stats: [3.50e-04 4.02e-05] (2.05e-05, 1.75e-03)
INFO:root:avg. loss 5.39574309e-03
INFO:root:time taken for epoch 0:00:53.581655
INFO:root:Epoch 277
INFO:root:[277,     0] loss: 4.983207e-03 masks: 25.0 16.0 [wd: 2.49e-01] [lr: 4.80e-04] [mem: 5.65e+03] (178.4 ms)
INFO:root:[277,     0] grad_stats: [9.71e-05 3.14e-05] (1.59e-05, 5.88e-04)
INFO:root:[277,   116] loss: 5.469175e-03 masks: 20.9 17.4 [wd: 2.50e-01] [lr: 4.78e-04] [mem: 5.65e+03] (170.7 ms)
INFO:root:[277,   116] grad_stats: [1.29e-04 4.70e-05] (1.90e-05, 9.02e-04)
INFO:root:[277,   232] loss: 5.483683e-03 masks: 21.4 17.3 [wd: 2.50e-01] [lr: 4.77e-04] [mem: 5.65e+03] (172.3 ms)
INFO:root:[277,   232] grad_stats: [1.45e-04 5.58e-05] (1.68e-05, 9.20e-04)
INFO:root:avg. loss 5.48368264e-03
INFO:root:time taken for epoch 0:00:53.636814
INFO:root:Epoch 278
INFO:root:[278,     0] loss: 4.520359e-03 masks: 19.0 20.0 [wd: 2.50e-01] [lr: 4.77e-04] [mem: 5.65e+03] (168.8 ms)
INFO:root:[278,     0] grad_stats: [1.96e-04 3.10e-05] (1.59e-05, 7.99e-04)
INFO:root:[278,   116] loss: 5.430175e-03 masks: 21.7 17.4 [wd: 2.51e-01] [lr: 4.75e-04] [mem: 5.65e+03] (173.1 ms)
INFO:root:[278,   116] grad_stats: [1.32e-04 3.02e-05] (1.55e-05, 1.13e-03)
INFO:root:[278,   232] loss: 5.404552e-03 masks: 21.9 17.4 [wd: 2.52e-01] [lr: 4.73e-04] [mem: 5.65e+03] (174.0 ms)
INFO:root:[278,   232] grad_stats: [1.70e-04 4.66e-05] (2.12e-05, 1.67e-03)
INFO:root:avg. loss 5.40455227e-03
INFO:root:time taken for epoch 0:00:53.991385
INFO:root:Epoch 279
INFO:root:[279,     0] loss: 4.979700e-03 masks: 17.0 20.0 [wd: 2.52e-01] [lr: 4.73e-04] [mem: 5.65e+03] (162.5 ms)
INFO:root:[279,     0] grad_stats: [1.31e-04 3.08e-05] (1.65e-05, 2.54e-03)
INFO:root:[279,   116] loss: 5.392775e-03 masks: 21.7 17.5 [wd: 2.52e-01] [lr: 4.72e-04] [mem: 5.65e+03] (173.2 ms)
INFO:root:[279,   116] grad_stats: [9.88e-05 3.58e-05] (1.49e-05, 1.05e-03)
INFO:root:[279,   232] loss: 5.403501e-03 masks: 22.1 17.3 [wd: 2.53e-01] [lr: 4.70e-04] [mem: 5.65e+03] (174.5 ms)
INFO:root:[279,   232] grad_stats: [7.69e-05 3.14e-05] (1.96e-05, 1.79e-03)
INFO:root:avg. loss 5.40350087e-03
INFO:root:time taken for epoch 0:00:53.926879
INFO:root:Epoch 280
INFO:root:[280,     0] loss: 4.571464e-03 masks: 19.0 20.0 [wd: 2.53e-01] [lr: 4.70e-04] [mem: 5.65e+03] (168.3 ms)
INFO:root:[280,     0] grad_stats: [1.18e-04 3.55e-05] (1.70e-05, 2.01e-03)
INFO:root:[280,   116] loss: 5.383282e-03 masks: 22.4 17.3 [wd: 2.53e-01] [lr: 4.68e-04] [mem: 5.65e+03] (174.6 ms)
INFO:root:[280,   116] grad_stats: [2.24e-04 4.80e-05] (3.22e-05, 6.83e-03)
INFO:root:[280,   232] loss: 5.455973e-03 masks: 22.3 17.1 [wd: 2.54e-01] [lr: 4.66e-04] [mem: 5.65e+03] (174.6 ms)
INFO:root:[280,   232] grad_stats: [2.22e-04 3.32e-05] (2.08e-05, 1.44e-03)
INFO:root:avg. loss 5.45597279e-03
INFO:root:time taken for epoch 0:00:54.146925
INFO:root:Epoch 281
INFO:root:[281,     0] loss: 5.978875e-03 masks: 20.0 16.0 [wd: 2.54e-01] [lr: 4.66e-04] [mem: 5.65e+03] (167.2 ms)
INFO:root:[281,     0] grad_stats: [1.64e-04 5.00e-05] (2.02e-05, 7.18e-04)
INFO:root:[281,   116] loss: 5.414344e-03 masks: 21.5 17.5 [wd: 2.54e-01] [lr: 4.65e-04] [mem: 5.65e+03] (172.5 ms)
INFO:root:[281,   116] grad_stats: [1.15e-04 3.73e-05] (1.54e-05, 9.56e-04)
INFO:root:[281,   232] loss: 5.363179e-03 masks: 21.7 17.4 [wd: 2.55e-01] [lr: 4.63e-04] [mem: 5.65e+03] (173.6 ms)
INFO:root:[281,   232] grad_stats: [1.12e-04 3.50e-05] (2.01e-05, 3.96e-03)
INFO:root:avg. loss 5.36317898e-03
INFO:root:time taken for epoch 0:00:53.845752
INFO:root:Epoch 282
INFO:root:[282,     0] loss: 4.938612e-03 masks: 24.0 16.0 [wd: 2.55e-01] [lr: 4.63e-04] [mem: 5.65e+03] (176.3 ms)
INFO:root:[282,     0] grad_stats: [1.18e-04 3.38e-05] (1.66e-05, 9.06e-04)
INFO:root:[282,   116] loss: 5.366450e-03 masks: 21.7 17.5 [wd: 2.55e-01] [lr: 4.61e-04] [mem: 5.65e+03] (173.3 ms)
INFO:root:[282,   116] grad_stats: [7.20e-05 3.20e-05] (1.55e-05, 1.01e-03)
INFO:root:[282,   232] loss: 5.356297e-03 masks: 21.7 17.5 [wd: 2.56e-01] [lr: 4.60e-04] [mem: 5.65e+03] (173.7 ms)
INFO:root:[282,   232] grad_stats: [6.17e-05 3.81e-05] (2.17e-05, 1.13e-03)
INFO:root:avg. loss 5.35629682e-03
INFO:root:time taken for epoch 0:00:53.911361
INFO:root:Epoch 283
INFO:root:[283,     0] loss: 5.560074e-03 masks: 22.0 16.0 [wd: 2.56e-01] [lr: 4.60e-04] [mem: 5.65e+03] (170.4 ms)
INFO:root:[283,     0] grad_stats: [8.86e-05 3.15e-05] (1.66e-05, 1.05e-03)
INFO:root:[283,   116] loss: 5.435672e-03 masks: 22.1 17.1 [wd: 2.57e-01] [lr: 4.58e-04] [mem: 5.65e+03] (173.7 ms)
INFO:root:[283,   116] grad_stats: [2.32e-04 5.37e-05] (1.53e-05, 5.92e-04)
INFO:root:[283,   232] loss: 5.392646e-03 masks: 22.1 17.3 [wd: 2.57e-01] [lr: 4.56e-04] [mem: 5.65e+03] (174.6 ms)
INFO:root:[283,   232] grad_stats: [1.97e-04 4.56e-05] (1.97e-05, 9.77e-04)
INFO:root:avg. loss 5.39264587e-03
INFO:root:time taken for epoch 0:00:54.129309
INFO:root:Epoch 284
INFO:root:[284,     0] loss: 5.558459e-03 masks: 20.0 16.0 [wd: 2.57e-01] [lr: 4.56e-04] [mem: 5.65e+03] (167.2 ms)
INFO:root:[284,     0] grad_stats: [1.86e-04 3.92e-05] (2.10e-05, 1.06e-03)
INFO:root:[284,   116] loss: 5.411777e-03 masks: 21.3 17.3 [wd: 2.58e-01] [lr: 4.55e-04] [mem: 5.65e+03] (171.8 ms)
INFO:root:[284,   116] grad_stats: [2.14e-04 3.42e-05] (1.70e-05, 1.05e-03)
INFO:root:[284,   232] loss: 5.431607e-03 masks: 22.0 17.1 [wd: 2.58e-01] [lr: 4.53e-04] [mem: 5.65e+03] (173.9 ms)
INFO:root:[284,   232] grad_stats: [2.51e-04 3.91e-05] (1.74e-05, 1.65e-03)
INFO:root:avg. loss 5.43160704e-03
INFO:root:time taken for epoch 0:00:53.967483
INFO:root:Epoch 285
INFO:root:[285,     0] loss: 5.184387e-03 masks: 18.0 20.0 [wd: 2.58e-01] [lr: 4.53e-04] [mem: 5.65e+03] (166.8 ms)
INFO:root:[285,     0] grad_stats: [1.12e-04 4.84e-05] (1.96e-05, 6.69e-04)
INFO:root:[285,   116] loss: 5.318825e-03 masks: 21.9 17.5 [wd: 2.59e-01] [lr: 4.51e-04] [mem: 5.65e+03] (173.9 ms)
INFO:root:[285,   116] grad_stats: [1.30e-04 3.94e-05] (2.49e-05, 9.71e-04)
INFO:root:[285,   232] loss: 5.349875e-03 masks: 22.0 17.4 [wd: 2.59e-01] [lr: 4.49e-04] [mem: 5.65e+03] (174.5 ms)
INFO:root:[285,   232] grad_stats: [3.83e-04 4.07e-05] (2.55e-05, 1.93e-03)
INFO:root:avg. loss 5.34987547e-03
INFO:root:time taken for epoch 0:00:54.048896
INFO:root:Epoch 286
INFO:root:[286,     0] loss: 4.727392e-03 masks: 20.0 20.0 [wd: 2.59e-01] [lr: 4.49e-04] [mem: 5.65e+03] (172.2 ms)
INFO:root:[286,     0] grad_stats: [7.72e-05 3.64e-05] (1.78e-05, 7.82e-04)
INFO:root:[286,   116] loss: 5.347720e-03 masks: 20.9 17.8 [wd: 2.60e-01] [lr: 4.48e-04] [mem: 5.65e+03] (171.5 ms)
INFO:root:[286,   116] grad_stats: [1.02e-04 3.79e-05] (1.98e-05, 1.38e-03)
INFO:root:[286,   232] loss: 5.337732e-03 masks: 21.1 17.7 [wd: 2.60e-01] [lr: 4.46e-04] [mem: 5.65e+03] (172.4 ms)
INFO:root:[286,   232] grad_stats: [1.52e-04 3.82e-05] (1.80e-05, 6.27e-04)
INFO:root:avg. loss 5.33773243e-03
INFO:root:time taken for epoch 0:00:53.646452
INFO:root:Epoch 287
INFO:root:[287,     0] loss: 6.026226e-03 masks: 21.0 16.0 [wd: 2.60e-01] [lr: 4.46e-04] [mem: 5.65e+03] (167.6 ms)
INFO:root:[287,     0] grad_stats: [1.27e-04 3.39e-05] (1.79e-05, 6.21e-04)
INFO:root:[287,   116] loss: 5.378735e-03 masks: 22.3 17.2 [wd: 2.61e-01] [lr: 4.44e-04] [mem: 5.65e+03] (174.4 ms)
INFO:root:[287,   116] grad_stats: [1.81e-04 4.13e-05] (1.74e-05, 6.31e-04)
INFO:root:[287,   232] loss: 5.449885e-03 masks: 21.8 17.2 [wd: 2.61e-01] [lr: 4.43e-04] [mem: 5.65e+03] (173.5 ms)
INFO:root:[287,   232] grad_stats: [2.05e-04 3.57e-05] (1.55e-05, 6.31e-04)
INFO:root:avg. loss 5.44988543e-03
INFO:root:time taken for epoch 0:00:53.832384
INFO:root:Epoch 288
INFO:root:[288,     0] loss: 4.992345e-03 masks: 18.0 20.0 [wd: 2.61e-01] [lr: 4.43e-04] [mem: 5.65e+03] (165.3 ms)
INFO:root:[288,     0] grad_stats: [1.73e-04 3.23e-05] (1.48e-05, 1.16e-03)
INFO:root:[288,   116] loss: 5.349904e-03 masks: 21.8 17.5 [wd: 2.62e-01] [lr: 4.41e-04] [mem: 5.65e+03] (173.5 ms)
INFO:root:[288,   116] grad_stats: [1.28e-04 4.28e-05] (1.77e-05, 7.76e-04)
INFO:root:[288,   232] loss: 5.339947e-03 masks: 21.6 17.5 [wd: 2.63e-01] [lr: 4.39e-04] [mem: 5.65e+03] (173.4 ms)
INFO:root:[288,   232] grad_stats: [2.02e-04 4.83e-05] (1.75e-05, 1.46e-03)
INFO:root:avg. loss 5.33994703e-03
INFO:root:time taken for epoch 0:00:53.861209
INFO:root:Epoch 289
INFO:root:[289,     0] loss: 5.578821e-03 masks: 28.0 16.0 [wd: 2.63e-01] [lr: 4.39e-04] [mem: 5.65e+03] (187.9 ms)
INFO:root:[289,     0] grad_stats: [2.32e-04 5.25e-05] (1.78e-05, 1.83e-03)
INFO:root:[289,   116] loss: 5.454998e-03 masks: 22.5 16.8 [wd: 2.63e-01] [lr: 4.38e-04] [mem: 5.65e+03] (174.6 ms)
INFO:root:[289,   116] grad_stats: [2.02e-04 4.22e-05] (2.36e-05, 1.97e-03)
INFO:root:[289,   232] loss: 5.468469e-03 masks: 22.3 17.0 [wd: 2.64e-01] [lr: 4.36e-04] [mem: 5.65e+03] (174.6 ms)
INFO:root:[289,   232] grad_stats: [1.37e-04 3.79e-05] (1.49e-05, 7.58e-04)
INFO:root:avg. loss 5.46846937e-03
INFO:root:time taken for epoch 0:00:54.077758
INFO:root:Epoch 290
INFO:root:[290,     0] loss: 4.282953e-03 masks: 18.0 20.0 [wd: 2.64e-01] [lr: 4.36e-04] [mem: 5.65e+03] (166.4 ms)
INFO:root:[290,     0] grad_stats: [2.04e-04 5.16e-05] (1.81e-05, 2.57e-03)
INFO:root:[290,   116] loss: 5.384470e-03 masks: 22.5 17.2 [wd: 2.64e-01] [lr: 4.34e-04] [mem: 5.65e+03] (174.8 ms)
INFO:root:[290,   116] grad_stats: [1.63e-04 4.71e-05] (2.48e-05, 2.34e-03)
INFO:root:[290,   232] loss: 5.397436e-03 masks: 22.4 17.1 [wd: 2.65e-01] [lr: 4.32e-04] [mem: 5.65e+03] (175.0 ms)
INFO:root:[290,   232] grad_stats: [1.88e-04 3.08e-05] (2.03e-05, 2.62e-03)
INFO:root:avg. loss 5.39743625e-03
INFO:root:time taken for epoch 0:00:54.207425
INFO:root:Epoch 291
INFO:root:[291,     0] loss: 5.370935e-03 masks: 15.0 20.0 [wd: 2.65e-01] [lr: 4.32e-04] [mem: 5.65e+03] (157.0 ms)
INFO:root:[291,     0] grad_stats: [1.80e-04 5.23e-05] (2.12e-05, 1.82e-03)
INFO:root:[291,   116] loss: 5.277078e-03 masks: 21.1 17.8 [wd: 2.65e-01] [lr: 4.31e-04] [mem: 5.65e+03] (171.9 ms)
INFO:root:[291,   116] grad_stats: [1.11e-04 5.33e-05] (1.78e-05, 2.56e-03)
INFO:root:[291,   232] loss: 5.337487e-03 masks: 21.5 17.6 [wd: 2.66e-01] [lr: 4.29e-04] [mem: 5.65e+03] (173.2 ms)
INFO:root:[291,   232] grad_stats: [2.30e-04 3.94e-05] (1.72e-05, 1.51e-03)
INFO:root:avg. loss 5.33748746e-03
INFO:root:time taken for epoch 0:00:53.894776
INFO:root:Epoch 292
INFO:root:[292,     0] loss: 5.280650e-03 masks: 29.0 16.0 [wd: 2.66e-01] [lr: 4.29e-04] [mem: 5.65e+03] (190.2 ms)
INFO:root:[292,     0] grad_stats: [1.92e-04 4.10e-05] (2.21e-05, 2.91e-03)
INFO:root:[292,   116] loss: 5.341901e-03 masks: 21.8 17.4 [wd: 2.66e-01] [lr: 4.27e-04] [mem: 5.65e+03] (173.3 ms)
INFO:root:[292,   116] grad_stats: [9.67e-05 4.05e-05] (2.09e-05, 1.63e-03)
INFO:root:[292,   232] loss: 5.400831e-03 masks: 21.8 17.3 [wd: 2.67e-01] [lr: 4.26e-04] [mem: 5.65e+03] (173.4 ms)
INFO:root:[292,   232] grad_stats: [9.35e-05 4.29e-05] (1.88e-05, 2.61e-03)
INFO:root:avg. loss 5.40083105e-03
INFO:root:time taken for epoch 0:00:53.929815
INFO:root:Epoch 293
INFO:root:[293,     0] loss: 5.519815e-03 masks: 25.0 16.0 [wd: 2.67e-01] [lr: 4.26e-04] [mem: 5.65e+03] (178.9 ms)
INFO:root:[293,     0] grad_stats: [7.48e-05 4.54e-05] (2.36e-05, 1.04e-03)
INFO:root:[293,   116] loss: 5.344912e-03 masks: 21.4 17.6 [wd: 2.67e-01] [lr: 4.24e-04] [mem: 5.65e+03] (172.4 ms)
INFO:root:[293,   116] grad_stats: [1.32e-04 4.60e-05] (1.73e-05, 5.82e-04)
INFO:root:[293,   232] loss: 5.409164e-03 masks: 22.0 17.3 [wd: 2.68e-01] [lr: 4.22e-04] [mem: 5.65e+03] (174.2 ms)
INFO:root:[293,   232] grad_stats: [1.47e-04 4.31e-05] (1.87e-05, 9.23e-04)
INFO:root:avg. loss 5.40916393e-03
INFO:root:time taken for epoch 0:00:54.042645
INFO:root:Epoch 294
INFO:root:[294,     0] loss: 4.457685e-03 masks: 20.0 20.0 [wd: 2.68e-01] [lr: 4.22e-04] [mem: 5.65e+03] (170.0 ms)
INFO:root:[294,     0] grad_stats: [9.56e-05 2.69e-05] (1.53e-05, 1.56e-03)
INFO:root:[294,   116] loss: 5.431254e-03 masks: 22.6 16.9 [wd: 2.69e-01] [lr: 4.21e-04] [mem: 5.65e+03] (174.7 ms)
INFO:root:[294,   116] grad_stats: [1.17e-04 2.82e-05] (1.50e-05, 1.44e-03)
INFO:root:[294,   232] loss: 5.424173e-03 masks: 22.2 17.0 [wd: 2.69e-01] [lr: 4.19e-04] [mem: 5.65e+03] (174.4 ms)
INFO:root:[294,   232] grad_stats: [8.09e-05 3.75e-05] (1.78e-05, 1.64e-03)
INFO:root:avg. loss 5.42417308e-03
INFO:root:time taken for epoch 0:00:54.083633
INFO:root:Epoch 295
INFO:root:[295,     0] loss: 5.555465e-03 masks: 23.0 16.0 [wd: 2.69e-01] [lr: 4.19e-04] [mem: 5.65e+03] (172.6 ms)
INFO:root:[295,     0] grad_stats: [1.25e-04 4.86e-05] (2.05e-05, 1.50e-03)
INFO:root:[295,   116] loss: 5.349007e-03 masks: 21.7 17.4 [wd: 2.70e-01] [lr: 4.17e-04] [mem: 5.65e+03] (173.0 ms)
INFO:root:[295,   116] grad_stats: [7.86e-05 3.94e-05] (1.88e-05, 1.19e-03)
INFO:root:[295,   232] loss: 5.352800e-03 masks: 22.0 17.4 [wd: 2.70e-01] [lr: 4.16e-04] [mem: 5.65e+03] (174.2 ms)
INFO:root:[295,   232] grad_stats: [1.37e-04 3.30e-05] (1.50e-05, 7.43e-04)
INFO:root:avg. loss 5.35279962e-03
INFO:root:time taken for epoch 0:00:54.073827
INFO:root:Epoch 296
INFO:root:[296,     0] loss: 5.981702e-03 masks: 36.0 12.0 [wd: 2.70e-01] [lr: 4.16e-04] [mem: 5.65e+03] (202.4 ms)
INFO:root:[296,     0] grad_stats: [2.39e-04 4.30e-05] (2.34e-05, 2.54e-03)
INFO:root:[296,   116] loss: 5.448252e-03 masks: 22.3 17.2 [wd: 2.71e-01] [lr: 4.14e-04] [mem: 5.65e+03] (174.4 ms)
INFO:root:[296,   116] grad_stats: [8.07e-05 4.30e-05] (1.82e-05, 1.16e-03)
INFO:root:[296,   232] loss: 5.391066e-03 masks: 21.9 17.4 [wd: 2.71e-01] [lr: 4.12e-04] [mem: 5.65e+03] (174.2 ms)
INFO:root:[296,   232] grad_stats: [1.68e-04 3.97e-05] (2.30e-05, 1.32e-03)
INFO:root:avg. loss 5.39106569e-03
INFO:root:time taken for epoch 0:00:54.003388
INFO:root:Epoch 297
INFO:root:[297,     0] loss: 5.499412e-03 masks: 25.0 16.0 [wd: 2.71e-01] [lr: 4.12e-04] [mem: 5.65e+03] (178.6 ms)
INFO:root:[297,     0] grad_stats: [8.90e-05 5.17e-05] (1.93e-05, 1.24e-03)
INFO:root:[297,   116] loss: 5.391290e-03 masks: 21.8 17.3 [wd: 2.72e-01] [lr: 4.11e-04] [mem: 5.65e+03] (173.0 ms)
INFO:root:[297,   116] grad_stats: [1.64e-04 5.28e-05] (2.74e-05, 2.66e-03)
INFO:root:[297,   232] loss: 5.399567e-03 masks: 22.0 17.3 [wd: 2.72e-01] [lr: 4.09e-04] [mem: 5.65e+03] (174.2 ms)
INFO:root:[297,   232] grad_stats: [3.87e-04 5.81e-05] (3.50e-05, 4.30e-03)
INFO:root:avg. loss 5.39956710e-03
INFO:root:time taken for epoch 0:00:54.045572
INFO:root:Epoch 298
INFO:root:[298,     0] loss: 4.932940e-03 masks: 19.0 20.0 [wd: 2.72e-01] [lr: 4.09e-04] [mem: 5.65e+03] (169.8 ms)
INFO:root:[298,     0] grad_stats: [9.25e-05 5.89e-05] (2.29e-05, 9.93e-04)
INFO:root:[298,   116] loss: 5.424111e-03 masks: 22.4 17.2 [wd: 2.73e-01] [lr: 4.07e-04] [mem: 5.65e+03] (174.4 ms)
INFO:root:[298,   116] grad_stats: [1.60e-04 4.10e-05] (2.50e-05, 1.95e-03)
INFO:root:[298,   232] loss: 5.403948e-03 masks: 22.4 17.1 [wd: 2.73e-01] [lr: 4.06e-04] [mem: 5.65e+03] (175.0 ms)
INFO:root:[298,   232] grad_stats: [2.15e-04 4.28e-05] (2.26e-05, 2.06e-03)
INFO:root:avg. loss 5.40394798e-03
INFO:root:time taken for epoch 0:00:54.224235
INFO:root:Epoch 299
INFO:root:[299,     0] loss: 5.201623e-03 masks: 16.0 20.0 [wd: 2.73e-01] [lr: 4.06e-04] [mem: 5.65e+03] (159.3 ms)
INFO:root:[299,     0] grad_stats: [1.77e-04 5.06e-05] (2.53e-05, 2.08e-03)
INFO:root:[299,   116] loss: 5.382494e-03 masks: 22.1 17.3 [wd: 2.74e-01] [lr: 4.04e-04] [mem: 5.65e+03] (174.1 ms)
INFO:root:[299,   116] grad_stats: [1.46e-04 4.88e-05] (2.71e-05, 1.13e-03)
INFO:root:[299,   232] loss: 5.399888e-03 masks: 21.9 17.4 [wd: 2.75e-01] [lr: 4.02e-04] [mem: 5.65e+03] (173.9 ms)
INFO:root:[299,   232] grad_stats: [9.09e-05 3.10e-05] (1.88e-05, 1.19e-03)
INFO:root:avg. loss 5.39988810e-03
INFO:root:time taken for epoch 0:00:54.716156
INFO:root:Epoch 300
INFO:root:[300,     0] loss: 5.777169e-03 masks: 24.0 16.0 [wd: 2.75e-01] [lr: 4.02e-04] [mem: 5.65e+03] (176.2 ms)
INFO:root:[300,     0] grad_stats: [1.86e-04 4.26e-05] (2.54e-05, 2.77e-03)
INFO:root:[300,   116] loss: 5.420633e-03 masks: 21.1 17.5 [wd: 2.75e-01] [lr: 4.01e-04] [mem: 5.65e+03] (171.6 ms)
INFO:root:[300,   116] grad_stats: [1.33e-04 4.77e-05] (2.17e-05, 1.60e-03)
INFO:root:[300,   232] loss: 5.428722e-03 masks: 21.4 17.4 [wd: 2.76e-01] [lr: 3.99e-04] [mem: 5.65e+03] (172.6 ms)
INFO:root:[300,   232] grad_stats: [1.03e-04 6.44e-05] (2.40e-05, 9.49e-04)
INFO:root:avg. loss 5.42872242e-03
INFO:root:	Epoch 300, KNN accuracy train: 7.33405e-01, KNN accuracy train: 6.01667e-01
INFO:root:time taken for epoch 0:01:35.766628
INFO:root:Epoch 301
INFO:root:[301,     0] loss: 5.024725e-03 masks: 17.0 20.0 [wd: 2.76e-01] [lr: 3.99e-04] [mem: 5.65e+03] (162.2 ms)
INFO:root:[301,     0] grad_stats: [8.04e-05 3.59e-05] (2.10e-05, 9.67e-04)
INFO:root:[301,   116] loss: 5.350766e-03 masks: 21.6 17.4 [wd: 2.76e-01] [lr: 3.97e-04] [mem: 5.65e+03] (172.1 ms)
INFO:root:[301,   116] grad_stats: [1.82e-04 5.02e-05] (1.91e-05, 8.78e-04)
INFO:root:[301,   232] loss: 5.399693e-03 masks: 21.2 17.4 [wd: 2.77e-01] [lr: 3.96e-04] [mem: 5.65e+03] (171.7 ms)
INFO:root:[301,   232] grad_stats: [1.07e-04 4.59e-05] (1.85e-05, 1.12e-03)
INFO:root:avg. loss 5.39969257e-03
INFO:root:time taken for epoch 0:00:53.442257
INFO:root:Epoch 302
INFO:root:[302,     0] loss: 4.986327e-03 masks: 19.0 20.0 [wd: 2.77e-01] [lr: 3.96e-04] [mem: 5.65e+03] (170.4 ms)
INFO:root:[302,     0] grad_stats: [1.19e-04 3.45e-05] (1.61e-05, 9.56e-04)
INFO:root:[302,   116] loss: 5.444553e-03 masks: 22.4 17.1 [wd: 2.77e-01] [lr: 3.94e-04] [mem: 5.65e+03] (174.4 ms)
INFO:root:[302,   116] grad_stats: [2.02e-04 5.53e-05] (2.21e-05, 1.14e-03)
INFO:root:[302,   232] loss: 5.431355e-03 masks: 22.1 17.2 [wd: 2.78e-01] [lr: 3.92e-04] [mem: 5.65e+03] (174.1 ms)
INFO:root:[302,   232] grad_stats: [1.89e-04 4.93e-05] (2.47e-05, 8.69e-04)
INFO:root:avg. loss 5.43135460e-03
INFO:root:time taken for epoch 0:00:54.024702
INFO:root:Epoch 303
INFO:root:[303,     0] loss: 5.116555e-03 masks: 25.0 16.0 [wd: 2.78e-01] [lr: 3.92e-04] [mem: 5.65e+03] (178.5 ms)
INFO:root:[303,     0] grad_stats: [1.15e-04 5.29e-05] (2.42e-05, 1.16e-03)
INFO:root:[303,   116] loss: 5.427886e-03 masks: 21.7 17.3 [wd: 2.78e-01] [lr: 3.91e-04] [mem: 5.65e+03] (172.8 ms)
INFO:root:[303,   116] grad_stats: [1.65e-04 4.13e-05] (2.42e-05, 3.35e-03)
INFO:root:[303,   232] loss: 5.373198e-03 masks: 22.0 17.3 [wd: 2.79e-01] [lr: 3.89e-04] [mem: 5.65e+03] (174.0 ms)
INFO:root:[303,   232] grad_stats: [1.31e-04 4.20e-05] (2.05e-05, 3.52e-03)
INFO:root:avg. loss 5.37319788e-03
INFO:root:time taken for epoch 0:00:54.042533
INFO:root:Epoch 304
INFO:root:[304,     0] loss: 4.875788e-03 masks: 21.0 20.0 [wd: 2.79e-01] [lr: 3.89e-04] [mem: 5.65e+03] (171.0 ms)
INFO:root:[304,     0] grad_stats: [7.67e-05 3.93e-05] (1.51e-05, 1.31e-03)
INFO:root:[304,   116] loss: 5.335289e-03 masks: 21.9 17.5 [wd: 2.79e-01] [lr: 3.87e-04] [mem: 5.65e+03] (173.6 ms)
INFO:root:[304,   116] grad_stats: [1.06e-04 2.99e-05] (1.94e-05, 1.37e-03)
INFO:root:[304,   232] loss: 5.373260e-03 masks: 21.8 17.4 [wd: 2.80e-01] [lr: 3.86e-04] [mem: 5.65e+03] (173.5 ms)
INFO:root:[304,   232] grad_stats: [2.17e-04 4.50e-05] (2.52e-05, 4.63e-03)
INFO:root:avg. loss 5.37325967e-03
INFO:root:time taken for epoch 0:00:53.838748
INFO:root:Epoch 305
INFO:root:[305,     0] loss: 4.617651e-03 masks: 19.0 20.0 [wd: 2.80e-01] [lr: 3.86e-04] [mem: 5.65e+03] (168.5 ms)
INFO:root:[305,     0] grad_stats: [1.45e-04 3.49e-05] (1.70e-05, 1.64e-03)
INFO:root:[305,   116] loss: 5.418939e-03 masks: 21.7 17.3 [wd: 2.80e-01] [lr: 3.84e-04] [mem: 5.65e+03] (173.2 ms)
INFO:root:[305,   116] grad_stats: [1.05e-04 3.68e-05] (1.72e-05, 6.95e-04)
INFO:root:[305,   232] loss: 5.327448e-03 masks: 21.6 17.5 [wd: 2.81e-01] [lr: 3.82e-04] [mem: 5.65e+03] (173.4 ms)
INFO:root:[305,   232] grad_stats: [1.51e-04 7.40e-05] (3.22e-05, 2.25e-03)
INFO:root:avg. loss 5.32744850e-03
INFO:root:time taken for epoch 0:00:53.903594
INFO:root:Epoch 306
INFO:root:[306,     0] loss: 5.723680e-03 masks: 24.0 16.0 [wd: 2.81e-01] [lr: 3.82e-04] [mem: 5.65e+03] (175.7 ms)
INFO:root:[306,     0] grad_stats: [1.54e-04 3.65e-05] (1.97e-05, 1.41e-03)
INFO:root:[306,   116] loss: 5.357964e-03 masks: 22.0 17.2 [wd: 2.82e-01] [lr: 3.81e-04] [mem: 5.65e+03] (173.5 ms)
INFO:root:[306,   116] grad_stats: [1.85e-04 4.33e-05] (1.70e-05, 1.21e-03)
INFO:root:[306,   232] loss: 5.377314e-03 masks: 21.8 17.3 [wd: 2.82e-01] [lr: 3.79e-04] [mem: 5.65e+03] (173.6 ms)
INFO:root:[306,   232] grad_stats: [1.30e-04 3.78e-05] (1.66e-05, 7.36e-04)
INFO:root:avg. loss 5.37731437e-03
INFO:root:time taken for epoch 0:00:53.825240
INFO:root:Epoch 307
INFO:root:[307,     0] loss: 5.778117e-03 masks: 24.0 16.0 [wd: 2.82e-01] [lr: 3.79e-04] [mem: 5.65e+03] (176.4 ms)
INFO:root:[307,     0] grad_stats: [1.93e-04 4.49e-05] (2.38e-05, 1.65e-03)
INFO:root:[307,   116] loss: 5.444639e-03 masks: 22.2 17.1 [wd: 2.83e-01] [lr: 3.77e-04] [mem: 5.65e+03] (173.9 ms)
INFO:root:[307,   116] grad_stats: [1.21e-04 4.64e-05] (2.40e-05, 1.66e-03)
INFO:root:[307,   232] loss: 5.457579e-03 masks: 22.1 17.0 [wd: 2.83e-01] [lr: 3.76e-04] [mem: 5.65e+03] (174.0 ms)
INFO:root:[307,   232] grad_stats: [9.62e-05 4.12e-05] (2.28e-05, 9.18e-04)
INFO:root:avg. loss 5.45757910e-03
INFO:root:time taken for epoch 0:00:53.985634
INFO:root:Epoch 308
INFO:root:[308,     0] loss: 5.439766e-03 masks: 22.0 16.0 [wd: 2.83e-01] [lr: 3.76e-04] [mem: 5.65e+03] (170.1 ms)
INFO:root:[308,     0] grad_stats: [8.37e-05 4.70e-05] (1.84e-05, 1.04e-03)
INFO:root:[308,   116] loss: 5.400781e-03 masks: 22.2 17.2 [wd: 2.84e-01] [lr: 3.74e-04] [mem: 5.65e+03] (174.0 ms)
INFO:root:[308,   116] grad_stats: [1.60e-04 4.92e-05] (2.74e-05, 1.35e-03)
INFO:root:[308,   232] loss: 5.419812e-03 masks: 21.9 17.3 [wd: 2.84e-01] [lr: 3.72e-04] [mem: 5.65e+03] (173.8 ms)
INFO:root:[308,   232] grad_stats: [1.06e-04 4.84e-05] (2.36e-05, 2.80e-03)
INFO:root:avg. loss 5.41981244e-03
INFO:root:time taken for epoch 0:00:53.961716
INFO:root:Epoch 309
INFO:root:[309,     0] loss: 5.677989e-03 masks: 26.0 16.0 [wd: 2.84e-01] [lr: 3.72e-04] [mem: 5.65e+03] (183.5 ms)
INFO:root:[309,     0] grad_stats: [1.35e-04 5.01e-05] (2.08e-05, 6.46e-04)
INFO:root:[309,   116] loss: 5.273514e-03 masks: 22.2 17.6 [wd: 2.85e-01] [lr: 3.71e-04] [mem: 5.65e+03] (174.9 ms)
INFO:root:[309,   116] grad_stats: [9.13e-05 6.49e-05] (2.62e-05, 2.10e-03)
INFO:root:[309,   232] loss: 5.318777e-03 masks: 22.4 17.4 [wd: 2.85e-01] [lr: 3.69e-04] [mem: 5.65e+03] (175.6 ms)
INFO:root:[309,   232] grad_stats: [1.37e-04 4.90e-05] (2.41e-05, 2.18e-03)
INFO:root:avg. loss 5.31877711e-03
INFO:root:time taken for epoch 0:00:54.298721
INFO:root:Epoch 310
INFO:root:[310,     0] loss: 6.580930e-03 masks: 33.0 12.0 [wd: 2.85e-01] [lr: 3.69e-04] [mem: 5.65e+03] (193.0 ms)
INFO:root:[310,     0] grad_stats: [1.40e-04 4.23e-05] (2.85e-05, 3.30e-03)
INFO:root:[310,   116] loss: 5.326909e-03 masks: 22.1 17.3 [wd: 2.86e-01] [lr: 3.67e-04] [mem: 5.65e+03] (173.9 ms)
INFO:root:[310,   116] grad_stats: [1.30e-04 3.66e-05] (2.57e-05, 1.75e-03)
INFO:root:[310,   232] loss: 5.367930e-03 masks: 21.9 17.3 [wd: 2.86e-01] [lr: 3.66e-04] [mem: 5.65e+03] (173.9 ms)
INFO:root:[310,   232] grad_stats: [1.68e-04 5.88e-05] (2.99e-05, 3.86e-03)
INFO:root:avg. loss 5.36793043e-03
INFO:root:time taken for epoch 0:00:53.926829
INFO:root:Epoch 311
INFO:root:[311,     0] loss: 7.230668e-03 masks: 33.0 12.0 [wd: 2.86e-01] [lr: 3.66e-04] [mem: 5.65e+03] (194.9 ms)
INFO:root:[311,     0] grad_stats: [1.34e-04 5.79e-05] (3.05e-05, 3.15e-03)
INFO:root:[311,   116] loss: 5.475014e-03 masks: 22.8 16.9 [wd: 2.87e-01] [lr: 3.64e-04] [mem: 5.65e+03] (175.1 ms)
INFO:root:[311,   116] grad_stats: [1.82e-04 6.73e-05] (2.16e-05, 1.15e-03)
INFO:root:[311,   232] loss: 5.431538e-03 masks: 22.4 17.0 [wd: 2.87e-01] [lr: 3.62e-04] [mem: 5.65e+03] (174.9 ms)
INFO:root:[311,   232] grad_stats: [1.23e-04 5.74e-05] (2.28e-05, 1.13e-03)
INFO:root:avg. loss 5.43153815e-03
INFO:root:time taken for epoch 0:00:54.149525
INFO:root:Epoch 312
INFO:root:[312,     0] loss: 5.768328e-03 masks: 26.0 16.0 [wd: 2.87e-01] [lr: 3.62e-04] [mem: 5.65e+03] (182.3 ms)
INFO:root:[312,     0] grad_stats: [2.12e-04 5.40e-05] (2.34e-05, 8.27e-04)
INFO:root:[312,   116] loss: 5.362368e-03 masks: 21.9 17.4 [wd: 2.88e-01] [lr: 3.61e-04] [mem: 5.65e+03] (173.6 ms)
INFO:root:[312,   116] grad_stats: [8.11e-05 4.22e-05] (1.93e-05, 1.29e-03)
INFO:root:[312,   232] loss: 5.432778e-03 masks: 21.8 17.2 [wd: 2.88e-01] [lr: 3.59e-04] [mem: 5.65e+03] (173.5 ms)
INFO:root:[312,   232] grad_stats: [1.08e-04 3.45e-05] (1.78e-05, 9.51e-04)
INFO:root:avg. loss 5.43277809e-03
INFO:root:time taken for epoch 0:00:53.807482
INFO:root:Epoch 313
INFO:root:[313,     0] loss: 5.486513e-03 masks: 14.0 20.0 [wd: 2.88e-01] [lr: 3.59e-04] [mem: 5.65e+03] (155.7 ms)
INFO:root:[313,     0] grad_stats: [2.57e-04 7.53e-05] (2.26e-05, 7.72e-04)
INFO:root:[313,   116] loss: 5.365739e-03 masks: 21.6 17.4 [wd: 2.89e-01] [lr: 3.58e-04] [mem: 5.65e+03] (172.8 ms)
INFO:root:[313,   116] grad_stats: [7.74e-05 5.02e-05] (2.68e-05, 1.26e-03)
INFO:root:[313,   232] loss: 5.376039e-03 masks: 21.6 17.4 [wd: 2.89e-01] [lr: 3.56e-04] [mem: 5.65e+03] (173.0 ms)
INFO:root:[313,   232] grad_stats: [9.39e-05 5.30e-05] (2.56e-05, 1.18e-03)
INFO:root:avg. loss 5.37603897e-03
INFO:root:time taken for epoch 0:00:53.727218
INFO:root:Epoch 314
INFO:root:[314,     0] loss: 5.140826e-03 masks: 15.0 20.0 [wd: 2.89e-01] [lr: 3.56e-04] [mem: 5.65e+03] (156.9 ms)
INFO:root:[314,     0] grad_stats: [1.29e-04 4.45e-05] (2.10e-05, 9.86e-04)
INFO:root:[314,   116] loss: 5.387511e-03 masks: 22.0 17.3 [wd: 2.90e-01] [lr: 3.54e-04] [mem: 5.65e+03] (173.4 ms)
INFO:root:[314,   116] grad_stats: [1.36e-04 4.11e-05] (2.05e-05, 1.15e-03)
INFO:root:[314,   232] loss: 5.430927e-03 masks: 22.2 17.2 [wd: 2.90e-01] [lr: 3.53e-04] [mem: 5.65e+03] (174.5 ms)
INFO:root:[314,   232] grad_stats: [1.45e-04 4.70e-05] (2.46e-05, 1.46e-03)
INFO:root:avg. loss 5.43092667e-03
INFO:root:time taken for epoch 0:00:54.063411
INFO:root:Epoch 315
INFO:root:[315,     0] loss: 6.058534e-03 masks: 21.0 16.0 [wd: 2.90e-01] [lr: 3.53e-04] [mem: 5.65e+03] (167.9 ms)
INFO:root:[315,     0] grad_stats: [1.71e-04 5.20e-05] (2.64e-05, 9.65e-04)
INFO:root:[315,   116] loss: 5.577852e-03 masks: 22.8 16.7 [wd: 2.91e-01] [lr: 3.51e-04] [mem: 5.65e+03] (175.2 ms)
INFO:root:[315,   116] grad_stats: [1.53e-04 5.53e-05] (2.75e-05, 1.24e-03)
INFO:root:[315,   232] loss: 5.484267e-03 masks: 22.4 17.0 [wd: 2.91e-01] [lr: 3.49e-04] [mem: 5.65e+03] (174.7 ms)
INFO:root:[315,   232] grad_stats: [2.85e-04 4.24e-05] (2.42e-05, 3.12e-03)
INFO:root:avg. loss 5.48426686e-03
INFO:root:time taken for epoch 0:00:54.092492
INFO:root:Epoch 316
INFO:root:[316,     0] loss: 5.236205e-03 masks: 13.0 20.0 [wd: 2.91e-01] [lr: 3.49e-04] [mem: 5.65e+03] (153.9 ms)
INFO:root:[316,     0] grad_stats: [9.84e-05 3.47e-05] (2.33e-05, 1.66e-03)
INFO:root:[316,   116] loss: 5.430544e-03 masks: 21.7 17.4 [wd: 2.92e-01] [lr: 3.48e-04] [mem: 5.65e+03] (172.9 ms)
INFO:root:[316,   116] grad_stats: [2.37e-04 5.04e-05] (3.08e-05, 2.04e-03)
INFO:root:[316,   232] loss: 5.392991e-03 masks: 21.3 17.6 [wd: 2.93e-01] [lr: 3.46e-04] [mem: 5.65e+03] (172.7 ms)
INFO:root:[316,   232] grad_stats: [1.84e-04 4.52e-05] (2.09e-05, 9.36e-04)
INFO:root:avg. loss 5.39299110e-03
INFO:root:time taken for epoch 0:00:53.615442
INFO:root:Epoch 317
INFO:root:[317,     0] loss: 6.018596e-03 masks: 22.0 16.0 [wd: 2.93e-01] [lr: 3.46e-04] [mem: 5.65e+03] (170.3 ms)
INFO:root:[317,     0] grad_stats: [1.52e-04 4.68e-05] (2.68e-05, 1.74e-03)
INFO:root:[317,   116] loss: 5.358203e-03 masks: 22.3 17.2 [wd: 2.93e-01] [lr: 3.45e-04] [mem: 5.65e+03] (174.5 ms)
INFO:root:[317,   116] grad_stats: [2.01e-04 4.08e-05] (2.12e-05, 8.50e-04)
INFO:root:[317,   232] loss: 5.405967e-03 masks: 22.2 17.2 [wd: 2.94e-01] [lr: 3.43e-04] [mem: 5.65e+03] (174.6 ms)
INFO:root:[317,   232] grad_stats: [1.02e-04 4.58e-05] (2.07e-05, 1.15e-03)
INFO:root:avg. loss 5.40596670e-03
INFO:root:time taken for epoch 0:00:54.090862
INFO:root:Epoch 318
INFO:root:[318,     0] loss: 5.961447e-03 masks: 36.0 12.0 [wd: 2.94e-01] [lr: 3.43e-04] [mem: 5.65e+03] (203.2 ms)
INFO:root:[318,     0] grad_stats: [2.49e-04 5.78e-05] (3.44e-05, 3.18e-03)
INFO:root:[318,   116] loss: 5.539789e-03 masks: 22.5 16.8 [wd: 2.94e-01] [lr: 3.41e-04] [mem: 5.65e+03] (174.2 ms)
INFO:root:[318,   116] grad_stats: [2.76e-04 4.42e-05] (2.72e-05, 2.96e-03)
INFO:root:[318,   232] loss: 5.476047e-03 masks: 22.1 17.0 [wd: 2.95e-01] [lr: 3.40e-04] [mem: 5.65e+03] (173.8 ms)
INFO:root:[318,   232] grad_stats: [1.22e-04 4.43e-05] (2.81e-05, 8.95e-04)
INFO:root:avg. loss 5.47604735e-03
INFO:root:time taken for epoch 0:00:53.897919
INFO:root:Epoch 319
INFO:root:[319,     0] loss: 4.475269e-03 masks: 19.0 20.0 [wd: 2.95e-01] [lr: 3.40e-04] [mem: 5.65e+03] (168.4 ms)
INFO:root:[319,     0] grad_stats: [1.45e-04 2.99e-05] (2.20e-05, 8.42e-04)
INFO:root:[319,   116] loss: 5.404319e-03 masks: 21.9 17.3 [wd: 2.95e-01] [lr: 3.38e-04] [mem: 5.65e+03] (173.5 ms)
INFO:root:[319,   116] grad_stats: [9.47e-05 3.00e-05] (2.02e-05, 8.16e-04)
INFO:root:[319,   232] loss: 5.429314e-03 masks: 22.0 17.2 [wd: 2.96e-01] [lr: 3.36e-04] [mem: 5.65e+03] (173.9 ms)
INFO:root:[319,   232] grad_stats: [1.05e-04 4.70e-05] (2.40e-05, 2.36e-03)
INFO:root:avg. loss 5.42931445e-03
INFO:root:time taken for epoch 0:00:53.972923
INFO:root:Epoch 320
INFO:root:[320,     0] loss: 5.876277e-03 masks: 17.0 16.0 [wd: 2.96e-01] [lr: 3.36e-04] [mem: 5.65e+03] (157.6 ms)
INFO:root:[320,     0] grad_stats: [1.43e-04 7.32e-05] (3.10e-05, 1.58e-03)
INFO:root:[320,   116] loss: 5.426116e-03 masks: 21.4 17.4 [wd: 2.96e-01] [lr: 3.35e-04] [mem: 5.65e+03] (172.1 ms)
INFO:root:[320,   116] grad_stats: [1.18e-04 6.40e-05] (2.01e-05, 9.40e-04)
INFO:root:[320,   232] loss: 5.435223e-03 masks: 21.9 17.2 [wd: 2.97e-01] [lr: 3.33e-04] [mem: 5.65e+03] (173.4 ms)
INFO:root:[320,   232] grad_stats: [4.24e-04 5.37e-05] (2.69e-05, 2.28e-03)
INFO:root:avg. loss 5.43522348e-03
INFO:root:time taken for epoch 0:00:53.779593
INFO:root:Epoch 321
INFO:root:[321,     0] loss: 4.918799e-03 masks: 17.0 20.0 [wd: 2.97e-01] [lr: 3.33e-04] [mem: 5.65e+03] (162.3 ms)
INFO:root:[321,     0] grad_stats: [8.54e-05 3.85e-05] (2.06e-05, 9.70e-04)
INFO:root:[321,   116] loss: 5.426642e-03 masks: 21.8 17.3 [wd: 2.97e-01] [lr: 3.32e-04] [mem: 5.65e+03] (173.0 ms)
INFO:root:[321,   116] grad_stats: [3.26e-04 4.51e-05] (2.69e-05, 1.74e-03)
INFO:root:[321,   232] loss: 5.372241e-03 masks: 21.8 17.4 [wd: 2.98e-01] [lr: 3.30e-04] [mem: 5.65e+03] (173.4 ms)
INFO:root:[321,   232] grad_stats: [1.36e-04 4.12e-05] (2.50e-05, 2.13e-03)
INFO:root:avg. loss 5.37224128e-03
INFO:root:time taken for epoch 0:00:53.883899
INFO:root:Epoch 322
INFO:root:[322,     0] loss: 5.327186e-03 masks: 25.0 16.0 [wd: 2.98e-01] [lr: 3.30e-04] [mem: 5.65e+03] (179.1 ms)
INFO:root:[322,     0] grad_stats: [1.07e-04 4.21e-05] (2.53e-05, 1.11e-03)
INFO:root:[322,   116] loss: 5.444037e-03 masks: 21.6 17.4 [wd: 2.98e-01] [lr: 3.28e-04] [mem: 5.65e+03] (172.6 ms)
INFO:root:[322,   116] grad_stats: [1.22e-04 5.33e-05] (2.40e-05, 1.21e-03)
INFO:root:[322,   232] loss: 5.432977e-03 masks: 22.1 17.2 [wd: 2.99e-01] [lr: 3.27e-04] [mem: 5.65e+03] (174.2 ms)
INFO:root:[322,   232] grad_stats: [1.59e-04 3.74e-05] (2.04e-05, 6.80e-04)
INFO:root:avg. loss 5.43297737e-03
INFO:root:time taken for epoch 0:00:53.976505
INFO:root:Epoch 323
INFO:root:[323,     0] loss: 5.476582e-03 masks: 25.0 16.0 [wd: 2.99e-01] [lr: 3.27e-04] [mem: 5.65e+03] (178.9 ms)
INFO:root:[323,     0] grad_stats: [2.14e-04 4.28e-05] (2.60e-05, 1.34e-03)
INFO:root:[323,   116] loss: 5.445542e-03 masks: 22.9 16.9 [wd: 2.99e-01] [lr: 3.25e-04] [mem: 5.65e+03] (175.6 ms)
INFO:root:[323,   116] grad_stats: [1.26e-04 6.52e-05] (2.78e-05, 1.36e-03)
INFO:root:[323,   232] loss: 5.440080e-03 masks: 22.9 16.9 [wd: 3.00e-01] [lr: 3.24e-04] [mem: 5.65e+03] (176.0 ms)
INFO:root:[323,   232] grad_stats: [1.18e-04 5.42e-05] (2.71e-05, 2.96e-03)
INFO:root:avg. loss 5.44008015e-03
INFO:root:time taken for epoch 0:00:54.414758
INFO:root:Epoch 324
INFO:root:[324,     0] loss: 4.827234e-03 masks: 27.0 16.0 [wd: 3.00e-01] [lr: 3.24e-04] [mem: 5.65e+03] (185.2 ms)
INFO:root:[324,     0] grad_stats: [2.51e-04 3.75e-05] (2.20e-05, 2.63e-03)
INFO:root:[324,   116] loss: 5.386749e-03 masks: 21.6 17.5 [wd: 3.00e-01] [lr: 3.22e-04] [mem: 5.65e+03] (172.9 ms)
INFO:root:[324,   116] grad_stats: [1.23e-04 4.60e-05] (2.21e-05, 2.72e-03)
INFO:root:[324,   232] loss: 5.411616e-03 masks: 22.1 17.2 [wd: 3.01e-01] [lr: 3.20e-04] [mem: 5.65e+03] (174.2 ms)
INFO:root:[324,   232] grad_stats: [1.34e-04 5.19e-05] (2.72e-05, 1.30e-03)
INFO:root:avg. loss 5.41161573e-03
INFO:root:time taken for epoch 0:00:53.985200
INFO:root:Epoch 325
INFO:root:[325,     0] loss: 4.632112e-03 masks: 19.0 20.0 [wd: 3.01e-01] [lr: 3.20e-04] [mem: 5.65e+03] (170.5 ms)
INFO:root:[325,     0] grad_stats: [1.07e-04 3.78e-05] (2.06e-05, 6.37e-04)
INFO:root:[325,   116] loss: 5.441344e-03 masks: 22.7 16.9 [wd: 3.01e-01] [lr: 3.19e-04] [mem: 5.65e+03] (175.3 ms)
INFO:root:[325,   116] grad_stats: [1.81e-04 3.39e-05] (2.32e-05, 1.79e-03)
INFO:root:[325,   232] loss: 5.466951e-03 masks: 22.3 17.0 [wd: 3.02e-01] [lr: 3.17e-04] [mem: 5.65e+03] (174.7 ms)
INFO:root:[325,   232] grad_stats: [1.70e-04 6.69e-05] (3.89e-05, 6.95e-03)
INFO:root:avg. loss 5.46695058e-03
INFO:root:time taken for epoch 0:00:54.108327
INFO:root:Epoch 326
INFO:root:[326,     0] loss: 5.387979e-03 masks: 25.0 16.0 [wd: 3.02e-01] [lr: 3.17e-04] [mem: 5.65e+03] (180.0 ms)
INFO:root:[326,     0] grad_stats: [1.45e-04 3.71e-05] (2.47e-05, 2.99e-03)
INFO:root:[326,   116] loss: 5.426813e-03 masks: 22.6 17.1 [wd: 3.02e-01] [lr: 3.16e-04] [mem: 5.65e+03] (175.1 ms)
INFO:root:[326,   116] grad_stats: [1.86e-04 5.62e-05] (2.58e-05, 1.02e-03)
INFO:root:[326,   232] loss: 5.420163e-03 masks: 22.4 17.1 [wd: 3.03e-01] [lr: 3.14e-04] [mem: 5.65e+03] (174.9 ms)
INFO:root:[326,   232] grad_stats: [2.29e-04 5.42e-05] (2.65e-05, 1.13e-03)
INFO:root:avg. loss 5.42016307e-03
INFO:root:time taken for epoch 0:00:54.147410
INFO:root:Epoch 327
INFO:root:[327,     0] loss: 5.259631e-03 masks: 15.0 20.0 [wd: 3.03e-01] [lr: 3.14e-04] [mem: 5.65e+03] (156.4 ms)
INFO:root:[327,     0] grad_stats: [1.32e-04 4.53e-05] (2.36e-05, 1.31e-03)
INFO:root:[327,   116] loss: 5.441017e-03 masks: 22.7 16.9 [wd: 3.03e-01] [lr: 3.12e-04] [mem: 5.65e+03] (175.1 ms)
INFO:root:[327,   116] grad_stats: [2.02e-04 5.79e-05] (2.58e-05, 2.94e-03)
INFO:root:[327,   232] loss: 5.418371e-03 masks: 22.4 17.1 [wd: 3.04e-01] [lr: 3.11e-04] [mem: 5.65e+03] (174.8 ms)
INFO:root:[327,   232] grad_stats: [1.33e-04 6.35e-05] (2.72e-05, 1.03e-03)
INFO:root:avg. loss 5.41837116e-03
INFO:root:time taken for epoch 0:00:54.086071
INFO:root:Epoch 328
INFO:root:[328,     0] loss: 4.577695e-03 masks: 23.0 20.0 [wd: 3.04e-01] [lr: 3.11e-04] [mem: 5.65e+03] (178.4 ms)
INFO:root:[328,     0] grad_stats: [7.60e-05 3.83e-05] (2.08e-05, 7.90e-04)
INFO:root:[328,   116] loss: 5.439415e-03 masks: 22.3 17.1 [wd: 3.04e-01] [lr: 3.09e-04] [mem: 5.65e+03] (174.1 ms)
INFO:root:[328,   116] grad_stats: [1.16e-04 3.36e-05] (2.03e-05, 1.33e-03)
INFO:root:[328,   232] loss: 5.392968e-03 masks: 22.2 17.2 [wd: 3.05e-01] [lr: 3.08e-04] [mem: 5.65e+03] (174.5 ms)
INFO:root:[328,   232] grad_stats: [7.42e-05 2.89e-05] (1.91e-05, 1.75e-03)
INFO:root:avg. loss 5.39296779e-03
INFO:root:time taken for epoch 0:00:54.079623
INFO:root:Epoch 329
INFO:root:[329,     0] loss: 5.535656e-03 masks: 23.0 16.0 [wd: 3.05e-01] [lr: 3.08e-04] [mem: 5.65e+03] (172.3 ms)
INFO:root:[329,     0] grad_stats: [9.80e-05 3.95e-05] (2.55e-05, 9.54e-04)
INFO:root:[329,   116] loss: 5.395359e-03 masks: 22.7 17.0 [wd: 3.05e-01] [lr: 3.06e-04] [mem: 5.65e+03] (175.2 ms)
INFO:root:[329,   116] grad_stats: [1.73e-04 5.90e-05] (3.13e-05, 2.20e-03)
INFO:root:[329,   232] loss: 5.373611e-03 masks: 22.1 17.3 [wd: 3.06e-01] [lr: 3.05e-04] [mem: 5.65e+03] (174.3 ms)
INFO:root:[329,   232] grad_stats: [1.60e-04 4.17e-05] (2.40e-05, 1.82e-03)
INFO:root:avg. loss 5.37361134e-03
INFO:root:time taken for epoch 0:00:54.106609
INFO:root:Epoch 330
INFO:root:[330,     0] loss: 5.257087e-03 masks: 19.0 20.0 [wd: 3.06e-01] [lr: 3.05e-04] [mem: 5.65e+03] (169.2 ms)
INFO:root:[330,     0] grad_stats: [6.62e-05 4.11e-05] (2.32e-05, 1.60e-03)
INFO:root:[330,   116] loss: 5.356072e-03 masks: 21.1 17.6 [wd: 3.06e-01] [lr: 3.03e-04] [mem: 5.65e+03] (171.6 ms)
INFO:root:[330,   116] grad_stats: [1.12e-04 4.80e-05] (2.51e-05, 1.78e-03)
INFO:root:[330,   232] loss: 5.350633e-03 masks: 22.1 17.3 [wd: 3.07e-01] [lr: 3.01e-04] [mem: 5.65e+03] (174.4 ms)
INFO:root:[330,   232] grad_stats: [1.02e-04 4.29e-05] (2.55e-05, 1.65e-03)
INFO:root:avg. loss 5.35063294e-03
INFO:root:time taken for epoch 0:00:54.091359
INFO:root:Epoch 331
INFO:root:[331,     0] loss: 5.589275e-03 masks: 12.0 20.0 [wd: 3.07e-01] [lr: 3.01e-04] [mem: 5.65e+03] (148.1 ms)
INFO:root:[331,     0] grad_stats: [1.64e-04 4.59e-05] (2.42e-05, 8.61e-04)
INFO:root:[331,   116] loss: 5.378534e-03 masks: 22.0 17.2 [wd: 3.07e-01] [lr: 3.00e-04] [mem: 5.65e+03] (173.4 ms)
INFO:root:[331,   116] grad_stats: [2.16e-04 4.98e-05] (2.77e-05, 1.38e-03)
INFO:root:[331,   232] loss: 5.375970e-03 masks: 21.8 17.3 [wd: 3.08e-01] [lr: 2.98e-04] [mem: 5.65e+03] (173.6 ms)
INFO:root:[331,   232] grad_stats: [1.22e-04 5.49e-05] (2.79e-05, 1.82e-03)
INFO:root:avg. loss 5.37597045e-03
INFO:root:time taken for epoch 0:00:53.921067
INFO:root:Epoch 332
INFO:root:[332,     0] loss: 5.368507e-03 masks: 21.0 16.0 [wd: 3.08e-01] [lr: 2.98e-04] [mem: 5.65e+03] (168.9 ms)
INFO:root:[332,     0] grad_stats: [1.63e-04 5.53e-05] (3.02e-05, 4.22e-03)
INFO:root:[332,   116] loss: 5.370062e-03 masks: 21.0 17.7 [wd: 3.08e-01] [lr: 2.97e-04] [mem: 5.65e+03] (171.3 ms)
INFO:root:[332,   116] grad_stats: [1.07e-04 5.17e-05] (3.13e-05, 1.44e-03)
INFO:root:[332,   232] loss: 5.362085e-03 masks: 21.4 17.5 [wd: 3.09e-01] [lr: 2.95e-04] [mem: 5.65e+03] (172.6 ms)
INFO:root:[332,   232] grad_stats: [1.35e-04 5.92e-05] (2.65e-05, 1.03e-03)
INFO:root:avg. loss 5.36208476e-03
INFO:root:time taken for epoch 0:00:53.607155
INFO:root:Epoch 333
INFO:root:[333,     0] loss: 5.179069e-03 masks: 27.0 16.0 [wd: 3.09e-01] [lr: 2.95e-04] [mem: 5.65e+03] (185.0 ms)
INFO:root:[333,     0] grad_stats: [1.29e-04 4.08e-05] (2.13e-05, 1.71e-03)
INFO:root:[333,   116] loss: 5.378938e-03 masks: 21.5 17.4 [wd: 3.09e-01] [lr: 2.94e-04] [mem: 5.65e+03] (172.3 ms)
INFO:root:[333,   116] grad_stats: [1.03e-04 5.37e-05] (2.76e-05, 1.08e-03)
INFO:root:[333,   232] loss: 5.396197e-03 masks: 21.6 17.3 [wd: 3.10e-01] [lr: 2.92e-04] [mem: 5.65e+03] (172.9 ms)
INFO:root:[333,   232] grad_stats: [1.61e-04 5.32e-05] (3.06e-05, 1.71e-03)
INFO:root:avg. loss 5.39619690e-03
INFO:root:time taken for epoch 0:00:53.711333
INFO:root:Epoch 334
INFO:root:[334,     0] loss: 5.826640e-03 masks: 25.0 16.0 [wd: 3.10e-01] [lr: 2.92e-04] [mem: 5.65e+03] (178.7 ms)
INFO:root:[334,     0] grad_stats: [2.75e-04 5.74e-05] (3.05e-05, 5.51e-03)
INFO:root:[334,   116] loss: 5.399009e-03 masks: 22.2 17.2 [wd: 3.10e-01] [lr: 2.91e-04] [mem: 5.65e+03] (174.2 ms)
INFO:root:[334,   116] grad_stats: [8.25e-05 4.65e-05] (2.24e-05, 1.00e-03)
INFO:root:[334,   232] loss: 5.391245e-03 masks: 22.2 17.3 [wd: 3.11e-01] [lr: 2.89e-04] [mem: 5.65e+03] (174.5 ms)
INFO:root:[334,   232] grad_stats: [1.28e-04 5.95e-05] (2.45e-05, 1.03e-03)
INFO:root:avg. loss 5.39124494e-03
INFO:root:time taken for epoch 0:00:54.115361
INFO:root:Epoch 335
INFO:root:[335,     0] loss: 5.505824e-03 masks: 24.0 16.0 [wd: 3.11e-01] [lr: 2.89e-04] [mem: 5.65e+03] (174.3 ms)
INFO:root:[335,     0] grad_stats: [1.61e-04 4.69e-05] (2.67e-05, 2.70e-03)
INFO:root:[335,   116] loss: 5.392260e-03 masks: 21.7 17.4 [wd: 3.11e-01] [lr: 2.88e-04] [mem: 5.65e+03] (172.9 ms)
INFO:root:[335,   116] grad_stats: [9.28e-05 4.41e-05] (3.04e-05, 2.97e-03)
INFO:root:[335,   232] loss: 5.441350e-03 masks: 21.9 17.3 [wd: 3.12e-01] [lr: 2.86e-04] [mem: 5.65e+03] (173.8 ms)
INFO:root:[335,   232] grad_stats: [1.38e-04 5.98e-05] (3.14e-05, 2.71e-03)
INFO:root:avg. loss 5.44135013e-03
INFO:root:time taken for epoch 0:00:53.941608
INFO:root:Epoch 336
INFO:root:[336,     0] loss: 5.074628e-03 masks: 15.0 20.0 [wd: 3.12e-01] [lr: 2.86e-04] [mem: 5.65e+03] (156.8 ms)
INFO:root:[336,     0] grad_stats: [1.11e-04 5.76e-05] (2.93e-05, 2.16e-03)
INFO:root:[336,   116] loss: 5.419714e-03 masks: 22.4 17.1 [wd: 3.12e-01] [lr: 2.84e-04] [mem: 5.65e+03] (174.7 ms)
INFO:root:[336,   116] grad_stats: [1.95e-04 6.61e-05] (4.15e-05, 2.13e-03)
INFO:root:[336,   232] loss: 5.422664e-03 masks: 22.3 17.2 [wd: 3.13e-01] [lr: 2.83e-04] [mem: 5.65e+03] (174.9 ms)
INFO:root:[336,   232] grad_stats: [1.21e-04 5.67e-05] (3.03e-05, 1.33e-03)
INFO:root:avg. loss 5.42266358e-03
INFO:root:time taken for epoch 0:00:54.031200
INFO:root:Epoch 337
INFO:root:[337,     0] loss: 4.571084e-03 masks: 18.0 20.0 [wd: 3.13e-01] [lr: 2.83e-04] [mem: 5.65e+03] (166.0 ms)
INFO:root:[337,     0] grad_stats: [2.12e-04 4.81e-05] (3.23e-05, 1.11e-03)
INFO:root:[337,   116] loss: 5.468491e-03 masks: 22.4 17.0 [wd: 3.13e-01] [lr: 2.81e-04] [mem: 5.65e+03] (174.4 ms)
INFO:root:[337,   116] grad_stats: [2.97e-04 4.53e-05] (2.63e-05, 7.01e-04)
INFO:root:[337,   232] loss: 5.417874e-03 masks: 22.1 17.2 [wd: 3.14e-01] [lr: 2.80e-04] [mem: 5.65e+03] (174.3 ms)
INFO:root:[337,   232] grad_stats: [1.69e-04 3.90e-05] (2.55e-05, 2.75e-03)
INFO:root:avg. loss 5.41787409e-03
INFO:root:time taken for epoch 0:00:54.085727
INFO:root:Epoch 338
INFO:root:[338,     0] loss: 5.061005e-03 masks: 20.0 20.0 [wd: 3.14e-01] [lr: 2.80e-04] [mem: 5.65e+03] (168.5 ms)
INFO:root:[338,     0] grad_stats: [7.48e-05 3.56e-05] (2.12e-05, 1.92e-03)
INFO:root:[338,   116] loss: 5.547368e-03 masks: 22.8 16.7 [wd: 3.14e-01] [lr: 2.78e-04] [mem: 5.65e+03] (174.9 ms)
INFO:root:[338,   116] grad_stats: [1.14e-04 6.65e-05] (3.22e-05, 1.02e-03)
INFO:root:[338,   232] loss: 5.491790e-03 masks: 22.5 16.9 [wd: 3.15e-01] [lr: 2.77e-04] [mem: 5.65e+03] (175.0 ms)
INFO:root:[338,   232] grad_stats: [6.76e-05 4.06e-05] (2.21e-05, 1.27e-03)
INFO:root:avg. loss 5.49178996e-03
INFO:root:time taken for epoch 0:00:54.234107
INFO:root:Epoch 339
INFO:root:[339,     0] loss: 5.279031e-03 masks: 25.0 16.0 [wd: 3.15e-01] [lr: 2.77e-04] [mem: 5.65e+03] (178.2 ms)
INFO:root:[339,     0] grad_stats: [1.04e-04 4.56e-05] (2.42e-05, 2.41e-03)
INFO:root:[339,   116] loss: 5.385090e-03 masks: 22.3 17.3 [wd: 3.15e-01] [lr: 2.75e-04] [mem: 5.65e+03] (174.4 ms)
INFO:root:[339,   116] grad_stats: [1.04e-04 3.74e-05] (2.26e-05, 7.10e-04)
INFO:root:[339,   232] loss: 5.433911e-03 masks: 22.3 17.2 [wd: 3.15e-01] [lr: 2.74e-04] [mem: 5.65e+03] (174.8 ms)
INFO:root:[339,   232] grad_stats: [7.60e-05 3.66e-05] (2.25e-05, 8.86e-04)
INFO:root:avg. loss 5.43391129e-03
INFO:root:time taken for epoch 0:00:54.155783
INFO:root:Epoch 340
INFO:root:[340,     0] loss: 4.818124e-03 masks: 26.0 16.0 [wd: 3.15e-01] [lr: 2.74e-04] [mem: 5.65e+03] (182.1 ms)
INFO:root:[340,     0] grad_stats: [2.06e-04 5.20e-05] (2.62e-05, 1.27e-03)
INFO:root:[340,   116] loss: 5.343983e-03 masks: 21.6 17.6 [wd: 3.16e-01] [lr: 2.72e-04] [mem: 5.65e+03] (172.7 ms)
INFO:root:[340,   116] grad_stats: [1.15e-04 5.49e-05] (3.16e-05, 2.66e-03)
INFO:root:[340,   232] loss: 5.306313e-03 masks: 21.4 17.7 [wd: 3.16e-01] [lr: 2.71e-04] [mem: 5.65e+03] (173.0 ms)
INFO:root:[340,   232] grad_stats: [1.48e-04 8.57e-05] (2.98e-05, 2.49e-03)
INFO:root:avg. loss 5.30631308e-03
INFO:root:time taken for epoch 0:00:53.753730
INFO:root:Epoch 341
INFO:root:[341,     0] loss: 5.498055e-03 masks: 21.0 16.0 [wd: 3.16e-01] [lr: 2.71e-04] [mem: 5.65e+03] (167.5 ms)
INFO:root:[341,     0] grad_stats: [1.23e-04 7.66e-05] (3.10e-05, 1.69e-03)
INFO:root:[341,   116] loss: 5.451087e-03 masks: 21.9 17.2 [wd: 3.17e-01] [lr: 2.69e-04] [mem: 5.65e+03] (173.2 ms)
INFO:root:[341,   116] grad_stats: [1.49e-04 4.75e-05] (2.33e-05, 1.11e-03)
INFO:root:[341,   232] loss: 5.463849e-03 masks: 22.0 17.1 [wd: 3.17e-01] [lr: 2.68e-04] [mem: 5.65e+03] (173.8 ms)
INFO:root:[341,   232] grad_stats: [2.44e-04 5.19e-05] (2.71e-05, 2.47e-03)
INFO:root:avg. loss 5.46384909e-03
INFO:root:time taken for epoch 0:00:53.966857
INFO:root:Epoch 342
INFO:root:[342,     0] loss: 5.648934e-03 masks: 25.0 16.0 [wd: 3.17e-01] [lr: 2.68e-04] [mem: 5.65e+03] (177.8 ms)
INFO:root:[342,     0] grad_stats: [1.06e-04 6.73e-05] (3.41e-05, 1.01e-03)
INFO:root:[342,   116] loss: 5.474781e-03 masks: 21.5 17.3 [wd: 3.18e-01] [lr: 2.66e-04] [mem: 5.65e+03] (172.1 ms)
INFO:root:[342,   116] grad_stats: [2.05e-04 3.84e-05] (2.60e-05, 2.49e-03)
INFO:root:[342,   232] loss: 5.434274e-03 masks: 21.9 17.2 [wd: 3.18e-01] [lr: 2.65e-04] [mem: 5.65e+03] (173.6 ms)
INFO:root:[342,   232] grad_stats: [1.33e-04 6.45e-05] (3.54e-05, 1.49e-03)
INFO:root:avg. loss 5.43427351e-03
INFO:root:time taken for epoch 0:00:53.767895
INFO:root:Epoch 343
INFO:root:[343,     0] loss: 6.104013e-03 masks: 33.0 12.0 [wd: 3.18e-01] [lr: 2.65e-04] [mem: 5.65e+03] (193.9 ms)
INFO:root:[343,     0] grad_stats: [1.49e-04 5.83e-05] (3.50e-05, 1.05e-03)
INFO:root:[343,   116] loss: 5.450178e-03 masks: 22.2 17.1 [wd: 3.19e-01] [lr: 2.63e-04] [mem: 5.65e+03] (173.7 ms)
INFO:root:[343,   116] grad_stats: [7.83e-05 3.28e-05] (2.16e-05, 1.04e-03)
INFO:root:[343,   232] loss: 5.433791e-03 masks: 22.2 17.2 [wd: 3.19e-01] [lr: 2.62e-04] [mem: 5.65e+03] (174.2 ms)
INFO:root:[343,   232] grad_stats: [9.99e-05 3.73e-05] (2.58e-05, 9.76e-04)
INFO:root:avg. loss 5.43379097e-03
INFO:root:time taken for epoch 0:00:54.123325
INFO:root:Epoch 344
INFO:root:[344,     0] loss: 5.738900e-03 masks: 20.0 16.0 [wd: 3.19e-01] [lr: 2.62e-04] [mem: 5.65e+03] (165.1 ms)
INFO:root:[344,     0] grad_stats: [1.56e-04 6.67e-05] (3.41e-05, 1.06e-03)
INFO:root:[344,   116] loss: 5.437099e-03 masks: 22.4 17.0 [wd: 3.20e-01] [lr: 2.60e-04] [mem: 5.65e+03] (174.4 ms)
INFO:root:[344,   116] grad_stats: [2.47e-04 5.62e-05] (3.50e-05, 1.26e-03)
INFO:root:[344,   232] loss: 5.394801e-03 masks: 22.4 17.2 [wd: 3.20e-01] [lr: 2.59e-04] [mem: 5.65e+03] (175.0 ms)
INFO:root:[344,   232] grad_stats: [1.18e-04 5.39e-05] (3.35e-05, 2.06e-03)
INFO:root:avg. loss 5.39480127e-03
INFO:root:time taken for epoch 0:00:54.234591
INFO:root:Epoch 345
INFO:root:[345,     0] loss: 5.150372e-03 masks: 17.0 20.0 [wd: 3.20e-01] [lr: 2.59e-04] [mem: 5.65e+03] (163.0 ms)
INFO:root:[345,     0] grad_stats: [1.75e-04 6.22e-05] (2.54e-05, 8.61e-04)
INFO:root:[345,   116] loss: 5.443413e-03 masks: 21.0 17.4 [wd: 3.21e-01] [lr: 2.57e-04] [mem: 5.65e+03] (170.9 ms)
INFO:root:[345,   116] grad_stats: [1.87e-04 4.52e-05] (3.28e-05, 1.04e-03)
INFO:root:[345,   232] loss: 5.435253e-03 masks: 21.3 17.4 [wd: 3.21e-01] [lr: 2.56e-04] [mem: 5.65e+03] (172.1 ms)
INFO:root:[345,   232] grad_stats: [2.50e-04 5.31e-05] (3.25e-05, 2.67e-03)
INFO:root:avg. loss 5.43525299e-03
INFO:root:time taken for epoch 0:00:53.533283
INFO:root:Epoch 346
INFO:root:[346,     0] loss: 5.197851e-03 masks: 17.0 20.0 [wd: 3.21e-01] [lr: 2.56e-04] [mem: 5.65e+03] (163.0 ms)
INFO:root:[346,     0] grad_stats: [1.31e-04 4.66e-05] (2.38e-05, 1.26e-03)
INFO:root:[346,   116] loss: 5.493876e-03 masks: 22.3 17.0 [wd: 3.22e-01] [lr: 2.54e-04] [mem: 5.65e+03] (173.9 ms)
INFO:root:[346,   116] grad_stats: [1.09e-04 5.12e-05] (2.78e-05, 2.21e-03)
INFO:root:[346,   232] loss: 5.450390e-03 masks: 21.8 17.2 [wd: 3.22e-01] [lr: 2.53e-04] [mem: 5.65e+03] (173.3 ms)
INFO:root:[346,   232] grad_stats: [2.47e-04 5.79e-05] (3.32e-05, 1.47e-03)
INFO:root:avg. loss 5.45039010e-03
INFO:root:time taken for epoch 0:00:53.851927
INFO:root:Epoch 347
INFO:root:[347,     0] loss: 5.122515e-03 masks: 26.0 16.0 [wd: 3.22e-01] [lr: 2.53e-04] [mem: 5.65e+03] (183.3 ms)
INFO:root:[347,     0] grad_stats: [9.30e-05 4.67e-05] (2.87e-05, 1.39e-03)
INFO:root:[347,   116] loss: 5.350084e-03 masks: 22.0 17.5 [wd: 3.23e-01] [lr: 2.51e-04] [mem: 5.65e+03] (173.9 ms)
INFO:root:[347,   116] grad_stats: [8.29e-05 4.10e-05] (2.55e-05, 1.80e-03)
INFO:root:[347,   232] loss: 5.438213e-03 masks: 21.8 17.3 [wd: 3.23e-01] [lr: 2.50e-04] [mem: 5.65e+03] (173.5 ms)
INFO:root:[347,   232] grad_stats: [1.03e-04 5.80e-05] (3.43e-05, 1.63e-03)
INFO:root:avg. loss 5.43821260e-03
INFO:root:time taken for epoch 0:00:53.837849
INFO:root:Epoch 348
INFO:root:[348,     0] loss: 5.039949e-03 masks: 21.0 20.0 [wd: 3.23e-01] [lr: 2.50e-04] [mem: 5.65e+03] (173.2 ms)
INFO:root:[348,     0] grad_stats: [6.96e-05 3.87e-05] (2.76e-05, 6.98e-04)
INFO:root:[348,   116] loss: 5.409311e-03 masks: 21.9 17.4 [wd: 3.24e-01] [lr: 2.48e-04] [mem: 5.65e+03] (173.2 ms)
INFO:root:[348,   116] grad_stats: [7.61e-05 3.98e-05] (2.53e-05, 1.28e-03)
INFO:root:[348,   232] loss: 5.400582e-03 masks: 21.6 17.5 [wd: 3.24e-01] [lr: 2.47e-04] [mem: 5.65e+03] (173.2 ms)
INFO:root:[348,   232] grad_stats: [1.17e-04 6.31e-05] (2.93e-05, 1.57e-03)
INFO:root:avg. loss 5.40058174e-03
INFO:root:time taken for epoch 0:00:53.845369
INFO:root:Epoch 349
INFO:root:[349,     0] loss: 5.940671e-03 masks: 21.0 16.0 [wd: 3.24e-01] [lr: 2.47e-04] [mem: 5.65e+03] (167.3 ms)
INFO:root:[349,     0] grad_stats: [1.35e-04 8.37e-05] (3.76e-05, 1.44e-03)
INFO:root:[349,   116] loss: 5.448002e-03 masks: 21.7 17.4 [wd: 3.24e-01] [lr: 2.45e-04] [mem: 5.65e+03] (173.0 ms)
INFO:root:[349,   116] grad_stats: [1.09e-04 4.28e-05] (3.01e-05, 2.66e-03)
INFO:root:[349,   232] loss: 5.478077e-03 masks: 22.0 17.2 [wd: 3.25e-01] [lr: 2.44e-04] [mem: 5.65e+03] (173.9 ms)
INFO:root:[349,   232] grad_stats: [9.72e-05 4.89e-05] (3.39e-05, 1.30e-03)
INFO:root:avg. loss 5.47807712e-03
INFO:root:time taken for epoch 0:00:53.841913
INFO:root:Epoch 350
INFO:root:[350,     0] loss: 5.164022e-03 masks: 17.0 20.0 [wd: 3.25e-01] [lr: 2.44e-04] [mem: 5.65e+03] (162.5 ms)
INFO:root:[350,     0] grad_stats: [1.57e-04 4.62e-05] (2.51e-05, 9.30e-04)
INFO:root:[350,   116] loss: 5.468898e-03 masks: 21.6 17.4 [wd: 3.25e-01] [lr: 2.42e-04] [mem: 5.65e+03] (172.5 ms)
INFO:root:[350,   116] grad_stats: [1.30e-04 5.14e-05] (3.00e-05, 2.71e-03)
INFO:root:[350,   232] loss: 5.443948e-03 masks: 21.8 17.3 [wd: 3.26e-01] [lr: 2.41e-04] [mem: 5.65e+03] (173.6 ms)
INFO:root:[350,   232] grad_stats: [2.02e-04 4.82e-05] (3.26e-05, 1.80e-03)
INFO:root:avg. loss 5.44394832e-03
INFO:root:time taken for epoch 0:00:53.909724
INFO:root:Epoch 351
INFO:root:[351,     0] loss: 5.809338e-03 masks: 24.0 16.0 [wd: 3.26e-01] [lr: 2.41e-04] [mem: 5.65e+03] (173.9 ms)
INFO:root:[351,     0] grad_stats: [1.73e-04 4.62e-05] (3.18e-05, 2.70e-03)
INFO:root:[351,   116] loss: 5.391893e-03 masks: 22.6 17.2 [wd: 3.26e-01] [lr: 2.40e-04] [mem: 5.65e+03] (175.3 ms)
INFO:root:[351,   116] grad_stats: [1.91e-04 6.17e-05] (2.94e-05, 1.05e-03)
INFO:root:[351,   232] loss: 5.383938e-03 masks: 22.4 17.3 [wd: 3.27e-01] [lr: 2.38e-04] [mem: 5.65e+03] (175.1 ms)
INFO:root:[351,   232] grad_stats: [1.11e-04 4.65e-05] (2.95e-05, 2.97e-03)
INFO:root:avg. loss 5.38393793e-03
INFO:root:time taken for epoch 0:00:54.240188
INFO:root:Epoch 352
INFO:root:[352,     0] loss: 5.080628e-03 masks: 21.0 20.0 [wd: 3.27e-01] [lr: 2.38e-04] [mem: 5.65e+03] (175.0 ms)
INFO:root:[352,     0] grad_stats: [1.00e-04 4.86e-05] (2.73e-05, 1.06e-03)
INFO:root:[352,   116] loss: 5.367492e-03 masks: 21.8 17.4 [wd: 3.27e-01] [lr: 2.37e-04] [mem: 5.65e+03] (173.0 ms)
INFO:root:[352,   116] grad_stats: [1.14e-04 5.55e-05] (3.00e-05, 1.20e-03)
INFO:root:[352,   232] loss: 5.407895e-03 masks: 22.0 17.3 [wd: 3.28e-01] [lr: 2.35e-04] [mem: 5.65e+03] (173.9 ms)
INFO:root:[352,   232] grad_stats: [1.06e-04 6.85e-05] (3.50e-05, 1.18e-03)
INFO:root:avg. loss 5.40789489e-03
INFO:root:time taken for epoch 0:00:53.928336
INFO:root:Epoch 353
INFO:root:[353,     0] loss: 5.053205e-03 masks: 25.0 16.0 [wd: 3.28e-01] [lr: 2.35e-04] [mem: 5.65e+03] (178.4 ms)
INFO:root:[353,     0] grad_stats: [9.72e-05 4.32e-05] (2.94e-05, 1.16e-03)
INFO:root:[353,   116] loss: 5.479629e-03 masks: 21.9 17.3 [wd: 3.28e-01] [lr: 2.34e-04] [mem: 5.65e+03] (173.3 ms)
INFO:root:[353,   116] grad_stats: [2.33e-04 5.41e-05] (3.31e-05, 2.00e-03)
INFO:root:[353,   232] loss: 5.418511e-03 masks: 22.0 17.3 [wd: 3.29e-01] [lr: 2.32e-04] [mem: 5.65e+03] (174.0 ms)
INFO:root:[353,   232] grad_stats: [9.79e-05 4.87e-05] (2.88e-05, 1.95e-03)
INFO:root:avg. loss 5.41851102e-03
INFO:root:time taken for epoch 0:00:53.953037
INFO:root:Epoch 354
INFO:root:[354,     0] loss: 5.893283e-03 masks: 11.0 20.0 [wd: 3.29e-01] [lr: 2.32e-04] [mem: 5.65e+03] (144.8 ms)
INFO:root:[354,     0] grad_stats: [1.37e-04 7.76e-05] (3.70e-05, 4.10e-03)
INFO:root:[354,   116] loss: 5.455603e-03 masks: 20.8 17.7 [wd: 3.29e-01] [lr: 2.31e-04] [mem: 5.65e+03] (170.8 ms)
INFO:root:[354,   116] grad_stats: [1.68e-04 6.07e-05] (3.52e-05, 1.16e-03)
INFO:root:[354,   232] loss: 5.373689e-03 masks: 21.2 17.6 [wd: 3.29e-01] [lr: 2.29e-04] [mem: 5.65e+03] (172.4 ms)
INFO:root:[354,   232] grad_stats: [1.08e-04 4.13e-05] (2.92e-05, 1.60e-03)
INFO:root:avg. loss 5.37368929e-03
INFO:root:time taken for epoch 0:00:53.629972
INFO:root:Epoch 355
INFO:root:[355,     0] loss: 4.748930e-03 masks: 20.0 20.0 [wd: 3.29e-01] [lr: 2.29e-04] [mem: 5.65e+03] (170.2 ms)
INFO:root:[355,     0] grad_stats: [1.61e-04 4.04e-05] (2.53e-05, 9.36e-04)
INFO:root:[355,   116] loss: 5.424932e-03 masks: 22.5 17.1 [wd: 3.30e-01] [lr: 2.28e-04] [mem: 5.65e+03] (174.9 ms)
INFO:root:[355,   116] grad_stats: [1.09e-04 4.71e-05] (2.94e-05, 2.15e-03)
INFO:root:[355,   232] loss: 5.425972e-03 masks: 22.0 17.3 [wd: 3.30e-01] [lr: 2.27e-04] [mem: 5.65e+03] (174.1 ms)
INFO:root:[355,   232] grad_stats: [2.49e-04 6.09e-05] (3.44e-05, 1.68e-03)
INFO:root:avg. loss 5.42597153e-03
INFO:root:time taken for epoch 0:00:53.955277
INFO:root:Epoch 356
INFO:root:[356,     0] loss: 6.202362e-03 masks: 20.0 16.0 [wd: 3.30e-01] [lr: 2.27e-04] [mem: 5.65e+03] (165.7 ms)
INFO:root:[356,     0] grad_stats: [2.70e-04 6.27e-05] (3.57e-05, 1.04e-03)
INFO:root:[356,   116] loss: 5.448036e-03 masks: 21.6 17.4 [wd: 3.31e-01] [lr: 2.25e-04] [mem: 5.65e+03] (172.6 ms)
INFO:root:[356,   116] grad_stats: [6.12e-05 3.72e-05] (2.41e-05, 6.17e-04)
INFO:root:[356,   232] loss: 5.464001e-03 masks: 21.8 17.3 [wd: 3.31e-01] [lr: 2.24e-04] [mem: 5.65e+03] (173.4 ms)
INFO:root:[356,   232] grad_stats: [1.04e-04 5.14e-05] (2.69e-05, 1.10e-03)
INFO:root:avg. loss 5.46400096e-03
INFO:root:time taken for epoch 0:00:53.791359
INFO:root:Epoch 357
INFO:root:[357,     0] loss: 6.532011e-03 masks: 35.0 12.0 [wd: 3.31e-01] [lr: 2.24e-04] [mem: 5.65e+03] (199.9 ms)
INFO:root:[357,     0] grad_stats: [2.41e-04 5.16e-05] (3.80e-05, 3.52e-03)
INFO:root:[357,   116] loss: 5.420765e-03 masks: 22.8 17.2 [wd: 3.32e-01] [lr: 2.22e-04] [mem: 5.65e+03] (175.6 ms)
INFO:root:[357,   116] grad_stats: [2.05e-04 5.29e-05] (3.14e-05, 1.45e-03)
INFO:root:[357,   232] loss: 5.439933e-03 masks: 22.7 17.1 [wd: 3.32e-01] [lr: 2.21e-04] [mem: 5.65e+03] (175.8 ms)
INFO:root:[357,   232] grad_stats: [1.47e-04 5.66e-05] (2.85e-05, 1.79e-03)
INFO:root:avg. loss 5.43993305e-03
INFO:root:time taken for epoch 0:00:54.484415
INFO:root:Epoch 358
INFO:root:[358,     0] loss: 6.440879e-03 masks: 20.0 16.0 [wd: 3.32e-01] [lr: 2.21e-04] [mem: 5.65e+03] (166.4 ms)
INFO:root:[358,     0] grad_stats: [1.19e-04 4.81e-05] (2.74e-05, 8.68e-04)
INFO:root:[358,   116] loss: 5.443701e-03 masks: 21.8 17.3 [wd: 3.33e-01] [lr: 2.19e-04] [mem: 5.65e+03] (173.0 ms)
INFO:root:[358,   116] grad_stats: [1.32e-04 7.54e-05] (3.46e-05, 1.61e-03)
INFO:root:[358,   232] loss: 5.430697e-03 masks: 21.9 17.3 [wd: 3.33e-01] [lr: 2.18e-04] [mem: 5.65e+03] (173.6 ms)
INFO:root:[358,   232] grad_stats: [1.08e-04 5.10e-05] (2.87e-05, 8.62e-04)
INFO:root:avg. loss 5.43069663e-03
INFO:root:time taken for epoch 0:00:53.924980
INFO:root:Epoch 359
INFO:root:[359,     0] loss: 5.574878e-03 masks: 26.0 16.0 [wd: 3.33e-01] [lr: 2.18e-04] [mem: 5.65e+03] (182.6 ms)
INFO:root:[359,     0] grad_stats: [2.50e-04 4.28e-05] (3.17e-05, 2.52e-03)
INFO:root:[359,   116] loss: 5.492858e-03 masks: 22.1 17.1 [wd: 3.33e-01] [lr: 2.17e-04] [mem: 5.65e+03] (173.5 ms)
INFO:root:[359,   116] grad_stats: [1.10e-04 4.09e-05] (2.54e-05, 1.24e-03)
INFO:root:[359,   232] loss: 5.444599e-03 masks: 21.9 17.3 [wd: 3.34e-01] [lr: 2.15e-04] [mem: 5.65e+03] (173.7 ms)
INFO:root:[359,   232] grad_stats: [1.68e-04 5.53e-05] (3.41e-05, 9.80e-04)
INFO:root:avg. loss 5.44459915e-03
INFO:root:time taken for epoch 0:00:53.936864
INFO:root:Epoch 360
INFO:root:[360,     0] loss: 5.317055e-03 masks: 25.0 16.0 [wd: 3.34e-01] [lr: 2.15e-04] [mem: 5.65e+03] (178.9 ms)
INFO:root:[360,     0] grad_stats: [3.72e-04 6.31e-05] (3.52e-05, 1.52e-03)
INFO:root:[360,   116] loss: 5.437025e-03 masks: 22.0 17.3 [wd: 3.34e-01] [lr: 2.14e-04] [mem: 5.65e+03] (173.5 ms)
INFO:root:[360,   116] grad_stats: [1.09e-04 5.24e-05] (3.52e-05, 1.39e-03)
INFO:root:[360,   232] loss: 5.452453e-03 masks: 21.5 17.4 [wd: 3.35e-01] [lr: 2.12e-04] [mem: 5.65e+03] (172.7 ms)
INFO:root:[360,   232] grad_stats: [2.89e-04 6.26e-05] (3.91e-05, 2.49e-03)
INFO:root:avg. loss 5.45245314e-03
INFO:root:time taken for epoch 0:00:53.716014
INFO:root:Epoch 361
INFO:root:[361,     0] loss: 6.287620e-03 masks: 36.0 12.0 [wd: 3.35e-01] [lr: 2.12e-04] [mem: 5.65e+03] (203.9 ms)
INFO:root:[361,     0] grad_stats: [1.06e-04 6.33e-05] (3.95e-05, 1.60e-03)
INFO:root:[361,   116] loss: 5.467318e-03 masks: 21.8 17.2 [wd: 3.35e-01] [lr: 2.11e-04] [mem: 5.65e+03] (172.7 ms)
INFO:root:[361,   116] grad_stats: [1.45e-04 7.32e-05] (2.88e-05, 2.00e-03)
INFO:root:[361,   232] loss: 5.500150e-03 masks: 22.2 17.0 [wd: 3.36e-01] [lr: 2.10e-04] [mem: 5.65e+03] (174.2 ms)
INFO:root:[361,   232] grad_stats: [3.14e-04 5.79e-05] (3.32e-05, 1.07e-03)
INFO:root:avg. loss 5.50014974e-03
INFO:root:time taken for epoch 0:00:53.983217
INFO:root:Epoch 362
INFO:root:[362,     0] loss: 5.586325e-03 masks: 23.0 16.0 [wd: 3.36e-01] [lr: 2.10e-04] [mem: 5.65e+03] (172.4 ms)
INFO:root:[362,     0] grad_stats: [1.37e-04 7.21e-05] (3.70e-05, 2.17e-03)
INFO:root:[362,   116] loss: 5.402034e-03 masks: 21.1 17.6 [wd: 3.36e-01] [lr: 2.08e-04] [mem: 5.65e+03] (171.6 ms)
INFO:root:[362,   116] grad_stats: [1.79e-04 5.08e-05] (3.11e-05, 2.29e-03)
INFO:root:[362,   232] loss: 5.438968e-03 masks: 21.4 17.4 [wd: 3.36e-01] [lr: 2.07e-04] [mem: 5.65e+03] (172.4 ms)
INFO:root:[362,   232] grad_stats: [2.92e-04 3.85e-05] (2.41e-05, 1.60e-03)
INFO:root:avg. loss 5.43896769e-03
INFO:root:time taken for epoch 0:00:53.589455
INFO:root:Epoch 363
INFO:root:[363,     0] loss: 4.835885e-03 masks: 20.0 20.0 [wd: 3.36e-01] [lr: 2.07e-04] [mem: 5.65e+03] (170.6 ms)
INFO:root:[363,     0] grad_stats: [2.18e-04 4.95e-05] (3.08e-05, 1.54e-03)
INFO:root:[363,   116] loss: 5.360908e-03 masks: 21.5 17.7 [wd: 3.37e-01] [lr: 2.06e-04] [mem: 5.65e+03] (172.9 ms)
INFO:root:[363,   116] grad_stats: [2.14e-04 5.46e-05] (2.73e-05, 1.36e-03)
INFO:root:[363,   232] loss: 5.373984e-03 masks: 21.6 17.6 [wd: 3.37e-01] [lr: 2.04e-04] [mem: 5.65e+03] (173.3 ms)
INFO:root:[363,   232] grad_stats: [8.93e-05 7.33e-05] (3.55e-05, 2.48e-03)
INFO:root:avg. loss 5.37398450e-03
INFO:root:time taken for epoch 0:00:53.835335
INFO:root:Epoch 364
INFO:root:[364,     0] loss: 4.544047e-03 masks: 20.0 20.0 [wd: 3.37e-01] [lr: 2.04e-04] [mem: 5.65e+03] (169.0 ms)
INFO:root:[364,     0] grad_stats: [6.32e-05 5.24e-05] (2.97e-05, 1.77e-03)
INFO:root:[364,   116] loss: 5.365742e-03 masks: 21.5 17.6 [wd: 3.38e-01] [lr: 2.03e-04] [mem: 5.65e+03] (172.8 ms)
INFO:root:[364,   116] grad_stats: [9.11e-05 4.67e-05] (2.78e-05, 1.02e-03)
INFO:root:[364,   232] loss: 5.431974e-03 masks: 21.5 17.5 [wd: 3.38e-01] [lr: 2.01e-04] [mem: 5.65e+03] (173.0 ms)
INFO:root:[364,   232] grad_stats: [1.07e-04 5.55e-05] (3.99e-05, 1.08e-03)
INFO:root:avg. loss 5.43197401e-03
INFO:root:time taken for epoch 0:00:53.767091
INFO:root:Epoch 365
INFO:root:[365,     0] loss: 6.277178e-03 masks: 21.0 16.0 [wd: 3.38e-01] [lr: 2.01e-04] [mem: 5.65e+03] (166.2 ms)
INFO:root:[365,     0] grad_stats: [7.62e-05 6.98e-05] (3.46e-05, 9.19e-04)
INFO:root:[365,   116] loss: 5.469347e-03 masks: 22.3 17.3 [wd: 3.39e-01] [lr: 2.00e-04] [mem: 5.65e+03] (174.8 ms)
INFO:root:[365,   116] grad_stats: [2.41e-04 6.95e-05] (4.18e-05, 2.60e-03)
INFO:root:[365,   232] loss: 5.478144e-03 masks: 21.8 17.3 [wd: 3.39e-01] [lr: 1.99e-04] [mem: 5.65e+03] (173.7 ms)
INFO:root:[365,   232] grad_stats: [8.05e-05 5.19e-05] (2.93e-05, 1.57e-03)
INFO:root:avg. loss 5.47814406e-03
INFO:root:time taken for epoch 0:00:53.887916
INFO:root:Epoch 366
INFO:root:[366,     0] loss: 5.161477e-03 masks: 26.0 16.0 [wd: 3.39e-01] [lr: 1.99e-04] [mem: 5.65e+03] (182.4 ms)
INFO:root:[366,     0] grad_stats: [1.28e-04 4.70e-05] (3.17e-05, 3.32e-03)
INFO:root:[366,   116] loss: 5.427569e-03 masks: 22.4 17.3 [wd: 3.39e-01] [lr: 1.97e-04] [mem: 5.65e+03] (174.7 ms)
INFO:root:[366,   116] grad_stats: [3.51e-04 7.06e-05] (4.30e-05, 1.88e-03)
INFO:root:[366,   232] loss: 5.421613e-03 masks: 22.4 17.3 [wd: 3.40e-01] [lr: 1.96e-04] [mem: 5.65e+03] (175.2 ms)
INFO:root:[366,   232] grad_stats: [1.40e-04 6.88e-05] (3.58e-05, 1.23e-03)
INFO:root:avg. loss 5.42161295e-03
INFO:root:time taken for epoch 0:00:54.246423
INFO:root:Epoch 367
INFO:root:[367,     0] loss: 5.431801e-03 masks: 26.0 16.0 [wd: 3.40e-01] [lr: 1.96e-04] [mem: 5.65e+03] (183.3 ms)
INFO:root:[367,     0] grad_stats: [2.34e-04 6.67e-05] (3.88e-05, 3.52e-03)
INFO:root:[367,   116] loss: 5.525045e-03 masks: 22.0 17.3 [wd: 3.40e-01] [lr: 1.95e-04] [mem: 5.65e+03] (173.7 ms)
INFO:root:[367,   116] grad_stats: [1.60e-04 5.05e-05] (3.63e-05, 1.55e-03)
INFO:root:[367,   232] loss: 5.474549e-03 masks: 21.9 17.4 [wd: 3.41e-01] [lr: 1.93e-04] [mem: 5.65e+03] (173.8 ms)
INFO:root:[367,   232] grad_stats: [1.26e-04 6.45e-05] (3.40e-05, 1.39e-03)
INFO:root:avg. loss 5.47454866e-03
INFO:root:time taken for epoch 0:00:53.952843
INFO:root:Epoch 368
INFO:root:[368,     0] loss: 3.592100e-03 masks: 21.0 20.0 [wd: 3.41e-01] [lr: 1.93e-04] [mem: 5.65e+03] (173.1 ms)
INFO:root:[368,     0] grad_stats: [1.03e-04 4.54e-05] (2.48e-05, 1.16e-03)
INFO:root:[368,   116] loss: 5.441311e-03 masks: 23.0 17.1 [wd: 3.41e-01] [lr: 1.92e-04] [mem: 5.65e+03] (176.1 ms)
INFO:root:[368,   116] grad_stats: [1.09e-04 5.63e-05] (3.23e-05, 9.77e-04)
INFO:root:[368,   232] loss: 5.481300e-03 masks: 22.8 17.0 [wd: 3.42e-01] [lr: 1.91e-04] [mem: 5.65e+03] (175.9 ms)
INFO:root:[368,   232] grad_stats: [2.07e-04 6.41e-05] (3.60e-05, 1.05e-03)
INFO:root:avg. loss 5.48130022e-03
INFO:root:time taken for epoch 0:00:54.307923
INFO:root:Epoch 369
INFO:root:[369,     0] loss: 5.362276e-03 masks: 23.0 16.0 [wd: 3.42e-01] [lr: 1.91e-04] [mem: 5.65e+03] (172.2 ms)
INFO:root:[369,     0] grad_stats: [1.97e-04 4.80e-05] (2.97e-05, 1.54e-03)
INFO:root:[369,   116] loss: 5.440451e-03 masks: 22.0 17.4 [wd: 3.42e-01] [lr: 1.89e-04] [mem: 5.65e+03] (173.7 ms)
INFO:root:[369,   116] grad_stats: [1.15e-04 6.66e-05] (4.02e-05, 1.74e-03)
INFO:root:[369,   232] loss: 5.436338e-03 masks: 22.1 17.4 [wd: 3.42e-01] [lr: 1.88e-04] [mem: 5.65e+03] (174.5 ms)
INFO:root:[369,   232] grad_stats: [1.14e-04 6.04e-05] (3.03e-05, 1.11e-03)
INFO:root:avg. loss 5.43633842e-03
INFO:root:time taken for epoch 0:00:54.046927
INFO:root:Epoch 370
INFO:root:[370,     0] loss: 6.217831e-03 masks: 21.0 16.0 [wd: 3.42e-01] [lr: 1.88e-04] [mem: 5.65e+03] (168.2 ms)
INFO:root:[370,     0] grad_stats: [1.00e-04 6.18e-05] (3.45e-05, 1.18e-03)
INFO:root:[370,   116] loss: 5.506705e-03 masks: 22.6 16.9 [wd: 3.43e-01] [lr: 1.87e-04] [mem: 5.65e+03] (174.7 ms)
INFO:root:[370,   116] grad_stats: [1.59e-04 6.40e-05] (3.55e-05, 1.16e-03)
INFO:root:[370,   232] loss: 5.490249e-03 masks: 22.3 17.1 [wd: 3.43e-01] [lr: 1.85e-04] [mem: 5.65e+03] (174.7 ms)
INFO:root:[370,   232] grad_stats: [2.04e-04 4.87e-05] (3.45e-05, 1.31e-03)
INFO:root:avg. loss 5.49024886e-03
INFO:root:time taken for epoch 0:00:54.048753
INFO:root:Epoch 371
INFO:root:[371,     0] loss: 6.078057e-03 masks: 14.0 20.0 [wd: 3.43e-01] [lr: 1.85e-04] [mem: 5.65e+03] (155.3 ms)
INFO:root:[371,     0] grad_stats: [1.15e-04 6.24e-05] (3.54e-05, 1.93e-03)
INFO:root:[371,   116] loss: 5.509265e-03 masks: 21.7 17.1 [wd: 3.44e-01] [lr: 1.84e-04] [mem: 5.65e+03] (172.5 ms)
INFO:root:[371,   116] grad_stats: [2.54e-04 5.92e-05] (3.83e-05, 2.48e-03)
INFO:root:[371,   232] loss: 5.490361e-03 masks: 21.8 17.2 [wd: 3.44e-01] [lr: 1.83e-04] [mem: 5.65e+03] (173.5 ms)
INFO:root:[371,   232] grad_stats: [7.07e-05 5.06e-05] (2.84e-05, 1.52e-03)
INFO:root:avg. loss 5.49036123e-03
INFO:root:time taken for epoch 0:00:53.831409
INFO:root:Epoch 372
INFO:root:[372,     0] loss: 6.271926e-03 masks: 36.0 12.0 [wd: 3.44e-01] [lr: 1.83e-04] [mem: 5.65e+03] (204.9 ms)
INFO:root:[372,     0] grad_stats: [3.63e-04 5.48e-05] (3.28e-05, 2.29e-03)
INFO:root:[372,   116] loss: 5.552646e-03 masks: 21.7 17.2 [wd: 3.44e-01] [lr: 1.81e-04] [mem: 5.65e+03] (172.8 ms)
INFO:root:[372,   116] grad_stats: [1.74e-04 7.13e-05] (4.09e-05, 1.18e-03)
INFO:root:[372,   232] loss: 5.511597e-03 masks: 21.8 17.3 [wd: 3.45e-01] [lr: 1.80e-04] [mem: 5.65e+03] (173.6 ms)
INFO:root:[372,   232] grad_stats: [2.33e-04 5.19e-05] (3.07e-05, 1.98e-03)
INFO:root:avg. loss 5.51159675e-03
INFO:root:time taken for epoch 0:00:53.928014
INFO:root:Epoch 373
INFO:root:[373,     0] loss: 5.424950e-03 masks: 27.0 16.0 [wd: 3.45e-01] [lr: 1.80e-04] [mem: 5.65e+03] (185.1 ms)
INFO:root:[373,     0] grad_stats: [1.86e-04 5.78e-05] (3.80e-05, 2.99e-03)
INFO:root:[373,   116] loss: 5.550318e-03 masks: 22.1 17.1 [wd: 3.45e-01] [lr: 1.79e-04] [mem: 5.65e+03] (173.6 ms)
INFO:root:[373,   116] grad_stats: [1.95e-04 7.76e-05] (3.99e-05, 1.59e-03)
INFO:root:[373,   232] loss: 5.555813e-03 masks: 22.4 16.9 [wd: 3.46e-01] [lr: 1.77e-04] [mem: 5.65e+03] (174.7 ms)
INFO:root:[373,   232] grad_stats: [1.85e-04 5.59e-05] (3.56e-05, 2.24e-03)
INFO:root:avg. loss 5.55581251e-03
INFO:root:time taken for epoch 0:00:54.164903
INFO:root:Epoch 374
INFO:root:[374,     0] loss: 5.054540e-03 masks: 16.0 20.0 [wd: 3.46e-01] [lr: 1.77e-04] [mem: 5.65e+03] (156.9 ms)
INFO:root:[374,     0] grad_stats: [1.16e-04 8.03e-05] (3.88e-05, 2.65e-03)
INFO:root:[374,   116] loss: 5.467802e-03 masks: 21.2 17.4 [wd: 3.46e-01] [lr: 1.76e-04] [mem: 5.65e+03] (171.6 ms)
INFO:root:[374,   116] grad_stats: [1.49e-04 6.69e-05] (4.10e-05, 1.67e-03)
INFO:root:[374,   232] loss: 5.448271e-03 masks: 21.2 17.5 [wd: 3.46e-01] [lr: 1.75e-04] [mem: 5.65e+03] (172.1 ms)
INFO:root:[374,   232] grad_stats: [8.61e-05 4.23e-05] (2.98e-05, 2.48e-03)
INFO:root:avg. loss 5.44827123e-03
INFO:root:time taken for epoch 0:00:53.496886
INFO:root:Epoch 375
INFO:root:[375,     0] loss: 5.765500e-03 masks: 13.0 20.0 [wd: 3.46e-01] [lr: 1.75e-04] [mem: 5.65e+03] (151.8 ms)
INFO:root:[375,     0] grad_stats: [1.39e-04 8.50e-05] (3.99e-05, 3.86e-03)
INFO:root:[375,   116] loss: 5.581303e-03 masks: 23.0 16.7 [wd: 3.47e-01] [lr: 1.74e-04] [mem: 5.65e+03] (175.7 ms)
INFO:root:[375,   116] grad_stats: [1.57e-04 7.43e-05] (4.98e-05, 3.09e-03)
INFO:root:[375,   232] loss: 5.602161e-03 masks: 23.0 16.7 [wd: 3.47e-01] [lr: 1.72e-04] [mem: 5.65e+03] (176.0 ms)
INFO:root:[375,   232] grad_stats: [1.38e-04 4.07e-05] (2.64e-05, 1.55e-03)
INFO:root:avg. loss 5.60216108e-03
INFO:root:time taken for epoch 0:00:54.419395
INFO:root:Epoch 376
INFO:root:[376,     0] loss: 6.251717e-03 masks: 23.0 16.0 [wd: 3.47e-01] [lr: 1.72e-04] [mem: 5.65e+03] (171.5 ms)
INFO:root:[376,     0] grad_stats: [1.15e-04 1.05e-04] (4.44e-05, 1.44e-03)
INFO:root:[376,   116] loss: 5.518336e-03 masks: 22.7 17.0 [wd: 3.48e-01] [lr: 1.71e-04] [mem: 5.65e+03] (175.3 ms)
INFO:root:[376,   116] grad_stats: [1.21e-04 5.93e-05] (3.59e-05, 1.35e-03)
INFO:root:[376,   232] loss: 5.547438e-03 masks: 22.0 17.2 [wd: 3.48e-01] [lr: 1.70e-04] [mem: 5.65e+03] (174.0 ms)
INFO:root:[376,   232] grad_stats: [1.37e-04 6.20e-05] (3.43e-05, 1.49e-03)
INFO:root:avg. loss 5.54743807e-03
INFO:root:time taken for epoch 0:00:53.966802
INFO:root:Epoch 377
INFO:root:[377,     0] loss: 5.932251e-03 masks: 21.0 16.0 [wd: 3.48e-01] [lr: 1.70e-04] [mem: 5.65e+03] (167.8 ms)
INFO:root:[377,     0] grad_stats: [1.31e-04 6.42e-05] (3.71e-05, 1.52e-03)
INFO:root:[377,   116] loss: 5.577999e-03 masks: 23.3 16.7 [wd: 3.48e-01] [lr: 1.68e-04] [mem: 5.65e+03] (176.3 ms)
INFO:root:[377,   116] grad_stats: [1.00e-04 5.26e-05] (3.10e-05, 1.54e-03)
INFO:root:[377,   232] loss: 5.532219e-03 masks: 22.5 17.1 [wd: 3.49e-01] [lr: 1.67e-04] [mem: 5.65e+03] (175.0 ms)
INFO:root:[377,   232] grad_stats: [1.48e-04 6.37e-05] (3.85e-05, 1.72e-03)
INFO:root:avg. loss 5.53221920e-03
INFO:root:time taken for epoch 0:00:54.041773
INFO:root:Epoch 378
INFO:root:[378,     0] loss: 5.577994e-03 masks: 14.0 20.0 [wd: 3.49e-01] [lr: 1.67e-04] [mem: 5.65e+03] (154.8 ms)
INFO:root:[378,     0] grad_stats: [1.21e-04 7.21e-05] (2.84e-05, 1.33e-03)
INFO:root:[378,   116] loss: 5.488669e-03 masks: 22.1 17.2 [wd: 3.49e-01] [lr: 1.66e-04] [mem: 5.65e+03] (173.7 ms)
INFO:root:[378,   116] grad_stats: [1.57e-04 7.39e-05] (4.93e-05, 4.02e-03)
INFO:root:[378,   232] loss: 5.536431e-03 masks: 21.9 17.2 [wd: 3.50e-01] [lr: 1.65e-04] [mem: 5.65e+03] (173.4 ms)
INFO:root:[378,   232] grad_stats: [8.43e-05 5.78e-05] (2.87e-05, 9.89e-04)
INFO:root:avg. loss 5.53643124e-03
INFO:root:time taken for epoch 0:00:53.825468
INFO:root:Epoch 379
INFO:root:[379,     0] loss: 5.880771e-03 masks: 13.0 20.0 [wd: 3.50e-01] [lr: 1.65e-04] [mem: 5.65e+03] (149.1 ms)
INFO:root:[379,     0] grad_stats: [1.23e-04 8.17e-05] (4.03e-05, 1.88e-03)
INFO:root:[379,   116] loss: 5.480796e-03 masks: 22.4 17.2 [wd: 3.50e-01] [lr: 1.63e-04] [mem: 5.65e+03] (174.4 ms)
INFO:root:[379,   116] grad_stats: [1.40e-04 5.56e-05] (2.77e-05, 7.38e-04)
INFO:root:[379,   232] loss: 5.501903e-03 masks: 22.5 17.1 [wd: 3.50e-01] [lr: 1.62e-04] [mem: 5.65e+03] (175.0 ms)
INFO:root:[379,   232] grad_stats: [2.49e-04 8.94e-05] (4.95e-05, 2.68e-03)
INFO:root:avg. loss 5.50190341e-03
INFO:root:time taken for epoch 0:00:54.256699
INFO:root:Epoch 380
INFO:root:[380,     0] loss: 6.659949e-03 masks: 17.0 16.0 [wd: 3.50e-01] [lr: 1.62e-04] [mem: 5.65e+03] (157.7 ms)
INFO:root:[380,     0] grad_stats: [1.15e-04 9.71e-05] (4.26e-05, 3.07e-03)
INFO:root:[380,   116] loss: 5.585739e-03 masks: 22.7 16.7 [wd: 3.51e-01] [lr: 1.61e-04] [mem: 5.65e+03] (174.9 ms)
INFO:root:[380,   116] grad_stats: [1.57e-04 6.44e-05] (3.85e-05, 1.19e-03)
INFO:root:[380,   232] loss: 5.553391e-03 masks: 22.6 16.9 [wd: 3.51e-01] [lr: 1.60e-04] [mem: 5.65e+03] (175.2 ms)
INFO:root:[380,   232] grad_stats: [1.11e-04 6.45e-05] (3.21e-05, 1.20e-03)
INFO:root:avg. loss 5.55339110e-03
INFO:root:time taken for epoch 0:00:54.241023
INFO:root:Epoch 381
INFO:root:[381,     0] loss: 5.216424e-03 masks: 25.0 16.0 [wd: 3.51e-01] [lr: 1.60e-04] [mem: 5.65e+03] (178.2 ms)
INFO:root:[381,     0] grad_stats: [1.46e-04 5.48e-05] (3.69e-05, 2.25e-03)
INFO:root:[381,   116] loss: 5.526463e-03 masks: 21.2 17.5 [wd: 3.52e-01] [lr: 1.58e-04] [mem: 5.65e+03] (171.7 ms)
INFO:root:[381,   116] grad_stats: [3.45e-04 7.79e-05] (4.28e-05, 1.91e-03)
INFO:root:[381,   232] loss: 5.535358e-03 masks: 21.5 17.4 [wd: 3.52e-01] [lr: 1.57e-04] [mem: 5.65e+03] (172.8 ms)
INFO:root:[381,   232] grad_stats: [1.28e-04 4.66e-05] (3.38e-05, 1.24e-03)
INFO:root:avg. loss 5.53535786e-03
INFO:root:time taken for epoch 0:00:53.690054
INFO:root:Epoch 382
INFO:root:[382,     0] loss: 4.670352e-03 masks: 23.0 20.0 [wd: 3.52e-01] [lr: 1.57e-04] [mem: 5.65e+03] (178.3 ms)
INFO:root:[382,     0] grad_stats: [1.25e-04 4.47e-05] (3.13e-05, 2.64e-03)
INFO:root:[382,   116] loss: 5.539050e-03 masks: 22.6 16.9 [wd: 3.52e-01] [lr: 1.56e-04] [mem: 5.65e+03] (174.6 ms)
INFO:root:[382,   116] grad_stats: [1.40e-04 3.91e-05] (2.99e-05, 1.62e-03)
INFO:root:[382,   232] loss: 5.532509e-03 masks: 22.1 17.2 [wd: 3.53e-01] [lr: 1.55e-04] [mem: 5.65e+03] (173.9 ms)
INFO:root:[382,   232] grad_stats: [1.04e-04 7.98e-05] (5.60e-05, 1.25e-03)
INFO:root:avg. loss 5.53250898e-03
INFO:root:time taken for epoch 0:00:53.930951
INFO:root:Epoch 383
INFO:root:[383,     0] loss: 5.576751e-03 masks: 15.0 20.0 [wd: 3.53e-01] [lr: 1.55e-04] [mem: 5.65e+03] (156.6 ms)
INFO:root:[383,     0] grad_stats: [1.32e-04 7.50e-05] (3.82e-05, 1.08e-03)
INFO:root:[383,   116] loss: 5.460054e-03 masks: 22.0 17.5 [wd: 3.53e-01] [lr: 1.53e-04] [mem: 5.65e+03] (174.1 ms)
INFO:root:[383,   116] grad_stats: [2.20e-04 6.51e-05] (3.67e-05, 2.10e-03)
INFO:root:[383,   232] loss: 5.507628e-03 masks: 22.3 17.2 [wd: 3.54e-01] [lr: 1.52e-04] [mem: 5.65e+03] (174.7 ms)
INFO:root:[383,   232] grad_stats: [1.92e-04 8.35e-05] (4.18e-05, 1.53e-03)
INFO:root:avg. loss 5.50762752e-03
INFO:root:time taken for epoch 0:00:54.134085
INFO:root:Epoch 384
INFO:root:[384,     0] loss: 4.826654e-03 masks: 29.0 16.0 [wd: 3.54e-01] [lr: 1.52e-04] [mem: 5.65e+03] (190.2 ms)
INFO:root:[384,     0] grad_stats: [3.11e-04 4.49e-05] (3.08e-05, 3.01e-03)
INFO:root:[384,   116] loss: 5.551217e-03 masks: 21.9 17.1 [wd: 3.54e-01] [lr: 1.51e-04] [mem: 5.65e+03] (173.1 ms)
INFO:root:[384,   116] grad_stats: [1.50e-04 6.54e-05] (3.51e-05, 1.96e-03)
INFO:root:[384,   232] loss: 5.564640e-03 masks: 22.1 17.1 [wd: 3.54e-01] [lr: 1.50e-04] [mem: 5.65e+03] (174.2 ms)
INFO:root:[384,   232] grad_stats: [1.17e-04 5.37e-05] (3.23e-05, 1.11e-03)
INFO:root:avg. loss 5.56463957e-03
INFO:root:time taken for epoch 0:00:54.056670
INFO:root:Epoch 385
INFO:root:[385,     0] loss: 6.068706e-03 masks: 21.0 16.0 [wd: 3.54e-01] [lr: 1.50e-04] [mem: 5.65e+03] (165.5 ms)
INFO:root:[385,     0] grad_stats: [1.38e-04 8.64e-05] (3.95e-05, 1.49e-03)
INFO:root:[385,   116] loss: 5.433621e-03 masks: 21.0 17.8 [wd: 3.55e-01] [lr: 1.49e-04] [mem: 5.65e+03] (171.6 ms)
INFO:root:[385,   116] grad_stats: [7.83e-05 6.13e-05] (3.90e-05, 1.85e-03)
INFO:root:[385,   232] loss: 5.468680e-03 masks: 21.3 17.6 [wd: 3.55e-01] [lr: 1.47e-04] [mem: 5.65e+03] (172.6 ms)
INFO:root:[385,   232] grad_stats: [1.00e-04 6.44e-05] (3.09e-05, 2.36e-03)
INFO:root:avg. loss 5.46868041e-03
INFO:root:time taken for epoch 0:00:53.684579
INFO:root:Epoch 386
INFO:root:[386,     0] loss: 4.666598e-03 masks: 20.0 20.0 [wd: 3.55e-01] [lr: 1.47e-04] [mem: 5.65e+03] (170.1 ms)
INFO:root:[386,     0] grad_stats: [1.24e-04 6.64e-05] (3.37e-05, 1.95e-03)
INFO:root:[386,   116] loss: 5.481933e-03 masks: 22.0 17.3 [wd: 3.55e-01] [lr: 1.46e-04] [mem: 5.65e+03] (173.7 ms)
INFO:root:[386,   116] grad_stats: [2.05e-04 6.46e-05] (4.03e-05, 2.74e-03)
INFO:root:[386,   232] loss: 5.483205e-03 masks: 22.4 17.3 [wd: 3.56e-01] [lr: 1.45e-04] [mem: 5.65e+03] (175.3 ms)
INFO:root:[386,   232] grad_stats: [9.96e-05 4.94e-05] (3.43e-05, 1.22e-03)
INFO:root:avg. loss 5.48320472e-03
INFO:root:time taken for epoch 0:00:54.318988
INFO:root:Epoch 387
INFO:root:[387,     0] loss: 5.448701e-03 masks: 16.0 20.0 [wd: 3.56e-01] [lr: 1.45e-04] [mem: 5.65e+03] (159.0 ms)
INFO:root:[387,     0] grad_stats: [1.48e-04 7.16e-05] (3.84e-05, 1.52e-03)
INFO:root:[387,   116] loss: 5.439385e-03 masks: 21.7 17.5 [wd: 3.56e-01] [lr: 1.44e-04] [mem: 5.65e+03] (173.1 ms)
INFO:root:[387,   116] grad_stats: [1.41e-04 5.86e-05] (3.51e-05, 3.20e-03)
INFO:root:[387,   232] loss: 5.471077e-03 masks: 21.5 17.5 [wd: 3.57e-01] [lr: 1.43e-04] [mem: 5.65e+03] (173.1 ms)
INFO:root:[387,   232] grad_stats: [1.18e-04 8.98e-05] (3.51e-05, 2.10e-03)
INFO:root:avg. loss 5.47107658e-03
INFO:root:time taken for epoch 0:00:53.716499
INFO:root:Epoch 388
INFO:root:[388,     0] loss: 5.958180e-03 masks: 23.0 16.0 [wd: 3.57e-01] [lr: 1.42e-04] [mem: 5.65e+03] (170.3 ms)
INFO:root:[388,     0] grad_stats: [1.53e-04 7.52e-05] (4.73e-05, 2.08e-03)
INFO:root:[388,   116] loss: 5.560414e-03 masks: 21.0 17.4 [wd: 3.57e-01] [lr: 1.41e-04] [mem: 5.65e+03] (170.9 ms)
INFO:root:[388,   116] grad_stats: [1.79e-04 6.88e-05] (4.90e-05, 2.26e-03)
INFO:root:[388,   232] loss: 5.497589e-03 masks: 21.5 17.4 [wd: 3.57e-01] [lr: 1.40e-04] [mem: 5.65e+03] (172.9 ms)
INFO:root:[388,   232] grad_stats: [7.85e-05 5.28e-05] (3.09e-05, 1.72e-03)
INFO:root:avg. loss 5.49758894e-03
INFO:root:time taken for epoch 0:00:53.756169
INFO:root:Epoch 389
INFO:root:[389,     0] loss: 5.132447e-03 masks: 23.0 16.0 [wd: 3.57e-01] [lr: 1.40e-04] [mem: 5.65e+03] (172.5 ms)
INFO:root:[389,     0] grad_stats: [1.62e-04 6.05e-05] (4.86e-05, 1.06e-03)
INFO:root:[389,   116] loss: 5.492968e-03 masks: 21.8 17.3 [wd: 3.58e-01] [lr: 1.39e-04] [mem: 5.65e+03] (173.0 ms)
INFO:root:[389,   116] grad_stats: [8.88e-05 6.50e-05] (3.62e-05, 1.31e-03)
INFO:root:[389,   232] loss: 5.531314e-03 masks: 22.0 17.3 [wd: 3.58e-01] [lr: 1.38e-04] [mem: 5.65e+03] (174.1 ms)
INFO:root:[389,   232] grad_stats: [2.34e-04 5.84e-05] (4.25e-05, 1.96e-03)
INFO:root:avg. loss 5.53131410e-03
INFO:root:time taken for epoch 0:00:53.988743
INFO:root:Epoch 390
INFO:root:[390,     0] loss: 4.689279e-03 masks: 27.0 16.0 [wd: 3.58e-01] [lr: 1.38e-04] [mem: 5.65e+03] (183.6 ms)
INFO:root:[390,     0] grad_stats: [1.23e-04 7.35e-05] (3.66e-05, 8.88e-04)
INFO:root:[390,   116] loss: 5.556995e-03 masks: 21.9 17.2 [wd: 3.58e-01] [lr: 1.37e-04] [mem: 5.65e+03] (173.4 ms)
INFO:root:[390,   116] grad_stats: [8.50e-05 4.51e-05] (2.99e-05, 1.64e-03)
INFO:root:[390,   232] loss: 5.584421e-03 masks: 22.4 17.0 [wd: 3.59e-01] [lr: 1.35e-04] [mem: 5.65e+03] (174.8 ms)
INFO:root:[390,   232] grad_stats: [1.32e-04 7.73e-05] (3.76e-05, 1.27e-03)
INFO:root:avg. loss 5.58442067e-03
INFO:root:time taken for epoch 0:00:54.036813
INFO:root:Epoch 391
INFO:root:[391,     0] loss: 6.389649e-03 masks: 23.0 16.0 [wd: 3.59e-01] [lr: 1.35e-04] [mem: 5.65e+03] (171.6 ms)
INFO:root:[391,     0] grad_stats: [2.13e-04 6.30e-05] (4.19e-05, 3.64e-03)
INFO:root:[391,   116] loss: 5.578966e-03 masks: 21.6 17.4 [wd: 3.59e-01] [lr: 1.34e-04] [mem: 5.65e+03] (172.8 ms)
INFO:root:[391,   116] grad_stats: [9.57e-05 6.88e-05] (3.58e-05, 1.11e-03)
INFO:root:[391,   232] loss: 5.541063e-03 masks: 21.9 17.4 [wd: 3.59e-01] [lr: 1.33e-04] [mem: 5.65e+03] (173.8 ms)
INFO:root:[391,   232] grad_stats: [1.35e-04 6.38e-05] (3.73e-05, 9.44e-04)
INFO:root:avg. loss 5.54106285e-03
INFO:root:time taken for epoch 0:00:53.872018
INFO:root:Epoch 392
INFO:root:[392,     0] loss: 5.626120e-03 masks: 27.0 16.0 [wd: 3.59e-01] [lr: 1.33e-04] [mem: 5.65e+03] (185.1 ms)
INFO:root:[392,     0] grad_stats: [2.80e-04 6.24e-05] (4.43e-05, 1.55e-03)
INFO:root:[392,   116] loss: 5.531620e-03 masks: 22.4 17.2 [wd: 3.60e-01] [lr: 1.32e-04] [mem: 5.65e+03] (174.6 ms)
INFO:root:[392,   116] grad_stats: [9.83e-05 6.88e-05] (4.18e-05, 2.01e-03)
INFO:root:[392,   232] loss: 5.516890e-03 masks: 22.3 17.3 [wd: 3.60e-01] [lr: 1.31e-04] [mem: 5.65e+03] (174.9 ms)
INFO:root:[392,   232] grad_stats: [1.45e-04 6.77e-05] (4.21e-05, 1.42e-03)
INFO:root:avg. loss 5.51688992e-03
INFO:root:time taken for epoch 0:00:54.257266
INFO:root:Epoch 393
INFO:root:[393,     0] loss: 5.553798e-03 masks: 12.0 20.0 [wd: 3.60e-01] [lr: 1.31e-04] [mem: 5.65e+03] (147.3 ms)
INFO:root:[393,     0] grad_stats: [1.91e-04 7.41e-05] (4.23e-05, 1.36e-03)
INFO:root:[393,   116] loss: 5.521242e-03 masks: 21.6 17.4 [wd: 3.60e-01] [lr: 1.30e-04] [mem: 5.65e+03] (172.8 ms)
INFO:root:[393,   116] grad_stats: [1.48e-04 7.75e-05] (3.88e-05, 2.03e-03)
INFO:root:[393,   232] loss: 5.495406e-03 masks: 21.5 17.5 [wd: 3.61e-01] [lr: 1.29e-04] [mem: 5.65e+03] (173.1 ms)
INFO:root:[393,   232] grad_stats: [2.36e-04 6.44e-05] (3.92e-05, 8.89e-04)
INFO:root:avg. loss 5.49540612e-03
INFO:root:time taken for epoch 0:00:53.695051
INFO:root:Epoch 394
INFO:root:[394,     0] loss: 5.414805e-03 masks: 23.0 16.0 [wd: 3.61e-01] [lr: 1.29e-04] [mem: 5.65e+03] (172.4 ms)
INFO:root:[394,     0] grad_stats: [1.35e-04 6.67e-05] (3.48e-05, 2.14e-03)
INFO:root:[394,   116] loss: 5.550459e-03 masks: 21.2 17.5 [wd: 3.61e-01] [lr: 1.27e-04] [mem: 5.65e+03] (171.7 ms)
INFO:root:[394,   116] grad_stats: [9.54e-05 6.97e-05] (3.62e-05, 1.53e-03)
INFO:root:[394,   232] loss: 5.600144e-03 masks: 21.6 17.2 [wd: 3.62e-01] [lr: 1.26e-04] [mem: 5.65e+03] (172.9 ms)
INFO:root:[394,   232] grad_stats: [2.65e-04 7.13e-05] (4.45e-05, 2.69e-03)
INFO:root:avg. loss 5.60014362e-03
INFO:root:time taken for epoch 0:00:53.679922
INFO:root:Epoch 395
INFO:root:[395,     0] loss: 4.917955e-03 masks: 20.0 20.0 [wd: 3.62e-01] [lr: 1.26e-04] [mem: 5.65e+03] (169.7 ms)
INFO:root:[395,     0] grad_stats: [7.75e-05 3.92e-05] (2.63e-05, 6.94e-04)
INFO:root:[395,   116] loss: 5.474473e-03 masks: 21.1 17.7 [wd: 3.62e-01] [lr: 1.25e-04] [mem: 5.65e+03] (171.5 ms)
INFO:root:[395,   116] grad_stats: [1.15e-04 7.51e-05] (3.71e-05, 1.58e-03)
INFO:root:[395,   232] loss: 5.552014e-03 masks: 21.7 17.4 [wd: 3.62e-01] [lr: 1.24e-04] [mem: 5.65e+03] (173.3 ms)
INFO:root:[395,   232] grad_stats: [1.26e-04 8.98e-05] (4.71e-05, 3.85e-03)
INFO:root:avg. loss 5.55201353e-03
INFO:root:time taken for epoch 0:00:53.777051
INFO:root:Epoch 396
INFO:root:[396,     0] loss: 5.669114e-03 masks: 14.0 20.0 [wd: 3.62e-01] [lr: 1.24e-04] [mem: 5.65e+03] (156.4 ms)
INFO:root:[396,     0] grad_stats: [2.96e-04 7.30e-05] (3.90e-05, 3.29e-03)
INFO:root:[396,   116] loss: 5.669728e-03 masks: 22.6 16.9 [wd: 3.63e-01] [lr: 1.23e-04] [mem: 5.65e+03] (174.7 ms)
INFO:root:[396,   116] grad_stats: [1.42e-04 1.01e-04] (5.02e-05, 1.41e-03)
INFO:root:[396,   232] loss: 5.607448e-03 masks: 22.4 17.1 [wd: 3.63e-01] [lr: 1.22e-04] [mem: 5.65e+03] (174.8 ms)
INFO:root:[396,   232] grad_stats: [2.85e-04 6.89e-05] (3.70e-05, 1.28e-03)
INFO:root:avg. loss 5.60744753e-03
INFO:root:time taken for epoch 0:00:54.137280
INFO:root:Epoch 397
INFO:root:[397,     0] loss: 6.039462e-03 masks: 17.0 16.0 [wd: 3.63e-01] [lr: 1.22e-04] [mem: 5.65e+03] (157.2 ms)
INFO:root:[397,     0] grad_stats: [5.07e-04 1.18e-04] (6.61e-05, 2.62e-03)
INFO:root:[397,   116] loss: 5.525620e-03 masks: 21.6 17.4 [wd: 3.63e-01] [lr: 1.21e-04] [mem: 5.65e+03] (172.8 ms)
INFO:root:[397,   116] grad_stats: [1.73e-04 8.33e-05] (3.80e-05, 1.78e-03)
INFO:root:[397,   232] loss: 5.566040e-03 masks: 22.0 17.2 [wd: 3.64e-01] [lr: 1.20e-04] [mem: 5.65e+03] (174.0 ms)
INFO:root:[397,   232] grad_stats: [2.36e-04 1.05e-04] (5.51e-05, 2.17e-03)
INFO:root:avg. loss 5.56604040e-03
INFO:root:time taken for epoch 0:00:54.014888
INFO:root:Epoch 398
INFO:root:[398,     0] loss: 6.138158e-03 masks: 20.0 16.0 [wd: 3.64e-01] [lr: 1.20e-04] [mem: 5.65e+03] (165.1 ms)
INFO:root:[398,     0] grad_stats: [1.99e-04 6.77e-05] (4.13e-05, 2.20e-03)
INFO:root:[398,   116] loss: 5.514561e-03 masks: 21.4 17.4 [wd: 3.64e-01] [lr: 1.18e-04] [mem: 5.65e+03] (172.0 ms)
INFO:root:[398,   116] grad_stats: [1.12e-04 6.16e-05] (3.61e-05, 1.05e-03)
INFO:root:[398,   232] loss: 5.559115e-03 masks: 21.2 17.5 [wd: 3.64e-01] [lr: 1.17e-04] [mem: 5.65e+03] (172.1 ms)
INFO:root:[398,   232] grad_stats: [8.40e-05 5.49e-05] (3.49e-05, 1.73e-03)
INFO:root:avg. loss 5.55911539e-03
INFO:root:time taken for epoch 0:00:53.479200
INFO:root:Epoch 399
INFO:root:[399,     0] loss: 6.039341e-03 masks: 33.0 12.0 [wd: 3.64e-01] [lr: 1.17e-04] [mem: 5.65e+03] (195.4 ms)
INFO:root:[399,     0] grad_stats: [1.23e-04 8.26e-05] (3.99e-05, 1.32e-03)
INFO:root:[399,   116] loss: 5.622050e-03 masks: 21.9 17.1 [wd: 3.65e-01] [lr: 1.16e-04] [mem: 5.65e+03] (173.1 ms)
INFO:root:[399,   116] grad_stats: [3.00e-04 7.29e-05] (4.76e-05, 3.10e-03)
INFO:root:[399,   232] loss: 5.595623e-03 masks: 22.0 17.2 [wd: 3.65e-01] [lr: 1.15e-04] [mem: 5.65e+03] (173.8 ms)
INFO:root:[399,   232] grad_stats: [1.26e-04 7.07e-05] (4.36e-05, 1.53e-03)
INFO:root:avg. loss 5.59562258e-03
INFO:root:time taken for epoch 0:00:54.667914
INFO:root:Epoch 400
INFO:root:[400,     0] loss: 4.519200e-03 masks: 23.0 20.0 [wd: 3.65e-01] [lr: 1.15e-04] [mem: 5.65e+03] (176.8 ms)
INFO:root:[400,     0] grad_stats: [1.15e-04 6.87e-05] (3.66e-05, 9.91e-04)
INFO:root:[400,   116] loss: 5.467526e-03 masks: 20.7 17.8 [wd: 3.65e-01] [lr: 1.14e-04] [mem: 5.65e+03] (170.7 ms)
INFO:root:[400,   116] grad_stats: [2.90e-04 8.53e-05] (5.02e-05, 2.24e-03)
INFO:root:[400,   232] loss: 5.533712e-03 masks: 21.7 17.4 [wd: 3.66e-01] [lr: 1.13e-04] [mem: 5.65e+03] (173.4 ms)
INFO:root:[400,   232] grad_stats: [1.09e-04 5.96e-05] (3.37e-05, 9.74e-04)
INFO:root:avg. loss 5.53371200e-03
INFO:root:	Epoch 400, KNN accuracy train: 7.48069e-01, KNN accuracy train: 6.17667e-01
INFO:root:time taken for epoch 0:01:35.884031
INFO:root:Epoch 401
INFO:root:[401,     0] loss: 5.550885e-03 masks: 28.0 16.0 [wd: 3.66e-01] [lr: 1.13e-04] [mem: 5.65e+03] (186.4 ms)
INFO:root:[401,     0] grad_stats: [1.29e-04 5.64e-05] (4.03e-05, 2.17e-03)
INFO:root:[401,   116] loss: 5.450189e-03 masks: 20.9 17.9 [wd: 3.66e-01] [lr: 1.12e-04] [mem: 5.65e+03] (170.7 ms)
INFO:root:[401,   116] grad_stats: [7.65e-05 5.16e-05] (3.20e-05, 1.16e-03)
INFO:root:[401,   232] loss: 5.502539e-03 masks: 21.1 17.7 [wd: 3.66e-01] [lr: 1.11e-04] [mem: 5.65e+03] (171.8 ms)
INFO:root:[401,   232] grad_stats: [1.39e-04 7.80e-05] (5.12e-05, 2.15e-03)
INFO:root:avg. loss 5.50253861e-03
INFO:root:time taken for epoch 0:00:53.447296
INFO:root:Epoch 402
INFO:root:[402,     0] loss: 4.816787e-03 masks: 17.0 20.0 [wd: 3.66e-01] [lr: 1.11e-04] [mem: 5.65e+03] (161.4 ms)
INFO:root:[402,     0] grad_stats: [1.08e-04 7.03e-05] (4.36e-05, 2.96e-03)
INFO:root:[402,   116] loss: 5.543213e-03 masks: 20.7 17.6 [wd: 3.67e-01] [lr: 1.10e-04] [mem: 5.65e+03] (170.5 ms)
INFO:root:[402,   116] grad_stats: [2.78e-04 7.57e-05] (4.27e-05, 2.79e-03)
INFO:root:[402,   232] loss: 5.571549e-03 masks: 21.8 17.3 [wd: 3.67e-01] [lr: 1.09e-04] [mem: 5.65e+03] (173.5 ms)
INFO:root:[402,   232] grad_stats: [2.03e-04 7.96e-05] (4.91e-05, 1.43e-03)
INFO:root:avg. loss 5.57154856e-03
INFO:root:time taken for epoch 0:00:53.859708
INFO:root:Epoch 403
INFO:root:[403,     0] loss: 5.327746e-03 masks: 24.0 16.0 [wd: 3.67e-01] [lr: 1.09e-04] [mem: 5.65e+03] (176.6 ms)
INFO:root:[403,     0] grad_stats: [1.38e-04 8.28e-05] (4.39e-05, 3.74e-03)
INFO:root:[403,   116] loss: 5.475906e-03 masks: 21.3 17.7 [wd: 3.67e-01] [lr: 1.08e-04] [mem: 5.65e+03] (172.1 ms)
INFO:root:[403,   116] grad_stats: [1.72e-04 5.72e-05] (3.59e-05, 1.35e-03)
INFO:root:[403,   232] loss: 5.523100e-03 masks: 22.2 17.3 [wd: 3.68e-01] [lr: 1.07e-04] [mem: 5.65e+03] (174.7 ms)
INFO:root:[403,   232] grad_stats: [2.35e-04 8.54e-05] (6.09e-05, 3.25e-03)
INFO:root:avg. loss 5.52309960e-03
INFO:root:time taken for epoch 0:00:54.152007
INFO:root:Epoch 404
INFO:root:[404,     0] loss: 5.255406e-03 masks: 16.0 20.0 [wd: 3.68e-01] [lr: 1.07e-04] [mem: 5.65e+03] (160.1 ms)
INFO:root:[404,     0] grad_stats: [1.13e-04 6.32e-05] (3.36e-05, 1.82e-03)
INFO:root:[404,   116] loss: 5.467911e-03 masks: 21.9 17.5 [wd: 3.68e-01] [lr: 1.06e-04] [mem: 5.65e+03] (173.7 ms)
INFO:root:[404,   116] grad_stats: [1.26e-04 5.25e-05] (3.62e-05, 8.15e-04)
INFO:root:[404,   232] loss: 5.511233e-03 masks: 21.9 17.4 [wd: 3.68e-01] [lr: 1.05e-04] [mem: 5.65e+03] (174.1 ms)
INFO:root:[404,   232] grad_stats: [2.38e-04 8.35e-05] (5.07e-05, 2.04e-03)
INFO:root:avg. loss 5.51123348e-03
INFO:root:time taken for epoch 0:00:54.004811
INFO:root:Epoch 405
INFO:root:[405,     0] loss: 6.405491e-03 masks: 36.0 12.0 [wd: 3.68e-01] [lr: 1.05e-04] [mem: 5.65e+03] (203.5 ms)
INFO:root:[405,     0] grad_stats: [1.43e-04 7.89e-05] (4.89e-05, 2.58e-03)
INFO:root:[405,   116] loss: 5.578219e-03 masks: 21.9 17.3 [wd: 3.69e-01] [lr: 1.04e-04] [mem: 5.65e+03] (173.6 ms)
INFO:root:[405,   116] grad_stats: [3.31e-04 7.58e-05] (4.58e-05, 4.13e-03)
INFO:root:[405,   232] loss: 5.543455e-03 masks: 22.1 17.3 [wd: 3.69e-01] [lr: 1.02e-04] [mem: 5.65e+03] (174.4 ms)
INFO:root:[405,   232] grad_stats: [1.46e-04 8.81e-05] (4.77e-05, 3.28e-03)
INFO:root:avg. loss 5.54345537e-03
INFO:root:time taken for epoch 0:00:54.099519
INFO:root:Epoch 406
INFO:root:[406,     0] loss: 5.037190e-03 masks: 20.0 20.0 [wd: 3.69e-01] [lr: 1.02e-04] [mem: 5.65e+03] (170.3 ms)
INFO:root:[406,     0] grad_stats: [2.30e-04 5.77e-05] (4.12e-05, 1.28e-03)
INFO:root:[406,   116] loss: 5.571322e-03 masks: 21.5 17.4 [wd: 3.69e-01] [lr: 1.01e-04] [mem: 5.65e+03] (172.6 ms)
INFO:root:[406,   116] grad_stats: [1.39e-04 5.18e-05] (3.66e-05, 1.12e-03)
INFO:root:[406,   232] loss: 5.563258e-03 masks: 21.7 17.4 [wd: 3.70e-01] [lr: 1.00e-04] [mem: 5.65e+03] (173.6 ms)
INFO:root:[406,   232] grad_stats: [1.70e-04 5.85e-05] (3.82e-05, 1.89e-03)
INFO:root:avg. loss 5.56325779e-03
INFO:root:time taken for epoch 0:00:53.901408
INFO:root:Epoch 407
INFO:root:[407,     0] loss: 4.759601e-03 masks: 20.0 20.0 [wd: 3.70e-01] [lr: 1.00e-04] [mem: 5.65e+03] (170.6 ms)
INFO:root:[407,     0] grad_stats: [1.43e-04 7.82e-05] (3.84e-05, 1.40e-03)
INFO:root:[407,   116] loss: 5.558760e-03 masks: 22.0 17.3 [wd: 3.70e-01] [lr: 9.94e-05] [mem: 5.65e+03] (173.5 ms)
INFO:root:[407,   116] grad_stats: [2.05e-04 7.04e-05] (4.60e-05, 1.98e-03)
INFO:root:[407,   232] loss: 5.526541e-03 masks: 22.3 17.3 [wd: 3.70e-01] [lr: 9.84e-05] [mem: 5.65e+03] (175.0 ms)
INFO:root:[407,   232] grad_stats: [1.89e-04 6.75e-05] (4.57e-05, 1.24e-03)
INFO:root:avg. loss 5.52654054e-03
INFO:root:time taken for epoch 0:00:54.239833
INFO:root:Epoch 408
INFO:root:[408,     0] loss: 5.046713e-03 masks: 20.0 20.0 [wd: 3.70e-01] [lr: 9.84e-05] [mem: 5.65e+03] (168.1 ms)
INFO:root:[408,     0] grad_stats: [7.89e-05 7.16e-05] (4.81e-05, 8.84e-04)
INFO:root:[408,   116] loss: 5.653704e-03 masks: 22.3 17.2 [wd: 3.70e-01] [lr: 9.74e-05] [mem: 5.65e+03] (174.2 ms)
INFO:root:[408,   116] grad_stats: [1.64e-04 7.92e-05] (4.66e-05, 1.26e-03)
INFO:root:[408,   232] loss: 5.618887e-03 masks: 22.2 17.1 [wd: 3.71e-01] [lr: 9.64e-05] [mem: 5.65e+03] (174.4 ms)
INFO:root:[408,   232] grad_stats: [1.61e-04 7.96e-05] (5.08e-05, 3.15e-03)
INFO:root:avg. loss 5.61888668e-03
INFO:root:time taken for epoch 0:00:54.098069
INFO:root:Epoch 409
INFO:root:[409,     0] loss: 5.028716e-03 masks: 20.0 20.0 [wd: 3.71e-01] [lr: 9.64e-05] [mem: 5.65e+03] (171.2 ms)
INFO:root:[409,     0] grad_stats: [1.09e-04 5.76e-05] (3.71e-05, 1.27e-03)
INFO:root:[409,   116] loss: 5.550105e-03 masks: 21.4 17.6 [wd: 3.71e-01] [lr: 9.54e-05] [mem: 5.65e+03] (172.3 ms)
INFO:root:[409,   116] grad_stats: [1.52e-04 8.22e-05] (5.02e-05, 1.96e-03)
INFO:root:[409,   232] loss: 5.488945e-03 masks: 21.3 17.7 [wd: 3.71e-01] [lr: 9.44e-05] [mem: 5.65e+03] (172.7 ms)
INFO:root:[409,   232] grad_stats: [1.73e-04 7.22e-05] (4.35e-05, 1.47e-03)
INFO:root:avg. loss 5.48894454e-03
INFO:root:time taken for epoch 0:00:53.675498
INFO:root:Epoch 410
INFO:root:[410,     0] loss: 6.331382e-03 masks: 25.0 16.0 [wd: 3.71e-01] [lr: 9.44e-05] [mem: 5.65e+03] (178.7 ms)
INFO:root:[410,     0] grad_stats: [1.82e-04 7.56e-05] (4.73e-05, 1.19e-03)
INFO:root:[410,   116] loss: 5.603752e-03 masks: 22.3 17.1 [wd: 3.72e-01] [lr: 9.34e-05] [mem: 5.65e+03] (174.2 ms)
INFO:root:[410,   116] grad_stats: [1.52e-04 8.40e-05] (6.18e-05, 3.41e-03)
INFO:root:[410,   232] loss: 5.615828e-03 masks: 22.3 17.2 [wd: 3.72e-01] [lr: 9.24e-05] [mem: 5.65e+03] (174.7 ms)
INFO:root:[410,   232] grad_stats: [2.24e-04 9.24e-05] (5.17e-05, 2.04e-03)
INFO:root:avg. loss 5.61582789e-03
INFO:root:time taken for epoch 0:00:54.104397
INFO:root:Epoch 411
INFO:root:[411,     0] loss: 4.972555e-03 masks: 24.0 16.0 [wd: 3.72e-01] [lr: 9.24e-05] [mem: 5.65e+03] (176.5 ms)
INFO:root:[411,     0] grad_stats: [1.28e-04 7.30e-05] (4.13e-05, 1.79e-03)
INFO:root:[411,   116] loss: 5.571181e-03 masks: 21.9 17.2 [wd: 3.72e-01] [lr: 9.14e-05] [mem: 5.65e+03] (173.4 ms)
INFO:root:[411,   116] grad_stats: [1.84e-04 8.60e-05] (6.14e-05, 2.17e-03)
INFO:root:[411,   232] loss: 5.589862e-03 masks: 22.3 17.2 [wd: 3.73e-01] [lr: 9.05e-05] [mem: 5.65e+03] (174.9 ms)
INFO:root:[411,   232] grad_stats: [1.00e-04 6.63e-05] (3.79e-05, 9.83e-04)
INFO:root:avg. loss 5.58986179e-03
INFO:root:time taken for epoch 0:00:54.161321
INFO:root:Epoch 412
INFO:root:[412,     0] loss: 5.510219e-03 masks: 26.0 16.0 [wd: 3.73e-01] [lr: 9.05e-05] [mem: 5.65e+03] (182.0 ms)
INFO:root:[412,     0] grad_stats: [1.19e-04 6.23e-05] (4.18e-05, 1.23e-03)
INFO:root:[412,   116] loss: 5.499880e-03 masks: 22.0 17.4 [wd: 3.73e-01] [lr: 8.95e-05] [mem: 5.65e+03] (173.8 ms)
INFO:root:[412,   116] grad_stats: [1.19e-04 9.06e-05] (5.68e-05, 1.51e-03)
INFO:root:[412,   232] loss: 5.537036e-03 masks: 22.0 17.3 [wd: 3.73e-01] [lr: 8.85e-05] [mem: 5.65e+03] (174.1 ms)
INFO:root:[412,   232] grad_stats: [1.78e-04 7.43e-05] (5.26e-05, 2.28e-03)
INFO:root:avg. loss 5.53703561e-03
INFO:root:time taken for epoch 0:00:54.057619
INFO:root:Epoch 413
INFO:root:[413,     0] loss: 6.221782e-03 masks: 11.0 20.0 [wd: 3.73e-01] [lr: 8.85e-05] [mem: 5.65e+03] (144.6 ms)
INFO:root:[413,     0] grad_stats: [1.62e-04 1.26e-04] (6.17e-05, 2.18e-03)
INFO:root:[413,   116] loss: 5.646888e-03 masks: 21.8 17.2 [wd: 3.73e-01] [lr: 8.76e-05] [mem: 5.65e+03] (172.8 ms)
INFO:root:[413,   116] grad_stats: [2.67e-04 7.58e-05] (3.98e-05, 2.16e-03)
INFO:root:[413,   232] loss: 5.583364e-03 masks: 22.0 17.2 [wd: 3.74e-01] [lr: 8.66e-05] [mem: 5.65e+03] (174.0 ms)
INFO:root:[413,   232] grad_stats: [1.66e-04 6.65e-05] (4.21e-05, 2.73e-03)
INFO:root:avg. loss 5.58336442e-03
INFO:root:time taken for epoch 0:00:53.959214
INFO:root:Epoch 414
INFO:root:[414,     0] loss: 6.249400e-03 masks: 21.0 16.0 [wd: 3.74e-01] [lr: 8.66e-05] [mem: 5.65e+03] (165.4 ms)
INFO:root:[414,     0] grad_stats: [1.66e-04 8.88e-05] (5.41e-05, 3.96e-03)
INFO:root:[414,   116] loss: 5.611658e-03 masks: 21.8 17.3 [wd: 3.74e-01] [lr: 8.57e-05] [mem: 5.65e+03] (173.1 ms)
INFO:root:[414,   116] grad_stats: [1.19e-04 9.02e-05] (5.07e-05, 2.06e-03)
INFO:root:[414,   232] loss: 5.626537e-03 masks: 21.7 17.3 [wd: 3.74e-01] [lr: 8.47e-05] [mem: 5.65e+03] (173.3 ms)
INFO:root:[414,   232] grad_stats: [2.39e-04 9.78e-05] (5.25e-05, 1.72e-03)
INFO:root:avg. loss 5.62653652e-03
INFO:root:time taken for epoch 0:00:53.800423
INFO:root:Epoch 415
INFO:root:[415,     0] loss: 6.026385e-03 masks: 29.0 16.0 [wd: 3.74e-01] [lr: 8.47e-05] [mem: 5.65e+03] (190.3 ms)
INFO:root:[415,     0] grad_stats: [3.73e-04 8.40e-05] (4.82e-05, 2.59e-03)
INFO:root:[415,   116] loss: 5.561038e-03 masks: 22.1 17.3 [wd: 3.75e-01] [lr: 8.38e-05] [mem: 5.65e+03] (174.1 ms)
INFO:root:[415,   116] grad_stats: [9.79e-05 6.85e-05] (4.28e-05, 1.06e-03)
INFO:root:[415,   232] loss: 5.584730e-03 masks: 22.1 17.2 [wd: 3.75e-01] [lr: 8.28e-05] [mem: 5.65e+03] (174.3 ms)
INFO:root:[415,   232] grad_stats: [9.96e-05 9.07e-05] (5.29e-05, 4.07e-03)
INFO:root:avg. loss 5.58472990e-03
INFO:root:time taken for epoch 0:00:54.078887
INFO:root:Epoch 416
INFO:root:[416,     0] loss: 5.453398e-03 masks: 20.0 16.0 [wd: 3.75e-01] [lr: 8.28e-05] [mem: 5.65e+03] (166.2 ms)
INFO:root:[416,     0] grad_stats: [1.54e-04 1.14e-04] (6.31e-05, 1.82e-03)
INFO:root:[416,   116] loss: 5.594191e-03 masks: 22.4 17.1 [wd: 3.75e-01] [lr: 8.19e-05] [mem: 5.65e+03] (174.5 ms)
INFO:root:[416,   116] grad_stats: [1.60e-04 1.10e-04] (4.90e-05, 4.05e-03)
INFO:root:[416,   232] loss: 5.615692e-03 masks: 22.0 17.1 [wd: 3.76e-01] [lr: 8.10e-05] [mem: 5.65e+03] (173.9 ms)
INFO:root:[416,   232] grad_stats: [2.20e-04 7.90e-05] (5.44e-05, 1.99e-03)
INFO:root:avg. loss 5.61569193e-03
INFO:root:time taken for epoch 0:00:53.950071
INFO:root:Epoch 417
INFO:root:[417,     0] loss: 5.687092e-03 masks: 23.0 16.0 [wd: 3.76e-01] [lr: 8.10e-05] [mem: 5.65e+03] (171.7 ms)
INFO:root:[417,     0] grad_stats: [1.73e-04 9.47e-05] (5.68e-05, 3.11e-03)
INFO:root:[417,   116] loss: 5.541651e-03 masks: 21.9 17.2 [wd: 3.76e-01] [lr: 8.00e-05] [mem: 5.65e+03] (173.1 ms)
INFO:root:[417,   116] grad_stats: [2.03e-04 8.35e-05] (5.46e-05, 2.85e-03)
INFO:root:[417,   232] loss: 5.592739e-03 masks: 21.9 17.2 [wd: 3.76e-01] [lr: 7.91e-05] [mem: 5.65e+03] (173.8 ms)
INFO:root:[417,   232] grad_stats: [1.14e-04 9.62e-05] (5.80e-05, 1.64e-03)
INFO:root:avg. loss 5.59273890e-03
INFO:root:time taken for epoch 0:00:53.983309
INFO:root:Epoch 418
INFO:root:[418,     0] loss: 5.268864e-03 masks: 18.0 20.0 [wd: 3.76e-01] [lr: 7.91e-05] [mem: 5.65e+03] (163.4 ms)
INFO:root:[418,     0] grad_stats: [1.13e-04 9.59e-05] (5.69e-05, 1.90e-03)
INFO:root:[418,   116] loss: 5.485341e-03 masks: 21.7 17.5 [wd: 3.76e-01] [lr: 7.82e-05] [mem: 5.65e+03] (173.1 ms)
INFO:root:[418,   116] grad_stats: [7.91e-05 8.03e-05] (4.59e-05, 1.59e-03)
INFO:root:[418,   232] loss: 5.519927e-03 masks: 21.4 17.6 [wd: 3.77e-01] [lr: 7.73e-05] [mem: 5.65e+03] (172.8 ms)
INFO:root:[418,   232] grad_stats: [2.42e-04 6.04e-05] (4.83e-05, 1.96e-03)
INFO:root:avg. loss 5.51992656e-03
INFO:root:time taken for epoch 0:00:53.635804
INFO:root:Epoch 419
INFO:root:[419,     0] loss: 5.820994e-03 masks: 11.0 20.0 [wd: 3.77e-01] [lr: 7.73e-05] [mem: 5.65e+03] (144.7 ms)
INFO:root:[419,     0] grad_stats: [1.72e-04 9.14e-05] (4.90e-05, 2.19e-03)
INFO:root:[419,   116] loss: 5.715762e-03 masks: 22.0 17.0 [wd: 3.77e-01] [lr: 7.64e-05] [mem: 5.65e+03] (173.1 ms)
INFO:root:[419,   116] grad_stats: [1.67e-04 1.14e-04] (5.66e-05, 1.86e-03)
INFO:root:[419,   232] loss: 5.653070e-03 masks: 22.1 17.1 [wd: 3.77e-01] [lr: 7.55e-05] [mem: 5.65e+03] (173.9 ms)
INFO:root:[419,   232] grad_stats: [9.85e-05 6.53e-05] (4.70e-05, 1.88e-03)
INFO:root:avg. loss 5.65306974e-03
INFO:root:time taken for epoch 0:00:53.794988
INFO:root:Epoch 420
INFO:root:[420,     0] loss: 5.856569e-03 masks: 9.0 20.0 [wd: 3.77e-01] [lr: 7.55e-05] [mem: 5.65e+03] (140.3 ms)
INFO:root:[420,     0] grad_stats: [2.62e-04 9.50e-05] (5.85e-05, 1.90e-03)
INFO:root:[420,   116] loss: 5.573274e-03 masks: 21.4 17.5 [wd: 3.77e-01] [lr: 7.46e-05] [mem: 5.65e+03] (172.3 ms)
INFO:root:[420,   116] grad_stats: [2.30e-04 8.26e-05] (5.25e-05, 2.58e-03)
INFO:root:[420,   232] loss: 5.548332e-03 masks: 21.2 17.6 [wd: 3.78e-01] [lr: 7.37e-05] [mem: 5.65e+03] (172.3 ms)
INFO:root:[420,   232] grad_stats: [1.13e-04 6.00e-05] (4.47e-05, 9.53e-04)
INFO:root:avg. loss 5.54833167e-03
INFO:root:time taken for epoch 0:00:53.532870
INFO:root:Epoch 421
INFO:root:[421,     0] loss: 6.119926e-03 masks: 17.0 16.0 [wd: 3.78e-01] [lr: 7.37e-05] [mem: 5.65e+03] (154.3 ms)
INFO:root:[421,     0] grad_stats: [1.74e-04 1.18e-04] (5.81e-05, 1.46e-03)
INFO:root:[421,   116] loss: 5.508993e-03 masks: 21.8 17.4 [wd: 3.78e-01] [lr: 7.28e-05] [mem: 5.65e+03] (173.2 ms)
INFO:root:[421,   116] grad_stats: [1.45e-04 1.24e-04] (6.12e-05, 4.83e-03)
INFO:root:[421,   232] loss: 5.551899e-03 masks: 21.6 17.4 [wd: 3.78e-01] [lr: 7.20e-05] [mem: 5.65e+03] (173.1 ms)
INFO:root:[421,   232] grad_stats: [1.32e-04 6.32e-05] (4.28e-05, 1.70e-03)
INFO:root:avg. loss 5.55189946e-03
INFO:root:time taken for epoch 0:00:53.789450
INFO:root:Epoch 422
INFO:root:[422,     0] loss: 5.513051e-03 masks: 27.0 16.0 [wd: 3.78e-01] [lr: 7.19e-05] [mem: 5.65e+03] (184.7 ms)
INFO:root:[422,     0] grad_stats: [2.16e-04 8.42e-05] (5.06e-05, 3.50e-03)
INFO:root:[422,   116] loss: 5.463763e-03 masks: 21.9 17.7 [wd: 3.79e-01] [lr: 7.11e-05] [mem: 5.65e+03] (174.1 ms)
INFO:root:[422,   116] grad_stats: [2.52e-04 7.48e-05] (4.77e-05, 1.62e-03)
INFO:root:[422,   232] loss: 5.466061e-03 masks: 21.6 17.7 [wd: 3.79e-01] [lr: 7.02e-05] [mem: 5.65e+03] (173.7 ms)
INFO:root:[422,   232] grad_stats: [1.63e-04 7.34e-05] (5.13e-05, 1.86e-03)
INFO:root:avg. loss 5.46606126e-03
INFO:root:time taken for epoch 0:00:53.889083
INFO:root:Epoch 423
INFO:root:[423,     0] loss: 6.756892e-03 masks: 33.0 12.0 [wd: 3.79e-01] [lr: 7.02e-05] [mem: 5.65e+03] (195.6 ms)
INFO:root:[423,     0] grad_stats: [1.92e-04 1.02e-04] (6.01e-05, 2.58e-03)
INFO:root:[423,   116] loss: 5.645021e-03 masks: 21.9 17.0 [wd: 3.79e-01] [lr: 6.93e-05] [mem: 5.65e+03] (173.1 ms)
INFO:root:[423,   116] grad_stats: [1.26e-04 8.33e-05] (5.37e-05, 1.75e-03)
INFO:root:[423,   232] loss: 5.628766e-03 masks: 22.1 17.1 [wd: 3.79e-01] [lr: 6.85e-05] [mem: 5.65e+03] (174.2 ms)
INFO:root:[423,   232] grad_stats: [2.20e-04 8.75e-05] (4.71e-05, 4.09e-03)
INFO:root:avg. loss 5.62876576e-03
INFO:root:time taken for epoch 0:00:54.024016
INFO:root:Epoch 424
INFO:root:[424,     0] loss: 5.415004e-03 masks: 24.0 16.0 [wd: 3.79e-01] [lr: 6.85e-05] [mem: 5.65e+03] (176.6 ms)
INFO:root:[424,     0] grad_stats: [1.96e-04 8.97e-05] (5.49e-05, 4.67e-03)
INFO:root:[424,   116] loss: 5.635922e-03 masks: 22.8 16.9 [wd: 3.80e-01] [lr: 6.76e-05] [mem: 5.65e+03] (175.2 ms)
INFO:root:[424,   116] grad_stats: [1.20e-04 7.30e-05] (4.15e-05, 1.51e-03)
INFO:root:[424,   232] loss: 5.582296e-03 masks: 22.2 17.2 [wd: 3.80e-01] [lr: 6.68e-05] [mem: 5.65e+03] (174.6 ms)
INFO:root:[424,   232] grad_stats: [2.17e-04 8.82e-05] (5.34e-05, 3.22e-03)
INFO:root:avg. loss 5.58229615e-03
INFO:root:time taken for epoch 0:00:54.054344
INFO:root:Epoch 425
INFO:root:[425,     0] loss: 4.745963e-03 masks: 20.0 20.0 [wd: 3.80e-01] [lr: 6.68e-05] [mem: 5.65e+03] (169.3 ms)
INFO:root:[425,     0] grad_stats: [9.18e-05 7.51e-05] (4.38e-05, 2.23e-03)
INFO:root:[425,   116] loss: 5.569156e-03 masks: 21.8 17.3 [wd: 3.80e-01] [lr: 6.59e-05] [mem: 5.65e+03] (173.0 ms)
INFO:root:[425,   116] grad_stats: [9.62e-05 7.95e-05] (4.63e-05, 1.30e-03)
INFO:root:[425,   232] loss: 5.614836e-03 masks: 21.9 17.2 [wd: 3.80e-01] [lr: 6.51e-05] [mem: 5.65e+03] (173.8 ms)
INFO:root:[425,   232] grad_stats: [2.13e-04 1.11e-04] (6.70e-05, 2.75e-03)
INFO:root:avg. loss 5.61483636e-03
INFO:root:time taken for epoch 0:00:53.931365
INFO:root:Epoch 426
INFO:root:[426,     0] loss: 5.770339e-03 masks: 13.0 20.0 [wd: 3.80e-01] [lr: 6.51e-05] [mem: 5.65e+03] (151.6 ms)
INFO:root:[426,     0] grad_stats: [1.97e-04 9.03e-05] (5.22e-05, 1.44e-03)
INFO:root:[426,   116] loss: 5.611672e-03 masks: 22.4 17.2 [wd: 3.81e-01] [lr: 6.43e-05] [mem: 5.65e+03] (174.6 ms)
INFO:root:[426,   116] grad_stats: [1.35e-04 6.94e-05] (4.16e-05, 1.05e-03)
INFO:root:[426,   232] loss: 5.599488e-03 masks: 21.9 17.3 [wd: 3.81e-01] [lr: 6.34e-05] [mem: 5.65e+03] (173.8 ms)
INFO:root:[426,   232] grad_stats: [1.10e-04 9.45e-05] (4.57e-05, 1.42e-03)
INFO:root:avg. loss 5.59948780e-03
INFO:root:time taken for epoch 0:00:53.927942
INFO:root:Epoch 427
INFO:root:[427,     0] loss: 5.495595e-03 masks: 27.0 16.0 [wd: 3.81e-01] [lr: 6.34e-05] [mem: 5.65e+03] (185.2 ms)
INFO:root:[427,     0] grad_stats: [1.80e-04 7.92e-05] (5.54e-05, 2.41e-03)
INFO:root:[427,   116] loss: 5.649457e-03 masks: 21.7 17.1 [wd: 3.81e-01] [lr: 6.26e-05] [mem: 5.65e+03] (172.9 ms)
INFO:root:[427,   116] grad_stats: [1.25e-04 6.57e-05] (4.56e-05, 1.44e-03)
INFO:root:[427,   232] loss: 5.586032e-03 masks: 21.6 17.3 [wd: 3.81e-01] [lr: 6.18e-05] [mem: 5.65e+03] (173.2 ms)
INFO:root:[427,   232] grad_stats: [1.54e-04 8.29e-05] (5.41e-05, 4.07e-03)
INFO:root:avg. loss 5.58603155e-03
INFO:root:time taken for epoch 0:00:53.675728
INFO:root:Epoch 428
INFO:root:[428,     0] loss: 6.042695e-03 masks: 20.0 16.0 [wd: 3.81e-01] [lr: 6.18e-05] [mem: 5.65e+03] (165.0 ms)
INFO:root:[428,     0] grad_stats: [2.74e-04 1.29e-04] (7.21e-05, 3.33e-03)
INFO:root:[428,   116] loss: 5.636999e-03 masks: 21.8 17.2 [wd: 3.82e-01] [lr: 6.10e-05] [mem: 5.65e+03] (172.9 ms)
INFO:root:[428,   116] grad_stats: [1.57e-04 1.32e-04] (7.11e-05, 3.34e-03)
INFO:root:[428,   232] loss: 5.548722e-03 masks: 21.2 17.7 [wd: 3.82e-01] [lr: 6.02e-05] [mem: 5.65e+03] (172.3 ms)
INFO:root:[428,   232] grad_stats: [9.68e-05 8.68e-05] (4.37e-05, 2.34e-03)
INFO:root:avg. loss 5.54872185e-03
INFO:root:time taken for epoch 0:00:53.668583
INFO:root:Epoch 429
INFO:root:[429,     0] loss: 6.463935e-03 masks: 33.0 12.0 [wd: 3.82e-01] [lr: 6.02e-05] [mem: 5.65e+03] (195.0 ms)
INFO:root:[429,     0] grad_stats: [1.71e-04 9.01e-05] (5.43e-05, 3.16e-03)
INFO:root:[429,   116] loss: 5.652632e-03 masks: 22.7 17.0 [wd: 3.82e-01] [lr: 5.94e-05] [mem: 5.65e+03] (175.1 ms)
INFO:root:[429,   116] grad_stats: [2.09e-04 9.63e-05] (5.13e-05, 2.02e-03)
INFO:root:[429,   232] loss: 5.626587e-03 masks: 23.2 16.8 [wd: 3.82e-01] [lr: 5.86e-05] [mem: 5.65e+03] (176.7 ms)
INFO:root:[429,   232] grad_stats: [1.45e-04 1.03e-04] (5.07e-05, 1.62e-03)
INFO:root:avg. loss 5.62658692e-03
INFO:root:time taken for epoch 0:00:54.540971
INFO:root:Epoch 430
INFO:root:[430,     0] loss: 4.935891e-03 masks: 18.0 20.0 [wd: 3.82e-01] [lr: 5.86e-05] [mem: 5.65e+03] (166.0 ms)
INFO:root:[430,     0] grad_stats: [8.06e-05 6.48e-05] (4.07e-05, 1.03e-03)
INFO:root:[430,   116] loss: 5.524279e-03 masks: 21.2 17.6 [wd: 3.83e-01] [lr: 5.78e-05] [mem: 5.65e+03] (172.2 ms)
INFO:root:[430,   116] grad_stats: [2.15e-04 8.42e-05] (4.47e-05, 1.57e-03)
INFO:root:[430,   232] loss: 5.564303e-03 masks: 21.5 17.4 [wd: 3.83e-01] [lr: 5.70e-05] [mem: 5.65e+03] (173.1 ms)
INFO:root:[430,   232] grad_stats: [8.53e-05 6.24e-05] (4.21e-05, 9.04e-04)
INFO:root:avg. loss 5.56430347e-03
INFO:root:time taken for epoch 0:00:53.800334
INFO:root:Epoch 431
INFO:root:[431,     0] loss: 5.061272e-03 masks: 19.0 20.0 [wd: 3.83e-01] [lr: 5.70e-05] [mem: 5.65e+03] (170.8 ms)
INFO:root:[431,     0] grad_stats: [1.61e-04 6.86e-05] (4.35e-05, 1.53e-03)
INFO:root:[431,   116] loss: 5.599873e-03 masks: 22.4 17.1 [wd: 3.83e-01] [lr: 5.62e-05] [mem: 5.65e+03] (174.6 ms)
INFO:root:[431,   116] grad_stats: [1.55e-04 7.35e-05] (5.13e-05, 1.48e-03)
INFO:root:[431,   232] loss: 5.640510e-03 masks: 22.4 17.1 [wd: 3.83e-01] [lr: 5.54e-05] [mem: 5.65e+03] (174.8 ms)
INFO:root:[431,   232] grad_stats: [1.19e-04 1.11e-04] (5.00e-05, 1.45e-03)
INFO:root:avg. loss 5.64051026e-03
INFO:root:time taken for epoch 0:00:54.159739
INFO:root:Epoch 432
INFO:root:[432,     0] loss: 6.089108e-03 masks: 17.0 16.0 [wd: 3.83e-01] [lr: 5.54e-05] [mem: 5.65e+03] (157.8 ms)
INFO:root:[432,     0] grad_stats: [1.36e-04 1.18e-04] (7.20e-05, 1.63e-03)
INFO:root:[432,   116] loss: 5.628289e-03 masks: 22.3 17.1 [wd: 3.84e-01] [lr: 5.47e-05] [mem: 5.65e+03] (174.2 ms)
INFO:root:[432,   116] grad_stats: [1.96e-04 1.00e-04] (5.72e-05, 4.11e-03)
INFO:root:[432,   232] loss: 5.620249e-03 masks: 22.2 17.1 [wd: 3.84e-01] [lr: 5.39e-05] [mem: 5.65e+03] (174.2 ms)
INFO:root:[432,   232] grad_stats: [1.06e-04 1.07e-04] (4.73e-05, 1.96e-03)
INFO:root:avg. loss 5.62024906e-03
INFO:root:time taken for epoch 0:00:54.027860
INFO:root:Epoch 433
INFO:root:[433,     0] loss: 4.997502e-03 masks: 25.0 16.0 [wd: 3.84e-01] [lr: 5.39e-05] [mem: 5.65e+03] (176.7 ms)
INFO:root:[433,     0] grad_stats: [2.14e-04 7.77e-05] (5.86e-05, 1.96e-03)
INFO:root:[433,   116] loss: 5.607210e-03 masks: 21.1 17.5 [wd: 3.84e-01] [lr: 5.31e-05] [mem: 5.65e+03] (171.4 ms)
INFO:root:[433,   116] grad_stats: [2.43e-04 8.02e-05] (5.62e-05, 3.11e-03)
INFO:root:[433,   232] loss: 5.609804e-03 masks: 21.6 17.3 [wd: 3.84e-01] [lr: 5.24e-05] [mem: 5.65e+03] (173.0 ms)
INFO:root:[433,   232] grad_stats: [1.48e-04 7.48e-05] (4.23e-05, 1.20e-03)
INFO:root:avg. loss 5.60980369e-03
INFO:root:time taken for epoch 0:00:53.746996
INFO:root:Epoch 434
INFO:root:[434,     0] loss: 5.699468e-03 masks: 23.0 16.0 [wd: 3.84e-01] [lr: 5.24e-05] [mem: 5.65e+03] (173.3 ms)
INFO:root:[434,     0] grad_stats: [1.93e-04 9.63e-05] (5.72e-05, 1.78e-03)
INFO:root:[434,   116] loss: 5.569318e-03 masks: 22.1 17.3 [wd: 3.85e-01] [lr: 5.16e-05] [mem: 5.65e+03] (173.9 ms)
INFO:root:[434,   116] grad_stats: [2.18e-04 9.78e-05] (4.63e-05, 1.81e-03)
INFO:root:[434,   232] loss: 5.600753e-03 masks: 22.1 17.2 [wd: 3.85e-01] [lr: 5.09e-05] [mem: 5.65e+03] (174.3 ms)
INFO:root:[434,   232] grad_stats: [1.38e-04 9.91e-05] (6.13e-05, 2.24e-03)
INFO:root:avg. loss 5.60075274e-03
INFO:root:time taken for epoch 0:00:53.867851
INFO:root:Epoch 435
INFO:root:[435,     0] loss: 6.535986e-03 masks: 23.0 16.0 [wd: 3.85e-01] [lr: 5.09e-05] [mem: 5.65e+03] (171.6 ms)
INFO:root:[435,     0] grad_stats: [1.23e-04 8.72e-05] (5.66e-05, 2.68e-03)
INFO:root:[435,   116] loss: 5.572186e-03 masks: 21.9 17.3 [wd: 3.85e-01] [lr: 5.01e-05] [mem: 5.65e+03] (173.3 ms)
INFO:root:[435,   116] grad_stats: [1.75e-04 1.49e-04] (6.84e-05, 2.47e-03)
INFO:root:[435,   232] loss: 5.593140e-03 masks: 22.1 17.2 [wd: 3.85e-01] [lr: 4.94e-05] [mem: 5.65e+03] (174.4 ms)
INFO:root:[435,   232] grad_stats: [2.11e-04 9.26e-05] (5.42e-05, 2.39e-03)
INFO:root:avg. loss 5.59314043e-03
INFO:root:time taken for epoch 0:00:54.068915
INFO:root:Epoch 436
INFO:root:[436,     0] loss: 5.373171e-03 masks: 27.0 16.0 [wd: 3.85e-01] [lr: 4.94e-05] [mem: 5.65e+03] (186.2 ms)
INFO:root:[436,     0] grad_stats: [1.52e-04 9.52e-05] (5.78e-05, 1.67e-03)
INFO:root:[436,   116] loss: 5.674663e-03 masks: 22.8 16.9 [wd: 3.85e-01] [lr: 4.87e-05] [mem: 5.65e+03] (175.1 ms)
INFO:root:[436,   116] grad_stats: [1.80e-04 9.32e-05] (6.63e-05, 2.25e-03)
INFO:root:[436,   232] loss: 5.641974e-03 masks: 22.1 17.2 [wd: 3.86e-01] [lr: 4.80e-05] [mem: 5.65e+03] (174.3 ms)
INFO:root:[436,   232] grad_stats: [1.27e-04 7.25e-05] (4.81e-05, 1.08e-03)
INFO:root:avg. loss 5.64197363e-03
INFO:root:time taken for epoch 0:00:54.181405
INFO:root:Epoch 437
INFO:root:[437,     0] loss: 5.602843e-03 masks: 12.0 20.0 [wd: 3.86e-01] [lr: 4.80e-05] [mem: 5.65e+03] (149.7 ms)
INFO:root:[437,     0] grad_stats: [1.23e-04 8.37e-05] (5.40e-05, 1.66e-03)
INFO:root:[437,   116] loss: 5.589716e-03 masks: 22.5 17.1 [wd: 3.86e-01] [lr: 4.72e-05] [mem: 5.65e+03] (174.8 ms)
INFO:root:[437,   116] grad_stats: [1.42e-04 7.45e-05] (5.27e-05, 2.88e-03)
INFO:root:[437,   232] loss: 5.607695e-03 masks: 22.2 17.2 [wd: 3.86e-01] [lr: 4.65e-05] [mem: 5.65e+03] (174.5 ms)
INFO:root:[437,   232] grad_stats: [9.77e-05 5.78e-05] (3.48e-05, 1.29e-03)
INFO:root:avg. loss 5.60769537e-03
INFO:root:time taken for epoch 0:00:54.189980
INFO:root:Epoch 438
INFO:root:[438,     0] loss: 4.925010e-03 masks: 18.0 20.0 [wd: 3.86e-01] [lr: 4.65e-05] [mem: 5.65e+03] (163.7 ms)
INFO:root:[438,     0] grad_stats: [1.46e-04 8.92e-05] (5.76e-05, 1.89e-03)
INFO:root:[438,   116] loss: 5.552929e-03 masks: 22.1 17.4 [wd: 3.86e-01] [lr: 4.58e-05] [mem: 5.65e+03] (174.2 ms)
INFO:root:[438,   116] grad_stats: [1.26e-04 9.18e-05] (5.06e-05, 1.38e-03)
INFO:root:[438,   232] loss: 5.573822e-03 masks: 21.8 17.4 [wd: 3.87e-01] [lr: 4.51e-05] [mem: 5.65e+03] (173.9 ms)
INFO:root:[438,   232] grad_stats: [2.21e-04 6.94e-05] (5.23e-05, 1.40e-03)
INFO:root:avg. loss 5.57382215e-03
INFO:root:time taken for epoch 0:00:53.922087
INFO:root:Epoch 439
INFO:root:[439,     0] loss: 5.439102e-03 masks: 22.0 16.0 [wd: 3.87e-01] [lr: 4.51e-05] [mem: 5.65e+03] (171.3 ms)
INFO:root:[439,     0] grad_stats: [1.24e-04 9.80e-05] (5.35e-05, 1.39e-03)
INFO:root:[439,   116] loss: 5.497432e-03 masks: 21.9 17.4 [wd: 3.87e-01] [lr: 4.44e-05] [mem: 5.65e+03] (173.4 ms)
INFO:root:[439,   116] grad_stats: [3.29e-04 1.20e-04] (7.30e-05, 2.89e-03)
INFO:root:[439,   232] loss: 5.535077e-03 masks: 21.9 17.4 [wd: 3.87e-01] [lr: 4.37e-05] [mem: 5.65e+03] (174.1 ms)
INFO:root:[439,   232] grad_stats: [1.07e-04 1.14e-04] (6.17e-05, 2.33e-03)
INFO:root:avg. loss 5.53507707e-03
INFO:root:time taken for epoch 0:00:54.003661
INFO:root:Epoch 440
INFO:root:[440,     0] loss: 5.332271e-03 masks: 26.0 16.0 [wd: 3.87e-01] [lr: 4.37e-05] [mem: 5.65e+03] (182.2 ms)
INFO:root:[440,     0] grad_stats: [1.24e-04 6.91e-05] (5.03e-05, 1.75e-03)
INFO:root:[440,   116] loss: 5.464137e-03 masks: 22.4 17.4 [wd: 3.87e-01] [lr: 4.30e-05] [mem: 5.65e+03] (174.8 ms)
INFO:root:[440,   116] grad_stats: [1.57e-04 6.99e-05] (4.80e-05, 1.25e-03)
INFO:root:[440,   232] loss: 5.536066e-03 masks: 22.1 17.4 [wd: 3.87e-01] [lr: 4.24e-05] [mem: 5.65e+03] (174.3 ms)
INFO:root:[440,   232] grad_stats: [1.88e-04 6.79e-05] (5.23e-05, 1.99e-03)
INFO:root:avg. loss 5.53606628e-03
INFO:root:time taken for epoch 0:00:54.037639
INFO:root:Epoch 441
INFO:root:[441,     0] loss: 5.216302e-03 masks: 17.0 20.0 [wd: 3.87e-01] [lr: 4.23e-05] [mem: 5.65e+03] (163.5 ms)
INFO:root:[441,     0] grad_stats: [1.69e-04 8.98e-05] (5.24e-05, 1.79e-03)
INFO:root:[441,   116] loss: 5.548566e-03 masks: 22.2 17.2 [wd: 3.88e-01] [lr: 4.17e-05] [mem: 5.65e+03] (174.2 ms)
INFO:root:[441,   116] grad_stats: [2.48e-04 7.75e-05] (5.62e-05, 2.15e-03)
INFO:root:[441,   232] loss: 5.568120e-03 masks: 22.1 17.3 [wd: 3.88e-01] [lr: 4.10e-05] [mem: 5.65e+03] (174.4 ms)
INFO:root:[441,   232] grad_stats: [1.84e-04 9.02e-05] (5.59e-05, 2.29e-03)
INFO:root:avg. loss 5.56812041e-03
INFO:root:time taken for epoch 0:00:54.117994
INFO:root:Epoch 442
INFO:root:[442,     0] loss: 5.412405e-03 masks: 18.0 20.0 [wd: 3.88e-01] [lr: 4.10e-05] [mem: 5.65e+03] (166.2 ms)
INFO:root:[442,     0] grad_stats: [1.77e-04 1.14e-04] (5.96e-05, 1.44e-03)
INFO:root:[442,   116] loss: 5.578943e-03 masks: 21.7 17.4 [wd: 3.88e-01] [lr: 4.03e-05] [mem: 5.65e+03] (172.9 ms)
INFO:root:[442,   116] grad_stats: [9.63e-05 9.51e-05] (5.45e-05, 2.85e-03)
INFO:root:[442,   232] loss: 5.569387e-03 masks: 21.7 17.4 [wd: 3.88e-01] [lr: 3.97e-05] [mem: 5.65e+03] (173.4 ms)
INFO:root:[442,   232] grad_stats: [2.47e-04 1.09e-04] (5.46e-05, 1.94e-03)
INFO:root:avg. loss 5.56938701e-03
INFO:root:time taken for epoch 0:00:53.870065
INFO:root:Epoch 443
INFO:root:[443,     0] loss: 6.754532e-03 masks: 17.0 16.0 [wd: 3.88e-01] [lr: 3.97e-05] [mem: 5.65e+03] (157.2 ms)
INFO:root:[443,     0] grad_stats: [3.16e-04 1.23e-04] (6.94e-05, 2.26e-03)
INFO:root:[443,   116] loss: 5.584176e-03 masks: 22.3 17.2 [wd: 3.88e-01] [lr: 3.90e-05] [mem: 5.65e+03] (174.0 ms)
INFO:root:[443,   116] grad_stats: [1.72e-04 9.00e-05] (6.16e-05, 2.15e-03)
INFO:root:[443,   232] loss: 5.595340e-03 masks: 21.6 17.3 [wd: 3.89e-01] [lr: 3.84e-05] [mem: 5.65e+03] (172.9 ms)
INFO:root:[443,   232] grad_stats: [1.73e-04 1.07e-04] (6.09e-05, 1.43e-03)
INFO:root:avg. loss 5.59534012e-03
INFO:root:time taken for epoch 0:00:53.645513
INFO:root:Epoch 444
INFO:root:[444,     0] loss: 5.023441e-03 masks: 20.0 20.0 [wd: 3.89e-01] [lr: 3.84e-05] [mem: 5.65e+03] (171.2 ms)
INFO:root:[444,     0] grad_stats: [4.01e-04 8.44e-05] (5.82e-05, 1.79e-03)
INFO:root:[444,   116] loss: 5.623364e-03 masks: 21.3 17.3 [wd: 3.89e-01] [lr: 3.77e-05] [mem: 5.65e+03] (171.8 ms)
INFO:root:[444,   116] grad_stats: [1.02e-04 9.73e-05] (5.13e-05, 1.66e-03)
INFO:root:[444,   232] loss: 5.611436e-03 masks: 21.6 17.3 [wd: 3.89e-01] [lr: 3.71e-05] [mem: 5.65e+03] (172.9 ms)
INFO:root:[444,   232] grad_stats: [9.43e-05 9.96e-05] (6.47e-05, 1.81e-03)
INFO:root:avg. loss 5.61143607e-03
INFO:root:time taken for epoch 0:00:53.713196
INFO:root:Epoch 445
INFO:root:[445,     0] loss: 4.853435e-03 masks: 20.0 20.0 [wd: 3.89e-01] [lr: 3.71e-05] [mem: 5.65e+03] (168.8 ms)
INFO:root:[445,     0] grad_stats: [1.06e-04 8.47e-05] (4.26e-05, 2.18e-03)
INFO:root:[445,   116] loss: 5.615605e-03 masks: 21.6 17.3 [wd: 3.89e-01] [lr: 3.65e-05] [mem: 5.65e+03] (172.5 ms)
INFO:root:[445,   116] grad_stats: [2.01e-04 1.04e-04] (6.69e-05, 2.59e-03)
INFO:root:[445,   232] loss: 5.584848e-03 masks: 21.3 17.4 [wd: 3.89e-01] [lr: 3.58e-05] [mem: 5.65e+03] (172.1 ms)
INFO:root:[445,   232] grad_stats: [1.50e-04 7.89e-05] (6.14e-05, 1.26e-03)
INFO:root:avg. loss 5.58484826e-03
INFO:root:time taken for epoch 0:00:53.553710
INFO:root:Epoch 446
INFO:root:[446,     0] loss: 4.468570e-03 masks: 20.0 20.0 [wd: 3.89e-01] [lr: 3.58e-05] [mem: 5.65e+03] (170.5 ms)
INFO:root:[446,     0] grad_stats: [1.40e-04 8.35e-05] (5.05e-05, 1.82e-03)
INFO:root:[446,   116] loss: 5.514422e-03 masks: 21.5 17.7 [wd: 3.90e-01] [lr: 3.52e-05] [mem: 5.65e+03] (172.8 ms)
INFO:root:[446,   116] grad_stats: [1.69e-04 9.96e-05] (6.82e-05, 2.07e-03)
INFO:root:[446,   232] loss: 5.476229e-03 masks: 21.4 17.7 [wd: 3.90e-01] [lr: 3.46e-05] [mem: 5.65e+03] (173.0 ms)
INFO:root:[446,   232] grad_stats: [1.47e-04 1.01e-04] (5.65e-05, 1.96e-03)
INFO:root:avg. loss 5.47622852e-03
INFO:root:time taken for epoch 0:00:53.715651
INFO:root:Epoch 447
INFO:root:[447,     0] loss: 4.917227e-03 masks: 17.0 20.0 [wd: 3.90e-01] [lr: 3.46e-05] [mem: 5.65e+03] (167.9 ms)
INFO:root:[447,     0] grad_stats: [1.04e-04 9.08e-05] (4.73e-05, 2.12e-03)
INFO:root:[447,   116] loss: 5.617197e-03 masks: 22.2 17.3 [wd: 3.90e-01] [lr: 3.40e-05] [mem: 5.65e+03] (174.0 ms)
INFO:root:[447,   116] grad_stats: [1.79e-04 7.66e-05] (4.71e-05, 2.62e-03)
INFO:root:[447,   232] loss: 5.543415e-03 masks: 21.9 17.5 [wd: 3.90e-01] [lr: 3.34e-05] [mem: 5.65e+03] (173.9 ms)
INFO:root:[447,   232] grad_stats: [2.23e-04 1.19e-04] (6.60e-05, 1.78e-03)
INFO:root:avg. loss 5.54341550e-03
INFO:root:time taken for epoch 0:00:54.025996
INFO:root:Epoch 448
INFO:root:[448,     0] loss: 6.427108e-03 masks: 33.0 12.0 [wd: 3.90e-01] [lr: 3.34e-05] [mem: 5.65e+03] (193.8 ms)
INFO:root:[448,     0] grad_stats: [2.31e-04 9.82e-05] (6.35e-05, 1.89e-03)
INFO:root:[448,   116] loss: 5.525183e-03 masks: 22.0 17.3 [wd: 3.90e-01] [lr: 3.28e-05] [mem: 5.65e+03] (173.5 ms)
INFO:root:[448,   116] grad_stats: [8.52e-05 6.74e-05] (4.67e-05, 1.31e-03)
INFO:root:[448,   232] loss: 5.598373e-03 masks: 22.5 17.1 [wd: 3.90e-01] [lr: 3.22e-05] [mem: 5.65e+03] (175.0 ms)
INFO:root:[448,   232] grad_stats: [2.07e-04 1.01e-04] (6.89e-05, 3.07e-03)
INFO:root:avg. loss 5.59837318e-03
INFO:root:time taken for epoch 0:00:54.199795
INFO:root:Epoch 449
INFO:root:[449,     0] loss: 5.345480e-03 masks: 23.0 16.0 [wd: 3.90e-01] [lr: 3.22e-05] [mem: 5.65e+03] (170.5 ms)
INFO:root:[449,     0] grad_stats: [1.09e-04 8.84e-05] (5.60e-05, 1.60e-03)
INFO:root:[449,   116] loss: 5.630575e-03 masks: 23.2 16.9 [wd: 3.91e-01] [lr: 3.16e-05] [mem: 5.65e+03] (176.1 ms)
INFO:root:[449,   116] grad_stats: [1.06e-04 9.97e-05] (6.19e-05, 1.64e-03)
INFO:root:[449,   232] loss: 5.606986e-03 masks: 22.5 17.2 [wd: 3.91e-01] [lr: 3.10e-05] [mem: 5.65e+03] (175.0 ms)
INFO:root:[449,   232] grad_stats: [1.82e-04 7.90e-05] (4.54e-05, 1.41e-03)
INFO:root:avg. loss 5.60698621e-03
INFO:root:time taken for epoch 0:00:54.223121
INFO:root:Epoch 450
INFO:root:[450,     0] loss: 5.920978e-03 masks: 25.0 16.0 [wd: 3.91e-01] [lr: 3.10e-05] [mem: 5.65e+03] (179.0 ms)
INFO:root:[450,     0] grad_stats: [1.34e-04 9.63e-05] (5.69e-05, 2.32e-03)
INFO:root:[450,   116] loss: 5.598021e-03 masks: 22.1 17.2 [wd: 3.91e-01] [lr: 3.04e-05] [mem: 5.65e+03] (173.4 ms)
INFO:root:[450,   116] grad_stats: [1.34e-04 1.25e-04] (5.89e-05, 1.65e-03)
INFO:root:[450,   232] loss: 5.569985e-03 masks: 22.1 17.2 [wd: 3.91e-01] [lr: 2.98e-05] [mem: 5.65e+03] (174.1 ms)
INFO:root:[450,   232] grad_stats: [9.31e-05 8.15e-05] (5.21e-05, 1.39e-03)
INFO:root:avg. loss 5.56998523e-03
INFO:root:time taken for epoch 0:00:54.011860
INFO:root:Epoch 451
INFO:root:[451,     0] loss: 6.140967e-03 masks: 33.0 12.0 [wd: 3.91e-01] [lr: 2.98e-05] [mem: 5.65e+03] (194.2 ms)
INFO:root:[451,     0] grad_stats: [1.39e-04 1.11e-04] (7.48e-05, 4.86e-03)
INFO:root:[451,   116] loss: 5.603350e-03 masks: 22.8 17.0 [wd: 3.91e-01] [lr: 2.93e-05] [mem: 5.65e+03] (175.4 ms)
INFO:root:[451,   116] grad_stats: [1.10e-04 1.01e-04] (6.37e-05, 1.40e-03)
INFO:root:[451,   232] loss: 5.583625e-03 masks: 22.3 17.2 [wd: 3.92e-01] [lr: 2.87e-05] [mem: 5.65e+03] (174.7 ms)
INFO:root:[451,   232] grad_stats: [1.31e-04 8.98e-05] (6.45e-05, 1.53e-03)
INFO:root:avg. loss 5.58362533e-03
INFO:root:time taken for epoch 0:00:54.130030
INFO:root:Epoch 452
INFO:root:[452,     0] loss: 5.310789e-03 masks: 14.0 20.0 [wd: 3.92e-01] [lr: 2.87e-05] [mem: 5.65e+03] (155.8 ms)
INFO:root:[452,     0] grad_stats: [1.98e-04 1.10e-04] (6.29e-05, 1.67e-03)
INFO:root:[452,   116] loss: 5.571017e-03 masks: 21.6 17.3 [wd: 3.92e-01] [lr: 2.81e-05] [mem: 5.65e+03] (172.4 ms)
INFO:root:[452,   116] grad_stats: [1.17e-04 1.15e-04] (6.69e-05, 2.22e-03)
INFO:root:[452,   232] loss: 5.600214e-03 masks: 22.3 17.1 [wd: 3.92e-01] [lr: 2.76e-05] [mem: 5.65e+03] (174.6 ms)
INFO:root:[452,   232] grad_stats: [1.15e-04 1.07e-04] (6.31e-05, 1.87e-03)
INFO:root:avg. loss 5.60021427e-03
INFO:root:time taken for epoch 0:00:54.158335
INFO:root:Epoch 453
INFO:root:[453,     0] loss: 4.935613e-03 masks: 28.0 16.0 [wd: 3.92e-01] [lr: 2.76e-05] [mem: 5.65e+03] (188.3 ms)
INFO:root:[453,     0] grad_stats: [1.30e-04 1.05e-04] (5.04e-05, 1.75e-03)
INFO:root:[453,   116] loss: 5.531869e-03 masks: 21.6 17.5 [wd: 3.92e-01] [lr: 2.71e-05] [mem: 5.65e+03] (172.6 ms)
INFO:root:[453,   116] grad_stats: [1.25e-04 6.24e-05] (4.68e-05, 1.75e-03)
INFO:root:[453,   232] loss: 5.547870e-03 masks: 21.4 17.4 [wd: 3.92e-01] [lr: 2.65e-05] [mem: 5.65e+03] (172.4 ms)
INFO:root:[453,   232] grad_stats: [1.30e-04 1.37e-04] (7.31e-05, 3.74e-03)
INFO:root:avg. loss 5.54786986e-03
INFO:root:time taken for epoch 0:00:53.646312
INFO:root:Epoch 454
INFO:root:[454,     0] loss: 5.221493e-03 masks: 17.0 20.0 [wd: 3.92e-01] [lr: 2.65e-05] [mem: 5.65e+03] (162.2 ms)
INFO:root:[454,     0] grad_stats: [1.41e-04 8.21e-05] (4.94e-05, 2.28e-03)
INFO:root:[454,   116] loss: 5.548229e-03 masks: 21.1 17.6 [wd: 3.92e-01] [lr: 2.60e-05] [mem: 5.65e+03] (171.5 ms)
INFO:root:[454,   116] grad_stats: [1.10e-04 8.19e-05] (5.79e-05, 1.84e-03)
INFO:root:[454,   232] loss: 5.571140e-03 masks: 21.3 17.4 [wd: 3.93e-01] [lr: 2.54e-05] [mem: 5.65e+03] (172.3 ms)
INFO:root:[454,   232] grad_stats: [1.53e-04 8.81e-05] (6.39e-05, 2.30e-03)
INFO:root:avg. loss 5.57114009e-03
INFO:root:time taken for epoch 0:00:53.550000
INFO:root:Epoch 455
INFO:root:[455,     0] loss: 5.997778e-03 masks: 17.0 16.0 [wd: 3.93e-01] [lr: 2.54e-05] [mem: 5.65e+03] (157.2 ms)
INFO:root:[455,     0] grad_stats: [1.47e-04 1.44e-04] (7.50e-05, 2.05e-03)
INFO:root:[455,   116] loss: 5.596808e-03 masks: 22.0 17.2 [wd: 3.93e-01] [lr: 2.49e-05] [mem: 5.65e+03] (173.4 ms)
INFO:root:[455,   116] grad_stats: [2.26e-04 1.40e-04] (1.01e-04, 3.59e-03)
INFO:root:[455,   232] loss: 5.583474e-03 masks: 22.0 17.3 [wd: 3.93e-01] [lr: 2.44e-05] [mem: 5.65e+03] (174.0 ms)
INFO:root:[455,   232] grad_stats: [2.31e-04 1.14e-04] (7.19e-05, 2.45e-03)
INFO:root:avg. loss 5.58347350e-03
INFO:root:time taken for epoch 0:00:54.030536
INFO:root:Epoch 456
INFO:root:[456,     0] loss: 4.747466e-03 masks: 19.0 20.0 [wd: 3.93e-01] [lr: 2.44e-05] [mem: 5.65e+03] (170.6 ms)
INFO:root:[456,     0] grad_stats: [1.26e-04 9.06e-05] (5.77e-05, 1.93e-03)
INFO:root:[456,   116] loss: 5.539242e-03 masks: 22.3 17.2 [wd: 3.93e-01] [lr: 2.39e-05] [mem: 5.65e+03] (174.5 ms)
INFO:root:[456,   116] grad_stats: [2.94e-04 9.15e-05] (6.88e-05, 6.27e-03)
INFO:root:[456,   232] loss: 5.584808e-03 masks: 22.2 17.2 [wd: 3.93e-01] [lr: 2.34e-05] [mem: 5.65e+03] (174.5 ms)
INFO:root:[456,   232] grad_stats: [1.45e-04 8.21e-05] (5.69e-05, 1.21e-03)
INFO:root:avg. loss 5.58480815e-03
INFO:root:time taken for epoch 0:00:54.110104
INFO:root:Epoch 457
INFO:root:[457,     0] loss: 5.628074e-03 masks: 25.0 16.0 [wd: 3.93e-01] [lr: 2.34e-05] [mem: 5.65e+03] (178.6 ms)
INFO:root:[457,     0] grad_stats: [3.16e-04 1.01e-04] (6.72e-05, 2.25e-03)
INFO:root:[457,   116] loss: 5.600876e-03 masks: 21.9 17.2 [wd: 3.93e-01] [lr: 2.29e-05] [mem: 5.65e+03] (173.0 ms)
INFO:root:[457,   116] grad_stats: [3.79e-04 1.03e-04] (6.73e-05, 2.84e-03)
INFO:root:[457,   232] loss: 5.514707e-03 masks: 21.6 17.5 [wd: 3.93e-01] [lr: 2.24e-05] [mem: 5.65e+03] (173.2 ms)
INFO:root:[457,   232] grad_stats: [1.65e-04 8.20e-05] (6.34e-05, 1.95e-03)
INFO:root:avg. loss 5.51470714e-03
INFO:root:time taken for epoch 0:00:53.827091
INFO:root:Epoch 458
INFO:root:[458,     0] loss: 4.626794e-03 masks: 20.0 20.0 [wd: 3.93e-01] [lr: 2.24e-05] [mem: 5.65e+03] (169.3 ms)
INFO:root:[458,     0] grad_stats: [1.16e-04 8.20e-05] (5.42e-05, 1.90e-03)
INFO:root:[458,   116] loss: 5.577454e-03 masks: 21.9 17.5 [wd: 3.94e-01] [lr: 2.19e-05] [mem: 5.65e+03] (173.5 ms)
INFO:root:[458,   116] grad_stats: [2.67e-04 1.15e-04] (7.08e-05, 2.13e-03)
INFO:root:[458,   232] loss: 5.588910e-03 masks: 22.2 17.2 [wd: 3.94e-01] [lr: 2.14e-05] [mem: 5.65e+03] (174.4 ms)
INFO:root:[458,   232] grad_stats: [1.18e-04 8.02e-05] (5.42e-05, 3.10e-03)
INFO:root:avg. loss 5.58891001e-03
INFO:root:time taken for epoch 0:00:54.082778
INFO:root:Epoch 459
INFO:root:[459,     0] loss: 5.518020e-03 masks: 16.0 20.0 [wd: 3.94e-01] [lr: 2.14e-05] [mem: 5.65e+03] (160.6 ms)
INFO:root:[459,     0] grad_stats: [1.07e-04 9.59e-05] (5.88e-05, 1.83e-03)
INFO:root:[459,   116] loss: 5.564874e-03 masks: 21.8 17.4 [wd: 3.94e-01] [lr: 2.09e-05] [mem: 5.65e+03] (172.9 ms)
INFO:root:[459,   116] grad_stats: [2.04e-04 1.46e-04] (7.03e-05, 2.25e-03)
INFO:root:[459,   232] loss: 5.556282e-03 masks: 21.9 17.4 [wd: 3.94e-01] [lr: 2.05e-05] [mem: 5.65e+03] (173.8 ms)
INFO:root:[459,   232] grad_stats: [2.30e-04 1.18e-04] (6.27e-05, 1.71e-03)
INFO:root:avg. loss 5.55628233e-03
INFO:root:time taken for epoch 0:00:53.783512
INFO:root:Epoch 460
INFO:root:[460,     0] loss: 5.882221e-03 masks: 22.0 16.0 [wd: 3.94e-01] [lr: 2.05e-05] [mem: 5.65e+03] (170.7 ms)
INFO:root:[460,     0] grad_stats: [1.00e-04 1.01e-04] (6.27e-05, 1.54e-03)
INFO:root:[460,   116] loss: 5.579483e-03 masks: 22.5 17.0 [wd: 3.94e-01] [lr: 2.00e-05] [mem: 5.65e+03] (174.5 ms)
INFO:root:[460,   116] grad_stats: [8.79e-05 8.46e-05] (5.01e-05, 2.34e-03)
INFO:root:[460,   232] loss: 5.535735e-03 masks: 22.1 17.3 [wd: 3.94e-01] [lr: 1.95e-05] [mem: 5.65e+03] (174.3 ms)
INFO:root:[460,   232] grad_stats: [8.53e-05 6.98e-05] (4.58e-05, 1.28e-03)
INFO:root:avg. loss 5.53573548e-03
INFO:root:time taken for epoch 0:00:54.047861
INFO:root:Epoch 461
INFO:root:[461,     0] loss: 5.734770e-03 masks: 25.0 16.0 [wd: 3.94e-01] [lr: 1.95e-05] [mem: 5.65e+03] (179.3 ms)
INFO:root:[461,     0] grad_stats: [2.06e-04 1.05e-04] (6.97e-05, 4.99e-03)
INFO:root:[461,   116] loss: 5.521225e-03 masks: 21.3 17.4 [wd: 3.94e-01] [lr: 1.91e-05] [mem: 5.65e+03] (171.9 ms)
INFO:root:[461,   116] grad_stats: [1.31e-04 1.31e-04] (6.33e-05, 2.21e-03)
INFO:root:[461,   232] loss: 5.554080e-03 masks: 21.9 17.2 [wd: 3.95e-01] [lr: 1.86e-05] [mem: 5.65e+03] (173.7 ms)
INFO:root:[461,   232] grad_stats: [2.51e-04 9.63e-05] (6.77e-05, 2.90e-03)
INFO:root:avg. loss 5.55407990e-03
INFO:root:time taken for epoch 0:00:53.901111
INFO:root:Epoch 462
INFO:root:[462,     0] loss: 5.852356e-03 masks: 21.0 16.0 [wd: 3.95e-01] [lr: 1.86e-05] [mem: 5.65e+03] (168.1 ms)
INFO:root:[462,     0] grad_stats: [1.23e-04 1.01e-04] (6.55e-05, 1.77e-03)
INFO:root:[462,   116] loss: 5.532924e-03 masks: 22.5 17.3 [wd: 3.95e-01] [lr: 1.82e-05] [mem: 5.65e+03] (175.1 ms)
INFO:root:[462,   116] grad_stats: [1.72e-04 1.26e-04] (7.13e-05, 2.87e-03)
INFO:root:[462,   232] loss: 5.586042e-03 masks: 22.3 17.1 [wd: 3.95e-01] [lr: 1.77e-05] [mem: 5.65e+03] (174.5 ms)
INFO:root:[462,   232] grad_stats: [1.34e-04 9.25e-05] (7.02e-05, 2.10e-03)
INFO:root:avg. loss 5.58604225e-03
INFO:root:time taken for epoch 0:00:54.050163
INFO:root:Epoch 463
INFO:root:[463,     0] loss: 5.878623e-03 masks: 21.0 16.0 [wd: 3.95e-01] [lr: 1.77e-05] [mem: 5.65e+03] (169.2 ms)
INFO:root:[463,     0] grad_stats: [1.23e-04 1.15e-04] (7.13e-05, 1.76e-03)
INFO:root:[463,   116] loss: 5.571087e-03 masks: 21.8 17.2 [wd: 3.95e-01] [lr: 1.73e-05] [mem: 5.65e+03] (173.0 ms)
INFO:root:[463,   116] grad_stats: [2.65e-04 9.98e-05] (7.18e-05, 2.31e-03)
INFO:root:[463,   232] loss: 5.571815e-03 masks: 21.9 17.2 [wd: 3.95e-01] [lr: 1.69e-05] [mem: 5.65e+03] (173.7 ms)
INFO:root:[463,   232] grad_stats: [9.48e-05 7.31e-05] (4.61e-05, 1.68e-03)
INFO:root:avg. loss 5.57181511e-03
INFO:root:time taken for epoch 0:00:53.937020
INFO:root:Epoch 464
INFO:root:[464,     0] loss: 6.036005e-03 masks: 35.0 12.0 [wd: 3.95e-01] [lr: 1.69e-05] [mem: 5.65e+03] (197.6 ms)
INFO:root:[464,     0] grad_stats: [1.56e-04 9.30e-05] (6.42e-05, 2.12e-03)
INFO:root:[464,   116] loss: 5.568542e-03 masks: 22.8 17.0 [wd: 3.95e-01] [lr: 1.64e-05] [mem: 5.65e+03] (175.5 ms)
INFO:root:[464,   116] grad_stats: [1.64e-04 1.05e-04] (7.13e-05, 1.72e-03)
INFO:root:[464,   232] loss: 5.582516e-03 masks: 22.4 17.1 [wd: 3.95e-01] [lr: 1.60e-05] [mem: 5.65e+03] (174.7 ms)
INFO:root:[464,   232] grad_stats: [1.67e-04 8.93e-05] (6.83e-05, 3.35e-03)
INFO:root:avg. loss 5.58251563e-03
INFO:root:time taken for epoch 0:00:54.152138
INFO:root:Epoch 465
INFO:root:[465,     0] loss: 5.208882e-03 masks: 26.0 16.0 [wd: 3.95e-01] [lr: 1.60e-05] [mem: 5.65e+03] (182.2 ms)
INFO:root:[465,     0] grad_stats: [1.34e-04 1.04e-04] (6.09e-05, 3.03e-03)
INFO:root:[465,   116] loss: 5.483299e-03 masks: 21.1 17.6 [wd: 3.96e-01] [lr: 1.56e-05] [mem: 5.65e+03] (171.6 ms)
INFO:root:[465,   116] grad_stats: [1.33e-04 1.26e-04] (7.80e-05, 2.43e-03)
INFO:root:[465,   232] loss: 5.505260e-03 masks: 21.4 17.5 [wd: 3.96e-01] [lr: 1.52e-05] [mem: 5.65e+03] (172.9 ms)
INFO:root:[465,   232] grad_stats: [1.14e-04 8.88e-05] (6.71e-05, 2.02e-03)
INFO:root:avg. loss 5.50526037e-03
INFO:root:time taken for epoch 0:00:53.697975
INFO:root:Epoch 466
INFO:root:[466,     0] loss: 6.456058e-03 masks: 33.0 12.0 [wd: 3.96e-01] [lr: 1.52e-05] [mem: 5.65e+03] (194.4 ms)
INFO:root:[466,     0] grad_stats: [1.17e-04 1.15e-04] (7.47e-05, 3.42e-03)
INFO:root:[466,   116] loss: 5.627784e-03 masks: 22.0 17.2 [wd: 3.96e-01] [lr: 1.48e-05] [mem: 5.65e+03] (173.5 ms)
INFO:root:[466,   116] grad_stats: [2.54e-04 8.03e-05] (6.48e-05, 2.29e-03)
INFO:root:[466,   232] loss: 5.540044e-03 masks: 21.6 17.5 [wd: 3.96e-01] [lr: 1.44e-05] [mem: 5.65e+03] (173.3 ms)
INFO:root:[466,   232] grad_stats: [9.60e-05 7.29e-05] (5.19e-05, 1.13e-03)
INFO:root:avg. loss 5.54004420e-03
INFO:root:time taken for epoch 0:00:53.874873
INFO:root:Epoch 467
INFO:root:[467,     0] loss: 5.233296e-03 masks: 25.0 16.0 [wd: 3.96e-01] [lr: 1.44e-05] [mem: 5.65e+03] (179.2 ms)
INFO:root:[467,     0] grad_stats: [1.18e-04 1.14e-04] (6.17e-05, 1.79e-03)
INFO:root:[467,   116] loss: 5.475767e-03 masks: 21.3 17.7 [wd: 3.96e-01] [lr: 1.40e-05] [mem: 5.65e+03] (172.3 ms)
INFO:root:[467,   116] grad_stats: [2.26e-04 7.88e-05] (5.93e-05, 1.85e-03)
INFO:root:[467,   232] loss: 5.508737e-03 masks: 21.8 17.4 [wd: 3.96e-01] [lr: 1.36e-05] [mem: 5.65e+03] (173.7 ms)
INFO:root:[467,   232] grad_stats: [2.26e-04 1.42e-04] (8.80e-05, 3.82e-03)
INFO:root:avg. loss 5.50873745e-03
INFO:root:time taken for epoch 0:00:53.907563
INFO:root:Epoch 468
INFO:root:[468,     0] loss: 5.009052e-03 masks: 18.0 20.0 [wd: 3.96e-01] [lr: 1.36e-05] [mem: 5.65e+03] (165.9 ms)
INFO:root:[468,     0] grad_stats: [1.93e-04 1.24e-04] (7.14e-05, 1.81e-03)
INFO:root:[468,   116] loss: 5.417903e-03 masks: 21.6 17.6 [wd: 3.96e-01] [lr: 1.33e-05] [mem: 5.65e+03] (173.1 ms)
INFO:root:[468,   116] grad_stats: [2.36e-04 1.23e-04] (7.82e-05, 3.03e-03)
INFO:root:[468,   232] loss: 5.494442e-03 masks: 22.1 17.3 [wd: 3.96e-01] [lr: 1.29e-05] [mem: 5.65e+03] (174.6 ms)
INFO:root:[468,   232] grad_stats: [2.53e-04 1.20e-04] (7.86e-05, 2.30e-03)
INFO:root:avg. loss 5.49444248e-03
INFO:root:time taken for epoch 0:00:54.205333
INFO:root:Epoch 469
INFO:root:[469,     0] loss: 6.583199e-03 masks: 20.0 16.0 [wd: 3.96e-01] [lr: 1.29e-05] [mem: 5.65e+03] (165.3 ms)
INFO:root:[469,     0] grad_stats: [1.19e-04 1.14e-04] (6.69e-05, 2.66e-03)
INFO:root:[469,   116] loss: 5.461130e-03 masks: 21.8 17.5 [wd: 3.96e-01] [lr: 1.25e-05] [mem: 5.65e+03] (173.6 ms)
INFO:root:[469,   116] grad_stats: [1.68e-04 1.23e-04] (7.96e-05, 1.66e-03)
INFO:root:[469,   232] loss: 5.504066e-03 masks: 21.9 17.4 [wd: 3.97e-01] [lr: 1.22e-05] [mem: 5.65e+03] (173.9 ms)
INFO:root:[469,   232] grad_stats: [1.48e-04 1.01e-04] (6.48e-05, 1.96e-03)
INFO:root:avg. loss 5.50406621e-03
INFO:root:time taken for epoch 0:00:53.942659
INFO:root:Epoch 470
INFO:root:[470,     0] loss: 6.380357e-03 masks: 33.0 12.0 [wd: 3.97e-01] [lr: 1.21e-05] [mem: 5.65e+03] (193.9 ms)
INFO:root:[470,     0] grad_stats: [1.68e-04 1.55e-04] (8.96e-05, 2.48e-03)
INFO:root:[470,   116] loss: 5.509705e-03 masks: 21.8 17.4 [wd: 3.97e-01] [lr: 1.18e-05] [mem: 5.65e+03] (173.3 ms)
INFO:root:[470,   116] grad_stats: [1.09e-04 8.63e-05] (6.30e-05, 1.39e-03)
INFO:root:[470,   232] loss: 5.458806e-03 masks: 21.7 17.6 [wd: 3.97e-01] [lr: 1.14e-05] [mem: 5.65e+03] (173.4 ms)
INFO:root:[470,   232] grad_stats: [3.52e-04 1.33e-04] (7.48e-05, 1.83e-03)
INFO:root:avg. loss 5.45880597e-03
INFO:root:time taken for epoch 0:00:53.889306
INFO:root:Epoch 471
INFO:root:[471,     0] loss: 7.136789e-03 masks: 33.0 12.0 [wd: 3.97e-01] [lr: 1.14e-05] [mem: 5.65e+03] (194.0 ms)
INFO:root:[471,     0] grad_stats: [2.91e-04 9.43e-05] (8.15e-05, 2.88e-03)
INFO:root:[471,   116] loss: 5.547432e-03 masks: 21.6 17.4 [wd: 3.97e-01] [lr: 1.11e-05] [mem: 5.65e+03] (172.7 ms)
INFO:root:[471,   116] grad_stats: [1.26e-04 9.95e-05] (6.13e-05, 1.72e-03)
INFO:root:[471,   232] loss: 5.516777e-03 masks: 21.7 17.4 [wd: 3.97e-01] [lr: 1.08e-05] [mem: 5.65e+03] (173.3 ms)
INFO:root:[471,   232] grad_stats: [1.47e-04 8.23e-05] (6.32e-05, 3.14e-03)
INFO:root:avg. loss 5.51677743e-03
INFO:root:time taken for epoch 0:00:53.856550
INFO:root:Epoch 472
INFO:root:[472,     0] loss: 6.456274e-03 masks: 21.0 16.0 [wd: 3.97e-01] [lr: 1.08e-05] [mem: 5.65e+03] (165.9 ms)
INFO:root:[472,     0] grad_stats: [1.75e-04 1.47e-04] (8.22e-05, 2.90e-03)
INFO:root:[472,   116] loss: 5.508399e-03 masks: 21.7 17.4 [wd: 3.97e-01] [lr: 1.04e-05] [mem: 5.65e+03] (172.8 ms)
INFO:root:[472,   116] grad_stats: [1.43e-04 1.59e-04] (7.54e-05, 1.72e-03)
INFO:root:[472,   232] loss: 5.579772e-03 masks: 22.1 17.1 [wd: 3.97e-01] [lr: 1.01e-05] [mem: 5.65e+03] (174.2 ms)
INFO:root:[472,   232] grad_stats: [2.23e-04 1.04e-04] (6.19e-05, 1.86e-03)
INFO:root:avg. loss 5.57977165e-03
INFO:root:time taken for epoch 0:00:54.077581
INFO:root:Epoch 473
INFO:root:[473,     0] loss: 5.398395e-03 masks: 27.0 16.0 [wd: 3.97e-01] [lr: 1.01e-05] [mem: 5.65e+03] (185.5 ms)
INFO:root:[473,     0] grad_stats: [1.07e-04 7.63e-05] (5.47e-05, 1.49e-03)
INFO:root:[473,   116] loss: 5.502396e-03 masks: 21.6 17.5 [wd: 3.97e-01] [lr: 9.78e-06] [mem: 5.65e+03] (172.9 ms)
INFO:root:[473,   116] grad_stats: [1.31e-04 1.27e-04] (6.75e-05, 2.05e-03)
INFO:root:[473,   232] loss: 5.517225e-03 masks: 21.8 17.4 [wd: 3.97e-01] [lr: 9.47e-06] [mem: 5.65e+03] (173.6 ms)
INFO:root:[473,   232] grad_stats: [1.72e-04 7.88e-05] (5.88e-05, 2.16e-03)
INFO:root:avg. loss 5.51722476e-03
INFO:root:time taken for epoch 0:00:53.878011
INFO:root:Epoch 474
INFO:root:[474,     0] loss: 5.255550e-03 masks: 26.0 16.0 [wd: 3.97e-01] [lr: 9.47e-06] [mem: 5.65e+03] (182.5 ms)
INFO:root:[474,     0] grad_stats: [1.55e-04 1.11e-04] (6.94e-05, 2.05e-03)
INFO:root:[474,   116] loss: 5.534415e-03 masks: 21.6 17.3 [wd: 3.98e-01] [lr: 9.16e-06] [mem: 5.65e+03] (172.7 ms)
INFO:root:[474,   116] grad_stats: [1.26e-04 9.09e-05] (6.01e-05, 1.65e-03)
INFO:root:[474,   232] loss: 5.555880e-03 masks: 22.2 17.1 [wd: 3.98e-01] [lr: 8.85e-06] [mem: 5.65e+03] (174.3 ms)
INFO:root:[474,   232] grad_stats: [1.69e-04 1.00e-04] (6.07e-05, 2.25e-03)
INFO:root:avg. loss 5.55588034e-03
INFO:root:time taken for epoch 0:00:54.042726
INFO:root:Epoch 475
INFO:root:[475,     0] loss: 6.759911e-03 masks: 35.0 12.0 [wd: 3.98e-01] [lr: 8.85e-06] [mem: 5.65e+03] (199.0 ms)
INFO:root:[475,     0] grad_stats: [1.52e-04 1.26e-04] (7.98e-05, 2.16e-03)
INFO:root:[475,   116] loss: 5.617384e-03 masks: 21.7 17.0 [wd: 3.98e-01] [lr: 8.55e-06] [mem: 5.65e+03] (172.5 ms)
INFO:root:[475,   116] grad_stats: [2.92e-04 1.15e-04] (7.83e-05, 2.41e-03)
INFO:root:[475,   232] loss: 5.544788e-03 masks: 21.7 17.3 [wd: 3.98e-01] [lr: 8.26e-06] [mem: 5.65e+03] (173.3 ms)
INFO:root:[475,   232] grad_stats: [1.17e-04 1.07e-04] (6.43e-05, 1.97e-03)
INFO:root:avg. loss 5.54478778e-03
INFO:root:time taken for epoch 0:00:53.826415
INFO:root:Epoch 476
INFO:root:[476,     0] loss: 6.281405e-03 masks: 35.0 12.0 [wd: 3.98e-01] [lr: 8.26e-06] [mem: 5.65e+03] (199.0 ms)
INFO:root:[476,     0] grad_stats: [1.35e-04 1.09e-04] (7.70e-05, 3.21e-03)
INFO:root:[476,   116] loss: 5.541124e-03 masks: 22.3 17.0 [wd: 3.98e-01] [lr: 7.97e-06] [mem: 5.65e+03] (173.9 ms)
INFO:root:[476,   116] grad_stats: [2.80e-04 1.58e-04] (8.95e-05, 3.54e-03)
INFO:root:[476,   232] loss: 5.581815e-03 masks: 22.2 17.0 [wd: 3.98e-01] [lr: 7.69e-06] [mem: 5.65e+03] (174.1 ms)
INFO:root:[476,   232] grad_stats: [6.55e-05 6.92e-05] (5.10e-05, 9.43e-04)
INFO:root:avg. loss 5.58181487e-03
INFO:root:time taken for epoch 0:00:53.983872
INFO:root:Epoch 477
INFO:root:[477,     0] loss: 5.289305e-03 masks: 20.0 20.0 [wd: 3.98e-01] [lr: 7.69e-06] [mem: 5.65e+03] (169.5 ms)
INFO:root:[477,     0] grad_stats: [3.71e-04 1.06e-04] (6.62e-05, 2.37e-03)
INFO:root:[477,   116] loss: 5.485407e-03 masks: 21.9 17.3 [wd: 3.98e-01] [lr: 7.42e-06] [mem: 5.65e+03] (173.6 ms)
INFO:root:[477,   116] grad_stats: [2.32e-04 1.61e-04] (1.14e-04, 2.75e-03)
INFO:root:[477,   232] loss: 5.482529e-03 masks: 21.8 17.4 [wd: 3.98e-01] [lr: 7.15e-06] [mem: 5.65e+03] (173.8 ms)
INFO:root:[477,   232] grad_stats: [1.29e-04 9.42e-05] (5.95e-05, 1.44e-03)
INFO:root:avg. loss 5.48252861e-03
INFO:root:time taken for epoch 0:00:53.863641
INFO:root:Epoch 478
INFO:root:[478,     0] loss: 5.411896e-03 masks: 24.0 16.0 [wd: 3.98e-01] [lr: 7.15e-06] [mem: 5.65e+03] (176.2 ms)
INFO:root:[478,     0] grad_stats: [1.15e-04 1.24e-04] (9.83e-05, 1.88e-03)
INFO:root:[478,   116] loss: 5.607398e-03 masks: 22.3 16.9 [wd: 3.98e-01] [lr: 6.88e-06] [mem: 5.65e+03] (173.8 ms)
INFO:root:[478,   116] grad_stats: [2.09e-04 1.02e-04] (6.39e-05, 1.67e-03)
INFO:root:[478,   232] loss: 5.561667e-03 masks: 22.1 17.1 [wd: 3.98e-01] [lr: 6.63e-06] [mem: 5.65e+03] (173.9 ms)
INFO:root:[478,   232] grad_stats: [2.30e-04 7.76e-05] (5.81e-05, 2.96e-03)
INFO:root:avg. loss 5.56166668e-03
INFO:root:time taken for epoch 0:00:53.916034
INFO:root:Epoch 479
INFO:root:[479,     0] loss: 5.880452e-03 masks: 23.0 16.0 [wd: 3.98e-01] [lr: 6.63e-06] [mem: 5.65e+03] (171.7 ms)
INFO:root:[479,     0] grad_stats: [1.36e-04 1.01e-04] (7.26e-05, 1.89e-03)
INFO:root:[479,   116] loss: 5.422654e-03 masks: 21.9 17.5 [wd: 3.98e-01] [lr: 6.37e-06] [mem: 5.65e+03] (173.7 ms)
INFO:root:[479,   116] grad_stats: [2.12e-04 1.17e-04] (7.28e-05, 2.27e-03)
INFO:root:[479,   232] loss: 5.441647e-03 masks: 22.3 17.3 [wd: 3.98e-01] [lr: 6.13e-06] [mem: 5.65e+03] (174.9 ms)
INFO:root:[479,   232] grad_stats: [1.13e-04 1.06e-04] (7.30e-05, 2.39e-03)
INFO:root:avg. loss 5.44164750e-03
INFO:root:time taken for epoch 0:00:54.219722
INFO:root:Epoch 480
INFO:root:[480,     0] loss: 5.363301e-03 masks: 18.0 20.0 [wd: 3.98e-01] [lr: 6.13e-06] [mem: 5.65e+03] (165.2 ms)
INFO:root:[480,     0] grad_stats: [1.98e-04 1.22e-04] (7.60e-05, 2.81e-03)
INFO:root:[480,   116] loss: 5.566635e-03 masks: 21.8 17.2 [wd: 3.99e-01] [lr: 5.89e-06] [mem: 5.65e+03] (172.8 ms)
INFO:root:[480,   116] grad_stats: [1.09e-04 1.37e-04] (7.26e-05, 1.71e-03)
INFO:root:[480,   232] loss: 5.530705e-03 masks: 21.6 17.4 [wd: 3.99e-01] [lr: 5.65e-06] [mem: 5.65e+03] (173.0 ms)
INFO:root:[480,   232] grad_stats: [1.85e-04 8.93e-05] (6.02e-05, 1.75e-03)
INFO:root:avg. loss 5.53070511e-03
INFO:root:time taken for epoch 0:00:53.736182
INFO:root:Epoch 481
INFO:root:[481,     0] loss: 4.795953e-03 masks: 22.0 20.0 [wd: 3.99e-01] [lr: 5.65e-06] [mem: 5.65e+03] (177.7 ms)
INFO:root:[481,     0] grad_stats: [7.19e-05 8.69e-05] (5.44e-05, 1.43e-03)
INFO:root:[481,   116] loss: 5.502149e-03 masks: 21.2 17.5 [wd: 3.99e-01] [lr: 5.42e-06] [mem: 5.65e+03] (171.6 ms)
INFO:root:[481,   116] grad_stats: [1.75e-04 1.87e-04] (9.53e-05, 2.86e-03)
INFO:root:[481,   232] loss: 5.512759e-03 masks: 21.6 17.4 [wd: 3.99e-01] [lr: 5.20e-06] [mem: 5.65e+03] (173.0 ms)
INFO:root:[481,   232] grad_stats: [1.14e-04 1.10e-04] (7.36e-05, 2.08e-03)
INFO:root:avg. loss 5.51275900e-03
INFO:root:time taken for epoch 0:00:54.841757
INFO:root:Epoch 482
INFO:root:[482,     0] loss: 5.997436e-03 masks: 25.0 16.0 [wd: 3.99e-01] [lr: 5.20e-06] [mem: 5.65e+03] (178.9 ms)
INFO:root:[482,     0] grad_stats: [1.88e-04 1.20e-04] (8.12e-05, 3.43e-03)
INFO:root:[482,   116] loss: 5.510032e-03 masks: 21.9 17.2 [wd: 3.99e-01] [lr: 4.98e-06] [mem: 5.65e+03] (173.3 ms)
INFO:root:[482,   116] grad_stats: [1.40e-04 1.31e-04] (6.22e-05, 1.79e-03)
INFO:root:[482,   232] loss: 5.524975e-03 masks: 22.1 17.2 [wd: 3.99e-01] [lr: 4.77e-06] [mem: 5.65e+03] (174.1 ms)
INFO:root:[482,   232] grad_stats: [1.78e-04 1.85e-04] (9.48e-05, 2.74e-03)
INFO:root:avg. loss 5.52497548e-03
INFO:root:time taken for epoch 0:00:54.031650
INFO:root:Epoch 483
INFO:root:[483,     0] loss: 5.003648e-03 masks: 20.0 20.0 [wd: 3.99e-01] [lr: 4.77e-06] [mem: 5.65e+03] (168.7 ms)
INFO:root:[483,     0] grad_stats: [2.09e-04 1.18e-04] (6.57e-05, 1.80e-03)
INFO:root:[483,   116] loss: 5.523289e-03 masks: 22.3 17.2 [wd: 3.99e-01] [lr: 4.56e-06] [mem: 5.65e+03] (174.3 ms)
INFO:root:[483,   116] grad_stats: [1.01e-04 8.03e-05] (5.80e-05, 1.65e-03)
INFO:root:[483,   232] loss: 5.527351e-03 masks: 22.4 17.2 [wd: 3.99e-01] [lr: 4.36e-06] [mem: 5.65e+03] (175.0 ms)
INFO:root:[483,   232] grad_stats: [1.19e-04 1.11e-04] (7.51e-05, 2.17e-03)
INFO:root:avg. loss 5.52735105e-03
INFO:root:time taken for epoch 0:00:54.242311
INFO:root:Epoch 484
INFO:root:[484,     0] loss: 5.868630e-03 masks: 25.0 16.0 [wd: 3.99e-01] [lr: 4.36e-06] [mem: 5.65e+03] (179.6 ms)
INFO:root:[484,     0] grad_stats: [9.75e-05 1.22e-04] (7.69e-05, 1.48e-03)
INFO:root:[484,   116] loss: 5.476010e-03 masks: 21.9 17.4 [wd: 3.99e-01] [lr: 4.17e-06] [mem: 5.65e+03] (173.6 ms)
INFO:root:[484,   116] grad_stats: [1.42e-04 1.14e-04] (6.62e-05, 2.09e-03)
INFO:root:[484,   232] loss: 5.492221e-03 masks: 22.2 17.2 [wd: 3.99e-01] [lr: 3.98e-06] [mem: 5.65e+03] (174.4 ms)
INFO:root:[484,   232] grad_stats: [2.46e-04 1.04e-04] (7.50e-05, 3.13e-03)
INFO:root:avg. loss 5.49222088e-03
INFO:root:time taken for epoch 0:00:54.063119
INFO:root:Epoch 485
INFO:root:[485,     0] loss: 4.861522e-03 masks: 21.0 20.0 [wd: 3.99e-01] [lr: 3.98e-06] [mem: 5.65e+03] (172.7 ms)
INFO:root:[485,     0] grad_stats: [2.60e-04 9.72e-05] (6.30e-05, 2.51e-03)
INFO:root:[485,   116] loss: 5.567115e-03 masks: 22.4 16.9 [wd: 3.99e-01] [lr: 3.80e-06] [mem: 5.65e+03] (173.9 ms)
INFO:root:[485,   116] grad_stats: [1.56e-04 7.97e-05] (6.78e-05, 1.46e-03)
INFO:root:[485,   232] loss: 5.538535e-03 masks: 22.3 17.1 [wd: 3.99e-01] [lr: 3.62e-06] [mem: 5.65e+03] (174.6 ms)
INFO:root:[485,   232] grad_stats: [9.50e-05 1.03e-04] (6.31e-05, 1.88e-03)
INFO:root:avg. loss 5.53853480e-03
INFO:root:time taken for epoch 0:00:54.101219
INFO:root:Epoch 486
INFO:root:[486,     0] loss: 5.137781e-03 masks: 15.0 20.0 [wd: 3.99e-01] [lr: 3.62e-06] [mem: 5.65e+03] (156.0 ms)
INFO:root:[486,     0] grad_stats: [1.21e-04 1.12e-04] (7.78e-05, 1.80e-03)
INFO:root:[486,   116] loss: 5.467987e-03 masks: 21.9 17.4 [wd: 3.99e-01] [lr: 3.45e-06] [mem: 5.65e+03] (173.3 ms)
INFO:root:[486,   116] grad_stats: [2.60e-04 8.99e-05] (6.82e-05, 2.55e-03)
INFO:root:[486,   232] loss: 5.487670e-03 masks: 21.9 17.4 [wd: 3.99e-01] [lr: 3.28e-06] [mem: 5.65e+03] (173.9 ms)
INFO:root:[486,   232] grad_stats: [2.08e-04 1.52e-04] (9.52e-05, 2.71e-03)
INFO:root:avg. loss 5.48766966e-03
INFO:root:time taken for epoch 0:00:53.939052
INFO:root:Epoch 487
INFO:root:[487,     0] loss: 4.920970e-03 masks: 17.0 20.0 [wd: 3.99e-01] [lr: 3.28e-06] [mem: 5.65e+03] (160.8 ms)
INFO:root:[487,     0] grad_stats: [1.85e-04 1.05e-04] (6.61e-05, 1.80e-03)
INFO:root:[487,   116] loss: 5.458362e-03 masks: 22.2 17.3 [wd: 3.99e-01] [lr: 3.12e-06] [mem: 5.65e+03] (174.0 ms)
INFO:root:[487,   116] grad_stats: [1.75e-04 7.90e-05] (6.08e-05, 1.83e-03)
INFO:root:[487,   232] loss: 5.532633e-03 masks: 22.4 17.1 [wd: 3.99e-01] [lr: 2.97e-06] [mem: 5.65e+03] (174.8 ms)
INFO:root:[487,   232] grad_stats: [1.86e-04 9.62e-05] (5.75e-05, 1.59e-03)
INFO:root:avg. loss 5.53263299e-03
INFO:root:time taken for epoch 0:00:54.179066
INFO:root:Epoch 488
INFO:root:[488,     0] loss: 4.898058e-03 masks: 29.0 16.0 [wd: 3.99e-01] [lr: 2.97e-06] [mem: 5.65e+03] (189.1 ms)
INFO:root:[488,     0] grad_stats: [9.88e-05 9.11e-05] (6.37e-05, 1.67e-03)
INFO:root:[488,   116] loss: 5.502967e-03 masks: 22.6 17.0 [wd: 3.99e-01] [lr: 2.82e-06] [mem: 5.65e+03] (174.8 ms)
INFO:root:[488,   116] grad_stats: [9.19e-05 9.94e-05] (6.56e-05, 1.81e-03)
INFO:root:[488,   232] loss: 5.533917e-03 masks: 22.6 16.9 [wd: 3.99e-01] [lr: 2.68e-06] [mem: 5.65e+03] (175.2 ms)
INFO:root:[488,   232] grad_stats: [1.57e-04 1.13e-04] (7.74e-05, 1.79e-03)
INFO:root:avg. loss 5.53391749e-03
INFO:root:time taken for epoch 0:00:54.268311
INFO:root:Epoch 489
INFO:root:[489,     0] loss: 5.645368e-03 masks: 14.0 20.0 [wd: 3.99e-01] [lr: 2.68e-06] [mem: 5.65e+03] (154.1 ms)
INFO:root:[489,     0] grad_stats: [1.50e-04 1.12e-04] (7.96e-05, 2.15e-03)
INFO:root:[489,   116] loss: 5.470438e-03 masks: 22.0 17.4 [wd: 4.00e-01] [lr: 2.54e-06] [mem: 5.65e+03] (173.8 ms)
INFO:root:[489,   116] grad_stats: [1.17e-04 1.33e-04] (8.62e-05, 1.73e-03)
INFO:root:[489,   232] loss: 5.447890e-03 masks: 21.6 17.5 [wd: 4.00e-01] [lr: 2.41e-06] [mem: 5.65e+03] (173.4 ms)
INFO:root:[489,   232] grad_stats: [1.46e-04 1.12e-04] (7.38e-05, 1.91e-03)
INFO:root:avg. loss 5.44788988e-03
INFO:root:time taken for epoch 0:00:53.878908
INFO:root:Epoch 490
INFO:root:[490,     0] loss: 5.668141e-03 masks: 22.0 16.0 [wd: 4.00e-01] [lr: 2.41e-06] [mem: 5.65e+03] (170.9 ms)
INFO:root:[490,     0] grad_stats: [3.06e-04 1.27e-04] (7.76e-05, 3.86e-03)
INFO:root:[490,   116] loss: 5.572096e-03 masks: 21.9 17.1 [wd: 4.00e-01] [lr: 2.28e-06] [mem: 5.65e+03] (172.9 ms)
INFO:root:[490,   116] grad_stats: [2.07e-04 1.16e-04] (8.70e-05, 2.62e-03)
INFO:root:[490,   232] loss: 5.472401e-03 masks: 21.6 17.5 [wd: 4.00e-01] [lr: 2.16e-06] [mem: 5.65e+03] (173.1 ms)
INFO:root:[490,   232] grad_stats: [1.22e-04 7.83e-05] (5.30e-05, 1.68e-03)
INFO:root:avg. loss 5.47240115e-03
INFO:root:time taken for epoch 0:00:53.800608
INFO:root:Epoch 491
INFO:root:[491,     0] loss: 6.197227e-03 masks: 17.0 16.0 [wd: 4.00e-01] [lr: 2.16e-06] [mem: 5.65e+03] (158.2 ms)
INFO:root:[491,     0] grad_stats: [3.14e-04 1.42e-04] (9.21e-05, 3.86e-03)
INFO:root:[491,   116] loss: 5.593024e-03 masks: 21.8 17.1 [wd: 4.00e-01] [lr: 2.05e-06] [mem: 5.65e+03] (172.7 ms)
INFO:root:[491,   116] grad_stats: [1.08e-04 9.50e-05] (6.24e-05, 1.64e-03)
INFO:root:[491,   232] loss: 5.529984e-03 masks: 21.7 17.3 [wd: 4.00e-01] [lr: 1.94e-06] [mem: 5.65e+03] (173.3 ms)
INFO:root:[491,   232] grad_stats: [9.42e-05 1.02e-04] (5.71e-05, 1.42e-03)
INFO:root:avg. loss 5.52998371e-03
INFO:root:time taken for epoch 0:00:53.834504
INFO:root:Epoch 492
INFO:root:[492,     0] loss: 5.195974e-03 masks: 29.0 16.0 [wd: 4.00e-01] [lr: 1.94e-06] [mem: 5.65e+03] (189.4 ms)
INFO:root:[492,     0] grad_stats: [1.08e-04 1.07e-04] (7.60e-05, 2.16e-03)
INFO:root:[492,   116] loss: 5.525845e-03 masks: 21.9 17.4 [wd: 4.00e-01] [lr: 1.84e-06] [mem: 5.65e+03] (173.3 ms)
INFO:root:[492,   116] grad_stats: [1.20e-04 8.62e-05] (6.59e-05, 2.16e-03)
INFO:root:[492,   232] loss: 5.504415e-03 masks: 22.1 17.2 [wd: 4.00e-01] [lr: 1.75e-06] [mem: 5.65e+03] (174.1 ms)
INFO:root:[492,   232] grad_stats: [1.72e-04 8.55e-05] (6.48e-05, 1.96e-03)
INFO:root:avg. loss 5.50441511e-03
INFO:root:time taken for epoch 0:00:53.995855
INFO:root:Epoch 493
INFO:root:[493,     0] loss: 6.666229e-03 masks: 33.0 12.0 [wd: 4.00e-01] [lr: 1.74e-06] [mem: 5.65e+03] (195.0 ms)
INFO:root:[493,     0] grad_stats: [2.02e-04 1.29e-04] (7.65e-05, 2.06e-03)
INFO:root:[493,   116] loss: 5.515798e-03 masks: 21.9 17.3 [wd: 4.00e-01] [lr: 1.65e-06] [mem: 5.65e+03] (173.2 ms)
INFO:root:[493,   116] grad_stats: [1.35e-04 1.32e-04] (7.70e-05, 2.23e-03)
INFO:root:[493,   232] loss: 5.521147e-03 masks: 22.3 17.2 [wd: 4.00e-01] [lr: 1.57e-06] [mem: 5.65e+03] (174.5 ms)
INFO:root:[493,   232] grad_stats: [1.90e-04 1.06e-04] (6.00e-05, 1.94e-03)
INFO:root:avg. loss 5.52114712e-03
INFO:root:time taken for epoch 0:00:54.098203
INFO:root:Epoch 494
INFO:root:[494,     0] loss: 5.205687e-03 masks: 16.0 20.0 [wd: 4.00e-01] [lr: 1.57e-06] [mem: 5.65e+03] (159.0 ms)
INFO:root:[494,     0] grad_stats: [2.89e-04 1.10e-04] (6.88e-05, 2.00e-03)
INFO:root:[494,   116] loss: 5.560108e-03 masks: 22.5 16.9 [wd: 4.00e-01] [lr: 1.49e-06] [mem: 5.65e+03] (174.2 ms)
INFO:root:[494,   116] grad_stats: [1.63e-04 1.04e-04] (8.21e-05, 2.36e-03)
INFO:root:[494,   232] loss: 5.533388e-03 masks: 21.7 17.2 [wd: 4.00e-01] [lr: 1.42e-06] [mem: 5.65e+03] (173.0 ms)
INFO:root:[494,   232] grad_stats: [1.18e-04 1.20e-04] (8.80e-05, 1.77e-03)
INFO:root:avg. loss 5.53338766e-03
INFO:root:time taken for epoch 0:00:53.794665
INFO:root:Epoch 495
INFO:root:[495,     0] loss: 5.178811e-03 masks: 28.0 16.0 [wd: 4.00e-01] [lr: 1.42e-06] [mem: 5.65e+03] (187.8 ms)
INFO:root:[495,     0] grad_stats: [1.24e-04 9.51e-05] (7.33e-05, 1.74e-03)
INFO:root:[495,   116] loss: 5.471942e-03 masks: 21.4 17.5 [wd: 4.00e-01] [lr: 1.35e-06] [mem: 5.65e+03] (172.2 ms)
INFO:root:[495,   116] grad_stats: [1.65e-04 1.14e-04] (7.14e-05, 2.19e-03)
INFO:root:[495,   232] loss: 5.456867e-03 masks: 21.6 17.4 [wd: 4.00e-01] [lr: 1.29e-06] [mem: 5.65e+03] (173.2 ms)
INFO:root:[495,   232] grad_stats: [1.46e-04 8.87e-05] (6.68e-05, 1.57e-03)
INFO:root:avg. loss 5.45686714e-03
INFO:root:time taken for epoch 0:00:53.790105
INFO:root:Epoch 496
INFO:root:[496,     0] loss: 5.718029e-03 masks: 26.0 16.0 [wd: 4.00e-01] [lr: 1.29e-06] [mem: 5.65e+03] (182.6 ms)
INFO:root:[496,     0] grad_stats: [1.36e-04 1.01e-04] (6.98e-05, 2.34e-03)
INFO:root:[496,   116] loss: 5.450303e-03 masks: 22.2 17.2 [wd: 4.00e-01] [lr: 1.24e-06] [mem: 5.65e+03] (174.1 ms)
INFO:root:[496,   116] grad_stats: [1.35e-04 1.21e-04] (8.08e-05, 2.05e-03)
INFO:root:[496,   232] loss: 5.476762e-03 masks: 22.2 17.2 [wd: 4.00e-01] [lr: 1.19e-06] [mem: 5.65e+03] (174.5 ms)
INFO:root:[496,   232] grad_stats: [1.18e-04 7.31e-05] (5.99e-05, 1.93e-03)
INFO:root:avg. loss 5.47676165e-03
INFO:root:time taken for epoch 0:00:54.113633
INFO:root:Epoch 497
INFO:root:[497,     0] loss: 5.695038e-03 masks: 25.0 16.0 [wd: 4.00e-01] [lr: 1.19e-06] [mem: 5.65e+03] (179.2 ms)
INFO:root:[497,     0] grad_stats: [9.37e-05 8.61e-05] (6.31e-05, 1.42e-03)
INFO:root:[497,   116] loss: 5.585357e-03 masks: 22.2 17.1 [wd: 4.00e-01] [lr: 1.14e-06] [mem: 5.65e+03] (173.9 ms)
INFO:root:[497,   116] grad_stats: [1.20e-04 1.00e-04] (6.67e-05, 1.82e-03)
INFO:root:[497,   232] loss: 5.508637e-03 masks: 21.7 17.3 [wd: 4.00e-01] [lr: 1.10e-06] [mem: 5.65e+03] (173.4 ms)
INFO:root:[497,   232] grad_stats: [1.25e-04 1.27e-04] (8.09e-05, 2.38e-03)
INFO:root:avg. loss 5.50863679e-03
INFO:root:time taken for epoch 0:00:53.715507
INFO:root:Epoch 498
INFO:root:[498,     0] loss: 6.038141e-03 masks: 33.0 12.0 [wd: 4.00e-01] [lr: 1.10e-06] [mem: 5.65e+03] (194.0 ms)
INFO:root:[498,     0] grad_stats: [2.26e-04 1.28e-04] (9.23e-05, 3.90e-03)
INFO:root:[498,   116] loss: 5.449112e-03 masks: 22.1 17.3 [wd: 4.00e-01] [lr: 1.07e-06] [mem: 5.65e+03] (173.9 ms)
INFO:root:[498,   116] grad_stats: [1.56e-04 9.72e-05] (7.31e-05, 2.97e-03)
INFO:root:[498,   232] loss: 5.478406e-03 masks: 22.1 17.2 [wd: 4.00e-01] [lr: 1.05e-06] [mem: 5.65e+03] (174.3 ms)
INFO:root:[498,   232] grad_stats: [1.19e-04 1.52e-04] (8.58e-05, 2.01e-03)
INFO:root:avg. loss 5.47840582e-03
INFO:root:time taken for epoch 0:00:54.126918
INFO:root:Epoch 499
INFO:root:[499,     0] loss: 6.010548e-03 masks: 26.0 16.0 [wd: 4.00e-01] [lr: 1.05e-06] [mem: 5.65e+03] (182.4 ms)
INFO:root:[499,     0] grad_stats: [1.48e-04 9.69e-05] (7.35e-05, 1.76e-03)
INFO:root:[499,   116] loss: 5.493036e-03 masks: 21.5 17.4 [wd: 4.00e-01] [lr: 1.03e-06] [mem: 5.65e+03] (172.2 ms)
INFO:root:[499,   116] grad_stats: [1.13e-04 1.53e-04] (8.04e-05, 1.79e-03)
INFO:root:[499,   232] loss: 5.504940e-03 masks: 21.6 17.4 [wd: 4.00e-01] [lr: 1.01e-06] [mem: 5.65e+03] (173.1 ms)
INFO:root:[499,   232] grad_stats: [2.51e-04 1.28e-04] (9.13e-05, 4.17e-03)
INFO:root:avg. loss 5.50493989e-03
INFO:root:time taken for epoch 0:00:54.483686
INFO:root:Epoch 500
INFO:root:[500,     0] loss: 5.886083e-03 masks: 12.0 20.0 [wd: 4.00e-01] [lr: 1.01e-06] [mem: 5.65e+03] (149.7 ms)
INFO:root:[500,     0] grad_stats: [1.19e-04 1.15e-04] (8.42e-05, 1.75e-03)
INFO:root:[500,   116] loss: 5.509809e-03 masks: 22.9 17.1 [wd: 4.00e-01] [lr: 1.00e-06] [mem: 5.65e+03] (175.9 ms)
INFO:root:[500,   116] grad_stats: [2.49e-04 1.42e-04] (7.90e-05, 2.40e-03)
INFO:root:[500,   232] loss: 5.506369e-03 masks: 22.8 17.1 [wd: 4.00e-01] [lr: 1.00e-06] [mem: 5.65e+03] (175.9 ms)
INFO:root:[500,   232] grad_stats: [2.97e-04 1.16e-04] (6.70e-05, 2.63e-03)
INFO:root:avg. loss 5.50636861e-03
INFO:root:	Epoch 500, KNN accuracy train: 7.62661e-01, KNN accuracy train: 6.45333e-01
INFO:root:time taken for epoch 0:01:36.469046
INFO:root:Total pretraining time 7:32:56.705901
