VisionTransformer(
  (patch_embed): PatchEmbed(
    (proj): Conv2d(3, 768, kernel_size=(15, 15), stride=(15, 15))
  )
  (blocks): ModuleList(
    (0-11): 12 x Block(
      (norm1): LayerNorm((768,), eps=1e-06, elementwise_affine=True)
      (attn): Attention(
        (qkv): Linear(in_features=768, out_features=2304, bias=True)
        (attn_drop): Dropout(p=0.0, inplace=False)
        (proj): Linear(in_features=768, out_features=768, bias=True)
        (proj_drop): Dropout(p=0.0, inplace=False)
      )
      (drop_path): Identity()
      (norm2): LayerNorm((768,), eps=1e-06, elementwise_affine=True)
      (mlp): MLP(
        (fc1): Linear(in_features=768, out_features=3072, bias=True)
        (act): GELU(approximate='none')
        (fc2): Linear(in_features=3072, out_features=768, bias=True)
        (drop): Dropout(p=0.0, inplace=False)
      )
    )
  )
  (norm): LayerNorm((768,), eps=1e-06, elementwise_affine=True)
)
making imagenet data transforms
data-path datasets/iic/train/
Initialized ImageNet
ImageNet dataset created
ImageNet unsupervised data loader created
data-path datasets/iic/train/
Initialized ImageNet
min. labeled indices 2191
ImageNet supervised dataset created
ImageNet supervised data loader created
data-path datasets/iic/val/
Initialized ImageNet
min. labeled indices 437
ImageNet supervised dataset created
ImageNet supervised data loader created
Using AdamW
Epoch 1
[1,     0] loss: 4.720776e-01 masks: 35.0 12.0 [wd: 4.00e-02] [lr: 2.00e-04] [mem: 4.58e+03] (426.3 ms)
[1,     0] grad_stats: [2.73e-02 1.56e-02] (1.55e-02, 3.54e-02)
[1,   116] loss: 1.597085e-01 masks: 21.8 17.3 [wd: 4.00e-02] [lr: 2.10e-04] [mem: 5.40e+03] (167.1 ms)
[1,   116] grad_stats: [2.81e-02 6.75e-04] (6.18e-04, 3.29e-02)
[1,   232] loss: 1.515406e-01 masks: 21.8 17.3 [wd: 4.00e-02] [lr: 2.20e-04] [mem: 5.50e+03] (166.7 ms)
[1,   232] grad_stats: [4.48e-02 1.75e-03] (1.08e-03, 7.66e-02)
avg. loss 1.51540594e-01
time taken for epoch 0:00:51.642356
Epoch 2
[2,     0] loss: 1.391961e-01 masks: 20.0 16.0 [wd: 4.00e-02] [lr: 2.20e-04] [mem: 5.50e+03] (159.1 ms)
[2,     0] grad_stats: [5.61e-02 1.90e-03] (1.38e-03, 8.14e-02)
[2,   116] loss: 1.253069e-01 masks: 21.7 17.5 [wd: 4.00e-02] [lr: 2.30e-04] [mem: 5.58e+03] (166.1 ms)
[2,   116] grad_stats: [4.65e-02 1.30e-03] (8.30e-04, 5.85e-02)
[2,   232] loss: 1.092526e-01 masks: 22.2 17.3 [wd: 4.00e-02] [lr: 2.40e-04] [mem: 5.58e+03] (167.7 ms)
[2,   232] grad_stats: [3.29e-02 1.33e-03] (8.62e-04, 6.51e-02)
avg. loss 1.09252642e-01
time taken for epoch 0:00:52.525465
Epoch 3
[3,     0] loss: 8.345296e-02 masks: 25.0 16.0 [wd: 4.00e-02] [lr: 2.40e-04] [mem: 5.58e+03] (173.2 ms)
[3,     0] grad_stats: [6.72e-02 2.79e-03] (1.54e-03, 8.58e-02)
[3,   116] loss: 6.367412e-02 masks: 22.5 17.1 [wd: 4.00e-02] [lr: 2.50e-04] [mem: 5.58e+03] (168.5 ms)
[3,   116] grad_stats: [2.19e-02 7.04e-04] (4.34e-04, 2.96e-02)
[3,   232] loss: 5.494103e-02 masks: 22.2 17.1 [wd: 4.00e-02] [lr: 2.60e-04] [mem: 5.58e+03] (168.3 ms)
[3,   232] grad_stats: [2.09e-02 7.00e-04] (4.12e-04, 3.07e-02)
avg. loss 5.49410292e-02
time taken for epoch 0:00:52.601327
Epoch 4
[4,     0] loss: 5.399480e-02 masks: 16.0 20.0 [wd: 4.00e-02] [lr: 2.60e-04] [mem: 5.58e+03] (153.1 ms)
[4,     0] grad_stats: [1.70e-02 5.78e-04] (4.27e-04, 3.62e-02)
[4,   116] loss: 3.855341e-02 masks: 21.8 17.3 [wd: 4.00e-02] [lr: 2.70e-04] [mem: 5.58e+03] (166.9 ms)
[4,   116] grad_stats: [2.60e-02 9.84e-04] (6.03e-04, 4.34e-02)
[4,   232] loss: 3.732697e-02 masks: 21.9 17.4 [wd: 4.01e-02] [lr: 2.80e-04] [mem: 5.58e+03] (167.9 ms)
[4,   232] grad_stats: [1.54e-02 8.66e-04] (3.35e-04, 1.80e-02)
avg. loss 3.73269746e-02
time taken for epoch 0:00:52.598854
Epoch 5
[5,     0] loss: 4.196796e-02 masks: 18.0 20.0 [wd: 4.01e-02] [lr: 2.80e-04] [mem: 5.58e+03] (159.1 ms)
[5,     0] grad_stats: [1.84e-02 6.63e-04] (3.31e-04, 2.42e-02)
[5,   116] loss: 3.170632e-02 masks: 22.1 17.1 [wd: 4.01e-02] [lr: 2.90e-04] [mem: 5.58e+03] (167.9 ms)
[5,   116] grad_stats: [1.48e-02 6.97e-04] (2.49e-04, 2.69e-02)
[5,   232] loss: 3.040487e-02 masks: 22.3 17.0 [wd: 4.01e-02] [lr: 3.00e-04] [mem: 5.58e+03] (168.9 ms)
[5,   232] grad_stats: [8.43e-03 6.28e-04] (2.90e-04, 1.35e-02)
avg. loss 3.04048708e-02
time taken for epoch 0:00:52.818772
Epoch 6
[6,     0] loss: 2.415893e-02 masks: 23.0 16.0 [wd: 4.01e-02] [lr: 3.00e-04] [mem: 5.58e+03] (167.1 ms)
[6,     0] grad_stats: [1.68e-02 1.43e-03] (4.19e-04, 2.92e-02)
[6,   116] loss: 2.736699e-02 masks: 21.9 17.1 [wd: 4.01e-02] [lr: 3.10e-04] [mem: 5.58e+03] (167.5 ms)
[6,   116] grad_stats: [5.81e-03 3.54e-04] (2.16e-04, 8.92e-03)
[6,   232] loss: 2.642158e-02 masks: 21.7 17.4 [wd: 4.01e-02] [lr: 3.20e-04] [mem: 5.58e+03] (167.6 ms)
[6,   232] grad_stats: [9.03e-03 5.47e-04] (1.91e-04, 1.69e-02)
avg. loss 2.64215784e-02
time taken for epoch 0:00:52.446332
Epoch 7
[7,     0] loss: 2.245692e-02 masks: 25.0 16.0 [wd: 4.01e-02] [lr: 3.20e-04] [mem: 5.58e+03] (173.4 ms)
[7,     0] grad_stats: [5.17e-03 3.33e-04] (1.24e-04, 7.53e-03)
[7,   116] loss: 2.268561e-02 masks: 21.9 17.5 [wd: 4.02e-02] [lr: 3.30e-04] [mem: 5.58e+03] (167.8 ms)
[7,   116] grad_stats: [1.27e-02 6.57e-04] (2.61e-04, 1.83e-02)
[7,   232] loss: 2.216251e-02 masks: 21.8 17.5 [wd: 4.02e-02] [lr: 3.40e-04] [mem: 5.58e+03] (167.9 ms)
[7,   232] grad_stats: [6.36e-03 1.80e-04] (9.60e-05, 1.19e-02)
avg. loss 2.21625127e-02
time taken for epoch 0:00:52.473981
Epoch 8
[8,     0] loss: 2.409115e-02 masks: 16.0 20.0 [wd: 4.02e-02] [lr: 3.40e-04] [mem: 5.58e+03] (154.5 ms)
[8,     0] grad_stats: [1.39e-02 2.73e-04] (1.29e-04, 2.44e-02)
[8,   116] loss: 2.076375e-02 masks: 22.6 17.1 [wd: 4.02e-02] [lr: 3.50e-04] [mem: 5.58e+03] (169.3 ms)
[8,   116] grad_stats: [4.81e-03 3.03e-04] (1.40e-04, 7.13e-03)
[8,   232] loss: 2.087524e-02 masks: 22.3 17.1 [wd: 4.02e-02] [lr: 3.60e-04] [mem: 5.58e+03] (169.1 ms)
[8,   232] grad_stats: [6.82e-03 3.84e-04] (1.94e-04, 1.01e-02)
avg. loss 2.08752350e-02
time taken for epoch 0:00:52.853457
Epoch 9
[9,     0] loss: 1.407590e-02 masks: 33.0 12.0 [wd: 4.02e-02] [lr: 3.60e-04] [mem: 5.58e+03] (190.1 ms)
[9,     0] grad_stats: [5.53e-03 3.09e-04] (1.04e-04, 7.74e-03)
[9,   116] loss: 2.153622e-02 masks: 22.6 17.1 [wd: 4.03e-02] [lr: 3.70e-04] [mem: 5.58e+03] (169.6 ms)
[9,   116] grad_stats: [5.00e-03 4.37e-04] (1.50e-04, 8.22e-03)
[9,   232] loss: 2.146392e-02 masks: 22.3 17.0 [wd: 4.03e-02] [lr: 3.80e-04] [mem: 5.58e+03] (169.1 ms)
[9,   232] grad_stats: [8.39e-03 2.92e-04] (1.29e-04, 1.09e-02)
avg. loss 2.14639174e-02
time taken for epoch 0:00:52.828752
Epoch 10
[10,     0] loss: 2.877516e-02 masks: 14.0 20.0 [wd: 4.03e-02] [lr: 3.80e-04] [mem: 5.58e+03] (146.0 ms)
[10,     0] grad_stats: [8.62e-03 5.29e-04] (1.62e-04, 1.48e-02)
[10,   116] loss: 2.206777e-02 masks: 21.5 17.5 [wd: 4.03e-02] [lr: 3.90e-04] [mem: 5.58e+03] (167.1 ms)
[10,   116] grad_stats: [7.06e-03 5.48e-04] (1.98e-04, 1.57e-02)
[10,   232] loss: 2.247202e-02 masks: 21.7 17.3 [wd: 4.04e-02] [lr: 4.00e-04] [mem: 5.65e+03] (167.8 ms)
[10,   232] grad_stats: [9.38e-03 6.98e-04] (1.66e-04, 1.41e-02)
avg. loss 2.24720170e-02
time taken for epoch 0:00:52.559337
Epoch 11
[11,     0] loss: 2.285359e-02 masks: 17.0 20.0 [wd: 4.04e-02] [lr: 4.00e-04] [mem: 5.65e+03] (156.1 ms)
[11,     0] grad_stats: [6.99e-03 7.54e-04] (1.28e-04, 1.09e-02)
[11,   116] loss: 2.268270e-02 masks: 21.7 17.4 [wd: 4.04e-02] [lr: 4.10e-04] [mem: 5.65e+03] (167.5 ms)
[11,   116] grad_stats: [5.70e-03 3.27e-04] (1.13e-04, 8.56e-03)
[11,   232] loss: 2.253303e-02 masks: 21.9 17.4 [wd: 4.04e-02] [lr: 4.20e-04] [mem: 5.65e+03] (168.5 ms)
[11,   232] grad_stats: [8.19e-03 5.52e-04] (1.39e-04, 1.41e-02)
avg. loss 2.25330276e-02
time taken for epoch 0:00:52.741207
Epoch 12
[12,     0] loss: 2.505301e-02 masks: 18.0 20.0 [wd: 4.04e-02] [lr: 4.20e-04] [mem: 5.65e+03] (159.6 ms)
[12,     0] grad_stats: [7.75e-03 2.41e-04] (8.76e-05, 1.54e-02)
[12,   116] loss: 2.284144e-02 masks: 21.6 17.4 [wd: 4.05e-02] [lr: 4.30e-04] [mem: 5.65e+03] (167.3 ms)
[12,   116] grad_stats: [7.15e-03 2.92e-04] (1.21e-04, 1.15e-02)
[12,   232] loss: 2.264878e-02 masks: 21.8 17.4 [wd: 4.05e-02] [lr: 4.40e-04] [mem: 5.65e+03] (168.2 ms)
[12,   232] grad_stats: [7.38e-03 2.89e-04] (1.28e-04, 1.10e-02)
avg. loss 2.26487780e-02
time taken for epoch 0:00:52.473994
Epoch 13
[13,     0] loss: 2.663605e-02 masks: 19.0 20.0 [wd: 4.05e-02] [lr: 4.40e-04] [mem: 5.65e+03] (163.0 ms)
[13,     0] grad_stats: [7.01e-03 3.26e-04] (9.52e-05, 1.07e-02)
[13,   116] loss: 2.415766e-02 masks: 21.1 17.3 [wd: 4.06e-02] [lr: 4.50e-04] [mem: 5.65e+03] (165.7 ms)
[13,   116] grad_stats: [6.94e-03 4.17e-04] (1.12e-04, 7.41e-03)
[13,   232] loss: 2.428432e-02 masks: 21.6 17.4 [wd: 4.06e-02] [lr: 4.60e-04] [mem: 5.65e+03] (167.6 ms)
[13,   232] grad_stats: [6.33e-03 3.23e-04] (9.42e-05, 8.49e-03)
avg. loss 2.42843220e-02
time taken for epoch 0:00:52.320568
Epoch 14
[14,     0] loss: 2.807592e-02 masks: 17.0 16.0 [wd: 4.06e-02] [lr: 4.60e-04] [mem: 5.65e+03] (151.6 ms)
[14,     0] grad_stats: [6.39e-03 2.95e-04] (9.83e-05, 1.02e-02)
[14,   116] loss: 2.632713e-02 masks: 22.1 17.3 [wd: 4.06e-02] [lr: 4.70e-04] [mem: 5.65e+03] (168.7 ms)
[14,   116] grad_stats: [8.78e-03 3.85e-04] (8.91e-05, 1.16e-02)
[14,   232] loss: 2.620577e-02 masks: 22.3 17.2 [wd: 4.07e-02] [lr: 4.80e-04] [mem: 5.65e+03] (169.5 ms)
[14,   232] grad_stats: [8.17e-03 3.54e-04] (1.01e-04, 1.07e-02)
avg. loss 2.62057678e-02
time taken for epoch 0:00:53.004926
Epoch 15
[15,     0] loss: 2.897272e-02 masks: 21.0 20.0 [wd: 4.07e-02] [lr: 4.80e-04] [mem: 5.65e+03] (167.4 ms)
[15,     0] grad_stats: [1.08e-02 6.90e-04] (1.10e-04, 1.27e-02)
[15,   116] loss: 2.636556e-02 masks: 22.8 17.0 [wd: 4.07e-02] [lr: 4.90e-04] [mem: 5.65e+03] (170.2 ms)
[15,   116] grad_stats: [7.31e-03 2.89e-04] (6.87e-05, 9.38e-03)
[15,   232] loss: 2.713040e-02 masks: 22.0 17.3 [wd: 4.08e-02] [lr: 5.00e-04] [mem: 5.65e+03] (168.9 ms)
[15,   232] grad_stats: [1.16e-02 3.31e-04] (9.43e-05, 1.81e-02)
avg. loss 2.71304049e-02
time taken for epoch 0:00:52.726981
Epoch 16
[16,     0] loss: 2.028884e-02 masks: 33.0 12.0 [wd: 4.08e-02] [lr: 5.00e-04] [mem: 5.65e+03] (189.7 ms)
[16,     0] grad_stats: [6.23e-03 3.19e-04] (7.53e-05, 6.77e-03)
[16,   116] loss: 2.731431e-02 masks: 22.0 17.1 [wd: 4.09e-02] [lr: 5.10e-04] [mem: 5.65e+03] (168.2 ms)
[16,   116] grad_stats: [7.28e-03 3.22e-04] (9.60e-05, 1.31e-02)
[16,   232] loss: 2.728216e-02 masks: 21.9 17.3 [wd: 4.09e-02] [lr: 5.20e-04] [mem: 5.65e+03] (168.6 ms)
[16,   232] grad_stats: [6.59e-03 3.09e-04] (6.75e-05, 1.16e-02)
avg. loss 2.72821616e-02
time taken for epoch 0:00:52.601827
Epoch 17
[17,     0] loss: 2.640267e-02 masks: 20.0 16.0 [wd: 4.09e-02] [lr: 5.20e-04] [mem: 5.65e+03] (160.7 ms)
[17,     0] grad_stats: [7.05e-03 7.42e-04] (7.68e-05, 1.34e-02)
[17,   116] loss: 2.727262e-02 masks: 21.9 17.4 [wd: 4.10e-02] [lr: 5.30e-04] [mem: 5.65e+03] (168.3 ms)
[17,   116] grad_stats: [9.70e-03 3.78e-04] (7.25e-05, 1.39e-02)
[17,   232] loss: 2.773847e-02 masks: 21.8 17.3 [wd: 4.10e-02] [lr: 5.40e-04] [mem: 5.65e+03] (168.3 ms)
[17,   232] grad_stats: [7.56e-03 3.88e-04] (8.22e-05, 1.21e-02)
avg. loss 2.77384684e-02
time taken for epoch 0:00:52.648602
Epoch 18
[18,     0] loss: 2.484142e-02 masks: 25.0 16.0 [wd: 4.10e-02] [lr: 5.40e-04] [mem: 5.65e+03] (173.6 ms)
[18,     0] grad_stats: [5.70e-03 3.23e-04] (5.49e-05, 7.36e-03)
[18,   116] loss: 2.717081e-02 masks: 22.2 17.0 [wd: 4.11e-02] [lr: 5.50e-04] [mem: 5.65e+03] (168.8 ms)
[18,   116] grad_stats: [5.49e-03 3.31e-04] (5.31e-05, 9.79e-03)
[18,   232] loss: 2.644787e-02 masks: 22.5 17.0 [wd: 4.11e-02] [lr: 5.60e-04] [mem: 5.65e+03] (170.0 ms)
[18,   232] grad_stats: [6.01e-03 5.61e-04] (8.65e-05, 8.41e-03)
avg. loss 2.64478733e-02
time taken for epoch 0:00:53.051731
Epoch 19
[19,     0] loss: 2.605099e-02 masks: 17.0 20.0 [wd: 4.12e-02] [lr: 5.60e-04] [mem: 5.65e+03] (156.8 ms)
[19,     0] grad_stats: [4.24e-03 3.25e-04] (6.64e-05, 6.35e-03)
[19,   116] loss: 2.708342e-02 masks: 21.3 17.6 [wd: 4.12e-02] [lr: 5.70e-04] [mem: 5.65e+03] (166.8 ms)
[19,   116] grad_stats: [9.42e-03 6.57e-04] (1.17e-04, 1.22e-02)
[19,   232] loss: 2.686738e-02 masks: 21.7 17.4 [wd: 4.13e-02] [lr: 5.80e-04] [mem: 5.65e+03] (168.2 ms)
[19,   232] grad_stats: [6.19e-03 6.35e-04] (6.53e-05, 8.06e-03)
avg. loss 2.68673768e-02
time taken for epoch 0:00:52.613432
Epoch 20
[20,     0] loss: 2.025523e-02 masks: 37.0 12.0 [wd: 4.13e-02] [lr: 5.80e-04] [mem: 5.65e+03] (203.0 ms)
[20,     0] grad_stats: [4.48e-03 2.66e-04] (5.42e-05, 6.89e-03)
[20,   116] loss: 2.738796e-02 masks: 22.2 17.1 [wd: 4.13e-02] [lr: 5.90e-04] [mem: 5.65e+03] (168.8 ms)
[20,   116] grad_stats: [4.18e-03 3.86e-04] (6.42e-05, 6.70e-03)
[20,   232] loss: 2.735621e-02 masks: 21.9 17.2 [wd: 4.14e-02] [lr: 6.00e-04] [mem: 5.65e+03] (168.5 ms)
[20,   232] grad_stats: [6.95e-03 3.22e-04] (6.17e-05, 8.95e-03)
avg. loss 2.73562121e-02
time taken for epoch 0:00:52.695236
Epoch 21
[21,     0] loss: 2.555264e-02 masks: 24.0 16.0 [wd: 4.14e-02] [lr: 6.00e-04] [mem: 5.65e+03] (169.1 ms)
[21,     0] grad_stats: [1.03e-02 6.73e-04] (8.84e-05, 1.30e-02)
[21,   116] loss: 2.691198e-02 masks: 22.2 17.1 [wd: 4.15e-02] [lr: 6.10e-04] [mem: 5.65e+03] (168.7 ms)
[21,   116] grad_stats: [4.62e-03 3.07e-04] (6.57e-05, 7.10e-03)
[21,   232] loss: 2.760893e-02 masks: 21.8 17.2 [wd: 4.16e-02] [lr: 6.20e-04] [mem: 5.65e+03] (168.3 ms)
[21,   232] grad_stats: [9.54e-03 3.23e-04] (5.10e-05, 1.28e-02)
avg. loss 2.76089342e-02
time taken for epoch 0:00:52.634472
Epoch 22
[22,     0] loss: 3.040606e-02 masks: 16.0 20.0 [wd: 4.16e-02] [lr: 6.20e-04] [mem: 5.65e+03] (154.2 ms)
[22,     0] grad_stats: [6.08e-03 1.12e-03] (6.31e-05, 9.04e-03)
[22,   116] loss: 2.771798e-02 masks: 22.2 17.2 [wd: 4.16e-02] [lr: 6.30e-04] [mem: 5.65e+03] (169.1 ms)
[22,   116] grad_stats: [7.39e-03 4.64e-04] (7.44e-05, 9.77e-03)
[22,   232] loss: 2.806555e-02 masks: 22.1 17.3 [wd: 4.17e-02] [lr: 6.40e-04] [mem: 5.65e+03] (169.4 ms)
[22,   232] grad_stats: [7.44e-03 2.39e-04] (4.43e-05, 1.18e-02)
avg. loss 2.80655463e-02
time taken for epoch 0:00:52.939176
Epoch 23
[23,     0] loss: 2.553293e-02 masks: 23.0 16.0 [wd: 4.17e-02] [lr: 6.40e-04] [mem: 5.65e+03] (167.4 ms)
[23,     0] grad_stats: [4.88e-03 3.96e-04] (6.09e-05, 6.82e-03)
[23,   116] loss: 2.895284e-02 masks: 22.0 17.1 [wd: 4.18e-02] [lr: 6.50e-04] [mem: 5.65e+03] (168.4 ms)
[23,   116] grad_stats: [5.80e-03 4.93e-04] (7.83e-05, 1.07e-02)
[23,   232] loss: 2.884211e-02 masks: 21.6 17.3 [wd: 4.19e-02] [lr: 6.60e-04] [mem: 5.65e+03] (167.8 ms)
[23,   232] grad_stats: [5.01e-03 5.00e-04] (4.83e-05, 5.89e-03)
avg. loss 2.88421053e-02
time taken for epoch 0:00:52.539982
Epoch 24
[24,     0] loss: 3.073300e-02 masks: 22.0 16.0 [wd: 4.19e-02] [lr: 6.60e-04] [mem: 5.65e+03] (166.0 ms)
[24,     0] grad_stats: [4.62e-03 5.95e-04] (8.99e-05, 7.03e-03)
[24,   116] loss: 2.782186e-02 masks: 22.4 17.0 [wd: 4.20e-02] [lr: 6.70e-04] [mem: 5.65e+03] (169.5 ms)
[24,   116] grad_stats: [6.12e-03 6.54e-04] (6.16e-05, 7.58e-03)
[24,   232] loss: 2.815731e-02 masks: 22.2 17.2 [wd: 4.20e-02] [lr: 6.80e-04] [mem: 5.65e+03] (169.6 ms)
[24,   232] grad_stats: [4.91e-03 2.83e-04] (3.22e-05, 5.09e-03)
avg. loss 2.81573117e-02
time taken for epoch 0:00:52.924820
Epoch 25
[25,     0] loss: 2.997202e-02 masks: 17.0 16.0 [wd: 4.20e-02] [lr: 6.80e-04] [mem: 5.65e+03] (152.4 ms)
[25,     0] grad_stats: [6.53e-03 3.84e-04] (5.75e-05, 8.94e-03)
[25,   116] loss: 2.843906e-02 masks: 22.0 17.3 [wd: 4.21e-02] [lr: 6.90e-04] [mem: 5.65e+03] (168.6 ms)
[25,   116] grad_stats: [5.78e-03 5.04e-04] (5.92e-05, 9.42e-03)
[25,   232] loss: 2.859968e-02 masks: 21.8 17.5 [wd: 4.22e-02] [lr: 7.00e-04] [mem: 5.65e+03] (168.9 ms)
[25,   232] grad_stats: [4.94e-03 5.74e-04] (6.50e-05, 8.45e-03)
avg. loss 2.85996820e-02
time taken for epoch 0:00:52.729567
Epoch 26
[26,     0] loss: 3.129414e-02 masks: 14.0 20.0 [wd: 4.22e-02] [lr: 7.00e-04] [mem: 5.65e+03] (149.9 ms)
[26,     0] grad_stats: [4.55e-03 6.06e-04] (4.95e-05, 6.24e-03)
[26,   116] loss: 2.786168e-02 masks: 22.2 17.4 [wd: 4.23e-02] [lr: 7.10e-04] [mem: 5.65e+03] (169.4 ms)
[26,   116] grad_stats: [5.22e-03 4.94e-04] (6.51e-05, 6.35e-03)
[26,   232] loss: 2.795144e-02 masks: 21.6 17.5 [wd: 4.24e-02] [lr: 7.20e-04] [mem: 5.65e+03] (168.4 ms)
[26,   232] grad_stats: [3.44e-03 4.28e-04] (4.87e-05, 5.10e-03)
avg. loss 2.79514439e-02
time taken for epoch 0:00:52.655732
Epoch 27
[27,     0] loss: 2.732668e-02 masks: 22.0 20.0 [wd: 4.24e-02] [lr: 7.20e-04] [mem: 5.65e+03] (172.2 ms)
[27,     0] grad_stats: [3.38e-03 3.61e-04] (3.47e-05, 3.95e-03)
[27,   116] loss: 2.763243e-02 masks: 21.2 17.6 [wd: 4.25e-02] [lr: 7.30e-04] [mem: 5.65e+03] (167.0 ms)
[27,   116] grad_stats: [4.39e-03 3.42e-04] (4.09e-05, 5.65e-03)
[27,   232] loss: 2.652186e-02 masks: 21.9 17.3 [wd: 4.26e-02] [lr: 7.40e-04] [mem: 5.65e+03] (169.1 ms)
[27,   232] grad_stats: [4.63e-03 7.36e-04] (5.20e-05, 9.44e-03)
avg. loss 2.65218571e-02
time taken for epoch 0:00:52.766227
Epoch 28
[28,     0] loss: 2.477196e-02 masks: 21.0 16.0 [wd: 4.26e-02] [lr: 7.40e-04] [mem: 5.65e+03] (163.9 ms)
[28,     0] grad_stats: [4.88e-03 3.52e-04] (3.64e-05, 5.24e-03)
[28,   116] loss: 2.536385e-02 masks: 22.1 17.3 [wd: 4.27e-02] [lr: 7.50e-04] [mem: 5.65e+03] (169.1 ms)
[28,   116] grad_stats: [4.34e-03 6.93e-04] (4.85e-05, 5.83e-03)
[28,   232] loss: 2.586938e-02 masks: 21.6 17.5 [wd: 4.28e-02] [lr: 7.60e-04] [mem: 5.65e+03] (168.4 ms)
[28,   232] grad_stats: [5.67e-03 3.35e-04] (4.15e-05, 1.01e-02)
avg. loss 2.58693849e-02
time taken for epoch 0:00:52.467096
Epoch 29
[29,     0] loss: 3.164043e-02 masks: 17.0 20.0 [wd: 4.28e-02] [lr: 7.60e-04] [mem: 5.65e+03] (155.8 ms)
[29,     0] grad_stats: [8.16e-03 6.29e-04] (7.02e-05, 1.33e-02)
[29,   116] loss: 2.582164e-02 masks: 22.4 17.0 [wd: 4.29e-02] [lr: 7.70e-04] [mem: 5.65e+03] (169.5 ms)
[29,   116] grad_stats: [3.46e-03 4.65e-04] (5.11e-05, 5.69e-03)
[29,   232] loss: 2.564330e-02 masks: 22.4 16.9 [wd: 4.30e-02] [lr: 7.80e-04] [mem: 5.65e+03] (170.0 ms)
[29,   232] grad_stats: [4.11e-03 6.09e-04] (3.43e-05, 4.67e-03)
avg. loss 2.56433003e-02
time taken for epoch 0:00:53.068016
Epoch 30
[30,     0] loss: 2.252664e-02 masks: 25.0 16.0 [wd: 4.30e-02] [lr: 7.80e-04] [mem: 5.65e+03] (173.0 ms)
[30,     0] grad_stats: [6.39e-03 4.81e-04] (4.70e-05, 7.21e-03)
[30,   116] loss: 2.487278e-02 masks: 21.8 17.2 [wd: 4.31e-02] [lr: 7.90e-04] [mem: 5.65e+03] (168.0 ms)
[30,   116] grad_stats: [2.81e-03 3.13e-04] (2.51e-05, 4.30e-03)
[30,   232] loss: 2.487330e-02 masks: 21.6 17.2 [wd: 4.32e-02] [lr: 8.00e-04] [mem: 5.65e+03] (168.1 ms)
[30,   232] grad_stats: [3.51e-03 5.07e-04] (4.27e-05, 6.79e-03)
avg. loss 2.48733040e-02
time taken for epoch 0:00:52.648613
Epoch 31
[31,     0] loss: 1.767278e-02 masks: 35.0 12.0 [wd: 4.32e-02] [lr: 8.00e-04] [mem: 5.65e+03] (195.7 ms)
[31,     0] grad_stats: [4.40e-03 3.74e-04] (4.78e-05, 7.61e-03)
[31,   116] loss: 2.539735e-02 masks: 21.5 17.4 [wd: 4.33e-02] [lr: 8.10e-04] [mem: 5.65e+03] (167.7 ms)
[31,   116] grad_stats: [4.28e-03 3.51e-04] (5.38e-05, 8.46e-03)
[31,   232] loss: 2.501744e-02 masks: 22.1 17.1 [wd: 4.34e-02] [lr: 8.20e-04] [mem: 5.65e+03] (169.4 ms)
[31,   232] grad_stats: [3.70e-03 3.40e-04] (3.28e-05, 5.02e-03)
avg. loss 2.50174422e-02
time taken for epoch 0:00:52.847919
Epoch 32
[32,     0] loss: 2.663707e-02 masks: 19.0 20.0 [wd: 4.34e-02] [lr: 8.20e-04] [mem: 5.65e+03] (163.8 ms)
[32,     0] grad_stats: [4.42e-03 1.31e-03] (4.33e-05, 5.67e-03)
[32,   116] loss: 2.496631e-02 masks: 21.8 17.3 [wd: 4.35e-02] [lr: 8.30e-04] [mem: 5.65e+03] (168.4 ms)
[32,   116] grad_stats: [4.28e-03 6.71e-04] (3.45e-05, 5.44e-03)
[32,   232] loss: 2.479971e-02 masks: 22.0 17.1 [wd: 4.36e-02] [lr: 8.40e-04] [mem: 5.65e+03] (169.1 ms)
[32,   232] grad_stats: [6.34e-03 4.99e-04] (3.72e-05, 1.09e-02)
avg. loss 2.47997067e-02
time taken for epoch 0:00:52.833592
Epoch 33
[33,     0] loss: 2.582643e-02 masks: 17.0 16.0 [wd: 4.36e-02] [lr: 8.40e-04] [mem: 5.65e+03] (152.4 ms)
[33,     0] grad_stats: [4.11e-03 3.54e-04] (2.96e-05, 6.75e-03)
[33,   116] loss: 2.410302e-02 masks: 22.1 17.2 [wd: 4.37e-02] [lr: 8.50e-04] [mem: 5.65e+03] (169.0 ms)
[33,   116] grad_stats: [2.79e-03 4.44e-04] (2.85e-05, 3.79e-03)
[33,   232] loss: 2.424036e-02 masks: 22.0 17.3 [wd: 4.39e-02] [lr: 8.60e-04] [mem: 5.65e+03] (169.4 ms)
[33,   232] grad_stats: [4.17e-03 4.96e-04] (2.60e-05, 4.97e-03)
avg. loss 2.42403626e-02
time taken for epoch 0:00:52.715285
Epoch 34
[34,     0] loss: 2.267775e-02 masks: 21.0 20.0 [wd: 4.39e-02] [lr: 8.60e-04] [mem: 5.65e+03] (167.4 ms)
[34,     0] grad_stats: [2.78e-03 3.85e-04] (2.91e-05, 3.94e-03)
[34,   116] loss: 2.398529e-02 masks: 22.1 17.4 [wd: 4.40e-02] [lr: 8.70e-04] [mem: 5.65e+03] (169.1 ms)
[34,   116] grad_stats: [5.45e-03 3.83e-04] (3.44e-05, 5.52e-03)
[34,   232] loss: 2.422581e-02 masks: 22.0 17.4 [wd: 4.41e-02] [lr: 8.80e-04] [mem: 5.65e+03] (169.3 ms)
[34,   232] grad_stats: [3.34e-03 4.92e-04] (4.44e-05, 5.38e-03)
avg. loss 2.42258105e-02
time taken for epoch 0:00:52.685679
Epoch 35
[35,     0] loss: 2.776724e-02 masks: 20.0 20.0 [wd: 4.41e-02] [lr: 8.80e-04] [mem: 5.65e+03] (165.8 ms)
[35,     0] grad_stats: [4.47e-03 5.32e-04] (4.24e-05, 6.52e-03)
[35,   116] loss: 2.467302e-02 masks: 21.7 17.3 [wd: 4.42e-02] [lr: 8.90e-04] [mem: 5.65e+03] (168.2 ms)
[35,   116] grad_stats: [2.43e-03 2.63e-04] (2.77e-05, 3.11e-03)
[35,   232] loss: 2.431362e-02 masks: 21.8 17.3 [wd: 4.43e-02] [lr: 9.00e-04] [mem: 5.65e+03] (168.9 ms)
[35,   232] grad_stats: [3.09e-03 3.38e-04] (2.91e-05, 4.06e-03)
avg. loss 2.43136181e-02
time taken for epoch 0:00:52.769253
Epoch 36
[36,     0] loss: 2.776368e-02 masks: 13.0 20.0 [wd: 4.43e-02] [lr: 9.00e-04] [mem: 5.65e+03] (146.1 ms)
[36,     0] grad_stats: [2.59e-03 5.85e-04] (3.54e-05, 4.96e-03)
[36,   116] loss: 2.407253e-02 masks: 22.6 17.0 [wd: 4.45e-02] [lr: 9.10e-04] [mem: 5.65e+03] (170.3 ms)
[36,   116] grad_stats: [2.18e-03 2.68e-04] (2.70e-05, 4.16e-03)
[36,   232] loss: 2.451421e-02 masks: 22.2 17.1 [wd: 4.46e-02] [lr: 9.20e-04] [mem: 5.65e+03] (169.6 ms)
[36,   232] grad_stats: [2.46e-03 4.16e-04] (2.71e-05, 3.95e-03)
avg. loss 2.45142138e-02
time taken for epoch 0:00:52.900714
Epoch 37
[37,     0] loss: 2.616845e-02 masks: 23.0 20.0 [wd: 4.46e-02] [lr: 9.20e-04] [mem: 5.65e+03] (172.1 ms)
[37,     0] grad_stats: [4.09e-03 7.61e-04] (4.93e-05, 6.02e-03)
[37,   116] loss: 2.365020e-02 masks: 22.3 17.3 [wd: 4.47e-02] [lr: 9.30e-04] [mem: 5.65e+03] (169.8 ms)
[37,   116] grad_stats: [1.95e-03 2.86e-04] (3.32e-05, 4.30e-03)
[37,   232] loss: 2.394725e-02 masks: 22.2 17.2 [wd: 4.48e-02] [lr: 9.40e-04] [mem: 5.65e+03] (169.7 ms)
[37,   232] grad_stats: [4.52e-03 5.93e-04] (5.94e-05, 6.76e-03)
avg. loss 2.39472461e-02
time taken for epoch 0:00:52.965724
Epoch 38
[38,     0] loss: 2.264263e-02 masks: 26.0 16.0 [wd: 4.48e-02] [lr: 9.40e-04] [mem: 5.65e+03] (178.3 ms)
[38,     0] grad_stats: [3.46e-03 6.13e-04] (4.37e-05, 5.71e-03)
[38,   116] loss: 2.468946e-02 masks: 21.6 17.5 [wd: 4.50e-02] [lr: 9.50e-04] [mem: 5.65e+03] (168.2 ms)
[38,   116] grad_stats: [2.33e-03 4.93e-04] (3.14e-05, 4.80e-03)
[38,   232] loss: 2.488206e-02 masks: 21.6 17.6 [wd: 4.51e-02] [lr: 9.60e-04] [mem: 5.65e+03] (168.6 ms)
[38,   232] grad_stats: [2.67e-03 2.92e-04] (2.16e-05, 3.58e-03)
avg. loss 2.48820603e-02
time taken for epoch 0:00:52.724880
Epoch 39
[39,     0] loss: 2.443953e-02 masks: 22.0 16.0 [wd: 4.51e-02] [lr: 9.60e-04] [mem: 5.65e+03] (166.1 ms)
[39,     0] grad_stats: [1.75e-03 2.22e-04] (1.98e-05, 2.72e-03)
[39,   116] loss: 2.562708e-02 masks: 21.5 17.6 [wd: 4.52e-02] [lr: 9.70e-04] [mem: 5.65e+03] (168.1 ms)
[39,   116] grad_stats: [2.15e-03 4.23e-04] (3.60e-05, 4.35e-03)
[39,   232] loss: 2.527740e-02 masks: 21.6 17.5 [wd: 4.54e-02] [lr: 9.80e-04] [mem: 5.65e+03] (168.6 ms)
[39,   232] grad_stats: [2.73e-03 3.04e-04] (2.72e-05, 3.72e-03)
avg. loss 2.52774042e-02
time taken for epoch 0:00:52.701758
Epoch 40
[40,     0] loss: 2.477104e-02 masks: 26.0 16.0 [wd: 4.54e-02] [lr: 9.80e-04] [mem: 5.65e+03] (178.4 ms)
[40,     0] grad_stats: [3.08e-03 3.52e-04] (2.64e-05, 3.85e-03)
[40,   116] loss: 2.384510e-02 masks: 22.6 16.9 [wd: 4.55e-02] [lr: 9.90e-04] [mem: 5.65e+03] (170.2 ms)
[40,   116] grad_stats: [2.95e-03 2.15e-04] (2.06e-05, 3.46e-03)
[40,   232] loss: 2.431522e-02 masks: 21.8 17.3 [wd: 4.57e-02] [lr: 1.00e-03] [mem: 5.65e+03] (168.9 ms)
[40,   232] grad_stats: [2.75e-03 3.24e-04] (2.00e-05, 2.84e-03)
avg. loss 2.43152225e-02
time taken for epoch 0:00:52.808507
Epoch 41
[41,     0] loss: 2.290488e-02 masks: 24.0 16.0 [wd: 4.57e-02] [lr: 1.00e-03] [mem: 5.65e+03] (170.1 ms)
[41,     0] grad_stats: [2.37e-03 2.87e-04] (2.11e-05, 3.12e-03)
[41,   116] loss: 2.342175e-02 masks: 22.6 17.0 [wd: 4.58e-02] [lr: 1.00e-03] [mem: 5.65e+03] (170.1 ms)
[41,   116] grad_stats: [2.01e-03 2.71e-04] (2.60e-05, 4.24e-03)
[41,   232] loss: 2.377208e-02 masks: 22.2 17.1 [wd: 4.59e-02] [lr: 1.00e-03] [mem: 5.65e+03] (169.8 ms)
[41,   232] grad_stats: [1.71e-03 3.44e-04] (2.29e-05, 3.24e-03)
avg. loss 2.37720817e-02
time taken for epoch 0:00:52.983468
Epoch 42
[42,     0] loss: 1.727205e-02 masks: 35.0 12.0 [wd: 4.59e-02] [lr: 1.00e-03] [mem: 5.65e+03] (195.9 ms)
[42,     0] grad_stats: [1.59e-03 2.29e-04] (2.09e-05, 3.13e-03)
[42,   116] loss: 2.439420e-02 masks: 21.8 17.2 [wd: 4.61e-02] [lr: 1.00e-03] [mem: 5.65e+03] (168.2 ms)
[42,   116] grad_stats: [1.90e-03 3.82e-04] (2.83e-05, 3.51e-03)
[42,   232] loss: 2.496975e-02 masks: 21.2 17.4 [wd: 4.62e-02] [lr: 1.00e-03] [mem: 5.65e+03] (167.2 ms)
[42,   232] grad_stats: [2.68e-03 6.10e-04] (3.56e-05, 4.37e-03)
avg. loss 2.49697479e-02
time taken for epoch 0:00:52.382378
Epoch 43
[43,     0] loss: 2.943435e-02 masks: 16.0 20.0 [wd: 4.62e-02] [lr: 1.00e-03] [mem: 5.65e+03] (151.8 ms)
[43,     0] grad_stats: [2.78e-03 4.34e-04] (2.64e-05, 3.52e-03)
[43,   116] loss: 2.492692e-02 masks: 22.2 17.2 [wd: 4.64e-02] [lr: 1.00e-03] [mem: 5.65e+03] (169.5 ms)
[43,   116] grad_stats: [2.26e-03 3.11e-04] (2.17e-05, 3.69e-03)
[43,   232] loss: 2.528296e-02 masks: 21.8 17.3 [wd: 4.65e-02] [lr: 1.00e-03] [mem: 5.65e+03] (169.0 ms)
[43,   232] grad_stats: [3.86e-03 1.90e-04] (2.59e-05, 4.67e-03)
avg. loss 2.52829628e-02
time taken for epoch 0:00:52.843893
Epoch 44
[44,     0] loss: 2.642231e-02 masks: 18.0 20.0 [wd: 4.65e-02] [lr: 1.00e-03] [mem: 5.65e+03] (160.1 ms)
[44,     0] grad_stats: [2.01e-03 2.62e-04] (2.22e-05, 3.67e-03)
[44,   116] loss: 2.565047e-02 masks: 21.4 17.5 [wd: 4.67e-02] [lr: 1.00e-03] [mem: 5.65e+03] (167.6 ms)
[44,   116] grad_stats: [1.55e-03 2.66e-04] (2.39e-05, 2.48e-03)
[44,   232] loss: 2.544027e-02 masks: 21.9 17.3 [wd: 4.68e-02] [lr: 1.00e-03] [mem: 5.65e+03] (169.1 ms)
[44,   232] grad_stats: [1.99e-03 2.46e-04] (2.40e-05, 3.12e-03)
avg. loss 2.54402737e-02
time taken for epoch 0:00:52.750228
Epoch 45
[45,     0] loss: 2.760445e-02 masks: 17.0 16.0 [wd: 4.68e-02] [lr: 1.00e-03] [mem: 5.65e+03] (152.1 ms)
[45,     0] grad_stats: [1.99e-03 2.33e-04] (2.98e-05, 4.26e-03)
[45,   116] loss: 2.581696e-02 masks: 21.2 17.4 [wd: 4.70e-02] [lr: 1.00e-03] [mem: 5.65e+03] (167.2 ms)
[45,   116] grad_stats: [3.01e-03 2.17e-04] (2.02e-05, 3.24e-03)
[45,   232] loss: 2.562209e-02 masks: 22.0 17.2 [wd: 4.71e-02] [lr: 1.00e-03] [mem: 5.65e+03] (169.6 ms)
[45,   232] grad_stats: [2.14e-03 3.81e-04] (1.96e-05, 2.96e-03)
avg. loss 2.56220928e-02
time taken for epoch 0:00:52.917994
Epoch 46
[46,     0] loss: 1.902378e-02 masks: 35.0 12.0 [wd: 4.71e-02] [lr: 1.00e-03] [mem: 5.65e+03] (196.7 ms)
[46,     0] grad_stats: [1.83e-03 3.64e-04] (3.37e-05, 3.76e-03)
[46,   116] loss: 2.523181e-02 masks: 23.2 16.7 [wd: 4.73e-02] [lr: 1.00e-03] [mem: 5.65e+03] (171.7 ms)
[46,   116] grad_stats: [3.53e-03 4.08e-04] (3.26e-05, 4.83e-03)
[46,   232] loss: 2.585867e-02 masks: 22.2 17.2 [wd: 4.75e-02] [lr: 1.00e-03] [mem: 5.65e+03] (169.9 ms)
[46,   232] grad_stats: [2.65e-03 2.77e-04] (2.14e-05, 5.32e-03)
avg. loss 2.58586659e-02
time taken for epoch 0:00:53.151752
Epoch 47
[47,     0] loss: 2.333065e-02 masks: 26.0 16.0 [wd: 4.75e-02] [lr: 1.00e-03] [mem: 5.65e+03] (178.4 ms)
[47,     0] grad_stats: [1.78e-03 2.29e-04] (2.36e-05, 2.89e-03)
[47,   116] loss: 2.552904e-02 masks: 22.2 17.2 [wd: 4.76e-02] [lr: 1.00e-03] [mem: 5.65e+03] (169.4 ms)
[47,   116] grad_stats: [1.73e-03 3.08e-04] (2.22e-05, 3.01e-03)
[47,   232] loss: 2.587691e-02 masks: 22.0 17.3 [wd: 4.78e-02] [lr: 9.99e-04] [mem: 5.65e+03] (169.6 ms)
[47,   232] grad_stats: [2.53e-03 2.59e-04] (2.09e-05, 2.69e-03)
avg. loss 2.58769139e-02
time taken for epoch 0:00:52.917464
Epoch 48
[48,     0] loss: 2.671499e-02 masks: 19.0 20.0 [wd: 4.78e-02] [lr: 9.99e-04] [mem: 5.65e+03] (163.4 ms)
[48,     0] grad_stats: [2.26e-03 3.13e-04] (2.39e-05, 4.36e-03)
[48,   116] loss: 2.662390e-02 masks: 21.3 17.6 [wd: 4.80e-02] [lr: 9.99e-04] [mem: 5.65e+03] (167.6 ms)
[48,   116] grad_stats: [2.14e-03 4.66e-04] (1.89e-05, 2.99e-03)
[48,   232] loss: 2.669111e-02 masks: 21.7 17.5 [wd: 4.81e-02] [lr: 9.99e-04] [mem: 5.65e+03] (169.1 ms)
[48,   232] grad_stats: [3.66e-03 3.13e-04] (3.05e-05, 3.86e-03)
avg. loss 2.66911118e-02
time taken for epoch 0:00:52.813364
Epoch 49
[49,     0] loss: 2.566129e-02 masks: 23.0 16.0 [wd: 4.81e-02] [lr: 9.99e-04] [mem: 5.65e+03] (168.5 ms)
[49,     0] grad_stats: [2.97e-03 2.31e-04] (1.93e-05, 2.97e-03)
[49,   116] loss: 2.678129e-02 masks: 21.7 17.3 [wd: 4.83e-02] [lr: 9.99e-04] [mem: 5.65e+03] (168.0 ms)
[49,   116] grad_stats: [2.85e-03 3.58e-04] (2.94e-05, 3.74e-03)
[49,   232] loss: 2.689884e-02 masks: 21.9 17.3 [wd: 4.85e-02] [lr: 9.99e-04] [mem: 5.65e+03] (169.2 ms)
[49,   232] grad_stats: [2.61e-03 5.63e-04] (2.84e-05, 3.81e-03)
avg. loss 2.68988417e-02
time taken for epoch 0:00:52.866403
Epoch 50
[50,     0] loss: 3.042736e-02 masks: 17.0 16.0 [wd: 4.85e-02] [lr: 9.99e-04] [mem: 5.65e+03] (152.7 ms)
[50,     0] grad_stats: [2.34e-03 4.89e-04] (3.51e-05, 3.83e-03)
[50,   116] loss: 2.688114e-02 masks: 22.6 16.9 [wd: 4.86e-02] [lr: 9.99e-04] [mem: 5.65e+03] (170.3 ms)
[50,   116] grad_stats: [3.75e-03 1.99e-04] (2.04e-05, 3.75e-03)
[50,   232] loss: 2.738610e-02 masks: 22.2 17.2 [wd: 4.88e-02] [lr: 9.99e-04] [mem: 5.65e+03] (169.8 ms)
[50,   232] grad_stats: [2.08e-03 2.65e-04] (2.50e-05, 3.88e-03)
avg. loss 2.73861035e-02
time taken for epoch 0:00:52.942586
Epoch 51
[51,     0] loss: 2.900117e-02 masks: 23.0 16.0 [wd: 4.88e-02] [lr: 9.99e-04] [mem: 5.65e+03] (166.2 ms)
[51,     0] grad_stats: [2.67e-03 3.19e-04] (2.76e-05, 2.82e-03)
[51,   116] loss: 2.800429e-02 masks: 22.0 17.2 [wd: 4.90e-02] [lr: 9.99e-04] [mem: 5.65e+03] (169.0 ms)
[51,   116] grad_stats: [3.38e-03 8.40e-04] (3.02e-05, 3.74e-03)
[51,   232] loss: 2.844454e-02 masks: 21.9 17.3 [wd: 4.92e-02] [lr: 9.99e-04] [mem: 5.65e+03] (169.2 ms)
[51,   232] grad_stats: [2.07e-03 2.68e-04] (1.79e-05, 2.45e-03)
avg. loss 2.84445442e-02
time taken for epoch 0:00:52.857983
Epoch 52
[52,     0] loss: 2.647621e-02 masks: 23.0 16.0 [wd: 4.92e-02] [lr: 9.99e-04] [mem: 5.65e+03] (168.2 ms)
[52,     0] grad_stats: [2.08e-03 2.57e-04] (2.40e-05, 3.27e-03)
[52,   116] loss: 2.871748e-02 masks: 22.4 17.1 [wd: 4.93e-02] [lr: 9.98e-04] [mem: 5.65e+03] (170.0 ms)
[52,   116] grad_stats: [2.51e-03 3.58e-04] (2.42e-05, 3.03e-03)
[52,   232] loss: 2.938017e-02 masks: 22.0 17.3 [wd: 4.95e-02] [lr: 9.98e-04] [mem: 5.65e+03] (169.8 ms)
[52,   232] grad_stats: [2.80e-03 3.66e-04] (2.68e-05, 4.81e-03)
avg. loss 2.93801714e-02
time taken for epoch 0:00:53.038160
Epoch 53
[53,     0] loss: 2.306934e-02 masks: 33.0 12.0 [wd: 4.95e-02] [lr: 9.98e-04] [mem: 5.65e+03] (192.1 ms)
[53,     0] grad_stats: [2.04e-03 2.31e-04] (2.36e-05, 2.61e-03)
[53,   116] loss: 3.018263e-02 masks: 21.6 17.5 [wd: 4.97e-02] [lr: 9.98e-04] [mem: 5.65e+03] (168.4 ms)
[53,   116] grad_stats: [2.10e-03 5.36e-04] (2.89e-05, 4.05e-03)
[53,   232] loss: 2.988346e-02 masks: 21.8 17.5 [wd: 4.99e-02] [lr: 9.98e-04] [mem: 5.65e+03] (169.4 ms)
[53,   232] grad_stats: [5.02e-03 2.84e-04] (2.64e-05, 5.02e-03)
avg. loss 2.98834632e-02
time taken for epoch 0:00:52.922401
Epoch 54
[54,     0] loss: 3.277271e-02 masks: 19.0 20.0 [wd: 4.99e-02] [lr: 9.98e-04] [mem: 5.65e+03] (163.8 ms)
[54,     0] grad_stats: [3.17e-03 4.92e-04] (3.21e-05, 7.93e-03)
[54,   116] loss: 3.067743e-02 masks: 21.9 17.1 [wd: 5.01e-02] [lr: 9.98e-04] [mem: 5.65e+03] (168.6 ms)
[54,   116] grad_stats: [2.33e-03 4.67e-04] (2.54e-05, 4.44e-03)
[54,   232] loss: 3.046112e-02 masks: 22.4 17.0 [wd: 5.03e-02] [lr: 9.98e-04] [mem: 5.65e+03] (170.3 ms)
[54,   232] grad_stats: [3.45e-03 4.79e-04] (2.79e-05, 3.68e-03)
avg. loss 3.04611250e-02
time taken for epoch 0:00:53.038331
Epoch 55
[55,     0] loss: 2.993765e-02 masks: 20.0 16.0 [wd: 5.03e-02] [lr: 9.98e-04] [mem: 5.65e+03] (160.9 ms)
[55,     0] grad_stats: [2.21e-03 3.09e-04] (2.28e-05, 3.45e-03)
[55,   116] loss: 3.154847e-02 masks: 21.3 17.6 [wd: 5.05e-02] [lr: 9.98e-04] [mem: 5.65e+03] (167.6 ms)
[55,   116] grad_stats: [1.90e-03 3.21e-04] (2.45e-05, 3.08e-03)
[55,   232] loss: 3.203827e-02 masks: 20.9 17.7 [wd: 5.06e-02] [lr: 9.97e-04] [mem: 5.65e+03] (167.1 ms)
[55,   232] grad_stats: [1.92e-03 2.55e-04] (2.44e-05, 2.05e-03)
avg. loss 3.20382708e-02
time taken for epoch 0:00:52.362545
Epoch 56
[56,     0] loss: 3.572757e-02 masks: 15.0 20.0 [wd: 5.06e-02] [lr: 9.97e-04] [mem: 5.65e+03] (151.6 ms)
[56,     0] grad_stats: [2.72e-03 3.30e-04] (3.18e-05, 6.21e-03)
[56,   116] loss: 3.220617e-02 masks: 21.7 17.4 [wd: 5.08e-02] [lr: 9.97e-04] [mem: 5.65e+03] (168.4 ms)
[56,   116] grad_stats: [2.41e-03 2.18e-04] (2.82e-05, 4.34e-03)
[56,   232] loss: 3.206155e-02 masks: 21.6 17.6 [wd: 5.10e-02] [lr: 9.97e-04] [mem: 5.65e+03] (168.8 ms)
[56,   232] grad_stats: [2.16e-03 2.32e-04] (2.74e-05, 2.31e-03)
avg. loss 3.20615522e-02
time taken for epoch 0:00:52.766010
Epoch 57
[57,     0] loss: 4.393558e-02 masks: 12.0 20.0 [wd: 5.10e-02] [lr: 9.97e-04] [mem: 5.65e+03] (143.9 ms)
[57,     0] grad_stats: [2.31e-03 2.12e-04] (2.12e-05, 3.24e-03)
[57,   116] loss: 3.197720e-02 masks: 21.7 17.4 [wd: 5.12e-02] [lr: 9.97e-04] [mem: 5.65e+03] (168.4 ms)
[57,   116] grad_stats: [1.79e-03 5.17e-04] (3.00e-05, 3.18e-03)
[57,   232] loss: 3.200350e-02 masks: 22.3 17.2 [wd: 5.14e-02] [lr: 9.97e-04] [mem: 5.65e+03] (170.2 ms)
[57,   232] grad_stats: [2.08e-03 2.08e-04] (2.23e-05, 2.71e-03)
avg. loss 3.20034952e-02
time taken for epoch 0:00:53.118471
Epoch 58
[58,     0] loss: 3.931596e-02 masks: 17.0 16.0 [wd: 5.14e-02] [lr: 9.97e-04] [mem: 5.65e+03] (152.0 ms)
[58,     0] grad_stats: [4.98e-03 3.49e-04] (3.20e-05, 5.50e-03)
[58,   116] loss: 3.419330e-02 masks: 21.3 17.5 [wd: 5.16e-02] [lr: 9.96e-04] [mem: 5.65e+03] (167.3 ms)
[58,   116] grad_stats: [2.24e-03 2.10e-04] (3.10e-05, 3.51e-03)
[58,   232] loss: 3.378987e-02 masks: 21.9 17.3 [wd: 5.18e-02] [lr: 9.96e-04] [mem: 5.65e+03] (169.4 ms)
[58,   232] grad_stats: [3.09e-03 3.64e-04] (3.52e-05, 4.77e-03)
avg. loss 3.37898736e-02
time taken for epoch 0:00:52.913900
Epoch 59
[59,     0] loss: 2.672496e-02 masks: 33.0 12.0 [wd: 5.18e-02] [lr: 9.96e-04] [mem: 5.65e+03] (190.7 ms)
[59,     0] grad_stats: [2.99e-03 1.97e-04] (2.77e-05, 4.05e-03)
[59,   116] loss: 3.348431e-02 masks: 23.0 16.9 [wd: 5.20e-02] [lr: 9.96e-04] [mem: 5.65e+03] (171.5 ms)
[59,   116] grad_stats: [1.79e-03 2.40e-04] (3.28e-05, 6.13e-03)
[59,   232] loss: 3.424525e-02 masks: 22.7 17.0 [wd: 5.22e-02] [lr: 9.96e-04] [mem: 5.65e+03] (171.3 ms)
[59,   232] grad_stats: [3.57e-03 2.58e-04] (2.69e-05, 3.57e-03)
avg. loss 3.42452547e-02
time taken for epoch 0:00:53.384956
Epoch 60
[60,     0] loss: 3.570484e-02 masks: 19.0 20.0 [wd: 5.22e-02] [lr: 9.96e-04] [mem: 5.65e+03] (163.6 ms)
[60,     0] grad_stats: [2.67e-03 3.24e-04] (3.23e-05, 6.00e-03)
[60,   116] loss: 3.601291e-02 masks: 21.2 17.5 [wd: 5.24e-02] [lr: 9.96e-04] [mem: 5.65e+03] (167.0 ms)
[60,   116] grad_stats: [2.22e-03 2.20e-04] (3.38e-05, 2.56e-03)
[60,   232] loss: 3.630335e-02 masks: 21.3 17.3 [wd: 5.26e-02] [lr: 9.95e-04] [mem: 5.65e+03] (167.7 ms)
[60,   232] grad_stats: [1.40e-03 2.78e-04] (2.99e-05, 4.32e-03)
avg. loss 3.63033546e-02
time taken for epoch 0:00:52.516181
Epoch 61
[61,     0] loss: 3.755224e-02 masks: 17.0 20.0 [wd: 5.26e-02] [lr: 9.95e-04] [mem: 5.65e+03] (157.5 ms)
[61,     0] grad_stats: [2.74e-03 2.29e-04] (2.71e-05, 3.30e-03)
[61,   116] loss: 3.655714e-02 masks: 21.4 17.4 [wd: 5.29e-02] [lr: 9.95e-04] [mem: 5.65e+03] (167.8 ms)
[61,   116] grad_stats: [3.63e-03 4.41e-04] (3.93e-05, 7.50e-03)
[61,   232] loss: 3.697240e-02 masks: 21.2 17.4 [wd: 5.31e-02] [lr: 9.95e-04] [mem: 5.65e+03] (167.5 ms)
[61,   232] grad_stats: [1.94e-03 2.95e-04] (2.79e-05, 2.20e-03)
avg. loss 3.69723992e-02
time taken for epoch 0:00:52.481519
Epoch 62
[62,     0] loss: 2.569675e-02 masks: 38.0 12.0 [wd: 5.31e-02] [lr: 9.95e-04] [mem: 5.65e+03] (207.9 ms)
[62,     0] grad_stats: [2.32e-03 2.64e-04] (3.47e-05, 5.92e-03)
[62,   116] loss: 3.704524e-02 masks: 22.0 17.5 [wd: 5.33e-02] [lr: 9.95e-04] [mem: 5.65e+03] (169.4 ms)
[62,   116] grad_stats: [3.43e-03 3.39e-04] (3.63e-05, 6.21e-03)
[62,   232] loss: 3.728921e-02 masks: 21.8 17.4 [wd: 5.35e-02] [lr: 9.94e-04] [mem: 5.65e+03] (169.1 ms)
[62,   232] grad_stats: [2.05e-03 2.19e-04] (2.03e-05, 2.48e-03)
avg. loss 3.72892142e-02
time taken for epoch 0:00:52.785706
Epoch 63
[63,     0] loss: 3.389857e-02 masks: 23.0 16.0 [wd: 5.35e-02] [lr: 9.94e-04] [mem: 5.65e+03] (167.1 ms)
[63,     0] grad_stats: [2.81e-03 3.35e-04] (2.93e-05, 5.58e-03)
[63,   116] loss: 3.745374e-02 masks: 21.7 17.3 [wd: 5.37e-02] [lr: 9.94e-04] [mem: 5.65e+03] (168.4 ms)
[63,   116] grad_stats: [3.02e-03 2.91e-04] (2.88e-05, 4.31e-03)
[63,   232] loss: 3.802635e-02 masks: 21.5 17.3 [wd: 5.39e-02] [lr: 9.94e-04] [mem: 5.65e+03] (168.2 ms)
[63,   232] grad_stats: [2.48e-03 3.40e-04] (4.43e-05, 5.66e-03)
avg. loss 3.80263484e-02
time taken for epoch 0:00:52.407323
Epoch 64
[64,     0] loss: 3.395313e-02 masks: 25.0 16.0 [wd: 5.39e-02] [lr: 9.94e-04] [mem: 5.65e+03] (174.4 ms)
[64,     0] grad_stats: [2.71e-03 4.11e-04] (3.34e-05, 2.71e-03)
[64,   116] loss: 3.817599e-02 masks: 22.2 17.2 [wd: 5.41e-02] [lr: 9.94e-04] [mem: 5.65e+03] (169.4 ms)
[64,   116] grad_stats: [2.90e-03 2.91e-04] (1.92e-05, 2.99e-03)
[64,   232] loss: 3.922265e-02 masks: 21.7 17.4 [wd: 5.44e-02] [lr: 9.93e-04] [mem: 5.65e+03] (168.7 ms)
[64,   232] grad_stats: [3.09e-03 2.66e-04] (4.04e-05, 3.91e-03)
avg. loss 3.92226486e-02
time taken for epoch 0:00:52.597594
Epoch 65
[65,     0] loss: 4.686962e-02 masks: 17.0 20.0 [wd: 5.44e-02] [lr: 9.93e-04] [mem: 5.65e+03] (157.5 ms)
[65,     0] grad_stats: [5.65e-03 4.18e-04] (3.60e-05, 6.54e-03)
[65,   116] loss: 3.963283e-02 masks: 21.8 17.3 [wd: 5.46e-02] [lr: 9.93e-04] [mem: 5.65e+03] (168.5 ms)
[65,   116] grad_stats: [3.23e-03 4.14e-04] (4.02e-05, 3.79e-03)
[65,   232] loss: 3.960622e-02 masks: 22.0 17.3 [wd: 5.48e-02] [lr: 9.93e-04] [mem: 5.65e+03] (169.7 ms)
[65,   232] grad_stats: [2.76e-03 3.90e-04] (4.46e-05, 5.93e-03)
avg. loss 3.96062195e-02
time taken for epoch 0:00:52.963707
Epoch 66
[66,     0] loss: 3.033764e-02 masks: 35.0 12.0 [wd: 5.48e-02] [lr: 9.93e-04] [mem: 5.65e+03] (196.3 ms)
[66,     0] grad_stats: [1.79e-03 3.01e-04] (3.14e-05, 5.58e-03)
[66,   116] loss: 3.971477e-02 masks: 22.6 16.9 [wd: 5.50e-02] [lr: 9.92e-04] [mem: 5.65e+03] (170.4 ms)
[66,   116] grad_stats: [3.83e-03 3.92e-04] (3.31e-05, 3.93e-03)
[66,   232] loss: 4.016933e-02 masks: 22.4 17.0 [wd: 5.53e-02] [lr: 9.92e-04] [mem: 5.65e+03] (170.4 ms)
[66,   232] grad_stats: [2.19e-03 3.38e-04] (3.80e-05, 3.17e-03)
avg. loss 4.01693302e-02
time taken for epoch 0:00:53.120717
Epoch 67
[67,     0] loss: 4.579350e-02 masks: 17.0 16.0 [wd: 5.53e-02] [lr: 9.92e-04] [mem: 5.65e+03] (153.4 ms)
[67,     0] grad_stats: [2.37e-03 1.67e-04] (2.29e-05, 2.84e-03)
[67,   116] loss: 4.151879e-02 masks: 22.1 17.2 [wd: 5.55e-02] [lr: 9.92e-04] [mem: 5.65e+03] (169.2 ms)
[67,   116] grad_stats: [1.52e-03 2.11e-04] (2.50e-05, 2.41e-03)
[67,   232] loss: 4.189386e-02 masks: 21.9 17.2 [wd: 5.57e-02] [lr: 9.92e-04] [mem: 5.65e+03] (169.4 ms)
[67,   232] grad_stats: [1.87e-03 2.84e-04] (2.82e-05, 4.09e-03)
avg. loss 4.18938566e-02
time taken for epoch 0:00:52.944571
Epoch 68
[68,     0] loss: 4.231057e-02 masks: 16.0 20.0 [wd: 5.57e-02] [lr: 9.92e-04] [mem: 5.65e+03] (153.2 ms)
[68,     0] grad_stats: [2.98e-03 2.69e-04] (3.42e-05, 4.87e-03)
[68,   116] loss: 4.289969e-02 masks: 21.3 17.5 [wd: 5.59e-02] [lr: 9.91e-04] [mem: 5.65e+03] (167.5 ms)
[68,   116] grad_stats: [1.83e-03 3.23e-04] (3.85e-05, 3.24e-03)
[68,   232] loss: 4.263356e-02 masks: 21.6 17.4 [wd: 5.62e-02] [lr: 9.91e-04] [mem: 5.65e+03] (168.7 ms)
[68,   232] grad_stats: [1.96e-03 3.54e-04] (2.86e-05, 5.99e-03)
avg. loss 4.26335594e-02
time taken for epoch 0:00:52.696868
Epoch 69
[69,     0] loss: 3.913914e-02 masks: 23.0 20.0 [wd: 5.62e-02] [lr: 9.91e-04] [mem: 5.65e+03] (172.6 ms)
[69,     0] grad_stats: [2.88e-03 2.26e-04] (2.78e-05, 4.10e-03)
[69,   116] loss: 4.270640e-02 masks: 22.1 17.3 [wd: 5.64e-02] [lr: 9.91e-04] [mem: 5.65e+03] (169.6 ms)
[69,   116] grad_stats: [1.54e-03 3.46e-04] (2.75e-05, 2.03e-03)
[69,   232] loss: 4.293141e-02 masks: 22.4 17.1 [wd: 5.67e-02] [lr: 9.90e-04] [mem: 5.65e+03] (170.7 ms)
[69,   232] grad_stats: [1.57e-03 2.10e-04] (2.15e-05, 2.76e-03)
avg. loss 4.29314076e-02
time taken for epoch 0:00:53.195457
Epoch 70
[70,     0] loss: 4.272267e-02 masks: 20.0 16.0 [wd: 5.67e-02] [lr: 9.90e-04] [mem: 5.65e+03] (162.8 ms)
[70,     0] grad_stats: [2.16e-03 1.90e-04] (3.08e-05, 2.94e-03)
[70,   116] loss: 4.395104e-02 masks: 21.5 17.4 [wd: 5.69e-02] [lr: 9.90e-04] [mem: 5.65e+03] (168.0 ms)
[70,   116] grad_stats: [1.94e-03 3.21e-04] (3.43e-05, 6.31e-03)
[70,   232] loss: 4.463476e-02 masks: 21.4 17.6 [wd: 5.71e-02] [lr: 9.90e-04] [mem: 5.65e+03] (168.4 ms)
[70,   232] grad_stats: [2.15e-03 2.69e-04] (2.74e-05, 3.06e-03)
avg. loss 4.46347635e-02
time taken for epoch 0:00:52.689634
Epoch 71
[71,     0] loss: 4.391776e-02 masks: 23.0 16.0 [wd: 5.71e-02] [lr: 9.90e-04] [mem: 5.65e+03] (167.2 ms)
[71,     0] grad_stats: [3.31e-03 2.46e-04] (2.69e-05, 5.24e-03)
[71,   116] loss: 4.472154e-02 masks: 22.2 17.2 [wd: 5.74e-02] [lr: 9.89e-04] [mem: 5.65e+03] (169.6 ms)
[71,   116] grad_stats: [2.67e-03 2.98e-04] (4.23e-05, 4.76e-03)
[71,   232] loss: 4.518905e-02 masks: 21.8 17.5 [wd: 5.76e-02] [lr: 9.89e-04] [mem: 5.65e+03] (169.3 ms)
[71,   232] grad_stats: [2.66e-03 3.16e-04] (3.04e-05, 3.93e-03)
avg. loss 4.51890479e-02
time taken for epoch 0:00:52.854150
Epoch 72
[72,     0] loss: 3.464366e-02 masks: 33.0 12.0 [wd: 5.76e-02] [lr: 9.89e-04] [mem: 5.65e+03] (191.7 ms)
[72,     0] grad_stats: [2.97e-03 2.66e-04] (3.32e-05, 5.85e-03)
[72,   116] loss: 4.669072e-02 masks: 21.0 17.7 [wd: 5.79e-02] [lr: 9.88e-04] [mem: 5.65e+03] (167.1 ms)
[72,   116] grad_stats: [2.63e-03 2.94e-04] (3.91e-05, 6.42e-03)
[72,   232] loss: 4.642778e-02 masks: 21.7 17.3 [wd: 5.81e-02] [lr: 9.88e-04] [mem: 5.65e+03] (169.0 ms)
[72,   232] grad_stats: [3.48e-03 4.95e-04] (4.20e-05, 4.57e-03)
avg. loss 4.64277847e-02
time taken for epoch 0:00:52.769753
Epoch 73
[73,     0] loss: 4.639493e-02 masks: 25.0 16.0 [wd: 5.81e-02] [lr: 9.88e-04] [mem: 5.65e+03] (174.0 ms)
[73,     0] grad_stats: [1.88e-03 2.03e-04] (2.72e-05, 3.46e-03)
[73,   116] loss: 4.601925e-02 masks: 22.4 17.0 [wd: 5.84e-02] [lr: 9.88e-04] [mem: 5.65e+03] (170.1 ms)
[73,   116] grad_stats: [2.82e-03 4.08e-04] (4.07e-05, 5.03e-03)
[73,   232] loss: 4.695675e-02 masks: 22.3 17.0 [wd: 5.86e-02] [lr: 9.87e-04] [mem: 5.65e+03] (170.1 ms)
[73,   232] grad_stats: [1.35e-03 2.52e-04] (2.36e-05, 3.05e-03)
avg. loss 4.69567500e-02
time taken for epoch 0:00:53.080857
Epoch 74
[74,     0] loss: 4.977133e-02 masks: 18.0 20.0 [wd: 5.86e-02] [lr: 9.87e-04] [mem: 5.65e+03] (161.3 ms)
[74,     0] grad_stats: [2.65e-03 4.66e-04] (4.82e-05, 6.47e-03)
[74,   116] loss: 4.721762e-02 masks: 22.9 16.9 [wd: 5.89e-02] [lr: 9.87e-04] [mem: 5.65e+03] (171.3 ms)
[74,   116] grad_stats: [4.60e-03 3.16e-04] (3.26e-05, 6.16e-03)
[74,   232] loss: 4.816221e-02 masks: 22.3 17.0 [wd: 5.91e-02] [lr: 9.87e-04] [mem: 5.65e+03] (170.2 ms)
[74,   232] grad_stats: [3.50e-03 3.12e-04] (3.35e-05, 3.87e-03)
avg. loss 4.81622113e-02
time taken for epoch 0:00:53.033341
Epoch 75
[75,     0] loss: 4.554944e-02 masks: 26.0 16.0 [wd: 5.91e-02] [lr: 9.87e-04] [mem: 5.65e+03] (177.0 ms)
[75,     0] grad_stats: [2.47e-03 3.24e-04] (3.71e-05, 6.06e-03)
[75,   116] loss: 4.965868e-02 masks: 21.4 17.5 [wd: 5.94e-02] [lr: 9.86e-04] [mem: 5.65e+03] (167.8 ms)
[75,   116] grad_stats: [4.87e-03 2.90e-04] (3.34e-05, 4.87e-03)
[75,   232] loss: 4.927833e-02 masks: 22.2 17.3 [wd: 5.96e-02] [lr: 9.86e-04] [mem: 5.65e+03] (170.2 ms)
[75,   232] grad_stats: [2.79e-03 4.60e-04] (4.08e-05, 3.62e-03)
avg. loss 4.92783285e-02
time taken for epoch 0:00:53.038792
Epoch 76
[76,     0] loss: 5.264770e-02 masks: 20.0 20.0 [wd: 5.96e-02] [lr: 9.86e-04] [mem: 5.65e+03] (164.3 ms)
[76,     0] grad_stats: [1.88e-03 5.18e-04] (4.00e-05, 5.88e-03)
[76,   116] loss: 5.067492e-02 masks: 21.5 17.5 [wd: 5.99e-02] [lr: 9.85e-04] [mem: 5.65e+03] (167.8 ms)
[76,   116] grad_stats: [3.00e-03 3.32e-04] (3.89e-05, 4.32e-03)
[76,   232] loss: 5.071504e-02 masks: 21.5 17.5 [wd: 6.01e-02] [lr: 9.85e-04] [mem: 5.65e+03] (168.5 ms)
[76,   232] grad_stats: [3.66e-03 3.81e-04] (5.67e-05, 1.08e-02)
avg. loss 5.07150448e-02
time taken for epoch 0:00:52.611148
Epoch 77
[77,     0] loss: 6.232923e-02 masks: 16.0 20.0 [wd: 6.01e-02] [lr: 9.85e-04] [mem: 5.65e+03] (154.5 ms)
[77,     0] grad_stats: [2.89e-03 4.50e-04] (4.30e-05, 6.64e-03)
[77,   116] loss: 4.989084e-02 masks: 23.1 16.8 [wd: 6.04e-02] [lr: 9.85e-04] [mem: 5.65e+03] (171.8 ms)
[77,   116] grad_stats: [3.06e-03 4.52e-04] (3.92e-05, 3.50e-03)
[77,   232] loss: 5.127591e-02 masks: 22.2 17.1 [wd: 6.07e-02] [lr: 9.84e-04] [mem: 5.65e+03] (170.0 ms)
[77,   232] grad_stats: [1.69e-03 4.20e-04] (3.82e-05, 4.22e-03)
avg. loss 5.12759125e-02
time taken for epoch 0:00:52.969492
Epoch 78
[78,     0] loss: 4.655814e-02 masks: 24.0 16.0 [wd: 6.07e-02] [lr: 9.84e-04] [mem: 5.65e+03] (172.6 ms)
[78,     0] grad_stats: [1.71e-03 2.18e-04] (2.56e-05, 2.23e-03)
[78,   116] loss: 5.193249e-02 masks: 21.8 17.4 [wd: 6.09e-02] [lr: 9.84e-04] [mem: 5.65e+03] (168.7 ms)
[78,   116] grad_stats: [2.01e-03 3.04e-04] (4.48e-05, 6.16e-03)
[78,   232] loss: 5.243820e-02 masks: 21.8 17.3 [wd: 6.12e-02] [lr: 9.83e-04] [mem: 5.65e+03] (169.0 ms)
[78,   232] grad_stats: [1.99e-03 2.18e-04] (3.99e-05, 4.30e-03)
avg. loss 5.24382002e-02
time taken for epoch 0:00:52.838681
Epoch 79
[79,     0] loss: 5.974212e-02 masks: 21.0 16.0 [wd: 6.12e-02] [lr: 9.83e-04] [mem: 5.65e+03] (164.1 ms)
[79,     0] grad_stats: [2.06e-03 2.21e-04] (4.31e-05, 4.79e-03)
[79,   116] loss: 5.296962e-02 masks: 22.1 17.4 [wd: 6.15e-02] [lr: 9.83e-04] [mem: 5.65e+03] (169.5 ms)
[79,   116] grad_stats: [1.69e-03 1.64e-04] (2.00e-05, 3.41e-03)
[79,   232] loss: 5.283296e-02 masks: 22.0 17.2 [wd: 6.17e-02] [lr: 9.82e-04] [mem: 5.65e+03] (169.6 ms)
[79,   232] grad_stats: [2.54e-03 3.76e-04] (4.89e-05, 5.44e-03)
avg. loss 5.28329624e-02
time taken for epoch 0:00:52.948992
Epoch 80
[80,     0] loss: 5.629089e-02 masks: 20.0 16.0 [wd: 6.17e-02] [lr: 9.82e-04] [mem: 5.65e+03] (158.9 ms)
[80,     0] grad_stats: [3.23e-03 3.36e-04] (3.81e-05, 4.72e-03)
[80,   116] loss: 5.295636e-02 masks: 22.1 17.2 [wd: 6.20e-02] [lr: 9.82e-04] [mem: 5.65e+03] (169.2 ms)
[80,   116] grad_stats: [2.05e-03 3.35e-04] (3.33e-05, 4.87e-03)
[80,   232] loss: 5.389095e-02 masks: 21.8 17.3 [wd: 6.23e-02] [lr: 9.81e-04] [mem: 5.65e+03] (169.1 ms)
[80,   232] grad_stats: [3.93e-03 3.40e-04] (4.42e-05, 7.52e-03)
avg. loss 5.38909528e-02
time taken for epoch 0:00:52.804455
Epoch 81
[81,     0] loss: 6.290014e-02 masks: 19.0 20.0 [wd: 6.23e-02] [lr: 9.81e-04] [mem: 5.65e+03] (164.4 ms)
[81,     0] grad_stats: [2.50e-03 4.28e-04] (4.03e-05, 3.70e-03)
[81,   116] loss: 5.374372e-02 masks: 22.2 17.2 [wd: 6.25e-02] [lr: 9.81e-04] [mem: 5.65e+03] (169.7 ms)
[81,   116] grad_stats: [1.87e-03 2.63e-04] (4.17e-05, 5.17e-03)
[81,   232] loss: 5.392111e-02 masks: 22.1 17.2 [wd: 6.28e-02] [lr: 9.81e-04] [mem: 5.65e+03] (170.0 ms)
[81,   232] grad_stats: [1.61e-03 2.21e-04] (4.05e-05, 4.20e-03)
avg. loss 5.39211056e-02
time taken for epoch 0:00:52.991085
Epoch 82
[82,     0] loss: 5.318828e-02 masks: 23.0 16.0 [wd: 6.28e-02] [lr: 9.81e-04] [mem: 5.65e+03] (168.4 ms)
[82,     0] grad_stats: [2.90e-03 2.08e-04] (3.85e-05, 5.79e-03)
[82,   116] loss: 5.490405e-02 masks: 21.4 17.7 [wd: 6.31e-02] [lr: 9.80e-04] [mem: 5.65e+03] (167.9 ms)
[82,   116] grad_stats: [2.92e-03 3.23e-04] (4.58e-05, 4.14e-03)
[82,   232] loss: 5.468704e-02 masks: 21.7 17.5 [wd: 6.34e-02] [lr: 9.80e-04] [mem: 5.65e+03] (169.0 ms)
[82,   232] grad_stats: [4.08e-03 2.89e-04] (4.01e-05, 6.19e-03)
avg. loss 5.46870397e-02
time taken for epoch 0:00:52.722140
Epoch 83
[83,     0] loss: 5.109204e-02 masks: 23.0 16.0 [wd: 6.34e-02] [lr: 9.80e-04] [mem: 5.65e+03] (167.3 ms)
[83,     0] grad_stats: [3.94e-03 2.60e-04] (3.07e-05, 4.61e-03)
[83,   116] loss: 5.349034e-02 masks: 22.9 16.8 [wd: 6.36e-02] [lr: 9.79e-04] [mem: 5.65e+03] (171.3 ms)
[83,   116] grad_stats: [3.36e-03 3.08e-04] (4.13e-05, 5.39e-03)
[83,   232] loss: 5.483534e-02 masks: 22.3 17.0 [wd: 6.39e-02] [lr: 9.79e-04] [mem: 5.65e+03] (170.3 ms)
[83,   232] grad_stats: [1.90e-03 2.44e-04] (4.92e-05, 3.95e-03)
avg. loss 5.48353427e-02
time taken for epoch 0:00:53.134459
Epoch 84
[84,     0] loss: 5.781510e-02 masks: 18.0 20.0 [wd: 6.39e-02] [lr: 9.79e-04] [mem: 5.65e+03] (160.1 ms)
[84,     0] grad_stats: [1.89e-03 2.92e-04] (3.57e-05, 4.09e-03)
[84,   116] loss: 5.823129e-02 masks: 20.8 17.5 [wd: 6.42e-02] [lr: 9.78e-04] [mem: 5.65e+03] (166.1 ms)
[84,   116] grad_stats: [1.93e-03 2.84e-04] (3.86e-05, 4.04e-03)
[84,   232] loss: 5.787116e-02 masks: 21.3 17.4 [wd: 6.45e-02] [lr: 9.78e-04] [mem: 5.65e+03] (167.8 ms)
[84,   232] grad_stats: [1.93e-03 3.45e-04] (4.31e-05, 5.81e-03)
avg. loss 5.78711634e-02
time taken for epoch 0:00:52.561577
Epoch 85
[85,     0] loss: 5.896864e-02 masks: 20.0 20.0 [wd: 6.45e-02] [lr: 9.78e-04] [mem: 5.65e+03] (163.3 ms)
[85,     0] grad_stats: [2.90e-03 2.93e-04] (4.29e-05, 9.20e-03)
[85,   116] loss: 5.659940e-02 masks: 22.4 17.2 [wd: 6.48e-02] [lr: 9.77e-04] [mem: 5.65e+03] (170.2 ms)
[85,   116] grad_stats: [3.93e-03 3.46e-04] (4.60e-05, 4.26e-03)
[85,   232] loss: 5.753445e-02 masks: 21.9 17.4 [wd: 6.51e-02] [lr: 9.77e-04] [mem: 5.65e+03] (169.6 ms)
[85,   232] grad_stats: [3.71e-03 2.18e-04] (4.52e-05, 5.91e-03)
avg. loss 5.75344507e-02
time taken for epoch 0:00:52.928777
Epoch 86
[86,     0] loss: 8.083753e-02 masks: 11.0 20.0 [wd: 6.51e-02] [lr: 9.77e-04] [mem: 5.65e+03] (140.2 ms)
[86,     0] grad_stats: [2.79e-03 4.83e-04] (4.11e-05, 6.20e-03)
[86,   116] loss: 5.938853e-02 masks: 21.7 17.5 [wd: 6.54e-02] [lr: 9.76e-04] [mem: 5.65e+03] (168.6 ms)
[86,   116] grad_stats: [2.97e-03 4.40e-04] (3.79e-05, 4.32e-03)
[86,   232] loss: 5.861440e-02 masks: 22.2 17.3 [wd: 6.56e-02] [lr: 9.76e-04] [mem: 5.65e+03] (170.1 ms)
[86,   232] grad_stats: [3.11e-03 3.86e-04] (4.97e-05, 1.07e-02)
avg. loss 5.86143980e-02
time taken for epoch 0:00:53.023620
Epoch 87
[87,     0] loss: 5.488084e-02 masks: 23.0 20.0 [wd: 6.56e-02] [lr: 9.76e-04] [mem: 5.65e+03] (173.8 ms)
[87,     0] grad_stats: [2.81e-03 2.85e-04] (4.71e-05, 7.16e-03)
[87,   116] loss: 6.012306e-02 masks: 21.8 17.6 [wd: 6.59e-02] [lr: 9.75e-04] [mem: 5.65e+03] (169.1 ms)
[87,   116] grad_stats: [2.75e-03 2.50e-04] (3.80e-05, 3.76e-03)
[87,   232] loss: 5.926274e-02 masks: 22.1 17.4 [wd: 6.62e-02] [lr: 9.74e-04] [mem: 5.65e+03] (170.1 ms)
[87,   232] grad_stats: [2.20e-03 3.61e-04] (5.41e-05, 4.72e-03)
avg. loss 5.92627432e-02
time taken for epoch 0:00:52.989067
Epoch 88
[88,     0] loss: 7.715736e-02 masks: 11.0 20.0 [wd: 6.62e-02] [lr: 9.74e-04] [mem: 5.65e+03] (141.4 ms)
[88,     0] grad_stats: [1.36e-03 3.75e-04] (4.79e-05, 3.55e-03)
[88,   116] loss: 5.960462e-02 masks: 21.9 17.4 [wd: 6.65e-02] [lr: 9.74e-04] [mem: 5.65e+03] (169.1 ms)
[88,   116] grad_stats: [2.19e-03 3.16e-04] (4.55e-05, 5.05e-03)
[88,   232] loss: 6.033194e-02 masks: 21.9 17.3 [wd: 6.68e-02] [lr: 9.73e-04] [mem: 5.65e+03] (169.4 ms)
[88,   232] grad_stats: [2.29e-03 2.72e-04] (3.63e-05, 3.66e-03)
avg. loss 6.03319368e-02
time taken for epoch 0:00:52.939664
Epoch 89
[89,     0] loss: 5.582030e-02 masks: 25.0 16.0 [wd: 6.68e-02] [lr: 9.73e-04] [mem: 5.65e+03] (174.7 ms)
[89,     0] grad_stats: [2.06e-03 2.42e-04] (3.00e-05, 4.14e-03)
[89,   116] loss: 5.994936e-02 masks: 22.4 17.3 [wd: 6.71e-02] [lr: 9.73e-04] [mem: 5.65e+03] (170.5 ms)
[89,   116] grad_stats: [1.72e-03 2.38e-04] (3.74e-05, 3.61e-03)
[89,   232] loss: 6.103464e-02 masks: 21.7 17.4 [wd: 6.74e-02] [lr: 9.72e-04] [mem: 5.65e+03] (169.1 ms)
[89,   232] grad_stats: [1.94e-03 2.74e-04] (4.03e-05, 4.06e-03)
avg. loss 6.10346442e-02
time taken for epoch 0:00:52.776821
Epoch 90
[90,     0] loss: 6.577750e-02 masks: 17.0 20.0 [wd: 6.74e-02] [lr: 9.72e-04] [mem: 5.65e+03] (156.8 ms)
[90,     0] grad_stats: [1.69e-03 2.62e-04] (4.18e-05, 2.72e-03)
[90,   116] loss: 6.127613e-02 masks: 21.6 17.5 [wd: 6.77e-02] [lr: 9.72e-04] [mem: 5.65e+03] (168.3 ms)
[90,   116] grad_stats: [3.74e-03 2.58e-04] (3.36e-05, 4.61e-03)
[90,   232] loss: 6.194193e-02 masks: 21.6 17.4 [wd: 6.80e-02] [lr: 9.71e-04] [mem: 5.65e+03] (168.6 ms)
[90,   232] grad_stats: [1.74e-03 1.61e-04] (3.98e-05, 3.31e-03)
avg. loss 6.19419283e-02
time taken for epoch 0:00:52.606643
Epoch 91
[91,     0] loss: 4.975252e-02 masks: 33.0 12.0 [wd: 6.80e-02] [lr: 9.71e-04] [mem: 5.65e+03] (191.4 ms)
[91,     0] grad_stats: [2.15e-03 2.51e-04] (3.37e-05, 5.29e-03)
[91,   116] loss: 6.197225e-02 masks: 21.9 17.6 [wd: 6.83e-02] [lr: 9.71e-04] [mem: 5.65e+03] (169.5 ms)
[91,   116] grad_stats: [1.83e-03 2.99e-04] (4.42e-05, 4.40e-03)
[91,   232] loss: 6.226531e-02 masks: 22.1 17.4 [wd: 6.86e-02] [lr: 9.70e-04] [mem: 5.65e+03] (170.2 ms)
[91,   232] grad_stats: [2.05e-03 2.89e-04] (4.15e-05, 9.61e-03)
avg. loss 6.22653114e-02
time taken for epoch 0:00:53.140630
Epoch 92
[92,     0] loss: 7.856339e-02 masks: 13.0 20.0 [wd: 6.86e-02] [lr: 9.70e-04] [mem: 5.65e+03] (147.1 ms)
[92,     0] grad_stats: [3.24e-03 3.76e-04] (4.63e-05, 9.39e-03)
[92,   116] loss: 6.172380e-02 masks: 22.4 17.1 [wd: 6.89e-02] [lr: 9.69e-04] [mem: 5.65e+03] (170.3 ms)
[92,   116] grad_stats: [1.45e-03 2.82e-04] (3.70e-05, 3.27e-03)
[92,   232] loss: 6.327636e-02 masks: 21.9 17.2 [wd: 6.92e-02] [lr: 9.69e-04] [mem: 5.65e+03] (169.5 ms)
[92,   232] grad_stats: [3.27e-03 2.29e-04] (4.68e-05, 4.05e-03)
avg. loss 6.32763621e-02
time taken for epoch 0:00:52.930171
Epoch 93
[93,     0] loss: 6.440852e-02 masks: 26.0 16.0 [wd: 6.92e-02] [lr: 9.69e-04] [mem: 5.65e+03] (178.2 ms)
[93,     0] grad_stats: [1.68e-03 2.65e-04] (4.17e-05, 2.89e-03)
[93,   116] loss: 6.346610e-02 masks: 22.4 17.0 [wd: 6.96e-02] [lr: 9.68e-04] [mem: 5.65e+03] (169.8 ms)
[93,   116] grad_stats: [3.67e-03 3.44e-04] (5.83e-05, 5.29e-03)
[93,   232] loss: 6.347666e-02 masks: 22.3 16.9 [wd: 6.99e-02] [lr: 9.68e-04] [mem: 5.65e+03] (170.1 ms)
[93,   232] grad_stats: [2.13e-03 2.93e-04] (4.82e-05, 5.11e-03)
avg. loss 6.34766556e-02
time taken for epoch 0:00:52.983624
Epoch 94
[94,     0] loss: 6.179572e-02 masks: 27.0 16.0 [wd: 6.99e-02] [lr: 9.68e-04] [mem: 5.65e+03] (180.9 ms)
[94,     0] grad_stats: [3.25e-03 2.48e-04] (4.55e-05, 5.07e-03)
[94,   116] loss: 6.444173e-02 masks: 22.1 17.1 [wd: 7.02e-02] [lr: 9.67e-04] [mem: 5.65e+03] (169.3 ms)
[94,   116] grad_stats: [3.30e-03 2.97e-04] (5.86e-05, 8.65e-03)
[94,   232] loss: 6.435265e-02 masks: 22.1 17.2 [wd: 7.05e-02] [lr: 9.66e-04] [mem: 5.65e+03] (169.8 ms)
[94,   232] grad_stats: [4.34e-03 2.92e-04] (4.31e-05, 9.06e-03)
avg. loss 6.43526529e-02
time taken for epoch 0:00:52.992510
Epoch 95
[95,     0] loss: 8.157063e-02 masks: 14.0 20.0 [wd: 7.05e-02] [lr: 9.66e-04] [mem: 5.65e+03] (149.3 ms)
[95,     0] grad_stats: [2.56e-03 2.10e-04] (4.47e-05, 3.38e-03)
[95,   116] loss: 6.422454e-02 masks: 22.6 17.1 [wd: 7.08e-02] [lr: 9.66e-04] [mem: 5.65e+03] (170.9 ms)
[95,   116] grad_stats: [5.37e-03 2.66e-04] (5.26e-05, 8.57e-03)
[95,   232] loss: 6.519906e-02 masks: 22.3 17.2 [wd: 7.11e-02] [lr: 9.65e-04] [mem: 5.65e+03] (170.5 ms)
[95,   232] grad_stats: [1.67e-03 1.95e-04] (5.31e-05, 5.50e-03)
avg. loss 6.51990553e-02
time taken for epoch 0:00:53.098670
Epoch 96
[96,     0] loss: 6.496312e-02 masks: 21.0 16.0 [wd: 7.11e-02] [lr: 9.65e-04] [mem: 5.65e+03] (162.8 ms)
[96,     0] grad_stats: [3.13e-03 2.46e-04] (4.92e-05, 5.50e-03)
[96,   116] loss: 6.432094e-02 masks: 23.0 16.9 [wd: 7.14e-02] [lr: 9.65e-04] [mem: 5.65e+03] (171.8 ms)
[96,   116] grad_stats: [1.26e-03 2.27e-04] (3.90e-05, 4.06e-03)
[96,   232] loss: 6.476949e-02 masks: 22.8 17.0 [wd: 7.18e-02] [lr: 9.64e-04] [mem: 5.65e+03] (171.7 ms)
[96,   232] grad_stats: [1.23e-03 2.87e-04] (4.49e-05, 4.15e-03)
avg. loss 6.47694944e-02
time taken for epoch 0:00:53.400555
Epoch 97
[97,     0] loss: 6.347047e-02 masks: 23.0 16.0 [wd: 7.18e-02] [lr: 9.64e-04] [mem: 5.65e+03] (168.0 ms)
[97,     0] grad_stats: [2.69e-03 2.62e-04] (4.35e-05, 4.67e-03)
[97,   116] loss: 6.731782e-02 masks: 21.3 17.5 [wd: 7.21e-02] [lr: 9.63e-04] [mem: 5.65e+03] (167.8 ms)
[97,   116] grad_stats: [1.45e-03 3.43e-04] (6.01e-05, 1.13e-02)
[97,   232] loss: 6.699302e-02 masks: 21.6 17.3 [wd: 7.24e-02] [lr: 9.63e-04] [mem: 5.65e+03] (168.7 ms)
[97,   232] grad_stats: [2.44e-03 3.55e-04] (4.88e-05, 3.91e-03)
avg. loss 6.69930195e-02
time taken for epoch 0:00:52.723818
Epoch 98
[98,     0] loss: 7.065419e-02 masks: 19.0 20.0 [wd: 7.24e-02] [lr: 9.63e-04] [mem: 5.65e+03] (163.4 ms)
[98,     0] grad_stats: [2.29e-03 2.63e-04] (4.92e-05, 1.05e-02)
[98,   116] loss: 6.646810e-02 masks: 22.5 17.2 [wd: 7.27e-02] [lr: 9.62e-04] [mem: 5.65e+03] (170.5 ms)
[98,   116] grad_stats: [2.27e-03 2.39e-04] (3.28e-05, 3.71e-03)
[98,   232] loss: 6.706842e-02 masks: 22.3 17.3 [wd: 7.31e-02] [lr: 9.61e-04] [mem: 5.65e+03] (170.6 ms)
[98,   232] grad_stats: [2.15e-03 2.17e-04] (4.48e-05, 8.32e-03)
avg. loss 6.70684170e-02
time taken for epoch 0:00:53.124535
Epoch 99
[99,     0] loss: 6.475790e-02 masks: 21.0 16.0 [wd: 7.31e-02] [lr: 9.61e-04] [mem: 5.65e+03] (162.5 ms)
[99,     0] grad_stats: [4.08e-03 2.75e-04] (6.05e-05, 7.57e-03)
[99,   116] loss: 6.741039e-02 masks: 22.7 17.1 [wd: 7.34e-02] [lr: 9.61e-04] [mem: 5.65e+03] (171.0 ms)
[99,   116] grad_stats: [4.03e-03 3.00e-04] (6.39e-05, 1.25e-02)
[99,   232] loss: 6.795057e-02 masks: 22.1 17.3 [wd: 7.37e-02] [lr: 9.60e-04] [mem: 5.65e+03] (169.9 ms)
[99,   232] grad_stats: [4.49e-03 2.74e-04] (5.45e-05, 6.85e-03)
avg. loss 6.79505741e-02
time taken for epoch 0:00:53.691541
Epoch 100
[100,     0] loss: 6.593834e-02 masks: 20.0 20.0 [wd: 7.37e-02] [lr: 9.60e-04] [mem: 5.65e+03] (165.0 ms)
[100,     0] grad_stats: [4.31e-03 3.30e-04] (5.26e-05, 9.76e-03)
[100,   116] loss: 6.869020e-02 masks: 21.8 17.2 [wd: 7.40e-02] [lr: 9.59e-04] [mem: 5.65e+03] (168.4 ms)
[100,   116] grad_stats: [4.53e-03 3.31e-04] (6.64e-05, 7.32e-03)
[100,   232] loss: 6.899286e-02 masks: 21.9 17.2 [wd: 7.44e-02] [lr: 9.59e-04] [mem: 5.65e+03] (169.3 ms)
[100,   232] grad_stats: [4.08e-03 3.69e-04] (8.23e-05, 6.67e-03)
avg. loss 6.89928565e-02
	Epoch 100, KNN accuracy train: 7.07940e-01, KNN accuracy train: 5.66667e-01
time taken for epoch 0:01:34.901989
Epoch 101
[101,     0] loss: 6.908063e-02 masks: 17.0 20.0 [wd: 7.44e-02] [lr: 9.59e-04] [mem: 5.65e+03] (157.2 ms)
[101,     0] grad_stats: [3.48e-03 2.86e-04] (6.62e-05, 5.18e-03)
[101,   116] loss: 6.750374e-02 masks: 22.9 17.2 [wd: 7.47e-02] [lr: 9.58e-04] [mem: 5.65e+03] (171.1 ms)
[101,   116] grad_stats: [1.67e-03 4.13e-04] (5.98e-05, 1.15e-02)
[101,   232] loss: 6.852146e-02 masks: 22.2 17.4 [wd: 7.50e-02] [lr: 9.57e-04] [mem: 5.65e+03] (170.0 ms)
[101,   232] grad_stats: [1.97e-03 2.90e-04] (4.43e-05, 4.11e-03)
avg. loss 6.85214598e-02
time taken for epoch 0:00:53.002434
Epoch 102
[102,     0] loss: 6.508328e-02 masks: 33.0 12.0 [wd: 7.50e-02] [lr: 9.57e-04] [mem: 5.65e+03] (192.0 ms)
[102,     0] grad_stats: [1.40e-03 3.52e-04] (4.73e-05, 3.29e-03)
[102,   116] loss: 6.937032e-02 masks: 22.1 17.3 [wd: 7.54e-02] [lr: 9.57e-04] [mem: 5.65e+03] (169.5 ms)
[102,   116] grad_stats: [1.92e-03 2.34e-04] (4.26e-05, 5.86e-03)
[102,   232] loss: 7.021755e-02 masks: 21.8 17.4 [wd: 7.57e-02] [lr: 9.56e-04] [mem: 5.65e+03] (169.4 ms)
[102,   232] grad_stats: [4.24e-03 3.37e-04] (5.82e-05, 5.69e-03)
avg. loss 7.02175493e-02
time taken for epoch 0:00:52.749119
Epoch 103
[103,     0] loss: 4.935952e-02 masks: 33.0 12.0 [wd: 7.57e-02] [lr: 9.56e-04] [mem: 5.65e+03] (190.9 ms)
[103,     0] grad_stats: [2.33e-03 2.46e-04] (5.68e-05, 1.05e-02)
[103,   116] loss: 6.965166e-02 masks: 23.0 16.9 [wd: 7.61e-02] [lr: 9.55e-04] [mem: 5.65e+03] (171.5 ms)
[103,   116] grad_stats: [2.16e-03 3.62e-04] (7.11e-05, 8.63e-03)
[103,   232] loss: 7.015457e-02 masks: 22.5 17.0 [wd: 7.64e-02] [lr: 9.54e-04] [mem: 5.65e+03] (171.0 ms)
[103,   232] grad_stats: [3.04e-03 2.86e-04] (7.30e-05, 9.73e-03)
avg. loss 7.01545742e-02
time taken for epoch 0:00:53.307821
Epoch 104
[104,     0] loss: 6.703397e-02 masks: 23.0 16.0 [wd: 7.64e-02] [lr: 9.54e-04] [mem: 5.65e+03] (167.4 ms)
[104,     0] grad_stats: [2.25e-03 2.44e-04] (5.86e-05, 1.07e-02)
[104,   116] loss: 7.227459e-02 masks: 21.3 17.4 [wd: 7.67e-02] [lr: 9.54e-04] [mem: 5.65e+03] (167.6 ms)
[104,   116] grad_stats: [2.24e-03 3.30e-04] (5.60e-05, 5.74e-03)
[104,   232] loss: 7.124170e-02 masks: 22.1 17.1 [wd: 7.71e-02] [lr: 9.53e-04] [mem: 5.65e+03] (169.8 ms)
[104,   232] grad_stats: [2.76e-03 2.81e-04] (4.11e-05, 4.92e-03)
avg. loss 7.12416985e-02
time taken for epoch 0:00:52.937005
Epoch 105
[105,     0] loss: 6.504041e-02 masks: 24.0 16.0 [wd: 7.71e-02] [lr: 9.53e-04] [mem: 5.65e+03] (173.1 ms)
[105,     0] grad_stats: [2.60e-03 3.27e-04] (6.77e-05, 1.14e-02)
[105,   116] loss: 7.218821e-02 masks: 21.5 17.4 [wd: 7.74e-02] [lr: 9.52e-04] [mem: 5.65e+03] (168.1 ms)
[105,   116] grad_stats: [3.35e-03 2.63e-04] (5.32e-05, 7.29e-03)
[105,   232] loss: 7.182191e-02 masks: 21.8 17.4 [wd: 7.78e-02] [lr: 9.52e-04] [mem: 5.65e+03] (169.3 ms)
[105,   232] grad_stats: [3.70e-03 2.89e-04] (5.69e-05, 4.84e-03)
avg. loss 7.18219147e-02
time taken for epoch 0:00:52.867482
Epoch 106
[106,     0] loss: 6.913859e-02 masks: 21.0 20.0 [wd: 7.78e-02] [lr: 9.52e-04] [mem: 5.65e+03] (168.3 ms)
[106,     0] grad_stats: [1.22e-03 2.49e-04] (4.02e-05, 6.01e-03)
[106,   116] loss: 7.297900e-02 masks: 21.5 17.4 [wd: 7.81e-02] [lr: 9.51e-04] [mem: 5.65e+03] (167.9 ms)
[106,   116] grad_stats: [1.05e-03 2.87e-04] (5.37e-05, 4.40e-03)
[106,   232] loss: 7.211099e-02 masks: 22.0 17.3 [wd: 7.85e-02] [lr: 9.50e-04] [mem: 5.65e+03] (169.8 ms)
[106,   232] grad_stats: [2.30e-03 3.26e-04] (6.42e-05, 1.01e-02)
avg. loss 7.21109933e-02
time taken for epoch 0:00:53.003446
Epoch 107
[107,     0] loss: 5.830651e-02 masks: 33.0 12.0 [wd: 7.85e-02] [lr: 9.50e-04] [mem: 5.65e+03] (190.1 ms)
[107,     0] grad_stats: [1.21e-03 2.70e-04] (4.39e-05, 3.89e-03)
[107,   116] loss: 7.216521e-02 masks: 21.8 17.4 [wd: 7.88e-02] [lr: 9.49e-04] [mem: 5.65e+03] (169.1 ms)
[107,   116] grad_stats: [2.12e-03 1.74e-04] (4.95e-05, 6.08e-03)
[107,   232] loss: 7.279483e-02 masks: 21.6 17.5 [wd: 7.92e-02] [lr: 9.49e-04] [mem: 5.65e+03] (168.9 ms)
[107,   232] grad_stats: [2.77e-03 1.85e-04] (4.95e-05, 4.47e-03)
avg. loss 7.27948251e-02
time taken for epoch 0:00:52.766145
Epoch 108
[108,     0] loss: 7.268281e-02 masks: 19.0 20.0 [wd: 7.92e-02] [lr: 9.49e-04] [mem: 5.65e+03] (163.9 ms)
[108,     0] grad_stats: [2.74e-03 3.60e-04] (6.04e-05, 5.70e-03)
[108,   116] loss: 7.229990e-02 masks: 22.0 17.3 [wd: 7.95e-02] [lr: 9.48e-04] [mem: 5.65e+03] (169.4 ms)
[108,   116] grad_stats: [2.21e-03 2.34e-04] (4.84e-05, 4.89e-03)
[108,   232] loss: 7.262629e-02 masks: 22.1 17.2 [wd: 7.99e-02] [lr: 9.47e-04] [mem: 5.65e+03] (170.0 ms)
[108,   232] grad_stats: [1.50e-03 3.12e-04] (5.78e-05, 9.22e-03)
avg. loss 7.26262912e-02
time taken for epoch 0:00:52.970604
Epoch 109
[109,     0] loss: 5.426467e-02 masks: 33.0 12.0 [wd: 7.99e-02] [lr: 9.47e-04] [mem: 5.65e+03] (191.0 ms)
[109,     0] grad_stats: [3.15e-03 2.34e-04] (5.66e-05, 4.34e-03)
[109,   116] loss: 7.600297e-02 masks: 20.5 17.7 [wd: 8.02e-02] [lr: 9.46e-04] [mem: 5.65e+03] (165.7 ms)
[109,   116] grad_stats: [2.11e-03 4.53e-04] (6.53e-05, 6.70e-03)
[109,   232] loss: 7.424564e-02 masks: 21.5 17.3 [wd: 8.06e-02] [lr: 9.46e-04] [mem: 5.65e+03] (168.5 ms)
[109,   232] grad_stats: [2.53e-03 2.77e-04] (7.21e-05, 6.08e-03)
avg. loss 7.42456430e-02
time taken for epoch 0:00:52.721941
Epoch 110
[110,     0] loss: 8.189790e-02 masks: 25.0 16.0 [wd: 8.06e-02] [lr: 9.46e-04] [mem: 5.65e+03] (175.1 ms)
[110,     0] grad_stats: [2.51e-03 3.57e-04] (6.02e-05, 1.14e-02)
[110,   116] loss: 7.481167e-02 masks: 22.0 17.2 [wd: 8.09e-02] [lr: 9.45e-04] [mem: 5.65e+03] (169.1 ms)
[110,   116] grad_stats: [4.65e-03 2.86e-04] (5.69e-05, 1.02e-02)
[110,   232] loss: 7.490773e-02 masks: 21.9 17.3 [wd: 8.13e-02] [lr: 9.44e-04] [mem: 5.65e+03] (169.3 ms)
[110,   232] grad_stats: [2.95e-03 3.52e-04] (5.27e-05, 8.42e-03)
avg. loss 7.49077288e-02
time taken for epoch 0:00:52.838648
Epoch 111
[111,     0] loss: 8.030322e-02 masks: 20.0 16.0 [wd: 8.13e-02] [lr: 9.44e-04] [mem: 5.65e+03] (158.7 ms)
[111,     0] grad_stats: [1.33e-03 3.01e-04] (5.49e-05, 3.08e-03)
[111,   116] loss: 7.448289e-02 masks: 22.2 17.1 [wd: 8.17e-02] [lr: 9.43e-04] [mem: 5.65e+03] (169.6 ms)
[111,   116] grad_stats: [2.42e-03 2.17e-04] (6.98e-05, 3.77e-03)
[111,   232] loss: 7.526887e-02 masks: 22.0 17.3 [wd: 8.20e-02] [lr: 9.42e-04] [mem: 5.65e+03] (169.8 ms)
[111,   232] grad_stats: [2.31e-03 3.10e-04] (5.63e-05, 6.17e-03)
avg. loss 7.52688668e-02
time taken for epoch 0:00:53.011426
Epoch 112
[112,     0] loss: 7.895054e-02 masks: 19.0 20.0 [wd: 8.20e-02] [lr: 9.42e-04] [mem: 5.65e+03] (163.8 ms)
[112,     0] grad_stats: [2.42e-03 2.92e-04] (5.41e-05, 4.21e-03)
[112,   116] loss: 7.533208e-02 masks: 21.8 17.2 [wd: 8.24e-02] [lr: 9.42e-04] [mem: 5.65e+03] (168.6 ms)
[112,   116] grad_stats: [3.49e-03 3.24e-04] (7.01e-05, 5.07e-03)
[112,   232] loss: 7.488020e-02 masks: 22.2 17.2 [wd: 8.28e-02] [lr: 9.41e-04] [mem: 5.65e+03] (170.1 ms)
[112,   232] grad_stats: [1.41e-03 2.67e-04] (6.23e-05, 6.24e-03)
avg. loss 7.48802036e-02
time taken for epoch 0:00:53.083587
Epoch 113
[113,     0] loss: 7.028504e-02 masks: 17.0 16.0 [wd: 8.28e-02] [lr: 9.41e-04] [mem: 5.65e+03] (152.6 ms)
[113,     0] grad_stats: [2.46e-03 2.61e-04] (4.58e-05, 6.62e-03)
[113,   116] loss: 7.484675e-02 masks: 22.2 17.1 [wd: 8.31e-02] [lr: 9.40e-04] [mem: 5.65e+03] (169.6 ms)
[113,   116] grad_stats: [2.51e-03 2.32e-04] (4.51e-05, 4.16e-03)
[113,   232] loss: 7.503660e-02 masks: 22.1 17.2 [wd: 8.35e-02] [lr: 9.39e-04] [mem: 5.65e+03] (170.0 ms)
[113,   232] grad_stats: [2.34e-03 3.78e-04] (6.17e-05, 9.71e-03)
avg. loss 7.50366000e-02
time taken for epoch 0:00:52.993648
Epoch 114
[114,     0] loss: 6.835306e-02 masks: 24.0 16.0 [wd: 8.35e-02] [lr: 9.39e-04] [mem: 5.65e+03] (172.2 ms)
[114,     0] grad_stats: [4.25e-03 2.88e-04] (4.87e-05, 4.96e-03)
[114,   116] loss: 7.585292e-02 masks: 21.9 17.4 [wd: 8.39e-02] [lr: 9.38e-04] [mem: 5.65e+03] (169.2 ms)
[114,   116] grad_stats: [1.04e-03 2.42e-04] (5.13e-05, 3.92e-03)
[114,   232] loss: 7.508409e-02 masks: 22.2 17.3 [wd: 8.42e-02] [lr: 9.38e-04] [mem: 5.65e+03] (170.4 ms)
[114,   232] grad_stats: [1.59e-03 2.53e-04] (6.01e-05, 7.15e-03)
avg. loss 7.50840941e-02
time taken for epoch 0:00:53.120396
Epoch 115
[115,     0] loss: 9.335302e-02 masks: 14.0 20.0 [wd: 8.42e-02] [lr: 9.38e-04] [mem: 5.65e+03] (150.2 ms)
[115,     0] grad_stats: [1.69e-03 2.84e-04] (6.51e-05, 1.60e-02)
[115,   116] loss: 7.677505e-02 masks: 21.5 17.4 [wd: 8.46e-02] [lr: 9.37e-04] [mem: 5.65e+03] (168.1 ms)
[115,   116] grad_stats: [2.96e-03 3.38e-04] (5.09e-05, 8.59e-03)
[115,   232] loss: 7.675971e-02 masks: 21.7 17.5 [wd: 8.50e-02] [lr: 9.36e-04] [mem: 5.65e+03] (169.0 ms)
[115,   232] grad_stats: [1.13e-03 2.36e-04] (4.39e-05, 5.99e-03)
avg. loss 7.67597106e-02
time taken for epoch 0:00:52.836809
Epoch 116
[116,     0] loss: 7.734686e-02 masks: 25.0 16.0 [wd: 8.50e-02] [lr: 9.36e-04] [mem: 5.65e+03] (174.9 ms)
[116,     0] grad_stats: [3.01e-03 3.13e-04] (6.78e-05, 9.85e-03)
[116,   116] loss: 7.531674e-02 masks: 22.6 17.0 [wd: 8.54e-02] [lr: 9.35e-04] [mem: 5.65e+03] (170.8 ms)
[116,   116] grad_stats: [1.38e-03 3.11e-04] (5.05e-05, 4.04e-03)
[116,   232] loss: 7.638500e-02 masks: 22.2 17.2 [wd: 8.57e-02] [lr: 9.34e-04] [mem: 5.65e+03] (170.4 ms)
[116,   232] grad_stats: [2.75e-03 6.35e-04] (6.41e-05, 7.98e-03)
avg. loss 7.63850034e-02
time taken for epoch 0:00:53.097309
Epoch 117
[117,     0] loss: 8.638994e-02 masks: 17.0 16.0 [wd: 8.57e-02] [lr: 9.34e-04] [mem: 5.65e+03] (151.6 ms)
[117,     0] grad_stats: [2.61e-03 2.64e-04] (7.23e-05, 4.86e-03)
[117,   116] loss: 7.799461e-02 masks: 21.8 17.2 [wd: 8.61e-02] [lr: 9.33e-04] [mem: 5.65e+03] (168.5 ms)
[117,   116] grad_stats: [2.15e-03 2.67e-04] (7.44e-05, 6.43e-03)
[117,   232] loss: 7.740392e-02 masks: 22.1 17.2 [wd: 8.65e-02] [lr: 9.33e-04] [mem: 5.65e+03] (170.0 ms)
[117,   232] grad_stats: [1.45e-03 2.87e-04] (5.27e-05, 7.47e-03)
avg. loss 7.74039174e-02
time taken for epoch 0:00:53.067805
Epoch 118
[118,     0] loss: 8.082347e-02 masks: 20.0 16.0 [wd: 8.65e-02] [lr: 9.33e-04] [mem: 5.65e+03] (159.5 ms)
[118,     0] grad_stats: [2.22e-03 2.90e-04] (4.37e-05, 6.16e-03)
[118,   116] loss: 7.958172e-02 masks: 21.3 17.5 [wd: 8.69e-02] [lr: 9.32e-04] [mem: 5.65e+03] (167.4 ms)
[118,   116] grad_stats: [2.07e-03 2.29e-04] (5.90e-05, 8.87e-03)
[118,   232] loss: 7.896256e-02 masks: 21.4 17.5 [wd: 8.72e-02] [lr: 9.31e-04] [mem: 5.65e+03] (168.3 ms)
[118,   232] grad_stats: [3.34e-03 3.86e-04] (5.45e-05, 9.89e-03)
avg. loss 7.89625633e-02
time taken for epoch 0:00:52.613140
Epoch 119
[119,     0] loss: 6.366298e-02 masks: 33.0 12.0 [wd: 8.73e-02] [lr: 9.31e-04] [mem: 5.65e+03] (191.4 ms)
[119,     0] grad_stats: [1.87e-03 3.12e-04] (5.90e-05, 3.51e-03)
[119,   116] loss: 7.756462e-02 masks: 22.0 17.3 [wd: 8.76e-02] [lr: 9.30e-04] [mem: 5.65e+03] (169.4 ms)
[119,   116] grad_stats: [3.11e-03 3.50e-04] (5.42e-05, 8.71e-03)
[119,   232] loss: 7.732341e-02 masks: 22.1 17.4 [wd: 8.80e-02] [lr: 9.29e-04] [mem: 5.65e+03] (170.1 ms)
[119,   232] grad_stats: [2.22e-03 2.54e-04] (6.19e-05, 1.01e-02)
avg. loss 7.73234079e-02
time taken for epoch 0:00:53.091620
Epoch 120
[120,     0] loss: 7.909839e-02 masks: 20.0 16.0 [wd: 8.80e-02] [lr: 9.29e-04] [mem: 5.65e+03] (161.7 ms)
[120,     0] grad_stats: [2.56e-03 2.65e-04] (6.25e-05, 7.04e-03)
[120,   116] loss: 7.903438e-02 masks: 21.3 17.2 [wd: 8.84e-02] [lr: 9.28e-04] [mem: 5.65e+03] (167.2 ms)
[120,   116] grad_stats: [1.12e-03 4.08e-04] (6.58e-05, 5.88e-03)
[120,   232] loss: 7.862780e-02 masks: 22.0 17.0 [wd: 8.88e-02] [lr: 9.27e-04] [mem: 5.65e+03] (169.4 ms)
[120,   232] grad_stats: [2.44e-03 2.91e-04] (6.86e-05, 1.57e-02)
avg. loss 7.86278050e-02
time taken for epoch 0:00:52.917131
Epoch 121
[121,     0] loss: 8.847598e-02 masks: 19.0 20.0 [wd: 8.88e-02] [lr: 9.27e-04] [mem: 5.65e+03] (163.9 ms)
[121,     0] grad_stats: [2.69e-03 2.54e-04] (5.05e-05, 3.78e-03)
[121,   116] loss: 7.825229e-02 masks: 22.4 17.2 [wd: 8.92e-02] [lr: 9.26e-04] [mem: 5.65e+03] (170.3 ms)
[121,   116] grad_stats: [1.78e-03 2.83e-04] (6.57e-05, 9.54e-03)
[121,   232] loss: 7.824415e-02 masks: 22.5 17.0 [wd: 8.96e-02] [lr: 9.26e-04] [mem: 5.65e+03] (170.9 ms)
[121,   232] grad_stats: [1.26e-03 3.17e-04] (6.20e-05, 9.80e-03)
avg. loss 7.82441535e-02
time taken for epoch 0:00:53.244226
Epoch 122
[122,     0] loss: 6.855103e-02 masks: 33.0 12.0 [wd: 8.96e-02] [lr: 9.25e-04] [mem: 5.65e+03] (190.9 ms)
[122,     0] grad_stats: [9.97e-04 2.08e-04] (4.43e-05, 3.48e-03)
[122,   116] loss: 7.976306e-02 masks: 22.0 17.2 [wd: 9.00e-02] [lr: 9.25e-04] [mem: 5.65e+03] (168.9 ms)
[122,   116] grad_stats: [1.25e-03 2.67e-04] (6.34e-05, 4.14e-03)
[122,   232] loss: 7.932825e-02 masks: 22.0 17.2 [wd: 9.03e-02] [lr: 9.24e-04] [mem: 5.65e+03] (169.8 ms)
[122,   232] grad_stats: [1.28e-03 3.04e-04] (5.76e-05, 7.39e-03)
avg. loss 7.93282527e-02
time taken for epoch 0:00:53.019860
Epoch 123
[123,     0] loss: 8.700138e-02 masks: 20.0 20.0 [wd: 9.03e-02] [lr: 9.24e-04] [mem: 5.65e+03] (165.2 ms)
[123,     0] grad_stats: [1.31e-03 3.61e-04] (6.10e-05, 6.07e-03)
[123,   116] loss: 7.791062e-02 masks: 22.1 17.4 [wd: 9.07e-02] [lr: 9.23e-04] [mem: 5.65e+03] (169.8 ms)
[123,   116] grad_stats: [1.96e-03 2.11e-04] (5.84e-05, 4.57e-03)
[123,   232] loss: 7.888568e-02 masks: 21.9 17.3 [wd: 9.11e-02] [lr: 9.22e-04] [mem: 5.65e+03] (169.6 ms)
[123,   232] grad_stats: [4.97e-03 3.45e-04] (8.34e-05, 1.18e-02)
avg. loss 7.88856829e-02
time taken for epoch 0:00:52.939496
Epoch 124
[124,     0] loss: 1.015307e-01 masks: 12.0 20.0 [wd: 9.11e-02] [lr: 9.22e-04] [mem: 5.65e+03] (141.1 ms)
[124,     0] grad_stats: [6.62e-04 3.71e-04] (6.77e-05, 6.02e-03)
[124,   116] loss: 7.981305e-02 masks: 21.8 17.3 [wd: 9.15e-02] [lr: 9.21e-04] [mem: 5.65e+03] (168.6 ms)
[124,   116] grad_stats: [2.74e-03 2.38e-04] (5.33e-05, 6.23e-03)
[124,   232] loss: 7.965511e-02 masks: 21.9 17.3 [wd: 9.19e-02] [lr: 9.20e-04] [mem: 5.65e+03] (169.4 ms)
[124,   232] grad_stats: [9.12e-04 2.68e-04] (5.66e-05, 3.25e-03)
avg. loss 7.96551140e-02
time taken for epoch 0:00:52.889375
Epoch 125
[125,     0] loss: 1.009085e-01 masks: 14.0 20.0 [wd: 9.19e-02] [lr: 9.20e-04] [mem: 5.65e+03] (150.0 ms)
[125,     0] grad_stats: [1.87e-03 3.00e-04] (6.74e-05, 4.95e-03)
[125,   116] loss: 8.050519e-02 masks: 21.6 17.2 [wd: 9.23e-02] [lr: 9.19e-04] [mem: 5.65e+03] (168.1 ms)
[125,   116] grad_stats: [1.08e-03 2.68e-04] (4.84e-05, 5.05e-03)
[125,   232] loss: 8.098751e-02 masks: 21.3 17.5 [wd: 9.27e-02] [lr: 9.18e-04] [mem: 5.65e+03] (167.9 ms)
[125,   232] grad_stats: [1.92e-03 2.79e-04] (6.60e-05, 9.12e-03)
avg. loss 8.09875056e-02
time taken for epoch 0:00:52.490372
Epoch 126
[126,     0] loss: 7.608089e-02 masks: 26.0 16.0 [wd: 9.27e-02] [lr: 9.18e-04] [mem: 5.65e+03] (178.9 ms)
[126,     0] grad_stats: [2.03e-03 3.28e-04] (6.14e-05, 2.02e-02)
[126,   116] loss: 7.922928e-02 masks: 22.2 17.3 [wd: 9.31e-02] [lr: 9.17e-04] [mem: 5.65e+03] (169.8 ms)
[126,   116] grad_stats: [1.40e-03 2.83e-04] (6.81e-05, 8.57e-03)
[126,   232] loss: 7.967772e-02 masks: 22.0 17.3 [wd: 9.35e-02] [lr: 9.16e-04] [mem: 5.65e+03] (169.8 ms)
[126,   232] grad_stats: [1.40e-03 1.88e-04] (5.20e-05, 5.02e-03)
avg. loss 7.96777182e-02
time taken for epoch 0:00:53.018274
Epoch 127
[127,     0] loss: 9.304365e-02 masks: 20.0 16.0 [wd: 9.35e-02] [lr: 9.16e-04] [mem: 5.65e+03] (160.7 ms)
[127,     0] grad_stats: [1.23e-03 2.74e-04] (6.15e-05, 4.01e-03)
[127,   116] loss: 7.974401e-02 masks: 22.4 17.1 [wd: 9.39e-02] [lr: 9.15e-04] [mem: 5.65e+03] (170.2 ms)
[127,   116] grad_stats: [2.46e-03 2.94e-04] (5.99e-05, 8.21e-03)
[127,   232] loss: 8.049329e-02 masks: 21.8 17.3 [wd: 9.43e-02] [lr: 9.14e-04] [mem: 5.65e+03] (169.2 ms)
[127,   232] grad_stats: [1.08e-03 3.08e-04] (5.81e-05, 6.19e-03)
avg. loss 8.04932938e-02
time taken for epoch 0:00:52.829200
Epoch 128
[128,     0] loss: 1.011547e-01 masks: 13.0 20.0 [wd: 9.43e-02] [lr: 9.14e-04] [mem: 5.65e+03] (146.2 ms)
[128,     0] grad_stats: [1.29e-03 3.38e-04] (6.41e-05, 6.82e-03)
[128,   116] loss: 7.934108e-02 masks: 22.5 17.1 [wd: 9.47e-02] [lr: 9.13e-04] [mem: 5.65e+03] (170.5 ms)
[128,   116] grad_stats: [1.42e-03 2.86e-04] (7.63e-05, 6.75e-03)
[128,   232] loss: 8.067915e-02 masks: 21.9 17.4 [wd: 9.51e-02] [lr: 9.12e-04] [mem: 5.65e+03] (169.4 ms)
[128,   232] grad_stats: [3.90e-03 3.34e-04] (6.29e-05, 5.50e-03)
avg. loss 8.06791528e-02
time taken for epoch 0:00:52.855382
Epoch 129
[129,     0] loss: 8.244541e-02 masks: 17.0 20.0 [wd: 9.51e-02] [lr: 9.12e-04] [mem: 5.65e+03] (158.5 ms)
[129,     0] grad_stats: [3.21e-03 3.95e-04] (7.47e-05, 1.02e-02)
[129,   116] loss: 8.187683e-02 masks: 21.4 17.6 [wd: 9.56e-02] [lr: 9.12e-04] [mem: 5.65e+03] (168.0 ms)
[129,   116] grad_stats: [1.97e-03 2.12e-04] (4.78e-05, 1.10e-02)
[129,   232] loss: 8.207547e-02 masks: 21.4 17.5 [wd: 9.60e-02] [lr: 9.11e-04] [mem: 5.65e+03] (168.2 ms)
[129,   232] grad_stats: [2.38e-03 2.10e-04] (5.32e-05, 4.57e-03)
avg. loss 8.20754678e-02
time taken for epoch 0:00:52.410688
Epoch 130
[130,     0] loss: 6.887646e-02 masks: 25.0 16.0 [wd: 9.60e-02] [lr: 9.11e-04] [mem: 5.65e+03] (175.1 ms)
[130,     0] grad_stats: [4.25e-03 4.06e-04] (6.28e-05, 1.15e-02)
[130,   116] loss: 8.060184e-02 masks: 22.1 17.3 [wd: 9.64e-02] [lr: 9.10e-04] [mem: 5.65e+03] (169.6 ms)
[130,   116] grad_stats: [1.65e-03 3.32e-04] (6.68e-05, 4.69e-03)
[130,   232] loss: 8.074796e-02 masks: 22.0 17.2 [wd: 9.68e-02] [lr: 9.09e-04] [mem: 5.65e+03] (169.7 ms)
[130,   232] grad_stats: [2.50e-03 3.98e-04] (7.06e-05, 1.32e-02)
avg. loss 8.07479606e-02
time taken for epoch 0:00:53.001229
Epoch 131
[131,     0] loss: 7.852765e-02 masks: 25.0 16.0 [wd: 9.68e-02] [lr: 9.09e-04] [mem: 5.65e+03] (175.6 ms)
[131,     0] grad_stats: [2.44e-03 3.61e-04] (7.66e-05, 7.63e-03)
[131,   116] loss: 8.104529e-02 masks: 22.1 17.2 [wd: 9.72e-02] [lr: 9.08e-04] [mem: 5.65e+03] (169.3 ms)
[131,   116] grad_stats: [4.40e-03 3.92e-04] (6.75e-05, 1.10e-02)
[131,   232] loss: 8.098639e-02 masks: 22.1 17.2 [wd: 9.76e-02] [lr: 9.07e-04] [mem: 5.65e+03] (170.0 ms)
[131,   232] grad_stats: [3.08e-03 3.29e-04] (5.02e-05, 1.07e-02)
avg. loss 8.09863937e-02
time taken for epoch 0:00:52.964227
Epoch 132
[132,     0] loss: 9.957504e-02 masks: 8.0 20.0 [wd: 9.76e-02] [lr: 9.07e-04] [mem: 5.65e+03] (132.7 ms)
[132,     0] grad_stats: [1.68e-03 3.36e-04] (6.38e-05, 9.45e-03)
[132,   116] loss: 8.178493e-02 masks: 21.6 17.6 [wd: 9.80e-02] [lr: 9.06e-04] [mem: 5.65e+03] (168.5 ms)
[132,   116] grad_stats: [3.46e-03 4.23e-04] (6.57e-05, 7.85e-03)
[132,   232] loss: 8.112870e-02 masks: 21.7 17.5 [wd: 9.84e-02] [lr: 9.05e-04] [mem: 5.65e+03] (169.1 ms)
[132,   232] grad_stats: [1.84e-03 2.72e-04] (5.59e-05, 1.34e-02)
avg. loss 8.11287007e-02
time taken for epoch 0:00:52.838129
Epoch 133
[133,     0] loss: 7.430663e-02 masks: 23.0 16.0 [wd: 9.84e-02] [lr: 9.05e-04] [mem: 5.65e+03] (167.5 ms)
[133,     0] grad_stats: [2.47e-03 4.16e-04] (6.64e-05, 1.02e-02)
[133,   116] loss: 8.247671e-02 masks: 20.9 17.8 [wd: 9.89e-02] [lr: 9.04e-04] [mem: 5.65e+03] (166.7 ms)
[133,   116] grad_stats: [2.91e-03 3.83e-04] (7.19e-05, 7.78e-03)
[133,   232] loss: 8.167030e-02 masks: 21.7 17.4 [wd: 9.93e-02] [lr: 9.03e-04] [mem: 5.65e+03] (169.1 ms)
[133,   232] grad_stats: [1.26e-03 3.87e-04] (7.49e-05, 8.52e-03)
avg. loss 8.16703005e-02
time taken for epoch 0:00:52.674181
Epoch 134
[134,     0] loss: 9.515116e-02 masks: 15.0 20.0 [wd: 9.93e-02] [lr: 9.03e-04] [mem: 5.65e+03] (151.2 ms)
[134,     0] grad_stats: [1.37e-03 5.19e-04] (8.62e-05, 8.47e-03)
[134,   116] loss: 7.899651e-02 masks: 23.4 16.8 [wd: 9.97e-02] [lr: 9.02e-04] [mem: 5.65e+03] (172.4 ms)
[134,   116] grad_stats: [9.94e-04 2.66e-04] (6.85e-05, 6.00e-03)
[134,   232] loss: 8.098572e-02 masks: 22.2 17.2 [wd: 1.00e-01] [lr: 9.01e-04] [mem: 5.65e+03] (170.1 ms)
[134,   232] grad_stats: [1.48e-03 3.17e-04] (6.39e-05, 8.33e-03)
avg. loss 8.09857197e-02
time taken for epoch 0:00:53.048119
Epoch 135
[135,     0] loss: 8.159103e-02 masks: 19.0 20.0 [wd: 1.00e-01] [lr: 9.01e-04] [mem: 5.65e+03] (163.7 ms)
[135,     0] grad_stats: [1.23e-03 4.50e-04] (7.49e-05, 8.78e-03)
[135,   116] loss: 8.066094e-02 masks: 22.5 17.1 [wd: 1.01e-01] [lr: 9.00e-04] [mem: 5.65e+03] (170.5 ms)
[135,   116] grad_stats: [2.54e-03 3.80e-04] (9.39e-05, 7.63e-03)
[135,   232] loss: 8.165193e-02 masks: 22.1 17.4 [wd: 1.01e-01] [lr: 8.99e-04] [mem: 5.65e+03] (170.1 ms)
[135,   232] grad_stats: [4.04e-03 3.99e-04] (7.75e-05, 6.26e-03)
avg. loss 8.16519336e-02
time taken for epoch 0:00:53.034838
Epoch 136
[136,     0] loss: 6.610487e-02 masks: 35.0 12.0 [wd: 1.01e-01] [lr: 8.98e-04] [mem: 5.65e+03] (197.1 ms)
[136,     0] grad_stats: [5.28e-03 3.10e-04] (5.89e-05, 6.10e-03)
[136,   116] loss: 8.140586e-02 masks: 22.3 17.4 [wd: 1.01e-01] [lr: 8.97e-04] [mem: 5.65e+03] (170.3 ms)
[136,   116] grad_stats: [1.14e-03 3.15e-04] (6.47e-05, 9.20e-03)
[136,   232] loss: 8.157250e-02 masks: 22.1 17.3 [wd: 1.02e-01] [lr: 8.96e-04] [mem: 5.65e+03] (170.2 ms)
[136,   232] grad_stats: [2.84e-03 3.50e-04] (6.93e-05, 8.03e-03)
avg. loss 8.15724964e-02
time taken for epoch 0:00:53.122015
Epoch 137
[137,     0] loss: 7.653190e-02 masks: 25.0 16.0 [wd: 1.02e-01] [lr: 8.96e-04] [mem: 5.65e+03] (175.4 ms)
[137,     0] grad_stats: [2.10e-03 3.13e-04] (6.96e-05, 7.47e-03)
[137,   116] loss: 8.279146e-02 masks: 22.2 17.3 [wd: 1.02e-01] [lr: 8.95e-04] [mem: 5.65e+03] (170.0 ms)
[137,   116] grad_stats: [3.14e-03 3.28e-04] (6.89e-05, 1.01e-02)
[137,   232] loss: 8.245391e-02 masks: 22.3 17.2 [wd: 1.03e-01] [lr: 8.94e-04] [mem: 5.65e+03] (170.5 ms)
[137,   232] grad_stats: [1.59e-03 2.24e-04] (6.17e-05, 1.97e-02)
avg. loss 8.24539139e-02
time taken for epoch 0:00:53.113986
Epoch 138
[138,     0] loss: 8.342680e-02 masks: 17.0 20.0 [wd: 1.03e-01] [lr: 8.94e-04] [mem: 5.65e+03] (156.9 ms)
[138,     0] grad_stats: [6.75e-04 2.08e-04] (7.09e-05, 4.36e-03)
[138,   116] loss: 8.207260e-02 masks: 22.2 17.2 [wd: 1.03e-01] [lr: 8.93e-04] [mem: 5.65e+03] (169.8 ms)
[138,   116] grad_stats: [3.52e-03 3.85e-04] (8.78e-05, 1.20e-02)
[138,   232] loss: 8.327051e-02 masks: 21.7 17.4 [wd: 1.04e-01] [lr: 8.92e-04] [mem: 5.65e+03] (169.2 ms)
[138,   232] grad_stats: [1.31e-03 2.80e-04] (7.69e-05, 4.68e-03)
avg. loss 8.32705069e-02
time taken for epoch 0:00:52.835718
Epoch 139
[139,     0] loss: 8.034517e-02 masks: 21.0 16.0 [wd: 1.04e-01] [lr: 8.92e-04] [mem: 5.65e+03] (163.9 ms)
[139,     0] grad_stats: [1.49e-03 5.38e-04] (9.76e-05, 8.33e-03)
[139,   116] loss: 8.227771e-02 masks: 21.9 17.2 [wd: 1.04e-01] [lr: 8.91e-04] [mem: 5.65e+03] (169.1 ms)
[139,   116] grad_stats: [3.46e-03 3.44e-04] (9.92e-05, 7.05e-03)
[139,   232] loss: 8.302172e-02 masks: 21.6 17.3 [wd: 1.04e-01] [lr: 8.90e-04] [mem: 5.65e+03] (168.8 ms)
[139,   232] grad_stats: [1.24e-03 4.56e-04] (8.45e-05, 7.41e-03)
avg. loss 8.30217153e-02
time taken for epoch 0:00:52.687947
Epoch 140
[140,     0] loss: 7.381197e-02 masks: 24.0 16.0 [wd: 1.04e-01] [lr: 8.90e-04] [mem: 5.65e+03] (171.3 ms)
[140,     0] grad_stats: [1.25e-03 2.18e-04] (6.32e-05, 6.81e-03)
[140,   116] loss: 8.274494e-02 masks: 22.1 17.2 [wd: 1.05e-01] [lr: 8.89e-04] [mem: 5.65e+03] (169.6 ms)
[140,   116] grad_stats: [3.73e-03 2.85e-04] (7.24e-05, 7.18e-03)
[140,   232] loss: 8.266672e-02 masks: 22.2 17.1 [wd: 1.05e-01] [lr: 8.88e-04] [mem: 5.65e+03] (170.2 ms)
[140,   232] grad_stats: [3.15e-03 2.92e-04] (7.04e-05, 6.93e-03)
avg. loss 8.26667219e-02
time taken for epoch 0:00:53.038005
Epoch 141
[141,     0] loss: 9.200107e-02 masks: 16.0 20.0 [wd: 1.05e-01] [lr: 8.88e-04] [mem: 5.65e+03] (155.2 ms)
[141,     0] grad_stats: [3.38e-03 3.33e-04] (7.68e-05, 8.59e-03)
[141,   116] loss: 8.356443e-02 masks: 21.6 17.3 [wd: 1.06e-01] [lr: 8.87e-04] [mem: 5.65e+03] (168.3 ms)
[141,   116] grad_stats: [1.43e-03 3.40e-04] (8.43e-05, 7.42e-03)
[141,   232] loss: 8.350670e-02 masks: 21.6 17.4 [wd: 1.06e-01] [lr: 8.86e-04] [mem: 5.65e+03] (169.0 ms)
[141,   232] grad_stats: [3.26e-03 3.36e-04] (6.06e-05, 8.66e-03)
avg. loss 8.35067029e-02
time taken for epoch 0:00:52.742090
Epoch 142
[142,     0] loss: 7.609598e-02 masks: 19.0 20.0 [wd: 1.06e-01] [lr: 8.86e-04] [mem: 5.65e+03] (162.6 ms)
[142,     0] grad_stats: [1.57e-03 2.83e-04] (5.75e-05, 5.22e-03)
[142,   116] loss: 8.246129e-02 masks: 22.2 17.3 [wd: 1.07e-01] [lr: 8.85e-04] [mem: 5.65e+03] (169.7 ms)
[142,   116] grad_stats: [1.69e-03 2.25e-04] (6.14e-05, 5.08e-03)
[142,   232] loss: 8.273540e-02 masks: 22.0 17.2 [wd: 1.07e-01] [lr: 8.84e-04] [mem: 5.65e+03] (169.6 ms)
[142,   232] grad_stats: [1.50e-03 3.22e-04] (8.28e-05, 5.68e-03)
avg. loss 8.27353999e-02
time taken for epoch 0:00:54.020739
Epoch 143
[143,     0] loss: 7.881010e-02 masks: 17.0 20.0 [wd: 1.07e-01] [lr: 8.84e-04] [mem: 5.65e+03] (158.0 ms)
[143,     0] grad_stats: [2.09e-03 3.84e-04] (8.90e-05, 6.90e-03)
[143,   116] loss: 8.270277e-02 masks: 22.2 17.3 [wd: 1.07e-01] [lr: 8.83e-04] [mem: 5.65e+03] (170.1 ms)
[143,   116] grad_stats: [3.80e-03 2.80e-04] (7.47e-05, 1.46e-02)
[143,   232] loss: 8.268592e-02 masks: 22.1 17.2 [wd: 1.08e-01] [lr: 8.81e-04] [mem: 5.65e+03] (170.0 ms)
[143,   232] grad_stats: [1.77e-03 3.49e-04] (6.40e-05, 7.87e-03)
avg. loss 8.26859172e-02
time taken for epoch 0:00:53.066768
Epoch 144
[144,     0] loss: 1.042800e-01 masks: 9.0 20.0 [wd: 1.08e-01] [lr: 8.81e-04] [mem: 5.65e+03] (136.1 ms)
[144,     0] grad_stats: [1.98e-03 4.47e-04] (8.59e-05, 6.48e-03)
[144,   116] loss: 8.279102e-02 masks: 21.5 17.5 [wd: 1.08e-01] [lr: 8.80e-04] [mem: 5.65e+03] (168.2 ms)
[144,   116] grad_stats: [1.20e-03 3.31e-04] (6.35e-05, 9.78e-03)
[144,   232] loss: 8.300624e-02 masks: 21.9 17.3 [wd: 1.09e-01] [lr: 8.79e-04] [mem: 5.65e+03] (169.5 ms)
[144,   232] grad_stats: [4.97e-03 3.07e-04] (7.78e-05, 9.81e-03)
avg. loss 8.30062358e-02
time taken for epoch 0:00:52.964060
Epoch 145
[145,     0] loss: 8.135245e-02 masks: 21.0 16.0 [wd: 1.09e-01] [lr: 8.79e-04] [mem: 5.65e+03] (163.9 ms)
[145,     0] grad_stats: [9.79e-04 2.93e-04] (7.34e-05, 1.40e-02)
[145,   116] loss: 8.298912e-02 masks: 22.1 17.3 [wd: 1.09e-01] [lr: 8.78e-04] [mem: 5.65e+03] (169.7 ms)
[145,   116] grad_stats: [1.80e-03 3.84e-04] (6.88e-05, 7.78e-03)
[145,   232] loss: 8.312024e-02 masks: 21.9 17.5 [wd: 1.10e-01] [lr: 8.77e-04] [mem: 5.65e+03] (169.8 ms)
[145,   232] grad_stats: [1.15e-03 2.48e-04] (6.71e-05, 1.26e-02)
avg. loss 8.31202359e-02
time taken for epoch 0:00:52.986393
Epoch 146
[146,     0] loss: 8.117697e-02 masks: 23.0 16.0 [wd: 1.10e-01] [lr: 8.77e-04] [mem: 5.65e+03] (167.3 ms)
[146,     0] grad_stats: [2.84e-03 2.79e-04] (6.29e-05, 1.39e-02)
[146,   116] loss: 8.365615e-02 masks: 21.8 17.3 [wd: 1.10e-01] [lr: 8.76e-04] [mem: 5.65e+03] (168.5 ms)
[146,   116] grad_stats: [2.24e-03 3.35e-04] (7.13e-05, 7.33e-03)
[146,   232] loss: 8.233318e-02 masks: 22.7 17.0 [wd: 1.11e-01] [lr: 8.75e-04] [mem: 5.65e+03] (171.2 ms)
[146,   232] grad_stats: [1.63e-03 2.94e-04] (7.14e-05, 7.16e-03)
avg. loss 8.23331775e-02
time taken for epoch 0:00:53.204942
Epoch 147
[147,     0] loss: 9.305273e-02 masks: 17.0 16.0 [wd: 1.11e-01] [lr: 8.75e-04] [mem: 5.65e+03] (152.3 ms)
[147,     0] grad_stats: [1.89e-03 3.27e-04] (1.02e-04, 1.06e-02)
[147,   116] loss: 8.212365e-02 masks: 23.2 16.7 [wd: 1.11e-01] [lr: 8.74e-04] [mem: 5.65e+03] (172.2 ms)
[147,   116] grad_stats: [1.93e-03 2.84e-04] (5.95e-05, 9.08e-03)
[147,   232] loss: 8.333932e-02 masks: 22.3 17.1 [wd: 1.11e-01] [lr: 8.72e-04] [mem: 5.65e+03] (170.3 ms)
[147,   232] grad_stats: [1.59e-03 3.06e-04] (8.88e-05, 3.57e-02)
avg. loss 8.33393157e-02
time taken for epoch 0:00:53.080769
Epoch 148
[148,     0] loss: 8.009031e-02 masks: 25.0 16.0 [wd: 1.11e-01] [lr: 8.72e-04] [mem: 5.65e+03] (174.9 ms)
[148,     0] grad_stats: [1.17e-03 4.07e-04] (8.90e-05, 1.92e-02)
[148,   116] loss: 8.343147e-02 masks: 22.5 17.2 [wd: 1.12e-01] [lr: 8.71e-04] [mem: 5.65e+03] (170.7 ms)
[148,   116] grad_stats: [3.87e-03 3.92e-04] (7.45e-05, 7.34e-03)
[148,   232] loss: 8.397125e-02 masks: 22.2 17.2 [wd: 1.12e-01] [lr: 8.70e-04] [mem: 5.65e+03] (170.2 ms)
[148,   232] grad_stats: [4.53e-03 2.49e-04] (5.95e-05, 8.67e-03)
avg. loss 8.39712546e-02
time taken for epoch 0:00:53.145600
Epoch 149
[149,     0] loss: 7.540257e-02 masks: 33.0 12.0 [wd: 1.12e-01] [lr: 8.70e-04] [mem: 5.65e+03] (192.2 ms)
[149,     0] grad_stats: [2.16e-03 2.69e-04] (5.69e-05, 8.82e-03)
[149,   116] loss: 8.439962e-02 masks: 22.1 17.4 [wd: 1.13e-01] [lr: 8.69e-04] [mem: 5.65e+03] (169.7 ms)
[149,   116] grad_stats: [1.68e-03 3.86e-04] (8.50e-05, 9.95e-03)
[149,   232] loss: 8.408207e-02 masks: 21.9 17.4 [wd: 1.13e-01] [lr: 8.68e-04] [mem: 5.65e+03] (169.6 ms)
[149,   232] grad_stats: [3.52e-03 2.48e-04] (5.92e-05, 5.83e-03)
avg. loss 8.40820743e-02
time taken for epoch 0:00:52.979369
Epoch 150
[150,     0] loss: 9.140347e-02 masks: 15.0 20.0 [wd: 1.13e-01] [lr: 8.68e-04] [mem: 5.65e+03] (151.9 ms)
[150,     0] grad_stats: [1.97e-03 4.66e-04] (7.91e-05, 1.32e-02)
[150,   116] loss: 8.327949e-02 masks: 22.4 17.1 [wd: 1.14e-01] [lr: 8.67e-04] [mem: 5.65e+03] (169.9 ms)
[150,   116] grad_stats: [2.48e-03 3.99e-04] (7.95e-05, 6.91e-03)
[150,   232] loss: 8.407581e-02 masks: 22.1 17.2 [wd: 1.14e-01] [lr: 8.66e-04] [mem: 5.65e+03] (169.7 ms)
[150,   232] grad_stats: [2.96e-03 3.23e-04] (6.93e-05, 1.64e-02)
avg. loss 8.40758090e-02
time taken for epoch 0:00:52.984150
Epoch 151
[151,     0] loss: 8.872350e-02 masks: 16.0 20.0 [wd: 1.14e-01] [lr: 8.66e-04] [mem: 5.65e+03] (155.0 ms)
[151,     0] grad_stats: [3.76e-03 3.47e-04] (7.86e-05, 6.80e-03)
[151,   116] loss: 8.466057e-02 masks: 21.8 17.2 [wd: 1.15e-01] [lr: 8.64e-04] [mem: 5.65e+03] (168.6 ms)
[151,   116] grad_stats: [1.45e-03 3.41e-04] (7.57e-05, 1.14e-02)
[151,   232] loss: 8.434497e-02 masks: 22.2 17.0 [wd: 1.15e-01] [lr: 8.63e-04] [mem: 5.65e+03] (169.8 ms)
[151,   232] grad_stats: [3.07e-03 2.63e-04] (7.07e-05, 9.15e-03)
avg. loss 8.43449696e-02
time taken for epoch 0:00:53.008529
Epoch 152
[152,     0] loss: 9.296982e-02 masks: 17.0 20.0 [wd: 1.15e-01] [lr: 8.63e-04] [mem: 5.65e+03] (157.7 ms)
[152,     0] grad_stats: [2.10e-03 2.72e-04] (9.00e-05, 6.54e-03)
[152,   116] loss: 8.360840e-02 masks: 22.8 16.9 [wd: 1.16e-01] [lr: 8.62e-04] [mem: 5.65e+03] (171.0 ms)
[152,   116] grad_stats: [1.11e-03 2.78e-04] (7.96e-05, 1.20e-02)
[152,   232] loss: 8.443721e-02 masks: 22.3 17.2 [wd: 1.16e-01] [lr: 8.61e-04] [mem: 5.65e+03] (170.3 ms)
[152,   232] grad_stats: [2.83e-03 2.69e-04] (6.62e-05, 6.26e-03)
avg. loss 8.44372055e-02
time taken for epoch 0:00:53.079178
Epoch 153
[153,     0] loss: 9.891176e-02 masks: 18.0 20.0 [wd: 1.16e-01] [lr: 8.61e-04] [mem: 5.65e+03] (161.6 ms)
[153,     0] grad_stats: [1.13e-03 2.66e-04] (7.56e-05, 7.22e-03)
[153,   116] loss: 8.466878e-02 masks: 21.9 17.5 [wd: 1.17e-01] [lr: 8.60e-04] [mem: 5.65e+03] (169.4 ms)
[153,   116] grad_stats: [2.98e-03 3.21e-04] (7.75e-05, 1.12e-02)
[153,   232] loss: 8.461228e-02 masks: 22.0 17.3 [wd: 1.17e-01] [lr: 8.58e-04] [mem: 5.65e+03] (169.8 ms)
[153,   232] grad_stats: [2.81e-03 2.97e-04] (6.96e-05, 7.32e-03)
avg. loss 8.46122776e-02
time taken for epoch 0:00:52.956491
Epoch 154
[154,     0] loss: 9.309526e-02 masks: 20.0 20.0 [wd: 1.17e-01] [lr: 8.58e-04] [mem: 5.65e+03] (165.5 ms)
[154,     0] grad_stats: [1.88e-03 4.28e-04] (9.36e-05, 2.45e-02)
[154,   116] loss: 8.562119e-02 masks: 21.4 17.7 [wd: 1.17e-01] [lr: 8.57e-04] [mem: 5.65e+03] (168.2 ms)
[154,   116] grad_stats: [1.34e-03 4.39e-04] (7.56e-05, 6.40e-03)
[154,   232] loss: 8.411925e-02 masks: 22.2 17.2 [wd: 1.18e-01] [lr: 8.56e-04] [mem: 5.65e+03] (170.3 ms)
[154,   232] grad_stats: [1.27e-03 2.96e-04] (6.99e-05, 6.75e-03)
avg. loss 8.41192464e-02
time taken for epoch 0:00:53.075367
Epoch 155
[155,     0] loss: 8.109375e-02 masks: 26.0 16.0 [wd: 1.18e-01] [lr: 8.56e-04] [mem: 5.65e+03] (178.1 ms)
[155,     0] grad_stats: [2.71e-03 4.13e-04] (8.34e-05, 5.56e-03)
[155,   116] loss: 8.399006e-02 masks: 22.5 16.9 [wd: 1.18e-01] [lr: 8.55e-04] [mem: 5.65e+03] (170.2 ms)
[155,   116] grad_stats: [1.84e-03 2.84e-04] (6.16e-05, 8.82e-03)
[155,   232] loss: 8.417134e-02 masks: 22.3 17.0 [wd: 1.19e-01] [lr: 8.54e-04] [mem: 5.65e+03] (170.3 ms)
[155,   232] grad_stats: [2.32e-03 4.67e-04] (1.06e-04, 2.17e-02)
avg. loss 8.41713419e-02
time taken for epoch 0:00:52.968719
Epoch 156
[156,     0] loss: 8.026276e-02 masks: 25.0 16.0 [wd: 1.19e-01] [lr: 8.54e-04] [mem: 5.65e+03] (172.3 ms)
[156,     0] grad_stats: [1.61e-03 4.58e-04] (9.66e-05, 8.30e-03)
[156,   116] loss: 8.399772e-02 masks: 22.7 17.1 [wd: 1.19e-01] [lr: 8.52e-04] [mem: 5.65e+03] (170.8 ms)
[156,   116] grad_stats: [3.10e-03 4.55e-04] (1.00e-04, 1.31e-02)
[156,   232] loss: 8.501738e-02 masks: 22.2 17.2 [wd: 1.20e-01] [lr: 8.51e-04] [mem: 5.65e+03] (170.1 ms)
[156,   232] grad_stats: [2.04e-03 4.15e-04] (8.17e-05, 1.32e-02)
avg. loss 8.50173825e-02
time taken for epoch 0:00:53.026490
Epoch 157
[157,     0] loss: 9.131541e-02 masks: 17.0 20.0 [wd: 1.20e-01] [lr: 8.51e-04] [mem: 5.65e+03] (156.0 ms)
[157,     0] grad_stats: [2.08e-03 5.30e-04] (8.65e-05, 8.84e-03)
[157,   116] loss: 8.559224e-02 masks: 21.4 17.6 [wd: 1.20e-01] [lr: 8.50e-04] [mem: 5.65e+03] (167.8 ms)
[157,   116] grad_stats: [1.69e-03 3.55e-04] (7.52e-05, 9.67e-03)
[157,   232] loss: 8.573424e-02 masks: 21.5 17.5 [wd: 1.21e-01] [lr: 8.49e-04] [mem: 5.65e+03] (168.6 ms)
[157,   232] grad_stats: [4.75e-03 2.61e-04] (5.86e-05, 1.44e-02)
avg. loss 8.57342418e-02
time taken for epoch 0:00:52.764708
Epoch 158
[158,     0] loss: 7.673964e-02 masks: 24.0 16.0 [wd: 1.21e-01] [lr: 8.49e-04] [mem: 5.65e+03] (171.5 ms)
[158,     0] grad_stats: [2.99e-03 2.34e-04] (6.79e-05, 1.29e-02)
[158,   116] loss: 8.530404e-02 masks: 22.2 17.2 [wd: 1.21e-01] [lr: 8.48e-04] [mem: 5.65e+03] (169.8 ms)
[158,   116] grad_stats: [1.99e-03 3.59e-04] (8.03e-05, 1.23e-02)
[158,   232] loss: 8.499804e-02 masks: 22.0 17.3 [wd: 1.22e-01] [lr: 8.46e-04] [mem: 5.65e+03] (169.6 ms)
[158,   232] grad_stats: [1.84e-03 4.59e-04] (8.70e-05, 1.00e-02)
avg. loss 8.49980399e-02
time taken for epoch 0:00:52.928168
Epoch 159
[159,     0] loss: 8.367556e-02 masks: 21.0 16.0 [wd: 1.22e-01] [lr: 8.46e-04] [mem: 5.65e+03] (161.6 ms)
[159,     0] grad_stats: [4.89e-03 6.71e-04] (9.92e-05, 1.35e-02)
[159,   116] loss: 8.604785e-02 masks: 21.4 17.5 [wd: 1.22e-01] [lr: 8.45e-04] [mem: 5.65e+03] (167.9 ms)
[159,   116] grad_stats: [3.40e-03 4.04e-04] (8.65e-05, 1.35e-02)
[159,   232] loss: 8.547639e-02 masks: 22.0 17.3 [wd: 1.23e-01] [lr: 8.44e-04] [mem: 5.65e+03] (169.6 ms)
[159,   232] grad_stats: [3.27e-03 3.38e-04] (6.79e-05, 8.46e-03)
avg. loss 8.54763862e-02
time taken for epoch 0:00:52.929732
Epoch 160
[160,     0] loss: 9.035956e-02 masks: 24.0 16.0 [wd: 1.23e-01] [lr: 8.44e-04] [mem: 5.65e+03] (173.2 ms)
[160,     0] grad_stats: [2.54e-03 4.48e-04] (8.50e-05, 1.56e-02)
[160,   116] loss: 8.463285e-02 masks: 22.6 17.1 [wd: 1.23e-01] [lr: 8.43e-04] [mem: 5.65e+03] (170.7 ms)
[160,   116] grad_stats: [1.90e-03 3.65e-04] (6.08e-05, 1.22e-02)
[160,   232] loss: 8.481557e-02 masks: 22.5 17.0 [wd: 1.24e-01] [lr: 8.41e-04] [mem: 5.65e+03] (170.8 ms)
[160,   232] grad_stats: [3.92e-03 4.92e-04] (7.67e-05, 1.21e-02)
avg. loss 8.48155692e-02
time taken for epoch 0:00:53.103871
Epoch 161
[161,     0] loss: 9.057922e-02 masks: 21.0 20.0 [wd: 1.24e-01] [lr: 8.41e-04] [mem: 5.65e+03] (168.9 ms)
[161,     0] grad_stats: [1.45e-03 2.61e-04] (6.06e-05, 8.24e-03)
[161,   116] loss: 8.709232e-02 masks: 21.3 17.6 [wd: 1.24e-01] [lr: 8.40e-04] [mem: 5.65e+03] (167.9 ms)
[161,   116] grad_stats: [2.31e-03 3.87e-04] (8.87e-05, 8.45e-03)
[161,   232] loss: 8.656847e-02 masks: 21.7 17.4 [wd: 1.25e-01] [lr: 8.39e-04] [mem: 5.65e+03] (169.2 ms)
[161,   232] grad_stats: [1.12e-03 4.90e-04] (8.74e-05, 6.85e-03)
avg. loss 8.65684698e-02
time taken for epoch 0:00:52.635616
Epoch 162
[162,     0] loss: 7.872806e-02 masks: 26.0 16.0 [wd: 1.25e-01] [lr: 8.39e-04] [mem: 5.65e+03] (178.7 ms)
[162,     0] grad_stats: [3.68e-03 5.18e-04] (9.43e-05, 1.14e-02)
[162,   116] loss: 8.630373e-02 masks: 21.3 17.3 [wd: 1.25e-01] [lr: 8.38e-04] [mem: 5.65e+03] (167.6 ms)
[162,   116] grad_stats: [2.70e-03 5.38e-04] (1.05e-04, 1.09e-02)
[162,   232] loss: 8.585587e-02 masks: 21.7 17.3 [wd: 1.25e-01] [lr: 8.36e-04] [mem: 5.65e+03] (169.1 ms)
[162,   232] grad_stats: [2.68e-03 2.57e-04] (8.47e-05, 1.50e-02)
avg. loss 8.58558714e-02
time taken for epoch 0:00:52.808912
Epoch 163
[163,     0] loss: 7.965804e-02 masks: 24.0 16.0 [wd: 1.25e-01] [lr: 8.36e-04] [mem: 5.65e+03] (171.4 ms)
[163,     0] grad_stats: [4.55e-03 3.70e-04] (7.51e-05, 1.08e-02)
[163,   116] loss: 8.643452e-02 masks: 21.9 17.6 [wd: 1.26e-01] [lr: 8.35e-04] [mem: 5.65e+03] (169.3 ms)
[163,   116] grad_stats: [2.11e-03 2.84e-04] (7.83e-05, 6.38e-03)
[163,   232] loss: 8.587443e-02 masks: 22.1 17.3 [wd: 1.26e-01] [lr: 8.34e-04] [mem: 5.65e+03] (169.9 ms)
[163,   232] grad_stats: [2.41e-03 3.05e-04] (1.02e-04, 7.14e-03)
avg. loss 8.58744273e-02
time taken for epoch 0:00:53.035963
Epoch 164
[164,     0] loss: 8.545785e-02 masks: 21.0 20.0 [wd: 1.26e-01] [lr: 8.34e-04] [mem: 5.65e+03] (167.9 ms)
[164,     0] grad_stats: [2.33e-03 4.44e-04] (9.64e-05, 8.11e-03)
[164,   116] loss: 8.591829e-02 masks: 21.8 17.5 [wd: 1.27e-01] [lr: 8.33e-04] [mem: 5.65e+03] (169.0 ms)
[164,   116] grad_stats: [5.53e-03 3.35e-04] (1.05e-04, 1.36e-02)
[164,   232] loss: 8.710275e-02 masks: 21.5 17.5 [wd: 1.27e-01] [lr: 8.31e-04] [mem: 5.65e+03] (168.5 ms)
[164,   232] grad_stats: [1.53e-03 4.38e-04] (9.96e-05, 1.46e-02)
avg. loss 8.71027473e-02
time taken for epoch 0:00:52.627976
Epoch 165
[165,     0] loss: 7.253294e-02 masks: 36.0 12.0 [wd: 1.27e-01] [lr: 8.31e-04] [mem: 5.65e+03] (199.8 ms)
[165,     0] grad_stats: [3.06e-03 3.50e-04] (8.47e-05, 6.78e-03)
[165,   116] loss: 8.686790e-02 masks: 21.5 17.6 [wd: 1.28e-01] [lr: 8.30e-04] [mem: 5.65e+03] (168.2 ms)
[165,   116] grad_stats: [1.99e-03 2.60e-04] (6.46e-05, 5.15e-03)
[165,   232] loss: 8.683879e-02 masks: 21.5 17.5 [wd: 1.28e-01] [lr: 8.29e-04] [mem: 5.65e+03] (168.6 ms)
[165,   232] grad_stats: [1.40e-03 3.13e-04] (8.05e-05, 6.56e-03)
avg. loss 8.68387910e-02
time taken for epoch 0:00:52.702017
Epoch 166
[166,     0] loss: 8.537889e-02 masks: 20.0 16.0 [wd: 1.28e-01] [lr: 8.29e-04] [mem: 5.65e+03] (159.9 ms)
[166,     0] grad_stats: [1.28e-03 2.61e-04] (8.19e-05, 2.02e-02)
[166,   116] loss: 8.440346e-02 masks: 23.0 16.7 [wd: 1.29e-01] [lr: 8.27e-04] [mem: 5.65e+03] (171.6 ms)
[166,   116] grad_stats: [2.80e-03 3.90e-04] (8.14e-05, 9.19e-03)
[166,   232] loss: 8.548652e-02 masks: 22.5 16.9 [wd: 1.29e-01] [lr: 8.26e-04] [mem: 5.65e+03] (170.6 ms)
[166,   232] grad_stats: [1.32e-03 4.30e-04] (8.33e-05, 8.69e-03)
avg. loss 8.54865188e-02
time taken for epoch 0:00:53.052070
Epoch 167
[167,     0] loss: 8.483314e-02 masks: 25.0 16.0 [wd: 1.29e-01] [lr: 8.26e-04] [mem: 5.65e+03] (174.2 ms)
[167,     0] grad_stats: [1.66e-03 3.43e-04] (7.69e-05, 6.81e-03)
[167,   116] loss: 8.666875e-02 masks: 21.8 17.2 [wd: 1.30e-01] [lr: 8.25e-04] [mem: 5.65e+03] (168.6 ms)
[167,   116] grad_stats: [1.48e-03 3.15e-04] (7.60e-05, 9.09e-03)
[167,   232] loss: 8.633095e-02 masks: 21.8 17.2 [wd: 1.30e-01] [lr: 8.24e-04] [mem: 5.65e+03] (168.9 ms)
[167,   232] grad_stats: [2.37e-03 3.58e-04] (8.87e-05, 1.03e-02)
avg. loss 8.63309516e-02
time taken for epoch 0:00:52.755901
Epoch 168
[168,     0] loss: 8.287194e-02 masks: 23.0 20.0 [wd: 1.30e-01] [lr: 8.24e-04] [mem: 5.65e+03] (172.8 ms)
[168,     0] grad_stats: [1.94e-03 5.11e-04] (9.19e-05, 7.91e-03)
[168,   116] loss: 8.685421e-02 masks: 21.8 17.6 [wd: 1.31e-01] [lr: 8.22e-04] [mem: 5.65e+03] (169.0 ms)
[168,   116] grad_stats: [2.90e-03 3.53e-04] (8.20e-05, 9.34e-03)
[168,   232] loss: 8.674277e-02 masks: 21.9 17.4 [wd: 1.31e-01] [lr: 8.21e-04] [mem: 5.65e+03] (169.6 ms)
[168,   232] grad_stats: [1.84e-03 3.83e-04] (6.67e-05, 1.10e-02)
avg. loss 8.67427661e-02
time taken for epoch 0:00:53.072228
Epoch 169
[169,     0] loss: 9.459538e-02 masks: 21.0 16.0 [wd: 1.31e-01] [lr: 8.21e-04] [mem: 5.65e+03] (165.2 ms)
[169,     0] grad_stats: [1.56e-03 3.55e-04] (7.69e-05, 6.45e-03)
[169,   116] loss: 8.757032e-02 masks: 21.9 17.2 [wd: 1.32e-01] [lr: 8.20e-04] [mem: 5.65e+03] (169.0 ms)
[169,   116] grad_stats: [1.35e-03 3.78e-04] (7.89e-05, 2.21e-02)
[169,   232] loss: 8.685643e-02 masks: 22.0 17.2 [wd: 1.32e-01] [lr: 8.18e-04] [mem: 5.65e+03] (169.6 ms)
[169,   232] grad_stats: [8.67e-04 3.87e-04] (8.40e-05, 1.73e-02)
avg. loss 8.68564268e-02
time taken for epoch 0:00:52.911472
Epoch 170
[170,     0] loss: 6.795496e-02 masks: 33.0 12.0 [wd: 1.32e-01] [lr: 8.18e-04] [mem: 5.65e+03] (191.6 ms)
[170,     0] grad_stats: [7.66e-04 2.89e-04] (6.61e-05, 4.35e-03)
[170,   116] loss: 8.666498e-02 masks: 22.5 17.0 [wd: 1.33e-01] [lr: 8.17e-04] [mem: 5.65e+03] (170.2 ms)
[170,   116] grad_stats: [3.17e-03 5.52e-04] (1.10e-04, 1.26e-02)
[170,   232] loss: 8.753662e-02 masks: 21.9 17.4 [wd: 1.33e-01] [lr: 8.16e-04] [mem: 5.65e+03] (169.3 ms)
[170,   232] grad_stats: [1.67e-03 2.75e-04] (7.52e-05, 6.65e-03)
avg. loss 8.75366219e-02
time taken for epoch 0:00:52.948102
Epoch 171
[171,     0] loss: 7.647501e-02 masks: 25.0 16.0 [wd: 1.33e-01] [lr: 8.16e-04] [mem: 5.65e+03] (174.3 ms)
[171,     0] grad_stats: [1.90e-03 3.44e-04] (7.32e-05, 2.40e-02)
[171,   116] loss: 8.591500e-02 masks: 22.7 16.8 [wd: 1.34e-01] [lr: 8.14e-04] [mem: 5.65e+03] (170.5 ms)
[171,   116] grad_stats: [3.10e-03 4.24e-04] (9.72e-05, 7.76e-03)
[171,   232] loss: 8.597440e-02 masks: 22.5 16.9 [wd: 1.34e-01] [lr: 8.13e-04] [mem: 5.65e+03] (170.6 ms)
[171,   232] grad_stats: [9.66e-04 3.08e-04] (9.86e-05, 4.90e-03)
avg. loss 8.59744008e-02
time taken for epoch 0:00:53.128425
Epoch 172
[172,     0] loss: 7.845911e-02 masks: 25.0 16.0 [wd: 1.34e-01] [lr: 8.13e-04] [mem: 5.65e+03] (173.9 ms)
[172,     0] grad_stats: [1.59e-03 2.42e-04] (8.33e-05, 1.36e-02)
[172,   116] loss: 8.775727e-02 masks: 21.7 17.3 [wd: 1.35e-01] [lr: 8.12e-04] [mem: 5.65e+03] (168.4 ms)
[172,   116] grad_stats: [4.60e-03 4.21e-04] (9.93e-05, 7.64e-03)
[172,   232] loss: 8.789220e-02 masks: 21.5 17.5 [wd: 1.35e-01] [lr: 8.10e-04] [mem: 5.65e+03] (168.5 ms)
[172,   232] grad_stats: [3.01e-03 2.78e-04] (7.22e-05, 1.54e-02)
avg. loss 8.78922035e-02
time taken for epoch 0:00:52.545000
Epoch 173
[173,     0] loss: 8.995032e-02 masks: 21.0 16.0 [wd: 1.35e-01] [lr: 8.10e-04] [mem: 5.65e+03] (161.9 ms)
[173,     0] grad_stats: [1.53e-03 2.94e-04] (7.61e-05, 6.06e-03)
[173,   116] loss: 8.663064e-02 masks: 22.3 17.1 [wd: 1.36e-01] [lr: 8.09e-04] [mem: 5.65e+03] (169.9 ms)
[173,   116] grad_stats: [1.72e-03 3.95e-04] (8.41e-05, 8.65e-03)
[173,   232] loss: 8.689861e-02 masks: 22.0 17.3 [wd: 1.36e-01] [lr: 8.08e-04] [mem: 5.65e+03] (169.7 ms)
[173,   232] grad_stats: [2.72e-03 4.37e-04] (9.38e-05, 1.06e-02)
avg. loss 8.68986050e-02
time taken for epoch 0:00:52.953630
Epoch 174
[174,     0] loss: 7.983633e-02 masks: 18.0 20.0 [wd: 1.36e-01] [lr: 8.08e-04] [mem: 5.65e+03] (160.9 ms)
[174,     0] grad_stats: [4.10e-03 3.86e-04] (8.94e-05, 1.65e-02)
[174,   116] loss: 8.700568e-02 masks: 21.9 17.3 [wd: 1.37e-01] [lr: 8.06e-04] [mem: 5.65e+03] (169.0 ms)
[174,   116] grad_stats: [1.52e-03 3.42e-04] (6.82e-05, 1.55e-02)
[174,   232] loss: 8.730936e-02 masks: 21.7 17.3 [wd: 1.37e-01] [lr: 8.05e-04] [mem: 5.65e+03] (168.9 ms)
[174,   232] grad_stats: [2.00e-03 4.99e-04] (1.02e-04, 8.03e-03)
avg. loss 8.73093586e-02
time taken for epoch 0:00:52.824362
Epoch 175
[175,     0] loss: 9.034507e-02 masks: 22.0 16.0 [wd: 1.37e-01] [lr: 8.05e-04] [mem: 5.65e+03] (166.8 ms)
[175,     0] grad_stats: [2.49e-03 4.07e-04] (9.99e-05, 2.83e-02)
[175,   116] loss: 8.707511e-02 masks: 22.1 17.3 [wd: 1.38e-01] [lr: 8.04e-04] [mem: 5.65e+03] (169.6 ms)
[175,   116] grad_stats: [1.47e-03 2.87e-04] (8.47e-05, 1.14e-02)
[175,   232] loss: 8.726780e-02 masks: 22.1 17.3 [wd: 1.38e-01] [lr: 8.02e-04] [mem: 5.65e+03] (169.8 ms)
[175,   232] grad_stats: [2.47e-03 4.33e-04] (8.44e-05, 6.49e-03)
avg. loss 8.72677975e-02
time taken for epoch 0:00:52.941937
Epoch 176
[176,     0] loss: 9.254095e-02 masks: 18.0 20.0 [wd: 1.38e-01] [lr: 8.02e-04] [mem: 5.65e+03] (160.8 ms)
[176,     0] grad_stats: [1.36e-03 3.20e-04] (7.55e-05, 3.83e-03)
[176,   116] loss: 8.672628e-02 masks: 22.0 17.3 [wd: 1.39e-01] [lr: 8.01e-04] [mem: 5.65e+03] (169.4 ms)
[176,   116] grad_stats: [1.56e-03 4.46e-04] (9.71e-05, 1.12e-02)
[176,   232] loss: 8.675935e-02 masks: 22.2 17.2 [wd: 1.39e-01] [lr: 8.00e-04] [mem: 5.65e+03] (170.3 ms)
[176,   232] grad_stats: [4.24e-03 3.61e-04] (9.45e-05, 1.44e-02)
avg. loss 8.67593546e-02
time taken for epoch 0:00:53.163061
Epoch 177
[177,     0] loss: 7.503478e-02 masks: 33.0 12.0 [wd: 1.39e-01] [lr: 8.00e-04] [mem: 5.65e+03] (191.0 ms)
[177,     0] grad_stats: [2.85e-03 3.19e-04] (7.99e-05, 1.08e-02)
[177,   116] loss: 8.753152e-02 masks: 22.1 17.3 [wd: 1.40e-01] [lr: 7.98e-04] [mem: 5.65e+03] (169.7 ms)
[177,   116] grad_stats: [2.80e-03 3.74e-04] (7.56e-05, 1.72e-02)
[177,   232] loss: 8.750485e-02 masks: 22.0 17.3 [wd: 1.40e-01] [lr: 7.97e-04] [mem: 5.65e+03] (169.6 ms)
[177,   232] grad_stats: [1.46e-03 3.49e-04] (8.72e-05, 4.58e-03)
avg. loss 8.75048453e-02
time taken for epoch 0:00:52.993946
Epoch 178
[178,     0] loss: 8.122431e-02 masks: 21.0 16.0 [wd: 1.40e-01] [lr: 7.97e-04] [mem: 5.65e+03] (164.0 ms)
[178,     0] grad_stats: [3.46e-03 3.94e-04] (9.61e-05, 1.86e-02)
[178,   116] loss: 8.585240e-02 masks: 22.7 17.0 [wd: 1.41e-01] [lr: 7.95e-04] [mem: 5.65e+03] (171.0 ms)
[178,   116] grad_stats: [1.54e-03 2.88e-04] (8.78e-05, 9.19e-03)
[178,   232] loss: 8.677737e-02 masks: 22.0 17.4 [wd: 1.41e-01] [lr: 7.94e-04] [mem: 5.65e+03] (169.7 ms)
[178,   232] grad_stats: [1.50e-03 2.97e-04] (7.63e-05, 1.32e-02)
avg. loss 8.67773721e-02
time taken for epoch 0:00:52.954058
Epoch 179
[179,     0] loss: 9.360616e-02 masks: 17.0 20.0 [wd: 1.41e-01] [lr: 7.94e-04] [mem: 5.65e+03] (156.9 ms)
[179,     0] grad_stats: [1.41e-03 3.57e-04] (8.61e-05, 1.66e-02)
[179,   116] loss: 8.900113e-02 masks: 20.8 17.9 [wd: 1.42e-01] [lr: 7.93e-04] [mem: 5.65e+03] (166.7 ms)
[179,   116] grad_stats: [1.88e-03 3.47e-04] (8.69e-05, 1.19e-02)
[179,   232] loss: 8.809584e-02 masks: 21.5 17.6 [wd: 1.42e-01] [lr: 7.91e-04] [mem: 5.65e+03] (168.7 ms)
[179,   232] grad_stats: [3.72e-03 3.28e-04] (8.08e-05, 2.48e-02)
avg. loss 8.80958374e-02
time taken for epoch 0:00:52.763891
Epoch 180
[180,     0] loss: 8.596325e-02 masks: 23.0 16.0 [wd: 1.42e-01] [lr: 7.91e-04] [mem: 5.65e+03] (168.0 ms)
[180,     0] grad_stats: [2.34e-03 3.18e-04] (9.13e-05, 6.56e-03)
[180,   116] loss: 8.802957e-02 masks: 21.3 17.6 [wd: 1.43e-01] [lr: 7.90e-04] [mem: 5.65e+03] (167.7 ms)
[180,   116] grad_stats: [1.44e-03 5.02e-04] (7.41e-05, 1.19e-02)
[180,   232] loss: 8.834243e-02 masks: 21.4 17.4 [wd: 1.43e-01] [lr: 7.89e-04] [mem: 5.65e+03] (168.2 ms)
[180,   232] grad_stats: [2.46e-03 3.18e-04] (8.98e-05, 1.40e-02)
avg. loss 8.83424333e-02
time taken for epoch 0:00:52.616112
Epoch 181
[181,     0] loss: 7.709871e-02 masks: 25.0 16.0 [wd: 1.43e-01] [lr: 7.89e-04] [mem: 5.65e+03] (174.8 ms)
[181,     0] grad_stats: [3.96e-03 4.33e-04] (8.36e-05, 2.95e-02)
[181,   116] loss: 8.842565e-02 masks: 21.5 17.4 [wd: 1.44e-01] [lr: 7.87e-04] [mem: 5.65e+03] (168.0 ms)
[181,   116] grad_stats: [8.85e-04 2.89e-04] (8.12e-05, 1.31e-02)
[181,   232] loss: 8.746265e-02 masks: 21.8 17.3 [wd: 1.44e-01] [lr: 7.86e-04] [mem: 5.65e+03] (169.2 ms)
[181,   232] grad_stats: [2.51e-03 3.02e-04] (8.11e-05, 1.26e-02)
avg. loss 8.74626539e-02
time taken for epoch 0:00:52.875388
Epoch 182
[182,     0] loss: 7.881144e-02 masks: 27.0 16.0 [wd: 1.44e-01] [lr: 7.86e-04] [mem: 5.65e+03] (181.0 ms)
[182,     0] grad_stats: [2.53e-03 3.76e-04] (7.75e-05, 2.23e-02)
[182,   116] loss: 8.739117e-02 masks: 22.3 17.4 [wd: 1.45e-01] [lr: 7.84e-04] [mem: 5.65e+03] (170.2 ms)
[182,   116] grad_stats: [1.08e-03 4.98e-04] (9.17e-05, 2.03e-02)
[182,   232] loss: 8.725693e-02 masks: 22.1 17.5 [wd: 1.45e-01] [lr: 7.83e-04] [mem: 5.65e+03] (170.1 ms)
[182,   232] grad_stats: [2.25e-03 4.17e-04] (8.55e-05, 2.48e-02)
avg. loss 8.72569294e-02
time taken for epoch 0:00:53.035701
Epoch 183
[183,     0] loss: 8.279793e-02 masks: 24.0 16.0 [wd: 1.45e-01] [lr: 7.83e-04] [mem: 5.65e+03] (173.0 ms)
[183,     0] grad_stats: [1.75e-03 3.82e-04] (8.74e-05, 1.32e-02)
[183,   116] loss: 8.771801e-02 masks: 21.3 17.6 [wd: 1.46e-01] [lr: 7.82e-04] [mem: 5.65e+03] (167.8 ms)
[183,   116] grad_stats: [1.93e-03 3.08e-04] (9.06e-05, 8.30e-03)
[183,   232] loss: 8.799545e-02 masks: 21.5 17.5 [wd: 1.46e-01] [lr: 7.80e-04] [mem: 5.65e+03] (168.7 ms)
[183,   232] grad_stats: [1.86e-03 3.86e-04] (7.89e-05, 1.97e-02)
avg. loss 8.79954527e-02
time taken for epoch 0:00:52.695080
Epoch 184
[184,     0] loss: 9.494579e-02 masks: 21.0 20.0 [wd: 1.46e-01] [lr: 7.80e-04] [mem: 5.65e+03] (168.7 ms)
[184,     0] grad_stats: [1.18e-03 2.89e-04] (8.86e-05, 1.38e-02)
[184,   116] loss: 8.794313e-02 masks: 21.8 17.3 [wd: 1.47e-01] [lr: 7.79e-04] [mem: 5.65e+03] (168.7 ms)
[184,   116] grad_stats: [2.07e-03 2.88e-04] (6.84e-05, 6.64e-03)
[184,   232] loss: 8.827371e-02 masks: 21.7 17.4 [wd: 1.47e-01] [lr: 7.77e-04] [mem: 5.65e+03] (168.9 ms)
[184,   232] grad_stats: [1.11e-03 4.66e-04] (7.61e-05, 5.59e-03)
avg. loss 8.82737149e-02
time taken for epoch 0:00:52.811353
Epoch 185
[185,     0] loss: 9.949145e-02 masks: 16.0 20.0 [wd: 1.47e-01] [lr: 7.77e-04] [mem: 5.65e+03] (153.0 ms)
[185,     0] grad_stats: [2.28e-03 4.46e-04] (8.64e-05, 1.73e-02)
[185,   116] loss: 8.735800e-02 masks: 22.1 17.0 [wd: 1.48e-01] [lr: 7.76e-04] [mem: 5.65e+03] (169.0 ms)
[185,   116] grad_stats: [3.57e-03 2.92e-04] (8.11e-05, 1.47e-02)
[185,   232] loss: 8.723022e-02 masks: 22.3 17.0 [wd: 1.49e-01] [lr: 7.74e-04] [mem: 5.65e+03] (170.1 ms)
[185,   232] grad_stats: [2.02e-03 3.50e-04] (8.65e-05, 2.28e-02)
avg. loss 8.72302248e-02
time taken for epoch 0:00:53.049743
Epoch 186
[186,     0] loss: 1.085426e-01 masks: 14.0 20.0 [wd: 1.49e-01] [lr: 7.74e-04] [mem: 5.65e+03] (148.7 ms)
[186,     0] grad_stats: [2.38e-03 4.38e-04] (1.12e-04, 1.78e-02)
[186,   116] loss: 8.768577e-02 masks: 21.9 17.0 [wd: 1.49e-01] [lr: 7.73e-04] [mem: 5.65e+03] (168.5 ms)
[186,   116] grad_stats: [3.71e-03 4.82e-04] (8.17e-05, 2.46e-02)
[186,   232] loss: 8.676914e-02 masks: 22.5 16.8 [wd: 1.50e-01] [lr: 7.72e-04] [mem: 5.65e+03] (170.3 ms)
[186,   232] grad_stats: [2.71e-03 2.79e-04] (7.63e-05, 9.08e-03)
avg. loss 8.67691400e-02
time taken for epoch 0:00:53.088139
Epoch 187
[187,     0] loss: 8.178334e-02 masks: 27.0 16.0 [wd: 1.50e-01] [lr: 7.72e-04] [mem: 5.65e+03] (181.2 ms)
[187,     0] grad_stats: [3.86e-03 3.68e-04] (8.00e-05, 1.68e-02)
[187,   116] loss: 8.749912e-02 masks: 22.1 17.2 [wd: 1.50e-01] [lr: 7.70e-04] [mem: 5.65e+03] (169.5 ms)
[187,   116] grad_stats: [3.86e-03 3.31e-04] (8.53e-05, 1.61e-02)
[187,   232] loss: 8.795250e-02 masks: 21.8 17.3 [wd: 1.51e-01] [lr: 7.69e-04] [mem: 5.65e+03] (169.3 ms)
[187,   232] grad_stats: [1.47e-03 4.94e-04] (8.38e-05, 2.48e-02)
avg. loss 8.79525032e-02
time taken for epoch 0:00:52.867513
Epoch 188
[188,     0] loss: 8.525440e-02 masks: 20.0 20.0 [wd: 1.51e-01] [lr: 7.69e-04] [mem: 5.65e+03] (165.0 ms)
[188,     0] grad_stats: [3.07e-03 3.04e-04] (8.94e-05, 2.00e-02)
[188,   116] loss: 8.951667e-02 masks: 20.8 17.7 [wd: 1.51e-01] [lr: 7.67e-04] [mem: 5.65e+03] (166.4 ms)
[188,   116] grad_stats: [3.48e-03 4.13e-04] (1.02e-04, 2.97e-02)
[188,   232] loss: 8.896512e-02 masks: 21.3 17.4 [wd: 1.52e-01] [lr: 7.66e-04] [mem: 5.65e+03] (167.8 ms)
[188,   232] grad_stats: [3.54e-03 4.71e-04] (8.16e-05, 1.21e-02)
avg. loss 8.89651174e-02
time taken for epoch 0:00:52.571531
Epoch 189
[189,     0] loss: 8.240485e-02 masks: 19.0 20.0 [wd: 1.52e-01] [lr: 7.66e-04] [mem: 5.65e+03] (164.1 ms)
[189,     0] grad_stats: [3.86e-03 2.69e-04] (7.41e-05, 1.03e-02)
[189,   116] loss: 8.714486e-02 masks: 22.5 16.9 [wd: 1.52e-01] [lr: 7.64e-04] [mem: 5.65e+03] (170.1 ms)
[189,   116] grad_stats: [2.92e-03 4.24e-04] (9.09e-05, 1.55e-02)
[189,   232] loss: 8.739877e-02 masks: 22.2 17.1 [wd: 1.53e-01] [lr: 7.63e-04] [mem: 5.65e+03] (169.8 ms)
[189,   232] grad_stats: [2.87e-03 4.33e-04] (1.03e-04, 1.10e-02)
avg. loss 8.73987743e-02
time taken for epoch 0:00:52.999135
Epoch 190
[190,     0] loss: 7.254902e-02 masks: 33.0 12.0 [wd: 1.53e-01] [lr: 7.63e-04] [mem: 5.65e+03] (190.8 ms)
[190,     0] grad_stats: [2.79e-03 3.12e-04] (7.16e-05, 8.95e-03)
[190,   116] loss: 8.777022e-02 masks: 22.0 17.4 [wd: 1.53e-01] [lr: 7.61e-04] [mem: 5.65e+03] (169.2 ms)
[190,   116] grad_stats: [3.21e-03 3.00e-04] (8.21e-05, 2.43e-02)
[190,   232] loss: 8.737759e-02 masks: 22.1 17.3 [wd: 1.54e-01] [lr: 7.60e-04] [mem: 5.65e+03] (169.8 ms)
[190,   232] grad_stats: [1.79e-03 3.57e-04] (7.87e-05, 1.50e-02)
avg. loss 8.73775888e-02
time taken for epoch 0:00:53.019404
Epoch 191
[191,     0] loss: 7.555436e-02 masks: 27.0 16.0 [wd: 1.54e-01] [lr: 7.60e-04] [mem: 5.65e+03] (180.7 ms)
[191,     0] grad_stats: [1.27e-03 3.49e-04] (7.20e-05, 2.31e-02)
[191,   116] loss: 8.742336e-02 masks: 21.8 17.6 [wd: 1.54e-01] [lr: 7.59e-04] [mem: 5.65e+03] (168.9 ms)
[191,   116] grad_stats: [2.31e-03 3.41e-04] (8.84e-05, 1.65e-02)
[191,   232] loss: 8.730745e-02 masks: 22.0 17.4 [wd: 1.55e-01] [lr: 7.57e-04] [mem: 5.65e+03] (169.8 ms)
[191,   232] grad_stats: [2.06e-03 3.91e-04] (9.22e-05, 1.17e-02)
avg. loss 8.73074499e-02
time taken for epoch 0:00:52.819483
Epoch 192
[192,     0] loss: 9.321109e-02 masks: 16.0 20.0 [wd: 1.55e-01] [lr: 7.57e-04] [mem: 5.65e+03] (154.1 ms)
[192,     0] grad_stats: [2.31e-03 3.56e-04] (8.66e-05, 2.06e-02)
[192,   116] loss: 8.785777e-02 masks: 21.7 17.3 [wd: 1.55e-01] [lr: 7.56e-04] [mem: 5.65e+03] (168.3 ms)
[192,   116] grad_stats: [2.52e-03 3.07e-04] (8.97e-05, 8.49e-03)
[192,   232] loss: 8.791237e-02 masks: 21.9 17.1 [wd: 1.56e-01] [lr: 7.54e-04] [mem: 5.65e+03] (169.2 ms)
[192,   232] grad_stats: [1.89e-03 3.21e-04] (8.39e-05, 1.02e-02)
avg. loss 8.79123715e-02
time taken for epoch 0:00:52.883854
Epoch 193
[193,     0] loss: 9.770104e-02 masks: 20.0 20.0 [wd: 1.56e-01] [lr: 7.54e-04] [mem: 5.65e+03] (165.8 ms)
[193,     0] grad_stats: [1.64e-03 3.28e-04] (9.10e-05, 7.64e-03)
[193,   116] loss: 8.897236e-02 masks: 21.3 17.4 [wd: 1.56e-01] [lr: 7.53e-04] [mem: 5.65e+03] (167.3 ms)
[193,   116] grad_stats: [1.37e-03 3.35e-04] (9.20e-05, 2.04e-02)
[193,   232] loss: 8.849464e-02 masks: 21.9 17.3 [wd: 1.57e-01] [lr: 7.51e-04] [mem: 5.65e+03] (169.5 ms)
[193,   232] grad_stats: [1.06e-03 3.15e-04] (8.65e-05, 7.68e-03)
avg. loss 8.84946429e-02
time taken for epoch 0:00:52.943917
Epoch 194
[194,     0] loss: 9.384771e-02 masks: 17.0 20.0 [wd: 1.57e-01] [lr: 7.51e-04] [mem: 5.65e+03] (156.1 ms)
[194,     0] grad_stats: [1.81e-03 3.82e-04] (1.03e-04, 2.19e-02)
[194,   116] loss: 8.729335e-02 masks: 22.6 17.2 [wd: 1.57e-01] [lr: 7.50e-04] [mem: 5.65e+03] (170.7 ms)
[194,   116] grad_stats: [3.87e-03 4.02e-04] (9.82e-05, 1.07e-02)
[194,   232] loss: 8.830031e-02 masks: 22.1 17.2 [wd: 1.58e-01] [lr: 7.48e-04] [mem: 5.65e+03] (170.0 ms)
[194,   232] grad_stats: [2.19e-03 3.95e-04] (9.49e-05, 8.69e-03)
avg. loss 8.83003136e-02
time taken for epoch 0:00:52.991891
Epoch 195
[195,     0] loss: 8.252279e-02 masks: 21.0 16.0 [wd: 1.58e-01] [lr: 7.48e-04] [mem: 5.65e+03] (163.4 ms)
[195,     0] grad_stats: [3.42e-03 3.21e-04] (7.43e-05, 1.52e-02)
[195,   116] loss: 8.890884e-02 masks: 21.6 17.4 [wd: 1.58e-01] [lr: 7.47e-04] [mem: 5.65e+03] (168.3 ms)
[195,   116] grad_stats: [3.34e-03 3.10e-04] (7.19e-05, 1.14e-02)
[195,   232] loss: 8.930144e-02 masks: 21.2 17.5 [wd: 1.59e-01] [lr: 7.45e-04] [mem: 5.65e+03] (167.8 ms)
[195,   232] grad_stats: [2.52e-03 4.66e-04] (9.80e-05, 2.25e-02)
avg. loss 8.93014353e-02
time taken for epoch 0:00:52.510704
Epoch 196
[196,     0] loss: 8.461357e-02 masks: 23.0 16.0 [wd: 1.59e-01] [lr: 7.45e-04] [mem: 5.65e+03] (167.5 ms)
[196,     0] grad_stats: [3.57e-03 4.35e-04] (8.94e-05, 1.60e-02)
[196,   116] loss: 8.942260e-02 masks: 21.4 17.6 [wd: 1.60e-01] [lr: 7.44e-04] [mem: 5.65e+03] (167.7 ms)
[196,   116] grad_stats: [1.75e-03 3.09e-04] (8.64e-05, 1.32e-02)
[196,   232] loss: 8.948841e-02 masks: 21.5 17.5 [wd: 1.60e-01] [lr: 7.42e-04] [mem: 5.65e+03] (168.5 ms)
[196,   232] grad_stats: [4.46e-03 3.38e-04] (9.05e-05, 1.76e-02)
avg. loss 8.94884068e-02
time taken for epoch 0:00:52.681531
Epoch 197
[197,     0] loss: 6.790330e-02 masks: 35.0 12.0 [wd: 1.60e-01] [lr: 7.42e-04] [mem: 5.65e+03] (196.4 ms)
[197,     0] grad_stats: [1.82e-03 2.94e-04] (7.65e-05, 1.26e-02)
[197,   116] loss: 8.742409e-02 masks: 22.5 17.1 [wd: 1.61e-01] [lr: 7.41e-04] [mem: 5.65e+03] (170.5 ms)
[197,   116] grad_stats: [1.70e-03 3.04e-04] (7.96e-05, 1.10e-02)
[197,   232] loss: 8.813192e-02 masks: 22.1 17.2 [wd: 1.61e-01] [lr: 7.39e-04] [mem: 5.65e+03] (169.6 ms)
[197,   232] grad_stats: [1.38e-03 3.72e-04] (8.49e-05, 1.04e-02)
avg. loss 8.81319202e-02
time taken for epoch 0:00:52.949043
Epoch 198
[198,     0] loss: 7.410216e-02 masks: 27.0 16.0 [wd: 1.61e-01] [lr: 7.39e-04] [mem: 5.65e+03] (180.9 ms)
[198,     0] grad_stats: [2.72e-03 2.98e-04] (7.02e-05, 1.04e-02)
[198,   116] loss: 8.834666e-02 masks: 21.8 17.4 [wd: 1.62e-01] [lr: 7.38e-04] [mem: 5.65e+03] (168.7 ms)
[198,   116] grad_stats: [3.88e-03 3.81e-04] (8.46e-05, 1.91e-02)
[198,   232] loss: 8.852369e-02 masks: 21.9 17.3 [wd: 1.62e-01] [lr: 7.36e-04] [mem: 5.65e+03] (169.6 ms)
[198,   232] grad_stats: [1.80e-03 2.95e-04] (7.47e-05, 7.83e-03)
avg. loss 8.85236894e-02
time taken for epoch 0:00:52.931162
Epoch 199
[199,     0] loss: 9.066431e-02 masks: 23.0 16.0 [wd: 1.62e-01] [lr: 7.36e-04] [mem: 5.65e+03] (167.2 ms)
[199,     0] grad_stats: [2.75e-03 4.46e-04] (8.22e-05, 1.35e-02)
[199,   116] loss: 8.875093e-02 masks: 21.8 17.3 [wd: 1.63e-01] [lr: 7.35e-04] [mem: 5.65e+03] (168.6 ms)
[199,   116] grad_stats: [2.49e-03 3.40e-04] (1.05e-04, 9.16e-03)
[199,   232] loss: 8.907851e-02 masks: 21.8 17.5 [wd: 1.63e-01] [lr: 7.33e-04] [mem: 5.65e+03] (169.2 ms)
[199,   232] grad_stats: [2.05e-03 4.27e-04] (9.21e-05, 8.70e-03)
avg. loss 8.90785138e-02
time taken for epoch 0:00:53.472609
Epoch 200
[200,     0] loss: 7.364233e-02 masks: 23.0 16.0 [wd: 1.63e-01] [lr: 7.33e-04] [mem: 5.65e+03] (166.0 ms)
[200,     0] grad_stats: [2.28e-03 3.75e-04] (7.89e-05, 1.32e-02)
[200,   116] loss: 8.874194e-02 masks: 21.5 17.5 [wd: 1.64e-01] [lr: 7.32e-04] [mem: 5.65e+03] (168.1 ms)
[200,   116] grad_stats: [1.27e-03 3.35e-04] (9.11e-05, 2.26e-02)
[200,   232] loss: 8.868006e-02 masks: 21.8 17.3 [wd: 1.64e-01] [lr: 7.30e-04] [mem: 5.65e+03] (169.1 ms)
[200,   232] grad_stats: [2.50e-03 3.58e-04] (7.93e-05, 7.40e-03)
avg. loss 8.86800595e-02
	Epoch 200, KNN accuracy train: 7.14378e-01, KNN accuracy train: 5.64667e-01
time taken for epoch 0:01:34.817665
Epoch 201
[201,     0] loss: 7.428831e-02 masks: 29.0 16.0 [wd: 1.64e-01] [lr: 7.30e-04] [mem: 5.65e+03] (184.8 ms)
[201,     0] grad_stats: [9.45e-04 3.21e-04] (8.33e-05, 1.17e-02)
[201,   116] loss: 8.812198e-02 masks: 22.0 17.2 [wd: 1.65e-01] [lr: 7.29e-04] [mem: 5.65e+03] (168.5 ms)
[201,   116] grad_stats: [2.34e-03 3.25e-04] (9.24e-05, 2.27e-02)
[201,   232] loss: 8.787529e-02 masks: 22.1 17.2 [wd: 1.65e-01] [lr: 7.27e-04] [mem: 5.65e+03] (169.3 ms)
[201,   232] grad_stats: [1.20e-03 3.38e-04] (1.07e-04, 7.96e-03)
avg. loss 8.78752904e-02
time taken for epoch 0:00:52.830728
Epoch 202
[202,     0] loss: 9.775859e-02 masks: 22.0 16.0 [wd: 1.65e-01] [lr: 7.27e-04] [mem: 5.65e+03] (165.8 ms)
[202,     0] grad_stats: [1.41e-03 4.16e-04] (1.02e-04, 1.11e-02)
[202,   116] loss: 9.012476e-02 masks: 21.1 17.7 [wd: 1.66e-01] [lr: 7.26e-04] [mem: 5.65e+03] (167.1 ms)
[202,   116] grad_stats: [1.28e-03 3.02e-04] (7.21e-05, 1.44e-02)
[202,   232] loss: 8.891352e-02 masks: 21.8 17.4 [wd: 1.67e-01] [lr: 7.24e-04] [mem: 5.65e+03] (169.2 ms)
[202,   232] grad_stats: [1.52e-03 2.54e-04] (8.35e-05, 1.55e-02)
avg. loss 8.89135236e-02
time taken for epoch 0:00:52.757162
Epoch 203
[203,     0] loss: 8.787338e-02 masks: 23.0 16.0 [wd: 1.67e-01] [lr: 7.24e-04] [mem: 5.65e+03] (165.6 ms)
[203,     0] grad_stats: [3.09e-03 4.56e-04] (9.54e-05, 1.43e-02)
[203,   116] loss: 8.646794e-02 masks: 23.2 16.9 [wd: 1.67e-01] [lr: 7.23e-04] [mem: 5.65e+03] (172.2 ms)
[203,   116] grad_stats: [3.59e-03 3.57e-04] (8.32e-05, 1.32e-02)
[203,   232] loss: 8.691176e-02 masks: 22.9 17.0 [wd: 1.68e-01] [lr: 7.21e-04] [mem: 5.65e+03] (171.7 ms)
[203,   232] grad_stats: [2.06e-03 3.07e-04] (6.99e-05, 1.26e-02)
avg. loss 8.69117646e-02
time taken for epoch 0:00:53.388400
Epoch 204
[204,     0] loss: 8.958520e-02 masks: 19.0 20.0 [wd: 1.68e-01] [lr: 7.21e-04] [mem: 5.65e+03] (163.9 ms)
[204,     0] grad_stats: [1.37e-03 2.92e-04] (7.25e-05, 1.31e-02)
[204,   116] loss: 8.868803e-02 masks: 21.5 17.4 [wd: 1.68e-01] [lr: 7.20e-04] [mem: 5.65e+03] (167.9 ms)
[204,   116] grad_stats: [2.27e-03 3.27e-04] (9.55e-05, 1.50e-02)
[204,   232] loss: 8.804179e-02 masks: 22.0 17.3 [wd: 1.69e-01] [lr: 7.18e-04] [mem: 5.65e+03] (169.5 ms)
[204,   232] grad_stats: [1.99e-03 4.47e-04] (8.97e-05, 4.29e-02)
avg. loss 8.80417868e-02
time taken for epoch 0:00:52.944991
Epoch 205
[205,     0] loss: 8.989924e-02 masks: 18.0 20.0 [wd: 1.69e-01] [lr: 7.18e-04] [mem: 5.65e+03] (161.1 ms)
[205,     0] grad_stats: [2.07e-03 3.81e-04] (8.69e-05, 1.86e-02)
[205,   116] loss: 8.894326e-02 masks: 21.5 17.7 [wd: 1.69e-01] [lr: 7.17e-04] [mem: 5.65e+03] (168.4 ms)
[205,   116] grad_stats: [3.28e-03 4.42e-04] (9.33e-05, 8.47e-03)
[205,   232] loss: 8.855290e-02 masks: 22.0 17.3 [wd: 1.70e-01] [lr: 7.15e-04] [mem: 5.65e+03] (169.7 ms)
[205,   232] grad_stats: [3.30e-03 2.79e-04] (7.81e-05, 8.40e-03)
avg. loss 8.85528982e-02
time taken for epoch 0:00:52.841156
Epoch 206
[206,     0] loss: 8.328757e-02 masks: 25.0 16.0 [wd: 1.70e-01] [lr: 7.15e-04] [mem: 5.65e+03] (174.7 ms)
[206,     0] grad_stats: [1.14e-03 3.03e-04] (7.43e-05, 1.23e-02)
[206,   116] loss: 8.923537e-02 masks: 21.9 17.1 [wd: 1.70e-01] [lr: 7.13e-04] [mem: 5.65e+03] (168.7 ms)
[206,   116] grad_stats: [4.56e-03 4.21e-04] (1.07e-04, 1.11e-02)
[206,   232] loss: 8.862473e-02 masks: 21.8 17.3 [wd: 1.71e-01] [lr: 7.12e-04] [mem: 5.65e+03] (168.9 ms)
[206,   232] grad_stats: [1.32e-03 5.28e-04] (1.18e-04, 1.45e-02)
avg. loss 8.86247258e-02
time taken for epoch 0:00:52.787247
Epoch 207
[207,     0] loss: 8.717920e-02 masks: 25.0 16.0 [wd: 1.71e-01] [lr: 7.12e-04] [mem: 5.65e+03] (174.5 ms)
[207,     0] grad_stats: [1.35e-03 3.85e-04] (8.06e-05, 3.74e-02)
[207,   116] loss: 8.845111e-02 masks: 21.7 17.3 [wd: 1.71e-01] [lr: 7.10e-04] [mem: 5.65e+03] (168.4 ms)
[207,   116] grad_stats: [3.77e-03 3.38e-04] (9.31e-05, 1.07e-02)
[207,   232] loss: 8.850631e-02 masks: 22.1 17.2 [wd: 1.72e-01] [lr: 7.09e-04] [mem: 5.65e+03] (169.8 ms)
[207,   232] grad_stats: [2.53e-03 4.08e-04] (9.72e-05, 1.77e-02)
avg. loss 8.85063086e-02
time taken for epoch 0:00:52.924845
Epoch 208
[208,     0] loss: 9.954271e-02 masks: 20.0 16.0 [wd: 1.72e-01] [lr: 7.09e-04] [mem: 5.65e+03] (160.9 ms)
[208,     0] grad_stats: [1.77e-03 6.13e-04] (1.10e-04, 1.69e-02)
[208,   116] loss: 8.749693e-02 masks: 22.2 17.2 [wd: 1.73e-01] [lr: 7.07e-04] [mem: 5.65e+03] (169.8 ms)
[208,   116] grad_stats: [1.46e-03 3.56e-04] (8.21e-05, 1.10e-02)
[208,   232] loss: 8.759007e-02 masks: 22.2 17.2 [wd: 1.73e-01] [lr: 7.06e-04] [mem: 5.65e+03] (170.2 ms)
[208,   232] grad_stats: [2.21e-03 3.43e-04] (8.40e-05, 1.93e-02)
avg. loss 8.75900686e-02
time taken for epoch 0:00:53.081752
Epoch 209
[209,     0] loss: 9.545024e-02 masks: 20.0 20.0 [wd: 1.73e-01] [lr: 7.06e-04] [mem: 5.65e+03] (165.6 ms)
[209,     0] grad_stats: [2.03e-03 4.68e-04] (9.90e-05, 1.27e-02)
[209,   116] loss: 8.846786e-02 masks: 21.8 17.5 [wd: 1.74e-01] [lr: 7.04e-04] [mem: 5.65e+03] (168.8 ms)
[209,   116] grad_stats: [2.95e-03 3.45e-04] (8.19e-05, 1.17e-02)
[209,   232] loss: 8.808166e-02 masks: 22.2 17.3 [wd: 1.74e-01] [lr: 7.03e-04] [mem: 5.65e+03] (170.1 ms)
[209,   232] grad_stats: [1.88e-03 2.85e-04] (7.82e-05, 4.37e-02)
avg. loss 8.80816617e-02
time taken for epoch 0:00:53.069915
Epoch 210
[210,     0] loss: 7.808253e-02 masks: 28.0 16.0 [wd: 1.74e-01] [lr: 7.03e-04] [mem: 5.65e+03] (183.3 ms)
[210,     0] grad_stats: [1.99e-03 3.94e-04] (8.64e-05, 1.32e-02)
[210,   116] loss: 8.917788e-02 masks: 21.4 17.4 [wd: 1.75e-01] [lr: 7.01e-04] [mem: 5.65e+03] (167.6 ms)
[210,   116] grad_stats: [2.94e-03 3.73e-04] (9.73e-05, 2.78e-02)
[210,   232] loss: 8.899838e-02 masks: 21.4 17.4 [wd: 1.75e-01] [lr: 7.00e-04] [mem: 5.65e+03] (168.2 ms)
[210,   232] grad_stats: [2.00e-03 2.78e-04] (7.92e-05, 7.23e-03)
avg. loss 8.89983839e-02
time taken for epoch 0:00:52.682932
Epoch 211
[211,     0] loss: 7.431930e-02 masks: 33.0 12.0 [wd: 1.75e-01] [lr: 6.99e-04] [mem: 5.65e+03] (191.2 ms)
[211,     0] grad_stats: [4.69e-03 3.23e-04] (7.09e-05, 1.36e-02)
[211,   116] loss: 8.628847e-02 masks: 23.3 16.5 [wd: 1.76e-01] [lr: 6.98e-04] [mem: 5.65e+03] (171.9 ms)
[211,   116] grad_stats: [1.99e-03 3.98e-04] (9.20e-05, 9.54e-03)
[211,   232] loss: 8.700650e-02 masks: 22.8 16.9 [wd: 1.76e-01] [lr: 6.96e-04] [mem: 5.65e+03] (171.3 ms)
[211,   232] grad_stats: [1.38e-03 4.79e-04] (9.93e-05, 3.64e-02)
avg. loss 8.70064965e-02
time taken for epoch 0:00:53.379248
Epoch 212
[212,     0] loss: 9.510926e-02 masks: 20.0 16.0 [wd: 1.76e-01] [lr: 6.96e-04] [mem: 5.65e+03] (159.6 ms)
[212,     0] grad_stats: [2.93e-03 3.53e-04] (8.60e-05, 1.81e-02)
[212,   116] loss: 8.724610e-02 masks: 22.3 17.1 [wd: 1.77e-01] [lr: 6.95e-04] [mem: 5.65e+03] (169.8 ms)
[212,   116] grad_stats: [1.13e-03 3.22e-04] (7.60e-05, 3.37e-02)
[212,   232] loss: 8.779643e-02 masks: 22.1 17.2 [wd: 1.77e-01] [lr: 6.93e-04] [mem: 5.65e+03] (170.0 ms)
[212,   232] grad_stats: [3.06e-03 5.00e-04] (1.15e-04, 2.58e-02)
avg. loss 8.77964327e-02
time taken for epoch 0:00:53.084117
Epoch 213
[213,     0] loss: 8.744774e-02 masks: 20.0 20.0 [wd: 1.77e-01] [lr: 6.93e-04] [mem: 5.65e+03] (166.7 ms)
[213,     0] grad_stats: [3.19e-03 5.19e-04] (1.04e-04, 3.48e-02)
[213,   116] loss: 9.014582e-02 masks: 21.3 17.4 [wd: 1.78e-01] [lr: 6.92e-04] [mem: 5.65e+03] (167.2 ms)
[213,   116] grad_stats: [2.02e-03 2.58e-04] (8.53e-05, 1.56e-02)
[213,   232] loss: 8.882243e-02 masks: 21.9 17.2 [wd: 1.79e-01] [lr: 6.90e-04] [mem: 5.65e+03] (169.1 ms)
[213,   232] grad_stats: [2.73e-03 3.25e-04] (8.55e-05, 2.46e-02)
avg. loss 8.88224325e-02
time taken for epoch 0:00:52.854761
Epoch 214
[214,     0] loss: 9.133351e-02 masks: 19.0 20.0 [wd: 1.79e-01] [lr: 6.90e-04] [mem: 5.65e+03] (162.6 ms)
[214,     0] grad_stats: [3.06e-03 3.62e-04] (9.61e-05, 2.41e-02)
[214,   116] loss: 8.841740e-02 masks: 22.2 17.1 [wd: 1.79e-01] [lr: 6.88e-04] [mem: 5.65e+03] (169.3 ms)
[214,   116] grad_stats: [2.94e-03 4.52e-04] (8.10e-05, 9.30e-03)
[214,   232] loss: 8.868347e-02 masks: 21.7 17.3 [wd: 1.80e-01] [lr: 6.87e-04] [mem: 5.65e+03] (168.8 ms)
[214,   232] grad_stats: [3.35e-03 3.85e-04] (8.32e-05, 1.56e-02)
avg. loss 8.86834744e-02
time taken for epoch 0:00:52.727651
Epoch 215
[215,     0] loss: 8.024220e-02 masks: 26.0 16.0 [wd: 1.80e-01] [lr: 6.87e-04] [mem: 5.65e+03] (178.7 ms)
[215,     0] grad_stats: [3.12e-03 2.90e-04] (8.38e-05, 2.52e-02)
[215,   116] loss: 8.776550e-02 masks: 21.9 17.1 [wd: 1.80e-01] [lr: 6.85e-04] [mem: 5.65e+03] (168.9 ms)
[215,   116] grad_stats: [2.63e-03 4.66e-04] (9.32e-05, 1.44e-02)
[215,   232] loss: 8.801254e-02 masks: 21.8 17.3 [wd: 1.81e-01] [lr: 6.84e-04] [mem: 5.65e+03] (169.1 ms)
[215,   232] grad_stats: [2.58e-03 4.61e-04] (9.17e-05, 1.29e-02)
avg. loss 8.80125356e-02
time taken for epoch 0:00:52.915147
Epoch 216
[216,     0] loss: 7.328761e-02 masks: 25.0 16.0 [wd: 1.81e-01] [lr: 6.84e-04] [mem: 5.65e+03] (173.9 ms)
[216,     0] grad_stats: [5.15e-03 3.94e-04] (8.52e-05, 2.35e-02)
[216,   116] loss: 8.826982e-02 masks: 21.5 17.6 [wd: 1.81e-01] [lr: 6.82e-04] [mem: 5.65e+03] (168.5 ms)
[216,   116] grad_stats: [2.18e-03 4.04e-04] (1.03e-04, 4.03e-02)
[216,   232] loss: 8.882703e-02 masks: 21.4 17.6 [wd: 1.82e-01] [lr: 6.81e-04] [mem: 5.65e+03] (168.3 ms)
[216,   232] grad_stats: [1.48e-03 5.65e-04] (1.09e-04, 1.00e-02)
avg. loss 8.88270298e-02
time taken for epoch 0:00:52.675143
Epoch 217
[217,     0] loss: 9.184446e-02 masks: 20.0 16.0 [wd: 1.82e-01] [lr: 6.81e-04] [mem: 5.65e+03] (161.1 ms)
[217,     0] grad_stats: [1.94e-03 5.39e-04] (1.11e-04, 1.12e-02)
[217,   116] loss: 8.703955e-02 masks: 21.9 17.2 [wd: 1.82e-01] [lr: 6.79e-04] [mem: 5.65e+03] (168.7 ms)
[217,   116] grad_stats: [2.75e-03 3.75e-04] (1.05e-04, 9.61e-03)
[217,   232] loss: 8.787704e-02 masks: 21.9 17.2 [wd: 1.83e-01] [lr: 6.77e-04] [mem: 5.65e+03] (169.4 ms)
[217,   232] grad_stats: [1.65e-03 5.09e-04] (1.07e-04, 1.06e-02)
avg. loss 8.78770442e-02
time taken for epoch 0:00:52.755397
Epoch 218
[218,     0] loss: 8.649202e-02 masks: 19.0 20.0 [wd: 1.83e-01] [lr: 6.77e-04] [mem: 5.65e+03] (163.5 ms)
[218,     0] grad_stats: [4.14e-03 4.32e-04] (1.06e-04, 1.23e-02)
[218,   116] loss: 8.854617e-02 masks: 22.0 17.2 [wd: 1.84e-01] [lr: 6.76e-04] [mem: 5.65e+03] (169.2 ms)
[218,   116] grad_stats: [9.43e-04 2.81e-04] (7.68e-05, 2.21e-02)
[218,   232] loss: 8.841425e-02 masks: 21.7 17.3 [wd: 1.84e-01] [lr: 6.74e-04] [mem: 5.65e+03] (169.0 ms)
[218,   232] grad_stats: [1.06e-03 3.49e-04] (8.18e-05, 1.77e-02)
avg. loss 8.84142476e-02
time taken for epoch 0:00:52.696712
Epoch 219
[219,     0] loss: 6.917267e-02 masks: 35.0 12.0 [wd: 1.84e-01] [lr: 6.74e-04] [mem: 5.65e+03] (197.0 ms)
[219,     0] grad_stats: [3.46e-03 3.29e-04] (9.02e-05, 5.04e-02)
[219,   116] loss: 8.753542e-02 masks: 22.5 16.8 [wd: 1.85e-01] [lr: 6.73e-04] [mem: 5.65e+03] (169.8 ms)
[219,   116] grad_stats: [1.05e-03 3.45e-04] (9.40e-05, 2.34e-02)
[219,   232] loss: 8.849907e-02 masks: 22.1 17.2 [wd: 1.85e-01] [lr: 6.71e-04] [mem: 5.65e+03] (169.6 ms)
[219,   232] grad_stats: [1.66e-03 3.68e-04] (7.60e-05, 1.76e-02)
avg. loss 8.84990686e-02
time taken for epoch 0:00:52.928803
Epoch 220
[220,     0] loss: 1.040264e-01 masks: 12.0 20.0 [wd: 1.85e-01] [lr: 6.71e-04] [mem: 5.65e+03] (144.0 ms)
[220,     0] grad_stats: [1.99e-03 4.15e-04] (9.41e-05, 1.97e-02)
[220,   116] loss: 8.895975e-02 masks: 21.7 17.2 [wd: 1.86e-01] [lr: 6.69e-04] [mem: 5.65e+03] (168.3 ms)
[220,   116] grad_stats: [4.17e-03 3.85e-04] (9.48e-05, 1.63e-02)
[220,   232] loss: 8.848207e-02 masks: 21.8 17.2 [wd: 1.86e-01] [lr: 6.68e-04] [mem: 5.65e+03] (169.1 ms)
[220,   232] grad_stats: [1.17e-03 3.04e-04] (7.95e-05, 1.59e-02)
avg. loss 8.84820670e-02
time taken for epoch 0:00:52.867511
Epoch 221
[221,     0] loss: 7.942095e-02 masks: 27.0 16.0 [wd: 1.86e-01] [lr: 6.68e-04] [mem: 5.65e+03] (181.6 ms)
[221,     0] grad_stats: [1.59e-03 3.48e-04] (9.15e-05, 2.17e-02)
[221,   116] loss: 8.808142e-02 masks: 21.5 17.4 [wd: 1.87e-01] [lr: 6.66e-04] [mem: 5.65e+03] (167.9 ms)
[221,   116] grad_stats: [1.83e-03 3.14e-04] (7.33e-05, 1.44e-02)
[221,   232] loss: 8.857093e-02 masks: 21.4 17.6 [wd: 1.87e-01] [lr: 6.65e-04] [mem: 5.65e+03] (168.4 ms)
[221,   232] grad_stats: [2.85e-03 3.35e-04] (8.26e-05, 3.08e-02)
avg. loss 8.85709271e-02
time taken for epoch 0:00:52.662952
Epoch 222
[222,     0] loss: 8.322006e-02 masks: 28.0 16.0 [wd: 1.87e-01] [lr: 6.65e-04] [mem: 5.65e+03] (184.1 ms)
[222,     0] grad_stats: [1.56e-03 4.26e-04] (8.40e-05, 9.47e-03)
[222,   116] loss: 8.882945e-02 masks: 20.9 17.5 [wd: 1.88e-01] [lr: 6.63e-04] [mem: 5.65e+03] (166.5 ms)
[222,   116] grad_stats: [1.04e-03 4.46e-04] (8.58e-05, 1.30e-02)
[222,   232] loss: 8.824643e-02 masks: 21.5 17.4 [wd: 1.88e-01] [lr: 6.61e-04] [mem: 5.65e+03] (168.5 ms)
[222,   232] grad_stats: [1.07e-03 3.72e-04] (7.58e-05, 1.55e-02)
avg. loss 8.82464306e-02
time taken for epoch 0:00:52.694208
Epoch 223
[223,     0] loss: 9.676899e-02 masks: 19.0 20.0 [wd: 1.89e-01] [lr: 6.61e-04] [mem: 5.65e+03] (163.3 ms)
[223,     0] grad_stats: [2.62e-03 4.08e-04] (9.35e-05, 3.52e-02)
[223,   116] loss: 8.773565e-02 masks: 22.1 17.3 [wd: 1.89e-01] [lr: 6.60e-04] [mem: 5.65e+03] (169.5 ms)
[223,   116] grad_stats: [1.77e-03 4.72e-04] (8.86e-05, 2.61e-02)
[223,   232] loss: 8.711615e-02 masks: 22.2 17.2 [wd: 1.90e-01] [lr: 6.58e-04] [mem: 5.65e+03] (170.1 ms)
[223,   232] grad_stats: [3.73e-03 4.15e-04] (8.61e-05, 1.52e-02)
avg. loss 8.71161496e-02
time taken for epoch 0:00:53.033513
Epoch 224
[224,     0] loss: 8.637653e-02 masks: 23.0 16.0 [wd: 1.90e-01] [lr: 6.58e-04] [mem: 5.65e+03] (167.7 ms)
[224,     0] grad_stats: [1.56e-03 3.76e-04] (9.33e-05, 1.74e-02)
[224,   116] loss: 8.770978e-02 masks: 22.0 17.2 [wd: 1.90e-01] [lr: 6.56e-04] [mem: 5.65e+03] (168.9 ms)
[224,   116] grad_stats: [2.35e-03 3.51e-04] (7.50e-05, 1.60e-02)
[224,   232] loss: 8.803875e-02 masks: 21.8 17.4 [wd: 1.91e-01] [lr: 6.55e-04] [mem: 5.65e+03] (169.0 ms)
[224,   232] grad_stats: [1.66e-03 4.03e-04] (8.38e-05, 3.76e-02)
avg. loss 8.80387513e-02
time taken for epoch 0:00:52.653487
Epoch 225
[225,     0] loss: 9.360627e-02 masks: 25.0 16.0 [wd: 1.91e-01] [lr: 6.55e-04] [mem: 5.65e+03] (174.9 ms)
[225,     0] grad_stats: [2.09e-03 3.78e-04] (8.35e-05, 1.05e-02)
[225,   116] loss: 8.855813e-02 masks: 21.5 17.5 [wd: 1.91e-01] [lr: 6.53e-04] [mem: 5.65e+03] (167.9 ms)
[225,   116] grad_stats: [2.44e-03 3.68e-04] (9.40e-05, 1.14e-02)
[225,   232] loss: 8.807779e-02 masks: 21.8 17.3 [wd: 1.92e-01] [lr: 6.52e-04] [mem: 5.65e+03] (169.2 ms)
[225,   232] grad_stats: [2.50e-03 5.40e-04] (1.19e-04, 2.01e-02)
avg. loss 8.80777912e-02
time taken for epoch 0:00:52.768163
Epoch 226
[226,     0] loss: 7.657078e-02 masks: 23.0 16.0 [wd: 1.92e-01] [lr: 6.52e-04] [mem: 5.65e+03] (167.4 ms)
[226,     0] grad_stats: [2.11e-03 3.70e-04] (8.85e-05, 8.65e-03)
[226,   116] loss: 8.772742e-02 masks: 22.1 17.4 [wd: 1.92e-01] [lr: 6.50e-04] [mem: 5.65e+03] (169.7 ms)
[226,   116] grad_stats: [2.12e-03 4.80e-04] (1.14e-04, 1.05e-02)
[226,   232] loss: 8.775709e-02 masks: 21.9 17.4 [wd: 1.93e-01] [lr: 6.48e-04] [mem: 5.65e+03] (169.4 ms)
[226,   232] grad_stats: [3.81e-03 4.24e-04] (9.34e-05, 3.77e-02)
avg. loss 8.77570908e-02
time taken for epoch 0:00:52.928422
Epoch 227
[227,     0] loss: 7.873638e-02 masks: 33.0 12.0 [wd: 1.93e-01] [lr: 6.48e-04] [mem: 5.65e+03] (191.9 ms)
[227,     0] grad_stats: [8.72e-04 3.03e-04] (7.27e-05, 1.24e-02)
[227,   116] loss: 8.770946e-02 masks: 22.2 17.2 [wd: 1.94e-01] [lr: 6.47e-04] [mem: 5.65e+03] (169.8 ms)
[227,   116] grad_stats: [2.58e-03 4.84e-04] (8.63e-05, 1.20e-02)
[227,   232] loss: 8.704212e-02 masks: 22.6 16.9 [wd: 1.94e-01] [lr: 6.45e-04] [mem: 5.65e+03] (171.0 ms)
[227,   232] grad_stats: [3.96e-03 4.03e-04] (1.02e-04, 1.54e-02)
avg. loss 8.70421157e-02
time taken for epoch 0:00:53.290931
Epoch 228
[228,     0] loss: 8.606538e-02 masks: 25.0 16.0 [wd: 1.94e-01] [lr: 6.45e-04] [mem: 5.65e+03] (173.8 ms)
[228,     0] grad_stats: [2.01e-03 4.68e-04] (1.01e-04, 2.15e-02)
[228,   116] loss: 8.847338e-02 masks: 21.5 17.3 [wd: 1.95e-01] [lr: 6.43e-04] [mem: 5.65e+03] (167.7 ms)
[228,   116] grad_stats: [1.82e-03 4.22e-04] (1.02e-04, 3.82e-02)
[228,   232] loss: 8.831348e-02 masks: 21.6 17.4 [wd: 1.95e-01] [lr: 6.42e-04] [mem: 5.65e+03] (168.7 ms)
[228,   232] grad_stats: [2.20e-03 4.26e-04] (9.70e-05, 1.13e-02)
avg. loss 8.83134842e-02
time taken for epoch 0:00:52.731503
Epoch 229
[229,     0] loss: 8.249165e-02 masks: 26.0 16.0 [wd: 1.95e-01] [lr: 6.42e-04] [mem: 5.65e+03] (178.3 ms)
[229,     0] grad_stats: [9.27e-04 3.49e-04] (8.01e-05, 1.08e-02)
[229,   116] loss: 8.742397e-02 masks: 21.8 17.4 [wd: 1.96e-01] [lr: 6.40e-04] [mem: 5.65e+03] (168.9 ms)
[229,   116] grad_stats: [3.62e-03 3.92e-04] (8.55e-05, 1.30e-02)
[229,   232] loss: 8.783468e-02 masks: 21.6 17.4 [wd: 1.96e-01] [lr: 6.39e-04] [mem: 5.65e+03] (168.8 ms)
[229,   232] grad_stats: [9.07e-04 4.17e-04] (9.72e-05, 1.77e-02)
avg. loss 8.78346847e-02
time taken for epoch 0:00:52.722157
Epoch 230
[230,     0] loss: 1.067462e-01 masks: 17.0 20.0 [wd: 1.96e-01] [lr: 6.39e-04] [mem: 5.65e+03] (158.3 ms)
[230,     0] grad_stats: [1.69e-03 5.30e-04] (1.16e-04, 1.87e-02)
[230,   116] loss: 8.621942e-02 masks: 22.3 17.2 [wd: 1.97e-01] [lr: 6.37e-04] [mem: 5.65e+03] (170.0 ms)
[230,   116] grad_stats: [2.23e-03 3.72e-04] (1.10e-04, 2.78e-02)
[230,   232] loss: 8.684269e-02 masks: 22.3 17.2 [wd: 1.97e-01] [lr: 6.35e-04] [mem: 5.65e+03] (170.5 ms)
[230,   232] grad_stats: [2.06e-03 3.51e-04] (8.64e-05, 8.51e-03)
avg. loss 8.68426907e-02
time taken for epoch 0:00:53.141184
Epoch 231
[231,     0] loss: 8.395877e-02 masks: 19.0 20.0 [wd: 1.97e-01] [lr: 6.35e-04] [mem: 5.65e+03] (163.4 ms)
[231,     0] grad_stats: [2.46e-03 4.14e-04] (1.07e-04, 1.70e-02)
[231,   116] loss: 8.784237e-02 masks: 21.9 17.2 [wd: 1.98e-01] [lr: 6.34e-04] [mem: 5.65e+03] (169.0 ms)
[231,   116] grad_stats: [2.49e-03 4.79e-04] (1.00e-04, 1.67e-02)
[231,   232] loss: 8.773201e-02 masks: 22.1 17.2 [wd: 1.99e-01] [lr: 6.32e-04] [mem: 5.65e+03] (169.8 ms)
[231,   232] grad_stats: [2.05e-03 4.49e-04] (1.01e-04, 8.93e-03)
avg. loss 8.77320106e-02
time taken for epoch 0:00:52.950510
Epoch 232
[232,     0] loss: 9.340087e-02 masks: 22.0 16.0 [wd: 1.99e-01] [lr: 6.32e-04] [mem: 5.65e+03] (166.8 ms)
[232,     0] grad_stats: [3.00e-03 5.21e-04] (9.56e-05, 1.52e-02)
[232,   116] loss: 8.782846e-02 masks: 22.0 17.3 [wd: 1.99e-01] [lr: 6.30e-04] [mem: 5.65e+03] (169.2 ms)
[232,   116] grad_stats: [1.50e-03 4.92e-04] (8.88e-05, 1.58e-02)
[232,   232] loss: 8.763117e-02 masks: 22.1 17.3 [wd: 2.00e-01] [lr: 6.29e-04] [mem: 5.65e+03] (170.0 ms)
[232,   232] grad_stats: [2.61e-03 3.25e-04] (7.13e-05, 1.64e-02)
avg. loss 8.76311750e-02
time taken for epoch 0:00:53.081127
Epoch 233
[233,     0] loss: 7.118770e-02 masks: 35.0 12.0 [wd: 2.00e-01] [lr: 6.29e-04] [mem: 5.65e+03] (197.0 ms)
[233,     0] grad_stats: [1.16e-03 2.67e-04] (7.65e-05, 3.55e-02)
[233,   116] loss: 8.794350e-02 masks: 21.4 17.4 [wd: 2.00e-01] [lr: 6.27e-04] [mem: 5.65e+03] (167.6 ms)
[233,   116] grad_stats: [2.61e-03 4.68e-04] (1.03e-04, 3.70e-02)
[233,   232] loss: 8.787057e-02 masks: 21.6 17.3 [wd: 2.01e-01] [lr: 6.25e-04] [mem: 5.65e+03] (168.5 ms)
[233,   232] grad_stats: [2.54e-03 3.42e-04] (7.88e-05, 2.21e-02)
avg. loss 8.78705729e-02
time taken for epoch 0:00:52.748404
Epoch 234
[234,     0] loss: 1.019182e-01 masks: 16.0 20.0 [wd: 2.01e-01] [lr: 6.25e-04] [mem: 5.65e+03] (153.2 ms)
[234,     0] grad_stats: [1.91e-03 5.09e-04] (1.10e-04, 1.23e-02)
[234,   116] loss: 8.714048e-02 masks: 22.2 17.3 [wd: 2.01e-01] [lr: 6.24e-04] [mem: 5.65e+03] (169.7 ms)
[234,   116] grad_stats: [3.42e-03 4.07e-04] (8.76e-05, 1.26e-02)
[234,   232] loss: 8.706286e-02 masks: 22.3 17.2 [wd: 2.02e-01] [lr: 6.22e-04] [mem: 5.65e+03] (170.4 ms)
[234,   232] grad_stats: [1.63e-03 4.08e-04] (8.62e-05, 2.70e-02)
avg. loss 8.70628558e-02
time taken for epoch 0:00:53.123931
Epoch 235
[235,     0] loss: 8.061151e-02 masks: 27.0 16.0 [wd: 2.02e-01] [lr: 6.22e-04] [mem: 5.65e+03] (181.3 ms)
[235,     0] grad_stats: [9.49e-04 3.62e-04] (8.13e-05, 2.40e-02)
[235,   116] loss: 8.650431e-02 masks: 22.3 17.1 [wd: 2.03e-01] [lr: 6.20e-04] [mem: 5.65e+03] (169.9 ms)
[235,   116] grad_stats: [3.00e-03 3.56e-04] (9.35e-05, 9.92e-03)
[235,   232] loss: 8.677550e-02 masks: 22.2 17.2 [wd: 2.03e-01] [lr: 6.19e-04] [mem: 5.65e+03] (170.2 ms)
[235,   232] grad_stats: [2.11e-03 4.83e-04] (8.69e-05, 1.61e-02)
avg. loss 8.67754972e-02
time taken for epoch 0:00:53.039557
Epoch 236
[236,     0] loss: 8.638552e-02 masks: 26.0 16.0 [wd: 2.03e-01] [lr: 6.19e-04] [mem: 5.65e+03] (176.8 ms)
[236,     0] grad_stats: [3.04e-03 3.87e-04] (8.22e-05, 1.29e-02)
[236,   116] loss: 8.604956e-02 masks: 22.5 16.9 [wd: 2.04e-01] [lr: 6.17e-04] [mem: 5.65e+03] (170.1 ms)
[236,   116] grad_stats: [1.25e-03 4.09e-04] (1.04e-04, 1.09e-02)
[236,   232] loss: 8.768373e-02 masks: 21.8 17.3 [wd: 2.04e-01] [lr: 6.15e-04] [mem: 5.65e+03] (169.2 ms)
[236,   232] grad_stats: [1.91e-03 4.18e-04] (1.18e-04, 1.17e-02)
avg. loss 8.76837285e-02
time taken for epoch 0:00:52.893924
Epoch 237
[237,     0] loss: 8.369537e-02 masks: 22.0 20.0 [wd: 2.04e-01] [lr: 6.15e-04] [mem: 5.65e+03] (171.5 ms)
[237,     0] grad_stats: [1.76e-03 4.06e-04] (9.17e-05, 2.17e-02)
[237,   116] loss: 8.883837e-02 masks: 21.3 17.5 [wd: 2.05e-01] [lr: 6.14e-04] [mem: 5.65e+03] (167.5 ms)
[237,   116] grad_stats: [1.65e-03 4.04e-04] (9.61e-05, 1.51e-02)
[237,   232] loss: 8.783756e-02 masks: 21.6 17.4 [wd: 2.05e-01] [lr: 6.12e-04] [mem: 5.65e+03] (168.8 ms)
[237,   232] grad_stats: [2.57e-03 4.81e-04] (9.50e-05, 1.84e-02)
avg. loss 8.78375589e-02
time taken for epoch 0:00:52.756661
Epoch 238
[238,     0] loss: 8.394448e-02 masks: 23.0 16.0 [wd: 2.05e-01] [lr: 6.12e-04] [mem: 5.65e+03] (167.8 ms)
[238,     0] grad_stats: [2.95e-03 4.77e-04] (8.85e-05, 2.61e-02)
[238,   116] loss: 8.564521e-02 masks: 22.7 17.0 [wd: 2.06e-01] [lr: 6.10e-04] [mem: 5.65e+03] (170.9 ms)
[238,   116] grad_stats: [3.04e-03 7.88e-04] (9.96e-05, 4.23e-02)
[238,   232] loss: 8.583665e-02 masks: 22.8 16.9 [wd: 2.06e-01] [lr: 6.09e-04] [mem: 5.65e+03] (171.3 ms)
[238,   232] grad_stats: [2.29e-03 3.45e-04] (9.59e-05, 1.57e-02)
avg. loss 8.58366549e-02
time taken for epoch 0:00:53.343613
Epoch 239
[239,     0] loss: 7.997729e-02 masks: 25.0 16.0 [wd: 2.06e-01] [lr: 6.09e-04] [mem: 5.65e+03] (174.6 ms)
[239,     0] grad_stats: [2.10e-03 3.84e-04] (9.44e-05, 1.44e-02)
[239,   116] loss: 8.637713e-02 masks: 22.7 16.9 [wd: 2.07e-01] [lr: 6.07e-04] [mem: 5.65e+03] (170.7 ms)
[239,   116] grad_stats: [2.48e-03 3.27e-04] (8.18e-05, 2.15e-02)
[239,   232] loss: 8.708429e-02 masks: 22.0 17.2 [wd: 2.08e-01] [lr: 6.05e-04] [mem: 5.65e+03] (169.6 ms)
[239,   232] grad_stats: [2.03e-03 4.44e-04] (8.80e-05, 1.64e-02)
avg. loss 8.70842869e-02
time taken for epoch 0:00:52.975626
Epoch 240
[240,     0] loss: 8.644084e-02 masks: 20.0 20.0 [wd: 2.08e-01] [lr: 6.05e-04] [mem: 5.65e+03] (164.7 ms)
[240,     0] grad_stats: [2.56e-03 4.47e-04] (9.58e-05, 1.72e-02)
[240,   116] loss: 8.656770e-02 masks: 22.0 17.4 [wd: 2.08e-01] [lr: 6.04e-04] [mem: 5.65e+03] (169.4 ms)
[240,   116] grad_stats: [1.45e-03 3.42e-04] (9.70e-05, 1.82e-02)
[240,   232] loss: 8.614104e-02 masks: 22.2 17.2 [wd: 2.09e-01] [lr: 6.02e-04] [mem: 5.65e+03] (170.2 ms)
[240,   232] grad_stats: [2.84e-03 4.01e-04] (9.52e-05, 1.38e-02)
avg. loss 8.61410431e-02
time taken for epoch 0:00:53.108171
Epoch 241
[241,     0] loss: 9.338069e-02 masks: 21.0 20.0 [wd: 2.09e-01] [lr: 6.02e-04] [mem: 5.65e+03] (168.9 ms)
[241,     0] grad_stats: [2.55e-03 4.38e-04] (1.11e-04, 1.91e-02)
[241,   116] loss: 8.586519e-02 masks: 22.5 17.0 [wd: 2.09e-01] [lr: 6.00e-04] [mem: 5.65e+03] (170.3 ms)
[241,   116] grad_stats: [1.80e-03 4.41e-04] (1.03e-04, 1.54e-02)
[241,   232] loss: 8.591321e-02 masks: 22.6 17.0 [wd: 2.10e-01] [lr: 5.99e-04] [mem: 5.65e+03] (171.1 ms)
[241,   232] grad_stats: [3.77e-03 5.22e-04] (1.22e-04, 3.54e-02)
avg. loss 8.59132080e-02
time taken for epoch 0:00:53.284413
Epoch 242
[242,     0] loss: 8.297920e-02 masks: 23.0 16.0 [wd: 2.10e-01] [lr: 5.99e-04] [mem: 5.65e+03] (168.3 ms)
[242,     0] grad_stats: [4.58e-03 4.04e-04] (9.36e-05, 3.49e-02)
[242,   116] loss: 8.706696e-02 masks: 22.2 16.9 [wd: 2.10e-01] [lr: 5.97e-04] [mem: 5.65e+03] (169.2 ms)
[242,   116] grad_stats: [1.89e-03 3.80e-04] (9.61e-05, 9.08e-03)
[242,   232] loss: 8.761065e-02 masks: 21.9 17.0 [wd: 2.11e-01] [lr: 5.95e-04] [mem: 5.65e+03] (168.9 ms)
[242,   232] grad_stats: [2.55e-03 3.86e-04] (9.13e-05, 1.70e-02)
avg. loss 8.76106539e-02
time taken for epoch 0:00:52.754043
Epoch 243
[243,     0] loss: 8.863387e-02 masks: 19.0 20.0 [wd: 2.11e-01] [lr: 5.95e-04] [mem: 5.65e+03] (163.3 ms)
[243,     0] grad_stats: [1.87e-03 3.69e-04] (8.11e-05, 2.33e-02)
[243,   116] loss: 8.596240e-02 masks: 22.4 17.3 [wd: 2.12e-01] [lr: 5.94e-04] [mem: 5.65e+03] (170.1 ms)
[243,   116] grad_stats: [1.53e-03 3.91e-04] (9.30e-05, 1.63e-02)
[243,   232] loss: 8.599517e-02 masks: 22.4 17.2 [wd: 2.12e-01] [lr: 5.92e-04] [mem: 5.65e+03] (170.8 ms)
[243,   232] grad_stats: [1.83e-03 4.13e-04] (9.09e-05, 2.71e-02)
avg. loss 8.59951672e-02
time taken for epoch 0:00:53.207801
Epoch 244
[244,     0] loss: 1.037854e-01 masks: 12.0 20.0 [wd: 2.12e-01] [lr: 5.92e-04] [mem: 5.65e+03] (144.4 ms)
[244,     0] grad_stats: [1.05e-03 3.30e-04] (9.30e-05, 1.11e-02)
[244,   116] loss: 8.743080e-02 masks: 21.8 17.3 [wd: 2.13e-01] [lr: 5.90e-04] [mem: 5.65e+03] (168.5 ms)
[244,   116] grad_stats: [2.32e-03 4.58e-04] (8.27e-05, 1.48e-02)
[244,   232] loss: 8.605737e-02 masks: 22.2 17.2 [wd: 2.13e-01] [lr: 5.89e-04] [mem: 5.65e+03] (170.1 ms)
[244,   232] grad_stats: [1.57e-03 4.49e-04] (1.12e-04, 2.07e-02)
avg. loss 8.60573728e-02
time taken for epoch 0:00:53.062242
Epoch 245
[245,     0] loss: 8.419721e-02 masks: 21.0 16.0 [wd: 2.13e-01] [lr: 5.89e-04] [mem: 5.65e+03] (163.8 ms)
[245,     0] grad_stats: [1.93e-03 5.04e-04] (1.04e-04, 3.15e-02)
[245,   116] loss: 8.686482e-02 masks: 21.7 17.4 [wd: 2.14e-01] [lr: 5.87e-04] [mem: 5.65e+03] (168.4 ms)
[245,   116] grad_stats: [2.16e-03 3.86e-04] (1.08e-04, 4.82e-02)
[245,   232] loss: 8.683491e-02 masks: 22.0 17.2 [wd: 2.14e-01] [lr: 5.85e-04] [mem: 5.65e+03] (169.7 ms)
[245,   232] grad_stats: [2.26e-03 4.39e-04] (9.35e-05, 3.25e-02)
avg. loss 8.68349076e-02
time taken for epoch 0:00:52.921003
Epoch 246
[246,     0] loss: 6.872603e-02 masks: 33.0 12.0 [wd: 2.14e-01] [lr: 5.85e-04] [mem: 5.65e+03] (189.0 ms)
[246,     0] grad_stats: [1.28e-03 3.79e-04] (8.57e-05, 2.15e-02)
[246,   116] loss: 8.569087e-02 masks: 22.4 17.1 [wd: 2.15e-01] [lr: 5.84e-04] [mem: 5.65e+03] (170.2 ms)
[246,   116] grad_stats: [2.57e-03 3.72e-04] (8.20e-05, 8.00e-03)
[246,   232] loss: 8.610418e-02 masks: 22.3 17.2 [wd: 2.15e-01] [lr: 5.82e-04] [mem: 5.65e+03] (170.4 ms)
[246,   232] grad_stats: [1.04e-03 5.08e-04] (9.75e-05, 1.43e-02)
avg. loss 8.61041767e-02
time taken for epoch 0:00:53.172022
Epoch 247
[247,     0] loss: 8.056986e-02 masks: 24.0 16.0 [wd: 2.15e-01] [lr: 5.82e-04] [mem: 5.65e+03] (170.4 ms)
[247,     0] grad_stats: [1.17e-03 4.20e-04] (9.25e-05, 1.80e-02)
[247,   116] loss: 8.819852e-02 masks: 21.6 17.5 [wd: 2.16e-01] [lr: 5.80e-04] [mem: 5.65e+03] (168.3 ms)
[247,   116] grad_stats: [9.19e-04 3.93e-04] (9.40e-05, 2.38e-02)
[247,   232] loss: 8.731752e-02 masks: 21.8 17.4 [wd: 2.17e-01] [lr: 5.79e-04] [mem: 5.65e+03] (169.3 ms)
[247,   232] grad_stats: [2.27e-03 5.05e-04] (1.16e-04, 2.95e-02)
avg. loss 8.73175182e-02
time taken for epoch 0:00:52.911939
Epoch 248
[248,     0] loss: 8.452252e-02 masks: 28.0 16.0 [wd: 2.17e-01] [lr: 5.79e-04] [mem: 5.65e+03] (181.4 ms)
[248,     0] grad_stats: [2.31e-03 4.91e-04] (1.06e-04, 1.27e-02)
[248,   116] loss: 8.729677e-02 masks: 21.6 17.5 [wd: 2.17e-01] [lr: 5.77e-04] [mem: 5.65e+03] (168.3 ms)
[248,   116] grad_stats: [2.20e-03 5.06e-04] (1.06e-04, 2.82e-02)
[248,   232] loss: 8.697320e-02 masks: 21.8 17.4 [wd: 2.18e-01] [lr: 5.75e-04] [mem: 5.65e+03] (169.4 ms)
[248,   232] grad_stats: [1.69e-03 6.06e-04] (1.26e-04, 2.50e-02)
avg. loss 8.69731951e-02
time taken for epoch 0:00:52.937997
Epoch 249
[249,     0] loss: 8.609527e-02 masks: 25.0 16.0 [wd: 2.18e-01] [lr: 5.75e-04] [mem: 5.65e+03] (174.4 ms)
[249,     0] grad_stats: [1.37e-03 4.58e-04] (1.09e-04, 1.39e-02)
[249,   116] loss: 8.608431e-02 masks: 22.6 17.0 [wd: 2.18e-01] [lr: 5.74e-04] [mem: 5.65e+03] (170.8 ms)
[249,   116] grad_stats: [1.33e-03 3.25e-04] (8.79e-05, 2.41e-02)
[249,   232] loss: 8.652586e-02 masks: 22.0 17.4 [wd: 2.19e-01] [lr: 5.72e-04] [mem: 5.65e+03] (169.8 ms)
[249,   232] grad_stats: [7.76e-04 4.49e-04] (9.40e-05, 1.22e-02)
avg. loss 8.65258564e-02
time taken for epoch 0:00:53.039940
Epoch 250
[250,     0] loss: 7.905333e-02 masks: 33.0 12.0 [wd: 2.19e-01] [lr: 5.72e-04] [mem: 5.65e+03] (192.1 ms)
[250,     0] grad_stats: [1.16e-03 3.82e-04] (8.81e-05, 4.56e-02)
[250,   116] loss: 8.458504e-02 masks: 22.6 17.1 [wd: 2.19e-01] [lr: 5.70e-04] [mem: 5.65e+03] (170.7 ms)
[250,   116] grad_stats: [2.66e-03 4.94e-04] (1.13e-04, 1.22e-02)
[250,   232] loss: 8.526531e-02 masks: 22.4 17.0 [wd: 2.20e-01] [lr: 5.69e-04] [mem: 5.65e+03] (170.6 ms)
[250,   232] grad_stats: [1.39e-03 4.74e-04] (1.12e-04, 1.86e-02)
avg. loss 8.52653114e-02
time taken for epoch 0:00:53.198833
Epoch 251
[251,     0] loss: 7.963963e-02 masks: 25.0 16.0 [wd: 2.20e-01] [lr: 5.69e-04] [mem: 5.65e+03] (174.4 ms)
[251,     0] grad_stats: [1.22e-03 3.27e-04] (8.08e-05, 3.65e-02)
[251,   116] loss: 8.795643e-02 masks: 21.1 17.6 [wd: 2.21e-01] [lr: 5.67e-04] [mem: 5.65e+03] (167.1 ms)
[251,   116] grad_stats: [9.32e-04 5.53e-04] (9.85e-05, 1.26e-02)
[251,   232] loss: 8.784984e-02 masks: 21.2 17.5 [wd: 2.21e-01] [lr: 5.65e-04] [mem: 5.65e+03] (167.8 ms)
[251,   232] grad_stats: [2.41e-03 6.64e-04] (1.31e-04, 1.22e-02)
avg. loss 8.78498442e-02
time taken for epoch 0:00:52.533979
Epoch 252
[252,     0] loss: 7.521421e-02 masks: 22.0 20.0 [wd: 2.21e-01] [lr: 5.65e-04] [mem: 5.65e+03] (171.8 ms)
[252,     0] grad_stats: [2.37e-03 4.72e-04] (1.01e-04, 1.54e-02)
[252,   116] loss: 8.730331e-02 masks: 21.7 17.2 [wd: 2.22e-01] [lr: 5.63e-04] [mem: 5.65e+03] (168.5 ms)
[252,   116] grad_stats: [3.65e-03 5.61e-04] (1.05e-04, 2.02e-02)
[252,   232] loss: 8.611684e-02 masks: 22.3 17.1 [wd: 2.22e-01] [lr: 5.62e-04] [mem: 5.65e+03] (170.4 ms)
[252,   232] grad_stats: [9.81e-04 4.89e-04] (1.03e-04, 2.48e-02)
avg. loss 8.61168388e-02
time taken for epoch 0:00:53.164607
Epoch 253
[253,     0] loss: 9.071156e-02 masks: 19.0 20.0 [wd: 2.22e-01] [lr: 5.62e-04] [mem: 5.65e+03] (164.8 ms)
[253,     0] grad_stats: [2.88e-03 5.54e-04] (1.20e-04, 6.72e-02)
[253,   116] loss: 8.568542e-02 masks: 22.5 17.2 [wd: 2.23e-01] [lr: 5.60e-04] [mem: 5.65e+03] (170.5 ms)
[253,   116] grad_stats: [1.77e-03 4.03e-04] (1.06e-04, 2.65e-02)
[253,   232] loss: 8.563028e-02 masks: 22.4 17.1 [wd: 2.23e-01] [lr: 5.58e-04] [mem: 5.65e+03] (170.8 ms)
[253,   232] grad_stats: [3.31e-03 3.88e-04] (8.46e-05, 1.17e-02)
avg. loss 8.56302829e-02
time taken for epoch 0:00:53.316811
Epoch 254
[254,     0] loss: 9.559893e-02 masks: 20.0 20.0 [wd: 2.23e-01] [lr: 5.58e-04] [mem: 5.65e+03] (165.7 ms)
[254,     0] grad_stats: [1.58e-03 4.19e-04] (1.01e-04, 9.49e-03)
[254,   116] loss: 8.702342e-02 masks: 22.1 17.2 [wd: 2.24e-01] [lr: 5.57e-04] [mem: 5.65e+03] (169.3 ms)
[254,   116] grad_stats: [2.89e-03 5.17e-04] (1.01e-04, 1.70e-02)
[254,   232] loss: 8.684119e-02 masks: 21.9 17.4 [wd: 2.25e-01] [lr: 5.55e-04] [mem: 5.65e+03] (169.3 ms)
[254,   232] grad_stats: [9.91e-04 5.48e-04] (9.05e-05, 1.92e-02)
avg. loss 8.68411892e-02
time taken for epoch 0:00:52.835508
Epoch 255
[255,     0] loss: 9.871971e-02 masks: 14.0 20.0 [wd: 2.25e-01] [lr: 5.55e-04] [mem: 5.65e+03] (149.0 ms)
[255,     0] grad_stats: [2.20e-03 5.96e-04] (1.28e-04, 8.29e-03)
[255,   116] loss: 8.609948e-02 masks: 22.5 17.1 [wd: 2.25e-01] [lr: 5.53e-04] [mem: 5.65e+03] (170.3 ms)
[255,   116] grad_stats: [4.46e-03 8.77e-04] (1.22e-04, 2.57e-02)
[255,   232] loss: 8.561012e-02 masks: 22.5 17.0 [wd: 2.26e-01] [lr: 5.52e-04] [mem: 5.65e+03] (170.7 ms)
[255,   232] grad_stats: [1.40e-03 5.21e-04] (1.20e-04, 1.74e-02)
avg. loss 8.56101241e-02
time taken for epoch 0:00:53.201223
Epoch 256
[256,     0] loss: 8.951495e-02 masks: 17.0 20.0 [wd: 2.26e-01] [lr: 5.52e-04] [mem: 5.65e+03] (157.0 ms)
[256,     0] grad_stats: [1.35e-03 5.84e-04] (1.10e-04, 1.60e-02)
[256,   116] loss: 8.579375e-02 masks: 22.3 17.2 [wd: 2.26e-01] [lr: 5.50e-04] [mem: 5.65e+03] (170.1 ms)
[256,   116] grad_stats: [4.24e-03 3.99e-04] (1.11e-04, 1.40e-02)
[256,   232] loss: 8.599446e-02 masks: 22.1 17.3 [wd: 2.27e-01] [lr: 5.48e-04] [mem: 5.65e+03] (170.0 ms)
[256,   232] grad_stats: [3.86e-03 3.72e-04] (1.02e-04, 2.11e-02)
avg. loss 8.59944595e-02
time taken for epoch 0:00:53.148431
Epoch 257
[257,     0] loss: 9.648304e-02 masks: 14.0 20.0 [wd: 2.27e-01] [lr: 5.48e-04] [mem: 5.65e+03] (149.4 ms)
[257,     0] grad_stats: [1.60e-03 5.86e-04] (1.12e-04, 3.22e-02)
[257,   116] loss: 8.691631e-02 masks: 21.3 17.5 [wd: 2.27e-01] [lr: 5.46e-04] [mem: 5.65e+03] (167.5 ms)
[257,   116] grad_stats: [2.56e-03 6.14e-04] (1.10e-04, 3.00e-02)
[257,   232] loss: 8.664354e-02 masks: 21.5 17.4 [wd: 2.28e-01] [lr: 5.45e-04] [mem: 5.65e+03] (168.6 ms)
[257,   232] grad_stats: [2.57e-03 3.92e-04] (9.67e-05, 1.94e-02)
avg. loss 8.66435427e-02
time taken for epoch 0:00:52.777320
Epoch 258
[258,     0] loss: 7.058430e-02 masks: 33.0 12.0 [wd: 2.28e-01] [lr: 5.45e-04] [mem: 5.65e+03] (191.8 ms)
[258,     0] grad_stats: [3.63e-03 3.49e-04] (1.04e-04, 1.56e-02)
[258,   116] loss: 8.779830e-02 masks: 21.5 17.4 [wd: 2.28e-01] [lr: 5.43e-04] [mem: 5.65e+03] (167.8 ms)
[258,   116] grad_stats: [1.82e-03 6.11e-04] (1.35e-04, 2.08e-02)
[258,   232] loss: 8.663971e-02 masks: 21.7 17.3 [wd: 2.29e-01] [lr: 5.41e-04] [mem: 5.65e+03] (168.9 ms)
[258,   232] grad_stats: [1.97e-03 3.36e-04] (8.65e-05, 2.81e-02)
avg. loss 8.66397105e-02
time taken for epoch 0:00:52.837606
Epoch 259
[259,     0] loss: 7.666379e-02 masks: 25.0 16.0 [wd: 2.29e-01] [lr: 5.41e-04] [mem: 5.65e+03] (174.1 ms)
[259,     0] grad_stats: [1.47e-03 3.66e-04] (1.05e-04, 2.11e-02)
[259,   116] loss: 8.467540e-02 masks: 22.7 17.2 [wd: 2.30e-01] [lr: 5.40e-04] [mem: 5.65e+03] (170.9 ms)
[259,   116] grad_stats: [2.96e-03 4.83e-04] (1.18e-04, 1.74e-02)
[259,   232] loss: 8.480317e-02 masks: 22.3 17.1 [wd: 2.30e-01] [lr: 5.38e-04] [mem: 5.65e+03] (170.4 ms)
[259,   232] grad_stats: [9.87e-04 4.18e-04] (8.37e-05, 2.11e-02)
avg. loss 8.48031667e-02
time taken for epoch 0:00:53.119660
Epoch 260
[260,     0] loss: 8.857349e-02 masks: 17.0 20.0 [wd: 2.30e-01] [lr: 5.38e-04] [mem: 5.65e+03] (157.0 ms)
[260,     0] grad_stats: [1.43e-03 5.06e-04] (1.01e-04, 8.64e-03)
[260,   116] loss: 8.408874e-02 masks: 22.4 17.3 [wd: 2.31e-01] [lr: 5.36e-04] [mem: 5.65e+03] (170.3 ms)
[260,   116] grad_stats: [1.40e-03 4.56e-04] (1.19e-04, 2.55e-02)
[260,   232] loss: 8.536534e-02 masks: 22.0 17.3 [wd: 2.31e-01] [lr: 5.35e-04] [mem: 5.65e+03] (169.8 ms)
[260,   232] grad_stats: [1.17e-03 3.34e-04] (8.96e-05, 7.72e-03)
avg. loss 8.53653416e-02
time taken for epoch 0:00:52.999179
Epoch 261
[261,     0] loss: 9.255258e-02 masks: 21.0 16.0 [wd: 2.31e-01] [lr: 5.35e-04] [mem: 5.65e+03] (163.8 ms)
[261,     0] grad_stats: [2.27e-03 7.31e-04] (1.15e-04, 2.10e-02)
[261,   116] loss: 8.475130e-02 masks: 22.5 17.2 [wd: 2.32e-01] [lr: 5.33e-04] [mem: 5.65e+03] (170.4 ms)
[261,   116] grad_stats: [2.59e-03 3.48e-04] (8.66e-05, 1.94e-02)
[261,   232] loss: 8.531914e-02 masks: 22.0 17.3 [wd: 2.32e-01] [lr: 5.31e-04] [mem: 5.65e+03] (169.9 ms)
[261,   232] grad_stats: [1.32e-03 6.31e-04] (1.05e-04, 2.36e-02)
avg. loss 8.53191388e-02
time taken for epoch 0:00:53.113215
Epoch 262
[262,     0] loss: 8.075973e-02 masks: 23.0 16.0 [wd: 2.32e-01] [lr: 5.31e-04] [mem: 5.65e+03] (168.1 ms)
[262,     0] grad_stats: [1.92e-03 4.26e-04] (1.04e-04, 1.78e-02)
[262,   116] loss: 8.626722e-02 masks: 21.7 17.5 [wd: 2.33e-01] [lr: 5.29e-04] [mem: 5.65e+03] (168.5 ms)
[262,   116] grad_stats: [1.12e-03 3.72e-04] (9.96e-05, 1.78e-02)
[262,   232] loss: 8.641373e-02 masks: 21.5 17.4 [wd: 2.34e-01] [lr: 5.28e-04] [mem: 5.65e+03] (168.5 ms)
[262,   232] grad_stats: [1.72e-03 4.07e-04] (1.05e-04, 2.32e-02)
avg. loss 8.64137251e-02
time taken for epoch 0:00:52.649011
Epoch 263
[263,     0] loss: 8.447462e-02 masks: 19.0 20.0 [wd: 2.34e-01] [lr: 5.28e-04] [mem: 5.65e+03] (163.6 ms)
[263,     0] grad_stats: [1.77e-03 5.20e-04] (1.08e-04, 2.80e-02)
[263,   116] loss: 8.434521e-02 masks: 22.6 17.0 [wd: 2.34e-01] [lr: 5.26e-04] [mem: 5.65e+03] (170.5 ms)
[263,   116] grad_stats: [9.96e-04 4.32e-04] (1.26e-04, 1.64e-02)
[263,   232] loss: 8.513758e-02 masks: 22.2 17.2 [wd: 2.35e-01] [lr: 5.24e-04] [mem: 5.65e+03] (170.2 ms)
[263,   232] grad_stats: [1.19e-03 3.15e-04] (8.30e-05, 8.78e-03)
avg. loss 8.51375772e-02
time taken for epoch 0:00:53.092195
Epoch 264
[264,     0] loss: 9.403452e-02 masks: 20.0 16.0 [wd: 2.35e-01] [lr: 5.24e-04] [mem: 5.65e+03] (161.6 ms)
[264,     0] grad_stats: [8.53e-04 6.05e-04] (1.42e-04, 1.18e-02)
[264,   116] loss: 8.597067e-02 masks: 21.6 17.4 [wd: 2.35e-01] [lr: 5.23e-04] [mem: 5.65e+03] (168.4 ms)
[264,   116] grad_stats: [3.03e-03 6.42e-04] (1.22e-04, 2.56e-02)
[264,   232] loss: 8.627363e-02 masks: 21.7 17.4 [wd: 2.36e-01] [lr: 5.21e-04] [mem: 5.65e+03] (169.0 ms)
[264,   232] grad_stats: [1.44e-03 6.10e-04] (1.41e-04, 1.17e-02)
avg. loss 8.62736327e-02
time taken for epoch 0:00:52.761816
Epoch 265
[265,     0] loss: 7.627597e-02 masks: 26.0 16.0 [wd: 2.36e-01] [lr: 5.21e-04] [mem: 5.65e+03] (178.0 ms)
[265,     0] grad_stats: [1.84e-03 4.32e-04] (9.58e-05, 5.14e-02)
[265,   116] loss: 8.629739e-02 masks: 21.6 17.2 [wd: 2.36e-01] [lr: 5.19e-04] [mem: 5.65e+03] (168.0 ms)
[265,   116] grad_stats: [2.21e-03 5.11e-04] (1.17e-04, 2.21e-02)
[265,   232] loss: 8.672275e-02 masks: 21.2 17.5 [wd: 2.37e-01] [lr: 5.18e-04] [mem: 5.65e+03] (167.6 ms)
[265,   232] grad_stats: [1.12e-03 4.28e-04] (1.04e-04, 1.05e-02)
avg. loss 8.67227478e-02
time taken for epoch 0:00:52.497425
Epoch 266
[266,     0] loss: 8.811259e-02 masks: 25.0 16.0 [wd: 2.37e-01] [lr: 5.18e-04] [mem: 5.65e+03] (173.9 ms)
[266,     0] grad_stats: [1.49e-03 4.86e-04] (1.20e-04, 6.33e-02)
[266,   116] loss: 8.663753e-02 masks: 21.2 17.7 [wd: 2.38e-01] [lr: 5.16e-04] [mem: 5.65e+03] (167.5 ms)
[266,   116] grad_stats: [9.33e-04 6.56e-04] (1.13e-04, 1.69e-02)
[266,   232] loss: 8.645307e-02 masks: 21.4 17.6 [wd: 2.38e-01] [lr: 5.14e-04] [mem: 5.65e+03] (168.5 ms)
[266,   232] grad_stats: [1.09e-03 4.20e-04] (9.30e-05, 1.79e-02)
avg. loss 8.64530674e-02
time taken for epoch 0:00:52.804364
Epoch 267
[267,     0] loss: 8.687273e-02 masks: 20.0 20.0 [wd: 2.38e-01] [lr: 5.14e-04] [mem: 5.65e+03] (164.5 ms)
[267,     0] grad_stats: [2.92e-03 5.06e-04] (1.09e-04, 1.40e-02)
[267,   116] loss: 8.567316e-02 masks: 22.2 17.3 [wd: 2.39e-01] [lr: 5.12e-04] [mem: 5.65e+03] (169.8 ms)
[267,   116] grad_stats: [1.50e-03 3.80e-04] (1.01e-04, 7.46e-03)
[267,   232] loss: 8.566458e-02 masks: 22.2 17.3 [wd: 2.39e-01] [lr: 5.11e-04] [mem: 5.65e+03] (170.4 ms)
[267,   232] grad_stats: [1.66e-03 4.51e-04] (1.11e-04, 2.43e-02)
avg. loss 8.56645838e-02
time taken for epoch 0:00:53.158275
Epoch 268
[268,     0] loss: 9.981647e-02 masks: 17.0 16.0 [wd: 2.39e-01] [lr: 5.11e-04] [mem: 5.65e+03] (151.0 ms)
[268,     0] grad_stats: [1.21e-03 6.21e-04] (1.35e-04, 1.68e-02)
[268,   116] loss: 8.559142e-02 masks: 22.1 17.2 [wd: 2.40e-01] [lr: 5.09e-04] [mem: 5.65e+03] (169.3 ms)
[268,   116] grad_stats: [1.79e-03 9.33e-04] (1.34e-04, 1.47e-02)
[268,   232] loss: 8.559007e-02 masks: 22.1 17.2 [wd: 2.40e-01] [lr: 5.07e-04] [mem: 5.65e+03] (169.7 ms)
[268,   232] grad_stats: [2.43e-03 4.79e-04] (1.17e-04, 1.32e-02)
avg. loss 8.55900650e-02
time taken for epoch 0:00:52.938699
Epoch 269
[269,     0] loss: 8.186012e-02 masks: 23.0 20.0 [wd: 2.40e-01] [lr: 5.07e-04] [mem: 5.65e+03] (173.4 ms)
[269,     0] grad_stats: [2.54e-03 7.22e-04] (1.34e-04, 1.14e-02)
[269,   116] loss: 8.602007e-02 masks: 22.2 17.3 [wd: 2.41e-01] [lr: 5.06e-04] [mem: 5.65e+03] (169.6 ms)
[269,   116] grad_stats: [2.35e-03 4.72e-04] (1.20e-04, 1.98e-02)
[269,   232] loss: 8.551613e-02 masks: 22.2 17.3 [wd: 2.41e-01] [lr: 5.04e-04] [mem: 5.65e+03] (170.2 ms)
[269,   232] grad_stats: [1.31e-03 4.37e-04] (9.63e-05, 2.66e-02)
avg. loss 8.55161339e-02
time taken for epoch 0:00:53.083654
Epoch 270
[270,     0] loss: 1.033830e-01 masks: 18.0 20.0 [wd: 2.41e-01] [lr: 5.04e-04] [mem: 5.65e+03] (161.6 ms)
[270,     0] grad_stats: [1.22e-03 4.39e-04] (1.04e-04, 1.33e-02)
[270,   116] loss: 8.534083e-02 masks: 22.2 17.2 [wd: 2.42e-01] [lr: 5.02e-04] [mem: 5.65e+03] (169.7 ms)
[270,   116] grad_stats: [1.85e-03 5.05e-04] (1.26e-04, 4.28e-02)
[270,   232] loss: 8.539367e-02 masks: 22.0 17.3 [wd: 2.43e-01] [lr: 5.01e-04] [mem: 5.65e+03] (169.7 ms)
[270,   232] grad_stats: [1.32e-03 5.66e-04] (1.10e-04, 1.43e-02)
avg. loss 8.53936731e-02
time taken for epoch 0:00:52.998840
Epoch 271
[271,     0] loss: 8.494104e-02 masks: 21.0 16.0 [wd: 2.43e-01] [lr: 5.00e-04] [mem: 5.65e+03] (162.3 ms)
[271,     0] grad_stats: [1.10e-03 4.61e-04] (9.71e-05, 9.46e-03)
[271,   116] loss: 8.596546e-02 masks: 21.8 17.3 [wd: 2.43e-01] [lr: 4.99e-04] [mem: 5.65e+03] (168.6 ms)
[271,   116] grad_stats: [1.57e-03 7.80e-04] (1.20e-04, 2.42e-02)
[271,   232] loss: 8.546594e-02 masks: 22.1 17.1 [wd: 2.44e-01] [lr: 4.97e-04] [mem: 5.65e+03] (169.9 ms)
[271,   232] grad_stats: [1.71e-03 4.43e-04] (1.14e-04, 5.45e-02)
avg. loss 8.54659373e-02
time taken for epoch 0:00:53.040955
Epoch 272
[272,     0] loss: 8.677316e-02 masks: 20.0 20.0 [wd: 2.44e-01] [lr: 4.97e-04] [mem: 5.65e+03] (164.9 ms)
[272,     0] grad_stats: [2.38e-03 4.82e-04] (1.09e-04, 3.29e-02)
[272,   116] loss: 8.551615e-02 masks: 22.1 17.2 [wd: 2.44e-01] [lr: 4.95e-04] [mem: 5.65e+03] (169.5 ms)
[272,   116] grad_stats: [3.43e-03 4.82e-04] (1.08e-04, 1.88e-02)
[272,   232] loss: 8.526598e-02 masks: 22.3 17.1 [wd: 2.45e-01] [lr: 4.94e-04] [mem: 5.65e+03] (170.3 ms)
[272,   232] grad_stats: [1.73e-03 4.43e-04] (1.15e-04, 1.70e-02)
avg. loss 8.52659812e-02
time taken for epoch 0:00:52.956270
Epoch 273
[273,     0] loss: 8.661141e-02 masks: 21.0 20.0 [wd: 2.45e-01] [lr: 4.94e-04] [mem: 5.65e+03] (166.2 ms)
[273,     0] grad_stats: [7.88e-04 4.30e-04] (1.24e-04, 9.72e-03)
[273,   116] loss: 8.559844e-02 masks: 22.0 17.2 [wd: 2.45e-01] [lr: 4.92e-04] [mem: 5.65e+03] (169.0 ms)
[273,   116] grad_stats: [1.28e-03 5.32e-04] (1.12e-04, 1.66e-02)
[273,   232] loss: 8.547674e-02 masks: 21.8 17.4 [wd: 2.46e-01] [lr: 4.90e-04] [mem: 5.65e+03] (169.4 ms)
[273,   232] grad_stats: [1.01e-03 5.01e-04] (1.14e-04, 1.48e-02)
avg. loss 8.54767426e-02
time taken for epoch 0:00:52.918108
Epoch 274
[274,     0] loss: 8.118317e-02 masks: 21.0 16.0 [wd: 2.46e-01] [lr: 4.90e-04] [mem: 5.65e+03] (163.4 ms)
[274,     0] grad_stats: [2.01e-03 4.32e-04] (1.20e-04, 5.65e-02)
[274,   116] loss: 8.525557e-02 masks: 22.7 17.0 [wd: 2.46e-01] [lr: 4.89e-04] [mem: 5.65e+03] (170.9 ms)
[274,   116] grad_stats: [1.77e-03 4.75e-04] (9.97e-05, 1.11e-02)
[274,   232] loss: 8.539301e-02 masks: 22.2 17.0 [wd: 2.47e-01] [lr: 4.87e-04] [mem: 5.65e+03] (169.9 ms)
[274,   232] grad_stats: [1.16e-03 6.25e-04] (1.45e-04, 2.34e-02)
avg. loss 8.53930064e-02
time taken for epoch 0:00:53.017695
Epoch 275
[275,     0] loss: 8.787386e-02 masks: 21.0 16.0 [wd: 2.47e-01] [lr: 4.87e-04] [mem: 5.65e+03] (164.9 ms)
[275,     0] grad_stats: [2.55e-03 4.89e-04] (1.36e-04, 1.25e-02)
[275,   116] loss: 8.671284e-02 masks: 21.5 17.4 [wd: 2.48e-01] [lr: 4.85e-04] [mem: 5.65e+03] (168.0 ms)
[275,   116] grad_stats: [1.13e-03 3.73e-04] (9.39e-05, 1.55e-02)
[275,   232] loss: 8.581736e-02 masks: 21.8 17.2 [wd: 2.48e-01] [lr: 4.83e-04] [mem: 5.65e+03] (168.9 ms)
[275,   232] grad_stats: [1.78e-03 5.47e-04] (1.21e-04, 1.31e-02)
avg. loss 8.58173570e-02
time taken for epoch 0:00:52.716529
Epoch 276
[276,     0] loss: 7.485621e-02 masks: 33.0 12.0 [wd: 2.48e-01] [lr: 4.83e-04] [mem: 5.65e+03] (192.1 ms)
[276,     0] grad_stats: [2.80e-03 4.41e-04] (1.17e-04, 4.56e-02)
[276,   116] loss: 8.549004e-02 masks: 21.8 17.3 [wd: 2.49e-01] [lr: 4.82e-04] [mem: 5.65e+03] (168.9 ms)
[276,   116] grad_stats: [2.26e-03 4.53e-04] (1.11e-04, 2.77e-02)
[276,   232] loss: 8.595358e-02 masks: 21.4 17.5 [wd: 2.49e-01] [lr: 4.80e-04] [mem: 5.65e+03] (168.3 ms)
[276,   232] grad_stats: [3.64e-03 4.04e-04] (9.96e-05, 1.47e-02)
avg. loss 8.59535774e-02
time taken for epoch 0:00:52.625431
Epoch 277
[277,     0] loss: 7.319353e-02 masks: 25.0 16.0 [wd: 2.49e-01] [lr: 4.80e-04] [mem: 5.65e+03] (175.1 ms)
[277,     0] grad_stats: [8.74e-04 4.92e-04] (9.93e-05, 1.60e-02)
[277,   116] loss: 8.687635e-02 masks: 21.0 17.4 [wd: 2.50e-01] [lr: 4.78e-04] [mem: 5.65e+03] (166.7 ms)
[277,   116] grad_stats: [2.26e-03 6.47e-04] (1.43e-04, 1.47e-02)
[277,   232] loss: 8.639548e-02 masks: 21.4 17.3 [wd: 2.50e-01] [lr: 4.77e-04] [mem: 5.65e+03] (168.1 ms)
[277,   232] grad_stats: [1.24e-03 6.05e-04] (1.41e-04, 1.61e-02)
avg. loss 8.63954820e-02
time taken for epoch 0:00:52.565835
Epoch 278
[278,     0] loss: 8.326361e-02 masks: 19.0 20.0 [wd: 2.50e-01] [lr: 4.77e-04] [mem: 5.65e+03] (163.2 ms)
[278,     0] grad_stats: [3.52e-03 5.31e-04] (1.52e-04, 1.79e-02)
[278,   116] loss: 8.591806e-02 masks: 21.7 17.4 [wd: 2.51e-01] [lr: 4.75e-04] [mem: 5.65e+03] (168.5 ms)
[278,   116] grad_stats: [1.01e-03 5.58e-04] (1.07e-04, 2.33e-02)
[278,   232] loss: 8.518841e-02 masks: 21.9 17.4 [wd: 2.52e-01] [lr: 4.73e-04] [mem: 5.65e+03] (169.5 ms)
[278,   232] grad_stats: [1.90e-03 5.09e-04] (1.18e-04, 1.51e-02)
avg. loss 8.51884053e-02
time taken for epoch 0:00:52.917239
Epoch 279
[279,     0] loss: 8.171544e-02 masks: 24.0 16.0 [wd: 2.52e-01] [lr: 4.73e-04] [mem: 5.65e+03] (170.9 ms)
[279,     0] grad_stats: [1.17e-03 5.13e-04] (1.19e-04, 6.25e-02)
[279,   116] loss: 8.522263e-02 masks: 21.9 17.5 [wd: 2.52e-01] [lr: 4.72e-04] [mem: 5.65e+03] (169.2 ms)
[279,   116] grad_stats: [1.20e-03 5.52e-04] (1.15e-04, 2.02e-02)
[279,   232] loss: 8.455159e-02 masks: 22.2 17.3 [wd: 2.53e-01] [lr: 4.70e-04] [mem: 5.65e+03] (170.3 ms)
[279,   232] grad_stats: [9.78e-04 5.24e-04] (1.38e-04, 2.87e-02)
avg. loss 8.45515942e-02
time taken for epoch 0:00:53.137879
Epoch 280
[280,     0] loss: 7.201492e-02 masks: 24.0 16.0 [wd: 2.53e-01] [lr: 4.70e-04] [mem: 5.65e+03] (172.1 ms)
[280,     0] grad_stats: [1.37e-03 5.05e-04] (1.07e-04, 1.86e-02)
[280,   116] loss: 8.418108e-02 masks: 22.3 17.3 [wd: 2.53e-01] [lr: 4.68e-04] [mem: 5.65e+03] (170.0 ms)
[280,   116] grad_stats: [1.60e-03 5.18e-04] (1.12e-04, 2.63e-02)
[280,   232] loss: 8.439673e-02 masks: 22.2 17.1 [wd: 2.54e-01] [lr: 4.66e-04] [mem: 5.65e+03] (170.2 ms)
[280,   232] grad_stats: [1.04e-03 5.74e-04] (1.25e-04, 1.92e-02)
avg. loss 8.43967321e-02
time taken for epoch 0:00:53.055651
Epoch 281
[281,     0] loss: 8.687624e-02 masks: 20.0 16.0 [wd: 2.54e-01] [lr: 4.66e-04] [mem: 5.65e+03] (162.6 ms)
[281,     0] grad_stats: [1.54e-03 6.05e-04] (1.24e-04, 9.45e-03)
[281,   116] loss: 8.626116e-02 masks: 21.3 17.5 [wd: 2.54e-01] [lr: 4.65e-04] [mem: 5.65e+03] (167.4 ms)
[281,   116] grad_stats: [2.19e-03 4.91e-04] (1.42e-04, 2.88e-02)
[281,   232] loss: 8.515328e-02 masks: 21.6 17.4 [wd: 2.55e-01] [lr: 4.63e-04] [mem: 5.65e+03] (168.8 ms)
[281,   232] grad_stats: [2.39e-03 3.80e-04] (1.13e-04, 5.73e-02)
avg. loss 8.51532766e-02
time taken for epoch 0:00:52.788453
Epoch 282
[282,     0] loss: 8.117266e-02 masks: 19.0 20.0 [wd: 2.55e-01] [lr: 4.63e-04] [mem: 5.65e+03] (163.8 ms)
[282,     0] grad_stats: [1.24e-03 4.86e-04] (1.30e-04, 1.35e-02)
[282,   116] loss: 8.555737e-02 masks: 21.6 17.5 [wd: 2.55e-01] [lr: 4.61e-04] [mem: 5.65e+03] (168.5 ms)
[282,   116] grad_stats: [1.23e-03 5.01e-04] (1.38e-04, 1.27e-02)
[282,   232] loss: 8.498254e-02 masks: 21.7 17.5 [wd: 2.56e-01] [lr: 4.60e-04] [mem: 5.65e+03] (169.0 ms)
[282,   232] grad_stats: [1.04e-03 3.64e-04] (1.10e-04, 2.62e-02)
avg. loss 8.49825433e-02
time taken for epoch 0:00:52.865034
Epoch 283
[283,     0] loss: 8.221839e-02 masks: 22.0 16.0 [wd: 2.56e-01] [lr: 4.60e-04] [mem: 5.65e+03] (167.3 ms)
[283,     0] grad_stats: [1.88e-03 5.23e-04] (1.13e-04, 1.80e-02)
[283,   116] loss: 8.430931e-02 masks: 22.2 17.1 [wd: 2.57e-01] [lr: 4.58e-04] [mem: 5.65e+03] (169.8 ms)
[283,   116] grad_stats: [2.69e-03 5.50e-04] (1.13e-04, 2.29e-02)
[283,   232] loss: 8.438861e-02 masks: 22.2 17.3 [wd: 2.57e-01] [lr: 4.56e-04] [mem: 5.65e+03] (170.3 ms)
[283,   232] grad_stats: [3.07e-03 3.74e-04] (9.03e-05, 2.24e-02)
avg. loss 8.43886105e-02
time taken for epoch 0:00:53.094931
Epoch 284
[284,     0] loss: 1.001990e-01 masks: 13.0 20.0 [wd: 2.57e-01] [lr: 4.56e-04] [mem: 5.65e+03] (147.0 ms)
[284,     0] grad_stats: [3.48e-03 8.04e-04] (1.52e-04, 2.20e-02)
[284,   116] loss: 8.531337e-02 masks: 21.3 17.3 [wd: 2.58e-01] [lr: 4.55e-04] [mem: 5.65e+03] (167.0 ms)
[284,   116] grad_stats: [2.60e-03 5.11e-04] (1.29e-04, 2.96e-02)
[284,   232] loss: 8.448518e-02 masks: 22.0 17.1 [wd: 2.58e-01] [lr: 4.53e-04] [mem: 5.65e+03] (169.2 ms)
[284,   232] grad_stats: [4.68e-03 4.62e-04] (1.15e-04, 2.46e-02)
avg. loss 8.44851751e-02
time taken for epoch 0:00:52.982178
Epoch 285
[285,     0] loss: 9.459831e-02 masks: 18.0 20.0 [wd: 2.58e-01] [lr: 4.53e-04] [mem: 5.65e+03] (161.3 ms)
[285,     0] grad_stats: [1.56e-03 6.74e-04] (1.54e-04, 1.83e-02)
[285,   116] loss: 8.493961e-02 masks: 21.8 17.5 [wd: 2.59e-01] [lr: 4.51e-04] [mem: 5.65e+03] (169.0 ms)
[285,   116] grad_stats: [1.70e-03 4.11e-04] (1.01e-04, 9.92e-03)
[285,   232] loss: 8.460261e-02 masks: 22.0 17.4 [wd: 2.59e-01] [lr: 4.49e-04] [mem: 5.65e+03] (169.8 ms)
[285,   232] grad_stats: [2.58e-03 3.74e-04] (1.08e-04, 2.20e-02)
avg. loss 8.46026115e-02
time taken for epoch 0:00:53.087779
Epoch 286
[286,     0] loss: 7.663509e-02 masks: 25.0 16.0 [wd: 2.59e-01] [lr: 4.49e-04] [mem: 5.65e+03] (174.7 ms)
[286,     0] grad_stats: [1.04e-03 5.02e-04] (1.17e-04, 1.54e-02)
[286,   116] loss: 8.648324e-02 masks: 20.8 17.8 [wd: 2.60e-01] [lr: 4.48e-04] [mem: 5.65e+03] (166.6 ms)
[286,   116] grad_stats: [8.77e-04 5.87e-04] (1.25e-04, 1.67e-02)
[286,   232] loss: 8.568376e-02 masks: 21.1 17.7 [wd: 2.60e-01] [lr: 4.46e-04] [mem: 5.65e+03] (167.7 ms)
[286,   232] grad_stats: [1.69e-03 5.24e-04] (1.28e-04, 3.94e-02)
avg. loss 8.56837617e-02
time taken for epoch 0:00:52.318267
Epoch 287
[287,     0] loss: 8.909822e-02 masks: 21.0 16.0 [wd: 2.60e-01] [lr: 4.46e-04] [mem: 5.65e+03] (164.6 ms)
[287,     0] grad_stats: [1.48e-03 4.15e-04] (1.15e-04, 1.64e-02)
[287,   116] loss: 8.390787e-02 masks: 22.2 17.2 [wd: 2.61e-01] [lr: 4.44e-04] [mem: 5.65e+03] (169.9 ms)
[287,   116] grad_stats: [1.71e-03 7.00e-04] (1.32e-04, 1.60e-02)
[287,   232] loss: 8.516800e-02 masks: 21.8 17.2 [wd: 2.61e-01] [lr: 4.43e-04] [mem: 5.65e+03] (169.1 ms)
[287,   232] grad_stats: [8.43e-04 4.48e-04] (1.19e-04, 8.93e-03)
avg. loss 8.51679971e-02
time taken for epoch 0:00:52.760922
Epoch 288
[288,     0] loss: 9.070577e-02 masks: 18.0 20.0 [wd: 2.61e-01] [lr: 4.43e-04] [mem: 5.65e+03] (160.3 ms)
[288,     0] grad_stats: [2.70e-03 3.79e-04] (1.10e-04, 1.74e-02)
[288,   116] loss: 8.437110e-02 masks: 21.8 17.5 [wd: 2.62e-01] [lr: 4.41e-04] [mem: 5.65e+03] (169.0 ms)
[288,   116] grad_stats: [1.31e-03 5.67e-04] (1.20e-04, 1.23e-02)
[288,   232] loss: 8.475159e-02 masks: 21.6 17.5 [wd: 2.63e-01] [lr: 4.39e-04] [mem: 5.65e+03] (168.8 ms)
[288,   232] grad_stats: [2.06e-03 5.67e-04] (1.41e-04, 1.94e-02)
avg. loss 8.47515944e-02
time taken for epoch 0:00:52.779202
Epoch 289
[289,     0] loss: 9.357531e-02 masks: 20.0 20.0 [wd: 2.63e-01] [lr: 4.39e-04] [mem: 5.65e+03] (164.8 ms)
[289,     0] grad_stats: [1.57e-03 4.83e-04] (1.30e-04, 1.32e-02)
[289,   116] loss: 8.295211e-02 masks: 22.5 16.8 [wd: 2.63e-01] [lr: 4.38e-04] [mem: 5.65e+03] (170.1 ms)
[289,   116] grad_stats: [1.75e-03 5.71e-04] (1.40e-04, 4.70e-02)
[289,   232] loss: 8.397145e-02 masks: 22.3 17.0 [wd: 2.64e-01] [lr: 4.36e-04] [mem: 5.65e+03] (170.1 ms)
[289,   232] grad_stats: [3.37e-03 6.38e-04] (1.49e-04, 2.50e-02)
avg. loss 8.39714522e-02
time taken for epoch 0:00:53.009007
Epoch 290
[290,     0] loss: 8.069685e-02 masks: 18.0 20.0 [wd: 2.64e-01] [lr: 4.36e-04] [mem: 5.65e+03] (160.1 ms)
[290,     0] grad_stats: [3.78e-03 6.79e-04] (1.82e-04, 2.07e-02)
[290,   116] loss: 8.374277e-02 masks: 22.4 17.2 [wd: 2.64e-01] [lr: 4.34e-04] [mem: 5.65e+03] (170.2 ms)
[290,   116] grad_stats: [8.03e-04 3.55e-04] (1.02e-04, 4.12e-02)
[290,   232] loss: 8.371557e-02 masks: 22.4 17.1 [wd: 2.65e-01] [lr: 4.32e-04] [mem: 5.65e+03] (170.5 ms)
[290,   232] grad_stats: [2.38e-03 4.23e-04] (1.27e-04, 1.23e-02)
avg. loss 8.37155666e-02
time taken for epoch 0:00:53.266788
Epoch 291
[291,     0] loss: 9.706569e-02 masks: 15.0 20.0 [wd: 2.65e-01] [lr: 4.32e-04] [mem: 5.65e+03] (150.9 ms)
[291,     0] grad_stats: [1.05e-03 7.50e-04] (1.48e-04, 1.75e-02)
[291,   116] loss: 8.473104e-02 masks: 21.0 17.8 [wd: 2.65e-01] [lr: 4.31e-04] [mem: 5.65e+03] (167.0 ms)
[291,   116] grad_stats: [1.70e-03 8.62e-04] (1.86e-04, 2.43e-02)
[291,   232] loss: 8.473586e-02 masks: 21.5 17.6 [wd: 2.66e-01] [lr: 4.29e-04] [mem: 5.65e+03] (168.6 ms)
[291,   232] grad_stats: [2.04e-03 5.00e-04] (1.31e-04, 3.66e-02)
avg. loss 8.47358591e-02
time taken for epoch 0:00:52.661390
Epoch 292
[292,     0] loss: 7.842859e-02 masks: 29.0 16.0 [wd: 2.66e-01] [lr: 4.29e-04] [mem: 5.65e+03] (186.0 ms)
[292,     0] grad_stats: [3.04e-03 4.58e-04] (1.32e-04, 2.15e-02)
[292,   116] loss: 8.398444e-02 masks: 22.0 17.4 [wd: 2.66e-01] [lr: 4.27e-04] [mem: 5.65e+03] (169.3 ms)
[292,   116] grad_stats: [1.08e-03 5.23e-04] (1.13e-04, 1.78e-02)
[292,   232] loss: 8.433594e-02 masks: 21.8 17.3 [wd: 2.67e-01] [lr: 4.26e-04] [mem: 5.65e+03] (169.2 ms)
[292,   232] grad_stats: [9.68e-04 5.15e-04] (1.25e-04, 7.95e-03)
avg. loss 8.43359420e-02
time taken for epoch 0:00:52.807998
Epoch 293
[293,     0] loss: 8.197960e-02 masks: 25.0 16.0 [wd: 2.67e-01] [lr: 4.26e-04] [mem: 5.65e+03] (173.9 ms)
[293,     0] grad_stats: [1.21e-03 5.63e-04] (1.49e-04, 4.40e-02)
[293,   116] loss: 8.511544e-02 masks: 21.3 17.6 [wd: 2.67e-01] [lr: 4.24e-04] [mem: 5.65e+03] (167.8 ms)
[293,   116] grad_stats: [2.09e-03 6.62e-04] (1.30e-04, 2.19e-02)
[293,   232] loss: 8.460674e-02 masks: 22.0 17.3 [wd: 2.68e-01] [lr: 4.22e-04] [mem: 5.65e+03] (169.7 ms)
[293,   232] grad_stats: [1.12e-03 5.38e-04] (1.48e-04, 1.65e-02)
avg. loss 8.46067401e-02
time taken for epoch 0:00:52.927777
Epoch 294
[294,     0] loss: 8.557203e-02 masks: 20.0 16.0 [wd: 2.68e-01] [lr: 4.22e-04] [mem: 5.65e+03] (161.2 ms)
[294,     0] grad_stats: [3.00e-03 4.69e-04] (1.36e-04, 2.33e-02)
[294,   116] loss: 8.328097e-02 masks: 22.3 16.9 [wd: 2.69e-01] [lr: 4.21e-04] [mem: 5.65e+03] (169.8 ms)
[294,   116] grad_stats: [1.07e-03 3.71e-04] (1.19e-04, 2.44e-02)
[294,   232] loss: 8.348243e-02 masks: 22.1 17.0 [wd: 2.69e-01] [lr: 4.19e-04] [mem: 5.65e+03] (169.7 ms)
[294,   232] grad_stats: [1.74e-03 6.14e-04] (1.35e-04, 3.13e-02)
avg. loss 8.34824343e-02
time taken for epoch 0:00:52.957801
Epoch 295
[295,     0] loss: 8.041926e-02 masks: 23.0 16.0 [wd: 2.69e-01] [lr: 4.19e-04] [mem: 5.65e+03] (168.2 ms)
[295,     0] grad_stats: [1.62e-03 6.11e-04] (1.27e-04, 1.86e-02)
[295,   116] loss: 8.371923e-02 masks: 21.8 17.4 [wd: 2.70e-01] [lr: 4.17e-04] [mem: 5.65e+03] (169.1 ms)
[295,   116] grad_stats: [1.63e-03 7.67e-04] (1.76e-04, 1.51e-02)
[295,   232] loss: 8.347339e-02 masks: 22.0 17.4 [wd: 2.70e-01] [lr: 4.16e-04] [mem: 5.65e+03] (170.0 ms)
[295,   232] grad_stats: [1.58e-03 6.10e-04] (1.28e-04, 1.87e-02)
avg. loss 8.34733927e-02
time taken for epoch 0:00:53.067246
Epoch 296
[296,     0] loss: 6.586879e-02 masks: 36.0 12.0 [wd: 2.70e-01] [lr: 4.16e-04] [mem: 5.65e+03] (201.3 ms)
[296,     0] grad_stats: [1.87e-03 4.15e-04] (1.20e-04, 1.01e-02)
[296,   116] loss: 8.385122e-02 masks: 22.4 17.2 [wd: 2.71e-01] [lr: 4.14e-04] [mem: 5.65e+03] (170.1 ms)
[296,   116] grad_stats: [1.06e-03 8.01e-04] (1.54e-04, 2.26e-02)
[296,   232] loss: 8.420903e-02 masks: 22.0 17.4 [wd: 2.71e-01] [lr: 4.12e-04] [mem: 5.65e+03] (169.8 ms)
[296,   232] grad_stats: [1.81e-03 5.54e-04] (1.41e-04, 4.59e-02)
avg. loss 8.42090322e-02
time taken for epoch 0:00:52.963325
Epoch 297
[297,     0] loss: 7.938639e-02 masks: 25.0 16.0 [wd: 2.71e-01] [lr: 4.12e-04] [mem: 5.65e+03] (174.3 ms)
[297,     0] grad_stats: [1.59e-03 6.52e-04] (1.46e-04, 2.21e-02)
[297,   116] loss: 8.333480e-02 masks: 21.9 17.3 [wd: 2.72e-01] [lr: 4.11e-04] [mem: 5.65e+03] (169.3 ms)
[297,   116] grad_stats: [1.58e-03 6.35e-04] (1.49e-04, 8.62e-03)
[297,   232] loss: 8.348425e-02 masks: 22.1 17.3 [wd: 2.72e-01] [lr: 4.09e-04] [mem: 5.65e+03] (170.1 ms)
[297,   232] grad_stats: [1.51e-03 3.99e-04] (1.30e-04, 1.88e-02)
avg. loss 8.34842479e-02
time taken for epoch 0:00:53.025719
Epoch 298
[298,     0] loss: 8.212017e-02 masks: 22.0 16.0 [wd: 2.72e-01] [lr: 4.09e-04] [mem: 5.65e+03] (166.5 ms)
[298,     0] grad_stats: [1.24e-03 7.03e-04] (1.59e-04, 1.93e-02)
[298,   116] loss: 8.326944e-02 masks: 22.3 17.2 [wd: 2.73e-01] [lr: 4.07e-04] [mem: 5.65e+03] (170.0 ms)
[298,   116] grad_stats: [1.81e-03 5.34e-04] (1.30e-04, 1.99e-02)
[298,   232] loss: 8.308026e-02 masks: 22.4 17.1 [wd: 2.73e-01] [lr: 4.06e-04] [mem: 5.65e+03] (170.7 ms)
[298,   232] grad_stats: [2.80e-03 6.25e-04] (1.63e-04, 2.93e-02)
avg. loss 8.30802581e-02
time taken for epoch 0:00:53.216601
Epoch 299
[299,     0] loss: 9.286545e-02 masks: 16.0 20.0 [wd: 2.73e-01] [lr: 4.06e-04] [mem: 5.65e+03] (155.5 ms)
[299,     0] grad_stats: [3.19e-03 7.77e-04] (1.83e-04, 2.65e-02)
[299,   116] loss: 8.362125e-02 masks: 22.2 17.3 [wd: 2.74e-01] [lr: 4.04e-04] [mem: 5.65e+03] (169.8 ms)
[299,   116] grad_stats: [2.20e-03 5.69e-04] (1.49e-04, 2.52e-02)
[299,   232] loss: 8.407698e-02 masks: 21.9 17.4 [wd: 2.75e-01] [lr: 4.02e-04] [mem: 5.65e+03] (169.5 ms)
[299,   232] grad_stats: [1.30e-03 5.83e-04] (1.45e-04, 1.43e-02)
avg. loss 8.40769753e-02
time taken for epoch 0:00:53.590578
Epoch 300
[300,     0] loss: 1.077725e-01 masks: 13.0 20.0 [wd: 2.75e-01] [lr: 4.02e-04] [mem: 5.65e+03] (145.9 ms)
[300,     0] grad_stats: [1.13e-03 6.90e-04] (1.66e-04, 1.39e-02)
[300,   116] loss: 8.515804e-02 masks: 21.2 17.5 [wd: 2.75e-01] [lr: 4.01e-04] [mem: 5.65e+03] (167.2 ms)
[300,   116] grad_stats: [7.82e-04 4.70e-04] (1.33e-04, 2.05e-02)
[300,   232] loss: 8.467064e-02 masks: 21.5 17.4 [wd: 2.76e-01] [lr: 3.99e-04] [mem: 5.65e+03] (168.2 ms)
[300,   232] grad_stats: [2.12e-03 8.38e-04] (1.95e-04, 1.76e-02)
avg. loss 8.46706441e-02
	Epoch 300, KNN accuracy train: 7.28898e-01, KNN accuracy train: 5.90333e-01
time taken for epoch 0:01:34.652610
Epoch 301
[301,     0] loss: 7.663028e-02 masks: 24.0 16.0 [wd: 2.76e-01] [lr: 3.99e-04] [mem: 5.65e+03] (171.5 ms)
[301,     0] grad_stats: [2.13e-03 4.65e-04] (1.30e-04, 1.65e-02)
[301,   116] loss: 8.397456e-02 masks: 21.6 17.4 [wd: 2.76e-01] [lr: 3.97e-04] [mem: 5.65e+03] (167.4 ms)
[301,   116] grad_stats: [1.86e-03 7.67e-04] (1.65e-04, 1.26e-02)
[301,   232] loss: 8.493272e-02 masks: 21.2 17.4 [wd: 2.77e-01] [lr: 3.96e-04] [mem: 5.65e+03] (167.0 ms)
[301,   232] grad_stats: [1.29e-03 6.14e-04] (1.34e-04, 1.09e-02)
avg. loss 8.49327181e-02
time taken for epoch 0:00:52.375172
Epoch 302
[302,     0] loss: 7.904586e-02 masks: 27.0 16.0 [wd: 2.77e-01] [lr: 3.96e-04] [mem: 5.65e+03] (181.3 ms)
[302,     0] grad_stats: [1.53e-03 4.57e-04] (1.31e-04, 2.12e-02)
[302,   116] loss: 8.368312e-02 masks: 22.3 17.1 [wd: 2.77e-01] [lr: 3.94e-04] [mem: 5.65e+03] (169.9 ms)
[302,   116] grad_stats: [2.49e-03 8.67e-04] (1.83e-04, 4.07e-02)
[302,   232] loss: 8.422403e-02 masks: 22.1 17.2 [wd: 2.78e-01] [lr: 3.92e-04] [mem: 5.65e+03] (169.7 ms)
[302,   232] grad_stats: [1.15e-03 4.79e-04] (1.39e-04, 1.40e-02)
avg. loss 8.42240294e-02
time taken for epoch 0:00:52.935582
Epoch 303
[303,     0] loss: 8.104710e-02 masks: 22.0 20.0 [wd: 2.78e-01] [lr: 3.92e-04] [mem: 5.65e+03] (171.8 ms)
[303,     0] grad_stats: [1.32e-03 4.58e-04] (1.42e-04, 2.47e-02)
[303,   116] loss: 8.438589e-02 masks: 21.7 17.3 [wd: 2.78e-01] [lr: 3.91e-04] [mem: 5.65e+03] (168.4 ms)
[303,   116] grad_stats: [1.39e-03 4.19e-04] (1.26e-04, 1.88e-02)
[303,   232] loss: 8.356991e-02 masks: 22.0 17.3 [wd: 2.79e-01] [lr: 3.89e-04] [mem: 5.65e+03] (169.5 ms)
[303,   232] grad_stats: [1.18e-03 5.76e-04] (1.39e-04, 2.21e-02)
avg. loss 8.35699125e-02
time taken for epoch 0:00:52.944637
Epoch 304
[304,     0] loss: 8.940920e-02 masks: 21.0 20.0 [wd: 2.79e-01] [lr: 3.89e-04] [mem: 5.65e+03] (165.7 ms)
[304,     0] grad_stats: [1.43e-03 5.19e-04] (1.11e-04, 2.02e-02)
[304,   116] loss: 8.388793e-02 masks: 22.0 17.5 [wd: 2.79e-01] [lr: 3.87e-04] [mem: 5.65e+03] (169.3 ms)
[304,   116] grad_stats: [1.63e-03 4.30e-04] (1.30e-04, 2.06e-02)
[304,   232] loss: 8.400031e-02 masks: 21.8 17.4 [wd: 2.80e-01] [lr: 3.86e-04] [mem: 5.65e+03] (169.1 ms)
[304,   232] grad_stats: [1.03e-03 3.96e-04] (1.22e-04, 2.39e-02)
avg. loss 8.40003119e-02
time taken for epoch 0:00:52.818915
Epoch 305
[305,     0] loss: 8.390353e-02 masks: 21.0 16.0 [wd: 2.80e-01] [lr: 3.86e-04] [mem: 5.65e+03] (164.7 ms)
[305,     0] grad_stats: [1.13e-03 5.83e-04] (1.40e-04, 2.11e-02)
[305,   116] loss: 8.412245e-02 masks: 21.8 17.3 [wd: 2.80e-01] [lr: 3.84e-04] [mem: 5.65e+03] (168.7 ms)
[305,   116] grad_stats: [1.38e-03 5.96e-04] (1.42e-04, 1.25e-02)
[305,   232] loss: 8.393663e-02 masks: 21.6 17.5 [wd: 2.81e-01] [lr: 3.82e-04] [mem: 5.65e+03] (168.9 ms)
[305,   232] grad_stats: [9.64e-04 8.18e-04] (1.71e-04, 1.23e-02)
avg. loss 8.39366348e-02
time taken for epoch 0:00:52.841089
Epoch 306
[306,     0] loss: 8.689442e-02 masks: 18.0 20.0 [wd: 2.81e-01] [lr: 3.82e-04] [mem: 5.65e+03] (160.4 ms)
[306,     0] grad_stats: [1.43e-03 4.97e-04] (1.47e-04, 2.58e-02)
[306,   116] loss: 8.273350e-02 masks: 22.0 17.2 [wd: 2.82e-01] [lr: 3.81e-04] [mem: 5.65e+03] (169.0 ms)
[306,   116] grad_stats: [2.77e-03 5.30e-04] (1.60e-04, 2.94e-02)
[306,   232] loss: 8.359502e-02 masks: 21.8 17.3 [wd: 2.82e-01] [lr: 3.79e-04] [mem: 5.65e+03] (169.0 ms)
[306,   232] grad_stats: [2.01e-03 6.98e-04] (1.68e-04, 2.92e-02)
avg. loss 8.35950169e-02
time taken for epoch 0:00:52.775888
Epoch 307
[307,     0] loss: 8.329272e-02 masks: 19.0 20.0 [wd: 2.82e-01] [lr: 3.79e-04] [mem: 5.65e+03] (163.7 ms)
[307,     0] grad_stats: [1.99e-03 5.99e-04] (1.51e-04, 4.89e-02)
[307,   116] loss: 8.340241e-02 masks: 22.2 17.1 [wd: 2.83e-01] [lr: 3.77e-04] [mem: 5.65e+03] (169.7 ms)
[307,   116] grad_stats: [1.02e-03 5.78e-04] (1.30e-04, 1.57e-02)
[307,   232] loss: 8.357225e-02 masks: 22.1 17.0 [wd: 2.83e-01] [lr: 3.76e-04] [mem: 5.65e+03] (169.7 ms)
[307,   232] grad_stats: [1.21e-03 4.79e-04] (1.53e-04, 1.70e-02)
avg. loss 8.35722455e-02
time taken for epoch 0:00:52.939511
Epoch 308
[308,     0] loss: 6.702869e-02 masks: 35.0 12.0 [wd: 2.83e-01] [lr: 3.76e-04] [mem: 5.65e+03] (196.5 ms)
[308,     0] grad_stats: [8.10e-04 4.91e-04] (1.14e-04, 2.96e-02)
[308,   116] loss: 8.320858e-02 masks: 22.2 17.2 [wd: 2.84e-01] [lr: 3.74e-04] [mem: 5.65e+03] (169.6 ms)
[308,   116] grad_stats: [1.60e-03 6.96e-04] (1.80e-04, 4.05e-02)
[308,   232] loss: 8.380450e-02 masks: 21.9 17.3 [wd: 2.84e-01] [lr: 3.72e-04] [mem: 5.65e+03] (169.4 ms)
[308,   232] grad_stats: [9.55e-04 7.55e-04] (1.69e-04, 1.73e-02)
avg. loss 8.38044959e-02
time taken for epoch 0:00:52.870990
Epoch 309
[309,     0] loss: 8.338444e-02 masks: 26.0 16.0 [wd: 2.84e-01] [lr: 3.72e-04] [mem: 5.65e+03] (176.6 ms)
[309,     0] grad_stats: [1.93e-03 8.38e-04] (1.78e-04, 3.24e-02)
[309,   116] loss: 8.321591e-02 masks: 22.3 17.6 [wd: 2.85e-01] [lr: 3.71e-04] [mem: 5.65e+03] (170.5 ms)
[309,   116] grad_stats: [1.66e-03 8.89e-04] (1.99e-04, 2.66e-02)
[309,   232] loss: 8.289461e-02 masks: 22.5 17.4 [wd: 2.85e-01] [lr: 3.69e-04] [mem: 5.65e+03] (171.2 ms)
[309,   232] grad_stats: [1.83e-03 7.44e-04] (1.72e-04, 4.74e-02)
avg. loss 8.28946127e-02
time taken for epoch 0:00:53.302725
Epoch 310
[310,     0] loss: 7.261673e-02 masks: 33.0 12.0 [wd: 2.85e-01] [lr: 3.69e-04] [mem: 5.65e+03] (191.3 ms)
[310,     0] grad_stats: [1.25e-03 4.46e-04] (1.38e-04, 3.71e-02)
[310,   116] loss: 8.296754e-02 masks: 22.0 17.3 [wd: 2.86e-01] [lr: 3.67e-04] [mem: 5.65e+03] (169.2 ms)
[310,   116] grad_stats: [2.00e-03 4.66e-04] (1.41e-04, 1.63e-02)
[310,   232] loss: 8.357118e-02 masks: 21.9 17.3 [wd: 2.86e-01] [lr: 3.66e-04] [mem: 5.65e+03] (169.2 ms)
[310,   232] grad_stats: [2.65e-03 5.42e-04] (1.58e-04, 2.71e-02)
avg. loss 8.35711846e-02
time taken for epoch 0:00:52.825198
Epoch 311
[311,     0] loss: 9.170863e-02 masks: 19.0 20.0 [wd: 2.86e-01] [lr: 3.66e-04] [mem: 5.65e+03] (163.1 ms)
[311,     0] grad_stats: [1.72e-03 5.98e-04] (1.74e-04, 3.69e-02)
[311,   116] loss: 8.284811e-02 masks: 22.6 16.9 [wd: 2.87e-01] [lr: 3.64e-04] [mem: 5.65e+03] (170.3 ms)
[311,   116] grad_stats: [1.53e-03 9.61e-04] (1.66e-04, 2.38e-02)
[311,   232] loss: 8.297921e-02 masks: 22.3 17.0 [wd: 2.87e-01] [lr: 3.62e-04] [mem: 5.65e+03] (170.2 ms)
[311,   232] grad_stats: [1.56e-03 6.41e-04] (1.67e-04, 2.14e-02)
avg. loss 8.29792055e-02
time taken for epoch 0:00:53.104536
Epoch 312
[312,     0] loss: 8.383421e-02 masks: 26.0 16.0 [wd: 2.87e-01] [lr: 3.62e-04] [mem: 5.65e+03] (178.5 ms)
[312,     0] grad_stats: [1.30e-03 5.67e-04] (1.56e-04, 1.26e-02)
[312,   116] loss: 8.347000e-02 masks: 22.0 17.4 [wd: 2.88e-01] [lr: 3.61e-04] [mem: 5.65e+03] (169.5 ms)
[312,   116] grad_stats: [9.58e-04 5.23e-04] (1.41e-04, 1.13e-02)
[312,   232] loss: 8.348588e-02 masks: 21.9 17.2 [wd: 2.88e-01] [lr: 3.59e-04] [mem: 5.65e+03] (169.3 ms)
[312,   232] grad_stats: [1.37e-03 5.28e-04] (1.39e-04, 2.56e-02)
avg. loss 8.34858823e-02
time taken for epoch 0:00:52.942848
Epoch 313
[313,     0] loss: 9.173315e-02 masks: 17.0 16.0 [wd: 2.88e-01] [lr: 3.59e-04] [mem: 5.65e+03] (153.5 ms)
[313,     0] grad_stats: [3.20e-03 6.65e-04] (1.92e-04, 2.37e-02)
[313,   116] loss: 8.364477e-02 masks: 21.6 17.4 [wd: 2.89e-01] [lr: 3.58e-04] [mem: 5.65e+03] (168.3 ms)
[313,   116] grad_stats: [8.75e-04 5.92e-04] (1.37e-04, 1.09e-02)
[313,   232] loss: 8.393890e-02 masks: 21.6 17.4 [wd: 2.89e-01] [lr: 3.56e-04] [mem: 5.65e+03] (168.5 ms)
[313,   232] grad_stats: [1.12e-03 6.14e-04] (1.46e-04, 1.90e-02)
avg. loss 8.39389031e-02
time taken for epoch 0:00:52.664024
Epoch 314
[314,     0] loss: 9.267787e-02 masks: 15.0 20.0 [wd: 2.89e-01] [lr: 3.56e-04] [mem: 5.65e+03] (149.0 ms)
[314,     0] grad_stats: [1.45e-03 6.10e-04] (1.44e-04, 1.90e-02)
[314,   116] loss: 8.339415e-02 masks: 22.0 17.3 [wd: 2.90e-01] [lr: 3.54e-04] [mem: 5.65e+03] (169.2 ms)
[314,   116] grad_stats: [1.44e-03 5.64e-04] (1.49e-04, 1.39e-02)
[314,   232] loss: 8.338871e-02 masks: 22.2 17.2 [wd: 2.90e-01] [lr: 3.53e-04] [mem: 5.65e+03] (170.2 ms)
[314,   232] grad_stats: [1.56e-03 5.68e-04] (1.66e-04, 2.52e-02)
avg. loss 8.33887071e-02
time taken for epoch 0:00:52.961163
Epoch 315
[315,     0] loss: 8.888377e-02 masks: 21.0 16.0 [wd: 2.90e-01] [lr: 3.53e-04] [mem: 5.65e+03] (164.2 ms)
[315,     0] grad_stats: [1.99e-03 6.35e-04] (1.43e-04, 2.24e-02)
[315,   116] loss: 8.333754e-02 masks: 22.8 16.7 [wd: 2.91e-01] [lr: 3.51e-04] [mem: 5.65e+03] (170.7 ms)
[315,   116] grad_stats: [1.29e-03 5.52e-04] (1.56e-04, 2.90e-02)
[315,   232] loss: 8.298293e-02 masks: 22.4 17.0 [wd: 2.91e-01] [lr: 3.49e-04] [mem: 5.65e+03] (170.2 ms)
[315,   232] grad_stats: [1.64e-03 5.35e-04] (1.35e-04, 1.83e-02)
avg. loss 8.29829257e-02
time taken for epoch 0:00:53.088555
Epoch 316
[316,     0] loss: 7.710054e-02 masks: 24.0 16.0 [wd: 2.91e-01] [lr: 3.49e-04] [mem: 5.65e+03] (172.9 ms)
[316,     0] grad_stats: [9.83e-04 6.09e-04] (1.56e-04, 8.81e-03)
[316,   116] loss: 8.395197e-02 masks: 21.9 17.4 [wd: 2.92e-01] [lr: 3.48e-04] [mem: 5.65e+03] (169.1 ms)
[316,   116] grad_stats: [1.99e-03 6.03e-04] (1.77e-04, 3.24e-02)
[316,   232] loss: 8.439618e-02 masks: 21.5 17.6 [wd: 2.93e-01] [lr: 3.46e-04] [mem: 5.65e+03] (168.4 ms)
[316,   232] grad_stats: [1.91e-03 6.66e-04] (2.16e-04, 2.20e-02)
avg. loss 8.43961802e-02
time taken for epoch 0:00:52.702615
Epoch 317
[317,     0] loss: 8.715828e-02 masks: 22.0 16.0 [wd: 2.93e-01] [lr: 3.46e-04] [mem: 5.65e+03] (166.3 ms)
[317,     0] grad_stats: [1.45e-03 6.33e-04] (1.76e-04, 1.61e-02)
[317,   116] loss: 8.214850e-02 masks: 22.4 17.2 [wd: 2.93e-01] [lr: 3.45e-04] [mem: 5.65e+03] (170.2 ms)
[317,   116] grad_stats: [6.98e-04 5.18e-04] (1.51e-04, 1.85e-02)
[317,   232] loss: 8.300449e-02 masks: 22.2 17.2 [wd: 2.94e-01] [lr: 3.43e-04] [mem: 5.65e+03] (170.3 ms)
[317,   232] grad_stats: [1.87e-03 5.83e-04] (1.66e-04, 3.71e-02)
avg. loss 8.30044887e-02
time taken for epoch 0:00:53.102592
Epoch 318
[318,     0] loss: 8.048192e-02 masks: 25.0 16.0 [wd: 2.94e-01] [lr: 3.43e-04] [mem: 5.65e+03] (175.5 ms)
[318,     0] grad_stats: [2.26e-03 5.62e-04] (1.61e-04, 3.56e-02)
[318,   116] loss: 8.307507e-02 masks: 22.5 16.8 [wd: 2.94e-01] [lr: 3.41e-04] [mem: 5.65e+03] (170.2 ms)
[318,   116] grad_stats: [2.57e-03 5.94e-04] (1.45e-04, 2.40e-02)
[318,   232] loss: 8.315355e-02 masks: 22.1 17.0 [wd: 2.95e-01] [lr: 3.40e-04] [mem: 5.65e+03] (169.6 ms)
[318,   232] grad_stats: [3.38e-03 5.42e-04] (1.66e-04, 1.63e-02)
avg. loss 8.31535538e-02
time taken for epoch 0:00:52.902784
Epoch 319
[319,     0] loss: 8.022977e-02 masks: 19.0 20.0 [wd: 2.95e-01] [lr: 3.40e-04] [mem: 5.65e+03] (163.6 ms)
[319,     0] grad_stats: [1.64e-03 6.15e-04] (1.74e-04, 1.19e-02)
[319,   116] loss: 8.353106e-02 masks: 21.8 17.3 [wd: 2.95e-01] [lr: 3.38e-04] [mem: 5.65e+03] (168.8 ms)
[319,   116] grad_stats: [1.26e-03 5.38e-04] (1.54e-04, 2.93e-02)
[319,   232] loss: 8.329783e-02 masks: 21.9 17.2 [wd: 2.96e-01] [lr: 3.36e-04] [mem: 5.65e+03] (169.4 ms)
[319,   232] grad_stats: [1.34e-03 7.35e-04] (1.73e-04, 4.81e-02)
avg. loss 8.32978260e-02
time taken for epoch 0:00:52.986245
Epoch 320
[320,     0] loss: 8.603890e-02 masks: 17.0 20.0 [wd: 2.96e-01] [lr: 3.36e-04] [mem: 5.65e+03] (157.1 ms)
[320,     0] grad_stats: [1.40e-03 7.08e-04] (1.79e-04, 2.20e-02)
[320,   116] loss: 8.440950e-02 masks: 21.3 17.4 [wd: 2.96e-01] [lr: 3.35e-04] [mem: 5.65e+03] (167.6 ms)
[320,   116] grad_stats: [1.12e-03 9.41e-04] (1.88e-04, 3.62e-02)
[320,   232] loss: 8.333944e-02 masks: 21.8 17.2 [wd: 2.97e-01] [lr: 3.33e-04] [mem: 5.65e+03] (169.0 ms)
[320,   232] grad_stats: [3.17e-03 4.33e-04] (1.46e-04, 4.03e-02)
avg. loss 8.33394418e-02
time taken for epoch 0:00:52.919377
Epoch 321
[321,     0] loss: 8.339926e-02 masks: 26.0 16.0 [wd: 2.97e-01] [lr: 3.33e-04] [mem: 5.65e+03] (178.8 ms)
[321,     0] grad_stats: [1.92e-03 6.96e-04] (1.72e-04, 2.07e-02)
[321,   116] loss: 8.380844e-02 masks: 21.9 17.3 [wd: 2.97e-01] [lr: 3.32e-04] [mem: 5.65e+03] (168.8 ms)
[321,   116] grad_stats: [2.23e-03 4.77e-04] (1.35e-04, 2.00e-02)
[321,   232] loss: 8.321992e-02 masks: 21.8 17.4 [wd: 2.98e-01] [lr: 3.30e-04] [mem: 5.65e+03] (169.2 ms)
[321,   232] grad_stats: [2.16e-03 6.06e-04] (1.73e-04, 5.08e-02)
avg. loss 8.32199227e-02
time taken for epoch 0:00:52.925026
Epoch 322
[322,     0] loss: 7.770602e-02 masks: 25.0 16.0 [wd: 2.98e-01] [lr: 3.30e-04] [mem: 5.65e+03] (174.3 ms)
[322,     0] grad_stats: [1.84e-03 6.78e-04] (1.88e-04, 2.32e-02)
[322,   116] loss: 8.408975e-02 masks: 21.6 17.4 [wd: 2.98e-01] [lr: 3.28e-04] [mem: 5.65e+03] (168.3 ms)
[322,   116] grad_stats: [9.85e-04 5.81e-04] (1.43e-04, 1.94e-02)
[322,   232] loss: 8.338546e-02 masks: 22.1 17.2 [wd: 2.99e-01] [lr: 3.27e-04] [mem: 5.65e+03] (169.9 ms)
[322,   232] grad_stats: [1.70e-03 5.95e-04] (1.72e-04, 1.30e-02)
avg. loss 8.33854640e-02
time taken for epoch 0:00:52.839085
Epoch 323
[323,     0] loss: 7.894191e-02 masks: 25.0 16.0 [wd: 2.99e-01] [lr: 3.27e-04] [mem: 5.65e+03] (174.5 ms)
[323,     0] grad_stats: [1.73e-03 5.20e-04] (1.41e-04, 1.20e-02)
[323,   116] loss: 8.201312e-02 masks: 22.8 16.9 [wd: 2.99e-01] [lr: 3.25e-04] [mem: 5.65e+03] (171.2 ms)
[323,   116] grad_stats: [1.77e-03 7.98e-04] (2.20e-04, 1.47e-02)
[323,   232] loss: 8.188835e-02 masks: 22.9 16.9 [wd: 3.00e-01] [lr: 3.24e-04] [mem: 5.65e+03] (171.7 ms)
[323,   232] grad_stats: [1.46e-03 6.88e-04] (1.64e-04, 3.01e-02)
avg. loss 8.18883462e-02
time taken for epoch 0:00:53.450248
Epoch 324
[324,     0] loss: 7.030396e-02 masks: 27.0 16.0 [wd: 3.00e-01] [lr: 3.24e-04] [mem: 5.65e+03] (181.5 ms)
[324,     0] grad_stats: [2.56e-03 5.64e-04] (1.42e-04, 3.63e-02)
[324,   116] loss: 8.333411e-02 masks: 21.8 17.5 [wd: 3.00e-01] [lr: 3.22e-04] [mem: 5.65e+03] (169.1 ms)
[324,   116] grad_stats: [1.24e-03 6.69e-04] (2.30e-04, 4.83e-02)
[324,   232] loss: 8.266351e-02 masks: 22.2 17.2 [wd: 3.01e-01] [lr: 3.20e-04] [mem: 5.65e+03] (170.3 ms)
[324,   232] grad_stats: [1.03e-03 6.92e-04] (1.63e-04, 1.62e-02)
avg. loss 8.26635123e-02
time taken for epoch 0:00:53.082637
Epoch 325
[325,     0] loss: 8.127311e-02 masks: 19.0 20.0 [wd: 3.01e-01] [lr: 3.20e-04] [mem: 5.65e+03] (163.7 ms)
[325,     0] grad_stats: [2.35e-03 6.82e-04] (1.65e-04, 1.48e-02)
[325,   116] loss: 8.157766e-02 masks: 22.7 16.9 [wd: 3.01e-01] [lr: 3.19e-04] [mem: 5.65e+03] (170.8 ms)
[325,   116] grad_stats: [1.34e-03 4.66e-04] (1.40e-04, 1.04e-02)
[325,   232] loss: 8.283765e-02 masks: 22.3 17.0 [wd: 3.02e-01] [lr: 3.17e-04] [mem: 5.65e+03] (170.2 ms)
[325,   232] grad_stats: [1.05e-03 4.72e-04] (1.46e-04, 2.62e-02)
avg. loss 8.28376454e-02
time taken for epoch 0:00:53.078124
Epoch 326
[326,     0] loss: 7.791232e-02 masks: 25.0 16.0 [wd: 3.02e-01] [lr: 3.17e-04] [mem: 5.65e+03] (174.5 ms)
[326,     0] grad_stats: [1.14e-03 4.87e-04] (1.32e-04, 3.92e-02)
[326,   116] loss: 8.212330e-02 masks: 22.6 17.1 [wd: 3.02e-01] [lr: 3.16e-04] [mem: 5.65e+03] (170.7 ms)
[326,   116] grad_stats: [1.87e-03 7.06e-04] (1.57e-04, 3.70e-02)
[326,   232] loss: 8.219237e-02 masks: 22.4 17.1 [wd: 3.03e-01] [lr: 3.14e-04] [mem: 5.65e+03] (170.6 ms)
[326,   232] grad_stats: [1.44e-03 6.94e-04] (1.78e-04, 4.01e-02)
avg. loss 8.21923720e-02
time taken for epoch 0:00:53.181044
Epoch 327
[327,     0] loss: 7.639737e-02 masks: 27.0 16.0 [wd: 3.03e-01] [lr: 3.14e-04] [mem: 5.65e+03] (181.0 ms)
[327,     0] grad_stats: [1.34e-03 5.38e-04] (1.66e-04, 3.14e-02)
[327,   116] loss: 8.178845e-02 masks: 22.8 16.9 [wd: 3.03e-01] [lr: 3.12e-04] [mem: 5.65e+03] (171.0 ms)
[327,   116] grad_stats: [1.26e-03 5.47e-04] (1.52e-04, 1.68e-02)
[327,   232] loss: 8.223000e-02 masks: 22.4 17.1 [wd: 3.04e-01] [lr: 3.11e-04] [mem: 5.65e+03] (170.6 ms)
[327,   232] grad_stats: [7.94e-04 6.73e-04] (1.78e-04, 9.63e-03)
avg. loss 8.22300010e-02
time taken for epoch 0:00:53.201228
Epoch 328
[328,     0] loss: 8.144868e-02 masks: 23.0 20.0 [wd: 3.04e-01] [lr: 3.11e-04] [mem: 5.65e+03] (172.5 ms)
[328,     0] grad_stats: [1.29e-03 6.42e-04] (1.62e-04, 1.89e-02)
[328,   116] loss: 8.247505e-02 masks: 22.2 17.1 [wd: 3.04e-01] [lr: 3.09e-04] [mem: 5.65e+03] (169.5 ms)
[328,   116] grad_stats: [1.00e-03 5.81e-04] (1.56e-04, 1.82e-02)
[328,   232] loss: 8.227158e-02 masks: 22.2 17.2 [wd: 3.05e-01] [lr: 3.08e-04] [mem: 5.65e+03] (170.0 ms)
[328,   232] grad_stats: [9.58e-04 6.72e-04] (1.56e-04, 1.43e-02)
avg. loss 8.22715773e-02
time taken for epoch 0:00:52.982435
Epoch 329
[329,     0] loss: 8.608210e-02 masks: 18.0 20.0 [wd: 3.05e-01] [lr: 3.08e-04] [mem: 5.65e+03] (160.4 ms)
[329,     0] grad_stats: [8.47e-04 5.60e-04] (1.58e-04, 2.87e-02)
[329,   116] loss: 8.142723e-02 masks: 22.8 17.0 [wd: 3.05e-01] [lr: 3.06e-04] [mem: 5.65e+03] (171.1 ms)
[329,   116] grad_stats: [1.11e-03 5.39e-04] (1.63e-04, 1.22e-02)
[329,   232] loss: 8.219084e-02 masks: 22.1 17.3 [wd: 3.06e-01] [lr: 3.05e-04] [mem: 5.65e+03] (170.0 ms)
[329,   232] grad_stats: [2.74e-03 5.18e-04] (1.69e-04, 1.53e-02)
avg. loss 8.21908360e-02
time taken for epoch 0:00:53.014516
Epoch 330
[330,     0] loss: 7.428787e-02 masks: 33.0 12.0 [wd: 3.06e-01] [lr: 3.05e-04] [mem: 5.65e+03] (191.7 ms)
[330,     0] grad_stats: [1.22e-03 6.74e-04] (1.86e-04, 5.78e-02)
[330,   116] loss: 8.315317e-02 masks: 21.2 17.6 [wd: 3.06e-01] [lr: 3.03e-04] [mem: 5.65e+03] (167.3 ms)
[330,   116] grad_stats: [1.98e-03 9.14e-04] (2.07e-04, 5.08e-02)
[330,   232] loss: 8.217602e-02 masks: 22.1 17.3 [wd: 3.07e-01] [lr: 3.01e-04] [mem: 5.65e+03] (170.1 ms)
[330,   232] grad_stats: [1.06e-03 5.33e-04] (1.58e-04, 3.55e-02)
avg. loss 8.21760232e-02
time taken for epoch 0:00:53.012909
Epoch 331
[331,     0] loss: 9.996903e-02 masks: 12.0 20.0 [wd: 3.07e-01] [lr: 3.01e-04] [mem: 5.65e+03] (145.2 ms)
[331,     0] grad_stats: [1.64e-03 8.66e-04] (2.05e-04, 1.37e-02)
[331,   116] loss: 8.232413e-02 masks: 21.9 17.2 [wd: 3.07e-01] [lr: 3.00e-04] [mem: 5.65e+03] (168.8 ms)
[331,   116] grad_stats: [1.24e-03 6.99e-04] (2.06e-04, 4.31e-02)
[331,   232] loss: 8.255227e-02 masks: 21.8 17.3 [wd: 3.08e-01] [lr: 2.98e-04] [mem: 5.65e+03] (169.1 ms)
[331,   232] grad_stats: [1.06e-03 7.96e-04] (2.09e-04, 2.06e-02)
avg. loss 8.25522714e-02
time taken for epoch 0:00:52.915710
Epoch 332
[332,     0] loss: 7.765710e-02 masks: 21.0 16.0 [wd: 3.08e-01] [lr: 2.98e-04] [mem: 5.65e+03] (164.7 ms)
[332,     0] grad_stats: [1.48e-03 9.67e-04] (2.25e-04, 3.62e-02)
[332,   116] loss: 8.407859e-02 masks: 21.0 17.7 [wd: 3.08e-01] [lr: 2.97e-04] [mem: 5.65e+03] (166.8 ms)
[332,   116] grad_stats: [1.08e-03 6.19e-04] (1.92e-04, 3.55e-02)
[332,   232] loss: 8.320026e-02 masks: 21.4 17.5 [wd: 3.09e-01] [lr: 2.95e-04] [mem: 5.65e+03] (168.1 ms)
[332,   232] grad_stats: [1.73e-03 3.87e-04] (1.32e-04, 9.39e-03)
avg. loss 8.32002624e-02
time taken for epoch 0:00:52.490628
Epoch 333
[333,     0] loss: 7.366274e-02 masks: 27.0 16.0 [wd: 3.09e-01] [lr: 2.95e-04] [mem: 5.65e+03] (181.6 ms)
[333,     0] grad_stats: [1.86e-03 4.69e-04] (1.33e-04, 3.32e-02)
[333,   116] loss: 8.255762e-02 masks: 21.5 17.4 [wd: 3.09e-01] [lr: 2.94e-04] [mem: 5.65e+03] (168.2 ms)
[333,   116] grad_stats: [9.46e-04 7.58e-04] (1.69e-04, 1.94e-02)
[333,   232] loss: 8.262626e-02 masks: 21.6 17.3 [wd: 3.10e-01] [lr: 2.92e-04] [mem: 5.65e+03] (168.7 ms)
[333,   232] grad_stats: [1.79e-03 9.38e-04] (2.51e-04, 2.61e-02)
avg. loss 8.26262630e-02
time taken for epoch 0:00:52.677408
Epoch 334
[334,     0] loss: 8.315471e-02 masks: 25.0 16.0 [wd: 3.10e-01] [lr: 2.92e-04] [mem: 5.65e+03] (174.8 ms)
[334,     0] grad_stats: [1.79e-03 6.69e-04] (2.06e-04, 3.55e-02)
[334,   116] loss: 8.227625e-02 masks: 22.3 17.2 [wd: 3.10e-01] [lr: 2.91e-04] [mem: 5.65e+03] (169.9 ms)
[334,   116] grad_stats: [9.02e-04 5.64e-04] (1.83e-04, 2.44e-02)
[334,   232] loss: 8.239550e-02 masks: 22.2 17.3 [wd: 3.11e-01] [lr: 2.89e-04] [mem: 5.65e+03] (170.2 ms)
[334,   232] grad_stats: [1.40e-03 7.87e-04] (1.90e-04, 2.87e-02)
avg. loss 8.23954984e-02
time taken for epoch 0:00:53.046622
Epoch 335
[335,     0] loss: 6.954679e-02 masks: 33.0 12.0 [wd: 3.11e-01] [lr: 2.89e-04] [mem: 5.65e+03] (190.8 ms)
[335,     0] grad_stats: [1.22e-03 5.44e-04] (1.44e-04, 4.25e-02)
[335,   116] loss: 8.273233e-02 masks: 21.8 17.4 [wd: 3.11e-01] [lr: 2.88e-04] [mem: 5.65e+03] (168.8 ms)
[335,   116] grad_stats: [8.68e-04 6.73e-04] (1.67e-04, 2.91e-02)
[335,   232] loss: 8.285539e-02 masks: 21.9 17.3 [wd: 3.12e-01] [lr: 2.86e-04] [mem: 5.65e+03] (169.4 ms)
[335,   232] grad_stats: [1.23e-03 6.71e-04] (2.27e-04, 4.50e-02)
avg. loss 8.28553934e-02
time taken for epoch 0:00:52.924301
Epoch 336
[336,     0] loss: 8.227408e-02 masks: 24.0 16.0 [wd: 3.12e-01] [lr: 2.86e-04] [mem: 5.65e+03] (173.6 ms)
[336,     0] grad_stats: [2.38e-03 7.12e-04] (2.15e-04, 1.49e-02)
[336,   116] loss: 8.209520e-02 masks: 22.4 17.1 [wd: 3.12e-01] [lr: 2.84e-04] [mem: 5.65e+03] (170.3 ms)
[336,   116] grad_stats: [9.52e-04 6.64e-04] (1.94e-04, 5.49e-02)
[336,   232] loss: 8.250926e-02 masks: 22.3 17.2 [wd: 3.13e-01] [lr: 2.83e-04] [mem: 5.65e+03] (170.4 ms)
[336,   232] grad_stats: [9.83e-04 7.47e-04] (2.07e-04, 2.32e-02)
avg. loss 8.25092593e-02
time taken for epoch 0:00:53.058032
Epoch 337
[337,     0] loss: 8.029161e-02 masks: 18.0 20.0 [wd: 3.13e-01] [lr: 2.83e-04] [mem: 5.65e+03] (159.8 ms)
[337,     0] grad_stats: [1.46e-03 8.27e-04] (2.38e-04, 1.76e-02)
[337,   116] loss: 8.191488e-02 masks: 22.5 17.0 [wd: 3.13e-01] [lr: 2.81e-04] [mem: 5.65e+03] (170.3 ms)
[337,   116] grad_stats: [2.51e-03 6.11e-04] (2.12e-04, 2.32e-02)
[337,   232] loss: 8.216000e-02 masks: 22.2 17.2 [wd: 3.14e-01] [lr: 2.80e-04] [mem: 5.65e+03] (170.0 ms)
[337,   232] grad_stats: [2.05e-03 6.78e-04] (1.92e-04, 1.97e-02)
avg. loss 8.21599980e-02
time taken for epoch 0:00:53.083817
Epoch 338
[338,     0] loss: 8.140966e-02 masks: 23.0 16.0 [wd: 3.14e-01] [lr: 2.80e-04] [mem: 5.65e+03] (168.2 ms)
[338,     0] grad_stats: [1.36e-03 5.99e-04] (1.72e-04, 1.84e-02)
[338,   116] loss: 8.225298e-02 masks: 22.6 16.7 [wd: 3.14e-01] [lr: 2.78e-04] [mem: 5.65e+03] (170.3 ms)
[338,   116] grad_stats: [1.52e-03 8.39e-04] (1.97e-04, 1.18e-02)
[338,   232] loss: 8.222629e-02 masks: 22.4 16.9 [wd: 3.15e-01] [lr: 2.77e-04] [mem: 5.65e+03] (170.5 ms)
[338,   232] grad_stats: [1.06e-03 6.53e-04] (1.76e-04, 2.06e-02)
avg. loss 8.22262946e-02
time taken for epoch 0:00:53.118510
Epoch 339
[339,     0] loss: 7.708918e-02 masks: 25.0 16.0 [wd: 3.15e-01] [lr: 2.77e-04] [mem: 5.65e+03] (174.2 ms)
[339,     0] grad_stats: [1.21e-03 7.21e-04] (1.78e-04, 2.60e-02)
[339,   116] loss: 8.246250e-02 masks: 22.2 17.3 [wd: 3.15e-01] [lr: 2.75e-04] [mem: 5.65e+03] (169.7 ms)
[339,   116] grad_stats: [1.67e-03 6.31e-04] (1.85e-04, 2.77e-02)
[339,   232] loss: 8.248194e-02 masks: 22.2 17.2 [wd: 3.15e-01] [lr: 2.74e-04] [mem: 5.65e+03] (170.2 ms)
[339,   232] grad_stats: [9.89e-04 5.88e-04] (1.94e-04, 1.53e-02)
avg. loss 8.24819415e-02
time taken for epoch 0:00:53.110455
Epoch 340
[340,     0] loss: 7.887170e-02 masks: 18.0 20.0 [wd: 3.15e-01] [lr: 2.74e-04] [mem: 5.65e+03] (161.1 ms)
[340,     0] grad_stats: [2.32e-03 6.64e-04] (2.24e-04, 1.86e-02)
[340,   116] loss: 8.294527e-02 masks: 21.6 17.6 [wd: 3.16e-01] [lr: 2.72e-04] [mem: 5.65e+03] (168.3 ms)
[340,   116] grad_stats: [1.66e-03 7.89e-04] (2.18e-04, 6.20e-02)
[340,   232] loss: 8.307457e-02 masks: 21.4 17.7 [wd: 3.16e-01] [lr: 2.71e-04] [mem: 5.65e+03] (168.5 ms)
[340,   232] grad_stats: [2.27e-03 1.24e-03] (2.26e-04, 1.45e-02)
avg. loss 8.30745717e-02
time taken for epoch 0:00:52.722364
Epoch 341
[341,     0] loss: 7.565196e-02 masks: 24.0 20.0 [wd: 3.16e-01] [lr: 2.71e-04] [mem: 5.65e+03] (177.5 ms)
[341,     0] grad_stats: [2.93e-03 6.06e-04] (2.02e-04, 4.53e-02)
[341,   116] loss: 8.247958e-02 masks: 22.0 17.2 [wd: 3.17e-01] [lr: 2.69e-04] [mem: 5.65e+03] (169.2 ms)
[341,   116] grad_stats: [1.33e-03 6.61e-04] (1.83e-04, 1.56e-02)
[341,   232] loss: 8.251767e-02 masks: 22.1 17.1 [wd: 3.17e-01] [lr: 2.68e-04] [mem: 5.65e+03] (169.6 ms)
[341,   232] grad_stats: [2.02e-03 5.93e-04] (1.75e-04, 2.74e-02)
avg. loss 8.25176708e-02
time taken for epoch 0:00:52.935896
Epoch 342
[342,     0] loss: 6.956748e-02 masks: 37.0 12.0 [wd: 3.17e-01] [lr: 2.68e-04] [mem: 5.65e+03] (203.7 ms)
[342,     0] grad_stats: [1.13e-03 6.14e-04] (1.99e-04, 2.73e-02)
[342,   116] loss: 8.391235e-02 masks: 21.3 17.3 [wd: 3.18e-01] [lr: 2.66e-04] [mem: 5.65e+03] (167.5 ms)
[342,   116] grad_stats: [1.34e-03 5.90e-04] (1.66e-04, 1.48e-02)
[342,   232] loss: 8.281157e-02 masks: 21.8 17.2 [wd: 3.18e-01] [lr: 2.65e-04] [mem: 5.65e+03] (169.0 ms)
[342,   232] grad_stats: [1.59e-03 8.33e-04] (1.96e-04, 2.34e-02)
avg. loss 8.28115749e-02
time taken for epoch 0:00:52.760513
Epoch 343
[343,     0] loss: 8.468837e-02 masks: 19.0 20.0 [wd: 3.18e-01] [lr: 2.65e-04] [mem: 5.65e+03] (163.4 ms)
[343,     0] grad_stats: [2.95e-03 7.84e-04] (2.06e-04, 3.08e-02)
[343,   116] loss: 8.226464e-02 masks: 22.2 17.1 [wd: 3.19e-01] [lr: 2.63e-04] [mem: 5.65e+03] (169.5 ms)
[343,   116] grad_stats: [1.34e-03 6.77e-04] (1.91e-04, 2.07e-02)
[343,   232] loss: 8.234462e-02 masks: 22.2 17.2 [wd: 3.19e-01] [lr: 2.62e-04] [mem: 5.65e+03] (169.9 ms)
[343,   232] grad_stats: [8.33e-04 6.12e-04] (1.89e-04, 2.11e-02)
avg. loss 8.23446176e-02
time taken for epoch 0:00:52.990594
Epoch 344
[344,     0] loss: 8.306505e-02 masks: 20.0 16.0 [wd: 3.19e-01] [lr: 2.62e-04] [mem: 5.65e+03] (161.1 ms)
[344,     0] grad_stats: [1.51e-03 7.27e-04] (2.09e-04, 1.83e-02)
[344,   116] loss: 8.160516e-02 masks: 22.5 17.0 [wd: 3.20e-01] [lr: 2.60e-04] [mem: 5.65e+03] (170.2 ms)
[344,   116] grad_stats: [1.12e-03 5.28e-04] (1.64e-04, 2.28e-02)
[344,   232] loss: 8.180104e-02 masks: 22.5 17.2 [wd: 3.20e-01] [lr: 2.59e-04] [mem: 5.65e+03] (170.8 ms)
[344,   232] grad_stats: [1.20e-03 7.10e-04] (2.10e-04, 2.77e-02)
avg. loss 8.18010450e-02
time taken for epoch 0:00:53.259644
Epoch 345
[345,     0] loss: 8.203401e-02 masks: 24.0 16.0 [wd: 3.20e-01] [lr: 2.59e-04] [mem: 5.65e+03] (173.2 ms)
[345,     0] grad_stats: [6.15e-04 6.36e-04] (1.80e-04, 1.75e-02)
[345,   116] loss: 8.357522e-02 masks: 21.0 17.4 [wd: 3.21e-01] [lr: 2.57e-04] [mem: 5.65e+03] (166.6 ms)
[345,   116] grad_stats: [2.56e-03 6.67e-04] (2.00e-04, 1.90e-02)
[345,   232] loss: 8.351093e-02 masks: 21.3 17.4 [wd: 3.21e-01] [lr: 2.56e-04] [mem: 5.65e+03] (167.7 ms)
[345,   232] grad_stats: [1.32e-03 6.45e-04] (1.85e-04, 3.82e-02)
avg. loss 8.35109280e-02
time taken for epoch 0:00:52.505305
Epoch 346
[346,     0] loss: 8.406411e-02 masks: 21.0 16.0 [wd: 3.21e-01] [lr: 2.56e-04] [mem: 5.65e+03] (164.6 ms)
[346,     0] grad_stats: [1.14e-03 6.76e-04] (2.42e-04, 2.36e-02)
[346,   116] loss: 8.253649e-02 masks: 22.1 17.0 [wd: 3.22e-01] [lr: 2.54e-04] [mem: 5.65e+03] (169.3 ms)
[346,   116] grad_stats: [1.45e-03 6.56e-04] (1.97e-04, 2.35e-02)
[346,   232] loss: 8.267886e-02 masks: 21.7 17.2 [wd: 3.22e-01] [lr: 2.53e-04] [mem: 5.65e+03] (168.8 ms)
[346,   232] grad_stats: [1.66e-03 8.81e-04] (2.17e-04, 2.65e-02)
avg. loss 8.26788631e-02
time taken for epoch 0:00:52.702272
Epoch 347
[347,     0] loss: 7.306034e-02 masks: 26.0 16.0 [wd: 3.22e-01] [lr: 2.53e-04] [mem: 5.65e+03] (178.9 ms)
[347,     0] grad_stats: [1.21e-03 6.68e-04] (1.70e-04, 2.02e-02)
[347,   116] loss: 8.232951e-02 masks: 22.0 17.5 [wd: 3.23e-01] [lr: 2.51e-04] [mem: 5.65e+03] (169.4 ms)
[347,   116] grad_stats: [1.18e-03 6.71e-04] (1.87e-04, 2.99e-02)
[347,   232] loss: 8.305860e-02 masks: 21.8 17.3 [wd: 3.23e-01] [lr: 2.50e-04] [mem: 5.65e+03] (169.1 ms)
[347,   232] grad_stats: [8.32e-04 7.71e-04] (2.32e-04, 2.90e-02)
avg. loss 8.30586049e-02
time taken for epoch 0:00:52.694758
Epoch 348
[348,     0] loss: 8.526421e-02 masks: 24.0 16.0 [wd: 3.23e-01] [lr: 2.50e-04] [mem: 5.65e+03] (170.4 ms)
[348,     0] grad_stats: [1.32e-03 7.00e-04] (2.20e-04, 2.72e-02)
[348,   116] loss: 8.252974e-02 masks: 21.9 17.4 [wd: 3.24e-01] [lr: 2.48e-04] [mem: 5.65e+03] (169.1 ms)
[348,   116] grad_stats: [1.12e-03 5.18e-04] (2.02e-04, 2.50e-02)
[348,   232] loss: 8.281823e-02 masks: 21.7 17.5 [wd: 3.24e-01] [lr: 2.47e-04] [mem: 5.65e+03] (169.0 ms)
[348,   232] grad_stats: [1.01e-03 7.30e-04] (2.07e-04, 2.65e-02)
avg. loss 8.28182323e-02
time taken for epoch 0:00:52.786491
Epoch 349
[349,     0] loss: 6.923045e-02 masks: 33.0 12.0 [wd: 3.24e-01] [lr: 2.47e-04] [mem: 5.65e+03] (192.2 ms)
[349,     0] grad_stats: [9.70e-04 5.26e-04] (1.80e-04, 9.84e-03)
[349,   116] loss: 8.317866e-02 masks: 21.6 17.4 [wd: 3.24e-01] [lr: 2.45e-04] [mem: 5.65e+03] (168.4 ms)
[349,   116] grad_stats: [1.63e-03 6.86e-04] (2.15e-04, 2.27e-02)
[349,   232] loss: 8.276744e-02 masks: 22.0 17.2 [wd: 3.25e-01] [lr: 2.44e-04] [mem: 5.65e+03] (169.6 ms)
[349,   232] grad_stats: [1.27e-03 6.34e-04] (2.13e-04, 1.45e-02)
avg. loss 8.27674429e-02
time taken for epoch 0:00:52.893251
Epoch 350
[350,     0] loss: 9.033616e-02 masks: 17.0 20.0 [wd: 3.25e-01] [lr: 2.44e-04] [mem: 5.65e+03] (157.2 ms)
[350,     0] grad_stats: [1.26e-03 8.45e-04] (2.64e-04, 1.22e-02)
[350,   116] loss: 8.337216e-02 masks: 21.4 17.4 [wd: 3.25e-01] [lr: 2.42e-04] [mem: 5.65e+03] (167.6 ms)
[350,   116] grad_stats: [1.15e-03 6.70e-04] (2.04e-04, 3.99e-02)
[350,   232] loss: 8.287479e-02 masks: 21.7 17.3 [wd: 3.26e-01] [lr: 2.41e-04] [mem: 5.65e+03] (169.0 ms)
[350,   232] grad_stats: [1.68e-03 6.75e-04] (1.95e-04, 1.76e-02)
avg. loss 8.28747949e-02
time taken for epoch 0:00:52.757354
Epoch 351
[351,     0] loss: 8.877874e-02 masks: 18.0 20.0 [wd: 3.26e-01] [lr: 2.41e-04] [mem: 5.65e+03] (160.3 ms)
[351,     0] grad_stats: [1.23e-03 7.08e-04] (2.06e-04, 1.68e-02)
[351,   116] loss: 8.111093e-02 masks: 22.5 17.2 [wd: 3.26e-01] [lr: 2.40e-04] [mem: 5.65e+03] (170.5 ms)
[351,   116] grad_stats: [1.60e-03 9.87e-04] (2.53e-04, 2.03e-02)
[351,   232] loss: 8.155173e-02 masks: 22.3 17.3 [wd: 3.27e-01] [lr: 2.38e-04] [mem: 5.65e+03] (170.6 ms)
[351,   232] grad_stats: [1.73e-03 7.79e-04] (2.36e-04, 3.56e-02)
avg. loss 8.15517279e-02
time taken for epoch 0:00:53.142733
Epoch 352
[352,     0] loss: 7.924880e-02 masks: 26.0 16.0 [wd: 3.27e-01] [lr: 2.38e-04] [mem: 5.65e+03] (178.4 ms)
[352,     0] grad_stats: [9.34e-04 6.81e-04] (1.92e-04, 2.22e-02)
[352,   116] loss: 8.151759e-02 masks: 21.9 17.4 [wd: 3.27e-01] [lr: 2.37e-04] [mem: 5.65e+03] (168.8 ms)
[352,   116] grad_stats: [1.40e-03 7.60e-04] (2.64e-04, 1.73e-02)
[352,   232] loss: 8.187323e-02 masks: 22.0 17.3 [wd: 3.28e-01] [lr: 2.35e-04] [mem: 5.65e+03] (169.6 ms)
[352,   232] grad_stats: [1.35e-03 8.01e-04] (2.21e-04, 2.01e-02)
avg. loss 8.18732269e-02
time taken for epoch 0:00:52.846061
Epoch 353
[353,     0] loss: 7.223546e-02 masks: 25.0 16.0 [wd: 3.28e-01] [lr: 2.35e-04] [mem: 5.65e+03] (174.2 ms)
[353,     0] grad_stats: [1.13e-03 6.54e-04] (2.22e-04, 1.88e-02)
[353,   116] loss: 8.271495e-02 masks: 21.9 17.3 [wd: 3.28e-01] [lr: 2.34e-04] [mem: 5.65e+03] (169.0 ms)
[353,   116] grad_stats: [1.73e-03 7.35e-04] (2.53e-04, 3.11e-02)
[353,   232] loss: 8.217837e-02 masks: 22.0 17.3 [wd: 3.29e-01] [lr: 2.32e-04] [mem: 5.65e+03] (169.8 ms)
[353,   232] grad_stats: [1.87e-03 8.03e-04] (2.82e-04, 2.03e-02)
avg. loss 8.21783734e-02
time taken for epoch 0:00:53.042427
Epoch 354
[354,     0] loss: 1.019418e-01 masks: 11.0 20.0 [wd: 3.29e-01] [lr: 2.32e-04] [mem: 5.65e+03] (139.7 ms)
[354,     0] grad_stats: [1.51e-03 1.14e-03] (2.73e-04, 4.27e-02)
[354,   116] loss: 8.410909e-02 masks: 20.8 17.7 [wd: 3.29e-01] [lr: 2.31e-04] [mem: 5.65e+03] (166.2 ms)
[354,   116] grad_stats: [3.12e-03 1.12e-03] (3.03e-04, 2.30e-02)
[354,   232] loss: 8.306058e-02 masks: 21.2 17.6 [wd: 3.29e-01] [lr: 2.29e-04] [mem: 5.65e+03] (167.9 ms)
[354,   232] grad_stats: [1.05e-03 5.21e-04] (1.93e-04, 1.63e-02)
avg. loss 8.30605761e-02
time taken for epoch 0:00:52.513605
Epoch 355
[355,     0] loss: 6.813546e-02 masks: 35.0 12.0 [wd: 3.29e-01] [lr: 2.29e-04] [mem: 5.65e+03] (196.6 ms)
[355,     0] grad_stats: [9.45e-04 5.80e-04] (1.76e-04, 1.53e-02)
[355,   116] loss: 8.128758e-02 masks: 22.3 17.1 [wd: 3.30e-01] [lr: 2.28e-04] [mem: 5.65e+03] (170.1 ms)
[355,   116] grad_stats: [9.33e-04 8.57e-04] (2.17e-04, 2.69e-02)
[355,   232] loss: 8.202952e-02 masks: 21.9 17.3 [wd: 3.30e-01] [lr: 2.27e-04] [mem: 5.65e+03] (169.5 ms)
[355,   232] grad_stats: [1.63e-03 8.48e-04] (2.27e-04, 2.73e-02)
avg. loss 8.20295213e-02
time taken for epoch 0:00:52.728455
Epoch 356
[356,     0] loss: 8.980823e-02 masks: 20.0 16.0 [wd: 3.30e-01] [lr: 2.27e-04] [mem: 5.65e+03] (161.3 ms)
[356,     0] grad_stats: [1.02e-03 9.92e-04] (2.19e-04, 1.43e-02)
[356,   116] loss: 8.320261e-02 masks: 21.6 17.4 [wd: 3.31e-01] [lr: 2.25e-04] [mem: 5.65e+03] (168.2 ms)
[356,   116] grad_stats: [1.86e-03 6.69e-04] (2.00e-04, 2.27e-02)
[356,   232] loss: 8.267467e-02 masks: 21.8 17.3 [wd: 3.31e-01] [lr: 2.24e-04] [mem: 5.65e+03] (169.0 ms)
[356,   232] grad_stats: [9.03e-04 6.45e-04] (2.07e-04, 1.93e-02)
avg. loss 8.26746715e-02
time taken for epoch 0:00:52.847285
Epoch 357
[357,     0] loss: 9.209648e-02 masks: 17.0 20.0 [wd: 3.31e-01] [lr: 2.24e-04] [mem: 5.65e+03] (157.6 ms)
[357,     0] grad_stats: [9.05e-04 9.76e-04] (2.43e-04, 1.49e-02)
[357,   116] loss: 8.124134e-02 masks: 22.8 17.2 [wd: 3.32e-01] [lr: 2.22e-04] [mem: 5.65e+03] (171.3 ms)
[357,   116] grad_stats: [1.75e-03 6.29e-04] (1.94e-04, 2.15e-02)
[357,   232] loss: 8.136312e-02 masks: 22.7 17.1 [wd: 3.32e-01] [lr: 2.21e-04] [mem: 5.65e+03] (171.4 ms)
[357,   232] grad_stats: [1.26e-03 9.19e-04] (2.44e-04, 3.02e-02)
avg. loss 8.13631238e-02
time taken for epoch 0:00:53.354809
Epoch 358
[358,     0] loss: 9.359983e-02 masks: 20.0 16.0 [wd: 3.32e-01] [lr: 2.21e-04] [mem: 5.65e+03] (162.4 ms)
[358,     0] grad_stats: [1.12e-03 7.71e-04] (2.46e-04, 1.29e-02)
[358,   116] loss: 8.266001e-02 masks: 21.7 17.3 [wd: 3.33e-01] [lr: 2.19e-04] [mem: 5.65e+03] (168.4 ms)
[358,   116] grad_stats: [3.08e-03 1.14e-03] (2.64e-04, 2.38e-02)
[358,   232] loss: 8.238155e-02 masks: 21.8 17.3 [wd: 3.33e-01] [lr: 2.18e-04] [mem: 5.65e+03] (169.2 ms)
[358,   232] grad_stats: [1.65e-03 9.91e-04] (2.44e-04, 4.02e-02)
avg. loss 8.23815517e-02
time taken for epoch 0:00:52.825952
Epoch 359
[359,     0] loss: 7.965863e-02 masks: 26.0 16.0 [wd: 3.33e-01] [lr: 2.18e-04] [mem: 5.65e+03] (177.9 ms)
[359,     0] grad_stats: [1.35e-03 6.47e-04] (1.76e-04, 2.43e-02)
[359,   116] loss: 8.187518e-02 masks: 22.1 17.1 [wd: 3.33e-01] [lr: 2.17e-04] [mem: 5.65e+03] (169.4 ms)
[359,   116] grad_stats: [9.10e-04 6.53e-04] (2.08e-04, 2.68e-02)
[359,   232] loss: 8.221943e-02 masks: 21.9 17.3 [wd: 3.34e-01] [lr: 2.15e-04] [mem: 5.65e+03] (169.4 ms)
[359,   232] grad_stats: [9.44e-04 7.27e-04] (2.11e-04, 2.69e-02)
avg. loss 8.22194313e-02
time taken for epoch 0:00:52.902794
Epoch 360
[360,     0] loss: 7.710806e-02 masks: 25.0 16.0 [wd: 3.34e-01] [lr: 2.15e-04] [mem: 5.65e+03] (174.3 ms)
[360,     0] grad_stats: [1.93e-03 7.65e-04] (2.40e-04, 1.64e-02)
[360,   116] loss: 8.193798e-02 masks: 22.0 17.3 [wd: 3.34e-01] [lr: 2.14e-04] [mem: 5.65e+03] (169.2 ms)
[360,   116] grad_stats: [1.11e-03 7.66e-04] (2.17e-04, 1.49e-02)
[360,   232] loss: 8.274382e-02 masks: 21.5 17.4 [wd: 3.35e-01] [lr: 2.12e-04] [mem: 5.65e+03] (168.3 ms)
[360,   232] grad_stats: [1.27e-03 6.39e-04] (2.07e-04, 3.52e-02)
avg. loss 8.27438154e-02
time taken for epoch 0:00:52.618599
Epoch 361
[361,     0] loss: 9.371331e-02 masks: 17.0 20.0 [wd: 3.35e-01] [lr: 2.12e-04] [mem: 5.65e+03] (157.5 ms)
[361,     0] grad_stats: [2.65e-03 9.71e-04] (2.85e-04, 1.79e-02)
[361,   116] loss: 8.243664e-02 masks: 21.7 17.2 [wd: 3.35e-01] [lr: 2.11e-04] [mem: 5.65e+03] (168.2 ms)
[361,   116] grad_stats: [1.33e-03 8.73e-04] (2.50e-04, 4.30e-02)
[361,   232] loss: 8.180711e-02 masks: 22.2 17.0 [wd: 3.36e-01] [lr: 2.10e-04] [mem: 5.65e+03] (169.8 ms)
[361,   232] grad_stats: [3.37e-03 9.87e-04] (2.91e-04, 2.77e-02)
avg. loss 8.18071142e-02
time taken for epoch 0:00:53.055791
Epoch 362
[362,     0] loss: 7.836125e-02 masks: 23.0 16.0 [wd: 3.36e-01] [lr: 2.10e-04] [mem: 5.65e+03] (166.7 ms)
[362,     0] grad_stats: [2.34e-03 8.30e-04] (2.52e-04, 1.93e-02)
[362,   116] loss: 8.359472e-02 masks: 20.9 17.6 [wd: 3.36e-01] [lr: 2.08e-04] [mem: 5.65e+03] (166.5 ms)
[362,   116] grad_stats: [1.79e-03 6.89e-04] (2.23e-04, 4.35e-02)
[362,   232] loss: 8.295952e-02 masks: 21.3 17.4 [wd: 3.36e-01] [lr: 2.07e-04] [mem: 5.65e+03] (167.7 ms)
[362,   232] grad_stats: [3.91e-03 7.70e-04] (2.08e-04, 4.31e-02)
avg. loss 8.29595176e-02
time taken for epoch 0:00:52.481386
Epoch 363
[363,     0] loss: 8.075947e-02 masks: 23.0 16.0 [wd: 3.36e-01] [lr: 2.07e-04] [mem: 5.65e+03] (168.3 ms)
[363,     0] grad_stats: [1.48e-03 8.93e-04] (2.29e-04, 1.53e-02)
[363,   116] loss: 8.239867e-02 masks: 21.7 17.7 [wd: 3.37e-01] [lr: 2.06e-04] [mem: 5.65e+03] (168.9 ms)
[363,   116] grad_stats: [3.00e-03 1.15e-03] (2.68e-04, 5.83e-02)
[363,   232] loss: 8.248953e-02 masks: 21.6 17.6 [wd: 3.37e-01] [lr: 2.04e-04] [mem: 5.65e+03] (169.1 ms)
[363,   232] grad_stats: [1.23e-03 9.49e-04] (2.40e-04, 3.43e-02)
avg. loss 8.24895309e-02
time taken for epoch 0:00:52.716139
Epoch 364
[364,     0] loss: 7.259302e-02 masks: 26.0 16.0 [wd: 3.37e-01] [lr: 2.04e-04] [mem: 5.65e+03] (178.4 ms)
[364,     0] grad_stats: [2.86e-03 7.96e-04] (2.42e-04, 5.75e-02)
[364,   116] loss: 8.254786e-02 masks: 21.6 17.6 [wd: 3.38e-01] [lr: 2.03e-04] [mem: 5.65e+03] (168.5 ms)
[364,   116] grad_stats: [1.07e-03 7.98e-04] (2.44e-04, 1.92e-02)
[364,   232] loss: 8.294114e-02 masks: 21.5 17.5 [wd: 3.38e-01] [lr: 2.01e-04] [mem: 5.65e+03] (168.7 ms)
[364,   232] grad_stats: [9.78e-04 6.76e-04] (2.24e-04, 3.55e-02)
avg. loss 8.29411416e-02
time taken for epoch 0:00:52.735998
Epoch 365
[365,     0] loss: 8.769210e-02 masks: 21.0 16.0 [wd: 3.38e-01] [lr: 2.01e-04] [mem: 5.65e+03] (164.4 ms)
[365,     0] grad_stats: [1.07e-03 7.30e-04] (2.18e-04, 1.41e-02)
[365,   116] loss: 8.253022e-02 masks: 22.2 17.3 [wd: 3.39e-01] [lr: 2.00e-04] [mem: 5.65e+03] (169.9 ms)
[365,   116] grad_stats: [1.34e-03 6.66e-04] (2.21e-04, 1.40e-02)
[365,   232] loss: 8.283953e-02 masks: 21.8 17.3 [wd: 3.39e-01] [lr: 1.99e-04] [mem: 5.65e+03] (169.0 ms)
[365,   232] grad_stats: [9.38e-04 8.36e-04] (2.75e-04, 3.50e-02)
avg. loss 8.28395343e-02
time taken for epoch 0:00:52.762680
Epoch 366
[366,     0] loss: 8.417718e-02 masks: 16.0 20.0 [wd: 3.39e-01] [lr: 1.99e-04] [mem: 5.65e+03] (153.0 ms)
[366,     0] grad_stats: [6.86e-04 6.99e-04] (2.41e-04, 2.47e-02)
[366,   116] loss: 8.170232e-02 masks: 22.5 17.3 [wd: 3.39e-01] [lr: 1.97e-04] [mem: 5.65e+03] (170.6 ms)
[366,   116] grad_stats: [2.91e-03 9.53e-04] (2.66e-04, 4.10e-02)
[366,   232] loss: 8.172391e-02 masks: 22.4 17.3 [wd: 3.40e-01] [lr: 1.96e-04] [mem: 5.65e+03] (170.9 ms)
[366,   232] grad_stats: [2.04e-03 8.73e-04] (2.92e-04, 2.44e-02)
avg. loss 8.17239063e-02
time taken for epoch 0:00:53.245365
Epoch 367
[367,     0] loss: 9.148460e-02 masks: 18.0 20.0 [wd: 3.40e-01] [lr: 1.96e-04] [mem: 5.65e+03] (160.1 ms)
[367,     0] grad_stats: [2.19e-03 7.22e-04] (2.34e-04, 3.14e-02)
[367,   116] loss: 8.348667e-02 masks: 22.0 17.3 [wd: 3.40e-01] [lr: 1.95e-04] [mem: 5.65e+03] (169.2 ms)
[367,   116] grad_stats: [2.42e-03 6.53e-04] (2.39e-04, 3.07e-02)
[367,   232] loss: 8.290636e-02 masks: 21.8 17.4 [wd: 3.41e-01] [lr: 1.93e-04] [mem: 5.65e+03] (169.2 ms)
[367,   232] grad_stats: [1.56e-03 1.03e-03] (2.44e-04, 1.94e-02)
avg. loss 8.29063592e-02
time taken for epoch 0:00:52.813997
Epoch 368
[368,     0] loss: 6.060799e-02 masks: 33.0 12.0 [wd: 3.41e-01] [lr: 1.93e-04] [mem: 5.65e+03] (190.1 ms)
[368,     0] grad_stats: [2.98e-03 6.17e-04] (2.06e-04, 1.81e-02)
[368,   116] loss: 8.093329e-02 masks: 23.0 17.1 [wd: 3.41e-01] [lr: 1.92e-04] [mem: 5.65e+03] (171.5 ms)
[368,   116] grad_stats: [1.86e-03 7.18e-04] (2.30e-04, 1.60e-02)
[368,   232] loss: 8.124744e-02 masks: 22.8 17.0 [wd: 3.42e-01] [lr: 1.91e-04] [mem: 5.65e+03] (171.4 ms)
[368,   232] grad_stats: [1.74e-03 7.42e-04] (2.43e-04, 3.01e-02)
avg. loss 8.12474413e-02
time taken for epoch 0:00:53.264705
Epoch 369
[369,     0] loss: 6.647348e-02 masks: 33.0 12.0 [wd: 3.42e-01] [lr: 1.91e-04] [mem: 5.65e+03] (191.7 ms)
[369,     0] grad_stats: [7.56e-04 5.53e-04] (1.82e-04, 2.10e-02)
[369,   116] loss: 8.228302e-02 masks: 22.0 17.4 [wd: 3.42e-01] [lr: 1.89e-04] [mem: 5.65e+03] (169.4 ms)
[369,   116] grad_stats: [1.64e-03 8.20e-04] (2.53e-04, 2.95e-02)
[369,   232] loss: 8.245910e-02 masks: 22.1 17.4 [wd: 3.42e-01] [lr: 1.88e-04] [mem: 5.65e+03] (170.1 ms)
[369,   232] grad_stats: [1.30e-03 7.61e-04] (2.51e-04, 2.53e-02)
avg. loss 8.24590974e-02
time taken for epoch 0:00:53.057834
Epoch 370
[370,     0] loss: 8.600585e-02 masks: 21.0 16.0 [wd: 3.42e-01] [lr: 1.88e-04] [mem: 5.65e+03] (163.9 ms)
[370,     0] grad_stats: [1.43e-03 6.88e-04] (2.13e-04, 2.31e-02)
[370,   116] loss: 8.133924e-02 masks: 22.6 16.9 [wd: 3.43e-01] [lr: 1.87e-04] [mem: 5.65e+03] (170.4 ms)
[370,   116] grad_stats: [1.01e-03 8.08e-04] (2.49e-04, 2.27e-02)
[370,   232] loss: 8.178650e-02 masks: 22.3 17.1 [wd: 3.43e-01] [lr: 1.85e-04] [mem: 5.65e+03] (170.3 ms)
[370,   232] grad_stats: [8.26e-04 6.33e-04] (2.04e-04, 1.49e-02)
avg. loss 8.17865039e-02
time taken for epoch 0:00:53.074768
Epoch 371
[371,     0] loss: 7.496757e-02 masks: 35.0 12.0 [wd: 3.43e-01] [lr: 1.85e-04] [mem: 5.65e+03] (196.0 ms)
[371,     0] grad_stats: [9.01e-04 8.13e-04] (2.36e-04, 1.14e-02)
[371,   116] loss: 8.235791e-02 masks: 21.8 17.1 [wd: 3.44e-01] [lr: 1.84e-04] [mem: 5.65e+03] (168.3 ms)
[371,   116] grad_stats: [1.88e-03 7.80e-04] (2.90e-04, 2.91e-02)
[371,   232] loss: 8.232204e-02 masks: 21.9 17.2 [wd: 3.44e-01] [lr: 1.83e-04] [mem: 5.65e+03] (169.1 ms)
[371,   232] grad_stats: [7.20e-04 6.43e-04] (1.95e-04, 3.33e-02)
avg. loss 8.23220385e-02
time taken for epoch 0:00:52.840661
Epoch 372
[372,     0] loss: 8.050874e-02 masks: 24.0 16.0 [wd: 3.44e-01] [lr: 1.83e-04] [mem: 5.65e+03] (172.8 ms)
[372,     0] grad_stats: [7.53e-04 6.90e-04] (2.17e-04, 4.22e-02)
[372,   116] loss: 8.343117e-02 masks: 21.5 17.2 [wd: 3.44e-01] [lr: 1.81e-04] [mem: 5.65e+03] (167.7 ms)
[372,   116] grad_stats: [1.66e-03 8.29e-04] (2.67e-04, 1.96e-02)
[372,   232] loss: 8.325498e-02 masks: 21.7 17.3 [wd: 3.45e-01] [lr: 1.80e-04] [mem: 5.65e+03] (168.8 ms)
[372,   232] grad_stats: [3.31e-03 9.05e-04] (2.99e-04, 3.05e-02)
avg. loss 8.32549843e-02
time taken for epoch 0:00:52.847965
Epoch 373
[373,     0] loss: 9.942816e-02 masks: 12.0 20.0 [wd: 3.45e-01] [lr: 1.80e-04] [mem: 5.65e+03] (143.6 ms)
[373,     0] grad_stats: [1.91e-03 1.18e-03] (3.15e-04, 5.90e-02)
[373,   116] loss: 8.206798e-02 masks: 22.2 17.1 [wd: 3.45e-01] [lr: 1.79e-04] [mem: 5.65e+03] (169.7 ms)
[373,   116] grad_stats: [1.61e-03 1.31e-03] (3.88e-04, 2.39e-02)
[373,   232] loss: 8.158174e-02 masks: 22.5 16.9 [wd: 3.46e-01] [lr: 1.77e-04] [mem: 5.65e+03] (170.6 ms)
[373,   232] grad_stats: [2.59e-03 9.63e-04] (2.56e-04, 3.78e-02)
avg. loss 8.15817355e-02
time taken for epoch 0:00:53.061112
Epoch 374
[374,     0] loss: 7.531014e-02 masks: 28.0 16.0 [wd: 3.46e-01] [lr: 1.77e-04] [mem: 5.65e+03] (182.8 ms)
[374,     0] grad_stats: [1.60e-03 9.14e-04] (2.29e-04, 4.52e-02)
[374,   116] loss: 8.355207e-02 masks: 21.1 17.4 [wd: 3.46e-01] [lr: 1.76e-04] [mem: 5.65e+03] (166.9 ms)
[374,   116] grad_stats: [1.19e-03 1.04e-03] (3.21e-04, 4.07e-02)
[374,   232] loss: 8.336751e-02 masks: 21.1 17.5 [wd: 3.46e-01] [lr: 1.75e-04] [mem: 5.65e+03] (167.5 ms)
[374,   232] grad_stats: [7.69e-04 7.66e-04] (2.25e-04, 5.04e-02)
avg. loss 8.33675092e-02
time taken for epoch 0:00:52.312206
Epoch 375
[375,     0] loss: 8.658334e-02 masks: 23.0 16.0 [wd: 3.46e-01] [lr: 1.75e-04] [mem: 5.65e+03] (165.2 ms)
[375,     0] grad_stats: [9.66e-04 6.96e-04] (2.64e-04, 5.12e-02)
[375,   116] loss: 8.096106e-02 masks: 23.0 16.7 [wd: 3.47e-01] [lr: 1.74e-04] [mem: 5.65e+03] (171.3 ms)
[375,   116] grad_stats: [1.83e-03 6.86e-04] (2.35e-04, 4.62e-02)
[375,   232] loss: 8.137775e-02 masks: 23.0 16.7 [wd: 3.47e-01] [lr: 1.72e-04] [mem: 5.65e+03] (171.6 ms)
[375,   232] grad_stats: [1.60e-03 6.12e-04] (2.42e-04, 2.86e-02)
avg. loss 8.13777504e-02
time taken for epoch 0:00:53.336074
Epoch 376
[376,     0] loss: 8.930399e-02 masks: 23.0 16.0 [wd: 3.47e-01] [lr: 1.72e-04] [mem: 5.65e+03] (168.1 ms)
[376,     0] grad_stats: [1.05e-03 1.06e-03] (3.09e-04, 2.17e-02)
[376,   116] loss: 8.186500e-02 masks: 22.7 17.0 [wd: 3.48e-01] [lr: 1.71e-04] [mem: 5.65e+03] (171.0 ms)
[376,   116] grad_stats: [1.23e-03 8.00e-04] (2.97e-04, 1.80e-02)
[376,   232] loss: 8.281165e-02 masks: 22.0 17.2 [wd: 3.48e-01] [lr: 1.70e-04] [mem: 5.65e+03] (169.6 ms)
[376,   232] grad_stats: [9.19e-04 8.15e-04] (2.36e-04, 5.87e-02)
avg. loss 8.28116453e-02
time taken for epoch 0:00:52.899240
Epoch 377
[377,     0] loss: 8.391988e-02 masks: 21.0 16.0 [wd: 3.48e-01] [lr: 1.70e-04] [mem: 5.65e+03] (162.0 ms)
[377,     0] grad_stats: [9.12e-04 9.68e-04] (2.65e-04, 1.40e-02)
[377,   116] loss: 8.059710e-02 masks: 23.3 16.7 [wd: 3.48e-01] [lr: 1.68e-04] [mem: 5.65e+03] (172.2 ms)
[377,   116] grad_stats: [1.03e-03 8.86e-04] (2.45e-04, 3.31e-02)
[377,   232] loss: 8.185814e-02 masks: 22.5 17.1 [wd: 3.49e-01] [lr: 1.67e-04] [mem: 5.65e+03] (170.7 ms)
[377,   232] grad_stats: [2.23e-03 1.00e-03] (3.43e-04, 2.86e-02)
avg. loss 8.18581420e-02
time taken for epoch 0:00:53.131763
Epoch 378
[378,     0] loss: 8.317654e-02 masks: 28.0 16.0 [wd: 3.49e-01] [lr: 1.67e-04] [mem: 5.65e+03] (183.1 ms)
[378,     0] grad_stats: [1.45e-03 8.06e-04] (2.50e-04, 1.64e-02)
[378,   116] loss: 8.174526e-02 masks: 22.2 17.2 [wd: 3.49e-01] [lr: 1.66e-04] [mem: 5.65e+03] (169.5 ms)
[378,   116] grad_stats: [2.03e-03 1.24e-03] (3.42e-04, 3.50e-02)
[378,   232] loss: 8.258083e-02 masks: 21.9 17.2 [wd: 3.50e-01] [lr: 1.65e-04] [mem: 5.65e+03] (169.1 ms)
[378,   232] grad_stats: [8.90e-04 7.47e-04] (2.75e-04, 2.48e-02)
avg. loss 8.25808321e-02
time taken for epoch 0:00:52.723238
Epoch 379
[379,     0] loss: 7.507630e-02 masks: 34.0 12.0 [wd: 3.50e-01] [lr: 1.65e-04] [mem: 5.65e+03] (193.6 ms)
[379,     0] grad_stats: [1.24e-03 7.65e-04] (2.50e-04, 4.26e-02)
[379,   116] loss: 8.144839e-02 masks: 22.4 17.2 [wd: 3.50e-01] [lr: 1.63e-04] [mem: 5.65e+03] (170.2 ms)
[379,   116] grad_stats: [1.10e-03 1.11e-03] (2.82e-04, 2.00e-02)
[379,   232] loss: 8.138854e-02 masks: 22.5 17.1 [wd: 3.50e-01] [lr: 1.62e-04] [mem: 5.65e+03] (170.8 ms)
[379,   232] grad_stats: [1.63e-03 1.11e-03] (2.77e-04, 2.93e-02)
avg. loss 8.13885354e-02
time taken for epoch 0:00:53.240936
Epoch 380
[380,     0] loss: 9.349724e-02 masks: 17.0 16.0 [wd: 3.50e-01] [lr: 1.62e-04] [mem: 5.65e+03] (152.6 ms)
[380,     0] grad_stats: [1.69e-03 1.20e-03] (2.74e-04, 2.45e-02)
[380,   116] loss: 8.114760e-02 masks: 22.8 16.7 [wd: 3.51e-01] [lr: 1.61e-04] [mem: 5.65e+03] (170.7 ms)
[380,   116] grad_stats: [1.31e-03 9.32e-04] (2.95e-04, 3.83e-02)
[380,   232] loss: 8.159415e-02 masks: 22.6 16.9 [wd: 3.51e-01] [lr: 1.60e-04] [mem: 5.65e+03] (170.9 ms)
[380,   232] grad_stats: [1.40e-03 1.07e-03] (3.19e-04, 1.75e-02)
avg. loss 8.15941485e-02
time taken for epoch 0:00:53.249771
Epoch 381
[381,     0] loss: 8.044254e-02 masks: 19.0 20.0 [wd: 3.51e-01] [lr: 1.60e-04] [mem: 5.65e+03] (163.7 ms)
[381,     0] grad_stats: [1.11e-03 9.47e-04] (2.90e-04, 2.07e-02)
[381,   116] loss: 8.370310e-02 masks: 21.3 17.5 [wd: 3.52e-01] [lr: 1.58e-04] [mem: 5.65e+03] (167.5 ms)
[381,   116] grad_stats: [2.49e-03 7.00e-04] (2.01e-04, 2.76e-02)
[381,   232] loss: 8.330304e-02 masks: 21.6 17.4 [wd: 3.52e-01] [lr: 1.57e-04] [mem: 5.65e+03] (168.5 ms)
[381,   232] grad_stats: [7.87e-04 6.32e-04] (2.05e-04, 3.28e-02)
avg. loss 8.33030391e-02
time taken for epoch 0:00:52.606270
Epoch 382
[382,     0] loss: 8.166531e-02 masks: 23.0 20.0 [wd: 3.52e-01] [lr: 1.57e-04] [mem: 5.65e+03] (173.5 ms)
[382,     0] grad_stats: [1.64e-03 6.82e-04] (2.24e-04, 3.76e-02)
[382,   116] loss: 8.187586e-02 masks: 22.5 16.9 [wd: 3.52e-01] [lr: 1.56e-04] [mem: 5.65e+03] (170.0 ms)
[382,   116] grad_stats: [1.02e-03 8.20e-04] (2.32e-04, 2.39e-02)
[382,   232] loss: 8.244218e-02 masks: 22.0 17.2 [wd: 3.53e-01] [lr: 1.55e-04] [mem: 5.65e+03] (169.4 ms)
[382,   232] grad_stats: [1.21e-03 1.10e-03] (3.13e-04, 2.48e-02)
avg. loss 8.24421830e-02
time taken for epoch 0:00:52.813377
Epoch 383
[383,     0] loss: 8.885686e-02 masks: 20.0 16.0 [wd: 3.53e-01] [lr: 1.55e-04] [mem: 5.65e+03] (161.6 ms)
[383,     0] grad_stats: [1.16e-03 9.88e-04] (2.92e-04, 3.33e-02)
[383,   116] loss: 8.290435e-02 masks: 22.0 17.5 [wd: 3.53e-01] [lr: 1.53e-04] [mem: 5.65e+03] (169.6 ms)
[383,   116] grad_stats: [2.36e-03 7.55e-04] (2.72e-04, 2.77e-02)
[383,   232] loss: 8.223980e-02 masks: 22.3 17.2 [wd: 3.54e-01] [lr: 1.52e-04] [mem: 5.65e+03] (170.3 ms)
[383,   232] grad_stats: [1.47e-03 1.03e-03] (3.10e-04, 2.08e-02)
avg. loss 8.22398038e-02
time taken for epoch 0:00:53.084863
Epoch 384
[384,     0] loss: 6.906845e-02 masks: 29.0 16.0 [wd: 3.54e-01] [lr: 1.52e-04] [mem: 5.65e+03] (186.2 ms)
[384,     0] grad_stats: [2.45e-03 6.79e-04] (2.48e-04, 5.92e-02)
[384,   116] loss: 8.243167e-02 masks: 22.0 17.1 [wd: 3.54e-01] [lr: 1.51e-04] [mem: 5.65e+03] (169.0 ms)
[384,   116] grad_stats: [1.11e-03 1.03e-03] (2.71e-04, 4.14e-02)
[384,   232] loss: 8.258784e-02 masks: 22.2 17.1 [wd: 3.54e-01] [lr: 1.50e-04] [mem: 5.65e+03] (169.9 ms)
[384,   232] grad_stats: [9.87e-04 7.79e-04] (2.69e-04, 1.90e-02)
avg. loss 8.25878402e-02
time taken for epoch 0:00:52.998661
Epoch 385
[385,     0] loss: 8.548266e-02 masks: 21.0 16.0 [wd: 3.54e-01] [lr: 1.50e-04] [mem: 5.65e+03] (163.4 ms)
[385,     0] grad_stats: [8.21e-04 8.85e-04] (2.90e-04, 3.11e-02)
[385,   116] loss: 8.390197e-02 masks: 21.1 17.8 [wd: 3.55e-01] [lr: 1.49e-04] [mem: 5.65e+03] (167.2 ms)
[385,   116] grad_stats: [9.88e-04 8.28e-04] (2.83e-04, 2.58e-02)
[385,   232] loss: 8.360450e-02 masks: 21.3 17.6 [wd: 3.55e-01] [lr: 1.47e-04] [mem: 5.65e+03] (168.1 ms)
[385,   232] grad_stats: [1.23e-03 8.96e-04] (2.52e-04, 3.15e-02)
avg. loss 8.36045041e-02
time taken for epoch 0:00:52.455863
Epoch 386
[386,     0] loss: 8.001453e-02 masks: 20.0 20.0 [wd: 3.55e-01] [lr: 1.47e-04] [mem: 5.65e+03] (165.3 ms)
[386,     0] grad_stats: [1.14e-03 8.99e-04] (2.57e-04, 2.58e-02)
[386,   116] loss: 8.249589e-02 masks: 22.1 17.3 [wd: 3.55e-01] [lr: 1.46e-04] [mem: 5.65e+03] (169.6 ms)
[386,   116] grad_stats: [1.42e-03 9.95e-04] (3.22e-04, 8.23e-02)
[386,   232] loss: 8.222352e-02 masks: 22.5 17.3 [wd: 3.56e-01] [lr: 1.45e-04] [mem: 5.65e+03] (171.1 ms)
[386,   232] grad_stats: [1.05e-03 7.58e-04] (2.51e-04, 3.01e-02)
avg. loss 8.22235214e-02
time taken for epoch 0:00:53.256855
Epoch 387
[387,     0] loss: 9.388730e-02 masks: 16.0 20.0 [wd: 3.56e-01] [lr: 1.45e-04] [mem: 5.65e+03] (154.8 ms)
[387,     0] grad_stats: [1.38e-03 1.21e-03] (2.99e-04, 2.40e-02)
[387,   116] loss: 8.315665e-02 masks: 21.6 17.5 [wd: 3.56e-01] [lr: 1.44e-04] [mem: 5.65e+03] (168.5 ms)
[387,   116] grad_stats: [1.50e-03 1.13e-03] (3.23e-04, 4.98e-02)
[387,   232] loss: 8.333830e-02 masks: 21.5 17.5 [wd: 3.57e-01] [lr: 1.43e-04] [mem: 5.65e+03] (168.4 ms)
[387,   232] grad_stats: [1.72e-03 1.05e-03] (2.94e-04, 2.44e-02)
avg. loss 8.33382977e-02
time taken for epoch 0:00:52.611421
Epoch 388
[388,     0] loss: 1.024017e-01 masks: 12.0 20.0 [wd: 3.57e-01] [lr: 1.42e-04] [mem: 5.65e+03] (142.7 ms)
[388,     0] grad_stats: [1.47e-03 1.49e-03] (4.29e-04, 3.71e-02)
[388,   116] loss: 8.444157e-02 masks: 20.9 17.4 [wd: 3.57e-01] [lr: 1.41e-04] [mem: 5.65e+03] (166.3 ms)
[388,   116] grad_stats: [2.79e-03 1.04e-03] (3.77e-04, 4.71e-02)
[388,   232] loss: 8.346661e-02 masks: 21.4 17.4 [wd: 3.57e-01] [lr: 1.40e-04] [mem: 5.65e+03] (168.3 ms)
[388,   232] grad_stats: [1.09e-03 9.32e-04] (2.81e-04, 4.06e-02)
avg. loss 8.34666118e-02
time taken for epoch 0:00:52.692612
Epoch 389
[389,     0] loss: 7.212422e-02 masks: 23.0 16.0 [wd: 3.57e-01] [lr: 1.40e-04] [mem: 5.65e+03] (168.5 ms)
[389,     0] grad_stats: [1.08e-03 8.68e-04] (2.81e-04, 2.71e-02)
[389,   116] loss: 8.273051e-02 masks: 21.7 17.3 [wd: 3.58e-01] [lr: 1.39e-04] [mem: 5.65e+03] (168.5 ms)
[389,   116] grad_stats: [9.59e-04 1.10e-03] (2.87e-04, 1.85e-02)
[389,   232] loss: 8.281318e-02 masks: 22.0 17.3 [wd: 3.58e-01] [lr: 1.38e-04] [mem: 5.65e+03] (169.6 ms)
[389,   232] grad_stats: [1.43e-03 6.03e-04] (2.17e-04, 3.28e-02)
avg. loss 8.28131790e-02
time taken for epoch 0:00:52.879098
Epoch 390
[390,     0] loss: 6.696624e-02 masks: 27.0 16.0 [wd: 3.58e-01] [lr: 1.38e-04] [mem: 5.65e+03] (180.3 ms)
[390,     0] grad_stats: [1.29e-03 8.00e-04] (2.44e-04, 1.57e-02)
[390,   116] loss: 8.323690e-02 masks: 21.8 17.2 [wd: 3.58e-01] [lr: 1.37e-04] [mem: 5.65e+03] (168.7 ms)
[390,   116] grad_stats: [2.31e-03 9.54e-04] (2.84e-04, 4.59e-02)
[390,   232] loss: 8.248146e-02 masks: 22.3 17.0 [wd: 3.59e-01] [lr: 1.35e-04] [mem: 5.65e+03] (170.3 ms)
[390,   232] grad_stats: [1.71e-03 1.15e-03] (3.05e-04, 1.73e-02)
avg. loss 8.24814621e-02
time taken for epoch 0:00:53.132053
Epoch 391
[391,     0] loss: 9.129757e-02 masks: 18.0 20.0 [wd: 3.59e-01] [lr: 1.35e-04] [mem: 5.65e+03] (158.9 ms)
[391,     0] grad_stats: [1.93e-03 9.01e-04] (2.79e-04, 6.32e-02)
[391,   116] loss: 8.357949e-02 masks: 21.8 17.4 [wd: 3.59e-01] [lr: 1.34e-04] [mem: 5.65e+03] (168.6 ms)
[391,   116] grad_stats: [1.10e-03 9.87e-04] (2.87e-04, 1.68e-02)
[391,   232] loss: 8.312956e-02 masks: 21.9 17.4 [wd: 3.59e-01] [lr: 1.33e-04] [mem: 5.65e+03] (169.5 ms)
[391,   232] grad_stats: [1.51e-03 7.99e-04] (2.50e-04, 2.03e-02)
avg. loss 8.31295622e-02
time taken for epoch 0:00:52.894230
Epoch 392
[392,     0] loss: 9.264273e-02 masks: 18.0 20.0 [wd: 3.59e-01] [lr: 1.33e-04] [mem: 5.65e+03] (158.3 ms)
[392,     0] grad_stats: [1.01e-03 1.13e-03] (3.32e-04, 2.03e-02)
[392,   116] loss: 8.285255e-02 masks: 22.4 17.2 [wd: 3.60e-01] [lr: 1.32e-04] [mem: 5.65e+03] (170.1 ms)
[392,   116] grad_stats: [1.10e-03 1.02e-03] (3.03e-04, 3.37e-02)
[392,   232] loss: 8.300748e-02 masks: 22.3 17.3 [wd: 3.60e-01] [lr: 1.31e-04] [mem: 5.65e+03] (170.4 ms)
[392,   232] grad_stats: [1.72e-03 1.18e-03] (3.52e-04, 2.10e-02)
avg. loss 8.30074833e-02
time taken for epoch 0:00:53.133228
Epoch 393
[393,     0] loss: 8.360683e-02 masks: 21.0 16.0 [wd: 3.60e-01] [lr: 1.31e-04] [mem: 5.65e+03] (162.0 ms)
[393,     0] grad_stats: [9.51e-04 1.28e-03] (3.36e-04, 2.01e-02)
[393,   116] loss: 8.349179e-02 masks: 21.6 17.4 [wd: 3.60e-01] [lr: 1.30e-04] [mem: 5.65e+03] (168.4 ms)
[393,   116] grad_stats: [1.43e-03 1.03e-03] (3.08e-04, 4.15e-02)
[393,   232] loss: 8.352403e-02 masks: 21.5 17.5 [wd: 3.61e-01] [lr: 1.29e-04] [mem: 5.65e+03] (168.7 ms)
[393,   232] grad_stats: [1.88e-03 1.10e-03] (3.18e-04, 1.58e-02)
avg. loss 8.35240302e-02
time taken for epoch 0:00:52.670754
Epoch 394
[394,     0] loss: 7.588193e-02 masks: 23.0 16.0 [wd: 3.61e-01] [lr: 1.29e-04] [mem: 5.65e+03] (167.5 ms)
[394,     0] grad_stats: [1.60e-03 9.45e-04] (3.42e-04, 4.51e-02)
[394,   116] loss: 8.402158e-02 masks: 21.3 17.5 [wd: 3.61e-01] [lr: 1.27e-04] [mem: 5.65e+03] (167.5 ms)
[394,   116] grad_stats: [1.54e-03 8.38e-04] (2.65e-04, 3.30e-02)
[394,   232] loss: 8.352661e-02 masks: 21.7 17.2 [wd: 3.62e-01] [lr: 1.26e-04] [mem: 5.65e+03] (168.6 ms)
[394,   232] grad_stats: [2.38e-03 1.08e-03] (3.12e-04, 3.81e-02)
avg. loss 8.35266081e-02
time taken for epoch 0:00:52.673180
Epoch 395
[395,     0] loss: 8.509748e-02 masks: 21.0 16.0 [wd: 3.62e-01] [lr: 1.26e-04] [mem: 5.65e+03] (164.3 ms)
[395,     0] grad_stats: [7.93e-04 9.64e-04] (3.31e-04, 1.72e-02)
[395,   116] loss: 8.435230e-02 masks: 20.9 17.7 [wd: 3.62e-01] [lr: 1.25e-04] [mem: 5.65e+03] (166.6 ms)
[395,   116] grad_stats: [1.13e-03 1.21e-03] (3.73e-04, 3.13e-02)
[395,   232] loss: 8.382379e-02 masks: 21.6 17.4 [wd: 3.62e-01] [lr: 1.24e-04] [mem: 5.65e+03] (168.7 ms)
[395,   232] grad_stats: [1.30e-03 1.33e-03] (4.09e-04, 8.00e-02)
avg. loss 8.38237901e-02
time taken for epoch 0:00:52.583043
Epoch 396
[396,     0] loss: 9.801754e-02 masks: 14.0 20.0 [wd: 3.62e-01] [lr: 1.24e-04] [mem: 5.65e+03] (147.5 ms)
[396,     0] grad_stats: [1.48e-03 1.07e-03] (3.17e-04, 3.43e-02)
[396,   116] loss: 8.317936e-02 masks: 22.7 16.9 [wd: 3.63e-01] [lr: 1.23e-04] [mem: 5.65e+03] (170.8 ms)
[396,   116] grad_stats: [1.57e-03 1.00e-03] (3.12e-04, 2.67e-02)
[396,   232] loss: 8.290495e-02 masks: 22.4 17.1 [wd: 3.63e-01] [lr: 1.22e-04] [mem: 5.65e+03] (170.7 ms)
[396,   232] grad_stats: [1.70e-03 8.81e-04] (2.95e-04, 2.23e-02)
avg. loss 8.29049472e-02
time taken for epoch 0:00:53.173419
Epoch 397
[397,     0] loss: 9.011741e-02 masks: 12.0 20.0 [wd: 3.63e-01] [lr: 1.22e-04] [mem: 5.65e+03] (144.0 ms)
[397,     0] grad_stats: [2.43e-03 1.33e-03] (4.14e-04, 2.59e-02)
[397,   116] loss: 8.388726e-02 masks: 21.5 17.4 [wd: 3.63e-01] [lr: 1.21e-04] [mem: 5.65e+03] (167.8 ms)
[397,   116] grad_stats: [1.98e-03 1.44e-03] (3.65e-04, 3.26e-02)
[397,   232] loss: 8.349072e-02 masks: 21.9 17.2 [wd: 3.64e-01] [lr: 1.20e-04] [mem: 5.65e+03] (169.3 ms)
[397,   232] grad_stats: [1.61e-03 1.62e-03] (3.96e-04, 3.82e-02)
avg. loss 8.34907164e-02
time taken for epoch 0:00:52.845685
Epoch 398
[398,     0] loss: 9.816092e-02 masks: 17.0 20.0 [wd: 3.64e-01] [lr: 1.20e-04] [mem: 5.65e+03] (157.6 ms)
[398,     0] grad_stats: [2.79e-03 1.28e-03] (4.08e-04, 4.23e-02)
[398,   116] loss: 8.322944e-02 masks: 21.4 17.4 [wd: 3.64e-01] [lr: 1.18e-04] [mem: 5.65e+03] (167.7 ms)
[398,   116] grad_stats: [1.10e-03 6.54e-04] (2.30e-04, 3.13e-02)
[398,   232] loss: 8.429140e-02 masks: 21.2 17.5 [wd: 3.64e-01] [lr: 1.17e-04] [mem: 5.65e+03] (167.7 ms)
[398,   232] grad_stats: [1.22e-03 7.88e-04] (2.86e-04, 3.25e-02)
avg. loss 8.42913999e-02
time taken for epoch 0:00:52.468427
Epoch 399
[399,     0] loss: 8.579275e-02 masks: 17.0 20.0 [wd: 3.64e-01] [lr: 1.17e-04] [mem: 5.65e+03] (157.2 ms)
[399,     0] grad_stats: [1.38e-03 1.10e-03] (3.04e-04, 1.66e-02)
[399,   116] loss: 8.350734e-02 masks: 21.8 17.1 [wd: 3.65e-01] [lr: 1.16e-04] [mem: 5.65e+03] (168.4 ms)
[399,   116] grad_stats: [1.28e-03 9.40e-04] (3.01e-04, 2.32e-02)
[399,   232] loss: 8.311568e-02 masks: 21.9 17.2 [wd: 3.65e-01] [lr: 1.15e-04] [mem: 5.65e+03] (169.3 ms)
[399,   232] grad_stats: [1.18e-03 8.48e-04] (3.18e-04, 2.91e-02)
avg. loss 8.31156768e-02
time taken for epoch 0:00:53.582053
Epoch 400
[400,     0] loss: 8.202769e-02 masks: 21.0 16.0 [wd: 3.65e-01] [lr: 1.15e-04] [mem: 5.65e+03] (164.6 ms)
[400,     0] grad_stats: [1.21e-03 1.07e-03] (3.48e-04, 2.00e-02)
[400,   116] loss: 8.486913e-02 masks: 20.5 17.8 [wd: 3.65e-01] [lr: 1.14e-04] [mem: 5.65e+03] (165.6 ms)
[400,   116] grad_stats: [2.21e-03 1.47e-03] (4.49e-04, 5.15e-02)
[400,   232] loss: 8.372216e-02 masks: 21.6 17.4 [wd: 3.66e-01] [lr: 1.13e-04] [mem: 5.65e+03] (168.6 ms)
[400,   232] grad_stats: [9.45e-04 7.74e-04] (2.74e-04, 1.36e-02)
avg. loss 8.37221599e-02
	Epoch 400, KNN accuracy train: 7.39986e-01, KNN accuracy train: 6.16000e-01
time taken for epoch 0:01:34.631941
Epoch 401
[401,     0] loss: 8.669851e-02 masks: 17.0 20.0 [wd: 3.66e-01] [lr: 1.13e-04] [mem: 5.65e+03] (156.8 ms)
[401,     0] grad_stats: [1.32e-03 8.04e-04] (2.77e-04, 1.52e-02)
[401,   116] loss: 8.512616e-02 masks: 20.5 17.9 [wd: 3.66e-01] [lr: 1.12e-04] [mem: 5.65e+03] (165.1 ms)
[401,   116] grad_stats: [1.97e-03 9.74e-04] (2.87e-04, 3.45e-02)
[401,   232] loss: 8.467890e-02 masks: 20.9 17.7 [wd: 3.66e-01] [lr: 1.11e-04] [mem: 5.65e+03] (166.6 ms)
[401,   232] grad_stats: [1.29e-03 1.18e-03] (3.55e-04, 2.13e-02)
avg. loss 8.46788968e-02
time taken for epoch 0:00:52.284117
Epoch 402
[402,     0] loss: 7.071297e-02 masks: 23.0 16.0 [wd: 3.66e-01] [lr: 1.11e-04] [mem: 5.65e+03] (168.2 ms)
[402,     0] grad_stats: [2.32e-03 9.48e-04] (3.15e-04, 1.59e-02)
[402,   116] loss: 8.506759e-02 masks: 20.6 17.6 [wd: 3.67e-01] [lr: 1.10e-04] [mem: 5.65e+03] (165.5 ms)
[402,   116] grad_stats: [1.36e-03 1.49e-03] (3.47e-04, 4.18e-02)
[402,   232] loss: 8.356885e-02 masks: 21.8 17.3 [wd: 3.67e-01] [lr: 1.09e-04] [mem: 5.65e+03] (168.8 ms)
[402,   232] grad_stats: [1.07e-03 9.92e-04] (3.11e-04, 1.74e-02)
avg. loss 8.35688506e-02
time taken for epoch 0:00:52.578880
Epoch 403
[403,     0] loss: 7.607285e-02 masks: 23.0 20.0 [wd: 3.67e-01] [lr: 1.09e-04] [mem: 5.65e+03] (172.9 ms)
[403,     0] grad_stats: [1.65e-03 1.01e-03] (3.08e-04, 5.96e-02)
[403,   116] loss: 8.394993e-02 masks: 21.3 17.7 [wd: 3.67e-01] [lr: 1.08e-04] [mem: 5.65e+03] (167.5 ms)
[403,   116] grad_stats: [1.30e-03 8.28e-04] (3.02e-04, 1.41e-02)
[403,   232] loss: 8.296703e-02 masks: 22.2 17.3 [wd: 3.68e-01] [lr: 1.07e-04] [mem: 5.65e+03] (170.2 ms)
[403,   232] grad_stats: [1.82e-03 1.18e-03] (3.82e-04, 3.63e-02)
avg. loss 8.29670283e-02
time taken for epoch 0:00:53.114105
Epoch 404
[404,     0] loss: 9.068116e-02 masks: 16.0 20.0 [wd: 3.68e-01] [lr: 1.07e-04] [mem: 5.65e+03] (153.9 ms)
[404,     0] grad_stats: [1.30e-03 7.67e-04] (3.06e-04, 2.07e-02)
[404,   116] loss: 8.286106e-02 masks: 21.9 17.5 [wd: 3.68e-01] [lr: 1.06e-04] [mem: 5.65e+03] (169.1 ms)
[404,   116] grad_stats: [9.17e-04 1.08e-03] (3.36e-04, 1.50e-02)
[404,   232] loss: 8.333007e-02 masks: 21.9 17.4 [wd: 3.68e-01] [lr: 1.05e-04] [mem: 5.65e+03] (169.6 ms)
[404,   232] grad_stats: [1.21e-03 8.07e-04] (3.02e-04, 2.78e-02)
avg. loss 8.33300658e-02
time taken for epoch 0:00:52.972394
Epoch 405
[405,     0] loss: 8.414955e-02 masks: 18.0 20.0 [wd: 3.68e-01] [lr: 1.05e-04] [mem: 5.65e+03] (160.2 ms)
[405,     0] grad_stats: [1.19e-03 1.13e-03] (3.17e-04, 1.73e-02)
[405,   116] loss: 8.373494e-02 masks: 21.9 17.3 [wd: 3.69e-01] [lr: 1.04e-04] [mem: 5.65e+03] (168.9 ms)
[405,   116] grad_stats: [2.33e-03 1.02e-03] (3.29e-04, 3.29e-02)
[405,   232] loss: 8.307824e-02 masks: 22.1 17.3 [wd: 3.69e-01] [lr: 1.02e-04] [mem: 5.65e+03] (169.8 ms)
[405,   232] grad_stats: [1.22e-03 1.76e-03] (5.07e-04, 2.60e-02)
avg. loss 8.30782387e-02
time taken for epoch 0:00:53.049597
Epoch 406
[406,     0] loss: 7.858730e-02 masks: 21.0 16.0 [wd: 3.69e-01] [lr: 1.02e-04] [mem: 5.65e+03] (163.8 ms)
[406,     0] grad_stats: [1.33e-03 7.20e-04] (2.87e-04, 4.32e-02)
[406,   116] loss: 8.399269e-02 masks: 21.6 17.4 [wd: 3.69e-01] [lr: 1.01e-04] [mem: 5.65e+03] (168.2 ms)
[406,   116] grad_stats: [1.94e-03 8.95e-04] (2.80e-04, 1.28e-02)
[406,   232] loss: 8.403403e-02 masks: 21.7 17.4 [wd: 3.70e-01] [lr: 1.00e-04] [mem: 5.65e+03] (169.0 ms)
[406,   232] grad_stats: [2.77e-03 7.46e-04] (2.99e-04, 4.38e-02)
avg. loss 8.40340285e-02
time taken for epoch 0:00:52.781761
Epoch 407
[407,     0] loss: 7.647213e-02 masks: 26.0 16.0 [wd: 3.70e-01] [lr: 1.00e-04] [mem: 5.65e+03] (178.5 ms)
[407,     0] grad_stats: [1.29e-03 8.97e-04] (3.02e-04, 2.10e-02)
[407,   116] loss: 8.338878e-02 masks: 22.0 17.3 [wd: 3.70e-01] [lr: 9.94e-05] [mem: 5.65e+03] (169.2 ms)
[407,   116] grad_stats: [1.08e-03 1.30e-03] (4.04e-04, 3.49e-02)
[407,   232] loss: 8.281525e-02 masks: 22.4 17.3 [wd: 3.70e-01] [lr: 9.84e-05] [mem: 5.65e+03] (170.6 ms)
[407,   232] grad_stats: [1.65e-03 1.24e-03] (4.04e-04, 2.61e-02)
avg. loss 8.28152534e-02
time taken for epoch 0:00:53.178619
Epoch 408
[408,     0] loss: 7.114241e-02 masks: 25.0 16.0 [wd: 3.70e-01] [lr: 9.84e-05] [mem: 5.65e+03] (172.9 ms)
[408,     0] grad_stats: [1.96e-03 7.11e-04] (3.02e-04, 1.60e-02)
[408,   116] loss: 8.422497e-02 masks: 22.2 17.2 [wd: 3.70e-01] [lr: 9.74e-05] [mem: 5.65e+03] (169.7 ms)
[408,   116] grad_stats: [2.96e-03 1.09e-03] (3.39e-04, 1.69e-02)
[408,   232] loss: 8.341082e-02 masks: 22.2 17.1 [wd: 3.71e-01] [lr: 9.64e-05] [mem: 5.65e+03] (170.0 ms)
[408,   232] grad_stats: [1.26e-03 1.05e-03] (3.50e-04, 4.98e-02)
avg. loss 8.34108219e-02
time taken for epoch 0:00:53.069971
Epoch 409
[409,     0] loss: 8.768012e-02 masks: 20.0 20.0 [wd: 3.71e-01] [lr: 9.64e-05] [mem: 5.65e+03] (165.0 ms)
[409,     0] grad_stats: [1.01e-03 1.04e-03] (3.56e-04, 2.46e-02)
[409,   116] loss: 8.446360e-02 masks: 21.6 17.6 [wd: 3.71e-01] [lr: 9.54e-05] [mem: 5.65e+03] (168.6 ms)
[409,   116] grad_stats: [1.84e-03 1.45e-03] (4.35e-04, 4.23e-02)
[409,   232] loss: 8.431884e-02 masks: 21.4 17.7 [wd: 3.71e-01] [lr: 9.44e-05] [mem: 5.65e+03] (168.5 ms)
[409,   232] grad_stats: [2.01e-03 9.72e-04] (3.38e-04, 3.15e-02)
avg. loss 8.43188359e-02
time taken for epoch 0:00:52.690080
Epoch 410
[410,     0] loss: 9.020325e-02 masks: 25.0 16.0 [wd: 3.71e-01] [lr: 9.44e-05] [mem: 5.65e+03] (174.8 ms)
[410,     0] grad_stats: [1.29e-03 1.12e-03] (3.29e-04, 2.71e-02)
[410,   116] loss: 8.348874e-02 masks: 22.3 17.1 [wd: 3.72e-01] [lr: 9.34e-05] [mem: 5.65e+03] (169.8 ms)
[410,   116] grad_stats: [1.41e-03 1.11e-03] (3.67e-04, 1.90e-02)
[410,   232] loss: 8.373790e-02 masks: 22.3 17.2 [wd: 3.72e-01] [lr: 9.24e-05] [mem: 5.65e+03] (170.3 ms)
[410,   232] grad_stats: [2.75e-03 1.25e-03] (4.99e-04, 2.85e-02)
avg. loss 8.37379034e-02
time taken for epoch 0:00:53.037576
Epoch 411
[411,     0] loss: 7.167527e-02 masks: 24.0 16.0 [wd: 3.72e-01] [lr: 9.24e-05] [mem: 5.65e+03] (171.8 ms)
[411,     0] grad_stats: [1.59e-03 1.05e-03] (3.05e-04, 2.38e-02)
[411,   116] loss: 8.336867e-02 masks: 22.1 17.2 [wd: 3.72e-01] [lr: 9.14e-05] [mem: 5.65e+03] (169.5 ms)
[411,   116] grad_stats: [1.03e-03 8.93e-04] (3.40e-04, 2.92e-02)
[411,   232] loss: 8.341547e-02 masks: 22.4 17.2 [wd: 3.73e-01] [lr: 9.05e-05] [mem: 5.65e+03] (170.7 ms)
[411,   232] grad_stats: [2.11e-03 1.18e-03] (3.63e-04, 2.35e-02)
avg. loss 8.34154691e-02
time taken for epoch 0:00:53.240357
Epoch 412
[412,     0] loss: 9.503817e-02 masks: 17.0 20.0 [wd: 3.73e-01] [lr: 9.05e-05] [mem: 5.65e+03] (157.1 ms)
[412,     0] grad_stats: [1.23e-03 1.32e-03] (3.75e-04, 2.24e-02)
[412,   116] loss: 8.363854e-02 masks: 22.0 17.4 [wd: 3.73e-01] [lr: 8.95e-05] [mem: 5.65e+03] (169.3 ms)
[412,   116] grad_stats: [1.42e-03 1.15e-03] (3.33e-04, 1.80e-02)
[412,   232] loss: 8.357325e-02 masks: 22.0 17.3 [wd: 3.73e-01] [lr: 8.85e-05] [mem: 5.65e+03] (169.6 ms)
[412,   232] grad_stats: [1.16e-03 1.28e-03] (3.48e-04, 3.14e-02)
avg. loss 8.35732488e-02
time taken for epoch 0:00:52.967080
Epoch 413
[413,     0] loss: 1.045853e-01 masks: 11.0 20.0 [wd: 3.73e-01] [lr: 8.85e-05] [mem: 5.65e+03] (139.5 ms)
[413,     0] grad_stats: [2.35e-03 1.43e-03] (4.63e-04, 2.63e-02)
[413,   116] loss: 8.451570e-02 masks: 21.8 17.2 [wd: 3.73e-01] [lr: 8.76e-05] [mem: 5.65e+03] (168.5 ms)
[413,   116] grad_stats: [3.86e-03 1.12e-03] (4.16e-04, 2.94e-02)
[413,   232] loss: 8.382924e-02 masks: 22.0 17.2 [wd: 3.74e-01] [lr: 8.66e-05] [mem: 5.65e+03] (169.6 ms)
[413,   232] grad_stats: [1.86e-03 1.11e-03] (3.35e-04, 2.51e-02)
avg. loss 8.38292411e-02
time taken for epoch 0:00:52.962588
Epoch 414
[414,     0] loss: 9.937203e-02 masks: 17.0 20.0 [wd: 3.74e-01] [lr: 8.66e-05] [mem: 5.65e+03] (158.0 ms)
[414,     0] grad_stats: [1.65e-03 1.46e-03] (4.44e-04, 2.74e-02)
[414,   116] loss: 8.394013e-02 masks: 22.0 17.3 [wd: 3.74e-01] [lr: 8.57e-05] [mem: 5.65e+03] (169.5 ms)
[414,   116] grad_stats: [1.11e-03 1.79e-03] (4.81e-04, 3.66e-02)
[414,   232] loss: 8.450594e-02 masks: 21.8 17.3 [wd: 3.74e-01] [lr: 8.47e-05] [mem: 5.65e+03] (169.2 ms)
[414,   232] grad_stats: [1.15e-03 1.17e-03] (3.75e-04, 1.89e-02)
avg. loss 8.45059412e-02
time taken for epoch 0:00:52.878352
Epoch 415
[415,     0] loss: 8.517449e-02 masks: 29.0 16.0 [wd: 3.74e-01] [lr: 8.47e-05] [mem: 5.65e+03] (185.8 ms)
[415,     0] grad_stats: [1.32e-03 1.01e-03] (2.99e-04, 3.55e-02)
[415,   116] loss: 8.360139e-02 masks: 22.1 17.3 [wd: 3.75e-01] [lr: 8.38e-05] [mem: 5.65e+03] (169.6 ms)
[415,   116] grad_stats: [9.34e-04 1.02e-03] (3.25e-04, 2.20e-02)
[415,   232] loss: 8.348579e-02 masks: 22.1 17.2 [wd: 3.75e-01] [lr: 8.28e-05] [mem: 5.65e+03] (169.8 ms)
[415,   232] grad_stats: [8.88e-04 1.15e-03] (3.74e-04, 2.58e-02)
avg. loss 8.34857889e-02
time taken for epoch 0:00:53.011520
Epoch 416
[416,     0] loss: 7.804423e-02 masks: 20.0 16.0 [wd: 3.75e-01] [lr: 8.28e-05] [mem: 5.65e+03] (161.9 ms)
[416,     0] grad_stats: [1.91e-03 1.63e-03] (4.41e-04, 3.51e-02)
[416,   116] loss: 8.359956e-02 masks: 22.4 17.1 [wd: 3.75e-01] [lr: 8.19e-05] [mem: 5.65e+03] (170.0 ms)
[416,   116] grad_stats: [1.36e-03 1.32e-03] (3.74e-04, 6.87e-02)
[416,   232] loss: 8.401265e-02 masks: 22.0 17.1 [wd: 3.76e-01] [lr: 8.10e-05] [mem: 5.65e+03] (169.5 ms)
[416,   232] grad_stats: [1.73e-03 1.11e-03] (3.53e-04, 4.43e-02)
avg. loss 8.40126535e-02
time taken for epoch 0:00:52.801464
Epoch 417
[417,     0] loss: 9.118190e-02 masks: 16.0 20.0 [wd: 3.76e-01] [lr: 8.10e-05] [mem: 5.65e+03] (155.1 ms)
[417,     0] grad_stats: [2.41e-03 1.80e-03] (5.60e-04, 6.28e-02)
[417,   116] loss: 8.313612e-02 masks: 21.9 17.2 [wd: 3.76e-01] [lr: 8.00e-05] [mem: 5.65e+03] (168.8 ms)
[417,   116] grad_stats: [1.60e-03 7.71e-04] (3.09e-04, 6.99e-02)
[417,   232] loss: 8.382112e-02 masks: 21.9 17.2 [wd: 3.76e-01] [lr: 7.91e-05] [mem: 5.65e+03] (169.4 ms)
[417,   232] grad_stats: [1.09e-03 1.16e-03] (3.70e-04, 3.76e-02)
avg. loss 8.38211189e-02
time taken for epoch 0:00:52.865407
Epoch 418
[418,     0] loss: 9.215577e-02 masks: 18.0 20.0 [wd: 3.76e-01] [lr: 7.91e-05] [mem: 5.65e+03] (161.7 ms)
[418,     0] grad_stats: [9.03e-04 1.21e-03] (4.91e-04, 3.35e-02)
[418,   116] loss: 8.394556e-02 masks: 21.5 17.5 [wd: 3.76e-01] [lr: 7.82e-05] [mem: 5.65e+03] (168.2 ms)
[418,   116] grad_stats: [9.12e-04 1.36e-03] (3.78e-04, 2.17e-02)
[418,   232] loss: 8.477171e-02 masks: 21.3 17.6 [wd: 3.77e-01] [lr: 7.73e-05] [mem: 5.65e+03] (168.1 ms)
[418,   232] grad_stats: [2.74e-03 1.02e-03] (3.47e-04, 2.64e-02)
avg. loss 8.47717130e-02
time taken for epoch 0:00:52.572268
Epoch 419
[419,     0] loss: 8.414948e-02 masks: 23.0 16.0 [wd: 3.77e-01] [lr: 7.73e-05] [mem: 5.65e+03] (168.3 ms)
[419,     0] grad_stats: [1.89e-03 1.00e-03] (3.52e-04, 2.32e-02)
[419,   116] loss: 8.443357e-02 masks: 22.0 17.0 [wd: 3.77e-01] [lr: 7.64e-05] [mem: 5.65e+03] (168.9 ms)
[419,   116] grad_stats: [1.12e-03 1.43e-03] (4.31e-04, 2.37e-02)
[419,   232] loss: 8.401894e-02 masks: 22.1 17.1 [wd: 3.77e-01] [lr: 7.55e-05] [mem: 5.65e+03] (169.7 ms)
[419,   232] grad_stats: [1.67e-03 8.82e-04] (3.14e-04, 2.45e-02)
avg. loss 8.40189435e-02
time taken for epoch 0:00:52.905295
Epoch 420
[420,     0] loss: 8.213717e-02 masks: 25.0 16.0 [wd: 3.77e-01] [lr: 7.55e-05] [mem: 5.65e+03] (175.4 ms)
[420,     0] grad_stats: [1.38e-03 9.35e-04] (3.18e-04, 2.53e-02)
[420,   116] loss: 8.450762e-02 masks: 21.6 17.5 [wd: 3.77e-01] [lr: 7.46e-05] [mem: 5.65e+03] (168.5 ms)
[420,   116] grad_stats: [2.95e-03 8.05e-04] (3.43e-04, 1.60e-02)
[420,   232] loss: 8.485269e-02 masks: 21.3 17.6 [wd: 3.78e-01] [lr: 7.37e-05] [mem: 5.65e+03] (168.0 ms)
[420,   232] grad_stats: [1.03e-03 9.91e-04] (3.59e-04, 2.40e-02)
avg. loss 8.48526908e-02
time taken for epoch 0:00:52.562450
Epoch 421
[421,     0] loss: 8.557708e-02 masks: 16.0 20.0 [wd: 3.78e-01] [lr: 7.37e-05] [mem: 5.65e+03] (154.8 ms)
[421,     0] grad_stats: [2.29e-03 1.21e-03] (4.45e-04, 3.98e-02)
[421,   116] loss: 8.389859e-02 masks: 21.7 17.4 [wd: 3.78e-01] [lr: 7.28e-05] [mem: 5.65e+03] (168.6 ms)
[421,   116] grad_stats: [1.45e-03 1.39e-03] (4.33e-04, 3.92e-02)
[421,   232] loss: 8.454715e-02 masks: 21.5 17.4 [wd: 3.78e-01] [lr: 7.20e-05] [mem: 5.65e+03] (168.5 ms)
[421,   232] grad_stats: [1.42e-03 9.30e-04] (3.47e-04, 2.43e-02)
avg. loss 8.45471483e-02
time taken for epoch 0:00:52.696720
Epoch 422
[422,     0] loss: 8.336336e-02 masks: 20.0 20.0 [wd: 3.78e-01] [lr: 7.19e-05] [mem: 5.65e+03] (164.9 ms)
[422,     0] grad_stats: [2.33e-03 8.65e-04] (3.38e-04, 3.37e-02)
[422,   116] loss: 8.423376e-02 masks: 21.9 17.7 [wd: 3.79e-01] [lr: 7.11e-05] [mem: 5.65e+03] (169.5 ms)
[422,   116] grad_stats: [2.02e-03 8.74e-04] (3.56e-04, 3.44e-02)
[422,   232] loss: 8.421374e-02 masks: 21.6 17.7 [wd: 3.79e-01] [lr: 7.02e-05] [mem: 5.65e+03] (169.1 ms)
[422,   232] grad_stats: [1.59e-03 1.16e-03] (3.53e-04, 2.46e-02)
avg. loss 8.42137401e-02
time taken for epoch 0:00:52.863067
Epoch 423
[423,     0] loss: 8.356650e-02 masks: 21.0 16.0 [wd: 3.79e-01] [lr: 7.02e-05] [mem: 5.65e+03] (164.9 ms)
[423,     0] grad_stats: [9.43e-04 8.87e-04] (3.19e-04, 2.34e-02)
[423,   116] loss: 8.368075e-02 masks: 22.1 17.0 [wd: 3.79e-01] [lr: 6.93e-05] [mem: 5.65e+03] (169.2 ms)
[423,   116] grad_stats: [1.27e-03 1.23e-03] (4.63e-04, 2.69e-02)
[423,   232] loss: 8.383390e-02 masks: 22.2 17.1 [wd: 3.79e-01] [lr: 6.85e-05] [mem: 5.65e+03] (170.0 ms)
[423,   232] grad_stats: [2.48e-03 1.30e-03] (4.26e-04, 6.02e-02)
avg. loss 8.38338978e-02
time taken for epoch 0:00:53.038959
Epoch 424
[424,     0] loss: 7.687062e-02 masks: 24.0 16.0 [wd: 3.79e-01] [lr: 6.85e-05] [mem: 5.65e+03] (170.8 ms)
[424,     0] grad_stats: [1.31e-03 1.13e-03] (3.31e-04, 2.49e-02)
[424,   116] loss: 8.289839e-02 masks: 22.8 16.9 [wd: 3.80e-01] [lr: 6.76e-05] [mem: 5.65e+03] (171.1 ms)
[424,   116] grad_stats: [1.81e-03 1.56e-03] (4.25e-04, 2.24e-02)
[424,   232] loss: 8.350542e-02 masks: 22.3 17.2 [wd: 3.80e-01] [lr: 6.68e-05] [mem: 5.65e+03] (170.3 ms)
[424,   232] grad_stats: [2.79e-03 1.24e-03] (3.98e-04, 3.82e-02)
avg. loss 8.35054240e-02
time taken for epoch 0:00:52.976335
Epoch 425
[425,     0] loss: 8.277029e-02 masks: 20.0 20.0 [wd: 3.80e-01] [lr: 6.68e-05] [mem: 5.65e+03] (165.2 ms)
[425,     0] grad_stats: [1.41e-03 9.67e-04] (3.63e-04, 2.53e-02)
[425,   116] loss: 8.412196e-02 masks: 21.8 17.3 [wd: 3.80e-01] [lr: 6.59e-05] [mem: 5.65e+03] (168.6 ms)
[425,   116] grad_stats: [8.94e-04 1.19e-03] (3.95e-04, 1.86e-02)
[425,   232] loss: 8.415781e-02 masks: 21.9 17.2 [wd: 3.80e-01] [lr: 6.51e-05] [mem: 5.65e+03] (169.3 ms)
[425,   232] grad_stats: [2.72e-03 1.54e-03] (4.38e-04, 3.29e-02)
avg. loss 8.41578135e-02
time taken for epoch 0:00:52.756036
Epoch 426
[426,     0] loss: 9.955464e-02 masks: 13.0 20.0 [wd: 3.80e-01] [lr: 6.51e-05] [mem: 5.65e+03] (145.3 ms)
[426,     0] grad_stats: [1.24e-03 1.59e-03] (4.51e-04, 2.21e-02)
[426,   116] loss: 8.397057e-02 masks: 22.6 17.2 [wd: 3.81e-01] [lr: 6.43e-05] [mem: 5.65e+03] (170.7 ms)
[426,   116] grad_stats: [1.05e-03 1.05e-03] (3.77e-04, 2.13e-02)
[426,   232] loss: 8.458227e-02 masks: 21.9 17.3 [wd: 3.81e-01] [lr: 6.34e-05] [mem: 5.65e+03] (169.5 ms)
[426,   232] grad_stats: [1.61e-03 1.33e-03] (4.59e-04, 2.08e-02)
avg. loss 8.45822660e-02
time taken for epoch 0:00:52.745869
Epoch 427
[427,     0] loss: 7.868167e-02 masks: 27.0 16.0 [wd: 3.81e-01] [lr: 6.34e-05] [mem: 5.65e+03] (181.4 ms)
[427,     0] grad_stats: [2.25e-03 9.58e-04] (3.72e-04, 4.77e-02)
[427,   116] loss: 8.461564e-02 masks: 21.6 17.1 [wd: 3.81e-01] [lr: 6.26e-05] [mem: 5.65e+03] (167.9 ms)
[427,   116] grad_stats: [2.75e-03 1.21e-03] (3.95e-04, 2.18e-02)
[427,   232] loss: 8.456572e-02 masks: 21.6 17.3 [wd: 3.81e-01] [lr: 6.18e-05] [mem: 5.65e+03] (168.4 ms)
[427,   232] grad_stats: [2.40e-03 1.10e-03] (3.99e-04, 4.01e-02)
avg. loss 8.45657162e-02
time taken for epoch 0:00:52.554736
Epoch 428
[428,     0] loss: 8.551593e-02 masks: 20.0 16.0 [wd: 3.81e-01] [lr: 6.18e-05] [mem: 5.65e+03] (160.9 ms)
[428,     0] grad_stats: [2.97e-03 1.35e-03] (4.70e-04, 3.28e-02)
[428,   116] loss: 8.473608e-02 masks: 21.8 17.2 [wd: 3.82e-01] [lr: 6.10e-05] [mem: 5.65e+03] (168.6 ms)
[428,   116] grad_stats: [1.26e-03 1.45e-03] (4.82e-04, 6.56e-02)
[428,   232] loss: 8.555715e-02 masks: 21.2 17.7 [wd: 3.82e-01] [lr: 6.02e-05] [mem: 5.65e+03] (167.8 ms)
[428,   232] grad_stats: [1.03e-03 1.10e-03] (4.26e-04, 3.83e-02)
avg. loss 8.55571465e-02
time taken for epoch 0:00:52.379977
Epoch 429
[429,     0] loss: 8.555773e-02 masks: 18.0 20.0 [wd: 3.82e-01] [lr: 6.02e-05] [mem: 5.65e+03] (158.5 ms)
[429,     0] grad_stats: [1.99e-03 1.84e-03] (4.87e-04, 3.11e-02)
[429,   116] loss: 8.341342e-02 masks: 22.7 17.0 [wd: 3.82e-01] [lr: 5.94e-05] [mem: 5.65e+03] (170.8 ms)
[429,   116] grad_stats: [2.18e-03 1.28e-03] (4.82e-04, 2.48e-02)
[429,   232] loss: 8.253778e-02 masks: 23.2 16.8 [wd: 3.82e-01] [lr: 5.86e-05] [mem: 5.65e+03] (172.4 ms)
[429,   232] grad_stats: [1.78e-03 1.42e-03] (4.81e-04, 2.59e-02)
avg. loss 8.25377846e-02
time taken for epoch 0:00:53.598568
Epoch 430
[430,     0] loss: 8.177953e-02 masks: 20.0 16.0 [wd: 3.82e-01] [lr: 5.86e-05] [mem: 5.65e+03] (161.0 ms)
[430,     0] grad_stats: [1.72e-03 1.13e-03] (4.30e-04, 3.50e-02)
[430,   116] loss: 8.537898e-02 masks: 21.1 17.6 [wd: 3.83e-01] [lr: 5.78e-05] [mem: 5.65e+03] (167.0 ms)
[430,   116] grad_stats: [2.00e-03 1.27e-03] (4.41e-04, 2.56e-02)
[430,   232] loss: 8.479133e-02 masks: 21.5 17.4 [wd: 3.83e-01] [lr: 5.70e-05] [mem: 5.65e+03] (168.3 ms)
[430,   232] grad_stats: [1.23e-03 9.43e-04] (3.52e-04, 2.65e-02)
avg. loss 8.47913285e-02
time taken for epoch 0:00:52.627695
Epoch 431
[431,     0] loss: 7.534166e-02 masks: 33.0 12.0 [wd: 3.83e-01] [lr: 5.70e-05] [mem: 5.65e+03] (191.0 ms)
[431,     0] grad_stats: [2.24e-03 9.01e-04] (3.34e-04, 3.53e-02)
[431,   116] loss: 8.352078e-02 masks: 22.4 17.1 [wd: 3.83e-01] [lr: 5.62e-05] [mem: 5.65e+03] (170.1 ms)
[431,   116] grad_stats: [1.72e-03 1.32e-03] (5.04e-04, 3.31e-02)
[431,   232] loss: 8.412903e-02 masks: 22.4 17.1 [wd: 3.83e-01] [lr: 5.54e-05] [mem: 5.65e+03] (170.4 ms)
[431,   232] grad_stats: [2.73e-03 1.66e-03] (4.81e-04, 3.68e-02)
avg. loss 8.41290269e-02
time taken for epoch 0:00:53.059874
Epoch 432
[432,     0] loss: 1.086133e-01 masks: 8.0 20.0 [wd: 3.83e-01] [lr: 5.54e-05] [mem: 5.65e+03] (133.6 ms)
[432,     0] grad_stats: [1.49e-03 2.65e-03] (5.79e-04, 4.02e-02)
[432,   116] loss: 8.379185e-02 masks: 22.4 17.1 [wd: 3.84e-01] [lr: 5.47e-05] [mem: 5.65e+03] (170.3 ms)
[432,   116] grad_stats: [1.45e-03 1.10e-03] (3.81e-04, 2.76e-02)
[432,   232] loss: 8.373166e-02 masks: 22.2 17.1 [wd: 3.84e-01] [lr: 5.39e-05] [mem: 5.65e+03] (170.1 ms)
[432,   232] grad_stats: [1.23e-03 1.47e-03] (5.01e-04, 2.85e-02)
avg. loss 8.37316555e-02
time taken for epoch 0:00:53.020765
Epoch 433
[433,     0] loss: 7.175559e-02 masks: 25.0 16.0 [wd: 3.84e-01] [lr: 5.39e-05] [mem: 5.65e+03] (174.1 ms)
[433,     0] grad_stats: [1.21e-03 9.80e-04] (4.28e-04, 3.74e-02)
[433,   116] loss: 8.610163e-02 masks: 21.0 17.5 [wd: 3.84e-01] [lr: 5.31e-05] [mem: 5.65e+03] (166.7 ms)
[433,   116] grad_stats: [2.94e-03 1.18e-03] (4.19e-04, 3.22e-02)
[433,   232] loss: 8.536923e-02 masks: 21.5 17.3 [wd: 3.84e-01] [lr: 5.24e-05] [mem: 5.65e+03] (168.4 ms)
[433,   232] grad_stats: [2.02e-03 8.88e-04] (3.37e-04, 3.86e-02)
avg. loss 8.53692308e-02
time taken for epoch 0:00:52.619874
Epoch 434
[434,     0] loss: 8.115864e-02 masks: 23.0 16.0 [wd: 3.84e-01] [lr: 5.24e-05] [mem: 5.65e+03] (167.6 ms)
[434,     0] grad_stats: [1.81e-03 1.19e-03] (4.18e-04, 3.80e-02)
[434,   116] loss: 8.411267e-02 masks: 22.2 17.3 [wd: 3.85e-01] [lr: 5.16e-05] [mem: 5.65e+03] (169.7 ms)
[434,   116] grad_stats: [1.98e-03 1.03e-03] (3.85e-04, 3.51e-02)
[434,   232] loss: 8.428605e-02 masks: 22.2 17.2 [wd: 3.85e-01] [lr: 5.09e-05] [mem: 5.65e+03] (169.9 ms)
[434,   232] grad_stats: [3.20e-03 1.43e-03] (5.20e-04, 4.26e-02)
avg. loss 8.42860533e-02
time taken for epoch 0:00:52.979308
Epoch 435
[435,     0] loss: 9.210850e-02 masks: 23.0 16.0 [wd: 3.85e-01] [lr: 5.09e-05] [mem: 5.65e+03] (168.8 ms)
[435,     0] grad_stats: [1.44e-03 1.34e-03] (4.54e-04, 2.59e-02)
[435,   116] loss: 8.421184e-02 masks: 21.8 17.3 [wd: 3.85e-01] [lr: 5.01e-05] [mem: 5.65e+03] (168.6 ms)
[435,   116] grad_stats: [2.95e-03 2.48e-03] (6.28e-04, 4.09e-02)
[435,   232] loss: 8.428879e-02 masks: 22.1 17.2 [wd: 3.85e-01] [lr: 4.94e-05] [mem: 5.65e+03] (169.8 ms)
[435,   232] grad_stats: [2.33e-03 9.32e-04] (3.22e-04, 1.65e-02)
avg. loss 8.42887943e-02
time taken for epoch 0:00:52.957593
Epoch 436
[436,     0] loss: 9.074073e-02 masks: 20.0 20.0 [wd: 3.85e-01] [lr: 4.94e-05] [mem: 5.65e+03] (165.8 ms)
[436,     0] grad_stats: [2.19e-03 1.40e-03] (4.42e-04, 2.88e-02)
[436,   116] loss: 8.342680e-02 masks: 22.9 16.9 [wd: 3.85e-01] [lr: 4.87e-05] [mem: 5.65e+03] (171.4 ms)
[436,   116] grad_stats: [1.69e-03 1.23e-03] (4.27e-04, 3.72e-02)
[436,   232] loss: 8.442209e-02 masks: 22.2 17.2 [wd: 3.86e-01] [lr: 4.80e-05] [mem: 5.65e+03] (170.1 ms)
[436,   232] grad_stats: [1.21e-03 1.28e-03] (4.83e-04, 2.21e-02)
avg. loss 8.44220871e-02
time taken for epoch 0:00:53.062444
Epoch 437
[437,     0] loss: 6.702984e-02 masks: 33.0 12.0 [wd: 3.86e-01] [lr: 4.80e-05] [mem: 5.65e+03] (192.6 ms)
[437,     0] grad_stats: [9.16e-04 6.70e-04] (3.00e-04, 1.60e-02)
[437,   116] loss: 8.366318e-02 masks: 22.5 17.1 [wd: 3.86e-01] [lr: 4.72e-05] [mem: 5.65e+03] (170.5 ms)
[437,   116] grad_stats: [9.15e-04 9.92e-04] (3.66e-04, 3.78e-02)
[437,   232] loss: 8.419223e-02 masks: 22.2 17.2 [wd: 3.86e-01] [lr: 4.65e-05] [mem: 5.65e+03] (170.1 ms)
[437,   232] grad_stats: [2.15e-03 1.15e-03] (3.70e-04, 2.10e-02)
avg. loss 8.41922278e-02
time taken for epoch 0:00:52.913272
Epoch 438
[438,     0] loss: 7.243778e-02 masks: 25.0 16.0 [wd: 3.86e-01] [lr: 4.65e-05] [mem: 5.65e+03] (174.8 ms)
[438,     0] grad_stats: [1.02e-03 1.06e-03] (4.17e-04, 2.08e-02)
[438,   116] loss: 8.465788e-02 masks: 21.9 17.4 [wd: 3.86e-01] [lr: 4.58e-05] [mem: 5.65e+03] (169.0 ms)
[438,   116] grad_stats: [1.68e-03 1.49e-03] (4.80e-04, 3.10e-02)
[438,   232] loss: 8.511119e-02 masks: 21.7 17.4 [wd: 3.87e-01] [lr: 4.51e-05] [mem: 5.65e+03] (169.0 ms)
[438,   232] grad_stats: [3.33e-03 1.29e-03] (4.45e-04, 2.45e-02)
avg. loss 8.51111890e-02
time taken for epoch 0:00:52.798649
Epoch 439
[439,     0] loss: 7.728125e-02 masks: 22.0 16.0 [wd: 3.87e-01] [lr: 4.51e-05] [mem: 5.65e+03] (165.7 ms)
[439,     0] grad_stats: [1.49e-03 1.11e-03] (3.92e-04, 2.27e-02)
[439,   116] loss: 8.395759e-02 masks: 21.8 17.4 [wd: 3.87e-01] [lr: 4.44e-05] [mem: 5.65e+03] (168.7 ms)
[439,   116] grad_stats: [3.26e-03 2.00e-03] (6.46e-04, 4.21e-02)
[439,   232] loss: 8.440572e-02 masks: 21.9 17.4 [wd: 3.87e-01] [lr: 4.37e-05] [mem: 5.65e+03] (169.4 ms)
[439,   232] grad_stats: [1.29e-03 1.47e-03] (4.76e-04, 5.07e-02)
avg. loss 8.44057226e-02
time taken for epoch 0:00:52.888544
Epoch 440
[440,     0] loss: 7.587988e-02 masks: 26.0 16.0 [wd: 3.87e-01] [lr: 4.37e-05] [mem: 5.65e+03] (176.8 ms)
[440,     0] grad_stats: [1.82e-03 8.46e-04] (3.44e-04, 3.34e-02)
[440,   116] loss: 8.371488e-02 masks: 22.2 17.4 [wd: 3.87e-01] [lr: 4.30e-05] [mem: 5.65e+03] (169.9 ms)
[440,   116] grad_stats: [1.38e-03 8.64e-04] (3.84e-04, 1.53e-02)
[440,   232] loss: 8.439445e-02 masks: 22.0 17.4 [wd: 3.87e-01] [lr: 4.24e-05] [mem: 5.65e+03] (169.6 ms)
[440,   232] grad_stats: [1.49e-03 1.11e-03] (4.37e-04, 3.17e-02)
avg. loss 8.43944540e-02
time taken for epoch 0:00:52.975170
Epoch 441
[441,     0] loss: 7.911161e-02 masks: 25.0 16.0 [wd: 3.87e-01] [lr: 4.23e-05] [mem: 5.65e+03] (172.6 ms)
[441,     0] grad_stats: [1.32e-03 1.10e-03] (4.20e-04, 2.90e-02)
[441,   116] loss: 8.359324e-02 masks: 22.2 17.2 [wd: 3.88e-01] [lr: 4.17e-05] [mem: 5.65e+03] (169.6 ms)
[441,   116] grad_stats: [1.95e-03 9.26e-04] (3.78e-04, 2.47e-02)
[441,   232] loss: 8.445120e-02 masks: 22.1 17.3 [wd: 3.88e-01] [lr: 4.10e-05] [mem: 5.65e+03] (169.8 ms)
[441,   232] grad_stats: [2.24e-03 1.01e-03] (3.62e-04, 4.70e-02)
avg. loss 8.44512000e-02
time taken for epoch 0:00:53.038517
Epoch 442
[442,     0] loss: 9.504982e-02 masks: 18.0 20.0 [wd: 3.88e-01] [lr: 4.10e-05] [mem: 5.65e+03] (160.3 ms)
[442,     0] grad_stats: [1.13e-03 1.35e-03] (4.86e-04, 3.22e-02)
[442,   116] loss: 8.513724e-02 masks: 21.7 17.4 [wd: 3.88e-01] [lr: 4.03e-05] [mem: 5.65e+03] (168.3 ms)
[442,   116] grad_stats: [9.80e-04 1.41e-03] (5.06e-04, 4.12e-02)
[442,   232] loss: 8.499957e-02 masks: 21.7 17.4 [wd: 3.88e-01] [lr: 3.97e-05] [mem: 5.65e+03] (168.8 ms)
[442,   232] grad_stats: [1.91e-03 1.53e-03] (4.43e-04, 5.54e-02)
avg. loss 8.49995705e-02
time taken for epoch 0:00:52.534482
Epoch 443
[443,     0] loss: 9.505642e-02 masks: 17.0 16.0 [wd: 3.88e-01] [lr: 3.97e-05] [mem: 5.65e+03] (153.4 ms)
[443,     0] grad_stats: [2.58e-03 1.48e-03] (4.96e-04, 2.75e-02)
[443,   116] loss: 8.396172e-02 masks: 22.4 17.2 [wd: 3.88e-01] [lr: 3.90e-05] [mem: 5.65e+03] (170.1 ms)
[443,   116] grad_stats: [2.10e-03 1.21e-03] (4.47e-04, 2.24e-02)
[443,   232] loss: 8.493909e-02 masks: 21.7 17.3 [wd: 3.89e-01] [lr: 3.84e-05] [mem: 5.65e+03] (168.7 ms)
[443,   232] grad_stats: [1.45e-03 1.58e-03] (4.82e-04, 1.80e-02)
avg. loss 8.49390943e-02
time taken for epoch 0:00:52.760371
Epoch 444
[444,     0] loss: 8.865941e-02 masks: 20.0 20.0 [wd: 3.89e-01] [lr: 3.84e-05] [mem: 5.65e+03] (165.9 ms)
[444,     0] grad_stats: [2.66e-03 1.33e-03] (4.88e-04, 2.01e-02)
[444,   116] loss: 8.546872e-02 masks: 21.3 17.3 [wd: 3.89e-01] [lr: 3.77e-05] [mem: 5.65e+03] (167.3 ms)
[444,   116] grad_stats: [1.45e-03 1.59e-03] (5.73e-04, 2.46e-02)
[444,   232] loss: 8.527660e-02 masks: 21.6 17.3 [wd: 3.89e-01] [lr: 3.71e-05] [mem: 5.65e+03] (168.5 ms)
[444,   232] grad_stats: [1.43e-03 1.10e-03] (4.54e-04, 2.64e-02)
avg. loss 8.52766004e-02
time taken for epoch 0:00:52.657949
Epoch 445
[445,     0] loss: 8.586439e-02 masks: 20.0 20.0 [wd: 3.89e-01] [lr: 3.71e-05] [mem: 5.65e+03] (165.2 ms)
[445,     0] grad_stats: [1.73e-03 1.30e-03] (4.53e-04, 3.78e-02)
[445,   116] loss: 8.527002e-02 masks: 21.6 17.3 [wd: 3.89e-01] [lr: 3.65e-05] [mem: 5.65e+03] (168.1 ms)
[445,   116] grad_stats: [1.48e-03 1.39e-03] (4.59e-04, 2.23e-02)
[445,   232] loss: 8.532543e-02 masks: 21.3 17.4 [wd: 3.89e-01] [lr: 3.58e-05] [mem: 5.65e+03] (167.7 ms)
[445,   232] grad_stats: [1.91e-03 1.55e-03] (5.88e-04, 2.62e-02)
avg. loss 8.53254287e-02
time taken for epoch 0:00:52.522154
Epoch 446
[446,     0] loss: 7.902857e-02 masks: 20.0 20.0 [wd: 3.89e-01] [lr: 3.58e-05] [mem: 5.65e+03] (165.7 ms)
[446,     0] grad_stats: [3.34e-03 1.16e-03] (5.02e-04, 4.35e-02)
[446,   116] loss: 8.521501e-02 masks: 21.8 17.7 [wd: 3.90e-01] [lr: 3.52e-05] [mem: 5.65e+03] (169.2 ms)
[446,   116] grad_stats: [2.54e-03 1.16e-03] (4.53e-04, 2.58e-02)
[446,   232] loss: 8.486871e-02 masks: 21.6 17.7 [wd: 3.90e-01] [lr: 3.46e-05] [mem: 5.65e+03] (168.9 ms)
[446,   232] grad_stats: [1.35e-03 1.59e-03] (5.08e-04, 3.42e-02)
avg. loss 8.48687102e-02
time taken for epoch 0:00:52.741593
Epoch 447
[447,     0] loss: 8.645505e-02 masks: 17.0 20.0 [wd: 3.90e-01] [lr: 3.46e-05] [mem: 5.65e+03] (157.1 ms)
[447,     0] grad_stats: [1.47e-03 1.45e-03] (4.76e-04, 2.40e-02)
[447,   116] loss: 8.494586e-02 masks: 22.1 17.3 [wd: 3.90e-01] [lr: 3.40e-05] [mem: 5.65e+03] (169.3 ms)
[447,   116] grad_stats: [1.55e-03 1.23e-03] (4.51e-04, 4.13e-02)
[447,   232] loss: 8.498558e-02 masks: 21.8 17.5 [wd: 3.90e-01] [lr: 3.34e-05] [mem: 5.65e+03] (169.3 ms)
[447,   232] grad_stats: [2.61e-03 1.98e-03] (6.08e-04, 3.19e-02)
avg. loss 8.49855809e-02
time taken for epoch 0:00:52.709941
Epoch 448
[448,     0] loss: 8.749940e-02 masks: 19.0 20.0 [wd: 3.90e-01] [lr: 3.34e-05] [mem: 5.65e+03] (163.8 ms)
[448,     0] grad_stats: [2.41e-03 1.56e-03] (6.02e-04, 2.43e-02)
[448,   116] loss: 8.358022e-02 masks: 22.3 17.3 [wd: 3.90e-01] [lr: 3.28e-05] [mem: 5.65e+03] (170.1 ms)
[448,   116] grad_stats: [1.08e-03 1.15e-03] (4.33e-04, 2.78e-02)
[448,   232] loss: 8.370814e-02 masks: 22.6 17.1 [wd: 3.90e-01] [lr: 3.22e-05] [mem: 5.65e+03] (171.2 ms)
[448,   232] grad_stats: [2.31e-03 1.21e-03] (5.32e-04, 4.47e-02)
avg. loss 8.37081356e-02
time taken for epoch 0:00:53.332826
Epoch 449
[449,     0] loss: 8.129145e-02 masks: 19.0 20.0 [wd: 3.90e-01] [lr: 3.22e-05] [mem: 5.65e+03] (163.4 ms)
[449,     0] grad_stats: [1.87e-03 1.29e-03] (4.45e-04, 2.51e-02)
[449,   116] loss: 8.344765e-02 masks: 23.1 16.9 [wd: 3.91e-01] [lr: 3.16e-05] [mem: 5.65e+03] (171.7 ms)
[449,   116] grad_stats: [1.07e-03 8.55e-04] (3.51e-04, 4.09e-02)
[449,   232] loss: 8.440073e-02 masks: 22.4 17.2 [wd: 3.91e-01] [lr: 3.10e-05] [mem: 5.65e+03] (170.6 ms)
[449,   232] grad_stats: [1.85e-03 1.24e-03] (4.09e-04, 1.78e-02)
avg. loss 8.44007279e-02
time taken for epoch 0:00:53.206735
Epoch 450
[450,     0] loss: 9.788176e-02 masks: 18.0 20.0 [wd: 3.91e-01] [lr: 3.10e-05] [mem: 5.65e+03] (160.8 ms)
[450,     0] grad_stats: [2.27e-03 1.45e-03] (5.13e-04, 5.17e-02)
[450,   116] loss: 8.451852e-02 masks: 22.1 17.2 [wd: 3.91e-01] [lr: 3.04e-05] [mem: 5.65e+03] (169.1 ms)
[450,   116] grad_stats: [1.93e-03 1.57e-03] (5.72e-04, 2.31e-02)
[450,   232] loss: 8.432175e-02 masks: 22.1 17.2 [wd: 3.91e-01] [lr: 2.98e-05] [mem: 5.65e+03] (169.8 ms)
[450,   232] grad_stats: [1.43e-03 1.36e-03] (4.73e-04, 2.94e-02)
avg. loss 8.43217509e-02
time taken for epoch 0:00:52.963477
Epoch 451
[451,     0] loss: 6.679417e-02 masks: 33.0 12.0 [wd: 3.91e-01] [lr: 2.98e-05] [mem: 5.65e+03] (190.3 ms)
[451,     0] grad_stats: [1.85e-03 1.13e-03] (4.29e-04, 5.51e-02)
[451,   116] loss: 8.373314e-02 masks: 22.8 17.0 [wd: 3.91e-01] [lr: 2.93e-05] [mem: 5.65e+03] (171.0 ms)
[451,   116] grad_stats: [1.22e-03 1.33e-03] (5.13e-04, 2.29e-02)
[451,   232] loss: 8.459570e-02 masks: 22.3 17.2 [wd: 3.92e-01] [lr: 2.87e-05] [mem: 5.65e+03] (170.3 ms)
[451,   232] grad_stats: [8.02e-04 1.19e-03] (4.80e-04, 2.27e-02)
avg. loss 8.45957025e-02
time taken for epoch 0:00:53.045687
Epoch 452
[452,     0] loss: 8.123014e-02 masks: 24.0 16.0 [wd: 3.92e-01] [lr: 2.87e-05] [mem: 5.65e+03] (172.4 ms)
[452,     0] grad_stats: [1.73e-03 1.41e-03] (5.16e-04, 3.26e-02)
[452,   116] loss: 8.478639e-02 masks: 21.6 17.3 [wd: 3.92e-01] [lr: 2.81e-05] [mem: 5.65e+03] (167.8 ms)
[452,   116] grad_stats: [8.86e-04 1.28e-03] (4.34e-04, 2.10e-02)
[452,   232] loss: 8.412257e-02 masks: 22.3 17.1 [wd: 3.92e-01] [lr: 2.76e-05] [mem: 5.65e+03] (170.2 ms)
[452,   232] grad_stats: [1.45e-03 1.85e-03] (5.22e-04, 2.67e-02)
avg. loss 8.41225656e-02
time taken for epoch 0:00:53.020245
Epoch 453
[453,     0] loss: 8.756761e-02 masks: 17.0 20.0 [wd: 3.92e-01] [lr: 2.76e-05] [mem: 5.65e+03] (157.6 ms)
[453,     0] grad_stats: [1.76e-03 1.26e-03] (5.21e-04, 3.08e-02)
[453,   116] loss: 8.522673e-02 masks: 21.4 17.5 [wd: 3.92e-01] [lr: 2.71e-05] [mem: 5.65e+03] (167.9 ms)
[453,   116] grad_stats: [2.44e-03 1.03e-03] (4.47e-04, 3.50e-02)
[453,   232] loss: 8.513627e-02 masks: 21.3 17.4 [wd: 3.92e-01] [lr: 2.65e-05] [mem: 5.65e+03] (167.8 ms)
[453,   232] grad_stats: [1.99e-03 1.07e-03] (4.39e-04, 5.28e-02)
avg. loss 8.51362662e-02
time taken for epoch 0:00:52.531432
Epoch 454
[454,     0] loss: 8.968562e-02 masks: 17.0 16.0 [wd: 3.92e-01] [lr: 2.65e-05] [mem: 5.65e+03] (152.5 ms)
[454,     0] grad_stats: [1.74e-03 1.33e-03] (5.40e-04, 5.35e-02)
[454,   116] loss: 8.546006e-02 masks: 21.2 17.6 [wd: 3.92e-01] [lr: 2.60e-05] [mem: 5.65e+03] (167.2 ms)
[454,   116] grad_stats: [1.99e-03 1.75e-03] (5.63e-04, 3.21e-02)
[454,   232] loss: 8.524686e-02 masks: 21.4 17.4 [wd: 3.93e-01] [lr: 2.54e-05] [mem: 5.65e+03] (167.9 ms)
[454,   232] grad_stats: [1.80e-03 1.39e-03] (5.39e-04, 3.83e-02)
avg. loss 8.52468628e-02
time taken for epoch 0:00:52.512026
Epoch 455
[455,     0] loss: 8.420864e-02 masks: 17.0 16.0 [wd: 3.93e-01] [lr: 2.54e-05] [mem: 5.65e+03] (150.6 ms)
[455,     0] grad_stats: [1.93e-03 1.56e-03] (5.43e-04, 3.35e-02)
[455,   116] loss: 8.465391e-02 masks: 22.0 17.2 [wd: 3.93e-01] [lr: 2.49e-05] [mem: 5.65e+03] (168.9 ms)
[455,   116] grad_stats: [1.44e-03 1.48e-03] (5.70e-04, 2.53e-02)
[455,   232] loss: 8.477718e-02 masks: 22.0 17.3 [wd: 3.93e-01] [lr: 2.44e-05] [mem: 5.65e+03] (169.5 ms)
[455,   232] grad_stats: [1.94e-03 1.45e-03] (5.35e-04, 3.32e-02)
avg. loss 8.47771835e-02
time taken for epoch 0:00:52.917395
Epoch 456
[456,     0] loss: 6.728677e-02 masks: 37.0 12.0 [wd: 3.93e-01] [lr: 2.44e-05] [mem: 5.65e+03] (203.1 ms)
[456,     0] grad_stats: [1.28e-03 1.01e-03] (4.50e-04, 2.75e-02)
[456,   116] loss: 8.431921e-02 masks: 22.3 17.2 [wd: 3.93e-01] [lr: 2.39e-05] [mem: 5.65e+03] (170.0 ms)
[456,   116] grad_stats: [1.80e-03 9.18e-04] (3.92e-04, 5.39e-02)
[456,   232] loss: 8.453802e-02 masks: 22.2 17.2 [wd: 3.93e-01] [lr: 2.34e-05] [mem: 5.65e+03] (170.0 ms)
[456,   232] grad_stats: [1.54e-03 1.53e-03] (5.03e-04, 3.79e-02)
avg. loss 8.45380184e-02
time taken for epoch 0:00:53.067660
Epoch 457
[457,     0] loss: 8.144964e-02 masks: 22.0 20.0 [wd: 3.93e-01] [lr: 2.34e-05] [mem: 5.65e+03] (171.6 ms)
[457,     0] grad_stats: [1.75e-03 1.05e-03] (4.50e-04, 3.20e-02)
[457,   116] loss: 8.479644e-02 masks: 22.0 17.2 [wd: 3.93e-01] [lr: 2.29e-05] [mem: 5.65e+03] (168.8 ms)
[457,   116] grad_stats: [3.31e-03 1.25e-03] (4.80e-04, 3.58e-02)
[457,   232] loss: 8.507770e-02 masks: 21.6 17.5 [wd: 3.93e-01] [lr: 2.24e-05] [mem: 5.65e+03] (168.7 ms)
[457,   232] grad_stats: [1.64e-03 1.02e-03] (4.65e-04, 2.74e-02)
avg. loss 8.50776993e-02
time taken for epoch 0:00:52.678514
Epoch 458
[458,     0] loss: 7.337146e-02 masks: 26.0 16.0 [wd: 3.93e-01] [lr: 2.24e-05] [mem: 5.65e+03] (177.9 ms)
[458,     0] grad_stats: [3.08e-03 1.05e-03] (4.37e-04, 2.60e-02)
[458,   116] loss: 8.562654e-02 masks: 21.7 17.5 [wd: 3.94e-01] [lr: 2.19e-05] [mem: 5.65e+03] (168.6 ms)
[458,   116] grad_stats: [4.98e-03 2.20e-03] (6.85e-04, 2.97e-02)
[458,   232] loss: 8.462039e-02 masks: 22.1 17.2 [wd: 3.94e-01] [lr: 2.14e-05] [mem: 5.65e+03] (169.8 ms)
[458,   232] grad_stats: [1.33e-03 1.15e-03] (4.93e-04, 4.74e-02)
avg. loss 8.46203895e-02
time taken for epoch 0:00:52.965241
Epoch 459
[459,     0] loss: 9.665387e-02 masks: 16.0 20.0 [wd: 3.94e-01] [lr: 2.14e-05] [mem: 5.65e+03] (154.8 ms)
[459,     0] grad_stats: [1.40e-03 1.73e-03] (6.10e-04, 3.75e-02)
[459,   116] loss: 8.531411e-02 masks: 21.7 17.4 [wd: 3.94e-01] [lr: 2.09e-05] [mem: 5.65e+03] (168.3 ms)
[459,   116] grad_stats: [3.65e-03 1.83e-03] (5.18e-04, 2.95e-02)
[459,   232] loss: 8.514150e-02 masks: 21.9 17.4 [wd: 3.94e-01] [lr: 2.05e-05] [mem: 5.65e+03] (169.2 ms)
[459,   232] grad_stats: [1.73e-03 1.14e-03] (4.28e-04, 2.13e-02)
avg. loss 8.51414999e-02
time taken for epoch 0:00:52.785723
Epoch 460
[460,     0] loss: 8.439784e-02 masks: 22.0 16.0 [wd: 3.94e-01] [lr: 2.05e-05] [mem: 5.65e+03] (166.0 ms)
[460,     0] grad_stats: [1.40e-03 1.39e-03] (4.81e-04, 2.18e-02)
[460,   116] loss: 8.389928e-02 masks: 22.3 17.0 [wd: 3.94e-01] [lr: 2.00e-05] [mem: 5.65e+03] (169.7 ms)
[460,   116] grad_stats: [1.33e-03 1.17e-03] (4.60e-04, 3.32e-02)
[460,   232] loss: 8.435512e-02 masks: 22.0 17.3 [wd: 3.94e-01] [lr: 1.95e-05] [mem: 5.65e+03] (169.6 ms)
[460,   232] grad_stats: [1.11e-03 9.65e-04] (3.88e-04, 2.78e-02)
avg. loss 8.43551177e-02
time taken for epoch 0:00:52.888427
Epoch 461
[461,     0] loss: 7.009471e-02 masks: 35.0 12.0 [wd: 3.94e-01] [lr: 1.95e-05] [mem: 5.65e+03] (195.2 ms)
[461,     0] grad_stats: [9.34e-04 8.50e-04] (3.57e-04, 3.89e-02)
[461,   116] loss: 8.503125e-02 masks: 21.4 17.4 [wd: 3.94e-01] [lr: 1.91e-05] [mem: 5.65e+03] (167.5 ms)
[461,   116] grad_stats: [1.90e-03 2.03e-03] (6.69e-04, 5.99e-02)
[461,   232] loss: 8.452367e-02 masks: 21.9 17.2 [wd: 3.95e-01] [lr: 1.86e-05] [mem: 5.65e+03] (169.2 ms)
[461,   232] grad_stats: [2.73e-03 1.34e-03] (5.36e-04, 3.98e-02)
avg. loss 8.45236686e-02
time taken for epoch 0:00:52.638424
Epoch 462
[462,     0] loss: 8.391859e-02 masks: 21.0 16.0 [wd: 3.95e-01] [lr: 1.86e-05] [mem: 5.65e+03] (163.6 ms)
[462,     0] grad_stats: [1.15e-03 1.11e-03] (4.63e-04, 2.15e-02)
[462,   116] loss: 8.414744e-02 masks: 22.5 17.3 [wd: 3.95e-01] [lr: 1.82e-05] [mem: 5.65e+03] (170.6 ms)
[462,   116] grad_stats: [1.36e-03 1.16e-03] (4.22e-04, 2.95e-02)
[462,   232] loss: 8.428948e-02 masks: 22.3 17.1 [wd: 3.95e-01] [lr: 1.77e-05] [mem: 5.65e+03] (170.0 ms)
[462,   232] grad_stats: [1.28e-03 1.44e-03] (5.60e-04, 2.97e-02)
avg. loss 8.42894828e-02
time taken for epoch 0:00:53.105699
Epoch 463
[463,     0] loss: 8.421604e-02 masks: 21.0 16.0 [wd: 3.95e-01] [lr: 1.77e-05] [mem: 5.65e+03] (163.6 ms)
[463,     0] grad_stats: [9.43e-04 1.89e-03] (5.05e-04, 2.94e-02)
[463,   116] loss: 8.476863e-02 masks: 21.8 17.2 [wd: 3.95e-01] [lr: 1.73e-05] [mem: 5.65e+03] (168.5 ms)
[463,   116] grad_stats: [3.37e-03 1.44e-03] (5.38e-04, 2.91e-02)
[463,   232] loss: 8.479505e-02 masks: 21.9 17.2 [wd: 3.95e-01] [lr: 1.69e-05] [mem: 5.65e+03] (169.2 ms)
[463,   232] grad_stats: [1.76e-03 1.20e-03] (4.52e-04, 2.77e-02)
avg. loss 8.47950480e-02
time taken for epoch 0:00:52.833607
Epoch 464
[464,     0] loss: 8.356780e-02 masks: 19.0 20.0 [wd: 3.95e-01] [lr: 1.69e-05] [mem: 5.65e+03] (164.2 ms)
[464,     0] grad_stats: [1.82e-03 1.47e-03] (5.66e-04, 2.76e-02)
[464,   116] loss: 8.338657e-02 masks: 22.9 17.0 [wd: 3.95e-01] [lr: 1.64e-05] [mem: 5.65e+03] (171.2 ms)
[464,   116] grad_stats: [2.31e-03 1.69e-03] (6.45e-04, 3.68e-02)
[464,   232] loss: 8.422770e-02 masks: 22.4 17.1 [wd: 3.95e-01] [lr: 1.60e-05] [mem: 5.65e+03] (170.4 ms)
[464,   232] grad_stats: [1.28e-03 1.47e-03] (6.25e-04, 3.62e-02)
avg. loss 8.42277009e-02
time taken for epoch 0:00:53.172471
Epoch 465
[465,     0] loss: 7.552392e-02 masks: 26.0 16.0 [wd: 3.95e-01] [lr: 1.60e-05] [mem: 5.65e+03] (179.2 ms)
[465,     0] grad_stats: [1.19e-03 1.25e-03] (4.60e-04, 3.89e-02)
[465,   116] loss: 8.518344e-02 masks: 21.3 17.6 [wd: 3.96e-01] [lr: 1.56e-05] [mem: 5.65e+03] (167.6 ms)
[465,   116] grad_stats: [1.20e-03 1.19e-03] (4.81e-04, 2.43e-02)
[465,   232] loss: 8.515980e-02 masks: 21.5 17.5 [wd: 3.96e-01] [lr: 1.52e-05] [mem: 5.65e+03] (168.6 ms)
[465,   232] grad_stats: [8.03e-04 1.04e-03] (4.75e-04, 1.91e-02)
avg. loss 8.51598005e-02
time taken for epoch 0:00:52.707586
Epoch 466
[466,     0] loss: 8.457201e-02 masks: 24.0 16.0 [wd: 3.96e-01] [lr: 1.52e-05] [mem: 5.65e+03] (171.4 ms)
[466,     0] grad_stats: [4.07e-03 1.52e-03] (5.93e-04, 2.97e-02)
[466,   116] loss: 8.514833e-02 masks: 22.1 17.2 [wd: 3.96e-01] [lr: 1.48e-05] [mem: 5.65e+03] (169.4 ms)
[466,   116] grad_stats: [2.06e-03 9.66e-04] (4.74e-04, 3.53e-02)
[466,   232] loss: 8.534336e-02 masks: 21.7 17.5 [wd: 3.96e-01] [lr: 1.44e-05] [mem: 5.65e+03] (169.0 ms)
[466,   232] grad_stats: [1.58e-03 1.05e-03] (4.73e-04, 1.73e-02)
avg. loss 8.53433574e-02
time taken for epoch 0:00:52.638211
Epoch 467
[467,     0] loss: 6.515768e-02 masks: 35.0 12.0 [wd: 3.96e-01] [lr: 1.44e-05] [mem: 5.65e+03] (196.5 ms)
[467,     0] grad_stats: [1.21e-03 9.96e-04] (4.18e-04, 2.69e-02)
[467,   116] loss: 8.560880e-02 masks: 21.5 17.7 [wd: 3.96e-01] [lr: 1.40e-05] [mem: 5.65e+03] (168.2 ms)
[467,   116] grad_stats: [1.57e-03 1.06e-03] (4.38e-04, 2.47e-02)
[467,   232] loss: 8.465100e-02 masks: 21.9 17.4 [wd: 3.96e-01] [lr: 1.36e-05] [mem: 5.65e+03] (169.4 ms)
[467,   232] grad_stats: [2.67e-03 1.65e-03] (5.65e-04, 5.17e-02)
avg. loss 8.46510015e-02
time taken for epoch 0:00:52.898320
Epoch 468
[468,     0] loss: 8.862722e-02 masks: 18.0 20.0 [wd: 3.96e-01] [lr: 1.36e-05] [mem: 5.65e+03] (160.9 ms)
[468,     0] grad_stats: [1.76e-03 1.45e-03] (5.31e-04, 2.39e-02)
[468,   116] loss: 8.448880e-02 masks: 21.6 17.6 [wd: 3.96e-01] [lr: 1.33e-05] [mem: 5.65e+03] (168.6 ms)
[468,   116] grad_stats: [1.11e-03 1.37e-03] (5.70e-04, 2.03e-02)
[468,   232] loss: 8.390204e-02 masks: 22.2 17.3 [wd: 3.96e-01] [lr: 1.29e-05] [mem: 5.65e+03] (170.0 ms)
[468,   232] grad_stats: [2.11e-03 1.49e-03] (5.55e-04, 5.16e-02)
avg. loss 8.39020418e-02
time taken for epoch 0:00:52.961387
Epoch 469
[469,     0] loss: 9.437786e-02 masks: 20.0 16.0 [wd: 3.96e-01] [lr: 1.29e-05] [mem: 5.65e+03] (160.7 ms)
[469,     0] grad_stats: [1.39e-03 1.65e-03] (6.32e-04, 5.90e-02)
[469,   116] loss: 8.391729e-02 masks: 22.1 17.5 [wd: 3.96e-01] [lr: 1.25e-05] [mem: 5.65e+03] (169.6 ms)
[469,   116] grad_stats: [2.45e-03 2.45e-03] (7.16e-04, 3.58e-02)
[469,   232] loss: 8.438211e-02 masks: 22.0 17.4 [wd: 3.97e-01] [lr: 1.22e-05] [mem: 5.65e+03] (169.7 ms)
[469,   232] grad_stats: [1.06e-03 1.42e-03] (5.12e-04, 3.03e-02)
avg. loss 8.43821065e-02
time taken for epoch 0:00:52.985587
Epoch 470
[470,     0] loss: 8.493627e-02 masks: 20.0 20.0 [wd: 3.97e-01] [lr: 1.21e-05] [mem: 5.65e+03] (165.0 ms)
[470,     0] grad_stats: [4.84e-03 1.48e-03] (5.84e-04, 2.70e-02)
[470,   116] loss: 8.471632e-02 masks: 21.8 17.4 [wd: 3.97e-01] [lr: 1.18e-05] [mem: 5.65e+03] (168.8 ms)
[470,   116] grad_stats: [1.63e-03 1.31e-03] (5.17e-04, 2.35e-02)
[470,   232] loss: 8.468032e-02 masks: 21.6 17.6 [wd: 3.97e-01] [lr: 1.14e-05] [mem: 5.65e+03] (168.9 ms)
[470,   232] grad_stats: [2.85e-03 2.11e-03] (7.23e-04, 2.84e-02)
avg. loss 8.46803180e-02
time taken for epoch 0:00:52.627294
Epoch 471
[471,     0] loss: 9.640778e-02 masks: 19.0 20.0 [wd: 3.97e-01] [lr: 1.14e-05] [mem: 5.65e+03] (164.5 ms)
[471,     0] grad_stats: [1.55e-03 1.56e-03] (6.35e-04, 3.33e-02)
[471,   116] loss: 8.533901e-02 masks: 21.5 17.4 [wd: 3.97e-01] [lr: 1.11e-05] [mem: 5.65e+03] (168.0 ms)
[471,   116] grad_stats: [1.10e-03 9.64e-04] (3.63e-04, 1.97e-02)
[471,   232] loss: 8.479699e-02 masks: 21.6 17.4 [wd: 3.97e-01] [lr: 1.08e-05] [mem: 5.65e+03] (168.6 ms)
[471,   232] grad_stats: [1.51e-03 1.03e-03] (4.51e-04, 3.77e-02)
avg. loss 8.47969922e-02
time taken for epoch 0:00:52.652104
Epoch 472
[472,     0] loss: 9.080673e-02 masks: 21.0 16.0 [wd: 3.97e-01] [lr: 1.08e-05] [mem: 5.65e+03] (163.7 ms)
[472,     0] grad_stats: [1.28e-03 1.62e-03] (6.33e-04, 3.83e-02)
[472,   116] loss: 8.523967e-02 masks: 21.4 17.4 [wd: 3.97e-01] [lr: 1.04e-05] [mem: 5.65e+03] (167.5 ms)
[472,   116] grad_stats: [1.65e-03 1.74e-03] (5.88e-04, 4.06e-02)
[472,   232] loss: 8.459260e-02 masks: 22.0 17.1 [wd: 3.97e-01] [lr: 1.01e-05] [mem: 5.65e+03] (169.3 ms)
[472,   232] grad_stats: [3.67e-03 1.46e-03] (5.64e-04, 2.52e-02)
avg. loss 8.45926041e-02
time taken for epoch 0:00:52.900070
Epoch 473
[473,     0] loss: 7.685000e-02 masks: 27.0 16.0 [wd: 3.97e-01] [lr: 1.01e-05] [mem: 5.65e+03] (180.7 ms)
[473,     0] grad_stats: [1.40e-03 1.13e-03] (4.53e-04, 3.34e-02)
[473,   116] loss: 8.489887e-02 masks: 21.6 17.5 [wd: 3.97e-01] [lr: 9.78e-06] [mem: 5.65e+03] (168.3 ms)
[473,   116] grad_stats: [2.67e-03 1.79e-03] (6.57e-04, 3.57e-02)
[473,   232] loss: 8.503779e-02 masks: 21.8 17.4 [wd: 3.97e-01] [lr: 9.47e-06] [mem: 5.65e+03] (169.1 ms)
[473,   232] grad_stats: [1.52e-03 9.89e-04] (4.60e-04, 3.10e-02)
avg. loss 8.50377875e-02
time taken for epoch 0:00:52.847795
Epoch 474
[474,     0] loss: 8.008830e-02 masks: 19.0 20.0 [wd: 3.97e-01] [lr: 9.47e-06] [mem: 5.65e+03] (164.2 ms)
[474,     0] grad_stats: [2.69e-03 1.92e-03] (7.07e-04, 5.63e-02)
[474,   116] loss: 8.470502e-02 masks: 21.6 17.3 [wd: 3.98e-01] [lr: 9.16e-06] [mem: 5.65e+03] (168.2 ms)
[474,   116] grad_stats: [2.67e-03 1.22e-03] (4.96e-04, 3.13e-02)
[474,   232] loss: 8.396579e-02 masks: 22.2 17.1 [wd: 3.98e-01] [lr: 8.85e-06] [mem: 5.65e+03] (169.8 ms)
[474,   232] grad_stats: [1.15e-03 9.36e-04] (4.53e-04, 3.08e-02)
avg. loss 8.39657928e-02
time taken for epoch 0:00:52.984299
Epoch 475
[475,     0] loss: 8.173243e-02 masks: 30.0 16.0 [wd: 3.98e-01] [lr: 8.85e-06] [mem: 5.65e+03] (188.0 ms)
[475,     0] grad_stats: [1.35e-03 1.49e-03] (5.07e-04, 2.87e-02)
[475,   116] loss: 8.494745e-02 masks: 21.6 17.0 [wd: 3.98e-01] [lr: 8.55e-06] [mem: 5.65e+03] (167.8 ms)
[475,   116] grad_stats: [2.84e-03 1.73e-03] (6.27e-04, 2.76e-02)
[475,   232] loss: 8.489961e-02 masks: 21.7 17.3 [wd: 3.98e-01] [lr: 8.26e-06] [mem: 5.65e+03] (168.7 ms)
[475,   232] grad_stats: [1.60e-03 1.68e-03] (5.37e-04, 2.65e-02)
avg. loss 8.48996112e-02
time taken for epoch 0:00:52.711348
Epoch 476
[476,     0] loss: 8.478810e-02 masks: 20.0 16.0 [wd: 3.98e-01] [lr: 8.26e-06] [mem: 5.65e+03] (162.5 ms)
[476,     0] grad_stats: [1.84e-03 1.84e-03] (6.09e-04, 4.04e-02)
[476,   116] loss: 8.342088e-02 masks: 22.3 17.0 [wd: 3.98e-01] [lr: 7.97e-06] [mem: 5.65e+03] (169.6 ms)
[476,   116] grad_stats: [4.40e-03 1.87e-03] (6.51e-04, 4.49e-02)
[476,   232] loss: 8.427972e-02 masks: 22.2 17.0 [wd: 3.98e-01] [lr: 7.69e-06] [mem: 5.65e+03] (169.7 ms)
[476,   232] grad_stats: [8.75e-04 9.41e-04] (4.18e-04, 1.54e-02)
avg. loss 8.42797208e-02
time taken for epoch 0:00:52.940172
Epoch 477
[477,     0] loss: 9.306838e-02 masks: 17.0 16.0 [wd: 3.98e-01] [lr: 7.69e-06] [mem: 5.65e+03] (152.5 ms)
[477,     0] grad_stats: [3.27e-03 1.75e-03] (5.73e-04, 3.98e-02)
[477,   116] loss: 8.429574e-02 masks: 21.9 17.3 [wd: 3.98e-01] [lr: 7.42e-06] [mem: 5.65e+03] (169.1 ms)
[477,   116] grad_stats: [1.37e-03 2.31e-03] (7.14e-04, 3.40e-02)
[477,   232] loss: 8.439990e-02 masks: 21.8 17.4 [wd: 3.98e-01] [lr: 7.15e-06] [mem: 5.65e+03] (169.3 ms)
[477,   232] grad_stats: [1.06e-03 1.43e-03] (5.78e-04, 2.46e-02)
avg. loss 8.43998975e-02
time taken for epoch 0:00:52.827021
Epoch 478
[478,     0] loss: 7.717965e-02 masks: 24.0 16.0 [wd: 3.98e-01] [lr: 7.15e-06] [mem: 5.65e+03] (171.8 ms)
[478,     0] grad_stats: [1.93e-03 1.48e-03] (6.61e-04, 6.39e-02)
[478,   116] loss: 8.371741e-02 masks: 22.4 16.9 [wd: 3.98e-01] [lr: 6.88e-06] [mem: 5.65e+03] (169.8 ms)
[478,   116] grad_stats: [3.63e-03 1.45e-03] (5.22e-04, 3.02e-02)
[478,   232] loss: 8.402574e-02 masks: 22.1 17.1 [wd: 3.98e-01] [lr: 6.63e-06] [mem: 5.65e+03] (169.7 ms)
[478,   232] grad_stats: [2.85e-03 1.07e-03] (4.64e-04, 3.47e-02)
avg. loss 8.40257425e-02
time taken for epoch 0:00:52.921803
Epoch 479
[479,     0] loss: 8.450523e-02 masks: 23.0 16.0 [wd: 3.98e-01] [lr: 6.63e-06] [mem: 5.65e+03] (168.5 ms)
[479,     0] grad_stats: [1.47e-03 1.44e-03] (5.54e-04, 2.66e-02)
[479,   116] loss: 8.426133e-02 masks: 21.8 17.5 [wd: 3.98e-01] [lr: 6.37e-06] [mem: 5.65e+03] (169.1 ms)
[479,   116] grad_stats: [1.53e-03 1.60e-03] (5.98e-04, 2.48e-02)
[479,   232] loss: 8.374508e-02 masks: 22.3 17.3 [wd: 3.98e-01] [lr: 6.13e-06] [mem: 5.65e+03] (170.5 ms)
[479,   232] grad_stats: [1.49e-03 1.30e-03] (4.23e-04, 2.13e-02)
avg. loss 8.37450797e-02
time taken for epoch 0:00:53.083619
Epoch 480
[480,     0] loss: 8.833489e-02 masks: 25.0 16.0 [wd: 3.98e-01] [lr: 6.13e-06] [mem: 5.65e+03] (174.4 ms)
[480,     0] grad_stats: [1.57e-03 1.59e-03] (6.50e-04, 4.06e-02)
[480,   116] loss: 8.495632e-02 masks: 21.7 17.2 [wd: 3.99e-01] [lr: 5.89e-06] [mem: 5.65e+03] (168.1 ms)
[480,   116] grad_stats: [2.38e-03 1.50e-03] (6.07e-04, 2.99e-02)
[480,   232] loss: 8.499764e-02 masks: 21.5 17.4 [wd: 3.99e-01] [lr: 5.65e-06] [mem: 5.65e+03] (168.4 ms)
[480,   232] grad_stats: [1.05e-03 1.71e-03] (5.27e-04, 2.51e-02)
avg. loss 8.49976351e-02
time taken for epoch 0:00:52.481774
Epoch 481
[481,     0] loss: 8.403105e-02 masks: 25.0 16.0 [wd: 3.99e-01] [lr: 5.65e-06] [mem: 5.65e+03] (174.5 ms)
[481,     0] grad_stats: [3.34e-03 1.52e-03] (6.65e-04, 3.64e-02)
[481,   116] loss: 8.552441e-02 masks: 21.1 17.5 [wd: 3.99e-01] [lr: 5.42e-06] [mem: 5.65e+03] (167.0 ms)
[481,   116] grad_stats: [2.01e-03 2.07e-03] (8.39e-04, 4.83e-02)
[481,   232] loss: 8.481746e-02 masks: 21.6 17.4 [wd: 3.99e-01] [lr: 5.20e-06] [mem: 5.65e+03] (168.6 ms)
[481,   232] grad_stats: [2.19e-03 1.80e-03] (5.99e-04, 3.63e-02)
avg. loss 8.48174593e-02
time taken for epoch 0:00:52.747383
Epoch 482
[482,     0] loss: 8.707553e-02 masks: 21.0 20.0 [wd: 3.99e-01] [lr: 5.20e-06] [mem: 5.65e+03] (168.6 ms)
[482,     0] grad_stats: [1.65e-03 1.59e-03] (6.44e-04, 2.85e-02)
[482,   116] loss: 8.408323e-02 masks: 21.9 17.2 [wd: 3.99e-01] [lr: 4.98e-06] [mem: 5.65e+03] (168.9 ms)
[482,   116] grad_stats: [1.12e-03 1.64e-03] (5.67e-04, 2.40e-02)
[482,   232] loss: 8.423235e-02 masks: 22.1 17.2 [wd: 3.99e-01] [lr: 4.77e-06] [mem: 5.65e+03] (169.8 ms)
[482,   232] grad_stats: [1.44e-03 2.11e-03] (6.42e-04, 3.20e-02)
avg. loss 8.42323467e-02
time taken for epoch 0:00:52.910894
Epoch 483
[483,     0] loss: 6.929844e-02 masks: 34.0 12.0 [wd: 3.99e-01] [lr: 4.77e-06] [mem: 5.65e+03] (193.4 ms)
[483,     0] grad_stats: [1.45e-03 1.36e-03] (5.08e-04, 2.53e-02)
[483,   116] loss: 8.418151e-02 masks: 22.3 17.2 [wd: 3.99e-01] [lr: 4.56e-06] [mem: 5.65e+03] (169.9 ms)
[483,   116] grad_stats: [1.12e-03 1.13e-03] (4.38e-04, 2.39e-02)
[483,   232] loss: 8.421488e-02 masks: 22.3 17.2 [wd: 3.99e-01] [lr: 4.36e-06] [mem: 5.65e+03] (170.5 ms)
[483,   232] grad_stats: [1.31e-03 2.06e-03] (6.30e-04, 3.54e-02)
avg. loss 8.42148792e-02
time taken for epoch 0:00:53.162384
Epoch 484
[484,     0] loss: 8.421848e-02 masks: 25.0 16.0 [wd: 3.99e-01] [lr: 4.36e-06] [mem: 5.65e+03] (174.1 ms)
[484,     0] grad_stats: [9.39e-04 1.46e-03] (5.00e-04, 2.29e-02)
[484,   116] loss: 8.411180e-02 masks: 22.0 17.4 [wd: 3.99e-01] [lr: 4.17e-06] [mem: 5.65e+03] (169.3 ms)
[484,   116] grad_stats: [2.21e-03 1.94e-03] (7.77e-04, 3.64e-02)
[484,   232] loss: 8.383853e-02 masks: 22.2 17.2 [wd: 3.99e-01] [lr: 3.98e-06] [mem: 5.65e+03] (170.1 ms)
[484,   232] grad_stats: [1.60e-03 1.27e-03] (4.45e-04, 2.40e-02)
avg. loss 8.38385343e-02
time taken for epoch 0:00:53.050582
Epoch 485
[485,     0] loss: 8.609797e-02 masks: 21.0 16.0 [wd: 3.99e-01] [lr: 3.98e-06] [mem: 5.65e+03] (162.5 ms)
[485,     0] grad_stats: [4.07e-03 1.70e-03] (6.11e-04, 2.38e-02)
[485,   116] loss: 8.334071e-02 masks: 22.4 16.9 [wd: 3.99e-01] [lr: 3.80e-06] [mem: 5.65e+03] (169.9 ms)
[485,   116] grad_stats: [1.23e-03 1.44e-03] (5.74e-04, 2.15e-02)
[485,   232] loss: 8.384903e-02 masks: 22.3 17.1 [wd: 3.99e-01] [lr: 3.62e-06] [mem: 5.65e+03] (170.4 ms)
[485,   232] grad_stats: [1.97e-03 1.52e-03] (6.15e-04, 2.30e-02)
avg. loss 8.38490308e-02
time taken for epoch 0:00:53.111884
Epoch 486
[486,     0] loss: 8.640707e-02 masks: 20.0 16.0 [wd: 3.99e-01] [lr: 3.62e-06] [mem: 5.65e+03] (161.5 ms)
[486,     0] grad_stats: [2.22e-03 1.64e-03] (6.23e-04, 3.30e-02)
[486,   116] loss: 8.434296e-02 masks: 21.8 17.4 [wd: 3.99e-01] [lr: 3.45e-06] [mem: 5.65e+03] (168.7 ms)
[486,   116] grad_stats: [1.61e-03 9.88e-04] (4.87e-04, 2.69e-02)
[486,   232] loss: 8.435901e-02 masks: 21.8 17.4 [wd: 3.99e-01] [lr: 3.28e-06] [mem: 5.65e+03] (169.2 ms)
[486,   232] grad_stats: [2.27e-03 1.46e-03] (6.35e-04, 4.16e-02)
avg. loss 8.43590075e-02
time taken for epoch 0:00:52.815210
Epoch 487
[487,     0] loss: 8.666155e-02 masks: 17.0 20.0 [wd: 3.99e-01] [lr: 3.28e-06] [mem: 5.65e+03] (154.6 ms)
[487,     0] grad_stats: [3.90e-03 1.41e-03] (5.78e-04, 2.74e-02)
[487,   116] loss: 8.372379e-02 masks: 22.1 17.3 [wd: 3.99e-01] [lr: 3.12e-06] [mem: 5.65e+03] (169.5 ms)
[487,   116] grad_stats: [2.68e-03 1.51e-03] (4.93e-04, 2.63e-02)
[487,   232] loss: 8.371370e-02 masks: 22.4 17.1 [wd: 3.99e-01] [lr: 2.97e-06] [mem: 5.65e+03] (170.4 ms)
[487,   232] grad_stats: [1.49e-03 1.32e-03] (4.25e-04, 2.02e-02)
avg. loss 8.37136961e-02
time taken for epoch 0:00:52.993906
Epoch 488
[488,     0] loss: 6.831274e-02 masks: 34.0 12.0 [wd: 3.99e-01] [lr: 2.97e-06] [mem: 5.65e+03] (192.9 ms)
[488,     0] grad_stats: [1.27e-03 1.26e-03] (5.12e-04, 2.74e-02)
[488,   116] loss: 8.313832e-02 masks: 22.5 17.0 [wd: 3.99e-01] [lr: 2.82e-06] [mem: 5.65e+03] (170.1 ms)
[488,   116] grad_stats: [1.76e-03 1.70e-03] (6.34e-04, 4.61e-02)
[488,   232] loss: 8.319346e-02 masks: 22.6 16.9 [wd: 3.99e-01] [lr: 2.68e-06] [mem: 5.65e+03] (170.8 ms)
[488,   232] grad_stats: [1.59e-03 1.03e-03] (5.01e-04, 1.69e-02)
avg. loss 8.31934564e-02
time taken for epoch 0:00:53.239111
Epoch 489
[489,     0] loss: 1.006081e-01 masks: 14.0 20.0 [wd: 3.99e-01] [lr: 2.68e-06] [mem: 5.65e+03] (150.2 ms)
[489,     0] grad_stats: [2.01e-03 1.90e-03] (6.81e-04, 3.02e-02)
[489,   116] loss: 8.433331e-02 masks: 22.1 17.4 [wd: 4.00e-01] [lr: 2.54e-06] [mem: 5.65e+03] (169.6 ms)
[489,   116] grad_stats: [1.68e-03 1.84e-03] (6.35e-04, 3.66e-02)
[489,   232] loss: 8.439174e-02 masks: 21.7 17.5 [wd: 4.00e-01] [lr: 2.41e-06] [mem: 5.65e+03] (169.1 ms)
[489,   232] grad_stats: [1.52e-03 1.22e-03] (5.04e-04, 2.51e-02)
avg. loss 8.43917419e-02
time taken for epoch 0:00:52.793740
Epoch 490
[490,     0] loss: 9.585579e-02 masks: 16.0 20.0 [wd: 4.00e-01] [lr: 2.41e-06] [mem: 5.65e+03] (154.5 ms)
[490,     0] grad_stats: [2.22e-03 1.72e-03] (6.61e-04, 6.38e-02)
[490,   116] loss: 8.439820e-02 masks: 21.9 17.1 [wd: 4.00e-01] [lr: 2.28e-06] [mem: 5.65e+03] (168.7 ms)
[490,   116] grad_stats: [1.07e-03 1.46e-03] (5.87e-04, 2.51e-02)
[490,   232] loss: 8.468501e-02 masks: 21.6 17.5 [wd: 4.00e-01] [lr: 2.16e-06] [mem: 5.65e+03] (168.7 ms)
[490,   232] grad_stats: [1.98e-03 1.25e-03] (5.11e-04, 3.70e-02)
avg. loss 8.46850144e-02
time taken for epoch 0:00:52.729076
Epoch 491
[491,     0] loss: 8.900373e-02 masks: 17.0 16.0 [wd: 4.00e-01] [lr: 2.16e-06] [mem: 5.65e+03] (150.8 ms)
[491,     0] grad_stats: [3.66e-03 1.77e-03] (6.74e-04, 5.50e-02)
[491,   116] loss: 8.450301e-02 masks: 22.0 17.1 [wd: 4.00e-01] [lr: 2.05e-06] [mem: 5.65e+03] (169.0 ms)
[491,   116] grad_stats: [2.17e-03 1.33e-03] (4.91e-04, 2.29e-02)
[491,   232] loss: 8.451143e-02 masks: 21.9 17.3 [wd: 4.00e-01] [lr: 1.94e-06] [mem: 5.65e+03] (169.2 ms)
[491,   232] grad_stats: [1.24e-03 1.32e-03] (5.33e-04, 2.50e-02)
avg. loss 8.45114311e-02
time taken for epoch 0:00:52.780688
Epoch 492
[492,     0] loss: 7.493728e-02 masks: 29.0 16.0 [wd: 4.00e-01] [lr: 1.94e-06] [mem: 5.65e+03] (186.0 ms)
[492,     0] grad_stats: [1.32e-03 1.36e-03] (5.09e-04, 3.18e-02)
[492,   116] loss: 8.487164e-02 masks: 21.9 17.4 [wd: 4.00e-01] [lr: 1.84e-06] [mem: 5.65e+03] (169.2 ms)
[492,   116] grad_stats: [1.80e-03 1.33e-03] (6.32e-04, 4.09e-02)
[492,   232] loss: 8.400585e-02 masks: 22.1 17.2 [wd: 4.00e-01] [lr: 1.75e-06] [mem: 5.65e+03] (169.9 ms)
[492,   232] grad_stats: [1.85e-03 1.30e-03] (5.48e-04, 2.41e-02)
avg. loss 8.40058489e-02
time taken for epoch 0:00:52.882198
Epoch 493
[493,     0] loss: 1.034635e-01 masks: 12.0 20.0 [wd: 4.00e-01] [lr: 1.74e-06] [mem: 5.65e+03] (143.7 ms)
[493,     0] grad_stats: [2.39e-03 3.37e-03] (9.51e-04, 5.28e-02)
[493,   116] loss: 8.426338e-02 masks: 21.8 17.3 [wd: 4.00e-01] [lr: 1.65e-06] [mem: 5.65e+03] (168.7 ms)
[493,   116] grad_stats: [1.43e-03 1.72e-03] (6.29e-04, 3.19e-02)
[493,   232] loss: 8.382619e-02 masks: 22.2 17.2 [wd: 4.00e-01] [lr: 1.57e-06] [mem: 5.65e+03] (170.1 ms)
[493,   232] grad_stats: [3.65e-03 1.45e-03] (5.68e-04, 3.45e-02)
avg. loss 8.38261927e-02
time taken for epoch 0:00:52.994692
Epoch 494
[494,     0] loss: 9.198667e-02 masks: 16.0 20.0 [wd: 4.00e-01] [lr: 1.57e-06] [mem: 5.65e+03] (154.1 ms)
[494,     0] grad_stats: [2.07e-03 1.47e-03] (5.68e-04, 3.94e-02)
[494,   116] loss: 8.307362e-02 masks: 22.5 16.9 [wd: 4.00e-01] [lr: 1.49e-06] [mem: 5.65e+03] (170.0 ms)
[494,   116] grad_stats: [2.45e-03 1.19e-03] (5.32e-04, 3.64e-02)
[494,   232] loss: 8.451148e-02 masks: 21.7 17.2 [wd: 4.00e-01] [lr: 1.42e-06] [mem: 5.65e+03] (168.8 ms)
[494,   232] grad_stats: [1.95e-03 2.02e-03] (5.84e-04, 2.47e-02)
avg. loss 8.45114819e-02
time taken for epoch 0:00:52.746848
Epoch 495
[495,     0] loss: 7.526816e-02 masks: 28.0 16.0 [wd: 4.00e-01] [lr: 1.42e-06] [mem: 5.65e+03] (183.2 ms)
[495,     0] grad_stats: [1.48e-03 1.44e-03] (5.74e-04, 2.53e-02)
[495,   116] loss: 8.428608e-02 masks: 21.5 17.5 [wd: 4.00e-01] [lr: 1.35e-06] [mem: 5.65e+03] (168.2 ms)
[495,   116] grad_stats: [2.44e-03 7.94e-04] (3.89e-04, 1.78e-02)
[495,   232] loss: 8.423075e-02 masks: 21.7 17.4 [wd: 4.00e-01] [lr: 1.29e-06] [mem: 5.65e+03] (169.0 ms)
[495,   232] grad_stats: [1.31e-03 1.26e-03] (4.77e-04, 1.95e-02)
avg. loss 8.42307524e-02
time taken for epoch 0:00:52.867994
Epoch 496
[496,     0] loss: 8.357765e-02 masks: 26.0 16.0 [wd: 4.00e-01] [lr: 1.29e-06] [mem: 5.65e+03] (178.4 ms)
[496,     0] grad_stats: [1.38e-03 1.39e-03] (5.35e-04, 3.97e-02)
[496,   116] loss: 8.309203e-02 masks: 22.3 17.2 [wd: 4.00e-01] [lr: 1.24e-06] [mem: 5.65e+03] (170.1 ms)
[496,   116] grad_stats: [1.57e-03 1.47e-03] (5.82e-04, 2.33e-02)
[496,   232] loss: 8.330363e-02 masks: 22.3 17.2 [wd: 4.00e-01] [lr: 1.19e-06] [mem: 5.65e+03] (170.3 ms)
[496,   232] grad_stats: [1.16e-03 9.31e-04] (4.02e-04, 1.88e-02)
avg. loss 8.33036333e-02
time taken for epoch 0:00:53.104573
Epoch 497
[497,     0] loss: 8.271245e-02 masks: 25.0 16.0 [wd: 4.00e-01] [lr: 1.19e-06] [mem: 5.65e+03] (174.3 ms)
[497,     0] grad_stats: [1.09e-03 1.22e-03] (4.87e-04, 1.71e-02)
[497,   116] loss: 8.469586e-02 masks: 22.2 17.1 [wd: 4.00e-01] [lr: 1.14e-06] [mem: 5.65e+03] (169.5 ms)
[497,   116] grad_stats: [2.23e-03 1.42e-03] (5.60e-04, 2.14e-02)
[497,   232] loss: 8.455482e-02 masks: 21.7 17.3 [wd: 4.00e-01] [lr: 1.10e-06] [mem: 5.65e+03] (169.0 ms)
[497,   232] grad_stats: [1.80e-03 1.93e-03] (7.51e-04, 3.00e-02)
avg. loss 8.45548218e-02
time taken for epoch 0:00:52.724921
Epoch 498
[498,     0] loss: 8.139265e-02 masks: 21.0 16.0 [wd: 4.00e-01] [lr: 1.10e-06] [mem: 5.65e+03] (165.2 ms)
[498,     0] grad_stats: [1.89e-03 1.92e-03] (6.49e-04, 2.53e-02)
[498,   116] loss: 8.410110e-02 masks: 21.9 17.3 [wd: 4.00e-01] [lr: 1.07e-06] [mem: 5.65e+03] (169.1 ms)
[498,   116] grad_stats: [1.66e-03 1.22e-03] (5.98e-04, 5.47e-02)
[498,   232] loss: 8.381522e-02 masks: 22.1 17.2 [wd: 4.00e-01] [lr: 1.05e-06] [mem: 5.65e+03] (169.8 ms)
[498,   232] grad_stats: [1.56e-03 1.71e-03] (6.95e-04, 2.84e-02)
avg. loss 8.38152202e-02
time taken for epoch 0:00:53.008758
Epoch 499
[499,     0] loss: 9.349512e-02 masks: 18.0 20.0 [wd: 4.00e-01] [lr: 1.05e-06] [mem: 5.65e+03] (161.8 ms)
[499,     0] grad_stats: [1.46e-03 2.05e-03] (6.98e-04, 2.71e-02)
[499,   116] loss: 8.470836e-02 masks: 21.5 17.4 [wd: 4.00e-01] [lr: 1.03e-06] [mem: 5.65e+03] (167.9 ms)
[499,   116] grad_stats: [1.58e-03 1.74e-03] (6.67e-04, 3.02e-02)
[499,   232] loss: 8.457396e-02 masks: 21.7 17.4 [wd: 4.00e-01] [lr: 1.01e-06] [mem: 5.65e+03] (168.8 ms)
[499,   232] grad_stats: [1.98e-03 2.26e-03] (6.71e-04, 4.12e-02)
avg. loss 8.45739553e-02
time taken for epoch 0:00:53.479941
Epoch 500
[500,     0] loss: 1.030401e-01 masks: 12.0 20.0 [wd: 4.00e-01] [lr: 1.01e-06] [mem: 5.65e+03] (143.9 ms)
[500,     0] grad_stats: [3.69e-03 2.29e-03] (8.46e-04, 3.30e-02)
[500,   116] loss: 8.350047e-02 masks: 22.8 17.1 [wd: 4.00e-01] [lr: 1.00e-06] [mem: 5.65e+03] (171.1 ms)
[500,   116] grad_stats: [3.71e-03 1.63e-03] (5.96e-04, 3.27e-02)
[500,   232] loss: 8.350135e-02 masks: 22.7 17.1 [wd: 4.00e-01] [lr: 1.00e-06] [mem: 5.65e+03] (171.3 ms)
[500,   232] grad_stats: [1.56e-03 1.53e-03] (5.41e-04, 4.05e-02)
avg. loss 8.35013497e-02
	Epoch 500, KNN accuracy train: 7.56223e-01, KNN accuracy train: 6.40667e-01
time taken for epoch 0:01:35.419904
Total pretraining time 7:24:18.765473
