nohup: ignoring input
INFO:root:called-params configs/iic-train.yaml
INFO:root:loaded params...
{   'data': {   'batch_size': 60,
                'color_jitter_strength': 0.0,
                'crop_scale': [0.3, 1.0],
                'crop_size': 150,
                'image_folder': 'iic/',
                'num_workers': 10,
                'pin_mem': True,
                'root_path': 'datasets',
                'use_color_distortion': False,
                'use_gaussian_blur': False,
                'use_horizontal_flip': False},
    'logging': {   'checkpoint_freq': 250,
                   'folder': 'logs_PKT_chunks/iic-train-l2-pkt-chunks-seed0-KNN-ep250',
                   'knn_every': 20,
                   'logging_frequency': 2,
                   'output_file': 'oiic-pretrain-seed0.out',
                   'train_suffix': 'train/',
                   'val_suffix': 'val/',
                   'write_tag': 'jepa-iic'},
    'mask': {   'allow_overlap': False,
                'aspect_ratio': [0.75, 1.5],
                'enc_mask_scale': [0.85, 1.0],
                'min_keep': 1,
                'num_enc_masks': 1,
                'num_pred_masks': 4,
                'patch_size': 15,
                'pred_mask_scale': [0.15, 0.2]},
    'message': 'L2+PKT on IIC for KNN seed 0',
    'meta': {   'copy_data': False,
                'load_checkpoint': False,
                'model_name': 'vit_base',
                'pred_depth': 6,
                'pred_emb_dim': 384,
                'read_checkpoint': None,
                'use_bfloat16': False},
    'optimization': {   'ema': [0.996, 1.0],
                        'epochs': 250,
                        'final_lr': 1e-06,
                        'final_weight_decay': 0.4,
                        'ipe_scale': 1.0,
                        'loss_function': 'L2_PKT_chunks',
                        'lr': 0.001,
                        'start_lr': 0.0002,
                        'variance_weight': 0.0,
                        'warmup': 40,
                        'weight_decay': 0.04},
    'pkt': {   'T_max': 200,
               'chunks_step': 256,
               'final_alpha': 0.0,
               'pkt_scale': 1.0,
               'ref_alpha': 1.0,
               'start_alpha': 1.0,
               'use_pkt_scheduler': False,
               'warmup_steps_alpha': 100}}
INFO:root:Running... (rank: 0/1)
CRITICAL:root:PRETRAINING
INFO:root:Initialized (rank/world-size) 0/1
INFO:root:train.py: _GLOBAL_SEED=0
INFO:root:VisionTransformer(
  (patch_embed): PatchEmbed(
    (proj): Conv2d(3, 768, kernel_size=(15, 15), stride=(15, 15))
  )
  (blocks): ModuleList(
    (0-11): 12 x Block(
      (norm1): LayerNorm((768,), eps=1e-06, elementwise_affine=True)
      (attn): Attention(
        (qkv): Linear(in_features=768, out_features=2304, bias=True)
        (attn_drop): Dropout(p=0.0, inplace=False)
        (proj): Linear(in_features=768, out_features=768, bias=True)
        (proj_drop): Dropout(p=0.0, inplace=False)
      )
      (drop_path): Identity()
      (norm2): LayerNorm((768,), eps=1e-06, elementwise_affine=True)
      (mlp): MLP(
        (fc1): Linear(in_features=768, out_features=3072, bias=True)
        (act): GELU(approximate='none')
        (fc2): Linear(in_features=3072, out_features=768, bias=True)
        (drop): Dropout(p=0.0, inplace=False)
      )
    )
  )
  (norm): LayerNorm((768,), eps=1e-06, elementwise_affine=True)
)
INFO:root:making imagenet data transforms
INFO:root:data-path datasets/iic/train/
INFO:root:Initialized ImageNet
INFO:root:ImageNet dataset created
INFO:root:ImageNet unsupervised data loader created
INFO:root:data-path datasets/iic/train/
INFO:root:Initialized ImageNet
INFO:root:min. labeled indices 2191
INFO:root:ImageNet supervised dataset created
INFO:root:ImageNet supervised data loader created
INFO:root:data-path datasets/iic/val/
INFO:root:Initialized ImageNet
INFO:root:min. labeled indices 437
INFO:root:ImageNet supervised dataset created
INFO:root:ImageNet supervised data loader created
INFO:root:Using AdamW
INFO:root:Epoch 1
INFO:root:[1,     0] loss: 3.154261e-02 masks: 18.0 16.0 [wd: 4.00e-02] [lr: 2.00e-04] [mem: 3.42e+03] (666.3 ms)
INFO:root:[1,     0] grad_stats: [1.29e-03 7.33e-04] (7.25e-04, 2.02e-03)
INFO:root:[1,   116] loss: 1.070067e-02 masks: 21.7 17.3 [wd: 4.00e-02] [lr: 2.10e-04] [mem: 5.41e+03] (173.8 ms)
INFO:root:[1,   116] grad_stats: [2.33e-03 5.31e-05] (5.01e-05, 2.33e-03)
INFO:root:[1,   232] loss: 1.084534e-02 masks: 21.8 17.3 [wd: 4.00e-02] [lr: 2.20e-04] [mem: 5.52e+03] (172.3 ms)
INFO:root:[1,   232] grad_stats: [2.31e-03 4.40e-05] (4.04e-05, 2.99e-03)
INFO:root:avg. loss 1.08453387e-02
INFO:root:time taken for epoch 0:00:53.164249
INFO:root:Epoch 2
INFO:root:[2,     0] loss: 9.769303e-03 masks: 19.0 20.0 [wd: 4.00e-02] [lr: 2.20e-04] [mem: 5.52e+03] (166.5 ms)
INFO:root:[2,     0] grad_stats: [2.75e-03 5.98e-05] (4.99e-05, 3.06e-03)
INFO:root:[2,   116] loss: 1.035051e-02 masks: 21.8 17.5 [wd: 4.00e-02] [lr: 2.30e-04] [mem: 5.58e+03] (171.0 ms)
INFO:root:[2,   116] grad_stats: [2.79e-03 5.20e-05] (4.99e-05, 3.67e-03)
INFO:root:[2,   232] loss: 9.379572e-03 masks: 22.2 17.3 [wd: 4.01e-02] [lr: 2.40e-04] [mem: 5.58e+03] (172.4 ms)
INFO:root:[2,   232] grad_stats: [1.13e-03 3.01e-05] (2.43e-05, 1.18e-03)
INFO:root:avg. loss 9.37957240e-03
INFO:root:time taken for epoch 0:00:53.637992
INFO:root:Epoch 3
INFO:root:[3,     0] loss: 8.626272e-03 masks: 25.0 16.0 [wd: 4.01e-02] [lr: 2.40e-04] [mem: 5.58e+03] (176.2 ms)
INFO:root:[3,     0] grad_stats: [6.23e-03 1.41e-04] (1.28e-04, 6.37e-03)
INFO:root:[3,   116] loss: 5.505248e-03 masks: 22.6 17.1 [wd: 4.01e-02] [lr: 2.50e-04] [mem: 5.58e+03] (173.1 ms)
INFO:root:[3,   116] grad_stats: [1.73e-03 4.24e-05] (3.55e-05, 2.58e-03)
INFO:root:[3,   232] loss: 4.501150e-03 masks: 22.3 17.1 [wd: 4.01e-02] [lr: 2.60e-04] [mem: 5.58e+03] (172.7 ms)
INFO:root:[3,   232] grad_stats: [1.03e-03 2.67e-05] (2.49e-05, 1.49e-03)
INFO:root:avg. loss 4.50114992e-03
INFO:root:time taken for epoch 0:00:53.781984
INFO:root:Epoch 4
INFO:root:[4,     0] loss: 3.078347e-03 masks: 21.0 16.0 [wd: 4.01e-02] [lr: 2.60e-04] [mem: 5.58e+03] (165.9 ms)
INFO:root:[4,     0] grad_stats: [9.15e-04 2.61e-05] (2.34e-05, 1.28e-03)
INFO:root:[4,   116] loss: 2.641828e-03 masks: 21.7 17.3 [wd: 4.02e-02] [lr: 2.70e-04] [mem: 5.58e+03] (171.2 ms)
INFO:root:[4,   116] grad_stats: [9.48e-04 3.26e-05] (2.70e-05, 1.30e-03)
INFO:root:[4,   232] loss: 2.450817e-03 masks: 21.9 17.4 [wd: 4.02e-02] [lr: 2.80e-04] [mem: 5.58e+03] (172.3 ms)
INFO:root:[4,   232] grad_stats: [7.19e-04 2.66e-05] (2.18e-05, 1.12e-03)
INFO:root:avg. loss 2.45081737e-03
INFO:root:time taken for epoch 0:00:53.647698
INFO:root:Epoch 5
INFO:root:[5,     0] loss: 1.973820e-03 masks: 18.0 20.0 [wd: 4.02e-02] [lr: 2.80e-04] [mem: 5.58e+03] (164.5 ms)
INFO:root:[5,     0] grad_stats: [4.86e-04 2.32e-05] (1.74e-05, 8.01e-04)
INFO:root:[5,   116] loss: 1.941663e-03 masks: 22.1 17.1 [wd: 4.03e-02] [lr: 2.90e-04] [mem: 5.58e+03] (172.0 ms)
INFO:root:[5,   116] grad_stats: [1.21e-03 3.10e-05] (2.06e-05, 1.90e-03)
INFO:root:[5,   232] loss: 1.862706e-03 masks: 22.3 17.0 [wd: 4.04e-02] [lr: 3.00e-04] [mem: 5.58e+03] (173.1 ms)
INFO:root:[5,   232] grad_stats: [6.93e-04 3.90e-05] (2.37e-05, 1.01e-03)
INFO:root:avg. loss 1.86270552e-03
INFO:root:time taken for epoch 0:00:53.752539
INFO:root:Epoch 6
INFO:root:[6,     0] loss: 1.534009e-03 masks: 23.0 16.0 [wd: 4.04e-02] [lr: 3.00e-04] [mem: 5.58e+03] (170.3 ms)
INFO:root:[6,     0] grad_stats: [5.12e-04 2.62e-05] (1.97e-05, 6.10e-04)
INFO:root:[6,   116] loss: 1.693894e-03 masks: 22.0 17.1 [wd: 4.04e-02] [lr: 3.10e-04] [mem: 5.58e+03] (172.0 ms)
INFO:root:[6,   116] grad_stats: [9.68e-04 4.52e-05] (3.73e-05, 1.42e-03)
INFO:root:[6,   232] loss: 1.647830e-03 masks: 21.8 17.4 [wd: 4.05e-02] [lr: 3.20e-04] [mem: 5.58e+03] (172.1 ms)
INFO:root:[6,   232] grad_stats: [4.44e-04 1.86e-05] (1.10e-05, 7.27e-04)
INFO:root:avg. loss 1.64783042e-03
INFO:root:time taken for epoch 0:00:53.615476
INFO:root:Epoch 7
INFO:root:[7,     0] loss: 1.745181e-03 masks: 16.0 20.0 [wd: 4.05e-02] [lr: 3.20e-04] [mem: 5.58e+03] (156.2 ms)
INFO:root:[7,     0] grad_stats: [4.66e-04 1.75e-05] (1.17e-05, 6.61e-04)
INFO:root:[7,   116] loss: 1.485705e-03 masks: 21.9 17.5 [wd: 4.06e-02] [lr: 3.30e-04] [mem: 5.58e+03] (172.1 ms)
INFO:root:[7,   116] grad_stats: [4.12e-04 2.99e-05] (1.50e-05, 6.08e-04)
INFO:root:[7,   232] loss: 1.453521e-03 masks: 21.7 17.5 [wd: 4.07e-02] [lr: 3.40e-04] [mem: 5.58e+03] (172.3 ms)
INFO:root:[7,   232] grad_stats: [5.07e-04 2.82e-05] (1.72e-05, 9.74e-04)
INFO:root:avg. loss 1.45352129e-03
INFO:root:time taken for epoch 0:00:53.597852
INFO:root:Epoch 8
INFO:root:[8,     0] loss: 1.116140e-03 masks: 25.0 16.0 [wd: 4.07e-02] [lr: 3.40e-04] [mem: 5.58e+03] (177.4 ms)
INFO:root:[8,     0] grad_stats: [3.65e-04 1.79e-05] (9.54e-06, 5.00e-04)
INFO:root:[8,   116] loss: 1.398552e-03 masks: 22.5 17.1 [wd: 4.08e-02] [lr: 3.50e-04] [mem: 5.58e+03] (173.4 ms)
INFO:root:[8,   116] grad_stats: [4.79e-04 2.30e-05] (1.53e-05, 1.01e-03)
INFO:root:[8,   232] loss: 1.403144e-03 masks: 22.2 17.1 [wd: 4.09e-02] [lr: 3.60e-04] [mem: 5.58e+03] (173.4 ms)
INFO:root:[8,   232] grad_stats: [5.16e-04 2.90e-05] (1.94e-05, 7.71e-04)
INFO:root:avg. loss 1.40314392e-03
INFO:root:time taken for epoch 0:00:53.984255
INFO:root:Epoch 9
INFO:root:[9,     0] loss: 1.397081e-03 masks: 33.0 12.0 [wd: 4.09e-02] [lr: 3.60e-04] [mem: 5.58e+03] (193.3 ms)
INFO:root:[9,     0] grad_stats: [5.71e-04 4.10e-05] (1.88e-05, 9.69e-04)
INFO:root:[9,   116] loss: 1.490684e-03 masks: 22.6 17.1 [wd: 4.10e-02] [lr: 3.70e-04] [mem: 5.58e+03] (174.1 ms)
INFO:root:[9,   116] grad_stats: [3.79e-04 4.03e-05] (1.47e-05, 6.19e-04)
INFO:root:[9,   232] loss: 1.496892e-03 masks: 22.3 17.0 [wd: 4.11e-02] [lr: 3.80e-04] [mem: 5.58e+03] (173.6 ms)
INFO:root:[9,   232] grad_stats: [6.82e-04 2.30e-05] (1.09e-05, 8.68e-04)
INFO:root:avg. loss 1.49689222e-03
INFO:root:time taken for epoch 0:00:54.077156
INFO:root:Epoch 10
INFO:root:[10,     0] loss: 1.657350e-03 masks: 26.0 16.0 [wd: 4.12e-02] [lr: 3.80e-04] [mem: 5.58e+03] (180.7 ms)
INFO:root:[10,     0] grad_stats: [8.46e-04 4.98e-05] (2.05e-05, 1.31e-03)
INFO:root:[10,   116] loss: 1.479821e-03 masks: 21.6 17.5 [wd: 4.13e-02] [lr: 3.90e-04] [mem: 5.58e+03] (171.7 ms)
INFO:root:[10,   116] grad_stats: [4.78e-04 3.84e-05] (1.57e-05, 8.89e-04)
INFO:root:[10,   232] loss: 1.496214e-03 masks: 21.7 17.3 [wd: 4.14e-02] [lr: 4.00e-04] [mem: 5.66e+03] (172.3 ms)
INFO:root:[10,   232] grad_stats: [5.28e-04 1.46e-05] (7.35e-06, 6.01e-04)
INFO:root:avg. loss 1.49621374e-03
INFO:root:time taken for epoch 0:00:53.679925
INFO:root:Epoch 11
INFO:root:[11,     0] loss: 1.327095e-03 masks: 17.0 20.0 [wd: 4.14e-02] [lr: 4.00e-04] [mem: 5.66e+03] (162.9 ms)
INFO:root:[11,     0] grad_stats: [3.59e-04 2.30e-05] (8.85e-06, 3.71e-04)
INFO:root:[11,   116] loss: 1.469268e-03 masks: 21.6 17.4 [wd: 4.16e-02] [lr: 4.10e-04] [mem: 5.66e+03] (171.7 ms)
INFO:root:[11,   116] grad_stats: [3.76e-04 2.29e-05] (1.10e-05, 6.68e-04)
INFO:root:[11,   232] loss: 1.445821e-03 masks: 21.9 17.4 [wd: 4.17e-02] [lr: 4.20e-04] [mem: 5.66e+03] (172.8 ms)
INFO:root:[11,   232] grad_stats: [3.20e-04 1.99e-05] (8.42e-06, 4.25e-04)
INFO:root:avg. loss 1.44582108e-03
INFO:root:time taken for epoch 0:00:53.740516
INFO:root:Epoch 12
INFO:root:[12,     0] loss: 1.512976e-03 masks: 20.0 16.0 [wd: 4.17e-02] [lr: 4.20e-04] [mem: 5.66e+03] (164.9 ms)
INFO:root:[12,     0] grad_stats: [2.71e-04 1.46e-05] (6.02e-06, 5.32e-04)
INFO:root:[12,   116] loss: 1.411083e-03 masks: 21.5 17.4 [wd: 4.19e-02] [lr: 4.30e-04] [mem: 5.66e+03] (171.6 ms)
INFO:root:[12,   116] grad_stats: [3.04e-04 1.23e-05] (7.44e-06, 5.81e-04)
INFO:root:[12,   232] loss: 1.403094e-03 masks: 21.7 17.4 [wd: 4.20e-02] [lr: 4.40e-04] [mem: 5.66e+03] (172.5 ms)
INFO:root:[12,   232] grad_stats: [3.01e-04 1.16e-05] (6.33e-06, 3.71e-04)
INFO:root:avg. loss 1.40309411e-03
INFO:root:time taken for epoch 0:00:53.664317
INFO:root:Epoch 13
INFO:root:[13,     0] loss: 1.374731e-03 masks: 19.0 20.0 [wd: 4.20e-02] [lr: 4.40e-04] [mem: 5.66e+03] (168.5 ms)
INFO:root:[13,     0] grad_stats: [3.25e-04 2.35e-05] (6.79e-06, 4.42e-04)
INFO:root:[13,   116] loss: 1.503084e-03 masks: 21.0 17.3 [wd: 4.22e-02] [lr: 4.50e-04] [mem: 5.66e+03] (170.1 ms)
INFO:root:[13,   116] grad_stats: [4.04e-04 3.06e-05] (8.65e-06, 5.29e-04)
INFO:root:[13,   232] loss: 1.486124e-03 masks: 21.6 17.4 [wd: 4.24e-02] [lr: 4.60e-04] [mem: 5.66e+03] (172.1 ms)
INFO:root:[13,   232] grad_stats: [2.56e-04 1.33e-05] (7.91e-06, 3.52e-04)
INFO:root:avg. loss 1.48612416e-03
INFO:root:time taken for epoch 0:00:53.560958
INFO:root:Epoch 14
INFO:root:[14,     0] loss: 1.377136e-03 masks: 17.0 20.0 [wd: 4.24e-02] [lr: 4.60e-04] [mem: 5.66e+03] (159.6 ms)
INFO:root:[14,     0] grad_stats: [3.08e-04 1.64e-05] (7.18e-06, 3.47e-04)
INFO:root:[14,   116] loss: 1.583023e-03 masks: 22.1 17.3 [wd: 4.26e-02] [lr: 4.70e-04] [mem: 5.66e+03] (173.1 ms)
INFO:root:[14,   116] grad_stats: [4.84e-04 1.93e-05] (6.60e-06, 5.92e-04)
INFO:root:[14,   232] loss: 1.606480e-03 masks: 22.3 17.2 [wd: 4.28e-02] [lr: 4.80e-04] [mem: 5.66e+03] (173.9 ms)
INFO:root:[14,   232] grad_stats: [4.48e-04 1.94e-05] (7.14e-06, 5.61e-04)
INFO:root:avg. loss 1.60648042e-03
INFO:root:time taken for epoch 0:00:54.024284
INFO:root:Epoch 15
INFO:root:[15,     0] loss: 1.649058e-03 masks: 21.0 20.0 [wd: 4.28e-02] [lr: 4.80e-04] [mem: 5.66e+03] (173.0 ms)
INFO:root:[15,     0] grad_stats: [5.51e-04 2.25e-05] (7.45e-06, 7.86e-04)
INFO:root:[15,   116] loss: 1.636786e-03 masks: 22.9 17.0 [wd: 4.30e-02] [lr: 4.90e-04] [mem: 5.66e+03] (174.9 ms)
INFO:root:[15,   116] grad_stats: [4.96e-04 1.76e-05] (6.34e-06, 8.59e-04)
INFO:root:[15,   232] loss: 1.662292e-03 masks: 22.1 17.3 [wd: 4.32e-02] [lr: 5.00e-04] [mem: 5.66e+03] (173.5 ms)
INFO:root:[15,   232] grad_stats: [6.12e-04 2.24e-05] (9.68e-06, 9.40e-04)
INFO:root:avg. loss 1.66229238e-03
INFO:root:time taken for epoch 0:00:53.910050
INFO:root:Epoch 16
INFO:root:[16,     0] loss: 1.787148e-03 masks: 33.0 12.0 [wd: 4.32e-02] [lr: 5.00e-04] [mem: 5.66e+03] (193.2 ms)
INFO:root:[16,     0] grad_stats: [5.67e-04 2.89e-05] (8.22e-06, 7.73e-04)
INFO:root:[16,   116] loss: 1.640238e-03 masks: 22.1 17.1 [wd: 4.34e-02] [lr: 5.10e-04] [mem: 5.66e+03] (172.9 ms)
INFO:root:[16,   116] grad_stats: [2.43e-04 2.36e-05] (7.51e-06, 4.83e-04)
INFO:root:[16,   232] loss: 1.622470e-03 masks: 21.9 17.3 [wd: 4.36e-02] [lr: 5.20e-04] [mem: 5.66e+03] (173.1 ms)
INFO:root:[16,   232] grad_stats: [5.16e-04 3.63e-05] (8.74e-06, 7.25e-04)
INFO:root:avg. loss 1.62246995e-03
INFO:root:time taken for epoch 0:00:53.794689
INFO:root:Epoch 17
INFO:root:[17,     0] loss: 1.427527e-03 masks: 19.0 20.0 [wd: 4.36e-02] [lr: 5.20e-04] [mem: 5.66e+03] (167.7 ms)
INFO:root:[17,     0] grad_stats: [3.09e-04 2.16e-05] (6.14e-06, 4.57e-04)
INFO:root:[17,   116] loss: 1.610079e-03 masks: 21.9 17.4 [wd: 4.39e-02] [lr: 5.30e-04] [mem: 5.66e+03] (172.9 ms)
INFO:root:[17,   116] grad_stats: [3.67e-04 2.35e-05] (6.69e-06, 4.88e-04)
INFO:root:[17,   232] loss: 1.639733e-03 masks: 21.8 17.3 [wd: 4.41e-02] [lr: 5.40e-04] [mem: 5.66e+03] (172.8 ms)
INFO:root:[17,   232] grad_stats: [3.77e-04 2.62e-05] (6.31e-06, 7.49e-04)
INFO:root:avg. loss 1.63973289e-03
INFO:root:time taken for epoch 0:00:53.803829
INFO:root:Epoch 18
INFO:root:[18,     0] loss: 1.878658e-03 masks: 33.0 12.0 [wd: 4.41e-02] [lr: 5.40e-04] [mem: 5.66e+03] (193.2 ms)
INFO:root:[18,     0] grad_stats: [3.49e-04 2.18e-05] (1.03e-05, 3.88e-04)
INFO:root:[18,   116] loss: 1.666496e-03 masks: 22.2 17.0 [wd: 4.43e-02] [lr: 5.50e-04] [mem: 5.66e+03] (173.1 ms)
INFO:root:[18,   116] grad_stats: [2.42e-04 1.43e-05] (4.00e-06, 3.28e-04)
INFO:root:[18,   232] loss: 1.636330e-03 masks: 22.5 17.0 [wd: 4.46e-02] [lr: 5.60e-04] [mem: 5.66e+03] (174.6 ms)
INFO:root:[18,   232] grad_stats: [3.53e-04 2.26e-05] (7.44e-06, 4.14e-04)
INFO:root:avg. loss 1.63632988e-03
INFO:root:time taken for epoch 0:00:54.106826
INFO:root:Epoch 19
INFO:root:[19,     0] loss: 1.391752e-03 masks: 17.0 20.0 [wd: 4.46e-02] [lr: 5.60e-04] [mem: 5.66e+03] (162.1 ms)
INFO:root:[19,     0] grad_stats: [2.05e-04 1.33e-05] (4.95e-06, 2.95e-04)
INFO:root:[19,   116] loss: 1.603977e-03 masks: 21.3 17.6 [wd: 4.48e-02] [lr: 5.70e-04] [mem: 5.66e+03] (171.6 ms)
INFO:root:[19,   116] grad_stats: [3.88e-04 2.54e-05] (7.31e-06, 4.91e-04)
INFO:root:[19,   232] loss: 1.609504e-03 masks: 21.7 17.4 [wd: 4.51e-02] [lr: 5.80e-04] [mem: 5.66e+03] (172.8 ms)
INFO:root:[19,   232] grad_stats: [2.82e-04 2.90e-05] (4.84e-06, 5.79e-04)
INFO:root:avg. loss 1.60950443e-03
INFO:root:time taken for epoch 0:00:53.722576
INFO:root:Epoch 20
INFO:root:[20,     0] loss: 1.462887e-03 masks: 16.0 20.0 [wd: 4.51e-02] [lr: 5.80e-04] [mem: 5.66e+03] (159.8 ms)
INFO:root:[20,     0] grad_stats: [2.64e-04 1.79e-05] (4.04e-06, 3.19e-04)
INFO:root:[20,   116] loss: 1.669954e-03 masks: 22.0 17.1 [wd: 4.54e-02] [lr: 5.90e-04] [mem: 5.66e+03] (172.8 ms)
INFO:root:[20,   116] grad_stats: [3.22e-04 2.25e-05] (4.07e-06, 3.40e-04)
INFO:root:[20,   232] loss: 1.679584e-03 masks: 21.8 17.2 [wd: 4.57e-02] [lr: 6.00e-04] [mem: 5.66e+03] (172.7 ms)
INFO:root:[20,   232] grad_stats: [3.67e-04 2.03e-05] (4.74e-06, 3.78e-04)
INFO:root:avg. loss 1.67958356e-03
INFO:root:	Epoch 20, KNN accuracy train: 6.92847e-01, KNN accuracy train: 5.57000e-01
INFO:root:time taken for epoch 0:01:35.710846
INFO:root:Epoch 21
INFO:root:[21,     0] loss: 1.556954e-03 masks: 16.0 20.0 [wd: 4.57e-02] [lr: 6.00e-04] [mem: 5.66e+03] (158.4 ms)
INFO:root:[21,     0] grad_stats: [2.60e-04 1.62e-05] (3.53e-06, 4.11e-04)
INFO:root:[21,   116] loss: 1.712753e-03 masks: 22.1 17.1 [wd: 4.59e-02] [lr: 6.10e-04] [mem: 5.66e+03] (172.3 ms)
INFO:root:[21,   116] grad_stats: [2.51e-04 1.66e-05] (3.96e-06, 3.60e-04)
INFO:root:[21,   232] loss: 1.673238e-03 masks: 22.0 17.2 [wd: 4.62e-02] [lr: 6.20e-04] [mem: 5.66e+03] (173.0 ms)
INFO:root:[21,   232] grad_stats: [2.79e-04 2.33e-05] (5.71e-06, 4.21e-04)
INFO:root:avg. loss 1.67323847e-03
INFO:root:time taken for epoch 0:00:53.569245
INFO:root:Epoch 22
INFO:root:[22,     0] loss: 1.692219e-03 masks: 22.0 16.0 [wd: 4.62e-02] [lr: 6.20e-04] [mem: 5.66e+03] (169.8 ms)
INFO:root:[22,     0] grad_stats: [2.19e-04 3.65e-05] (4.68e-06, 4.04e-04)
INFO:root:[22,   116] loss: 1.628805e-03 masks: 22.2 17.2 [wd: 4.65e-02] [lr: 6.30e-04] [mem: 5.66e+03] (173.5 ms)
INFO:root:[22,   116] grad_stats: [4.15e-04 3.10e-05] (7.28e-06, 6.04e-04)
INFO:root:[22,   232] loss: 1.647934e-03 masks: 22.3 17.3 [wd: 4.68e-02] [lr: 6.40e-04] [mem: 5.66e+03] (174.2 ms)
INFO:root:[22,   232] grad_stats: [3.03e-04 1.63e-05] (4.95e-06, 4.48e-04)
INFO:root:avg. loss 1.64793442e-03
INFO:root:time taken for epoch 0:00:53.942001
INFO:root:Epoch 23
INFO:root:[23,     0] loss: 1.820104e-03 masks: 17.0 16.0 [wd: 4.68e-02] [lr: 6.40e-04] [mem: 5.66e+03] (156.2 ms)
INFO:root:[23,     0] grad_stats: [4.98e-04 3.77e-05] (6.58e-06, 5.28e-04)
INFO:root:[23,   116] loss: 1.753641e-03 masks: 22.2 17.1 [wd: 4.71e-02] [lr: 6.50e-04] [mem: 5.66e+03] (173.1 ms)
INFO:root:[23,   116] grad_stats: [2.79e-04 2.78e-05] (3.62e-06, 3.53e-04)
INFO:root:[23,   232] loss: 1.759000e-03 masks: 21.8 17.3 [wd: 4.75e-02] [lr: 6.60e-04] [mem: 5.66e+03] (172.9 ms)
INFO:root:[23,   232] grad_stats: [3.67e-04 2.82e-05] (4.36e-06, 3.67e-04)
INFO:root:avg. loss 1.75899994e-03
INFO:root:time taken for epoch 0:00:53.688520
INFO:root:Epoch 24
INFO:root:[24,     0] loss: 2.049502e-03 masks: 23.0 16.0 [wd: 4.75e-02] [lr: 6.60e-04] [mem: 5.66e+03] (171.0 ms)
INFO:root:[24,     0] grad_stats: [3.75e-04 2.16e-05] (3.99e-06, 4.47e-04)
INFO:root:[24,   116] loss: 1.723033e-03 masks: 23.2 17.0 [wd: 4.78e-02] [lr: 6.70e-04] [mem: 5.66e+03] (176.0 ms)
INFO:root:[24,   116] grad_stats: [3.48e-04 2.33e-05] (3.64e-06, 4.60e-04)
INFO:root:[24,   232] loss: 1.733568e-03 masks: 22.5 17.2 [wd: 4.81e-02] [lr: 6.80e-04] [mem: 5.66e+03] (174.6 ms)
INFO:root:[24,   232] grad_stats: [2.81e-04 2.43e-05] (4.51e-06, 2.93e-04)
INFO:root:avg. loss 1.73356779e-03
INFO:root:time taken for epoch 0:00:54.044470
INFO:root:Epoch 25
INFO:root:[25,     0] loss: 1.877924e-03 masks: 37.0 12.0 [wd: 4.81e-02] [lr: 6.80e-04] [mem: 5.66e+03] (206.8 ms)
INFO:root:[25,     0] grad_stats: [6.32e-04 3.69e-05] (7.02e-06, 9.07e-04)
INFO:root:[25,   116] loss: 1.737579e-03 masks: 22.1 17.3 [wd: 4.85e-02] [lr: 6.90e-04] [mem: 5.66e+03] (173.3 ms)
INFO:root:[25,   116] grad_stats: [3.02e-04 1.77e-05] (2.63e-06, 3.70e-04)
INFO:root:[25,   232] loss: 1.736056e-03 masks: 21.6 17.5 [wd: 4.88e-02] [lr: 7.00e-04] [mem: 5.66e+03] (172.8 ms)
INFO:root:[25,   232] grad_stats: [2.19e-04 1.99e-05] (2.81e-06, 3.23e-04)
INFO:root:avg. loss 1.73605637e-03
INFO:root:time taken for epoch 0:00:53.739241
INFO:root:Epoch 26
INFO:root:[26,     0] loss: 1.383552e-03 masks: 20.0 20.0 [wd: 4.88e-02] [lr: 7.00e-04] [mem: 5.66e+03] (170.3 ms)
INFO:root:[26,     0] grad_stats: [2.04e-04 2.03e-05] (3.26e-06, 2.92e-04)
INFO:root:[26,   116] loss: 1.725432e-03 masks: 21.7 17.4 [wd: 4.92e-02] [lr: 7.10e-04] [mem: 5.66e+03] (172.3 ms)
INFO:root:[26,   116] grad_stats: [2.01e-04 1.30e-05] (2.50e-06, 2.37e-04)
INFO:root:[26,   232] loss: 1.717234e-03 masks: 21.3 17.5 [wd: 4.95e-02] [lr: 7.20e-04] [mem: 5.66e+03] (172.0 ms)
INFO:root:[26,   232] grad_stats: [2.58e-04 3.10e-05] (4.85e-06, 4.27e-04)
INFO:root:avg. loss 1.71723376e-03
INFO:root:time taken for epoch 0:00:53.493689
INFO:root:Epoch 27
INFO:root:[27,     0] loss: 1.684025e-03 masks: 26.0 16.0 [wd: 4.95e-02] [lr: 7.20e-04] [mem: 5.66e+03] (182.4 ms)
INFO:root:[27,     0] grad_stats: [2.89e-04 3.56e-05] (3.47e-06, 5.29e-04)
INFO:root:[27,   116] loss: 1.678945e-03 masks: 21.6 17.6 [wd: 4.99e-02] [lr: 7.30e-04] [mem: 5.66e+03] (172.4 ms)
INFO:root:[27,   116] grad_stats: [3.06e-04 2.06e-05] (3.00e-06, 4.13e-04)
INFO:root:[27,   232] loss: 1.696229e-03 masks: 21.9 17.3 [wd: 5.03e-02] [lr: 7.40e-04] [mem: 5.66e+03] (173.4 ms)
INFO:root:[27,   232] grad_stats: [3.37e-04 2.10e-05] (3.43e-06, 5.31e-04)
INFO:root:avg. loss 1.69622905e-03
INFO:root:time taken for epoch 0:00:53.819057
INFO:root:Epoch 28
INFO:root:[28,     0] loss: 1.760997e-03 masks: 25.0 16.0 [wd: 5.03e-02] [lr: 7.40e-04] [mem: 5.66e+03] (177.4 ms)
INFO:root:[28,     0] grad_stats: [3.11e-04 2.29e-05] (3.15e-06, 3.11e-04)
INFO:root:[28,   116] loss: 1.696956e-03 masks: 22.0 17.3 [wd: 5.06e-02] [lr: 7.50e-04] [mem: 5.66e+03] (173.2 ms)
INFO:root:[28,   116] grad_stats: [4.20e-04 2.53e-05] (5.69e-06, 4.34e-04)
INFO:root:[28,   232] loss: 1.701695e-03 masks: 21.6 17.5 [wd: 5.10e-02] [lr: 7.60e-04] [mem: 5.66e+03] (172.7 ms)
INFO:root:[28,   232] grad_stats: [2.60e-04 2.86e-05] (4.17e-06, 4.17e-04)
INFO:root:avg. loss 1.70169483e-03
INFO:root:time taken for epoch 0:00:53.693683
INFO:root:Epoch 29
INFO:root:[29,     0] loss: 1.735720e-03 masks: 14.0 20.0 [wd: 5.10e-02] [lr: 7.60e-04] [mem: 5.66e+03] (156.0 ms)
INFO:root:[29,     0] grad_stats: [2.30e-04 2.24e-05] (3.65e-06, 3.19e-04)
INFO:root:[29,   116] loss: 1.710380e-03 masks: 22.5 17.0 [wd: 5.14e-02] [lr: 7.70e-04] [mem: 5.66e+03] (174.0 ms)
INFO:root:[29,   116] grad_stats: [5.13e-04 3.51e-05] (5.36e-06, 5.61e-04)
INFO:root:[29,   232] loss: 1.717762e-03 masks: 22.7 16.9 [wd: 5.18e-02] [lr: 7.80e-04] [mem: 5.66e+03] (174.9 ms)
INFO:root:[29,   232] grad_stats: [2.30e-04 1.98e-05] (3.87e-06, 3.58e-04)
INFO:root:avg. loss 1.71776201e-03
INFO:root:time taken for epoch 0:00:54.194620
INFO:root:Epoch 30
INFO:root:[30,     0] loss: 1.511698e-03 masks: 26.0 16.0 [wd: 5.18e-02] [lr: 7.80e-04] [mem: 5.66e+03] (181.9 ms)
INFO:root:[30,     0] grad_stats: [1.88e-04 1.64e-05] (2.68e-06, 2.25e-04)
INFO:root:[30,   116] loss: 1.628289e-03 masks: 22.4 17.2 [wd: 5.22e-02] [lr: 7.90e-04] [mem: 5.66e+03] (174.1 ms)
INFO:root:[30,   116] grad_stats: [2.05e-04 1.62e-05] (2.76e-06, 2.38e-04)
INFO:root:[30,   232] loss: 1.632047e-03 masks: 21.9 17.2 [wd: 5.26e-02] [lr: 8.00e-04] [mem: 5.66e+03] (173.3 ms)
INFO:root:[30,   232] grad_stats: [2.65e-04 1.72e-05] (2.97e-06, 2.65e-04)
INFO:root:avg. loss 1.63204655e-03
INFO:root:time taken for epoch 0:00:53.868664
INFO:root:Epoch 31
INFO:root:[31,     0] loss: 1.940384e-03 masks: 33.0 12.0 [wd: 5.26e-02] [lr: 8.00e-04] [mem: 5.66e+03] (194.2 ms)
INFO:root:[31,     0] grad_stats: [3.13e-04 2.37e-05] (3.37e-06, 3.61e-04)
INFO:root:[31,   116] loss: 1.613278e-03 masks: 21.7 17.4 [wd: 5.31e-02] [lr: 8.10e-04] [mem: 5.66e+03] (172.6 ms)
INFO:root:[31,   116] grad_stats: [2.66e-04 1.86e-05] (3.21e-06, 3.35e-04)
INFO:root:[31,   232] loss: 1.620436e-03 masks: 22.3 17.1 [wd: 5.35e-02] [lr: 8.20e-04] [mem: 5.66e+03] (174.1 ms)
INFO:root:[31,   232] grad_stats: [2.66e-04 2.71e-05] (4.52e-06, 4.43e-04)
INFO:root:avg. loss 1.62043640e-03
INFO:root:time taken for epoch 0:00:53.989358
INFO:root:Epoch 32
INFO:root:[32,     0] loss: 1.798071e-03 masks: 20.0 16.0 [wd: 5.35e-02] [lr: 8.20e-04] [mem: 5.66e+03] (164.0 ms)
INFO:root:[32,     0] grad_stats: [2.42e-04 3.16e-05] (3.37e-06, 4.49e-04)
INFO:root:[32,   116] loss: 1.577424e-03 masks: 21.6 17.3 [wd: 5.39e-02] [lr: 8.30e-04] [mem: 5.66e+03] (172.1 ms)
INFO:root:[32,   116] grad_stats: [2.86e-04 2.85e-05] (3.88e-06, 3.33e-04)
INFO:root:[32,   232] loss: 1.580974e-03 masks: 22.3 17.1 [wd: 5.44e-02] [lr: 8.40e-04] [mem: 5.66e+03] (174.2 ms)
INFO:root:[32,   232] grad_stats: [2.10e-04 2.77e-05] (3.29e-06, 2.62e-04)
INFO:root:avg. loss 1.58097413e-03
INFO:root:time taken for epoch 0:00:54.022585
INFO:root:Epoch 33
INFO:root:[33,     0] loss: 1.362281e-03 masks: 20.0 20.0 [wd: 5.44e-02] [lr: 8.40e-04] [mem: 5.66e+03] (169.6 ms)
INFO:root:[33,     0] grad_stats: [1.79e-04 2.96e-05] (4.12e-06, 3.32e-04)
INFO:root:[33,   116] loss: 1.634088e-03 masks: 21.6 17.2 [wd: 5.48e-02] [lr: 8.50e-04] [mem: 5.66e+03] (171.9 ms)
INFO:root:[33,   116] grad_stats: [3.05e-04 4.07e-05] (3.91e-06, 5.36e-04)
INFO:root:[33,   232] loss: 1.606634e-03 masks: 21.9 17.3 [wd: 5.53e-02] [lr: 8.60e-04] [mem: 5.66e+03] (173.2 ms)
INFO:root:[33,   232] grad_stats: [1.09e-04 1.22e-05] (1.75e-06, 2.08e-04)
INFO:root:avg. loss 1.60663389e-03
INFO:root:time taken for epoch 0:00:53.784191
INFO:root:Epoch 34
INFO:root:[34,     0] loss: 1.718329e-03 masks: 21.0 16.0 [wd: 5.53e-02] [lr: 8.60e-04] [mem: 5.66e+03] (166.6 ms)
INFO:root:[34,     0] grad_stats: [2.57e-04 2.23e-05] (2.60e-06, 4.67e-04)
INFO:root:[34,   116] loss: 1.611404e-03 masks: 21.6 17.4 [wd: 5.57e-02] [lr: 8.70e-04] [mem: 5.66e+03] (172.3 ms)
INFO:root:[34,   116] grad_stats: [2.02e-04 2.50e-05] (2.10e-06, 3.86e-04)
INFO:root:[34,   232] loss: 1.607383e-03 masks: 21.7 17.4 [wd: 5.62e-02] [lr: 8.80e-04] [mem: 5.66e+03] (173.0 ms)
INFO:root:[34,   232] grad_stats: [2.22e-04 4.48e-05] (4.18e-06, 3.57e-04)
INFO:root:avg. loss 1.60738278e-03
INFO:root:time taken for epoch 0:00:53.706884
INFO:root:Epoch 35
INFO:root:[35,     0] loss: 1.340506e-03 masks: 24.0 16.0 [wd: 5.62e-02] [lr: 8.80e-04] [mem: 5.66e+03] (175.0 ms)
INFO:root:[35,     0] grad_stats: [2.19e-04 2.23e-05] (2.85e-06, 3.12e-04)
INFO:root:[35,   116] loss: 1.616178e-03 masks: 21.7 17.3 [wd: 5.67e-02] [lr: 8.90e-04] [mem: 5.66e+03] (172.2 ms)
INFO:root:[35,   116] grad_stats: [2.09e-04 3.47e-05] (5.07e-06, 3.67e-04)
INFO:root:[35,   232] loss: 1.621208e-03 masks: 21.6 17.3 [wd: 5.71e-02] [lr: 9.00e-04] [mem: 5.66e+03] (172.6 ms)
INFO:root:[35,   232] grad_stats: [3.80e-04 3.30e-05] (4.51e-06, 3.80e-04)
INFO:root:avg. loss 1.62120786e-03
INFO:root:time taken for epoch 0:00:53.629591
INFO:root:Epoch 36
INFO:root:[36,     0] loss: 1.592388e-03 masks: 35.0 12.0 [wd: 5.71e-02] [lr: 9.00e-04] [mem: 5.66e+03] (198.8 ms)
INFO:root:[36,     0] grad_stats: [3.42e-04 2.55e-05] (4.04e-06, 3.42e-04)
INFO:root:[36,   116] loss: 1.606929e-03 masks: 22.7 17.0 [wd: 5.76e-02] [lr: 9.10e-04] [mem: 5.66e+03] (174.5 ms)
INFO:root:[36,   116] grad_stats: [3.26e-04 2.24e-05] (2.67e-06, 4.37e-04)
INFO:root:[36,   232] loss: 1.611014e-03 masks: 22.2 17.1 [wd: 5.81e-02] [lr: 9.20e-04] [mem: 5.66e+03] (173.9 ms)
INFO:root:[36,   232] grad_stats: [2.06e-04 2.86e-05] (3.75e-06, 2.36e-04)
INFO:root:avg. loss 1.61101422e-03
INFO:root:time taken for epoch 0:00:53.920874
INFO:root:Epoch 37
INFO:root:[37,     0] loss: 1.621890e-03 masks: 17.0 20.0 [wd: 5.81e-02] [lr: 9.20e-04] [mem: 5.66e+03] (162.7 ms)
INFO:root:[37,     0] grad_stats: [1.65e-04 1.91e-05] (1.64e-06, 2.90e-04)
INFO:root:[37,   116] loss: 1.575937e-03 masks: 22.4 17.3 [wd: 5.86e-02] [lr: 9.30e-04] [mem: 5.66e+03] (174.2 ms)
INFO:root:[37,   116] grad_stats: [1.44e-04 2.55e-05] (2.06e-06, 3.44e-04)
INFO:root:[37,   232] loss: 1.602676e-03 masks: 22.3 17.2 [wd: 5.91e-02] [lr: 9.40e-04] [mem: 5.66e+03] (174.4 ms)
INFO:root:[37,   232] grad_stats: [1.66e-04 1.78e-05] (1.72e-06, 2.33e-04)
INFO:root:avg. loss 1.60267601e-03
INFO:root:time taken for epoch 0:00:54.025112
INFO:root:Epoch 38
INFO:root:[38,     0] loss: 1.734131e-03 masks: 26.0 16.0 [wd: 5.91e-02] [lr: 9.40e-04] [mem: 5.66e+03] (183.3 ms)
INFO:root:[38,     0] grad_stats: [1.73e-04 2.93e-05] (2.99e-06, 2.48e-04)
INFO:root:[38,   116] loss: 1.645674e-03 masks: 21.6 17.5 [wd: 5.96e-02] [lr: 9.50e-04] [mem: 5.66e+03] (172.4 ms)
INFO:root:[38,   116] grad_stats: [1.58e-04 2.21e-05] (2.97e-06, 2.28e-04)
INFO:root:[38,   232] loss: 1.641194e-03 masks: 21.5 17.6 [wd: 6.01e-02] [lr: 9.60e-04] [mem: 5.66e+03] (172.9 ms)
INFO:root:[38,   232] grad_stats: [2.06e-04 2.11e-05] (2.81e-06, 2.07e-04)
INFO:root:avg. loss 1.64119386e-03
INFO:root:time taken for epoch 0:00:53.814168
INFO:root:Epoch 39
INFO:root:[39,     0] loss: 1.924393e-03 masks: 24.0 16.0 [wd: 6.01e-02] [lr: 9.60e-04] [mem: 5.66e+03] (175.6 ms)
INFO:root:[39,     0] grad_stats: [2.16e-04 2.42e-05] (2.96e-06, 2.92e-04)
INFO:root:[39,   116] loss: 1.662656e-03 masks: 21.9 17.6 [wd: 6.07e-02] [lr: 9.70e-04] [mem: 5.66e+03] (173.2 ms)
INFO:root:[39,   116] grad_stats: [2.07e-04 3.20e-05] (2.30e-06, 4.44e-04)
INFO:root:[39,   232] loss: 1.692880e-03 masks: 22.0 17.5 [wd: 6.12e-02] [lr: 9.80e-04] [mem: 5.66e+03] (173.8 ms)
INFO:root:[39,   232] grad_stats: [2.76e-04 2.68e-05] (3.00e-06, 3.20e-04)
INFO:root:avg. loss 1.69287954e-03
INFO:root:time taken for epoch 0:00:53.943835
INFO:root:Epoch 40
INFO:root:[40,     0] loss: 1.930700e-03 masks: 21.0 16.0 [wd: 6.12e-02] [lr: 9.80e-04] [mem: 5.66e+03] (168.6 ms)
INFO:root:[40,     0] grad_stats: [1.44e-04 2.46e-05] (2.84e-06, 2.42e-04)
INFO:root:[40,   116] loss: 1.759508e-03 masks: 22.2 16.9 [wd: 6.17e-02] [lr: 9.90e-04] [mem: 5.66e+03] (173.3 ms)
INFO:root:[40,   116] grad_stats: [2.67e-04 2.14e-05] (2.43e-06, 3.11e-04)
INFO:root:[40,   232] loss: 1.738534e-03 masks: 21.5 17.3 [wd: 6.23e-02] [lr: 1.00e-03] [mem: 5.66e+03] (172.3 ms)
INFO:root:[40,   232] grad_stats: [3.10e-04 2.77e-05] (2.49e-06, 3.84e-04)
INFO:root:avg. loss 1.73853394e-03
INFO:root:	Epoch 40, KNN accuracy train: 7.11230e-01, KNN accuracy train: 5.66000e-01
INFO:root:time taken for epoch 0:01:35.450613
INFO:root:Epoch 41
INFO:root:[41,     0] loss: 1.874127e-03 masks: 33.0 12.0 [wd: 6.23e-02] [lr: 1.00e-03] [mem: 5.66e+03] (193.0 ms)
INFO:root:[41,     0] grad_stats: [3.00e-04 3.99e-05] (4.65e-06, 5.92e-04)
INFO:root:[41,   116] loss: 1.708474e-03 masks: 22.3 17.0 [wd: 6.28e-02] [lr: 1.00e-03] [mem: 5.66e+03] (173.1 ms)
INFO:root:[41,   116] grad_stats: [1.01e-04 2.00e-05] (2.34e-06, 1.88e-04)
INFO:root:[41,   232] loss: 1.691099e-03 masks: 22.1 17.1 [wd: 6.34e-02] [lr: 1.00e-03] [mem: 5.66e+03] (173.4 ms)
INFO:root:[41,   232] grad_stats: [2.96e-04 5.86e-05] (6.77e-06, 5.85e-04)
INFO:root:avg. loss 1.69109946e-03
INFO:root:time taken for epoch 0:00:53.794975
INFO:root:Epoch 42
INFO:root:[42,     0] loss: 1.814439e-03 masks: 21.0 16.0 [wd: 6.34e-02] [lr: 1.00e-03] [mem: 5.66e+03] (165.4 ms)
INFO:root:[42,     0] grad_stats: [2.06e-04 2.38e-05] (2.44e-06, 3.29e-04)
INFO:root:[42,   116] loss: 1.693814e-03 masks: 22.2 17.2 [wd: 6.39e-02] [lr: 1.00e-03] [mem: 5.66e+03] (173.4 ms)
INFO:root:[42,   116] grad_stats: [1.31e-04 1.68e-05] (2.46e-06, 1.65e-04)
INFO:root:[42,   232] loss: 1.683076e-03 masks: 21.8 17.4 [wd: 6.45e-02] [lr: 1.00e-03] [mem: 5.66e+03] (173.1 ms)
INFO:root:[42,   232] grad_stats: [1.62e-04 2.74e-05] (2.83e-06, 2.05e-04)
INFO:root:avg. loss 1.68307624e-03
INFO:root:time taken for epoch 0:00:53.703978
INFO:root:Epoch 43
INFO:root:[43,     0] loss: 1.650875e-03 masks: 17.0 20.0 [wd: 6.45e-02] [lr: 1.00e-03] [mem: 5.66e+03] (161.6 ms)
INFO:root:[43,     0] grad_stats: [1.50e-04 1.53e-05] (2.37e-06, 2.08e-04)
INFO:root:[43,   116] loss: 1.651152e-03 masks: 22.0 17.2 [wd: 6.51e-02] [lr: 1.00e-03] [mem: 5.66e+03] (172.9 ms)
INFO:root:[43,   116] grad_stats: [1.22e-04 1.43e-05] (1.61e-06, 1.64e-04)
INFO:root:[43,   232] loss: 1.659936e-03 masks: 21.8 17.3 [wd: 6.56e-02] [lr: 9.99e-04] [mem: 5.66e+03] (173.1 ms)
INFO:root:[43,   232] grad_stats: [2.98e-04 2.38e-05] (3.37e-06, 4.14e-04)
INFO:root:avg. loss 1.65993557e-03
INFO:root:time taken for epoch 0:00:53.721314
INFO:root:Epoch 44
INFO:root:[44,     0] loss: 1.711642e-03 masks: 19.0 20.0 [wd: 6.57e-02] [lr: 9.99e-04] [mem: 5.66e+03] (168.6 ms)
INFO:root:[44,     0] grad_stats: [2.39e-04 2.49e-05] (3.30e-06, 3.46e-04)
INFO:root:[44,   116] loss: 1.649363e-03 masks: 21.4 17.5 [wd: 6.62e-02] [lr: 9.99e-04] [mem: 5.66e+03] (171.9 ms)
INFO:root:[44,   116] grad_stats: [1.26e-04 1.68e-05] (2.36e-06, 2.85e-04)
INFO:root:[44,   232] loss: 1.655379e-03 masks: 22.0 17.3 [wd: 6.68e-02] [lr: 9.99e-04] [mem: 5.66e+03] (173.6 ms)
INFO:root:[44,   232] grad_stats: [2.03e-04 2.37e-05] (2.49e-06, 2.39e-04)
INFO:root:avg. loss 1.65537896e-03
INFO:root:time taken for epoch 0:00:53.727886
INFO:root:Epoch 45
INFO:root:[45,     0] loss: 1.498523e-03 masks: 22.0 20.0 [wd: 6.68e-02] [lr: 9.99e-04] [mem: 5.66e+03] (176.6 ms)
INFO:root:[45,     0] grad_stats: [1.06e-04 1.58e-05] (2.37e-06, 1.66e-04)
INFO:root:[45,   116] loss: 1.658338e-03 masks: 21.6 17.4 [wd: 6.74e-02] [lr: 9.99e-04] [mem: 5.66e+03] (172.3 ms)
INFO:root:[45,   116] grad_stats: [1.61e-04 2.63e-05] (4.16e-06, 2.33e-04)
INFO:root:[45,   232] loss: 1.671534e-03 masks: 22.1 17.2 [wd: 6.80e-02] [lr: 9.99e-04] [mem: 5.66e+03] (173.9 ms)
INFO:root:[45,   232] grad_stats: [1.65e-04 2.19e-05] (2.33e-06, 2.30e-04)
INFO:root:avg. loss 1.67153370e-03
INFO:root:time taken for epoch 0:00:53.928685
INFO:root:Epoch 46
INFO:root:[46,     0] loss: 1.960411e-03 masks: 17.0 16.0 [wd: 6.80e-02] [lr: 9.99e-04] [mem: 5.66e+03] (156.4 ms)
INFO:root:[46,     0] grad_stats: [1.66e-04 2.49e-05] (2.32e-06, 1.66e-04)
INFO:root:[46,   116] loss: 1.699188e-03 masks: 23.5 16.7 [wd: 6.86e-02] [lr: 9.98e-04] [mem: 5.66e+03] (176.6 ms)
INFO:root:[46,   116] grad_stats: [3.18e-04 2.14e-05] (4.39e-06, 3.28e-04)
INFO:root:[46,   232] loss: 1.710959e-03 masks: 22.5 17.2 [wd: 6.92e-02] [lr: 9.98e-04] [mem: 5.66e+03] (174.9 ms)
INFO:root:[46,   232] grad_stats: [1.18e-04 1.51e-05] (1.63e-06, 2.54e-04)
INFO:root:avg. loss 1.71095850e-03
INFO:root:time taken for epoch 0:00:54.185183
INFO:root:Epoch 47
INFO:root:[47,     0] loss: 1.996228e-03 masks: 23.0 16.0 [wd: 6.93e-02] [lr: 9.98e-04] [mem: 5.66e+03] (170.0 ms)
INFO:root:[47,     0] grad_stats: [1.21e-04 2.90e-05] (3.29e-06, 2.39e-04)
INFO:root:[47,   116] loss: 1.788733e-03 masks: 21.9 17.2 [wd: 6.99e-02] [lr: 9.98e-04] [mem: 5.66e+03] (172.7 ms)
INFO:root:[47,   116] grad_stats: [1.19e-04 2.22e-05] (3.13e-06, 2.63e-04)
INFO:root:[47,   232] loss: 1.794807e-03 masks: 21.9 17.3 [wd: 7.05e-02] [lr: 9.97e-04] [mem: 5.66e+03] (173.4 ms)
INFO:root:[47,   232] grad_stats: [8.12e-05 1.13e-05] (2.25e-06, 1.69e-04)
INFO:root:avg. loss 1.79480663e-03
INFO:root:time taken for epoch 0:00:53.875715
INFO:root:Epoch 48
INFO:root:[48,     0] loss: 2.038540e-03 masks: 23.0 16.0 [wd: 7.05e-02] [lr: 9.97e-04] [mem: 5.66e+03] (171.5 ms)
INFO:root:[48,     0] grad_stats: [1.26e-04 3.46e-05] (2.98e-06, 3.50e-04)
INFO:root:[48,   116] loss: 1.806037e-03 masks: 21.3 17.6 [wd: 7.11e-02] [lr: 9.97e-04] [mem: 5.66e+03] (171.7 ms)
INFO:root:[48,   116] grad_stats: [1.43e-04 2.36e-05] (3.06e-06, 2.57e-04)
INFO:root:[48,   232] loss: 1.829171e-03 masks: 21.7 17.5 [wd: 7.18e-02] [lr: 9.96e-04] [mem: 5.66e+03] (173.3 ms)
INFO:root:[48,   232] grad_stats: [2.22e-04 2.59e-05] (3.70e-06, 2.87e-04)
INFO:root:avg. loss 1.82917073e-03
INFO:root:time taken for epoch 0:00:53.844035
INFO:root:Epoch 49
INFO:root:[49,     0] loss: 1.883294e-03 masks: 25.0 16.0 [wd: 7.18e-02] [lr: 9.96e-04] [mem: 5.66e+03] (179.1 ms)
INFO:root:[49,     0] grad_stats: [1.08e-04 2.22e-05] (3.00e-06, 1.42e-04)
INFO:root:[49,   116] loss: 1.867229e-03 masks: 22.4 17.3 [wd: 7.24e-02] [lr: 9.96e-04] [mem: 5.66e+03] (174.4 ms)
INFO:root:[49,   116] grad_stats: [1.34e-04 2.82e-05] (4.01e-06, 2.89e-04)
INFO:root:[49,   232] loss: 1.910039e-03 masks: 22.0 17.3 [wd: 7.31e-02] [lr: 9.95e-04] [mem: 5.66e+03] (174.0 ms)
INFO:root:[49,   232] grad_stats: [2.81e-04 2.34e-05] (3.96e-06, 3.33e-04)
INFO:root:avg. loss 1.91003929e-03
INFO:root:time taken for epoch 0:00:53.848885
INFO:root:Epoch 50
INFO:root:[50,     0] loss: 2.066827e-03 masks: 23.0 16.0 [wd: 7.31e-02] [lr: 9.95e-04] [mem: 5.66e+03] (171.2 ms)
INFO:root:[50,     0] grad_stats: [1.12e-04 1.66e-05] (2.13e-06, 2.13e-04)
INFO:root:[50,   116] loss: 2.016854e-03 masks: 22.4 16.9 [wd: 7.37e-02] [lr: 9.95e-04] [mem: 5.66e+03] (173.6 ms)
INFO:root:[50,   116] grad_stats: [2.10e-04 1.82e-05] (2.27e-06, 3.69e-04)
INFO:root:[50,   232] loss: 2.007150e-03 masks: 22.3 17.2 [wd: 7.44e-02] [lr: 9.94e-04] [mem: 5.66e+03] (174.3 ms)
INFO:root:[50,   232] grad_stats: [1.95e-04 2.99e-05] (4.29e-06, 4.56e-04)
INFO:root:avg. loss 2.00714978e-03
INFO:root:time taken for epoch 0:00:54.073693
INFO:root:Epoch 51
INFO:root:[51,     0] loss: 2.511333e-03 masks: 20.0 16.0 [wd: 7.44e-02] [lr: 9.94e-04] [mem: 5.66e+03] (165.3 ms)
INFO:root:[51,     0] grad_stats: [1.23e-04 2.45e-05] (2.63e-06, 1.83e-04)
INFO:root:[51,   116] loss: 1.989688e-03 masks: 22.0 17.2 [wd: 7.50e-02] [lr: 9.94e-04] [mem: 5.66e+03] (173.1 ms)
INFO:root:[51,   116] grad_stats: [1.05e-04 1.96e-05] (1.47e-06, 2.42e-04)
INFO:root:[51,   232] loss: 2.012270e-03 masks: 21.8 17.3 [wd: 7.57e-02] [lr: 9.93e-04] [mem: 5.66e+03] (173.2 ms)
INFO:root:[51,   232] grad_stats: [1.75e-04 2.54e-05] (3.89e-06, 5.03e-04)
INFO:root:avg. loss 2.01226996e-03
INFO:root:time taken for epoch 0:00:53.728925
INFO:root:Epoch 52
INFO:root:[52,     0] loss: 1.823686e-03 masks: 27.0 16.0 [wd: 7.57e-02] [lr: 9.93e-04] [mem: 5.66e+03] (184.8 ms)
INFO:root:[52,     0] grad_stats: [7.61e-05 1.78e-05] (2.34e-06, 2.15e-04)
INFO:root:[52,   116] loss: 2.055843e-03 masks: 22.3 17.1 [wd: 7.64e-02] [lr: 9.93e-04] [mem: 5.66e+03] (174.0 ms)
INFO:root:[52,   116] grad_stats: [3.15e-04 2.02e-05] (2.79e-06, 3.64e-04)
INFO:root:[52,   232] loss: 2.060562e-03 masks: 22.0 17.3 [wd: 7.71e-02] [lr: 9.92e-04] [mem: 5.66e+03] (173.8 ms)
INFO:root:[52,   232] grad_stats: [3.31e-04 2.55e-05] (5.11e-06, 3.69e-04)
INFO:root:avg. loss 2.06056224e-03
INFO:root:time taken for epoch 0:00:53.905470
INFO:root:Epoch 53
INFO:root:[53,     0] loss: 2.371257e-03 masks: 17.0 16.0 [wd: 7.71e-02] [lr: 9.92e-04] [mem: 5.66e+03] (156.2 ms)
INFO:root:[53,     0] grad_stats: [2.70e-04 2.07e-05] (2.96e-06, 2.70e-04)
INFO:root:[53,   116] loss: 2.117999e-03 masks: 21.8 17.5 [wd: 7.78e-02] [lr: 9.91e-04] [mem: 5.66e+03] (173.0 ms)
INFO:root:[53,   116] grad_stats: [1.22e-04 1.52e-05] (1.84e-06, 1.81e-04)
INFO:root:[53,   232] loss: 2.116115e-03 masks: 21.7 17.5 [wd: 7.85e-02] [lr: 9.91e-04] [mem: 5.66e+03] (173.1 ms)
INFO:root:[53,   232] grad_stats: [2.47e-04 1.96e-05] (2.60e-06, 2.47e-04)
INFO:root:avg. loss 2.11611548e-03
INFO:root:time taken for epoch 0:00:53.729071
INFO:root:Epoch 54
INFO:root:[54,     0] loss: 2.323064e-03 masks: 33.0 12.0 [wd: 7.85e-02] [lr: 9.91e-04] [mem: 5.66e+03] (194.2 ms)
INFO:root:[54,     0] grad_stats: [2.50e-04 3.55e-05] (3.76e-06, 6.18e-04)
INFO:root:[54,   116] loss: 2.158635e-03 masks: 22.3 17.1 [wd: 7.92e-02] [lr: 9.90e-04] [mem: 5.66e+03] (173.9 ms)
INFO:root:[54,   116] grad_stats: [1.85e-04 2.10e-05] (3.51e-06, 3.73e-04)
INFO:root:[54,   232] loss: 2.183201e-03 masks: 22.7 17.0 [wd: 7.99e-02] [lr: 9.89e-04] [mem: 5.66e+03] (175.2 ms)
INFO:root:[54,   232] grad_stats: [2.03e-04 2.26e-05] (2.53e-06, 4.18e-04)
INFO:root:avg. loss 2.18320069e-03
INFO:root:time taken for epoch 0:00:54.263121
INFO:root:Epoch 55
INFO:root:[55,     0] loss: 2.149819e-03 masks: 17.0 20.0 [wd: 7.99e-02] [lr: 9.89e-04] [mem: 5.66e+03] (162.3 ms)
INFO:root:[55,     0] grad_stats: [1.36e-04 1.70e-05] (2.12e-06, 1.44e-04)
INFO:root:[55,   116] loss: 2.171571e-03 masks: 21.6 17.6 [wd: 8.06e-02] [lr: 9.88e-04] [mem: 5.66e+03] (172.6 ms)
INFO:root:[55,   116] grad_stats: [1.11e-04 1.71e-05] (2.07e-06, 1.78e-04)
INFO:root:[55,   232] loss: 2.182109e-03 masks: 21.3 17.7 [wd: 8.13e-02] [lr: 9.87e-04] [mem: 5.66e+03] (172.4 ms)
INFO:root:[55,   232] grad_stats: [2.43e-04 2.41e-05] (4.12e-06, 4.06e-04)
INFO:root:avg. loss 2.18210947e-03
INFO:root:time taken for epoch 0:00:53.563003
INFO:root:Epoch 56
INFO:root:[56,     0] loss: 1.896228e-03 masks: 19.0 20.0 [wd: 8.13e-02] [lr: 9.87e-04] [mem: 5.66e+03] (168.6 ms)
INFO:root:[56,     0] grad_stats: [1.20e-04 1.80e-05] (1.95e-06, 1.68e-04)
INFO:root:[56,   116] loss: 2.268072e-03 masks: 21.3 17.4 [wd: 8.20e-02] [lr: 9.87e-04] [mem: 5.66e+03] (171.4 ms)
INFO:root:[56,   116] grad_stats: [2.67e-04 1.99e-05] (3.17e-06, 2.75e-04)
INFO:root:[56,   232] loss: 2.273175e-03 masks: 21.0 17.6 [wd: 8.28e-02] [lr: 9.86e-04] [mem: 5.66e+03] (171.5 ms)
INFO:root:[56,   232] grad_stats: [1.46e-04 1.99e-05] (2.37e-06, 2.21e-04)
INFO:root:avg. loss 2.27317528e-03
INFO:root:time taken for epoch 0:00:53.391348
INFO:root:Epoch 57
INFO:root:[57,     0] loss: 2.208919e-03 masks: 25.0 16.0 [wd: 8.28e-02] [lr: 9.86e-04] [mem: 5.66e+03] (178.2 ms)
INFO:root:[57,     0] grad_stats: [3.20e-04 2.31e-05] (2.64e-06, 3.76e-04)
INFO:root:[57,   116] loss: 2.296116e-03 masks: 21.9 17.4 [wd: 8.35e-02] [lr: 9.85e-04] [mem: 5.66e+03] (173.3 ms)
INFO:root:[57,   116] grad_stats: [1.46e-04 2.23e-05] (3.34e-06, 2.09e-04)
INFO:root:[57,   232] loss: 2.313977e-03 masks: 22.2 17.2 [wd: 8.42e-02] [lr: 9.84e-04] [mem: 5.66e+03] (174.3 ms)
INFO:root:[57,   232] grad_stats: [1.51e-04 1.76e-05] (4.09e-06, 2.47e-04)
INFO:root:avg. loss 2.31397689e-03
INFO:root:time taken for epoch 0:00:54.036198
INFO:root:Epoch 58
INFO:root:[58,     0] loss: 2.172467e-03 masks: 17.0 20.0 [wd: 8.42e-02] [lr: 9.84e-04] [mem: 5.66e+03] (159.4 ms)
INFO:root:[58,     0] grad_stats: [7.95e-05 1.25e-05] (2.20e-06, 1.34e-04)
INFO:root:[58,   116] loss: 2.293596e-03 masks: 22.1 17.5 [wd: 8.50e-02] [lr: 9.83e-04] [mem: 5.66e+03] (173.8 ms)
INFO:root:[58,   116] grad_stats: [1.60e-04 2.82e-05] (4.93e-06, 3.76e-04)
INFO:root:[58,   232] loss: 2.319895e-03 masks: 22.2 17.3 [wd: 8.57e-02] [lr: 9.82e-04] [mem: 5.66e+03] (174.3 ms)
INFO:root:[58,   232] grad_stats: [2.08e-04 3.54e-05] (4.12e-06, 4.09e-04)
INFO:root:avg. loss 2.31989458e-03
INFO:root:time taken for epoch 0:00:54.014267
INFO:root:Epoch 59
INFO:root:[59,     0] loss: 2.416387e-03 masks: 23.0 16.0 [wd: 8.57e-02] [lr: 9.82e-04] [mem: 5.66e+03] (171.4 ms)
INFO:root:[59,     0] grad_stats: [2.18e-04 2.27e-05] (2.91e-06, 2.68e-04)
INFO:root:[59,   116] loss: 2.403350e-03 masks: 22.7 16.9 [wd: 8.65e-02] [lr: 9.81e-04] [mem: 5.66e+03] (174.7 ms)
INFO:root:[59,   116] grad_stats: [1.34e-04 2.21e-05] (2.77e-06, 3.29e-04)
INFO:root:[59,   232] loss: 2.397898e-03 masks: 22.4 17.0 [wd: 8.72e-02] [lr: 9.80e-04] [mem: 5.66e+03] (174.5 ms)
INFO:root:[59,   232] grad_stats: [2.89e-04 2.23e-05] (4.13e-06, 3.29e-04)
INFO:root:avg. loss 2.39789792e-03
INFO:root:time taken for epoch 0:00:54.125771
INFO:root:Epoch 60
INFO:root:[60,     0] loss: 2.334444e-03 masks: 25.0 16.0 [wd: 8.73e-02] [lr: 9.80e-04] [mem: 5.66e+03] (176.9 ms)
INFO:root:[60,     0] grad_stats: [2.07e-04 2.23e-05] (3.54e-06, 2.40e-04)
INFO:root:[60,   116] loss: 2.404821e-03 masks: 21.8 17.5 [wd: 8.80e-02] [lr: 9.79e-04] [mem: 5.66e+03] (173.0 ms)
INFO:root:[60,   116] grad_stats: [1.43e-04 1.63e-05] (1.74e-06, 1.93e-04)
INFO:root:[60,   232] loss: 2.439002e-03 masks: 22.0 17.3 [wd: 8.88e-02] [lr: 9.78e-04] [mem: 5.66e+03] (173.8 ms)
INFO:root:[60,   232] grad_stats: [2.00e-04 3.05e-05] (4.64e-06, 2.24e-04)
INFO:root:avg. loss 2.43900175e-03
INFO:root:	Epoch 60, KNN accuracy train: 7.02146e-01, KNN accuracy train: 5.70000e-01
INFO:root:time taken for epoch 0:01:35.764310
INFO:root:Epoch 61
INFO:root:[61,     0] loss: 2.921390e-03 masks: 17.0 16.0 [wd: 8.88e-02] [lr: 9.78e-04] [mem: 5.66e+03] (156.5 ms)
INFO:root:[61,     0] grad_stats: [2.51e-04 2.45e-05] (3.49e-06, 3.75e-04)
INFO:root:[61,   116] loss: 2.523037e-03 masks: 21.5 17.4 [wd: 8.96e-02] [lr: 9.77e-04] [mem: 5.66e+03] (171.6 ms)
INFO:root:[61,   116] grad_stats: [2.50e-04 2.72e-05] (3.12e-06, 4.02e-04)
INFO:root:[61,   232] loss: 2.546138e-03 masks: 21.5 17.4 [wd: 9.03e-02] [lr: 9.76e-04] [mem: 5.66e+03] (172.2 ms)
INFO:root:[61,   232] grad_stats: [4.37e-04 2.22e-05] (4.30e-06, 4.44e-04)
INFO:root:avg. loss 2.54613829e-03
INFO:root:time taken for epoch 0:00:53.526597
INFO:root:Epoch 62
INFO:root:[62,     0] loss: 2.749908e-03 masks: 21.0 16.0 [wd: 9.04e-02] [lr: 9.76e-04] [mem: 5.66e+03] (166.6 ms)
INFO:root:[62,     0] grad_stats: [1.98e-04 2.05e-05] (4.07e-06, 2.65e-04)
INFO:root:[62,   116] loss: 2.568116e-03 masks: 21.8 17.5 [wd: 9.11e-02] [lr: 9.74e-04] [mem: 5.66e+03] (173.1 ms)
INFO:root:[62,   116] grad_stats: [2.19e-04 3.21e-05] (4.31e-06, 2.19e-04)
INFO:root:[62,   232] loss: 2.610408e-03 masks: 21.7 17.4 [wd: 9.19e-02] [lr: 9.73e-04] [mem: 5.66e+03] (173.2 ms)
INFO:root:[62,   232] grad_stats: [1.05e-04 1.40e-05] (2.62e-06, 1.69e-04)
INFO:root:avg. loss 2.61040831e-03
INFO:root:time taken for epoch 0:00:53.807941
INFO:root:Epoch 63
INFO:root:[63,     0] loss: 2.063015e-03 masks: 23.0 20.0 [wd: 9.19e-02] [lr: 9.73e-04] [mem: 5.66e+03] (178.1 ms)
INFO:root:[63,     0] grad_stats: [2.73e-04 1.99e-05] (2.94e-06, 3.01e-04)
INFO:root:[63,   116] loss: 2.668555e-03 masks: 21.9 17.3 [wd: 9.27e-02] [lr: 9.72e-04] [mem: 5.66e+03] (173.0 ms)
INFO:root:[63,   116] grad_stats: [8.38e-05 1.63e-05] (2.93e-06, 1.65e-04)
INFO:root:[63,   232] loss: 2.670945e-03 masks: 21.9 17.3 [wd: 9.35e-02] [lr: 9.71e-04] [mem: 5.66e+03] (173.4 ms)
INFO:root:[63,   232] grad_stats: [1.19e-04 1.54e-05] (3.71e-06, 1.84e-04)
INFO:root:avg. loss 2.67094483e-03
INFO:root:time taken for epoch 0:00:53.836692
INFO:root:Epoch 64
INFO:root:[64,     0] loss: 2.693860e-03 masks: 20.0 16.0 [wd: 9.35e-02] [lr: 9.71e-04] [mem: 5.66e+03] (165.0 ms)
INFO:root:[64,     0] grad_stats: [1.65e-04 2.32e-05] (4.22e-06, 2.84e-04)
INFO:root:[64,   116] loss: 2.719058e-03 masks: 22.3 17.2 [wd: 9.43e-02] [lr: 9.69e-04] [mem: 5.66e+03] (174.2 ms)
INFO:root:[64,   116] grad_stats: [1.97e-04 1.63e-05] (3.05e-06, 2.19e-04)
INFO:root:[64,   232] loss: 2.729021e-03 masks: 21.9 17.4 [wd: 9.51e-02] [lr: 9.68e-04] [mem: 5.66e+03] (173.7 ms)
INFO:root:[64,   232] grad_stats: [1.58e-04 2.75e-05] (5.02e-06, 4.72e-04)
INFO:root:avg. loss 2.72902087e-03
INFO:root:time taken for epoch 0:00:53.870046
INFO:root:Epoch 65
INFO:root:[65,     0] loss: 2.952711e-03 masks: 23.0 16.0 [wd: 9.51e-02] [lr: 9.68e-04] [mem: 5.66e+03] (171.3 ms)
INFO:root:[65,     0] grad_stats: [3.10e-04 2.88e-05] (3.86e-06, 3.26e-04)
INFO:root:[65,   116] loss: 2.793223e-03 masks: 21.9 17.3 [wd: 9.60e-02] [lr: 9.67e-04] [mem: 5.66e+03] (173.1 ms)
INFO:root:[65,   116] grad_stats: [3.80e-04 2.20e-05] (4.05e-06, 3.80e-04)
INFO:root:[65,   232] loss: 2.791043e-03 masks: 22.2 17.3 [wd: 9.68e-02] [lr: 9.65e-04] [mem: 5.66e+03] (174.3 ms)
INFO:root:[65,   232] grad_stats: [2.29e-04 1.95e-05] (2.62e-06, 2.29e-04)
INFO:root:avg. loss 2.79104342e-03
INFO:root:time taken for epoch 0:00:54.042896
INFO:root:Epoch 66
INFO:root:[66,     0] loss: 2.683911e-03 masks: 17.0 20.0 [wd: 9.68e-02] [lr: 9.65e-04] [mem: 5.66e+03] (163.5 ms)
INFO:root:[66,     0] grad_stats: [8.60e-05 1.45e-05] (2.56e-06, 1.58e-04)
INFO:root:[66,   116] loss: 2.808510e-03 masks: 23.3 16.9 [wd: 9.76e-02] [lr: 9.64e-04] [mem: 5.66e+03] (176.4 ms)
INFO:root:[66,   116] grad_stats: [4.83e-04 2.66e-05] (4.73e-06, 4.83e-04)
INFO:root:[66,   232] loss: 2.860239e-03 masks: 22.7 17.0 [wd: 9.84e-02] [lr: 9.63e-04] [mem: 5.66e+03] (175.4 ms)
INFO:root:[66,   232] grad_stats: [1.51e-04 2.02e-05] (3.35e-06, 2.41e-04)
INFO:root:avg. loss 2.86023868e-03
INFO:root:time taken for epoch 0:00:54.142682
INFO:root:Epoch 67
INFO:root:[67,     0] loss: 2.692833e-03 masks: 25.0 16.0 [wd: 9.84e-02] [lr: 9.63e-04] [mem: 5.66e+03] (176.3 ms)
INFO:root:[67,     0] grad_stats: [3.04e-04 3.21e-05] (5.13e-06, 3.67e-04)
INFO:root:[67,   116] loss: 2.917339e-03 masks: 22.4 17.2 [wd: 9.93e-02] [lr: 9.61e-04] [mem: 5.66e+03] (174.5 ms)
INFO:root:[67,   116] grad_stats: [1.56e-04 2.38e-05] (4.15e-06, 4.93e-04)
INFO:root:[67,   232] loss: 2.939912e-03 masks: 22.2 17.2 [wd: 1.00e-01] [lr: 9.60e-04] [mem: 5.66e+03] (174.3 ms)
INFO:root:[67,   232] grad_stats: [2.04e-04 1.58e-05] (3.59e-06, 2.24e-04)
INFO:root:avg. loss 2.93991247e-03
INFO:root:time taken for epoch 0:00:53.971989
INFO:root:Epoch 68
INFO:root:[68,     0] loss: 3.088314e-03 masks: 34.0 12.0 [wd: 1.00e-01] [lr: 9.60e-04] [mem: 5.66e+03] (195.9 ms)
INFO:root:[68,     0] grad_stats: [1.39e-04 2.82e-05] (5.68e-06, 4.97e-04)
INFO:root:[68,   116] loss: 2.988055e-03 masks: 21.8 17.5 [wd: 1.01e-01] [lr: 9.58e-04] [mem: 5.66e+03] (173.1 ms)
INFO:root:[68,   116] grad_stats: [1.72e-04 3.14e-05] (6.52e-06, 4.14e-04)
INFO:root:[68,   232] loss: 2.983384e-03 masks: 22.1 17.4 [wd: 1.02e-01] [lr: 9.57e-04] [mem: 5.66e+03] (174.4 ms)
INFO:root:[68,   232] grad_stats: [1.22e-04 1.61e-05] (2.76e-06, 1.77e-04)
INFO:root:avg. loss 2.98338398e-03
INFO:root:time taken for epoch 0:00:54.088229
INFO:root:Epoch 69
INFO:root:[69,     0] loss: 2.703007e-03 masks: 18.0 20.0 [wd: 1.02e-01] [lr: 9.57e-04] [mem: 5.66e+03] (166.4 ms)
INFO:root:[69,     0] grad_stats: [1.20e-04 1.96e-05] (2.93e-06, 2.56e-04)
INFO:root:[69,   116] loss: 3.029331e-03 masks: 21.9 17.3 [wd: 1.03e-01] [lr: 9.55e-04] [mem: 5.66e+03] (173.4 ms)
INFO:root:[69,   116] grad_stats: [1.69e-04 2.03e-05] (3.80e-06, 2.59e-04)
INFO:root:[69,   232] loss: 3.046986e-03 masks: 22.5 17.1 [wd: 1.04e-01] [lr: 9.54e-04] [mem: 5.66e+03] (175.1 ms)
INFO:root:[69,   232] grad_stats: [1.97e-04 1.79e-05] (2.75e-06, 2.84e-04)
INFO:root:avg. loss 3.04698648e-03
INFO:root:time taken for epoch 0:00:54.223350
INFO:root:Epoch 70
INFO:root:[70,     0] loss: 2.461112e-03 masks: 20.0 20.0 [wd: 1.04e-01] [lr: 9.54e-04] [mem: 5.66e+03] (170.6 ms)
INFO:root:[70,     0] grad_stats: [1.89e-04 1.55e-05] (2.54e-06, 2.72e-04)
INFO:root:[70,   116] loss: 3.064309e-03 masks: 21.4 17.4 [wd: 1.04e-01] [lr: 9.52e-04] [mem: 5.66e+03] (172.0 ms)
INFO:root:[70,   116] grad_stats: [2.69e-04 2.15e-05] (4.26e-06, 3.93e-04)
INFO:root:[70,   232] loss: 3.093961e-03 masks: 21.2 17.6 [wd: 1.05e-01] [lr: 9.51e-04] [mem: 5.66e+03] (172.1 ms)
INFO:root:[70,   232] grad_stats: [2.00e-04 2.52e-05] (4.13e-06, 2.77e-04)
INFO:root:avg. loss 3.09396090e-03
INFO:root:time taken for epoch 0:00:53.519013
INFO:root:Epoch 71
INFO:root:[71,     0] loss: 3.038566e-03 masks: 25.0 16.0 [wd: 1.05e-01] [lr: 9.51e-04] [mem: 5.66e+03] (177.8 ms)
INFO:root:[71,     0] grad_stats: [1.50e-04 1.67e-05] (3.29e-06, 1.58e-04)
INFO:root:[71,   116] loss: 3.173346e-03 masks: 22.2 17.2 [wd: 1.06e-01] [lr: 9.49e-04] [mem: 5.66e+03] (173.9 ms)
INFO:root:[71,   116] grad_stats: [2.29e-04 2.42e-05] (4.67e-06, 3.06e-04)
INFO:root:[71,   232] loss: 3.165417e-03 masks: 21.5 17.5 [wd: 1.07e-01] [lr: 9.47e-04] [mem: 5.66e+03] (172.8 ms)
INFO:root:[71,   232] grad_stats: [9.84e-05 1.86e-05] (2.38e-06, 2.49e-04)
INFO:root:avg. loss 3.16541675e-03
INFO:root:time taken for epoch 0:00:53.695551
INFO:root:Epoch 72
INFO:root:[72,     0] loss: 2.983076e-03 masks: 24.0 16.0 [wd: 1.07e-01] [lr: 9.47e-04] [mem: 5.66e+03] (177.6 ms)
INFO:root:[72,     0] grad_stats: [1.23e-04 2.58e-05] (4.37e-06, 4.21e-04)
INFO:root:[72,   116] loss: 3.176911e-03 masks: 21.1 17.7 [wd: 1.08e-01] [lr: 9.46e-04] [mem: 5.66e+03] (171.7 ms)
INFO:root:[72,   116] grad_stats: [4.07e-04 3.48e-05] (5.74e-06, 5.77e-04)
INFO:root:[72,   232] loss: 3.247455e-03 masks: 21.7 17.3 [wd: 1.09e-01] [lr: 9.44e-04] [mem: 5.66e+03] (173.2 ms)
INFO:root:[72,   232] grad_stats: [1.42e-04 2.41e-05] (3.89e-06, 2.14e-04)
INFO:root:avg. loss 3.24745460e-03
INFO:root:time taken for epoch 0:00:53.674923
INFO:root:Epoch 73
INFO:root:[73,     0] loss: 3.179861e-03 masks: 18.0 20.0 [wd: 1.09e-01] [lr: 9.44e-04] [mem: 5.66e+03] (165.6 ms)
INFO:root:[73,     0] grad_stats: [2.02e-04 1.96e-05] (2.75e-06, 3.21e-04)
INFO:root:[73,   116] loss: 3.283004e-03 masks: 22.6 17.0 [wd: 1.10e-01] [lr: 9.42e-04] [mem: 5.66e+03] (174.7 ms)
INFO:root:[73,   116] grad_stats: [1.08e-04 1.63e-05] (3.57e-06, 1.92e-04)
INFO:root:[73,   232] loss: 3.318375e-03 masks: 22.5 17.0 [wd: 1.11e-01] [lr: 9.40e-04] [mem: 5.66e+03] (175.0 ms)
INFO:root:[73,   232] grad_stats: [1.44e-04 1.98e-05] (4.13e-06, 2.71e-04)
INFO:root:avg. loss 3.31837530e-03
INFO:root:time taken for epoch 0:00:54.197880
INFO:root:Epoch 74
INFO:root:[74,     0] loss: 3.629085e-03 masks: 20.0 16.0 [wd: 1.11e-01] [lr: 9.40e-04] [mem: 5.66e+03] (166.0 ms)
INFO:root:[74,     0] grad_stats: [2.83e-04 2.99e-05] (3.69e-06, 4.38e-04)
INFO:root:[74,   116] loss: 3.362921e-03 masks: 22.9 16.9 [wd: 1.11e-01] [lr: 9.39e-04] [mem: 5.66e+03] (175.2 ms)
INFO:root:[74,   116] grad_stats: [2.60e-04 1.83e-05] (4.40e-06, 3.32e-04)
INFO:root:[74,   232] loss: 3.356495e-03 masks: 22.3 17.0 [wd: 1.12e-01] [lr: 9.37e-04] [mem: 5.66e+03] (174.4 ms)
INFO:root:[74,   232] grad_stats: [3.33e-04 3.65e-05] (6.49e-06, 7.03e-04)
INFO:root:avg. loss 3.35649451e-03
INFO:root:time taken for epoch 0:00:54.023447
INFO:root:Epoch 75
INFO:root:[75,     0] loss: 3.634910e-03 masks: 21.0 16.0 [wd: 1.12e-01] [lr: 9.37e-04] [mem: 5.66e+03] (168.3 ms)
INFO:root:[75,     0] grad_stats: [1.35e-04 2.08e-05] (2.85e-06, 1.78e-04)
INFO:root:[75,   116] loss: 3.378278e-03 masks: 21.2 17.5 [wd: 1.13e-01] [lr: 9.35e-04] [mem: 5.66e+03] (171.6 ms)
INFO:root:[75,   116] grad_stats: [4.12e-04 2.32e-05] (4.93e-06, 4.26e-04)
INFO:root:[75,   232] loss: 3.437181e-03 masks: 21.7 17.3 [wd: 1.14e-01] [lr: 9.33e-04] [mem: 5.66e+03] (173.0 ms)
INFO:root:[75,   232] grad_stats: [2.08e-04 2.28e-05] (4.25e-06, 2.08e-04)
INFO:root:avg. loss 3.43718134e-03
INFO:root:time taken for epoch 0:00:53.812980
INFO:root:Epoch 76
INFO:root:[76,     0] loss: 3.598192e-03 masks: 23.0 16.0 [wd: 1.14e-01] [lr: 9.33e-04] [mem: 5.66e+03] (171.8 ms)
INFO:root:[76,     0] grad_stats: [3.87e-04 2.67e-05] (5.92e-06, 3.87e-04)
INFO:root:[76,   116] loss: 3.392378e-03 masks: 22.0 17.5 [wd: 1.15e-01] [lr: 9.31e-04] [mem: 5.66e+03] (173.7 ms)
INFO:root:[76,   116] grad_stats: [3.02e-04 2.36e-05] (3.51e-06, 3.29e-04)
INFO:root:[76,   232] loss: 3.395139e-03 masks: 22.0 17.5 [wd: 1.16e-01] [lr: 9.29e-04] [mem: 5.66e+03] (174.2 ms)
INFO:root:[76,   232] grad_stats: [1.52e-04 2.46e-05] (4.06e-06, 4.87e-04)
INFO:root:avg. loss 3.39513859e-03
INFO:root:time taken for epoch 0:00:54.049906
INFO:root:Epoch 77
INFO:root:[77,     0] loss: 3.633988e-03 masks: 23.0 16.0 [wd: 1.16e-01] [lr: 9.29e-04] [mem: 5.66e+03] (171.3 ms)
INFO:root:[77,     0] grad_stats: [1.77e-04 2.65e-05] (5.06e-06, 5.36e-04)
INFO:root:[77,   116] loss: 3.517854e-03 masks: 23.4 16.8 [wd: 1.17e-01] [lr: 9.27e-04] [mem: 5.66e+03] (176.5 ms)
INFO:root:[77,   116] grad_stats: [1.56e-04 2.09e-05] (3.69e-06, 2.19e-04)
INFO:root:[77,   232] loss: 3.512546e-03 masks: 22.6 17.1 [wd: 1.18e-01] [lr: 9.25e-04] [mem: 5.66e+03] (175.3 ms)
INFO:root:[77,   232] grad_stats: [2.02e-04 3.67e-05] (7.10e-06, 3.97e-04)
INFO:root:avg. loss 3.51254647e-03
INFO:root:time taken for epoch 0:00:54.201494
INFO:root:Epoch 78
INFO:root:[78,     0] loss: 3.479669e-03 masks: 25.0 16.0 [wd: 1.18e-01] [lr: 9.25e-04] [mem: 5.66e+03] (178.4 ms)
INFO:root:[78,     0] grad_stats: [1.75e-04 2.73e-05] (6.55e-06, 4.84e-04)
INFO:root:[78,   116] loss: 3.582240e-03 masks: 21.6 17.4 [wd: 1.19e-01] [lr: 9.23e-04] [mem: 5.66e+03] (172.6 ms)
INFO:root:[78,   116] grad_stats: [2.09e-04 2.70e-05] (5.25e-06, 2.55e-04)
INFO:root:[78,   232] loss: 3.567743e-03 masks: 22.1 17.3 [wd: 1.20e-01] [lr: 9.21e-04] [mem: 5.66e+03] (174.2 ms)
INFO:root:[78,   232] grad_stats: [1.30e-04 2.49e-05] (5.23e-06, 4.80e-04)
INFO:root:avg. loss 3.56774250e-03
INFO:root:time taken for epoch 0:00:53.981396
INFO:root:Epoch 79
INFO:root:[79,     0] loss: 3.631800e-03 masks: 24.0 16.0 [wd: 1.20e-01] [lr: 9.21e-04] [mem: 5.66e+03] (176.1 ms)
INFO:root:[79,     0] grad_stats: [1.44e-04 2.56e-05] (6.57e-06, 5.96e-04)
INFO:root:[79,   116] loss: 3.621672e-03 masks: 21.9 17.4 [wd: 1.21e-01] [lr: 9.19e-04] [mem: 5.66e+03] (173.3 ms)
INFO:root:[79,   116] grad_stats: [1.87e-04 2.17e-05] (3.71e-06, 3.71e-04)
INFO:root:[79,   232] loss: 3.648193e-03 masks: 22.3 17.2 [wd: 1.22e-01] [lr: 9.17e-04] [mem: 5.66e+03] (174.8 ms)
INFO:root:[79,   232] grad_stats: [1.89e-04 2.38e-05] (5.17e-06, 3.69e-04)
INFO:root:avg. loss 3.64819257e-03
INFO:root:time taken for epoch 0:00:54.177520
INFO:root:Epoch 80
INFO:root:[80,     0] loss: 3.799119e-03 masks: 11.0 20.0 [wd: 1.22e-01] [lr: 9.17e-04] [mem: 5.66e+03] (144.8 ms)
INFO:root:[80,     0] grad_stats: [1.03e-04 2.96e-05] (3.68e-06, 2.70e-04)
INFO:root:[80,   116] loss: 3.727948e-03 masks: 21.9 17.2 [wd: 1.23e-01] [lr: 9.15e-04] [mem: 5.66e+03] (173.5 ms)
INFO:root:[80,   116] grad_stats: [1.26e-04 2.45e-05] (3.64e-06, 3.24e-04)
INFO:root:[80,   232] loss: 3.716731e-03 masks: 22.0 17.3 [wd: 1.24e-01] [lr: 9.13e-04] [mem: 5.66e+03] (174.2 ms)
INFO:root:[80,   232] grad_stats: [5.16e-04 3.98e-05] (5.37e-06, 8.78e-04)
INFO:root:avg. loss 3.71673085e-03
INFO:root:	Epoch 80, KNN accuracy train: 7.01502e-01, KNN accuracy train: 5.60333e-01
INFO:root:time taken for epoch 0:01:35.926844
INFO:root:Epoch 81
INFO:root:[81,     0] loss: 3.197417e-03 masks: 19.0 20.0 [wd: 1.24e-01] [lr: 9.13e-04] [mem: 5.66e+03] (171.2 ms)
INFO:root:[81,     0] grad_stats: [2.04e-04 2.30e-05] (3.83e-06, 2.71e-04)
INFO:root:[81,   116] loss: 3.800572e-03 masks: 22.0 17.2 [wd: 1.25e-01] [lr: 9.11e-04] [mem: 5.66e+03] (172.8 ms)
INFO:root:[81,   116] grad_stats: [4.27e-04 3.69e-05] (7.50e-06, 6.94e-04)
INFO:root:[81,   232] loss: 3.850020e-03 masks: 22.0 17.2 [wd: 1.25e-01] [lr: 9.09e-04] [mem: 5.66e+03] (173.4 ms)
INFO:root:[81,   232] grad_stats: [1.91e-04 2.51e-05] (6.34e-06, 4.23e-04)
INFO:root:avg. loss 3.85002023e-03
INFO:root:time taken for epoch 0:00:53.777361
INFO:root:Epoch 82
INFO:root:[82,     0] loss: 3.505784e-03 masks: 17.0 20.0 [wd: 1.25e-01] [lr: 9.09e-04] [mem: 5.66e+03] (162.8 ms)
INFO:root:[82,     0] grad_stats: [2.73e-04 2.16e-05] (4.88e-06, 3.37e-04)
INFO:root:[82,   116] loss: 3.814644e-03 masks: 21.3 17.7 [wd: 1.26e-01] [lr: 9.07e-04] [mem: 5.66e+03] (172.0 ms)
INFO:root:[82,   116] grad_stats: [2.85e-04 2.41e-05] (5.02e-06, 3.57e-04)
INFO:root:[82,   232] loss: 3.845871e-03 masks: 21.6 17.5 [wd: 1.27e-01] [lr: 9.05e-04] [mem: 5.66e+03] (173.1 ms)
INFO:root:[82,   232] grad_stats: [1.33e-04 2.32e-05] (4.54e-06, 3.30e-04)
INFO:root:avg. loss 3.84587066e-03
INFO:root:time taken for epoch 0:00:53.747767
INFO:root:Epoch 83
INFO:root:[83,     0] loss: 3.883716e-03 masks: 18.0 20.0 [wd: 1.27e-01] [lr: 9.05e-04] [mem: 5.66e+03] (163.4 ms)
INFO:root:[83,     0] grad_stats: [1.77e-04 2.12e-05] (4.09e-06, 2.55e-04)
INFO:root:[83,   116] loss: 3.914539e-03 masks: 22.9 16.8 [wd: 1.28e-01] [lr: 9.02e-04] [mem: 5.66e+03] (175.4 ms)
INFO:root:[83,   116] grad_stats: [2.24e-04 3.19e-05] (6.00e-06, 5.41e-04)
INFO:root:[83,   232] loss: 3.952657e-03 masks: 22.4 17.0 [wd: 1.29e-01] [lr: 9.00e-04] [mem: 5.66e+03] (174.7 ms)
INFO:root:[83,   232] grad_stats: [5.92e-04 2.83e-05] (5.47e-06, 5.92e-04)
INFO:root:avg. loss 3.95265693e-03
INFO:root:time taken for epoch 0:00:54.078566
INFO:root:Epoch 84
INFO:root:[84,     0] loss: 3.850682e-03 masks: 24.0 16.0 [wd: 1.29e-01] [lr: 9.00e-04] [mem: 5.66e+03] (177.1 ms)
INFO:root:[84,     0] grad_stats: [1.55e-04 2.25e-05] (4.53e-06, 1.94e-04)
INFO:root:[84,   116] loss: 3.949421e-03 masks: 21.3 17.5 [wd: 1.30e-01] [lr: 8.98e-04] [mem: 5.66e+03] (171.9 ms)
INFO:root:[84,   116] grad_stats: [1.89e-04 3.20e-05] (4.38e-06, 2.64e-04)
INFO:root:[84,   232] loss: 3.987367e-03 masks: 21.5 17.4 [wd: 1.31e-01] [lr: 8.96e-04] [mem: 5.66e+03] (172.9 ms)
INFO:root:[84,   232] grad_stats: [1.09e-04 2.24e-05] (3.80e-06, 2.04e-04)
INFO:root:avg. loss 3.98736703e-03
INFO:root:time taken for epoch 0:00:53.758064
INFO:root:Epoch 85
INFO:root:[85,     0] loss: 3.403242e-03 masks: 20.0 20.0 [wd: 1.31e-01] [lr: 8.96e-04] [mem: 5.66e+03] (169.9 ms)
INFO:root:[85,     0] grad_stats: [3.40e-04 2.16e-05] (4.48e-06, 3.54e-04)
INFO:root:[85,   116] loss: 4.015633e-03 masks: 22.3 17.2 [wd: 1.32e-01] [lr: 8.93e-04] [mem: 5.66e+03] (174.3 ms)
INFO:root:[85,   116] grad_stats: [1.25e-04 1.91e-05] (3.79e-06, 2.64e-04)
INFO:root:[85,   232] loss: 4.016851e-03 masks: 22.0 17.4 [wd: 1.33e-01] [lr: 8.91e-04] [mem: 5.66e+03] (174.3 ms)
INFO:root:[85,   232] grad_stats: [1.29e-04 1.88e-05] (3.00e-06, 2.29e-04)
INFO:root:avg. loss 4.01685127e-03
INFO:root:time taken for epoch 0:00:54.006261
INFO:root:Epoch 86
INFO:root:[86,     0] loss: 3.330900e-03 masks: 19.0 20.0 [wd: 1.33e-01] [lr: 8.91e-04] [mem: 5.66e+03] (169.1 ms)
INFO:root:[86,     0] grad_stats: [2.11e-04 1.71e-05] (3.46e-06, 2.46e-04)
INFO:root:[86,   116] loss: 4.133420e-03 masks: 20.9 17.5 [wd: 1.34e-01] [lr: 8.89e-04] [mem: 5.66e+03] (170.8 ms)
INFO:root:[86,   116] grad_stats: [1.76e-04 3.44e-05] (7.50e-06, 5.80e-04)
INFO:root:[86,   232] loss: 4.127595e-03 masks: 21.8 17.3 [wd: 1.35e-01] [lr: 8.86e-04] [mem: 5.66e+03] (173.4 ms)
INFO:root:[86,   232] grad_stats: [1.93e-04 2.67e-05] (5.91e-06, 4.24e-04)
INFO:root:avg. loss 4.12759544e-03
INFO:root:time taken for epoch 0:00:53.789888
INFO:root:Epoch 87
INFO:root:[87,     0] loss: 4.181312e-03 masks: 23.0 16.0 [wd: 1.35e-01] [lr: 8.86e-04] [mem: 5.66e+03] (171.7 ms)
INFO:root:[87,     0] grad_stats: [1.43e-04 2.19e-05] (5.80e-06, 2.39e-04)
INFO:root:[87,   116] loss: 4.161291e-03 masks: 21.1 17.6 [wd: 1.36e-01] [lr: 8.84e-04] [mem: 5.66e+03] (171.6 ms)
INFO:root:[87,   116] grad_stats: [1.24e-04 2.82e-05] (5.01e-06, 3.33e-04)
INFO:root:[87,   232] loss: 4.172670e-03 masks: 21.4 17.4 [wd: 1.37e-01] [lr: 8.82e-04] [mem: 5.66e+03] (172.5 ms)
INFO:root:[87,   232] grad_stats: [2.28e-04 2.22e-05] (4.56e-06, 3.49e-04)
INFO:root:avg. loss 4.17267002e-03
INFO:root:time taken for epoch 0:00:53.626731
INFO:root:Epoch 88
INFO:root:[88,     0] loss: 4.821512e-03 masks: 21.0 16.0 [wd: 1.37e-01] [lr: 8.82e-04] [mem: 5.66e+03] (165.5 ms)
INFO:root:[88,     0] grad_stats: [1.77e-04 2.90e-05] (5.21e-06, 3.93e-04)
INFO:root:[88,   116] loss: 4.128959e-03 masks: 22.2 17.4 [wd: 1.38e-01] [lr: 8.79e-04] [mem: 5.66e+03] (174.5 ms)
INFO:root:[88,   116] grad_stats: [1.23e-04 3.29e-05] (5.37e-06, 3.36e-04)
INFO:root:[88,   232] loss: 4.173613e-03 masks: 22.1 17.3 [wd: 1.39e-01] [lr: 8.77e-04] [mem: 5.66e+03] (174.4 ms)
INFO:root:[88,   232] grad_stats: [2.41e-04 2.80e-05] (4.59e-06, 3.83e-04)
INFO:root:avg. loss 4.17361275e-03
INFO:root:time taken for epoch 0:00:54.012462
INFO:root:Epoch 89
INFO:root:[89,     0] loss: 3.603575e-03 masks: 20.0 20.0 [wd: 1.39e-01] [lr: 8.77e-04] [mem: 5.66e+03] (170.9 ms)
INFO:root:[89,     0] grad_stats: [2.00e-04 2.35e-05] (3.20e-06, 2.56e-04)
INFO:root:[89,   116] loss: 4.219822e-03 masks: 21.8 17.3 [wd: 1.40e-01] [lr: 8.74e-04] [mem: 5.66e+03] (173.1 ms)
INFO:root:[89,   116] grad_stats: [2.88e-04 2.11e-05] (4.31e-06, 3.60e-04)
INFO:root:[89,   232] loss: 4.238288e-03 masks: 21.7 17.4 [wd: 1.41e-01] [lr: 8.72e-04] [mem: 5.66e+03] (173.4 ms)
INFO:root:[89,   232] grad_stats: [1.57e-04 3.08e-05] (7.08e-06, 4.78e-04)
INFO:root:avg. loss 4.23828836e-03
INFO:root:time taken for epoch 0:00:53.835799
INFO:root:Epoch 90
INFO:root:[90,     0] loss: 3.973601e-03 masks: 24.0 16.0 [wd: 1.41e-01] [lr: 8.72e-04] [mem: 5.66e+03] (175.8 ms)
INFO:root:[90,     0] grad_stats: [3.85e-04 3.64e-05] (7.08e-06, 6.39e-04)
INFO:root:[90,   116] loss: 4.293845e-03 masks: 21.1 17.5 [wd: 1.42e-01] [lr: 8.69e-04] [mem: 5.66e+03] (171.4 ms)
INFO:root:[90,   116] grad_stats: [2.81e-04 2.66e-05] (4.25e-06, 3.73e-04)
INFO:root:[90,   232] loss: 4.275101e-03 masks: 21.6 17.4 [wd: 1.43e-01] [lr: 8.67e-04] [mem: 5.66e+03] (173.2 ms)
INFO:root:[90,   232] grad_stats: [2.05e-04 2.58e-05] (4.65e-06, 4.21e-04)
INFO:root:avg. loss 4.27510108e-03
INFO:root:time taken for epoch 0:00:53.717075
INFO:root:Epoch 91
INFO:root:[91,     0] loss: 4.661663e-03 masks: 33.0 12.0 [wd: 1.43e-01] [lr: 8.67e-04] [mem: 5.66e+03] (194.0 ms)
INFO:root:[91,     0] grad_stats: [4.96e-04 3.22e-05] (6.06e-06, 7.33e-04)
INFO:root:[91,   116] loss: 4.250140e-03 masks: 21.7 17.6 [wd: 1.44e-01] [lr: 8.64e-04] [mem: 5.66e+03] (173.1 ms)
INFO:root:[91,   116] grad_stats: [9.83e-05 2.21e-05] (4.49e-06, 2.61e-04)
INFO:root:[91,   232] loss: 4.261270e-03 masks: 22.0 17.4 [wd: 1.45e-01] [lr: 8.62e-04] [mem: 5.66e+03] (174.3 ms)
INFO:root:[91,   232] grad_stats: [1.56e-04 2.24e-05] (4.27e-06, 2.35e-04)
INFO:root:avg. loss 4.26126951e-03
INFO:root:time taken for epoch 0:00:54.045669
INFO:root:Epoch 92
INFO:root:[92,     0] loss: 4.350855e-03 masks: 25.0 16.0 [wd: 1.45e-01] [lr: 8.62e-04] [mem: 5.66e+03] (180.0 ms)
INFO:root:[92,     0] grad_stats: [1.36e-04 4.10e-05] (6.72e-06, 2.84e-04)
INFO:root:[92,   116] loss: 4.352229e-03 masks: 22.1 17.1 [wd: 1.46e-01] [lr: 8.59e-04] [mem: 5.66e+03] (173.7 ms)
INFO:root:[92,   116] grad_stats: [2.33e-04 3.20e-05] (4.91e-06, 7.14e-04)
INFO:root:[92,   232] loss: 4.383746e-03 masks: 21.8 17.2 [wd: 1.47e-01] [lr: 8.56e-04] [mem: 5.66e+03] (173.5 ms)
INFO:root:[92,   232] grad_stats: [2.34e-04 3.32e-05] (6.30e-06, 6.48e-04)
INFO:root:avg. loss 4.38374608e-03
INFO:root:time taken for epoch 0:00:53.882630
INFO:root:Epoch 93
INFO:root:[93,     0] loss: 5.678732e-03 masks: 17.0 16.0 [wd: 1.47e-01] [lr: 8.56e-04] [mem: 5.66e+03] (157.2 ms)
INFO:root:[93,     0] grad_stats: [2.43e-04 3.74e-05] (5.93e-06, 4.55e-04)
INFO:root:[93,   116] loss: 4.382942e-03 masks: 22.7 17.0 [wd: 1.49e-01] [lr: 8.54e-04] [mem: 5.66e+03] (175.2 ms)
INFO:root:[93,   116] grad_stats: [2.17e-04 3.05e-05] (5.86e-06, 3.34e-04)
INFO:root:[93,   232] loss: 4.418167e-03 masks: 22.4 16.9 [wd: 1.50e-01] [lr: 8.51e-04] [mem: 5.66e+03] (174.8 ms)
INFO:root:[93,   232] grad_stats: [1.90e-04 2.75e-05] (4.32e-06, 6.23e-04)
INFO:root:avg. loss 4.41816749e-03
INFO:root:time taken for epoch 0:00:54.115587
INFO:root:Epoch 94
INFO:root:[94,     0] loss: 3.917611e-03 masks: 19.0 20.0 [wd: 1.50e-01] [lr: 8.51e-04] [mem: 5.66e+03] (167.0 ms)
INFO:root:[94,     0] grad_stats: [1.85e-04 2.25e-05] (4.95e-06, 2.88e-04)
INFO:root:[94,   116] loss: 4.416441e-03 masks: 22.4 17.1 [wd: 1.51e-01] [lr: 8.48e-04] [mem: 5.66e+03] (174.3 ms)
INFO:root:[94,   116] grad_stats: [4.27e-04 6.74e-05] (7.52e-06, 1.65e-03)
INFO:root:[94,   232] loss: 4.402801e-03 masks: 22.3 17.2 [wd: 1.52e-01] [lr: 8.46e-04] [mem: 5.66e+03] (174.8 ms)
INFO:root:[94,   232] grad_stats: [3.28e-04 3.07e-05] (5.08e-06, 5.53e-04)
INFO:root:avg. loss 4.40280099e-03
INFO:root:time taken for epoch 0:00:54.106239
INFO:root:Epoch 95
INFO:root:[95,     0] loss: 4.276155e-03 masks: 17.0 20.0 [wd: 1.52e-01] [lr: 8.46e-04] [mem: 5.66e+03] (163.1 ms)
INFO:root:[95,     0] grad_stats: [1.84e-04 2.28e-05] (4.56e-06, 3.13e-04)
INFO:root:[95,   116] loss: 4.447509e-03 masks: 22.7 17.1 [wd: 1.53e-01] [lr: 8.43e-04] [mem: 5.66e+03] (175.6 ms)
INFO:root:[95,   116] grad_stats: [3.12e-04 5.24e-05] (9.36e-06, 9.16e-04)
INFO:root:[95,   232] loss: 4.455339e-03 masks: 22.5 17.2 [wd: 1.54e-01] [lr: 8.40e-04] [mem: 5.66e+03] (175.5 ms)
INFO:root:[95,   232] grad_stats: [1.89e-04 2.60e-05] (3.49e-06, 2.83e-04)
INFO:root:avg. loss 4.45533905e-03
INFO:root:time taken for epoch 0:00:54.348818
INFO:root:Epoch 96
INFO:root:[96,     0] loss: 4.742784e-03 masks: 12.0 20.0 [wd: 1.54e-01] [lr: 8.40e-04] [mem: 5.66e+03] (148.2 ms)
INFO:root:[96,     0] grad_stats: [1.35e-04 2.82e-05] (4.22e-06, 2.80e-04)
INFO:root:[96,   116] loss: 4.545008e-03 masks: 22.6 16.9 [wd: 1.55e-01] [lr: 8.37e-04] [mem: 5.66e+03] (174.6 ms)
INFO:root:[96,   116] grad_stats: [2.53e-04 4.21e-05] (8.48e-06, 6.99e-04)
INFO:root:[96,   232] loss: 4.566589e-03 masks: 22.4 17.0 [wd: 1.56e-01] [lr: 8.35e-04] [mem: 5.66e+03] (174.7 ms)
INFO:root:[96,   232] grad_stats: [1.94e-04 2.42e-05] (5.18e-06, 4.08e-04)
INFO:root:avg. loss 4.56658933e-03
INFO:root:time taken for epoch 0:00:54.081526
INFO:root:Epoch 97
INFO:root:[97,     0] loss: 4.903573e-03 masks: 20.0 16.0 [wd: 1.56e-01] [lr: 8.35e-04] [mem: 5.66e+03] (163.9 ms)
INFO:root:[97,     0] grad_stats: [3.39e-04 3.14e-05] (7.35e-06, 3.96e-04)
INFO:root:[97,   116] loss: 4.482682e-03 masks: 21.6 17.5 [wd: 1.57e-01] [lr: 8.32e-04] [mem: 5.66e+03] (172.8 ms)
INFO:root:[97,   116] grad_stats: [5.36e-04 3.74e-05] (8.38e-06, 7.33e-04)
INFO:root:[97,   232] loss: 4.529055e-03 masks: 22.0 17.3 [wd: 1.58e-01] [lr: 8.29e-04] [mem: 5.66e+03] (174.1 ms)
INFO:root:[97,   232] grad_stats: [2.69e-04 3.61e-05] (8.02e-06, 3.99e-04)
INFO:root:avg. loss 4.52905509e-03
INFO:root:time taken for epoch 0:00:53.968760
INFO:root:Epoch 98
INFO:root:[98,     0] loss: 4.469253e-03 masks: 16.0 20.0 [wd: 1.58e-01] [lr: 8.29e-04] [mem: 5.66e+03] (159.7 ms)
INFO:root:[98,     0] grad_stats: [1.04e-04 2.22e-05] (5.44e-06, 2.57e-04)
INFO:root:[98,   116] loss: 4.601844e-03 masks: 22.0 17.2 [wd: 1.59e-01] [lr: 8.26e-04] [mem: 5.66e+03] (173.8 ms)
INFO:root:[98,   116] grad_stats: [1.48e-04 1.94e-05] (3.80e-06, 3.05e-04)
INFO:root:[98,   232] loss: 4.586005e-03 masks: 22.2 17.3 [wd: 1.60e-01] [lr: 8.23e-04] [mem: 5.66e+03] (174.5 ms)
INFO:root:[98,   232] grad_stats: [2.22e-04 2.62e-05] (5.39e-06, 3.56e-04)
INFO:root:avg. loss 4.58600508e-03
INFO:root:time taken for epoch 0:00:54.077480
INFO:root:Epoch 99
INFO:root:[99,     0] loss: 4.404748e-03 masks: 24.0 16.0 [wd: 1.60e-01] [lr: 8.23e-04] [mem: 5.66e+03] (175.5 ms)
INFO:root:[99,     0] grad_stats: [2.82e-04 2.80e-05] (6.10e-06, 4.56e-04)
INFO:root:[99,   116] loss: 4.692062e-03 masks: 22.3 17.1 [wd: 1.61e-01] [lr: 8.21e-04] [mem: 5.66e+03] (174.2 ms)
INFO:root:[99,   116] grad_stats: [4.64e-04 3.80e-05] (9.14e-06, 8.87e-04)
INFO:root:[99,   232] loss: 4.651024e-03 masks: 21.9 17.3 [wd: 1.62e-01] [lr: 8.18e-04] [mem: 5.66e+03] (173.9 ms)
INFO:root:[99,   232] grad_stats: [1.63e-04 2.25e-05] (4.52e-06, 2.91e-04)
INFO:root:avg. loss 4.65102376e-03
INFO:root:time taken for epoch 0:00:53.969240
INFO:root:Epoch 100
INFO:root:[100,     0] loss: 3.754836e-03 masks: 21.0 20.0 [wd: 1.62e-01] [lr: 8.18e-04] [mem: 5.66e+03] (172.7 ms)
INFO:root:[100,     0] grad_stats: [8.18e-05 2.24e-05] (3.61e-06, 3.44e-04)
INFO:root:[100,   116] loss: 4.659630e-03 masks: 22.0 17.2 [wd: 1.63e-01] [lr: 8.15e-04] [mem: 5.66e+03] (173.3 ms)
INFO:root:[100,   116] grad_stats: [1.58e-04 2.41e-05] (4.15e-06, 2.64e-04)
INFO:root:[100,   232] loss: 4.667785e-03 masks: 22.2 17.2 [wd: 1.64e-01] [lr: 8.12e-04] [mem: 5.66e+03] (174.6 ms)
INFO:root:[100,   232] grad_stats: [1.90e-04 2.85e-05] (7.19e-06, 3.87e-04)
INFO:root:avg. loss 4.66778545e-03
INFO:root:	Epoch 100, KNN accuracy train: 7.13734e-01, KNN accuracy train: 5.75000e-01
INFO:root:time taken for epoch 0:01:36.246075
INFO:root:Epoch 101
INFO:root:[101,     0] loss: 4.774083e-03 masks: 25.0 16.0 [wd: 1.64e-01] [lr: 8.12e-04] [mem: 5.66e+03] (177.8 ms)
INFO:root:[101,     0] grad_stats: [2.37e-04 4.05e-05] (6.80e-06, 1.03e-03)
INFO:root:[101,   116] loss: 4.718190e-03 masks: 21.9 17.2 [wd: 1.65e-01] [lr: 8.09e-04] [mem: 5.66e+03] (172.8 ms)
INFO:root:[101,   116] grad_stats: [1.89e-04 2.96e-05] (4.88e-06, 5.41e-04)
INFO:root:[101,   232] loss: 4.702586e-03 masks: 21.5 17.4 [wd: 1.67e-01] [lr: 8.06e-04] [mem: 5.66e+03] (172.4 ms)
INFO:root:[101,   232] grad_stats: [2.43e-04 2.14e-05] (4.74e-06, 3.49e-04)
INFO:root:avg. loss 4.70258614e-03
INFO:root:time taken for epoch 0:00:53.573148
INFO:root:Epoch 102
INFO:root:[102,     0] loss: 5.692837e-03 masks: 25.0 16.0 [wd: 1.67e-01] [lr: 8.06e-04] [mem: 5.66e+03] (176.4 ms)
INFO:root:[102,     0] grad_stats: [1.94e-04 2.63e-05] (6.22e-06, 4.69e-04)
INFO:root:[102,   116] loss: 4.734960e-03 masks: 21.9 17.3 [wd: 1.68e-01] [lr: 8.03e-04] [mem: 5.66e+03] (173.0 ms)
INFO:root:[102,   116] grad_stats: [1.22e-04 2.83e-05] (5.28e-06, 4.54e-04)
INFO:root:[102,   232] loss: 4.739343e-03 masks: 21.7 17.4 [wd: 1.69e-01] [lr: 8.00e-04] [mem: 5.66e+03] (173.2 ms)
INFO:root:[102,   232] grad_stats: [1.39e-04 2.76e-05] (5.77e-06, 4.22e-04)
INFO:root:avg. loss 4.73934266e-03
INFO:root:time taken for epoch 0:00:53.833451
INFO:root:Epoch 103
INFO:root:[103,     0] loss: 4.729798e-03 masks: 20.0 16.0 [wd: 1.69e-01] [lr: 8.00e-04] [mem: 5.66e+03] (165.1 ms)
INFO:root:[103,     0] grad_stats: [2.73e-04 4.05e-05] (6.45e-06, 1.01e-03)
INFO:root:[103,   116] loss: 4.767151e-03 masks: 23.2 16.9 [wd: 1.70e-01] [lr: 7.97e-04] [mem: 5.66e+03] (176.4 ms)
INFO:root:[103,   116] grad_stats: [1.42e-04 2.68e-05] (5.49e-06, 4.52e-04)
INFO:root:[103,   232] loss: 4.783751e-03 masks: 22.6 17.0 [wd: 1.71e-01] [lr: 7.94e-04] [mem: 5.66e+03] (175.5 ms)
INFO:root:[103,   232] grad_stats: [2.97e-04 3.44e-05] (7.18e-06, 6.43e-04)
INFO:root:avg. loss 4.78375080e-03
INFO:root:time taken for epoch 0:00:54.294208
INFO:root:Epoch 104
INFO:root:[104,     0] loss: 4.727116e-03 masks: 23.0 16.0 [wd: 1.71e-01] [lr: 7.94e-04] [mem: 5.66e+03] (172.7 ms)
INFO:root:[104,     0] grad_stats: [1.43e-04 2.55e-05] (5.70e-06, 4.03e-04)
INFO:root:[104,   116] loss: 4.750272e-03 masks: 21.4 17.4 [wd: 1.72e-01] [lr: 7.91e-04] [mem: 5.66e+03] (172.1 ms)
INFO:root:[104,   116] grad_stats: [2.89e-04 2.85e-05] (5.14e-06, 5.29e-04)
INFO:root:[104,   232] loss: 4.822797e-03 masks: 22.1 17.1 [wd: 1.73e-01] [lr: 7.88e-04] [mem: 5.66e+03] (173.9 ms)
INFO:root:[104,   232] grad_stats: [1.53e-04 2.54e-05] (4.41e-06, 3.22e-04)
INFO:root:avg. loss 4.82279715e-03
INFO:root:time taken for epoch 0:00:54.001717
INFO:root:Epoch 105
INFO:root:[105,     0] loss: 4.232041e-03 masks: 20.0 20.0 [wd: 1.73e-01] [lr: 7.88e-04] [mem: 5.66e+03] (171.4 ms)
INFO:root:[105,     0] grad_stats: [2.64e-04 3.51e-05] (7.05e-06, 4.68e-04)
INFO:root:[105,   116] loss: 4.797520e-03 masks: 21.8 17.4 [wd: 1.74e-01] [lr: 7.85e-04] [mem: 5.66e+03] (173.2 ms)
INFO:root:[105,   116] grad_stats: [2.42e-04 3.52e-05] (6.94e-06, 8.04e-04)
INFO:root:[105,   232] loss: 4.808818e-03 masks: 21.7 17.4 [wd: 1.75e-01] [lr: 7.82e-04] [mem: 5.66e+03] (173.3 ms)
INFO:root:[105,   232] grad_stats: [1.57e-04 2.67e-05] (4.36e-06, 5.41e-04)
INFO:root:avg. loss 4.80881796e-03
INFO:root:time taken for epoch 0:00:53.840548
INFO:root:Epoch 106
INFO:root:[106,     0] loss: 4.797323e-03 masks: 24.0 16.0 [wd: 1.75e-01] [lr: 7.82e-04] [mem: 5.66e+03] (176.3 ms)
INFO:root:[106,     0] grad_stats: [1.61e-04 3.34e-05] (7.24e-06, 6.56e-04)
INFO:root:[106,   116] loss: 4.899938e-03 masks: 21.4 17.4 [wd: 1.76e-01] [lr: 7.79e-04] [mem: 5.66e+03] (172.1 ms)
INFO:root:[106,   116] grad_stats: [1.27e-04 2.86e-05] (5.91e-06, 5.73e-04)
INFO:root:[106,   232] loss: 4.885719e-03 masks: 22.0 17.3 [wd: 1.77e-01] [lr: 7.76e-04] [mem: 5.66e+03] (174.0 ms)
INFO:root:[106,   232] grad_stats: [1.35e-04 3.36e-05] (8.74e-06, 4.83e-04)
INFO:root:avg. loss 4.88571876e-03
INFO:root:time taken for epoch 0:00:53.920423
INFO:root:Epoch 107
INFO:root:[107,     0] loss: 4.424074e-03 masks: 14.0 20.0 [wd: 1.77e-01] [lr: 7.76e-04] [mem: 5.66e+03] (154.1 ms)
INFO:root:[107,     0] grad_stats: [1.53e-04 2.19e-05] (5.15e-06, 3.26e-04)
INFO:root:[107,   116] loss: 4.946964e-03 masks: 21.2 17.4 [wd: 1.79e-01] [lr: 7.73e-04] [mem: 5.66e+03] (171.4 ms)
INFO:root:[107,   116] grad_stats: [3.40e-04 3.04e-05] (6.40e-06, 5.73e-04)
INFO:root:[107,   232] loss: 4.933745e-03 masks: 21.3 17.5 [wd: 1.80e-01] [lr: 7.69e-04] [mem: 5.66e+03] (172.4 ms)
INFO:root:[107,   232] grad_stats: [3.38e-04 2.62e-05] (7.15e-06, 6.13e-04)
INFO:root:avg. loss 4.93374482e-03
INFO:root:time taken for epoch 0:00:53.626841
INFO:root:Epoch 108
INFO:root:[108,     0] loss: 5.035238e-03 masks: 25.0 16.0 [wd: 1.80e-01] [lr: 7.69e-04] [mem: 5.66e+03] (179.4 ms)
INFO:root:[108,     0] grad_stats: [1.85e-04 3.61e-05] (6.01e-06, 7.64e-04)
INFO:root:[108,   116] loss: 4.885124e-03 masks: 22.0 17.3 [wd: 1.81e-01] [lr: 7.66e-04] [mem: 5.66e+03] (173.7 ms)
INFO:root:[108,   116] grad_stats: [2.71e-04 2.25e-05] (7.44e-06, 5.29e-04)
INFO:root:[108,   232] loss: 4.921965e-03 masks: 22.1 17.2 [wd: 1.82e-01] [lr: 7.63e-04] [mem: 5.66e+03] (174.2 ms)
INFO:root:[108,   232] grad_stats: [1.56e-04 3.00e-05] (7.58e-06, 5.96e-04)
INFO:root:avg. loss 4.92196501e-03
INFO:root:time taken for epoch 0:00:54.056447
INFO:root:Epoch 109
INFO:root:[109,     0] loss: 4.004059e-03 masks: 18.0 20.0 [wd: 1.82e-01] [lr: 7.63e-04] [mem: 5.66e+03] (167.1 ms)
INFO:root:[109,     0] grad_stats: [1.68e-04 2.49e-05] (4.31e-06, 2.55e-04)
INFO:root:[109,   116] loss: 4.889718e-03 masks: 21.3 17.7 [wd: 1.83e-01] [lr: 7.60e-04] [mem: 5.66e+03] (172.3 ms)
INFO:root:[109,   116] grad_stats: [2.25e-04 3.04e-05] (4.73e-06, 3.29e-04)
INFO:root:[109,   232] loss: 4.912181e-03 masks: 22.0 17.3 [wd: 1.84e-01] [lr: 7.57e-04] [mem: 5.66e+03] (174.3 ms)
INFO:root:[109,   232] grad_stats: [1.25e-04 2.89e-05] (5.24e-06, 2.80e-04)
INFO:root:avg. loss 4.91218137e-03
INFO:root:time taken for epoch 0:00:54.040752
INFO:root:Epoch 110
INFO:root:[110,     0] loss: 5.568594e-03 masks: 20.0 16.0 [wd: 1.84e-01] [lr: 7.57e-04] [mem: 5.66e+03] (165.0 ms)
INFO:root:[110,     0] grad_stats: [2.14e-04 4.27e-05] (6.75e-06, 9.42e-04)
INFO:root:[110,   116] loss: 5.001948e-03 masks: 22.1 17.2 [wd: 1.85e-01] [lr: 7.53e-04] [mem: 5.66e+03] (173.6 ms)
INFO:root:[110,   116] grad_stats: [9.91e-05 3.40e-05] (6.33e-06, 4.74e-04)
INFO:root:[110,   232] loss: 5.019259e-03 masks: 21.8 17.3 [wd: 1.86e-01] [lr: 7.50e-04] [mem: 5.66e+03] (173.3 ms)
INFO:root:[110,   232] grad_stats: [2.06e-04 2.81e-05] (5.18e-06, 6.18e-04)
INFO:root:avg. loss 5.01925914e-03
INFO:root:time taken for epoch 0:00:53.893660
INFO:root:Epoch 111
INFO:root:[111,     0] loss: 4.919081e-03 masks: 27.0 16.0 [wd: 1.86e-01] [lr: 7.50e-04] [mem: 5.66e+03] (185.5 ms)
INFO:root:[111,     0] grad_stats: [3.16e-04 3.51e-05] (9.07e-06, 7.53e-04)
INFO:root:[111,   116] loss: 5.032770e-03 masks: 22.2 17.1 [wd: 1.87e-01] [lr: 7.47e-04] [mem: 5.66e+03] (174.1 ms)
INFO:root:[111,   116] grad_stats: [1.54e-04 3.26e-05] (8.20e-06, 6.31e-04)
INFO:root:[111,   232] loss: 4.990612e-03 masks: 21.9 17.3 [wd: 1.88e-01] [lr: 7.44e-04] [mem: 5.66e+03] (174.1 ms)
INFO:root:[111,   232] grad_stats: [1.64e-04 4.32e-05] (5.95e-06, 1.17e-03)
INFO:root:avg. loss 4.99061194e-03
INFO:root:time taken for epoch 0:00:54.003296
INFO:root:Epoch 112
INFO:root:[112,     0] loss: 4.522777e-03 masks: 19.0 20.0 [wd: 1.89e-01] [lr: 7.44e-04] [mem: 5.66e+03] (167.2 ms)
INFO:root:[112,     0] grad_stats: [2.61e-04 2.42e-05] (5.11e-06, 4.35e-04)
INFO:root:[112,   116] loss: 5.016369e-03 masks: 22.0 17.2 [wd: 1.90e-01] [lr: 7.40e-04] [mem: 5.66e+03] (173.6 ms)
INFO:root:[112,   116] grad_stats: [2.74e-04 2.68e-05] (7.24e-06, 3.93e-04)
INFO:root:[112,   232] loss: 5.029900e-03 masks: 22.2 17.2 [wd: 1.91e-01] [lr: 7.37e-04] [mem: 5.66e+03] (174.7 ms)
INFO:root:[112,   232] grad_stats: [3.24e-04 2.15e-05] (6.81e-06, 3.96e-04)
INFO:root:avg. loss 5.02990002e-03
INFO:root:time taken for epoch 0:00:54.113315
INFO:root:Epoch 113
INFO:root:[113,     0] loss: 4.414325e-03 masks: 19.0 20.0 [wd: 1.91e-01] [lr: 7.37e-04] [mem: 5.66e+03] (170.5 ms)
INFO:root:[113,     0] grad_stats: [1.45e-04 2.40e-05] (4.17e-06, 3.01e-04)
INFO:root:[113,   116] loss: 5.105387e-03 masks: 22.5 17.1 [wd: 1.92e-01] [lr: 7.34e-04] [mem: 5.66e+03] (174.6 ms)
INFO:root:[113,   116] grad_stats: [7.85e-04 3.94e-05] (1.63e-05, 1.01e-03)
INFO:root:[113,   232] loss: 5.072684e-03 masks: 22.1 17.2 [wd: 1.93e-01] [lr: 7.31e-04] [mem: 5.66e+03] (174.2 ms)
INFO:root:[113,   232] grad_stats: [2.06e-04 2.95e-05] (6.49e-06, 4.02e-04)
INFO:root:avg. loss 5.07268396e-03
INFO:root:time taken for epoch 0:00:53.950331
INFO:root:Epoch 114
INFO:root:[114,     0] loss: 4.808159e-03 masks: 19.0 20.0 [wd: 1.93e-01] [lr: 7.31e-04] [mem: 5.66e+03] (168.9 ms)
INFO:root:[114,     0] grad_stats: [1.14e-04 2.88e-05] (6.96e-06, 6.72e-04)
INFO:root:[114,   116] loss: 5.026485e-03 masks: 21.4 17.4 [wd: 1.94e-01] [lr: 7.27e-04] [mem: 5.66e+03] (172.3 ms)
INFO:root:[114,   116] grad_stats: [2.90e-04 2.93e-05] (8.77e-06, 5.83e-04)
INFO:root:[114,   232] loss: 5.062050e-03 masks: 21.7 17.3 [wd: 1.95e-01] [lr: 7.24e-04] [mem: 5.66e+03] (173.4 ms)
INFO:root:[114,   232] grad_stats: [3.70e-04 3.57e-05] (7.60e-06, 8.37e-04)
INFO:root:avg. loss 5.06205020e-03
INFO:root:time taken for epoch 0:00:53.842770
INFO:root:Epoch 115
INFO:root:[115,     0] loss: 5.454851e-03 masks: 23.0 16.0 [wd: 1.95e-01] [lr: 7.24e-04] [mem: 5.66e+03] (171.5 ms)
INFO:root:[115,     0] grad_stats: [1.06e-04 4.02e-05] (7.92e-06, 1.20e-03)
INFO:root:[115,   116] loss: 5.000282e-03 masks: 22.0 17.4 [wd: 1.96e-01] [lr: 7.21e-04] [mem: 5.66e+03] (174.1 ms)
INFO:root:[115,   116] grad_stats: [1.36e-04 1.91e-05] (3.73e-06, 3.36e-04)
INFO:root:[115,   232] loss: 5.034150e-03 masks: 21.7 17.5 [wd: 1.97e-01] [lr: 7.17e-04] [mem: 5.66e+03] (173.5 ms)
INFO:root:[115,   232] grad_stats: [3.42e-04 2.81e-05] (8.33e-06, 5.58e-04)
INFO:root:avg. loss 5.03415043e-03
INFO:root:time taken for epoch 0:00:53.804918
INFO:root:Epoch 116
INFO:root:[116,     0] loss: 5.254751e-03 masks: 12.0 20.0 [wd: 1.97e-01] [lr: 7.17e-04] [mem: 5.66e+03] (146.8 ms)
INFO:root:[116,     0] grad_stats: [1.09e-04 2.67e-05] (6.14e-06, 3.43e-04)
INFO:root:[116,   116] loss: 5.155435e-03 masks: 21.8 17.0 [wd: 1.99e-01] [lr: 7.14e-04] [mem: 5.66e+03] (172.7 ms)
INFO:root:[116,   116] grad_stats: [2.58e-04 3.60e-05] (8.11e-06, 5.69e-04)
INFO:root:[116,   232] loss: 5.095471e-03 masks: 21.8 17.2 [wd: 2.00e-01] [lr: 7.10e-04] [mem: 5.66e+03] (173.5 ms)
INFO:root:[116,   232] grad_stats: [1.03e-04 3.14e-05] (7.48e-06, 5.19e-04)
INFO:root:avg. loss 5.09547095e-03
INFO:root:time taken for epoch 0:00:53.780557
INFO:root:Epoch 117
INFO:root:[117,     0] loss: 5.624181e-03 masks: 24.0 16.0 [wd: 2.00e-01] [lr: 7.10e-04] [mem: 5.66e+03] (176.0 ms)
INFO:root:[117,     0] grad_stats: [2.19e-04 3.67e-05] (7.21e-06, 7.54e-04)
INFO:root:[117,   116] loss: 5.105226e-03 masks: 22.2 17.2 [wd: 2.01e-01] [lr: 7.07e-04] [mem: 5.66e+03] (173.9 ms)
INFO:root:[117,   116] grad_stats: [3.63e-04 3.68e-05] (1.07e-05, 1.00e-03)
INFO:root:[117,   232] loss: 5.076844e-03 masks: 22.2 17.2 [wd: 2.02e-01] [lr: 7.04e-04] [mem: 5.66e+03] (174.5 ms)
INFO:root:[117,   232] grad_stats: [1.94e-04 4.33e-05] (9.65e-06, 1.22e-03)
INFO:root:avg. loss 5.07684354e-03
INFO:root:time taken for epoch 0:00:53.916503
INFO:root:Epoch 118
INFO:root:[118,     0] loss: 5.311091e-03 masks: 33.0 12.0 [wd: 2.02e-01] [lr: 7.04e-04] [mem: 5.66e+03] (194.6 ms)
INFO:root:[118,     0] grad_stats: [3.89e-04 4.62e-05] (1.10e-05, 9.05e-04)
INFO:root:[118,   116] loss: 5.102850e-03 masks: 21.5 17.5 [wd: 2.03e-01] [lr: 7.00e-04] [mem: 5.66e+03] (172.4 ms)
INFO:root:[118,   116] grad_stats: [1.50e-04 2.85e-05] (6.58e-06, 4.55e-04)
INFO:root:[118,   232] loss: 5.088872e-03 masks: 21.5 17.5 [wd: 2.04e-01] [lr: 6.97e-04] [mem: 5.66e+03] (173.1 ms)
INFO:root:[118,   232] grad_stats: [3.37e-04 3.90e-05] (9.43e-06, 7.74e-04)
INFO:root:avg. loss 5.08887213e-03
INFO:root:time taken for epoch 0:00:53.807308
INFO:root:Epoch 119
INFO:root:[119,     0] loss: 5.497467e-03 masks: 20.0 16.0 [wd: 2.04e-01] [lr: 6.97e-04] [mem: 5.66e+03] (164.9 ms)
INFO:root:[119,     0] grad_stats: [3.32e-04 2.82e-05] (6.45e-06, 5.10e-04)
INFO:root:[119,   116] loss: 5.129771e-03 masks: 22.0 17.3 [wd: 2.05e-01] [lr: 6.93e-04] [mem: 5.66e+03] (173.9 ms)
INFO:root:[119,   116] grad_stats: [1.74e-04 3.02e-05] (7.54e-06, 6.05e-04)
INFO:root:[119,   232] loss: 5.143881e-03 masks: 21.5 17.4 [wd: 2.06e-01] [lr: 6.90e-04] [mem: 5.66e+03] (173.1 ms)
INFO:root:[119,   232] grad_stats: [1.26e-04 3.50e-05] (8.05e-06, 6.96e-04)
INFO:root:avg. loss 5.14388143e-03
INFO:root:time taken for epoch 0:00:53.740568
INFO:root:Epoch 120
INFO:root:[120,     0] loss: 4.750066e-03 masks: 26.0 16.0 [wd: 2.06e-01] [lr: 6.90e-04] [mem: 5.66e+03] (181.8 ms)
INFO:root:[120,     0] grad_stats: [1.26e-04 3.06e-05] (6.49e-06, 6.10e-04)
INFO:root:[120,   116] loss: 5.116366e-03 masks: 22.1 17.2 [wd: 2.08e-01] [lr: 6.86e-04] [mem: 5.66e+03] (173.5 ms)
INFO:root:[120,   116] grad_stats: [3.97e-04 5.02e-05] (1.03e-05, 1.23e-03)
INFO:root:[120,   232] loss: 5.193925e-03 masks: 22.4 17.0 [wd: 2.09e-01] [lr: 6.83e-04] [mem: 5.66e+03] (174.8 ms)
INFO:root:[120,   232] grad_stats: [1.16e-04 3.06e-05] (6.07e-06, 5.95e-04)
INFO:root:avg. loss 5.19392528e-03
INFO:root:	Epoch 120, KNN accuracy train: 7.03648e-01, KNN accuracy train: 5.77667e-01
INFO:root:time taken for epoch 0:01:36.267615
INFO:root:Epoch 121
INFO:root:[121,     0] loss: 5.378487e-03 masks: 25.0 16.0 [wd: 2.09e-01] [lr: 6.83e-04] [mem: 5.66e+03] (177.7 ms)
INFO:root:[121,     0] grad_stats: [1.73e-04 3.54e-05] (8.16e-06, 9.24e-04)
INFO:root:[121,   116] loss: 5.105166e-03 masks: 22.3 17.2 [wd: 2.10e-01] [lr: 6.79e-04] [mem: 5.66e+03] (173.8 ms)
INFO:root:[121,   116] grad_stats: [4.64e-04 4.88e-05] (1.26e-05, 1.09e-03)
INFO:root:[121,   232] loss: 5.145720e-03 masks: 22.5 17.0 [wd: 2.11e-01] [lr: 6.76e-04] [mem: 5.66e+03] (174.8 ms)
INFO:root:[121,   232] grad_stats: [1.52e-04 3.97e-05] (6.68e-06, 4.28e-04)
INFO:root:avg. loss 5.14572024e-03
INFO:root:time taken for epoch 0:00:54.095627
INFO:root:Epoch 122
INFO:root:[122,     0] loss: 6.128798e-03 masks: 17.0 16.0 [wd: 2.11e-01] [lr: 6.76e-04] [mem: 5.66e+03] (156.4 ms)
INFO:root:[122,     0] grad_stats: [2.33e-04 3.87e-05] (6.78e-06, 6.31e-04)
INFO:root:[122,   116] loss: 5.169265e-03 masks: 22.4 17.2 [wd: 2.12e-01] [lr: 6.72e-04] [mem: 5.66e+03] (174.5 ms)
INFO:root:[122,   116] grad_stats: [3.69e-04 4.18e-05] (1.10e-05, 8.34e-04)
INFO:root:[122,   232] loss: 5.133912e-03 masks: 22.4 17.2 [wd: 2.13e-01] [lr: 6.69e-04] [mem: 5.66e+03] (175.0 ms)
INFO:root:[122,   232] grad_stats: [1.21e-04 2.73e-05] (6.48e-06, 4.64e-04)
INFO:root:avg. loss 5.13391193e-03
INFO:root:time taken for epoch 0:00:54.182260
INFO:root:Epoch 123
INFO:root:[123,     0] loss: 5.241180e-03 masks: 23.0 16.0 [wd: 2.13e-01] [lr: 6.69e-04] [mem: 5.66e+03] (171.7 ms)
INFO:root:[123,     0] grad_stats: [2.00e-04 4.40e-05] (7.46e-06, 1.20e-03)
INFO:root:[123,   116] loss: 5.127428e-03 masks: 21.8 17.4 [wd: 2.14e-01] [lr: 6.65e-04] [mem: 5.66e+03] (173.4 ms)
INFO:root:[123,   116] grad_stats: [9.44e-05 3.44e-05] (8.02e-06, 5.13e-04)
INFO:root:[123,   232] loss: 5.166139e-03 masks: 21.9 17.3 [wd: 2.15e-01] [lr: 6.62e-04] [mem: 5.66e+03] (173.9 ms)
INFO:root:[123,   232] grad_stats: [2.10e-04 5.55e-05] (9.10e-06, 1.86e-03)
INFO:root:avg. loss 5.16613893e-03
INFO:root:time taken for epoch 0:00:53.925937
INFO:root:Epoch 124
INFO:root:[124,     0] loss: 6.237803e-03 masks: 33.0 12.0 [wd: 2.15e-01] [lr: 6.62e-04] [mem: 5.66e+03] (194.2 ms)
INFO:root:[124,     0] grad_stats: [1.45e-04 3.84e-05] (8.41e-06, 7.57e-04)
INFO:root:[124,   116] loss: 5.203103e-03 masks: 22.1 17.3 [wd: 2.17e-01] [lr: 6.58e-04] [mem: 5.66e+03] (173.9 ms)
INFO:root:[124,   116] grad_stats: [1.08e-04 4.49e-05] (9.94e-06, 6.64e-04)
INFO:root:[124,   232] loss: 5.174360e-03 masks: 22.0 17.3 [wd: 2.18e-01] [lr: 6.55e-04] [mem: 5.66e+03] (174.3 ms)
INFO:root:[124,   232] grad_stats: [2.27e-04 3.74e-05] (9.02e-06, 6.09e-04)
INFO:root:avg. loss 5.17435987e-03
INFO:root:time taken for epoch 0:00:53.990117
INFO:root:Epoch 125
INFO:root:[125,     0] loss: 6.124532e-03 masks: 36.0 12.0 [wd: 2.18e-01] [lr: 6.55e-04] [mem: 5.66e+03] (204.7 ms)
INFO:root:[125,     0] grad_stats: [1.81e-04 3.99e-05] (1.45e-05, 7.29e-04)
INFO:root:[125,   116] loss: 5.183576e-03 masks: 22.2 17.2 [wd: 2.19e-01] [lr: 6.51e-04] [mem: 5.66e+03] (174.2 ms)
INFO:root:[125,   116] grad_stats: [1.13e-04 3.40e-05] (9.94e-06, 5.27e-04)
INFO:root:[125,   232] loss: 5.137208e-03 masks: 21.8 17.5 [wd: 2.20e-01] [lr: 6.48e-04] [mem: 5.66e+03] (174.0 ms)
INFO:root:[125,   232] grad_stats: [4.33e-04 3.16e-05] (8.47e-06, 6.54e-04)
INFO:root:avg. loss 5.13720838e-03
INFO:root:time taken for epoch 0:00:53.781211
INFO:root:Epoch 126
INFO:root:[126,     0] loss: 5.325839e-03 masks: 25.0 16.0 [wd: 2.20e-01] [lr: 6.48e-04] [mem: 5.66e+03] (178.7 ms)
INFO:root:[126,     0] grad_stats: [2.61e-04 3.85e-05] (6.78e-06, 1.18e-03)
INFO:root:[126,   116] loss: 5.111336e-03 masks: 22.7 17.3 [wd: 2.21e-01] [lr: 6.44e-04] [mem: 5.66e+03] (175.8 ms)
INFO:root:[126,   116] grad_stats: [2.46e-04 3.12e-05] (7.43e-06, 6.63e-04)
INFO:root:[126,   232] loss: 5.172672e-03 masks: 22.3 17.3 [wd: 2.22e-01] [lr: 6.41e-04] [mem: 5.66e+03] (175.3 ms)
INFO:root:[126,   232] grad_stats: [1.18e-04 2.65e-05] (7.06e-06, 3.51e-04)
INFO:root:avg. loss 5.17267152e-03
INFO:root:time taken for epoch 0:00:54.295283
INFO:root:Epoch 127
INFO:root:[127,     0] loss: 5.914062e-03 masks: 11.0 20.0 [wd: 2.22e-01] [lr: 6.41e-04] [mem: 5.66e+03] (145.0 ms)
INFO:root:[127,     0] grad_stats: [1.93e-04 3.63e-05] (7.12e-06, 3.24e-04)
INFO:root:[127,   116] loss: 5.286680e-03 masks: 22.3 17.1 [wd: 2.23e-01] [lr: 6.37e-04] [mem: 5.66e+03] (174.2 ms)
INFO:root:[127,   116] grad_stats: [3.51e-04 3.19e-05] (8.59e-06, 7.97e-04)
INFO:root:[127,   232] loss: 5.242157e-03 masks: 21.9 17.3 [wd: 2.25e-01] [lr: 6.33e-04] [mem: 5.66e+03] (173.9 ms)
INFO:root:[127,   232] grad_stats: [2.01e-04 3.32e-05] (8.36e-06, 8.40e-04)
INFO:root:avg. loss 5.24215661e-03
INFO:root:time taken for epoch 0:00:53.889357
INFO:root:Epoch 128
INFO:root:[128,     0] loss: 6.337343e-03 masks: 35.0 12.0 [wd: 2.25e-01] [lr: 6.33e-04] [mem: 5.66e+03] (199.5 ms)
INFO:root:[128,     0] grad_stats: [1.37e-04 3.77e-05] (1.02e-05, 4.91e-04)
INFO:root:[128,   116] loss: 5.245594e-03 masks: 22.4 17.1 [wd: 2.26e-01] [lr: 6.30e-04] [mem: 5.66e+03] (174.5 ms)
INFO:root:[128,   116] grad_stats: [1.85e-04 3.98e-05] (7.60e-06, 9.38e-04)
INFO:root:[128,   232] loss: 5.244370e-03 masks: 21.9 17.4 [wd: 2.27e-01] [lr: 6.26e-04] [mem: 5.66e+03] (174.2 ms)
INFO:root:[128,   232] grad_stats: [1.84e-04 6.13e-05] (7.95e-06, 1.39e-03)
INFO:root:avg. loss 5.24437028e-03
INFO:root:time taken for epoch 0:00:54.373532
INFO:root:Epoch 129
INFO:root:[129,     0] loss: 5.417552e-03 masks: 13.0 20.0 [wd: 2.27e-01] [lr: 6.26e-04] [mem: 5.66e+03] (151.7 ms)
INFO:root:[129,     0] grad_stats: [2.10e-04 4.59e-05] (8.21e-06, 1.42e-03)
INFO:root:[129,   116] loss: 5.185700e-03 masks: 21.2 17.6 [wd: 2.28e-01] [lr: 6.23e-04] [mem: 5.66e+03] (171.9 ms)
INFO:root:[129,   116] grad_stats: [1.98e-04 2.74e-05] (6.69e-06, 6.37e-04)
INFO:root:[129,   232] loss: 5.215114e-03 masks: 21.4 17.5 [wd: 2.29e-01] [lr: 6.19e-04] [mem: 5.66e+03] (172.7 ms)
INFO:root:[129,   232] grad_stats: [1.80e-04 4.89e-05] (9.64e-06, 1.06e-03)
INFO:root:avg. loss 5.21511350e-03
INFO:root:time taken for epoch 0:00:53.806216
INFO:root:Epoch 130
INFO:root:[130,     0] loss: 5.083686e-03 masks: 24.0 16.0 [wd: 2.29e-01] [lr: 6.19e-04] [mem: 5.66e+03] (177.0 ms)
INFO:root:[130,     0] grad_stats: [1.65e-04 3.09e-05] (7.78e-06, 3.60e-04)
INFO:root:[130,   116] loss: 5.232706e-03 masks: 22.0 17.3 [wd: 2.30e-01] [lr: 6.15e-04] [mem: 5.66e+03] (173.8 ms)
INFO:root:[130,   116] grad_stats: [2.66e-04 3.19e-05] (9.61e-06, 5.33e-04)
INFO:root:[130,   232] loss: 5.219428e-03 masks: 22.3 17.2 [wd: 2.31e-01] [lr: 6.12e-04] [mem: 5.66e+03] (174.7 ms)
INFO:root:[130,   232] grad_stats: [9.56e-05 3.45e-05] (8.28e-06, 4.92e-04)
INFO:root:avg. loss 5.21942786e-03
INFO:root:time taken for epoch 0:00:54.328513
INFO:root:Epoch 131
INFO:root:[131,     0] loss: 5.501200e-03 masks: 16.0 20.0 [wd: 2.31e-01] [lr: 6.12e-04] [mem: 5.66e+03] (157.4 ms)
INFO:root:[131,     0] grad_stats: [1.58e-04 3.59e-05] (7.68e-06, 4.55e-04)
INFO:root:[131,   116] loss: 5.269647e-03 masks: 22.0 17.2 [wd: 2.32e-01] [lr: 6.08e-04] [mem: 5.66e+03] (174.0 ms)
INFO:root:[131,   116] grad_stats: [3.31e-04 4.58e-05] (1.10e-05, 7.86e-04)
INFO:root:[131,   232] loss: 5.287439e-03 masks: 22.0 17.2 [wd: 2.34e-01] [lr: 6.04e-04] [mem: 5.66e+03] (174.4 ms)
INFO:root:[131,   232] grad_stats: [8.45e-05 4.44e-05] (8.78e-06, 7.37e-04)
INFO:root:avg. loss 5.28743891e-03
INFO:root:time taken for epoch 0:00:54.124354
INFO:root:Epoch 132
INFO:root:[132,     0] loss: 4.361643e-03 masks: 19.0 20.0 [wd: 2.34e-01] [lr: 6.04e-04] [mem: 5.66e+03] (168.9 ms)
INFO:root:[132,     0] grad_stats: [2.01e-04 3.10e-05] (7.68e-06, 8.12e-04)
INFO:root:[132,   116] loss: 5.197850e-03 masks: 21.6 17.6 [wd: 2.35e-01] [lr: 6.01e-04] [mem: 5.66e+03] (173.0 ms)
INFO:root:[132,   116] grad_stats: [1.70e-04 3.86e-05] (1.11e-05, 5.42e-04)
INFO:root:[132,   232] loss: 5.223489e-03 masks: 21.6 17.5 [wd: 2.36e-01] [lr: 5.97e-04] [mem: 5.66e+03] (173.4 ms)
INFO:root:[132,   232] grad_stats: [2.14e-04 5.40e-05] (1.17e-05, 7.11e-04)
INFO:root:avg. loss 5.22348913e-03
INFO:root:time taken for epoch 0:00:53.774312
INFO:root:Epoch 133
INFO:root:[133,     0] loss: 4.622009e-03 masks: 17.0 20.0 [wd: 2.36e-01] [lr: 5.97e-04] [mem: 5.66e+03] (162.6 ms)
INFO:root:[133,     0] grad_stats: [1.75e-04 3.81e-05] (9.79e-06, 7.89e-04)
INFO:root:[133,   116] loss: 5.183961e-03 masks: 21.4 17.8 [wd: 2.37e-01] [lr: 5.93e-04] [mem: 5.66e+03] (173.0 ms)
INFO:root:[133,   116] grad_stats: [9.29e-05 4.08e-05] (1.03e-05, 9.59e-04)
INFO:root:[133,   232] loss: 5.300385e-03 masks: 21.6 17.4 [wd: 2.38e-01] [lr: 5.90e-04] [mem: 5.66e+03] (173.3 ms)
INFO:root:[133,   232] grad_stats: [1.20e-04 2.51e-05] (5.92e-06, 5.71e-04)
INFO:root:avg. loss 5.30038521e-03
INFO:root:time taken for epoch 0:00:53.857716
INFO:root:Epoch 134
INFO:root:[134,     0] loss: 6.375218e-03 masks: 9.0 20.0 [wd: 2.38e-01] [lr: 5.90e-04] [mem: 5.66e+03] (141.9 ms)
INFO:root:[134,     0] grad_stats: [2.76e-04 3.82e-05] (7.23e-06, 4.70e-04)
INFO:root:[134,   116] loss: 5.448918e-03 masks: 22.6 16.8 [wd: 2.39e-01] [lr: 5.86e-04] [mem: 5.66e+03] (174.6 ms)
INFO:root:[134,   116] grad_stats: [1.24e-04 4.72e-05] (1.23e-05, 9.92e-04)
INFO:root:[134,   232] loss: 5.343705e-03 masks: 21.9 17.2 [wd: 2.40e-01] [lr: 5.82e-04] [mem: 5.66e+03] (173.8 ms)
INFO:root:[134,   232] grad_stats: [1.68e-04 3.79e-05] (9.38e-06, 5.22e-04)
INFO:root:avg. loss 5.34370468e-03
INFO:root:time taken for epoch 0:00:53.981064
INFO:root:Epoch 135
INFO:root:[135,     0] loss: 4.335360e-03 masks: 20.0 20.0 [wd: 2.40e-01] [lr: 5.82e-04] [mem: 5.66e+03] (171.4 ms)
INFO:root:[135,     0] grad_stats: [8.42e-05 2.73e-05] (6.66e-06, 4.25e-04)
INFO:root:[135,   116] loss: 5.291055e-03 masks: 22.8 17.1 [wd: 2.41e-01] [lr: 5.79e-04] [mem: 5.66e+03] (175.7 ms)
INFO:root:[135,   116] grad_stats: [1.65e-04 3.53e-05] (7.52e-06, 6.30e-04)
INFO:root:[135,   232] loss: 5.305963e-03 masks: 22.0 17.4 [wd: 2.43e-01] [lr: 5.75e-04] [mem: 5.66e+03] (174.3 ms)
INFO:root:[135,   232] grad_stats: [1.37e-04 3.15e-05] (9.18e-06, 5.40e-04)
INFO:root:avg. loss 5.30596318e-03
INFO:root:time taken for epoch 0:00:54.036241
INFO:root:Epoch 136
INFO:root:[136,     0] loss: 5.252184e-03 masks: 14.0 20.0 [wd: 2.43e-01] [lr: 5.75e-04] [mem: 5.66e+03] (155.5 ms)
INFO:root:[136,     0] grad_stats: [2.21e-04 3.48e-05] (7.85e-06, 4.98e-04)
INFO:root:[136,   116] loss: 5.304041e-03 masks: 21.6 17.4 [wd: 2.44e-01] [lr: 5.71e-04] [mem: 5.66e+03] (173.0 ms)
INFO:root:[136,   116] grad_stats: [1.83e-04 2.77e-05] (8.65e-06, 5.50e-04)
INFO:root:[136,   232] loss: 5.282518e-03 masks: 21.9 17.3 [wd: 2.45e-01] [lr: 5.68e-04] [mem: 5.66e+03] (174.2 ms)
INFO:root:[136,   232] grad_stats: [3.84e-04 3.84e-05] (9.38e-06, 8.59e-04)
INFO:root:avg. loss 5.28251837e-03
INFO:root:time taken for epoch 0:00:54.309216
INFO:root:Epoch 137
INFO:root:[137,     0] loss: 5.014015e-03 masks: 15.0 20.0 [wd: 2.45e-01] [lr: 5.68e-04] [mem: 5.66e+03] (154.5 ms)
INFO:root:[137,     0] grad_stats: [7.44e-05 2.93e-05] (6.53e-06, 4.38e-04)
INFO:root:[137,   116] loss: 5.226748e-03 masks: 22.6 17.3 [wd: 2.46e-01] [lr: 5.64e-04] [mem: 5.66e+03] (175.7 ms)
INFO:root:[137,   116] grad_stats: [1.93e-04 3.37e-05] (1.01e-05, 5.04e-04)
INFO:root:[137,   232] loss: 5.275676e-03 masks: 22.8 17.2 [wd: 2.47e-01] [lr: 5.60e-04] [mem: 5.66e+03] (176.7 ms)
INFO:root:[137,   232] grad_stats: [2.20e-04 4.09e-05] (1.07e-05, 6.33e-04)
INFO:root:avg. loss 5.27567617e-03
INFO:root:time taken for epoch 0:00:54.980460
INFO:root:Epoch 138
INFO:root:[138,     0] loss: 6.413008e-03 masks: 33.0 12.0 [wd: 2.47e-01] [lr: 5.60e-04] [mem: 5.66e+03] (291.2 ms)
INFO:root:[138,     0] grad_stats: [1.19e-04 6.27e-05] (1.31e-05, 1.72e-03)
INFO:root:[138,   116] loss: 5.325790e-03 masks: 22.2 17.2 [wd: 2.48e-01] [lr: 5.56e-04] [mem: 5.66e+03] (287.3 ms)
INFO:root:[138,   116] grad_stats: [1.58e-04 4.36e-05] (1.26e-05, 7.28e-04)
INFO:root:[138,   232] loss: 5.302819e-03 masks: 21.9 17.4 [wd: 2.49e-01] [lr: 5.53e-04] [mem: 5.66e+03] (266.4 ms)
INFO:root:[138,   232] grad_stats: [1.40e-04 3.96e-05] (8.54e-06, 4.55e-04)
INFO:root:avg. loss 5.30281883e-03
INFO:root:time taken for epoch 0:01:15.881065
INFO:root:Epoch 139
INFO:root:[139,     0] loss: 5.937710e-03 masks: 17.0 16.0 [wd: 2.49e-01] [lr: 5.53e-04] [mem: 5.66e+03] (154.9 ms)
INFO:root:[139,     0] grad_stats: [9.43e-05 4.56e-05] (9.61e-06, 7.32e-04)
INFO:root:[139,   116] loss: 5.321880e-03 masks: 22.4 17.2 [wd: 2.50e-01] [lr: 5.49e-04] [mem: 5.66e+03] (175.3 ms)
INFO:root:[139,   116] grad_stats: [1.78e-04 4.21e-05] (1.42e-05, 7.33e-04)
INFO:root:[139,   232] loss: 5.331838e-03 masks: 21.8 17.3 [wd: 2.52e-01] [lr: 5.45e-04] [mem: 5.66e+03] (218.1 ms)
INFO:root:[139,   232] grad_stats: [1.45e-04 2.90e-05] (8.51e-06, 5.25e-04)
INFO:root:avg. loss 5.33183758e-03
INFO:root:time taken for epoch 0:01:04.313161
INFO:root:Epoch 140
INFO:root:[140,     0] loss: 4.763972e-03 masks: 15.0 20.0 [wd: 2.52e-01] [lr: 5.45e-04] [mem: 5.66e+03] (322.4 ms)
INFO:root:[140,     0] grad_stats: [9.46e-05 3.82e-05] (7.61e-06, 1.01e-03)
INFO:root:[140,   116] loss: 5.368059e-03 masks: 22.0 17.2 [wd: 2.53e-01] [lr: 5.42e-04] [mem: 5.66e+03] (287.4 ms)
INFO:root:[140,   116] grad_stats: [1.28e-04 3.90e-05] (9.39e-06, 6.87e-04)
INFO:root:[140,   232] loss: 5.381932e-03 masks: 22.2 17.1 [wd: 2.54e-01] [lr: 5.38e-04] [mem: 5.66e+03] (287.1 ms)
INFO:root:[140,   232] grad_stats: [3.62e-04 4.44e-05] (1.32e-05, 7.37e-04)
INFO:root:avg. loss 5.38193169e-03
INFO:root:	Epoch 140, KNN accuracy train: 7.14163e-01, KNN accuracy train: 5.63000e-01
INFO:root:time taken for epoch 0:02:13.553046
INFO:root:Epoch 141
INFO:root:[141,     0] loss: 4.789314e-03 masks: 18.0 20.0 [wd: 2.54e-01] [lr: 5.38e-04] [mem: 5.66e+03] (239.2 ms)
INFO:root:[141,     0] grad_stats: [1.58e-04 3.56e-05] (1.02e-05, 4.30e-04)
INFO:root:[141,   116] loss: 5.296129e-03 masks: 22.5 17.3 [wd: 2.55e-01] [lr: 5.34e-04] [mem: 5.66e+03] (288.9 ms)
INFO:root:[141,   116] grad_stats: [1.65e-04 4.19e-05] (1.04e-05, 7.13e-04)
INFO:root:[141,   232] loss: 5.310340e-03 masks: 21.7 17.4 [wd: 2.56e-01] [lr: 5.30e-04] [mem: 5.66e+03] (287.0 ms)
INFO:root:[141,   232] grad_stats: [8.30e-05 4.20e-05] (9.46e-06, 1.55e-03)
INFO:root:avg. loss 5.31034030e-03
INFO:root:time taken for epoch 0:01:20.836666
INFO:root:Epoch 142
INFO:root:[142,     0] loss: 5.386075e-03 masks: 36.0 12.0 [wd: 2.56e-01] [lr: 5.30e-04] [mem: 5.66e+03] (435.2 ms)
INFO:root:[142,     0] grad_stats: [3.89e-04 7.45e-05] (1.13e-05, 2.62e-03)
INFO:root:[142,   116] loss: 5.351524e-03 masks: 22.0 17.3 [wd: 2.57e-01] [lr: 5.27e-04] [mem: 5.66e+03] (287.9 ms)
INFO:root:[142,   116] grad_stats: [4.64e-05 3.07e-05] (6.87e-06, 5.84e-04)
INFO:root:[142,   232] loss: 5.369421e-03 masks: 21.9 17.2 [wd: 2.58e-01] [lr: 5.23e-04] [mem: 5.66e+03] (289.2 ms)
INFO:root:[142,   232] grad_stats: [1.59e-04 5.44e-05] (8.10e-06, 2.13e-03)
INFO:root:avg. loss 5.36942096e-03
INFO:root:time taken for epoch 0:01:21.227577
INFO:root:Epoch 143
INFO:root:[143,     0] loss: 5.787912e-03 masks: 33.0 12.0 [wd: 2.58e-01] [lr: 5.23e-04] [mem: 5.66e+03] (269.4 ms)
INFO:root:[143,     0] grad_stats: [6.66e-04 6.39e-05] (1.82e-05, 1.39e-03)
INFO:root:[143,   116] loss: 5.341676e-03 masks: 22.1 17.3 [wd: 2.59e-01] [lr: 5.19e-04] [mem: 5.66e+03] (289.0 ms)
INFO:root:[143,   116] grad_stats: [1.69e-04 4.92e-05] (1.35e-05, 9.11e-04)
INFO:root:[143,   232] loss: 5.366878e-03 masks: 22.3 17.2 [wd: 2.60e-01] [lr: 5.15e-04] [mem: 5.66e+03] (291.4 ms)
INFO:root:[143,   232] grad_stats: [1.59e-04 5.81e-05] (1.03e-05, 1.10e-03)
INFO:root:avg. loss 5.36687761e-03
INFO:root:time taken for epoch 0:01:21.819278
INFO:root:Epoch 144
INFO:root:[144,     0] loss: 4.646737e-03 masks: 18.0 20.0 [wd: 2.60e-01] [lr: 5.15e-04] [mem: 5.66e+03] (339.9 ms)
INFO:root:[144,     0] grad_stats: [1.09e-04 4.58e-05] (1.07e-05, 5.14e-04)
INFO:root:[144,   116] loss: 5.172232e-03 masks: 22.5 17.5 [wd: 2.61e-01] [lr: 5.12e-04] [mem: 5.66e+03] (291.9 ms)
INFO:root:[144,   116] grad_stats: [1.62e-04 4.22e-05] (1.05e-05, 1.03e-03)
INFO:root:[144,   232] loss: 5.298660e-03 masks: 22.4 17.3 [wd: 2.63e-01] [lr: 5.08e-04] [mem: 5.66e+03] (290.9 ms)
INFO:root:[144,   232] grad_stats: [9.52e-05 4.00e-05] (9.95e-06, 6.92e-04)
INFO:root:avg. loss 5.29866014e-03
INFO:root:time taken for epoch 0:01:21.792762
INFO:root:Epoch 145
INFO:root:[145,     0] loss: 6.182740e-03 masks: 36.0 12.0 [wd: 2.63e-01] [lr: 5.08e-04] [mem: 5.66e+03] (206.5 ms)
INFO:root:[145,     0] grad_stats: [1.18e-04 6.24e-05] (1.34e-05, 8.18e-04)
INFO:root:[145,   116] loss: 5.363766e-03 masks: 22.2 17.3 [wd: 2.64e-01] [lr: 5.04e-04] [mem: 5.66e+03] (175.2 ms)
INFO:root:[145,   116] grad_stats: [1.44e-04 6.72e-05] (1.67e-05, 1.87e-03)
INFO:root:[145,   232] loss: 5.318987e-03 masks: 21.7 17.5 [wd: 2.65e-01] [lr: 5.01e-04] [mem: 5.66e+03] (174.5 ms)
INFO:root:[145,   232] grad_stats: [1.29e-04 4.13e-05] (1.00e-05, 1.12e-03)
INFO:root:avg. loss 5.31898680e-03
INFO:root:time taken for epoch 0:00:54.583198
INFO:root:Epoch 146
INFO:root:[146,     0] loss: 5.619213e-03 masks: 24.0 16.0 [wd: 2.65e-01] [lr: 5.00e-04] [mem: 5.66e+03] (177.6 ms)
INFO:root:[146,     0] grad_stats: [1.25e-04 4.38e-05] (1.25e-05, 9.17e-04)
INFO:root:[146,   116] loss: 5.373616e-03 masks: 21.7 17.3 [wd: 2.66e-01] [lr: 4.97e-04] [mem: 5.66e+03] (173.6 ms)
INFO:root:[146,   116] grad_stats: [1.42e-04 5.73e-05] (1.23e-05, 1.12e-03)
INFO:root:[146,   232] loss: 5.432004e-03 masks: 22.4 17.0 [wd: 2.67e-01] [lr: 4.93e-04] [mem: 5.66e+03] (197.4 ms)
INFO:root:[146,   232] grad_stats: [2.65e-04 5.85e-05] (1.73e-05, 1.59e-03)
INFO:root:avg. loss 5.43200401e-03
INFO:root:time taken for epoch 0:00:59.493171
INFO:root:Epoch 147
INFO:root:[147,     0] loss: 4.909009e-03 masks: 20.0 20.0 [wd: 2.67e-01] [lr: 4.93e-04] [mem: 5.66e+03] (336.1 ms)
INFO:root:[147,     0] grad_stats: [9.51e-05 3.44e-05] (1.03e-05, 8.87e-04)
INFO:root:[147,   116] loss: 5.449701e-03 masks: 23.2 16.7 [wd: 2.68e-01] [lr: 4.89e-04] [mem: 5.66e+03] (291.7 ms)
INFO:root:[147,   116] grad_stats: [6.93e-05 6.03e-05] (1.20e-05, 1.29e-03)
INFO:root:[147,   232] loss: 5.371159e-03 masks: 22.5 17.1 [wd: 2.69e-01] [lr: 4.86e-04] [mem: 5.66e+03] (291.4 ms)
INFO:root:[147,   232] grad_stats: [1.32e-04 3.59e-05] (1.10e-05, 8.62e-04)
INFO:root:avg. loss 5.37115917e-03
INFO:root:time taken for epoch 0:01:21.876718
INFO:root:Epoch 148
INFO:root:[148,     0] loss: 4.346632e-03 masks: 19.0 20.0 [wd: 2.69e-01] [lr: 4.86e-04] [mem: 5.66e+03] (349.0 ms)
INFO:root:[148,     0] grad_stats: [1.02e-04 3.94e-05] (8.16e-06, 1.05e-03)
INFO:root:[148,   116] loss: 5.388156e-03 masks: 22.2 17.2 [wd: 2.70e-01] [lr: 4.82e-04] [mem: 5.66e+03] (233.3 ms)
INFO:root:[148,   116] grad_stats: [1.29e-04 7.56e-05] (1.42e-05, 2.73e-03)
INFO:root:[148,   232] loss: 5.398853e-03 masks: 22.1 17.2 [wd: 2.71e-01] [lr: 4.78e-04] [mem: 5.66e+03] (204.3 ms)
INFO:root:[148,   232] grad_stats: [1.06e-04 4.23e-05] (1.00e-05, 1.29e-03)
INFO:root:avg. loss 5.39885280e-03
INFO:root:time taken for epoch 0:01:01.468401
INFO:root:Epoch 149
INFO:root:[149,     0] loss: 6.246621e-03 masks: 34.0 12.0 [wd: 2.71e-01] [lr: 4.78e-04] [mem: 5.66e+03] (196.6 ms)
INFO:root:[149,     0] grad_stats: [2.11e-04 5.88e-05] (1.41e-05, 1.45e-03)
INFO:root:[149,   116] loss: 5.366368e-03 masks: 21.8 17.4 [wd: 2.72e-01] [lr: 4.74e-04] [mem: 5.66e+03] (173.5 ms)
INFO:root:[149,   116] grad_stats: [1.82e-04 3.39e-05] (1.07e-05, 5.25e-04)
INFO:root:[149,   232] loss: 5.376870e-03 masks: 21.5 17.4 [wd: 2.73e-01] [lr: 4.71e-04] [mem: 5.66e+03] (173.2 ms)
INFO:root:[149,   232] grad_stats: [1.96e-04 3.71e-05] (1.14e-05, 6.22e-04)
INFO:root:avg. loss 5.37687005e-03
INFO:root:time taken for epoch 0:00:53.742964
INFO:root:Epoch 150
INFO:root:[150,     0] loss: 5.324920e-03 masks: 26.0 16.0 [wd: 2.73e-01] [lr: 4.71e-04] [mem: 5.66e+03] (182.1 ms)
INFO:root:[150,     0] grad_stats: [2.43e-04 4.84e-05] (1.34e-05, 1.03e-03)
INFO:root:[150,   116] loss: 5.426657e-03 masks: 22.5 17.1 [wd: 2.75e-01] [lr: 4.67e-04] [mem: 5.66e+03] (175.0 ms)
INFO:root:[150,   116] grad_stats: [1.99e-04 5.32e-05] (1.28e-05, 1.08e-03)
INFO:root:[150,   232] loss: 5.371331e-03 masks: 22.2 17.2 [wd: 2.76e-01] [lr: 4.63e-04] [mem: 5.66e+03] (174.7 ms)
INFO:root:[150,   232] grad_stats: [3.19e-04 6.24e-05] (1.59e-05, 1.86e-03)
INFO:root:avg. loss 5.37133111e-03
INFO:root:time taken for epoch 0:00:54.122093
INFO:root:Epoch 151
INFO:root:[151,     0] loss: 4.936383e-03 masks: 16.0 20.0 [wd: 2.76e-01] [lr: 4.63e-04] [mem: 5.66e+03] (157.4 ms)
INFO:root:[151,     0] grad_stats: [1.18e-04 4.38e-05] (1.00e-05, 1.31e-03)
INFO:root:[151,   116] loss: 5.346421e-03 masks: 22.4 17.2 [wd: 2.77e-01] [lr: 4.59e-04] [mem: 5.66e+03] (174.6 ms)
INFO:root:[151,   116] grad_stats: [5.40e-04 4.98e-05] (1.55e-05, 1.36e-03)
INFO:root:[151,   232] loss: 5.369893e-03 masks: 22.7 17.0 [wd: 2.78e-01] [lr: 4.56e-04] [mem: 5.66e+03] (175.8 ms)
INFO:root:[151,   232] grad_stats: [1.38e-04 4.46e-05] (1.24e-05, 1.26e-03)
INFO:root:avg. loss 5.36989286e-03
INFO:root:time taken for epoch 0:00:54.399501
INFO:root:Epoch 152
INFO:root:[152,     0] loss: 5.725337e-03 masks: 25.0 16.0 [wd: 2.78e-01] [lr: 4.56e-04] [mem: 5.66e+03] (178.3 ms)
INFO:root:[152,     0] grad_stats: [3.46e-04 5.09e-05] (1.40e-05, 9.50e-04)
INFO:root:[152,   116] loss: 5.443013e-03 masks: 23.0 16.9 [wd: 2.79e-01] [lr: 4.52e-04] [mem: 5.66e+03] (176.3 ms)
INFO:root:[152,   116] grad_stats: [1.18e-04 6.21e-05] (1.22e-05, 1.97e-03)
INFO:root:[152,   232] loss: 5.376737e-03 masks: 22.4 17.2 [wd: 2.80e-01] [lr: 4.48e-04] [mem: 5.66e+03] (175.1 ms)
INFO:root:[152,   232] grad_stats: [8.67e-05 4.27e-05] (1.01e-05, 4.46e-04)
INFO:root:avg. loss 5.37673717e-03
INFO:root:time taken for epoch 0:00:54.238001
INFO:root:Epoch 153
INFO:root:[153,     0] loss: 6.215353e-03 masks: 36.0 12.0 [wd: 2.80e-01] [lr: 4.48e-04] [mem: 5.66e+03] (203.7 ms)
INFO:root:[153,     0] grad_stats: [2.47e-04 6.44e-05] (2.02e-05, 1.35e-03)
INFO:root:[153,   116] loss: 5.394072e-03 masks: 21.8 17.5 [wd: 2.81e-01] [lr: 4.45e-04] [mem: 5.66e+03] (173.8 ms)
INFO:root:[153,   116] grad_stats: [8.36e-05 3.70e-05] (9.68e-06, 6.54e-04)
INFO:root:[153,   232] loss: 5.389593e-03 masks: 22.0 17.3 [wd: 2.82e-01] [lr: 4.41e-04] [mem: 5.66e+03] (174.6 ms)
INFO:root:[153,   232] grad_stats: [3.75e-04 5.22e-05] (1.42e-05, 1.55e-03)
INFO:root:avg. loss 5.38959301e-03
INFO:root:time taken for epoch 0:00:54.235587
INFO:root:Epoch 154
INFO:root:[154,     0] loss: 4.999864e-03 masks: 21.0 20.0 [wd: 2.82e-01] [lr: 4.41e-04] [mem: 5.66e+03] (173.2 ms)
INFO:root:[154,     0] grad_stats: [2.01e-04 4.96e-05] (1.28e-05, 9.59e-04)
INFO:root:[154,   116] loss: 5.333022e-03 masks: 21.2 17.7 [wd: 2.83e-01] [lr: 4.37e-04] [mem: 5.66e+03] (172.4 ms)
INFO:root:[154,   116] grad_stats: [6.38e-05 3.38e-05] (1.22e-05, 6.08e-04)
INFO:root:[154,   232] loss: 5.394391e-03 masks: 22.2 17.2 [wd: 2.84e-01] [lr: 4.33e-04] [mem: 5.66e+03] (174.8 ms)
INFO:root:[154,   232] grad_stats: [2.50e-04 4.43e-05] (1.38e-05, 1.01e-03)
INFO:root:avg. loss 5.39439065e-03
INFO:root:time taken for epoch 0:00:54.129358
INFO:root:Epoch 155
INFO:root:[155,     0] loss: 5.214173e-03 masks: 25.0 16.0 [wd: 2.84e-01] [lr: 4.33e-04] [mem: 5.66e+03] (178.3 ms)
INFO:root:[155,     0] grad_stats: [1.40e-04 5.67e-05] (1.23e-05, 1.77e-03)
INFO:root:[155,   116] loss: 5.380965e-03 masks: 22.8 16.9 [wd: 2.85e-01] [lr: 4.30e-04] [mem: 5.66e+03] (175.4 ms)
INFO:root:[155,   116] grad_stats: [1.94e-04 4.34e-05] (1.41e-05, 1.01e-03)
INFO:root:[155,   232] loss: 5.423117e-03 masks: 22.3 17.0 [wd: 2.86e-01] [lr: 4.26e-04] [mem: 5.66e+03] (174.6 ms)
INFO:root:[155,   232] grad_stats: [8.31e-05 5.27e-05] (1.23e-05, 8.29e-04)
INFO:root:avg. loss 5.42311726e-03
INFO:root:time taken for epoch 0:00:54.070351
INFO:root:Epoch 156
INFO:root:[156,     0] loss: 4.781192e-03 masks: 23.0 20.0 [wd: 2.86e-01] [lr: 4.26e-04] [mem: 5.66e+03] (176.7 ms)
INFO:root:[156,     0] grad_stats: [7.77e-05 3.52e-05] (1.02e-05, 5.94e-04)
INFO:root:[156,   116] loss: 5.376870e-03 masks: 22.5 17.1 [wd: 2.87e-01] [lr: 4.22e-04] [mem: 5.66e+03] (174.8 ms)
INFO:root:[156,   116] grad_stats: [9.75e-05 5.13e-05] (1.27e-05, 4.96e-04)
INFO:root:[156,   232] loss: 5.393478e-03 masks: 22.3 17.2 [wd: 2.88e-01] [lr: 4.19e-04] [mem: 5.66e+03] (174.8 ms)
INFO:root:[156,   232] grad_stats: [2.22e-04 5.75e-05] (1.30e-05, 1.54e-03)
INFO:root:avg. loss 5.39347796e-03
INFO:root:time taken for epoch 0:00:54.104004
INFO:root:Epoch 157
INFO:root:[157,     0] loss: 6.039934e-03 masks: 21.0 16.0 [wd: 2.88e-01] [lr: 4.19e-04] [mem: 5.66e+03] (167.9 ms)
INFO:root:[157,     0] grad_stats: [1.23e-04 7.06e-05] (1.34e-05, 1.67e-03)
INFO:root:[157,   116] loss: 5.352209e-03 masks: 21.5 17.6 [wd: 2.89e-01] [lr: 4.15e-04] [mem: 5.66e+03] (172.8 ms)
INFO:root:[157,   116] grad_stats: [3.77e-04 4.29e-05] (1.30e-05, 7.76e-04)
INFO:root:[157,   232] loss: 5.389591e-03 masks: 21.5 17.5 [wd: 2.90e-01] [lr: 4.11e-04] [mem: 5.66e+03] (173.2 ms)
INFO:root:[157,   232] grad_stats: [1.09e-04 4.46e-05] (1.39e-05, 1.00e-03)
INFO:root:avg. loss 5.38959064e-03
INFO:root:time taken for epoch 0:00:53.785608
INFO:root:Epoch 158
INFO:root:[158,     0] loss: 5.561188e-03 masks: 26.0 16.0 [wd: 2.90e-01] [lr: 4.11e-04] [mem: 5.66e+03] (183.3 ms)
INFO:root:[158,     0] grad_stats: [1.18e-04 7.51e-05] (1.74e-05, 2.27e-03)
INFO:root:[158,   116] loss: 5.463643e-03 masks: 22.0 17.2 [wd: 2.91e-01] [lr: 4.08e-04] [mem: 5.66e+03] (173.7 ms)
INFO:root:[158,   116] grad_stats: [1.12e-04 6.71e-05] (1.58e-05, 2.38e-03)
INFO:root:[158,   232] loss: 5.391181e-03 masks: 22.2 17.3 [wd: 2.93e-01] [lr: 4.04e-04] [mem: 5.66e+03] (174.7 ms)
INFO:root:[158,   232] grad_stats: [2.72e-04 4.56e-05] (1.36e-05, 8.09e-04)
INFO:root:avg. loss 5.39118092e-03
INFO:root:time taken for epoch 0:00:53.996888
INFO:root:Epoch 159
INFO:root:[159,     0] loss: 4.354041e-03 masks: 21.0 20.0 [wd: 2.93e-01] [lr: 4.04e-04] [mem: 5.66e+03] (173.1 ms)
INFO:root:[159,     0] grad_stats: [1.39e-04 4.11e-05] (1.27e-05, 7.07e-04)
INFO:root:[159,   116] loss: 5.340815e-03 masks: 21.5 17.5 [wd: 2.94e-01] [lr: 4.00e-04] [mem: 5.66e+03] (172.5 ms)
INFO:root:[159,   116] grad_stats: [1.29e-04 5.88e-05] (1.74e-05, 9.83e-04)
INFO:root:[159,   232] loss: 5.425807e-03 masks: 21.6 17.3 [wd: 2.95e-01] [lr: 3.97e-04] [mem: 5.66e+03] (173.0 ms)
INFO:root:[159,   232] grad_stats: [2.33e-04 4.25e-05] (1.30e-05, 7.98e-04)
INFO:root:avg. loss 5.42580651e-03
INFO:root:time taken for epoch 0:00:53.819957
INFO:root:Epoch 160
INFO:root:[160,     0] loss: 6.199527e-03 masks: 25.0 16.0 [wd: 2.95e-01] [lr: 3.97e-04] [mem: 5.66e+03] (178.5 ms)
INFO:root:[160,     0] grad_stats: [2.16e-04 6.94e-05] (1.72e-05, 1.02e-03)
INFO:root:[160,   116] loss: 5.368200e-03 masks: 22.6 17.1 [wd: 2.96e-01] [lr: 3.93e-04] [mem: 5.66e+03] (175.0 ms)
INFO:root:[160,   116] grad_stats: [8.52e-05 2.58e-05] (1.09e-05, 3.72e-04)
INFO:root:[160,   232] loss: 5.417088e-03 masks: 22.7 17.0 [wd: 2.97e-01] [lr: 3.89e-04] [mem: 5.66e+03] (175.7 ms)
INFO:root:[160,   232] grad_stats: [3.54e-04 5.86e-05] (2.10e-05, 1.31e-03)
INFO:root:avg. loss 5.41708808e-03
INFO:root:	Epoch 160, KNN accuracy train: 7.18312e-01, KNN accuracy train: 5.93667e-01
INFO:root:time taken for epoch 0:01:36.373126
INFO:root:Epoch 161
INFO:root:[161,     0] loss: 5.671319e-03 masks: 22.0 16.0 [wd: 2.97e-01] [lr: 3.89e-04] [mem: 5.66e+03] (170.2 ms)
INFO:root:[161,     0] grad_stats: [2.01e-04 4.17e-05] (1.52e-05, 1.38e-03)
INFO:root:[161,   116] loss: 5.354568e-03 masks: 21.1 17.6 [wd: 2.98e-01] [lr: 3.86e-04] [mem: 5.66e+03] (171.3 ms)
INFO:root:[161,   116] grad_stats: [1.41e-04 6.51e-05] (2.45e-05, 1.28e-03)
INFO:root:[161,   232] loss: 5.381211e-03 masks: 21.6 17.4 [wd: 2.99e-01] [lr: 3.82e-04] [mem: 5.66e+03] (172.8 ms)
INFO:root:[161,   232] grad_stats: [5.14e-05 4.13e-05] (1.27e-05, 1.35e-03)
INFO:root:avg. loss 5.38121135e-03
INFO:root:time taken for epoch 0:00:53.506961
INFO:root:Epoch 162
INFO:root:[162,     0] loss: 5.590443e-03 masks: 20.0 16.0 [wd: 2.99e-01] [lr: 3.82e-04] [mem: 5.66e+03] (164.8 ms)
INFO:root:[162,     0] grad_stats: [1.15e-04 6.29e-05] (1.64e-05, 1.12e-03)
INFO:root:[162,   116] loss: 5.393863e-03 masks: 21.7 17.3 [wd: 3.00e-01] [lr: 3.78e-04] [mem: 5.66e+03] (173.0 ms)
INFO:root:[162,   116] grad_stats: [1.50e-04 5.66e-05] (1.51e-05, 8.24e-04)
INFO:root:[162,   232] loss: 5.360778e-03 masks: 22.1 17.3 [wd: 3.01e-01] [lr: 3.75e-04] [mem: 5.66e+03] (174.6 ms)
INFO:root:[162,   232] grad_stats: [1.94e-04 8.00e-05] (2.09e-05, 2.77e-03)
INFO:root:avg. loss 5.36077828e-03
INFO:root:time taken for epoch 0:00:54.117002
INFO:root:Epoch 163
INFO:root:[163,     0] loss: 6.429920e-03 masks: 33.0 12.0 [wd: 3.01e-01] [lr: 3.75e-04] [mem: 5.66e+03] (195.2 ms)
INFO:root:[163,     0] grad_stats: [1.88e-04 6.98e-05] (1.98e-05, 2.35e-03)
INFO:root:[163,   116] loss: 5.345645e-03 masks: 21.8 17.6 [wd: 3.02e-01] [lr: 3.71e-04] [mem: 5.66e+03] (173.6 ms)
INFO:root:[163,   116] grad_stats: [1.09e-04 1.13e-04] (1.72e-05, 1.36e-03)
INFO:root:[163,   232] loss: 5.368667e-03 masks: 22.1 17.3 [wd: 3.03e-01] [lr: 3.68e-04] [mem: 5.66e+03] (174.7 ms)
INFO:root:[163,   232] grad_stats: [2.96e-04 2.68e-05] (1.15e-05, 7.40e-04)
INFO:root:avg. loss 5.36866651e-03
INFO:root:time taken for epoch 0:00:54.104644
INFO:root:Epoch 164
INFO:root:[164,     0] loss: 5.610866e-03 masks: 21.0 16.0 [wd: 3.03e-01] [lr: 3.68e-04] [mem: 5.66e+03] (165.8 ms)
INFO:root:[164,     0] grad_stats: [1.59e-04 5.84e-05] (1.44e-05, 1.86e-03)
INFO:root:[164,   116] loss: 5.348419e-03 masks: 21.7 17.5 [wd: 3.04e-01] [lr: 3.64e-04] [mem: 5.66e+03] (173.4 ms)
INFO:root:[164,   116] grad_stats: [1.52e-04 4.21e-05] (1.25e-05, 6.41e-04)
INFO:root:[164,   232] loss: 5.362442e-03 masks: 21.8 17.5 [wd: 3.05e-01] [lr: 3.60e-04] [mem: 5.66e+03] (174.0 ms)
INFO:root:[164,   232] grad_stats: [1.47e-04 6.83e-05] (1.79e-05, 2.53e-03)
INFO:root:avg. loss 5.36244189e-03
INFO:root:time taken for epoch 0:00:53.937311
INFO:root:Epoch 165
INFO:root:[165,     0] loss: 4.905882e-03 masks: 17.0 20.0 [wd: 3.05e-01] [lr: 3.60e-04] [mem: 5.66e+03] (161.6 ms)
INFO:root:[165,     0] grad_stats: [2.10e-04 4.34e-05] (1.35e-05, 7.72e-04)
INFO:root:[165,   116] loss: 5.317451e-03 masks: 21.4 17.6 [wd: 3.06e-01] [lr: 3.57e-04] [mem: 5.66e+03] (172.6 ms)
INFO:root:[165,   116] grad_stats: [9.09e-05 5.13e-05] (1.56e-05, 5.13e-04)
INFO:root:[165,   232] loss: 5.360774e-03 masks: 21.5 17.5 [wd: 3.07e-01] [lr: 3.53e-04] [mem: 5.66e+03] (173.2 ms)
INFO:root:[165,   232] grad_stats: [8.33e-05 4.28e-05] (1.45e-05, 4.81e-04)
INFO:root:avg. loss 5.36077362e-03
INFO:root:time taken for epoch 0:00:53.719080
INFO:root:Epoch 166
INFO:root:[166,     0] loss: 5.605345e-03 masks: 23.0 16.0 [wd: 3.07e-01] [lr: 3.53e-04] [mem: 5.66e+03] (171.8 ms)
INFO:root:[166,     0] grad_stats: [1.66e-04 4.40e-05] (1.54e-05, 5.30e-04)
INFO:root:[166,   116] loss: 5.498157e-03 masks: 23.2 16.7 [wd: 3.08e-01] [lr: 3.50e-04] [mem: 5.66e+03] (176.2 ms)
INFO:root:[166,   116] grad_stats: [1.68e-04 5.29e-05] (1.91e-05, 1.32e-03)
INFO:root:[166,   232] loss: 5.438873e-03 masks: 22.8 16.9 [wd: 3.09e-01] [lr: 3.46e-04] [mem: 5.66e+03] (175.8 ms)
INFO:root:[166,   232] grad_stats: [2.78e-04 4.66e-05] (1.76e-05, 5.96e-04)
INFO:root:avg. loss 5.43887320e-03
INFO:root:time taken for epoch 0:00:54.391230
INFO:root:Epoch 167
INFO:root:[167,     0] loss: 5.567053e-03 masks: 14.0 20.0 [wd: 3.09e-01] [lr: 3.46e-04] [mem: 5.66e+03] (154.1 ms)
INFO:root:[167,     0] grad_stats: [1.66e-04 4.97e-05] (1.30e-05, 8.50e-04)
INFO:root:[167,   116] loss: 5.463069e-03 masks: 21.4 17.2 [wd: 3.10e-01] [lr: 3.43e-04] [mem: 5.66e+03] (171.9 ms)
INFO:root:[167,   116] grad_stats: [9.41e-05 4.36e-05] (1.37e-05, 9.88e-04)
INFO:root:[167,   232] loss: 5.476012e-03 masks: 21.4 17.2 [wd: 3.11e-01] [lr: 3.39e-04] [mem: 5.66e+03] (172.3 ms)
INFO:root:[167,   232] grad_stats: [1.60e-04 5.51e-05] (1.46e-05, 1.69e-03)
INFO:root:avg. loss 5.47601161e-03
INFO:root:time taken for epoch 0:00:53.582977
INFO:root:Epoch 168
INFO:root:[168,     0] loss: 4.857252e-03 masks: 19.0 20.0 [wd: 3.11e-01] [lr: 3.39e-04] [mem: 5.66e+03] (169.3 ms)
INFO:root:[168,     0] grad_stats: [1.49e-04 5.73e-05] (1.41e-05, 1.92e-03)
INFO:root:[168,   116] loss: 5.408287e-03 masks: 21.6 17.6 [wd: 3.12e-01] [lr: 3.36e-04] [mem: 5.66e+03] (173.0 ms)
INFO:root:[168,   116] grad_stats: [1.30e-04 3.75e-05] (1.28e-05, 6.56e-04)
INFO:root:[168,   232] loss: 5.394912e-03 masks: 22.0 17.4 [wd: 3.13e-01] [lr: 3.32e-04] [mem: 5.66e+03] (174.2 ms)
INFO:root:[168,   232] grad_stats: [1.74e-04 4.73e-05] (1.61e-05, 9.88e-04)
INFO:root:avg. loss 5.39491195e-03
INFO:root:time taken for epoch 0:00:53.972954
INFO:root:Epoch 169
INFO:root:[169,     0] loss: 6.003127e-03 masks: 24.0 16.0 [wd: 3.13e-01] [lr: 3.32e-04] [mem: 5.66e+03] (174.2 ms)
INFO:root:[169,     0] grad_stats: [2.24e-04 5.69e-05] (1.55e-05, 1.59e-03)
INFO:root:[169,   116] loss: 5.491266e-03 masks: 22.2 17.2 [wd: 3.14e-01] [lr: 3.28e-04] [mem: 5.66e+03] (174.0 ms)
INFO:root:[169,   116] grad_stats: [1.82e-04 5.93e-05] (1.83e-05, 1.92e-03)
INFO:root:[169,   232] loss: 5.426329e-03 masks: 22.3 17.2 [wd: 3.15e-01] [lr: 3.25e-04] [mem: 5.66e+03] (175.0 ms)
INFO:root:[169,   232] grad_stats: [9.66e-05 4.87e-05] (1.51e-05, 1.35e-03)
INFO:root:avg. loss 5.42632857e-03
INFO:root:time taken for epoch 0:00:54.220618
INFO:root:Epoch 170
INFO:root:[170,     0] loss: 4.617864e-03 masks: 21.0 20.0 [wd: 3.15e-01] [lr: 3.25e-04] [mem: 5.66e+03] (173.2 ms)
INFO:root:[170,     0] grad_stats: [1.44e-04 4.14e-05] (1.45e-05, 5.57e-04)
INFO:root:[170,   116] loss: 5.456543e-03 masks: 22.4 17.0 [wd: 3.15e-01] [lr: 3.21e-04] [mem: 5.66e+03] (174.5 ms)
INFO:root:[170,   116] grad_stats: [1.12e-04 5.01e-05] (1.51e-05, 7.48e-04)
INFO:root:[170,   232] loss: 5.401140e-03 masks: 21.8 17.4 [wd: 3.16e-01] [lr: 3.18e-04] [mem: 5.66e+03] (173.6 ms)
INFO:root:[170,   232] grad_stats: [3.27e-04 6.64e-05] (2.52e-05, 2.11e-03)
INFO:root:avg. loss 5.40113995e-03
INFO:root:time taken for epoch 0:00:53.884643
INFO:root:Epoch 171
INFO:root:[171,     0] loss: 5.358409e-03 masks: 16.0 20.0 [wd: 3.16e-01] [lr: 3.18e-04] [mem: 5.66e+03] (159.9 ms)
INFO:root:[171,     0] grad_stats: [1.40e-04 5.05e-05] (1.82e-05, 1.02e-03)
INFO:root:[171,   116] loss: 5.551027e-03 masks: 22.5 16.8 [wd: 3.17e-01] [lr: 3.15e-04] [mem: 5.66e+03] (174.3 ms)
INFO:root:[171,   116] grad_stats: [4.30e-04 6.99e-05] (2.18e-05, 2.08e-03)
INFO:root:[171,   232] loss: 5.519874e-03 masks: 22.5 16.9 [wd: 3.18e-01] [lr: 3.11e-04] [mem: 5.66e+03] (175.0 ms)
INFO:root:[171,   232] grad_stats: [1.72e-04 4.23e-05] (1.47e-05, 1.15e-03)
INFO:root:avg. loss 5.51987379e-03
INFO:root:time taken for epoch 0:00:54.187427
INFO:root:Epoch 172
INFO:root:[172,     0] loss: 5.630052e-03 masks: 20.0 16.0 [wd: 3.18e-01] [lr: 3.11e-04] [mem: 5.66e+03] (166.8 ms)
INFO:root:[172,     0] grad_stats: [1.28e-04 5.22e-05] (1.82e-05, 1.25e-03)
INFO:root:[172,   116] loss: 5.367836e-03 masks: 22.3 17.3 [wd: 3.19e-01] [lr: 3.08e-04] [mem: 5.66e+03] (174.7 ms)
INFO:root:[172,   116] grad_stats: [7.16e-05 4.03e-05] (1.58e-05, 8.86e-04)
INFO:root:[172,   232] loss: 5.342878e-03 masks: 21.8 17.5 [wd: 3.20e-01] [lr: 3.04e-04] [mem: 5.66e+03] (174.2 ms)
INFO:root:[172,   232] grad_stats: [3.32e-04 8.96e-05] (2.36e-05, 3.50e-03)
INFO:root:avg. loss 5.34287750e-03
INFO:root:time taken for epoch 0:00:54.029804
INFO:root:Epoch 173
INFO:root:[173,     0] loss: 5.831112e-03 masks: 36.0 12.0 [wd: 3.20e-01] [lr: 3.04e-04] [mem: 5.66e+03] (203.4 ms)
INFO:root:[173,     0] grad_stats: [3.07e-04 6.59e-05] (2.18e-05, 2.16e-03)
INFO:root:[173,   116] loss: 5.472714e-03 masks: 22.3 17.1 [wd: 3.21e-01] [lr: 3.01e-04] [mem: 5.66e+03] (174.3 ms)
INFO:root:[173,   116] grad_stats: [1.62e-04 5.18e-05] (1.43e-05, 6.77e-04)
INFO:root:[173,   232] loss: 5.463513e-03 masks: 21.8 17.3 [wd: 3.22e-01] [lr: 2.97e-04] [mem: 5.66e+03] (173.5 ms)
INFO:root:[173,   232] grad_stats: [6.01e-05 7.27e-05] (1.87e-05, 1.64e-03)
INFO:root:avg. loss 5.46351280e-03
INFO:root:time taken for epoch 0:00:53.825450
INFO:root:Epoch 174
INFO:root:[174,     0] loss: 4.401686e-03 masks: 20.0 20.0 [wd: 3.22e-01] [lr: 2.97e-04] [mem: 5.66e+03] (170.5 ms)
INFO:root:[174,     0] grad_stats: [1.08e-04 4.70e-05] (1.41e-05, 1.76e-03)
INFO:root:[174,   116] loss: 5.412288e-03 masks: 22.1 17.3 [wd: 3.23e-01] [lr: 2.94e-04] [mem: 5.66e+03] (173.9 ms)
INFO:root:[174,   116] grad_stats: [9.28e-05 3.31e-05] (1.35e-05, 3.86e-04)
INFO:root:[174,   232] loss: 5.426533e-03 masks: 21.8 17.3 [wd: 3.24e-01] [lr: 2.91e-04] [mem: 5.66e+03] (173.7 ms)
INFO:root:[174,   232] grad_stats: [1.18e-04 3.79e-05] (1.85e-05, 8.43e-04)
INFO:root:avg. loss 5.42653290e-03
INFO:root:time taken for epoch 0:00:53.843342
INFO:root:Epoch 175
INFO:root:[175,     0] loss: 4.847873e-03 masks: 19.0 20.0 [wd: 3.24e-01] [lr: 2.91e-04] [mem: 5.66e+03] (169.0 ms)
INFO:root:[175,     0] grad_stats: [2.09e-04 4.03e-05] (1.55e-05, 8.69e-04)
INFO:root:[175,   116] loss: 5.446902e-03 masks: 21.9 17.3 [wd: 3.25e-01] [lr: 2.87e-04] [mem: 5.66e+03] (173.5 ms)
INFO:root:[175,   116] grad_stats: [1.15e-04 5.60e-05] (1.90e-05, 9.42e-04)
INFO:root:[175,   232] loss: 5.438419e-03 masks: 22.1 17.3 [wd: 3.26e-01] [lr: 2.84e-04] [mem: 5.66e+03] (174.6 ms)
INFO:root:[175,   232] grad_stats: [6.45e-05 6.05e-05] (1.56e-05, 1.30e-03)
INFO:root:avg. loss 5.43841861e-03
INFO:root:time taken for epoch 0:00:54.056305
INFO:root:Epoch 176
INFO:root:[176,     0] loss: 6.126310e-03 masks: 20.0 16.0 [wd: 3.26e-01] [lr: 2.84e-04] [mem: 5.66e+03] (165.5 ms)
INFO:root:[176,     0] grad_stats: [1.36e-04 5.63e-05] (1.83e-05, 1.34e-03)
INFO:root:[176,   116] loss: 5.372933e-03 masks: 22.4 17.3 [wd: 3.27e-01] [lr: 2.80e-04] [mem: 5.66e+03] (174.9 ms)
INFO:root:[176,   116] grad_stats: [2.17e-04 5.09e-05] (1.73e-05, 9.56e-04)
INFO:root:[176,   232] loss: 5.430684e-03 masks: 22.1 17.2 [wd: 3.28e-01] [lr: 2.77e-04] [mem: 5.66e+03] (174.6 ms)
INFO:root:[176,   232] grad_stats: [9.85e-05 6.07e-05] (1.88e-05, 8.73e-04)
INFO:root:avg. loss 5.43068353e-03
INFO:root:time taken for epoch 0:00:54.078379
INFO:root:Epoch 177
INFO:root:[177,     0] loss: 5.340597e-03 masks: 27.0 16.0 [wd: 3.28e-01] [lr: 2.77e-04] [mem: 5.66e+03] (184.6 ms)
INFO:root:[177,     0] grad_stats: [9.34e-05 6.56e-05] (1.79e-05, 9.84e-04)
INFO:root:[177,   116] loss: 5.401729e-03 masks: 22.4 17.3 [wd: 3.29e-01] [lr: 2.74e-04] [mem: 5.66e+03] (174.7 ms)
INFO:root:[177,   116] grad_stats: [2.70e-04 8.43e-05] (2.64e-05, 3.27e-03)
INFO:root:[177,   232] loss: 5.373331e-03 masks: 22.2 17.3 [wd: 3.29e-01] [lr: 2.70e-04] [mem: 5.66e+03] (174.9 ms)
INFO:root:[177,   232] grad_stats: [1.98e-04 5.11e-05] (1.68e-05, 6.79e-04)
INFO:root:avg. loss 5.37333059e-03
INFO:root:time taken for epoch 0:00:54.183842
INFO:root:Epoch 178
INFO:root:[178,     0] loss: 6.751487e-03 masks: 17.0 16.0 [wd: 3.29e-01] [lr: 2.70e-04] [mem: 5.66e+03] (155.4 ms)
INFO:root:[178,     0] grad_stats: [1.98e-04 6.00e-05] (2.34e-05, 9.06e-04)
INFO:root:[178,   116] loss: 5.493793e-03 masks: 22.3 17.0 [wd: 3.30e-01] [lr: 2.67e-04] [mem: 5.66e+03] (174.3 ms)
INFO:root:[178,   116] grad_stats: [1.83e-04 4.22e-05] (1.76e-05, 1.02e-03)
INFO:root:[178,   232] loss: 5.422584e-03 masks: 21.7 17.4 [wd: 3.31e-01] [lr: 2.64e-04] [mem: 5.66e+03] (173.6 ms)
INFO:root:[178,   232] grad_stats: [1.25e-04 4.20e-05] (1.65e-05, 7.34e-04)
INFO:root:avg. loss 5.42258396e-03
INFO:root:time taken for epoch 0:00:53.847655
INFO:root:Epoch 179
INFO:root:[179,     0] loss: 6.289992e-03 masks: 33.0 12.0 [wd: 3.31e-01] [lr: 2.64e-04] [mem: 5.66e+03] (195.2 ms)
INFO:root:[179,     0] grad_stats: [4.30e-04 6.69e-05] (2.41e-05, 1.68e-03)
INFO:root:[179,   116] loss: 5.401225e-03 masks: 20.5 17.9 [wd: 3.32e-01] [lr: 2.61e-04] [mem: 5.66e+03] (170.5 ms)
INFO:root:[179,   116] grad_stats: [1.98e-04 5.17e-05] (2.26e-05, 8.05e-04)
INFO:root:[179,   232] loss: 5.431789e-03 masks: 21.3 17.6 [wd: 3.33e-01] [lr: 2.57e-04] [mem: 5.66e+03] (172.7 ms)
INFO:root:[179,   232] grad_stats: [3.63e-04 8.32e-05] (2.14e-05, 3.06e-03)
INFO:root:avg. loss 5.43178904e-03
INFO:root:time taken for epoch 0:00:53.729704
INFO:root:Epoch 180
INFO:root:[180,     0] loss: 5.242670e-03 masks: 17.0 20.0 [wd: 3.33e-01] [lr: 2.57e-04] [mem: 5.66e+03] (162.9 ms)
INFO:root:[180,     0] grad_stats: [7.82e-05 6.11e-05] (2.37e-05, 1.49e-03)
INFO:root:[180,   116] loss: 5.334147e-03 masks: 21.3 17.6 [wd: 3.34e-01] [lr: 2.54e-04] [mem: 5.66e+03] (172.3 ms)
INFO:root:[180,   116] grad_stats: [1.02e-04 4.01e-05] (1.63e-05, 7.63e-04)
INFO:root:[180,   232] loss: 5.376222e-03 masks: 21.5 17.4 [wd: 3.35e-01] [lr: 2.51e-04] [mem: 5.66e+03] (173.1 ms)
INFO:root:[180,   232] grad_stats: [2.31e-04 4.82e-05] (1.86e-05, 7.01e-04)
INFO:root:avg. loss 5.37622224e-03
INFO:root:	Epoch 180, KNN accuracy train: 7.28541e-01, KNN accuracy train: 5.86000e-01
INFO:root:time taken for epoch 0:01:35.837143
INFO:root:Epoch 181
INFO:root:[181,     0] loss: 6.256297e-03 masks: 20.0 16.0 [wd: 3.35e-01] [lr: 2.51e-04] [mem: 5.66e+03] (166.4 ms)
INFO:root:[181,     0] grad_stats: [2.15e-04 7.28e-05] (2.57e-05, 9.92e-04)
INFO:root:[181,   116] loss: 5.436937e-03 masks: 21.6 17.4 [wd: 3.36e-01] [lr: 2.48e-04] [mem: 5.66e+03] (172.4 ms)
INFO:root:[181,   116] grad_stats: [4.55e-05 5.12e-05] (1.70e-05, 9.65e-04)
INFO:root:[181,   232] loss: 5.432413e-03 masks: 21.9 17.3 [wd: 3.36e-01] [lr: 2.44e-04] [mem: 5.66e+03] (173.4 ms)
INFO:root:[181,   232] grad_stats: [1.70e-04 6.92e-05] (3.06e-05, 1.62e-03)
INFO:root:avg. loss 5.43241327e-03
INFO:root:time taken for epoch 0:00:53.796282
INFO:root:Epoch 182
INFO:root:[182,     0] loss: 4.869951e-03 masks: 27.0 16.0 [wd: 3.36e-01] [lr: 2.44e-04] [mem: 5.66e+03] (184.7 ms)
INFO:root:[182,     0] grad_stats: [1.71e-04 6.15e-05] (2.22e-05, 1.87e-03)
INFO:root:[182,   116] loss: 5.408706e-03 masks: 21.7 17.4 [wd: 3.37e-01] [lr: 2.41e-04] [mem: 5.66e+03] (172.9 ms)
INFO:root:[182,   116] grad_stats: [1.39e-04 3.91e-05] (1.56e-05, 6.78e-04)
INFO:root:[182,   232] loss: 5.395220e-03 masks: 21.6 17.5 [wd: 3.38e-01] [lr: 2.38e-04] [mem: 5.66e+03] (173.3 ms)
INFO:root:[182,   232] grad_stats: [1.12e-04 7.56e-05] (2.47e-05, 1.65e-03)
INFO:root:avg. loss 5.39521985e-03
INFO:root:time taken for epoch 0:00:53.861974
INFO:root:Epoch 183
INFO:root:[183,     0] loss: 4.731445e-03 masks: 20.0 20.0 [wd: 3.38e-01] [lr: 2.38e-04] [mem: 5.66e+03] (171.9 ms)
INFO:root:[183,     0] grad_stats: [7.41e-05 4.64e-05] (1.82e-05, 1.06e-03)
INFO:root:[183,   116] loss: 5.320694e-03 masks: 21.2 17.6 [wd: 3.39e-01] [lr: 2.35e-04] [mem: 5.66e+03] (172.0 ms)
INFO:root:[183,   116] grad_stats: [1.86e-04 5.88e-05] (1.68e-05, 1.06e-03)
INFO:root:[183,   232] loss: 5.332059e-03 masks: 21.7 17.5 [wd: 3.40e-01] [lr: 2.32e-04] [mem: 5.66e+03] (173.7 ms)
INFO:root:[183,   232] grad_stats: [3.41e-04 6.27e-05] (2.45e-05, 1.48e-03)
INFO:root:avg. loss 5.33205892e-03
INFO:root:time taken for epoch 0:00:53.816484
INFO:root:Epoch 184
INFO:root:[184,     0] loss: 5.678900e-03 masks: 27.0 16.0 [wd: 3.40e-01] [lr: 2.32e-04] [mem: 5.66e+03] (186.5 ms)
INFO:root:[184,     0] grad_stats: [1.55e-04 7.37e-05] (2.30e-05, 1.81e-03)
INFO:root:[184,   116] loss: 5.427126e-03 masks: 21.7 17.3 [wd: 3.41e-01] [lr: 2.28e-04] [mem: 5.66e+03] (173.0 ms)
INFO:root:[184,   116] grad_stats: [2.79e-04 4.79e-05] (2.26e-05, 9.96e-04)
INFO:root:[184,   232] loss: 5.396384e-03 masks: 21.6 17.4 [wd: 3.42e-01] [lr: 2.25e-04] [mem: 5.66e+03] (173.5 ms)
INFO:root:[184,   232] grad_stats: [1.22e-04 7.43e-05] (2.61e-05, 2.38e-03)
INFO:root:avg. loss 5.39638404e-03
INFO:root:time taken for epoch 0:00:53.851328
INFO:root:Epoch 185
INFO:root:[185,     0] loss: 4.956167e-03 masks: 20.0 20.0 [wd: 3.42e-01] [lr: 2.25e-04] [mem: 5.66e+03] (171.7 ms)
INFO:root:[185,     0] grad_stats: [1.84e-04 4.74e-05] (1.84e-05, 1.09e-03)
INFO:root:[185,   116] loss: 5.467300e-03 masks: 22.3 17.0 [wd: 3.42e-01] [lr: 2.22e-04] [mem: 5.66e+03] (174.1 ms)
INFO:root:[185,   116] grad_stats: [1.25e-04 8.16e-05] (2.39e-05, 2.08e-03)
INFO:root:[185,   232] loss: 5.459231e-03 masks: 22.5 17.0 [wd: 3.43e-01] [lr: 2.19e-04] [mem: 5.66e+03] (175.2 ms)
INFO:root:[185,   232] grad_stats: [1.07e-04 4.93e-05] (1.94e-05, 1.87e-03)
INFO:root:avg. loss 5.45923126e-03
INFO:root:time taken for epoch 0:00:54.239069
INFO:root:Epoch 186
INFO:root:[186,     0] loss: 4.830112e-03 masks: 19.0 20.0 [wd: 3.43e-01] [lr: 2.19e-04] [mem: 5.66e+03] (168.8 ms)
INFO:root:[186,     0] grad_stats: [1.37e-04 5.33e-05] (1.98e-05, 7.71e-04)
INFO:root:[186,   116] loss: 5.480830e-03 masks: 22.4 17.0 [wd: 3.44e-01] [lr: 2.16e-04] [mem: 5.66e+03] (174.4 ms)
INFO:root:[186,   116] grad_stats: [6.98e-05 4.60e-05] (1.79e-05, 9.23e-04)
INFO:root:[186,   232] loss: 5.510506e-03 masks: 22.5 16.8 [wd: 3.45e-01] [lr: 2.13e-04] [mem: 5.66e+03] (175.1 ms)
INFO:root:[186,   232] grad_stats: [1.25e-04 8.46e-05] (2.82e-05, 1.47e-03)
INFO:root:avg. loss 5.51050566e-03
INFO:root:time taken for epoch 0:00:54.241052
INFO:root:Epoch 187
INFO:root:[187,     0] loss: 5.570896e-03 masks: 29.0 16.0 [wd: 3.45e-01] [lr: 2.13e-04] [mem: 5.66e+03] (187.8 ms)
INFO:root:[187,     0] grad_stats: [1.15e-04 5.09e-05] (2.25e-05, 1.14e-03)
INFO:root:[187,   116] loss: 5.372783e-03 masks: 22.4 17.2 [wd: 3.46e-01] [lr: 2.10e-04] [mem: 5.66e+03] (174.6 ms)
INFO:root:[187,   116] grad_stats: [2.44e-04 6.68e-05] (2.15e-05, 1.66e-03)
INFO:root:[187,   232] loss: 5.359127e-03 masks: 22.1 17.3 [wd: 3.46e-01] [lr: 2.07e-04] [mem: 5.66e+03] (174.5 ms)
INFO:root:[187,   232] grad_stats: [1.66e-04 7.39e-05] (2.23e-05, 2.00e-03)
INFO:root:avg. loss 5.35912730e-03
INFO:root:time taken for epoch 0:00:54.107442
INFO:root:Epoch 188
INFO:root:[188,     0] loss: 5.770391e-03 masks: 22.0 16.0 [wd: 3.46e-01] [lr: 2.07e-04] [mem: 5.66e+03] (170.0 ms)
INFO:root:[188,     0] grad_stats: [1.67e-04 5.30e-05] (2.35e-05, 2.28e-03)
INFO:root:[188,   116] loss: 5.403507e-03 masks: 21.1 17.7 [wd: 3.47e-01] [lr: 2.04e-04] [mem: 5.66e+03] (171.8 ms)
INFO:root:[188,   116] grad_stats: [1.24e-04 5.86e-05] (1.90e-05, 1.31e-03)
INFO:root:[188,   232] loss: 5.435539e-03 masks: 21.7 17.4 [wd: 3.48e-01] [lr: 2.01e-04] [mem: 5.66e+03] (173.4 ms)
INFO:root:[188,   232] grad_stats: [1.04e-04 7.64e-05] (2.63e-05, 1.09e-03)
INFO:root:avg. loss 5.43553932e-03
INFO:root:time taken for epoch 0:00:53.841813
INFO:root:Epoch 189
INFO:root:[189,     0] loss: 5.165296e-03 masks: 23.0 16.0 [wd: 3.48e-01] [lr: 2.01e-04] [mem: 5.66e+03] (172.3 ms)
INFO:root:[189,     0] grad_stats: [2.31e-04 7.73e-05] (2.46e-05, 1.90e-03)
INFO:root:[189,   116] loss: 5.422534e-03 masks: 22.5 16.9 [wd: 3.49e-01] [lr: 1.98e-04] [mem: 5.66e+03] (174.6 ms)
INFO:root:[189,   116] grad_stats: [1.46e-04 6.37e-05] (2.69e-05, 1.01e-03)
INFO:root:[189,   232] loss: 5.433795e-03 masks: 22.1 17.1 [wd: 3.50e-01] [lr: 1.95e-04] [mem: 5.66e+03] (174.1 ms)
INFO:root:[189,   232] grad_stats: [1.14e-04 6.71e-05] (2.05e-05, 8.71e-04)
INFO:root:avg. loss 5.43379468e-03
INFO:root:time taken for epoch 0:00:54.018346
INFO:root:Epoch 190
INFO:root:[190,     0] loss: 5.582918e-03 masks: 23.0 16.0 [wd: 3.50e-01] [lr: 1.95e-04] [mem: 5.66e+03] (173.2 ms)
INFO:root:[190,     0] grad_stats: [2.64e-04 5.91e-05] (2.28e-05, 8.57e-04)
INFO:root:[190,   116] loss: 5.379498e-03 masks: 21.7 17.4 [wd: 3.50e-01] [lr: 1.92e-04] [mem: 5.66e+03] (172.9 ms)
INFO:root:[190,   116] grad_stats: [1.21e-04 6.41e-05] (2.72e-05, 1.18e-03)
INFO:root:[190,   232] loss: 5.410950e-03 masks: 21.8 17.3 [wd: 3.51e-01] [lr: 1.89e-04] [mem: 5.66e+03] (173.5 ms)
INFO:root:[190,   232] grad_stats: [1.45e-04 6.15e-05] (1.96e-05, 7.68e-04)
INFO:root:avg. loss 5.41095026e-03
INFO:root:time taken for epoch 0:00:53.709109
INFO:root:Epoch 191
INFO:root:[191,     0] loss: 4.483111e-03 masks: 18.0 20.0 [wd: 3.51e-01] [lr: 1.89e-04] [mem: 5.66e+03] (165.7 ms)
INFO:root:[191,     0] grad_stats: [1.04e-04 3.94e-05] (1.91e-05, 8.76e-04)
INFO:root:[191,   116] loss: 5.381777e-03 masks: 21.6 17.6 [wd: 3.52e-01] [lr: 1.86e-04] [mem: 5.66e+03] (173.0 ms)
INFO:root:[191,   116] grad_stats: [1.75e-04 6.09e-05] (2.33e-05, 1.24e-03)
INFO:root:[191,   232] loss: 5.394863e-03 masks: 21.8 17.4 [wd: 3.53e-01] [lr: 1.83e-04] [mem: 5.66e+03] (173.9 ms)
INFO:root:[191,   232] grad_stats: [3.79e-04 7.22e-05] (3.25e-05, 1.44e-03)
INFO:root:avg. loss 5.39486289e-03
INFO:root:time taken for epoch 0:00:53.944973
INFO:root:Epoch 192
INFO:root:[192,     0] loss: 4.628324e-03 masks: 20.0 20.0 [wd: 3.53e-01] [lr: 1.83e-04] [mem: 5.66e+03] (170.9 ms)
INFO:root:[192,     0] grad_stats: [1.60e-04 4.02e-05] (1.88e-05, 8.87e-04)
INFO:root:[192,   116] loss: 5.427339e-03 masks: 21.6 17.3 [wd: 3.54e-01] [lr: 1.80e-04] [mem: 5.66e+03] (172.7 ms)
INFO:root:[192,   116] grad_stats: [1.01e-04 5.72e-05] (2.57e-05, 8.82e-04)
INFO:root:[192,   232] loss: 5.415813e-03 masks: 22.0 17.1 [wd: 3.54e-01] [lr: 1.78e-04] [mem: 5.66e+03] (174.0 ms)
INFO:root:[192,   232] grad_stats: [9.38e-05 3.86e-05] (1.88e-05, 8.30e-04)
INFO:root:avg. loss 5.41581282e-03
INFO:root:time taken for epoch 0:00:53.916165
INFO:root:Epoch 193
INFO:root:[193,     0] loss: 5.943328e-03 masks: 25.0 16.0 [wd: 3.54e-01] [lr: 1.77e-04] [mem: 5.66e+03] (179.6 ms)
INFO:root:[193,     0] grad_stats: [1.55e-04 6.54e-05] (2.43e-05, 1.58e-03)
INFO:root:[193,   116] loss: 5.390585e-03 masks: 21.7 17.4 [wd: 3.55e-01] [lr: 1.75e-04] [mem: 5.66e+03] (173.3 ms)
INFO:root:[193,   116] grad_stats: [2.50e-04 6.99e-05] (2.21e-05, 1.77e-03)
INFO:root:[193,   232] loss: 5.404887e-03 masks: 22.1 17.3 [wd: 3.56e-01] [lr: 1.72e-04] [mem: 5.66e+03] (174.4 ms)
INFO:root:[193,   232] grad_stats: [2.94e-04 6.78e-05] (2.72e-05, 1.54e-03)
INFO:root:avg. loss 5.40488661e-03
INFO:root:time taken for epoch 0:00:53.906194
INFO:root:Epoch 194
INFO:root:[194,     0] loss: 5.025843e-03 masks: 14.0 20.0 [wd: 3.56e-01] [lr: 1.72e-04] [mem: 5.66e+03] (157.8 ms)
INFO:root:[194,     0] grad_stats: [9.21e-05 5.29e-05] (2.02e-05, 1.21e-03)
INFO:root:[194,   116] loss: 5.394574e-03 masks: 22.5 17.2 [wd: 3.57e-01] [lr: 1.69e-04] [mem: 5.66e+03] (174.9 ms)
INFO:root:[194,   116] grad_stats: [2.31e-04 7.35e-05] (2.85e-05, 2.01e-03)
INFO:root:[194,   232] loss: 5.391683e-03 masks: 22.3 17.2 [wd: 3.57e-01] [lr: 1.66e-04] [mem: 5.66e+03] (174.8 ms)
INFO:root:[194,   232] grad_stats: [1.09e-04 6.62e-05] (2.10e-05, 2.06e-03)
INFO:root:avg. loss 5.39168276e-03
INFO:root:time taken for epoch 0:00:54.135570
INFO:root:Epoch 195
INFO:root:[195,     0] loss: 5.418247e-03 masks: 23.0 16.0 [wd: 3.57e-01] [lr: 1.66e-04] [mem: 5.66e+03] (172.0 ms)
INFO:root:[195,     0] grad_stats: [2.44e-04 6.27e-05] (2.30e-05, 2.16e-03)
INFO:root:[195,   116] loss: 5.344869e-03 masks: 21.9 17.4 [wd: 3.58e-01] [lr: 1.63e-04] [mem: 5.66e+03] (173.8 ms)
INFO:root:[195,   116] grad_stats: [1.52e-04 5.84e-05] (2.31e-05, 1.19e-03)
INFO:root:[195,   232] loss: 5.308850e-03 masks: 21.9 17.5 [wd: 3.59e-01] [lr: 1.61e-04] [mem: 5.66e+03] (174.2 ms)
INFO:root:[195,   232] grad_stats: [1.58e-04 8.94e-05] (2.69e-05, 3.36e-03)
INFO:root:avg. loss 5.30884957e-03
INFO:root:time taken for epoch 0:00:53.917478
INFO:root:Epoch 196
INFO:root:[196,     0] loss: 5.154210e-03 masks: 28.0 16.0 [wd: 3.59e-01] [lr: 1.61e-04] [mem: 5.66e+03] (187.7 ms)
INFO:root:[196,     0] grad_stats: [1.13e-04 5.99e-05] (2.04e-05, 1.93e-03)
INFO:root:[196,   116] loss: 5.368286e-03 masks: 21.0 17.6 [wd: 3.59e-01] [lr: 1.58e-04] [mem: 5.66e+03] (171.4 ms)
INFO:root:[196,   116] grad_stats: [1.05e-04 6.68e-05] (2.71e-05, 1.86e-03)
INFO:root:[196,   232] loss: 5.384464e-03 masks: 21.2 17.5 [wd: 3.60e-01] [lr: 1.55e-04] [mem: 5.66e+03] (172.2 ms)
INFO:root:[196,   232] grad_stats: [9.13e-05 8.15e-05] (3.12e-05, 1.40e-03)
INFO:root:avg. loss 5.38446353e-03
INFO:root:time taken for epoch 0:00:53.492703
INFO:root:Epoch 197
INFO:root:[197,     0] loss: 6.030355e-03 masks: 23.0 16.0 [wd: 3.60e-01] [lr: 1.55e-04] [mem: 5.66e+03] (173.3 ms)
INFO:root:[197,     0] grad_stats: [7.44e-05 6.40e-05] (2.69e-05, 1.43e-03)
INFO:root:[197,   116] loss: 5.333537e-03 masks: 22.8 17.1 [wd: 3.61e-01] [lr: 1.53e-04] [mem: 5.66e+03] (175.7 ms)
INFO:root:[197,   116] grad_stats: [1.20e-04 6.25e-05] (2.93e-05, 1.56e-03)
INFO:root:[197,   232] loss: 5.360336e-03 masks: 22.5 17.2 [wd: 3.62e-01] [lr: 1.50e-04] [mem: 5.66e+03] (175.6 ms)
INFO:root:[197,   232] grad_stats: [1.82e-04 7.89e-05] (2.70e-05, 2.32e-03)
INFO:root:avg. loss 5.36033559e-03
INFO:root:time taken for epoch 0:00:54.328952
INFO:root:Epoch 198
INFO:root:[198,     0] loss: 4.632133e-03 masks: 19.0 20.0 [wd: 3.62e-01] [lr: 1.50e-04] [mem: 5.66e+03] (168.4 ms)
INFO:root:[198,     0] grad_stats: [1.12e-04 5.06e-05] (1.89e-05, 1.24e-03)
INFO:root:[198,   116] loss: 5.337498e-03 masks: 22.0 17.4 [wd: 3.62e-01] [lr: 1.47e-04] [mem: 5.66e+03] (174.0 ms)
INFO:root:[198,   116] grad_stats: [1.05e-04 5.81e-05] (2.59e-05, 1.21e-03)
INFO:root:[198,   232] loss: 5.353665e-03 masks: 22.0 17.3 [wd: 3.63e-01] [lr: 1.45e-04] [mem: 5.66e+03] (174.4 ms)
INFO:root:[198,   232] grad_stats: [3.03e-04 6.25e-05] (2.72e-05, 1.39e-03)
INFO:root:avg. loss 5.35366533e-03
INFO:root:time taken for epoch 0:00:53.925296
INFO:root:Epoch 199
INFO:root:[199,     0] loss: 5.829362e-03 masks: 25.0 16.0 [wd: 3.63e-01] [lr: 1.45e-04] [mem: 5.66e+03] (178.8 ms)
INFO:root:[199,     0] grad_stats: [9.83e-05 5.08e-05] (2.33e-05, 9.85e-04)
INFO:root:[199,   116] loss: 5.419669e-03 masks: 21.6 17.3 [wd: 3.64e-01] [lr: 1.42e-04] [mem: 5.66e+03] (172.5 ms)
INFO:root:[199,   116] grad_stats: [9.51e-05 7.92e-05] (2.60e-05, 9.97e-04)
INFO:root:[199,   232] loss: 5.377572e-03 masks: 21.5 17.5 [wd: 3.64e-01] [lr: 1.39e-04] [mem: 5.66e+03] (173.0 ms)
INFO:root:[199,   232] grad_stats: [1.09e-04 4.53e-05] (1.90e-05, 8.05e-04)
INFO:root:avg. loss 5.37757168e-03
INFO:root:time taken for epoch 0:00:53.774065
INFO:root:Epoch 200
INFO:root:[200,     0] loss: 4.802344e-03 masks: 16.0 20.0 [wd: 3.64e-01] [lr: 1.39e-04] [mem: 5.66e+03] (160.4 ms)
INFO:root:[200,     0] grad_stats: [2.13e-04 6.98e-05] (2.37e-05, 1.11e-03)
INFO:root:[200,   116] loss: 5.282160e-03 masks: 21.9 17.5 [wd: 3.65e-01] [lr: 1.37e-04] [mem: 5.66e+03] (173.8 ms)
INFO:root:[200,   116] grad_stats: [1.41e-04 8.18e-05] (3.11e-05, 1.28e-03)
INFO:root:[200,   232] loss: 5.305565e-03 masks: 22.1 17.3 [wd: 3.66e-01] [lr: 1.34e-04] [mem: 5.66e+03] (174.6 ms)
INFO:root:[200,   232] grad_stats: [8.20e-05 5.18e-05] (2.54e-05, 9.91e-04)
INFO:root:avg. loss 5.30556510e-03
INFO:root:	Epoch 200, KNN accuracy train: 7.33476e-01, KNN accuracy train: 6.03333e-01
INFO:root:time taken for epoch 0:01:36.052478
INFO:root:Epoch 201
INFO:root:[201,     0] loss: 5.752170e-03 masks: 20.0 16.0 [wd: 3.66e-01] [lr: 1.34e-04] [mem: 5.66e+03] (164.6 ms)
INFO:root:[201,     0] grad_stats: [1.17e-04 6.26e-05] (2.85e-05, 1.13e-03)
INFO:root:[201,   116] loss: 5.363720e-03 masks: 22.0 17.2 [wd: 3.66e-01] [lr: 1.32e-04] [mem: 5.66e+03] (172.9 ms)
INFO:root:[201,   116] grad_stats: [1.21e-04 5.29e-05] (2.53e-05, 7.17e-04)
INFO:root:[201,   232] loss: 5.397062e-03 masks: 21.9 17.2 [wd: 3.67e-01] [lr: 1.29e-04] [mem: 5.66e+03] (173.2 ms)
INFO:root:[201,   232] grad_stats: [1.18e-04 6.50e-05] (2.40e-05, 1.29e-03)
INFO:root:avg. loss 5.39706240e-03
INFO:root:time taken for epoch 0:00:53.792279
INFO:root:Epoch 202
INFO:root:[202,     0] loss: 4.759845e-03 masks: 19.0 20.0 [wd: 3.67e-01] [lr: 1.29e-04] [mem: 5.66e+03] (168.9 ms)
INFO:root:[202,     0] grad_stats: [7.81e-05 4.44e-05] (2.40e-05, 6.30e-04)
INFO:root:[202,   116] loss: 5.324011e-03 masks: 21.4 17.7 [wd: 3.68e-01] [lr: 1.27e-04] [mem: 5.66e+03] (172.3 ms)
INFO:root:[202,   116] grad_stats: [1.22e-04 5.17e-05] (2.24e-05, 1.80e-03)
INFO:root:[202,   232] loss: 5.361617e-03 masks: 21.8 17.4 [wd: 3.68e-01] [lr: 1.24e-04] [mem: 5.66e+03] (173.7 ms)
INFO:root:[202,   232] grad_stats: [1.56e-04 6.70e-05] (2.85e-05, 1.01e-03)
INFO:root:avg. loss 5.36161676e-03
INFO:root:time taken for epoch 0:00:53.963166
INFO:root:Epoch 203
INFO:root:[203,     0] loss: 6.220439e-03 masks: 35.0 12.0 [wd: 3.68e-01] [lr: 1.24e-04] [mem: 5.66e+03] (198.8 ms)
INFO:root:[203,     0] grad_stats: [1.91e-04 7.55e-05] (3.38e-05, 2.66e-03)
INFO:root:[203,   116] loss: 5.460389e-03 masks: 22.5 16.9 [wd: 3.69e-01] [lr: 1.22e-04] [mem: 5.66e+03] (174.1 ms)
INFO:root:[203,   116] grad_stats: [3.85e-04 6.80e-05] (3.32e-05, 1.26e-03)
INFO:root:[203,   232] loss: 5.427320e-03 masks: 22.2 17.0 [wd: 3.70e-01] [lr: 1.19e-04] [mem: 5.66e+03] (174.3 ms)
INFO:root:[203,   232] grad_stats: [1.01e-04 8.06e-05] (3.44e-05, 1.37e-03)
INFO:root:avg. loss 5.42732015e-03
INFO:root:time taken for epoch 0:00:54.054477
INFO:root:Epoch 204
INFO:root:[204,     0] loss: 5.711431e-03 masks: 36.0 12.0 [wd: 3.70e-01] [lr: 1.19e-04] [mem: 5.66e+03] (204.3 ms)
INFO:root:[204,     0] grad_stats: [2.16e-04 7.49e-05] (3.59e-05, 2.43e-03)
INFO:root:[204,   116] loss: 5.389976e-03 masks: 21.2 17.4 [wd: 3.70e-01] [lr: 1.17e-04] [mem: 5.66e+03] (171.9 ms)
INFO:root:[204,   116] grad_stats: [2.31e-04 5.19e-05] (2.26e-05, 1.33e-03)
INFO:root:[204,   232] loss: 5.405118e-03 masks: 21.6 17.3 [wd: 3.71e-01] [lr: 1.15e-04] [mem: 5.66e+03] (172.9 ms)
INFO:root:[204,   232] grad_stats: [1.01e-04 6.07e-05] (2.30e-05, 1.29e-03)
INFO:root:avg. loss 5.40511819e-03
INFO:root:time taken for epoch 0:00:53.779969
INFO:root:Epoch 205
INFO:root:[205,     0] loss: 4.684483e-03 masks: 27.0 16.0 [wd: 3.71e-01] [lr: 1.15e-04] [mem: 5.66e+03] (185.4 ms)
INFO:root:[205,     0] grad_stats: [1.51e-04 5.78e-05] (2.67e-05, 2.02e-03)
INFO:root:[205,   116] loss: 5.314478e-03 masks: 21.2 17.7 [wd: 3.71e-01] [lr: 1.12e-04] [mem: 5.66e+03] (172.3 ms)
INFO:root:[205,   116] grad_stats: [7.14e-05 6.73e-05] (2.99e-05, 1.17e-03)
INFO:root:[205,   232] loss: 5.377100e-03 masks: 21.8 17.3 [wd: 3.72e-01] [lr: 1.10e-04] [mem: 5.66e+03] (173.6 ms)
INFO:root:[205,   232] grad_stats: [1.01e-04 5.82e-05] (2.31e-05, 1.82e-03)
INFO:root:avg. loss 5.37709968e-03
INFO:root:time taken for epoch 0:00:53.934051
INFO:root:Epoch 206
INFO:root:[206,     0] loss: 4.323343e-03 masks: 20.0 20.0 [wd: 3.72e-01] [lr: 1.10e-04] [mem: 5.66e+03] (169.2 ms)
INFO:root:[206,     0] grad_stats: [1.54e-04 5.44e-05] (2.21e-05, 1.71e-03)
INFO:root:[206,   116] loss: 5.388016e-03 masks: 22.0 17.1 [wd: 3.73e-01] [lr: 1.08e-04] [mem: 5.66e+03] (173.3 ms)
INFO:root:[206,   116] grad_stats: [2.54e-04 9.90e-05] (3.18e-05, 2.51e-03)
INFO:root:[206,   232] loss: 5.351801e-03 masks: 22.0 17.3 [wd: 3.73e-01] [lr: 1.05e-04] [mem: 5.66e+03] (173.9 ms)
INFO:root:[206,   232] grad_stats: [1.55e-04 5.75e-05] (2.57e-05, 9.55e-04)
INFO:root:avg. loss 5.35180127e-03
INFO:root:time taken for epoch 0:00:53.946574
INFO:root:Epoch 207
INFO:root:[207,     0] loss: 4.898466e-03 masks: 19.0 20.0 [wd: 3.73e-01] [lr: 1.05e-04] [mem: 5.66e+03] (170.0 ms)
INFO:root:[207,     0] grad_stats: [7.47e-05 5.22e-05] (2.41e-05, 1.27e-03)
INFO:root:[207,   116] loss: 5.295077e-03 masks: 21.6 17.3 [wd: 3.74e-01] [lr: 1.03e-04] [mem: 5.66e+03] (172.8 ms)
INFO:root:[207,   116] grad_stats: [9.92e-05 6.91e-05] (3.28e-05, 1.56e-03)
INFO:root:[207,   232] loss: 5.352976e-03 masks: 22.0 17.2 [wd: 3.74e-01] [lr: 1.01e-04] [mem: 5.66e+03] (174.0 ms)
INFO:root:[207,   232] grad_stats: [1.43e-04 6.28e-05] (2.52e-05, 1.89e-03)
INFO:root:avg. loss 5.35297589e-03
INFO:root:time taken for epoch 0:00:53.969940
INFO:root:Epoch 208
INFO:root:[208,     0] loss: 4.876282e-03 masks: 20.0 20.0 [wd: 3.74e-01] [lr: 1.01e-04] [mem: 5.66e+03] (169.4 ms)
INFO:root:[208,     0] grad_stats: [2.09e-04 5.28e-05] (2.43e-05, 1.12e-03)
INFO:root:[208,   116] loss: 5.336843e-03 masks: 21.8 17.2 [wd: 3.75e-01] [lr: 9.86e-05] [mem: 5.66e+03] (173.0 ms)
INFO:root:[208,   116] grad_stats: [1.39e-04 5.20e-05] (2.30e-05, 1.07e-03)
INFO:root:[208,   232] loss: 5.358687e-03 masks: 22.0 17.2 [wd: 3.76e-01] [lr: 9.64e-05] [mem: 5.66e+03] (173.9 ms)
INFO:root:[208,   232] grad_stats: [6.74e-05 5.50e-05] (2.55e-05, 8.89e-04)
INFO:root:avg. loss 5.35868744e-03
INFO:root:time taken for epoch 0:00:53.809117
INFO:root:Epoch 209
INFO:root:[209,     0] loss: 4.844830e-03 masks: 20.0 20.0 [wd: 3.76e-01] [lr: 9.64e-05] [mem: 5.66e+03] (170.5 ms)
INFO:root:[209,     0] grad_stats: [1.01e-04 4.98e-05] (2.14e-05, 1.14e-03)
INFO:root:[209,   116] loss: 5.320941e-03 masks: 21.1 17.5 [wd: 3.76e-01] [lr: 9.42e-05] [mem: 5.66e+03] (171.6 ms)
INFO:root:[209,   116] grad_stats: [9.89e-05 4.95e-05] (2.45e-05, 7.23e-04)
INFO:root:[209,   232] loss: 5.353363e-03 masks: 21.5 17.3 [wd: 3.77e-01] [lr: 9.20e-05] [mem: 5.66e+03] (172.9 ms)
INFO:root:[209,   232] grad_stats: [1.52e-04 9.70e-05] (3.41e-05, 4.08e-03)
INFO:root:avg. loss 5.35336308e-03
INFO:root:time taken for epoch 0:00:53.678611
INFO:root:Epoch 210
INFO:root:[210,     0] loss: 5.410284e-03 masks: 23.0 16.0 [wd: 3.77e-01] [lr: 9.20e-05] [mem: 5.66e+03] (171.8 ms)
INFO:root:[210,     0] grad_stats: [8.46e-05 8.03e-05] (3.42e-05, 2.79e-03)
INFO:root:[210,   116] loss: 5.275141e-03 masks: 22.2 17.4 [wd: 3.77e-01] [lr: 8.99e-05] [mem: 5.66e+03] (174.6 ms)
INFO:root:[210,   116] grad_stats: [2.50e-04 1.04e-04] (4.64e-05, 1.19e-03)
INFO:root:[210,   232] loss: 5.284197e-03 masks: 21.9 17.4 [wd: 3.78e-01] [lr: 8.78e-05] [mem: 5.66e+03] (174.0 ms)
INFO:root:[210,   232] grad_stats: [1.20e-04 5.85e-05] (2.77e-05, 2.07e-03)
INFO:root:avg. loss 5.28419723e-03
INFO:root:time taken for epoch 0:00:53.948952
INFO:root:Epoch 211
INFO:root:[211,     0] loss: 5.449755e-03 masks: 25.0 16.0 [wd: 3.78e-01] [lr: 8.78e-05] [mem: 5.66e+03] (181.1 ms)
INFO:root:[211,     0] grad_stats: [1.14e-04 5.53e-05] (2.69e-05, 9.11e-04)
INFO:root:[211,   116] loss: 5.432340e-03 masks: 23.3 16.5 [wd: 3.78e-01] [lr: 8.57e-05] [mem: 5.66e+03] (176.4 ms)
INFO:root:[211,   116] grad_stats: [1.91e-04 5.59e-05] (2.64e-05, 1.05e-03)
INFO:root:[211,   232] loss: 5.386018e-03 masks: 22.6 16.9 [wd: 3.79e-01] [lr: 8.36e-05] [mem: 5.66e+03] (175.5 ms)
INFO:root:[211,   232] grad_stats: [1.03e-04 6.35e-05] (3.09e-05, 1.10e-03)
INFO:root:avg. loss 5.38601783e-03
INFO:root:time taken for epoch 0:00:54.332862
INFO:root:Epoch 212
INFO:root:[212,     0] loss: 5.246917e-03 masks: 25.0 16.0 [wd: 3.79e-01] [lr: 8.36e-05] [mem: 5.66e+03] (177.4 ms)
INFO:root:[212,     0] grad_stats: [1.48e-04 6.48e-05] (3.49e-05, 1.24e-03)
INFO:root:[212,   116] loss: 5.380852e-03 masks: 21.9 17.1 [wd: 3.79e-01] [lr: 8.16e-05] [mem: 5.66e+03] (173.2 ms)
INFO:root:[212,   116] grad_stats: [2.21e-04 7.64e-05] (3.80e-05, 3.17e-03)
INFO:root:[212,   232] loss: 5.334217e-03 masks: 21.9 17.2 [wd: 3.80e-01] [lr: 7.96e-05] [mem: 5.66e+03] (173.8 ms)
INFO:root:[212,   232] grad_stats: [6.95e-05 6.17e-05] (2.94e-05, 7.38e-04)
INFO:root:avg. loss 5.33421730e-03
INFO:root:time taken for epoch 0:00:54.284925
INFO:root:Epoch 213
INFO:root:[213,     0] loss: 4.643794e-03 masks: 26.0 16.0 [wd: 3.80e-01] [lr: 7.95e-05] [mem: 5.66e+03] (183.0 ms)
INFO:root:[213,     0] grad_stats: [8.64e-05 5.64e-05] (2.58e-05, 1.68e-03)
INFO:root:[213,   116] loss: 5.344251e-03 masks: 21.6 17.4 [wd: 3.80e-01] [lr: 7.76e-05] [mem: 5.66e+03] (172.9 ms)
INFO:root:[213,   116] grad_stats: [1.35e-04 8.07e-05] (3.45e-05, 1.70e-03)
INFO:root:[213,   232] loss: 5.363804e-03 masks: 21.8 17.2 [wd: 3.81e-01] [lr: 7.56e-05] [mem: 5.66e+03] (173.6 ms)
INFO:root:[213,   232] grad_stats: [1.90e-04 6.50e-05] (2.76e-05, 1.34e-03)
INFO:root:avg. loss 5.36380427e-03
INFO:root:time taken for epoch 0:00:53.918566
INFO:root:Epoch 214
INFO:root:[214,     0] loss: 5.428439e-03 masks: 25.0 16.0 [wd: 3.81e-01] [lr: 7.56e-05] [mem: 5.66e+03] (178.9 ms)
INFO:root:[214,     0] grad_stats: [2.50e-04 7.72e-05] (3.62e-05, 2.41e-03)
INFO:root:[214,   116] loss: 5.353781e-03 masks: 22.4 17.1 [wd: 3.81e-01] [lr: 7.36e-05] [mem: 5.66e+03] (174.2 ms)
INFO:root:[214,   116] grad_stats: [1.82e-04 7.19e-05] (3.62e-05, 1.64e-03)
INFO:root:[214,   232] loss: 5.316333e-03 masks: 21.6 17.3 [wd: 3.82e-01] [lr: 7.17e-05] [mem: 5.66e+03] (173.2 ms)
INFO:root:[214,   232] grad_stats: [1.34e-04 5.87e-05] (2.73e-05, 1.35e-03)
INFO:root:avg. loss 5.31633328e-03
INFO:root:time taken for epoch 0:00:53.777528
INFO:root:Epoch 215
INFO:root:[215,     0] loss: 5.307044e-03 masks: 24.0 16.0 [wd: 3.82e-01] [lr: 7.17e-05] [mem: 5.66e+03] (176.4 ms)
INFO:root:[215,     0] grad_stats: [1.55e-04 5.46e-05] (2.72e-05, 1.57e-03)
INFO:root:[215,   116] loss: 5.367469e-03 masks: 22.0 17.1 [wd: 3.82e-01] [lr: 6.98e-05] [mem: 5.66e+03] (173.4 ms)
INFO:root:[215,   116] grad_stats: [7.43e-05 5.55e-05] (3.06e-05, 1.12e-03)
INFO:root:[215,   232] loss: 5.328933e-03 masks: 21.7 17.3 [wd: 3.83e-01] [lr: 6.79e-05] [mem: 5.66e+03] (173.5 ms)
INFO:root:[215,   232] grad_stats: [9.43e-05 5.53e-05] (2.38e-05, 1.30e-03)
INFO:root:avg. loss 5.32893325e-03
INFO:root:time taken for epoch 0:00:53.935253
INFO:root:Epoch 216
INFO:root:[216,     0] loss: 5.229363e-03 masks: 22.0 16.0 [wd: 3.83e-01] [lr: 6.79e-05] [mem: 5.66e+03] (169.7 ms)
INFO:root:[216,     0] grad_stats: [8.02e-05 6.74e-05] (2.52e-05, 1.59e-03)
INFO:root:[216,   116] loss: 5.245344e-03 masks: 21.4 17.6 [wd: 3.83e-01] [lr: 6.61e-05] [mem: 5.66e+03] (172.5 ms)
INFO:root:[216,   116] grad_stats: [1.42e-04 7.11e-05] (3.66e-05, 2.09e-03)
INFO:root:[216,   232] loss: 5.243727e-03 masks: 21.5 17.6 [wd: 3.84e-01] [lr: 6.42e-05] [mem: 5.66e+03] (173.2 ms)
INFO:root:[216,   232] grad_stats: [1.22e-04 8.80e-05] (3.49e-05, 1.61e-03)
INFO:root:avg. loss 5.24372746e-03
INFO:root:time taken for epoch 0:00:53.660872
INFO:root:Epoch 217
INFO:root:[217,     0] loss: 4.500464e-03 masks: 17.0 20.0 [wd: 3.84e-01] [lr: 6.42e-05] [mem: 5.66e+03] (162.9 ms)
INFO:root:[217,     0] grad_stats: [1.45e-04 6.85e-05] (3.22e-05, 1.07e-03)
INFO:root:[217,   116] loss: 5.283248e-03 masks: 22.2 17.2 [wd: 3.84e-01] [lr: 6.24e-05] [mem: 5.66e+03] (173.8 ms)
INFO:root:[217,   116] grad_stats: [1.15e-04 6.94e-05] (2.98e-05, 1.42e-03)
INFO:root:[217,   232] loss: 5.299356e-03 masks: 22.1 17.2 [wd: 3.85e-01] [lr: 6.06e-05] [mem: 5.66e+03] (174.2 ms)
INFO:root:[217,   232] grad_stats: [6.16e-05 5.43e-05] (2.39e-05, 9.67e-04)
INFO:root:avg. loss 5.29935628e-03
INFO:root:time taken for epoch 0:00:53.961175
INFO:root:Epoch 218
INFO:root:[218,     0] loss: 5.002520e-03 masks: 23.0 16.0 [wd: 3.85e-01] [lr: 6.06e-05] [mem: 5.66e+03] (171.6 ms)
INFO:root:[218,     0] grad_stats: [1.69e-04 7.25e-05] (3.40e-05, 1.09e-03)
INFO:root:[218,   116] loss: 5.327173e-03 masks: 22.0 17.2 [wd: 3.85e-01] [lr: 5.89e-05] [mem: 5.66e+03] (173.6 ms)
INFO:root:[218,   116] grad_stats: [1.53e-04 7.74e-05] (3.47e-05, 1.18e-03)
INFO:root:[218,   232] loss: 5.305059e-03 masks: 21.8 17.3 [wd: 3.86e-01] [lr: 5.72e-05] [mem: 5.66e+03] (173.5 ms)
INFO:root:[218,   232] grad_stats: [1.50e-04 6.86e-05] (3.35e-05, 2.06e-03)
INFO:root:avg. loss 5.30505903e-03
INFO:root:time taken for epoch 0:00:53.885813
INFO:root:Epoch 219
INFO:root:[219,     0] loss: 4.619975e-03 masks: 20.0 20.0 [wd: 3.86e-01] [lr: 5.71e-05] [mem: 5.66e+03] (171.1 ms)
INFO:root:[219,     0] grad_stats: [2.19e-04 8.05e-05] (3.46e-05, 2.12e-03)
INFO:root:[219,   116] loss: 5.368588e-03 masks: 22.8 16.8 [wd: 3.86e-01] [lr: 5.54e-05] [mem: 5.66e+03] (174.9 ms)
INFO:root:[219,   116] grad_stats: [2.00e-04 8.11e-05] (4.05e-05, 1.71e-03)
INFO:root:[219,   232] loss: 5.297919e-03 masks: 22.0 17.2 [wd: 3.87e-01] [lr: 5.38e-05] [mem: 5.66e+03] (174.0 ms)
INFO:root:[219,   232] grad_stats: [2.22e-04 6.60e-05] (3.35e-05, 9.51e-04)
INFO:root:avg. loss 5.29791880e-03
INFO:root:time taken for epoch 0:00:53.950888
INFO:root:Epoch 220
INFO:root:[220,     0] loss: 4.576341e-03 masks: 19.0 20.0 [wd: 3.87e-01] [lr: 5.37e-05] [mem: 5.66e+03] (168.2 ms)
INFO:root:[220,     0] grad_stats: [9.80e-05 5.62e-05] (2.60e-05, 1.46e-03)
INFO:root:[220,   116] loss: 5.238319e-03 masks: 22.4 17.2 [wd: 3.87e-01] [lr: 5.21e-05] [mem: 5.66e+03] (174.7 ms)
INFO:root:[220,   116] grad_stats: [9.70e-05 7.45e-05] (3.21e-05, 2.24e-03)
INFO:root:[220,   232] loss: 5.258049e-03 masks: 22.3 17.2 [wd: 3.87e-01] [lr: 5.05e-05] [mem: 5.66e+03] (174.9 ms)
INFO:root:[220,   232] grad_stats: [1.71e-04 6.20e-05] (3.02e-05, 1.41e-03)
INFO:root:avg. loss 5.25804895e-03
INFO:root:	Epoch 220, KNN accuracy train: 7.42847e-01, KNN accuracy train: 6.04333e-01
INFO:root:time taken for epoch 0:01:36.263093
INFO:root:Epoch 221
INFO:root:[221,     0] loss: 5.683269e-03 masks: 25.0 16.0 [wd: 3.87e-01] [lr: 5.05e-05] [mem: 5.66e+03] (179.0 ms)
INFO:root:[221,     0] grad_stats: [1.99e-04 8.29e-05] (3.37e-05, 1.19e-03)
INFO:root:[221,   116] loss: 5.276143e-03 masks: 21.2 17.4 [wd: 3.88e-01] [lr: 4.89e-05] [mem: 5.66e+03] (171.2 ms)
INFO:root:[221,   116] grad_stats: [1.53e-04 6.20e-05] (2.77e-05, 1.12e-03)
INFO:root:[221,   232] loss: 5.243118e-03 masks: 21.1 17.6 [wd: 3.88e-01] [lr: 4.73e-05] [mem: 5.66e+03] (171.7 ms)
INFO:root:[221,   232] grad_stats: [2.52e-04 6.83e-05] (3.30e-05, 1.31e-03)
INFO:root:avg. loss 5.24311829e-03
INFO:root:time taken for epoch 0:00:53.338393
INFO:root:Epoch 222
INFO:root:[222,     0] loss: 5.050729e-03 masks: 26.0 16.0 [wd: 3.88e-01] [lr: 4.73e-05] [mem: 5.66e+03] (180.8 ms)
INFO:root:[222,     0] grad_stats: [1.27e-04 5.31e-05] (2.86e-05, 1.20e-03)
INFO:root:[222,   116] loss: 5.197131e-03 masks: 21.6 17.5 [wd: 3.89e-01] [lr: 4.57e-05] [mem: 5.66e+03] (172.9 ms)
INFO:root:[222,   116] grad_stats: [2.19e-04 7.15e-05] (3.20e-05, 1.40e-03)
INFO:root:[222,   232] loss: 5.241472e-03 masks: 21.7 17.4 [wd: 3.89e-01] [lr: 4.42e-05] [mem: 5.66e+03] (173.4 ms)
INFO:root:[222,   232] grad_stats: [1.67e-04 8.75e-05] (4.05e-05, 2.91e-03)
INFO:root:avg. loss 5.24147206e-03
INFO:root:time taken for epoch 0:00:53.854834
INFO:root:Epoch 223
INFO:root:[223,     0] loss: 5.702811e-03 masks: 26.0 16.0 [wd: 3.89e-01] [lr: 4.42e-05] [mem: 5.66e+03] (182.0 ms)
INFO:root:[223,     0] grad_stats: [9.25e-05 6.92e-05] (3.23e-05, 1.27e-03)
INFO:root:[223,   116] loss: 5.264150e-03 masks: 21.9 17.3 [wd: 3.89e-01] [lr: 4.27e-05] [mem: 5.66e+03] (173.3 ms)
INFO:root:[223,   116] grad_stats: [2.27e-04 1.23e-04] (4.93e-05, 2.38e-03)
INFO:root:[223,   232] loss: 5.268091e-03 masks: 22.1 17.2 [wd: 3.90e-01] [lr: 4.12e-05] [mem: 5.66e+03] (174.1 ms)
INFO:root:[223,   232] grad_stats: [1.74e-04 7.98e-05] (4.04e-05, 2.11e-03)
INFO:root:avg. loss 5.26809148e-03
INFO:root:time taken for epoch 0:00:53.972372
INFO:root:Epoch 224
INFO:root:[224,     0] loss: 5.344249e-03 masks: 23.0 16.0 [wd: 3.90e-01] [lr: 4.12e-05] [mem: 5.66e+03] (172.6 ms)
INFO:root:[224,     0] grad_stats: [1.13e-04 7.10e-05] (3.46e-05, 2.10e-03)
INFO:root:[224,   116] loss: 5.250355e-03 masks: 22.1 17.2 [wd: 3.90e-01] [lr: 3.97e-05] [mem: 5.66e+03] (173.8 ms)
INFO:root:[224,   116] grad_stats: [1.04e-04 7.89e-05] (4.07e-05, 2.18e-03)
INFO:root:[224,   232] loss: 5.259902e-03 masks: 21.6 17.4 [wd: 3.90e-01] [lr: 3.83e-05] [mem: 5.66e+03] (173.1 ms)
INFO:root:[224,   232] grad_stats: [2.34e-04 1.06e-04] (4.28e-05, 1.77e-03)
INFO:root:avg. loss 5.25990205e-03
INFO:root:time taken for epoch 0:00:53.767311
INFO:root:Epoch 225
INFO:root:[225,     0] loss: 5.196178e-03 masks: 19.0 20.0 [wd: 3.90e-01] [lr: 3.83e-05] [mem: 5.66e+03] (166.7 ms)
INFO:root:[225,     0] grad_stats: [5.58e-05 6.40e-05] (3.04e-05, 1.00e-03)
INFO:root:[225,   116] loss: 5.220269e-03 masks: 21.6 17.5 [wd: 3.91e-01] [lr: 3.69e-05] [mem: 5.66e+03] (173.0 ms)
INFO:root:[225,   116] grad_stats: [1.28e-04 7.48e-05] (3.32e-05, 1.56e-03)
INFO:root:[225,   232] loss: 5.235026e-03 masks: 21.9 17.3 [wd: 3.91e-01] [lr: 3.55e-05] [mem: 5.66e+03] (173.9 ms)
INFO:root:[225,   232] grad_stats: [1.16e-04 8.15e-05] (3.45e-05, 1.60e-03)
INFO:root:avg. loss 5.23502584e-03
INFO:root:time taken for epoch 0:00:54.008173
INFO:root:Epoch 226
INFO:root:[226,     0] loss: 5.422810e-03 masks: 21.0 16.0 [wd: 3.91e-01] [lr: 3.55e-05] [mem: 5.66e+03] (167.7 ms)
INFO:root:[226,     0] grad_stats: [9.62e-05 7.54e-05] (3.76e-05, 1.21e-03)
INFO:root:[226,   116] loss: 5.267011e-03 masks: 21.4 17.4 [wd: 3.92e-01] [lr: 3.42e-05] [mem: 5.66e+03] (172.2 ms)
INFO:root:[226,   116] grad_stats: [9.77e-05 7.02e-05] (2.84e-05, 1.15e-03)
INFO:root:[226,   232] loss: 5.244492e-03 masks: 21.8 17.4 [wd: 3.92e-01] [lr: 3.29e-05] [mem: 5.66e+03] (173.6 ms)
INFO:root:[226,   232] grad_stats: [1.72e-04 8.11e-05] (3.45e-05, 1.34e-03)
INFO:root:avg. loss 5.24449151e-03
INFO:root:time taken for epoch 0:00:53.779371
INFO:root:Epoch 227
INFO:root:[227,     0] loss: 6.084230e-03 masks: 21.0 16.0 [wd: 3.92e-01] [lr: 3.28e-05] [mem: 5.66e+03] (169.0 ms)
INFO:root:[227,     0] grad_stats: [2.26e-04 8.78e-05] (3.63e-05, 1.58e-03)
INFO:root:[227,   116] loss: 5.332082e-03 masks: 21.9 17.2 [wd: 3.92e-01] [lr: 3.15e-05] [mem: 5.66e+03] (173.6 ms)
INFO:root:[227,   116] grad_stats: [1.18e-04 6.19e-05] (3.29e-05, 8.66e-04)
INFO:root:[227,   232] loss: 5.340095e-03 masks: 22.6 16.9 [wd: 3.93e-01] [lr: 3.03e-05] [mem: 5.66e+03] (175.4 ms)
INFO:root:[227,   232] grad_stats: [1.32e-04 4.97e-05] (2.43e-05, 7.53e-04)
INFO:root:avg. loss 5.34009498e-03
INFO:root:time taken for epoch 0:00:54.347406
INFO:root:Epoch 228
INFO:root:[228,     0] loss: 5.148745e-03 masks: 24.0 16.0 [wd: 3.93e-01] [lr: 3.03e-05] [mem: 5.66e+03] (175.9 ms)
INFO:root:[228,     0] grad_stats: [1.55e-04 7.05e-05] (3.37e-05, 1.25e-03)
INFO:root:[228,   116] loss: 5.230094e-03 masks: 22.1 17.3 [wd: 3.93e-01] [lr: 2.90e-05] [mem: 5.66e+03] (174.2 ms)
INFO:root:[228,   116] grad_stats: [1.77e-04 6.40e-05] (2.84e-05, 1.22e-03)
INFO:root:[228,   232] loss: 5.230822e-03 masks: 21.8 17.4 [wd: 3.93e-01] [lr: 2.78e-05] [mem: 5.66e+03] (174.0 ms)
INFO:root:[228,   232] grad_stats: [6.04e-05 6.24e-05] (3.19e-05, 1.03e-03)
INFO:root:avg. loss 5.23082156e-03
INFO:root:time taken for epoch 0:00:53.997204
INFO:root:Epoch 229
INFO:root:[229,     0] loss: 4.697948e-03 masks: 20.0 20.0 [wd: 3.93e-01] [lr: 2.78e-05] [mem: 5.66e+03] (171.1 ms)
INFO:root:[229,     0] grad_stats: [1.19e-04 8.45e-05] (3.60e-05, 1.44e-03)
INFO:root:[229,   116] loss: 5.184094e-03 masks: 22.0 17.4 [wd: 3.93e-01] [lr: 2.66e-05] [mem: 5.66e+03] (174.0 ms)
INFO:root:[229,   116] grad_stats: [1.04e-04 6.88e-05] (3.26e-05, 1.35e-03)
INFO:root:[229,   232] loss: 5.192285e-03 masks: 22.0 17.4 [wd: 3.94e-01] [lr: 2.54e-05] [mem: 5.66e+03] (174.5 ms)
INFO:root:[229,   232] grad_stats: [9.22e-05 7.80e-05] (3.73e-05, 1.39e-03)
INFO:root:avg. loss 5.19228512e-03
INFO:root:time taken for epoch 0:00:54.094970
INFO:root:Epoch 230
INFO:root:[230,     0] loss: 5.543655e-03 masks: 28.0 16.0 [wd: 3.94e-01] [lr: 2.54e-05] [mem: 5.66e+03] (187.3 ms)
INFO:root:[230,     0] grad_stats: [1.06e-04 6.95e-05] (3.57e-05, 1.01e-03)
INFO:root:[230,   116] loss: 5.247237e-03 masks: 21.9 17.2 [wd: 3.94e-01] [lr: 2.43e-05] [mem: 5.66e+03] (173.5 ms)
INFO:root:[230,   116] grad_stats: [1.40e-04 7.43e-05] (3.14e-05, 1.52e-03)
INFO:root:[230,   232] loss: 5.261215e-03 masks: 22.1 17.2 [wd: 3.94e-01] [lr: 2.32e-05] [mem: 5.66e+03] (174.3 ms)
INFO:root:[230,   232] grad_stats: [1.50e-04 1.05e-04] (4.45e-05, 1.54e-03)
INFO:root:avg. loss 5.26121491e-03
INFO:root:time taken for epoch 0:00:53.969447
INFO:root:Epoch 231
INFO:root:[231,     0] loss: 5.377055e-03 masks: 25.0 16.0 [wd: 3.94e-01] [lr: 2.32e-05] [mem: 5.66e+03] (179.6 ms)
INFO:root:[231,     0] grad_stats: [1.72e-04 8.20e-05] (3.82e-05, 1.12e-03)
INFO:root:[231,   116] loss: 5.209939e-03 masks: 22.3 17.2 [wd: 3.95e-01] [lr: 2.21e-05] [mem: 5.66e+03] (174.4 ms)
INFO:root:[231,   116] grad_stats: [7.76e-05 6.96e-05] (3.37e-05, 1.56e-03)
INFO:root:[231,   232] loss: 5.236127e-03 masks: 22.1 17.2 [wd: 3.95e-01] [lr: 2.10e-05] [mem: 5.66e+03] (174.4 ms)
INFO:root:[231,   232] grad_stats: [1.05e-04 7.32e-05] (3.60e-05, 1.68e-03)
INFO:root:avg. loss 5.23612690e-03
INFO:root:time taken for epoch 0:00:54.071808
INFO:root:Epoch 232
INFO:root:[232,     0] loss: 5.672055e-03 masks: 23.0 16.0 [wd: 3.95e-01] [lr: 2.10e-05] [mem: 5.66e+03] (171.6 ms)
INFO:root:[232,     0] grad_stats: [9.84e-05 7.43e-05] (3.55e-05, 1.35e-03)
INFO:root:[232,   116] loss: 5.161904e-03 masks: 22.6 17.3 [wd: 3.95e-01] [lr: 2.00e-05] [mem: 5.66e+03] (175.3 ms)
INFO:root:[232,   116] grad_stats: [1.29e-04 7.16e-05] (3.34e-05, 1.70e-03)
INFO:root:[232,   232] loss: 5.188041e-03 masks: 22.4 17.3 [wd: 3.95e-01] [lr: 1.90e-05] [mem: 5.66e+03] (175.3 ms)
INFO:root:[232,   232] grad_stats: [1.61e-04 8.84e-05] (4.39e-05, 1.31e-03)
INFO:root:avg. loss 5.18804082e-03
INFO:root:time taken for epoch 0:00:54.272079
INFO:root:Epoch 233
INFO:root:[233,     0] loss: 5.332908e-03 masks: 25.0 16.0 [wd: 3.95e-01] [lr: 1.90e-05] [mem: 5.66e+03] (176.8 ms)
INFO:root:[233,     0] grad_stats: [8.43e-05 6.44e-05] (3.48e-05, 1.13e-03)
INFO:root:[233,   116] loss: 5.233127e-03 masks: 21.4 17.4 [wd: 3.96e-01] [lr: 1.80e-05] [mem: 5.66e+03] (172.1 ms)
INFO:root:[233,   116] grad_stats: [1.90e-04 6.43e-05] (3.44e-05, 1.56e-03)
INFO:root:[233,   232] loss: 5.245598e-03 masks: 21.7 17.3 [wd: 3.96e-01] [lr: 1.71e-05] [mem: 5.66e+03] (173.3 ms)
INFO:root:[233,   232] grad_stats: [8.12e-05 9.18e-05] (4.36e-05, 1.30e-03)
INFO:root:avg. loss 5.24559830e-03
INFO:root:time taken for epoch 0:00:53.811575
INFO:root:Epoch 234
INFO:root:[234,     0] loss: 5.940563e-03 masks: 33.0 12.0 [wd: 3.96e-01] [lr: 1.71e-05] [mem: 5.66e+03] (194.2 ms)
INFO:root:[234,     0] grad_stats: [1.20e-04 7.51e-05] (3.80e-05, 9.69e-04)
INFO:root:[234,   116] loss: 5.239083e-03 masks: 21.7 17.3 [wd: 3.96e-01] [lr: 1.61e-05] [mem: 5.66e+03] (172.8 ms)
INFO:root:[234,   116] grad_stats: [7.48e-05 1.06e-04] (3.79e-05, 8.30e-04)
INFO:root:[234,   232] loss: 5.215855e-03 masks: 21.7 17.2 [wd: 3.96e-01] [lr: 1.52e-05] [mem: 5.66e+03] (173.3 ms)
INFO:root:[234,   232] grad_stats: [2.09e-04 8.45e-05] (4.77e-05, 1.42e-03)
INFO:root:avg. loss 5.21585471e-03
INFO:root:time taken for epoch 0:00:53.873503
INFO:root:Epoch 235
INFO:root:[235,     0] loss: 4.682922e-03 masks: 19.0 20.0 [wd: 3.96e-01] [lr: 1.52e-05] [mem: 5.66e+03] (169.5 ms)
INFO:root:[235,     0] grad_stats: [1.03e-04 1.10e-04] (3.68e-05, 1.40e-03)
INFO:root:[235,   116] loss: 5.211024e-03 masks: 22.5 17.1 [wd: 3.97e-01] [lr: 1.44e-05] [mem: 5.66e+03] (174.9 ms)
INFO:root:[235,   116] grad_stats: [1.03e-04 9.05e-05] (3.94e-05, 1.48e-03)
INFO:root:[235,   232] loss: 5.230236e-03 masks: 22.1 17.2 [wd: 3.97e-01] [lr: 1.35e-05] [mem: 5.66e+03] (174.5 ms)
INFO:root:[235,   232] grad_stats: [1.57e-04 8.50e-05] (3.98e-05, 1.34e-03)
INFO:root:avg. loss 5.23023615e-03
INFO:root:time taken for epoch 0:00:53.994391
INFO:root:Epoch 236
INFO:root:[236,     0] loss: 5.376097e-03 masks: 26.0 16.0 [wd: 3.97e-01] [lr: 1.35e-05] [mem: 5.66e+03] (181.8 ms)
INFO:root:[236,     0] grad_stats: [1.76e-04 7.54e-05] (4.25e-05, 1.22e-03)
INFO:root:[236,   116] loss: 5.220536e-03 masks: 22.8 16.9 [wd: 3.97e-01] [lr: 1.27e-05] [mem: 5.66e+03] (175.4 ms)
INFO:root:[236,   116] grad_stats: [1.20e-04 8.32e-05] (4.17e-05, 1.08e-03)
INFO:root:[236,   232] loss: 5.186136e-03 masks: 22.2 17.3 [wd: 3.97e-01] [lr: 1.19e-05] [mem: 5.66e+03] (174.6 ms)
INFO:root:[236,   232] grad_stats: [1.95e-04 8.26e-05] (3.65e-05, 9.43e-04)
INFO:root:avg. loss 5.18613566e-03
INFO:root:time taken for epoch 0:00:54.114191
INFO:root:Epoch 237
INFO:root:[237,     0] loss: 5.190502e-03 masks: 25.0 16.0 [wd: 3.97e-01] [lr: 1.19e-05] [mem: 5.66e+03] (178.9 ms)
INFO:root:[237,     0] grad_stats: [1.63e-04 7.85e-05] (3.77e-05, 8.22e-04)
INFO:root:[237,   116] loss: 5.189707e-03 masks: 21.4 17.5 [wd: 3.97e-01] [lr: 1.11e-05] [mem: 5.66e+03] (172.3 ms)
INFO:root:[237,   116] grad_stats: [1.29e-04 8.36e-05] (4.38e-05, 1.41e-03)
INFO:root:[237,   232] loss: 5.195351e-03 masks: 21.4 17.4 [wd: 3.98e-01] [lr: 1.04e-05] [mem: 5.66e+03] (172.9 ms)
INFO:root:[237,   232] grad_stats: [5.64e-05 7.17e-05] (3.11e-05, 1.06e-03)
INFO:root:avg. loss 5.19535092e-03
INFO:root:time taken for epoch 0:00:53.639550
INFO:root:Epoch 238
INFO:root:[238,     0] loss: 4.734206e-03 masks: 17.0 20.0 [wd: 3.98e-01] [lr: 1.04e-05] [mem: 5.66e+03] (162.0 ms)
INFO:root:[238,     0] grad_stats: [1.10e-04 8.69e-05] (3.55e-05, 1.78e-03)
INFO:root:[238,   116] loss: 5.233793e-03 masks: 22.4 17.0 [wd: 3.98e-01] [lr: 9.71e-06] [mem: 5.66e+03] (174.4 ms)
INFO:root:[238,   116] grad_stats: [1.04e-04 6.72e-05] (3.51e-05, 1.77e-03)
INFO:root:[238,   232] loss: 5.244765e-03 masks: 22.6 16.9 [wd: 3.98e-01] [lr: 9.03e-06] [mem: 5.66e+03] (175.5 ms)
INFO:root:[238,   232] grad_stats: [7.10e-05 5.94e-05] (3.36e-05, 1.25e-03)
INFO:root:avg. loss 5.24476455e-03
INFO:root:time taken for epoch 0:00:54.310279
INFO:root:Epoch 239
INFO:root:[239,     0] loss: 6.077333e-03 masks: 33.0 12.0 [wd: 3.98e-01] [lr: 9.02e-06] [mem: 5.66e+03] (194.4 ms)
INFO:root:[239,     0] grad_stats: [7.33e-05 6.67e-05] (3.73e-05, 1.13e-03)
INFO:root:[239,   116] loss: 5.262826e-03 masks: 23.0 16.9 [wd: 3.98e-01] [lr: 8.37e-06] [mem: 5.66e+03] (175.8 ms)
INFO:root:[239,   116] grad_stats: [9.14e-05 8.42e-05] (3.49e-05, 1.31e-03)
INFO:root:[239,   232] loss: 5.188728e-03 masks: 22.3 17.2 [wd: 3.98e-01] [lr: 7.75e-06] [mem: 5.66e+03] (174.8 ms)
INFO:root:[239,   232] grad_stats: [1.30e-04 8.26e-05] (3.46e-05, 1.66e-03)
INFO:root:avg. loss 5.18872817e-03
INFO:root:time taken for epoch 0:00:54.201086
INFO:root:Epoch 240
INFO:root:[240,     0] loss: 4.540844e-03 masks: 22.0 20.0 [wd: 3.98e-01] [lr: 7.74e-06] [mem: 5.66e+03] (177.8 ms)
INFO:root:[240,     0] grad_stats: [1.35e-04 6.64e-05] (3.21e-05, 1.24e-03)
INFO:root:[240,   116] loss: 5.150452e-03 masks: 21.6 17.4 [wd: 3.98e-01] [lr: 7.15e-06] [mem: 5.66e+03] (172.7 ms)
INFO:root:[240,   116] grad_stats: [2.21e-04 9.11e-05] (4.14e-05, 1.23e-03)
INFO:root:[240,   232] loss: 5.184962e-03 masks: 22.1 17.2 [wd: 3.99e-01] [lr: 6.58e-06] [mem: 5.66e+03] (174.3 ms)
INFO:root:[240,   232] grad_stats: [2.04e-04 9.53e-05] (4.21e-05, 1.02e-03)
INFO:root:avg. loss 5.18496181e-03
INFO:root:	Epoch 240, KNN accuracy train: 7.35837e-01, KNN accuracy train: 5.91333e-01
INFO:root:time taken for epoch 0:01:36.134166
INFO:root:Epoch 241
INFO:root:[241,     0] loss: 5.952629e-03 masks: 21.0 16.0 [wd: 3.99e-01] [lr: 6.57e-06] [mem: 5.66e+03] (167.6 ms)
INFO:root:[241,     0] grad_stats: [1.01e-04 7.86e-05] (4.26e-05, 1.37e-03)
INFO:root:[241,   116] loss: 5.283687e-03 masks: 22.4 17.0 [wd: 3.99e-01] [lr: 6.03e-06] [mem: 5.66e+03] (173.9 ms)
INFO:root:[241,   116] grad_stats: [6.31e-05 7.01e-05] (2.86e-05, 1.15e-03)
INFO:root:[241,   232] loss: 5.256729e-03 masks: 22.5 17.0 [wd: 3.99e-01] [lr: 5.52e-06] [mem: 5.66e+03] (174.6 ms)
INFO:root:[241,   232] grad_stats: [5.90e-05 7.58e-05] (3.26e-05, 9.69e-04)
INFO:root:avg. loss 5.25672853e-03
INFO:root:time taken for epoch 0:00:54.474701
INFO:root:Epoch 242
INFO:root:[242,     0] loss: 4.993979e-03 masks: 23.0 16.0 [wd: 3.99e-01] [lr: 5.52e-06] [mem: 5.66e+03] (171.5 ms)
INFO:root:[242,     0] grad_stats: [5.71e-05 6.65e-05] (3.61e-05, 1.07e-03)
INFO:root:[242,   116] loss: 5.287620e-03 masks: 21.8 16.9 [wd: 3.99e-01] [lr: 5.03e-06] [mem: 5.66e+03] (172.3 ms)
INFO:root:[242,   116] grad_stats: [1.01e-04 8.50e-05] (3.77e-05, 1.75e-03)
INFO:root:[242,   232] loss: 5.268169e-03 masks: 21.8 17.0 [wd: 3.99e-01] [lr: 4.57e-06] [mem: 5.66e+03] (173.1 ms)
INFO:root:[242,   232] grad_stats: [1.35e-04 7.72e-05] (3.48e-05, 9.19e-04)
INFO:root:avg. loss 5.26816908e-03
INFO:root:time taken for epoch 0:00:53.761652
INFO:root:Epoch 243
INFO:root:[243,     0] loss: 4.938788e-03 masks: 24.0 16.0 [wd: 3.99e-01] [lr: 4.57e-06] [mem: 5.66e+03] (175.7 ms)
INFO:root:[243,     0] grad_stats: [1.22e-04 6.83e-05] (3.58e-05, 1.23e-03)
INFO:root:[243,   116] loss: 5.193974e-03 masks: 21.8 17.3 [wd: 3.99e-01] [lr: 4.14e-06] [mem: 5.66e+03] (173.1 ms)
INFO:root:[243,   116] grad_stats: [1.07e-04 7.88e-05] (3.96e-05, 1.13e-03)
INFO:root:[243,   232] loss: 5.191586e-03 masks: 22.1 17.2 [wd: 3.99e-01] [lr: 3.74e-06] [mem: 5.66e+03] (174.3 ms)
INFO:root:[243,   232] grad_stats: [1.34e-04 9.43e-05] (5.11e-05, 1.44e-03)
INFO:root:avg. loss 5.19158588e-03
INFO:root:time taken for epoch 0:00:54.036594
INFO:root:Epoch 244
INFO:root:[244,     0] loss: 5.897541e-03 masks: 20.0 16.0 [wd: 3.99e-01] [lr: 3.73e-06] [mem: 5.66e+03] (165.2 ms)
INFO:root:[244,     0] grad_stats: [3.18e-04 9.07e-05] (4.35e-05, 1.47e-03)
INFO:root:[244,   116] loss: 5.272713e-03 masks: 21.5 17.3 [wd: 3.99e-01] [lr: 3.36e-06] [mem: 5.66e+03] (172.2 ms)
INFO:root:[244,   116] grad_stats: [1.97e-04 7.55e-05] (3.93e-05, 1.78e-03)
INFO:root:[244,   232] loss: 5.234682e-03 masks: 21.9 17.2 [wd: 3.99e-01] [lr: 3.01e-06] [mem: 5.66e+03] (173.6 ms)
INFO:root:[244,   232] grad_stats: [2.43e-04 1.18e-04] (5.10e-05, 1.54e-03)
INFO:root:avg. loss 5.23468235e-03
INFO:root:time taken for epoch 0:00:53.901785
INFO:root:Epoch 245
INFO:root:[245,     0] loss: 4.933620e-03 masks: 26.0 16.0 [wd: 3.99e-01] [lr: 3.01e-06] [mem: 5.66e+03] (181.8 ms)
INFO:root:[245,     0] grad_stats: [2.08e-04 6.69e-05] (3.40e-05, 1.80e-03)
INFO:root:[245,   116] loss: 5.161866e-03 masks: 21.7 17.4 [wd: 4.00e-01] [lr: 2.69e-06] [mem: 5.66e+03] (172.9 ms)
INFO:root:[245,   116] grad_stats: [1.73e-04 8.33e-05] (3.54e-05, 1.00e-03)
INFO:root:[245,   232] loss: 5.216126e-03 masks: 21.8 17.2 [wd: 4.00e-01] [lr: 2.40e-06] [mem: 5.66e+03] (173.6 ms)
INFO:root:[245,   232] grad_stats: [1.04e-04 1.35e-04] (3.84e-05, 1.30e-03)
INFO:root:avg. loss 5.21612608e-03
INFO:root:time taken for epoch 0:00:53.988866
INFO:root:Epoch 246
INFO:root:[246,     0] loss: 6.062438e-03 masks: 33.0 12.0 [wd: 4.00e-01] [lr: 2.39e-06] [mem: 5.66e+03] (194.2 ms)
INFO:root:[246,     0] grad_stats: [7.87e-05 8.28e-05] (4.12e-05, 1.85e-03)
INFO:root:[246,   116] loss: 5.210511e-03 masks: 22.3 17.1 [wd: 4.00e-01] [lr: 2.13e-06] [mem: 5.66e+03] (174.3 ms)
INFO:root:[246,   116] grad_stats: [1.49e-04 5.32e-05] (3.14e-05, 9.08e-04)
INFO:root:[246,   232] loss: 5.187852e-03 masks: 22.1 17.2 [wd: 4.00e-01] [lr: 1.89e-06] [mem: 5.66e+03] (174.3 ms)
INFO:root:[246,   232] grad_stats: [1.04e-04 8.45e-05] (4.49e-05, 8.92e-04)
INFO:root:avg. loss 5.18785159e-03
INFO:root:time taken for epoch 0:00:54.012581
INFO:root:Epoch 247
INFO:root:[247,     0] loss: 4.976773e-03 masks: 25.0 16.0 [wd: 4.00e-01] [lr: 1.89e-06] [mem: 5.66e+03] (178.1 ms)
INFO:root:[247,     0] grad_stats: [1.75e-04 6.84e-05] (3.65e-05, 1.36e-03)
INFO:root:[247,   116] loss: 5.154385e-03 masks: 21.7 17.5 [wd: 4.00e-01] [lr: 1.68e-06] [mem: 5.66e+03] (173.3 ms)
INFO:root:[247,   116] grad_stats: [1.66e-04 8.36e-05] (4.27e-05, 1.07e-03)
INFO:root:[247,   232] loss: 5.150846e-03 masks: 21.9 17.4 [wd: 4.00e-01] [lr: 1.50e-06] [mem: 5.66e+03] (174.1 ms)
INFO:root:[247,   232] grad_stats: [1.89e-04 7.83e-05] (3.71e-05, 1.08e-03)
INFO:root:avg. loss 5.15084632e-03
INFO:root:time taken for epoch 0:00:53.994881
INFO:root:Epoch 248
INFO:root:[248,     0] loss: 6.147229e-03 masks: 17.0 16.0 [wd: 4.00e-01] [lr: 1.50e-06] [mem: 5.66e+03] (156.1 ms)
INFO:root:[248,     0] grad_stats: [1.62e-04 1.11e-04] (5.03e-05, 2.44e-03)
INFO:root:[248,   116] loss: 5.169499e-03 masks: 21.1 17.5 [wd: 4.00e-01] [lr: 1.35e-06] [mem: 5.66e+03] (171.7 ms)
INFO:root:[248,   116] grad_stats: [8.39e-05 5.90e-05] (2.72e-05, 8.90e-04)
INFO:root:[248,   232] loss: 5.176207e-03 masks: 21.6 17.4 [wd: 4.00e-01] [lr: 1.22e-06] [mem: 5.66e+03] (173.1 ms)
INFO:root:[248,   232] grad_stats: [2.31e-04 1.06e-04] (4.78e-05, 2.24e-03)
INFO:root:avg. loss 5.17620659e-03
INFO:root:time taken for epoch 0:00:54.304821
INFO:root:Epoch 249
INFO:root:[249,     0] loss: 5.120546e-03 masks: 23.0 16.0 [wd: 4.00e-01] [lr: 1.22e-06] [mem: 5.66e+03] (171.5 ms)
INFO:root:[249,     0] grad_stats: [1.06e-04 8.98e-05] (4.07e-05, 1.51e-03)
INFO:root:[249,   116] loss: 5.216261e-03 masks: 22.4 17.0 [wd: 4.00e-01] [lr: 1.13e-06] [mem: 5.66e+03] (174.6 ms)
INFO:root:[249,   116] grad_stats: [1.19e-04 6.87e-05] (4.07e-05, 1.16e-03)
INFO:root:[249,   232] loss: 5.160332e-03 masks: 21.9 17.4 [wd: 4.00e-01] [lr: 1.06e-06] [mem: 5.66e+03] (173.9 ms)
INFO:root:[249,   232] grad_stats: [1.49e-04 1.07e-04] (3.80e-05, 2.21e-03)
INFO:root:avg. loss 5.16033185e-03
INFO:root:time taken for epoch 0:00:54.719984
INFO:root:Epoch 250
INFO:root:[250,     0] loss: 5.258979e-03 masks: 26.0 16.0 [wd: 4.00e-01] [lr: 1.06e-06] [mem: 5.66e+03] (182.3 ms)
INFO:root:[250,     0] grad_stats: [1.70e-04 7.09e-05] (3.41e-05, 1.68e-03)
INFO:root:[250,   116] loss: 5.234575e-03 masks: 22.3 17.1 [wd: 4.00e-01] [lr: 1.01e-06] [mem: 5.66e+03] (174.0 ms)
INFO:root:[250,   116] grad_stats: [8.63e-05 1.42e-04] (5.01e-05, 1.58e-03)
INFO:root:[250,   232] loss: 5.223314e-03 masks: 22.4 17.0 [wd: 4.00e-01] [lr: 1.00e-06] [mem: 5.66e+03] (174.7 ms)
INFO:root:[250,   232] grad_stats: [1.22e-04 5.38e-05] (2.69e-05, 8.03e-04)
INFO:root:avg. loss 5.22331444e-03
INFO:root:time taken for epoch 0:00:54.120680
INFO:root:Total pretraining time 3:56:50.108013
