nohup: ignoring input
INFO:root:called-params configs/iic-train.yaml
INFO:root:loaded params...
{   'data': {   'batch_size': 60,
                'color_jitter_strength': 0.0,
                'crop_scale': [0.3, 1.0],
                'crop_size': 150,
                'image_folder': 'iic/',
                'num_workers': 10,
                'pin_mem': True,
                'root_path': 'datasets',
                'use_color_distortion': False,
                'use_gaussian_blur': False,
                'use_horizontal_flip': False},
    'logging': {   'checkpoint_freq': 100,
                   'folder': 'logs_PKT_chunks_different_seeds/iic-train-l2-pkt-chunks-seed5',
                   'knn_every': 100,
                   'logging_frequency': 2,
                   'output_file': 'oiic-pretrain-seed5.out',
                   'train_suffix': 'train/',
                   'val_suffix': 'val/',
                   'write_tag': 'jepa-iic'},
    'mask': {   'allow_overlap': False,
                'aspect_ratio': [0.75, 1.5],
                'enc_mask_scale': [0.85, 1.0],
                'min_keep': 1,
                'num_enc_masks': 1,
                'num_pred_masks': 4,
                'patch_size': 15,
                'pred_mask_scale': [0.15, 0.2]},
    'message': 'L2 on IIC for KNN seed 5 - REVISION, many seeds '
               'experimentation',
    'meta': {   'copy_data': False,
                'load_checkpoint': False,
                'model_name': 'vit_base',
                'pred_depth': 6,
                'pred_emb_dim': 384,
                'read_checkpoint': None,
                'use_bfloat16': False},
    'optimization': {   'ema': [0.996, 1.0],
                        'epochs': 500,
                        'final_lr': 1e-06,
                        'final_weight_decay': 0.4,
                        'ipe_scale': 1.0,
                        'loss_function': 'L2_PKT_chunks',
                        'lr': 0.001,
                        'start_lr': 0.0002,
                        'variance_weight': 0.0,
                        'warmup': 40,
                        'weight_decay': 0.04},
    'pkt': {   'T_max': 200,
               'chunks_step': 256,
               'final_alpha': 0.0,
               'pkt_scale': 1.0,
               'ref_alpha': 1.0,
               'start_alpha': 1.0,
               'use_pkt_scheduler': False,
               'warmup_steps_alpha': 100}}
INFO:root:Running... (rank: 0/1)
CRITICAL:root:PRETRAINING
INFO:root:Initialized (rank/world-size) 0/1
INFO:root:train.py: _GLOBAL_SEED=5
INFO:root:VisionTransformer(
  (patch_embed): PatchEmbed(
    (proj): Conv2d(3, 768, kernel_size=(15, 15), stride=(15, 15))
  )
  (blocks): ModuleList(
    (0-11): 12 x Block(
      (norm1): LayerNorm((768,), eps=1e-06, elementwise_affine=True)
      (attn): Attention(
        (qkv): Linear(in_features=768, out_features=2304, bias=True)
        (attn_drop): Dropout(p=0.0, inplace=False)
        (proj): Linear(in_features=768, out_features=768, bias=True)
        (proj_drop): Dropout(p=0.0, inplace=False)
      )
      (drop_path): Identity()
      (norm2): LayerNorm((768,), eps=1e-06, elementwise_affine=True)
      (mlp): MLP(
        (fc1): Linear(in_features=768, out_features=3072, bias=True)
        (act): GELU(approximate='none')
        (fc2): Linear(in_features=3072, out_features=768, bias=True)
        (drop): Dropout(p=0.0, inplace=False)
      )
    )
  )
  (norm): LayerNorm((768,), eps=1e-06, elementwise_affine=True)
)
INFO:root:making imagenet data transforms
INFO:root:data-path datasets/iic/train/
INFO:root:Initialized ImageNet
INFO:root:ImageNet dataset created
INFO:root:ImageNet unsupervised data loader created
INFO:root:data-path datasets/iic/train/
INFO:root:Initialized ImageNet
INFO:root:min. labeled indices 2191
INFO:root:ImageNet supervised dataset created
INFO:root:ImageNet supervised data loader created
INFO:root:data-path datasets/iic/val/
INFO:root:Initialized ImageNet
INFO:root:min. labeled indices 437
INFO:root:ImageNet supervised dataset created
INFO:root:ImageNet supervised data loader created
INFO:root:Using AdamW
INFO:root:Epoch 1
INFO:root:[1,     0] loss: 2.524444e-02 masks: 15.0 20.0 [wd: 4.00e-02] [lr: 2.00e-04] [mem: 3.38e+03] (686.0 ms)
INFO:root:[1,     0] grad_stats: [8.36e-04 4.73e-04] (4.69e-04, 1.33e-03)
INFO:root:[1,   116] loss: 1.080685e-02 masks: 21.7 17.3 [wd: 4.00e-02] [lr: 2.10e-04] [mem: 5.40e+03] (174.4 ms)
INFO:root:[1,   116] grad_stats: [2.88e-03 7.42e-05] (6.57e-05, 2.88e-03)
INFO:root:[1,   232] loss: 1.077067e-02 masks: 21.8 17.3 [wd: 4.00e-02] [lr: 2.20e-04] [mem: 5.52e+03] (172.8 ms)
INFO:root:[1,   232] grad_stats: [4.96e-03 8.84e-05] (7.01e-05, 6.16e-03)
INFO:root:avg. loss 1.07706678e-02
INFO:root:time taken for epoch 0:00:53.528819
INFO:root:Epoch 2
INFO:root:[2,     0] loss: 1.368907e-02 masks: 20.0 16.0 [wd: 4.00e-02] [lr: 2.20e-04] [mem: 5.52e+03] (163.0 ms)
INFO:root:[2,     0] grad_stats: [7.39e-03 1.54e-04] (1.37e-04, 8.63e-03)
INFO:root:[2,   116] loss: 1.088457e-02 masks: 21.8 17.5 [wd: 4.00e-02] [lr: 2.30e-04] [mem: 5.58e+03] (171.3 ms)
INFO:root:[2,   116] grad_stats: [3.76e-03 7.15e-05] (5.62e-05, 4.05e-03)
INFO:root:[2,   232] loss: 1.015627e-02 masks: 22.2 17.3 [wd: 4.00e-02] [lr: 2.40e-04] [mem: 5.58e+03] (172.7 ms)
INFO:root:[2,   232] grad_stats: [1.48e-03 4.36e-05] (3.19e-05, 2.09e-03)
INFO:root:avg. loss 1.01562745e-02
INFO:root:time taken for epoch 0:00:53.893149
INFO:root:Epoch 3
INFO:root:[3,     0] loss: 8.477578e-03 masks: 25.0 16.0 [wd: 4.00e-02] [lr: 2.40e-04] [mem: 5.58e+03] (177.0 ms)
INFO:root:[3,     0] grad_stats: [3.04e-03 8.13e-05] (6.46e-05, 3.62e-03)
INFO:root:[3,   116] loss: 6.831942e-03 masks: 22.5 17.1 [wd: 4.00e-02] [lr: 2.50e-04] [mem: 5.58e+03] (173.2 ms)
INFO:root:[3,   116] grad_stats: [1.63e-03 5.63e-05] (2.95e-05, 2.29e-03)
INFO:root:[3,   232] loss: 5.626572e-03 masks: 22.2 17.1 [wd: 4.00e-02] [lr: 2.60e-04] [mem: 5.58e+03] (172.9 ms)
INFO:root:[3,   232] grad_stats: [1.43e-03 4.79e-05] (3.30e-05, 1.87e-03)
INFO:root:avg. loss 5.62657232e-03
INFO:root:time taken for epoch 0:00:53.952651
INFO:root:Epoch 4
INFO:root:[4,     0] loss: 4.119609e-03 masks: 16.0 20.0 [wd: 4.00e-02] [lr: 2.60e-04] [mem: 5.58e+03] (157.9 ms)
INFO:root:[4,     0] grad_stats: [1.21e-03 3.68e-05] (2.46e-05, 2.48e-03)
INFO:root:[4,   116] loss: 3.234653e-03 masks: 21.8 17.3 [wd: 4.00e-02] [lr: 2.70e-04] [mem: 5.58e+03] (171.5 ms)
INFO:root:[4,   116] grad_stats: [1.31e-03 4.86e-05] (2.50e-05, 2.03e-03)
INFO:root:[4,   232] loss: 2.932235e-03 masks: 21.9 17.4 [wd: 4.01e-02] [lr: 2.80e-04] [mem: 5.58e+03] (172.5 ms)
INFO:root:[4,   232] grad_stats: [1.15e-03 3.39e-05] (1.82e-05, 1.83e-03)
INFO:root:avg. loss 2.93223522e-03
INFO:root:time taken for epoch 0:00:53.918882
INFO:root:Epoch 5
INFO:root:[5,     0] loss: 2.787331e-03 masks: 20.0 16.0 [wd: 4.01e-02] [lr: 2.80e-04] [mem: 5.58e+03] (161.9 ms)
INFO:root:[5,     0] grad_stats: [1.09e-03 3.69e-05] (2.27e-05, 1.74e-03)
INFO:root:[5,   116] loss: 2.309747e-03 masks: 22.1 17.1 [wd: 4.01e-02] [lr: 2.90e-04] [mem: 5.58e+03] (172.3 ms)
INFO:root:[5,   116] grad_stats: [1.32e-03 4.18e-05] (1.71e-05, 2.25e-03)
INFO:root:[5,   232] loss: 2.198901e-03 masks: 22.3 17.0 [wd: 4.01e-02] [lr: 3.00e-04] [mem: 5.58e+03] (173.2 ms)
INFO:root:[5,   232] grad_stats: [7.50e-04 3.92e-05] (1.78e-05, 1.01e-03)
INFO:root:avg. loss 2.19890120e-03
INFO:root:time taken for epoch 0:00:54.039752
INFO:root:Epoch 6
INFO:root:[6,     0] loss: 1.821992e-03 masks: 23.0 16.0 [wd: 4.01e-02] [lr: 3.00e-04] [mem: 5.58e+03] (171.1 ms)
INFO:root:[6,     0] grad_stats: [9.18e-04 4.16e-05] (2.28e-05, 1.03e-03)
INFO:root:[6,   116] loss: 1.928887e-03 masks: 22.1 17.1 [wd: 4.01e-02] [lr: 3.10e-04] [mem: 5.58e+03] (172.5 ms)
INFO:root:[6,   116] grad_stats: [5.78e-04 3.68e-05] (2.68e-05, 7.96e-04)
INFO:root:[6,   232] loss: 1.843316e-03 masks: 21.8 17.4 [wd: 4.01e-02] [lr: 3.20e-04] [mem: 5.58e+03] (172.5 ms)
INFO:root:[6,   232] grad_stats: [5.02e-04 1.56e-05] (9.17e-06, 8.09e-04)
INFO:root:avg. loss 1.84331642e-03
INFO:root:time taken for epoch 0:00:53.896660
INFO:root:Epoch 7
INFO:root:[7,     0] loss: 1.867746e-03 masks: 16.0 20.0 [wd: 4.01e-02] [lr: 3.20e-04] [mem: 5.58e+03] (156.2 ms)
INFO:root:[7,     0] grad_stats: [4.52e-04 2.23e-05] (1.41e-05, 6.84e-04)
INFO:root:[7,   116] loss: 1.650607e-03 masks: 21.9 17.5 [wd: 4.02e-02] [lr: 3.30e-04] [mem: 5.58e+03] (172.2 ms)
INFO:root:[7,   116] grad_stats: [4.45e-04 4.18e-05] (1.55e-05, 6.12e-04)
INFO:root:[7,   232] loss: 1.628147e-03 masks: 21.7 17.5 [wd: 4.02e-02] [lr: 3.40e-04] [mem: 5.58e+03] (172.3 ms)
INFO:root:[7,   232] grad_stats: [6.13e-04 2.38e-05] (1.26e-05, 1.04e-03)
INFO:root:avg. loss 1.62814721e-03
INFO:root:time taken for epoch 0:00:53.888619
INFO:root:Epoch 8
INFO:root:[8,     0] loss: 1.500767e-03 masks: 16.0 20.0 [wd: 4.02e-02] [lr: 3.40e-04] [mem: 5.58e+03] (159.6 ms)
INFO:root:[8,     0] grad_stats: [4.18e-04 1.99e-05] (1.10e-05, 5.83e-04)
INFO:root:[8,   116] loss: 1.549223e-03 masks: 22.4 17.1 [wd: 4.02e-02] [lr: 3.50e-04] [mem: 5.58e+03] (173.4 ms)
INFO:root:[8,   116] grad_stats: [4.26e-04 2.33e-05] (1.10e-05, 9.33e-04)
INFO:root:[8,   232] loss: 1.552916e-03 masks: 22.2 17.1 [wd: 4.02e-02] [lr: 3.60e-04] [mem: 5.58e+03] (173.4 ms)
INFO:root:[8,   232] grad_stats: [9.08e-04 3.98e-05] (1.76e-05, 1.30e-03)
INFO:root:avg. loss 1.55291645e-03
INFO:root:time taken for epoch 0:00:54.127932
INFO:root:Epoch 9
INFO:root:[9,     0] loss: 1.308473e-03 masks: 28.0 16.0 [wd: 4.02e-02] [lr: 3.60e-04] [mem: 5.58e+03] (184.3 ms)
INFO:root:[9,     0] grad_stats: [4.04e-04 2.10e-05] (1.05e-05, 6.24e-04)
INFO:root:[9,   116] loss: 1.638836e-03 masks: 22.8 17.1 [wd: 4.03e-02] [lr: 3.70e-04] [mem: 5.58e+03] (174.5 ms)
INFO:root:[9,   116] grad_stats: [4.21e-04 3.20e-05] (1.49e-05, 5.31e-04)
INFO:root:[9,   232] loss: 1.676318e-03 masks: 22.4 17.0 [wd: 4.03e-02] [lr: 3.80e-04] [mem: 5.58e+03] (173.7 ms)
INFO:root:[9,   232] grad_stats: [7.67e-04 2.42e-05] (9.38e-06, 8.69e-04)
INFO:root:avg. loss 1.67631781e-03
INFO:root:time taken for epoch 0:00:54.214319
INFO:root:Epoch 10
INFO:root:[10,     0] loss: 1.888107e-03 masks: 14.0 20.0 [wd: 4.03e-02] [lr: 3.80e-04] [mem: 5.58e+03] (151.5 ms)
INFO:root:[10,     0] grad_stats: [4.10e-04 3.77e-05] (1.00e-05, 5.47e-04)
INFO:root:[10,   116] loss: 1.664414e-03 masks: 21.6 17.5 [wd: 4.03e-02] [lr: 3.90e-04] [mem: 5.58e+03] (171.9 ms)
INFO:root:[10,   116] grad_stats: [5.79e-04 3.46e-05] (1.55e-05, 8.25e-04)
INFO:root:[10,   232] loss: 1.689658e-03 masks: 21.7 17.3 [wd: 4.04e-02] [lr: 4.00e-04] [mem: 5.66e+03] (172.4 ms)
INFO:root:[10,   232] grad_stats: [4.76e-04 2.78e-05] (1.03e-05, 6.39e-04)
INFO:root:avg. loss 1.68965843e-03
INFO:root:time taken for epoch 0:00:53.803895
INFO:root:Epoch 11
INFO:root:[11,     0] loss: 1.498039e-03 masks: 17.0 20.0 [wd: 4.04e-02] [lr: 4.00e-04] [mem: 5.66e+03] (160.5 ms)
INFO:root:[11,     0] grad_stats: [2.63e-04 2.04e-05] (5.32e-06, 3.48e-04)
INFO:root:[11,   116] loss: 1.634929e-03 masks: 21.8 17.4 [wd: 4.04e-02] [lr: 4.10e-04] [mem: 5.66e+03] (172.4 ms)
INFO:root:[11,   116] grad_stats: [4.44e-04 1.95e-05] (9.10e-06, 7.63e-04)
INFO:root:[11,   232] loss: 1.610062e-03 masks: 22.0 17.4 [wd: 4.04e-02] [lr: 4.20e-04] [mem: 5.66e+03] (173.3 ms)
INFO:root:[11,   232] grad_stats: [8.87e-04 4.96e-05] (1.51e-05, 1.12e-03)
INFO:root:avg. loss 1.61006158e-03
INFO:root:time taken for epoch 0:00:53.976346
INFO:root:Epoch 12
INFO:root:[12,     0] loss: 1.512158e-03 masks: 18.0 20.0 [wd: 4.04e-02] [lr: 4.20e-04] [mem: 5.66e+03] (164.7 ms)
INFO:root:[12,     0] grad_stats: [5.11e-04 1.70e-05] (7.72e-06, 8.80e-04)
INFO:root:[12,   116] loss: 1.581317e-03 masks: 21.6 17.4 [wd: 4.05e-02] [lr: 4.30e-04] [mem: 5.66e+03] (171.7 ms)
INFO:root:[12,   116] grad_stats: [6.75e-04 2.68e-05] (1.10e-05, 9.53e-04)
INFO:root:[12,   232] loss: 1.588338e-03 masks: 21.8 17.4 [wd: 4.05e-02] [lr: 4.40e-04] [mem: 5.66e+03] (172.6 ms)
INFO:root:[12,   232] grad_stats: [3.22e-04 1.51e-05] (7.84e-06, 4.24e-04)
INFO:root:avg. loss 1.58833763e-03
INFO:root:time taken for epoch 0:00:53.782513
INFO:root:Epoch 13
INFO:root:[13,     0] loss: 2.069206e-03 masks: 17.0 16.0 [wd: 4.05e-02] [lr: 4.40e-04] [mem: 5.66e+03] (154.6 ms)
INFO:root:[13,     0] grad_stats: [4.92e-04 3.04e-05] (1.21e-05, 6.14e-04)
INFO:root:[13,   116] loss: 1.680122e-03 masks: 21.1 17.3 [wd: 4.06e-02] [lr: 4.50e-04] [mem: 5.66e+03] (170.2 ms)
INFO:root:[13,   116] grad_stats: [4.60e-04 3.15e-05] (6.87e-06, 5.69e-04)
INFO:root:[13,   232] loss: 1.661291e-03 masks: 21.6 17.4 [wd: 4.06e-02] [lr: 4.60e-04] [mem: 5.66e+03] (172.2 ms)
INFO:root:[13,   232] grad_stats: [3.01e-04 1.51e-05] (6.95e-06, 4.70e-04)
INFO:root:avg. loss 1.66129150e-03
INFO:root:time taken for epoch 0:00:53.549238
INFO:root:Epoch 14
INFO:root:[14,     0] loss: 1.928081e-03 masks: 17.0 16.0 [wd: 4.06e-02] [lr: 4.60e-04] [mem: 5.66e+03] (155.6 ms)
INFO:root:[14,     0] grad_stats: [4.09e-04 1.44e-05] (6.35e-06, 5.61e-04)
INFO:root:[14,   116] loss: 1.715779e-03 masks: 22.0 17.3 [wd: 4.06e-02] [lr: 4.70e-04] [mem: 5.66e+03] (172.9 ms)
INFO:root:[14,   116] grad_stats: [4.13e-04 1.57e-05] (6.21e-06, 4.84e-04)
INFO:root:[14,   232] loss: 1.720867e-03 masks: 22.2 17.2 [wd: 4.07e-02] [lr: 4.80e-04] [mem: 5.66e+03] (173.8 ms)
INFO:root:[14,   232] grad_stats: [5.23e-04 1.45e-05] (6.93e-06, 7.46e-04)
INFO:root:avg. loss 1.72086685e-03
INFO:root:time taken for epoch 0:00:54.153723
INFO:root:Epoch 15
INFO:root:[15,     0] loss: 1.772114e-03 masks: 21.0 20.0 [wd: 4.07e-02] [lr: 4.80e-04] [mem: 5.66e+03] (173.1 ms)
INFO:root:[15,     0] grad_stats: [5.65e-04 2.48e-05] (7.80e-06, 7.73e-04)
INFO:root:[15,   116] loss: 1.748683e-03 masks: 22.8 17.0 [wd: 4.07e-02] [lr: 4.90e-04] [mem: 5.66e+03] (174.6 ms)
INFO:root:[15,   116] grad_stats: [5.68e-04 4.35e-05] (1.28e-05, 7.81e-04)
INFO:root:[15,   232] loss: 1.753082e-03 masks: 22.1 17.3 [wd: 4.08e-02] [lr: 5.00e-04] [mem: 5.66e+03] (173.4 ms)
INFO:root:[15,   232] grad_stats: [6.62e-04 2.31e-05] (7.98e-06, 8.16e-04)
INFO:root:avg. loss 1.75308178e-03
INFO:root:time taken for epoch 0:00:53.953249
INFO:root:Epoch 16
INFO:root:[16,     0] loss: 1.648799e-03 masks: 19.0 20.0 [wd: 4.08e-02] [lr: 5.00e-04] [mem: 5.66e+03] (167.6 ms)
INFO:root:[16,     0] grad_stats: [3.17e-04 2.13e-05] (5.76e-06, 4.82e-04)
INFO:root:[16,   116] loss: 1.738484e-03 masks: 22.2 17.1 [wd: 4.09e-02] [lr: 5.10e-04] [mem: 5.66e+03] (172.9 ms)
INFO:root:[16,   116] grad_stats: [2.90e-04 1.86e-05] (7.75e-06, 4.57e-04)
INFO:root:[16,   232] loss: 1.721109e-03 masks: 21.9 17.3 [wd: 4.09e-02] [lr: 5.20e-04] [mem: 5.66e+03] (173.2 ms)
INFO:root:[16,   232] grad_stats: [3.75e-04 2.16e-05] (6.69e-06, 4.94e-04)
INFO:root:avg. loss 1.72110909e-03
INFO:root:time taken for epoch 0:00:53.920265
INFO:root:Epoch 17
INFO:root:[17,     0] loss: 1.769870e-03 masks: 20.0 16.0 [wd: 4.09e-02] [lr: 5.20e-04] [mem: 5.66e+03] (163.1 ms)
INFO:root:[17,     0] grad_stats: [3.47e-04 1.28e-05] (6.28e-06, 4.25e-04)
INFO:root:[17,   116] loss: 1.676543e-03 masks: 21.9 17.4 [wd: 4.10e-02] [lr: 5.30e-04] [mem: 5.66e+03] (173.1 ms)
INFO:root:[17,   116] grad_stats: [6.31e-04 3.62e-05] (7.88e-06, 6.31e-04)
INFO:root:[17,   232] loss: 1.707502e-03 masks: 21.8 17.3 [wd: 4.10e-02] [lr: 5.40e-04] [mem: 5.66e+03] (172.9 ms)
INFO:root:[17,   232] grad_stats: [3.50e-04 1.81e-05] (5.71e-06, 4.34e-04)
INFO:root:avg. loss 1.70750223e-03
INFO:root:time taken for epoch 0:00:53.925493
INFO:root:Epoch 18
INFO:root:[18,     0] loss: 1.769305e-03 masks: 25.0 16.0 [wd: 4.10e-02] [lr: 5.40e-04] [mem: 5.66e+03] (177.3 ms)
INFO:root:[18,     0] grad_stats: [5.25e-04 2.67e-05] (7.42e-06, 6.63e-04)
INFO:root:[18,   116] loss: 1.776125e-03 masks: 22.3 17.0 [wd: 4.11e-02] [lr: 5.50e-04] [mem: 5.66e+03] (173.3 ms)
INFO:root:[18,   116] grad_stats: [4.29e-04 1.61e-05] (4.76e-06, 6.64e-04)
INFO:root:[18,   232] loss: 1.746601e-03 masks: 22.5 17.0 [wd: 4.11e-02] [lr: 5.60e-04] [mem: 5.66e+03] (174.5 ms)
INFO:root:[18,   232] grad_stats: [2.71e-04 1.97e-05] (5.90e-06, 3.40e-04)
INFO:root:avg. loss 1.74660077e-03
INFO:root:time taken for epoch 0:00:54.312424
INFO:root:Epoch 19
INFO:root:[19,     0] loss: 1.467423e-03 masks: 17.0 20.0 [wd: 4.12e-02] [lr: 5.60e-04] [mem: 5.66e+03] (161.4 ms)
INFO:root:[19,     0] grad_stats: [2.71e-04 1.02e-05] (5.34e-06, 3.23e-04)
INFO:root:[19,   116] loss: 1.714046e-03 masks: 21.3 17.6 [wd: 4.12e-02] [lr: 5.70e-04] [mem: 5.66e+03] (171.3 ms)
INFO:root:[19,   116] grad_stats: [4.34e-04 1.60e-05] (5.31e-06, 4.56e-04)
INFO:root:[19,   232] loss: 1.702974e-03 masks: 21.7 17.4 [wd: 4.13e-02] [lr: 5.80e-04] [mem: 5.66e+03] (172.7 ms)
INFO:root:[19,   232] grad_stats: [3.47e-04 2.76e-05] (5.40e-06, 6.19e-04)
INFO:root:avg. loss 1.70297440e-03
INFO:root:time taken for epoch 0:00:53.841915
INFO:root:Epoch 20
INFO:root:[20,     0] loss: 1.639637e-03 masks: 27.0 16.0 [wd: 4.13e-02] [lr: 5.80e-04] [mem: 5.66e+03] (185.1 ms)
INFO:root:[20,     0] grad_stats: [4.41e-04 2.78e-05] (6.55e-06, 6.98e-04)
INFO:root:[20,   116] loss: 1.688020e-03 masks: 22.1 17.1 [wd: 4.13e-02] [lr: 5.90e-04] [mem: 5.66e+03] (172.9 ms)
INFO:root:[20,   116] grad_stats: [2.84e-04 1.97e-05] (5.31e-06, 4.28e-04)
INFO:root:[20,   232] loss: 1.676525e-03 masks: 21.8 17.2 [wd: 4.14e-02] [lr: 6.00e-04] [mem: 5.66e+03] (172.8 ms)
INFO:root:[20,   232] grad_stats: [3.17e-04 1.17e-05] (3.65e-06, 3.17e-04)
INFO:root:avg. loss 1.67652491e-03
INFO:root:time taken for epoch 0:00:53.827990
INFO:root:Epoch 21
INFO:root:[21,     0] loss: 1.593933e-03 masks: 19.0 20.0 [wd: 4.14e-02] [lr: 6.00e-04] [mem: 5.66e+03] (167.8 ms)
INFO:root:[21,     0] grad_stats: [2.81e-04 2.02e-05] (4.39e-06, 4.68e-04)
INFO:root:[21,   116] loss: 1.641509e-03 masks: 22.2 17.1 [wd: 4.15e-02] [lr: 6.10e-04] [mem: 5.66e+03] (173.1 ms)
INFO:root:[21,   116] grad_stats: [3.01e-04 1.49e-05] (3.93e-06, 3.42e-04)
INFO:root:[21,   232] loss: 1.652225e-03 masks: 21.8 17.2 [wd: 4.16e-02] [lr: 6.20e-04] [mem: 5.66e+03] (172.7 ms)
INFO:root:[21,   232] grad_stats: [3.79e-04 1.56e-05] (4.42e-06, 5.10e-04)
INFO:root:avg. loss 1.65222522e-03
INFO:root:time taken for epoch 0:00:53.806012
INFO:root:Epoch 22
INFO:root:[22,     0] loss: 1.695622e-03 masks: 26.0 16.0 [wd: 4.16e-02] [lr: 6.20e-04] [mem: 5.66e+03] (181.6 ms)
INFO:root:[22,     0] grad_stats: [3.11e-04 2.75e-05] (4.70e-06, 3.29e-04)
INFO:root:[22,   116] loss: 1.632145e-03 masks: 22.2 17.2 [wd: 4.16e-02] [lr: 6.30e-04] [mem: 5.66e+03] (173.5 ms)
INFO:root:[22,   116] grad_stats: [3.85e-04 3.05e-05] (6.06e-06, 6.99e-04)
INFO:root:[22,   232] loss: 1.651575e-03 masks: 22.1 17.3 [wd: 4.17e-02] [lr: 6.40e-04] [mem: 5.66e+03] (173.8 ms)
INFO:root:[22,   232] grad_stats: [2.87e-04 1.98e-05] (4.03e-06, 3.73e-04)
INFO:root:avg. loss 1.65157513e-03
INFO:root:time taken for epoch 0:00:54.025194
INFO:root:Epoch 23
INFO:root:[23,     0] loss: 1.634499e-03 masks: 23.0 16.0 [wd: 4.17e-02] [lr: 6.40e-04] [mem: 5.66e+03] (171.7 ms)
INFO:root:[23,     0] grad_stats: [3.88e-04 3.03e-05] (6.08e-06, 6.55e-04)
INFO:root:[23,   116] loss: 1.690720e-03 masks: 22.2 17.1 [wd: 4.18e-02] [lr: 6.50e-04] [mem: 5.66e+03] (173.2 ms)
INFO:root:[23,   116] grad_stats: [2.96e-04 1.56e-05] (4.25e-06, 4.38e-04)
INFO:root:[23,   232] loss: 1.677873e-03 masks: 21.6 17.3 [wd: 4.19e-02] [lr: 6.60e-04] [mem: 5.66e+03] (172.5 ms)
INFO:root:[23,   232] grad_stats: [4.05e-04 1.97e-05] (5.28e-06, 5.32e-04)
INFO:root:avg. loss 1.67787304e-03
INFO:root:time taken for epoch 0:00:53.831719
INFO:root:Epoch 24
INFO:root:[24,     0] loss: 1.680071e-03 masks: 18.0 20.0 [wd: 4.19e-02] [lr: 6.60e-04] [mem: 5.66e+03] (166.3 ms)
INFO:root:[24,     0] grad_stats: [2.56e-04 1.99e-05] (3.90e-06, 2.56e-04)
INFO:root:[24,   116] loss: 1.667275e-03 masks: 22.6 17.0 [wd: 4.20e-02] [lr: 6.70e-04] [mem: 5.66e+03] (174.2 ms)
INFO:root:[24,   116] grad_stats: [4.79e-04 2.71e-05] (4.81e-06, 4.79e-04)
INFO:root:[24,   232] loss: 1.669218e-03 masks: 22.3 17.2 [wd: 4.20e-02] [lr: 6.80e-04] [mem: 5.66e+03] (174.2 ms)
INFO:root:[24,   232] grad_stats: [3.37e-04 1.34e-05] (3.21e-06, 3.37e-04)
INFO:root:avg. loss 1.66921771e-03
INFO:root:time taken for epoch 0:00:54.167609
INFO:root:Epoch 25
INFO:root:[25,     0] loss: 2.034109e-03 masks: 33.0 12.0 [wd: 4.20e-02] [lr: 6.80e-04] [mem: 5.66e+03] (193.3 ms)
INFO:root:[25,     0] grad_stats: [5.52e-04 3.67e-05] (5.32e-06, 5.52e-04)
INFO:root:[25,   116] loss: 1.628627e-03 masks: 22.1 17.3 [wd: 4.21e-02] [lr: 6.90e-04] [mem: 5.66e+03] (173.2 ms)
INFO:root:[25,   116] grad_stats: [2.69e-04 1.58e-05] (3.55e-06, 3.00e-04)
INFO:root:[25,   232] loss: 1.609694e-03 masks: 21.8 17.5 [wd: 4.22e-02] [lr: 7.00e-04] [mem: 5.66e+03] (173.4 ms)
INFO:root:[25,   232] grad_stats: [3.44e-04 2.74e-05] (4.41e-06, 4.48e-04)
INFO:root:avg. loss 1.60969388e-03
INFO:root:time taken for epoch 0:00:53.971033
INFO:root:Epoch 26
INFO:root:[26,     0] loss: 1.622008e-03 masks: 14.0 20.0 [wd: 4.22e-02] [lr: 7.00e-04] [mem: 5.66e+03] (153.2 ms)
INFO:root:[26,     0] grad_stats: [4.44e-04 2.23e-05] (3.65e-06, 5.07e-04)
INFO:root:[26,   116] loss: 1.615180e-03 masks: 22.1 17.4 [wd: 4.23e-02] [lr: 7.10e-04] [mem: 5.66e+03] (173.5 ms)
INFO:root:[26,   116] grad_stats: [2.04e-04 1.84e-05] (3.41e-06, 2.57e-04)
INFO:root:[26,   232] loss: 1.616551e-03 masks: 21.6 17.5 [wd: 4.24e-02] [lr: 7.20e-04] [mem: 5.66e+03] (172.7 ms)
INFO:root:[26,   232] grad_stats: [2.64e-04 1.96e-05] (3.81e-06, 2.64e-04)
INFO:root:avg. loss 1.61655050e-03
INFO:root:time taken for epoch 0:00:53.662021
INFO:root:Epoch 27
INFO:root:[27,     0] loss: 1.489413e-03 masks: 26.0 16.0 [wd: 4.24e-02] [lr: 7.20e-04] [mem: 5.66e+03] (181.6 ms)
INFO:root:[27,     0] grad_stats: [2.42e-04 1.84e-05] (2.79e-06, 3.01e-04)
INFO:root:[27,   116] loss: 1.634176e-03 masks: 21.2 17.6 [wd: 4.25e-02] [lr: 7.30e-04] [mem: 5.66e+03] (171.1 ms)
INFO:root:[27,   116] grad_stats: [2.47e-04 1.99e-05] (3.12e-06, 3.52e-04)
INFO:root:[27,   232] loss: 1.621548e-03 masks: 21.9 17.3 [wd: 4.26e-02] [lr: 7.40e-04] [mem: 5.66e+03] (173.3 ms)
INFO:root:[27,   232] grad_stats: [2.84e-04 2.82e-05] (4.72e-06, 3.19e-04)
INFO:root:avg. loss 1.62154801e-03
INFO:root:time taken for epoch 0:00:54.039103
INFO:root:Epoch 28
INFO:root:[28,     0] loss: 1.476615e-03 masks: 20.0 20.0 [wd: 4.26e-02] [lr: 7.40e-04] [mem: 5.66e+03] (171.0 ms)
INFO:root:[28,     0] grad_stats: [3.33e-04 1.52e-05] (2.84e-06, 3.33e-04)
INFO:root:[28,   116] loss: 1.649787e-03 masks: 22.2 17.3 [wd: 4.27e-02] [lr: 7.50e-04] [mem: 5.66e+03] (173.8 ms)
INFO:root:[28,   116] grad_stats: [2.84e-04 1.80e-05] (3.79e-06, 3.67e-04)
INFO:root:[28,   232] loss: 1.659666e-03 masks: 21.6 17.5 [wd: 4.28e-02] [lr: 7.60e-04] [mem: 5.66e+03] (173.0 ms)
INFO:root:[28,   232] grad_stats: [2.44e-04 2.10e-05] (2.96e-06, 3.41e-04)
INFO:root:avg. loss 1.65966584e-03
INFO:root:time taken for epoch 0:00:53.889441
INFO:root:Epoch 29
INFO:root:[29,     0] loss: 1.734055e-03 masks: 17.0 20.0 [wd: 4.28e-02] [lr: 7.60e-04] [mem: 5.66e+03] (161.9 ms)
INFO:root:[29,     0] grad_stats: [4.54e-04 3.80e-05] (5.19e-06, 6.48e-04)
INFO:root:[29,   116] loss: 1.731320e-03 masks: 22.4 17.0 [wd: 4.29e-02] [lr: 7.70e-04] [mem: 5.66e+03] (173.7 ms)
INFO:root:[29,   116] grad_stats: [4.63e-04 4.30e-05] (4.04e-06, 6.00e-04)
INFO:root:[29,   232] loss: 1.739895e-03 masks: 22.4 16.9 [wd: 4.30e-02] [lr: 7.80e-04] [mem: 5.66e+03] (174.2 ms)
INFO:root:[29,   232] grad_stats: [2.67e-04 2.21e-05] (3.69e-06, 2.67e-04)
INFO:root:avg. loss 1.73989498e-03
INFO:root:time taken for epoch 0:00:54.197482
INFO:root:Epoch 30
INFO:root:[30,     0] loss: 1.642887e-03 masks: 25.0 16.0 [wd: 4.30e-02] [lr: 7.80e-04] [mem: 5.66e+03] (177.8 ms)
INFO:root:[30,     0] grad_stats: [3.11e-04 2.89e-05] (3.65e-06, 4.93e-04)
INFO:root:[30,   116] loss: 1.681293e-03 masks: 21.8 17.2 [wd: 4.31e-02] [lr: 7.90e-04] [mem: 5.66e+03] (172.3 ms)
INFO:root:[30,   116] grad_stats: [3.31e-04 1.91e-05] (4.87e-06, 3.31e-04)
INFO:root:[30,   232] loss: 1.698996e-03 masks: 21.6 17.2 [wd: 4.32e-02] [lr: 8.00e-04] [mem: 5.66e+03] (172.4 ms)
INFO:root:[30,   232] grad_stats: [2.12e-04 1.79e-05] (3.05e-06, 2.34e-04)
INFO:root:avg. loss 1.69899550e-03
INFO:root:time taken for epoch 0:00:53.754779
INFO:root:Epoch 31
INFO:root:[31,     0] loss: 1.578232e-03 masks: 14.0 20.0 [wd: 4.32e-02] [lr: 8.00e-04] [mem: 5.66e+03] (154.5 ms)
INFO:root:[31,     0] grad_stats: [2.28e-04 1.57e-05] (3.30e-06, 2.28e-04)
INFO:root:[31,   116] loss: 1.693940e-03 masks: 21.5 17.4 [wd: 4.33e-02] [lr: 8.10e-04] [mem: 5.66e+03] (171.8 ms)
INFO:root:[31,   116] grad_stats: [2.69e-04 1.31e-05] (3.62e-06, 2.69e-04)
INFO:root:[31,   232] loss: 1.716081e-03 masks: 22.1 17.1 [wd: 4.34e-02] [lr: 8.20e-04] [mem: 5.66e+03] (173.6 ms)
INFO:root:[31,   232] grad_stats: [2.37e-04 1.18e-05] (3.38e-06, 2.85e-04)
INFO:root:avg. loss 1.71608074e-03
INFO:root:time taken for epoch 0:00:54.050289
INFO:root:Epoch 32
INFO:root:[32,     0] loss: 1.504359e-03 masks: 26.0 16.0 [wd: 4.34e-02] [lr: 8.20e-04] [mem: 5.66e+03] (181.6 ms)
INFO:root:[32,     0] grad_stats: [2.61e-04 1.91e-05] (3.56e-06, 3.60e-04)
INFO:root:[32,   116] loss: 1.702004e-03 masks: 21.8 17.3 [wd: 4.35e-02] [lr: 8.30e-04] [mem: 5.66e+03] (172.6 ms)
INFO:root:[32,   116] grad_stats: [2.72e-04 1.70e-05] (4.40e-06, 3.42e-04)
INFO:root:[32,   232] loss: 1.711362e-03 masks: 22.0 17.1 [wd: 4.36e-02] [lr: 8.40e-04] [mem: 5.66e+03] (173.4 ms)
INFO:root:[32,   232] grad_stats: [3.45e-04 2.27e-05] (3.02e-06, 3.45e-04)
INFO:root:avg. loss 1.71136235e-03
INFO:root:time taken for epoch 0:00:53.933526
INFO:root:Epoch 33
INFO:root:[33,     0] loss: 1.836039e-03 masks: 17.0 16.0 [wd: 4.36e-02] [lr: 8.40e-04] [mem: 5.66e+03] (156.7 ms)
INFO:root:[33,     0] grad_stats: [2.52e-04 2.10e-05] (4.18e-06, 2.73e-04)
INFO:root:[33,   116] loss: 1.677564e-03 masks: 21.9 17.2 [wd: 4.37e-02] [lr: 8.50e-04] [mem: 5.66e+03] (172.4 ms)
INFO:root:[33,   116] grad_stats: [1.99e-04 2.72e-05] (3.53e-06, 3.68e-04)
INFO:root:[33,   232] loss: 1.676098e-03 masks: 21.9 17.3 [wd: 4.39e-02] [lr: 8.60e-04] [mem: 5.66e+03] (173.2 ms)
INFO:root:[33,   232] grad_stats: [3.24e-04 2.64e-05] (3.87e-06, 4.06e-04)
INFO:root:avg. loss 1.67609787e-03
INFO:root:time taken for epoch 0:00:53.906201
INFO:root:Epoch 34
INFO:root:[34,     0] loss: 1.754573e-03 masks: 20.0 16.0 [wd: 4.39e-02] [lr: 8.60e-04] [mem: 5.66e+03] (165.4 ms)
INFO:root:[34,     0] grad_stats: [3.39e-04 2.51e-05] (4.46e-06, 3.46e-04)
INFO:root:[34,   116] loss: 1.623502e-03 masks: 21.9 17.4 [wd: 4.40e-02] [lr: 8.70e-04] [mem: 5.66e+03] (173.2 ms)
INFO:root:[34,   116] grad_stats: [1.73e-04 1.45e-05] (2.64e-06, 2.59e-04)
INFO:root:[34,   232] loss: 1.644361e-03 masks: 21.9 17.4 [wd: 4.41e-02] [lr: 8.80e-04] [mem: 5.66e+03] (173.5 ms)
INFO:root:[34,   232] grad_stats: [3.68e-04 3.12e-05] (5.71e-06, 5.15e-04)
INFO:root:avg. loss 1.64436060e-03
INFO:root:time taken for epoch 0:00:54.048069
INFO:root:Epoch 35
INFO:root:[35,     0] loss: 1.478287e-03 masks: 20.0 20.0 [wd: 4.41e-02] [lr: 8.80e-04] [mem: 5.66e+03] (171.1 ms)
INFO:root:[35,     0] grad_stats: [1.52e-04 1.23e-05] (2.53e-06, 2.00e-04)
INFO:root:[35,   116] loss: 1.653172e-03 masks: 21.8 17.3 [wd: 4.42e-02] [lr: 8.90e-04] [mem: 5.66e+03] (172.8 ms)
INFO:root:[35,   116] grad_stats: [2.45e-04 2.60e-05] (3.79e-06, 2.76e-04)
INFO:root:[35,   232] loss: 1.623100e-03 masks: 21.8 17.3 [wd: 4.43e-02] [lr: 9.00e-04] [mem: 5.66e+03] (173.3 ms)
INFO:root:[35,   232] grad_stats: [2.47e-04 2.28e-05] (3.44e-06, 2.93e-04)
INFO:root:avg. loss 1.62309961e-03
INFO:root:time taken for epoch 0:00:53.979423
INFO:root:Epoch 36
INFO:root:[36,     0] loss: 1.917621e-03 masks: 21.0 16.0 [wd: 4.43e-02] [lr: 9.00e-04] [mem: 5.66e+03] (165.0 ms)
INFO:root:[36,     0] grad_stats: [2.62e-04 2.99e-05] (4.22e-06, 4.11e-04)
INFO:root:[36,   116] loss: 1.626635e-03 masks: 22.7 17.0 [wd: 4.45e-02] [lr: 9.10e-04] [mem: 5.66e+03] (174.5 ms)
INFO:root:[36,   116] grad_stats: [1.41e-04 1.85e-05] (2.95e-06, 2.25e-04)
INFO:root:[36,   232] loss: 1.627585e-03 masks: 22.2 17.1 [wd: 4.46e-02] [lr: 9.20e-04] [mem: 5.66e+03] (173.8 ms)
INFO:root:[36,   232] grad_stats: [1.15e-04 1.14e-05] (2.07e-06, 1.89e-04)
INFO:root:avg. loss 1.62758462e-03
INFO:root:time taken for epoch 0:00:54.079428
INFO:root:Epoch 37
INFO:root:[37,     0] loss: 1.483897e-03 masks: 23.0 20.0 [wd: 4.46e-02] [lr: 9.20e-04] [mem: 5.66e+03] (177.6 ms)
INFO:root:[37,     0] grad_stats: [3.30e-04 2.21e-05] (4.37e-06, 3.39e-04)
INFO:root:[37,   116] loss: 1.563495e-03 masks: 22.3 17.3 [wd: 4.47e-02] [lr: 9.30e-04] [mem: 5.66e+03] (174.1 ms)
INFO:root:[37,   116] grad_stats: [2.56e-04 1.79e-05] (3.95e-06, 2.82e-04)
INFO:root:[37,   232] loss: 1.594807e-03 masks: 22.2 17.2 [wd: 4.48e-02] [lr: 9.40e-04] [mem: 5.66e+03] (174.0 ms)
INFO:root:[37,   232] grad_stats: [2.32e-04 3.51e-05] (6.06e-06, 4.36e-04)
INFO:root:avg. loss 1.59480701e-03
INFO:root:time taken for epoch 0:00:54.116581
INFO:root:Epoch 38
INFO:root:[38,     0] loss: 1.518167e-03 masks: 20.0 20.0 [wd: 4.48e-02] [lr: 9.40e-04] [mem: 5.66e+03] (170.8 ms)
INFO:root:[38,     0] grad_stats: [2.18e-04 2.07e-05] (2.99e-06, 2.23e-04)
INFO:root:[38,   116] loss: 1.623409e-03 masks: 21.5 17.5 [wd: 4.50e-02] [lr: 9.50e-04] [mem: 5.66e+03] (172.5 ms)
INFO:root:[38,   116] grad_stats: [1.96e-04 2.34e-05] (3.70e-06, 2.39e-04)
INFO:root:[38,   232] loss: 1.631966e-03 masks: 21.5 17.6 [wd: 4.51e-02] [lr: 9.60e-04] [mem: 5.66e+03] (173.0 ms)
INFO:root:[38,   232] grad_stats: [1.97e-04 1.97e-05] (3.40e-06, 2.61e-04)
INFO:root:avg. loss 1.63196606e-03
INFO:root:time taken for epoch 0:00:53.899629
INFO:root:Epoch 39
INFO:root:[39,     0] loss: 1.696406e-03 masks: 22.0 16.0 [wd: 4.51e-02] [lr: 9.60e-04] [mem: 5.66e+03] (171.9 ms)
INFO:root:[39,     0] grad_stats: [1.82e-04 2.31e-05] (3.28e-06, 1.82e-04)
INFO:root:[39,   116] loss: 1.666607e-03 masks: 21.5 17.6 [wd: 4.52e-02] [lr: 9.70e-04] [mem: 5.66e+03] (172.2 ms)
INFO:root:[39,   116] grad_stats: [1.75e-04 3.32e-05] (2.67e-06, 4.15e-04)
INFO:root:[39,   232] loss: 1.672885e-03 masks: 21.6 17.5 [wd: 4.54e-02] [lr: 9.80e-04] [mem: 5.66e+03] (172.7 ms)
INFO:root:[39,   232] grad_stats: [1.53e-04 1.99e-05] (2.43e-06, 2.05e-04)
INFO:root:avg. loss 1.67288464e-03
INFO:root:time taken for epoch 0:00:53.805873
INFO:root:Epoch 40
INFO:root:[40,     0] loss: 1.813648e-03 masks: 26.0 16.0 [wd: 4.54e-02] [lr: 9.80e-04] [mem: 5.66e+03] (182.2 ms)
INFO:root:[40,     0] grad_stats: [2.20e-04 2.75e-05] (2.65e-06, 3.07e-04)
INFO:root:[40,   116] loss: 1.647589e-03 masks: 22.7 16.9 [wd: 4.55e-02] [lr: 9.90e-04] [mem: 5.66e+03] (174.6 ms)
INFO:root:[40,   116] grad_stats: [2.44e-04 2.49e-05] (3.07e-06, 2.53e-04)
INFO:root:[40,   232] loss: 1.645648e-03 masks: 21.8 17.3 [wd: 4.57e-02] [lr: 1.00e-03] [mem: 5.66e+03] (173.2 ms)
INFO:root:[40,   232] grad_stats: [1.30e-04 1.48e-05] (2.65e-06, 1.53e-04)
INFO:root:avg. loss 1.64564794e-03
INFO:root:time taken for epoch 0:00:53.920939
INFO:root:Epoch 41
INFO:root:[41,     0] loss: 1.707676e-03 masks: 24.0 16.0 [wd: 4.57e-02] [lr: 1.00e-03] [mem: 5.66e+03] (175.8 ms)
INFO:root:[41,     0] grad_stats: [1.78e-04 2.21e-05] (2.86e-06, 2.21e-04)
INFO:root:[41,   116] loss: 1.633777e-03 masks: 22.8 17.0 [wd: 4.58e-02] [lr: 1.00e-03] [mem: 5.66e+03] (174.8 ms)
INFO:root:[41,   116] grad_stats: [2.27e-04 2.81e-05] (3.73e-06, 4.09e-04)
INFO:root:[41,   232] loss: 1.628767e-03 masks: 22.3 17.1 [wd: 4.59e-02] [lr: 1.00e-03] [mem: 5.66e+03] (174.3 ms)
INFO:root:[41,   232] grad_stats: [2.84e-04 2.69e-05] (5.20e-06, 3.56e-04)
INFO:root:avg. loss 1.62876723e-03
INFO:root:time taken for epoch 0:00:54.139231
INFO:root:Epoch 42
INFO:root:[42,     0] loss: 1.528444e-03 masks: 18.0 20.0 [wd: 4.59e-02] [lr: 1.00e-03] [mem: 5.66e+03] (165.2 ms)
INFO:root:[42,     0] grad_stats: [1.46e-04 1.93e-05] (2.50e-06, 1.55e-04)
INFO:root:[42,   116] loss: 1.611020e-03 masks: 21.9 17.2 [wd: 4.61e-02] [lr: 1.00e-03] [mem: 5.66e+03] (172.6 ms)
INFO:root:[42,   116] grad_stats: [1.34e-04 1.57e-05] (2.83e-06, 1.79e-04)
INFO:root:[42,   232] loss: 1.636142e-03 masks: 21.2 17.4 [wd: 4.62e-02] [lr: 1.00e-03] [mem: 5.66e+03] (171.5 ms)
INFO:root:[42,   232] grad_stats: [2.92e-04 4.58e-05] (4.52e-06, 2.92e-04)
INFO:root:avg. loss 1.63614226e-03
INFO:root:time taken for epoch 0:00:53.457513
INFO:root:Epoch 43
INFO:root:[43,     0] loss: 1.901425e-03 masks: 24.0 16.0 [wd: 4.62e-02] [lr: 1.00e-03] [mem: 5.66e+03] (175.3 ms)
INFO:root:[43,     0] grad_stats: [1.89e-04 2.94e-05] (3.28e-06, 2.46e-04)
INFO:root:[43,   116] loss: 1.676374e-03 masks: 22.3 17.2 [wd: 4.64e-02] [lr: 1.00e-03] [mem: 5.66e+03] (173.9 ms)
INFO:root:[43,   116] grad_stats: [1.26e-04 1.91e-05] (3.50e-06, 1.68e-04)
INFO:root:[43,   232] loss: 1.689998e-03 masks: 21.9 17.3 [wd: 4.65e-02] [lr: 1.00e-03] [mem: 5.66e+03] (173.4 ms)
INFO:root:[43,   232] grad_stats: [1.93e-04 1.90e-05] (3.01e-06, 3.20e-04)
INFO:root:avg. loss 1.68999797e-03
INFO:root:time taken for epoch 0:00:53.927254
INFO:root:Epoch 44
INFO:root:[44,     0] loss: 1.623412e-03 masks: 23.0 16.0 [wd: 4.65e-02] [lr: 1.00e-03] [mem: 5.66e+03] (172.7 ms)
INFO:root:[44,     0] grad_stats: [1.83e-04 2.52e-05] (3.72e-06, 4.24e-04)
INFO:root:[44,   116] loss: 1.704869e-03 masks: 21.5 17.5 [wd: 4.67e-02] [lr: 1.00e-03] [mem: 5.66e+03] (172.1 ms)
INFO:root:[44,   116] grad_stats: [1.45e-04 2.56e-05] (3.24e-06, 2.88e-04)
INFO:root:[44,   232] loss: 1.716110e-03 masks: 21.9 17.3 [wd: 4.68e-02] [lr: 1.00e-03] [mem: 5.66e+03] (173.4 ms)
INFO:root:[44,   232] grad_stats: [2.55e-04 1.93e-05] (4.07e-06, 2.55e-04)
INFO:root:avg. loss 1.71611006e-03
INFO:root:time taken for epoch 0:00:53.967883
INFO:root:Epoch 45
INFO:root:[45,     0] loss: 1.775226e-03 masks: 11.0 20.0 [wd: 4.68e-02] [lr: 1.00e-03] [mem: 5.66e+03] (145.5 ms)
INFO:root:[45,     0] grad_stats: [1.09e-04 1.21e-05] (2.28e-06, 1.49e-04)
INFO:root:[45,   116] loss: 1.691556e-03 masks: 21.4 17.4 [wd: 4.70e-02] [lr: 1.00e-03] [mem: 5.66e+03] (171.9 ms)
INFO:root:[45,   116] grad_stats: [1.09e-04 1.60e-05] (1.99e-06, 1.42e-04)
INFO:root:[45,   232] loss: 1.688866e-03 masks: 22.1 17.2 [wd: 4.71e-02] [lr: 1.00e-03] [mem: 5.66e+03] (173.9 ms)
INFO:root:[45,   232] grad_stats: [1.18e-04 1.45e-05] (2.17e-06, 1.59e-04)
INFO:root:avg. loss 1.68886603e-03
INFO:root:time taken for epoch 0:00:54.111432
INFO:root:Epoch 46
INFO:root:[46,     0] loss: 1.499305e-03 masks: 23.0 16.0 [wd: 4.71e-02] [lr: 1.00e-03] [mem: 5.66e+03] (171.2 ms)
INFO:root:[46,     0] grad_stats: [1.39e-04 2.14e-05] (3.84e-06, 2.62e-04)
INFO:root:[46,   116] loss: 1.708857e-03 masks: 23.2 16.7 [wd: 4.73e-02] [lr: 1.00e-03] [mem: 5.66e+03] (175.6 ms)
INFO:root:[46,   116] grad_stats: [3.33e-04 2.57e-05] (4.72e-06, 3.43e-04)
INFO:root:[46,   232] loss: 1.705659e-03 masks: 22.2 17.2 [wd: 4.75e-02] [lr: 1.00e-03] [mem: 5.66e+03] (174.0 ms)
INFO:root:[46,   232] grad_stats: [2.05e-04 1.97e-05] (2.79e-06, 3.75e-04)
INFO:root:avg. loss 1.70565878e-03
INFO:root:time taken for epoch 0:00:54.085162
INFO:root:Epoch 47
INFO:root:[47,     0] loss: 1.608261e-03 masks: 17.0 20.0 [wd: 4.75e-02] [lr: 1.00e-03] [mem: 5.66e+03] (162.2 ms)
INFO:root:[47,     0] grad_stats: [1.38e-04 1.90e-05] (2.53e-06, 1.81e-04)
INFO:root:[47,   116] loss: 1.706465e-03 masks: 21.9 17.2 [wd: 4.76e-02] [lr: 1.00e-03] [mem: 5.66e+03] (172.6 ms)
INFO:root:[47,   116] grad_stats: [1.07e-04 2.21e-05] (2.39e-06, 1.37e-04)
INFO:root:[47,   232] loss: 1.699948e-03 masks: 21.9 17.3 [wd: 4.78e-02] [lr: 9.99e-04] [mem: 5.66e+03] (173.3 ms)
INFO:root:[47,   232] grad_stats: [9.12e-05 1.11e-05] (1.76e-06, 1.74e-04)
INFO:root:avg. loss 1.69994846e-03
INFO:root:time taken for epoch 0:00:53.811669
INFO:root:Epoch 48
INFO:root:[48,     0] loss: 2.001423e-03 masks: 24.0 16.0 [wd: 4.78e-02] [lr: 9.99e-04] [mem: 5.66e+03] (176.5 ms)
INFO:root:[48,     0] grad_stats: [1.96e-04 4.34e-05] (4.68e-06, 3.70e-04)
INFO:root:[48,   116] loss: 1.683446e-03 masks: 21.4 17.6 [wd: 4.80e-02] [lr: 9.99e-04] [mem: 5.66e+03] (172.1 ms)
INFO:root:[48,   116] grad_stats: [1.37e-04 2.21e-05] (2.72e-06, 2.20e-04)
INFO:root:[48,   232] loss: 1.711636e-03 masks: 21.8 17.5 [wd: 4.81e-02] [lr: 9.99e-04] [mem: 5.66e+03] (173.4 ms)
INFO:root:[48,   232] grad_stats: [2.92e-04 2.14e-05] (4.07e-06, 4.64e-04)
INFO:root:avg. loss 1.71163607e-03
INFO:root:time taken for epoch 0:00:54.040159
INFO:root:Epoch 49
INFO:root:[49,     0] loss: 1.495317e-03 masks: 22.0 20.0 [wd: 4.81e-02] [lr: 9.99e-04] [mem: 5.66e+03] (175.9 ms)
INFO:root:[49,     0] grad_stats: [1.24e-04 1.55e-05] (2.09e-06, 1.93e-04)
INFO:root:[49,   116] loss: 1.756269e-03 masks: 21.8 17.3 [wd: 4.83e-02] [lr: 9.99e-04] [mem: 5.66e+03] (172.4 ms)
INFO:root:[49,   116] grad_stats: [1.03e-04 1.72e-05] (2.97e-06, 1.64e-04)
INFO:root:[49,   232] loss: 1.756635e-03 masks: 21.9 17.3 [wd: 4.85e-02] [lr: 9.99e-04] [mem: 5.66e+03] (173.5 ms)
INFO:root:[49,   232] grad_stats: [1.53e-04 2.77e-05] (3.29e-06, 1.75e-04)
INFO:root:avg. loss 1.75663512e-03
INFO:root:time taken for epoch 0:00:54.030619
INFO:root:Epoch 50
INFO:root:[50,     0] loss: 2.056175e-03 masks: 17.0 16.0 [wd: 4.85e-02] [lr: 9.99e-04] [mem: 5.66e+03] (156.8 ms)
INFO:root:[50,     0] grad_stats: [1.36e-04 2.00e-05] (3.84e-06, 2.27e-04)
INFO:root:[50,   116] loss: 1.783758e-03 masks: 22.7 16.9 [wd: 4.86e-02] [lr: 9.99e-04] [mem: 5.66e+03] (174.3 ms)
INFO:root:[50,   116] grad_stats: [1.83e-04 2.33e-05] (3.59e-06, 2.06e-04)
INFO:root:[50,   232] loss: 1.785852e-03 masks: 22.2 17.2 [wd: 4.88e-02] [lr: 9.99e-04] [mem: 5.66e+03] (173.9 ms)
INFO:root:[50,   232] grad_stats: [2.28e-04 3.29e-05] (4.99e-06, 2.95e-04)
INFO:root:avg. loss 1.78585215e-03
INFO:root:time taken for epoch 0:00:54.066016
INFO:root:Epoch 51
INFO:root:[51,     0] loss: 2.006423e-03 masks: 23.0 16.0 [wd: 4.88e-02] [lr: 9.99e-04] [mem: 5.66e+03] (170.6 ms)
INFO:root:[51,     0] grad_stats: [1.40e-04 3.36e-05] (3.58e-06, 2.11e-04)
INFO:root:[51,   116] loss: 1.799064e-03 masks: 21.9 17.2 [wd: 4.90e-02] [lr: 9.99e-04] [mem: 5.66e+03] (172.7 ms)
INFO:root:[51,   116] grad_stats: [1.70e-04 2.91e-05] (3.39e-06, 2.05e-04)
INFO:root:[51,   232] loss: 1.809057e-03 masks: 21.8 17.3 [wd: 4.92e-02] [lr: 9.99e-04] [mem: 5.66e+03] (173.1 ms)
INFO:root:[51,   232] grad_stats: [2.44e-04 2.08e-05] (3.99e-06, 3.48e-04)
INFO:root:avg. loss 1.80905717e-03
INFO:root:time taken for epoch 0:00:53.891325
INFO:root:Epoch 52
INFO:root:[52,     0] loss: 1.735197e-03 masks: 12.0 20.0 [wd: 4.92e-02] [lr: 9.99e-04] [mem: 5.66e+03] (148.6 ms)
INFO:root:[52,     0] grad_stats: [8.68e-05 1.85e-05] (2.77e-06, 1.75e-04)
INFO:root:[52,   116] loss: 1.843962e-03 masks: 22.4 17.1 [wd: 4.93e-02] [lr: 9.98e-04] [mem: 5.66e+03] (173.9 ms)
INFO:root:[52,   116] grad_stats: [2.59e-04 1.70e-05] (3.20e-06, 2.59e-04)
INFO:root:[52,   232] loss: 1.861216e-03 masks: 22.0 17.3 [wd: 4.95e-02] [lr: 9.98e-04] [mem: 5.66e+03] (173.8 ms)
INFO:root:[52,   232] grad_stats: [1.33e-04 1.94e-05] (2.73e-06, 1.82e-04)
INFO:root:avg. loss 1.86121603e-03
INFO:root:time taken for epoch 0:00:54.019012
INFO:root:Epoch 53
INFO:root:[53,     0] loss: 2.131284e-03 masks: 33.0 12.0 [wd: 4.95e-02] [lr: 9.98e-04] [mem: 5.66e+03] (194.4 ms)
INFO:root:[53,     0] grad_stats: [2.14e-04 3.18e-05] (4.35e-06, 2.89e-04)
INFO:root:[53,   116] loss: 1.945243e-03 masks: 21.6 17.5 [wd: 4.97e-02] [lr: 9.98e-04] [mem: 5.66e+03] (172.3 ms)
INFO:root:[53,   116] grad_stats: [1.89e-04 3.21e-05] (2.79e-06, 3.21e-04)
INFO:root:[53,   232] loss: 1.918440e-03 masks: 21.8 17.5 [wd: 4.99e-02] [lr: 9.98e-04] [mem: 5.66e+03] (173.3 ms)
INFO:root:[53,   232] grad_stats: [1.88e-04 2.11e-05] (2.09e-06, 2.08e-04)
INFO:root:avg. loss 1.91843965e-03
INFO:root:time taken for epoch 0:00:53.922906
INFO:root:Epoch 54
INFO:root:[54,     0] loss: 1.871729e-03 masks: 19.0 20.0 [wd: 4.99e-02] [lr: 9.98e-04] [mem: 5.66e+03] (168.3 ms)
INFO:root:[54,     0] grad_stats: [2.65e-04 2.75e-05] (4.08e-06, 3.73e-04)
INFO:root:[54,   116] loss: 2.022128e-03 masks: 21.8 17.1 [wd: 5.01e-02] [lr: 9.98e-04] [mem: 5.66e+03] (172.4 ms)
INFO:root:[54,   116] grad_stats: [2.32e-04 1.95e-05] (3.54e-06, 2.65e-04)
INFO:root:[54,   232] loss: 2.021110e-03 masks: 22.4 17.0 [wd: 5.03e-02] [lr: 9.98e-04] [mem: 5.66e+03] (174.1 ms)
INFO:root:[54,   232] grad_stats: [2.05e-04 2.16e-05] (3.02e-06, 2.05e-04)
INFO:root:avg. loss 2.02111011e-03
INFO:root:time taken for epoch 0:00:54.110302
INFO:root:Epoch 55
INFO:root:[55,     0] loss: 1.633014e-03 masks: 20.0 20.0 [wd: 5.03e-02] [lr: 9.98e-04] [mem: 5.66e+03] (168.9 ms)
INFO:root:[55,     0] grad_stats: [2.16e-04 1.88e-05] (2.52e-06, 2.51e-04)
INFO:root:[55,   116] loss: 1.993055e-03 masks: 21.3 17.6 [wd: 5.05e-02] [lr: 9.98e-04] [mem: 5.66e+03] (171.7 ms)
INFO:root:[55,   116] grad_stats: [1.12e-04 1.44e-05] (2.11e-06, 1.12e-04)
INFO:root:[55,   232] loss: 1.987124e-03 masks: 20.9 17.7 [wd: 5.06e-02] [lr: 9.97e-04] [mem: 5.66e+03] (171.3 ms)
INFO:root:[55,   232] grad_stats: [1.43e-04 1.74e-05] (2.84e-06, 1.71e-04)
INFO:root:avg. loss 1.98712397e-03
INFO:root:time taken for epoch 0:00:53.477037
INFO:root:Epoch 56
INFO:root:[56,     0] loss: 2.098684e-03 masks: 35.0 12.0 [wd: 5.06e-02] [lr: 9.97e-04] [mem: 5.66e+03] (199.1 ms)
INFO:root:[56,     0] grad_stats: [3.37e-04 2.62e-05] (4.29e-06, 4.30e-04)
INFO:root:[56,   116] loss: 2.062745e-03 masks: 21.6 17.4 [wd: 5.08e-02] [lr: 9.97e-04] [mem: 5.66e+03] (172.5 ms)
INFO:root:[56,   116] grad_stats: [1.86e-04 2.36e-05] (3.40e-06, 3.11e-04)
INFO:root:[56,   232] loss: 2.030465e-03 masks: 21.6 17.6 [wd: 5.10e-02] [lr: 9.97e-04] [mem: 5.66e+03] (172.9 ms)
INFO:root:[56,   232] grad_stats: [1.30e-04 1.92e-05] (2.43e-06, 1.48e-04)
INFO:root:avg. loss 2.03046456e-03
INFO:root:time taken for epoch 0:00:53.894042
INFO:root:Epoch 57
INFO:root:[57,     0] loss: 2.359451e-03 masks: 12.0 20.0 [wd: 5.10e-02] [lr: 9.97e-04] [mem: 5.66e+03] (150.1 ms)
INFO:root:[57,     0] grad_stats: [9.72e-05 1.86e-05] (2.10e-06, 1.40e-04)
INFO:root:[57,   116] loss: 2.059973e-03 masks: 21.6 17.4 [wd: 5.12e-02] [lr: 9.97e-04] [mem: 5.66e+03] (172.4 ms)
INFO:root:[57,   116] grad_stats: [8.97e-05 2.30e-05] (3.77e-06, 1.76e-04)
INFO:root:[57,   232] loss: 2.081375e-03 masks: 22.2 17.2 [wd: 5.14e-02] [lr: 9.97e-04] [mem: 5.66e+03] (174.2 ms)
INFO:root:[57,   232] grad_stats: [2.28e-04 2.99e-05] (5.73e-06, 2.92e-04)
INFO:root:avg. loss 2.08137490e-03
INFO:root:time taken for epoch 0:00:54.143054
INFO:root:Epoch 58
INFO:root:[58,     0] loss: 2.114211e-03 masks: 16.0 20.0 [wd: 5.14e-02] [lr: 9.97e-04] [mem: 5.66e+03] (160.8 ms)
INFO:root:[58,     0] grad_stats: [2.11e-04 1.82e-05] (2.90e-06, 2.11e-04)
INFO:root:[58,   116] loss: 2.165866e-03 masks: 21.4 17.5 [wd: 5.16e-02] [lr: 9.96e-04] [mem: 5.66e+03] (171.6 ms)
INFO:root:[58,   116] grad_stats: [1.66e-04 1.74e-05] (2.87e-06, 2.40e-04)
INFO:root:[58,   232] loss: 2.152781e-03 masks: 21.9 17.3 [wd: 5.18e-02] [lr: 9.96e-04] [mem: 5.66e+03] (173.5 ms)
INFO:root:[58,   232] grad_stats: [3.73e-04 2.74e-05] (4.16e-06, 3.73e-04)
INFO:root:avg. loss 2.15278088e-03
INFO:root:time taken for epoch 0:00:53.918412
INFO:root:Epoch 59
INFO:root:[59,     0] loss: 2.089552e-03 masks: 26.0 16.0 [wd: 5.18e-02] [lr: 9.96e-04] [mem: 5.66e+03] (181.8 ms)
INFO:root:[59,     0] grad_stats: [2.33e-04 2.41e-05] (3.80e-06, 4.01e-04)
INFO:root:[59,   116] loss: 2.191887e-03 masks: 23.0 16.9 [wd: 5.20e-02] [lr: 9.96e-04] [mem: 5.66e+03] (175.3 ms)
INFO:root:[59,   116] grad_stats: [1.36e-04 2.09e-05] (3.14e-06, 2.81e-04)
INFO:root:[59,   232] loss: 2.220597e-03 masks: 22.7 17.0 [wd: 5.22e-02] [lr: 9.96e-04] [mem: 5.66e+03] (175.2 ms)
INFO:root:[59,   232] grad_stats: [2.77e-04 2.03e-05] (3.67e-06, 2.92e-04)
INFO:root:avg. loss 2.22059746e-03
INFO:root:time taken for epoch 0:00:54.154255
INFO:root:Epoch 60
INFO:root:[60,     0] loss: 1.982966e-03 masks: 19.0 20.0 [wd: 5.22e-02] [lr: 9.96e-04] [mem: 5.66e+03] (167.8 ms)
INFO:root:[60,     0] grad_stats: [1.42e-04 1.58e-05] (2.73e-06, 1.82e-04)
INFO:root:[60,   116] loss: 2.272690e-03 masks: 21.2 17.5 [wd: 5.24e-02] [lr: 9.96e-04] [mem: 5.66e+03] (171.3 ms)
INFO:root:[60,   116] grad_stats: [1.32e-04 1.85e-05] (2.76e-06, 2.09e-04)
INFO:root:[60,   232] loss: 2.310477e-03 masks: 21.4 17.3 [wd: 5.26e-02] [lr: 9.95e-04] [mem: 5.66e+03] (171.9 ms)
INFO:root:[60,   232] grad_stats: [2.26e-04 4.31e-05] (5.25e-06, 4.74e-04)
INFO:root:avg. loss 2.31047743e-03
INFO:root:time taken for epoch 0:00:53.648381
INFO:root:Epoch 61
INFO:root:[61,     0] loss: 2.117772e-03 masks: 17.0 20.0 [wd: 5.26e-02] [lr: 9.95e-04] [mem: 5.66e+03] (161.5 ms)
INFO:root:[61,     0] grad_stats: [2.14e-04 1.96e-05] (2.95e-06, 2.69e-04)
INFO:root:[61,   116] loss: 2.335485e-03 masks: 21.5 17.4 [wd: 5.29e-02] [lr: 9.95e-04] [mem: 5.66e+03] (171.9 ms)
INFO:root:[61,   116] grad_stats: [3.33e-04 3.53e-05] (4.81e-06, 4.50e-04)
INFO:root:[61,   232] loss: 2.348883e-03 masks: 21.2 17.4 [wd: 5.31e-02] [lr: 9.95e-04] [mem: 5.66e+03] (171.7 ms)
INFO:root:[61,   232] grad_stats: [1.37e-04 3.47e-05] (4.27e-06, 2.37e-04)
INFO:root:avg. loss 2.34888257e-03
INFO:root:time taken for epoch 0:00:53.581354
INFO:root:Epoch 62
INFO:root:[62,     0] loss: 2.133853e-03 masks: 17.0 20.0 [wd: 5.31e-02] [lr: 9.95e-04] [mem: 5.66e+03] (160.1 ms)
INFO:root:[62,     0] grad_stats: [1.04e-04 2.88e-05] (3.17e-06, 1.53e-04)
INFO:root:[62,   116] loss: 2.309085e-03 masks: 22.0 17.5 [wd: 5.33e-02] [lr: 9.95e-04] [mem: 5.66e+03] (173.4 ms)
INFO:root:[62,   116] grad_stats: [1.42e-04 1.59e-05] (3.21e-06, 2.54e-04)
INFO:root:[62,   232] loss: 2.352566e-03 masks: 21.8 17.4 [wd: 5.35e-02] [lr: 9.94e-04] [mem: 5.66e+03] (173.2 ms)
INFO:root:[62,   232] grad_stats: [9.25e-05 1.42e-05] (2.05e-06, 1.25e-04)
INFO:root:avg. loss 2.35256628e-03
INFO:root:time taken for epoch 0:00:53.930477
INFO:root:Epoch 63
INFO:root:[63,     0] loss: 2.345593e-03 masks: 23.0 16.0 [wd: 5.35e-02] [lr: 9.94e-04] [mem: 5.66e+03] (171.5 ms)
INFO:root:[63,     0] grad_stats: [1.01e-04 1.96e-05] (2.51e-06, 1.12e-04)
INFO:root:[63,   116] loss: 2.394807e-03 masks: 21.9 17.3 [wd: 5.37e-02] [lr: 9.94e-04] [mem: 5.66e+03] (173.0 ms)
INFO:root:[63,   116] grad_stats: [1.87e-04 2.16e-05] (2.59e-06, 1.87e-04)
INFO:root:[63,   232] loss: 2.436512e-03 masks: 21.6 17.3 [wd: 5.39e-02] [lr: 9.94e-04] [mem: 5.66e+03] (172.7 ms)
INFO:root:[63,   232] grad_stats: [1.60e-04 2.92e-05] (4.61e-06, 3.57e-04)
INFO:root:avg. loss 2.43651190e-03
INFO:root:time taken for epoch 0:00:53.813817
INFO:root:Epoch 64
INFO:root:[64,     0] loss: 2.261068e-03 masks: 25.0 16.0 [wd: 5.39e-02] [lr: 9.94e-04] [mem: 5.66e+03] (178.7 ms)
INFO:root:[64,     0] grad_stats: [3.11e-04 3.02e-05] (3.60e-06, 3.11e-04)
INFO:root:[64,   116] loss: 2.485141e-03 masks: 22.1 17.2 [wd: 5.41e-02] [lr: 9.94e-04] [mem: 5.66e+03] (173.4 ms)
INFO:root:[64,   116] grad_stats: [1.62e-04 2.88e-05] (3.02e-06, 1.62e-04)
INFO:root:[64,   232] loss: 2.508537e-03 masks: 21.6 17.4 [wd: 5.44e-02] [lr: 9.93e-04] [mem: 5.66e+03] (172.7 ms)
INFO:root:[64,   232] grad_stats: [1.36e-04 2.77e-05] (4.12e-06, 2.51e-04)
INFO:root:avg. loss 2.50853735e-03
INFO:root:time taken for epoch 0:00:53.886462
INFO:root:Epoch 65
INFO:root:[65,     0] loss: 2.471197e-03 masks: 17.0 20.0 [wd: 5.44e-02] [lr: 9.93e-04] [mem: 5.66e+03] (161.7 ms)
INFO:root:[65,     0] grad_stats: [2.21e-04 2.04e-05] (2.50e-06, 2.23e-04)
INFO:root:[65,   116] loss: 2.524737e-03 masks: 21.8 17.3 [wd: 5.46e-02] [lr: 9.93e-04] [mem: 5.66e+03] (172.7 ms)
INFO:root:[65,   116] grad_stats: [1.55e-04 2.06e-05] (3.74e-06, 2.70e-04)
INFO:root:[65,   232] loss: 2.539256e-03 masks: 22.0 17.3 [wd: 5.48e-02] [lr: 9.93e-04] [mem: 5.66e+03] (173.8 ms)
INFO:root:[65,   232] grad_stats: [9.86e-05 2.39e-05] (3.43e-06, 1.89e-04)
INFO:root:avg. loss 2.53925602e-03
INFO:root:time taken for epoch 0:00:54.173974
INFO:root:Epoch 66
INFO:root:[66,     0] loss: 2.744822e-03 masks: 35.0 12.0 [wd: 5.48e-02] [lr: 9.93e-04] [mem: 5.66e+03] (199.4 ms)
INFO:root:[66,     0] grad_stats: [1.17e-04 2.30e-05] (3.76e-06, 1.96e-04)
INFO:root:[66,   116] loss: 2.605799e-03 masks: 22.6 16.9 [wd: 5.50e-02] [lr: 9.92e-04] [mem: 5.66e+03] (174.4 ms)
INFO:root:[66,   116] grad_stats: [2.57e-04 4.60e-05] (4.72e-06, 3.21e-04)
INFO:root:[66,   232] loss: 2.619752e-03 masks: 22.4 17.0 [wd: 5.53e-02] [lr: 9.92e-04] [mem: 5.66e+03] (174.4 ms)
INFO:root:[66,   232] grad_stats: [2.20e-04 1.86e-05] (2.90e-06, 2.21e-04)
INFO:root:avg. loss 2.61975232e-03
INFO:root:time taken for epoch 0:00:54.180393
INFO:root:Epoch 67
INFO:root:[67,     0] loss: 3.181547e-03 masks: 17.0 16.0 [wd: 5.53e-02] [lr: 9.92e-04] [mem: 5.66e+03] (155.8 ms)
INFO:root:[67,     0] grad_stats: [1.78e-04 1.87e-05] (2.30e-06, 2.61e-04)
INFO:root:[67,   116] loss: 2.672077e-03 masks: 22.1 17.2 [wd: 5.55e-02] [lr: 9.92e-04] [mem: 5.66e+03] (173.5 ms)
INFO:root:[67,   116] grad_stats: [1.20e-04 1.81e-05] (2.59e-06, 1.47e-04)
INFO:root:[67,   232] loss: 2.685198e-03 masks: 22.0 17.2 [wd: 5.57e-02] [lr: 9.92e-04] [mem: 5.66e+03] (173.6 ms)
INFO:root:[67,   232] grad_stats: [8.51e-05 2.40e-05] (2.38e-06, 1.30e-04)
INFO:root:avg. loss 2.68519847e-03
INFO:root:time taken for epoch 0:00:54.009793
INFO:root:Epoch 68
INFO:root:[68,     0] loss: 2.687557e-03 masks: 21.0 16.0 [wd: 5.57e-02] [lr: 9.92e-04] [mem: 5.66e+03] (168.3 ms)
INFO:root:[68,     0] grad_stats: [2.47e-04 3.96e-05] (4.26e-06, 2.84e-04)
INFO:root:[68,   116] loss: 2.692407e-03 masks: 21.4 17.5 [wd: 5.59e-02] [lr: 9.91e-04] [mem: 5.66e+03] (171.8 ms)
INFO:root:[68,   116] grad_stats: [2.04e-04 3.01e-05] (5.14e-06, 4.21e-04)
INFO:root:[68,   232] loss: 2.695221e-03 masks: 21.6 17.4 [wd: 5.62e-02] [lr: 9.91e-04] [mem: 5.66e+03] (172.9 ms)
INFO:root:[68,   232] grad_stats: [1.41e-04 1.71e-05] (3.13e-06, 2.81e-04)
INFO:root:avg. loss 2.69522072e-03
INFO:root:time taken for epoch 0:00:53.746790
INFO:root:Epoch 69
INFO:root:[69,     0] loss: 2.148389e-03 masks: 23.0 20.0 [wd: 5.62e-02] [lr: 9.91e-04] [mem: 5.66e+03] (179.6 ms)
INFO:root:[69,     0] grad_stats: [1.16e-04 1.62e-05] (2.30e-06, 2.20e-04)
INFO:root:[69,   116] loss: 2.735980e-03 masks: 22.0 17.3 [wd: 5.64e-02] [lr: 9.91e-04] [mem: 5.66e+03] (173.5 ms)
INFO:root:[69,   116] grad_stats: [1.07e-04 2.21e-05] (3.30e-06, 1.34e-04)
INFO:root:[69,   232] loss: 2.779588e-03 masks: 22.4 17.1 [wd: 5.67e-02] [lr: 9.90e-04] [mem: 5.66e+03] (174.7 ms)
INFO:root:[69,   232] grad_stats: [9.81e-05 1.26e-05] (1.92e-06, 1.74e-04)
INFO:root:avg. loss 2.77958819e-03
INFO:root:time taken for epoch 0:00:54.194696
INFO:root:Epoch 70
INFO:root:[70,     0] loss: 2.654078e-03 masks: 14.0 20.0 [wd: 5.67e-02] [lr: 9.90e-04] [mem: 5.66e+03] (153.7 ms)
INFO:root:[70,     0] grad_stats: [1.17e-04 1.46e-05] (2.79e-06, 1.63e-04)
INFO:root:[70,   116] loss: 2.826008e-03 masks: 21.3 17.4 [wd: 5.69e-02] [lr: 9.90e-04] [mem: 5.66e+03] (171.7 ms)
INFO:root:[70,   116] grad_stats: [1.24e-04 1.37e-05] (2.78e-06, 2.55e-04)
INFO:root:[70,   232] loss: 2.826958e-03 masks: 21.3 17.6 [wd: 5.71e-02] [lr: 9.90e-04] [mem: 5.66e+03] (172.3 ms)
INFO:root:[70,   232] grad_stats: [1.86e-04 3.53e-05] (3.55e-06, 2.01e-04)
INFO:root:avg. loss 2.82695836e-03
INFO:root:time taken for epoch 0:00:53.673815
INFO:root:Epoch 71
INFO:root:[71,     0] loss: 3.030238e-03 masks: 23.0 16.0 [wd: 5.71e-02] [lr: 9.90e-04] [mem: 5.66e+03] (171.8 ms)
INFO:root:[71,     0] grad_stats: [2.05e-04 1.67e-05] (3.29e-06, 3.03e-04)
INFO:root:[71,   116] loss: 2.904878e-03 masks: 22.1 17.2 [wd: 5.74e-02] [lr: 9.89e-04] [mem: 5.66e+03] (173.6 ms)
INFO:root:[71,   116] grad_stats: [2.20e-04 3.66e-05] (5.02e-06, 3.31e-04)
INFO:root:[71,   232] loss: 2.874684e-03 masks: 21.7 17.5 [wd: 5.76e-02] [lr: 9.89e-04] [mem: 5.66e+03] (173.5 ms)
INFO:root:[71,   232] grad_stats: [2.45e-04 2.15e-05] (3.80e-06, 2.71e-04)
INFO:root:avg. loss 2.87468359e-03
INFO:root:time taken for epoch 0:00:53.960563
INFO:root:Epoch 72
INFO:root:[72,     0] loss: 2.385907e-03 masks: 23.0 16.0 [wd: 5.76e-02] [lr: 9.89e-04] [mem: 5.66e+03] (171.7 ms)
INFO:root:[72,     0] grad_stats: [1.96e-04 2.22e-05] (3.56e-06, 3.02e-04)
INFO:root:[72,   116] loss: 2.915611e-03 masks: 21.2 17.7 [wd: 5.79e-02] [lr: 9.88e-04] [mem: 5.66e+03] (171.9 ms)
INFO:root:[72,   116] grad_stats: [5.07e-04 4.68e-05] (7.39e-06, 7.33e-04)
INFO:root:[72,   232] loss: 2.989999e-03 masks: 21.8 17.3 [wd: 5.81e-02] [lr: 9.88e-04] [mem: 5.66e+03] (173.5 ms)
INFO:root:[72,   232] grad_stats: [1.43e-04 3.00e-05] (5.17e-06, 2.34e-04)
INFO:root:avg. loss 2.98999921e-03
INFO:root:time taken for epoch 0:00:53.785118
INFO:root:Epoch 73
INFO:root:[73,     0] loss: 3.217619e-03 masks: 25.0 16.0 [wd: 5.81e-02] [lr: 9.88e-04] [mem: 5.66e+03] (178.4 ms)
INFO:root:[73,     0] grad_stats: [1.06e-04 2.10e-05] (2.82e-06, 3.22e-04)
INFO:root:[73,   116] loss: 3.039058e-03 masks: 22.4 17.0 [wd: 5.84e-02] [lr: 9.88e-04] [mem: 5.66e+03] (174.0 ms)
INFO:root:[73,   116] grad_stats: [1.32e-04 1.96e-05] (3.09e-06, 2.16e-04)
INFO:root:[73,   232] loss: 3.090497e-03 masks: 22.3 17.0 [wd: 5.86e-02] [lr: 9.87e-04] [mem: 5.66e+03] (174.1 ms)
INFO:root:[73,   232] grad_stats: [2.01e-04 3.24e-05] (5.05e-06, 3.63e-04)
INFO:root:avg. loss 3.09049702e-03
INFO:root:time taken for epoch 0:00:54.158023
INFO:root:Epoch 74
INFO:root:[74,     0] loss: 2.742550e-03 masks: 18.0 20.0 [wd: 5.86e-02] [lr: 9.87e-04] [mem: 5.66e+03] (165.7 ms)
INFO:root:[74,     0] grad_stats: [1.16e-04 1.67e-05] (3.24e-06, 1.89e-04)
INFO:root:[74,   116] loss: 3.069807e-03 masks: 23.2 16.9 [wd: 5.89e-02] [lr: 9.87e-04] [mem: 5.66e+03] (176.1 ms)
INFO:root:[74,   116] grad_stats: [2.67e-04 2.04e-05] (3.39e-06, 3.04e-04)
INFO:root:[74,   232] loss: 3.101910e-03 masks: 22.4 17.0 [wd: 5.91e-02] [lr: 9.87e-04] [mem: 5.66e+03] (174.7 ms)
INFO:root:[74,   232] grad_stats: [4.40e-04 2.99e-05] (5.27e-06, 4.40e-04)
INFO:root:avg. loss 3.10190995e-03
INFO:root:time taken for epoch 0:00:54.244226
INFO:root:Epoch 75
INFO:root:[75,     0] loss: 3.010249e-03 masks: 26.0 16.0 [wd: 5.91e-02] [lr: 9.87e-04] [mem: 5.66e+03] (181.8 ms)
INFO:root:[75,     0] grad_stats: [1.15e-04 2.15e-05] (3.72e-06, 2.87e-04)
INFO:root:[75,   116] loss: 3.094227e-03 masks: 21.4 17.5 [wd: 5.94e-02] [lr: 9.86e-04] [mem: 5.66e+03] (172.1 ms)
INFO:root:[75,   116] grad_stats: [3.60e-04 2.16e-05] (3.95e-06, 3.86e-04)
INFO:root:[75,   232] loss: 3.121164e-03 masks: 22.2 17.3 [wd: 5.96e-02] [lr: 9.86e-04] [mem: 5.66e+03] (174.5 ms)
INFO:root:[75,   232] grad_stats: [1.24e-04 2.64e-05] (4.58e-06, 3.55e-04)
INFO:root:avg. loss 3.12116384e-03
INFO:root:time taken for epoch 0:00:54.231805
INFO:root:Epoch 76
INFO:root:[76,     0] loss: 2.846424e-03 masks: 20.0 20.0 [wd: 5.96e-02] [lr: 9.86e-04] [mem: 5.66e+03] (171.8 ms)
INFO:root:[76,     0] grad_stats: [1.41e-04 2.36e-05] (4.24e-06, 3.39e-04)
INFO:root:[76,   116] loss: 3.213706e-03 masks: 21.4 17.5 [wd: 5.99e-02] [lr: 9.85e-04] [mem: 5.66e+03] (171.8 ms)
INFO:root:[76,   116] grad_stats: [1.05e-04 1.99e-05] (3.12e-06, 1.99e-04)
INFO:root:[76,   232] loss: 3.216614e-03 masks: 21.5 17.5 [wd: 6.01e-02] [lr: 9.85e-04] [mem: 5.66e+03] (172.7 ms)
INFO:root:[76,   232] grad_stats: [1.70e-04 3.17e-05] (4.56e-06, 4.96e-04)
INFO:root:avg. loss 3.21661430e-03
INFO:root:time taken for epoch 0:00:53.815686
INFO:root:Epoch 77
INFO:root:[77,     0] loss: 3.265510e-03 masks: 25.0 16.0 [wd: 6.01e-02] [lr: 9.85e-04] [mem: 5.66e+03] (178.3 ms)
INFO:root:[77,     0] grad_stats: [2.15e-04 3.84e-05] (5.70e-06, 4.82e-04)
INFO:root:[77,   116] loss: 3.317821e-03 masks: 23.2 16.8 [wd: 6.04e-02] [lr: 9.85e-04] [mem: 5.66e+03] (176.1 ms)
INFO:root:[77,   116] grad_stats: [1.55e-04 1.85e-05] (2.79e-06, 2.01e-04)
INFO:root:[77,   232] loss: 3.328321e-03 masks: 22.2 17.1 [wd: 6.07e-02] [lr: 9.84e-04] [mem: 5.66e+03] (174.3 ms)
INFO:root:[77,   232] grad_stats: [1.13e-04 2.31e-05] (3.64e-06, 2.33e-04)
INFO:root:avg. loss 3.32832132e-03
INFO:root:time taken for epoch 0:00:54.149292
INFO:root:Epoch 78
INFO:root:[78,     0] loss: 2.913493e-03 masks: 16.0 20.0 [wd: 6.07e-02] [lr: 9.84e-04] [mem: 5.66e+03] (157.0 ms)
INFO:root:[78,     0] grad_stats: [8.74e-05 1.85e-05] (3.18e-06, 2.53e-04)
INFO:root:[78,   116] loss: 3.324062e-03 masks: 21.8 17.4 [wd: 6.09e-02] [lr: 9.84e-04] [mem: 5.66e+03] (173.1 ms)
INFO:root:[78,   116] grad_stats: [2.58e-04 3.37e-05] (5.56e-06, 4.56e-04)
INFO:root:[78,   232] loss: 3.365058e-03 masks: 21.8 17.3 [wd: 6.12e-02] [lr: 9.83e-04] [mem: 5.66e+03] (173.3 ms)
INFO:root:[78,   232] grad_stats: [1.84e-04 2.15e-05] (3.12e-06, 2.82e-04)
INFO:root:avg. loss 3.36505838e-03
INFO:root:time taken for epoch 0:00:53.914926
INFO:root:Epoch 79
INFO:root:[79,     0] loss: 4.131344e-03 masks: 21.0 16.0 [wd: 6.12e-02] [lr: 9.83e-04] [mem: 5.66e+03] (168.2 ms)
INFO:root:[79,     0] grad_stats: [2.34e-04 3.02e-05] (4.46e-06, 3.33e-04)
INFO:root:[79,   116] loss: 3.409049e-03 masks: 22.1 17.4 [wd: 6.15e-02] [lr: 9.83e-04] [mem: 5.66e+03] (173.7 ms)
INFO:root:[79,   116] grad_stats: [1.73e-04 1.88e-05] (3.30e-06, 3.44e-04)
INFO:root:[79,   232] loss: 3.446470e-03 masks: 22.0 17.2 [wd: 6.17e-02] [lr: 9.82e-04] [mem: 5.66e+03] (173.8 ms)
INFO:root:[79,   232] grad_stats: [2.16e-04 2.70e-05] (4.70e-06, 2.95e-04)
INFO:root:avg. loss 3.44646983e-03
INFO:root:time taken for epoch 0:00:54.063402
INFO:root:Epoch 80
INFO:root:[80,     0] loss: 3.447046e-03 masks: 15.0 20.0 [wd: 6.17e-02] [lr: 9.82e-04] [mem: 5.66e+03] (157.3 ms)
INFO:root:[80,     0] grad_stats: [2.06e-04 2.18e-05] (3.92e-06, 3.22e-04)
INFO:root:[80,   116] loss: 3.479133e-03 masks: 22.0 17.2 [wd: 6.20e-02] [lr: 9.82e-04] [mem: 5.66e+03] (173.0 ms)
INFO:root:[80,   116] grad_stats: [1.53e-04 2.73e-05] (3.33e-06, 2.71e-04)
INFO:root:[80,   232] loss: 3.494647e-03 masks: 21.7 17.3 [wd: 6.23e-02] [lr: 9.81e-04] [mem: 5.66e+03] (173.1 ms)
INFO:root:[80,   232] grad_stats: [3.29e-04 2.79e-05] (4.61e-06, 4.70e-04)
INFO:root:avg. loss 3.49464665e-03
INFO:root:time taken for epoch 0:00:53.768817
INFO:root:Epoch 81
INFO:root:[81,     0] loss: 4.178999e-03 masks: 17.0 16.0 [wd: 6.23e-02] [lr: 9.81e-04] [mem: 5.66e+03] (158.2 ms)
INFO:root:[81,     0] grad_stats: [1.39e-04 2.52e-05] (4.18e-06, 2.97e-04)
INFO:root:[81,   116] loss: 3.550701e-03 masks: 22.0 17.2 [wd: 6.25e-02] [lr: 9.81e-04] [mem: 5.66e+03] (173.3 ms)
INFO:root:[81,   116] grad_stats: [3.48e-04 2.27e-05] (4.58e-06, 3.48e-04)
INFO:root:[81,   232] loss: 3.565805e-03 masks: 22.0 17.2 [wd: 6.28e-02] [lr: 9.81e-04] [mem: 5.66e+03] (173.9 ms)
INFO:root:[81,   232] grad_stats: [9.66e-05 1.99e-05] (3.65e-06, 2.45e-04)
INFO:root:avg. loss 3.56580460e-03
INFO:root:time taken for epoch 0:00:54.069373
INFO:root:Epoch 82
INFO:root:[82,     0] loss: 3.730613e-03 masks: 23.0 16.0 [wd: 6.28e-02] [lr: 9.81e-04] [mem: 5.66e+03] (171.9 ms)
INFO:root:[82,     0] grad_stats: [2.34e-04 1.89e-05] (3.47e-06, 2.34e-04)
INFO:root:[82,   116] loss: 3.534442e-03 masks: 21.3 17.7 [wd: 6.31e-02] [lr: 9.80e-04] [mem: 5.66e+03] (172.1 ms)
INFO:root:[82,   116] grad_stats: [1.13e-04 1.77e-05] (2.55e-06, 2.08e-04)
INFO:root:[82,   232] loss: 3.540730e-03 masks: 21.6 17.5 [wd: 6.34e-02] [lr: 9.80e-04] [mem: 5.66e+03] (173.2 ms)
INFO:root:[82,   232] grad_stats: [2.06e-04 2.40e-05] (4.31e-06, 4.26e-04)
INFO:root:avg. loss 3.54072994e-03
INFO:root:time taken for epoch 0:00:53.753002
INFO:root:Epoch 83
INFO:root:[83,     0] loss: 3.331078e-03 masks: 18.0 20.0 [wd: 6.34e-02] [lr: 9.80e-04] [mem: 5.66e+03] (165.4 ms)
INFO:root:[83,     0] grad_stats: [1.18e-04 1.77e-05] (2.51e-06, 2.34e-04)
INFO:root:[83,   116] loss: 3.587926e-03 masks: 22.9 16.8 [wd: 6.36e-02] [lr: 9.79e-04] [mem: 5.66e+03] (175.2 ms)
INFO:root:[83,   116] grad_stats: [1.44e-04 2.25e-05] (3.90e-06, 2.54e-04)
INFO:root:[83,   232] loss: 3.618093e-03 masks: 22.3 17.0 [wd: 6.39e-02] [lr: 9.79e-04] [mem: 5.66e+03] (174.3 ms)
INFO:root:[83,   232] grad_stats: [1.39e-04 1.88e-05] (3.95e-06, 2.51e-04)
INFO:root:avg. loss 3.61809316e-03
INFO:root:time taken for epoch 0:00:54.202442
INFO:root:Epoch 84
INFO:root:[84,     0] loss: 3.160276e-03 masks: 18.0 20.0 [wd: 6.39e-02] [lr: 9.79e-04] [mem: 5.66e+03] (166.8 ms)
INFO:root:[84,     0] grad_stats: [1.16e-04 1.95e-05] (3.02e-06, 2.13e-04)
INFO:root:[84,   116] loss: 3.686943e-03 masks: 20.8 17.5 [wd: 6.42e-02] [lr: 9.78e-04] [mem: 5.66e+03] (170.5 ms)
INFO:root:[84,   116] grad_stats: [1.91e-04 1.86e-05] (3.94e-06, 2.42e-04)
INFO:root:[84,   232] loss: 3.690741e-03 masks: 21.3 17.4 [wd: 6.45e-02] [lr: 9.78e-04] [mem: 5.66e+03] (172.1 ms)
INFO:root:[84,   232] grad_stats: [1.30e-04 2.94e-05] (4.33e-06, 3.10e-04)
INFO:root:avg. loss 3.69074067e-03
INFO:root:time taken for epoch 0:00:53.664309
INFO:root:Epoch 85
INFO:root:[85,     0] loss: 3.305502e-03 masks: 20.0 20.0 [wd: 6.45e-02] [lr: 9.78e-04] [mem: 5.66e+03] (169.6 ms)
INFO:root:[85,     0] grad_stats: [1.29e-04 2.03e-05] (3.83e-06, 2.93e-04)
INFO:root:[85,   116] loss: 3.689961e-03 masks: 22.5 17.2 [wd: 6.48e-02] [lr: 9.77e-04] [mem: 5.66e+03] (174.5 ms)
INFO:root:[85,   116] grad_stats: [3.10e-04 2.21e-05] (4.18e-06, 3.25e-04)
INFO:root:[85,   232] loss: 3.709102e-03 masks: 22.0 17.4 [wd: 6.51e-02] [lr: 9.77e-04] [mem: 5.66e+03] (174.0 ms)
INFO:root:[85,   232] grad_stats: [2.14e-04 1.61e-05] (3.20e-06, 2.17e-04)
INFO:root:avg. loss 3.70910200e-03
INFO:root:time taken for epoch 0:00:53.994860
INFO:root:Epoch 86
INFO:root:[86,     0] loss: 3.952272e-03 masks: 23.0 16.0 [wd: 6.51e-02] [lr: 9.77e-04] [mem: 5.66e+03] (172.0 ms)
INFO:root:[86,     0] grad_stats: [3.18e-04 2.89e-05] (6.68e-06, 4.89e-04)
INFO:root:[86,   116] loss: 3.759114e-03 masks: 21.8 17.5 [wd: 6.54e-02] [lr: 9.76e-04] [mem: 5.66e+03] (173.2 ms)
INFO:root:[86,   116] grad_stats: [1.73e-04 2.70e-05] (4.55e-06, 2.85e-04)
INFO:root:[86,   232] loss: 3.777856e-03 masks: 22.2 17.3 [wd: 6.56e-02] [lr: 9.76e-04] [mem: 5.66e+03] (174.5 ms)
INFO:root:[86,   232] grad_stats: [1.89e-04 2.49e-05] (5.86e-06, 5.91e-04)
INFO:root:avg. loss 3.77785615e-03
INFO:root:time taken for epoch 0:00:54.185778
INFO:root:Epoch 87
INFO:root:[87,     0] loss: 3.588744e-03 masks: 25.0 16.0 [wd: 6.56e-02] [lr: 9.76e-04] [mem: 5.66e+03] (178.7 ms)
INFO:root:[87,     0] grad_stats: [2.37e-04 1.98e-05] (4.36e-06, 3.34e-04)
INFO:root:[87,   116] loss: 3.801682e-03 masks: 21.7 17.6 [wd: 6.59e-02] [lr: 9.75e-04] [mem: 5.66e+03] (173.3 ms)
INFO:root:[87,   116] grad_stats: [1.30e-04 1.65e-05] (3.44e-06, 1.91e-04)
INFO:root:[87,   232] loss: 3.794203e-03 masks: 22.0 17.4 [wd: 6.62e-02] [lr: 9.74e-04] [mem: 5.66e+03] (174.4 ms)
INFO:root:[87,   232] grad_stats: [2.20e-04 2.89e-05] (6.27e-06, 3.09e-04)
INFO:root:avg. loss 3.79420299e-03
INFO:root:time taken for epoch 0:00:54.206272
INFO:root:Epoch 88
INFO:root:[88,     0] loss: 4.270341e-03 masks: 11.0 20.0 [wd: 6.62e-02] [lr: 9.74e-04] [mem: 5.66e+03] (144.3 ms)
INFO:root:[88,     0] grad_stats: [1.07e-04 1.96e-05] (3.59e-06, 1.72e-04)
INFO:root:[88,   116] loss: 3.861807e-03 masks: 21.9 17.4 [wd: 6.65e-02] [lr: 9.74e-04] [mem: 5.66e+03] (173.3 ms)
INFO:root:[88,   116] grad_stats: [2.12e-04 2.89e-05] (5.58e-06, 4.28e-04)
INFO:root:[88,   232] loss: 3.906046e-03 masks: 21.9 17.3 [wd: 6.68e-02] [lr: 9.73e-04] [mem: 5.66e+03] (173.7 ms)
INFO:root:[88,   232] grad_stats: [1.04e-04 2.19e-05] (3.39e-06, 1.72e-04)
INFO:root:avg. loss 3.90604625e-03
INFO:root:time taken for epoch 0:00:53.955426
INFO:root:Epoch 89
INFO:root:[89,     0] loss: 3.258157e-03 masks: 19.0 20.0 [wd: 6.68e-02] [lr: 9.73e-04] [mem: 5.66e+03] (168.0 ms)
INFO:root:[89,     0] grad_stats: [8.24e-05 1.45e-05] (2.89e-06, 1.95e-04)
INFO:root:[89,   116] loss: 3.866003e-03 masks: 22.7 17.3 [wd: 6.71e-02] [lr: 9.73e-04] [mem: 5.66e+03] (175.5 ms)
INFO:root:[89,   116] grad_stats: [1.89e-04 2.03e-05] (4.50e-06, 2.73e-04)
INFO:root:[89,   232] loss: 3.930210e-03 masks: 21.9 17.4 [wd: 6.74e-02] [lr: 9.72e-04] [mem: 5.66e+03] (173.8 ms)
INFO:root:[89,   232] grad_stats: [2.58e-04 1.74e-05] (4.00e-06, 3.25e-04)
INFO:root:avg. loss 3.93021048e-03
INFO:root:time taken for epoch 0:00:54.013750
INFO:root:Epoch 90
INFO:root:[90,     0] loss: 3.625637e-03 masks: 17.0 20.0 [wd: 6.74e-02] [lr: 9.72e-04] [mem: 5.66e+03] (160.7 ms)
INFO:root:[90,     0] grad_stats: [8.36e-05 2.16e-05] (3.70e-06, 1.38e-04)
INFO:root:[90,   116] loss: 3.903448e-03 masks: 21.7 17.5 [wd: 6.77e-02] [lr: 9.72e-04] [mem: 5.66e+03] (173.1 ms)
INFO:root:[90,   116] grad_stats: [1.29e-04 2.39e-05] (3.72e-06, 1.76e-04)
INFO:root:[90,   232] loss: 3.985203e-03 masks: 21.7 17.4 [wd: 6.80e-02] [lr: 9.71e-04] [mem: 5.66e+03] (173.1 ms)
INFO:root:[90,   232] grad_stats: [1.11e-04 1.71e-05] (2.87e-06, 1.35e-04)
INFO:root:avg. loss 3.98520297e-03
INFO:root:time taken for epoch 0:00:53.891036
INFO:root:Epoch 91
INFO:root:[91,     0] loss: 4.042421e-03 masks: 25.0 16.0 [wd: 6.80e-02] [lr: 9.71e-04] [mem: 5.66e+03] (178.1 ms)
INFO:root:[91,     0] grad_stats: [1.94e-04 2.18e-05] (4.28e-06, 3.36e-04)
INFO:root:[91,   116] loss: 3.916452e-03 masks: 22.2 17.6 [wd: 6.83e-02] [lr: 9.71e-04] [mem: 5.66e+03] (174.4 ms)
INFO:root:[91,   116] grad_stats: [1.07e-04 1.73e-05] (3.36e-06, 2.17e-04)
INFO:root:[91,   232] loss: 3.981807e-03 masks: 22.2 17.4 [wd: 6.86e-02] [lr: 9.70e-04] [mem: 5.66e+03] (174.8 ms)
INFO:root:[91,   232] grad_stats: [1.42e-04 1.97e-05] (4.18e-06, 5.13e-04)
INFO:root:avg. loss 3.98180712e-03
INFO:root:time taken for epoch 0:00:55.151173
INFO:root:Epoch 92
INFO:root:[92,     0] loss: 4.342614e-03 masks: 13.0 20.0 [wd: 6.86e-02] [lr: 9.70e-04] [mem: 5.66e+03] (151.4 ms)
INFO:root:[92,     0] grad_stats: [1.26e-04 2.77e-05] (5.19e-06, 5.24e-04)
INFO:root:[92,   116] loss: 4.058555e-03 masks: 22.4 17.1 [wd: 6.89e-02] [lr: 9.69e-04] [mem: 5.66e+03] (174.4 ms)
INFO:root:[92,   116] grad_stats: [2.01e-04 1.94e-05] (4.01e-06, 3.17e-04)
INFO:root:[92,   232] loss: 4.119830e-03 masks: 21.9 17.2 [wd: 6.92e-02] [lr: 9.69e-04] [mem: 5.66e+03] (173.6 ms)
INFO:root:[92,   232] grad_stats: [2.15e-04 2.01e-05] (3.92e-06, 3.36e-04)
INFO:root:avg. loss 4.11982973e-03
INFO:root:time taken for epoch 0:00:53.967676
INFO:root:Epoch 93
INFO:root:[93,     0] loss: 4.526096e-03 masks: 26.0 16.0 [wd: 6.92e-02] [lr: 9.69e-04] [mem: 5.66e+03] (183.4 ms)
INFO:root:[93,     0] grad_stats: [1.46e-04 2.43e-05] (4.72e-06, 5.23e-04)
INFO:root:[93,   116] loss: 4.191503e-03 masks: 22.2 17.0 [wd: 6.96e-02] [lr: 9.68e-04] [mem: 5.66e+03] (173.7 ms)
INFO:root:[93,   116] grad_stats: [2.31e-04 2.00e-05] (3.99e-06, 3.07e-04)
INFO:root:[93,   232] loss: 4.215915e-03 masks: 22.2 16.9 [wd: 6.99e-02] [lr: 9.68e-04] [mem: 5.66e+03] (174.1 ms)
INFO:root:[93,   232] grad_stats: [1.94e-04 2.05e-05] (3.88e-06, 3.55e-04)
INFO:root:avg. loss 4.21591455e-03
INFO:root:time taken for epoch 0:00:54.019311
INFO:root:Epoch 94
INFO:root:[94,     0] loss: 4.349005e-03 masks: 27.0 16.0 [wd: 6.99e-02] [lr: 9.68e-04] [mem: 5.66e+03] (185.6 ms)
INFO:root:[94,     0] grad_stats: [1.31e-04 2.40e-05] (4.75e-06, 4.76e-04)
INFO:root:[94,   116] loss: 4.245234e-03 masks: 22.2 17.1 [wd: 7.02e-02] [lr: 9.67e-04] [mem: 5.66e+03] (173.6 ms)
INFO:root:[94,   116] grad_stats: [5.34e-04 2.87e-05] (7.60e-06, 5.56e-04)
INFO:root:[94,   232] loss: 4.224796e-03 masks: 22.1 17.2 [wd: 7.05e-02] [lr: 9.66e-04] [mem: 5.66e+03] (174.1 ms)
INFO:root:[94,   232] grad_stats: [4.40e-04 2.10e-05] (4.59e-06, 4.40e-04)
INFO:root:avg. loss 4.22479647e-03
INFO:root:time taken for epoch 0:00:54.125282
INFO:root:Epoch 95
INFO:root:[95,     0] loss: 4.429362e-03 masks: 14.0 20.0 [wd: 7.05e-02] [lr: 9.66e-04] [mem: 5.66e+03] (153.3 ms)
INFO:root:[95,     0] grad_stats: [1.49e-04 1.66e-05] (3.13e-06, 1.95e-04)
INFO:root:[95,   116] loss: 4.233082e-03 masks: 22.7 17.1 [wd: 7.08e-02] [lr: 9.66e-04] [mem: 5.66e+03] (175.0 ms)
INFO:root:[95,   116] grad_stats: [1.65e-04 3.03e-05] (5.43e-06, 6.01e-04)
INFO:root:[95,   232] loss: 4.278121e-03 masks: 22.3 17.2 [wd: 7.11e-02] [lr: 9.65e-04] [mem: 5.66e+03] (174.7 ms)
INFO:root:[95,   232] grad_stats: [1.36e-04 1.66e-05] (3.85e-06, 1.99e-04)
INFO:root:avg. loss 4.27812122e-03
INFO:root:time taken for epoch 0:00:54.271016
INFO:root:Epoch 96
INFO:root:[96,     0] loss: 4.509374e-03 masks: 21.0 16.0 [wd: 7.11e-02] [lr: 9.65e-04] [mem: 5.66e+03] (167.7 ms)
INFO:root:[96,     0] grad_stats: [1.41e-04 1.58e-05] (3.56e-06, 2.07e-04)
INFO:root:[96,   116] loss: 4.295799e-03 masks: 23.0 16.9 [wd: 7.14e-02] [lr: 9.65e-04] [mem: 5.66e+03] (175.7 ms)
INFO:root:[96,   116] grad_stats: [1.58e-04 2.23e-05] (5.43e-06, 4.31e-04)
INFO:root:[96,   232] loss: 4.315476e-03 masks: 22.8 17.0 [wd: 7.18e-02] [lr: 9.64e-04] [mem: 5.66e+03] (175.7 ms)
INFO:root:[96,   232] grad_stats: [8.93e-05 2.89e-05] (3.61e-06, 2.52e-04)
INFO:root:avg. loss 4.31547590e-03
INFO:root:time taken for epoch 0:00:54.467662
INFO:root:Epoch 97
INFO:root:[97,     0] loss: 4.378463e-03 masks: 23.0 16.0 [wd: 7.18e-02] [lr: 9.64e-04] [mem: 5.66e+03] (169.2 ms)
INFO:root:[97,     0] grad_stats: [2.61e-04 2.38e-05] (4.15e-06, 3.97e-04)
INFO:root:[97,   116] loss: 4.343384e-03 masks: 21.3 17.5 [wd: 7.21e-02] [lr: 9.63e-04] [mem: 5.66e+03] (172.0 ms)
INFO:root:[97,   116] grad_stats: [2.26e-04 3.18e-05] (6.80e-06, 1.09e-03)
INFO:root:[97,   232] loss: 4.371731e-03 masks: 21.6 17.3 [wd: 7.24e-02] [lr: 9.63e-04] [mem: 5.66e+03] (172.9 ms)
INFO:root:[97,   232] grad_stats: [2.20e-04 3.04e-05] (6.40e-06, 5.38e-04)
INFO:root:avg. loss 4.37173070e-03
INFO:root:time taken for epoch 0:00:53.885242
INFO:root:Epoch 98
INFO:root:[98,     0] loss: 3.937681e-03 masks: 19.0 20.0 [wd: 7.24e-02] [lr: 9.63e-04] [mem: 5.66e+03] (165.9 ms)
INFO:root:[98,     0] grad_stats: [1.03e-04 1.78e-05] (3.45e-06, 3.78e-04)
INFO:root:[98,   116] loss: 4.377201e-03 masks: 22.4 17.2 [wd: 7.27e-02] [lr: 9.62e-04] [mem: 5.66e+03] (174.4 ms)
INFO:root:[98,   116] grad_stats: [1.35e-04 1.31e-05] (2.71e-06, 1.56e-04)
INFO:root:[98,   232] loss: 4.411400e-03 masks: 22.3 17.3 [wd: 7.31e-02] [lr: 9.61e-04] [mem: 5.66e+03] (174.7 ms)
INFO:root:[98,   232] grad_stats: [2.39e-04 2.15e-05] (4.60e-06, 4.95e-04)
INFO:root:avg. loss 4.41140022e-03
INFO:root:time taken for epoch 0:00:54.274991
INFO:root:Epoch 99
INFO:root:[99,     0] loss: 5.068612e-03 masks: 33.0 12.0 [wd: 7.31e-02] [lr: 9.61e-04] [mem: 5.66e+03] (193.6 ms)
INFO:root:[99,     0] grad_stats: [5.17e-04 3.44e-05] (7.45e-06, 7.97e-04)
INFO:root:[99,   116] loss: 4.482242e-03 masks: 22.7 17.1 [wd: 7.34e-02] [lr: 9.61e-04] [mem: 5.66e+03] (175.6 ms)
INFO:root:[99,   116] grad_stats: [3.16e-04 2.63e-05] (5.49e-06, 6.12e-04)
INFO:root:[99,   232] loss: 4.464288e-03 masks: 22.1 17.3 [wd: 7.37e-02] [lr: 9.60e-04] [mem: 5.66e+03] (174.4 ms)
INFO:root:[99,   232] grad_stats: [2.13e-04 1.77e-05] (3.99e-06, 2.39e-04)
INFO:root:avg. loss 4.46428796e-03
INFO:root:time taken for epoch 0:00:54.915492
INFO:root:Epoch 100
INFO:root:[100,     0] loss: 3.772540e-03 masks: 20.0 20.0 [wd: 7.37e-02] [lr: 9.60e-04] [mem: 5.66e+03] (170.8 ms)
INFO:root:[100,     0] grad_stats: [2.50e-04 2.03e-05] (3.91e-06, 3.41e-04)
INFO:root:[100,   116] loss: 4.538081e-03 masks: 21.7 17.2 [wd: 7.40e-02] [lr: 9.59e-04] [mem: 5.66e+03] (172.3 ms)
INFO:root:[100,   116] grad_stats: [2.81e-04 1.88e-05] (4.63e-06, 3.31e-04)
INFO:root:[100,   232] loss: 4.538456e-03 masks: 21.9 17.2 [wd: 7.44e-02] [lr: 9.59e-04] [mem: 5.66e+03] (173.3 ms)
INFO:root:[100,   232] grad_stats: [2.09e-04 2.52e-05] (5.48e-06, 3.46e-04)
INFO:root:avg. loss 4.53845587e-03
INFO:root:	Epoch 100, KNN accuracy train: 7.18455e-01, KNN accuracy train: 5.82333e-01
INFO:root:time taken for epoch 0:01:36.086454
INFO:root:Epoch 101
INFO:root:[101,     0] loss: 3.884080e-03 masks: 17.0 20.0 [wd: 7.44e-02] [lr: 9.59e-04] [mem: 5.66e+03] (161.4 ms)
INFO:root:[101,     0] grad_stats: [1.84e-04 1.80e-05] (4.85e-06, 3.31e-04)
INFO:root:[101,   116] loss: 4.459940e-03 masks: 22.8 17.2 [wd: 7.47e-02] [lr: 9.58e-04] [mem: 5.66e+03] (174.9 ms)
INFO:root:[101,   116] grad_stats: [1.98e-04 3.02e-05] (5.89e-06, 3.92e-04)
INFO:root:[101,   232] loss: 4.460555e-03 masks: 22.2 17.4 [wd: 7.50e-02] [lr: 9.57e-04] [mem: 5.66e+03] (174.1 ms)
INFO:root:[101,   232] grad_stats: [1.85e-04 1.66e-05] (2.87e-06, 3.33e-04)
INFO:root:avg. loss 4.46055458e-03
INFO:root:time taken for epoch 0:00:54.129469
INFO:root:Epoch 102
INFO:root:[102,     0] loss: 5.170772e-03 masks: 12.0 20.0 [wd: 7.50e-02] [lr: 9.57e-04] [mem: 5.66e+03] (149.6 ms)
INFO:root:[102,     0] grad_stats: [9.14e-05 2.86e-05] (5.02e-06, 3.22e-04)
INFO:root:[102,   116] loss: 4.540988e-03 masks: 22.0 17.3 [wd: 7.54e-02] [lr: 9.57e-04] [mem: 5.66e+03] (173.5 ms)
INFO:root:[102,   116] grad_stats: [1.03e-04 1.99e-05] (3.38e-06, 3.40e-04)
INFO:root:[102,   232] loss: 4.554180e-03 masks: 21.8 17.4 [wd: 7.57e-02] [lr: 9.56e-04] [mem: 5.66e+03] (173.5 ms)
INFO:root:[102,   232] grad_stats: [3.88e-04 2.13e-05] (4.11e-06, 3.88e-04)
INFO:root:avg. loss 4.55417956e-03
INFO:root:time taken for epoch 0:00:53.974436
INFO:root:Epoch 103
INFO:root:[103,     0] loss: 3.671427e-03 masks: 16.0 20.0 [wd: 7.57e-02] [lr: 9.56e-04] [mem: 5.66e+03] (159.7 ms)
INFO:root:[103,     0] grad_stats: [2.32e-04 2.29e-05] (4.84e-06, 4.43e-04)
INFO:root:[103,   116] loss: 4.672718e-03 masks: 23.0 16.9 [wd: 7.61e-02] [lr: 9.55e-04] [mem: 5.66e+03] (175.3 ms)
INFO:root:[103,   116] grad_stats: [3.17e-04 3.84e-05] (6.81e-06, 6.49e-04)
INFO:root:[103,   232] loss: 4.655501e-03 masks: 22.5 17.0 [wd: 7.64e-02] [lr: 9.54e-04] [mem: 5.66e+03] (174.9 ms)
INFO:root:[103,   232] grad_stats: [2.34e-04 2.46e-05] (4.90e-06, 4.41e-04)
INFO:root:avg. loss 4.65550080e-03
INFO:root:time taken for epoch 0:00:54.305413
INFO:root:Epoch 104
INFO:root:[104,     0] loss: 4.660847e-03 masks: 23.0 16.0 [wd: 7.64e-02] [lr: 9.54e-04] [mem: 5.66e+03] (169.3 ms)
INFO:root:[104,     0] grad_stats: [1.91e-04 2.57e-05] (5.04e-06, 5.35e-04)
INFO:root:[104,   116] loss: 4.687976e-03 masks: 21.3 17.4 [wd: 7.67e-02] [lr: 9.54e-04] [mem: 5.66e+03] (171.7 ms)
INFO:root:[104,   116] grad_stats: [1.15e-04 2.87e-05] (4.34e-06, 3.60e-04)
INFO:root:[104,   232] loss: 4.710572e-03 masks: 22.1 17.1 [wd: 7.71e-02] [lr: 9.53e-04] [mem: 5.66e+03] (173.9 ms)
INFO:root:[104,   232] grad_stats: [1.47e-04 1.81e-05] (4.05e-06, 3.32e-04)
INFO:root:avg. loss 4.71057222e-03
INFO:root:time taken for epoch 0:00:53.932602
INFO:root:Epoch 105
INFO:root:[105,     0] loss: 4.243943e-03 masks: 16.0 20.0 [wd: 7.71e-02] [lr: 9.53e-04] [mem: 5.66e+03] (157.6 ms)
INFO:root:[105,     0] grad_stats: [9.11e-05 2.41e-05] (5.07e-06, 2.86e-04)
INFO:root:[105,   116] loss: 4.708999e-03 masks: 21.4 17.4 [wd: 7.74e-02] [lr: 9.52e-04] [mem: 5.66e+03] (171.9 ms)
INFO:root:[105,   116] grad_stats: [2.40e-04 2.10e-05] (4.07e-06, 4.06e-04)
INFO:root:[105,   232] loss: 4.670856e-03 masks: 21.7 17.4 [wd: 7.78e-02] [lr: 9.52e-04] [mem: 5.66e+03] (173.3 ms)
INFO:root:[105,   232] grad_stats: [1.04e-04 1.94e-05] (4.57e-06, 2.57e-04)
INFO:root:avg. loss 4.67085609e-03
INFO:root:time taken for epoch 0:00:53.951342
INFO:root:Epoch 106
INFO:root:[106,     0] loss: 3.922175e-03 masks: 21.0 20.0 [wd: 7.78e-02] [lr: 9.52e-04] [mem: 5.66e+03] (173.2 ms)
INFO:root:[106,     0] grad_stats: [6.48e-05 1.53e-05] (3.28e-06, 2.47e-04)
INFO:root:[106,   116] loss: 4.747355e-03 masks: 21.4 17.4 [wd: 7.81e-02] [lr: 9.51e-04] [mem: 5.66e+03] (171.8 ms)
INFO:root:[106,   116] grad_stats: [2.07e-04 2.67e-05] (5.09e-06, 3.80e-04)
INFO:root:[106,   232] loss: 4.724439e-03 masks: 22.0 17.3 [wd: 7.85e-02] [lr: 9.50e-04] [mem: 5.66e+03] (173.9 ms)
INFO:root:[106,   232] grad_stats: [2.68e-04 3.88e-05] (6.18e-06, 3.91e-04)
INFO:root:avg. loss 4.72443895e-03
INFO:root:time taken for epoch 0:00:53.883780
INFO:root:Epoch 107
INFO:root:[107,     0] loss: 4.116853e-03 masks: 17.0 20.0 [wd: 7.85e-02] [lr: 9.50e-04] [mem: 5.66e+03] (162.3 ms)
INFO:root:[107,     0] grad_stats: [8.22e-05 1.87e-05] (4.00e-06, 2.77e-04)
INFO:root:[107,   116] loss: 4.703320e-03 masks: 21.7 17.4 [wd: 7.88e-02] [lr: 9.49e-04] [mem: 5.66e+03] (172.9 ms)
INFO:root:[107,   116] grad_stats: [2.01e-04 1.83e-05] (3.76e-06, 3.42e-04)
INFO:root:[107,   232] loss: 4.722524e-03 masks: 21.5 17.5 [wd: 7.92e-02] [lr: 9.49e-04] [mem: 5.66e+03] (173.0 ms)
INFO:root:[107,   232] grad_stats: [2.68e-04 2.20e-05] (5.27e-06, 4.05e-04)
INFO:root:avg. loss 4.72252380e-03
INFO:root:time taken for epoch 0:00:53.868596
INFO:root:Epoch 108
INFO:root:[108,     0] loss: 4.702525e-03 masks: 23.0 16.0 [wd: 7.92e-02] [lr: 9.49e-04] [mem: 5.66e+03] (171.9 ms)
INFO:root:[108,     0] grad_stats: [1.47e-04 1.92e-05] (4.62e-06, 3.91e-04)
INFO:root:[108,   116] loss: 4.729403e-03 masks: 22.1 17.3 [wd: 7.95e-02] [lr: 9.48e-04] [mem: 5.66e+03] (173.9 ms)
INFO:root:[108,   116] grad_stats: [1.11e-04 2.11e-05] (4.14e-06, 3.12e-04)
INFO:root:[108,   232] loss: 4.782237e-03 masks: 22.2 17.2 [wd: 7.99e-02] [lr: 9.47e-04] [mem: 5.66e+03] (174.3 ms)
INFO:root:[108,   232] grad_stats: [8.70e-05 1.93e-05] (5.35e-06, 4.01e-04)
INFO:root:avg. loss 4.78223721e-03
INFO:root:time taken for epoch 0:00:54.120692
INFO:root:Epoch 109
INFO:root:[109,     0] loss: 4.364851e-03 masks: 25.0 16.0 [wd: 7.99e-02] [lr: 9.47e-04] [mem: 5.66e+03] (178.2 ms)
INFO:root:[109,     0] grad_stats: [3.00e-04 2.19e-05] (5.63e-06, 3.18e-04)
INFO:root:[109,   116] loss: 4.839525e-03 masks: 20.5 17.7 [wd: 8.02e-02] [lr: 9.46e-04] [mem: 5.66e+03] (169.9 ms)
INFO:root:[109,   116] grad_stats: [1.85e-04 2.54e-05] (4.70e-06, 4.01e-04)
INFO:root:[109,   232] loss: 4.836364e-03 masks: 21.5 17.3 [wd: 8.06e-02] [lr: 9.46e-04] [mem: 5.66e+03] (172.7 ms)
INFO:root:[109,   232] grad_stats: [1.81e-04 2.57e-05] (5.32e-06, 4.64e-04)
INFO:root:avg. loss 4.83636431e-03
INFO:root:time taken for epoch 0:00:53.809635
INFO:root:Epoch 110
INFO:root:[110,     0] loss: 5.687617e-03 masks: 25.0 16.0 [wd: 8.06e-02] [lr: 9.46e-04] [mem: 5.66e+03] (178.9 ms)
INFO:root:[110,     0] grad_stats: [1.41e-04 2.58e-05] (5.02e-06, 3.90e-04)
INFO:root:[110,   116] loss: 4.897950e-03 masks: 22.1 17.2 [wd: 8.09e-02] [lr: 9.45e-04] [mem: 5.66e+03] (173.8 ms)
INFO:root:[110,   116] grad_stats: [2.22e-04 1.69e-05] (4.01e-06, 2.34e-04)
INFO:root:[110,   232] loss: 4.878091e-03 masks: 21.9 17.3 [wd: 8.13e-02] [lr: 9.44e-04] [mem: 5.66e+03] (173.8 ms)
INFO:root:[110,   232] grad_stats: [1.49e-04 2.40e-05] (4.22e-06, 5.09e-04)
INFO:root:avg. loss 4.87809128e-03
INFO:root:time taken for epoch 0:00:53.994009
INFO:root:Epoch 111
INFO:root:[111,     0] loss: 5.512103e-03 masks: 20.0 16.0 [wd: 8.13e-02] [lr: 9.44e-04] [mem: 5.66e+03] (164.2 ms)
INFO:root:[111,     0] grad_stats: [1.28e-04 2.42e-05] (4.77e-06, 2.49e-04)
INFO:root:[111,   116] loss: 4.911689e-03 masks: 22.2 17.1 [wd: 8.17e-02] [lr: 9.43e-04] [mem: 5.66e+03] (173.9 ms)
INFO:root:[111,   116] grad_stats: [1.37e-04 1.68e-05] (3.92e-06, 2.60e-04)
INFO:root:[111,   232] loss: 4.903930e-03 masks: 22.0 17.3 [wd: 8.20e-02] [lr: 9.42e-04] [mem: 5.66e+03] (174.1 ms)
INFO:root:[111,   232] grad_stats: [1.65e-04 2.15e-05] (4.36e-06, 2.75e-04)
INFO:root:avg. loss 4.90393016e-03
INFO:root:time taken for epoch 0:00:54.105640
INFO:root:Epoch 112
INFO:root:[112,     0] loss: 4.759886e-03 masks: 23.0 16.0 [wd: 8.20e-02] [lr: 9.42e-04] [mem: 5.66e+03] (171.3 ms)
INFO:root:[112,     0] grad_stats: [1.67e-04 2.33e-05] (4.45e-06, 2.89e-04)
INFO:root:[112,   116] loss: 4.945666e-03 masks: 21.9 17.2 [wd: 8.24e-02] [lr: 9.42e-04] [mem: 5.66e+03] (173.0 ms)
INFO:root:[112,   116] grad_stats: [9.40e-05 2.02e-05] (3.87e-06, 3.10e-04)
INFO:root:[112,   232] loss: 4.925280e-03 masks: 22.3 17.2 [wd: 8.28e-02] [lr: 9.41e-04] [mem: 5.66e+03] (174.4 ms)
INFO:root:[112,   232] grad_stats: [2.66e-04 2.86e-05] (5.31e-06, 5.39e-04)
INFO:root:avg. loss 4.92528003e-03
INFO:root:time taken for epoch 0:00:54.240770
INFO:root:Epoch 113
INFO:root:[113,     0] loss: 5.011855e-03 masks: 17.0 16.0 [wd: 8.28e-02] [lr: 9.41e-04] [mem: 5.66e+03] (157.8 ms)
INFO:root:[113,     0] grad_stats: [1.61e-04 2.21e-05] (4.23e-06, 4.16e-04)
INFO:root:[113,   116] loss: 4.966639e-03 masks: 22.1 17.1 [wd: 8.31e-02] [lr: 9.40e-04] [mem: 5.66e+03] (173.6 ms)
INFO:root:[113,   116] grad_stats: [2.57e-04 2.39e-05] (5.21e-06, 3.50e-04)
INFO:root:[113,   232] loss: 4.929505e-03 masks: 22.1 17.2 [wd: 8.35e-02] [lr: 9.39e-04] [mem: 5.66e+03] (174.2 ms)
INFO:root:[113,   232] grad_stats: [2.00e-04 2.27e-05] (4.79e-06, 5.20e-04)
INFO:root:avg. loss 4.92950473e-03
INFO:root:time taken for epoch 0:00:54.174233
INFO:root:Epoch 114
INFO:root:[114,     0] loss: 4.714863e-03 masks: 24.0 16.0 [wd: 8.35e-02] [lr: 9.39e-04] [mem: 5.66e+03] (173.9 ms)
INFO:root:[114,     0] grad_stats: [3.48e-04 2.75e-05] (5.70e-06, 4.35e-04)
INFO:root:[114,   116] loss: 4.955090e-03 masks: 21.9 17.4 [wd: 8.39e-02] [lr: 9.38e-04] [mem: 5.66e+03] (173.5 ms)
INFO:root:[114,   116] grad_stats: [1.81e-04 2.60e-05] (4.45e-06, 3.06e-04)
INFO:root:[114,   232] loss: 4.946976e-03 masks: 22.2 17.3 [wd: 8.42e-02] [lr: 9.38e-04] [mem: 5.66e+03] (174.7 ms)
INFO:root:[114,   232] grad_stats: [1.28e-04 2.67e-05] (5.15e-06, 4.47e-04)
INFO:root:avg. loss 4.94697610e-03
INFO:root:time taken for epoch 0:00:54.115151
INFO:root:Epoch 115
INFO:root:[115,     0] loss: 5.240075e-03 masks: 14.0 20.0 [wd: 8.42e-02] [lr: 9.38e-04] [mem: 5.66e+03] (154.6 ms)
INFO:root:[115,     0] grad_stats: [1.83e-04 2.57e-05] (5.07e-06, 6.24e-04)
INFO:root:[115,   116] loss: 5.039501e-03 masks: 21.4 17.4 [wd: 8.46e-02] [lr: 9.37e-04] [mem: 5.66e+03] (172.2 ms)
INFO:root:[115,   116] grad_stats: [1.38e-04 3.69e-05] (5.64e-06, 5.22e-04)
INFO:root:[115,   232] loss: 5.007517e-03 masks: 21.6 17.5 [wd: 8.50e-02] [lr: 9.36e-04] [mem: 5.66e+03] (173.2 ms)
INFO:root:[115,   232] grad_stats: [1.32e-04 3.07e-05] (4.78e-06, 3.34e-04)
INFO:root:avg. loss 5.00751725e-03
INFO:root:time taken for epoch 0:00:53.952644
INFO:root:Epoch 116
INFO:root:[116,     0] loss: 5.445749e-03 masks: 25.0 16.0 [wd: 8.50e-02] [lr: 9.36e-04] [mem: 5.66e+03] (177.9 ms)
INFO:root:[116,     0] grad_stats: [3.49e-04 2.97e-05] (5.97e-06, 6.90e-04)
INFO:root:[116,   116] loss: 5.003636e-03 masks: 22.7 17.0 [wd: 8.54e-02] [lr: 9.35e-04] [mem: 5.66e+03] (175.3 ms)
INFO:root:[116,   116] grad_stats: [1.05e-04 2.07e-05] (3.61e-06, 3.75e-04)
INFO:root:[116,   232] loss: 5.015725e-03 masks: 22.3 17.2 [wd: 8.57e-02] [lr: 9.34e-04] [mem: 5.66e+03] (174.8 ms)
INFO:root:[116,   232] grad_stats: [1.20e-04 1.77e-05] (4.11e-06, 2.80e-04)
INFO:root:avg. loss 5.01572539e-03
INFO:root:time taken for epoch 0:00:54.351469
INFO:root:Epoch 117
INFO:root:[117,     0] loss: 4.782499e-03 masks: 18.0 20.0 [wd: 8.57e-02] [lr: 9.34e-04] [mem: 5.66e+03] (165.6 ms)
INFO:root:[117,     0] grad_stats: [1.81e-04 1.84e-05] (4.51e-06, 2.62e-04)
INFO:root:[117,   116] loss: 5.122635e-03 masks: 21.8 17.2 [wd: 8.61e-02] [lr: 9.33e-04] [mem: 5.66e+03] (173.0 ms)
INFO:root:[117,   116] grad_stats: [1.89e-04 3.43e-05] (8.14e-06, 4.49e-04)
INFO:root:[117,   232] loss: 5.084492e-03 masks: 22.1 17.2 [wd: 8.65e-02] [lr: 9.33e-04] [mem: 5.66e+03] (174.3 ms)
INFO:root:[117,   232] grad_stats: [5.75e-05 1.77e-05] (3.88e-06, 4.57e-04)
INFO:root:avg. loss 5.08449245e-03
INFO:root:time taken for epoch 0:00:54.139388
INFO:root:Epoch 118
INFO:root:[118,     0] loss: 5.594988e-03 masks: 20.0 16.0 [wd: 8.65e-02] [lr: 9.33e-04] [mem: 5.66e+03] (164.8 ms)
INFO:root:[118,     0] grad_stats: [1.34e-04 2.19e-05] (5.07e-06, 3.72e-04)
INFO:root:[118,   116] loss: 5.136246e-03 masks: 21.4 17.5 [wd: 8.69e-02] [lr: 9.32e-04] [mem: 5.66e+03] (171.9 ms)
INFO:root:[118,   116] grad_stats: [2.06e-04 2.29e-05] (4.66e-06, 3.38e-04)
INFO:root:[118,   232] loss: 5.103085e-03 masks: 21.5 17.5 [wd: 8.72e-02] [lr: 9.31e-04] [mem: 5.66e+03] (172.8 ms)
INFO:root:[118,   232] grad_stats: [3.05e-04 2.20e-05] (4.52e-06, 4.35e-04)
INFO:root:avg. loss 5.10308548e-03
INFO:root:time taken for epoch 0:00:53.773022
INFO:root:Epoch 119
INFO:root:[119,     0] loss: 4.690784e-03 masks: 27.0 16.0 [wd: 8.73e-02] [lr: 9.31e-04] [mem: 5.66e+03] (183.8 ms)
INFO:root:[119,     0] grad_stats: [1.81e-04 1.75e-05] (4.36e-06, 2.79e-04)
INFO:root:[119,   116] loss: 5.089446e-03 masks: 22.0 17.3 [wd: 8.76e-02] [lr: 9.30e-04] [mem: 5.66e+03] (173.9 ms)
INFO:root:[119,   116] grad_stats: [1.32e-04 2.25e-05] (4.37e-06, 2.64e-04)
INFO:root:[119,   232] loss: 5.040516e-03 masks: 22.1 17.4 [wd: 8.80e-02] [lr: 9.29e-04] [mem: 5.66e+03] (174.5 ms)
INFO:root:[119,   232] grad_stats: [1.99e-04 2.26e-05] (5.36e-06, 6.56e-04)
INFO:root:avg. loss 5.04051624e-03
INFO:root:time taken for epoch 0:00:54.112983
INFO:root:Epoch 120
INFO:root:[120,     0] loss: 4.461992e-03 masks: 19.0 20.0 [wd: 8.80e-02] [lr: 9.29e-04] [mem: 5.66e+03] (167.4 ms)
INFO:root:[120,     0] grad_stats: [3.10e-04 2.09e-05] (4.90e-06, 4.69e-04)
INFO:root:[120,   116] loss: 5.183252e-03 masks: 21.4 17.2 [wd: 8.84e-02] [lr: 9.28e-04] [mem: 5.66e+03] (171.6 ms)
INFO:root:[120,   116] grad_stats: [1.59e-04 3.63e-05] (8.35e-06, 4.90e-04)
INFO:root:[120,   232] loss: 5.212028e-03 masks: 22.1 17.0 [wd: 8.88e-02] [lr: 9.27e-04] [mem: 5.66e+03] (173.7 ms)
INFO:root:[120,   232] grad_stats: [2.07e-04 2.72e-05] (5.95e-06, 5.00e-04)
INFO:root:avg. loss 5.21202779e-03
INFO:root:time taken for epoch 0:00:54.035022
INFO:root:Epoch 121
INFO:root:[121,     0] loss: 4.966049e-03 masks: 19.0 20.0 [wd: 8.88e-02] [lr: 9.27e-04] [mem: 5.66e+03] (170.1 ms)
INFO:root:[121,     0] grad_stats: [1.04e-04 1.86e-05] (4.56e-06, 2.99e-04)
INFO:root:[121,   116] loss: 5.103256e-03 masks: 22.5 17.2 [wd: 8.92e-02] [lr: 9.26e-04] [mem: 5.66e+03] (174.7 ms)
INFO:root:[121,   116] grad_stats: [1.73e-04 2.29e-05] (5.83e-06, 9.27e-04)
INFO:root:[121,   232] loss: 5.144932e-03 masks: 22.6 17.0 [wd: 8.96e-02] [lr: 9.26e-04] [mem: 5.66e+03] (175.1 ms)
INFO:root:[121,   232] grad_stats: [1.12e-04 2.58e-05] (5.25e-06, 3.86e-04)
INFO:root:avg. loss 5.14493193e-03
INFO:root:time taken for epoch 0:00:54.350055
INFO:root:Epoch 122
INFO:root:[122,     0] loss: 6.345794e-03 masks: 33.0 12.0 [wd: 8.96e-02] [lr: 9.25e-04] [mem: 5.66e+03] (192.2 ms)
INFO:root:[122,     0] grad_stats: [1.20e-04 2.42e-05] (6.02e-06, 3.72e-04)
INFO:root:[122,   116] loss: 5.207958e-03 masks: 21.9 17.2 [wd: 9.00e-02] [lr: 9.25e-04] [mem: 5.66e+03] (173.0 ms)
INFO:root:[122,   116] grad_stats: [1.03e-04 2.29e-05] (5.52e-06, 3.43e-04)
INFO:root:[122,   232] loss: 5.171132e-03 masks: 22.0 17.2 [wd: 9.03e-02] [lr: 9.24e-04] [mem: 5.66e+03] (174.0 ms)
INFO:root:[122,   232] grad_stats: [9.29e-05 2.59e-05] (5.19e-06, 4.28e-04)
INFO:root:avg. loss 5.17113183e-03
INFO:root:time taken for epoch 0:00:54.097563
INFO:root:Epoch 123
INFO:root:[123,     0] loss: 5.278553e-03 masks: 23.0 16.0 [wd: 9.03e-02] [lr: 9.24e-04] [mem: 5.66e+03] (170.5 ms)
INFO:root:[123,     0] grad_stats: [1.16e-04 2.43e-05] (6.38e-06, 5.83e-04)
INFO:root:[123,   116] loss: 5.047556e-03 masks: 22.0 17.4 [wd: 9.07e-02] [lr: 9.23e-04] [mem: 5.66e+03] (173.8 ms)
INFO:root:[123,   116] grad_stats: [2.56e-04 2.18e-05] (5.21e-06, 3.76e-04)
INFO:root:[123,   232] loss: 5.127233e-03 masks: 21.9 17.3 [wd: 9.11e-02] [lr: 9.22e-04] [mem: 5.66e+03] (173.7 ms)
INFO:root:[123,   232] grad_stats: [4.40e-04 3.30e-05] (7.98e-06, 1.11e-03)
INFO:root:avg. loss 5.12723316e-03
INFO:root:time taken for epoch 0:00:54.044229
INFO:root:Epoch 124
INFO:root:[124,     0] loss: 4.921352e-03 masks: 26.0 16.0 [wd: 9.11e-02] [lr: 9.22e-04] [mem: 5.66e+03] (182.8 ms)
INFO:root:[124,     0] grad_stats: [2.89e-04 2.65e-05] (5.85e-06, 4.85e-04)
INFO:root:[124,   116] loss: 5.202191e-03 masks: 21.9 17.3 [wd: 9.15e-02] [lr: 9.21e-04] [mem: 5.66e+03] (173.2 ms)
INFO:root:[124,   116] grad_stats: [1.67e-04 2.24e-05] (5.54e-06, 6.45e-04)
INFO:root:[124,   232] loss: 5.177131e-03 masks: 22.0 17.3 [wd: 9.19e-02] [lr: 9.20e-04] [mem: 5.66e+03] (173.9 ms)
INFO:root:[124,   232] grad_stats: [9.57e-05 2.08e-05] (4.68e-06, 3.65e-04)
INFO:root:avg. loss 5.17713120e-03
INFO:root:time taken for epoch 0:00:54.052133
INFO:root:Epoch 125
INFO:root:[125,     0] loss: 5.835291e-03 masks: 24.0 16.0 [wd: 9.19e-02] [lr: 9.20e-04] [mem: 5.66e+03] (177.0 ms)
INFO:root:[125,     0] grad_stats: [9.63e-05 2.40e-05] (5.87e-06, 6.66e-04)
INFO:root:[125,   116] loss: 5.239564e-03 masks: 21.7 17.2 [wd: 9.23e-02] [lr: 9.19e-04] [mem: 5.66e+03] (172.7 ms)
INFO:root:[125,   116] grad_stats: [8.19e-05 1.96e-05] (4.45e-06, 2.58e-04)
INFO:root:[125,   232] loss: 5.193146e-03 masks: 21.3 17.5 [wd: 9.27e-02] [lr: 9.18e-04] [mem: 5.66e+03] (172.4 ms)
INFO:root:[125,   232] grad_stats: [1.15e-04 2.19e-05] (4.15e-06, 3.36e-04)
INFO:root:avg. loss 5.19314574e-03
INFO:root:time taken for epoch 0:00:53.704579
INFO:root:Epoch 126
INFO:root:[126,     0] loss: 5.127342e-03 masks: 16.0 20.0 [wd: 9.27e-02] [lr: 9.18e-04] [mem: 5.66e+03] (159.5 ms)
INFO:root:[126,     0] grad_stats: [1.11e-04 2.29e-05] (4.64e-06, 4.78e-04)
INFO:root:[126,   116] loss: 5.180702e-03 masks: 22.2 17.3 [wd: 9.31e-02] [lr: 9.17e-04] [mem: 5.66e+03] (174.1 ms)
INFO:root:[126,   116] grad_stats: [1.47e-04 2.61e-05] (6.18e-06, 4.30e-04)
INFO:root:[126,   232] loss: 5.192667e-03 masks: 22.0 17.3 [wd: 9.35e-02] [lr: 9.16e-04] [mem: 5.66e+03] (174.1 ms)
INFO:root:[126,   232] grad_stats: [1.54e-04 1.64e-05] (3.87e-06, 2.64e-04)
INFO:root:avg. loss 5.19266707e-03
INFO:root:time taken for epoch 0:00:54.073331
INFO:root:Epoch 127
INFO:root:[127,     0] loss: 6.470057e-03 masks: 20.0 16.0 [wd: 9.35e-02] [lr: 9.16e-04] [mem: 5.66e+03] (164.7 ms)
INFO:root:[127,     0] grad_stats: [8.03e-05 2.14e-05] (5.48e-06, 3.10e-04)
INFO:root:[127,   116] loss: 5.265685e-03 masks: 22.5 17.1 [wd: 9.39e-02] [lr: 9.15e-04] [mem: 5.66e+03] (174.5 ms)
INFO:root:[127,   116] grad_stats: [1.01e-04 2.79e-05] (5.12e-06, 2.74e-04)
INFO:root:[127,   232] loss: 5.255176e-03 masks: 21.8 17.3 [wd: 9.43e-02] [lr: 9.14e-04] [mem: 5.66e+03] (173.6 ms)
INFO:root:[127,   232] grad_stats: [1.35e-04 2.01e-05] (4.61e-06, 3.49e-04)
INFO:root:avg. loss 5.25517647e-03
INFO:root:time taken for epoch 0:00:54.040339
INFO:root:Epoch 128
INFO:root:[128,     0] loss: 5.353671e-03 masks: 26.0 16.0 [wd: 9.43e-02] [lr: 9.14e-04] [mem: 5.66e+03] (183.3 ms)
INFO:root:[128,     0] grad_stats: [1.58e-04 2.29e-05] (4.86e-06, 7.69e-04)
INFO:root:[128,   116] loss: 5.231312e-03 masks: 22.6 17.1 [wd: 9.47e-02] [lr: 9.13e-04] [mem: 5.66e+03] (175.1 ms)
INFO:root:[128,   116] grad_stats: [1.13e-04 2.26e-05] (5.16e-06, 4.15e-04)
INFO:root:[128,   232] loss: 5.239356e-03 masks: 21.9 17.4 [wd: 9.51e-02] [lr: 9.12e-04] [mem: 5.66e+03] (173.8 ms)
INFO:root:[128,   232] grad_stats: [1.24e-04 1.92e-05] (4.21e-06, 2.40e-04)
INFO:root:avg. loss 5.23935613e-03
INFO:root:time taken for epoch 0:00:53.968188
INFO:root:Epoch 129
INFO:root:[129,     0] loss: 4.596029e-03 masks: 17.0 20.0 [wd: 9.51e-02] [lr: 9.12e-04] [mem: 5.66e+03] (160.1 ms)
INFO:root:[129,     0] grad_stats: [7.56e-05 1.72e-05] (3.80e-06, 2.58e-04)
INFO:root:[129,   116] loss: 5.227736e-03 masks: 21.1 17.6 [wd: 9.56e-02] [lr: 9.12e-04] [mem: 5.66e+03] (171.6 ms)
INFO:root:[129,   116] grad_stats: [8.45e-05 1.87e-05] (3.62e-06, 2.63e-04)
INFO:root:[129,   232] loss: 5.269780e-03 masks: 21.2 17.5 [wd: 9.60e-02] [lr: 9.11e-04] [mem: 5.66e+03] (172.1 ms)
INFO:root:[129,   232] grad_stats: [2.22e-04 2.18e-05] (5.41e-06, 3.05e-04)
INFO:root:avg. loss 5.26977968e-03
INFO:root:time taken for epoch 0:00:53.599508
INFO:root:Epoch 130
INFO:root:[130,     0] loss: 5.897298e-03 masks: 33.0 12.0 [wd: 9.60e-02] [lr: 9.11e-04] [mem: 5.66e+03] (193.9 ms)
INFO:root:[130,     0] grad_stats: [5.04e-04 3.81e-05] (7.94e-06, 9.58e-04)
INFO:root:[130,   116] loss: 5.265781e-03 masks: 22.1 17.3 [wd: 9.64e-02] [lr: 9.10e-04] [mem: 5.66e+03] (173.8 ms)
INFO:root:[130,   116] grad_stats: [1.12e-04 2.13e-05] (4.58e-06, 3.47e-04)
INFO:root:[130,   232] loss: 5.307310e-03 masks: 22.0 17.2 [wd: 9.68e-02] [lr: 9.09e-04] [mem: 5.66e+03] (173.9 ms)
INFO:root:[130,   232] grad_stats: [1.36e-04 2.83e-05] (5.53e-06, 4.18e-04)
INFO:root:avg. loss 5.30730972e-03
INFO:root:time taken for epoch 0:00:54.101416
INFO:root:Epoch 131
INFO:root:[131,     0] loss: 5.382905e-03 masks: 25.0 16.0 [wd: 9.68e-02] [lr: 9.09e-04] [mem: 5.66e+03] (178.4 ms)
INFO:root:[131,     0] grad_stats: [1.51e-04 2.41e-05] (6.44e-06, 4.31e-04)
INFO:root:[131,   116] loss: 5.347003e-03 masks: 22.0 17.2 [wd: 9.72e-02] [lr: 9.08e-04] [mem: 5.66e+03] (173.3 ms)
INFO:root:[131,   116] grad_stats: [2.38e-04 2.36e-05] (4.82e-06, 6.07e-04)
INFO:root:[131,   232] loss: 5.316941e-03 masks: 22.1 17.2 [wd: 9.76e-02] [lr: 9.07e-04] [mem: 5.66e+03] (174.1 ms)
INFO:root:[131,   232] grad_stats: [4.03e-04 3.40e-05] (5.88e-06, 1.05e-03)
INFO:root:avg. loss 5.31694116e-03
INFO:root:time taken for epoch 0:00:54.117710
INFO:root:Epoch 132
INFO:root:[132,     0] loss: 5.902526e-03 masks: 17.0 16.0 [wd: 9.76e-02] [lr: 9.07e-04] [mem: 5.66e+03] (157.8 ms)
INFO:root:[132,     0] grad_stats: [1.35e-04 1.91e-05] (4.13e-06, 4.05e-04)
INFO:root:[132,   116] loss: 5.228978e-03 masks: 21.6 17.6 [wd: 9.80e-02] [lr: 9.06e-04] [mem: 5.66e+03] (173.0 ms)
INFO:root:[132,   116] grad_stats: [1.29e-04 2.34e-05] (5.46e-06, 6.68e-04)
INFO:root:[132,   232] loss: 5.214771e-03 masks: 21.7 17.5 [wd: 9.84e-02] [lr: 9.05e-04] [mem: 5.66e+03] (173.6 ms)
INFO:root:[132,   232] grad_stats: [1.91e-04 2.06e-05] (5.31e-06, 5.77e-04)
INFO:root:avg. loss 5.21477147e-03
INFO:root:time taken for epoch 0:00:53.955624
INFO:root:Epoch 133
INFO:root:[133,     0] loss: 5.597929e-03 masks: 36.0 12.0 [wd: 9.84e-02] [lr: 9.05e-04] [mem: 5.66e+03] (204.0 ms)
INFO:root:[133,     0] grad_stats: [2.05e-04 2.65e-05] (7.69e-06, 5.03e-04)
INFO:root:[133,   116] loss: 5.213437e-03 masks: 21.0 17.8 [wd: 9.89e-02] [lr: 9.04e-04] [mem: 5.66e+03] (171.5 ms)
INFO:root:[133,   116] grad_stats: [1.78e-04 2.81e-05] (7.05e-06, 6.13e-04)
INFO:root:[133,   232] loss: 5.266598e-03 masks: 21.8 17.4 [wd: 9.93e-02] [lr: 9.03e-04] [mem: 5.66e+03] (173.6 ms)
INFO:root:[133,   232] grad_stats: [8.73e-05 2.15e-05] (4.74e-06, 2.97e-04)
INFO:root:avg. loss 5.26659820e-03
INFO:root:time taken for epoch 0:00:54.028848
INFO:root:Epoch 134
INFO:root:[134,     0] loss: 5.724811e-03 masks: 21.0 16.0 [wd: 9.93e-02] [lr: 9.03e-04] [mem: 5.66e+03] (167.4 ms)
INFO:root:[134,     0] grad_stats: [1.16e-04 2.36e-05] (4.75e-06, 4.50e-04)
INFO:root:[134,   116] loss: 5.313263e-03 masks: 23.3 16.8 [wd: 9.97e-02] [lr: 9.02e-04] [mem: 5.66e+03] (176.6 ms)
INFO:root:[134,   116] grad_stats: [1.77e-04 2.58e-05] (5.65e-06, 3.95e-04)
INFO:root:[134,   232] loss: 5.297476e-03 masks: 22.2 17.2 [wd: 1.00e-01] [lr: 9.01e-04] [mem: 5.66e+03] (174.4 ms)
INFO:root:[134,   232] grad_stats: [2.02e-04 2.70e-05] (4.02e-06, 2.72e-04)
INFO:root:avg. loss 5.29747588e-03
INFO:root:time taken for epoch 0:00:54.224027
INFO:root:Epoch 135
INFO:root:[135,     0] loss: 4.475826e-03 masks: 19.0 20.0 [wd: 1.00e-01] [lr: 9.01e-04] [mem: 5.66e+03] (168.3 ms)
INFO:root:[135,     0] grad_stats: [7.89e-05 1.82e-05] (3.39e-06, 3.24e-04)
INFO:root:[135,   116] loss: 5.329136e-03 masks: 22.4 17.1 [wd: 1.01e-01] [lr: 9.00e-04] [mem: 5.66e+03] (174.5 ms)
INFO:root:[135,   116] grad_stats: [1.30e-04 2.18e-05] (4.63e-06, 3.51e-04)
INFO:root:[135,   232] loss: 5.306044e-03 masks: 22.1 17.4 [wd: 1.01e-01] [lr: 8.99e-04] [mem: 5.66e+03] (174.3 ms)
INFO:root:[135,   232] grad_stats: [2.28e-04 2.53e-05] (5.05e-06, 3.41e-04)
INFO:root:avg. loss 5.30604392e-03
INFO:root:time taken for epoch 0:00:54.169078
INFO:root:Epoch 136
INFO:root:[136,     0] loss: 5.933243e-03 masks: 25.0 16.0 [wd: 1.01e-01] [lr: 8.98e-04] [mem: 5.66e+03] (178.5 ms)
INFO:root:[136,     0] grad_stats: [2.83e-04 2.19e-05] (5.23e-06, 3.72e-04)
INFO:root:[136,   116] loss: 5.268751e-03 masks: 22.3 17.4 [wd: 1.01e-01] [lr: 8.97e-04] [mem: 5.66e+03] (174.6 ms)
INFO:root:[136,   116] grad_stats: [6.01e-05 2.18e-05] (4.94e-06, 3.27e-04)
INFO:root:[136,   232] loss: 5.286407e-03 masks: 22.1 17.3 [wd: 1.02e-01] [lr: 8.96e-04] [mem: 5.66e+03] (174.5 ms)
INFO:root:[136,   232] grad_stats: [1.91e-04 2.59e-05] (6.30e-06, 3.91e-04)
INFO:root:avg. loss 5.28640657e-03
INFO:root:time taken for epoch 0:00:54.254973
INFO:root:Epoch 137
INFO:root:[137,     0] loss: 5.854540e-03 masks: 11.0 20.0 [wd: 1.02e-01] [lr: 8.96e-04] [mem: 5.66e+03] (143.4 ms)
INFO:root:[137,     0] grad_stats: [8.12e-05 2.25e-05] (5.54e-06, 4.64e-04)
INFO:root:[137,   116] loss: 5.341154e-03 masks: 22.3 17.3 [wd: 1.02e-01] [lr: 8.95e-04] [mem: 5.66e+03] (174.6 ms)
INFO:root:[137,   116] grad_stats: [2.14e-04 2.38e-05] (5.47e-06, 4.07e-04)
INFO:root:[137,   232] loss: 5.374183e-03 masks: 22.4 17.2 [wd: 1.03e-01] [lr: 8.94e-04] [mem: 5.66e+03] (174.9 ms)
INFO:root:[137,   232] grad_stats: [1.90e-04 2.02e-05] (4.32e-06, 5.49e-04)
INFO:root:avg. loss 5.37418339e-03
INFO:root:time taken for epoch 0:00:54.274014
INFO:root:Epoch 138
INFO:root:[138,     0] loss: 5.960760e-03 masks: 35.0 12.0 [wd: 1.03e-01] [lr: 8.94e-04] [mem: 5.66e+03] (199.7 ms)
INFO:root:[138,     0] grad_stats: [1.44e-04 2.37e-05] (5.80e-06, 5.55e-04)
INFO:root:[138,   116] loss: 5.315704e-03 masks: 22.1 17.2 [wd: 1.03e-01] [lr: 8.93e-04] [mem: 5.66e+03] (174.0 ms)
INFO:root:[138,   116] grad_stats: [1.43e-04 3.18e-05] (8.11e-06, 6.24e-04)
INFO:root:[138,   232] loss: 5.340773e-03 masks: 21.7 17.4 [wd: 1.04e-01] [lr: 8.92e-04] [mem: 5.66e+03] (173.5 ms)
INFO:root:[138,   232] grad_stats: [8.52e-05 2.53e-05] (6.69e-06, 5.18e-04)
INFO:root:avg. loss 5.34077314e-03
INFO:root:time taken for epoch 0:00:53.882860
INFO:root:Epoch 139
INFO:root:[139,     0] loss: 5.576940e-03 masks: 21.0 16.0 [wd: 1.04e-01] [lr: 8.92e-04] [mem: 5.66e+03] (167.5 ms)
INFO:root:[139,     0] grad_stats: [1.31e-04 3.19e-05] (8.42e-06, 4.85e-04)
INFO:root:[139,   116] loss: 5.346706e-03 masks: 22.0 17.2 [wd: 1.04e-01] [lr: 8.91e-04] [mem: 5.66e+03] (173.3 ms)
INFO:root:[139,   116] grad_stats: [2.37e-04 2.86e-05] (6.52e-06, 4.42e-04)
INFO:root:[139,   232] loss: 5.353233e-03 masks: 21.6 17.3 [wd: 1.04e-01] [lr: 8.90e-04] [mem: 5.66e+03] (173.0 ms)
INFO:root:[139,   232] grad_stats: [9.61e-05 2.95e-05] (5.80e-06, 3.53e-04)
INFO:root:avg. loss 5.35323289e-03
INFO:root:time taken for epoch 0:00:53.869213
INFO:root:Epoch 140
INFO:root:[140,     0] loss: 4.796736e-03 masks: 19.0 20.0 [wd: 1.04e-01] [lr: 8.90e-04] [mem: 5.66e+03] (168.5 ms)
INFO:root:[140,     0] grad_stats: [1.26e-04 2.01e-05] (4.26e-06, 3.12e-04)
INFO:root:[140,   116] loss: 5.367757e-03 masks: 22.1 17.2 [wd: 1.05e-01] [lr: 8.89e-04] [mem: 5.66e+03] (173.9 ms)
INFO:root:[140,   116] grad_stats: [2.76e-04 2.52e-05] (6.11e-06, 5.01e-04)
INFO:root:[140,   232] loss: 5.405513e-03 masks: 22.2 17.1 [wd: 1.05e-01] [lr: 8.88e-04] [mem: 5.66e+03] (174.6 ms)
INFO:root:[140,   232] grad_stats: [2.02e-04 2.67e-05] (7.13e-06, 5.08e-04)
INFO:root:avg. loss 5.40551307e-03
INFO:root:time taken for epoch 0:00:54.132252
INFO:root:Epoch 141
INFO:root:[141,     0] loss: 5.007299e-03 masks: 16.0 20.0 [wd: 1.05e-01] [lr: 8.88e-04] [mem: 5.66e+03] (160.0 ms)
INFO:root:[141,     0] grad_stats: [1.50e-04 1.95e-05] (4.62e-06, 3.73e-04)
INFO:root:[141,   116] loss: 5.389294e-03 masks: 21.6 17.3 [wd: 1.06e-01] [lr: 8.87e-04] [mem: 5.66e+03] (172.6 ms)
INFO:root:[141,   116] grad_stats: [6.00e-05 2.71e-05] (5.44e-06, 3.86e-04)
INFO:root:[141,   232] loss: 5.364242e-03 masks: 21.7 17.4 [wd: 1.06e-01] [lr: 8.86e-04] [mem: 5.66e+03] (173.3 ms)
INFO:root:[141,   232] grad_stats: [2.22e-04 2.24e-05] (4.88e-06, 5.72e-04)
INFO:root:avg. loss 5.36424199e-03
INFO:root:time taken for epoch 0:00:53.942092
INFO:root:Epoch 142
INFO:root:[142,     0] loss: 4.876107e-03 masks: 25.0 16.0 [wd: 1.06e-01] [lr: 8.86e-04] [mem: 5.66e+03] (178.9 ms)
INFO:root:[142,     0] grad_stats: [1.26e-04 3.03e-05] (6.71e-06, 5.05e-04)
INFO:root:[142,   116] loss: 5.375059e-03 masks: 22.1 17.3 [wd: 1.07e-01] [lr: 8.85e-04] [mem: 5.66e+03] (173.8 ms)
INFO:root:[142,   116] grad_stats: [1.13e-04 2.27e-05] (5.39e-06, 5.32e-04)
INFO:root:[142,   232] loss: 5.402698e-03 masks: 22.0 17.2 [wd: 1.07e-01] [lr: 8.84e-04] [mem: 5.66e+03] (173.9 ms)
INFO:root:[142,   232] grad_stats: [1.56e-04 2.13e-05] (5.11e-06, 6.27e-04)
INFO:root:avg. loss 5.40269844e-03
INFO:root:time taken for epoch 0:00:54.090421
INFO:root:Epoch 143
INFO:root:[143,     0] loss: 4.455452e-03 masks: 17.0 20.0 [wd: 1.07e-01] [lr: 8.84e-04] [mem: 5.66e+03] (159.9 ms)
INFO:root:[143,     0] grad_stats: [1.47e-04 2.53e-05] (5.67e-06, 4.22e-04)
INFO:root:[143,   116] loss: 5.387327e-03 masks: 22.4 17.3 [wd: 1.07e-01] [lr: 8.83e-04] [mem: 5.66e+03] (174.6 ms)
INFO:root:[143,   116] grad_stats: [3.48e-04 2.42e-05] (6.78e-06, 5.04e-04)
INFO:root:[143,   232] loss: 5.426444e-03 masks: 22.2 17.2 [wd: 1.08e-01] [lr: 8.81e-04] [mem: 5.66e+03] (174.4 ms)
INFO:root:[143,   232] grad_stats: [1.41e-04 2.47e-05] (5.77e-06, 4.35e-04)
INFO:root:avg. loss 5.42644437e-03
INFO:root:time taken for epoch 0:00:54.231146
INFO:root:Epoch 144
INFO:root:[144,     0] loss: 5.682875e-03 masks: 9.0 20.0 [wd: 1.08e-01] [lr: 8.81e-04] [mem: 5.66e+03] (140.7 ms)
INFO:root:[144,     0] grad_stats: [1.01e-04 2.30e-05] (5.67e-06, 3.58e-04)
INFO:root:[144,   116] loss: 5.355525e-03 masks: 21.4 17.5 [wd: 1.08e-01] [lr: 8.80e-04] [mem: 5.66e+03] (172.3 ms)
INFO:root:[144,   116] grad_stats: [7.93e-05 1.77e-05] (4.27e-06, 3.61e-04)
INFO:root:[144,   232] loss: 5.434839e-03 masks: 21.9 17.3 [wd: 1.09e-01] [lr: 8.79e-04] [mem: 5.66e+03] (173.8 ms)
INFO:root:[144,   232] grad_stats: [4.63e-04 2.72e-05] (7.52e-06, 5.52e-04)
INFO:root:avg. loss 5.43483896e-03
INFO:root:time taken for epoch 0:00:54.102479
INFO:root:Epoch 145
INFO:root:[145,     0] loss: 5.676250e-03 masks: 21.0 16.0 [wd: 1.09e-01] [lr: 8.79e-04] [mem: 5.66e+03] (166.4 ms)
INFO:root:[145,     0] grad_stats: [2.29e-04 2.15e-05] (5.60e-06, 5.43e-04)
INFO:root:[145,   116] loss: 5.429129e-03 masks: 22.1 17.3 [wd: 1.09e-01] [lr: 8.78e-04] [mem: 5.66e+03] (174.1 ms)
INFO:root:[145,   116] grad_stats: [1.53e-04 3.41e-05] (9.39e-06, 1.11e-03)
INFO:root:[145,   232] loss: 5.373860e-03 masks: 21.9 17.5 [wd: 1.10e-01] [lr: 8.77e-04] [mem: 5.66e+03] (174.2 ms)
INFO:root:[145,   232] grad_stats: [1.74e-04 1.86e-05] (4.80e-06, 3.47e-04)
INFO:root:avg. loss 5.37386030e-03
INFO:root:time taken for epoch 0:00:54.029729
INFO:root:Epoch 146
INFO:root:[146,     0] loss: 5.582876e-03 masks: 23.0 16.0 [wd: 1.10e-01] [lr: 8.77e-04] [mem: 5.66e+03] (169.6 ms)
INFO:root:[146,     0] grad_stats: [1.70e-04 2.31e-05] (5.41e-06, 6.19e-04)
INFO:root:[146,   116] loss: 5.402572e-03 masks: 21.9 17.3 [wd: 1.10e-01] [lr: 8.76e-04] [mem: 5.66e+03] (173.3 ms)
INFO:root:[146,   116] grad_stats: [5.17e-05 1.59e-05] (4.24e-06, 2.94e-04)
INFO:root:[146,   232] loss: 5.444611e-03 masks: 22.8 17.0 [wd: 1.11e-01] [lr: 8.75e-04] [mem: 5.66e+03] (175.7 ms)
INFO:root:[146,   232] grad_stats: [1.07e-04 2.34e-05] (5.29e-06, 3.39e-04)
INFO:root:avg. loss 5.44461059e-03
INFO:root:time taken for epoch 0:00:54.521942
INFO:root:Epoch 147
INFO:root:[147,     0] loss: 6.481575e-03 masks: 33.0 12.0 [wd: 1.11e-01] [lr: 8.75e-04] [mem: 5.66e+03] (194.0 ms)
INFO:root:[147,     0] grad_stats: [8.84e-05 4.15e-05] (1.04e-05, 9.69e-04)
INFO:root:[147,   116] loss: 5.507732e-03 masks: 23.4 16.7 [wd: 1.11e-01] [lr: 8.74e-04] [mem: 5.66e+03] (176.7 ms)
INFO:root:[147,   116] grad_stats: [1.05e-04 2.81e-05] (5.50e-06, 3.13e-04)
INFO:root:[147,   232] loss: 5.449892e-03 masks: 22.3 17.1 [wd: 1.11e-01] [lr: 8.72e-04] [mem: 5.66e+03] (174.8 ms)
INFO:root:[147,   232] grad_stats: [1.03e-04 3.63e-05] (8.40e-06, 1.59e-03)
INFO:root:avg. loss 5.44989241e-03
INFO:root:time taken for epoch 0:00:54.190382
INFO:root:Epoch 148
INFO:root:[148,     0] loss: 5.442195e-03 masks: 25.0 16.0 [wd: 1.11e-01] [lr: 8.72e-04] [mem: 5.66e+03] (178.8 ms)
INFO:root:[148,     0] grad_stats: [7.80e-05 2.89e-05] (7.11e-06, 7.90e-04)
INFO:root:[148,   116] loss: 5.437418e-03 masks: 22.4 17.2 [wd: 1.12e-01] [lr: 8.71e-04] [mem: 5.66e+03] (174.9 ms)
INFO:root:[148,   116] grad_stats: [7.43e-05 2.31e-05] (6.22e-06, 3.36e-04)
INFO:root:[148,   232] loss: 5.456358e-03 masks: 22.1 17.2 [wd: 1.12e-01] [lr: 8.70e-04] [mem: 5.66e+03] (174.4 ms)
INFO:root:[148,   232] grad_stats: [2.06e-04 2.05e-05] (5.66e-06, 3.64e-04)
INFO:root:avg. loss 5.45635783e-03
INFO:root:time taken for epoch 0:00:54.169261
INFO:root:Epoch 149
INFO:root:[149,     0] loss: 6.570839e-03 masks: 17.0 16.0 [wd: 1.12e-01] [lr: 8.70e-04] [mem: 5.66e+03] (157.3 ms)
INFO:root:[149,     0] grad_stats: [6.65e-05 2.29e-05] (5.04e-06, 5.49e-04)
INFO:root:[149,   116] loss: 5.445569e-03 masks: 22.0 17.4 [wd: 1.13e-01] [lr: 8.69e-04] [mem: 5.66e+03] (173.7 ms)
INFO:root:[149,   116] grad_stats: [1.40e-04 3.01e-05] (7.14e-06, 3.90e-04)
INFO:root:[149,   232] loss: 5.407382e-03 masks: 21.8 17.4 [wd: 1.13e-01] [lr: 8.68e-04] [mem: 5.66e+03] (173.9 ms)
INFO:root:[149,   232] grad_stats: [1.79e-04 2.49e-05] (5.99e-06, 4.82e-04)
INFO:root:avg. loss 5.40738202e-03
INFO:root:time taken for epoch 0:00:54.022006
INFO:root:Epoch 150
INFO:root:[150,     0] loss: 5.173672e-03 masks: 26.0 16.0 [wd: 1.13e-01] [lr: 8.68e-04] [mem: 5.66e+03] (183.4 ms)
INFO:root:[150,     0] grad_stats: [8.53e-05 2.05e-05] (6.30e-06, 2.79e-04)
INFO:root:[150,   116] loss: 5.468399e-03 masks: 22.4 17.1 [wd: 1.14e-01] [lr: 8.67e-04] [mem: 5.66e+03] (174.3 ms)
INFO:root:[150,   116] grad_stats: [1.56e-04 2.49e-05] (6.25e-06, 4.50e-04)
INFO:root:[150,   232] loss: 5.452180e-03 masks: 22.1 17.2 [wd: 1.14e-01] [lr: 8.66e-04] [mem: 5.66e+03] (174.1 ms)
INFO:root:[150,   232] grad_stats: [1.93e-04 3.10e-05] (8.29e-06, 5.24e-04)
INFO:root:avg. loss 5.45217970e-03
INFO:root:time taken for epoch 0:00:54.157863
INFO:root:Epoch 151
INFO:root:[151,     0] loss: 4.816217e-03 masks: 16.0 20.0 [wd: 1.14e-01] [lr: 8.66e-04] [mem: 5.66e+03] (157.8 ms)
INFO:root:[151,     0] grad_stats: [1.58e-04 2.75e-05] (5.67e-06, 4.31e-04)
INFO:root:[151,   116] loss: 5.479010e-03 masks: 21.9 17.2 [wd: 1.15e-01] [lr: 8.64e-04] [mem: 5.66e+03] (173.3 ms)
INFO:root:[151,   116] grad_stats: [7.68e-05 3.73e-05] (7.93e-06, 9.98e-04)
INFO:root:[151,   232] loss: 5.516972e-03 masks: 22.2 17.0 [wd: 1.15e-01] [lr: 8.63e-04] [mem: 5.66e+03] (174.4 ms)
INFO:root:[151,   232] grad_stats: [2.58e-04 2.74e-05] (5.93e-06, 5.41e-04)
INFO:root:avg. loss 5.51697170e-03
INFO:root:time taken for epoch 0:00:54.170265
INFO:root:Epoch 152
INFO:root:[152,     0] loss: 5.145463e-03 masks: 17.0 20.0 [wd: 1.15e-01] [lr: 8.63e-04] [mem: 5.66e+03] (162.5 ms)
INFO:root:[152,     0] grad_stats: [1.37e-04 2.24e-05] (4.87e-06, 3.41e-04)
INFO:root:[152,   116] loss: 5.546434e-03 masks: 22.8 16.9 [wd: 1.16e-01] [lr: 8.62e-04] [mem: 5.66e+03] (175.3 ms)
INFO:root:[152,   116] grad_stats: [1.53e-04 2.64e-05] (5.76e-06, 6.97e-04)
INFO:root:[152,   232] loss: 5.503454e-03 masks: 22.3 17.2 [wd: 1.16e-01] [lr: 8.61e-04] [mem: 5.66e+03] (174.7 ms)
INFO:root:[152,   232] grad_stats: [1.24e-04 1.94e-05] (5.10e-06, 5.43e-04)
INFO:root:avg. loss 5.50345355e-03
INFO:root:time taken for epoch 0:00:54.231196
INFO:root:Epoch 153
INFO:root:[153,     0] loss: 5.451351e-03 masks: 18.0 20.0 [wd: 1.16e-01] [lr: 8.61e-04] [mem: 5.66e+03] (165.5 ms)
INFO:root:[153,     0] grad_stats: [8.10e-05 2.27e-05] (5.12e-06, 3.17e-04)
INFO:root:[153,   116] loss: 5.424598e-03 masks: 21.8 17.5 [wd: 1.17e-01] [lr: 8.60e-04] [mem: 5.66e+03] (173.4 ms)
INFO:root:[153,   116] grad_stats: [6.95e-05 2.21e-05] (5.54e-06, 4.92e-04)
INFO:root:[153,   232] loss: 5.464934e-03 masks: 22.0 17.3 [wd: 1.17e-01] [lr: 8.58e-04] [mem: 5.66e+03] (174.0 ms)
INFO:root:[153,   232] grad_stats: [1.37e-04 2.62e-05] (6.03e-06, 5.37e-04)
INFO:root:avg. loss 5.46493403e-03
INFO:root:time taken for epoch 0:00:54.080099
INFO:root:Epoch 154
INFO:root:[154,     0] loss: 5.188440e-03 masks: 20.0 20.0 [wd: 1.17e-01] [lr: 8.58e-04] [mem: 5.66e+03] (170.7 ms)
INFO:root:[154,     0] grad_stats: [6.38e-05 2.96e-05] (5.31e-06, 8.09e-04)
INFO:root:[154,   116] loss: 5.361576e-03 masks: 21.6 17.7 [wd: 1.17e-01] [lr: 8.57e-04] [mem: 5.66e+03] (173.3 ms)
INFO:root:[154,   116] grad_stats: [1.29e-04 2.83e-05] (6.70e-06, 4.28e-04)
INFO:root:[154,   232] loss: 5.443521e-03 masks: 22.3 17.2 [wd: 1.18e-01] [lr: 8.56e-04] [mem: 5.66e+03] (175.0 ms)
INFO:root:[154,   232] grad_stats: [7.08e-05 2.04e-05] (4.96e-06, 3.99e-04)
INFO:root:avg. loss 5.44352065e-03
INFO:root:time taken for epoch 0:00:54.296263
INFO:root:Epoch 155
INFO:root:[155,     0] loss: 5.697670e-03 masks: 26.0 16.0 [wd: 1.18e-01] [lr: 8.56e-04] [mem: 5.66e+03] (181.0 ms)
INFO:root:[155,     0] grad_stats: [2.34e-04 3.32e-05] (7.33e-06, 5.88e-04)
INFO:root:[155,   116] loss: 5.535500e-03 masks: 22.6 16.9 [wd: 1.18e-01] [lr: 8.55e-04] [mem: 5.66e+03] (174.7 ms)
INFO:root:[155,   116] grad_stats: [9.25e-05 1.92e-05] (4.55e-06, 2.68e-04)
INFO:root:[155,   232] loss: 5.521408e-03 masks: 22.4 17.0 [wd: 1.19e-01] [lr: 8.54e-04] [mem: 5.66e+03] (174.8 ms)
INFO:root:[155,   232] grad_stats: [2.34e-04 3.18e-05] (7.28e-06, 9.47e-04)
INFO:root:avg. loss 5.52140807e-03
INFO:root:time taken for epoch 0:00:54.337952
INFO:root:Epoch 156
INFO:root:[156,     0] loss: 5.530064e-03 masks: 25.0 16.0 [wd: 1.19e-01] [lr: 8.54e-04] [mem: 5.66e+03] (178.4 ms)
INFO:root:[156,     0] grad_stats: [1.70e-04 3.00e-05] (6.24e-06, 5.00e-04)
INFO:root:[156,   116] loss: 5.529143e-03 masks: 22.6 17.1 [wd: 1.19e-01] [lr: 8.52e-04] [mem: 5.66e+03] (175.0 ms)
INFO:root:[156,   116] grad_stats: [1.78e-04 2.87e-05] (6.63e-06, 7.70e-04)
INFO:root:[156,   232] loss: 5.550771e-03 masks: 22.2 17.2 [wd: 1.20e-01] [lr: 8.51e-04] [mem: 5.66e+03] (174.4 ms)
INFO:root:[156,   232] grad_stats: [1.09e-04 3.51e-05] (8.83e-06, 1.20e-03)
INFO:root:avg. loss 5.55077080e-03
INFO:root:time taken for epoch 0:00:54.096579
INFO:root:Epoch 157
INFO:root:[157,     0] loss: 5.720690e-03 masks: 23.0 16.0 [wd: 1.20e-01] [lr: 8.51e-04] [mem: 5.66e+03] (171.8 ms)
INFO:root:[157,     0] grad_stats: [1.59e-04 4.33e-05] (6.74e-06, 5.60e-04)
INFO:root:[157,   116] loss: 5.428495e-03 masks: 21.4 17.6 [wd: 1.20e-01] [lr: 8.50e-04] [mem: 5.66e+03] (172.4 ms)
INFO:root:[157,   116] grad_stats: [1.16e-04 2.62e-05] (5.94e-06, 6.00e-04)
INFO:root:[157,   232] loss: 5.447625e-03 masks: 21.5 17.5 [wd: 1.21e-01] [lr: 8.49e-04] [mem: 5.66e+03] (173.1 ms)
INFO:root:[157,   232] grad_stats: [2.20e-04 2.20e-05] (7.01e-06, 5.24e-04)
INFO:root:avg. loss 5.44762499e-03
INFO:root:time taken for epoch 0:00:53.862649
INFO:root:Epoch 158
INFO:root:[158,     0] loss: 5.204707e-03 masks: 24.0 16.0 [wd: 1.21e-01] [lr: 8.49e-04] [mem: 5.66e+03] (176.8 ms)
INFO:root:[158,     0] grad_stats: [2.68e-04 2.27e-05] (7.04e-06, 7.55e-04)
INFO:root:[158,   116] loss: 5.545996e-03 masks: 22.2 17.2 [wd: 1.21e-01] [lr: 8.48e-04] [mem: 5.66e+03] (174.1 ms)
INFO:root:[158,   116] grad_stats: [1.08e-04 2.23e-05] (5.41e-06, 6.41e-04)
INFO:root:[158,   232] loss: 5.497489e-03 masks: 22.0 17.3 [wd: 1.22e-01] [lr: 8.46e-04] [mem: 5.66e+03] (174.0 ms)
INFO:root:[158,   232] grad_stats: [1.04e-04 2.55e-05] (7.26e-06, 7.06e-04)
INFO:root:avg. loss 5.49748875e-03
INFO:root:time taken for epoch 0:00:54.056347
INFO:root:Epoch 159
INFO:root:[159,     0] loss: 4.742675e-03 masks: 20.0 20.0 [wd: 1.22e-01] [lr: 8.46e-04] [mem: 5.66e+03] (171.0 ms)
INFO:root:[159,     0] grad_stats: [1.84e-04 2.72e-05] (7.43e-06, 5.08e-04)
INFO:root:[159,   116] loss: 5.457421e-03 masks: 21.6 17.5 [wd: 1.22e-01] [lr: 8.45e-04] [mem: 5.66e+03] (173.0 ms)
INFO:root:[159,   116] grad_stats: [1.99e-04 3.32e-05] (8.57e-06, 1.20e-03)
INFO:root:[159,   232] loss: 5.488756e-03 masks: 22.1 17.3 [wd: 1.23e-01] [lr: 8.44e-04] [mem: 5.66e+03] (174.4 ms)
INFO:root:[159,   232] grad_stats: [1.89e-04 2.03e-05] (4.71e-06, 3.90e-04)
INFO:root:avg. loss 5.48875643e-03
INFO:root:time taken for epoch 0:00:54.137987
INFO:root:Epoch 160
INFO:root:[160,     0] loss: 6.154068e-03 masks: 24.0 16.0 [wd: 1.23e-01] [lr: 8.44e-04] [mem: 5.66e+03] (175.4 ms)
INFO:root:[160,     0] grad_stats: [1.89e-04 2.50e-05] (5.57e-06, 4.60e-04)
INFO:root:[160,   116] loss: 5.558253e-03 masks: 22.6 17.1 [wd: 1.23e-01] [lr: 8.43e-04] [mem: 5.66e+03] (175.1 ms)
INFO:root:[160,   116] grad_stats: [1.27e-04 2.07e-05] (4.61e-06, 5.65e-04)
INFO:root:[160,   232] loss: 5.579477e-03 masks: 22.5 17.0 [wd: 1.24e-01] [lr: 8.41e-04] [mem: 5.66e+03] (175.2 ms)
INFO:root:[160,   232] grad_stats: [1.69e-04 3.02e-05] (6.34e-06, 3.94e-04)
INFO:root:avg. loss 5.57947684e-03
INFO:root:time taken for epoch 0:00:54.363234
INFO:root:Epoch 161
INFO:root:[161,     0] loss: 6.240239e-03 masks: 23.0 16.0 [wd: 1.24e-01] [lr: 8.41e-04] [mem: 5.66e+03] (171.8 ms)
INFO:root:[161,     0] grad_stats: [8.86e-05 2.40e-05] (7.54e-06, 6.99e-04)
INFO:root:[161,   116] loss: 5.476979e-03 masks: 21.3 17.6 [wd: 1.24e-01] [lr: 8.40e-04] [mem: 5.66e+03] (172.5 ms)
INFO:root:[161,   116] grad_stats: [1.63e-04 3.27e-05] (9.86e-06, 7.09e-04)
INFO:root:[161,   232] loss: 5.536008e-03 masks: 21.7 17.4 [wd: 1.25e-01] [lr: 8.39e-04] [mem: 5.66e+03] (173.7 ms)
INFO:root:[161,   232] grad_stats: [1.19e-04 2.46e-05] (5.97e-06, 6.87e-04)
INFO:root:avg. loss 5.53600761e-03
INFO:root:time taken for epoch 0:00:54.012611
INFO:root:Epoch 162
INFO:root:[162,     0] loss: 4.778490e-03 masks: 19.0 20.0 [wd: 1.25e-01] [lr: 8.39e-04] [mem: 5.66e+03] (169.7 ms)
INFO:root:[162,     0] grad_stats: [2.72e-04 3.16e-05] (7.37e-06, 9.74e-04)
INFO:root:[162,   116] loss: 5.559975e-03 masks: 21.4 17.3 [wd: 1.25e-01] [lr: 8.38e-04] [mem: 5.66e+03] (172.6 ms)
INFO:root:[162,   116] grad_stats: [1.70e-04 3.48e-05] (8.95e-06, 5.71e-04)
INFO:root:[162,   232] loss: 5.538932e-03 masks: 21.8 17.3 [wd: 1.25e-01] [lr: 8.36e-04] [mem: 5.66e+03] (173.8 ms)
INFO:root:[162,   232] grad_stats: [1.11e-04 2.69e-05] (7.10e-06, 4.92e-04)
INFO:root:avg. loss 5.53893203e-03
INFO:root:time taken for epoch 0:00:54.001376
INFO:root:Epoch 163
INFO:root:[163,     0] loss: 5.471385e-03 masks: 24.0 16.0 [wd: 1.25e-01] [lr: 8.36e-04] [mem: 5.66e+03] (176.4 ms)
INFO:root:[163,     0] grad_stats: [2.91e-04 3.47e-05] (6.45e-06, 4.11e-04)
INFO:root:[163,   116] loss: 5.510687e-03 masks: 21.8 17.6 [wd: 1.26e-01] [lr: 8.35e-04] [mem: 5.66e+03] (173.6 ms)
INFO:root:[163,   116] grad_stats: [6.85e-05 2.55e-05] (5.51e-06, 2.51e-04)
INFO:root:[163,   232] loss: 5.538494e-03 masks: 22.0 17.3 [wd: 1.26e-01] [lr: 8.34e-04] [mem: 5.66e+03] (174.2 ms)
INFO:root:[163,   232] grad_stats: [1.01e-04 1.99e-05] (5.53e-06, 3.90e-04)
INFO:root:avg. loss 5.53849353e-03
INFO:root:time taken for epoch 0:00:54.206696
INFO:root:Epoch 164
INFO:root:[164,     0] loss: 5.678482e-03 masks: 25.0 16.0 [wd: 1.26e-01] [lr: 8.34e-04] [mem: 5.66e+03] (178.0 ms)
INFO:root:[164,     0] grad_stats: [1.63e-04 2.46e-05] (7.00e-06, 5.08e-04)
INFO:root:[164,   116] loss: 5.447562e-03 masks: 21.8 17.5 [wd: 1.27e-01] [lr: 8.33e-04] [mem: 5.66e+03] (173.4 ms)
INFO:root:[164,   116] grad_stats: [2.01e-04 2.46e-05] (6.82e-06, 7.00e-04)
INFO:root:[164,   232] loss: 5.528631e-03 masks: 21.5 17.5 [wd: 1.27e-01] [lr: 8.31e-04] [mem: 5.66e+03] (173.0 ms)
INFO:root:[164,   232] grad_stats: [1.53e-04 2.53e-05] (7.15e-06, 3.29e-04)
INFO:root:avg. loss 5.52863058e-03
INFO:root:time taken for epoch 0:00:53.712211
INFO:root:Epoch 165
INFO:root:[165,     0] loss: 4.726705e-03 masks: 21.0 20.0 [wd: 1.27e-01] [lr: 8.31e-04] [mem: 5.66e+03] (173.8 ms)
INFO:root:[165,     0] grad_stats: [1.08e-04 1.70e-05] (4.97e-06, 3.21e-04)
INFO:root:[165,   116] loss: 5.454388e-03 masks: 21.5 17.6 [wd: 1.28e-01] [lr: 8.30e-04] [mem: 5.66e+03] (172.9 ms)
INFO:root:[165,   116] grad_stats: [1.11e-04 2.35e-05] (6.66e-06, 5.30e-04)
INFO:root:[165,   232] loss: 5.495767e-03 masks: 21.5 17.5 [wd: 1.28e-01] [lr: 8.29e-04] [mem: 5.66e+03] (173.2 ms)
INFO:root:[165,   232] grad_stats: [6.23e-05 2.41e-05] (5.89e-06, 6.47e-04)
INFO:root:avg. loss 5.49576679e-03
INFO:root:time taken for epoch 0:00:53.946589
INFO:root:Epoch 166
INFO:root:[166,     0] loss: 5.878007e-03 masks: 20.0 16.0 [wd: 1.28e-01] [lr: 8.29e-04] [mem: 5.66e+03] (166.5 ms)
INFO:root:[166,     0] grad_stats: [8.42e-05 2.73e-05] (6.47e-06, 8.27e-04)
INFO:root:[166,   116] loss: 5.656055e-03 masks: 23.0 16.7 [wd: 1.29e-01] [lr: 8.27e-04] [mem: 5.66e+03] (175.5 ms)
INFO:root:[166,   116] grad_stats: [1.28e-04 3.07e-05] (7.77e-06, 9.45e-04)
INFO:root:[166,   232] loss: 5.642043e-03 masks: 22.4 16.9 [wd: 1.29e-01] [lr: 8.26e-04] [mem: 5.66e+03] (174.7 ms)
INFO:root:[166,   232] grad_stats: [1.10e-04 3.60e-05] (7.83e-06, 6.42e-04)
INFO:root:avg. loss 5.64204257e-03
INFO:root:time taken for epoch 0:00:54.323517
INFO:root:Epoch 167
INFO:root:[167,     0] loss: 5.877863e-03 masks: 25.0 16.0 [wd: 1.29e-01] [lr: 8.26e-04] [mem: 5.66e+03] (178.4 ms)
INFO:root:[167,     0] grad_stats: [6.57e-05 2.01e-05] (6.33e-06, 5.64e-04)
INFO:root:[167,   116] loss: 5.603916e-03 masks: 21.9 17.2 [wd: 1.30e-01] [lr: 8.25e-04] [mem: 5.66e+03] (173.2 ms)
INFO:root:[167,   116] grad_stats: [1.31e-04 2.10e-05] (5.60e-06, 3.13e-04)
INFO:root:[167,   232] loss: 5.571087e-03 masks: 21.8 17.2 [wd: 1.30e-01] [lr: 8.24e-04] [mem: 5.66e+03] (173.4 ms)
INFO:root:[167,   232] grad_stats: [9.77e-05 2.83e-05] (6.56e-06, 3.73e-04)
INFO:root:avg. loss 5.57108720e-03
INFO:root:time taken for epoch 0:00:54.006179
INFO:root:Epoch 168
INFO:root:[168,     0] loss: 5.563375e-03 masks: 24.0 16.0 [wd: 1.30e-01] [lr: 8.24e-04] [mem: 5.66e+03] (176.6 ms)
INFO:root:[168,     0] grad_stats: [2.43e-04 4.36e-05] (1.04e-05, 6.92e-04)
INFO:root:[168,   116] loss: 5.538663e-03 masks: 21.7 17.6 [wd: 1.31e-01] [lr: 8.22e-04] [mem: 5.66e+03] (173.3 ms)
INFO:root:[168,   116] grad_stats: [2.12e-04 2.78e-05] (7.35e-06, 5.78e-04)
INFO:root:[168,   232] loss: 5.574632e-03 masks: 21.9 17.4 [wd: 1.31e-01] [lr: 8.21e-04] [mem: 5.66e+03] (174.0 ms)
INFO:root:[168,   232] grad_stats: [1.52e-04 3.05e-05] (6.91e-06, 5.22e-04)
INFO:root:avg. loss 5.57463250e-03
INFO:root:time taken for epoch 0:00:54.097462
INFO:root:Epoch 169
INFO:root:[169,     0] loss: 6.547668e-03 masks: 21.0 16.0 [wd: 1.31e-01] [lr: 8.21e-04] [mem: 5.66e+03] (167.4 ms)
INFO:root:[169,     0] grad_stats: [2.64e-04 2.90e-05] (8.60e-06, 6.81e-04)
INFO:root:[169,   116] loss: 5.644054e-03 masks: 22.0 17.2 [wd: 1.32e-01] [lr: 8.20e-04] [mem: 5.66e+03] (173.3 ms)
INFO:root:[169,   116] grad_stats: [1.13e-04 3.30e-05] (7.80e-06, 1.13e-03)
INFO:root:[169,   232] loss: 5.598742e-03 masks: 22.0 17.2 [wd: 1.32e-01] [lr: 8.18e-04] [mem: 5.66e+03] (173.9 ms)
INFO:root:[169,   232] grad_stats: [4.88e-05 2.65e-05] (6.27e-06, 7.06e-04)
INFO:root:avg. loss 5.59874186e-03
INFO:root:time taken for epoch 0:00:53.979362
INFO:root:Epoch 170
INFO:root:[170,     0] loss: 4.692701e-03 masks: 20.0 20.0 [wd: 1.32e-01] [lr: 8.18e-04] [mem: 5.66e+03] (167.7 ms)
INFO:root:[170,     0] grad_stats: [5.84e-05 1.98e-05] (5.26e-06, 2.77e-04)
INFO:root:[170,   116] loss: 5.602483e-03 masks: 22.5 17.0 [wd: 1.33e-01] [lr: 8.17e-04] [mem: 5.66e+03] (174.7 ms)
INFO:root:[170,   116] grad_stats: [1.21e-04 5.91e-05] (9.87e-06, 5.77e-04)
INFO:root:[170,   232] loss: 5.565352e-03 masks: 21.9 17.4 [wd: 1.33e-01] [lr: 8.16e-04] [mem: 5.66e+03] (174.0 ms)
INFO:root:[170,   232] grad_stats: [2.11e-04 2.77e-05] (7.26e-06, 5.13e-04)
INFO:root:avg. loss 5.56535158e-03
INFO:root:time taken for epoch 0:00:54.057063
INFO:root:Epoch 171
INFO:root:[171,     0] loss: 5.222166e-03 masks: 25.0 16.0 [wd: 1.33e-01] [lr: 8.16e-04] [mem: 5.66e+03] (177.6 ms)
INFO:root:[171,     0] grad_stats: [1.45e-04 3.23e-05] (8.38e-06, 8.38e-04)
INFO:root:[171,   116] loss: 5.666345e-03 masks: 22.7 16.8 [wd: 1.34e-01] [lr: 8.14e-04] [mem: 5.66e+03] (174.8 ms)
INFO:root:[171,   116] grad_stats: [2.73e-04 4.06e-05] (1.21e-05, 1.04e-03)
INFO:root:[171,   232] loss: 5.638745e-03 masks: 22.5 16.9 [wd: 1.34e-01] [lr: 8.13e-04] [mem: 5.66e+03] (175.0 ms)
INFO:root:[171,   232] grad_stats: [1.56e-04 3.04e-05] (8.08e-06, 4.20e-04)
INFO:root:avg. loss 5.63874540e-03
INFO:root:time taken for epoch 0:00:54.278001
INFO:root:Epoch 172
INFO:root:[172,     0] loss: 5.207923e-03 masks: 17.0 20.0 [wd: 1.34e-01] [lr: 8.13e-04] [mem: 5.66e+03] (163.1 ms)
INFO:root:[172,     0] grad_stats: [6.63e-05 2.43e-05] (6.81e-06, 3.43e-04)
INFO:root:[172,   116] loss: 5.611810e-03 masks: 21.8 17.3 [wd: 1.35e-01] [lr: 8.12e-04] [mem: 5.66e+03] (173.3 ms)
INFO:root:[172,   116] grad_stats: [5.39e-05 2.42e-05] (6.97e-06, 4.27e-04)
INFO:root:[172,   232] loss: 5.573136e-03 masks: 21.6 17.5 [wd: 1.35e-01] [lr: 8.10e-04] [mem: 5.66e+03] (173.4 ms)
INFO:root:[172,   232] grad_stats: [1.83e-04 4.27e-05] (8.59e-06, 1.90e-03)
INFO:root:avg. loss 5.57313583e-03
INFO:root:time taken for epoch 0:00:53.943750
INFO:root:Epoch 173
INFO:root:[173,     0] loss: 6.090420e-03 masks: 21.0 16.0 [wd: 1.35e-01] [lr: 8.10e-04] [mem: 5.66e+03] (168.2 ms)
INFO:root:[173,     0] grad_stats: [6.91e-05 2.61e-05] (7.87e-06, 4.43e-04)
INFO:root:[173,   116] loss: 5.635410e-03 masks: 22.3 17.1 [wd: 1.36e-01] [lr: 8.09e-04] [mem: 5.66e+03] (174.4 ms)
INFO:root:[173,   116] grad_stats: [8.45e-05 2.81e-05] (6.34e-06, 5.27e-04)
INFO:root:[173,   232] loss: 5.581480e-03 masks: 22.0 17.3 [wd: 1.36e-01] [lr: 8.08e-04] [mem: 5.66e+03] (174.3 ms)
INFO:root:[173,   232] grad_stats: [1.14e-04 2.46e-05] (5.91e-06, 2.48e-04)
INFO:root:avg. loss 5.58148021e-03
INFO:root:time taken for epoch 0:00:54.194299
INFO:root:Epoch 174
INFO:root:[174,     0] loss: 4.295127e-03 masks: 18.0 20.0 [wd: 1.36e-01] [lr: 8.08e-04] [mem: 5.66e+03] (166.3 ms)
INFO:root:[174,     0] grad_stats: [1.63e-04 2.24e-05] (6.89e-06, 5.54e-04)
INFO:root:[174,   116] loss: 5.618464e-03 masks: 21.9 17.3 [wd: 1.37e-01] [lr: 8.06e-04] [mem: 5.66e+03] (173.4 ms)
INFO:root:[174,   116] grad_stats: [2.07e-04 2.87e-05] (6.84e-06, 6.29e-04)
INFO:root:[174,   232] loss: 5.618370e-03 masks: 21.7 17.3 [wd: 1.37e-01] [lr: 8.05e-04] [mem: 5.66e+03] (173.3 ms)
INFO:root:[174,   232] grad_stats: [9.04e-05 2.81e-05] (8.11e-06, 5.30e-04)
INFO:root:avg. loss 5.61837013e-03
INFO:root:time taken for epoch 0:00:53.954122
INFO:root:Epoch 175
INFO:root:[175,     0] loss: 6.026092e-03 masks: 22.0 16.0 [wd: 1.37e-01] [lr: 8.05e-04] [mem: 5.66e+03] (170.7 ms)
INFO:root:[175,     0] grad_stats: [1.98e-04 2.99e-05] (8.82e-06, 7.09e-04)
INFO:root:[175,   116] loss: 5.562378e-03 masks: 22.1 17.3 [wd: 1.38e-01] [lr: 8.04e-04] [mem: 5.66e+03] (174.1 ms)
INFO:root:[175,   116] grad_stats: [1.52e-04 3.16e-05] (8.47e-06, 3.75e-04)
INFO:root:[175,   232] loss: 5.580790e-03 masks: 22.1 17.3 [wd: 1.38e-01] [lr: 8.02e-04] [mem: 5.66e+03] (174.3 ms)
INFO:root:[175,   232] grad_stats: [1.33e-04 2.87e-05] (8.18e-06, 4.29e-04)
INFO:root:avg. loss 5.58078967e-03
INFO:root:time taken for epoch 0:00:54.084327
INFO:root:Epoch 176
INFO:root:[176,     0] loss: 5.086882e-03 masks: 18.0 20.0 [wd: 1.38e-01] [lr: 8.02e-04] [mem: 5.66e+03] (165.2 ms)
INFO:root:[176,     0] grad_stats: [1.39e-04 1.93e-05] (5.83e-06, 2.68e-04)
INFO:root:[176,   116] loss: 5.554297e-03 masks: 22.0 17.3 [wd: 1.39e-01] [lr: 8.01e-04] [mem: 5.66e+03] (173.6 ms)
INFO:root:[176,   116] grad_stats: [1.75e-04 2.84e-05] (8.86e-06, 5.05e-04)
INFO:root:[176,   232] loss: 5.569764e-03 masks: 22.2 17.2 [wd: 1.39e-01] [lr: 8.00e-04] [mem: 5.66e+03] (174.5 ms)
INFO:root:[176,   232] grad_stats: [2.38e-04 3.21e-05] (1.10e-05, 6.76e-04)
INFO:root:avg. loss 5.56976390e-03
INFO:root:time taken for epoch 0:00:54.267665
INFO:root:Epoch 177
INFO:root:[177,     0] loss: 5.332261e-03 masks: 17.0 20.0 [wd: 1.39e-01] [lr: 8.00e-04] [mem: 5.66e+03] (162.7 ms)
INFO:root:[177,     0] grad_stats: [2.10e-04 2.24e-05] (7.94e-06, 4.67e-04)
INFO:root:[177,   116] loss: 5.582182e-03 masks: 22.2 17.3 [wd: 1.40e-01] [lr: 7.98e-04] [mem: 5.66e+03] (174.3 ms)
INFO:root:[177,   116] grad_stats: [2.52e-04 3.35e-05] (1.03e-05, 1.24e-03)
INFO:root:[177,   232] loss: 5.579234e-03 masks: 22.0 17.3 [wd: 1.40e-01] [lr: 7.97e-04] [mem: 5.66e+03] (174.2 ms)
INFO:root:[177,   232] grad_stats: [9.16e-05 2.64e-05] (8.29e-06, 4.44e-04)
INFO:root:avg. loss 5.57923359e-03
INFO:root:time taken for epoch 0:00:54.071872
INFO:root:Epoch 178
INFO:root:[178,     0] loss: 4.972669e-03 masks: 18.0 20.0 [wd: 1.40e-01] [lr: 7.97e-04] [mem: 5.66e+03] (164.8 ms)
INFO:root:[178,     0] grad_stats: [1.23e-04 2.36e-05] (7.03e-06, 6.50e-04)
INFO:root:[178,   116] loss: 5.603299e-03 masks: 22.9 17.0 [wd: 1.41e-01] [lr: 7.95e-04] [mem: 5.66e+03] (175.7 ms)
INFO:root:[178,   116] grad_stats: [2.09e-04 2.99e-05] (8.20e-06, 8.13e-04)
INFO:root:[178,   232] loss: 5.525124e-03 masks: 22.1 17.4 [wd: 1.41e-01] [lr: 7.94e-04] [mem: 5.66e+03] (174.4 ms)
INFO:root:[178,   232] grad_stats: [1.20e-04 2.19e-05] (5.94e-06, 4.90e-04)
INFO:root:avg. loss 5.52512382e-03
INFO:root:time taken for epoch 0:00:54.201081
INFO:root:Epoch 179
INFO:root:[179,     0] loss: 5.176110e-03 masks: 17.0 20.0 [wd: 1.41e-01] [lr: 7.94e-04] [mem: 5.66e+03] (162.1 ms)
INFO:root:[179,     0] grad_stats: [1.06e-04 2.50e-05] (7.24e-06, 8.24e-04)
INFO:root:[179,   116] loss: 5.476815e-03 masks: 20.8 17.9 [wd: 1.42e-01] [lr: 7.93e-04] [mem: 5.66e+03] (171.4 ms)
INFO:root:[179,   116] grad_stats: [1.35e-04 3.46e-05] (8.96e-06, 6.57e-04)
INFO:root:[179,   232] loss: 5.517987e-03 masks: 21.5 17.6 [wd: 1.42e-01] [lr: 7.91e-04] [mem: 5.66e+03] (173.3 ms)
INFO:root:[179,   232] grad_stats: [2.77e-04 3.21e-05] (8.10e-06, 1.07e-03)
INFO:root:avg. loss 5.51798729e-03
INFO:root:time taken for epoch 0:00:53.947667
INFO:root:Epoch 180
INFO:root:[180,     0] loss: 4.856784e-03 masks: 21.0 20.0 [wd: 1.42e-01] [lr: 7.91e-04] [mem: 5.66e+03] (173.3 ms)
INFO:root:[180,     0] grad_stats: [9.94e-05 1.81e-05] (7.19e-06, 3.43e-04)
INFO:root:[180,   116] loss: 5.524698e-03 masks: 21.4 17.6 [wd: 1.43e-01] [lr: 7.90e-04] [mem: 5.66e+03] (172.4 ms)
INFO:root:[180,   116] grad_stats: [6.90e-05 2.46e-05] (6.20e-06, 3.25e-04)
INFO:root:[180,   232] loss: 5.581704e-03 masks: 21.4 17.4 [wd: 1.43e-01] [lr: 7.89e-04] [mem: 5.66e+03] (172.7 ms)
INFO:root:[180,   232] grad_stats: [1.33e-04 2.11e-05] (6.20e-06, 3.05e-04)
INFO:root:avg. loss 5.58170378e-03
INFO:root:time taken for epoch 0:00:53.762905
INFO:root:Epoch 181
INFO:root:[181,     0] loss: 5.223799e-03 masks: 25.0 16.0 [wd: 1.43e-01] [lr: 7.89e-04] [mem: 5.66e+03] (178.2 ms)
INFO:root:[181,     0] grad_stats: [2.41e-04 2.67e-05] (7.52e-06, 9.06e-04)
INFO:root:[181,   116] loss: 5.586199e-03 masks: 21.4 17.4 [wd: 1.44e-01] [lr: 7.87e-04] [mem: 5.66e+03] (172.2 ms)
INFO:root:[181,   116] grad_stats: [8.31e-05 2.40e-05] (7.86e-06, 4.73e-04)
INFO:root:[181,   232] loss: 5.568209e-03 masks: 21.8 17.3 [wd: 1.44e-01] [lr: 7.86e-04] [mem: 5.66e+03] (173.5 ms)
INFO:root:[181,   232] grad_stats: [2.34e-04 2.98e-05] (7.80e-06, 6.76e-04)
INFO:root:avg. loss 5.56820877e-03
INFO:root:time taken for epoch 0:00:53.998677
INFO:root:Epoch 182
INFO:root:[182,     0] loss: 5.321507e-03 masks: 27.0 16.0 [wd: 1.44e-01] [lr: 7.86e-04] [mem: 5.66e+03] (185.5 ms)
INFO:root:[182,     0] grad_stats: [6.59e-05 3.22e-05] (9.32e-06, 1.02e-03)
INFO:root:[182,   116] loss: 5.521360e-03 masks: 22.3 17.4 [wd: 1.45e-01] [lr: 7.84e-04] [mem: 5.66e+03] (175.1 ms)
INFO:root:[182,   116] grad_stats: [7.49e-05 2.62e-05] (6.80e-06, 4.00e-04)
INFO:root:[182,   232] loss: 5.499488e-03 masks: 22.1 17.5 [wd: 1.45e-01] [lr: 7.83e-04] [mem: 5.66e+03] (174.9 ms)
INFO:root:[182,   232] grad_stats: [2.25e-04 4.28e-05] (1.02e-05, 2.03e-03)
INFO:root:avg. loss 5.49948782e-03
INFO:root:time taken for epoch 0:00:54.300958
INFO:root:Epoch 183
INFO:root:[183,     0] loss: 5.043914e-03 masks: 18.0 20.0 [wd: 1.45e-01] [lr: 7.83e-04] [mem: 5.66e+03] (166.3 ms)
INFO:root:[183,     0] grad_stats: [1.10e-04 2.70e-05] (6.94e-06, 8.52e-04)
INFO:root:[183,   116] loss: 5.462419e-03 masks: 21.5 17.6 [wd: 1.46e-01] [lr: 7.82e-04] [mem: 5.66e+03] (172.6 ms)
INFO:root:[183,   116] grad_stats: [1.71e-04 3.00e-05] (9.13e-06, 5.15e-04)
INFO:root:[183,   232] loss: 5.522968e-03 masks: 21.6 17.5 [wd: 1.46e-01] [lr: 7.80e-04] [mem: 5.66e+03] (173.3 ms)
INFO:root:[183,   232] grad_stats: [7.65e-05 2.59e-05] (8.05e-06, 3.65e-04)
INFO:root:avg. loss 5.52296765e-03
INFO:root:time taken for epoch 0:00:53.938696
INFO:root:Epoch 184
INFO:root:[184,     0] loss: 5.297753e-03 masks: 21.0 20.0 [wd: 1.46e-01] [lr: 7.80e-04] [mem: 5.66e+03] (173.0 ms)
INFO:root:[184,     0] grad_stats: [7.96e-05 2.26e-05] (6.59e-06, 5.51e-04)
INFO:root:[184,   116] loss: 5.640365e-03 masks: 21.7 17.3 [wd: 1.47e-01] [lr: 7.79e-04] [mem: 5.66e+03] (172.8 ms)
INFO:root:[184,   116] grad_stats: [1.02e-04 2.47e-05] (7.75e-06, 5.01e-04)
INFO:root:[184,   232] loss: 5.613159e-03 masks: 21.6 17.4 [wd: 1.47e-01] [lr: 7.77e-04] [mem: 5.66e+03] (173.2 ms)
INFO:root:[184,   232] grad_stats: [1.28e-04 3.15e-05] (9.45e-06, 8.66e-04)
INFO:root:avg. loss 5.61315866e-03
INFO:root:time taken for epoch 0:00:53.913214
INFO:root:Epoch 185
INFO:root:[185,     0] loss: 5.525308e-03 masks: 16.0 20.0 [wd: 1.47e-01] [lr: 7.77e-04] [mem: 5.66e+03] (158.4 ms)
INFO:root:[185,     0] grad_stats: [7.93e-05 2.49e-05] (7.06e-06, 4.44e-04)
INFO:root:[185,   116] loss: 5.736032e-03 masks: 21.8 17.0 [wd: 1.48e-01] [lr: 7.76e-04] [mem: 5.66e+03] (172.7 ms)
INFO:root:[185,   116] grad_stats: [1.57e-04 3.00e-05] (8.62e-06, 8.86e-04)
INFO:root:[185,   232] loss: 5.701716e-03 masks: 22.2 17.0 [wd: 1.49e-01] [lr: 7.74e-04] [mem: 5.66e+03] (174.1 ms)
INFO:root:[185,   232] grad_stats: [2.00e-04 3.78e-05] (1.08e-05, 8.27e-04)
INFO:root:avg. loss 5.70171629e-03
INFO:root:time taken for epoch 0:00:54.198754
INFO:root:Epoch 186
INFO:root:[186,     0] loss: 6.247313e-03 masks: 20.0 16.0 [wd: 1.49e-01] [lr: 7.74e-04] [mem: 5.66e+03] (165.2 ms)
INFO:root:[186,     0] grad_stats: [1.34e-04 3.25e-05] (9.43e-06, 7.94e-04)
INFO:root:[186,   116] loss: 5.691546e-03 masks: 22.0 17.0 [wd: 1.49e-01] [lr: 7.73e-04] [mem: 5.66e+03] (173.2 ms)
INFO:root:[186,   116] grad_stats: [2.35e-04 3.39e-05] (8.57e-06, 9.26e-04)
INFO:root:[186,   232] loss: 5.690328e-03 masks: 22.5 16.8 [wd: 1.50e-01] [lr: 7.72e-04] [mem: 5.66e+03] (174.8 ms)
INFO:root:[186,   232] grad_stats: [1.19e-04 2.67e-05] (7.65e-06, 4.40e-04)
INFO:root:avg. loss 5.69032759e-03
INFO:root:time taken for epoch 0:00:54.217902
INFO:root:Epoch 187
INFO:root:[187,     0] loss: 5.563577e-03 masks: 27.0 16.0 [wd: 1.50e-01] [lr: 7.72e-04] [mem: 5.66e+03] (184.9 ms)
INFO:root:[187,     0] grad_stats: [1.19e-04 3.46e-05] (8.22e-06, 1.21e-03)
INFO:root:[187,   116] loss: 5.652761e-03 masks: 22.0 17.2 [wd: 1.50e-01] [lr: 7.70e-04] [mem: 5.66e+03] (173.4 ms)
INFO:root:[187,   116] grad_stats: [8.53e-05 2.42e-05] (7.72e-06, 5.66e-04)
INFO:root:[187,   232] loss: 5.616096e-03 masks: 21.8 17.3 [wd: 1.51e-01] [lr: 7.69e-04] [mem: 5.66e+03] (173.4 ms)
INFO:root:[187,   232] grad_stats: [1.14e-04 3.36e-05] (8.66e-06, 7.22e-04)
INFO:root:avg. loss 5.61609645e-03
INFO:root:time taken for epoch 0:00:53.956333
INFO:root:Epoch 188
INFO:root:[188,     0] loss: 5.864215e-03 masks: 22.0 16.0 [wd: 1.51e-01] [lr: 7.69e-04] [mem: 5.66e+03] (170.6 ms)
INFO:root:[188,     0] grad_stats: [1.34e-04 3.20e-05] (8.81e-06, 5.54e-04)
INFO:root:[188,   116] loss: 5.585374e-03 masks: 20.8 17.7 [wd: 1.51e-01] [lr: 7.67e-04] [mem: 5.66e+03] (170.8 ms)
INFO:root:[188,   116] grad_stats: [1.25e-04 2.92e-05] (9.06e-06, 7.02e-04)
INFO:root:[188,   232] loss: 5.646357e-03 masks: 21.3 17.4 [wd: 1.52e-01] [lr: 7.66e-04] [mem: 5.66e+03] (172.3 ms)
INFO:root:[188,   232] grad_stats: [7.96e-05 3.11e-05] (8.36e-06, 9.51e-04)
INFO:root:avg. loss 5.64635700e-03
INFO:root:time taken for epoch 0:00:53.672485
INFO:root:Epoch 189
INFO:root:[189,     0] loss: 5.447327e-03 masks: 27.0 16.0 [wd: 1.52e-01] [lr: 7.66e-04] [mem: 5.66e+03] (186.1 ms)
INFO:root:[189,     0] grad_stats: [2.10e-04 2.68e-05] (9.24e-06, 4.94e-04)
INFO:root:[189,   116] loss: 5.689032e-03 masks: 22.7 16.9 [wd: 1.52e-01] [lr: 7.64e-04] [mem: 5.66e+03] (174.9 ms)
INFO:root:[189,   116] grad_stats: [1.14e-04 3.01e-05] (7.41e-06, 4.70e-04)
INFO:root:[189,   232] loss: 5.620194e-03 masks: 22.2 17.1 [wd: 1.53e-01] [lr: 7.63e-04] [mem: 5.66e+03] (174.5 ms)
INFO:root:[189,   232] grad_stats: [7.51e-05 2.90e-05] (9.71e-06, 4.19e-04)
INFO:root:avg. loss 5.62019357e-03
INFO:root:time taken for epoch 0:00:54.275818
INFO:root:Epoch 190
INFO:root:[190,     0] loss: 6.391798e-03 masks: 20.0 16.0 [wd: 1.53e-01] [lr: 7.63e-04] [mem: 5.66e+03] (164.5 ms)
INFO:root:[190,     0] grad_stats: [8.56e-05 3.17e-05] (9.72e-06, 4.69e-04)
INFO:root:[190,   116] loss: 5.558098e-03 masks: 22.0 17.4 [wd: 1.53e-01] [lr: 7.61e-04] [mem: 5.66e+03] (173.9 ms)
INFO:root:[190,   116] grad_stats: [2.13e-04 2.64e-05] (8.24e-06, 8.60e-04)
INFO:root:[190,   232] loss: 5.564547e-03 masks: 22.1 17.3 [wd: 1.54e-01] [lr: 7.60e-04] [mem: 5.66e+03] (174.4 ms)
INFO:root:[190,   232] grad_stats: [1.11e-04 2.23e-05] (8.05e-06, 4.86e-04)
INFO:root:avg. loss 5.56454686e-03
INFO:root:time taken for epoch 0:00:54.235431
INFO:root:Epoch 191
INFO:root:[191,     0] loss: 5.266280e-03 masks: 16.0 20.0 [wd: 1.54e-01] [lr: 7.60e-04] [mem: 5.66e+03] (159.2 ms)
INFO:root:[191,     0] grad_stats: [1.19e-04 3.99e-05] (9.35e-06, 7.62e-04)
INFO:root:[191,   116] loss: 5.475978e-03 masks: 21.8 17.6 [wd: 1.54e-01] [lr: 7.59e-04] [mem: 5.66e+03] (173.6 ms)
INFO:root:[191,   116] grad_stats: [1.05e-04 2.25e-05] (7.26e-06, 5.53e-04)
INFO:root:[191,   232] loss: 5.520151e-03 masks: 22.0 17.4 [wd: 1.55e-01] [lr: 7.57e-04] [mem: 5.66e+03] (174.5 ms)
INFO:root:[191,   232] grad_stats: [2.78e-04 3.84e-05] (1.24e-05, 8.95e-04)
INFO:root:avg. loss 5.52015075e-03
INFO:root:time taken for epoch 0:00:54.148532
INFO:root:Epoch 192
INFO:root:[192,     0] loss: 6.396853e-03 masks: 17.0 16.0 [wd: 1.55e-01] [lr: 7.57e-04] [mem: 5.66e+03] (155.5 ms)
INFO:root:[192,     0] grad_stats: [2.17e-04 4.20e-05] (1.15e-05, 1.26e-03)
INFO:root:[192,   116] loss: 5.592765e-03 masks: 21.6 17.3 [wd: 1.55e-01] [lr: 7.56e-04] [mem: 5.66e+03] (172.4 ms)
INFO:root:[192,   116] grad_stats: [1.47e-04 2.62e-05] (7.68e-06, 8.59e-04)
INFO:root:[192,   232] loss: 5.634962e-03 masks: 21.9 17.1 [wd: 1.56e-01] [lr: 7.54e-04] [mem: 5.66e+03] (173.4 ms)
INFO:root:[192,   232] grad_stats: [1.74e-04 2.66e-05] (8.18e-06, 3.78e-04)
INFO:root:avg. loss 5.63496202e-03
INFO:root:time taken for epoch 0:00:53.986264
INFO:root:Epoch 193
INFO:root:[193,     0] loss: 5.335101e-03 masks: 20.0 20.0 [wd: 1.56e-01] [lr: 7.54e-04] [mem: 5.66e+03] (171.3 ms)
INFO:root:[193,     0] grad_stats: [5.00e-05 2.37e-05] (8.86e-06, 8.23e-04)
INFO:root:[193,   116] loss: 5.563510e-03 masks: 21.5 17.4 [wd: 1.56e-01] [lr: 7.53e-04] [mem: 5.66e+03] (172.3 ms)
INFO:root:[193,   116] grad_stats: [9.92e-05 2.52e-05] (7.33e-06, 9.21e-04)
INFO:root:[193,   232] loss: 5.591058e-03 masks: 22.0 17.3 [wd: 1.57e-01] [lr: 7.51e-04] [mem: 5.66e+03] (174.2 ms)
INFO:root:[193,   232] grad_stats: [1.83e-04 3.28e-05] (8.96e-06, 1.69e-03)
INFO:root:avg. loss 5.59105753e-03
INFO:root:time taken for epoch 0:00:54.147614
INFO:root:Epoch 194
INFO:root:[194,     0] loss: 5.158084e-03 masks: 26.0 16.0 [wd: 1.57e-01] [lr: 7.51e-04] [mem: 5.66e+03] (181.9 ms)
INFO:root:[194,     0] grad_stats: [1.31e-04 3.44e-05] (1.09e-05, 1.06e-03)
INFO:root:[194,   116] loss: 5.615031e-03 masks: 22.6 17.2 [wd: 1.57e-01] [lr: 7.50e-04] [mem: 5.66e+03] (175.1 ms)
INFO:root:[194,   116] grad_stats: [3.04e-04 2.78e-05] (8.11e-06, 5.51e-04)
INFO:root:[194,   232] loss: 5.643398e-03 masks: 22.1 17.2 [wd: 1.58e-01] [lr: 7.48e-04] [mem: 5.66e+03] (174.4 ms)
INFO:root:[194,   232] grad_stats: [1.18e-04 3.72e-05] (1.03e-05, 7.97e-04)
INFO:root:avg. loss 5.64339838e-03
INFO:root:time taken for epoch 0:00:54.186514
INFO:root:Epoch 195
INFO:root:[195,     0] loss: 4.855112e-03 masks: 18.0 20.0 [wd: 1.58e-01] [lr: 7.48e-04] [mem: 5.66e+03] (166.6 ms)
INFO:root:[195,     0] grad_stats: [1.11e-04 2.65e-05] (6.42e-06, 4.55e-04)
INFO:root:[195,   116] loss: 5.600542e-03 masks: 21.6 17.4 [wd: 1.58e-01] [lr: 7.47e-04] [mem: 5.66e+03] (172.5 ms)
INFO:root:[195,   116] grad_stats: [1.68e-04 1.91e-05] (6.05e-06, 3.67e-04)
INFO:root:[195,   232] loss: 5.593428e-03 masks: 21.2 17.5 [wd: 1.59e-01] [lr: 7.45e-04] [mem: 5.66e+03] (172.2 ms)
INFO:root:[195,   232] grad_stats: [1.60e-04 4.24e-05] (1.15e-05, 1.66e-03)
INFO:root:avg. loss 5.59342767e-03
INFO:root:time taken for epoch 0:00:53.646580
INFO:root:Epoch 196
INFO:root:[196,     0] loss: 4.751729e-03 masks: 21.0 20.0 [wd: 1.59e-01] [lr: 7.45e-04] [mem: 5.66e+03] (173.8 ms)
INFO:root:[196,     0] grad_stats: [6.59e-05 2.63e-05] (8.01e-06, 8.47e-04)
INFO:root:[196,   116] loss: 5.569738e-03 masks: 21.3 17.6 [wd: 1.60e-01] [lr: 7.44e-04] [mem: 5.66e+03] (172.1 ms)
INFO:root:[196,   116] grad_stats: [6.02e-05 2.22e-05] (8.33e-06, 6.50e-04)
INFO:root:[196,   232] loss: 5.595857e-03 masks: 21.5 17.5 [wd: 1.60e-01] [lr: 7.42e-04] [mem: 5.66e+03] (173.0 ms)
INFO:root:[196,   232] grad_stats: [1.68e-04 2.67e-05] (1.02e-05, 4.29e-04)
INFO:root:avg. loss 5.59585747e-03
INFO:root:time taken for epoch 0:00:53.891410
INFO:root:Epoch 197
INFO:root:[197,     0] loss: 6.459247e-03 masks: 20.0 16.0 [wd: 1.60e-01] [lr: 7.42e-04] [mem: 5.66e+03] (167.0 ms)
INFO:root:[197,     0] grad_stats: [6.23e-05 3.34e-05] (1.08e-05, 4.55e-04)
INFO:root:[197,   116] loss: 5.596203e-03 masks: 22.5 17.1 [wd: 1.61e-01] [lr: 7.41e-04] [mem: 5.66e+03] (174.9 ms)
INFO:root:[197,   116] grad_stats: [2.24e-04 2.88e-05] (9.80e-06, 7.53e-04)
INFO:root:[197,   232] loss: 5.612789e-03 masks: 22.1 17.2 [wd: 1.61e-01] [lr: 7.39e-04] [mem: 5.66e+03] (174.2 ms)
INFO:root:[197,   232] grad_stats: [1.18e-04 2.46e-05] (8.31e-06, 4.05e-04)
INFO:root:avg. loss 5.61278854e-03
INFO:root:time taken for epoch 0:00:54.090789
INFO:root:Epoch 198
INFO:root:[198,     0] loss: 4.633594e-03 masks: 19.0 20.0 [wd: 1.61e-01] [lr: 7.39e-04] [mem: 5.66e+03] (170.6 ms)
INFO:root:[198,     0] grad_stats: [1.10e-04 1.98e-05] (7.70e-06, 3.44e-04)
INFO:root:[198,   116] loss: 5.530271e-03 masks: 21.8 17.4 [wd: 1.62e-01] [lr: 7.38e-04] [mem: 5.66e+03] (173.1 ms)
INFO:root:[198,   116] grad_stats: [2.74e-04 3.26e-05] (1.11e-05, 5.81e-04)
INFO:root:[198,   232] loss: 5.558412e-03 masks: 21.9 17.3 [wd: 1.62e-01] [lr: 7.36e-04] [mem: 5.66e+03] (173.9 ms)
INFO:root:[198,   232] grad_stats: [1.76e-04 2.64e-05] (9.26e-06, 6.51e-04)
INFO:root:avg. loss 5.55841167e-03
INFO:root:time taken for epoch 0:00:54.083958
INFO:root:Epoch 199
INFO:root:[199,     0] loss: 6.096838e-03 masks: 23.0 16.0 [wd: 1.62e-01] [lr: 7.36e-04] [mem: 5.66e+03] (172.0 ms)
INFO:root:[199,     0] grad_stats: [1.22e-04 3.78e-05] (1.20e-05, 1.09e-03)
INFO:root:[199,   116] loss: 5.581392e-03 masks: 21.8 17.3 [wd: 1.63e-01] [lr: 7.35e-04] [mem: 5.66e+03] (173.0 ms)
INFO:root:[199,   116] grad_stats: [1.70e-04 3.23e-05] (1.19e-05, 4.51e-04)
INFO:root:[199,   232] loss: 5.561700e-03 masks: 21.8 17.5 [wd: 1.63e-01] [lr: 7.33e-04] [mem: 5.66e+03] (173.7 ms)
INFO:root:[199,   232] grad_stats: [8.99e-05 2.55e-05] (8.84e-06, 4.94e-04)
INFO:root:avg. loss 5.56170023e-03
INFO:root:time taken for epoch 0:00:54.675715
INFO:root:Epoch 200
INFO:root:[200,     0] loss: 4.966663e-03 masks: 23.0 16.0 [wd: 1.63e-01] [lr: 7.33e-04] [mem: 5.66e+03] (171.0 ms)
INFO:root:[200,     0] grad_stats: [1.21e-04 2.96e-05] (9.84e-06, 8.65e-04)
INFO:root:[200,   116] loss: 5.523231e-03 masks: 21.4 17.5 [wd: 1.64e-01] [lr: 7.32e-04] [mem: 5.66e+03] (172.4 ms)
INFO:root:[200,   116] grad_stats: [1.01e-04 2.91e-05] (9.79e-06, 4.64e-04)
INFO:root:[200,   232] loss: 5.586989e-03 masks: 21.7 17.3 [wd: 1.64e-01] [lr: 7.30e-04] [mem: 5.66e+03] (173.5 ms)
INFO:root:[200,   232] grad_stats: [1.37e-04 3.40e-05] (1.10e-05, 5.67e-04)
INFO:root:avg. loss 5.58698902e-03
INFO:root:	Epoch 200, KNN accuracy train: 7.29399e-01, KNN accuracy train: 5.86333e-01
INFO:root:time taken for epoch 0:01:36.185283
INFO:root:Epoch 201
INFO:root:[201,     0] loss: 4.967524e-03 masks: 29.0 16.0 [wd: 1.64e-01] [lr: 7.30e-04] [mem: 5.66e+03] (189.2 ms)
INFO:root:[201,     0] grad_stats: [7.73e-05 2.79e-05] (9.06e-06, 8.42e-04)
INFO:root:[201,   116] loss: 5.579660e-03 masks: 22.0 17.2 [wd: 1.65e-01] [lr: 7.29e-04] [mem: 5.66e+03] (172.9 ms)
INFO:root:[201,   116] grad_stats: [1.79e-04 1.95e-05] (7.30e-06, 6.43e-04)
INFO:root:[201,   232] loss: 5.566499e-03 masks: 22.1 17.2 [wd: 1.65e-01] [lr: 7.27e-04] [mem: 5.66e+03] (173.7 ms)
INFO:root:[201,   232] grad_stats: [1.58e-04 3.02e-05] (1.15e-05, 4.88e-04)
INFO:root:avg. loss 5.56649906e-03
INFO:root:time taken for epoch 0:00:53.829672
INFO:root:Epoch 202
INFO:root:[202,     0] loss: 5.532901e-03 masks: 15.0 20.0 [wd: 1.65e-01] [lr: 7.27e-04] [mem: 5.66e+03] (157.2 ms)
INFO:root:[202,     0] grad_stats: [7.22e-05 2.68e-05] (9.67e-06, 6.07e-04)
INFO:root:[202,   116] loss: 5.525335e-03 masks: 21.3 17.7 [wd: 1.66e-01] [lr: 7.26e-04] [mem: 5.66e+03] (172.0 ms)
INFO:root:[202,   116] grad_stats: [8.43e-05 2.59e-05] (8.60e-06, 5.26e-04)
INFO:root:[202,   232] loss: 5.541466e-03 masks: 21.9 17.4 [wd: 1.67e-01] [lr: 7.24e-04] [mem: 5.66e+03] (173.8 ms)
INFO:root:[202,   232] grad_stats: [1.46e-04 2.75e-05] (8.55e-06, 7.29e-04)
INFO:root:avg. loss 5.54146570e-03
INFO:root:time taken for epoch 0:00:54.036109
INFO:root:Epoch 203
INFO:root:[203,     0] loss: 5.902284e-03 masks: 23.0 16.0 [wd: 1.67e-01] [lr: 7.24e-04] [mem: 5.66e+03] (171.7 ms)
INFO:root:[203,     0] grad_stats: [2.04e-04 3.30e-05] (1.07e-05, 8.50e-04)
INFO:root:[203,   116] loss: 5.598465e-03 masks: 23.3 16.9 [wd: 1.67e-01] [lr: 7.23e-04] [mem: 5.66e+03] (176.5 ms)
INFO:root:[203,   116] grad_stats: [2.14e-04 3.19e-05] (1.08e-05, 1.11e-03)
INFO:root:[203,   232] loss: 5.572054e-03 masks: 22.9 17.0 [wd: 1.68e-01] [lr: 7.21e-04] [mem: 5.66e+03] (176.1 ms)
INFO:root:[203,   232] grad_stats: [1.45e-04 2.86e-05] (9.21e-06, 1.17e-03)
INFO:root:avg. loss 5.57205387e-03
INFO:root:time taken for epoch 0:00:54.608901
INFO:root:Epoch 204
INFO:root:[204,     0] loss: 5.606950e-03 masks: 23.0 16.0 [wd: 1.68e-01] [lr: 7.21e-04] [mem: 5.66e+03] (171.8 ms)
INFO:root:[204,     0] grad_stats: [6.51e-05 3.45e-05] (1.22e-05, 1.59e-03)
INFO:root:[204,   116] loss: 5.524960e-03 masks: 21.5 17.4 [wd: 1.68e-01] [lr: 7.20e-04] [mem: 5.66e+03] (172.7 ms)
INFO:root:[204,   116] grad_stats: [1.16e-04 2.95e-05] (8.54e-06, 3.79e-04)
INFO:root:[204,   232] loss: 5.547270e-03 masks: 22.0 17.3 [wd: 1.69e-01] [lr: 7.18e-04] [mem: 5.66e+03] (174.2 ms)
INFO:root:[204,   232] grad_stats: [1.16e-04 3.01e-05] (9.20e-06, 1.71e-03)
INFO:root:avg. loss 5.54726961e-03
INFO:root:time taken for epoch 0:00:54.029992
INFO:root:Epoch 205
INFO:root:[205,     0] loss: 5.028273e-03 masks: 18.0 20.0 [wd: 1.69e-01] [lr: 7.18e-04] [mem: 5.66e+03] (163.5 ms)
INFO:root:[205,     0] grad_stats: [9.53e-05 3.07e-05] (1.14e-05, 1.33e-03)
INFO:root:[205,   116] loss: 5.479314e-03 masks: 21.6 17.7 [wd: 1.69e-01] [lr: 7.17e-04] [mem: 5.66e+03] (173.3 ms)
INFO:root:[205,   116] grad_stats: [2.93e-04 3.19e-05] (1.15e-05, 6.33e-04)
INFO:root:[205,   232] loss: 5.562264e-03 masks: 22.0 17.3 [wd: 1.70e-01] [lr: 7.15e-04] [mem: 5.66e+03] (174.4 ms)
INFO:root:[205,   232] grad_stats: [8.17e-05 2.21e-05] (7.91e-06, 4.69e-04)
INFO:root:avg. loss 5.56226362e-03
INFO:root:time taken for epoch 0:00:54.132594
INFO:root:Epoch 206
INFO:root:[206,     0] loss: 6.467695e-03 masks: 33.0 12.0 [wd: 1.70e-01] [lr: 7.15e-04] [mem: 5.66e+03] (192.9 ms)
INFO:root:[206,     0] grad_stats: [2.37e-04 4.82e-05] (1.63e-05, 2.11e-03)
INFO:root:[206,   116] loss: 5.651120e-03 masks: 22.0 17.1 [wd: 1.70e-01] [lr: 7.13e-04] [mem: 5.66e+03] (173.4 ms)
INFO:root:[206,   116] grad_stats: [2.39e-04 3.41e-05] (1.11e-05, 6.89e-04)
INFO:root:[206,   232] loss: 5.585762e-03 masks: 21.8 17.3 [wd: 1.71e-01] [lr: 7.12e-04] [mem: 5.66e+03] (173.6 ms)
INFO:root:[206,   232] grad_stats: [7.94e-05 3.27e-05] (1.02e-05, 5.14e-04)
INFO:root:avg. loss 5.58576237e-03
INFO:root:time taken for epoch 0:00:53.999750
INFO:root:Epoch 207
INFO:root:[207,     0] loss: 5.817059e-03 masks: 25.0 16.0 [wd: 1.71e-01] [lr: 7.12e-04] [mem: 5.66e+03] (178.1 ms)
INFO:root:[207,     0] grad_stats: [1.59e-04 3.15e-05] (1.01e-05, 1.23e-03)
INFO:root:[207,   116] loss: 5.536691e-03 masks: 21.7 17.3 [wd: 1.71e-01] [lr: 7.10e-04] [mem: 5.66e+03] (172.8 ms)
INFO:root:[207,   116] grad_stats: [2.65e-04 3.37e-05] (1.36e-05, 6.64e-04)
INFO:root:[207,   232] loss: 5.592766e-03 masks: 22.1 17.2 [wd: 1.72e-01] [lr: 7.09e-04] [mem: 5.66e+03] (174.3 ms)
INFO:root:[207,   232] grad_stats: [1.15e-04 2.41e-05] (8.60e-06, 5.34e-04)
INFO:root:avg. loss 5.59276601e-03
INFO:root:time taken for epoch 0:00:54.208161
INFO:root:Epoch 208
INFO:root:[208,     0] loss: 5.477355e-03 masks: 14.0 20.0 [wd: 1.72e-01] [lr: 7.09e-04] [mem: 5.66e+03] (154.9 ms)
INFO:root:[208,     0] grad_stats: [6.80e-05 3.11e-05] (1.05e-05, 7.19e-04)
INFO:root:[208,   116] loss: 5.531463e-03 masks: 22.1 17.2 [wd: 1.73e-01] [lr: 7.07e-04] [mem: 5.66e+03] (173.8 ms)
INFO:root:[208,   116] grad_stats: [6.38e-05 2.84e-05] (9.00e-06, 9.94e-04)
INFO:root:[208,   232] loss: 5.552837e-03 masks: 22.1 17.2 [wd: 1.73e-01] [lr: 7.06e-04] [mem: 5.66e+03] (174.4 ms)
INFO:root:[208,   232] grad_stats: [9.33e-05 2.48e-05] (7.51e-06, 1.11e-03)
INFO:root:avg. loss 5.55283719e-03
INFO:root:time taken for epoch 0:00:54.107521
INFO:root:Epoch 209
INFO:root:[209,     0] loss: 5.203266e-03 masks: 20.0 20.0 [wd: 1.73e-01] [lr: 7.06e-04] [mem: 5.66e+03] (170.7 ms)
INFO:root:[209,     0] grad_stats: [7.56e-05 3.55e-05] (9.20e-06, 1.18e-03)
INFO:root:[209,   116] loss: 5.484995e-03 masks: 21.7 17.5 [wd: 1.74e-01] [lr: 7.04e-04] [mem: 5.66e+03] (173.3 ms)
INFO:root:[209,   116] grad_stats: [1.01e-04 1.97e-05] (8.23e-06, 2.76e-04)
INFO:root:[209,   232] loss: 5.530046e-03 masks: 22.1 17.3 [wd: 1.74e-01] [lr: 7.03e-04] [mem: 5.66e+03] (174.6 ms)
INFO:root:[209,   232] grad_stats: [2.14e-04 4.88e-05] (1.92e-05, 1.40e-03)
INFO:root:avg. loss 5.53004646e-03
INFO:root:time taken for epoch 0:00:54.162919
INFO:root:Epoch 210
INFO:root:[210,     0] loss: 5.160074e-03 masks: 28.0 16.0 [wd: 1.74e-01] [lr: 7.03e-04] [mem: 5.66e+03] (187.0 ms)
INFO:root:[210,     0] grad_stats: [6.22e-05 3.08e-05] (8.75e-06, 7.59e-04)
INFO:root:[210,   116] loss: 5.564699e-03 masks: 21.4 17.4 [wd: 1.75e-01] [lr: 7.01e-04] [mem: 5.66e+03] (172.3 ms)
INFO:root:[210,   116] grad_stats: [1.99e-04 2.87e-05] (1.26e-05, 6.73e-04)
INFO:root:[210,   232] loss: 5.533372e-03 masks: 21.4 17.4 [wd: 1.75e-01] [lr: 7.00e-04] [mem: 5.66e+03] (172.7 ms)
INFO:root:[210,   232] grad_stats: [1.27e-04 3.19e-05] (1.19e-05, 4.00e-04)
INFO:root:avg. loss 5.53337188e-03
INFO:root:time taken for epoch 0:00:53.811460
INFO:root:Epoch 211
INFO:root:[211,     0] loss: 5.899423e-03 masks: 23.0 16.0 [wd: 1.75e-01] [lr: 6.99e-04] [mem: 5.66e+03] (169.7 ms)
INFO:root:[211,     0] grad_stats: [2.00e-04 3.17e-05] (1.08e-05, 1.06e-03)
INFO:root:[211,   116] loss: 5.661274e-03 masks: 23.2 16.5 [wd: 1.76e-01] [lr: 6.98e-04] [mem: 5.66e+03] (176.0 ms)
INFO:root:[211,   116] grad_stats: [7.82e-05 4.47e-05] (1.39e-05, 9.40e-04)
INFO:root:[211,   232] loss: 5.595076e-03 masks: 22.7 16.9 [wd: 1.76e-01] [lr: 6.96e-04] [mem: 5.66e+03] (175.6 ms)
INFO:root:[211,   232] grad_stats: [1.13e-04 3.19e-05] (1.07e-05, 1.10e-03)
INFO:root:avg. loss 5.59507589e-03
INFO:root:time taken for epoch 0:00:54.467907
INFO:root:Epoch 212
INFO:root:[212,     0] loss: 4.783970e-03 masks: 19.0 20.0 [wd: 1.76e-01] [lr: 6.96e-04] [mem: 5.66e+03] (168.1 ms)
INFO:root:[212,     0] grad_stats: [1.90e-04 2.72e-05] (9.34e-06, 4.99e-04)
INFO:root:[212,   116] loss: 5.491753e-03 masks: 22.4 17.1 [wd: 1.77e-01] [lr: 6.95e-04] [mem: 5.66e+03] (174.7 ms)
INFO:root:[212,   116] grad_stats: [1.13e-04 3.51e-05] (1.15e-05, 2.09e-03)
INFO:root:[212,   232] loss: 5.521152e-03 masks: 22.2 17.2 [wd: 1.77e-01] [lr: 6.93e-04] [mem: 5.66e+03] (174.7 ms)
INFO:root:[212,   232] grad_stats: [1.23e-04 3.14e-05] (9.83e-06, 8.36e-04)
INFO:root:avg. loss 5.52115221e-03
INFO:root:time taken for epoch 0:00:54.235921
INFO:root:Epoch 213
INFO:root:[213,     0] loss: 5.254568e-03 masks: 25.0 16.0 [wd: 1.77e-01] [lr: 6.93e-04] [mem: 5.66e+03] (179.3 ms)
INFO:root:[213,     0] grad_stats: [9.39e-05 4.73e-05] (1.35e-05, 1.84e-03)
INFO:root:[213,   116] loss: 5.623758e-03 masks: 21.4 17.4 [wd: 1.78e-01] [lr: 6.92e-04] [mem: 5.66e+03] (172.2 ms)
INFO:root:[213,   116] grad_stats: [9.27e-05 2.88e-05] (8.97e-06, 6.77e-04)
INFO:root:[213,   232] loss: 5.611416e-03 masks: 22.0 17.2 [wd: 1.79e-01] [lr: 6.90e-04] [mem: 5.66e+03] (173.8 ms)
INFO:root:[213,   232] grad_stats: [1.77e-04 2.88e-05] (1.08e-05, 1.07e-03)
INFO:root:avg. loss 5.61141590e-03
INFO:root:time taken for epoch 0:00:54.069023
INFO:root:Epoch 214
INFO:root:[214,     0] loss: 4.893029e-03 masks: 19.0 20.0 [wd: 1.79e-01] [lr: 6.90e-04] [mem: 5.66e+03] (169.1 ms)
INFO:root:[214,     0] grad_stats: [1.39e-04 2.49e-05] (8.51e-06, 5.77e-04)
INFO:root:[214,   116] loss: 5.632430e-03 masks: 22.1 17.1 [wd: 1.79e-01] [lr: 6.88e-04] [mem: 5.66e+03] (173.5 ms)
INFO:root:[214,   116] grad_stats: [1.84e-04 4.96e-05] (1.56e-05, 6.50e-04)
INFO:root:[214,   232] loss: 5.547354e-03 masks: 21.6 17.3 [wd: 1.80e-01] [lr: 6.87e-04] [mem: 5.66e+03] (173.2 ms)
INFO:root:[214,   232] grad_stats: [1.44e-04 2.92e-05] (8.96e-06, 4.65e-04)
INFO:root:avg. loss 5.54735351e-03
INFO:root:time taken for epoch 0:00:53.915556
INFO:root:Epoch 215
INFO:root:[215,     0] loss: 5.451194e-03 masks: 26.0 16.0 [wd: 1.80e-01] [lr: 6.87e-04] [mem: 5.66e+03] (182.6 ms)
INFO:root:[215,     0] grad_stats: [1.78e-04 3.55e-05] (1.33e-05, 1.27e-03)
INFO:root:[215,   116] loss: 5.552616e-03 masks: 22.1 17.1 [wd: 1.80e-01] [lr: 6.85e-04] [mem: 5.66e+03] (173.7 ms)
INFO:root:[215,   116] grad_stats: [1.09e-04 3.27e-05] (1.14e-05, 4.46e-04)
INFO:root:[215,   232] loss: 5.502766e-03 masks: 21.8 17.3 [wd: 1.81e-01] [lr: 6.84e-04] [mem: 5.66e+03] (173.8 ms)
INFO:root:[215,   232] grad_stats: [9.55e-05 3.41e-05] (1.22e-05, 5.99e-04)
INFO:root:avg. loss 5.50276633e-03
INFO:root:time taken for epoch 0:00:53.977207
INFO:root:Epoch 216
INFO:root:[216,     0] loss: 5.438827e-03 masks: 37.0 12.0 [wd: 1.81e-01] [lr: 6.84e-04] [mem: 5.66e+03] (204.6 ms)
INFO:root:[216,     0] grad_stats: [1.31e-04 3.65e-05] (1.39e-05, 1.35e-03)
INFO:root:[216,   116] loss: 5.437600e-03 masks: 21.5 17.6 [wd: 1.81e-01] [lr: 6.82e-04] [mem: 5.66e+03] (172.7 ms)
INFO:root:[216,   116] grad_stats: [1.44e-04 3.23e-05] (1.14e-05, 4.90e-04)
INFO:root:[216,   232] loss: 5.482960e-03 masks: 21.3 17.6 [wd: 1.82e-01] [lr: 6.81e-04] [mem: 5.66e+03] (172.7 ms)
INFO:root:[216,   232] grad_stats: [9.02e-05 2.93e-05] (1.11e-05, 5.71e-04)
INFO:root:avg. loss 5.48296038e-03
INFO:root:time taken for epoch 0:00:53.829502
INFO:root:Epoch 217
INFO:root:[217,     0] loss: 6.067198e-03 masks: 20.0 16.0 [wd: 1.82e-01] [lr: 6.81e-04] [mem: 5.66e+03] (166.2 ms)
INFO:root:[217,     0] grad_stats: [1.81e-04 4.52e-05] (1.59e-05, 6.24e-04)
INFO:root:[217,   116] loss: 5.511742e-03 masks: 21.9 17.2 [wd: 1.82e-01] [lr: 6.79e-04] [mem: 5.66e+03] (173.1 ms)
INFO:root:[217,   116] grad_stats: [2.29e-04 3.03e-05] (1.16e-05, 8.33e-04)
INFO:root:[217,   232] loss: 5.530283e-03 masks: 21.9 17.2 [wd: 1.83e-01] [lr: 6.77e-04] [mem: 5.66e+03] (173.8 ms)
INFO:root:[217,   232] grad_stats: [6.86e-05 2.80e-05] (8.97e-06, 5.41e-04)
INFO:root:avg. loss 5.53028266e-03
INFO:root:time taken for epoch 0:00:54.054156
INFO:root:Epoch 218
INFO:root:[218,     0] loss: 5.366577e-03 masks: 35.0 12.0 [wd: 1.83e-01] [lr: 6.77e-04] [mem: 5.66e+03] (198.1 ms)
INFO:root:[218,     0] grad_stats: [1.50e-04 4.04e-05] (1.68e-05, 1.16e-03)
INFO:root:[218,   116] loss: 5.543809e-03 masks: 22.2 17.2 [wd: 1.84e-01] [lr: 6.76e-04] [mem: 5.66e+03] (174.0 ms)
INFO:root:[218,   116] grad_stats: [1.07e-04 2.57e-05] (8.79e-06, 6.16e-04)
INFO:root:[218,   232] loss: 5.517228e-03 masks: 21.8 17.3 [wd: 1.84e-01] [lr: 6.74e-04] [mem: 5.66e+03] (173.7 ms)
INFO:root:[218,   232] grad_stats: [1.11e-04 2.58e-05] (9.69e-06, 9.10e-04)
INFO:root:avg. loss 5.51722781e-03
INFO:root:time taken for epoch 0:00:54.010540
INFO:root:Epoch 219
INFO:root:[219,     0] loss: 5.625003e-03 masks: 14.0 20.0 [wd: 1.84e-01] [lr: 6.74e-04] [mem: 5.66e+03] (154.8 ms)
INFO:root:[219,     0] grad_stats: [1.03e-04 4.64e-05] (1.35e-05, 2.10e-03)
INFO:root:[219,   116] loss: 5.675233e-03 masks: 22.4 16.8 [wd: 1.85e-01] [lr: 6.73e-04] [mem: 5.66e+03] (174.0 ms)
INFO:root:[219,   116] grad_stats: [1.29e-04 3.82e-05] (1.28e-05, 1.41e-03)
INFO:root:[219,   232] loss: 5.581340e-03 masks: 22.0 17.2 [wd: 1.85e-01] [lr: 6.71e-04] [mem: 5.66e+03] (174.1 ms)
INFO:root:[219,   232] grad_stats: [1.27e-04 2.78e-05] (1.15e-05, 8.28e-04)
INFO:root:avg. loss 5.58134028e-03
INFO:root:time taken for epoch 0:00:54.109196
INFO:root:Epoch 220
INFO:root:[220,     0] loss: 5.617246e-03 masks: 12.0 20.0 [wd: 1.85e-01] [lr: 6.71e-04] [mem: 5.66e+03] (147.9 ms)
INFO:root:[220,     0] grad_stats: [9.48e-05 2.79e-05] (9.60e-06, 5.34e-04)
INFO:root:[220,   116] loss: 5.588122e-03 masks: 21.8 17.2 [wd: 1.86e-01] [lr: 6.69e-04] [mem: 5.66e+03] (173.0 ms)
INFO:root:[220,   116] grad_stats: [1.63e-04 3.64e-05] (1.11e-05, 7.62e-04)
INFO:root:[220,   232] loss: 5.547814e-03 masks: 21.9 17.2 [wd: 1.86e-01] [lr: 6.68e-04] [mem: 5.66e+03] (173.7 ms)
INFO:root:[220,   232] grad_stats: [7.21e-05 3.14e-05] (1.34e-05, 8.63e-04)
INFO:root:avg. loss 5.54781437e-03
INFO:root:time taken for epoch 0:00:53.927941
INFO:root:Epoch 221
INFO:root:[221,     0] loss: 5.418016e-03 masks: 27.0 16.0 [wd: 1.86e-01] [lr: 6.68e-04] [mem: 5.66e+03] (184.1 ms)
INFO:root:[221,     0] grad_stats: [1.67e-04 3.36e-05] (1.14e-05, 2.15e-03)
INFO:root:[221,   116] loss: 5.476010e-03 masks: 21.6 17.4 [wd: 1.87e-01] [lr: 6.66e-04] [mem: 5.66e+03] (172.6 ms)
INFO:root:[221,   116] grad_stats: [1.61e-04 2.89e-05] (1.18e-05, 6.45e-04)
INFO:root:[221,   232] loss: 5.453002e-03 masks: 21.5 17.6 [wd: 1.87e-01] [lr: 6.65e-04] [mem: 5.66e+03] (173.1 ms)
INFO:root:[221,   232] grad_stats: [2.01e-04 2.88e-05] (1.24e-05, 1.11e-03)
INFO:root:avg. loss 5.45300229e-03
INFO:root:time taken for epoch 0:00:53.935089
INFO:root:Epoch 222
INFO:root:[222,     0] loss: 5.564950e-03 masks: 28.0 16.0 [wd: 1.87e-01] [lr: 6.65e-04] [mem: 5.66e+03] (187.5 ms)
INFO:root:[222,     0] grad_stats: [2.63e-04 3.79e-05] (1.23e-05, 9.38e-04)
INFO:root:[222,   116] loss: 5.473774e-03 masks: 20.9 17.5 [wd: 1.88e-01] [lr: 6.63e-04] [mem: 5.66e+03] (170.9 ms)
INFO:root:[222,   116] grad_stats: [1.20e-04 3.34e-05] (1.24e-05, 1.78e-03)
INFO:root:[222,   232] loss: 5.496692e-03 masks: 21.5 17.4 [wd: 1.88e-01] [lr: 6.61e-04] [mem: 5.66e+03] (173.1 ms)
INFO:root:[222,   232] grad_stats: [1.68e-04 4.32e-05] (1.68e-05, 1.82e-03)
INFO:root:avg. loss 5.49669243e-03
INFO:root:time taken for epoch 0:00:53.822298
INFO:root:Epoch 223
INFO:root:[223,     0] loss: 6.098562e-03 masks: 24.0 16.0 [wd: 1.89e-01] [lr: 6.61e-04] [mem: 5.66e+03] (176.0 ms)
INFO:root:[223,     0] grad_stats: [2.20e-04 3.88e-05] (1.43e-05, 1.93e-03)
INFO:root:[223,   116] loss: 5.534262e-03 masks: 22.0 17.3 [wd: 1.89e-01] [lr: 6.60e-04] [mem: 5.66e+03] (173.6 ms)
INFO:root:[223,   116] grad_stats: [1.27e-04 3.65e-05] (1.27e-05, 1.96e-03)
INFO:root:[223,   232] loss: 5.500125e-03 masks: 22.2 17.2 [wd: 1.90e-01] [lr: 6.58e-04] [mem: 5.66e+03] (174.5 ms)
INFO:root:[223,   232] grad_stats: [2.18e-04 6.11e-05] (1.73e-05, 2.40e-03)
INFO:root:avg. loss 5.50012488e-03
INFO:root:time taken for epoch 0:00:54.247095
INFO:root:Epoch 224
INFO:root:[224,     0] loss: 4.804001e-03 masks: 20.0 20.0 [wd: 1.90e-01] [lr: 6.58e-04] [mem: 5.66e+03] (170.3 ms)
INFO:root:[224,     0] grad_stats: [1.08e-04 2.86e-05] (1.03e-05, 8.32e-04)
INFO:root:[224,   116] loss: 5.510248e-03 masks: 22.0 17.2 [wd: 1.90e-01] [lr: 6.56e-04] [mem: 5.66e+03] (173.7 ms)
INFO:root:[224,   116] grad_stats: [1.71e-04 4.20e-05] (1.67e-05, 1.68e-03)
INFO:root:[224,   232] loss: 5.483595e-03 masks: 21.8 17.4 [wd: 1.91e-01] [lr: 6.55e-04] [mem: 5.66e+03] (173.7 ms)
INFO:root:[224,   232] grad_stats: [1.65e-04 4.96e-05] (1.61e-05, 1.37e-03)
INFO:root:avg. loss 5.48359545e-03
INFO:root:time taken for epoch 0:00:54.068538
INFO:root:Epoch 225
INFO:root:[225,     0] loss: 6.115849e-03 masks: 25.0 16.0 [wd: 1.91e-01] [lr: 6.55e-04] [mem: 5.66e+03] (179.9 ms)
INFO:root:[225,     0] grad_stats: [1.86e-04 3.21e-05] (1.17e-05, 1.14e-03)
INFO:root:[225,   116] loss: 5.500624e-03 masks: 21.5 17.5 [wd: 1.91e-01] [lr: 6.53e-04] [mem: 5.66e+03] (172.6 ms)
INFO:root:[225,   116] grad_stats: [6.66e-05 2.46e-05] (1.06e-05, 4.64e-04)
INFO:root:[225,   232] loss: 5.508763e-03 masks: 21.8 17.3 [wd: 1.92e-01] [lr: 6.52e-04] [mem: 5.66e+03] (173.9 ms)
INFO:root:[225,   232] grad_stats: [1.05e-04 3.80e-05] (1.22e-05, 8.50e-04)
INFO:root:avg. loss 5.50876348e-03
INFO:root:time taken for epoch 0:00:54.074100
INFO:root:Epoch 226
INFO:root:[226,     0] loss: 4.851290e-03 masks: 18.0 20.0 [wd: 1.92e-01] [lr: 6.52e-04] [mem: 5.66e+03] (166.4 ms)
INFO:root:[226,     0] grad_stats: [1.26e-04 3.58e-05] (1.23e-05, 4.97e-04)
INFO:root:[226,   116] loss: 5.444592e-03 masks: 22.2 17.4 [wd: 1.92e-01] [lr: 6.50e-04] [mem: 5.66e+03] (174.4 ms)
INFO:root:[226,   116] grad_stats: [1.54e-04 3.58e-05] (1.46e-05, 4.49e-04)
INFO:root:[226,   232] loss: 5.475257e-03 masks: 21.9 17.4 [wd: 1.93e-01] [lr: 6.48e-04] [mem: 5.66e+03] (174.1 ms)
INFO:root:[226,   232] grad_stats: [2.58e-04 3.67e-05] (1.41e-05, 1.53e-03)
INFO:root:avg. loss 5.47525695e-03
INFO:root:time taken for epoch 0:00:54.102761
INFO:root:Epoch 227
INFO:root:[227,     0] loss: 6.980389e-03 masks: 33.0 12.0 [wd: 1.93e-01] [lr: 6.48e-04] [mem: 5.66e+03] (194.7 ms)
INFO:root:[227,     0] grad_stats: [7.30e-05 3.30e-05] (1.21e-05, 5.79e-04)
INFO:root:[227,   116] loss: 5.517484e-03 masks: 22.3 17.2 [wd: 1.94e-01] [lr: 6.47e-04] [mem: 5.66e+03] (174.6 ms)
INFO:root:[227,   116] grad_stats: [1.46e-04 2.88e-05] (1.07e-05, 5.89e-04)
INFO:root:[227,   232] loss: 5.586557e-03 masks: 22.6 16.9 [wd: 1.94e-01] [lr: 6.45e-04] [mem: 5.66e+03] (175.5 ms)
INFO:root:[227,   232] grad_stats: [1.06e-04 3.07e-05] (1.23e-05, 1.71e-03)
INFO:root:avg. loss 5.58655749e-03
INFO:root:time taken for epoch 0:00:54.471364
INFO:root:Epoch 228
INFO:root:[228,     0] loss: 5.742417e-03 masks: 25.0 16.0 [wd: 1.94e-01] [lr: 6.45e-04] [mem: 5.66e+03] (176.8 ms)
INFO:root:[228,     0] grad_stats: [2.21e-04 3.76e-05] (1.38e-05, 1.35e-03)
INFO:root:[228,   116] loss: 5.521904e-03 masks: 21.5 17.3 [wd: 1.95e-01] [lr: 6.43e-04] [mem: 5.66e+03] (172.2 ms)
INFO:root:[228,   116] grad_stats: [8.37e-05 3.66e-05] (1.19e-05, 2.18e-03)
INFO:root:[228,   232] loss: 5.475757e-03 masks: 21.6 17.4 [wd: 1.95e-01] [lr: 6.42e-04] [mem: 5.66e+03] (173.2 ms)
INFO:root:[228,   232] grad_stats: [1.41e-04 3.20e-05] (1.05e-05, 7.06e-04)
INFO:root:avg. loss 5.47575694e-03
INFO:root:time taken for epoch 0:00:53.900325
INFO:root:Epoch 229
INFO:root:[229,     0] loss: 5.207599e-03 masks: 17.0 20.0 [wd: 1.95e-01] [lr: 6.42e-04] [mem: 5.66e+03] (161.9 ms)
INFO:root:[229,     0] grad_stats: [7.92e-05 2.89e-05] (1.07e-05, 5.64e-04)
INFO:root:[229,   116] loss: 5.439426e-03 masks: 21.8 17.4 [wd: 1.96e-01] [lr: 6.40e-04] [mem: 5.66e+03] (173.2 ms)
INFO:root:[229,   116] grad_stats: [2.15e-04 3.26e-05] (1.35e-05, 1.24e-03)
INFO:root:[229,   232] loss: 5.462776e-03 masks: 21.6 17.4 [wd: 1.96e-01] [lr: 6.39e-04] [mem: 5.66e+03] (173.3 ms)
INFO:root:[229,   232] grad_stats: [1.01e-04 3.04e-05] (1.21e-05, 7.74e-04)
INFO:root:avg. loss 5.46277623e-03
INFO:root:time taken for epoch 0:00:53.897873
INFO:root:Epoch 230
INFO:root:[230,     0] loss: 5.763596e-03 masks: 17.0 20.0 [wd: 1.96e-01] [lr: 6.39e-04] [mem: 5.66e+03] (161.3 ms)
INFO:root:[230,     0] grad_stats: [1.18e-04 4.04e-05] (1.53e-05, 6.20e-04)
INFO:root:[230,   116] loss: 5.421159e-03 masks: 22.3 17.2 [wd: 1.97e-01] [lr: 6.37e-04] [mem: 5.66e+03] (174.5 ms)
INFO:root:[230,   116] grad_stats: [1.33e-04 2.85e-05] (1.21e-05, 9.29e-04)
INFO:root:[230,   232] loss: 5.467097e-03 masks: 22.3 17.2 [wd: 1.97e-01] [lr: 6.35e-04] [mem: 5.66e+03] (175.0 ms)
INFO:root:[230,   232] grad_stats: [1.59e-04 3.42e-05] (1.47e-05, 5.03e-04)
INFO:root:avg. loss 5.46709724e-03
INFO:root:time taken for epoch 0:00:54.339954
INFO:root:Epoch 231
INFO:root:[231,     0] loss: 5.749160e-03 masks: 24.0 16.0 [wd: 1.97e-01] [lr: 6.35e-04] [mem: 5.66e+03] (176.2 ms)
INFO:root:[231,     0] grad_stats: [2.60e-04 3.43e-05] (1.49e-05, 9.18e-04)
INFO:root:[231,   116] loss: 5.513411e-03 masks: 22.0 17.2 [wd: 1.98e-01] [lr: 6.34e-04] [mem: 5.66e+03] (173.8 ms)
INFO:root:[231,   116] grad_stats: [5.52e-05 3.09e-05] (1.16e-05, 7.10e-04)
INFO:root:[231,   232] loss: 5.518933e-03 masks: 22.1 17.2 [wd: 1.99e-01] [lr: 6.32e-04] [mem: 5.66e+03] (174.4 ms)
INFO:root:[231,   232] grad_stats: [1.53e-04 3.96e-05] (1.52e-05, 5.62e-04)
INFO:root:avg. loss 5.51893288e-03
INFO:root:time taken for epoch 0:00:54.131738
INFO:root:Epoch 232
INFO:root:[232,     0] loss: 6.931356e-03 masks: 34.0 12.0 [wd: 1.99e-01] [lr: 6.32e-04] [mem: 5.66e+03] (196.8 ms)
INFO:root:[232,     0] grad_stats: [1.01e-04 5.73e-05] (1.74e-05, 3.42e-03)
INFO:root:[232,   116] loss: 5.487290e-03 masks: 22.1 17.3 [wd: 1.99e-01] [lr: 6.30e-04] [mem: 5.66e+03] (173.9 ms)
INFO:root:[232,   116] grad_stats: [1.21e-04 4.62e-05] (1.55e-05, 1.04e-03)
INFO:root:[232,   232] loss: 5.482326e-03 masks: 22.2 17.3 [wd: 2.00e-01] [lr: 6.29e-04] [mem: 5.66e+03] (174.6 ms)
INFO:root:[232,   232] grad_stats: [1.64e-04 2.74e-05] (1.08e-05, 1.71e-03)
INFO:root:avg. loss 5.48232588e-03
INFO:root:time taken for epoch 0:00:54.303180
INFO:root:Epoch 233
INFO:root:[233,     0] loss: 6.351146e-03 masks: 35.0 12.0 [wd: 2.00e-01] [lr: 6.29e-04] [mem: 5.66e+03] (198.0 ms)
INFO:root:[233,     0] grad_stats: [1.62e-04 3.65e-05] (1.47e-05, 1.78e-03)
INFO:root:[233,   116] loss: 5.439608e-03 masks: 21.5 17.4 [wd: 2.00e-01] [lr: 6.27e-04] [mem: 5.66e+03] (172.5 ms)
INFO:root:[233,   116] grad_stats: [2.35e-04 4.34e-05] (1.56e-05, 1.77e-03)
INFO:root:[233,   232] loss: 5.480690e-03 masks: 21.6 17.3 [wd: 2.01e-01] [lr: 6.25e-04] [mem: 5.66e+03] (173.2 ms)
INFO:root:[233,   232] grad_stats: [1.68e-04 3.62e-05] (1.28e-05, 9.63e-04)
INFO:root:avg. loss 5.48069033e-03
INFO:root:time taken for epoch 0:00:53.903570
INFO:root:Epoch 234
INFO:root:[234,     0] loss: 5.812266e-03 masks: 23.0 16.0 [wd: 2.01e-01] [lr: 6.25e-04] [mem: 5.66e+03] (172.4 ms)
INFO:root:[234,     0] grad_stats: [2.04e-04 3.71e-05] (1.35e-05, 1.17e-03)
INFO:root:[234,   116] loss: 5.468685e-03 masks: 22.0 17.3 [wd: 2.01e-01] [lr: 6.24e-04] [mem: 5.66e+03] (173.8 ms)
INFO:root:[234,   116] grad_stats: [1.51e-04 2.70e-05] (1.04e-05, 4.27e-04)
INFO:root:[234,   232] loss: 5.458797e-03 masks: 22.2 17.2 [wd: 2.02e-01] [lr: 6.22e-04] [mem: 5.66e+03] (174.7 ms)
INFO:root:[234,   232] grad_stats: [1.22e-04 3.50e-05] (1.23e-05, 1.29e-03)
INFO:root:avg. loss 5.45879701e-03
INFO:root:time taken for epoch 0:00:54.297608
INFO:root:Epoch 235
INFO:root:[235,     0] loss: 5.307812e-03 masks: 27.0 16.0 [wd: 2.02e-01] [lr: 6.22e-04] [mem: 5.66e+03] (186.0 ms)
INFO:root:[235,     0] grad_stats: [8.27e-05 3.14e-05] (1.18e-05, 1.66e-03)
INFO:root:[235,   116] loss: 5.450412e-03 masks: 22.4 17.1 [wd: 2.03e-01] [lr: 6.20e-04] [mem: 5.66e+03] (174.5 ms)
INFO:root:[235,   116] grad_stats: [3.52e-04 3.80e-05] (1.65e-05, 9.10e-04)
INFO:root:[235,   232] loss: 5.447917e-03 masks: 22.2 17.2 [wd: 2.03e-01] [lr: 6.19e-04] [mem: 5.66e+03] (174.7 ms)
INFO:root:[235,   232] grad_stats: [1.48e-04 3.08e-05] (1.17e-05, 6.24e-04)
INFO:root:avg. loss 5.44791689e-03
INFO:root:time taken for epoch 0:00:54.149221
INFO:root:Epoch 236
INFO:root:[236,     0] loss: 5.146672e-03 masks: 19.0 20.0 [wd: 2.03e-01] [lr: 6.19e-04] [mem: 5.66e+03] (169.7 ms)
INFO:root:[236,     0] grad_stats: [1.11e-04 3.31e-05] (1.12e-05, 1.93e-03)
INFO:root:[236,   116] loss: 5.502319e-03 masks: 22.4 16.9 [wd: 2.04e-01] [lr: 6.17e-04] [mem: 5.66e+03] (174.3 ms)
INFO:root:[236,   116] grad_stats: [1.84e-04 4.15e-05] (1.49e-05, 8.06e-04)
INFO:root:[236,   232] loss: 5.494656e-03 masks: 21.8 17.3 [wd: 2.04e-01] [lr: 6.15e-04] [mem: 5.66e+03] (173.6 ms)
INFO:root:[236,   232] grad_stats: [9.46e-05 4.46e-05] (1.51e-05, 1.68e-03)
INFO:root:avg. loss 5.49465648e-03
INFO:root:time taken for epoch 0:00:53.908163
INFO:root:Epoch 237
INFO:root:[237,     0] loss: 4.447178e-03 masks: 22.0 20.0 [wd: 2.04e-01] [lr: 6.15e-04] [mem: 5.66e+03] (176.9 ms)
INFO:root:[237,     0] grad_stats: [1.19e-04 2.54e-05] (1.03e-05, 4.44e-04)
INFO:root:[237,   116] loss: 5.463766e-03 masks: 21.4 17.5 [wd: 2.05e-01] [lr: 6.14e-04] [mem: 5.66e+03] (172.3 ms)
INFO:root:[237,   116] grad_stats: [9.91e-05 2.91e-05] (1.16e-05, 1.09e-03)
INFO:root:[237,   232] loss: 5.424305e-03 masks: 21.7 17.4 [wd: 2.05e-01] [lr: 6.12e-04] [mem: 5.66e+03] (173.4 ms)
INFO:root:[237,   232] grad_stats: [1.16e-04 3.86e-05] (1.37e-05, 8.01e-04)
INFO:root:avg. loss 5.42430490e-03
INFO:root:time taken for epoch 0:00:53.936939
INFO:root:Epoch 238
INFO:root:[238,     0] loss: 5.585616e-03 masks: 23.0 16.0 [wd: 2.05e-01] [lr: 6.12e-04] [mem: 5.66e+03] (172.9 ms)
INFO:root:[238,     0] grad_stats: [1.78e-04 4.48e-05] (1.47e-05, 2.06e-03)
INFO:root:[238,   116] loss: 5.458752e-03 masks: 22.7 17.0 [wd: 2.06e-01] [lr: 6.10e-04] [mem: 5.66e+03] (175.2 ms)
INFO:root:[238,   116] grad_stats: [1.82e-04 7.49e-05] (2.18e-05, 1.61e-03)
INFO:root:[238,   232] loss: 5.488468e-03 masks: 22.7 16.9 [wd: 2.06e-01] [lr: 6.09e-04] [mem: 5.66e+03] (175.7 ms)
INFO:root:[238,   232] grad_stats: [1.86e-04 3.69e-05] (1.56e-05, 8.44e-04)
INFO:root:avg. loss 5.48846767e-03
INFO:root:time taken for epoch 0:00:54.434987
INFO:root:Epoch 239
INFO:root:[239,     0] loss: 5.330860e-03 masks: 25.0 16.0 [wd: 2.06e-01] [lr: 6.09e-04] [mem: 5.66e+03] (178.0 ms)
INFO:root:[239,     0] grad_stats: [9.81e-05 3.51e-05] (1.39e-05, 6.65e-04)
INFO:root:[239,   116] loss: 5.563514e-03 masks: 22.8 16.9 [wd: 2.07e-01] [lr: 6.07e-04] [mem: 5.66e+03] (175.3 ms)
INFO:root:[239,   116] grad_stats: [1.32e-04 3.16e-05] (1.47e-05, 6.38e-04)
INFO:root:[239,   232] loss: 5.470220e-03 masks: 22.0 17.2 [wd: 2.08e-01] [lr: 6.05e-04] [mem: 5.66e+03] (174.2 ms)
INFO:root:[239,   232] grad_stats: [1.36e-04 3.45e-05] (1.43e-05, 9.49e-04)
INFO:root:avg. loss 5.47021951e-03
INFO:root:time taken for epoch 0:00:54.215723
INFO:root:Epoch 240
INFO:root:[240,     0] loss: 4.626353e-03 masks: 20.0 20.0 [wd: 2.08e-01] [lr: 6.05e-04] [mem: 5.66e+03] (171.2 ms)
INFO:root:[240,     0] grad_stats: [1.06e-04 2.84e-05] (1.35e-05, 1.68e-03)
INFO:root:[240,   116] loss: 5.373498e-03 masks: 21.8 17.4 [wd: 2.08e-01] [lr: 6.04e-04] [mem: 5.66e+03] (173.6 ms)
INFO:root:[240,   116] grad_stats: [8.74e-05 3.77e-05] (1.73e-05, 1.16e-03)
INFO:root:[240,   232] loss: 5.408213e-03 masks: 22.1 17.2 [wd: 2.09e-01] [lr: 6.02e-04] [mem: 5.66e+03] (174.6 ms)
INFO:root:[240,   232] grad_stats: [2.21e-04 3.60e-05] (1.35e-05, 1.67e-03)
INFO:root:avg. loss 5.40821314e-03
INFO:root:time taken for epoch 0:00:54.236583
INFO:root:Epoch 241
INFO:root:[241,     0] loss: 5.585816e-03 masks: 26.0 16.0 [wd: 2.09e-01] [lr: 6.02e-04] [mem: 5.66e+03] (181.1 ms)
INFO:root:[241,     0] grad_stats: [1.38e-04 3.55e-05] (1.50e-05, 6.62e-04)
INFO:root:[241,   116] loss: 5.541046e-03 masks: 22.4 17.0 [wd: 2.09e-01] [lr: 6.00e-04] [mem: 5.66e+03] (174.4 ms)
INFO:root:[241,   116] grad_stats: [7.75e-05 3.42e-05] (1.41e-05, 1.31e-03)
INFO:root:[241,   232] loss: 5.508755e-03 masks: 22.5 17.0 [wd: 2.10e-01] [lr: 5.99e-04] [mem: 5.66e+03] (175.4 ms)
INFO:root:[241,   232] grad_stats: [1.21e-04 3.84e-05] (1.62e-05, 7.88e-04)
INFO:root:avg. loss 5.50875455e-03
INFO:root:time taken for epoch 0:00:54.370004
INFO:root:Epoch 242
INFO:root:[242,     0] loss: 5.496895e-03 masks: 23.0 16.0 [wd: 2.10e-01] [lr: 5.99e-04] [mem: 5.66e+03] (170.5 ms)
INFO:root:[242,     0] grad_stats: [1.92e-04 3.72e-05] (1.53e-05, 1.00e-03)
INFO:root:[242,   116] loss: 5.563356e-03 masks: 22.1 16.9 [wd: 2.10e-01] [lr: 5.97e-04] [mem: 5.66e+03] (173.4 ms)
INFO:root:[242,   116] grad_stats: [1.90e-04 3.51e-05] (1.43e-05, 5.73e-04)
INFO:root:[242,   232] loss: 5.556412e-03 masks: 21.8 17.0 [wd: 2.11e-01] [lr: 5.95e-04] [mem: 5.66e+03] (173.3 ms)
INFO:root:[242,   232] grad_stats: [1.27e-04 3.56e-05] (1.36e-05, 8.38e-04)
INFO:root:avg. loss 5.55641225e-03
INFO:root:time taken for epoch 0:00:53.926303
INFO:root:Epoch 243
INFO:root:[243,     0] loss: 4.709449e-03 masks: 19.0 20.0 [wd: 2.11e-01] [lr: 5.95e-04] [mem: 5.66e+03] (166.6 ms)
INFO:root:[243,     0] grad_stats: [5.60e-05 2.38e-05] (9.90e-06, 7.86e-04)
INFO:root:[243,   116] loss: 5.413940e-03 masks: 22.3 17.3 [wd: 2.12e-01] [lr: 5.94e-04] [mem: 5.66e+03] (174.7 ms)
INFO:root:[243,   116] grad_stats: [1.41e-04 4.10e-05] (1.76e-05, 1.40e-03)
INFO:root:[243,   232] loss: 5.418919e-03 masks: 22.4 17.2 [wd: 2.12e-01] [lr: 5.92e-04] [mem: 5.66e+03] (175.5 ms)
INFO:root:[243,   232] grad_stats: [7.99e-05 3.61e-05] (1.29e-05, 1.30e-03)
INFO:root:avg. loss 5.41891911e-03
INFO:root:time taken for epoch 0:00:54.443916
INFO:root:Epoch 244
INFO:root:[244,     0] loss: 5.664584e-03 masks: 21.0 16.0 [wd: 2.12e-01] [lr: 5.92e-04] [mem: 5.66e+03] (166.9 ms)
INFO:root:[244,     0] grad_stats: [1.36e-04 3.29e-05] (1.06e-05, 1.00e-03)
INFO:root:[244,   116] loss: 5.516580e-03 masks: 21.7 17.3 [wd: 2.13e-01] [lr: 5.90e-04] [mem: 5.66e+03] (173.0 ms)
INFO:root:[244,   116] grad_stats: [1.48e-04 6.05e-05] (2.05e-05, 3.43e-03)
INFO:root:[244,   232] loss: 5.447376e-03 masks: 22.2 17.2 [wd: 2.13e-01] [lr: 5.89e-04] [mem: 5.66e+03] (174.6 ms)
INFO:root:[244,   232] grad_stats: [6.83e-05 4.23e-05] (1.42e-05, 1.06e-03)
INFO:root:avg. loss 5.44737610e-03
INFO:root:time taken for epoch 0:00:54.213400
INFO:root:Epoch 245
INFO:root:[245,     0] loss: 5.013066e-03 masks: 18.0 20.0 [wd: 2.13e-01] [lr: 5.89e-04] [mem: 5.66e+03] (166.4 ms)
INFO:root:[245,     0] grad_stats: [2.07e-04 3.38e-05] (1.31e-05, 9.11e-04)
INFO:root:[245,   116] loss: 5.433751e-03 masks: 21.7 17.4 [wd: 2.14e-01] [lr: 5.87e-04] [mem: 5.66e+03] (173.1 ms)
INFO:root:[245,   116] grad_stats: [1.21e-04 3.47e-05] (1.32e-05, 8.03e-04)
INFO:root:[245,   232] loss: 5.482957e-03 masks: 22.0 17.2 [wd: 2.14e-01] [lr: 5.85e-04] [mem: 5.66e+03] (174.2 ms)
INFO:root:[245,   232] grad_stats: [1.67e-04 3.55e-05] (1.25e-05, 1.87e-03)
INFO:root:avg. loss 5.48295700e-03
INFO:root:time taken for epoch 0:00:54.179674
INFO:root:Epoch 246
INFO:root:[246,     0] loss: 5.507895e-03 masks: 24.0 16.0 [wd: 2.14e-01] [lr: 5.85e-04] [mem: 5.66e+03] (176.3 ms)
INFO:root:[246,     0] grad_stats: [1.19e-04 4.81e-05] (1.54e-05, 1.48e-03)
INFO:root:[246,   116] loss: 5.429200e-03 masks: 22.4 17.1 [wd: 2.15e-01] [lr: 5.84e-04] [mem: 5.66e+03] (174.5 ms)
INFO:root:[246,   116] grad_stats: [1.56e-04 2.53e-05] (1.08e-05, 4.99e-04)
INFO:root:[246,   232] loss: 5.428463e-03 masks: 22.3 17.2 [wd: 2.15e-01] [lr: 5.82e-04] [mem: 5.66e+03] (174.9 ms)
INFO:root:[246,   232] grad_stats: [1.20e-04 4.52e-05] (1.71e-05, 1.19e-03)
INFO:root:avg. loss 5.42846251e-03
INFO:root:time taken for epoch 0:00:54.307581
INFO:root:Epoch 247
INFO:root:[247,     0] loss: 4.595708e-03 masks: 20.0 20.0 [wd: 2.15e-01] [lr: 5.82e-04] [mem: 5.66e+03] (169.9 ms)
INFO:root:[247,     0] grad_stats: [1.22e-04 3.88e-05] (1.29e-05, 1.02e-03)
INFO:root:[247,   116] loss: 5.478090e-03 masks: 21.6 17.5 [wd: 2.16e-01] [lr: 5.80e-04] [mem: 5.66e+03] (172.9 ms)
INFO:root:[247,   116] grad_stats: [2.00e-04 4.04e-05] (1.43e-05, 1.29e-03)
INFO:root:[247,   232] loss: 5.469735e-03 masks: 21.8 17.4 [wd: 2.17e-01] [lr: 5.79e-04] [mem: 5.66e+03] (173.8 ms)
INFO:root:[247,   232] grad_stats: [1.28e-04 4.24e-05] (1.60e-05, 8.07e-04)
INFO:root:avg. loss 5.46973463e-03
INFO:root:time taken for epoch 0:00:54.074612
INFO:root:Epoch 248
INFO:root:[248,     0] loss: 5.762035e-03 masks: 28.0 16.0 [wd: 2.17e-01] [lr: 5.79e-04] [mem: 5.66e+03] (187.7 ms)
INFO:root:[248,     0] grad_stats: [1.87e-04 5.00e-05] (1.96e-05, 2.67e-03)
INFO:root:[248,   116] loss: 5.407367e-03 masks: 21.6 17.5 [wd: 2.17e-01] [lr: 5.77e-04] [mem: 5.66e+03] (173.0 ms)
INFO:root:[248,   116] grad_stats: [6.90e-05 3.29e-05] (1.34e-05, 1.12e-03)
INFO:root:[248,   232] loss: 5.442500e-03 masks: 21.8 17.4 [wd: 2.18e-01] [lr: 5.75e-04] [mem: 5.66e+03] (174.0 ms)
INFO:root:[248,   232] grad_stats: [2.15e-04 5.89e-05] (2.16e-05, 1.75e-03)
INFO:root:avg. loss 5.44249983e-03
INFO:root:time taken for epoch 0:00:54.027301
INFO:root:Epoch 249
INFO:root:[249,     0] loss: 5.693878e-03 masks: 25.0 16.0 [wd: 2.18e-01] [lr: 5.75e-04] [mem: 5.66e+03] (179.4 ms)
INFO:root:[249,     0] grad_stats: [1.21e-04 3.55e-05] (1.60e-05, 8.30e-04)
INFO:root:[249,   116] loss: 5.492297e-03 masks: 22.6 17.0 [wd: 2.18e-01] [lr: 5.74e-04] [mem: 5.66e+03] (175.0 ms)
INFO:root:[249,   116] grad_stats: [9.27e-05 3.04e-05] (1.39e-05, 1.64e-03)
INFO:root:[249,   232] loss: 5.411596e-03 masks: 22.0 17.4 [wd: 2.19e-01] [lr: 5.72e-04] [mem: 5.66e+03] (174.3 ms)
INFO:root:[249,   232] grad_stats: [7.08e-05 3.31e-05] (1.52e-05, 9.89e-04)
INFO:root:avg. loss 5.41159569e-03
INFO:root:time taken for epoch 0:00:54.149242
INFO:root:Epoch 250
INFO:root:[250,     0] loss: 7.036495e-03 masks: 33.0 12.0 [wd: 2.19e-01] [lr: 5.72e-04] [mem: 5.66e+03] (194.2 ms)
INFO:root:[250,     0] grad_stats: [2.26e-04 4.43e-05] (1.82e-05, 1.41e-03)
INFO:root:[250,   116] loss: 5.388778e-03 masks: 22.6 17.1 [wd: 2.19e-01] [lr: 5.70e-04] [mem: 5.66e+03] (175.2 ms)
INFO:root:[250,   116] grad_stats: [1.06e-04 3.69e-05] (1.64e-05, 8.21e-04)
INFO:root:[250,   232] loss: 5.452167e-03 masks: 22.4 17.0 [wd: 2.20e-01] [lr: 5.69e-04] [mem: 5.66e+03] (175.1 ms)
INFO:root:[250,   232] grad_stats: [7.01e-05 3.34e-05] (1.43e-05, 1.03e-03)
INFO:root:avg. loss 5.45216734e-03
INFO:root:time taken for epoch 0:00:54.350050
INFO:root:Epoch 251
INFO:root:[251,     0] loss: 5.290296e-03 masks: 25.0 16.0 [wd: 2.20e-01] [lr: 5.69e-04] [mem: 5.66e+03] (179.7 ms)
INFO:root:[251,     0] grad_stats: [9.71e-05 2.83e-05] (1.25e-05, 8.68e-04)
INFO:root:[251,   116] loss: 5.438641e-03 masks: 21.1 17.6 [wd: 2.21e-01] [lr: 5.67e-04] [mem: 5.66e+03] (171.6 ms)
INFO:root:[251,   116] grad_stats: [1.29e-04 4.17e-05] (1.38e-05, 9.92e-04)
INFO:root:[251,   232] loss: 5.455401e-03 masks: 21.2 17.5 [wd: 2.21e-01] [lr: 5.65e-04] [mem: 5.66e+03] (172.4 ms)
INFO:root:[251,   232] grad_stats: [1.23e-04 4.01e-05] (1.92e-05, 8.07e-04)
INFO:root:avg. loss 5.45540088e-03
INFO:root:time taken for epoch 0:00:53.727313
INFO:root:Epoch 252
INFO:root:[252,     0] loss: 4.049580e-03 masks: 22.0 20.0 [wd: 2.21e-01] [lr: 5.65e-04] [mem: 5.66e+03] (177.4 ms)
INFO:root:[252,     0] grad_stats: [7.82e-05 3.02e-05] (1.30e-05, 8.42e-04)
INFO:root:[252,   116] loss: 5.524231e-03 masks: 21.7 17.2 [wd: 2.22e-01] [lr: 5.63e-04] [mem: 5.66e+03] (172.7 ms)
INFO:root:[252,   116] grad_stats: [2.93e-04 3.56e-05] (2.00e-05, 6.47e-04)
INFO:root:[252,   232] loss: 5.510822e-03 masks: 22.3 17.1 [wd: 2.22e-01] [lr: 5.62e-04] [mem: 5.66e+03] (174.6 ms)
INFO:root:[252,   232] grad_stats: [8.46e-05 5.05e-05] (1.92e-05, 5.55e-04)
INFO:root:avg. loss 5.51082167e-03
INFO:root:time taken for epoch 0:00:54.274697
INFO:root:Epoch 253
INFO:root:[253,     0] loss: 5.905511e-03 masks: 21.0 16.0 [wd: 2.22e-01] [lr: 5.62e-04] [mem: 5.66e+03] (169.5 ms)
INFO:root:[253,     0] grad_stats: [1.58e-04 4.91e-05] (1.95e-05, 2.73e-03)
INFO:root:[253,   116] loss: 5.482698e-03 masks: 22.4 17.2 [wd: 2.23e-01] [lr: 5.60e-04] [mem: 5.66e+03] (174.7 ms)
INFO:root:[253,   116] grad_stats: [1.54e-04 4.71e-05] (1.98e-05, 3.41e-03)
INFO:root:[253,   232] loss: 5.486994e-03 masks: 22.4 17.1 [wd: 2.23e-01] [lr: 5.58e-04] [mem: 5.66e+03] (175.1 ms)
INFO:root:[253,   232] grad_stats: [2.86e-04 4.05e-05] (1.96e-05, 1.75e-03)
INFO:root:avg. loss 5.48699419e-03
INFO:root:time taken for epoch 0:00:54.318082
INFO:root:Epoch 254
INFO:root:[254,     0] loss: 5.113594e-03 masks: 20.0 20.0 [wd: 2.23e-01] [lr: 5.58e-04] [mem: 5.66e+03] (169.0 ms)
INFO:root:[254,     0] grad_stats: [5.55e-05 2.51e-05] (1.10e-05, 5.36e-04)
INFO:root:[254,   116] loss: 5.554501e-03 masks: 22.0 17.2 [wd: 2.24e-01] [lr: 5.57e-04] [mem: 5.66e+03] (173.4 ms)
INFO:root:[254,   116] grad_stats: [1.84e-04 4.38e-05] (1.75e-05, 6.16e-04)
INFO:root:[254,   232] loss: 5.487086e-03 masks: 21.8 17.4 [wd: 2.25e-01] [lr: 5.55e-04] [mem: 5.66e+03] (173.7 ms)
INFO:root:[254,   232] grad_stats: [8.17e-05 3.18e-05] (1.36e-05, 1.07e-03)
INFO:root:avg. loss 5.48708635e-03
INFO:root:time taken for epoch 0:00:53.996171
INFO:root:Epoch 255
INFO:root:[255,     0] loss: 5.450053e-03 masks: 14.0 20.0 [wd: 2.25e-01] [lr: 5.55e-04] [mem: 5.66e+03] (151.8 ms)
INFO:root:[255,     0] grad_stats: [8.32e-05 3.73e-05] (1.57e-05, 1.49e-03)
INFO:root:[255,   116] loss: 5.479476e-03 masks: 22.5 17.1 [wd: 2.25e-01] [lr: 5.53e-04] [mem: 5.66e+03] (174.7 ms)
INFO:root:[255,   116] grad_stats: [2.07e-04 5.50e-05] (1.78e-05, 5.33e-04)
INFO:root:[255,   232] loss: 5.475791e-03 masks: 22.5 17.0 [wd: 2.26e-01] [lr: 5.52e-04] [mem: 5.66e+03] (175.2 ms)
INFO:root:[255,   232] grad_stats: [7.74e-05 3.08e-05] (1.37e-05, 5.19e-04)
INFO:root:avg. loss 5.47579113e-03
INFO:root:time taken for epoch 0:00:54.225177
INFO:root:Epoch 256
INFO:root:[256,     0] loss: 4.905883e-03 masks: 17.0 20.0 [wd: 2.26e-01] [lr: 5.52e-04] [mem: 5.66e+03] (163.3 ms)
INFO:root:[256,     0] grad_stats: [1.27e-04 2.94e-05] (1.43e-05, 6.56e-04)
INFO:root:[256,   116] loss: 5.425895e-03 masks: 22.5 17.2 [wd: 2.26e-01] [lr: 5.50e-04] [mem: 5.66e+03] (175.2 ms)
INFO:root:[256,   116] grad_stats: [2.11e-04 4.11e-05] (1.99e-05, 6.67e-04)
INFO:root:[256,   232] loss: 5.425408e-03 masks: 22.2 17.3 [wd: 2.27e-01] [lr: 5.48e-04] [mem: 5.66e+03] (174.8 ms)
INFO:root:[256,   232] grad_stats: [1.93e-04 3.62e-05] (1.27e-05, 1.98e-03)
INFO:root:avg. loss 5.42540783e-03
INFO:root:time taken for epoch 0:00:54.280634
INFO:root:Epoch 257
INFO:root:[257,     0] loss: 5.271838e-03 masks: 14.0 20.0 [wd: 2.27e-01] [lr: 5.48e-04] [mem: 5.66e+03] (154.0 ms)
INFO:root:[257,     0] grad_stats: [7.69e-05 3.20e-05] (1.15e-05, 4.89e-04)
INFO:root:[257,   116] loss: 5.425059e-03 masks: 21.2 17.5 [wd: 2.27e-01] [lr: 5.46e-04] [mem: 5.66e+03] (171.7 ms)
INFO:root:[257,   116] grad_stats: [2.06e-04 3.65e-05] (1.52e-05, 1.50e-03)
INFO:root:[257,   232] loss: 5.443773e-03 masks: 21.5 17.4 [wd: 2.28e-01] [lr: 5.45e-04] [mem: 5.66e+03] (173.0 ms)
INFO:root:[257,   232] grad_stats: [2.14e-04 4.27e-05] (2.08e-05, 2.06e-03)
INFO:root:avg. loss 5.44377348e-03
INFO:root:time taken for epoch 0:00:53.801147
INFO:root:Epoch 258
INFO:root:[258,     0] loss: 5.731503e-03 masks: 24.0 16.0 [wd: 2.28e-01] [lr: 5.45e-04] [mem: 5.66e+03] (177.6 ms)
INFO:root:[258,     0] grad_stats: [1.89e-04 4.27e-05] (1.64e-05, 1.36e-03)
INFO:root:[258,   116] loss: 5.522881e-03 masks: 21.7 17.4 [wd: 2.28e-01] [lr: 5.43e-04] [mem: 5.66e+03] (172.8 ms)
INFO:root:[258,   116] grad_stats: [9.84e-05 4.45e-05] (1.67e-05, 2.07e-03)
INFO:root:[258,   232] loss: 5.487336e-03 masks: 21.8 17.3 [wd: 2.29e-01] [lr: 5.41e-04] [mem: 5.66e+03] (173.7 ms)
INFO:root:[258,   232] grad_stats: [1.21e-04 2.66e-05] (1.47e-05, 8.85e-04)
INFO:root:avg. loss 5.48733609e-03
INFO:root:time taken for epoch 0:00:54.045096
INFO:root:Epoch 259
INFO:root:[259,     0] loss: 5.138607e-03 masks: 25.0 16.0 [wd: 2.29e-01] [lr: 5.41e-04] [mem: 5.66e+03] (179.1 ms)
INFO:root:[259,     0] grad_stats: [8.67e-05 3.75e-05] (1.53e-05, 9.00e-04)
INFO:root:[259,   116] loss: 5.418763e-03 masks: 22.6 17.2 [wd: 2.30e-01] [lr: 5.40e-04] [mem: 5.66e+03] (175.2 ms)
INFO:root:[259,   116] grad_stats: [1.98e-04 3.47e-05] (1.58e-05, 1.59e-03)
INFO:root:[259,   232] loss: 5.429341e-03 masks: 22.3 17.1 [wd: 2.30e-01] [lr: 5.38e-04] [mem: 5.66e+03] (174.8 ms)
INFO:root:[259,   232] grad_stats: [2.16e-04 4.25e-05] (1.85e-05, 8.86e-04)
INFO:root:avg. loss 5.42934143e-03
INFO:root:time taken for epoch 0:00:54.347514
INFO:root:Epoch 260
INFO:root:[260,     0] loss: 4.801050e-03 masks: 17.0 20.0 [wd: 2.30e-01] [lr: 5.38e-04] [mem: 5.66e+03] (161.4 ms)
INFO:root:[260,     0] grad_stats: [7.49e-05 3.47e-05] (1.29e-05, 4.64e-04)
INFO:root:[260,   116] loss: 5.381300e-03 masks: 22.1 17.3 [wd: 2.31e-01] [lr: 5.36e-04] [mem: 5.66e+03] (174.2 ms)
INFO:root:[260,   116] grad_stats: [6.13e-05 4.21e-05] (1.66e-05, 8.87e-04)
INFO:root:[260,   232] loss: 5.441515e-03 masks: 21.9 17.3 [wd: 2.31e-01] [lr: 5.35e-04] [mem: 5.66e+03] (174.1 ms)
INFO:root:[260,   232] grad_stats: [1.48e-04 3.96e-05] (1.39e-05, 5.98e-04)
INFO:root:avg. loss 5.44151487e-03
INFO:root:time taken for epoch 0:00:54.086429
INFO:root:Epoch 261
INFO:root:[261,     0] loss: 6.218032e-03 masks: 21.0 16.0 [wd: 2.31e-01] [lr: 5.35e-04] [mem: 5.66e+03] (167.3 ms)
INFO:root:[261,     0] grad_stats: [1.07e-04 4.92e-05] (1.80e-05, 1.17e-03)
INFO:root:[261,   116] loss: 5.438705e-03 masks: 22.3 17.2 [wd: 2.32e-01] [lr: 5.33e-04] [mem: 5.66e+03] (174.4 ms)
INFO:root:[261,   116] grad_stats: [1.79e-04 4.89e-05] (1.86e-05, 1.73e-03)
INFO:root:[261,   232] loss: 5.412444e-03 masks: 22.0 17.3 [wd: 2.32e-01] [lr: 5.31e-04] [mem: 5.66e+03] (174.2 ms)
INFO:root:[261,   232] grad_stats: [7.10e-05 4.15e-05] (1.74e-05, 2.34e-03)
INFO:root:avg. loss 5.41244441e-03
INFO:root:time taken for epoch 0:00:54.136821
INFO:root:Epoch 262
INFO:root:[262,     0] loss: 5.098207e-03 masks: 17.0 20.0 [wd: 2.32e-01] [lr: 5.31e-04] [mem: 5.66e+03] (163.0 ms)
INFO:root:[262,     0] grad_stats: [5.42e-05 4.53e-05] (1.39e-05, 8.02e-04)
INFO:root:[262,   116] loss: 5.439498e-03 masks: 21.7 17.5 [wd: 2.33e-01] [lr: 5.29e-04] [mem: 5.66e+03] (173.2 ms)
INFO:root:[262,   116] grad_stats: [1.30e-04 3.95e-05] (2.26e-05, 1.69e-03)
INFO:root:[262,   232] loss: 5.436225e-03 masks: 21.5 17.4 [wd: 2.34e-01] [lr: 5.28e-04] [mem: 5.66e+03] (173.1 ms)
INFO:root:[262,   232] grad_stats: [6.79e-05 3.39e-05] (1.84e-05, 7.94e-04)
INFO:root:avg. loss 5.43622543e-03
INFO:root:time taken for epoch 0:00:53.892844
INFO:root:Epoch 263
INFO:root:[263,     0] loss: 4.594039e-03 masks: 19.0 20.0 [wd: 2.34e-01] [lr: 5.28e-04] [mem: 5.66e+03] (170.1 ms)
INFO:root:[263,     0] grad_stats: [8.73e-05 4.08e-05] (1.65e-05, 2.20e-03)
INFO:root:[263,   116] loss: 5.422068e-03 masks: 22.6 17.0 [wd: 2.34e-01] [lr: 5.26e-04] [mem: 5.66e+03] (175.1 ms)
INFO:root:[263,   116] grad_stats: [8.52e-05 3.03e-05] (1.26e-05, 5.48e-04)
INFO:root:[263,   232] loss: 5.411347e-03 masks: 22.2 17.2 [wd: 2.35e-01] [lr: 5.24e-04] [mem: 5.66e+03] (174.9 ms)
INFO:root:[263,   232] grad_stats: [9.13e-05 3.53e-05] (1.53e-05, 1.43e-03)
INFO:root:avg. loss 5.41134685e-03
INFO:root:time taken for epoch 0:00:54.167001
INFO:root:Epoch 264
INFO:root:[264,     0] loss: 6.327908e-03 masks: 36.0 12.0 [wd: 2.35e-01] [lr: 5.24e-04] [mem: 5.66e+03] (204.2 ms)
INFO:root:[264,     0] grad_stats: [1.24e-04 5.84e-05] (2.19e-05, 2.03e-03)
INFO:root:[264,   116] loss: 5.446881e-03 masks: 21.5 17.4 [wd: 2.35e-01] [lr: 5.23e-04] [mem: 5.66e+03] (172.5 ms)
INFO:root:[264,   116] grad_stats: [1.21e-04 3.82e-05] (1.44e-05, 9.86e-04)
INFO:root:[264,   232] loss: 5.439403e-03 masks: 21.6 17.4 [wd: 2.36e-01] [lr: 5.21e-04] [mem: 5.66e+03] (173.4 ms)
INFO:root:[264,   232] grad_stats: [1.03e-04 4.40e-05] (1.52e-05, 7.64e-04)
INFO:root:avg. loss 5.43940305e-03
INFO:root:time taken for epoch 0:00:54.015730
INFO:root:Epoch 265
INFO:root:[265,     0] loss: 5.208319e-03 masks: 26.0 16.0 [wd: 2.36e-01] [lr: 5.21e-04] [mem: 5.66e+03] (182.9 ms)
INFO:root:[265,     0] grad_stats: [1.50e-04 4.91e-05] (1.97e-05, 2.80e-03)
INFO:root:[265,   116] loss: 5.494753e-03 masks: 21.7 17.2 [wd: 2.36e-01] [lr: 5.19e-04] [mem: 5.66e+03] (172.7 ms)
INFO:root:[265,   116] grad_stats: [1.08e-04 3.19e-05] (1.47e-05, 7.62e-04)
INFO:root:[265,   232] loss: 5.443169e-03 masks: 21.2 17.5 [wd: 2.37e-01] [lr: 5.18e-04] [mem: 5.66e+03] (172.3 ms)
INFO:root:[265,   232] grad_stats: [1.87e-04 4.97e-05] (2.23e-05, 2.39e-03)
INFO:root:avg. loss 5.44316902e-03
INFO:root:time taken for epoch 0:00:53.657805
INFO:root:Epoch 266
INFO:root:[266,     0] loss: 4.970376e-03 masks: 16.0 20.0 [wd: 2.37e-01] [lr: 5.18e-04] [mem: 5.66e+03] (159.9 ms)
INFO:root:[266,     0] grad_stats: [8.84e-05 3.13e-05] (1.15e-05, 9.66e-04)
INFO:root:[266,   116] loss: 5.387374e-03 masks: 21.2 17.7 [wd: 2.38e-01] [lr: 5.16e-04] [mem: 5.66e+03] (172.1 ms)
INFO:root:[266,   116] grad_stats: [5.93e-05 4.59e-05] (1.60e-05, 8.69e-04)
INFO:root:[266,   232] loss: 5.412053e-03 masks: 21.4 17.6 [wd: 2.38e-01] [lr: 5.14e-04] [mem: 5.66e+03] (173.0 ms)
INFO:root:[266,   232] grad_stats: [9.83e-05 3.17e-05] (1.01e-05, 6.00e-04)
INFO:root:avg. loss 5.41205252e-03
INFO:root:time taken for epoch 0:00:53.959207
INFO:root:Epoch 267
INFO:root:[267,     0] loss: 6.047059e-03 masks: 37.0 12.0 [wd: 2.38e-01] [lr: 5.14e-04] [mem: 5.66e+03] (207.3 ms)
INFO:root:[267,     0] grad_stats: [2.19e-04 3.63e-05] (1.83e-05, 1.48e-03)
INFO:root:[267,   116] loss: 5.446441e-03 masks: 22.2 17.3 [wd: 2.39e-01] [lr: 5.12e-04] [mem: 5.66e+03] (174.3 ms)
INFO:root:[267,   116] grad_stats: [1.04e-04 3.56e-05] (1.10e-05, 9.70e-04)
INFO:root:[267,   232] loss: 5.442994e-03 masks: 22.2 17.3 [wd: 2.39e-01] [lr: 5.11e-04] [mem: 5.66e+03] (174.9 ms)
INFO:root:[267,   232] grad_stats: [1.55e-04 3.84e-05] (1.51e-05, 8.04e-04)
INFO:root:avg. loss 5.44299387e-03
INFO:root:time taken for epoch 0:00:54.338715
INFO:root:Epoch 268
INFO:root:[268,     0] loss: 7.024092e-03 masks: 35.0 12.0 [wd: 2.39e-01] [lr: 5.11e-04] [mem: 5.66e+03] (199.8 ms)
INFO:root:[268,     0] grad_stats: [3.52e-04 5.21e-05] (2.40e-05, 2.21e-03)
INFO:root:[268,   116] loss: 5.452575e-03 masks: 22.4 17.2 [wd: 2.40e-01] [lr: 5.09e-04] [mem: 5.66e+03] (174.7 ms)
INFO:root:[268,   116] grad_stats: [9.78e-05 5.46e-05] (1.65e-05, 6.24e-04)
INFO:root:[268,   232] loss: 5.460269e-03 masks: 22.2 17.2 [wd: 2.40e-01] [lr: 5.07e-04] [mem: 5.66e+03] (174.7 ms)
INFO:root:[268,   232] grad_stats: [1.89e-04 3.49e-05] (1.61e-05, 7.30e-04)
INFO:root:avg. loss 5.46026852e-03
INFO:root:time taken for epoch 0:00:54.132989
INFO:root:Epoch 269
INFO:root:[269,     0] loss: 4.543168e-03 masks: 23.0 20.0 [wd: 2.40e-01] [lr: 5.07e-04] [mem: 5.66e+03] (179.4 ms)
INFO:root:[269,     0] grad_stats: [9.73e-05 4.19e-05] (1.58e-05, 4.87e-04)
INFO:root:[269,   116] loss: 5.497870e-03 masks: 22.2 17.3 [wd: 2.41e-01] [lr: 5.06e-04] [mem: 5.66e+03] (174.3 ms)
INFO:root:[269,   116] grad_stats: [9.58e-05 2.93e-05] (1.23e-05, 7.58e-04)
INFO:root:[269,   232] loss: 5.446336e-03 masks: 22.2 17.3 [wd: 2.41e-01] [lr: 5.04e-04] [mem: 5.66e+03] (174.9 ms)
INFO:root:[269,   232] grad_stats: [5.93e-05 4.09e-05] (1.60e-05, 2.46e-03)
INFO:root:avg. loss 5.44633648e-03
INFO:root:time taken for epoch 0:00:54.296017
INFO:root:Epoch 270
INFO:root:[270,     0] loss: 7.363793e-03 masks: 36.0 12.0 [wd: 2.41e-01] [lr: 5.04e-04] [mem: 5.66e+03] (205.1 ms)
INFO:root:[270,     0] grad_stats: [1.47e-04 6.07e-05] (2.05e-05, 3.25e-03)
INFO:root:[270,   116] loss: 5.481559e-03 masks: 22.3 17.2 [wd: 2.42e-01] [lr: 5.02e-04] [mem: 5.66e+03] (174.3 ms)
INFO:root:[270,   116] grad_stats: [1.36e-04 3.12e-05] (1.32e-05, 6.60e-04)
INFO:root:[270,   232] loss: 5.438350e-03 masks: 22.1 17.3 [wd: 2.43e-01] [lr: 5.01e-04] [mem: 5.66e+03] (174.4 ms)
INFO:root:[270,   232] grad_stats: [6.25e-05 3.94e-05] (1.66e-05, 6.31e-04)
INFO:root:avg. loss 5.43835006e-03
INFO:root:time taken for epoch 0:00:54.138621
INFO:root:Epoch 271
INFO:root:[271,     0] loss: 5.096102e-03 masks: 14.0 20.0 [wd: 2.43e-01] [lr: 5.00e-04] [mem: 5.66e+03] (153.6 ms)
INFO:root:[271,     0] grad_stats: [7.77e-05 3.21e-05] (1.31e-05, 6.79e-04)
INFO:root:[271,   116] loss: 5.472381e-03 masks: 21.6 17.3 [wd: 2.43e-01] [lr: 4.99e-04] [mem: 5.66e+03] (172.6 ms)
INFO:root:[271,   116] grad_stats: [1.87e-04 4.98e-05] (2.39e-05, 1.88e-03)
INFO:root:[271,   232] loss: 5.488859e-03 masks: 22.0 17.1 [wd: 2.44e-01] [lr: 4.97e-04] [mem: 5.66e+03] (174.1 ms)
INFO:root:[271,   232] grad_stats: [8.15e-05 4.10e-05] (1.93e-05, 1.36e-03)
INFO:root:avg. loss 5.48885945e-03
INFO:root:time taken for epoch 0:00:54.069220
INFO:root:Epoch 272
INFO:root:[272,     0] loss: 5.722098e-03 masks: 22.0 16.0 [wd: 2.44e-01] [lr: 4.97e-04] [mem: 5.66e+03] (169.8 ms)
INFO:root:[272,     0] grad_stats: [8.52e-05 5.07e-05] (2.05e-05, 1.40e-03)
INFO:root:[272,   116] loss: 5.462230e-03 masks: 22.3 17.2 [wd: 2.44e-01] [lr: 4.95e-04] [mem: 5.66e+03] (174.3 ms)
INFO:root:[272,   116] grad_stats: [6.55e-05 4.21e-05] (1.76e-05, 1.09e-03)
INFO:root:[272,   232] loss: 5.468785e-03 masks: 22.4 17.1 [wd: 2.45e-01] [lr: 4.94e-04] [mem: 5.66e+03] (174.9 ms)
INFO:root:[272,   232] grad_stats: [1.50e-04 4.13e-05] (2.01e-05, 1.34e-03)
INFO:root:avg. loss 5.46878461e-03
INFO:root:time taken for epoch 0:00:54.336223
INFO:root:Epoch 273
INFO:root:[273,     0] loss: 5.513658e-03 masks: 28.0 16.0 [wd: 2.45e-01] [lr: 4.94e-04] [mem: 5.66e+03] (187.8 ms)
INFO:root:[273,     0] grad_stats: [1.51e-04 3.37e-05] (1.71e-05, 7.31e-04)
INFO:root:[273,   116] loss: 5.472186e-03 masks: 22.1 17.2 [wd: 2.45e-01] [lr: 4.92e-04] [mem: 5.66e+03] (173.7 ms)
INFO:root:[273,   116] grad_stats: [1.06e-04 5.50e-05] (2.22e-05, 3.25e-03)
INFO:root:[273,   232] loss: 5.407853e-03 masks: 21.9 17.4 [wd: 2.46e-01] [lr: 4.90e-04] [mem: 5.66e+03] (174.1 ms)
INFO:root:[273,   232] grad_stats: [7.87e-05 4.27e-05] (1.64e-05, 2.39e-03)
INFO:root:avg. loss 5.40785338e-03
INFO:root:time taken for epoch 0:00:54.080301
INFO:root:Epoch 274
INFO:root:[274,     0] loss: 4.601700e-03 masks: 21.0 20.0 [wd: 2.46e-01] [lr: 4.90e-04] [mem: 5.66e+03] (174.1 ms)
INFO:root:[274,     0] grad_stats: [6.64e-05 3.55e-05] (1.49e-05, 1.19e-03)
INFO:root:[274,   116] loss: 5.498097e-03 masks: 22.8 17.0 [wd: 2.46e-01] [lr: 4.89e-04] [mem: 5.66e+03] (175.4 ms)
INFO:root:[274,   116] grad_stats: [1.07e-04 3.34e-05] (1.42e-05, 6.58e-04)
INFO:root:[274,   232] loss: 5.512838e-03 masks: 22.2 17.0 [wd: 2.47e-01] [lr: 4.87e-04] [mem: 5.66e+03] (174.4 ms)
INFO:root:[274,   232] grad_stats: [1.45e-04 4.18e-05] (1.59e-05, 1.03e-03)
INFO:root:avg. loss 5.51283800e-03
INFO:root:time taken for epoch 0:00:54.208405
INFO:root:Epoch 275
INFO:root:[275,     0] loss: 5.849438e-03 masks: 21.0 16.0 [wd: 2.47e-01] [lr: 4.87e-04] [mem: 5.66e+03] (168.2 ms)
INFO:root:[275,     0] grad_stats: [1.82e-04 3.67e-05] (1.85e-05, 7.20e-04)
INFO:root:[275,   116] loss: 5.449552e-03 masks: 21.5 17.4 [wd: 2.48e-01] [lr: 4.85e-04] [mem: 5.66e+03] (172.4 ms)
INFO:root:[275,   116] grad_stats: [9.49e-05 2.68e-05] (1.31e-05, 5.35e-04)
INFO:root:[275,   232] loss: 5.474432e-03 masks: 21.8 17.2 [wd: 2.48e-01] [lr: 4.83e-04] [mem: 5.66e+03] (173.3 ms)
INFO:root:[275,   232] grad_stats: [9.42e-05 3.81e-05] (1.87e-05, 9.98e-04)
INFO:root:avg. loss 5.47443204e-03
INFO:root:time taken for epoch 0:00:53.901040
INFO:root:Epoch 276
INFO:root:[276,     0] loss: 5.595034e-03 masks: 14.0 20.0 [wd: 2.48e-01] [lr: 4.83e-04] [mem: 5.66e+03] (154.8 ms)
INFO:root:[276,     0] grad_stats: [1.01e-04 3.98e-05] (2.13e-05, 1.27e-03)
INFO:root:[276,   116] loss: 5.433680e-03 masks: 21.8 17.3 [wd: 2.49e-01] [lr: 4.82e-04] [mem: 5.66e+03] (173.1 ms)
INFO:root:[276,   116] grad_stats: [8.83e-05 3.82e-05] (1.98e-05, 8.47e-04)
INFO:root:[276,   232] loss: 5.383469e-03 masks: 21.3 17.5 [wd: 2.49e-01] [lr: 4.80e-04] [mem: 5.66e+03] (172.7 ms)
INFO:root:[276,   232] grad_stats: [4.11e-04 5.45e-05] (2.14e-05, 1.72e-03)
INFO:root:avg. loss 5.38346894e-03
INFO:root:time taken for epoch 0:00:53.764249
INFO:root:Epoch 277
INFO:root:[277,     0] loss: 5.028578e-03 masks: 25.0 16.0 [wd: 2.49e-01] [lr: 4.80e-04] [mem: 5.66e+03] (179.0 ms)
INFO:root:[277,     0] grad_stats: [1.20e-04 4.43e-05] (1.50e-05, 9.62e-04)
INFO:root:[277,   116] loss: 5.446096e-03 masks: 21.0 17.4 [wd: 2.50e-01] [lr: 4.78e-04] [mem: 5.66e+03] (170.9 ms)
INFO:root:[277,   116] grad_stats: [7.49e-05 4.08e-05] (1.86e-05, 9.18e-04)
INFO:root:[277,   232] loss: 5.461179e-03 masks: 21.4 17.3 [wd: 2.50e-01] [lr: 4.77e-04] [mem: 5.66e+03] (172.4 ms)
INFO:root:[277,   232] grad_stats: [1.09e-04 4.47e-05] (1.59e-05, 7.36e-04)
INFO:root:avg. loss 5.46117864e-03
INFO:root:time taken for epoch 0:00:53.671538
INFO:root:Epoch 278
INFO:root:[278,     0] loss: 6.209299e-03 masks: 17.0 16.0 [wd: 2.50e-01] [lr: 4.77e-04] [mem: 5.66e+03] (156.6 ms)
INFO:root:[278,     0] grad_stats: [1.93e-04 5.49e-05] (2.27e-05, 7.89e-04)
INFO:root:[278,   116] loss: 5.433382e-03 masks: 21.7 17.4 [wd: 2.51e-01] [lr: 4.75e-04] [mem: 5.66e+03] (173.0 ms)
INFO:root:[278,   116] grad_stats: [6.56e-05 3.32e-05] (1.61e-05, 8.57e-04)
INFO:root:[278,   232] loss: 5.399614e-03 masks: 21.9 17.4 [wd: 2.52e-01] [lr: 4.73e-04] [mem: 5.66e+03] (173.9 ms)
INFO:root:[278,   232] grad_stats: [2.33e-04 3.64e-05] (1.83e-05, 2.24e-03)
INFO:root:avg. loss 5.39961423e-03
INFO:root:time taken for epoch 0:00:54.096866
INFO:root:Epoch 279
INFO:root:[279,     0] loss: 5.498666e-03 masks: 24.0 16.0 [wd: 2.52e-01] [lr: 4.73e-04] [mem: 5.66e+03] (174.6 ms)
INFO:root:[279,     0] grad_stats: [1.30e-04 4.69e-05] (1.80e-05, 2.20e-03)
INFO:root:[279,   116] loss: 5.389199e-03 masks: 21.8 17.5 [wd: 2.52e-01] [lr: 4.72e-04] [mem: 5.66e+03] (173.4 ms)
INFO:root:[279,   116] grad_stats: [7.12e-05 3.05e-05] (1.41e-05, 6.97e-04)
INFO:root:[279,   232] loss: 5.395805e-03 masks: 22.2 17.3 [wd: 2.53e-01] [lr: 4.70e-04] [mem: 5.66e+03] (174.8 ms)
INFO:root:[279,   232] grad_stats: [7.78e-05 4.57e-05] (2.06e-05, 1.82e-03)
INFO:root:avg. loss 5.39580529e-03
INFO:root:time taken for epoch 0:00:54.284426
INFO:root:Epoch 280
INFO:root:[280,     0] loss: 4.591656e-03 masks: 19.0 20.0 [wd: 2.53e-01] [lr: 4.70e-04] [mem: 5.66e+03] (169.3 ms)
INFO:root:[280,     0] grad_stats: [1.09e-04 4.75e-05] (1.76e-05, 2.42e-03)
INFO:root:[280,   116] loss: 5.385630e-03 masks: 22.2 17.3 [wd: 2.53e-01] [lr: 4.68e-04] [mem: 5.66e+03] (174.3 ms)
INFO:root:[280,   116] grad_stats: [9.58e-05 5.07e-05] (1.93e-05, 1.01e-03)
INFO:root:[280,   232] loss: 5.449706e-03 masks: 22.2 17.1 [wd: 2.54e-01] [lr: 4.66e-04] [mem: 5.66e+03] (174.5 ms)
INFO:root:[280,   232] grad_stats: [1.72e-04 4.19e-05] (1.91e-05, 1.25e-03)
INFO:root:avg. loss 5.44970561e-03
INFO:root:time taken for epoch 0:00:54.239538
INFO:root:Epoch 281
INFO:root:[281,     0] loss: 5.939240e-03 masks: 20.0 16.0 [wd: 2.54e-01] [lr: 4.66e-04] [mem: 5.66e+03] (165.2 ms)
INFO:root:[281,     0] grad_stats: [1.44e-04 4.60e-05] (1.83e-05, 8.61e-04)
INFO:root:[281,   116] loss: 5.428939e-03 masks: 21.3 17.5 [wd: 2.54e-01] [lr: 4.65e-04] [mem: 5.66e+03] (172.0 ms)
INFO:root:[281,   116] grad_stats: [1.22e-04 3.47e-05] (1.32e-05, 6.36e-04)
INFO:root:[281,   232] loss: 5.372551e-03 masks: 21.7 17.4 [wd: 2.55e-01] [lr: 4.63e-04] [mem: 5.66e+03] (173.4 ms)
INFO:root:[281,   232] grad_stats: [8.64e-05 5.10e-05] (1.91e-05, 3.76e-03)
INFO:root:avg. loss 5.37255134e-03
INFO:root:time taken for epoch 0:00:53.903234
INFO:root:Epoch 282
INFO:root:[282,     0] loss: 4.922092e-03 masks: 24.0 16.0 [wd: 2.55e-01] [lr: 4.63e-04] [mem: 5.66e+03] (176.8 ms)
INFO:root:[282,     0] grad_stats: [1.59e-04 3.34e-05] (1.85e-05, 1.02e-03)
INFO:root:[282,   116] loss: 5.385361e-03 masks: 21.5 17.5 [wd: 2.55e-01] [lr: 4.61e-04] [mem: 5.66e+03] (172.8 ms)
INFO:root:[282,   116] grad_stats: [9.52e-05 3.84e-05] (1.65e-05, 9.69e-04)
INFO:root:[282,   232] loss: 5.363975e-03 masks: 21.6 17.5 [wd: 2.56e-01] [lr: 4.60e-04] [mem: 5.66e+03] (173.4 ms)
INFO:root:[282,   232] grad_stats: [8.58e-05 4.44e-05] (1.91e-05, 1.66e-03)
INFO:root:avg. loss 5.36397549e-03
INFO:root:time taken for epoch 0:00:53.969428
INFO:root:Epoch 283
INFO:root:[283,     0] loss: 5.416200e-03 masks: 18.0 20.0 [wd: 2.56e-01] [lr: 4.60e-04] [mem: 5.66e+03] (165.8 ms)
INFO:root:[283,     0] grad_stats: [9.04e-05 4.04e-05] (1.22e-05, 4.25e-04)
INFO:root:[283,   116] loss: 5.421773e-03 masks: 22.1 17.1 [wd: 2.57e-01] [lr: 4.58e-04] [mem: 5.66e+03] (174.0 ms)
INFO:root:[283,   116] grad_stats: [1.74e-04 4.02e-05] (1.59e-05, 7.87e-04)
INFO:root:[283,   232] loss: 5.385489e-03 masks: 22.2 17.3 [wd: 2.57e-01] [lr: 4.56e-04] [mem: 5.66e+03] (174.6 ms)
INFO:root:[283,   232] grad_stats: [1.38e-04 3.85e-05] (1.69e-05, 8.40e-04)
INFO:root:avg. loss 5.38548871e-03
INFO:root:time taken for epoch 0:00:54.279558
INFO:root:Epoch 284
INFO:root:[284,     0] loss: 5.492302e-03 masks: 13.0 20.0 [wd: 2.57e-01] [lr: 4.56e-04] [mem: 5.66e+03] (151.0 ms)
INFO:root:[284,     0] grad_stats: [1.09e-04 5.72e-05] (2.07e-05, 8.00e-04)
INFO:root:[284,   116] loss: 5.439872e-03 masks: 21.3 17.3 [wd: 2.58e-01] [lr: 4.55e-04] [mem: 5.66e+03] (171.6 ms)
INFO:root:[284,   116] grad_stats: [1.24e-04 3.46e-05] (1.40e-05, 1.55e-03)
INFO:root:[284,   232] loss: 5.450301e-03 masks: 22.0 17.1 [wd: 2.58e-01] [lr: 4.53e-04] [mem: 5.66e+03] (173.8 ms)
INFO:root:[284,   232] grad_stats: [1.95e-04 3.75e-05] (1.46e-05, 6.90e-04)
INFO:root:avg. loss 5.45030083e-03
INFO:root:time taken for epoch 0:00:53.973716
INFO:root:Epoch 285
INFO:root:[285,     0] loss: 5.468188e-03 masks: 26.0 16.0 [wd: 2.58e-01] [lr: 4.53e-04] [mem: 5.66e+03] (180.4 ms)
INFO:root:[285,     0] grad_stats: [8.40e-05 4.22e-05] (1.90e-05, 1.52e-03)
INFO:root:[285,   116] loss: 5.312593e-03 masks: 21.9 17.5 [wd: 2.59e-01] [lr: 4.51e-04] [mem: 5.66e+03] (173.9 ms)
INFO:root:[285,   116] grad_stats: [1.55e-04 3.97e-05] (2.11e-05, 7.27e-04)
INFO:root:[285,   232] loss: 5.344470e-03 masks: 22.0 17.4 [wd: 2.59e-01] [lr: 4.49e-04] [mem: 5.66e+03] (174.5 ms)
INFO:root:[285,   232] grad_stats: [1.61e-04 5.03e-05] (2.14e-05, 3.39e-03)
INFO:root:avg. loss 5.34446989e-03
INFO:root:time taken for epoch 0:00:54.145798
INFO:root:Epoch 286
INFO:root:[286,     0] loss: 4.787611e-03 masks: 20.0 20.0 [wd: 2.59e-01] [lr: 4.49e-04] [mem: 5.66e+03] (170.4 ms)
INFO:root:[286,     0] grad_stats: [1.20e-04 3.53e-05] (1.65e-05, 1.17e-03)
INFO:root:[286,   116] loss: 5.357579e-03 masks: 20.7 17.8 [wd: 2.60e-01] [lr: 4.48e-04] [mem: 5.66e+03] (171.0 ms)
INFO:root:[286,   116] grad_stats: [1.62e-04 4.16e-05] (1.70e-05, 9.34e-04)
INFO:root:[286,   232] loss: 5.341295e-03 masks: 21.0 17.7 [wd: 2.60e-01] [lr: 4.46e-04] [mem: 5.66e+03] (172.2 ms)
INFO:root:[286,   232] grad_stats: [1.57e-04 3.81e-05] (1.82e-05, 1.36e-03)
INFO:root:avg. loss 5.34129455e-03
INFO:root:time taken for epoch 0:00:53.723608
INFO:root:Epoch 287
INFO:root:[287,     0] loss: 6.010069e-03 masks: 21.0 16.0 [wd: 2.60e-01] [lr: 4.46e-04] [mem: 5.66e+03] (168.3 ms)
INFO:root:[287,     0] grad_stats: [1.24e-04 3.97e-05] (1.89e-05, 6.60e-04)
INFO:root:[287,   116] loss: 5.384043e-03 masks: 22.3 17.2 [wd: 2.61e-01] [lr: 4.44e-04] [mem: 5.66e+03] (174.4 ms)
INFO:root:[287,   116] grad_stats: [8.11e-05 3.01e-05] (1.55e-05, 7.31e-04)
INFO:root:[287,   232] loss: 5.455781e-03 masks: 21.8 17.2 [wd: 2.61e-01] [lr: 4.43e-04] [mem: 5.66e+03] (173.6 ms)
INFO:root:[287,   232] grad_stats: [1.01e-04 4.73e-05] (1.77e-05, 6.39e-04)
INFO:root:avg. loss 5.45578116e-03
INFO:root:time taken for epoch 0:00:54.050816
INFO:root:Epoch 288
INFO:root:[288,     0] loss: 5.042229e-03 masks: 18.0 20.0 [wd: 2.61e-01] [lr: 4.43e-04] [mem: 5.66e+03] (166.5 ms)
INFO:root:[288,     0] grad_stats: [1.65e-04 3.23e-05] (1.47e-05, 1.42e-03)
INFO:root:[288,   116] loss: 5.335299e-03 masks: 21.9 17.5 [wd: 2.62e-01] [lr: 4.41e-04] [mem: 5.66e+03] (173.6 ms)
INFO:root:[288,   116] grad_stats: [8.75e-05 5.06e-05] (1.69e-05, 9.65e-04)
INFO:root:[288,   232] loss: 5.335174e-03 masks: 21.6 17.5 [wd: 2.63e-01] [lr: 4.39e-04] [mem: 5.66e+03] (173.7 ms)
INFO:root:[288,   232] grad_stats: [2.16e-04 3.67e-05] (1.53e-05, 8.78e-04)
INFO:root:avg. loss 5.33517359e-03
INFO:root:time taken for epoch 0:00:54.093794
INFO:root:Epoch 289
INFO:root:[289,     0] loss: 6.537350e-03 masks: 34.0 12.0 [wd: 2.63e-01] [lr: 4.39e-04] [mem: 5.66e+03] (195.1 ms)
INFO:root:[289,     0] grad_stats: [3.38e-04 5.44e-05] (2.04e-05, 1.46e-03)
INFO:root:[289,   116] loss: 5.455209e-03 masks: 22.4 16.8 [wd: 2.63e-01] [lr: 4.38e-04] [mem: 5.66e+03] (174.1 ms)
INFO:root:[289,   116] grad_stats: [1.53e-04 4.58e-05] (2.07e-05, 1.79e-03)
INFO:root:[289,   232] loss: 5.473648e-03 masks: 22.2 17.0 [wd: 2.64e-01] [lr: 4.36e-04] [mem: 5.66e+03] (174.4 ms)
INFO:root:[289,   232] grad_stats: [1.02e-04 3.95e-05] (1.65e-05, 8.52e-04)
INFO:root:avg. loss 5.47364841e-03
INFO:root:time taken for epoch 0:00:54.200328
INFO:root:Epoch 290
INFO:root:[290,     0] loss: 4.346433e-03 masks: 18.0 20.0 [wd: 2.64e-01] [lr: 4.36e-04] [mem: 5.66e+03] (163.1 ms)
INFO:root:[290,     0] grad_stats: [1.45e-04 4.36e-05] (1.97e-05, 1.70e-03)
INFO:root:[290,   116] loss: 5.406879e-03 masks: 22.4 17.2 [wd: 2.64e-01] [lr: 4.34e-04] [mem: 5.66e+03] (174.6 ms)
INFO:root:[290,   116] grad_stats: [1.71e-04 6.50e-05] (2.20e-05, 4.99e-03)
INFO:root:[290,   232] loss: 5.413498e-03 masks: 22.4 17.1 [wd: 2.65e-01] [lr: 4.32e-04] [mem: 5.66e+03] (175.0 ms)
INFO:root:[290,   232] grad_stats: [1.56e-04 3.89e-05] (1.64e-05, 7.95e-04)
INFO:root:avg. loss 5.41349814e-03
INFO:root:time taken for epoch 0:00:54.165279
INFO:root:Epoch 291
INFO:root:[291,     0] loss: 5.369699e-03 masks: 15.0 20.0 [wd: 2.65e-01] [lr: 4.32e-04] [mem: 5.66e+03] (157.8 ms)
INFO:root:[291,     0] grad_stats: [9.55e-05 4.76e-05] (2.00e-05, 6.45e-04)
INFO:root:[291,   116] loss: 5.268435e-03 masks: 21.1 17.8 [wd: 2.65e-01] [lr: 4.31e-04] [mem: 5.66e+03] (172.0 ms)
INFO:root:[291,   116] grad_stats: [1.27e-04 5.06e-05] (2.07e-05, 1.36e-03)
INFO:root:[291,   232] loss: 5.335947e-03 masks: 21.5 17.6 [wd: 2.66e-01] [lr: 4.29e-04] [mem: 5.66e+03] (173.4 ms)
INFO:root:[291,   232] grad_stats: [1.46e-04 4.64e-05] (1.68e-05, 1.26e-03)
INFO:root:avg. loss 5.33594735e-03
INFO:root:time taken for epoch 0:00:53.958703
INFO:root:Epoch 292
INFO:root:[292,     0] loss: 5.298062e-03 masks: 29.0 16.0 [wd: 2.66e-01] [lr: 4.29e-04] [mem: 5.66e+03] (190.3 ms)
INFO:root:[292,     0] grad_stats: [1.89e-04 5.07e-05] (2.18e-05, 2.87e-03)
INFO:root:[292,   116] loss: 5.377660e-03 masks: 21.7 17.4 [wd: 2.66e-01] [lr: 4.27e-04] [mem: 5.66e+03] (173.1 ms)
INFO:root:[292,   116] grad_stats: [7.73e-05 4.36e-05] (1.81e-05, 1.36e-03)
INFO:root:[292,   232] loss: 5.431964e-03 masks: 21.7 17.3 [wd: 2.67e-01] [lr: 4.26e-04] [mem: 5.66e+03] (173.3 ms)
INFO:root:[292,   232] grad_stats: [1.18e-04 5.32e-05] (2.09e-05, 3.05e-03)
INFO:root:avg. loss 5.43196443e-03
INFO:root:time taken for epoch 0:00:53.934627
INFO:root:Epoch 293
INFO:root:[293,     0] loss: 4.862636e-03 masks: 19.0 20.0 [wd: 2.67e-01] [lr: 4.26e-04] [mem: 5.66e+03] (169.8 ms)
INFO:root:[293,     0] grad_stats: [6.91e-05 4.34e-05] (1.90e-05, 1.69e-03)
INFO:root:[293,   116] loss: 5.348278e-03 masks: 21.4 17.6 [wd: 2.67e-01] [lr: 4.24e-04] [mem: 5.66e+03] (172.6 ms)
INFO:root:[293,   116] grad_stats: [1.52e-04 3.88e-05] (1.73e-05, 6.76e-04)
INFO:root:[293,   232] loss: 5.421798e-03 masks: 22.0 17.3 [wd: 2.68e-01] [lr: 4.22e-04] [mem: 5.66e+03] (174.3 ms)
INFO:root:[293,   232] grad_stats: [8.35e-05 4.20e-05] (1.67e-05, 9.22e-04)
INFO:root:avg. loss 5.42179828e-03
INFO:root:time taken for epoch 0:00:54.243597
INFO:root:Epoch 294
INFO:root:[294,     0] loss: 4.432449e-03 masks: 20.0 20.0 [wd: 2.68e-01] [lr: 4.22e-04] [mem: 5.66e+03] (170.3 ms)
INFO:root:[294,     0] grad_stats: [1.15e-04 3.00e-05] (1.64e-05, 6.47e-04)
INFO:root:[294,   116] loss: 5.455414e-03 masks: 22.4 16.9 [wd: 2.69e-01] [lr: 4.21e-04] [mem: 5.66e+03] (174.5 ms)
INFO:root:[294,   116] grad_stats: [8.54e-05 3.28e-05] (1.42e-05, 7.10e-04)
INFO:root:[294,   232] loss: 5.448518e-03 masks: 22.2 17.0 [wd: 2.69e-01] [lr: 4.19e-04] [mem: 5.66e+03] (174.3 ms)
INFO:root:[294,   232] grad_stats: [7.88e-05 3.96e-05] (1.62e-05, 1.13e-03)
INFO:root:avg. loss 5.44851787e-03
INFO:root:time taken for epoch 0:00:54.153367
INFO:root:Epoch 295
INFO:root:[295,     0] loss: 4.853111e-03 masks: 21.0 20.0 [wd: 2.69e-01] [lr: 4.19e-04] [mem: 5.66e+03] (171.5 ms)
INFO:root:[295,     0] grad_stats: [8.25e-05 4.07e-05] (1.67e-05, 7.55e-04)
INFO:root:[295,   116] loss: 5.329597e-03 masks: 21.9 17.4 [wd: 2.70e-01] [lr: 4.17e-04] [mem: 5.66e+03] (173.8 ms)
INFO:root:[295,   116] grad_stats: [5.75e-05 4.75e-05] (2.05e-05, 1.52e-03)
INFO:root:[295,   232] loss: 5.348892e-03 masks: 22.1 17.4 [wd: 2.70e-01] [lr: 4.16e-04] [mem: 5.66e+03] (174.6 ms)
INFO:root:[295,   232] grad_stats: [1.34e-04 4.17e-05] (1.64e-05, 6.49e-04)
INFO:root:avg. loss 5.34889191e-03
INFO:root:time taken for epoch 0:00:54.007894
INFO:root:Epoch 296
INFO:root:[296,     0] loss: 5.937174e-03 masks: 36.0 12.0 [wd: 2.70e-01] [lr: 4.16e-04] [mem: 5.66e+03] (203.4 ms)
INFO:root:[296,     0] grad_stats: [1.76e-04 4.66e-05] (2.42e-05, 9.47e-04)
INFO:root:[296,   116] loss: 5.470186e-03 masks: 22.2 17.2 [wd: 2.71e-01] [lr: 4.14e-04] [mem: 5.66e+03] (174.1 ms)
INFO:root:[296,   116] grad_stats: [8.42e-05 5.30e-05] (1.73e-05, 1.05e-03)
INFO:root:[296,   232] loss: 5.402187e-03 masks: 21.9 17.4 [wd: 2.71e-01] [lr: 4.12e-04] [mem: 5.66e+03] (174.1 ms)
INFO:root:[296,   232] grad_stats: [1.27e-04 4.67e-05] (2.04e-05, 2.81e-03)
INFO:root:avg. loss 5.40218651e-03
INFO:root:time taken for epoch 0:00:54.093697
INFO:root:Epoch 297
INFO:root:[297,     0] loss: 4.718110e-03 masks: 17.0 20.0 [wd: 2.71e-01] [lr: 4.12e-04] [mem: 5.66e+03] (160.1 ms)
INFO:root:[297,     0] grad_stats: [1.32e-04 4.19e-05] (1.89e-05, 1.82e-03)
INFO:root:[297,   116] loss: 5.384228e-03 masks: 21.8 17.3 [wd: 2.72e-01] [lr: 4.11e-04] [mem: 5.66e+03] (173.1 ms)
INFO:root:[297,   116] grad_stats: [2.04e-04 4.88e-05] (2.15e-05, 2.85e-03)
INFO:root:[297,   232] loss: 5.395446e-03 masks: 22.0 17.3 [wd: 2.72e-01] [lr: 4.09e-04] [mem: 5.66e+03] (174.3 ms)
INFO:root:[297,   232] grad_stats: [2.30e-04 5.55e-05] (2.62e-05, 1.13e-03)
INFO:root:avg. loss 5.39544647e-03
INFO:root:time taken for epoch 0:00:54.141601
INFO:root:Epoch 298
INFO:root:[298,     0] loss: 5.656906e-03 masks: 22.0 16.0 [wd: 2.72e-01] [lr: 4.09e-04] [mem: 5.66e+03] (169.5 ms)
INFO:root:[298,     0] grad_stats: [1.06e-04 6.38e-05] (2.25e-05, 9.88e-04)
INFO:root:[298,   116] loss: 5.410353e-03 masks: 22.3 17.2 [wd: 2.73e-01] [lr: 4.07e-04] [mem: 5.66e+03] (174.4 ms)
INFO:root:[298,   116] grad_stats: [1.79e-04 4.35e-05] (1.89e-05, 1.04e-03)
INFO:root:[298,   232] loss: 5.394506e-03 masks: 22.4 17.1 [wd: 2.73e-01] [lr: 4.06e-04] [mem: 5.66e+03] (175.1 ms)
INFO:root:[298,   232] grad_stats: [1.65e-04 5.52e-05] (2.40e-05, 2.81e-03)
INFO:root:avg. loss 5.39450615e-03
INFO:root:time taken for epoch 0:00:54.366446
INFO:root:Epoch 299
INFO:root:[299,     0] loss: 5.571669e-03 masks: 25.0 16.0 [wd: 2.73e-01] [lr: 4.06e-04] [mem: 5.66e+03] (177.8 ms)
INFO:root:[299,     0] grad_stats: [1.45e-04 4.90e-05] (2.16e-05, 1.98e-03)
INFO:root:[299,   116] loss: 5.373490e-03 masks: 22.2 17.3 [wd: 2.74e-01] [lr: 4.04e-04] [mem: 5.66e+03] (174.3 ms)
INFO:root:[299,   116] grad_stats: [1.20e-04 5.24e-05] (2.40e-05, 9.31e-04)
INFO:root:[299,   232] loss: 5.393021e-03 masks: 21.9 17.4 [wd: 2.75e-01] [lr: 4.02e-04] [mem: 5.66e+03] (174.1 ms)
INFO:root:[299,   232] grad_stats: [1.28e-04 3.69e-05] (1.89e-05, 9.70e-04)
INFO:root:avg. loss 5.39302062e-03
INFO:root:time taken for epoch 0:00:54.840887
INFO:root:Epoch 300
INFO:root:[300,     0] loss: 6.114902e-03 masks: 13.0 20.0 [wd: 2.75e-01] [lr: 4.02e-04] [mem: 5.66e+03] (151.4 ms)
INFO:root:[300,     0] grad_stats: [1.10e-04 5.60e-05] (2.37e-05, 1.00e-03)
INFO:root:[300,   116] loss: 5.431250e-03 masks: 21.2 17.5 [wd: 2.75e-01] [lr: 4.01e-04] [mem: 5.66e+03] (171.8 ms)
INFO:root:[300,   116] grad_stats: [9.69e-05 4.23e-05] (1.83e-05, 1.43e-03)
INFO:root:[300,   232] loss: 5.434161e-03 masks: 21.5 17.4 [wd: 2.76e-01] [lr: 3.99e-04] [mem: 5.66e+03] (172.8 ms)
INFO:root:[300,   232] grad_stats: [9.83e-05 7.10e-05] (2.72e-05, 1.44e-03)
INFO:root:avg. loss 5.43416065e-03
INFO:root:	Epoch 300, KNN accuracy train: 7.30901e-01, KNN accuracy train: 5.97333e-01
INFO:root:time taken for epoch 0:01:35.908127
INFO:root:Epoch 301
INFO:root:[301,     0] loss: 5.058718e-03 masks: 17.0 20.0 [wd: 2.76e-01] [lr: 3.99e-04] [mem: 5.66e+03] (161.3 ms)
INFO:root:[301,     0] grad_stats: [1.11e-04 4.25e-05] (1.65e-05, 1.19e-03)
INFO:root:[301,   116] loss: 5.360928e-03 masks: 21.6 17.4 [wd: 2.76e-01] [lr: 3.97e-04] [mem: 5.66e+03] (172.2 ms)
INFO:root:[301,   116] grad_stats: [2.00e-04 4.79e-05] (1.97e-05, 1.08e-03)
INFO:root:[301,   232] loss: 5.403525e-03 masks: 21.2 17.4 [wd: 2.77e-01] [lr: 3.96e-04] [mem: 5.66e+03] (171.7 ms)
INFO:root:[301,   232] grad_stats: [8.52e-05 5.49e-05] (1.57e-05, 6.14e-04)
INFO:root:avg. loss 5.40352522e-03
INFO:root:time taken for epoch 0:00:53.495656
INFO:root:Epoch 302
INFO:root:[302,     0] loss: 5.399716e-03 masks: 27.0 16.0 [wd: 2.77e-01] [lr: 3.96e-04] [mem: 5.66e+03] (185.3 ms)
INFO:root:[302,     0] grad_stats: [1.83e-04 4.33e-05] (1.85e-05, 8.11e-04)
INFO:root:[302,   116] loss: 5.469027e-03 masks: 22.2 17.1 [wd: 2.77e-01] [lr: 3.94e-04] [mem: 5.66e+03] (173.9 ms)
INFO:root:[302,   116] grad_stats: [1.59e-04 5.43e-05] (2.12e-05, 2.48e-03)
INFO:root:[302,   232] loss: 5.445130e-03 masks: 22.0 17.2 [wd: 2.78e-01] [lr: 3.92e-04] [mem: 5.66e+03] (174.0 ms)
INFO:root:[302,   232] grad_stats: [1.70e-04 4.98e-05] (2.24e-05, 1.36e-03)
INFO:root:avg. loss 5.44513040e-03
INFO:root:time taken for epoch 0:00:53.999370
INFO:root:Epoch 303
INFO:root:[303,     0] loss: 5.107472e-03 masks: 25.0 16.0 [wd: 2.78e-01] [lr: 3.92e-04] [mem: 5.66e+03] (178.9 ms)
INFO:root:[303,     0] grad_stats: [8.81e-05 4.85e-05] (2.32e-05, 1.35e-03)
INFO:root:[303,   116] loss: 5.415390e-03 masks: 21.7 17.3 [wd: 2.78e-01] [lr: 3.91e-04] [mem: 5.66e+03] (172.9 ms)
INFO:root:[303,   116] grad_stats: [1.77e-04 4.81e-05] (2.40e-05, 1.29e-03)
INFO:root:[303,   232] loss: 5.368055e-03 masks: 22.0 17.3 [wd: 2.79e-01] [lr: 3.89e-04] [mem: 5.66e+03] (174.0 ms)
INFO:root:[303,   232] grad_stats: [1.25e-04 5.27e-05] (2.12e-05, 1.58e-03)
INFO:root:avg. loss 5.36805505e-03
INFO:root:time taken for epoch 0:00:54.079100
INFO:root:Epoch 304
INFO:root:[304,     0] loss: 5.927757e-03 masks: 21.0 16.0 [wd: 2.79e-01] [lr: 3.89e-04] [mem: 5.66e+03] (168.6 ms)
INFO:root:[304,     0] grad_stats: [9.10e-05 4.05e-05] (2.08e-05, 9.14e-04)
INFO:root:[304,   116] loss: 5.363338e-03 masks: 21.9 17.5 [wd: 2.79e-01] [lr: 3.87e-04] [mem: 5.66e+03] (173.6 ms)
INFO:root:[304,   116] grad_stats: [9.05e-05 3.86e-05] (1.98e-05, 9.85e-04)
INFO:root:[304,   232] loss: 5.395737e-03 masks: 21.8 17.4 [wd: 2.80e-01] [lr: 3.86e-04] [mem: 5.66e+03] (173.6 ms)
INFO:root:[304,   232] grad_stats: [1.37e-04 5.86e-05] (2.07e-05, 4.68e-03)
INFO:root:avg. loss 5.39573731e-03
INFO:root:time taken for epoch 0:00:53.939140
INFO:root:Epoch 305
INFO:root:[305,     0] loss: 4.601586e-03 masks: 19.0 20.0 [wd: 2.80e-01] [lr: 3.86e-04] [mem: 5.66e+03] (170.3 ms)
INFO:root:[305,     0] grad_stats: [1.11e-04 3.33e-05] (1.44e-05, 1.33e-03)
INFO:root:[305,   116] loss: 5.412157e-03 masks: 21.8 17.3 [wd: 2.80e-01] [lr: 3.84e-04] [mem: 5.66e+03] (173.0 ms)
INFO:root:[305,   116] grad_stats: [1.18e-04 4.10e-05] (1.72e-05, 7.64e-04)
INFO:root:[305,   232] loss: 5.329570e-03 masks: 21.6 17.5 [wd: 2.81e-01] [lr: 3.82e-04] [mem: 5.66e+03] (173.3 ms)
INFO:root:[305,   232] grad_stats: [1.53e-04 1.04e-04] (4.01e-05, 1.43e-03)
INFO:root:avg. loss 5.32957026e-03
INFO:root:time taken for epoch 0:00:53.855178
INFO:root:Epoch 306
INFO:root:[306,     0] loss: 5.005012e-03 masks: 18.0 20.0 [wd: 2.81e-01] [lr: 3.82e-04] [mem: 5.66e+03] (166.7 ms)
INFO:root:[306,     0] grad_stats: [1.49e-04 4.26e-05] (2.01e-05, 1.31e-03)
INFO:root:[306,   116] loss: 5.396487e-03 masks: 21.9 17.2 [wd: 2.82e-01] [lr: 3.81e-04] [mem: 5.66e+03] (173.3 ms)
INFO:root:[306,   116] grad_stats: [1.47e-04 4.87e-05] (1.98e-05, 1.52e-03)
INFO:root:[306,   232] loss: 5.405094e-03 masks: 21.8 17.3 [wd: 2.82e-01] [lr: 3.79e-04] [mem: 5.66e+03] (173.5 ms)
INFO:root:[306,   232] grad_stats: [9.38e-05 3.45e-05] (1.60e-05, 6.69e-04)
INFO:root:avg. loss 5.40509440e-03
INFO:root:time taken for epoch 0:00:53.904507
INFO:root:Epoch 307
INFO:root:[307,     0] loss: 4.780078e-03 masks: 19.0 20.0 [wd: 2.82e-01] [lr: 3.79e-04] [mem: 5.66e+03] (169.9 ms)
INFO:root:[307,     0] grad_stats: [1.10e-04 4.27e-05] (1.66e-05, 1.27e-03)
INFO:root:[307,   116] loss: 5.457519e-03 masks: 22.2 17.1 [wd: 2.83e-01] [lr: 3.77e-04] [mem: 5.66e+03] (174.1 ms)
INFO:root:[307,   116] grad_stats: [8.25e-05 6.95e-05] (2.44e-05, 2.35e-03)
INFO:root:[307,   232] loss: 5.473622e-03 masks: 22.1 17.0 [wd: 2.83e-01] [lr: 3.76e-04] [mem: 5.66e+03] (174.1 ms)
INFO:root:[307,   232] grad_stats: [1.66e-04 3.98e-05] (2.03e-05, 8.37e-04)
INFO:root:avg. loss 5.47362230e-03
INFO:root:time taken for epoch 0:00:54.022269
INFO:root:Epoch 308
INFO:root:[308,     0] loss: 6.023063e-03 masks: 35.0 12.0 [wd: 2.83e-01] [lr: 3.76e-04] [mem: 5.66e+03] (199.4 ms)
INFO:root:[308,     0] grad_stats: [1.27e-04 5.51e-05] (2.22e-05, 2.03e-03)
INFO:root:[308,   116] loss: 5.403210e-03 masks: 22.2 17.2 [wd: 2.84e-01] [lr: 3.74e-04] [mem: 5.66e+03] (174.2 ms)
INFO:root:[308,   116] grad_stats: [1.04e-04 5.48e-05] (2.73e-05, 1.62e-03)
INFO:root:[308,   232] loss: 5.426008e-03 masks: 21.9 17.3 [wd: 2.84e-01] [lr: 3.72e-04] [mem: 5.66e+03] (174.1 ms)
INFO:root:[308,   232] grad_stats: [8.13e-05 5.39e-05] (2.02e-05, 1.03e-03)
INFO:root:avg. loss 5.42600760e-03
INFO:root:time taken for epoch 0:00:54.115728
INFO:root:Epoch 309
INFO:root:[309,     0] loss: 5.309757e-03 masks: 17.0 20.0 [wd: 2.84e-01] [lr: 3.72e-04] [mem: 5.66e+03] (162.2 ms)
INFO:root:[309,     0] grad_stats: [1.36e-04 5.17e-05] (1.69e-05, 1.09e-03)
INFO:root:[309,   116] loss: 5.289047e-03 masks: 22.2 17.6 [wd: 2.85e-01] [lr: 3.71e-04] [mem: 5.66e+03] (174.7 ms)
INFO:root:[309,   116] grad_stats: [8.99e-05 6.22e-05] (2.77e-05, 7.44e-04)
INFO:root:[309,   232] loss: 5.333256e-03 masks: 22.4 17.4 [wd: 2.85e-01] [lr: 3.69e-04] [mem: 5.66e+03] (175.5 ms)
INFO:root:[309,   232] grad_stats: [1.53e-04 5.98e-05] (2.54e-05, 3.62e-03)
INFO:root:avg. loss 5.33325587e-03
INFO:root:time taken for epoch 0:00:54.242015
INFO:root:Epoch 310
INFO:root:[310,     0] loss: 6.646897e-03 masks: 33.0 12.0 [wd: 2.85e-01] [lr: 3.69e-04] [mem: 5.66e+03] (194.3 ms)
INFO:root:[310,     0] grad_stats: [1.94e-04 5.55e-05] (2.80e-05, 3.55e-03)
INFO:root:[310,   116] loss: 5.343072e-03 masks: 22.1 17.3 [wd: 2.86e-01] [lr: 3.67e-04] [mem: 5.66e+03] (173.9 ms)
INFO:root:[310,   116] grad_stats: [1.01e-04 4.75e-05] (2.15e-05, 1.61e-03)
INFO:root:[310,   232] loss: 5.383934e-03 masks: 21.9 17.3 [wd: 2.86e-01] [lr: 3.66e-04] [mem: 5.66e+03] (173.9 ms)
INFO:root:[310,   232] grad_stats: [1.46e-04 7.21e-05] (3.47e-05, 1.62e-03)
INFO:root:avg. loss 5.38393381e-03
INFO:root:time taken for epoch 0:00:53.988767
INFO:root:Epoch 311
INFO:root:[311,     0] loss: 5.135664e-03 masks: 19.0 20.0 [wd: 2.86e-01] [lr: 3.66e-04] [mem: 5.66e+03] (169.2 ms)
INFO:root:[311,     0] grad_stats: [8.67e-05 4.18e-05] (1.87e-05, 2.59e-03)
INFO:root:[311,   116] loss: 5.480081e-03 masks: 22.7 16.9 [wd: 2.87e-01] [lr: 3.64e-04] [mem: 5.66e+03] (174.9 ms)
INFO:root:[311,   116] grad_stats: [1.17e-04 7.82e-05] (2.14e-05, 1.56e-03)
INFO:root:[311,   232] loss: 5.443802e-03 masks: 22.4 17.0 [wd: 2.87e-01] [lr: 3.62e-04] [mem: 5.66e+03] (174.8 ms)
INFO:root:[311,   232] grad_stats: [1.31e-04 5.97e-05] (2.14e-05, 8.62e-04)
INFO:root:avg. loss 5.44380214e-03
INFO:root:time taken for epoch 0:00:54.253719
INFO:root:Epoch 312
INFO:root:[312,     0] loss: 5.768968e-03 masks: 26.0 16.0 [wd: 2.87e-01] [lr: 3.62e-04] [mem: 5.66e+03] (182.2 ms)
INFO:root:[312,     0] grad_stats: [8.31e-05 4.76e-05] (2.07e-05, 8.78e-04)
INFO:root:[312,   116] loss: 5.362756e-03 masks: 21.9 17.4 [wd: 2.88e-01] [lr: 3.61e-04] [mem: 5.66e+03] (173.8 ms)
INFO:root:[312,   116] grad_stats: [9.00e-05 4.32e-05] (1.90e-05, 7.48e-04)
INFO:root:[312,   232] loss: 5.432761e-03 masks: 21.8 17.2 [wd: 2.88e-01] [lr: 3.59e-04] [mem: 5.66e+03] (173.6 ms)
INFO:root:[312,   232] grad_stats: [1.03e-04 3.91e-05] (1.42e-05, 7.36e-04)
INFO:root:avg. loss 5.43276147e-03
INFO:root:time taken for epoch 0:00:53.912200
INFO:root:Epoch 313
INFO:root:[313,     0] loss: 5.485920e-03 masks: 14.0 20.0 [wd: 2.88e-01] [lr: 3.59e-04] [mem: 5.66e+03] (154.9 ms)
INFO:root:[313,     0] grad_stats: [3.58e-04 7.09e-05] (2.09e-05, 9.50e-04)
INFO:root:[313,   116] loss: 5.395047e-03 masks: 21.6 17.4 [wd: 2.89e-01] [lr: 3.58e-04] [mem: 5.66e+03] (172.7 ms)
INFO:root:[313,   116] grad_stats: [1.15e-04 6.49e-05] (3.23e-05, 4.78e-03)
INFO:root:[313,   232] loss: 5.402560e-03 masks: 21.6 17.4 [wd: 2.89e-01] [lr: 3.56e-04] [mem: 5.66e+03] (173.0 ms)
INFO:root:[313,   232] grad_stats: [9.89e-05 4.78e-05] (2.24e-05, 1.60e-03)
INFO:root:avg. loss 5.40255969e-03
INFO:root:time taken for epoch 0:00:53.834719
INFO:root:Epoch 314
INFO:root:[314,     0] loss: 5.148410e-03 masks: 15.0 20.0 [wd: 2.89e-01] [lr: 3.56e-04] [mem: 5.66e+03] (156.1 ms)
INFO:root:[314,     0] grad_stats: [1.06e-04 5.16e-05] (2.01e-05, 7.72e-04)
INFO:root:[314,   116] loss: 5.421214e-03 masks: 21.9 17.3 [wd: 2.90e-01] [lr: 3.54e-04] [mem: 5.66e+03] (173.5 ms)
INFO:root:[314,   116] grad_stats: [6.90e-05 5.03e-05] (2.02e-05, 1.43e-03)
INFO:root:[314,   232] loss: 5.452689e-03 masks: 22.2 17.2 [wd: 2.90e-01] [lr: 3.53e-04] [mem: 5.66e+03] (174.6 ms)
INFO:root:[314,   232] grad_stats: [1.12e-04 5.10e-05] (2.14e-05, 1.01e-03)
INFO:root:avg. loss 5.45268926e-03
INFO:root:time taken for epoch 0:00:54.164055
INFO:root:Epoch 315
INFO:root:[315,     0] loss: 6.066112e-03 masks: 21.0 16.0 [wd: 2.90e-01] [lr: 3.53e-04] [mem: 5.66e+03] (167.7 ms)
INFO:root:[315,     0] grad_stats: [1.11e-04 4.99e-05] (2.32e-05, 1.41e-03)
INFO:root:[315,   116] loss: 5.559731e-03 masks: 23.0 16.7 [wd: 2.91e-01] [lr: 3.51e-04] [mem: 5.66e+03] (175.7 ms)
INFO:root:[315,   116] grad_stats: [1.57e-04 5.49e-05] (2.18e-05, 1.34e-03)
INFO:root:[315,   232] loss: 5.482024e-03 masks: 22.5 17.0 [wd: 2.91e-01] [lr: 3.49e-04] [mem: 5.66e+03] (175.1 ms)
INFO:root:[315,   232] grad_stats: [8.93e-05 5.38e-05] (2.44e-05, 3.10e-03)
INFO:root:avg. loss 5.48202417e-03
INFO:root:time taken for epoch 0:00:54.241556
INFO:root:Epoch 316
INFO:root:[316,     0] loss: 5.148035e-03 masks: 13.0 20.0 [wd: 2.91e-01] [lr: 3.49e-04] [mem: 5.66e+03] (149.7 ms)
INFO:root:[316,     0] grad_stats: [9.65e-05 3.91e-05] (1.93e-05, 1.57e-03)
INFO:root:[316,   116] loss: 5.418762e-03 masks: 21.7 17.4 [wd: 2.92e-01] [lr: 3.48e-04] [mem: 5.66e+03] (173.0 ms)
INFO:root:[316,   116] grad_stats: [1.15e-04 5.39e-05] (2.79e-05, 1.47e-03)
INFO:root:[316,   232] loss: 5.387674e-03 masks: 21.4 17.6 [wd: 2.93e-01] [lr: 3.46e-04] [mem: 5.66e+03] (172.8 ms)
INFO:root:[316,   232] grad_stats: [1.74e-04 5.27e-05] (2.08e-05, 1.07e-03)
INFO:root:avg. loss 5.38767442e-03
INFO:root:time taken for epoch 0:00:53.769753
INFO:root:Epoch 317
INFO:root:[317,     0] loss: 6.055413e-03 masks: 22.0 16.0 [wd: 2.93e-01] [lr: 3.46e-04] [mem: 5.66e+03] (169.0 ms)
INFO:root:[317,     0] grad_stats: [2.01e-04 5.45e-05] (2.62e-05, 1.60e-03)
INFO:root:[317,   116] loss: 5.361257e-03 masks: 22.2 17.2 [wd: 2.93e-01] [lr: 3.45e-04] [mem: 5.66e+03] (174.4 ms)
INFO:root:[317,   116] grad_stats: [8.70e-05 4.59e-05] (2.04e-05, 1.24e-03)
INFO:root:[317,   232] loss: 5.411123e-03 masks: 22.2 17.2 [wd: 2.94e-01] [lr: 3.43e-04] [mem: 5.66e+03] (174.6 ms)
INFO:root:[317,   232] grad_stats: [9.00e-05 4.41e-05] (1.89e-05, 9.74e-04)
INFO:root:avg. loss 5.41112350e-03
INFO:root:time taken for epoch 0:00:54.219102
INFO:root:Epoch 318
INFO:root:[318,     0] loss: 5.507151e-03 masks: 25.0 16.0 [wd: 2.94e-01] [lr: 3.43e-04] [mem: 5.66e+03] (177.6 ms)
INFO:root:[318,     0] grad_stats: [1.17e-04 4.85e-05] (2.20e-05, 9.74e-04)
INFO:root:[318,   116] loss: 5.545522e-03 masks: 22.4 16.8 [wd: 2.94e-01] [lr: 3.41e-04] [mem: 5.66e+03] (174.2 ms)
INFO:root:[318,   116] grad_stats: [2.64e-04 4.85e-05] (2.23e-05, 2.60e-03)
INFO:root:[318,   232] loss: 5.480043e-03 masks: 22.0 17.0 [wd: 2.95e-01] [lr: 3.40e-04] [mem: 5.66e+03] (173.8 ms)
INFO:root:[318,   232] grad_stats: [1.55e-04 5.04e-05] (2.59e-05, 1.22e-03)
INFO:root:avg. loss 5.48004290e-03
INFO:root:time taken for epoch 0:00:54.077149
INFO:root:Epoch 319
INFO:root:[319,     0] loss: 4.450021e-03 masks: 19.0 20.0 [wd: 2.95e-01] [lr: 3.40e-04] [mem: 5.66e+03] (169.1 ms)
INFO:root:[319,     0] grad_stats: [1.25e-04 3.49e-05] (1.67e-05, 7.80e-04)
INFO:root:[319,   116] loss: 5.392537e-03 masks: 21.9 17.3 [wd: 2.95e-01] [lr: 3.38e-04] [mem: 5.66e+03] (173.5 ms)
INFO:root:[319,   116] grad_stats: [1.05e-04 5.07e-05] (1.85e-05, 1.27e-03)
INFO:root:[319,   232] loss: 5.425382e-03 masks: 21.9 17.2 [wd: 2.96e-01] [lr: 3.36e-04] [mem: 5.66e+03] (174.0 ms)
INFO:root:[319,   232] grad_stats: [8.94e-05 4.97e-05] (2.11e-05, 1.54e-03)
INFO:root:avg. loss 5.42538173e-03
INFO:root:time taken for epoch 0:00:53.916990
INFO:root:Epoch 320
INFO:root:[320,     0] loss: 4.834424e-03 masks: 17.0 20.0 [wd: 2.96e-01] [lr: 3.36e-04] [mem: 5.66e+03] (161.7 ms)
INFO:root:[320,     0] grad_stats: [7.80e-05 5.02e-05] (2.11e-05, 1.17e-03)
INFO:root:[320,   116] loss: 5.455922e-03 masks: 21.3 17.4 [wd: 2.96e-01] [lr: 3.35e-04] [mem: 5.66e+03] (171.9 ms)
INFO:root:[320,   116] grad_stats: [8.28e-05 5.41e-05] (2.07e-05, 9.03e-04)
INFO:root:[320,   232] loss: 5.442979e-03 masks: 21.8 17.2 [wd: 2.97e-01] [lr: 3.33e-04] [mem: 5.66e+03] (173.4 ms)
INFO:root:[320,   232] grad_stats: [2.81e-04 6.11e-05] (2.51e-05, 3.13e-03)
INFO:root:avg. loss 5.44297940e-03
INFO:root:time taken for epoch 0:00:53.887608
INFO:root:Epoch 321
INFO:root:[321,     0] loss: 5.725567e-03 masks: 26.0 16.0 [wd: 2.97e-01] [lr: 3.33e-04] [mem: 5.66e+03] (181.7 ms)
INFO:root:[321,     0] grad_stats: [8.97e-05 5.66e-05] (2.38e-05, 8.62e-04)
INFO:root:[321,   116] loss: 5.411712e-03 masks: 21.9 17.3 [wd: 2.97e-01] [lr: 3.32e-04] [mem: 5.66e+03] (173.3 ms)
INFO:root:[321,   116] grad_stats: [2.68e-04 5.65e-05] (2.19e-05, 1.57e-03)
INFO:root:[321,   232] loss: 5.365055e-03 masks: 21.8 17.4 [wd: 2.98e-01] [lr: 3.30e-04] [mem: 5.66e+03] (173.6 ms)
INFO:root:[321,   232] grad_stats: [1.29e-04 5.09e-05] (2.50e-05, 2.42e-03)
INFO:root:avg. loss 5.36505497e-03
INFO:root:time taken for epoch 0:00:53.948106
INFO:root:Epoch 322
INFO:root:[322,     0] loss: 5.019662e-03 masks: 20.0 20.0 [wd: 2.98e-01] [lr: 3.30e-04] [mem: 5.66e+03] (170.5 ms)
INFO:root:[322,     0] grad_stats: [7.56e-05 4.18e-05] (1.82e-05, 8.82e-04)
INFO:root:[322,   116] loss: 5.436582e-03 masks: 21.7 17.4 [wd: 2.98e-01] [lr: 3.28e-04] [mem: 5.66e+03] (172.9 ms)
INFO:root:[322,   116] grad_stats: [1.19e-04 4.94e-05] (2.01e-05, 5.72e-04)
INFO:root:[322,   232] loss: 5.431809e-03 masks: 22.1 17.2 [wd: 2.99e-01] [lr: 3.27e-04] [mem: 5.66e+03] (174.4 ms)
INFO:root:[322,   232] grad_stats: [1.84e-04 4.35e-05] (1.85e-05, 6.62e-04)
INFO:root:avg. loss 5.43180894e-03
INFO:root:time taken for epoch 0:00:54.210945
INFO:root:Epoch 323
INFO:root:[323,     0] loss: 4.501594e-03 masks: 20.0 20.0 [wd: 2.99e-01] [lr: 3.27e-04] [mem: 5.66e+03] (168.9 ms)
INFO:root:[323,     0] grad_stats: [1.56e-04 5.18e-05] (1.99e-05, 1.57e-03)
INFO:root:[323,   116] loss: 5.451186e-03 masks: 22.9 16.9 [wd: 2.99e-01] [lr: 3.25e-04] [mem: 5.66e+03] (175.7 ms)
INFO:root:[323,   116] grad_stats: [1.21e-04 6.95e-05] (2.68e-05, 9.17e-04)
INFO:root:[323,   232] loss: 5.437009e-03 masks: 22.9 16.9 [wd: 3.00e-01] [lr: 3.24e-04] [mem: 5.66e+03] (176.2 ms)
INFO:root:[323,   232] grad_stats: [8.77e-05 7.71e-05] (2.39e-05, 2.96e-03)
INFO:root:avg. loss 5.43700874e-03
INFO:root:time taken for epoch 0:00:54.522694
INFO:root:Epoch 324
INFO:root:[324,     0] loss: 4.772422e-03 masks: 27.0 16.0 [wd: 3.00e-01] [lr: 3.24e-04] [mem: 5.66e+03] (185.2 ms)
INFO:root:[324,     0] grad_stats: [1.89e-04 4.08e-05] (2.11e-05, 2.51e-03)
INFO:root:[324,   116] loss: 5.359091e-03 masks: 21.8 17.5 [wd: 3.00e-01] [lr: 3.22e-04] [mem: 5.66e+03] (173.5 ms)
INFO:root:[324,   116] grad_stats: [8.05e-05 4.96e-05] (1.85e-05, 2.13e-03)
INFO:root:[324,   232] loss: 5.393948e-03 masks: 22.2 17.2 [wd: 3.01e-01] [lr: 3.20e-04] [mem: 5.66e+03] (174.7 ms)
INFO:root:[324,   232] grad_stats: [1.21e-04 5.47e-05] (2.51e-05, 6.76e-04)
INFO:root:avg. loss 5.39394830e-03
INFO:root:time taken for epoch 0:00:54.196941
INFO:root:Epoch 325
INFO:root:[325,     0] loss: 5.773637e-03 masks: 33.0 12.0 [wd: 3.01e-01] [lr: 3.20e-04] [mem: 5.66e+03] (194.1 ms)
INFO:root:[325,     0] grad_stats: [1.58e-04 6.70e-05] (2.95e-05, 2.34e-03)
INFO:root:[325,   116] loss: 5.421190e-03 masks: 22.7 16.9 [wd: 3.01e-01] [lr: 3.19e-04] [mem: 5.66e+03] (175.0 ms)
INFO:root:[325,   116] grad_stats: [1.94e-04 4.47e-05] (2.21e-05, 1.29e-03)
INFO:root:[325,   232] loss: 5.448027e-03 masks: 22.3 17.0 [wd: 3.02e-01] [lr: 3.17e-04] [mem: 5.66e+03] (174.6 ms)
INFO:root:[325,   232] grad_stats: [1.36e-04 8.38e-05] (3.28e-05, 7.19e-03)
INFO:root:avg. loss 5.44802656e-03
INFO:root:time taken for epoch 0:00:54.203606
INFO:root:Epoch 326
INFO:root:[326,     0] loss: 4.944392e-03 masks: 18.0 20.0 [wd: 3.02e-01] [lr: 3.17e-04] [mem: 5.66e+03] (165.3 ms)
INFO:root:[326,     0] grad_stats: [8.97e-05 5.67e-05] (2.06e-05, 1.83e-03)
INFO:root:[326,   116] loss: 5.424775e-03 masks: 22.6 17.1 [wd: 3.02e-01] [lr: 3.16e-04] [mem: 5.66e+03] (175.1 ms)
INFO:root:[326,   116] grad_stats: [1.33e-04 6.28e-05] (2.22e-05, 9.33e-04)
INFO:root:[326,   232] loss: 5.418373e-03 masks: 22.4 17.1 [wd: 3.03e-01] [lr: 3.14e-04] [mem: 5.66e+03] (175.1 ms)
INFO:root:[326,   232] grad_stats: [1.02e-04 5.53e-05] (2.15e-05, 1.90e-03)
INFO:root:avg. loss 5.41837302e-03
INFO:root:time taken for epoch 0:00:54.391788
INFO:root:Epoch 327
INFO:root:[327,     0] loss: 5.313990e-03 masks: 15.0 20.0 [wd: 3.03e-01] [lr: 3.14e-04] [mem: 5.66e+03] (157.0 ms)
INFO:root:[327,     0] grad_stats: [9.07e-05 4.94e-05] (2.11e-05, 1.16e-03)
INFO:root:[327,   116] loss: 5.443184e-03 masks: 22.7 16.9 [wd: 3.03e-01] [lr: 3.12e-04] [mem: 5.66e+03] (175.0 ms)
INFO:root:[327,   116] grad_stats: [1.37e-04 5.10e-05] (2.05e-05, 2.22e-03)
INFO:root:[327,   232] loss: 5.418392e-03 masks: 22.3 17.1 [wd: 3.04e-01] [lr: 3.11e-04] [mem: 5.66e+03] (174.9 ms)
INFO:root:[327,   232] grad_stats: [6.61e-05 5.59e-05] (2.26e-05, 8.36e-04)
INFO:root:avg. loss 5.41839222e-03
INFO:root:time taken for epoch 0:00:54.346890
INFO:root:Epoch 328
INFO:root:[328,     0] loss: 4.540325e-03 masks: 23.0 20.0 [wd: 3.04e-01] [lr: 3.11e-04] [mem: 5.66e+03] (178.3 ms)
INFO:root:[328,     0] grad_stats: [8.50e-05 3.94e-05] (1.68e-05, 9.71e-04)
INFO:root:[328,   116] loss: 5.439097e-03 masks: 22.3 17.1 [wd: 3.04e-01] [lr: 3.09e-04] [mem: 5.66e+03] (174.1 ms)
INFO:root:[328,   116] grad_stats: [9.35e-05 4.32e-05] (2.01e-05, 1.37e-03)
INFO:root:[328,   232] loss: 5.394656e-03 masks: 22.2 17.2 [wd: 3.05e-01] [lr: 3.08e-04] [mem: 5.66e+03] (174.6 ms)
INFO:root:[328,   232] grad_stats: [1.04e-04 4.44e-05] (1.65e-05, 1.57e-03)
INFO:root:avg. loss 5.39465601e-03
INFO:root:time taken for epoch 0:00:54.131113
INFO:root:Epoch 329
INFO:root:[329,     0] loss: 6.032370e-03 masks: 36.0 12.0 [wd: 3.05e-01] [lr: 3.08e-04] [mem: 5.66e+03] (201.9 ms)
INFO:root:[329,     0] grad_stats: [2.09e-04 5.83e-05] (2.76e-05, 1.35e-03)
INFO:root:[329,   116] loss: 5.405961e-03 masks: 22.7 17.0 [wd: 3.05e-01] [lr: 3.06e-04] [mem: 5.66e+03] (175.7 ms)
INFO:root:[329,   116] grad_stats: [1.31e-04 6.34e-05] (2.94e-05, 1.99e-03)
INFO:root:[329,   232] loss: 5.381721e-03 masks: 22.1 17.3 [wd: 3.06e-01] [lr: 3.05e-04] [mem: 5.66e+03] (174.6 ms)
INFO:root:[329,   232] grad_stats: [1.44e-04 4.21e-05] (2.01e-05, 1.74e-03)
INFO:root:avg. loss 5.38172122e-03
INFO:root:time taken for epoch 0:00:54.208110
INFO:root:Epoch 330
INFO:root:[330,     0] loss: 5.367827e-03 masks: 19.0 20.0 [wd: 3.06e-01] [lr: 3.05e-04] [mem: 5.66e+03] (168.5 ms)
INFO:root:[330,     0] grad_stats: [7.99e-05 4.88e-05] (2.43e-05, 1.78e-03)
INFO:root:[330,   116] loss: 5.363491e-03 masks: 21.0 17.6 [wd: 3.06e-01] [lr: 3.03e-04] [mem: 5.66e+03] (171.5 ms)
INFO:root:[330,   116] grad_stats: [1.13e-04 6.13e-05] (2.40e-05, 2.59e-03)
INFO:root:[330,   232] loss: 5.358633e-03 masks: 22.0 17.3 [wd: 3.07e-01] [lr: 3.01e-04] [mem: 5.66e+03] (174.4 ms)
INFO:root:[330,   232] grad_stats: [9.24e-05 4.42e-05] (2.02e-05, 2.42e-03)
INFO:root:avg. loss 5.35863344e-03
INFO:root:time taken for epoch 0:00:54.193832
INFO:root:Epoch 331
INFO:root:[331,     0] loss: 5.419945e-03 masks: 29.0 16.0 [wd: 3.07e-01] [lr: 3.01e-04] [mem: 5.66e+03] (188.6 ms)
INFO:root:[331,     0] grad_stats: [1.44e-04 4.95e-05] (2.55e-05, 1.97e-03)
INFO:root:[331,   116] loss: 5.372296e-03 masks: 22.1 17.2 [wd: 3.07e-01] [lr: 3.00e-04] [mem: 5.66e+03] (173.7 ms)
INFO:root:[331,   116] grad_stats: [1.21e-04 5.77e-05] (2.24e-05, 1.64e-03)
INFO:root:[331,   232] loss: 5.371845e-03 masks: 21.9 17.3 [wd: 3.08e-01] [lr: 2.98e-04] [mem: 5.66e+03] (173.9 ms)
INFO:root:[331,   232] grad_stats: [1.33e-04 5.79e-05] (2.64e-05, 1.73e-03)
INFO:root:avg. loss 5.37184501e-03
INFO:root:time taken for epoch 0:00:53.934143
INFO:root:Epoch 332
INFO:root:[332,     0] loss: 5.343904e-03 masks: 21.0 16.0 [wd: 3.08e-01] [lr: 2.98e-04] [mem: 5.66e+03] (167.8 ms)
INFO:root:[332,     0] grad_stats: [9.70e-05 7.09e-05] (2.52e-05, 3.06e-03)
INFO:root:[332,   116] loss: 5.356307e-03 masks: 21.1 17.7 [wd: 3.08e-01] [lr: 2.97e-04] [mem: 5.66e+03] (171.6 ms)
INFO:root:[332,   116] grad_stats: [1.41e-04 5.38e-05] (2.36e-05, 1.09e-03)
INFO:root:[332,   232] loss: 5.356892e-03 masks: 21.4 17.5 [wd: 3.09e-01] [lr: 2.95e-04] [mem: 5.66e+03] (172.8 ms)
INFO:root:[332,   232] grad_stats: [1.75e-04 5.48e-05] (2.46e-05, 7.85e-04)
INFO:root:avg. loss 5.35689181e-03
INFO:root:time taken for epoch 0:00:53.772615
INFO:root:Epoch 333
INFO:root:[333,     0] loss: 4.830114e-03 masks: 19.0 20.0 [wd: 3.09e-01] [lr: 2.95e-04] [mem: 5.66e+03] (169.5 ms)
INFO:root:[333,     0] grad_stats: [6.75e-05 4.59e-05] (1.66e-05, 1.73e-03)
INFO:root:[333,   116] loss: 5.411096e-03 masks: 21.3 17.4 [wd: 3.09e-01] [lr: 2.94e-04] [mem: 5.66e+03] (171.9 ms)
INFO:root:[333,   116] grad_stats: [1.17e-04 5.37e-05] (2.43e-05, 1.20e-03)
INFO:root:[333,   232] loss: 5.412437e-03 masks: 21.5 17.3 [wd: 3.10e-01] [lr: 2.92e-04] [mem: 5.66e+03] (172.8 ms)
INFO:root:[333,   232] grad_stats: [1.23e-04 5.57e-05] (2.85e-05, 1.67e-03)
INFO:root:avg. loss 5.41243737e-03
INFO:root:time taken for epoch 0:00:53.770590
INFO:root:Epoch 334
INFO:root:[334,     0] loss: 5.788451e-03 masks: 25.0 16.0 [wd: 3.10e-01] [lr: 2.92e-04] [mem: 5.66e+03] (179.5 ms)
INFO:root:[334,     0] grad_stats: [1.47e-04 5.87e-05] (2.71e-05, 4.56e-03)
INFO:root:[334,   116] loss: 5.386907e-03 masks: 22.4 17.2 [wd: 3.10e-01] [lr: 2.91e-04] [mem: 5.66e+03] (174.6 ms)
INFO:root:[334,   116] grad_stats: [8.63e-05 4.68e-05] (2.18e-05, 9.90e-04)
INFO:root:[334,   232] loss: 5.387903e-03 masks: 22.3 17.3 [wd: 3.11e-01] [lr: 2.89e-04] [mem: 5.66e+03] (174.9 ms)
INFO:root:[334,   232] grad_stats: [1.31e-04 6.79e-05] (2.51e-05, 1.75e-03)
INFO:root:avg. loss 5.38790273e-03
INFO:root:time taken for epoch 0:00:54.304687
INFO:root:Epoch 335
INFO:root:[335,     0] loss: 5.417891e-03 masks: 24.0 16.0 [wd: 3.11e-01] [lr: 2.89e-04] [mem: 5.66e+03] (176.6 ms)
INFO:root:[335,     0] grad_stats: [1.28e-04 5.46e-05] (2.47e-05, 2.87e-03)
INFO:root:[335,   116] loss: 5.373027e-03 masks: 21.8 17.4 [wd: 3.11e-01] [lr: 2.88e-04] [mem: 5.66e+03] (173.2 ms)
INFO:root:[335,   116] grad_stats: [8.25e-05 5.46e-05] (2.56e-05, 2.08e-03)
INFO:root:[335,   232] loss: 5.430427e-03 masks: 21.9 17.3 [wd: 3.12e-01] [lr: 2.86e-04] [mem: 5.66e+03] (173.9 ms)
INFO:root:[335,   232] grad_stats: [1.29e-04 5.88e-05] (2.56e-05, 1.76e-03)
INFO:root:avg. loss 5.43042662e-03
INFO:root:time taken for epoch 0:00:54.034521
INFO:root:Epoch 336
INFO:root:[336,     0] loss: 5.158126e-03 masks: 15.0 20.0 [wd: 3.12e-01] [lr: 2.86e-04] [mem: 5.66e+03] (157.0 ms)
INFO:root:[336,     0] grad_stats: [1.14e-04 6.62e-05] (2.46e-05, 2.06e-03)
INFO:root:[336,   116] loss: 5.412273e-03 masks: 22.6 17.1 [wd: 3.12e-01] [lr: 2.84e-04] [mem: 5.66e+03] (175.0 ms)
INFO:root:[336,   116] grad_stats: [1.89e-04 7.49e-05] (3.22e-05, 1.72e-03)
INFO:root:[336,   232] loss: 5.419451e-03 masks: 22.3 17.2 [wd: 3.13e-01] [lr: 2.83e-04] [mem: 5.66e+03] (175.1 ms)
INFO:root:[336,   232] grad_stats: [1.15e-04 6.42e-05] (2.57e-05, 1.76e-03)
INFO:root:avg. loss 5.41945122e-03
INFO:root:time taken for epoch 0:00:54.257425
INFO:root:Epoch 337
INFO:root:[337,     0] loss: 4.618823e-03 masks: 18.0 20.0 [wd: 3.13e-01] [lr: 2.83e-04] [mem: 5.66e+03] (166.2 ms)
INFO:root:[337,     0] grad_stats: [1.26e-04 5.60e-05] (2.38e-05, 1.31e-03)
INFO:root:[337,   116] loss: 5.466479e-03 masks: 22.3 17.0 [wd: 3.13e-01] [lr: 2.81e-04] [mem: 5.66e+03] (174.3 ms)
INFO:root:[337,   116] grad_stats: [1.71e-04 4.25e-05] (2.34e-05, 8.83e-04)
INFO:root:[337,   232] loss: 5.418077e-03 masks: 22.1 17.2 [wd: 3.14e-01] [lr: 2.80e-04] [mem: 5.66e+03] (174.3 ms)
INFO:root:[337,   232] grad_stats: [7.39e-05 4.50e-05] (2.14e-05, 1.70e-03)
INFO:root:avg. loss 5.41807727e-03
INFO:root:time taken for epoch 0:00:54.210348
INFO:root:Epoch 338
INFO:root:[338,     0] loss: 5.647840e-03 masks: 23.0 16.0 [wd: 3.14e-01] [lr: 2.80e-04] [mem: 5.66e+03] (172.0 ms)
INFO:root:[338,     0] grad_stats: [1.26e-04 4.74e-05] (2.18e-05, 2.50e-03)
INFO:root:[338,   116] loss: 5.548100e-03 masks: 22.7 16.7 [wd: 3.14e-01] [lr: 2.78e-04] [mem: 5.66e+03] (174.7 ms)
INFO:root:[338,   116] grad_stats: [1.55e-04 7.57e-05] (3.31e-05, 9.89e-04)
INFO:root:[338,   232] loss: 5.496733e-03 masks: 22.5 16.9 [wd: 3.15e-01] [lr: 2.77e-04] [mem: 5.66e+03] (175.0 ms)
INFO:root:[338,   232] grad_stats: [9.63e-05 4.05e-05] (2.08e-05, 1.32e-03)
INFO:root:avg. loss 5.49673325e-03
INFO:root:time taken for epoch 0:00:54.309257
INFO:root:Epoch 339
INFO:root:[339,     0] loss: 5.273292e-03 masks: 25.0 16.0 [wd: 3.15e-01] [lr: 2.77e-04] [mem: 5.66e+03] (179.1 ms)
INFO:root:[339,     0] grad_stats: [7.38e-05 5.00e-05] (2.25e-05, 2.61e-03)
INFO:root:[339,   116] loss: 5.374759e-03 masks: 22.3 17.3 [wd: 3.15e-01] [lr: 2.75e-04] [mem: 5.66e+03] (174.5 ms)
INFO:root:[339,   116] grad_stats: [8.18e-05 4.44e-05] (2.07e-05, 2.37e-03)
INFO:root:[339,   232] loss: 5.433984e-03 masks: 22.3 17.2 [wd: 3.15e-01] [lr: 2.74e-04] [mem: 5.66e+03] (174.8 ms)
INFO:root:[339,   232] grad_stats: [6.42e-05 4.20e-05] (2.35e-05, 1.33e-03)
INFO:root:avg. loss 5.43398384e-03
INFO:root:time taken for epoch 0:00:54.239714
INFO:root:Epoch 340
INFO:root:[340,     0] loss: 4.448291e-03 masks: 18.0 20.0 [wd: 3.15e-01] [lr: 2.74e-04] [mem: 5.66e+03] (166.9 ms)
INFO:root:[340,     0] grad_stats: [1.99e-04 5.29e-05] (2.44e-05, 1.11e-03)
INFO:root:[340,   116] loss: 5.353882e-03 masks: 21.5 17.6 [wd: 3.16e-01] [lr: 2.72e-04] [mem: 5.66e+03] (172.8 ms)
INFO:root:[340,   116] grad_stats: [1.63e-04 6.81e-05] (3.33e-05, 3.87e-03)
INFO:root:[340,   232] loss: 5.320923e-03 masks: 21.4 17.7 [wd: 3.16e-01] [lr: 2.71e-04] [mem: 5.66e+03] (173.1 ms)
INFO:root:[340,   232] grad_stats: [1.42e-04 7.14e-05] (2.61e-05, 2.66e-03)
INFO:root:avg. loss 5.32092326e-03
INFO:root:time taken for epoch 0:00:53.880453
INFO:root:Epoch 341
INFO:root:[341,     0] loss: 5.483189e-03 masks: 21.0 16.0 [wd: 3.16e-01] [lr: 2.71e-04] [mem: 5.66e+03] (168.7 ms)
INFO:root:[341,     0] grad_stats: [1.38e-04 6.63e-05] (2.80e-05, 1.60e-03)
INFO:root:[341,   116] loss: 5.446101e-03 masks: 22.0 17.2 [wd: 3.17e-01] [lr: 2.69e-04] [mem: 5.66e+03] (173.5 ms)
INFO:root:[341,   116] grad_stats: [1.31e-04 5.88e-05] (2.30e-05, 1.72e-03)
INFO:root:[341,   232] loss: 5.475106e-03 masks: 22.0 17.1 [wd: 3.17e-01] [lr: 2.68e-04] [mem: 5.66e+03] (174.1 ms)
INFO:root:[341,   232] grad_stats: [2.09e-04 6.99e-05] (2.83e-05, 2.34e-03)
INFO:root:avg. loss 5.47510607e-03
INFO:root:time taken for epoch 0:00:54.114310
INFO:root:Epoch 342
INFO:root:[342,     0] loss: 5.620221e-03 masks: 25.0 16.0 [wd: 3.17e-01] [lr: 2.68e-04] [mem: 5.66e+03] (177.9 ms)
INFO:root:[342,     0] grad_stats: [1.01e-04 6.54e-05] (3.17e-05, 1.91e-03)
INFO:root:[342,   116] loss: 5.508923e-03 masks: 21.3 17.3 [wd: 3.18e-01] [lr: 2.66e-04] [mem: 5.66e+03] (172.0 ms)
INFO:root:[342,   116] grad_stats: [1.68e-04 5.36e-05] (2.58e-05, 2.38e-03)
INFO:root:[342,   232] loss: 5.458396e-03 masks: 21.8 17.2 [wd: 3.18e-01] [lr: 2.65e-04] [mem: 5.66e+03] (173.6 ms)
INFO:root:[342,   232] grad_stats: [1.03e-04 6.15e-05] (2.64e-05, 1.58e-03)
INFO:root:avg. loss 5.45839638e-03
INFO:root:time taken for epoch 0:00:54.168121
INFO:root:Epoch 343
INFO:root:[343,     0] loss: 4.754556e-03 masks: 19.0 20.0 [wd: 3.18e-01] [lr: 2.65e-04] [mem: 5.66e+03] (169.7 ms)
INFO:root:[343,     0] grad_stats: [1.82e-04 5.81e-05] (2.58e-05, 7.15e-04)
INFO:root:[343,   116] loss: 5.444110e-03 masks: 22.4 17.1 [wd: 3.19e-01] [lr: 2.63e-04] [mem: 5.66e+03] (174.6 ms)
INFO:root:[343,   116] grad_stats: [1.07e-04 4.72e-05] (2.44e-05, 1.24e-03)
INFO:root:[343,   232] loss: 5.439263e-03 masks: 22.3 17.2 [wd: 3.19e-01] [lr: 2.62e-04] [mem: 5.66e+03] (174.8 ms)
INFO:root:[343,   232] grad_stats: [9.13e-05 4.44e-05] (2.19e-05, 1.22e-03)
INFO:root:avg. loss 5.43926291e-03
INFO:root:time taken for epoch 0:00:54.558004
INFO:root:Epoch 344
INFO:root:[344,     0] loss: 4.689824e-03 masks: 20.0 20.0 [wd: 3.19e-01] [lr: 2.62e-04] [mem: 5.66e+03] (170.6 ms)
INFO:root:[344,     0] grad_stats: [8.86e-05 5.28e-05] (2.37e-05, 1.40e-03)
INFO:root:[344,   116] loss: 5.429191e-03 masks: 22.6 17.0 [wd: 3.20e-01] [lr: 2.60e-04] [mem: 5.66e+03] (174.7 ms)
INFO:root:[344,   116] grad_stats: [2.11e-04 5.52e-05] (2.88e-05, 1.19e-03)
INFO:root:[344,   232] loss: 5.398950e-03 masks: 22.5 17.2 [wd: 3.20e-01] [lr: 2.59e-04] [mem: 5.66e+03] (175.3 ms)
INFO:root:[344,   232] grad_stats: [1.09e-04 6.56e-05] (2.77e-05, 2.07e-03)
INFO:root:avg. loss 5.39895004e-03
INFO:root:time taken for epoch 0:00:54.412135
INFO:root:Epoch 345
INFO:root:[345,     0] loss: 5.728913e-03 masks: 24.0 16.0 [wd: 3.20e-01] [lr: 2.59e-04] [mem: 5.66e+03] (176.1 ms)
INFO:root:[345,     0] grad_stats: [7.98e-05 4.78e-05] (2.23e-05, 1.98e-03)
INFO:root:[345,   116] loss: 5.454719e-03 masks: 21.1 17.4 [wd: 3.21e-01] [lr: 2.57e-04] [mem: 5.66e+03] (171.5 ms)
INFO:root:[345,   116] grad_stats: [1.90e-04 5.94e-05] (2.93e-05, 1.18e-03)
INFO:root:[345,   232] loss: 5.448583e-03 masks: 21.3 17.4 [wd: 3.21e-01] [lr: 2.56e-04] [mem: 5.66e+03] (172.6 ms)
INFO:root:[345,   232] grad_stats: [1.54e-04 6.76e-05] (3.15e-05, 3.10e-03)
INFO:root:avg. loss 5.44858290e-03
INFO:root:time taken for epoch 0:00:53.901277
INFO:root:Epoch 346
INFO:root:[346,     0] loss: 5.842452e-03 masks: 21.0 16.0 [wd: 3.21e-01] [lr: 2.56e-04] [mem: 5.66e+03] (167.6 ms)
INFO:root:[346,     0] grad_stats: [1.14e-04 4.98e-05] (2.77e-05, 8.00e-04)
INFO:root:[346,   116] loss: 5.513018e-03 masks: 22.2 17.0 [wd: 3.22e-01] [lr: 2.54e-04] [mem: 5.66e+03] (173.8 ms)
INFO:root:[346,   116] grad_stats: [8.03e-05 6.17e-05] (2.39e-05, 1.61e-03)
INFO:root:[346,   232] loss: 5.469892e-03 masks: 21.8 17.2 [wd: 3.22e-01] [lr: 2.53e-04] [mem: 5.66e+03] (173.5 ms)
INFO:root:[346,   232] grad_stats: [2.52e-04 6.28e-05] (2.66e-05, 1.78e-03)
INFO:root:avg. loss 5.46989222e-03
INFO:root:time taken for epoch 0:00:54.289125
INFO:root:Epoch 347
INFO:root:[347,     0] loss: 5.043862e-03 masks: 26.0 16.0 [wd: 3.22e-01] [lr: 2.53e-04] [mem: 5.66e+03] (182.9 ms)
INFO:root:[347,     0] grad_stats: [1.04e-04 4.81e-05] (2.53e-05, 2.21e-03)
INFO:root:[347,   116] loss: 5.396194e-03 masks: 21.6 17.5 [wd: 3.23e-01] [lr: 2.51e-04] [mem: 5.66e+03] (173.0 ms)
INFO:root:[347,   116] grad_stats: [6.61e-05 4.19e-05] (2.06e-05, 1.12e-03)
INFO:root:[347,   232] loss: 5.464157e-03 masks: 21.6 17.3 [wd: 3.23e-01] [lr: 2.50e-04] [mem: 5.66e+03] (173.2 ms)
INFO:root:[347,   232] grad_stats: [9.42e-05 7.12e-05] (3.49e-05, 1.21e-03)
INFO:root:avg. loss 5.46415668e-03
INFO:root:time taken for epoch 0:00:53.876930
INFO:root:Epoch 348
INFO:root:[348,     0] loss: 4.977883e-03 masks: 21.0 20.0 [wd: 3.23e-01] [lr: 2.50e-04] [mem: 5.66e+03] (174.2 ms)
INFO:root:[348,     0] grad_stats: [6.57e-05 4.58e-05] (2.10e-05, 8.00e-04)
INFO:root:[348,   116] loss: 5.414432e-03 masks: 21.8 17.4 [wd: 3.24e-01] [lr: 2.48e-04] [mem: 5.66e+03] (173.3 ms)
INFO:root:[348,   116] grad_stats: [9.08e-05 3.74e-05] (1.92e-05, 1.54e-03)
INFO:root:[348,   232] loss: 5.408185e-03 masks: 21.6 17.5 [wd: 3.24e-01] [lr: 2.47e-04] [mem: 5.66e+03] (173.3 ms)
INFO:root:[348,   232] grad_stats: [1.53e-04 6.62e-05] (3.12e-05, 2.02e-03)
INFO:root:avg. loss 5.40818469e-03
INFO:root:time taken for epoch 0:00:53.877940
INFO:root:Epoch 349
INFO:root:[349,     0] loss: 5.282748e-03 masks: 18.0 20.0 [wd: 3.24e-01] [lr: 2.47e-04] [mem: 5.66e+03] (165.3 ms)
INFO:root:[349,     0] grad_stats: [1.04e-04 5.10e-05] (2.54e-05, 8.24e-04)
INFO:root:[349,   116] loss: 5.450505e-03 masks: 21.8 17.4 [wd: 3.24e-01] [lr: 2.45e-04] [mem: 5.66e+03] (173.7 ms)
INFO:root:[349,   116] grad_stats: [6.35e-05 5.25e-05] (2.37e-05, 1.46e-03)
INFO:root:[349,   232] loss: 5.485454e-03 masks: 22.1 17.2 [wd: 3.25e-01] [lr: 2.44e-04] [mem: 5.66e+03] (174.4 ms)
INFO:root:[349,   232] grad_stats: [1.43e-04 5.13e-05] (2.76e-05, 1.98e-03)
INFO:root:avg. loss 5.48545445e-03
INFO:root:time taken for epoch 0:00:54.249251
INFO:root:Epoch 350
INFO:root:[350,     0] loss: 5.121153e-03 masks: 17.0 20.0 [wd: 3.25e-01] [lr: 2.44e-04] [mem: 5.66e+03] (163.9 ms)
INFO:root:[350,     0] grad_stats: [1.37e-04 5.58e-05] (2.60e-05, 1.16e-03)
INFO:root:[350,   116] loss: 5.459594e-03 masks: 21.6 17.4 [wd: 3.25e-01] [lr: 2.42e-04] [mem: 5.66e+03] (172.6 ms)
INFO:root:[350,   116] grad_stats: [1.18e-04 7.66e-05] (3.10e-05, 1.92e-03)
INFO:root:[350,   232] loss: 5.442042e-03 masks: 21.8 17.3 [wd: 3.26e-01] [lr: 2.41e-04] [mem: 5.66e+03] (173.7 ms)
INFO:root:[350,   232] grad_stats: [1.82e-04 5.75e-05] (2.92e-05, 1.57e-03)
INFO:root:avg. loss 5.44204241e-03
INFO:root:time taken for epoch 0:00:54.003209
INFO:root:Epoch 351
INFO:root:[351,     0] loss: 4.980450e-03 masks: 18.0 20.0 [wd: 3.26e-01] [lr: 2.41e-04] [mem: 5.66e+03] (165.4 ms)
INFO:root:[351,     0] grad_stats: [1.74e-04 4.74e-05] (2.25e-05, 1.47e-03)
INFO:root:[351,   116] loss: 5.404848e-03 masks: 22.6 17.2 [wd: 3.26e-01] [lr: 2.40e-04] [mem: 5.66e+03] (175.1 ms)
INFO:root:[351,   116] grad_stats: [1.37e-04 7.23e-05] (2.70e-05, 1.23e-03)
INFO:root:[351,   232] loss: 5.393258e-03 masks: 22.3 17.3 [wd: 3.27e-01] [lr: 2.38e-04] [mem: 5.66e+03] (175.1 ms)
INFO:root:[351,   232] grad_stats: [1.67e-04 7.20e-05] (2.89e-05, 4.31e-03)
INFO:root:avg. loss 5.39325789e-03
INFO:root:time taken for epoch 0:00:54.336343
INFO:root:Epoch 352
INFO:root:[352,     0] loss: 5.573314e-03 masks: 26.0 16.0 [wd: 3.27e-01] [lr: 2.38e-04] [mem: 5.66e+03] (182.8 ms)
INFO:root:[352,     0] grad_stats: [1.53e-04 6.52e-05] (2.93e-05, 1.69e-03)
INFO:root:[352,   116] loss: 5.376642e-03 masks: 21.9 17.4 [wd: 3.27e-01] [lr: 2.37e-04] [mem: 5.66e+03] (173.4 ms)
INFO:root:[352,   116] grad_stats: [8.93e-05 5.61e-05] (2.96e-05, 1.10e-03)
INFO:root:[352,   232] loss: 5.410969e-03 masks: 22.0 17.3 [wd: 3.28e-01] [lr: 2.35e-04] [mem: 5.66e+03] (174.2 ms)
INFO:root:[352,   232] grad_stats: [9.50e-05 7.58e-05] (2.83e-05, 1.17e-03)
INFO:root:avg. loss 5.41096859e-03
INFO:root:time taken for epoch 0:00:54.113069
INFO:root:Epoch 353
INFO:root:[353,     0] loss: 5.279299e-03 masks: 11.0 20.0 [wd: 3.28e-01] [lr: 2.35e-04] [mem: 5.66e+03] (146.1 ms)
INFO:root:[353,     0] grad_stats: [7.67e-05 6.87e-05] (2.73e-05, 1.22e-03)
INFO:root:[353,   116] loss: 5.487679e-03 masks: 22.0 17.3 [wd: 3.28e-01] [lr: 2.34e-04] [mem: 5.66e+03] (173.8 ms)
INFO:root:[353,   116] grad_stats: [1.60e-04 5.38e-05] (2.97e-05, 1.44e-03)
INFO:root:[353,   232] loss: 5.427999e-03 masks: 22.0 17.3 [wd: 3.29e-01] [lr: 2.32e-04] [mem: 5.66e+03] (174.4 ms)
INFO:root:[353,   232] grad_stats: [7.58e-05 6.78e-05] (2.49e-05, 1.44e-03)
INFO:root:avg. loss 5.42799874e-03
INFO:root:time taken for epoch 0:00:54.147364
INFO:root:Epoch 354
INFO:root:[354,     0] loss: 5.870011e-03 masks: 11.0 20.0 [wd: 3.29e-01] [lr: 2.32e-04] [mem: 5.66e+03] (143.1 ms)
INFO:root:[354,     0] grad_stats: [9.52e-05 7.22e-05] (2.97e-05, 2.51e-03)
INFO:root:[354,   116] loss: 5.446341e-03 masks: 20.9 17.7 [wd: 3.29e-01] [lr: 2.31e-04] [mem: 5.66e+03] (171.1 ms)
INFO:root:[354,   116] grad_stats: [1.71e-04 7.45e-05] (3.03e-05, 1.44e-03)
INFO:root:[354,   232] loss: 5.376990e-03 masks: 21.3 17.6 [wd: 3.29e-01] [lr: 2.29e-04] [mem: 5.66e+03] (172.6 ms)
INFO:root:[354,   232] grad_stats: [7.10e-05 4.47e-05] (2.39e-05, 1.28e-03)
INFO:root:avg. loss 5.37698987e-03
INFO:root:time taken for epoch 0:00:53.809769
INFO:root:Epoch 355
INFO:root:[355,     0] loss: 5.680494e-03 masks: 25.0 16.0 [wd: 3.29e-01] [lr: 2.29e-04] [mem: 5.66e+03] (178.4 ms)
INFO:root:[355,     0] grad_stats: [1.24e-04 5.32e-05] (2.90e-05, 2.18e-03)
INFO:root:[355,   116] loss: 5.469278e-03 masks: 22.4 17.1 [wd: 3.30e-01] [lr: 2.28e-04] [mem: 5.66e+03] (174.5 ms)
INFO:root:[355,   116] grad_stats: [1.19e-04 6.51e-05] (2.43e-05, 1.95e-03)
INFO:root:[355,   232] loss: 5.448917e-03 masks: 21.9 17.3 [wd: 3.30e-01] [lr: 2.27e-04] [mem: 5.66e+03] (174.0 ms)
INFO:root:[355,   232] grad_stats: [1.94e-04 6.56e-05] (3.10e-05, 2.02e-03)
INFO:root:avg. loss 5.44891688e-03
INFO:root:time taken for epoch 0:00:54.075935
INFO:root:Epoch 356
INFO:root:[356,     0] loss: 5.004928e-03 masks: 22.0 20.0 [wd: 3.30e-01] [lr: 2.27e-04] [mem: 5.66e+03] (175.7 ms)
INFO:root:[356,     0] grad_stats: [1.05e-04 5.69e-05] (2.52e-05, 1.18e-03)
INFO:root:[356,   116] loss: 5.433576e-03 masks: 21.7 17.4 [wd: 3.31e-01] [lr: 2.25e-04] [mem: 5.66e+03] (173.2 ms)
INFO:root:[356,   116] grad_stats: [5.81e-05 4.11e-05] (1.95e-05, 7.43e-04)
INFO:root:[356,   232] loss: 5.461712e-03 masks: 21.9 17.3 [wd: 3.31e-01] [lr: 2.24e-04] [mem: 5.66e+03] (173.7 ms)
INFO:root:[356,   232] grad_stats: [8.38e-05 5.00e-05] (2.36e-05, 1.02e-03)
INFO:root:avg. loss 5.46171182e-03
INFO:root:time taken for epoch 0:00:54.024758
INFO:root:Epoch 357
INFO:root:[357,     0] loss: 5.376613e-03 masks: 27.0 16.0 [wd: 3.31e-01] [lr: 2.24e-04] [mem: 5.66e+03] (184.9 ms)
INFO:root:[357,     0] grad_stats: [9.48e-05 5.98e-05] (2.72e-05, 9.45e-04)
INFO:root:[357,   116] loss: 5.414508e-03 masks: 22.8 17.2 [wd: 3.32e-01] [lr: 2.22e-04] [mem: 5.66e+03] (175.7 ms)
INFO:root:[357,   116] grad_stats: [1.47e-04 6.36e-05] (3.46e-05, 2.46e-03)
INFO:root:[357,   232] loss: 5.442304e-03 masks: 22.7 17.1 [wd: 3.32e-01] [lr: 2.21e-04] [mem: 5.66e+03] (175.9 ms)
INFO:root:[357,   232] grad_stats: [1.09e-04 4.89e-05] (2.60e-05, 1.50e-03)
INFO:root:avg. loss 5.44230410e-03
INFO:root:time taken for epoch 0:00:54.470649
INFO:root:Epoch 358
INFO:root:[358,     0] loss: 5.407116e-03 masks: 18.0 20.0 [wd: 3.32e-01] [lr: 2.21e-04] [mem: 5.66e+03] (165.7 ms)
INFO:root:[358,     0] grad_stats: [1.08e-04 4.98e-05] (2.08e-05, 1.58e-03)
INFO:root:[358,   116] loss: 5.452072e-03 masks: 21.8 17.3 [wd: 3.33e-01] [lr: 2.19e-04] [mem: 5.66e+03] (173.3 ms)
INFO:root:[358,   116] grad_stats: [1.71e-04 8.37e-05] (3.07e-05, 1.31e-03)
INFO:root:[358,   232] loss: 5.436801e-03 masks: 21.9 17.3 [wd: 3.33e-01] [lr: 2.18e-04] [mem: 5.66e+03] (173.8 ms)
INFO:root:[358,   232] grad_stats: [1.04e-04 5.89e-05] (2.59e-05, 1.90e-03)
INFO:root:avg. loss 5.43680060e-03
INFO:root:time taken for epoch 0:00:54.019518
INFO:root:Epoch 359
INFO:root:[359,     0] loss: 5.519341e-03 masks: 26.0 16.0 [wd: 3.33e-01] [lr: 2.18e-04] [mem: 5.66e+03] (182.3 ms)
INFO:root:[359,     0] grad_stats: [1.89e-04 5.09e-05] (2.47e-05, 1.05e-03)
INFO:root:[359,   116] loss: 5.483187e-03 masks: 22.2 17.1 [wd: 3.33e-01] [lr: 2.17e-04] [mem: 5.66e+03] (173.8 ms)
INFO:root:[359,   116] grad_stats: [1.08e-04 4.21e-05] (2.07e-05, 9.78e-04)
INFO:root:[359,   232] loss: 5.443525e-03 masks: 21.9 17.3 [wd: 3.34e-01] [lr: 2.15e-04] [mem: 5.66e+03] (173.9 ms)
INFO:root:[359,   232] grad_stats: [9.18e-05 6.25e-05] (2.77e-05, 8.49e-04)
INFO:root:avg. loss 5.44352542e-03
INFO:root:time taken for epoch 0:00:54.095031
INFO:root:Epoch 360
INFO:root:[360,     0] loss: 6.347992e-03 masks: 33.0 12.0 [wd: 3.34e-01] [lr: 2.15e-04] [mem: 5.66e+03] (194.9 ms)
INFO:root:[360,     0] grad_stats: [3.78e-04 7.62e-05] (3.75e-05, 1.73e-03)
INFO:root:[360,   116] loss: 5.444063e-03 masks: 21.9 17.3 [wd: 3.34e-01] [lr: 2.14e-04] [mem: 5.66e+03] (173.4 ms)
INFO:root:[360,   116] grad_stats: [9.97e-05 6.07e-05] (3.00e-05, 1.71e-03)
INFO:root:[360,   232] loss: 5.466582e-03 masks: 21.4 17.4 [wd: 3.35e-01] [lr: 2.12e-04] [mem: 5.66e+03] (172.7 ms)
INFO:root:[360,   232] grad_stats: [2.39e-04 7.16e-05] (4.06e-05, 4.08e-03)
INFO:root:avg. loss 5.46658190e-03
INFO:root:time taken for epoch 0:00:53.747189
INFO:root:Epoch 361
INFO:root:[361,     0] loss: 5.349427e-03 masks: 17.0 20.0 [wd: 3.35e-01] [lr: 2.12e-04] [mem: 5.66e+03] (162.0 ms)
INFO:root:[361,     0] grad_stats: [1.72e-04 8.71e-05] (3.17e-05, 1.25e-03)
INFO:root:[361,   116] loss: 5.505451e-03 masks: 21.5 17.2 [wd: 3.35e-01] [lr: 2.11e-04] [mem: 5.66e+03] (172.4 ms)
INFO:root:[361,   116] grad_stats: [1.83e-04 6.79e-05] (3.04e-05, 2.25e-03)
INFO:root:[361,   232] loss: 5.521973e-03 masks: 22.1 17.0 [wd: 3.36e-01] [lr: 2.10e-04] [mem: 5.66e+03] (174.1 ms)
INFO:root:[361,   232] grad_stats: [2.23e-04 7.43e-05] (3.38e-05, 1.86e-03)
INFO:root:avg. loss 5.52197304e-03
INFO:root:time taken for epoch 0:00:54.129716
INFO:root:Epoch 362
INFO:root:[362,     0] loss: 5.679722e-03 masks: 23.0 16.0 [wd: 3.36e-01] [lr: 2.10e-04] [mem: 5.66e+03] (172.9 ms)
INFO:root:[362,     0] grad_stats: [2.19e-04 6.92e-05] (3.26e-05, 1.23e-03)
INFO:root:[362,   116] loss: 5.414423e-03 masks: 21.1 17.6 [wd: 3.36e-01] [lr: 2.08e-04] [mem: 5.66e+03] (171.5 ms)
INFO:root:[362,   116] grad_stats: [1.83e-04 6.28e-05] (2.98e-05, 2.11e-03)
INFO:root:[362,   232] loss: 5.452472e-03 masks: 21.3 17.4 [wd: 3.36e-01] [lr: 2.07e-04] [mem: 5.66e+03] (172.4 ms)
INFO:root:[362,   232] grad_stats: [2.79e-04 4.87e-05] (2.17e-05, 1.70e-03)
INFO:root:avg. loss 5.45247219e-03
INFO:root:time taken for epoch 0:00:53.659663
INFO:root:Epoch 363
INFO:root:[363,     0] loss: 4.787370e-03 masks: 20.0 20.0 [wd: 3.36e-01] [lr: 2.07e-04] [mem: 5.66e+03] (169.0 ms)
INFO:root:[363,     0] grad_stats: [1.67e-04 5.85e-05] (2.98e-05, 1.23e-03)
INFO:root:[363,   116] loss: 5.353989e-03 masks: 21.7 17.7 [wd: 3.37e-01] [lr: 2.06e-04] [mem: 5.66e+03] (173.5 ms)
INFO:root:[363,   116] grad_stats: [2.82e-04 6.80e-05] (2.80e-05, 1.82e-03)
INFO:root:[363,   232] loss: 5.383723e-03 masks: 21.6 17.6 [wd: 3.37e-01] [lr: 2.04e-04] [mem: 5.66e+03] (173.7 ms)
INFO:root:[363,   232] grad_stats: [8.73e-05 7.36e-05] (3.30e-05, 2.59e-03)
INFO:root:avg. loss 5.38372287e-03
INFO:root:time taken for epoch 0:00:54.024150
INFO:root:Epoch 364
INFO:root:[364,     0] loss: 5.107709e-03 masks: 26.0 16.0 [wd: 3.37e-01] [lr: 2.04e-04] [mem: 5.66e+03] (183.3 ms)
INFO:root:[364,     0] grad_stats: [1.97e-04 7.80e-05] (3.53e-05, 3.68e-03)
INFO:root:[364,   116] loss: 5.380081e-03 masks: 21.6 17.6 [wd: 3.38e-01] [lr: 2.03e-04] [mem: 5.66e+03] (173.1 ms)
INFO:root:[364,   116] grad_stats: [6.70e-05 5.02e-05] (2.83e-05, 1.11e-03)
INFO:root:[364,   232] loss: 5.444194e-03 masks: 21.6 17.5 [wd: 3.38e-01] [lr: 2.01e-04] [mem: 5.66e+03] (173.3 ms)
INFO:root:[364,   232] grad_stats: [9.62e-05 6.56e-05] (3.64e-05, 1.08e-03)
INFO:root:avg. loss 5.44419446e-03
INFO:root:time taken for epoch 0:00:53.869025
INFO:root:Epoch 365
INFO:root:[365,     0] loss: 6.408088e-03 masks: 35.0 12.0 [wd: 3.38e-01] [lr: 2.01e-04] [mem: 5.66e+03] (199.5 ms)
INFO:root:[365,     0] grad_stats: [2.01e-04 7.00e-05] (3.88e-05, 1.76e-03)
INFO:root:[365,   116] loss: 5.490753e-03 masks: 22.3 17.3 [wd: 3.39e-01] [lr: 2.00e-04] [mem: 5.66e+03] (174.6 ms)
INFO:root:[365,   116] grad_stats: [1.48e-04 9.38e-05] (3.90e-05, 1.92e-03)
INFO:root:[365,   232] loss: 5.496604e-03 masks: 21.8 17.3 [wd: 3.39e-01] [lr: 1.99e-04] [mem: 5.66e+03] (173.7 ms)
INFO:root:[365,   232] grad_stats: [9.36e-05 6.24e-05] (2.96e-05, 1.47e-03)
INFO:root:avg. loss 5.49660436e-03
INFO:root:time taken for epoch 0:00:54.042396
INFO:root:Epoch 366
INFO:root:[366,     0] loss: 5.274441e-03 masks: 26.0 16.0 [wd: 3.39e-01] [lr: 1.99e-04] [mem: 5.66e+03] (183.2 ms)
INFO:root:[366,     0] grad_stats: [8.80e-05 4.87e-05] (2.80e-05, 2.11e-03)
INFO:root:[366,   116] loss: 5.431531e-03 masks: 22.4 17.3 [wd: 3.39e-01] [lr: 1.97e-04] [mem: 5.66e+03] (174.8 ms)
INFO:root:[366,   116] grad_stats: [2.19e-04 5.85e-05] (3.08e-05, 1.66e-03)
INFO:root:[366,   232] loss: 5.434087e-03 masks: 22.4 17.3 [wd: 3.40e-01] [lr: 1.96e-04] [mem: 5.66e+03] (175.3 ms)
INFO:root:[366,   232] grad_stats: [1.19e-04 6.57e-05] (3.32e-05, 1.03e-03)
INFO:root:avg. loss 5.43408719e-03
INFO:root:time taken for epoch 0:00:54.344604
INFO:root:Epoch 367
INFO:root:[367,     0] loss: 5.384516e-03 masks: 26.0 16.0 [wd: 3.40e-01] [lr: 1.96e-04] [mem: 5.66e+03] (180.7 ms)
INFO:root:[367,     0] grad_stats: [2.27e-04 7.22e-05] (3.30e-05, 2.04e-03)
INFO:root:[367,   116] loss: 5.547650e-03 masks: 21.9 17.3 [wd: 3.40e-01] [lr: 1.95e-04] [mem: 5.66e+03] (173.5 ms)
INFO:root:[367,   116] grad_stats: [1.16e-04 5.51e-05] (2.88e-05, 1.16e-03)
INFO:root:[367,   232] loss: 5.495979e-03 masks: 21.8 17.4 [wd: 3.41e-01] [lr: 1.93e-04] [mem: 5.66e+03] (173.7 ms)
INFO:root:[367,   232] grad_stats: [8.93e-05 6.72e-05] (3.41e-05, 9.31e-04)
INFO:root:avg. loss 5.49597947e-03
INFO:root:time taken for epoch 0:00:54.016033
INFO:root:Epoch 368
INFO:root:[368,     0] loss: 3.606588e-03 masks: 21.0 20.0 [wd: 3.41e-01] [lr: 1.93e-04] [mem: 5.66e+03] (174.0 ms)
INFO:root:[368,     0] grad_stats: [8.95e-05 5.04e-05] (2.49e-05, 1.07e-03)
INFO:root:[368,   116] loss: 5.459813e-03 masks: 23.0 17.1 [wd: 3.41e-01] [lr: 1.92e-04] [mem: 5.66e+03] (176.0 ms)
INFO:root:[368,   116] grad_stats: [1.22e-04 5.89e-05] (3.00e-05, 1.03e-03)
INFO:root:[368,   232] loss: 5.502742e-03 masks: 22.8 17.0 [wd: 3.42e-01] [lr: 1.91e-04] [mem: 5.66e+03] (175.9 ms)
INFO:root:[368,   232] grad_stats: [1.11e-04 6.62e-05] (3.03e-05, 1.39e-03)
INFO:root:avg. loss 5.50274169e-03
INFO:root:time taken for epoch 0:00:54.491562
INFO:root:Epoch 369
INFO:root:[369,     0] loss: 5.366072e-03 masks: 23.0 16.0 [wd: 3.42e-01] [lr: 1.91e-04] [mem: 5.66e+03] (171.2 ms)
INFO:root:[369,     0] grad_stats: [1.31e-04 5.45e-05] (2.87e-05, 1.35e-03)
INFO:root:[369,   116] loss: 5.466856e-03 masks: 22.0 17.4 [wd: 3.42e-01] [lr: 1.89e-04] [mem: 5.66e+03] (173.9 ms)
INFO:root:[369,   116] grad_stats: [1.25e-04 6.73e-05] (3.71e-05, 1.38e-03)
INFO:root:[369,   232] loss: 5.462855e-03 masks: 22.1 17.4 [wd: 3.42e-01] [lr: 1.88e-04] [mem: 5.66e+03] (174.7 ms)
INFO:root:[369,   232] grad_stats: [7.41e-05 7.43e-05] (3.01e-05, 1.03e-03)
INFO:root:avg. loss 5.46285460e-03
INFO:root:time taken for epoch 0:00:54.319734
INFO:root:Epoch 370
INFO:root:[370,     0] loss: 6.570013e-03 masks: 38.0 12.0 [wd: 3.42e-01] [lr: 1.88e-04] [mem: 5.66e+03] (210.3 ms)
INFO:root:[370,     0] grad_stats: [1.15e-04 6.84e-05] (3.66e-05, 1.27e-03)
INFO:root:[370,   116] loss: 5.518802e-03 masks: 22.6 16.9 [wd: 3.43e-01] [lr: 1.87e-04] [mem: 5.66e+03] (174.7 ms)
INFO:root:[370,   116] grad_stats: [1.19e-04 6.86e-05] (3.21e-05, 1.09e-03)
INFO:root:[370,   232] loss: 5.507056e-03 masks: 22.3 17.1 [wd: 3.43e-01] [lr: 1.85e-04] [mem: 5.66e+03] (175.0 ms)
INFO:root:[370,   232] grad_stats: [1.11e-04 5.79e-05] (3.03e-05, 1.22e-03)
INFO:root:avg. loss 5.50705597e-03
INFO:root:time taken for epoch 0:00:54.337997
INFO:root:Epoch 371
INFO:root:[371,     0] loss: 6.283757e-03 masks: 23.0 16.0 [wd: 3.43e-01] [lr: 1.85e-04] [mem: 5.66e+03] (172.2 ms)
INFO:root:[371,     0] grad_stats: [1.31e-04 6.98e-05] (3.37e-05, 1.70e-03)
INFO:root:[371,   116] loss: 5.513289e-03 masks: 21.8 17.1 [wd: 3.44e-01] [lr: 1.84e-04] [mem: 5.66e+03] (172.7 ms)
INFO:root:[371,   116] grad_stats: [1.77e-04 8.88e-05] (3.79e-05, 1.01e-03)
INFO:root:[371,   232] loss: 5.500385e-03 masks: 21.9 17.2 [wd: 3.44e-01] [lr: 1.83e-04] [mem: 5.66e+03] (173.7 ms)
INFO:root:[371,   232] grad_stats: [6.70e-05 5.59e-05] (2.79e-05, 1.07e-03)
INFO:root:avg. loss 5.50038546e-03
INFO:root:time taken for epoch 0:00:53.961758
INFO:root:Epoch 372
INFO:root:[372,     0] loss: 5.780579e-03 masks: 11.0 20.0 [wd: 3.44e-01] [lr: 1.83e-04] [mem: 5.66e+03] (144.6 ms)
INFO:root:[372,     0] grad_stats: [1.00e-04 7.48e-05] (3.66e-05, 9.91e-04)
INFO:root:[372,   116] loss: 5.568723e-03 masks: 21.6 17.2 [wd: 3.44e-01] [lr: 1.81e-04] [mem: 5.66e+03] (172.5 ms)
INFO:root:[372,   116] grad_stats: [1.16e-04 7.41e-05] (3.57e-05, 1.63e-03)
INFO:root:[372,   232] loss: 5.522921e-03 masks: 21.7 17.3 [wd: 3.45e-01] [lr: 1.80e-04] [mem: 5.66e+03] (173.4 ms)
INFO:root:[372,   232] grad_stats: [2.21e-04 5.85e-05] (2.91e-05, 2.90e-03)
INFO:root:avg. loss 5.52292094e-03
INFO:root:time taken for epoch 0:00:54.008191
INFO:root:Epoch 373
INFO:root:[373,     0] loss: 5.400796e-03 masks: 27.0 16.0 [wd: 3.45e-01] [lr: 1.80e-04] [mem: 5.66e+03] (184.3 ms)
INFO:root:[373,     0] grad_stats: [2.16e-04 7.00e-05] (3.23e-05, 4.81e-03)
INFO:root:[373,   116] loss: 5.539143e-03 masks: 22.2 17.1 [wd: 3.45e-01] [lr: 1.79e-04] [mem: 5.66e+03] (173.9 ms)
INFO:root:[373,   116] grad_stats: [1.24e-04 1.11e-04] (4.49e-05, 1.35e-03)
INFO:root:[373,   232] loss: 5.555041e-03 masks: 22.5 16.9 [wd: 3.46e-01] [lr: 1.77e-04] [mem: 5.66e+03] (175.0 ms)
INFO:root:[373,   232] grad_stats: [1.85e-04 6.63e-05] (3.02e-05, 2.15e-03)
INFO:root:avg. loss 5.55504068e-03
INFO:root:time taken for epoch 0:00:54.319164
INFO:root:Epoch 374
INFO:root:[374,     0] loss: 5.326543e-03 masks: 28.0 16.0 [wd: 3.46e-01] [lr: 1.77e-04] [mem: 5.66e+03] (185.4 ms)
INFO:root:[374,     0] grad_stats: [2.10e-04 7.79e-05] (3.24e-05, 3.04e-03)
INFO:root:[374,   116] loss: 5.495000e-03 masks: 21.1 17.4 [wd: 3.46e-01] [lr: 1.76e-04] [mem: 5.66e+03] (171.3 ms)
INFO:root:[374,   116] grad_stats: [1.42e-04 8.46e-05] (3.77e-05, 1.78e-03)
INFO:root:[374,   232] loss: 5.462408e-03 masks: 21.1 17.5 [wd: 3.46e-01] [lr: 1.75e-04] [mem: 5.66e+03] (172.0 ms)
INFO:root:[374,   232] grad_stats: [7.74e-05 5.87e-05] (2.92e-05, 2.20e-03)
INFO:root:avg. loss 5.46240821e-03
INFO:root:time taken for epoch 0:00:53.609713
INFO:root:Epoch 375
INFO:root:[375,     0] loss: 7.068322e-03 masks: 34.0 12.0 [wd: 3.46e-01] [lr: 1.75e-04] [mem: 5.66e+03] (194.1 ms)
INFO:root:[375,     0] grad_stats: [1.46e-04 8.91e-05] (3.88e-05, 5.10e-03)
INFO:root:[375,   116] loss: 5.586188e-03 masks: 23.2 16.7 [wd: 3.47e-01] [lr: 1.74e-04] [mem: 5.66e+03] (176.0 ms)
INFO:root:[375,   116] grad_stats: [1.22e-04 9.37e-05] (4.66e-05, 5.73e-03)
INFO:root:[375,   232] loss: 5.613630e-03 masks: 23.1 16.7 [wd: 3.47e-01] [lr: 1.72e-04] [mem: 5.66e+03] (176.2 ms)
INFO:root:[375,   232] grad_stats: [1.07e-04 4.67e-05] (2.43e-05, 1.51e-03)
INFO:root:avg. loss 5.61363039e-03
INFO:root:time taken for epoch 0:00:54.597863
INFO:root:Epoch 376
INFO:root:[376,     0] loss: 6.339438e-03 masks: 23.0 16.0 [wd: 3.47e-01] [lr: 1.72e-04] [mem: 5.66e+03] (171.7 ms)
INFO:root:[376,     0] grad_stats: [1.07e-04 1.00e-04] (3.92e-05, 1.81e-03)
INFO:root:[376,   116] loss: 5.542969e-03 masks: 22.6 17.0 [wd: 3.48e-01] [lr: 1.71e-04] [mem: 5.66e+03] (175.0 ms)
INFO:root:[376,   116] grad_stats: [8.00e-05 6.82e-05] (3.18e-05, 1.16e-03)
INFO:root:[376,   232] loss: 5.558354e-03 masks: 21.9 17.2 [wd: 3.48e-01] [lr: 1.70e-04] [mem: 5.66e+03] (173.8 ms)
INFO:root:[376,   232] grad_stats: [9.79e-05 7.21e-05] (3.28e-05, 2.08e-03)
INFO:root:avg. loss 5.55835449e-03
INFO:root:time taken for epoch 0:00:54.066271
INFO:root:Epoch 377
INFO:root:[377,     0] loss: 5.961635e-03 masks: 21.0 16.0 [wd: 3.48e-01] [lr: 1.70e-04] [mem: 5.66e+03] (167.9 ms)
INFO:root:[377,     0] grad_stats: [1.67e-04 6.74e-05] (2.98e-05, 1.73e-03)
INFO:root:[377,   116] loss: 5.557976e-03 masks: 23.4 16.7 [wd: 3.48e-01] [lr: 1.68e-04] [mem: 5.66e+03] (176.6 ms)
INFO:root:[377,   116] grad_stats: [1.06e-04 5.87e-05] (2.66e-05, 1.42e-03)
INFO:root:[377,   232] loss: 5.524896e-03 masks: 22.5 17.1 [wd: 3.49e-01] [lr: 1.67e-04] [mem: 5.66e+03] (175.2 ms)
INFO:root:[377,   232] grad_stats: [1.17e-04 6.22e-05] (3.17e-05, 1.64e-03)
INFO:root:avg. loss 5.52489561e-03
INFO:root:time taken for epoch 0:00:54.377712
INFO:root:Epoch 378
INFO:root:[378,     0] loss: 5.885832e-03 masks: 28.0 16.0 [wd: 3.49e-01] [lr: 1.67e-04] [mem: 5.66e+03] (187.0 ms)
INFO:root:[378,     0] grad_stats: [1.11e-04 7.68e-05] (3.63e-05, 3.29e-03)
INFO:root:[378,   116] loss: 5.488114e-03 masks: 22.2 17.2 [wd: 3.49e-01] [lr: 1.66e-04] [mem: 5.66e+03] (174.0 ms)
INFO:root:[378,   116] grad_stats: [1.80e-04 9.33e-05] (4.37e-05, 4.13e-03)
INFO:root:[378,   232] loss: 5.538068e-03 masks: 21.9 17.2 [wd: 3.50e-01] [lr: 1.65e-04] [mem: 5.66e+03] (173.6 ms)
INFO:root:[378,   232] grad_stats: [7.70e-05 5.17e-05] (2.87e-05, 8.47e-04)
INFO:root:avg. loss 5.53806792e-03
INFO:root:time taken for epoch 0:00:53.908224
INFO:root:Epoch 379
INFO:root:[379,     0] loss: 5.818895e-03 masks: 13.0 20.0 [wd: 3.50e-01] [lr: 1.65e-04] [mem: 5.66e+03] (153.4 ms)
INFO:root:[379,     0] grad_stats: [8.74e-05 8.14e-05] (3.04e-05, 1.39e-03)
INFO:root:[379,   116] loss: 5.465242e-03 masks: 22.4 17.2 [wd: 3.50e-01] [lr: 1.63e-04] [mem: 5.66e+03] (174.7 ms)
INFO:root:[379,   116] grad_stats: [1.28e-04 8.09e-05] (3.05e-05, 1.25e-03)
INFO:root:[379,   232] loss: 5.497302e-03 masks: 22.5 17.1 [wd: 3.50e-01] [lr: 1.62e-04] [mem: 5.66e+03] (175.3 ms)
INFO:root:[379,   232] grad_stats: [1.14e-04 8.51e-05] (3.68e-05, 2.32e-03)
INFO:root:avg. loss 5.49730200e-03
INFO:root:time taken for epoch 0:00:54.351398
INFO:root:Epoch 380
INFO:root:[380,     0] loss: 6.724604e-03 masks: 17.0 16.0 [wd: 3.50e-01] [lr: 1.62e-04] [mem: 5.66e+03] (156.8 ms)
INFO:root:[380,     0] grad_stats: [1.21e-04 1.00e-04] (4.26e-05, 2.54e-03)
INFO:root:[380,   116] loss: 5.584276e-03 masks: 22.8 16.7 [wd: 3.51e-01] [lr: 1.61e-04] [mem: 5.66e+03] (175.2 ms)
INFO:root:[380,   116] grad_stats: [9.02e-05 5.88e-05] (2.93e-05, 1.02e-03)
INFO:root:[380,   232] loss: 5.554362e-03 masks: 22.6 16.9 [wd: 3.51e-01] [lr: 1.60e-04] [mem: 5.66e+03] (175.4 ms)
INFO:root:[380,   232] grad_stats: [1.30e-04 8.28e-05] (3.19e-05, 1.65e-03)
INFO:root:avg. loss 5.55436211e-03
INFO:root:time taken for epoch 0:00:54.449900
INFO:root:Epoch 381
INFO:root:[381,     0] loss: 5.999220e-03 masks: 36.0 12.0 [wd: 3.51e-01] [lr: 1.60e-04] [mem: 5.66e+03] (203.6 ms)
INFO:root:[381,     0] grad_stats: [4.15e-04 8.10e-05] (4.45e-05, 2.26e-03)
INFO:root:[381,   116] loss: 5.521174e-03 masks: 21.3 17.5 [wd: 3.52e-01] [lr: 1.58e-04] [mem: 5.66e+03] (172.1 ms)
INFO:root:[381,   116] grad_stats: [2.75e-04 7.72e-05] (3.52e-05, 2.49e-03)
INFO:root:[381,   232] loss: 5.529307e-03 masks: 21.6 17.4 [wd: 3.52e-01] [lr: 1.57e-04] [mem: 5.66e+03] (173.1 ms)
INFO:root:[381,   232] grad_stats: [7.54e-05 5.56e-05] (3.02e-05, 1.76e-03)
INFO:root:avg. loss 5.52930746e-03
INFO:root:time taken for epoch 0:00:53.755257
INFO:root:Epoch 382
INFO:root:[382,     0] loss: 4.671687e-03 masks: 23.0 20.0 [wd: 3.52e-01] [lr: 1.57e-04] [mem: 5.66e+03] (176.1 ms)
INFO:root:[382,     0] grad_stats: [1.10e-04 5.49e-05] (2.67e-05, 2.39e-03)
INFO:root:[382,   116] loss: 5.544526e-03 masks: 22.5 16.9 [wd: 3.52e-01] [lr: 1.56e-04] [mem: 5.66e+03] (174.5 ms)
INFO:root:[382,   116] grad_stats: [8.16e-05 4.73e-05] (2.50e-05, 1.25e-03)
INFO:root:[382,   232] loss: 5.530703e-03 masks: 22.0 17.2 [wd: 3.53e-01] [lr: 1.55e-04] [mem: 5.66e+03] (173.9 ms)
INFO:root:[382,   232] grad_stats: [1.32e-04 9.55e-05] (4.48e-05, 2.73e-03)
INFO:root:avg. loss 5.53070277e-03
INFO:root:time taken for epoch 0:00:54.075025
INFO:root:Epoch 383
INFO:root:[383,     0] loss: 5.566787e-03 masks: 15.0 20.0 [wd: 3.53e-01] [lr: 1.55e-04] [mem: 5.66e+03] (158.2 ms)
INFO:root:[383,     0] grad_stats: [1.06e-04 9.00e-05] (3.53e-05, 1.12e-03)
INFO:root:[383,   116] loss: 5.470058e-03 masks: 22.0 17.5 [wd: 3.53e-01] [lr: 1.53e-04] [mem: 5.66e+03] (174.2 ms)
INFO:root:[383,   116] grad_stats: [2.13e-04 8.26e-05] (3.62e-05, 1.56e-03)
INFO:root:[383,   232] loss: 5.506904e-03 masks: 22.3 17.2 [wd: 3.54e-01] [lr: 1.52e-04] [mem: 5.66e+03] (174.9 ms)
INFO:root:[383,   232] grad_stats: [1.95e-04 1.00e-04] (3.58e-05, 1.41e-03)
INFO:root:avg. loss 5.50690418e-03
INFO:root:time taken for epoch 0:00:54.253085
INFO:root:Epoch 384
INFO:root:[384,     0] loss: 4.757662e-03 masks: 29.0 16.0 [wd: 3.54e-01] [lr: 1.52e-04] [mem: 5.66e+03] (190.2 ms)
INFO:root:[384,     0] grad_stats: [2.07e-04 5.58e-05] (2.49e-05, 2.00e-03)
INFO:root:[384,   116] loss: 5.540660e-03 masks: 21.9 17.1 [wd: 3.54e-01] [lr: 1.51e-04] [mem: 5.66e+03] (173.0 ms)
INFO:root:[384,   116] grad_stats: [7.38e-05 7.05e-05] (2.89e-05, 1.73e-03)
INFO:root:[384,   232] loss: 5.555228e-03 masks: 22.1 17.1 [wd: 3.54e-01] [lr: 1.50e-04] [mem: 5.66e+03] (174.2 ms)
INFO:root:[384,   232] grad_stats: [6.05e-05 5.61e-05] (2.91e-05, 7.83e-04)
INFO:root:avg. loss 5.55522768e-03
INFO:root:time taken for epoch 0:00:54.135989
INFO:root:Epoch 385
INFO:root:[385,     0] loss: 5.995747e-03 masks: 21.0 16.0 [wd: 3.54e-01] [lr: 1.50e-04] [mem: 5.66e+03] (165.0 ms)
INFO:root:[385,     0] grad_stats: [9.58e-05 9.22e-05] (4.07e-05, 2.10e-03)
INFO:root:[385,   116] loss: 5.449102e-03 masks: 21.0 17.8 [wd: 3.55e-01] [lr: 1.49e-04] [mem: 5.66e+03] (171.6 ms)
INFO:root:[385,   116] grad_stats: [9.09e-05 7.82e-05] (3.27e-05, 1.50e-03)
INFO:root:[385,   232] loss: 5.477352e-03 masks: 21.3 17.6 [wd: 3.55e-01] [lr: 1.47e-04] [mem: 5.66e+03] (172.6 ms)
INFO:root:[385,   232] grad_stats: [9.32e-05 5.77e-05] (3.20e-05, 2.61e-03)
INFO:root:avg. loss 5.47735193e-03
INFO:root:time taken for epoch 0:00:53.819796
INFO:root:Epoch 386
INFO:root:[386,     0] loss: 5.280915e-03 masks: 25.0 16.0 [wd: 3.55e-01] [lr: 1.47e-04] [mem: 5.66e+03] (176.7 ms)
INFO:root:[386,     0] grad_stats: [1.39e-04 7.57e-05] (3.78e-05, 1.69e-03)
INFO:root:[386,   116] loss: 5.483630e-03 masks: 22.0 17.3 [wd: 3.55e-01] [lr: 1.46e-04] [mem: 5.66e+03] (173.8 ms)
INFO:root:[386,   116] grad_stats: [2.27e-04 7.90e-05] (3.52e-05, 3.03e-03)
INFO:root:[386,   232] loss: 5.485807e-03 masks: 22.4 17.3 [wd: 3.56e-01] [lr: 1.45e-04] [mem: 5.66e+03] (175.4 ms)
INFO:root:[386,   232] grad_stats: [1.23e-04 5.79e-05] (2.88e-05, 1.74e-03)
INFO:root:avg. loss 5.48580706e-03
INFO:root:time taken for epoch 0:00:54.425562
INFO:root:Epoch 387
INFO:root:[387,     0] loss: 6.156913e-03 masks: 35.0 12.0 [wd: 3.56e-01] [lr: 1.45e-04] [mem: 5.66e+03] (199.8 ms)
INFO:root:[387,     0] grad_stats: [1.38e-04 8.74e-05] (5.02e-05, 3.25e-03)
INFO:root:[387,   116] loss: 5.429730e-03 masks: 21.8 17.5 [wd: 3.56e-01] [lr: 1.44e-04] [mem: 5.66e+03] (173.5 ms)
INFO:root:[387,   116] grad_stats: [1.01e-04 7.60e-05] (3.15e-05, 3.45e-03)
INFO:root:[387,   232] loss: 5.466016e-03 masks: 21.5 17.5 [wd: 3.57e-01] [lr: 1.43e-04] [mem: 5.66e+03] (173.2 ms)
INFO:root:[387,   232] grad_stats: [1.05e-04 9.20e-05] (3.74e-05, 1.18e-03)
INFO:root:avg. loss 5.46601575e-03
INFO:root:time taken for epoch 0:00:53.881453
INFO:root:Epoch 388
INFO:root:[388,     0] loss: 5.900115e-03 masks: 12.0 20.0 [wd: 3.57e-01] [lr: 1.42e-04] [mem: 5.66e+03] (148.2 ms)
INFO:root:[388,     0] grad_stats: [1.07e-04 9.94e-05] (4.84e-05, 1.45e-03)
INFO:root:[388,   116] loss: 5.579119e-03 masks: 20.8 17.4 [wd: 3.57e-01] [lr: 1.41e-04] [mem: 5.66e+03] (170.6 ms)
INFO:root:[388,   116] grad_stats: [1.80e-04 8.19e-05] (4.50e-05, 3.38e-03)
INFO:root:[388,   232] loss: 5.510474e-03 masks: 21.4 17.4 [wd: 3.57e-01] [lr: 1.40e-04] [mem: 5.66e+03] (172.7 ms)
INFO:root:[388,   232] grad_stats: [9.28e-05 5.95e-05] (3.06e-05, 1.51e-03)
INFO:root:avg. loss 5.51047394e-03
INFO:root:time taken for epoch 0:00:53.853143
INFO:root:Epoch 389
INFO:root:[389,     0] loss: 5.044193e-03 masks: 23.0 16.0 [wd: 3.57e-01] [lr: 1.40e-04] [mem: 5.66e+03] (172.6 ms)
INFO:root:[389,     0] grad_stats: [1.80e-04 6.22e-05] (3.49e-05, 2.04e-03)
INFO:root:[389,   116] loss: 5.500724e-03 masks: 21.7 17.3 [wd: 3.58e-01] [lr: 1.39e-04] [mem: 5.66e+03] (173.0 ms)
INFO:root:[389,   116] grad_stats: [1.06e-04 6.56e-05] (3.17e-05, 1.43e-03)
INFO:root:[389,   232] loss: 5.530629e-03 masks: 22.0 17.3 [wd: 3.58e-01] [lr: 1.38e-04] [mem: 5.66e+03] (174.1 ms)
INFO:root:[389,   232] grad_stats: [2.29e-04 6.98e-05] (3.78e-05, 1.76e-03)
INFO:root:avg. loss 5.53062881e-03
INFO:root:time taken for epoch 0:00:54.089456
INFO:root:Epoch 390
INFO:root:[390,     0] loss: 4.617225e-03 masks: 27.0 16.0 [wd: 3.58e-01] [lr: 1.38e-04] [mem: 5.66e+03] (185.8 ms)
INFO:root:[390,     0] grad_stats: [1.14e-04 6.92e-05] (3.11e-05, 1.24e-03)
INFO:root:[390,   116] loss: 5.542104e-03 masks: 22.1 17.2 [wd: 3.58e-01] [lr: 1.37e-04] [mem: 5.66e+03] (173.9 ms)
INFO:root:[390,   116] grad_stats: [8.27e-05 6.19e-05] (2.67e-05, 2.52e-03)
INFO:root:[390,   232] loss: 5.577292e-03 masks: 22.5 17.0 [wd: 3.59e-01] [lr: 1.35e-04] [mem: 5.66e+03] (175.1 ms)
INFO:root:[390,   232] grad_stats: [1.15e-04 7.86e-05] (3.17e-05, 1.31e-03)
INFO:root:avg. loss 5.57729201e-03
INFO:root:time taken for epoch 0:00:54.366799
INFO:root:Epoch 391
INFO:root:[391,     0] loss: 6.610225e-03 masks: 35.0 12.0 [wd: 3.59e-01] [lr: 1.35e-04] [mem: 5.66e+03] (199.4 ms)
INFO:root:[391,     0] grad_stats: [2.33e-04 8.45e-05] (4.21e-05, 4.91e-03)
INFO:root:[391,   116] loss: 5.556650e-03 masks: 21.7 17.4 [wd: 3.59e-01] [lr: 1.34e-04] [mem: 5.66e+03] (173.5 ms)
INFO:root:[391,   116] grad_stats: [7.33e-05 5.74e-05] (2.98e-05, 1.82e-03)
INFO:root:[391,   232] loss: 5.526757e-03 masks: 21.9 17.4 [wd: 3.59e-01] [lr: 1.33e-04] [mem: 5.66e+03] (174.1 ms)
INFO:root:[391,   232] grad_stats: [8.65e-05 6.46e-05] (3.11e-05, 1.04e-03)
INFO:root:avg. loss 5.52675740e-03
INFO:root:time taken for epoch 0:00:54.171165
INFO:root:Epoch 392
INFO:root:[392,     0] loss: 6.779233e-03 masks: 36.0 12.0 [wd: 3.59e-01] [lr: 1.33e-04] [mem: 5.66e+03] (203.3 ms)
INFO:root:[392,     0] grad_stats: [2.80e-04 8.74e-05] (4.33e-05, 2.12e-03)
INFO:root:[392,   116] loss: 5.525485e-03 masks: 22.4 17.2 [wd: 3.60e-01] [lr: 1.32e-04] [mem: 5.66e+03] (174.9 ms)
INFO:root:[392,   116] grad_stats: [9.76e-05 7.49e-05] (3.69e-05, 1.86e-03)
INFO:root:[392,   232] loss: 5.517810e-03 masks: 22.3 17.3 [wd: 3.60e-01] [lr: 1.31e-04] [mem: 5.66e+03] (175.1 ms)
INFO:root:[392,   232] grad_stats: [1.44e-04 1.00e-04] (4.45e-05, 1.49e-03)
INFO:root:avg. loss 5.51780994e-03
INFO:root:time taken for epoch 0:00:54.337032
INFO:root:Epoch 393
INFO:root:[393,     0] loss: 5.771721e-03 masks: 21.0 16.0 [wd: 3.60e-01] [lr: 1.31e-04] [mem: 5.66e+03] (168.4 ms)
INFO:root:[393,     0] grad_stats: [1.07e-04 9.87e-05] (4.11e-05, 2.13e-03)
INFO:root:[393,   116] loss: 5.506798e-03 masks: 21.6 17.4 [wd: 3.60e-01] [lr: 1.30e-04] [mem: 5.66e+03] (172.9 ms)
INFO:root:[393,   116] grad_stats: [1.02e-04 8.57e-05] (4.14e-05, 1.37e-03)
INFO:root:[393,   232] loss: 5.482368e-03 masks: 21.5 17.5 [wd: 3.61e-01] [lr: 1.29e-04] [mem: 5.66e+03] (173.2 ms)
INFO:root:[393,   232] grad_stats: [1.45e-04 7.08e-05] (3.41e-05, 1.13e-03)
INFO:root:avg. loss 5.48236756e-03
INFO:root:time taken for epoch 0:00:53.945714
INFO:root:Epoch 394
INFO:root:[394,     0] loss: 4.336611e-03 masks: 20.0 20.0 [wd: 3.61e-01] [lr: 1.29e-04] [mem: 5.66e+03] (170.3 ms)
INFO:root:[394,     0] grad_stats: [6.40e-05 5.51e-05] (2.59e-05, 2.98e-03)
INFO:root:[394,   116] loss: 5.549102e-03 masks: 21.2 17.5 [wd: 3.61e-01] [lr: 1.27e-04] [mem: 5.66e+03] (171.5 ms)
INFO:root:[394,   116] grad_stats: [7.42e-05 8.22e-05] (3.55e-05, 1.57e-03)
INFO:root:[394,   232] loss: 5.592545e-03 masks: 21.6 17.2 [wd: 3.62e-01] [lr: 1.26e-04] [mem: 5.66e+03] (172.9 ms)
INFO:root:[394,   232] grad_stats: [1.57e-04 9.85e-05] (3.94e-05, 1.88e-03)
INFO:root:avg. loss 5.59254512e-03
INFO:root:time taken for epoch 0:00:53.856072
INFO:root:Epoch 395
INFO:root:[395,     0] loss: 4.872826e-03 masks: 20.0 20.0 [wd: 3.62e-01] [lr: 1.26e-04] [mem: 5.66e+03] (171.1 ms)
INFO:root:[395,     0] grad_stats: [8.62e-05 5.01e-05] (2.68e-05, 7.52e-04)
INFO:root:[395,   116] loss: 5.482178e-03 masks: 21.0 17.7 [wd: 3.62e-01] [lr: 1.25e-04] [mem: 5.66e+03] (171.4 ms)
INFO:root:[395,   116] grad_stats: [1.11e-04 8.11e-05] (3.65e-05, 1.64e-03)
INFO:root:[395,   232] loss: 5.553798e-03 masks: 21.7 17.4 [wd: 3.62e-01] [lr: 1.24e-04] [mem: 5.66e+03] (173.2 ms)
INFO:root:[395,   232] grad_stats: [8.95e-05 1.05e-04] (4.17e-05, 3.51e-03)
INFO:root:avg. loss 5.55379765e-03
INFO:root:time taken for epoch 0:00:53.882683
INFO:root:Epoch 396
INFO:root:[396,     0] loss: 5.714021e-03 masks: 14.0 20.0 [wd: 3.62e-01] [lr: 1.24e-04] [mem: 5.66e+03] (155.1 ms)
INFO:root:[396,     0] grad_stats: [1.21e-04 7.89e-05] (3.28e-05, 1.36e-03)
INFO:root:[396,   116] loss: 5.656483e-03 masks: 22.6 16.9 [wd: 3.63e-01] [lr: 1.23e-04] [mem: 5.66e+03] (175.2 ms)
INFO:root:[396,   116] grad_stats: [9.46e-05 8.00e-05] (4.02e-05, 1.58e-03)
INFO:root:[396,   232] loss: 5.589794e-03 masks: 22.4 17.1 [wd: 3.63e-01] [lr: 1.22e-04] [mem: 5.66e+03] (175.1 ms)
INFO:root:[396,   232] grad_stats: [1.47e-04 6.92e-05] (3.44e-05, 1.36e-03)
INFO:root:avg. loss 5.58979392e-03
INFO:root:time taken for epoch 0:00:54.360951
INFO:root:Epoch 397
INFO:root:[397,     0] loss: 5.983565e-03 masks: 17.0 16.0 [wd: 3.63e-01] [lr: 1.22e-04] [mem: 5.66e+03] (156.4 ms)
INFO:root:[397,     0] grad_stats: [3.30e-04 1.14e-04] (5.30e-05, 2.20e-03)
INFO:root:[397,   116] loss: 5.489054e-03 masks: 21.8 17.4 [wd: 3.63e-01] [lr: 1.21e-04] [mem: 5.66e+03] (173.3 ms)
INFO:root:[397,   116] grad_stats: [9.38e-05 7.29e-05] (3.80e-05, 1.53e-03)
INFO:root:[397,   232] loss: 5.546920e-03 masks: 22.1 17.2 [wd: 3.64e-01] [lr: 1.20e-04] [mem: 5.66e+03] (174.3 ms)
INFO:root:[397,   232] grad_stats: [1.51e-04 1.11e-04] (4.81e-05, 2.67e-03)
INFO:root:avg. loss 5.54691986e-03
INFO:root:time taken for epoch 0:00:54.170396
INFO:root:Epoch 398
INFO:root:[398,     0] loss: 5.559165e-03 masks: 17.0 20.0 [wd: 3.64e-01] [lr: 1.20e-04] [mem: 5.66e+03] (162.4 ms)
INFO:root:[398,     0] grad_stats: [2.02e-04 8.58e-05] (3.94e-05, 2.68e-03)
INFO:root:[398,   116] loss: 5.502103e-03 masks: 21.3 17.4 [wd: 3.64e-01] [lr: 1.18e-04] [mem: 5.66e+03] (172.0 ms)
INFO:root:[398,   116] grad_stats: [8.78e-05 7.12e-05] (3.29e-05, 2.24e-03)
INFO:root:[398,   232] loss: 5.547514e-03 masks: 21.2 17.5 [wd: 3.64e-01] [lr: 1.17e-04] [mem: 5.66e+03] (172.1 ms)
INFO:root:[398,   232] grad_stats: [8.96e-05 5.90e-05] (3.14e-05, 1.64e-03)
INFO:root:avg. loss 5.54751374e-03
INFO:root:time taken for epoch 0:00:53.608387
INFO:root:Epoch 399
INFO:root:[399,     0] loss: 5.595415e-03 masks: 20.0 16.0 [wd: 3.64e-01] [lr: 1.17e-04] [mem: 5.66e+03] (164.0 ms)
INFO:root:[399,     0] grad_stats: [9.93e-05 1.01e-04] (4.50e-05, 1.22e-03)
INFO:root:[399,   116] loss: 5.639113e-03 masks: 21.7 17.1 [wd: 3.65e-01] [lr: 1.16e-04] [mem: 5.66e+03] (172.4 ms)
INFO:root:[399,   116] grad_stats: [1.73e-04 1.02e-04] (4.97e-05, 3.32e-03)
INFO:root:[399,   232] loss: 5.593012e-03 masks: 21.9 17.2 [wd: 3.65e-01] [lr: 1.15e-04] [mem: 5.66e+03] (173.5 ms)
INFO:root:[399,   232] grad_stats: [8.95e-05 6.64e-05] (3.51e-05, 1.83e-03)
INFO:root:avg. loss 5.59301204e-03
INFO:root:time taken for epoch 0:00:54.806134
INFO:root:Epoch 400
INFO:root:[400,     0] loss: 4.514072e-03 masks: 23.0 20.0 [wd: 3.65e-01] [lr: 1.15e-04] [mem: 5.66e+03] (176.7 ms)
INFO:root:[400,     0] grad_stats: [7.96e-05 6.49e-05] (3.51e-05, 1.27e-03)
INFO:root:[400,   116] loss: 5.424599e-03 masks: 20.8 17.8 [wd: 3.65e-01] [lr: 1.14e-04] [mem: 5.66e+03] (171.1 ms)
INFO:root:[400,   116] grad_stats: [1.58e-04 9.59e-05] (4.39e-05, 2.73e-03)
INFO:root:[400,   232] loss: 5.506040e-03 masks: 21.7 17.4 [wd: 3.66e-01] [lr: 1.13e-04] [mem: 5.66e+03] (173.6 ms)
INFO:root:[400,   232] grad_stats: [7.81e-05 6.84e-05] (3.20e-05, 1.69e-03)
INFO:root:avg. loss 5.50604037e-03
INFO:root:	Epoch 400, KNN accuracy train: 7.44278e-01, KNN accuracy train: 6.18333e-01
INFO:root:time taken for epoch 0:01:36.190937
INFO:root:Epoch 401
INFO:root:[401,     0] loss: 5.518209e-03 masks: 28.0 16.0 [wd: 3.66e-01] [lr: 1.13e-04] [mem: 5.66e+03] (187.2 ms)
INFO:root:[401,     0] grad_stats: [1.51e-04 5.95e-05] (3.22e-05, 3.01e-03)
INFO:root:[401,   116] loss: 5.454966e-03 masks: 20.7 17.9 [wd: 3.66e-01] [lr: 1.12e-04] [mem: 5.66e+03] (170.3 ms)
INFO:root:[401,   116] grad_stats: [8.96e-05 6.02e-05] (3.24e-05, 9.68e-04)
INFO:root:[401,   232] loss: 5.496097e-03 masks: 21.0 17.7 [wd: 3.66e-01] [lr: 1.11e-04] [mem: 5.66e+03] (171.5 ms)
INFO:root:[401,   232] grad_stats: [1.03e-04 9.19e-05] (4.39e-05, 1.76e-03)
INFO:root:avg. loss 5.49609733e-03
INFO:root:time taken for epoch 0:00:53.441237
INFO:root:Epoch 402
INFO:root:[402,     0] loss: 4.784575e-03 masks: 17.0 20.0 [wd: 3.66e-01] [lr: 1.11e-04] [mem: 5.66e+03] (161.7 ms)
INFO:root:[402,     0] grad_stats: [8.97e-05 8.58e-05] (3.44e-05, 2.62e-03)
INFO:root:[402,   116] loss: 5.538599e-03 masks: 20.6 17.6 [wd: 3.67e-01] [lr: 1.10e-04] [mem: 5.66e+03] (170.0 ms)
INFO:root:[402,   116] grad_stats: [2.04e-04 1.08e-04] (4.14e-05, 2.21e-03)
INFO:root:[402,   232] loss: 5.555589e-03 masks: 21.7 17.3 [wd: 3.67e-01] [lr: 1.09e-04] [mem: 5.66e+03] (173.3 ms)
INFO:root:[402,   232] grad_stats: [1.13e-04 9.02e-05] (4.03e-05, 2.01e-03)
INFO:root:avg. loss 5.55558890e-03
INFO:root:time taken for epoch 0:00:53.952115
INFO:root:Epoch 403
INFO:root:[403,     0] loss: 5.275553e-03 masks: 24.0 16.0 [wd: 3.67e-01] [lr: 1.09e-04] [mem: 5.66e+03] (177.4 ms)
INFO:root:[403,     0] grad_stats: [1.07e-04 1.12e-04] (4.42e-05, 4.42e-03)
INFO:root:[403,   116] loss: 5.466285e-03 masks: 21.3 17.7 [wd: 3.67e-01] [lr: 1.08e-04] [mem: 5.66e+03] (172.4 ms)
INFO:root:[403,   116] grad_stats: [9.36e-05 6.42e-05] (2.98e-05, 2.06e-03)
INFO:root:[403,   232] loss: 5.505371e-03 masks: 22.2 17.3 [wd: 3.68e-01] [lr: 1.07e-04] [mem: 5.66e+03] (174.9 ms)
INFO:root:[403,   232] grad_stats: [1.20e-04 1.03e-04] (4.81e-05, 4.28e-03)
INFO:root:avg. loss 5.50537060e-03
INFO:root:time taken for epoch 0:00:54.237067
INFO:root:Epoch 404
INFO:root:[404,     0] loss: 5.313041e-03 masks: 16.0 20.0 [wd: 3.68e-01] [lr: 1.07e-04] [mem: 5.66e+03] (159.1 ms)
INFO:root:[404,     0] grad_stats: [1.17e-04 7.33e-05] (3.46e-05, 3.69e-03)
INFO:root:[404,   116] loss: 5.446860e-03 masks: 21.9 17.5 [wd: 3.68e-01] [lr: 1.06e-04] [mem: 5.66e+03] (173.9 ms)
INFO:root:[404,   116] grad_stats: [8.57e-05 7.18e-05] (3.53e-05, 1.09e-03)
INFO:root:[404,   232] loss: 5.487578e-03 masks: 21.9 17.4 [wd: 3.68e-01] [lr: 1.05e-04] [mem: 5.66e+03] (174.2 ms)
INFO:root:[404,   232] grad_stats: [1.08e-04 8.80e-05] (4.06e-05, 1.72e-03)
INFO:root:avg. loss 5.48757776e-03
INFO:root:time taken for epoch 0:00:54.149393
INFO:root:Epoch 405
INFO:root:[405,     0] loss: 4.794883e-03 masks: 18.0 20.0 [wd: 3.68e-01] [lr: 1.05e-04] [mem: 5.66e+03] (167.5 ms)
INFO:root:[405,     0] grad_stats: [1.00e-04 7.14e-05] (3.42e-05, 1.12e-03)
INFO:root:[405,   116] loss: 5.549697e-03 masks: 21.9 17.3 [wd: 3.69e-01] [lr: 1.04e-04] [mem: 5.66e+03] (173.5 ms)
INFO:root:[405,   116] grad_stats: [2.43e-04 9.04e-05] (4.15e-05, 3.19e-03)
INFO:root:[405,   232] loss: 5.514049e-03 masks: 22.1 17.3 [wd: 3.69e-01] [lr: 1.02e-04] [mem: 5.66e+03] (174.3 ms)
INFO:root:[405,   232] grad_stats: [1.07e-04 1.34e-04] (4.52e-05, 2.84e-03)
INFO:root:avg. loss 5.51404928e-03
INFO:root:time taken for epoch 0:00:54.029194
INFO:root:Epoch 406
INFO:root:[406,     0] loss: 5.581871e-03 masks: 21.0 16.0 [wd: 3.69e-01] [lr: 1.02e-04] [mem: 5.66e+03] (167.7 ms)
INFO:root:[406,     0] grad_stats: [8.24e-05 8.03e-05] (3.77e-05, 2.06e-03)
INFO:root:[406,   116] loss: 5.541533e-03 masks: 21.6 17.4 [wd: 3.69e-01] [lr: 1.01e-04] [mem: 5.66e+03] (172.7 ms)
INFO:root:[406,   116] grad_stats: [1.56e-04 6.49e-05] (3.69e-05, 1.41e-03)
INFO:root:[406,   232] loss: 5.534852e-03 masks: 21.7 17.4 [wd: 3.70e-01] [lr: 1.00e-04] [mem: 5.66e+03] (173.6 ms)
INFO:root:[406,   232] grad_stats: [1.50e-04 6.49e-05] (3.69e-05, 1.94e-03)
INFO:root:avg. loss 5.53485232e-03
INFO:root:time taken for epoch 0:00:53.888856
INFO:root:Epoch 407
INFO:root:[407,     0] loss: 4.676491e-03 masks: 20.0 20.0 [wd: 3.70e-01] [lr: 1.00e-04] [mem: 5.66e+03] (170.7 ms)
INFO:root:[407,     0] grad_stats: [1.21e-04 6.69e-05] (3.40e-05, 1.51e-03)
INFO:root:[407,   116] loss: 5.538833e-03 masks: 21.9 17.3 [wd: 3.70e-01] [lr: 9.94e-05] [mem: 5.66e+03] (173.4 ms)
INFO:root:[407,   116] grad_stats: [1.45e-04 9.93e-05] (4.12e-05, 2.08e-03)
INFO:root:[407,   232] loss: 5.491874e-03 masks: 22.3 17.3 [wd: 3.70e-01] [lr: 9.84e-05] [mem: 5.66e+03] (174.9 ms)
INFO:root:[407,   232] grad_stats: [8.53e-05 8.63e-05] (3.88e-05, 1.14e-03)
INFO:root:avg. loss 5.49187444e-03
INFO:root:time taken for epoch 0:00:54.219928
INFO:root:Epoch 408
INFO:root:[408,     0] loss: 5.038016e-03 masks: 20.0 20.0 [wd: 3.70e-01] [lr: 9.84e-05] [mem: 5.66e+03] (171.3 ms)
INFO:root:[408,     0] grad_stats: [9.19e-05 8.52e-05] (4.51e-05, 8.79e-04)
INFO:root:[408,   116] loss: 5.647896e-03 masks: 22.0 17.2 [wd: 3.70e-01] [lr: 9.74e-05] [mem: 5.66e+03] (173.4 ms)
INFO:root:[408,   116] grad_stats: [1.76e-04 1.03e-04] (4.41e-05, 1.58e-03)
INFO:root:[408,   232] loss: 5.599531e-03 masks: 22.1 17.1 [wd: 3.71e-01] [lr: 9.64e-05] [mem: 5.66e+03] (174.0 ms)
INFO:root:[408,   232] grad_stats: [1.15e-04 8.62e-05] (4.46e-05, 3.01e-03)
INFO:root:avg. loss 5.59953150e-03
INFO:root:time taken for epoch 0:00:53.965768
INFO:root:Epoch 409
INFO:root:[409,     0] loss: 5.613046e-03 masks: 29.0 16.0 [wd: 3.71e-01] [lr: 9.64e-05] [mem: 5.66e+03] (189.3 ms)
INFO:root:[409,     0] grad_stats: [1.65e-04 7.71e-05] (3.71e-05, 2.11e-03)
INFO:root:[409,   116] loss: 5.495352e-03 masks: 21.6 17.6 [wd: 3.71e-01] [lr: 9.54e-05] [mem: 5.66e+03] (172.9 ms)
INFO:root:[409,   116] grad_stats: [1.12e-04 9.53e-05] (4.52e-05, 2.61e-03)
INFO:root:[409,   232] loss: 5.445058e-03 masks: 21.4 17.7 [wd: 3.71e-01] [lr: 9.44e-05] [mem: 5.66e+03] (173.0 ms)
INFO:root:[409,   232] grad_stats: [1.22e-04 7.29e-05] (3.64e-05, 1.34e-03)
INFO:root:avg. loss 5.44505754e-03
INFO:root:time taken for epoch 0:00:53.726568
INFO:root:Epoch 410
INFO:root:[410,     0] loss: 6.750175e-03 masks: 8.0 20.0 [wd: 3.71e-01] [lr: 9.44e-05] [mem: 5.66e+03] (135.6 ms)
INFO:root:[410,     0] grad_stats: [1.02e-04 1.31e-04] (5.66e-05, 1.46e-03)
INFO:root:[410,   116] loss: 5.572568e-03 masks: 22.2 17.1 [wd: 3.72e-01] [lr: 9.34e-05] [mem: 5.66e+03] (174.0 ms)
INFO:root:[410,   116] grad_stats: [1.60e-04 1.01e-04] (5.22e-05, 4.29e-03)
INFO:root:[410,   232] loss: 5.582617e-03 masks: 22.3 17.2 [wd: 3.72e-01] [lr: 9.24e-05] [mem: 5.66e+03] (174.7 ms)
INFO:root:[410,   232] grad_stats: [1.72e-04 1.08e-04] (4.86e-05, 2.28e-03)
INFO:root:avg. loss 5.58261693e-03
INFO:root:time taken for epoch 0:00:54.133502
INFO:root:Epoch 411
INFO:root:[411,     0] loss: 4.613387e-03 masks: 18.0 20.0 [wd: 3.72e-01] [lr: 9.24e-05] [mem: 5.66e+03] (165.7 ms)
INFO:root:[411,     0] grad_stats: [1.25e-04 8.42e-05] (3.94e-05, 1.10e-03)
INFO:root:[411,   116] loss: 5.527529e-03 masks: 21.9 17.2 [wd: 3.72e-01] [lr: 9.14e-05] [mem: 5.66e+03] (173.3 ms)
INFO:root:[411,   116] grad_stats: [1.23e-04 9.10e-05] (4.33e-05, 2.29e-03)
INFO:root:[411,   232] loss: 5.547929e-03 masks: 22.3 17.2 [wd: 3.73e-01] [lr: 9.05e-05] [mem: 5.66e+03] (175.0 ms)
INFO:root:[411,   232] grad_stats: [8.61e-05 9.70e-05] (4.25e-05, 1.03e-03)
INFO:root:avg. loss 5.54792880e-03
INFO:root:time taken for epoch 0:00:54.301043
INFO:root:Epoch 412
INFO:root:[412,     0] loss: 5.454381e-03 masks: 17.0 20.0 [wd: 3.73e-01] [lr: 9.05e-05] [mem: 5.66e+03] (162.2 ms)
INFO:root:[412,     0] grad_stats: [1.15e-04 8.59e-05] (3.94e-05, 1.78e-03)
INFO:root:[412,   116] loss: 5.456403e-03 masks: 22.0 17.4 [wd: 3.73e-01] [lr: 8.95e-05] [mem: 5.66e+03] (174.0 ms)
INFO:root:[412,   116] grad_stats: [1.31e-04 1.01e-04] (5.23e-05, 2.35e-03)
INFO:root:[412,   232] loss: 5.489288e-03 masks: 22.0 17.3 [wd: 3.73e-01] [lr: 8.85e-05] [mem: 5.66e+03] (174.2 ms)
INFO:root:[412,   232] grad_stats: [1.68e-04 9.26e-05] (4.67e-05, 2.17e-03)
INFO:root:avg. loss 5.48928766e-03
INFO:root:time taken for epoch 0:00:54.090204
INFO:root:Epoch 413
INFO:root:[413,     0] loss: 6.042205e-03 masks: 11.0 20.0 [wd: 3.73e-01] [lr: 8.85e-05] [mem: 5.66e+03] (143.9 ms)
INFO:root:[413,     0] grad_stats: [1.38e-04 1.31e-04] (5.13e-05, 1.64e-03)
INFO:root:[413,   116] loss: 5.588038e-03 masks: 21.9 17.2 [wd: 3.73e-01] [lr: 8.76e-05] [mem: 5.66e+03] (173.1 ms)
INFO:root:[413,   116] grad_stats: [1.96e-04 8.77e-05] (4.42e-05, 2.90e-03)
INFO:root:[413,   232] loss: 5.532434e-03 masks: 22.0 17.2 [wd: 3.74e-01] [lr: 8.66e-05] [mem: 5.66e+03] (174.2 ms)
INFO:root:[413,   232] grad_stats: [1.24e-04 7.80e-05] (4.31e-05, 1.83e-03)
INFO:root:avg. loss 5.53243431e-03
INFO:root:time taken for epoch 0:00:53.952081
INFO:root:Epoch 414
INFO:root:[414,     0] loss: 6.885233e-03 masks: 33.0 12.0 [wd: 3.74e-01] [lr: 8.66e-05] [mem: 5.66e+03] (194.4 ms)
INFO:root:[414,     0] grad_stats: [1.05e-04 9.33e-05] (5.03e-05, 1.70e-03)
INFO:root:[414,   116] loss: 5.526105e-03 masks: 22.0 17.3 [wd: 3.74e-01] [lr: 8.57e-05] [mem: 5.66e+03] (173.8 ms)
INFO:root:[414,   116] grad_stats: [9.15e-05 1.13e-04] (4.96e-05, 1.94e-03)
INFO:root:[414,   232] loss: 5.565670e-03 masks: 21.8 17.3 [wd: 3.74e-01] [lr: 8.47e-05] [mem: 5.66e+03] (173.6 ms)
INFO:root:[414,   232] grad_stats: [1.58e-04 9.98e-05] (5.03e-05, 1.33e-03)
INFO:root:avg. loss 5.56567031e-03
INFO:root:time taken for epoch 0:00:54.014788
INFO:root:Epoch 415
INFO:root:[415,     0] loss: 6.011335e-03 masks: 29.0 16.0 [wd: 3.74e-01] [lr: 8.47e-05] [mem: 5.66e+03] (190.1 ms)
INFO:root:[415,     0] grad_stats: [2.12e-04 8.37e-05] (3.64e-05, 1.55e-03)
INFO:root:[415,   116] loss: 5.503402e-03 masks: 22.2 17.3 [wd: 3.75e-01] [lr: 8.38e-05] [mem: 5.66e+03] (174.2 ms)
INFO:root:[415,   116] grad_stats: [9.53e-05 8.29e-05] (3.79e-05, 8.73e-04)
INFO:root:[415,   232] loss: 5.532351e-03 masks: 22.2 17.2 [wd: 3.75e-01] [lr: 8.28e-05] [mem: 5.66e+03] (174.4 ms)
INFO:root:[415,   232] grad_stats: [1.01e-04 1.01e-04] (4.31e-05, 2.71e-03)
INFO:root:avg. loss 5.53235087e-03
INFO:root:time taken for epoch 0:00:54.101024
INFO:root:Epoch 416
INFO:root:[416,     0] loss: 5.405074e-03 masks: 20.0 16.0 [wd: 3.75e-01] [lr: 8.28e-05] [mem: 5.66e+03] (166.3 ms)
INFO:root:[416,     0] grad_stats: [1.32e-04 1.13e-04] (4.88e-05, 1.76e-03)
INFO:root:[416,   116] loss: 5.554305e-03 masks: 22.5 17.1 [wd: 3.75e-01] [lr: 8.19e-05] [mem: 5.66e+03] (174.6 ms)
INFO:root:[416,   116] grad_stats: [9.25e-05 9.04e-05] (4.10e-05, 3.27e-03)
INFO:root:[416,   232] loss: 5.578421e-03 masks: 22.0 17.1 [wd: 3.76e-01] [lr: 8.10e-05] [mem: 5.66e+03] (174.0 ms)
INFO:root:[416,   232] grad_stats: [1.15e-04 9.09e-05] (4.16e-05, 2.80e-03)
INFO:root:avg. loss 5.57842139e-03
INFO:root:time taken for epoch 0:00:54.087067
INFO:root:Epoch 417
INFO:root:[417,     0] loss: 5.074002e-03 masks: 16.0 20.0 [wd: 3.76e-01] [lr: 8.10e-05] [mem: 5.66e+03] (158.6 ms)
INFO:root:[417,     0] grad_stats: [8.95e-05 1.05e-04] (4.69e-05, 3.57e-03)
INFO:root:[417,   116] loss: 5.482926e-03 masks: 21.9 17.2 [wd: 3.76e-01] [lr: 8.00e-05] [mem: 5.66e+03] (173.4 ms)
INFO:root:[417,   116] grad_stats: [1.58e-04 9.23e-05] (5.11e-05, 4.32e-03)
INFO:root:[417,   232] loss: 5.537145e-03 masks: 22.0 17.2 [wd: 3.76e-01] [lr: 7.91e-05] [mem: 5.66e+03] (173.9 ms)
INFO:root:[417,   232] grad_stats: [8.49e-05 1.07e-04] (4.88e-05, 1.30e-03)
INFO:root:avg. loss 5.53714532e-03
INFO:root:time taken for epoch 0:00:54.034952
INFO:root:Epoch 418
INFO:root:[418,     0] loss: 5.209565e-03 masks: 18.0 20.0 [wd: 3.76e-01] [lr: 7.91e-05] [mem: 5.66e+03] (165.0 ms)
INFO:root:[418,     0] grad_stats: [9.32e-05 1.18e-04] (6.43e-05, 1.58e-03)
INFO:root:[418,   116] loss: 5.443976e-03 masks: 21.5 17.5 [wd: 3.76e-01] [lr: 7.82e-05] [mem: 5.66e+03] (172.7 ms)
INFO:root:[418,   116] grad_stats: [7.39e-05 8.06e-05] (4.34e-05, 1.13e-03)
INFO:root:[418,   232] loss: 5.475603e-03 masks: 21.3 17.6 [wd: 3.77e-01] [lr: 7.73e-05] [mem: 5.66e+03] (172.7 ms)
INFO:root:[418,   232] grad_stats: [1.88e-04 7.98e-05] (4.44e-05, 1.79e-03)
INFO:root:avg. loss 5.47560276e-03
INFO:root:time taken for epoch 0:00:53.692031
INFO:root:Epoch 419
INFO:root:[419,     0] loss: 5.930336e-03 masks: 23.0 16.0 [wd: 3.77e-01] [lr: 7.73e-05] [mem: 5.66e+03] (172.0 ms)
INFO:root:[419,     0] grad_stats: [1.60e-04 1.05e-04] (4.84e-05, 1.73e-03)
INFO:root:[419,   116] loss: 5.659449e-03 masks: 22.1 17.0 [wd: 3.77e-01] [lr: 7.64e-05] [mem: 5.66e+03] (173.4 ms)
INFO:root:[419,   116] grad_stats: [1.18e-04 1.25e-04] (4.67e-05, 2.17e-03)
INFO:root:[419,   232] loss: 5.602261e-03 masks: 22.1 17.1 [wd: 3.77e-01] [lr: 7.55e-05] [mem: 5.66e+03] (174.2 ms)
INFO:root:[419,   232] grad_stats: [1.50e-04 7.99e-05] (4.51e-05, 2.40e-03)
INFO:root:avg. loss 5.60226097e-03
INFO:root:time taken for epoch 0:00:54.042541
INFO:root:Epoch 420
INFO:root:[420,     0] loss: 5.867601e-03 masks: 9.0 20.0 [wd: 3.77e-01] [lr: 7.55e-05] [mem: 5.66e+03] (138.6 ms)
INFO:root:[420,     0] grad_stats: [2.10e-04 1.34e-04] (5.95e-05, 2.81e-03)
INFO:root:[420,   116] loss: 5.511846e-03 masks: 21.4 17.5 [wd: 3.77e-01] [lr: 7.46e-05] [mem: 5.66e+03] (172.5 ms)
INFO:root:[420,   116] grad_stats: [2.16e-04 8.93e-05] (4.58e-05, 1.47e-03)
INFO:root:[420,   232] loss: 5.496598e-03 masks: 21.2 17.6 [wd: 3.78e-01] [lr: 7.37e-05] [mem: 5.66e+03] (172.4 ms)
INFO:root:[420,   232] grad_stats: [7.18e-05 8.76e-05] (3.72e-05, 1.36e-03)
INFO:root:avg. loss 5.49659830e-03
INFO:root:time taken for epoch 0:00:53.731357
INFO:root:Epoch 421
INFO:root:[421,     0] loss: 4.796977e-03 masks: 16.0 20.0 [wd: 3.78e-01] [lr: 7.37e-05] [mem: 5.66e+03] (159.8 ms)
INFO:root:[421,     0] grad_stats: [1.18e-04 8.82e-05] (4.96e-05, 1.96e-03)
INFO:root:[421,   116] loss: 5.463110e-03 masks: 21.7 17.4 [wd: 3.78e-01] [lr: 7.28e-05] [mem: 5.66e+03] (173.1 ms)
INFO:root:[421,   116] grad_stats: [1.70e-04 1.12e-04] (5.70e-05, 2.40e-03)
INFO:root:[421,   232] loss: 5.502066e-03 masks: 21.6 17.4 [wd: 3.78e-01] [lr: 7.20e-05] [mem: 5.66e+03] (173.1 ms)
INFO:root:[421,   232] grad_stats: [1.01e-04 9.24e-05] (3.81e-05, 1.68e-03)
INFO:root:avg. loss 5.50206649e-03
INFO:root:time taken for epoch 0:00:53.793696
INFO:root:Epoch 422
INFO:root:[422,     0] loss: 5.445282e-03 masks: 27.0 16.0 [wd: 3.78e-01] [lr: 7.19e-05] [mem: 5.66e+03] (185.0 ms)
INFO:root:[422,     0] grad_stats: [1.56e-04 1.02e-04] (4.46e-05, 2.51e-03)
INFO:root:[422,   116] loss: 5.434765e-03 masks: 21.6 17.7 [wd: 3.79e-01] [lr: 7.11e-05] [mem: 5.66e+03] (173.2 ms)
INFO:root:[422,   116] grad_stats: [1.77e-04 8.17e-05] (4.49e-05, 3.12e-03)
INFO:root:[422,   232] loss: 5.423595e-03 masks: 21.5 17.7 [wd: 3.79e-01] [lr: 7.02e-05] [mem: 5.66e+03] (173.3 ms)
INFO:root:[422,   232] grad_stats: [1.26e-04 8.36e-05] (4.92e-05, 2.04e-03)
INFO:root:avg. loss 5.42359457e-03
INFO:root:time taken for epoch 0:00:53.846296
INFO:root:Epoch 423
INFO:root:[423,     0] loss: 4.979968e-03 masks: 19.0 20.0 [wd: 3.79e-01] [lr: 7.02e-05] [mem: 5.66e+03] (170.0 ms)
INFO:root:[423,     0] grad_stats: [7.81e-05 9.43e-05] (3.89e-05, 1.19e-03)
INFO:root:[423,   116] loss: 5.571849e-03 masks: 22.0 17.0 [wd: 3.79e-01] [lr: 6.93e-05] [mem: 5.66e+03] (173.3 ms)
INFO:root:[423,   116] grad_stats: [8.64e-05 1.02e-04] (4.86e-05, 2.04e-03)
INFO:root:[423,   232] loss: 5.567451e-03 masks: 22.1 17.1 [wd: 3.79e-01] [lr: 6.85e-05] [mem: 5.66e+03] (174.3 ms)
INFO:root:[423,   232] grad_stats: [2.07e-04 8.09e-05] (4.45e-05, 2.80e-03)
INFO:root:avg. loss 5.56745075e-03
INFO:root:time taken for epoch 0:00:54.108543
INFO:root:Epoch 424
INFO:root:[424,     0] loss: 5.392151e-03 masks: 24.0 16.0 [wd: 3.79e-01] [lr: 6.85e-05] [mem: 5.66e+03] (176.5 ms)
INFO:root:[424,     0] grad_stats: [1.60e-04 8.81e-05] (4.75e-05, 2.97e-03)
INFO:root:[424,   116] loss: 5.551414e-03 masks: 22.9 16.9 [wd: 3.80e-01] [lr: 6.76e-05] [mem: 5.66e+03] (175.8 ms)
INFO:root:[424,   116] grad_stats: [8.45e-05 9.47e-05] (4.70e-05, 1.40e-03)
INFO:root:[424,   232] loss: 5.511821e-03 masks: 22.3 17.2 [wd: 3.80e-01] [lr: 6.68e-05] [mem: 5.66e+03] (175.0 ms)
INFO:root:[424,   232] grad_stats: [1.05e-04 9.85e-05] (4.31e-05, 2.70e-03)
INFO:root:avg. loss 5.51182058e-03
INFO:root:time taken for epoch 0:00:54.274455
INFO:root:Epoch 425
INFO:root:[425,     0] loss: 4.643867e-03 masks: 20.0 20.0 [wd: 3.80e-01] [lr: 6.68e-05] [mem: 5.66e+03] (170.7 ms)
INFO:root:[425,     0] grad_stats: [8.12e-05 7.02e-05] (3.52e-05, 2.06e-03)
INFO:root:[425,   116] loss: 5.522783e-03 masks: 21.7 17.3 [wd: 3.80e-01] [lr: 6.59e-05] [mem: 5.66e+03] (172.9 ms)
INFO:root:[425,   116] grad_stats: [7.18e-05 8.00e-05] (4.44e-05, 1.67e-03)
INFO:root:[425,   232] loss: 5.564567e-03 masks: 21.9 17.2 [wd: 3.80e-01] [lr: 6.51e-05] [mem: 5.66e+03] (173.7 ms)
INFO:root:[425,   232] grad_stats: [1.01e-04 1.30e-04] (5.50e-05, 2.49e-03)
INFO:root:avg. loss 5.56456695e-03
INFO:root:time taken for epoch 0:00:53.924491
INFO:root:Epoch 426
INFO:root:[426,     0] loss: 5.691913e-03 masks: 24.0 16.0 [wd: 3.80e-01] [lr: 6.51e-05] [mem: 5.66e+03] (177.2 ms)
INFO:root:[426,     0] grad_stats: [2.16e-04 1.04e-04] (4.83e-05, 2.99e-03)
INFO:root:[426,   116] loss: 5.550271e-03 masks: 22.4 17.2 [wd: 3.81e-01] [lr: 6.43e-05] [mem: 5.66e+03] (174.8 ms)
INFO:root:[426,   116] grad_stats: [9.14e-05 6.76e-05] (3.18e-05, 1.08e-03)
INFO:root:[426,   232] loss: 5.543058e-03 masks: 21.9 17.3 [wd: 3.81e-01] [lr: 6.34e-05] [mem: 5.66e+03] (173.9 ms)
INFO:root:[426,   232] grad_stats: [7.95e-05 9.36e-05] (4.44e-05, 1.39e-03)
INFO:root:avg. loss 5.54305808e-03
INFO:root:time taken for epoch 0:00:54.014888
INFO:root:Epoch 427
INFO:root:[427,     0] loss: 4.625353e-03 masks: 20.0 20.0 [wd: 3.81e-01] [lr: 6.34e-05] [mem: 5.66e+03] (170.9 ms)
INFO:root:[427,     0] grad_stats: [1.36e-04 7.34e-05] (3.71e-05, 1.55e-03)
INFO:root:[427,   116] loss: 5.584106e-03 masks: 21.6 17.1 [wd: 3.81e-01] [lr: 6.26e-05] [mem: 5.66e+03] (172.2 ms)
INFO:root:[427,   116] grad_stats: [9.84e-05 7.61e-05] (3.92e-05, 1.95e-03)
INFO:root:[427,   232] loss: 5.526405e-03 masks: 21.6 17.3 [wd: 3.81e-01] [lr: 6.18e-05] [mem: 5.66e+03] (172.9 ms)
INFO:root:[427,   232] grad_stats: [1.99e-04 1.13e-04] (5.36e-05, 5.70e-03)
INFO:root:avg. loss 5.52640492e-03
INFO:root:time taken for epoch 0:00:53.777029
INFO:root:Epoch 428
INFO:root:[428,     0] loss: 5.526803e-03 masks: 12.0 20.0 [wd: 3.81e-01] [lr: 6.18e-05] [mem: 5.66e+03] (148.6 ms)
INFO:root:[428,     0] grad_stats: [1.89e-04 1.49e-04] (6.45e-05, 2.97e-03)
INFO:root:[428,   116] loss: 5.576966e-03 masks: 21.8 17.2 [wd: 3.82e-01] [lr: 6.10e-05] [mem: 5.66e+03] (172.9 ms)
INFO:root:[428,   116] grad_stats: [1.48e-04 1.27e-04] (5.51e-05, 3.08e-03)
INFO:root:[428,   232] loss: 5.486640e-03 masks: 21.2 17.7 [wd: 3.82e-01] [lr: 6.02e-05] [mem: 5.66e+03] (172.4 ms)
INFO:root:[428,   232] grad_stats: [7.42e-05 9.13e-05] (3.98e-05, 3.17e-03)
INFO:root:avg. loss 5.48663975e-03
INFO:root:time taken for epoch 0:00:53.642255
INFO:root:Epoch 429
INFO:root:[429,     0] loss: 6.382219e-03 masks: 33.0 12.0 [wd: 3.82e-01] [lr: 6.02e-05] [mem: 5.66e+03] (194.4 ms)
INFO:root:[429,     0] grad_stats: [1.92e-04 1.08e-04] (5.70e-05, 2.75e-03)
INFO:root:[429,   116] loss: 5.580237e-03 masks: 22.7 17.0 [wd: 3.82e-01] [lr: 5.94e-05] [mem: 5.66e+03] (175.0 ms)
INFO:root:[429,   116] grad_stats: [1.59e-04 1.22e-04] (5.36e-05, 2.03e-03)
INFO:root:[429,   232] loss: 5.563037e-03 masks: 23.2 16.8 [wd: 3.82e-01] [lr: 5.86e-05] [mem: 5.66e+03] (176.7 ms)
INFO:root:[429,   232] grad_stats: [1.16e-04 1.20e-04] (4.43e-05, 1.68e-03)
INFO:root:avg. loss 5.56303736e-03
INFO:root:time taken for epoch 0:00:54.654622
INFO:root:Epoch 430
INFO:root:[430,     0] loss: 5.678390e-03 masks: 20.0 16.0 [wd: 3.82e-01] [lr: 5.86e-05] [mem: 5.66e+03] (165.1 ms)
INFO:root:[430,     0] grad_stats: [1.63e-04 1.02e-04] (5.34e-05, 2.05e-03)
INFO:root:[430,   116] loss: 5.488822e-03 masks: 21.1 17.6 [wd: 3.83e-01] [lr: 5.78e-05] [mem: 5.66e+03] (171.7 ms)
INFO:root:[430,   116] grad_stats: [1.58e-04 9.30e-05] (4.11e-05, 1.96e-03)
INFO:root:[430,   232] loss: 5.509056e-03 masks: 21.5 17.4 [wd: 3.83e-01] [lr: 5.70e-05] [mem: 5.66e+03] (172.9 ms)
INFO:root:[430,   232] grad_stats: [7.78e-05 7.07e-05] (3.64e-05, 1.54e-03)
INFO:root:avg. loss 5.50905645e-03
INFO:root:time taken for epoch 0:00:53.727595
INFO:root:Epoch 431
INFO:root:[431,     0] loss: 5.658840e-03 masks: 26.0 16.0 [wd: 3.83e-01] [lr: 5.70e-05] [mem: 5.66e+03] (183.8 ms)
INFO:root:[431,     0] grad_stats: [2.09e-04 1.10e-04] (4.58e-05, 3.80e-03)
INFO:root:[431,   116] loss: 5.504414e-03 masks: 22.7 17.1 [wd: 3.83e-01] [lr: 5.62e-05] [mem: 5.66e+03] (175.7 ms)
INFO:root:[431,   116] grad_stats: [1.70e-04 1.06e-04] (5.26e-05, 1.73e-03)
INFO:root:[431,   232] loss: 5.559721e-03 masks: 22.5 17.1 [wd: 3.83e-01] [lr: 5.54e-05] [mem: 5.66e+03] (175.4 ms)
INFO:root:[431,   232] grad_stats: [1.62e-04 1.16e-04] (5.18e-05, 2.13e-03)
INFO:root:avg. loss 5.55972100e-03
INFO:root:time taken for epoch 0:00:54.337361
INFO:root:Epoch 432
INFO:root:[432,     0] loss: 6.255876e-03 masks: 8.0 20.0 [wd: 3.83e-01] [lr: 5.54e-05] [mem: 5.66e+03] (139.8 ms)
INFO:root:[432,     0] grad_stats: [2.25e-04 1.92e-04] (6.30e-05, 1.98e-03)
INFO:root:[432,   116] loss: 5.554395e-03 masks: 22.4 17.1 [wd: 3.84e-01] [lr: 5.47e-05] [mem: 5.66e+03] (174.6 ms)
INFO:root:[432,   116] grad_stats: [1.46e-04 1.21e-04] (5.53e-05, 3.01e-03)
INFO:root:[432,   232] loss: 5.547514e-03 masks: 22.2 17.1 [wd: 3.84e-01] [lr: 5.39e-05] [mem: 5.66e+03] (174.4 ms)
INFO:root:[432,   232] grad_stats: [8.44e-05 1.15e-04] (4.89e-05, 2.56e-03)
INFO:root:avg. loss 5.54751398e-03
INFO:root:time taken for epoch 0:00:54.166556
INFO:root:Epoch 433
INFO:root:[433,     0] loss: 4.915679e-03 masks: 25.0 16.0 [wd: 3.84e-01] [lr: 5.39e-05] [mem: 5.66e+03] (177.5 ms)
INFO:root:[433,     0] grad_stats: [9.64e-05 9.69e-05] (5.37e-05, 1.96e-03)
INFO:root:[433,   116] loss: 5.557230e-03 masks: 21.1 17.5 [wd: 3.84e-01] [lr: 5.31e-05] [mem: 5.66e+03] (171.3 ms)
INFO:root:[433,   116] grad_stats: [1.74e-04 8.17e-05] (4.29e-05, 2.44e-03)
INFO:root:[433,   232] loss: 5.553350e-03 masks: 21.6 17.3 [wd: 3.84e-01] [lr: 5.24e-05] [mem: 5.66e+03] (173.0 ms)
INFO:root:[433,   232] grad_stats: [1.17e-04 8.42e-05] (4.42e-05, 1.38e-03)
INFO:root:avg. loss 5.55334983e-03
INFO:root:time taken for epoch 0:00:53.823601
INFO:root:Epoch 434
INFO:root:[434,     0] loss: 5.643820e-03 masks: 23.0 16.0 [wd: 3.84e-01] [lr: 5.24e-05] [mem: 5.66e+03] (172.7 ms)
INFO:root:[434,     0] grad_stats: [1.07e-04 1.17e-04] (5.36e-05, 1.65e-03)
INFO:root:[434,   116] loss: 5.480013e-03 masks: 22.2 17.3 [wd: 3.85e-01] [lr: 5.16e-05] [mem: 5.66e+03] (174.2 ms)
INFO:root:[434,   116] grad_stats: [1.12e-04 8.71e-05] (4.00e-05, 2.03e-03)
INFO:root:[434,   232] loss: 5.527030e-03 masks: 22.2 17.2 [wd: 3.85e-01] [lr: 5.09e-05] [mem: 5.66e+03] (174.5 ms)
INFO:root:[434,   232] grad_stats: [9.20e-05 1.14e-04] (5.65e-05, 2.14e-03)
INFO:root:avg. loss 5.52703017e-03
INFO:root:time taken for epoch 0:00:54.098363
INFO:root:Epoch 435
INFO:root:[435,     0] loss: 5.152921e-03 masks: 22.0 20.0 [wd: 3.85e-01] [lr: 5.09e-05] [mem: 5.66e+03] (176.1 ms)
INFO:root:[435,     0] grad_stats: [1.32e-04 8.82e-05] (4.57e-05, 1.45e-03)
INFO:root:[435,   116] loss: 5.502517e-03 masks: 21.9 17.3 [wd: 3.85e-01] [lr: 5.01e-05] [mem: 5.66e+03] (173.3 ms)
INFO:root:[435,   116] grad_stats: [1.49e-04 1.65e-04] (6.50e-05, 2.46e-03)
INFO:root:[435,   232] loss: 5.527735e-03 masks: 22.1 17.2 [wd: 3.85e-01] [lr: 4.94e-05] [mem: 5.66e+03] (174.5 ms)
INFO:root:[435,   232] grad_stats: [2.27e-04 1.12e-04] (5.70e-05, 2.97e-03)
INFO:root:avg. loss 5.52773529e-03
INFO:root:time taken for epoch 0:00:54.152480
INFO:root:Epoch 436
INFO:root:[436,     0] loss: 5.047775e-03 masks: 20.0 20.0 [wd: 3.85e-01] [lr: 4.94e-05] [mem: 5.66e+03] (170.1 ms)
INFO:root:[436,     0] grad_stats: [9.21e-05 9.90e-05] (4.37e-05, 1.34e-03)
INFO:root:[436,   116] loss: 5.579383e-03 masks: 22.8 16.9 [wd: 3.85e-01] [lr: 4.87e-05] [mem: 5.66e+03] (175.4 ms)
INFO:root:[436,   116] grad_stats: [1.12e-04 1.13e-04] (5.88e-05, 1.40e-03)
INFO:root:[436,   232] loss: 5.560510e-03 masks: 22.2 17.2 [wd: 3.86e-01] [lr: 4.80e-05] [mem: 5.66e+03] (174.5 ms)
INFO:root:[436,   232] grad_stats: [8.96e-05 9.99e-05] (4.41e-05, 1.12e-03)
INFO:root:avg. loss 5.56050951e-03
INFO:root:time taken for epoch 0:00:54.029094
INFO:root:Epoch 437
INFO:root:[437,     0] loss: 6.654212e-03 masks: 17.0 16.0 [wd: 3.86e-01] [lr: 4.80e-05] [mem: 5.66e+03] (157.5 ms)
INFO:root:[437,     0] grad_stats: [2.81e-04 2.30e-04] (8.12e-05, 3.04e-03)
INFO:root:[437,   116] loss: 5.530968e-03 masks: 22.4 17.1 [wd: 3.86e-01] [lr: 4.72e-05] [mem: 5.66e+03] (174.7 ms)
INFO:root:[437,   116] grad_stats: [1.47e-04 9.40e-05] (4.86e-05, 1.96e-03)
INFO:root:[437,   232] loss: 5.544656e-03 masks: 22.2 17.2 [wd: 3.86e-01] [lr: 4.65e-05] [mem: 5.66e+03] (174.5 ms)
INFO:root:[437,   232] grad_stats: [9.56e-05 6.53e-05] (3.49e-05, 1.29e-03)
INFO:root:avg. loss 5.54465586e-03
INFO:root:time taken for epoch 0:00:54.226179
INFO:root:Epoch 438
INFO:root:[438,     0] loss: 4.952614e-03 masks: 25.0 16.0 [wd: 3.86e-01] [lr: 4.65e-05] [mem: 5.66e+03] (178.9 ms)
INFO:root:[438,     0] grad_stats: [1.05e-04 8.42e-05] (4.20e-05, 2.62e-03)
INFO:root:[438,   116] loss: 5.489487e-03 masks: 22.1 17.4 [wd: 3.86e-01] [lr: 4.58e-05] [mem: 5.66e+03] (173.9 ms)
INFO:root:[438,   116] grad_stats: [1.21e-04 9.00e-05] (4.23e-05, 1.33e-03)
INFO:root:[438,   232] loss: 5.507900e-03 masks: 21.8 17.4 [wd: 3.87e-01] [lr: 4.51e-05] [mem: 5.66e+03] (173.8 ms)
INFO:root:[438,   232] grad_stats: [1.54e-04 9.73e-05] (5.25e-05, 1.94e-03)
INFO:root:avg. loss 5.50789955e-03
INFO:root:time taken for epoch 0:00:53.982143
INFO:root:Epoch 439
INFO:root:[439,     0] loss: 5.377247e-03 masks: 22.0 16.0 [wd: 3.87e-01] [lr: 4.51e-05] [mem: 5.66e+03] (170.4 ms)
INFO:root:[439,     0] grad_stats: [1.23e-04 1.10e-04] (5.49e-05, 1.79e-03)
INFO:root:[439,   116] loss: 5.435321e-03 masks: 21.8 17.4 [wd: 3.87e-01] [lr: 4.44e-05] [mem: 5.66e+03] (173.2 ms)
INFO:root:[439,   116] grad_stats: [2.06e-04 1.62e-04] (6.49e-05, 2.18e-03)
INFO:root:[439,   232] loss: 5.468188e-03 masks: 21.9 17.4 [wd: 3.87e-01] [lr: 4.37e-05] [mem: 5.66e+03] (173.9 ms)
INFO:root:[439,   232] grad_stats: [9.98e-05 1.36e-04] (5.90e-05, 2.36e-03)
INFO:root:avg. loss 5.46818788e-03
INFO:root:time taken for epoch 0:00:54.017933
INFO:root:Epoch 440
INFO:root:[440,     0] loss: 5.069949e-03 masks: 15.0 20.0 [wd: 3.87e-01] [lr: 4.37e-05] [mem: 5.66e+03] (156.2 ms)
INFO:root:[440,     0] grad_stats: [9.89e-05 1.03e-04] (5.37e-05, 2.30e-03)
INFO:root:[440,   116] loss: 5.417665e-03 masks: 22.2 17.4 [wd: 3.87e-01] [lr: 4.30e-05] [mem: 5.66e+03] (174.2 ms)
INFO:root:[440,   116] grad_stats: [1.14e-04 6.63e-05] (4.50e-05, 1.51e-03)
INFO:root:[440,   232] loss: 5.474384e-03 masks: 21.9 17.4 [wd: 3.87e-01] [lr: 4.24e-05] [mem: 5.66e+03] (174.0 ms)
INFO:root:[440,   232] grad_stats: [9.34e-05 9.59e-05] (5.03e-05, 1.98e-03)
INFO:root:avg. loss 5.47438377e-03
INFO:root:time taken for epoch 0:00:54.064248
INFO:root:Epoch 441
INFO:root:[441,     0] loss: 5.091127e-03 masks: 17.0 20.0 [wd: 3.87e-01] [lr: 4.23e-05] [mem: 5.66e+03] (161.3 ms)
INFO:root:[441,     0] grad_stats: [9.63e-05 9.80e-05] (4.76e-05, 2.15e-03)
INFO:root:[441,   116] loss: 5.479152e-03 masks: 22.2 17.2 [wd: 3.88e-01] [lr: 4.17e-05] [mem: 5.66e+03] (174.1 ms)
INFO:root:[441,   116] grad_stats: [1.56e-04 8.72e-05] (4.73e-05, 1.60e-03)
INFO:root:[441,   232] loss: 5.501690e-03 masks: 22.1 17.3 [wd: 3.88e-01] [lr: 4.10e-05] [mem: 5.66e+03] (174.4 ms)
INFO:root:[441,   232] grad_stats: [2.34e-04 1.05e-04] (5.85e-05, 2.47e-03)
INFO:root:avg. loss 5.50168973e-03
INFO:root:time taken for epoch 0:00:54.160567
INFO:root:Epoch 442
INFO:root:[442,     0] loss: 5.323607e-03 masks: 27.0 16.0 [wd: 3.88e-01] [lr: 4.10e-05] [mem: 5.66e+03] (186.4 ms)
INFO:root:[442,     0] grad_stats: [8.39e-05 8.12e-05] (4.61e-05, 2.15e-03)
INFO:root:[442,   116] loss: 5.508614e-03 masks: 21.7 17.4 [wd: 3.88e-01] [lr: 4.03e-05] [mem: 5.66e+03] (172.8 ms)
INFO:root:[442,   116] grad_stats: [7.63e-05 1.36e-04] (4.89e-05, 2.70e-03)
INFO:root:[442,   232] loss: 5.497681e-03 masks: 21.7 17.4 [wd: 3.88e-01] [lr: 3.97e-05] [mem: 5.66e+03] (173.3 ms)
INFO:root:[442,   232] grad_stats: [1.52e-04 1.21e-04] (5.20e-05, 2.61e-03)
INFO:root:avg. loss 5.49768117e-03
INFO:root:time taken for epoch 0:00:53.738634
INFO:root:Epoch 443
INFO:root:[443,     0] loss: 6.664693e-03 masks: 17.0 16.0 [wd: 3.88e-01] [lr: 3.97e-05] [mem: 5.66e+03] (156.9 ms)
INFO:root:[443,     0] grad_stats: [2.92e-04 1.44e-04] (6.87e-05, 2.41e-03)
INFO:root:[443,   116] loss: 5.516922e-03 masks: 22.3 17.2 [wd: 3.88e-01] [lr: 3.90e-05] [mem: 5.66e+03] (174.3 ms)
INFO:root:[443,   116] grad_stats: [1.80e-04 1.37e-04] (6.34e-05, 2.22e-03)
INFO:root:[443,   232] loss: 5.525376e-03 masks: 21.6 17.3 [wd: 3.89e-01] [lr: 3.84e-05] [mem: 5.66e+03] (173.1 ms)
INFO:root:[443,   232] grad_stats: [1.26e-04 1.08e-04] (4.95e-05, 1.39e-03)
INFO:root:avg. loss 5.52537610e-03
INFO:root:time taken for epoch 0:00:53.863373
INFO:root:Epoch 444
INFO:root:[444,     0] loss: 5.847753e-03 masks: 24.0 16.0 [wd: 3.89e-01] [lr: 3.84e-05] [mem: 5.66e+03] (176.5 ms)
INFO:root:[444,     0] grad_stats: [1.45e-04 1.40e-04] (5.80e-05, 1.79e-03)
INFO:root:[444,   116] loss: 5.551697e-03 masks: 21.3 17.3 [wd: 3.89e-01] [lr: 3.77e-05] [mem: 5.66e+03] (171.9 ms)
INFO:root:[444,   116] grad_stats: [8.96e-05 1.21e-04] (5.11e-05, 1.32e-03)
INFO:root:[444,   232] loss: 5.540146e-03 masks: 21.6 17.3 [wd: 3.89e-01] [lr: 3.71e-05] [mem: 5.66e+03] (173.0 ms)
INFO:root:[444,   232] grad_stats: [1.37e-04 8.98e-05] (5.29e-05, 1.60e-03)
INFO:root:avg. loss 5.54014645e-03
INFO:root:time taken for epoch 0:00:53.815888
INFO:root:Epoch 445
INFO:root:[445,     0] loss: 6.498599e-03 masks: 35.0 12.0 [wd: 3.89e-01] [lr: 3.71e-05] [mem: 5.66e+03] (199.9 ms)
INFO:root:[445,     0] grad_stats: [1.07e-04 1.01e-04] (6.37e-05, 2.90e-03)
INFO:root:[445,   116] loss: 5.533513e-03 masks: 21.7 17.3 [wd: 3.89e-01] [lr: 3.65e-05] [mem: 5.66e+03] (172.7 ms)
INFO:root:[445,   116] grad_stats: [1.42e-04 1.15e-04] (5.53e-05, 2.40e-03)
INFO:root:[445,   232] loss: 5.508992e-03 masks: 21.3 17.4 [wd: 3.89e-01] [lr: 3.58e-05] [mem: 5.66e+03] (172.2 ms)
INFO:root:[445,   232] grad_stats: [1.09e-04 1.09e-04] (5.14e-05, 1.82e-03)
INFO:root:avg. loss 5.50899238e-03
INFO:root:time taken for epoch 0:00:53.640582
INFO:root:Epoch 446
INFO:root:[446,     0] loss: 4.353412e-03 masks: 20.0 20.0 [wd: 3.89e-01] [lr: 3.58e-05] [mem: 5.66e+03] (170.9 ms)
INFO:root:[446,     0] grad_stats: [9.36e-05 9.19e-05] (5.01e-05, 2.85e-03)
INFO:root:[446,   116] loss: 5.433382e-03 masks: 21.7 17.7 [wd: 3.90e-01] [lr: 3.52e-05] [mem: 5.66e+03] (173.4 ms)
INFO:root:[446,   116] grad_stats: [1.52e-04 1.03e-04] (6.19e-05, 1.41e-03)
INFO:root:[446,   232] loss: 5.400916e-03 masks: 21.5 17.7 [wd: 3.90e-01] [lr: 3.46e-05] [mem: 5.66e+03] (173.3 ms)
INFO:root:[446,   232] grad_stats: [1.14e-04 1.03e-04] (5.13e-05, 1.75e-03)
INFO:root:avg. loss 5.40091554e-03
INFO:root:time taken for epoch 0:00:53.901150
INFO:root:Epoch 447
INFO:root:[447,     0] loss: 4.894283e-03 masks: 17.0 20.0 [wd: 3.90e-01] [lr: 3.46e-05] [mem: 5.66e+03] (160.0 ms)
INFO:root:[447,     0] grad_stats: [9.24e-05 9.96e-05] (4.46e-05, 1.47e-03)
INFO:root:[447,   116] loss: 5.559761e-03 masks: 22.0 17.3 [wd: 3.90e-01] [lr: 3.40e-05] [mem: 5.66e+03] (173.4 ms)
INFO:root:[447,   116] grad_stats: [8.63e-05 1.06e-04] (4.93e-05, 3.08e-03)
INFO:root:[447,   232] loss: 5.479509e-03 masks: 21.7 17.5 [wd: 3.90e-01] [lr: 3.34e-05] [mem: 5.66e+03] (173.9 ms)
INFO:root:[447,   232] grad_stats: [1.08e-04 1.33e-04] (5.70e-05, 1.57e-03)
INFO:root:avg. loss 5.47950861e-03
INFO:root:time taken for epoch 0:00:54.082894
INFO:root:Epoch 448
INFO:root:[448,     0] loss: 4.874217e-03 masks: 19.0 20.0 [wd: 3.90e-01] [lr: 3.34e-05] [mem: 5.66e+03] (168.3 ms)
INFO:root:[448,     0] grad_stats: [1.76e-04 1.50e-04] (6.97e-05, 1.83e-03)
INFO:root:[448,   116] loss: 5.425011e-03 masks: 22.2 17.3 [wd: 3.90e-01] [lr: 3.28e-05] [mem: 5.66e+03] (174.3 ms)
INFO:root:[448,   116] grad_stats: [1.05e-04 8.67e-05] (4.63e-05, 1.20e-03)
INFO:root:[448,   232] loss: 5.517173e-03 masks: 22.6 17.1 [wd: 3.90e-01] [lr: 3.22e-05] [mem: 5.66e+03] (175.4 ms)
INFO:root:[448,   232] grad_stats: [2.09e-04 1.26e-04] (6.60e-05, 2.19e-03)
INFO:root:avg. loss 5.51717259e-03
INFO:root:time taken for epoch 0:00:54.442572
INFO:root:Epoch 449
INFO:root:[449,     0] loss: 5.226701e-03 masks: 23.0 16.0 [wd: 3.90e-01] [lr: 3.22e-05] [mem: 5.66e+03] (169.7 ms)
INFO:root:[449,     0] grad_stats: [1.26e-04 1.18e-04] (6.10e-05, 2.40e-03)
INFO:root:[449,   116] loss: 5.565637e-03 masks: 23.0 16.9 [wd: 3.91e-01] [lr: 3.16e-05] [mem: 5.66e+03] (175.8 ms)
INFO:root:[449,   116] grad_stats: [8.35e-05 9.79e-05] (5.61e-05, 1.55e-03)
INFO:root:[449,   232] loss: 5.536199e-03 masks: 22.4 17.2 [wd: 3.91e-01] [lr: 3.10e-05] [mem: 5.66e+03] (174.9 ms)
INFO:root:[449,   232] grad_stats: [9.38e-05 9.28e-05] (4.66e-05, 1.49e-03)
INFO:root:avg. loss 5.53619946e-03
INFO:root:time taken for epoch 0:00:54.214439
INFO:root:Epoch 450
INFO:root:[450,     0] loss: 5.539854e-03 masks: 18.0 20.0 [wd: 3.91e-01] [lr: 3.10e-05] [mem: 5.66e+03] (165.5 ms)
INFO:root:[450,     0] grad_stats: [1.56e-04 1.10e-04] (5.59e-05, 2.61e-03)
INFO:root:[450,   116] loss: 5.509165e-03 masks: 22.1 17.2 [wd: 3.91e-01] [lr: 3.04e-05] [mem: 5.66e+03] (173.7 ms)
INFO:root:[450,   116] grad_stats: [1.08e-04 1.41e-04] (5.89e-05, 1.64e-03)
INFO:root:[450,   232] loss: 5.485391e-03 masks: 22.1 17.2 [wd: 3.91e-01] [lr: 2.98e-05] [mem: 5.66e+03] (174.3 ms)
INFO:root:[450,   232] grad_stats: [7.70e-05 8.53e-05] (4.47e-05, 1.94e-03)
INFO:root:avg. loss 5.48539057e-03
INFO:root:time taken for epoch 0:00:54.056284
INFO:root:Epoch 451
INFO:root:[451,     0] loss: 4.499534e-03 masks: 21.0 20.0 [wd: 3.91e-01] [lr: 2.98e-05] [mem: 5.66e+03] (172.8 ms)
INFO:root:[451,     0] grad_stats: [1.37e-04 9.89e-05] (4.81e-05, 1.38e-03)
INFO:root:[451,   116] loss: 5.518937e-03 masks: 22.9 17.0 [wd: 3.91e-01] [lr: 2.93e-05] [mem: 5.66e+03] (176.0 ms)
INFO:root:[451,   116] grad_stats: [1.01e-04 9.77e-05] (4.71e-05, 1.95e-03)
INFO:root:[451,   232] loss: 5.500503e-03 masks: 22.4 17.2 [wd: 3.92e-01] [lr: 2.87e-05] [mem: 5.66e+03] (175.1 ms)
INFO:root:[451,   232] grad_stats: [8.86e-05 9.34e-05] (5.37e-05, 1.98e-03)
INFO:root:avg. loss 5.50050309e-03
INFO:root:time taken for epoch 0:00:54.235142
INFO:root:Epoch 452
INFO:root:[452,     0] loss: 5.224829e-03 masks: 14.0 20.0 [wd: 3.92e-01] [lr: 2.87e-05] [mem: 5.66e+03] (156.3 ms)
INFO:root:[452,     0] grad_stats: [1.80e-04 1.21e-04] (6.34e-05, 2.45e-03)
INFO:root:[452,   116] loss: 5.482594e-03 masks: 21.6 17.3 [wd: 3.92e-01] [lr: 2.81e-05] [mem: 5.66e+03] (172.6 ms)
INFO:root:[452,   116] grad_stats: [1.51e-04 1.11e-04] (6.09e-05, 1.94e-03)
INFO:root:[452,   232] loss: 5.516653e-03 masks: 22.4 17.1 [wd: 3.92e-01] [lr: 2.76e-05] [mem: 5.66e+03] (174.8 ms)
INFO:root:[452,   232] grad_stats: [7.99e-05 1.09e-04] (5.04e-05, 1.42e-03)
INFO:root:avg. loss 5.51665327e-03
INFO:root:time taken for epoch 0:00:54.183759
INFO:root:Epoch 453
INFO:root:[453,     0] loss: 4.949695e-03 masks: 28.0 16.0 [wd: 3.92e-01] [lr: 2.76e-05] [mem: 5.66e+03] (188.3 ms)
INFO:root:[453,     0] grad_stats: [1.26e-04 1.11e-04] (5.13e-05, 1.83e-03)
INFO:root:[453,   116] loss: 5.465584e-03 masks: 21.5 17.5 [wd: 3.92e-01] [lr: 2.71e-05] [mem: 5.66e+03] (172.5 ms)
INFO:root:[453,   116] grad_stats: [9.86e-05 8.36e-05] (4.54e-05, 1.36e-03)
INFO:root:[453,   232] loss: 5.471119e-03 masks: 21.3 17.4 [wd: 3.92e-01] [lr: 2.65e-05] [mem: 5.66e+03] (172.5 ms)
INFO:root:[453,   232] grad_stats: [1.64e-04 1.20e-04] (5.64e-05, 3.14e-03)
INFO:root:avg. loss 5.47111908e-03
INFO:root:time taken for epoch 0:00:53.624732
INFO:root:Epoch 454
INFO:root:[454,     0] loss: 5.140567e-03 masks: 17.0 20.0 [wd: 3.92e-01] [lr: 2.65e-05] [mem: 5.66e+03] (161.7 ms)
INFO:root:[454,     0] grad_stats: [1.04e-04 8.24e-05] (4.70e-05, 1.64e-03)
INFO:root:[454,   116] loss: 5.452608e-03 masks: 21.2 17.6 [wd: 3.92e-01] [lr: 2.60e-05] [mem: 5.66e+03] (171.9 ms)
INFO:root:[454,   116] grad_stats: [9.77e-05 1.32e-04] (6.82e-05, 1.90e-03)
INFO:root:[454,   232] loss: 5.483977e-03 masks: 21.4 17.4 [wd: 3.93e-01] [lr: 2.54e-05] [mem: 5.66e+03] (172.6 ms)
INFO:root:[454,   232] grad_stats: [1.02e-04 1.22e-04] (5.72e-05, 2.31e-03)
INFO:root:avg. loss 5.48397690e-03
INFO:root:time taken for epoch 0:00:53.687286
INFO:root:Epoch 455
INFO:root:[455,     0] loss: 4.272375e-03 masks: 21.0 20.0 [wd: 3.93e-01] [lr: 2.54e-05] [mem: 5.66e+03] (173.1 ms)
INFO:root:[455,     0] grad_stats: [8.52e-05 9.47e-05] (4.33e-05, 2.43e-03)
INFO:root:[455,   116] loss: 5.514996e-03 masks: 22.1 17.2 [wd: 3.93e-01] [lr: 2.49e-05] [mem: 5.66e+03] (173.8 ms)
INFO:root:[455,   116] grad_stats: [1.62e-04 1.73e-04] (1.12e-04, 2.78e-03)
INFO:root:[455,   232] loss: 5.495727e-03 masks: 22.1 17.3 [wd: 3.93e-01] [lr: 2.44e-05] [mem: 5.66e+03] (174.3 ms)
INFO:root:[455,   232] grad_stats: [1.52e-04 1.32e-04] (7.23e-05, 2.33e-03)
INFO:root:avg. loss 5.49572710e-03
INFO:root:time taken for epoch 0:00:53.921959
INFO:root:Epoch 456
INFO:root:[456,     0] loss: 5.943487e-03 masks: 37.0 12.0 [wd: 3.93e-01] [lr: 2.44e-05] [mem: 5.66e+03] (206.1 ms)
INFO:root:[456,     0] grad_stats: [1.54e-04 1.18e-04] (6.46e-05, 2.30e-03)
INFO:root:[456,   116] loss: 5.459263e-03 masks: 22.4 17.2 [wd: 3.93e-01] [lr: 2.39e-05] [mem: 5.66e+03] (174.6 ms)
INFO:root:[456,   116] grad_stats: [1.05e-04 1.21e-04] (6.87e-05, 6.23e-03)
INFO:root:[456,   232] loss: 5.504601e-03 masks: 22.2 17.2 [wd: 3.93e-01] [lr: 2.34e-05] [mem: 5.66e+03] (174.6 ms)
INFO:root:[456,   232] grad_stats: [1.29e-04 8.21e-05] (4.44e-05, 1.73e-03)
INFO:root:avg. loss 5.50460109e-03
INFO:root:time taken for epoch 0:00:54.173500
INFO:root:Epoch 457
INFO:root:[457,     0] loss: 4.562288e-03 masks: 22.0 20.0 [wd: 3.93e-01] [lr: 2.34e-05] [mem: 5.66e+03] (177.2 ms)
INFO:root:[457,     0] grad_stats: [9.78e-05 8.45e-05] (4.51e-05, 1.67e-03)
INFO:root:[457,   116] loss: 5.518571e-03 masks: 21.9 17.2 [wd: 3.93e-01] [lr: 2.29e-05] [mem: 5.66e+03] (173.1 ms)
INFO:root:[457,   116] grad_stats: [1.83e-04 1.25e-04] (5.72e-05, 2.21e-03)
INFO:root:[457,   232] loss: 5.430742e-03 masks: 21.6 17.5 [wd: 3.93e-01] [lr: 2.24e-05] [mem: 5.66e+03] (173.3 ms)
INFO:root:[457,   232] grad_stats: [1.07e-04 1.04e-04] (6.00e-05, 1.69e-03)
INFO:root:avg. loss 5.43074203e-03
INFO:root:time taken for epoch 0:00:53.865049
INFO:root:Epoch 458
INFO:root:[458,     0] loss: 4.539936e-03 masks: 20.0 20.0 [wd: 3.93e-01] [lr: 2.24e-05] [mem: 5.66e+03] (170.4 ms)
INFO:root:[458,     0] grad_stats: [8.67e-05 9.56e-05] (4.99e-05, 2.00e-03)
INFO:root:[458,   116] loss: 5.509235e-03 masks: 21.8 17.5 [wd: 3.94e-01] [lr: 2.19e-05] [mem: 5.66e+03] (173.3 ms)
INFO:root:[458,   116] grad_stats: [1.53e-04 1.16e-04] (5.88e-05, 2.00e-03)
INFO:root:[458,   232] loss: 5.511061e-03 masks: 22.1 17.2 [wd: 3.94e-01] [lr: 2.14e-05] [mem: 5.66e+03] (174.3 ms)
INFO:root:[458,   232] grad_stats: [1.03e-04 1.04e-04] (5.30e-05, 3.86e-03)
INFO:root:avg. loss 5.51106065e-03
INFO:root:time taken for epoch 0:00:54.046712
INFO:root:Epoch 459
INFO:root:[459,     0] loss: 5.427847e-03 masks: 29.0 16.0 [wd: 3.94e-01] [lr: 2.14e-05] [mem: 5.66e+03] (188.1 ms)
INFO:root:[459,     0] grad_stats: [1.48e-04 8.26e-05] (4.97e-05, 1.38e-03)
INFO:root:[459,   116] loss: 5.468032e-03 masks: 21.9 17.4 [wd: 3.94e-01] [lr: 2.09e-05] [mem: 5.66e+03] (173.3 ms)
INFO:root:[459,   116] grad_stats: [2.59e-04 1.48e-04] (6.07e-05, 2.28e-03)
INFO:root:[459,   232] loss: 5.467896e-03 masks: 21.9 17.4 [wd: 3.94e-01] [lr: 2.05e-05] [mem: 5.66e+03] (173.9 ms)
INFO:root:[459,   232] grad_stats: [1.08e-04 1.40e-04] (6.00e-05, 2.32e-03)
INFO:root:avg. loss 5.46789565e-03
INFO:root:time taken for epoch 0:00:53.863481
INFO:root:Epoch 460
INFO:root:[460,     0] loss: 5.696434e-03 masks: 22.0 16.0 [wd: 3.94e-01] [lr: 2.05e-05] [mem: 5.66e+03] (170.0 ms)
INFO:root:[460,     0] grad_stats: [1.15e-04 9.85e-05] (5.16e-05, 2.14e-03)
INFO:root:[460,   116] loss: 5.486793e-03 masks: 22.4 17.0 [wd: 3.94e-01] [lr: 2.00e-05] [mem: 5.66e+03] (174.4 ms)
INFO:root:[460,   116] grad_stats: [9.16e-05 9.93e-05] (5.02e-05, 2.62e-03)
INFO:root:[460,   232] loss: 5.446767e-03 masks: 22.1 17.3 [wd: 3.94e-01] [lr: 1.95e-05] [mem: 5.66e+03] (174.3 ms)
INFO:root:[460,   232] grad_stats: [7.01e-05 8.37e-05] (4.23e-05, 1.36e-03)
INFO:root:avg. loss 5.44676658e-03
INFO:root:time taken for epoch 0:00:54.100302
INFO:root:Epoch 461
INFO:root:[461,     0] loss: 5.284836e-03 masks: 15.0 20.0 [wd: 3.94e-01] [lr: 1.95e-05] [mem: 5.66e+03] (155.5 ms)
INFO:root:[461,     0] grad_stats: [1.58e-04 1.37e-04] (6.51e-05, 3.20e-03)
INFO:root:[461,   116] loss: 5.445040e-03 masks: 21.3 17.4 [wd: 3.94e-01] [lr: 1.91e-05] [mem: 5.66e+03] (172.1 ms)
INFO:root:[461,   116] grad_stats: [1.07e-04 1.23e-04] (5.52e-05, 2.80e-03)
INFO:root:[461,   232] loss: 5.472188e-03 masks: 21.9 17.2 [wd: 3.95e-01] [lr: 1.86e-05] [mem: 5.66e+03] (173.8 ms)
INFO:root:[461,   232] grad_stats: [1.51e-04 9.83e-05] (5.61e-05, 1.68e-03)
INFO:root:avg. loss 5.47218802e-03
INFO:root:time taken for epoch 0:00:53.916843
INFO:root:Epoch 462
INFO:root:[462,     0] loss: 6.341842e-03 masks: 33.0 12.0 [wd: 3.95e-01] [lr: 1.86e-05] [mem: 5.66e+03] (193.8 ms)
INFO:root:[462,     0] grad_stats: [1.28e-04 1.32e-04] (6.40e-05, 1.76e-03)
INFO:root:[462,   116] loss: 5.434662e-03 masks: 22.6 17.3 [wd: 3.95e-01] [lr: 1.82e-05] [mem: 5.66e+03] (175.3 ms)
INFO:root:[462,   116] grad_stats: [1.01e-04 1.30e-04] (6.01e-05, 2.05e-03)
INFO:root:[462,   232] loss: 5.492590e-03 masks: 22.3 17.1 [wd: 3.95e-01] [lr: 1.77e-05] [mem: 5.66e+03] (174.6 ms)
INFO:root:[462,   232] grad_stats: [1.02e-04 1.13e-04] (5.89e-05, 1.68e-03)
INFO:root:avg. loss 5.49259046e-03
INFO:root:time taken for epoch 0:00:54.307994
INFO:root:Epoch 463
INFO:root:[463,     0] loss: 5.845915e-03 masks: 21.0 16.0 [wd: 3.95e-01] [lr: 1.77e-05] [mem: 5.66e+03] (167.9 ms)
INFO:root:[463,     0] grad_stats: [1.18e-04 1.25e-04] (6.14e-05, 1.68e-03)
INFO:root:[463,   116] loss: 5.490181e-03 masks: 21.8 17.2 [wd: 3.95e-01] [lr: 1.73e-05] [mem: 5.66e+03] (173.1 ms)
INFO:root:[463,   116] grad_stats: [1.71e-04 1.16e-04] (6.02e-05, 2.12e-03)
INFO:root:[463,   232] loss: 5.488030e-03 masks: 21.9 17.2 [wd: 3.95e-01] [lr: 1.69e-05] [mem: 5.66e+03] (173.8 ms)
INFO:root:[463,   232] grad_stats: [1.00e-04 9.14e-05] (4.27e-05, 1.64e-03)
INFO:root:avg. loss 5.48803011e-03
INFO:root:time taken for epoch 0:00:53.960776
INFO:root:Epoch 464
INFO:root:[464,     0] loss: 5.847389e-03 masks: 35.0 12.0 [wd: 3.95e-01] [lr: 1.69e-05] [mem: 5.66e+03] (198.3 ms)
INFO:root:[464,     0] grad_stats: [1.20e-04 9.53e-05] (5.93e-05, 2.33e-03)
INFO:root:[464,   116] loss: 5.463102e-03 masks: 22.9 17.0 [wd: 3.95e-01] [lr: 1.64e-05] [mem: 5.66e+03] (175.6 ms)
INFO:root:[464,   116] grad_stats: [1.01e-04 1.19e-04] (6.08e-05, 1.69e-03)
INFO:root:[464,   232] loss: 5.486550e-03 masks: 22.4 17.1 [wd: 3.95e-01] [lr: 1.60e-05] [mem: 5.66e+03] (174.9 ms)
INFO:root:[464,   232] grad_stats: [9.40e-05 1.28e-04] (5.80e-05, 3.16e-03)
INFO:root:avg. loss 5.48654970e-03
INFO:root:time taken for epoch 0:00:54.220273
INFO:root:Epoch 465
INFO:root:[465,     0] loss: 5.130290e-03 masks: 26.0 16.0 [wd: 3.95e-01] [lr: 1.60e-05] [mem: 5.66e+03] (182.5 ms)
INFO:root:[465,     0] grad_stats: [9.29e-05 1.16e-04] (5.33e-05, 2.66e-03)
INFO:root:[465,   116] loss: 5.379713e-03 masks: 21.3 17.6 [wd: 3.96e-01] [lr: 1.56e-05] [mem: 5.66e+03] (172.2 ms)
INFO:root:[465,   116] grad_stats: [1.62e-04 1.36e-04] (6.69e-05, 2.46e-03)
INFO:root:[465,   232] loss: 5.409755e-03 masks: 21.5 17.5 [wd: 3.96e-01] [lr: 1.52e-05] [mem: 5.66e+03] (173.2 ms)
INFO:root:[465,   232] grad_stats: [8.44e-05 9.20e-05] (6.17e-05, 1.66e-03)
INFO:root:avg. loss 5.40975496e-03
INFO:root:time taken for epoch 0:00:53.855480
INFO:root:Epoch 466
INFO:root:[466,     0] loss: 6.429181e-03 masks: 33.0 12.0 [wd: 3.96e-01] [lr: 1.52e-05] [mem: 5.66e+03] (193.8 ms)
INFO:root:[466,     0] grad_stats: [1.08e-04 1.27e-04] (6.23e-05, 1.70e-03)
INFO:root:[466,   116] loss: 5.533289e-03 masks: 22.1 17.2 [wd: 3.96e-01] [lr: 1.48e-05] [mem: 5.66e+03] (173.7 ms)
INFO:root:[466,   116] grad_stats: [1.80e-04 1.02e-04] (5.46e-05, 1.85e-03)
INFO:root:[466,   232] loss: 5.451355e-03 masks: 21.7 17.5 [wd: 3.96e-01] [lr: 1.44e-05] [mem: 5.66e+03] (173.4 ms)
INFO:root:[466,   232] grad_stats: [7.59e-05 8.60e-05] (4.43e-05, 1.23e-03)
INFO:root:avg. loss 5.45135508e-03
INFO:root:time taken for epoch 0:00:53.831876
INFO:root:Epoch 467
INFO:root:[467,     0] loss: 4.977136e-03 masks: 17.0 20.0 [wd: 3.96e-01] [lr: 1.44e-05] [mem: 5.66e+03] (163.3 ms)
INFO:root:[467,     0] grad_stats: [1.03e-04 1.37e-04] (6.31e-05, 1.83e-03)
INFO:root:[467,   116] loss: 5.387157e-03 masks: 21.6 17.7 [wd: 3.96e-01] [lr: 1.40e-05] [mem: 5.66e+03] (173.2 ms)
INFO:root:[467,   116] grad_stats: [9.71e-05 1.19e-04] (5.64e-05, 2.31e-03)
INFO:root:[467,   232] loss: 5.420141e-03 masks: 22.0 17.4 [wd: 3.96e-01] [lr: 1.36e-05] [mem: 5.66e+03] (174.2 ms)
INFO:root:[467,   232] grad_stats: [1.78e-04 1.40e-04] (7.27e-05, 3.18e-03)
INFO:root:avg. loss 5.42014145e-03
INFO:root:time taken for epoch 0:00:54.059720
INFO:root:Epoch 468
INFO:root:[468,     0] loss: 5.484032e-03 masks: 27.0 16.0 [wd: 3.96e-01] [lr: 1.36e-05] [mem: 5.66e+03] (185.7 ms)
INFO:root:[468,     0] grad_stats: [8.46e-05 1.20e-04] (5.67e-05, 2.18e-03)
INFO:root:[468,   116] loss: 5.336644e-03 masks: 21.5 17.6 [wd: 3.96e-01] [lr: 1.33e-05] [mem: 5.66e+03] (172.9 ms)
INFO:root:[468,   116] grad_stats: [1.55e-04 1.24e-04] (6.64e-05, 2.52e-03)
INFO:root:[468,   232] loss: 5.409401e-03 masks: 22.1 17.3 [wd: 3.96e-01] [lr: 1.29e-05] [mem: 5.66e+03] (174.3 ms)
INFO:root:[468,   232] grad_stats: [1.45e-04 1.24e-04] (6.94e-05, 2.90e-03)
INFO:root:avg. loss 5.40940064e-03
INFO:root:time taken for epoch 0:00:53.957873
INFO:root:Epoch 469
INFO:root:[469,     0] loss: 5.177736e-03 masks: 18.0 20.0 [wd: 3.96e-01] [lr: 1.29e-05] [mem: 5.66e+03] (169.9 ms)
INFO:root:[469,     0] grad_stats: [9.05e-05 1.15e-04] (5.78e-05, 1.94e-03)
INFO:root:[469,   116] loss: 5.356935e-03 masks: 21.9 17.5 [wd: 3.96e-01] [lr: 1.25e-05] [mem: 5.66e+03] (173.6 ms)
INFO:root:[469,   116] grad_stats: [1.14e-04 1.65e-04] (7.61e-05, 2.33e-03)
INFO:root:[469,   232] loss: 5.408591e-03 masks: 21.9 17.4 [wd: 3.97e-01] [lr: 1.22e-05] [mem: 5.66e+03] (174.0 ms)
INFO:root:[469,   232] grad_stats: [9.88e-05 1.11e-04] (5.61e-05, 2.34e-03)
INFO:root:avg. loss 5.40859104e-03
INFO:root:time taken for epoch 0:00:53.961617
INFO:root:Epoch 470
INFO:root:[470,     0] loss: 5.771173e-03 masks: 21.0 16.0 [wd: 3.97e-01] [lr: 1.21e-05] [mem: 5.66e+03] (167.8 ms)
INFO:root:[470,     0] grad_stats: [1.13e-04 1.46e-04] (6.62e-05, 2.28e-03)
INFO:root:[470,   116] loss: 5.413212e-03 masks: 21.8 17.4 [wd: 3.97e-01] [lr: 1.18e-05] [mem: 5.66e+03] (173.1 ms)
INFO:root:[470,   116] grad_stats: [1.11e-04 1.26e-04] (6.35e-05, 1.90e-03)
INFO:root:[470,   232] loss: 5.370021e-03 masks: 21.6 17.6 [wd: 3.97e-01] [lr: 1.14e-05] [mem: 5.66e+03] (173.3 ms)
INFO:root:[470,   232] grad_stats: [3.18e-04 1.36e-04] (7.39e-05, 2.35e-03)
INFO:root:avg. loss 5.37002142e-03
INFO:root:time taken for epoch 0:00:53.821110
INFO:root:Epoch 471
INFO:root:[471,     0] loss: 5.448598e-03 masks: 19.0 20.0 [wd: 3.97e-01] [lr: 1.14e-05] [mem: 5.66e+03] (169.0 ms)
INFO:root:[471,     0] grad_stats: [9.50e-05 1.14e-04] (6.44e-05, 1.70e-03)
INFO:root:[471,   116] loss: 5.449805e-03 masks: 21.5 17.4 [wd: 3.97e-01] [lr: 1.11e-05] [mem: 5.66e+03] (172.7 ms)
INFO:root:[471,   116] grad_stats: [9.78e-05 1.08e-04] (6.03e-05, 1.90e-03)
INFO:root:[471,   232] loss: 5.423528e-03 masks: 21.6 17.4 [wd: 3.97e-01] [lr: 1.08e-05] [mem: 5.66e+03] (173.2 ms)
INFO:root:[471,   232] grad_stats: [1.03e-04 1.04e-04] (5.44e-05, 2.07e-03)
INFO:root:avg. loss 5.42352818e-03
INFO:root:time taken for epoch 0:00:53.879956
INFO:root:Epoch 472
INFO:root:[472,     0] loss: 6.784071e-03 masks: 33.0 12.0 [wd: 3.97e-01] [lr: 1.08e-05] [mem: 5.66e+03] (194.1 ms)
INFO:root:[472,     0] grad_stats: [1.23e-04 1.36e-04] (7.65e-05, 3.31e-03)
INFO:root:[472,   116] loss: 5.425959e-03 masks: 21.6 17.4 [wd: 3.97e-01] [lr: 1.04e-05] [mem: 5.66e+03] (172.7 ms)
INFO:root:[472,   116] grad_stats: [1.45e-04 1.45e-04] (6.95e-05, 2.17e-03)
INFO:root:[472,   232] loss: 5.489499e-03 masks: 22.1 17.1 [wd: 3.97e-01] [lr: 1.01e-05] [mem: 5.66e+03] (174.1 ms)
INFO:root:[472,   232] grad_stats: [1.41e-04 1.24e-04] (6.12e-05, 2.28e-03)
INFO:root:avg. loss 5.48949872e-03
INFO:root:time taken for epoch 0:00:53.966280
INFO:root:Epoch 473
INFO:root:[473,     0] loss: 5.355861e-03 masks: 27.0 16.0 [wd: 3.97e-01] [lr: 1.01e-05] [mem: 5.66e+03] (184.8 ms)
INFO:root:[473,     0] grad_stats: [8.68e-05 9.94e-05] (5.22e-05, 2.12e-03)
INFO:root:[473,   116] loss: 5.397071e-03 masks: 21.7 17.5 [wd: 3.97e-01] [lr: 9.78e-06] [mem: 5.66e+03] (173.2 ms)
INFO:root:[473,   116] grad_stats: [9.84e-05 1.22e-04] (6.20e-05, 2.03e-03)
INFO:root:[473,   232] loss: 5.420720e-03 masks: 21.8 17.4 [wd: 3.97e-01] [lr: 9.47e-06] [mem: 5.66e+03] (173.7 ms)
INFO:root:[473,   232] grad_stats: [1.31e-04 1.10e-04] (5.89e-05, 2.51e-03)
INFO:root:avg. loss 5.42072015e-03
INFO:root:time taken for epoch 0:00:53.918193
INFO:root:Epoch 474
INFO:root:[474,     0] loss: 4.395289e-03 masks: 19.0 20.0 [wd: 3.97e-01] [lr: 9.47e-06] [mem: 5.66e+03] (168.7 ms)
INFO:root:[474,     0] grad_stats: [2.14e-04 1.44e-04] (7.59e-05, 2.12e-03)
INFO:root:[474,   116] loss: 5.459799e-03 masks: 21.4 17.3 [wd: 3.98e-01] [lr: 9.16e-06] [mem: 5.66e+03] (171.9 ms)
INFO:root:[474,   116] grad_stats: [1.18e-04 1.44e-04] (6.44e-05, 1.98e-03)
INFO:root:[474,   232] loss: 5.469110e-03 masks: 22.1 17.1 [wd: 3.98e-01] [lr: 8.85e-06] [mem: 5.66e+03] (173.8 ms)
INFO:root:[474,   232] grad_stats: [1.48e-04 1.23e-04] (6.14e-05, 3.06e-03)
INFO:root:avg. loss 5.46911005e-03
INFO:root:time taken for epoch 0:00:53.955884
INFO:root:Epoch 475
INFO:root:[475,     0] loss: 6.626675e-03 masks: 35.0 12.0 [wd: 3.98e-01] [lr: 8.85e-06] [mem: 5.66e+03] (199.6 ms)
INFO:root:[475,     0] grad_stats: [1.47e-04 1.69e-04] (7.91e-05, 2.14e-03)
INFO:root:[475,   116] loss: 5.520294e-03 masks: 21.8 17.0 [wd: 3.98e-01] [lr: 8.55e-06] [mem: 5.66e+03] (172.7 ms)
INFO:root:[475,   116] grad_stats: [1.82e-04 1.23e-04] (6.25e-05, 2.22e-03)
INFO:root:[475,   232] loss: 5.445750e-03 masks: 21.8 17.3 [wd: 3.98e-01] [lr: 8.26e-06] [mem: 5.66e+03] (173.5 ms)
INFO:root:[475,   232] grad_stats: [9.57e-05 1.30e-04] (7.78e-05, 2.03e-03)
INFO:root:avg. loss 5.44574997e-03
INFO:root:time taken for epoch 0:00:53.758118
INFO:root:Epoch 476
INFO:root:[476,     0] loss: 6.288102e-03 masks: 35.0 12.0 [wd: 3.98e-01] [lr: 8.26e-06] [mem: 5.66e+03] (199.1 ms)
INFO:root:[476,     0] grad_stats: [8.35e-05 1.22e-04] (6.29e-05, 2.70e-03)
INFO:root:[476,   116] loss: 5.458294e-03 masks: 22.3 17.0 [wd: 3.98e-01] [lr: 7.97e-06] [mem: 5.66e+03] (173.9 ms)
INFO:root:[476,   116] grad_stats: [2.39e-04 1.33e-04] (6.18e-05, 2.55e-03)
INFO:root:[476,   232] loss: 5.489401e-03 masks: 22.2 17.0 [wd: 3.98e-01] [lr: 7.69e-06] [mem: 5.66e+03] (174.1 ms)
INFO:root:[476,   232] grad_stats: [8.31e-05 9.38e-05] (4.72e-05, 1.32e-03)
INFO:root:avg. loss 5.48940088e-03
INFO:root:time taken for epoch 0:00:54.053964
INFO:root:Epoch 477
INFO:root:[477,     0] loss: 6.386439e-03 masks: 17.0 16.0 [wd: 3.98e-01] [lr: 7.69e-06] [mem: 5.66e+03] (157.1 ms)
INFO:root:[477,     0] grad_stats: [2.78e-04 1.40e-04] (7.41e-05, 2.41e-03)
INFO:root:[477,   116] loss: 5.411527e-03 masks: 21.7 17.3 [wd: 3.98e-01] [lr: 7.42e-06] [mem: 5.66e+03] (173.1 ms)
INFO:root:[477,   116] grad_stats: [1.65e-04 1.93e-04] (1.01e-04, 2.61e-03)
INFO:root:[477,   232] loss: 5.400603e-03 masks: 21.7 17.4 [wd: 3.98e-01] [lr: 7.15e-06] [mem: 5.66e+03] (173.6 ms)
INFO:root:[477,   232] grad_stats: [8.48e-05 1.28e-04] (5.97e-05, 1.41e-03)
INFO:root:avg. loss 5.40060255e-03
INFO:root:time taken for epoch 0:00:53.849092
INFO:root:Epoch 478
INFO:root:[478,     0] loss: 4.836464e-03 masks: 14.0 20.0 [wd: 3.98e-01] [lr: 7.15e-06] [mem: 5.66e+03] (154.2 ms)
INFO:root:[478,     0] grad_stats: [9.13e-05 1.45e-04] (7.03e-05, 2.45e-03)
INFO:root:[478,   116] loss: 5.542156e-03 masks: 22.2 16.9 [wd: 3.98e-01] [lr: 6.88e-06] [mem: 5.66e+03] (173.4 ms)
INFO:root:[478,   116] grad_stats: [2.19e-04 1.29e-04] (5.69e-05, 2.02e-03)
INFO:root:[478,   232] loss: 5.482424e-03 masks: 22.0 17.1 [wd: 3.98e-01] [lr: 6.63e-06] [mem: 5.66e+03] (173.7 ms)
INFO:root:[478,   232] grad_stats: [1.46e-04 1.11e-04] (5.33e-05, 2.55e-03)
INFO:root:avg. loss 5.48242360e-03
INFO:root:time taken for epoch 0:00:53.957028
INFO:root:Epoch 479
INFO:root:[479,     0] loss: 4.405105e-03 masks: 22.0 20.0 [wd: 3.98e-01] [lr: 6.63e-06] [mem: 5.66e+03] (176.7 ms)
INFO:root:[479,     0] grad_stats: [9.55e-05 9.20e-05] (4.47e-05, 1.90e-03)
INFO:root:[479,   116] loss: 5.346400e-03 masks: 21.8 17.5 [wd: 3.98e-01] [lr: 6.37e-06] [mem: 5.66e+03] (173.3 ms)
INFO:root:[479,   116] grad_stats: [1.43e-04 1.19e-04] (6.36e-05, 2.05e-03)
INFO:root:[479,   232] loss: 5.359298e-03 masks: 22.2 17.3 [wd: 3.98e-01] [lr: 6.13e-06] [mem: 5.66e+03] (174.9 ms)
INFO:root:[479,   232] grad_stats: [1.30e-04 1.19e-04] (6.51e-05, 2.13e-03)
INFO:root:avg. loss 5.35929781e-03
INFO:root:time taken for epoch 0:00:54.258004
INFO:root:Epoch 480
INFO:root:[480,     0] loss: 6.064025e-03 masks: 25.0 16.0 [wd: 3.98e-01] [lr: 6.13e-06] [mem: 5.66e+03] (177.5 ms)
INFO:root:[480,     0] grad_stats: [1.24e-04 1.38e-04] (7.07e-05, 3.31e-03)
INFO:root:[480,   116] loss: 5.482180e-03 masks: 21.7 17.2 [wd: 3.99e-01] [lr: 5.89e-06] [mem: 5.66e+03] (172.6 ms)
INFO:root:[480,   116] grad_stats: [1.90e-04 1.29e-04] (6.95e-05, 1.48e-03)
INFO:root:[480,   232] loss: 5.443847e-03 masks: 21.5 17.4 [wd: 3.99e-01] [lr: 5.65e-06] [mem: 5.66e+03] (172.8 ms)
INFO:root:[480,   232] grad_stats: [1.10e-04 1.03e-04] (6.08e-05, 1.52e-03)
INFO:root:avg. loss 5.44384705e-03
INFO:root:time taken for epoch 0:00:53.698811
INFO:root:Epoch 481
INFO:root:[481,     0] loss: 5.732296e-03 masks: 25.0 16.0 [wd: 3.99e-01] [lr: 5.65e-06] [mem: 5.66e+03] (178.6 ms)
INFO:root:[481,     0] grad_stats: [1.25e-04 1.35e-04] (6.54e-05, 2.97e-03)
INFO:root:[481,   116] loss: 5.439621e-03 masks: 21.1 17.5 [wd: 3.99e-01] [lr: 5.42e-06] [mem: 5.66e+03] (171.3 ms)
INFO:root:[481,   116] grad_stats: [1.84e-04 1.62e-04] (8.59e-05, 2.82e-03)
INFO:root:[481,   232] loss: 5.430510e-03 masks: 21.6 17.4 [wd: 3.99e-01] [lr: 5.20e-06] [mem: 5.66e+03] (173.0 ms)
INFO:root:[481,   232] grad_stats: [1.25e-04 1.29e-04] (6.54e-05, 2.74e-03)
INFO:root:avg. loss 5.43050979e-03
INFO:root:time taken for epoch 0:00:53.786659
INFO:root:Epoch 482
INFO:root:[482,     0] loss: 5.831229e-03 masks: 25.0 16.0 [wd: 3.99e-01] [lr: 5.20e-06] [mem: 5.66e+03] (178.3 ms)
INFO:root:[482,     0] grad_stats: [1.65e-04 1.35e-04] (8.63e-05, 2.84e-03)
INFO:root:[482,   116] loss: 5.411266e-03 masks: 22.0 17.2 [wd: 3.99e-01] [lr: 4.98e-06] [mem: 5.66e+03] (173.4 ms)
INFO:root:[482,   116] grad_stats: [1.21e-04 1.20e-04] (5.47e-05, 1.49e-03)
INFO:root:[482,   232] loss: 5.427360e-03 masks: 22.1 17.2 [wd: 3.99e-01] [lr: 4.77e-06] [mem: 5.66e+03] (174.2 ms)
INFO:root:[482,   232] grad_stats: [1.73e-04 1.67e-04] (7.64e-05, 1.92e-03)
INFO:root:avg. loss 5.42735985e-03
INFO:root:time taken for epoch 0:00:53.984204
INFO:root:Epoch 483
INFO:root:[483,     0] loss: 5.564296e-03 masks: 23.0 16.0 [wd: 3.99e-01] [lr: 4.77e-06] [mem: 5.66e+03] (171.0 ms)
INFO:root:[483,     0] grad_stats: [1.83e-04 1.44e-04] (7.97e-05, 1.90e-03)
INFO:root:[483,   116] loss: 5.414242e-03 masks: 22.3 17.2 [wd: 3.99e-01] [lr: 4.56e-06] [mem: 5.66e+03] (174.2 ms)
INFO:root:[483,   116] grad_stats: [8.60e-05 8.83e-05] (5.19e-05, 2.04e-03)
INFO:root:[483,   232] loss: 5.425976e-03 masks: 22.4 17.2 [wd: 3.99e-01] [lr: 4.36e-06] [mem: 5.66e+03] (174.9 ms)
INFO:root:[483,   232] grad_stats: [1.06e-04 1.45e-04] (7.58e-05, 3.28e-03)
INFO:root:avg. loss 5.42597625e-03
INFO:root:time taken for epoch 0:00:54.120843
INFO:root:Epoch 484
INFO:root:[484,     0] loss: 5.771045e-03 masks: 25.0 16.0 [wd: 3.99e-01] [lr: 4.36e-06] [mem: 5.66e+03] (177.8 ms)
INFO:root:[484,     0] grad_stats: [1.01e-04 1.27e-04] (6.35e-05, 1.63e-03)
INFO:root:[484,   116] loss: 5.373178e-03 masks: 22.0 17.4 [wd: 3.99e-01] [lr: 4.17e-06] [mem: 5.66e+03] (174.0 ms)
INFO:root:[484,   116] grad_stats: [1.03e-04 1.32e-04] (6.92e-05, 2.09e-03)
INFO:root:[484,   232] loss: 5.390516e-03 masks: 22.2 17.2 [wd: 3.99e-01] [lr: 3.98e-06] [mem: 5.66e+03] (174.6 ms)
INFO:root:[484,   232] grad_stats: [1.48e-04 1.39e-04] (7.34e-05, 1.88e-03)
INFO:root:avg. loss 5.39051606e-03
INFO:root:time taken for epoch 0:00:54.209963
INFO:root:Epoch 485
INFO:root:[485,     0] loss: 4.699670e-03 masks: 21.0 20.0 [wd: 3.99e-01] [lr: 3.98e-06] [mem: 5.66e+03] (173.3 ms)
INFO:root:[485,     0] grad_stats: [1.38e-04 9.88e-05] (5.15e-05, 1.55e-03)
INFO:root:[485,   116] loss: 5.461047e-03 masks: 22.4 16.9 [wd: 3.99e-01] [lr: 3.80e-06] [mem: 5.66e+03] (174.0 ms)
INFO:root:[485,   116] grad_stats: [1.14e-04 1.18e-04] (7.11e-05, 1.63e-03)
INFO:root:[485,   232] loss: 5.438696e-03 masks: 22.3 17.1 [wd: 3.99e-01] [lr: 3.62e-06] [mem: 5.66e+03] (174.6 ms)
INFO:root:[485,   232] grad_stats: [8.12e-05 1.17e-04] (6.20e-05, 2.30e-03)
INFO:root:avg. loss 5.43869600e-03
INFO:root:time taken for epoch 0:00:54.136063
INFO:root:Epoch 486
INFO:root:[486,     0] loss: 5.974170e-03 masks: 20.0 16.0 [wd: 3.99e-01] [lr: 3.62e-06] [mem: 5.66e+03] (165.1 ms)
INFO:root:[486,     0] grad_stats: [1.32e-04 1.76e-04] (8.98e-05, 2.55e-03)
INFO:root:[486,   116] loss: 5.373885e-03 masks: 21.9 17.4 [wd: 3.99e-01] [lr: 3.45e-06] [mem: 5.66e+03] (173.3 ms)
INFO:root:[486,   116] grad_stats: [1.66e-04 1.05e-04] (6.06e-05, 2.68e-03)
INFO:root:[486,   232] loss: 5.390249e-03 masks: 21.9 17.4 [wd: 3.99e-01] [lr: 3.28e-06] [mem: 5.66e+03] (173.7 ms)
INFO:root:[486,   232] grad_stats: [1.34e-04 1.54e-04] (7.72e-05, 2.33e-03)
INFO:root:avg. loss 5.39024940e-03
INFO:root:time taken for epoch 0:00:53.998091
INFO:root:Epoch 487
INFO:root:[487,     0] loss: 6.092437e-03 masks: 17.0 16.0 [wd: 3.99e-01] [lr: 3.28e-06] [mem: 5.66e+03] (158.0 ms)
INFO:root:[487,     0] grad_stats: [1.21e-04 1.49e-04] (7.44e-05, 2.66e-03)
INFO:root:[487,   116] loss: 5.364398e-03 masks: 22.1 17.3 [wd: 3.99e-01] [lr: 3.12e-06] [mem: 5.66e+03] (173.8 ms)
INFO:root:[487,   116] grad_stats: [2.13e-04 9.94e-05] (5.11e-05, 1.66e-03)
INFO:root:[487,   232] loss: 5.439712e-03 masks: 22.3 17.1 [wd: 3.99e-01] [lr: 2.97e-06] [mem: 5.66e+03] (174.7 ms)
INFO:root:[487,   232] grad_stats: [1.17e-04 1.15e-04] (5.82e-05, 1.25e-03)
INFO:root:avg. loss 5.43971193e-03
INFO:root:time taken for epoch 0:00:54.242675
INFO:root:Epoch 488
INFO:root:[488,     0] loss: 4.994730e-03 masks: 14.0 20.0 [wd: 3.99e-01] [lr: 2.97e-06] [mem: 5.66e+03] (154.9 ms)
INFO:root:[488,     0] grad_stats: [1.13e-04 1.42e-04] (7.46e-05, 1.98e-03)
INFO:root:[488,   116] loss: 5.440269e-03 masks: 22.3 17.0 [wd: 3.99e-01] [lr: 2.82e-06] [mem: 5.66e+03] (174.0 ms)
INFO:root:[488,   116] grad_stats: [1.24e-04 1.39e-04] (6.82e-05, 3.38e-03)
INFO:root:[488,   232] loss: 5.453079e-03 masks: 22.5 16.9 [wd: 3.99e-01] [lr: 2.68e-06] [mem: 5.66e+03] (174.9 ms)
INFO:root:[488,   232] grad_stats: [1.31e-04 1.21e-04] (7.87e-05, 1.87e-03)
INFO:root:avg. loss 5.45307887e-03
INFO:root:time taken for epoch 0:00:54.196300
INFO:root:Epoch 489
INFO:root:[489,     0] loss: 6.050251e-03 masks: 21.0 16.0 [wd: 3.99e-01] [lr: 2.68e-06] [mem: 5.66e+03] (167.6 ms)
INFO:root:[489,     0] grad_stats: [9.95e-05 1.40e-04] (7.35e-05, 2.10e-03)
INFO:root:[489,   116] loss: 5.382778e-03 masks: 22.0 17.4 [wd: 4.00e-01] [lr: 2.54e-06] [mem: 5.66e+03] (173.8 ms)
INFO:root:[489,   116] grad_stats: [1.09e-04 1.48e-04] (8.30e-05, 2.41e-03)
INFO:root:[489,   232] loss: 5.353048e-03 masks: 21.7 17.5 [wd: 4.00e-01] [lr: 2.41e-06] [mem: 5.66e+03] (173.4 ms)
INFO:root:[489,   232] grad_stats: [8.38e-05 1.10e-04] (5.61e-05, 1.80e-03)
INFO:root:avg. loss 5.35304815e-03
INFO:root:time taken for epoch 0:00:53.839477
INFO:root:Epoch 490
INFO:root:[490,     0] loss: 5.770327e-03 masks: 22.0 16.0 [wd: 4.00e-01] [lr: 2.41e-06] [mem: 5.66e+03] (169.6 ms)
INFO:root:[490,     0] grad_stats: [2.30e-04 1.52e-04] (8.46e-05, 4.42e-03)
INFO:root:[490,   116] loss: 5.457739e-03 masks: 22.0 17.1 [wd: 4.00e-01] [lr: 2.28e-06] [mem: 5.66e+03] (173.3 ms)
INFO:root:[490,   116] grad_stats: [1.59e-04 1.49e-04] (8.15e-05, 2.36e-03)
INFO:root:[490,   232] loss: 5.366118e-03 masks: 21.6 17.5 [wd: 4.00e-01] [lr: 2.16e-06] [mem: 5.66e+03] (173.3 ms)
INFO:root:[490,   232] grad_stats: [1.00e-04 9.26e-05] (5.03e-05, 1.84e-03)
INFO:root:avg. loss 5.36611793e-03
INFO:root:time taken for epoch 0:00:53.897712
INFO:root:Epoch 491
INFO:root:[491,     0] loss: 6.112939e-03 masks: 17.0 16.0 [wd: 4.00e-01] [lr: 2.16e-06] [mem: 5.66e+03] (156.9 ms)
INFO:root:[491,     0] grad_stats: [2.05e-04 1.66e-04] (8.54e-05, 3.09e-03)
INFO:root:[491,   116] loss: 5.483071e-03 masks: 21.9 17.1 [wd: 4.00e-01] [lr: 2.05e-06] [mem: 5.66e+03] (173.4 ms)
INFO:root:[491,   116] grad_stats: [8.73e-05 9.88e-05] (5.43e-05, 1.91e-03)
INFO:root:[491,   232] loss: 5.427961e-03 masks: 21.8 17.3 [wd: 4.00e-01] [lr: 1.94e-06] [mem: 5.66e+03] (173.6 ms)
INFO:root:[491,   232] grad_stats: [6.98e-05 1.13e-04] (4.77e-05, 1.66e-03)
INFO:root:avg. loss 5.42796054e-03
INFO:root:time taken for epoch 0:00:53.946811
INFO:root:Epoch 492
INFO:root:[492,     0] loss: 5.049683e-03 masks: 29.0 16.0 [wd: 4.00e-01] [lr: 1.94e-06] [mem: 5.66e+03] (189.7 ms)
INFO:root:[492,     0] grad_stats: [1.19e-04 1.11e-04] (6.32e-05, 2.02e-03)
INFO:root:[492,   116] loss: 5.415183e-03 masks: 22.1 17.4 [wd: 4.00e-01] [lr: 1.84e-06] [mem: 5.66e+03] (174.0 ms)
INFO:root:[492,   116] grad_stats: [1.21e-04 9.79e-05] (6.32e-05, 2.26e-03)
INFO:root:[492,   232] loss: 5.400558e-03 masks: 22.2 17.2 [wd: 4.00e-01] [lr: 1.75e-06] [mem: 5.66e+03] (174.5 ms)
INFO:root:[492,   232] grad_stats: [1.02e-04 9.85e-05] (6.04e-05, 1.60e-03)
INFO:root:avg. loss 5.40055774e-03
INFO:root:time taken for epoch 0:00:54.159387
INFO:root:Epoch 493
INFO:root:[493,     0] loss: 5.705980e-03 masks: 12.0 20.0 [wd: 4.00e-01] [lr: 1.74e-06] [mem: 5.66e+03] (147.2 ms)
INFO:root:[493,     0] grad_stats: [1.23e-04 1.95e-04] (8.41e-05, 2.79e-03)
INFO:root:[493,   116] loss: 5.419189e-03 masks: 21.9 17.3 [wd: 4.00e-01] [lr: 1.65e-06] [mem: 5.66e+03] (173.1 ms)
INFO:root:[493,   116] grad_stats: [9.26e-05 1.79e-04] (8.53e-05, 1.88e-03)
INFO:root:[493,   232] loss: 5.420413e-03 masks: 22.2 17.2 [wd: 4.00e-01] [lr: 1.57e-06] [mem: 5.66e+03] (174.5 ms)
INFO:root:[493,   232] grad_stats: [1.17e-04 1.02e-04] (5.82e-05, 1.85e-03)
INFO:root:avg. loss 5.42041261e-03
INFO:root:time taken for epoch 0:00:54.110637
INFO:root:Epoch 494
INFO:root:[494,     0] loss: 5.198113e-03 masks: 16.0 20.0 [wd: 4.00e-01] [lr: 1.57e-06] [mem: 5.66e+03] (160.2 ms)
INFO:root:[494,     0] grad_stats: [1.07e-04 1.20e-04] (6.08e-05, 2.23e-03)
INFO:root:[494,   116] loss: 5.451410e-03 masks: 22.5 16.9 [wd: 4.00e-01] [lr: 1.49e-06] [mem: 5.66e+03] (174.3 ms)
INFO:root:[494,   116] grad_stats: [1.21e-04 1.18e-04] (6.99e-05, 2.56e-03)
INFO:root:[494,   232] loss: 5.434661e-03 masks: 21.7 17.2 [wd: 4.00e-01] [lr: 1.42e-06] [mem: 5.66e+03] (173.1 ms)
INFO:root:[494,   232] grad_stats: [9.67e-05 1.73e-04] (7.08e-05, 2.02e-03)
INFO:root:avg. loss 5.43466115e-03
INFO:root:time taken for epoch 0:00:53.813290
INFO:root:Epoch 495
INFO:root:[495,     0] loss: 5.128928e-03 masks: 28.0 16.0 [wd: 4.00e-01] [lr: 1.42e-06] [mem: 5.66e+03] (187.7 ms)
INFO:root:[495,     0] grad_stats: [1.04e-04 1.21e-04] (5.83e-05, 2.18e-03)
INFO:root:[495,   116] loss: 5.368728e-03 masks: 21.5 17.5 [wd: 4.00e-01] [lr: 1.35e-06] [mem: 5.66e+03] (172.2 ms)
INFO:root:[495,   116] grad_stats: [1.16e-04 1.15e-04] (6.18e-05, 1.44e-03)
INFO:root:[495,   232] loss: 5.358767e-03 masks: 21.6 17.4 [wd: 4.00e-01] [lr: 1.29e-06] [mem: 5.66e+03] (173.2 ms)
INFO:root:[495,   232] grad_stats: [1.13e-04 1.06e-04] (5.88e-05, 1.64e-03)
INFO:root:avg. loss 5.35876665e-03
INFO:root:time taken for epoch 0:00:53.860556
INFO:root:Epoch 496
INFO:root:[496,     0] loss: 5.162401e-03 masks: 19.0 20.0 [wd: 4.00e-01] [lr: 1.29e-06] [mem: 5.66e+03] (169.0 ms)
INFO:root:[496,     0] grad_stats: [1.43e-04 1.29e-04] (6.41e-05, 1.82e-03)
INFO:root:[496,   116] loss: 5.349706e-03 masks: 22.2 17.2 [wd: 4.00e-01] [lr: 1.24e-06] [mem: 5.66e+03] (174.1 ms)
INFO:root:[496,   116] grad_stats: [1.23e-04 1.47e-04] (7.01e-05, 1.91e-03)
INFO:root:[496,   232] loss: 5.378972e-03 masks: 22.2 17.2 [wd: 4.00e-01] [lr: 1.19e-06] [mem: 5.66e+03] (174.4 ms)
INFO:root:[496,   232] grad_stats: [6.91e-05 9.87e-05] (4.96e-05, 1.43e-03)
INFO:root:avg. loss 5.37897165e-03
INFO:root:time taken for epoch 0:00:54.072247
INFO:root:Epoch 497
INFO:root:[497,     0] loss: 5.541285e-03 masks: 25.0 16.0 [wd: 4.00e-01] [lr: 1.19e-06] [mem: 5.66e+03] (181.0 ms)
INFO:root:[497,     0] grad_stats: [1.30e-04 9.66e-05] (5.03e-05, 1.40e-03)
INFO:root:[497,   116] loss: 5.481780e-03 masks: 22.2 17.1 [wd: 4.00e-01] [lr: 1.14e-06] [mem: 5.66e+03] (174.0 ms)
INFO:root:[497,   116] grad_stats: [8.62e-05 1.23e-04] (7.13e-05, 2.06e-03)
INFO:root:[497,   232] loss: 5.410969e-03 masks: 21.8 17.3 [wd: 4.00e-01] [lr: 1.10e-06] [mem: 5.66e+03] (173.4 ms)
INFO:root:[497,   232] grad_stats: [1.09e-04 1.40e-04] (6.74e-05, 1.59e-03)
INFO:root:avg. loss 5.41096943e-03
INFO:root:time taken for epoch 0:00:53.909355
INFO:root:Epoch 498
INFO:root:[498,     0] loss: 4.048247e-03 masks: 22.0 20.0 [wd: 4.00e-01] [lr: 1.10e-06] [mem: 5.66e+03] (175.2 ms)
INFO:root:[498,     0] grad_stats: [1.03e-04 1.25e-04] (5.27e-05, 1.84e-03)
INFO:root:[498,   116] loss: 5.359945e-03 masks: 22.0 17.3 [wd: 4.00e-01] [lr: 1.07e-06] [mem: 5.66e+03] (173.7 ms)
INFO:root:[498,   116] grad_stats: [1.50e-04 1.11e-04] (6.57e-05, 3.30e-03)
INFO:root:[498,   232] loss: 5.379327e-03 masks: 22.1 17.2 [wd: 4.00e-01] [lr: 1.05e-06] [mem: 5.66e+03] (174.2 ms)
INFO:root:[498,   232] grad_stats: [1.27e-04 1.47e-04] (7.28e-05, 2.04e-03)
INFO:root:avg. loss 5.37932738e-03
INFO:root:time taken for epoch 0:00:54.028355
INFO:root:Epoch 499
INFO:root:[499,     0] loss: 5.973238e-03 masks: 26.0 16.0 [wd: 4.00e-01] [lr: 1.05e-06] [mem: 5.66e+03] (182.8 ms)
INFO:root:[499,     0] grad_stats: [1.34e-04 1.11e-04] (6.73e-05, 2.39e-03)
INFO:root:[499,   116] loss: 5.403381e-03 masks: 21.5 17.4 [wd: 4.00e-01] [lr: 1.03e-06] [mem: 5.66e+03] (172.1 ms)
INFO:root:[499,   116] grad_stats: [8.69e-05 1.26e-04] (6.04e-05, 1.81e-03)
INFO:root:[499,   232] loss: 5.408669e-03 masks: 21.7 17.4 [wd: 4.00e-01] [lr: 1.01e-06] [mem: 5.66e+03] (173.1 ms)
INFO:root:[499,   232] grad_stats: [1.57e-04 1.71e-04] (8.54e-05, 3.75e-03)
INFO:root:avg. loss 5.40866915e-03
INFO:root:time taken for epoch 0:00:54.511301
INFO:root:Epoch 500
INFO:root:[500,     0] loss: 5.700609e-03 masks: 12.0 20.0 [wd: 4.00e-01] [lr: 1.01e-06] [mem: 5.66e+03] (147.7 ms)
INFO:root:[500,     0] grad_stats: [2.50e-04 1.47e-04] (7.94e-05, 2.23e-03)
INFO:root:[500,   116] loss: 5.426023e-03 masks: 22.8 17.1 [wd: 4.00e-01] [lr: 1.00e-06] [mem: 5.66e+03] (175.5 ms)
INFO:root:[500,   116] grad_stats: [1.46e-04 1.32e-04] (6.28e-05, 2.40e-03)
INFO:root:[500,   232] loss: 5.415872e-03 masks: 22.7 17.1 [wd: 4.00e-01] [lr: 1.00e-06] [mem: 5.66e+03] (175.7 ms)
INFO:root:[500,   232] grad_stats: [2.72e-04 1.32e-04] (6.72e-05, 2.66e-03)
INFO:root:avg. loss 5.41587238e-03
INFO:root:	Epoch 500, KNN accuracy train: 7.60658e-01, KNN accuracy train: 6.44000e-01
INFO:root:time taken for epoch 0:01:36.539925
INFO:root:Total pretraining time 7:33:58.025981
