VisionTransformer(
  (patch_embed): PatchEmbed(
    (proj): Conv2d(3, 768, kernel_size=(15, 15), stride=(15, 15))
  )
  (blocks): ModuleList(
    (0-11): 12 x Block(
      (norm1): LayerNorm((768,), eps=1e-06, elementwise_affine=True)
      (attn): Attention(
        (qkv): Linear(in_features=768, out_features=2304, bias=True)
        (attn_drop): Dropout(p=0.0, inplace=False)
        (proj): Linear(in_features=768, out_features=768, bias=True)
        (proj_drop): Dropout(p=0.0, inplace=False)
      )
      (drop_path): Identity()
      (norm2): LayerNorm((768,), eps=1e-06, elementwise_affine=True)
      (mlp): MLP(
        (fc1): Linear(in_features=768, out_features=3072, bias=True)
        (act): GELU(approximate='none')
        (fc2): Linear(in_features=3072, out_features=768, bias=True)
        (drop): Dropout(p=0.0, inplace=False)
      )
    )
  )
  (norm): LayerNorm((768,), eps=1e-06, elementwise_affine=True)
)
making imagenet data transforms
data-path datasets/iic/train/
Initialized ImageNet
ImageNet dataset created
ImageNet unsupervised data loader created
data-path datasets/iic/train/
Initialized ImageNet
min. labeled indices 2191
ImageNet supervised dataset created
ImageNet supervised data loader created
data-path datasets/iic/val/
Initialized ImageNet
min. labeled indices 437
ImageNet supervised dataset created
ImageNet supervised data loader created
Using AdamW
Epoch 1
[1,     0] loss: 4.726039e-01 masks: 15.0 20.0 [wd: 4.00e-02] [lr: 2.00e-04] [mem: 3.38e+03] (571.1 ms)
[1,     0] grad_stats: [1.57e-02 8.87e-03] (8.79e-03, 2.49e-02)
[1,   116] loss: 1.595779e-01 masks: 21.9 17.3 [wd: 4.00e-02] [lr: 2.10e-04] [mem: 5.41e+03] (227.9 ms)
[1,   116] grad_stats: [2.19e-02 7.08e-04] (5.58e-04, 3.10e-02)
[1,   232] loss: 1.453578e-01 masks: 21.8 17.3 [wd: 4.00e-02] [lr: 2.20e-04] [mem: 5.53e+03] (246.2 ms)
[1,   232] grad_stats: [2.59e-02 7.60e-04] (5.38e-04, 3.60e-02)
avg. loss 1.45357750e-01
time taken for epoch 0:01:11.018596
Epoch 2
[2,     0] loss: 1.242538e-01 masks: 19.0 20.0 [wd: 4.00e-02] [lr: 2.20e-04] [mem: 5.53e+03] (246.4 ms)
[2,     0] grad_stats: [3.31e-02 1.24e-03] (7.18e-04, 4.55e-02)
[2,   116] loss: 1.073582e-01 masks: 21.7 17.5 [wd: 4.00e-02] [lr: 2.30e-04] [mem: 5.59e+03] (227.1 ms)
[2,   116] grad_stats: [3.41e-02 1.11e-03] (8.32e-04, 4.33e-02)
[2,   232] loss: 9.081795e-02 masks: 22.2 17.3 [wd: 4.00e-02] [lr: 2.40e-04] [mem: 5.59e+03] (247.4 ms)
[2,   232] grad_stats: [2.51e-02 7.22e-04] (4.23e-04, 5.18e-02)
avg. loss 9.08179512e-02
time taken for epoch 0:01:11.821178
Epoch 3
[3,     0] loss: 6.704793e-02 masks: 25.0 16.0 [wd: 4.00e-02] [lr: 2.40e-04] [mem: 5.59e+03] (288.6 ms)
[3,     0] grad_stats: [5.46e-02 2.59e-03] (1.16e-03, 5.96e-02)
[3,   116] loss: 5.073249e-02 masks: 22.5 17.1 [wd: 4.00e-02] [lr: 2.50e-04] [mem: 5.59e+03] (225.8 ms)
[3,   116] grad_stats: [2.13e-02 5.06e-04] (3.29e-04, 3.82e-02)
[3,   232] loss: 4.352357e-02 masks: 22.2 17.1 [wd: 4.00e-02] [lr: 2.60e-04] [mem: 5.59e+03] (246.9 ms)
[3,   232] grad_stats: [1.57e-02 6.14e-04] (4.59e-04, 1.95e-02)
avg. loss 4.35235696e-02
time taken for epoch 0:01:11.747437
Epoch 4
[4,     0] loss: 4.281760e-02 masks: 16.0 20.0 [wd: 4.00e-02] [lr: 2.60e-04] [mem: 5.59e+03] (236.0 ms)
[4,     0] grad_stats: [1.21e-02 4.46e-04] (2.87e-04, 2.01e-02)
[4,   116] loss: 3.138242e-02 masks: 21.8 17.3 [wd: 4.00e-02] [lr: 2.70e-04] [mem: 5.59e+03] (220.9 ms)
[4,   116] grad_stats: [2.17e-02 8.57e-04] (4.58e-04, 3.63e-02)
[4,   232] loss: 3.075235e-02 masks: 21.9 17.4 [wd: 4.01e-02] [lr: 2.80e-04] [mem: 5.59e+03] (246.2 ms)
[4,   232] grad_stats: [1.39e-02 6.00e-04] (2.73e-04, 1.72e-02)
avg. loss 3.07523547e-02
time taken for epoch 0:01:11.567708
Epoch 5
[5,     0] loss: 2.044806e-02 masks: 33.0 12.0 [wd: 4.01e-02] [lr: 2.80e-04] [mem: 5.59e+03] (315.8 ms)
[5,     0] grad_stats: [1.22e-02 3.14e-04] (2.27e-04, 1.83e-02)
[5,   116] loss: 2.644908e-02 masks: 22.1 17.1 [wd: 4.01e-02] [lr: 2.90e-04] [mem: 5.59e+03] (220.4 ms)
[5,   116] grad_stats: [1.26e-02 5.52e-04] (2.56e-04, 2.53e-02)
[5,   232] loss: 2.575436e-02 masks: 22.3 17.0 [wd: 4.01e-02] [lr: 3.00e-04] [mem: 5.59e+03] (213.8 ms)
[5,   232] grad_stats: [1.05e-02 7.43e-04] (2.69e-04, 1.43e-02)
avg. loss 2.57543559e-02
time taken for epoch 0:01:04.012384
Epoch 6
[6,     0] loss: 2.521124e-02 masks: 23.0 16.0 [wd: 4.01e-02] [lr: 3.00e-04] [mem: 5.59e+03] (272.2 ms)
[6,     0] grad_stats: [2.18e-02 1.57e-03] (5.91e-04, 3.47e-02)
[6,   116] loss: 2.472914e-02 masks: 22.0 17.1 [wd: 4.01e-02] [lr: 3.10e-04] [mem: 5.59e+03] (276.2 ms)
[6,   116] grad_stats: [6.57e-03 3.20e-04] (1.89e-04, 1.00e-02)
[6,   232] loss: 2.444473e-02 masks: 21.8 17.4 [wd: 4.01e-02] [lr: 3.20e-04] [mem: 5.59e+03] (259.6 ms)
[6,   232] grad_stats: [8.92e-03 2.57e-04] (1.19e-04, 1.70e-02)
avg. loss 2.44447274e-02
time taken for epoch 0:01:14.754622
Epoch 7
[7,     0] loss: 2.775403e-02 masks: 16.0 20.0 [wd: 4.01e-02] [lr: 3.20e-04] [mem: 5.59e+03] (237.5 ms)
[7,     0] grad_stats: [7.50e-03 2.82e-04] (1.99e-04, 8.28e-03)
[7,   116] loss: 2.283504e-02 masks: 21.9 17.5 [wd: 4.02e-02] [lr: 3.30e-04] [mem: 5.59e+03] (275.7 ms)
[7,   116] grad_stats: [8.36e-03 3.96e-04] (1.85e-04, 1.32e-02)
[7,   232] loss: 2.273448e-02 masks: 21.8 17.5 [wd: 4.02e-02] [lr: 3.40e-04] [mem: 5.59e+03] (252.0 ms)
[7,   232] grad_stats: [8.80e-03 1.82e-04] (9.90e-05, 1.56e-02)
avg. loss 2.27344836e-02
time taken for epoch 0:01:13.061421
Epoch 8
[8,     0] loss: 2.491662e-02 masks: 16.0 20.0 [wd: 4.02e-02] [lr: 3.40e-04] [mem: 5.59e+03] (236.9 ms)
[8,     0] grad_stats: [1.09e-02 2.62e-04] (1.20e-04, 1.85e-02)
[8,   116] loss: 2.143167e-02 masks: 22.5 17.1 [wd: 4.02e-02] [lr: 3.50e-04] [mem: 5.59e+03] (279.2 ms)
[8,   116] grad_stats: [5.88e-03 3.64e-04] (1.19e-04, 1.49e-02)
[8,   232] loss: 2.147404e-02 masks: 22.3 17.1 [wd: 4.02e-02] [lr: 3.60e-04] [mem: 5.59e+03] (250.6 ms)
[8,   232] grad_stats: [8.42e-03 2.81e-04] (1.33e-04, 1.32e-02)
avg. loss 2.14740404e-02
time taken for epoch 0:01:12.762819
Epoch 9
[9,     0] loss: 1.643838e-02 masks: 28.0 16.0 [wd: 4.02e-02] [lr: 3.60e-04] [mem: 5.59e+03] (287.2 ms)
[9,     0] grad_stats: [7.30e-03 2.34e-04] (1.11e-04, 1.08e-02)
[9,   116] loss: 2.219893e-02 masks: 22.8 17.1 [wd: 4.03e-02] [lr: 3.70e-04] [mem: 5.59e+03] (279.5 ms)
[9,   116] grad_stats: [5.31e-03 4.81e-04] (1.62e-04, 6.23e-03)
[9,   232] loss: 2.242093e-02 masks: 22.4 17.0 [wd: 4.03e-02] [lr: 3.80e-04] [mem: 5.59e+03] (248.7 ms)
[9,   232] grad_stats: [8.66e-03 2.14e-04] (1.01e-04, 1.23e-02)
avg. loss 2.24209322e-02
time taken for epoch 0:01:12.214314
Epoch 10
[10,     0] loss: 3.179370e-02 masks: 14.0 20.0 [wd: 4.03e-02] [lr: 3.80e-04] [mem: 5.59e+03] (242.5 ms)
[10,     0] grad_stats: [8.36e-03 4.91e-04] (2.01e-04, 1.83e-02)
[10,   116] loss: 2.338084e-02 masks: 21.5 17.5 [wd: 4.03e-02] [lr: 3.90e-04] [mem: 5.59e+03] (276.0 ms)
[10,   116] grad_stats: [8.71e-03 4.19e-04] (1.85e-04, 1.74e-02)
[10,   232] loss: 2.373982e-02 masks: 21.7 17.3 [wd: 4.04e-02] [lr: 4.00e-04] [mem: 5.67e+03] (247.1 ms)
[10,   232] grad_stats: [8.84e-03 2.65e-04] (1.36e-04, 1.16e-02)
avg. loss 2.37398156e-02
time taken for epoch 0:01:11.732912
Epoch 11
[11,     0] loss: 2.464411e-02 masks: 17.0 20.0 [wd: 4.04e-02] [lr: 4.00e-04] [mem: 5.67e+03] (158.1 ms)
[11,     0] grad_stats: [5.54e-03 3.60e-04] (8.92e-05, 8.97e-03)
[11,   116] loss: 2.348980e-02 masks: 21.7 17.4 [wd: 4.04e-02] [lr: 4.10e-04] [mem: 5.67e+03] (272.3 ms)
[11,   116] grad_stats: [7.14e-03 3.46e-04] (1.27e-04, 1.17e-02)
[11,   232] loss: 2.336923e-02 masks: 22.0 17.4 [wd: 4.04e-02] [lr: 4.20e-04] [mem: 5.67e+03] (275.7 ms)
[11,   232] grad_stats: [8.43e-03 3.39e-04] (1.11e-04, 1.37e-02)
avg. loss 2.33692345e-02
time taken for epoch 0:01:18.410645
Epoch 12
[12,     0] loss: 2.524387e-02 masks: 20.0 16.0 [wd: 4.04e-02] [lr: 4.20e-04] [mem: 5.67e+03] (278.3 ms)
[12,     0] grad_stats: [1.09e-02 2.25e-04] (1.08e-04, 1.71e-02)
[12,   116] loss: 2.399652e-02 masks: 21.5 17.4 [wd: 4.05e-02] [lr: 4.30e-04] [mem: 5.67e+03] (275.1 ms)
[12,   116] grad_stats: [4.61e-03 1.44e-04] (6.78e-05, 9.19e-03)
[12,   232] loss: 2.374837e-02 masks: 21.7 17.4 [wd: 4.05e-02] [lr: 4.40e-04] [mem: 5.67e+03] (264.1 ms)
[12,   232] grad_stats: [7.04e-03 2.28e-04] (8.18e-05, 1.08e-02)
avg. loss 2.37483736e-02
time taken for epoch 0:01:16.089708
Epoch 13
[13,     0] loss: 2.877020e-02 masks: 17.0 16.0 [wd: 4.05e-02] [lr: 4.40e-04] [mem: 5.67e+03] (243.1 ms)
[13,     0] grad_stats: [8.54e-03 3.13e-04] (1.03e-04, 1.16e-02)
[13,   116] loss: 2.472429e-02 masks: 21.1 17.3 [wd: 4.06e-02] [lr: 4.50e-04] [mem: 5.67e+03] (271.3 ms)
[13,   116] grad_stats: [5.58e-03 2.81e-04] (8.79e-05, 7.44e-03)
[13,   232] loss: 2.466508e-02 masks: 21.6 17.4 [wd: 4.06e-02] [lr: 4.60e-04] [mem: 5.67e+03] (253.1 ms)
[13,   232] grad_stats: [5.09e-03 1.90e-04] (6.46e-05, 8.11e-03)
avg. loss 2.46650791e-02
time taken for epoch 0:01:13.295136
Epoch 14
[14,     0] loss: 2.798595e-02 masks: 17.0 16.0 [wd: 4.06e-02] [lr: 4.60e-04] [mem: 5.67e+03] (239.0 ms)
[14,     0] grad_stats: [7.29e-03 3.98e-04] (9.77e-05, 8.88e-03)
[14,   116] loss: 2.508085e-02 masks: 22.0 17.3 [wd: 4.06e-02] [lr: 4.70e-04] [mem: 5.67e+03] (276.8 ms)
[14,   116] grad_stats: [1.03e-02 3.33e-04] (9.56e-05, 1.19e-02)
[14,   232] loss: 2.510245e-02 masks: 22.2 17.2 [wd: 4.07e-02] [lr: 4.80e-04] [mem: 5.67e+03] (251.6 ms)
[14,   232] grad_stats: [1.03e-02 3.43e-04] (7.80e-05, 1.27e-02)
avg. loss 2.51024544e-02
time taken for epoch 0:01:12.913484
Epoch 15
[15,     0] loss: 2.829447e-02 masks: 21.0 20.0 [wd: 4.07e-02] [lr: 4.80e-04] [mem: 5.67e+03] (255.7 ms)
[15,     0] grad_stats: [1.01e-02 6.39e-04] (9.43e-05, 1.36e-02)
[15,   116] loss: 2.445201e-02 masks: 22.8 17.0 [wd: 4.07e-02] [lr: 4.90e-04] [mem: 5.67e+03] (280.7 ms)
[15,   116] grad_stats: [8.34e-03 4.90e-04] (7.14e-05, 1.10e-02)
[15,   232] loss: 2.525555e-02 masks: 22.1 17.3 [wd: 4.08e-02] [lr: 5.00e-04] [mem: 5.67e+03] (250.2 ms)
[15,   232] grad_stats: [9.56e-03 3.85e-04] (7.99e-05, 1.68e-02)
avg. loss 2.52555546e-02
time taken for epoch 0:01:12.422844
Epoch 16
[16,     0] loss: 2.312008e-02 masks: 25.0 16.0 [wd: 4.08e-02] [lr: 5.00e-04] [mem: 5.67e+03] (175.9 ms)
[16,     0] grad_stats: [6.96e-03 3.48e-04] (7.35e-05, 8.64e-03)
[16,   116] loss: 2.545507e-02 masks: 22.1 17.1 [wd: 4.09e-02] [lr: 5.10e-04] [mem: 5.67e+03] (271.2 ms)
[16,   116] grad_stats: [6.03e-03 3.12e-04] (7.72e-05, 9.68e-03)
[16,   232] loss: 2.573629e-02 masks: 21.9 17.3 [wd: 4.09e-02] [lr: 5.20e-04] [mem: 5.67e+03] (274.5 ms)
[16,   232] grad_stats: [5.36e-03 2.24e-04] (6.48e-05, 1.20e-02)
avg. loss 2.57362859e-02
time taken for epoch 0:01:18.079306
Epoch 17
[17,     0] loss: 2.761979e-02 masks: 19.0 20.0 [wd: 4.09e-02] [lr: 5.20e-04] [mem: 5.67e+03] (163.6 ms)
[17,     0] grad_stats: [7.49e-03 2.65e-04] (8.35e-05, 1.35e-02)
[17,   116] loss: 2.683676e-02 masks: 21.8 17.4 [wd: 4.10e-02] [lr: 5.30e-04] [mem: 5.67e+03] (168.9 ms)
[17,   116] grad_stats: [7.73e-03 4.90e-04] (6.49e-05, 1.10e-02)
[17,   232] loss: 2.698105e-02 masks: 21.8 17.3 [wd: 4.10e-02] [lr: 5.40e-04] [mem: 5.67e+03] (168.9 ms)
[17,   232] grad_stats: [5.42e-03 2.09e-04] (5.94e-05, 7.51e-03)
avg. loss 2.69810528e-02
time taken for epoch 0:00:53.287871
Epoch 18
[18,     0] loss: 2.349432e-02 masks: 25.0 16.0 [wd: 4.10e-02] [lr: 5.40e-04] [mem: 5.67e+03] (172.8 ms)
[18,     0] grad_stats: [4.63e-03 2.50e-04] (5.32e-05, 6.14e-03)
[18,   116] loss: 2.608936e-02 masks: 22.3 17.0 [wd: 4.11e-02] [lr: 5.50e-04] [mem: 5.67e+03] (169.4 ms)
[18,   116] grad_stats: [4.56e-03 1.35e-04] (3.78e-05, 7.53e-03)
[18,   232] loss: 2.557500e-02 masks: 22.5 17.0 [wd: 4.11e-02] [lr: 5.60e-04] [mem: 5.67e+03] (170.6 ms)
[18,   232] grad_stats: [5.61e-03 3.45e-04] (4.48e-05, 6.14e-03)
avg. loss 2.55750007e-02
time taken for epoch 0:00:53.158112
Epoch 19
[19,     0] loss: 2.651613e-02 masks: 17.0 20.0 [wd: 4.12e-02] [lr: 5.60e-04] [mem: 5.67e+03] (157.8 ms)
[19,     0] grad_stats: [4.71e-03 3.47e-04] (5.72e-05, 7.23e-03)
[19,   116] loss: 2.533442e-02 masks: 21.4 17.6 [wd: 4.12e-02] [lr: 5.70e-04] [mem: 5.67e+03] (167.5 ms)
[19,   116] grad_stats: [7.44e-03 3.90e-04] (8.35e-05, 8.95e-03)
[19,   232] loss: 2.516441e-02 masks: 21.7 17.4 [wd: 4.13e-02] [lr: 5.80e-04] [mem: 5.67e+03] (168.7 ms)
[19,   232] grad_stats: [6.74e-03 3.53e-04] (5.30e-05, 7.09e-03)
avg. loss 2.51644098e-02
time taken for epoch 0:00:52.794405
Epoch 20
[20,     0] loss: 2.611849e-02 masks: 16.0 20.0 [wd: 4.13e-02] [lr: 5.80e-04] [mem: 5.67e+03] (152.2 ms)
[20,     0] grad_stats: [4.56e-03 3.58e-04] (5.49e-05, 7.77e-03)
[20,   116] loss: 2.554983e-02 masks: 22.0 17.1 [wd: 4.13e-02] [lr: 5.90e-04] [mem: 5.67e+03] (168.8 ms)
[20,   116] grad_stats: [5.61e-03 6.84e-04] (7.16e-05, 7.03e-03)
[20,   232] loss: 2.555412e-02 masks: 21.8 17.2 [wd: 4.14e-02] [lr: 6.00e-04] [mem: 5.67e+03] (168.7 ms)
[20,   232] grad_stats: [5.37e-03 4.17e-04] (6.14e-05, 8.31e-03)
avg. loss 2.55541174e-02
time taken for epoch 0:00:52.741578
Epoch 21
[21,     0] loss: 2.353274e-02 masks: 24.0 16.0 [wd: 4.14e-02] [lr: 6.00e-04] [mem: 5.67e+03] (169.4 ms)
[21,     0] grad_stats: [9.82e-03 4.71e-04] (6.32e-05, 1.23e-02)
[21,   116] loss: 2.511535e-02 masks: 22.1 17.1 [wd: 4.15e-02] [lr: 6.10e-04] [mem: 5.67e+03] (168.7 ms)
[21,   116] grad_stats: [6.00e-03 3.50e-04] (4.76e-05, 8.42e-03)
[21,   232] loss: 2.566410e-02 masks: 21.8 17.2 [wd: 4.16e-02] [lr: 6.20e-04] [mem: 5.67e+03] (168.4 ms)
[21,   232] grad_stats: [6.94e-03 5.23e-04] (4.78e-05, 9.15e-03)
avg. loss 2.56641044e-02
time taken for epoch 0:00:52.654624
Epoch 22
[22,     0] loss: 2.354105e-02 masks: 26.0 16.0 [wd: 4.16e-02] [lr: 6.20e-04] [mem: 5.67e+03] (177.5 ms)
[22,     0] grad_stats: [4.92e-03 3.36e-04] (4.02e-05, 7.09e-03)
[22,   116] loss: 2.516649e-02 masks: 22.2 17.2 [wd: 4.16e-02] [lr: 6.30e-04] [mem: 5.67e+03] (169.3 ms)
[22,   116] grad_stats: [5.49e-03 4.22e-04] (7.22e-05, 8.61e-03)
[22,   232] loss: 2.533445e-02 masks: 22.1 17.3 [wd: 4.17e-02] [lr: 6.40e-04] [mem: 5.67e+03] (169.7 ms)
[22,   232] grad_stats: [5.43e-03 2.41e-04] (4.63e-05, 1.10e-02)
avg. loss 2.53344452e-02
time taken for epoch 0:00:52.961924
Epoch 23
[23,     0] loss: 2.356646e-02 masks: 23.0 16.0 [wd: 4.17e-02] [lr: 6.40e-04] [mem: 5.67e+03] (167.6 ms)
[23,     0] grad_stats: [6.16e-03 3.74e-04] (6.02e-05, 1.19e-02)
[23,   116] loss: 2.551890e-02 masks: 22.2 17.1 [wd: 4.18e-02] [lr: 6.50e-04] [mem: 5.67e+03] (169.1 ms)
[23,   116] grad_stats: [5.06e-03 4.01e-04] (5.79e-05, 1.05e-02)
[23,   232] loss: 2.554654e-02 masks: 21.6 17.3 [wd: 4.19e-02] [lr: 6.60e-04] [mem: 5.67e+03] (168.3 ms)
[23,   232] grad_stats: [5.84e-03 7.65e-04] (5.86e-05, 6.92e-03)
avg. loss 2.55465403e-02
time taken for epoch 0:00:52.632779
Epoch 24
[24,     0] loss: 2.979803e-02 masks: 18.0 20.0 [wd: 4.19e-02] [lr: 6.60e-04] [mem: 5.67e+03] (159.8 ms)
[24,     0] grad_stats: [5.18e-03 3.17e-04] (4.19e-05, 7.15e-03)
[24,   116] loss: 2.482763e-02 masks: 22.4 17.0 [wd: 4.20e-02] [lr: 6.70e-04] [mem: 5.67e+03] (169.5 ms)
[24,   116] grad_stats: [6.00e-03 5.67e-04] (6.81e-05, 6.39e-03)
[24,   232] loss: 2.529519e-02 masks: 22.2 17.2 [wd: 4.20e-02] [lr: 6.80e-04] [mem: 5.67e+03] (169.7 ms)
[24,   232] grad_stats: [3.60e-03 3.79e-04] (2.97e-05, 4.17e-03)
avg. loss 2.52951860e-02
time taken for epoch 0:00:53.031077
Epoch 25
[25,     0] loss: 2.085542e-02 masks: 33.0 12.0 [wd: 4.20e-02] [lr: 6.80e-04] [mem: 5.67e+03] (191.4 ms)
[25,     0] grad_stats: [3.64e-03 3.62e-04] (3.50e-05, 4.72e-03)
[25,   116] loss: 2.593747e-02 masks: 22.1 17.3 [wd: 4.21e-02] [lr: 6.90e-04] [mem: 5.67e+03] (169.0 ms)
[25,   116] grad_stats: [5.02e-03 3.75e-04] (6.28e-05, 5.77e-03)
[25,   232] loss: 2.642283e-02 masks: 21.8 17.5 [wd: 4.22e-02] [lr: 7.00e-04] [mem: 5.67e+03] (169.2 ms)
[25,   232] grad_stats: [4.98e-03 4.76e-04] (5.89e-05, 8.41e-03)
avg. loss 2.64228278e-02
time taken for epoch 0:00:52.832573
Epoch 26
[26,     0] loss: 3.021999e-02 masks: 14.0 20.0 [wd: 4.22e-02] [lr: 7.00e-04] [mem: 5.67e+03] (149.3 ms)
[26,     0] grad_stats: [3.46e-03 2.81e-04] (3.28e-05, 5.57e-03)
[26,   116] loss: 2.651721e-02 masks: 22.0 17.4 [wd: 4.23e-02] [lr: 7.10e-04] [mem: 5.67e+03] (169.1 ms)
[26,   116] grad_stats: [4.06e-03 6.01e-04] (4.37e-05, 5.76e-03)
[26,   232] loss: 2.720803e-02 masks: 21.5 17.5 [wd: 4.24e-02] [lr: 7.20e-04] [mem: 5.67e+03] (168.4 ms)
[26,   232] grad_stats: [4.54e-03 4.16e-04] (4.02e-05, 6.57e-03)
avg. loss 2.72080284e-02
time taken for epoch 0:00:52.645008
Epoch 27
[27,     0] loss: 2.901114e-02 masks: 22.0 20.0 [wd: 4.24e-02] [lr: 7.20e-04] [mem: 5.67e+03] (171.5 ms)
[27,     0] grad_stats: [5.51e-03 3.96e-04] (5.26e-05, 5.86e-03)
[27,   116] loss: 2.857939e-02 masks: 21.2 17.6 [wd: 4.25e-02] [lr: 7.30e-04] [mem: 5.67e+03] (167.1 ms)
[27,   116] grad_stats: [4.13e-03 3.73e-04] (3.28e-05, 4.70e-03)
[27,   232] loss: 2.801300e-02 masks: 21.9 17.3 [wd: 4.26e-02] [lr: 7.40e-04] [mem: 5.67e+03] (169.2 ms)
[27,   232] grad_stats: [5.71e-03 8.11e-04] (5.06e-05, 7.14e-03)
avg. loss 2.80130046e-02
time taken for epoch 0:00:52.821374
Epoch 28
[28,     0] loss: 2.562543e-02 masks: 21.0 16.0 [wd: 4.26e-02] [lr: 7.40e-04] [mem: 5.67e+03] (165.2 ms)
[28,     0] grad_stats: [5.00e-03 3.09e-04] (3.65e-05, 6.91e-03)
[28,   116] loss: 2.816120e-02 masks: 22.1 17.3 [wd: 4.27e-02] [lr: 7.50e-04] [mem: 5.67e+03] (169.5 ms)
[28,   116] grad_stats: [8.34e-03 5.39e-04] (5.28e-05, 8.34e-03)
[28,   232] loss: 2.837214e-02 masks: 21.6 17.5 [wd: 4.28e-02] [lr: 7.60e-04] [mem: 5.67e+03] (168.6 ms)
[28,   232] grad_stats: [4.58e-03 4.31e-04] (3.19e-05, 8.88e-03)
avg. loss 2.83721420e-02
time taken for epoch 0:00:52.710419
Epoch 29
[29,     0] loss: 3.384751e-02 masks: 17.0 20.0 [wd: 4.28e-02] [lr: 7.60e-04] [mem: 5.67e+03] (156.5 ms)
[29,     0] grad_stats: [8.89e-03 8.11e-04] (5.66e-05, 1.12e-02)
[29,   116] loss: 2.654016e-02 masks: 22.5 17.0 [wd: 4.29e-02] [lr: 7.70e-04] [mem: 5.67e+03] (169.9 ms)
[29,   116] grad_stats: [4.86e-03 6.01e-04] (4.01e-05, 7.62e-03)
[29,   232] loss: 2.657527e-02 masks: 22.5 16.9 [wd: 4.30e-02] [lr: 7.80e-04] [mem: 5.67e+03] (170.3 ms)
[29,   232] grad_stats: [4.72e-03 9.04e-04] (4.70e-05, 5.44e-03)
avg. loss 2.65752685e-02
time taken for epoch 0:00:53.085071
Epoch 30
[30,     0] loss: 2.242343e-02 masks: 25.0 16.0 [wd: 4.30e-02] [lr: 7.80e-04] [mem: 5.67e+03] (173.8 ms)
[30,     0] grad_stats: [4.69e-03 3.58e-04] (2.78e-05, 7.01e-03)
[30,   116] loss: 2.610909e-02 masks: 21.7 17.2 [wd: 4.31e-02] [lr: 7.90e-04] [mem: 5.67e+03] (168.1 ms)
[30,   116] grad_stats: [3.88e-03 3.00e-04] (2.40e-05, 5.32e-03)
[30,   232] loss: 2.602849e-02 masks: 21.6 17.2 [wd: 4.32e-02] [lr: 8.00e-04] [mem: 5.67e+03] (168.2 ms)
[30,   232] grad_stats: [3.84e-03 3.85e-04] (2.83e-05, 4.89e-03)
avg. loss 2.60284939e-02
time taken for epoch 0:00:52.657515
Epoch 31
[31,     0] loss: 2.577067e-02 masks: 14.0 20.0 [wd: 4.32e-02] [lr: 8.00e-04] [mem: 5.67e+03] (149.3 ms)
[31,     0] grad_stats: [3.49e-03 3.53e-04] (2.78e-05, 4.17e-03)
[31,   116] loss: 2.596433e-02 masks: 21.4 17.4 [wd: 4.33e-02] [lr: 8.10e-04] [mem: 5.67e+03] (167.4 ms)
[31,   116] grad_stats: [5.51e-03 5.03e-04] (3.94e-05, 7.20e-03)
[31,   232] loss: 2.552080e-02 masks: 22.1 17.1 [wd: 4.34e-02] [lr: 8.20e-04] [mem: 5.67e+03] (169.3 ms)
[31,   232] grad_stats: [4.46e-03 3.50e-04] (3.54e-05, 8.02e-03)
avg. loss 2.55207978e-02
time taken for epoch 0:00:53.071890
Epoch 32
[32,     0] loss: 2.542561e-02 masks: 19.0 20.0 [wd: 4.34e-02] [lr: 8.20e-04] [mem: 5.67e+03] (262.6 ms)
[32,     0] grad_stats: [4.40e-03 6.13e-04] (2.93e-05, 7.15e-03)
[32,   116] loss: 2.449741e-02 masks: 21.7 17.3 [wd: 4.35e-02] [lr: 8.30e-04] [mem: 5.67e+03] (277.3 ms)
[32,   116] grad_stats: [3.85e-03 3.06e-04] (2.45e-05, 5.01e-03)
[32,   232] loss: 2.448802e-02 masks: 22.0 17.1 [wd: 4.36e-02] [lr: 8.40e-04] [mem: 5.67e+03] (246.4 ms)
[32,   232] grad_stats: [4.82e-03 4.24e-04] (2.93e-05, 5.88e-03)
avg. loss 2.44880219e-02
time taken for epoch 0:01:11.622978
Epoch 33
[33,     0] loss: 2.504583e-02 masks: 17.0 16.0 [wd: 4.36e-02] [lr: 8.40e-04] [mem: 5.67e+03] (237.4 ms)
[33,     0] grad_stats: [3.02e-03 2.92e-04] (3.03e-05, 4.04e-03)
[33,   116] loss: 2.361891e-02 masks: 22.0 17.2 [wd: 4.37e-02] [lr: 8.50e-04] [mem: 5.67e+03] (277.4 ms)
[33,   116] grad_stats: [2.36e-03 5.76e-04] (3.25e-05, 5.42e-03)
[33,   232] loss: 2.358902e-02 masks: 22.0 17.3 [wd: 4.39e-02] [lr: 8.60e-04] [mem: 5.67e+03] (246.8 ms)
[33,   232] grad_stats: [2.80e-03 2.80e-04] (2.45e-05, 3.47e-03)
avg. loss 2.35890219e-02
time taken for epoch 0:01:11.683526
Epoch 34
[34,     0] loss: 2.213434e-02 masks: 20.0 16.0 [wd: 4.39e-02] [lr: 8.60e-04] [mem: 5.67e+03] (282.4 ms)
[34,     0] grad_stats: [2.92e-03 2.78e-04] (2.68e-05, 3.81e-03)
[34,   116] loss: 2.300158e-02 masks: 22.0 17.4 [wd: 4.40e-02] [lr: 8.70e-04] [mem: 5.67e+03] (277.7 ms)
[34,   116] grad_stats: [4.59e-03 3.00e-04] (2.57e-05, 4.59e-03)
[34,   232] loss: 2.319352e-02 masks: 21.9 17.4 [wd: 4.41e-02] [lr: 8.80e-04] [mem: 5.67e+03] (247.1 ms)
[34,   232] grad_stats: [3.09e-03 2.66e-04] (3.25e-05, 4.43e-03)
avg. loss 2.31935241e-02
time taken for epoch 0:01:11.849327
Epoch 35
[35,     0] loss: 2.574355e-02 masks: 20.0 20.0 [wd: 4.41e-02] [lr: 8.80e-04] [mem: 5.67e+03] (290.5 ms)
[35,     0] grad_stats: [2.18e-03 4.18e-04] (2.54e-05, 3.72e-03)
[35,   116] loss: 2.326938e-02 masks: 21.8 17.3 [wd: 4.42e-02] [lr: 8.90e-04] [mem: 5.67e+03] (277.9 ms)
[35,   116] grad_stats: [2.05e-03 2.00e-04] (2.42e-05, 2.88e-03)
[35,   232] loss: 2.301303e-02 masks: 21.9 17.3 [wd: 4.43e-02] [lr: 9.00e-04] [mem: 5.67e+03] (246.6 ms)
[35,   232] grad_stats: [2.57e-03 4.40e-04] (2.61e-05, 6.08e-03)
avg. loss 2.30130330e-02
time taken for epoch 0:01:11.680716
Epoch 36
[36,     0] loss: 2.462072e-02 masks: 21.0 16.0 [wd: 4.43e-02] [lr: 9.00e-04] [mem: 5.67e+03] (206.3 ms)
[36,     0] grad_stats: [4.75e-03 2.53e-04] (2.39e-05, 6.97e-03)
[36,   116] loss: 2.289295e-02 masks: 22.7 17.0 [wd: 4.45e-02] [lr: 9.10e-04] [mem: 5.67e+03] (279.3 ms)
[36,   116] grad_stats: [2.42e-03 2.24e-04] (2.19e-05, 3.93e-03)
[36,   232] loss: 2.328513e-02 masks: 22.2 17.1 [wd: 4.46e-02] [lr: 9.20e-04] [mem: 5.67e+03] (279.3 ms)
[36,   232] grad_stats: [3.02e-03 3.42e-04] (1.89e-05, 6.35e-03)
avg. loss 2.32851329e-02
time taken for epoch 0:01:19.445758
Epoch 37
[37,     0] loss: 2.573195e-02 masks: 23.0 20.0 [wd: 4.46e-02] [lr: 9.20e-04] [mem: 5.67e+03] (299.5 ms)
[37,     0] grad_stats: [2.95e-03 5.16e-04] (3.59e-05, 5.39e-03)
[37,   116] loss: 2.262890e-02 masks: 22.4 17.3 [wd: 4.47e-02] [lr: 9.30e-04] [mem: 5.67e+03] (282.1 ms)
[37,   116] grad_stats: [2.42e-03 2.42e-04] (3.15e-05, 4.06e-03)
[37,   232] loss: 2.276891e-02 masks: 22.3 17.2 [wd: 4.48e-02] [lr: 9.40e-04] [mem: 5.67e+03] (267.5 ms)
[37,   232] grad_stats: [4.22e-03 4.86e-04] (4.29e-05, 5.60e-03)
avg. loss 2.27689063e-02
time taken for epoch 0:01:16.972588
Epoch 38
[38,     0] loss: 2.362141e-02 masks: 20.0 20.0 [wd: 4.48e-02] [lr: 9.40e-04] [mem: 5.67e+03] (264.3 ms)
[38,     0] grad_stats: [3.92e-03 5.63e-04] (3.17e-05, 4.13e-03)
[38,   116] loss: 2.340472e-02 masks: 21.6 17.5 [wd: 4.50e-02] [lr: 9.50e-04] [mem: 5.67e+03] (278.8 ms)
[38,   116] grad_stats: [3.10e-03 6.16e-04] (3.97e-05, 7.69e-03)
[38,   232] loss: 2.344465e-02 masks: 21.6 17.6 [wd: 4.51e-02] [lr: 9.60e-04] [mem: 5.67e+03] (255.4 ms)
[38,   232] grad_stats: [2.86e-03 3.85e-04] (2.69e-05, 3.98e-03)
avg. loss 2.34446532e-02
time taken for epoch 0:01:14.078574
Epoch 39
[39,     0] loss: 2.475609e-02 masks: 17.0 20.0 [wd: 4.51e-02] [lr: 9.60e-04] [mem: 5.67e+03] (241.1 ms)
[39,     0] grad_stats: [3.40e-03 2.18e-04] (2.04e-05, 3.40e-03)
[39,   116] loss: 2.430618e-02 masks: 21.6 17.6 [wd: 4.52e-02] [lr: 9.70e-04] [mem: 5.67e+03] (275.5 ms)
[39,   116] grad_stats: [2.18e-03 2.99e-04] (2.63e-05, 5.23e-03)
[39,   232] loss: 2.403821e-02 masks: 21.7 17.5 [wd: 4.54e-02] [lr: 9.80e-04] [mem: 5.67e+03] (249.5 ms)
[39,   232] grad_stats: [2.47e-03 1.78e-04] (1.71e-05, 2.90e-03)
avg. loss 2.40382108e-02
time taken for epoch 0:01:12.510347
Epoch 40
[40,     0] loss: 2.372964e-02 masks: 26.0 16.0 [wd: 4.54e-02] [lr: 9.80e-04] [mem: 5.67e+03] (302.7 ms)
[40,     0] grad_stats: [2.17e-03 3.11e-04] (1.64e-05, 3.38e-03)
[40,   116] loss: 2.273568e-02 masks: 22.6 16.9 [wd: 4.55e-02] [lr: 9.90e-04] [mem: 5.67e+03] (280.8 ms)
[40,   116] grad_stats: [2.96e-03 1.98e-04] (2.21e-05, 3.15e-03)
[40,   232] loss: 2.317228e-02 masks: 21.8 17.3 [wd: 4.57e-02] [lr: 1.00e-03] [mem: 5.67e+03] (250.3 ms)
[40,   232] grad_stats: [1.88e-03 1.96e-04] (1.89e-05, 1.88e-03)
avg. loss 2.31722815e-02
time taken for epoch 0:01:12.522867
Epoch 41
[41,     0] loss: 2.783748e-02 masks: 16.0 20.0 [wd: 4.57e-02] [lr: 1.00e-03] [mem: 5.67e+03] (197.4 ms)
[41,     0] grad_stats: [1.67e-03 3.50e-04] (2.00e-05, 2.59e-03)
[41,   116] loss: 2.214496e-02 masks: 22.6 17.0 [wd: 4.58e-02] [lr: 1.00e-03] [mem: 5.67e+03] (278.4 ms)
[41,   116] grad_stats: [1.64e-03 2.80e-04] (2.67e-05, 4.02e-03)
[41,   232] loss: 2.220527e-02 masks: 22.2 17.1 [wd: 4.59e-02] [lr: 1.00e-03] [mem: 5.67e+03] (277.9 ms)
[41,   232] grad_stats: [2.80e-03 4.67e-04] (2.72e-05, 4.18e-03)
avg. loss 2.22052729e-02
time taken for epoch 0:01:19.015017
Epoch 42
[42,     0] loss: 1.529500e-02 masks: 35.0 12.0 [wd: 4.59e-02] [lr: 1.00e-03] [mem: 5.67e+03] (330.5 ms)
[42,     0] grad_stats: [1.65e-03 1.78e-04] (1.86e-05, 2.57e-03)
[42,   116] loss: 2.194974e-02 masks: 21.8 17.2 [wd: 4.61e-02] [lr: 1.00e-03] [mem: 5.67e+03] (204.5 ms)
[42,   116] grad_stats: [2.72e-03 2.45e-04] (2.05e-05, 3.53e-03)
[42,   232] loss: 2.250902e-02 masks: 21.2 17.4 [wd: 4.62e-02] [lr: 1.00e-03] [mem: 5.67e+03] (221.9 ms)
[42,   232] grad_stats: [2.98e-03 6.37e-04] (3.66e-05, 5.34e-03)
avg. loss 2.25090211e-02
time taken for epoch 0:01:06.158774
Epoch 43
[43,     0] loss: 1.967563e-02 masks: 35.0 12.0 [wd: 4.62e-02] [lr: 1.00e-03] [mem: 5.67e+03] (327.4 ms)
[43,     0] grad_stats: [3.32e-03 5.50e-04] (3.16e-05, 5.06e-03)
[43,   116] loss: 2.265929e-02 masks: 22.2 17.2 [wd: 4.64e-02] [lr: 1.00e-03] [mem: 5.67e+03] (248.0 ms)
[43,   116] grad_stats: [2.65e-03 2.10e-04] (2.35e-05, 2.85e-03)
[43,   232] loss: 2.280938e-02 masks: 21.8 17.3 [wd: 4.65e-02] [lr: 1.00e-03] [mem: 5.67e+03] (246.6 ms)
[43,   232] grad_stats: [3.92e-03 2.42e-04] (2.13e-05, 5.42e-03)
avg. loss 2.28093809e-02
time taken for epoch 0:01:11.682768
Epoch 44
[44,     0] loss: 1.645619e-02 masks: 33.0 12.0 [wd: 4.65e-02] [lr: 1.00e-03] [mem: 5.67e+03] (336.1 ms)
[44,     0] grad_stats: [3.19e-03 3.51e-04] (2.94e-05, 5.14e-03)
[44,   116] loss: 2.320375e-02 masks: 21.4 17.5 [wd: 4.67e-02] [lr: 1.00e-03] [mem: 5.67e+03] (243.1 ms)
[44,   116] grad_stats: [1.79e-03 2.79e-04] (2.24e-05, 2.97e-03)
[44,   232] loss: 2.319781e-02 masks: 21.9 17.3 [wd: 4.68e-02] [lr: 1.00e-03] [mem: 5.67e+03] (247.3 ms)
[44,   232] grad_stats: [1.38e-03 1.72e-04] (2.37e-05, 3.57e-03)
avg. loss 2.31978122e-02
time taken for epoch 0:01:11.937799
Epoch 45
[45,     0] loss: 2.540160e-02 masks: 17.0 16.0 [wd: 4.68e-02] [lr: 1.00e-03] [mem: 5.67e+03] (251.9 ms)
[45,     0] grad_stats: [1.53e-03 2.02e-04] (2.07e-05, 2.58e-03)
[45,   116] loss: 2.375635e-02 masks: 21.4 17.4 [wd: 4.70e-02] [lr: 1.00e-03] [mem: 5.67e+03] (239.3 ms)
[45,   116] grad_stats: [2.92e-03 2.46e-04] (2.57e-05, 3.97e-03)
[45,   232] loss: 2.356098e-02 masks: 22.1 17.2 [wd: 4.71e-02] [lr: 1.00e-03] [mem: 5.67e+03] (248.6 ms)
[45,   232] grad_stats: [3.22e-03 4.57e-04] (2.09e-05, 3.73e-03)
avg. loss 2.35609848e-02
time taken for epoch 0:01:12.080556
Epoch 46
[46,     0] loss: 1.932718e-02 masks: 23.0 16.0 [wd: 4.71e-02] [lr: 1.00e-03] [mem: 5.67e+03] (259.1 ms)
[46,     0] grad_stats: [2.27e-03 2.44e-04] (2.13e-05, 2.85e-03)
[46,   116] loss: 2.274736e-02 masks: 23.3 16.7 [wd: 4.73e-02] [lr: 1.00e-03] [mem: 5.67e+03] (239.5 ms)
[46,   116] grad_stats: [2.83e-03 3.27e-04] (2.64e-05, 3.95e-03)
[46,   232] loss: 2.328481e-02 masks: 22.3 17.2 [wd: 4.75e-02] [lr: 1.00e-03] [mem: 5.67e+03] (218.6 ms)
[46,   232] grad_stats: [3.92e-03 2.79e-04] (2.71e-05, 6.76e-03)
avg. loss 2.32848054e-02
time taken for epoch 0:01:05.200459
Epoch 47
[47,     0] loss: 2.084203e-02 masks: 26.0 16.0 [wd: 4.75e-02] [lr: 1.00e-03] [mem: 5.67e+03] (273.3 ms)
[47,     0] grad_stats: [2.76e-03 2.93e-04] (2.42e-05, 2.90e-03)
[47,   116] loss: 2.295254e-02 masks: 22.1 17.2 [wd: 4.76e-02] [lr: 1.00e-03] [mem: 5.67e+03] (279.0 ms)
[47,   116] grad_stats: [1.47e-03 2.65e-04] (1.72e-05, 2.47e-03)
[47,   232] loss: 2.307959e-02 masks: 22.0 17.3 [wd: 4.78e-02] [lr: 9.99e-04] [mem: 5.67e+03] (251.4 ms)
[47,   232] grad_stats: [2.07e-03 2.48e-04] (1.86e-05, 2.89e-03)
avg. loss 2.30795938e-02
time taken for epoch 0:01:12.937350
Epoch 48
[48,     0] loss: 2.419986e-02 masks: 24.0 16.0 [wd: 4.78e-02] [lr: 9.99e-04] [mem: 5.67e+03] (264.6 ms)
[48,     0] grad_stats: [2.24e-03 3.75e-04] (2.67e-05, 3.70e-03)
[48,   116] loss: 2.316545e-02 masks: 21.4 17.6 [wd: 4.80e-02] [lr: 9.99e-04] [mem: 5.67e+03] (278.3 ms)
[48,   116] grad_stats: [1.57e-03 2.78e-04] (1.82e-05, 3.58e-03)
[48,   232] loss: 2.310754e-02 masks: 21.8 17.5 [wd: 4.81e-02] [lr: 9.99e-04] [mem: 5.67e+03] (248.3 ms)
[48,   232] grad_stats: [2.65e-03 1.90e-04] (1.71e-05, 2.80e-03)
avg. loss 2.31075428e-02
time taken for epoch 0:01:12.025363
Epoch 49
[49,     0] loss: 2.162763e-02 masks: 23.0 16.0 [wd: 4.81e-02] [lr: 9.99e-04] [mem: 5.67e+03] (267.9 ms)
[49,     0] grad_stats: [1.68e-03 1.67e-04] (1.54e-05, 2.31e-03)
[49,   116] loss: 2.283992e-02 masks: 22.0 17.3 [wd: 4.83e-02] [lr: 9.99e-04] [mem: 5.67e+03] (280.2 ms)
[49,   116] grad_stats: [1.82e-03 2.10e-04] (1.96e-05, 2.99e-03)
[49,   232] loss: 2.312870e-02 masks: 22.0 17.3 [wd: 4.85e-02] [lr: 9.99e-04] [mem: 5.67e+03] (248.7 ms)
[49,   232] grad_stats: [2.24e-03 3.56e-04] (2.61e-05, 3.14e-03)
avg. loss 2.31286979e-02
time taken for epoch 0:01:12.177784
Epoch 50
[50,     0] loss: 2.613121e-02 masks: 17.0 16.0 [wd: 4.85e-02] [lr: 9.99e-04] [mem: 5.67e+03] (249.5 ms)
[50,     0] grad_stats: [1.79e-03 3.19e-04] (2.83e-05, 4.25e-03)
[50,   116] loss: 2.354375e-02 masks: 22.6 16.9 [wd: 4.86e-02] [lr: 9.99e-04] [mem: 5.67e+03] (280.5 ms)
[50,   116] grad_stats: [2.57e-03 1.72e-04] (1.61e-05, 2.57e-03)
[50,   232] loss: 2.386828e-02 masks: 22.2 17.2 [wd: 4.88e-02] [lr: 9.99e-04] [mem: 5.67e+03] (248.3 ms)
[50,   232] grad_stats: [1.04e-03 1.72e-04] (1.82e-05, 1.70e-03)
avg. loss 2.38682841e-02
time taken for epoch 0:01:12.188852
Epoch 51
[51,     0] loss: 2.483651e-02 masks: 23.0 16.0 [wd: 4.88e-02] [lr: 9.99e-04] [mem: 5.67e+03] (290.0 ms)
[51,     0] grad_stats: [1.87e-03 2.80e-04] (2.80e-05, 3.20e-03)
[51,   116] loss: 2.420395e-02 masks: 22.0 17.2 [wd: 4.90e-02] [lr: 9.99e-04] [mem: 5.67e+03] (279.2 ms)
[51,   116] grad_stats: [2.99e-03 2.76e-04] (2.31e-05, 2.99e-03)
[51,   232] loss: 2.458099e-02 masks: 21.9 17.3 [wd: 4.92e-02] [lr: 9.99e-04] [mem: 5.67e+03] (243.5 ms)
[51,   232] grad_stats: [1.85e-03 1.78e-04] (1.58e-05, 2.55e-03)
avg. loss 2.45809879e-02
time taken for epoch 0:01:10.926429
Epoch 52
[52,     0] loss: 2.841451e-02 masks: 12.0 20.0 [wd: 4.92e-02] [lr: 9.99e-04] [mem: 5.67e+03] (226.4 ms)
[52,     0] grad_stats: [1.65e-03 2.57e-04] (2.25e-05, 2.37e-03)
[52,   116] loss: 2.462489e-02 masks: 22.4 17.1 [wd: 4.93e-02] [lr: 9.98e-04] [mem: 5.67e+03] (281.2 ms)
[52,   116] grad_stats: [3.65e-03 2.84e-04] (2.14e-05, 3.65e-03)
[52,   232] loss: 2.524555e-02 masks: 22.0 17.3 [wd: 4.95e-02] [lr: 9.98e-04] [mem: 5.67e+03] (259.0 ms)
[52,   232] grad_stats: [1.96e-03 2.48e-04] (2.66e-05, 4.20e-03)
avg. loss 2.52455544e-02
time taken for epoch 0:01:14.587481
Epoch 53
[53,     0] loss: 2.547081e-02 masks: 21.0 16.0 [wd: 4.95e-02] [lr: 9.98e-04] [mem: 5.67e+03] (256.3 ms)
[53,     0] grad_stats: [2.78e-03 4.02e-04] (1.99e-05, 3.31e-03)
[53,   116] loss: 2.617304e-02 masks: 21.7 17.5 [wd: 4.97e-02] [lr: 9.98e-04] [mem: 5.67e+03] (278.3 ms)
[53,   116] grad_stats: [2.34e-03 2.75e-04] (2.47e-05, 3.30e-03)
[53,   232] loss: 2.595276e-02 masks: 21.8 17.5 [wd: 4.99e-02] [lr: 9.98e-04] [mem: 5.67e+03] (253.2 ms)
[53,   232] grad_stats: [3.76e-03 3.16e-04] (2.65e-05, 3.76e-03)
avg. loss 2.59527556e-02
time taken for epoch 0:01:13.834430
Epoch 54
[54,     0] loss: 1.897836e-02 masks: 33.0 12.0 [wd: 4.99e-02] [lr: 9.98e-04] [mem: 5.67e+03] (324.6 ms)
[54,     0] grad_stats: [2.06e-03 2.26e-04] (1.74e-05, 3.93e-03)
[54,   116] loss: 2.655515e-02 masks: 21.9 17.1 [wd: 5.01e-02] [lr: 9.98e-04] [mem: 5.67e+03] (277.0 ms)
[54,   116] grad_stats: [2.63e-03 3.27e-04] (2.50e-05, 4.53e-03)
[54,   232] loss: 2.634283e-02 masks: 22.4 17.0 [wd: 5.03e-02] [lr: 9.98e-04] [mem: 5.67e+03] (251.4 ms)
[54,   232] grad_stats: [1.44e-03 2.46e-04] (1.86e-05, 2.45e-03)
avg. loss 2.63428333e-02
time taken for epoch 0:01:13.041686
Epoch 55
[55,     0] loss: 2.531796e-02 masks: 20.0 20.0 [wd: 5.03e-02] [lr: 9.98e-04] [mem: 5.67e+03] (271.4 ms)
[55,     0] grad_stats: [2.63e-03 2.88e-04] (2.27e-05, 2.63e-03)
[55,   116] loss: 2.674623e-02 masks: 21.3 17.6 [wd: 5.05e-02] [lr: 9.98e-04] [mem: 5.67e+03] (275.4 ms)
[55,   116] grad_stats: [1.85e-03 1.64e-04] (1.79e-05, 1.85e-03)
[55,   232] loss: 2.690367e-02 masks: 20.9 17.7 [wd: 5.06e-02] [lr: 9.97e-04] [mem: 5.67e+03] (245.7 ms)
[55,   232] grad_stats: [1.45e-03 2.35e-04] (2.68e-05, 2.86e-03)
avg. loss 2.69036669e-02
time taken for epoch 0:01:11.694078
Epoch 56
[56,     0] loss: 2.147231e-02 masks: 27.0 16.0 [wd: 5.06e-02] [lr: 9.97e-04] [mem: 5.67e+03] (306.1 ms)
[56,     0] grad_stats: [2.39e-03 2.66e-04] (1.87e-05, 4.41e-03)
[56,   116] loss: 2.733108e-02 masks: 21.6 17.4 [wd: 5.08e-02] [lr: 9.97e-04] [mem: 5.67e+03] (276.4 ms)
[56,   116] grad_stats: [1.51e-03 2.00e-04] (2.67e-05, 4.53e-03)
[56,   232] loss: 2.738206e-02 masks: 21.5 17.6 [wd: 5.10e-02] [lr: 9.97e-04] [mem: 5.67e+03] (248.5 ms)
[56,   232] grad_stats: [1.91e-03 1.51e-04] (2.55e-05, 2.48e-03)
avg. loss 2.73820597e-02
time taken for epoch 0:01:12.106577
Epoch 57
[57,     0] loss: 3.095160e-02 masks: 17.0 16.0 [wd: 5.10e-02] [lr: 9.97e-04] [mem: 5.67e+03] (234.9 ms)
[57,     0] grad_stats: [3.10e-03 2.20e-04] (2.55e-05, 3.89e-03)
[57,   116] loss: 2.762156e-02 masks: 21.7 17.4 [wd: 5.12e-02] [lr: 9.97e-04] [mem: 5.67e+03] (276.2 ms)
[57,   116] grad_stats: [2.69e-03 2.96e-04] (3.21e-05, 3.54e-03)
[57,   232] loss: 2.752025e-02 masks: 22.3 17.2 [wd: 5.14e-02] [lr: 9.97e-04] [mem: 5.67e+03] (265.1 ms)
[57,   232] grad_stats: [1.50e-03 1.94e-04] (2.28e-05, 1.93e-03)
avg. loss 2.75202545e-02
time taken for epoch 0:01:16.115019
Epoch 58
[58,     0] loss: 3.466869e-02 masks: 16.0 20.0 [wd: 5.14e-02] [lr: 9.97e-04] [mem: 5.67e+03] (250.9 ms)
[58,     0] grad_stats: [3.77e-03 2.34e-04] (2.95e-05, 4.20e-03)
[58,   116] loss: 2.899511e-02 masks: 21.4 17.5 [wd: 5.16e-02] [lr: 9.96e-04] [mem: 5.67e+03] (276.3 ms)
[58,   116] grad_stats: [2.18e-03 2.48e-04] (2.23e-05, 3.48e-03)
[58,   232] loss: 2.862944e-02 masks: 22.0 17.3 [wd: 5.18e-02] [lr: 9.96e-04] [mem: 5.67e+03] (254.6 ms)
[58,   232] grad_stats: [3.16e-03 2.56e-04] (3.36e-05, 4.92e-03)
avg. loss 2.86294435e-02
time taken for epoch 0:01:13.739215
Epoch 59
[59,     0] loss: 2.717575e-02 masks: 26.0 16.0 [wd: 5.18e-02] [lr: 9.96e-04] [mem: 5.67e+03] (276.9 ms)
[59,     0] grad_stats: [2.65e-03 2.02e-04] (2.30e-05, 4.12e-03)
[59,   116] loss: 2.832912e-02 masks: 23.0 16.9 [wd: 5.20e-02] [lr: 9.96e-04] [mem: 5.67e+03] (282.4 ms)
[59,   116] grad_stats: [1.30e-03 1.55e-04] (2.32e-05, 2.75e-03)
[59,   232] loss: 2.904419e-02 masks: 22.7 17.0 [wd: 5.22e-02] [lr: 9.96e-04] [mem: 5.67e+03] (252.8 ms)
[59,   232] grad_stats: [4.37e-03 3.05e-04] (2.99e-05, 4.57e-03)
avg. loss 2.90441929e-02
time taken for epoch 0:01:13.229703
Epoch 60
[60,     0] loss: 2.705417e-02 masks: 24.0 16.0 [wd: 5.22e-02] [lr: 9.96e-04] [mem: 5.67e+03] (260.5 ms)
[60,     0] grad_stats: [2.84e-03 1.75e-04] (2.17e-05, 3.93e-03)
[60,   116] loss: 3.072623e-02 masks: 21.2 17.5 [wd: 5.24e-02] [lr: 9.96e-04] [mem: 5.67e+03] (274.1 ms)
[60,   116] grad_stats: [1.87e-03 1.82e-04] (3.70e-05, 2.56e-03)
[60,   232] loss: 3.113261e-02 masks: 21.3 17.3 [wd: 5.26e-02] [lr: 9.95e-04] [mem: 5.67e+03] (246.0 ms)
[60,   232] grad_stats: [1.50e-03 3.25e-04] (2.92e-05, 3.21e-03)
avg. loss 3.11326133e-02
time taken for epoch 0:01:11.674528
Epoch 61
[61,     0] loss: 3.345701e-02 masks: 17.0 20.0 [wd: 5.26e-02] [lr: 9.95e-04] [mem: 5.67e+03] (240.7 ms)
[61,     0] grad_stats: [2.46e-03 2.36e-04] (3.08e-05, 3.52e-03)
[61,   116] loss: 3.174942e-02 masks: 21.5 17.4 [wd: 5.29e-02] [lr: 9.95e-04] [mem: 5.67e+03] (276.0 ms)
[61,   116] grad_stats: [3.12e-03 2.36e-04] (3.52e-05, 6.22e-03)
[61,   232] loss: 3.228430e-02 masks: 21.2 17.4 [wd: 5.31e-02] [lr: 9.95e-04] [mem: 5.67e+03] (245.5 ms)
[61,   232] grad_stats: [1.43e-03 1.85e-04] (2.31e-05, 2.06e-03)
avg. loss 3.22843038e-02
time taken for epoch 0:01:11.346077
Epoch 62
[62,     0] loss: 3.379230e-02 masks: 17.0 20.0 [wd: 5.31e-02] [lr: 9.95e-04] [mem: 5.67e+03] (158.6 ms)
[62,     0] grad_stats: [2.21e-03 2.56e-04] (2.16e-05, 2.65e-03)
[62,   116] loss: 3.257958e-02 masks: 21.8 17.5 [wd: 5.33e-02] [lr: 9.95e-04] [mem: 5.67e+03] (169.3 ms)
[62,   116] grad_stats: [1.96e-03 2.26e-04] (2.98e-05, 3.98e-03)
[62,   232] loss: 3.274410e-02 masks: 21.7 17.4 [wd: 5.35e-02] [lr: 9.94e-04] [mem: 5.67e+03] (169.2 ms)
[62,   232] grad_stats: [1.75e-03 2.54e-04] (1.88e-05, 2.59e-03)
avg. loss 3.27440992e-02
time taken for epoch 0:00:52.840340
Epoch 63
[63,     0] loss: 3.033256e-02 masks: 23.0 16.0 [wd: 5.35e-02] [lr: 9.94e-04] [mem: 5.67e+03] (167.9 ms)
[63,     0] grad_stats: [1.62e-03 2.66e-04] (2.15e-05, 2.15e-03)
[63,   116] loss: 3.295197e-02 masks: 21.9 17.3 [wd: 5.37e-02] [lr: 9.94e-04] [mem: 5.67e+03] (169.2 ms)
[63,   116] grad_stats: [2.14e-03 2.06e-04] (2.17e-05, 3.47e-03)
[63,   232] loss: 3.363810e-02 masks: 21.6 17.3 [wd: 5.39e-02] [lr: 9.94e-04] [mem: 5.67e+03] (168.8 ms)
[63,   232] grad_stats: [2.72e-03 2.89e-04] (3.27e-05, 4.33e-03)
avg. loss 3.36381019e-02
time taken for epoch 0:00:52.732797
Epoch 64
[64,     0] loss: 3.008538e-02 masks: 25.0 16.0 [wd: 5.39e-02] [lr: 9.94e-04] [mem: 5.67e+03] (176.5 ms)
[64,     0] grad_stats: [1.92e-03 3.82e-04] (2.74e-05, 2.13e-03)
[64,   116] loss: 3.419260e-02 masks: 22.2 17.2 [wd: 5.41e-02] [lr: 9.94e-04] [mem: 5.67e+03] (169.9 ms)
[64,   116] grad_stats: [2.26e-03 2.69e-04] (2.03e-05, 3.93e-03)
[64,   232] loss: 3.499886e-02 masks: 21.7 17.4 [wd: 5.44e-02] [lr: 9.93e-04] [mem: 5.67e+03] (169.1 ms)
[64,   232] grad_stats: [1.68e-03 3.16e-04] (3.42e-05, 2.50e-03)
avg. loss 3.49988611e-02
time taken for epoch 0:00:52.873415
Epoch 65
[65,     0] loss: 4.091391e-02 masks: 17.0 20.0 [wd: 5.44e-02] [lr: 9.93e-04] [mem: 5.67e+03] (155.1 ms)
[65,     0] grad_stats: [3.26e-03 2.73e-04] (3.42e-05, 4.25e-03)
[65,   116] loss: 3.534274e-02 masks: 21.8 17.3 [wd: 5.46e-02] [lr: 9.93e-04] [mem: 5.67e+03] (168.8 ms)
[65,   116] grad_stats: [2.25e-03 2.16e-04] (2.82e-05, 2.98e-03)
[65,   232] loss: 3.522829e-02 masks: 22.1 17.3 [wd: 5.48e-02] [lr: 9.93e-04] [mem: 5.67e+03] (170.0 ms)
[65,   232] grad_stats: [1.59e-03 2.66e-04] (3.09e-05, 3.84e-03)
avg. loss 3.52282913e-02
time taken for epoch 0:00:53.057716
Epoch 66
[66,     0] loss: 2.715990e-02 masks: 35.0 12.0 [wd: 5.48e-02] [lr: 9.93e-04] [mem: 5.67e+03] (196.5 ms)
[66,     0] grad_stats: [1.46e-03 2.63e-04] (2.18e-05, 3.30e-03)
[66,   116] loss: 3.540806e-02 masks: 22.5 16.9 [wd: 5.50e-02] [lr: 9.92e-04] [mem: 5.67e+03] (170.3 ms)
[66,   116] grad_stats: [2.27e-03 4.17e-04] (2.67e-05, 2.78e-03)
[66,   232] loss: 3.602169e-02 masks: 22.3 17.0 [wd: 5.53e-02] [lr: 9.92e-04] [mem: 5.67e+03] (170.4 ms)
[66,   232] grad_stats: [1.68e-03 2.33e-04] (3.32e-05, 2.90e-03)
avg. loss 3.60216937e-02
time taken for epoch 0:00:53.060889
Epoch 67
[67,     0] loss: 4.207873e-02 masks: 17.0 16.0 [wd: 5.53e-02] [lr: 9.92e-04] [mem: 5.67e+03] (154.5 ms)
[67,     0] grad_stats: [2.13e-03 1.30e-04] (2.13e-05, 2.42e-03)
[67,   116] loss: 3.772615e-02 masks: 22.1 17.2 [wd: 5.55e-02] [lr: 9.92e-04] [mem: 5.67e+03] (169.4 ms)
[67,   116] grad_stats: [1.56e-03 2.69e-04] (2.64e-05, 2.91e-03)
[67,   232] loss: 3.801640e-02 masks: 21.9 17.2 [wd: 5.57e-02] [lr: 9.92e-04] [mem: 5.67e+03] (169.6 ms)
[67,   232] grad_stats: [2.37e-03 2.26e-04] (2.31e-05, 3.19e-03)
avg. loss 3.80164021e-02
time taken for epoch 0:00:52.956027
Epoch 68
[68,     0] loss: 2.793886e-02 masks: 33.0 12.0 [wd: 5.57e-02] [lr: 9.92e-04] [mem: 5.67e+03] (191.5 ms)
[68,     0] grad_stats: [1.78e-03 1.74e-04] (2.83e-05, 3.15e-03)
[68,   116] loss: 3.906363e-02 masks: 21.3 17.5 [wd: 5.59e-02] [lr: 9.91e-04] [mem: 5.67e+03] (167.5 ms)
[68,   116] grad_stats: [1.61e-03 2.93e-04] (3.15e-05, 3.38e-03)
[68,   232] loss: 3.862892e-02 masks: 21.6 17.4 [wd: 5.62e-02] [lr: 9.91e-04] [mem: 5.67e+03] (168.7 ms)
[68,   232] grad_stats: [2.08e-03 2.43e-04] (2.99e-05, 4.82e-03)
avg. loss 3.86289166e-02
time taken for epoch 0:00:52.777892
Epoch 69
[69,     0] loss: 3.562779e-02 masks: 23.0 20.0 [wd: 5.62e-02] [lr: 9.91e-04] [mem: 5.67e+03] (173.1 ms)
[69,     0] grad_stats: [2.14e-03 2.45e-04] (2.59e-05, 3.34e-03)
[69,   116] loss: 3.859473e-02 masks: 22.1 17.3 [wd: 5.64e-02] [lr: 9.91e-04] [mem: 5.67e+03] (169.6 ms)
[69,   116] grad_stats: [1.21e-03 2.88e-04] (2.72e-05, 1.72e-03)
[69,   232] loss: 3.879370e-02 masks: 22.4 17.1 [wd: 5.67e-02] [lr: 9.90e-04] [mem: 5.67e+03] (170.8 ms)
[69,   232] grad_stats: [1.60e-03 2.63e-04] (2.51e-05, 2.06e-03)
avg. loss 3.87937035e-02
time taken for epoch 0:00:53.164271
Epoch 70
[70,     0] loss: 4.486453e-02 masks: 14.0 20.0 [wd: 5.67e-02] [lr: 9.90e-04] [mem: 5.67e+03] (149.3 ms)
[70,     0] grad_stats: [3.24e-03 2.27e-04] (3.96e-05, 4.34e-03)
[70,   116] loss: 3.979729e-02 masks: 21.5 17.4 [wd: 5.69e-02] [lr: 9.90e-04] [mem: 5.67e+03] (168.0 ms)
[70,   116] grad_stats: [1.94e-03 1.55e-04] (2.13e-05, 2.64e-03)
[70,   232] loss: 4.034960e-02 masks: 21.4 17.6 [wd: 5.71e-02] [lr: 9.90e-04] [mem: 5.67e+03] (168.4 ms)
[70,   232] grad_stats: [1.62e-03 2.50e-04] (3.31e-05, 2.50e-03)
avg. loss 4.03495968e-02
time taken for epoch 0:00:52.660522
Epoch 71
[71,     0] loss: 3.896753e-02 masks: 22.0 20.0 [wd: 5.71e-02] [lr: 9.90e-04] [mem: 5.67e+03] (173.0 ms)
[71,     0] grad_stats: [1.91e-03 1.94e-04] (2.38e-05, 4.90e-03)
[71,   116] loss: 4.050795e-02 masks: 22.2 17.2 [wd: 5.74e-02] [lr: 9.89e-04] [mem: 5.67e+03] (169.7 ms)
[71,   116] grad_stats: [2.40e-03 2.04e-04] (2.90e-05, 4.66e-03)
[71,   232] loss: 4.108543e-02 masks: 21.8 17.5 [wd: 5.76e-02] [lr: 9.89e-04] [mem: 5.67e+03] (169.4 ms)
[71,   232] grad_stats: [2.21e-03 2.16e-04] (2.50e-05, 2.81e-03)
avg. loss 4.10854344e-02
time taken for epoch 0:00:52.756959
Epoch 72
[72,     0] loss: 4.535890e-02 masks: 17.0 20.0 [wd: 5.76e-02] [lr: 9.89e-04] [mem: 5.67e+03] (157.0 ms)
[72,     0] grad_stats: [2.21e-03 2.68e-04] (3.12e-05, 3.81e-03)
[72,   116] loss: 4.275118e-02 masks: 21.2 17.7 [wd: 5.79e-02] [lr: 9.88e-04] [mem: 5.67e+03] (167.6 ms)
[72,   116] grad_stats: [4.03e-03 3.97e-04] (5.28e-05, 8.05e-03)
[72,   232] loss: 4.257570e-02 masks: 21.8 17.3 [wd: 5.81e-02] [lr: 9.88e-04] [mem: 5.67e+03] (169.3 ms)
[72,   232] grad_stats: [3.69e-03 3.04e-04] (4.41e-05, 4.97e-03)
avg. loss 4.25757006e-02
time taken for epoch 0:00:52.693556
Epoch 73
[73,     0] loss: 4.163897e-02 masks: 25.0 16.0 [wd: 5.81e-02] [lr: 9.88e-04] [mem: 5.67e+03] (174.6 ms)
[73,     0] grad_stats: [1.18e-03 1.52e-04] (2.37e-05, 3.41e-03)
[73,   116] loss: 4.212061e-02 masks: 22.4 17.0 [wd: 5.84e-02] [lr: 9.88e-04] [mem: 5.67e+03] (170.1 ms)
[73,   116] grad_stats: [2.19e-03 3.74e-04] (5.13e-05, 3.95e-03)
[73,   232] loss: 4.296255e-02 masks: 22.3 17.0 [wd: 5.86e-02] [lr: 9.87e-04] [mem: 5.67e+03] (170.1 ms)
[73,   232] grad_stats: [1.27e-03 2.30e-04] (2.58e-05, 3.08e-03)
avg. loss 4.29625506e-02
time taken for epoch 0:00:53.085497
Epoch 74
[74,     0] loss: 4.085269e-02 masks: 25.0 16.0 [wd: 5.86e-02] [lr: 9.87e-04] [mem: 5.67e+03] (174.8 ms)
[74,     0] grad_stats: [2.18e-03 2.72e-04] (3.75e-05, 3.09e-03)
[74,   116] loss: 4.314664e-02 masks: 22.9 16.9 [wd: 5.89e-02] [lr: 9.87e-04] [mem: 5.67e+03] (171.5 ms)
[74,   116] grad_stats: [4.14e-03 3.20e-04] (3.69e-05, 4.42e-03)
[74,   232] loss: 4.407042e-02 masks: 22.3 17.0 [wd: 5.91e-02] [lr: 9.87e-04] [mem: 5.67e+03] (170.3 ms)
[74,   232] grad_stats: [4.48e-03 2.85e-04] (3.78e-05, 4.48e-03)
avg. loss 4.40704203e-02
time taken for epoch 0:00:53.039693
Epoch 75
[75,     0] loss: 4.791831e-02 masks: 18.0 20.0 [wd: 5.91e-02] [lr: 9.87e-04] [mem: 5.67e+03] (165.4 ms)
[75,     0] grad_stats: [1.48e-03 1.92e-04] (2.49e-05, 3.39e-03)
[75,   116] loss: 4.539235e-02 masks: 21.5 17.5 [wd: 5.94e-02] [lr: 9.86e-04] [mem: 5.67e+03] (188.5 ms)
[75,   116] grad_stats: [3.48e-03 2.40e-04] (3.66e-05, 3.70e-03)
[75,   232] loss: 4.520330e-02 masks: 22.3 17.3 [wd: 5.96e-02] [lr: 9.86e-04] [mem: 5.67e+03] (236.6 ms)
[75,   232] grad_stats: [2.00e-03 3.76e-04] (3.62e-05, 3.46e-03)
avg. loss 4.52033018e-02
time taken for epoch 0:01:08.738213
Epoch 76
[76,     0] loss: 4.951870e-02 masks: 20.0 20.0 [wd: 5.96e-02] [lr: 9.86e-04] [mem: 5.67e+03] (262.2 ms)
[76,     0] grad_stats: [1.94e-03 4.61e-04] (3.98e-05, 5.88e-03)
[76,   116] loss: 4.745481e-02 masks: 21.5 17.5 [wd: 5.99e-02] [lr: 9.85e-04] [mem: 5.67e+03] (215.0 ms)
[76,   116] grad_stats: [1.30e-03 2.67e-04] (3.33e-05, 2.53e-03)
[76,   232] loss: 4.746420e-02 masks: 21.6 17.5 [wd: 6.01e-02] [lr: 9.85e-04] [mem: 5.67e+03] (246.4 ms)
[76,   232] grad_stats: [4.46e-03 3.81e-04] (5.33e-05, 9.27e-03)
avg. loss 4.74641988e-02
time taken for epoch 0:01:11.700610
Epoch 77
[77,     0] loss: 6.040689e-02 masks: 16.0 20.0 [wd: 6.01e-02] [lr: 9.85e-04] [mem: 5.67e+03] (246.0 ms)
[77,     0] grad_stats: [2.12e-03 4.72e-04] (4.36e-05, 3.95e-03)
[77,   116] loss: 4.661495e-02 masks: 23.1 16.8 [wd: 6.04e-02] [lr: 9.85e-04] [mem: 5.67e+03] (221.0 ms)
[77,   116] grad_stats: [1.62e-03 2.15e-04] (2.91e-05, 3.01e-03)
[77,   232] loss: 4.792175e-02 masks: 22.2 17.1 [wd: 6.07e-02] [lr: 9.84e-04] [mem: 5.67e+03] (248.5 ms)
[77,   232] grad_stats: [1.51e-03 1.30e-04] (3.48e-05, 3.82e-03)
avg. loss 4.79217516e-02
time taken for epoch 0:01:12.184665
Epoch 78
[78,     0] loss: 4.406103e-02 masks: 24.0 16.0 [wd: 6.07e-02] [lr: 9.84e-04] [mem: 5.67e+03] (285.3 ms)
[78,     0] grad_stats: [2.05e-03 2.10e-04] (2.55e-05, 3.19e-03)
[78,   116] loss: 4.834188e-02 masks: 21.8 17.4 [wd: 6.09e-02] [lr: 9.84e-04] [mem: 5.67e+03] (216.7 ms)
[78,   116] grad_stats: [2.12e-03 2.57e-04] (4.68e-05, 6.02e-03)
[78,   232] loss: 4.892010e-02 masks: 21.8 17.3 [wd: 6.12e-02] [lr: 9.83e-04] [mem: 5.67e+03] (247.9 ms)
[78,   232] grad_stats: [2.07e-03 1.60e-04] (3.21e-05, 3.29e-03)
avg. loss 4.89200976e-02
time taken for epoch 0:01:12.127155
Epoch 79
[79,     0] loss: 5.908921e-02 masks: 18.0 20.0 [wd: 6.12e-02] [lr: 9.83e-04] [mem: 5.67e+03] (259.0 ms)
[79,     0] grad_stats: [2.01e-03 3.08e-04] (4.09e-05, 7.06e-03)
[79,   116] loss: 4.990966e-02 masks: 22.1 17.4 [wd: 6.15e-02] [lr: 9.83e-04] [mem: 5.67e+03] (201.3 ms)
[79,   116] grad_stats: [3.36e-03 2.32e-04] (3.37e-05, 6.28e-03)
[79,   232] loss: 4.989723e-02 masks: 22.0 17.2 [wd: 6.17e-02] [lr: 9.82e-04] [mem: 5.67e+03] (203.7 ms)
[79,   232] grad_stats: [2.63e-03 2.38e-04] (4.10e-05, 5.21e-03)
avg. loss 4.98972287e-02
time taken for epoch 0:01:01.758197
Epoch 80
[80,     0] loss: 5.213196e-02 masks: 20.0 16.0 [wd: 6.17e-02] [lr: 9.82e-04] [mem: 5.67e+03] (276.3 ms)
[80,     0] grad_stats: [2.69e-03 3.37e-04] (3.35e-05, 4.58e-03)
[80,   116] loss: 5.065744e-02 masks: 21.9 17.2 [wd: 6.20e-02] [lr: 9.82e-04] [mem: 5.67e+03] (279.2 ms)
[80,   116] grad_stats: [2.10e-03 3.70e-04] (4.06e-05, 4.18e-03)
[80,   232] loss: 5.139788e-02 masks: 21.7 17.3 [wd: 6.23e-02] [lr: 9.81e-04] [mem: 5.67e+03] (261.2 ms)
[80,   232] grad_stats: [3.68e-03 3.22e-04] (4.63e-05, 6.60e-03)
avg. loss 5.13978793e-02
time taken for epoch 0:01:15.109183
Epoch 81
[81,     0] loss: 5.914500e-02 masks: 19.0 20.0 [wd: 6.23e-02] [lr: 9.81e-04] [mem: 5.67e+03] (249.1 ms)
[81,     0] grad_stats: [2.43e-03 2.23e-04] (4.39e-05, 3.15e-03)
[81,   116] loss: 5.135293e-02 masks: 22.2 17.2 [wd: 6.25e-02] [lr: 9.81e-04] [mem: 5.67e+03] (280.2 ms)
[81,   116] grad_stats: [2.03e-03 2.17e-04] (4.05e-05, 5.09e-03)
[81,   232] loss: 5.169700e-02 masks: 22.1 17.2 [wd: 6.28e-02] [lr: 9.81e-04] [mem: 5.67e+03] (254.5 ms)
[81,   232] grad_stats: [2.30e-03 2.68e-04] (4.02e-05, 3.23e-03)
avg. loss 5.16970017e-02
time taken for epoch 0:01:13.747686
Epoch 82
[82,     0] loss: 5.128172e-02 masks: 23.0 16.0 [wd: 6.28e-02] [lr: 9.81e-04] [mem: 5.67e+03] (254.0 ms)
[82,     0] grad_stats: [1.76e-03 1.95e-04] (3.42e-05, 4.19e-03)
[82,   116] loss: 5.279023e-02 masks: 21.5 17.7 [wd: 6.31e-02] [lr: 9.80e-04] [mem: 5.67e+03] (279.2 ms)
[82,   116] grad_stats: [1.74e-03 2.84e-04] (4.37e-05, 3.35e-03)
[82,   232] loss: 5.274873e-02 masks: 21.7 17.5 [wd: 6.34e-02] [lr: 9.80e-04] [mem: 5.67e+03] (249.6 ms)
[82,   232] grad_stats: [1.77e-03 2.69e-04] (3.35e-05, 5.10e-03)
avg. loss 5.27487280e-02
time taken for epoch 0:01:12.495269
Epoch 83
[83,     0] loss: 4.905599e-02 masks: 23.0 16.0 [wd: 6.34e-02] [lr: 9.80e-04] [mem: 5.67e+03] (258.8 ms)
[83,     0] grad_stats: [3.57e-03 2.19e-04] (3.23e-05, 4.36e-03)
[83,   116] loss: 5.167734e-02 masks: 23.0 16.8 [wd: 6.36e-02] [lr: 9.79e-04] [mem: 5.67e+03] (283.6 ms)
[83,   116] grad_stats: [3.07e-03 2.57e-04] (5.02e-05, 4.73e-03)
[83,   232] loss: 5.307733e-02 masks: 22.4 17.0 [wd: 6.39e-02] [lr: 9.79e-04] [mem: 5.67e+03] (249.6 ms)
[83,   232] grad_stats: [2.62e-03 1.87e-04] (5.73e-05, 4.44e-03)
avg. loss 5.30773338e-02
time taken for epoch 0:01:12.428898
Epoch 84
[84,     0] loss: 4.811440e-02 masks: 25.0 16.0 [wd: 6.39e-02] [lr: 9.79e-04] [mem: 5.67e+03] (300.8 ms)
[84,     0] grad_stats: [5.49e-03 3.45e-04] (4.45e-05, 5.51e-03)
[84,   116] loss: 5.586636e-02 masks: 20.9 17.5 [wd: 6.42e-02] [lr: 9.78e-04] [mem: 5.67e+03] (274.8 ms)
[84,   116] grad_stats: [2.02e-03 1.99e-04] (5.16e-05, 4.17e-03)
[84,   232] loss: 5.551814e-02 masks: 21.3 17.4 [wd: 6.45e-02] [lr: 9.78e-04] [mem: 5.67e+03] (244.7 ms)
[84,   232] grad_stats: [1.56e-03 2.68e-04] (4.16e-05, 4.15e-03)
avg. loss 5.55181394e-02
time taken for epoch 0:01:11.230340
Epoch 85
[85,     0] loss: 5.584995e-02 masks: 20.0 20.0 [wd: 6.45e-02] [lr: 9.78e-04] [mem: 5.67e+03] (287.0 ms)
[85,     0] grad_stats: [1.93e-03 1.63e-04] (3.88e-05, 6.73e-03)
[85,   116] loss: 5.458793e-02 masks: 22.5 17.2 [wd: 6.48e-02] [lr: 9.77e-04] [mem: 5.67e+03] (281.1 ms)
[85,   116] grad_stats: [2.88e-03 2.96e-04] (5.33e-05, 4.68e-03)
[85,   232] loss: 5.575624e-02 masks: 22.0 17.4 [wd: 6.51e-02] [lr: 9.77e-04] [mem: 5.67e+03] (280.3 ms)
[85,   232] grad_stats: [4.69e-03 2.21e-04] (5.06e-05, 7.08e-03)
avg. loss 5.57562387e-02
time taken for epoch 0:01:19.478029
Epoch 86
[86,     0] loss: 5.550523e-02 masks: 23.0 16.0 [wd: 6.51e-02] [lr: 9.77e-04] [mem: 5.67e+03] (290.9 ms)
[86,     0] grad_stats: [3.81e-03 4.51e-04] (7.11e-05, 1.02e-02)
[86,   116] loss: 5.771101e-02 masks: 21.7 17.5 [wd: 6.54e-02] [lr: 9.76e-04] [mem: 5.67e+03] (278.7 ms)
[86,   116] grad_stats: [2.96e-03 3.38e-04] (3.91e-05, 2.97e-03)
[86,   232] loss: 5.693269e-02 masks: 22.2 17.3 [wd: 6.56e-02] [lr: 9.76e-04] [mem: 5.67e+03] (263.1 ms)
[86,   232] grad_stats: [2.18e-03 5.17e-04] (5.36e-05, 8.77e-03)
avg. loss 5.69326881e-02
time taken for epoch 0:01:15.737125
Epoch 87
[87,     0] loss: 5.325825e-02 masks: 23.0 20.0 [wd: 6.56e-02] [lr: 9.76e-04] [mem: 5.67e+03] (262.8 ms)
[87,     0] grad_stats: [3.30e-03 3.25e-04] (3.69e-05, 5.01e-03)
[87,   116] loss: 5.830636e-02 masks: 21.7 17.6 [wd: 6.59e-02] [lr: 9.75e-04] [mem: 5.67e+03] (277.9 ms)
[87,   116] grad_stats: [2.10e-03 1.90e-04] (3.65e-05, 3.26e-03)
[87,   232] loss: 5.742595e-02 masks: 22.0 17.4 [wd: 6.62e-02] [lr: 9.74e-04] [mem: 5.67e+03] (254.0 ms)
[87,   232] grad_stats: [2.70e-03 2.78e-04] (5.81e-05, 5.22e-03)
avg. loss 5.74259526e-02
time taken for epoch 0:01:13.510161
Epoch 88
[88,     0] loss: 5.235524e-02 masks: 26.0 16.0 [wd: 6.62e-02] [lr: 9.74e-04] [mem: 5.67e+03] (303.3 ms)
[88,     0] grad_stats: [2.06e-03 1.78e-04] (4.52e-05, 3.71e-03)
[88,   116] loss: 5.795963e-02 masks: 22.0 17.4 [wd: 6.65e-02] [lr: 9.74e-04] [mem: 5.67e+03] (280.8 ms)
[88,   116] grad_stats: [1.71e-03 2.13e-04] (4.41e-05, 6.70e-03)
[88,   232] loss: 5.854861e-02 masks: 21.9 17.3 [wd: 6.68e-02] [lr: 9.73e-04] [mem: 5.67e+03] (250.6 ms)
[88,   232] grad_stats: [2.18e-03 3.17e-04] (3.81e-05, 3.68e-03)
avg. loss 5.85486139e-02
time taken for epoch 0:01:12.676332
Epoch 89
[89,     0] loss: 5.621445e-02 masks: 19.0 20.0 [wd: 6.68e-02] [lr: 9.73e-04] [mem: 5.67e+03] (263.9 ms)
[89,     0] grad_stats: [2.16e-03 2.11e-04] (3.38e-05, 3.33e-03)
[89,   116] loss: 5.804105e-02 masks: 22.5 17.3 [wd: 6.71e-02] [lr: 9.73e-04] [mem: 5.67e+03] (280.3 ms)
[89,   116] grad_stats: [2.75e-03 4.96e-04] (4.41e-05, 3.86e-03)
[89,   232] loss: 5.925916e-02 masks: 21.8 17.4 [wd: 6.74e-02] [lr: 9.72e-04] [mem: 5.67e+03] (249.1 ms)
[89,   232] grad_stats: [2.59e-03 1.78e-04] (3.99e-05, 3.98e-03)
avg. loss 5.92591590e-02
time taken for epoch 0:01:12.185639
Epoch 90
[90,     0] loss: 5.355388e-02 masks: 25.0 16.0 [wd: 6.74e-02] [lr: 9.72e-04] [mem: 5.67e+03] (272.2 ms)
[90,     0] grad_stats: [3.61e-03 2.34e-04] (4.32e-05, 3.83e-03)
[90,   116] loss: 5.957290e-02 masks: 21.6 17.5 [wd: 6.77e-02] [lr: 9.72e-04] [mem: 5.67e+03] (275.6 ms)
[90,   116] grad_stats: [2.65e-03 3.15e-04] (5.07e-05, 4.94e-03)
[90,   232] loss: 6.013695e-02 masks: 21.6 17.4 [wd: 6.80e-02] [lr: 9.71e-04] [mem: 5.67e+03] (276.0 ms)
[90,   232] grad_stats: [1.74e-03 1.83e-04] (2.64e-05, 3.46e-03)
avg. loss 6.01369547e-02
time taken for epoch 0:01:18.504254
Epoch 91
[91,     0] loss: 4.754364e-02 masks: 33.0 12.0 [wd: 6.80e-02] [lr: 9.71e-04] [mem: 5.67e+03] (315.6 ms)
[91,     0] grad_stats: [1.57e-03 3.05e-04] (2.76e-05, 5.28e-03)
[91,   116] loss: 5.981879e-02 masks: 22.1 17.6 [wd: 6.83e-02] [lr: 9.71e-04] [mem: 5.67e+03] (279.3 ms)
[91,   116] grad_stats: [1.85e-03 3.27e-04] (4.50e-05, 6.26e-03)
[91,   232] loss: 6.010838e-02 masks: 22.2 17.4 [wd: 6.86e-02] [lr: 9.70e-04] [mem: 5.67e+03] (266.4 ms)
[91,   232] grad_stats: [4.30e-03 3.13e-04] (5.57e-05, 1.11e-02)
avg. loss 6.01083757e-02
time taken for epoch 0:01:16.608547
Epoch 92
[92,     0] loss: 5.196580e-02 masks: 33.0 12.0 [wd: 6.86e-02] [lr: 9.70e-04] [mem: 5.67e+03] (317.0 ms)
[92,     0] grad_stats: [3.06e-03 3.00e-04] (4.22e-05, 9.17e-03)
[92,   116] loss: 6.001730e-02 masks: 22.5 17.1 [wd: 6.89e-02] [lr: 9.69e-04] [mem: 5.67e+03] (280.6 ms)
[92,   116] grad_stats: [2.41e-03 2.11e-04] (3.67e-05, 4.88e-03)
[92,   232] loss: 6.187803e-02 masks: 22.0 17.2 [wd: 6.92e-02] [lr: 9.69e-04] [mem: 5.67e+03] (255.2 ms)
[92,   232] grad_stats: [2.10e-03 1.97e-04] (4.55e-05, 3.66e-03)
avg. loss 6.18780260e-02
time taken for epoch 0:01:13.909953
Epoch 93
[93,     0] loss: 7.152754e-02 masks: 18.0 20.0 [wd: 6.92e-02] [lr: 9.69e-04] [mem: 5.67e+03] (246.9 ms)
[93,     0] grad_stats: [1.61e-03 1.95e-04] (4.39e-05, 4.66e-03)
[93,   116] loss: 6.225205e-02 masks: 22.2 17.0 [wd: 6.96e-02] [lr: 9.68e-04] [mem: 5.67e+03] (280.3 ms)
[93,   116] grad_stats: [3.74e-03 3.96e-04] (4.47e-05, 4.79e-03)
[93,   232] loss: 6.255060e-02 masks: 22.2 16.9 [wd: 6.99e-02] [lr: 9.68e-04] [mem: 5.67e+03] (251.3 ms)
[93,   232] grad_stats: [2.48e-03 2.77e-04] (4.94e-05, 5.52e-03)
avg. loss 6.25505979e-02
time taken for epoch 0:01:12.809485
Epoch 94
[94,     0] loss: 7.080950e-02 masks: 19.0 20.0 [wd: 6.99e-02] [lr: 9.68e-04] [mem: 5.67e+03] (265.1 ms)
[94,     0] grad_stats: [3.22e-03 2.60e-04] (4.20e-05, 4.36e-03)
[94,   116] loss: 6.346660e-02 masks: 22.2 17.1 [wd: 7.02e-02] [lr: 9.67e-04] [mem: 5.67e+03] (278.9 ms)
[94,   116] grad_stats: [1.96e-03 2.24e-04] (4.76e-05, 9.95e-03)
[94,   232] loss: 6.355424e-02 masks: 22.2 17.2 [wd: 7.05e-02] [lr: 9.66e-04] [mem: 5.67e+03] (250.4 ms)
[94,   232] grad_stats: [2.64e-03 3.68e-04] (5.08e-05, 5.65e-03)
avg. loss 6.35542434e-02
time taken for epoch 0:01:12.517836
Epoch 95
[95,     0] loss: 5.561846e-02 masks: 33.0 12.0 [wd: 7.05e-02] [lr: 9.66e-04] [mem: 5.67e+03] (314.4 ms)
[95,     0] grad_stats: [1.92e-03 2.46e-04] (4.47e-05, 2.58e-03)
[95,   116] loss: 6.393922e-02 masks: 22.5 17.1 [wd: 7.08e-02] [lr: 9.66e-04] [mem: 5.67e+03] (280.7 ms)
[95,   116] grad_stats: [3.68e-03 2.09e-04] (4.86e-05, 1.00e-02)
[95,   232] loss: 6.466769e-02 masks: 22.3 17.2 [wd: 7.11e-02] [lr: 9.65e-04] [mem: 5.67e+03] (279.7 ms)
[95,   232] grad_stats: [1.83e-03 3.60e-04] (6.34e-05, 5.22e-03)
avg. loss 6.46676886e-02
time taken for epoch 0:01:19.422313
Epoch 96
[96,     0] loss: 6.186567e-02 masks: 20.0 20.0 [wd: 7.11e-02] [lr: 9.65e-04] [mem: 5.67e+03] (274.3 ms)
[96,     0] grad_stats: [2.10e-03 1.72e-04] (3.48e-05, 5.01e-03)
[96,   116] loss: 6.357826e-02 masks: 23.1 16.9 [wd: 7.14e-02] [lr: 9.65e-04] [mem: 5.67e+03] (285.3 ms)
[96,   116] grad_stats: [2.22e-03 2.42e-04] (3.28e-05, 3.19e-03)
[96,   232] loss: 6.411683e-02 masks: 22.8 17.0 [wd: 7.18e-02] [lr: 9.64e-04] [mem: 5.67e+03] (263.6 ms)
[96,   232] grad_stats: [2.81e-03 2.54e-04] (5.12e-05, 4.28e-03)
avg. loss 6.41168289e-02
time taken for epoch 0:01:15.863083
Epoch 97
[97,     0] loss: 6.311014e-02 masks: 23.0 16.0 [wd: 7.18e-02] [lr: 9.64e-04] [mem: 5.67e+03] (262.5 ms)
[97,     0] grad_stats: [1.95e-03 2.60e-04] (5.03e-05, 7.11e-03)
[97,   116] loss: 6.677530e-02 masks: 21.2 17.5 [wd: 7.21e-02] [lr: 9.63e-04] [mem: 5.67e+03] (273.9 ms)
[97,   116] grad_stats: [1.63e-03 3.04e-04] (5.87e-05, 1.08e-02)
[97,   232] loss: 6.637584e-02 masks: 21.5 17.3 [wd: 7.24e-02] [lr: 9.63e-04] [mem: 5.67e+03] (251.1 ms)
[97,   232] grad_stats: [2.08e-03 3.15e-04] (3.87e-05, 4.20e-03)
avg. loss 6.63758420e-02
time taken for epoch 0:01:12.768692
Epoch 98
[98,     0] loss: 6.959745e-02 masks: 19.0 20.0 [wd: 7.24e-02] [lr: 9.63e-04] [mem: 5.67e+03] (249.5 ms)
[98,     0] grad_stats: [1.96e-03 2.06e-04] (4.45e-05, 8.51e-03)
[98,   116] loss: 6.620177e-02 masks: 22.4 17.2 [wd: 7.27e-02] [lr: 9.62e-04] [mem: 5.67e+03] (282.4 ms)
[98,   116] grad_stats: [1.39e-03 2.35e-04] (4.10e-05, 3.09e-03)
[98,   232] loss: 6.676317e-02 masks: 22.3 17.3 [wd: 7.31e-02] [lr: 9.61e-04] [mem: 5.67e+03] (251.5 ms)
[98,   232] grad_stats: [2.04e-03 3.09e-04] (5.21e-05, 7.53e-03)
avg. loss 6.67631727e-02
time taken for epoch 0:01:12.905635
Epoch 99
[99,     0] loss: 6.340247e-02 masks: 21.0 16.0 [wd: 7.31e-02] [lr: 9.61e-04] [mem: 5.67e+03] (277.6 ms)
[99,     0] grad_stats: [2.84e-03 3.17e-04] (5.84e-05, 5.13e-03)
[99,   116] loss: 6.671651e-02 masks: 22.7 17.1 [wd: 7.34e-02] [lr: 9.61e-04] [mem: 5.67e+03] (282.8 ms)
[99,   116] grad_stats: [3.70e-03 2.89e-04] (5.56e-05, 9.62e-03)
[99,   232] loss: 6.744948e-02 masks: 22.1 17.3 [wd: 7.37e-02] [lr: 9.60e-04] [mem: 5.67e+03] (250.8 ms)
[99,   232] grad_stats: [2.73e-03 2.75e-04] (4.39e-05, 4.30e-03)
avg. loss 6.74494802e-02
time taken for epoch 0:01:13.439620
Epoch 100
[100,     0] loss: 6.595501e-02 masks: 20.0 20.0 [wd: 7.37e-02] [lr: 9.60e-04] [mem: 5.67e+03] (288.1 ms)
[100,     0] grad_stats: [3.10e-03 3.48e-04] (6.18e-05, 8.19e-03)
[100,   116] loss: 6.845917e-02 masks: 21.7 17.2 [wd: 7.40e-02] [lr: 9.59e-04] [mem: 5.67e+03] (276.1 ms)
[100,   116] grad_stats: [5.55e-03 3.20e-04] (6.45e-05, 7.42e-03)
[100,   232] loss: 6.866212e-02 masks: 21.9 17.2 [wd: 7.44e-02] [lr: 9.59e-04] [mem: 5.67e+03] (273.1 ms)
[100,   232] grad_stats: [2.75e-03 2.83e-04] (5.85e-05, 4.76e-03)
avg. loss 6.86621169e-02
	Epoch 100, KNN accuracy train: 7.02718e-01, KNN accuracy train: 5.55667e-01
time taken for epoch 0:02:11.268781
Epoch 101
[101,     0] loss: 6.271402e-02 masks: 25.0 16.0 [wd: 7.44e-02] [lr: 9.59e-04] [mem: 5.67e+03] (298.8 ms)
[101,     0] grad_stats: [1.82e-03 1.95e-04] (4.41e-05, 6.51e-03)
[101,   116] loss: 6.748774e-02 masks: 22.6 17.2 [wd: 7.47e-02] [lr: 9.58e-04] [mem: 5.67e+03] (282.0 ms)
[101,   116] grad_stats: [1.39e-03 4.41e-04] (6.33e-05, 6.69e-03)
[101,   232] loss: 6.833183e-02 masks: 22.1 17.4 [wd: 7.50e-02] [lr: 9.57e-04] [mem: 5.67e+03] (263.1 ms)
[101,   232] grad_stats: [1.67e-03 2.29e-04] (4.42e-05, 2.67e-03)
avg. loss 6.83318330e-02
time taken for epoch 0:01:15.754804
Epoch 102
[102,     0] loss: 8.239026e-02 masks: 21.0 16.0 [wd: 7.50e-02] [lr: 9.57e-04] [mem: 5.67e+03] (278.1 ms)
[102,     0] grad_stats: [1.27e-03 2.00e-04] (4.19e-05, 3.75e-03)
[102,   116] loss: 6.929275e-02 masks: 22.0 17.3 [wd: 7.54e-02] [lr: 9.57e-04] [mem: 5.67e+03] (279.1 ms)
[102,   116] grad_stats: [2.85e-03 1.74e-04] (4.80e-05, 4.69e-03)
[102,   232] loss: 6.985469e-02 masks: 21.8 17.4 [wd: 7.57e-02] [lr: 9.56e-04] [mem: 5.67e+03] (253.6 ms)
[102,   232] grad_stats: [4.22e-03 2.17e-04] (5.63e-05, 6.63e-03)
avg. loss 6.98546933e-02
time taken for epoch 0:01:13.465424
Epoch 103
[103,     0] loss: 6.479608e-02 masks: 16.0 20.0 [wd: 7.57e-02] [lr: 9.56e-04] [mem: 5.67e+03] (243.4 ms)
[103,     0] grad_stats: [2.68e-03 2.43e-04] (6.80e-05, 8.79e-03)
[103,   116] loss: 6.894284e-02 masks: 22.9 16.9 [wd: 7.61e-02] [lr: 9.55e-04] [mem: 5.67e+03] (282.0 ms)
[103,   116] grad_stats: [2.86e-03 3.94e-04] (6.26e-05, 8.27e-03)
[103,   232] loss: 6.955233e-02 masks: 22.5 17.0 [wd: 7.64e-02] [lr: 9.54e-04] [mem: 5.67e+03] (254.0 ms)
[103,   232] grad_stats: [2.39e-03 2.14e-04] (5.00e-05, 4.39e-03)
avg. loss 6.95523273e-02
time taken for epoch 0:01:13.352967
Epoch 104
[104,     0] loss: 6.528546e-02 masks: 23.0 16.0 [wd: 7.64e-02] [lr: 9.54e-04] [mem: 5.67e+03] (257.8 ms)
[104,     0] grad_stats: [2.11e-03 1.92e-04] (4.69e-05, 7.14e-03)
[104,   116] loss: 7.158024e-02 masks: 21.5 17.4 [wd: 7.67e-02] [lr: 9.54e-04] [mem: 5.67e+03] (277.7 ms)
[104,   116] grad_stats: [2.07e-03 4.25e-04] (5.78e-05, 7.26e-03)
[104,   232] loss: 7.082760e-02 masks: 22.2 17.1 [wd: 7.71e-02] [lr: 9.53e-04] [mem: 5.67e+03] (271.2 ms)
[104,   232] grad_stats: [1.80e-03 2.77e-04] (4.57e-05, 4.27e-03)
avg. loss 7.08275982e-02
time taken for epoch 0:01:17.553781
Epoch 105
[105,     0] loss: 6.408490e-02 masks: 24.0 16.0 [wd: 7.71e-02] [lr: 9.53e-04] [mem: 5.67e+03] (280.9 ms)
[105,     0] grad_stats: [2.10e-03 2.82e-04] (5.11e-05, 8.14e-03)
[105,   116] loss: 7.232232e-02 masks: 21.4 17.4 [wd: 7.74e-02] [lr: 9.52e-04] [mem: 5.67e+03] (275.2 ms)
[105,   116] grad_stats: [2.44e-03 3.52e-04] (5.29e-05, 6.43e-03)
[105,   232] loss: 7.195716e-02 masks: 21.7 17.4 [wd: 7.78e-02] [lr: 9.52e-04] [mem: 5.67e+03] (256.5 ms)
[105,   232] grad_stats: [1.28e-03 4.19e-04] (5.93e-05, 3.74e-03)
avg. loss 7.19571598e-02
time taken for epoch 0:01:14.241500
Epoch 106
[106,     0] loss: 6.708943e-02 masks: 25.0 16.0 [wd: 7.78e-02] [lr: 9.52e-04] [mem: 5.67e+03] (274.2 ms)
[106,     0] grad_stats: [2.64e-03 2.70e-04] (5.39e-05, 9.26e-03)
[106,   116] loss: 7.270610e-02 masks: 21.6 17.4 [wd: 7.81e-02] [lr: 9.51e-04] [mem: 5.67e+03] (278.3 ms)
[106,   116] grad_stats: [1.35e-03 3.14e-04] (4.98e-05, 5.74e-03)
[106,   232] loss: 7.211520e-02 masks: 22.1 17.3 [wd: 7.85e-02] [lr: 9.50e-04] [mem: 5.67e+03] (252.4 ms)
[106,   232] grad_stats: [1.93e-03 3.29e-04] (5.95e-05, 8.95e-03)
avg. loss 7.21152046e-02
time taken for epoch 0:01:13.240635
Epoch 107
[107,     0] loss: 6.433650e-02 masks: 24.0 16.0 [wd: 7.85e-02] [lr: 9.50e-04] [mem: 5.67e+03] (269.4 ms)
[107,     0] grad_stats: [2.02e-03 2.35e-04] (5.03e-05, 5.58e-03)
[107,   116] loss: 7.276312e-02 masks: 21.7 17.4 [wd: 7.88e-02] [lr: 9.49e-04] [mem: 5.67e+03] (278.3 ms)
[107,   116] grad_stats: [1.47e-03 1.90e-04] (4.35e-05, 6.51e-03)
[107,   232] loss: 7.358541e-02 masks: 21.5 17.5 [wd: 7.92e-02] [lr: 9.49e-04] [mem: 5.67e+03] (247.6 ms)
[107,   232] grad_stats: [2.34e-03 2.98e-04] (4.69e-05, 4.76e-03)
avg. loss 7.35854052e-02
time taken for epoch 0:01:12.039982
Epoch 108
[108,     0] loss: 7.435372e-02 masks: 19.0 20.0 [wd: 7.92e-02] [lr: 9.49e-04] [mem: 5.67e+03] (276.0 ms)
[108,     0] grad_stats: [2.02e-03 2.53e-04] (4.99e-05, 5.83e-03)
[108,   116] loss: 7.307717e-02 masks: 22.0 17.3 [wd: 7.95e-02] [lr: 9.48e-04] [mem: 5.67e+03] (279.3 ms)
[108,   116] grad_stats: [2.11e-03 1.91e-04] (4.85e-05, 5.76e-03)
[108,   232] loss: 7.341268e-02 masks: 22.1 17.2 [wd: 7.99e-02] [lr: 9.47e-04] [mem: 5.67e+03] (251.1 ms)
[108,   232] grad_stats: [1.54e-03 2.31e-04] (4.99e-05, 6.15e-03)
avg. loss 7.34126796e-02
time taken for epoch 0:01:12.589194
Epoch 109
[109,     0] loss: 7.545773e-02 masks: 16.0 20.0 [wd: 7.99e-02] [lr: 9.47e-04] [mem: 5.67e+03] (237.2 ms)
[109,     0] grad_stats: [2.43e-03 1.77e-04] (4.56e-05, 4.16e-03)
[109,   116] loss: 7.628894e-02 masks: 20.6 17.7 [wd: 8.02e-02] [lr: 9.46e-04] [mem: 5.67e+03] (271.0 ms)
[109,   116] grad_stats: [1.86e-03 2.87e-04] (4.82e-05, 5.30e-03)
[109,   232] loss: 7.459242e-02 masks: 21.6 17.3 [wd: 8.06e-02] [lr: 9.46e-04] [mem: 5.67e+03] (263.4 ms)
[109,   232] grad_stats: [2.54e-03 2.96e-04] (5.96e-05, 6.20e-03)
avg. loss 7.45924170e-02
time taken for epoch 0:01:15.808711
Epoch 110
[110,     0] loss: 8.160336e-02 masks: 25.0 16.0 [wd: 8.06e-02] [lr: 9.46e-04] [mem: 5.67e+03] (299.9 ms)
[110,     0] grad_stats: [3.06e-03 3.42e-04] (6.02e-05, 6.83e-03)
[110,   116] loss: 7.531250e-02 masks: 21.9 17.2 [wd: 8.09e-02] [lr: 9.45e-04] [mem: 5.67e+03] (279.2 ms)
[110,   116] grad_stats: [2.95e-03 3.56e-04] (5.74e-05, 6.77e-03)
[110,   232] loss: 7.539821e-02 masks: 21.8 17.3 [wd: 8.13e-02] [lr: 9.44e-04] [mem: 5.67e+03] (255.0 ms)
[110,   232] grad_stats: [2.35e-03 3.62e-04] (4.86e-05, 7.03e-03)
avg. loss 7.53982066e-02
time taken for epoch 0:01:13.791208
Epoch 111
[111,     0] loss: 8.057702e-02 masks: 20.0 16.0 [wd: 8.13e-02] [lr: 9.44e-04] [mem: 5.67e+03] (256.5 ms)
[111,     0] grad_stats: [1.45e-03 2.91e-04] (5.22e-05, 5.34e-03)
[111,   116] loss: 7.513576e-02 masks: 22.2 17.1 [wd: 8.17e-02] [lr: 9.43e-04] [mem: 5.67e+03] (280.7 ms)
[111,   116] grad_stats: [2.59e-03 2.10e-04] (5.79e-05, 5.34e-03)
[111,   232] loss: 7.594209e-02 masks: 22.1 17.3 [wd: 8.20e-02] [lr: 9.42e-04] [mem: 5.67e+03] (251.2 ms)
[111,   232] grad_stats: [1.66e-03 1.92e-04] (4.39e-05, 3.60e-03)
avg. loss 7.59420870e-02
time taken for epoch 0:01:12.893536
Epoch 112
[112,     0] loss: 6.916715e-02 masks: 23.0 16.0 [wd: 8.20e-02] [lr: 9.42e-04] [mem: 5.67e+03] (256.8 ms)
[112,     0] grad_stats: [2.67e-03 2.14e-04] (4.90e-05, 7.03e-03)
[112,   116] loss: 7.579901e-02 masks: 22.0 17.2 [wd: 8.24e-02] [lr: 9.42e-04] [mem: 5.67e+03] (278.6 ms)
[112,   116] grad_stats: [2.13e-03 2.09e-04] (5.57e-05, 3.81e-03)
[112,   232] loss: 7.560871e-02 masks: 22.3 17.2 [wd: 8.28e-02] [lr: 9.41e-04] [mem: 5.67e+03] (248.7 ms)
[112,   232] grad_stats: [3.56e-03 2.83e-04] (7.02e-05, 9.89e-03)
avg. loss 7.56087064e-02
time taken for epoch 0:01:12.118072
Epoch 113
[113,     0] loss: 7.235150e-02 masks: 20.0 20.0 [wd: 8.28e-02] [lr: 9.41e-04] [mem: 5.67e+03] (253.4 ms)
[113,     0] grad_stats: [1.86e-03 1.87e-04] (5.46e-05, 5.00e-03)
[113,   116] loss: 7.588929e-02 masks: 22.3 17.1 [wd: 8.31e-02] [lr: 9.40e-04] [mem: 5.67e+03] (279.3 ms)
[113,   116] grad_stats: [2.98e-03 1.95e-04] (5.04e-05, 5.53e-03)
[113,   232] loss: 7.623207e-02 masks: 22.2 17.2 [wd: 8.35e-02] [lr: 9.39e-04] [mem: 5.67e+03] (246.4 ms)
[113,   232] grad_stats: [1.37e-03 3.06e-04] (6.47e-05, 7.05e-03)
avg. loss 7.62320673e-02
time taken for epoch 0:01:11.664152
Epoch 114
[114,     0] loss: 6.982818e-02 masks: 24.0 16.0 [wd: 8.35e-02] [lr: 9.39e-04] [mem: 5.67e+03] (268.7 ms)
[114,     0] grad_stats: [3.46e-03 2.52e-04] (5.47e-05, 7.93e-03)
[114,   116] loss: 7.767432e-02 masks: 21.9 17.4 [wd: 8.39e-02] [lr: 9.38e-04] [mem: 5.67e+03] (277.4 ms)
[114,   116] grad_stats: [1.34e-03 2.64e-04] (5.20e-05, 5.08e-03)
[114,   232] loss: 7.677149e-02 masks: 22.2 17.3 [wd: 8.42e-02] [lr: 9.38e-04] [mem: 5.67e+03] (257.8 ms)
[114,   232] grad_stats: [1.89e-03 2.38e-04] (6.58e-05, 8.49e-03)
avg. loss 7.67714854e-02
time taken for epoch 0:01:14.480279
Epoch 115
[115,     0] loss: 7.979371e-02 masks: 21.0 16.0 [wd: 8.42e-02] [lr: 9.38e-04] [mem: 5.67e+03] (271.5 ms)
[115,     0] grad_stats: [1.68e-03 2.12e-04] (6.16e-05, 9.18e-03)
[115,   116] loss: 7.874113e-02 masks: 21.5 17.4 [wd: 8.46e-02] [lr: 9.37e-04] [mem: 5.67e+03] (277.0 ms)
[115,   116] grad_stats: [2.15e-03 2.55e-04] (5.41e-05, 8.05e-03)
[115,   232] loss: 7.848691e-02 masks: 21.6 17.5 [wd: 8.50e-02] [lr: 9.36e-04] [mem: 5.67e+03] (251.4 ms)
[115,   232] grad_stats: [1.04e-03 2.00e-04] (4.59e-05, 5.03e-03)
avg. loss 7.84869053e-02
time taken for epoch 0:01:12.847042
Epoch 116
[116,     0] loss: 7.820068e-02 masks: 25.0 16.0 [wd: 8.50e-02] [lr: 9.36e-04] [mem: 5.67e+03] (267.9 ms)
[116,     0] grad_stats: [2.77e-03 3.27e-04] (6.69e-05, 9.57e-03)
[116,   116] loss: 7.692188e-02 masks: 22.6 17.0 [wd: 8.54e-02] [lr: 9.35e-04] [mem: 5.67e+03] (283.1 ms)
[116,   116] grad_stats: [1.40e-03 2.54e-04] (4.83e-05, 3.85e-03)
[116,   232] loss: 7.783326e-02 masks: 22.3 17.2 [wd: 8.57e-02] [lr: 9.34e-04] [mem: 5.67e+03] (250.2 ms)
[116,   232] grad_stats: [3.45e-03 2.67e-04] (7.36e-05, 6.12e-03)
avg. loss 7.78332640e-02
time taken for epoch 0:01:12.639867
Epoch 117
[117,     0] loss: 8.891439e-02 masks: 17.0 16.0 [wd: 8.57e-02] [lr: 9.34e-04] [mem: 5.67e+03] (248.7 ms)
[117,     0] grad_stats: [2.76e-03 2.36e-04] (7.98e-05, 4.40e-03)
[117,   116] loss: 7.913256e-02 masks: 21.7 17.2 [wd: 8.61e-02] [lr: 9.33e-04] [mem: 5.67e+03] (275.6 ms)
[117,   116] grad_stats: [1.88e-03 2.25e-04] (7.06e-05, 4.89e-03)
[117,   232] loss: 7.842884e-02 masks: 22.1 17.2 [wd: 8.65e-02] [lr: 9.33e-04] [mem: 5.67e+03] (247.5 ms)
[117,   232] grad_stats: [1.42e-03 2.03e-04] (5.21e-05, 8.20e-03)
avg. loss 7.84288401e-02
time taken for epoch 0:01:11.902918
Epoch 118
[118,     0] loss: 8.236577e-02 masks: 20.0 16.0 [wd: 8.65e-02] [lr: 9.33e-04] [mem: 5.67e+03] (254.4 ms)
[118,     0] grad_stats: [3.28e-03 2.22e-04] (4.43e-05, 5.29e-03)
[118,   116] loss: 8.072447e-02 masks: 21.2 17.5 [wd: 8.69e-02] [lr: 9.32e-04] [mem: 5.67e+03] (273.9 ms)
[118,   116] grad_stats: [2.78e-03 2.18e-04] (5.87e-05, 7.60e-03)
[118,   232] loss: 7.999781e-02 masks: 21.4 17.5 [wd: 8.72e-02] [lr: 9.31e-04] [mem: 5.67e+03] (257.1 ms)
[118,   232] grad_stats: [5.64e-03 4.53e-04] (6.61e-05, 9.94e-03)
avg. loss 7.99978138e-02
time taken for epoch 0:01:14.175707
Epoch 119
[119,     0] loss: 6.696633e-02 masks: 27.0 16.0 [wd: 8.73e-02] [lr: 9.31e-04] [mem: 5.67e+03] (292.4 ms)
[119,     0] grad_stats: [3.19e-03 2.18e-04] (4.93e-05, 4.64e-03)
[119,   116] loss: 7.810872e-02 masks: 22.1 17.3 [wd: 8.76e-02] [lr: 9.30e-04] [mem: 5.67e+03] (278.0 ms)
[119,   116] grad_stats: [2.71e-03 3.35e-04] (6.05e-05, 8.57e-03)
[119,   232] loss: 7.807205e-02 masks: 22.1 17.4 [wd: 8.80e-02] [lr: 9.29e-04] [mem: 5.67e+03] (253.6 ms)
[119,   232] grad_stats: [3.62e-03 2.36e-04] (7.79e-05, 1.24e-02)
avg. loss 7.80720501e-02
time taken for epoch 0:01:13.424475
Epoch 120
[120,     0] loss: 7.973937e-02 masks: 20.0 16.0 [wd: 8.80e-02] [lr: 9.29e-04] [mem: 5.67e+03] (250.3 ms)
[120,     0] grad_stats: [4.94e-03 2.15e-04] (7.59e-05, 8.87e-03)
[120,   116] loss: 8.021833e-02 masks: 21.3 17.2 [wd: 8.84e-02] [lr: 9.28e-04] [mem: 5.67e+03] (274.5 ms)
[120,   116] grad_stats: [1.63e-03 3.70e-04] (7.83e-05, 8.03e-03)
[120,   232] loss: 7.972385e-02 masks: 22.0 17.0 [wd: 8.88e-02] [lr: 9.27e-04] [mem: 5.67e+03] (249.7 ms)
[120,   232] grad_stats: [1.31e-03 2.94e-04] (5.24e-05, 1.49e-02)
avg. loss 7.97238468e-02
time taken for epoch 0:01:12.389261
Epoch 121
[121,     0] loss: 8.996750e-02 masks: 19.0 20.0 [wd: 8.88e-02] [lr: 9.27e-04] [mem: 5.67e+03] (248.1 ms)
[121,     0] grad_stats: [2.22e-03 3.42e-04] (6.36e-05, 4.70e-03)
[121,   116] loss: 7.928990e-02 masks: 22.4 17.2 [wd: 8.92e-02] [lr: 9.26e-04] [mem: 5.67e+03] (281.3 ms)
[121,   116] grad_stats: [2.62e-03 2.27e-04] (7.35e-05, 1.03e-02)
[121,   232] loss: 7.912891e-02 masks: 22.5 17.0 [wd: 8.96e-02] [lr: 9.26e-04] [mem: 5.67e+03] (250.4 ms)
[121,   232] grad_stats: [1.21e-03 2.28e-04] (5.55e-05, 8.79e-03)
avg. loss 7.91289103e-02
time taken for epoch 0:01:12.587199
Epoch 122
[122,     0] loss: 6.802112e-02 masks: 33.0 12.0 [wd: 8.96e-02] [lr: 9.25e-04] [mem: 5.67e+03] (317.9 ms)
[122,     0] grad_stats: [1.92e-03 1.77e-04] (4.58e-05, 6.23e-03)
[122,   116] loss: 7.994767e-02 masks: 22.1 17.2 [wd: 9.00e-02] [lr: 9.25e-04] [mem: 5.67e+03] (278.7 ms)
[122,   116] grad_stats: [1.08e-03 1.54e-04] (4.29e-05, 4.96e-03)
[122,   232] loss: 7.999979e-02 masks: 22.1 17.2 [wd: 9.03e-02] [lr: 9.24e-04] [mem: 5.67e+03] (247.7 ms)
[122,   232] grad_stats: [1.40e-03 3.28e-04] (6.97e-05, 4.80e-03)
avg. loss 7.99997923e-02
time taken for epoch 0:01:11.911837
Epoch 123
[123,     0] loss: 7.838532e-02 masks: 23.0 16.0 [wd: 9.03e-02] [lr: 9.24e-04] [mem: 5.67e+03] (256.3 ms)
[123,     0] grad_stats: [1.62e-03 1.80e-04] (6.40e-05, 8.33e-03)
[123,   116] loss: 7.935819e-02 masks: 21.9 17.4 [wd: 9.07e-02] [lr: 9.23e-04] [mem: 5.67e+03] (279.3 ms)
[123,   116] grad_stats: [2.40e-03 1.92e-04] (5.98e-05, 4.68e-03)
[123,   232] loss: 8.032768e-02 masks: 21.8 17.3 [wd: 9.11e-02] [lr: 9.22e-04] [mem: 5.67e+03] (256.3 ms)
[123,   232] grad_stats: [3.56e-03 3.70e-04] (7.29e-05, 1.04e-02)
avg. loss 8.03276835e-02
time taken for epoch 0:01:14.127799
Epoch 124
[124,     0] loss: 7.032790e-02 masks: 26.0 16.0 [wd: 9.11e-02] [lr: 9.22e-04] [mem: 5.67e+03] (304.5 ms)
[124,     0] grad_stats: [3.11e-03 2.86e-04] (6.33e-05, 6.18e-03)
[124,   116] loss: 8.092139e-02 masks: 21.9 17.3 [wd: 9.15e-02] [lr: 9.21e-04] [mem: 5.67e+03] (279.4 ms)
[124,   116] grad_stats: [2.55e-03 1.65e-04] (4.84e-05, 7.00e-03)
[124,   232] loss: 8.070070e-02 masks: 21.9 17.3 [wd: 9.19e-02] [lr: 9.20e-04] [mem: 5.67e+03] (251.5 ms)
[124,   232] grad_stats: [1.86e-03 2.56e-04] (5.22e-05, 8.45e-03)
avg. loss 8.07007003e-02
time taken for epoch 0:01:12.961240
Epoch 125
[125,     0] loss: 1.032785e-01 masks: 14.0 20.0 [wd: 9.19e-02] [lr: 9.20e-04] [mem: 5.67e+03] (269.6 ms)
[125,     0] grad_stats: [1.22e-03 2.74e-04] (6.94e-05, 5.58e-03)
[125,   116] loss: 8.140065e-02 masks: 21.8 17.2 [wd: 9.23e-02] [lr: 9.19e-04] [mem: 5.67e+03] (278.6 ms)
[125,   116] grad_stats: [1.17e-03 1.71e-04] (4.27e-05, 3.44e-03)
[125,   232] loss: 8.217367e-02 masks: 21.4 17.5 [wd: 9.27e-02] [lr: 9.18e-04] [mem: 5.67e+03] (247.1 ms)
[125,   232] grad_stats: [1.94e-03 3.74e-04] (6.12e-05, 7.17e-03)
avg. loss 8.21736683e-02
time taken for epoch 0:01:11.925823
Epoch 126
[126,     0] loss: 7.646190e-02 masks: 26.0 16.0 [wd: 9.27e-02] [lr: 9.18e-04] [mem: 5.67e+03] (272.5 ms)
[126,     0] grad_stats: [2.19e-03 2.38e-04] (5.99e-05, 1.34e-02)
[126,   116] loss: 8.060036e-02 masks: 22.1 17.3 [wd: 9.31e-02] [lr: 9.17e-04] [mem: 5.67e+03] (278.4 ms)
[126,   116] grad_stats: [2.40e-03 3.11e-04] (7.56e-05, 6.86e-03)
[126,   232] loss: 8.108987e-02 masks: 22.0 17.3 [wd: 9.35e-02] [lr: 9.16e-04] [mem: 5.67e+03] (247.8 ms)
[126,   232] grad_stats: [1.65e-03 1.91e-04] (4.80e-05, 4.87e-03)
avg. loss 8.10898672e-02
time taken for epoch 0:01:11.955171
Epoch 127
[127,     0] loss: 9.501313e-02 masks: 20.0 16.0 [wd: 9.35e-02] [lr: 9.16e-04] [mem: 5.67e+03] (250.7 ms)
[127,     0] grad_stats: [9.98e-04 2.21e-04] (5.39e-05, 4.53e-03)
[127,   116] loss: 8.146096e-02 masks: 22.4 17.1 [wd: 9.39e-02] [lr: 9.15e-04] [mem: 5.67e+03] (281.0 ms)
[127,   116] grad_stats: [8.75e-04 3.28e-04] (5.68e-05, 6.70e-03)
[127,   232] loss: 8.227912e-02 masks: 21.8 17.3 [wd: 9.43e-02] [lr: 9.14e-04] [mem: 5.67e+03] (247.4 ms)
[127,   232] grad_stats: [1.96e-03 2.52e-04] (5.45e-05, 4.45e-03)
avg. loss 8.22791200e-02
time taken for epoch 0:01:11.756613
Epoch 128
[128,     0] loss: 1.022377e-01 masks: 13.0 20.0 [wd: 9.43e-02] [lr: 9.14e-04] [mem: 5.67e+03] (229.6 ms)
[128,     0] grad_stats: [1.28e-03 2.75e-04] (5.77e-05, 5.65e-03)
[128,   116] loss: 8.100454e-02 masks: 22.7 17.1 [wd: 9.47e-02] [lr: 9.13e-04] [mem: 5.67e+03] (280.7 ms)
[128,   116] grad_stats: [1.36e-03 1.84e-04] (7.01e-05, 5.67e-03)
[128,   232] loss: 8.227419e-02 masks: 21.9 17.4 [wd: 9.51e-02] [lr: 9.12e-04] [mem: 5.67e+03] (257.7 ms)
[128,   232] grad_stats: [3.67e-03 2.95e-04] (6.69e-05, 5.02e-03)
avg. loss 8.22741878e-02
time taken for epoch 0:01:14.431557
Epoch 129
[129,     0] loss: 8.406277e-02 masks: 17.0 20.0 [wd: 9.51e-02] [lr: 9.12e-04] [mem: 5.67e+03] (241.4 ms)
[129,     0] grad_stats: [1.86e-03 2.17e-04] (5.85e-05, 7.52e-03)
[129,   116] loss: 8.376752e-02 masks: 21.2 17.6 [wd: 9.56e-02] [lr: 9.12e-04] [mem: 5.67e+03] (275.2 ms)
[129,   116] grad_stats: [2.31e-03 2.51e-04] (5.56e-05, 8.99e-03)
[129,   232] loss: 8.378222e-02 masks: 21.3 17.5 [wd: 9.60e-02] [lr: 9.11e-04] [mem: 5.67e+03] (250.2 ms)
[129,   232] grad_stats: [3.41e-03 3.11e-04] (5.55e-05, 6.99e-03)
avg. loss 8.37822220e-02
time taken for epoch 0:01:12.703248
Epoch 130
[130,     0] loss: 8.183568e-02 masks: 20.0 20.0 [wd: 9.60e-02] [lr: 9.11e-04] [mem: 5.67e+03] (267.9 ms)
[130,     0] grad_stats: [3.54e-03 5.41e-04] (6.94e-05, 8.25e-03)
[130,   116] loss: 8.243440e-02 masks: 22.2 17.3 [wd: 9.64e-02] [lr: 9.10e-04] [mem: 5.67e+03] (279.5 ms)
[130,   116] grad_stats: [1.20e-03 2.66e-04] (5.71e-05, 4.16e-03)
[130,   232] loss: 8.251685e-02 masks: 22.1 17.2 [wd: 9.68e-02] [lr: 9.09e-04] [mem: 5.67e+03] (249.5 ms)
[130,   232] grad_stats: [2.73e-03 3.26e-04] (8.41e-05, 1.19e-02)
avg. loss 8.25168495e-02
time taken for epoch 0:01:12.495889
Epoch 131
[131,     0] loss: 7.860833e-02 masks: 25.0 16.0 [wd: 9.68e-02] [lr: 9.09e-04] [mem: 5.67e+03] (289.6 ms)
[131,     0] grad_stats: [1.65e-03 3.08e-04] (8.44e-05, 7.55e-03)
[131,   116] loss: 8.250624e-02 masks: 22.2 17.2 [wd: 9.72e-02] [lr: 9.08e-04] [mem: 5.67e+03] (278.6 ms)
[131,   116] grad_stats: [3.68e-03 2.83e-04] (5.16e-05, 1.11e-02)
[131,   232] loss: 8.247574e-02 masks: 22.2 17.2 [wd: 9.76e-02] [lr: 9.07e-04] [mem: 5.67e+03] (248.3 ms)
[131,   232] grad_stats: [2.96e-03 3.24e-04] (6.13e-05, 9.96e-03)
avg. loss 8.24757375e-02
time taken for epoch 0:01:12.134075
Epoch 132
[132,     0] loss: 6.379137e-02 masks: 33.0 12.0 [wd: 9.76e-02] [lr: 9.07e-04] [mem: 5.67e+03] (317.2 ms)
[132,     0] grad_stats: [2.03e-03 2.63e-04] (5.11e-05, 8.59e-03)
[132,   116] loss: 8.393162e-02 masks: 21.7 17.6 [wd: 9.80e-02] [lr: 9.06e-04] [mem: 5.67e+03] (279.2 ms)
[132,   116] grad_stats: [3.69e-03 3.70e-04] (7.34e-05, 7.31e-03)
[132,   232] loss: 8.330749e-02 masks: 21.7 17.5 [wd: 9.84e-02] [lr: 9.05e-04] [mem: 5.67e+03] (246.8 ms)
[132,   232] grad_stats: [1.35e-03 2.58e-04] (6.24e-05, 9.87e-03)
avg. loss 8.33074872e-02
time taken for epoch 0:01:11.749519
Epoch 133
[133,     0] loss: 7.788828e-02 masks: 23.0 16.0 [wd: 9.84e-02] [lr: 9.05e-04] [mem: 5.67e+03] (292.0 ms)
[133,     0] grad_stats: [1.55e-03 3.18e-04] (8.05e-05, 6.61e-03)
[133,   116] loss: 8.491618e-02 masks: 20.8 17.8 [wd: 9.89e-02] [lr: 9.04e-04] [mem: 5.67e+03] (274.3 ms)
[133,   116] grad_stats: [3.08e-03 2.84e-04] (8.23e-05, 1.19e-02)
[133,   232] loss: 8.395689e-02 masks: 21.7 17.4 [wd: 9.93e-02] [lr: 9.03e-04] [mem: 5.67e+03] (253.7 ms)
[133,   232] grad_stats: [9.83e-04 3.22e-04] (5.66e-05, 6.17e-03)
avg. loss 8.39568852e-02
time taken for epoch 0:01:13.483212
Epoch 134
[134,     0] loss: 8.448086e-02 masks: 21.0 16.0 [wd: 9.93e-02] [lr: 9.03e-04] [mem: 5.67e+03] (283.0 ms)
[134,     0] grad_stats: [1.46e-03 2.30e-04] (4.91e-05, 6.81e-03)
[134,   116] loss: 8.110188e-02 masks: 23.4 16.8 [wd: 9.97e-02] [lr: 9.02e-04] [mem: 5.67e+03] (284.0 ms)
[134,   116] grad_stats: [9.52e-04 2.33e-04] (6.08e-05, 6.94e-03)
[134,   232] loss: 8.298998e-02 masks: 22.2 17.2 [wd: 1.00e-01] [lr: 9.01e-04] [mem: 5.67e+03] (251.2 ms)
[134,   232] grad_stats: [1.69e-03 2.44e-04] (6.10e-05, 7.69e-03)
avg. loss 8.29899838e-02
time taken for epoch 0:01:12.867716
Epoch 135
[135,     0] loss: 7.844309e-02 masks: 26.0 16.0 [wd: 1.00e-01] [lr: 9.01e-04] [mem: 5.67e+03] (310.2 ms)
[135,     0] grad_stats: [1.83e-03 3.49e-04] (7.02e-05, 9.80e-03)
[135,   116] loss: 8.223475e-02 masks: 22.5 17.1 [wd: 1.01e-01] [lr: 9.00e-04] [mem: 5.67e+03] (281.0 ms)
[135,   116] grad_stats: [1.40e-03 2.86e-04] (8.31e-05, 1.06e-02)
[135,   232] loss: 8.340454e-02 masks: 22.1 17.4 [wd: 1.01e-01] [lr: 8.99e-04] [mem: 5.67e+03] (249.1 ms)
[135,   232] grad_stats: [3.16e-03 3.37e-04] (6.25e-05, 6.88e-03)
avg. loss 8.34045395e-02
time taken for epoch 0:01:12.358686
Epoch 136
[136,     0] loss: 8.680387e-02 masks: 25.0 16.0 [wd: 1.01e-01] [lr: 8.98e-04] [mem: 5.67e+03] (300.0 ms)
[136,     0] grad_stats: [3.26e-03 2.07e-04] (4.24e-05, 4.68e-03)
[136,   116] loss: 8.361435e-02 masks: 22.2 17.4 [wd: 1.01e-01] [lr: 8.97e-04] [mem: 5.67e+03] (280.2 ms)
[136,   116] grad_stats: [1.27e-03 2.26e-04] (5.48e-05, 1.12e-02)
[136,   232] loss: 8.367740e-02 masks: 22.1 17.3 [wd: 1.02e-01] [lr: 8.96e-04] [mem: 5.67e+03] (248.6 ms)
[136,   232] grad_stats: [3.06e-03 2.93e-04] (7.54e-05, 7.13e-03)
avg. loss 8.36774022e-02
time taken for epoch 0:01:12.170772
Epoch 137
[137,     0] loss: 7.877456e-02 masks: 25.0 16.0 [wd: 1.02e-01] [lr: 8.96e-04] [mem: 5.67e+03] (277.9 ms)
[137,     0] grad_stats: [1.12e-03 2.88e-04] (6.62e-05, 4.07e-03)
[137,   116] loss: 8.520856e-02 masks: 22.2 17.3 [wd: 1.02e-01] [lr: 8.95e-04] [mem: 5.67e+03] (278.6 ms)
[137,   116] grad_stats: [1.76e-03 2.62e-04] (7.05e-05, 8.40e-03)
[137,   232] loss: 8.475262e-02 masks: 22.3 17.2 [wd: 1.03e-01] [lr: 8.94e-04] [mem: 5.67e+03] (244.7 ms)
[137,   232] grad_stats: [1.60e-03 1.91e-04] (5.00e-05, 1.87e-02)
avg. loss 8.47526189e-02
time taken for epoch 0:01:11.329404
Epoch 138
[138,     0] loss: 6.661522e-02 masks: 35.0 12.0 [wd: 1.03e-01] [lr: 8.94e-04] [mem: 5.67e+03] (331.3 ms)
[138,     0] grad_stats: [9.81e-04 2.18e-04] (6.23e-05, 9.70e-03)
[138,   116] loss: 8.453600e-02 masks: 22.1 17.2 [wd: 1.03e-01] [lr: 8.93e-04] [mem: 5.67e+03] (280.1 ms)
[138,   116] grad_stats: [3.42e-03 2.82e-04] (7.56e-05, 8.00e-03)
[138,   232] loss: 8.570936e-02 masks: 21.7 17.4 [wd: 1.04e-01] [lr: 8.92e-04] [mem: 5.67e+03] (254.9 ms)
[138,   232] grad_stats: [2.00e-03 3.49e-04] (8.78e-05, 8.04e-03)
avg. loss 8.57093646e-02
time taken for epoch 0:01:13.715959
Epoch 139
[139,     0] loss: 1.035682e-01 masks: 13.0 20.0 [wd: 1.04e-01] [lr: 8.92e-04] [mem: 5.67e+03] (230.1 ms)
[139,     0] grad_stats: [1.59e-03 3.28e-04] (1.00e-04, 1.09e-02)
[139,   116] loss: 8.484544e-02 masks: 21.9 17.2 [wd: 1.04e-01] [lr: 8.91e-04] [mem: 5.67e+03] (278.0 ms)
[139,   116] grad_stats: [3.26e-03 3.41e-04] (8.60e-05, 6.36e-03)
[139,   232] loss: 8.556494e-02 masks: 21.6 17.3 [wd: 1.04e-01] [lr: 8.90e-04] [mem: 5.67e+03] (249.7 ms)
[139,   232] grad_stats: [1.81e-03 3.61e-04] (7.99e-05, 8.14e-03)
avg. loss 8.55649431e-02
time taken for epoch 0:01:12.560865
Epoch 140
[140,     0] loss: 7.622096e-02 masks: 24.0 16.0 [wd: 1.04e-01] [lr: 8.90e-04] [mem: 5.67e+03] (284.1 ms)
[140,     0] grad_stats: [2.94e-03 2.12e-04] (6.52e-05, 4.66e-03)
[140,   116] loss: 8.459462e-02 masks: 22.2 17.2 [wd: 1.05e-01] [lr: 8.89e-04] [mem: 5.67e+03] (281.0 ms)
[140,   116] grad_stats: [1.68e-03 2.39e-04] (6.31e-05, 7.04e-03)
[140,   232] loss: 8.476399e-02 masks: 22.3 17.1 [wd: 1.05e-01] [lr: 8.88e-04] [mem: 5.67e+03] (249.2 ms)
[140,   232] grad_stats: [3.19e-03 2.86e-04] (6.80e-05, 7.73e-03)
avg. loss 8.47639894e-02
time taken for epoch 0:01:12.342409
Epoch 141
[141,     0] loss: 6.758135e-02 masks: 36.0 12.0 [wd: 1.05e-01] [lr: 8.88e-04] [mem: 5.67e+03] (341.5 ms)
[141,     0] grad_stats: [3.34e-03 2.46e-04] (6.14e-05, 1.07e-02)
[141,   116] loss: 8.612754e-02 masks: 21.5 17.3 [wd: 1.06e-01] [lr: 8.87e-04] [mem: 5.67e+03] (275.3 ms)
[141,   116] grad_stats: [1.52e-03 2.73e-04] (6.57e-05, 9.28e-03)
[141,   232] loss: 8.606904e-02 masks: 21.6 17.4 [wd: 1.06e-01] [lr: 8.86e-04] [mem: 5.67e+03] (245.3 ms)
[141,   232] grad_stats: [1.83e-03 2.80e-04] (6.01e-05, 6.04e-03)
avg. loss 8.60690450e-02
time taken for epoch 0:01:11.390201
Epoch 142
[142,     0] loss: 7.220034e-02 masks: 25.0 16.0 [wd: 1.06e-01] [lr: 8.86e-04] [mem: 5.67e+03] (289.4 ms)
[142,     0] grad_stats: [1.95e-03 2.70e-04] (8.14e-05, 1.06e-02)
[142,   116] loss: 8.512814e-02 masks: 22.1 17.3 [wd: 1.07e-01] [lr: 8.85e-04] [mem: 5.67e+03] (279.1 ms)
[142,   116] grad_stats: [2.17e-03 2.36e-04] (6.01e-05, 4.29e-03)
[142,   232] loss: 8.538983e-02 masks: 22.0 17.2 [wd: 1.07e-01] [lr: 8.84e-04] [mem: 5.67e+03] (246.2 ms)
[142,   232] grad_stats: [1.42e-03 2.92e-04] (6.83e-05, 8.63e-03)
avg. loss 8.53898317e-02
time taken for epoch 0:01:11.651043
Epoch 143
[143,     0] loss: 8.184835e-02 masks: 17.0 20.0 [wd: 1.07e-01] [lr: 8.84e-04] [mem: 5.67e+03] (255.0 ms)
[143,     0] grad_stats: [1.39e-03 3.70e-04] (7.28e-05, 7.40e-03)
[143,   116] loss: 8.545175e-02 masks: 22.2 17.3 [wd: 1.07e-01] [lr: 8.83e-04] [mem: 5.67e+03] (279.1 ms)
[143,   116] grad_stats: [3.16e-03 2.27e-04] (7.84e-05, 9.08e-03)
[143,   232] loss: 8.537706e-02 masks: 22.1 17.2 [wd: 1.08e-01] [lr: 8.81e-04] [mem: 5.67e+03] (256.3 ms)
[143,   232] grad_stats: [1.62e-03 3.18e-04] (5.99e-05, 6.78e-03)
avg. loss 8.53770555e-02
time taken for epoch 0:01:14.045308
Epoch 144
[144,     0] loss: 9.346863e-02 masks: 17.0 16.0 [wd: 1.08e-01] [lr: 8.81e-04] [mem: 5.67e+03] (249.2 ms)
[144,     0] grad_stats: [2.38e-03 2.27e-04] (6.51e-05, 7.63e-03)
[144,   116] loss: 8.597000e-02 masks: 21.3 17.5 [wd: 1.08e-01] [lr: 8.80e-04] [mem: 5.67e+03] (274.9 ms)
[144,   116] grad_stats: [8.23e-04 1.90e-04] (6.40e-05, 7.31e-03)
[144,   232] loss: 8.596219e-02 masks: 21.8 17.3 [wd: 1.09e-01] [lr: 8.79e-04] [mem: 5.67e+03] (250.3 ms)
[144,   232] grad_stats: [6.64e-03 4.29e-04] (7.60e-05, 9.12e-03)
avg. loss 8.59621875e-02
time taken for epoch 0:01:12.664717
Epoch 145
[145,     0] loss: 7.248294e-02 masks: 33.0 12.0 [wd: 1.09e-01] [lr: 8.79e-04] [mem: 5.67e+03] (318.0 ms)
[145,     0] grad_stats: [1.58e-03 4.52e-04] (6.19e-05, 4.65e-03)
[145,   116] loss: 8.587875e-02 masks: 22.1 17.3 [wd: 1.09e-01] [lr: 8.78e-04] [mem: 5.67e+03] (279.7 ms)
[145,   116] grad_stats: [1.28e-03 3.82e-04] (8.24e-05, 8.63e-03)
[145,   232] loss: 8.591400e-02 masks: 21.9 17.5 [wd: 1.10e-01] [lr: 8.77e-04] [mem: 5.67e+03] (249.8 ms)
[145,   232] grad_stats: [1.97e-03 2.38e-04] (6.59e-05, 1.07e-02)
avg. loss 8.59139988e-02
time taken for epoch 0:01:12.560363
Epoch 146
[146,     0] loss: 1.018008e-01 masks: 14.0 20.0 [wd: 1.10e-01] [lr: 8.77e-04] [mem: 5.67e+03] (242.1 ms)
[146,     0] grad_stats: [1.83e-03 2.91e-04] (6.43e-05, 6.11e-03)
[146,   116] loss: 8.615086e-02 masks: 21.8 17.3 [wd: 1.10e-01] [lr: 8.76e-04] [mem: 5.67e+03] (277.8 ms)
[146,   116] grad_stats: [1.84e-03 2.64e-04] (6.60e-05, 7.77e-03)
[146,   232] loss: 8.471492e-02 masks: 22.7 17.0 [wd: 1.11e-01] [lr: 8.75e-04] [mem: 5.67e+03] (250.4 ms)
[146,   232] grad_stats: [1.56e-03 2.60e-04] (5.90e-05, 5.94e-03)
avg. loss 8.47149207e-02
time taken for epoch 0:01:12.520104
Epoch 147
[147,     0] loss: 9.573941e-02 masks: 17.0 16.0 [wd: 1.11e-01] [lr: 8.75e-04] [mem: 5.67e+03] (240.4 ms)
[147,     0] grad_stats: [2.05e-03 2.93e-04] (8.51e-05, 6.65e-03)
[147,   116] loss: 8.431235e-02 masks: 23.3 16.7 [wd: 1.11e-01] [lr: 8.74e-04] [mem: 5.67e+03] (283.6 ms)
[147,   116] grad_stats: [2.89e-03 2.59e-04] (6.29e-05, 5.19e-03)
[147,   232] loss: 8.563934e-02 masks: 22.3 17.1 [wd: 1.11e-01] [lr: 8.72e-04] [mem: 5.67e+03] (246.4 ms)
[147,   232] grad_stats: [1.81e-03 2.62e-04] (7.30e-05, 3.05e-02)
avg. loss 8.56393394e-02
time taken for epoch 0:01:11.603376
Epoch 148
[148,     0] loss: 8.465236e-02 masks: 23.0 20.0 [wd: 1.11e-01] [lr: 8.72e-04] [mem: 5.67e+03] (275.1 ms)
[148,     0] grad_stats: [1.38e-03 3.48e-04] (1.10e-04, 1.93e-02)
[148,   116] loss: 8.609263e-02 masks: 22.5 17.2 [wd: 1.12e-01] [lr: 8.71e-04] [mem: 5.67e+03] (281.3 ms)
[148,   116] grad_stats: [3.05e-03 3.92e-04] (7.28e-05, 7.96e-03)
[148,   232] loss: 8.650375e-02 masks: 22.1 17.2 [wd: 1.12e-01] [lr: 8.70e-04] [mem: 5.67e+03] (253.9 ms)
[148,   232] grad_stats: [5.07e-03 2.78e-04] (6.20e-05, 9.93e-03)
avg. loss 8.65037466e-02
time taken for epoch 0:01:13.585646
Epoch 149
[149,     0] loss: 9.667066e-02 masks: 17.0 16.0 [wd: 1.12e-01] [lr: 8.70e-04] [mem: 5.67e+03] (245.3 ms)
[149,     0] grad_stats: [1.60e-03 1.75e-04] (4.83e-05, 5.18e-03)
[149,   116] loss: 8.701017e-02 masks: 22.0 17.4 [wd: 1.13e-01] [lr: 8.69e-04] [mem: 5.67e+03] (280.4 ms)
[149,   116] grad_stats: [1.91e-03 2.67e-04] (8.45e-05, 1.04e-02)
[149,   232] loss: 8.665908e-02 masks: 21.9 17.4 [wd: 1.13e-01] [lr: 8.68e-04] [mem: 5.67e+03] (249.4 ms)
[149,   232] grad_stats: [3.18e-03 2.32e-04] (6.10e-05, 7.01e-03)
avg. loss 8.66590828e-02
time taken for epoch 0:01:12.506002
Epoch 150
[150,     0] loss: 7.528915e-02 masks: 26.0 16.0 [wd: 1.13e-01] [lr: 8.68e-04] [mem: 5.67e+03] (303.3 ms)
[150,     0] grad_stats: [1.35e-03 3.85e-04] (6.62e-05, 8.28e-03)
[150,   116] loss: 8.549664e-02 masks: 22.5 17.1 [wd: 1.14e-01] [lr: 8.67e-04] [mem: 5.67e+03] (282.0 ms)
[150,   116] grad_stats: [1.32e-03 3.33e-04] (7.29e-05, 8.77e-03)
[150,   232] loss: 8.648842e-02 masks: 22.2 17.2 [wd: 1.14e-01] [lr: 8.66e-04] [mem: 5.67e+03] (247.6 ms)
[150,   232] grad_stats: [1.74e-03 1.95e-04] (7.78e-05, 1.49e-02)
avg. loss 8.64884232e-02
time taken for epoch 0:01:11.854759
Epoch 151
[151,     0] loss: 7.570316e-02 masks: 25.0 16.0 [wd: 1.14e-01] [lr: 8.66e-04] [mem: 5.67e+03] (287.1 ms)
[151,     0] grad_stats: [2.16e-03 2.50e-04] (7.30e-05, 7.79e-03)
[151,   116] loss: 8.751324e-02 masks: 21.8 17.2 [wd: 1.15e-01] [lr: 8.64e-04] [mem: 5.67e+03] (277.9 ms)
[151,   116] grad_stats: [1.79e-03 2.46e-04] (6.23e-05, 1.18e-02)
[151,   232] loss: 8.707486e-02 masks: 22.1 17.0 [wd: 1.15e-01] [lr: 8.63e-04] [mem: 5.67e+03] (247.8 ms)
[151,   232] grad_stats: [3.07e-03 1.92e-04] (7.40e-05, 1.06e-02)
avg. loss 8.70748631e-02
time taken for epoch 0:01:11.903842
Epoch 152
[152,     0] loss: 9.830777e-02 masks: 17.0 20.0 [wd: 1.15e-01] [lr: 8.63e-04] [mem: 5.67e+03] (241.9 ms)
[152,     0] grad_stats: [2.17e-03 2.38e-04] (9.41e-05, 8.86e-03)
[152,   116] loss: 8.619490e-02 masks: 22.8 16.9 [wd: 1.16e-01] [lr: 8.62e-04] [mem: 5.67e+03] (281.8 ms)
[152,   116] grad_stats: [1.22e-03 3.03e-04] (6.43e-05, 9.95e-03)
[152,   232] loss: 8.707321e-02 masks: 22.3 17.2 [wd: 1.16e-01] [lr: 8.61e-04] [mem: 5.67e+03] (246.2 ms)
[152,   232] grad_stats: [2.58e-03 2.28e-04] (6.58e-05, 6.75e-03)
avg. loss 8.70732130e-02
time taken for epoch 0:01:11.615904
Epoch 153
[153,     0] loss: 7.624651e-02 masks: 33.0 12.0 [wd: 1.16e-01] [lr: 8.61e-04] [mem: 5.67e+03] (303.9 ms)
[153,     0] grad_stats: [3.44e-03 2.31e-04] (7.71e-05, 6.29e-03)
[153,   116] loss: 8.744336e-02 masks: 21.8 17.5 [wd: 1.17e-01] [lr: 8.60e-04] [mem: 5.67e+03] (277.8 ms)
[153,   116] grad_stats: [2.04e-03 2.11e-04] (5.93e-05, 8.19e-03)
[153,   232] loss: 8.727103e-02 masks: 21.9 17.3 [wd: 1.17e-01] [lr: 8.58e-04] [mem: 5.67e+03] (252.6 ms)
[153,   232] grad_stats: [2.04e-03 2.31e-04] (6.51e-05, 6.10e-03)
avg. loss 8.72710253e-02
time taken for epoch 0:01:13.178484
Epoch 154
[154,     0] loss: 9.652045e-02 masks: 20.0 20.0 [wd: 1.17e-01] [lr: 8.58e-04] [mem: 5.67e+03] (285.1 ms)
[154,     0] grad_stats: [3.02e-03 4.22e-04] (8.85e-05, 1.70e-02)
[154,   116] loss: 8.749749e-02 masks: 21.6 17.7 [wd: 1.17e-01] [lr: 8.57e-04] [mem: 5.67e+03] (277.8 ms)
[154,   116] grad_stats: [2.36e-03 3.05e-04] (8.01e-05, 7.77e-03)
[154,   232] loss: 8.620186e-02 masks: 22.3 17.2 [wd: 1.18e-01] [lr: 8.56e-04] [mem: 5.67e+03] (250.9 ms)
[154,   232] grad_stats: [1.58e-03 3.22e-04] (6.59e-05, 1.32e-02)
avg. loss 8.62018601e-02
time taken for epoch 0:01:12.804460
Epoch 155
[155,     0] loss: 1.078987e-01 masks: 15.0 20.0 [wd: 1.18e-01] [lr: 8.56e-04] [mem: 5.67e+03] (236.8 ms)
[155,     0] grad_stats: [1.36e-03 4.42e-04] (8.47e-05, 8.97e-03)
[155,   116] loss: 8.639624e-02 masks: 22.6 16.9 [wd: 1.18e-01] [lr: 8.55e-04] [mem: 5.67e+03] (282.6 ms)
[155,   116] grad_stats: [1.02e-03 3.54e-04] (6.27e-05, 7.03e-03)
[155,   232] loss: 8.667198e-02 masks: 22.4 17.0 [wd: 1.19e-01] [lr: 8.54e-04] [mem: 5.67e+03] (248.7 ms)
[155,   232] grad_stats: [1.39e-03 3.59e-04] (8.97e-05, 1.41e-02)
avg. loss 8.66719765e-02
time taken for epoch 0:01:12.217503
Epoch 156
[156,     0] loss: 8.201703e-02 masks: 25.0 16.0 [wd: 1.19e-01] [lr: 8.54e-04] [mem: 5.67e+03] (260.2 ms)
[156,     0] grad_stats: [1.41e-03 3.46e-04] (7.95e-05, 6.25e-03)
[156,   116] loss: 8.639901e-02 masks: 22.7 17.1 [wd: 1.19e-01] [lr: 8.52e-04] [mem: 5.67e+03] (282.4 ms)
[156,   116] grad_stats: [3.26e-03 2.95e-04] (8.69e-05, 1.10e-02)
[156,   232] loss: 8.737205e-02 masks: 22.3 17.2 [wd: 1.20e-01] [lr: 8.51e-04] [mem: 5.67e+03] (248.5 ms)
[156,   232] grad_stats: [3.38e-03 2.91e-04] (8.37e-05, 1.17e-02)
avg. loss 8.73720520e-02
time taken for epoch 0:01:12.139868
Epoch 157
[157,     0] loss: 9.299438e-02 masks: 17.0 20.0 [wd: 1.20e-01] [lr: 8.51e-04] [mem: 5.67e+03] (244.5 ms)
[157,     0] grad_stats: [1.99e-03 3.45e-04] (7.14e-05, 6.28e-03)
[157,   116] loss: 8.783856e-02 masks: 21.4 17.6 [wd: 1.20e-01] [lr: 8.50e-04] [mem: 5.67e+03] (274.7 ms)
[157,   116] grad_stats: [2.11e-03 2.85e-04] (7.38e-05, 1.26e-02)
[157,   232] loss: 8.789596e-02 masks: 21.5 17.5 [wd: 1.21e-01] [lr: 8.49e-04] [mem: 5.67e+03] (241.5 ms)
[157,   232] grad_stats: [3.07e-03 2.17e-04] (5.78e-05, 1.68e-02)
avg. loss 8.78959596e-02
time taken for epoch 0:01:10.590123
Epoch 158
[158,     0] loss: 8.556180e-02 masks: 20.0 20.0 [wd: 1.21e-01] [lr: 8.49e-04] [mem: 5.67e+03] (249.1 ms)
[158,     0] grad_stats: [3.14e-03 2.69e-04] (6.44e-05, 1.03e-02)
[158,   116] loss: 8.734429e-02 masks: 22.2 17.2 [wd: 1.21e-01] [lr: 8.48e-04] [mem: 5.67e+03] (277.8 ms)
[158,   116] grad_stats: [1.81e-03 2.96e-04] (6.87e-05, 1.16e-02)
[158,   232] loss: 8.728582e-02 masks: 22.0 17.3 [wd: 1.22e-01] [lr: 8.46e-04] [mem: 5.67e+03] (254.8 ms)
[158,   232] grad_stats: [2.71e-03 3.27e-04] (8.10e-05, 1.44e-02)
avg. loss 8.72858173e-02
time taken for epoch 0:01:13.661632
Epoch 159
[159,     0] loss: 8.930555e-02 masks: 20.0 20.0 [wd: 1.22e-01] [lr: 8.46e-04] [mem: 5.67e+03] (275.9 ms)
[159,     0] grad_stats: [4.10e-03 4.18e-04] (9.54e-05, 1.27e-02)
[159,   116] loss: 8.828921e-02 masks: 21.6 17.5 [wd: 1.22e-01] [lr: 8.45e-04] [mem: 5.67e+03] (279.3 ms)
[159,   116] grad_stats: [2.72e-03 3.36e-04] (7.42e-05, 1.57e-02)
[159,   232] loss: 8.788065e-02 masks: 22.1 17.3 [wd: 1.23e-01] [lr: 8.44e-04] [mem: 5.67e+03] (251.8 ms)
[159,   232] grad_stats: [3.60e-03 3.36e-04] (6.52e-05, 9.63e-03)
avg. loss 8.78806453e-02
time taken for epoch 0:01:12.968870
Epoch 160
[160,     0] loss: 9.203163e-02 masks: 24.0 16.0 [wd: 1.23e-01] [lr: 8.44e-04] [mem: 5.67e+03] (295.5 ms)
[160,     0] grad_stats: [1.63e-03 2.76e-04] (6.27e-05, 1.14e-02)
[160,   116] loss: 8.670070e-02 masks: 22.8 17.1 [wd: 1.23e-01] [lr: 8.43e-04] [mem: 5.67e+03] (283.3 ms)
[160,   116] grad_stats: [8.84e-04 2.61e-04] (5.79e-05, 1.13e-02)
[160,   232] loss: 8.711010e-02 masks: 22.6 17.0 [wd: 1.24e-01] [lr: 8.41e-04] [mem: 5.67e+03] (250.0 ms)
[160,   232] grad_stats: [3.06e-03 3.59e-04] (8.48e-05, 8.18e-03)
avg. loss 8.71100979e-02
time taken for epoch 0:01:12.397139
Epoch 161
[161,     0] loss: 9.438436e-02 masks: 23.0 16.0 [wd: 1.24e-01] [lr: 8.41e-04] [mem: 5.67e+03] (291.8 ms)
[161,     0] grad_stats: [2.23e-03 2.95e-04] (7.77e-05, 5.71e-03)
[161,   116] loss: 8.974432e-02 masks: 21.3 17.6 [wd: 1.24e-01] [lr: 8.40e-04] [mem: 5.67e+03] (276.8 ms)
[161,   116] grad_stats: [1.56e-03 3.86e-04] (8.48e-05, 8.41e-03)
[161,   232] loss: 8.921254e-02 masks: 21.7 17.4 [wd: 1.25e-01] [lr: 8.39e-04] [mem: 5.67e+03] (246.7 ms)
[161,   232] grad_stats: [1.33e-03 4.69e-04] (8.47e-05, 5.81e-03)
avg. loss 8.92125384e-02
time taken for epoch 0:01:11.684306
Epoch 162
[162,     0] loss: 8.943253e-02 masks: 19.0 20.0 [wd: 1.25e-01] [lr: 8.39e-04] [mem: 5.67e+03] (281.7 ms)
[162,     0] grad_stats: [2.26e-03 3.90e-04] (8.39e-05, 1.51e-02)
[162,   116] loss: 8.906807e-02 masks: 21.4 17.3 [wd: 1.25e-01] [lr: 8.38e-04] [mem: 5.67e+03] (275.9 ms)
[162,   116] grad_stats: [1.96e-03 2.98e-04] (8.27e-05, 1.56e-02)
[162,   232] loss: 8.858921e-02 masks: 21.8 17.3 [wd: 1.25e-01] [lr: 8.36e-04] [mem: 5.67e+03] (256.3 ms)
[162,   232] grad_stats: [8.94e-04 2.47e-04] (6.48e-05, 9.98e-03)
avg. loss 8.85892130e-02
time taken for epoch 0:01:14.020710
Epoch 163
[163,     0] loss: 9.275628e-02 masks: 16.0 20.0 [wd: 1.25e-01] [lr: 8.36e-04] [mem: 5.67e+03] (238.6 ms)
[163,     0] grad_stats: [1.56e-03 3.34e-04] (5.57e-05, 6.99e-03)
[163,   116] loss: 8.958203e-02 masks: 21.9 17.6 [wd: 1.26e-01] [lr: 8.35e-04] [mem: 5.67e+03] (279.9 ms)
[163,   116] grad_stats: [3.61e-03 2.57e-04] (8.47e-05, 1.29e-02)
[163,   232] loss: 8.888412e-02 masks: 22.1 17.3 [wd: 1.26e-01] [lr: 8.34e-04] [mem: 5.67e+03] (251.9 ms)
[163,   232] grad_stats: [2.27e-03 2.94e-04] (1.06e-04, 7.49e-03)
avg. loss 8.88841178e-02
time taken for epoch 0:01:13.071809
Epoch 164
[164,     0] loss: 8.910163e-02 masks: 21.0 20.0 [wd: 1.26e-01] [lr: 8.34e-04] [mem: 5.67e+03] (269.8 ms)
[164,     0] grad_stats: [2.11e-03 3.80e-04] (1.09e-04, 1.54e-02)
[164,   116] loss: 8.875430e-02 masks: 21.6 17.5 [wd: 1.27e-01] [lr: 8.33e-04] [mem: 5.67e+03] (277.2 ms)
[164,   116] grad_stats: [3.56e-03 3.24e-04] (8.38e-05, 8.64e-03)
[164,   232] loss: 8.988651e-02 masks: 21.4 17.5 [wd: 1.27e-01] [lr: 8.31e-04] [mem: 5.67e+03] (247.1 ms)
[164,   232] grad_stats: [1.46e-03 4.03e-04] (7.59e-05, 1.75e-02)
avg. loss 8.98865077e-02
time taken for epoch 0:01:11.959009
Epoch 165
[165,     0] loss: 8.559179e-02 masks: 25.0 16.0 [wd: 1.27e-01] [lr: 8.31e-04] [mem: 5.67e+03] (303.0 ms)
[165,     0] grad_stats: [1.80e-03 2.66e-04] (7.43e-05, 1.02e-02)
[165,   116] loss: 8.911735e-02 masks: 21.7 17.6 [wd: 1.28e-01] [lr: 8.30e-04] [mem: 5.67e+03] (280.0 ms)
[165,   116] grad_stats: [3.01e-03 2.78e-04] (5.62e-05, 9.81e-03)
[165,   232] loss: 8.936202e-02 masks: 21.6 17.5 [wd: 1.28e-01] [lr: 8.29e-04] [mem: 5.67e+03] (246.2 ms)
[165,   232] grad_stats: [2.01e-03 3.50e-04] (7.15e-05, 7.76e-03)
avg. loss 8.93620168e-02
time taken for epoch 0:01:11.695476
Epoch 166
[166,     0] loss: 9.047403e-02 masks: 21.0 20.0 [wd: 1.28e-01] [lr: 8.29e-04] [mem: 5.67e+03] (275.5 ms)
[166,     0] grad_stats: [7.42e-04 2.81e-04] (5.87e-05, 9.81e-03)
[166,   116] loss: 8.658349e-02 masks: 23.2 16.7 [wd: 1.29e-01] [lr: 8.27e-04] [mem: 5.67e+03] (282.3 ms)
[166,   116] grad_stats: [2.78e-03 2.55e-04] (6.74e-05, 1.03e-02)
[166,   232] loss: 8.791536e-02 masks: 22.5 16.9 [wd: 1.29e-01] [lr: 8.26e-04] [mem: 5.67e+03] (249.4 ms)
[166,   232] grad_stats: [1.15e-03 3.59e-04] (7.17e-05, 7.74e-03)
avg. loss 8.79153587e-02
time taken for epoch 0:01:12.255718
Epoch 167
[167,     0] loss: 8.750924e-02 masks: 25.0 16.0 [wd: 1.29e-01] [lr: 8.26e-04] [mem: 5.67e+03] (289.7 ms)
[167,     0] grad_stats: [1.51e-03 3.58e-04] (5.51e-05, 6.77e-03)
[167,   116] loss: 8.957504e-02 masks: 21.8 17.2 [wd: 1.30e-01] [lr: 8.25e-04] [mem: 5.67e+03] (277.7 ms)
[167,   116] grad_stats: [1.72e-03 2.85e-04] (7.99e-05, 1.45e-02)
[167,   232] loss: 8.915503e-02 masks: 21.8 17.2 [wd: 1.30e-01] [lr: 8.24e-04] [mem: 5.67e+03] (256.3 ms)
[167,   232] grad_stats: [1.78e-03 2.79e-04] (8.01e-05, 1.18e-02)
avg. loss 8.91550266e-02
time taken for epoch 0:01:14.137619
Epoch 168
[168,     0] loss: 8.245256e-02 masks: 24.0 16.0 [wd: 1.30e-01] [lr: 8.24e-04] [mem: 5.67e+03] (288.2 ms)
[168,     0] grad_stats: [2.48e-03 2.87e-04] (9.89e-05, 9.17e-03)
[168,   116] loss: 8.998839e-02 masks: 21.6 17.6 [wd: 1.31e-01] [lr: 8.22e-04] [mem: 5.67e+03] (278.4 ms)
[168,   116] grad_stats: [2.83e-03 3.08e-04] (7.91e-05, 8.74e-03)
[168,   232] loss: 8.957037e-02 masks: 21.9 17.4 [wd: 1.31e-01] [lr: 8.21e-04] [mem: 5.67e+03] (251.6 ms)
[168,   232] grad_stats: [1.69e-03 3.08e-04] (7.44e-05, 9.29e-03)
avg. loss 8.95703686e-02
time taken for epoch 0:01:13.034398
Epoch 169
[169,     0] loss: 1.041056e-01 masks: 16.0 20.0 [wd: 1.31e-01] [lr: 8.21e-04] [mem: 5.67e+03] (238.9 ms)
[169,     0] grad_stats: [1.74e-03 2.32e-04] (8.15e-05, 8.15e-03)
[169,   116] loss: 8.981751e-02 masks: 22.0 17.2 [wd: 1.32e-01] [lr: 8.20e-04] [mem: 5.67e+03] (278.0 ms)
[169,   116] grad_stats: [1.87e-03 2.67e-04] (8.04e-05, 1.89e-02)
[169,   232] loss: 8.931715e-02 masks: 22.0 17.2 [wd: 1.32e-01] [lr: 8.18e-04] [mem: 5.67e+03] (248.4 ms)
[169,   232] grad_stats: [1.17e-03 3.28e-04] (7.56e-05, 6.85e-03)
avg. loss 8.93171452e-02
time taken for epoch 0:01:12.157892
Epoch 170
[170,     0] loss: 8.593564e-02 masks: 26.0 16.0 [wd: 1.32e-01] [lr: 8.18e-04] [mem: 5.67e+03] (178.8 ms)
[170,     0] grad_stats: [2.75e-03 3.88e-04] (9.61e-05, 9.32e-03)
[170,   116] loss: 8.837884e-02 masks: 22.6 17.0 [wd: 1.33e-01] [lr: 8.17e-04] [mem: 5.67e+03] (170.8 ms)
[170,   116] grad_stats: [9.98e-04 4.51e-04] (9.65e-05, 1.23e-02)
[170,   232] loss: 8.963614e-02 masks: 22.0 17.4 [wd: 1.33e-01] [lr: 8.16e-04] [mem: 5.67e+03] (169.8 ms)
[170,   232] grad_stats: [3.01e-03 2.90e-04] (8.06e-05, 6.68e-03)
avg. loss 8.96361365e-02
time taken for epoch 0:00:52.964900
Epoch 171
[171,     0] loss: 7.827327e-02 masks: 25.0 16.0 [wd: 1.33e-01] [lr: 8.16e-04] [mem: 5.67e+03] (174.2 ms)
[171,     0] grad_stats: [1.79e-03 3.10e-04] (7.43e-05, 2.38e-02)
[171,   116] loss: 8.772655e-02 masks: 22.9 16.8 [wd: 1.34e-01] [lr: 8.14e-04] [mem: 5.67e+03] (171.2 ms)
[171,   116] grad_stats: [2.82e-03 3.10e-04] (8.53e-05, 5.73e-03)
[171,   232] loss: 8.806101e-02 masks: 22.6 16.9 [wd: 1.34e-01] [lr: 8.13e-04] [mem: 5.67e+03] (223.5 ms)
[171,   232] grad_stats: [1.63e-03 4.04e-04] (8.76e-05, 5.94e-03)
avg. loss 8.80610117e-02
time taken for epoch 0:01:05.490354
Epoch 172
[172,     0] loss: 8.050893e-02 masks: 25.0 16.0 [wd: 1.34e-01] [lr: 8.13e-04] [mem: 5.67e+03] (260.7 ms)
[172,     0] grad_stats: [8.88e-04 3.06e-04] (7.76e-05, 1.01e-02)
[172,   116] loss: 9.039061e-02 masks: 21.7 17.3 [wd: 1.35e-01] [lr: 8.12e-04] [mem: 5.67e+03] (215.3 ms)
[172,   116] grad_stats: [2.70e-03 5.19e-04] (8.66e-05, 7.58e-03)
[172,   232] loss: 9.055591e-02 masks: 21.5 17.5 [wd: 1.35e-01] [lr: 8.10e-04] [mem: 5.67e+03] (245.7 ms)
[172,   232] grad_stats: [1.78e-03 2.58e-04] (6.81e-05, 1.83e-02)
avg. loss 9.05559104e-02
time taken for epoch 0:01:11.463039
Epoch 173
[173,     0] loss: 9.065577e-02 masks: 21.0 16.0 [wd: 1.35e-01] [lr: 8.10e-04] [mem: 5.67e+03] (258.7 ms)
[173,     0] grad_stats: [8.56e-04 3.33e-04] (6.72e-05, 4.95e-03)
[173,   116] loss: 8.918082e-02 masks: 22.4 17.1 [wd: 1.36e-01] [lr: 8.09e-04] [mem: 5.67e+03] (218.3 ms)
[173,   116] grad_stats: [1.36e-03 2.95e-04] (7.34e-05, 7.58e-03)
[173,   232] loss: 8.946861e-02 masks: 22.1 17.3 [wd: 1.36e-01] [lr: 8.08e-04] [mem: 5.67e+03] (231.8 ms)
[173,   232] grad_stats: [1.58e-03 2.94e-04] (6.69e-05, 1.06e-02)
avg. loss 8.94686125e-02
time taken for epoch 0:01:08.299483
Epoch 174
[174,     0] loss: 5.804454e-02 masks: 35.0 12.0 [wd: 1.36e-01] [lr: 8.08e-04] [mem: 5.67e+03] (344.5 ms)
[174,     0] grad_stats: [5.86e-03 2.91e-04] (7.15e-05, 1.23e-02)
[174,   116] loss: 8.988070e-02 masks: 21.8 17.3 [wd: 1.37e-01] [lr: 8.06e-04] [mem: 5.67e+03] (242.6 ms)
[174,   116] grad_stats: [1.66e-03 3.12e-04] (6.18e-05, 1.23e-02)
[174,   232] loss: 9.006730e-02 masks: 21.7 17.3 [wd: 1.37e-01] [lr: 8.05e-04] [mem: 5.67e+03] (244.8 ms)
[174,   232] grad_stats: [1.00e-03 3.99e-04] (7.59e-05, 4.92e-03)
avg. loss 9.00673020e-02
time taken for epoch 0:01:11.292602
Epoch 175
[175,     0] loss: 9.191023e-02 masks: 22.0 16.0 [wd: 1.37e-01] [lr: 8.05e-04] [mem: 5.67e+03] (257.6 ms)
[175,     0] grad_stats: [2.28e-03 3.89e-04] (8.58e-05, 2.30e-02)
[175,   116] loss: 8.933950e-02 masks: 22.2 17.3 [wd: 1.38e-01] [lr: 8.04e-04] [mem: 5.67e+03] (243.3 ms)
[175,   116] grad_stats: [2.31e-03 2.70e-04] (6.95e-05, 6.09e-03)
[175,   232] loss: 8.960057e-02 masks: 22.1 17.3 [wd: 1.38e-01] [lr: 8.02e-04] [mem: 5.67e+03] (247.9 ms)
[175,   232] grad_stats: [2.54e-03 3.05e-04] (7.81e-05, 7.57e-03)
avg. loss 8.96005701e-02
time taken for epoch 0:01:12.006878
Epoch 176
[176,     0] loss: 9.587060e-02 masks: 18.0 20.0 [wd: 1.38e-01] [lr: 8.02e-04] [mem: 5.67e+03] (267.1 ms)
[176,     0] grad_stats: [1.44e-03 3.20e-04] (6.98e-05, 1.13e-02)
[176,   116] loss: 8.875804e-02 masks: 22.2 17.3 [wd: 1.39e-01] [lr: 8.01e-04] [mem: 5.67e+03] (240.3 ms)
[176,   116] grad_stats: [1.56e-03 3.93e-04] (9.30e-05, 1.62e-02)
[176,   232] loss: 8.898858e-02 masks: 22.3 17.2 [wd: 1.39e-01] [lr: 8.00e-04] [mem: 5.67e+03] (250.0 ms)
[176,   232] grad_stats: [4.97e-03 3.48e-04] (1.05e-04, 1.77e-02)
avg. loss 8.89885796e-02
time taken for epoch 0:01:12.544408
Epoch 177
[177,     0] loss: 9.769625e-02 masks: 17.0 20.0 [wd: 1.39e-01] [lr: 8.00e-04] [mem: 5.67e+03] (253.1 ms)
[177,     0] grad_stats: [3.87e-03 3.12e-04] (9.12e-05, 8.27e-03)
[177,   116] loss: 8.986237e-02 masks: 22.2 17.3 [wd: 1.40e-01] [lr: 7.98e-04] [mem: 5.67e+03] (234.8 ms)
[177,   116] grad_stats: [2.89e-03 2.51e-04] (7.22e-05, 2.17e-02)
[177,   232] loss: 8.978090e-02 masks: 22.0 17.3 [wd: 1.40e-01] [lr: 7.97e-04] [mem: 5.67e+03] (204.6 ms)
[177,   232] grad_stats: [1.96e-03 3.04e-04] (8.25e-05, 7.86e-03)
avg. loss 8.97809004e-02
time taken for epoch 0:01:01.789892
Epoch 178
[178,     0] loss: 8.478583e-02 masks: 21.0 16.0 [wd: 1.40e-01] [lr: 7.97e-04] [mem: 5.67e+03] (164.6 ms)
[178,     0] grad_stats: [2.36e-03 5.02e-04] (1.03e-04, 1.52e-02)
[178,   116] loss: 8.830587e-02 masks: 22.8 17.0 [wd: 1.41e-01] [lr: 7.95e-04] [mem: 5.67e+03] (171.2 ms)
[178,   116] grad_stats: [1.79e-03 3.28e-04] (9.19e-05, 9.95e-03)
[178,   232] loss: 8.925367e-02 masks: 22.0 17.4 [wd: 1.41e-01] [lr: 7.94e-04] [mem: 5.67e+03] (169.9 ms)
[178,   232] grad_stats: [1.26e-03 3.81e-04] (8.56e-05, 1.30e-02)
avg. loss 8.92536670e-02
time taken for epoch 0:00:53.078223
Epoch 179
[179,     0] loss: 8.037020e-02 masks: 26.0 16.0 [wd: 1.41e-01] [lr: 7.94e-04] [mem: 5.67e+03] (178.4 ms)
[179,     0] grad_stats: [2.63e-03 3.49e-04] (7.88e-05, 9.47e-03)
[179,   116] loss: 9.127207e-02 masks: 20.9 17.9 [wd: 1.42e-01] [lr: 7.93e-04] [mem: 5.67e+03] (167.1 ms)
[179,   116] grad_stats: [1.86e-03 2.87e-04] (8.68e-05, 1.46e-02)
[179,   232] loss: 9.027640e-02 masks: 21.5 17.6 [wd: 1.42e-01] [lr: 7.91e-04] [mem: 5.67e+03] (173.5 ms)
[179,   232] grad_stats: [1.67e-03 2.27e-04] (6.59e-05, 1.10e-02)
avg. loss 9.02763980e-02
time taken for epoch 0:00:53.975444
Epoch 180
[180,     0] loss: 8.618814e-02 masks: 23.0 16.0 [wd: 1.42e-01] [lr: 7.91e-04] [mem: 5.67e+03] (279.9 ms)
[180,     0] grad_stats: [4.31e-03 3.59e-04] (1.04e-04, 2.48e-02)
[180,   116] loss: 9.076038e-02 masks: 21.5 17.6 [wd: 1.43e-01] [lr: 7.90e-04] [mem: 5.67e+03] (276.4 ms)
[180,   116] grad_stats: [1.13e-03 4.48e-04] (6.78e-05, 1.05e-02)
[180,   232] loss: 9.121733e-02 masks: 21.5 17.4 [wd: 1.43e-01] [lr: 7.89e-04] [mem: 5.67e+03] (241.4 ms)
[180,   232] grad_stats: [2.15e-03 2.73e-04] (7.88e-05, 9.96e-03)
avg. loss 9.12173337e-02
time taken for epoch 0:01:10.475466
Epoch 181
[181,     0] loss: 7.969096e-02 masks: 25.0 16.0 [wd: 1.43e-01] [lr: 7.89e-04] [mem: 5.67e+03] (284.0 ms)
[181,     0] grad_stats: [2.94e-03 2.73e-04] (8.55e-05, 2.57e-02)
[181,   116] loss: 9.117087e-02 masks: 21.5 17.4 [wd: 1.44e-01] [lr: 7.87e-04] [mem: 5.67e+03] (276.2 ms)
[181,   116] grad_stats: [1.39e-03 2.27e-04] (8.10e-05, 9.63e-03)
[181,   232] loss: 9.030370e-02 masks: 21.8 17.3 [wd: 1.44e-01] [lr: 7.86e-04] [mem: 5.67e+03] (251.7 ms)
[181,   232] grad_stats: [1.26e-03 3.25e-04] (9.08e-05, 1.40e-02)
avg. loss 9.03036993e-02
time taken for epoch 0:01:13.017057
Epoch 182
[182,     0] loss: 8.222032e-02 masks: 27.0 16.0 [wd: 1.44e-01] [lr: 7.86e-04] [mem: 5.67e+03] (306.8 ms)
[182,     0] grad_stats: [3.70e-03 4.94e-04] (1.07e-04, 3.14e-02)
[182,   116] loss: 9.017583e-02 masks: 22.4 17.4 [wd: 1.45e-01] [lr: 7.84e-04] [mem: 5.67e+03] (282.0 ms)
[182,   116] grad_stats: [6.87e-04 3.20e-04] (7.98e-05, 1.11e-02)
[182,   232] loss: 9.011566e-02 masks: 22.1 17.5 [wd: 1.45e-01] [lr: 7.83e-04] [mem: 5.67e+03] (250.4 ms)
[182,   232] grad_stats: [2.16e-03 3.41e-04] (7.58e-05, 3.00e-02)
avg. loss 9.01156599e-02
time taken for epoch 0:01:12.681162
Epoch 183
[183,     0] loss: 8.627139e-02 masks: 24.0 16.0 [wd: 1.45e-01] [lr: 7.83e-04] [mem: 5.67e+03] (282.8 ms)
[183,     0] grad_stats: [1.17e-03 3.58e-04] (6.50e-05, 9.64e-03)
[183,   116] loss: 9.077718e-02 masks: 21.3 17.6 [wd: 1.46e-01] [lr: 7.82e-04] [mem: 5.67e+03] (275.9 ms)
[183,   116] grad_stats: [3.33e-03 3.37e-04] (9.32e-05, 9.87e-03)
[183,   232] loss: 9.094283e-02 masks: 21.5 17.5 [wd: 1.46e-01] [lr: 7.80e-04] [mem: 5.67e+03] (246.2 ms)
[183,   232] grad_stats: [1.73e-03 3.25e-04] (9.57e-05, 1.49e-02)
avg. loss 9.09428288e-02
time taken for epoch 0:01:11.586699
Epoch 184
[184,     0] loss: 1.059514e-01 masks: 17.0 16.0 [wd: 1.46e-01] [lr: 7.80e-04] [mem: 5.67e+03] (248.3 ms)
[184,     0] grad_stats: [1.46e-03 2.60e-04] (8.89e-05, 9.21e-03)
[184,   116] loss: 9.125650e-02 masks: 21.7 17.3 [wd: 1.47e-01] [lr: 7.79e-04] [mem: 5.67e+03] (278.6 ms)
[184,   116] grad_stats: [1.03e-03 2.67e-04] (7.36e-05, 1.21e-02)
[184,   232] loss: 9.138776e-02 masks: 21.6 17.4 [wd: 1.47e-01] [lr: 7.77e-04] [mem: 5.67e+03] (247.0 ms)
[184,   232] grad_stats: [1.42e-03 3.98e-04] (7.19e-05, 8.82e-03)
avg. loss 9.13877572e-02
time taken for epoch 0:01:11.776304
Epoch 185
[185,     0] loss: 8.791509e-02 masks: 25.0 16.0 [wd: 1.47e-01] [lr: 7.77e-04] [mem: 5.67e+03] (294.3 ms)
[185,     0] grad_stats: [1.46e-03 3.22e-04] (8.55e-05, 1.87e-02)
[185,   116] loss: 8.977541e-02 masks: 22.2 17.0 [wd: 1.48e-01] [lr: 7.76e-04] [mem: 5.67e+03] (278.9 ms)
[185,   116] grad_stats: [3.49e-03 3.19e-04] (9.78e-05, 1.41e-02)
[185,   232] loss: 8.986593e-02 masks: 22.4 17.0 [wd: 1.49e-01] [lr: 7.74e-04] [mem: 5.67e+03] (245.4 ms)
[185,   232] grad_stats: [2.16e-03 3.02e-04] (8.83e-05, 1.76e-02)
avg. loss 8.98659262e-02
time taken for epoch 0:01:12.619435
Epoch 186
[186,     0] loss: 9.588715e-02 masks: 20.0 16.0 [wd: 1.49e-01] [lr: 7.74e-04] [mem: 5.67e+03] (256.6 ms)
[186,     0] grad_stats: [1.86e-03 3.89e-04] (8.48e-05, 2.78e-02)
[186,   116] loss: 9.008588e-02 masks: 22.1 17.0 [wd: 1.49e-01] [lr: 7.73e-04] [mem: 5.67e+03] (278.5 ms)
[186,   116] grad_stats: [3.79e-03 5.24e-04] (9.51e-05, 2.40e-02)
[186,   232] loss: 8.939171e-02 masks: 22.5 16.8 [wd: 1.50e-01] [lr: 7.72e-04] [mem: 5.67e+03] (251.0 ms)
[186,   232] grad_stats: [1.31e-03 2.56e-04] (8.33e-05, 7.30e-03)
avg. loss 8.93917071e-02
time taken for epoch 0:01:12.832068
Epoch 187
[187,     0] loss: 9.621987e-02 masks: 20.0 20.0 [wd: 1.50e-01] [lr: 7.72e-04] [mem: 5.67e+03] (274.8 ms)
[187,     0] grad_stats: [1.88e-03 3.60e-04] (8.75e-05, 1.03e-02)
[187,   116] loss: 9.077799e-02 masks: 22.1 17.2 [wd: 1.50e-01] [lr: 7.70e-04] [mem: 5.67e+03] (278.2 ms)
[187,   116] grad_stats: [2.20e-03 3.06e-04] (7.63e-05, 1.79e-02)
[187,   232] loss: 9.116793e-02 masks: 21.8 17.3 [wd: 1.51e-01] [lr: 7.69e-04] [mem: 5.67e+03] (246.9 ms)
[187,   232] grad_stats: [2.32e-03 4.57e-04] (9.17e-05, 2.76e-02)
avg. loss 9.11679287e-02
time taken for epoch 0:01:11.809402
Epoch 188
[188,     0] loss: 8.853928e-02 masks: 20.0 20.0 [wd: 1.51e-01] [lr: 7.69e-04] [mem: 5.67e+03] (249.4 ms)
[188,     0] grad_stats: [2.76e-03 3.38e-04] (8.94e-05, 2.75e-02)
[188,   116] loss: 9.224257e-02 masks: 20.9 17.7 [wd: 1.51e-01] [lr: 7.67e-04] [mem: 5.67e+03] (275.7 ms)
[188,   116] grad_stats: [2.55e-03 3.01e-04] (8.27e-05, 2.30e-02)
[188,   232] loss: 9.178144e-02 masks: 21.4 17.4 [wd: 1.52e-01] [lr: 7.66e-04] [mem: 5.67e+03] (245.4 ms)
[188,   232] grad_stats: [4.19e-03 5.42e-04] (7.67e-05, 1.27e-02)
avg. loss 9.17814411e-02
time taken for epoch 0:01:11.338239
Epoch 189
[189,     0] loss: 8.274462e-02 masks: 27.0 16.0 [wd: 1.52e-01] [lr: 7.66e-04] [mem: 5.67e+03] (306.3 ms)
[189,     0] grad_stats: [4.53e-03 4.15e-04] (9.04e-05, 7.41e-03)
[189,   116] loss: 9.004703e-02 masks: 22.6 16.9 [wd: 1.52e-01] [lr: 7.64e-04] [mem: 5.67e+03] (280.7 ms)
[189,   116] grad_stats: [2.23e-03 3.54e-04] (9.16e-05, 1.30e-02)
[189,   232] loss: 9.032185e-02 masks: 22.2 17.1 [wd: 1.53e-01] [lr: 7.63e-04] [mem: 5.67e+03] (248.2 ms)
[189,   232] grad_stats: [3.18e-03 4.20e-04] (1.04e-04, 1.45e-02)
avg. loss 9.03218500e-02
time taken for epoch 0:01:12.084010
Epoch 190
[190,     0] loss: 9.921628e-02 masks: 19.0 20.0 [wd: 1.53e-01] [lr: 7.63e-04] [mem: 5.67e+03] (271.0 ms)
[190,     0] grad_stats: [2.84e-03 3.88e-04] (7.60e-05, 1.10e-02)
[190,   116] loss: 9.047521e-02 masks: 22.1 17.4 [wd: 1.53e-01] [lr: 7.61e-04] [mem: 5.67e+03] (280.6 ms)
[190,   116] grad_stats: [2.24e-03 3.79e-04] (8.97e-05, 2.57e-02)
[190,   232] loss: 9.025330e-02 masks: 22.1 17.3 [wd: 1.54e-01] [lr: 7.60e-04] [mem: 5.67e+03] (246.5 ms)
[190,   232] grad_stats: [2.95e-03 3.41e-04] (8.35e-05, 1.17e-02)
avg. loss 9.02532981e-02
time taken for epoch 0:01:11.764694
Epoch 191
[191,     0] loss: 7.822680e-02 masks: 27.0 16.0 [wd: 1.54e-01] [lr: 7.60e-04] [mem: 5.67e+03] (305.6 ms)
[191,     0] grad_stats: [1.90e-03 3.23e-04] (7.87e-05, 1.78e-02)
[191,   116] loss: 9.038650e-02 masks: 21.9 17.6 [wd: 1.54e-01] [lr: 7.59e-04] [mem: 5.67e+03] (279.1 ms)
[191,   116] grad_stats: [1.76e-03 3.59e-04] (9.21e-05, 9.10e-03)
[191,   232] loss: 9.031875e-02 masks: 22.1 17.4 [wd: 1.55e-01] [lr: 7.57e-04] [mem: 5.67e+03] (255.1 ms)
[191,   232] grad_stats: [1.91e-03 4.07e-04] (7.42e-05, 8.55e-03)
avg. loss 9.03187520e-02
time taken for epoch 0:01:13.833680
Epoch 192
[192,     0] loss: 9.712005e-02 masks: 17.0 16.0 [wd: 1.55e-01] [lr: 7.57e-04] [mem: 5.67e+03] (244.3 ms)
[192,     0] grad_stats: [2.97e-03 3.56e-04] (8.24e-05, 1.68e-02)
[192,   116] loss: 9.120324e-02 masks: 21.5 17.3 [wd: 1.55e-01] [lr: 7.56e-04] [mem: 5.67e+03] (276.0 ms)
[192,   116] grad_stats: [4.16e-03 3.87e-04] (9.17e-05, 9.96e-03)
[192,   232] loss: 9.110242e-02 masks: 21.8 17.1 [wd: 1.56e-01] [lr: 7.54e-04] [mem: 5.67e+03] (249.6 ms)
[192,   232] grad_stats: [1.47e-03 3.87e-04] (9.19e-05, 8.61e-03)
avg. loss 9.11024174e-02
time taken for epoch 0:01:12.531675
Epoch 193
[193,     0] loss: 1.012605e-01 masks: 20.0 20.0 [wd: 1.56e-01] [lr: 7.54e-04] [mem: 5.67e+03] (262.7 ms)
[193,     0] grad_stats: [1.60e-03 3.40e-04] (9.90e-05, 8.37e-03)
[193,   116] loss: 9.210979e-02 masks: 21.3 17.4 [wd: 1.56e-01] [lr: 7.53e-04] [mem: 5.67e+03] (274.8 ms)
[193,   116] grad_stats: [8.75e-04 3.29e-04] (9.96e-05, 1.46e-02)
[193,   232] loss: 9.169206e-02 masks: 22.0 17.3 [wd: 1.57e-01] [lr: 7.51e-04] [mem: 5.67e+03] (248.2 ms)
[193,   232] grad_stats: [1.84e-03 3.59e-04] (9.62e-05, 1.24e-02)
avg. loss 9.16920637e-02
time taken for epoch 0:01:12.130441
Epoch 194
[194,     0] loss: 9.873305e-02 masks: 17.0 20.0 [wd: 1.57e-01] [lr: 7.51e-04] [mem: 5.67e+03] (243.1 ms)
[194,     0] grad_stats: [2.04e-03 3.21e-04] (1.11e-04, 2.01e-02)
[194,   116] loss: 9.074005e-02 masks: 22.6 17.2 [wd: 1.57e-01] [lr: 7.50e-04] [mem: 5.67e+03] (281.1 ms)
[194,   116] grad_stats: [1.82e-03 3.16e-04] (8.12e-05, 6.49e-03)
[194,   232] loss: 9.171474e-02 masks: 22.1 17.2 [wd: 1.58e-01] [lr: 7.48e-04] [mem: 5.67e+03] (247.5 ms)
[194,   232] grad_stats: [2.01e-03 3.54e-04] (1.03e-04, 2.02e-02)
avg. loss 9.17147434e-02
time taken for epoch 0:01:12.000759
Epoch 195
[195,     0] loss: 8.547089e-02 masks: 21.0 16.0 [wd: 1.58e-01] [lr: 7.48e-04] [mem: 5.67e+03] (281.7 ms)
[195,     0] grad_stats: [2.17e-03 3.31e-04] (8.08e-05, 9.07e-03)
[195,   116] loss: 9.247985e-02 masks: 21.5 17.4 [wd: 1.58e-01] [lr: 7.47e-04] [mem: 5.67e+03] (276.3 ms)
[195,   116] grad_stats: [3.63e-03 3.03e-04] (7.73e-05, 7.80e-03)
[195,   232] loss: 9.273520e-02 masks: 21.2 17.5 [wd: 1.59e-01] [lr: 7.45e-04] [mem: 5.67e+03] (243.4 ms)
[195,   232] grad_stats: [2.70e-03 4.48e-04] (1.07e-04, 2.67e-02)
avg. loss 9.27352033e-02
time taken for epoch 0:01:11.013522
Epoch 196
[196,     0] loss: 9.155548e-02 masks: 21.0 20.0 [wd: 1.59e-01] [lr: 7.45e-04] [mem: 5.67e+03] (260.0 ms)
[196,     0] grad_stats: [2.70e-03 4.39e-04] (1.05e-04, 1.36e-02)
[196,   116] loss: 9.315686e-02 masks: 21.2 17.6 [wd: 1.60e-01] [lr: 7.44e-04] [mem: 5.67e+03] (275.4 ms)
[196,   116] grad_stats: [1.14e-03 3.26e-04] (9.05e-05, 3.20e-02)
[196,   232] loss: 9.315406e-02 masks: 21.4 17.5 [wd: 1.60e-01] [lr: 7.42e-04] [mem: 5.67e+03] (252.1 ms)
[196,   232] grad_stats: [4.42e-03 3.26e-04] (8.61e-05, 1.10e-02)
avg. loss 9.31540607e-02
time taken for epoch 0:01:13.123985
Epoch 197
[197,     0] loss: 9.939364e-02 masks: 20.0 16.0 [wd: 1.60e-01] [lr: 7.42e-04] [mem: 5.67e+03] (256.2 ms)
[197,     0] grad_stats: [1.59e-03 3.65e-04] (9.58e-05, 8.56e-03)
[197,   116] loss: 9.099147e-02 masks: 22.5 17.1 [wd: 1.61e-01] [lr: 7.41e-04] [mem: 5.67e+03] (281.2 ms)
[197,   116] grad_stats: [2.25e-03 4.17e-04] (9.24e-05, 1.12e-02)
[197,   232] loss: 9.159518e-02 masks: 22.1 17.2 [wd: 1.61e-01] [lr: 7.39e-04] [mem: 5.67e+03] (250.7 ms)
[197,   232] grad_stats: [1.65e-03 2.76e-04] (8.08e-05, 8.76e-03)
avg. loss 9.15951823e-02
time taken for epoch 0:01:12.759283
Epoch 198
[198,     0] loss: 7.631000e-02 masks: 27.0 16.0 [wd: 1.61e-01] [lr: 7.39e-04] [mem: 5.67e+03] (289.5 ms)
[198,     0] grad_stats: [2.51e-03 3.60e-04] (8.78e-05, 1.08e-02)
[198,   116] loss: 9.151386e-02 masks: 21.7 17.4 [wd: 1.62e-01] [lr: 7.38e-04] [mem: 5.67e+03] (277.8 ms)
[198,   116] grad_stats: [4.60e-03 3.16e-04] (9.28e-05, 1.88e-02)
[198,   232] loss: 9.174930e-02 masks: 21.9 17.3 [wd: 1.62e-01] [lr: 7.36e-04] [mem: 5.67e+03] (248.2 ms)
[198,   232] grad_stats: [3.44e-03 2.82e-04] (9.47e-05, 1.80e-02)
avg. loss 9.17493045e-02
time taken for epoch 0:01:11.953975
Epoch 199
[199,     0] loss: 9.366023e-02 masks: 23.0 16.0 [wd: 1.62e-01] [lr: 7.36e-04] [mem: 5.67e+03] (290.0 ms)
[199,     0] grad_stats: [1.02e-03 3.36e-04] (8.92e-05, 6.96e-03)
[199,   116] loss: 9.223878e-02 masks: 21.8 17.3 [wd: 1.63e-01] [lr: 7.35e-04] [mem: 5.67e+03] (277.9 ms)
[199,   116] grad_stats: [2.10e-03 3.94e-04] (1.07e-04, 1.35e-02)
[199,   232] loss: 9.249845e-02 masks: 21.8 17.5 [wd: 1.63e-01] [lr: 7.33e-04] [mem: 5.67e+03] (246.6 ms)
[199,   232] grad_stats: [1.63e-03 4.70e-04] (1.03e-04, 1.03e-02)
avg. loss 9.24984507e-02
time taken for epoch 0:01:12.455901
Epoch 200
[200,     0] loss: 7.761756e-02 masks: 23.0 16.0 [wd: 1.63e-01] [lr: 7.33e-04] [mem: 5.67e+03] (291.4 ms)
[200,     0] grad_stats: [2.20e-03 4.35e-04] (9.29e-05, 9.44e-03)
[200,   116] loss: 9.225885e-02 masks: 21.5 17.5 [wd: 1.64e-01] [lr: 7.32e-04] [mem: 5.67e+03] (278.2 ms)
[200,   116] grad_stats: [1.77e-03 4.53e-04] (1.15e-04, 1.27e-02)
[200,   232] loss: 9.210366e-02 masks: 21.8 17.3 [wd: 1.64e-01] [lr: 7.30e-04] [mem: 5.67e+03] (244.1 ms)
[200,   232] grad_stats: [2.32e-03 3.03e-04] (8.76e-05, 6.77e-03)
avg. loss 9.21036616e-02
	Epoch 200, KNN accuracy train: 7.11230e-01, KNN accuracy train: 5.58000e-01
time taken for epoch 0:02:03.586384
Epoch 201
[201,     0] loss: 9.194808e-02 masks: 18.0 20.0 [wd: 1.64e-01] [lr: 7.30e-04] [mem: 5.67e+03] (257.6 ms)
[201,     0] grad_stats: [1.74e-03 3.07e-04] (9.34e-05, 1.31e-02)
[201,   116] loss: 9.103920e-02 masks: 22.0 17.2 [wd: 1.65e-01] [lr: 7.29e-04] [mem: 5.67e+03] (279.6 ms)
[201,   116] grad_stats: [2.72e-03 3.01e-04] (9.09e-05, 2.20e-02)
[201,   232] loss: 9.103964e-02 masks: 22.0 17.2 [wd: 1.65e-01] [lr: 7.27e-04] [mem: 5.67e+03] (259.2 ms)
[201,   232] grad_stats: [1.00e-03 3.39e-04] (8.90e-05, 8.18e-03)
avg. loss 9.10396366e-02
time taken for epoch 0:01:14.820035
Epoch 202
[202,     0] loss: 1.067426e-01 masks: 15.0 20.0 [wd: 1.65e-01] [lr: 7.27e-04] [mem: 5.67e+03] (245.1 ms)
[202,     0] grad_stats: [1.57e-03 3.63e-04] (1.17e-04, 1.02e-02)
[202,   116] loss: 9.307858e-02 masks: 21.3 17.7 [wd: 1.66e-01] [lr: 7.26e-04] [mem: 5.67e+03] (277.3 ms)
[202,   116] grad_stats: [1.35e-03 2.79e-04] (8.37e-05, 9.66e-03)
[202,   232] loss: 9.190109e-02 masks: 21.9 17.4 [wd: 1.67e-01] [lr: 7.24e-04] [mem: 5.67e+03] (252.8 ms)
[202,   232] grad_stats: [2.18e-03 3.31e-04] (8.42e-05, 1.24e-02)
avg. loss 9.19010867e-02
time taken for epoch 0:01:13.206197
Epoch 203
[203,     0] loss: 9.925705e-02 masks: 18.0 20.0 [wd: 1.67e-01] [lr: 7.24e-04] [mem: 5.67e+03] (245.5 ms)
[203,     0] grad_stats: [3.03e-03 4.20e-04] (8.22e-05, 1.22e-02)
[203,   116] loss: 8.950422e-02 masks: 23.3 16.9 [wd: 1.67e-01] [lr: 7.23e-04] [mem: 5.67e+03] (285.8 ms)
[203,   116] grad_stats: [3.07e-03 3.73e-04] (8.49e-05, 1.18e-02)
[203,   232] loss: 8.994123e-02 masks: 22.9 17.0 [wd: 1.68e-01] [lr: 7.21e-04] [mem: 5.67e+03] (252.3 ms)
[203,   232] grad_stats: [2.49e-03 3.29e-04] (8.64e-05, 1.56e-02)
avg. loss 8.99412300e-02
time taken for epoch 0:01:13.051844
Epoch 204
[204,     0] loss: 8.674236e-02 masks: 23.0 16.0 [wd: 1.68e-01] [lr: 7.21e-04] [mem: 5.67e+03] (252.5 ms)
[204,     0] grad_stats: [1.54e-03 3.43e-04] (9.55e-05, 1.38e-02)
[204,   116] loss: 9.194172e-02 masks: 21.6 17.4 [wd: 1.68e-01] [lr: 7.20e-04] [mem: 5.67e+03] (275.8 ms)
[204,   116] grad_stats: [1.93e-03 3.41e-04] (8.86e-05, 1.52e-02)
[204,   232] loss: 9.126911e-02 masks: 22.0 17.3 [wd: 1.69e-01] [lr: 7.18e-04] [mem: 5.67e+03] (263.3 ms)
[204,   232] grad_stats: [2.45e-03 3.84e-04] (1.06e-04, 4.53e-02)
avg. loss 9.12691117e-02
time taken for epoch 0:01:15.471969
Epoch 205
[205,     0] loss: 9.527609e-02 masks: 18.0 20.0 [wd: 1.69e-01] [lr: 7.18e-04] [mem: 5.67e+03] (277.1 ms)
[205,     0] grad_stats: [2.33e-03 4.02e-04] (1.00e-04, 2.27e-02)
[205,   116] loss: 9.206014e-02 masks: 21.6 17.7 [wd: 1.69e-01] [lr: 7.17e-04] [mem: 5.67e+03] (277.7 ms)
[205,   116] grad_stats: [3.11e-03 4.82e-04] (1.10e-04, 1.00e-02)
[205,   232] loss: 9.182314e-02 masks: 22.0 17.3 [wd: 1.70e-01] [lr: 7.15e-04] [mem: 5.67e+03] (255.2 ms)
[205,   232] grad_stats: [3.15e-03 3.55e-04] (9.16e-05, 1.53e-02)
avg. loss 9.18231388e-02
time taken for epoch 0:01:13.828159
Epoch 206
[206,     0] loss: 8.586816e-02 masks: 25.0 16.0 [wd: 1.70e-01] [lr: 7.15e-04] [mem: 5.67e+03] (289.4 ms)
[206,     0] grad_stats: [1.27e-03 2.93e-04] (7.92e-05, 1.64e-02)
[206,   116] loss: 9.220275e-02 masks: 22.0 17.1 [wd: 1.70e-01] [lr: 7.13e-04] [mem: 5.67e+03] (277.5 ms)
[206,   116] grad_stats: [3.72e-03 4.91e-04] (1.10e-04, 1.29e-02)
[206,   232] loss: 9.192583e-02 masks: 21.8 17.3 [wd: 1.71e-01] [lr: 7.12e-04] [mem: 5.67e+03] (250.0 ms)
[206,   232] grad_stats: [1.53e-03 5.10e-04] (1.13e-04, 7.09e-03)
avg. loss 9.19258259e-02
time taken for epoch 0:01:12.684995
Epoch 207
[207,     0] loss: 1.122631e-01 masks: 18.0 20.0 [wd: 1.71e-01] [lr: 7.12e-04] [mem: 5.67e+03] (268.5 ms)
[207,     0] grad_stats: [3.21e-03 5.52e-04] (9.72e-05, 2.44e-02)
[207,   116] loss: 9.208144e-02 masks: 21.7 17.3 [wd: 1.71e-01] [lr: 7.10e-04] [mem: 5.67e+03] (278.2 ms)
[207,   116] grad_stats: [1.99e-03 2.91e-04] (9.30e-05, 6.69e-03)
[207,   232] loss: 9.216027e-02 masks: 22.1 17.2 [wd: 1.72e-01] [lr: 7.09e-04] [mem: 5.67e+03] (248.7 ms)
[207,   232] grad_stats: [3.92e-03 5.33e-04] (1.08e-04, 1.24e-02)
avg. loss 9.21602729e-02
time taken for epoch 0:01:12.258886
Epoch 208
[208,     0] loss: 1.040415e-01 masks: 20.0 16.0 [wd: 1.72e-01] [lr: 7.09e-04] [mem: 5.67e+03] (261.7 ms)
[208,     0] grad_stats: [2.15e-03 7.62e-04] (1.20e-04, 2.00e-02)
[208,   116] loss: 9.140879e-02 masks: 22.2 17.2 [wd: 1.73e-01] [lr: 7.07e-04] [mem: 5.67e+03] (280.1 ms)
[208,   116] grad_stats: [1.48e-03 3.42e-04] (9.84e-05, 3.63e-02)
[208,   232] loss: 9.155551e-02 masks: 22.2 17.2 [wd: 1.73e-01] [lr: 7.06e-04] [mem: 5.67e+03] (248.9 ms)
[208,   232] grad_stats: [2.20e-03 4.27e-04] (9.57e-05, 1.83e-02)
avg. loss 9.15555112e-02
time taken for epoch 0:01:12.222078
Epoch 209
[209,     0] loss: 9.974620e-02 masks: 20.0 20.0 [wd: 1.73e-01] [lr: 7.06e-04] [mem: 5.67e+03] (263.8 ms)
[209,     0] grad_stats: [1.12e-03 6.28e-04] (1.11e-04, 8.09e-03)
[209,   116] loss: 9.216367e-02 masks: 21.8 17.5 [wd: 1.74e-01] [lr: 7.04e-04] [mem: 5.67e+03] (279.2 ms)
[209,   116] grad_stats: [1.87e-03 3.44e-04] (8.91e-05, 8.64e-03)
[209,   232] loss: 9.173960e-02 masks: 22.2 17.3 [wd: 1.74e-01] [lr: 7.03e-04] [mem: 5.67e+03] (257.5 ms)
[209,   232] grad_stats: [1.76e-03 3.69e-04] (1.13e-04, 5.39e-02)
avg. loss 9.17395970e-02
time taken for epoch 0:01:14.278261
Epoch 210
[210,     0] loss: 8.044805e-02 masks: 28.0 16.0 [wd: 1.74e-01] [lr: 7.03e-04] [mem: 5.67e+03] (313.1 ms)
[210,     0] grad_stats: [1.05e-03 4.68e-04] (9.56e-05, 1.25e-02)
[210,   116] loss: 9.291123e-02 masks: 21.4 17.4 [wd: 1.75e-01] [lr: 7.01e-04] [mem: 5.67e+03] (275.2 ms)
[210,   116] grad_stats: [2.55e-03 3.39e-04] (1.00e-04, 1.54e-02)
[210,   232] loss: 9.269841e-02 masks: 21.4 17.4 [wd: 1.75e-01] [lr: 7.00e-04] [mem: 5.67e+03] (249.5 ms)
[210,   232] grad_stats: [2.11e-03 3.00e-04] (8.35e-05, 1.29e-02)
avg. loss 9.26984130e-02
time taken for epoch 0:01:12.421406
Epoch 211
[211,     0] loss: 9.215620e-02 masks: 23.0 16.0 [wd: 1.75e-01] [lr: 6.99e-04] [mem: 5.67e+03] (275.9 ms)
[211,     0] grad_stats: [2.89e-03 3.50e-04] (8.65e-05, 1.13e-02)
[211,   116] loss: 9.000579e-02 masks: 23.4 16.5 [wd: 1.76e-01] [lr: 6.98e-04] [mem: 5.67e+03] (283.4 ms)
[211,   116] grad_stats: [1.94e-03 3.96e-04] (9.58e-05, 1.00e-02)
[211,   232] loss: 9.072589e-02 masks: 22.8 16.9 [wd: 1.76e-01] [lr: 6.96e-04] [mem: 5.67e+03] (251.3 ms)
[211,   232] grad_stats: [1.32e-03 3.75e-04] (1.01e-04, 3.70e-02)
avg. loss 9.07258857e-02
time taken for epoch 0:01:12.774061
Epoch 212
[212,     0] loss: 9.931466e-02 masks: 20.0 16.0 [wd: 1.76e-01] [lr: 6.96e-04] [mem: 5.67e+03] (264.9 ms)
[212,     0] grad_stats: [2.43e-03 3.65e-04] (1.05e-04, 2.47e-02)
[212,   116] loss: 9.070391e-02 masks: 22.3 17.1 [wd: 1.77e-01] [lr: 6.95e-04] [mem: 5.67e+03] (280.7 ms)
[212,   116] grad_stats: [1.50e-03 3.46e-04] (8.11e-05, 3.43e-02)
[212,   232] loss: 9.150754e-02 masks: 22.2 17.2 [wd: 1.77e-01] [lr: 6.93e-04] [mem: 5.67e+03] (247.7 ms)
[212,   232] grad_stats: [1.82e-03 4.77e-04] (1.20e-04, 1.29e-02)
avg. loss 9.15075443e-02
time taken for epoch 0:01:11.980446
Epoch 213
[213,     0] loss: 8.067594e-02 masks: 25.0 16.0 [wd: 1.77e-01] [lr: 6.93e-04] [mem: 5.67e+03] (263.0 ms)
[213,     0] grad_stats: [2.24e-03 5.88e-04] (9.43e-05, 2.67e-02)
[213,   116] loss: 9.383932e-02 masks: 21.4 17.4 [wd: 1.78e-01] [lr: 6.92e-04] [mem: 5.67e+03] (274.4 ms)
[213,   116] grad_stats: [1.72e-03 3.30e-04] (8.18e-05, 9.32e-03)
[213,   232] loss: 9.259236e-02 masks: 22.0 17.2 [wd: 1.79e-01] [lr: 6.90e-04] [mem: 5.67e+03] (247.6 ms)
[213,   232] grad_stats: [2.77e-03 3.11e-04] (9.93e-05, 2.56e-02)
avg. loss 9.25923644e-02
time taken for epoch 0:01:11.928233
Epoch 214
[214,     0] loss: 7.416584e-02 masks: 33.0 12.0 [wd: 1.79e-01] [lr: 6.90e-04] [mem: 5.67e+03] (313.5 ms)
[214,     0] grad_stats: [1.17e-03 2.90e-04] (8.64e-05, 2.88e-02)
[214,   116] loss: 9.203623e-02 masks: 22.3 17.1 [wd: 1.79e-01] [lr: 6.88e-04] [mem: 5.67e+03] (279.4 ms)
[214,   116] grad_stats: [2.41e-03 3.77e-04] (8.80e-05, 1.76e-02)
[214,   232] loss: 9.252766e-02 masks: 21.8 17.3 [wd: 1.80e-01] [lr: 6.87e-04] [mem: 5.67e+03] (257.2 ms)
[214,   232] grad_stats: [3.97e-03 4.42e-04] (8.90e-05, 1.43e-02)
avg. loss 9.25276567e-02
time taken for epoch 0:01:14.335281
Epoch 215
[215,     0] loss: 7.442607e-02 masks: 33.0 12.0 [wd: 1.80e-01] [lr: 6.87e-04] [mem: 5.67e+03] (318.6 ms)
[215,     0] grad_stats: [3.97e-03 3.79e-04] (8.71e-05, 1.61e-02)
[215,   116] loss: 9.167829e-02 masks: 21.9 17.1 [wd: 1.80e-01] [lr: 6.85e-04] [mem: 5.67e+03] (277.5 ms)
[215,   116] grad_stats: [3.47e-03 5.41e-04] (1.01e-04, 1.06e-02)
[215,   232] loss: 9.191906e-02 masks: 21.7 17.3 [wd: 1.81e-01] [lr: 6.84e-04] [mem: 5.67e+03] (251.8 ms)
[215,   232] grad_stats: [1.94e-03 4.95e-04] (1.07e-04, 2.34e-02)
avg. loss 9.19190572e-02
time taken for epoch 0:01:13.018982
Epoch 216
[216,     0] loss: 7.515038e-02 masks: 25.0 16.0 [wd: 1.81e-01] [lr: 6.84e-04] [mem: 5.67e+03] (277.5 ms)
[216,     0] grad_stats: [3.24e-03 3.30e-04] (8.39e-05, 8.83e-03)
[216,   116] loss: 9.230451e-02 masks: 21.5 17.6 [wd: 1.81e-01] [lr: 6.82e-04] [mem: 5.67e+03] (277.0 ms)
[216,   116] grad_stats: [2.87e-03 3.75e-04] (1.10e-04, 3.82e-02)
[216,   232] loss: 9.286175e-02 masks: 21.4 17.6 [wd: 1.82e-01] [lr: 6.81e-04] [mem: 5.67e+03] (248.0 ms)
[216,   232] grad_stats: [1.03e-03 5.19e-04] (9.83e-05, 1.78e-02)
avg. loss 9.28617488e-02
time taken for epoch 0:01:12.123562
Epoch 217
[217,     0] loss: 9.364297e-02 masks: 19.0 20.0 [wd: 1.82e-01] [lr: 6.81e-04] [mem: 5.67e+03] (255.2 ms)
[217,     0] grad_stats: [1.50e-03 3.89e-04] (8.39e-05, 1.10e-02)
[217,   116] loss: 9.081193e-02 masks: 21.9 17.2 [wd: 1.82e-01] [lr: 6.79e-04] [mem: 5.67e+03] (277.9 ms)
[217,   116] grad_stats: [2.80e-03 4.47e-04] (1.05e-04, 9.35e-03)
[217,   232] loss: 9.174300e-02 masks: 21.9 17.2 [wd: 1.83e-01] [lr: 6.77e-04] [mem: 5.67e+03] (248.1 ms)
[217,   232] grad_stats: [1.23e-03 4.19e-04] (9.38e-05, 1.14e-02)
avg. loss 9.17429960e-02
time taken for epoch 0:01:12.190491
Epoch 218
[218,     0] loss: 8.125636e-02 masks: 27.0 16.0 [wd: 1.83e-01] [lr: 6.77e-04] [mem: 5.67e+03] (307.6 ms)
[218,     0] grad_stats: [3.69e-03 4.59e-04] (9.30e-05, 9.90e-03)
[218,   116] loss: 9.242356e-02 masks: 22.1 17.2 [wd: 1.84e-01] [lr: 6.76e-04] [mem: 5.67e+03] (280.2 ms)
[218,   116] grad_stats: [1.02e-03 3.31e-04] (9.04e-05, 1.93e-02)
[218,   232] loss: 9.234949e-02 masks: 21.8 17.3 [wd: 1.84e-01] [lr: 6.74e-04] [mem: 5.67e+03] (246.8 ms)
[218,   232] grad_stats: [2.08e-03 3.43e-04] (8.16e-05, 1.40e-02)
avg. loss 9.23494882e-02
time taken for epoch 0:01:11.863223
Epoch 219
[219,     0] loss: 7.143899e-02 masks: 35.0 12.0 [wd: 1.84e-01] [lr: 6.74e-04] [mem: 5.67e+03] (337.9 ms)
[219,     0] grad_stats: [2.65e-03 4.23e-04] (8.50e-05, 3.82e-02)
[219,   116] loss: 9.147086e-02 masks: 22.5 16.8 [wd: 1.85e-01] [lr: 6.73e-04] [mem: 5.67e+03] (278.1 ms)
[219,   116] grad_stats: [2.21e-03 3.72e-04] (8.49e-05, 3.06e-02)
[219,   232] loss: 9.248117e-02 masks: 22.1 17.2 [wd: 1.85e-01] [lr: 6.71e-04] [mem: 5.67e+03] (252.8 ms)
[219,   232] grad_stats: [2.25e-03 3.80e-04] (8.43e-05, 1.08e-02)
avg. loss 9.24811690e-02
time taken for epoch 0:01:13.308555
Epoch 220
[220,     0] loss: 1.084058e-01 masks: 12.0 20.0 [wd: 1.85e-01] [lr: 6.71e-04] [mem: 5.67e+03] (254.3 ms)
[220,     0] grad_stats: [2.91e-03 4.97e-04] (9.53e-05, 1.39e-02)
[220,   116] loss: 9.257285e-02 masks: 21.9 17.2 [wd: 1.86e-01] [lr: 6.69e-04] [mem: 5.67e+03] (277.9 ms)
[220,   116] grad_stats: [4.04e-03 4.63e-04] (9.17e-05, 1.77e-02)
[220,   232] loss: 9.237540e-02 masks: 21.9 17.2 [wd: 1.86e-01] [lr: 6.68e-04] [mem: 5.67e+03] (249.4 ms)
[220,   232] grad_stats: [1.43e-03 3.68e-04] (8.70e-05, 9.65e-03)
avg. loss 9.23753976e-02
time taken for epoch 0:01:12.519049
Epoch 221
[221,     0] loss: 8.448265e-02 masks: 27.0 16.0 [wd: 1.86e-01] [lr: 6.68e-04] [mem: 5.67e+03] (278.7 ms)
[221,     0] grad_stats: [2.05e-03 3.79e-04] (8.74e-05, 3.05e-02)
[221,   116] loss: 9.230138e-02 masks: 21.6 17.4 [wd: 1.87e-01] [lr: 6.66e-04] [mem: 5.67e+03] (277.8 ms)
[221,   116] grad_stats: [1.98e-03 4.40e-04] (8.55e-05, 1.06e-02)
[221,   232] loss: 9.288883e-02 masks: 21.5 17.6 [wd: 1.87e-01] [lr: 6.65e-04] [mem: 5.67e+03] (247.0 ms)
[221,   232] grad_stats: [3.19e-03 4.30e-04] (8.67e-05, 2.79e-02)
avg. loss 9.28888268e-02
time taken for epoch 0:01:11.798420
Epoch 222
[222,     0] loss: 8.715031e-02 masks: 28.0 16.0 [wd: 1.87e-01] [lr: 6.65e-04] [mem: 5.67e+03] (308.0 ms)
[222,     0] grad_stats: [1.71e-03 4.30e-04] (8.13e-05, 1.93e-02)
[222,   116] loss: 9.367279e-02 masks: 20.9 17.5 [wd: 1.88e-01] [lr: 6.63e-04] [mem: 5.67e+03] (273.9 ms)
[222,   116] grad_stats: [8.83e-04 4.90e-04] (1.03e-04, 1.30e-02)
[222,   232] loss: 9.284828e-02 masks: 21.6 17.4 [wd: 1.88e-01] [lr: 6.61e-04] [mem: 5.67e+03] (245.8 ms)
[222,   232] grad_stats: [1.83e-03 4.08e-04] (9.42e-05, 1.64e-02)
avg. loss 9.28482809e-02
time taken for epoch 0:01:11.590280
Epoch 223
[223,     0] loss: 9.480996e-02 masks: 24.0 16.0 [wd: 1.89e-01] [lr: 6.61e-04] [mem: 5.67e+03] (266.2 ms)
[223,     0] grad_stats: [1.73e-03 4.48e-04] (1.07e-04, 4.07e-02)
[223,   116] loss: 9.173720e-02 masks: 22.3 17.3 [wd: 1.89e-01] [lr: 6.60e-04] [mem: 5.67e+03] (281.6 ms)
[223,   116] grad_stats: [2.16e-03 4.60e-04] (1.02e-04, 3.55e-02)
[223,   232] loss: 9.128934e-02 masks: 22.3 17.2 [wd: 1.90e-01] [lr: 6.58e-04] [mem: 5.67e+03] (248.3 ms)
[223,   232] grad_stats: [4.14e-03 4.45e-04] (1.04e-04, 1.80e-02)
avg. loss 9.12893445e-02
time taken for epoch 0:01:12.173000
Epoch 224
[224,     0] loss: 9.008814e-02 masks: 23.0 16.0 [wd: 1.90e-01] [lr: 6.58e-04] [mem: 5.67e+03] (287.0 ms)
[224,     0] grad_stats: [1.24e-03 3.88e-04] (9.49e-05, 1.30e-02)
[224,   116] loss: 9.192523e-02 masks: 22.0 17.2 [wd: 1.90e-01] [lr: 6.56e-04] [mem: 5.67e+03] (279.1 ms)
[224,   116] grad_stats: [1.81e-03 4.59e-04] (8.52e-05, 1.83e-02)
[224,   232] loss: 9.226997e-02 masks: 21.8 17.4 [wd: 1.91e-01] [lr: 6.55e-04] [mem: 5.67e+03] (252.4 ms)
[224,   232] grad_stats: [2.05e-03 4.64e-04] (8.65e-05, 1.68e-02)
avg. loss 9.22699706e-02
time taken for epoch 0:01:13.196366
Epoch 225
[225,     0] loss: 9.805598e-02 masks: 25.0 16.0 [wd: 1.91e-01] [lr: 6.55e-04] [mem: 5.67e+03] (298.1 ms)
[225,     0] grad_stats: [1.73e-03 3.92e-04] (8.93e-05, 1.49e-02)
[225,   116] loss: 9.332483e-02 masks: 21.4 17.5 [wd: 1.91e-01] [lr: 6.53e-04] [mem: 5.67e+03] (276.5 ms)
[225,   116] grad_stats: [1.54e-03 3.78e-04] (9.35e-05, 1.94e-02)
[225,   232] loss: 9.264761e-02 masks: 21.8 17.3 [wd: 1.92e-01] [lr: 6.52e-04] [mem: 5.67e+03] (249.2 ms)
[225,   232] grad_stats: [1.48e-03 5.60e-04] (9.76e-05, 3.14e-02)
avg. loss 9.26476125e-02
time taken for epoch 0:01:12.409959
Epoch 226
[226,     0] loss: 8.126555e-02 masks: 23.0 16.0 [wd: 1.92e-01] [lr: 6.52e-04] [mem: 5.67e+03] (267.0 ms)
[226,     0] grad_stats: [1.87e-03 4.68e-04] (9.38e-05, 1.15e-02)
[226,   116] loss: 9.202125e-02 masks: 22.2 17.4 [wd: 1.92e-01] [lr: 6.50e-04] [mem: 5.67e+03] (279.0 ms)
[226,   116] grad_stats: [2.04e-03 5.64e-04] (9.83e-05, 1.21e-02)
[226,   232] loss: 9.207195e-02 masks: 21.9 17.4 [wd: 1.93e-01] [lr: 6.48e-04] [mem: 5.67e+03] (248.0 ms)
[226,   232] grad_stats: [4.10e-03 4.64e-04] (9.97e-05, 4.64e-02)
avg. loss 9.20719481e-02
time taken for epoch 0:01:12.084945
Epoch 227
[227,     0] loss: 8.297039e-02 masks: 33.0 12.0 [wd: 1.93e-01] [lr: 6.48e-04] [mem: 5.67e+03] (320.6 ms)
[227,     0] grad_stats: [9.63e-04 3.96e-04] (8.33e-05, 1.50e-02)
[227,   116] loss: 9.193700e-02 masks: 22.5 17.2 [wd: 1.94e-01] [lr: 6.47e-04] [mem: 5.67e+03] (280.1 ms)
[227,   116] grad_stats: [3.11e-03 4.94e-04] (1.10e-04, 9.92e-03)
[227,   232] loss: 9.131398e-02 masks: 22.7 16.9 [wd: 1.94e-01] [lr: 6.45e-04] [mem: 5.67e+03] (248.8 ms)
[227,   232] grad_stats: [1.58e-03 4.30e-04] (9.61e-05, 1.51e-02)
avg. loss 9.13139812e-02
time taken for epoch 0:01:12.249807
Epoch 228
[228,     0] loss: 8.886894e-02 masks: 25.0 16.0 [wd: 1.94e-01] [lr: 6.45e-04] [mem: 5.67e+03] (270.2 ms)
[228,     0] grad_stats: [1.49e-03 4.75e-04] (9.40e-05, 1.95e-02)
[228,   116] loss: 9.318286e-02 masks: 21.3 17.3 [wd: 1.95e-01] [lr: 6.43e-04] [mem: 5.67e+03] (275.4 ms)
[228,   116] grad_stats: [1.49e-03 4.30e-04] (9.77e-05, 3.96e-02)
[228,   232] loss: 9.295256e-02 masks: 21.5 17.4 [wd: 1.95e-01] [lr: 6.42e-04] [mem: 5.67e+03] (246.0 ms)
[228,   232] grad_stats: [2.80e-03 4.62e-04] (1.13e-04, 1.45e-02)
avg. loss 9.29525576e-02
time taken for epoch 0:01:11.565302
Epoch 229
[229,     0] loss: 8.656940e-02 masks: 26.0 16.0 [wd: 1.95e-01] [lr: 6.42e-04] [mem: 5.67e+03] (293.6 ms)
[229,     0] grad_stats: [1.23e-03 3.74e-04] (8.60e-05, 1.45e-02)
[229,   116] loss: 9.185203e-02 masks: 21.8 17.4 [wd: 1.96e-01] [lr: 6.40e-04] [mem: 5.67e+03] (278.9 ms)
[229,   116] grad_stats: [4.18e-03 4.67e-04] (9.32e-05, 1.46e-02)
[229,   232] loss: 9.238864e-02 masks: 21.6 17.4 [wd: 1.96e-01] [lr: 6.39e-04] [mem: 5.67e+03] (252.9 ms)
[229,   232] grad_stats: [1.51e-03 4.07e-04] (8.86e-05, 1.98e-02)
avg. loss 9.23886393e-02
time taken for epoch 0:01:13.371952
Epoch 230
[230,     0] loss: 1.137763e-01 masks: 17.0 20.0 [wd: 1.96e-01] [lr: 6.39e-04] [mem: 5.67e+03] (251.7 ms)
[230,     0] grad_stats: [1.72e-03 4.31e-04] (1.05e-04, 1.60e-02)
[230,   116] loss: 9.067876e-02 masks: 22.3 17.2 [wd: 1.97e-01] [lr: 6.37e-04] [mem: 5.67e+03] (281.1 ms)
[230,   116] grad_stats: [2.10e-03 4.33e-04] (1.09e-04, 2.25e-02)
[230,   232] loss: 9.123058e-02 masks: 22.3 17.2 [wd: 1.97e-01] [lr: 6.35e-04] [mem: 5.67e+03] (251.4 ms)
[230,   232] grad_stats: [2.15e-03 4.63e-04] (9.15e-05, 9.23e-03)
avg. loss 9.12305776e-02
time taken for epoch 0:01:12.862602
Epoch 231
[231,     0] loss: 8.804972e-02 masks: 19.0 20.0 [wd: 1.97e-01] [lr: 6.35e-04] [mem: 5.67e+03] (285.6 ms)
[231,     0] grad_stats: [2.08e-03 4.04e-04] (8.94e-05, 1.26e-02)
[231,   116] loss: 9.218672e-02 masks: 21.9 17.2 [wd: 1.98e-01] [lr: 6.34e-04] [mem: 5.67e+03] (278.7 ms)
[231,   116] grad_stats: [2.15e-03 5.35e-04] (8.73e-05, 1.54e-02)
[231,   232] loss: 9.205127e-02 masks: 22.0 17.2 [wd: 1.99e-01] [lr: 6.32e-04] [mem: 5.67e+03] (247.2 ms)
[231,   232] grad_stats: [2.16e-03 4.43e-04] (1.03e-04, 1.31e-02)
avg. loss 9.20512651e-02
time taken for epoch 0:01:11.898507
Epoch 232
[232,     0] loss: 8.034106e-02 masks: 34.0 12.0 [wd: 1.99e-01] [lr: 6.32e-04] [mem: 5.67e+03] (320.3 ms)
[232,     0] grad_stats: [9.30e-04 4.30e-04] (1.04e-04, 2.07e-02)
[232,   116] loss: 9.234490e-02 masks: 22.0 17.3 [wd: 1.99e-01] [lr: 6.30e-04] [mem: 5.67e+03] (277.4 ms)
[232,   116] grad_stats: [1.69e-03 5.53e-04] (8.48e-05, 2.05e-02)
[232,   232] loss: 9.206563e-02 masks: 22.1 17.3 [wd: 2.00e-01] [lr: 6.29e-04] [mem: 5.67e+03] (247.3 ms)
[232,   232] grad_stats: [1.80e-03 4.40e-04] (7.84e-05, 8.87e-03)
avg. loss 9.20656283e-02
time taken for epoch 0:01:11.892394
Epoch 233
[233,     0] loss: 9.269729e-02 masks: 26.0 16.0 [wd: 2.00e-01] [lr: 6.29e-04] [mem: 5.67e+03] (301.7 ms)
[233,     0] grad_stats: [1.33e-03 4.22e-04] (1.11e-04, 3.62e-02)
[233,   116] loss: 9.265759e-02 masks: 21.5 17.4 [wd: 2.00e-01] [lr: 6.27e-04] [mem: 5.67e+03] (276.4 ms)
[233,   116] grad_stats: [2.61e-03 5.13e-04] (8.65e-05, 3.77e-02)
[233,   232] loss: 9.246371e-02 masks: 21.6 17.3 [wd: 2.01e-01] [lr: 6.25e-04] [mem: 5.67e+03] (244.8 ms)
[233,   232] grad_stats: [1.78e-03 4.23e-04] (8.13e-05, 2.05e-02)
avg. loss 9.24637143e-02
time taken for epoch 0:01:11.396707
Epoch 234
[234,     0] loss: 1.065063e-01 masks: 16.0 20.0 [wd: 2.01e-01] [lr: 6.25e-04] [mem: 5.67e+03] (252.6 ms)
[234,     0] grad_stats: [1.24e-03 5.61e-04] (1.06e-04, 2.22e-02)
[234,   116] loss: 9.169171e-02 masks: 22.2 17.3 [wd: 2.01e-01] [lr: 6.24e-04] [mem: 5.67e+03] (280.0 ms)
[234,   116] grad_stats: [2.67e-03 4.24e-04] (8.18e-05, 1.69e-02)
[234,   232] loss: 9.164340e-02 masks: 22.3 17.2 [wd: 2.02e-01] [lr: 6.22e-04] [mem: 5.67e+03] (258.9 ms)
[234,   232] grad_stats: [2.32e-03 4.79e-04] (9.03e-05, 2.31e-02)
avg. loss 9.16433987e-02
time taken for epoch 0:01:14.752128
Epoch 235
[235,     0] loss: 8.482665e-02 masks: 27.0 16.0 [wd: 2.02e-01] [lr: 6.22e-04] [mem: 5.67e+03] (305.8 ms)
[235,     0] grad_stats: [1.15e-03 4.19e-04] (9.53e-05, 2.85e-02)
[235,   116] loss: 9.104688e-02 masks: 22.4 17.1 [wd: 2.03e-01] [lr: 6.20e-04] [mem: 5.67e+03] (279.9 ms)
[235,   116] grad_stats: [3.23e-03 4.49e-04] (7.97e-05, 2.60e-02)
[235,   232] loss: 9.149633e-02 masks: 22.2 17.2 [wd: 2.03e-01] [lr: 6.19e-04] [mem: 5.67e+03] (252.7 ms)
[235,   232] grad_stats: [1.56e-03 5.52e-04] (9.71e-05, 9.96e-03)
avg. loss 9.14963331e-02
time taken for epoch 0:01:13.267979
Epoch 236
[236,     0] loss: 1.010144e-01 masks: 19.0 20.0 [wd: 2.03e-01] [lr: 6.19e-04] [mem: 5.67e+03] (268.8 ms)
[236,     0] grad_stats: [1.87e-03 5.52e-04] (1.07e-04, 1.56e-02)
[236,   116] loss: 9.059876e-02 masks: 22.6 16.9 [wd: 2.04e-01] [lr: 6.17e-04] [mem: 5.67e+03] (281.9 ms)
[236,   116] grad_stats: [2.23e-03 5.85e-04] (1.01e-04, 1.49e-02)
[236,   232] loss: 9.258876e-02 masks: 21.9 17.3 [wd: 2.04e-01] [lr: 6.15e-04] [mem: 5.67e+03] (248.1 ms)
[236,   232] grad_stats: [1.42e-03 6.47e-04] (1.18e-04, 1.37e-02)
avg. loss 9.25887575e-02
time taken for epoch 0:01:12.077727
Epoch 237
[237,     0] loss: 8.887763e-02 masks: 22.0 20.0 [wd: 2.04e-01] [lr: 6.15e-04] [mem: 5.67e+03] (294.1 ms)
[237,     0] grad_stats: [1.38e-03 4.48e-04] (9.26e-05, 2.25e-02)
[237,   116] loss: 9.384346e-02 masks: 21.4 17.5 [wd: 2.05e-01] [lr: 6.14e-04] [mem: 5.67e+03] (276.7 ms)
[237,   116] grad_stats: [1.84e-03 4.96e-04] (1.07e-04, 1.11e-02)
[237,   232] loss: 9.283579e-02 masks: 21.7 17.4 [wd: 2.05e-01] [lr: 6.12e-04] [mem: 5.67e+03] (246.2 ms)
[237,   232] grad_stats: [2.79e-03 5.45e-04] (1.04e-04, 2.68e-02)
avg. loss 9.28357903e-02
time taken for epoch 0:01:11.688105
Epoch 238
[238,     0] loss: 8.948223e-02 masks: 23.0 16.0 [wd: 2.05e-01] [lr: 6.12e-04] [mem: 5.67e+03] (287.4 ms)
[238,     0] grad_stats: [3.40e-03 6.24e-04] (9.59e-05, 2.72e-02)
[238,   116] loss: 9.085987e-02 masks: 22.6 17.0 [wd: 2.06e-01] [lr: 6.10e-04] [mem: 5.67e+03] (281.3 ms)
[238,   116] grad_stats: [2.17e-03 7.72e-04] (1.16e-04, 3.69e-02)
[238,   232] loss: 9.077402e-02 masks: 22.7 16.9 [wd: 2.06e-01] [lr: 6.09e-04] [mem: 5.67e+03] (249.1 ms)
[238,   232] grad_stats: [2.95e-03 4.82e-04] (1.12e-04, 1.59e-02)
avg. loss 9.07740226e-02
time taken for epoch 0:01:12.284700
Epoch 239
[239,     0] loss: 8.401612e-02 masks: 25.0 16.0 [wd: 2.06e-01] [lr: 6.09e-04] [mem: 5.67e+03] (300.7 ms)
[239,     0] grad_stats: [2.52e-03 4.65e-04] (9.79e-05, 2.06e-02)
[239,   116] loss: 9.140381e-02 masks: 22.8 16.9 [wd: 2.07e-01] [lr: 6.07e-04] [mem: 5.67e+03] (280.3 ms)
[239,   116] grad_stats: [3.10e-03 4.02e-04] (9.13e-05, 1.28e-02)
[239,   232] loss: 9.218495e-02 masks: 22.0 17.2 [wd: 2.08e-01] [lr: 6.05e-04] [mem: 5.67e+03] (253.4 ms)
[239,   232] grad_stats: [1.53e-03 5.46e-04] (8.47e-05, 1.92e-02)
avg. loss 9.21849528e-02
time taken for epoch 0:01:13.403932
Epoch 240
[240,     0] loss: 7.871543e-02 masks: 26.0 16.0 [wd: 2.08e-01] [lr: 6.05e-04] [mem: 5.67e+03] (268.3 ms)
[240,     0] grad_stats: [1.07e-03 4.52e-04] (9.32e-05, 2.18e-02)
[240,   116] loss: 9.172208e-02 masks: 21.9 17.4 [wd: 2.08e-01] [lr: 6.04e-04] [mem: 5.67e+03] (279.4 ms)
[240,   116] grad_stats: [1.21e-03 4.46e-04] (1.05e-04, 2.02e-02)
[240,   232] loss: 9.130835e-02 masks: 22.2 17.2 [wd: 2.09e-01] [lr: 6.02e-04] [mem: 5.67e+03] (251.2 ms)
[240,   232] grad_stats: [3.02e-03 4.98e-04] (1.13e-04, 1.33e-02)
avg. loss 9.13083548e-02
time taken for epoch 0:01:12.898594
Epoch 241
[241,     0] loss: 9.862205e-02 masks: 21.0 20.0 [wd: 2.09e-01] [lr: 6.02e-04] [mem: 5.67e+03] (256.5 ms)
[241,     0] grad_stats: [2.29e-03 4.93e-04] (1.11e-04, 3.03e-02)
[241,   116] loss: 9.132803e-02 masks: 22.6 17.0 [wd: 2.09e-01] [lr: 6.00e-04] [mem: 5.67e+03] (279.7 ms)
[241,   116] grad_stats: [2.91e-03 6.81e-04] (1.00e-04, 2.93e-02)
[241,   232] loss: 9.131979e-02 masks: 22.7 17.0 [wd: 2.10e-01] [lr: 5.99e-04] [mem: 5.67e+03] (250.0 ms)
[241,   232] grad_stats: [3.56e-03 5.59e-04] (1.28e-04, 2.22e-02)
avg. loss 9.13197935e-02
time taken for epoch 0:01:12.547854
Epoch 242
[242,     0] loss: 8.731992e-02 masks: 23.0 16.0 [wd: 2.10e-01] [lr: 5.99e-04] [mem: 5.67e+03] (255.2 ms)
[242,     0] grad_stats: [3.48e-03 5.18e-04] (1.04e-04, 2.22e-02)
[242,   116] loss: 9.233144e-02 masks: 22.1 16.9 [wd: 2.10e-01] [lr: 5.97e-04] [mem: 5.67e+03] (279.1 ms)
[242,   116] grad_stats: [1.59e-03 4.76e-04] (1.10e-04, 9.83e-03)
[242,   232] loss: 9.294386e-02 masks: 21.8 17.0 [wd: 2.11e-01] [lr: 5.95e-04] [mem: 5.67e+03] (246.0 ms)
[242,   232] grad_stats: [1.70e-03 5.25e-04] (1.19e-04, 1.82e-02)
avg. loss 9.29438638e-02
time taken for epoch 0:01:11.615062
Epoch 243
[243,     0] loss: 9.397817e-02 masks: 19.0 20.0 [wd: 2.11e-01] [lr: 5.95e-04] [mem: 5.67e+03] (271.5 ms)
[243,     0] grad_stats: [1.30e-03 5.70e-04] (8.46e-05, 1.59e-02)
[243,   116] loss: 9.121683e-02 masks: 22.3 17.3 [wd: 2.12e-01] [lr: 5.94e-04] [mem: 5.67e+03] (280.8 ms)
[243,   116] grad_stats: [1.91e-03 5.24e-04] (9.67e-05, 1.79e-02)
[243,   232] loss: 9.129923e-02 masks: 22.4 17.2 [wd: 2.12e-01] [lr: 5.92e-04] [mem: 5.67e+03] (248.8 ms)
[243,   232] grad_stats: [1.44e-03 6.62e-04] (1.04e-04, 3.06e-02)
avg. loss 9.12992302e-02
time taken for epoch 0:01:12.302185
Epoch 244
[244,     0] loss: 1.115045e-01 masks: 12.0 20.0 [wd: 2.12e-01] [lr: 5.92e-04] [mem: 5.67e+03] (243.6 ms)
[244,     0] grad_stats: [1.67e-03 4.43e-04] (1.03e-04, 1.01e-02)
[244,   116] loss: 9.343747e-02 masks: 21.7 17.3 [wd: 2.13e-01] [lr: 5.90e-04] [mem: 5.67e+03] (277.3 ms)
[244,   116] grad_stats: [2.12e-03 5.51e-04] (8.98e-05, 1.46e-02)
[244,   232] loss: 9.158525e-02 masks: 22.2 17.2 [wd: 2.13e-01] [lr: 5.89e-04] [mem: 5.67e+03] (254.0 ms)
[244,   232] grad_stats: [1.12e-03 7.55e-04] (1.36e-04, 1.71e-02)
avg. loss 9.15852548e-02
time taken for epoch 0:01:13.578175
Epoch 245
[245,     0] loss: 9.697098e-02 masks: 18.0 20.0 [wd: 2.13e-01] [lr: 5.89e-04] [mem: 5.67e+03] (277.8 ms)
[245,     0] grad_stats: [2.28e-03 4.48e-04] (1.06e-04, 1.05e-02)
[245,   116] loss: 9.266083e-02 masks: 21.6 17.4 [wd: 2.14e-01] [lr: 5.87e-04] [mem: 5.67e+03] (278.4 ms)
[245,   116] grad_stats: [2.77e-03 5.19e-04] (1.02e-04, 4.92e-02)
[245,   232] loss: 9.240304e-02 masks: 22.0 17.2 [wd: 2.14e-01] [lr: 5.85e-04] [mem: 5.67e+03] (249.9 ms)
[245,   232] grad_stats: [2.25e-03 4.57e-04] (9.79e-05, 4.29e-02)
avg. loss 9.24030367e-02
time taken for epoch 0:01:12.574128
Epoch 246
[246,     0] loss: 1.099134e-01 masks: 13.0 20.0 [wd: 2.14e-01] [lr: 5.85e-04] [mem: 5.67e+03] (267.9 ms)
[246,     0] grad_stats: [1.89e-03 6.46e-04] (1.13e-04, 1.17e-02)
[246,   116] loss: 9.117348e-02 masks: 22.4 17.1 [wd: 2.15e-01] [lr: 5.84e-04] [mem: 5.67e+03] (280.7 ms)
[246,   116] grad_stats: [2.81e-03 5.25e-04] (8.48e-05, 1.66e-02)
[246,   232] loss: 9.145219e-02 masks: 22.3 17.2 [wd: 2.15e-01] [lr: 5.82e-04] [mem: 5.67e+03] (248.6 ms)
[246,   232] grad_stats: [1.44e-03 6.55e-04] (1.40e-04, 1.65e-02)
avg. loss 9.14521902e-02
time taken for epoch 0:01:12.166826
Epoch 247
[247,     0] loss: 8.615573e-02 masks: 24.0 16.0 [wd: 2.15e-01] [lr: 5.82e-04] [mem: 5.67e+03] (296.6 ms)
[247,     0] grad_stats: [1.36e-03 5.91e-04] (9.89e-05, 2.62e-02)
[247,   116] loss: 9.341515e-02 masks: 21.5 17.5 [wd: 2.16e-01] [lr: 5.80e-04] [mem: 5.67e+03] (276.8 ms)
[247,   116] grad_stats: [9.92e-04 4.00e-04] (9.61e-05, 2.02e-02)
[247,   232] loss: 9.249538e-02 masks: 21.8 17.4 [wd: 2.17e-01] [lr: 5.79e-04] [mem: 5.67e+03] (247.4 ms)
[247,   232] grad_stats: [2.50e-03 6.70e-04] (1.19e-04, 2.04e-02)
avg. loss 9.24953826e-02
time taken for epoch 0:01:11.850995
Epoch 248
[248,     0] loss: 8.795561e-02 masks: 28.0 16.0 [wd: 2.17e-01] [lr: 5.79e-04] [mem: 5.67e+03] (310.1 ms)
[248,     0] grad_stats: [3.28e-03 4.72e-04] (1.01e-04, 1.63e-02)
[248,   116] loss: 9.259271e-02 masks: 21.5 17.5 [wd: 2.17e-01] [lr: 5.77e-04] [mem: 5.67e+03] (276.5 ms)
[248,   116] grad_stats: [3.03e-03 5.11e-04] (1.08e-04, 2.92e-02)
[248,   232] loss: 9.220652e-02 masks: 21.8 17.4 [wd: 2.18e-01] [lr: 5.75e-04] [mem: 5.67e+03] (256.4 ms)
[248,   232] grad_stats: [1.69e-03 5.64e-04] (1.06e-04, 1.63e-02)
avg. loss 9.22065197e-02
time taken for epoch 0:01:14.019062
Epoch 249
[249,     0] loss: 9.101234e-02 masks: 25.0 16.0 [wd: 2.18e-01] [lr: 5.75e-04] [mem: 5.67e+03] (287.4 ms)
[249,     0] grad_stats: [1.51e-03 5.09e-04] (9.61e-05, 1.05e-02)
[249,   116] loss: 9.142894e-02 masks: 22.5 17.0 [wd: 2.18e-01] [lr: 5.74e-04] [mem: 5.67e+03] (282.6 ms)
[249,   116] grad_stats: [7.89e-04 4.13e-04] (8.16e-05, 2.87e-02)
[249,   232] loss: 9.181261e-02 masks: 22.0 17.4 [wd: 2.19e-01] [lr: 5.72e-04] [mem: 5.67e+03] (252.2 ms)
[249,   232] grad_stats: [1.09e-03 5.70e-04] (1.12e-04, 2.11e-02)
avg. loss 9.18126088e-02
time taken for epoch 0:01:13.081942
Epoch 250
[250,     0] loss: 9.843513e-02 masks: 21.0 16.0 [wd: 2.19e-01] [lr: 5.72e-04] [mem: 5.67e+03] (250.3 ms)
[250,     0] grad_stats: [2.00e-03 5.47e-04] (1.03e-04, 2.51e-02)
[250,   116] loss: 8.964888e-02 masks: 22.6 17.1 [wd: 2.19e-01] [lr: 5.70e-04] [mem: 5.67e+03] (280.3 ms)
[250,   116] grad_stats: [2.98e-03 5.13e-04] (1.14e-04, 1.24e-02)
[250,   232] loss: 9.041743e-02 masks: 22.4 17.0 [wd: 2.20e-01] [lr: 5.69e-04] [mem: 5.67e+03] (249.5 ms)
[250,   232] grad_stats: [1.62e-03 5.38e-04] (1.03e-04, 1.20e-02)
avg. loss 9.04174283e-02
time taken for epoch 0:01:12.486289
Epoch 251
[251,     0] loss: 8.470090e-02 masks: 25.0 16.0 [wd: 2.20e-01] [lr: 5.69e-04] [mem: 5.67e+03] (298.6 ms)
[251,     0] grad_stats: [1.95e-03 4.06e-04] (8.44e-05, 3.72e-02)
[251,   116] loss: 9.315845e-02 masks: 21.1 17.6 [wd: 2.21e-01] [lr: 5.67e-04] [mem: 5.67e+03] (275.0 ms)
[251,   116] grad_stats: [1.15e-03 6.53e-04] (9.74e-05, 2.57e-02)
[251,   232] loss: 9.319137e-02 masks: 21.2 17.5 [wd: 2.21e-01] [lr: 5.65e-04] [mem: 5.67e+03] (245.1 ms)
[251,   232] grad_stats: [3.52e-03 7.51e-04] (1.57e-04, 1.80e-02)
avg. loss 9.31913678e-02
time taken for epoch 0:01:11.443781
Epoch 252
[252,     0] loss: 8.002955e-02 masks: 22.0 20.0 [wd: 2.21e-01] [lr: 5.65e-04] [mem: 5.67e+03] (269.5 ms)
[252,     0] grad_stats: [1.68e-03 5.54e-04] (9.28e-05, 1.05e-02)
[252,   116] loss: 9.260401e-02 masks: 21.7 17.2 [wd: 2.22e-01] [lr: 5.63e-04] [mem: 5.67e+03] (277.9 ms)
[252,   116] grad_stats: [3.69e-03 6.33e-04] (1.16e-04, 1.96e-02)
[252,   232] loss: 9.134576e-02 masks: 22.3 17.1 [wd: 2.22e-01] [lr: 5.62e-04] [mem: 5.67e+03] (249.4 ms)
[252,   232] grad_stats: [1.01e-03 6.71e-04] (1.26e-04, 1.03e-02)
avg. loss 9.13457564e-02
time taken for epoch 0:01:12.376525
Epoch 253
[253,     0] loss: 9.176076e-02 masks: 21.0 16.0 [wd: 2.22e-01] [lr: 5.62e-04] [mem: 5.67e+03] (278.2 ms)
[253,     0] grad_stats: [2.22e-03 5.88e-04] (1.23e-04, 4.68e-02)
[253,   116] loss: 9.098360e-02 masks: 22.4 17.2 [wd: 2.23e-01] [lr: 5.60e-04] [mem: 5.67e+03] (279.3 ms)
[253,   116] grad_stats: [1.64e-03 4.98e-04] (1.01e-04, 2.47e-02)
[253,   232] loss: 9.083404e-02 masks: 22.4 17.1 [wd: 2.23e-01] [lr: 5.58e-04] [mem: 5.67e+03] (257.4 ms)
[253,   232] grad_stats: [3.46e-03 3.60e-04] (8.96e-05, 1.30e-02)
avg. loss 9.08340350e-02
time taken for epoch 0:01:14.379355
Epoch 254
[254,     0] loss: 8.282677e-02 masks: 33.0 12.0 [wd: 2.23e-01] [lr: 5.58e-04] [mem: 5.67e+03] (336.8 ms)
[254,     0] grad_stats: [1.06e-03 6.23e-04] (9.80e-05, 1.38e-02)
[254,   116] loss: 9.241988e-02 masks: 22.0 17.2 [wd: 2.24e-01] [lr: 5.57e-04] [mem: 5.67e+03] (278.0 ms)
[254,   116] grad_stats: [2.75e-03 5.73e-04] (9.90e-05, 3.15e-02)
[254,   232] loss: 9.215536e-02 masks: 21.8 17.4 [wd: 2.25e-01] [lr: 5.55e-04] [mem: 5.67e+03] (251.1 ms)
[254,   232] grad_stats: [1.12e-03 4.91e-04] (8.91e-05, 2.69e-02)
avg. loss 9.21553624e-02
time taken for epoch 0:01:12.839099
Epoch 255
[255,     0] loss: 7.454177e-02 masks: 33.0 12.0 [wd: 2.25e-01] [lr: 5.55e-04] [mem: 5.67e+03] (317.1 ms)
[255,     0] grad_stats: [2.09e-03 4.60e-04] (1.02e-04, 3.27e-02)
[255,   116] loss: 9.094090e-02 masks: 22.5 17.1 [wd: 2.25e-01] [lr: 5.53e-04] [mem: 5.67e+03] (281.7 ms)
[255,   116] grad_stats: [5.79e-03 1.23e-03] (1.36e-04, 2.15e-02)
[255,   232] loss: 9.064118e-02 masks: 22.5 17.0 [wd: 2.26e-01] [lr: 5.52e-04] [mem: 5.67e+03] (250.4 ms)
[255,   232] grad_stats: [1.82e-03 5.49e-04] (1.34e-04, 2.74e-02)
avg. loss 9.06411810e-02
time taken for epoch 0:01:12.666956
Epoch 256
[256,     0] loss: 9.707014e-02 masks: 17.0 20.0 [wd: 2.26e-01] [lr: 5.52e-04] [mem: 5.67e+03] (246.5 ms)
[256,     0] grad_stats: [1.61e-03 6.64e-04] (1.06e-04, 1.28e-02)
[256,   116] loss: 9.105443e-02 masks: 22.4 17.2 [wd: 2.26e-01] [lr: 5.50e-04] [mem: 5.67e+03] (281.0 ms)
[256,   116] grad_stats: [4.36e-03 5.37e-04] (1.19e-04, 2.09e-02)
[256,   232] loss: 9.121060e-02 masks: 22.1 17.3 [wd: 2.27e-01] [lr: 5.48e-04] [mem: 5.67e+03] (247.7 ms)
[256,   232] grad_stats: [4.33e-03 3.89e-04] (8.38e-05, 1.62e-02)
avg. loss 9.12105983e-02
time taken for epoch 0:01:11.935188
Epoch 257
[257,     0] loss: 1.026123e-01 masks: 14.0 20.0 [wd: 2.27e-01] [lr: 5.48e-04] [mem: 5.67e+03] (232.7 ms)
[257,     0] grad_stats: [2.09e-03 5.79e-04] (1.13e-04, 1.79e-02)
[257,   116] loss: 9.246697e-02 masks: 21.3 17.5 [wd: 2.27e-01] [lr: 5.46e-04] [mem: 5.67e+03] (275.3 ms)
[257,   116] grad_stats: [3.13e-03 5.91e-04] (1.09e-04, 1.42e-02)
[257,   232] loss: 9.213245e-02 masks: 21.6 17.4 [wd: 2.28e-01] [lr: 5.45e-04] [mem: 5.67e+03] (244.9 ms)
[257,   232] grad_stats: [2.96e-03 5.40e-04] (1.07e-04, 1.09e-02)
avg. loss 9.21324500e-02
time taken for epoch 0:01:11.425349
Epoch 258
[258,     0] loss: 8.951198e-02 masks: 24.0 16.0 [wd: 2.28e-01] [lr: 5.45e-04] [mem: 5.67e+03] (288.8 ms)
[258,     0] grad_stats: [2.20e-03 5.24e-04] (1.02e-04, 2.84e-02)
[258,   116] loss: 9.301032e-02 masks: 21.6 17.4 [wd: 2.28e-01] [lr: 5.43e-04] [mem: 5.67e+03] (276.9 ms)
[258,   116] grad_stats: [1.40e-03 6.49e-04] (1.27e-04, 1.53e-02)
[258,   232] loss: 9.197622e-02 masks: 21.8 17.3 [wd: 2.29e-01] [lr: 5.41e-04] [mem: 5.67e+03] (252.3 ms)
[258,   232] grad_stats: [1.44e-03 3.33e-04] (8.14e-05, 2.20e-02)
avg. loss 9.19762205e-02
time taken for epoch 0:01:13.232474
Epoch 259
[259,     0] loss: 8.057240e-02 masks: 25.0 16.0 [wd: 2.29e-01] [lr: 5.41e-04] [mem: 5.67e+03] (301.3 ms)
[259,     0] grad_stats: [1.28e-03 4.30e-04] (1.01e-04, 1.38e-02)
[259,   116] loss: 9.009749e-02 masks: 22.6 17.2 [wd: 2.30e-01] [lr: 5.40e-04] [mem: 5.67e+03] (282.8 ms)
[259,   116] grad_stats: [2.67e-03 5.29e-04] (9.53e-05, 1.42e-02)
[259,   232] loss: 9.011968e-02 masks: 22.3 17.1 [wd: 2.30e-01] [lr: 5.38e-04] [mem: 5.67e+03] (250.3 ms)
[259,   232] grad_stats: [1.14e-03 3.79e-04] (7.53e-05, 2.16e-02)
avg. loss 9.01196800e-02
time taken for epoch 0:01:12.630998
Epoch 260
[260,     0] loss: 9.408224e-02 masks: 17.0 20.0 [wd: 2.30e-01] [lr: 5.38e-04] [mem: 5.67e+03] (275.4 ms)
[260,     0] grad_stats: [1.76e-03 7.44e-04] (1.06e-04, 1.80e-02)
[260,   116] loss: 8.947184e-02 masks: 22.4 17.3 [wd: 2.31e-01] [lr: 5.36e-04] [mem: 5.67e+03] (281.5 ms)
[260,   116] grad_stats: [1.43e-03 6.16e-04] (1.31e-04, 1.57e-02)
[260,   232] loss: 9.079207e-02 masks: 22.1 17.3 [wd: 2.31e-01] [lr: 5.35e-04] [mem: 5.67e+03] (247.3 ms)
[260,   232] grad_stats: [1.51e-03 4.61e-04] (9.47e-05, 1.12e-02)
avg. loss 9.07920725e-02
time taken for epoch 0:01:11.860653
Epoch 261
[261,     0] loss: 9.709942e-02 masks: 21.0 16.0 [wd: 2.31e-01] [lr: 5.35e-04] [mem: 5.67e+03] (247.1 ms)
[261,     0] grad_stats: [1.48e-03 6.90e-04] (1.13e-04, 1.13e-02)
[261,   116] loss: 8.975227e-02 masks: 22.5 17.2 [wd: 2.32e-01] [lr: 5.33e-04] [mem: 5.67e+03] (279.8 ms)
[261,   116] grad_stats: [2.58e-03 4.75e-04] (9.11e-05, 1.76e-02)
[261,   232] loss: 9.057378e-02 masks: 22.1 17.3 [wd: 2.32e-01] [lr: 5.31e-04] [mem: 5.67e+03] (247.0 ms)
[261,   232] grad_stats: [1.38e-03 7.63e-04] (1.18e-04, 4.05e-02)
avg. loss 9.05737786e-02
time taken for epoch 0:01:11.804078
Epoch 262
[262,     0] loss: 8.583792e-02 masks: 23.0 16.0 [wd: 2.32e-01] [lr: 5.31e-04] [mem: 5.67e+03] (275.5 ms)
[262,     0] grad_stats: [1.97e-03 5.17e-04] (1.24e-04, 1.48e-02)
[262,   116] loss: 9.202082e-02 masks: 21.5 17.5 [wd: 2.33e-01] [lr: 5.29e-04] [mem: 5.67e+03] (276.6 ms)
[262,   116] grad_stats: [2.10e-03 4.61e-04] (1.12e-04, 3.15e-02)
[262,   232] loss: 9.201128e-02 masks: 21.4 17.4 [wd: 2.34e-01] [lr: 5.28e-04] [mem: 5.67e+03] (243.7 ms)
[262,   232] grad_stats: [1.66e-03 5.53e-04] (1.16e-04, 2.45e-02)
avg. loss 9.20112782e-02
time taken for epoch 0:01:11.071454
Epoch 263
[263,     0] loss: 8.430760e-02 masks: 24.0 16.0 [wd: 2.34e-01] [lr: 5.28e-04] [mem: 5.67e+03] (296.9 ms)
[263,     0] grad_stats: [2.41e-03 5.35e-04] (1.09e-04, 2.12e-02)
[263,   116] loss: 9.006657e-02 masks: 22.3 17.0 [wd: 2.34e-01] [lr: 5.26e-04] [mem: 5.67e+03] (280.1 ms)
[263,   116] grad_stats: [7.50e-04 5.77e-04] (1.27e-04, 1.34e-02)
[263,   232] loss: 9.059892e-02 masks: 22.1 17.2 [wd: 2.35e-01] [lr: 5.24e-04] [mem: 5.67e+03] (253.4 ms)
[263,   232] grad_stats: [1.72e-03 4.45e-04] (1.09e-04, 1.27e-02)
avg. loss 9.05989235e-02
time taken for epoch 0:01:13.473032
Epoch 264
[264,     0] loss: 9.953135e-02 masks: 18.0 20.0 [wd: 2.35e-01] [lr: 5.24e-04] [mem: 5.67e+03] (279.5 ms)
[264,     0] grad_stats: [1.10e-03 5.15e-04] (1.06e-04, 8.78e-03)
[264,   116] loss: 9.160735e-02 masks: 21.6 17.4 [wd: 2.35e-01] [lr: 5.23e-04] [mem: 5.67e+03] (276.4 ms)
[264,   116] grad_stats: [3.02e-03 7.33e-04] (1.29e-04, 2.21e-02)
[264,   232] loss: 9.182609e-02 masks: 21.7 17.4 [wd: 2.36e-01] [lr: 5.21e-04] [mem: 5.67e+03] (248.8 ms)
[264,   232] grad_stats: [1.65e-03 7.22e-04] (1.38e-04, 1.53e-02)
avg. loss 9.18260857e-02
time taken for epoch 0:01:12.438902
Epoch 265
[265,     0] loss: 9.075397e-02 masks: 19.0 20.0 [wd: 2.36e-01] [lr: 5.21e-04] [mem: 5.67e+03] (261.9 ms)
[265,     0] grad_stats: [2.02e-03 6.83e-04] (1.12e-04, 4.46e-02)
[265,   116] loss: 9.140256e-02 masks: 21.7 17.2 [wd: 2.36e-01] [lr: 5.19e-04] [mem: 5.67e+03] (278.0 ms)
[265,   116] grad_stats: [2.05e-03 4.63e-04] (1.01e-04, 1.70e-02)
[265,   232] loss: 9.209451e-02 masks: 21.2 17.5 [wd: 2.37e-01] [lr: 5.18e-04] [mem: 5.67e+03] (246.2 ms)
[265,   232] grad_stats: [1.74e-03 5.88e-04] (1.01e-04, 3.23e-02)
avg. loss 9.20945148e-02
time taken for epoch 0:01:11.713534
Epoch 266
[266,     0] loss: 9.698234e-02 masks: 16.0 20.0 [wd: 2.37e-01] [lr: 5.18e-04] [mem: 5.67e+03] (239.6 ms)
[266,     0] grad_stats: [1.62e-03 5.60e-04] (1.01e-04, 1.89e-02)
[266,   116] loss: 9.241974e-02 masks: 21.1 17.7 [wd: 2.38e-01] [lr: 5.16e-04] [mem: 5.67e+03] (274.4 ms)
[266,   116] grad_stats: [9.83e-04 5.88e-04] (1.32e-04, 1.71e-02)
[266,   232] loss: 9.200418e-02 masks: 21.4 17.6 [wd: 2.38e-01] [lr: 5.14e-04] [mem: 5.67e+03] (245.9 ms)
[266,   232] grad_stats: [1.58e-03 4.64e-04] (9.24e-05, 1.23e-02)
avg. loss 9.20041769e-02
time taken for epoch 0:01:11.584738
Epoch 267
[267,     0] loss: 8.588436e-02 masks: 25.0 16.0 [wd: 2.38e-01] [lr: 5.14e-04] [mem: 5.67e+03] (296.2 ms)
[267,     0] grad_stats: [2.16e-03 5.19e-04] (1.31e-04, 8.40e-03)
[267,   116] loss: 9.083878e-02 masks: 22.1 17.3 [wd: 2.39e-01] [lr: 5.12e-04] [mem: 5.67e+03] (279.8 ms)
[267,   116] grad_stats: [3.21e-03 5.33e-04] (1.22e-04, 1.02e-02)
[267,   232] loss: 9.090376e-02 masks: 22.2 17.3 [wd: 2.39e-01] [lr: 5.11e-04] [mem: 5.67e+03] (248.4 ms)
[267,   232] grad_stats: [2.16e-03 6.23e-04] (1.31e-04, 3.65e-02)
avg. loss 9.09037586e-02
time taken for epoch 0:01:12.092888
Epoch 268
[268,     0] loss: 1.072196e-01 masks: 14.0 20.0 [wd: 2.39e-01] [lr: 5.11e-04] [mem: 5.67e+03] (233.1 ms)
[268,     0] grad_stats: [1.52e-03 7.80e-04] (1.23e-04, 1.17e-02)
[268,   116] loss: 9.058962e-02 masks: 22.2 17.2 [wd: 2.40e-01] [lr: 5.09e-04] [mem: 5.67e+03] (279.2 ms)
[268,   116] grad_stats: [1.71e-03 8.93e-04] (1.12e-04, 1.93e-02)
[268,   232] loss: 9.064682e-02 masks: 22.1 17.2 [wd: 2.40e-01] [lr: 5.07e-04] [mem: 5.67e+03] (254.3 ms)
[268,   232] grad_stats: [2.21e-03 6.64e-04] (1.28e-04, 2.89e-02)
avg. loss 9.06468154e-02
time taken for epoch 0:01:13.609819
Epoch 269
[269,     0] loss: 8.537981e-02 masks: 23.0 20.0 [wd: 2.40e-01] [lr: 5.07e-04] [mem: 5.67e+03] (259.1 ms)
[269,     0] grad_stats: [2.68e-03 8.88e-04] (1.38e-04, 1.70e-02)
[269,   116] loss: 9.128994e-02 masks: 22.2 17.3 [wd: 2.41e-01] [lr: 5.06e-04] [mem: 5.67e+03] (280.8 ms)
[269,   116] grad_stats: [3.20e-03 7.21e-04] (1.16e-04, 2.29e-02)
[269,   232] loss: 9.079695e-02 masks: 22.2 17.3 [wd: 2.41e-01] [lr: 5.04e-04] [mem: 5.67e+03] (250.6 ms)
[269,   232] grad_stats: [1.38e-03 5.85e-04] (1.07e-04, 4.02e-02)
avg. loss 9.07969476e-02
time taken for epoch 0:01:12.831523
Epoch 270
[270,     0] loss: 1.107412e-01 masks: 18.0 20.0 [wd: 2.41e-01] [lr: 5.04e-04] [mem: 5.67e+03] (281.8 ms)
[270,     0] grad_stats: [9.96e-04 4.43e-04] (1.01e-04, 1.24e-02)
[270,   116] loss: 9.078032e-02 masks: 22.2 17.2 [wd: 2.42e-01] [lr: 5.02e-04] [mem: 5.67e+03] (281.1 ms)
[270,   116] grad_stats: [2.59e-03 6.09e-04] (1.18e-04, 3.34e-02)
[270,   232] loss: 9.081866e-02 masks: 22.0 17.3 [wd: 2.43e-01] [lr: 5.01e-04] [mem: 5.67e+03] (247.5 ms)
[270,   232] grad_stats: [9.33e-04 7.13e-04] (1.08e-04, 1.79e-02)
avg. loss 9.08186629e-02
time taken for epoch 0:01:11.936834
Epoch 271
[271,     0] loss: 8.921436e-02 masks: 21.0 16.0 [wd: 2.43e-01] [lr: 5.00e-04] [mem: 5.67e+03] (286.8 ms)
[271,     0] grad_stats: [1.05e-03 5.58e-04] (9.15e-05, 1.00e-02)
[271,   116] loss: 9.141911e-02 masks: 21.7 17.3 [wd: 2.43e-01] [lr: 4.99e-04] [mem: 5.67e+03] (278.0 ms)
[271,   116] grad_stats: [1.47e-03 6.63e-04] (1.22e-04, 3.13e-02)
[271,   232] loss: 9.076053e-02 masks: 22.1 17.1 [wd: 2.44e-01] [lr: 4.97e-04] [mem: 5.67e+03] (247.0 ms)
[271,   232] grad_stats: [1.83e-03 5.25e-04] (1.08e-04, 4.78e-02)
avg. loss 9.07605292e-02
time taken for epoch 0:01:11.873072
Epoch 272
[272,     0] loss: 9.027945e-02 masks: 22.0 16.0 [wd: 2.44e-01] [lr: 4.97e-04] [mem: 5.67e+03] (259.7 ms)
[272,     0] grad_stats: [1.54e-03 1.01e-03] (1.36e-04, 4.62e-02)
[272,   116] loss: 9.075968e-02 masks: 22.2 17.2 [wd: 2.44e-01] [lr: 4.95e-04] [mem: 5.67e+03] (280.2 ms)
[272,   116] grad_stats: [1.65e-03 4.49e-04] (1.16e-04, 1.26e-02)
[272,   232] loss: 9.037622e-02 masks: 22.3 17.1 [wd: 2.45e-01] [lr: 4.94e-04] [mem: 5.67e+03] (247.4 ms)
[272,   232] grad_stats: [2.50e-03 6.13e-04] (1.21e-04, 2.21e-02)
avg. loss 9.03762156e-02
time taken for epoch 0:01:11.892547
Epoch 273
[273,     0] loss: 8.675007e-02 masks: 28.0 16.0 [wd: 2.45e-01] [lr: 4.94e-04] [mem: 5.67e+03] (307.6 ms)
[273,     0] grad_stats: [1.25e-03 4.16e-04] (1.01e-04, 2.70e-02)
[273,   116] loss: 9.079417e-02 masks: 22.0 17.2 [wd: 2.45e-01] [lr: 4.92e-04] [mem: 5.67e+03] (279.0 ms)
[273,   116] grad_stats: [1.70e-03 6.32e-04] (1.31e-04, 2.28e-02)
[273,   232] loss: 9.072171e-02 masks: 21.9 17.4 [wd: 2.46e-01] [lr: 4.90e-04] [mem: 5.67e+03] (252.8 ms)
[273,   232] grad_stats: [1.52e-03 7.50e-04] (1.28e-04, 1.29e-02)
avg. loss 9.07217072e-02
time taken for epoch 0:01:13.249642
Epoch 274
[274,     0] loss: 9.053685e-02 masks: 21.0 20.0 [wd: 2.46e-01] [lr: 4.90e-04] [mem: 5.67e+03] (293.1 ms)
[274,     0] grad_stats: [1.11e-03 6.24e-04] (1.40e-04, 2.77e-02)
[274,   116] loss: 9.045367e-02 masks: 22.8 17.0 [wd: 2.46e-01] [lr: 4.89e-04] [mem: 5.67e+03] (281.8 ms)
[274,   116] grad_stats: [1.65e-03 6.62e-04] (1.12e-04, 1.60e-02)
[274,   232] loss: 9.076601e-02 masks: 22.2 17.0 [wd: 2.47e-01] [lr: 4.87e-04] [mem: 5.67e+03] (250.2 ms)
[274,   232] grad_stats: [1.33e-03 5.87e-04] (1.36e-04, 1.92e-02)
avg. loss 9.07660071e-02
time taken for epoch 0:01:12.562381
Epoch 275
[275,     0] loss: 9.339028e-02 masks: 21.0 16.0 [wd: 2.47e-01] [lr: 4.87e-04] [mem: 5.67e+03] (259.9 ms)
[275,     0] grad_stats: [2.96e-03 5.37e-04] (1.28e-04, 1.77e-02)
[275,   116] loss: 9.180671e-02 masks: 21.7 17.4 [wd: 2.48e-01] [lr: 4.85e-04] [mem: 5.67e+03] (277.6 ms)
[275,   116] grad_stats: [1.51e-03 4.00e-04] (1.11e-04, 2.05e-02)
[275,   232] loss: 9.108851e-02 masks: 21.8 17.2 [wd: 2.48e-01] [lr: 4.83e-04] [mem: 5.67e+03] (247.5 ms)
[275,   232] grad_stats: [2.03e-03 5.75e-04] (1.10e-04, 1.06e-02)
avg. loss 9.10885106e-02
time taken for epoch 0:01:11.907619
Epoch 276
[276,     0] loss: 7.860193e-02 masks: 33.0 12.0 [wd: 2.48e-01] [lr: 4.83e-04] [mem: 5.67e+03] (305.8 ms)
[276,     0] grad_stats: [2.18e-03 5.28e-04] (1.33e-04, 5.93e-02)
[276,   116] loss: 9.069916e-02 masks: 21.9 17.3 [wd: 2.49e-01] [lr: 4.82e-04] [mem: 5.67e+03] (278.2 ms)
[276,   116] grad_stats: [1.41e-03 4.73e-04] (9.68e-05, 2.03e-02)
[276,   232] loss: 9.122589e-02 masks: 21.4 17.5 [wd: 2.49e-01] [lr: 4.80e-04] [mem: 5.67e+03] (245.7 ms)
[276,   232] grad_stats: [3.49e-03 4.86e-04] (1.34e-04, 2.07e-02)
avg. loss 9.12258889e-02
time taken for epoch 0:01:11.486535
Epoch 277
[277,     0] loss: 7.792263e-02 masks: 25.0 16.0 [wd: 2.49e-01] [lr: 4.80e-04] [mem: 5.67e+03] (299.8 ms)
[277,     0] grad_stats: [1.66e-03 5.71e-04] (1.31e-04, 3.30e-02)
[277,   116] loss: 9.215053e-02 masks: 21.0 17.4 [wd: 2.50e-01] [lr: 4.78e-04] [mem: 5.67e+03] (274.5 ms)
[277,   116] grad_stats: [1.95e-03 8.64e-04] (1.25e-04, 1.88e-02)
[277,   232] loss: 9.165944e-02 masks: 21.4 17.3 [wd: 2.50e-01] [lr: 4.77e-04] [mem: 5.67e+03] (245.9 ms)
[277,   232] grad_stats: [1.32e-03 5.81e-04] (1.34e-04, 9.70e-03)
avg. loss 9.16594442e-02
time taken for epoch 0:01:11.507309
Epoch 278
[278,     0] loss: 9.710792e-02 masks: 17.0 16.0 [wd: 2.50e-01] [lr: 4.77e-04] [mem: 5.67e+03] (235.7 ms)
[278,     0] grad_stats: [3.34e-03 6.14e-04] (1.56e-04, 3.34e-02)
[278,   116] loss: 9.145692e-02 masks: 21.7 17.4 [wd: 2.51e-01] [lr: 4.75e-04] [mem: 5.67e+03] (278.7 ms)
[278,   116] grad_stats: [1.25e-03 5.98e-04] (1.19e-04, 1.34e-02)
[278,   232] loss: 9.065977e-02 masks: 21.9 17.4 [wd: 2.52e-01] [lr: 4.73e-04] [mem: 5.67e+03] (254.8 ms)
[278,   232] grad_stats: [2.79e-03 5.80e-04] (1.26e-04, 1.85e-02)
avg. loss 9.06597721e-02
time taken for epoch 0:01:13.673830
Epoch 279
[279,     0] loss: 7.285333e-02 masks: 35.0 12.0 [wd: 2.52e-01] [lr: 4.73e-04] [mem: 5.67e+03] (338.8 ms)
[279,     0] grad_stats: [1.27e-03 6.12e-04] (1.34e-04, 5.00e-02)
[279,   116] loss: 9.099081e-02 masks: 21.8 17.5 [wd: 2.52e-01] [lr: 4.72e-04] [mem: 5.67e+03] (279.3 ms)
[279,   116] grad_stats: [1.70e-03 8.42e-04] (1.38e-04, 2.16e-02)
[279,   232] loss: 9.021392e-02 masks: 22.2 17.3 [wd: 2.53e-01] [lr: 4.70e-04] [mem: 5.67e+03] (251.2 ms)
[279,   232] grad_stats: [1.32e-03 6.54e-04] (1.51e-04, 4.20e-02)
avg. loss 9.02139151e-02
time taken for epoch 0:01:12.820474
Epoch 280
[280,     0] loss: 7.695951e-02 masks: 24.0 16.0 [wd: 2.53e-01] [lr: 4.70e-04] [mem: 5.67e+03] (271.7 ms)
[280,     0] grad_stats: [1.56e-03 5.97e-04] (1.10e-04, 2.29e-02)
[280,   116] loss: 8.982625e-02 masks: 22.1 17.3 [wd: 2.53e-01] [lr: 4.68e-04] [mem: 5.67e+03] (278.8 ms)
[280,   116] grad_stats: [1.27e-03 5.93e-04] (1.28e-04, 5.22e-02)
[280,   232] loss: 9.005021e-02 masks: 22.2 17.1 [wd: 2.54e-01] [lr: 4.66e-04] [mem: 5.67e+03] (248.1 ms)
[280,   232] grad_stats: [1.48e-03 6.25e-04] (1.38e-04, 2.98e-02)
avg. loss 9.00502118e-02
time taken for epoch 0:01:12.095149
Epoch 281
[281,     0] loss: 9.374519e-02 masks: 20.0 16.0 [wd: 2.54e-01] [lr: 4.66e-04] [mem: 5.67e+03] (246.4 ms)
[281,     0] grad_stats: [1.43e-03 7.56e-04] (1.53e-04, 1.08e-02)
[281,   116] loss: 9.173202e-02 masks: 21.4 17.5 [wd: 2.54e-01] [lr: 4.65e-04] [mem: 5.67e+03] (276.8 ms)
[281,   116] grad_stats: [2.60e-03 5.87e-04] (1.29e-04, 2.36e-02)
[281,   232] loss: 9.055309e-02 masks: 21.7 17.4 [wd: 2.55e-01] [lr: 4.63e-04] [mem: 5.67e+03] (246.4 ms)
[281,   232] grad_stats: [2.01e-03 5.15e-04] (1.21e-04, 5.49e-02)
avg. loss 9.05530851e-02
time taken for epoch 0:01:11.615589
Epoch 282
[282,     0] loss: 7.868360e-02 masks: 24.0 16.0 [wd: 2.55e-01] [lr: 4.63e-04] [mem: 5.67e+03] (267.5 ms)
[282,     0] grad_stats: [1.05e-03 6.41e-04] (1.34e-04, 1.90e-02)
[282,   116] loss: 9.120113e-02 masks: 21.6 17.5 [wd: 2.55e-01] [lr: 4.61e-04] [mem: 5.67e+03] (276.3 ms)
[282,   116] grad_stats: [1.37e-03 7.01e-04] (1.25e-04, 1.50e-02)
[282,   232] loss: 9.068797e-02 masks: 21.7 17.5 [wd: 2.56e-01] [lr: 4.60e-04] [mem: 5.67e+03] (246.1 ms)
[282,   232] grad_stats: [1.74e-03 5.00e-04] (1.17e-04, 1.90e-02)
avg. loss 9.06879693e-02
time taken for epoch 0:01:11.751506
Epoch 283
[283,     0] loss: 1.043955e-01 masks: 18.0 20.0 [wd: 2.56e-01] [lr: 4.60e-04] [mem: 5.67e+03] (258.0 ms)
[283,     0] grad_stats: [1.33e-03 6.68e-04] (1.35e-04, 1.64e-02)
[283,   116] loss: 9.021280e-02 masks: 22.2 17.1 [wd: 2.57e-01] [lr: 4.58e-04] [mem: 5.67e+03] (280.2 ms)
[283,   116] grad_stats: [2.83e-03 7.54e-04] (1.29e-04, 2.41e-02)
[283,   232] loss: 9.022323e-02 masks: 22.2 17.3 [wd: 2.57e-01] [lr: 4.56e-04] [mem: 5.67e+03] (254.5 ms)
[283,   232] grad_stats: [2.73e-03 4.02e-04] (8.83e-05, 2.99e-02)
avg. loss 9.02232289e-02
time taken for epoch 0:01:13.661842
Epoch 284
[284,     0] loss: 1.077265e-01 masks: 13.0 20.0 [wd: 2.57e-01] [lr: 4.56e-04] [mem: 5.67e+03] (259.9 ms)
[284,     0] grad_stats: [2.98e-03 8.82e-04] (1.61e-04, 2.45e-02)
[284,   116] loss: 9.096720e-02 masks: 21.3 17.3 [wd: 2.58e-01] [lr: 4.55e-04] [mem: 5.67e+03] (276.5 ms)
[284,   116] grad_stats: [2.46e-03 4.80e-04] (1.41e-04, 4.29e-02)
[284,   232] loss: 9.019821e-02 masks: 22.0 17.1 [wd: 2.58e-01] [lr: 4.53e-04] [mem: 5.67e+03] (249.8 ms)
[284,   232] grad_stats: [2.23e-03 6.16e-04] (1.38e-04, 3.13e-02)
avg. loss 9.01982060e-02
time taken for epoch 0:01:12.601334
Epoch 285
[285,     0] loss: 8.607960e-02 masks: 26.0 16.0 [wd: 2.58e-01] [lr: 4.53e-04] [mem: 5.67e+03] (296.8 ms)
[285,     0] grad_stats: [1.15e-03 5.96e-04] (1.46e-04, 1.38e-02)
[285,   116] loss: 9.058708e-02 masks: 21.9 17.5 [wd: 2.59e-01] [lr: 4.51e-04] [mem: 5.67e+03] (279.9 ms)
[285,   116] grad_stats: [1.69e-03 4.89e-04] (1.24e-04, 1.17e-02)
[285,   232] loss: 9.030455e-02 masks: 22.0 17.4 [wd: 2.59e-01] [lr: 4.49e-04] [mem: 5.67e+03] (247.6 ms)
[285,   232] grad_stats: [2.72e-03 4.89e-04] (1.39e-04, 1.79e-02)
avg. loss 9.03045531e-02
time taken for epoch 0:01:11.845393
Epoch 286
[286,     0] loss: 9.245192e-02 masks: 20.0 20.0 [wd: 2.59e-01] [lr: 4.49e-04] [mem: 5.67e+03] (275.2 ms)
[286,     0] grad_stats: [1.82e-03 5.25e-04] (1.41e-04, 1.22e-02)
[286,   116] loss: 9.255990e-02 masks: 20.7 17.8 [wd: 2.60e-01] [lr: 4.48e-04] [mem: 5.67e+03] (273.4 ms)
[286,   116] grad_stats: [1.08e-03 6.37e-04] (1.44e-04, 1.79e-02)
[286,   232] loss: 9.174777e-02 masks: 21.1 17.7 [wd: 2.60e-01] [lr: 4.46e-04] [mem: 5.67e+03] (244.6 ms)
[286,   232] grad_stats: [2.32e-03 5.55e-04] (1.35e-04, 2.83e-02)
avg. loss 9.17477690e-02
time taken for epoch 0:01:11.177911
Epoch 287
[287,     0] loss: 9.538785e-02 masks: 21.0 16.0 [wd: 2.60e-01] [lr: 4.46e-04] [mem: 5.67e+03] (273.5 ms)
[287,     0] grad_stats: [1.82e-03 5.03e-04] (1.25e-04, 2.13e-02)
[287,   116] loss: 8.961145e-02 masks: 22.3 17.2 [wd: 2.61e-01] [lr: 4.44e-04] [mem: 5.67e+03] (280.0 ms)
[287,   116] grad_stats: [1.61e-03 5.10e-04] (1.40e-04, 1.93e-02)
[287,   232] loss: 9.104383e-02 masks: 21.8 17.2 [wd: 2.61e-01] [lr: 4.43e-04] [mem: 5.67e+03] (255.5 ms)
[287,   232] grad_stats: [1.15e-03 5.24e-04] (1.30e-04, 9.83e-03)
avg. loss 9.10438257e-02
time taken for epoch 0:01:13.829966
Epoch 288
[288,     0] loss: 9.900936e-02 masks: 18.0 20.0 [wd: 2.61e-01] [lr: 4.43e-04] [mem: 5.67e+03] (245.8 ms)
[288,     0] grad_stats: [2.75e-03 4.55e-04] (1.35e-04, 1.77e-02)
[288,   116] loss: 9.030813e-02 masks: 21.9 17.5 [wd: 2.62e-01] [lr: 4.41e-04] [mem: 5.67e+03] (279.8 ms)
[288,   116] grad_stats: [1.83e-03 7.14e-04] (1.31e-04, 1.56e-02)
[288,   232] loss: 9.068185e-02 masks: 21.6 17.5 [wd: 2.63e-01] [lr: 4.39e-04] [mem: 5.67e+03] (251.0 ms)
[288,   232] grad_stats: [2.32e-03 8.86e-04] (1.47e-04, 1.42e-02)
avg. loss 9.06818465e-02
time taken for epoch 0:01:12.932120
Epoch 289
[289,     0] loss: 8.622424e-02 masks: 28.0 16.0 [wd: 2.63e-01] [lr: 4.39e-04] [mem: 5.67e+03] (278.2 ms)
[289,     0] grad_stats: [2.35e-03 5.57e-04] (1.30e-04, 1.34e-02)
[289,   116] loss: 8.867915e-02 masks: 22.6 16.8 [wd: 2.63e-01] [lr: 4.38e-04] [mem: 5.67e+03] (280.6 ms)
[289,   116] grad_stats: [2.06e-03 6.78e-04] (1.42e-04, 5.11e-02)
[289,   232] loss: 8.983290e-02 masks: 22.3 17.0 [wd: 2.64e-01] [lr: 4.36e-04] [mem: 5.67e+03] (248.8 ms)
[289,   232] grad_stats: [2.78e-03 6.54e-04] (1.61e-04, 2.57e-02)
avg. loss 8.98329033e-02
time taken for epoch 0:01:12.300906
Epoch 290
[290,     0] loss: 7.658463e-02 masks: 24.0 16.0 [wd: 2.64e-01] [lr: 4.36e-04] [mem: 5.67e+03] (297.9 ms)
[290,     0] grad_stats: [3.52e-03 6.34e-04] (1.59e-04, 1.78e-02)
[290,   116] loss: 8.957272e-02 masks: 22.5 17.2 [wd: 2.64e-01] [lr: 4.34e-04] [mem: 5.67e+03] (281.9 ms)
[290,   116] grad_stats: [1.62e-03 4.51e-04] (1.18e-04, 4.26e-02)
[290,   232] loss: 8.966397e-02 masks: 22.4 17.1 [wd: 2.65e-01] [lr: 4.32e-04] [mem: 5.67e+03] (248.7 ms)
[290,   232] grad_stats: [1.68e-03 4.83e-04] (1.38e-04, 1.27e-02)
avg. loss 8.96639684e-02
time taken for epoch 0:01:12.127224
Epoch 291
[291,     0] loss: 1.036271e-01 masks: 15.0 20.0 [wd: 2.65e-01] [lr: 4.32e-04] [mem: 5.67e+03] (247.4 ms)
[291,     0] grad_stats: [1.60e-03 7.14e-04] (1.38e-04, 1.54e-02)
[291,   116] loss: 9.082497e-02 masks: 21.1 17.8 [wd: 2.65e-01] [lr: 4.31e-04] [mem: 5.67e+03] (275.8 ms)
[291,   116] grad_stats: [1.89e-03 1.24e-03] (1.78e-04, 3.10e-02)
[291,   232] loss: 9.094678e-02 masks: 21.5 17.6 [wd: 2.66e-01] [lr: 4.29e-04] [mem: 5.67e+03] (245.7 ms)
[291,   232] grad_stats: [2.14e-03 6.50e-04] (1.47e-04, 6.06e-02)
avg. loss 9.09467788e-02
time taken for epoch 0:01:11.457542
Epoch 292
[292,     0] loss: 8.470321e-02 masks: 29.0 16.0 [wd: 2.66e-01] [lr: 4.29e-04] [mem: 5.67e+03] (312.2 ms)
[292,     0] grad_stats: [2.70e-03 6.15e-04] (1.37e-04, 4.85e-02)
[292,   116] loss: 9.074174e-02 masks: 21.8 17.4 [wd: 2.66e-01] [lr: 4.27e-04] [mem: 5.67e+03] (278.7 ms)
[292,   116] grad_stats: [1.51e-03 6.01e-04] (1.38e-04, 1.49e-02)
[292,   232] loss: 9.087769e-02 masks: 21.8 17.3 [wd: 2.67e-01] [lr: 4.26e-04] [mem: 5.67e+03] (254.8 ms)
[292,   232] grad_stats: [1.36e-03 5.44e-04] (1.36e-04, 2.62e-02)
avg. loss 9.08776862e-02
time taken for epoch 0:01:13.676840
Epoch 293
[293,     0] loss: 8.771450e-02 masks: 25.0 16.0 [wd: 2.67e-01] [lr: 4.26e-04] [mem: 5.67e+03] (299.7 ms)
[293,     0] grad_stats: [9.94e-04 7.38e-04] (1.56e-04, 2.09e-02)
[293,   116] loss: 9.117890e-02 masks: 21.5 17.6 [wd: 2.67e-01] [lr: 4.24e-04] [mem: 5.67e+03] (276.8 ms)
[293,   116] grad_stats: [1.75e-03 8.19e-04] (1.54e-04, 2.13e-02)
[293,   232] loss: 9.074393e-02 masks: 22.0 17.3 [wd: 2.68e-01] [lr: 4.22e-04] [mem: 5.67e+03] (251.4 ms)
[293,   232] grad_stats: [1.47e-03 6.41e-04] (1.51e-04, 1.85e-02)
avg. loss 9.07439268e-02
time taken for epoch 0:01:12.921174
Epoch 294
[294,     0] loss: 9.188080e-02 masks: 20.0 16.0 [wd: 2.68e-01] [lr: 4.22e-04] [mem: 5.67e+03] (252.0 ms)
[294,     0] grad_stats: [2.91e-03 6.04e-04] (1.54e-04, 2.61e-02)
[294,   116] loss: 8.888239e-02 masks: 22.5 16.9 [wd: 2.69e-01] [lr: 4.21e-04] [mem: 5.67e+03] (280.3 ms)
[294,   116] grad_stats: [1.14e-03 4.05e-04] (1.24e-04, 9.82e-03)
[294,   232] loss: 8.932656e-02 masks: 22.2 17.0 [wd: 2.69e-01] [lr: 4.19e-04] [mem: 5.67e+03] (248.8 ms)
[294,   232] grad_stats: [1.63e-03 7.67e-04] (1.41e-04, 4.12e-02)
avg. loss 8.93265646e-02
time taken for epoch 0:01:12.231241
Epoch 295
[295,     0] loss: 9.216127e-02 masks: 21.0 20.0 [wd: 2.69e-01] [lr: 4.19e-04] [mem: 5.67e+03] (255.8 ms)
[295,     0] grad_stats: [2.19e-03 6.75e-04] (1.64e-04, 1.53e-02)
[295,   116] loss: 9.005293e-02 masks: 21.8 17.4 [wd: 2.70e-01] [lr: 4.17e-04] [mem: 5.67e+03] (278.7 ms)
[295,   116] grad_stats: [1.83e-03 8.05e-04] (1.70e-04, 1.40e-02)
[295,   232] loss: 8.971000e-02 masks: 22.0 17.4 [wd: 2.70e-01] [lr: 4.16e-04] [mem: 5.67e+03] (247.2 ms)
[295,   232] grad_stats: [2.18e-03 6.39e-04] (1.62e-04, 2.30e-02)
avg. loss 8.97099972e-02
time taken for epoch 0:01:11.824172
Epoch 296
[296,     0] loss: 9.329337e-02 masks: 20.0 20.0 [wd: 2.70e-01] [lr: 4.16e-04] [mem: 5.67e+03] (256.7 ms)
[296,     0] grad_stats: [3.12e-03 6.28e-04] (1.65e-04, 1.81e-02)
[296,   116] loss: 9.019212e-02 masks: 22.3 17.2 [wd: 2.71e-01] [lr: 4.14e-04] [mem: 5.67e+03] (280.1 ms)
[296,   116] grad_stats: [2.02e-03 9.62e-04] (1.57e-04, 3.00e-02)
[296,   232] loss: 9.045970e-02 masks: 21.9 17.4 [wd: 2.71e-01] [lr: 4.12e-04] [mem: 5.67e+03] (248.2 ms)
[296,   232] grad_stats: [2.29e-03 7.05e-04] (1.54e-04, 7.56e-02)
avg. loss 9.04597032e-02
time taken for epoch 0:01:12.115969
Epoch 297
[297,     0] loss: 9.305564e-02 masks: 17.0 20.0 [wd: 2.71e-01] [lr: 4.12e-04] [mem: 5.67e+03] (280.4 ms)
[297,     0] grad_stats: [2.46e-03 7.32e-04] (1.43e-04, 4.16e-02)
[297,   116] loss: 8.944714e-02 masks: 21.9 17.3 [wd: 2.72e-01] [lr: 4.11e-04] [mem: 5.67e+03] (278.6 ms)
[297,   116] grad_stats: [2.10e-03 5.52e-04] (1.45e-04, 1.29e-02)
[297,   232] loss: 8.955600e-02 masks: 22.1 17.3 [wd: 2.72e-01] [lr: 4.09e-04] [mem: 5.67e+03] (257.7 ms)
[297,   232] grad_stats: [1.85e-03 5.24e-04] (1.36e-04, 1.71e-02)
avg. loss 8.95560038e-02
time taken for epoch 0:01:14.428098
Epoch 298
[298,     0] loss: 8.919407e-02 masks: 22.0 16.0 [wd: 2.72e-01] [lr: 4.09e-04] [mem: 5.67e+03] (250.5 ms)
[298,     0] grad_stats: [1.57e-03 8.61e-04] (2.08e-04, 2.33e-02)
[298,   116] loss: 8.916350e-02 masks: 22.4 17.2 [wd: 2.73e-01] [lr: 4.07e-04] [mem: 5.67e+03] (280.6 ms)
[298,   116] grad_stats: [1.54e-03 6.08e-04] (1.31e-04, 1.72e-02)
[298,   232] loss: 8.893657e-02 masks: 22.4 17.1 [wd: 2.73e-01] [lr: 4.06e-04] [mem: 5.67e+03] (252.6 ms)
[298,   232] grad_stats: [2.50e-03 6.39e-04] (1.73e-04, 2.47e-02)
avg. loss 8.89365682e-02
time taken for epoch 0:01:13.202525
Epoch 299
[299,     0] loss: 8.751989e-02 masks: 25.0 16.0 [wd: 2.73e-01] [lr: 4.06e-04] [mem: 5.67e+03] (291.9 ms)
[299,     0] grad_stats: [2.36e-03 7.57e-04] (1.70e-04, 2.66e-02)
[299,   116] loss: 8.957394e-02 masks: 22.2 17.3 [wd: 2.74e-01] [lr: 4.04e-04] [mem: 5.67e+03] (279.9 ms)
[299,   116] grad_stats: [1.89e-03 7.77e-04] (1.53e-04, 2.20e-02)
[299,   232] loss: 9.013609e-02 masks: 21.9 17.4 [wd: 2.75e-01] [lr: 4.02e-04] [mem: 5.67e+03] (248.7 ms)
[299,   232] grad_stats: [1.57e-03 7.99e-04] (1.44e-04, 1.86e-02)
avg. loss 9.01360907e-02
time taken for epoch 0:01:12.907361
Epoch 300
[300,     0] loss: 9.077606e-02 masks: 24.0 16.0 [wd: 2.75e-01] [lr: 4.02e-04] [mem: 5.67e+03] (267.3 ms)
[300,     0] grad_stats: [1.81e-03 7.24e-04] (1.25e-04, 3.13e-02)
[300,   116] loss: 9.051784e-02 masks: 21.3 17.5 [wd: 2.75e-01] [lr: 4.01e-04] [mem: 5.67e+03] (274.9 ms)
[300,   116] grad_stats: [9.49e-04 6.99e-04] (1.61e-04, 1.89e-02)
[300,   232] loss: 9.027468e-02 masks: 21.5 17.4 [wd: 2.76e-01] [lr: 3.99e-04] [mem: 5.67e+03] (243.8 ms)
[300,   232] grad_stats: [1.74e-03 8.37e-04] (2.01e-04, 1.61e-02)
avg. loss 9.02746790e-02
	Epoch 300, KNN accuracy train: 7.22675e-01, KNN accuracy train: 5.88333e-01
time taken for epoch 0:02:03.435053
Epoch 301
[301,     0] loss: 8.179699e-02 masks: 24.0 16.0 [wd: 2.76e-01] [lr: 3.99e-04] [mem: 5.67e+03] (295.2 ms)
[301,     0] grad_stats: [2.13e-03 5.57e-04] (1.27e-04, 1.75e-02)
[301,   116] loss: 8.957160e-02 masks: 21.6 17.4 [wd: 2.76e-01] [lr: 3.97e-04] [mem: 5.67e+03] (277.2 ms)
[301,   116] grad_stats: [1.94e-03 9.03e-04] (1.44e-04, 2.29e-02)
[301,   232] loss: 9.069825e-02 masks: 21.2 17.4 [wd: 2.77e-01] [lr: 3.96e-04] [mem: 5.67e+03] (259.9 ms)
[301,   232] grad_stats: [2.08e-03 6.81e-04] (1.49e-04, 2.75e-02)
avg. loss 9.06982538e-02
time taken for epoch 0:01:14.939549
Epoch 302
[302,     0] loss: 8.448412e-02 masks: 27.0 16.0 [wd: 2.77e-01] [lr: 3.96e-04] [mem: 5.67e+03] (298.4 ms)
[302,     0] grad_stats: [1.13e-03 5.57e-04] (1.33e-04, 1.60e-02)
[302,   116] loss: 8.964131e-02 masks: 22.2 17.1 [wd: 2.77e-01] [lr: 3.94e-04] [mem: 5.67e+03] (278.7 ms)
[302,   116] grad_stats: [2.07e-03 7.58e-04] (1.84e-04, 2.02e-02)
[302,   232] loss: 9.013094e-02 masks: 22.0 17.2 [wd: 2.78e-01] [lr: 3.92e-04] [mem: 5.67e+03] (255.0 ms)
[302,   232] grad_stats: [1.21e-03 5.29e-04] (1.28e-04, 1.56e-02)
avg. loss 9.01309404e-02
time taken for epoch 0:01:13.830842
Epoch 303
[303,     0] loss: 8.015762e-02 masks: 25.0 16.0 [wd: 2.78e-01] [lr: 3.92e-04] [mem: 5.67e+03] (299.5 ms)
[303,     0] grad_stats: [1.11e-03 6.82e-04] (1.44e-04, 3.21e-02)
[303,   116] loss: 8.999823e-02 masks: 21.7 17.3 [wd: 2.78e-01] [lr: 3.91e-04] [mem: 5.67e+03] (276.1 ms)
[303,   116] grad_stats: [1.38e-03 4.75e-04] (1.33e-04, 1.64e-02)
[303,   232] loss: 8.920114e-02 masks: 22.0 17.3 [wd: 2.79e-01] [lr: 3.89e-04] [mem: 5.67e+03] (251.2 ms)
[303,   232] grad_stats: [1.63e-03 6.64e-04] (1.58e-04, 2.35e-02)
avg. loss 8.92011366e-02
time taken for epoch 0:01:12.858800
Epoch 304
[304,     0] loss: 7.979143e-02 masks: 33.0 12.0 [wd: 2.79e-01] [lr: 3.89e-04] [mem: 5.67e+03] (317.3 ms)
[304,     0] grad_stats: [1.73e-03 6.25e-04] (1.40e-04, 3.24e-02)
[304,   116] loss: 8.958101e-02 masks: 21.9 17.5 [wd: 2.79e-01] [lr: 3.87e-04] [mem: 5.67e+03] (280.0 ms)
[304,   116] grad_stats: [9.08e-04 5.54e-04] (1.43e-04, 1.54e-02)
[304,   232] loss: 8.971706e-02 masks: 21.8 17.4 [wd: 2.80e-01] [lr: 3.86e-04] [mem: 5.67e+03] (248.3 ms)
[304,   232] grad_stats: [1.47e-03 4.78e-04] (1.19e-04, 2.16e-02)
avg. loss 8.97170567e-02
time taken for epoch 0:01:12.249657
Epoch 305
[305,     0] loss: 8.894692e-02 masks: 19.0 20.0 [wd: 2.80e-01] [lr: 3.86e-04] [mem: 5.67e+03] (264.7 ms)
[305,     0] grad_stats: [1.56e-03 5.76e-04] (1.43e-04, 2.24e-02)
[305,   116] loss: 8.977368e-02 masks: 21.8 17.3 [wd: 2.80e-01] [lr: 3.84e-04] [mem: 5.67e+03] (278.4 ms)
[305,   116] grad_stats: [1.09e-03 4.77e-04] (1.43e-04, 1.18e-02)
[305,   232] loss: 8.964876e-02 masks: 21.6 17.5 [wd: 2.81e-01] [lr: 3.82e-04] [mem: 5.67e+03] (246.9 ms)
[305,   232] grad_stats: [1.04e-03 8.30e-04] (1.96e-04, 1.22e-02)
avg. loss 8.96487635e-02
time taken for epoch 0:01:11.815954
Epoch 306
[306,     0] loss: 9.465305e-02 masks: 18.0 20.0 [wd: 2.81e-01] [lr: 3.82e-04] [mem: 5.67e+03] (244.9 ms)
[306,     0] grad_stats: [1.65e-03 6.21e-04] (1.54e-04, 2.75e-02)
[306,   116] loss: 8.842120e-02 masks: 22.1 17.2 [wd: 2.82e-01] [lr: 3.81e-04] [mem: 5.67e+03] (278.0 ms)
[306,   116] grad_stats: [2.49e-03 7.27e-04] (1.79e-04, 3.12e-02)
[306,   232] loss: 8.945749e-02 masks: 21.9 17.3 [wd: 2.82e-01] [lr: 3.79e-04] [mem: 5.67e+03] (253.3 ms)
[306,   232] grad_stats: [2.03e-03 8.34e-04] (1.76e-04, 2.54e-02)
avg. loss 8.94574851e-02
time taken for epoch 0:01:13.420213
Epoch 307
[307,     0] loss: 9.118322e-02 masks: 24.0 16.0 [wd: 2.82e-01] [lr: 3.79e-04] [mem: 5.67e+03] (279.0 ms)
[307,     0] grad_stats: [1.60e-03 7.52e-04] (1.63e-04, 1.77e-02)
[307,   116] loss: 8.951903e-02 masks: 22.2 17.1 [wd: 2.83e-01] [lr: 3.77e-04] [mem: 5.67e+03] (278.8 ms)
[307,   116] grad_stats: [1.63e-03 1.02e-03] (1.47e-04, 2.06e-02)
[307,   232] loss: 8.964051e-02 masks: 22.1 17.0 [wd: 2.83e-01] [lr: 3.76e-04] [mem: 5.67e+03] (250.8 ms)
[307,   232] grad_stats: [1.13e-03 6.13e-04] (1.65e-04, 1.81e-02)
avg. loss 8.96405136e-02
time taken for epoch 0:01:12.784250
Epoch 308
[308,     0] loss: 8.523219e-02 masks: 22.0 16.0 [wd: 2.83e-01] [lr: 3.76e-04] [mem: 5.67e+03] (251.6 ms)
[308,     0] grad_stats: [1.24e-03 7.82e-04] (1.53e-04, 1.67e-02)
[308,   116] loss: 8.934378e-02 masks: 22.2 17.2 [wd: 2.84e-01] [lr: 3.74e-04] [mem: 5.67e+03] (280.6 ms)
[308,   116] grad_stats: [1.67e-03 7.46e-04] (1.72e-04, 4.55e-02)
[308,   232] loss: 8.998123e-02 masks: 21.9 17.3 [wd: 2.84e-01] [lr: 3.72e-04] [mem: 5.67e+03] (248.5 ms)
[308,   232] grad_stats: [1.13e-03 7.21e-04] (1.58e-04, 1.88e-02)
avg. loss 8.99812297e-02
time taken for epoch 0:01:12.152082
Epoch 309
[309,     0] loss: 1.027672e-01 masks: 17.0 20.0 [wd: 2.84e-01] [lr: 3.72e-04] [mem: 5.67e+03] (269.9 ms)
[309,     0] grad_stats: [1.92e-03 8.57e-04] (1.73e-04, 2.78e-02)
[309,   116] loss: 8.950941e-02 masks: 22.2 17.6 [wd: 2.85e-01] [lr: 3.71e-04] [mem: 5.67e+03] (283.2 ms)
[309,   116] grad_stats: [1.99e-03 1.23e-03] (2.59e-04, 3.09e-02)
[309,   232] loss: 8.907337e-02 masks: 22.4 17.4 [wd: 2.85e-01] [lr: 3.69e-04] [mem: 5.67e+03] (248.7 ms)
[309,   232] grad_stats: [1.80e-03 1.07e-03] (1.94e-04, 6.39e-02)
avg. loss 8.90733673e-02
time taken for epoch 0:01:12.123754
Epoch 310
[310,     0] loss: 9.064423e-02 masks: 24.0 16.0 [wd: 2.85e-01] [lr: 3.69e-04] [mem: 5.67e+03] (285.6 ms)
[310,     0] grad_stats: [9.41e-04 5.93e-04] (1.42e-04, 5.29e-02)
[310,   116] loss: 8.920486e-02 masks: 22.0 17.3 [wd: 2.86e-01] [lr: 3.67e-04] [mem: 5.67e+03] (280.3 ms)
[310,   116] grad_stats: [1.50e-03 6.03e-04] (1.54e-04, 2.39e-02)
[310,   232] loss: 8.976800e-02 masks: 21.9 17.3 [wd: 2.86e-01] [lr: 3.66e-04] [mem: 5.67e+03] (247.4 ms)
[310,   232] grad_stats: [2.15e-03 6.03e-04] (1.58e-04, 2.23e-02)
avg. loss 8.97680007e-02
time taken for epoch 0:01:11.933749
Epoch 311
[311,     0] loss: 8.563469e-02 masks: 33.0 12.0 [wd: 2.86e-01] [lr: 3.66e-04] [mem: 5.67e+03] (323.2 ms)
[311,     0] grad_stats: [1.03e-03 7.74e-04] (1.60e-04, 4.43e-02)
[311,   116] loss: 8.888471e-02 masks: 22.7 16.9 [wd: 2.87e-01] [lr: 3.64e-04] [mem: 5.67e+03] (280.4 ms)
[311,   116] grad_stats: [2.24e-03 1.39e-03] (1.79e-04, 4.51e-02)
[311,   232] loss: 8.907754e-02 masks: 22.4 17.0 [wd: 2.87e-01] [lr: 3.62e-04] [mem: 5.67e+03] (257.2 ms)
[311,   232] grad_stats: [1.70e-03 1.16e-03] (1.69e-04, 2.08e-02)
avg. loss 8.90775372e-02
time taken for epoch 0:01:14.255015
Epoch 312
[312,     0] loss: 9.037688e-02 masks: 26.0 16.0 [wd: 2.87e-01] [lr: 3.62e-04] [mem: 5.67e+03] (277.4 ms)
[312,     0] grad_stats: [1.80e-03 9.07e-04] (1.79e-04, 1.64e-02)
[312,   116] loss: 8.994774e-02 masks: 22.0 17.4 [wd: 2.88e-01] [lr: 3.61e-04] [mem: 5.67e+03] (276.9 ms)
[312,   116] grad_stats: [1.39e-03 8.00e-04] (2.05e-04, 1.90e-02)
[312,   232] loss: 8.988737e-02 masks: 21.9 17.2 [wd: 2.88e-01] [lr: 3.59e-04] [mem: 5.67e+03] (251.0 ms)
[312,   232] grad_stats: [1.90e-03 6.50e-04] (1.55e-04, 1.78e-02)
avg. loss 8.98873746e-02
time taken for epoch 0:01:12.797137
Epoch 313
[313,     0] loss: 1.039960e-01 masks: 14.0 20.0 [wd: 2.88e-01] [lr: 3.59e-04] [mem: 5.67e+03] (264.5 ms)
[313,     0] grad_stats: [3.45e-03 9.04e-04] (1.77e-04, 2.74e-02)
[313,   116] loss: 8.988781e-02 masks: 21.6 17.4 [wd: 2.89e-01] [lr: 3.58e-04] [mem: 5.67e+03] (277.0 ms)
[313,   116] grad_stats: [8.74e-04 6.51e-04] (1.46e-04, 2.87e-02)
[313,   232] loss: 9.020659e-02 masks: 21.6 17.4 [wd: 2.89e-01] [lr: 3.56e-04] [mem: 5.67e+03] (248.7 ms)
[313,   232] grad_stats: [1.55e-03 7.42e-04] (1.69e-04, 1.87e-02)
avg. loss 9.02065881e-02
time taken for epoch 0:01:12.285106
Epoch 314
[314,     0] loss: 8.627097e-02 masks: 26.0 16.0 [wd: 2.89e-01] [lr: 3.56e-04] [mem: 5.67e+03] (303.4 ms)
[314,     0] grad_stats: [2.19e-03 6.68e-04] (1.85e-04, 2.35e-02)
[314,   116] loss: 8.989641e-02 masks: 22.0 17.3 [wd: 2.90e-01] [lr: 3.54e-04] [mem: 5.67e+03] (279.2 ms)
[314,   116] grad_stats: [2.03e-03 8.06e-04] (1.80e-04, 2.49e-02)
[314,   232] loss: 8.982504e-02 masks: 22.2 17.2 [wd: 2.90e-01] [lr: 3.53e-04] [mem: 5.67e+03] (249.2 ms)
[314,   232] grad_stats: [1.48e-03 6.87e-04] (1.80e-04, 2.74e-02)
avg. loss 8.98250385e-02
time taken for epoch 0:01:12.342089
Epoch 315
[315,     0] loss: 9.637503e-02 masks: 21.0 16.0 [wd: 2.90e-01] [lr: 3.53e-04] [mem: 5.67e+03] (288.3 ms)
[315,     0] grad_stats: [1.64e-03 8.46e-04] (1.78e-04, 2.14e-02)
[315,   116] loss: 8.989200e-02 masks: 22.8 16.7 [wd: 2.91e-01] [lr: 3.51e-04] [mem: 5.67e+03] (281.5 ms)
[315,   116] grad_stats: [1.72e-03 7.73e-04] (1.83e-04, 2.63e-02)
[315,   232] loss: 8.930744e-02 masks: 22.4 17.0 [wd: 2.91e-01] [lr: 3.49e-04] [mem: 5.67e+03] (248.0 ms)
[315,   232] grad_stats: [1.61e-03 6.05e-04] (1.47e-04, 2.07e-02)
avg. loss 8.93074386e-02
time taken for epoch 0:01:12.142168
Epoch 316
[316,     0] loss: 8.387237e-02 masks: 24.0 16.0 [wd: 2.91e-01] [lr: 3.49e-04] [mem: 5.67e+03] (257.3 ms)
[316,     0] grad_stats: [1.12e-03 7.00e-04] (1.57e-04, 1.29e-02)
[316,   116] loss: 9.029148e-02 masks: 21.8 17.4 [wd: 2.92e-01] [lr: 3.48e-04] [mem: 5.67e+03] (277.3 ms)
[316,   116] grad_stats: [2.66e-03 7.79e-04] (1.79e-04, 2.19e-02)
[316,   232] loss: 9.078136e-02 masks: 21.4 17.6 [wd: 2.93e-01] [lr: 3.46e-04] [mem: 5.67e+03] (251.3 ms)
[316,   232] grad_stats: [2.04e-03 8.00e-04] (2.17e-04, 3.79e-02)
avg. loss 9.07813620e-02
time taken for epoch 0:01:12.907306
Epoch 317
[317,     0] loss: 9.380438e-02 masks: 22.0 16.0 [wd: 2.93e-01] [lr: 3.46e-04] [mem: 5.67e+03] (257.9 ms)
[317,     0] grad_stats: [1.41e-03 8.16e-04] (1.80e-04, 2.21e-02)
[317,   116] loss: 8.829142e-02 masks: 22.3 17.2 [wd: 2.93e-01] [lr: 3.45e-04] [mem: 5.67e+03] (279.9 ms)
[317,   116] grad_stats: [1.20e-03 6.39e-04] (1.45e-04, 1.56e-02)
[317,   232] loss: 8.922916e-02 masks: 22.2 17.2 [wd: 2.94e-01] [lr: 3.43e-04] [mem: 5.67e+03] (250.7 ms)
[317,   232] grad_stats: [2.21e-03 7.31e-04] (1.76e-04, 3.17e-02)
avg. loss 8.92291578e-02
time taken for epoch 0:01:12.792081
Epoch 318
[318,     0] loss: 7.011990e-02 masks: 36.0 12.0 [wd: 2.94e-01] [lr: 3.43e-04] [mem: 5.67e+03] (332.1 ms)
[318,     0] grad_stats: [1.79e-03 5.37e-04] (1.36e-04, 5.32e-02)
[318,   116] loss: 8.932005e-02 masks: 22.4 16.8 [wd: 2.94e-01] [lr: 3.41e-04] [mem: 5.67e+03] (279.1 ms)
[318,   116] grad_stats: [3.64e-03 7.08e-04] (1.70e-04, 3.31e-02)
[318,   232] loss: 8.946965e-02 masks: 22.0 17.0 [wd: 2.95e-01] [lr: 3.40e-04] [mem: 5.67e+03] (247.6 ms)
[318,   232] grad_stats: [3.57e-03 5.71e-04] (1.76e-04, 2.43e-02)
avg. loss 8.94696535e-02
time taken for epoch 0:01:12.013797
Epoch 319
[319,     0] loss: 7.026466e-02 masks: 33.0 12.0 [wd: 2.95e-01] [lr: 3.40e-04] [mem: 5.67e+03] (319.5 ms)
[319,     0] grad_stats: [2.20e-03 6.05e-04] (1.61e-04, 2.43e-02)
[319,   116] loss: 8.958240e-02 masks: 21.9 17.3 [wd: 2.95e-01] [lr: 3.38e-04] [mem: 5.67e+03] (278.9 ms)
[319,   116] grad_stats: [1.63e-03 6.16e-04] (1.61e-04, 2.02e-02)
[319,   232] loss: 8.942789e-02 masks: 22.0 17.2 [wd: 2.96e-01] [lr: 3.36e-04] [mem: 5.67e+03] (247.0 ms)
[319,   232] grad_stats: [1.61e-03 9.12e-04] (1.92e-04, 3.86e-02)
avg. loss 8.94278871e-02
time taken for epoch 0:01:11.762003
Epoch 320
[320,     0] loss: 9.263716e-02 masks: 17.0 20.0 [wd: 2.96e-01] [lr: 3.36e-04] [mem: 5.67e+03] (243.2 ms)
[320,     0] grad_stats: [1.23e-03 8.77e-04] (1.91e-04, 2.16e-02)
[320,   116] loss: 9.064421e-02 masks: 21.4 17.4 [wd: 2.96e-01] [lr: 3.35e-04] [mem: 5.67e+03] (275.7 ms)
[320,   116] grad_stats: [1.89e-03 9.35e-04] (1.96e-04, 3.51e-02)
[320,   232] loss: 8.941316e-02 masks: 21.8 17.2 [wd: 2.97e-01] [lr: 3.33e-04] [mem: 5.67e+03] (246.4 ms)
[320,   232] grad_stats: [3.13e-03 5.88e-04] (1.50e-04, 5.57e-02)
avg. loss 8.94131617e-02
time taken for epoch 0:01:11.713256
Epoch 321
[321,     0] loss: 8.925435e-02 masks: 26.0 16.0 [wd: 2.97e-01] [lr: 3.33e-04] [mem: 5.67e+03] (297.5 ms)
[321,     0] grad_stats: [2.65e-03 7.94e-04] (1.76e-04, 2.50e-02)
[321,   116] loss: 9.026862e-02 masks: 21.8 17.3 [wd: 2.97e-01] [lr: 3.32e-04] [mem: 5.67e+03] (276.2 ms)
[321,   116] grad_stats: [2.53e-03 7.02e-04] (1.54e-04, 2.50e-02)
[321,   232] loss: 8.958941e-02 masks: 21.8 17.4 [wd: 2.98e-01] [lr: 3.30e-04] [mem: 5.67e+03] (246.5 ms)
[321,   232] grad_stats: [2.78e-03 7.41e-04] (1.74e-04, 4.45e-02)
avg. loss 8.95894136e-02
time taken for epoch 0:01:11.695511
Epoch 322
[322,     0] loss: 8.428653e-02 masks: 25.0 16.0 [wd: 2.98e-01] [lr: 3.30e-04] [mem: 5.67e+03] (175.3 ms)
[322,     0] grad_stats: [2.38e-03 9.13e-04] (2.04e-04, 2.09e-02)
[322,   116] loss: 9.021390e-02 masks: 21.7 17.4 [wd: 2.98e-01] [lr: 3.28e-04] [mem: 5.67e+03] (168.8 ms)
[322,   116] grad_stats: [1.19e-03 8.65e-04] (1.71e-04, 2.08e-02)
[322,   232] loss: 8.952186e-02 masks: 22.1 17.2 [wd: 2.99e-01] [lr: 3.27e-04] [mem: 5.67e+03] (170.3 ms)
[322,   232] grad_stats: [1.97e-03 7.86e-04] (1.79e-04, 2.28e-02)
avg. loss 8.95218641e-02
time taken for epoch 0:00:53.102858
Epoch 323
[323,     0] loss: 8.706811e-02 masks: 20.0 20.0 [wd: 2.99e-01] [lr: 3.27e-04] [mem: 5.67e+03] (165.7 ms)
[323,     0] grad_stats: [2.36e-03 8.75e-04] (1.72e-04, 1.46e-02)
[323,   116] loss: 8.801224e-02 masks: 22.9 16.9 [wd: 2.99e-01] [lr: 3.25e-04] [mem: 5.67e+03] (171.6 ms)
[323,   116] grad_stats: [1.82e-03 9.90e-04] (2.07e-04, 1.78e-02)
[323,   232] loss: 8.795181e-02 masks: 22.9 16.9 [wd: 3.00e-01] [lr: 3.24e-04] [mem: 5.67e+03] (172.0 ms)
[323,   232] grad_stats: [1.28e-03 8.85e-04] (1.93e-04, 4.56e-02)
avg. loss 8.79518136e-02
time taken for epoch 0:00:53.538342
Epoch 324
[324,     0] loss: 7.967784e-02 masks: 22.0 20.0 [wd: 3.00e-01] [lr: 3.24e-04] [mem: 5.67e+03] (172.1 ms)
[324,     0] grad_stats: [1.37e-03 5.91e-04] (1.54e-04, 2.82e-02)
[324,   116] loss: 8.968094e-02 masks: 21.8 17.5 [wd: 3.00e-01] [lr: 3.22e-04] [mem: 5.67e+03] (169.3 ms)
[324,   116] grad_stats: [1.54e-03 7.33e-04] (1.73e-04, 2.09e-02)
[324,   232] loss: 8.885028e-02 masks: 22.2 17.2 [wd: 3.01e-01] [lr: 3.20e-04] [mem: 5.67e+03] (170.5 ms)
[324,   232] grad_stats: [1.11e-03 8.19e-04] (1.98e-04, 1.93e-02)
avg. loss 8.88502835e-02
time taken for epoch 0:00:53.107692
Epoch 325
[325,     0] loss: 8.825060e-02 masks: 19.0 20.0 [wd: 3.01e-01] [lr: 3.20e-04] [mem: 5.67e+03] (164.3 ms)
[325,     0] grad_stats: [2.28e-03 9.27e-04] (2.08e-04, 2.18e-02)
[325,   116] loss: 8.800366e-02 masks: 22.6 16.9 [wd: 3.01e-01] [lr: 3.19e-04] [mem: 5.67e+03] (170.5 ms)
[325,   116] grad_stats: [2.56e-03 5.86e-04] (1.65e-04, 2.68e-02)
[325,   232] loss: 8.919155e-02 masks: 22.2 17.0 [wd: 3.02e-01] [lr: 3.17e-04] [mem: 5.67e+03] (170.2 ms)
[325,   232] grad_stats: [1.46e-03 6.41e-04] (1.66e-04, 1.67e-02)
avg. loss 8.91915495e-02
time taken for epoch 0:00:53.102781
Epoch 326
[326,     0] loss: 8.350811e-02 masks: 25.0 16.0 [wd: 3.02e-01] [lr: 3.17e-04] [mem: 5.67e+03] (174.4 ms)
[326,     0] grad_stats: [1.25e-03 6.06e-04] (1.74e-04, 6.06e-02)
[326,   116] loss: 8.807977e-02 masks: 22.7 17.1 [wd: 3.02e-01] [lr: 3.16e-04] [mem: 5.67e+03] (171.1 ms)
[326,   116] grad_stats: [1.44e-03 9.13e-04] (1.76e-04, 5.46e-02)
[326,   232] loss: 8.826465e-02 masks: 22.5 17.1 [wd: 3.03e-01] [lr: 3.14e-04] [mem: 5.67e+03] (170.9 ms)
[326,   232] grad_stats: [1.11e-03 8.67e-04] (1.66e-04, 4.06e-02)
avg. loss 8.82646505e-02
time taken for epoch 0:00:53.282511
Epoch 327
[327,     0] loss: 8.084191e-02 masks: 27.0 16.0 [wd: 3.03e-01] [lr: 3.14e-04] [mem: 5.67e+03] (181.7 ms)
[327,     0] grad_stats: [1.53e-03 6.51e-04] (1.75e-04, 2.86e-02)
[327,   116] loss: 8.769140e-02 masks: 22.9 16.9 [wd: 3.03e-01] [lr: 3.12e-04] [mem: 5.67e+03] (171.6 ms)
[327,   116] grad_stats: [1.81e-03 6.82e-04] (1.65e-04, 1.33e-02)
[327,   232] loss: 8.835715e-02 masks: 22.5 17.1 [wd: 3.04e-01] [lr: 3.11e-04] [mem: 5.67e+03] (171.0 ms)
[327,   232] grad_stats: [1.01e-03 7.86e-04] (1.87e-04, 1.33e-02)
avg. loss 8.83571542e-02
time taken for epoch 0:00:53.341812
Epoch 328
[328,     0] loss: 8.739541e-02 masks: 23.0 20.0 [wd: 3.04e-01] [lr: 3.11e-04] [mem: 5.67e+03] (174.6 ms)
[328,     0] grad_stats: [1.72e-03 8.22e-04] (1.86e-04, 2.19e-02)
[328,   116] loss: 8.874057e-02 masks: 22.2 17.1 [wd: 3.04e-01] [lr: 3.09e-04] [mem: 5.67e+03] (169.9 ms)
[328,   116] grad_stats: [1.48e-03 5.90e-04] (1.62e-04, 2.08e-02)
[328,   232] loss: 8.861437e-02 masks: 22.2 17.2 [wd: 3.05e-01] [lr: 3.08e-04] [mem: 5.67e+03] (170.4 ms)
[328,   232] grad_stats: [1.07e-03 8.66e-04] (1.64e-04, 3.00e-02)
avg. loss 8.86143740e-02
time taken for epoch 0:00:53.216893
Epoch 329
[329,     0] loss: 8.562062e-02 masks: 23.0 16.0 [wd: 3.05e-01] [lr: 3.08e-04] [mem: 5.67e+03] (166.3 ms)
[329,     0] grad_stats: [9.29e-04 5.48e-04] (1.47e-04, 1.96e-02)
[329,   116] loss: 8.780402e-02 masks: 22.8 17.0 [wd: 3.05e-01] [lr: 3.06e-04] [mem: 5.67e+03] (171.2 ms)
[329,   116] grad_stats: [1.49e-03 8.76e-04] (1.81e-04, 1.97e-02)
[329,   232] loss: 8.859517e-02 masks: 22.1 17.3 [wd: 3.06e-01] [lr: 3.05e-04] [mem: 5.67e+03] (170.2 ms)
[329,   232] grad_stats: [2.97e-03 6.59e-04] (1.59e-04, 1.62e-02)
avg. loss 8.85951720e-02
time taken for epoch 0:00:53.126222
Epoch 330
[330,     0] loss: 1.013435e-01 masks: 19.0 20.0 [wd: 3.06e-01] [lr: 3.05e-04] [mem: 5.67e+03] (163.2 ms)
[330,     0] grad_stats: [8.32e-04 7.57e-04] (1.96e-04, 4.35e-02)
[330,   116] loss: 8.964205e-02 masks: 21.2 17.6 [wd: 3.06e-01] [lr: 3.03e-04] [mem: 5.67e+03] (167.6 ms)
[330,   116] grad_stats: [2.19e-03 1.17e-03] (2.25e-04, 4.62e-02)
[330,   232] loss: 8.844773e-02 masks: 22.1 17.3 [wd: 3.07e-01] [lr: 3.01e-04] [mem: 5.67e+03] (170.3 ms)
[330,   232] grad_stats: [1.49e-03 5.87e-04] (1.67e-04, 6.26e-02)
avg. loss 8.84477314e-02
time taken for epoch 0:00:53.062686
Epoch 331
[331,     0] loss: 8.359458e-02 masks: 29.0 16.0 [wd: 3.07e-01] [lr: 3.01e-04] [mem: 5.67e+03] (185.9 ms)
[331,     0] grad_stats: [1.83e-03 5.99e-04] (1.79e-04, 2.02e-02)
[331,   116] loss: 8.833046e-02 masks: 22.2 17.2 [wd: 3.07e-01] [lr: 3.00e-04] [mem: 5.67e+03] (169.7 ms)
[331,   116] grad_stats: [1.38e-03 8.39e-04] (2.06e-04, 3.08e-02)
[331,   232] loss: 8.871478e-02 masks: 21.9 17.3 [wd: 3.08e-01] [lr: 2.98e-04] [mem: 5.67e+03] (169.6 ms)
[331,   232] grad_stats: [2.29e-03 8.34e-04] (1.96e-04, 2.38e-02)
avg. loss 8.87147778e-02
time taken for epoch 0:00:52.966188
Epoch 332
[332,     0] loss: 8.584543e-02 masks: 16.0 20.0 [wd: 3.08e-01] [lr: 2.98e-04] [mem: 5.67e+03] (152.3 ms)
[332,     0] grad_stats: [3.18e-03 9.24e-04] (2.17e-04, 4.77e-02)
[332,   116] loss: 9.042459e-02 masks: 21.1 17.7 [wd: 3.08e-01] [lr: 2.97e-04] [mem: 5.67e+03] (167.2 ms)
[332,   116] grad_stats: [1.53e-03 7.22e-04] (1.92e-04, 5.26e-02)
[332,   232] loss: 8.951446e-02 masks: 21.4 17.5 [wd: 3.09e-01] [lr: 2.95e-04] [mem: 5.67e+03] (168.5 ms)
[332,   232] grad_stats: [1.99e-03 5.70e-04] (1.50e-04, 1.11e-02)
avg. loss 8.95144632e-02
time taken for epoch 0:00:52.802064
Epoch 333
[333,     0] loss: 7.972082e-02 masks: 27.0 16.0 [wd: 3.09e-01] [lr: 2.95e-04] [mem: 5.67e+03] (181.2 ms)
[333,     0] grad_stats: [2.05e-03 7.43e-04] (1.58e-04, 3.64e-02)
[333,   116] loss: 8.915172e-02 masks: 21.5 17.4 [wd: 3.09e-01] [lr: 2.94e-04] [mem: 5.67e+03] (168.1 ms)
[333,   116] grad_stats: [1.54e-03 1.21e-03] (2.21e-04, 3.00e-02)
[333,   232] loss: 8.911851e-02 masks: 21.6 17.3 [wd: 3.10e-01] [lr: 2.92e-04] [mem: 5.67e+03] (168.7 ms)
[333,   232] grad_stats: [2.08e-03 1.29e-03] (2.99e-04, 3.30e-02)
avg. loss 8.91185142e-02
time taken for epoch 0:00:52.819202
Epoch 334
[334,     0] loss: 8.951823e-02 masks: 25.0 16.0 [wd: 3.10e-01] [lr: 2.92e-04] [mem: 5.67e+03] (174.5 ms)
[334,     0] grad_stats: [1.30e-03 8.77e-04] (2.25e-04, 5.07e-02)
[334,   116] loss: 8.847072e-02 masks: 22.3 17.2 [wd: 3.10e-01] [lr: 2.91e-04] [mem: 5.67e+03] (170.1 ms)
[334,   116] grad_stats: [1.29e-03 6.90e-04] (1.93e-04, 3.71e-02)
[334,   232] loss: 8.868255e-02 masks: 22.2 17.3 [wd: 3.11e-01] [lr: 2.89e-04] [mem: 5.67e+03] (170.4 ms)
[334,   232] grad_stats: [2.13e-03 1.07e-03] (2.37e-04, 2.78e-02)
avg. loss 8.86825502e-02
time taken for epoch 0:00:53.205043
Epoch 335
[335,     0] loss: 8.415935e-02 masks: 24.0 16.0 [wd: 3.11e-01] [lr: 2.89e-04] [mem: 5.67e+03] (172.8 ms)
[335,     0] grad_stats: [1.28e-03 8.81e-04] (1.90e-04, 1.98e-02)
[335,   116] loss: 8.923682e-02 masks: 21.8 17.4 [wd: 3.11e-01] [lr: 2.88e-04] [mem: 5.67e+03] (168.9 ms)
[335,   116] grad_stats: [1.74e-03 6.21e-04] (1.91e-04, 2.34e-02)
[335,   232] loss: 8.944861e-02 masks: 21.9 17.3 [wd: 3.12e-01] [lr: 2.86e-04] [mem: 5.67e+03] (169.7 ms)
[335,   232] grad_stats: [1.44e-03 8.59e-04] (2.07e-04, 6.48e-02)
avg. loss 8.94486070e-02
time taken for epoch 0:00:52.882886
Epoch 336
[336,     0] loss: 9.681688e-02 masks: 15.0 20.0 [wd: 3.12e-01] [lr: 2.86e-04] [mem: 5.67e+03] (152.3 ms)
[336,     0] grad_stats: [1.63e-03 1.13e-03] (2.11e-04, 1.97e-02)
[336,   116] loss: 8.859184e-02 masks: 22.3 17.1 [wd: 3.12e-01] [lr: 2.84e-04] [mem: 5.67e+03] (170.1 ms)
[336,   116] grad_stats: [1.51e-03 8.18e-04] (2.03e-04, 6.24e-02)
[336,   232] loss: 8.905682e-02 masks: 22.2 17.2 [wd: 3.13e-01] [lr: 2.83e-04] [mem: 5.67e+03] (170.4 ms)
[336,   232] grad_stats: [1.11e-03 7.87e-04] (1.99e-04, 1.74e-02)
avg. loss 8.90568185e-02
time taken for epoch 0:00:53.212784
Epoch 337
[337,     0] loss: 7.531166e-02 masks: 27.0 16.0 [wd: 3.13e-01] [lr: 2.83e-04] [mem: 5.67e+03] (180.5 ms)
[337,     0] grad_stats: [1.56e-03 7.49e-04] (1.85e-04, 1.79e-02)
[337,   116] loss: 8.833024e-02 masks: 22.4 17.0 [wd: 3.13e-01] [lr: 2.81e-04] [mem: 5.67e+03] (170.0 ms)
[337,   116] grad_stats: [1.80e-03 7.20e-04] (2.18e-04, 2.21e-02)
[337,   232] loss: 8.860347e-02 masks: 22.1 17.2 [wd: 3.14e-01] [lr: 2.80e-04] [mem: 5.67e+03] (169.9 ms)
[337,   232] grad_stats: [1.78e-03 7.43e-04] (2.08e-04, 1.68e-02)
avg. loss 8.86034658e-02
time taken for epoch 0:00:53.024307
Epoch 338
[338,     0] loss: 9.549884e-02 masks: 20.0 20.0 [wd: 3.14e-01] [lr: 2.80e-04] [mem: 5.67e+03] (165.0 ms)
[338,     0] grad_stats: [1.30e-03 7.40e-04] (2.09e-04, 2.29e-02)
[338,   116] loss: 8.856340e-02 masks: 22.8 16.7 [wd: 3.14e-01] [lr: 2.78e-04] [mem: 5.67e+03] (170.7 ms)
[338,   116] grad_stats: [1.13e-03 8.22e-04] (2.06e-04, 1.25e-02)
[338,   232] loss: 8.852760e-02 masks: 22.5 16.9 [wd: 3.15e-01] [lr: 2.77e-04] [mem: 5.67e+03] (170.7 ms)
[338,   232] grad_stats: [1.26e-03 6.76e-04] (1.86e-04, 2.58e-02)
avg. loss 8.85276012e-02
time taken for epoch 0:00:53.261834
Epoch 339
[339,     0] loss: 8.188257e-02 masks: 25.0 16.0 [wd: 3.15e-01] [lr: 2.77e-04] [mem: 5.67e+03] (174.5 ms)
[339,     0] grad_stats: [1.06e-03 6.83e-04] (1.64e-04, 3.23e-02)
[339,   116] loss: 8.883346e-02 masks: 22.2 17.3 [wd: 3.15e-01] [lr: 2.75e-04] [mem: 5.67e+03] (170.0 ms)
[339,   116] grad_stats: [2.16e-03 7.65e-04] (2.05e-04, 2.69e-02)
[339,   232] loss: 8.884465e-02 masks: 22.3 17.2 [wd: 3.15e-01] [lr: 2.74e-04] [mem: 5.67e+03] (170.4 ms)
[339,   232] grad_stats: [1.00e-03 7.38e-04] (2.09e-04, 2.27e-02)
avg. loss 8.88446480e-02
time taken for epoch 0:00:53.210502
Epoch 340
[340,     0] loss: 7.539234e-02 masks: 26.0 16.0 [wd: 3.15e-01] [lr: 2.74e-04] [mem: 5.67e+03] (178.2 ms)
[340,     0] grad_stats: [3.13e-03 8.24e-04] (1.85e-04, 3.43e-02)
[340,   116] loss: 8.929854e-02 masks: 21.5 17.6 [wd: 3.16e-01] [lr: 2.72e-04] [mem: 5.67e+03] (168.3 ms)
[340,   116] grad_stats: [1.97e-03 8.80e-04] (2.01e-04, 5.24e-02)
[340,   232] loss: 8.939488e-02 masks: 21.4 17.7 [wd: 3.16e-01] [lr: 2.71e-04] [mem: 5.67e+03] (168.6 ms)
[340,   232] grad_stats: [1.91e-03 1.22e-03] (2.25e-04, 1.63e-02)
avg. loss 8.93948809e-02
time taken for epoch 0:00:52.679423
Epoch 341
[341,     0] loss: 8.474451e-02 masks: 21.0 16.0 [wd: 3.16e-01] [lr: 2.71e-04] [mem: 5.67e+03] (162.2 ms)
[341,     0] grad_stats: [1.60e-03 9.17e-04] (2.25e-04, 1.88e-02)
[341,   116] loss: 8.912236e-02 masks: 21.9 17.2 [wd: 3.17e-01] [lr: 2.69e-04] [mem: 5.67e+03] (168.9 ms)
[341,   116] grad_stats: [1.66e-03 1.06e-03] (2.60e-04, 3.10e-02)
[341,   232] loss: 8.898757e-02 masks: 22.0 17.1 [wd: 3.17e-01] [lr: 2.68e-04] [mem: 5.67e+03] (169.6 ms)
[341,   232] grad_stats: [1.88e-03 8.31e-04] (2.09e-04, 4.83e-02)
avg. loss 8.89875659e-02
time taken for epoch 0:00:52.961568
Epoch 342
[342,     0] loss: 1.043735e-01 masks: 16.0 20.0 [wd: 3.17e-01] [lr: 2.68e-04] [mem: 5.67e+03] (154.8 ms)
[342,     0] grad_stats: [1.18e-03 1.09e-03] (2.79e-04, 2.57e-02)
[342,   116] loss: 9.050836e-02 masks: 21.3 17.3 [wd: 3.18e-01] [lr: 2.66e-04] [mem: 5.67e+03] (167.5 ms)
[342,   116] grad_stats: [1.61e-03 6.42e-04] (1.68e-04, 2.65e-02)
[342,   232] loss: 8.910783e-02 masks: 21.8 17.2 [wd: 3.18e-01] [lr: 2.65e-04] [mem: 5.67e+03] (169.1 ms)
[342,   232] grad_stats: [1.76e-03 1.18e-03] (2.13e-04, 1.50e-02)
avg. loss 8.91078292e-02
time taken for epoch 0:00:52.859052
Epoch 343
[343,     0] loss: 7.075996e-02 masks: 33.0 12.0 [wd: 3.18e-01] [lr: 2.65e-04] [mem: 5.67e+03] (191.6 ms)
[343,     0] grad_stats: [9.98e-04 5.93e-04] (1.60e-04, 1.35e-02)
[343,   116] loss: 8.796686e-02 masks: 22.3 17.1 [wd: 3.19e-01] [lr: 2.63e-04] [mem: 5.67e+03] (169.9 ms)
[343,   116] grad_stats: [1.35e-03 7.65e-04] (1.73e-04, 2.80e-02)
[343,   232] loss: 8.817952e-02 masks: 22.2 17.2 [wd: 3.19e-01] [lr: 2.62e-04] [mem: 5.67e+03] (170.3 ms)
[343,   232] grad_stats: [1.31e-03 8.53e-04] (2.33e-04, 2.11e-02)
avg. loss 8.81795161e-02
time taken for epoch 0:00:53.076593
Epoch 344
[344,     0] loss: 6.949531e-02 masks: 35.0 12.0 [wd: 3.19e-01] [lr: 2.62e-04] [mem: 5.67e+03] (197.1 ms)
[344,     0] grad_stats: [1.54e-03 7.04e-04] (2.18e-04, 1.76e-02)
[344,   116] loss: 8.749999e-02 masks: 22.5 17.0 [wd: 3.20e-01] [lr: 2.60e-04] [mem: 5.67e+03] (170.5 ms)
[344,   116] grad_stats: [1.65e-03 6.30e-04] (1.91e-04, 2.61e-02)
[344,   232] loss: 8.779134e-02 masks: 22.5 17.2 [wd: 3.20e-01] [lr: 2.59e-04] [mem: 5.67e+03] (171.0 ms)
[344,   232] grad_stats: [1.20e-03 8.18e-04] (2.48e-04, 1.78e-02)
avg. loss 8.77913444e-02
time taken for epoch 0:00:53.269513
Epoch 345
[345,     0] loss: 8.796601e-02 masks: 24.0 16.0 [wd: 3.20e-01] [lr: 2.59e-04] [mem: 5.67e+03] (172.7 ms)
[345,     0] grad_stats: [8.22e-04 8.31e-04] (2.04e-04, 2.13e-02)
[345,   116] loss: 8.947530e-02 masks: 21.2 17.4 [wd: 3.21e-01] [lr: 2.57e-04] [mem: 5.67e+03] (167.2 ms)
[345,   116] grad_stats: [2.38e-03 7.97e-04] (2.21e-04, 2.06e-02)
[345,   232] loss: 8.958325e-02 masks: 21.3 17.4 [wd: 3.21e-01] [lr: 2.56e-04] [mem: 5.67e+03] (168.2 ms)
[345,   232] grad_stats: [1.58e-03 8.71e-04] (1.88e-04, 5.19e-02)
avg. loss 8.95832543e-02
time taken for epoch 0:00:52.642265
Epoch 346
[346,     0] loss: 8.980630e-02 masks: 21.0 16.0 [wd: 3.21e-01] [lr: 2.56e-04] [mem: 5.67e+03] (162.6 ms)
[346,     0] grad_stats: [1.31e-03 7.86e-04] (2.70e-04, 2.01e-02)
[346,   116] loss: 8.830199e-02 masks: 22.2 17.0 [wd: 3.22e-01] [lr: 2.54e-04] [mem: 5.67e+03] (169.6 ms)
[346,   116] grad_stats: [1.64e-03 9.13e-04] (2.39e-04, 2.47e-02)
[346,   232] loss: 8.863979e-02 masks: 21.8 17.2 [wd: 3.22e-01] [lr: 2.53e-04] [mem: 5.67e+03] (169.1 ms)
[346,   232] grad_stats: [2.87e-03 1.26e-03] (2.59e-04, 3.39e-02)
avg. loss 8.86397942e-02
time taken for epoch 0:00:52.907063
Epoch 347
[347,     0] loss: 7.783216e-02 masks: 26.0 16.0 [wd: 3.22e-01] [lr: 2.53e-04] [mem: 5.67e+03] (176.5 ms)
[347,     0] grad_stats: [2.08e-03 7.02e-04] (1.87e-04, 1.87e-02)
[347,   116] loss: 8.879785e-02 masks: 21.8 17.5 [wd: 3.23e-01] [lr: 2.51e-04] [mem: 5.67e+03] (169.1 ms)
[347,   116] grad_stats: [1.48e-03 8.65e-04] (2.49e-04, 1.99e-02)
[347,   232] loss: 8.947795e-02 masks: 21.7 17.3 [wd: 3.23e-01] [lr: 2.50e-04] [mem: 5.67e+03] (169.0 ms)
[347,   232] grad_stats: [1.02e-03 9.18e-04] (2.57e-04, 2.40e-02)
avg. loss 8.94779548e-02
time taken for epoch 0:00:52.819119
Epoch 348
[348,     0] loss: 9.092569e-02 masks: 24.0 16.0 [wd: 3.23e-01] [lr: 2.50e-04] [mem: 5.67e+03] (173.6 ms)
[348,     0] grad_stats: [2.75e-03 7.10e-04] (2.30e-04, 2.64e-02)
[348,   116] loss: 8.845573e-02 masks: 21.9 17.4 [wd: 3.24e-01] [lr: 2.48e-04] [mem: 5.67e+03] (169.3 ms)
[348,   116] grad_stats: [1.32e-03 9.09e-04] (2.06e-04, 2.19e-02)
[348,   232] loss: 8.891020e-02 masks: 21.7 17.5 [wd: 3.24e-01] [lr: 2.47e-04] [mem: 5.67e+03] (169.1 ms)
[348,   232] grad_stats: [1.44e-03 9.66e-04] (2.29e-04, 2.40e-02)
avg. loss 8.89102042e-02
time taken for epoch 0:00:52.942995
Epoch 349
[349,     0] loss: 7.338529e-02 masks: 33.0 12.0 [wd: 3.24e-01] [lr: 2.47e-04] [mem: 5.67e+03] (191.0 ms)
[349,     0] grad_stats: [1.15e-03 6.84e-04] (1.87e-04, 1.47e-02)
[349,   116] loss: 8.904615e-02 masks: 21.8 17.4 [wd: 3.24e-01] [lr: 2.45e-04] [mem: 5.67e+03] (169.0 ms)
[349,   116] grad_stats: [1.76e-03 8.99e-04] (2.22e-04, 2.68e-02)
[349,   232] loss: 8.878602e-02 masks: 22.1 17.2 [wd: 3.25e-01] [lr: 2.44e-04] [mem: 5.67e+03] (169.9 ms)
[349,   232] grad_stats: [2.16e-03 7.43e-04] (2.60e-04, 2.43e-02)
avg. loss 8.87860212e-02
time taken for epoch 0:00:53.131074
Epoch 350
[350,     0] loss: 8.106512e-02 masks: 31.0 16.0 [wd: 3.25e-01] [lr: 2.44e-04] [mem: 5.67e+03] (194.7 ms)
[350,     0] grad_stats: [1.68e-03 6.41e-04] (2.13e-04, 1.65e-02)
[350,   116] loss: 8.935587e-02 masks: 21.6 17.4 [wd: 3.25e-01] [lr: 2.42e-04] [mem: 5.67e+03] (168.3 ms)
[350,   116] grad_stats: [1.59e-03 1.12e-03] (2.54e-04, 2.61e-02)
[350,   232] loss: 8.905919e-02 masks: 21.8 17.3 [wd: 3.26e-01] [lr: 2.41e-04] [mem: 5.67e+03] (169.4 ms)
[350,   232] grad_stats: [2.24e-03 8.73e-04] (2.37e-04, 2.02e-02)
avg. loss 8.90591941e-02
time taken for epoch 0:00:52.917385
Epoch 351
[351,     0] loss: 8.926771e-02 masks: 24.0 16.0 [wd: 3.26e-01] [lr: 2.41e-04] [mem: 5.67e+03] (172.0 ms)
[351,     0] grad_stats: [1.30e-03 7.17e-04] (1.93e-04, 2.27e-02)
[351,   116] loss: 8.740719e-02 masks: 22.6 17.2 [wd: 3.26e-01] [lr: 2.40e-04] [mem: 5.67e+03] (170.6 ms)
[351,   116] grad_stats: [2.43e-03 1.43e-03] (2.73e-04, 2.08e-02)
[351,   232] loss: 8.782691e-02 masks: 22.3 17.3 [wd: 3.27e-01] [lr: 2.38e-04] [mem: 5.67e+03] (170.7 ms)
[351,   232] grad_stats: [1.57e-03 8.36e-04] (2.08e-04, 4.49e-02)
avg. loss 8.78269092e-02
time taken for epoch 0:00:53.272707
Epoch 352
[352,     0] loss: 8.503475e-02 masks: 26.0 16.0 [wd: 3.27e-01] [lr: 2.38e-04] [mem: 5.67e+03] (178.9 ms)
[352,     0] grad_stats: [1.42e-03 9.74e-04] (2.18e-04, 3.57e-02)
[352,   116] loss: 8.811116e-02 masks: 21.7 17.4 [wd: 3.27e-01] [lr: 2.37e-04] [mem: 5.67e+03] (168.6 ms)
[352,   116] grad_stats: [1.85e-03 9.33e-04] (2.49e-04, 1.69e-02)
[352,   232] loss: 8.827050e-02 masks: 21.9 17.3 [wd: 3.28e-01] [lr: 2.35e-04] [mem: 5.67e+03] (169.6 ms)
[352,   232] grad_stats: [1.24e-03 1.29e-03] (2.37e-04, 2.17e-02)
avg. loss 8.82705040e-02
time taken for epoch 0:00:53.005207
Epoch 353
[353,     0] loss: 7.815985e-02 masks: 25.0 16.0 [wd: 3.28e-01] [lr: 2.35e-04] [mem: 5.67e+03] (175.3 ms)
[353,     0] grad_stats: [1.76e-03 9.30e-04] (2.65e-04, 2.13e-02)
[353,   116] loss: 8.909843e-02 masks: 21.9 17.3 [wd: 3.28e-01] [lr: 2.34e-04] [mem: 5.67e+03] (169.1 ms)
[353,   116] grad_stats: [2.54e-03 8.95e-04] (2.84e-04, 2.94e-02)
[353,   232] loss: 8.835263e-02 masks: 22.0 17.3 [wd: 3.29e-01] [lr: 2.32e-04] [mem: 5.67e+03] (169.8 ms)
[353,   232] grad_stats: [1.50e-03 1.19e-03] (3.09e-04, 2.60e-02)
avg. loss 8.83526348e-02
time taken for epoch 0:00:52.997316
Epoch 354
[354,     0] loss: 8.931815e-02 masks: 23.0 16.0 [wd: 3.29e-01] [lr: 2.32e-04] [mem: 5.67e+03] (165.8 ms)
[354,     0] grad_stats: [1.09e-03 6.85e-04] (2.22e-04, 2.78e-02)
[354,   116] loss: 9.015767e-02 masks: 20.9 17.7 [wd: 3.29e-01] [lr: 2.31e-04] [mem: 5.67e+03] (166.6 ms)
[354,   116] grad_stats: [2.43e-03 1.39e-03] (2.75e-04, 2.12e-02)
[354,   232] loss: 8.898489e-02 masks: 21.3 17.6 [wd: 3.29e-01] [lr: 2.29e-04] [mem: 5.67e+03] (168.1 ms)
[354,   232] grad_stats: [1.25e-03 6.62e-04] (1.99e-04, 2.50e-02)
avg. loss 8.89848905e-02
time taken for epoch 0:00:52.673678
Epoch 355
[355,     0] loss: 7.306582e-02 masks: 35.0 12.0 [wd: 3.29e-01] [lr: 2.29e-04] [mem: 5.67e+03] (196.2 ms)
[355,     0] grad_stats: [1.46e-03 6.06e-04] (2.01e-04, 2.28e-02)
[355,   116] loss: 8.732689e-02 masks: 22.2 17.1 [wd: 3.30e-01] [lr: 2.28e-04] [mem: 5.67e+03] (169.9 ms)
[355,   116] grad_stats: [1.22e-03 1.15e-03] (2.20e-04, 2.06e-02)
[355,   232] loss: 8.797132e-02 masks: 21.9 17.3 [wd: 3.30e-01] [lr: 2.27e-04] [mem: 5.67e+03] (169.5 ms)
[355,   232] grad_stats: [2.91e-03 1.01e-03] (2.85e-04, 5.79e-02)
avg. loss 8.79713159e-02
time taken for epoch 0:00:52.931577
Epoch 356
[356,     0] loss: 9.532348e-02 masks: 20.0 16.0 [wd: 3.30e-01] [lr: 2.27e-04] [mem: 5.67e+03] (162.0 ms)
[356,     0] grad_stats: [1.89e-03 1.28e-03] (2.60e-04, 2.98e-02)
[356,   116] loss: 8.905491e-02 masks: 21.6 17.4 [wd: 3.31e-01] [lr: 2.25e-04] [mem: 5.67e+03] (168.5 ms)
[356,   116] grad_stats: [1.68e-03 8.36e-04] (2.11e-04, 3.57e-02)
[356,   232] loss: 8.861098e-02 masks: 21.8 17.3 [wd: 3.31e-01] [lr: 2.24e-04] [mem: 5.67e+03] (169.3 ms)
[356,   232] grad_stats: [9.70e-04 9.28e-04] (2.17e-04, 2.06e-02)
avg. loss 8.86109786e-02
time taken for epoch 0:00:52.893335
Epoch 357
[357,     0] loss: 9.938879e-02 masks: 17.0 20.0 [wd: 3.31e-01] [lr: 2.24e-04] [mem: 5.67e+03] (157.8 ms)
[357,     0] grad_stats: [1.22e-03 1.04e-03] (2.50e-04, 1.69e-02)
[357,   116] loss: 8.715310e-02 masks: 22.8 17.2 [wd: 3.32e-01] [lr: 2.22e-04] [mem: 5.67e+03] (171.4 ms)
[357,   116] grad_stats: [2.35e-03 9.61e-04] (2.40e-04, 5.23e-02)
[357,   232] loss: 8.731411e-02 masks: 22.7 17.1 [wd: 3.32e-01] [lr: 2.21e-04] [mem: 5.67e+03] (171.6 ms)
[357,   232] grad_stats: [1.15e-03 8.20e-04] (2.38e-04, 3.28e-02)
avg. loss 8.73141076e-02
time taken for epoch 0:00:53.434462
Epoch 358
[358,     0] loss: 9.979820e-02 masks: 20.0 16.0 [wd: 3.32e-01] [lr: 2.21e-04] [mem: 5.67e+03] (160.9 ms)
[358,     0] grad_stats: [7.91e-04 7.46e-04] (2.17e-04, 1.29e-02)
[358,   116] loss: 8.843156e-02 masks: 21.8 17.3 [wd: 3.33e-01] [lr: 2.19e-04] [mem: 5.67e+03] (168.8 ms)
[358,   116] grad_stats: [2.28e-03 1.32e-03] (2.63e-04, 3.13e-02)
[358,   232] loss: 8.822651e-02 masks: 21.8 17.3 [wd: 3.33e-01] [lr: 2.18e-04] [mem: 5.67e+03] (169.4 ms)
[358,   232] grad_stats: [2.48e-03 1.33e-03] (2.85e-04, 2.13e-02)
avg. loss 8.82265146e-02
time taken for epoch 0:00:52.980875
Epoch 359
[359,     0] loss: 8.451635e-02 masks: 26.0 16.0 [wd: 3.33e-01] [lr: 2.18e-04] [mem: 5.67e+03] (179.3 ms)
[359,     0] grad_stats: [1.65e-03 7.53e-04] (2.06e-04, 3.90e-02)
[359,   116] loss: 8.800008e-02 masks: 22.1 17.1 [wd: 3.33e-01] [lr: 2.17e-04] [mem: 5.67e+03] (169.4 ms)
[359,   116] grad_stats: [1.20e-03 8.15e-04] (2.18e-04, 2.32e-02)
[359,   232] loss: 8.819648e-02 masks: 21.9 17.3 [wd: 3.34e-01] [lr: 2.15e-04] [mem: 5.67e+03] (169.5 ms)
[359,   232] grad_stats: [1.36e-03 8.69e-04] (2.22e-04, 1.47e-02)
avg. loss 8.81964846e-02
time taken for epoch 0:00:52.945895
Epoch 360
[360,     0] loss: 8.193450e-02 masks: 25.0 16.0 [wd: 3.34e-01] [lr: 2.15e-04] [mem: 5.67e+03] (174.6 ms)
[360,     0] grad_stats: [1.32e-03 9.52e-04] (2.50e-04, 3.85e-02)
[360,   116] loss: 8.756377e-02 masks: 22.0 17.3 [wd: 3.34e-01] [lr: 2.14e-04] [mem: 5.67e+03] (169.3 ms)
[360,   116] grad_stats: [1.42e-03 8.34e-04] (2.25e-04, 1.71e-02)
[360,   232] loss: 8.846355e-02 masks: 21.5 17.4 [wd: 3.35e-01] [lr: 2.12e-04] [mem: 5.67e+03] (168.4 ms)
[360,   232] grad_stats: [1.39e-03 7.97e-04] (2.63e-04, 3.78e-02)
avg. loss 8.84635547e-02
time taken for epoch 0:00:52.702638
Epoch 361
[361,     0] loss: 7.315646e-02 masks: 36.0 12.0 [wd: 3.35e-01] [lr: 2.12e-04] [mem: 5.67e+03] (200.3 ms)
[361,     0] grad_stats: [1.24e-03 7.14e-04] (2.11e-04, 3.52e-02)
[361,   116] loss: 8.784876e-02 masks: 21.7 17.2 [wd: 3.35e-01] [lr: 2.11e-04] [mem: 5.67e+03] (168.5 ms)
[361,   116] grad_stats: [2.13e-03 1.14e-03] (2.66e-04, 6.40e-02)
[361,   232] loss: 8.731846e-02 masks: 22.2 17.0 [wd: 3.36e-01] [lr: 2.10e-04] [mem: 5.67e+03] (170.0 ms)
[361,   232] grad_stats: [4.56e-03 1.28e-03] (3.05e-04, 3.64e-02)
avg. loss 8.73184573e-02
time taken for epoch 0:00:53.000074
Epoch 362
[362,     0] loss: 8.561515e-02 masks: 20.0 20.0 [wd: 3.36e-01] [lr: 2.10e-04] [mem: 5.67e+03] (165.4 ms)
[362,     0] grad_stats: [2.26e-03 1.52e-03] (2.82e-04, 2.56e-02)
[362,   116] loss: 8.924537e-02 masks: 21.0 17.6 [wd: 3.36e-01] [lr: 2.08e-04] [mem: 5.67e+03] (167.1 ms)
[362,   116] grad_stats: [1.87e-03 7.95e-04] (2.15e-04, 2.88e-02)
[362,   232] loss: 8.869550e-02 masks: 21.3 17.4 [wd: 3.36e-01] [lr: 2.07e-04] [mem: 5.67e+03] (168.1 ms)
[362,   232] grad_stats: [4.32e-03 8.78e-04] (2.32e-04, 3.77e-02)
avg. loss 8.86954978e-02
time taken for epoch 0:00:52.553665
Epoch 363
[363,     0] loss: 9.006694e-02 masks: 20.0 20.0 [wd: 3.36e-01] [lr: 2.07e-04] [mem: 5.67e+03] (162.7 ms)
[363,     0] grad_stats: [1.52e-03 8.27e-04] (2.49e-04, 2.13e-02)
[363,   116] loss: 8.799927e-02 masks: 21.8 17.7 [wd: 3.37e-01] [lr: 2.06e-04] [mem: 5.67e+03] (169.4 ms)
[363,   116] grad_stats: [3.48e-03 1.51e-03] (2.79e-04, 4.69e-02)
[363,   232] loss: 8.819986e-02 masks: 21.7 17.6 [wd: 3.37e-01] [lr: 2.04e-04] [mem: 5.67e+03] (169.4 ms)
[363,   232] grad_stats: [1.63e-03 1.44e-03] (2.74e-04, 3.12e-02)
avg. loss 8.81998594e-02
time taken for epoch 0:00:52.984711
Epoch 364
[364,     0] loss: 7.709350e-02 masks: 26.0 16.0 [wd: 3.37e-01] [lr: 2.04e-04] [mem: 5.67e+03] (178.4 ms)
[364,     0] grad_stats: [2.57e-03 8.46e-04] (2.31e-04, 3.12e-02)
[364,   116] loss: 8.812514e-02 masks: 21.6 17.6 [wd: 3.38e-01] [lr: 2.03e-04] [mem: 5.67e+03] (168.8 ms)
[364,   116] grad_stats: [1.31e-03 1.03e-03] (2.93e-04, 2.50e-02)
[364,   232] loss: 8.864009e-02 masks: 21.6 17.5 [wd: 3.38e-01] [lr: 2.01e-04] [mem: 5.67e+03] (168.9 ms)
[364,   232] grad_stats: [1.27e-03 9.56e-04] (2.75e-04, 2.85e-02)
avg. loss 8.86400944e-02
time taken for epoch 0:00:52.809041
Epoch 365
[365,     0] loss: 7.378612e-02 masks: 35.0 12.0 [wd: 3.38e-01] [lr: 2.01e-04] [mem: 5.67e+03] (194.1 ms)
[365,     0] grad_stats: [1.57e-03 6.39e-04] (2.43e-04, 2.44e-02)
[365,   116] loss: 8.845439e-02 masks: 22.2 17.3 [wd: 3.39e-01] [lr: 2.00e-04] [mem: 5.67e+03] (169.9 ms)
[365,   116] grad_stats: [1.63e-03 8.31e-04] (2.45e-04, 2.14e-02)
[365,   232] loss: 8.871429e-02 masks: 21.7 17.3 [wd: 3.39e-01] [lr: 1.99e-04] [mem: 5.67e+03] (169.2 ms)
[365,   232] grad_stats: [1.08e-03 1.17e-03] (3.09e-04, 1.90e-02)
avg. loss 8.87142919e-02
time taken for epoch 0:00:52.798798
Epoch 366
[366,     0] loss: 9.084478e-02 masks: 16.0 20.0 [wd: 3.39e-01] [lr: 1.99e-04] [mem: 5.67e+03] (154.2 ms)
[366,     0] grad_stats: [1.33e-03 1.01e-03] (2.70e-04, 6.00e-02)
[366,   116] loss: 8.762991e-02 masks: 22.4 17.3 [wd: 3.39e-01] [lr: 1.97e-04] [mem: 5.67e+03] (170.6 ms)
[366,   116] grad_stats: [2.42e-03 1.30e-03] (3.02e-04, 3.55e-02)
[366,   232] loss: 8.751524e-02 masks: 22.4 17.3 [wd: 3.40e-01] [lr: 1.96e-04] [mem: 5.67e+03] (171.0 ms)
[366,   232] grad_stats: [1.72e-03 1.30e-03] (2.81e-04, 3.54e-02)
avg. loss 8.75152413e-02
time taken for epoch 0:00:53.324525
Epoch 367
[367,     0] loss: 9.808933e-02 masks: 18.0 20.0 [wd: 3.40e-01] [lr: 1.96e-04] [mem: 5.67e+03] (160.2 ms)
[367,     0] grad_stats: [1.56e-03 1.03e-03] (2.56e-04, 3.33e-02)
[367,   116] loss: 8.923282e-02 masks: 21.9 17.3 [wd: 3.40e-01] [lr: 1.95e-04] [mem: 5.67e+03] (169.3 ms)
[367,   116] grad_stats: [1.90e-03 8.23e-04] (2.38e-04, 2.32e-02)
[367,   232] loss: 8.863560e-02 masks: 21.8 17.4 [wd: 3.41e-01] [lr: 1.93e-04] [mem: 5.67e+03] (169.5 ms)
[367,   232] grad_stats: [1.35e-03 1.25e-03] (2.66e-04, 2.34e-02)
avg. loss 8.86355969e-02
time taken for epoch 0:00:52.939907
Epoch 368
[368,     0] loss: 6.829200e-02 masks: 21.0 20.0 [wd: 3.41e-01] [lr: 1.93e-04] [mem: 5.67e+03] (168.1 ms)
[368,     0] grad_stats: [1.60e-03 8.63e-04] (2.34e-04, 2.91e-02)
[368,   116] loss: 8.658823e-02 masks: 22.9 17.1 [wd: 3.41e-01] [lr: 1.92e-04] [mem: 5.67e+03] (171.7 ms)
[368,   116] grad_stats: [2.35e-03 8.27e-04] (2.58e-04, 2.23e-02)
[368,   232] loss: 8.695379e-02 masks: 22.7 17.0 [wd: 3.42e-01] [lr: 1.91e-04] [mem: 5.67e+03] (171.6 ms)
[368,   232] grad_stats: [1.64e-03 8.86e-04] (2.56e-04, 4.34e-02)
avg. loss 8.69537924e-02
time taken for epoch 0:00:53.539950
Epoch 369
[369,     0] loss: 8.170067e-02 masks: 23.0 16.0 [wd: 3.42e-01] [lr: 1.91e-04] [mem: 5.67e+03] (167.7 ms)
[369,     0] grad_stats: [2.36e-03 8.16e-04] (2.17e-04, 2.38e-02)
[369,   116] loss: 8.818362e-02 masks: 22.0 17.4 [wd: 3.42e-01] [lr: 1.89e-04] [mem: 5.67e+03] (169.7 ms)
[369,   116] grad_stats: [2.92e-03 1.17e-03] (2.77e-04, 2.52e-02)
[369,   232] loss: 8.830749e-02 masks: 22.1 17.4 [wd: 3.42e-01] [lr: 1.88e-04] [mem: 5.67e+03] (170.5 ms)
[369,   232] grad_stats: [1.40e-03 9.13e-04] (2.74e-04, 3.46e-02)
avg. loss 8.83074890e-02
time taken for epoch 0:00:53.031002
Epoch 370
[370,     0] loss: 9.325545e-02 masks: 21.0 16.0 [wd: 3.42e-01] [lr: 1.88e-04] [mem: 5.67e+03] (164.1 ms)
[370,     0] grad_stats: [1.87e-03 9.34e-04] (2.36e-04, 2.36e-02)
[370,   116] loss: 8.708190e-02 masks: 22.5 16.9 [wd: 3.43e-01] [lr: 1.87e-04] [mem: 5.67e+03] (170.6 ms)
[370,   116] grad_stats: [1.61e-03 1.34e-03] (2.96e-04, 1.84e-02)
[370,   232] loss: 8.758189e-02 masks: 22.3 17.1 [wd: 3.43e-01] [lr: 1.85e-04] [mem: 5.67e+03] (170.6 ms)
[370,   232] grad_stats: [1.10e-03 7.80e-04] (2.22e-04, 1.94e-02)
avg. loss 8.75818893e-02
time taken for epoch 0:00:53.174648
Epoch 371
[371,     0] loss: 1.129040e-01 masks: 14.0 20.0 [wd: 3.43e-01] [lr: 1.85e-04] [mem: 5.67e+03] (149.2 ms)
[371,     0] grad_stats: [1.49e-03 1.29e-03] (2.90e-04, 4.63e-02)
[371,   116] loss: 8.842845e-02 masks: 21.8 17.1 [wd: 3.44e-01] [lr: 1.84e-04] [mem: 5.67e+03] (168.6 ms)
[371,   116] grad_stats: [1.87e-03 1.11e-03] (2.76e-04, 2.67e-02)
[371,   232] loss: 8.833301e-02 masks: 21.9 17.2 [wd: 3.44e-01] [lr: 1.83e-04] [mem: 5.67e+03] (169.4 ms)
[371,   232] grad_stats: [1.30e-03 7.79e-04] (2.30e-04, 2.49e-02)
avg. loss 8.83330134e-02
time taken for epoch 0:00:53.027765
Epoch 372
[372,     0] loss: 8.498500e-02 masks: 24.0 16.0 [wd: 3.44e-01] [lr: 1.83e-04] [mem: 5.67e+03] (172.6 ms)
[372,     0] grad_stats: [1.06e-03 8.42e-04] (2.45e-04, 4.54e-02)
[372,   116] loss: 8.936797e-02 masks: 21.7 17.2 [wd: 3.44e-01] [lr: 1.81e-04] [mem: 5.67e+03] (168.4 ms)
[372,   116] grad_stats: [1.62e-03 1.01e-03] (2.79e-04, 1.64e-02)
[372,   232] loss: 8.921195e-02 masks: 21.8 17.3 [wd: 3.45e-01] [lr: 1.80e-04] [mem: 5.67e+03] (169.2 ms)
[372,   232] grad_stats: [3.97e-03 1.26e-03] (3.16e-04, 5.15e-02)
avg. loss 8.92119456e-02
time taken for epoch 0:00:52.871745
Epoch 373
[373,     0] loss: 1.054671e-01 masks: 12.0 20.0 [wd: 3.45e-01] [lr: 1.80e-04] [mem: 5.67e+03] (144.0 ms)
[373,     0] grad_stats: [2.86e-03 1.13e-03] (3.23e-04, 4.25e-02)
[373,   116] loss: 8.840113e-02 masks: 22.1 17.1 [wd: 3.45e-01] [lr: 1.79e-04] [mem: 5.67e+03] (169.4 ms)
[373,   116] grad_stats: [1.57e-03 1.97e-03] (3.46e-04, 1.99e-02)
[373,   232] loss: 8.768631e-02 masks: 22.4 16.9 [wd: 3.46e-01] [lr: 1.77e-04] [mem: 5.67e+03] (170.6 ms)
[373,   232] grad_stats: [3.14e-03 1.44e-03] (3.08e-04, 5.81e-02)
avg. loss 8.76863085e-02
time taken for epoch 0:00:53.062378
Epoch 374
[374,     0] loss: 8.053109e-02 masks: 28.0 16.0 [wd: 3.46e-01] [lr: 1.77e-04] [mem: 5.67e+03] (185.0 ms)
[374,     0] grad_stats: [1.86e-03 1.27e-03] (2.47e-04, 6.84e-02)
[374,   116] loss: 8.946682e-02 masks: 21.1 17.4 [wd: 3.46e-01] [lr: 1.76e-04] [mem: 5.67e+03] (167.2 ms)
[374,   116] grad_stats: [1.66e-03 1.15e-03] (3.21e-04, 5.23e-02)
[374,   232] loss: 8.939556e-02 masks: 21.1 17.5 [wd: 3.46e-01] [lr: 1.75e-04] [mem: 5.67e+03] (167.8 ms)
[374,   232] grad_stats: [1.09e-03 1.08e-03] (2.90e-04, 4.90e-02)
avg. loss 8.93955586e-02
time taken for epoch 0:00:52.595018
Epoch 375
[375,     0] loss: 9.251350e-02 masks: 23.0 16.0 [wd: 3.46e-01] [lr: 1.75e-04] [mem: 5.67e+03] (169.2 ms)
[375,     0] grad_stats: [1.46e-03 8.79e-04] (3.06e-04, 5.27e-02)
[375,   116] loss: 8.671094e-02 masks: 23.1 16.7 [wd: 3.47e-01] [lr: 1.74e-04] [mem: 5.67e+03] (171.7 ms)
[375,   116] grad_stats: [1.65e-03 1.02e-03] (2.62e-04, 6.95e-02)
[375,   232] loss: 8.729734e-02 masks: 23.0 16.7 [wd: 3.47e-01] [lr: 1.72e-04] [mem: 5.67e+03] (171.9 ms)
[375,   232] grad_stats: [1.96e-03 8.61e-04] (2.51e-04, 2.34e-02)
avg. loss 8.72973423e-02
time taken for epoch 0:00:53.492366
Epoch 376
[376,     0] loss: 9.444553e-02 masks: 23.0 16.0 [wd: 3.47e-01] [lr: 1.72e-04] [mem: 5.67e+03] (168.3 ms)
[376,     0] grad_stats: [1.37e-03 1.85e-03] (3.33e-04, 4.18e-02)
[376,   116] loss: 8.761547e-02 masks: 22.7 17.0 [wd: 3.48e-01] [lr: 1.71e-04] [mem: 5.67e+03] (171.3 ms)
[376,   116] grad_stats: [1.91e-03 8.62e-04] (2.81e-04, 2.29e-02)
[376,   232] loss: 8.882115e-02 masks: 22.0 17.2 [wd: 3.48e-01] [lr: 1.70e-04] [mem: 5.67e+03] (169.9 ms)
[376,   232] grad_stats: [1.33e-03 1.06e-03] (2.74e-04, 7.47e-02)
avg. loss 8.88211464e-02
time taken for epoch 0:00:53.024281
Epoch 377
[377,     0] loss: 9.005674e-02 masks: 21.0 16.0 [wd: 3.48e-01] [lr: 1.70e-04] [mem: 5.67e+03] (163.4 ms)
[377,     0] grad_stats: [1.76e-03 1.24e-03] (2.77e-04, 1.44e-02)
[377,   116] loss: 8.637412e-02 masks: 23.3 16.7 [wd: 3.48e-01] [lr: 1.68e-04] [mem: 5.67e+03] (172.3 ms)
[377,   116] grad_stats: [1.16e-03 1.05e-03] (3.18e-04, 3.56e-02)
[377,   232] loss: 8.774505e-02 masks: 22.5 17.1 [wd: 3.49e-01] [lr: 1.67e-04] [mem: 5.67e+03] (170.9 ms)
[377,   232] grad_stats: [1.90e-03 1.27e-03] (3.52e-04, 4.00e-02)
avg. loss 8.77450525e-02
time taken for epoch 0:00:53.317542
Epoch 378
[378,     0] loss: 1.022718e-01 masks: 14.0 20.0 [wd: 3.49e-01] [lr: 1.67e-04] [mem: 5.67e+03] (147.4 ms)
[378,     0] grad_stats: [2.10e-03 1.14e-03] (2.68e-04, 2.25e-02)
[378,   116] loss: 8.770764e-02 masks: 22.1 17.2 [wd: 3.49e-01] [lr: 1.66e-04] [mem: 5.67e+03] (169.6 ms)
[378,   116] grad_stats: [2.42e-03 1.21e-03] (3.46e-04, 6.39e-02)
[378,   232] loss: 8.856395e-02 masks: 21.8 17.2 [wd: 3.50e-01] [lr: 1.65e-04] [mem: 5.67e+03] (169.4 ms)
[378,   232] grad_stats: [1.31e-03 9.75e-04] (2.90e-04, 3.24e-02)
avg. loss 8.85639479e-02
time taken for epoch 0:00:52.912597
Epoch 379
[379,     0] loss: 9.992460e-02 masks: 17.0 16.0 [wd: 3.50e-01] [lr: 1.65e-04] [mem: 5.67e+03] (153.2 ms)
[379,     0] grad_stats: [1.22e-03 1.64e-03] (3.09e-04, 3.83e-02)
[379,   116] loss: 8.729321e-02 masks: 22.4 17.2 [wd: 3.50e-01] [lr: 1.63e-04] [mem: 5.67e+03] (170.5 ms)
[379,   116] grad_stats: [1.39e-03 1.28e-03] (2.92e-04, 2.94e-02)
[379,   232] loss: 8.728010e-02 masks: 22.5 17.1 [wd: 3.50e-01] [lr: 1.62e-04] [mem: 5.67e+03] (171.0 ms)
[379,   232] grad_stats: [2.30e-03 1.19e-03] (3.23e-04, 3.88e-02)
avg. loss 8.72801003e-02
time taken for epoch 0:00:53.323526
Epoch 380
[380,     0] loss: 1.003955e-01 masks: 17.0 16.0 [wd: 3.50e-01] [lr: 1.62e-04] [mem: 5.67e+03] (153.8 ms)
[380,     0] grad_stats: [2.12e-03 1.28e-03] (3.68e-04, 2.56e-02)
[380,   116] loss: 8.734206e-02 masks: 22.8 16.7 [wd: 3.51e-01] [lr: 1.61e-04] [mem: 5.67e+03] (170.9 ms)
[380,   116] grad_stats: [2.14e-03 1.40e-03] (3.63e-04, 2.23e-02)
[380,   232] loss: 8.766791e-02 masks: 22.6 16.9 [wd: 3.51e-01] [lr: 1.60e-04] [mem: 5.67e+03] (171.1 ms)
[380,   232] grad_stats: [1.68e-03 1.39e-03] (3.46e-04, 2.35e-02)
avg. loss 8.76679110e-02
time taken for epoch 0:00:53.357121
Epoch 381
[381,     0] loss: 6.959202e-02 masks: 36.0 12.0 [wd: 3.51e-01] [lr: 1.60e-04] [mem: 5.67e+03] (200.7 ms)
[381,     0] grad_stats: [2.27e-03 9.21e-04] (2.98e-04, 3.39e-02)
[381,   116] loss: 9.007356e-02 masks: 21.2 17.5 [wd: 3.52e-01] [lr: 1.58e-04] [mem: 5.67e+03] (167.2 ms)
[381,   116] grad_stats: [2.46e-03 1.08e-03] (2.59e-04, 4.82e-02)
[381,   232] loss: 8.948155e-02 masks: 21.5 17.4 [wd: 3.52e-01] [lr: 1.57e-04] [mem: 5.67e+03] (168.4 ms)
[381,   232] grad_stats: [1.13e-03 8.95e-04] (2.51e-04, 3.35e-02)
avg. loss 8.94815534e-02
time taken for epoch 0:00:52.762375
Epoch 382
[382,     0] loss: 8.776547e-02 masks: 23.0 20.0 [wd: 3.52e-01] [lr: 1.57e-04] [mem: 5.67e+03] (172.7 ms)
[382,     0] grad_stats: [1.66e-03 8.37e-04] (2.62e-04, 3.77e-02)
[382,   116] loss: 8.746829e-02 masks: 22.5 16.9 [wd: 3.52e-01] [lr: 1.56e-04] [mem: 5.67e+03] (170.2 ms)
[382,   116] grad_stats: [1.37e-03 8.04e-04] (2.58e-04, 2.67e-02)
[382,   232] loss: 8.832295e-02 masks: 22.0 17.2 [wd: 3.53e-01] [lr: 1.55e-04] [mem: 5.67e+03] (169.6 ms)
[382,   232] grad_stats: [1.46e-03 1.22e-03] (4.47e-04, 3.08e-02)
avg. loss 8.83229520e-02
time taken for epoch 0:00:52.983601
Epoch 383
[383,     0] loss: 7.896148e-02 masks: 33.0 12.0 [wd: 3.53e-01] [lr: 1.55e-04] [mem: 5.67e+03] (191.4 ms)
[383,     0] grad_stats: [1.43e-03 8.99e-04] (2.56e-04, 2.98e-02)
[383,   116] loss: 8.909504e-02 masks: 22.0 17.5 [wd: 3.53e-01] [lr: 1.53e-04] [mem: 5.67e+03] (169.7 ms)
[383,   116] grad_stats: [2.00e-03 9.92e-04] (2.84e-04, 2.23e-02)
[383,   232] loss: 8.826767e-02 masks: 22.3 17.2 [wd: 3.54e-01] [lr: 1.52e-04] [mem: 5.67e+03] (170.4 ms)
[383,   232] grad_stats: [2.24e-03 2.28e-03] (3.89e-04, 2.69e-02)
avg. loss 8.82676698e-02
time taken for epoch 0:00:53.166329
Epoch 384
[384,     0] loss: 7.323750e-02 masks: 29.0 16.0 [wd: 3.54e-01] [lr: 1.52e-04] [mem: 5.67e+03] (185.9 ms)
[384,     0] grad_stats: [2.50e-03 7.08e-04] (2.43e-04, 5.92e-02)
[384,   116] loss: 8.827440e-02 masks: 22.0 17.1 [wd: 3.54e-01] [lr: 1.51e-04] [mem: 5.67e+03] (169.0 ms)
[384,   116] grad_stats: [1.61e-03 1.51e-03] (3.50e-04, 2.69e-02)
[384,   232] loss: 8.842025e-02 masks: 22.2 17.1 [wd: 3.54e-01] [lr: 1.50e-04] [mem: 5.67e+03] (170.1 ms)
[384,   232] grad_stats: [1.15e-03 9.75e-04] (3.23e-04, 1.69e-02)
avg. loss 8.84202529e-02
time taken for epoch 0:00:53.192668
Epoch 385
[385,     0] loss: 9.198619e-02 masks: 21.0 16.0 [wd: 3.54e-01] [lr: 1.50e-04] [mem: 5.67e+03] (164.7 ms)
[385,     0] grad_stats: [1.06e-03 1.18e-03] (3.18e-04, 2.48e-02)
[385,   116] loss: 8.976964e-02 masks: 21.1 17.8 [wd: 3.55e-01] [lr: 1.49e-04] [mem: 5.67e+03] (167.5 ms)
[385,   116] grad_stats: [1.07e-03 1.34e-03] (3.62e-04, 4.35e-02)
[385,   232] loss: 8.950064e-02 masks: 21.4 17.6 [wd: 3.55e-01] [lr: 1.47e-04] [mem: 5.67e+03] (168.3 ms)
[385,   232] grad_stats: [1.52e-03 1.12e-03] (2.72e-04, 3.66e-02)
avg. loss 8.95006390e-02
time taken for epoch 0:00:52.755575
Epoch 386
[386,     0] loss: 7.951119e-02 masks: 25.0 16.0 [wd: 3.55e-01] [lr: 1.47e-04] [mem: 5.67e+03] (174.2 ms)
[386,     0] grad_stats: [1.75e-03 1.12e-03] (2.82e-04, 2.66e-02)
[386,   116] loss: 8.878024e-02 masks: 22.0 17.3 [wd: 3.55e-01] [lr: 1.46e-04] [mem: 5.67e+03] (169.5 ms)
[386,   116] grad_stats: [2.56e-03 1.39e-03] (3.57e-04, 1.02e-01)
[386,   232] loss: 8.823743e-02 masks: 22.4 17.3 [wd: 3.56e-01] [lr: 1.45e-04] [mem: 5.67e+03] (171.0 ms)
[386,   232] grad_stats: [1.60e-03 8.82e-04] (3.18e-04, 3.10e-02)
avg. loss 8.82374276e-02
time taken for epoch 0:00:53.383737
Epoch 387
[387,     0] loss: 9.646865e-02 masks: 20.0 16.0 [wd: 3.56e-01] [lr: 1.45e-04] [mem: 5.67e+03] (163.0 ms)
[387,     0] grad_stats: [1.46e-03 1.07e-03] (3.25e-04, 1.81e-02)
[387,   116] loss: 8.864263e-02 masks: 21.7 17.5 [wd: 3.56e-01] [lr: 1.44e-04] [mem: 5.67e+03] (168.7 ms)
[387,   116] grad_stats: [1.83e-03 1.14e-03] (3.15e-04, 6.19e-02)
[387,   232] loss: 8.897877e-02 masks: 21.5 17.5 [wd: 3.57e-01] [lr: 1.43e-04] [mem: 5.67e+03] (168.5 ms)
[387,   232] grad_stats: [2.34e-03 1.42e-03] (3.30e-04, 2.20e-02)
avg. loss 8.89787690e-02
time taken for epoch 0:00:52.808145
Epoch 388
[388,     0] loss: 1.091580e-01 masks: 12.0 20.0 [wd: 3.57e-01] [lr: 1.42e-04] [mem: 5.67e+03] (143.4 ms)
[388,     0] grad_stats: [1.60e-03 1.90e-03] (4.38e-04, 2.86e-02)
[388,   116] loss: 9.044662e-02 masks: 21.0 17.4 [wd: 3.57e-01] [lr: 1.41e-04] [mem: 5.67e+03] (166.7 ms)
[388,   116] grad_stats: [2.51e-03 1.36e-03] (3.57e-04, 5.20e-02)
[388,   232] loss: 8.924296e-02 masks: 21.5 17.4 [wd: 3.57e-01] [lr: 1.40e-04] [mem: 5.67e+03] (168.5 ms)
[388,   232] grad_stats: [1.16e-03 1.43e-03] (3.31e-04, 3.72e-02)
avg. loss 8.92429564e-02
time taken for epoch 0:00:52.721742
Epoch 389
[389,     0] loss: 7.809129e-02 masks: 23.0 16.0 [wd: 3.57e-01] [lr: 1.40e-04] [mem: 5.67e+03] (166.0 ms)
[389,     0] grad_stats: [2.20e-03 1.01e-03] (2.82e-04, 2.28e-02)
[389,   116] loss: 8.845594e-02 masks: 21.7 17.3 [wd: 3.58e-01] [lr: 1.39e-04] [mem: 5.67e+03] (168.5 ms)
[389,   116] grad_stats: [1.34e-03 1.40e-03] (3.46e-04, 2.33e-02)
[389,   232] loss: 8.855669e-02 masks: 22.0 17.3 [wd: 3.58e-01] [lr: 1.38e-04] [mem: 5.67e+03] (169.7 ms)
[389,   232] grad_stats: [1.59e-03 8.01e-04] (2.44e-04, 1.46e-02)
avg. loss 8.85566928e-02
time taken for epoch 0:00:52.810029
Epoch 390
[390,     0] loss: 8.191977e-02 masks: 20.0 20.0 [wd: 3.58e-01] [lr: 1.38e-04] [mem: 5.67e+03] (165.1 ms)
[390,     0] grad_stats: [2.08e-03 9.45e-04] (2.93e-04, 1.92e-02)
[390,   116] loss: 8.874286e-02 masks: 22.1 17.2 [wd: 3.58e-01] [lr: 1.37e-04] [mem: 5.67e+03] (169.5 ms)
[390,   116] grad_stats: [2.88e-03 1.01e-03] (3.00e-04, 5.12e-02)
[390,   232] loss: 8.803133e-02 masks: 22.5 17.0 [wd: 3.59e-01] [lr: 1.35e-04] [mem: 5.67e+03] (170.7 ms)
[390,   232] grad_stats: [1.39e-03 1.23e-03] (3.47e-04, 2.29e-02)
avg. loss 8.80313345e-02
time taken for epoch 0:00:53.275054
Epoch 391
[391,     0] loss: 7.508454e-02 masks: 35.0 12.0 [wd: 3.59e-01] [lr: 1.35e-04] [mem: 5.67e+03] (196.3 ms)
[391,     0] grad_stats: [2.06e-03 7.94e-04] (3.09e-04, 5.41e-02)
[391,   116] loss: 8.957929e-02 masks: 21.6 17.4 [wd: 3.59e-01] [lr: 1.34e-04] [mem: 5.67e+03] (168.4 ms)
[391,   116] grad_stats: [1.02e-03 1.37e-03] (3.42e-04, 1.75e-02)
[391,   232] loss: 8.898096e-02 masks: 21.9 17.4 [wd: 3.59e-01] [lr: 1.33e-04] [mem: 5.67e+03] (169.4 ms)
[391,   232] grad_stats: [1.25e-03 1.07e-03] (2.87e-04, 2.29e-02)
avg. loss 8.89809571e-02
time taken for epoch 0:00:52.962048
Epoch 392
[392,     0] loss: 8.436434e-02 masks: 27.0 16.0 [wd: 3.59e-01] [lr: 1.33e-04] [mem: 5.67e+03] (180.7 ms)
[392,     0] grad_stats: [2.38e-03 1.10e-03] (3.43e-04, 2.12e-02)
[392,   116] loss: 8.843947e-02 masks: 22.3 17.2 [wd: 3.60e-01] [lr: 1.32e-04] [mem: 5.67e+03] (170.3 ms)
[392,   116] grad_stats: [2.10e-03 1.12e-03] (3.37e-04, 4.29e-02)
[392,   232] loss: 8.862641e-02 masks: 22.3 17.3 [wd: 3.60e-01] [lr: 1.31e-04] [mem: 5.67e+03] (170.6 ms)
[392,   232] grad_stats: [2.07e-03 1.48e-03] (4.38e-04, 2.56e-02)
avg. loss 8.86264103e-02
time taken for epoch 0:00:53.231082
Epoch 393
[393,     0] loss: 8.804393e-02 masks: 21.0 16.0 [wd: 3.60e-01] [lr: 1.31e-04] [mem: 5.67e+03] (164.7 ms)
[393,     0] grad_stats: [1.19e-03 1.62e-03] (3.58e-04, 2.46e-02)
[393,   116] loss: 8.932963e-02 masks: 21.6 17.4 [wd: 3.60e-01] [lr: 1.30e-04] [mem: 5.67e+03] (168.7 ms)
[393,   116] grad_stats: [1.88e-03 1.38e-03] (3.68e-04, 5.55e-02)
[393,   232] loss: 8.931661e-02 masks: 21.6 17.5 [wd: 3.61e-01] [lr: 1.29e-04] [mem: 5.67e+03] (168.9 ms)
[393,   232] grad_stats: [1.70e-03 1.55e-03] (3.77e-04, 2.15e-02)
avg. loss 8.93166100e-02
time taken for epoch 0:00:52.852842
Epoch 394
[394,     0] loss: 8.083037e-02 masks: 23.0 16.0 [wd: 3.61e-01] [lr: 1.29e-04] [mem: 5.67e+03] (167.2 ms)
[394,     0] grad_stats: [1.97e-03 1.25e-03] (3.42e-04, 7.29e-02)
[394,   116] loss: 9.013476e-02 masks: 21.3 17.5 [wd: 3.61e-01] [lr: 1.27e-04] [mem: 5.67e+03] (167.4 ms)
[394,   116] grad_stats: [9.34e-04 8.88e-04] (2.76e-04, 2.56e-02)
[394,   232] loss: 8.942066e-02 masks: 21.7 17.2 [wd: 3.62e-01] [lr: 1.26e-04] [mem: 5.67e+03] (168.6 ms)
[394,   232] grad_stats: [1.55e-03 1.36e-03] (3.51e-04, 3.69e-02)
avg. loss 8.94206631e-02
time taken for epoch 0:00:52.756862
Epoch 395
[395,     0] loss: 9.226068e-02 masks: 21.0 16.0 [wd: 3.62e-01] [lr: 1.26e-04] [mem: 5.67e+03] (163.9 ms)
[395,     0] grad_stats: [1.46e-03 1.54e-03] (4.84e-04, 2.79e-02)
[395,   116] loss: 9.012380e-02 masks: 20.8 17.7 [wd: 3.62e-01] [lr: 1.25e-04] [mem: 5.67e+03] (166.5 ms)
[395,   116] grad_stats: [1.12e-03 1.56e-03] (4.27e-04, 2.66e-02)
[395,   232] loss: 8.955711e-02 masks: 21.6 17.4 [wd: 3.62e-01] [lr: 1.24e-04] [mem: 5.67e+03] (168.7 ms)
[395,   232] grad_stats: [1.68e-03 2.08e-03] (4.41e-04, 8.98e-02)
avg. loss 8.95571074e-02
time taken for epoch 0:00:52.772318
Epoch 396
[396,     0] loss: 1.052174e-01 masks: 14.0 20.0 [wd: 3.62e-01] [lr: 1.24e-04] [mem: 5.67e+03] (147.4 ms)
[396,     0] grad_stats: [1.25e-03 1.29e-03] (4.05e-04, 2.43e-02)
[396,   116] loss: 8.884650e-02 masks: 22.7 16.9 [wd: 3.63e-01] [lr: 1.23e-04] [mem: 5.67e+03] (170.8 ms)
[396,   116] grad_stats: [1.49e-03 1.43e-03] (3.39e-04, 2.88e-02)
[396,   232] loss: 8.857119e-02 masks: 22.4 17.1 [wd: 3.63e-01] [lr: 1.22e-04] [mem: 5.67e+03] (170.8 ms)
[396,   232] grad_stats: [2.83e-03 9.30e-04] (3.00e-04, 2.82e-02)
avg. loss 8.85711945e-02
time taken for epoch 0:00:53.213443
Epoch 397
[397,     0] loss: 9.106324e-02 masks: 17.0 16.0 [wd: 3.63e-01] [lr: 1.22e-04] [mem: 5.67e+03] (153.7 ms)
[397,     0] grad_stats: [4.99e-03 1.72e-03] (4.61e-04, 2.30e-02)
[397,   116] loss: 8.961837e-02 masks: 21.5 17.4 [wd: 3.63e-01] [lr: 1.21e-04] [mem: 5.67e+03] (168.0 ms)
[397,   116] grad_stats: [2.68e-03 1.54e-03] (3.97e-04, 3.28e-02)
[397,   232] loss: 8.920104e-02 masks: 21.9 17.2 [wd: 3.64e-01] [lr: 1.20e-04] [mem: 5.67e+03] (169.5 ms)
[397,   232] grad_stats: [2.26e-03 1.68e-03] (4.37e-04, 3.08e-02)
avg. loss 8.92010379e-02
time taken for epoch 0:00:52.831082
Epoch 398
[398,     0] loss: 9.299549e-02 masks: 20.0 16.0 [wd: 3.64e-01] [lr: 1.20e-04] [mem: 5.67e+03] (162.4 ms)
[398,     0] grad_stats: [1.71e-03 1.37e-03] (3.94e-04, 3.55e-02)
[398,   116] loss: 8.902813e-02 masks: 21.4 17.4 [wd: 3.64e-01] [lr: 1.18e-04] [mem: 5.67e+03] (167.8 ms)
[398,   116] grad_stats: [1.06e-03 9.15e-04] (2.84e-04, 3.66e-02)
[398,   232] loss: 9.016131e-02 masks: 21.2 17.5 [wd: 3.64e-01] [lr: 1.17e-04] [mem: 5.67e+03] (167.8 ms)
[398,   232] grad_stats: [1.39e-03 1.07e-03] (3.65e-04, 3.55e-02)
avg. loss 9.01613112e-02
time taken for epoch 0:00:52.690822
Epoch 399
[399,     0] loss: 8.595316e-02 masks: 20.0 16.0 [wd: 3.64e-01] [lr: 1.17e-04] [mem: 5.67e+03] (160.2 ms)
[399,     0] grad_stats: [1.55e-03 1.42e-03] (4.12e-04, 2.28e-02)
[399,   116] loss: 8.938045e-02 masks: 21.8 17.1 [wd: 3.65e-01] [lr: 1.16e-04] [mem: 5.67e+03] (168.4 ms)
[399,   116] grad_stats: [1.74e-03 1.02e-03] (3.12e-04, 3.15e-02)
[399,   232] loss: 8.891814e-02 masks: 21.9 17.2 [wd: 3.65e-01] [lr: 1.15e-04] [mem: 5.67e+03] (169.3 ms)
[399,   232] grad_stats: [1.30e-03 1.17e-03] (3.59e-04, 3.57e-02)
avg. loss 8.89181369e-02
time taken for epoch 0:00:53.606489
Epoch 400
[400,     0] loss: 8.684200e-02 masks: 21.0 16.0 [wd: 3.65e-01] [lr: 1.15e-04] [mem: 5.67e+03] (164.3 ms)
[400,     0] grad_stats: [1.58e-03 1.72e-03] (3.88e-04, 2.34e-02)
[400,   116] loss: 9.080413e-02 masks: 20.6 17.8 [wd: 3.65e-01] [lr: 1.14e-04] [mem: 5.67e+03] (166.1 ms)
[400,   116] grad_stats: [2.62e-03 1.96e-03] (4.00e-04, 4.19e-02)
[400,   232] loss: 8.955706e-02 masks: 21.6 17.4 [wd: 3.66e-01] [lr: 1.13e-04] [mem: 5.67e+03] (169.0 ms)
[400,   232] grad_stats: [1.37e-03 1.26e-03] (3.40e-04, 1.77e-02)
avg. loss 8.95570637e-02
	Epoch 400, KNN accuracy train: 7.39557e-01, KNN accuracy train: 6.16667e-01
time taken for epoch 0:01:34.792463
Epoch 401
[401,     0] loss: 9.288479e-02 masks: 17.0 20.0 [wd: 3.66e-01] [lr: 1.13e-04] [mem: 5.67e+03] (156.9 ms)
[401,     0] grad_stats: [1.73e-03 9.37e-04] (3.11e-04, 1.99e-02)
[401,   116] loss: 9.120940e-02 masks: 20.6 17.9 [wd: 3.66e-01] [lr: 1.12e-04] [mem: 5.67e+03] (165.4 ms)
[401,   116] grad_stats: [1.35e-03 1.03e-03] (3.49e-04, 4.02e-02)
[401,   232] loss: 9.071589e-02 masks: 21.0 17.7 [wd: 3.66e-01] [lr: 1.11e-04] [mem: 5.67e+03] (166.9 ms)
[401,   232] grad_stats: [1.42e-03 1.44e-03] (3.91e-04, 2.87e-02)
avg. loss 9.07158886e-02
time taken for epoch 0:00:52.260489
Epoch 402
[402,     0] loss: 7.570741e-02 masks: 23.0 16.0 [wd: 3.66e-01] [lr: 1.11e-04] [mem: 5.67e+03] (167.1 ms)
[402,     0] grad_stats: [1.40e-03 1.25e-03] (3.55e-04, 1.72e-02)
[402,   116] loss: 9.085055e-02 masks: 20.8 17.6 [wd: 3.67e-01] [lr: 1.10e-04] [mem: 5.67e+03] (166.2 ms)
[402,   116] grad_stats: [2.72e-03 1.41e-03] (3.62e-04, 3.80e-02)
[402,   232] loss: 8.931533e-02 masks: 21.9 17.3 [wd: 3.67e-01] [lr: 1.09e-04] [mem: 5.67e+03] (169.2 ms)
[402,   232] grad_stats: [1.53e-03 1.47e-03] (3.76e-04, 1.76e-02)
avg. loss 8.93153257e-02
time taken for epoch 0:00:52.871426
Epoch 403
[403,     0] loss: 8.026250e-02 masks: 24.0 16.0 [wd: 3.67e-01] [lr: 1.09e-04] [mem: 5.67e+03] (170.3 ms)
[403,     0] grad_stats: [1.09e-03 1.09e-03] (3.40e-04, 5.79e-02)
[403,   116] loss: 8.991731e-02 masks: 21.2 17.7 [wd: 3.67e-01] [lr: 1.08e-04] [mem: 5.67e+03] (167.5 ms)
[403,   116] grad_stats: [1.72e-03 9.75e-04] (3.29e-04, 3.12e-02)
[403,   232] loss: 8.890026e-02 masks: 22.2 17.3 [wd: 3.68e-01] [lr: 1.07e-04] [mem: 5.67e+03] (170.2 ms)
[403,   232] grad_stats: [2.28e-03 1.33e-03] (4.03e-04, 4.95e-02)
avg. loss 8.89002592e-02
time taken for epoch 0:00:53.021996
Epoch 404
[404,     0] loss: 9.713774e-02 masks: 16.0 20.0 [wd: 3.68e-01] [lr: 1.07e-04] [mem: 5.67e+03] (154.5 ms)
[404,     0] grad_stats: [1.22e-03 1.08e-03] (3.12e-04, 2.08e-02)
[404,   116] loss: 8.891447e-02 masks: 21.9 17.5 [wd: 3.68e-01] [lr: 1.06e-04] [mem: 5.67e+03] (169.4 ms)
[404,   116] grad_stats: [1.09e-03 1.16e-03] (4.02e-04, 2.82e-02)
[404,   232] loss: 8.931220e-02 masks: 21.9 17.4 [wd: 3.68e-01] [lr: 1.05e-04] [mem: 5.67e+03] (169.7 ms)
[404,   232] grad_stats: [1.38e-03 1.23e-03] (3.98e-04, 3.38e-02)
avg. loss 8.93122033e-02
time taken for epoch 0:00:52.950323
Epoch 405
[405,     0] loss: 9.101380e-02 masks: 18.0 20.0 [wd: 3.68e-01] [lr: 1.05e-04] [mem: 5.67e+03] (160.3 ms)
[405,     0] grad_stats: [1.30e-03 1.29e-03] (3.69e-04, 2.14e-02)
[405,   116] loss: 8.971884e-02 masks: 21.9 17.3 [wd: 3.69e-01] [lr: 1.04e-04] [mem: 5.67e+03] (168.9 ms)
[405,   116] grad_stats: [2.54e-03 1.21e-03] (3.46e-04, 4.57e-02)
[405,   232] loss: 8.897972e-02 masks: 22.1 17.3 [wd: 3.69e-01] [lr: 1.02e-04] [mem: 5.67e+03] (169.8 ms)
[405,   232] grad_stats: [1.38e-03 2.03e-03] (4.15e-04, 3.42e-02)
avg. loss 8.89797184e-02
time taken for epoch 0:00:53.127684
Epoch 406
[406,     0] loss: 8.521863e-02 masks: 21.0 16.0 [wd: 3.69e-01] [lr: 1.02e-04] [mem: 5.67e+03] (164.9 ms)
[406,     0] grad_stats: [1.37e-03 9.77e-04] (3.33e-04, 5.37e-02)
[406,   116] loss: 9.011527e-02 masks: 21.5 17.4 [wd: 3.69e-01] [lr: 1.01e-04] [mem: 5.67e+03] (168.3 ms)
[406,   116] grad_stats: [2.11e-03 7.77e-04] (2.97e-04, 3.02e-02)
[406,   232] loss: 9.001896e-02 masks: 21.7 17.4 [wd: 3.70e-01] [lr: 1.00e-04] [mem: 5.67e+03] (169.2 ms)
[406,   232] grad_stats: [3.18e-03 9.37e-04] (3.13e-04, 7.28e-02)
avg. loss 9.00189599e-02
time taken for epoch 0:00:52.960347
Epoch 407
[407,     0] loss: 8.852792e-02 masks: 20.0 20.0 [wd: 3.70e-01] [lr: 1.00e-04] [mem: 5.67e+03] (165.1 ms)
[407,     0] grad_stats: [1.70e-03 1.51e-03] (3.59e-04, 5.17e-02)
[407,   116] loss: 8.940511e-02 masks: 21.9 17.3 [wd: 3.70e-01] [lr: 9.94e-05] [mem: 5.67e+03] (169.0 ms)
[407,   116] grad_stats: [1.64e-03 1.76e-03] (3.97e-04, 3.62e-02)
[407,   232] loss: 8.864082e-02 masks: 22.3 17.3 [wd: 3.70e-01] [lr: 9.84e-05] [mem: 5.67e+03] (170.5 ms)
[407,   232] grad_stats: [1.54e-03 1.31e-03] (4.04e-04, 2.37e-02)
avg. loss 8.86408193e-02
time taken for epoch 0:00:53.275931
Epoch 408
[408,     0] loss: 7.385214e-02 masks: 36.0 12.0 [wd: 3.70e-01] [lr: 9.84e-05] [mem: 5.67e+03] (200.2 ms)
[408,     0] grad_stats: [1.59e-03 9.37e-04] (3.41e-04, 2.47e-02)
[408,   116] loss: 9.007083e-02 masks: 22.4 17.2 [wd: 3.70e-01] [lr: 9.74e-05] [mem: 5.67e+03] (170.2 ms)
[408,   116] grad_stats: [2.04e-03 1.34e-03] (3.87e-04, 1.97e-02)
[408,   232] loss: 8.924763e-02 masks: 22.3 17.1 [wd: 3.71e-01] [lr: 9.64e-05] [mem: 5.67e+03] (170.3 ms)
[408,   232] grad_stats: [1.37e-03 1.29e-03] (3.77e-04, 6.92e-02)
avg. loss 8.92476336e-02
time taken for epoch 0:00:53.187181
Epoch 409
[409,     0] loss: 8.526757e-02 masks: 29.0 16.0 [wd: 3.71e-01] [lr: 9.64e-05] [mem: 5.67e+03] (185.9 ms)
[409,     0] grad_stats: [2.81e-03 1.30e-03] (3.02e-04, 3.07e-02)
[409,   116] loss: 9.063154e-02 masks: 21.5 17.6 [wd: 3.71e-01] [lr: 9.54e-05] [mem: 5.67e+03] (168.3 ms)
[409,   116] grad_stats: [1.58e-03 1.91e-03] (4.75e-04, 3.53e-02)
[409,   232] loss: 9.034321e-02 masks: 21.3 17.7 [wd: 3.71e-01] [lr: 9.44e-05] [mem: 5.67e+03] (168.5 ms)
[409,   232] grad_stats: [1.90e-03 1.14e-03] (3.45e-04, 4.49e-02)
avg. loss 9.03432102e-02
time taken for epoch 0:00:52.678267
Epoch 410
[410,     0] loss: 9.647743e-02 masks: 25.0 16.0 [wd: 3.71e-01] [lr: 9.44e-05] [mem: 5.67e+03] (175.1 ms)
[410,     0] grad_stats: [1.11e-03 1.45e-03] (3.58e-04, 3.21e-02)
[410,   116] loss: 8.940552e-02 masks: 22.3 17.1 [wd: 3.72e-01] [lr: 9.34e-05] [mem: 5.67e+03] (169.9 ms)
[410,   116] grad_stats: [2.00e-03 1.21e-03] (3.93e-04, 2.91e-02)
[410,   232] loss: 8.959443e-02 masks: 22.3 17.2 [wd: 3.72e-01] [lr: 9.24e-05] [mem: 5.67e+03] (170.4 ms)
[410,   232] grad_stats: [4.75e-03 1.68e-03] (4.79e-04, 2.72e-02)
avg. loss 8.95944261e-02
time taken for epoch 0:00:53.229204
Epoch 411
[411,     0] loss: 7.653204e-02 masks: 24.0 16.0 [wd: 3.72e-01] [lr: 9.24e-05] [mem: 5.67e+03] (172.5 ms)
[411,     0] grad_stats: [2.67e-03 1.16e-03] (3.12e-04, 3.01e-02)
[411,   116] loss: 8.959624e-02 masks: 21.8 17.2 [wd: 3.72e-01] [lr: 9.14e-05] [mem: 5.67e+03] (168.8 ms)
[411,   116] grad_stats: [1.42e-03 1.27e-03] (3.96e-04, 1.88e-02)
[411,   232] loss: 8.936810e-02 masks: 22.3 17.2 [wd: 3.73e-01] [lr: 9.05e-05] [mem: 5.67e+03] (170.4 ms)
[411,   232] grad_stats: [1.36e-03 1.48e-03] (3.73e-04, 2.56e-02)
avg. loss 8.93680966e-02
time taken for epoch 0:00:53.147229
Epoch 412
[412,     0] loss: 8.370845e-02 masks: 26.0 16.0 [wd: 3.73e-01] [lr: 9.05e-05] [mem: 5.67e+03] (179.7 ms)
[412,     0] grad_stats: [1.18e-03 9.18e-04] (3.20e-04, 3.27e-02)
[412,   116] loss: 8.925151e-02 masks: 22.1 17.4 [wd: 3.73e-01] [lr: 8.95e-05] [mem: 5.67e+03] (169.8 ms)
[412,   116] grad_stats: [1.33e-03 1.29e-03] (3.83e-04, 1.96e-02)
[412,   232] loss: 8.925637e-02 masks: 22.0 17.3 [wd: 3.73e-01] [lr: 8.85e-05] [mem: 5.67e+03] (169.9 ms)
[412,   232] grad_stats: [2.54e-03 1.60e-03] (4.09e-04, 3.19e-02)
avg. loss 8.92563685e-02
time taken for epoch 0:00:53.116670
Epoch 413
[413,     0] loss: 1.020101e-01 masks: 17.0 16.0 [wd: 3.73e-01] [lr: 8.85e-05] [mem: 5.67e+03] (152.8 ms)
[413,     0] grad_stats: [2.50e-03 1.62e-03] (4.32e-04, 2.38e-02)
[413,   116] loss: 9.045053e-02 masks: 21.8 17.2 [wd: 3.73e-01] [lr: 8.76e-05] [mem: 5.75e+03] (168.5 ms)
[413,   116] grad_stats: [3.09e-03 1.47e-03] (4.53e-04, 4.21e-02)
[413,   232] loss: 8.973932e-02 masks: 22.0 17.2 [wd: 3.74e-01] [lr: 8.66e-05] [mem: 5.75e+03] (169.7 ms)
[413,   232] grad_stats: [2.86e-03 1.20e-03] (3.74e-04, 2.88e-02)
avg. loss 8.97393161e-02
time taken for epoch 0:00:53.011290
Epoch 414
[414,     0] loss: 1.075993e-01 masks: 17.0 20.0 [wd: 3.74e-01] [lr: 8.66e-05] [mem: 5.75e+03] (158.3 ms)
[414,     0] grad_stats: [2.34e-03 2.11e-03] (4.78e-04, 2.97e-02)
[414,   116] loss: 8.986475e-02 masks: 22.0 17.3 [wd: 3.74e-01] [lr: 8.57e-05] [mem: 5.75e+03] (169.3 ms)
[414,   116] grad_stats: [1.90e-03 2.20e-03] (5.03e-04, 3.84e-02)
[414,   232] loss: 9.056028e-02 masks: 21.8 17.3 [wd: 3.74e-01] [lr: 8.47e-05] [mem: 5.75e+03] (169.2 ms)
[414,   232] grad_stats: [1.15e-03 1.73e-03] (3.73e-04, 2.52e-02)
avg. loss 9.05602848e-02
time taken for epoch 0:00:52.880395
Epoch 415
[415,     0] loss: 9.110282e-02 masks: 29.0 16.0 [wd: 3.74e-01] [lr: 8.47e-05] [mem: 5.75e+03] (185.6 ms)
[415,     0] grad_stats: [1.58e-03 1.70e-03] (3.39e-04, 2.62e-02)
[415,   116] loss: 8.955636e-02 masks: 22.2 17.3 [wd: 3.75e-01] [lr: 8.38e-05] [mem: 5.75e+03] (170.0 ms)
[415,   116] grad_stats: [1.23e-03 1.55e-03] (3.80e-04, 1.59e-02)
[415,   232] loss: 8.953500e-02 masks: 22.2 17.2 [wd: 3.75e-01] [lr: 8.28e-05] [mem: 5.75e+03] (170.2 ms)
[415,   232] grad_stats: [8.00e-04 1.52e-03] (4.26e-04, 4.35e-02)
avg. loss 8.95349980e-02
time taken for epoch 0:00:53.060137
Epoch 416
[416,     0] loss: 8.404551e-02 masks: 20.0 16.0 [wd: 3.75e-01] [lr: 8.28e-05] [mem: 5.75e+03] (160.9 ms)
[416,     0] grad_stats: [2.22e-03 2.15e-03] (5.25e-04, 3.10e-02)
[416,   116] loss: 8.926254e-02 masks: 22.5 17.1 [wd: 3.75e-01] [lr: 8.19e-05] [mem: 5.75e+03] (170.4 ms)
[416,   116] grad_stats: [1.58e-03 1.46e-03] (4.50e-04, 5.79e-02)
[416,   232] loss: 8.985783e-02 masks: 22.0 17.1 [wd: 3.76e-01] [lr: 8.10e-05] [mem: 5.75e+03] (169.7 ms)
[416,   232] grad_stats: [1.84e-03 1.33e-03] (3.85e-04, 4.04e-02)
avg. loss 8.98578299e-02
time taken for epoch 0:00:52.998816
Epoch 417
[417,     0] loss: 9.672890e-02 masks: 16.0 20.0 [wd: 3.76e-01] [lr: 8.10e-05] [mem: 5.75e+03] (154.1 ms)
[417,     0] grad_stats: [1.87e-03 1.71e-03] (4.89e-04, 6.78e-02)
[417,   116] loss: 8.883156e-02 masks: 22.1 17.2 [wd: 3.76e-01] [lr: 8.00e-05] [mem: 5.75e+03] (169.5 ms)
[417,   116] grad_stats: [1.62e-03 1.00e-03] (4.04e-04, 8.06e-02)
[417,   232] loss: 8.968675e-02 masks: 22.0 17.2 [wd: 3.76e-01] [lr: 7.91e-05] [mem: 5.75e+03] (169.8 ms)
[417,   232] grad_stats: [1.38e-03 1.58e-03] (4.72e-04, 3.22e-02)
avg. loss 8.96867506e-02
time taken for epoch 0:00:53.022333
Epoch 418
[418,     0] loss: 8.449974e-02 masks: 26.0 16.0 [wd: 3.76e-01] [lr: 7.91e-05] [mem: 5.75e+03] (179.4 ms)
[418,     0] grad_stats: [8.85e-04 1.05e-03] (4.13e-04, 4.11e-02)
[418,   116] loss: 8.975387e-02 masks: 21.6 17.5 [wd: 3.76e-01] [lr: 7.82e-05] [mem: 5.75e+03] (168.5 ms)
[418,   116] grad_stats: [1.26e-03 1.77e-03] (4.22e-04, 2.01e-02)
[418,   232] loss: 9.068316e-02 masks: 21.3 17.6 [wd: 3.77e-01] [lr: 7.73e-05] [mem: 5.75e+03] (168.2 ms)
[418,   232] grad_stats: [2.16e-03 1.29e-03] (3.74e-04, 3.89e-02)
avg. loss 9.06831650e-02
time taken for epoch 0:00:52.632490
Epoch 419
[419,     0] loss: 1.078661e-01 masks: 11.0 20.0 [wd: 3.77e-01] [lr: 7.73e-05] [mem: 5.75e+03] (140.1 ms)
[419,     0] grad_stats: [2.69e-03 1.62e-03] (4.01e-04, 3.14e-02)
[419,   116] loss: 9.042003e-02 masks: 22.1 17.0 [wd: 3.77e-01] [lr: 7.64e-05] [mem: 5.75e+03] (169.0 ms)
[419,   116] grad_stats: [1.45e-03 2.16e-03] (4.41e-04, 2.45e-02)
[419,   232] loss: 8.995627e-02 masks: 22.1 17.1 [wd: 3.77e-01] [lr: 7.55e-05] [mem: 5.75e+03] (169.7 ms)
[419,   232] grad_stats: [1.47e-03 8.69e-04] (3.51e-04, 2.29e-02)
avg. loss 8.99562716e-02
time taken for epoch 0:00:53.016343
Epoch 420
[420,     0] loss: 8.751354e-02 masks: 25.0 16.0 [wd: 3.77e-01] [lr: 7.55e-05] [mem: 5.75e+03] (174.2 ms)
[420,     0] grad_stats: [1.25e-03 1.15e-03] (4.00e-04, 2.94e-02)
[420,   116] loss: 9.036315e-02 masks: 21.6 17.5 [wd: 3.77e-01] [lr: 7.46e-05] [mem: 5.75e+03] (168.6 ms)
[420,   116] grad_stats: [2.48e-03 9.93e-04] (3.49e-04, 2.43e-02)
[420,   232] loss: 9.075308e-02 masks: 21.3 17.6 [wd: 3.78e-01] [lr: 7.37e-05] [mem: 5.75e+03] (168.1 ms)
[420,   232] grad_stats: [1.24e-03 1.51e-03] (4.86e-04, 1.73e-02)
avg. loss 9.07530755e-02
time taken for epoch 0:00:52.538039
Epoch 421
[421,     0] loss: 9.218755e-02 masks: 17.0 16.0 [wd: 3.78e-01] [lr: 7.37e-05] [mem: 5.75e+03] (150.7 ms)
[421,     0] grad_stats: [1.97e-03 2.07e-03] (6.24e-04, 3.20e-02)
[421,   116] loss: 8.985281e-02 masks: 21.7 17.4 [wd: 3.78e-01] [lr: 7.28e-05] [mem: 5.75e+03] (168.7 ms)
[421,   116] grad_stats: [1.43e-03 1.64e-03] (4.32e-04, 3.89e-02)
[421,   232] loss: 9.048506e-02 masks: 21.6 17.4 [wd: 3.78e-01] [lr: 7.20e-05] [mem: 5.75e+03] (168.6 ms)
[421,   232] grad_stats: [1.54e-03 1.27e-03] (3.96e-04, 2.88e-02)
avg. loss 9.04850551e-02
time taken for epoch 0:00:52.771174
Epoch 422
[422,     0] loss: 8.872349e-02 masks: 20.0 20.0 [wd: 3.78e-01] [lr: 7.19e-05] [mem: 5.75e+03] (163.3 ms)
[422,     0] grad_stats: [1.11e-03 1.26e-03] (4.00e-04, 4.93e-02)
[422,   116] loss: 8.987076e-02 masks: 21.9 17.7 [wd: 3.79e-01] [lr: 7.11e-05] [mem: 5.75e+03] (169.3 ms)
[422,   116] grad_stats: [3.29e-03 9.93e-04] (3.62e-04, 4.05e-02)
[422,   232] loss: 8.992604e-02 masks: 21.6 17.7 [wd: 3.79e-01] [lr: 7.02e-05] [mem: 5.75e+03] (169.0 ms)
[422,   232] grad_stats: [1.57e-03 1.18e-03] (3.72e-04, 2.34e-02)
avg. loss 8.99260359e-02
time taken for epoch 0:00:52.859682
Epoch 423
[423,     0] loss: 7.828058e-02 masks: 33.0 12.0 [wd: 3.79e-01] [lr: 7.02e-05] [mem: 5.75e+03] (190.9 ms)
[423,     0] grad_stats: [9.49e-04 1.19e-03] (3.75e-04, 1.94e-02)
[423,   116] loss: 8.960236e-02 masks: 22.0 17.0 [wd: 3.79e-01] [lr: 6.93e-05] [mem: 5.75e+03] (168.9 ms)
[423,   116] grad_stats: [1.32e-03 1.77e-03] (5.26e-04, 2.48e-02)
[423,   232] loss: 8.968755e-02 masks: 22.1 17.1 [wd: 3.79e-01] [lr: 6.85e-05] [mem: 5.75e+03] (169.9 ms)
[423,   232] grad_stats: [3.65e-03 1.82e-03] (5.58e-04, 9.43e-02)
avg. loss 8.96875486e-02
time taken for epoch 0:00:53.025493
Epoch 424
[424,     0] loss: 8.223609e-02 masks: 24.0 16.0 [wd: 3.79e-01] [lr: 6.85e-05] [mem: 5.75e+03] (172.0 ms)
[424,     0] grad_stats: [1.05e-03 1.19e-03] (3.91e-04, 3.38e-02)
[424,   116] loss: 8.867789e-02 masks: 22.9 16.9 [wd: 3.80e-01] [lr: 6.76e-05] [mem: 5.75e+03] (171.2 ms)
[424,   116] grad_stats: [1.31e-03 2.13e-03] (4.37e-04, 3.61e-02)
[424,   232] loss: 8.932791e-02 masks: 22.3 17.2 [wd: 3.80e-01] [lr: 6.68e-05] [mem: 5.75e+03] (170.4 ms)
[424,   232] grad_stats: [2.49e-03 1.73e-03] (4.81e-04, 3.69e-02)
avg. loss 8.93279137e-02
time taken for epoch 0:00:53.159847
Epoch 425
[425,     0] loss: 8.856142e-02 masks: 20.0 20.0 [wd: 3.80e-01] [lr: 6.68e-05] [mem: 5.75e+03] (165.1 ms)
[425,     0] grad_stats: [1.43e-03 1.80e-03] (4.13e-04, 3.37e-02)
[425,   116] loss: 8.989054e-02 masks: 21.7 17.3 [wd: 3.80e-01] [lr: 6.59e-05] [mem: 5.75e+03] (168.3 ms)
[425,   116] grad_stats: [1.18e-03 1.70e-03] (4.87e-04, 2.30e-02)
[425,   232] loss: 8.994848e-02 masks: 21.9 17.2 [wd: 3.80e-01] [lr: 6.51e-05] [mem: 5.75e+03] (169.2 ms)
[425,   232] grad_stats: [2.66e-03 2.35e-03] (5.08e-04, 5.72e-02)
avg. loss 8.99484758e-02
time taken for epoch 0:00:52.880699
Epoch 426
[426,     0] loss: 8.656491e-02 masks: 24.0 16.0 [wd: 3.80e-01] [lr: 6.51e-05] [mem: 5.75e+03] (172.1 ms)
[426,     0] grad_stats: [2.50e-03 1.55e-03] (4.27e-04, 2.31e-02)
[426,   116] loss: 8.999827e-02 masks: 22.4 17.2 [wd: 3.81e-01] [lr: 6.43e-05] [mem: 5.75e+03] (170.3 ms)
[426,   116] grad_stats: [1.66e-03 1.25e-03] (3.61e-04, 2.18e-02)
[426,   232] loss: 9.053440e-02 masks: 21.9 17.3 [wd: 3.81e-01] [lr: 6.34e-05] [mem: 5.75e+03] (169.4 ms)
[426,   232] grad_stats: [1.58e-03 1.61e-03] (5.05e-04, 2.39e-02)
avg. loss 9.05343955e-02
time taken for epoch 0:00:52.985331
Epoch 427
[427,     0] loss: 8.783589e-02 masks: 20.0 20.0 [wd: 3.81e-01] [lr: 6.34e-05] [mem: 5.75e+03] (166.4 ms)
[427,     0] grad_stats: [1.63e-03 1.53e-03] (4.66e-04, 3.28e-02)
[427,   116] loss: 8.999667e-02 masks: 21.7 17.1 [wd: 3.81e-01] [lr: 6.26e-05] [mem: 5.75e+03] (168.3 ms)
[427,   116] grad_stats: [1.63e-03 1.61e-03] (4.58e-04, 2.32e-02)
[427,   232] loss: 9.019961e-02 masks: 21.6 17.3 [wd: 3.81e-01] [lr: 6.18e-05] [mem: 5.75e+03] (168.7 ms)
[427,   232] grad_stats: [2.30e-03 1.47e-03] (4.26e-04, 5.01e-02)
avg. loss 9.01996069e-02
time taken for epoch 0:00:52.805756
Epoch 428
[428,     0] loss: 9.242901e-02 masks: 20.0 16.0 [wd: 3.81e-01] [lr: 6.18e-05] [mem: 5.75e+03] (159.4 ms)
[428,     0] grad_stats: [5.10e-03 1.90e-03] (6.25e-04, 5.15e-02)
[428,   116] loss: 9.047545e-02 masks: 21.9 17.2 [wd: 3.82e-01] [lr: 6.10e-05] [mem: 5.75e+03] (168.9 ms)
[428,   116] grad_stats: [2.37e-03 1.93e-03] (5.42e-04, 1.03e-01)
[428,   232] loss: 9.142794e-02 masks: 21.2 17.7 [wd: 3.82e-01] [lr: 6.02e-05] [mem: 5.75e+03] (168.0 ms)
[428,   232] grad_stats: [1.00e-03 1.41e-03] (4.57e-04, 5.84e-02)
avg. loss 9.14279403e-02
time taken for epoch 0:00:52.565072
Epoch 429
[429,     0] loss: 9.075598e-02 masks: 18.0 20.0 [wd: 3.82e-01] [lr: 6.02e-05] [mem: 5.75e+03] (160.9 ms)
[429,     0] grad_stats: [2.16e-03 1.89e-03] (5.62e-04, 5.36e-02)
[429,   116] loss: 8.946741e-02 masks: 22.6 17.0 [wd: 3.82e-01] [lr: 5.94e-05] [mem: 5.75e+03] (170.7 ms)
[429,   116] grad_stats: [2.01e-03 1.83e-03] (5.44e-04, 4.23e-02)
[429,   232] loss: 8.837398e-02 masks: 23.2 16.8 [wd: 3.82e-01] [lr: 5.86e-05] [mem: 5.75e+03] (172.4 ms)
[429,   232] grad_stats: [2.30e-03 2.32e-03] (5.33e-04, 3.19e-02)
avg. loss 8.83739831e-02
time taken for epoch 0:00:53.632450
Epoch 430
[430,     0] loss: 8.796182e-02 masks: 20.0 16.0 [wd: 3.82e-01] [lr: 5.86e-05] [mem: 5.75e+03] (160.7 ms)
[430,     0] grad_stats: [2.78e-03 1.36e-03] (4.95e-04, 2.96e-02)
[430,   116] loss: 9.126048e-02 masks: 21.2 17.6 [wd: 3.83e-01] [lr: 5.78e-05] [mem: 5.75e+03] (167.4 ms)
[430,   116] grad_stats: [2.81e-03 1.45e-03] (4.95e-04, 2.99e-02)
[430,   232] loss: 9.063331e-02 masks: 21.5 17.4 [wd: 3.83e-01] [lr: 5.70e-05] [mem: 5.75e+03] (168.5 ms)
[430,   232] grad_stats: [1.54e-03 1.23e-03] (4.31e-04, 3.71e-02)
avg. loss 9.06333149e-02
time taken for epoch 0:00:52.814148
Epoch 431
[431,     0] loss: 9.465811e-02 masks: 19.0 20.0 [wd: 3.83e-01] [lr: 5.70e-05] [mem: 5.75e+03] (163.9 ms)
[431,     0] grad_stats: [2.96e-03 1.58e-03] (4.43e-04, 4.99e-02)
[431,   116] loss: 8.910661e-02 masks: 22.4 17.1 [wd: 3.83e-01] [lr: 5.62e-05] [mem: 5.75e+03] (170.1 ms)
[431,   116] grad_stats: [1.60e-03 1.56e-03] (4.69e-04, 2.64e-02)
[431,   232] loss: 8.981384e-02 masks: 22.4 17.1 [wd: 3.83e-01] [lr: 5.54e-05] [mem: 5.75e+03] (170.4 ms)
[431,   232] grad_stats: [1.65e-03 3.37e-03] (6.25e-04, 4.90e-02)
avg. loss 8.98138372e-02
time taken for epoch 0:00:53.166771
Epoch 432
[432,     0] loss: 7.300170e-02 masks: 33.0 12.0 [wd: 3.83e-01] [lr: 5.54e-05] [mem: 5.75e+03] (191.3 ms)
[432,     0] grad_stats: [2.15e-03 1.15e-03] (4.36e-04, 1.89e-02)
[432,   116] loss: 8.909905e-02 masks: 22.5 17.1 [wd: 3.84e-01] [lr: 5.47e-05] [mem: 5.75e+03] (170.3 ms)
[432,   116] grad_stats: [2.64e-03 2.13e-03] (4.50e-04, 2.98e-02)
[432,   232] loss: 8.922414e-02 masks: 22.3 17.1 [wd: 3.84e-01] [lr: 5.39e-05] [mem: 5.75e+03] (170.0 ms)
[432,   232] grad_stats: [1.66e-03 2.13e-03] (5.74e-04, 3.14e-02)
avg. loss 8.92241383e-02
time taken for epoch 0:00:53.098590
Epoch 433
[433,     0] loss: 8.881719e-02 masks: 17.0 20.0 [wd: 3.84e-01] [lr: 5.39e-05] [mem: 5.75e+03] (158.1 ms)
[433,     0] grad_stats: [1.62e-03 2.12e-03] (5.83e-04, 3.02e-02)
[433,   116] loss: 9.188780e-02 masks: 21.0 17.5 [wd: 3.84e-01] [lr: 5.31e-05] [mem: 5.75e+03] (166.8 ms)
[433,   116] grad_stats: [2.83e-03 1.43e-03] (4.49e-04, 6.03e-02)
[433,   232] loss: 9.110266e-02 masks: 21.6 17.3 [wd: 3.84e-01] [lr: 5.24e-05] [mem: 5.75e+03] (168.5 ms)
[433,   232] grad_stats: [2.05e-03 1.33e-03] (4.32e-04, 4.00e-02)
avg. loss 9.11026608e-02
time taken for epoch 0:00:52.651518
Epoch 434
[434,     0] loss: 8.734068e-02 masks: 23.0 16.0 [wd: 3.84e-01] [lr: 5.24e-05] [mem: 5.75e+03] (167.6 ms)
[434,     0] grad_stats: [2.11e-03 1.81e-03] (5.10e-04, 5.12e-02)
[434,   116] loss: 8.971725e-02 masks: 22.1 17.3 [wd: 3.85e-01] [lr: 5.16e-05] [mem: 5.75e+03] (169.4 ms)
[434,   116] grad_stats: [2.00e-03 1.44e-03] (4.10e-04, 3.41e-02)
[434,   232] loss: 8.993216e-02 masks: 22.1 17.2 [wd: 3.85e-01] [lr: 5.09e-05] [mem: 5.75e+03] (169.9 ms)
[434,   232] grad_stats: [2.19e-03 1.97e-03] (5.68e-04, 4.19e-02)
avg. loss 8.99321555e-02
time taken for epoch 0:00:53.065728
Epoch 435
[435,     0] loss: 9.905032e-02 masks: 22.0 20.0 [wd: 3.85e-01] [lr: 5.09e-05] [mem: 5.75e+03] (171.8 ms)
[435,     0] grad_stats: [2.35e-03 1.92e-03] (5.04e-04, 2.59e-02)
[435,   116] loss: 8.988454e-02 masks: 21.8 17.3 [wd: 3.85e-01] [lr: 5.01e-05] [mem: 5.75e+03] (168.8 ms)
[435,   116] grad_stats: [3.40e-03 5.42e-03] (9.94e-04, 5.28e-02)
[435,   232] loss: 8.996566e-02 masks: 22.1 17.2 [wd: 3.85e-01] [lr: 4.94e-05] [mem: 5.75e+03] (170.0 ms)
[435,   232] grad_stats: [2.99e-03 1.21e-03] (3.27e-04, 1.80e-02)
avg. loss 8.99656642e-02
time taken for epoch 0:00:53.014426
Epoch 436
[436,     0] loss: 9.678862e-02 masks: 20.0 20.0 [wd: 3.85e-01] [lr: 4.94e-05] [mem: 5.75e+03] (165.5 ms)
[436,     0] grad_stats: [2.23e-03 2.21e-03] (5.36e-04, 2.83e-02)
[436,   116] loss: 8.953255e-02 masks: 22.7 16.9 [wd: 3.85e-01] [lr: 4.87e-05] [mem: 5.75e+03] (170.8 ms)
[436,   116] grad_stats: [1.57e-03 1.85e-03] (4.93e-04, 4.09e-02)
[436,   232] loss: 9.036779e-02 masks: 22.1 17.2 [wd: 3.86e-01] [lr: 4.80e-05] [mem: 5.75e+03] (169.9 ms)
[436,   232] grad_stats: [2.01e-03 1.49e-03] (4.98e-04, 2.32e-02)
avg. loss 9.03677855e-02
time taken for epoch 0:00:53.021988
Epoch 437
[437,     0] loss: 1.041533e-01 masks: 12.0 20.0 [wd: 3.86e-01] [lr: 4.80e-05] [mem: 5.75e+03] (143.2 ms)
[437,     0] grad_stats: [1.13e-03 1.99e-03] (5.67e-04, 2.04e-02)
[437,   116] loss: 8.942831e-02 masks: 22.5 17.1 [wd: 3.86e-01] [lr: 4.72e-05] [mem: 5.75e+03] (170.6 ms)
[437,   116] grad_stats: [1.20e-03 1.37e-03] (4.57e-04, 4.09e-02)
[437,   232] loss: 8.983047e-02 masks: 22.2 17.2 [wd: 3.86e-01] [lr: 4.65e-05] [mem: 5.75e+03] (170.1 ms)
[437,   232] grad_stats: [1.54e-03 1.35e-03] (4.18e-04, 2.23e-02)
avg. loss 8.98304736e-02
time taken for epoch 0:00:53.112190
Epoch 438
[438,     0] loss: 9.242275e-02 masks: 18.0 20.0 [wd: 3.86e-01] [lr: 4.65e-05] [mem: 5.75e+03] (161.3 ms)
[438,     0] grad_stats: [2.02e-03 1.66e-03] (4.95e-04, 2.92e-02)
[438,   116] loss: 8.997930e-02 masks: 22.1 17.4 [wd: 3.86e-01] [lr: 4.58e-05] [mem: 5.75e+03] (169.5 ms)
[438,   116] grad_stats: [1.77e-03 1.91e-03] (5.01e-04, 2.22e-02)
[438,   232] loss: 9.059366e-02 masks: 21.8 17.4 [wd: 3.87e-01] [lr: 4.51e-05] [mem: 5.75e+03] (169.2 ms)
[438,   232] grad_stats: [2.79e-03 1.64e-03] (5.41e-04, 3.02e-02)
avg. loss 9.05936620e-02
time taken for epoch 0:00:52.892273
Epoch 439
[439,     0] loss: 8.444352e-02 masks: 17.0 20.0 [wd: 3.87e-01] [lr: 4.51e-05] [mem: 5.75e+03] (158.0 ms)
[439,     0] grad_stats: [1.50e-03 1.67e-03] (4.49e-04, 2.71e-02)
[439,   116] loss: 8.950847e-02 masks: 21.7 17.4 [wd: 3.87e-01] [lr: 4.44e-05] [mem: 5.75e+03] (168.5 ms)
[439,   116] grad_stats: [3.57e-03 2.28e-03] (5.94e-04, 3.32e-02)
[439,   232] loss: 8.998062e-02 masks: 21.8 17.4 [wd: 3.87e-01] [lr: 4.37e-05] [mem: 5.75e+03] (169.3 ms)
[439,   232] grad_stats: [1.27e-03 1.83e-03] (5.31e-04, 4.78e-02)
avg. loss 8.99806168e-02
time taken for epoch 0:00:52.908205
Epoch 440
[440,     0] loss: 8.061769e-02 masks: 26.0 16.0 [wd: 3.87e-01] [lr: 4.37e-05] [mem: 5.75e+03] (179.1 ms)
[440,     0] grad_stats: [2.10e-03 1.11e-03] (3.65e-04, 2.61e-02)
[440,   116] loss: 8.905260e-02 masks: 22.3 17.4 [wd: 3.87e-01] [lr: 4.30e-05] [mem: 5.75e+03] (170.1 ms)
[440,   116] grad_stats: [1.50e-03 1.10e-03] (3.88e-04, 2.10e-02)
[440,   232] loss: 8.985537e-02 masks: 22.0 17.4 [wd: 3.87e-01] [lr: 4.24e-05] [mem: 5.75e+03] (169.7 ms)
[440,   232] grad_stats: [1.43e-03 1.31e-03] (4.44e-04, 3.86e-02)
avg. loss 8.98553692e-02
time taken for epoch 0:00:52.851453
Epoch 441
[441,     0] loss: 8.481544e-02 masks: 25.0 16.0 [wd: 3.87e-01] [lr: 4.23e-05] [mem: 5.75e+03] (174.2 ms)
[441,     0] grad_stats: [1.51e-03 1.29e-03] (4.36e-04, 3.25e-02)
[441,   116] loss: 8.935070e-02 masks: 22.2 17.2 [wd: 3.88e-01] [lr: 4.17e-05] [mem: 5.75e+03] (169.8 ms)
[441,   116] grad_stats: [2.76e-03 1.30e-03] (4.68e-04, 3.09e-02)
[441,   232] loss: 9.006762e-02 masks: 22.1 17.3 [wd: 3.88e-01] [lr: 4.10e-05] [mem: 5.75e+03] (169.9 ms)
[441,   232] grad_stats: [2.24e-03 1.34e-03] (3.93e-04, 7.04e-02)
avg. loss 9.00676197e-02
time taken for epoch 0:00:53.082477
Epoch 442
[442,     0] loss: 1.009897e-01 masks: 18.0 20.0 [wd: 3.88e-01] [lr: 4.10e-05] [mem: 5.75e+03] (158.3 ms)
[442,     0] grad_stats: [1.43e-03 2.20e-03] (5.09e-04, 3.87e-02)
[442,   116] loss: 9.067073e-02 masks: 21.6 17.4 [wd: 3.88e-01] [lr: 4.03e-05] [mem: 5.75e+03] (168.1 ms)
[442,   116] grad_stats: [1.66e-03 2.62e-03] (6.23e-04, 4.63e-02)
[442,   232] loss: 9.053372e-02 masks: 21.6 17.4 [wd: 3.88e-01] [lr: 3.97e-05] [mem: 5.75e+03] (168.7 ms)
[442,   232] grad_stats: [2.69e-03 1.32e-03] (4.82e-04, 3.50e-02)
avg. loss 9.05337174e-02
time taken for epoch 0:00:52.821775
Epoch 443
[443,     0] loss: 1.024959e-01 masks: 17.0 16.0 [wd: 3.88e-01] [lr: 3.97e-05] [mem: 5.75e+03] (150.0 ms)
[443,     0] grad_stats: [2.08e-03 1.74e-03] (5.62e-04, 4.07e-02)
[443,   116] loss: 8.962286e-02 masks: 22.4 17.2 [wd: 3.88e-01] [lr: 3.90e-05] [mem: 5.75e+03] (169.9 ms)
[443,   116] grad_stats: [2.12e-03 2.22e-03] (5.08e-04, 2.29e-02)
[443,   232] loss: 9.058015e-02 masks: 21.7 17.3 [wd: 3.89e-01] [lr: 3.84e-05] [mem: 5.75e+03] (168.6 ms)
[443,   232] grad_stats: [2.49e-03 1.63e-03] (4.97e-04, 2.74e-02)
avg. loss 9.05801536e-02
time taken for epoch 0:00:52.745075
Epoch 444
[444,     0] loss: 9.400155e-02 masks: 20.0 20.0 [wd: 3.89e-01] [lr: 3.84e-05] [mem: 5.75e+03] (163.0 ms)
[444,     0] grad_stats: [2.38e-03 1.83e-03] (5.76e-04, 2.84e-02)
[444,   116] loss: 9.053183e-02 masks: 21.5 17.3 [wd: 3.89e-01] [lr: 3.77e-05] [mem: 5.75e+03] (167.9 ms)
[444,   116] grad_stats: [1.88e-03 2.12e-03] (5.79e-04, 2.85e-02)
[444,   232] loss: 9.056413e-02 masks: 21.7 17.3 [wd: 3.89e-01] [lr: 3.71e-05] [mem: 5.75e+03] (168.7 ms)
[444,   232] grad_stats: [1.41e-03 1.59e-03] (5.20e-04, 3.64e-02)
avg. loss 9.05641260e-02
time taken for epoch 0:00:52.782538
Epoch 445
[445,     0] loss: 7.639275e-02 masks: 35.0 12.0 [wd: 3.89e-01] [lr: 3.71e-05] [mem: 5.75e+03] (195.7 ms)
[445,     0] grad_stats: [1.13e-03 1.20e-03] (4.20e-04, 3.02e-02)
[445,   116] loss: 9.087523e-02 masks: 21.7 17.3 [wd: 3.89e-01] [lr: 3.65e-05] [mem: 5.75e+03] (168.3 ms)
[445,   116] grad_stats: [2.19e-03 1.91e-03] (5.92e-04, 3.65e-02)
[445,   232] loss: 9.087467e-02 masks: 21.3 17.4 [wd: 3.89e-01] [lr: 3.58e-05] [mem: 5.75e+03] (167.8 ms)
[445,   232] grad_stats: [1.76e-03 1.61e-03] (5.87e-04, 2.33e-02)
avg. loss 9.08746716e-02
time taken for epoch 0:00:52.653450
Epoch 446
[446,     0] loss: 8.177187e-02 masks: 21.0 16.0 [wd: 3.89e-01] [lr: 3.58e-05] [mem: 5.75e+03] (165.1 ms)
[446,     0] grad_stats: [2.42e-03 1.70e-03] (5.13e-04, 2.69e-02)
[446,   116] loss: 9.097584e-02 masks: 21.6 17.7 [wd: 3.90e-01] [lr: 3.52e-05] [mem: 5.75e+03] (168.5 ms)
[446,   116] grad_stats: [1.86e-03 1.42e-03] (4.69e-04, 2.36e-02)
[446,   232] loss: 9.048286e-02 masks: 21.4 17.7 [wd: 3.90e-01] [lr: 3.46e-05] [mem: 5.75e+03] (168.5 ms)
[446,   232] grad_stats: [1.95e-03 1.86e-03] (5.81e-04, 3.29e-02)
avg. loss 9.04828594e-02
time taken for epoch 0:00:52.821963
Epoch 447
[447,     0] loss: 6.914481e-02 masks: 33.0 12.0 [wd: 3.90e-01] [lr: 3.46e-05] [mem: 5.75e+03] (191.5 ms)
[447,     0] grad_stats: [1.16e-03 1.31e-03] (4.10e-04, 2.89e-02)
[447,   116] loss: 9.093305e-02 masks: 21.8 17.3 [wd: 3.90e-01] [lr: 3.40e-05] [mem: 5.75e+03] (168.5 ms)
[447,   116] grad_stats: [1.78e-03 1.73e-03] (5.28e-04, 3.60e-02)
[447,   232] loss: 9.068916e-02 masks: 21.7 17.5 [wd: 3.90e-01] [lr: 3.34e-05] [mem: 5.75e+03] (169.0 ms)
[447,   232] grad_stats: [2.24e-03 2.26e-03] (6.09e-04, 3.02e-02)
avg. loss 9.06891589e-02
time taken for epoch 0:00:52.872272
Epoch 448
[448,     0] loss: 8.360924e-02 masks: 24.0 16.0 [wd: 3.90e-01] [lr: 3.34e-05] [mem: 5.75e+03] (171.1 ms)
[448,     0] grad_stats: [2.27e-03 1.54e-03] (4.99e-04, 3.70e-02)
[448,   116] loss: 8.929887e-02 masks: 22.1 17.3 [wd: 3.90e-01] [lr: 3.28e-05] [mem: 5.75e+03] (169.6 ms)
[448,   116] grad_stats: [1.49e-03 1.38e-03] (4.91e-04, 3.58e-02)
[448,   232] loss: 8.923544e-02 masks: 22.5 17.1 [wd: 3.90e-01] [lr: 3.22e-05] [mem: 5.75e+03] (170.9 ms)
[448,   232] grad_stats: [2.91e-03 1.54e-03] (5.79e-04, 5.08e-02)
avg. loss 8.92354442e-02
time taken for epoch 0:00:53.345802
Epoch 449
[449,     0] loss: 6.603821e-02 masks: 36.0 12.0 [wd: 3.90e-01] [lr: 3.22e-05] [mem: 5.75e+03] (199.3 ms)
[449,     0] grad_stats: [1.72e-03 1.24e-03] (3.86e-04, 3.46e-02)
[449,   116] loss: 8.895958e-02 masks: 23.0 16.9 [wd: 3.91e-01] [lr: 3.16e-05] [mem: 5.75e+03] (171.4 ms)
[449,   116] grad_stats: [9.62e-04 1.14e-03] (4.41e-04, 3.64e-02)
[449,   232] loss: 8.988158e-02 masks: 22.4 17.2 [wd: 3.91e-01] [lr: 3.10e-05] [mem: 5.75e+03] (170.4 ms)
[449,   232] grad_stats: [2.95e-03 1.57e-03] (4.91e-04, 3.33e-02)
avg. loss 8.98815809e-02
time taken for epoch 0:00:53.148699
Epoch 450
[450,     0] loss: 8.980234e-02 masks: 25.0 16.0 [wd: 3.91e-01] [lr: 3.10e-05] [mem: 5.75e+03] (174.5 ms)
[450,     0] grad_stats: [2.36e-03 1.63e-03] (5.03e-04, 3.89e-02)
[450,   116] loss: 8.999442e-02 masks: 22.0 17.2 [wd: 3.91e-01] [lr: 3.04e-05] [mem: 5.75e+03] (169.1 ms)
[450,   116] grad_stats: [2.16e-03 3.18e-03] (6.05e-04, 3.92e-02)
[450,   232] loss: 8.983039e-02 masks: 22.1 17.2 [wd: 3.91e-01] [lr: 2.98e-05] [mem: 5.75e+03] (169.8 ms)
[450,   232] grad_stats: [1.43e-03 1.67e-03] (5.19e-04, 6.55e-02)
avg. loss 8.98303888e-02
time taken for epoch 0:00:53.058668
Epoch 451
[451,     0] loss: 8.669227e-02 masks: 21.0 20.0 [wd: 3.91e-01] [lr: 2.98e-05] [mem: 5.75e+03] (167.9 ms)
[451,     0] grad_stats: [2.10e-03 1.65e-03] (5.71e-04, 5.08e-02)
[451,   116] loss: 8.912763e-02 masks: 22.8 17.0 [wd: 3.91e-01] [lr: 2.93e-05] [mem: 5.75e+03] (171.1 ms)
[451,   116] grad_stats: [1.40e-03 1.45e-03] (5.34e-04, 2.18e-02)
[451,   232] loss: 8.997620e-02 masks: 22.3 17.2 [wd: 3.92e-01] [lr: 2.87e-05] [mem: 5.75e+03] (170.3 ms)
[451,   232] grad_stats: [1.39e-03 1.57e-03] (5.50e-04, 2.16e-02)
avg. loss 8.99761989e-02
time taken for epoch 0:00:53.182383
Epoch 452
[452,     0] loss: 7.443126e-02 masks: 33.0 12.0 [wd: 3.92e-01] [lr: 2.87e-05] [mem: 5.75e+03] (190.4 ms)
[452,     0] grad_stats: [2.95e-03 1.22e-03] (3.69e-04, 3.53e-02)
[452,   116] loss: 9.013117e-02 masks: 21.6 17.3 [wd: 3.92e-01] [lr: 2.81e-05] [mem: 5.75e+03] (168.0 ms)
[452,   116] grad_stats: [1.32e-03 1.58e-03] (5.22e-04, 2.53e-02)
[452,   232] loss: 8.946376e-02 masks: 22.4 17.1 [wd: 3.92e-01] [lr: 2.76e-05] [mem: 5.75e+03] (170.3 ms)
[452,   232] grad_stats: [1.73e-03 2.12e-03] (6.01e-04, 5.40e-02)
avg. loss 8.94637642e-02
time taken for epoch 0:00:53.139693
Epoch 453
[453,     0] loss: 7.587092e-02 masks: 28.0 16.0 [wd: 3.92e-01] [lr: 2.76e-05] [mem: 5.75e+03] (181.2 ms)
[453,     0] grad_stats: [1.58e-03 1.49e-03] (4.48e-04, 3.88e-02)
[453,   116] loss: 9.070845e-02 masks: 21.5 17.5 [wd: 3.92e-01] [lr: 2.71e-05] [mem: 5.75e+03] (167.8 ms)
[453,   116] grad_stats: [2.12e-03 1.36e-03] (5.25e-04, 4.17e-02)
[453,   232] loss: 9.062862e-02 masks: 21.3 17.4 [wd: 3.92e-01] [lr: 2.65e-05] [mem: 5.75e+03] (167.8 ms)
[453,   232] grad_stats: [1.20e-03 1.28e-03] (5.04e-04, 5.79e-02)
avg. loss 9.06286200e-02
time taken for epoch 0:00:52.397960
Epoch 454
[454,     0] loss: 9.802141e-02 masks: 17.0 20.0 [wd: 3.92e-01] [lr: 2.65e-05] [mem: 5.75e+03] (157.1 ms)
[454,     0] grad_stats: [1.66e-03 1.84e-03] (6.09e-04, 3.73e-02)
[454,   116] loss: 9.095527e-02 masks: 21.2 17.6 [wd: 3.92e-01] [lr: 2.60e-05] [mem: 5.75e+03] (167.3 ms)
[454,   116] grad_stats: [1.87e-03 3.50e-03] (7.61e-04, 4.09e-02)
[454,   232] loss: 9.069261e-02 masks: 21.4 17.4 [wd: 3.93e-01] [lr: 2.54e-05] [mem: 5.75e+03] (168.0 ms)
[454,   232] grad_stats: [1.88e-03 1.99e-03] (6.96e-04, 3.38e-02)
avg. loss 9.06926131e-02
time taken for epoch 0:00:52.499854
Epoch 455
[455,     0] loss: 9.009457e-02 masks: 17.0 16.0 [wd: 3.93e-01] [lr: 2.54e-05] [mem: 5.75e+03] (152.5 ms)
[455,     0] grad_stats: [1.73e-03 1.97e-03] (5.64e-04, 3.16e-02)
[455,   116] loss: 8.999933e-02 masks: 22.1 17.2 [wd: 3.93e-01] [lr: 2.49e-05] [mem: 5.75e+03] (169.3 ms)
[455,   116] grad_stats: [1.47e-03 1.46e-03] (6.41e-04, 2.43e-02)
[455,   232] loss: 9.019621e-02 masks: 22.1 17.3 [wd: 3.93e-01] [lr: 2.44e-05] [mem: 5.75e+03] (169.7 ms)
[455,   232] grad_stats: [2.28e-03 2.10e-03] (6.48e-04, 3.67e-02)
avg. loss 9.01962054e-02
time taken for epoch 0:00:53.040763
Epoch 456
[456,     0] loss: 7.114570e-02 masks: 37.0 12.0 [wd: 3.93e-01] [lr: 2.44e-05] [mem: 5.75e+03] (202.5 ms)
[456,     0] grad_stats: [1.47e-03 1.25e-03] (4.77e-04, 3.06e-02)
[456,   116] loss: 8.969388e-02 masks: 22.4 17.2 [wd: 3.93e-01] [lr: 2.39e-05] [mem: 5.75e+03] (170.3 ms)
[456,   116] grad_stats: [1.99e-03 1.16e-03] (5.03e-04, 7.17e-02)
[456,   232] loss: 8.996255e-02 masks: 22.3 17.2 [wd: 3.93e-01] [lr: 2.34e-05] [mem: 5.75e+03] (170.2 ms)
[456,   232] grad_stats: [1.63e-03 1.67e-03] (5.25e-04, 2.26e-02)
avg. loss 8.99625461e-02
time taken for epoch 0:00:53.204790
Epoch 457
[457,     0] loss: 8.652763e-02 masks: 22.0 20.0 [wd: 3.93e-01] [lr: 2.34e-05] [mem: 5.75e+03] (172.5 ms)
[457,     0] grad_stats: [2.79e-03 1.40e-03] (5.40e-04, 3.57e-02)
[457,   116] loss: 9.024223e-02 masks: 21.9 17.2 [wd: 3.93e-01] [lr: 2.29e-05] [mem: 5.75e+03] (168.7 ms)
[457,   116] grad_stats: [4.95e-03 1.90e-03] (6.17e-04, 3.25e-02)
[457,   232] loss: 9.053031e-02 masks: 21.6 17.5 [wd: 3.93e-01] [lr: 2.24e-05] [mem: 5.75e+03] (168.8 ms)
[457,   232] grad_stats: [1.81e-03 1.64e-03] (5.36e-04, 2.70e-02)
avg. loss 9.05303053e-02
time taken for epoch 0:00:52.779137
Epoch 458
[458,     0] loss: 7.814389e-02 masks: 26.0 16.0 [wd: 3.93e-01] [lr: 2.24e-05] [mem: 5.75e+03] (178.4 ms)
[458,     0] grad_stats: [3.62e-03 1.33e-03] (4.77e-04, 3.09e-02)
[458,   116] loss: 9.099550e-02 masks: 21.8 17.5 [wd: 3.94e-01] [lr: 2.19e-05] [mem: 5.75e+03] (168.9 ms)
[458,   116] grad_stats: [4.62e-03 2.72e-03] (7.58e-04, 3.58e-02)
[458,   232] loss: 8.997163e-02 masks: 22.1 17.2 [wd: 3.94e-01] [lr: 2.14e-05] [mem: 5.75e+03] (169.9 ms)
[458,   232] grad_stats: [1.63e-03 1.43e-03] (5.07e-04, 4.51e-02)
avg. loss 8.99716328e-02
time taken for epoch 0:00:53.101917
Epoch 459
[459,     0] loss: 1.036070e-01 masks: 16.0 20.0 [wd: 3.94e-01] [lr: 2.14e-05] [mem: 5.75e+03] (153.1 ms)
[459,     0] grad_stats: [1.98e-03 1.74e-03] (6.37e-04, 3.60e-02)
[459,   116] loss: 9.051887e-02 masks: 21.8 17.4 [wd: 3.94e-01] [lr: 2.09e-05] [mem: 5.75e+03] (168.8 ms)
[459,   116] grad_stats: [3.25e-03 2.16e-03] (6.19e-04, 3.29e-02)
[459,   232] loss: 9.050170e-02 masks: 21.9 17.4 [wd: 3.94e-01] [lr: 2.05e-05] [mem: 5.75e+03] (169.5 ms)
[459,   232] grad_stats: [1.61e-03 1.84e-03] (5.85e-04, 2.78e-02)
avg. loss 9.05016962e-02
time taken for epoch 0:00:52.820289
Epoch 460
[460,     0] loss: 8.924232e-02 masks: 22.0 16.0 [wd: 3.94e-01] [lr: 2.05e-05] [mem: 5.75e+03] (165.7 ms)
[460,     0] grad_stats: [1.51e-03 1.90e-03] (5.13e-04, 2.06e-02)
[460,   116] loss: 8.922977e-02 masks: 22.4 17.0 [wd: 3.94e-01] [lr: 2.00e-05] [mem: 5.75e+03] (169.8 ms)
[460,   116] grad_stats: [1.62e-03 1.59e-03] (5.71e-04, 4.28e-02)
[460,   232] loss: 8.978836e-02 masks: 22.1 17.3 [wd: 3.94e-01] [lr: 1.95e-05] [mem: 5.75e+03] (169.7 ms)
[460,   232] grad_stats: [1.09e-03 1.24e-03] (4.43e-04, 2.33e-02)
avg. loss 8.97883649e-02
time taken for epoch 0:00:53.059534
Epoch 461
[461,     0] loss: 1.021856e-01 masks: 15.0 20.0 [wd: 3.94e-01] [lr: 1.95e-05] [mem: 5.75e+03] (151.4 ms)
[461,     0] grad_stats: [3.09e-03 2.69e-03] (6.88e-04, 4.92e-02)
[461,   116] loss: 9.041129e-02 masks: 21.4 17.4 [wd: 3.94e-01] [lr: 1.91e-05] [mem: 5.75e+03] (167.8 ms)
[461,   116] grad_stats: [1.31e-03 2.24e-03] (6.33e-04, 5.59e-02)
[461,   232] loss: 8.993382e-02 masks: 21.9 17.2 [wd: 3.95e-01] [lr: 1.86e-05] [mem: 5.75e+03] (169.4 ms)
[461,   232] grad_stats: [3.53e-03 1.83e-03] (6.27e-04, 3.51e-02)
avg. loss 8.99338247e-02
time taken for epoch 0:00:52.994996
Epoch 462
[462,     0] loss: 9.378630e-02 masks: 17.0 20.0 [wd: 3.95e-01] [lr: 1.86e-05] [mem: 5.75e+03] (156.8 ms)
[462,     0] grad_stats: [1.32e-03 2.13e-03] (6.46e-04, 3.34e-02)
[462,   116] loss: 8.953523e-02 masks: 22.5 17.3 [wd: 3.95e-01] [lr: 1.82e-05] [mem: 5.75e+03] (170.7 ms)
[462,   116] grad_stats: [1.77e-03 1.98e-03] (5.65e-04, 4.34e-02)
[462,   232] loss: 8.973448e-02 masks: 22.3 17.1 [wd: 3.95e-01] [lr: 1.77e-05] [mem: 5.75e+03] (170.1 ms)
[462,   232] grad_stats: [1.46e-03 1.96e-03] (5.70e-04, 3.91e-02)
avg. loss 8.97344840e-02
time taken for epoch 0:00:53.050349
Epoch 463
[463,     0] loss: 9.019999e-02 masks: 21.0 16.0 [wd: 3.95e-01] [lr: 1.77e-05] [mem: 5.75e+03] (164.0 ms)
[463,     0] grad_stats: [1.45e-03 2.48e-03] (5.93e-04, 4.73e-02)
[463,   116] loss: 9.019938e-02 masks: 21.9 17.2 [wd: 3.95e-01] [lr: 1.73e-05] [mem: 5.75e+03] (168.9 ms)
[463,   116] grad_stats: [3.15e-03 1.86e-03] (6.30e-04, 3.60e-02)
[463,   232] loss: 9.021976e-02 masks: 22.0 17.2 [wd: 3.95e-01] [lr: 1.69e-05] [mem: 5.75e+03] (169.4 ms)
[463,   232] grad_stats: [1.47e-03 1.42e-03] (4.66e-04, 3.01e-02)
avg. loss 9.02197586e-02
time taken for epoch 0:00:52.910454
Epoch 464
[464,     0] loss: 8.067939e-02 masks: 23.0 16.0 [wd: 3.95e-01] [lr: 1.69e-05] [mem: 5.75e+03] (167.2 ms)
[464,     0] grad_stats: [1.29e-03 1.71e-03] (6.25e-04, 2.73e-02)
[464,   116] loss: 8.892469e-02 masks: 22.8 17.0 [wd: 3.95e-01] [lr: 1.64e-05] [mem: 5.75e+03] (171.0 ms)
[464,   116] grad_stats: [2.13e-03 1.96e-03] (6.11e-04, 2.45e-02)
[464,   232] loss: 8.970328e-02 masks: 22.4 17.1 [wd: 3.95e-01] [lr: 1.60e-05] [mem: 5.75e+03] (170.3 ms)
[464,   232] grad_stats: [1.41e-03 1.98e-03] (5.40e-04, 3.71e-02)
avg. loss 8.97032809e-02
time taken for epoch 0:00:53.166130
Epoch 465
[465,     0] loss: 8.031559e-02 masks: 26.0 16.0 [wd: 3.95e-01] [lr: 1.60e-05] [mem: 5.75e+03] (178.4 ms)
[465,     0] grad_stats: [1.60e-03 1.58e-03] (5.20e-04, 4.12e-02)
[465,   116] loss: 9.063674e-02 masks: 21.3 17.6 [wd: 3.96e-01] [lr: 1.56e-05] [mem: 5.75e+03] (167.7 ms)
[465,   116] grad_stats: [1.05e-03 1.73e-03] (4.97e-04, 3.34e-02)
[465,   232] loss: 9.065258e-02 masks: 21.5 17.5 [wd: 3.96e-01] [lr: 1.52e-05] [mem: 5.75e+03] (168.7 ms)
[465,   232] grad_stats: [1.08e-03 1.28e-03] (5.30e-04, 2.13e-02)
avg. loss 9.06525798e-02
time taken for epoch 0:00:52.800733
Epoch 466
[466,     0] loss: 9.053166e-02 masks: 24.0 16.0 [wd: 3.96e-01] [lr: 1.52e-05] [mem: 5.75e+03] (172.0 ms)
[466,     0] grad_stats: [2.89e-03 2.01e-03] (6.45e-04, 2.93e-02)
[466,   116] loss: 9.064629e-02 masks: 22.1 17.2 [wd: 3.96e-01] [lr: 1.48e-05] [mem: 5.75e+03] (169.5 ms)
[466,   116] grad_stats: [2.65e-03 1.51e-03] (5.26e-04, 3.38e-02)
[466,   232] loss: 9.086479e-02 masks: 21.7 17.5 [wd: 3.96e-01] [lr: 1.44e-05] [mem: 5.75e+03] (169.1 ms)
[466,   232] grad_stats: [2.22e-03 1.47e-03] (5.18e-04, 2.12e-02)
avg. loss 9.08647864e-02
time taken for epoch 0:00:52.876499
Epoch 467
[467,     0] loss: 9.561759e-02 masks: 17.0 20.0 [wd: 3.96e-01] [lr: 1.44e-05] [mem: 5.75e+03] (157.7 ms)
[467,     0] grad_stats: [1.87e-03 2.79e-03] (7.36e-04, 3.23e-02)
[467,   116] loss: 9.124506e-02 masks: 21.5 17.7 [wd: 3.96e-01] [lr: 1.40e-05] [mem: 5.75e+03] (168.3 ms)
[467,   116] grad_stats: [1.20e-03 1.17e-03] (5.20e-04, 2.22e-02)
[467,   232] loss: 9.016708e-02 masks: 21.9 17.4 [wd: 3.96e-01] [lr: 1.36e-05] [mem: 5.75e+03] (169.5 ms)
[467,   232] grad_stats: [3.26e-03 1.71e-03] (6.86e-04, 5.80e-02)
avg. loss 9.01670844e-02
time taken for epoch 0:00:52.998680
Epoch 468
[468,     0] loss: 9.491115e-02 masks: 18.0 20.0 [wd: 3.96e-01] [lr: 1.36e-05] [mem: 5.75e+03] (160.3 ms)
[468,     0] grad_stats: [2.21e-03 2.59e-03] (7.39e-04, 3.81e-02)
[468,   116] loss: 9.013530e-02 masks: 21.6 17.6 [wd: 3.96e-01] [lr: 1.33e-05] [mem: 5.75e+03] (168.6 ms)
[468,   116] grad_stats: [2.71e-03 1.72e-03] (6.21e-04, 2.48e-02)
[468,   232] loss: 8.944784e-02 masks: 22.1 17.3 [wd: 3.96e-01] [lr: 1.29e-05] [mem: 5.75e+03] (170.1 ms)
[468,   232] grad_stats: [1.45e-03 1.70e-03] (5.95e-04, 4.29e-02)
avg. loss 8.94478409e-02
time taken for epoch 0:00:52.947839
Epoch 469
[469,     0] loss: 1.002813e-01 masks: 18.0 20.0 [wd: 3.96e-01] [lr: 1.29e-05] [mem: 5.75e+03] (160.7 ms)
[469,     0] grad_stats: [2.49e-03 2.17e-03] (7.24e-04, 3.49e-02)
[469,   116] loss: 8.959718e-02 masks: 21.9 17.5 [wd: 3.96e-01] [lr: 1.25e-05] [mem: 5.75e+03] (168.9 ms)
[469,   116] grad_stats: [1.85e-03 2.64e-03] (7.76e-04, 3.43e-02)
[469,   232] loss: 8.998897e-02 masks: 21.9 17.4 [wd: 3.97e-01] [lr: 1.22e-05] [mem: 5.75e+03] (169.4 ms)
[469,   232] grad_stats: [1.69e-03 1.71e-03] (5.96e-04, 3.33e-02)
avg. loss 8.99889726e-02
time taken for epoch 0:00:52.928104
Epoch 470
[470,     0] loss: 8.904503e-02 masks: 20.0 20.0 [wd: 3.97e-01] [lr: 1.21e-05] [mem: 5.75e+03] (164.6 ms)
[470,     0] grad_stats: [4.85e-03 2.30e-03] (6.19e-04, 3.07e-02)
[470,   116] loss: 9.020092e-02 masks: 21.7 17.4 [wd: 3.97e-01] [lr: 1.18e-05] [mem: 5.75e+03] (168.3 ms)
[470,   116] grad_stats: [1.33e-03 1.51e-03] (5.61e-04, 2.23e-02)
[470,   232] loss: 9.023064e-02 masks: 21.6 17.6 [wd: 3.97e-01] [lr: 1.14e-05] [mem: 5.75e+03] (168.7 ms)
[470,   232] grad_stats: [1.28e-03 2.76e-03] (9.02e-04, 3.01e-02)
avg. loss 9.02306369e-02
time taken for epoch 0:00:52.684523
Epoch 471
[471,     0] loss: 1.023123e-01 masks: 19.0 20.0 [wd: 3.97e-01] [lr: 1.14e-05] [mem: 5.75e+03] (164.7 ms)
[471,     0] grad_stats: [2.11e-03 2.24e-03] (7.24e-04, 3.37e-02)
[471,   116] loss: 9.094559e-02 masks: 21.5 17.4 [wd: 3.97e-01] [lr: 1.11e-05] [mem: 5.75e+03] (168.1 ms)
[471,   116] grad_stats: [1.15e-03 1.37e-03] (4.07e-04, 1.66e-02)
[471,   232] loss: 9.037707e-02 masks: 21.6 17.4 [wd: 3.97e-01] [lr: 1.08e-05] [mem: 5.75e+03] (169.1 ms)
[471,   232] grad_stats: [1.84e-03 1.30e-03] (5.04e-04, 5.66e-02)
avg. loss 9.03770712e-02
time taken for epoch 0:00:52.845672
Epoch 472
[472,     0] loss: 9.762796e-02 masks: 21.0 16.0 [wd: 3.97e-01] [lr: 1.08e-05] [mem: 5.75e+03] (162.6 ms)
[472,     0] grad_stats: [1.64e-03 2.16e-03] (7.28e-04, 2.97e-02)
[472,   116] loss: 9.057710e-02 masks: 21.5 17.4 [wd: 3.97e-01] [lr: 1.04e-05] [mem: 5.75e+03] (167.8 ms)
[472,   116] grad_stats: [1.35e-03 2.14e-03] (6.56e-04, 4.56e-02)
[472,   232] loss: 8.996718e-02 masks: 22.0 17.1 [wd: 3.97e-01] [lr: 1.01e-05] [mem: 5.75e+03] (169.5 ms)
[472,   232] grad_stats: [3.71e-03 2.02e-03] (7.56e-04, 3.56e-02)
avg. loss 8.99671834e-02
time taken for epoch 0:00:52.990256
Epoch 473
[473,     0] loss: 8.320715e-02 masks: 27.0 16.0 [wd: 3.97e-01] [lr: 1.01e-05] [mem: 5.75e+03] (180.5 ms)
[473,     0] grad_stats: [1.43e-03 1.51e-03] (4.82e-04, 2.51e-02)
[473,   116] loss: 9.047390e-02 masks: 21.6 17.5 [wd: 3.97e-01] [lr: 9.78e-06] [mem: 5.75e+03] (170.0 ms)
[473,   116] grad_stats: [1.66e-03 2.59e-03] (7.49e-04, 3.71e-02)
[473,   232] loss: 9.056698e-02 masks: 21.8 17.4 [wd: 3.97e-01] [lr: 9.47e-06] [mem: 5.75e+03] (170.5 ms)
[473,   232] grad_stats: [1.99e-03 1.22e-03] (4.80e-04, 3.33e-02)
avg. loss 9.05669812e-02
time taken for epoch 0:00:53.685649
Epoch 474
[474,     0] loss: 8.129077e-02 masks: 26.0 16.0 [wd: 3.97e-01] [lr: 9.47e-06] [mem: 5.75e+03] (177.9 ms)
[474,     0] grad_stats: [2.52e-03 2.58e-03] (5.90e-04, 3.21e-02)
[474,   116] loss: 9.061221e-02 masks: 21.5 17.3 [wd: 3.98e-01] [lr: 9.16e-06] [mem: 5.75e+03] (167.9 ms)
[474,   116] grad_stats: [1.56e-03 1.83e-03] (6.55e-04, 4.86e-02)
[474,   232] loss: 8.967423e-02 masks: 22.1 17.1 [wd: 3.98e-01] [lr: 8.85e-06] [mem: 5.75e+03] (169.7 ms)
[474,   232] grad_stats: [1.61e-03 1.53e-03] (5.13e-04, 4.12e-02)
avg. loss 8.96742309e-02
time taken for epoch 0:00:52.888868
Epoch 475
[475,     0] loss: 7.792186e-02 masks: 35.0 12.0 [wd: 3.98e-01] [lr: 8.85e-06] [mem: 5.75e+03] (195.9 ms)
[475,     0] grad_stats: [1.96e-03 2.07e-03] (5.22e-04, 1.91e-02)
[475,   116] loss: 9.048817e-02 masks: 21.6 17.0 [wd: 3.98e-01] [lr: 8.55e-06] [mem: 5.75e+03] (167.9 ms)
[475,   116] grad_stats: [3.77e-03 2.04e-03] (6.50e-04, 2.93e-02)
[475,   232] loss: 9.048799e-02 masks: 21.7 17.3 [wd: 3.98e-01] [lr: 8.26e-06] [mem: 5.75e+03] (168.8 ms)
[475,   232] grad_stats: [1.67e-03 2.34e-03] (7.22e-04, 3.27e-02)
avg. loss 9.04879949e-02
time taken for epoch 0:00:52.788883
Epoch 476
[476,     0] loss: 7.390503e-02 masks: 35.0 12.0 [wd: 3.98e-01] [lr: 8.26e-06] [mem: 5.75e+03] (197.0 ms)
[476,     0] grad_stats: [9.04e-04 1.09e-03] (4.40e-04, 4.20e-02)
[476,   116] loss: 8.894751e-02 masks: 22.3 17.0 [wd: 3.98e-01] [lr: 7.97e-06] [mem: 5.75e+03] (169.6 ms)
[476,   116] grad_stats: [5.27e-03 2.51e-03] (7.97e-04, 5.48e-02)
[476,   232] loss: 8.982268e-02 masks: 22.2 17.0 [wd: 3.98e-01] [lr: 7.69e-06] [mem: 5.75e+03] (169.7 ms)
[476,   232] grad_stats: [8.20e-04 1.05e-03] (4.19e-04, 1.28e-02)
avg. loss 8.98226838e-02
time taken for epoch 0:00:52.982576
Epoch 477
[477,     0] loss: 1.004656e-01 masks: 17.0 16.0 [wd: 3.98e-01] [lr: 7.69e-06] [mem: 5.75e+03] (152.5 ms)
[477,     0] grad_stats: [2.90e-03 2.20e-03] (6.80e-04, 2.35e-02)
[477,   116] loss: 9.003592e-02 masks: 21.8 17.3 [wd: 3.98e-01] [lr: 7.42e-06] [mem: 5.75e+03] (168.9 ms)
[477,   116] grad_stats: [1.85e-03 3.20e-03] (8.57e-04, 3.64e-02)
[477,   232] loss: 9.006853e-02 masks: 21.8 17.4 [wd: 3.98e-01] [lr: 7.15e-06] [mem: 5.75e+03] (169.2 ms)
[477,   232] grad_stats: [1.29e-03 1.68e-03] (6.49e-04, 2.52e-02)
avg. loss 9.00685322e-02
time taken for epoch 0:00:52.903639
Epoch 478
[478,     0] loss: 6.621378e-02 masks: 37.0 12.0 [wd: 3.98e-01] [lr: 7.15e-06] [mem: 5.75e+03] (202.3 ms)
[478,     0] grad_stats: [2.15e-03 1.12e-03] (4.78e-04, 2.52e-02)
[478,   116] loss: 8.936163e-02 masks: 22.4 16.9 [wd: 3.98e-01] [lr: 6.88e-06] [mem: 5.75e+03] (169.6 ms)
[478,   116] grad_stats: [2.41e-03 1.81e-03] (5.82e-04, 3.06e-02)
[478,   232] loss: 8.961888e-02 masks: 22.1 17.1 [wd: 3.98e-01] [lr: 6.63e-06] [mem: 5.75e+03] (169.6 ms)
[478,   232] grad_stats: [1.77e-03 1.20e-03] (5.24e-04, 3.53e-02)
avg. loss 8.96188841e-02
time taken for epoch 0:00:52.963084
Epoch 479
[479,     0] loss: 8.967173e-02 masks: 23.0 16.0 [wd: 3.98e-01] [lr: 6.63e-06] [mem: 5.75e+03] (168.8 ms)
[479,     0] grad_stats: [1.77e-03 1.52e-03] (5.95e-04, 2.54e-02)
[479,   116] loss: 8.986225e-02 masks: 21.8 17.5 [wd: 3.98e-01] [lr: 6.37e-06] [mem: 5.75e+03] (169.0 ms)
[479,   116] grad_stats: [3.18e-03 1.71e-03] (6.15e-04, 2.95e-02)
[479,   232] loss: 8.923950e-02 masks: 22.3 17.3 [wd: 3.98e-01] [lr: 6.13e-06] [mem: 5.75e+03] (170.4 ms)
[479,   232] grad_stats: [1.88e-03 1.27e-03] (5.22e-04, 3.52e-02)
avg. loss 8.92395026e-02
time taken for epoch 0:00:53.200114
Epoch 480
[480,     0] loss: 9.375674e-02 masks: 25.0 16.0 [wd: 3.98e-01] [lr: 6.13e-06] [mem: 5.75e+03] (174.0 ms)
[480,     0] grad_stats: [1.85e-03 2.07e-03] (6.90e-04, 3.05e-02)
[480,   116] loss: 9.057280e-02 masks: 21.8 17.2 [wd: 3.99e-01] [lr: 5.89e-06] [mem: 5.75e+03] (168.4 ms)
[480,   116] grad_stats: [1.83e-03 1.37e-03] (5.91e-04, 2.41e-02)
[480,   232] loss: 9.059357e-02 masks: 21.6 17.4 [wd: 3.99e-01] [lr: 5.65e-06] [mem: 5.75e+03] (168.5 ms)
[480,   232] grad_stats: [2.03e-03 1.94e-03] (6.38e-04, 2.94e-02)
avg. loss 9.05935653e-02
time taken for epoch 0:00:52.708106
Epoch 481
[481,     0] loss: 8.928013e-02 masks: 25.0 16.0 [wd: 3.99e-01] [lr: 5.65e-06] [mem: 5.75e+03] (174.7 ms)
[481,     0] grad_stats: [3.85e-03 2.11e-03] (6.84e-04, 2.89e-02)
[481,   116] loss: 9.137877e-02 masks: 21.1 17.5 [wd: 3.99e-01] [lr: 5.42e-06] [mem: 5.75e+03] (167.1 ms)
[481,   116] grad_stats: [1.58e-03 3.45e-03] (8.69e-04, 4.54e-02)
[481,   232] loss: 9.057699e-02 masks: 21.6 17.4 [wd: 3.99e-01] [lr: 5.20e-06] [mem: 5.75e+03] (168.7 ms)
[481,   232] grad_stats: [1.74e-03 2.37e-03] (7.20e-04, 3.41e-02)
avg. loss 9.05769886e-02
time taken for epoch 0:00:52.648590
Epoch 482
[482,     0] loss: 9.068488e-02 masks: 25.0 16.0 [wd: 3.99e-01] [lr: 5.20e-06] [mem: 5.75e+03] (173.8 ms)
[482,     0] grad_stats: [2.30e-03 1.85e-03] (5.84e-04, 4.07e-02)
[482,   116] loss: 8.946364e-02 masks: 22.0 17.2 [wd: 3.99e-01] [lr: 4.98e-06] [mem: 5.75e+03] (169.1 ms)
[482,   116] grad_stats: [1.30e-03 2.83e-03] (6.23e-04, 2.47e-02)
[482,   232] loss: 8.973518e-02 masks: 22.1 17.2 [wd: 3.99e-01] [lr: 4.77e-06] [mem: 5.75e+03] (169.9 ms)
[482,   232] grad_stats: [2.35e-03 3.34e-03] (7.53e-04, 3.16e-02)
avg. loss 8.97351839e-02
time taken for epoch 0:00:53.010073
Epoch 483
[483,     0] loss: 8.644038e-02 masks: 23.0 16.0 [wd: 3.99e-01] [lr: 4.77e-06] [mem: 5.75e+03] (167.9 ms)
[483,     0] grad_stats: [3.40e-03 2.59e-03] (7.57e-04, 2.84e-02)
[483,   116] loss: 8.969708e-02 masks: 22.2 17.2 [wd: 3.99e-01] [lr: 4.56e-06] [mem: 5.75e+03] (169.8 ms)
[483,   116] grad_stats: [1.55e-03 1.56e-03] (5.14e-04, 2.60e-02)
[483,   232] loss: 8.979916e-02 masks: 22.3 17.2 [wd: 3.99e-01] [lr: 4.36e-06] [mem: 5.75e+03] (170.5 ms)
[483,   232] grad_stats: [2.03e-03 2.72e-03] (7.34e-04, 2.75e-02)
avg. loss 8.97991586e-02
time taken for epoch 0:00:53.174329
Epoch 484
[484,     0] loss: 9.059493e-02 masks: 25.0 16.0 [wd: 3.99e-01] [lr: 4.36e-06] [mem: 5.75e+03] (175.1 ms)
[484,     0] grad_stats: [1.77e-03 1.97e-03] (6.47e-04, 3.52e-02)
[484,   116] loss: 8.953375e-02 masks: 22.1 17.4 [wd: 3.99e-01] [lr: 4.17e-06] [mem: 5.75e+03] (169.6 ms)
[484,   116] grad_stats: [2.59e-03 2.45e-03] (8.02e-04, 3.89e-02)
[484,   232] loss: 8.932291e-02 masks: 22.3 17.2 [wd: 3.99e-01] [lr: 3.98e-06] [mem: 5.75e+03] (170.3 ms)
[484,   232] grad_stats: [1.62e-03 1.62e-03] (5.42e-04, 3.12e-02)
avg. loss 8.93229058e-02
time taken for epoch 0:00:53.166860
Epoch 485
[485,     0] loss: 7.658035e-02 masks: 33.0 12.0 [wd: 3.99e-01] [lr: 3.98e-06] [mem: 5.75e+03] (191.2 ms)
[485,     0] grad_stats: [1.61e-03 1.23e-03] (4.92e-04, 2.93e-02)
[485,   116] loss: 8.892761e-02 masks: 22.5 16.9 [wd: 3.99e-01] [lr: 3.80e-06] [mem: 5.75e+03] (170.1 ms)
[485,   116] grad_stats: [1.34e-03 1.84e-03] (7.06e-04, 2.31e-02)
[485,   232] loss: 8.948493e-02 masks: 22.3 17.1 [wd: 3.99e-01] [lr: 3.62e-06] [mem: 5.75e+03] (170.5 ms)
[485,   232] grad_stats: [1.33e-03 2.05e-03] (6.77e-04, 3.23e-02)
avg. loss 8.94849330e-02
time taken for epoch 0:00:53.191343
Epoch 486
[486,     0] loss: 9.830736e-02 masks: 15.0 20.0 [wd: 3.99e-01] [lr: 3.62e-06] [mem: 5.75e+03] (151.3 ms)
[486,     0] grad_stats: [1.81e-03 2.29e-03] (7.41e-04, 3.10e-02)
[486,   116] loss: 9.005387e-02 masks: 21.7 17.4 [wd: 3.99e-01] [lr: 3.45e-06] [mem: 5.75e+03] (168.5 ms)
[486,   116] grad_stats: [1.70e-03 1.42e-03] (5.61e-04, 2.41e-02)
[486,   232] loss: 8.999958e-02 masks: 21.8 17.4 [wd: 3.99e-01] [lr: 3.28e-06] [mem: 5.75e+03] (169.1 ms)
[486,   232] grad_stats: [1.86e-03 1.97e-03] (7.24e-04, 3.69e-02)
avg. loss 8.99995830e-02
time taken for epoch 0:00:52.849373
Epoch 487
[487,     0] loss: 9.353767e-02 masks: 17.0 16.0 [wd: 3.99e-01] [lr: 3.28e-06] [mem: 5.75e+03] (150.6 ms)
[487,     0] grad_stats: [2.05e-03 2.20e-03] (7.64e-04, 6.06e-02)
[487,   116] loss: 8.919647e-02 masks: 22.1 17.3 [wd: 3.99e-01] [lr: 3.12e-06] [mem: 5.75e+03] (169.6 ms)
[487,   116] grad_stats: [2.73e-03 1.61e-03] (5.25e-04, 2.62e-02)
[487,   232] loss: 8.919728e-02 masks: 22.4 17.1 [wd: 3.99e-01] [lr: 2.97e-06] [mem: 5.75e+03] (170.4 ms)
[487,   232] grad_stats: [1.15e-03 1.60e-03] (5.09e-04, 2.03e-02)
avg. loss 8.91972777e-02
time taken for epoch 0:00:53.189187
Epoch 488
[488,     0] loss: 7.611123e-02 masks: 29.0 16.0 [wd: 3.99e-01] [lr: 2.97e-06] [mem: 5.75e+03] (186.3 ms)
[488,     0] grad_stats: [1.51e-03 1.80e-03] (5.38e-04, 2.86e-02)
[488,   116] loss: 8.851771e-02 masks: 22.5 17.0 [wd: 3.99e-01] [lr: 2.82e-06] [mem: 5.75e+03] (170.2 ms)
[488,   116] grad_stats: [1.85e-03 1.88e-03] (6.44e-04, 3.69e-02)
[488,   232] loss: 8.872267e-02 masks: 22.6 16.9 [wd: 3.99e-01] [lr: 2.68e-06] [mem: 5.75e+03] (170.9 ms)
[488,   232] grad_stats: [1.39e-03 1.38e-03] (5.34e-04, 2.35e-02)
avg. loss 8.87226668e-02
time taken for epoch 0:00:53.340681
Epoch 489
[489,     0] loss: 9.247836e-02 masks: 21.0 16.0 [wd: 3.99e-01] [lr: 2.68e-06] [mem: 5.75e+03] (163.7 ms)
[489,     0] grad_stats: [2.44e-03 2.08e-03] (7.10e-04, 2.47e-02)
[489,   116] loss: 9.017602e-02 masks: 21.9 17.4 [wd: 4.00e-01] [lr: 2.54e-06] [mem: 5.75e+03] (169.2 ms)
[489,   116] grad_stats: [1.40e-03 2.80e-03] (6.78e-04, 2.51e-02)
[489,   232] loss: 9.011704e-02 masks: 21.6 17.5 [wd: 4.00e-01] [lr: 2.41e-06] [mem: 5.75e+03] (168.8 ms)
[489,   232] grad_stats: [1.51e-03 1.86e-03] (6.24e-04, 2.64e-02)
avg. loss 9.01170389e-02
time taken for epoch 0:00:52.828904
Epoch 490
[490,     0] loss: 8.836505e-02 masks: 22.0 16.0 [wd: 4.00e-01] [lr: 2.41e-06] [mem: 5.75e+03] (165.5 ms)
[490,     0] grad_stats: [3.82e-03 1.88e-03] (6.55e-04, 6.52e-02)
[490,   116] loss: 8.993991e-02 masks: 21.9 17.1 [wd: 4.00e-01] [lr: 2.28e-06] [mem: 5.75e+03] (168.7 ms)
[490,   116] grad_stats: [1.43e-03 1.99e-03] (7.02e-04, 3.73e-02)
[490,   232] loss: 9.031279e-02 masks: 21.6 17.5 [wd: 4.00e-01] [lr: 2.16e-06] [mem: 5.75e+03] (168.7 ms)
[490,   232] grad_stats: [1.81e-03 1.47e-03] (6.10e-04, 3.50e-02)
avg. loss 9.03127938e-02
time taken for epoch 0:00:52.792500
Epoch 491
[491,     0] loss: 9.508903e-02 masks: 17.0 16.0 [wd: 4.00e-01] [lr: 2.16e-06] [mem: 5.75e+03] (152.3 ms)
[491,     0] grad_stats: [3.27e-03 2.36e-03] (7.95e-04, 4.95e-02)
[491,   116] loss: 9.026650e-02 masks: 21.8 17.1 [wd: 4.00e-01] [lr: 2.05e-06] [mem: 5.75e+03] (168.4 ms)
[491,   116] grad_stats: [1.22e-03 1.55e-03] (5.22e-04, 1.98e-02)
[491,   232] loss: 9.020936e-02 masks: 21.7 17.3 [wd: 4.00e-01] [lr: 1.94e-06] [mem: 5.75e+03] (168.9 ms)
[491,   232] grad_stats: [1.21e-03 1.80e-03] (5.77e-04, 2.21e-02)
avg. loss 9.02093560e-02
time taken for epoch 0:00:52.848529
Epoch 492
[492,     0] loss: 8.554970e-02 masks: 20.0 20.0 [wd: 4.00e-01] [lr: 1.94e-06] [mem: 5.75e+03] (164.8 ms)
[492,     0] grad_stats: [1.54e-03 2.38e-03] (7.00e-04, 4.19e-02)
[492,   116] loss: 9.035049e-02 masks: 21.9 17.4 [wd: 4.00e-01] [lr: 1.84e-06] [mem: 5.75e+03] (168.9 ms)
[492,   116] grad_stats: [1.39e-03 1.49e-03] (6.45e-04, 4.02e-02)
[492,   232] loss: 8.946624e-02 masks: 22.1 17.2 [wd: 4.00e-01] [lr: 1.75e-06] [mem: 5.75e+03] (169.7 ms)
[492,   232] grad_stats: [1.66e-03 1.58e-03] (6.35e-04, 2.77e-02)
avg. loss 8.94662423e-02
time taken for epoch 0:00:52.999944
Epoch 493
[493,     0] loss: 8.855567e-02 masks: 23.0 16.0 [wd: 4.00e-01] [lr: 1.74e-06] [mem: 5.75e+03] (167.3 ms)
[493,     0] grad_stats: [2.82e-03 1.53e-03] (6.22e-04, 2.75e-02)
[493,   116] loss: 8.968815e-02 masks: 21.9 17.3 [wd: 4.00e-01] [lr: 1.65e-06] [mem: 5.75e+03] (168.9 ms)
[493,   116] grad_stats: [1.90e-03 2.24e-03] (7.65e-04, 3.33e-02)
[493,   232] loss: 8.936221e-02 masks: 22.3 17.2 [wd: 4.00e-01] [lr: 1.57e-06] [mem: 5.75e+03] (170.2 ms)
[493,   232] grad_stats: [2.80e-03 2.00e-03] (6.40e-04, 4.71e-02)
avg. loss 8.93622104e-02
time taken for epoch 0:00:53.079896
Epoch 494
[494,     0] loss: 8.621337e-02 masks: 29.0 16.0 [wd: 4.00e-01] [lr: 1.57e-06] [mem: 5.75e+03] (186.1 ms)
[494,     0] grad_stats: [2.02e-03 2.00e-03] (6.18e-04, 4.60e-02)
[494,   116] loss: 8.835348e-02 masks: 22.7 16.9 [wd: 4.00e-01] [lr: 1.49e-06] [mem: 5.75e+03] (170.6 ms)
[494,   116] grad_stats: [1.82e-03 1.43e-03] (5.63e-04, 4.44e-02)
[494,   232] loss: 9.004545e-02 masks: 21.8 17.2 [wd: 4.00e-01] [lr: 1.42e-06] [mem: 5.75e+03] (169.0 ms)
[494,   232] grad_stats: [2.11e-03 2.01e-03] (6.90e-04, 3.00e-02)
avg. loss 9.00454546e-02
time taken for epoch 0:00:52.715944
Epoch 495
[495,     0] loss: 9.012994e-02 masks: 18.0 20.0 [wd: 4.00e-01] [lr: 1.42e-06] [mem: 5.75e+03] (158.8 ms)
[495,     0] grad_stats: [2.52e-03 2.62e-03] (9.07e-04, 3.72e-02)
[495,   116] loss: 8.999148e-02 masks: 21.5 17.5 [wd: 4.00e-01] [lr: 1.35e-06] [mem: 5.75e+03] (168.0 ms)
[495,   116] grad_stats: [1.81e-03 1.16e-03] (5.08e-04, 2.38e-02)
[495,   232] loss: 8.992273e-02 masks: 21.7 17.4 [wd: 4.00e-01] [lr: 1.29e-06] [mem: 5.75e+03] (168.9 ms)
[495,   232] grad_stats: [1.29e-03 1.35e-03] (5.53e-04, 3.74e-02)
avg. loss 8.99227278e-02
time taken for epoch 0:00:52.937484
Epoch 496
[496,     0] loss: 9.853110e-02 masks: 19.0 20.0 [wd: 4.00e-01] [lr: 1.29e-06] [mem: 5.75e+03] (164.3 ms)
[496,     0] grad_stats: [2.52e-03 2.02e-03] (7.17e-04, 2.89e-02)
[496,   116] loss: 8.844863e-02 masks: 22.3 17.2 [wd: 4.00e-01] [lr: 1.24e-06] [mem: 5.75e+03] (170.2 ms)
[496,   116] grad_stats: [1.46e-03 1.99e-03] (6.31e-04, 3.52e-02)
[496,   232] loss: 8.878690e-02 masks: 22.3 17.2 [wd: 4.00e-01] [lr: 1.19e-06] [mem: 5.75e+03] (170.3 ms)
[496,   232] grad_stats: [1.15e-03 1.31e-03] (4.41e-04, 2.31e-02)
avg. loss 8.87869011e-02
time taken for epoch 0:00:53.156482
Epoch 497
[497,     0] loss: 8.824700e-02 masks: 25.0 16.0 [wd: 4.00e-01] [lr: 1.19e-06] [mem: 5.75e+03] (174.3 ms)
[497,     0] grad_stats: [1.38e-03 1.87e-03] (5.64e-04, 2.08e-02)
[497,   116] loss: 9.023542e-02 masks: 22.3 17.1 [wd: 4.00e-01] [lr: 1.14e-06] [mem: 5.75e+03] (169.6 ms)
[497,   116] grad_stats: [1.14e-03 2.22e-03] (7.00e-04, 3.21e-02)
[497,   232] loss: 9.011649e-02 masks: 21.8 17.3 [wd: 4.00e-01] [lr: 1.10e-06] [mem: 5.75e+03] (169.0 ms)
[497,   232] grad_stats: [1.95e-03 2.23e-03] (9.47e-04, 4.28e-02)
avg. loss 9.01164858e-02
time taken for epoch 0:00:52.841446
Epoch 498
[498,     0] loss: 8.760579e-02 masks: 21.0 16.0 [wd: 4.00e-01] [lr: 1.10e-06] [mem: 5.75e+03] (163.5 ms)
[498,     0] grad_stats: [1.26e-03 2.23e-03] (7.49e-04, 3.44e-02)
[498,   116] loss: 9.002422e-02 masks: 21.8 17.3 [wd: 4.00e-01] [lr: 1.07e-06] [mem: 5.75e+03] (168.8 ms)
[498,   116] grad_stats: [1.41e-03 1.97e-03] (6.23e-04, 4.97e-02)
[498,   232] loss: 8.957793e-02 masks: 22.0 17.2 [wd: 4.00e-01] [lr: 1.05e-06] [mem: 5.75e+03] (169.5 ms)
[498,   232] grad_stats: [1.62e-03 2.14e-03] (7.36e-04, 2.52e-02)
avg. loss 8.95779329e-02
time taken for epoch 0:00:52.953802
Epoch 499
[499,     0] loss: 9.369268e-02 masks: 26.0 16.0 [wd: 4.00e-01] [lr: 1.05e-06] [mem: 5.75e+03] (178.9 ms)
[499,     0] grad_stats: [1.34e-03 1.39e-03] (5.69e-04, 2.72e-02)
[499,   116] loss: 9.018360e-02 masks: 21.6 17.4 [wd: 4.00e-01] [lr: 1.03e-06] [mem: 5.75e+03] (168.2 ms)
[499,   116] grad_stats: [2.06e-03 2.58e-03] (7.88e-04, 3.49e-02)
[499,   232] loss: 9.015660e-02 masks: 21.7 17.4 [wd: 4.00e-01] [lr: 1.01e-06] [mem: 5.75e+03] (168.9 ms)
[499,   232] grad_stats: [2.43e-03 1.92e-03] (7.88e-04, 4.99e-02)
avg. loss 9.01566031e-02
time taken for epoch 0:00:53.473185
Epoch 500
[500,     0] loss: 1.111279e-01 masks: 12.0 20.0 [wd: 4.00e-01] [lr: 1.01e-06] [mem: 5.75e+03] (144.2 ms)
[500,     0] grad_stats: [3.76e-03 3.01e-03] (1.06e-03, 4.91e-02)
[500,   116] loss: 8.896723e-02 masks: 22.8 17.1 [wd: 4.00e-01] [lr: 1.00e-06] [mem: 5.75e+03] (171.2 ms)
[500,   116] grad_stats: [4.01e-03 2.74e-03] (6.19e-04, 4.04e-02)
[500,   232] loss: 8.900928e-02 masks: 22.7 17.1 [wd: 4.00e-01] [lr: 1.00e-06] [mem: 5.75e+03] (171.3 ms)
[500,   232] grad_stats: [3.03e-03 1.85e-03] (5.81e-04, 3.67e-02)
avg. loss 8.90092771e-02
	Epoch 500, KNN accuracy train: 7.56938e-01, KNN accuracy train: 6.44000e-01
time taken for epoch 0:01:35.469621
Total pretraining time 9:00:28.517935
