pretrain_checkpoint_epoch,epoch,train_accuracy,val_accuracy,loss,val_loss,time
10,1,1.90121e-01,2.29840e-01,4.27244e-03,3.87243e-03,10.81
10,2,2.69355e-01,2.53400e-01,3.58424e-03,3.69107e-03,1.35
10,3,2.91786e-01,2.65820e-01,3.43412e-03,3.60225e-03,1.35
10,4,3.05535e-01,2.74520e-01,3.34899e-03,3.54907e-03,1.35
10,5,3.14676e-01,2.80300e-01,3.29047e-03,3.51432e-03,1.36
10,6,3.21935e-01,2.86760e-01,3.24608e-03,3.47924e-03,1.34
10,7,3.27846e-01,2.89540e-01,3.21039e-03,3.45716e-03,1.32
10,8,3.33081e-01,2.91500e-01,3.18072e-03,3.44118e-03,1.32
10,9,3.36997e-01,2.97200e-01,3.15542e-03,3.42044e-03,1.32
10,10,3.41034e-01,2.96520e-01,3.13355e-03,3.40752e-03,1.33
10,11,3.44312e-01,3.00860e-01,3.11372e-03,3.39658e-03,1.35
10,12,3.47258e-01,3.00740e-01,3.09648e-03,3.38560e-03,1.35
10,13,3.49873e-01,3.00580e-01,3.08084e-03,3.37671e-03,1.35
10,14,3.52244e-01,3.04200e-01,3.06678e-03,3.36359e-03,1.34
10,15,3.54377e-01,3.04560e-01,3.05331e-03,3.35905e-03,1.33
10,16,3.56701e-01,3.09540e-01,3.04131e-03,3.34657e-03,1.34
10,17,3.58502e-01,3.09100e-01,3.03045e-03,3.34046e-03,1.35
10,18,3.60458e-01,3.10580e-01,3.01969e-03,3.32982e-03,1.33
10,19,3.61702e-01,3.09900e-01,3.01022e-03,3.32871e-03,1.34
10,20,3.63891e-01,3.10960e-01,3.00106e-03,3.32517e-03,1.34
10,21,3.64644e-01,3.13020e-01,2.99260e-03,3.31731e-03,1.34
10,22,3.66353e-01,3.12160e-01,2.98497e-03,3.31417e-03,1.34
10,23,3.68046e-01,3.13900e-01,2.97731e-03,3.30759e-03,1.35
10,24,3.69042e-01,3.14100e-01,2.96983e-03,3.30449e-03,1.35
10,25,3.69852e-01,3.14480e-01,2.96327e-03,3.29890e-03,1.35
10,26,3.71309e-01,3.15760e-01,2.95688e-03,3.29655e-03,1.35
10,27,3.72180e-01,3.15680e-01,2.95104e-03,3.29302e-03,1.35
10,28,3.73476e-01,3.16660e-01,2.94546e-03,3.28848e-03,1.35
10,29,3.74225e-01,3.17980e-01,2.93945e-03,3.28346e-03,1.34
10,30,3.74978e-01,3.16960e-01,2.93400e-03,3.28087e-03,1.33
10,31,3.76184e-01,3.19780e-01,2.92923e-03,3.27989e-03,1.33
10,32,3.76792e-01,3.20780e-01,2.92468e-03,3.27183e-03,1.34
10,33,3.77883e-01,3.20540e-01,2.91987e-03,3.27380e-03,1.34
10,34,3.78332e-01,3.21140e-01,2.91555e-03,3.26804e-03,1.34
10,35,3.79392e-01,3.21760e-01,2.91105e-03,3.26340e-03,1.34
10,36,3.79878e-01,3.20540e-01,2.90731e-03,3.26543e-03,1.33
10,37,3.80812e-01,3.22040e-01,2.90308e-03,3.26253e-03,1.35
10,38,3.81164e-01,3.20600e-01,2.89956e-03,3.26143e-03,1.37
10,39,3.81940e-01,3.24420e-01,2.89590e-03,3.25683e-03,1.35
10,40,3.82400e-01,3.23120e-01,2.89271e-03,3.25574e-03,1.36
10,41,3.83099e-01,3.21220e-01,2.88933e-03,3.25451e-03,1.37
10,42,3.83888e-01,3.22600e-01,2.88590e-03,3.25318e-03,1.35
10,43,3.84098e-01,3.22480e-01,2.88280e-03,3.25132e-03,1.35
10,44,3.84705e-01,3.24180e-01,2.87950e-03,3.24951e-03,1.35
10,45,3.84945e-01,3.24260e-01,2.87680e-03,3.24666e-03,1.34
10,46,3.85818e-01,3.25180e-01,2.87399e-03,3.24421e-03,1.34
10,47,3.86397e-01,3.24080e-01,2.87140e-03,3.24503e-03,1.34
10,48,3.86687e-01,3.24400e-01,2.86881e-03,3.24703e-03,1.35
10,49,3.87054e-01,3.22880e-01,2.86647e-03,3.24567e-03,1.36
10,50,3.87502e-01,3.25480e-01,2.86377e-03,3.23963e-03,1.36
10,51,3.87970e-01,3.26760e-01,2.86092e-03,3.23831e-03,1.36
10,52,3.88389e-01,3.25040e-01,2.85945e-03,3.24045e-03,1.35
10,53,3.88638e-01,3.26660e-01,2.85706e-03,3.23354e-03,1.37
10,54,3.89216e-01,3.26080e-01,2.85472e-03,3.23380e-03,1.37
10,55,3.89443e-01,3.26960e-01,2.85226e-03,3.23239e-03,1.35
10,56,3.89970e-01,3.27360e-01,2.85020e-03,3.23281e-03,1.35
10,57,3.90597e-01,3.27080e-01,2.84852e-03,3.23148e-03,1.36
10,58,3.90759e-01,3.28240e-01,2.84644e-03,3.22994e-03,1.37
10,59,3.91203e-01,3.29400e-01,2.84469e-03,3.22512e-03,1.37
10,60,3.91353e-01,3.26540e-01,2.84306e-03,3.23030e-03,1.37
10,61,3.91086e-01,3.27800e-01,2.84119e-03,3.22597e-03,1.36
10,62,3.91588e-01,3.28400e-01,2.83973e-03,3.22617e-03,1.36
10,63,3.92143e-01,3.28480e-01,2.83792e-03,3.22542e-03,1.37
10,64,3.92714e-01,3.28000e-01,2.83622e-03,3.22396e-03,1.35
10,65,3.92466e-01,3.28040e-01,2.83447e-03,3.22364e-03,1.36
10,66,3.92851e-01,3.28920e-01,2.83320e-03,3.22176e-03,1.36
10,67,3.93311e-01,3.28720e-01,2.83150e-03,3.22244e-03,1.35
10,68,3.93490e-01,3.30920e-01,2.83054e-03,3.22256e-03,1.35
10,69,3.93645e-01,3.27960e-01,2.82896e-03,3.22238e-03,1.36
10,70,3.94109e-01,3.27320e-01,2.82749e-03,3.22214e-03,1.35
10,71,3.94305e-01,3.29320e-01,2.82594e-03,3.21901e-03,1.35
10,72,3.94551e-01,3.28260e-01,2.82489e-03,3.21815e-03,1.36
10,73,3.94967e-01,3.28560e-01,2.82384e-03,3.21720e-03,1.35
10,74,3.94668e-01,3.30120e-01,2.82253e-03,3.21518e-03,1.35
10,75,3.95137e-01,3.28600e-01,2.82097e-03,3.21758e-03,1.35
10,76,3.95448e-01,3.30600e-01,2.82035e-03,3.21423e-03,1.35
10,77,3.95175e-01,3.29880e-01,2.81869e-03,3.21402e-03,1.36
10,78,3.95807e-01,3.29640e-01,2.81765e-03,3.21635e-03,1.37
10,79,3.95909e-01,3.30420e-01,2.81643e-03,3.21243e-03,1.36
10,80,3.96099e-01,3.30400e-01,2.81566e-03,3.21257e-03,1.36
10,81,3.96135e-01,3.30940e-01,2.81417e-03,3.21348e-03,1.35
10,82,3.96377e-01,3.29700e-01,2.81394e-03,3.21048e-03,1.34
10,83,3.96420e-01,3.30320e-01,2.81281e-03,3.20984e-03,1.35
10,84,3.96690e-01,3.31000e-01,2.81140e-03,3.20894e-03,1.36
10,85,3.96972e-01,3.30740e-01,2.81066e-03,3.20995e-03,1.36
10,86,3.97316e-01,3.31100e-01,2.80945e-03,3.21058e-03,1.36
10,87,3.97186e-01,3.29900e-01,2.80869e-03,3.21028e-03,1.35
10,88,3.97616e-01,3.32440e-01,2.80812e-03,3.20464e-03,1.35
10,89,3.97761e-01,3.31280e-01,2.80664e-03,3.20450e-03,1.35
10,90,3.98254e-01,3.29620e-01,2.80597e-03,3.20777e-03,1.34
10,91,3.98199e-01,3.32160e-01,2.80543e-03,3.20381e-03,1.33
10,92,3.98033e-01,3.29560e-01,2.80455e-03,3.20561e-03,1.34
10,93,3.98313e-01,3.31380e-01,2.80406e-03,3.20656e-03,1.33
10,94,3.98139e-01,3.31760e-01,2.80347e-03,3.20580e-03,1.34
10,95,3.98784e-01,3.30780e-01,2.80206e-03,3.20502e-03,1.33
10,96,3.98999e-01,3.31680e-01,2.80156e-03,3.20172e-03,1.33
10,97,3.98653e-01,3.31280e-01,2.80059e-03,3.20538e-03,1.33
10,98,3.98726e-01,3.34060e-01,2.80044e-03,3.20055e-03,1.35
10,99,3.99017e-01,3.32240e-01,2.79940e-03,3.20429e-03,1.35
10,100,3.99122e-01,3.31540e-01,2.79899e-03,3.20743e-03,1.35
10,101,3.99227e-01,3.31540e-01,2.79813e-03,3.20500e-03,1.33
10,102,3.99235e-01,3.31120e-01,2.79773e-03,3.20288e-03,1.33
10,103,3.99255e-01,3.30760e-01,2.79745e-03,3.20395e-03,1.34
10,104,3.99615e-01,3.29960e-01,2.79631e-03,3.20419e-03,1.33
10,105,3.99885e-01,3.32340e-01,2.79619e-03,3.20415e-03,1.34
10,106,3.99508e-01,3.30300e-01,2.79501e-03,3.20720e-03,1.34
10,107,4.00073e-01,3.32680e-01,2.79457e-03,3.19974e-03,1.34
10,108,3.99764e-01,3.32800e-01,2.79450e-03,3.19935e-03,1.35
10,109,4.00206e-01,3.32920e-01,2.79307e-03,3.19953e-03,1.35
10,110,4.00287e-01,3.31940e-01,2.79331e-03,3.20220e-03,1.37
10,111,4.00567e-01,3.31300e-01,2.79284e-03,3.19902e-03,1.35
10,112,4.00323e-01,3.31480e-01,2.79198e-03,3.20224e-03,1.36
10,113,4.00343e-01,3.32980e-01,2.79161e-03,3.19897e-03,1.36
10,114,4.00660e-01,3.34900e-01,2.79111e-03,3.19909e-03,1.35
10,115,4.00614e-01,3.31940e-01,2.79060e-03,3.20049e-03,1.33
10,116,4.00718e-01,3.32500e-01,2.79027e-03,3.19676e-03,1.36
10,117,4.00991e-01,3.34800e-01,2.78911e-03,3.19723e-03,1.38
10,118,4.00950e-01,3.31480e-01,2.78869e-03,3.19773e-03,1.38
10,119,4.01163e-01,3.31460e-01,2.78854e-03,3.19946e-03,1.38
10,120,4.00952e-01,3.32100e-01,2.78812e-03,3.20128e-03,1.37
10,121,4.01390e-01,3.32620e-01,2.78757e-03,3.19701e-03,1.38
10,122,4.01010e-01,3.30740e-01,2.78777e-03,3.20131e-03,1.37
10,123,4.01464e-01,3.32900e-01,2.78718e-03,3.19495e-03,1.36
10,124,4.01495e-01,3.34520e-01,2.78676e-03,3.19735e-03,1.36
10,125,4.01461e-01,3.32840e-01,2.78596e-03,3.19216e-03,1.36
10,126,4.01741e-01,3.33900e-01,2.78530e-03,3.19271e-03,1.37
10,127,4.01399e-01,3.33100e-01,2.78530e-03,3.19524e-03,1.36
10,128,4.01621e-01,3.32800e-01,2.78485e-03,3.19374e-03,1.35
10,129,4.01651e-01,3.32880e-01,2.78458e-03,3.19422e-03,1.35
10,130,4.01581e-01,3.34220e-01,2.78442e-03,3.19786e-03,1.35
10,131,4.01848e-01,3.32220e-01,2.78407e-03,3.19711e-03,1.35
10,132,4.01820e-01,3.33860e-01,2.78354e-03,3.19645e-03,1.34
10,133,4.01948e-01,3.32640e-01,2.78367e-03,3.19161e-03,1.34
10,134,4.01882e-01,3.31720e-01,2.78295e-03,3.19388e-03,1.35
10,135,4.01841e-01,3.34940e-01,2.78298e-03,3.19335e-03,1.36
10,136,4.02003e-01,3.32620e-01,2.78239e-03,3.19188e-03,1.33
10,137,4.02133e-01,3.32480e-01,2.78187e-03,3.19566e-03,1.33
10,138,4.01959e-01,3.34120e-01,2.78202e-03,3.19454e-03,1.36
10,139,4.02230e-01,3.32760e-01,2.78176e-03,3.19428e-03,1.35
10,140,4.02095e-01,3.32620e-01,2.78155e-03,3.19702e-03,1.35
10,141,4.02339e-01,3.32680e-01,2.78114e-03,3.19333e-03,1.35
10,142,4.02254e-01,3.34020e-01,2.78101e-03,3.19268e-03,1.37
10,143,4.02376e-01,3.32420e-01,2.78038e-03,3.19618e-03,1.35
10,144,4.02522e-01,3.32660e-01,2.78004e-03,3.19241e-03,1.35
10,145,4.02375e-01,3.33160e-01,2.77964e-03,3.19130e-03,1.35
10,146,4.02741e-01,3.32860e-01,2.77955e-03,3.19424e-03,1.35
10,147,4.02721e-01,3.34400e-01,2.77953e-03,3.19054e-03,1.34
10,148,4.02670e-01,3.33460e-01,2.77885e-03,3.19199e-03,1.35
10,149,4.02808e-01,3.32400e-01,2.77887e-03,3.19784e-03,1.36
10,150,4.02732e-01,3.34760e-01,2.77890e-03,3.19325e-03,1.36
10,151,4.02808e-01,3.33860e-01,2.77857e-03,3.19335e-03,1.35
10,152,4.02820e-01,3.34580e-01,2.77828e-03,3.19222e-03,1.35
10,153,4.02684e-01,3.33400e-01,2.77805e-03,3.19267e-03,1.35
10,154,4.02695e-01,3.34280e-01,2.77778e-03,3.19316e-03,1.35
10,155,4.02786e-01,3.34100e-01,2.77736e-03,3.19528e-03,1.36
10,156,4.03451e-01,3.33220e-01,2.77693e-03,3.19073e-03,1.35
10,157,4.03171e-01,3.33860e-01,2.77725e-03,3.19036e-03,1.35
10,158,4.02969e-01,3.31560e-01,2.77678e-03,3.19390e-03,1.35
10,159,4.03092e-01,3.32900e-01,2.77685e-03,3.19253e-03,1.35
10,160,4.03380e-01,3.33820e-01,2.77650e-03,3.19162e-03,1.34
10,161,4.03182e-01,3.32580e-01,2.77654e-03,3.19220e-03,1.35
10,162,4.03090e-01,3.33680e-01,2.77609e-03,3.19053e-03,1.34
10,163,4.03277e-01,3.33360e-01,2.77601e-03,3.19007e-03,1.32
10,164,4.03259e-01,3.34160e-01,2.77599e-03,3.19007e-03,1.34
10,165,4.03285e-01,3.32540e-01,2.77594e-03,3.19022e-03,1.34
10,166,4.03438e-01,3.35360e-01,2.77554e-03,3.18954e-03,1.35
10,167,4.03038e-01,3.35580e-01,2.77541e-03,3.19010e-03,1.33
10,168,4.03283e-01,3.34580e-01,2.77505e-03,3.19350e-03,1.33
10,169,4.03743e-01,3.30920e-01,2.77515e-03,3.19418e-03,1.33
10,170,4.03420e-01,3.33940e-01,2.77476e-03,3.18883e-03,1.34
10,171,4.03674e-01,3.34000e-01,2.77459e-03,3.19080e-03,1.33
10,172,4.03628e-01,3.33480e-01,2.77473e-03,3.19013e-03,1.34
10,173,4.03437e-01,3.35900e-01,2.77455e-03,3.18959e-03,1.34
10,174,4.03300e-01,3.32480e-01,2.77411e-03,3.19087e-03,1.34
10,175,4.04020e-01,3.35680e-01,2.77384e-03,3.19079e-03,1.34
10,176,4.03559e-01,3.34060e-01,2.77384e-03,3.18521e-03,1.35
10,177,4.03627e-01,3.34880e-01,2.77422e-03,3.18802e-03,1.34
10,178,4.03857e-01,3.32540e-01,2.77360e-03,3.19162e-03,1.35
10,179,4.03588e-01,3.34360e-01,2.77374e-03,3.18621e-03,1.32
10,180,4.03580e-01,3.33740e-01,2.77326e-03,3.19076e-03,1.33
10,181,4.04075e-01,3.33900e-01,2.77332e-03,3.19121e-03,1.34
10,182,4.03691e-01,3.34400e-01,2.77332e-03,3.18983e-03,1.34
10,183,4.03869e-01,3.34360e-01,2.77294e-03,3.18992e-03,1.33
10,184,4.03715e-01,3.33960e-01,2.77302e-03,3.18829e-03,1.34
10,185,4.03823e-01,3.33980e-01,2.77294e-03,3.18948e-03,1.34
10,186,4.03922e-01,3.33040e-01,2.77255e-03,3.19070e-03,1.34
10,187,4.03840e-01,3.34360e-01,2.77257e-03,3.18721e-03,1.34
10,188,4.03919e-01,3.33260e-01,2.77221e-03,3.19021e-03,1.35
10,189,4.03748e-01,3.34380e-01,2.77249e-03,3.19081e-03,1.35
10,190,4.04083e-01,3.36780e-01,2.77222e-03,3.18552e-03,1.32
10,191,4.04112e-01,3.33440e-01,2.77188e-03,3.18825e-03,1.32
10,192,4.03930e-01,3.34100e-01,2.77156e-03,3.18842e-03,1.32
10,193,4.03944e-01,3.34760e-01,2.77189e-03,3.18665e-03,1.35
10,194,4.03998e-01,3.33940e-01,2.77133e-03,3.19271e-03,1.35
10,195,4.04071e-01,3.34100e-01,2.77159e-03,3.18967e-03,1.35
10,196,4.03673e-01,3.35720e-01,2.77209e-03,3.18635e-03,1.35
10,197,4.04285e-01,3.33660e-01,2.77107e-03,3.18909e-03,1.35
10,198,4.04057e-01,3.35380e-01,2.77142e-03,3.18712e-03,1.35
10,199,4.04092e-01,3.34300e-01,2.77125e-03,3.18475e-03,1.36
10,200,4.03848e-01,3.33960e-01,2.77151e-03,3.19061e-03,1.35
100,1,3.97059e-01,4.46260e-01,3.00717e-03,2.54316e-03,9.87
100,2,5.09382e-01,4.77440e-01,2.18457e-03,2.34320e-03,1.35
100,3,5.37241e-01,4.91800e-01,2.02491e-03,2.25876e-03,1.37
100,4,5.53299e-01,5.00720e-01,1.93633e-03,2.20717e-03,1.35
100,5,5.64236e-01,5.06880e-01,1.87687e-03,2.17178e-03,1.34
100,6,5.72748e-01,5.11480e-01,1.83263e-03,2.14659e-03,1.34
100,7,5.78895e-01,5.15420e-01,1.79813e-03,2.12758e-03,1.34
100,8,5.84327e-01,5.17700e-01,1.77003e-03,2.11060e-03,1.35
100,9,5.88816e-01,5.19740e-01,1.74639e-03,2.10165e-03,1.35
100,10,5.92603e-01,5.21740e-01,1.72607e-03,2.09114e-03,1.34
100,11,5.96020e-01,5.22060e-01,1.70869e-03,2.08112e-03,1.35
100,12,5.98926e-01,5.25620e-01,1.69361e-03,2.07291e-03,1.35
100,13,6.01726e-01,5.24860e-01,1.67987e-03,2.06873e-03,1.34
100,14,6.03885e-01,5.26380e-01,1.66781e-03,2.06393e-03,1.36
100,15,6.06156e-01,5.27260e-01,1.65674e-03,2.05881e-03,1.35
100,16,6.08058e-01,5.28740e-01,1.64636e-03,2.05242e-03,1.35
100,17,6.10012e-01,5.30440e-01,1.63734e-03,2.04987e-03,1.35
100,18,6.11365e-01,5.30240e-01,1.62907e-03,2.04496e-03,1.34
100,19,6.12798e-01,5.30660e-01,1.62130e-03,2.04572e-03,1.34
100,20,6.14340e-01,5.31000e-01,1.61411e-03,2.04086e-03,1.34
100,21,6.15579e-01,5.31680e-01,1.60728e-03,2.03935e-03,1.36
100,22,6.17002e-01,5.30460e-01,1.60141e-03,2.03841e-03,1.34
100,23,6.18143e-01,5.32620e-01,1.59495e-03,2.03113e-03,1.34
100,24,6.19093e-01,5.32960e-01,1.58951e-03,2.03148e-03,1.34
100,25,6.20110e-01,5.34060e-01,1.58443e-03,2.02847e-03,1.33
100,26,6.21209e-01,5.34520e-01,1.58016e-03,2.02615e-03,1.33
100,27,6.22243e-01,5.33660e-01,1.57526e-03,2.02868e-03,1.34
100,28,6.22590e-01,5.32980e-01,1.57123e-03,2.02520e-03,1.34
100,29,6.23593e-01,5.34220e-01,1.56701e-03,2.02465e-03,1.35
100,30,6.24691e-01,5.35320e-01,1.56303e-03,2.02257e-03,1.37
100,31,6.25353e-01,5.34280e-01,1.55975e-03,2.02446e-03,1.34
100,32,6.25868e-01,5.36220e-01,1.55608e-03,2.01902e-03,1.34
100,33,6.26281e-01,5.36340e-01,1.55265e-03,2.01912e-03,1.34
100,34,6.26771e-01,5.34680e-01,1.54973e-03,2.01976e-03,1.33
100,35,6.27717e-01,5.36080e-01,1.54672e-03,2.02071e-03,1.35
100,36,6.28401e-01,5.36380e-01,1.54358e-03,2.01839e-03,1.36
100,37,6.28578e-01,5.36960e-01,1.54127e-03,2.01746e-03,1.36
100,38,6.29389e-01,5.36800e-01,1.53827e-03,2.01649e-03,1.34
100,39,6.29809e-01,5.36340e-01,1.53611e-03,2.01671e-03,1.35
100,40,6.30288e-01,5.38920e-01,1.53365e-03,2.01032e-03,1.33
100,41,6.31059e-01,5.34880e-01,1.53158e-03,2.01692e-03,1.35
100,42,6.31040e-01,5.35540e-01,1.52923e-03,2.01392e-03,1.36
100,43,6.31760e-01,5.35620e-01,1.52680e-03,2.01616e-03,1.34
100,44,6.31859e-01,5.38840e-01,1.52481e-03,2.01338e-03,1.35
100,45,6.32511e-01,5.37400e-01,1.52330e-03,2.01090e-03,1.35
100,46,6.32581e-01,5.37180e-01,1.52124e-03,2.01426e-03,1.34
100,47,6.33196e-01,5.37420e-01,1.51924e-03,2.00992e-03,1.35
100,48,6.33480e-01,5.37260e-01,1.51806e-03,2.01208e-03,1.36
100,49,6.33786e-01,5.37820e-01,1.51542e-03,2.00943e-03,1.38
100,50,6.34034e-01,5.38500e-01,1.51414e-03,2.00962e-03,1.36
100,51,6.34448e-01,5.37720e-01,1.51294e-03,2.00942e-03,1.33
100,52,6.34962e-01,5.38420e-01,1.51131e-03,2.00855e-03,1.34
100,53,6.34906e-01,5.38480e-01,1.50979e-03,2.01167e-03,1.35
100,54,6.35356e-01,5.38980e-01,1.50805e-03,2.00935e-03,1.34
100,55,6.35432e-01,5.37760e-01,1.50692e-03,2.00618e-03,1.35
100,56,6.35771e-01,5.38780e-01,1.50574e-03,2.00577e-03,1.36
100,57,6.36224e-01,5.38720e-01,1.50440e-03,2.00822e-03,1.35
100,58,6.36195e-01,5.39060e-01,1.50297e-03,2.00684e-03,1.35
100,59,6.36303e-01,5.38460e-01,1.50233e-03,2.00705e-03,1.34
100,60,6.36730e-01,5.38820e-01,1.50110e-03,2.00892e-03,1.36
100,61,6.37169e-01,5.38260e-01,1.49980e-03,2.00839e-03,1.37
100,62,6.37335e-01,5.39420e-01,1.49856e-03,2.00418e-03,1.36
100,63,6.37444e-01,5.37900e-01,1.49771e-03,2.00709e-03,1.37
100,64,6.37835e-01,5.39260e-01,1.49706e-03,2.00560e-03,1.35
100,65,6.37796e-01,5.39080e-01,1.49561e-03,2.00512e-03,1.35
100,66,6.37829e-01,5.37940e-01,1.49462e-03,2.00384e-03,1.35
100,67,6.38295e-01,5.39220e-01,1.49391e-03,2.00574e-03,1.35
100,68,6.38578e-01,5.40000e-01,1.49272e-03,2.00571e-03,1.36
100,69,6.38632e-01,5.38920e-01,1.49220e-03,2.00517e-03,1.35
100,70,6.38565e-01,5.37560e-01,1.49122e-03,2.00655e-03,1.35
100,71,6.38978e-01,5.39140e-01,1.49038e-03,2.00279e-03,1.35
100,72,6.38960e-01,5.39560e-01,1.48970e-03,2.00201e-03,1.36
100,73,6.39284e-01,5.39400e-01,1.48911e-03,2.00446e-03,1.36
100,74,6.39336e-01,5.40360e-01,1.48812e-03,2.00157e-03,1.36
100,75,6.39196e-01,5.38840e-01,1.48745e-03,2.00374e-03,1.33
100,76,6.39753e-01,5.39660e-01,1.48650e-03,2.00106e-03,1.36
100,77,6.39922e-01,5.40100e-01,1.48586e-03,2.00306e-03,1.34
100,78,6.39623e-01,5.41000e-01,1.48541e-03,2.00239e-03,1.35
100,79,6.40006e-01,5.40480e-01,1.48476e-03,2.00228e-03,1.34
100,80,6.40173e-01,5.40780e-01,1.48410e-03,1.99914e-03,1.35
100,81,6.40063e-01,5.39200e-01,1.48320e-03,2.00201e-03,1.35
100,82,6.40230e-01,5.39660e-01,1.48293e-03,2.00354e-03,1.36
100,83,6.40640e-01,5.39020e-01,1.48216e-03,2.00111e-03,1.34
100,84,6.40701e-01,5.39680e-01,1.48170e-03,1.99977e-03,1.34
100,85,6.40403e-01,5.39420e-01,1.48155e-03,2.00231e-03,1.36
100,86,6.41025e-01,5.39820e-01,1.48050e-03,2.00193e-03,1.34
100,87,6.40821e-01,5.38820e-01,1.48025e-03,2.00514e-03,1.34
100,88,6.41277e-01,5.39940e-01,1.47974e-03,2.00299e-03,1.34
100,89,6.41203e-01,5.41400e-01,1.47916e-03,2.00194e-03,1.35
100,90,6.41198e-01,5.39500e-01,1.47875e-03,2.00123e-03,1.36
100,91,6.41533e-01,5.39840e-01,1.47813e-03,2.00069e-03,1.35
100,92,6.41614e-01,5.40400e-01,1.47759e-03,2.00020e-03,1.34
100,93,6.41543e-01,5.39800e-01,1.47757e-03,2.00164e-03,1.35
100,94,6.42060e-01,5.40620e-01,1.47658e-03,2.00318e-03,1.34
100,95,6.41893e-01,5.38560e-01,1.47676e-03,2.00156e-03,1.34
100,96,6.41775e-01,5.41280e-01,1.47619e-03,1.99795e-03,1.33
100,97,6.41606e-01,5.41180e-01,1.47545e-03,2.00080e-03,1.34
100,98,6.41919e-01,5.38600e-01,1.47547e-03,2.00311e-03,1.35
100,99,6.41898e-01,5.40980e-01,1.47484e-03,1.99918e-03,1.35
100,100,6.42118e-01,5.39780e-01,1.47449e-03,1.99966e-03,1.36
100,101,6.42247e-01,5.39660e-01,1.47411e-03,2.00062e-03,1.34
100,102,6.42410e-01,5.41260e-01,1.47373e-03,1.99856e-03,1.35
100,103,6.42453e-01,5.40260e-01,1.47339e-03,2.00014e-03,1.35
100,104,6.42334e-01,5.40960e-01,1.47331e-03,1.99919e-03,1.34
100,105,6.42314e-01,5.39740e-01,1.47273e-03,1.99994e-03,1.34
100,106,6.42546e-01,5.39700e-01,1.47252e-03,2.00021e-03,1.34
100,107,6.42698e-01,5.39940e-01,1.47219e-03,1.99763e-03,1.35
100,108,6.42778e-01,5.39260e-01,1.47168e-03,2.00201e-03,1.34
100,109,6.42702e-01,5.39420e-01,1.47171e-03,2.00324e-03,1.35
100,110,6.42982e-01,5.40560e-01,1.47162e-03,1.99852e-03,1.35
100,111,6.42831e-01,5.41280e-01,1.47104e-03,1.99847e-03,1.34
100,112,6.42801e-01,5.39480e-01,1.47073e-03,2.00035e-03,1.34
100,113,6.42876e-01,5.39780e-01,1.47030e-03,1.99958e-03,1.34
100,114,6.43289e-01,5.40420e-01,1.46999e-03,1.99705e-03,1.35
100,115,6.43102e-01,5.40980e-01,1.46984e-03,1.99840e-03,1.36
100,116,6.43020e-01,5.40180e-01,1.46988e-03,2.00066e-03,1.36
100,117,6.43049e-01,5.40300e-01,1.46961e-03,1.99986e-03,1.34
100,118,6.43258e-01,5.40020e-01,1.46912e-03,1.99832e-03,1.35
100,119,6.43140e-01,5.39860e-01,1.46913e-03,1.99971e-03,1.35
100,120,6.42858e-01,5.41280e-01,1.46873e-03,2.00227e-03,1.34
100,121,6.43508e-01,5.41360e-01,1.46843e-03,1.99663e-03,1.35
100,122,6.43268e-01,5.39300e-01,1.46806e-03,2.00026e-03,1.36
100,123,6.43445e-01,5.39540e-01,1.46792e-03,2.00317e-03,1.35
100,124,6.43299e-01,5.40180e-01,1.46796e-03,1.99790e-03,1.36
100,125,6.43307e-01,5.39240e-01,1.46756e-03,2.00080e-03,1.35
100,126,6.43623e-01,5.39260e-01,1.46724e-03,2.00000e-03,1.35
100,127,6.43872e-01,5.39880e-01,1.46719e-03,1.99834e-03,1.35
100,128,6.43470e-01,5.40520e-01,1.46676e-03,2.00060e-03,1.35
100,129,6.43750e-01,5.40920e-01,1.46658e-03,1.99679e-03,1.36
100,130,6.43668e-01,5.39920e-01,1.46665e-03,1.99853e-03,1.35
100,131,6.43457e-01,5.39400e-01,1.46672e-03,2.00190e-03,1.35
100,132,6.43564e-01,5.39800e-01,1.46622e-03,1.99818e-03,1.36
100,133,6.43858e-01,5.40480e-01,1.46629e-03,2.00010e-03,1.36
100,134,6.43561e-01,5.41800e-01,1.46583e-03,1.99606e-03,1.36
100,135,6.43629e-01,5.41200e-01,1.46591e-03,1.99763e-03,1.35
100,136,6.44135e-01,5.39160e-01,1.46572e-03,1.99997e-03,1.36
100,137,6.43910e-01,5.40760e-01,1.46541e-03,1.99943e-03,1.35
100,138,6.44217e-01,5.40040e-01,1.46513e-03,1.99735e-03,1.35
100,139,6.43882e-01,5.41480e-01,1.46494e-03,1.99668e-03,1.35
100,140,6.43879e-01,5.39460e-01,1.46522e-03,2.00222e-03,1.35
100,141,6.44252e-01,5.38440e-01,1.46467e-03,1.99928e-03,1.34
100,142,6.43953e-01,5.40600e-01,1.46479e-03,1.99980e-03,1.34
100,143,6.44167e-01,5.40620e-01,1.46465e-03,1.99672e-03,1.35
100,144,6.43920e-01,5.40120e-01,1.46462e-03,1.99674e-03,1.36
100,145,6.43975e-01,5.39880e-01,1.46441e-03,1.99866e-03,1.36
100,146,6.43957e-01,5.41040e-01,1.46409e-03,1.99402e-03,1.36
100,147,6.44314e-01,5.41300e-01,1.46393e-03,1.99833e-03,1.36
100,148,6.44395e-01,5.41740e-01,1.46409e-03,1.99917e-03,1.36
100,149,6.44069e-01,5.39660e-01,1.46398e-03,1.99660e-03,1.37
100,150,6.44528e-01,5.41560e-01,1.46359e-03,1.99754e-03,1.37
100,151,6.44062e-01,5.39620e-01,1.46359e-03,1.99872e-03,1.36
100,152,6.44373e-01,5.39700e-01,1.46335e-03,1.99850e-03,1.37
100,153,6.44268e-01,5.40340e-01,1.46348e-03,1.99822e-03,1.35
100,154,6.44551e-01,5.41200e-01,1.46337e-03,2.00056e-03,1.36
100,155,6.44218e-01,5.41740e-01,1.46314e-03,1.99596e-03,1.36
100,156,6.44390e-01,5.41020e-01,1.46313e-03,2.00006e-03,1.36
100,157,6.44340e-01,5.40620e-01,1.46303e-03,1.99690e-03,1.35
100,158,6.44087e-01,5.41120e-01,1.46292e-03,1.99770e-03,1.35
100,159,6.44438e-01,5.40180e-01,1.46255e-03,1.99779e-03,1.36
100,160,6.44498e-01,5.41200e-01,1.46282e-03,1.99846e-03,1.36
100,161,6.44285e-01,5.39880e-01,1.46290e-03,1.99548e-03,1.36
100,162,6.44420e-01,5.40260e-01,1.46228e-03,1.99804e-03,1.37
100,163,6.44233e-01,5.41840e-01,1.46217e-03,1.99482e-03,1.36
100,164,6.44673e-01,5.41720e-01,1.46244e-03,1.99915e-03,1.35
100,165,6.44597e-01,5.40860e-01,1.46218e-03,1.99940e-03,1.35
100,166,6.44538e-01,5.40580e-01,1.46224e-03,2.00096e-03,1.36
100,167,6.44501e-01,5.40600e-01,1.46214e-03,1.99768e-03,1.36
100,168,6.44670e-01,5.41540e-01,1.46187e-03,1.99449e-03,1.35
100,169,6.44559e-01,5.41760e-01,1.46173e-03,1.99838e-03,1.35
100,170,6.44785e-01,5.40440e-01,1.46177e-03,1.99566e-03,1.34
100,171,6.44716e-01,5.40680e-01,1.46149e-03,1.99885e-03,1.37
100,172,6.44590e-01,5.40860e-01,1.46182e-03,1.99739e-03,1.36
100,173,6.44277e-01,5.40660e-01,1.46178e-03,1.99558e-03,1.36
100,174,6.44508e-01,5.40000e-01,1.46167e-03,1.99603e-03,1.35
100,175,6.44679e-01,5.40080e-01,1.46197e-03,1.99868e-03,1.36
100,176,6.44678e-01,5.40480e-01,1.46139e-03,1.99532e-03,1.36
100,177,6.44729e-01,5.40060e-01,1.46115e-03,1.99664e-03,1.35
100,178,6.45021e-01,5.41400e-01,1.46134e-03,1.99662e-03,1.36
100,179,6.44543e-01,5.40600e-01,1.46135e-03,1.99853e-03,1.36
100,180,6.44964e-01,5.40080e-01,1.46105e-03,1.99810e-03,1.36
100,181,6.44797e-01,5.41440e-01,1.46126e-03,1.99242e-03,1.35
100,182,6.44943e-01,5.39440e-01,1.46097e-03,1.99856e-03,1.35
100,183,6.45035e-01,5.42640e-01,1.46083e-03,1.99623e-03,1.36
100,184,6.44480e-01,5.40420e-01,1.46125e-03,1.99649e-03,1.36
100,185,6.44658e-01,5.40720e-01,1.46079e-03,1.99654e-03,1.36
100,186,6.45010e-01,5.40620e-01,1.46061e-03,1.99543e-03,1.37
100,187,6.44839e-01,5.40060e-01,1.46082e-03,1.99634e-03,1.34
100,188,6.44816e-01,5.40900e-01,1.46066e-03,1.99688e-03,1.34
100,189,6.44924e-01,5.41460e-01,1.46069e-03,1.99516e-03,1.34
100,190,6.44903e-01,5.41420e-01,1.46063e-03,1.99580e-03,1.35
100,191,6.45112e-01,5.39600e-01,1.46032e-03,1.99555e-03,1.36
100,192,6.45011e-01,5.39460e-01,1.46034e-03,1.99824e-03,1.36
100,193,6.44816e-01,5.40760e-01,1.46062e-03,1.99596e-03,1.36
100,194,6.44648e-01,5.40520e-01,1.46061e-03,1.99769e-03,1.35
100,195,6.44907e-01,5.41400e-01,1.46045e-03,1.99550e-03,1.36
100,196,6.44833e-01,5.40180e-01,1.46020e-03,1.99936e-03,1.36
100,197,6.44962e-01,5.39480e-01,1.46000e-03,1.99671e-03,1.36
100,198,6.44845e-01,5.41940e-01,1.46004e-03,1.99734e-03,1.35
100,199,6.44968e-01,5.40700e-01,1.46012e-03,1.99582e-03,1.35
100,200,6.44849e-01,5.40320e-01,1.45990e-03,1.99518e-03,1.35
20,1,2.48049e-01,2.95440e-01,3.84040e-03,3.39371e-03,9.82
20,2,3.46666e-01,3.24360e-01,3.05834e-03,3.18389e-03,1.36
20,3,3.74536e-01,3.40980e-01,2.88947e-03,3.09066e-03,1.36
20,4,3.90792e-01,3.48680e-01,2.79647e-03,3.03161e-03,1.34
20,5,4.01392e-01,3.55860e-01,2.73319e-03,2.99558e-03,1.35
20,6,4.09829e-01,3.61080e-01,2.68682e-03,2.96356e-03,1.35
20,7,4.16087e-01,3.65640e-01,2.65007e-03,2.94160e-03,1.35
20,8,4.21408e-01,3.69920e-01,2.62032e-03,2.92344e-03,1.35
20,9,4.26023e-01,3.70260e-01,2.59485e-03,2.90604e-03,1.35
20,10,4.29642e-01,3.73120e-01,2.57319e-03,2.89183e-03,1.36
20,11,4.33152e-01,3.75660e-01,2.55471e-03,2.88417e-03,1.35
20,12,4.36093e-01,3.74540e-01,2.53760e-03,2.87904e-03,1.35
20,13,4.39225e-01,3.78780e-01,2.52241e-03,2.86419e-03,1.34
20,14,4.41259e-01,3.82920e-01,2.50923e-03,2.85616e-03,1.34
20,15,4.43902e-01,3.81780e-01,2.49687e-03,2.85129e-03,1.34
20,16,4.45812e-01,3.81460e-01,2.48590e-03,2.84449e-03,1.34
20,17,4.47487e-01,3.83520e-01,2.47530e-03,2.83657e-03,1.34
20,18,4.49663e-01,3.85660e-01,2.46616e-03,2.83047e-03,1.34
20,19,4.50919e-01,3.84200e-01,2.45703e-03,2.82579e-03,1.35
20,20,4.52540e-01,3.85100e-01,2.44941e-03,2.82549e-03,1.35
20,21,4.53908e-01,3.86460e-01,2.44156e-03,2.82032e-03,1.35
20,22,4.55613e-01,3.89340e-01,2.43434e-03,2.81660e-03,1.34
20,23,4.56569e-01,3.87380e-01,2.42788e-03,2.81147e-03,1.35
20,24,4.57747e-01,3.90640e-01,2.42145e-03,2.80964e-03,1.34
20,25,4.59028e-01,3.88280e-01,2.41533e-03,2.80818e-03,1.35
20,26,4.60344e-01,3.90060e-01,2.40967e-03,2.80390e-03,1.35
20,27,4.60991e-01,3.91720e-01,2.40446e-03,2.80152e-03,1.35
20,28,4.61959e-01,3.90780e-01,2.39916e-03,2.79489e-03,1.35
20,29,4.63049e-01,3.91660e-01,2.39458e-03,2.79396e-03,1.34
20,30,4.63450e-01,3.92440e-01,2.39016e-03,2.79136e-03,1.33
20,31,4.64832e-01,3.91860e-01,2.38575e-03,2.78581e-03,1.33
20,32,4.65430e-01,3.92640e-01,2.38127e-03,2.78856e-03,1.34
20,33,4.66167e-01,3.94320e-01,2.37796e-03,2.78468e-03,1.33
20,34,4.66520e-01,3.93340e-01,2.37370e-03,2.78704e-03,1.34
20,35,4.67289e-01,3.95040e-01,2.37043e-03,2.78281e-03,1.32
20,36,4.68288e-01,3.94680e-01,2.36680e-03,2.77750e-03,1.34
20,37,4.68689e-01,3.94960e-01,2.36351e-03,2.77941e-03,1.35
20,38,4.69215e-01,3.95120e-01,2.36029e-03,2.77770e-03,1.34
20,39,4.69737e-01,3.94500e-01,2.35747e-03,2.77483e-03,1.33
20,40,4.70342e-01,3.96100e-01,2.35429e-03,2.77358e-03,1.32
20,41,4.71077e-01,3.95760e-01,2.35126e-03,2.77334e-03,1.32
20,42,4.71761e-01,3.95580e-01,2.34898e-03,2.77360e-03,1.32
20,43,4.71940e-01,3.97840e-01,2.34649e-03,2.76932e-03,1.35
20,44,4.72349e-01,3.97000e-01,2.34382e-03,2.76670e-03,1.34
20,45,4.72786e-01,3.96820e-01,2.34136e-03,2.76661e-03,1.32
20,46,4.73511e-01,3.97160e-01,2.33902e-03,2.76745e-03,1.32
20,47,4.73713e-01,3.96720e-01,2.33653e-03,2.76479e-03,1.33
20,48,4.74126e-01,3.97900e-01,2.33492e-03,2.76211e-03,1.35
20,49,4.74382e-01,3.97460e-01,2.33241e-03,2.76532e-03,1.36
20,50,4.75058e-01,3.98100e-01,2.33027e-03,2.76148e-03,1.35
20,51,4.74943e-01,3.97140e-01,2.32874e-03,2.76095e-03,1.34
20,52,4.75637e-01,3.98300e-01,2.32640e-03,2.75770e-03,1.35
20,53,4.75960e-01,3.98140e-01,2.32437e-03,2.75961e-03,1.34
20,54,4.76637e-01,3.98740e-01,2.32295e-03,2.75691e-03,1.35
20,55,4.76553e-01,3.98020e-01,2.32090e-03,2.75654e-03,1.35
20,56,4.77235e-01,4.00780e-01,2.31946e-03,2.75566e-03,1.36
20,57,4.77448e-01,3.98540e-01,2.31788e-03,2.75980e-03,1.35
20,58,4.77704e-01,3.99880e-01,2.31612e-03,2.75672e-03,1.35
20,59,4.78063e-01,4.00460e-01,2.31516e-03,2.75323e-03,1.35
20,60,4.78076e-01,3.99320e-01,2.31352e-03,2.75249e-03,1.35
20,61,4.78335e-01,3.99820e-01,2.31158e-03,2.75518e-03,1.35
20,62,4.78500e-01,4.00700e-01,2.31068e-03,2.75053e-03,1.35
20,63,4.78868e-01,4.01480e-01,2.30934e-03,2.75329e-03,1.35
20,64,4.79176e-01,4.02140e-01,2.30798e-03,2.75041e-03,1.35
20,65,4.79683e-01,4.00880e-01,2.30634e-03,2.74725e-03,1.34
20,66,4.79827e-01,4.01320e-01,2.30524e-03,2.74912e-03,1.35
20,67,4.79836e-01,4.00560e-01,2.30447e-03,2.74710e-03,1.34
20,68,4.80109e-01,3.99980e-01,2.30322e-03,2.74806e-03,1.34
20,69,4.80510e-01,3.99940e-01,2.30212e-03,2.75123e-03,1.35
20,70,4.80672e-01,3.99920e-01,2.30087e-03,2.74390e-03,1.35
20,71,4.80586e-01,4.02060e-01,2.29976e-03,2.74260e-03,1.35
20,72,4.81113e-01,4.01040e-01,2.29864e-03,2.74432e-03,1.35
20,73,4.81108e-01,4.02560e-01,2.29795e-03,2.74246e-03,1.35
20,74,4.81513e-01,4.00620e-01,2.29662e-03,2.74452e-03,1.35
20,75,4.81282e-01,4.00600e-01,2.29547e-03,2.74413e-03,1.35
20,76,4.81502e-01,4.01400e-01,2.29535e-03,2.74441e-03,1.35
20,77,4.81779e-01,4.01580e-01,2.29402e-03,2.74585e-03,1.36
20,78,4.82117e-01,4.02620e-01,2.29266e-03,2.74130e-03,1.35
20,79,4.81900e-01,4.01720e-01,2.29240e-03,2.74370e-03,1.35
20,80,4.82441e-01,4.01720e-01,2.29146e-03,2.74265e-03,1.35
20,81,4.82334e-01,4.02260e-01,2.29046e-03,2.74011e-03,1.33
20,82,4.82708e-01,4.02460e-01,2.28999e-03,2.74495e-03,1.32
20,83,4.82757e-01,4.03220e-01,2.28895e-03,2.73702e-03,1.34
20,84,4.82949e-01,4.04860e-01,2.28840e-03,2.73780e-03,1.35
20,85,4.83070e-01,4.01340e-01,2.28751e-03,2.73929e-03,1.35
20,86,4.82998e-01,4.02760e-01,2.28672e-03,2.74114e-03,1.35
20,87,4.83286e-01,4.02460e-01,2.28581e-03,2.73800e-03,1.36
20,88,4.83384e-01,4.02720e-01,2.28528e-03,2.74075e-03,1.35
20,89,4.83612e-01,4.03960e-01,2.28480e-03,2.73677e-03,1.36
20,90,4.83698e-01,4.04020e-01,2.28421e-03,2.74036e-03,1.35
20,91,4.83625e-01,4.01980e-01,2.28347e-03,2.73877e-03,1.35
20,92,4.84106e-01,4.02760e-01,2.28259e-03,2.73663e-03,1.35
20,93,4.84159e-01,4.02680e-01,2.28212e-03,2.73804e-03,1.35
20,94,4.84274e-01,4.04120e-01,2.28152e-03,2.73950e-03,1.35
20,95,4.84242e-01,4.01820e-01,2.28104e-03,2.73770e-03,1.35
20,96,4.84251e-01,4.02100e-01,2.28021e-03,2.73592e-03,1.35
20,97,4.84313e-01,4.02740e-01,2.27986e-03,2.73824e-03,1.35
20,98,4.84773e-01,4.02960e-01,2.27933e-03,2.73668e-03,1.33
20,99,4.84742e-01,4.04240e-01,2.27890e-03,2.73843e-03,1.33
20,100,4.85002e-01,4.02580e-01,2.27805e-03,2.73648e-03,1.34
20,101,4.85046e-01,4.03120e-01,2.27767e-03,2.73796e-03,1.34
20,102,4.84938e-01,4.02760e-01,2.27768e-03,2.73623e-03,1.35
20,103,4.85239e-01,4.03860e-01,2.27647e-03,2.73405e-03,1.34
20,104,4.85187e-01,4.02860e-01,2.27602e-03,2.73543e-03,1.36
20,105,4.85348e-01,4.02900e-01,2.27583e-03,2.73437e-03,1.36
20,106,4.85300e-01,4.03720e-01,2.27538e-03,2.73787e-03,1.33
20,107,4.85240e-01,4.03660e-01,2.27526e-03,2.73598e-03,1.33
20,108,4.85553e-01,4.02140e-01,2.27431e-03,2.73803e-03,1.34
20,109,4.85361e-01,4.03640e-01,2.27431e-03,2.73509e-03,1.33
20,110,4.85967e-01,4.03340e-01,2.27339e-03,2.73494e-03,1.34
20,111,4.85890e-01,4.03400e-01,2.27301e-03,2.73511e-03,1.35
20,112,4.85827e-01,4.02800e-01,2.27289e-03,2.73403e-03,1.34
20,113,4.85777e-01,4.03160e-01,2.27257e-03,2.73520e-03,1.34
20,114,4.85981e-01,4.03200e-01,2.27196e-03,2.73934e-03,1.33
20,115,4.86126e-01,4.03840e-01,2.27197e-03,2.73550e-03,1.34
20,116,4.86078e-01,4.04160e-01,2.27167e-03,2.73169e-03,1.33
20,117,4.86215e-01,4.03460e-01,2.27105e-03,2.73445e-03,1.34
20,118,4.85987e-01,4.03220e-01,2.27061e-03,2.73131e-03,1.35
20,119,4.86280e-01,4.04460e-01,2.27027e-03,2.73438e-03,1.33
20,120,4.86894e-01,4.04040e-01,2.27035e-03,2.73207e-03,1.34
20,121,4.86517e-01,4.03240e-01,2.26968e-03,2.73414e-03,1.34
20,122,4.86562e-01,4.04020e-01,2.26928e-03,2.73250e-03,1.36
20,123,4.86411e-01,4.05420e-01,2.26920e-03,2.73187e-03,1.35
20,124,4.86876e-01,4.02520e-01,2.26889e-03,2.72929e-03,1.35
20,125,4.86471e-01,4.03680e-01,2.26871e-03,2.73130e-03,1.35
20,126,4.86787e-01,4.04840e-01,2.26796e-03,2.72930e-03,1.35
20,127,4.86805e-01,4.00860e-01,2.26815e-03,2.73247e-03,1.34
20,128,4.86698e-01,4.04200e-01,2.26805e-03,2.73204e-03,1.34
20,129,4.86446e-01,4.05000e-01,2.26734e-03,2.73182e-03,1.34
20,130,4.86891e-01,4.04100e-01,2.26724e-03,2.73215e-03,1.34
20,131,4.86503e-01,4.03420e-01,2.26723e-03,2.72967e-03,1.34
20,132,4.86797e-01,4.03860e-01,2.26651e-03,2.73231e-03,1.37
20,133,4.86688e-01,4.05060e-01,2.26684e-03,2.72782e-03,1.37
20,134,4.87139e-01,4.03860e-01,2.26614e-03,2.73030e-03,1.37
20,135,4.87203e-01,4.03520e-01,2.26630e-03,2.73116e-03,1.38
20,136,4.87320e-01,4.03220e-01,2.26586e-03,2.73381e-03,1.37
20,137,4.87172e-01,4.05020e-01,2.26528e-03,2.73138e-03,1.37
20,138,4.86994e-01,4.03920e-01,2.26499e-03,2.73086e-03,1.37
20,139,4.87394e-01,4.04880e-01,2.26509e-03,2.72670e-03,1.37
20,140,4.87324e-01,4.04040e-01,2.26517e-03,2.72962e-03,1.37
20,141,4.87203e-01,4.03360e-01,2.26480e-03,2.73082e-03,1.37
20,142,4.87138e-01,4.04320e-01,2.26429e-03,2.72791e-03,1.37
20,143,4.87648e-01,4.03320e-01,2.26401e-03,2.73049e-03,1.35
20,144,4.87483e-01,4.04340e-01,2.26406e-03,2.72824e-03,1.35
20,145,4.87724e-01,4.04060e-01,2.26369e-03,2.72918e-03,1.34
20,146,4.87680e-01,4.04600e-01,2.26362e-03,2.72604e-03,1.35
20,147,4.87780e-01,4.02920e-01,2.26320e-03,2.72933e-03,1.35
20,148,4.87462e-01,4.04720e-01,2.26326e-03,2.72792e-03,1.36
20,149,4.87588e-01,4.04620e-01,2.26290e-03,2.72977e-03,1.35
20,150,4.87513e-01,4.05420e-01,2.26279e-03,2.72897e-03,1.34
20,151,4.87593e-01,4.04860e-01,2.26267e-03,2.73044e-03,1.34
20,152,4.87919e-01,4.03800e-01,2.26237e-03,2.73285e-03,1.33
20,153,4.88000e-01,4.05280e-01,2.26253e-03,2.72707e-03,1.34
20,154,4.87485e-01,4.03600e-01,2.26211e-03,2.73139e-03,1.35
20,155,4.87982e-01,4.04380e-01,2.26171e-03,2.72709e-03,1.36
20,156,4.87930e-01,4.03940e-01,2.26138e-03,2.72886e-03,1.35
20,157,4.87897e-01,4.05680e-01,2.26158e-03,2.72639e-03,1.35
20,158,4.88216e-01,4.04680e-01,2.26124e-03,2.72529e-03,1.34
20,159,4.87893e-01,4.05760e-01,2.26145e-03,2.72784e-03,1.35
20,160,4.88000e-01,4.03640e-01,2.26146e-03,2.72505e-03,1.35
20,161,4.88233e-01,4.03620e-01,2.26098e-03,2.72976e-03,1.34
20,162,4.87932e-01,4.04220e-01,2.26090e-03,2.72918e-03,1.34
20,163,4.88188e-01,4.03940e-01,2.26061e-03,2.72639e-03,1.35
20,164,4.87965e-01,4.03960e-01,2.26046e-03,2.72881e-03,1.34
20,165,4.87932e-01,4.04200e-01,2.26070e-03,2.72534e-03,1.34
20,166,4.88043e-01,4.03880e-01,2.26073e-03,2.72740e-03,1.34
20,167,4.88253e-01,4.04640e-01,2.26074e-03,2.72498e-03,1.34
20,168,4.88384e-01,4.04120e-01,2.26042e-03,2.72555e-03,1.34
20,169,4.87834e-01,4.02780e-01,2.25988e-03,2.73012e-03,1.33
20,170,4.88281e-01,4.04440e-01,2.25963e-03,2.72916e-03,1.34
20,171,4.88156e-01,4.05260e-01,2.25990e-03,2.72789e-03,1.35
20,172,4.88167e-01,4.02660e-01,2.25965e-03,2.72948e-03,1.35
20,173,4.88239e-01,4.03760e-01,2.25958e-03,2.73097e-03,1.33
20,174,4.88407e-01,4.03340e-01,2.25968e-03,2.72852e-03,1.35
20,175,4.88313e-01,4.03900e-01,2.25913e-03,2.72974e-03,1.35
20,176,4.88383e-01,4.04080e-01,2.25946e-03,2.72641e-03,1.36
20,177,4.88370e-01,4.05060e-01,2.25904e-03,2.72722e-03,1.34
20,178,4.88140e-01,4.04520e-01,2.25917e-03,2.72666e-03,1.34
20,179,4.88309e-01,4.03340e-01,2.25871e-03,2.72935e-03,1.35
20,180,4.88531e-01,4.03860e-01,2.25894e-03,2.72771e-03,1.35
20,181,4.88564e-01,4.03140e-01,2.25844e-03,2.72974e-03,1.35
20,182,4.88337e-01,4.02160e-01,2.25852e-03,2.73116e-03,1.33
20,183,4.88359e-01,4.04640e-01,2.25870e-03,2.72593e-03,1.34
20,184,4.88668e-01,4.06200e-01,2.25841e-03,2.72487e-03,1.32
20,185,4.88608e-01,4.03660e-01,2.25841e-03,2.72763e-03,1.32
20,186,4.88455e-01,4.04360e-01,2.25860e-03,2.72657e-03,1.32
20,187,4.88295e-01,4.04040e-01,2.25830e-03,2.72655e-03,1.32
20,188,4.88865e-01,4.04080e-01,2.25810e-03,2.73067e-03,1.33
20,189,4.88556e-01,4.05400e-01,2.25794e-03,2.72568e-03,1.33
20,190,4.88668e-01,4.03980e-01,2.25779e-03,2.73154e-03,1.33
20,191,4.88551e-01,4.04000e-01,2.25792e-03,2.73048e-03,1.32
20,192,4.88482e-01,4.05480e-01,2.25799e-03,2.72368e-03,1.34
20,193,4.88648e-01,4.03620e-01,2.25731e-03,2.72700e-03,1.34
20,194,4.88581e-01,4.06080e-01,2.25747e-03,2.72826e-03,1.36
20,195,4.88511e-01,4.05120e-01,2.25753e-03,2.72804e-03,1.34
20,196,4.88652e-01,4.04740e-01,2.25732e-03,2.72592e-03,1.35
20,197,4.88457e-01,4.05540e-01,2.25720e-03,2.72717e-03,1.35
20,198,4.88569e-01,4.05100e-01,2.25748e-03,2.72755e-03,1.36
20,199,4.88601e-01,4.03800e-01,2.25720e-03,2.72618e-03,1.33
20,200,4.88907e-01,4.04300e-01,2.25728e-03,2.72581e-03,1.34
30,1,2.95704e-01,3.45040e-01,3.50273e-03,3.06399e-03,9.74
30,2,4.00574e-01,3.76440e-01,2.72308e-03,2.86980e-03,1.34
30,3,4.29120e-01,3.91560e-01,2.55905e-03,2.78183e-03,1.36
30,4,4.45787e-01,4.01480e-01,2.46854e-03,2.73172e-03,1.35
30,5,4.56714e-01,4.06580e-01,2.40692e-03,2.69671e-03,1.34
30,6,4.65268e-01,4.11480e-01,2.36127e-03,2.67225e-03,1.34
30,7,4.72071e-01,4.14940e-01,2.32551e-03,2.65188e-03,1.34
30,8,4.77518e-01,4.18160e-01,2.29667e-03,2.63594e-03,1.34
30,9,4.82195e-01,4.20680e-01,2.27202e-03,2.62533e-03,1.35
30,10,4.86168e-01,4.22720e-01,2.25121e-03,2.61351e-03,1.35
30,11,4.89780e-01,4.24580e-01,2.23233e-03,2.59737e-03,1.34
30,12,4.92574e-01,4.24840e-01,2.21639e-03,2.59501e-03,1.34
30,13,4.95225e-01,4.27360e-01,2.20243e-03,2.58418e-03,1.34
30,14,4.98014e-01,4.28120e-01,2.18933e-03,2.58389e-03,1.34
30,15,4.99921e-01,4.28840e-01,2.17761e-03,2.57968e-03,1.34
30,16,5.01764e-01,4.30700e-01,2.16723e-03,2.57179e-03,1.35
30,17,5.03897e-01,4.31260e-01,2.15754e-03,2.56473e-03,1.34
30,18,5.05679e-01,4.33200e-01,2.14842e-03,2.56278e-03,1.35
30,19,5.06907e-01,4.32020e-01,2.14042e-03,2.55684e-03,1.34
30,20,5.08950e-01,4.34840e-01,2.13304e-03,2.55360e-03,1.36
30,21,5.10245e-01,4.34460e-01,2.12536e-03,2.55422e-03,1.35
30,22,5.11218e-01,4.34380e-01,2.11886e-03,2.54803e-03,1.35
30,23,5.12382e-01,4.34080e-01,2.11245e-03,2.54661e-03,1.35
30,24,5.13437e-01,4.36820e-01,2.10661e-03,2.54795e-03,1.34
30,25,5.14716e-01,4.35760e-01,2.10091e-03,2.54322e-03,1.36
30,26,5.15973e-01,4.36460e-01,2.09634e-03,2.54180e-03,1.37
30,27,5.16549e-01,4.38500e-01,2.09149e-03,2.53637e-03,1.37
30,28,5.17523e-01,4.37800e-01,2.08705e-03,2.53586e-03,1.36
30,29,5.18266e-01,4.36260e-01,2.08236e-03,2.53429e-03,1.36
30,30,5.19230e-01,4.38020e-01,2.07784e-03,2.53045e-03,1.36
30,31,5.19858e-01,4.38340e-01,2.07422e-03,2.53200e-03,1.35
30,32,5.20436e-01,4.39300e-01,2.07052e-03,2.53126e-03,1.36
30,33,5.21407e-01,4.37840e-01,2.06663e-03,2.52906e-03,1.36
30,34,5.21977e-01,4.38960e-01,2.06375e-03,2.52642e-03,1.36
30,35,5.22432e-01,4.37900e-01,2.06119e-03,2.52850e-03,1.36
30,36,5.23188e-01,4.39360e-01,2.05722e-03,2.52309e-03,1.36
30,37,5.23595e-01,4.40780e-01,2.05452e-03,2.52217e-03,1.36
30,38,5.24109e-01,4.39120e-01,2.05177e-03,2.52222e-03,1.36
30,39,5.24862e-01,4.42080e-01,2.04855e-03,2.51925e-03,1.35
30,40,5.25075e-01,4.41580e-01,2.04637e-03,2.51902e-03,1.32
30,41,5.25656e-01,4.40820e-01,2.04405e-03,2.52148e-03,1.32
30,42,5.26204e-01,4.42660e-01,2.04145e-03,2.51628e-03,1.34
30,43,5.26376e-01,4.40500e-01,2.03942e-03,2.51799e-03,1.36
30,44,5.26927e-01,4.41060e-01,2.03719e-03,2.51810e-03,1.36
30,45,5.27867e-01,4.41420e-01,2.03494e-03,2.51815e-03,1.35
30,46,5.27838e-01,4.41740e-01,2.03269e-03,2.51800e-03,1.35
30,47,5.28352e-01,4.41360e-01,2.03110e-03,2.52240e-03,1.36
30,48,5.28799e-01,4.43360e-01,2.02915e-03,2.51270e-03,1.35
30,49,5.29124e-01,4.42120e-01,2.02732e-03,2.51147e-03,1.36
30,50,5.29413e-01,4.43140e-01,2.02583e-03,2.51216e-03,1.34
30,51,5.29786e-01,4.42420e-01,2.02368e-03,2.51451e-03,1.36
30,52,5.29886e-01,4.42460e-01,2.02219e-03,2.51279e-03,1.36
30,53,5.30026e-01,4.43060e-01,2.02061e-03,2.51136e-03,1.34
30,54,5.30430e-01,4.41220e-01,2.01925e-03,2.51170e-03,1.35
30,55,5.30634e-01,4.42260e-01,2.01787e-03,2.51181e-03,1.35
30,56,5.31355e-01,4.42280e-01,2.01600e-03,2.50907e-03,1.36
30,57,5.31563e-01,4.42780e-01,2.01483e-03,2.51060e-03,1.36
30,58,5.31888e-01,4.43480e-01,2.01356e-03,2.51249e-03,1.36
30,59,5.32116e-01,4.45660e-01,2.01222e-03,2.50782e-03,1.35
30,60,5.32408e-01,4.42940e-01,2.01056e-03,2.51321e-03,1.35
30,61,5.32588e-01,4.42940e-01,2.00980e-03,2.50565e-03,1.36
30,62,5.32411e-01,4.42600e-01,2.00872e-03,2.50980e-03,1.35
30,63,5.33003e-01,4.41260e-01,2.00737e-03,2.50981e-03,1.36
30,64,5.32971e-01,4.44600e-01,2.00618e-03,2.50449e-03,1.36
30,65,5.33475e-01,4.42020e-01,2.00495e-03,2.50911e-03,1.35
30,66,5.33155e-01,4.43400e-01,2.00429e-03,2.50499e-03,1.36
30,67,5.33667e-01,4.43980e-01,2.00312e-03,2.50858e-03,1.35
30,68,5.34030e-01,4.44740e-01,2.00221e-03,2.50496e-03,1.36
30,69,5.33973e-01,4.45420e-01,2.00115e-03,2.50747e-03,1.36
30,70,5.34471e-01,4.43780e-01,2.00060e-03,2.50564e-03,1.35
30,71,5.34568e-01,4.43680e-01,1.99939e-03,2.50532e-03,1.36
30,72,5.34696e-01,4.45760e-01,1.99886e-03,2.50239e-03,1.36
30,73,5.34549e-01,4.42680e-01,1.99767e-03,2.50539e-03,1.36
30,74,5.35099e-01,4.46300e-01,1.99726e-03,2.50238e-03,1.35
30,75,5.34901e-01,4.44380e-01,1.99665e-03,2.50229e-03,1.36
30,76,5.35343e-01,4.45740e-01,1.99556e-03,2.50133e-03,1.36
30,77,5.35229e-01,4.45700e-01,1.99465e-03,2.50194e-03,1.36
30,78,5.35346e-01,4.45320e-01,1.99396e-03,2.50551e-03,1.36
30,79,5.35592e-01,4.44940e-01,1.99327e-03,2.50358e-03,1.36
30,80,5.35651e-01,4.44680e-01,1.99247e-03,2.50018e-03,1.33
30,81,5.36200e-01,4.43700e-01,1.99169e-03,2.50307e-03,1.36
30,82,5.35947e-01,4.45780e-01,1.99086e-03,2.50039e-03,1.36
30,83,5.35936e-01,4.44700e-01,1.99062e-03,2.50192e-03,1.36
30,84,5.36579e-01,4.45340e-01,1.99005e-03,2.49843e-03,1.35
30,85,5.36524e-01,4.44760e-01,1.98945e-03,2.50224e-03,1.35
30,86,5.36629e-01,4.45280e-01,1.98868e-03,2.49994e-03,1.35
30,87,5.36694e-01,4.44260e-01,1.98837e-03,2.50364e-03,1.35
30,88,5.36832e-01,4.42940e-01,1.98768e-03,2.50116e-03,1.36
30,89,5.36418e-01,4.46760e-01,1.98685e-03,2.50015e-03,1.35
30,90,5.36522e-01,4.46380e-01,1.98669e-03,2.49942e-03,1.35
30,91,5.37047e-01,4.44300e-01,1.98619e-03,2.50008e-03,1.36
30,92,5.37221e-01,4.44640e-01,1.98560e-03,2.49649e-03,1.36
30,93,5.37006e-01,4.44700e-01,1.98510e-03,2.50066e-03,1.36
30,94,5.37112e-01,4.43820e-01,1.98448e-03,2.50408e-03,1.37
30,95,5.37120e-01,4.46180e-01,1.98433e-03,2.49761e-03,1.37
30,96,5.37181e-01,4.44640e-01,1.98375e-03,2.49930e-03,1.37
30,97,5.37608e-01,4.43200e-01,1.98307e-03,2.49901e-03,1.36
30,98,5.37455e-01,4.45600e-01,1.98272e-03,2.50059e-03,1.35
30,99,5.37478e-01,4.45280e-01,1.98230e-03,2.49723e-03,1.37
30,100,5.37486e-01,4.44100e-01,1.98254e-03,2.50177e-03,1.36
30,101,5.37716e-01,4.43780e-01,1.98164e-03,2.49740e-03,1.37
30,102,5.37748e-01,4.44620e-01,1.98143e-03,2.49904e-03,1.36
30,103,5.38071e-01,4.45920e-01,1.98045e-03,2.49632e-03,1.36
30,104,5.38100e-01,4.47700e-01,1.98061e-03,2.49984e-03,1.36
30,105,5.38369e-01,4.44580e-01,1.97991e-03,2.50126e-03,1.35
30,106,5.38276e-01,4.46420e-01,1.97991e-03,2.49808e-03,1.36
30,107,5.38191e-01,4.44620e-01,1.97908e-03,2.49831e-03,1.36
30,108,5.38246e-01,4.45100e-01,1.97932e-03,2.49686e-03,1.35
30,109,5.38605e-01,4.45280e-01,1.97876e-03,2.50051e-03,1.35
30,110,5.38070e-01,4.46380e-01,1.97835e-03,2.49556e-03,1.35
30,111,5.38692e-01,4.46300e-01,1.97780e-03,2.49765e-03,1.36
30,112,5.38717e-01,4.45660e-01,1.97781e-03,2.49839e-03,1.36
30,113,5.38546e-01,4.44340e-01,1.97736e-03,2.50001e-03,1.36
30,114,5.38725e-01,4.44220e-01,1.97669e-03,2.49670e-03,1.36
30,115,5.38508e-01,4.46700e-01,1.97695e-03,2.49851e-03,1.36
30,116,5.38870e-01,4.46580e-01,1.97648e-03,2.49750e-03,1.36
30,117,5.38707e-01,4.45340e-01,1.97626e-03,2.49588e-03,1.35
30,118,5.39094e-01,4.45000e-01,1.97618e-03,2.49857e-03,1.36
30,119,5.39354e-01,4.47700e-01,1.97546e-03,2.49050e-03,1.36
30,120,5.39137e-01,4.46460e-01,1.97583e-03,2.49649e-03,1.35
30,121,5.39041e-01,4.46880e-01,1.97524e-03,2.49433e-03,1.35
30,122,5.39118e-01,4.46840e-01,1.97498e-03,2.49600e-03,1.35
30,123,5.38980e-01,4.46060e-01,1.97463e-03,2.49792e-03,1.36
30,124,5.39079e-01,4.44500e-01,1.97501e-03,2.49745e-03,1.36
30,125,5.38778e-01,4.44820e-01,1.97425e-03,2.49882e-03,1.36
30,126,5.39366e-01,4.45160e-01,1.97400e-03,2.49979e-03,1.36
30,127,5.39326e-01,4.46580e-01,1.97411e-03,2.49219e-03,1.36
30,128,5.39346e-01,4.46820e-01,1.97378e-03,2.49690e-03,1.36
30,129,5.39151e-01,4.45400e-01,1.97398e-03,2.49778e-03,1.34
30,130,5.39386e-01,4.46400e-01,1.97319e-03,2.49215e-03,1.32
30,131,5.39350e-01,4.47720e-01,1.97324e-03,2.49379e-03,1.34
30,132,5.39440e-01,4.46760e-01,1.97307e-03,2.49397e-03,1.35
30,133,5.39610e-01,4.46280e-01,1.97269e-03,2.49439e-03,1.36
30,134,5.39353e-01,4.47160e-01,1.97240e-03,2.49718e-03,1.34
30,135,5.39631e-01,4.45540e-01,1.97223e-03,2.49652e-03,1.34
30,136,5.39709e-01,4.45920e-01,1.97224e-03,2.49352e-03,1.33
30,137,5.39717e-01,4.45540e-01,1.97194e-03,2.49622e-03,1.34
30,138,5.39642e-01,4.46720e-01,1.97180e-03,2.49259e-03,1.34
30,139,5.39872e-01,4.46380e-01,1.97166e-03,2.49626e-03,1.33
30,140,5.39830e-01,4.46220e-01,1.97142e-03,2.49533e-03,1.35
30,141,5.39637e-01,4.45840e-01,1.97148e-03,2.49795e-03,1.34
30,142,5.39824e-01,4.46560e-01,1.97145e-03,2.49243e-03,1.35
30,143,5.39769e-01,4.46400e-01,1.97106e-03,2.49550e-03,1.35
30,144,5.39667e-01,4.47660e-01,1.97110e-03,2.49327e-03,1.36
30,145,5.40100e-01,4.47680e-01,1.97047e-03,2.49447e-03,1.35
30,146,5.40000e-01,4.45820e-01,1.97062e-03,2.49796e-03,1.35
30,147,5.39908e-01,4.47040e-01,1.97083e-03,2.49551e-03,1.33
30,148,5.40015e-01,4.46000e-01,1.97012e-03,2.49295e-03,1.35
30,149,5.40031e-01,4.47900e-01,1.97033e-03,2.49328e-03,1.36
30,150,5.39995e-01,4.45180e-01,1.97005e-03,2.49530e-03,1.34
30,151,5.39941e-01,4.46760e-01,1.97019e-03,2.49286e-03,1.34
30,152,5.40043e-01,4.45840e-01,1.96998e-03,2.49219e-03,1.34
30,153,5.40027e-01,4.45720e-01,1.96971e-03,2.49356e-03,1.33
30,154,5.40564e-01,4.46120e-01,1.96920e-03,2.49310e-03,1.34
30,155,5.40303e-01,4.47240e-01,1.96956e-03,2.49030e-03,1.33
30,156,5.40092e-01,4.46800e-01,1.96903e-03,2.49475e-03,1.33
30,157,5.40069e-01,4.44540e-01,1.96935e-03,2.49387e-03,1.36
30,158,5.40408e-01,4.46040e-01,1.96932e-03,2.49709e-03,1.36
30,159,5.40078e-01,4.47500e-01,1.96894e-03,2.49172e-03,1.34
30,160,5.40105e-01,4.46100e-01,1.96898e-03,2.49063e-03,1.33
30,161,5.40067e-01,4.46360e-01,1.96881e-03,2.49338e-03,1.33
30,162,5.40225e-01,4.45460e-01,1.96841e-03,2.49318e-03,1.33
30,163,5.40748e-01,4.46080e-01,1.96808e-03,2.49420e-03,1.35
30,164,5.40083e-01,4.46640e-01,1.96855e-03,2.49333e-03,1.36
30,165,5.40523e-01,4.47120e-01,1.96818e-03,2.49339e-03,1.36
30,166,5.40374e-01,4.47020e-01,1.96787e-03,2.49284e-03,1.34
30,167,5.40440e-01,4.46600e-01,1.96842e-03,2.49749e-03,1.35
30,168,5.40446e-01,4.46220e-01,1.96832e-03,2.49285e-03,1.33
30,169,5.40695e-01,4.47260e-01,1.96783e-03,2.49469e-03,1.33
30,170,5.40518e-01,4.45740e-01,1.96795e-03,2.49311e-03,1.34
30,171,5.40411e-01,4.47740e-01,1.96798e-03,2.48893e-03,1.34
30,172,5.40488e-01,4.45580e-01,1.96761e-03,2.49789e-03,1.33
30,173,5.40104e-01,4.47400e-01,1.96779e-03,2.49256e-03,1.33
30,174,5.40401e-01,4.47640e-01,1.96764e-03,2.49247e-03,1.34
30,175,5.40545e-01,4.46260e-01,1.96736e-03,2.49262e-03,1.33
30,176,5.40624e-01,4.47020e-01,1.96739e-03,2.49045e-03,1.32
30,177,5.40347e-01,4.47720e-01,1.96755e-03,2.49179e-03,1.34
30,178,5.40871e-01,4.47120e-01,1.96730e-03,2.49379e-03,1.33
30,179,5.40788e-01,4.45960e-01,1.96703e-03,2.49079e-03,1.35
30,180,5.40556e-01,4.45600e-01,1.96699e-03,2.49299e-03,1.33
30,181,5.40457e-01,4.46820e-01,1.96707e-03,2.49377e-03,1.33
30,182,5.40605e-01,4.46540e-01,1.96692e-03,2.49206e-03,1.35
30,183,5.40736e-01,4.45260e-01,1.96667e-03,2.49342e-03,1.34
30,184,5.40476e-01,4.45740e-01,1.96691e-03,2.49073e-03,1.34
30,185,5.40766e-01,4.45540e-01,1.96723e-03,2.49220e-03,1.33
30,186,5.40819e-01,4.45900e-01,1.96677e-03,2.48914e-03,1.33
30,187,5.40751e-01,4.46060e-01,1.96681e-03,2.49135e-03,1.34
30,188,5.40563e-01,4.47180e-01,1.96673e-03,2.49349e-03,1.33
30,189,5.40432e-01,4.46440e-01,1.96647e-03,2.49310e-03,1.33
30,190,5.40915e-01,4.47180e-01,1.96696e-03,2.49390e-03,1.35
30,191,5.40954e-01,4.48440e-01,1.96617e-03,2.49457e-03,1.33
30,192,5.40670e-01,4.45500e-01,1.96636e-03,2.49513e-03,1.33
30,193,5.40856e-01,4.47080e-01,1.96617e-03,2.49101e-03,1.34
30,194,5.40420e-01,4.45840e-01,1.96612e-03,2.49258e-03,1.34
30,195,5.40709e-01,4.46580e-01,1.96584e-03,2.49339e-03,1.35
30,196,5.41098e-01,4.47560e-01,1.96619e-03,2.49049e-03,1.33
30,197,5.40808e-01,4.47100e-01,1.96605e-03,2.49818e-03,1.33
30,198,5.40681e-01,4.46220e-01,1.96635e-03,2.49266e-03,1.33
30,199,5.40704e-01,4.45760e-01,1.96588e-03,2.49310e-03,1.32
30,200,5.40870e-01,4.45680e-01,1.96578e-03,2.49723e-03,1.36
40,1,3.30425e-01,3.77520e-01,3.28902e-03,2.86908e-03,9.78
40,2,4.35999e-01,4.06900e-01,2.52577e-03,2.68598e-03,1.35
40,3,4.63883e-01,4.21780e-01,2.37013e-03,2.60395e-03,1.36
40,4,4.79622e-01,4.30320e-01,2.28372e-03,2.55715e-03,1.36
40,5,4.90791e-01,4.36480e-01,2.22463e-03,2.52773e-03,1.34
40,6,4.99082e-01,4.41860e-01,2.18151e-03,2.50147e-03,1.34
40,7,5.05515e-01,4.45140e-01,2.14696e-03,2.48391e-03,1.35
40,8,5.10902e-01,4.46100e-01,2.11953e-03,2.47170e-03,1.35
40,9,5.15739e-01,4.47680e-01,2.09540e-03,2.46228e-03,1.35
40,10,5.19458e-01,4.51580e-01,2.07592e-03,2.45200e-03,1.35
40,11,5.22741e-01,4.53580e-01,2.05837e-03,2.44090e-03,1.34
40,12,5.25627e-01,4.55140e-01,2.04308e-03,2.43494e-03,1.36
40,13,5.28345e-01,4.56940e-01,2.02931e-03,2.42511e-03,1.36
40,14,5.30564e-01,4.57400e-01,2.01707e-03,2.42614e-03,1.35
40,15,5.32763e-01,4.57000e-01,2.00621e-03,2.41907e-03,1.36
40,16,5.34391e-01,4.57740e-01,1.99618e-03,2.41580e-03,1.35
40,17,5.36509e-01,4.59480e-01,1.98687e-03,2.41295e-03,1.33
40,18,5.37986e-01,4.60880e-01,1.97852e-03,2.40885e-03,1.35
40,19,5.39318e-01,4.61100e-01,1.97079e-03,2.40611e-03,1.35
40,20,5.40995e-01,4.61380e-01,1.96336e-03,2.40219e-03,1.33
40,21,5.42508e-01,4.60600e-01,1.95699e-03,2.40118e-03,1.34
40,22,5.43509e-01,4.61120e-01,1.95076e-03,2.40132e-03,1.34
40,23,5.44793e-01,4.61660e-01,1.94478e-03,2.39785e-03,1.34
40,24,5.45755e-01,4.63860e-01,1.93955e-03,2.39450e-03,1.36
40,25,5.46624e-01,4.63220e-01,1.93419e-03,2.39362e-03,1.35
40,26,5.47249e-01,4.64000e-01,1.92929e-03,2.39003e-03,1.35
40,27,5.48364e-01,4.66520e-01,1.92549e-03,2.38801e-03,1.35
40,28,5.49330e-01,4.64100e-01,1.92107e-03,2.38715e-03,1.34
40,29,5.50522e-01,4.64960e-01,1.91655e-03,2.38670e-03,1.34
40,30,5.50752e-01,4.65840e-01,1.91292e-03,2.38379e-03,1.34
40,31,5.51446e-01,4.64900e-01,1.90895e-03,2.38376e-03,1.35
40,32,5.52151e-01,4.64040e-01,1.90537e-03,2.38650e-03,1.35
40,33,5.52767e-01,4.65560e-01,1.90251e-03,2.38663e-03,1.36
40,34,5.53570e-01,4.67220e-01,1.89934e-03,2.38324e-03,1.34
40,35,5.54068e-01,4.66080e-01,1.89604e-03,2.38037e-03,1.34
40,36,5.54513e-01,4.65780e-01,1.89399e-03,2.38292e-03,1.33
40,37,5.54784e-01,4.64180e-01,1.89106e-03,2.38057e-03,1.35
40,38,5.55551e-01,4.66020e-01,1.88858e-03,2.38054e-03,1.34
40,39,5.55962e-01,4.65360e-01,1.88578e-03,2.38057e-03,1.35
40,40,5.56817e-01,4.67760e-01,1.88362e-03,2.37649e-03,1.35
40,41,5.56752e-01,4.66600e-01,1.88120e-03,2.38020e-03,1.36
40,42,5.57412e-01,4.66140e-01,1.87905e-03,2.38108e-03,1.34
40,43,5.57986e-01,4.67040e-01,1.87695e-03,2.37358e-03,1.33
40,44,5.58519e-01,4.69420e-01,1.87521e-03,2.37509e-03,1.34
40,45,5.58953e-01,4.67160e-01,1.87312e-03,2.37780e-03,1.34
40,46,5.58741e-01,4.68340e-01,1.87107e-03,2.37499e-03,1.33
40,47,5.58915e-01,4.66400e-01,1.86964e-03,2.37529e-03,1.35
40,48,5.59714e-01,4.67100e-01,1.86744e-03,2.37129e-03,1.36
40,49,5.60085e-01,4.67600e-01,1.86583e-03,2.37503e-03,1.34
40,50,5.60352e-01,4.68600e-01,1.86474e-03,2.37266e-03,1.35
40,51,5.60748e-01,4.68660e-01,1.86249e-03,2.37176e-03,1.36
40,52,5.61026e-01,4.67060e-01,1.86151e-03,2.37339e-03,1.36
40,53,5.61513e-01,4.67580e-01,1.85942e-03,2.37382e-03,1.34
40,54,5.61504e-01,4.67920e-01,1.85848e-03,2.37340e-03,1.35
40,55,5.61852e-01,4.68360e-01,1.85697e-03,2.37209e-03,1.33
40,56,5.62054e-01,4.68980e-01,1.85595e-03,2.37151e-03,1.34
40,57,5.61993e-01,4.68460e-01,1.85497e-03,2.37420e-03,1.33
40,58,5.62194e-01,4.68440e-01,1.85369e-03,2.37218e-03,1.34
40,59,5.62785e-01,4.67480e-01,1.85236e-03,2.37318e-03,1.32
40,60,5.62728e-01,4.69800e-01,1.85123e-03,2.37228e-03,1.34
40,61,5.63020e-01,4.68040e-01,1.85039e-03,2.36954e-03,1.34
40,62,5.63448e-01,4.68460e-01,1.84913e-03,2.37242e-03,1.33
40,63,5.63609e-01,4.70400e-01,1.84790e-03,2.36721e-03,1.33
40,64,5.63578e-01,4.69140e-01,1.84735e-03,2.37171e-03,1.33
40,65,5.63699e-01,4.68580e-01,1.84612e-03,2.37049e-03,1.33
40,66,5.64007e-01,4.69640e-01,1.84545e-03,2.36491e-03,1.34
40,67,5.64176e-01,4.71220e-01,1.84474e-03,2.36797e-03,1.33
40,68,5.64209e-01,4.67700e-01,1.84340e-03,2.36776e-03,1.35
40,69,5.64538e-01,4.68040e-01,1.84263e-03,2.36948e-03,1.35
40,70,5.64813e-01,4.69620e-01,1.84190e-03,2.36694e-03,1.35
40,71,5.64594e-01,4.70040e-01,1.84140e-03,2.37160e-03,1.35
40,72,5.65111e-01,4.70620e-01,1.84038e-03,2.36766e-03,1.35
40,73,5.65043e-01,4.70100e-01,1.83955e-03,2.36969e-03,1.34
40,74,5.65367e-01,4.69780e-01,1.83902e-03,2.36842e-03,1.33
40,75,5.65422e-01,4.70500e-01,1.83838e-03,2.36765e-03,1.35
40,76,5.65378e-01,4.68420e-01,1.83780e-03,2.37275e-03,1.35
40,77,5.65520e-01,4.69200e-01,1.83685e-03,2.36827e-03,1.34
40,78,5.65474e-01,4.70260e-01,1.83618e-03,2.37202e-03,1.33
40,79,5.65920e-01,4.69280e-01,1.83544e-03,2.36990e-03,1.33
40,80,5.65969e-01,4.70120e-01,1.83518e-03,2.36526e-03,1.35
40,81,5.66041e-01,4.68800e-01,1.83427e-03,2.36854e-03,1.35
40,82,5.66121e-01,4.67760e-01,1.83403e-03,2.37146e-03,1.36
40,83,5.66372e-01,4.72720e-01,1.83346e-03,2.36650e-03,1.34
40,84,5.66789e-01,4.69600e-01,1.83286e-03,2.36619e-03,1.35
40,85,5.66402e-01,4.69900e-01,1.83263e-03,2.36662e-03,1.35
40,86,5.66626e-01,4.70100e-01,1.83192e-03,2.36584e-03,1.35
40,87,5.66839e-01,4.67880e-01,1.83134e-03,2.37089e-03,1.34
40,88,5.66983e-01,4.70800e-01,1.83124e-03,2.36521e-03,1.34
40,89,5.66839e-01,4.69700e-01,1.82999e-03,2.36753e-03,1.34
40,90,5.67055e-01,4.70920e-01,1.82981e-03,2.36615e-03,1.34
40,91,5.67300e-01,4.69900e-01,1.82962e-03,2.36645e-03,1.34
40,92,5.67184e-01,4.70360e-01,1.82900e-03,2.36763e-03,1.35
40,93,5.67230e-01,4.71060e-01,1.82833e-03,2.36384e-03,1.35
40,94,5.67555e-01,4.70280e-01,1.82787e-03,2.36712e-03,1.35
40,95,5.67569e-01,4.70960e-01,1.82763e-03,2.36949e-03,1.34
40,96,5.67600e-01,4.71720e-01,1.82758e-03,2.36227e-03,1.34
40,97,5.67454e-01,4.70360e-01,1.82711e-03,2.36726e-03,1.35
40,98,5.67436e-01,4.68660e-01,1.82683e-03,2.36480e-03,1.35
40,99,5.67476e-01,4.71420e-01,1.82599e-03,2.36558e-03,1.35
40,100,5.67911e-01,4.70160e-01,1.82611e-03,2.36753e-03,1.35
40,101,5.67769e-01,4.72640e-01,1.82551e-03,2.36101e-03,1.34
40,102,5.68045e-01,4.69400e-01,1.82508e-03,2.36780e-03,1.35
40,103,5.68189e-01,4.70240e-01,1.82475e-03,2.36678e-03,1.34
40,104,5.68074e-01,4.69400e-01,1.82446e-03,2.36742e-03,1.35
40,105,5.68272e-01,4.70540e-01,1.82409e-03,2.36402e-03,1.34
40,106,5.68164e-01,4.69360e-01,1.82417e-03,2.36764e-03,1.35
40,107,5.67988e-01,4.69680e-01,1.82415e-03,2.36489e-03,1.36
40,108,5.68410e-01,4.68760e-01,1.82327e-03,2.36494e-03,1.35
40,109,5.68622e-01,4.71740e-01,1.82285e-03,2.36191e-03,1.35
40,110,5.68188e-01,4.71500e-01,1.82273e-03,2.36182e-03,1.35
40,111,5.68693e-01,4.71220e-01,1.82219e-03,2.36228e-03,1.35
40,112,5.68482e-01,4.72520e-01,1.82190e-03,2.36609e-03,1.34
40,113,5.68470e-01,4.71220e-01,1.82230e-03,2.36854e-03,1.33
40,114,5.68667e-01,4.69860e-01,1.82188e-03,2.36685e-03,1.32
40,115,5.68362e-01,4.72560e-01,1.82148e-03,2.36081e-03,1.32
40,116,5.68870e-01,4.71520e-01,1.82136e-03,2.36533e-03,1.33
40,117,5.68449e-01,4.70780e-01,1.82116e-03,2.36751e-03,1.34
40,118,5.69170e-01,4.69980e-01,1.82074e-03,2.36623e-03,1.32
40,119,5.68743e-01,4.71280e-01,1.82070e-03,2.36580e-03,1.32
40,120,5.68952e-01,4.72000e-01,1.82051e-03,2.36226e-03,1.33
40,121,5.68800e-01,4.69100e-01,1.81994e-03,2.36918e-03,1.35
40,122,5.68704e-01,4.71080e-01,1.82021e-03,2.36301e-03,1.34
40,123,5.68756e-01,4.70260e-01,1.81985e-03,2.36489e-03,1.32
40,124,5.69006e-01,4.69380e-01,1.81958e-03,2.36591e-03,1.33
40,125,5.68985e-01,4.70260e-01,1.81949e-03,2.36306e-03,1.34
40,126,5.68877e-01,4.69740e-01,1.81938e-03,2.36194e-03,1.34
40,127,5.69177e-01,4.69880e-01,1.81892e-03,2.36691e-03,1.34
40,128,5.68900e-01,4.70600e-01,1.81863e-03,2.36617e-03,1.33
40,129,5.69478e-01,4.70120e-01,1.81878e-03,2.36599e-03,1.34
40,130,5.69285e-01,4.70240e-01,1.81836e-03,2.36601e-03,1.33
40,131,5.69258e-01,4.69720e-01,1.81831e-03,2.36739e-03,1.33
40,132,5.69375e-01,4.70480e-01,1.81778e-03,2.36319e-03,1.35
40,133,5.69444e-01,4.70160e-01,1.81827e-03,2.36283e-03,1.33
40,134,5.69396e-01,4.70160e-01,1.81789e-03,2.36302e-03,1.33
40,135,5.69157e-01,4.69980e-01,1.81757e-03,2.36242e-03,1.34
40,136,5.69311e-01,4.71960e-01,1.81764e-03,2.36126e-03,1.35
40,137,5.69159e-01,4.67840e-01,1.81756e-03,2.36867e-03,1.34
40,138,5.69719e-01,4.72000e-01,1.81705e-03,2.36242e-03,1.33
40,139,5.69522e-01,4.71360e-01,1.81700e-03,2.36457e-03,1.33
40,140,5.69256e-01,4.72260e-01,1.81676e-03,2.36160e-03,1.33
40,141,5.69637e-01,4.69600e-01,1.81648e-03,2.36172e-03,1.33
40,142,5.69599e-01,4.71540e-01,1.81645e-03,2.36400e-03,1.34
40,143,5.69543e-01,4.68840e-01,1.81667e-03,2.36505e-03,1.35
40,144,5.69805e-01,4.71300e-01,1.81610e-03,2.36373e-03,1.35
40,145,5.69534e-01,4.69740e-01,1.81643e-03,2.36633e-03,1.36
40,146,5.69562e-01,4.71220e-01,1.81627e-03,2.36701e-03,1.36
40,147,5.69944e-01,4.71020e-01,1.81596e-03,2.36640e-03,1.35
40,148,5.69535e-01,4.71500e-01,1.81618e-03,2.36584e-03,1.33
40,149,5.69643e-01,4.71140e-01,1.81570e-03,2.36697e-03,1.32
40,150,5.69748e-01,4.70640e-01,1.81554e-03,2.36305e-03,1.33
40,151,5.69816e-01,4.70600e-01,1.81571e-03,2.36764e-03,1.33
40,152,5.69887e-01,4.71020e-01,1.81547e-03,2.36088e-03,1.35
40,153,5.69881e-01,4.70800e-01,1.81534e-03,2.36399e-03,1.33
40,154,5.69774e-01,4.71640e-01,1.81535e-03,2.36379e-03,1.34
40,155,5.69755e-01,4.70160e-01,1.81546e-03,2.36378e-03,1.33
40,156,5.69962e-01,4.68760e-01,1.81528e-03,2.36646e-03,1.33
40,157,5.69922e-01,4.69960e-01,1.81489e-03,2.36544e-03,1.34
40,158,5.70053e-01,4.70080e-01,1.81509e-03,2.36534e-03,1.33
40,159,5.70010e-01,4.70680e-01,1.81463e-03,2.36340e-03,1.34
40,160,5.69840e-01,4.71760e-01,1.81497e-03,2.35931e-03,1.34
40,161,5.69880e-01,4.71280e-01,1.81490e-03,2.36351e-03,1.33
40,162,5.70214e-01,4.72440e-01,1.81435e-03,2.36370e-03,1.35
40,163,5.69854e-01,4.71740e-01,1.81424e-03,2.36455e-03,1.33
40,164,5.69822e-01,4.72240e-01,1.81448e-03,2.36214e-03,1.33
40,165,5.70177e-01,4.69980e-01,1.81445e-03,2.36646e-03,1.36
40,166,5.70056e-01,4.70020e-01,1.81396e-03,2.36567e-03,1.33
40,167,5.70191e-01,4.70720e-01,1.81417e-03,2.36642e-03,1.36
40,168,5.70130e-01,4.70520e-01,1.81421e-03,2.36679e-03,1.34
40,169,5.69827e-01,4.70500e-01,1.81427e-03,2.36419e-03,1.34
40,170,5.70069e-01,4.71260e-01,1.81372e-03,2.36350e-03,1.34
40,171,5.70053e-01,4.70700e-01,1.81400e-03,2.36489e-03,1.36
40,172,5.70242e-01,4.72680e-01,1.81374e-03,2.35940e-03,1.36
40,173,5.70241e-01,4.70580e-01,1.81383e-03,2.36572e-03,1.36
40,174,5.70030e-01,4.70040e-01,1.81343e-03,2.36573e-03,1.36
40,175,5.70526e-01,4.70760e-01,1.81354e-03,2.36274e-03,1.35
40,176,5.70135e-01,4.70520e-01,1.81337e-03,2.36460e-03,1.36
40,177,5.70250e-01,4.70820e-01,1.81322e-03,2.36666e-03,1.35
40,178,5.70203e-01,4.72940e-01,1.81373e-03,2.36386e-03,1.36
40,179,5.69881e-01,4.71640e-01,1.81371e-03,2.35873e-03,1.35
40,180,5.70115e-01,4.69900e-01,1.81319e-03,2.36513e-03,1.33
40,181,5.70236e-01,4.70160e-01,1.81322e-03,2.36637e-03,1.34
40,182,5.70021e-01,4.69580e-01,1.81333e-03,2.36682e-03,1.32
40,183,5.70303e-01,4.71040e-01,1.81342e-03,2.36397e-03,1.33
40,184,5.70609e-01,4.70200e-01,1.81313e-03,2.36465e-03,1.34
40,185,5.70237e-01,4.71220e-01,1.81293e-03,2.36133e-03,1.35
40,186,5.70047e-01,4.69820e-01,1.81295e-03,2.36430e-03,1.34
40,187,5.70251e-01,4.71300e-01,1.81282e-03,2.36223e-03,1.35
40,188,5.70191e-01,4.70660e-01,1.81299e-03,2.36386e-03,1.35
40,189,5.69952e-01,4.72340e-01,1.81312e-03,2.35919e-03,1.35
40,190,5.70431e-01,4.69680e-01,1.81274e-03,2.36282e-03,1.35
40,191,5.70424e-01,4.69780e-01,1.81281e-03,2.36841e-03,1.35
40,192,5.70353e-01,4.71160e-01,1.81242e-03,2.36238e-03,1.33
40,193,5.70402e-01,4.71020e-01,1.81275e-03,2.36273e-03,1.33
40,194,5.70035e-01,4.71920e-01,1.81238e-03,2.36211e-03,1.35
40,195,5.70465e-01,4.68880e-01,1.81264e-03,2.36148e-03,1.33
40,196,5.70559e-01,4.72100e-01,1.81262e-03,2.36064e-03,1.33
40,197,5.70321e-01,4.72220e-01,1.81245e-03,2.36167e-03,1.34
40,198,5.70288e-01,4.68700e-01,1.81221e-03,2.36203e-03,1.34
40,199,5.70547e-01,4.73020e-01,1.81236e-03,2.36323e-03,1.32
40,200,5.70330e-01,4.69020e-01,1.81246e-03,2.36625e-03,1.33
50,1,3.48496e-01,3.97480e-01,3.19848e-03,2.77340e-03,9.76
50,2,4.53782e-01,4.24340e-01,2.43021e-03,2.59945e-03,1.34
50,3,4.81257e-01,4.41840e-01,2.27880e-03,2.51361e-03,1.35
50,4,4.96728e-01,4.47860e-01,2.19460e-03,2.47038e-03,1.33
50,5,5.07475e-01,4.53640e-01,2.13707e-03,2.43718e-03,1.34
50,6,5.15338e-01,4.58820e-01,2.09461e-03,2.41363e-03,1.35
50,7,5.21990e-01,4.59860e-01,2.06139e-03,2.39938e-03,1.34
50,8,5.27347e-01,4.64320e-01,2.03424e-03,2.38715e-03,1.35
50,9,5.31821e-01,4.66200e-01,2.01144e-03,2.37273e-03,1.34
50,10,5.34862e-01,4.67660e-01,1.99198e-03,2.36466e-03,1.33
50,11,5.38638e-01,4.68680e-01,1.97527e-03,2.35744e-03,1.34
50,12,5.41475e-01,4.71440e-01,1.96057e-03,2.34762e-03,1.33
50,13,5.43803e-01,4.71480e-01,1.94710e-03,2.34493e-03,1.33
50,14,5.46252e-01,4.73460e-01,1.93478e-03,2.34045e-03,1.33
50,15,5.48715e-01,4.72760e-01,1.92408e-03,2.33509e-03,1.37
50,16,5.50187e-01,4.73100e-01,1.91451e-03,2.33467e-03,1.37
50,17,5.52129e-01,4.74920e-01,1.90582e-03,2.33022e-03,1.35
50,18,5.53856e-01,4.74820e-01,1.89711e-03,2.32654e-03,1.34
50,19,5.54940e-01,4.75240e-01,1.88993e-03,2.32522e-03,1.36
50,20,5.56479e-01,4.75180e-01,1.88250e-03,2.32269e-03,1.36
50,21,5.57922e-01,4.78580e-01,1.87619e-03,2.31795e-03,1.36
50,22,5.58872e-01,4.78300e-01,1.87032e-03,2.31442e-03,1.36
50,23,5.59989e-01,4.77820e-01,1.86461e-03,2.31762e-03,1.34
50,24,5.61149e-01,4.78980e-01,1.85958e-03,2.31100e-03,1.33
50,25,5.62076e-01,4.78500e-01,1.85417e-03,2.30848e-03,1.35
50,26,5.62714e-01,4.78880e-01,1.84985e-03,2.30820e-03,1.33
50,27,5.64007e-01,4.78260e-01,1.84475e-03,2.31029e-03,1.33
50,28,5.64789e-01,4.80180e-01,1.84053e-03,2.30266e-03,1.32
50,29,5.65740e-01,4.78620e-01,1.83673e-03,2.30867e-03,1.35
50,30,5.66101e-01,4.81040e-01,1.83319e-03,2.30907e-03,1.36
50,31,5.67082e-01,4.79960e-01,1.83004e-03,2.30665e-03,1.35
50,32,5.67558e-01,4.82360e-01,1.82655e-03,2.30113e-03,1.34
50,33,5.68209e-01,4.79880e-01,1.82285e-03,2.30252e-03,1.33
50,34,5.68803e-01,4.80960e-01,1.81976e-03,2.30417e-03,1.33
50,35,5.69307e-01,4.80200e-01,1.81733e-03,2.30101e-03,1.33
50,36,5.69786e-01,4.81340e-01,1.81428e-03,2.30074e-03,1.34
50,37,5.70291e-01,4.81180e-01,1.81200e-03,2.30054e-03,1.33
50,38,5.70763e-01,4.81320e-01,1.80952e-03,2.30084e-03,1.34
50,39,5.71439e-01,4.80680e-01,1.80660e-03,2.29890e-03,1.33
50,40,5.71604e-01,4.81880e-01,1.80458e-03,2.29595e-03,1.36
50,41,5.71950e-01,4.82660e-01,1.80223e-03,2.29270e-03,1.34
50,42,5.72626e-01,4.82300e-01,1.80020e-03,2.29404e-03,1.33
50,43,5.72788e-01,4.83960e-01,1.79819e-03,2.29616e-03,1.33
50,44,5.73833e-01,4.82000e-01,1.79621e-03,2.29508e-03,1.34
50,45,5.73902e-01,4.82540e-01,1.79438e-03,2.29630e-03,1.35
50,46,5.74167e-01,4.81180e-01,1.79267e-03,2.29583e-03,1.35
50,47,5.74660e-01,4.82140e-01,1.79065e-03,2.29500e-03,1.34
50,48,5.75034e-01,4.83360e-01,1.78904e-03,2.28914e-03,1.34
50,49,5.75098e-01,4.81460e-01,1.78722e-03,2.29706e-03,1.34
50,50,5.75197e-01,4.83000e-01,1.78591e-03,2.29479e-03,1.35
50,51,5.75603e-01,4.83040e-01,1.78463e-03,2.29166e-03,1.36
50,52,5.76218e-01,4.83480e-01,1.78292e-03,2.29189e-03,1.34
50,53,5.76688e-01,4.82260e-01,1.78159e-03,2.29405e-03,1.34
50,54,5.76446e-01,4.83240e-01,1.78049e-03,2.28889e-03,1.35
50,55,5.77131e-01,4.83460e-01,1.77908e-03,2.29018e-03,1.34
50,56,5.76954e-01,4.83920e-01,1.77809e-03,2.28913e-03,1.33
50,57,5.77291e-01,4.83200e-01,1.77644e-03,2.29381e-03,1.35
50,58,5.77604e-01,4.83380e-01,1.77525e-03,2.29236e-03,1.34
50,59,5.77887e-01,4.83620e-01,1.77410e-03,2.28919e-03,1.33
50,60,5.78067e-01,4.83740e-01,1.77300e-03,2.28763e-03,1.36
50,61,5.78135e-01,4.82860e-01,1.77224e-03,2.29120e-03,1.35
50,62,5.78396e-01,4.85400e-01,1.77109e-03,2.29000e-03,1.33
50,63,5.78777e-01,4.83960e-01,1.77027e-03,2.28750e-03,1.33
50,64,5.79006e-01,4.84700e-01,1.76892e-03,2.28934e-03,1.33
50,65,5.79031e-01,4.84200e-01,1.76822e-03,2.29065e-03,1.33
50,66,5.79154e-01,4.82860e-01,1.76737e-03,2.29006e-03,1.33
50,67,5.79290e-01,4.84500e-01,1.76618e-03,2.28868e-03,1.33
50,68,5.79670e-01,4.83180e-01,1.76582e-03,2.29070e-03,1.33
50,69,5.79747e-01,4.82660e-01,1.76490e-03,2.29033e-03,1.33
50,70,5.79943e-01,4.83020e-01,1.76392e-03,2.29184e-03,1.34
50,71,5.80113e-01,4.84860e-01,1.76347e-03,2.28628e-03,1.34
50,72,5.80000e-01,4.83140e-01,1.76244e-03,2.28920e-03,1.36
50,73,5.80205e-01,4.83900e-01,1.76211e-03,2.29131e-03,1.33
50,74,5.80395e-01,4.82960e-01,1.76169e-03,2.29120e-03,1.33
50,75,5.80690e-01,4.84440e-01,1.76022e-03,2.28697e-03,1.33
50,76,5.80013e-01,4.86460e-01,1.75987e-03,2.28492e-03,1.34
50,77,5.80812e-01,4.84440e-01,1.75897e-03,2.28925e-03,1.33
50,78,5.81166e-01,4.83820e-01,1.75882e-03,2.28851e-03,1.35
50,79,5.81197e-01,4.83880e-01,1.75787e-03,2.28876e-03,1.33
50,80,5.81056e-01,4.85200e-01,1.75740e-03,2.28625e-03,1.34
50,81,5.81259e-01,4.84440e-01,1.75680e-03,2.28513e-03,1.34
50,82,5.81126e-01,4.83120e-01,1.75632e-03,2.28757e-03,1.36
50,83,5.81538e-01,4.84820e-01,1.75555e-03,2.28655e-03,1.34
50,84,5.81535e-01,4.84220e-01,1.75494e-03,2.28926e-03,1.33
50,85,5.81653e-01,4.83820e-01,1.75501e-03,2.28946e-03,1.34
50,86,5.81854e-01,4.84120e-01,1.75402e-03,2.28779e-03,1.34
50,87,5.81939e-01,4.84020e-01,1.75371e-03,2.28700e-03,1.33
50,88,5.82037e-01,4.84760e-01,1.75320e-03,2.28574e-03,1.33
50,89,5.82224e-01,4.84640e-01,1.75243e-03,2.28881e-03,1.33
50,90,5.82428e-01,4.82480e-01,1.75213e-03,2.28805e-03,1.35
50,91,5.82324e-01,4.82720e-01,1.75149e-03,2.29015e-03,1.32
50,92,5.82237e-01,4.84680e-01,1.75141e-03,2.28872e-03,1.32
50,93,5.82463e-01,4.84400e-01,1.75115e-03,2.28573e-03,1.33
50,94,5.82522e-01,4.84560e-01,1.75086e-03,2.28810e-03,1.34
50,95,5.82159e-01,4.84040e-01,1.75066e-03,2.28447e-03,1.34
50,96,5.82506e-01,4.83380e-01,1.75007e-03,2.28621e-03,1.34
50,97,5.82601e-01,4.84560e-01,1.74958e-03,2.28715e-03,1.34
50,98,5.82878e-01,4.83860e-01,1.74887e-03,2.28843e-03,1.35
50,99,5.82939e-01,4.83640e-01,1.74876e-03,2.28712e-03,1.35
50,100,5.82952e-01,4.82580e-01,1.74861e-03,2.28776e-03,1.35
50,101,5.82799e-01,4.84120e-01,1.74808e-03,2.28328e-03,1.34
50,102,5.83139e-01,4.84820e-01,1.74757e-03,2.28927e-03,1.33
50,103,5.83113e-01,4.84940e-01,1.74747e-03,2.28204e-03,1.33
50,104,5.83198e-01,4.83840e-01,1.74727e-03,2.28818e-03,1.32
50,105,5.83225e-01,4.86420e-01,1.74643e-03,2.28760e-03,1.35
50,106,5.83474e-01,4.84600e-01,1.74605e-03,2.28776e-03,1.33
50,107,5.83357e-01,4.86040e-01,1.74601e-03,2.28474e-03,1.36
50,108,5.83423e-01,4.84780e-01,1.74606e-03,2.28990e-03,1.35
50,109,5.83631e-01,4.82920e-01,1.74554e-03,2.28748e-03,1.33
50,110,5.83550e-01,4.84000e-01,1.74531e-03,2.28425e-03,1.33
50,111,5.83599e-01,4.85140e-01,1.74536e-03,2.28526e-03,1.32
50,112,5.83511e-01,4.82940e-01,1.74472e-03,2.28697e-03,1.35
50,113,5.83489e-01,4.84800e-01,1.74512e-03,2.28807e-03,1.36
50,114,5.83825e-01,4.85100e-01,1.74405e-03,2.28807e-03,1.34
50,115,5.83925e-01,4.86420e-01,1.74395e-03,2.28330e-03,1.34
50,116,5.83616e-01,4.84700e-01,1.74393e-03,2.28266e-03,1.33
50,117,5.83843e-01,4.85360e-01,1.74404e-03,2.28451e-03,1.34
50,118,5.83686e-01,4.84980e-01,1.74338e-03,2.28781e-03,1.36
50,119,5.83979e-01,4.86380e-01,1.74304e-03,2.28630e-03,1.33
50,120,5.84073e-01,4.84640e-01,1.74274e-03,2.28404e-03,1.35
50,121,5.84084e-01,4.86760e-01,1.74301e-03,2.28530e-03,1.35
50,122,5.84306e-01,4.85220e-01,1.74217e-03,2.28651e-03,1.34
50,123,5.83879e-01,4.83700e-01,1.74231e-03,2.28631e-03,1.35
50,124,5.83801e-01,4.84980e-01,1.74234e-03,2.28256e-03,1.35
50,125,5.84356e-01,4.84360e-01,1.74218e-03,2.28587e-03,1.35
50,126,5.84050e-01,4.84620e-01,1.74194e-03,2.28753e-03,1.35
50,127,5.84227e-01,4.84560e-01,1.74152e-03,2.28439e-03,1.34
50,128,5.84526e-01,4.84260e-01,1.74159e-03,2.28747e-03,1.34
50,129,5.83922e-01,4.84700e-01,1.74167e-03,2.28617e-03,1.35
50,130,5.84343e-01,4.85020e-01,1.74134e-03,2.28495e-03,1.36
50,131,5.84549e-01,4.84080e-01,1.74083e-03,2.28798e-03,1.36
50,132,5.84359e-01,4.84700e-01,1.74094e-03,2.28621e-03,1.35
50,133,5.84348e-01,4.85620e-01,1.74032e-03,2.28405e-03,1.34
50,134,5.84654e-01,4.84180e-01,1.74056e-03,2.28467e-03,1.35
50,135,5.84701e-01,4.85200e-01,1.74014e-03,2.28246e-03,1.35
50,136,5.84558e-01,4.85620e-01,1.74028e-03,2.28560e-03,1.35
50,137,5.84658e-01,4.84160e-01,1.74031e-03,2.28750e-03,1.36
50,138,5.84693e-01,4.84660e-01,1.73993e-03,2.28572e-03,1.36
50,139,5.84622e-01,4.85380e-01,1.73990e-03,2.28329e-03,1.35
50,140,5.84619e-01,4.85300e-01,1.73916e-03,2.28548e-03,1.36
50,141,5.84498e-01,4.87140e-01,1.73970e-03,2.28254e-03,1.36
50,142,5.84796e-01,4.85860e-01,1.73936e-03,2.28416e-03,1.36
50,143,5.84718e-01,4.84120e-01,1.73868e-03,2.28831e-03,1.36
50,144,5.84774e-01,4.84960e-01,1.73885e-03,2.28632e-03,1.35
50,145,5.84605e-01,4.86320e-01,1.73943e-03,2.28242e-03,1.34
50,146,5.84931e-01,4.84700e-01,1.73860e-03,2.28243e-03,1.34
50,147,5.84606e-01,4.83860e-01,1.73867e-03,2.28794e-03,1.33
50,148,5.84966e-01,4.85480e-01,1.73862e-03,2.28287e-03,1.34
50,149,5.84852e-01,4.86620e-01,1.73822e-03,2.28167e-03,1.35
50,150,5.84918e-01,4.84740e-01,1.73854e-03,2.28556e-03,1.36
50,151,5.84933e-01,4.85580e-01,1.73877e-03,2.28509e-03,1.35
50,152,5.84889e-01,4.85560e-01,1.73833e-03,2.28382e-03,1.35
50,153,5.85346e-01,4.85520e-01,1.73787e-03,2.28488e-03,1.35
50,154,5.84564e-01,4.84400e-01,1.73831e-03,2.28881e-03,1.34
50,155,5.84787e-01,4.85780e-01,1.73810e-03,2.28229e-03,1.34
50,156,5.85080e-01,4.84780e-01,1.73795e-03,2.28411e-03,1.36
50,157,5.84594e-01,4.86180e-01,1.73774e-03,2.28341e-03,1.35
50,158,5.84836e-01,4.85440e-01,1.73754e-03,2.28540e-03,1.35
50,159,5.84969e-01,4.84220e-01,1.73742e-03,2.28727e-03,1.34
50,160,5.85528e-01,4.84680e-01,1.73703e-03,2.28359e-03,1.34
50,161,5.84907e-01,4.87360e-01,1.73732e-03,2.28138e-03,1.35
50,162,5.85254e-01,4.84120e-01,1.73724e-03,2.28871e-03,1.36
50,163,5.85097e-01,4.85000e-01,1.73733e-03,2.28403e-03,1.36
50,164,5.84909e-01,4.87620e-01,1.73730e-03,2.28198e-03,1.34
50,165,5.84946e-01,4.86020e-01,1.73703e-03,2.28240e-03,1.34
50,166,5.84923e-01,4.85840e-01,1.73704e-03,2.28530e-03,1.33
50,167,5.85312e-01,4.84340e-01,1.73700e-03,2.28153e-03,1.33
50,168,5.84988e-01,4.85780e-01,1.73689e-03,2.28400e-03,1.34
50,169,5.85289e-01,4.85660e-01,1.73693e-03,2.28476e-03,1.34
50,170,5.85169e-01,4.85740e-01,1.73653e-03,2.28893e-03,1.36
50,171,5.85039e-01,4.84980e-01,1.73676e-03,2.28340e-03,1.36
50,172,5.85508e-01,4.84600e-01,1.73648e-03,2.28475e-03,1.35
50,173,5.85401e-01,4.84780e-01,1.73656e-03,2.28208e-03,1.34
50,174,5.85110e-01,4.86180e-01,1.73691e-03,2.28069e-03,1.34
50,175,5.85049e-01,4.84920e-01,1.73630e-03,2.28423e-03,1.34
50,176,5.85176e-01,4.84300e-01,1.73624e-03,2.28881e-03,1.36
50,177,5.85289e-01,4.84660e-01,1.73620e-03,2.28392e-03,1.36
50,178,5.85070e-01,4.84780e-01,1.73611e-03,2.28471e-03,1.35
50,179,5.85398e-01,4.84720e-01,1.73606e-03,2.28230e-03,1.36
50,180,5.85708e-01,4.85780e-01,1.73623e-03,2.28221e-03,1.35
50,181,5.85280e-01,4.85080e-01,1.73627e-03,2.28452e-03,1.36
50,182,5.85042e-01,4.84800e-01,1.73603e-03,2.28485e-03,1.37
50,183,5.85248e-01,4.85700e-01,1.73592e-03,2.28261e-03,1.35
50,184,5.85260e-01,4.84220e-01,1.73602e-03,2.28179e-03,1.35
50,185,5.85393e-01,4.85300e-01,1.73564e-03,2.28753e-03,1.35
50,186,5.85440e-01,4.85120e-01,1.73591e-03,2.28589e-03,1.35
50,187,5.85557e-01,4.84460e-01,1.73566e-03,2.28352e-03,1.35
50,188,5.85558e-01,4.85920e-01,1.73554e-03,2.28336e-03,1.35
50,189,5.85447e-01,4.83720e-01,1.73562e-03,2.28714e-03,1.36
50,190,5.85534e-01,4.84940e-01,1.73556e-03,2.28456e-03,1.36
50,191,5.85564e-01,4.86320e-01,1.73579e-03,2.28323e-03,1.36
50,192,5.85669e-01,4.85380e-01,1.73579e-03,2.28228e-03,1.37
50,193,5.85198e-01,4.87380e-01,1.73541e-03,2.28397e-03,1.36
50,194,5.85565e-01,4.83880e-01,1.73568e-03,2.28285e-03,1.37
50,195,5.85300e-01,4.85620e-01,1.73545e-03,2.28500e-03,1.36
50,196,5.85359e-01,4.85160e-01,1.73519e-03,2.28297e-03,1.36
50,197,5.85692e-01,4.85880e-01,1.73555e-03,2.28305e-03,1.35
50,198,5.85379e-01,4.85340e-01,1.73514e-03,2.28871e-03,1.36
50,199,5.85693e-01,4.85340e-01,1.73502e-03,2.28416e-03,1.36
50,200,5.85483e-01,4.84940e-01,1.73508e-03,2.28559e-03,1.36
60,1,3.65222e-01,4.10560e-01,3.11526e-03,2.69328e-03,9.75
60,2,4.69259e-01,4.39740e-01,2.35084e-03,2.51704e-03,1.32
60,3,4.96408e-01,4.52400e-01,2.20241e-03,2.44430e-03,1.32
60,4,5.11876e-01,4.60280e-01,2.11980e-03,2.39865e-03,1.33
60,5,5.22354e-01,4.63760e-01,2.06389e-03,2.37016e-03,1.36
60,6,5.30395e-01,4.69060e-01,2.02154e-03,2.35008e-03,1.36
60,7,5.36548e-01,4.73220e-01,1.98911e-03,2.33051e-03,1.36
60,8,5.41590e-01,4.75820e-01,1.96252e-03,2.32025e-03,1.36
60,9,5.45801e-01,4.76700e-01,1.94038e-03,2.31186e-03,1.36
60,10,5.49551e-01,4.79860e-01,1.92080e-03,2.29833e-03,1.36
60,11,5.52854e-01,4.80820e-01,1.90418e-03,2.29367e-03,1.36
60,12,5.55666e-01,4.82140e-01,1.88908e-03,2.29192e-03,1.35
60,13,5.58485e-01,4.82800e-01,1.87661e-03,2.28228e-03,1.35
60,14,5.60642e-01,4.82680e-01,1.86474e-03,2.27799e-03,1.36
60,15,5.62766e-01,4.84260e-01,1.85413e-03,2.27704e-03,1.36
60,16,5.64396e-01,4.86080e-01,1.84470e-03,2.27335e-03,1.36
60,17,5.66541e-01,4.86600e-01,1.83549e-03,2.27007e-03,1.36
60,18,5.67899e-01,4.86460e-01,1.82733e-03,2.26419e-03,1.36
60,19,5.69364e-01,4.86760e-01,1.82018e-03,2.26332e-03,1.37
60,20,5.70906e-01,4.90140e-01,1.81318e-03,2.25953e-03,1.36
60,21,5.71975e-01,4.89680e-01,1.80661e-03,2.25588e-03,1.37
60,22,5.73049e-01,4.88920e-01,1.80091e-03,2.25584e-03,1.37
60,23,5.74161e-01,4.88280e-01,1.79512e-03,2.25804e-03,1.38
60,24,5.75000e-01,4.89860e-01,1.78980e-03,2.25370e-03,1.36
60,25,5.76136e-01,4.90820e-01,1.78477e-03,2.25100e-03,1.36
60,26,5.77079e-01,4.92640e-01,1.78014e-03,2.24723e-03,1.33
60,27,5.78053e-01,4.92360e-01,1.77613e-03,2.24666e-03,1.36
60,28,5.78737e-01,4.91660e-01,1.77197e-03,2.24894e-03,1.36
60,29,5.79802e-01,4.91560e-01,1.76790e-03,2.24588e-03,1.36
60,30,5.80821e-01,4.88820e-01,1.76401e-03,2.24720e-03,1.35
60,31,5.80913e-01,4.89880e-01,1.76043e-03,2.24870e-03,1.36
60,32,5.81408e-01,4.91660e-01,1.75730e-03,2.24460e-03,1.35
60,33,5.82323e-01,4.91900e-01,1.75384e-03,2.24675e-03,1.36
60,34,5.83093e-01,4.92460e-01,1.75110e-03,2.24529e-03,1.36
60,35,5.83610e-01,4.93780e-01,1.74828e-03,2.24332e-03,1.36
60,36,5.83961e-01,4.91560e-01,1.74533e-03,2.24145e-03,1.36
60,37,5.84625e-01,4.93220e-01,1.74287e-03,2.24271e-03,1.36
60,38,5.84789e-01,4.92820e-01,1.74016e-03,2.24127e-03,1.36
60,39,5.85878e-01,4.94400e-01,1.73802e-03,2.23718e-03,1.36
60,40,5.85764e-01,4.94620e-01,1.73580e-03,2.24133e-03,1.35
60,41,5.86423e-01,4.92660e-01,1.73330e-03,2.24097e-03,1.35
60,42,5.87051e-01,4.93280e-01,1.73115e-03,2.23499e-03,1.35
60,43,5.87227e-01,4.95640e-01,1.72919e-03,2.23605e-03,1.35
60,44,5.87143e-01,4.94880e-01,1.72785e-03,2.23593e-03,1.36
60,45,5.88009e-01,4.94340e-01,1.72563e-03,2.23816e-03,1.35
60,46,5.88345e-01,4.92540e-01,1.72357e-03,2.23777e-03,1.35
60,47,5.88622e-01,4.94020e-01,1.72196e-03,2.23829e-03,1.35
60,48,5.88595e-01,4.94100e-01,1.72029e-03,2.23798e-03,1.35
60,49,5.89417e-01,4.93180e-01,1.71887e-03,2.23790e-03,1.36
60,50,5.89589e-01,4.95360e-01,1.71714e-03,2.23390e-03,1.35
60,51,5.89662e-01,4.93780e-01,1.71570e-03,2.23441e-03,1.35
60,52,5.89865e-01,4.95400e-01,1.71448e-03,2.23742e-03,1.35
60,53,5.90533e-01,4.95060e-01,1.71269e-03,2.23403e-03,1.33
60,54,5.90640e-01,4.95420e-01,1.71144e-03,2.23321e-03,1.34
60,55,5.90556e-01,4.94480e-01,1.71011e-03,2.23512e-03,1.36
60,56,5.91048e-01,4.95620e-01,1.70887e-03,2.23438e-03,1.36
60,57,5.91612e-01,4.94060e-01,1.70762e-03,2.23731e-03,1.36
60,58,5.91653e-01,4.94260e-01,1.70683e-03,2.23624e-03,1.35
60,59,5.92188e-01,4.95040e-01,1.70536e-03,2.23752e-03,1.36
60,60,5.92105e-01,4.96220e-01,1.70434e-03,2.22908e-03,1.36
60,61,5.92198e-01,4.94340e-01,1.70327e-03,2.23213e-03,1.36
60,62,5.92681e-01,4.96540e-01,1.70236e-03,2.23179e-03,1.36
60,63,5.92692e-01,4.95840e-01,1.70136e-03,2.23233e-03,1.36
60,64,5.92600e-01,4.94900e-01,1.70064e-03,2.23262e-03,1.36
60,65,5.93043e-01,4.96280e-01,1.69971e-03,2.23459e-03,1.35
60,66,5.93327e-01,4.96840e-01,1.69861e-03,2.22771e-03,1.36
60,67,5.93094e-01,4.94640e-01,1.69792e-03,2.23029e-03,1.36
60,68,5.93427e-01,4.95040e-01,1.69660e-03,2.23483e-03,1.35
60,69,5.93702e-01,4.94280e-01,1.69613e-03,2.23612e-03,1.36
60,70,5.93635e-01,4.95780e-01,1.69556e-03,2.23304e-03,1.36
60,71,5.94015e-01,4.95800e-01,1.69468e-03,2.23163e-03,1.36
60,72,5.94150e-01,4.97760e-01,1.69402e-03,2.22909e-03,1.36
60,73,5.94086e-01,4.95260e-01,1.69309e-03,2.23449e-03,1.36
60,74,5.94510e-01,4.95240e-01,1.69277e-03,2.23012e-03,1.36
60,75,5.94559e-01,4.96620e-01,1.69181e-03,2.22817e-03,1.35
60,76,5.94833e-01,4.95700e-01,1.69124e-03,2.23335e-03,1.36
60,77,5.94834e-01,4.94600e-01,1.69041e-03,2.23642e-03,1.35
60,78,5.94912e-01,4.93860e-01,1.69003e-03,2.23382e-03,1.35
60,79,5.94943e-01,4.96860e-01,1.68954e-03,2.23152e-03,1.35
60,80,5.94972e-01,4.95040e-01,1.68861e-03,2.23234e-03,1.36
60,81,5.95512e-01,4.94660e-01,1.68825e-03,2.23043e-03,1.36
60,82,5.95246e-01,4.95160e-01,1.68731e-03,2.23060e-03,1.36
60,83,5.95313e-01,4.95660e-01,1.68717e-03,2.23482e-03,1.36
60,84,5.95434e-01,4.96240e-01,1.68617e-03,2.23217e-03,1.36
60,85,5.95487e-01,4.96120e-01,1.68567e-03,2.23022e-03,1.36
60,86,5.95787e-01,4.96200e-01,1.68530e-03,2.23347e-03,1.36
60,87,5.96089e-01,4.95840e-01,1.68497e-03,2.22943e-03,1.36
60,88,5.95747e-01,4.95300e-01,1.68400e-03,2.23327e-03,1.36
60,89,5.95706e-01,4.96420e-01,1.68377e-03,2.23079e-03,1.35
60,90,5.95959e-01,4.97340e-01,1.68329e-03,2.22875e-03,1.35
60,91,5.96238e-01,4.96600e-01,1.68321e-03,2.23276e-03,1.33
60,92,5.96370e-01,4.97040e-01,1.68228e-03,2.22979e-03,1.35
60,93,5.96338e-01,4.95580e-01,1.68203e-03,2.23217e-03,1.35
60,94,5.96534e-01,4.94980e-01,1.68195e-03,2.22982e-03,1.36
60,95,5.96729e-01,4.95500e-01,1.68170e-03,2.23039e-03,1.35
60,96,5.96582e-01,4.94740e-01,1.68112e-03,2.23170e-03,1.36
60,97,5.96519e-01,4.98180e-01,1.68115e-03,2.23077e-03,1.35
60,98,5.96750e-01,4.95560e-01,1.68030e-03,2.23157e-03,1.36
60,99,5.96702e-01,4.96260e-01,1.67995e-03,2.22929e-03,1.36
60,100,5.96897e-01,4.95880e-01,1.67951e-03,2.23154e-03,1.36
60,101,5.97024e-01,4.95200e-01,1.67925e-03,2.23180e-03,1.36
60,102,5.97145e-01,4.95520e-01,1.67891e-03,2.23192e-03,1.36
60,103,5.96804e-01,4.95500e-01,1.67876e-03,2.23186e-03,1.35
60,104,5.97280e-01,4.95940e-01,1.67813e-03,2.22786e-03,1.35
60,105,5.97405e-01,4.96260e-01,1.67804e-03,2.22816e-03,1.35
60,106,5.97442e-01,4.95380e-01,1.67765e-03,2.23004e-03,1.35
60,107,5.97345e-01,4.95800e-01,1.67750e-03,2.23357e-03,1.36
60,108,5.97000e-01,4.95900e-01,1.67719e-03,2.23179e-03,1.36
60,109,5.97399e-01,4.95960e-01,1.67701e-03,2.22641e-03,1.36
60,110,5.97068e-01,4.95320e-01,1.67664e-03,2.23178e-03,1.35
60,111,5.97664e-01,4.95320e-01,1.67613e-03,2.22775e-03,1.35
60,112,5.97587e-01,4.98300e-01,1.67601e-03,2.22912e-03,1.36
60,113,5.97746e-01,4.96180e-01,1.67591e-03,2.22706e-03,1.36
60,114,5.97643e-01,4.98020e-01,1.67583e-03,2.22966e-03,1.36
60,115,5.97663e-01,4.95300e-01,1.67520e-03,2.22716e-03,1.35
60,116,5.97748e-01,4.96300e-01,1.67466e-03,2.22709e-03,1.34
60,117,5.97586e-01,4.96740e-01,1.67475e-03,2.23067e-03,1.33
60,118,5.97526e-01,4.97860e-01,1.67495e-03,2.22864e-03,1.35
60,119,5.97880e-01,4.97100e-01,1.67427e-03,2.22687e-03,1.33
60,120,5.97873e-01,4.96420e-01,1.67411e-03,2.22917e-03,1.35
60,121,5.98129e-01,4.95720e-01,1.67397e-03,2.22649e-03,1.36
60,122,5.97873e-01,4.96760e-01,1.67378e-03,2.22880e-03,1.36
60,123,5.98042e-01,4.97760e-01,1.67348e-03,2.22725e-03,1.35
60,124,5.98024e-01,4.97180e-01,1.67354e-03,2.22794e-03,1.35
60,125,5.97924e-01,4.97020e-01,1.67359e-03,2.22739e-03,1.35
60,126,5.98202e-01,4.94760e-01,1.67329e-03,2.23029e-03,1.36
60,127,5.98167e-01,4.95840e-01,1.67304e-03,2.23003e-03,1.35
60,128,5.98011e-01,4.96200e-01,1.67259e-03,2.22979e-03,1.36
60,129,5.98321e-01,4.96760e-01,1.67251e-03,2.22866e-03,1.35
60,130,5.98338e-01,4.97900e-01,1.67234e-03,2.22967e-03,1.35
60,131,5.98261e-01,4.96380e-01,1.67229e-03,2.22769e-03,1.35
60,132,5.98336e-01,4.95440e-01,1.67202e-03,2.23010e-03,1.36
60,133,5.98324e-01,4.96860e-01,1.67182e-03,2.22839e-03,1.35
60,134,5.98206e-01,4.97800e-01,1.67153e-03,2.22707e-03,1.36
60,135,5.98571e-01,4.95740e-01,1.67158e-03,2.22862e-03,1.37
60,136,5.98191e-01,4.96520e-01,1.67141e-03,2.23060e-03,1.36
60,137,5.98462e-01,4.94700e-01,1.67127e-03,2.23142e-03,1.36
60,138,5.98482e-01,4.98540e-01,1.67096e-03,2.22816e-03,1.36
60,139,5.98707e-01,4.97340e-01,1.67109e-03,2.23057e-03,1.35
60,140,5.98421e-01,4.96560e-01,1.67078e-03,2.23000e-03,1.36
60,141,5.98607e-01,4.96440e-01,1.67111e-03,2.22874e-03,1.37
60,142,5.98542e-01,4.96040e-01,1.67018e-03,2.22693e-03,1.36
60,143,5.98404e-01,4.97160e-01,1.67064e-03,2.22623e-03,1.37
60,144,5.98507e-01,4.98280e-01,1.67067e-03,2.22673e-03,1.37
60,145,5.98415e-01,4.97900e-01,1.67032e-03,2.22799e-03,1.36
60,146,5.98644e-01,4.96800e-01,1.67039e-03,2.22773e-03,1.37
60,147,5.98518e-01,4.95440e-01,1.67022e-03,2.23141e-03,1.36
60,148,5.98873e-01,4.97460e-01,1.66993e-03,2.23098e-03,1.35
60,149,5.98786e-01,4.98540e-01,1.66980e-03,2.22523e-03,1.36
60,150,5.98763e-01,4.96820e-01,1.66992e-03,2.22541e-03,1.36
60,151,5.98683e-01,4.99080e-01,1.66980e-03,2.22118e-03,1.36
60,152,5.98475e-01,4.99680e-01,1.66912e-03,2.22644e-03,1.34
60,153,5.98607e-01,4.96600e-01,1.66957e-03,2.22995e-03,1.35
60,154,5.98695e-01,4.96740e-01,1.66937e-03,2.22611e-03,1.37
60,155,5.98588e-01,4.96880e-01,1.66956e-03,2.23345e-03,1.35
60,156,5.98882e-01,4.97380e-01,1.66902e-03,2.22434e-03,1.35
60,157,5.99014e-01,4.97560e-01,1.66921e-03,2.22490e-03,1.35
60,158,5.99112e-01,4.97620e-01,1.66879e-03,2.22749e-03,1.35
60,159,5.99232e-01,4.95920e-01,1.66898e-03,2.23141e-03,1.33
60,160,5.98958e-01,4.96560e-01,1.66852e-03,2.22874e-03,1.35
60,161,5.99169e-01,4.96800e-01,1.66898e-03,2.23123e-03,1.36
60,162,5.99008e-01,4.96860e-01,1.66864e-03,2.22836e-03,1.35
60,163,5.98971e-01,4.96160e-01,1.66840e-03,2.22763e-03,1.36
60,164,5.98848e-01,4.97720e-01,1.66833e-03,2.22843e-03,1.35
60,165,5.98909e-01,4.96940e-01,1.66845e-03,2.22608e-03,1.36
60,166,5.99114e-01,4.96520e-01,1.66834e-03,2.22573e-03,1.35
60,167,5.98963e-01,4.97980e-01,1.66829e-03,2.22606e-03,1.36
60,168,5.98991e-01,4.96940e-01,1.66833e-03,2.23051e-03,1.35
60,169,5.98966e-01,4.96240e-01,1.66816e-03,2.23036e-03,1.35
60,170,5.99141e-01,4.96180e-01,1.66806e-03,2.22589e-03,1.36
60,171,5.99105e-01,4.96280e-01,1.66809e-03,2.22716e-03,1.35
60,172,5.99023e-01,4.95940e-01,1.66791e-03,2.22640e-03,1.36
60,173,5.99142e-01,4.96620e-01,1.66776e-03,2.22928e-03,1.36
60,174,5.99222e-01,4.95920e-01,1.66770e-03,2.22953e-03,1.36
60,175,5.98732e-01,4.94520e-01,1.66763e-03,2.22893e-03,1.35
60,176,5.98994e-01,4.97500e-01,1.66773e-03,2.22601e-03,1.35
60,177,5.99227e-01,4.96540e-01,1.66759e-03,2.22876e-03,1.35
60,178,5.99286e-01,4.94680e-01,1.66739e-03,2.22930e-03,1.35
60,179,5.99187e-01,4.97060e-01,1.66759e-03,2.22781e-03,1.35
60,180,5.99391e-01,4.96640e-01,1.66758e-03,2.22475e-03,1.35
60,181,5.99357e-01,4.96500e-01,1.66719e-03,2.22826e-03,1.34
60,182,5.99248e-01,4.97860e-01,1.66724e-03,2.22441e-03,1.34
60,183,5.99446e-01,4.95360e-01,1.66692e-03,2.23006e-03,1.35
60,184,5.99165e-01,4.94480e-01,1.66748e-03,2.23058e-03,1.36
60,185,5.98929e-01,4.96640e-01,1.66721e-03,2.22441e-03,1.35
60,186,5.99354e-01,4.96480e-01,1.66713e-03,2.23116e-03,1.35
60,187,5.99304e-01,4.96240e-01,1.66700e-03,2.22933e-03,1.35
60,188,5.99215e-01,4.96540e-01,1.66698e-03,2.23063e-03,1.34
60,189,5.99170e-01,4.97280e-01,1.66656e-03,2.22774e-03,1.35
60,190,5.99114e-01,4.97060e-01,1.66707e-03,2.23005e-03,1.35
60,191,5.99445e-01,4.95080e-01,1.66665e-03,2.22876e-03,1.35
60,192,5.99290e-01,4.96840e-01,1.66699e-03,2.22970e-03,1.35
60,193,5.99350e-01,4.96920e-01,1.66659e-03,2.22700e-03,1.36
60,194,5.99027e-01,4.97340e-01,1.66706e-03,2.22701e-03,1.36
60,195,5.99328e-01,4.95640e-01,1.66674e-03,2.22769e-03,1.37
60,196,5.99453e-01,4.97460e-01,1.66694e-03,2.22624e-03,1.37
60,197,5.99225e-01,4.97640e-01,1.66666e-03,2.22803e-03,1.36
60,198,5.99453e-01,4.97140e-01,1.66635e-03,2.22917e-03,1.36
60,199,5.99312e-01,4.97460e-01,1.66653e-03,2.22528e-03,1.35
60,200,5.99205e-01,4.96440e-01,1.66652e-03,2.22671e-03,1.37
70,1,3.80674e-01,4.29000e-01,3.04413e-03,2.60778e-03,9.77
70,2,4.87413e-01,4.58160e-01,2.26557e-03,2.42937e-03,1.37
70,3,5.14245e-01,4.69480e-01,2.11561e-03,2.35519e-03,1.36
70,4,5.30001e-01,4.78080e-01,2.03170e-03,2.30961e-03,1.36
70,5,5.40531e-01,4.82720e-01,1.97595e-03,2.28430e-03,1.36
70,6,5.48310e-01,4.88160e-01,1.93395e-03,2.25988e-03,1.36
70,7,5.54394e-01,4.89760e-01,1.90125e-03,2.24299e-03,1.36
70,8,5.60125e-01,4.92520e-01,1.87478e-03,2.23089e-03,1.36
70,9,5.64216e-01,4.93400e-01,1.85235e-03,2.21958e-03,1.36
70,10,5.67953e-01,4.96180e-01,1.83340e-03,2.21175e-03,1.36
70,11,5.71067e-01,4.99420e-01,1.81669e-03,2.20164e-03,1.35
70,12,5.73962e-01,4.99800e-01,1.80211e-03,2.19944e-03,1.33
70,13,5.76242e-01,5.00460e-01,1.78915e-03,2.19225e-03,1.36
70,14,5.78397e-01,5.01840e-01,1.77800e-03,2.18934e-03,1.37
70,15,5.80464e-01,5.02000e-01,1.76767e-03,2.18408e-03,1.36
70,16,5.82563e-01,5.02700e-01,1.75755e-03,2.17931e-03,1.35
70,17,5.84283e-01,5.02440e-01,1.74905e-03,2.18007e-03,1.35
70,18,5.85462e-01,5.06480e-01,1.74081e-03,2.17073e-03,1.34
70,19,5.87101e-01,5.03760e-01,1.73376e-03,2.17418e-03,1.35
70,20,5.88475e-01,5.05920e-01,1.72672e-03,2.17319e-03,1.36
70,21,5.89783e-01,5.07260e-01,1.72045e-03,2.16538e-03,1.35
70,22,5.90996e-01,5.06680e-01,1.71435e-03,2.16192e-03,1.34
70,23,5.91639e-01,5.05680e-01,1.70905e-03,2.16588e-03,1.35
70,24,5.92895e-01,5.05960e-01,1.70402e-03,2.16619e-03,1.35
70,25,5.93966e-01,5.06740e-01,1.69909e-03,2.16251e-03,1.35
70,26,5.95097e-01,5.06200e-01,1.69417e-03,2.16094e-03,1.35
70,27,5.95941e-01,5.08860e-01,1.68970e-03,2.15720e-03,1.35
70,28,5.96502e-01,5.07540e-01,1.68597e-03,2.15677e-03,1.35
70,29,5.97368e-01,5.08880e-01,1.68199e-03,2.15340e-03,1.35
70,30,5.97962e-01,5.08980e-01,1.67870e-03,2.15389e-03,1.35
70,31,5.98759e-01,5.09340e-01,1.67520e-03,2.15185e-03,1.34
70,32,5.99162e-01,5.09980e-01,1.67206e-03,2.15638e-03,1.33
70,33,6.00068e-01,5.08300e-01,1.66863e-03,2.15508e-03,1.34
70,34,6.00386e-01,5.08240e-01,1.66561e-03,2.15309e-03,1.36
70,35,6.00705e-01,5.09920e-01,1.66282e-03,2.15215e-03,1.36
70,36,6.01363e-01,5.10720e-01,1.66063e-03,2.15184e-03,1.36
70,37,6.02335e-01,5.09340e-01,1.65772e-03,2.15106e-03,1.35
70,38,6.02785e-01,5.09840e-01,1.65478e-03,2.14893e-03,1.35
70,39,6.03103e-01,5.09840e-01,1.65270e-03,2.15224e-03,1.35
70,40,6.03474e-01,5.11500e-01,1.65054e-03,2.15018e-03,1.35
70,41,6.03802e-01,5.11620e-01,1.64855e-03,2.14731e-03,1.36
70,42,6.04253e-01,5.10260e-01,1.64559e-03,2.14662e-03,1.37
70,43,6.04591e-01,5.11880e-01,1.64444e-03,2.14710e-03,1.35
70,44,6.05345e-01,5.09520e-01,1.64237e-03,2.14872e-03,1.36
70,45,6.05442e-01,5.11680e-01,1.64064e-03,2.14722e-03,1.34
70,46,6.05796e-01,5.11020e-01,1.63832e-03,2.14824e-03,1.36
70,47,6.05660e-01,5.12120e-01,1.63676e-03,2.14788e-03,1.34
70,48,6.06595e-01,5.08960e-01,1.63550e-03,2.14674e-03,1.34
70,49,6.06873e-01,5.12780e-01,1.63349e-03,2.14459e-03,1.35
70,50,6.06787e-01,5.11280e-01,1.63227e-03,2.14652e-03,1.34
70,51,6.07477e-01,5.11740e-01,1.63044e-03,2.14885e-03,1.35
70,52,6.07769e-01,5.11100e-01,1.62970e-03,2.14525e-03,1.34
70,53,6.08140e-01,5.11480e-01,1.62806e-03,2.14576e-03,1.34
70,54,6.08331e-01,5.10720e-01,1.62677e-03,2.14755e-03,1.35
70,55,6.08622e-01,5.10720e-01,1.62595e-03,2.14787e-03,1.35
70,56,6.08665e-01,5.12620e-01,1.62413e-03,2.14491e-03,1.35
70,57,6.08977e-01,5.10260e-01,1.62317e-03,2.14531e-03,1.35
70,58,6.08910e-01,5.11080e-01,1.62244e-03,2.14678e-03,1.35
70,59,6.09412e-01,5.11220e-01,1.62109e-03,2.14368e-03,1.35
70,60,6.09375e-01,5.09900e-01,1.61955e-03,2.14550e-03,1.35
70,61,6.09613e-01,5.11860e-01,1.61874e-03,2.14338e-03,1.33
70,62,6.10183e-01,5.11740e-01,1.61780e-03,2.14458e-03,1.34
70,63,6.10088e-01,5.12400e-01,1.61673e-03,2.14466e-03,1.36
70,64,6.10152e-01,5.10780e-01,1.61580e-03,2.14397e-03,1.36
70,65,6.10439e-01,5.11720e-01,1.61476e-03,2.14536e-03,1.35
70,66,6.10399e-01,5.11260e-01,1.61417e-03,2.14302e-03,1.35
70,67,6.10896e-01,5.11060e-01,1.61353e-03,2.14356e-03,1.35
70,68,6.10838e-01,5.12340e-01,1.61226e-03,2.14280e-03,1.35
70,69,6.11127e-01,5.12880e-01,1.61142e-03,2.14266e-03,1.33
70,70,6.11293e-01,5.12620e-01,1.61073e-03,2.14379e-03,1.33
70,71,6.11630e-01,5.13140e-01,1.61009e-03,2.14701e-03,1.33
70,72,6.11261e-01,5.12700e-01,1.60954e-03,2.15095e-03,1.33
70,73,6.11621e-01,5.11500e-01,1.60847e-03,2.14618e-03,1.35
70,74,6.11818e-01,5.12860e-01,1.60794e-03,2.14426e-03,1.37
70,75,6.11869e-01,5.11860e-01,1.60746e-03,2.14567e-03,1.36
70,76,6.11763e-01,5.13000e-01,1.60683e-03,2.14246e-03,1.36
70,77,6.12346e-01,5.12880e-01,1.60618e-03,2.14197e-03,1.34
70,78,6.12414e-01,5.11460e-01,1.60525e-03,2.14286e-03,1.34
70,79,6.12252e-01,5.13120e-01,1.60500e-03,2.14197e-03,1.34
70,80,6.12537e-01,5.12180e-01,1.60381e-03,2.14075e-03,1.34
70,81,6.12743e-01,5.14320e-01,1.60357e-03,2.14026e-03,1.35
70,82,6.12805e-01,5.12600e-01,1.60304e-03,2.14112e-03,1.34
70,83,6.12507e-01,5.13260e-01,1.60264e-03,2.14440e-03,1.36
70,84,6.12775e-01,5.13180e-01,1.60205e-03,2.13941e-03,1.37
70,85,6.13207e-01,5.12100e-01,1.60134e-03,2.13905e-03,1.36
70,86,6.13365e-01,5.13280e-01,1.60131e-03,2.14301e-03,1.36
70,87,6.13207e-01,5.14940e-01,1.60030e-03,2.14049e-03,1.34
70,88,6.13534e-01,5.13160e-01,1.59984e-03,2.14189e-03,1.33
70,89,6.13588e-01,5.14520e-01,1.59974e-03,2.13842e-03,1.34
70,90,6.13449e-01,5.14500e-01,1.59905e-03,2.14086e-03,1.34
70,91,6.13363e-01,5.13460e-01,1.59870e-03,2.14160e-03,1.35
70,92,6.13762e-01,5.14600e-01,1.59836e-03,2.13756e-03,1.34
70,93,6.13783e-01,5.12020e-01,1.59791e-03,2.14284e-03,1.36
70,94,6.13762e-01,5.11820e-01,1.59772e-03,2.14033e-03,1.37
70,95,6.13857e-01,5.14060e-01,1.59718e-03,2.14108e-03,1.37
70,96,6.14447e-01,5.14340e-01,1.59696e-03,2.14082e-03,1.38
70,97,6.13989e-01,5.14000e-01,1.59609e-03,2.14047e-03,1.37
70,98,6.13804e-01,5.12680e-01,1.59593e-03,2.14121e-03,1.37
70,99,6.13922e-01,5.12840e-01,1.59585e-03,2.13748e-03,1.37
70,100,6.14437e-01,5.13440e-01,1.59537e-03,2.14092e-03,1.36
70,101,6.14103e-01,5.13900e-01,1.59535e-03,2.13791e-03,1.37
70,102,6.14415e-01,5.12540e-01,1.59488e-03,2.14026e-03,1.36
70,103,6.14810e-01,5.12580e-01,1.59432e-03,2.14193e-03,1.35
70,104,6.14735e-01,5.13220e-01,1.59400e-03,2.14012e-03,1.35
70,105,6.14845e-01,5.13300e-01,1.59380e-03,2.13831e-03,1.35
70,106,6.14736e-01,5.13420e-01,1.59362e-03,2.13868e-03,1.35
70,107,6.14881e-01,5.13340e-01,1.59310e-03,2.14044e-03,1.35
70,108,6.15065e-01,5.14640e-01,1.59302e-03,2.14090e-03,1.34
70,109,6.14463e-01,5.15160e-01,1.59278e-03,2.13796e-03,1.34
70,110,6.14693e-01,5.13260e-01,1.59248e-03,2.14037e-03,1.35
70,111,6.14783e-01,5.14100e-01,1.59216e-03,2.13895e-03,1.35
70,112,6.15094e-01,5.13580e-01,1.59153e-03,2.14150e-03,1.34
70,113,6.14615e-01,5.12460e-01,1.59181e-03,2.14052e-03,1.34
70,114,6.15154e-01,5.14200e-01,1.59137e-03,2.14132e-03,1.35
70,115,6.15026e-01,5.13980e-01,1.59096e-03,2.13875e-03,1.36
70,116,6.15287e-01,5.15240e-01,1.59083e-03,2.13786e-03,1.34
70,117,6.15136e-01,5.11400e-01,1.59098e-03,2.14111e-03,1.34
70,118,6.15233e-01,5.13040e-01,1.59020e-03,2.13715e-03,1.38
70,119,6.15106e-01,5.13600e-01,1.59038e-03,2.14146e-03,1.35
70,120,6.15058e-01,5.12940e-01,1.58994e-03,2.14167e-03,1.34
70,121,6.15455e-01,5.13260e-01,1.58994e-03,2.14112e-03,1.34
70,122,6.15473e-01,5.13020e-01,1.58954e-03,2.14038e-03,1.34
70,123,6.15222e-01,5.14280e-01,1.58934e-03,2.14013e-03,1.34
70,124,6.15428e-01,5.12500e-01,1.58959e-03,2.14021e-03,1.35
70,125,6.15937e-01,5.13900e-01,1.58896e-03,2.14113e-03,1.35
70,126,6.15600e-01,5.12980e-01,1.58889e-03,2.13997e-03,1.35
70,127,6.15431e-01,5.12960e-01,1.58903e-03,2.13934e-03,1.34
70,128,6.15757e-01,5.13520e-01,1.58898e-03,2.13922e-03,1.35
70,129,6.15495e-01,5.14020e-01,1.58847e-03,2.13881e-03,1.36
70,130,6.15869e-01,5.12360e-01,1.58792e-03,2.14159e-03,1.35
70,131,6.15981e-01,5.14660e-01,1.58791e-03,2.13700e-03,1.36
70,132,6.15509e-01,5.15140e-01,1.58810e-03,2.13819e-03,1.36
70,133,6.15728e-01,5.13420e-01,1.58771e-03,2.13747e-03,1.34
70,134,6.15773e-01,5.13700e-01,1.58772e-03,2.13967e-03,1.34
70,135,6.15951e-01,5.12700e-01,1.58732e-03,2.14156e-03,1.36
70,136,6.15738e-01,5.14140e-01,1.58712e-03,2.14251e-03,1.36
70,137,6.15770e-01,5.13320e-01,1.58728e-03,2.13763e-03,1.36
70,138,6.15444e-01,5.15400e-01,1.58723e-03,2.13713e-03,1.36
70,139,6.16053e-01,5.14600e-01,1.58655e-03,2.13940e-03,1.36
70,140,6.15806e-01,5.14340e-01,1.58687e-03,2.14000e-03,1.36
70,141,6.16130e-01,5.13500e-01,1.58657e-03,2.13725e-03,1.36
70,142,6.16165e-01,5.12200e-01,1.58640e-03,2.14150e-03,1.36
70,143,6.16006e-01,5.12780e-01,1.58644e-03,2.13909e-03,1.35
70,144,6.15959e-01,5.12000e-01,1.58640e-03,2.13614e-03,1.35
70,145,6.15892e-01,5.11760e-01,1.58635e-03,2.14210e-03,1.35
70,146,6.15975e-01,5.12640e-01,1.58616e-03,2.13772e-03,1.34
70,147,6.16134e-01,5.12120e-01,1.58603e-03,2.13893e-03,1.34
70,148,6.16501e-01,5.12440e-01,1.58595e-03,2.13856e-03,1.34
70,149,6.16061e-01,5.14040e-01,1.58556e-03,2.13792e-03,1.36
70,150,6.16169e-01,5.13460e-01,1.58551e-03,2.13828e-03,1.33
70,151,6.16110e-01,5.14640e-01,1.58564e-03,2.14125e-03,1.33
70,152,6.16543e-01,5.13800e-01,1.58561e-03,2.13865e-03,1.33
70,153,6.16245e-01,5.14780e-01,1.58523e-03,2.13746e-03,1.33
70,154,6.16585e-01,5.13800e-01,1.58497e-03,2.14035e-03,1.33
70,155,6.16128e-01,5.14920e-01,1.58490e-03,2.13912e-03,1.34
70,156,6.16361e-01,5.12780e-01,1.58525e-03,2.13994e-03,1.35
70,157,6.16362e-01,5.13200e-01,1.58465e-03,2.14053e-03,1.34
70,158,6.16472e-01,5.12240e-01,1.58455e-03,2.13925e-03,1.36
70,159,6.16118e-01,5.13760e-01,1.58493e-03,2.13826e-03,1.36
70,160,6.16213e-01,5.14240e-01,1.58496e-03,2.13710e-03,1.35
70,161,6.16489e-01,5.12780e-01,1.58456e-03,2.13842e-03,1.34
70,162,6.16507e-01,5.13980e-01,1.58449e-03,2.13835e-03,1.35
70,163,6.16535e-01,5.13580e-01,1.58446e-03,2.13996e-03,1.36
70,164,6.16426e-01,5.13060e-01,1.58397e-03,2.13937e-03,1.37
70,165,6.16527e-01,5.12020e-01,1.58442e-03,2.14037e-03,1.36
70,166,6.16236e-01,5.13120e-01,1.58455e-03,2.13861e-03,1.36
70,167,6.16435e-01,5.12580e-01,1.58405e-03,2.13986e-03,1.37
70,168,6.16666e-01,5.14000e-01,1.58413e-03,2.13921e-03,1.37
70,169,6.16408e-01,5.14600e-01,1.58383e-03,2.13685e-03,1.36
70,170,6.16396e-01,5.13880e-01,1.58373e-03,2.13752e-03,1.36
70,171,6.16674e-01,5.12880e-01,1.58383e-03,2.13660e-03,1.36
70,172,6.16421e-01,5.13020e-01,1.58384e-03,2.13897e-03,1.35
70,173,6.16569e-01,5.12880e-01,1.58379e-03,2.13761e-03,1.36
70,174,6.16418e-01,5.13100e-01,1.58361e-03,2.14048e-03,1.36
70,175,6.16676e-01,5.15380e-01,1.58331e-03,2.13746e-03,1.36
70,176,6.16799e-01,5.15340e-01,1.58373e-03,2.13587e-03,1.35
70,177,6.16354e-01,5.12240e-01,1.58388e-03,2.13952e-03,1.35
70,178,6.16813e-01,5.12440e-01,1.58328e-03,2.13882e-03,1.36
70,179,6.16460e-01,5.13400e-01,1.58350e-03,2.14022e-03,1.35
70,180,6.16732e-01,5.13060e-01,1.58345e-03,2.13991e-03,1.36
70,181,6.16811e-01,5.12420e-01,1.58285e-03,2.14142e-03,1.35
70,182,6.16699e-01,5.14380e-01,1.58334e-03,2.13726e-03,1.36
70,183,6.16632e-01,5.14700e-01,1.58343e-03,2.13772e-03,1.36
70,184,6.16621e-01,5.14860e-01,1.58359e-03,2.13577e-03,1.36
70,185,6.16774e-01,5.12780e-01,1.58318e-03,2.13927e-03,1.35
70,186,6.16561e-01,5.13720e-01,1.58308e-03,2.13907e-03,1.35
70,187,6.16494e-01,5.15240e-01,1.58294e-03,2.13756e-03,1.36
70,188,6.16660e-01,5.12560e-01,1.58312e-03,2.13803e-03,1.36
70,189,6.16697e-01,5.14700e-01,1.58302e-03,2.13526e-03,1.34
70,190,6.16696e-01,5.12400e-01,1.58286e-03,2.13894e-03,1.34
70,191,6.16517e-01,5.14320e-01,1.58271e-03,2.13585e-03,1.34
70,192,6.16691e-01,5.13980e-01,1.58264e-03,2.13680e-03,1.34
70,193,6.16391e-01,5.14140e-01,1.58290e-03,2.13995e-03,1.34
70,194,6.16712e-01,5.13800e-01,1.58283e-03,2.13780e-03,1.35
70,195,6.16814e-01,5.13900e-01,1.58255e-03,2.13986e-03,1.34
70,196,6.16689e-01,5.10900e-01,1.58258e-03,2.14081e-03,1.35
70,197,6.17031e-01,5.14060e-01,1.58260e-03,2.13871e-03,1.35
70,198,6.16600e-01,5.11960e-01,1.58273e-03,2.14033e-03,1.36
70,199,6.16909e-01,5.12380e-01,1.58266e-03,2.13831e-03,1.34
70,200,6.16721e-01,5.13400e-01,1.58239e-03,2.13746e-03,1.35
80,1,4.00381e-01,4.46380e-01,2.94673e-03,2.51224e-03,9.77
80,2,5.07413e-01,4.77140e-01,2.16788e-03,2.33038e-03,1.35
80,3,5.33779e-01,4.89200e-01,2.01891e-03,2.25555e-03,1.35
80,4,5.49437e-01,4.96420e-01,1.93592e-03,2.21187e-03,1.36
80,5,5.59324e-01,5.03940e-01,1.88026e-03,2.18185e-03,1.35
80,6,5.67586e-01,5.07560e-01,1.83910e-03,2.16259e-03,1.36
80,7,5.73994e-01,5.10080e-01,1.80657e-03,2.14498e-03,1.35
80,8,5.79123e-01,5.14500e-01,1.78003e-03,2.12953e-03,1.35
80,9,5.83125e-01,5.15420e-01,1.75808e-03,2.12004e-03,1.35
80,10,5.87273e-01,5.18160e-01,1.73888e-03,2.11084e-03,1.35
80,11,5.89945e-01,5.16300e-01,1.72254e-03,2.10778e-03,1.35
80,12,5.93344e-01,5.19200e-01,1.70795e-03,2.09728e-03,1.34
80,13,5.95649e-01,5.21860e-01,1.69481e-03,2.09339e-03,1.35
80,14,5.98084e-01,5.22920e-01,1.68382e-03,2.08597e-03,1.35
80,15,6.00148e-01,5.22400e-01,1.67335e-03,2.08191e-03,1.34
80,16,6.01847e-01,5.23280e-01,1.66379e-03,2.08010e-03,1.34
80,17,6.03347e-01,5.23980e-01,1.65502e-03,2.07818e-03,1.35
80,18,6.05060e-01,5.22620e-01,1.64715e-03,2.07412e-03,1.36
80,19,6.06356e-01,5.25760e-01,1.64000e-03,2.06929e-03,1.35
80,20,6.07922e-01,5.25040e-01,1.63322e-03,2.07035e-03,1.34
80,21,6.09178e-01,5.26180e-01,1.62701e-03,2.06595e-03,1.34
80,22,6.10308e-01,5.27500e-01,1.62071e-03,2.06434e-03,1.34
80,23,6.11217e-01,5.27260e-01,1.61524e-03,2.06470e-03,1.35
80,24,6.12513e-01,5.28820e-01,1.61002e-03,2.06236e-03,1.35
80,25,6.13450e-01,5.28440e-01,1.60530e-03,2.05961e-03,1.35
80,26,6.14071e-01,5.29480e-01,1.60084e-03,2.05890e-03,1.36
80,27,6.15319e-01,5.28760e-01,1.59651e-03,2.05819e-03,1.36
80,28,6.16363e-01,5.29800e-01,1.59251e-03,2.05807e-03,1.36
80,29,6.16957e-01,5.27620e-01,1.58847e-03,2.05516e-03,1.36
80,30,6.17108e-01,5.29480e-01,1.58507e-03,2.05880e-03,1.36
80,31,6.17989e-01,5.29460e-01,1.58167e-03,2.05636e-03,1.35
80,32,6.18691e-01,5.29420e-01,1.57800e-03,2.05533e-03,1.35
80,33,6.19559e-01,5.30320e-01,1.57512e-03,2.05061e-03,1.33
80,34,6.20064e-01,5.31320e-01,1.57209e-03,2.04961e-03,1.34
80,35,6.20709e-01,5.31880e-01,1.56943e-03,2.05026e-03,1.35
80,36,6.20780e-01,5.31760e-01,1.56663e-03,2.05243e-03,1.34
80,37,6.21640e-01,5.33260e-01,1.56402e-03,2.04711e-03,1.34
80,38,6.21988e-01,5.32120e-01,1.56193e-03,2.04926e-03,1.34
80,39,6.22767e-01,5.30280e-01,1.55937e-03,2.05032e-03,1.34
80,40,6.22915e-01,5.31040e-01,1.55756e-03,2.04789e-03,1.35
80,41,6.23423e-01,5.30620e-01,1.55484e-03,2.04657e-03,1.36
80,42,6.23704e-01,5.32080e-01,1.55316e-03,2.04615e-03,1.34
80,43,6.23990e-01,5.32620e-01,1.55099e-03,2.04624e-03,1.34
80,44,6.24366e-01,5.32260e-01,1.54892e-03,2.04373e-03,1.35
80,45,6.24917e-01,5.31300e-01,1.54703e-03,2.04706e-03,1.36
80,46,6.25299e-01,5.32460e-01,1.54540e-03,2.04946e-03,1.32
80,47,6.25886e-01,5.31740e-01,1.54370e-03,2.04853e-03,1.32
80,48,6.25861e-01,5.32440e-01,1.54248e-03,2.04655e-03,1.32
80,49,6.26307e-01,5.33200e-01,1.54062e-03,2.04546e-03,1.33
80,50,6.26777e-01,5.33200e-01,1.53893e-03,2.04550e-03,1.34
80,51,6.26624e-01,5.35060e-01,1.53756e-03,2.04431e-03,1.35
80,52,6.27111e-01,5.32460e-01,1.53624e-03,2.04773e-03,1.35
80,53,6.27326e-01,5.33120e-01,1.53483e-03,2.04268e-03,1.34
80,54,6.27773e-01,5.33280e-01,1.53338e-03,2.04251e-03,1.34
80,55,6.28081e-01,5.33340e-01,1.53208e-03,2.04456e-03,1.36
80,56,6.28127e-01,5.31740e-01,1.53125e-03,2.04286e-03,1.34
80,57,6.28857e-01,5.32460e-01,1.52961e-03,2.04307e-03,1.34
80,58,6.28465e-01,5.35160e-01,1.52877e-03,2.04122e-03,1.34
80,59,6.28565e-01,5.33120e-01,1.52756e-03,2.04244e-03,1.36
80,60,6.29254e-01,5.34240e-01,1.52643e-03,2.04143e-03,1.35
80,61,6.29332e-01,5.32780e-01,1.52527e-03,2.04166e-03,1.34
80,62,6.29751e-01,5.34240e-01,1.52454e-03,2.04081e-03,1.35
80,63,6.29862e-01,5.33560e-01,1.52364e-03,2.04365e-03,1.36
80,64,6.29988e-01,5.35320e-01,1.52253e-03,2.04195e-03,1.36
80,65,6.29980e-01,5.32980e-01,1.52165e-03,2.04260e-03,1.36
80,66,6.30286e-01,5.33520e-01,1.52109e-03,2.04103e-03,1.35
80,67,6.30929e-01,5.33880e-01,1.51946e-03,2.04377e-03,1.35
80,68,6.30600e-01,5.33700e-01,1.51898e-03,2.04241e-03,1.34
80,69,6.30645e-01,5.34500e-01,1.51833e-03,2.04030e-03,1.35
80,70,6.31181e-01,5.34540e-01,1.51759e-03,2.03881e-03,1.36
80,71,6.31064e-01,5.35640e-01,1.51663e-03,2.03938e-03,1.36
80,72,6.31413e-01,5.33480e-01,1.51595e-03,2.04209e-03,1.35
80,73,6.31495e-01,5.33740e-01,1.51497e-03,2.04046e-03,1.35
80,74,6.31771e-01,5.33480e-01,1.51482e-03,2.04050e-03,1.36
80,75,6.32026e-01,5.34180e-01,1.51374e-03,2.04079e-03,1.36
80,76,6.31595e-01,5.34860e-01,1.51317e-03,2.04027e-03,1.34
80,77,6.31924e-01,5.33520e-01,1.51237e-03,2.03941e-03,1.35
80,78,6.32212e-01,5.33160e-01,1.51195e-03,2.04320e-03,1.34
80,79,6.32236e-01,5.34600e-01,1.51145e-03,2.04041e-03,1.35
80,80,6.32392e-01,5.35420e-01,1.51095e-03,2.04140e-03,1.35
80,81,6.32514e-01,5.34820e-01,1.51019e-03,2.03904e-03,1.37
80,82,6.32323e-01,5.33780e-01,1.50964e-03,2.03922e-03,1.34
80,83,6.32699e-01,5.32300e-01,1.50896e-03,2.04616e-03,1.34
80,84,6.33069e-01,5.33480e-01,1.50862e-03,2.04109e-03,1.34
80,85,6.32503e-01,5.35940e-01,1.50814e-03,2.03833e-03,1.35
80,86,6.33053e-01,5.34360e-01,1.50776e-03,2.03839e-03,1.34
80,87,6.33025e-01,5.34600e-01,1.50724e-03,2.03665e-03,1.35
80,88,6.32961e-01,5.33240e-01,1.50676e-03,2.04034e-03,1.35
80,89,6.33223e-01,5.34420e-01,1.50595e-03,2.03914e-03,1.35
80,90,6.33293e-01,5.34540e-01,1.50598e-03,2.03852e-03,1.35
80,91,6.33611e-01,5.34780e-01,1.50509e-03,2.03742e-03,1.35
80,92,6.33441e-01,5.35580e-01,1.50493e-03,2.03925e-03,1.36
80,93,6.33429e-01,5.34140e-01,1.50455e-03,2.03945e-03,1.35
80,94,6.33502e-01,5.33860e-01,1.50427e-03,2.03967e-03,1.34
80,95,6.33757e-01,5.33320e-01,1.50364e-03,2.03737e-03,1.34
80,96,6.33876e-01,5.33940e-01,1.50329e-03,2.04033e-03,1.35
80,97,6.33946e-01,5.34040e-01,1.50320e-03,2.03720e-03,1.34
80,98,6.34202e-01,5.33560e-01,1.50282e-03,2.03790e-03,1.34
80,99,6.33963e-01,5.35060e-01,1.50244e-03,2.03799e-03,1.35
80,100,6.33807e-01,5.34000e-01,1.50219e-03,2.03986e-03,1.35
80,101,6.34015e-01,5.33800e-01,1.50177e-03,2.03887e-03,1.36
80,102,6.34246e-01,5.34780e-01,1.50149e-03,2.03986e-03,1.35
80,103,6.34016e-01,5.34220e-01,1.50098e-03,2.03873e-03,1.35
80,104,6.34171e-01,5.35520e-01,1.50098e-03,2.03684e-03,1.34
80,105,6.34338e-01,5.34020e-01,1.50053e-03,2.03979e-03,1.35
80,106,6.34489e-01,5.35020e-01,1.50006e-03,2.04004e-03,1.33
80,107,6.34283e-01,5.34540e-01,1.49973e-03,2.03778e-03,1.34
80,108,6.34486e-01,5.34780e-01,1.49961e-03,2.03769e-03,1.35
80,109,6.34489e-01,5.34600e-01,1.49897e-03,2.03942e-03,1.33
80,110,6.34695e-01,5.35060e-01,1.49926e-03,2.04011e-03,1.34
80,111,6.34761e-01,5.36240e-01,1.49879e-03,2.03281e-03,1.36
80,112,6.34781e-01,5.34200e-01,1.49883e-03,2.03647e-03,1.33
80,113,6.34605e-01,5.34160e-01,1.49805e-03,2.03780e-03,1.33
80,114,6.35076e-01,5.35580e-01,1.49782e-03,2.03722e-03,1.34
80,115,6.35098e-01,5.34900e-01,1.49750e-03,2.04313e-03,1.36
80,116,6.34676e-01,5.35820e-01,1.49762e-03,2.03738e-03,1.36
80,117,6.34955e-01,5.34280e-01,1.49737e-03,2.04236e-03,1.36
80,118,6.35075e-01,5.34540e-01,1.49716e-03,2.03841e-03,1.34
80,119,6.34834e-01,5.35720e-01,1.49697e-03,2.03691e-03,1.35
80,120,6.35233e-01,5.35980e-01,1.49670e-03,2.03651e-03,1.35
80,121,6.35213e-01,5.33800e-01,1.49646e-03,2.03781e-03,1.34
80,122,6.35130e-01,5.33820e-01,1.49622e-03,2.03983e-03,1.35
80,123,6.35147e-01,5.35160e-01,1.49591e-03,2.03477e-03,1.33
80,124,6.35336e-01,5.35900e-01,1.49589e-03,2.03804e-03,1.35
80,125,6.35419e-01,5.35240e-01,1.49594e-03,2.03821e-03,1.35
80,126,6.35250e-01,5.34840e-01,1.49575e-03,2.03649e-03,1.34
80,127,6.35353e-01,5.33260e-01,1.49537e-03,2.03950e-03,1.33
80,128,6.35402e-01,5.33200e-01,1.49512e-03,2.04085e-03,1.33
80,129,6.35475e-01,5.34800e-01,1.49510e-03,2.03809e-03,1.33
80,130,6.35231e-01,5.33920e-01,1.49491e-03,2.03994e-03,1.33
80,131,6.35741e-01,5.36380e-01,1.49435e-03,2.03941e-03,1.33
80,132,6.35612e-01,5.34960e-01,1.49445e-03,2.03662e-03,1.34
80,133,6.35660e-01,5.34120e-01,1.49455e-03,2.03714e-03,1.35
80,134,6.35487e-01,5.34840e-01,1.49408e-03,2.03820e-03,1.33
80,135,6.35574e-01,5.34740e-01,1.49401e-03,2.03967e-03,1.33
80,136,6.35741e-01,5.35480e-01,1.49403e-03,2.03741e-03,1.33
80,137,6.35582e-01,5.34700e-01,1.49360e-03,2.04110e-03,1.34
80,138,6.35795e-01,5.35580e-01,1.49328e-03,2.03648e-03,1.33
80,139,6.35628e-01,5.35840e-01,1.49390e-03,2.03839e-03,1.33
80,140,6.35572e-01,5.35020e-01,1.49326e-03,2.03838e-03,1.33
80,141,6.35593e-01,5.35460e-01,1.49322e-03,2.03767e-03,1.35
80,142,6.35756e-01,5.35300e-01,1.49313e-03,2.03685e-03,1.33
80,143,6.36009e-01,5.34540e-01,1.49309e-03,2.03751e-03,1.33
80,144,6.35714e-01,5.35820e-01,1.49269e-03,2.03640e-03,1.34
80,145,6.35803e-01,5.34620e-01,1.49243e-03,2.03663e-03,1.33
80,146,6.35798e-01,5.35120e-01,1.49252e-03,2.03587e-03,1.33
80,147,6.35772e-01,5.36620e-01,1.49237e-03,2.03567e-03,1.34
80,148,6.36104e-01,5.34460e-01,1.49230e-03,2.03488e-03,1.35
80,149,6.35857e-01,5.34660e-01,1.49221e-03,2.03820e-03,1.35
80,150,6.36098e-01,5.34840e-01,1.49218e-03,2.03996e-03,1.35
80,151,6.35955e-01,5.34880e-01,1.49221e-03,2.03820e-03,1.33
80,152,6.36205e-01,5.36200e-01,1.49192e-03,2.03381e-03,1.33
80,153,6.35892e-01,5.35000e-01,1.49181e-03,2.03569e-03,1.33
80,154,6.36198e-01,5.33340e-01,1.49159e-03,2.04251e-03,1.34
80,155,6.36090e-01,5.34800e-01,1.49165e-03,2.03788e-03,1.33
80,156,6.36266e-01,5.35900e-01,1.49184e-03,2.03843e-03,1.33
80,157,6.36360e-01,5.34960e-01,1.49139e-03,2.03897e-03,1.33
80,158,6.36042e-01,5.34820e-01,1.49132e-03,2.03575e-03,1.33
80,159,6.36355e-01,5.34100e-01,1.49130e-03,2.03723e-03,1.33
80,160,6.36200e-01,5.34240e-01,1.49119e-03,2.03830e-03,1.33
80,161,6.36179e-01,5.34840e-01,1.49125e-03,2.03687e-03,1.33
80,162,6.36314e-01,5.36540e-01,1.49085e-03,2.03447e-03,1.33
80,163,6.36154e-01,5.36040e-01,1.49097e-03,2.03800e-03,1.34
80,164,6.36412e-01,5.33680e-01,1.49088e-03,2.04059e-03,1.34
80,165,6.36263e-01,5.35960e-01,1.49052e-03,2.03530e-03,1.34
80,166,6.36377e-01,5.33280e-01,1.49065e-03,2.03971e-03,1.34
80,167,6.36070e-01,5.35440e-01,1.49086e-03,2.03466e-03,1.34
80,168,6.36248e-01,5.34260e-01,1.49088e-03,2.03724e-03,1.36
80,169,6.36132e-01,5.34960e-01,1.49037e-03,2.03525e-03,1.36
80,170,6.36303e-01,5.35060e-01,1.49037e-03,2.03375e-03,1.34
80,171,6.36359e-01,5.33440e-01,1.49089e-03,2.03912e-03,1.34
80,172,6.36556e-01,5.34700e-01,1.49006e-03,2.03892e-03,1.34
80,173,6.36623e-01,5.36040e-01,1.49027e-03,2.03609e-03,1.34
80,174,6.36083e-01,5.35300e-01,1.49025e-03,2.03486e-03,1.35
80,175,6.36147e-01,5.36140e-01,1.48990e-03,2.03623e-03,1.36
80,176,6.36321e-01,5.34360e-01,1.49009e-03,2.03742e-03,1.34
80,177,6.36075e-01,5.35560e-01,1.49055e-03,2.03802e-03,1.34
80,178,6.36190e-01,5.34500e-01,1.49015e-03,2.03933e-03,1.34
80,179,6.36288e-01,5.35420e-01,1.48994e-03,2.03497e-03,1.35
80,180,6.36375e-01,5.36040e-01,1.48973e-03,2.03709e-03,1.34
80,181,6.36589e-01,5.35520e-01,1.48971e-03,2.03810e-03,1.34
80,182,6.36491e-01,5.33920e-01,1.48984e-03,2.03732e-03,1.34
80,183,6.36452e-01,5.34980e-01,1.48965e-03,2.03861e-03,1.35
80,184,6.36137e-01,5.35740e-01,1.48966e-03,2.03815e-03,1.35
80,185,6.36675e-01,5.33740e-01,1.48971e-03,2.03960e-03,1.34
80,186,6.36448e-01,5.35260e-01,1.48943e-03,2.03503e-03,1.35
80,187,6.36566e-01,5.34780e-01,1.48943e-03,2.03702e-03,1.35
80,188,6.36570e-01,5.34240e-01,1.48929e-03,2.03735e-03,1.34
80,189,6.36593e-01,5.34540e-01,1.48924e-03,2.03400e-03,1.36
80,190,6.36725e-01,5.35460e-01,1.48950e-03,2.04181e-03,1.36
80,191,6.36469e-01,5.33820e-01,1.48900e-03,2.03668e-03,1.34
80,192,6.36391e-01,5.34940e-01,1.48919e-03,2.03747e-03,1.34
80,193,6.36314e-01,5.35780e-01,1.48919e-03,2.03684e-03,1.34
80,194,6.36857e-01,5.34300e-01,1.48895e-03,2.03762e-03,1.34
80,195,6.36608e-01,5.34540e-01,1.48899e-03,2.03698e-03,1.34
80,196,6.36396e-01,5.35160e-01,1.48882e-03,2.03457e-03,1.34
80,197,6.36414e-01,5.35260e-01,1.48905e-03,2.03318e-03,1.35
80,198,6.36612e-01,5.35820e-01,1.48920e-03,2.03631e-03,1.35
80,199,6.36691e-01,5.35240e-01,1.48890e-03,2.03600e-03,1.34
80,200,6.36791e-01,5.34840e-01,1.48881e-03,2.03480e-03,1.36
90,1,4.12134e-01,4.55540e-01,2.89163e-03,2.45474e-03,9.78
90,2,5.20854e-01,4.88120e-01,2.10374e-03,2.26619e-03,1.36
90,3,5.48072e-01,5.01120e-01,1.95283e-03,2.18882e-03,1.35
90,4,5.63515e-01,5.12140e-01,1.86878e-03,2.14060e-03,1.34
90,5,5.74536e-01,5.16760e-01,1.81244e-03,2.10898e-03,1.34
90,6,5.82084e-01,5.21220e-01,1.77053e-03,2.08667e-03,1.34
90,7,5.88604e-01,5.25200e-01,1.73769e-03,2.06814e-03,1.34
90,8,5.94079e-01,5.26220e-01,1.71086e-03,2.05768e-03,1.35
90,9,5.98344e-01,5.28180e-01,1.68868e-03,2.04677e-03,1.35
90,10,6.02018e-01,5.29740e-01,1.66943e-03,2.03888e-03,1.36
90,11,6.05222e-01,5.32140e-01,1.65298e-03,2.03241e-03,1.35
90,12,6.08178e-01,5.34140e-01,1.63844e-03,2.02457e-03,1.37
90,13,6.10315e-01,5.33800e-01,1.62560e-03,2.01980e-03,1.36
90,14,6.12698e-01,5.35560e-01,1.61386e-03,2.01337e-03,1.35
90,15,6.14637e-01,5.35720e-01,1.60336e-03,2.00850e-03,1.36
90,16,6.16746e-01,5.37320e-01,1.59389e-03,2.00596e-03,1.37
90,17,6.18478e-01,5.38400e-01,1.58502e-03,2.00319e-03,1.34
90,18,6.20012e-01,5.38920e-01,1.57670e-03,2.00000e-03,1.36
90,19,6.21575e-01,5.39780e-01,1.56981e-03,1.99596e-03,1.35
90,20,6.22903e-01,5.41040e-01,1.56324e-03,1.99697e-03,1.34
90,21,6.24369e-01,5.38840e-01,1.55665e-03,1.99595e-03,1.35
90,22,6.25728e-01,5.41320e-01,1.55035e-03,1.99257e-03,1.34
90,23,6.26261e-01,5.41460e-01,1.54553e-03,1.99073e-03,1.34
90,24,6.27687e-01,5.41480e-01,1.54004e-03,1.98832e-03,1.34
90,25,6.28504e-01,5.41940e-01,1.53526e-03,1.98700e-03,1.34
90,26,6.29362e-01,5.41080e-01,1.53069e-03,1.98547e-03,1.34
90,27,6.30660e-01,5.42240e-01,1.52609e-03,1.98470e-03,1.35
90,28,6.31154e-01,5.42600e-01,1.52235e-03,1.98246e-03,1.36
90,29,6.31928e-01,5.44640e-01,1.51843e-03,1.98055e-03,1.34
90,30,6.32565e-01,5.43700e-01,1.51484e-03,1.98221e-03,1.35
90,31,6.33320e-01,5.42320e-01,1.51145e-03,1.98197e-03,1.36
90,32,6.34327e-01,5.44660e-01,1.50817e-03,1.97707e-03,1.34
90,33,6.34344e-01,5.44000e-01,1.50538e-03,1.97810e-03,1.36
90,34,6.35456e-01,5.42520e-01,1.50187e-03,1.97682e-03,1.34
90,35,6.35986e-01,5.42600e-01,1.49911e-03,1.98018e-03,1.35
90,36,6.36555e-01,5.44440e-01,1.49659e-03,1.97868e-03,1.34
90,37,6.36917e-01,5.44200e-01,1.49415e-03,1.97210e-03,1.35
90,38,6.37625e-01,5.44000e-01,1.49151e-03,1.97739e-03,1.36
90,39,6.37730e-01,5.43580e-01,1.48908e-03,1.97612e-03,1.34
90,40,6.38299e-01,5.44540e-01,1.48660e-03,1.97721e-03,1.35
90,41,6.38752e-01,5.45580e-01,1.48455e-03,1.97510e-03,1.35
90,42,6.39117e-01,5.44740e-01,1.48266e-03,1.97290e-03,1.36
90,43,6.39667e-01,5.45040e-01,1.48047e-03,1.97202e-03,1.36
90,44,6.39886e-01,5.44660e-01,1.47866e-03,1.97422e-03,1.37
90,45,6.39992e-01,5.46360e-01,1.47689e-03,1.97074e-03,1.35
90,46,6.40678e-01,5.46400e-01,1.47544e-03,1.97075e-03,1.35
90,47,6.41081e-01,5.45680e-01,1.47356e-03,1.97236e-03,1.36
90,48,6.41086e-01,5.45000e-01,1.47209e-03,1.96994e-03,1.34
90,49,6.41813e-01,5.47060e-01,1.47032e-03,1.96990e-03,1.35
90,50,6.42033e-01,5.46120e-01,1.46891e-03,1.97045e-03,1.35
90,51,6.42228e-01,5.45280e-01,1.46717e-03,1.97055e-03,1.35
90,52,6.42500e-01,5.45620e-01,1.46611e-03,1.96971e-03,1.35
90,53,6.43032e-01,5.44160e-01,1.46440e-03,1.97133e-03,1.35
90,54,6.42738e-01,5.45420e-01,1.46332e-03,1.97275e-03,1.35
90,55,6.43334e-01,5.45480e-01,1.46182e-03,1.97155e-03,1.35
90,56,6.43505e-01,5.46940e-01,1.46065e-03,1.96991e-03,1.35
90,57,6.43608e-01,5.43160e-01,1.45931e-03,1.97260e-03,1.36
90,58,6.43807e-01,5.45500e-01,1.45830e-03,1.97018e-03,1.35
90,59,6.44106e-01,5.45720e-01,1.45731e-03,1.96876e-03,1.35
90,60,6.44444e-01,5.46840e-01,1.45623e-03,1.96803e-03,1.36
90,61,6.44784e-01,5.45820e-01,1.45492e-03,1.96918e-03,1.36
90,62,6.44692e-01,5.46860e-01,1.45405e-03,1.97254e-03,1.35
90,63,6.44974e-01,5.46040e-01,1.45316e-03,1.96782e-03,1.34
90,64,6.45129e-01,5.45840e-01,1.45209e-03,1.96824e-03,1.33
90,65,6.45462e-01,5.46280e-01,1.45105e-03,1.97033e-03,1.35
90,66,6.45405e-01,5.46240e-01,1.45051e-03,1.96657e-03,1.35
90,67,6.45824e-01,5.45620e-01,1.44967e-03,1.97139e-03,1.35
90,68,6.46079e-01,5.47460e-01,1.44874e-03,1.96942e-03,1.34
90,69,6.45996e-01,5.45320e-01,1.44802e-03,1.96873e-03,1.33
90,70,6.46255e-01,5.47360e-01,1.44716e-03,1.96813e-03,1.35
90,71,6.46312e-01,5.46160e-01,1.44646e-03,1.96708e-03,1.35
90,72,6.46532e-01,5.46060e-01,1.44572e-03,1.96801e-03,1.35
90,73,6.46440e-01,5.47460e-01,1.44475e-03,1.96525e-03,1.35
90,74,6.46590e-01,5.46660e-01,1.44452e-03,1.96749e-03,1.35
90,75,6.47005e-01,5.46060e-01,1.44329e-03,1.96536e-03,1.35
90,76,6.46929e-01,5.47300e-01,1.44293e-03,1.96738e-03,1.35
90,77,6.47446e-01,5.45580e-01,1.44218e-03,1.96813e-03,1.33
90,78,6.47528e-01,5.46440e-01,1.44169e-03,1.97097e-03,1.36
90,79,6.47581e-01,5.47200e-01,1.44096e-03,1.96578e-03,1.33
90,80,6.47752e-01,5.46040e-01,1.44049e-03,1.96415e-03,1.33
90,81,6.47810e-01,5.47140e-01,1.43954e-03,1.96777e-03,1.34
90,82,6.47522e-01,5.47300e-01,1.43951e-03,1.96541e-03,1.33
90,83,6.47944e-01,5.45460e-01,1.43869e-03,1.96747e-03,1.33
90,84,6.47997e-01,5.45340e-01,1.43814e-03,1.96785e-03,1.33
90,85,6.48351e-01,5.46360e-01,1.43780e-03,1.96675e-03,1.33
90,86,6.48326e-01,5.46480e-01,1.43742e-03,1.96572e-03,1.34
90,87,6.48433e-01,5.45600e-01,1.43657e-03,1.96586e-03,1.35
90,88,6.48593e-01,5.47040e-01,1.43602e-03,1.96729e-03,1.36
90,89,6.48570e-01,5.45880e-01,1.43580e-03,1.96533e-03,1.36
90,90,6.48735e-01,5.47320e-01,1.43507e-03,1.96789e-03,1.36
90,91,6.48809e-01,5.47080e-01,1.43502e-03,1.96479e-03,1.36
90,92,6.48986e-01,5.46580e-01,1.43461e-03,1.96568e-03,1.35
90,93,6.48769e-01,5.46500e-01,1.43414e-03,1.96583e-03,1.33
90,94,6.48644e-01,5.47320e-01,1.43343e-03,1.96427e-03,1.35
90,95,6.49044e-01,5.45600e-01,1.43327e-03,1.96808e-03,1.36
90,96,6.49175e-01,5.46160e-01,1.43295e-03,1.97159e-03,1.34
90,97,6.48996e-01,5.46660e-01,1.43265e-03,1.96735e-03,1.33
90,98,6.49342e-01,5.48000e-01,1.43209e-03,1.96123e-03,1.33
90,99,6.49278e-01,5.46380e-01,1.43186e-03,1.96571e-03,1.33
90,100,6.49235e-01,5.47640e-01,1.43148e-03,1.96643e-03,1.33
90,101,6.49290e-01,5.47760e-01,1.43129e-03,1.96489e-03,1.34
90,102,6.49690e-01,5.47660e-01,1.43077e-03,1.96638e-03,1.35
90,103,6.49542e-01,5.47600e-01,1.43053e-03,1.96622e-03,1.35
90,104,6.49392e-01,5.46560e-01,1.43028e-03,1.96565e-03,1.36
90,105,6.49971e-01,5.46360e-01,1.42999e-03,1.96644e-03,1.36
90,106,6.49733e-01,5.46160e-01,1.42939e-03,1.96743e-03,1.34
90,107,6.50024e-01,5.47300e-01,1.42932e-03,1.96550e-03,1.33
90,108,6.49889e-01,5.46660e-01,1.42905e-03,1.96767e-03,1.33
90,109,6.49805e-01,5.48220e-01,1.42876e-03,1.96202e-03,1.33
90,110,6.49898e-01,5.46300e-01,1.42852e-03,1.96630e-03,1.33
90,111,6.50292e-01,5.46820e-01,1.42840e-03,1.96569e-03,1.35
90,112,6.50343e-01,5.47120e-01,1.42807e-03,1.96742e-03,1.35
90,113,6.50098e-01,5.48120e-01,1.42769e-03,1.96229e-03,1.33
90,114,6.50352e-01,5.48340e-01,1.42739e-03,1.96459e-03,1.33
90,115,6.50380e-01,5.46880e-01,1.42735e-03,1.95989e-03,1.33
90,116,6.50430e-01,5.48160e-01,1.42701e-03,1.96350e-03,1.34
90,117,6.50302e-01,5.47320e-01,1.42706e-03,1.96924e-03,1.34
90,118,6.50188e-01,5.46460e-01,1.42635e-03,1.96555e-03,1.34
90,119,6.50452e-01,5.46500e-01,1.42634e-03,1.97008e-03,1.35
90,120,6.50353e-01,5.46920e-01,1.42612e-03,1.96527e-03,1.36
90,121,6.50893e-01,5.47980e-01,1.42585e-03,1.96145e-03,1.36
90,122,6.50733e-01,5.47020e-01,1.42573e-03,1.96575e-03,1.35
90,123,6.50668e-01,5.46760e-01,1.42543e-03,1.96700e-03,1.35
90,124,6.50628e-01,5.46060e-01,1.42518e-03,1.96672e-03,1.34
90,125,6.50562e-01,5.46700e-01,1.42536e-03,1.96729e-03,1.34
90,126,6.50798e-01,5.45980e-01,1.42481e-03,1.96561e-03,1.33
90,127,6.50994e-01,5.47080e-01,1.42475e-03,1.96497e-03,1.33
90,128,6.50726e-01,5.48220e-01,1.42457e-03,1.96464e-03,1.33
90,129,6.50736e-01,5.47980e-01,1.42421e-03,1.96395e-03,1.34
90,130,6.50778e-01,5.45260e-01,1.42470e-03,1.96657e-03,1.34
90,131,6.50704e-01,5.45980e-01,1.42387e-03,1.96268e-03,1.33
90,132,6.50877e-01,5.47520e-01,1.42397e-03,1.96494e-03,1.34
90,133,6.51049e-01,5.45820e-01,1.42381e-03,1.96792e-03,1.35
90,134,6.50800e-01,5.46960e-01,1.42358e-03,1.96424e-03,1.33
90,135,6.50912e-01,5.47700e-01,1.42350e-03,1.96405e-03,1.35
90,136,6.51164e-01,5.47840e-01,1.42318e-03,1.96512e-03,1.35
90,137,6.50858e-01,5.48460e-01,1.42309e-03,1.96497e-03,1.33
90,138,6.50913e-01,5.48500e-01,1.42342e-03,1.96274e-03,1.33
90,139,6.50757e-01,5.46880e-01,1.42310e-03,1.96432e-03,1.32
90,140,6.51280e-01,5.47000e-01,1.42255e-03,1.96984e-03,1.32
90,141,6.51344e-01,5.47760e-01,1.42237e-03,1.96126e-03,1.35
90,142,6.51341e-01,5.46740e-01,1.42212e-03,1.96293e-03,1.35
90,143,6.51108e-01,5.46080e-01,1.42248e-03,1.96759e-03,1.35
90,144,6.51237e-01,5.47600e-01,1.42236e-03,1.96121e-03,1.34
90,145,6.51200e-01,5.47640e-01,1.42214e-03,1.96538e-03,1.34
90,146,6.51675e-01,5.48000e-01,1.42204e-03,1.96550e-03,1.34
90,147,6.51250e-01,5.46740e-01,1.42202e-03,1.96678e-03,1.34
90,148,6.51251e-01,5.48780e-01,1.42176e-03,1.96442e-03,1.35
90,149,6.51465e-01,5.47740e-01,1.42169e-03,1.96550e-03,1.35
90,150,6.51379e-01,5.46840e-01,1.42151e-03,1.96625e-03,1.35
90,151,6.51161e-01,5.48280e-01,1.42136e-03,1.96348e-03,1.35
90,152,6.51480e-01,5.45940e-01,1.42135e-03,1.96523e-03,1.35
90,153,6.51917e-01,5.47580e-01,1.42090e-03,1.96219e-03,1.36
90,154,6.51856e-01,5.47880e-01,1.42094e-03,1.96496e-03,1.36
90,155,6.51603e-01,5.46960e-01,1.42158e-03,1.96369e-03,1.34
90,156,6.51554e-01,5.47440e-01,1.42095e-03,1.96275e-03,1.33
90,157,6.51393e-01,5.47740e-01,1.42090e-03,1.96390e-03,1.33
90,158,6.51687e-01,5.48020e-01,1.42068e-03,1.96243e-03,1.34
90,159,6.51339e-01,5.48840e-01,1.42092e-03,1.96207e-03,1.36
90,160,6.51578e-01,5.48440e-01,1.42053e-03,1.96426e-03,1.35
90,161,6.51634e-01,5.47880e-01,1.42056e-03,1.96524e-03,1.36
90,162,6.51561e-01,5.47600e-01,1.42030e-03,1.96527e-03,1.35
90,163,6.51653e-01,5.46640e-01,1.42039e-03,1.96403e-03,1.35
90,164,6.51675e-01,5.47540e-01,1.41980e-03,1.96644e-03,1.34
90,165,6.51678e-01,5.46820e-01,1.42024e-03,1.96541e-03,1.34
90,166,6.51615e-01,5.46540e-01,1.41999e-03,1.96544e-03,1.34
90,167,6.51815e-01,5.46680e-01,1.42008e-03,1.96509e-03,1.35
90,168,6.51894e-01,5.47300e-01,1.41989e-03,1.96164e-03,1.34
90,169,6.51917e-01,5.45880e-01,1.41976e-03,1.96503e-03,1.34
90,170,6.51508e-01,5.47240e-01,1.41955e-03,1.96489e-03,1.32
90,171,6.51812e-01,5.48300e-01,1.41979e-03,1.96213e-03,1.32
90,172,6.52139e-01,5.47020e-01,1.41961e-03,1.96557e-03,1.33
90,173,6.51839e-01,5.47000e-01,1.41923e-03,1.96752e-03,1.33
90,174,6.51874e-01,5.46560e-01,1.41915e-03,1.96395e-03,1.34
90,175,6.51630e-01,5.47280e-01,1.41939e-03,1.96422e-03,1.33
90,176,6.51935e-01,5.48160e-01,1.41940e-03,1.96216e-03,1.34
90,177,6.51681e-01,5.48420e-01,1.41932e-03,1.96562e-03,1.35
90,178,6.52174e-01,5.47800e-01,1.41933e-03,1.96503e-03,1.35
90,179,6.51848e-01,5.48320e-01,1.41897e-03,1.96438e-03,1.33
90,180,6.51934e-01,5.46240e-01,1.41927e-03,1.96542e-03,1.33
90,181,6.52048e-01,5.46640e-01,1.41926e-03,1.96413e-03,1.34
90,182,6.51895e-01,5.47640e-01,1.41931e-03,1.95906e-03,1.33
90,183,6.51844e-01,5.46980e-01,1.41891e-03,1.96234e-03,1.34
90,184,6.51950e-01,5.48460e-01,1.41902e-03,1.96462e-03,1.35
90,185,6.51838e-01,5.48500e-01,1.41878e-03,1.96479e-03,1.36
90,186,6.52127e-01,5.46800e-01,1.41884e-03,1.96585e-03,1.36
90,187,6.51904e-01,5.46920e-01,1.41887e-03,1.96503e-03,1.34
90,188,6.52166e-01,5.48780e-01,1.41845e-03,1.96592e-03,1.33
90,189,6.51938e-01,5.49900e-01,1.41850e-03,1.96375e-03,1.34
90,190,6.52112e-01,5.47560e-01,1.41855e-03,1.96574e-03,1.35
90,191,6.51976e-01,5.46800e-01,1.41869e-03,1.96380e-03,1.34
90,192,6.51830e-01,5.47600e-01,1.41875e-03,1.96405e-03,1.34
90,193,6.51889e-01,5.47140e-01,1.41843e-03,1.96308e-03,1.36
90,194,6.51990e-01,5.48580e-01,1.41821e-03,1.96431e-03,1.34
90,195,6.51928e-01,5.47620e-01,1.41812e-03,1.96336e-03,1.34
90,196,6.52186e-01,5.46840e-01,1.41833e-03,1.96615e-03,1.34
90,197,6.52113e-01,5.47240e-01,1.41842e-03,1.96456e-03,1.33
90,198,6.51991e-01,5.48420e-01,1.41852e-03,1.96100e-03,1.32
90,199,6.52171e-01,5.49040e-01,1.41829e-03,1.96174e-03,1.33
90,200,6.52191e-01,5.47580e-01,1.41816e-03,1.96398e-03,1.34
