nohup: ignoring input
INFO:root:called-params cls_configs/cls-iic-multi.yaml
INFO:root:loaded params....
{   'data': {   'batch_size': 128,
                'crop_size': 150,
                'model_name': 'vit_base',
                'num_classes': 6,
                'patch_size': 15,
                'probe_checkpoints': True,
                'probe_prefix': 'jepa-iic',
                'train_dataset_path': 'datasets/iic/train',
                'val_dataset_path': 'datasets/iic/val'},
    'logging': {   'checkpoint_freq': 1000,
                   'eval_output': 'ocls-jepa-iic-l2-pkt-chunks-seed0.out',
                   'log_dir': 'logs_PKT_chunks/iic-train-l2-pkt-chunks-seed50',
                   'log_file': 'iic-stats-l2-pkt-chunks-seed0.csv',
                   'save_path': 'classifiers/jepa-iic-l2-seed0-classifier-pretrained-vitb'},
    'meta': {'device': 'cuda:0'},
    'multi_probing': [   'logs_PKT_chunks_different_seeds/iic-train-l2-pkt-chunks-seed3-pred12',
                         'logs_PKT_chunks_different_seeds/iic-train-l2-pkt-chunks-seed4-pred12',
                         'logs_PKT_chunks_different_seeds/iic-train-l2-seed3-pred12',
                         'logs_PKT_chunks_different_seeds/iic-train-l2-seed4-pred12'],
    'optimization': {   'epochs': 200,
                        'lr': 0.001,
                        'use_last_n_blocks': 1,
                        'use_normalization': False}}
INFO:root:working on file logs_PKT_chunks_different_seeds/iic-train-l2-pkt-chunks-seed3-pred12/jepa-iic-ep100.pth.tar ...
Directory logs_PKT_chunks_different_seeds/iic-train-l2-pkt-chunks-seed3-pred12/classifiers for saving the classifiers is now present
VisionTransformer(
  (patch_embed): PatchEmbed(
    (proj): Conv2d(3, 768, kernel_size=(15, 15), stride=(15, 15))
  )
  (blocks): ModuleList(
    (0-11): 12 x Block(
      (norm1): LayerNorm((768,), eps=1e-06, elementwise_affine=True)
      (attn): Attention(
        (qkv): Linear(in_features=768, out_features=2304, bias=True)
        (attn_drop): Dropout(p=0.0, inplace=False)
        (proj): Linear(in_features=768, out_features=768, bias=True)
        (proj_drop): Dropout(p=0.0, inplace=False)
      )
      (drop_path): Identity()
      (norm2): LayerNorm((768,), eps=1e-06, elementwise_affine=True)
      (mlp): MLP(
        (fc1): Linear(in_features=768, out_features=3072, bias=True)
        (act): GELU(approximate='none')
        (fc2): Linear(in_features=3072, out_features=768, bias=True)
        (drop): Dropout(p=0.0, inplace=False)
      )
    )
  )
  (norm): LayerNorm((768,), eps=1e-06, elementwise_affine=True)
)
Extracting features and saving them in memory..
Extracting features...
Time taken to extract features: 27.94352627499029
Epoch: 1/200 Train accuracy: 4.21476e-01 Validation accuracy: 5.48667e-01 Training loss 1.16830e-02 Validation loss 1.00096e-02 Time taken: 0.15 seconds 
Epoch: 2/200 Train accuracy: 5.72538e-01 Validation accuracy: 5.76333e-01 Training loss 9.06074e-03 Validation loss 8.92856e-03 Time taken: 0.08 seconds 
Epoch: 3/200 Train accuracy: 5.90209e-01 Validation accuracy: 5.87667e-01 Training loss 8.35014e-03 Validation loss 8.52737e-03 Time taken: 0.08 seconds 
Epoch: 4/200 Train accuracy: 6.11444e-01 Validation accuracy: 6.06667e-01 Training loss 7.99293e-03 Validation loss 8.16876e-03 Time taken: 0.08 seconds 
Epoch: 5/200 Train accuracy: 6.21989e-01 Validation accuracy: 6.13000e-01 Training loss 7.73959e-03 Validation loss 7.98820e-03 Time taken: 0.08 seconds 
Epoch: 6/200 Train accuracy: 6.32464e-01 Validation accuracy: 6.22667e-01 Training loss 7.57353e-03 Validation loss 7.85526e-03 Time taken: 0.08 seconds 
Epoch: 7/200 Train accuracy: 6.39661e-01 Validation accuracy: 6.28000e-01 Training loss 7.44107e-03 Validation loss 7.73297e-03 Time taken: 0.08 seconds 
Epoch: 8/200 Train accuracy: 6.45504e-01 Validation accuracy: 6.29000e-01 Training loss 7.33049e-03 Validation loss 7.65323e-03 Time taken: 0.08 seconds 
Epoch: 9/200 Train accuracy: 6.49494e-01 Validation accuracy: 6.39333e-01 Training loss 7.25221e-03 Validation loss 7.54963e-03 Time taken: 0.08 seconds 
Epoch: 10/200 Train accuracy: 6.55978e-01 Validation accuracy: 6.40667e-01 Training loss 7.16442e-03 Validation loss 7.49581e-03 Time taken: 0.08 seconds 
Epoch: 11/200 Train accuracy: 6.60040e-01 Validation accuracy: 6.43333e-01 Training loss 7.10950e-03 Validation loss 7.46128e-03 Time taken: 0.09 seconds 
Epoch: 12/200 Train accuracy: 6.62391e-01 Validation accuracy: 6.45000e-01 Training loss 7.05935e-03 Validation loss 7.38717e-03 Time taken: 0.09 seconds 
Epoch: 13/200 Train accuracy: 6.65028e-01 Validation accuracy: 6.45333e-01 Training loss 7.01325e-03 Validation loss 7.34187e-03 Time taken: 0.08 seconds 
Epoch: 14/200 Train accuracy: 6.67023e-01 Validation accuracy: 6.48667e-01 Training loss 6.97174e-03 Validation loss 7.34517e-03 Time taken: 0.09 seconds 
Epoch: 15/200 Train accuracy: 6.68377e-01 Validation accuracy: 6.54000e-01 Training loss 6.93856e-03 Validation loss 7.27497e-03 Time taken: 0.08 seconds 
Epoch: 16/200 Train accuracy: 6.71156e-01 Validation accuracy: 6.55333e-01 Training loss 6.89450e-03 Validation loss 7.26862e-03 Time taken: 0.08 seconds 
Epoch: 17/200 Train accuracy: 6.75859e-01 Validation accuracy: 6.55333e-01 Training loss 6.86816e-03 Validation loss 7.23848e-03 Time taken: 0.08 seconds 
Epoch: 18/200 Train accuracy: 6.74576e-01 Validation accuracy: 6.58333e-01 Training loss 6.83968e-03 Validation loss 7.18794e-03 Time taken: 0.08 seconds 
Epoch: 19/200 Train accuracy: 6.75431e-01 Validation accuracy: 6.55333e-01 Training loss 6.81807e-03 Validation loss 7.20942e-03 Time taken: 0.08 seconds 
Epoch: 20/200 Train accuracy: 6.74932e-01 Validation accuracy: 6.57000e-01 Training loss 6.79689e-03 Validation loss 7.15684e-03 Time taken: 0.08 seconds 
Epoch: 21/200 Train accuracy: 6.76429e-01 Validation accuracy: 6.62000e-01 Training loss 6.78190e-03 Validation loss 7.13558e-03 Time taken: 0.08 seconds 
Epoch: 22/200 Train accuracy: 6.79778e-01 Validation accuracy: 6.61000e-01 Training loss 6.75116e-03 Validation loss 7.13399e-03 Time taken: 0.08 seconds 
Epoch: 23/200 Train accuracy: 6.80847e-01 Validation accuracy: 6.62333e-01 Training loss 6.74167e-03 Validation loss 7.09859e-03 Time taken: 0.08 seconds 
Epoch: 24/200 Train accuracy: 6.79136e-01 Validation accuracy: 6.61667e-01 Training loss 6.72116e-03 Validation loss 7.09500e-03 Time taken: 0.08 seconds 
Epoch: 25/200 Train accuracy: 6.83127e-01 Validation accuracy: 6.62667e-01 Training loss 6.70191e-03 Validation loss 7.09119e-03 Time taken: 0.08 seconds 
Epoch: 26/200 Train accuracy: 6.80918e-01 Validation accuracy: 6.60000e-01 Training loss 6.68575e-03 Validation loss 7.09700e-03 Time taken: 0.08 seconds 
Epoch: 27/200 Train accuracy: 6.83269e-01 Validation accuracy: 6.58000e-01 Training loss 6.68077e-03 Validation loss 7.04655e-03 Time taken: 0.08 seconds 
Epoch: 28/200 Train accuracy: 6.82628e-01 Validation accuracy: 6.61667e-01 Training loss 6.66992e-03 Validation loss 7.07182e-03 Time taken: 0.08 seconds 
Epoch: 29/200 Train accuracy: 6.83768e-01 Validation accuracy: 6.63000e-01 Training loss 6.66336e-03 Validation loss 7.05522e-03 Time taken: 0.08 seconds 
Epoch: 30/200 Train accuracy: 6.84481e-01 Validation accuracy: 6.62000e-01 Training loss 6.64328e-03 Validation loss 7.02631e-03 Time taken: 0.08 seconds 
Epoch: 31/200 Train accuracy: 6.84837e-01 Validation accuracy: 6.66333e-01 Training loss 6.62783e-03 Validation loss 7.00456e-03 Time taken: 0.08 seconds 
Epoch: 32/200 Train accuracy: 6.87473e-01 Validation accuracy: 6.65000e-01 Training loss 6.62333e-03 Validation loss 6.98500e-03 Time taken: 0.08 seconds 
Epoch: 33/200 Train accuracy: 6.88328e-01 Validation accuracy: 6.66000e-01 Training loss 6.61928e-03 Validation loss 6.99451e-03 Time taken: 0.08 seconds 
Epoch: 34/200 Train accuracy: 6.88827e-01 Validation accuracy: 6.68667e-01 Training loss 6.61019e-03 Validation loss 6.97874e-03 Time taken: 0.08 seconds 
Epoch: 35/200 Train accuracy: 6.88542e-01 Validation accuracy: 6.64333e-01 Training loss 6.59660e-03 Validation loss 6.98227e-03 Time taken: 0.08 seconds 
Epoch: 36/200 Train accuracy: 6.88685e-01 Validation accuracy: 6.72000e-01 Training loss 6.58839e-03 Validation loss 6.95636e-03 Time taken: 0.08 seconds 
Epoch: 37/200 Train accuracy: 6.89540e-01 Validation accuracy: 6.71333e-01 Training loss 6.57610e-03 Validation loss 6.95557e-03 Time taken: 0.08 seconds 
Epoch: 38/200 Train accuracy: 6.90252e-01 Validation accuracy: 6.68667e-01 Training loss 6.56555e-03 Validation loss 6.95620e-03 Time taken: 0.10 seconds 
Epoch: 39/200 Train accuracy: 6.88827e-01 Validation accuracy: 6.71333e-01 Training loss 6.56267e-03 Validation loss 6.93161e-03 Time taken: 0.09 seconds 
Epoch: 40/200 Train accuracy: 6.89967e-01 Validation accuracy: 6.70000e-01 Training loss 6.54765e-03 Validation loss 6.92634e-03 Time taken: 0.14 seconds 
Epoch: 41/200 Train accuracy: 6.90324e-01 Validation accuracy: 6.65000e-01 Training loss 6.54808e-03 Validation loss 6.94754e-03 Time taken: 0.11 seconds 
Epoch: 42/200 Train accuracy: 6.89967e-01 Validation accuracy: 6.58333e-01 Training loss 6.53936e-03 Validation loss 6.99481e-03 Time taken: 0.12 seconds 
Epoch: 43/200 Train accuracy: 6.90252e-01 Validation accuracy: 6.69667e-01 Training loss 6.53628e-03 Validation loss 6.90780e-03 Time taken: 0.14 seconds 
Epoch: 44/200 Train accuracy: 6.90038e-01 Validation accuracy: 6.69667e-01 Training loss 6.53480e-03 Validation loss 6.91399e-03 Time taken: 0.14 seconds 
Epoch: 45/200 Train accuracy: 6.90038e-01 Validation accuracy: 6.70000e-01 Training loss 6.52932e-03 Validation loss 6.89299e-03 Time taken: 0.14 seconds 
Epoch: 46/200 Train accuracy: 6.93174e-01 Validation accuracy: 6.66333e-01 Training loss 6.51110e-03 Validation loss 6.90939e-03 Time taken: 0.12 seconds 
Epoch: 47/200 Train accuracy: 6.93102e-01 Validation accuracy: 6.71333e-01 Training loss 6.51050e-03 Validation loss 6.89397e-03 Time taken: 0.12 seconds 
Epoch: 48/200 Train accuracy: 6.88827e-01 Validation accuracy: 6.75333e-01 Training loss 6.51218e-03 Validation loss 6.87391e-03 Time taken: 0.13 seconds 
Epoch: 49/200 Train accuracy: 6.95739e-01 Validation accuracy: 6.74000e-01 Training loss 6.49507e-03 Validation loss 6.87478e-03 Time taken: 0.12 seconds 
Epoch: 50/200 Train accuracy: 6.92034e-01 Validation accuracy: 6.68333e-01 Training loss 6.50005e-03 Validation loss 6.87037e-03 Time taken: 0.14 seconds 
Epoch: 51/200 Train accuracy: 6.92034e-01 Validation accuracy: 6.75667e-01 Training loss 6.48701e-03 Validation loss 6.85538e-03 Time taken: 0.14 seconds 
Epoch: 52/200 Train accuracy: 6.92390e-01 Validation accuracy: 6.70000e-01 Training loss 6.49248e-03 Validation loss 6.89837e-03 Time taken: 0.13 seconds 
Epoch: 53/200 Train accuracy: 6.94599e-01 Validation accuracy: 6.77000e-01 Training loss 6.48290e-03 Validation loss 6.84785e-03 Time taken: 0.14 seconds 
Epoch: 54/200 Train accuracy: 6.93031e-01 Validation accuracy: 6.75000e-01 Training loss 6.47417e-03 Validation loss 6.84999e-03 Time taken: 0.14 seconds 
Epoch: 55/200 Train accuracy: 6.94528e-01 Validation accuracy: 6.71000e-01 Training loss 6.47281e-03 Validation loss 6.88528e-03 Time taken: 0.10 seconds 
Epoch: 56/200 Train accuracy: 6.92889e-01 Validation accuracy: 6.70667e-01 Training loss 6.46566e-03 Validation loss 6.88163e-03 Time taken: 0.08 seconds 
Epoch: 57/200 Train accuracy: 6.93673e-01 Validation accuracy: 6.77000e-01 Training loss 6.47440e-03 Validation loss 6.82017e-03 Time taken: 0.08 seconds 
Epoch: 58/200 Train accuracy: 6.95098e-01 Validation accuracy: 6.74667e-01 Training loss 6.45641e-03 Validation loss 6.82969e-03 Time taken: 0.08 seconds 
Epoch: 59/200 Train accuracy: 6.96024e-01 Validation accuracy: 6.73333e-01 Training loss 6.44572e-03 Validation loss 6.81898e-03 Time taken: 0.08 seconds 
Epoch: 60/200 Train accuracy: 6.95881e-01 Validation accuracy: 6.74000e-01 Training loss 6.44679e-03 Validation loss 6.83338e-03 Time taken: 0.08 seconds 
Epoch: 61/200 Train accuracy: 6.95169e-01 Validation accuracy: 6.79667e-01 Training loss 6.44407e-03 Validation loss 6.82188e-03 Time taken: 0.08 seconds 
Epoch: 62/200 Train accuracy: 6.94100e-01 Validation accuracy: 6.71333e-01 Training loss 6.43534e-03 Validation loss 6.85379e-03 Time taken: 0.08 seconds 
Epoch: 63/200 Train accuracy: 6.96309e-01 Validation accuracy: 6.79333e-01 Training loss 6.43731e-03 Validation loss 6.79711e-03 Time taken: 0.10 seconds 
Epoch: 64/200 Train accuracy: 6.97592e-01 Validation accuracy: 6.71000e-01 Training loss 6.42912e-03 Validation loss 6.81576e-03 Time taken: 0.08 seconds 
Epoch: 65/200 Train accuracy: 6.94456e-01 Validation accuracy: 6.78333e-01 Training loss 6.43815e-03 Validation loss 6.79437e-03 Time taken: 0.08 seconds 
Epoch: 66/200 Train accuracy: 6.94884e-01 Validation accuracy: 6.74333e-01 Training loss 6.43269e-03 Validation loss 6.79531e-03 Time taken: 0.08 seconds 
Epoch: 67/200 Train accuracy: 6.97592e-01 Validation accuracy: 6.76667e-01 Training loss 6.41536e-03 Validation loss 6.80472e-03 Time taken: 0.08 seconds 
Epoch: 68/200 Train accuracy: 6.96594e-01 Validation accuracy: 6.75667e-01 Training loss 6.42425e-03 Validation loss 6.81259e-03 Time taken: 0.08 seconds 
Epoch: 69/200 Train accuracy: 6.96808e-01 Validation accuracy: 6.73000e-01 Training loss 6.41228e-03 Validation loss 6.79878e-03 Time taken: 0.08 seconds 
Epoch: 70/200 Train accuracy: 6.98803e-01 Validation accuracy: 6.73000e-01 Training loss 6.40495e-03 Validation loss 6.78167e-03 Time taken: 0.08 seconds 
Epoch: 71/200 Train accuracy: 6.95953e-01 Validation accuracy: 6.74000e-01 Training loss 6.41012e-03 Validation loss 6.80150e-03 Time taken: 0.08 seconds 
Epoch: 72/200 Train accuracy: 6.98304e-01 Validation accuracy: 6.78667e-01 Training loss 6.40297e-03 Validation loss 6.78998e-03 Time taken: 0.08 seconds 
Epoch: 73/200 Train accuracy: 6.98589e-01 Validation accuracy: 6.71667e-01 Training loss 6.39918e-03 Validation loss 6.78667e-03 Time taken: 0.11 seconds 
Epoch: 74/200 Train accuracy: 6.98589e-01 Validation accuracy: 6.69000e-01 Training loss 6.39120e-03 Validation loss 6.86334e-03 Time taken: 0.14 seconds 
Epoch: 75/200 Train accuracy: 6.97164e-01 Validation accuracy: 6.72333e-01 Training loss 6.39845e-03 Validation loss 6.82182e-03 Time taken: 0.08 seconds 
Epoch: 76/200 Train accuracy: 6.96950e-01 Validation accuracy: 6.80667e-01 Training loss 6.39168e-03 Validation loss 6.77836e-03 Time taken: 0.08 seconds 
Epoch: 77/200 Train accuracy: 6.98732e-01 Validation accuracy: 6.79333e-01 Training loss 6.38411e-03 Validation loss 6.79468e-03 Time taken: 0.08 seconds 
Epoch: 78/200 Train accuracy: 6.99943e-01 Validation accuracy: 6.78333e-01 Training loss 6.38038e-03 Validation loss 6.74496e-03 Time taken: 0.08 seconds 
Epoch: 79/200 Train accuracy: 7.00442e-01 Validation accuracy: 6.71000e-01 Training loss 6.39321e-03 Validation loss 6.78878e-03 Time taken: 0.08 seconds 
Epoch: 80/200 Train accuracy: 7.00228e-01 Validation accuracy: 6.83333e-01 Training loss 6.38546e-03 Validation loss 6.74811e-03 Time taken: 0.08 seconds 
Epoch: 81/200 Train accuracy: 7.00299e-01 Validation accuracy: 6.77667e-01 Training loss 6.37326e-03 Validation loss 6.75136e-03 Time taken: 0.08 seconds 
Epoch: 82/200 Train accuracy: 6.97592e-01 Validation accuracy: 6.73333e-01 Training loss 6.37147e-03 Validation loss 6.80053e-03 Time taken: 0.08 seconds 
Epoch: 83/200 Train accuracy: 6.98874e-01 Validation accuracy: 6.78000e-01 Training loss 6.36991e-03 Validation loss 6.76655e-03 Time taken: 0.08 seconds 
Epoch: 84/200 Train accuracy: 6.99302e-01 Validation accuracy: 6.85333e-01 Training loss 6.37220e-03 Validation loss 6.74666e-03 Time taken: 0.10 seconds 
Epoch: 85/200 Train accuracy: 6.98019e-01 Validation accuracy: 6.83333e-01 Training loss 6.36951e-03 Validation loss 6.73539e-03 Time taken: 0.08 seconds 
Epoch: 86/200 Train accuracy: 6.97805e-01 Validation accuracy: 6.78000e-01 Training loss 6.36574e-03 Validation loss 6.76327e-03 Time taken: 0.08 seconds 
Epoch: 87/200 Train accuracy: 6.97877e-01 Validation accuracy: 6.81000e-01 Training loss 6.35944e-03 Validation loss 6.75223e-03 Time taken: 0.08 seconds 
Epoch: 88/200 Train accuracy: 6.99587e-01 Validation accuracy: 6.78333e-01 Training loss 6.37053e-03 Validation loss 6.75057e-03 Time taken: 0.08 seconds 
Epoch: 89/200 Train accuracy: 6.99017e-01 Validation accuracy: 6.77667e-01 Training loss 6.35930e-03 Validation loss 6.77074e-03 Time taken: 0.08 seconds 
Epoch: 90/200 Train accuracy: 6.99159e-01 Validation accuracy: 6.80333e-01 Training loss 6.35329e-03 Validation loss 6.72247e-03 Time taken: 0.08 seconds 
Epoch: 91/200 Train accuracy: 6.97307e-01 Validation accuracy: 6.80000e-01 Training loss 6.35165e-03 Validation loss 6.74093e-03 Time taken: 0.08 seconds 
Epoch: 92/200 Train accuracy: 7.00086e-01 Validation accuracy: 6.81000e-01 Training loss 6.34226e-03 Validation loss 6.74602e-03 Time taken: 0.08 seconds 
Epoch: 93/200 Train accuracy: 6.97877e-01 Validation accuracy: 6.79667e-01 Training loss 6.35031e-03 Validation loss 6.74484e-03 Time taken: 0.08 seconds 
Epoch: 94/200 Train accuracy: 7.03648e-01 Validation accuracy: 6.81000e-01 Training loss 6.33791e-03 Validation loss 6.71570e-03 Time taken: 0.11 seconds 
Epoch: 95/200 Train accuracy: 6.99587e-01 Validation accuracy: 6.81333e-01 Training loss 6.34522e-03 Validation loss 6.71623e-03 Time taken: 0.14 seconds 
Epoch: 96/200 Train accuracy: 6.99800e-01 Validation accuracy: 6.81000e-01 Training loss 6.35387e-03 Validation loss 6.73148e-03 Time taken: 0.17 seconds 
Epoch: 97/200 Train accuracy: 7.00228e-01 Validation accuracy: 6.75000e-01 Training loss 6.34357e-03 Validation loss 6.72657e-03 Time taken: 0.14 seconds 
Epoch: 98/200 Train accuracy: 7.00513e-01 Validation accuracy: 6.80667e-01 Training loss 6.33189e-03 Validation loss 6.72055e-03 Time taken: 0.15 seconds 
Epoch: 99/200 Train accuracy: 7.00157e-01 Validation accuracy: 6.86000e-01 Training loss 6.33888e-03 Validation loss 6.69205e-03 Time taken: 0.14 seconds 
Epoch: 100/200 Train accuracy: 7.00299e-01 Validation accuracy: 6.84667e-01 Training loss 6.32861e-03 Validation loss 6.69137e-03 Time taken: 0.16 seconds 
Epoch: 101/200 Train accuracy: 7.00014e-01 Validation accuracy: 6.77333e-01 Training loss 6.32884e-03 Validation loss 6.71984e-03 Time taken: 0.14 seconds 
Epoch: 102/200 Train accuracy: 7.02294e-01 Validation accuracy: 6.83667e-01 Training loss 6.32957e-03 Validation loss 6.71382e-03 Time taken: 0.15 seconds 
Epoch: 103/200 Train accuracy: 7.01297e-01 Validation accuracy: 6.82000e-01 Training loss 6.32631e-03 Validation loss 6.70435e-03 Time taken: 0.14 seconds 
Epoch: 104/200 Train accuracy: 7.01582e-01 Validation accuracy: 6.79333e-01 Training loss 6.32577e-03 Validation loss 6.75485e-03 Time taken: 0.15 seconds 
Epoch: 105/200 Train accuracy: 7.01297e-01 Validation accuracy: 6.82000e-01 Training loss 6.32386e-03 Validation loss 6.69871e-03 Time taken: 0.14 seconds 
Epoch: 106/200 Train accuracy: 7.01297e-01 Validation accuracy: 6.81667e-01 Training loss 6.31715e-03 Validation loss 6.70820e-03 Time taken: 0.16 seconds 
Epoch: 107/200 Train accuracy: 7.02864e-01 Validation accuracy: 6.82667e-01 Training loss 6.31380e-03 Validation loss 6.68748e-03 Time taken: 0.15 seconds 
Epoch: 108/200 Train accuracy: 7.01653e-01 Validation accuracy: 6.71000e-01 Training loss 6.30604e-03 Validation loss 6.76192e-03 Time taken: 0.14 seconds 
Epoch: 109/200 Train accuracy: 7.01439e-01 Validation accuracy: 6.84667e-01 Training loss 6.32169e-03 Validation loss 6.67533e-03 Time taken: 0.15 seconds 
Epoch: 110/200 Train accuracy: 7.01511e-01 Validation accuracy: 6.82667e-01 Training loss 6.30773e-03 Validation loss 6.67520e-03 Time taken: 0.14 seconds 
Epoch: 111/200 Train accuracy: 7.02081e-01 Validation accuracy: 6.81667e-01 Training loss 6.30301e-03 Validation loss 6.69714e-03 Time taken: 0.14 seconds 
Epoch: 112/200 Train accuracy: 7.03221e-01 Validation accuracy: 6.78333e-01 Training loss 6.31100e-03 Validation loss 6.72441e-03 Time taken: 0.15 seconds 
Epoch: 113/200 Train accuracy: 7.02009e-01 Validation accuracy: 6.84667e-01 Training loss 6.30428e-03 Validation loss 6.67944e-03 Time taken: 0.14 seconds 
Epoch: 114/200 Train accuracy: 7.02722e-01 Validation accuracy: 6.81333e-01 Training loss 6.30248e-03 Validation loss 6.68453e-03 Time taken: 0.16 seconds 
Epoch: 115/200 Train accuracy: 6.99373e-01 Validation accuracy: 6.81000e-01 Training loss 6.31435e-03 Validation loss 6.68686e-03 Time taken: 0.14 seconds 
Epoch: 116/200 Train accuracy: 7.03791e-01 Validation accuracy: 6.84667e-01 Training loss 6.29656e-03 Validation loss 6.68934e-03 Time taken: 0.15 seconds 
Epoch: 117/200 Train accuracy: 7.03577e-01 Validation accuracy: 6.81667e-01 Training loss 6.29448e-03 Validation loss 6.69399e-03 Time taken: 0.14 seconds 
Epoch: 118/200 Train accuracy: 7.00299e-01 Validation accuracy: 6.73333e-01 Training loss 6.30162e-03 Validation loss 6.74662e-03 Time taken: 0.15 seconds 
Epoch: 119/200 Train accuracy: 7.04788e-01 Validation accuracy: 6.81000e-01 Training loss 6.28865e-03 Validation loss 6.71001e-03 Time taken: 0.14 seconds 
Epoch: 120/200 Train accuracy: 7.00656e-01 Validation accuracy: 6.80333e-01 Training loss 6.30274e-03 Validation loss 6.71635e-03 Time taken: 0.15 seconds 
Epoch: 121/200 Train accuracy: 7.04788e-01 Validation accuracy: 6.83333e-01 Training loss 6.30117e-03 Validation loss 6.69102e-03 Time taken: 0.14 seconds 
Epoch: 122/200 Train accuracy: 7.03078e-01 Validation accuracy: 6.82333e-01 Training loss 6.29309e-03 Validation loss 6.65329e-03 Time taken: 0.14 seconds 
Epoch: 123/200 Train accuracy: 7.02864e-01 Validation accuracy: 6.81000e-01 Training loss 6.29052e-03 Validation loss 6.66233e-03 Time taken: 0.14 seconds 
Epoch: 124/200 Train accuracy: 7.05287e-01 Validation accuracy: 6.81333e-01 Training loss 6.28851e-03 Validation loss 6.67025e-03 Time taken: 0.14 seconds 
Epoch: 125/200 Train accuracy: 7.03292e-01 Validation accuracy: 6.84000e-01 Training loss 6.28311e-03 Validation loss 6.70803e-03 Time taken: 0.17 seconds 
Epoch: 126/200 Train accuracy: 7.04147e-01 Validation accuracy: 6.83333e-01 Training loss 6.28116e-03 Validation loss 6.65330e-03 Time taken: 0.15 seconds 
Epoch: 127/200 Train accuracy: 7.03791e-01 Validation accuracy: 6.76667e-01 Training loss 6.28563e-03 Validation loss 6.67952e-03 Time taken: 0.14 seconds 
Epoch: 128/200 Train accuracy: 7.02223e-01 Validation accuracy: 6.85000e-01 Training loss 6.27891e-03 Validation loss 6.64114e-03 Time taken: 0.15 seconds 
Epoch: 129/200 Train accuracy: 7.04717e-01 Validation accuracy: 6.85333e-01 Training loss 6.27979e-03 Validation loss 6.67262e-03 Time taken: 0.14 seconds 
Epoch: 130/200 Train accuracy: 7.01582e-01 Validation accuracy: 6.84000e-01 Training loss 6.28175e-03 Validation loss 6.66336e-03 Time taken: 0.14 seconds 
Epoch: 131/200 Train accuracy: 7.05857e-01 Validation accuracy: 6.84000e-01 Training loss 6.26778e-03 Validation loss 6.64950e-03 Time taken: 0.09 seconds 
Epoch: 132/200 Train accuracy: 7.03435e-01 Validation accuracy: 6.83667e-01 Training loss 6.27589e-03 Validation loss 6.68340e-03 Time taken: 0.08 seconds 
Epoch: 133/200 Train accuracy: 7.04005e-01 Validation accuracy: 6.85000e-01 Training loss 6.26654e-03 Validation loss 6.67471e-03 Time taken: 0.08 seconds 
Epoch: 134/200 Train accuracy: 7.02722e-01 Validation accuracy: 6.83333e-01 Training loss 6.27965e-03 Validation loss 6.65258e-03 Time taken: 0.08 seconds 
Epoch: 135/200 Train accuracy: 7.05216e-01 Validation accuracy: 6.85333e-01 Training loss 6.26913e-03 Validation loss 6.65270e-03 Time taken: 0.08 seconds 
Epoch: 136/200 Train accuracy: 7.05216e-01 Validation accuracy: 6.86000e-01 Training loss 6.26787e-03 Validation loss 6.64409e-03 Time taken: 0.08 seconds 
Epoch: 137/200 Train accuracy: 7.02579e-01 Validation accuracy: 6.89000e-01 Training loss 6.26538e-03 Validation loss 6.64230e-03 Time taken: 0.08 seconds 
Epoch: 138/200 Train accuracy: 7.04076e-01 Validation accuracy: 6.86667e-01 Training loss 6.26897e-03 Validation loss 6.66390e-03 Time taken: 0.08 seconds 
Epoch: 139/200 Train accuracy: 7.05857e-01 Validation accuracy: 6.83333e-01 Training loss 6.26256e-03 Validation loss 6.67268e-03 Time taken: 0.08 seconds 
Epoch: 140/200 Train accuracy: 7.04646e-01 Validation accuracy: 6.86000e-01 Training loss 6.25350e-03 Validation loss 6.64086e-03 Time taken: 0.08 seconds 
Epoch: 141/200 Train accuracy: 7.05073e-01 Validation accuracy: 6.85667e-01 Training loss 6.25920e-03 Validation loss 6.66277e-03 Time taken: 0.08 seconds 
Epoch: 142/200 Train accuracy: 7.03862e-01 Validation accuracy: 6.88667e-01 Training loss 6.26197e-03 Validation loss 6.63946e-03 Time taken: 0.08 seconds 
Epoch: 143/200 Train accuracy: 7.04076e-01 Validation accuracy: 6.89667e-01 Training loss 6.25952e-03 Validation loss 6.62631e-03 Time taken: 0.08 seconds 
Epoch: 144/200 Train accuracy: 7.05145e-01 Validation accuracy: 6.80667e-01 Training loss 6.25758e-03 Validation loss 6.68649e-03 Time taken: 0.08 seconds 
Epoch: 145/200 Train accuracy: 7.06712e-01 Validation accuracy: 6.87000e-01 Training loss 6.24978e-03 Validation loss 6.64748e-03 Time taken: 0.08 seconds 
Epoch: 146/200 Train accuracy: 7.05715e-01 Validation accuracy: 6.83333e-01 Training loss 6.25335e-03 Validation loss 6.61885e-03 Time taken: 0.08 seconds 
Epoch: 147/200 Train accuracy: 7.04290e-01 Validation accuracy: 6.84000e-01 Training loss 6.25129e-03 Validation loss 6.62248e-03 Time taken: 0.08 seconds 
Epoch: 148/200 Train accuracy: 7.04575e-01 Validation accuracy: 6.82333e-01 Training loss 6.24552e-03 Validation loss 6.61814e-03 Time taken: 0.08 seconds 
Epoch: 149/200 Train accuracy: 7.04646e-01 Validation accuracy: 6.85000e-01 Training loss 6.25380e-03 Validation loss 6.65772e-03 Time taken: 0.08 seconds 
Epoch: 150/200 Train accuracy: 7.08066e-01 Validation accuracy: 6.83333e-01 Training loss 6.25006e-03 Validation loss 6.62984e-03 Time taken: 0.10 seconds 
Epoch: 151/200 Train accuracy: 7.06000e-01 Validation accuracy: 6.91667e-01 Training loss 6.24055e-03 Validation loss 6.61079e-03 Time taken: 0.08 seconds 
Epoch: 152/200 Train accuracy: 7.05928e-01 Validation accuracy: 6.86000e-01 Training loss 6.25507e-03 Validation loss 6.63561e-03 Time taken: 0.08 seconds 
Epoch: 153/200 Train accuracy: 7.07496e-01 Validation accuracy: 6.85000e-01 Training loss 6.24572e-03 Validation loss 6.63560e-03 Time taken: 0.08 seconds 
Epoch: 154/200 Train accuracy: 7.04860e-01 Validation accuracy: 6.85000e-01 Training loss 6.24727e-03 Validation loss 6.64700e-03 Time taken: 0.08 seconds 
Epoch: 155/200 Train accuracy: 7.05857e-01 Validation accuracy: 6.90333e-01 Training loss 6.23671e-03 Validation loss 6.63583e-03 Time taken: 0.08 seconds 
Epoch: 156/200 Train accuracy: 7.06855e-01 Validation accuracy: 6.86667e-01 Training loss 6.23583e-03 Validation loss 6.60852e-03 Time taken: 0.08 seconds 
Epoch: 157/200 Train accuracy: 7.04646e-01 Validation accuracy: 6.81000e-01 Training loss 6.23774e-03 Validation loss 6.64067e-03 Time taken: 0.08 seconds 
Epoch: 158/200 Train accuracy: 7.05145e-01 Validation accuracy: 6.90000e-01 Training loss 6.23345e-03 Validation loss 6.63192e-03 Time taken: 0.08 seconds 
Epoch: 159/200 Train accuracy: 7.08351e-01 Validation accuracy: 6.88000e-01 Training loss 6.24029e-03 Validation loss 6.59374e-03 Time taken: 0.08 seconds 
Epoch: 160/200 Train accuracy: 7.05715e-01 Validation accuracy: 6.90333e-01 Training loss 6.22977e-03 Validation loss 6.58894e-03 Time taken: 0.08 seconds 
Epoch: 161/200 Train accuracy: 7.07069e-01 Validation accuracy: 6.90000e-01 Training loss 6.23222e-03 Validation loss 6.59918e-03 Time taken: 0.08 seconds 
Epoch: 162/200 Train accuracy: 7.07639e-01 Validation accuracy: 6.89000e-01 Training loss 6.23466e-03 Validation loss 6.60891e-03 Time taken: 0.08 seconds 
Epoch: 163/200 Train accuracy: 7.04788e-01 Validation accuracy: 6.87333e-01 Training loss 6.23563e-03 Validation loss 6.60229e-03 Time taken: 0.08 seconds 
Epoch: 164/200 Train accuracy: 7.03933e-01 Validation accuracy: 6.88333e-01 Training loss 6.23466e-03 Validation loss 6.60324e-03 Time taken: 0.08 seconds 
Epoch: 165/200 Train accuracy: 7.06142e-01 Validation accuracy: 6.84667e-01 Training loss 6.22312e-03 Validation loss 6.64143e-03 Time taken: 0.08 seconds 
Epoch: 166/200 Train accuracy: 7.05643e-01 Validation accuracy: 6.85333e-01 Training loss 6.22802e-03 Validation loss 6.60057e-03 Time taken: 0.08 seconds 
Epoch: 167/200 Train accuracy: 7.06499e-01 Validation accuracy: 6.80667e-01 Training loss 6.23301e-03 Validation loss 6.61098e-03 Time taken: 0.08 seconds 
Epoch: 168/200 Train accuracy: 7.06427e-01 Validation accuracy: 6.87333e-01 Training loss 6.22306e-03 Validation loss 6.60057e-03 Time taken: 0.08 seconds 
Epoch: 169/200 Train accuracy: 7.07211e-01 Validation accuracy: 6.85667e-01 Training loss 6.22474e-03 Validation loss 6.60976e-03 Time taken: 0.08 seconds 
Epoch: 170/200 Train accuracy: 7.07710e-01 Validation accuracy: 6.87333e-01 Training loss 6.22819e-03 Validation loss 6.60006e-03 Time taken: 0.08 seconds 
Epoch: 171/200 Train accuracy: 7.05928e-01 Validation accuracy: 6.85000e-01 Training loss 6.22896e-03 Validation loss 6.64080e-03 Time taken: 0.08 seconds 
Epoch: 172/200 Train accuracy: 7.05430e-01 Validation accuracy: 6.90000e-01 Training loss 6.22467e-03 Validation loss 6.60519e-03 Time taken: 0.08 seconds 
Epoch: 173/200 Train accuracy: 7.05643e-01 Validation accuracy: 6.87000e-01 Training loss 6.21960e-03 Validation loss 6.60927e-03 Time taken: 0.08 seconds 
Epoch: 174/200 Train accuracy: 7.04646e-01 Validation accuracy: 6.89667e-01 Training loss 6.21637e-03 Validation loss 6.58698e-03 Time taken: 0.08 seconds 
Epoch: 175/200 Train accuracy: 7.04361e-01 Validation accuracy: 6.88333e-01 Training loss 6.21740e-03 Validation loss 6.61387e-03 Time taken: 0.08 seconds 
Epoch: 176/200 Train accuracy: 7.06855e-01 Validation accuracy: 6.88000e-01 Training loss 6.22100e-03 Validation loss 6.61541e-03 Time taken: 0.08 seconds 
Epoch: 177/200 Train accuracy: 7.06071e-01 Validation accuracy: 6.89333e-01 Training loss 6.22224e-03 Validation loss 6.57270e-03 Time taken: 0.09 seconds 
Epoch: 178/200 Train accuracy: 7.06926e-01 Validation accuracy: 6.87333e-01 Training loss 6.22320e-03 Validation loss 6.58373e-03 Time taken: 0.08 seconds 
Epoch: 179/200 Train accuracy: 7.05857e-01 Validation accuracy: 6.89333e-01 Training loss 6.22195e-03 Validation loss 6.58245e-03 Time taken: 0.08 seconds 
Epoch: 180/200 Train accuracy: 7.08137e-01 Validation accuracy: 6.90333e-01 Training loss 6.20974e-03 Validation loss 6.58365e-03 Time taken: 0.08 seconds 
Epoch: 181/200 Train accuracy: 7.06213e-01 Validation accuracy: 6.86000e-01 Training loss 6.21001e-03 Validation loss 6.61835e-03 Time taken: 0.08 seconds 
Epoch: 182/200 Train accuracy: 7.03862e-01 Validation accuracy: 6.81000e-01 Training loss 6.20927e-03 Validation loss 6.67964e-03 Time taken: 0.08 seconds 
Epoch: 183/200 Train accuracy: 7.07995e-01 Validation accuracy: 6.90000e-01 Training loss 6.22004e-03 Validation loss 6.58074e-03 Time taken: 0.09 seconds 
Epoch: 184/200 Train accuracy: 7.07282e-01 Validation accuracy: 6.90333e-01 Training loss 6.20937e-03 Validation loss 6.59562e-03 Time taken: 0.09 seconds 
Epoch: 185/200 Train accuracy: 7.07639e-01 Validation accuracy: 6.80667e-01 Training loss 6.20896e-03 Validation loss 6.62662e-03 Time taken: 0.08 seconds 
Epoch: 186/200 Train accuracy: 7.05002e-01 Validation accuracy: 6.91000e-01 Training loss 6.20813e-03 Validation loss 6.56575e-03 Time taken: 0.08 seconds 
Epoch: 187/200 Train accuracy: 7.10845e-01 Validation accuracy: 6.90333e-01 Training loss 6.20565e-03 Validation loss 6.57486e-03 Time taken: 0.08 seconds 
Epoch: 188/200 Train accuracy: 7.07282e-01 Validation accuracy: 6.92000e-01 Training loss 6.20784e-03 Validation loss 6.57951e-03 Time taken: 0.08 seconds 
Epoch: 189/200 Train accuracy: 7.07710e-01 Validation accuracy: 6.87667e-01 Training loss 6.20608e-03 Validation loss 6.56801e-03 Time taken: 0.08 seconds 
Epoch: 190/200 Train accuracy: 7.06000e-01 Validation accuracy: 6.92333e-01 Training loss 6.21427e-03 Validation loss 6.56414e-03 Time taken: 0.08 seconds 
Epoch: 191/200 Train accuracy: 7.07852e-01 Validation accuracy: 6.88000e-01 Training loss 6.19892e-03 Validation loss 6.57320e-03 Time taken: 0.08 seconds 
Epoch: 192/200 Train accuracy: 7.08422e-01 Validation accuracy: 6.92000e-01 Training loss 6.19211e-03 Validation loss 6.55303e-03 Time taken: 0.08 seconds 
Epoch: 193/200 Train accuracy: 7.07140e-01 Validation accuracy: 6.93000e-01 Training loss 6.19718e-03 Validation loss 6.55029e-03 Time taken: 0.08 seconds 
Epoch: 194/200 Train accuracy: 7.08209e-01 Validation accuracy: 6.89000e-01 Training loss 6.19600e-03 Validation loss 6.55814e-03 Time taken: 0.08 seconds 
Epoch: 195/200 Train accuracy: 7.07496e-01 Validation accuracy: 6.87000e-01 Training loss 6.19751e-03 Validation loss 6.58502e-03 Time taken: 0.08 seconds 
Epoch: 196/200 Train accuracy: 7.06427e-01 Validation accuracy: 6.94000e-01 Training loss 6.21571e-03 Validation loss 6.55739e-03 Time taken: 0.08 seconds 
Epoch: 197/200 Train accuracy: 7.08209e-01 Validation accuracy: 6.90333e-01 Training loss 6.19825e-03 Validation loss 6.60477e-03 Time taken: 0.08 seconds 
Epoch: 198/200 Train accuracy: 7.06499e-01 Validation accuracy: 6.86333e-01 Training loss 6.20157e-03 Validation loss 6.58814e-03 Time taken: 0.08 seconds 
Epoch: 199/200 Train accuracy: 7.09848e-01 Validation accuracy: 6.91000e-01 Training loss 6.18650e-03 Validation loss 6.57463e-03 Time taken: 0.08 seconds 
Epoch: 200/200 Train accuracy: 7.08066e-01 Validation accuracy: 6.93000e-01 Training loss 6.18515e-03 Validation loss 6.55205e-03 Time taken: 0.08 seconds 
Total time taken 0:00:19.467350
Cleaning up intermediate feature (.pt) files
Done


working on file logs_PKT_chunks_different_seeds/iic-train-l2-pkt-chunks-seed3-pred12/jepa-iic-ep200.pth.tar ...
Directory logs_PKT_chunks_different_seeds/iic-train-l2-pkt-chunks-seed3-pred12/classifiers for saving the classifiers is now present
VisionTransformer(
  (patch_embed): PatchEmbed(
    (proj): Conv2d(3, 768, kernel_size=(15, 15), stride=(15, 15))
  )
  (blocks): ModuleList(
    (0-11): 12 x Block(
      (norm1): LayerNorm((768,), eps=1e-06, elementwise_affine=True)
      (attn): Attention(
        (qkv): Linear(in_features=768, out_features=2304, bias=True)
        (attn_drop): Dropout(p=0.0, inplace=False)
        (proj): Linear(in_features=768, out_features=768, bias=True)
        (proj_drop): Dropout(p=0.0, inplace=False)
      )
      (drop_path): Identity()
      (norm2): LayerNorm((768,), eps=1e-06, elementwise_affine=True)
      (mlp): MLP(
        (fc1): Linear(in_features=768, out_features=3072, bias=True)
        (act): GELU(approximate='none')
        (fc2): Linear(in_features=3072, out_features=768, bias=True)
        (drop): Dropout(p=0.0, inplace=False)
      )
    )
  )
  (norm): LayerNorm((768,), eps=1e-06, elementwise_affine=True)
)
Extracting features and saving them in memory..
Extracting features...
Time taken to extract features: 25.010907453950495
Epoch: 1/200 Train accuracy: 4.76058e-01 Validation accuracy: 5.80000e-01 Training loss 1.17900e-02 Validation loss 9.45980e-03 Time taken: 0.08 seconds 
Epoch: 2/200 Train accuracy: 6.27334e-01 Validation accuracy: 6.30667e-01 Training loss 8.41663e-03 Validation loss 8.22849e-03 Time taken: 0.08 seconds 
Epoch: 3/200 Train accuracy: 6.50349e-01 Validation accuracy: 6.49000e-01 Training loss 7.59858e-03 Validation loss 7.71108e-03 Time taken: 0.08 seconds 
Epoch: 4/200 Train accuracy: 6.64743e-01 Validation accuracy: 6.57667e-01 Training loss 7.18956e-03 Validation loss 7.44759e-03 Time taken: 0.08 seconds 
Epoch: 5/200 Train accuracy: 6.72296e-01 Validation accuracy: 6.67667e-01 Training loss 6.94245e-03 Validation loss 7.20405e-03 Time taken: 0.08 seconds 
Epoch: 6/200 Train accuracy: 6.76286e-01 Validation accuracy: 6.72000e-01 Training loss 6.78750e-03 Validation loss 7.08684e-03 Time taken: 0.08 seconds 
Epoch: 7/200 Train accuracy: 6.82129e-01 Validation accuracy: 6.72667e-01 Training loss 6.65905e-03 Validation loss 6.96053e-03 Time taken: 0.08 seconds 
Epoch: 8/200 Train accuracy: 6.87545e-01 Validation accuracy: 6.80333e-01 Training loss 6.54284e-03 Validation loss 6.86830e-03 Time taken: 0.08 seconds 
Epoch: 9/200 Train accuracy: 6.92604e-01 Validation accuracy: 6.81667e-01 Training loss 6.46827e-03 Validation loss 6.79474e-03 Time taken: 0.08 seconds 
Epoch: 10/200 Train accuracy: 6.94029e-01 Validation accuracy: 6.87000e-01 Training loss 6.39321e-03 Validation loss 6.73258e-03 Time taken: 0.08 seconds 
Epoch: 11/200 Train accuracy: 6.98518e-01 Validation accuracy: 6.91000e-01 Training loss 6.33642e-03 Validation loss 6.68642e-03 Time taken: 0.08 seconds 
Epoch: 12/200 Train accuracy: 6.97307e-01 Validation accuracy: 6.92000e-01 Training loss 6.28505e-03 Validation loss 6.61759e-03 Time taken: 0.08 seconds 
Epoch: 13/200 Train accuracy: 7.02936e-01 Validation accuracy: 6.93333e-01 Training loss 6.23365e-03 Validation loss 6.59083e-03 Time taken: 0.08 seconds 
Epoch: 14/200 Train accuracy: 7.03292e-01 Validation accuracy: 6.97333e-01 Training loss 6.19993e-03 Validation loss 6.54515e-03 Time taken: 0.08 seconds 
Epoch: 15/200 Train accuracy: 7.07924e-01 Validation accuracy: 6.97000e-01 Training loss 6.16180e-03 Validation loss 6.54188e-03 Time taken: 0.08 seconds 
Epoch: 16/200 Train accuracy: 7.07282e-01 Validation accuracy: 6.98333e-01 Training loss 6.12578e-03 Validation loss 6.51909e-03 Time taken: 0.08 seconds 
Epoch: 17/200 Train accuracy: 7.07354e-01 Validation accuracy: 7.02333e-01 Training loss 6.10033e-03 Validation loss 6.44218e-03 Time taken: 0.08 seconds 
Epoch: 18/200 Train accuracy: 7.10845e-01 Validation accuracy: 6.97000e-01 Training loss 6.06740e-03 Validation loss 6.43372e-03 Time taken: 0.08 seconds 
Epoch: 19/200 Train accuracy: 7.09919e-01 Validation accuracy: 7.04333e-01 Training loss 6.04253e-03 Validation loss 6.39400e-03 Time taken: 0.08 seconds 
Epoch: 20/200 Train accuracy: 7.13767e-01 Validation accuracy: 7.02333e-01 Training loss 6.02268e-03 Validation loss 6.40984e-03 Time taken: 0.08 seconds 
Epoch: 21/200 Train accuracy: 7.14693e-01 Validation accuracy: 7.05667e-01 Training loss 6.00242e-03 Validation loss 6.38077e-03 Time taken: 0.08 seconds 
Epoch: 22/200 Train accuracy: 7.15690e-01 Validation accuracy: 7.04000e-01 Training loss 5.97833e-03 Validation loss 6.35439e-03 Time taken: 0.08 seconds 
Epoch: 23/200 Train accuracy: 7.17044e-01 Validation accuracy: 7.08000e-01 Training loss 5.95936e-03 Validation loss 6.31871e-03 Time taken: 0.08 seconds 
Epoch: 24/200 Train accuracy: 7.16118e-01 Validation accuracy: 7.06667e-01 Training loss 5.94146e-03 Validation loss 6.29266e-03 Time taken: 0.08 seconds 
Epoch: 25/200 Train accuracy: 7.17971e-01 Validation accuracy: 7.07000e-01 Training loss 5.93269e-03 Validation loss 6.28954e-03 Time taken: 0.08 seconds 
Epoch: 26/200 Train accuracy: 7.19039e-01 Validation accuracy: 7.04000e-01 Training loss 5.90940e-03 Validation loss 6.30326e-03 Time taken: 0.08 seconds 
Epoch: 27/200 Train accuracy: 7.21035e-01 Validation accuracy: 7.11000e-01 Training loss 5.90219e-03 Validation loss 6.27105e-03 Time taken: 0.08 seconds 
Epoch: 28/200 Train accuracy: 7.20607e-01 Validation accuracy: 7.07333e-01 Training loss 5.88714e-03 Validation loss 6.28555e-03 Time taken: 0.08 seconds 
Epoch: 29/200 Train accuracy: 7.21462e-01 Validation accuracy: 7.11333e-01 Training loss 5.87171e-03 Validation loss 6.23259e-03 Time taken: 0.08 seconds 
Epoch: 30/200 Train accuracy: 7.22317e-01 Validation accuracy: 7.16333e-01 Training loss 5.86227e-03 Validation loss 6.24540e-03 Time taken: 0.08 seconds 
Epoch: 31/200 Train accuracy: 7.21961e-01 Validation accuracy: 7.10667e-01 Training loss 5.84842e-03 Validation loss 6.21708e-03 Time taken: 0.08 seconds 
Epoch: 32/200 Train accuracy: 7.22674e-01 Validation accuracy: 7.12333e-01 Training loss 5.83962e-03 Validation loss 6.23599e-03 Time taken: 0.08 seconds 
Epoch: 33/200 Train accuracy: 7.21676e-01 Validation accuracy: 7.12667e-01 Training loss 5.83618e-03 Validation loss 6.19235e-03 Time taken: 0.08 seconds 
Epoch: 34/200 Train accuracy: 7.23956e-01 Validation accuracy: 7.11333e-01 Training loss 5.81129e-03 Validation loss 6.18279e-03 Time taken: 0.11 seconds 
Epoch: 35/200 Train accuracy: 7.22816e-01 Validation accuracy: 7.11667e-01 Training loss 5.80827e-03 Validation loss 6.21134e-03 Time taken: 0.08 seconds 
Epoch: 36/200 Train accuracy: 7.24312e-01 Validation accuracy: 7.11667e-01 Training loss 5.80412e-03 Validation loss 6.17397e-03 Time taken: 0.08 seconds 
Epoch: 37/200 Train accuracy: 7.26379e-01 Validation accuracy: 7.12333e-01 Training loss 5.79393e-03 Validation loss 6.16113e-03 Time taken: 0.08 seconds 
Epoch: 38/200 Train accuracy: 7.27234e-01 Validation accuracy: 7.13667e-01 Training loss 5.78695e-03 Validation loss 6.15393e-03 Time taken: 0.08 seconds 
Epoch: 39/200 Train accuracy: 7.27020e-01 Validation accuracy: 7.21333e-01 Training loss 5.77578e-03 Validation loss 6.16640e-03 Time taken: 0.08 seconds 
Epoch: 40/200 Train accuracy: 7.26450e-01 Validation accuracy: 7.12333e-01 Training loss 5.77778e-03 Validation loss 6.13964e-03 Time taken: 0.08 seconds 
Epoch: 41/200 Train accuracy: 7.28588e-01 Validation accuracy: 7.18333e-01 Training loss 5.76176e-03 Validation loss 6.20137e-03 Time taken: 0.08 seconds 
Epoch: 42/200 Train accuracy: 7.27733e-01 Validation accuracy: 7.15667e-01 Training loss 5.76321e-03 Validation loss 6.13639e-03 Time taken: 0.08 seconds 
Epoch: 43/200 Train accuracy: 7.28516e-01 Validation accuracy: 7.12667e-01 Training loss 5.75546e-03 Validation loss 6.13266e-03 Time taken: 0.08 seconds 
Epoch: 44/200 Train accuracy: 7.27946e-01 Validation accuracy: 7.17667e-01 Training loss 5.75456e-03 Validation loss 6.12825e-03 Time taken: 0.08 seconds 
Epoch: 45/200 Train accuracy: 7.27875e-01 Validation accuracy: 7.13667e-01 Training loss 5.74245e-03 Validation loss 6.10857e-03 Time taken: 0.08 seconds 
Epoch: 46/200 Train accuracy: 7.27946e-01 Validation accuracy: 7.15333e-01 Training loss 5.74229e-03 Validation loss 6.11623e-03 Time taken: 0.08 seconds 
Epoch: 47/200 Train accuracy: 7.28160e-01 Validation accuracy: 7.13667e-01 Training loss 5.72676e-03 Validation loss 6.10555e-03 Time taken: 0.08 seconds 
Epoch: 48/200 Train accuracy: 7.29514e-01 Validation accuracy: 7.16000e-01 Training loss 5.73029e-03 Validation loss 6.09255e-03 Time taken: 0.08 seconds 
Epoch: 49/200 Train accuracy: 7.31509e-01 Validation accuracy: 7.17333e-01 Training loss 5.71471e-03 Validation loss 6.14031e-03 Time taken: 0.08 seconds 
Epoch: 50/200 Train accuracy: 7.30868e-01 Validation accuracy: 7.13000e-01 Training loss 5.71865e-03 Validation loss 6.09845e-03 Time taken: 0.08 seconds 
Epoch: 51/200 Train accuracy: 7.28801e-01 Validation accuracy: 7.16667e-01 Training loss 5.70971e-03 Validation loss 6.10141e-03 Time taken: 0.08 seconds 
Epoch: 52/200 Train accuracy: 7.30227e-01 Validation accuracy: 7.14333e-01 Training loss 5.70173e-03 Validation loss 6.08373e-03 Time taken: 0.08 seconds 
Epoch: 53/200 Train accuracy: 7.28018e-01 Validation accuracy: 7.18333e-01 Training loss 5.71821e-03 Validation loss 6.10250e-03 Time taken: 0.08 seconds 
Epoch: 54/200 Train accuracy: 7.29728e-01 Validation accuracy: 7.18000e-01 Training loss 5.69710e-03 Validation loss 6.09505e-03 Time taken: 0.08 seconds 
Epoch: 55/200 Train accuracy: 7.29728e-01 Validation accuracy: 7.19333e-01 Training loss 5.69189e-03 Validation loss 6.07891e-03 Time taken: 0.08 seconds 
Epoch: 56/200 Train accuracy: 7.31224e-01 Validation accuracy: 7.15667e-01 Training loss 5.67991e-03 Validation loss 6.07947e-03 Time taken: 0.08 seconds 
Epoch: 57/200 Train accuracy: 7.32008e-01 Validation accuracy: 7.15333e-01 Training loss 5.68512e-03 Validation loss 6.07628e-03 Time taken: 0.08 seconds 
Epoch: 58/200 Train accuracy: 7.33148e-01 Validation accuracy: 7.14333e-01 Training loss 5.67850e-03 Validation loss 6.06227e-03 Time taken: 0.08 seconds 
Epoch: 59/200 Train accuracy: 7.32578e-01 Validation accuracy: 7.18333e-01 Training loss 5.66655e-03 Validation loss 6.05136e-03 Time taken: 0.09 seconds 
Epoch: 60/200 Train accuracy: 7.30725e-01 Validation accuracy: 7.17333e-01 Training loss 5.67412e-03 Validation loss 6.05779e-03 Time taken: 0.09 seconds 
Epoch: 61/200 Train accuracy: 7.32863e-01 Validation accuracy: 7.17667e-01 Training loss 5.66273e-03 Validation loss 6.05481e-03 Time taken: 0.08 seconds 
Epoch: 62/200 Train accuracy: 7.32934e-01 Validation accuracy: 7.18000e-01 Training loss 5.65992e-03 Validation loss 6.05400e-03 Time taken: 0.08 seconds 
Epoch: 63/200 Train accuracy: 7.34074e-01 Validation accuracy: 7.22000e-01 Training loss 5.65690e-03 Validation loss 6.05794e-03 Time taken: 0.08 seconds 
Epoch: 64/200 Train accuracy: 7.33148e-01 Validation accuracy: 7.22000e-01 Training loss 5.65548e-03 Validation loss 6.05828e-03 Time taken: 0.08 seconds 
Epoch: 65/200 Train accuracy: 7.33006e-01 Validation accuracy: 7.22000e-01 Training loss 5.64636e-03 Validation loss 6.03064e-03 Time taken: 0.08 seconds 
Epoch: 66/200 Train accuracy: 7.32507e-01 Validation accuracy: 7.24333e-01 Training loss 5.64769e-03 Validation loss 6.02933e-03 Time taken: 0.08 seconds 
Epoch: 67/200 Train accuracy: 7.35856e-01 Validation accuracy: 7.19000e-01 Training loss 5.64507e-03 Validation loss 6.02927e-03 Time taken: 0.08 seconds 
Epoch: 68/200 Train accuracy: 7.33932e-01 Validation accuracy: 7.19667e-01 Training loss 5.63954e-03 Validation loss 6.03802e-03 Time taken: 0.09 seconds 
Epoch: 69/200 Train accuracy: 7.33077e-01 Validation accuracy: 7.18000e-01 Training loss 5.63294e-03 Validation loss 6.02914e-03 Time taken: 0.08 seconds 
Epoch: 70/200 Train accuracy: 7.33433e-01 Validation accuracy: 7.18667e-01 Training loss 5.63639e-03 Validation loss 6.01049e-03 Time taken: 0.08 seconds 
Epoch: 71/200 Train accuracy: 7.33576e-01 Validation accuracy: 7.20333e-01 Training loss 5.62782e-03 Validation loss 6.04527e-03 Time taken: 0.08 seconds 
Epoch: 72/200 Train accuracy: 7.35286e-01 Validation accuracy: 7.18000e-01 Training loss 5.62762e-03 Validation loss 6.05048e-03 Time taken: 0.08 seconds 
Epoch: 73/200 Train accuracy: 7.35214e-01 Validation accuracy: 7.20000e-01 Training loss 5.62059e-03 Validation loss 6.00601e-03 Time taken: 0.08 seconds 
Epoch: 74/200 Train accuracy: 7.33077e-01 Validation accuracy: 7.18000e-01 Training loss 5.62115e-03 Validation loss 6.04574e-03 Time taken: 0.08 seconds 
Epoch: 75/200 Train accuracy: 7.37495e-01 Validation accuracy: 7.21333e-01 Training loss 5.61899e-03 Validation loss 6.04418e-03 Time taken: 0.08 seconds 
Epoch: 76/200 Train accuracy: 7.33504e-01 Validation accuracy: 7.22667e-01 Training loss 5.62256e-03 Validation loss 6.00280e-03 Time taken: 0.08 seconds 
Epoch: 77/200 Train accuracy: 7.35571e-01 Validation accuracy: 7.20667e-01 Training loss 5.60442e-03 Validation loss 6.01926e-03 Time taken: 0.08 seconds 
Epoch: 78/200 Train accuracy: 7.35856e-01 Validation accuracy: 7.21333e-01 Training loss 5.60673e-03 Validation loss 6.00432e-03 Time taken: 0.08 seconds 
Epoch: 79/200 Train accuracy: 7.35713e-01 Validation accuracy: 7.27000e-01 Training loss 5.59872e-03 Validation loss 6.01539e-03 Time taken: 0.08 seconds 
Epoch: 80/200 Train accuracy: 7.35001e-01 Validation accuracy: 7.22667e-01 Training loss 5.60267e-03 Validation loss 6.06819e-03 Time taken: 0.08 seconds 
Epoch: 81/200 Train accuracy: 7.35856e-01 Validation accuracy: 7.25333e-01 Training loss 5.60642e-03 Validation loss 6.01757e-03 Time taken: 0.08 seconds 
Epoch: 82/200 Train accuracy: 7.35072e-01 Validation accuracy: 7.24667e-01 Training loss 5.59669e-03 Validation loss 5.99040e-03 Time taken: 0.08 seconds 
Epoch: 83/200 Train accuracy: 7.35927e-01 Validation accuracy: 7.22333e-01 Training loss 5.59488e-03 Validation loss 5.98354e-03 Time taken: 0.08 seconds 
Epoch: 84/200 Train accuracy: 7.37922e-01 Validation accuracy: 7.23667e-01 Training loss 5.58938e-03 Validation loss 6.00431e-03 Time taken: 0.08 seconds 
Epoch: 85/200 Train accuracy: 7.37637e-01 Validation accuracy: 7.23333e-01 Training loss 5.58026e-03 Validation loss 6.00402e-03 Time taken: 0.09 seconds 
Epoch: 86/200 Train accuracy: 7.36925e-01 Validation accuracy: 7.21000e-01 Training loss 5.58106e-03 Validation loss 5.98422e-03 Time taken: 0.09 seconds 
Epoch: 87/200 Train accuracy: 7.37566e-01 Validation accuracy: 7.22000e-01 Training loss 5.58370e-03 Validation loss 5.96940e-03 Time taken: 0.08 seconds 
Epoch: 88/200 Train accuracy: 7.37566e-01 Validation accuracy: 7.20667e-01 Training loss 5.58215e-03 Validation loss 5.98147e-03 Time taken: 0.08 seconds 
Epoch: 89/200 Train accuracy: 7.37210e-01 Validation accuracy: 7.27000e-01 Training loss 5.58359e-03 Validation loss 6.02966e-03 Time taken: 0.08 seconds 
Epoch: 90/200 Train accuracy: 7.38065e-01 Validation accuracy: 7.29667e-01 Training loss 5.58114e-03 Validation loss 5.99637e-03 Time taken: 0.08 seconds 
Epoch: 91/200 Train accuracy: 7.38849e-01 Validation accuracy: 7.24000e-01 Training loss 5.57631e-03 Validation loss 5.98854e-03 Time taken: 0.08 seconds 
Epoch: 92/200 Train accuracy: 7.37851e-01 Validation accuracy: 7.21333e-01 Training loss 5.57523e-03 Validation loss 5.99053e-03 Time taken: 0.08 seconds 
Epoch: 93/200 Train accuracy: 7.37851e-01 Validation accuracy: 7.26000e-01 Training loss 5.57209e-03 Validation loss 5.96294e-03 Time taken: 0.08 seconds 
Epoch: 94/200 Train accuracy: 7.36711e-01 Validation accuracy: 7.21000e-01 Training loss 5.57038e-03 Validation loss 5.96904e-03 Time taken: 0.09 seconds 
Epoch: 95/200 Train accuracy: 7.35998e-01 Validation accuracy: 7.22667e-01 Training loss 5.57392e-03 Validation loss 5.99700e-03 Time taken: 0.10 seconds 
Epoch: 96/200 Train accuracy: 7.38563e-01 Validation accuracy: 7.20000e-01 Training loss 5.56340e-03 Validation loss 5.96777e-03 Time taken: 0.08 seconds 
Epoch: 97/200 Train accuracy: 7.39347e-01 Validation accuracy: 7.22333e-01 Training loss 5.56365e-03 Validation loss 5.95682e-03 Time taken: 0.08 seconds 
Epoch: 98/200 Train accuracy: 7.36996e-01 Validation accuracy: 7.25000e-01 Training loss 5.56090e-03 Validation loss 5.95143e-03 Time taken: 0.08 seconds 
Epoch: 99/200 Train accuracy: 7.37138e-01 Validation accuracy: 7.30000e-01 Training loss 5.56076e-03 Validation loss 5.95877e-03 Time taken: 0.08 seconds 
Epoch: 100/200 Train accuracy: 7.38492e-01 Validation accuracy: 7.27000e-01 Training loss 5.55257e-03 Validation loss 5.97538e-03 Time taken: 0.08 seconds 
Epoch: 101/200 Train accuracy: 7.40844e-01 Validation accuracy: 7.21333e-01 Training loss 5.55793e-03 Validation loss 5.94373e-03 Time taken: 0.08 seconds 
Epoch: 102/200 Train accuracy: 7.39419e-01 Validation accuracy: 7.27000e-01 Training loss 5.54422e-03 Validation loss 5.96246e-03 Time taken: 0.08 seconds 
Epoch: 103/200 Train accuracy: 7.37922e-01 Validation accuracy: 7.22667e-01 Training loss 5.54886e-03 Validation loss 5.98464e-03 Time taken: 0.08 seconds 
Epoch: 104/200 Train accuracy: 7.38207e-01 Validation accuracy: 7.23000e-01 Training loss 5.55334e-03 Validation loss 5.98716e-03 Time taken: 0.08 seconds 
Epoch: 105/200 Train accuracy: 7.38849e-01 Validation accuracy: 7.25667e-01 Training loss 5.55195e-03 Validation loss 5.93533e-03 Time taken: 0.08 seconds 
Epoch: 106/200 Train accuracy: 7.39632e-01 Validation accuracy: 7.23000e-01 Training loss 5.53885e-03 Validation loss 5.94626e-03 Time taken: 0.08 seconds 
Epoch: 107/200 Train accuracy: 7.39347e-01 Validation accuracy: 7.28667e-01 Training loss 5.54575e-03 Validation loss 5.95837e-03 Time taken: 0.08 seconds 
Epoch: 108/200 Train accuracy: 7.42483e-01 Validation accuracy: 7.27333e-01 Training loss 5.53564e-03 Validation loss 5.94989e-03 Time taken: 0.08 seconds 
Epoch: 109/200 Train accuracy: 7.38920e-01 Validation accuracy: 7.23333e-01 Training loss 5.53007e-03 Validation loss 5.92916e-03 Time taken: 0.08 seconds 
Epoch: 110/200 Train accuracy: 7.40060e-01 Validation accuracy: 7.27667e-01 Training loss 5.55147e-03 Validation loss 5.95283e-03 Time taken: 0.08 seconds 
Epoch: 111/200 Train accuracy: 7.40559e-01 Validation accuracy: 7.25000e-01 Training loss 5.53197e-03 Validation loss 5.92234e-03 Time taken: 0.09 seconds 
Epoch: 112/200 Train accuracy: 7.42411e-01 Validation accuracy: 7.26000e-01 Training loss 5.52982e-03 Validation loss 5.93165e-03 Time taken: 0.08 seconds 
Epoch: 113/200 Train accuracy: 7.36283e-01 Validation accuracy: 7.21667e-01 Training loss 5.54062e-03 Validation loss 5.98645e-03 Time taken: 0.08 seconds 
Epoch: 114/200 Train accuracy: 7.38849e-01 Validation accuracy: 7.22333e-01 Training loss 5.54479e-03 Validation loss 5.93981e-03 Time taken: 0.08 seconds 
Epoch: 115/200 Train accuracy: 7.39062e-01 Validation accuracy: 7.27000e-01 Training loss 5.52605e-03 Validation loss 5.92139e-03 Time taken: 0.08 seconds 
Epoch: 116/200 Train accuracy: 7.41414e-01 Validation accuracy: 7.20667e-01 Training loss 5.51771e-03 Validation loss 5.92928e-03 Time taken: 0.08 seconds 
Epoch: 117/200 Train accuracy: 7.39632e-01 Validation accuracy: 7.29000e-01 Training loss 5.53062e-03 Validation loss 5.93118e-03 Time taken: 0.08 seconds 
Epoch: 118/200 Train accuracy: 7.39561e-01 Validation accuracy: 7.23000e-01 Training loss 5.52715e-03 Validation loss 5.95164e-03 Time taken: 0.08 seconds 
Epoch: 119/200 Train accuracy: 7.40844e-01 Validation accuracy: 7.30000e-01 Training loss 5.51536e-03 Validation loss 5.92032e-03 Time taken: 0.08 seconds 
Epoch: 120/200 Train accuracy: 7.40559e-01 Validation accuracy: 7.25000e-01 Training loss 5.51884e-03 Validation loss 5.93908e-03 Time taken: 0.08 seconds 
Epoch: 121/200 Train accuracy: 7.40701e-01 Validation accuracy: 7.28000e-01 Training loss 5.51552e-03 Validation loss 5.92257e-03 Time taken: 0.08 seconds 
Epoch: 122/200 Train accuracy: 7.41414e-01 Validation accuracy: 7.27000e-01 Training loss 5.51806e-03 Validation loss 5.92589e-03 Time taken: 0.08 seconds 
Epoch: 123/200 Train accuracy: 7.39917e-01 Validation accuracy: 7.30333e-01 Training loss 5.50901e-03 Validation loss 5.92639e-03 Time taken: 0.08 seconds 
Epoch: 124/200 Train accuracy: 7.41342e-01 Validation accuracy: 7.30333e-01 Training loss 5.50753e-03 Validation loss 5.92946e-03 Time taken: 0.08 seconds 
Epoch: 125/200 Train accuracy: 7.39846e-01 Validation accuracy: 7.25000e-01 Training loss 5.51158e-03 Validation loss 5.94644e-03 Time taken: 0.08 seconds 
Epoch: 126/200 Train accuracy: 7.40630e-01 Validation accuracy: 7.27000e-01 Training loss 5.51413e-03 Validation loss 5.93191e-03 Time taken: 0.08 seconds 
Epoch: 127/200 Train accuracy: 7.41699e-01 Validation accuracy: 7.30000e-01 Training loss 5.51566e-03 Validation loss 5.91767e-03 Time taken: 0.08 seconds 
Epoch: 128/200 Train accuracy: 7.42411e-01 Validation accuracy: 7.30667e-01 Training loss 5.50378e-03 Validation loss 5.91377e-03 Time taken: 0.09 seconds 
Epoch: 129/200 Train accuracy: 7.41057e-01 Validation accuracy: 7.28333e-01 Training loss 5.49812e-03 Validation loss 5.96990e-03 Time taken: 0.09 seconds 
Epoch: 130/200 Train accuracy: 7.41200e-01 Validation accuracy: 7.26333e-01 Training loss 5.50239e-03 Validation loss 5.93999e-03 Time taken: 0.08 seconds 
Epoch: 131/200 Train accuracy: 7.40416e-01 Validation accuracy: 7.28667e-01 Training loss 5.50005e-03 Validation loss 5.92956e-03 Time taken: 0.08 seconds 
Epoch: 132/200 Train accuracy: 7.41200e-01 Validation accuracy: 7.30000e-01 Training loss 5.49399e-03 Validation loss 5.91762e-03 Time taken: 0.08 seconds 
Epoch: 133/200 Train accuracy: 7.42055e-01 Validation accuracy: 7.30000e-01 Training loss 5.49864e-03 Validation loss 5.89494e-03 Time taken: 0.08 seconds 
Epoch: 134/200 Train accuracy: 7.43836e-01 Validation accuracy: 7.30333e-01 Training loss 5.49622e-03 Validation loss 5.92161e-03 Time taken: 0.08 seconds 
Epoch: 135/200 Train accuracy: 7.41984e-01 Validation accuracy: 7.26333e-01 Training loss 5.49694e-03 Validation loss 5.92040e-03 Time taken: 0.08 seconds 
Epoch: 136/200 Train accuracy: 7.40915e-01 Validation accuracy: 7.30333e-01 Training loss 5.49149e-03 Validation loss 5.89329e-03 Time taken: 0.08 seconds 
Epoch: 137/200 Train accuracy: 7.41841e-01 Validation accuracy: 7.30333e-01 Training loss 5.49454e-03 Validation loss 5.90744e-03 Time taken: 0.10 seconds 
Epoch: 138/200 Train accuracy: 7.40416e-01 Validation accuracy: 7.28000e-01 Training loss 5.49496e-03 Validation loss 5.88158e-03 Time taken: 0.09 seconds 
Epoch: 139/200 Train accuracy: 7.42340e-01 Validation accuracy: 7.30333e-01 Training loss 5.47993e-03 Validation loss 5.92790e-03 Time taken: 0.08 seconds 
Epoch: 140/200 Train accuracy: 7.43623e-01 Validation accuracy: 7.28333e-01 Training loss 5.49146e-03 Validation loss 5.88403e-03 Time taken: 0.08 seconds 
Epoch: 141/200 Train accuracy: 7.42055e-01 Validation accuracy: 7.28000e-01 Training loss 5.48677e-03 Validation loss 5.89195e-03 Time taken: 0.08 seconds 
Epoch: 142/200 Train accuracy: 7.42340e-01 Validation accuracy: 7.31000e-01 Training loss 5.49012e-03 Validation loss 5.88477e-03 Time taken: 0.08 seconds 
Epoch: 143/200 Train accuracy: 7.44478e-01 Validation accuracy: 7.27000e-01 Training loss 5.47724e-03 Validation loss 5.88205e-03 Time taken: 0.08 seconds 
Epoch: 144/200 Train accuracy: 7.41129e-01 Validation accuracy: 7.31000e-01 Training loss 5.49481e-03 Validation loss 5.88758e-03 Time taken: 0.08 seconds 
Epoch: 145/200 Train accuracy: 7.43623e-01 Validation accuracy: 7.29000e-01 Training loss 5.48520e-03 Validation loss 5.88327e-03 Time taken: 0.08 seconds 
Epoch: 146/200 Train accuracy: 7.41912e-01 Validation accuracy: 7.33000e-01 Training loss 5.48099e-03 Validation loss 5.89102e-03 Time taken: 0.08 seconds 
Epoch: 147/200 Train accuracy: 7.42910e-01 Validation accuracy: 7.31000e-01 Training loss 5.47190e-03 Validation loss 5.87861e-03 Time taken: 0.08 seconds 
Epoch: 148/200 Train accuracy: 7.45618e-01 Validation accuracy: 7.31000e-01 Training loss 5.48869e-03 Validation loss 5.87235e-03 Time taken: 0.08 seconds 
Epoch: 149/200 Train accuracy: 7.44905e-01 Validation accuracy: 7.31667e-01 Training loss 5.47487e-03 Validation loss 5.87268e-03 Time taken: 0.08 seconds 
Epoch: 150/200 Train accuracy: 7.42340e-01 Validation accuracy: 7.33667e-01 Training loss 5.47271e-03 Validation loss 5.87309e-03 Time taken: 0.08 seconds 
Epoch: 151/200 Train accuracy: 7.42768e-01 Validation accuracy: 7.29667e-01 Training loss 5.46540e-03 Validation loss 5.87114e-03 Time taken: 0.08 seconds 
Epoch: 152/200 Train accuracy: 7.42768e-01 Validation accuracy: 7.28667e-01 Training loss 5.47027e-03 Validation loss 5.90220e-03 Time taken: 0.08 seconds 
Epoch: 153/200 Train accuracy: 7.44050e-01 Validation accuracy: 7.26333e-01 Training loss 5.46526e-03 Validation loss 5.89575e-03 Time taken: 0.08 seconds 
Epoch: 154/200 Train accuracy: 7.42839e-01 Validation accuracy: 7.22333e-01 Training loss 5.48114e-03 Validation loss 5.89796e-03 Time taken: 0.08 seconds 
Epoch: 155/200 Train accuracy: 7.42483e-01 Validation accuracy: 7.30000e-01 Training loss 5.46908e-03 Validation loss 5.91379e-03 Time taken: 0.08 seconds 
Epoch: 156/200 Train accuracy: 7.41129e-01 Validation accuracy: 7.33667e-01 Training loss 5.47136e-03 Validation loss 5.87598e-03 Time taken: 0.08 seconds 
Epoch: 157/200 Train accuracy: 7.42625e-01 Validation accuracy: 7.23000e-01 Training loss 5.46004e-03 Validation loss 5.89002e-03 Time taken: 0.08 seconds 
Epoch: 158/200 Train accuracy: 7.43979e-01 Validation accuracy: 7.29000e-01 Training loss 5.46458e-03 Validation loss 5.86829e-03 Time taken: 0.08 seconds 
Epoch: 159/200 Train accuracy: 7.43765e-01 Validation accuracy: 7.30333e-01 Training loss 5.46228e-03 Validation loss 5.89404e-03 Time taken: 0.09 seconds 
Epoch: 160/200 Train accuracy: 7.45048e-01 Validation accuracy: 7.29333e-01 Training loss 5.45865e-03 Validation loss 5.91553e-03 Time taken: 0.08 seconds 
Epoch: 161/200 Train accuracy: 7.44050e-01 Validation accuracy: 7.35667e-01 Training loss 5.46151e-03 Validation loss 5.87108e-03 Time taken: 0.08 seconds 
Epoch: 162/200 Train accuracy: 7.43266e-01 Validation accuracy: 7.28667e-01 Training loss 5.46480e-03 Validation loss 5.88776e-03 Time taken: 0.08 seconds 
Epoch: 163/200 Train accuracy: 7.45262e-01 Validation accuracy: 7.33000e-01 Training loss 5.46459e-03 Validation loss 5.87135e-03 Time taken: 0.10 seconds 
Epoch: 164/200 Train accuracy: 7.45048e-01 Validation accuracy: 7.31000e-01 Training loss 5.45901e-03 Validation loss 5.89893e-03 Time taken: 0.08 seconds 
Epoch: 165/200 Train accuracy: 7.45048e-01 Validation accuracy: 7.29667e-01 Training loss 5.46030e-03 Validation loss 5.89229e-03 Time taken: 0.08 seconds 
Epoch: 166/200 Train accuracy: 7.44121e-01 Validation accuracy: 7.29667e-01 Training loss 5.45601e-03 Validation loss 5.89245e-03 Time taken: 0.08 seconds 
Epoch: 167/200 Train accuracy: 7.46045e-01 Validation accuracy: 7.29000e-01 Training loss 5.45651e-03 Validation loss 5.87803e-03 Time taken: 0.08 seconds 
Epoch: 168/200 Train accuracy: 7.43908e-01 Validation accuracy: 7.26000e-01 Training loss 5.45733e-03 Validation loss 5.86154e-03 Time taken: 0.08 seconds 
Epoch: 169/200 Train accuracy: 7.43551e-01 Validation accuracy: 7.28333e-01 Training loss 5.45391e-03 Validation loss 5.86312e-03 Time taken: 0.08 seconds 
Epoch: 170/200 Train accuracy: 7.42981e-01 Validation accuracy: 7.28333e-01 Training loss 5.45113e-03 Validation loss 5.88843e-03 Time taken: 0.08 seconds 
Epoch: 171/200 Train accuracy: 7.45404e-01 Validation accuracy: 7.28667e-01 Training loss 5.44989e-03 Validation loss 5.88618e-03 Time taken: 0.08 seconds 
Epoch: 172/200 Train accuracy: 7.45190e-01 Validation accuracy: 7.31333e-01 Training loss 5.44125e-03 Validation loss 5.85023e-03 Time taken: 0.09 seconds 
Epoch: 173/200 Train accuracy: 7.43409e-01 Validation accuracy: 7.32333e-01 Training loss 5.45151e-03 Validation loss 5.84254e-03 Time taken: 0.09 seconds 
Epoch: 174/200 Train accuracy: 7.43979e-01 Validation accuracy: 7.31000e-01 Training loss 5.44971e-03 Validation loss 5.86423e-03 Time taken: 0.08 seconds 
Epoch: 175/200 Train accuracy: 7.43480e-01 Validation accuracy: 7.30333e-01 Training loss 5.45817e-03 Validation loss 5.85573e-03 Time taken: 0.08 seconds 
Epoch: 176/200 Train accuracy: 7.44976e-01 Validation accuracy: 7.28333e-01 Training loss 5.45107e-03 Validation loss 5.85733e-03 Time taken: 0.08 seconds 
Epoch: 177/200 Train accuracy: 7.45404e-01 Validation accuracy: 7.21667e-01 Training loss 5.45107e-03 Validation loss 5.91392e-03 Time taken: 0.08 seconds 
Epoch: 178/200 Train accuracy: 7.42483e-01 Validation accuracy: 7.27667e-01 Training loss 5.44168e-03 Validation loss 5.89413e-03 Time taken: 0.08 seconds 
Epoch: 179/200 Train accuracy: 7.42839e-01 Validation accuracy: 7.30000e-01 Training loss 5.44639e-03 Validation loss 5.88592e-03 Time taken: 0.08 seconds 
Epoch: 180/200 Train accuracy: 7.43623e-01 Validation accuracy: 7.32000e-01 Training loss 5.44565e-03 Validation loss 5.84563e-03 Time taken: 0.08 seconds 
Epoch: 181/200 Train accuracy: 7.45832e-01 Validation accuracy: 7.28667e-01 Training loss 5.44275e-03 Validation loss 5.84524e-03 Time taken: 0.08 seconds 
Epoch: 182/200 Train accuracy: 7.46259e-01 Validation accuracy: 7.33667e-01 Training loss 5.44332e-03 Validation loss 5.88810e-03 Time taken: 0.08 seconds 
Epoch: 183/200 Train accuracy: 7.44121e-01 Validation accuracy: 7.22333e-01 Training loss 5.44104e-03 Validation loss 5.92458e-03 Time taken: 0.08 seconds 
Epoch: 184/200 Train accuracy: 7.44691e-01 Validation accuracy: 7.29333e-01 Training loss 5.44811e-03 Validation loss 5.85751e-03 Time taken: 0.08 seconds 
Epoch: 185/200 Train accuracy: 7.44620e-01 Validation accuracy: 7.25333e-01 Training loss 5.43515e-03 Validation loss 5.89160e-03 Time taken: 0.08 seconds 
Epoch: 186/200 Train accuracy: 7.45119e-01 Validation accuracy: 7.30667e-01 Training loss 5.43731e-03 Validation loss 5.86274e-03 Time taken: 0.08 seconds 
Epoch: 187/200 Train accuracy: 7.45333e-01 Validation accuracy: 7.29333e-01 Training loss 5.43245e-03 Validation loss 5.83574e-03 Time taken: 0.08 seconds 
Epoch: 188/200 Train accuracy: 7.44691e-01 Validation accuracy: 7.30000e-01 Training loss 5.43449e-03 Validation loss 5.84156e-03 Time taken: 0.08 seconds 
Epoch: 189/200 Train accuracy: 7.44193e-01 Validation accuracy: 7.25333e-01 Training loss 5.44090e-03 Validation loss 5.85458e-03 Time taken: 0.10 seconds 
Epoch: 190/200 Train accuracy: 7.46473e-01 Validation accuracy: 7.31333e-01 Training loss 5.44164e-03 Validation loss 5.83589e-03 Time taken: 0.08 seconds 
Epoch: 191/200 Train accuracy: 7.46687e-01 Validation accuracy: 7.24333e-01 Training loss 5.42132e-03 Validation loss 5.87977e-03 Time taken: 0.08 seconds 
Epoch: 192/200 Train accuracy: 7.45689e-01 Validation accuracy: 7.27000e-01 Training loss 5.42774e-03 Validation loss 5.88301e-03 Time taken: 0.08 seconds 
Epoch: 193/200 Train accuracy: 7.44193e-01 Validation accuracy: 7.32000e-01 Training loss 5.43209e-03 Validation loss 5.84714e-03 Time taken: 0.08 seconds 
Epoch: 194/200 Train accuracy: 7.45190e-01 Validation accuracy: 7.31667e-01 Training loss 5.43768e-03 Validation loss 5.89379e-03 Time taken: 0.08 seconds 
Epoch: 195/200 Train accuracy: 7.44834e-01 Validation accuracy: 7.31000e-01 Training loss 5.42698e-03 Validation loss 5.83727e-03 Time taken: 0.08 seconds 
Epoch: 196/200 Train accuracy: 7.46687e-01 Validation accuracy: 7.32000e-01 Training loss 5.42844e-03 Validation loss 5.83859e-03 Time taken: 0.08 seconds 
Epoch: 197/200 Train accuracy: 7.45190e-01 Validation accuracy: 7.26667e-01 Training loss 5.43914e-03 Validation loss 5.89252e-03 Time taken: 0.08 seconds 
Epoch: 198/200 Train accuracy: 7.47185e-01 Validation accuracy: 7.31000e-01 Training loss 5.42240e-03 Validation loss 5.85362e-03 Time taken: 0.08 seconds 
Epoch: 199/200 Train accuracy: 7.43694e-01 Validation accuracy: 7.32000e-01 Training loss 5.42601e-03 Validation loss 5.83354e-03 Time taken: 0.08 seconds 
Epoch: 200/200 Train accuracy: 7.45832e-01 Validation accuracy: 7.28000e-01 Training loss 5.41768e-03 Validation loss 5.83738e-03 Time taken: 0.08 seconds 
Total time taken 0:00:16.071733
Cleaning up intermediate feature (.pt) files
Done


working on file logs_PKT_chunks_different_seeds/iic-train-l2-pkt-chunks-seed3-pred12/jepa-iic-ep300.pth.tar ...
Directory logs_PKT_chunks_different_seeds/iic-train-l2-pkt-chunks-seed3-pred12/classifiers for saving the classifiers is now present
VisionTransformer(
  (patch_embed): PatchEmbed(
    (proj): Conv2d(3, 768, kernel_size=(15, 15), stride=(15, 15))
  )
  (blocks): ModuleList(
    (0-11): 12 x Block(
      (norm1): LayerNorm((768,), eps=1e-06, elementwise_affine=True)
      (attn): Attention(
        (qkv): Linear(in_features=768, out_features=2304, bias=True)
        (attn_drop): Dropout(p=0.0, inplace=False)
        (proj): Linear(in_features=768, out_features=768, bias=True)
        (proj_drop): Dropout(p=0.0, inplace=False)
      )
      (drop_path): Identity()
      (norm2): LayerNorm((768,), eps=1e-06, elementwise_affine=True)
      (mlp): MLP(
        (fc1): Linear(in_features=768, out_features=3072, bias=True)
        (act): GELU(approximate='none')
        (fc2): Linear(in_features=3072, out_features=768, bias=True)
        (drop): Dropout(p=0.0, inplace=False)
      )
    )
  )
  (norm): LayerNorm((768,), eps=1e-06, elementwise_affine=True)
)
Extracting features and saving them in memory..
Extracting features...
Time taken to extract features: 25.46350812795572
Epoch: 1/200 Train accuracy: 4.11786e-01 Validation accuracy: 6.01333e-01 Training loss 1.22241e-02 Validation loss 9.20290e-03 Time taken: 0.08 seconds 
Epoch: 2/200 Train accuracy: 6.45860e-01 Validation accuracy: 6.60333e-01 Training loss 8.06243e-03 Validation loss 7.81628e-03 Time taken: 0.08 seconds 
Epoch: 3/200 Train accuracy: 6.75574e-01 Validation accuracy: 6.69000e-01 Training loss 7.19452e-03 Validation loss 7.28502e-03 Time taken: 0.08 seconds 
Epoch: 4/200 Train accuracy: 6.84481e-01 Validation accuracy: 6.68000e-01 Training loss 6.80819e-03 Validation loss 7.02763e-03 Time taken: 0.08 seconds 
Epoch: 5/200 Train accuracy: 6.91107e-01 Validation accuracy: 6.86000e-01 Training loss 6.57445e-03 Validation loss 6.88548e-03 Time taken: 0.08 seconds 
Epoch: 6/200 Train accuracy: 6.98732e-01 Validation accuracy: 6.86667e-01 Training loss 6.40336e-03 Validation loss 6.69692e-03 Time taken: 0.08 seconds 
Epoch: 7/200 Train accuracy: 7.04575e-01 Validation accuracy: 6.93000e-01 Training loss 6.27815e-03 Validation loss 6.58817e-03 Time taken: 0.08 seconds 
Epoch: 8/200 Train accuracy: 7.08494e-01 Validation accuracy: 6.96667e-01 Training loss 6.17968e-03 Validation loss 6.50078e-03 Time taken: 0.08 seconds 
Epoch: 9/200 Train accuracy: 7.09206e-01 Validation accuracy: 6.98000e-01 Training loss 6.08942e-03 Validation loss 6.42443e-03 Time taken: 0.08 seconds 
Epoch: 10/200 Train accuracy: 7.13054e-01 Validation accuracy: 7.09667e-01 Training loss 6.01735e-03 Validation loss 6.36394e-03 Time taken: 0.08 seconds 
Epoch: 11/200 Train accuracy: 7.18469e-01 Validation accuracy: 7.08000e-01 Training loss 5.95105e-03 Validation loss 6.29084e-03 Time taken: 0.08 seconds 
Epoch: 12/200 Train accuracy: 7.18968e-01 Validation accuracy: 7.05000e-01 Training loss 5.89884e-03 Validation loss 6.23546e-03 Time taken: 0.08 seconds 
Epoch: 13/200 Train accuracy: 7.23956e-01 Validation accuracy: 7.12333e-01 Training loss 5.85349e-03 Validation loss 6.20390e-03 Time taken: 0.09 seconds 
Epoch: 14/200 Train accuracy: 7.22531e-01 Validation accuracy: 7.17333e-01 Training loss 5.80625e-03 Validation loss 6.17391e-03 Time taken: 0.08 seconds 
Epoch: 15/200 Train accuracy: 7.26878e-01 Validation accuracy: 7.17667e-01 Training loss 5.76492e-03 Validation loss 6.15275e-03 Time taken: 0.08 seconds 
Epoch: 16/200 Train accuracy: 7.30013e-01 Validation accuracy: 7.18333e-01 Training loss 5.73254e-03 Validation loss 6.09867e-03 Time taken: 0.08 seconds 
Epoch: 17/200 Train accuracy: 7.30583e-01 Validation accuracy: 7.24333e-01 Training loss 5.69316e-03 Validation loss 6.07697e-03 Time taken: 0.08 seconds 
Epoch: 18/200 Train accuracy: 7.31438e-01 Validation accuracy: 7.22000e-01 Training loss 5.68221e-03 Validation loss 6.03038e-03 Time taken: 0.08 seconds 
Epoch: 19/200 Train accuracy: 7.30583e-01 Validation accuracy: 7.25333e-01 Training loss 5.64587e-03 Validation loss 6.02576e-03 Time taken: 0.08 seconds 
Epoch: 20/200 Train accuracy: 7.32222e-01 Validation accuracy: 7.25000e-01 Training loss 5.62690e-03 Validation loss 5.97370e-03 Time taken: 0.08 seconds 
Epoch: 21/200 Train accuracy: 7.35357e-01 Validation accuracy: 7.26333e-01 Training loss 5.60553e-03 Validation loss 5.98821e-03 Time taken: 0.08 seconds 
Epoch: 22/200 Train accuracy: 7.35785e-01 Validation accuracy: 7.25333e-01 Training loss 5.58187e-03 Validation loss 5.92829e-03 Time taken: 0.08 seconds 
Epoch: 23/200 Train accuracy: 7.35571e-01 Validation accuracy: 7.32667e-01 Training loss 5.56619e-03 Validation loss 5.95220e-03 Time taken: 0.08 seconds 
Epoch: 24/200 Train accuracy: 7.36996e-01 Validation accuracy: 7.28667e-01 Training loss 5.54824e-03 Validation loss 5.91208e-03 Time taken: 0.08 seconds 
Epoch: 25/200 Train accuracy: 7.35571e-01 Validation accuracy: 7.28333e-01 Training loss 5.52807e-03 Validation loss 5.91760e-03 Time taken: 0.08 seconds 
Epoch: 26/200 Train accuracy: 7.36426e-01 Validation accuracy: 7.29000e-01 Training loss 5.51232e-03 Validation loss 5.88374e-03 Time taken: 0.08 seconds 
Epoch: 27/200 Train accuracy: 7.37495e-01 Validation accuracy: 7.32000e-01 Training loss 5.49783e-03 Validation loss 5.86042e-03 Time taken: 0.08 seconds 
Epoch: 28/200 Train accuracy: 7.35713e-01 Validation accuracy: 7.31667e-01 Training loss 5.49857e-03 Validation loss 5.87031e-03 Time taken: 0.09 seconds 
Epoch: 29/200 Train accuracy: 7.37922e-01 Validation accuracy: 7.29333e-01 Training loss 5.47053e-03 Validation loss 5.82746e-03 Time taken: 0.08 seconds 
Epoch: 30/200 Train accuracy: 7.40345e-01 Validation accuracy: 7.33667e-01 Training loss 5.45316e-03 Validation loss 5.80913e-03 Time taken: 0.08 seconds 
Epoch: 31/200 Train accuracy: 7.39917e-01 Validation accuracy: 7.32333e-01 Training loss 5.44643e-03 Validation loss 5.80107e-03 Time taken: 0.08 seconds 
Epoch: 32/200 Train accuracy: 7.40701e-01 Validation accuracy: 7.34667e-01 Training loss 5.44221e-03 Validation loss 5.86287e-03 Time taken: 0.08 seconds 
Epoch: 33/200 Train accuracy: 7.42055e-01 Validation accuracy: 7.33333e-01 Training loss 5.43382e-03 Validation loss 5.82273e-03 Time taken: 0.08 seconds 
Epoch: 34/200 Train accuracy: 7.42696e-01 Validation accuracy: 7.33333e-01 Training loss 5.41997e-03 Validation loss 5.78548e-03 Time taken: 0.08 seconds 
Epoch: 35/200 Train accuracy: 7.42269e-01 Validation accuracy: 7.35667e-01 Training loss 5.40482e-03 Validation loss 5.84897e-03 Time taken: 0.08 seconds 
Epoch: 36/200 Train accuracy: 7.44406e-01 Validation accuracy: 7.29667e-01 Training loss 5.39209e-03 Validation loss 5.76313e-03 Time taken: 0.08 seconds 
Epoch: 37/200 Train accuracy: 7.40416e-01 Validation accuracy: 7.32667e-01 Training loss 5.39431e-03 Validation loss 5.75863e-03 Time taken: 0.08 seconds 
Epoch: 38/200 Train accuracy: 7.43266e-01 Validation accuracy: 7.36667e-01 Training loss 5.38587e-03 Validation loss 5.76390e-03 Time taken: 0.08 seconds 
Epoch: 39/200 Train accuracy: 7.44620e-01 Validation accuracy: 7.36667e-01 Training loss 5.37417e-03 Validation loss 5.73208e-03 Time taken: 0.10 seconds 
Epoch: 40/200 Train accuracy: 7.44478e-01 Validation accuracy: 7.34667e-01 Training loss 5.35473e-03 Validation loss 5.73596e-03 Time taken: 0.08 seconds 
Epoch: 41/200 Train accuracy: 7.43480e-01 Validation accuracy: 7.36333e-01 Training loss 5.35116e-03 Validation loss 5.75685e-03 Time taken: 0.08 seconds 
Epoch: 42/200 Train accuracy: 7.44335e-01 Validation accuracy: 7.35333e-01 Training loss 5.35983e-03 Validation loss 5.70942e-03 Time taken: 0.08 seconds 
Epoch: 43/200 Train accuracy: 7.46900e-01 Validation accuracy: 7.32667e-01 Training loss 5.33364e-03 Validation loss 5.73069e-03 Time taken: 0.08 seconds 
Epoch: 44/200 Train accuracy: 7.47399e-01 Validation accuracy: 7.38000e-01 Training loss 5.33488e-03 Validation loss 5.69557e-03 Time taken: 0.08 seconds 
Epoch: 45/200 Train accuracy: 7.47257e-01 Validation accuracy: 7.39333e-01 Training loss 5.32512e-03 Validation loss 5.69199e-03 Time taken: 0.08 seconds 
Epoch: 46/200 Train accuracy: 7.45832e-01 Validation accuracy: 7.35333e-01 Training loss 5.31715e-03 Validation loss 5.69610e-03 Time taken: 0.08 seconds 
Epoch: 47/200 Train accuracy: 7.48254e-01 Validation accuracy: 7.35000e-01 Training loss 5.31849e-03 Validation loss 5.73818e-03 Time taken: 0.08 seconds 
Epoch: 48/200 Train accuracy: 7.48040e-01 Validation accuracy: 7.37000e-01 Training loss 5.30839e-03 Validation loss 5.69441e-03 Time taken: 0.08 seconds 
Epoch: 49/200 Train accuracy: 7.49537e-01 Validation accuracy: 7.38000e-01 Training loss 5.31062e-03 Validation loss 5.67229e-03 Time taken: 0.08 seconds 
Epoch: 50/200 Train accuracy: 7.49109e-01 Validation accuracy: 7.39667e-01 Training loss 5.29724e-03 Validation loss 5.67202e-03 Time taken: 0.08 seconds 
Epoch: 51/200 Train accuracy: 7.48468e-01 Validation accuracy: 7.37000e-01 Training loss 5.29687e-03 Validation loss 5.65587e-03 Time taken: 0.08 seconds 
Epoch: 52/200 Train accuracy: 7.47755e-01 Validation accuracy: 7.35667e-01 Training loss 5.28081e-03 Validation loss 5.67804e-03 Time taken: 0.08 seconds 
Epoch: 53/200 Train accuracy: 7.49822e-01 Validation accuracy: 7.39667e-01 Training loss 5.27752e-03 Validation loss 5.65322e-03 Time taken: 0.08 seconds 
Epoch: 54/200 Train accuracy: 7.48397e-01 Validation accuracy: 7.38000e-01 Training loss 5.27917e-03 Validation loss 5.71628e-03 Time taken: 0.08 seconds 
Epoch: 55/200 Train accuracy: 7.52458e-01 Validation accuracy: 7.37000e-01 Training loss 5.26745e-03 Validation loss 5.64195e-03 Time taken: 0.08 seconds 
Epoch: 56/200 Train accuracy: 7.49679e-01 Validation accuracy: 7.39667e-01 Training loss 5.26193e-03 Validation loss 5.68815e-03 Time taken: 0.08 seconds 
Epoch: 57/200 Train accuracy: 7.51389e-01 Validation accuracy: 7.41667e-01 Training loss 5.25464e-03 Validation loss 5.63080e-03 Time taken: 0.08 seconds 
Epoch: 58/200 Train accuracy: 7.50463e-01 Validation accuracy: 7.43000e-01 Training loss 5.25865e-03 Validation loss 5.67284e-03 Time taken: 0.08 seconds 
Epoch: 59/200 Train accuracy: 7.50392e-01 Validation accuracy: 7.36667e-01 Training loss 5.24217e-03 Validation loss 5.63548e-03 Time taken: 0.08 seconds 
Epoch: 60/200 Train accuracy: 7.50249e-01 Validation accuracy: 7.38000e-01 Training loss 5.23873e-03 Validation loss 5.62501e-03 Time taken: 0.08 seconds 
Epoch: 61/200 Train accuracy: 7.53100e-01 Validation accuracy: 7.39000e-01 Training loss 5.23979e-03 Validation loss 5.63135e-03 Time taken: 0.08 seconds 
Epoch: 62/200 Train accuracy: 7.51104e-01 Validation accuracy: 7.39000e-01 Training loss 5.23299e-03 Validation loss 5.60555e-03 Time taken: 0.08 seconds 
Epoch: 63/200 Train accuracy: 7.53670e-01 Validation accuracy: 7.40000e-01 Training loss 5.23190e-03 Validation loss 5.59959e-03 Time taken: 0.08 seconds 
Epoch: 64/200 Train accuracy: 7.52530e-01 Validation accuracy: 7.43000e-01 Training loss 5.21911e-03 Validation loss 5.64934e-03 Time taken: 0.08 seconds 
Epoch: 65/200 Train accuracy: 7.54453e-01 Validation accuracy: 7.37333e-01 Training loss 5.22259e-03 Validation loss 5.61834e-03 Time taken: 0.08 seconds 
Epoch: 66/200 Train accuracy: 7.52173e-01 Validation accuracy: 7.37333e-01 Training loss 5.21490e-03 Validation loss 5.60247e-03 Time taken: 0.08 seconds 
Epoch: 67/200 Train accuracy: 7.53670e-01 Validation accuracy: 7.43667e-01 Training loss 5.23084e-03 Validation loss 5.59866e-03 Time taken: 0.08 seconds 
Epoch: 68/200 Train accuracy: 7.54596e-01 Validation accuracy: 7.41000e-01 Training loss 5.20960e-03 Validation loss 5.59205e-03 Time taken: 0.08 seconds 
Epoch: 69/200 Train accuracy: 7.52245e-01 Validation accuracy: 7.39667e-01 Training loss 5.21226e-03 Validation loss 5.59700e-03 Time taken: 0.14 seconds 
Epoch: 70/200 Train accuracy: 7.55807e-01 Validation accuracy: 7.41000e-01 Training loss 5.19872e-03 Validation loss 5.57902e-03 Time taken: 0.15 seconds 
Epoch: 71/200 Train accuracy: 7.54596e-01 Validation accuracy: 7.37667e-01 Training loss 5.19855e-03 Validation loss 5.59859e-03 Time taken: 0.12 seconds 
Epoch: 72/200 Train accuracy: 7.55166e-01 Validation accuracy: 7.37333e-01 Training loss 5.19689e-03 Validation loss 5.64035e-03 Time taken: 0.08 seconds 
Epoch: 73/200 Train accuracy: 7.53598e-01 Validation accuracy: 7.41667e-01 Training loss 5.19788e-03 Validation loss 5.59691e-03 Time taken: 0.08 seconds 
Epoch: 74/200 Train accuracy: 7.56306e-01 Validation accuracy: 7.41000e-01 Training loss 5.18465e-03 Validation loss 5.59223e-03 Time taken: 0.08 seconds 
Epoch: 75/200 Train accuracy: 7.55166e-01 Validation accuracy: 7.41333e-01 Training loss 5.18819e-03 Validation loss 5.59997e-03 Time taken: 0.08 seconds 
Epoch: 76/200 Train accuracy: 7.55166e-01 Validation accuracy: 7.39667e-01 Training loss 5.18614e-03 Validation loss 5.55852e-03 Time taken: 0.08 seconds 
Epoch: 77/200 Train accuracy: 7.56306e-01 Validation accuracy: 7.47000e-01 Training loss 5.17727e-03 Validation loss 5.57513e-03 Time taken: 0.08 seconds 
Epoch: 78/200 Train accuracy: 7.54667e-01 Validation accuracy: 7.44000e-01 Training loss 5.17641e-03 Validation loss 5.56507e-03 Time taken: 0.08 seconds 
Epoch: 79/200 Train accuracy: 7.53812e-01 Validation accuracy: 7.41667e-01 Training loss 5.17322e-03 Validation loss 5.57203e-03 Time taken: 0.08 seconds 
Epoch: 80/200 Train accuracy: 7.56021e-01 Validation accuracy: 7.36333e-01 Training loss 5.16593e-03 Validation loss 5.56133e-03 Time taken: 0.08 seconds 
Epoch: 81/200 Train accuracy: 7.57945e-01 Validation accuracy: 7.45000e-01 Training loss 5.15354e-03 Validation loss 5.56554e-03 Time taken: 0.08 seconds 
Epoch: 82/200 Train accuracy: 7.55807e-01 Validation accuracy: 7.45333e-01 Training loss 5.16334e-03 Validation loss 5.55488e-03 Time taken: 0.10 seconds 
Epoch: 83/200 Train accuracy: 7.57517e-01 Validation accuracy: 7.45333e-01 Training loss 5.16099e-03 Validation loss 5.54503e-03 Time taken: 0.13 seconds 
Epoch: 84/200 Train accuracy: 7.56306e-01 Validation accuracy: 7.46333e-01 Training loss 5.15370e-03 Validation loss 5.56011e-03 Time taken: 0.09 seconds 
Epoch: 85/200 Train accuracy: 7.57232e-01 Validation accuracy: 7.44000e-01 Training loss 5.15211e-03 Validation loss 5.54886e-03 Time taken: 0.08 seconds 
Epoch: 86/200 Train accuracy: 7.57517e-01 Validation accuracy: 7.47333e-01 Training loss 5.15145e-03 Validation loss 5.56593e-03 Time taken: 0.08 seconds 
Epoch: 87/200 Train accuracy: 7.58658e-01 Validation accuracy: 7.46000e-01 Training loss 5.15011e-03 Validation loss 5.54951e-03 Time taken: 0.08 seconds 
Epoch: 88/200 Train accuracy: 7.57660e-01 Validation accuracy: 7.38667e-01 Training loss 5.14019e-03 Validation loss 5.54774e-03 Time taken: 0.10 seconds 
Epoch: 89/200 Train accuracy: 7.57090e-01 Validation accuracy: 7.43333e-01 Training loss 5.14267e-03 Validation loss 5.53055e-03 Time taken: 0.08 seconds 
Epoch: 90/200 Train accuracy: 7.57446e-01 Validation accuracy: 7.44667e-01 Training loss 5.15184e-03 Validation loss 5.52348e-03 Time taken: 0.08 seconds 
Epoch: 91/200 Train accuracy: 7.57802e-01 Validation accuracy: 7.40667e-01 Training loss 5.13522e-03 Validation loss 5.53230e-03 Time taken: 0.08 seconds 
Epoch: 92/200 Train accuracy: 7.58800e-01 Validation accuracy: 7.46667e-01 Training loss 5.13460e-03 Validation loss 5.54088e-03 Time taken: 0.09 seconds 
Epoch: 93/200 Train accuracy: 7.59726e-01 Validation accuracy: 7.40000e-01 Training loss 5.13722e-03 Validation loss 5.53330e-03 Time taken: 0.08 seconds 
Epoch: 94/200 Train accuracy: 7.58658e-01 Validation accuracy: 7.42000e-01 Training loss 5.13067e-03 Validation loss 5.51806e-03 Time taken: 0.08 seconds 
Epoch: 95/200 Train accuracy: 7.58230e-01 Validation accuracy: 7.48667e-01 Training loss 5.12661e-03 Validation loss 5.51202e-03 Time taken: 0.08 seconds 
Epoch: 96/200 Train accuracy: 7.58871e-01 Validation accuracy: 7.44333e-01 Training loss 5.12385e-03 Validation loss 5.51178e-03 Time taken: 0.08 seconds 
Epoch: 97/200 Train accuracy: 7.60083e-01 Validation accuracy: 7.42000e-01 Training loss 5.12099e-03 Validation loss 5.51565e-03 Time taken: 0.08 seconds 
Epoch: 98/200 Train accuracy: 7.60724e-01 Validation accuracy: 7.45667e-01 Training loss 5.11751e-03 Validation loss 5.53464e-03 Time taken: 0.08 seconds 
Epoch: 99/200 Train accuracy: 7.58016e-01 Validation accuracy: 7.46667e-01 Training loss 5.11536e-03 Validation loss 5.50818e-03 Time taken: 0.08 seconds 
Epoch: 100/200 Train accuracy: 7.59228e-01 Validation accuracy: 7.40667e-01 Training loss 5.10578e-03 Validation loss 5.49304e-03 Time taken: 0.08 seconds 
Epoch: 101/200 Train accuracy: 7.59798e-01 Validation accuracy: 7.41000e-01 Training loss 5.10356e-03 Validation loss 5.51096e-03 Time taken: 0.08 seconds 
Epoch: 102/200 Train accuracy: 7.57731e-01 Validation accuracy: 7.45000e-01 Training loss 5.11794e-03 Validation loss 5.51930e-03 Time taken: 0.08 seconds 
Epoch: 103/200 Train accuracy: 7.60154e-01 Validation accuracy: 7.47667e-01 Training loss 5.10324e-03 Validation loss 5.50713e-03 Time taken: 0.09 seconds 
Epoch: 104/200 Train accuracy: 7.60296e-01 Validation accuracy: 7.46667e-01 Training loss 5.10464e-03 Validation loss 5.48709e-03 Time taken: 0.08 seconds 
Epoch: 105/200 Train accuracy: 7.60011e-01 Validation accuracy: 7.48667e-01 Training loss 5.10321e-03 Validation loss 5.52563e-03 Time taken: 0.08 seconds 
Epoch: 106/200 Train accuracy: 7.59584e-01 Validation accuracy: 7.45000e-01 Training loss 5.10326e-03 Validation loss 5.50664e-03 Time taken: 0.08 seconds 
Epoch: 107/200 Train accuracy: 7.58373e-01 Validation accuracy: 7.48000e-01 Training loss 5.10592e-03 Validation loss 5.52036e-03 Time taken: 0.08 seconds 
Epoch: 108/200 Train accuracy: 7.61080e-01 Validation accuracy: 7.43000e-01 Training loss 5.09586e-03 Validation loss 5.48457e-03 Time taken: 0.08 seconds 
Epoch: 109/200 Train accuracy: 7.60225e-01 Validation accuracy: 7.48000e-01 Training loss 5.09020e-03 Validation loss 5.49813e-03 Time taken: 0.09 seconds 
Epoch: 110/200 Train accuracy: 7.62149e-01 Validation accuracy: 7.42333e-01 Training loss 5.09393e-03 Validation loss 5.50207e-03 Time taken: 0.09 seconds 
Epoch: 111/200 Train accuracy: 7.60653e-01 Validation accuracy: 7.48000e-01 Training loss 5.08852e-03 Validation loss 5.49284e-03 Time taken: 0.08 seconds 
Epoch: 112/200 Train accuracy: 7.59655e-01 Validation accuracy: 7.44333e-01 Training loss 5.08945e-03 Validation loss 5.51356e-03 Time taken: 0.09 seconds 
Epoch: 113/200 Train accuracy: 7.60795e-01 Validation accuracy: 7.50667e-01 Training loss 5.08648e-03 Validation loss 5.49177e-03 Time taken: 0.11 seconds 
Epoch: 114/200 Train accuracy: 7.60581e-01 Validation accuracy: 7.44000e-01 Training loss 5.08423e-03 Validation loss 5.49279e-03 Time taken: 0.09 seconds 
Epoch: 115/200 Train accuracy: 7.59299e-01 Validation accuracy: 7.50333e-01 Training loss 5.08325e-03 Validation loss 5.48733e-03 Time taken: 0.09 seconds 
Epoch: 116/200 Train accuracy: 7.62220e-01 Validation accuracy: 7.43667e-01 Training loss 5.07597e-03 Validation loss 5.48784e-03 Time taken: 0.11 seconds 
Epoch: 117/200 Train accuracy: 7.62648e-01 Validation accuracy: 7.47667e-01 Training loss 5.06963e-03 Validation loss 5.46698e-03 Time taken: 0.10 seconds 
Epoch: 118/200 Train accuracy: 7.59370e-01 Validation accuracy: 7.49667e-01 Training loss 5.08082e-03 Validation loss 5.51396e-03 Time taken: 0.11 seconds 
Epoch: 119/200 Train accuracy: 7.62648e-01 Validation accuracy: 7.47667e-01 Training loss 5.07713e-03 Validation loss 5.47321e-03 Time taken: 0.11 seconds 
Epoch: 120/200 Train accuracy: 7.60581e-01 Validation accuracy: 7.47667e-01 Training loss 5.08336e-03 Validation loss 5.50358e-03 Time taken: 0.11 seconds 
Epoch: 121/200 Train accuracy: 7.62719e-01 Validation accuracy: 7.49000e-01 Training loss 5.06854e-03 Validation loss 5.47027e-03 Time taken: 0.11 seconds 
Epoch: 122/200 Train accuracy: 7.61935e-01 Validation accuracy: 7.44000e-01 Training loss 5.06758e-03 Validation loss 5.48267e-03 Time taken: 0.11 seconds 
Epoch: 123/200 Train accuracy: 7.60154e-01 Validation accuracy: 7.43333e-01 Training loss 5.06243e-03 Validation loss 5.46555e-03 Time taken: 0.11 seconds 
Epoch: 124/200 Train accuracy: 7.61579e-01 Validation accuracy: 7.52000e-01 Training loss 5.06524e-03 Validation loss 5.46669e-03 Time taken: 0.11 seconds 
Epoch: 125/200 Train accuracy: 7.62078e-01 Validation accuracy: 7.49333e-01 Training loss 5.05930e-03 Validation loss 5.47038e-03 Time taken: 0.11 seconds 
Epoch: 126/200 Train accuracy: 7.63075e-01 Validation accuracy: 7.44333e-01 Training loss 5.05827e-03 Validation loss 5.45043e-03 Time taken: 0.11 seconds 
Epoch: 127/200 Train accuracy: 7.63432e-01 Validation accuracy: 7.46000e-01 Training loss 5.06203e-03 Validation loss 5.45294e-03 Time taken: 0.11 seconds 
Epoch: 128/200 Train accuracy: 7.61223e-01 Validation accuracy: 7.50333e-01 Training loss 5.07085e-03 Validation loss 5.46443e-03 Time taken: 0.11 seconds 
Epoch: 129/200 Train accuracy: 7.63289e-01 Validation accuracy: 7.43667e-01 Training loss 5.05694e-03 Validation loss 5.46732e-03 Time taken: 0.08 seconds 
Epoch: 130/200 Train accuracy: 7.61793e-01 Validation accuracy: 7.48000e-01 Training loss 5.05012e-03 Validation loss 5.43566e-03 Time taken: 0.08 seconds 
Epoch: 131/200 Train accuracy: 7.61793e-01 Validation accuracy: 7.47333e-01 Training loss 5.04504e-03 Validation loss 5.46523e-03 Time taken: 0.08 seconds 
Epoch: 132/200 Train accuracy: 7.62007e-01 Validation accuracy: 7.46667e-01 Training loss 5.05078e-03 Validation loss 5.47125e-03 Time taken: 0.08 seconds 
Epoch: 133/200 Train accuracy: 7.63147e-01 Validation accuracy: 7.49333e-01 Training loss 5.04191e-03 Validation loss 5.44608e-03 Time taken: 0.08 seconds 
Epoch: 134/200 Train accuracy: 7.62149e-01 Validation accuracy: 7.47667e-01 Training loss 5.05322e-03 Validation loss 5.47711e-03 Time taken: 0.08 seconds 
Epoch: 135/200 Train accuracy: 7.62078e-01 Validation accuracy: 7.52000e-01 Training loss 5.05917e-03 Validation loss 5.46547e-03 Time taken: 0.10 seconds 
Epoch: 136/200 Train accuracy: 7.63859e-01 Validation accuracy: 7.49000e-01 Training loss 5.05013e-03 Validation loss 5.43502e-03 Time taken: 0.08 seconds 
Epoch: 137/200 Train accuracy: 7.63788e-01 Validation accuracy: 7.48333e-01 Training loss 5.04615e-03 Validation loss 5.45245e-03 Time taken: 0.08 seconds 
Epoch: 138/200 Train accuracy: 7.63360e-01 Validation accuracy: 7.50333e-01 Training loss 5.03679e-03 Validation loss 5.46010e-03 Time taken: 0.08 seconds 
Epoch: 139/200 Train accuracy: 7.63218e-01 Validation accuracy: 7.49667e-01 Training loss 5.04544e-03 Validation loss 5.43818e-03 Time taken: 0.08 seconds 
Epoch: 140/200 Train accuracy: 7.62862e-01 Validation accuracy: 7.50667e-01 Training loss 5.04017e-03 Validation loss 5.43842e-03 Time taken: 0.08 seconds 
Epoch: 141/200 Train accuracy: 7.63503e-01 Validation accuracy: 7.46000e-01 Training loss 5.03622e-03 Validation loss 5.42672e-03 Time taken: 0.08 seconds 
Epoch: 142/200 Train accuracy: 7.63788e-01 Validation accuracy: 7.48667e-01 Training loss 5.04342e-03 Validation loss 5.43575e-03 Time taken: 0.09 seconds 
Epoch: 143/200 Train accuracy: 7.62363e-01 Validation accuracy: 7.51333e-01 Training loss 5.03939e-03 Validation loss 5.44012e-03 Time taken: 0.08 seconds 
Epoch: 144/200 Train accuracy: 7.62862e-01 Validation accuracy: 7.52667e-01 Training loss 5.03662e-03 Validation loss 5.44380e-03 Time taken: 0.09 seconds 
Epoch: 145/200 Train accuracy: 7.63788e-01 Validation accuracy: 7.51333e-01 Training loss 5.02442e-03 Validation loss 5.44325e-03 Time taken: 0.13 seconds 
Epoch: 146/200 Train accuracy: 7.64287e-01 Validation accuracy: 7.46667e-01 Training loss 5.02288e-03 Validation loss 5.42724e-03 Time taken: 0.16 seconds 
Epoch: 147/200 Train accuracy: 7.64002e-01 Validation accuracy: 7.45667e-01 Training loss 5.02811e-03 Validation loss 5.42933e-03 Time taken: 0.14 seconds 
Epoch: 148/200 Train accuracy: 7.64002e-01 Validation accuracy: 7.53667e-01 Training loss 5.01809e-03 Validation loss 5.42499e-03 Time taken: 0.14 seconds 
Epoch: 149/200 Train accuracy: 7.62007e-01 Validation accuracy: 7.47667e-01 Training loss 5.02031e-03 Validation loss 5.42815e-03 Time taken: 0.13 seconds 
Epoch: 150/200 Train accuracy: 7.63930e-01 Validation accuracy: 7.52333e-01 Training loss 5.02662e-03 Validation loss 5.42386e-03 Time taken: 0.14 seconds 
Epoch: 151/200 Train accuracy: 7.65997e-01 Validation accuracy: 7.50000e-01 Training loss 5.02580e-03 Validation loss 5.44374e-03 Time taken: 0.14 seconds 
Epoch: 152/200 Train accuracy: 7.64928e-01 Validation accuracy: 7.46667e-01 Training loss 5.02254e-03 Validation loss 5.43079e-03 Time taken: 0.15 seconds 
Epoch: 153/200 Train accuracy: 7.65071e-01 Validation accuracy: 7.49667e-01 Training loss 5.01408e-03 Validation loss 5.42081e-03 Time taken: 0.10 seconds 
Epoch: 154/200 Train accuracy: 7.64287e-01 Validation accuracy: 7.53333e-01 Training loss 5.02266e-03 Validation loss 5.44773e-03 Time taken: 0.12 seconds 
Epoch: 155/200 Train accuracy: 7.65213e-01 Validation accuracy: 7.48667e-01 Training loss 5.01084e-03 Validation loss 5.41168e-03 Time taken: 0.13 seconds 
Epoch: 156/200 Train accuracy: 7.63717e-01 Validation accuracy: 7.51333e-01 Training loss 5.01882e-03 Validation loss 5.41515e-03 Time taken: 0.09 seconds 
Epoch: 157/200 Train accuracy: 7.65569e-01 Validation accuracy: 7.46000e-01 Training loss 5.01840e-03 Validation loss 5.40749e-03 Time taken: 0.09 seconds 
Epoch: 158/200 Train accuracy: 7.64857e-01 Validation accuracy: 7.46667e-01 Training loss 5.01146e-03 Validation loss 5.43370e-03 Time taken: 0.10 seconds 
Epoch: 159/200 Train accuracy: 7.64786e-01 Validation accuracy: 7.50667e-01 Training loss 5.01084e-03 Validation loss 5.43030e-03 Time taken: 0.09 seconds 
Epoch: 160/200 Train accuracy: 7.65997e-01 Validation accuracy: 7.49667e-01 Training loss 5.00243e-03 Validation loss 5.42655e-03 Time taken: 0.11 seconds 
Epoch: 161/200 Train accuracy: 7.64500e-01 Validation accuracy: 7.48000e-01 Training loss 5.00371e-03 Validation loss 5.40443e-03 Time taken: 0.14 seconds 
Epoch: 162/200 Train accuracy: 7.65997e-01 Validation accuracy: 7.46000e-01 Training loss 5.00548e-03 Validation loss 5.39244e-03 Time taken: 0.14 seconds 
Epoch: 163/200 Train accuracy: 7.67137e-01 Validation accuracy: 7.48333e-01 Training loss 5.00299e-03 Validation loss 5.39300e-03 Time taken: 0.14 seconds 
Epoch: 164/200 Train accuracy: 7.65142e-01 Validation accuracy: 7.49667e-01 Training loss 5.01118e-03 Validation loss 5.40373e-03 Time taken: 0.15 seconds 
Epoch: 165/200 Train accuracy: 7.65213e-01 Validation accuracy: 7.50000e-01 Training loss 5.00214e-03 Validation loss 5.44072e-03 Time taken: 0.12 seconds 
Epoch: 166/200 Train accuracy: 7.64287e-01 Validation accuracy: 7.54000e-01 Training loss 5.00889e-03 Validation loss 5.39723e-03 Time taken: 0.08 seconds 
Epoch: 167/200 Train accuracy: 7.66709e-01 Validation accuracy: 7.44000e-01 Training loss 4.99904e-03 Validation loss 5.43296e-03 Time taken: 0.08 seconds 
Epoch: 168/200 Train accuracy: 7.65071e-01 Validation accuracy: 7.45333e-01 Training loss 5.01117e-03 Validation loss 5.39938e-03 Time taken: 0.08 seconds 
Epoch: 169/200 Train accuracy: 7.64287e-01 Validation accuracy: 7.45000e-01 Training loss 4.99542e-03 Validation loss 5.39550e-03 Time taken: 0.08 seconds 
Epoch: 170/200 Train accuracy: 7.66282e-01 Validation accuracy: 7.51333e-01 Training loss 5.00183e-03 Validation loss 5.40523e-03 Time taken: 0.09 seconds 
Epoch: 171/200 Train accuracy: 7.65284e-01 Validation accuracy: 7.50667e-01 Training loss 5.00080e-03 Validation loss 5.43112e-03 Time taken: 0.08 seconds 
Epoch: 172/200 Train accuracy: 7.65498e-01 Validation accuracy: 7.50000e-01 Training loss 4.99717e-03 Validation loss 5.38891e-03 Time taken: 0.08 seconds 
Epoch: 173/200 Train accuracy: 7.67208e-01 Validation accuracy: 7.46000e-01 Training loss 4.98393e-03 Validation loss 5.40568e-03 Time taken: 0.10 seconds 
Epoch: 174/200 Train accuracy: 7.65427e-01 Validation accuracy: 7.50333e-01 Training loss 4.98689e-03 Validation loss 5.41249e-03 Time taken: 0.11 seconds 
Epoch: 175/200 Train accuracy: 7.64429e-01 Validation accuracy: 7.50333e-01 Training loss 4.99023e-03 Validation loss 5.38388e-03 Time taken: 0.11 seconds 
Epoch: 176/200 Train accuracy: 7.66282e-01 Validation accuracy: 7.48000e-01 Training loss 4.98420e-03 Validation loss 5.39829e-03 Time taken: 0.15 seconds 
Epoch: 177/200 Train accuracy: 7.66211e-01 Validation accuracy: 7.53667e-01 Training loss 4.99212e-03 Validation loss 5.38241e-03 Time taken: 0.15 seconds 
Epoch: 178/200 Train accuracy: 7.65213e-01 Validation accuracy: 7.55000e-01 Training loss 4.98988e-03 Validation loss 5.39813e-03 Time taken: 0.13 seconds 
Epoch: 179/200 Train accuracy: 7.64714e-01 Validation accuracy: 7.55333e-01 Training loss 4.98885e-03 Validation loss 5.42429e-03 Time taken: 0.09 seconds 
Epoch: 180/200 Train accuracy: 7.67564e-01 Validation accuracy: 7.52333e-01 Training loss 4.97354e-03 Validation loss 5.38620e-03 Time taken: 0.09 seconds 
Epoch: 181/200 Train accuracy: 7.67850e-01 Validation accuracy: 7.50000e-01 Training loss 4.97382e-03 Validation loss 5.38188e-03 Time taken: 0.09 seconds 
Epoch: 182/200 Train accuracy: 7.64786e-01 Validation accuracy: 7.53333e-01 Training loss 4.98938e-03 Validation loss 5.38015e-03 Time taken: 0.08 seconds 
Epoch: 183/200 Train accuracy: 7.66139e-01 Validation accuracy: 7.51000e-01 Training loss 4.97978e-03 Validation loss 5.40670e-03 Time taken: 0.08 seconds 
Epoch: 184/200 Train accuracy: 7.69061e-01 Validation accuracy: 7.50667e-01 Training loss 4.97572e-03 Validation loss 5.37150e-03 Time taken: 0.09 seconds 
Epoch: 185/200 Train accuracy: 7.65569e-01 Validation accuracy: 7.49667e-01 Training loss 4.97417e-03 Validation loss 5.37872e-03 Time taken: 0.09 seconds 
Epoch: 186/200 Train accuracy: 7.66282e-01 Validation accuracy: 7.47667e-01 Training loss 4.97331e-03 Validation loss 5.37550e-03 Time taken: 0.08 seconds 
Epoch: 187/200 Train accuracy: 7.66496e-01 Validation accuracy: 7.53667e-01 Training loss 4.98051e-03 Validation loss 5.43673e-03 Time taken: 0.11 seconds 
Epoch: 188/200 Train accuracy: 7.66424e-01 Validation accuracy: 7.45000e-01 Training loss 4.97834e-03 Validation loss 5.39961e-03 Time taken: 0.13 seconds 
Epoch: 189/200 Train accuracy: 7.68705e-01 Validation accuracy: 7.51333e-01 Training loss 4.97761e-03 Validation loss 5.37196e-03 Time taken: 0.12 seconds 
Epoch: 190/200 Train accuracy: 7.67636e-01 Validation accuracy: 7.44667e-01 Training loss 4.97036e-03 Validation loss 5.37896e-03 Time taken: 0.13 seconds 
Epoch: 191/200 Train accuracy: 7.66567e-01 Validation accuracy: 7.55667e-01 Training loss 4.97941e-03 Validation loss 5.39860e-03 Time taken: 0.12 seconds 
Epoch: 192/200 Train accuracy: 7.67921e-01 Validation accuracy: 7.49667e-01 Training loss 4.97043e-03 Validation loss 5.42196e-03 Time taken: 0.16 seconds 
Epoch: 193/200 Train accuracy: 7.66139e-01 Validation accuracy: 7.56333e-01 Training loss 4.97159e-03 Validation loss 5.38179e-03 Time taken: 0.16 seconds 
Epoch: 194/200 Train accuracy: 7.66852e-01 Validation accuracy: 7.49333e-01 Training loss 4.96246e-03 Validation loss 5.40535e-03 Time taken: 0.12 seconds 
Epoch: 195/200 Train accuracy: 7.66994e-01 Validation accuracy: 7.53333e-01 Training loss 4.96404e-03 Validation loss 5.39021e-03 Time taken: 0.15 seconds 
Epoch: 196/200 Train accuracy: 7.67208e-01 Validation accuracy: 7.55000e-01 Training loss 4.97099e-03 Validation loss 5.40230e-03 Time taken: 0.11 seconds 
Epoch: 197/200 Train accuracy: 7.65284e-01 Validation accuracy: 7.55667e-01 Training loss 4.97463e-03 Validation loss 5.40931e-03 Time taken: 0.13 seconds 
Epoch: 198/200 Train accuracy: 7.67422e-01 Validation accuracy: 7.49000e-01 Training loss 4.96806e-03 Validation loss 5.36402e-03 Time taken: 0.13 seconds 
Epoch: 199/200 Train accuracy: 7.66994e-01 Validation accuracy: 7.54000e-01 Training loss 4.96727e-03 Validation loss 5.36217e-03 Time taken: 0.11 seconds 
Epoch: 200/200 Train accuracy: 7.68063e-01 Validation accuracy: 7.52333e-01 Training loss 4.96206e-03 Validation loss 5.39085e-03 Time taken: 0.11 seconds 
Total time taken 0:00:18.732709
Cleaning up intermediate feature (.pt) files
Done


working on file logs_PKT_chunks_different_seeds/iic-train-l2-pkt-chunks-seed3-pred12/jepa-iic-ep400.pth.tar ...
Directory logs_PKT_chunks_different_seeds/iic-train-l2-pkt-chunks-seed3-pred12/classifiers for saving the classifiers is now present
VisionTransformer(
  (patch_embed): PatchEmbed(
    (proj): Conv2d(3, 768, kernel_size=(15, 15), stride=(15, 15))
  )
  (blocks): ModuleList(
    (0-11): 12 x Block(
      (norm1): LayerNorm((768,), eps=1e-06, elementwise_affine=True)
      (attn): Attention(
        (qkv): Linear(in_features=768, out_features=2304, bias=True)
        (attn_drop): Dropout(p=0.0, inplace=False)
        (proj): Linear(in_features=768, out_features=768, bias=True)
        (proj_drop): Dropout(p=0.0, inplace=False)
      )
      (drop_path): Identity()
      (norm2): LayerNorm((768,), eps=1e-06, elementwise_affine=True)
      (mlp): MLP(
        (fc1): Linear(in_features=768, out_features=3072, bias=True)
        (act): GELU(approximate='none')
        (fc2): Linear(in_features=3072, out_features=768, bias=True)
        (drop): Dropout(p=0.0, inplace=False)
      )
    )
  )
  (norm): LayerNorm((768,), eps=1e-06, elementwise_affine=True)
)
Extracting features and saving them in memory..
Extracting features...
Time taken to extract features: 25.197229265002534
Epoch: 1/200 Train accuracy: 4.70714e-01 Validation accuracy: 6.41667e-01 Training loss 1.10451e-02 Validation loss 8.50869e-03 Time taken: 0.15 seconds 
Epoch: 2/200 Train accuracy: 6.84623e-01 Validation accuracy: 6.95000e-01 Training loss 7.32749e-03 Validation loss 7.06768e-03 Time taken: 0.15 seconds 
Epoch: 3/200 Train accuracy: 7.17757e-01 Validation accuracy: 7.19667e-01 Training loss 6.44138e-03 Validation loss 6.50532e-03 Time taken: 0.14 seconds 
Epoch: 4/200 Train accuracy: 7.30227e-01 Validation accuracy: 7.32667e-01 Training loss 6.03630e-03 Validation loss 6.19360e-03 Time taken: 0.14 seconds 
Epoch: 5/200 Train accuracy: 7.39490e-01 Validation accuracy: 7.41000e-01 Training loss 5.78996e-03 Validation loss 5.96642e-03 Time taken: 0.16 seconds 
Epoch: 6/200 Train accuracy: 7.44050e-01 Validation accuracy: 7.46000e-01 Training loss 5.62005e-03 Validation loss 5.81761e-03 Time taken: 0.13 seconds 
Epoch: 7/200 Train accuracy: 7.47114e-01 Validation accuracy: 7.49667e-01 Training loss 5.49383e-03 Validation loss 5.70926e-03 Time taken: 0.14 seconds 
Epoch: 8/200 Train accuracy: 7.51033e-01 Validation accuracy: 7.53667e-01 Training loss 5.40038e-03 Validation loss 5.60344e-03 Time taken: 0.14 seconds 
Epoch: 9/200 Train accuracy: 7.54311e-01 Validation accuracy: 7.52000e-01 Training loss 5.31355e-03 Validation loss 5.53648e-03 Time taken: 0.13 seconds 
Epoch: 10/200 Train accuracy: 7.54667e-01 Validation accuracy: 7.58333e-01 Training loss 5.27426e-03 Validation loss 5.47388e-03 Time taken: 0.16 seconds 
Epoch: 11/200 Train accuracy: 7.57589e-01 Validation accuracy: 7.59000e-01 Training loss 5.21189e-03 Validation loss 5.44151e-03 Time taken: 0.16 seconds 
Epoch: 12/200 Train accuracy: 7.58444e-01 Validation accuracy: 7.59667e-01 Training loss 5.16334e-03 Validation loss 5.38961e-03 Time taken: 0.14 seconds 
Epoch: 13/200 Train accuracy: 7.62007e-01 Validation accuracy: 7.56333e-01 Training loss 5.12098e-03 Validation loss 5.37348e-03 Time taken: 0.16 seconds 
Epoch: 14/200 Train accuracy: 7.63859e-01 Validation accuracy: 7.60333e-01 Training loss 5.08308e-03 Validation loss 5.35062e-03 Time taken: 0.14 seconds 
Epoch: 15/200 Train accuracy: 7.64786e-01 Validation accuracy: 7.67333e-01 Training loss 5.05539e-03 Validation loss 5.27349e-03 Time taken: 0.16 seconds 
Epoch: 16/200 Train accuracy: 7.65712e-01 Validation accuracy: 7.60667e-01 Training loss 5.04061e-03 Validation loss 5.26415e-03 Time taken: 0.14 seconds 
Epoch: 17/200 Train accuracy: 7.68705e-01 Validation accuracy: 7.62333e-01 Training loss 5.00481e-03 Validation loss 5.25109e-03 Time taken: 0.16 seconds 
Epoch: 18/200 Train accuracy: 7.67208e-01 Validation accuracy: 7.65000e-01 Training loss 4.98314e-03 Validation loss 5.20531e-03 Time taken: 0.16 seconds 
Epoch: 19/200 Train accuracy: 7.68705e-01 Validation accuracy: 7.62667e-01 Training loss 4.95623e-03 Validation loss 5.24425e-03 Time taken: 0.14 seconds 
Epoch: 20/200 Train accuracy: 7.67564e-01 Validation accuracy: 7.60000e-01 Training loss 4.94589e-03 Validation loss 5.21838e-03 Time taken: 0.16 seconds 
Epoch: 21/200 Train accuracy: 7.70272e-01 Validation accuracy: 7.68667e-01 Training loss 4.92897e-03 Validation loss 5.15901e-03 Time taken: 0.16 seconds 
Epoch: 22/200 Train accuracy: 7.69417e-01 Validation accuracy: 7.65333e-01 Training loss 4.91551e-03 Validation loss 5.14853e-03 Time taken: 0.16 seconds 
Epoch: 23/200 Train accuracy: 7.71484e-01 Validation accuracy: 7.69000e-01 Training loss 4.88980e-03 Validation loss 5.12211e-03 Time taken: 0.16 seconds 
Epoch: 24/200 Train accuracy: 7.71270e-01 Validation accuracy: 7.63000e-01 Training loss 4.87935e-03 Validation loss 5.15512e-03 Time taken: 0.15 seconds 
Epoch: 25/200 Train accuracy: 7.71484e-01 Validation accuracy: 7.69000e-01 Training loss 4.86969e-03 Validation loss 5.09998e-03 Time taken: 0.16 seconds 
Epoch: 26/200 Train accuracy: 7.73479e-01 Validation accuracy: 7.68000e-01 Training loss 4.85380e-03 Validation loss 5.09379e-03 Time taken: 0.14 seconds 
Epoch: 27/200 Train accuracy: 7.73835e-01 Validation accuracy: 7.73667e-01 Training loss 4.83516e-03 Validation loss 5.08304e-03 Time taken: 0.16 seconds 
Epoch: 28/200 Train accuracy: 7.74263e-01 Validation accuracy: 7.74000e-01 Training loss 4.82382e-03 Validation loss 5.06109e-03 Time taken: 0.14 seconds 
Epoch: 29/200 Train accuracy: 7.75474e-01 Validation accuracy: 7.67667e-01 Training loss 4.82439e-03 Validation loss 5.09188e-03 Time taken: 0.16 seconds 
Epoch: 30/200 Train accuracy: 7.74904e-01 Validation accuracy: 7.73667e-01 Training loss 4.81159e-03 Validation loss 5.04141e-03 Time taken: 0.16 seconds 
Epoch: 31/200 Train accuracy: 7.76329e-01 Validation accuracy: 7.73333e-01 Training loss 4.79898e-03 Validation loss 5.02081e-03 Time taken: 0.16 seconds 
Epoch: 32/200 Train accuracy: 7.76115e-01 Validation accuracy: 7.73333e-01 Training loss 4.78900e-03 Validation loss 5.03785e-03 Time taken: 0.16 seconds 
Epoch: 33/200 Train accuracy: 7.76115e-01 Validation accuracy: 7.75667e-01 Training loss 4.78309e-03 Validation loss 5.00980e-03 Time taken: 0.14 seconds 
Epoch: 34/200 Train accuracy: 7.78110e-01 Validation accuracy: 7.74333e-01 Training loss 4.77137e-03 Validation loss 5.01209e-03 Time taken: 0.13 seconds 
Epoch: 35/200 Train accuracy: 7.81174e-01 Validation accuracy: 7.74667e-01 Training loss 4.75766e-03 Validation loss 5.02296e-03 Time taken: 0.11 seconds 
Epoch: 36/200 Train accuracy: 7.79179e-01 Validation accuracy: 7.73667e-01 Training loss 4.75249e-03 Validation loss 5.03403e-03 Time taken: 0.10 seconds 
Epoch: 37/200 Train accuracy: 7.79322e-01 Validation accuracy: 7.74333e-01 Training loss 4.75590e-03 Validation loss 5.02974e-03 Time taken: 0.09 seconds 
Epoch: 38/200 Train accuracy: 7.76970e-01 Validation accuracy: 7.71667e-01 Training loss 4.74805e-03 Validation loss 5.03134e-03 Time taken: 0.08 seconds 
Epoch: 39/200 Train accuracy: 7.80961e-01 Validation accuracy: 7.71000e-01 Training loss 4.72988e-03 Validation loss 4.98414e-03 Time taken: 0.08 seconds 
Epoch: 40/200 Train accuracy: 7.79820e-01 Validation accuracy: 7.74667e-01 Training loss 4.71684e-03 Validation loss 4.97320e-03 Time taken: 0.08 seconds 
Epoch: 41/200 Train accuracy: 7.80889e-01 Validation accuracy: 7.75667e-01 Training loss 4.71992e-03 Validation loss 4.96073e-03 Time taken: 0.08 seconds 
Epoch: 42/200 Train accuracy: 7.81174e-01 Validation accuracy: 7.76000e-01 Training loss 4.71340e-03 Validation loss 4.95920e-03 Time taken: 0.08 seconds 
Epoch: 43/200 Train accuracy: 7.80818e-01 Validation accuracy: 7.77000e-01 Training loss 4.71242e-03 Validation loss 4.95332e-03 Time taken: 0.08 seconds 
Epoch: 44/200 Train accuracy: 7.81103e-01 Validation accuracy: 7.77333e-01 Training loss 4.69399e-03 Validation loss 4.94066e-03 Time taken: 0.09 seconds 
Epoch: 45/200 Train accuracy: 7.81246e-01 Validation accuracy: 7.78000e-01 Training loss 4.68717e-03 Validation loss 4.94286e-03 Time taken: 0.10 seconds 
Epoch: 46/200 Train accuracy: 7.81887e-01 Validation accuracy: 7.80000e-01 Training loss 4.68493e-03 Validation loss 4.92632e-03 Time taken: 0.11 seconds 
Epoch: 47/200 Train accuracy: 7.82599e-01 Validation accuracy: 7.73333e-01 Training loss 4.68094e-03 Validation loss 4.96195e-03 Time taken: 0.16 seconds 
Epoch: 48/200 Train accuracy: 7.81459e-01 Validation accuracy: 7.81000e-01 Training loss 4.67351e-03 Validation loss 4.90245e-03 Time taken: 0.14 seconds 
Epoch: 49/200 Train accuracy: 7.82528e-01 Validation accuracy: 7.83667e-01 Training loss 4.66448e-03 Validation loss 4.91305e-03 Time taken: 0.16 seconds 
Epoch: 50/200 Train accuracy: 7.83953e-01 Validation accuracy: 7.80333e-01 Training loss 4.65617e-03 Validation loss 4.90589e-03 Time taken: 0.14 seconds 
Epoch: 51/200 Train accuracy: 7.83169e-01 Validation accuracy: 7.76000e-01 Training loss 4.65917e-03 Validation loss 4.92663e-03 Time taken: 0.14 seconds 
Epoch: 52/200 Train accuracy: 7.84737e-01 Validation accuracy: 7.79333e-01 Training loss 4.65262e-03 Validation loss 4.89435e-03 Time taken: 0.15 seconds 
Epoch: 53/200 Train accuracy: 7.83597e-01 Validation accuracy: 7.81667e-01 Training loss 4.63974e-03 Validation loss 4.88497e-03 Time taken: 0.16 seconds 
Epoch: 54/200 Train accuracy: 7.84025e-01 Validation accuracy: 7.77333e-01 Training loss 4.64328e-03 Validation loss 4.91040e-03 Time taken: 0.12 seconds 
Epoch: 55/200 Train accuracy: 7.85663e-01 Validation accuracy: 7.80667e-01 Training loss 4.62953e-03 Validation loss 4.89521e-03 Time taken: 0.12 seconds 
Epoch: 56/200 Train accuracy: 7.86590e-01 Validation accuracy: 7.83000e-01 Training loss 4.62475e-03 Validation loss 4.87681e-03 Time taken: 0.14 seconds 
Epoch: 57/200 Train accuracy: 7.86020e-01 Validation accuracy: 7.85000e-01 Training loss 4.62309e-03 Validation loss 4.86347e-03 Time taken: 0.10 seconds 
Epoch: 58/200 Train accuracy: 7.87231e-01 Validation accuracy: 7.84667e-01 Training loss 4.61501e-03 Validation loss 4.87560e-03 Time taken: 0.12 seconds 
Epoch: 59/200 Train accuracy: 7.85022e-01 Validation accuracy: 7.83667e-01 Training loss 4.61884e-03 Validation loss 4.88195e-03 Time taken: 0.12 seconds 
Epoch: 60/200 Train accuracy: 7.88514e-01 Validation accuracy: 7.79000e-01 Training loss 4.60752e-03 Validation loss 4.86241e-03 Time taken: 0.08 seconds 
Epoch: 61/200 Train accuracy: 7.85735e-01 Validation accuracy: 7.82333e-01 Training loss 4.60010e-03 Validation loss 4.86177e-03 Time taken: 0.08 seconds 
Epoch: 62/200 Train accuracy: 7.86376e-01 Validation accuracy: 7.84667e-01 Training loss 4.59535e-03 Validation loss 4.85268e-03 Time taken: 0.08 seconds 
Epoch: 63/200 Train accuracy: 7.85165e-01 Validation accuracy: 7.81333e-01 Training loss 4.60371e-03 Validation loss 4.86966e-03 Time taken: 0.08 seconds 
Epoch: 64/200 Train accuracy: 7.88300e-01 Validation accuracy: 7.83000e-01 Training loss 4.58885e-03 Validation loss 4.87677e-03 Time taken: 0.08 seconds 
Epoch: 65/200 Train accuracy: 7.86803e-01 Validation accuracy: 7.83333e-01 Training loss 4.59035e-03 Validation loss 4.84467e-03 Time taken: 0.08 seconds 
Epoch: 66/200 Train accuracy: 7.89796e-01 Validation accuracy: 7.88000e-01 Training loss 4.58471e-03 Validation loss 4.83934e-03 Time taken: 0.08 seconds 
Epoch: 67/200 Train accuracy: 7.87516e-01 Validation accuracy: 7.88000e-01 Training loss 4.58202e-03 Validation loss 4.83241e-03 Time taken: 0.08 seconds 
Epoch: 68/200 Train accuracy: 7.89155e-01 Validation accuracy: 7.80667e-01 Training loss 4.56800e-03 Validation loss 4.85123e-03 Time taken: 0.08 seconds 
Epoch: 69/200 Train accuracy: 7.85948e-01 Validation accuracy: 7.86333e-01 Training loss 4.57087e-03 Validation loss 4.86122e-03 Time taken: 0.08 seconds 
Epoch: 70/200 Train accuracy: 7.88656e-01 Validation accuracy: 7.84000e-01 Training loss 4.56908e-03 Validation loss 4.82970e-03 Time taken: 0.08 seconds 
Epoch: 71/200 Train accuracy: 7.88015e-01 Validation accuracy: 7.85667e-01 Training loss 4.55180e-03 Validation loss 4.83440e-03 Time taken: 0.08 seconds 
Epoch: 72/200 Train accuracy: 7.89012e-01 Validation accuracy: 7.86667e-01 Training loss 4.55324e-03 Validation loss 4.81645e-03 Time taken: 0.09 seconds 
Epoch: 73/200 Train accuracy: 7.89796e-01 Validation accuracy: 7.86333e-01 Training loss 4.55395e-03 Validation loss 4.84547e-03 Time taken: 0.08 seconds 
Epoch: 74/200 Train accuracy: 7.87801e-01 Validation accuracy: 7.86000e-01 Training loss 4.55412e-03 Validation loss 4.81949e-03 Time taken: 0.12 seconds 
Epoch: 75/200 Train accuracy: 7.89867e-01 Validation accuracy: 7.88000e-01 Training loss 4.53507e-03 Validation loss 4.80969e-03 Time taken: 0.13 seconds 
Epoch: 76/200 Train accuracy: 7.89369e-01 Validation accuracy: 7.85667e-01 Training loss 4.54349e-03 Validation loss 4.82478e-03 Time taken: 0.16 seconds 
Epoch: 77/200 Train accuracy: 7.89226e-01 Validation accuracy: 7.86000e-01 Training loss 4.54069e-03 Validation loss 4.82839e-03 Time taken: 0.16 seconds 
Epoch: 78/200 Train accuracy: 7.88157e-01 Validation accuracy: 7.86000e-01 Training loss 4.55006e-03 Validation loss 4.79768e-03 Time taken: 0.14 seconds 
Epoch: 79/200 Train accuracy: 7.89369e-01 Validation accuracy: 7.87000e-01 Training loss 4.52872e-03 Validation loss 4.80872e-03 Time taken: 0.16 seconds 
Epoch: 80/200 Train accuracy: 7.89939e-01 Validation accuracy: 7.88333e-01 Training loss 4.53175e-03 Validation loss 4.78449e-03 Time taken: 0.14 seconds 
Epoch: 81/200 Train accuracy: 7.90366e-01 Validation accuracy: 7.89000e-01 Training loss 4.52880e-03 Validation loss 4.78397e-03 Time taken: 0.15 seconds 
Epoch: 82/200 Train accuracy: 7.90010e-01 Validation accuracy: 7.88667e-01 Training loss 4.52982e-03 Validation loss 4.77817e-03 Time taken: 0.16 seconds 
Epoch: 83/200 Train accuracy: 7.90509e-01 Validation accuracy: 7.85000e-01 Training loss 4.52126e-03 Validation loss 4.78480e-03 Time taken: 0.16 seconds 
Epoch: 84/200 Train accuracy: 7.89155e-01 Validation accuracy: 7.87667e-01 Training loss 4.51905e-03 Validation loss 4.78672e-03 Time taken: 0.14 seconds 
Epoch: 85/200 Train accuracy: 7.89084e-01 Validation accuracy: 7.88667e-01 Training loss 4.51126e-03 Validation loss 4.76431e-03 Time taken: 0.16 seconds 
Epoch: 86/200 Train accuracy: 7.89511e-01 Validation accuracy: 7.88667e-01 Training loss 4.51399e-03 Validation loss 4.78037e-03 Time taken: 0.14 seconds 
Epoch: 87/200 Train accuracy: 7.90438e-01 Validation accuracy: 7.84667e-01 Training loss 4.50962e-03 Validation loss 4.81289e-03 Time taken: 0.14 seconds 
Epoch: 88/200 Train accuracy: 7.91934e-01 Validation accuracy: 7.88333e-01 Training loss 4.51316e-03 Validation loss 4.77073e-03 Time taken: 0.09 seconds 
Epoch: 89/200 Train accuracy: 7.90936e-01 Validation accuracy: 7.87333e-01 Training loss 4.50646e-03 Validation loss 4.76510e-03 Time taken: 0.10 seconds 
Epoch: 90/200 Train accuracy: 7.91863e-01 Validation accuracy: 7.85667e-01 Training loss 4.49833e-03 Validation loss 4.79488e-03 Time taken: 0.08 seconds 
Epoch: 91/200 Train accuracy: 7.89796e-01 Validation accuracy: 7.88667e-01 Training loss 4.50536e-03 Validation loss 4.75148e-03 Time taken: 0.10 seconds 
Epoch: 92/200 Train accuracy: 7.91079e-01 Validation accuracy: 7.88667e-01 Training loss 4.49196e-03 Validation loss 4.76174e-03 Time taken: 0.08 seconds 
Epoch: 93/200 Train accuracy: 7.91649e-01 Validation accuracy: 7.91333e-01 Training loss 4.48707e-03 Validation loss 4.74122e-03 Time taken: 0.08 seconds 
Epoch: 94/200 Train accuracy: 7.94143e-01 Validation accuracy: 7.89000e-01 Training loss 4.48129e-03 Validation loss 4.74784e-03 Time taken: 0.08 seconds 
Epoch: 95/200 Train accuracy: 7.92575e-01 Validation accuracy: 7.90000e-01 Training loss 4.48638e-03 Validation loss 4.76754e-03 Time taken: 0.08 seconds 
Epoch: 96/200 Train accuracy: 7.94000e-01 Validation accuracy: 7.91667e-01 Training loss 4.47919e-03 Validation loss 4.74952e-03 Time taken: 0.08 seconds 
Epoch: 97/200 Train accuracy: 7.91578e-01 Validation accuracy: 7.91000e-01 Training loss 4.48619e-03 Validation loss 4.74779e-03 Time taken: 0.08 seconds 
Epoch: 98/200 Train accuracy: 7.93430e-01 Validation accuracy: 7.89000e-01 Training loss 4.47725e-03 Validation loss 4.73845e-03 Time taken: 0.08 seconds 
Epoch: 99/200 Train accuracy: 7.92646e-01 Validation accuracy: 7.88333e-01 Training loss 4.47136e-03 Validation loss 4.73331e-03 Time taken: 0.08 seconds 
Epoch: 100/200 Train accuracy: 7.92646e-01 Validation accuracy: 7.90000e-01 Training loss 4.47121e-03 Validation loss 4.72231e-03 Time taken: 0.08 seconds 
Epoch: 101/200 Train accuracy: 7.92290e-01 Validation accuracy: 7.89000e-01 Training loss 4.46964e-03 Validation loss 4.74090e-03 Time taken: 0.08 seconds 
Epoch: 102/200 Train accuracy: 7.93430e-01 Validation accuracy: 7.91333e-01 Training loss 4.46166e-03 Validation loss 4.75434e-03 Time taken: 0.08 seconds 
Epoch: 103/200 Train accuracy: 7.92504e-01 Validation accuracy: 7.90667e-01 Training loss 4.46725e-03 Validation loss 4.73215e-03 Time taken: 0.08 seconds 
Epoch: 104/200 Train accuracy: 7.91293e-01 Validation accuracy: 7.91000e-01 Training loss 4.46915e-03 Validation loss 4.71106e-03 Time taken: 0.08 seconds 
Epoch: 105/200 Train accuracy: 7.92219e-01 Validation accuracy: 7.86000e-01 Training loss 4.46398e-03 Validation loss 4.78851e-03 Time taken: 0.08 seconds 
Epoch: 106/200 Train accuracy: 7.94499e-01 Validation accuracy: 7.89667e-01 Training loss 4.45340e-03 Validation loss 4.71124e-03 Time taken: 0.08 seconds 
Epoch: 107/200 Train accuracy: 7.94428e-01 Validation accuracy: 7.91667e-01 Training loss 4.44723e-03 Validation loss 4.70949e-03 Time taken: 0.10 seconds 
Epoch: 108/200 Train accuracy: 7.94357e-01 Validation accuracy: 7.91000e-01 Training loss 4.45034e-03 Validation loss 4.70706e-03 Time taken: 0.10 seconds 
Epoch: 109/200 Train accuracy: 7.93430e-01 Validation accuracy: 7.89667e-01 Training loss 4.45694e-03 Validation loss 4.72014e-03 Time taken: 0.13 seconds 
Epoch: 110/200 Train accuracy: 7.92433e-01 Validation accuracy: 7.92000e-01 Training loss 4.44679e-03 Validation loss 4.74663e-03 Time taken: 0.14 seconds 
Epoch: 111/200 Train accuracy: 7.94000e-01 Validation accuracy: 7.91667e-01 Training loss 4.44726e-03 Validation loss 4.72974e-03 Time taken: 0.15 seconds 
Epoch: 112/200 Train accuracy: 7.92361e-01 Validation accuracy: 7.89000e-01 Training loss 4.44652e-03 Validation loss 4.72543e-03 Time taken: 0.12 seconds 
Epoch: 113/200 Train accuracy: 7.92931e-01 Validation accuracy: 7.91667e-01 Training loss 4.44348e-03 Validation loss 4.71415e-03 Time taken: 0.13 seconds 
Epoch: 114/200 Train accuracy: 7.93501e-01 Validation accuracy: 7.91333e-01 Training loss 4.43836e-03 Validation loss 4.70055e-03 Time taken: 0.12 seconds 
Epoch: 115/200 Train accuracy: 7.95140e-01 Validation accuracy: 7.86667e-01 Training loss 4.43100e-03 Validation loss 4.76491e-03 Time taken: 0.16 seconds 
Epoch: 116/200 Train accuracy: 7.94357e-01 Validation accuracy: 7.96667e-01 Training loss 4.42859e-03 Validation loss 4.69262e-03 Time taken: 0.14 seconds 
Epoch: 117/200 Train accuracy: 7.92718e-01 Validation accuracy: 7.93667e-01 Training loss 4.43258e-03 Validation loss 4.71898e-03 Time taken: 0.16 seconds 
Epoch: 118/200 Train accuracy: 7.93929e-01 Validation accuracy: 7.89000e-01 Training loss 4.42367e-03 Validation loss 4.72482e-03 Time taken: 0.14 seconds 
Epoch: 119/200 Train accuracy: 7.94998e-01 Validation accuracy: 7.93667e-01 Training loss 4.42953e-03 Validation loss 4.68946e-03 Time taken: 0.14 seconds 
Epoch: 120/200 Train accuracy: 7.94998e-01 Validation accuracy: 7.94667e-01 Training loss 4.41984e-03 Validation loss 4.69400e-03 Time taken: 0.16 seconds 
Epoch: 121/200 Train accuracy: 7.95568e-01 Validation accuracy: 7.91667e-01 Training loss 4.42868e-03 Validation loss 4.67605e-03 Time taken: 0.16 seconds 
Epoch: 122/200 Train accuracy: 7.93074e-01 Validation accuracy: 7.93000e-01 Training loss 4.42404e-03 Validation loss 4.69780e-03 Time taken: 0.16 seconds 
Epoch: 123/200 Train accuracy: 7.94499e-01 Validation accuracy: 7.94333e-01 Training loss 4.42298e-03 Validation loss 4.69384e-03 Time taken: 0.16 seconds 
Epoch: 124/200 Train accuracy: 7.94998e-01 Validation accuracy: 7.92333e-01 Training loss 4.41984e-03 Validation loss 4.67598e-03 Time taken: 0.16 seconds 
Epoch: 125/200 Train accuracy: 7.94428e-01 Validation accuracy: 7.93667e-01 Training loss 4.42020e-03 Validation loss 4.68419e-03 Time taken: 0.16 seconds 
Epoch: 126/200 Train accuracy: 7.94927e-01 Validation accuracy: 7.88667e-01 Training loss 4.40456e-03 Validation loss 4.71764e-03 Time taken: 0.15 seconds 
Epoch: 127/200 Train accuracy: 7.94000e-01 Validation accuracy: 7.92667e-01 Training loss 4.40933e-03 Validation loss 4.66337e-03 Time taken: 0.16 seconds 
Epoch: 128/200 Train accuracy: 7.94855e-01 Validation accuracy: 7.96333e-01 Training loss 4.41392e-03 Validation loss 4.67502e-03 Time taken: 0.16 seconds 
Epoch: 129/200 Train accuracy: 7.94855e-01 Validation accuracy: 7.94000e-01 Training loss 4.40624e-03 Validation loss 4.67834e-03 Time taken: 0.16 seconds 
Epoch: 130/200 Train accuracy: 7.94642e-01 Validation accuracy: 7.94000e-01 Training loss 4.40696e-03 Validation loss 4.68608e-03 Time taken: 0.15 seconds 
Epoch: 131/200 Train accuracy: 7.94998e-01 Validation accuracy: 7.93000e-01 Training loss 4.41005e-03 Validation loss 4.68838e-03 Time taken: 0.15 seconds 
Epoch: 132/200 Train accuracy: 7.95710e-01 Validation accuracy: 7.93000e-01 Training loss 4.39728e-03 Validation loss 4.67376e-03 Time taken: 0.16 seconds 
Epoch: 133/200 Train accuracy: 7.95425e-01 Validation accuracy: 7.92000e-01 Training loss 4.40141e-03 Validation loss 4.69558e-03 Time taken: 0.16 seconds 
Epoch: 134/200 Train accuracy: 7.96708e-01 Validation accuracy: 7.96000e-01 Training loss 4.40479e-03 Validation loss 4.66423e-03 Time taken: 0.14 seconds 
Epoch: 135/200 Train accuracy: 7.96708e-01 Validation accuracy: 7.92333e-01 Training loss 4.38599e-03 Validation loss 4.66464e-03 Time taken: 0.16 seconds 
Epoch: 136/200 Train accuracy: 7.95283e-01 Validation accuracy: 7.96000e-01 Training loss 4.38633e-03 Validation loss 4.65481e-03 Time taken: 0.14 seconds 
Epoch: 137/200 Train accuracy: 7.96067e-01 Validation accuracy: 7.94000e-01 Training loss 4.38962e-03 Validation loss 4.64821e-03 Time taken: 0.16 seconds 
Epoch: 138/200 Train accuracy: 7.96352e-01 Validation accuracy: 7.93333e-01 Training loss 4.39052e-03 Validation loss 4.64821e-03 Time taken: 0.16 seconds 
Epoch: 139/200 Train accuracy: 7.96209e-01 Validation accuracy: 7.94667e-01 Training loss 4.39253e-03 Validation loss 4.65604e-03 Time taken: 0.16 seconds 
Epoch: 140/200 Train accuracy: 7.94642e-01 Validation accuracy: 7.93333e-01 Training loss 4.39414e-03 Validation loss 4.64456e-03 Time taken: 0.16 seconds 
Epoch: 141/200 Train accuracy: 7.95710e-01 Validation accuracy: 7.93667e-01 Training loss 4.39112e-03 Validation loss 4.65628e-03 Time taken: 0.14 seconds 
Epoch: 142/200 Train accuracy: 7.96209e-01 Validation accuracy: 7.95000e-01 Training loss 4.37953e-03 Validation loss 4.64310e-03 Time taken: 0.13 seconds 
Epoch: 143/200 Train accuracy: 7.96423e-01 Validation accuracy: 7.94000e-01 Training loss 4.38566e-03 Validation loss 4.65037e-03 Time taken: 0.15 seconds 
Epoch: 144/200 Train accuracy: 7.94927e-01 Validation accuracy: 7.93667e-01 Training loss 4.37423e-03 Validation loss 4.66726e-03 Time taken: 0.13 seconds 
Epoch: 145/200 Train accuracy: 7.95069e-01 Validation accuracy: 7.93000e-01 Training loss 4.37899e-03 Validation loss 4.63885e-03 Time taken: 0.15 seconds 
Epoch: 146/200 Train accuracy: 7.96423e-01 Validation accuracy: 7.94667e-01 Training loss 4.37907e-03 Validation loss 4.64959e-03 Time taken: 0.15 seconds 
Epoch: 147/200 Train accuracy: 7.96993e-01 Validation accuracy: 7.93667e-01 Training loss 4.37372e-03 Validation loss 4.65741e-03 Time taken: 0.14 seconds 
Epoch: 148/200 Train accuracy: 7.97777e-01 Validation accuracy: 7.91000e-01 Training loss 4.36956e-03 Validation loss 4.69784e-03 Time taken: 0.16 seconds 
Epoch: 149/200 Train accuracy: 7.95853e-01 Validation accuracy: 7.92667e-01 Training loss 4.37875e-03 Validation loss 4.68170e-03 Time taken: 0.14 seconds 
Epoch: 150/200 Train accuracy: 7.97563e-01 Validation accuracy: 7.87667e-01 Training loss 4.36280e-03 Validation loss 4.71077e-03 Time taken: 0.15 seconds 
Epoch: 151/200 Train accuracy: 7.97207e-01 Validation accuracy: 7.91667e-01 Training loss 4.37044e-03 Validation loss 4.62881e-03 Time taken: 0.13 seconds 
Epoch: 152/200 Train accuracy: 7.93787e-01 Validation accuracy: 7.92333e-01 Training loss 4.37207e-03 Validation loss 4.64161e-03 Time taken: 0.14 seconds 
Epoch: 153/200 Train accuracy: 7.96851e-01 Validation accuracy: 7.93333e-01 Training loss 4.37642e-03 Validation loss 4.61835e-03 Time taken: 0.14 seconds 
Epoch: 154/200 Train accuracy: 7.95212e-01 Validation accuracy: 7.97000e-01 Training loss 4.36706e-03 Validation loss 4.65609e-03 Time taken: 0.16 seconds 
Epoch: 155/200 Train accuracy: 8.00057e-01 Validation accuracy: 7.97333e-01 Training loss 4.35841e-03 Validation loss 4.62804e-03 Time taken: 0.16 seconds 
Epoch: 156/200 Train accuracy: 7.97349e-01 Validation accuracy: 7.96667e-01 Training loss 4.35436e-03 Validation loss 4.63551e-03 Time taken: 0.15 seconds 
Epoch: 157/200 Train accuracy: 7.96779e-01 Validation accuracy: 7.96333e-01 Training loss 4.35786e-03 Validation loss 4.63883e-03 Time taken: 0.16 seconds 
Epoch: 158/200 Train accuracy: 7.97421e-01 Validation accuracy: 7.97333e-01 Training loss 4.35463e-03 Validation loss 4.63393e-03 Time taken: 0.16 seconds 
Epoch: 159/200 Train accuracy: 7.98418e-01 Validation accuracy: 7.95000e-01 Training loss 4.35767e-03 Validation loss 4.62367e-03 Time taken: 0.14 seconds 
Epoch: 160/200 Train accuracy: 7.97064e-01 Validation accuracy: 7.96333e-01 Training loss 4.34987e-03 Validation loss 4.63554e-03 Time taken: 0.15 seconds 
Epoch: 161/200 Train accuracy: 7.96494e-01 Validation accuracy: 7.97667e-01 Training loss 4.35255e-03 Validation loss 4.60918e-03 Time taken: 0.14 seconds 
Epoch: 162/200 Train accuracy: 7.97634e-01 Validation accuracy: 7.97667e-01 Training loss 4.34903e-03 Validation loss 4.61313e-03 Time taken: 0.16 seconds 
Epoch: 163/200 Train accuracy: 8.00556e-01 Validation accuracy: 7.98000e-01 Training loss 4.35696e-03 Validation loss 4.64534e-03 Time taken: 0.16 seconds 
Epoch: 164/200 Train accuracy: 7.97349e-01 Validation accuracy: 7.95333e-01 Training loss 4.34796e-03 Validation loss 4.64159e-03 Time taken: 0.17 seconds 
Epoch: 165/200 Train accuracy: 7.97421e-01 Validation accuracy: 7.97333e-01 Training loss 4.34852e-03 Validation loss 4.61512e-03 Time taken: 0.16 seconds 
Epoch: 166/200 Train accuracy: 7.98133e-01 Validation accuracy: 7.95000e-01 Training loss 4.34396e-03 Validation loss 4.64528e-03 Time taken: 0.15 seconds 
Epoch: 167/200 Train accuracy: 7.98276e-01 Validation accuracy: 7.97333e-01 Training loss 4.34805e-03 Validation loss 4.63900e-03 Time taken: 0.16 seconds 
Epoch: 168/200 Train accuracy: 7.98489e-01 Validation accuracy: 7.99333e-01 Training loss 4.34228e-03 Validation loss 4.62156e-03 Time taken: 0.14 seconds 
Epoch: 169/200 Train accuracy: 7.96922e-01 Validation accuracy: 7.97000e-01 Training loss 4.34122e-03 Validation loss 4.62606e-03 Time taken: 0.13 seconds 
Epoch: 170/200 Train accuracy: 7.97991e-01 Validation accuracy: 7.98000e-01 Training loss 4.33931e-03 Validation loss 4.62556e-03 Time taken: 0.11 seconds 
Epoch: 171/200 Train accuracy: 7.97136e-01 Validation accuracy: 7.93000e-01 Training loss 4.34110e-03 Validation loss 4.64105e-03 Time taken: 0.14 seconds 
Epoch: 172/200 Train accuracy: 7.98988e-01 Validation accuracy: 7.93667e-01 Training loss 4.33234e-03 Validation loss 4.62409e-03 Time taken: 0.14 seconds 
Epoch: 173/200 Train accuracy: 7.97349e-01 Validation accuracy: 7.94000e-01 Training loss 4.33409e-03 Validation loss 4.62390e-03 Time taken: 0.14 seconds 
Epoch: 174/200 Train accuracy: 7.98703e-01 Validation accuracy: 7.93667e-01 Training loss 4.33093e-03 Validation loss 4.64412e-03 Time taken: 0.14 seconds 
Epoch: 175/200 Train accuracy: 7.99273e-01 Validation accuracy: 7.92333e-01 Training loss 4.33398e-03 Validation loss 4.65188e-03 Time taken: 0.14 seconds 
Epoch: 176/200 Train accuracy: 7.97848e-01 Validation accuracy: 7.98333e-01 Training loss 4.32781e-03 Validation loss 4.61224e-03 Time taken: 0.16 seconds 
Epoch: 177/200 Train accuracy: 7.99344e-01 Validation accuracy: 7.97667e-01 Training loss 4.32839e-03 Validation loss 4.59235e-03 Time taken: 0.15 seconds 
Epoch: 178/200 Train accuracy: 7.98846e-01 Validation accuracy: 7.97333e-01 Training loss 4.32960e-03 Validation loss 4.62091e-03 Time taken: 0.15 seconds 
Epoch: 179/200 Train accuracy: 7.98418e-01 Validation accuracy: 7.96000e-01 Training loss 4.32859e-03 Validation loss 4.62575e-03 Time taken: 0.14 seconds 
Epoch: 180/200 Train accuracy: 7.99131e-01 Validation accuracy: 7.98333e-01 Training loss 4.32434e-03 Validation loss 4.58868e-03 Time taken: 0.14 seconds 
Epoch: 181/200 Train accuracy: 7.97991e-01 Validation accuracy: 7.95000e-01 Training loss 4.32478e-03 Validation loss 4.63986e-03 Time taken: 0.14 seconds 
Epoch: 182/200 Train accuracy: 7.98917e-01 Validation accuracy: 7.95333e-01 Training loss 4.33705e-03 Validation loss 4.59287e-03 Time taken: 0.15 seconds 
Epoch: 183/200 Train accuracy: 7.98632e-01 Validation accuracy: 7.96333e-01 Training loss 4.32500e-03 Validation loss 4.58438e-03 Time taken: 0.17 seconds 
Epoch: 184/200 Train accuracy: 7.99629e-01 Validation accuracy: 7.97333e-01 Training loss 4.32341e-03 Validation loss 4.58826e-03 Time taken: 0.15 seconds 
Epoch: 185/200 Train accuracy: 7.96851e-01 Validation accuracy: 7.95667e-01 Training loss 4.32277e-03 Validation loss 4.59398e-03 Time taken: 0.16 seconds 
Epoch: 186/200 Train accuracy: 7.98204e-01 Validation accuracy: 7.97000e-01 Training loss 4.31938e-03 Validation loss 4.61532e-03 Time taken: 0.15 seconds 
Epoch: 187/200 Train accuracy: 7.98846e-01 Validation accuracy: 7.99667e-01 Training loss 4.32194e-03 Validation loss 4.59442e-03 Time taken: 0.14 seconds 
Epoch: 188/200 Train accuracy: 7.97848e-01 Validation accuracy: 7.97333e-01 Training loss 4.32476e-03 Validation loss 4.58617e-03 Time taken: 0.16 seconds 
Epoch: 189/200 Train accuracy: 7.99629e-01 Validation accuracy: 7.94000e-01 Training loss 4.31467e-03 Validation loss 4.59816e-03 Time taken: 0.14 seconds 
Epoch: 190/200 Train accuracy: 7.97349e-01 Validation accuracy: 7.95000e-01 Training loss 4.31642e-03 Validation loss 4.62155e-03 Time taken: 0.14 seconds 
Epoch: 191/200 Train accuracy: 7.98418e-01 Validation accuracy: 7.99333e-01 Training loss 4.31646e-03 Validation loss 4.59884e-03 Time taken: 0.14 seconds 
Epoch: 192/200 Train accuracy: 7.98988e-01 Validation accuracy: 7.93333e-01 Training loss 4.31476e-03 Validation loss 4.58312e-03 Time taken: 0.12 seconds 
Epoch: 193/200 Train accuracy: 8.00770e-01 Validation accuracy: 7.98667e-01 Training loss 4.31239e-03 Validation loss 4.58768e-03 Time taken: 0.14 seconds 
Epoch: 194/200 Train accuracy: 7.99914e-01 Validation accuracy: 7.97667e-01 Training loss 4.31504e-03 Validation loss 4.58177e-03 Time taken: 0.15 seconds 
Epoch: 195/200 Train accuracy: 8.00556e-01 Validation accuracy: 7.97333e-01 Training loss 4.30664e-03 Validation loss 4.56776e-03 Time taken: 0.15 seconds 
Epoch: 196/200 Train accuracy: 7.99843e-01 Validation accuracy: 7.99667e-01 Training loss 4.30437e-03 Validation loss 4.58123e-03 Time taken: 0.15 seconds 
Epoch: 197/200 Train accuracy: 7.97492e-01 Validation accuracy: 7.94000e-01 Training loss 4.30818e-03 Validation loss 4.59987e-03 Time taken: 0.17 seconds 
Epoch: 198/200 Train accuracy: 7.98489e-01 Validation accuracy: 7.98333e-01 Training loss 4.30190e-03 Validation loss 4.59118e-03 Time taken: 0.15 seconds 
Epoch: 199/200 Train accuracy: 7.99701e-01 Validation accuracy: 7.96333e-01 Training loss 4.30377e-03 Validation loss 4.57240e-03 Time taken: 0.15 seconds 
Epoch: 200/200 Train accuracy: 7.99986e-01 Validation accuracy: 7.95333e-01 Training loss 4.29952e-03 Validation loss 4.57395e-03 Time taken: 0.16 seconds 
Total time taken 0:00:26.531731
Cleaning up intermediate feature (.pt) files
Done


working on file logs_PKT_chunks_different_seeds/iic-train-l2-pkt-chunks-seed3-pred12/jepa-iic-ep500.pth.tar ...
Directory logs_PKT_chunks_different_seeds/iic-train-l2-pkt-chunks-seed3-pred12/classifiers for saving the classifiers is now present
VisionTransformer(
  (patch_embed): PatchEmbed(
    (proj): Conv2d(3, 768, kernel_size=(15, 15), stride=(15, 15))
  )
  (blocks): ModuleList(
    (0-11): 12 x Block(
      (norm1): LayerNorm((768,), eps=1e-06, elementwise_affine=True)
      (attn): Attention(
        (qkv): Linear(in_features=768, out_features=2304, bias=True)
        (attn_drop): Dropout(p=0.0, inplace=False)
        (proj): Linear(in_features=768, out_features=768, bias=True)
        (proj_drop): Dropout(p=0.0, inplace=False)
      )
      (drop_path): Identity()
      (norm2): LayerNorm((768,), eps=1e-06, elementwise_affine=True)
      (mlp): MLP(
        (fc1): Linear(in_features=768, out_features=3072, bias=True)
        (act): GELU(approximate='none')
        (fc2): Linear(in_features=3072, out_features=768, bias=True)
        (drop): Dropout(p=0.0, inplace=False)
      )
    )
  )
  (norm): LayerNorm((768,), eps=1e-06, elementwise_affine=True)
)
Extracting features and saving them in memory..
Extracting features...
Time taken to extract features: 24.320242308080196
Epoch: 1/200 Train accuracy: 4.61950e-01 Validation accuracy: 6.52333e-01 Training loss 1.14175e-02 Validation loss 8.76948e-03 Time taken: 0.12 seconds 
Epoch: 2/200 Train accuracy: 6.92817e-01 Validation accuracy: 7.12333e-01 Training loss 7.49704e-03 Validation loss 7.12929e-03 Time taken: 0.14 seconds 
Epoch: 3/200 Train accuracy: 7.27091e-01 Validation accuracy: 7.34000e-01 Training loss 6.44710e-03 Validation loss 6.45377e-03 Time taken: 0.16 seconds 
Epoch: 4/200 Train accuracy: 7.41129e-01 Validation accuracy: 7.46333e-01 Training loss 5.95368e-03 Validation loss 6.07649e-03 Time taken: 0.14 seconds 
Epoch: 5/200 Train accuracy: 7.50321e-01 Validation accuracy: 7.53000e-01 Training loss 5.65923e-03 Validation loss 5.82167e-03 Time taken: 0.16 seconds 
Epoch: 6/200 Train accuracy: 7.56876e-01 Validation accuracy: 7.54333e-01 Training loss 5.45261e-03 Validation loss 5.64562e-03 Time taken: 0.15 seconds 
Epoch: 7/200 Train accuracy: 7.60866e-01 Validation accuracy: 7.57333e-01 Training loss 5.31680e-03 Validation loss 5.50225e-03 Time taken: 0.14 seconds 
Epoch: 8/200 Train accuracy: 7.66567e-01 Validation accuracy: 7.59000e-01 Training loss 5.18673e-03 Validation loss 5.39572e-03 Time taken: 0.14 seconds 
Epoch: 9/200 Train accuracy: 7.71341e-01 Validation accuracy: 7.63667e-01 Training loss 5.10455e-03 Validation loss 5.31488e-03 Time taken: 0.15 seconds 
Epoch: 10/200 Train accuracy: 7.74405e-01 Validation accuracy: 7.66000e-01 Training loss 5.02522e-03 Validation loss 5.22874e-03 Time taken: 0.15 seconds 
Epoch: 11/200 Train accuracy: 7.74833e-01 Validation accuracy: 7.71333e-01 Training loss 4.97244e-03 Validation loss 5.20505e-03 Time taken: 0.14 seconds 
Epoch: 12/200 Train accuracy: 7.77968e-01 Validation accuracy: 7.75000e-01 Training loss 4.91584e-03 Validation loss 5.16772e-03 Time taken: 0.16 seconds 
Epoch: 13/200 Train accuracy: 7.78395e-01 Validation accuracy: 7.72333e-01 Training loss 4.86722e-03 Validation loss 5.08281e-03 Time taken: 0.16 seconds 
Epoch: 14/200 Train accuracy: 7.82457e-01 Validation accuracy: 7.75667e-01 Training loss 4.82839e-03 Validation loss 5.03755e-03 Time taken: 0.16 seconds 
Epoch: 15/200 Train accuracy: 7.83241e-01 Validation accuracy: 7.78000e-01 Training loss 4.78941e-03 Validation loss 5.01577e-03 Time taken: 0.12 seconds 
Epoch: 16/200 Train accuracy: 7.83882e-01 Validation accuracy: 7.76333e-01 Training loss 4.76127e-03 Validation loss 4.97279e-03 Time taken: 0.08 seconds 
Epoch: 17/200 Train accuracy: 7.82956e-01 Validation accuracy: 7.84667e-01 Training loss 4.73734e-03 Validation loss 4.98559e-03 Time taken: 0.08 seconds 
Epoch: 18/200 Train accuracy: 7.84951e-01 Validation accuracy: 7.83000e-01 Training loss 4.70350e-03 Validation loss 4.97529e-03 Time taken: 0.08 seconds 
Epoch: 19/200 Train accuracy: 7.86233e-01 Validation accuracy: 7.80667e-01 Training loss 4.69236e-03 Validation loss 4.90975e-03 Time taken: 0.09 seconds 
Epoch: 20/200 Train accuracy: 7.86661e-01 Validation accuracy: 7.86667e-01 Training loss 4.65912e-03 Validation loss 4.88691e-03 Time taken: 0.08 seconds 
Epoch: 21/200 Train accuracy: 7.86020e-01 Validation accuracy: 7.88000e-01 Training loss 4.64456e-03 Validation loss 4.87529e-03 Time taken: 0.08 seconds 
Epoch: 22/200 Train accuracy: 7.89654e-01 Validation accuracy: 7.88000e-01 Training loss 4.62563e-03 Validation loss 4.84918e-03 Time taken: 0.08 seconds 
Epoch: 23/200 Train accuracy: 7.88157e-01 Validation accuracy: 7.85000e-01 Training loss 4.61501e-03 Validation loss 4.85044e-03 Time taken: 0.08 seconds 
Epoch: 24/200 Train accuracy: 7.90580e-01 Validation accuracy: 7.85000e-01 Training loss 4.59466e-03 Validation loss 4.82938e-03 Time taken: 0.08 seconds 
Epoch: 25/200 Train accuracy: 7.90936e-01 Validation accuracy: 7.89000e-01 Training loss 4.58337e-03 Validation loss 4.80033e-03 Time taken: 0.08 seconds 
Epoch: 26/200 Train accuracy: 7.91221e-01 Validation accuracy: 7.85000e-01 Training loss 4.55818e-03 Validation loss 4.77587e-03 Time taken: 0.08 seconds 
Epoch: 27/200 Train accuracy: 7.91649e-01 Validation accuracy: 7.85000e-01 Training loss 4.55436e-03 Validation loss 4.78070e-03 Time taken: 0.08 seconds 
Epoch: 28/200 Train accuracy: 7.91863e-01 Validation accuracy: 7.84333e-01 Training loss 4.53608e-03 Validation loss 4.76913e-03 Time taken: 0.08 seconds 
Epoch: 29/200 Train accuracy: 7.92148e-01 Validation accuracy: 7.92333e-01 Training loss 4.52304e-03 Validation loss 4.76530e-03 Time taken: 0.08 seconds 
Epoch: 30/200 Train accuracy: 7.93003e-01 Validation accuracy: 7.86000e-01 Training loss 4.50875e-03 Validation loss 4.74226e-03 Time taken: 0.08 seconds 
Epoch: 31/200 Train accuracy: 7.94998e-01 Validation accuracy: 7.86667e-01 Training loss 4.49823e-03 Validation loss 4.72308e-03 Time taken: 0.09 seconds 
Epoch: 32/200 Train accuracy: 7.94000e-01 Validation accuracy: 7.95000e-01 Training loss 4.49171e-03 Validation loss 4.73496e-03 Time taken: 0.08 seconds 
Epoch: 33/200 Train accuracy: 7.94998e-01 Validation accuracy: 7.89667e-01 Training loss 4.48114e-03 Validation loss 4.74179e-03 Time taken: 0.08 seconds 
Epoch: 34/200 Train accuracy: 7.95425e-01 Validation accuracy: 7.91333e-01 Training loss 4.46841e-03 Validation loss 4.70006e-03 Time taken: 0.08 seconds 
Epoch: 35/200 Train accuracy: 7.95354e-01 Validation accuracy: 7.86667e-01 Training loss 4.47048e-03 Validation loss 4.68864e-03 Time taken: 0.08 seconds 
Epoch: 36/200 Train accuracy: 7.95568e-01 Validation accuracy: 7.91000e-01 Training loss 4.45511e-03 Validation loss 4.71496e-03 Time taken: 0.08 seconds 
Epoch: 37/200 Train accuracy: 7.97207e-01 Validation accuracy: 7.94333e-01 Training loss 4.43781e-03 Validation loss 4.70988e-03 Time taken: 0.08 seconds 
Epoch: 38/200 Train accuracy: 7.94285e-01 Validation accuracy: 7.94333e-01 Training loss 4.44410e-03 Validation loss 4.67467e-03 Time taken: 0.08 seconds 
Epoch: 39/200 Train accuracy: 7.97064e-01 Validation accuracy: 7.90667e-01 Training loss 4.42222e-03 Validation loss 4.66816e-03 Time taken: 0.08 seconds 
Epoch: 40/200 Train accuracy: 7.97064e-01 Validation accuracy: 7.94000e-01 Training loss 4.42014e-03 Validation loss 4.64351e-03 Time taken: 0.08 seconds 
Epoch: 41/200 Train accuracy: 7.96708e-01 Validation accuracy: 7.97000e-01 Training loss 4.41082e-03 Validation loss 4.65189e-03 Time taken: 0.08 seconds 
Epoch: 42/200 Train accuracy: 7.99701e-01 Validation accuracy: 7.91667e-01 Training loss 4.40499e-03 Validation loss 4.64621e-03 Time taken: 0.08 seconds 
Epoch: 43/200 Train accuracy: 7.97492e-01 Validation accuracy: 7.97000e-01 Training loss 4.39849e-03 Validation loss 4.66773e-03 Time taken: 0.08 seconds 
Epoch: 44/200 Train accuracy: 7.97777e-01 Validation accuracy: 7.98667e-01 Training loss 4.38649e-03 Validation loss 4.64259e-03 Time taken: 0.09 seconds 
Epoch: 45/200 Train accuracy: 7.97421e-01 Validation accuracy: 7.89667e-01 Training loss 4.38219e-03 Validation loss 4.62411e-03 Time taken: 0.08 seconds 
Epoch: 46/200 Train accuracy: 7.99344e-01 Validation accuracy: 7.92000e-01 Training loss 4.37171e-03 Validation loss 4.61259e-03 Time taken: 0.11 seconds 
Epoch: 47/200 Train accuracy: 7.98917e-01 Validation accuracy: 8.00667e-01 Training loss 4.36776e-03 Validation loss 4.61543e-03 Time taken: 0.14 seconds 
Epoch: 48/200 Train accuracy: 7.99701e-01 Validation accuracy: 7.96667e-01 Training loss 4.36299e-03 Validation loss 4.59312e-03 Time taken: 0.16 seconds 
Epoch: 49/200 Train accuracy: 7.99202e-01 Validation accuracy: 7.99667e-01 Training loss 4.35616e-03 Validation loss 4.59777e-03 Time taken: 0.14 seconds 
Epoch: 50/200 Train accuracy: 8.00841e-01 Validation accuracy: 7.99000e-01 Training loss 4.35001e-03 Validation loss 4.59800e-03 Time taken: 0.15 seconds 
Epoch: 51/200 Train accuracy: 8.00271e-01 Validation accuracy: 7.98333e-01 Training loss 4.34231e-03 Validation loss 4.60240e-03 Time taken: 0.15 seconds 
Epoch: 52/200 Train accuracy: 8.01482e-01 Validation accuracy: 7.99000e-01 Training loss 4.34284e-03 Validation loss 4.57837e-03 Time taken: 0.14 seconds 
Epoch: 53/200 Train accuracy: 7.99986e-01 Validation accuracy: 7.97000e-01 Training loss 4.32812e-03 Validation loss 4.57047e-03 Time taken: 0.14 seconds 
Epoch: 54/200 Train accuracy: 7.99772e-01 Validation accuracy: 8.01000e-01 Training loss 4.32195e-03 Validation loss 4.56766e-03 Time taken: 0.14 seconds 
Epoch: 55/200 Train accuracy: 7.99986e-01 Validation accuracy: 8.00667e-01 Training loss 4.32059e-03 Validation loss 4.58624e-03 Time taken: 0.14 seconds 
Epoch: 56/200 Train accuracy: 8.01268e-01 Validation accuracy: 8.00000e-01 Training loss 4.31271e-03 Validation loss 4.55446e-03 Time taken: 0.15 seconds 
Epoch: 57/200 Train accuracy: 8.03050e-01 Validation accuracy: 8.01333e-01 Training loss 4.31044e-03 Validation loss 4.56961e-03 Time taken: 0.14 seconds 
Epoch: 58/200 Train accuracy: 8.01981e-01 Validation accuracy: 8.04000e-01 Training loss 4.30195e-03 Validation loss 4.57177e-03 Time taken: 0.14 seconds 
Epoch: 59/200 Train accuracy: 8.00770e-01 Validation accuracy: 8.04667e-01 Training loss 4.30627e-03 Validation loss 4.58781e-03 Time taken: 0.15 seconds 
Epoch: 60/200 Train accuracy: 8.01268e-01 Validation accuracy: 8.01667e-01 Training loss 4.30249e-03 Validation loss 4.58017e-03 Time taken: 0.15 seconds 
Epoch: 61/200 Train accuracy: 8.01767e-01 Validation accuracy: 7.98000e-01 Training loss 4.28985e-03 Validation loss 4.54315e-03 Time taken: 0.14 seconds 
Epoch: 62/200 Train accuracy: 8.04047e-01 Validation accuracy: 8.03667e-01 Training loss 4.28582e-03 Validation loss 4.53948e-03 Time taken: 0.14 seconds 
Epoch: 63/200 Train accuracy: 8.02836e-01 Validation accuracy: 7.95333e-01 Training loss 4.28648e-03 Validation loss 4.52195e-03 Time taken: 0.14 seconds 
Epoch: 64/200 Train accuracy: 8.04689e-01 Validation accuracy: 8.03333e-01 Training loss 4.27222e-03 Validation loss 4.54544e-03 Time taken: 0.14 seconds 
Epoch: 65/200 Train accuracy: 8.02765e-01 Validation accuracy: 7.97667e-01 Training loss 4.27661e-03 Validation loss 4.53929e-03 Time taken: 0.14 seconds 
Epoch: 66/200 Train accuracy: 8.03976e-01 Validation accuracy: 8.01333e-01 Training loss 4.26990e-03 Validation loss 4.51815e-03 Time taken: 0.14 seconds 
Epoch: 67/200 Train accuracy: 8.05187e-01 Validation accuracy: 8.03000e-01 Training loss 4.26573e-03 Validation loss 4.50837e-03 Time taken: 0.14 seconds 
Epoch: 68/200 Train accuracy: 8.03549e-01 Validation accuracy: 8.03333e-01 Training loss 4.25289e-03 Validation loss 4.52212e-03 Time taken: 0.13 seconds 
Epoch: 69/200 Train accuracy: 8.03335e-01 Validation accuracy: 8.01000e-01 Training loss 4.25542e-03 Validation loss 4.51889e-03 Time taken: 0.14 seconds 
Epoch: 70/200 Train accuracy: 8.04190e-01 Validation accuracy: 8.01667e-01 Training loss 4.25603e-03 Validation loss 4.50101e-03 Time taken: 0.11 seconds 
Epoch: 71/200 Train accuracy: 8.05259e-01 Validation accuracy: 8.04000e-01 Training loss 4.24187e-03 Validation loss 4.49721e-03 Time taken: 0.08 seconds 
Epoch: 72/200 Train accuracy: 8.04119e-01 Validation accuracy: 8.03333e-01 Training loss 4.24495e-03 Validation loss 4.50454e-03 Time taken: 0.08 seconds 
Epoch: 73/200 Train accuracy: 8.05615e-01 Validation accuracy: 8.04000e-01 Training loss 4.23350e-03 Validation loss 4.48079e-03 Time taken: 0.08 seconds 
Epoch: 74/200 Train accuracy: 8.04831e-01 Validation accuracy: 8.06333e-01 Training loss 4.23381e-03 Validation loss 4.49869e-03 Time taken: 0.08 seconds 
Epoch: 75/200 Train accuracy: 8.04902e-01 Validation accuracy: 8.03000e-01 Training loss 4.23131e-03 Validation loss 4.48157e-03 Time taken: 0.08 seconds 
Epoch: 76/200 Train accuracy: 8.05686e-01 Validation accuracy: 8.01333e-01 Training loss 4.22229e-03 Validation loss 4.49665e-03 Time taken: 0.12 seconds 
Epoch: 77/200 Train accuracy: 8.05615e-01 Validation accuracy: 7.98333e-01 Training loss 4.21634e-03 Validation loss 4.47353e-03 Time taken: 0.12 seconds 
Epoch: 78/200 Train accuracy: 8.04617e-01 Validation accuracy: 8.01333e-01 Training loss 4.21845e-03 Validation loss 4.47385e-03 Time taken: 0.14 seconds 
Epoch: 79/200 Train accuracy: 8.05116e-01 Validation accuracy: 8.05667e-01 Training loss 4.21906e-03 Validation loss 4.50163e-03 Time taken: 0.14 seconds 
Epoch: 80/200 Train accuracy: 8.05900e-01 Validation accuracy: 8.03667e-01 Training loss 4.21970e-03 Validation loss 4.46626e-03 Time taken: 0.16 seconds 
Epoch: 81/200 Train accuracy: 8.04831e-01 Validation accuracy: 8.02333e-01 Training loss 4.21146e-03 Validation loss 4.46382e-03 Time taken: 0.15 seconds 
Epoch: 82/200 Train accuracy: 8.04689e-01 Validation accuracy: 8.06000e-01 Training loss 4.20855e-03 Validation loss 4.45975e-03 Time taken: 0.15 seconds 
Epoch: 83/200 Train accuracy: 8.06969e-01 Validation accuracy: 8.03667e-01 Training loss 4.19872e-03 Validation loss 4.45239e-03 Time taken: 0.14 seconds 
Epoch: 84/200 Train accuracy: 8.06826e-01 Validation accuracy: 8.03333e-01 Training loss 4.19677e-03 Validation loss 4.45319e-03 Time taken: 0.14 seconds 
Epoch: 85/200 Train accuracy: 8.06684e-01 Validation accuracy: 8.04333e-01 Training loss 4.19282e-03 Validation loss 4.46077e-03 Time taken: 0.14 seconds 
Epoch: 86/200 Train accuracy: 8.04902e-01 Validation accuracy: 8.06000e-01 Training loss 4.19054e-03 Validation loss 4.45359e-03 Time taken: 0.14 seconds 
Epoch: 87/200 Train accuracy: 8.08251e-01 Validation accuracy: 8.06000e-01 Training loss 4.18784e-03 Validation loss 4.44744e-03 Time taken: 0.14 seconds 
Epoch: 88/200 Train accuracy: 8.07040e-01 Validation accuracy: 8.03000e-01 Training loss 4.18420e-03 Validation loss 4.45286e-03 Time taken: 0.14 seconds 
Epoch: 89/200 Train accuracy: 8.07824e-01 Validation accuracy: 8.07000e-01 Training loss 4.18106e-03 Validation loss 4.44400e-03 Time taken: 0.14 seconds 
Epoch: 90/200 Train accuracy: 8.05472e-01 Validation accuracy: 8.06333e-01 Training loss 4.17071e-03 Validation loss 4.45758e-03 Time taken: 0.16 seconds 
Epoch: 91/200 Train accuracy: 8.07539e-01 Validation accuracy: 8.06333e-01 Training loss 4.17376e-03 Validation loss 4.46933e-03 Time taken: 0.16 seconds 
Epoch: 92/200 Train accuracy: 8.07183e-01 Validation accuracy: 8.08000e-01 Training loss 4.17360e-03 Validation loss 4.45266e-03 Time taken: 0.15 seconds 
Epoch: 93/200 Train accuracy: 8.09035e-01 Validation accuracy: 8.06667e-01 Training loss 4.17579e-03 Validation loss 4.44429e-03 Time taken: 0.16 seconds 
Epoch: 94/200 Train accuracy: 8.06969e-01 Validation accuracy: 8.02333e-01 Training loss 4.16672e-03 Validation loss 4.45808e-03 Time taken: 0.13 seconds 
Epoch: 95/200 Train accuracy: 8.06684e-01 Validation accuracy: 8.07333e-01 Training loss 4.16217e-03 Validation loss 4.41986e-03 Time taken: 0.14 seconds 
Epoch: 96/200 Train accuracy: 8.09391e-01 Validation accuracy: 8.05667e-01 Training loss 4.16319e-03 Validation loss 4.42726e-03 Time taken: 0.15 seconds 
Epoch: 97/200 Train accuracy: 8.08038e-01 Validation accuracy: 8.09000e-01 Training loss 4.16850e-03 Validation loss 4.42761e-03 Time taken: 0.14 seconds 
Epoch: 98/200 Train accuracy: 8.08251e-01 Validation accuracy: 8.05333e-01 Training loss 4.15364e-03 Validation loss 4.42759e-03 Time taken: 0.15 seconds 
Epoch: 99/200 Train accuracy: 8.08465e-01 Validation accuracy: 8.07000e-01 Training loss 4.16471e-03 Validation loss 4.41777e-03 Time taken: 0.14 seconds 
Epoch: 100/200 Train accuracy: 8.08251e-01 Validation accuracy: 8.07667e-01 Training loss 4.15402e-03 Validation loss 4.42653e-03 Time taken: 0.14 seconds 
Epoch: 101/200 Train accuracy: 8.08394e-01 Validation accuracy: 8.08000e-01 Training loss 4.15465e-03 Validation loss 4.43054e-03 Time taken: 0.16 seconds 
Epoch: 102/200 Train accuracy: 8.08180e-01 Validation accuracy: 8.06333e-01 Training loss 4.14650e-03 Validation loss 4.43045e-03 Time taken: 0.14 seconds 
Epoch: 103/200 Train accuracy: 8.08893e-01 Validation accuracy: 8.07667e-01 Training loss 4.14055e-03 Validation loss 4.40848e-03 Time taken: 0.14 seconds 
Epoch: 104/200 Train accuracy: 8.10033e-01 Validation accuracy: 8.01333e-01 Training loss 4.14135e-03 Validation loss 4.41171e-03 Time taken: 0.16 seconds 
Epoch: 105/200 Train accuracy: 8.11173e-01 Validation accuracy: 8.04000e-01 Training loss 4.13691e-03 Validation loss 4.40504e-03 Time taken: 0.13 seconds 
Epoch: 106/200 Train accuracy: 8.09676e-01 Validation accuracy: 8.01333e-01 Training loss 4.13733e-03 Validation loss 4.40406e-03 Time taken: 0.15 seconds 
Epoch: 107/200 Train accuracy: 8.09890e-01 Validation accuracy: 8.08000e-01 Training loss 4.13089e-03 Validation loss 4.40981e-03 Time taken: 0.16 seconds 
Epoch: 108/200 Train accuracy: 8.10318e-01 Validation accuracy: 8.06000e-01 Training loss 4.13035e-03 Validation loss 4.39272e-03 Time taken: 0.16 seconds 
Epoch: 109/200 Train accuracy: 8.08750e-01 Validation accuracy: 8.03667e-01 Training loss 4.12469e-03 Validation loss 4.38866e-03 Time taken: 0.14 seconds 
Epoch: 110/200 Train accuracy: 8.10603e-01 Validation accuracy: 8.07333e-01 Training loss 4.12845e-03 Validation loss 4.39461e-03 Time taken: 0.15 seconds 
Epoch: 111/200 Train accuracy: 8.10175e-01 Validation accuracy: 8.07667e-01 Training loss 4.12746e-03 Validation loss 4.40583e-03 Time taken: 0.15 seconds 
Epoch: 112/200 Train accuracy: 8.09249e-01 Validation accuracy: 8.05000e-01 Training loss 4.11850e-03 Validation loss 4.37827e-03 Time taken: 0.15 seconds 
Epoch: 113/200 Train accuracy: 8.08893e-01 Validation accuracy: 8.06000e-01 Training loss 4.12031e-03 Validation loss 4.40715e-03 Time taken: 0.14 seconds 
Epoch: 114/200 Train accuracy: 8.10460e-01 Validation accuracy: 8.09667e-01 Training loss 4.11285e-03 Validation loss 4.40425e-03 Time taken: 0.15 seconds 
Epoch: 115/200 Train accuracy: 8.10959e-01 Validation accuracy: 8.07000e-01 Training loss 4.11175e-03 Validation loss 4.38048e-03 Time taken: 0.14 seconds 
Epoch: 116/200 Train accuracy: 8.10389e-01 Validation accuracy: 8.06333e-01 Training loss 4.11364e-03 Validation loss 4.39719e-03 Time taken: 0.15 seconds 
Epoch: 117/200 Train accuracy: 8.10532e-01 Validation accuracy: 8.02000e-01 Training loss 4.11128e-03 Validation loss 4.38813e-03 Time taken: 0.14 seconds 
Epoch: 118/200 Train accuracy: 8.10460e-01 Validation accuracy: 8.01667e-01 Training loss 4.10676e-03 Validation loss 4.41714e-03 Time taken: 0.16 seconds 
Epoch: 119/200 Train accuracy: 8.11030e-01 Validation accuracy: 8.10000e-01 Training loss 4.11328e-03 Validation loss 4.42913e-03 Time taken: 0.14 seconds 
Epoch: 120/200 Train accuracy: 8.10817e-01 Validation accuracy: 8.07000e-01 Training loss 4.11002e-03 Validation loss 4.36427e-03 Time taken: 0.14 seconds 
Epoch: 121/200 Train accuracy: 8.11885e-01 Validation accuracy: 8.05333e-01 Training loss 4.10403e-03 Validation loss 4.38270e-03 Time taken: 0.13 seconds 
Epoch: 122/200 Train accuracy: 8.12028e-01 Validation accuracy: 8.05667e-01 Training loss 4.10341e-03 Validation loss 4.41013e-03 Time taken: 0.14 seconds 
Epoch: 123/200 Train accuracy: 8.11814e-01 Validation accuracy: 8.04333e-01 Training loss 4.10087e-03 Validation loss 4.36578e-03 Time taken: 0.15 seconds 
Epoch: 124/200 Train accuracy: 8.12099e-01 Validation accuracy: 8.06667e-01 Training loss 4.09780e-03 Validation loss 4.36192e-03 Time taken: 0.14 seconds 
Epoch: 125/200 Train accuracy: 8.10817e-01 Validation accuracy: 8.08667e-01 Training loss 4.09684e-03 Validation loss 4.38386e-03 Time taken: 0.15 seconds 
Epoch: 126/200 Train accuracy: 8.11957e-01 Validation accuracy: 8.09333e-01 Training loss 4.09002e-03 Validation loss 4.37316e-03 Time taken: 0.15 seconds 
Epoch: 127/200 Train accuracy: 8.11315e-01 Validation accuracy: 8.10000e-01 Training loss 4.09170e-03 Validation loss 4.37388e-03 Time taken: 0.14 seconds 
Epoch: 128/200 Train accuracy: 8.12455e-01 Validation accuracy: 8.09667e-01 Training loss 4.08977e-03 Validation loss 4.36276e-03 Time taken: 0.08 seconds 
Epoch: 129/200 Train accuracy: 8.12669e-01 Validation accuracy: 8.04667e-01 Training loss 4.08406e-03 Validation loss 4.37963e-03 Time taken: 0.08 seconds 
Epoch: 130/200 Train accuracy: 8.10959e-01 Validation accuracy: 8.08000e-01 Training loss 4.08828e-03 Validation loss 4.35804e-03 Time taken: 0.08 seconds 
Epoch: 131/200 Train accuracy: 8.11315e-01 Validation accuracy: 8.06000e-01 Training loss 4.08453e-03 Validation loss 4.35641e-03 Time taken: 0.08 seconds 
Epoch: 132/200 Train accuracy: 8.13453e-01 Validation accuracy: 8.04333e-01 Training loss 4.07985e-03 Validation loss 4.35136e-03 Time taken: 0.08 seconds 
Epoch: 133/200 Train accuracy: 8.10674e-01 Validation accuracy: 8.06667e-01 Training loss 4.07597e-03 Validation loss 4.36302e-03 Time taken: 0.08 seconds 
Epoch: 134/200 Train accuracy: 8.12313e-01 Validation accuracy: 8.08333e-01 Training loss 4.07750e-03 Validation loss 4.35267e-03 Time taken: 0.08 seconds 
Epoch: 135/200 Train accuracy: 8.13026e-01 Validation accuracy: 8.07333e-01 Training loss 4.07366e-03 Validation loss 4.35851e-03 Time taken: 0.08 seconds 
Epoch: 136/200 Train accuracy: 8.12028e-01 Validation accuracy: 8.05333e-01 Training loss 4.07710e-03 Validation loss 4.41655e-03 Time taken: 0.08 seconds 
Epoch: 137/200 Train accuracy: 8.11030e-01 Validation accuracy: 8.05667e-01 Training loss 4.07344e-03 Validation loss 4.38568e-03 Time taken: 0.11 seconds 
Epoch: 138/200 Train accuracy: 8.12669e-01 Validation accuracy: 8.11333e-01 Training loss 4.06969e-03 Validation loss 4.34354e-03 Time taken: 0.08 seconds 
Epoch: 139/200 Train accuracy: 8.14023e-01 Validation accuracy: 8.07333e-01 Training loss 4.07337e-03 Validation loss 4.32811e-03 Time taken: 0.08 seconds 
Epoch: 140/200 Train accuracy: 8.14664e-01 Validation accuracy: 8.04000e-01 Training loss 4.06673e-03 Validation loss 4.32905e-03 Time taken: 0.08 seconds 
Epoch: 141/200 Train accuracy: 8.11743e-01 Validation accuracy: 8.05667e-01 Training loss 4.06477e-03 Validation loss 4.33841e-03 Time taken: 0.08 seconds 
Epoch: 142/200 Train accuracy: 8.13382e-01 Validation accuracy: 8.09667e-01 Training loss 4.06373e-03 Validation loss 4.33456e-03 Time taken: 0.08 seconds 
Epoch: 143/200 Train accuracy: 8.13809e-01 Validation accuracy: 8.12333e-01 Training loss 4.06272e-03 Validation loss 4.34958e-03 Time taken: 0.08 seconds 
Epoch: 144/200 Train accuracy: 8.13311e-01 Validation accuracy: 8.09667e-01 Training loss 4.05756e-03 Validation loss 4.34682e-03 Time taken: 0.08 seconds 
Epoch: 145/200 Train accuracy: 8.12455e-01 Validation accuracy: 8.06333e-01 Training loss 4.05942e-03 Validation loss 4.33942e-03 Time taken: 0.08 seconds 
Epoch: 146/200 Train accuracy: 8.12812e-01 Validation accuracy: 8.09333e-01 Training loss 4.05880e-03 Validation loss 4.32245e-03 Time taken: 0.08 seconds 
Epoch: 147/200 Train accuracy: 8.11315e-01 Validation accuracy: 8.07333e-01 Training loss 4.05053e-03 Validation loss 4.39581e-03 Time taken: 0.08 seconds 
Epoch: 148/200 Train accuracy: 8.12313e-01 Validation accuracy: 8.04667e-01 Training loss 4.05967e-03 Validation loss 4.35499e-03 Time taken: 0.08 seconds 
Epoch: 149/200 Train accuracy: 8.14237e-01 Validation accuracy: 8.06000e-01 Training loss 4.05160e-03 Validation loss 4.34344e-03 Time taken: 0.08 seconds 
Epoch: 150/200 Train accuracy: 8.13596e-01 Validation accuracy: 8.08333e-01 Training loss 4.04796e-03 Validation loss 4.36056e-03 Time taken: 0.08 seconds 
Epoch: 151/200 Train accuracy: 8.13239e-01 Validation accuracy: 8.07667e-01 Training loss 4.04684e-03 Validation loss 4.31571e-03 Time taken: 0.08 seconds 
Epoch: 152/200 Train accuracy: 8.13667e-01 Validation accuracy: 8.08333e-01 Training loss 4.04304e-03 Validation loss 4.32763e-03 Time taken: 0.08 seconds 
Epoch: 153/200 Train accuracy: 8.14451e-01 Validation accuracy: 8.11333e-01 Training loss 4.04501e-03 Validation loss 4.33229e-03 Time taken: 0.08 seconds 
Epoch: 154/200 Train accuracy: 8.12598e-01 Validation accuracy: 8.07000e-01 Training loss 4.04361e-03 Validation loss 4.32492e-03 Time taken: 0.08 seconds 
Epoch: 155/200 Train accuracy: 8.11244e-01 Validation accuracy: 8.10000e-01 Training loss 4.04602e-03 Validation loss 4.32592e-03 Time taken: 0.08 seconds 
Epoch: 156/200 Train accuracy: 8.13952e-01 Validation accuracy: 8.09667e-01 Training loss 4.04291e-03 Validation loss 4.33419e-03 Time taken: 0.08 seconds 
Epoch: 157/200 Train accuracy: 8.14593e-01 Validation accuracy: 8.08000e-01 Training loss 4.03156e-03 Validation loss 4.31097e-03 Time taken: 0.08 seconds 
Epoch: 158/200 Train accuracy: 8.14023e-01 Validation accuracy: 8.08667e-01 Training loss 4.04122e-03 Validation loss 4.32767e-03 Time taken: 0.08 seconds 
Epoch: 159/200 Train accuracy: 8.13809e-01 Validation accuracy: 8.10333e-01 Training loss 4.04194e-03 Validation loss 4.30675e-03 Time taken: 0.08 seconds 
Epoch: 160/200 Train accuracy: 8.10959e-01 Validation accuracy: 8.09000e-01 Training loss 4.04196e-03 Validation loss 4.31479e-03 Time taken: 0.08 seconds 
Epoch: 161/200 Train accuracy: 8.13524e-01 Validation accuracy: 8.08333e-01 Training loss 4.03445e-03 Validation loss 4.29826e-03 Time taken: 0.08 seconds 
Epoch: 162/200 Train accuracy: 8.16731e-01 Validation accuracy: 8.07333e-01 Training loss 4.03497e-03 Validation loss 4.30864e-03 Time taken: 0.08 seconds 
Epoch: 163/200 Train accuracy: 8.14736e-01 Validation accuracy: 8.06333e-01 Training loss 4.02417e-03 Validation loss 4.34336e-03 Time taken: 0.10 seconds 
Epoch: 164/200 Train accuracy: 8.15519e-01 Validation accuracy: 8.09000e-01 Training loss 4.02445e-03 Validation loss 4.32398e-03 Time taken: 0.11 seconds 
Epoch: 165/200 Train accuracy: 8.13952e-01 Validation accuracy: 8.11000e-01 Training loss 4.03099e-03 Validation loss 4.30252e-03 Time taken: 0.08 seconds 
Epoch: 166/200 Train accuracy: 8.15662e-01 Validation accuracy: 8.09667e-01 Training loss 4.02900e-03 Validation loss 4.29914e-03 Time taken: 0.08 seconds 
Epoch: 167/200 Train accuracy: 8.15234e-01 Validation accuracy: 8.10333e-01 Training loss 4.02143e-03 Validation loss 4.28963e-03 Time taken: 0.08 seconds 
Epoch: 168/200 Train accuracy: 8.14023e-01 Validation accuracy: 8.08000e-01 Training loss 4.02692e-03 Validation loss 4.33190e-03 Time taken: 0.08 seconds 
Epoch: 169/200 Train accuracy: 8.14451e-01 Validation accuracy: 8.10000e-01 Training loss 4.02218e-03 Validation loss 4.28829e-03 Time taken: 0.08 seconds 
Epoch: 170/200 Train accuracy: 8.14736e-01 Validation accuracy: 8.08667e-01 Training loss 4.01792e-03 Validation loss 4.30584e-03 Time taken: 0.08 seconds 
Epoch: 171/200 Train accuracy: 8.14878e-01 Validation accuracy: 8.12000e-01 Training loss 4.01799e-03 Validation loss 4.29962e-03 Time taken: 0.08 seconds 
Epoch: 172/200 Train accuracy: 8.15092e-01 Validation accuracy: 8.10000e-01 Training loss 4.01812e-03 Validation loss 4.30275e-03 Time taken: 0.08 seconds 
Epoch: 173/200 Train accuracy: 8.15662e-01 Validation accuracy: 8.09333e-01 Training loss 4.01381e-03 Validation loss 4.28134e-03 Time taken: 0.08 seconds 
Epoch: 174/200 Train accuracy: 8.14308e-01 Validation accuracy: 8.09000e-01 Training loss 4.01513e-03 Validation loss 4.30447e-03 Time taken: 0.08 seconds 
Epoch: 175/200 Train accuracy: 8.15519e-01 Validation accuracy: 8.10667e-01 Training loss 4.02347e-03 Validation loss 4.31528e-03 Time taken: 0.08 seconds 
Epoch: 176/200 Train accuracy: 8.14878e-01 Validation accuracy: 8.07333e-01 Training loss 4.01826e-03 Validation loss 4.29119e-03 Time taken: 0.08 seconds 
Epoch: 177/200 Train accuracy: 8.17372e-01 Validation accuracy: 8.10333e-01 Training loss 4.01115e-03 Validation loss 4.30621e-03 Time taken: 0.08 seconds 
Epoch: 178/200 Train accuracy: 8.16873e-01 Validation accuracy: 8.09667e-01 Training loss 4.00547e-03 Validation loss 4.28040e-03 Time taken: 0.08 seconds 
Epoch: 179/200 Train accuracy: 8.14949e-01 Validation accuracy: 8.10667e-01 Training loss 4.01130e-03 Validation loss 4.28798e-03 Time taken: 0.08 seconds 
Epoch: 180/200 Train accuracy: 8.14949e-01 Validation accuracy: 8.10000e-01 Training loss 4.00648e-03 Validation loss 4.29783e-03 Time taken: 0.08 seconds 
Epoch: 181/200 Train accuracy: 8.14664e-01 Validation accuracy: 8.08667e-01 Training loss 4.00745e-03 Validation loss 4.27764e-03 Time taken: 0.08 seconds 
Epoch: 182/200 Train accuracy: 8.15234e-01 Validation accuracy: 8.09333e-01 Training loss 4.00140e-03 Validation loss 4.29022e-03 Time taken: 0.08 seconds 
Epoch: 183/200 Train accuracy: 8.15662e-01 Validation accuracy: 8.11333e-01 Training loss 3.99383e-03 Validation loss 4.28193e-03 Time taken: 0.08 seconds 
Epoch: 184/200 Train accuracy: 8.15021e-01 Validation accuracy: 8.08667e-01 Training loss 4.00768e-03 Validation loss 4.28574e-03 Time taken: 0.08 seconds 
Epoch: 185/200 Train accuracy: 8.16446e-01 Validation accuracy: 8.11667e-01 Training loss 3.99327e-03 Validation loss 4.28744e-03 Time taken: 0.08 seconds 
Epoch: 186/200 Train accuracy: 8.15377e-01 Validation accuracy: 8.09333e-01 Training loss 4.00640e-03 Validation loss 4.27634e-03 Time taken: 0.08 seconds 
Epoch: 187/200 Train accuracy: 8.16375e-01 Validation accuracy: 8.12000e-01 Training loss 3.99834e-03 Validation loss 4.27942e-03 Time taken: 0.08 seconds 
Epoch: 188/200 Train accuracy: 8.16446e-01 Validation accuracy: 8.05000e-01 Training loss 3.99298e-03 Validation loss 4.30602e-03 Time taken: 0.08 seconds 
Epoch: 189/200 Train accuracy: 8.17230e-01 Validation accuracy: 8.09000e-01 Training loss 3.99508e-03 Validation loss 4.26178e-03 Time taken: 0.11 seconds 
Epoch: 190/200 Train accuracy: 8.17158e-01 Validation accuracy: 8.08667e-01 Training loss 3.99703e-03 Validation loss 4.25942e-03 Time taken: 0.16 seconds 
Epoch: 191/200 Train accuracy: 8.16303e-01 Validation accuracy: 8.08000e-01 Training loss 3.99788e-03 Validation loss 4.26957e-03 Time taken: 0.08 seconds 
Epoch: 192/200 Train accuracy: 8.15876e-01 Validation accuracy: 8.15333e-01 Training loss 3.99302e-03 Validation loss 4.27753e-03 Time taken: 0.08 seconds 
Epoch: 193/200 Train accuracy: 8.17443e-01 Validation accuracy: 8.10333e-01 Training loss 3.99208e-03 Validation loss 4.30017e-03 Time taken: 0.08 seconds 
Epoch: 194/200 Train accuracy: 8.17443e-01 Validation accuracy: 8.10333e-01 Training loss 3.98775e-03 Validation loss 4.26256e-03 Time taken: 0.08 seconds 
Epoch: 195/200 Train accuracy: 8.17301e-01 Validation accuracy: 8.08667e-01 Training loss 3.98991e-03 Validation loss 4.27776e-03 Time taken: 0.08 seconds 
Epoch: 196/200 Train accuracy: 8.17443e-01 Validation accuracy: 8.13667e-01 Training loss 3.98726e-03 Validation loss 4.27175e-03 Time taken: 0.08 seconds 
Epoch: 197/200 Train accuracy: 8.17158e-01 Validation accuracy: 8.11000e-01 Training loss 3.98845e-03 Validation loss 4.26162e-03 Time taken: 0.08 seconds 
Epoch: 198/200 Train accuracy: 8.14736e-01 Validation accuracy: 8.11000e-01 Training loss 3.98650e-03 Validation loss 4.27739e-03 Time taken: 0.08 seconds 
Epoch: 199/200 Train accuracy: 8.16802e-01 Validation accuracy: 8.09667e-01 Training loss 3.98998e-03 Validation loss 4.25193e-03 Time taken: 0.08 seconds 
Epoch: 200/200 Train accuracy: 8.17800e-01 Validation accuracy: 8.11667e-01 Training loss 3.97640e-03 Validation loss 4.27621e-03 Time taken: 0.08 seconds 
Total time taken 0:00:22.187043
Cleaning up intermediate feature (.pt) files
Done


working on file logs_PKT_chunks_different_seeds/iic-train-l2-pkt-chunks-seed4-pred12/jepa-iic-ep100.pth.tar ...
Directory logs_PKT_chunks_different_seeds/iic-train-l2-pkt-chunks-seed4-pred12/classifiers for saving the classifiers is now present
VisionTransformer(
  (patch_embed): PatchEmbed(
    (proj): Conv2d(3, 768, kernel_size=(15, 15), stride=(15, 15))
  )
  (blocks): ModuleList(
    (0-11): 12 x Block(
      (norm1): LayerNorm((768,), eps=1e-06, elementwise_affine=True)
      (attn): Attention(
        (qkv): Linear(in_features=768, out_features=2304, bias=True)
        (attn_drop): Dropout(p=0.0, inplace=False)
        (proj): Linear(in_features=768, out_features=768, bias=True)
        (proj_drop): Dropout(p=0.0, inplace=False)
      )
      (drop_path): Identity()
      (norm2): LayerNorm((768,), eps=1e-06, elementwise_affine=True)
      (mlp): MLP(
        (fc1): Linear(in_features=768, out_features=3072, bias=True)
        (act): GELU(approximate='none')
        (fc2): Linear(in_features=3072, out_features=768, bias=True)
        (drop): Dropout(p=0.0, inplace=False)
      )
    )
  )
  (norm): LayerNorm((768,), eps=1e-06, elementwise_affine=True)
)
Extracting features and saving them in memory..
Extracting features...
Time taken to extract features: 24.562696960987523
Epoch: 1/200 Train accuracy: 4.36440e-01 Validation accuracy: 5.51000e-01 Training loss 1.16372e-02 Validation loss 9.99879e-03 Time taken: 0.08 seconds 
Epoch: 2/200 Train accuracy: 5.87217e-01 Validation accuracy: 5.94667e-01 Training loss 9.00729e-03 Validation loss 8.89993e-03 Time taken: 0.08 seconds 
Epoch: 3/200 Train accuracy: 6.13083e-01 Validation accuracy: 6.05333e-01 Training loss 8.26516e-03 Validation loss 8.39889e-03 Time taken: 0.08 seconds 
Epoch: 4/200 Train accuracy: 6.22417e-01 Validation accuracy: 6.14333e-01 Training loss 7.88518e-03 Validation loss 8.13844e-03 Time taken: 0.08 seconds 
Epoch: 5/200 Train accuracy: 6.32322e-01 Validation accuracy: 6.16667e-01 Training loss 7.64336e-03 Validation loss 7.92558e-03 Time taken: 0.08 seconds 
Epoch: 6/200 Train accuracy: 6.44364e-01 Validation accuracy: 6.28333e-01 Training loss 7.45722e-03 Validation loss 7.75179e-03 Time taken: 0.08 seconds 
Epoch: 7/200 Train accuracy: 6.48568e-01 Validation accuracy: 6.40667e-01 Training loss 7.31887e-03 Validation loss 7.63672e-03 Time taken: 0.08 seconds 
Epoch: 8/200 Train accuracy: 6.53413e-01 Validation accuracy: 6.40667e-01 Training loss 7.22345e-03 Validation loss 7.55332e-03 Time taken: 0.11 seconds 
Epoch: 9/200 Train accuracy: 6.59185e-01 Validation accuracy: 6.46333e-01 Training loss 7.13779e-03 Validation loss 7.52573e-03 Time taken: 0.11 seconds 
Epoch: 10/200 Train accuracy: 6.60254e-01 Validation accuracy: 6.49000e-01 Training loss 7.06711e-03 Validation loss 7.41770e-03 Time taken: 0.08 seconds 
Epoch: 11/200 Train accuracy: 6.63033e-01 Validation accuracy: 6.51667e-01 Training loss 7.01013e-03 Validation loss 7.37316e-03 Time taken: 0.08 seconds 
Epoch: 12/200 Train accuracy: 6.64814e-01 Validation accuracy: 6.56667e-01 Training loss 6.96006e-03 Validation loss 7.33307e-03 Time taken: 0.10 seconds 
Epoch: 13/200 Train accuracy: 6.65384e-01 Validation accuracy: 6.48333e-01 Training loss 6.92425e-03 Validation loss 7.35573e-03 Time taken: 0.14 seconds 
Epoch: 14/200 Train accuracy: 6.68947e-01 Validation accuracy: 6.55667e-01 Training loss 6.88355e-03 Validation loss 7.23751e-03 Time taken: 0.15 seconds 
Epoch: 15/200 Train accuracy: 6.70087e-01 Validation accuracy: 6.61000e-01 Training loss 6.84344e-03 Validation loss 7.24444e-03 Time taken: 0.15 seconds 
Epoch: 16/200 Train accuracy: 6.70016e-01 Validation accuracy: 6.59333e-01 Training loss 6.83045e-03 Validation loss 7.19876e-03 Time taken: 0.14 seconds 
Epoch: 17/200 Train accuracy: 6.72510e-01 Validation accuracy: 6.51000e-01 Training loss 6.79481e-03 Validation loss 7.19772e-03 Time taken: 0.16 seconds 
Epoch: 18/200 Train accuracy: 6.74434e-01 Validation accuracy: 6.65333e-01 Training loss 6.77717e-03 Validation loss 7.17398e-03 Time taken: 0.16 seconds 
Epoch: 19/200 Train accuracy: 6.74291e-01 Validation accuracy: 6.63667e-01 Training loss 6.74823e-03 Validation loss 7.18034e-03 Time taken: 0.14 seconds 
Epoch: 20/200 Train accuracy: 6.75431e-01 Validation accuracy: 6.60333e-01 Training loss 6.72617e-03 Validation loss 7.12030e-03 Time taken: 0.16 seconds 
Epoch: 21/200 Train accuracy: 6.75289e-01 Validation accuracy: 6.64667e-01 Training loss 6.71212e-03 Validation loss 7.09164e-03 Time taken: 0.14 seconds 
Epoch: 22/200 Train accuracy: 6.77711e-01 Validation accuracy: 6.65333e-01 Training loss 6.69755e-03 Validation loss 7.07046e-03 Time taken: 0.14 seconds 
Epoch: 23/200 Train accuracy: 6.77141e-01 Validation accuracy: 6.64000e-01 Training loss 6.67528e-03 Validation loss 7.08330e-03 Time taken: 0.15 seconds 
Epoch: 24/200 Train accuracy: 6.78068e-01 Validation accuracy: 6.66000e-01 Training loss 6.66096e-03 Validation loss 7.05952e-03 Time taken: 0.14 seconds 
Epoch: 25/200 Train accuracy: 6.80063e-01 Validation accuracy: 6.63333e-01 Training loss 6.64208e-03 Validation loss 7.03051e-03 Time taken: 0.14 seconds 
Epoch: 26/200 Train accuracy: 6.81559e-01 Validation accuracy: 6.66000e-01 Training loss 6.64306e-03 Validation loss 7.03514e-03 Time taken: 0.14 seconds 
Epoch: 27/200 Train accuracy: 6.80847e-01 Validation accuracy: 6.63333e-01 Training loss 6.61957e-03 Validation loss 7.00814e-03 Time taken: 0.14 seconds 
Epoch: 28/200 Train accuracy: 6.80490e-01 Validation accuracy: 6.62333e-01 Training loss 6.60920e-03 Validation loss 7.00362e-03 Time taken: 0.14 seconds 
Epoch: 29/200 Train accuracy: 6.79920e-01 Validation accuracy: 6.68333e-01 Training loss 6.59404e-03 Validation loss 7.02372e-03 Time taken: 0.15 seconds 
Epoch: 30/200 Train accuracy: 6.81844e-01 Validation accuracy: 6.59667e-01 Training loss 6.58461e-03 Validation loss 7.07984e-03 Time taken: 0.14 seconds 
Epoch: 31/200 Train accuracy: 6.82485e-01 Validation accuracy: 6.62000e-01 Training loss 6.57937e-03 Validation loss 7.00060e-03 Time taken: 0.15 seconds 
Epoch: 32/200 Train accuracy: 6.82770e-01 Validation accuracy: 6.73667e-01 Training loss 6.57389e-03 Validation loss 6.97374e-03 Time taken: 0.17 seconds 
Epoch: 33/200 Train accuracy: 6.85407e-01 Validation accuracy: 6.74667e-01 Training loss 6.56141e-03 Validation loss 6.95661e-03 Time taken: 0.14 seconds 
Epoch: 34/200 Train accuracy: 6.83697e-01 Validation accuracy: 6.59667e-01 Training loss 6.55950e-03 Validation loss 7.01498e-03 Time taken: 0.15 seconds 
Epoch: 35/200 Train accuracy: 6.86119e-01 Validation accuracy: 6.66000e-01 Training loss 6.54747e-03 Validation loss 6.94705e-03 Time taken: 0.14 seconds 
Epoch: 36/200 Train accuracy: 6.85122e-01 Validation accuracy: 6.73000e-01 Training loss 6.53755e-03 Validation loss 6.94729e-03 Time taken: 0.15 seconds 
Epoch: 37/200 Train accuracy: 6.85193e-01 Validation accuracy: 6.71667e-01 Training loss 6.52755e-03 Validation loss 6.92671e-03 Time taken: 0.14 seconds 
Epoch: 38/200 Train accuracy: 6.85336e-01 Validation accuracy: 6.72667e-01 Training loss 6.52428e-03 Validation loss 6.92703e-03 Time taken: 0.14 seconds 
Epoch: 39/200 Train accuracy: 6.85051e-01 Validation accuracy: 6.73333e-01 Training loss 6.52540e-03 Validation loss 6.96831e-03 Time taken: 0.14 seconds 
Epoch: 40/200 Train accuracy: 6.85122e-01 Validation accuracy: 6.74333e-01 Training loss 6.51567e-03 Validation loss 6.92430e-03 Time taken: 0.15 seconds 
Epoch: 41/200 Train accuracy: 6.87331e-01 Validation accuracy: 6.79333e-01 Training loss 6.50537e-03 Validation loss 6.88869e-03 Time taken: 0.15 seconds 
Epoch: 42/200 Train accuracy: 6.87901e-01 Validation accuracy: 6.78333e-01 Training loss 6.50059e-03 Validation loss 6.87760e-03 Time taken: 0.14 seconds 
Epoch: 43/200 Train accuracy: 6.87545e-01 Validation accuracy: 6.67667e-01 Training loss 6.48872e-03 Validation loss 6.93836e-03 Time taken: 0.15 seconds 
Epoch: 44/200 Train accuracy: 6.85977e-01 Validation accuracy: 6.70667e-01 Training loss 6.48753e-03 Validation loss 6.94737e-03 Time taken: 0.14 seconds 
Epoch: 45/200 Train accuracy: 6.87687e-01 Validation accuracy: 6.79000e-01 Training loss 6.47789e-03 Validation loss 6.85769e-03 Time taken: 0.16 seconds 
Epoch: 46/200 Train accuracy: 6.89540e-01 Validation accuracy: 6.82667e-01 Training loss 6.46258e-03 Validation loss 6.86794e-03 Time taken: 0.16 seconds 
Epoch: 47/200 Train accuracy: 6.87545e-01 Validation accuracy: 6.74667e-01 Training loss 6.46018e-03 Validation loss 6.85359e-03 Time taken: 0.13 seconds 
Epoch: 48/200 Train accuracy: 6.90181e-01 Validation accuracy: 6.77333e-01 Training loss 6.46398e-03 Validation loss 6.88409e-03 Time taken: 0.15 seconds 
Epoch: 49/200 Train accuracy: 6.90038e-01 Validation accuracy: 6.72667e-01 Training loss 6.45915e-03 Validation loss 6.86735e-03 Time taken: 0.15 seconds 
Epoch: 50/200 Train accuracy: 6.91036e-01 Validation accuracy: 6.78667e-01 Training loss 6.44884e-03 Validation loss 6.86807e-03 Time taken: 0.15 seconds 
Epoch: 51/200 Train accuracy: 6.91250e-01 Validation accuracy: 6.77000e-01 Training loss 6.43833e-03 Validation loss 6.84787e-03 Time taken: 0.15 seconds 
Epoch: 52/200 Train accuracy: 6.90965e-01 Validation accuracy: 6.71000e-01 Training loss 6.44054e-03 Validation loss 6.85421e-03 Time taken: 0.13 seconds 
Epoch: 53/200 Train accuracy: 6.90395e-01 Validation accuracy: 6.75667e-01 Training loss 6.43884e-03 Validation loss 6.85455e-03 Time taken: 0.14 seconds 
Epoch: 54/200 Train accuracy: 6.91107e-01 Validation accuracy: 6.69667e-01 Training loss 6.43806e-03 Validation loss 6.83372e-03 Time taken: 0.14 seconds 
Epoch: 55/200 Train accuracy: 6.89896e-01 Validation accuracy: 6.78000e-01 Training loss 6.43907e-03 Validation loss 6.81314e-03 Time taken: 0.14 seconds 
Epoch: 56/200 Train accuracy: 6.90466e-01 Validation accuracy: 6.76000e-01 Training loss 6.41560e-03 Validation loss 6.81874e-03 Time taken: 0.15 seconds 
Epoch: 57/200 Train accuracy: 6.90537e-01 Validation accuracy: 6.80333e-01 Training loss 6.41707e-03 Validation loss 6.80602e-03 Time taken: 0.16 seconds 
Epoch: 58/200 Train accuracy: 6.91677e-01 Validation accuracy: 6.75333e-01 Training loss 6.41694e-03 Validation loss 6.82992e-03 Time taken: 0.14 seconds 
Epoch: 59/200 Train accuracy: 6.94029e-01 Validation accuracy: 6.80333e-01 Training loss 6.40344e-03 Validation loss 6.79683e-03 Time taken: 0.13 seconds 
Epoch: 60/200 Train accuracy: 6.90181e-01 Validation accuracy: 6.81000e-01 Training loss 6.41630e-03 Validation loss 6.80652e-03 Time taken: 0.14 seconds 
Epoch: 61/200 Train accuracy: 6.92319e-01 Validation accuracy: 6.73667e-01 Training loss 6.40801e-03 Validation loss 6.82676e-03 Time taken: 0.13 seconds 
Epoch: 62/200 Train accuracy: 6.92960e-01 Validation accuracy: 6.74667e-01 Training loss 6.39631e-03 Validation loss 6.82809e-03 Time taken: 0.16 seconds 
Epoch: 63/200 Train accuracy: 6.92960e-01 Validation accuracy: 6.75333e-01 Training loss 6.40207e-03 Validation loss 6.80419e-03 Time taken: 0.16 seconds 
Epoch: 64/200 Train accuracy: 6.93387e-01 Validation accuracy: 6.86000e-01 Training loss 6.38932e-03 Validation loss 6.80371e-03 Time taken: 0.14 seconds 
Epoch: 65/200 Train accuracy: 6.92817e-01 Validation accuracy: 6.81000e-01 Training loss 6.38027e-03 Validation loss 6.79565e-03 Time taken: 0.16 seconds 
Epoch: 66/200 Train accuracy: 6.93174e-01 Validation accuracy: 6.81333e-01 Training loss 6.38231e-03 Validation loss 6.78149e-03 Time taken: 0.14 seconds 
Epoch: 67/200 Train accuracy: 6.93601e-01 Validation accuracy: 6.84333e-01 Training loss 6.38383e-03 Validation loss 6.78780e-03 Time taken: 0.15 seconds 
Epoch: 68/200 Train accuracy: 6.93530e-01 Validation accuracy: 6.83000e-01 Training loss 6.37347e-03 Validation loss 6.77609e-03 Time taken: 0.16 seconds 
Epoch: 69/200 Train accuracy: 6.95596e-01 Validation accuracy: 6.74667e-01 Training loss 6.37152e-03 Validation loss 6.79284e-03 Time taken: 0.14 seconds 
Epoch: 70/200 Train accuracy: 6.92105e-01 Validation accuracy: 6.81333e-01 Training loss 6.37399e-03 Validation loss 6.77393e-03 Time taken: 0.15 seconds 
Epoch: 71/200 Train accuracy: 6.95953e-01 Validation accuracy: 6.81333e-01 Training loss 6.35908e-03 Validation loss 6.74920e-03 Time taken: 0.14 seconds 
Epoch: 72/200 Train accuracy: 6.93886e-01 Validation accuracy: 6.85000e-01 Training loss 6.36845e-03 Validation loss 6.77674e-03 Time taken: 0.14 seconds 
Epoch: 73/200 Train accuracy: 6.94456e-01 Validation accuracy: 6.81000e-01 Training loss 6.36476e-03 Validation loss 6.75282e-03 Time taken: 0.14 seconds 
Epoch: 74/200 Train accuracy: 6.96380e-01 Validation accuracy: 6.73667e-01 Training loss 6.35509e-03 Validation loss 6.79421e-03 Time taken: 0.14 seconds 
Epoch: 75/200 Train accuracy: 6.96166e-01 Validation accuracy: 6.77000e-01 Training loss 6.36214e-03 Validation loss 6.79042e-03 Time taken: 0.09 seconds 
Epoch: 76/200 Train accuracy: 6.95668e-01 Validation accuracy: 6.79667e-01 Training loss 6.34940e-03 Validation loss 6.81089e-03 Time taken: 0.08 seconds 
Epoch: 77/200 Train accuracy: 6.95026e-01 Validation accuracy: 6.86333e-01 Training loss 6.34308e-03 Validation loss 6.74022e-03 Time taken: 0.08 seconds 
Epoch: 78/200 Train accuracy: 6.93601e-01 Validation accuracy: 6.87000e-01 Training loss 6.35601e-03 Validation loss 6.74262e-03 Time taken: 0.08 seconds 
Epoch: 79/200 Train accuracy: 6.97235e-01 Validation accuracy: 6.84333e-01 Training loss 6.34475e-03 Validation loss 6.72983e-03 Time taken: 0.08 seconds 
Epoch: 80/200 Train accuracy: 6.94813e-01 Validation accuracy: 6.82000e-01 Training loss 6.34083e-03 Validation loss 6.75337e-03 Time taken: 0.08 seconds 
Epoch: 81/200 Train accuracy: 6.94599e-01 Validation accuracy: 6.84667e-01 Training loss 6.32880e-03 Validation loss 6.74252e-03 Time taken: 0.08 seconds 
Epoch: 82/200 Train accuracy: 6.96665e-01 Validation accuracy: 6.78333e-01 Training loss 6.33003e-03 Validation loss 6.75708e-03 Time taken: 0.08 seconds 
Epoch: 83/200 Train accuracy: 6.98375e-01 Validation accuracy: 6.84667e-01 Training loss 6.32635e-03 Validation loss 6.71755e-03 Time taken: 0.08 seconds 
Epoch: 84/200 Train accuracy: 6.94599e-01 Validation accuracy: 6.73667e-01 Training loss 6.33643e-03 Validation loss 6.75472e-03 Time taken: 0.08 seconds 
Epoch: 85/200 Train accuracy: 6.96879e-01 Validation accuracy: 6.78667e-01 Training loss 6.33328e-03 Validation loss 6.76526e-03 Time taken: 0.08 seconds 
Epoch: 86/200 Train accuracy: 6.95169e-01 Validation accuracy: 6.80667e-01 Training loss 6.32509e-03 Validation loss 6.73710e-03 Time taken: 0.08 seconds 
Epoch: 87/200 Train accuracy: 6.96166e-01 Validation accuracy: 6.89667e-01 Training loss 6.31947e-03 Validation loss 6.71856e-03 Time taken: 0.08 seconds 
Epoch: 88/200 Train accuracy: 6.98874e-01 Validation accuracy: 6.85333e-01 Training loss 6.31474e-03 Validation loss 6.73859e-03 Time taken: 0.08 seconds 
Epoch: 89/200 Train accuracy: 6.95525e-01 Validation accuracy: 6.80333e-01 Training loss 6.31444e-03 Validation loss 6.78379e-03 Time taken: 0.10 seconds 
Epoch: 90/200 Train accuracy: 6.96665e-01 Validation accuracy: 6.84333e-01 Training loss 6.31085e-03 Validation loss 6.70132e-03 Time taken: 0.15 seconds 
Epoch: 91/200 Train accuracy: 6.96095e-01 Validation accuracy: 6.91000e-01 Training loss 6.31690e-03 Validation loss 6.70344e-03 Time taken: 0.16 seconds 
Epoch: 92/200 Train accuracy: 6.98589e-01 Validation accuracy: 6.84667e-01 Training loss 6.31017e-03 Validation loss 6.70304e-03 Time taken: 0.14 seconds 
Epoch: 93/200 Train accuracy: 6.95953e-01 Validation accuracy: 6.89667e-01 Training loss 6.30701e-03 Validation loss 6.72273e-03 Time taken: 0.14 seconds 
Epoch: 94/200 Train accuracy: 6.97520e-01 Validation accuracy: 6.85667e-01 Training loss 6.30600e-03 Validation loss 6.71018e-03 Time taken: 0.10 seconds 
Epoch: 95/200 Train accuracy: 6.98233e-01 Validation accuracy: 6.84667e-01 Training loss 6.30706e-03 Validation loss 6.69715e-03 Time taken: 0.08 seconds 
Epoch: 96/200 Train accuracy: 6.98090e-01 Validation accuracy: 6.89333e-01 Training loss 6.30555e-03 Validation loss 6.73145e-03 Time taken: 0.10 seconds 
Epoch: 97/200 Train accuracy: 6.98233e-01 Validation accuracy: 6.84667e-01 Training loss 6.29981e-03 Validation loss 6.68702e-03 Time taken: 0.08 seconds 
Epoch: 98/200 Train accuracy: 6.99658e-01 Validation accuracy: 6.88667e-01 Training loss 6.29927e-03 Validation loss 6.70338e-03 Time taken: 0.08 seconds 
Epoch: 99/200 Train accuracy: 6.98803e-01 Validation accuracy: 6.84000e-01 Training loss 6.29647e-03 Validation loss 6.69003e-03 Time taken: 0.08 seconds 
Epoch: 100/200 Train accuracy: 6.96166e-01 Validation accuracy: 6.87000e-01 Training loss 6.29843e-03 Validation loss 6.67840e-03 Time taken: 0.08 seconds 
Epoch: 101/200 Train accuracy: 6.99515e-01 Validation accuracy: 6.85333e-01 Training loss 6.28655e-03 Validation loss 6.68325e-03 Time taken: 0.08 seconds 
Epoch: 102/200 Train accuracy: 6.99302e-01 Validation accuracy: 6.88333e-01 Training loss 6.27913e-03 Validation loss 6.69102e-03 Time taken: 0.08 seconds 
Epoch: 103/200 Train accuracy: 6.97093e-01 Validation accuracy: 6.91333e-01 Training loss 6.28999e-03 Validation loss 6.70789e-03 Time taken: 0.08 seconds 
Epoch: 104/200 Train accuracy: 6.97948e-01 Validation accuracy: 6.80333e-01 Training loss 6.28466e-03 Validation loss 6.70363e-03 Time taken: 0.08 seconds 
Epoch: 105/200 Train accuracy: 7.00513e-01 Validation accuracy: 6.86667e-01 Training loss 6.28102e-03 Validation loss 6.67626e-03 Time taken: 0.08 seconds 
Epoch: 106/200 Train accuracy: 6.98518e-01 Validation accuracy: 6.88667e-01 Training loss 6.28306e-03 Validation loss 6.69691e-03 Time taken: 0.08 seconds 
Epoch: 107/200 Train accuracy: 7.00869e-01 Validation accuracy: 6.86333e-01 Training loss 6.26950e-03 Validation loss 6.73576e-03 Time taken: 0.08 seconds 
Epoch: 108/200 Train accuracy: 6.97734e-01 Validation accuracy: 6.93333e-01 Training loss 6.27039e-03 Validation loss 6.71220e-03 Time taken: 0.08 seconds 
Epoch: 109/200 Train accuracy: 6.98803e-01 Validation accuracy: 6.85333e-01 Training loss 6.27462e-03 Validation loss 6.65969e-03 Time taken: 0.08 seconds 
Epoch: 110/200 Train accuracy: 6.99373e-01 Validation accuracy: 6.85667e-01 Training loss 6.27305e-03 Validation loss 6.67821e-03 Time taken: 0.08 seconds 
Epoch: 111/200 Train accuracy: 6.98090e-01 Validation accuracy: 6.86333e-01 Training loss 6.27495e-03 Validation loss 6.66403e-03 Time taken: 0.08 seconds 
Epoch: 112/200 Train accuracy: 6.99943e-01 Validation accuracy: 6.86333e-01 Training loss 6.26055e-03 Validation loss 6.67853e-03 Time taken: 0.08 seconds 
Epoch: 113/200 Train accuracy: 6.99587e-01 Validation accuracy: 6.89333e-01 Training loss 6.27093e-03 Validation loss 6.70339e-03 Time taken: 0.08 seconds 
Epoch: 114/200 Train accuracy: 6.99373e-01 Validation accuracy: 6.88000e-01 Training loss 6.27084e-03 Validation loss 6.65526e-03 Time taken: 0.08 seconds 
Epoch: 115/200 Train accuracy: 6.98803e-01 Validation accuracy: 6.88000e-01 Training loss 6.26542e-03 Validation loss 6.67174e-03 Time taken: 0.08 seconds 
Epoch: 116/200 Train accuracy: 6.99729e-01 Validation accuracy: 6.87667e-01 Training loss 6.25656e-03 Validation loss 6.66563e-03 Time taken: 0.08 seconds 
Epoch: 117/200 Train accuracy: 6.99088e-01 Validation accuracy: 6.81667e-01 Training loss 6.25903e-03 Validation loss 6.67541e-03 Time taken: 0.08 seconds 
Epoch: 118/200 Train accuracy: 7.01154e-01 Validation accuracy: 6.91333e-01 Training loss 6.26685e-03 Validation loss 6.70608e-03 Time taken: 0.08 seconds 
Epoch: 119/200 Train accuracy: 6.99872e-01 Validation accuracy: 6.86667e-01 Training loss 6.25590e-03 Validation loss 6.66830e-03 Time taken: 0.08 seconds 
Epoch: 120/200 Train accuracy: 6.99444e-01 Validation accuracy: 6.92000e-01 Training loss 6.25781e-03 Validation loss 6.67753e-03 Time taken: 0.08 seconds 
Epoch: 121/200 Train accuracy: 6.99800e-01 Validation accuracy: 6.88333e-01 Training loss 6.25356e-03 Validation loss 6.64968e-03 Time taken: 0.08 seconds 
Epoch: 122/200 Train accuracy: 7.02152e-01 Validation accuracy: 6.86333e-01 Training loss 6.24497e-03 Validation loss 6.67598e-03 Time taken: 0.10 seconds 
Epoch: 123/200 Train accuracy: 6.99373e-01 Validation accuracy: 6.91333e-01 Training loss 6.24945e-03 Validation loss 6.66404e-03 Time taken: 0.08 seconds 
Epoch: 124/200 Train accuracy: 6.98019e-01 Validation accuracy: 6.92667e-01 Training loss 6.25302e-03 Validation loss 6.70932e-03 Time taken: 0.08 seconds 
Epoch: 125/200 Train accuracy: 7.01439e-01 Validation accuracy: 6.94667e-01 Training loss 6.24790e-03 Validation loss 6.66446e-03 Time taken: 0.08 seconds 
Epoch: 126/200 Train accuracy: 7.01154e-01 Validation accuracy: 6.92000e-01 Training loss 6.24433e-03 Validation loss 6.64210e-03 Time taken: 0.08 seconds 
Epoch: 127/200 Train accuracy: 7.01724e-01 Validation accuracy: 6.88000e-01 Training loss 6.23973e-03 Validation loss 6.64287e-03 Time taken: 0.08 seconds 
Epoch: 128/200 Train accuracy: 6.99943e-01 Validation accuracy: 6.92667e-01 Training loss 6.24883e-03 Validation loss 6.63893e-03 Time taken: 0.08 seconds 
Epoch: 129/200 Train accuracy: 7.03363e-01 Validation accuracy: 6.87667e-01 Training loss 6.24223e-03 Validation loss 6.63104e-03 Time taken: 0.08 seconds 
Epoch: 130/200 Train accuracy: 7.02793e-01 Validation accuracy: 6.85667e-01 Training loss 6.23899e-03 Validation loss 6.64198e-03 Time taken: 0.08 seconds 
Epoch: 131/200 Train accuracy: 6.99017e-01 Validation accuracy: 6.87333e-01 Training loss 6.24318e-03 Validation loss 6.65125e-03 Time taken: 0.08 seconds 
Epoch: 132/200 Train accuracy: 7.00727e-01 Validation accuracy: 6.88333e-01 Training loss 6.24324e-03 Validation loss 6.64171e-03 Time taken: 0.08 seconds 
Epoch: 133/200 Train accuracy: 7.00727e-01 Validation accuracy: 6.93000e-01 Training loss 6.23082e-03 Validation loss 6.66219e-03 Time taken: 0.08 seconds 
Epoch: 134/200 Train accuracy: 7.02793e-01 Validation accuracy: 6.94000e-01 Training loss 6.22899e-03 Validation loss 6.65435e-03 Time taken: 0.08 seconds 
Epoch: 135/200 Train accuracy: 7.02152e-01 Validation accuracy: 6.87000e-01 Training loss 6.24030e-03 Validation loss 6.62807e-03 Time taken: 0.08 seconds 
Epoch: 136/200 Train accuracy: 7.02651e-01 Validation accuracy: 6.90667e-01 Training loss 6.22277e-03 Validation loss 6.63422e-03 Time taken: 0.08 seconds 
Epoch: 137/200 Train accuracy: 7.00228e-01 Validation accuracy: 6.89667e-01 Training loss 6.23494e-03 Validation loss 6.61293e-03 Time taken: 0.08 seconds 
Epoch: 138/200 Train accuracy: 7.02366e-01 Validation accuracy: 6.86333e-01 Training loss 6.22888e-03 Validation loss 6.63982e-03 Time taken: 0.08 seconds 
Epoch: 139/200 Train accuracy: 7.01226e-01 Validation accuracy: 6.96000e-01 Training loss 6.23037e-03 Validation loss 6.64188e-03 Time taken: 0.08 seconds 
Epoch: 140/200 Train accuracy: 7.00656e-01 Validation accuracy: 6.86667e-01 Training loss 6.21762e-03 Validation loss 6.62983e-03 Time taken: 0.08 seconds 
Epoch: 141/200 Train accuracy: 7.01582e-01 Validation accuracy: 6.87667e-01 Training loss 6.23250e-03 Validation loss 6.61777e-03 Time taken: 0.08 seconds 
Epoch: 142/200 Train accuracy: 7.01226e-01 Validation accuracy: 6.85667e-01 Training loss 6.22082e-03 Validation loss 6.63542e-03 Time taken: 0.08 seconds 
Epoch: 143/200 Train accuracy: 7.01511e-01 Validation accuracy: 6.89667e-01 Training loss 6.22196e-03 Validation loss 6.60769e-03 Time taken: 0.08 seconds 
Epoch: 144/200 Train accuracy: 7.00869e-01 Validation accuracy: 6.90667e-01 Training loss 6.22048e-03 Validation loss 6.61858e-03 Time taken: 0.08 seconds 
Epoch: 145/200 Train accuracy: 7.03862e-01 Validation accuracy: 6.89000e-01 Training loss 6.21901e-03 Validation loss 6.61482e-03 Time taken: 0.08 seconds 
Epoch: 146/200 Train accuracy: 7.01938e-01 Validation accuracy: 6.86333e-01 Training loss 6.22355e-03 Validation loss 6.61936e-03 Time taken: 0.08 seconds 
Epoch: 147/200 Train accuracy: 7.03577e-01 Validation accuracy: 6.91000e-01 Training loss 6.21533e-03 Validation loss 6.59930e-03 Time taken: 0.09 seconds 
Epoch: 148/200 Train accuracy: 7.01226e-01 Validation accuracy: 6.89667e-01 Training loss 6.22032e-03 Validation loss 6.61886e-03 Time taken: 0.08 seconds 
Epoch: 149/200 Train accuracy: 6.99943e-01 Validation accuracy: 6.90000e-01 Training loss 6.21356e-03 Validation loss 6.61447e-03 Time taken: 0.08 seconds 
Epoch: 150/200 Train accuracy: 7.03648e-01 Validation accuracy: 6.84000e-01 Training loss 6.21512e-03 Validation loss 6.70630e-03 Time taken: 0.08 seconds 
Epoch: 151/200 Train accuracy: 7.03078e-01 Validation accuracy: 6.85667e-01 Training loss 6.21121e-03 Validation loss 6.62721e-03 Time taken: 0.08 seconds 
Epoch: 152/200 Train accuracy: 7.03149e-01 Validation accuracy: 6.87333e-01 Training loss 6.21007e-03 Validation loss 6.60238e-03 Time taken: 0.08 seconds 
Epoch: 153/200 Train accuracy: 7.01511e-01 Validation accuracy: 6.89667e-01 Training loss 6.20410e-03 Validation loss 6.61775e-03 Time taken: 0.08 seconds 
Epoch: 154/200 Train accuracy: 7.04575e-01 Validation accuracy: 6.86000e-01 Training loss 6.20611e-03 Validation loss 6.62427e-03 Time taken: 0.08 seconds 
Epoch: 155/200 Train accuracy: 7.04503e-01 Validation accuracy: 6.91667e-01 Training loss 6.19936e-03 Validation loss 6.66612e-03 Time taken: 0.08 seconds 
Epoch: 156/200 Train accuracy: 7.04361e-01 Validation accuracy: 6.87333e-01 Training loss 6.20589e-03 Validation loss 6.63197e-03 Time taken: 0.08 seconds 
Epoch: 157/200 Train accuracy: 7.02722e-01 Validation accuracy: 6.94667e-01 Training loss 6.21518e-03 Validation loss 6.63726e-03 Time taken: 0.08 seconds 
Epoch: 158/200 Train accuracy: 7.02936e-01 Validation accuracy: 6.87333e-01 Training loss 6.20116e-03 Validation loss 6.60774e-03 Time taken: 0.08 seconds 
Epoch: 159/200 Train accuracy: 7.05073e-01 Validation accuracy: 6.88333e-01 Training loss 6.20125e-03 Validation loss 6.61663e-03 Time taken: 0.08 seconds 
Epoch: 160/200 Train accuracy: 7.02437e-01 Validation accuracy: 6.94667e-01 Training loss 6.19691e-03 Validation loss 6.62851e-03 Time taken: 0.08 seconds 
Epoch: 161/200 Train accuracy: 7.02366e-01 Validation accuracy: 6.87667e-01 Training loss 6.19269e-03 Validation loss 6.61214e-03 Time taken: 0.08 seconds 
Epoch: 162/200 Train accuracy: 7.04147e-01 Validation accuracy: 6.92667e-01 Training loss 6.19442e-03 Validation loss 6.59231e-03 Time taken: 0.08 seconds 
Epoch: 163/200 Train accuracy: 7.01012e-01 Validation accuracy: 6.93333e-01 Training loss 6.19380e-03 Validation loss 6.61522e-03 Time taken: 0.08 seconds 
Epoch: 164/200 Train accuracy: 7.04860e-01 Validation accuracy: 6.87667e-01 Training loss 6.18749e-03 Validation loss 6.63184e-03 Time taken: 0.08 seconds 
Epoch: 165/200 Train accuracy: 7.03078e-01 Validation accuracy: 6.87333e-01 Training loss 6.19352e-03 Validation loss 6.59565e-03 Time taken: 0.08 seconds 
Epoch: 166/200 Train accuracy: 7.04717e-01 Validation accuracy: 6.92000e-01 Training loss 6.18898e-03 Validation loss 6.57437e-03 Time taken: 0.08 seconds 
Epoch: 167/200 Train accuracy: 7.04503e-01 Validation accuracy: 6.82667e-01 Training loss 6.19805e-03 Validation loss 6.64320e-03 Time taken: 0.08 seconds 
Epoch: 168/200 Train accuracy: 7.03435e-01 Validation accuracy: 6.94333e-01 Training loss 6.18687e-03 Validation loss 6.61552e-03 Time taken: 0.08 seconds 
Epoch: 169/200 Train accuracy: 7.02864e-01 Validation accuracy: 6.89333e-01 Training loss 6.19348e-03 Validation loss 6.58631e-03 Time taken: 0.08 seconds 
Epoch: 170/200 Train accuracy: 7.02864e-01 Validation accuracy: 6.89000e-01 Training loss 6.18250e-03 Validation loss 6.59730e-03 Time taken: 0.08 seconds 
Epoch: 171/200 Train accuracy: 7.02294e-01 Validation accuracy: 6.93333e-01 Training loss 6.20549e-03 Validation loss 6.56961e-03 Time taken: 0.08 seconds 
Epoch: 172/200 Train accuracy: 7.04860e-01 Validation accuracy: 6.96667e-01 Training loss 6.18676e-03 Validation loss 6.59903e-03 Time taken: 0.08 seconds 
Epoch: 173/200 Train accuracy: 7.02579e-01 Validation accuracy: 6.85000e-01 Training loss 6.19093e-03 Validation loss 6.60671e-03 Time taken: 0.10 seconds 
Epoch: 174/200 Train accuracy: 7.03221e-01 Validation accuracy: 6.91000e-01 Training loss 6.18554e-03 Validation loss 6.57953e-03 Time taken: 0.08 seconds 
Epoch: 175/200 Train accuracy: 7.05715e-01 Validation accuracy: 6.93667e-01 Training loss 6.17658e-03 Validation loss 6.56862e-03 Time taken: 0.08 seconds 
Epoch: 176/200 Train accuracy: 7.04503e-01 Validation accuracy: 6.90333e-01 Training loss 6.17541e-03 Validation loss 6.59099e-03 Time taken: 0.08 seconds 
Epoch: 177/200 Train accuracy: 7.03720e-01 Validation accuracy: 6.93667e-01 Training loss 6.18230e-03 Validation loss 6.60866e-03 Time taken: 0.08 seconds 
Epoch: 178/200 Train accuracy: 7.04005e-01 Validation accuracy: 6.93667e-01 Training loss 6.18714e-03 Validation loss 6.58687e-03 Time taken: 0.08 seconds 
Epoch: 179/200 Train accuracy: 7.03791e-01 Validation accuracy: 6.87333e-01 Training loss 6.17906e-03 Validation loss 6.59359e-03 Time taken: 0.08 seconds 
Epoch: 180/200 Train accuracy: 7.04788e-01 Validation accuracy: 6.96333e-01 Training loss 6.17992e-03 Validation loss 6.56673e-03 Time taken: 0.08 seconds 
Epoch: 181/200 Train accuracy: 7.03720e-01 Validation accuracy: 6.90333e-01 Training loss 6.18462e-03 Validation loss 6.59516e-03 Time taken: 0.08 seconds 
Epoch: 182/200 Train accuracy: 7.02722e-01 Validation accuracy: 6.91333e-01 Training loss 6.18764e-03 Validation loss 6.57651e-03 Time taken: 0.08 seconds 
Epoch: 183/200 Train accuracy: 7.04503e-01 Validation accuracy: 6.94333e-01 Training loss 6.16641e-03 Validation loss 6.56158e-03 Time taken: 0.08 seconds 
Epoch: 184/200 Train accuracy: 7.03577e-01 Validation accuracy: 6.87333e-01 Training loss 6.17167e-03 Validation loss 6.59533e-03 Time taken: 0.08 seconds 
Epoch: 185/200 Train accuracy: 7.06000e-01 Validation accuracy: 6.93333e-01 Training loss 6.17125e-03 Validation loss 6.55565e-03 Time taken: 0.08 seconds 
Epoch: 186/200 Train accuracy: 7.04361e-01 Validation accuracy: 6.88333e-01 Training loss 6.16695e-03 Validation loss 6.64625e-03 Time taken: 0.08 seconds 
Epoch: 187/200 Train accuracy: 7.06784e-01 Validation accuracy: 6.88000e-01 Training loss 6.16308e-03 Validation loss 6.57578e-03 Time taken: 0.08 seconds 
Epoch: 188/200 Train accuracy: 7.05715e-01 Validation accuracy: 6.93667e-01 Training loss 6.16803e-03 Validation loss 6.56839e-03 Time taken: 0.08 seconds 
Epoch: 189/200 Train accuracy: 7.04788e-01 Validation accuracy: 6.90333e-01 Training loss 6.17083e-03 Validation loss 6.56582e-03 Time taken: 0.08 seconds 
Epoch: 190/200 Train accuracy: 7.04646e-01 Validation accuracy: 6.87667e-01 Training loss 6.17216e-03 Validation loss 6.57863e-03 Time taken: 0.08 seconds 
Epoch: 191/200 Train accuracy: 7.04575e-01 Validation accuracy: 6.88667e-01 Training loss 6.16406e-03 Validation loss 6.59375e-03 Time taken: 0.08 seconds 
Epoch: 192/200 Train accuracy: 7.04076e-01 Validation accuracy: 6.93667e-01 Training loss 6.17163e-03 Validation loss 6.55800e-03 Time taken: 0.08 seconds 
Epoch: 193/200 Train accuracy: 7.05002e-01 Validation accuracy: 6.93667e-01 Training loss 6.16615e-03 Validation loss 6.55222e-03 Time taken: 0.08 seconds 
Epoch: 194/200 Train accuracy: 7.02437e-01 Validation accuracy: 6.95000e-01 Training loss 6.17412e-03 Validation loss 6.63194e-03 Time taken: 0.08 seconds 
Epoch: 195/200 Train accuracy: 7.06356e-01 Validation accuracy: 6.93333e-01 Training loss 6.15886e-03 Validation loss 6.55033e-03 Time taken: 0.08 seconds 
Epoch: 196/200 Train accuracy: 7.03577e-01 Validation accuracy: 6.91667e-01 Training loss 6.16581e-03 Validation loss 6.55417e-03 Time taken: 0.08 seconds 
Epoch: 197/200 Train accuracy: 7.05287e-01 Validation accuracy: 6.92000e-01 Training loss 6.15173e-03 Validation loss 6.56653e-03 Time taken: 0.08 seconds 
Epoch: 198/200 Train accuracy: 7.05857e-01 Validation accuracy: 6.92333e-01 Training loss 6.16814e-03 Validation loss 6.55027e-03 Time taken: 0.08 seconds 
Epoch: 199/200 Train accuracy: 7.02366e-01 Validation accuracy: 6.89000e-01 Training loss 6.16908e-03 Validation loss 6.56041e-03 Time taken: 0.10 seconds 
Epoch: 200/200 Train accuracy: 7.04575e-01 Validation accuracy: 6.91667e-01 Training loss 6.16572e-03 Validation loss 6.55042e-03 Time taken: 0.08 seconds 
Total time taken 0:00:20.660189
Cleaning up intermediate feature (.pt) files
Done


working on file logs_PKT_chunks_different_seeds/iic-train-l2-pkt-chunks-seed4-pred12/jepa-iic-ep200.pth.tar ...
Directory logs_PKT_chunks_different_seeds/iic-train-l2-pkt-chunks-seed4-pred12/classifiers for saving the classifiers is now present
VisionTransformer(
  (patch_embed): PatchEmbed(
    (proj): Conv2d(3, 768, kernel_size=(15, 15), stride=(15, 15))
  )
  (blocks): ModuleList(
    (0-11): 12 x Block(
      (norm1): LayerNorm((768,), eps=1e-06, elementwise_affine=True)
      (attn): Attention(
        (qkv): Linear(in_features=768, out_features=2304, bias=True)
        (attn_drop): Dropout(p=0.0, inplace=False)
        (proj): Linear(in_features=768, out_features=768, bias=True)
        (proj_drop): Dropout(p=0.0, inplace=False)
      )
      (drop_path): Identity()
      (norm2): LayerNorm((768,), eps=1e-06, elementwise_affine=True)
      (mlp): MLP(
        (fc1): Linear(in_features=768, out_features=3072, bias=True)
        (act): GELU(approximate='none')
        (fc2): Linear(in_features=3072, out_features=768, bias=True)
        (drop): Dropout(p=0.0, inplace=False)
      )
    )
  )
  (norm): LayerNorm((768,), eps=1e-06, elementwise_affine=True)
)
Extracting features and saving them in memory..
Extracting features...
Time taken to extract features: 25.390687762061134
Epoch: 1/200 Train accuracy: 5.01211e-01 Validation accuracy: 5.97000e-01 Training loss 1.07955e-02 Validation loss 9.10543e-03 Time taken: 0.15 seconds 
Epoch: 2/200 Train accuracy: 6.34174e-01 Validation accuracy: 6.35333e-01 Training loss 8.13128e-03 Validation loss 8.02674e-03 Time taken: 0.12 seconds 
Epoch: 3/200 Train accuracy: 6.54767e-01 Validation accuracy: 6.57333e-01 Training loss 7.42305e-03 Validation loss 7.56932e-03 Time taken: 0.12 seconds 
Epoch: 4/200 Train accuracy: 6.62748e-01 Validation accuracy: 6.64000e-01 Training loss 7.07656e-03 Validation loss 7.29917e-03 Time taken: 0.10 seconds 
Epoch: 5/200 Train accuracy: 6.70942e-01 Validation accuracy: 6.65000e-01 Training loss 6.84799e-03 Validation loss 7.18270e-03 Time taken: 0.14 seconds 
Epoch: 6/200 Train accuracy: 6.79920e-01 Validation accuracy: 6.81667e-01 Training loss 6.70371e-03 Validation loss 7.00248e-03 Time taken: 0.14 seconds 
Epoch: 7/200 Train accuracy: 6.82129e-01 Validation accuracy: 6.79000e-01 Training loss 6.58600e-03 Validation loss 6.89152e-03 Time taken: 0.15 seconds 
Epoch: 8/200 Train accuracy: 6.89468e-01 Validation accuracy: 6.77667e-01 Training loss 6.48786e-03 Validation loss 6.83958e-03 Time taken: 0.14 seconds 
Epoch: 9/200 Train accuracy: 6.91749e-01 Validation accuracy: 6.89333e-01 Training loss 6.42014e-03 Validation loss 6.73598e-03 Time taken: 0.14 seconds 
Epoch: 10/200 Train accuracy: 6.98019e-01 Validation accuracy: 6.91000e-01 Training loss 6.34777e-03 Validation loss 6.68343e-03 Time taken: 0.14 seconds 
Epoch: 11/200 Train accuracy: 6.99943e-01 Validation accuracy: 6.90333e-01 Training loss 6.29229e-03 Validation loss 6.66052e-03 Time taken: 0.14 seconds 
Epoch: 12/200 Train accuracy: 7.01724e-01 Validation accuracy: 6.94667e-01 Training loss 6.24167e-03 Validation loss 6.57452e-03 Time taken: 0.14 seconds 
Epoch: 13/200 Train accuracy: 7.04503e-01 Validation accuracy: 6.90333e-01 Training loss 6.19737e-03 Validation loss 6.51529e-03 Time taken: 0.16 seconds 
Epoch: 14/200 Train accuracy: 7.06855e-01 Validation accuracy: 6.93333e-01 Training loss 6.16180e-03 Validation loss 6.52123e-03 Time taken: 0.12 seconds 
Epoch: 15/200 Train accuracy: 7.08850e-01 Validation accuracy: 6.94000e-01 Training loss 6.13232e-03 Validation loss 6.46517e-03 Time taken: 0.08 seconds 
Epoch: 16/200 Train accuracy: 7.10418e-01 Validation accuracy: 6.94667e-01 Training loss 6.10168e-03 Validation loss 6.48207e-03 Time taken: 0.08 seconds 
Epoch: 17/200 Train accuracy: 7.14479e-01 Validation accuracy: 6.97667e-01 Training loss 6.06947e-03 Validation loss 6.40417e-03 Time taken: 0.08 seconds 
Epoch: 18/200 Train accuracy: 7.11415e-01 Validation accuracy: 6.96333e-01 Training loss 6.04239e-03 Validation loss 6.38826e-03 Time taken: 0.08 seconds 
Epoch: 19/200 Train accuracy: 7.14764e-01 Validation accuracy: 7.02000e-01 Training loss 6.02243e-03 Validation loss 6.34256e-03 Time taken: 0.08 seconds 
Epoch: 20/200 Train accuracy: 7.17614e-01 Validation accuracy: 7.01667e-01 Training loss 5.99465e-03 Validation loss 6.32118e-03 Time taken: 0.08 seconds 
Epoch: 21/200 Train accuracy: 7.18826e-01 Validation accuracy: 7.04000e-01 Training loss 5.97441e-03 Validation loss 6.32068e-03 Time taken: 0.08 seconds 
Epoch: 22/200 Train accuracy: 7.21035e-01 Validation accuracy: 7.01333e-01 Training loss 5.95477e-03 Validation loss 6.29299e-03 Time taken: 0.08 seconds 
Epoch: 23/200 Train accuracy: 7.19253e-01 Validation accuracy: 7.05000e-01 Training loss 5.94027e-03 Validation loss 6.27914e-03 Time taken: 0.08 seconds 
Epoch: 24/200 Train accuracy: 7.22388e-01 Validation accuracy: 7.08667e-01 Training loss 5.91537e-03 Validation loss 6.24526e-03 Time taken: 0.08 seconds 
Epoch: 25/200 Train accuracy: 7.20465e-01 Validation accuracy: 7.04000e-01 Training loss 5.90113e-03 Validation loss 6.26285e-03 Time taken: 0.08 seconds 
Epoch: 26/200 Train accuracy: 7.22032e-01 Validation accuracy: 7.04667e-01 Training loss 5.89475e-03 Validation loss 6.23266e-03 Time taken: 0.08 seconds 
Epoch: 27/200 Train accuracy: 7.22959e-01 Validation accuracy: 7.14667e-01 Training loss 5.87136e-03 Validation loss 6.24757e-03 Time taken: 0.08 seconds 
Epoch: 28/200 Train accuracy: 7.23030e-01 Validation accuracy: 7.05667e-01 Training loss 5.86266e-03 Validation loss 6.23999e-03 Time taken: 0.08 seconds 
Epoch: 29/200 Train accuracy: 7.25167e-01 Validation accuracy: 7.05000e-01 Training loss 5.84356e-03 Validation loss 6.22522e-03 Time taken: 0.08 seconds 
Epoch: 30/200 Train accuracy: 7.25951e-01 Validation accuracy: 7.10333e-01 Training loss 5.83428e-03 Validation loss 6.18734e-03 Time taken: 0.08 seconds 
Epoch: 31/200 Train accuracy: 7.24526e-01 Validation accuracy: 7.09000e-01 Training loss 5.82662e-03 Validation loss 6.19013e-03 Time taken: 0.08 seconds 
Epoch: 32/200 Train accuracy: 7.26450e-01 Validation accuracy: 7.17000e-01 Training loss 5.81575e-03 Validation loss 6.19401e-03 Time taken: 0.08 seconds 
Epoch: 33/200 Train accuracy: 7.23386e-01 Validation accuracy: 7.18667e-01 Training loss 5.80989e-03 Validation loss 6.20690e-03 Time taken: 0.08 seconds 
Epoch: 34/200 Train accuracy: 7.25381e-01 Validation accuracy: 7.12333e-01 Training loss 5.79877e-03 Validation loss 6.15466e-03 Time taken: 0.08 seconds 
Epoch: 35/200 Train accuracy: 7.25809e-01 Validation accuracy: 7.13667e-01 Training loss 5.79063e-03 Validation loss 6.14446e-03 Time taken: 0.08 seconds 
Epoch: 36/200 Train accuracy: 7.26450e-01 Validation accuracy: 7.03667e-01 Training loss 5.76996e-03 Validation loss 6.15860e-03 Time taken: 0.08 seconds 
Epoch: 37/200 Train accuracy: 7.26023e-01 Validation accuracy: 7.13333e-01 Training loss 5.77167e-03 Validation loss 6.13337e-03 Time taken: 0.08 seconds 
Epoch: 38/200 Train accuracy: 7.27234e-01 Validation accuracy: 7.11000e-01 Training loss 5.77517e-03 Validation loss 6.11898e-03 Time taken: 0.08 seconds 
Epoch: 39/200 Train accuracy: 7.27661e-01 Validation accuracy: 7.08667e-01 Training loss 5.75559e-03 Validation loss 6.11897e-03 Time taken: 0.08 seconds 
Epoch: 40/200 Train accuracy: 7.28089e-01 Validation accuracy: 7.13333e-01 Training loss 5.75338e-03 Validation loss 6.09949e-03 Time taken: 0.10 seconds 
Epoch: 41/200 Train accuracy: 7.29015e-01 Validation accuracy: 7.16333e-01 Training loss 5.74217e-03 Validation loss 6.09149e-03 Time taken: 0.08 seconds 
Epoch: 42/200 Train accuracy: 7.30583e-01 Validation accuracy: 7.10333e-01 Training loss 5.73057e-03 Validation loss 6.11533e-03 Time taken: 0.08 seconds 
Epoch: 43/200 Train accuracy: 7.30583e-01 Validation accuracy: 7.17333e-01 Training loss 5.72905e-03 Validation loss 6.13063e-03 Time taken: 0.08 seconds 
Epoch: 44/200 Train accuracy: 7.28445e-01 Validation accuracy: 7.18333e-01 Training loss 5.71829e-03 Validation loss 6.08965e-03 Time taken: 0.08 seconds 
Epoch: 45/200 Train accuracy: 7.29158e-01 Validation accuracy: 7.14667e-01 Training loss 5.71300e-03 Validation loss 6.07258e-03 Time taken: 0.08 seconds 
Epoch: 46/200 Train accuracy: 7.29514e-01 Validation accuracy: 7.15667e-01 Training loss 5.71375e-03 Validation loss 6.05576e-03 Time taken: 0.08 seconds 
Epoch: 47/200 Train accuracy: 7.29514e-01 Validation accuracy: 7.16667e-01 Training loss 5.70417e-03 Validation loss 6.07075e-03 Time taken: 0.08 seconds 
Epoch: 48/200 Train accuracy: 7.29942e-01 Validation accuracy: 7.16333e-01 Training loss 5.70445e-03 Validation loss 6.10020e-03 Time taken: 0.08 seconds 
Epoch: 49/200 Train accuracy: 7.31010e-01 Validation accuracy: 7.18000e-01 Training loss 5.70052e-03 Validation loss 6.05131e-03 Time taken: 0.08 seconds 
Epoch: 50/200 Train accuracy: 7.32222e-01 Validation accuracy: 7.19000e-01 Training loss 5.68313e-03 Validation loss 6.05501e-03 Time taken: 0.08 seconds 
Epoch: 51/200 Train accuracy: 7.31580e-01 Validation accuracy: 7.18667e-01 Training loss 5.68892e-03 Validation loss 6.03598e-03 Time taken: 0.08 seconds 
Epoch: 52/200 Train accuracy: 7.32293e-01 Validation accuracy: 7.15333e-01 Training loss 5.68264e-03 Validation loss 6.05140e-03 Time taken: 0.08 seconds 
Epoch: 53/200 Train accuracy: 7.30583e-01 Validation accuracy: 7.19667e-01 Training loss 5.66596e-03 Validation loss 6.04965e-03 Time taken: 0.08 seconds 
Epoch: 54/200 Train accuracy: 7.31580e-01 Validation accuracy: 7.19000e-01 Training loss 5.67246e-03 Validation loss 6.02133e-03 Time taken: 0.08 seconds 
Epoch: 55/200 Train accuracy: 7.31153e-01 Validation accuracy: 7.19000e-01 Training loss 5.66855e-03 Validation loss 6.01530e-03 Time taken: 0.08 seconds 
Epoch: 56/200 Train accuracy: 7.34288e-01 Validation accuracy: 7.20333e-01 Training loss 5.66632e-03 Validation loss 6.01469e-03 Time taken: 0.08 seconds 
Epoch: 57/200 Train accuracy: 7.30725e-01 Validation accuracy: 7.17000e-01 Training loss 5.65437e-03 Validation loss 6.03212e-03 Time taken: 0.08 seconds 
Epoch: 58/200 Train accuracy: 7.30512e-01 Validation accuracy: 7.18667e-01 Training loss 5.65686e-03 Validation loss 6.01069e-03 Time taken: 0.08 seconds 
Epoch: 59/200 Train accuracy: 7.32578e-01 Validation accuracy: 7.21333e-01 Training loss 5.64827e-03 Validation loss 6.08337e-03 Time taken: 0.08 seconds 
Epoch: 60/200 Train accuracy: 7.33647e-01 Validation accuracy: 7.17667e-01 Training loss 5.64631e-03 Validation loss 5.99614e-03 Time taken: 0.08 seconds 
Epoch: 61/200 Train accuracy: 7.32364e-01 Validation accuracy: 7.23333e-01 Training loss 5.63954e-03 Validation loss 6.00406e-03 Time taken: 0.08 seconds 
Epoch: 62/200 Train accuracy: 7.33647e-01 Validation accuracy: 7.16667e-01 Training loss 5.63488e-03 Validation loss 5.99604e-03 Time taken: 0.08 seconds 
Epoch: 63/200 Train accuracy: 7.32578e-01 Validation accuracy: 7.20333e-01 Training loss 5.63396e-03 Validation loss 6.03365e-03 Time taken: 0.08 seconds 
Epoch: 64/200 Train accuracy: 7.33718e-01 Validation accuracy: 7.21333e-01 Training loss 5.62888e-03 Validation loss 5.99928e-03 Time taken: 0.08 seconds 
Epoch: 65/200 Train accuracy: 7.33291e-01 Validation accuracy: 7.26667e-01 Training loss 5.63529e-03 Validation loss 6.00771e-03 Time taken: 0.09 seconds 
Epoch: 66/200 Train accuracy: 7.34217e-01 Validation accuracy: 7.22333e-01 Training loss 5.62265e-03 Validation loss 5.99927e-03 Time taken: 0.12 seconds 
Epoch: 67/200 Train accuracy: 7.33861e-01 Validation accuracy: 7.17000e-01 Training loss 5.61899e-03 Validation loss 5.98571e-03 Time taken: 0.15 seconds 
Epoch: 68/200 Train accuracy: 7.35286e-01 Validation accuracy: 7.19667e-01 Training loss 5.61891e-03 Validation loss 6.00899e-03 Time taken: 0.14 seconds 
Epoch: 69/200 Train accuracy: 7.35214e-01 Validation accuracy: 7.18000e-01 Training loss 5.62054e-03 Validation loss 5.98406e-03 Time taken: 0.11 seconds 
Epoch: 70/200 Train accuracy: 7.33006e-01 Validation accuracy: 7.26000e-01 Training loss 5.62104e-03 Validation loss 5.98149e-03 Time taken: 0.15 seconds 
Epoch: 71/200 Train accuracy: 7.35927e-01 Validation accuracy: 7.17667e-01 Training loss 5.60201e-03 Validation loss 5.96166e-03 Time taken: 0.13 seconds 
Epoch: 72/200 Train accuracy: 7.34573e-01 Validation accuracy: 7.21000e-01 Training loss 5.59908e-03 Validation loss 5.98065e-03 Time taken: 0.14 seconds 
Epoch: 73/200 Train accuracy: 7.36640e-01 Validation accuracy: 7.19333e-01 Training loss 5.60998e-03 Validation loss 5.96714e-03 Time taken: 0.16 seconds 
Epoch: 74/200 Train accuracy: 7.34146e-01 Validation accuracy: 7.17333e-01 Training loss 5.59507e-03 Validation loss 5.95901e-03 Time taken: 0.14 seconds 
Epoch: 75/200 Train accuracy: 7.35428e-01 Validation accuracy: 7.18000e-01 Training loss 5.59761e-03 Validation loss 6.03827e-03 Time taken: 0.14 seconds 
Epoch: 76/200 Train accuracy: 7.36355e-01 Validation accuracy: 7.20667e-01 Training loss 5.59298e-03 Validation loss 5.97095e-03 Time taken: 0.16 seconds 
Epoch: 77/200 Train accuracy: 7.36711e-01 Validation accuracy: 7.27000e-01 Training loss 5.59523e-03 Validation loss 5.97014e-03 Time taken: 0.11 seconds 
Epoch: 78/200 Train accuracy: 7.35357e-01 Validation accuracy: 7.16000e-01 Training loss 5.58880e-03 Validation loss 5.97230e-03 Time taken: 0.08 seconds 
Epoch: 79/200 Train accuracy: 7.35001e-01 Validation accuracy: 7.24000e-01 Training loss 5.58753e-03 Validation loss 5.95829e-03 Time taken: 0.08 seconds 
Epoch: 80/200 Train accuracy: 7.36711e-01 Validation accuracy: 7.24000e-01 Training loss 5.57878e-03 Validation loss 5.97208e-03 Time taken: 0.08 seconds 
Epoch: 81/200 Train accuracy: 7.36283e-01 Validation accuracy: 7.24000e-01 Training loss 5.57079e-03 Validation loss 5.98094e-03 Time taken: 0.08 seconds 
Epoch: 82/200 Train accuracy: 7.36426e-01 Validation accuracy: 7.26333e-01 Training loss 5.57641e-03 Validation loss 5.95312e-03 Time taken: 0.08 seconds 
Epoch: 83/200 Train accuracy: 7.35927e-01 Validation accuracy: 7.18667e-01 Training loss 5.58006e-03 Validation loss 5.94846e-03 Time taken: 0.09 seconds 
Epoch: 84/200 Train accuracy: 7.37780e-01 Validation accuracy: 7.22667e-01 Training loss 5.56209e-03 Validation loss 5.94466e-03 Time taken: 0.09 seconds 
Epoch: 85/200 Train accuracy: 7.36568e-01 Validation accuracy: 7.23333e-01 Training loss 5.56975e-03 Validation loss 5.93308e-03 Time taken: 0.08 seconds 
Epoch: 86/200 Train accuracy: 7.37708e-01 Validation accuracy: 7.23000e-01 Training loss 5.57161e-03 Validation loss 5.93810e-03 Time taken: 0.08 seconds 
Epoch: 87/200 Train accuracy: 7.36996e-01 Validation accuracy: 7.23333e-01 Training loss 5.55946e-03 Validation loss 5.95229e-03 Time taken: 0.08 seconds 
Epoch: 88/200 Train accuracy: 7.37993e-01 Validation accuracy: 7.22000e-01 Training loss 5.55899e-03 Validation loss 5.94024e-03 Time taken: 0.08 seconds 
Epoch: 89/200 Train accuracy: 7.37138e-01 Validation accuracy: 7.24000e-01 Training loss 5.56953e-03 Validation loss 5.93225e-03 Time taken: 0.13 seconds 
Epoch: 90/200 Train accuracy: 7.36640e-01 Validation accuracy: 7.21000e-01 Training loss 5.56031e-03 Validation loss 5.93165e-03 Time taken: 0.15 seconds 
Epoch: 91/200 Train accuracy: 7.38991e-01 Validation accuracy: 7.26000e-01 Training loss 5.55924e-03 Validation loss 5.95468e-03 Time taken: 0.15 seconds 
Epoch: 92/200 Train accuracy: 7.38207e-01 Validation accuracy: 7.25000e-01 Training loss 5.54656e-03 Validation loss 5.93520e-03 Time taken: 0.14 seconds 
Epoch: 93/200 Train accuracy: 7.37495e-01 Validation accuracy: 7.24667e-01 Training loss 5.55598e-03 Validation loss 5.95432e-03 Time taken: 0.14 seconds 
Epoch: 94/200 Train accuracy: 7.37138e-01 Validation accuracy: 7.25000e-01 Training loss 5.55018e-03 Validation loss 5.93143e-03 Time taken: 0.14 seconds 
Epoch: 95/200 Train accuracy: 7.36141e-01 Validation accuracy: 7.21333e-01 Training loss 5.55078e-03 Validation loss 5.94201e-03 Time taken: 0.15 seconds 
Epoch: 96/200 Train accuracy: 7.38777e-01 Validation accuracy: 7.21000e-01 Training loss 5.53785e-03 Validation loss 5.95702e-03 Time taken: 0.12 seconds 
Epoch: 97/200 Train accuracy: 7.39775e-01 Validation accuracy: 7.24667e-01 Training loss 5.54200e-03 Validation loss 5.93789e-03 Time taken: 0.09 seconds 
Epoch: 98/200 Train accuracy: 7.36070e-01 Validation accuracy: 7.29000e-01 Training loss 5.54295e-03 Validation loss 5.93591e-03 Time taken: 0.13 seconds 
Epoch: 99/200 Train accuracy: 7.37993e-01 Validation accuracy: 7.24667e-01 Training loss 5.54486e-03 Validation loss 5.91448e-03 Time taken: 0.10 seconds 
Epoch: 100/200 Train accuracy: 7.38635e-01 Validation accuracy: 7.28000e-01 Training loss 5.52981e-03 Validation loss 5.91786e-03 Time taken: 0.15 seconds 
Epoch: 101/200 Train accuracy: 7.36568e-01 Validation accuracy: 7.24667e-01 Training loss 5.53539e-03 Validation loss 5.90380e-03 Time taken: 0.14 seconds 
Epoch: 102/200 Train accuracy: 7.35428e-01 Validation accuracy: 7.21667e-01 Training loss 5.53104e-03 Validation loss 5.91437e-03 Time taken: 0.14 seconds 
Epoch: 103/200 Train accuracy: 7.38563e-01 Validation accuracy: 7.22667e-01 Training loss 5.53628e-03 Validation loss 5.91499e-03 Time taken: 0.14 seconds 
Epoch: 104/200 Train accuracy: 7.39134e-01 Validation accuracy: 7.24333e-01 Training loss 5.52519e-03 Validation loss 5.90077e-03 Time taken: 0.14 seconds 
Epoch: 105/200 Train accuracy: 7.40345e-01 Validation accuracy: 7.23333e-01 Training loss 5.51738e-03 Validation loss 5.90010e-03 Time taken: 0.14 seconds 
Epoch: 106/200 Train accuracy: 7.38492e-01 Validation accuracy: 7.26333e-01 Training loss 5.52679e-03 Validation loss 5.90548e-03 Time taken: 0.14 seconds 
Epoch: 107/200 Train accuracy: 7.39917e-01 Validation accuracy: 7.24000e-01 Training loss 5.51927e-03 Validation loss 5.89589e-03 Time taken: 0.15 seconds 
Epoch: 108/200 Train accuracy: 7.40844e-01 Validation accuracy: 7.26000e-01 Training loss 5.52112e-03 Validation loss 5.90401e-03 Time taken: 0.14 seconds 
Epoch: 109/200 Train accuracy: 7.37922e-01 Validation accuracy: 7.24333e-01 Training loss 5.52518e-03 Validation loss 5.93923e-03 Time taken: 0.14 seconds 
Epoch: 110/200 Train accuracy: 7.39347e-01 Validation accuracy: 7.23667e-01 Training loss 5.51112e-03 Validation loss 5.90549e-03 Time taken: 0.15 seconds 
Epoch: 111/200 Train accuracy: 7.40772e-01 Validation accuracy: 7.25000e-01 Training loss 5.51201e-03 Validation loss 5.88843e-03 Time taken: 0.14 seconds 
Epoch: 112/200 Train accuracy: 7.38635e-01 Validation accuracy: 7.23333e-01 Training loss 5.51224e-03 Validation loss 5.89445e-03 Time taken: 0.16 seconds 
Epoch: 113/200 Train accuracy: 7.38350e-01 Validation accuracy: 7.19667e-01 Training loss 5.51941e-03 Validation loss 5.89043e-03 Time taken: 0.14 seconds 
Epoch: 114/200 Train accuracy: 7.39846e-01 Validation accuracy: 7.28000e-01 Training loss 5.50379e-03 Validation loss 5.88859e-03 Time taken: 0.16 seconds 
Epoch: 115/200 Train accuracy: 7.41770e-01 Validation accuracy: 7.26667e-01 Training loss 5.51215e-03 Validation loss 5.89123e-03 Time taken: 0.16 seconds 
Epoch: 116/200 Train accuracy: 7.39989e-01 Validation accuracy: 7.32000e-01 Training loss 5.51116e-03 Validation loss 5.89986e-03 Time taken: 0.14 seconds 
Epoch: 117/200 Train accuracy: 7.40630e-01 Validation accuracy: 7.26333e-01 Training loss 5.50716e-03 Validation loss 5.88787e-03 Time taken: 0.13 seconds 
Epoch: 118/200 Train accuracy: 7.39561e-01 Validation accuracy: 7.24000e-01 Training loss 5.50149e-03 Validation loss 5.89134e-03 Time taken: 0.08 seconds 
Epoch: 119/200 Train accuracy: 7.40915e-01 Validation accuracy: 7.20667e-01 Training loss 5.49918e-03 Validation loss 5.91007e-03 Time taken: 0.08 seconds 
Epoch: 120/200 Train accuracy: 7.40416e-01 Validation accuracy: 7.24333e-01 Training loss 5.49280e-03 Validation loss 5.91775e-03 Time taken: 0.08 seconds 
Epoch: 121/200 Train accuracy: 7.37922e-01 Validation accuracy: 7.24000e-01 Training loss 5.50637e-03 Validation loss 5.89351e-03 Time taken: 0.08 seconds 
Epoch: 122/200 Train accuracy: 7.39632e-01 Validation accuracy: 7.27000e-01 Training loss 5.50359e-03 Validation loss 5.91454e-03 Time taken: 0.08 seconds 
Epoch: 123/200 Train accuracy: 7.40060e-01 Validation accuracy: 7.27667e-01 Training loss 5.49947e-03 Validation loss 5.89441e-03 Time taken: 0.08 seconds 
Epoch: 124/200 Train accuracy: 7.40345e-01 Validation accuracy: 7.28000e-01 Training loss 5.49864e-03 Validation loss 5.91803e-03 Time taken: 0.08 seconds 
Epoch: 125/200 Train accuracy: 7.41841e-01 Validation accuracy: 7.29333e-01 Training loss 5.50093e-03 Validation loss 5.88169e-03 Time taken: 0.08 seconds 
Epoch: 126/200 Train accuracy: 7.39846e-01 Validation accuracy: 7.26667e-01 Training loss 5.49513e-03 Validation loss 5.88237e-03 Time taken: 0.08 seconds 
Epoch: 127/200 Train accuracy: 7.40559e-01 Validation accuracy: 7.28667e-01 Training loss 5.49163e-03 Validation loss 5.88912e-03 Time taken: 0.08 seconds 
Epoch: 128/200 Train accuracy: 7.40630e-01 Validation accuracy: 7.25667e-01 Training loss 5.48145e-03 Validation loss 5.87797e-03 Time taken: 0.08 seconds 
Epoch: 129/200 Train accuracy: 7.40060e-01 Validation accuracy: 7.22667e-01 Training loss 5.47988e-03 Validation loss 5.88689e-03 Time taken: 0.08 seconds 
Epoch: 130/200 Train accuracy: 7.41200e-01 Validation accuracy: 7.26333e-01 Training loss 5.49205e-03 Validation loss 5.90567e-03 Time taken: 0.08 seconds 
Epoch: 131/200 Train accuracy: 7.38492e-01 Validation accuracy: 7.25333e-01 Training loss 5.48985e-03 Validation loss 5.86380e-03 Time taken: 0.08 seconds 
Epoch: 132/200 Train accuracy: 7.42198e-01 Validation accuracy: 7.28333e-01 Training loss 5.48196e-03 Validation loss 5.86812e-03 Time taken: 0.08 seconds 
Epoch: 133/200 Train accuracy: 7.41485e-01 Validation accuracy: 7.25000e-01 Training loss 5.48499e-03 Validation loss 5.87316e-03 Time taken: 0.08 seconds 
Epoch: 134/200 Train accuracy: 7.40915e-01 Validation accuracy: 7.27000e-01 Training loss 5.48373e-03 Validation loss 5.89920e-03 Time taken: 0.08 seconds 
Epoch: 135/200 Train accuracy: 7.40416e-01 Validation accuracy: 7.27667e-01 Training loss 5.48097e-03 Validation loss 5.88735e-03 Time taken: 0.08 seconds 
Epoch: 136/200 Train accuracy: 7.40274e-01 Validation accuracy: 7.29333e-01 Training loss 5.47790e-03 Validation loss 5.87994e-03 Time taken: 0.08 seconds 
Epoch: 137/200 Train accuracy: 7.40701e-01 Validation accuracy: 7.28000e-01 Training loss 5.47916e-03 Validation loss 5.86031e-03 Time taken: 0.09 seconds 
Epoch: 138/200 Train accuracy: 7.41699e-01 Validation accuracy: 7.25333e-01 Training loss 5.47952e-03 Validation loss 5.90942e-03 Time taken: 0.09 seconds 
Epoch: 139/200 Train accuracy: 7.41414e-01 Validation accuracy: 7.24333e-01 Training loss 5.47374e-03 Validation loss 5.85867e-03 Time taken: 0.08 seconds 
Epoch: 140/200 Train accuracy: 7.39704e-01 Validation accuracy: 7.25000e-01 Training loss 5.48853e-03 Validation loss 5.89097e-03 Time taken: 0.08 seconds 
Epoch: 141/200 Train accuracy: 7.42839e-01 Validation accuracy: 7.27000e-01 Training loss 5.46992e-03 Validation loss 5.85648e-03 Time taken: 0.08 seconds 
Epoch: 142/200 Train accuracy: 7.41271e-01 Validation accuracy: 7.27000e-01 Training loss 5.46994e-03 Validation loss 5.88214e-03 Time taken: 0.08 seconds 
Epoch: 143/200 Train accuracy: 7.40915e-01 Validation accuracy: 7.26333e-01 Training loss 5.46832e-03 Validation loss 5.85545e-03 Time taken: 0.08 seconds 
Epoch: 144/200 Train accuracy: 7.42483e-01 Validation accuracy: 7.28333e-01 Training loss 5.46231e-03 Validation loss 5.84381e-03 Time taken: 0.08 seconds 
Epoch: 145/200 Train accuracy: 7.41912e-01 Validation accuracy: 7.26333e-01 Training loss 5.46750e-03 Validation loss 5.88893e-03 Time taken: 0.08 seconds 
Epoch: 146/200 Train accuracy: 7.41200e-01 Validation accuracy: 7.30000e-01 Training loss 5.46296e-03 Validation loss 5.86284e-03 Time taken: 0.08 seconds 
Epoch: 147/200 Train accuracy: 7.39989e-01 Validation accuracy: 7.30000e-01 Training loss 5.47068e-03 Validation loss 5.86490e-03 Time taken: 0.08 seconds 
Epoch: 148/200 Train accuracy: 7.41057e-01 Validation accuracy: 7.30000e-01 Training loss 5.47793e-03 Validation loss 5.88661e-03 Time taken: 0.08 seconds 
Epoch: 149/200 Train accuracy: 7.40844e-01 Validation accuracy: 7.29333e-01 Training loss 5.46005e-03 Validation loss 5.86425e-03 Time taken: 0.08 seconds 
Epoch: 150/200 Train accuracy: 7.42411e-01 Validation accuracy: 7.28000e-01 Training loss 5.46232e-03 Validation loss 5.86623e-03 Time taken: 0.08 seconds 
Epoch: 151/200 Train accuracy: 7.42696e-01 Validation accuracy: 7.31000e-01 Training loss 5.46373e-03 Validation loss 5.85227e-03 Time taken: 0.08 seconds 
Epoch: 152/200 Train accuracy: 7.39347e-01 Validation accuracy: 7.30000e-01 Training loss 5.45950e-03 Validation loss 5.87892e-03 Time taken: 0.08 seconds 
Epoch: 153/200 Train accuracy: 7.42696e-01 Validation accuracy: 7.30333e-01 Training loss 5.47173e-03 Validation loss 5.84586e-03 Time taken: 0.08 seconds 
Epoch: 154/200 Train accuracy: 7.41770e-01 Validation accuracy: 7.31333e-01 Training loss 5.44972e-03 Validation loss 5.84846e-03 Time taken: 0.08 seconds 
Epoch: 155/200 Train accuracy: 7.42910e-01 Validation accuracy: 7.26667e-01 Training loss 5.45235e-03 Validation loss 5.84525e-03 Time taken: 0.08 seconds 
Epoch: 156/200 Train accuracy: 7.42340e-01 Validation accuracy: 7.27000e-01 Training loss 5.44654e-03 Validation loss 5.87012e-03 Time taken: 0.08 seconds 
Epoch: 157/200 Train accuracy: 7.41200e-01 Validation accuracy: 7.32000e-01 Training loss 5.45367e-03 Validation loss 5.85276e-03 Time taken: 0.08 seconds 
Epoch: 158/200 Train accuracy: 7.42483e-01 Validation accuracy: 7.31667e-01 Training loss 5.45532e-03 Validation loss 5.84851e-03 Time taken: 0.08 seconds 
Epoch: 159/200 Train accuracy: 7.41556e-01 Validation accuracy: 7.27667e-01 Training loss 5.45254e-03 Validation loss 5.83770e-03 Time taken: 0.08 seconds 
Epoch: 160/200 Train accuracy: 7.43409e-01 Validation accuracy: 7.31333e-01 Training loss 5.45112e-03 Validation loss 5.84601e-03 Time taken: 0.08 seconds 
Epoch: 161/200 Train accuracy: 7.40274e-01 Validation accuracy: 7.29667e-01 Training loss 5.44802e-03 Validation loss 5.85373e-03 Time taken: 0.08 seconds 
Epoch: 162/200 Train accuracy: 7.42126e-01 Validation accuracy: 7.26333e-01 Training loss 5.44693e-03 Validation loss 5.84318e-03 Time taken: 0.08 seconds 
Epoch: 163/200 Train accuracy: 7.43124e-01 Validation accuracy: 7.29667e-01 Training loss 5.44404e-03 Validation loss 5.83637e-03 Time taken: 0.10 seconds 
Epoch: 164/200 Train accuracy: 7.41057e-01 Validation accuracy: 7.31667e-01 Training loss 5.44734e-03 Validation loss 5.84789e-03 Time taken: 0.08 seconds 
Epoch: 165/200 Train accuracy: 7.41342e-01 Validation accuracy: 7.30333e-01 Training loss 5.44576e-03 Validation loss 5.83660e-03 Time taken: 0.08 seconds 
Epoch: 166/200 Train accuracy: 7.43765e-01 Validation accuracy: 7.31000e-01 Training loss 5.44591e-03 Validation loss 5.83546e-03 Time taken: 0.08 seconds 
Epoch: 167/200 Train accuracy: 7.42483e-01 Validation accuracy: 7.29000e-01 Training loss 5.43925e-03 Validation loss 5.82738e-03 Time taken: 0.08 seconds 
Epoch: 168/200 Train accuracy: 7.43765e-01 Validation accuracy: 7.29333e-01 Training loss 5.43534e-03 Validation loss 5.83592e-03 Time taken: 0.08 seconds 
Epoch: 169/200 Train accuracy: 7.42269e-01 Validation accuracy: 7.27000e-01 Training loss 5.44610e-03 Validation loss 5.86351e-03 Time taken: 0.08 seconds 
Epoch: 170/200 Train accuracy: 7.41912e-01 Validation accuracy: 7.27000e-01 Training loss 5.45366e-03 Validation loss 5.85544e-03 Time taken: 0.08 seconds 
Epoch: 171/200 Train accuracy: 7.43908e-01 Validation accuracy: 7.29333e-01 Training loss 5.44152e-03 Validation loss 5.83628e-03 Time taken: 0.08 seconds 
Epoch: 172/200 Train accuracy: 7.42981e-01 Validation accuracy: 7.32333e-01 Training loss 5.43730e-03 Validation loss 5.83155e-03 Time taken: 0.08 seconds 
Epoch: 173/200 Train accuracy: 7.41912e-01 Validation accuracy: 7.29667e-01 Training loss 5.43876e-03 Validation loss 5.84677e-03 Time taken: 0.08 seconds 
Epoch: 174/200 Train accuracy: 7.43195e-01 Validation accuracy: 7.30667e-01 Training loss 5.42926e-03 Validation loss 5.85650e-03 Time taken: 0.08 seconds 
Epoch: 175/200 Train accuracy: 7.42839e-01 Validation accuracy: 7.30333e-01 Training loss 5.43915e-03 Validation loss 5.83133e-03 Time taken: 0.08 seconds 
Epoch: 176/200 Train accuracy: 7.45119e-01 Validation accuracy: 7.28333e-01 Training loss 5.43341e-03 Validation loss 5.85773e-03 Time taken: 0.08 seconds 
Epoch: 177/200 Train accuracy: 7.44549e-01 Validation accuracy: 7.27333e-01 Training loss 5.42844e-03 Validation loss 5.84447e-03 Time taken: 0.08 seconds 
Epoch: 178/200 Train accuracy: 7.43409e-01 Validation accuracy: 7.26333e-01 Training loss 5.43136e-03 Validation loss 5.84281e-03 Time taken: 0.08 seconds 
Epoch: 179/200 Train accuracy: 7.43124e-01 Validation accuracy: 7.32000e-01 Training loss 5.43862e-03 Validation loss 5.82626e-03 Time taken: 0.08 seconds 
Epoch: 180/200 Train accuracy: 7.41912e-01 Validation accuracy: 7.25333e-01 Training loss 5.42960e-03 Validation loss 5.83431e-03 Time taken: 0.08 seconds 
Epoch: 181/200 Train accuracy: 7.42483e-01 Validation accuracy: 7.35333e-01 Training loss 5.42896e-03 Validation loss 5.82639e-03 Time taken: 0.08 seconds 
Epoch: 182/200 Train accuracy: 7.43551e-01 Validation accuracy: 7.31667e-01 Training loss 5.43106e-03 Validation loss 5.81237e-03 Time taken: 0.08 seconds 
Epoch: 183/200 Train accuracy: 7.43124e-01 Validation accuracy: 7.29000e-01 Training loss 5.43751e-03 Validation loss 5.83853e-03 Time taken: 0.08 seconds 
Epoch: 184/200 Train accuracy: 7.44834e-01 Validation accuracy: 7.26333e-01 Training loss 5.42183e-03 Validation loss 5.83173e-03 Time taken: 0.08 seconds 
Epoch: 185/200 Train accuracy: 7.44050e-01 Validation accuracy: 7.31333e-01 Training loss 5.42669e-03 Validation loss 5.81211e-03 Time taken: 0.08 seconds 
Epoch: 186/200 Train accuracy: 7.41841e-01 Validation accuracy: 7.30667e-01 Training loss 5.42830e-03 Validation loss 5.82480e-03 Time taken: 0.08 seconds 
Epoch: 187/200 Train accuracy: 7.43124e-01 Validation accuracy: 7.26000e-01 Training loss 5.42989e-03 Validation loss 5.86721e-03 Time taken: 0.08 seconds 
Epoch: 188/200 Train accuracy: 7.43266e-01 Validation accuracy: 7.28667e-01 Training loss 5.41667e-03 Validation loss 5.84830e-03 Time taken: 0.10 seconds 
Epoch: 189/200 Train accuracy: 7.44050e-01 Validation accuracy: 7.32667e-01 Training loss 5.42118e-03 Validation loss 5.81551e-03 Time taken: 0.08 seconds 
Epoch: 190/200 Train accuracy: 7.43979e-01 Validation accuracy: 7.28000e-01 Training loss 5.41705e-03 Validation loss 5.86087e-03 Time taken: 0.08 seconds 
Epoch: 191/200 Train accuracy: 7.44335e-01 Validation accuracy: 7.30333e-01 Training loss 5.42539e-03 Validation loss 5.81556e-03 Time taken: 0.08 seconds 
Epoch: 192/200 Train accuracy: 7.42269e-01 Validation accuracy: 7.26000e-01 Training loss 5.41837e-03 Validation loss 5.85050e-03 Time taken: 0.08 seconds 
Epoch: 193/200 Train accuracy: 7.44905e-01 Validation accuracy: 7.28333e-01 Training loss 5.42526e-03 Validation loss 5.80691e-03 Time taken: 0.08 seconds 
Epoch: 194/200 Train accuracy: 7.43765e-01 Validation accuracy: 7.32333e-01 Training loss 5.41780e-03 Validation loss 5.81377e-03 Time taken: 0.08 seconds 
Epoch: 195/200 Train accuracy: 7.42910e-01 Validation accuracy: 7.29667e-01 Training loss 5.42308e-03 Validation loss 5.81822e-03 Time taken: 0.08 seconds 
Epoch: 196/200 Train accuracy: 7.43623e-01 Validation accuracy: 7.29667e-01 Training loss 5.41604e-03 Validation loss 5.82474e-03 Time taken: 0.08 seconds 
Epoch: 197/200 Train accuracy: 7.46117e-01 Validation accuracy: 7.29667e-01 Training loss 5.41573e-03 Validation loss 5.81762e-03 Time taken: 0.08 seconds 
Epoch: 198/200 Train accuracy: 7.44976e-01 Validation accuracy: 7.31000e-01 Training loss 5.42226e-03 Validation loss 5.79924e-03 Time taken: 0.08 seconds 
Epoch: 199/200 Train accuracy: 7.43409e-01 Validation accuracy: 7.34000e-01 Training loss 5.40984e-03 Validation loss 5.80582e-03 Time taken: 0.08 seconds 
Epoch: 200/200 Train accuracy: 7.45190e-01 Validation accuracy: 7.25333e-01 Training loss 5.42705e-03 Validation loss 5.87101e-03 Time taken: 0.08 seconds 
Total time taken 0:00:19.493434
Cleaning up intermediate feature (.pt) files
Done


working on file logs_PKT_chunks_different_seeds/iic-train-l2-pkt-chunks-seed4-pred12/jepa-iic-ep300.pth.tar ...
Directory logs_PKT_chunks_different_seeds/iic-train-l2-pkt-chunks-seed4-pred12/classifiers for saving the classifiers is now present
VisionTransformer(
  (patch_embed): PatchEmbed(
    (proj): Conv2d(3, 768, kernel_size=(15, 15), stride=(15, 15))
  )
  (blocks): ModuleList(
    (0-11): 12 x Block(
      (norm1): LayerNorm((768,), eps=1e-06, elementwise_affine=True)
      (attn): Attention(
        (qkv): Linear(in_features=768, out_features=2304, bias=True)
        (attn_drop): Dropout(p=0.0, inplace=False)
        (proj): Linear(in_features=768, out_features=768, bias=True)
        (proj_drop): Dropout(p=0.0, inplace=False)
      )
      (drop_path): Identity()
      (norm2): LayerNorm((768,), eps=1e-06, elementwise_affine=True)
      (mlp): MLP(
        (fc1): Linear(in_features=768, out_features=3072, bias=True)
        (act): GELU(approximate='none')
        (fc2): Linear(in_features=3072, out_features=768, bias=True)
        (drop): Dropout(p=0.0, inplace=False)
      )
    )
  )
  (norm): LayerNorm((768,), eps=1e-06, elementwise_affine=True)
)
Extracting features and saving them in memory..
Extracting features...
Time taken to extract features: 25.47104131313972
Epoch: 1/200 Train accuracy: 4.92732e-01 Validation accuracy: 6.44000e-01 Training loss 1.11753e-02 Validation loss 8.94521e-03 Time taken: 0.13 seconds 
Epoch: 2/200 Train accuracy: 6.63531e-01 Validation accuracy: 6.65000e-01 Training loss 7.88945e-03 Validation loss 7.69433e-03 Time taken: 0.14 seconds 
Epoch: 3/200 Train accuracy: 6.82200e-01 Validation accuracy: 6.69000e-01 Training loss 7.09474e-03 Validation loss 7.23464e-03 Time taken: 0.08 seconds 
Epoch: 4/200 Train accuracy: 6.93031e-01 Validation accuracy: 6.87000e-01 Training loss 6.71662e-03 Validation loss 6.90032e-03 Time taken: 0.08 seconds 
Epoch: 5/200 Train accuracy: 6.98874e-01 Validation accuracy: 6.92333e-01 Training loss 6.48137e-03 Validation loss 6.73241e-03 Time taken: 0.08 seconds 
Epoch: 6/200 Train accuracy: 7.04788e-01 Validation accuracy: 6.97667e-01 Training loss 6.32351e-03 Validation loss 6.59019e-03 Time taken: 0.09 seconds 
Epoch: 7/200 Train accuracy: 7.09349e-01 Validation accuracy: 7.03667e-01 Training loss 6.21326e-03 Validation loss 6.48781e-03 Time taken: 0.08 seconds 
Epoch: 8/200 Train accuracy: 7.11914e-01 Validation accuracy: 7.10667e-01 Training loss 6.12001e-03 Validation loss 6.38428e-03 Time taken: 0.08 seconds 
Epoch: 9/200 Train accuracy: 7.15120e-01 Validation accuracy: 7.05333e-01 Training loss 6.04212e-03 Validation loss 6.33198e-03 Time taken: 0.08 seconds 
Epoch: 10/200 Train accuracy: 7.17614e-01 Validation accuracy: 7.14000e-01 Training loss 5.97853e-03 Validation loss 6.23207e-03 Time taken: 0.08 seconds 
Epoch: 11/200 Train accuracy: 7.19253e-01 Validation accuracy: 7.19000e-01 Training loss 5.92314e-03 Validation loss 6.19745e-03 Time taken: 0.09 seconds 
Epoch: 12/200 Train accuracy: 7.21890e-01 Validation accuracy: 7.25000e-01 Training loss 5.86778e-03 Validation loss 6.15634e-03 Time taken: 0.09 seconds 
Epoch: 13/200 Train accuracy: 7.22032e-01 Validation accuracy: 7.26000e-01 Training loss 5.84636e-03 Validation loss 6.10590e-03 Time taken: 0.08 seconds 
Epoch: 14/200 Train accuracy: 7.25524e-01 Validation accuracy: 7.25333e-01 Training loss 5.79154e-03 Validation loss 6.06295e-03 Time taken: 0.08 seconds 
Epoch: 15/200 Train accuracy: 7.24811e-01 Validation accuracy: 7.28333e-01 Training loss 5.75629e-03 Validation loss 6.03765e-03 Time taken: 0.08 seconds 
Epoch: 16/200 Train accuracy: 7.28588e-01 Validation accuracy: 7.24000e-01 Training loss 5.71974e-03 Validation loss 6.03414e-03 Time taken: 0.08 seconds 
Epoch: 17/200 Train accuracy: 7.30440e-01 Validation accuracy: 7.31000e-01 Training loss 5.70394e-03 Validation loss 5.95898e-03 Time taken: 0.08 seconds 
Epoch: 18/200 Train accuracy: 7.29870e-01 Validation accuracy: 7.23667e-01 Training loss 5.66930e-03 Validation loss 6.00573e-03 Time taken: 0.08 seconds 
Epoch: 19/200 Train accuracy: 7.31224e-01 Validation accuracy: 7.33667e-01 Training loss 5.65614e-03 Validation loss 5.90871e-03 Time taken: 0.08 seconds 
Epoch: 20/200 Train accuracy: 7.32364e-01 Validation accuracy: 7.29000e-01 Training loss 5.63113e-03 Validation loss 5.90093e-03 Time taken: 0.08 seconds 
Epoch: 21/200 Train accuracy: 7.35001e-01 Validation accuracy: 7.34000e-01 Training loss 5.60744e-03 Validation loss 5.89376e-03 Time taken: 0.08 seconds 
Epoch: 22/200 Train accuracy: 7.34787e-01 Validation accuracy: 7.36000e-01 Training loss 5.58821e-03 Validation loss 5.86036e-03 Time taken: 0.08 seconds 
Epoch: 23/200 Train accuracy: 7.35785e-01 Validation accuracy: 7.33667e-01 Training loss 5.57231e-03 Validation loss 5.85702e-03 Time taken: 0.08 seconds 
Epoch: 24/200 Train accuracy: 7.34146e-01 Validation accuracy: 7.33333e-01 Training loss 5.55569e-03 Validation loss 5.85212e-03 Time taken: 0.08 seconds 
Epoch: 25/200 Train accuracy: 7.36283e-01 Validation accuracy: 7.37667e-01 Training loss 5.53577e-03 Validation loss 5.82132e-03 Time taken: 0.08 seconds 
Epoch: 26/200 Train accuracy: 7.39347e-01 Validation accuracy: 7.35000e-01 Training loss 5.53888e-03 Validation loss 5.81207e-03 Time taken: 0.08 seconds 
Epoch: 27/200 Train accuracy: 7.38350e-01 Validation accuracy: 7.37667e-01 Training loss 5.51636e-03 Validation loss 5.79072e-03 Time taken: 0.08 seconds 
Epoch: 28/200 Train accuracy: 7.40630e-01 Validation accuracy: 7.37333e-01 Training loss 5.49910e-03 Validation loss 5.78000e-03 Time taken: 0.08 seconds 
Epoch: 29/200 Train accuracy: 7.39134e-01 Validation accuracy: 7.33333e-01 Training loss 5.49541e-03 Validation loss 5.78857e-03 Time taken: 0.08 seconds 
Epoch: 30/200 Train accuracy: 7.37210e-01 Validation accuracy: 7.33000e-01 Training loss 5.48518e-03 Validation loss 5.78563e-03 Time taken: 0.08 seconds 
Epoch: 31/200 Train accuracy: 7.42198e-01 Validation accuracy: 7.37333e-01 Training loss 5.47076e-03 Validation loss 5.75182e-03 Time taken: 0.08 seconds 
Epoch: 32/200 Train accuracy: 7.41984e-01 Validation accuracy: 7.39333e-01 Training loss 5.47008e-03 Validation loss 5.73503e-03 Time taken: 0.08 seconds 
Epoch: 33/200 Train accuracy: 7.42910e-01 Validation accuracy: 7.38333e-01 Training loss 5.45006e-03 Validation loss 5.73405e-03 Time taken: 0.08 seconds 
Epoch: 34/200 Train accuracy: 7.44121e-01 Validation accuracy: 7.40000e-01 Training loss 5.44320e-03 Validation loss 5.72832e-03 Time taken: 0.08 seconds 
Epoch: 35/200 Train accuracy: 7.44335e-01 Validation accuracy: 7.37000e-01 Training loss 5.42763e-03 Validation loss 5.72785e-03 Time taken: 0.08 seconds 
Epoch: 36/200 Train accuracy: 7.41841e-01 Validation accuracy: 7.41667e-01 Training loss 5.42384e-03 Validation loss 5.70014e-03 Time taken: 0.08 seconds 
Epoch: 37/200 Train accuracy: 7.42625e-01 Validation accuracy: 7.34667e-01 Training loss 5.41328e-03 Validation loss 5.73659e-03 Time taken: 0.10 seconds 
Epoch: 38/200 Train accuracy: 7.44406e-01 Validation accuracy: 7.37667e-01 Training loss 5.41311e-03 Validation loss 5.71216e-03 Time taken: 0.08 seconds 
Epoch: 39/200 Train accuracy: 7.42269e-01 Validation accuracy: 7.41333e-01 Training loss 5.40431e-03 Validation loss 5.68271e-03 Time taken: 0.08 seconds 
Epoch: 40/200 Train accuracy: 7.43694e-01 Validation accuracy: 7.46000e-01 Training loss 5.40782e-03 Validation loss 5.68664e-03 Time taken: 0.08 seconds 
Epoch: 41/200 Train accuracy: 7.45333e-01 Validation accuracy: 7.42333e-01 Training loss 5.39242e-03 Validation loss 5.68468e-03 Time taken: 0.08 seconds 
Epoch: 42/200 Train accuracy: 7.46117e-01 Validation accuracy: 7.41000e-01 Training loss 5.38206e-03 Validation loss 5.70871e-03 Time taken: 0.08 seconds 
Epoch: 43/200 Train accuracy: 7.44620e-01 Validation accuracy: 7.42333e-01 Training loss 5.37357e-03 Validation loss 5.70431e-03 Time taken: 0.08 seconds 
Epoch: 44/200 Train accuracy: 7.46615e-01 Validation accuracy: 7.43667e-01 Training loss 5.36207e-03 Validation loss 5.65442e-03 Time taken: 0.08 seconds 
Epoch: 45/200 Train accuracy: 7.46117e-01 Validation accuracy: 7.39667e-01 Training loss 5.36347e-03 Validation loss 5.67122e-03 Time taken: 0.08 seconds 
Epoch: 46/200 Train accuracy: 7.46615e-01 Validation accuracy: 7.41333e-01 Training loss 5.35369e-03 Validation loss 5.67190e-03 Time taken: 0.08 seconds 
Epoch: 47/200 Train accuracy: 7.45974e-01 Validation accuracy: 7.42333e-01 Training loss 5.35414e-03 Validation loss 5.64513e-03 Time taken: 0.08 seconds 
Epoch: 48/200 Train accuracy: 7.45974e-01 Validation accuracy: 7.44667e-01 Training loss 5.35057e-03 Validation loss 5.64182e-03 Time taken: 0.08 seconds 
Epoch: 49/200 Train accuracy: 7.48112e-01 Validation accuracy: 7.44667e-01 Training loss 5.33778e-03 Validation loss 5.65435e-03 Time taken: 0.08 seconds 
Epoch: 50/200 Train accuracy: 7.48753e-01 Validation accuracy: 7.43667e-01 Training loss 5.33708e-03 Validation loss 5.64209e-03 Time taken: 0.08 seconds 
Epoch: 51/200 Train accuracy: 7.47470e-01 Validation accuracy: 7.46333e-01 Training loss 5.33349e-03 Validation loss 5.61783e-03 Time taken: 0.08 seconds 
Epoch: 52/200 Train accuracy: 7.45404e-01 Validation accuracy: 7.42333e-01 Training loss 5.33712e-03 Validation loss 5.64134e-03 Time taken: 0.08 seconds 
Epoch: 53/200 Train accuracy: 7.49466e-01 Validation accuracy: 7.43000e-01 Training loss 5.31939e-03 Validation loss 5.61308e-03 Time taken: 0.08 seconds 
Epoch: 54/200 Train accuracy: 7.51389e-01 Validation accuracy: 7.43333e-01 Training loss 5.31592e-03 Validation loss 5.63637e-03 Time taken: 0.08 seconds 
Epoch: 55/200 Train accuracy: 7.48753e-01 Validation accuracy: 7.42667e-01 Training loss 5.30495e-03 Validation loss 5.64377e-03 Time taken: 0.08 seconds 
Epoch: 56/200 Train accuracy: 7.48753e-01 Validation accuracy: 7.44667e-01 Training loss 5.30911e-03 Validation loss 5.61021e-03 Time taken: 0.08 seconds 
Epoch: 57/200 Train accuracy: 7.47257e-01 Validation accuracy: 7.46667e-01 Training loss 5.31269e-03 Validation loss 5.58824e-03 Time taken: 0.08 seconds 
Epoch: 58/200 Train accuracy: 7.49394e-01 Validation accuracy: 7.42333e-01 Training loss 5.29320e-03 Validation loss 5.64789e-03 Time taken: 0.08 seconds 
Epoch: 59/200 Train accuracy: 7.49679e-01 Validation accuracy: 7.47333e-01 Training loss 5.29337e-03 Validation loss 5.60876e-03 Time taken: 0.08 seconds 
Epoch: 60/200 Train accuracy: 7.52173e-01 Validation accuracy: 7.48667e-01 Training loss 5.29150e-03 Validation loss 5.58078e-03 Time taken: 0.08 seconds 
Epoch: 61/200 Train accuracy: 7.49608e-01 Validation accuracy: 7.44333e-01 Training loss 5.28236e-03 Validation loss 5.58817e-03 Time taken: 0.08 seconds 
Epoch: 62/200 Train accuracy: 7.50321e-01 Validation accuracy: 7.42333e-01 Training loss 5.27784e-03 Validation loss 5.60474e-03 Time taken: 0.08 seconds 
Epoch: 63/200 Train accuracy: 7.51247e-01 Validation accuracy: 7.48667e-01 Training loss 5.28846e-03 Validation loss 5.57503e-03 Time taken: 0.09 seconds 
Epoch: 64/200 Train accuracy: 7.52173e-01 Validation accuracy: 7.43667e-01 Training loss 5.27789e-03 Validation loss 5.59780e-03 Time taken: 0.08 seconds 
Epoch: 65/200 Train accuracy: 7.51389e-01 Validation accuracy: 7.48000e-01 Training loss 5.27962e-03 Validation loss 5.59287e-03 Time taken: 0.08 seconds 
Epoch: 66/200 Train accuracy: 7.51461e-01 Validation accuracy: 7.44333e-01 Training loss 5.27408e-03 Validation loss 5.59992e-03 Time taken: 0.08 seconds 
Epoch: 67/200 Train accuracy: 7.51389e-01 Validation accuracy: 7.46667e-01 Training loss 5.26515e-03 Validation loss 5.56251e-03 Time taken: 0.08 seconds 
Epoch: 68/200 Train accuracy: 7.50819e-01 Validation accuracy: 7.42000e-01 Training loss 5.26426e-03 Validation loss 5.60614e-03 Time taken: 0.08 seconds 
Epoch: 69/200 Train accuracy: 7.50677e-01 Validation accuracy: 7.51000e-01 Training loss 5.26516e-03 Validation loss 5.57561e-03 Time taken: 0.08 seconds 
Epoch: 70/200 Train accuracy: 7.50606e-01 Validation accuracy: 7.47667e-01 Training loss 5.24997e-03 Validation loss 5.54677e-03 Time taken: 0.08 seconds 
Epoch: 71/200 Train accuracy: 7.52173e-01 Validation accuracy: 7.47000e-01 Training loss 5.25822e-03 Validation loss 5.55801e-03 Time taken: 0.08 seconds 
Epoch: 72/200 Train accuracy: 7.51461e-01 Validation accuracy: 7.47000e-01 Training loss 5.24988e-03 Validation loss 5.58760e-03 Time taken: 0.08 seconds 
Epoch: 73/200 Train accuracy: 7.53313e-01 Validation accuracy: 7.47667e-01 Training loss 5.24961e-03 Validation loss 5.53951e-03 Time taken: 0.08 seconds 
Epoch: 74/200 Train accuracy: 7.49608e-01 Validation accuracy: 7.47000e-01 Training loss 5.24691e-03 Validation loss 5.53486e-03 Time taken: 0.08 seconds 
Epoch: 75/200 Train accuracy: 7.52886e-01 Validation accuracy: 7.47333e-01 Training loss 5.24421e-03 Validation loss 5.53308e-03 Time taken: 0.08 seconds 
Epoch: 76/200 Train accuracy: 7.53812e-01 Validation accuracy: 7.49667e-01 Training loss 5.24064e-03 Validation loss 5.54534e-03 Time taken: 0.08 seconds 
Epoch: 77/200 Train accuracy: 7.53812e-01 Validation accuracy: 7.47333e-01 Training loss 5.23671e-03 Validation loss 5.56533e-03 Time taken: 0.08 seconds 
Epoch: 78/200 Train accuracy: 7.52672e-01 Validation accuracy: 7.48333e-01 Training loss 5.23433e-03 Validation loss 5.53343e-03 Time taken: 0.08 seconds 
Epoch: 79/200 Train accuracy: 7.53100e-01 Validation accuracy: 7.48333e-01 Training loss 5.22536e-03 Validation loss 5.52194e-03 Time taken: 0.08 seconds 
Epoch: 80/200 Train accuracy: 7.54311e-01 Validation accuracy: 7.46333e-01 Training loss 5.22298e-03 Validation loss 5.54069e-03 Time taken: 0.08 seconds 
Epoch: 81/200 Train accuracy: 7.52957e-01 Validation accuracy: 7.46667e-01 Training loss 5.22592e-03 Validation loss 5.52271e-03 Time taken: 0.08 seconds 
Epoch: 82/200 Train accuracy: 7.52886e-01 Validation accuracy: 7.49000e-01 Training loss 5.21987e-03 Validation loss 5.53053e-03 Time taken: 0.08 seconds 
Epoch: 83/200 Train accuracy: 7.52458e-01 Validation accuracy: 7.46333e-01 Training loss 5.21613e-03 Validation loss 5.54945e-03 Time taken: 0.08 seconds 
Epoch: 84/200 Train accuracy: 7.54596e-01 Validation accuracy: 7.49333e-01 Training loss 5.21019e-03 Validation loss 5.53648e-03 Time taken: 0.08 seconds 
Epoch: 85/200 Train accuracy: 7.55309e-01 Validation accuracy: 7.48333e-01 Training loss 5.21228e-03 Validation loss 5.51196e-03 Time taken: 0.08 seconds 
Epoch: 86/200 Train accuracy: 7.55736e-01 Validation accuracy: 7.46667e-01 Training loss 5.21733e-03 Validation loss 5.53087e-03 Time taken: 0.08 seconds 
Epoch: 87/200 Train accuracy: 7.54525e-01 Validation accuracy: 7.48667e-01 Training loss 5.20487e-03 Validation loss 5.53300e-03 Time taken: 0.08 seconds 
Epoch: 88/200 Train accuracy: 7.55024e-01 Validation accuracy: 7.48000e-01 Training loss 5.21051e-03 Validation loss 5.54783e-03 Time taken: 0.08 seconds 
Epoch: 89/200 Train accuracy: 7.54026e-01 Validation accuracy: 7.50000e-01 Training loss 5.20298e-03 Validation loss 5.52793e-03 Time taken: 0.09 seconds 
Epoch: 90/200 Train accuracy: 7.56235e-01 Validation accuracy: 7.46333e-01 Training loss 5.20330e-03 Validation loss 5.52497e-03 Time taken: 0.09 seconds 
Epoch: 91/200 Train accuracy: 7.54525e-01 Validation accuracy: 7.46333e-01 Training loss 5.19895e-03 Validation loss 5.50153e-03 Time taken: 0.08 seconds 
Epoch: 92/200 Train accuracy: 7.54026e-01 Validation accuracy: 7.46000e-01 Training loss 5.19474e-03 Validation loss 5.51639e-03 Time taken: 0.08 seconds 
Epoch: 93/200 Train accuracy: 7.56164e-01 Validation accuracy: 7.47333e-01 Training loss 5.19404e-03 Validation loss 5.53636e-03 Time taken: 0.08 seconds 
Epoch: 94/200 Train accuracy: 7.55522e-01 Validation accuracy: 7.48667e-01 Training loss 5.18345e-03 Validation loss 5.51857e-03 Time taken: 0.08 seconds 
Epoch: 95/200 Train accuracy: 7.56021e-01 Validation accuracy: 7.50000e-01 Training loss 5.18065e-03 Validation loss 5.51041e-03 Time taken: 0.08 seconds 
Epoch: 96/200 Train accuracy: 7.56947e-01 Validation accuracy: 7.49333e-01 Training loss 5.18612e-03 Validation loss 5.48853e-03 Time taken: 0.08 seconds 
Epoch: 97/200 Train accuracy: 7.55095e-01 Validation accuracy: 7.42333e-01 Training loss 5.19173e-03 Validation loss 5.52644e-03 Time taken: 0.08 seconds 
Epoch: 98/200 Train accuracy: 7.55665e-01 Validation accuracy: 7.49333e-01 Training loss 5.18048e-03 Validation loss 5.50347e-03 Time taken: 0.08 seconds 
Epoch: 99/200 Train accuracy: 7.55879e-01 Validation accuracy: 7.46333e-01 Training loss 5.18834e-03 Validation loss 5.54243e-03 Time taken: 0.08 seconds 
Epoch: 100/200 Train accuracy: 7.56164e-01 Validation accuracy: 7.48667e-01 Training loss 5.18203e-03 Validation loss 5.48281e-03 Time taken: 0.08 seconds 
Epoch: 101/200 Train accuracy: 7.57874e-01 Validation accuracy: 7.48667e-01 Training loss 5.17354e-03 Validation loss 5.51623e-03 Time taken: 0.08 seconds 
Epoch: 102/200 Train accuracy: 7.54168e-01 Validation accuracy: 7.52000e-01 Training loss 5.18270e-03 Validation loss 5.49860e-03 Time taken: 0.09 seconds 
Epoch: 103/200 Train accuracy: 7.55950e-01 Validation accuracy: 7.47333e-01 Training loss 5.17344e-03 Validation loss 5.50417e-03 Time taken: 0.08 seconds 
Epoch: 104/200 Train accuracy: 7.56591e-01 Validation accuracy: 7.49000e-01 Training loss 5.17019e-03 Validation loss 5.48277e-03 Time taken: 0.08 seconds 
Epoch: 105/200 Train accuracy: 7.55807e-01 Validation accuracy: 7.49333e-01 Training loss 5.17130e-03 Validation loss 5.48051e-03 Time taken: 0.08 seconds 
Epoch: 106/200 Train accuracy: 7.56805e-01 Validation accuracy: 7.52667e-01 Training loss 5.16690e-03 Validation loss 5.49213e-03 Time taken: 0.08 seconds 
Epoch: 107/200 Train accuracy: 7.56449e-01 Validation accuracy: 7.50000e-01 Training loss 5.16780e-03 Validation loss 5.47262e-03 Time taken: 0.08 seconds 
Epoch: 108/200 Train accuracy: 7.55807e-01 Validation accuracy: 7.46333e-01 Training loss 5.15641e-03 Validation loss 5.47660e-03 Time taken: 0.08 seconds 
Epoch: 109/200 Train accuracy: 7.56876e-01 Validation accuracy: 7.47000e-01 Training loss 5.16603e-03 Validation loss 5.48241e-03 Time taken: 0.08 seconds 
Epoch: 110/200 Train accuracy: 7.55380e-01 Validation accuracy: 7.50333e-01 Training loss 5.16193e-03 Validation loss 5.47529e-03 Time taken: 0.08 seconds 
Epoch: 111/200 Train accuracy: 7.57019e-01 Validation accuracy: 7.48000e-01 Training loss 5.15704e-03 Validation loss 5.47935e-03 Time taken: 0.08 seconds 
Epoch: 112/200 Train accuracy: 7.57731e-01 Validation accuracy: 7.49000e-01 Training loss 5.15780e-03 Validation loss 5.49740e-03 Time taken: 0.08 seconds 
Epoch: 113/200 Train accuracy: 7.55665e-01 Validation accuracy: 7.50000e-01 Training loss 5.15491e-03 Validation loss 5.47607e-03 Time taken: 0.08 seconds 
Epoch: 114/200 Train accuracy: 7.56734e-01 Validation accuracy: 7.49333e-01 Training loss 5.15353e-03 Validation loss 5.46425e-03 Time taken: 0.08 seconds 
Epoch: 115/200 Train accuracy: 7.57019e-01 Validation accuracy: 7.44333e-01 Training loss 5.14890e-03 Validation loss 5.48743e-03 Time taken: 0.09 seconds 
Epoch: 116/200 Train accuracy: 7.56520e-01 Validation accuracy: 7.50333e-01 Training loss 5.16146e-03 Validation loss 5.48202e-03 Time taken: 0.11 seconds 
Epoch: 117/200 Train accuracy: 7.57375e-01 Validation accuracy: 7.51000e-01 Training loss 5.14842e-03 Validation loss 5.47472e-03 Time taken: 0.08 seconds 
Epoch: 118/200 Train accuracy: 7.58943e-01 Validation accuracy: 7.49000e-01 Training loss 5.14191e-03 Validation loss 5.47931e-03 Time taken: 0.08 seconds 
Epoch: 119/200 Train accuracy: 7.58301e-01 Validation accuracy: 7.46667e-01 Training loss 5.13805e-03 Validation loss 5.45510e-03 Time taken: 0.08 seconds 
Epoch: 120/200 Train accuracy: 7.58016e-01 Validation accuracy: 7.47000e-01 Training loss 5.14485e-03 Validation loss 5.46703e-03 Time taken: 0.08 seconds 
Epoch: 121/200 Train accuracy: 7.57802e-01 Validation accuracy: 7.51667e-01 Training loss 5.13537e-03 Validation loss 5.48589e-03 Time taken: 0.08 seconds 
Epoch: 122/200 Train accuracy: 7.56734e-01 Validation accuracy: 7.52000e-01 Training loss 5.14332e-03 Validation loss 5.46079e-03 Time taken: 0.08 seconds 
Epoch: 123/200 Train accuracy: 7.58729e-01 Validation accuracy: 7.47667e-01 Training loss 5.13349e-03 Validation loss 5.45889e-03 Time taken: 0.08 seconds 
Epoch: 124/200 Train accuracy: 7.57945e-01 Validation accuracy: 7.49000e-01 Training loss 5.13073e-03 Validation loss 5.49790e-03 Time taken: 0.08 seconds 
Epoch: 125/200 Train accuracy: 7.59441e-01 Validation accuracy: 7.49667e-01 Training loss 5.13901e-03 Validation loss 5.48633e-03 Time taken: 0.08 seconds 
Epoch: 126/200 Train accuracy: 7.58159e-01 Validation accuracy: 7.51000e-01 Training loss 5.12581e-03 Validation loss 5.46241e-03 Time taken: 0.08 seconds 
Epoch: 127/200 Train accuracy: 7.57802e-01 Validation accuracy: 7.49667e-01 Training loss 5.12827e-03 Validation loss 5.44683e-03 Time taken: 0.08 seconds 
Epoch: 128/200 Train accuracy: 7.59085e-01 Validation accuracy: 7.44667e-01 Training loss 5.12161e-03 Validation loss 5.51071e-03 Time taken: 0.08 seconds 
Epoch: 129/200 Train accuracy: 7.57589e-01 Validation accuracy: 7.49667e-01 Training loss 5.13383e-03 Validation loss 5.46176e-03 Time taken: 0.08 seconds 
Epoch: 130/200 Train accuracy: 7.58729e-01 Validation accuracy: 7.50000e-01 Training loss 5.12380e-03 Validation loss 5.45479e-03 Time taken: 0.08 seconds 
Epoch: 131/200 Train accuracy: 7.59584e-01 Validation accuracy: 7.52667e-01 Training loss 5.11803e-03 Validation loss 5.45151e-03 Time taken: 0.08 seconds 
Epoch: 132/200 Train accuracy: 7.58088e-01 Validation accuracy: 7.49667e-01 Training loss 5.12327e-03 Validation loss 5.46214e-03 Time taken: 0.08 seconds 
Epoch: 133/200 Train accuracy: 7.60225e-01 Validation accuracy: 7.51667e-01 Training loss 5.11311e-03 Validation loss 5.50016e-03 Time taken: 0.08 seconds 
Epoch: 134/200 Train accuracy: 7.59156e-01 Validation accuracy: 7.50333e-01 Training loss 5.11949e-03 Validation loss 5.44305e-03 Time taken: 0.08 seconds 
Epoch: 135/200 Train accuracy: 7.60653e-01 Validation accuracy: 7.48000e-01 Training loss 5.10828e-03 Validation loss 5.43941e-03 Time taken: 0.08 seconds 
Epoch: 136/200 Train accuracy: 7.56164e-01 Validation accuracy: 7.50333e-01 Training loss 5.11413e-03 Validation loss 5.45786e-03 Time taken: 0.08 seconds 
Epoch: 137/200 Train accuracy: 7.58729e-01 Validation accuracy: 7.51333e-01 Training loss 5.11260e-03 Validation loss 5.42742e-03 Time taken: 0.08 seconds 
Epoch: 138/200 Train accuracy: 7.58444e-01 Validation accuracy: 7.47333e-01 Training loss 5.10568e-03 Validation loss 5.44312e-03 Time taken: 0.08 seconds 
Epoch: 139/200 Train accuracy: 7.59299e-01 Validation accuracy: 7.51667e-01 Training loss 5.11535e-03 Validation loss 5.47304e-03 Time taken: 0.08 seconds 
Epoch: 140/200 Train accuracy: 7.58943e-01 Validation accuracy: 7.46667e-01 Training loss 5.11327e-03 Validation loss 5.43520e-03 Time taken: 0.08 seconds 
Epoch: 141/200 Train accuracy: 7.60866e-01 Validation accuracy: 7.53000e-01 Training loss 5.10076e-03 Validation loss 5.44611e-03 Time taken: 0.10 seconds 
Epoch: 142/200 Train accuracy: 7.60653e-01 Validation accuracy: 7.50000e-01 Training loss 5.09681e-03 Validation loss 5.45075e-03 Time taken: 0.08 seconds 
Epoch: 143/200 Train accuracy: 7.60011e-01 Validation accuracy: 7.48000e-01 Training loss 5.10023e-03 Validation loss 5.41735e-03 Time taken: 0.08 seconds 
Epoch: 144/200 Train accuracy: 7.58658e-01 Validation accuracy: 7.53333e-01 Training loss 5.09938e-03 Validation loss 5.45460e-03 Time taken: 0.08 seconds 
Epoch: 145/200 Train accuracy: 7.58729e-01 Validation accuracy: 7.53333e-01 Training loss 5.09977e-03 Validation loss 5.43431e-03 Time taken: 0.08 seconds 
Epoch: 146/200 Train accuracy: 7.60154e-01 Validation accuracy: 7.53333e-01 Training loss 5.10513e-03 Validation loss 5.42898e-03 Time taken: 0.08 seconds 
Epoch: 147/200 Train accuracy: 7.59441e-01 Validation accuracy: 7.49000e-01 Training loss 5.09662e-03 Validation loss 5.42722e-03 Time taken: 0.08 seconds 
Epoch: 148/200 Train accuracy: 7.57446e-01 Validation accuracy: 7.49000e-01 Training loss 5.10396e-03 Validation loss 5.43377e-03 Time taken: 0.08 seconds 
Epoch: 149/200 Train accuracy: 7.57874e-01 Validation accuracy: 7.49000e-01 Training loss 5.09780e-03 Validation loss 5.42982e-03 Time taken: 0.08 seconds 
Epoch: 150/200 Train accuracy: 7.57731e-01 Validation accuracy: 7.52000e-01 Training loss 5.10111e-03 Validation loss 5.41215e-03 Time taken: 0.08 seconds 
Epoch: 151/200 Train accuracy: 7.60225e-01 Validation accuracy: 7.49333e-01 Training loss 5.09470e-03 Validation loss 5.46083e-03 Time taken: 0.08 seconds 
Epoch: 152/200 Train accuracy: 7.60938e-01 Validation accuracy: 7.54333e-01 Training loss 5.09511e-03 Validation loss 5.43010e-03 Time taken: 0.08 seconds 
Epoch: 153/200 Train accuracy: 7.59441e-01 Validation accuracy: 7.49333e-01 Training loss 5.09038e-03 Validation loss 5.43254e-03 Time taken: 0.08 seconds 
Epoch: 154/200 Train accuracy: 7.60439e-01 Validation accuracy: 7.50000e-01 Training loss 5.09715e-03 Validation loss 5.44151e-03 Time taken: 0.08 seconds 
Epoch: 155/200 Train accuracy: 7.60154e-01 Validation accuracy: 7.49333e-01 Training loss 5.09146e-03 Validation loss 5.44324e-03 Time taken: 0.08 seconds 
Epoch: 156/200 Train accuracy: 7.60296e-01 Validation accuracy: 7.47333e-01 Training loss 5.08643e-03 Validation loss 5.43198e-03 Time taken: 0.08 seconds 
Epoch: 157/200 Train accuracy: 7.59869e-01 Validation accuracy: 7.51000e-01 Training loss 5.08531e-03 Validation loss 5.44983e-03 Time taken: 0.08 seconds 
Epoch: 158/200 Train accuracy: 7.60795e-01 Validation accuracy: 7.49000e-01 Training loss 5.07888e-03 Validation loss 5.41347e-03 Time taken: 0.08 seconds 
Epoch: 159/200 Train accuracy: 7.62007e-01 Validation accuracy: 7.48667e-01 Training loss 5.07850e-03 Validation loss 5.43204e-03 Time taken: 0.08 seconds 
Epoch: 160/200 Train accuracy: 7.61009e-01 Validation accuracy: 7.50333e-01 Training loss 5.07626e-03 Validation loss 5.40052e-03 Time taken: 0.08 seconds 
Epoch: 161/200 Train accuracy: 7.59869e-01 Validation accuracy: 7.51000e-01 Training loss 5.08228e-03 Validation loss 5.43123e-03 Time taken: 0.08 seconds 
Epoch: 162/200 Train accuracy: 7.59441e-01 Validation accuracy: 7.48667e-01 Training loss 5.09516e-03 Validation loss 5.40633e-03 Time taken: 0.08 seconds 
Epoch: 163/200 Train accuracy: 7.60439e-01 Validation accuracy: 7.48667e-01 Training loss 5.07859e-03 Validation loss 5.41138e-03 Time taken: 0.08 seconds 
Epoch: 164/200 Train accuracy: 7.61722e-01 Validation accuracy: 7.52000e-01 Training loss 5.07106e-03 Validation loss 5.42917e-03 Time taken: 0.08 seconds 
Epoch: 165/200 Train accuracy: 7.60866e-01 Validation accuracy: 7.49333e-01 Training loss 5.08201e-03 Validation loss 5.41062e-03 Time taken: 0.08 seconds 
Epoch: 166/200 Train accuracy: 7.59441e-01 Validation accuracy: 7.50667e-01 Training loss 5.08412e-03 Validation loss 5.41443e-03 Time taken: 0.08 seconds 
Epoch: 167/200 Train accuracy: 7.59798e-01 Validation accuracy: 7.52667e-01 Training loss 5.07359e-03 Validation loss 5.41647e-03 Time taken: 0.09 seconds 
Epoch: 168/200 Train accuracy: 7.61009e-01 Validation accuracy: 7.52667e-01 Training loss 5.07052e-03 Validation loss 5.42305e-03 Time taken: 0.08 seconds 
Epoch: 169/200 Train accuracy: 7.59940e-01 Validation accuracy: 7.49667e-01 Training loss 5.07414e-03 Validation loss 5.42513e-03 Time taken: 0.08 seconds 
Epoch: 170/200 Train accuracy: 7.60225e-01 Validation accuracy: 7.50000e-01 Training loss 5.07287e-03 Validation loss 5.41463e-03 Time taken: 0.08 seconds 
Epoch: 171/200 Train accuracy: 7.61365e-01 Validation accuracy: 7.52333e-01 Training loss 5.07034e-03 Validation loss 5.39821e-03 Time taken: 0.08 seconds 
Epoch: 172/200 Train accuracy: 7.61009e-01 Validation accuracy: 7.52000e-01 Training loss 5.07143e-03 Validation loss 5.40795e-03 Time taken: 0.08 seconds 
Epoch: 173/200 Train accuracy: 7.61793e-01 Validation accuracy: 7.50667e-01 Training loss 5.07365e-03 Validation loss 5.38689e-03 Time taken: 0.09 seconds 
Epoch: 174/200 Train accuracy: 7.62292e-01 Validation accuracy: 7.52333e-01 Training loss 5.07144e-03 Validation loss 5.42807e-03 Time taken: 0.08 seconds 
Epoch: 175/200 Train accuracy: 7.61650e-01 Validation accuracy: 7.49000e-01 Training loss 5.06530e-03 Validation loss 5.38896e-03 Time taken: 0.08 seconds 
Epoch: 176/200 Train accuracy: 7.60510e-01 Validation accuracy: 7.54000e-01 Training loss 5.06854e-03 Validation loss 5.39654e-03 Time taken: 0.08 seconds 
Epoch: 177/200 Train accuracy: 7.59584e-01 Validation accuracy: 7.50667e-01 Training loss 5.06305e-03 Validation loss 5.40550e-03 Time taken: 0.08 seconds 
Epoch: 178/200 Train accuracy: 7.59370e-01 Validation accuracy: 7.55000e-01 Training loss 5.06550e-03 Validation loss 5.39750e-03 Time taken: 0.08 seconds 
Epoch: 179/200 Train accuracy: 7.60439e-01 Validation accuracy: 7.51000e-01 Training loss 5.06724e-03 Validation loss 5.41731e-03 Time taken: 0.08 seconds 
Epoch: 180/200 Train accuracy: 7.61579e-01 Validation accuracy: 7.54333e-01 Training loss 5.06674e-03 Validation loss 5.41405e-03 Time taken: 0.08 seconds 
Epoch: 181/200 Train accuracy: 7.59940e-01 Validation accuracy: 7.51333e-01 Training loss 5.06861e-03 Validation loss 5.41251e-03 Time taken: 0.08 seconds 
Epoch: 182/200 Train accuracy: 7.63289e-01 Validation accuracy: 7.51000e-01 Training loss 5.05826e-03 Validation loss 5.45731e-03 Time taken: 0.08 seconds 
Epoch: 183/200 Train accuracy: 7.61579e-01 Validation accuracy: 7.51667e-01 Training loss 5.05131e-03 Validation loss 5.40248e-03 Time taken: 0.08 seconds 
Epoch: 184/200 Train accuracy: 7.62505e-01 Validation accuracy: 7.55667e-01 Training loss 5.06023e-03 Validation loss 5.38967e-03 Time taken: 0.08 seconds 
Epoch: 185/200 Train accuracy: 7.62648e-01 Validation accuracy: 7.54333e-01 Training loss 5.05968e-03 Validation loss 5.40675e-03 Time taken: 0.08 seconds 
Epoch: 186/200 Train accuracy: 7.61508e-01 Validation accuracy: 7.53000e-01 Training loss 5.05242e-03 Validation loss 5.39861e-03 Time taken: 0.08 seconds 
Epoch: 187/200 Train accuracy: 7.61793e-01 Validation accuracy: 7.50667e-01 Training loss 5.04714e-03 Validation loss 5.40066e-03 Time taken: 0.08 seconds 
Epoch: 188/200 Train accuracy: 7.61437e-01 Validation accuracy: 7.52333e-01 Training loss 5.05591e-03 Validation loss 5.39833e-03 Time taken: 0.08 seconds 
Epoch: 189/200 Train accuracy: 7.60724e-01 Validation accuracy: 7.49000e-01 Training loss 5.05517e-03 Validation loss 5.38708e-03 Time taken: 0.08 seconds 
Epoch: 190/200 Train accuracy: 7.59940e-01 Validation accuracy: 7.52000e-01 Training loss 5.05120e-03 Validation loss 5.38861e-03 Time taken: 0.08 seconds 
Epoch: 191/200 Train accuracy: 7.63218e-01 Validation accuracy: 7.58333e-01 Training loss 5.05381e-03 Validation loss 5.37274e-03 Time taken: 0.08 seconds 
Epoch: 192/200 Train accuracy: 7.61579e-01 Validation accuracy: 7.54667e-01 Training loss 5.04236e-03 Validation loss 5.36966e-03 Time taken: 0.08 seconds 
Epoch: 193/200 Train accuracy: 7.61722e-01 Validation accuracy: 7.53000e-01 Training loss 5.05290e-03 Validation loss 5.36949e-03 Time taken: 0.10 seconds 
Epoch: 194/200 Train accuracy: 7.62363e-01 Validation accuracy: 7.49000e-01 Training loss 5.04992e-03 Validation loss 5.38800e-03 Time taken: 0.09 seconds 
Epoch: 195/200 Train accuracy: 7.62292e-01 Validation accuracy: 7.54000e-01 Training loss 5.04505e-03 Validation loss 5.37462e-03 Time taken: 0.08 seconds 
Epoch: 196/200 Train accuracy: 7.60368e-01 Validation accuracy: 7.50000e-01 Training loss 5.04950e-03 Validation loss 5.42944e-03 Time taken: 0.08 seconds 
Epoch: 197/200 Train accuracy: 7.61722e-01 Validation accuracy: 7.56333e-01 Training loss 5.04302e-03 Validation loss 5.37594e-03 Time taken: 0.08 seconds 
Epoch: 198/200 Train accuracy: 7.59869e-01 Validation accuracy: 7.53333e-01 Training loss 5.05194e-03 Validation loss 5.36903e-03 Time taken: 0.08 seconds 
Epoch: 199/200 Train accuracy: 7.62078e-01 Validation accuracy: 7.55000e-01 Training loss 5.03770e-03 Validation loss 5.38093e-03 Time taken: 0.08 seconds 
Epoch: 200/200 Train accuracy: 7.61579e-01 Validation accuracy: 7.53333e-01 Training loss 5.04118e-03 Validation loss 5.38108e-03 Time taken: 0.08 seconds 
Total time taken 0:00:16.167011
Cleaning up intermediate feature (.pt) files
Done


working on file logs_PKT_chunks_different_seeds/iic-train-l2-pkt-chunks-seed4-pred12/jepa-iic-ep400.pth.tar ...
Directory logs_PKT_chunks_different_seeds/iic-train-l2-pkt-chunks-seed4-pred12/classifiers for saving the classifiers is now present
VisionTransformer(
  (patch_embed): PatchEmbed(
    (proj): Conv2d(3, 768, kernel_size=(15, 15), stride=(15, 15))
  )
  (blocks): ModuleList(
    (0-11): 12 x Block(
      (norm1): LayerNorm((768,), eps=1e-06, elementwise_affine=True)
      (attn): Attention(
        (qkv): Linear(in_features=768, out_features=2304, bias=True)
        (attn_drop): Dropout(p=0.0, inplace=False)
        (proj): Linear(in_features=768, out_features=768, bias=True)
        (proj_drop): Dropout(p=0.0, inplace=False)
      )
      (drop_path): Identity()
      (norm2): LayerNorm((768,), eps=1e-06, elementwise_affine=True)
      (mlp): MLP(
        (fc1): Linear(in_features=768, out_features=3072, bias=True)
        (act): GELU(approximate='none')
        (fc2): Linear(in_features=3072, out_features=768, bias=True)
        (drop): Dropout(p=0.0, inplace=False)
      )
    )
  )
  (norm): LayerNorm((768,), eps=1e-06, elementwise_affine=True)
)
Extracting features and saving them in memory..
Extracting features...
Time taken to extract features: 24.451159711927176
Epoch: 1/200 Train accuracy: 4.31096e-01 Validation accuracy: 6.28333e-01 Training loss 1.21854e-02 Validation loss 8.97881e-03 Time taken: 0.08 seconds 
Epoch: 2/200 Train accuracy: 6.76856e-01 Validation accuracy: 6.89000e-01 Training loss 7.65215e-03 Validation loss 7.34429e-03 Time taken: 0.08 seconds 
Epoch: 3/200 Train accuracy: 7.05715e-01 Validation accuracy: 7.11000e-01 Training loss 6.65795e-03 Validation loss 6.69328e-03 Time taken: 0.08 seconds 
Epoch: 4/200 Train accuracy: 7.19823e-01 Validation accuracy: 7.24333e-01 Training loss 6.18818e-03 Validation loss 6.31245e-03 Time taken: 0.11 seconds 
Epoch: 5/200 Train accuracy: 7.31794e-01 Validation accuracy: 7.35333e-01 Training loss 5.90492e-03 Validation loss 6.07448e-03 Time taken: 0.15 seconds 
Epoch: 6/200 Train accuracy: 7.40701e-01 Validation accuracy: 7.38667e-01 Training loss 5.72285e-03 Validation loss 5.91932e-03 Time taken: 0.16 seconds 
Epoch: 7/200 Train accuracy: 7.46829e-01 Validation accuracy: 7.45000e-01 Training loss 5.57110e-03 Validation loss 5.78800e-03 Time taken: 0.14 seconds 
Epoch: 8/200 Train accuracy: 7.49964e-01 Validation accuracy: 7.48000e-01 Training loss 5.46121e-03 Validation loss 5.67582e-03 Time taken: 0.14 seconds 
Epoch: 9/200 Train accuracy: 7.49751e-01 Validation accuracy: 7.51333e-01 Training loss 5.38175e-03 Validation loss 5.58875e-03 Time taken: 0.14 seconds 
Epoch: 10/200 Train accuracy: 7.55309e-01 Validation accuracy: 7.54667e-01 Training loss 5.31062e-03 Validation loss 5.54024e-03 Time taken: 0.15 seconds 
Epoch: 11/200 Train accuracy: 7.58016e-01 Validation accuracy: 7.54333e-01 Training loss 5.24648e-03 Validation loss 5.47330e-03 Time taken: 0.15 seconds 
Epoch: 12/200 Train accuracy: 7.58444e-01 Validation accuracy: 7.56667e-01 Training loss 5.19573e-03 Validation loss 5.43627e-03 Time taken: 0.12 seconds 
Epoch: 13/200 Train accuracy: 7.58943e-01 Validation accuracy: 7.56333e-01 Training loss 5.16196e-03 Validation loss 5.40680e-03 Time taken: 0.10 seconds 
Epoch: 14/200 Train accuracy: 7.60938e-01 Validation accuracy: 7.57000e-01 Training loss 5.11565e-03 Validation loss 5.36346e-03 Time taken: 0.12 seconds 
Epoch: 15/200 Train accuracy: 7.61437e-01 Validation accuracy: 7.64333e-01 Training loss 5.08606e-03 Validation loss 5.35822e-03 Time taken: 0.08 seconds 
Epoch: 16/200 Train accuracy: 7.63574e-01 Validation accuracy: 7.61000e-01 Training loss 5.05646e-03 Validation loss 5.29794e-03 Time taken: 0.08 seconds 
Epoch: 17/200 Train accuracy: 7.63075e-01 Validation accuracy: 7.68667e-01 Training loss 5.02999e-03 Validation loss 5.27534e-03 Time taken: 0.08 seconds 
Epoch: 18/200 Train accuracy: 7.66353e-01 Validation accuracy: 7.62333e-01 Training loss 5.00932e-03 Validation loss 5.27477e-03 Time taken: 0.08 seconds 
Epoch: 19/200 Train accuracy: 7.63859e-01 Validation accuracy: 7.64667e-01 Training loss 4.99371e-03 Validation loss 5.23630e-03 Time taken: 0.08 seconds 
Epoch: 20/200 Train accuracy: 7.65926e-01 Validation accuracy: 7.61333e-01 Training loss 4.96788e-03 Validation loss 5.26158e-03 Time taken: 0.08 seconds 
Epoch: 21/200 Train accuracy: 7.67921e-01 Validation accuracy: 7.65000e-01 Training loss 4.94966e-03 Validation loss 5.19745e-03 Time taken: 0.08 seconds 
Epoch: 22/200 Train accuracy: 7.66852e-01 Validation accuracy: 7.69000e-01 Training loss 4.94085e-03 Validation loss 5.19120e-03 Time taken: 0.08 seconds 
Epoch: 23/200 Train accuracy: 7.69203e-01 Validation accuracy: 7.61667e-01 Training loss 4.91526e-03 Validation loss 5.21911e-03 Time taken: 0.08 seconds 
Epoch: 24/200 Train accuracy: 7.67351e-01 Validation accuracy: 7.67333e-01 Training loss 4.91375e-03 Validation loss 5.20378e-03 Time taken: 0.08 seconds 
Epoch: 25/200 Train accuracy: 7.70415e-01 Validation accuracy: 7.68333e-01 Training loss 4.89832e-03 Validation loss 5.15085e-03 Time taken: 0.08 seconds 
Epoch: 26/200 Train accuracy: 7.68918e-01 Validation accuracy: 7.68333e-01 Training loss 4.87764e-03 Validation loss 5.13446e-03 Time taken: 0.08 seconds 
Epoch: 27/200 Train accuracy: 7.70343e-01 Validation accuracy: 7.68000e-01 Training loss 4.86321e-03 Validation loss 5.12983e-03 Time taken: 0.08 seconds 
Epoch: 28/200 Train accuracy: 7.69417e-01 Validation accuracy: 7.66333e-01 Training loss 4.84619e-03 Validation loss 5.14213e-03 Time taken: 0.08 seconds 
Epoch: 29/200 Train accuracy: 7.71626e-01 Validation accuracy: 7.68333e-01 Training loss 4.84409e-03 Validation loss 5.11038e-03 Time taken: 0.08 seconds 
Epoch: 30/200 Train accuracy: 7.72980e-01 Validation accuracy: 7.69667e-01 Training loss 4.82619e-03 Validation loss 5.10467e-03 Time taken: 0.08 seconds 
Epoch: 31/200 Train accuracy: 7.71840e-01 Validation accuracy: 7.70000e-01 Training loss 4.82660e-03 Validation loss 5.10492e-03 Time taken: 0.08 seconds 
Epoch: 32/200 Train accuracy: 7.73265e-01 Validation accuracy: 7.69333e-01 Training loss 4.81090e-03 Validation loss 5.09926e-03 Time taken: 0.08 seconds 
Epoch: 33/200 Train accuracy: 7.72909e-01 Validation accuracy: 7.71000e-01 Training loss 4.80800e-03 Validation loss 5.08468e-03 Time taken: 0.08 seconds 
Epoch: 34/200 Train accuracy: 7.74263e-01 Validation accuracy: 7.70000e-01 Training loss 4.79993e-03 Validation loss 5.06233e-03 Time taken: 0.08 seconds 
Epoch: 35/200 Train accuracy: 7.75189e-01 Validation accuracy: 7.73000e-01 Training loss 4.79200e-03 Validation loss 5.06756e-03 Time taken: 0.08 seconds 
Epoch: 36/200 Train accuracy: 7.73479e-01 Validation accuracy: 7.73667e-01 Training loss 4.77843e-03 Validation loss 5.06335e-03 Time taken: 0.08 seconds 
Epoch: 37/200 Train accuracy: 7.73194e-01 Validation accuracy: 7.73000e-01 Training loss 4.77158e-03 Validation loss 5.05293e-03 Time taken: 0.08 seconds 
Epoch: 38/200 Train accuracy: 7.74833e-01 Validation accuracy: 7.75333e-01 Training loss 4.76255e-03 Validation loss 5.04298e-03 Time taken: 0.08 seconds 
Epoch: 39/200 Train accuracy: 7.76258e-01 Validation accuracy: 7.72000e-01 Training loss 4.76220e-03 Validation loss 5.03699e-03 Time taken: 0.08 seconds 
Epoch: 40/200 Train accuracy: 7.75545e-01 Validation accuracy: 7.73333e-01 Training loss 4.74983e-03 Validation loss 5.03183e-03 Time taken: 0.08 seconds 
Epoch: 41/200 Train accuracy: 7.78039e-01 Validation accuracy: 7.71667e-01 Training loss 4.74436e-03 Validation loss 5.05067e-03 Time taken: 0.08 seconds 
Epoch: 42/200 Train accuracy: 7.76899e-01 Validation accuracy: 7.75333e-01 Training loss 4.74542e-03 Validation loss 5.01926e-03 Time taken: 0.08 seconds 
Epoch: 43/200 Train accuracy: 7.79892e-01 Validation accuracy: 7.72667e-01 Training loss 4.72225e-03 Validation loss 5.01527e-03 Time taken: 0.08 seconds 
Epoch: 44/200 Train accuracy: 7.77540e-01 Validation accuracy: 7.73667e-01 Training loss 4.72701e-03 Validation loss 4.99419e-03 Time taken: 0.08 seconds 
Epoch: 45/200 Train accuracy: 7.77540e-01 Validation accuracy: 7.71667e-01 Training loss 4.71588e-03 Validation loss 5.03121e-03 Time taken: 0.08 seconds 
Epoch: 46/200 Train accuracy: 7.79607e-01 Validation accuracy: 7.76333e-01 Training loss 4.71328e-03 Validation loss 5.00434e-03 Time taken: 0.08 seconds 
Epoch: 47/200 Train accuracy: 7.77540e-01 Validation accuracy: 7.72000e-01 Training loss 4.70419e-03 Validation loss 4.99078e-03 Time taken: 0.08 seconds 
Epoch: 48/200 Train accuracy: 7.78182e-01 Validation accuracy: 7.74333e-01 Training loss 4.69936e-03 Validation loss 4.99097e-03 Time taken: 0.10 seconds 
Epoch: 49/200 Train accuracy: 7.78965e-01 Validation accuracy: 7.75667e-01 Training loss 4.69836e-03 Validation loss 4.98625e-03 Time taken: 0.08 seconds 
Epoch: 50/200 Train accuracy: 7.78894e-01 Validation accuracy: 7.76000e-01 Training loss 4.69120e-03 Validation loss 4.98100e-03 Time taken: 0.08 seconds 
Epoch: 51/200 Train accuracy: 7.78538e-01 Validation accuracy: 7.74333e-01 Training loss 4.68263e-03 Validation loss 4.98979e-03 Time taken: 0.08 seconds 
Epoch: 52/200 Train accuracy: 7.79037e-01 Validation accuracy: 7.72000e-01 Training loss 4.68093e-03 Validation loss 4.99404e-03 Time taken: 0.08 seconds 
Epoch: 53/200 Train accuracy: 7.80747e-01 Validation accuracy: 7.77667e-01 Training loss 4.67935e-03 Validation loss 4.98607e-03 Time taken: 0.08 seconds 
Epoch: 54/200 Train accuracy: 7.80390e-01 Validation accuracy: 7.75000e-01 Training loss 4.67119e-03 Validation loss 4.95265e-03 Time taken: 0.08 seconds 
Epoch: 55/200 Train accuracy: 7.80961e-01 Validation accuracy: 7.76333e-01 Training loss 4.66397e-03 Validation loss 4.95845e-03 Time taken: 0.08 seconds 
Epoch: 56/200 Train accuracy: 7.79393e-01 Validation accuracy: 7.70333e-01 Training loss 4.65493e-03 Validation loss 5.03759e-03 Time taken: 0.08 seconds 
Epoch: 57/200 Train accuracy: 7.81531e-01 Validation accuracy: 7.80000e-01 Training loss 4.66564e-03 Validation loss 4.96116e-03 Time taken: 0.08 seconds 
Epoch: 58/200 Train accuracy: 7.81246e-01 Validation accuracy: 7.78333e-01 Training loss 4.66140e-03 Validation loss 4.94034e-03 Time taken: 0.08 seconds 
Epoch: 59/200 Train accuracy: 7.82029e-01 Validation accuracy: 7.76333e-01 Training loss 4.64272e-03 Validation loss 4.95724e-03 Time taken: 0.08 seconds 
Epoch: 60/200 Train accuracy: 7.82101e-01 Validation accuracy: 7.75333e-01 Training loss 4.64028e-03 Validation loss 4.93170e-03 Time taken: 0.08 seconds 
Epoch: 61/200 Train accuracy: 7.82671e-01 Validation accuracy: 7.75333e-01 Training loss 4.63868e-03 Validation loss 4.97304e-03 Time taken: 0.08 seconds 
Epoch: 62/200 Train accuracy: 7.81531e-01 Validation accuracy: 7.75000e-01 Training loss 4.63879e-03 Validation loss 4.92863e-03 Time taken: 0.08 seconds 
Epoch: 63/200 Train accuracy: 7.83739e-01 Validation accuracy: 7.79333e-01 Training loss 4.63435e-03 Validation loss 4.96227e-03 Time taken: 0.08 seconds 
Epoch: 64/200 Train accuracy: 7.82742e-01 Validation accuracy: 7.77333e-01 Training loss 4.63078e-03 Validation loss 4.91597e-03 Time taken: 0.08 seconds 
Epoch: 65/200 Train accuracy: 7.83526e-01 Validation accuracy: 7.77333e-01 Training loss 4.61814e-03 Validation loss 4.92425e-03 Time taken: 0.08 seconds 
Epoch: 66/200 Train accuracy: 7.83098e-01 Validation accuracy: 7.75667e-01 Training loss 4.62282e-03 Validation loss 4.94794e-03 Time taken: 0.08 seconds 
Epoch: 67/200 Train accuracy: 7.82742e-01 Validation accuracy: 7.80333e-01 Training loss 4.61553e-03 Validation loss 4.92445e-03 Time taken: 0.08 seconds 
Epoch: 68/200 Train accuracy: 7.84167e-01 Validation accuracy: 7.78000e-01 Training loss 4.60794e-03 Validation loss 4.92867e-03 Time taken: 0.08 seconds 
Epoch: 69/200 Train accuracy: 7.83597e-01 Validation accuracy: 7.79000e-01 Training loss 4.60950e-03 Validation loss 4.90535e-03 Time taken: 0.08 seconds 
Epoch: 70/200 Train accuracy: 7.82956e-01 Validation accuracy: 7.79000e-01 Training loss 4.60646e-03 Validation loss 4.92339e-03 Time taken: 0.08 seconds 
Epoch: 71/200 Train accuracy: 7.84951e-01 Validation accuracy: 7.78333e-01 Training loss 4.59694e-03 Validation loss 4.91394e-03 Time taken: 0.08 seconds 
Epoch: 72/200 Train accuracy: 7.84523e-01 Validation accuracy: 7.78667e-01 Training loss 4.59455e-03 Validation loss 4.89067e-03 Time taken: 0.08 seconds 
Epoch: 73/200 Train accuracy: 7.85093e-01 Validation accuracy: 7.80667e-01 Training loss 4.59327e-03 Validation loss 4.88530e-03 Time taken: 0.08 seconds 
Epoch: 74/200 Train accuracy: 7.86590e-01 Validation accuracy: 7.78333e-01 Training loss 4.59175e-03 Validation loss 4.88831e-03 Time taken: 0.10 seconds 
Epoch: 75/200 Train accuracy: 7.86518e-01 Validation accuracy: 7.79667e-01 Training loss 4.58437e-03 Validation loss 4.90831e-03 Time taken: 0.08 seconds 
Epoch: 76/200 Train accuracy: 7.86162e-01 Validation accuracy: 7.79000e-01 Training loss 4.59013e-03 Validation loss 4.90286e-03 Time taken: 0.08 seconds 
Epoch: 77/200 Train accuracy: 7.85592e-01 Validation accuracy: 7.78333e-01 Training loss 4.57971e-03 Validation loss 4.87558e-03 Time taken: 0.08 seconds 
Epoch: 78/200 Train accuracy: 7.86162e-01 Validation accuracy: 7.78667e-01 Training loss 4.57719e-03 Validation loss 4.90084e-03 Time taken: 0.08 seconds 
Epoch: 79/200 Train accuracy: 7.86447e-01 Validation accuracy: 7.78000e-01 Training loss 4.56935e-03 Validation loss 4.87301e-03 Time taken: 0.08 seconds 
Epoch: 80/200 Train accuracy: 7.86518e-01 Validation accuracy: 7.79667e-01 Training loss 4.56483e-03 Validation loss 4.89040e-03 Time taken: 0.08 seconds 
Epoch: 81/200 Train accuracy: 7.84880e-01 Validation accuracy: 7.81667e-01 Training loss 4.56546e-03 Validation loss 4.88651e-03 Time taken: 0.08 seconds 
Epoch: 82/200 Train accuracy: 7.86020e-01 Validation accuracy: 7.80333e-01 Training loss 4.56424e-03 Validation loss 4.86078e-03 Time taken: 0.08 seconds 
Epoch: 83/200 Train accuracy: 7.86803e-01 Validation accuracy: 7.81333e-01 Training loss 4.56272e-03 Validation loss 4.87122e-03 Time taken: 0.08 seconds 
Epoch: 84/200 Train accuracy: 7.86518e-01 Validation accuracy: 7.78667e-01 Training loss 4.55304e-03 Validation loss 4.89586e-03 Time taken: 0.08 seconds 
Epoch: 85/200 Train accuracy: 7.86590e-01 Validation accuracy: 7.80333e-01 Training loss 4.56690e-03 Validation loss 4.87026e-03 Time taken: 0.08 seconds 
Epoch: 86/200 Train accuracy: 7.85735e-01 Validation accuracy: 7.79000e-01 Training loss 4.55298e-03 Validation loss 4.85621e-03 Time taken: 0.08 seconds 
Epoch: 87/200 Train accuracy: 7.88157e-01 Validation accuracy: 7.78000e-01 Training loss 4.54743e-03 Validation loss 4.87225e-03 Time taken: 0.08 seconds 
Epoch: 88/200 Train accuracy: 7.86376e-01 Validation accuracy: 7.81667e-01 Training loss 4.54802e-03 Validation loss 4.87506e-03 Time taken: 0.08 seconds 
Epoch: 89/200 Train accuracy: 7.87587e-01 Validation accuracy: 7.83000e-01 Training loss 4.54326e-03 Validation loss 4.85975e-03 Time taken: 0.08 seconds 
Epoch: 90/200 Train accuracy: 7.88300e-01 Validation accuracy: 7.81333e-01 Training loss 4.54456e-03 Validation loss 4.84070e-03 Time taken: 0.08 seconds 
Epoch: 91/200 Train accuracy: 7.86661e-01 Validation accuracy: 7.77667e-01 Training loss 4.53938e-03 Validation loss 4.88652e-03 Time taken: 0.08 seconds 
Epoch: 92/200 Train accuracy: 7.86518e-01 Validation accuracy: 7.82000e-01 Training loss 4.53199e-03 Validation loss 4.86462e-03 Time taken: 0.08 seconds 
Epoch: 93/200 Train accuracy: 7.87730e-01 Validation accuracy: 7.78667e-01 Training loss 4.53486e-03 Validation loss 4.84262e-03 Time taken: 0.08 seconds 
Epoch: 94/200 Train accuracy: 7.89084e-01 Validation accuracy: 7.81000e-01 Training loss 4.53565e-03 Validation loss 4.84960e-03 Time taken: 0.08 seconds 
Epoch: 95/200 Train accuracy: 7.89297e-01 Validation accuracy: 7.82667e-01 Training loss 4.52278e-03 Validation loss 4.84846e-03 Time taken: 0.08 seconds 
Epoch: 96/200 Train accuracy: 7.88514e-01 Validation accuracy: 7.84333e-01 Training loss 4.51878e-03 Validation loss 4.83562e-03 Time taken: 0.08 seconds 
Epoch: 97/200 Train accuracy: 7.88870e-01 Validation accuracy: 7.81667e-01 Training loss 4.51803e-03 Validation loss 4.82943e-03 Time taken: 0.08 seconds 
Epoch: 98/200 Train accuracy: 7.87017e-01 Validation accuracy: 7.81667e-01 Training loss 4.52550e-03 Validation loss 4.82932e-03 Time taken: 0.08 seconds 
Epoch: 99/200 Train accuracy: 7.90366e-01 Validation accuracy: 7.80667e-01 Training loss 4.51100e-03 Validation loss 4.86727e-03 Time taken: 0.09 seconds 
Epoch: 100/200 Train accuracy: 7.89297e-01 Validation accuracy: 7.80000e-01 Training loss 4.51220e-03 Validation loss 4.82158e-03 Time taken: 0.10 seconds 
Epoch: 101/200 Train accuracy: 7.89867e-01 Validation accuracy: 7.83667e-01 Training loss 4.51289e-03 Validation loss 4.82752e-03 Time taken: 0.08 seconds 
Epoch: 102/200 Train accuracy: 7.89796e-01 Validation accuracy: 7.85333e-01 Training loss 4.50672e-03 Validation loss 4.82044e-03 Time taken: 0.08 seconds 
Epoch: 103/200 Train accuracy: 7.90152e-01 Validation accuracy: 7.80333e-01 Training loss 4.50696e-03 Validation loss 4.85692e-03 Time taken: 0.08 seconds 
Epoch: 104/200 Train accuracy: 7.89012e-01 Validation accuracy: 7.81667e-01 Training loss 4.50026e-03 Validation loss 4.82908e-03 Time taken: 0.08 seconds 
Epoch: 105/200 Train accuracy: 7.90010e-01 Validation accuracy: 7.83333e-01 Training loss 4.50140e-03 Validation loss 4.82498e-03 Time taken: 0.08 seconds 
Epoch: 106/200 Train accuracy: 7.89796e-01 Validation accuracy: 7.82333e-01 Training loss 4.49723e-03 Validation loss 4.81011e-03 Time taken: 0.08 seconds 
Epoch: 107/200 Train accuracy: 7.90152e-01 Validation accuracy: 7.85000e-01 Training loss 4.49770e-03 Validation loss 4.80050e-03 Time taken: 0.08 seconds 
Epoch: 108/200 Train accuracy: 7.90438e-01 Validation accuracy: 7.84000e-01 Training loss 4.49992e-03 Validation loss 4.84354e-03 Time taken: 0.08 seconds 
Epoch: 109/200 Train accuracy: 7.90651e-01 Validation accuracy: 7.83000e-01 Training loss 4.49625e-03 Validation loss 4.81211e-03 Time taken: 0.08 seconds 
Epoch: 110/200 Train accuracy: 7.89867e-01 Validation accuracy: 7.86000e-01 Training loss 4.49491e-03 Validation loss 4.80308e-03 Time taken: 0.08 seconds 
Epoch: 111/200 Train accuracy: 7.88585e-01 Validation accuracy: 7.83333e-01 Training loss 4.48849e-03 Validation loss 4.79792e-03 Time taken: 0.08 seconds 
Epoch: 112/200 Train accuracy: 7.90224e-01 Validation accuracy: 7.82333e-01 Training loss 4.48698e-03 Validation loss 4.82332e-03 Time taken: 0.08 seconds 
Epoch: 113/200 Train accuracy: 7.90936e-01 Validation accuracy: 7.82333e-01 Training loss 4.47997e-03 Validation loss 4.81477e-03 Time taken: 0.08 seconds 
Epoch: 114/200 Train accuracy: 7.89725e-01 Validation accuracy: 7.85000e-01 Training loss 4.48886e-03 Validation loss 4.80038e-03 Time taken: 0.08 seconds 
Epoch: 115/200 Train accuracy: 7.92718e-01 Validation accuracy: 7.82333e-01 Training loss 4.48206e-03 Validation loss 4.78117e-03 Time taken: 0.08 seconds 
Epoch: 116/200 Train accuracy: 7.90224e-01 Validation accuracy: 7.81333e-01 Training loss 4.47585e-03 Validation loss 4.78446e-03 Time taken: 0.08 seconds 
Epoch: 117/200 Train accuracy: 7.88157e-01 Validation accuracy: 7.84000e-01 Training loss 4.47743e-03 Validation loss 4.79596e-03 Time taken: 0.08 seconds 
Epoch: 118/200 Train accuracy: 7.90865e-01 Validation accuracy: 7.84000e-01 Training loss 4.47056e-03 Validation loss 4.80675e-03 Time taken: 0.08 seconds 
Epoch: 119/200 Train accuracy: 7.91008e-01 Validation accuracy: 7.84000e-01 Training loss 4.47474e-03 Validation loss 4.80185e-03 Time taken: 0.08 seconds 
Epoch: 120/200 Train accuracy: 7.90152e-01 Validation accuracy: 7.81667e-01 Training loss 4.47597e-03 Validation loss 4.79427e-03 Time taken: 0.08 seconds 
Epoch: 121/200 Train accuracy: 7.91506e-01 Validation accuracy: 7.86000e-01 Training loss 4.46391e-03 Validation loss 4.77892e-03 Time taken: 0.08 seconds 
Epoch: 122/200 Train accuracy: 7.91435e-01 Validation accuracy: 7.84333e-01 Training loss 4.46449e-03 Validation loss 4.78546e-03 Time taken: 0.08 seconds 
Epoch: 123/200 Train accuracy: 7.91008e-01 Validation accuracy: 7.83333e-01 Training loss 4.46126e-03 Validation loss 4.79094e-03 Time taken: 0.08 seconds 
Epoch: 124/200 Train accuracy: 7.91578e-01 Validation accuracy: 7.85667e-01 Training loss 4.46395e-03 Validation loss 4.79675e-03 Time taken: 0.08 seconds 
Epoch: 125/200 Train accuracy: 7.92433e-01 Validation accuracy: 7.81333e-01 Training loss 4.45268e-03 Validation loss 4.77327e-03 Time taken: 0.10 seconds 
Epoch: 126/200 Train accuracy: 7.91720e-01 Validation accuracy: 7.85667e-01 Training loss 4.45510e-03 Validation loss 4.77262e-03 Time taken: 0.08 seconds 
Epoch: 127/200 Train accuracy: 7.92148e-01 Validation accuracy: 7.85667e-01 Training loss 4.45299e-03 Validation loss 4.76856e-03 Time taken: 0.08 seconds 
Epoch: 128/200 Train accuracy: 7.92290e-01 Validation accuracy: 7.84000e-01 Training loss 4.44896e-03 Validation loss 4.79265e-03 Time taken: 0.08 seconds 
Epoch: 129/200 Train accuracy: 7.91293e-01 Validation accuracy: 7.86333e-01 Training loss 4.46031e-03 Validation loss 4.77925e-03 Time taken: 0.08 seconds 
Epoch: 130/200 Train accuracy: 7.93216e-01 Validation accuracy: 7.83333e-01 Training loss 4.45289e-03 Validation loss 4.80163e-03 Time taken: 0.08 seconds 
Epoch: 131/200 Train accuracy: 7.91221e-01 Validation accuracy: 7.85667e-01 Training loss 4.44618e-03 Validation loss 4.75941e-03 Time taken: 0.08 seconds 
Epoch: 132/200 Train accuracy: 7.93074e-01 Validation accuracy: 7.87000e-01 Training loss 4.44428e-03 Validation loss 4.76923e-03 Time taken: 0.08 seconds 
Epoch: 133/200 Train accuracy: 7.93858e-01 Validation accuracy: 7.83667e-01 Training loss 4.44158e-03 Validation loss 4.76685e-03 Time taken: 0.08 seconds 
Epoch: 134/200 Train accuracy: 7.92219e-01 Validation accuracy: 7.82333e-01 Training loss 4.43972e-03 Validation loss 4.76196e-03 Time taken: 0.08 seconds 
Epoch: 135/200 Train accuracy: 7.91649e-01 Validation accuracy: 7.85000e-01 Training loss 4.43913e-03 Validation loss 4.77501e-03 Time taken: 0.08 seconds 
Epoch: 136/200 Train accuracy: 7.92504e-01 Validation accuracy: 7.84333e-01 Training loss 4.43578e-03 Validation loss 4.77329e-03 Time taken: 0.08 seconds 
Epoch: 137/200 Train accuracy: 7.93145e-01 Validation accuracy: 7.84667e-01 Training loss 4.43972e-03 Validation loss 4.76454e-03 Time taken: 0.08 seconds 
Epoch: 138/200 Train accuracy: 7.92860e-01 Validation accuracy: 7.85000e-01 Training loss 4.44167e-03 Validation loss 4.74854e-03 Time taken: 0.08 seconds 
Epoch: 139/200 Train accuracy: 7.92005e-01 Validation accuracy: 7.87667e-01 Training loss 4.43223e-03 Validation loss 4.77203e-03 Time taken: 0.08 seconds 
Epoch: 140/200 Train accuracy: 7.92575e-01 Validation accuracy: 7.86000e-01 Training loss 4.43840e-03 Validation loss 4.76378e-03 Time taken: 0.08 seconds 
Epoch: 141/200 Train accuracy: 7.92789e-01 Validation accuracy: 7.86000e-01 Training loss 4.43442e-03 Validation loss 4.76602e-03 Time taken: 0.08 seconds 
Epoch: 142/200 Train accuracy: 7.94927e-01 Validation accuracy: 7.83000e-01 Training loss 4.42783e-03 Validation loss 4.77200e-03 Time taken: 0.08 seconds 
Epoch: 143/200 Train accuracy: 7.92789e-01 Validation accuracy: 7.85333e-01 Training loss 4.42682e-03 Validation loss 4.77055e-03 Time taken: 0.08 seconds 
Epoch: 144/200 Train accuracy: 7.93715e-01 Validation accuracy: 7.89000e-01 Training loss 4.42842e-03 Validation loss 4.73818e-03 Time taken: 0.08 seconds 
Epoch: 145/200 Train accuracy: 7.93145e-01 Validation accuracy: 7.87000e-01 Training loss 4.42169e-03 Validation loss 4.75505e-03 Time taken: 0.08 seconds 
Epoch: 146/200 Train accuracy: 7.93359e-01 Validation accuracy: 7.84667e-01 Training loss 4.42190e-03 Validation loss 4.73139e-03 Time taken: 0.08 seconds 
Epoch: 147/200 Train accuracy: 7.94642e-01 Validation accuracy: 7.87000e-01 Training loss 4.41767e-03 Validation loss 4.74193e-03 Time taken: 0.08 seconds 
Epoch: 148/200 Train accuracy: 7.94428e-01 Validation accuracy: 7.84333e-01 Training loss 4.42078e-03 Validation loss 4.74237e-03 Time taken: 0.08 seconds 
Epoch: 149/200 Train accuracy: 7.93430e-01 Validation accuracy: 7.85667e-01 Training loss 4.42667e-03 Validation loss 4.74418e-03 Time taken: 0.08 seconds 
Epoch: 150/200 Train accuracy: 7.94285e-01 Validation accuracy: 7.86333e-01 Training loss 4.41952e-03 Validation loss 4.73631e-03 Time taken: 0.08 seconds 
Epoch: 151/200 Train accuracy: 7.94357e-01 Validation accuracy: 7.87667e-01 Training loss 4.41176e-03 Validation loss 4.74330e-03 Time taken: 0.08 seconds 
Epoch: 152/200 Train accuracy: 7.94428e-01 Validation accuracy: 7.83000e-01 Training loss 4.41293e-03 Validation loss 4.79625e-03 Time taken: 0.08 seconds 
Epoch: 153/200 Train accuracy: 7.94285e-01 Validation accuracy: 7.85667e-01 Training loss 4.41499e-03 Validation loss 4.72593e-03 Time taken: 0.08 seconds 
Epoch: 154/200 Train accuracy: 7.93573e-01 Validation accuracy: 7.87000e-01 Training loss 4.41058e-03 Validation loss 4.74781e-03 Time taken: 0.08 seconds 
Epoch: 155/200 Train accuracy: 7.95924e-01 Validation accuracy: 7.84667e-01 Training loss 4.41255e-03 Validation loss 4.75204e-03 Time taken: 0.08 seconds 
Epoch: 156/200 Train accuracy: 7.94072e-01 Validation accuracy: 7.89333e-01 Training loss 4.40529e-03 Validation loss 4.72779e-03 Time taken: 0.08 seconds 
Epoch: 157/200 Train accuracy: 7.92076e-01 Validation accuracy: 7.85000e-01 Training loss 4.40794e-03 Validation loss 4.73635e-03 Time taken: 0.08 seconds 
Epoch: 158/200 Train accuracy: 7.94499e-01 Validation accuracy: 7.86000e-01 Training loss 4.40277e-03 Validation loss 4.71800e-03 Time taken: 0.08 seconds 
Epoch: 159/200 Train accuracy: 7.94000e-01 Validation accuracy: 7.87333e-01 Training loss 4.41105e-03 Validation loss 4.73212e-03 Time taken: 0.08 seconds 
Epoch: 160/200 Train accuracy: 7.93430e-01 Validation accuracy: 7.86333e-01 Training loss 4.40252e-03 Validation loss 4.74866e-03 Time taken: 0.08 seconds 
Epoch: 161/200 Train accuracy: 7.94285e-01 Validation accuracy: 7.86333e-01 Training loss 4.40510e-03 Validation loss 4.74357e-03 Time taken: 0.08 seconds 
Epoch: 162/200 Train accuracy: 7.95283e-01 Validation accuracy: 7.90000e-01 Training loss 4.39690e-03 Validation loss 4.73981e-03 Time taken: 0.08 seconds 
Epoch: 163/200 Train accuracy: 7.94855e-01 Validation accuracy: 7.83000e-01 Training loss 4.39581e-03 Validation loss 4.77859e-03 Time taken: 0.08 seconds 
Epoch: 164/200 Train accuracy: 7.93929e-01 Validation accuracy: 7.87000e-01 Training loss 4.40224e-03 Validation loss 4.71392e-03 Time taken: 0.08 seconds 
Epoch: 165/200 Train accuracy: 7.95497e-01 Validation accuracy: 7.89000e-01 Training loss 4.39468e-03 Validation loss 4.71867e-03 Time taken: 0.08 seconds 
Epoch: 166/200 Train accuracy: 7.97207e-01 Validation accuracy: 7.87333e-01 Training loss 4.38715e-03 Validation loss 4.73325e-03 Time taken: 0.08 seconds 
Epoch: 167/200 Train accuracy: 7.94499e-01 Validation accuracy: 7.87000e-01 Training loss 4.39944e-03 Validation loss 4.73890e-03 Time taken: 0.08 seconds 
Epoch: 168/200 Train accuracy: 7.95568e-01 Validation accuracy: 7.86667e-01 Training loss 4.39015e-03 Validation loss 4.71668e-03 Time taken: 0.08 seconds 
Epoch: 169/200 Train accuracy: 7.94642e-01 Validation accuracy: 7.88667e-01 Training loss 4.38741e-03 Validation loss 4.73380e-03 Time taken: 0.08 seconds 
Epoch: 170/200 Train accuracy: 7.95995e-01 Validation accuracy: 7.89667e-01 Training loss 4.38750e-03 Validation loss 4.72754e-03 Time taken: 0.08 seconds 
Epoch: 171/200 Train accuracy: 7.94570e-01 Validation accuracy: 7.87333e-01 Training loss 4.38288e-03 Validation loss 4.71421e-03 Time taken: 0.08 seconds 
Epoch: 172/200 Train accuracy: 7.94214e-01 Validation accuracy: 7.89333e-01 Training loss 4.38638e-03 Validation loss 4.70909e-03 Time taken: 0.08 seconds 
Epoch: 173/200 Train accuracy: 7.94784e-01 Validation accuracy: 7.88667e-01 Training loss 4.38990e-03 Validation loss 4.70476e-03 Time taken: 0.08 seconds 
Epoch: 174/200 Train accuracy: 7.96280e-01 Validation accuracy: 7.87000e-01 Training loss 4.37392e-03 Validation loss 4.70040e-03 Time taken: 0.08 seconds 
Epoch: 175/200 Train accuracy: 7.96138e-01 Validation accuracy: 7.88333e-01 Training loss 4.37754e-03 Validation loss 4.70010e-03 Time taken: 0.08 seconds 
Epoch: 176/200 Train accuracy: 7.95853e-01 Validation accuracy: 7.88333e-01 Training loss 4.37847e-03 Validation loss 4.70944e-03 Time taken: 0.08 seconds 
Epoch: 177/200 Train accuracy: 7.96067e-01 Validation accuracy: 7.87000e-01 Training loss 4.38246e-03 Validation loss 4.71795e-03 Time taken: 0.08 seconds 
Epoch: 178/200 Train accuracy: 7.96922e-01 Validation accuracy: 7.85667e-01 Training loss 4.37901e-03 Validation loss 4.69319e-03 Time taken: 0.09 seconds 
Epoch: 179/200 Train accuracy: 7.94784e-01 Validation accuracy: 7.87333e-01 Training loss 4.38958e-03 Validation loss 4.73712e-03 Time taken: 0.08 seconds 
Epoch: 180/200 Train accuracy: 7.94855e-01 Validation accuracy: 7.89667e-01 Training loss 4.37234e-03 Validation loss 4.70721e-03 Time taken: 0.08 seconds 
Epoch: 181/200 Train accuracy: 7.95853e-01 Validation accuracy: 7.91333e-01 Training loss 4.37921e-03 Validation loss 4.69792e-03 Time taken: 0.08 seconds 
Epoch: 182/200 Train accuracy: 7.96067e-01 Validation accuracy: 7.88333e-01 Training loss 4.36921e-03 Validation loss 4.71418e-03 Time taken: 0.08 seconds 
Epoch: 183/200 Train accuracy: 7.97421e-01 Validation accuracy: 7.86000e-01 Training loss 4.36688e-03 Validation loss 4.71027e-03 Time taken: 0.08 seconds 
Epoch: 184/200 Train accuracy: 7.96209e-01 Validation accuracy: 7.85667e-01 Training loss 4.35854e-03 Validation loss 4.71581e-03 Time taken: 0.08 seconds 
Epoch: 185/200 Train accuracy: 7.94143e-01 Validation accuracy: 7.85333e-01 Training loss 4.36867e-03 Validation loss 4.72211e-03 Time taken: 0.08 seconds 
Epoch: 186/200 Train accuracy: 7.95995e-01 Validation accuracy: 7.89333e-01 Training loss 4.36538e-03 Validation loss 4.71394e-03 Time taken: 0.08 seconds 
Epoch: 187/200 Train accuracy: 7.97991e-01 Validation accuracy: 7.88000e-01 Training loss 4.36185e-03 Validation loss 4.68731e-03 Time taken: 0.08 seconds 
Epoch: 188/200 Train accuracy: 7.97492e-01 Validation accuracy: 7.88667e-01 Training loss 4.36952e-03 Validation loss 4.70688e-03 Time taken: 0.08 seconds 
Epoch: 189/200 Train accuracy: 7.95212e-01 Validation accuracy: 7.90333e-01 Training loss 4.36220e-03 Validation loss 4.67764e-03 Time taken: 0.09 seconds 
Epoch: 190/200 Train accuracy: 7.97278e-01 Validation accuracy: 7.87333e-01 Training loss 4.36142e-03 Validation loss 4.69540e-03 Time taken: 0.08 seconds 
Epoch: 191/200 Train accuracy: 7.96423e-01 Validation accuracy: 7.90000e-01 Training loss 4.35730e-03 Validation loss 4.68654e-03 Time taken: 0.08 seconds 
Epoch: 192/200 Train accuracy: 7.94713e-01 Validation accuracy: 7.89667e-01 Training loss 4.36248e-03 Validation loss 4.68652e-03 Time taken: 0.08 seconds 
Epoch: 193/200 Train accuracy: 7.95212e-01 Validation accuracy: 7.91667e-01 Training loss 4.36101e-03 Validation loss 4.68227e-03 Time taken: 0.08 seconds 
Epoch: 194/200 Train accuracy: 7.97064e-01 Validation accuracy: 7.86333e-01 Training loss 4.36486e-03 Validation loss 4.72286e-03 Time taken: 0.08 seconds 
Epoch: 195/200 Train accuracy: 7.97136e-01 Validation accuracy: 7.87333e-01 Training loss 4.35364e-03 Validation loss 4.68929e-03 Time taken: 0.08 seconds 
Epoch: 196/200 Train accuracy: 7.96280e-01 Validation accuracy: 7.92000e-01 Training loss 4.35047e-03 Validation loss 4.68372e-03 Time taken: 0.08 seconds 
Epoch: 197/200 Train accuracy: 7.96637e-01 Validation accuracy: 7.90000e-01 Training loss 4.35426e-03 Validation loss 4.68303e-03 Time taken: 0.08 seconds 
Epoch: 198/200 Train accuracy: 7.99487e-01 Validation accuracy: 7.89000e-01 Training loss 4.35049e-03 Validation loss 4.69671e-03 Time taken: 0.08 seconds 
Epoch: 199/200 Train accuracy: 7.96708e-01 Validation accuracy: 7.83000e-01 Training loss 4.34921e-03 Validation loss 4.68260e-03 Time taken: 0.08 seconds 
Epoch: 200/200 Train accuracy: 7.96352e-01 Validation accuracy: 7.88333e-01 Training loss 4.35274e-03 Validation loss 4.67430e-03 Time taken: 0.08 seconds 
Total time taken 0:00:16.804903
Cleaning up intermediate feature (.pt) files
Done


working on file logs_PKT_chunks_different_seeds/iic-train-l2-pkt-chunks-seed4-pred12/jepa-iic-ep500.pth.tar ...
Directory logs_PKT_chunks_different_seeds/iic-train-l2-pkt-chunks-seed4-pred12/classifiers for saving the classifiers is now present
VisionTransformer(
  (patch_embed): PatchEmbed(
    (proj): Conv2d(3, 768, kernel_size=(15, 15), stride=(15, 15))
  )
  (blocks): ModuleList(
    (0-11): 12 x Block(
      (norm1): LayerNorm((768,), eps=1e-06, elementwise_affine=True)
      (attn): Attention(
        (qkv): Linear(in_features=768, out_features=2304, bias=True)
        (attn_drop): Dropout(p=0.0, inplace=False)
        (proj): Linear(in_features=768, out_features=768, bias=True)
        (proj_drop): Dropout(p=0.0, inplace=False)
      )
      (drop_path): Identity()
      (norm2): LayerNorm((768,), eps=1e-06, elementwise_affine=True)
      (mlp): MLP(
        (fc1): Linear(in_features=768, out_features=3072, bias=True)
        (act): GELU(approximate='none')
        (fc2): Linear(in_features=3072, out_features=768, bias=True)
        (drop): Dropout(p=0.0, inplace=False)
      )
    )
  )
  (norm): LayerNorm((768,), eps=1e-06, elementwise_affine=True)
)
Extracting features and saving them in memory..
Extracting features...
Time taken to extract features: 26.196931820828468
Epoch: 1/200 Train accuracy: 3.77583e-01 Validation accuracy: 5.68333e-01 Training loss 1.26892e-02 Validation loss 9.57980e-03 Time taken: 0.08 seconds 
Epoch: 2/200 Train accuracy: 6.68163e-01 Validation accuracy: 6.79667e-01 Training loss 8.04577e-03 Validation loss 7.58281e-03 Time taken: 0.08 seconds 
Epoch: 3/200 Train accuracy: 7.22460e-01 Validation accuracy: 7.16000e-01 Training loss 6.78064e-03 Validation loss 6.73619e-03 Time taken: 0.08 seconds 
Epoch: 4/200 Train accuracy: 7.39205e-01 Validation accuracy: 7.28667e-01 Training loss 6.17279e-03 Validation loss 6.26183e-03 Time taken: 0.08 seconds 
Epoch: 5/200 Train accuracy: 7.49109e-01 Validation accuracy: 7.45333e-01 Training loss 5.80894e-03 Validation loss 6.00199e-03 Time taken: 0.08 seconds 
Epoch: 6/200 Train accuracy: 7.58444e-01 Validation accuracy: 7.46667e-01 Training loss 5.56569e-03 Validation loss 5.76262e-03 Time taken: 0.08 seconds 
Epoch: 7/200 Train accuracy: 7.62719e-01 Validation accuracy: 7.58000e-01 Training loss 5.39746e-03 Validation loss 5.59932e-03 Time taken: 0.08 seconds 
Epoch: 8/200 Train accuracy: 7.64500e-01 Validation accuracy: 7.59667e-01 Training loss 5.27018e-03 Validation loss 5.47081e-03 Time taken: 0.08 seconds 
Epoch: 9/200 Train accuracy: 7.67921e-01 Validation accuracy: 7.69333e-01 Training loss 5.17337e-03 Validation loss 5.41293e-03 Time taken: 0.08 seconds 
Epoch: 10/200 Train accuracy: 7.72980e-01 Validation accuracy: 7.67667e-01 Training loss 5.09047e-03 Validation loss 5.30207e-03 Time taken: 0.08 seconds 
Epoch: 11/200 Train accuracy: 7.74120e-01 Validation accuracy: 7.67000e-01 Training loss 5.02520e-03 Validation loss 5.24045e-03 Time taken: 0.08 seconds 
Epoch: 12/200 Train accuracy: 7.75331e-01 Validation accuracy: 7.75333e-01 Training loss 4.96248e-03 Validation loss 5.21540e-03 Time taken: 0.08 seconds 
Epoch: 13/200 Train accuracy: 7.76828e-01 Validation accuracy: 7.73000e-01 Training loss 4.91521e-03 Validation loss 5.15571e-03 Time taken: 0.08 seconds 
Epoch: 14/200 Train accuracy: 7.76614e-01 Validation accuracy: 7.73333e-01 Training loss 4.87706e-03 Validation loss 5.10239e-03 Time taken: 0.08 seconds 
Epoch: 15/200 Train accuracy: 7.79678e-01 Validation accuracy: 7.77333e-01 Training loss 4.83866e-03 Validation loss 5.07107e-03 Time taken: 0.08 seconds 
Epoch: 16/200 Train accuracy: 7.81103e-01 Validation accuracy: 7.78000e-01 Training loss 4.80761e-03 Validation loss 5.05513e-03 Time taken: 0.08 seconds 
Epoch: 17/200 Train accuracy: 7.80319e-01 Validation accuracy: 7.77333e-01 Training loss 4.77531e-03 Validation loss 5.00795e-03 Time taken: 0.08 seconds 
Epoch: 18/200 Train accuracy: 7.82884e-01 Validation accuracy: 7.77000e-01 Training loss 4.74900e-03 Validation loss 4.99618e-03 Time taken: 0.10 seconds 
Epoch: 19/200 Train accuracy: 7.84238e-01 Validation accuracy: 7.77667e-01 Training loss 4.73007e-03 Validation loss 4.96758e-03 Time taken: 0.08 seconds 
Epoch: 20/200 Train accuracy: 7.84666e-01 Validation accuracy: 7.78667e-01 Training loss 4.70582e-03 Validation loss 4.97842e-03 Time taken: 0.08 seconds 
Epoch: 21/200 Train accuracy: 7.85592e-01 Validation accuracy: 7.82667e-01 Training loss 4.68196e-03 Validation loss 4.92129e-03 Time taken: 0.08 seconds 
Epoch: 22/200 Train accuracy: 7.86447e-01 Validation accuracy: 7.82333e-01 Training loss 4.66537e-03 Validation loss 4.94427e-03 Time taken: 0.08 seconds 
Epoch: 23/200 Train accuracy: 7.86305e-01 Validation accuracy: 7.83667e-01 Training loss 4.65677e-03 Validation loss 4.89927e-03 Time taken: 0.08 seconds 
Epoch: 24/200 Train accuracy: 7.88300e-01 Validation accuracy: 7.84667e-01 Training loss 4.63075e-03 Validation loss 4.87851e-03 Time taken: 0.08 seconds 
Epoch: 25/200 Train accuracy: 7.88727e-01 Validation accuracy: 7.84333e-01 Training loss 4.62256e-03 Validation loss 4.86292e-03 Time taken: 0.08 seconds 
Epoch: 26/200 Train accuracy: 7.89440e-01 Validation accuracy: 7.86667e-01 Training loss 4.60490e-03 Validation loss 4.85619e-03 Time taken: 0.08 seconds 
Epoch: 27/200 Train accuracy: 7.89939e-01 Validation accuracy: 7.86333e-01 Training loss 4.58704e-03 Validation loss 4.83702e-03 Time taken: 0.08 seconds 
Epoch: 28/200 Train accuracy: 7.89440e-01 Validation accuracy: 7.87333e-01 Training loss 4.58007e-03 Validation loss 4.83275e-03 Time taken: 0.08 seconds 
Epoch: 29/200 Train accuracy: 7.90366e-01 Validation accuracy: 7.89333e-01 Training loss 4.56706e-03 Validation loss 4.82093e-03 Time taken: 0.08 seconds 
Epoch: 30/200 Train accuracy: 7.91293e-01 Validation accuracy: 7.83667e-01 Training loss 4.55561e-03 Validation loss 4.79524e-03 Time taken: 0.08 seconds 
Epoch: 31/200 Train accuracy: 7.90010e-01 Validation accuracy: 7.91333e-01 Training loss 4.54426e-03 Validation loss 4.79772e-03 Time taken: 0.08 seconds 
Epoch: 32/200 Train accuracy: 7.91934e-01 Validation accuracy: 7.90000e-01 Training loss 4.53393e-03 Validation loss 4.76919e-03 Time taken: 0.08 seconds 
Epoch: 33/200 Train accuracy: 7.92005e-01 Validation accuracy: 7.82333e-01 Training loss 4.53040e-03 Validation loss 4.77146e-03 Time taken: 0.08 seconds 
Epoch: 34/200 Train accuracy: 7.93929e-01 Validation accuracy: 7.86333e-01 Training loss 4.52047e-03 Validation loss 4.76654e-03 Time taken: 0.08 seconds 
Epoch: 35/200 Train accuracy: 7.92219e-01 Validation accuracy: 7.92333e-01 Training loss 4.50356e-03 Validation loss 4.77717e-03 Time taken: 0.08 seconds 
Epoch: 36/200 Train accuracy: 7.93430e-01 Validation accuracy: 7.86667e-01 Training loss 4.49666e-03 Validation loss 4.73741e-03 Time taken: 0.08 seconds 
Epoch: 37/200 Train accuracy: 7.93715e-01 Validation accuracy: 7.90667e-01 Training loss 4.49658e-03 Validation loss 4.74202e-03 Time taken: 0.08 seconds 
Epoch: 38/200 Train accuracy: 7.94784e-01 Validation accuracy: 7.91667e-01 Training loss 4.48083e-03 Validation loss 4.73727e-03 Time taken: 0.08 seconds 
Epoch: 39/200 Train accuracy: 7.94143e-01 Validation accuracy: 7.95667e-01 Training loss 4.47158e-03 Validation loss 4.73247e-03 Time taken: 0.08 seconds 
Epoch: 40/200 Train accuracy: 7.94642e-01 Validation accuracy: 7.90000e-01 Training loss 4.45776e-03 Validation loss 4.71714e-03 Time taken: 0.08 seconds 
Epoch: 41/200 Train accuracy: 7.94998e-01 Validation accuracy: 7.88333e-01 Training loss 4.45340e-03 Validation loss 4.73130e-03 Time taken: 0.08 seconds 
Epoch: 42/200 Train accuracy: 7.95497e-01 Validation accuracy: 7.89667e-01 Training loss 4.44784e-03 Validation loss 4.70227e-03 Time taken: 0.08 seconds 
Epoch: 43/200 Train accuracy: 7.95212e-01 Validation accuracy: 7.91667e-01 Training loss 4.45129e-03 Validation loss 4.71809e-03 Time taken: 0.09 seconds 
Epoch: 44/200 Train accuracy: 7.97777e-01 Validation accuracy: 7.92667e-01 Training loss 4.42944e-03 Validation loss 4.69274e-03 Time taken: 0.09 seconds 
Epoch: 45/200 Train accuracy: 7.96708e-01 Validation accuracy: 7.93667e-01 Training loss 4.42456e-03 Validation loss 4.68548e-03 Time taken: 0.08 seconds 
Epoch: 46/200 Train accuracy: 7.97207e-01 Validation accuracy: 7.94333e-01 Training loss 4.41757e-03 Validation loss 4.68514e-03 Time taken: 0.08 seconds 
Epoch: 47/200 Train accuracy: 7.95995e-01 Validation accuracy: 7.94333e-01 Training loss 4.41992e-03 Validation loss 4.68309e-03 Time taken: 0.08 seconds 
Epoch: 48/200 Train accuracy: 7.97848e-01 Validation accuracy: 7.92333e-01 Training loss 4.40898e-03 Validation loss 4.68297e-03 Time taken: 0.08 seconds 
Epoch: 49/200 Train accuracy: 7.98204e-01 Validation accuracy: 7.98333e-01 Training loss 4.40098e-03 Validation loss 4.69548e-03 Time taken: 0.08 seconds 
Epoch: 50/200 Train accuracy: 7.98632e-01 Validation accuracy: 7.91667e-01 Training loss 4.39585e-03 Validation loss 4.65522e-03 Time taken: 0.08 seconds 
Epoch: 51/200 Train accuracy: 7.97064e-01 Validation accuracy: 7.96000e-01 Training loss 4.38857e-03 Validation loss 4.66541e-03 Time taken: 0.08 seconds 
Epoch: 52/200 Train accuracy: 7.99273e-01 Validation accuracy: 7.94667e-01 Training loss 4.39287e-03 Validation loss 4.64485e-03 Time taken: 0.08 seconds 
Epoch: 53/200 Train accuracy: 7.99202e-01 Validation accuracy: 7.93667e-01 Training loss 4.37959e-03 Validation loss 4.64977e-03 Time taken: 0.08 seconds 
Epoch: 54/200 Train accuracy: 7.99986e-01 Validation accuracy: 7.97333e-01 Training loss 4.37801e-03 Validation loss 4.63480e-03 Time taken: 0.08 seconds 
Epoch: 55/200 Train accuracy: 8.00057e-01 Validation accuracy: 7.99667e-01 Training loss 4.37125e-03 Validation loss 4.64144e-03 Time taken: 0.08 seconds 
Epoch: 56/200 Train accuracy: 7.98561e-01 Validation accuracy: 7.95667e-01 Training loss 4.36812e-03 Validation loss 4.63292e-03 Time taken: 0.08 seconds 
Epoch: 57/200 Train accuracy: 8.02123e-01 Validation accuracy: 7.95333e-01 Training loss 4.35430e-03 Validation loss 4.63621e-03 Time taken: 0.08 seconds 
Epoch: 58/200 Train accuracy: 8.01197e-01 Validation accuracy: 7.96000e-01 Training loss 4.34885e-03 Validation loss 4.61753e-03 Time taken: 0.08 seconds 
Epoch: 59/200 Train accuracy: 8.00342e-01 Validation accuracy: 7.95000e-01 Training loss 4.34785e-03 Validation loss 4.60282e-03 Time taken: 0.08 seconds 
Epoch: 60/200 Train accuracy: 8.01340e-01 Validation accuracy: 8.00000e-01 Training loss 4.34558e-03 Validation loss 4.60934e-03 Time taken: 0.09 seconds 
Epoch: 61/200 Train accuracy: 8.01553e-01 Validation accuracy: 7.98667e-01 Training loss 4.34282e-03 Validation loss 4.60626e-03 Time taken: 0.08 seconds 
Epoch: 62/200 Train accuracy: 8.01268e-01 Validation accuracy: 7.99333e-01 Training loss 4.33454e-03 Validation loss 4.60209e-03 Time taken: 0.08 seconds 
Epoch: 63/200 Train accuracy: 8.02551e-01 Validation accuracy: 7.97000e-01 Training loss 4.33610e-03 Validation loss 4.62491e-03 Time taken: 0.08 seconds 
Epoch: 64/200 Train accuracy: 8.02052e-01 Validation accuracy: 7.98000e-01 Training loss 4.33096e-03 Validation loss 4.60950e-03 Time taken: 0.08 seconds 
Epoch: 65/200 Train accuracy: 8.00627e-01 Validation accuracy: 7.98667e-01 Training loss 4.32305e-03 Validation loss 4.60815e-03 Time taken: 0.08 seconds 
Epoch: 66/200 Train accuracy: 8.01197e-01 Validation accuracy: 7.97000e-01 Training loss 4.32238e-03 Validation loss 4.58175e-03 Time taken: 0.08 seconds 
Epoch: 67/200 Train accuracy: 8.02836e-01 Validation accuracy: 7.99333e-01 Training loss 4.31112e-03 Validation loss 4.61195e-03 Time taken: 0.08 seconds 
Epoch: 68/200 Train accuracy: 8.02551e-01 Validation accuracy: 7.95000e-01 Training loss 4.30470e-03 Validation loss 4.57628e-03 Time taken: 0.08 seconds 
Epoch: 69/200 Train accuracy: 8.01838e-01 Validation accuracy: 7.98333e-01 Training loss 4.30820e-03 Validation loss 4.58369e-03 Time taken: 0.10 seconds 
Epoch: 70/200 Train accuracy: 8.03050e-01 Validation accuracy: 8.01000e-01 Training loss 4.29705e-03 Validation loss 4.57272e-03 Time taken: 0.09 seconds 
Epoch: 71/200 Train accuracy: 8.03834e-01 Validation accuracy: 8.00000e-01 Training loss 4.29393e-03 Validation loss 4.58274e-03 Time taken: 0.15 seconds 
Epoch: 72/200 Train accuracy: 8.02337e-01 Validation accuracy: 7.98667e-01 Training loss 4.29552e-03 Validation loss 4.57418e-03 Time taken: 0.14 seconds 
Epoch: 73/200 Train accuracy: 8.04404e-01 Validation accuracy: 7.96667e-01 Training loss 4.29065e-03 Validation loss 4.56149e-03 Time taken: 0.14 seconds 
Epoch: 74/200 Train accuracy: 8.03620e-01 Validation accuracy: 7.99667e-01 Training loss 4.28103e-03 Validation loss 4.55760e-03 Time taken: 0.15 seconds 
Epoch: 75/200 Train accuracy: 8.05472e-01 Validation accuracy: 7.97667e-01 Training loss 4.28363e-03 Validation loss 4.56997e-03 Time taken: 0.16 seconds 
Epoch: 76/200 Train accuracy: 8.04689e-01 Validation accuracy: 8.01000e-01 Training loss 4.28878e-03 Validation loss 4.56413e-03 Time taken: 0.15 seconds 
Epoch: 77/200 Train accuracy: 8.03121e-01 Validation accuracy: 8.00667e-01 Training loss 4.26815e-03 Validation loss 4.55386e-03 Time taken: 0.16 seconds 
Epoch: 78/200 Train accuracy: 8.05757e-01 Validation accuracy: 8.02333e-01 Training loss 4.26668e-03 Validation loss 4.57959e-03 Time taken: 0.12 seconds 
Epoch: 79/200 Train accuracy: 8.03834e-01 Validation accuracy: 7.98333e-01 Training loss 4.26857e-03 Validation loss 4.53076e-03 Time taken: 0.13 seconds 
Epoch: 80/200 Train accuracy: 8.06755e-01 Validation accuracy: 7.98000e-01 Training loss 4.26755e-03 Validation loss 4.52688e-03 Time taken: 0.11 seconds 
Epoch: 81/200 Train accuracy: 8.06114e-01 Validation accuracy: 8.02667e-01 Training loss 4.26742e-03 Validation loss 4.53829e-03 Time taken: 0.12 seconds 
Epoch: 82/200 Train accuracy: 8.07254e-01 Validation accuracy: 8.03667e-01 Training loss 4.25578e-03 Validation loss 4.53496e-03 Time taken: 0.13 seconds 
Epoch: 83/200 Train accuracy: 8.05900e-01 Validation accuracy: 7.96000e-01 Training loss 4.25767e-03 Validation loss 4.54454e-03 Time taken: 0.13 seconds 
Epoch: 84/200 Train accuracy: 8.05401e-01 Validation accuracy: 7.99667e-01 Training loss 4.24671e-03 Validation loss 4.53080e-03 Time taken: 0.12 seconds 
Epoch: 85/200 Train accuracy: 8.06684e-01 Validation accuracy: 8.01000e-01 Training loss 4.24269e-03 Validation loss 4.52830e-03 Time taken: 0.09 seconds 
Epoch: 86/200 Train accuracy: 8.04974e-01 Validation accuracy: 7.99000e-01 Training loss 4.24557e-03 Validation loss 4.53087e-03 Time taken: 0.09 seconds 
Epoch: 87/200 Train accuracy: 8.06541e-01 Validation accuracy: 7.97667e-01 Training loss 4.23660e-03 Validation loss 4.51603e-03 Time taken: 0.09 seconds 
Epoch: 88/200 Train accuracy: 8.06969e-01 Validation accuracy: 8.01667e-01 Training loss 4.23283e-03 Validation loss 4.54924e-03 Time taken: 0.08 seconds 
Epoch: 89/200 Train accuracy: 8.06185e-01 Validation accuracy: 7.98000e-01 Training loss 4.23272e-03 Validation loss 4.51155e-03 Time taken: 0.08 seconds 
Epoch: 90/200 Train accuracy: 8.07183e-01 Validation accuracy: 7.99000e-01 Training loss 4.23256e-03 Validation loss 4.52317e-03 Time taken: 0.09 seconds 
Epoch: 91/200 Train accuracy: 8.06755e-01 Validation accuracy: 8.00667e-01 Training loss 4.23918e-03 Validation loss 4.50638e-03 Time taken: 0.08 seconds 
Epoch: 92/200 Train accuracy: 8.08038e-01 Validation accuracy: 8.01000e-01 Training loss 4.22903e-03 Validation loss 4.50900e-03 Time taken: 0.09 seconds 
Epoch: 93/200 Train accuracy: 8.08038e-01 Validation accuracy: 8.02000e-01 Training loss 4.22203e-03 Validation loss 4.52251e-03 Time taken: 0.08 seconds 
Epoch: 94/200 Train accuracy: 8.09106e-01 Validation accuracy: 7.99333e-01 Training loss 4.22263e-03 Validation loss 4.50827e-03 Time taken: 0.09 seconds 
Epoch: 95/200 Train accuracy: 8.08180e-01 Validation accuracy: 8.00000e-01 Training loss 4.21655e-03 Validation loss 4.54026e-03 Time taken: 0.08 seconds 
Epoch: 96/200 Train accuracy: 8.09035e-01 Validation accuracy: 7.99333e-01 Training loss 4.21989e-03 Validation loss 4.49642e-03 Time taken: 0.09 seconds 
Epoch: 97/200 Train accuracy: 8.06256e-01 Validation accuracy: 8.02000e-01 Training loss 4.21857e-03 Validation loss 4.48802e-03 Time taken: 0.08 seconds 
Epoch: 98/200 Train accuracy: 8.08109e-01 Validation accuracy: 8.00000e-01 Training loss 4.21003e-03 Validation loss 4.50442e-03 Time taken: 0.09 seconds 
Epoch: 99/200 Train accuracy: 8.06399e-01 Validation accuracy: 8.01333e-01 Training loss 4.20779e-03 Validation loss 4.50817e-03 Time taken: 0.08 seconds 
Epoch: 100/200 Train accuracy: 8.06898e-01 Validation accuracy: 7.97667e-01 Training loss 4.21167e-03 Validation loss 4.51549e-03 Time taken: 0.09 seconds 
Epoch: 101/200 Train accuracy: 8.07966e-01 Validation accuracy: 8.02333e-01 Training loss 4.19932e-03 Validation loss 4.48618e-03 Time taken: 0.09 seconds 
Epoch: 102/200 Train accuracy: 8.07539e-01 Validation accuracy: 8.04333e-01 Training loss 4.20055e-03 Validation loss 4.48406e-03 Time taken: 0.09 seconds 
Epoch: 103/200 Train accuracy: 8.10175e-01 Validation accuracy: 8.07333e-01 Training loss 4.19971e-03 Validation loss 4.49113e-03 Time taken: 0.09 seconds 
Epoch: 104/200 Train accuracy: 8.09605e-01 Validation accuracy: 7.97667e-01 Training loss 4.18680e-03 Validation loss 4.47312e-03 Time taken: 0.10 seconds 
Epoch: 105/200 Train accuracy: 8.08679e-01 Validation accuracy: 7.99667e-01 Training loss 4.19575e-03 Validation loss 4.49188e-03 Time taken: 0.11 seconds 
Epoch: 106/200 Train accuracy: 8.10247e-01 Validation accuracy: 8.01000e-01 Training loss 4.19062e-03 Validation loss 4.46509e-03 Time taken: 0.12 seconds 
Epoch: 107/200 Train accuracy: 8.09748e-01 Validation accuracy: 8.05667e-01 Training loss 4.18340e-03 Validation loss 4.49139e-03 Time taken: 0.15 seconds 
Epoch: 108/200 Train accuracy: 8.08750e-01 Validation accuracy: 8.01667e-01 Training loss 4.19339e-03 Validation loss 4.46163e-03 Time taken: 0.14 seconds 
Epoch: 109/200 Train accuracy: 8.09106e-01 Validation accuracy: 8.02667e-01 Training loss 4.18722e-03 Validation loss 4.46355e-03 Time taken: 0.15 seconds 
Epoch: 110/200 Train accuracy: 8.10318e-01 Validation accuracy: 8.04667e-01 Training loss 4.17847e-03 Validation loss 4.46878e-03 Time taken: 0.15 seconds 
Epoch: 111/200 Train accuracy: 8.08893e-01 Validation accuracy: 7.99000e-01 Training loss 4.17738e-03 Validation loss 4.47014e-03 Time taken: 0.14 seconds 
Epoch: 112/200 Train accuracy: 8.08536e-01 Validation accuracy: 8.06333e-01 Training loss 4.17053e-03 Validation loss 4.47010e-03 Time taken: 0.13 seconds 
Epoch: 113/200 Train accuracy: 8.09890e-01 Validation accuracy: 8.07333e-01 Training loss 4.17713e-03 Validation loss 4.48516e-03 Time taken: 0.16 seconds 
Epoch: 114/200 Train accuracy: 8.10460e-01 Validation accuracy: 8.05333e-01 Training loss 4.17147e-03 Validation loss 4.44679e-03 Time taken: 0.16 seconds 
Epoch: 115/200 Train accuracy: 8.09676e-01 Validation accuracy: 8.03333e-01 Training loss 4.16590e-03 Validation loss 4.50104e-03 Time taken: 0.16 seconds 
Epoch: 116/200 Train accuracy: 8.12028e-01 Validation accuracy: 8.05667e-01 Training loss 4.16105e-03 Validation loss 4.45667e-03 Time taken: 0.13 seconds 
Epoch: 117/200 Train accuracy: 8.10674e-01 Validation accuracy: 8.06333e-01 Training loss 4.16533e-03 Validation loss 4.45275e-03 Time taken: 0.09 seconds 
Epoch: 118/200 Train accuracy: 8.09676e-01 Validation accuracy: 8.03667e-01 Training loss 4.16296e-03 Validation loss 4.47196e-03 Time taken: 0.08 seconds 
Epoch: 119/200 Train accuracy: 8.10389e-01 Validation accuracy: 8.01333e-01 Training loss 4.16485e-03 Validation loss 4.43768e-03 Time taken: 0.08 seconds 
Epoch: 120/200 Train accuracy: 8.10318e-01 Validation accuracy: 8.05667e-01 Training loss 4.15405e-03 Validation loss 4.45856e-03 Time taken: 0.09 seconds 
Epoch: 121/200 Train accuracy: 8.11743e-01 Validation accuracy: 8.01667e-01 Training loss 4.15241e-03 Validation loss 4.44620e-03 Time taken: 0.12 seconds 
Epoch: 122/200 Train accuracy: 8.11315e-01 Validation accuracy: 8.07667e-01 Training loss 4.15461e-03 Validation loss 4.47823e-03 Time taken: 0.16 seconds 
Epoch: 123/200 Train accuracy: 8.10318e-01 Validation accuracy: 8.08667e-01 Training loss 4.15620e-03 Validation loss 4.45929e-03 Time taken: 0.12 seconds 
Epoch: 124/200 Train accuracy: 8.11672e-01 Validation accuracy: 8.02667e-01 Training loss 4.14900e-03 Validation loss 4.43763e-03 Time taken: 0.15 seconds 
Epoch: 125/200 Train accuracy: 8.10104e-01 Validation accuracy: 8.04000e-01 Training loss 4.14896e-03 Validation loss 4.44791e-03 Time taken: 0.14 seconds 
Epoch: 126/200 Train accuracy: 8.11030e-01 Validation accuracy: 8.05667e-01 Training loss 4.15162e-03 Validation loss 4.44951e-03 Time taken: 0.16 seconds 
Epoch: 127/200 Train accuracy: 8.10817e-01 Validation accuracy: 8.04667e-01 Training loss 4.13779e-03 Validation loss 4.42813e-03 Time taken: 0.16 seconds 
Epoch: 128/200 Train accuracy: 8.10817e-01 Validation accuracy: 8.04667e-01 Training loss 4.13894e-03 Validation loss 4.41781e-03 Time taken: 0.16 seconds 
Epoch: 129/200 Train accuracy: 8.10674e-01 Validation accuracy: 8.00000e-01 Training loss 4.14103e-03 Validation loss 4.42916e-03 Time taken: 0.16 seconds 
Epoch: 130/200 Train accuracy: 8.12028e-01 Validation accuracy: 8.08667e-01 Training loss 4.13225e-03 Validation loss 4.43953e-03 Time taken: 0.12 seconds 
Epoch: 131/200 Train accuracy: 8.12028e-01 Validation accuracy: 8.05000e-01 Training loss 4.13363e-03 Validation loss 4.41870e-03 Time taken: 0.08 seconds 
Epoch: 132/200 Train accuracy: 8.11529e-01 Validation accuracy: 8.05000e-01 Training loss 4.14056e-03 Validation loss 4.43554e-03 Time taken: 0.08 seconds 
Epoch: 133/200 Train accuracy: 8.12313e-01 Validation accuracy: 8.04667e-01 Training loss 4.13029e-03 Validation loss 4.43053e-03 Time taken: 0.08 seconds 
Epoch: 134/200 Train accuracy: 8.11244e-01 Validation accuracy: 8.02000e-01 Training loss 4.12980e-03 Validation loss 4.42268e-03 Time taken: 0.08 seconds 
Epoch: 135/200 Train accuracy: 8.11387e-01 Validation accuracy: 8.05000e-01 Training loss 4.12533e-03 Validation loss 4.41399e-03 Time taken: 0.08 seconds 
Epoch: 136/200 Train accuracy: 8.12812e-01 Validation accuracy: 8.08333e-01 Training loss 4.12294e-03 Validation loss 4.41660e-03 Time taken: 0.08 seconds 
Epoch: 137/200 Train accuracy: 8.10460e-01 Validation accuracy: 8.08667e-01 Training loss 4.12458e-03 Validation loss 4.42941e-03 Time taken: 0.08 seconds 
Epoch: 138/200 Train accuracy: 8.11672e-01 Validation accuracy: 8.03333e-01 Training loss 4.11699e-03 Validation loss 4.42859e-03 Time taken: 0.08 seconds 
Epoch: 139/200 Train accuracy: 8.12883e-01 Validation accuracy: 8.03667e-01 Training loss 4.11608e-03 Validation loss 4.41479e-03 Time taken: 0.08 seconds 
Epoch: 140/200 Train accuracy: 8.13453e-01 Validation accuracy: 8.05667e-01 Training loss 4.11510e-03 Validation loss 4.41247e-03 Time taken: 0.08 seconds 
Epoch: 141/200 Train accuracy: 8.12740e-01 Validation accuracy: 8.02333e-01 Training loss 4.12132e-03 Validation loss 4.41540e-03 Time taken: 0.08 seconds 
Epoch: 142/200 Train accuracy: 8.11387e-01 Validation accuracy: 8.04333e-01 Training loss 4.11459e-03 Validation loss 4.41623e-03 Time taken: 0.08 seconds 
Epoch: 143/200 Train accuracy: 8.13382e-01 Validation accuracy: 8.02333e-01 Training loss 4.10868e-03 Validation loss 4.40669e-03 Time taken: 0.08 seconds 
Epoch: 144/200 Train accuracy: 8.10674e-01 Validation accuracy: 8.02000e-01 Training loss 4.10837e-03 Validation loss 4.40737e-03 Time taken: 0.08 seconds 
Epoch: 145/200 Train accuracy: 8.13382e-01 Validation accuracy: 8.02000e-01 Training loss 4.10760e-03 Validation loss 4.43748e-03 Time taken: 0.08 seconds 
Epoch: 146/200 Train accuracy: 8.11600e-01 Validation accuracy: 8.04000e-01 Training loss 4.11362e-03 Validation loss 4.42243e-03 Time taken: 0.08 seconds 
Epoch: 147/200 Train accuracy: 8.13097e-01 Validation accuracy: 8.06000e-01 Training loss 4.09978e-03 Validation loss 4.40748e-03 Time taken: 0.08 seconds 
Epoch: 148/200 Train accuracy: 8.12313e-01 Validation accuracy: 8.07333e-01 Training loss 4.10818e-03 Validation loss 4.42082e-03 Time taken: 0.08 seconds 
Epoch: 149/200 Train accuracy: 8.13881e-01 Validation accuracy: 8.03000e-01 Training loss 4.11049e-03 Validation loss 4.41095e-03 Time taken: 0.08 seconds 
Epoch: 150/200 Train accuracy: 8.14023e-01 Validation accuracy: 8.06667e-01 Training loss 4.10047e-03 Validation loss 4.42044e-03 Time taken: 0.08 seconds 
Epoch: 151/200 Train accuracy: 8.13097e-01 Validation accuracy: 8.03333e-01 Training loss 4.10251e-03 Validation loss 4.42457e-03 Time taken: 0.08 seconds 
Epoch: 152/200 Train accuracy: 8.14023e-01 Validation accuracy: 8.02333e-01 Training loss 4.09837e-03 Validation loss 4.38794e-03 Time taken: 0.08 seconds 
Epoch: 153/200 Train accuracy: 8.13881e-01 Validation accuracy: 8.10000e-01 Training loss 4.09492e-03 Validation loss 4.39456e-03 Time taken: 0.08 seconds 
Epoch: 154/200 Train accuracy: 8.12812e-01 Validation accuracy: 8.05000e-01 Training loss 4.09350e-03 Validation loss 4.38154e-03 Time taken: 0.08 seconds 
Epoch: 155/200 Train accuracy: 8.13168e-01 Validation accuracy: 8.06000e-01 Training loss 4.09421e-03 Validation loss 4.39035e-03 Time taken: 0.08 seconds 
Epoch: 156/200 Train accuracy: 8.12313e-01 Validation accuracy: 8.10667e-01 Training loss 4.09236e-03 Validation loss 4.39012e-03 Time taken: 0.08 seconds 
Epoch: 157/200 Train accuracy: 8.14664e-01 Validation accuracy: 8.05667e-01 Training loss 4.08388e-03 Validation loss 4.39031e-03 Time taken: 0.08 seconds 
Epoch: 158/200 Train accuracy: 8.14237e-01 Validation accuracy: 8.07667e-01 Training loss 4.08752e-03 Validation loss 4.38750e-03 Time taken: 0.08 seconds 
Epoch: 159/200 Train accuracy: 8.14094e-01 Validation accuracy: 8.08333e-01 Training loss 4.08262e-03 Validation loss 4.37561e-03 Time taken: 0.08 seconds 
Epoch: 160/200 Train accuracy: 8.14522e-01 Validation accuracy: 8.05333e-01 Training loss 4.08606e-03 Validation loss 4.37054e-03 Time taken: 0.08 seconds 
Epoch: 161/200 Train accuracy: 8.14023e-01 Validation accuracy: 8.04333e-01 Training loss 4.08263e-03 Validation loss 4.37456e-03 Time taken: 0.08 seconds 
Epoch: 162/200 Train accuracy: 8.13881e-01 Validation accuracy: 8.07000e-01 Training loss 4.08253e-03 Validation loss 4.39121e-03 Time taken: 0.08 seconds 
Epoch: 163/200 Train accuracy: 8.14308e-01 Validation accuracy: 8.06333e-01 Training loss 4.07952e-03 Validation loss 4.37089e-03 Time taken: 0.08 seconds 
Epoch: 164/200 Train accuracy: 8.15448e-01 Validation accuracy: 8.05000e-01 Training loss 4.08093e-03 Validation loss 4.36840e-03 Time taken: 0.08 seconds 
Epoch: 165/200 Train accuracy: 8.13239e-01 Validation accuracy: 8.03333e-01 Training loss 4.07996e-03 Validation loss 4.36595e-03 Time taken: 0.08 seconds 
Epoch: 166/200 Train accuracy: 8.15377e-01 Validation accuracy: 8.04667e-01 Training loss 4.07988e-03 Validation loss 4.37871e-03 Time taken: 0.08 seconds 
Epoch: 167/200 Train accuracy: 8.15306e-01 Validation accuracy: 8.10667e-01 Training loss 4.07864e-03 Validation loss 4.38935e-03 Time taken: 0.08 seconds 
Epoch: 168/200 Train accuracy: 8.12598e-01 Validation accuracy: 8.06333e-01 Training loss 4.07993e-03 Validation loss 4.39377e-03 Time taken: 0.08 seconds 
Epoch: 169/200 Train accuracy: 8.13382e-01 Validation accuracy: 8.09333e-01 Training loss 4.07409e-03 Validation loss 4.36752e-03 Time taken: 0.08 seconds 
Epoch: 170/200 Train accuracy: 8.15377e-01 Validation accuracy: 8.08667e-01 Training loss 4.06561e-03 Validation loss 4.38385e-03 Time taken: 0.08 seconds 
Epoch: 171/200 Train accuracy: 8.14379e-01 Validation accuracy: 8.06667e-01 Training loss 4.06676e-03 Validation loss 4.35651e-03 Time taken: 0.08 seconds 
Epoch: 172/200 Train accuracy: 8.14237e-01 Validation accuracy: 8.06000e-01 Training loss 4.07788e-03 Validation loss 4.36419e-03 Time taken: 0.08 seconds 
Epoch: 173/200 Train accuracy: 8.14593e-01 Validation accuracy: 8.07000e-01 Training loss 4.06498e-03 Validation loss 4.35461e-03 Time taken: 0.08 seconds 
Epoch: 174/200 Train accuracy: 8.13809e-01 Validation accuracy: 8.09333e-01 Training loss 4.06402e-03 Validation loss 4.35925e-03 Time taken: 0.08 seconds 
Epoch: 175/200 Train accuracy: 8.16161e-01 Validation accuracy: 8.07667e-01 Training loss 4.05939e-03 Validation loss 4.36200e-03 Time taken: 0.08 seconds 
Epoch: 176/200 Train accuracy: 8.14736e-01 Validation accuracy: 8.07667e-01 Training loss 4.06396e-03 Validation loss 4.35148e-03 Time taken: 0.08 seconds 
Epoch: 177/200 Train accuracy: 8.16588e-01 Validation accuracy: 8.06667e-01 Training loss 4.05666e-03 Validation loss 4.37492e-03 Time taken: 0.08 seconds 
Epoch: 178/200 Train accuracy: 8.15234e-01 Validation accuracy: 8.04333e-01 Training loss 4.05513e-03 Validation loss 4.35971e-03 Time taken: 0.08 seconds 
Epoch: 179/200 Train accuracy: 8.15092e-01 Validation accuracy: 8.10333e-01 Training loss 4.06270e-03 Validation loss 4.35060e-03 Time taken: 0.08 seconds 
Epoch: 180/200 Train accuracy: 8.14664e-01 Validation accuracy: 8.05667e-01 Training loss 4.05918e-03 Validation loss 4.35994e-03 Time taken: 0.08 seconds 
Epoch: 181/200 Train accuracy: 8.16945e-01 Validation accuracy: 8.07667e-01 Training loss 4.06711e-03 Validation loss 4.37285e-03 Time taken: 0.08 seconds 
Epoch: 182/200 Train accuracy: 8.16731e-01 Validation accuracy: 8.08667e-01 Training loss 4.05306e-03 Validation loss 4.34751e-03 Time taken: 0.08 seconds 
Epoch: 183/200 Train accuracy: 8.15163e-01 Validation accuracy: 8.09333e-01 Training loss 4.05409e-03 Validation loss 4.34945e-03 Time taken: 0.08 seconds 
Epoch: 184/200 Train accuracy: 8.15021e-01 Validation accuracy: 8.09000e-01 Training loss 4.05270e-03 Validation loss 4.37253e-03 Time taken: 0.08 seconds 
Epoch: 185/200 Train accuracy: 8.16375e-01 Validation accuracy: 8.10333e-01 Training loss 4.04765e-03 Validation loss 4.33971e-03 Time taken: 0.08 seconds 
Epoch: 186/200 Train accuracy: 8.16232e-01 Validation accuracy: 8.10667e-01 Training loss 4.05016e-03 Validation loss 4.34665e-03 Time taken: 0.08 seconds 
Epoch: 187/200 Train accuracy: 8.16446e-01 Validation accuracy: 8.04000e-01 Training loss 4.04689e-03 Validation loss 4.35430e-03 Time taken: 0.08 seconds 
Epoch: 188/200 Train accuracy: 8.16802e-01 Validation accuracy: 8.09000e-01 Training loss 4.04470e-03 Validation loss 4.35611e-03 Time taken: 0.08 seconds 
Epoch: 189/200 Train accuracy: 8.15092e-01 Validation accuracy: 8.10667e-01 Training loss 4.03982e-03 Validation loss 4.35305e-03 Time taken: 0.08 seconds 
Epoch: 190/200 Train accuracy: 8.16731e-01 Validation accuracy: 8.09333e-01 Training loss 4.03929e-03 Validation loss 4.36686e-03 Time taken: 0.08 seconds 
Epoch: 191/200 Train accuracy: 8.16517e-01 Validation accuracy: 8.08000e-01 Training loss 4.04081e-03 Validation loss 4.34995e-03 Time taken: 0.08 seconds 
Epoch: 192/200 Train accuracy: 8.15306e-01 Validation accuracy: 8.06667e-01 Training loss 4.03660e-03 Validation loss 4.34719e-03 Time taken: 0.08 seconds 
Epoch: 193/200 Train accuracy: 8.16588e-01 Validation accuracy: 8.06667e-01 Training loss 4.04195e-03 Validation loss 4.33342e-03 Time taken: 0.10 seconds 
Epoch: 194/200 Train accuracy: 8.16303e-01 Validation accuracy: 8.10000e-01 Training loss 4.04139e-03 Validation loss 4.33768e-03 Time taken: 0.08 seconds 
Epoch: 195/200 Train accuracy: 8.16802e-01 Validation accuracy: 8.07667e-01 Training loss 4.03582e-03 Validation loss 4.32731e-03 Time taken: 0.08 seconds 
Epoch: 196/200 Train accuracy: 8.17443e-01 Validation accuracy: 8.11333e-01 Training loss 4.03412e-03 Validation loss 4.33951e-03 Time taken: 0.08 seconds 
Epoch: 197/200 Train accuracy: 8.17230e-01 Validation accuracy: 8.03667e-01 Training loss 4.02833e-03 Validation loss 4.33836e-03 Time taken: 0.08 seconds 
Epoch: 198/200 Train accuracy: 8.17230e-01 Validation accuracy: 8.10333e-01 Training loss 4.02885e-03 Validation loss 4.33459e-03 Time taken: 0.08 seconds 
Epoch: 199/200 Train accuracy: 8.17942e-01 Validation accuracy: 8.07000e-01 Training loss 4.03166e-03 Validation loss 4.33872e-03 Time taken: 0.08 seconds 
Epoch: 200/200 Train accuracy: 8.17230e-01 Validation accuracy: 8.07000e-01 Training loss 4.02552e-03 Validation loss 4.34988e-03 Time taken: 0.08 seconds 
Total time taken 0:00:18.625230
Cleaning up intermediate feature (.pt) files
Done


working on file logs_PKT_chunks_different_seeds/iic-train-l2-seed3-pred12/jepa-iic-ep100.pth.tar ...
Directory logs_PKT_chunks_different_seeds/iic-train-l2-seed3-pred12/classifiers for saving the classifiers is now present
VisionTransformer(
  (patch_embed): PatchEmbed(
    (proj): Conv2d(3, 768, kernel_size=(15, 15), stride=(15, 15))
  )
  (blocks): ModuleList(
    (0-11): 12 x Block(
      (norm1): LayerNorm((768,), eps=1e-06, elementwise_affine=True)
      (attn): Attention(
        (qkv): Linear(in_features=768, out_features=2304, bias=True)
        (attn_drop): Dropout(p=0.0, inplace=False)
        (proj): Linear(in_features=768, out_features=768, bias=True)
        (proj_drop): Dropout(p=0.0, inplace=False)
      )
      (drop_path): Identity()
      (norm2): LayerNorm((768,), eps=1e-06, elementwise_affine=True)
      (mlp): MLP(
        (fc1): Linear(in_features=768, out_features=3072, bias=True)
        (act): GELU(approximate='none')
        (fc2): Linear(in_features=3072, out_features=768, bias=True)
        (drop): Dropout(p=0.0, inplace=False)
      )
    )
  )
  (norm): LayerNorm((768,), eps=1e-06, elementwise_affine=True)
)
Extracting features and saving them in memory..
Extracting features...
Time taken to extract features: 26.192837722832337
Epoch: 1/200 Train accuracy: 4.48839e-01 Validation accuracy: 5.21667e-01 Training loss 1.16479e-02 Validation loss 1.04713e-02 Time taken: 0.14 seconds 
Epoch: 2/200 Train accuracy: 5.54368e-01 Validation accuracy: 5.44333e-01 Training loss 9.52749e-03 Validation loss 9.45914e-03 Time taken: 0.15 seconds 
Epoch: 3/200 Train accuracy: 5.75460e-01 Validation accuracy: 5.59000e-01 Training loss 8.80484e-03 Validation loss 8.98964e-03 Time taken: 0.14 seconds 
Epoch: 4/200 Train accuracy: 5.91278e-01 Validation accuracy: 5.70667e-01 Training loss 8.41337e-03 Validation loss 8.65610e-03 Time taken: 0.15 seconds 
Epoch: 5/200 Train accuracy: 6.02180e-01 Validation accuracy: 5.86667e-01 Training loss 8.16351e-03 Validation loss 8.43144e-03 Time taken: 0.14 seconds 
Epoch: 6/200 Train accuracy: 6.11301e-01 Validation accuracy: 5.96000e-01 Training loss 7.98456e-03 Validation loss 8.27906e-03 Time taken: 0.15 seconds 
Epoch: 7/200 Train accuracy: 6.17429e-01 Validation accuracy: 5.99000e-01 Training loss 7.83980e-03 Validation loss 8.16332e-03 Time taken: 0.15 seconds 
Epoch: 8/200 Train accuracy: 6.28759e-01 Validation accuracy: 6.04000e-01 Training loss 7.71972e-03 Validation loss 8.05397e-03 Time taken: 0.14 seconds 
Epoch: 9/200 Train accuracy: 6.30825e-01 Validation accuracy: 6.11333e-01 Training loss 7.62704e-03 Validation loss 7.98444e-03 Time taken: 0.14 seconds 
Epoch: 10/200 Train accuracy: 6.37666e-01 Validation accuracy: 6.14000e-01 Training loss 7.53848e-03 Validation loss 7.92366e-03 Time taken: 0.15 seconds 
Epoch: 11/200 Train accuracy: 6.40160e-01 Validation accuracy: 6.21667e-01 Training loss 7.47312e-03 Validation loss 7.81391e-03 Time taken: 0.14 seconds 
Epoch: 12/200 Train accuracy: 6.43437e-01 Validation accuracy: 6.26000e-01 Training loss 7.40637e-03 Validation loss 7.76083e-03 Time taken: 0.15 seconds 
Epoch: 13/200 Train accuracy: 6.47784e-01 Validation accuracy: 6.29667e-01 Training loss 7.35328e-03 Validation loss 7.70950e-03 Time taken: 0.14 seconds 
Epoch: 14/200 Train accuracy: 6.50064e-01 Validation accuracy: 6.31000e-01 Training loss 7.30313e-03 Validation loss 7.70030e-03 Time taken: 0.14 seconds 
Epoch: 15/200 Train accuracy: 6.51917e-01 Validation accuracy: 6.38667e-01 Training loss 7.25878e-03 Validation loss 7.61136e-03 Time taken: 0.14 seconds 
Epoch: 16/200 Train accuracy: 6.57546e-01 Validation accuracy: 6.40000e-01 Training loss 7.21100e-03 Validation loss 7.57631e-03 Time taken: 0.14 seconds 
Epoch: 17/200 Train accuracy: 6.57118e-01 Validation accuracy: 6.38333e-01 Training loss 7.17559e-03 Validation loss 7.56940e-03 Time taken: 0.14 seconds 
Epoch: 18/200 Train accuracy: 6.58401e-01 Validation accuracy: 6.45333e-01 Training loss 7.14600e-03 Validation loss 7.51891e-03 Time taken: 0.16 seconds 
Epoch: 19/200 Train accuracy: 6.63033e-01 Validation accuracy: 6.49333e-01 Training loss 7.11596e-03 Validation loss 7.50674e-03 Time taken: 0.15 seconds 
Epoch: 20/200 Train accuracy: 6.64386e-01 Validation accuracy: 6.42000e-01 Training loss 7.07900e-03 Validation loss 7.47074e-03 Time taken: 0.15 seconds 
Epoch: 21/200 Train accuracy: 6.64529e-01 Validation accuracy: 6.47000e-01 Training loss 7.05202e-03 Validation loss 7.43706e-03 Time taken: 0.14 seconds 
Epoch: 22/200 Train accuracy: 6.67593e-01 Validation accuracy: 6.40333e-01 Training loss 7.02747e-03 Validation loss 7.46683e-03 Time taken: 0.16 seconds 
Epoch: 23/200 Train accuracy: 6.67023e-01 Validation accuracy: 6.50667e-01 Training loss 7.00179e-03 Validation loss 7.38676e-03 Time taken: 0.14 seconds 
Epoch: 24/200 Train accuracy: 6.69161e-01 Validation accuracy: 6.49000e-01 Training loss 6.98485e-03 Validation loss 7.34723e-03 Time taken: 0.14 seconds 
Epoch: 25/200 Train accuracy: 6.71227e-01 Validation accuracy: 6.50333e-01 Training loss 6.96104e-03 Validation loss 7.36396e-03 Time taken: 0.15 seconds 
Epoch: 26/200 Train accuracy: 6.69731e-01 Validation accuracy: 6.48333e-01 Training loss 6.94416e-03 Validation loss 7.38503e-03 Time taken: 0.14 seconds 
Epoch: 27/200 Train accuracy: 6.70087e-01 Validation accuracy: 6.46333e-01 Training loss 6.92755e-03 Validation loss 7.34700e-03 Time taken: 0.17 seconds 
Epoch: 28/200 Train accuracy: 6.74077e-01 Validation accuracy: 6.52667e-01 Training loss 6.90621e-03 Validation loss 7.30020e-03 Time taken: 0.14 seconds 
Epoch: 29/200 Train accuracy: 6.73650e-01 Validation accuracy: 6.47333e-01 Training loss 6.88900e-03 Validation loss 7.30030e-03 Time taken: 0.15 seconds 
Epoch: 30/200 Train accuracy: 6.72296e-01 Validation accuracy: 6.54667e-01 Training loss 6.88197e-03 Validation loss 7.26436e-03 Time taken: 0.14 seconds 
Epoch: 31/200 Train accuracy: 6.75645e-01 Validation accuracy: 6.53000e-01 Training loss 6.86054e-03 Validation loss 7.28835e-03 Time taken: 0.15 seconds 
Epoch: 32/200 Train accuracy: 6.72866e-01 Validation accuracy: 6.54667e-01 Training loss 6.84848e-03 Validation loss 7.23076e-03 Time taken: 0.16 seconds 
Epoch: 33/200 Train accuracy: 6.77569e-01 Validation accuracy: 6.54000e-01 Training loss 6.83128e-03 Validation loss 7.21531e-03 Time taken: 0.16 seconds 
Epoch: 34/200 Train accuracy: 6.76714e-01 Validation accuracy: 6.50000e-01 Training loss 6.81227e-03 Validation loss 7.23613e-03 Time taken: 0.14 seconds 
Epoch: 35/200 Train accuracy: 6.78353e-01 Validation accuracy: 6.56667e-01 Training loss 6.80731e-03 Validation loss 7.19202e-03 Time taken: 0.14 seconds 
Epoch: 36/200 Train accuracy: 6.78495e-01 Validation accuracy: 6.60000e-01 Training loss 6.79627e-03 Validation loss 7.18395e-03 Time taken: 0.14 seconds 
Epoch: 37/200 Train accuracy: 6.79421e-01 Validation accuracy: 6.57333e-01 Training loss 6.78591e-03 Validation loss 7.21755e-03 Time taken: 0.14 seconds 
Epoch: 38/200 Train accuracy: 6.77498e-01 Validation accuracy: 6.57000e-01 Training loss 6.78083e-03 Validation loss 7.16091e-03 Time taken: 0.16 seconds 
Epoch: 39/200 Train accuracy: 6.81132e-01 Validation accuracy: 6.61000e-01 Training loss 6.76264e-03 Validation loss 7.14517e-03 Time taken: 0.14 seconds 
Epoch: 40/200 Train accuracy: 6.80918e-01 Validation accuracy: 6.62333e-01 Training loss 6.74811e-03 Validation loss 7.13791e-03 Time taken: 0.14 seconds 
Epoch: 41/200 Train accuracy: 6.81844e-01 Validation accuracy: 6.56333e-01 Training loss 6.74269e-03 Validation loss 7.20866e-03 Time taken: 0.15 seconds 
Epoch: 42/200 Train accuracy: 6.81132e-01 Validation accuracy: 6.64000e-01 Training loss 6.73492e-03 Validation loss 7.12329e-03 Time taken: 0.14 seconds 
Epoch: 43/200 Train accuracy: 6.81987e-01 Validation accuracy: 6.60333e-01 Training loss 6.72278e-03 Validation loss 7.11445e-03 Time taken: 0.14 seconds 
Epoch: 44/200 Train accuracy: 6.82129e-01 Validation accuracy: 6.61000e-01 Training loss 6.72025e-03 Validation loss 7.10960e-03 Time taken: 0.16 seconds 
Epoch: 45/200 Train accuracy: 6.82414e-01 Validation accuracy: 6.61333e-01 Training loss 6.70368e-03 Validation loss 7.10890e-03 Time taken: 0.15 seconds 
Epoch: 46/200 Train accuracy: 6.83412e-01 Validation accuracy: 6.60333e-01 Training loss 6.70766e-03 Validation loss 7.08889e-03 Time taken: 0.15 seconds 
Epoch: 47/200 Train accuracy: 6.83554e-01 Validation accuracy: 6.62667e-01 Training loss 6.69453e-03 Validation loss 7.09569e-03 Time taken: 0.14 seconds 
Epoch: 48/200 Train accuracy: 6.85834e-01 Validation accuracy: 6.62000e-01 Training loss 6.68422e-03 Validation loss 7.10611e-03 Time taken: 0.14 seconds 
Epoch: 49/200 Train accuracy: 6.84196e-01 Validation accuracy: 6.65000e-01 Training loss 6.68246e-03 Validation loss 7.07165e-03 Time taken: 0.14 seconds 
Epoch: 50/200 Train accuracy: 6.84694e-01 Validation accuracy: 6.61667e-01 Training loss 6.66741e-03 Validation loss 7.06050e-03 Time taken: 0.15 seconds 
Epoch: 51/200 Train accuracy: 6.84908e-01 Validation accuracy: 6.64333e-01 Training loss 6.66574e-03 Validation loss 7.08186e-03 Time taken: 0.13 seconds 
Epoch: 52/200 Train accuracy: 6.85193e-01 Validation accuracy: 6.61333e-01 Training loss 6.65987e-03 Validation loss 7.11987e-03 Time taken: 0.16 seconds 
Epoch: 53/200 Train accuracy: 6.86404e-01 Validation accuracy: 6.64333e-01 Training loss 6.65598e-03 Validation loss 7.07861e-03 Time taken: 0.15 seconds 
Epoch: 54/200 Train accuracy: 6.83625e-01 Validation accuracy: 6.61667e-01 Training loss 6.65441e-03 Validation loss 7.04577e-03 Time taken: 0.14 seconds 
Epoch: 55/200 Train accuracy: 6.86903e-01 Validation accuracy: 6.66667e-01 Training loss 6.64622e-03 Validation loss 7.04056e-03 Time taken: 0.14 seconds 
Epoch: 56/200 Train accuracy: 6.88186e-01 Validation accuracy: 6.64333e-01 Training loss 6.63753e-03 Validation loss 7.04329e-03 Time taken: 0.14 seconds 
Epoch: 57/200 Train accuracy: 6.85193e-01 Validation accuracy: 6.66000e-01 Training loss 6.63304e-03 Validation loss 7.05159e-03 Time taken: 0.15 seconds 
Epoch: 58/200 Train accuracy: 6.88685e-01 Validation accuracy: 6.66667e-01 Training loss 6.63124e-03 Validation loss 7.01455e-03 Time taken: 0.14 seconds 
Epoch: 59/200 Train accuracy: 6.87830e-01 Validation accuracy: 6.65667e-01 Training loss 6.62771e-03 Validation loss 7.01741e-03 Time taken: 0.14 seconds 
Epoch: 60/200 Train accuracy: 6.88685e-01 Validation accuracy: 6.65667e-01 Training loss 6.60818e-03 Validation loss 7.00571e-03 Time taken: 0.14 seconds 
Epoch: 61/200 Train accuracy: 6.87260e-01 Validation accuracy: 6.66667e-01 Training loss 6.60951e-03 Validation loss 6.99236e-03 Time taken: 0.15 seconds 
Epoch: 62/200 Train accuracy: 6.89540e-01 Validation accuracy: 6.66667e-01 Training loss 6.61194e-03 Validation loss 7.00082e-03 Time taken: 0.16 seconds 
Epoch: 63/200 Train accuracy: 6.88970e-01 Validation accuracy: 6.65667e-01 Training loss 6.60630e-03 Validation loss 7.00837e-03 Time taken: 0.16 seconds 
Epoch: 64/200 Train accuracy: 6.89183e-01 Validation accuracy: 6.66667e-01 Training loss 6.60548e-03 Validation loss 6.98543e-03 Time taken: 0.14 seconds 
Epoch: 65/200 Train accuracy: 6.89611e-01 Validation accuracy: 6.66333e-01 Training loss 6.59831e-03 Validation loss 7.00945e-03 Time taken: 0.13 seconds 
Epoch: 66/200 Train accuracy: 6.89896e-01 Validation accuracy: 6.60333e-01 Training loss 6.59193e-03 Validation loss 7.03788e-03 Time taken: 0.14 seconds 
Epoch: 67/200 Train accuracy: 6.89183e-01 Validation accuracy: 6.64333e-01 Training loss 6.58415e-03 Validation loss 6.96818e-03 Time taken: 0.15 seconds 
Epoch: 68/200 Train accuracy: 6.89682e-01 Validation accuracy: 6.67000e-01 Training loss 6.58317e-03 Validation loss 6.98764e-03 Time taken: 0.15 seconds 
Epoch: 69/200 Train accuracy: 6.88613e-01 Validation accuracy: 6.66000e-01 Training loss 6.58173e-03 Validation loss 6.95948e-03 Time taken: 0.14 seconds 
Epoch: 70/200 Train accuracy: 6.91179e-01 Validation accuracy: 6.67667e-01 Training loss 6.57250e-03 Validation loss 6.95564e-03 Time taken: 0.11 seconds 
Epoch: 71/200 Train accuracy: 6.89397e-01 Validation accuracy: 6.68333e-01 Training loss 6.56558e-03 Validation loss 6.95343e-03 Time taken: 0.08 seconds 
Epoch: 72/200 Train accuracy: 6.91464e-01 Validation accuracy: 6.71667e-01 Training loss 6.56361e-03 Validation loss 6.95176e-03 Time taken: 0.08 seconds 
Epoch: 73/200 Train accuracy: 6.92746e-01 Validation accuracy: 6.70000e-01 Training loss 6.55960e-03 Validation loss 6.97999e-03 Time taken: 0.08 seconds 
Epoch: 74/200 Train accuracy: 6.88542e-01 Validation accuracy: 6.73667e-01 Training loss 6.56144e-03 Validation loss 6.96956e-03 Time taken: 0.08 seconds 
Epoch: 75/200 Train accuracy: 6.90110e-01 Validation accuracy: 6.72667e-01 Training loss 6.55986e-03 Validation loss 6.94734e-03 Time taken: 0.08 seconds 
Epoch: 76/200 Train accuracy: 6.92390e-01 Validation accuracy: 6.68333e-01 Training loss 6.54544e-03 Validation loss 6.97797e-03 Time taken: 0.08 seconds 
Epoch: 77/200 Train accuracy: 6.91820e-01 Validation accuracy: 6.70000e-01 Training loss 6.54749e-03 Validation loss 6.95320e-03 Time taken: 0.08 seconds 
Epoch: 78/200 Train accuracy: 6.90680e-01 Validation accuracy: 6.71333e-01 Training loss 6.55182e-03 Validation loss 6.95583e-03 Time taken: 0.08 seconds 
Epoch: 79/200 Train accuracy: 6.90965e-01 Validation accuracy: 6.68000e-01 Training loss 6.54958e-03 Validation loss 6.93392e-03 Time taken: 0.08 seconds 
Epoch: 80/200 Train accuracy: 6.90038e-01 Validation accuracy: 6.69333e-01 Training loss 6.54068e-03 Validation loss 6.95986e-03 Time taken: 0.08 seconds 
Epoch: 81/200 Train accuracy: 6.91606e-01 Validation accuracy: 6.71333e-01 Training loss 6.52344e-03 Validation loss 6.92328e-03 Time taken: 0.08 seconds 
Epoch: 82/200 Train accuracy: 6.90894e-01 Validation accuracy: 6.73000e-01 Training loss 6.52612e-03 Validation loss 6.92165e-03 Time taken: 0.08 seconds 
Epoch: 83/200 Train accuracy: 6.91677e-01 Validation accuracy: 6.71333e-01 Training loss 6.52822e-03 Validation loss 6.91354e-03 Time taken: 0.08 seconds 
Epoch: 84/200 Train accuracy: 6.90751e-01 Validation accuracy: 6.73333e-01 Training loss 6.52476e-03 Validation loss 6.93574e-03 Time taken: 0.08 seconds 
Epoch: 85/200 Train accuracy: 6.92746e-01 Validation accuracy: 6.67333e-01 Training loss 6.52518e-03 Validation loss 6.95501e-03 Time taken: 0.08 seconds 
Epoch: 86/200 Train accuracy: 6.92604e-01 Validation accuracy: 6.72667e-01 Training loss 6.52656e-03 Validation loss 6.90593e-03 Time taken: 0.08 seconds 
Epoch: 87/200 Train accuracy: 6.91464e-01 Validation accuracy: 6.71000e-01 Training loss 6.51773e-03 Validation loss 6.93916e-03 Time taken: 0.08 seconds 
Epoch: 88/200 Train accuracy: 6.91107e-01 Validation accuracy: 6.72000e-01 Training loss 6.52685e-03 Validation loss 6.92324e-03 Time taken: 0.08 seconds 
Epoch: 89/200 Train accuracy: 6.92889e-01 Validation accuracy: 6.72333e-01 Training loss 6.50845e-03 Validation loss 6.90801e-03 Time taken: 0.08 seconds 
Epoch: 90/200 Train accuracy: 6.92889e-01 Validation accuracy: 6.73000e-01 Training loss 6.51095e-03 Validation loss 6.93109e-03 Time taken: 0.08 seconds 
Epoch: 91/200 Train accuracy: 6.93958e-01 Validation accuracy: 6.69333e-01 Training loss 6.50828e-03 Validation loss 6.99734e-03 Time taken: 0.08 seconds 
Epoch: 92/200 Train accuracy: 6.92390e-01 Validation accuracy: 6.71667e-01 Training loss 6.49752e-03 Validation loss 6.90320e-03 Time taken: 0.08 seconds 
Epoch: 93/200 Train accuracy: 6.92746e-01 Validation accuracy: 6.71667e-01 Training loss 6.49740e-03 Validation loss 6.89634e-03 Time taken: 0.08 seconds 
Epoch: 94/200 Train accuracy: 6.94955e-01 Validation accuracy: 6.75667e-01 Training loss 6.49024e-03 Validation loss 6.94309e-03 Time taken: 0.08 seconds 
Epoch: 95/200 Train accuracy: 6.94456e-01 Validation accuracy: 6.72667e-01 Training loss 6.50155e-03 Validation loss 6.88439e-03 Time taken: 0.08 seconds 
Epoch: 96/200 Train accuracy: 6.92105e-01 Validation accuracy: 6.72000e-01 Training loss 6.48920e-03 Validation loss 6.89785e-03 Time taken: 0.08 seconds 
Epoch: 97/200 Train accuracy: 6.91820e-01 Validation accuracy: 6.73333e-01 Training loss 6.49260e-03 Validation loss 6.89438e-03 Time taken: 0.08 seconds 
Epoch: 98/200 Train accuracy: 6.94171e-01 Validation accuracy: 6.75333e-01 Training loss 6.49117e-03 Validation loss 6.89055e-03 Time taken: 0.08 seconds 
Epoch: 99/200 Train accuracy: 6.92675e-01 Validation accuracy: 6.73667e-01 Training loss 6.49196e-03 Validation loss 6.88864e-03 Time taken: 0.08 seconds 
Epoch: 100/200 Train accuracy: 6.93601e-01 Validation accuracy: 6.71333e-01 Training loss 6.48205e-03 Validation loss 6.92153e-03 Time taken: 0.08 seconds 
Epoch: 101/200 Train accuracy: 6.95240e-01 Validation accuracy: 6.71333e-01 Training loss 6.47997e-03 Validation loss 6.90878e-03 Time taken: 0.08 seconds 
Epoch: 102/200 Train accuracy: 6.94741e-01 Validation accuracy: 6.70333e-01 Training loss 6.48146e-03 Validation loss 6.88084e-03 Time taken: 0.09 seconds 
Epoch: 103/200 Train accuracy: 6.92746e-01 Validation accuracy: 6.70000e-01 Training loss 6.47311e-03 Validation loss 6.90586e-03 Time taken: 0.08 seconds 
Epoch: 104/200 Train accuracy: 6.94884e-01 Validation accuracy: 6.74000e-01 Training loss 6.47796e-03 Validation loss 6.85846e-03 Time taken: 0.08 seconds 
Epoch: 105/200 Train accuracy: 6.93601e-01 Validation accuracy: 6.67000e-01 Training loss 6.47756e-03 Validation loss 6.89253e-03 Time taken: 0.11 seconds 
Epoch: 106/200 Train accuracy: 6.94599e-01 Validation accuracy: 6.73667e-01 Training loss 6.46418e-03 Validation loss 6.88203e-03 Time taken: 0.08 seconds 
Epoch: 107/200 Train accuracy: 6.95668e-01 Validation accuracy: 6.77000e-01 Training loss 6.47198e-03 Validation loss 6.84403e-03 Time taken: 0.08 seconds 
Epoch: 108/200 Train accuracy: 6.96024e-01 Validation accuracy: 6.73000e-01 Training loss 6.46721e-03 Validation loss 6.91588e-03 Time taken: 0.08 seconds 
Epoch: 109/200 Train accuracy: 6.94813e-01 Validation accuracy: 6.75667e-01 Training loss 6.47094e-03 Validation loss 6.85961e-03 Time taken: 0.08 seconds 
Epoch: 110/200 Train accuracy: 6.92532e-01 Validation accuracy: 6.77667e-01 Training loss 6.46557e-03 Validation loss 6.85618e-03 Time taken: 0.08 seconds 
Epoch: 111/200 Train accuracy: 6.94528e-01 Validation accuracy: 6.76000e-01 Training loss 6.46267e-03 Validation loss 6.86638e-03 Time taken: 0.08 seconds 
Epoch: 112/200 Train accuracy: 6.94243e-01 Validation accuracy: 6.73000e-01 Training loss 6.46483e-03 Validation loss 6.88649e-03 Time taken: 0.08 seconds 
Epoch: 113/200 Train accuracy: 6.95454e-01 Validation accuracy: 6.77000e-01 Training loss 6.46740e-03 Validation loss 6.87804e-03 Time taken: 0.08 seconds 
Epoch: 114/200 Train accuracy: 6.95240e-01 Validation accuracy: 6.75667e-01 Training loss 6.45687e-03 Validation loss 6.84760e-03 Time taken: 0.08 seconds 
Epoch: 115/200 Train accuracy: 6.97307e-01 Validation accuracy: 6.71333e-01 Training loss 6.45042e-03 Validation loss 6.84602e-03 Time taken: 0.08 seconds 
Epoch: 116/200 Train accuracy: 6.94741e-01 Validation accuracy: 6.79000e-01 Training loss 6.44932e-03 Validation loss 6.85066e-03 Time taken: 0.08 seconds 
Epoch: 117/200 Train accuracy: 6.94884e-01 Validation accuracy: 6.78000e-01 Training loss 6.44970e-03 Validation loss 6.84488e-03 Time taken: 0.08 seconds 
Epoch: 118/200 Train accuracy: 6.92532e-01 Validation accuracy: 6.75667e-01 Training loss 6.45464e-03 Validation loss 6.84534e-03 Time taken: 0.08 seconds 
Epoch: 119/200 Train accuracy: 6.96808e-01 Validation accuracy: 6.75333e-01 Training loss 6.44516e-03 Validation loss 6.85248e-03 Time taken: 0.08 seconds 
Epoch: 120/200 Train accuracy: 6.95098e-01 Validation accuracy: 6.75667e-01 Training loss 6.45179e-03 Validation loss 6.82820e-03 Time taken: 0.08 seconds 
Epoch: 121/200 Train accuracy: 6.96523e-01 Validation accuracy: 6.77667e-01 Training loss 6.44394e-03 Validation loss 6.81768e-03 Time taken: 0.08 seconds 
Epoch: 122/200 Train accuracy: 6.94955e-01 Validation accuracy: 6.76000e-01 Training loss 6.43536e-03 Validation loss 6.81229e-03 Time taken: 0.08 seconds 
Epoch: 123/200 Train accuracy: 6.94670e-01 Validation accuracy: 6.75000e-01 Training loss 6.44695e-03 Validation loss 6.81550e-03 Time taken: 0.08 seconds 
Epoch: 124/200 Train accuracy: 6.94385e-01 Validation accuracy: 6.77000e-01 Training loss 6.43007e-03 Validation loss 6.82116e-03 Time taken: 0.08 seconds 
Epoch: 125/200 Train accuracy: 6.95810e-01 Validation accuracy: 6.76333e-01 Training loss 6.44431e-03 Validation loss 6.81943e-03 Time taken: 0.08 seconds 
Epoch: 126/200 Train accuracy: 6.97592e-01 Validation accuracy: 6.78667e-01 Training loss 6.43246e-03 Validation loss 6.83588e-03 Time taken: 0.08 seconds 
Epoch: 127/200 Train accuracy: 6.94100e-01 Validation accuracy: 6.76333e-01 Training loss 6.43788e-03 Validation loss 6.80859e-03 Time taken: 0.08 seconds 
Epoch: 128/200 Train accuracy: 6.95668e-01 Validation accuracy: 6.77333e-01 Training loss 6.42325e-03 Validation loss 6.80804e-03 Time taken: 0.08 seconds 
Epoch: 129/200 Train accuracy: 6.96665e-01 Validation accuracy: 6.78000e-01 Training loss 6.43544e-03 Validation loss 6.81040e-03 Time taken: 0.08 seconds 
Epoch: 130/200 Train accuracy: 6.96808e-01 Validation accuracy: 6.79000e-01 Training loss 6.42728e-03 Validation loss 6.81431e-03 Time taken: 0.08 seconds 
Epoch: 131/200 Train accuracy: 6.98589e-01 Validation accuracy: 6.73333e-01 Training loss 6.41674e-03 Validation loss 6.80602e-03 Time taken: 0.11 seconds 
Epoch: 132/200 Train accuracy: 6.95383e-01 Validation accuracy: 6.77667e-01 Training loss 6.42689e-03 Validation loss 6.80842e-03 Time taken: 0.08 seconds 
Epoch: 133/200 Train accuracy: 6.98447e-01 Validation accuracy: 6.78000e-01 Training loss 6.42558e-03 Validation loss 6.82176e-03 Time taken: 0.08 seconds 
Epoch: 134/200 Train accuracy: 6.96024e-01 Validation accuracy: 6.79000e-01 Training loss 6.42203e-03 Validation loss 6.79678e-03 Time taken: 0.08 seconds 
Epoch: 135/200 Train accuracy: 6.98304e-01 Validation accuracy: 6.80333e-01 Training loss 6.41540e-03 Validation loss 6.80594e-03 Time taken: 0.08 seconds 
Epoch: 136/200 Train accuracy: 6.95454e-01 Validation accuracy: 6.76000e-01 Training loss 6.42392e-03 Validation loss 6.81222e-03 Time taken: 0.08 seconds 
Epoch: 137/200 Train accuracy: 6.97378e-01 Validation accuracy: 6.79333e-01 Training loss 6.42116e-03 Validation loss 6.79043e-03 Time taken: 0.08 seconds 
Epoch: 138/200 Train accuracy: 6.94813e-01 Validation accuracy: 6.78333e-01 Training loss 6.41671e-03 Validation loss 6.81292e-03 Time taken: 0.08 seconds 
Epoch: 139/200 Train accuracy: 6.97307e-01 Validation accuracy: 6.78667e-01 Training loss 6.42137e-03 Validation loss 6.80420e-03 Time taken: 0.08 seconds 
Epoch: 140/200 Train accuracy: 6.96594e-01 Validation accuracy: 6.76333e-01 Training loss 6.41903e-03 Validation loss 6.82677e-03 Time taken: 0.08 seconds 
Epoch: 141/200 Train accuracy: 6.97449e-01 Validation accuracy: 6.80000e-01 Training loss 6.42060e-03 Validation loss 6.79212e-03 Time taken: 0.08 seconds 
Epoch: 142/200 Train accuracy: 6.97307e-01 Validation accuracy: 6.80333e-01 Training loss 6.40683e-03 Validation loss 6.80439e-03 Time taken: 0.08 seconds 
Epoch: 143/200 Train accuracy: 6.97948e-01 Validation accuracy: 6.79000e-01 Training loss 6.40910e-03 Validation loss 6.78319e-03 Time taken: 0.08 seconds 
Epoch: 144/200 Train accuracy: 6.97663e-01 Validation accuracy: 6.78000e-01 Training loss 6.40630e-03 Validation loss 6.83900e-03 Time taken: 0.08 seconds 
Epoch: 145/200 Train accuracy: 6.97520e-01 Validation accuracy: 6.81000e-01 Training loss 6.40900e-03 Validation loss 6.82791e-03 Time taken: 0.08 seconds 
Epoch: 146/200 Train accuracy: 6.94670e-01 Validation accuracy: 6.80000e-01 Training loss 6.40707e-03 Validation loss 6.83596e-03 Time taken: 0.08 seconds 
Epoch: 147/200 Train accuracy: 6.97592e-01 Validation accuracy: 6.78333e-01 Training loss 6.40344e-03 Validation loss 6.79112e-03 Time taken: 0.08 seconds 
Epoch: 148/200 Train accuracy: 6.97805e-01 Validation accuracy: 6.76333e-01 Training loss 6.40959e-03 Validation loss 6.79426e-03 Time taken: 0.08 seconds 
Epoch: 149/200 Train accuracy: 6.96024e-01 Validation accuracy: 6.79667e-01 Training loss 6.40112e-03 Validation loss 6.81005e-03 Time taken: 0.08 seconds 
Epoch: 150/200 Train accuracy: 6.97734e-01 Validation accuracy: 6.76667e-01 Training loss 6.39927e-03 Validation loss 6.81164e-03 Time taken: 0.08 seconds 
Epoch: 151/200 Train accuracy: 6.95311e-01 Validation accuracy: 6.78333e-01 Training loss 6.39834e-03 Validation loss 6.80989e-03 Time taken: 0.09 seconds 
Epoch: 152/200 Train accuracy: 6.98304e-01 Validation accuracy: 6.78000e-01 Training loss 6.39872e-03 Validation loss 6.79846e-03 Time taken: 0.10 seconds 
Epoch: 153/200 Train accuracy: 6.96736e-01 Validation accuracy: 6.77000e-01 Training loss 6.39324e-03 Validation loss 6.79422e-03 Time taken: 0.08 seconds 
Epoch: 154/200 Train accuracy: 6.96665e-01 Validation accuracy: 6.80333e-01 Training loss 6.39404e-03 Validation loss 6.78593e-03 Time taken: 0.09 seconds 
Epoch: 155/200 Train accuracy: 6.99729e-01 Validation accuracy: 6.77667e-01 Training loss 6.39730e-03 Validation loss 6.80589e-03 Time taken: 0.08 seconds 
Epoch: 156/200 Train accuracy: 6.95881e-01 Validation accuracy: 6.79667e-01 Training loss 6.40022e-03 Validation loss 6.78196e-03 Time taken: 0.10 seconds 
Epoch: 157/200 Train accuracy: 6.96024e-01 Validation accuracy: 6.78333e-01 Training loss 6.39540e-03 Validation loss 6.76210e-03 Time taken: 0.08 seconds 
Epoch: 158/200 Train accuracy: 6.97948e-01 Validation accuracy: 6.79000e-01 Training loss 6.39471e-03 Validation loss 6.76190e-03 Time taken: 0.08 seconds 
Epoch: 159/200 Train accuracy: 6.96166e-01 Validation accuracy: 6.75333e-01 Training loss 6.38780e-03 Validation loss 6.86087e-03 Time taken: 0.08 seconds 
Epoch: 160/200 Train accuracy: 6.96594e-01 Validation accuracy: 6.78333e-01 Training loss 6.39806e-03 Validation loss 6.86157e-03 Time taken: 0.08 seconds 
Epoch: 161/200 Train accuracy: 6.96166e-01 Validation accuracy: 6.81000e-01 Training loss 6.39107e-03 Validation loss 6.77126e-03 Time taken: 0.08 seconds 
Epoch: 162/200 Train accuracy: 6.97592e-01 Validation accuracy: 6.82667e-01 Training loss 6.38486e-03 Validation loss 6.79503e-03 Time taken: 0.08 seconds 
Epoch: 163/200 Train accuracy: 6.97734e-01 Validation accuracy: 6.80667e-01 Training loss 6.38564e-03 Validation loss 6.76885e-03 Time taken: 0.09 seconds 
Epoch: 164/200 Train accuracy: 6.96879e-01 Validation accuracy: 6.82667e-01 Training loss 6.39116e-03 Validation loss 6.79179e-03 Time taken: 0.09 seconds 
Epoch: 165/200 Train accuracy: 6.98162e-01 Validation accuracy: 6.83667e-01 Training loss 6.38323e-03 Validation loss 6.77745e-03 Time taken: 0.08 seconds 
Epoch: 166/200 Train accuracy: 6.98660e-01 Validation accuracy: 6.78667e-01 Training loss 6.37631e-03 Validation loss 6.76593e-03 Time taken: 0.08 seconds 
Epoch: 167/200 Train accuracy: 6.97378e-01 Validation accuracy: 6.77667e-01 Training loss 6.38342e-03 Validation loss 6.76425e-03 Time taken: 0.08 seconds 
Epoch: 168/200 Train accuracy: 6.97877e-01 Validation accuracy: 6.78000e-01 Training loss 6.37568e-03 Validation loss 6.78549e-03 Time taken: 0.08 seconds 
Epoch: 169/200 Train accuracy: 7.00656e-01 Validation accuracy: 6.77667e-01 Training loss 6.37685e-03 Validation loss 6.76174e-03 Time taken: 0.08 seconds 
Epoch: 170/200 Train accuracy: 6.99444e-01 Validation accuracy: 6.78000e-01 Training loss 6.39019e-03 Validation loss 6.74763e-03 Time taken: 0.08 seconds 
Epoch: 171/200 Train accuracy: 6.98233e-01 Validation accuracy: 6.78667e-01 Training loss 6.37266e-03 Validation loss 6.78755e-03 Time taken: 0.08 seconds 
Epoch: 172/200 Train accuracy: 6.98803e-01 Validation accuracy: 6.78333e-01 Training loss 6.37524e-03 Validation loss 6.77000e-03 Time taken: 0.08 seconds 
Epoch: 173/200 Train accuracy: 6.99088e-01 Validation accuracy: 6.79333e-01 Training loss 6.37159e-03 Validation loss 6.75630e-03 Time taken: 0.08 seconds 
Epoch: 174/200 Train accuracy: 6.97449e-01 Validation accuracy: 6.77000e-01 Training loss 6.37461e-03 Validation loss 6.75559e-03 Time taken: 0.08 seconds 
Epoch: 175/200 Train accuracy: 6.99373e-01 Validation accuracy: 6.82000e-01 Training loss 6.37291e-03 Validation loss 6.75169e-03 Time taken: 0.08 seconds 
Epoch: 176/200 Train accuracy: 6.98803e-01 Validation accuracy: 6.80333e-01 Training loss 6.36862e-03 Validation loss 6.74844e-03 Time taken: 0.08 seconds 
Epoch: 177/200 Train accuracy: 6.99587e-01 Validation accuracy: 6.81000e-01 Training loss 6.36392e-03 Validation loss 6.76071e-03 Time taken: 0.08 seconds 
Epoch: 178/200 Train accuracy: 6.99088e-01 Validation accuracy: 6.81333e-01 Training loss 6.36389e-03 Validation loss 6.74917e-03 Time taken: 0.08 seconds 
Epoch: 179/200 Train accuracy: 6.99515e-01 Validation accuracy: 6.80333e-01 Training loss 6.37456e-03 Validation loss 6.73663e-03 Time taken: 0.08 seconds 
Epoch: 180/200 Train accuracy: 6.97663e-01 Validation accuracy: 6.78333e-01 Training loss 6.37122e-03 Validation loss 6.75808e-03 Time taken: 0.08 seconds 
Epoch: 181/200 Train accuracy: 7.00941e-01 Validation accuracy: 6.83000e-01 Training loss 6.37055e-03 Validation loss 6.78659e-03 Time taken: 0.08 seconds 
Epoch: 182/200 Train accuracy: 7.01012e-01 Validation accuracy: 6.80333e-01 Training loss 6.36209e-03 Validation loss 6.75020e-03 Time taken: 0.11 seconds 
Epoch: 183/200 Train accuracy: 6.99872e-01 Validation accuracy: 6.85000e-01 Training loss 6.35885e-03 Validation loss 6.77394e-03 Time taken: 0.08 seconds 
Epoch: 184/200 Train accuracy: 6.98732e-01 Validation accuracy: 6.79000e-01 Training loss 6.36432e-03 Validation loss 6.77460e-03 Time taken: 0.08 seconds 
Epoch: 185/200 Train accuracy: 6.98732e-01 Validation accuracy: 6.79000e-01 Training loss 6.36092e-03 Validation loss 6.73453e-03 Time taken: 0.08 seconds 
Epoch: 186/200 Train accuracy: 7.00086e-01 Validation accuracy: 6.78000e-01 Training loss 6.36020e-03 Validation loss 6.75733e-03 Time taken: 0.08 seconds 
Epoch: 187/200 Train accuracy: 7.00584e-01 Validation accuracy: 6.80000e-01 Training loss 6.36787e-03 Validation loss 6.73303e-03 Time taken: 0.08 seconds 
Epoch: 188/200 Train accuracy: 6.99587e-01 Validation accuracy: 6.81667e-01 Training loss 6.35942e-03 Validation loss 6.76439e-03 Time taken: 0.08 seconds 
Epoch: 189/200 Train accuracy: 6.97877e-01 Validation accuracy: 6.82333e-01 Training loss 6.36327e-03 Validation loss 6.73365e-03 Time taken: 0.08 seconds 
Epoch: 190/200 Train accuracy: 6.99658e-01 Validation accuracy: 6.83333e-01 Training loss 6.36018e-03 Validation loss 6.76218e-03 Time taken: 0.08 seconds 
Epoch: 191/200 Train accuracy: 6.99159e-01 Validation accuracy: 6.82333e-01 Training loss 6.36413e-03 Validation loss 6.73304e-03 Time taken: 0.08 seconds 
Epoch: 192/200 Train accuracy: 6.99230e-01 Validation accuracy: 6.82667e-01 Training loss 6.35770e-03 Validation loss 6.75049e-03 Time taken: 0.08 seconds 
Epoch: 193/200 Train accuracy: 7.01867e-01 Validation accuracy: 6.79333e-01 Training loss 6.35564e-03 Validation loss 6.74827e-03 Time taken: 0.08 seconds 
Epoch: 194/200 Train accuracy: 6.98090e-01 Validation accuracy: 6.81333e-01 Training loss 6.36373e-03 Validation loss 6.75507e-03 Time taken: 0.08 seconds 
Epoch: 195/200 Train accuracy: 7.00014e-01 Validation accuracy: 6.81000e-01 Training loss 6.34849e-03 Validation loss 6.72841e-03 Time taken: 0.08 seconds 
Epoch: 196/200 Train accuracy: 7.00584e-01 Validation accuracy: 6.83333e-01 Training loss 6.35832e-03 Validation loss 6.73327e-03 Time taken: 0.08 seconds 
Epoch: 197/200 Train accuracy: 6.99800e-01 Validation accuracy: 6.78000e-01 Training loss 6.35647e-03 Validation loss 6.74075e-03 Time taken: 0.08 seconds 
Epoch: 198/200 Train accuracy: 7.00656e-01 Validation accuracy: 6.81667e-01 Training loss 6.35491e-03 Validation loss 6.72303e-03 Time taken: 0.08 seconds 
Epoch: 199/200 Train accuracy: 6.98803e-01 Validation accuracy: 6.80667e-01 Training loss 6.35365e-03 Validation loss 6.72445e-03 Time taken: 0.08 seconds 
Epoch: 200/200 Train accuracy: 7.00941e-01 Validation accuracy: 6.79000e-01 Training loss 6.34943e-03 Validation loss 6.73583e-03 Time taken: 0.08 seconds 
Total time taken 0:00:20.750937
Cleaning up intermediate feature (.pt) files
Done


working on file logs_PKT_chunks_different_seeds/iic-train-l2-seed3-pred12/jepa-iic-ep200.pth.tar ...
Directory logs_PKT_chunks_different_seeds/iic-train-l2-seed3-pred12/classifiers for saving the classifiers is now present
VisionTransformer(
  (patch_embed): PatchEmbed(
    (proj): Conv2d(3, 768, kernel_size=(15, 15), stride=(15, 15))
  )
  (blocks): ModuleList(
    (0-11): 12 x Block(
      (norm1): LayerNorm((768,), eps=1e-06, elementwise_affine=True)
      (attn): Attention(
        (qkv): Linear(in_features=768, out_features=2304, bias=True)
        (attn_drop): Dropout(p=0.0, inplace=False)
        (proj): Linear(in_features=768, out_features=768, bias=True)
        (proj_drop): Dropout(p=0.0, inplace=False)
      )
      (drop_path): Identity()
      (norm2): LayerNorm((768,), eps=1e-06, elementwise_affine=True)
      (mlp): MLP(
        (fc1): Linear(in_features=768, out_features=3072, bias=True)
        (act): GELU(approximate='none')
        (fc2): Linear(in_features=3072, out_features=768, bias=True)
        (drop): Dropout(p=0.0, inplace=False)
      )
    )
  )
  (norm): LayerNorm((768,), eps=1e-06, elementwise_affine=True)
)
Extracting features and saving them in memory..
Extracting features...
Time taken to extract features: 26.816334890201688
Epoch: 1/200 Train accuracy: 4.36583e-01 Validation accuracy: 5.75333e-01 Training loss 1.13537e-02 Validation loss 9.84980e-03 Time taken: 0.08 seconds 
Epoch: 2/200 Train accuracy: 6.01824e-01 Validation accuracy: 6.07000e-01 Training loss 8.81500e-03 Validation loss 8.65243e-03 Time taken: 0.08 seconds 
Epoch: 3/200 Train accuracy: 6.30326e-01 Validation accuracy: 6.30333e-01 Training loss 8.01322e-03 Validation loss 8.06472e-03 Time taken: 0.08 seconds 
Epoch: 4/200 Train accuracy: 6.45931e-01 Validation accuracy: 6.46667e-01 Training loss 7.57525e-03 Validation loss 7.74183e-03 Time taken: 0.08 seconds 
Epoch: 5/200 Train accuracy: 6.54482e-01 Validation accuracy: 6.46667e-01 Training loss 7.29274e-03 Validation loss 7.50167e-03 Time taken: 0.08 seconds 
Epoch: 6/200 Train accuracy: 6.57902e-01 Validation accuracy: 6.54000e-01 Training loss 7.10690e-03 Validation loss 7.35492e-03 Time taken: 0.08 seconds 
Epoch: 7/200 Train accuracy: 6.65242e-01 Validation accuracy: 6.60667e-01 Training loss 6.95915e-03 Validation loss 7.20872e-03 Time taken: 0.08 seconds 
Epoch: 8/200 Train accuracy: 6.69944e-01 Validation accuracy: 6.69667e-01 Training loss 6.84679e-03 Validation loss 7.10738e-03 Time taken: 0.08 seconds 
Epoch: 9/200 Train accuracy: 6.74291e-01 Validation accuracy: 6.71333e-01 Training loss 6.75286e-03 Validation loss 7.02083e-03 Time taken: 0.08 seconds 
Epoch: 10/200 Train accuracy: 6.79065e-01 Validation accuracy: 6.76333e-01 Training loss 6.68003e-03 Validation loss 6.95179e-03 Time taken: 0.08 seconds 
Epoch: 11/200 Train accuracy: 6.80847e-01 Validation accuracy: 6.82667e-01 Training loss 6.61057e-03 Validation loss 6.90093e-03 Time taken: 0.08 seconds 
Epoch: 12/200 Train accuracy: 6.83340e-01 Validation accuracy: 6.75000e-01 Training loss 6.55700e-03 Validation loss 6.90128e-03 Time taken: 0.08 seconds 
Epoch: 13/200 Train accuracy: 6.84908e-01 Validation accuracy: 6.83000e-01 Training loss 6.51381e-03 Validation loss 6.80357e-03 Time taken: 0.08 seconds 
Epoch: 14/200 Train accuracy: 6.86191e-01 Validation accuracy: 6.87667e-01 Training loss 6.46522e-03 Validation loss 6.76942e-03 Time taken: 0.08 seconds 
Epoch: 15/200 Train accuracy: 6.91321e-01 Validation accuracy: 6.84000e-01 Training loss 6.42834e-03 Validation loss 6.76508e-03 Time taken: 0.08 seconds 
Epoch: 16/200 Train accuracy: 6.91891e-01 Validation accuracy: 6.92000e-01 Training loss 6.39081e-03 Validation loss 6.67889e-03 Time taken: 0.08 seconds 
Epoch: 17/200 Train accuracy: 6.93530e-01 Validation accuracy: 6.90667e-01 Training loss 6.36793e-03 Validation loss 6.65271e-03 Time taken: 0.08 seconds 
Epoch: 18/200 Train accuracy: 6.93387e-01 Validation accuracy: 6.88667e-01 Training loss 6.32966e-03 Validation loss 6.64715e-03 Time taken: 0.08 seconds 
Epoch: 19/200 Train accuracy: 6.94171e-01 Validation accuracy: 6.94333e-01 Training loss 6.30903e-03 Validation loss 6.59229e-03 Time taken: 0.08 seconds 
Epoch: 20/200 Train accuracy: 6.97805e-01 Validation accuracy: 6.95000e-01 Training loss 6.28546e-03 Validation loss 6.59423e-03 Time taken: 0.08 seconds 
Epoch: 21/200 Train accuracy: 6.99444e-01 Validation accuracy: 6.92667e-01 Training loss 6.25940e-03 Validation loss 6.55976e-03 Time taken: 0.08 seconds 
Epoch: 22/200 Train accuracy: 7.00442e-01 Validation accuracy: 6.98667e-01 Training loss 6.23812e-03 Validation loss 6.53698e-03 Time taken: 0.08 seconds 
Epoch: 23/200 Train accuracy: 6.99800e-01 Validation accuracy: 6.95667e-01 Training loss 6.21853e-03 Validation loss 6.55214e-03 Time taken: 0.08 seconds 
Epoch: 24/200 Train accuracy: 7.01653e-01 Validation accuracy: 6.94667e-01 Training loss 6.19906e-03 Validation loss 6.51204e-03 Time taken: 0.08 seconds 
Epoch: 25/200 Train accuracy: 7.05857e-01 Validation accuracy: 6.98000e-01 Training loss 6.18520e-03 Validation loss 6.48462e-03 Time taken: 0.08 seconds 
Epoch: 26/200 Train accuracy: 7.04218e-01 Validation accuracy: 7.01333e-01 Training loss 6.16359e-03 Validation loss 6.45707e-03 Time taken: 0.08 seconds 
Epoch: 27/200 Train accuracy: 7.04147e-01 Validation accuracy: 7.03000e-01 Training loss 6.15037e-03 Validation loss 6.47757e-03 Time taken: 0.08 seconds 
Epoch: 28/200 Train accuracy: 7.05216e-01 Validation accuracy: 6.99333e-01 Training loss 6.12976e-03 Validation loss 6.45070e-03 Time taken: 0.08 seconds 
Epoch: 29/200 Train accuracy: 7.03577e-01 Validation accuracy: 7.02667e-01 Training loss 6.12407e-03 Validation loss 6.47409e-03 Time taken: 0.08 seconds 
Epoch: 30/200 Train accuracy: 7.05358e-01 Validation accuracy: 6.96667e-01 Training loss 6.10754e-03 Validation loss 6.41155e-03 Time taken: 0.08 seconds 
Epoch: 31/200 Train accuracy: 7.08779e-01 Validation accuracy: 7.02667e-01 Training loss 6.10380e-03 Validation loss 6.40024e-03 Time taken: 0.08 seconds 
Epoch: 32/200 Train accuracy: 7.06855e-01 Validation accuracy: 7.01667e-01 Training loss 6.08408e-03 Validation loss 6.43118e-03 Time taken: 0.08 seconds 
Epoch: 33/200 Train accuracy: 7.09776e-01 Validation accuracy: 7.04333e-01 Training loss 6.08330e-03 Validation loss 6.37699e-03 Time taken: 0.08 seconds 
Epoch: 34/200 Train accuracy: 7.07781e-01 Validation accuracy: 6.99333e-01 Training loss 6.06907e-03 Validation loss 6.38271e-03 Time taken: 0.08 seconds 
Epoch: 35/200 Train accuracy: 7.09064e-01 Validation accuracy: 7.04000e-01 Training loss 6.05266e-03 Validation loss 6.36257e-03 Time taken: 0.08 seconds 
Epoch: 36/200 Train accuracy: 7.09848e-01 Validation accuracy: 7.04000e-01 Training loss 6.05684e-03 Validation loss 6.34203e-03 Time taken: 0.08 seconds 
Epoch: 37/200 Train accuracy: 7.11629e-01 Validation accuracy: 7.01667e-01 Training loss 6.03974e-03 Validation loss 6.37990e-03 Time taken: 0.08 seconds 
Epoch: 38/200 Train accuracy: 7.10988e-01 Validation accuracy: 7.06000e-01 Training loss 6.02536e-03 Validation loss 6.37550e-03 Time taken: 0.08 seconds 
Epoch: 39/200 Train accuracy: 7.10845e-01 Validation accuracy: 7.09000e-01 Training loss 6.02602e-03 Validation loss 6.35789e-03 Time taken: 0.08 seconds 
Epoch: 40/200 Train accuracy: 7.09919e-01 Validation accuracy: 7.07000e-01 Training loss 6.02081e-03 Validation loss 6.33469e-03 Time taken: 0.08 seconds 
Epoch: 41/200 Train accuracy: 7.12912e-01 Validation accuracy: 7.06000e-01 Training loss 6.01345e-03 Validation loss 6.31390e-03 Time taken: 0.09 seconds 
Epoch: 42/200 Train accuracy: 7.12840e-01 Validation accuracy: 7.03000e-01 Training loss 6.00425e-03 Validation loss 6.32837e-03 Time taken: 0.11 seconds 
Epoch: 43/200 Train accuracy: 7.11985e-01 Validation accuracy: 7.05667e-01 Training loss 5.99850e-03 Validation loss 6.31107e-03 Time taken: 0.17 seconds 
Epoch: 44/200 Train accuracy: 7.12983e-01 Validation accuracy: 7.01000e-01 Training loss 5.99248e-03 Validation loss 6.30628e-03 Time taken: 0.10 seconds 
Epoch: 45/200 Train accuracy: 7.12912e-01 Validation accuracy: 7.01667e-01 Training loss 5.98853e-03 Validation loss 6.28955e-03 Time taken: 0.08 seconds 
Epoch: 46/200 Train accuracy: 7.13980e-01 Validation accuracy: 7.05667e-01 Training loss 5.98229e-03 Validation loss 6.28961e-03 Time taken: 0.08 seconds 
Epoch: 47/200 Train accuracy: 7.14907e-01 Validation accuracy: 7.09333e-01 Training loss 5.97273e-03 Validation loss 6.28437e-03 Time taken: 0.08 seconds 
Epoch: 48/200 Train accuracy: 7.13482e-01 Validation accuracy: 7.06667e-01 Training loss 5.96253e-03 Validation loss 6.29506e-03 Time taken: 0.10 seconds 
Epoch: 49/200 Train accuracy: 7.16047e-01 Validation accuracy: 7.10333e-01 Training loss 5.95714e-03 Validation loss 6.29687e-03 Time taken: 0.08 seconds 
Epoch: 50/200 Train accuracy: 7.14123e-01 Validation accuracy: 7.10667e-01 Training loss 5.95337e-03 Validation loss 6.34463e-03 Time taken: 0.08 seconds 
Epoch: 51/200 Train accuracy: 7.16261e-01 Validation accuracy: 7.14000e-01 Training loss 5.94865e-03 Validation loss 6.27523e-03 Time taken: 0.08 seconds 
Epoch: 52/200 Train accuracy: 7.16189e-01 Validation accuracy: 7.05667e-01 Training loss 5.94871e-03 Validation loss 6.26040e-03 Time taken: 0.08 seconds 
Epoch: 53/200 Train accuracy: 7.17401e-01 Validation accuracy: 7.08333e-01 Training loss 5.94263e-03 Validation loss 6.24564e-03 Time taken: 0.08 seconds 
Epoch: 54/200 Train accuracy: 7.15904e-01 Validation accuracy: 7.11333e-01 Training loss 5.94473e-03 Validation loss 6.27588e-03 Time taken: 0.08 seconds 
Epoch: 55/200 Train accuracy: 7.15762e-01 Validation accuracy: 7.04000e-01 Training loss 5.93562e-03 Validation loss 6.29986e-03 Time taken: 0.08 seconds 
Epoch: 56/200 Train accuracy: 7.17401e-01 Validation accuracy: 7.08000e-01 Training loss 5.93145e-03 Validation loss 6.23369e-03 Time taken: 0.08 seconds 
Epoch: 57/200 Train accuracy: 7.15548e-01 Validation accuracy: 7.06000e-01 Training loss 5.92353e-03 Validation loss 6.23967e-03 Time taken: 0.08 seconds 
Epoch: 58/200 Train accuracy: 7.15049e-01 Validation accuracy: 7.08000e-01 Training loss 5.91632e-03 Validation loss 6.24542e-03 Time taken: 0.08 seconds 
Epoch: 59/200 Train accuracy: 7.17258e-01 Validation accuracy: 7.09667e-01 Training loss 5.90513e-03 Validation loss 6.22645e-03 Time taken: 0.11 seconds 
Epoch: 60/200 Train accuracy: 7.17472e-01 Validation accuracy: 7.08333e-01 Training loss 5.91424e-03 Validation loss 6.21906e-03 Time taken: 0.09 seconds 
Epoch: 61/200 Train accuracy: 7.18184e-01 Validation accuracy: 7.06667e-01 Training loss 5.90805e-03 Validation loss 6.23507e-03 Time taken: 0.08 seconds 
Epoch: 62/200 Train accuracy: 7.18968e-01 Validation accuracy: 7.07667e-01 Training loss 5.90680e-03 Validation loss 6.20440e-03 Time taken: 0.08 seconds 
Epoch: 63/200 Train accuracy: 7.18754e-01 Validation accuracy: 7.11333e-01 Training loss 5.89250e-03 Validation loss 6.22230e-03 Time taken: 0.08 seconds 
Epoch: 64/200 Train accuracy: 7.18754e-01 Validation accuracy: 7.09000e-01 Training loss 5.90017e-03 Validation loss 6.19490e-03 Time taken: 0.08 seconds 
Epoch: 65/200 Train accuracy: 7.18469e-01 Validation accuracy: 7.09667e-01 Training loss 5.88710e-03 Validation loss 6.20089e-03 Time taken: 0.08 seconds 
Epoch: 66/200 Train accuracy: 7.20892e-01 Validation accuracy: 7.07667e-01 Training loss 5.88778e-03 Validation loss 6.20081e-03 Time taken: 0.08 seconds 
Epoch: 67/200 Train accuracy: 7.18184e-01 Validation accuracy: 7.08000e-01 Training loss 5.88524e-03 Validation loss 6.18131e-03 Time taken: 0.08 seconds 
Epoch: 68/200 Train accuracy: 7.17757e-01 Validation accuracy: 7.13333e-01 Training loss 5.88449e-03 Validation loss 6.20244e-03 Time taken: 0.08 seconds 
Epoch: 69/200 Train accuracy: 7.21177e-01 Validation accuracy: 7.10667e-01 Training loss 5.87558e-03 Validation loss 6.18179e-03 Time taken: 0.08 seconds 
Epoch: 70/200 Train accuracy: 7.18826e-01 Validation accuracy: 7.08333e-01 Training loss 5.88223e-03 Validation loss 6.18844e-03 Time taken: 0.08 seconds 
Epoch: 71/200 Train accuracy: 7.18612e-01 Validation accuracy: 7.08000e-01 Training loss 5.87676e-03 Validation loss 6.25145e-03 Time taken: 0.08 seconds 
Epoch: 72/200 Train accuracy: 7.19823e-01 Validation accuracy: 7.13667e-01 Training loss 5.87167e-03 Validation loss 6.25613e-03 Time taken: 0.08 seconds 
Epoch: 73/200 Train accuracy: 7.21890e-01 Validation accuracy: 7.11667e-01 Training loss 5.86930e-03 Validation loss 6.18403e-03 Time taken: 0.08 seconds 
Epoch: 74/200 Train accuracy: 7.21035e-01 Validation accuracy: 7.07333e-01 Training loss 5.86533e-03 Validation loss 6.17907e-03 Time taken: 0.08 seconds 
Epoch: 75/200 Train accuracy: 7.19182e-01 Validation accuracy: 7.15667e-01 Training loss 5.86348e-03 Validation loss 6.19047e-03 Time taken: 0.08 seconds 
Epoch: 76/200 Train accuracy: 7.19966e-01 Validation accuracy: 7.12667e-01 Training loss 5.85525e-03 Validation loss 6.18609e-03 Time taken: 0.08 seconds 
Epoch: 77/200 Train accuracy: 7.19895e-01 Validation accuracy: 7.11333e-01 Training loss 5.85827e-03 Validation loss 6.16550e-03 Time taken: 0.08 seconds 
Epoch: 78/200 Train accuracy: 7.21106e-01 Validation accuracy: 7.11667e-01 Training loss 5.85629e-03 Validation loss 6.16079e-03 Time taken: 0.08 seconds 
Epoch: 79/200 Train accuracy: 7.23101e-01 Validation accuracy: 7.14667e-01 Training loss 5.84654e-03 Validation loss 6.15929e-03 Time taken: 0.08 seconds 
Epoch: 80/200 Train accuracy: 7.20037e-01 Validation accuracy: 7.13667e-01 Training loss 5.84841e-03 Validation loss 6.17295e-03 Time taken: 0.08 seconds 
Epoch: 81/200 Train accuracy: 7.22460e-01 Validation accuracy: 7.10000e-01 Training loss 5.83847e-03 Validation loss 6.18882e-03 Time taken: 0.08 seconds 
Epoch: 82/200 Train accuracy: 7.20037e-01 Validation accuracy: 7.11000e-01 Training loss 5.83822e-03 Validation loss 6.16594e-03 Time taken: 0.08 seconds 
Epoch: 83/200 Train accuracy: 7.20465e-01 Validation accuracy: 7.14667e-01 Training loss 5.83772e-03 Validation loss 6.15278e-03 Time taken: 0.08 seconds 
Epoch: 84/200 Train accuracy: 7.22103e-01 Validation accuracy: 7.12667e-01 Training loss 5.83849e-03 Validation loss 6.15312e-03 Time taken: 0.08 seconds 
Epoch: 85/200 Train accuracy: 7.21747e-01 Validation accuracy: 7.13000e-01 Training loss 5.83029e-03 Validation loss 6.17794e-03 Time taken: 0.08 seconds 
Epoch: 86/200 Train accuracy: 7.23030e-01 Validation accuracy: 7.13667e-01 Training loss 5.83262e-03 Validation loss 6.14900e-03 Time taken: 0.08 seconds 
Epoch: 87/200 Train accuracy: 7.23742e-01 Validation accuracy: 7.11667e-01 Training loss 5.82353e-03 Validation loss 6.16505e-03 Time taken: 0.08 seconds 
Epoch: 88/200 Train accuracy: 7.23457e-01 Validation accuracy: 7.12333e-01 Training loss 5.82729e-03 Validation loss 6.13359e-03 Time taken: 0.08 seconds 
Epoch: 89/200 Train accuracy: 7.21035e-01 Validation accuracy: 7.13000e-01 Training loss 5.82092e-03 Validation loss 6.14000e-03 Time taken: 0.09 seconds 
Epoch: 90/200 Train accuracy: 7.21961e-01 Validation accuracy: 7.13667e-01 Training loss 5.81733e-03 Validation loss 6.13575e-03 Time taken: 0.10 seconds 
Epoch: 91/200 Train accuracy: 7.19681e-01 Validation accuracy: 7.14667e-01 Training loss 5.82810e-03 Validation loss 6.15146e-03 Time taken: 0.08 seconds 
Epoch: 92/200 Train accuracy: 7.20892e-01 Validation accuracy: 7.15000e-01 Training loss 5.81927e-03 Validation loss 6.13515e-03 Time taken: 0.08 seconds 
Epoch: 93/200 Train accuracy: 7.21248e-01 Validation accuracy: 7.14667e-01 Training loss 5.82227e-03 Validation loss 6.15596e-03 Time taken: 0.08 seconds 
Epoch: 94/200 Train accuracy: 7.22887e-01 Validation accuracy: 7.13667e-01 Training loss 5.81768e-03 Validation loss 6.13002e-03 Time taken: 0.10 seconds 
Epoch: 95/200 Train accuracy: 7.22959e-01 Validation accuracy: 7.14000e-01 Training loss 5.81068e-03 Validation loss 6.12567e-03 Time taken: 0.10 seconds 
Epoch: 96/200 Train accuracy: 7.22887e-01 Validation accuracy: 7.18000e-01 Training loss 5.80674e-03 Validation loss 6.13944e-03 Time taken: 0.08 seconds 
Epoch: 97/200 Train accuracy: 7.23244e-01 Validation accuracy: 7.14000e-01 Training loss 5.80881e-03 Validation loss 6.13505e-03 Time taken: 0.08 seconds 
Epoch: 98/200 Train accuracy: 7.24099e-01 Validation accuracy: 7.11667e-01 Training loss 5.80871e-03 Validation loss 6.13704e-03 Time taken: 0.08 seconds 
Epoch: 99/200 Train accuracy: 7.24954e-01 Validation accuracy: 7.12000e-01 Training loss 5.80391e-03 Validation loss 6.13026e-03 Time taken: 0.08 seconds 
Epoch: 100/200 Train accuracy: 7.21248e-01 Validation accuracy: 7.16667e-01 Training loss 5.79471e-03 Validation loss 6.12437e-03 Time taken: 0.08 seconds 
Epoch: 101/200 Train accuracy: 7.20536e-01 Validation accuracy: 7.12333e-01 Training loss 5.81362e-03 Validation loss 6.14407e-03 Time taken: 0.08 seconds 
Epoch: 102/200 Train accuracy: 7.23671e-01 Validation accuracy: 7.16333e-01 Training loss 5.79585e-03 Validation loss 6.12161e-03 Time taken: 0.08 seconds 
Epoch: 103/200 Train accuracy: 7.21818e-01 Validation accuracy: 7.16000e-01 Training loss 5.80321e-03 Validation loss 6.12693e-03 Time taken: 0.08 seconds 
Epoch: 104/200 Train accuracy: 7.25666e-01 Validation accuracy: 7.14000e-01 Training loss 5.79539e-03 Validation loss 6.11980e-03 Time taken: 0.08 seconds 
Epoch: 105/200 Train accuracy: 7.23600e-01 Validation accuracy: 7.18000e-01 Training loss 5.78745e-03 Validation loss 6.09974e-03 Time taken: 0.08 seconds 
Epoch: 106/200 Train accuracy: 7.21106e-01 Validation accuracy: 7.14000e-01 Training loss 5.78978e-03 Validation loss 6.15473e-03 Time taken: 0.08 seconds 
Epoch: 107/200 Train accuracy: 7.23600e-01 Validation accuracy: 7.15333e-01 Training loss 5.79462e-03 Validation loss 6.09871e-03 Time taken: 0.08 seconds 
Epoch: 108/200 Train accuracy: 7.24455e-01 Validation accuracy: 7.13667e-01 Training loss 5.77956e-03 Validation loss 6.11259e-03 Time taken: 0.08 seconds 
Epoch: 109/200 Train accuracy: 7.25666e-01 Validation accuracy: 7.15333e-01 Training loss 5.77843e-03 Validation loss 6.10250e-03 Time taken: 0.08 seconds 
Epoch: 110/200 Train accuracy: 7.23742e-01 Validation accuracy: 7.15667e-01 Training loss 5.79252e-03 Validation loss 6.10794e-03 Time taken: 0.08 seconds 
Epoch: 111/200 Train accuracy: 7.24669e-01 Validation accuracy: 7.14333e-01 Training loss 5.77710e-03 Validation loss 6.10011e-03 Time taken: 0.08 seconds 
Epoch: 112/200 Train accuracy: 7.24384e-01 Validation accuracy: 7.16667e-01 Training loss 5.78030e-03 Validation loss 6.10013e-03 Time taken: 0.08 seconds 
Epoch: 113/200 Train accuracy: 7.23885e-01 Validation accuracy: 7.15333e-01 Training loss 5.77858e-03 Validation loss 6.09929e-03 Time taken: 0.08 seconds 
Epoch: 114/200 Train accuracy: 7.25809e-01 Validation accuracy: 7.12667e-01 Training loss 5.77745e-03 Validation loss 6.10001e-03 Time taken: 0.10 seconds 
Epoch: 115/200 Train accuracy: 7.26949e-01 Validation accuracy: 7.17333e-01 Training loss 5.77397e-03 Validation loss 6.11955e-03 Time taken: 0.08 seconds 
Epoch: 116/200 Train accuracy: 7.24312e-01 Validation accuracy: 7.17333e-01 Training loss 5.76789e-03 Validation loss 6.10042e-03 Time taken: 0.08 seconds 
Epoch: 117/200 Train accuracy: 7.24312e-01 Validation accuracy: 7.16333e-01 Training loss 5.76541e-03 Validation loss 6.14059e-03 Time taken: 0.08 seconds 
Epoch: 118/200 Train accuracy: 7.23172e-01 Validation accuracy: 7.15000e-01 Training loss 5.77487e-03 Validation loss 6.10569e-03 Time taken: 0.08 seconds 
Epoch: 119/200 Train accuracy: 7.24384e-01 Validation accuracy: 7.16000e-01 Training loss 5.76899e-03 Validation loss 6.10117e-03 Time taken: 0.08 seconds 
Epoch: 120/200 Train accuracy: 7.25666e-01 Validation accuracy: 7.18000e-01 Training loss 5.76052e-03 Validation loss 6.08701e-03 Time taken: 0.08 seconds 
Epoch: 121/200 Train accuracy: 7.23885e-01 Validation accuracy: 7.17667e-01 Training loss 5.76967e-03 Validation loss 6.09401e-03 Time taken: 0.08 seconds 
Epoch: 122/200 Train accuracy: 7.24455e-01 Validation accuracy: 7.14000e-01 Training loss 5.75700e-03 Validation loss 6.09346e-03 Time taken: 0.10 seconds 
Epoch: 123/200 Train accuracy: 7.26236e-01 Validation accuracy: 7.12000e-01 Training loss 5.76586e-03 Validation loss 6.08130e-03 Time taken: 0.08 seconds 
Epoch: 124/200 Train accuracy: 7.25452e-01 Validation accuracy: 7.19333e-01 Training loss 5.75698e-03 Validation loss 6.07806e-03 Time taken: 0.08 seconds 
Epoch: 125/200 Train accuracy: 7.26308e-01 Validation accuracy: 7.16000e-01 Training loss 5.75249e-03 Validation loss 6.09236e-03 Time taken: 0.08 seconds 
Epoch: 126/200 Train accuracy: 7.24740e-01 Validation accuracy: 7.14333e-01 Training loss 5.75838e-03 Validation loss 6.10367e-03 Time taken: 0.08 seconds 
Epoch: 127/200 Train accuracy: 7.23956e-01 Validation accuracy: 7.21000e-01 Training loss 5.75646e-03 Validation loss 6.12382e-03 Time taken: 0.08 seconds 
Epoch: 128/200 Train accuracy: 7.25167e-01 Validation accuracy: 7.16000e-01 Training loss 5.75871e-03 Validation loss 6.08449e-03 Time taken: 0.08 seconds 
Epoch: 129/200 Train accuracy: 7.23172e-01 Validation accuracy: 7.13000e-01 Training loss 5.75623e-03 Validation loss 6.11612e-03 Time taken: 0.08 seconds 
Epoch: 130/200 Train accuracy: 7.25809e-01 Validation accuracy: 7.16333e-01 Training loss 5.75230e-03 Validation loss 6.09218e-03 Time taken: 0.08 seconds 
Epoch: 131/200 Train accuracy: 7.25595e-01 Validation accuracy: 7.18667e-01 Training loss 5.74535e-03 Validation loss 6.07381e-03 Time taken: 0.08 seconds 
Epoch: 132/200 Train accuracy: 7.25951e-01 Validation accuracy: 7.17667e-01 Training loss 5.75000e-03 Validation loss 6.07137e-03 Time taken: 0.08 seconds 
Epoch: 133/200 Train accuracy: 7.26023e-01 Validation accuracy: 7.16667e-01 Training loss 5.74446e-03 Validation loss 6.08449e-03 Time taken: 0.08 seconds 
Epoch: 134/200 Train accuracy: 7.24882e-01 Validation accuracy: 7.19667e-01 Training loss 5.74307e-03 Validation loss 6.13059e-03 Time taken: 0.08 seconds 
Epoch: 135/200 Train accuracy: 7.27163e-01 Validation accuracy: 7.16333e-01 Training loss 5.74979e-03 Validation loss 6.08662e-03 Time taken: 0.08 seconds 
Epoch: 136/200 Train accuracy: 7.25452e-01 Validation accuracy: 7.15667e-01 Training loss 5.76301e-03 Validation loss 6.09473e-03 Time taken: 0.08 seconds 
Epoch: 137/200 Train accuracy: 7.25951e-01 Validation accuracy: 7.14000e-01 Training loss 5.74214e-03 Validation loss 6.07967e-03 Time taken: 0.08 seconds 
Epoch: 138/200 Train accuracy: 7.25096e-01 Validation accuracy: 7.20667e-01 Training loss 5.73874e-03 Validation loss 6.12530e-03 Time taken: 0.08 seconds 
Epoch: 139/200 Train accuracy: 7.25951e-01 Validation accuracy: 7.17667e-01 Training loss 5.73954e-03 Validation loss 6.06227e-03 Time taken: 0.08 seconds 
Epoch: 140/200 Train accuracy: 7.26664e-01 Validation accuracy: 7.17333e-01 Training loss 5.73665e-03 Validation loss 6.07458e-03 Time taken: 0.10 seconds 
Epoch: 141/200 Train accuracy: 7.25737e-01 Validation accuracy: 7.14667e-01 Training loss 5.74590e-03 Validation loss 6.06398e-03 Time taken: 0.08 seconds 
Epoch: 142/200 Train accuracy: 7.26450e-01 Validation accuracy: 7.16667e-01 Training loss 5.74214e-03 Validation loss 6.09739e-03 Time taken: 0.08 seconds 
Epoch: 143/200 Train accuracy: 7.25167e-01 Validation accuracy: 7.18000e-01 Training loss 5.73100e-03 Validation loss 6.11092e-03 Time taken: 0.08 seconds 
Epoch: 144/200 Train accuracy: 7.25524e-01 Validation accuracy: 7.21333e-01 Training loss 5.72823e-03 Validation loss 6.05522e-03 Time taken: 0.08 seconds 
Epoch: 145/200 Train accuracy: 7.26806e-01 Validation accuracy: 7.16333e-01 Training loss 5.73050e-03 Validation loss 6.06857e-03 Time taken: 0.08 seconds 
Epoch: 146/200 Train accuracy: 7.26878e-01 Validation accuracy: 7.18000e-01 Training loss 5.72726e-03 Validation loss 6.05935e-03 Time taken: 0.08 seconds 
Epoch: 147/200 Train accuracy: 7.26806e-01 Validation accuracy: 7.17333e-01 Training loss 5.72727e-03 Validation loss 6.07938e-03 Time taken: 0.08 seconds 
Epoch: 148/200 Train accuracy: 7.26308e-01 Validation accuracy: 7.14333e-01 Training loss 5.72086e-03 Validation loss 6.09000e-03 Time taken: 0.08 seconds 
Epoch: 149/200 Train accuracy: 7.27020e-01 Validation accuracy: 7.18000e-01 Training loss 5.72215e-03 Validation loss 6.05161e-03 Time taken: 0.08 seconds 
Epoch: 150/200 Train accuracy: 7.25737e-01 Validation accuracy: 7.15333e-01 Training loss 5.72613e-03 Validation loss 6.07068e-03 Time taken: 0.08 seconds 
Epoch: 151/200 Train accuracy: 7.25167e-01 Validation accuracy: 7.23333e-01 Training loss 5.72444e-03 Validation loss 6.07252e-03 Time taken: 0.08 seconds 
Epoch: 152/200 Train accuracy: 7.26094e-01 Validation accuracy: 7.15667e-01 Training loss 5.72688e-03 Validation loss 6.10239e-03 Time taken: 0.08 seconds 
Epoch: 153/200 Train accuracy: 7.26593e-01 Validation accuracy: 7.18333e-01 Training loss 5.72194e-03 Validation loss 6.07074e-03 Time taken: 0.08 seconds 
Epoch: 154/200 Train accuracy: 7.26949e-01 Validation accuracy: 7.18667e-01 Training loss 5.72012e-03 Validation loss 6.04958e-03 Time taken: 0.08 seconds 
Epoch: 155/200 Train accuracy: 7.27305e-01 Validation accuracy: 7.17667e-01 Training loss 5.71817e-03 Validation loss 6.06115e-03 Time taken: 0.08 seconds 
Epoch: 156/200 Train accuracy: 7.26735e-01 Validation accuracy: 7.18333e-01 Training loss 5.71658e-03 Validation loss 6.04848e-03 Time taken: 0.08 seconds 
Epoch: 157/200 Train accuracy: 7.28588e-01 Validation accuracy: 7.16667e-01 Training loss 5.71330e-03 Validation loss 6.04841e-03 Time taken: 0.08 seconds 
Epoch: 158/200 Train accuracy: 7.27448e-01 Validation accuracy: 7.17667e-01 Training loss 5.71165e-03 Validation loss 6.08380e-03 Time taken: 0.08 seconds 
Epoch: 159/200 Train accuracy: 7.24669e-01 Validation accuracy: 7.17333e-01 Training loss 5.72040e-03 Validation loss 6.05210e-03 Time taken: 0.08 seconds 
Epoch: 160/200 Train accuracy: 7.27305e-01 Validation accuracy: 7.18000e-01 Training loss 5.71780e-03 Validation loss 6.04747e-03 Time taken: 0.08 seconds 
Epoch: 161/200 Train accuracy: 7.26878e-01 Validation accuracy: 7.15667e-01 Training loss 5.71611e-03 Validation loss 6.04387e-03 Time taken: 0.08 seconds 
Epoch: 162/200 Train accuracy: 7.26878e-01 Validation accuracy: 7.18000e-01 Training loss 5.70992e-03 Validation loss 6.05009e-03 Time taken: 0.08 seconds 
Epoch: 163/200 Train accuracy: 7.26094e-01 Validation accuracy: 7.18667e-01 Training loss 5.71830e-03 Validation loss 6.03794e-03 Time taken: 0.08 seconds 
Epoch: 164/200 Train accuracy: 7.26236e-01 Validation accuracy: 7.19667e-01 Training loss 5.70636e-03 Validation loss 6.03695e-03 Time taken: 0.08 seconds 
Epoch: 165/200 Train accuracy: 7.27519e-01 Validation accuracy: 7.17333e-01 Training loss 5.71023e-03 Validation loss 6.05734e-03 Time taken: 0.09 seconds 
Epoch: 166/200 Train accuracy: 7.27376e-01 Validation accuracy: 7.21667e-01 Training loss 5.70317e-03 Validation loss 6.04209e-03 Time taken: 0.09 seconds 
Epoch: 167/200 Train accuracy: 7.27661e-01 Validation accuracy: 7.19667e-01 Training loss 5.71192e-03 Validation loss 6.04371e-03 Time taken: 0.08 seconds 
Epoch: 168/200 Train accuracy: 7.28374e-01 Validation accuracy: 7.21000e-01 Training loss 5.70234e-03 Validation loss 6.03399e-03 Time taken: 0.08 seconds 
Epoch: 169/200 Train accuracy: 7.26735e-01 Validation accuracy: 7.19333e-01 Training loss 5.70654e-03 Validation loss 6.08191e-03 Time taken: 0.08 seconds 
Epoch: 170/200 Train accuracy: 7.29087e-01 Validation accuracy: 7.21667e-01 Training loss 5.69666e-03 Validation loss 6.06189e-03 Time taken: 0.08 seconds 
Epoch: 171/200 Train accuracy: 7.27519e-01 Validation accuracy: 7.18000e-01 Training loss 5.69721e-03 Validation loss 6.05804e-03 Time taken: 0.08 seconds 
Epoch: 172/200 Train accuracy: 7.27091e-01 Validation accuracy: 7.19000e-01 Training loss 5.69765e-03 Validation loss 6.03505e-03 Time taken: 0.08 seconds 
Epoch: 173/200 Train accuracy: 7.29728e-01 Validation accuracy: 7.18333e-01 Training loss 5.70065e-03 Validation loss 6.06564e-03 Time taken: 0.08 seconds 
Epoch: 174/200 Train accuracy: 7.28659e-01 Validation accuracy: 7.17333e-01 Training loss 5.70080e-03 Validation loss 6.05376e-03 Time taken: 0.08 seconds 
Epoch: 175/200 Train accuracy: 7.27163e-01 Validation accuracy: 7.19667e-01 Training loss 5.70218e-03 Validation loss 6.03360e-03 Time taken: 0.08 seconds 
Epoch: 176/200 Train accuracy: 7.27590e-01 Validation accuracy: 7.16667e-01 Training loss 5.69433e-03 Validation loss 6.06119e-03 Time taken: 0.08 seconds 
Epoch: 177/200 Train accuracy: 7.28160e-01 Validation accuracy: 7.18667e-01 Training loss 5.69573e-03 Validation loss 6.04335e-03 Time taken: 0.08 seconds 
Epoch: 178/200 Train accuracy: 7.28516e-01 Validation accuracy: 7.20333e-01 Training loss 5.69290e-03 Validation loss 6.03925e-03 Time taken: 0.08 seconds 
Epoch: 179/200 Train accuracy: 7.27590e-01 Validation accuracy: 7.20000e-01 Training loss 5.69679e-03 Validation loss 6.03480e-03 Time taken: 0.08 seconds 
Epoch: 180/200 Train accuracy: 7.27020e-01 Validation accuracy: 7.19333e-01 Training loss 5.69990e-03 Validation loss 6.04630e-03 Time taken: 0.08 seconds 
Epoch: 181/200 Train accuracy: 7.29158e-01 Validation accuracy: 7.19333e-01 Training loss 5.68396e-03 Validation loss 6.04012e-03 Time taken: 0.08 seconds 
Epoch: 182/200 Train accuracy: 7.29443e-01 Validation accuracy: 7.19333e-01 Training loss 5.68922e-03 Validation loss 6.03715e-03 Time taken: 0.08 seconds 
Epoch: 183/200 Train accuracy: 7.25951e-01 Validation accuracy: 7.17000e-01 Training loss 5.69357e-03 Validation loss 6.02394e-03 Time taken: 0.08 seconds 
Epoch: 184/200 Train accuracy: 7.26735e-01 Validation accuracy: 7.19000e-01 Training loss 5.70044e-03 Validation loss 6.03534e-03 Time taken: 0.08 seconds 
Epoch: 185/200 Train accuracy: 7.28231e-01 Validation accuracy: 7.21333e-01 Training loss 5.68676e-03 Validation loss 6.03327e-03 Time taken: 0.08 seconds 
Epoch: 186/200 Train accuracy: 7.30868e-01 Validation accuracy: 7.17667e-01 Training loss 5.67784e-03 Validation loss 6.04286e-03 Time taken: 0.08 seconds 
Epoch: 187/200 Train accuracy: 7.29372e-01 Validation accuracy: 7.19333e-01 Training loss 5.68519e-03 Validation loss 6.04061e-03 Time taken: 0.08 seconds 
Epoch: 188/200 Train accuracy: 7.28873e-01 Validation accuracy: 7.20000e-01 Training loss 5.68472e-03 Validation loss 6.05257e-03 Time taken: 0.08 seconds 
Epoch: 189/200 Train accuracy: 7.29585e-01 Validation accuracy: 7.19333e-01 Training loss 5.68088e-03 Validation loss 6.03055e-03 Time taken: 0.08 seconds 
Epoch: 190/200 Train accuracy: 7.29229e-01 Validation accuracy: 7.20000e-01 Training loss 5.68075e-03 Validation loss 6.03043e-03 Time taken: 0.08 seconds 
Epoch: 191/200 Train accuracy: 7.32150e-01 Validation accuracy: 7.22333e-01 Training loss 5.67634e-03 Validation loss 6.02395e-03 Time taken: 0.09 seconds 
Epoch: 192/200 Train accuracy: 7.28160e-01 Validation accuracy: 7.19000e-01 Training loss 5.67896e-03 Validation loss 6.03302e-03 Time taken: 0.09 seconds 
Epoch: 193/200 Train accuracy: 7.29799e-01 Validation accuracy: 7.20000e-01 Training loss 5.68639e-03 Validation loss 6.02677e-03 Time taken: 0.08 seconds 
Epoch: 194/200 Train accuracy: 7.28374e-01 Validation accuracy: 7.21000e-01 Training loss 5.68007e-03 Validation loss 6.01788e-03 Time taken: 0.08 seconds 
Epoch: 195/200 Train accuracy: 7.29870e-01 Validation accuracy: 7.21333e-01 Training loss 5.67615e-03 Validation loss 6.02973e-03 Time taken: 0.08 seconds 
Epoch: 196/200 Train accuracy: 7.28516e-01 Validation accuracy: 7.20667e-01 Training loss 5.67727e-03 Validation loss 6.03347e-03 Time taken: 0.08 seconds 
Epoch: 197/200 Train accuracy: 7.29087e-01 Validation accuracy: 7.18333e-01 Training loss 5.67470e-03 Validation loss 6.03206e-03 Time taken: 0.08 seconds 
Epoch: 198/200 Train accuracy: 7.30155e-01 Validation accuracy: 7.22000e-01 Training loss 5.67722e-03 Validation loss 6.01368e-03 Time taken: 0.08 seconds 
Epoch: 199/200 Train accuracy: 7.29728e-01 Validation accuracy: 7.19333e-01 Training loss 5.68036e-03 Validation loss 6.02762e-03 Time taken: 0.08 seconds 
Epoch: 200/200 Train accuracy: 7.28730e-01 Validation accuracy: 7.19000e-01 Training loss 5.66903e-03 Validation loss 6.02421e-03 Time taken: 0.08 seconds 
Total time taken 0:00:16.513083
Cleaning up intermediate feature (.pt) files
Done


working on file logs_PKT_chunks_different_seeds/iic-train-l2-seed3-pred12/jepa-iic-ep300.pth.tar ...
Directory logs_PKT_chunks_different_seeds/iic-train-l2-seed3-pred12/classifiers for saving the classifiers is now present
VisionTransformer(
  (patch_embed): PatchEmbed(
    (proj): Conv2d(3, 768, kernel_size=(15, 15), stride=(15, 15))
  )
  (blocks): ModuleList(
    (0-11): 12 x Block(
      (norm1): LayerNorm((768,), eps=1e-06, elementwise_affine=True)
      (attn): Attention(
        (qkv): Linear(in_features=768, out_features=2304, bias=True)
        (attn_drop): Dropout(p=0.0, inplace=False)
        (proj): Linear(in_features=768, out_features=768, bias=True)
        (proj_drop): Dropout(p=0.0, inplace=False)
      )
      (drop_path): Identity()
      (norm2): LayerNorm((768,), eps=1e-06, elementwise_affine=True)
      (mlp): MLP(
        (fc1): Linear(in_features=768, out_features=3072, bias=True)
        (act): GELU(approximate='none')
        (fc2): Linear(in_features=3072, out_features=768, bias=True)
        (drop): Dropout(p=0.0, inplace=False)
      )
    )
  )
  (norm): LayerNorm((768,), eps=1e-06, elementwise_affine=True)
)
Extracting features and saving them in memory..
Extracting features...
Time taken to extract features: 25.66474174684845
Epoch: 1/200 Train accuracy: 4.25253e-01 Validation accuracy: 5.74333e-01 Training loss 1.17443e-02 Validation loss 9.37389e-03 Time taken: 0.09 seconds 
Epoch: 2/200 Train accuracy: 6.31538e-01 Validation accuracy: 6.48667e-01 Training loss 8.19184e-03 Validation loss 7.94850e-03 Time taken: 0.08 seconds 
Epoch: 3/200 Train accuracy: 6.66239e-01 Validation accuracy: 6.70333e-01 Training loss 7.32083e-03 Validation loss 7.40905e-03 Time taken: 0.08 seconds 
Epoch: 4/200 Train accuracy: 6.81345e-01 Validation accuracy: 6.77667e-01 Training loss 6.90052e-03 Validation loss 7.14481e-03 Time taken: 0.08 seconds 
Epoch: 5/200 Train accuracy: 6.89326e-01 Validation accuracy: 6.83000e-01 Training loss 6.66223e-03 Validation loss 6.90881e-03 Time taken: 0.08 seconds 
Epoch: 6/200 Train accuracy: 6.94813e-01 Validation accuracy: 6.84333e-01 Training loss 6.48092e-03 Validation loss 6.73261e-03 Time taken: 0.09 seconds 
Epoch: 7/200 Train accuracy: 6.99302e-01 Validation accuracy: 6.95333e-01 Training loss 6.35272e-03 Validation loss 6.69723e-03 Time taken: 0.08 seconds 
Epoch: 8/200 Train accuracy: 7.02152e-01 Validation accuracy: 7.01000e-01 Training loss 6.23795e-03 Validation loss 6.51482e-03 Time taken: 0.08 seconds 
Epoch: 9/200 Train accuracy: 7.06142e-01 Validation accuracy: 7.08000e-01 Training loss 6.15066e-03 Validation loss 6.43672e-03 Time taken: 0.08 seconds 
Epoch: 10/200 Train accuracy: 7.10346e-01 Validation accuracy: 7.11333e-01 Training loss 6.07950e-03 Validation loss 6.37807e-03 Time taken: 0.08 seconds 
Epoch: 11/200 Train accuracy: 7.13909e-01 Validation accuracy: 7.13000e-01 Training loss 6.01118e-03 Validation loss 6.30218e-03 Time taken: 0.08 seconds 
Epoch: 12/200 Train accuracy: 7.16973e-01 Validation accuracy: 7.17000e-01 Training loss 5.95987e-03 Validation loss 6.25004e-03 Time taken: 0.08 seconds 
Epoch: 13/200 Train accuracy: 7.16118e-01 Validation accuracy: 7.17000e-01 Training loss 5.90918e-03 Validation loss 6.21442e-03 Time taken: 0.08 seconds 
Epoch: 14/200 Train accuracy: 7.21391e-01 Validation accuracy: 7.18000e-01 Training loss 5.86724e-03 Validation loss 6.17513e-03 Time taken: 0.08 seconds 
Epoch: 15/200 Train accuracy: 7.18897e-01 Validation accuracy: 7.14333e-01 Training loss 5.84887e-03 Validation loss 6.12931e-03 Time taken: 0.08 seconds 
Epoch: 16/200 Train accuracy: 7.23956e-01 Validation accuracy: 7.22000e-01 Training loss 5.78794e-03 Validation loss 6.08821e-03 Time taken: 0.08 seconds 
Epoch: 17/200 Train accuracy: 7.24954e-01 Validation accuracy: 7.20667e-01 Training loss 5.76072e-03 Validation loss 6.07347e-03 Time taken: 0.08 seconds 
Epoch: 18/200 Train accuracy: 7.25452e-01 Validation accuracy: 7.20000e-01 Training loss 5.73179e-03 Validation loss 6.03912e-03 Time taken: 0.08 seconds 
Epoch: 19/200 Train accuracy: 7.25880e-01 Validation accuracy: 7.28000e-01 Training loss 5.71416e-03 Validation loss 6.00619e-03 Time taken: 0.08 seconds 
Epoch: 20/200 Train accuracy: 7.27305e-01 Validation accuracy: 7.29333e-01 Training loss 5.68962e-03 Validation loss 5.99058e-03 Time taken: 0.08 seconds 
Epoch: 21/200 Train accuracy: 7.28873e-01 Validation accuracy: 7.25667e-01 Training loss 5.67034e-03 Validation loss 6.00630e-03 Time taken: 0.08 seconds 
Epoch: 22/200 Train accuracy: 7.30369e-01 Validation accuracy: 7.24000e-01 Training loss 5.64669e-03 Validation loss 5.95250e-03 Time taken: 0.08 seconds 
Epoch: 23/200 Train accuracy: 7.30084e-01 Validation accuracy: 7.26667e-01 Training loss 5.63613e-03 Validation loss 5.96914e-03 Time taken: 0.08 seconds 
Epoch: 24/200 Train accuracy: 7.34146e-01 Validation accuracy: 7.28333e-01 Training loss 5.61071e-03 Validation loss 5.90958e-03 Time taken: 0.08 seconds 
Epoch: 25/200 Train accuracy: 7.33077e-01 Validation accuracy: 7.26333e-01 Training loss 5.59776e-03 Validation loss 5.90850e-03 Time taken: 0.08 seconds 
Epoch: 26/200 Train accuracy: 7.29728e-01 Validation accuracy: 7.33667e-01 Training loss 5.59598e-03 Validation loss 5.90773e-03 Time taken: 0.08 seconds 
Epoch: 27/200 Train accuracy: 7.33291e-01 Validation accuracy: 7.31667e-01 Training loss 5.57746e-03 Validation loss 5.89072e-03 Time taken: 0.08 seconds 
Epoch: 28/200 Train accuracy: 7.34146e-01 Validation accuracy: 7.33000e-01 Training loss 5.55323e-03 Validation loss 5.86912e-03 Time taken: 0.08 seconds 
Epoch: 29/200 Train accuracy: 7.36497e-01 Validation accuracy: 7.34667e-01 Training loss 5.54338e-03 Validation loss 5.88100e-03 Time taken: 0.08 seconds 
Epoch: 30/200 Train accuracy: 7.36355e-01 Validation accuracy: 7.35333e-01 Training loss 5.53982e-03 Validation loss 5.86589e-03 Time taken: 0.08 seconds 
Epoch: 31/200 Train accuracy: 7.35500e-01 Validation accuracy: 7.25333e-01 Training loss 5.53399e-03 Validation loss 5.84356e-03 Time taken: 0.08 seconds 
Epoch: 32/200 Train accuracy: 7.38991e-01 Validation accuracy: 7.30000e-01 Training loss 5.51967e-03 Validation loss 5.84493e-03 Time taken: 0.08 seconds 
Epoch: 33/200 Train accuracy: 7.39205e-01 Validation accuracy: 7.34333e-01 Training loss 5.51251e-03 Validation loss 5.86392e-03 Time taken: 0.08 seconds 
Epoch: 34/200 Train accuracy: 7.38492e-01 Validation accuracy: 7.36667e-01 Training loss 5.49772e-03 Validation loss 5.83556e-03 Time taken: 0.08 seconds 
Epoch: 35/200 Train accuracy: 7.38991e-01 Validation accuracy: 7.33667e-01 Training loss 5.48553e-03 Validation loss 5.82888e-03 Time taken: 0.08 seconds 
Epoch: 36/200 Train accuracy: 7.38350e-01 Validation accuracy: 7.34333e-01 Training loss 5.48466e-03 Validation loss 5.79492e-03 Time taken: 0.08 seconds 
Epoch: 37/200 Train accuracy: 7.41485e-01 Validation accuracy: 7.35000e-01 Training loss 5.48507e-03 Validation loss 5.83542e-03 Time taken: 0.08 seconds 
Epoch: 38/200 Train accuracy: 7.41912e-01 Validation accuracy: 7.32000e-01 Training loss 5.46426e-03 Validation loss 5.80910e-03 Time taken: 0.08 seconds 
Epoch: 39/200 Train accuracy: 7.38492e-01 Validation accuracy: 7.34667e-01 Training loss 5.46372e-03 Validation loss 5.78434e-03 Time taken: 0.08 seconds 
Epoch: 40/200 Train accuracy: 7.39134e-01 Validation accuracy: 7.38333e-01 Training loss 5.45152e-03 Validation loss 5.79554e-03 Time taken: 0.08 seconds 
Epoch: 41/200 Train accuracy: 7.40131e-01 Validation accuracy: 7.32333e-01 Training loss 5.45718e-03 Validation loss 5.79162e-03 Time taken: 0.08 seconds 
Epoch: 42/200 Train accuracy: 7.40844e-01 Validation accuracy: 7.36667e-01 Training loss 5.45783e-03 Validation loss 5.76013e-03 Time taken: 0.08 seconds 
Epoch: 43/200 Train accuracy: 7.41984e-01 Validation accuracy: 7.39667e-01 Training loss 5.42987e-03 Validation loss 5.77799e-03 Time taken: 0.08 seconds 
Epoch: 44/200 Train accuracy: 7.42625e-01 Validation accuracy: 7.39000e-01 Training loss 5.42560e-03 Validation loss 5.77226e-03 Time taken: 0.08 seconds 
Epoch: 45/200 Train accuracy: 7.41627e-01 Validation accuracy: 7.41667e-01 Training loss 5.42243e-03 Validation loss 5.80423e-03 Time taken: 0.08 seconds 
Epoch: 46/200 Train accuracy: 7.41271e-01 Validation accuracy: 7.37667e-01 Training loss 5.41716e-03 Validation loss 5.75848e-03 Time taken: 0.08 seconds 
Epoch: 47/200 Train accuracy: 7.42981e-01 Validation accuracy: 7.38333e-01 Training loss 5.40574e-03 Validation loss 5.73745e-03 Time taken: 0.08 seconds 
Epoch: 48/200 Train accuracy: 7.41984e-01 Validation accuracy: 7.37333e-01 Training loss 5.40023e-03 Validation loss 5.74324e-03 Time taken: 0.08 seconds 
Epoch: 49/200 Train accuracy: 7.45974e-01 Validation accuracy: 7.36667e-01 Training loss 5.39943e-03 Validation loss 5.78729e-03 Time taken: 0.08 seconds 
Epoch: 50/200 Train accuracy: 7.42981e-01 Validation accuracy: 7.38333e-01 Training loss 5.39417e-03 Validation loss 5.75480e-03 Time taken: 0.08 seconds 
Epoch: 51/200 Train accuracy: 7.45475e-01 Validation accuracy: 7.41667e-01 Training loss 5.39965e-03 Validation loss 5.80479e-03 Time taken: 0.08 seconds 
Epoch: 52/200 Train accuracy: 7.44406e-01 Validation accuracy: 7.42333e-01 Training loss 5.38999e-03 Validation loss 5.71232e-03 Time taken: 0.08 seconds 
Epoch: 53/200 Train accuracy: 7.44905e-01 Validation accuracy: 7.42000e-01 Training loss 5.37532e-03 Validation loss 5.71596e-03 Time taken: 0.08 seconds 
Epoch: 54/200 Train accuracy: 7.42269e-01 Validation accuracy: 7.43333e-01 Training loss 5.38501e-03 Validation loss 5.72035e-03 Time taken: 0.08 seconds 
Epoch: 55/200 Train accuracy: 7.46900e-01 Validation accuracy: 7.39667e-01 Training loss 5.36810e-03 Validation loss 5.70461e-03 Time taken: 0.08 seconds 
Epoch: 56/200 Train accuracy: 7.45404e-01 Validation accuracy: 7.40000e-01 Training loss 5.36717e-03 Validation loss 5.73016e-03 Time taken: 0.08 seconds 
Epoch: 57/200 Train accuracy: 7.44264e-01 Validation accuracy: 7.37000e-01 Training loss 5.37177e-03 Validation loss 5.70896e-03 Time taken: 0.08 seconds 
Epoch: 58/200 Train accuracy: 7.47898e-01 Validation accuracy: 7.39667e-01 Training loss 5.35266e-03 Validation loss 5.70370e-03 Time taken: 0.08 seconds 
Epoch: 59/200 Train accuracy: 7.45618e-01 Validation accuracy: 7.40000e-01 Training loss 5.36302e-03 Validation loss 5.70445e-03 Time taken: 0.08 seconds 
Epoch: 60/200 Train accuracy: 7.47542e-01 Validation accuracy: 7.33000e-01 Training loss 5.34954e-03 Validation loss 5.70682e-03 Time taken: 0.08 seconds 
Epoch: 61/200 Train accuracy: 7.47328e-01 Validation accuracy: 7.42667e-01 Training loss 5.35944e-03 Validation loss 5.68258e-03 Time taken: 0.08 seconds 
Epoch: 62/200 Train accuracy: 7.46829e-01 Validation accuracy: 7.44333e-01 Training loss 5.35171e-03 Validation loss 5.70263e-03 Time taken: 0.08 seconds 
Epoch: 63/200 Train accuracy: 7.46758e-01 Validation accuracy: 7.39000e-01 Training loss 5.34019e-03 Validation loss 5.67961e-03 Time taken: 0.08 seconds 
Epoch: 64/200 Train accuracy: 7.48183e-01 Validation accuracy: 7.40667e-01 Training loss 5.33605e-03 Validation loss 5.69797e-03 Time taken: 0.08 seconds 
Epoch: 65/200 Train accuracy: 7.45547e-01 Validation accuracy: 7.43000e-01 Training loss 5.34209e-03 Validation loss 5.67535e-03 Time taken: 0.10 seconds 
Epoch: 66/200 Train accuracy: 7.48183e-01 Validation accuracy: 7.39333e-01 Training loss 5.32726e-03 Validation loss 5.66234e-03 Time taken: 0.08 seconds 
Epoch: 67/200 Train accuracy: 7.48753e-01 Validation accuracy: 7.39667e-01 Training loss 5.33327e-03 Validation loss 5.69593e-03 Time taken: 0.08 seconds 
Epoch: 68/200 Train accuracy: 7.47328e-01 Validation accuracy: 7.39000e-01 Training loss 5.33420e-03 Validation loss 5.66736e-03 Time taken: 0.08 seconds 
Epoch: 69/200 Train accuracy: 7.48539e-01 Validation accuracy: 7.38000e-01 Training loss 5.32522e-03 Validation loss 5.65486e-03 Time taken: 0.08 seconds 
Epoch: 70/200 Train accuracy: 7.48040e-01 Validation accuracy: 7.44000e-01 Training loss 5.32309e-03 Validation loss 5.70810e-03 Time taken: 0.08 seconds 
Epoch: 71/200 Train accuracy: 7.49537e-01 Validation accuracy: 7.42000e-01 Training loss 5.32328e-03 Validation loss 5.70048e-03 Time taken: 0.08 seconds 
Epoch: 72/200 Train accuracy: 7.47328e-01 Validation accuracy: 7.44333e-01 Training loss 5.33748e-03 Validation loss 5.68171e-03 Time taken: 0.08 seconds 
Epoch: 73/200 Train accuracy: 7.48040e-01 Validation accuracy: 7.41000e-01 Training loss 5.30730e-03 Validation loss 5.69213e-03 Time taken: 0.08 seconds 
Epoch: 74/200 Train accuracy: 7.49181e-01 Validation accuracy: 7.44333e-01 Training loss 5.30634e-03 Validation loss 5.66953e-03 Time taken: 0.08 seconds 
Epoch: 75/200 Train accuracy: 7.49751e-01 Validation accuracy: 7.44000e-01 Training loss 5.31527e-03 Validation loss 5.71783e-03 Time taken: 0.08 seconds 
Epoch: 76/200 Train accuracy: 7.51247e-01 Validation accuracy: 7.43000e-01 Training loss 5.30440e-03 Validation loss 5.66917e-03 Time taken: 0.08 seconds 
Epoch: 77/200 Train accuracy: 7.49537e-01 Validation accuracy: 7.47333e-01 Training loss 5.30929e-03 Validation loss 5.68002e-03 Time taken: 0.08 seconds 
Epoch: 78/200 Train accuracy: 7.48967e-01 Validation accuracy: 7.39667e-01 Training loss 5.31395e-03 Validation loss 5.64598e-03 Time taken: 0.08 seconds 
Epoch: 79/200 Train accuracy: 7.51746e-01 Validation accuracy: 7.41667e-01 Training loss 5.30167e-03 Validation loss 5.64312e-03 Time taken: 0.08 seconds 
Epoch: 80/200 Train accuracy: 7.50463e-01 Validation accuracy: 7.40000e-01 Training loss 5.29844e-03 Validation loss 5.66839e-03 Time taken: 0.08 seconds 
Epoch: 81/200 Train accuracy: 7.52458e-01 Validation accuracy: 7.42333e-01 Training loss 5.29052e-03 Validation loss 5.66483e-03 Time taken: 0.08 seconds 
Epoch: 82/200 Train accuracy: 7.52316e-01 Validation accuracy: 7.43000e-01 Training loss 5.28498e-03 Validation loss 5.65662e-03 Time taken: 0.08 seconds 
Epoch: 83/200 Train accuracy: 7.51675e-01 Validation accuracy: 7.43000e-01 Training loss 5.28892e-03 Validation loss 5.63154e-03 Time taken: 0.08 seconds 
Epoch: 84/200 Train accuracy: 7.52173e-01 Validation accuracy: 7.41333e-01 Training loss 5.28723e-03 Validation loss 5.62940e-03 Time taken: 0.08 seconds 
Epoch: 85/200 Train accuracy: 7.53883e-01 Validation accuracy: 7.36333e-01 Training loss 5.27643e-03 Validation loss 5.65876e-03 Time taken: 0.08 seconds 
Epoch: 86/200 Train accuracy: 7.50962e-01 Validation accuracy: 7.39000e-01 Training loss 5.29254e-03 Validation loss 5.62578e-03 Time taken: 0.08 seconds 
Epoch: 87/200 Train accuracy: 7.50677e-01 Validation accuracy: 7.38667e-01 Training loss 5.28051e-03 Validation loss 5.65509e-03 Time taken: 0.08 seconds 
Epoch: 88/200 Train accuracy: 7.52957e-01 Validation accuracy: 7.43000e-01 Training loss 5.27644e-03 Validation loss 5.63114e-03 Time taken: 0.08 seconds 
Epoch: 89/200 Train accuracy: 7.50392e-01 Validation accuracy: 7.44333e-01 Training loss 5.27820e-03 Validation loss 5.63343e-03 Time taken: 0.08 seconds 
Epoch: 90/200 Train accuracy: 7.52173e-01 Validation accuracy: 7.45333e-01 Training loss 5.27514e-03 Validation loss 5.62618e-03 Time taken: 0.08 seconds 
Epoch: 91/200 Train accuracy: 7.52601e-01 Validation accuracy: 7.42667e-01 Training loss 5.26381e-03 Validation loss 5.61733e-03 Time taken: 0.10 seconds 
Epoch: 92/200 Train accuracy: 7.51960e-01 Validation accuracy: 7.45333e-01 Training loss 5.26610e-03 Validation loss 5.62224e-03 Time taken: 0.08 seconds 
Epoch: 93/200 Train accuracy: 7.51603e-01 Validation accuracy: 7.44000e-01 Training loss 5.26261e-03 Validation loss 5.63341e-03 Time taken: 0.08 seconds 
Epoch: 94/200 Train accuracy: 7.52102e-01 Validation accuracy: 7.43333e-01 Training loss 5.26362e-03 Validation loss 5.65773e-03 Time taken: 0.08 seconds 
Epoch: 95/200 Train accuracy: 7.51960e-01 Validation accuracy: 7.39000e-01 Training loss 5.26031e-03 Validation loss 5.67666e-03 Time taken: 0.08 seconds 
Epoch: 96/200 Train accuracy: 7.51532e-01 Validation accuracy: 7.44667e-01 Training loss 5.27153e-03 Validation loss 5.62303e-03 Time taken: 0.08 seconds 
Epoch: 97/200 Train accuracy: 7.51675e-01 Validation accuracy: 7.46333e-01 Training loss 5.25991e-03 Validation loss 5.61002e-03 Time taken: 0.08 seconds 
Epoch: 98/200 Train accuracy: 7.51960e-01 Validation accuracy: 7.41667e-01 Training loss 5.25263e-03 Validation loss 5.60421e-03 Time taken: 0.08 seconds 
Epoch: 99/200 Train accuracy: 7.54311e-01 Validation accuracy: 7.39667e-01 Training loss 5.25060e-03 Validation loss 5.60298e-03 Time taken: 0.08 seconds 
Epoch: 100/200 Train accuracy: 7.53385e-01 Validation accuracy: 7.41667e-01 Training loss 5.24805e-03 Validation loss 5.61313e-03 Time taken: 0.09 seconds 
Epoch: 101/200 Train accuracy: 7.52957e-01 Validation accuracy: 7.43000e-01 Training loss 5.24966e-03 Validation loss 5.59486e-03 Time taken: 0.09 seconds 
Epoch: 102/200 Train accuracy: 7.52530e-01 Validation accuracy: 7.40333e-01 Training loss 5.24777e-03 Validation loss 5.61567e-03 Time taken: 0.08 seconds 
Epoch: 103/200 Train accuracy: 7.54667e-01 Validation accuracy: 7.43000e-01 Training loss 5.23957e-03 Validation loss 5.60069e-03 Time taken: 0.08 seconds 
Epoch: 104/200 Train accuracy: 7.55024e-01 Validation accuracy: 7.44333e-01 Training loss 5.24197e-03 Validation loss 5.59397e-03 Time taken: 0.08 seconds 
Epoch: 105/200 Train accuracy: 7.53242e-01 Validation accuracy: 7.43667e-01 Training loss 5.24662e-03 Validation loss 5.60371e-03 Time taken: 0.08 seconds 
Epoch: 106/200 Train accuracy: 7.53171e-01 Validation accuracy: 7.40333e-01 Training loss 5.23745e-03 Validation loss 5.62510e-03 Time taken: 0.08 seconds 
Epoch: 107/200 Train accuracy: 7.54525e-01 Validation accuracy: 7.45333e-01 Training loss 5.23696e-03 Validation loss 5.68501e-03 Time taken: 0.08 seconds 
Epoch: 108/200 Train accuracy: 7.51532e-01 Validation accuracy: 7.44000e-01 Training loss 5.24376e-03 Validation loss 5.62072e-03 Time taken: 0.08 seconds 
Epoch: 109/200 Train accuracy: 7.55166e-01 Validation accuracy: 7.47333e-01 Training loss 5.23120e-03 Validation loss 5.59351e-03 Time taken: 0.08 seconds 
Epoch: 110/200 Train accuracy: 7.54240e-01 Validation accuracy: 7.44667e-01 Training loss 5.23640e-03 Validation loss 5.60450e-03 Time taken: 0.08 seconds 
Epoch: 111/200 Train accuracy: 7.54382e-01 Validation accuracy: 7.48333e-01 Training loss 5.23307e-03 Validation loss 5.61953e-03 Time taken: 0.08 seconds 
Epoch: 112/200 Train accuracy: 7.54738e-01 Validation accuracy: 7.49000e-01 Training loss 5.22397e-03 Validation loss 5.60208e-03 Time taken: 0.08 seconds 
Epoch: 113/200 Train accuracy: 7.53100e-01 Validation accuracy: 7.43667e-01 Training loss 5.23086e-03 Validation loss 5.60804e-03 Time taken: 0.08 seconds 
Epoch: 114/200 Train accuracy: 7.53955e-01 Validation accuracy: 7.44667e-01 Training loss 5.22993e-03 Validation loss 5.58936e-03 Time taken: 0.08 seconds 
Epoch: 115/200 Train accuracy: 7.54311e-01 Validation accuracy: 7.43333e-01 Training loss 5.22545e-03 Validation loss 5.58547e-03 Time taken: 0.08 seconds 
Epoch: 116/200 Train accuracy: 7.55237e-01 Validation accuracy: 7.41333e-01 Training loss 5.22280e-03 Validation loss 5.58582e-03 Time taken: 0.10 seconds 
Epoch: 117/200 Train accuracy: 7.53456e-01 Validation accuracy: 7.48667e-01 Training loss 5.22554e-03 Validation loss 5.60675e-03 Time taken: 0.08 seconds 
Epoch: 118/200 Train accuracy: 7.54453e-01 Validation accuracy: 7.41000e-01 Training loss 5.22028e-03 Validation loss 5.57605e-03 Time taken: 0.08 seconds 
Epoch: 119/200 Train accuracy: 7.55309e-01 Validation accuracy: 7.38000e-01 Training loss 5.21214e-03 Validation loss 5.59090e-03 Time taken: 0.08 seconds 
Epoch: 120/200 Train accuracy: 7.55166e-01 Validation accuracy: 7.48667e-01 Training loss 5.22315e-03 Validation loss 5.59895e-03 Time taken: 0.08 seconds 
Epoch: 121/200 Train accuracy: 7.56164e-01 Validation accuracy: 7.46667e-01 Training loss 5.22441e-03 Validation loss 5.59284e-03 Time taken: 0.08 seconds 
Epoch: 122/200 Train accuracy: 7.55451e-01 Validation accuracy: 7.46000e-01 Training loss 5.21920e-03 Validation loss 5.59456e-03 Time taken: 0.08 seconds 
Epoch: 123/200 Train accuracy: 7.56734e-01 Validation accuracy: 7.47667e-01 Training loss 5.21200e-03 Validation loss 5.58088e-03 Time taken: 0.08 seconds 
Epoch: 124/200 Train accuracy: 7.56021e-01 Validation accuracy: 7.48667e-01 Training loss 5.22019e-03 Validation loss 5.61202e-03 Time taken: 0.08 seconds 
Epoch: 125/200 Train accuracy: 7.54525e-01 Validation accuracy: 7.44000e-01 Training loss 5.20953e-03 Validation loss 5.57310e-03 Time taken: 0.08 seconds 
Epoch: 126/200 Train accuracy: 7.56021e-01 Validation accuracy: 7.45000e-01 Training loss 5.20482e-03 Validation loss 5.57859e-03 Time taken: 0.08 seconds 
Epoch: 127/200 Train accuracy: 7.55451e-01 Validation accuracy: 7.46000e-01 Training loss 5.21681e-03 Validation loss 5.57079e-03 Time taken: 0.08 seconds 
Epoch: 128/200 Train accuracy: 7.57161e-01 Validation accuracy: 7.44667e-01 Training loss 5.20384e-03 Validation loss 5.56909e-03 Time taken: 0.08 seconds 
Epoch: 129/200 Train accuracy: 7.55095e-01 Validation accuracy: 7.41667e-01 Training loss 5.20916e-03 Validation loss 5.56005e-03 Time taken: 0.08 seconds 
Epoch: 130/200 Train accuracy: 7.56377e-01 Validation accuracy: 7.52667e-01 Training loss 5.20839e-03 Validation loss 5.59648e-03 Time taken: 0.08 seconds 
Epoch: 131/200 Train accuracy: 7.57090e-01 Validation accuracy: 7.48333e-01 Training loss 5.19561e-03 Validation loss 5.57941e-03 Time taken: 0.08 seconds 
Epoch: 132/200 Train accuracy: 7.55879e-01 Validation accuracy: 7.45000e-01 Training loss 5.20138e-03 Validation loss 5.59042e-03 Time taken: 0.08 seconds 
Epoch: 133/200 Train accuracy: 7.57019e-01 Validation accuracy: 7.46667e-01 Training loss 5.20405e-03 Validation loss 5.57361e-03 Time taken: 0.08 seconds 
Epoch: 134/200 Train accuracy: 7.56235e-01 Validation accuracy: 7.48000e-01 Training loss 5.19619e-03 Validation loss 5.57397e-03 Time taken: 0.08 seconds 
Epoch: 135/200 Train accuracy: 7.56164e-01 Validation accuracy: 7.48333e-01 Training loss 5.19770e-03 Validation loss 5.58039e-03 Time taken: 0.08 seconds 
Epoch: 136/200 Train accuracy: 7.56662e-01 Validation accuracy: 7.45667e-01 Training loss 5.19667e-03 Validation loss 5.56496e-03 Time taken: 0.08 seconds 
Epoch: 137/200 Train accuracy: 7.56662e-01 Validation accuracy: 7.45667e-01 Training loss 5.18450e-03 Validation loss 5.57383e-03 Time taken: 0.08 seconds 
Epoch: 138/200 Train accuracy: 7.56520e-01 Validation accuracy: 7.49000e-01 Training loss 5.19519e-03 Validation loss 5.57678e-03 Time taken: 0.08 seconds 
Epoch: 139/200 Train accuracy: 7.57874e-01 Validation accuracy: 7.40667e-01 Training loss 5.19606e-03 Validation loss 5.57337e-03 Time taken: 0.08 seconds 
Epoch: 140/200 Train accuracy: 7.54810e-01 Validation accuracy: 7.45333e-01 Training loss 5.18669e-03 Validation loss 5.56823e-03 Time taken: 0.08 seconds 
Epoch: 141/200 Train accuracy: 7.55522e-01 Validation accuracy: 7.46000e-01 Training loss 5.18820e-03 Validation loss 5.55458e-03 Time taken: 0.08 seconds 
Epoch: 142/200 Train accuracy: 7.57304e-01 Validation accuracy: 7.45000e-01 Training loss 5.18372e-03 Validation loss 5.55101e-03 Time taken: 0.10 seconds 
Epoch: 143/200 Train accuracy: 7.58871e-01 Validation accuracy: 7.45000e-01 Training loss 5.19140e-03 Validation loss 5.55287e-03 Time taken: 0.08 seconds 
Epoch: 144/200 Train accuracy: 7.53812e-01 Validation accuracy: 7.45000e-01 Training loss 5.19306e-03 Validation loss 5.54610e-03 Time taken: 0.08 seconds 
Epoch: 145/200 Train accuracy: 7.59156e-01 Validation accuracy: 7.47333e-01 Training loss 5.19085e-03 Validation loss 5.59036e-03 Time taken: 0.08 seconds 
Epoch: 146/200 Train accuracy: 7.57731e-01 Validation accuracy: 7.45000e-01 Training loss 5.18461e-03 Validation loss 5.54907e-03 Time taken: 0.08 seconds 
Epoch: 147/200 Train accuracy: 7.56021e-01 Validation accuracy: 7.47000e-01 Training loss 5.18424e-03 Validation loss 5.58240e-03 Time taken: 0.08 seconds 
Epoch: 148/200 Train accuracy: 7.57802e-01 Validation accuracy: 7.44333e-01 Training loss 5.17697e-03 Validation loss 5.56761e-03 Time taken: 0.08 seconds 
Epoch: 149/200 Train accuracy: 7.53670e-01 Validation accuracy: 7.48000e-01 Training loss 5.19043e-03 Validation loss 5.55271e-03 Time taken: 0.09 seconds 
Epoch: 150/200 Train accuracy: 7.58729e-01 Validation accuracy: 7.48000e-01 Training loss 5.17972e-03 Validation loss 5.57731e-03 Time taken: 0.08 seconds 
Epoch: 151/200 Train accuracy: 7.59798e-01 Validation accuracy: 7.47000e-01 Training loss 5.17179e-03 Validation loss 5.55647e-03 Time taken: 0.08 seconds 
Epoch: 152/200 Train accuracy: 7.56021e-01 Validation accuracy: 7.47000e-01 Training loss 5.17257e-03 Validation loss 5.54167e-03 Time taken: 0.08 seconds 
Epoch: 153/200 Train accuracy: 7.58800e-01 Validation accuracy: 7.46333e-01 Training loss 5.18470e-03 Validation loss 5.54551e-03 Time taken: 0.08 seconds 
Epoch: 154/200 Train accuracy: 7.56449e-01 Validation accuracy: 7.45667e-01 Training loss 5.17475e-03 Validation loss 5.53483e-03 Time taken: 0.08 seconds 
Epoch: 155/200 Train accuracy: 7.56092e-01 Validation accuracy: 7.46333e-01 Training loss 5.17524e-03 Validation loss 5.53704e-03 Time taken: 0.08 seconds 
Epoch: 156/200 Train accuracy: 7.56734e-01 Validation accuracy: 7.46667e-01 Training loss 5.17440e-03 Validation loss 5.53277e-03 Time taken: 0.08 seconds 
Epoch: 157/200 Train accuracy: 7.58586e-01 Validation accuracy: 7.52000e-01 Training loss 5.16726e-03 Validation loss 5.54259e-03 Time taken: 0.09 seconds 
Epoch: 158/200 Train accuracy: 7.57090e-01 Validation accuracy: 7.48667e-01 Training loss 5.16546e-03 Validation loss 5.55876e-03 Time taken: 0.09 seconds 
Epoch: 159/200 Train accuracy: 7.57945e-01 Validation accuracy: 7.52000e-01 Training loss 5.15774e-03 Validation loss 5.60049e-03 Time taken: 0.08 seconds 
Epoch: 160/200 Train accuracy: 7.56021e-01 Validation accuracy: 7.48333e-01 Training loss 5.16784e-03 Validation loss 5.56551e-03 Time taken: 0.08 seconds 
Epoch: 161/200 Train accuracy: 7.56734e-01 Validation accuracy: 7.48333e-01 Training loss 5.16585e-03 Validation loss 5.54099e-03 Time taken: 0.08 seconds 
Epoch: 162/200 Train accuracy: 7.59085e-01 Validation accuracy: 7.48333e-01 Training loss 5.17216e-03 Validation loss 5.53637e-03 Time taken: 0.08 seconds 
Epoch: 163/200 Train accuracy: 7.59299e-01 Validation accuracy: 7.46667e-01 Training loss 5.16421e-03 Validation loss 5.53348e-03 Time taken: 0.08 seconds 
Epoch: 164/200 Train accuracy: 7.56591e-01 Validation accuracy: 7.46000e-01 Training loss 5.15891e-03 Validation loss 5.52781e-03 Time taken: 0.08 seconds 
Epoch: 165/200 Train accuracy: 7.56734e-01 Validation accuracy: 7.44667e-01 Training loss 5.16534e-03 Validation loss 5.53011e-03 Time taken: 0.08 seconds 
Epoch: 166/200 Train accuracy: 7.59798e-01 Validation accuracy: 7.45667e-01 Training loss 5.16835e-03 Validation loss 5.55558e-03 Time taken: 0.08 seconds 
Epoch: 167/200 Train accuracy: 7.58658e-01 Validation accuracy: 7.48667e-01 Training loss 5.15643e-03 Validation loss 5.54482e-03 Time taken: 0.08 seconds 
Epoch: 168/200 Train accuracy: 7.57945e-01 Validation accuracy: 7.42000e-01 Training loss 5.15764e-03 Validation loss 5.53967e-03 Time taken: 0.11 seconds 
Epoch: 169/200 Train accuracy: 7.58230e-01 Validation accuracy: 7.48000e-01 Training loss 5.15718e-03 Validation loss 5.52921e-03 Time taken: 0.08 seconds 
Epoch: 170/200 Train accuracy: 7.56164e-01 Validation accuracy: 7.45667e-01 Training loss 5.15438e-03 Validation loss 5.52852e-03 Time taken: 0.08 seconds 
Epoch: 171/200 Train accuracy: 7.60439e-01 Validation accuracy: 7.46667e-01 Training loss 5.14986e-03 Validation loss 5.52030e-03 Time taken: 0.08 seconds 
Epoch: 172/200 Train accuracy: 7.60011e-01 Validation accuracy: 7.46000e-01 Training loss 5.15321e-03 Validation loss 5.52325e-03 Time taken: 0.08 seconds 
Epoch: 173/200 Train accuracy: 7.58016e-01 Validation accuracy: 7.44000e-01 Training loss 5.15662e-03 Validation loss 5.52464e-03 Time taken: 0.08 seconds 
Epoch: 174/200 Train accuracy: 7.59156e-01 Validation accuracy: 7.44000e-01 Training loss 5.15016e-03 Validation loss 5.52578e-03 Time taken: 0.08 seconds 
Epoch: 175/200 Train accuracy: 7.59085e-01 Validation accuracy: 7.46667e-01 Training loss 5.15267e-03 Validation loss 5.56189e-03 Time taken: 0.08 seconds 
Epoch: 176/200 Train accuracy: 7.58871e-01 Validation accuracy: 7.50000e-01 Training loss 5.15305e-03 Validation loss 5.52499e-03 Time taken: 0.08 seconds 
Epoch: 177/200 Train accuracy: 7.59228e-01 Validation accuracy: 7.54000e-01 Training loss 5.14891e-03 Validation loss 5.52699e-03 Time taken: 0.08 seconds 
Epoch: 178/200 Train accuracy: 7.57731e-01 Validation accuracy: 7.49333e-01 Training loss 5.14964e-03 Validation loss 5.53901e-03 Time taken: 0.08 seconds 
Epoch: 179/200 Train accuracy: 7.59299e-01 Validation accuracy: 7.48000e-01 Training loss 5.14887e-03 Validation loss 5.51703e-03 Time taken: 0.08 seconds 
Epoch: 180/200 Train accuracy: 7.58159e-01 Validation accuracy: 7.45667e-01 Training loss 5.15784e-03 Validation loss 5.56016e-03 Time taken: 0.08 seconds 
Epoch: 181/200 Train accuracy: 7.59228e-01 Validation accuracy: 7.47333e-01 Training loss 5.14621e-03 Validation loss 5.54723e-03 Time taken: 0.08 seconds 
Epoch: 182/200 Train accuracy: 7.59441e-01 Validation accuracy: 7.51000e-01 Training loss 5.14304e-03 Validation loss 5.54237e-03 Time taken: 0.16 seconds 
Epoch: 183/200 Train accuracy: 7.58871e-01 Validation accuracy: 7.51000e-01 Training loss 5.14782e-03 Validation loss 5.55212e-03 Time taken: 0.14 seconds 
Epoch: 184/200 Train accuracy: 7.59014e-01 Validation accuracy: 7.47333e-01 Training loss 5.13514e-03 Validation loss 5.55582e-03 Time taken: 0.16 seconds 
Epoch: 185/200 Train accuracy: 7.59156e-01 Validation accuracy: 7.47667e-01 Training loss 5.14683e-03 Validation loss 5.52443e-03 Time taken: 0.16 seconds 
Epoch: 186/200 Train accuracy: 7.60938e-01 Validation accuracy: 7.47333e-01 Training loss 5.13975e-03 Validation loss 5.52109e-03 Time taken: 0.13 seconds 
Epoch: 187/200 Train accuracy: 7.60581e-01 Validation accuracy: 7.48000e-01 Training loss 5.14082e-03 Validation loss 5.51935e-03 Time taken: 0.14 seconds 
Epoch: 188/200 Train accuracy: 7.58800e-01 Validation accuracy: 7.47333e-01 Training loss 5.13799e-03 Validation loss 5.50979e-03 Time taken: 0.12 seconds 
Epoch: 189/200 Train accuracy: 7.57446e-01 Validation accuracy: 7.49667e-01 Training loss 5.14174e-03 Validation loss 5.53287e-03 Time taken: 0.13 seconds 
Epoch: 190/200 Train accuracy: 7.59584e-01 Validation accuracy: 7.47000e-01 Training loss 5.13928e-03 Validation loss 5.50237e-03 Time taken: 0.16 seconds 
Epoch: 191/200 Train accuracy: 7.58301e-01 Validation accuracy: 7.50000e-01 Training loss 5.13667e-03 Validation loss 5.53492e-03 Time taken: 0.16 seconds 
Epoch: 192/200 Train accuracy: 7.59655e-01 Validation accuracy: 7.47000e-01 Training loss 5.14137e-03 Validation loss 5.50430e-03 Time taken: 0.13 seconds 
Epoch: 193/200 Train accuracy: 7.59655e-01 Validation accuracy: 7.45000e-01 Training loss 5.13471e-03 Validation loss 5.51091e-03 Time taken: 0.15 seconds 
Epoch: 194/200 Train accuracy: 7.58800e-01 Validation accuracy: 7.47667e-01 Training loss 5.13801e-03 Validation loss 5.52786e-03 Time taken: 0.16 seconds 
Epoch: 195/200 Train accuracy: 7.59299e-01 Validation accuracy: 7.43667e-01 Training loss 5.13814e-03 Validation loss 5.52654e-03 Time taken: 0.10 seconds 
Epoch: 196/200 Train accuracy: 7.61722e-01 Validation accuracy: 7.50000e-01 Training loss 5.14456e-03 Validation loss 5.58147e-03 Time taken: 0.09 seconds 
Epoch: 197/200 Train accuracy: 7.59726e-01 Validation accuracy: 7.49000e-01 Training loss 5.13137e-03 Validation loss 5.51230e-03 Time taken: 0.09 seconds 
Epoch: 198/200 Train accuracy: 7.58586e-01 Validation accuracy: 7.49667e-01 Training loss 5.13353e-03 Validation loss 5.60971e-03 Time taken: 0.09 seconds 
Epoch: 199/200 Train accuracy: 7.58943e-01 Validation accuracy: 7.52000e-01 Training loss 5.13812e-03 Validation loss 5.52557e-03 Time taken: 0.09 seconds 
Epoch: 200/200 Train accuracy: 7.60011e-01 Validation accuracy: 7.52000e-01 Training loss 5.13346e-03 Validation loss 5.51000e-03 Time taken: 0.09 seconds 
Total time taken 0:00:17.003316
Cleaning up intermediate feature (.pt) files
Done


working on file logs_PKT_chunks_different_seeds/iic-train-l2-seed3-pred12/jepa-iic-ep400.pth.tar ...
Directory logs_PKT_chunks_different_seeds/iic-train-l2-seed3-pred12/classifiers for saving the classifiers is now present
VisionTransformer(
  (patch_embed): PatchEmbed(
    (proj): Conv2d(3, 768, kernel_size=(15, 15), stride=(15, 15))
  )
  (blocks): ModuleList(
    (0-11): 12 x Block(
      (norm1): LayerNorm((768,), eps=1e-06, elementwise_affine=True)
      (attn): Attention(
        (qkv): Linear(in_features=768, out_features=2304, bias=True)
        (attn_drop): Dropout(p=0.0, inplace=False)
        (proj): Linear(in_features=768, out_features=768, bias=True)
        (proj_drop): Dropout(p=0.0, inplace=False)
      )
      (drop_path): Identity()
      (norm2): LayerNorm((768,), eps=1e-06, elementwise_affine=True)
      (mlp): MLP(
        (fc1): Linear(in_features=768, out_features=3072, bias=True)
        (act): GELU(approximate='none')
        (fc2): Linear(in_features=3072, out_features=768, bias=True)
        (drop): Dropout(p=0.0, inplace=False)
      )
    )
  )
  (norm): LayerNorm((768,), eps=1e-06, elementwise_affine=True)
)
Extracting features and saving them in memory..
Extracting features...
Time taken to extract features: 25.341542212991044
Epoch: 1/200 Train accuracy: 4.93872e-01 Validation accuracy: 6.39000e-01 Training loss 1.09698e-02 Validation loss 8.70911e-03 Time taken: 0.10 seconds 
Epoch: 2/200 Train accuracy: 6.83483e-01 Validation accuracy: 6.81667e-01 Training loss 7.59425e-03 Validation loss 7.33013e-03 Time taken: 0.11 seconds 
Epoch: 3/200 Train accuracy: 7.06926e-01 Validation accuracy: 7.08000e-01 Training loss 6.69612e-03 Validation loss 6.74939e-03 Time taken: 0.08 seconds 
Epoch: 4/200 Train accuracy: 7.20180e-01 Validation accuracy: 7.20333e-01 Training loss 6.26191e-03 Validation loss 6.39325e-03 Time taken: 0.08 seconds 
Epoch: 5/200 Train accuracy: 7.28231e-01 Validation accuracy: 7.26000e-01 Training loss 5.98752e-03 Validation loss 6.15386e-03 Time taken: 0.08 seconds 
Epoch: 6/200 Train accuracy: 7.35500e-01 Validation accuracy: 7.36333e-01 Training loss 5.79588e-03 Validation loss 5.99138e-03 Time taken: 0.08 seconds 
Epoch: 7/200 Train accuracy: 7.40202e-01 Validation accuracy: 7.46333e-01 Training loss 5.65793e-03 Validation loss 5.87917e-03 Time taken: 0.08 seconds 
Epoch: 8/200 Train accuracy: 7.44335e-01 Validation accuracy: 7.45000e-01 Training loss 5.55041e-03 Validation loss 5.77636e-03 Time taken: 0.10 seconds 
Epoch: 9/200 Train accuracy: 7.46900e-01 Validation accuracy: 7.49000e-01 Training loss 5.46977e-03 Validation loss 5.71333e-03 Time taken: 0.08 seconds 
Epoch: 10/200 Train accuracy: 7.48539e-01 Validation accuracy: 7.49667e-01 Training loss 5.39036e-03 Validation loss 5.63082e-03 Time taken: 0.08 seconds 
Epoch: 11/200 Train accuracy: 7.51033e-01 Validation accuracy: 7.47000e-01 Training loss 5.32971e-03 Validation loss 5.62128e-03 Time taken: 0.08 seconds 
Epoch: 12/200 Train accuracy: 7.53670e-01 Validation accuracy: 7.58667e-01 Training loss 5.29222e-03 Validation loss 5.52958e-03 Time taken: 0.08 seconds 
Epoch: 13/200 Train accuracy: 7.55380e-01 Validation accuracy: 7.55333e-01 Training loss 5.25276e-03 Validation loss 5.49583e-03 Time taken: 0.08 seconds 
Epoch: 14/200 Train accuracy: 7.57019e-01 Validation accuracy: 7.59000e-01 Training loss 5.20890e-03 Validation loss 5.47085e-03 Time taken: 0.08 seconds 
Epoch: 15/200 Train accuracy: 7.59156e-01 Validation accuracy: 7.62333e-01 Training loss 5.17128e-03 Validation loss 5.41663e-03 Time taken: 0.08 seconds 
Epoch: 16/200 Train accuracy: 7.61151e-01 Validation accuracy: 7.63000e-01 Training loss 5.14070e-03 Validation loss 5.39187e-03 Time taken: 0.08 seconds 
Epoch: 17/200 Train accuracy: 7.62577e-01 Validation accuracy: 7.54000e-01 Training loss 5.11657e-03 Validation loss 5.37148e-03 Time taken: 0.08 seconds 
Epoch: 18/200 Train accuracy: 7.62719e-01 Validation accuracy: 7.59333e-01 Training loss 5.09092e-03 Validation loss 5.34586e-03 Time taken: 0.08 seconds 
Epoch: 19/200 Train accuracy: 7.62078e-01 Validation accuracy: 7.59333e-01 Training loss 5.07145e-03 Validation loss 5.31647e-03 Time taken: 0.08 seconds 
Epoch: 20/200 Train accuracy: 7.64073e-01 Validation accuracy: 7.55000e-01 Training loss 5.05587e-03 Validation loss 5.34311e-03 Time taken: 0.08 seconds 
Epoch: 21/200 Train accuracy: 7.65498e-01 Validation accuracy: 7.62333e-01 Training loss 5.03442e-03 Validation loss 5.32354e-03 Time taken: 0.08 seconds 
Epoch: 22/200 Train accuracy: 7.65712e-01 Validation accuracy: 7.57000e-01 Training loss 5.02345e-03 Validation loss 5.30054e-03 Time taken: 0.08 seconds 
Epoch: 23/200 Train accuracy: 7.63859e-01 Validation accuracy: 7.59667e-01 Training loss 5.01193e-03 Validation loss 5.25043e-03 Time taken: 0.08 seconds 
Epoch: 24/200 Train accuracy: 7.65712e-01 Validation accuracy: 7.60667e-01 Training loss 4.98966e-03 Validation loss 5.23769e-03 Time taken: 0.08 seconds 
Epoch: 25/200 Train accuracy: 7.68847e-01 Validation accuracy: 7.63333e-01 Training loss 4.97841e-03 Validation loss 5.25173e-03 Time taken: 0.08 seconds 
Epoch: 26/200 Train accuracy: 7.67066e-01 Validation accuracy: 7.62333e-01 Training loss 4.95965e-03 Validation loss 5.23214e-03 Time taken: 0.08 seconds 
Epoch: 27/200 Train accuracy: 7.69560e-01 Validation accuracy: 7.64667e-01 Training loss 4.94560e-03 Validation loss 5.24814e-03 Time taken: 0.08 seconds 
Epoch: 28/200 Train accuracy: 7.68776e-01 Validation accuracy: 7.60667e-01 Training loss 4.94010e-03 Validation loss 5.22285e-03 Time taken: 0.08 seconds 
Epoch: 29/200 Train accuracy: 7.68705e-01 Validation accuracy: 7.64000e-01 Training loss 4.92260e-03 Validation loss 5.20596e-03 Time taken: 0.08 seconds 
Epoch: 30/200 Train accuracy: 7.70771e-01 Validation accuracy: 7.62000e-01 Training loss 4.91688e-03 Validation loss 5.18580e-03 Time taken: 0.08 seconds 
Epoch: 31/200 Train accuracy: 7.70415e-01 Validation accuracy: 7.61667e-01 Training loss 4.91072e-03 Validation loss 5.20628e-03 Time taken: 0.08 seconds 
Epoch: 32/200 Train accuracy: 7.69845e-01 Validation accuracy: 7.66333e-01 Training loss 4.90497e-03 Validation loss 5.18239e-03 Time taken: 0.09 seconds 
Epoch: 33/200 Train accuracy: 7.71127e-01 Validation accuracy: 7.69333e-01 Training loss 4.88573e-03 Validation loss 5.16853e-03 Time taken: 0.10 seconds 
Epoch: 34/200 Train accuracy: 7.71127e-01 Validation accuracy: 7.67000e-01 Training loss 4.87524e-03 Validation loss 5.17785e-03 Time taken: 0.11 seconds 
Epoch: 35/200 Train accuracy: 7.72054e-01 Validation accuracy: 7.63667e-01 Training loss 4.86520e-03 Validation loss 5.19380e-03 Time taken: 0.08 seconds 
Epoch: 36/200 Train accuracy: 7.71270e-01 Validation accuracy: 7.66667e-01 Training loss 4.86874e-03 Validation loss 5.13913e-03 Time taken: 0.08 seconds 
Epoch: 37/200 Train accuracy: 7.73265e-01 Validation accuracy: 7.65333e-01 Training loss 4.86386e-03 Validation loss 5.12374e-03 Time taken: 0.08 seconds 
Epoch: 38/200 Train accuracy: 7.71769e-01 Validation accuracy: 7.67333e-01 Training loss 4.84635e-03 Validation loss 5.13262e-03 Time taken: 0.08 seconds 
Epoch: 39/200 Train accuracy: 7.73906e-01 Validation accuracy: 7.68667e-01 Training loss 4.83474e-03 Validation loss 5.10799e-03 Time taken: 0.08 seconds 
Epoch: 40/200 Train accuracy: 7.73122e-01 Validation accuracy: 7.70333e-01 Training loss 4.83430e-03 Validation loss 5.09986e-03 Time taken: 0.08 seconds 
Epoch: 41/200 Train accuracy: 7.72766e-01 Validation accuracy: 7.68333e-01 Training loss 4.82811e-03 Validation loss 5.09623e-03 Time taken: 0.08 seconds 
Epoch: 42/200 Train accuracy: 7.73621e-01 Validation accuracy: 7.69000e-01 Training loss 4.82018e-03 Validation loss 5.11331e-03 Time taken: 0.08 seconds 
Epoch: 43/200 Train accuracy: 7.74120e-01 Validation accuracy: 7.71667e-01 Training loss 4.81580e-03 Validation loss 5.07801e-03 Time taken: 0.08 seconds 
Epoch: 44/200 Train accuracy: 7.73977e-01 Validation accuracy: 7.69333e-01 Training loss 4.81235e-03 Validation loss 5.10943e-03 Time taken: 0.08 seconds 
Epoch: 45/200 Train accuracy: 7.75118e-01 Validation accuracy: 7.68333e-01 Training loss 4.80484e-03 Validation loss 5.10212e-03 Time taken: 0.08 seconds 
Epoch: 46/200 Train accuracy: 7.74476e-01 Validation accuracy: 7.68667e-01 Training loss 4.79877e-03 Validation loss 5.09425e-03 Time taken: 0.08 seconds 
Epoch: 47/200 Train accuracy: 7.75759e-01 Validation accuracy: 7.70667e-01 Training loss 4.78980e-03 Validation loss 5.07786e-03 Time taken: 0.08 seconds 
Epoch: 48/200 Train accuracy: 7.74833e-01 Validation accuracy: 7.69000e-01 Training loss 4.78168e-03 Validation loss 5.06051e-03 Time taken: 0.08 seconds 
Epoch: 49/200 Train accuracy: 7.73692e-01 Validation accuracy: 7.72333e-01 Training loss 4.78933e-03 Validation loss 5.05466e-03 Time taken: 0.08 seconds 
Epoch: 50/200 Train accuracy: 7.76115e-01 Validation accuracy: 7.71000e-01 Training loss 4.76735e-03 Validation loss 5.08244e-03 Time taken: 0.08 seconds 
Epoch: 51/200 Train accuracy: 7.75759e-01 Validation accuracy: 7.70000e-01 Training loss 4.76959e-03 Validation loss 5.05303e-03 Time taken: 0.08 seconds 
Epoch: 52/200 Train accuracy: 7.75688e-01 Validation accuracy: 7.71000e-01 Training loss 4.77524e-03 Validation loss 5.04316e-03 Time taken: 0.08 seconds 
Epoch: 53/200 Train accuracy: 7.76828e-01 Validation accuracy: 7.66333e-01 Training loss 4.75789e-03 Validation loss 5.05034e-03 Time taken: 0.08 seconds 
Epoch: 54/200 Train accuracy: 7.77825e-01 Validation accuracy: 7.71667e-01 Training loss 4.76552e-03 Validation loss 5.05052e-03 Time taken: 0.08 seconds 
Epoch: 55/200 Train accuracy: 7.76471e-01 Validation accuracy: 7.71333e-01 Training loss 4.74488e-03 Validation loss 5.03286e-03 Time taken: 0.08 seconds 
Epoch: 56/200 Train accuracy: 7.77825e-01 Validation accuracy: 7.73333e-01 Training loss 4.74675e-03 Validation loss 5.05045e-03 Time taken: 0.08 seconds 
Epoch: 57/200 Train accuracy: 7.76756e-01 Validation accuracy: 7.70667e-01 Training loss 4.74575e-03 Validation loss 5.03499e-03 Time taken: 0.08 seconds 
Epoch: 58/200 Train accuracy: 7.77897e-01 Validation accuracy: 7.70000e-01 Training loss 4.73980e-03 Validation loss 5.04189e-03 Time taken: 0.08 seconds 
Epoch: 59/200 Train accuracy: 7.76970e-01 Validation accuracy: 7.73000e-01 Training loss 4.73334e-03 Validation loss 5.04637e-03 Time taken: 0.08 seconds 
Epoch: 60/200 Train accuracy: 7.77754e-01 Validation accuracy: 7.70333e-01 Training loss 4.72715e-03 Validation loss 5.03826e-03 Time taken: 0.08 seconds 
Epoch: 61/200 Train accuracy: 7.79108e-01 Validation accuracy: 7.73000e-01 Training loss 4.72269e-03 Validation loss 5.02934e-03 Time taken: 0.08 seconds 
Epoch: 62/200 Train accuracy: 7.78965e-01 Validation accuracy: 7.71000e-01 Training loss 4.72250e-03 Validation loss 5.02002e-03 Time taken: 0.08 seconds 
Epoch: 63/200 Train accuracy: 7.78110e-01 Validation accuracy: 7.70667e-01 Training loss 4.71215e-03 Validation loss 5.01146e-03 Time taken: 0.08 seconds 
Epoch: 64/200 Train accuracy: 7.76970e-01 Validation accuracy: 7.70000e-01 Training loss 4.71627e-03 Validation loss 5.00867e-03 Time taken: 0.08 seconds 
Epoch: 65/200 Train accuracy: 7.77683e-01 Validation accuracy: 7.74000e-01 Training loss 4.70634e-03 Validation loss 4.99056e-03 Time taken: 0.08 seconds 
Epoch: 66/200 Train accuracy: 7.78253e-01 Validation accuracy: 7.72333e-01 Training loss 4.70732e-03 Validation loss 4.99247e-03 Time taken: 0.08 seconds 
Epoch: 67/200 Train accuracy: 7.79535e-01 Validation accuracy: 7.74667e-01 Training loss 4.70103e-03 Validation loss 4.99686e-03 Time taken: 0.08 seconds 
Epoch: 68/200 Train accuracy: 7.78538e-01 Validation accuracy: 7.72333e-01 Training loss 4.69559e-03 Validation loss 4.99461e-03 Time taken: 0.08 seconds 
Epoch: 69/200 Train accuracy: 7.79250e-01 Validation accuracy: 7.76333e-01 Training loss 4.68932e-03 Validation loss 4.98048e-03 Time taken: 0.08 seconds 
Epoch: 70/200 Train accuracy: 7.78039e-01 Validation accuracy: 7.70333e-01 Training loss 4.69671e-03 Validation loss 4.98368e-03 Time taken: 0.08 seconds 
Epoch: 71/200 Train accuracy: 7.79179e-01 Validation accuracy: 7.74667e-01 Training loss 4.69478e-03 Validation loss 4.99600e-03 Time taken: 0.08 seconds 
Epoch: 72/200 Train accuracy: 7.78894e-01 Validation accuracy: 7.78000e-01 Training loss 4.67922e-03 Validation loss 5.02829e-03 Time taken: 0.08 seconds 
Epoch: 73/200 Train accuracy: 7.78324e-01 Validation accuracy: 7.76667e-01 Training loss 4.67976e-03 Validation loss 5.00051e-03 Time taken: 0.08 seconds 
Epoch: 74/200 Train accuracy: 7.80105e-01 Validation accuracy: 7.75333e-01 Training loss 4.67681e-03 Validation loss 4.96841e-03 Time taken: 0.08 seconds 
Epoch: 75/200 Train accuracy: 7.79820e-01 Validation accuracy: 7.73333e-01 Training loss 4.68009e-03 Validation loss 4.99203e-03 Time taken: 0.08 seconds 
Epoch: 76/200 Train accuracy: 7.79678e-01 Validation accuracy: 7.73333e-01 Training loss 4.67499e-03 Validation loss 4.95912e-03 Time taken: 0.08 seconds 
Epoch: 77/200 Train accuracy: 7.80818e-01 Validation accuracy: 7.74667e-01 Training loss 4.66775e-03 Validation loss 4.98784e-03 Time taken: 0.08 seconds 
Epoch: 78/200 Train accuracy: 7.79963e-01 Validation accuracy: 7.77667e-01 Training loss 4.66331e-03 Validation loss 4.96505e-03 Time taken: 0.08 seconds 
Epoch: 79/200 Train accuracy: 7.80533e-01 Validation accuracy: 7.75333e-01 Training loss 4.65739e-03 Validation loss 4.96660e-03 Time taken: 0.08 seconds 
Epoch: 80/200 Train accuracy: 7.80676e-01 Validation accuracy: 7.75333e-01 Training loss 4.65888e-03 Validation loss 4.95638e-03 Time taken: 0.08 seconds 
Epoch: 81/200 Train accuracy: 7.79963e-01 Validation accuracy: 7.74000e-01 Training loss 4.66026e-03 Validation loss 4.98606e-03 Time taken: 0.08 seconds 
Epoch: 82/200 Train accuracy: 7.81388e-01 Validation accuracy: 7.72333e-01 Training loss 4.65695e-03 Validation loss 4.96504e-03 Time taken: 0.08 seconds 
Epoch: 83/200 Train accuracy: 7.79607e-01 Validation accuracy: 7.76000e-01 Training loss 4.65897e-03 Validation loss 4.95364e-03 Time taken: 0.10 seconds 
Epoch: 84/200 Train accuracy: 7.81388e-01 Validation accuracy: 7.73667e-01 Training loss 4.64444e-03 Validation loss 4.93899e-03 Time taken: 0.08 seconds 
Epoch: 85/200 Train accuracy: 7.80889e-01 Validation accuracy: 7.76333e-01 Training loss 4.64671e-03 Validation loss 4.95774e-03 Time taken: 0.08 seconds 
Epoch: 86/200 Train accuracy: 7.81174e-01 Validation accuracy: 7.75667e-01 Training loss 4.64357e-03 Validation loss 4.94624e-03 Time taken: 0.08 seconds 
Epoch: 87/200 Train accuracy: 7.79892e-01 Validation accuracy: 7.75333e-01 Training loss 4.63996e-03 Validation loss 4.95766e-03 Time taken: 0.08 seconds 
Epoch: 88/200 Train accuracy: 7.80533e-01 Validation accuracy: 7.77000e-01 Training loss 4.63771e-03 Validation loss 4.93196e-03 Time taken: 0.08 seconds 
Epoch: 89/200 Train accuracy: 7.79820e-01 Validation accuracy: 7.77333e-01 Training loss 4.63228e-03 Validation loss 4.92861e-03 Time taken: 0.08 seconds 
Epoch: 90/200 Train accuracy: 7.80604e-01 Validation accuracy: 7.78667e-01 Training loss 4.62910e-03 Validation loss 4.92004e-03 Time taken: 0.08 seconds 
Epoch: 91/200 Train accuracy: 7.81459e-01 Validation accuracy: 7.75667e-01 Training loss 4.62751e-03 Validation loss 4.96098e-03 Time taken: 0.08 seconds 
Epoch: 92/200 Train accuracy: 7.79749e-01 Validation accuracy: 7.75667e-01 Training loss 4.62912e-03 Validation loss 4.92118e-03 Time taken: 0.08 seconds 
Epoch: 93/200 Train accuracy: 7.81816e-01 Validation accuracy: 7.78000e-01 Training loss 4.62207e-03 Validation loss 4.94293e-03 Time taken: 0.08 seconds 
Epoch: 94/200 Train accuracy: 7.81103e-01 Validation accuracy: 7.77333e-01 Training loss 4.62702e-03 Validation loss 4.93314e-03 Time taken: 0.08 seconds 
Epoch: 95/200 Train accuracy: 7.79820e-01 Validation accuracy: 7.75000e-01 Training loss 4.61423e-03 Validation loss 4.92691e-03 Time taken: 0.08 seconds 
Epoch: 96/200 Train accuracy: 7.81246e-01 Validation accuracy: 7.74667e-01 Training loss 4.61785e-03 Validation loss 4.93933e-03 Time taken: 0.08 seconds 
Epoch: 97/200 Train accuracy: 7.82314e-01 Validation accuracy: 7.77333e-01 Training loss 4.61005e-03 Validation loss 4.92980e-03 Time taken: 0.08 seconds 
Epoch: 98/200 Train accuracy: 7.82599e-01 Validation accuracy: 7.80333e-01 Training loss 4.60952e-03 Validation loss 4.95951e-03 Time taken: 0.08 seconds 
Epoch: 99/200 Train accuracy: 7.81958e-01 Validation accuracy: 7.73000e-01 Training loss 4.61625e-03 Validation loss 4.92009e-03 Time taken: 0.08 seconds 
Epoch: 100/200 Train accuracy: 7.81602e-01 Validation accuracy: 7.80000e-01 Training loss 4.60250e-03 Validation loss 4.91981e-03 Time taken: 0.08 seconds 
Epoch: 101/200 Train accuracy: 7.83241e-01 Validation accuracy: 7.77000e-01 Training loss 4.59991e-03 Validation loss 4.91632e-03 Time taken: 0.08 seconds 
Epoch: 102/200 Train accuracy: 7.83454e-01 Validation accuracy: 7.80333e-01 Training loss 4.60259e-03 Validation loss 4.91672e-03 Time taken: 0.08 seconds 
Epoch: 103/200 Train accuracy: 7.82314e-01 Validation accuracy: 7.79000e-01 Training loss 4.59698e-03 Validation loss 4.89567e-03 Time taken: 0.08 seconds 
Epoch: 104/200 Train accuracy: 7.84595e-01 Validation accuracy: 7.75333e-01 Training loss 4.59642e-03 Validation loss 4.90348e-03 Time taken: 0.08 seconds 
Epoch: 105/200 Train accuracy: 7.82029e-01 Validation accuracy: 7.82667e-01 Training loss 4.59731e-03 Validation loss 4.92273e-03 Time taken: 0.08 seconds 
Epoch: 106/200 Train accuracy: 7.83454e-01 Validation accuracy: 7.79667e-01 Training loss 4.59216e-03 Validation loss 4.89830e-03 Time taken: 0.08 seconds 
Epoch: 107/200 Train accuracy: 7.84167e-01 Validation accuracy: 7.78000e-01 Training loss 4.60743e-03 Validation loss 4.94503e-03 Time taken: 0.08 seconds 
Epoch: 108/200 Train accuracy: 7.83668e-01 Validation accuracy: 7.81667e-01 Training loss 4.58653e-03 Validation loss 4.91938e-03 Time taken: 0.08 seconds 
Epoch: 109/200 Train accuracy: 7.84025e-01 Validation accuracy: 7.77000e-01 Training loss 4.59311e-03 Validation loss 4.90270e-03 Time taken: 0.10 seconds 
Epoch: 110/200 Train accuracy: 7.83027e-01 Validation accuracy: 7.79667e-01 Training loss 4.59328e-03 Validation loss 4.90176e-03 Time taken: 0.08 seconds 
Epoch: 111/200 Train accuracy: 7.84025e-01 Validation accuracy: 7.76667e-01 Training loss 4.57966e-03 Validation loss 4.91550e-03 Time taken: 0.08 seconds 
Epoch: 112/200 Train accuracy: 7.83241e-01 Validation accuracy: 7.76333e-01 Training loss 4.58152e-03 Validation loss 4.87967e-03 Time taken: 0.08 seconds 
Epoch: 113/200 Train accuracy: 7.83383e-01 Validation accuracy: 7.79333e-01 Training loss 4.57648e-03 Validation loss 4.89302e-03 Time taken: 0.08 seconds 
Epoch: 114/200 Train accuracy: 7.83027e-01 Validation accuracy: 7.77000e-01 Training loss 4.57663e-03 Validation loss 4.90707e-03 Time taken: 0.08 seconds 
Epoch: 115/200 Train accuracy: 7.84737e-01 Validation accuracy: 7.78000e-01 Training loss 4.58565e-03 Validation loss 4.93360e-03 Time taken: 0.08 seconds 
Epoch: 116/200 Train accuracy: 7.84523e-01 Validation accuracy: 7.80333e-01 Training loss 4.56802e-03 Validation loss 4.92557e-03 Time taken: 0.08 seconds 
Epoch: 117/200 Train accuracy: 7.82671e-01 Validation accuracy: 7.82000e-01 Training loss 4.57392e-03 Validation loss 4.92905e-03 Time taken: 0.08 seconds 
Epoch: 118/200 Train accuracy: 7.84452e-01 Validation accuracy: 7.84000e-01 Training loss 4.56669e-03 Validation loss 4.91176e-03 Time taken: 0.08 seconds 
Epoch: 119/200 Train accuracy: 7.85378e-01 Validation accuracy: 7.82000e-01 Training loss 4.56560e-03 Validation loss 4.87694e-03 Time taken: 0.08 seconds 
Epoch: 120/200 Train accuracy: 7.84880e-01 Validation accuracy: 7.80000e-01 Training loss 4.56507e-03 Validation loss 4.86229e-03 Time taken: 0.08 seconds 
Epoch: 121/200 Train accuracy: 7.83668e-01 Validation accuracy: 7.79333e-01 Training loss 4.56388e-03 Validation loss 4.88086e-03 Time taken: 0.08 seconds 
Epoch: 122/200 Train accuracy: 7.86305e-01 Validation accuracy: 7.78000e-01 Training loss 4.55898e-03 Validation loss 4.89639e-03 Time taken: 0.08 seconds 
Epoch: 123/200 Train accuracy: 7.83312e-01 Validation accuracy: 7.80333e-01 Training loss 4.55292e-03 Validation loss 4.87066e-03 Time taken: 0.08 seconds 
Epoch: 124/200 Train accuracy: 7.85521e-01 Validation accuracy: 7.80000e-01 Training loss 4.55920e-03 Validation loss 4.85847e-03 Time taken: 0.08 seconds 
Epoch: 125/200 Train accuracy: 7.85948e-01 Validation accuracy: 7.84000e-01 Training loss 4.55340e-03 Validation loss 4.88418e-03 Time taken: 0.08 seconds 
Epoch: 126/200 Train accuracy: 7.83597e-01 Validation accuracy: 7.77667e-01 Training loss 4.55982e-03 Validation loss 4.86787e-03 Time taken: 0.08 seconds 
Epoch: 127/200 Train accuracy: 7.85093e-01 Validation accuracy: 7.80667e-01 Training loss 4.55208e-03 Validation loss 4.85736e-03 Time taken: 0.08 seconds 
Epoch: 128/200 Train accuracy: 7.84381e-01 Validation accuracy: 7.79667e-01 Training loss 4.54673e-03 Validation loss 4.86991e-03 Time taken: 0.08 seconds 
Epoch: 129/200 Train accuracy: 7.85307e-01 Validation accuracy: 7.81000e-01 Training loss 4.55099e-03 Validation loss 4.87421e-03 Time taken: 0.08 seconds 
Epoch: 130/200 Train accuracy: 7.85093e-01 Validation accuracy: 7.74667e-01 Training loss 4.54389e-03 Validation loss 4.85619e-03 Time taken: 0.08 seconds 
Epoch: 131/200 Train accuracy: 7.83668e-01 Validation accuracy: 7.82000e-01 Training loss 4.55103e-03 Validation loss 4.85520e-03 Time taken: 0.08 seconds 
Epoch: 132/200 Train accuracy: 7.85165e-01 Validation accuracy: 7.80667e-01 Training loss 4.54408e-03 Validation loss 4.85319e-03 Time taken: 0.08 seconds 
Epoch: 133/200 Train accuracy: 7.84452e-01 Validation accuracy: 7.77667e-01 Training loss 4.54917e-03 Validation loss 4.86053e-03 Time taken: 0.08 seconds 
Epoch: 134/200 Train accuracy: 7.86661e-01 Validation accuracy: 7.77667e-01 Training loss 4.54128e-03 Validation loss 4.86473e-03 Time taken: 0.08 seconds 
Epoch: 135/200 Train accuracy: 7.85450e-01 Validation accuracy: 7.81000e-01 Training loss 4.54252e-03 Validation loss 4.85945e-03 Time taken: 0.08 seconds 
Epoch: 136/200 Train accuracy: 7.84808e-01 Validation accuracy: 7.80000e-01 Training loss 4.54038e-03 Validation loss 4.84818e-03 Time taken: 0.08 seconds 
Epoch: 137/200 Train accuracy: 7.84951e-01 Validation accuracy: 7.84667e-01 Training loss 4.53165e-03 Validation loss 4.86242e-03 Time taken: 0.08 seconds 
Epoch: 138/200 Train accuracy: 7.84951e-01 Validation accuracy: 7.82000e-01 Training loss 4.52983e-03 Validation loss 4.88365e-03 Time taken: 0.08 seconds 
Epoch: 139/200 Train accuracy: 7.85165e-01 Validation accuracy: 7.80667e-01 Training loss 4.53582e-03 Validation loss 4.85176e-03 Time taken: 0.08 seconds 
Epoch: 140/200 Train accuracy: 7.87302e-01 Validation accuracy: 7.81667e-01 Training loss 4.53445e-03 Validation loss 4.89560e-03 Time taken: 0.08 seconds 
Epoch: 141/200 Train accuracy: 7.85307e-01 Validation accuracy: 7.80667e-01 Training loss 4.53477e-03 Validation loss 4.84843e-03 Time taken: 0.08 seconds 
Epoch: 142/200 Train accuracy: 7.84737e-01 Validation accuracy: 7.82000e-01 Training loss 4.52090e-03 Validation loss 4.88244e-03 Time taken: 0.08 seconds 
Epoch: 143/200 Train accuracy: 7.86661e-01 Validation accuracy: 7.83333e-01 Training loss 4.52071e-03 Validation loss 4.83991e-03 Time taken: 0.08 seconds 
Epoch: 144/200 Train accuracy: 7.84238e-01 Validation accuracy: 7.83667e-01 Training loss 4.53053e-03 Validation loss 4.83710e-03 Time taken: 0.08 seconds 
Epoch: 145/200 Train accuracy: 7.85735e-01 Validation accuracy: 7.78667e-01 Training loss 4.52609e-03 Validation loss 4.85249e-03 Time taken: 0.08 seconds 
Epoch: 146/200 Train accuracy: 7.87017e-01 Validation accuracy: 7.77667e-01 Training loss 4.52088e-03 Validation loss 4.83500e-03 Time taken: 0.08 seconds 
Epoch: 147/200 Train accuracy: 7.86518e-01 Validation accuracy: 7.79333e-01 Training loss 4.51465e-03 Validation loss 4.83854e-03 Time taken: 0.08 seconds 
Epoch: 148/200 Train accuracy: 7.86091e-01 Validation accuracy: 7.83000e-01 Training loss 4.51953e-03 Validation loss 4.83631e-03 Time taken: 0.08 seconds 
Epoch: 149/200 Train accuracy: 7.84666e-01 Validation accuracy: 7.79333e-01 Training loss 4.51888e-03 Validation loss 4.84225e-03 Time taken: 0.08 seconds 
Epoch: 150/200 Train accuracy: 7.85450e-01 Validation accuracy: 7.83000e-01 Training loss 4.51652e-03 Validation loss 4.85058e-03 Time taken: 0.08 seconds 
Epoch: 151/200 Train accuracy: 7.85806e-01 Validation accuracy: 7.82000e-01 Training loss 4.50978e-03 Validation loss 4.83787e-03 Time taken: 0.08 seconds 
Epoch: 152/200 Train accuracy: 7.87017e-01 Validation accuracy: 7.82000e-01 Training loss 4.51639e-03 Validation loss 4.82238e-03 Time taken: 0.08 seconds 
Epoch: 153/200 Train accuracy: 7.87160e-01 Validation accuracy: 7.78000e-01 Training loss 4.50397e-03 Validation loss 4.84088e-03 Time taken: 0.08 seconds 
Epoch: 154/200 Train accuracy: 7.88656e-01 Validation accuracy: 7.81667e-01 Training loss 4.50721e-03 Validation loss 4.85342e-03 Time taken: 0.08 seconds 
Epoch: 155/200 Train accuracy: 7.87659e-01 Validation accuracy: 7.83333e-01 Training loss 4.50761e-03 Validation loss 4.82096e-03 Time taken: 0.08 seconds 
Epoch: 156/200 Train accuracy: 7.88371e-01 Validation accuracy: 7.82000e-01 Training loss 4.50849e-03 Validation loss 4.82353e-03 Time taken: 0.08 seconds 
Epoch: 157/200 Train accuracy: 7.87801e-01 Validation accuracy: 7.84333e-01 Training loss 4.50400e-03 Validation loss 4.86244e-03 Time taken: 0.08 seconds 
Epoch: 158/200 Train accuracy: 7.87801e-01 Validation accuracy: 7.78667e-01 Training loss 4.50845e-03 Validation loss 4.81892e-03 Time taken: 0.08 seconds 
Epoch: 159/200 Train accuracy: 7.87944e-01 Validation accuracy: 7.79333e-01 Training loss 4.49948e-03 Validation loss 4.85209e-03 Time taken: 0.08 seconds 
Epoch: 160/200 Train accuracy: 7.86732e-01 Validation accuracy: 7.82667e-01 Training loss 4.50606e-03 Validation loss 4.81925e-03 Time taken: 0.08 seconds 
Epoch: 161/200 Train accuracy: 7.88086e-01 Validation accuracy: 7.85667e-01 Training loss 4.49887e-03 Validation loss 4.85450e-03 Time taken: 0.08 seconds 
Epoch: 162/200 Train accuracy: 7.88086e-01 Validation accuracy: 7.81333e-01 Training loss 4.49663e-03 Validation loss 4.84902e-03 Time taken: 0.08 seconds 
Epoch: 163/200 Train accuracy: 7.86233e-01 Validation accuracy: 7.83667e-01 Training loss 4.50373e-03 Validation loss 4.82981e-03 Time taken: 0.08 seconds 
Epoch: 164/200 Train accuracy: 7.87445e-01 Validation accuracy: 7.81333e-01 Training loss 4.49619e-03 Validation loss 4.80466e-03 Time taken: 0.08 seconds 
Epoch: 165/200 Train accuracy: 7.87587e-01 Validation accuracy: 7.83000e-01 Training loss 4.49455e-03 Validation loss 4.81387e-03 Time taken: 0.08 seconds 
Epoch: 166/200 Train accuracy: 7.87231e-01 Validation accuracy: 7.86000e-01 Training loss 4.49597e-03 Validation loss 4.80994e-03 Time taken: 0.08 seconds 
Epoch: 167/200 Train accuracy: 7.87231e-01 Validation accuracy: 7.82000e-01 Training loss 4.48806e-03 Validation loss 4.82647e-03 Time taken: 0.08 seconds 
Epoch: 168/200 Train accuracy: 7.87730e-01 Validation accuracy: 7.84000e-01 Training loss 4.49204e-03 Validation loss 4.83913e-03 Time taken: 0.08 seconds 
Epoch: 169/200 Train accuracy: 7.86946e-01 Validation accuracy: 7.85667e-01 Training loss 4.48636e-03 Validation loss 4.82273e-03 Time taken: 0.08 seconds 
Epoch: 170/200 Train accuracy: 7.87445e-01 Validation accuracy: 7.80000e-01 Training loss 4.49148e-03 Validation loss 4.82552e-03 Time taken: 0.08 seconds 
Epoch: 171/200 Train accuracy: 7.89012e-01 Validation accuracy: 7.84667e-01 Training loss 4.48896e-03 Validation loss 4.80267e-03 Time taken: 0.08 seconds 
Epoch: 172/200 Train accuracy: 7.87017e-01 Validation accuracy: 7.77667e-01 Training loss 4.48860e-03 Validation loss 4.80162e-03 Time taken: 0.08 seconds 
Epoch: 173/200 Train accuracy: 7.88585e-01 Validation accuracy: 7.83000e-01 Training loss 4.48711e-03 Validation loss 4.80005e-03 Time taken: 0.08 seconds 
Epoch: 174/200 Train accuracy: 7.87730e-01 Validation accuracy: 7.84333e-01 Training loss 4.47988e-03 Validation loss 4.83207e-03 Time taken: 0.08 seconds 
Epoch: 175/200 Train accuracy: 7.88585e-01 Validation accuracy: 7.78333e-01 Training loss 4.48826e-03 Validation loss 4.81121e-03 Time taken: 0.08 seconds 
Epoch: 176/200 Train accuracy: 7.87659e-01 Validation accuracy: 7.85333e-01 Training loss 4.47333e-03 Validation loss 4.81019e-03 Time taken: 0.08 seconds 
Epoch: 177/200 Train accuracy: 7.89226e-01 Validation accuracy: 7.81333e-01 Training loss 4.48154e-03 Validation loss 4.80108e-03 Time taken: 0.08 seconds 
Epoch: 178/200 Train accuracy: 7.88371e-01 Validation accuracy: 7.85667e-01 Training loss 4.48013e-03 Validation loss 4.81715e-03 Time taken: 0.08 seconds 
Epoch: 179/200 Train accuracy: 7.88727e-01 Validation accuracy: 7.81333e-01 Training loss 4.48173e-03 Validation loss 4.79912e-03 Time taken: 0.08 seconds 
Epoch: 180/200 Train accuracy: 7.86732e-01 Validation accuracy: 7.81667e-01 Training loss 4.47715e-03 Validation loss 4.79778e-03 Time taken: 0.08 seconds 
Epoch: 181/200 Train accuracy: 7.86803e-01 Validation accuracy: 7.83333e-01 Training loss 4.47728e-03 Validation loss 4.79843e-03 Time taken: 0.08 seconds 
Epoch: 182/200 Train accuracy: 7.88870e-01 Validation accuracy: 7.82000e-01 Training loss 4.47167e-03 Validation loss 4.79449e-03 Time taken: 0.08 seconds 
Epoch: 183/200 Train accuracy: 7.87801e-01 Validation accuracy: 7.80000e-01 Training loss 4.47780e-03 Validation loss 4.79228e-03 Time taken: 0.08 seconds 
Epoch: 184/200 Train accuracy: 7.87587e-01 Validation accuracy: 7.85667e-01 Training loss 4.47785e-03 Validation loss 4.81839e-03 Time taken: 0.08 seconds 
Epoch: 185/200 Train accuracy: 7.87730e-01 Validation accuracy: 7.84667e-01 Training loss 4.46916e-03 Validation loss 4.78762e-03 Time taken: 0.09 seconds 
Epoch: 186/200 Train accuracy: 7.88229e-01 Validation accuracy: 7.88000e-01 Training loss 4.46878e-03 Validation loss 4.80019e-03 Time taken: 0.10 seconds 
Epoch: 187/200 Train accuracy: 7.87231e-01 Validation accuracy: 7.86000e-01 Training loss 4.46984e-03 Validation loss 4.81029e-03 Time taken: 0.08 seconds 
Epoch: 188/200 Train accuracy: 7.89297e-01 Validation accuracy: 7.80000e-01 Training loss 4.45958e-03 Validation loss 4.80115e-03 Time taken: 0.08 seconds 
Epoch: 189/200 Train accuracy: 7.87374e-01 Validation accuracy: 7.85667e-01 Training loss 4.46839e-03 Validation loss 4.78670e-03 Time taken: 0.08 seconds 
Epoch: 190/200 Train accuracy: 7.89511e-01 Validation accuracy: 7.82333e-01 Training loss 4.45854e-03 Validation loss 4.78518e-03 Time taken: 0.08 seconds 
Epoch: 191/200 Train accuracy: 7.89297e-01 Validation accuracy: 7.85333e-01 Training loss 4.46375e-03 Validation loss 4.79015e-03 Time taken: 0.08 seconds 
Epoch: 192/200 Train accuracy: 7.88229e-01 Validation accuracy: 7.84333e-01 Training loss 4.46438e-03 Validation loss 4.78294e-03 Time taken: 0.08 seconds 
Epoch: 193/200 Train accuracy: 7.88514e-01 Validation accuracy: 7.86333e-01 Training loss 4.46837e-03 Validation loss 4.79361e-03 Time taken: 0.10 seconds 
Epoch: 194/200 Train accuracy: 7.88799e-01 Validation accuracy: 7.82667e-01 Training loss 4.46117e-03 Validation loss 4.79267e-03 Time taken: 0.08 seconds 
Epoch: 195/200 Train accuracy: 7.88727e-01 Validation accuracy: 7.84667e-01 Training loss 4.45823e-03 Validation loss 4.79051e-03 Time taken: 0.08 seconds 
Epoch: 196/200 Train accuracy: 7.88727e-01 Validation accuracy: 7.85333e-01 Training loss 4.46051e-03 Validation loss 4.77813e-03 Time taken: 0.08 seconds 
Epoch: 197/200 Train accuracy: 7.88086e-01 Validation accuracy: 7.83333e-01 Training loss 4.45133e-03 Validation loss 4.77988e-03 Time taken: 0.08 seconds 
Epoch: 198/200 Train accuracy: 7.89654e-01 Validation accuracy: 7.85000e-01 Training loss 4.45803e-03 Validation loss 4.78999e-03 Time taken: 0.08 seconds 
Epoch: 199/200 Train accuracy: 7.88086e-01 Validation accuracy: 7.84667e-01 Training loss 4.45982e-03 Validation loss 4.77354e-03 Time taken: 0.08 seconds 
Epoch: 200/200 Train accuracy: 7.88442e-01 Validation accuracy: 7.86667e-01 Training loss 4.46073e-03 Validation loss 4.77540e-03 Time taken: 0.08 seconds 
Total time taken 0:00:16.464843
Cleaning up intermediate feature (.pt) files
Done


working on file logs_PKT_chunks_different_seeds/iic-train-l2-seed3-pred12/jepa-iic-ep500.pth.tar ...
Directory logs_PKT_chunks_different_seeds/iic-train-l2-seed3-pred12/classifiers for saving the classifiers is now present
VisionTransformer(
  (patch_embed): PatchEmbed(
    (proj): Conv2d(3, 768, kernel_size=(15, 15), stride=(15, 15))
  )
  (blocks): ModuleList(
    (0-11): 12 x Block(
      (norm1): LayerNorm((768,), eps=1e-06, elementwise_affine=True)
      (attn): Attention(
        (qkv): Linear(in_features=768, out_features=2304, bias=True)
        (attn_drop): Dropout(p=0.0, inplace=False)
        (proj): Linear(in_features=768, out_features=768, bias=True)
        (proj_drop): Dropout(p=0.0, inplace=False)
      )
      (drop_path): Identity()
      (norm2): LayerNorm((768,), eps=1e-06, elementwise_affine=True)
      (mlp): MLP(
        (fc1): Linear(in_features=768, out_features=3072, bias=True)
        (act): GELU(approximate='none')
        (fc2): Linear(in_features=3072, out_features=768, bias=True)
        (drop): Dropout(p=0.0, inplace=False)
      )
    )
  )
  (norm): LayerNorm((768,), eps=1e-06, elementwise_affine=True)
)
Extracting features and saving them in memory..
Extracting features...
Time taken to extract features: 24.32131944410503
Epoch: 1/200 Train accuracy: 4.31666e-01 Validation accuracy: 6.14667e-01 Training loss 1.19056e-02 Validation loss 9.37950e-03 Time taken: 0.08 seconds 
Epoch: 2/200 Train accuracy: 6.76215e-01 Validation accuracy: 6.89333e-01 Training loss 8.03245e-03 Validation loss 7.64033e-03 Time taken: 0.08 seconds 
Epoch: 3/200 Train accuracy: 7.10489e-01 Validation accuracy: 7.08667e-01 Training loss 6.88603e-03 Validation loss 6.86712e-03 Time taken: 0.08 seconds 
Epoch: 4/200 Train accuracy: 7.29799e-01 Validation accuracy: 7.22333e-01 Training loss 6.32203e-03 Validation loss 6.43922e-03 Time taken: 0.08 seconds 
Epoch: 5/200 Train accuracy: 7.40345e-01 Validation accuracy: 7.30000e-01 Training loss 5.97580e-03 Validation loss 6.15587e-03 Time taken: 0.08 seconds 
Epoch: 6/200 Train accuracy: 7.47898e-01 Validation accuracy: 7.37333e-01 Training loss 5.74463e-03 Validation loss 5.95346e-03 Time taken: 0.08 seconds 
Epoch: 7/200 Train accuracy: 7.53741e-01 Validation accuracy: 7.40667e-01 Training loss 5.57334e-03 Validation loss 5.79019e-03 Time taken: 0.08 seconds 
Epoch: 8/200 Train accuracy: 7.55950e-01 Validation accuracy: 7.41000e-01 Training loss 5.43993e-03 Validation loss 5.67074e-03 Time taken: 0.08 seconds 
Epoch: 9/200 Train accuracy: 7.59798e-01 Validation accuracy: 7.46333e-01 Training loss 5.34301e-03 Validation loss 5.57219e-03 Time taken: 0.08 seconds 
Epoch: 10/200 Train accuracy: 7.61508e-01 Validation accuracy: 7.52333e-01 Training loss 5.25982e-03 Validation loss 5.52354e-03 Time taken: 0.08 seconds 
Epoch: 11/200 Train accuracy: 7.64002e-01 Validation accuracy: 7.52000e-01 Training loss 5.18679e-03 Validation loss 5.42788e-03 Time taken: 0.08 seconds 
Epoch: 12/200 Train accuracy: 7.67137e-01 Validation accuracy: 7.53333e-01 Training loss 5.12874e-03 Validation loss 5.36870e-03 Time taken: 0.08 seconds 
Epoch: 13/200 Train accuracy: 7.68135e-01 Validation accuracy: 7.56000e-01 Training loss 5.08138e-03 Validation loss 5.34843e-03 Time taken: 0.08 seconds 
Epoch: 14/200 Train accuracy: 7.69346e-01 Validation accuracy: 7.60333e-01 Training loss 5.03290e-03 Validation loss 5.30704e-03 Time taken: 0.08 seconds 
Epoch: 15/200 Train accuracy: 7.73336e-01 Validation accuracy: 7.60667e-01 Training loss 4.99888e-03 Validation loss 5.24888e-03 Time taken: 0.08 seconds 
Epoch: 16/200 Train accuracy: 7.74975e-01 Validation accuracy: 7.65000e-01 Training loss 4.96040e-03 Validation loss 5.22027e-03 Time taken: 0.08 seconds 
Epoch: 17/200 Train accuracy: 7.74904e-01 Validation accuracy: 7.61667e-01 Training loss 4.92902e-03 Validation loss 5.19862e-03 Time taken: 0.08 seconds 
Epoch: 18/200 Train accuracy: 7.76329e-01 Validation accuracy: 7.60000e-01 Training loss 4.90055e-03 Validation loss 5.15877e-03 Time taken: 0.08 seconds 
Epoch: 19/200 Train accuracy: 7.75901e-01 Validation accuracy: 7.70333e-01 Training loss 4.87761e-03 Validation loss 5.14237e-03 Time taken: 0.08 seconds 
Epoch: 20/200 Train accuracy: 7.76258e-01 Validation accuracy: 7.70333e-01 Training loss 4.85883e-03 Validation loss 5.12691e-03 Time taken: 0.08 seconds 
Epoch: 21/200 Train accuracy: 7.79464e-01 Validation accuracy: 7.70000e-01 Training loss 4.83208e-03 Validation loss 5.10349e-03 Time taken: 0.08 seconds 
Epoch: 22/200 Train accuracy: 7.80533e-01 Validation accuracy: 7.69333e-01 Training loss 4.81295e-03 Validation loss 5.07958e-03 Time taken: 0.08 seconds 
Epoch: 23/200 Train accuracy: 7.80961e-01 Validation accuracy: 7.67000e-01 Training loss 4.79663e-03 Validation loss 5.05574e-03 Time taken: 0.08 seconds 
Epoch: 24/200 Train accuracy: 7.80889e-01 Validation accuracy: 7.69000e-01 Training loss 4.77662e-03 Validation loss 5.06795e-03 Time taken: 0.09 seconds 
Epoch: 25/200 Train accuracy: 7.82599e-01 Validation accuracy: 7.69667e-01 Training loss 4.77065e-03 Validation loss 5.06946e-03 Time taken: 0.08 seconds 
Epoch: 26/200 Train accuracy: 7.82172e-01 Validation accuracy: 7.69000e-01 Training loss 4.75526e-03 Validation loss 5.01894e-03 Time taken: 0.08 seconds 
Epoch: 27/200 Train accuracy: 7.83597e-01 Validation accuracy: 7.70000e-01 Training loss 4.73363e-03 Validation loss 5.03834e-03 Time taken: 0.09 seconds 
Epoch: 28/200 Train accuracy: 7.84523e-01 Validation accuracy: 7.72000e-01 Training loss 4.72709e-03 Validation loss 5.00205e-03 Time taken: 0.08 seconds 
Epoch: 29/200 Train accuracy: 7.83454e-01 Validation accuracy: 7.68333e-01 Training loss 4.71008e-03 Validation loss 5.00547e-03 Time taken: 0.08 seconds 
Epoch: 30/200 Train accuracy: 7.81531e-01 Validation accuracy: 7.69333e-01 Training loss 4.70419e-03 Validation loss 4.97990e-03 Time taken: 0.08 seconds 
Epoch: 31/200 Train accuracy: 7.82671e-01 Validation accuracy: 7.71000e-01 Training loss 4.69006e-03 Validation loss 4.98813e-03 Time taken: 0.08 seconds 
Epoch: 32/200 Train accuracy: 7.83811e-01 Validation accuracy: 7.75667e-01 Training loss 4.67405e-03 Validation loss 4.96310e-03 Time taken: 0.08 seconds 
Epoch: 33/200 Train accuracy: 7.85450e-01 Validation accuracy: 7.72000e-01 Training loss 4.66349e-03 Validation loss 4.94132e-03 Time taken: 0.08 seconds 
Epoch: 34/200 Train accuracy: 7.85022e-01 Validation accuracy: 7.73000e-01 Training loss 4.64915e-03 Validation loss 4.94707e-03 Time taken: 0.08 seconds 
Epoch: 35/200 Train accuracy: 7.86590e-01 Validation accuracy: 7.73667e-01 Training loss 4.64156e-03 Validation loss 4.93145e-03 Time taken: 0.08 seconds 
Epoch: 36/200 Train accuracy: 7.86091e-01 Validation accuracy: 7.73667e-01 Training loss 4.63868e-03 Validation loss 4.93422e-03 Time taken: 0.08 seconds 
Epoch: 37/200 Train accuracy: 7.87302e-01 Validation accuracy: 7.71667e-01 Training loss 4.63286e-03 Validation loss 4.91238e-03 Time taken: 0.08 seconds 
Epoch: 38/200 Train accuracy: 7.88514e-01 Validation accuracy: 7.74000e-01 Training loss 4.61946e-03 Validation loss 4.90368e-03 Time taken: 0.08 seconds 
Epoch: 39/200 Train accuracy: 7.87730e-01 Validation accuracy: 7.76333e-01 Training loss 4.60828e-03 Validation loss 4.89890e-03 Time taken: 0.08 seconds 
Epoch: 40/200 Train accuracy: 7.87017e-01 Validation accuracy: 7.77333e-01 Training loss 4.60062e-03 Validation loss 4.89110e-03 Time taken: 0.08 seconds 
Epoch: 41/200 Train accuracy: 7.88086e-01 Validation accuracy: 7.77667e-01 Training loss 4.59502e-03 Validation loss 4.90488e-03 Time taken: 0.08 seconds 
Epoch: 42/200 Train accuracy: 7.88656e-01 Validation accuracy: 7.75000e-01 Training loss 4.59046e-03 Validation loss 4.87837e-03 Time taken: 0.08 seconds 
Epoch: 43/200 Train accuracy: 7.89939e-01 Validation accuracy: 7.75000e-01 Training loss 4.57748e-03 Validation loss 4.87150e-03 Time taken: 0.08 seconds 
Epoch: 44/200 Train accuracy: 7.89440e-01 Validation accuracy: 7.75000e-01 Training loss 4.57063e-03 Validation loss 4.87203e-03 Time taken: 0.08 seconds 
Epoch: 45/200 Train accuracy: 7.90651e-01 Validation accuracy: 7.78333e-01 Training loss 4.56551e-03 Validation loss 4.87544e-03 Time taken: 0.08 seconds 
Epoch: 46/200 Train accuracy: 7.90580e-01 Validation accuracy: 7.78333e-01 Training loss 4.55980e-03 Validation loss 4.85894e-03 Time taken: 0.08 seconds 
Epoch: 47/200 Train accuracy: 7.88300e-01 Validation accuracy: 7.79667e-01 Training loss 4.55179e-03 Validation loss 4.86606e-03 Time taken: 0.08 seconds 
Epoch: 48/200 Train accuracy: 7.88941e-01 Validation accuracy: 7.78333e-01 Training loss 4.55613e-03 Validation loss 4.84996e-03 Time taken: 0.08 seconds 
Epoch: 49/200 Train accuracy: 7.91221e-01 Validation accuracy: 7.81000e-01 Training loss 4.53983e-03 Validation loss 4.84804e-03 Time taken: 0.08 seconds 
Epoch: 50/200 Train accuracy: 7.90366e-01 Validation accuracy: 7.78333e-01 Training loss 4.53668e-03 Validation loss 4.83543e-03 Time taken: 0.10 seconds 
Epoch: 51/200 Train accuracy: 7.90865e-01 Validation accuracy: 7.80667e-01 Training loss 4.53629e-03 Validation loss 4.82366e-03 Time taken: 0.15 seconds 
Epoch: 52/200 Train accuracy: 7.89725e-01 Validation accuracy: 7.84000e-01 Training loss 4.52352e-03 Validation loss 4.82799e-03 Time taken: 0.14 seconds 
Epoch: 53/200 Train accuracy: 7.90723e-01 Validation accuracy: 7.80333e-01 Training loss 4.53348e-03 Validation loss 4.81974e-03 Time taken: 0.15 seconds 
Epoch: 54/200 Train accuracy: 7.91791e-01 Validation accuracy: 7.80333e-01 Training loss 4.51310e-03 Validation loss 4.81971e-03 Time taken: 0.15 seconds 
Epoch: 55/200 Train accuracy: 7.90580e-01 Validation accuracy: 7.84000e-01 Training loss 4.51105e-03 Validation loss 4.81877e-03 Time taken: 0.15 seconds 
Epoch: 56/200 Train accuracy: 7.90295e-01 Validation accuracy: 7.80333e-01 Training loss 4.50833e-03 Validation loss 4.80427e-03 Time taken: 0.16 seconds 
Epoch: 57/200 Train accuracy: 7.92646e-01 Validation accuracy: 7.77667e-01 Training loss 4.50124e-03 Validation loss 4.80074e-03 Time taken: 0.14 seconds 
Epoch: 58/200 Train accuracy: 7.91578e-01 Validation accuracy: 7.80333e-01 Training loss 4.50149e-03 Validation loss 4.79272e-03 Time taken: 0.08 seconds 
Epoch: 59/200 Train accuracy: 7.93288e-01 Validation accuracy: 7.82000e-01 Training loss 4.49386e-03 Validation loss 4.79200e-03 Time taken: 0.08 seconds 
Epoch: 60/200 Train accuracy: 7.91863e-01 Validation accuracy: 7.86333e-01 Training loss 4.48325e-03 Validation loss 4.80106e-03 Time taken: 0.08 seconds 
Epoch: 61/200 Train accuracy: 7.91649e-01 Validation accuracy: 7.82667e-01 Training loss 4.48054e-03 Validation loss 4.79567e-03 Time taken: 0.08 seconds 
Epoch: 62/200 Train accuracy: 7.91506e-01 Validation accuracy: 7.83000e-01 Training loss 4.47848e-03 Validation loss 4.79895e-03 Time taken: 0.08 seconds 
Epoch: 63/200 Train accuracy: 7.92646e-01 Validation accuracy: 7.84667e-01 Training loss 4.47759e-03 Validation loss 4.78321e-03 Time taken: 0.09 seconds 
Epoch: 64/200 Train accuracy: 7.91863e-01 Validation accuracy: 7.82667e-01 Training loss 4.47700e-03 Validation loss 4.76951e-03 Time taken: 0.09 seconds 
Epoch: 65/200 Train accuracy: 7.91791e-01 Validation accuracy: 7.87000e-01 Training loss 4.46437e-03 Validation loss 4.78691e-03 Time taken: 0.08 seconds 
Epoch: 66/200 Train accuracy: 7.94072e-01 Validation accuracy: 7.85333e-01 Training loss 4.46337e-03 Validation loss 4.76824e-03 Time taken: 0.08 seconds 
Epoch: 67/200 Train accuracy: 7.93288e-01 Validation accuracy: 7.84333e-01 Training loss 4.45954e-03 Validation loss 4.76341e-03 Time taken: 0.08 seconds 
Epoch: 68/200 Train accuracy: 7.91649e-01 Validation accuracy: 7.81333e-01 Training loss 4.45190e-03 Validation loss 4.76021e-03 Time taken: 0.08 seconds 
Epoch: 69/200 Train accuracy: 7.93359e-01 Validation accuracy: 7.85667e-01 Training loss 4.45366e-03 Validation loss 4.75429e-03 Time taken: 0.08 seconds 
Epoch: 70/200 Train accuracy: 7.94143e-01 Validation accuracy: 7.86333e-01 Training loss 4.44185e-03 Validation loss 4.75363e-03 Time taken: 0.11 seconds 
Epoch: 71/200 Train accuracy: 7.94357e-01 Validation accuracy: 7.83667e-01 Training loss 4.44721e-03 Validation loss 4.74083e-03 Time taken: 0.09 seconds 
Epoch: 72/200 Train accuracy: 7.95853e-01 Validation accuracy: 7.84000e-01 Training loss 4.43367e-03 Validation loss 4.75291e-03 Time taken: 0.08 seconds 
Epoch: 73/200 Train accuracy: 7.94072e-01 Validation accuracy: 7.87000e-01 Training loss 4.43462e-03 Validation loss 4.77193e-03 Time taken: 0.08 seconds 
Epoch: 74/200 Train accuracy: 7.93787e-01 Validation accuracy: 7.90333e-01 Training loss 4.42966e-03 Validation loss 4.76660e-03 Time taken: 0.08 seconds 
Epoch: 75/200 Train accuracy: 7.93288e-01 Validation accuracy: 7.84333e-01 Training loss 4.42519e-03 Validation loss 4.75315e-03 Time taken: 0.08 seconds 
Epoch: 76/200 Train accuracy: 7.95425e-01 Validation accuracy: 7.86333e-01 Training loss 4.41803e-03 Validation loss 4.74715e-03 Time taken: 0.08 seconds 
Epoch: 77/200 Train accuracy: 7.94143e-01 Validation accuracy: 7.87333e-01 Training loss 4.41853e-03 Validation loss 4.73815e-03 Time taken: 0.08 seconds 
Epoch: 78/200 Train accuracy: 7.94428e-01 Validation accuracy: 7.85000e-01 Training loss 4.41609e-03 Validation loss 4.72296e-03 Time taken: 0.08 seconds 
Epoch: 79/200 Train accuracy: 7.94357e-01 Validation accuracy: 7.84000e-01 Training loss 4.41438e-03 Validation loss 4.72335e-03 Time taken: 0.08 seconds 
Epoch: 80/200 Train accuracy: 7.95283e-01 Validation accuracy: 7.88333e-01 Training loss 4.40312e-03 Validation loss 4.72659e-03 Time taken: 0.08 seconds 
Epoch: 81/200 Train accuracy: 7.94855e-01 Validation accuracy: 7.89333e-01 Training loss 4.40534e-03 Validation loss 4.73988e-03 Time taken: 0.08 seconds 
Epoch: 82/200 Train accuracy: 7.94927e-01 Validation accuracy: 7.91333e-01 Training loss 4.40342e-03 Validation loss 4.71355e-03 Time taken: 0.08 seconds 
Epoch: 83/200 Train accuracy: 7.93430e-01 Validation accuracy: 7.87000e-01 Training loss 4.40990e-03 Validation loss 4.70062e-03 Time taken: 0.08 seconds 
Epoch: 84/200 Train accuracy: 7.94784e-01 Validation accuracy: 7.87333e-01 Training loss 4.39236e-03 Validation loss 4.70662e-03 Time taken: 0.08 seconds 
Epoch: 85/200 Train accuracy: 7.96138e-01 Validation accuracy: 7.88333e-01 Training loss 4.39252e-03 Validation loss 4.69551e-03 Time taken: 0.08 seconds 
Epoch: 86/200 Train accuracy: 7.94642e-01 Validation accuracy: 7.89000e-01 Training loss 4.39274e-03 Validation loss 4.70780e-03 Time taken: 0.10 seconds 
Epoch: 87/200 Train accuracy: 7.95924e-01 Validation accuracy: 7.86667e-01 Training loss 4.38027e-03 Validation loss 4.70067e-03 Time taken: 0.08 seconds 
Epoch: 88/200 Train accuracy: 7.94784e-01 Validation accuracy: 7.85000e-01 Training loss 4.37960e-03 Validation loss 4.69300e-03 Time taken: 0.08 seconds 
Epoch: 89/200 Train accuracy: 7.95425e-01 Validation accuracy: 7.90000e-01 Training loss 4.38138e-03 Validation loss 4.69691e-03 Time taken: 0.08 seconds 
Epoch: 90/200 Train accuracy: 7.95283e-01 Validation accuracy: 7.93667e-01 Training loss 4.37926e-03 Validation loss 4.70589e-03 Time taken: 0.08 seconds 
Epoch: 91/200 Train accuracy: 7.94784e-01 Validation accuracy: 7.93000e-01 Training loss 4.38028e-03 Validation loss 4.73980e-03 Time taken: 0.08 seconds 
Epoch: 92/200 Train accuracy: 7.95425e-01 Validation accuracy: 7.88667e-01 Training loss 4.37534e-03 Validation loss 4.67662e-03 Time taken: 0.08 seconds 
Epoch: 93/200 Train accuracy: 7.97492e-01 Validation accuracy: 7.92667e-01 Training loss 4.37389e-03 Validation loss 4.69935e-03 Time taken: 0.08 seconds 
Epoch: 94/200 Train accuracy: 7.99059e-01 Validation accuracy: 7.92000e-01 Training loss 4.37075e-03 Validation loss 4.68061e-03 Time taken: 0.08 seconds 
Epoch: 95/200 Train accuracy: 7.96209e-01 Validation accuracy: 7.91000e-01 Training loss 4.36746e-03 Validation loss 4.69697e-03 Time taken: 0.10 seconds 
Epoch: 96/200 Train accuracy: 7.97919e-01 Validation accuracy: 7.88667e-01 Training loss 4.36023e-03 Validation loss 4.67080e-03 Time taken: 0.08 seconds 
Epoch: 97/200 Train accuracy: 7.98632e-01 Validation accuracy: 7.87333e-01 Training loss 4.35983e-03 Validation loss 4.68349e-03 Time taken: 0.08 seconds 
Epoch: 98/200 Train accuracy: 7.96708e-01 Validation accuracy: 7.90000e-01 Training loss 4.35729e-03 Validation loss 4.67157e-03 Time taken: 0.08 seconds 
Epoch: 99/200 Train accuracy: 7.96209e-01 Validation accuracy: 7.88333e-01 Training loss 4.35730e-03 Validation loss 4.66289e-03 Time taken: 0.08 seconds 
Epoch: 100/200 Train accuracy: 7.96138e-01 Validation accuracy: 7.92667e-01 Training loss 4.35203e-03 Validation loss 4.67733e-03 Time taken: 0.08 seconds 
Epoch: 101/200 Train accuracy: 7.97991e-01 Validation accuracy: 7.88000e-01 Training loss 4.35071e-03 Validation loss 4.66307e-03 Time taken: 0.08 seconds 
Epoch: 102/200 Train accuracy: 7.95639e-01 Validation accuracy: 7.92000e-01 Training loss 4.35507e-03 Validation loss 4.67977e-03 Time taken: 0.08 seconds 
Epoch: 103/200 Train accuracy: 7.96352e-01 Validation accuracy: 7.93333e-01 Training loss 4.35418e-03 Validation loss 4.68202e-03 Time taken: 0.08 seconds 
Epoch: 104/200 Train accuracy: 7.96637e-01 Validation accuracy: 7.94000e-01 Training loss 4.34658e-03 Validation loss 4.66567e-03 Time taken: 0.08 seconds 
Epoch: 105/200 Train accuracy: 7.98561e-01 Validation accuracy: 7.92667e-01 Training loss 4.34718e-03 Validation loss 4.66869e-03 Time taken: 0.08 seconds 
Epoch: 106/200 Train accuracy: 7.97136e-01 Validation accuracy: 7.91000e-01 Training loss 4.33445e-03 Validation loss 4.65032e-03 Time taken: 0.08 seconds 
Epoch: 107/200 Train accuracy: 7.97136e-01 Validation accuracy: 7.88667e-01 Training loss 4.34001e-03 Validation loss 4.64614e-03 Time taken: 0.08 seconds 
Epoch: 108/200 Train accuracy: 7.96779e-01 Validation accuracy: 7.91000e-01 Training loss 4.33106e-03 Validation loss 4.65186e-03 Time taken: 0.08 seconds 
Epoch: 109/200 Train accuracy: 7.97563e-01 Validation accuracy: 7.91667e-01 Training loss 4.33172e-03 Validation loss 4.65482e-03 Time taken: 0.08 seconds 
Epoch: 110/200 Train accuracy: 7.97991e-01 Validation accuracy: 7.92333e-01 Training loss 4.33178e-03 Validation loss 4.64949e-03 Time taken: 0.08 seconds 
Epoch: 111/200 Train accuracy: 7.97706e-01 Validation accuracy: 7.91333e-01 Training loss 4.33188e-03 Validation loss 4.64744e-03 Time taken: 0.08 seconds 
Epoch: 112/200 Train accuracy: 7.99059e-01 Validation accuracy: 7.93000e-01 Training loss 4.32541e-03 Validation loss 4.67227e-03 Time taken: 0.08 seconds 
Epoch: 113/200 Train accuracy: 7.97848e-01 Validation accuracy: 7.91000e-01 Training loss 4.33423e-03 Validation loss 4.63789e-03 Time taken: 0.08 seconds 
Epoch: 114/200 Train accuracy: 7.97706e-01 Validation accuracy: 7.90000e-01 Training loss 4.31767e-03 Validation loss 4.62964e-03 Time taken: 0.08 seconds 
Epoch: 115/200 Train accuracy: 7.98347e-01 Validation accuracy: 7.95667e-01 Training loss 4.32292e-03 Validation loss 4.66193e-03 Time taken: 0.08 seconds 
Epoch: 116/200 Train accuracy: 7.99843e-01 Validation accuracy: 7.94667e-01 Training loss 4.31524e-03 Validation loss 4.63641e-03 Time taken: 0.08 seconds 
Epoch: 117/200 Train accuracy: 7.98276e-01 Validation accuracy: 7.90667e-01 Training loss 4.31743e-03 Validation loss 4.63139e-03 Time taken: 0.08 seconds 
Epoch: 118/200 Train accuracy: 7.97991e-01 Validation accuracy: 7.95667e-01 Training loss 4.31659e-03 Validation loss 4.63449e-03 Time taken: 0.08 seconds 
Epoch: 119/200 Train accuracy: 7.98846e-01 Validation accuracy: 7.91667e-01 Training loss 4.31100e-03 Validation loss 4.62387e-03 Time taken: 0.08 seconds 
Epoch: 120/200 Train accuracy: 7.99131e-01 Validation accuracy: 7.90667e-01 Training loss 4.31041e-03 Validation loss 4.64014e-03 Time taken: 0.10 seconds 
Epoch: 121/200 Train accuracy: 7.98632e-01 Validation accuracy: 7.91000e-01 Training loss 4.30556e-03 Validation loss 4.63485e-03 Time taken: 0.08 seconds 
Epoch: 122/200 Train accuracy: 7.96922e-01 Validation accuracy: 7.94667e-01 Training loss 4.31299e-03 Validation loss 4.62172e-03 Time taken: 0.08 seconds 
Epoch: 123/200 Train accuracy: 8.01126e-01 Validation accuracy: 7.90667e-01 Training loss 4.30164e-03 Validation loss 4.61492e-03 Time taken: 0.08 seconds 
Epoch: 124/200 Train accuracy: 7.99202e-01 Validation accuracy: 7.95333e-01 Training loss 4.30400e-03 Validation loss 4.65318e-03 Time taken: 0.08 seconds 
Epoch: 125/200 Train accuracy: 8.00841e-01 Validation accuracy: 7.88667e-01 Training loss 4.29720e-03 Validation loss 4.63399e-03 Time taken: 0.08 seconds 
Epoch: 126/200 Train accuracy: 7.99416e-01 Validation accuracy: 7.92333e-01 Training loss 4.29762e-03 Validation loss 4.62659e-03 Time taken: 0.08 seconds 
Epoch: 127/200 Train accuracy: 7.98703e-01 Validation accuracy: 7.91667e-01 Training loss 4.29712e-03 Validation loss 4.61400e-03 Time taken: 0.08 seconds 
Epoch: 128/200 Train accuracy: 7.99629e-01 Validation accuracy: 7.94000e-01 Training loss 4.29530e-03 Validation loss 4.60811e-03 Time taken: 0.08 seconds 
Epoch: 129/200 Train accuracy: 7.99986e-01 Validation accuracy: 7.92000e-01 Training loss 4.29773e-03 Validation loss 4.61728e-03 Time taken: 0.08 seconds 
Epoch: 130/200 Train accuracy: 7.98561e-01 Validation accuracy: 7.94667e-01 Training loss 4.29450e-03 Validation loss 4.61916e-03 Time taken: 0.08 seconds 
Epoch: 131/200 Train accuracy: 7.99416e-01 Validation accuracy: 7.90667e-01 Training loss 4.28638e-03 Validation loss 4.60730e-03 Time taken: 0.08 seconds 
Epoch: 132/200 Train accuracy: 8.00627e-01 Validation accuracy: 7.93000e-01 Training loss 4.28352e-03 Validation loss 4.61224e-03 Time taken: 0.08 seconds 
Epoch: 133/200 Train accuracy: 7.99202e-01 Validation accuracy: 7.97667e-01 Training loss 4.29340e-03 Validation loss 4.62907e-03 Time taken: 0.08 seconds 
Epoch: 134/200 Train accuracy: 8.00485e-01 Validation accuracy: 7.92667e-01 Training loss 4.28514e-03 Validation loss 4.59671e-03 Time taken: 0.08 seconds 
Epoch: 135/200 Train accuracy: 7.99986e-01 Validation accuracy: 7.97667e-01 Training loss 4.28349e-03 Validation loss 4.61785e-03 Time taken: 0.08 seconds 
Epoch: 136/200 Train accuracy: 8.01055e-01 Validation accuracy: 7.93000e-01 Training loss 4.28209e-03 Validation loss 4.59602e-03 Time taken: 0.08 seconds 
Epoch: 137/200 Train accuracy: 8.02836e-01 Validation accuracy: 7.91333e-01 Training loss 4.27934e-03 Validation loss 4.59271e-03 Time taken: 0.08 seconds 
Epoch: 138/200 Train accuracy: 8.00128e-01 Validation accuracy: 7.95000e-01 Training loss 4.27792e-03 Validation loss 4.60699e-03 Time taken: 0.08 seconds 
Epoch: 139/200 Train accuracy: 7.99629e-01 Validation accuracy: 7.94333e-01 Training loss 4.28186e-03 Validation loss 4.60609e-03 Time taken: 0.08 seconds 
Epoch: 140/200 Train accuracy: 8.01838e-01 Validation accuracy: 7.92667e-01 Training loss 4.27446e-03 Validation loss 4.59012e-03 Time taken: 0.08 seconds 
Epoch: 141/200 Train accuracy: 8.02337e-01 Validation accuracy: 7.97333e-01 Training loss 4.26977e-03 Validation loss 4.59553e-03 Time taken: 0.08 seconds 
Epoch: 142/200 Train accuracy: 8.00698e-01 Validation accuracy: 7.93333e-01 Training loss 4.27402e-03 Validation loss 4.59959e-03 Time taken: 0.08 seconds 
Epoch: 143/200 Train accuracy: 7.99772e-01 Validation accuracy: 7.91000e-01 Training loss 4.27111e-03 Validation loss 4.58266e-03 Time taken: 0.08 seconds 
Epoch: 144/200 Train accuracy: 7.99772e-01 Validation accuracy: 7.95000e-01 Training loss 4.26510e-03 Validation loss 4.61591e-03 Time taken: 0.08 seconds 
Epoch: 145/200 Train accuracy: 8.02195e-01 Validation accuracy: 7.92667e-01 Training loss 4.25929e-03 Validation loss 4.57729e-03 Time taken: 0.08 seconds 
Epoch: 146/200 Train accuracy: 8.01055e-01 Validation accuracy: 7.96333e-01 Training loss 4.27133e-03 Validation loss 4.58020e-03 Time taken: 0.10 seconds 
Epoch: 147/200 Train accuracy: 8.00556e-01 Validation accuracy: 7.96667e-01 Training loss 4.26618e-03 Validation loss 4.61183e-03 Time taken: 0.08 seconds 
Epoch: 148/200 Train accuracy: 8.00770e-01 Validation accuracy: 7.96000e-01 Training loss 4.26384e-03 Validation loss 4.62082e-03 Time taken: 0.08 seconds 
Epoch: 149/200 Train accuracy: 8.00271e-01 Validation accuracy: 7.92333e-01 Training loss 4.25958e-03 Validation loss 4.58838e-03 Time taken: 0.08 seconds 
Epoch: 150/200 Train accuracy: 8.01197e-01 Validation accuracy: 7.99000e-01 Training loss 4.26068e-03 Validation loss 4.60780e-03 Time taken: 0.08 seconds 
Epoch: 151/200 Train accuracy: 8.01482e-01 Validation accuracy: 7.95000e-01 Training loss 4.25709e-03 Validation loss 4.58082e-03 Time taken: 0.08 seconds 
Epoch: 152/200 Train accuracy: 8.00770e-01 Validation accuracy: 7.95000e-01 Training loss 4.25554e-03 Validation loss 4.56567e-03 Time taken: 0.08 seconds 
Epoch: 153/200 Train accuracy: 8.01482e-01 Validation accuracy: 7.94333e-01 Training loss 4.25537e-03 Validation loss 4.57027e-03 Time taken: 0.08 seconds 
Epoch: 154/200 Train accuracy: 8.02693e-01 Validation accuracy: 7.91333e-01 Training loss 4.25407e-03 Validation loss 4.57144e-03 Time taken: 0.08 seconds 
Epoch: 155/200 Train accuracy: 8.00271e-01 Validation accuracy: 7.96000e-01 Training loss 4.25443e-03 Validation loss 4.57847e-03 Time taken: 0.08 seconds 
Epoch: 156/200 Train accuracy: 8.00485e-01 Validation accuracy: 7.94333e-01 Training loss 4.25132e-03 Validation loss 4.60323e-03 Time taken: 0.08 seconds 
Epoch: 157/200 Train accuracy: 8.02551e-01 Validation accuracy: 7.97333e-01 Training loss 4.24654e-03 Validation loss 4.57526e-03 Time taken: 0.08 seconds 
Epoch: 158/200 Train accuracy: 8.02765e-01 Validation accuracy: 7.96000e-01 Training loss 4.24491e-03 Validation loss 4.59518e-03 Time taken: 0.08 seconds 
Epoch: 159/200 Train accuracy: 8.04047e-01 Validation accuracy: 7.97667e-01 Training loss 4.24794e-03 Validation loss 4.58055e-03 Time taken: 0.08 seconds 
Epoch: 160/200 Train accuracy: 8.01340e-01 Validation accuracy: 7.99000e-01 Training loss 4.24827e-03 Validation loss 4.59919e-03 Time taken: 0.08 seconds 
Epoch: 161/200 Train accuracy: 8.02978e-01 Validation accuracy: 8.00333e-01 Training loss 4.24428e-03 Validation loss 4.58231e-03 Time taken: 0.08 seconds 
Epoch: 162/200 Train accuracy: 8.03264e-01 Validation accuracy: 7.96333e-01 Training loss 4.23811e-03 Validation loss 4.55454e-03 Time taken: 0.08 seconds 
Epoch: 163/200 Train accuracy: 8.02622e-01 Validation accuracy: 7.97667e-01 Training loss 4.24185e-03 Validation loss 4.56593e-03 Time taken: 0.08 seconds 
Epoch: 164/200 Train accuracy: 8.02052e-01 Validation accuracy: 7.93333e-01 Training loss 4.24072e-03 Validation loss 4.55048e-03 Time taken: 0.08 seconds 
Epoch: 165/200 Train accuracy: 8.03050e-01 Validation accuracy: 7.94000e-01 Training loss 4.23758e-03 Validation loss 4.54924e-03 Time taken: 0.08 seconds 
Epoch: 166/200 Train accuracy: 8.02551e-01 Validation accuracy: 7.93667e-01 Training loss 4.23471e-03 Validation loss 4.54505e-03 Time taken: 0.08 seconds 
Epoch: 167/200 Train accuracy: 8.03050e-01 Validation accuracy: 7.99000e-01 Training loss 4.23950e-03 Validation loss 4.55664e-03 Time taken: 0.08 seconds 
Epoch: 168/200 Train accuracy: 8.01553e-01 Validation accuracy: 7.93667e-01 Training loss 4.23164e-03 Validation loss 4.55659e-03 Time taken: 0.08 seconds 
Epoch: 169/200 Train accuracy: 8.01981e-01 Validation accuracy: 7.96333e-01 Training loss 4.23316e-03 Validation loss 4.54780e-03 Time taken: 0.08 seconds 
Epoch: 170/200 Train accuracy: 8.02907e-01 Validation accuracy: 7.96333e-01 Training loss 4.22533e-03 Validation loss 4.54489e-03 Time taken: 0.08 seconds 
Epoch: 171/200 Train accuracy: 8.03192e-01 Validation accuracy: 7.95667e-01 Training loss 4.22434e-03 Validation loss 4.54852e-03 Time taken: 0.09 seconds 
Epoch: 172/200 Train accuracy: 8.03477e-01 Validation accuracy: 7.98333e-01 Training loss 4.22902e-03 Validation loss 4.54113e-03 Time taken: 0.08 seconds 
Epoch: 173/200 Train accuracy: 8.01411e-01 Validation accuracy: 7.97667e-01 Training loss 4.23479e-03 Validation loss 4.54700e-03 Time taken: 0.08 seconds 
Epoch: 174/200 Train accuracy: 8.04119e-01 Validation accuracy: 7.99667e-01 Training loss 4.22178e-03 Validation loss 4.54438e-03 Time taken: 0.08 seconds 
Epoch: 175/200 Train accuracy: 8.02337e-01 Validation accuracy: 7.93333e-01 Training loss 4.22922e-03 Validation loss 4.54053e-03 Time taken: 0.08 seconds 
Epoch: 176/200 Train accuracy: 8.01482e-01 Validation accuracy: 7.98333e-01 Training loss 4.22547e-03 Validation loss 4.60300e-03 Time taken: 0.08 seconds 
Epoch: 177/200 Train accuracy: 8.03121e-01 Validation accuracy: 8.00000e-01 Training loss 4.22443e-03 Validation loss 4.55932e-03 Time taken: 0.08 seconds 
Epoch: 178/200 Train accuracy: 8.04689e-01 Validation accuracy: 7.98667e-01 Training loss 4.22133e-03 Validation loss 4.54104e-03 Time taken: 0.09 seconds 
Epoch: 179/200 Train accuracy: 8.01910e-01 Validation accuracy: 7.97667e-01 Training loss 4.22642e-03 Validation loss 4.55786e-03 Time taken: 0.08 seconds 
Epoch: 180/200 Train accuracy: 8.04332e-01 Validation accuracy: 7.97667e-01 Training loss 4.21202e-03 Validation loss 4.54215e-03 Time taken: 0.08 seconds 
Epoch: 181/200 Train accuracy: 8.05900e-01 Validation accuracy: 8.01333e-01 Training loss 4.22256e-03 Validation loss 4.53824e-03 Time taken: 0.08 seconds 
Epoch: 182/200 Train accuracy: 8.03264e-01 Validation accuracy: 8.02000e-01 Training loss 4.20824e-03 Validation loss 4.54837e-03 Time taken: 0.08 seconds 
Epoch: 183/200 Train accuracy: 8.03477e-01 Validation accuracy: 7.98667e-01 Training loss 4.22628e-03 Validation loss 4.54210e-03 Time taken: 0.08 seconds 
Epoch: 184/200 Train accuracy: 8.02123e-01 Validation accuracy: 8.01000e-01 Training loss 4.21597e-03 Validation loss 4.53852e-03 Time taken: 0.08 seconds 
Epoch: 185/200 Train accuracy: 8.03834e-01 Validation accuracy: 7.94667e-01 Training loss 4.21783e-03 Validation loss 4.54705e-03 Time taken: 0.08 seconds 
Epoch: 186/200 Train accuracy: 8.01482e-01 Validation accuracy: 7.98333e-01 Training loss 4.22217e-03 Validation loss 4.52679e-03 Time taken: 0.08 seconds 
Epoch: 187/200 Train accuracy: 8.03762e-01 Validation accuracy: 7.98333e-01 Training loss 4.20584e-03 Validation loss 4.53260e-03 Time taken: 0.08 seconds 
Epoch: 188/200 Train accuracy: 8.01696e-01 Validation accuracy: 8.00000e-01 Training loss 4.21735e-03 Validation loss 4.55663e-03 Time taken: 0.08 seconds 
Epoch: 189/200 Train accuracy: 8.04475e-01 Validation accuracy: 8.00333e-01 Training loss 4.21563e-03 Validation loss 4.53475e-03 Time taken: 0.08 seconds 
Epoch: 190/200 Train accuracy: 8.03264e-01 Validation accuracy: 7.99667e-01 Training loss 4.20512e-03 Validation loss 4.54912e-03 Time taken: 0.08 seconds 
Epoch: 191/200 Train accuracy: 8.04119e-01 Validation accuracy: 7.99667e-01 Training loss 4.20737e-03 Validation loss 4.54314e-03 Time taken: 0.08 seconds 
Epoch: 192/200 Train accuracy: 8.03549e-01 Validation accuracy: 8.00667e-01 Training loss 4.20760e-03 Validation loss 4.52850e-03 Time taken: 0.08 seconds 
Epoch: 193/200 Train accuracy: 8.04831e-01 Validation accuracy: 7.99667e-01 Training loss 4.20109e-03 Validation loss 4.51943e-03 Time taken: 0.08 seconds 
Epoch: 194/200 Train accuracy: 8.04475e-01 Validation accuracy: 8.02000e-01 Training loss 4.20152e-03 Validation loss 4.52252e-03 Time taken: 0.08 seconds 
Epoch: 195/200 Train accuracy: 8.04332e-01 Validation accuracy: 7.95333e-01 Training loss 4.20527e-03 Validation loss 4.52600e-03 Time taken: 0.08 seconds 
Epoch: 196/200 Train accuracy: 8.04546e-01 Validation accuracy: 8.01667e-01 Training loss 4.20504e-03 Validation loss 4.52730e-03 Time taken: 0.08 seconds 
Epoch: 197/200 Train accuracy: 8.04831e-01 Validation accuracy: 7.99667e-01 Training loss 4.19545e-03 Validation loss 4.51336e-03 Time taken: 0.10 seconds 
Epoch: 198/200 Train accuracy: 8.03335e-01 Validation accuracy: 8.00000e-01 Training loss 4.19700e-03 Validation loss 4.51638e-03 Time taken: 0.09 seconds 
Epoch: 199/200 Train accuracy: 8.03549e-01 Validation accuracy: 8.00000e-01 Training loss 4.19681e-03 Validation loss 4.53609e-03 Time taken: 0.08 seconds 
Epoch: 200/200 Train accuracy: 8.04831e-01 Validation accuracy: 7.99000e-01 Training loss 4.20679e-03 Validation loss 4.51532e-03 Time taken: 0.08 seconds 
Total time taken 0:00:16.793798
Cleaning up intermediate feature (.pt) files
Done


working on file logs_PKT_chunks_different_seeds/iic-train-l2-seed4-pred12/jepa-iic-ep100.pth.tar ...
Directory logs_PKT_chunks_different_seeds/iic-train-l2-seed4-pred12/classifiers for saving the classifiers is now present
VisionTransformer(
  (patch_embed): PatchEmbed(
    (proj): Conv2d(3, 768, kernel_size=(15, 15), stride=(15, 15))
  )
  (blocks): ModuleList(
    (0-11): 12 x Block(
      (norm1): LayerNorm((768,), eps=1e-06, elementwise_affine=True)
      (attn): Attention(
        (qkv): Linear(in_features=768, out_features=2304, bias=True)
        (attn_drop): Dropout(p=0.0, inplace=False)
        (proj): Linear(in_features=768, out_features=768, bias=True)
        (proj_drop): Dropout(p=0.0, inplace=False)
      )
      (drop_path): Identity()
      (norm2): LayerNorm((768,), eps=1e-06, elementwise_affine=True)
      (mlp): MLP(
        (fc1): Linear(in_features=768, out_features=3072, bias=True)
        (act): GELU(approximate='none')
        (fc2): Linear(in_features=3072, out_features=768, bias=True)
        (drop): Dropout(p=0.0, inplace=False)
      )
    )
  )
  (norm): LayerNorm((768,), eps=1e-06, elementwise_affine=True)
)
Extracting features and saving them in memory..
Extracting features...
Time taken to extract features: 24.4815885189455
Epoch: 1/200 Train accuracy: 4.00029e-01 Validation accuracy: 5.34000e-01 Training loss 1.24267e-02 Validation loss 1.05316e-02 Time taken: 0.15 seconds 
Epoch: 2/200 Train accuracy: 5.53655e-01 Validation accuracy: 5.64667e-01 Training loss 9.53938e-03 Validation loss 9.38977e-03 Time taken: 0.15 seconds 
Epoch: 3/200 Train accuracy: 5.82371e-01 Validation accuracy: 5.76667e-01 Training loss 8.74508e-03 Validation loss 8.84482e-03 Time taken: 0.15 seconds 
Epoch: 4/200 Train accuracy: 6.02964e-01 Validation accuracy: 5.83000e-01 Training loss 8.32628e-03 Validation loss 8.53667e-03 Time taken: 0.14 seconds 
Epoch: 5/200 Train accuracy: 6.12441e-01 Validation accuracy: 5.96000e-01 Training loss 8.05566e-03 Validation loss 8.30238e-03 Time taken: 0.15 seconds 
Epoch: 6/200 Train accuracy: 6.17714e-01 Validation accuracy: 6.03667e-01 Training loss 7.87012e-03 Validation loss 8.12072e-03 Time taken: 0.14 seconds 
Epoch: 7/200 Train accuracy: 6.29828e-01 Validation accuracy: 6.13667e-01 Training loss 7.70223e-03 Validation loss 7.98697e-03 Time taken: 0.15 seconds 
Epoch: 8/200 Train accuracy: 6.32963e-01 Validation accuracy: 6.18333e-01 Training loss 7.57466e-03 Validation loss 7.87429e-03 Time taken: 0.14 seconds 
Epoch: 9/200 Train accuracy: 6.39732e-01 Validation accuracy: 6.31000e-01 Training loss 7.47787e-03 Validation loss 7.78059e-03 Time taken: 0.16 seconds 
Epoch: 10/200 Train accuracy: 6.46644e-01 Validation accuracy: 6.38000e-01 Training loss 7.37959e-03 Validation loss 7.71427e-03 Time taken: 0.14 seconds 
Epoch: 11/200 Train accuracy: 6.51703e-01 Validation accuracy: 6.38667e-01 Training loss 7.30696e-03 Validation loss 7.66017e-03 Time taken: 0.15 seconds 
Epoch: 12/200 Train accuracy: 6.52059e-01 Validation accuracy: 6.46000e-01 Training loss 7.25061e-03 Validation loss 7.58517e-03 Time taken: 0.15 seconds 
Epoch: 13/200 Train accuracy: 6.56050e-01 Validation accuracy: 6.44667e-01 Training loss 7.18515e-03 Validation loss 7.54232e-03 Time taken: 0.14 seconds 
Epoch: 14/200 Train accuracy: 6.61109e-01 Validation accuracy: 6.48667e-01 Training loss 7.12661e-03 Validation loss 7.46211e-03 Time taken: 0.14 seconds 
Epoch: 15/200 Train accuracy: 6.59470e-01 Validation accuracy: 6.48000e-01 Training loss 7.08984e-03 Validation loss 7.41164e-03 Time taken: 0.16 seconds 
Epoch: 16/200 Train accuracy: 6.63531e-01 Validation accuracy: 6.53667e-01 Training loss 7.04594e-03 Validation loss 7.38457e-03 Time taken: 0.13 seconds 
Epoch: 17/200 Train accuracy: 6.68377e-01 Validation accuracy: 6.50000e-01 Training loss 7.00290e-03 Validation loss 7.35082e-03 Time taken: 0.15 seconds 
Epoch: 18/200 Train accuracy: 6.66952e-01 Validation accuracy: 6.52000e-01 Training loss 6.97722e-03 Validation loss 7.31615e-03 Time taken: 0.16 seconds 
Epoch: 19/200 Train accuracy: 6.71441e-01 Validation accuracy: 6.56667e-01 Training loss 6.93730e-03 Validation loss 7.28571e-03 Time taken: 0.15 seconds 
Epoch: 20/200 Train accuracy: 6.70942e-01 Validation accuracy: 6.45667e-01 Training loss 6.91179e-03 Validation loss 7.26456e-03 Time taken: 0.15 seconds 
Epoch: 21/200 Train accuracy: 6.71298e-01 Validation accuracy: 6.61333e-01 Training loss 6.89005e-03 Validation loss 7.25074e-03 Time taken: 0.16 seconds 
Epoch: 22/200 Train accuracy: 6.72581e-01 Validation accuracy: 6.55000e-01 Training loss 6.87072e-03 Validation loss 7.21232e-03 Time taken: 0.14 seconds 
Epoch: 23/200 Train accuracy: 6.74576e-01 Validation accuracy: 6.61000e-01 Training loss 6.84829e-03 Validation loss 7.20412e-03 Time taken: 0.11 seconds 
Epoch: 24/200 Train accuracy: 6.77284e-01 Validation accuracy: 6.53333e-01 Training loss 6.81604e-03 Validation loss 7.22366e-03 Time taken: 0.08 seconds 
Epoch: 25/200 Train accuracy: 6.76571e-01 Validation accuracy: 6.57000e-01 Training loss 6.80570e-03 Validation loss 7.15253e-03 Time taken: 0.08 seconds 
Epoch: 26/200 Train accuracy: 6.77284e-01 Validation accuracy: 6.64000e-01 Training loss 6.79167e-03 Validation loss 7.16179e-03 Time taken: 0.08 seconds 
Epoch: 27/200 Train accuracy: 6.79350e-01 Validation accuracy: 6.63333e-01 Training loss 6.76476e-03 Validation loss 7.11737e-03 Time taken: 0.08 seconds 
Epoch: 28/200 Train accuracy: 6.78210e-01 Validation accuracy: 6.56667e-01 Training loss 6.75937e-03 Validation loss 7.12810e-03 Time taken: 0.08 seconds 
Epoch: 29/200 Train accuracy: 6.78780e-01 Validation accuracy: 6.59000e-01 Training loss 6.73914e-03 Validation loss 7.15739e-03 Time taken: 0.08 seconds 
Epoch: 30/200 Train accuracy: 6.80847e-01 Validation accuracy: 6.60000e-01 Training loss 6.73149e-03 Validation loss 7.09054e-03 Time taken: 0.08 seconds 
Epoch: 31/200 Train accuracy: 6.82272e-01 Validation accuracy: 6.62667e-01 Training loss 6.71501e-03 Validation loss 7.07253e-03 Time taken: 0.08 seconds 
Epoch: 32/200 Train accuracy: 6.80276e-01 Validation accuracy: 6.61333e-01 Training loss 6.70778e-03 Validation loss 7.12958e-03 Time taken: 0.08 seconds 
Epoch: 33/200 Train accuracy: 6.81702e-01 Validation accuracy: 6.62667e-01 Training loss 6.69838e-03 Validation loss 7.07265e-03 Time taken: 0.08 seconds 
Epoch: 34/200 Train accuracy: 6.82485e-01 Validation accuracy: 6.60667e-01 Training loss 6.67948e-03 Validation loss 7.05705e-03 Time taken: 0.08 seconds 
Epoch: 35/200 Train accuracy: 6.83697e-01 Validation accuracy: 6.62000e-01 Training loss 6.68332e-03 Validation loss 7.07048e-03 Time taken: 0.08 seconds 
Epoch: 36/200 Train accuracy: 6.83483e-01 Validation accuracy: 6.68667e-01 Training loss 6.67325e-03 Validation loss 7.04648e-03 Time taken: 0.08 seconds 
Epoch: 37/200 Train accuracy: 6.84481e-01 Validation accuracy: 6.65000e-01 Training loss 6.66637e-03 Validation loss 7.03836e-03 Time taken: 0.08 seconds 
Epoch: 38/200 Train accuracy: 6.84766e-01 Validation accuracy: 6.67667e-01 Training loss 6.64978e-03 Validation loss 7.01443e-03 Time taken: 0.08 seconds 
Epoch: 39/200 Train accuracy: 6.85336e-01 Validation accuracy: 6.65667e-01 Training loss 6.63470e-03 Validation loss 7.05108e-03 Time taken: 0.09 seconds 
Epoch: 40/200 Train accuracy: 6.85763e-01 Validation accuracy: 6.66000e-01 Training loss 6.63999e-03 Validation loss 7.02678e-03 Time taken: 0.09 seconds 
Epoch: 41/200 Train accuracy: 6.86262e-01 Validation accuracy: 6.67667e-01 Training loss 6.62173e-03 Validation loss 7.01836e-03 Time taken: 0.09 seconds 
Epoch: 42/200 Train accuracy: 6.87046e-01 Validation accuracy: 6.62333e-01 Training loss 6.61947e-03 Validation loss 7.06282e-03 Time taken: 0.08 seconds 
Epoch: 43/200 Train accuracy: 6.87402e-01 Validation accuracy: 6.62333e-01 Training loss 6.61694e-03 Validation loss 6.99877e-03 Time taken: 0.09 seconds 
Epoch: 44/200 Train accuracy: 6.87188e-01 Validation accuracy: 6.67000e-01 Training loss 6.60846e-03 Validation loss 7.01998e-03 Time taken: 0.08 seconds 
Epoch: 45/200 Train accuracy: 6.87687e-01 Validation accuracy: 6.59333e-01 Training loss 6.60383e-03 Validation loss 7.02277e-03 Time taken: 0.08 seconds 
Epoch: 46/200 Train accuracy: 6.87972e-01 Validation accuracy: 6.72333e-01 Training loss 6.59868e-03 Validation loss 6.98255e-03 Time taken: 0.08 seconds 
Epoch: 47/200 Train accuracy: 6.85407e-01 Validation accuracy: 6.68000e-01 Training loss 6.59633e-03 Validation loss 6.95633e-03 Time taken: 0.08 seconds 
Epoch: 48/200 Train accuracy: 6.89183e-01 Validation accuracy: 6.67667e-01 Training loss 6.57910e-03 Validation loss 6.99557e-03 Time taken: 0.08 seconds 
Epoch: 49/200 Train accuracy: 6.90609e-01 Validation accuracy: 6.67000e-01 Training loss 6.57912e-03 Validation loss 6.96372e-03 Time taken: 0.08 seconds 
Epoch: 50/200 Train accuracy: 6.87260e-01 Validation accuracy: 6.71000e-01 Training loss 6.57257e-03 Validation loss 6.96771e-03 Time taken: 0.08 seconds 
Epoch: 51/200 Train accuracy: 6.90324e-01 Validation accuracy: 6.70667e-01 Training loss 6.57375e-03 Validation loss 6.95584e-03 Time taken: 0.08 seconds 
Epoch: 52/200 Train accuracy: 6.87972e-01 Validation accuracy: 6.68667e-01 Training loss 6.56762e-03 Validation loss 6.97767e-03 Time taken: 0.08 seconds 
Epoch: 53/200 Train accuracy: 6.89896e-01 Validation accuracy: 6.68000e-01 Training loss 6.55769e-03 Validation loss 6.96101e-03 Time taken: 0.08 seconds 
Epoch: 54/200 Train accuracy: 6.91036e-01 Validation accuracy: 6.69000e-01 Training loss 6.55217e-03 Validation loss 6.94034e-03 Time taken: 0.08 seconds 
Epoch: 55/200 Train accuracy: 6.87616e-01 Validation accuracy: 6.68000e-01 Training loss 6.55394e-03 Validation loss 6.96635e-03 Time taken: 0.08 seconds 
Epoch: 56/200 Train accuracy: 6.88756e-01 Validation accuracy: 6.67000e-01 Training loss 6.54519e-03 Validation loss 6.96667e-03 Time taken: 0.08 seconds 
Epoch: 57/200 Train accuracy: 6.90466e-01 Validation accuracy: 6.70667e-01 Training loss 6.55043e-03 Validation loss 6.93572e-03 Time taken: 0.08 seconds 
Epoch: 58/200 Train accuracy: 6.87402e-01 Validation accuracy: 6.71000e-01 Training loss 6.53902e-03 Validation loss 6.91630e-03 Time taken: 0.08 seconds 
Epoch: 59/200 Train accuracy: 6.89397e-01 Validation accuracy: 6.70667e-01 Training loss 6.52776e-03 Validation loss 6.91742e-03 Time taken: 0.13 seconds 
Epoch: 60/200 Train accuracy: 6.91677e-01 Validation accuracy: 6.70000e-01 Training loss 6.52547e-03 Validation loss 6.96113e-03 Time taken: 0.14 seconds 
Epoch: 61/200 Train accuracy: 6.89468e-01 Validation accuracy: 6.67667e-01 Training loss 6.52804e-03 Validation loss 6.92447e-03 Time taken: 0.13 seconds 
Epoch: 62/200 Train accuracy: 6.89397e-01 Validation accuracy: 6.68333e-01 Training loss 6.52017e-03 Validation loss 6.92075e-03 Time taken: 0.11 seconds 
Epoch: 63/200 Train accuracy: 6.89540e-01 Validation accuracy: 6.74000e-01 Training loss 6.51975e-03 Validation loss 6.91520e-03 Time taken: 0.13 seconds 
Epoch: 64/200 Train accuracy: 6.91464e-01 Validation accuracy: 6.73333e-01 Training loss 6.51914e-03 Validation loss 6.92284e-03 Time taken: 0.13 seconds 
Epoch: 65/200 Train accuracy: 6.92746e-01 Validation accuracy: 6.70000e-01 Training loss 6.50896e-03 Validation loss 6.94118e-03 Time taken: 0.10 seconds 
Epoch: 66/200 Train accuracy: 6.91535e-01 Validation accuracy: 6.71000e-01 Training loss 6.50931e-03 Validation loss 6.90077e-03 Time taken: 0.08 seconds 
Epoch: 67/200 Train accuracy: 6.91820e-01 Validation accuracy: 6.71333e-01 Training loss 6.50616e-03 Validation loss 6.90705e-03 Time taken: 0.08 seconds 
Epoch: 68/200 Train accuracy: 6.92532e-01 Validation accuracy: 6.67000e-01 Training loss 6.50887e-03 Validation loss 6.93806e-03 Time taken: 0.08 seconds 
Epoch: 69/200 Train accuracy: 6.94955e-01 Validation accuracy: 6.76000e-01 Training loss 6.49987e-03 Validation loss 6.89383e-03 Time taken: 0.08 seconds 
Epoch: 70/200 Train accuracy: 6.93031e-01 Validation accuracy: 6.73667e-01 Training loss 6.49497e-03 Validation loss 6.89388e-03 Time taken: 0.08 seconds 
Epoch: 71/200 Train accuracy: 6.91891e-01 Validation accuracy: 6.75667e-01 Training loss 6.49727e-03 Validation loss 6.91427e-03 Time taken: 0.08 seconds 
Epoch: 72/200 Train accuracy: 6.92247e-01 Validation accuracy: 6.70667e-01 Training loss 6.48928e-03 Validation loss 6.93389e-03 Time taken: 0.08 seconds 
Epoch: 73/200 Train accuracy: 6.92532e-01 Validation accuracy: 6.67333e-01 Training loss 6.48457e-03 Validation loss 6.89825e-03 Time taken: 0.10 seconds 
Epoch: 74/200 Train accuracy: 6.91250e-01 Validation accuracy: 6.72333e-01 Training loss 6.48853e-03 Validation loss 6.87729e-03 Time taken: 0.13 seconds 
Epoch: 75/200 Train accuracy: 6.93316e-01 Validation accuracy: 6.69000e-01 Training loss 6.47043e-03 Validation loss 6.90666e-03 Time taken: 0.16 seconds 
Epoch: 76/200 Train accuracy: 6.92247e-01 Validation accuracy: 6.67000e-01 Training loss 6.47366e-03 Validation loss 6.92866e-03 Time taken: 0.14 seconds 
Epoch: 77/200 Train accuracy: 6.92960e-01 Validation accuracy: 6.72667e-01 Training loss 6.47712e-03 Validation loss 6.88391e-03 Time taken: 0.16 seconds 
Epoch: 78/200 Train accuracy: 6.91962e-01 Validation accuracy: 6.72333e-01 Training loss 6.47469e-03 Validation loss 6.89115e-03 Time taken: 0.13 seconds 
Epoch: 79/200 Train accuracy: 6.94741e-01 Validation accuracy: 6.76667e-01 Training loss 6.46754e-03 Validation loss 6.87854e-03 Time taken: 0.16 seconds 
Epoch: 80/200 Train accuracy: 6.94171e-01 Validation accuracy: 6.75333e-01 Training loss 6.46757e-03 Validation loss 6.88978e-03 Time taken: 0.16 seconds 
Epoch: 81/200 Train accuracy: 6.92746e-01 Validation accuracy: 6.76000e-01 Training loss 6.46506e-03 Validation loss 6.85684e-03 Time taken: 0.14 seconds 
Epoch: 82/200 Train accuracy: 6.95169e-01 Validation accuracy: 6.77333e-01 Training loss 6.46812e-03 Validation loss 6.86633e-03 Time taken: 0.14 seconds 
Epoch: 83/200 Train accuracy: 6.92319e-01 Validation accuracy: 6.75333e-01 Training loss 6.45745e-03 Validation loss 6.89419e-03 Time taken: 0.15 seconds 
Epoch: 84/200 Train accuracy: 6.94100e-01 Validation accuracy: 6.76667e-01 Training loss 6.46677e-03 Validation loss 6.86140e-03 Time taken: 0.14 seconds 
Epoch: 85/200 Train accuracy: 6.96095e-01 Validation accuracy: 6.75000e-01 Training loss 6.46396e-03 Validation loss 6.87690e-03 Time taken: 0.17 seconds 
Epoch: 86/200 Train accuracy: 6.92675e-01 Validation accuracy: 6.78000e-01 Training loss 6.45216e-03 Validation loss 6.85034e-03 Time taken: 0.16 seconds 
Epoch: 87/200 Train accuracy: 6.94456e-01 Validation accuracy: 6.74333e-01 Training loss 6.45261e-03 Validation loss 6.89401e-03 Time taken: 0.14 seconds 
Epoch: 88/200 Train accuracy: 6.93958e-01 Validation accuracy: 6.71667e-01 Training loss 6.45356e-03 Validation loss 6.87562e-03 Time taken: 0.14 seconds 
Epoch: 89/200 Train accuracy: 6.95810e-01 Validation accuracy: 6.74333e-01 Training loss 6.44823e-03 Validation loss 6.87058e-03 Time taken: 0.09 seconds 
Epoch: 90/200 Train accuracy: 6.95311e-01 Validation accuracy: 6.75000e-01 Training loss 6.44362e-03 Validation loss 6.85125e-03 Time taken: 0.08 seconds 
Epoch: 91/200 Train accuracy: 6.93387e-01 Validation accuracy: 6.76333e-01 Training loss 6.44434e-03 Validation loss 6.85680e-03 Time taken: 0.08 seconds 
Epoch: 92/200 Train accuracy: 6.91606e-01 Validation accuracy: 6.73667e-01 Training loss 6.44134e-03 Validation loss 6.85369e-03 Time taken: 0.09 seconds 
Epoch: 93/200 Train accuracy: 6.96024e-01 Validation accuracy: 6.75000e-01 Training loss 6.43753e-03 Validation loss 6.86078e-03 Time taken: 0.09 seconds 
Epoch: 94/200 Train accuracy: 6.93673e-01 Validation accuracy: 6.76333e-01 Training loss 6.44400e-03 Validation loss 6.83320e-03 Time taken: 0.08 seconds 
Epoch: 95/200 Train accuracy: 6.93387e-01 Validation accuracy: 6.77000e-01 Training loss 6.43304e-03 Validation loss 6.87689e-03 Time taken: 0.08 seconds 
Epoch: 96/200 Train accuracy: 6.95026e-01 Validation accuracy: 6.76667e-01 Training loss 6.42958e-03 Validation loss 6.87181e-03 Time taken: 0.09 seconds 
Epoch: 97/200 Train accuracy: 6.94670e-01 Validation accuracy: 6.73000e-01 Training loss 6.43505e-03 Validation loss 6.87918e-03 Time taken: 0.08 seconds 
Epoch: 98/200 Train accuracy: 6.95596e-01 Validation accuracy: 6.74667e-01 Training loss 6.42789e-03 Validation loss 6.88346e-03 Time taken: 0.10 seconds 
Epoch: 99/200 Train accuracy: 6.96380e-01 Validation accuracy: 6.74667e-01 Training loss 6.42487e-03 Validation loss 6.84942e-03 Time taken: 0.09 seconds 
Epoch: 100/200 Train accuracy: 6.96879e-01 Validation accuracy: 6.79000e-01 Training loss 6.42567e-03 Validation loss 6.85464e-03 Time taken: 0.09 seconds 
Epoch: 101/200 Train accuracy: 6.96238e-01 Validation accuracy: 6.78333e-01 Training loss 6.41951e-03 Validation loss 6.84080e-03 Time taken: 0.09 seconds 
Epoch: 102/200 Train accuracy: 6.96879e-01 Validation accuracy: 6.78333e-01 Training loss 6.40849e-03 Validation loss 6.83583e-03 Time taken: 0.09 seconds 
Epoch: 103/200 Train accuracy: 6.93886e-01 Validation accuracy: 6.78667e-01 Training loss 6.41868e-03 Validation loss 6.84311e-03 Time taken: 0.09 seconds 
Epoch: 104/200 Train accuracy: 6.95668e-01 Validation accuracy: 6.74667e-01 Training loss 6.42383e-03 Validation loss 6.85199e-03 Time taken: 0.08 seconds 
Epoch: 105/200 Train accuracy: 6.97164e-01 Validation accuracy: 6.78333e-01 Training loss 6.41593e-03 Validation loss 6.83841e-03 Time taken: 0.08 seconds 
Epoch: 106/200 Train accuracy: 6.97520e-01 Validation accuracy: 6.76667e-01 Training loss 6.40699e-03 Validation loss 6.82953e-03 Time taken: 0.08 seconds 
Epoch: 107/200 Train accuracy: 6.98019e-01 Validation accuracy: 6.72333e-01 Training loss 6.40698e-03 Validation loss 6.83277e-03 Time taken: 0.08 seconds 
Epoch: 108/200 Train accuracy: 6.96665e-01 Validation accuracy: 6.77333e-01 Training loss 6.40958e-03 Validation loss 6.82073e-03 Time taken: 0.08 seconds 
Epoch: 109/200 Train accuracy: 6.98803e-01 Validation accuracy: 6.81000e-01 Training loss 6.41555e-03 Validation loss 6.81647e-03 Time taken: 0.08 seconds 
Epoch: 110/200 Train accuracy: 6.98874e-01 Validation accuracy: 6.80667e-01 Training loss 6.41081e-03 Validation loss 6.83567e-03 Time taken: 0.08 seconds 
Epoch: 111/200 Train accuracy: 6.98518e-01 Validation accuracy: 6.78000e-01 Training loss 6.40676e-03 Validation loss 6.82566e-03 Time taken: 0.08 seconds 
Epoch: 112/200 Train accuracy: 6.98375e-01 Validation accuracy: 6.76000e-01 Training loss 6.40304e-03 Validation loss 6.81133e-03 Time taken: 0.10 seconds 
Epoch: 113/200 Train accuracy: 6.96594e-01 Validation accuracy: 6.78667e-01 Training loss 6.40532e-03 Validation loss 6.84718e-03 Time taken: 0.09 seconds 
Epoch: 114/200 Train accuracy: 6.96166e-01 Validation accuracy: 6.81333e-01 Training loss 6.39955e-03 Validation loss 6.82236e-03 Time taken: 0.08 seconds 
Epoch: 115/200 Train accuracy: 6.97307e-01 Validation accuracy: 6.80667e-01 Training loss 6.39833e-03 Validation loss 6.81510e-03 Time taken: 0.08 seconds 
Epoch: 116/200 Train accuracy: 6.97164e-01 Validation accuracy: 6.71000e-01 Training loss 6.39432e-03 Validation loss 6.87590e-03 Time taken: 0.08 seconds 
Epoch: 117/200 Train accuracy: 6.97663e-01 Validation accuracy: 6.79000e-01 Training loss 6.39650e-03 Validation loss 6.83792e-03 Time taken: 0.08 seconds 
Epoch: 118/200 Train accuracy: 6.97307e-01 Validation accuracy: 6.80000e-01 Training loss 6.39917e-03 Validation loss 6.80114e-03 Time taken: 0.08 seconds 
Epoch: 119/200 Train accuracy: 6.96309e-01 Validation accuracy: 6.75000e-01 Training loss 6.39809e-03 Validation loss 6.82759e-03 Time taken: 0.08 seconds 
Epoch: 120/200 Train accuracy: 6.97592e-01 Validation accuracy: 6.81333e-01 Training loss 6.38667e-03 Validation loss 6.79729e-03 Time taken: 0.08 seconds 
Epoch: 121/200 Train accuracy: 6.95810e-01 Validation accuracy: 6.79333e-01 Training loss 6.40200e-03 Validation loss 6.79119e-03 Time taken: 0.11 seconds 
Epoch: 122/200 Train accuracy: 6.95953e-01 Validation accuracy: 6.76667e-01 Training loss 6.38433e-03 Validation loss 6.82205e-03 Time taken: 0.14 seconds 
Epoch: 123/200 Train accuracy: 6.99017e-01 Validation accuracy: 6.80000e-01 Training loss 6.38271e-03 Validation loss 6.79768e-03 Time taken: 0.12 seconds 
Epoch: 124/200 Train accuracy: 6.98447e-01 Validation accuracy: 6.79000e-01 Training loss 6.38207e-03 Validation loss 6.83099e-03 Time taken: 0.14 seconds 
Epoch: 125/200 Train accuracy: 6.98304e-01 Validation accuracy: 6.77667e-01 Training loss 6.39387e-03 Validation loss 6.81553e-03 Time taken: 0.09 seconds 
Epoch: 126/200 Train accuracy: 6.97093e-01 Validation accuracy: 6.81000e-01 Training loss 6.38179e-03 Validation loss 6.80456e-03 Time taken: 0.09 seconds 
Epoch: 127/200 Train accuracy: 6.95953e-01 Validation accuracy: 6.77000e-01 Training loss 6.37837e-03 Validation loss 6.83930e-03 Time taken: 0.08 seconds 
Epoch: 128/200 Train accuracy: 6.99587e-01 Validation accuracy: 6.82333e-01 Training loss 6.38674e-03 Validation loss 6.80842e-03 Time taken: 0.09 seconds 
Epoch: 129/200 Train accuracy: 6.96879e-01 Validation accuracy: 6.82000e-01 Training loss 6.37752e-03 Validation loss 6.78969e-03 Time taken: 0.09 seconds 
Epoch: 130/200 Train accuracy: 6.98945e-01 Validation accuracy: 6.79667e-01 Training loss 6.37671e-03 Validation loss 6.77896e-03 Time taken: 0.12 seconds 
Epoch: 131/200 Train accuracy: 6.98447e-01 Validation accuracy: 6.82000e-01 Training loss 6.37454e-03 Validation loss 6.80958e-03 Time taken: 0.08 seconds 
Epoch: 132/200 Train accuracy: 6.97805e-01 Validation accuracy: 6.74667e-01 Training loss 6.37825e-03 Validation loss 6.86501e-03 Time taken: 0.08 seconds 
Epoch: 133/200 Train accuracy: 6.98304e-01 Validation accuracy: 6.80333e-01 Training loss 6.37539e-03 Validation loss 6.80420e-03 Time taken: 0.08 seconds 
Epoch: 134/200 Train accuracy: 6.98874e-01 Validation accuracy: 6.81333e-01 Training loss 6.37759e-03 Validation loss 6.81740e-03 Time taken: 0.08 seconds 
Epoch: 135/200 Train accuracy: 6.98447e-01 Validation accuracy: 6.72000e-01 Training loss 6.37070e-03 Validation loss 6.84939e-03 Time taken: 0.08 seconds 
Epoch: 136/200 Train accuracy: 6.98090e-01 Validation accuracy: 6.80333e-01 Training loss 6.37046e-03 Validation loss 6.79352e-03 Time taken: 0.08 seconds 
Epoch: 137/200 Train accuracy: 7.00584e-01 Validation accuracy: 6.78667e-01 Training loss 6.35828e-03 Validation loss 6.80052e-03 Time taken: 0.08 seconds 
Epoch: 138/200 Train accuracy: 6.97734e-01 Validation accuracy: 6.82000e-01 Training loss 6.36873e-03 Validation loss 6.81008e-03 Time taken: 0.08 seconds 
Epoch: 139/200 Train accuracy: 7.00086e-01 Validation accuracy: 6.84000e-01 Training loss 6.37108e-03 Validation loss 6.80412e-03 Time taken: 0.08 seconds 
Epoch: 140/200 Train accuracy: 6.99658e-01 Validation accuracy: 6.81000e-01 Training loss 6.36241e-03 Validation loss 6.78393e-03 Time taken: 0.08 seconds 
Epoch: 141/200 Train accuracy: 7.00584e-01 Validation accuracy: 6.81333e-01 Training loss 6.35994e-03 Validation loss 6.79507e-03 Time taken: 0.08 seconds 
Epoch: 142/200 Train accuracy: 6.99017e-01 Validation accuracy: 6.76667e-01 Training loss 6.37474e-03 Validation loss 6.80861e-03 Time taken: 0.09 seconds 
Epoch: 143/200 Train accuracy: 6.98162e-01 Validation accuracy: 6.75000e-01 Training loss 6.36375e-03 Validation loss 6.80212e-03 Time taken: 0.08 seconds 
Epoch: 144/200 Train accuracy: 6.97948e-01 Validation accuracy: 6.83667e-01 Training loss 6.36046e-03 Validation loss 6.77589e-03 Time taken: 0.08 seconds 
Epoch: 145/200 Train accuracy: 6.98019e-01 Validation accuracy: 6.83000e-01 Training loss 6.35810e-03 Validation loss 6.78823e-03 Time taken: 0.10 seconds 
Epoch: 146/200 Train accuracy: 6.99943e-01 Validation accuracy: 6.79000e-01 Training loss 6.35824e-03 Validation loss 6.78080e-03 Time taken: 0.08 seconds 
Epoch: 147/200 Train accuracy: 6.99159e-01 Validation accuracy: 6.82000e-01 Training loss 6.35588e-03 Validation loss 6.78282e-03 Time taken: 0.08 seconds 
Epoch: 148/200 Train accuracy: 7.00584e-01 Validation accuracy: 6.81333e-01 Training loss 6.35370e-03 Validation loss 6.79658e-03 Time taken: 0.08 seconds 
Epoch: 149/200 Train accuracy: 6.99230e-01 Validation accuracy: 6.80667e-01 Training loss 6.35875e-03 Validation loss 6.76167e-03 Time taken: 0.08 seconds 
Epoch: 150/200 Train accuracy: 7.01012e-01 Validation accuracy: 6.82333e-01 Training loss 6.35381e-03 Validation loss 6.78547e-03 Time taken: 0.08 seconds 
Epoch: 151/200 Train accuracy: 6.98945e-01 Validation accuracy: 6.79333e-01 Training loss 6.34804e-03 Validation loss 6.77133e-03 Time taken: 0.08 seconds 
Epoch: 152/200 Train accuracy: 6.98518e-01 Validation accuracy: 6.78333e-01 Training loss 6.35240e-03 Validation loss 6.80770e-03 Time taken: 0.08 seconds 
Epoch: 153/200 Train accuracy: 6.98660e-01 Validation accuracy: 6.83333e-01 Training loss 6.35272e-03 Validation loss 6.78221e-03 Time taken: 0.08 seconds 
Epoch: 154/200 Train accuracy: 6.99872e-01 Validation accuracy: 6.83333e-01 Training loss 6.34868e-03 Validation loss 6.76833e-03 Time taken: 0.08 seconds 
Epoch: 155/200 Train accuracy: 6.99658e-01 Validation accuracy: 6.83000e-01 Training loss 6.34773e-03 Validation loss 6.77516e-03 Time taken: 0.08 seconds 
Epoch: 156/200 Train accuracy: 6.97307e-01 Validation accuracy: 6.78667e-01 Training loss 6.34256e-03 Validation loss 6.77683e-03 Time taken: 0.08 seconds 
Epoch: 157/200 Train accuracy: 6.96736e-01 Validation accuracy: 6.80000e-01 Training loss 6.34398e-03 Validation loss 6.74493e-03 Time taken: 0.08 seconds 
Epoch: 158/200 Train accuracy: 6.99444e-01 Validation accuracy: 6.81333e-01 Training loss 6.34395e-03 Validation loss 6.74781e-03 Time taken: 0.08 seconds 
Epoch: 159/200 Train accuracy: 6.98874e-01 Validation accuracy: 6.84333e-01 Training loss 6.33834e-03 Validation loss 6.76928e-03 Time taken: 0.08 seconds 
Epoch: 160/200 Train accuracy: 7.00584e-01 Validation accuracy: 6.80000e-01 Training loss 6.34314e-03 Validation loss 6.78049e-03 Time taken: 0.08 seconds 
Epoch: 161/200 Train accuracy: 6.99302e-01 Validation accuracy: 6.75333e-01 Training loss 6.33881e-03 Validation loss 6.78711e-03 Time taken: 0.08 seconds 
Epoch: 162/200 Train accuracy: 7.00869e-01 Validation accuracy: 6.81000e-01 Training loss 6.33843e-03 Validation loss 6.78091e-03 Time taken: 0.08 seconds 
Epoch: 163/200 Train accuracy: 6.99017e-01 Validation accuracy: 6.80667e-01 Training loss 6.34186e-03 Validation loss 6.76322e-03 Time taken: 0.08 seconds 
Epoch: 164/200 Train accuracy: 7.01938e-01 Validation accuracy: 6.82333e-01 Training loss 6.33272e-03 Validation loss 6.74815e-03 Time taken: 0.08 seconds 
Epoch: 165/200 Train accuracy: 7.00584e-01 Validation accuracy: 6.85000e-01 Training loss 6.33525e-03 Validation loss 6.74571e-03 Time taken: 0.08 seconds 
Epoch: 166/200 Train accuracy: 6.99017e-01 Validation accuracy: 6.79667e-01 Training loss 6.33616e-03 Validation loss 6.75536e-03 Time taken: 0.08 seconds 
Epoch: 167/200 Train accuracy: 7.01938e-01 Validation accuracy: 6.79000e-01 Training loss 6.32906e-03 Validation loss 6.75796e-03 Time taken: 0.08 seconds 
Epoch: 168/200 Train accuracy: 6.99159e-01 Validation accuracy: 6.73667e-01 Training loss 6.32336e-03 Validation loss 6.79305e-03 Time taken: 0.08 seconds 
Epoch: 169/200 Train accuracy: 7.00299e-01 Validation accuracy: 6.82667e-01 Training loss 6.33320e-03 Validation loss 6.74182e-03 Time taken: 0.08 seconds 
Epoch: 170/200 Train accuracy: 7.00228e-01 Validation accuracy: 6.82333e-01 Training loss 6.32401e-03 Validation loss 6.76319e-03 Time taken: 0.10 seconds 
Epoch: 171/200 Train accuracy: 6.99729e-01 Validation accuracy: 6.85333e-01 Training loss 6.32808e-03 Validation loss 6.75473e-03 Time taken: 0.08 seconds 
Epoch: 172/200 Train accuracy: 7.00371e-01 Validation accuracy: 6.83333e-01 Training loss 6.32528e-03 Validation loss 6.74336e-03 Time taken: 0.08 seconds 
Epoch: 173/200 Train accuracy: 7.02294e-01 Validation accuracy: 6.74333e-01 Training loss 6.32329e-03 Validation loss 6.79452e-03 Time taken: 0.08 seconds 
Epoch: 174/200 Train accuracy: 7.00798e-01 Validation accuracy: 6.82333e-01 Training loss 6.32271e-03 Validation loss 6.77865e-03 Time taken: 0.08 seconds 
Epoch: 175/200 Train accuracy: 7.01938e-01 Validation accuracy: 6.74000e-01 Training loss 6.33607e-03 Validation loss 6.82662e-03 Time taken: 0.08 seconds 
Epoch: 176/200 Train accuracy: 6.97022e-01 Validation accuracy: 6.78667e-01 Training loss 6.33331e-03 Validation loss 6.75690e-03 Time taken: 0.08 seconds 
Epoch: 177/200 Train accuracy: 7.01867e-01 Validation accuracy: 6.82000e-01 Training loss 6.31599e-03 Validation loss 6.74301e-03 Time taken: 0.08 seconds 
Epoch: 178/200 Train accuracy: 7.01653e-01 Validation accuracy: 6.84000e-01 Training loss 6.32695e-03 Validation loss 6.75223e-03 Time taken: 0.08 seconds 
Epoch: 179/200 Train accuracy: 7.01582e-01 Validation accuracy: 6.82667e-01 Training loss 6.32709e-03 Validation loss 6.74839e-03 Time taken: 0.08 seconds 
Epoch: 180/200 Train accuracy: 6.99872e-01 Validation accuracy: 6.79667e-01 Training loss 6.32144e-03 Validation loss 6.72600e-03 Time taken: 0.08 seconds 
Epoch: 181/200 Train accuracy: 7.03078e-01 Validation accuracy: 6.85333e-01 Training loss 6.32084e-03 Validation loss 6.74363e-03 Time taken: 0.08 seconds 
Epoch: 182/200 Train accuracy: 7.02936e-01 Validation accuracy: 6.86000e-01 Training loss 6.32065e-03 Validation loss 6.74862e-03 Time taken: 0.08 seconds 
Epoch: 183/200 Train accuracy: 7.01582e-01 Validation accuracy: 6.81000e-01 Training loss 6.30958e-03 Validation loss 6.73517e-03 Time taken: 0.08 seconds 
Epoch: 184/200 Train accuracy: 7.01653e-01 Validation accuracy: 6.74667e-01 Training loss 6.32432e-03 Validation loss 6.77461e-03 Time taken: 0.08 seconds 
Epoch: 185/200 Train accuracy: 6.99515e-01 Validation accuracy: 6.82667e-01 Training loss 6.31309e-03 Validation loss 6.74071e-03 Time taken: 0.08 seconds 
Epoch: 186/200 Train accuracy: 6.99230e-01 Validation accuracy: 6.82000e-01 Training loss 6.31274e-03 Validation loss 6.72225e-03 Time taken: 0.08 seconds 
Epoch: 187/200 Train accuracy: 7.01083e-01 Validation accuracy: 6.85667e-01 Training loss 6.31743e-03 Validation loss 6.73782e-03 Time taken: 0.08 seconds 
Epoch: 188/200 Train accuracy: 7.01439e-01 Validation accuracy: 6.84000e-01 Training loss 6.30709e-03 Validation loss 6.73114e-03 Time taken: 0.08 seconds 
Epoch: 189/200 Train accuracy: 7.01511e-01 Validation accuracy: 6.81667e-01 Training loss 6.30880e-03 Validation loss 6.74045e-03 Time taken: 0.08 seconds 
Epoch: 190/200 Train accuracy: 7.00513e-01 Validation accuracy: 6.78000e-01 Training loss 6.31137e-03 Validation loss 6.78683e-03 Time taken: 0.08 seconds 
Epoch: 191/200 Train accuracy: 7.02437e-01 Validation accuracy: 6.82667e-01 Training loss 6.31741e-03 Validation loss 6.75301e-03 Time taken: 0.08 seconds 
Epoch: 192/200 Train accuracy: 7.00798e-01 Validation accuracy: 6.83667e-01 Training loss 6.31058e-03 Validation loss 6.73436e-03 Time taken: 0.08 seconds 
Epoch: 193/200 Train accuracy: 7.02152e-01 Validation accuracy: 6.81667e-01 Training loss 6.30354e-03 Validation loss 6.72527e-03 Time taken: 0.08 seconds 
Epoch: 194/200 Train accuracy: 7.02009e-01 Validation accuracy: 6.84000e-01 Training loss 6.30857e-03 Validation loss 6.73037e-03 Time taken: 0.08 seconds 
Epoch: 195/200 Train accuracy: 7.02294e-01 Validation accuracy: 6.78000e-01 Training loss 6.30535e-03 Validation loss 6.78054e-03 Time taken: 0.09 seconds 
Epoch: 196/200 Train accuracy: 6.99444e-01 Validation accuracy: 6.79667e-01 Training loss 6.30221e-03 Validation loss 6.72822e-03 Time taken: 0.08 seconds 
Epoch: 197/200 Train accuracy: 7.01653e-01 Validation accuracy: 6.85333e-01 Training loss 6.30302e-03 Validation loss 6.71550e-03 Time taken: 0.08 seconds 
Epoch: 198/200 Train accuracy: 6.99800e-01 Validation accuracy: 6.85000e-01 Training loss 6.30464e-03 Validation loss 6.74092e-03 Time taken: 0.08 seconds 
Epoch: 199/200 Train accuracy: 7.01511e-01 Validation accuracy: 6.83333e-01 Training loss 6.30554e-03 Validation loss 6.72253e-03 Time taken: 0.08 seconds 
Epoch: 200/200 Train accuracy: 7.01867e-01 Validation accuracy: 6.82667e-01 Training loss 6.29907e-03 Validation loss 6.73194e-03 Time taken: 0.08 seconds 
Total time taken 0:00:19.678406
Cleaning up intermediate feature (.pt) files
Done


working on file logs_PKT_chunks_different_seeds/iic-train-l2-seed4-pred12/jepa-iic-ep200.pth.tar ...
Directory logs_PKT_chunks_different_seeds/iic-train-l2-seed4-pred12/classifiers for saving the classifiers is now present
VisionTransformer(
  (patch_embed): PatchEmbed(
    (proj): Conv2d(3, 768, kernel_size=(15, 15), stride=(15, 15))
  )
  (blocks): ModuleList(
    (0-11): 12 x Block(
      (norm1): LayerNorm((768,), eps=1e-06, elementwise_affine=True)
      (attn): Attention(
        (qkv): Linear(in_features=768, out_features=2304, bias=True)
        (attn_drop): Dropout(p=0.0, inplace=False)
        (proj): Linear(in_features=768, out_features=768, bias=True)
        (proj_drop): Dropout(p=0.0, inplace=False)
      )
      (drop_path): Identity()
      (norm2): LayerNorm((768,), eps=1e-06, elementwise_affine=True)
      (mlp): MLP(
        (fc1): Linear(in_features=768, out_features=3072, bias=True)
        (act): GELU(approximate='none')
        (fc2): Linear(in_features=3072, out_features=768, bias=True)
        (drop): Dropout(p=0.0, inplace=False)
      )
    )
  )
  (norm): LayerNorm((768,), eps=1e-06, elementwise_affine=True)
)
Extracting features and saving them in memory..
Extracting features...
Time taken to extract features: 24.95813022600487
Epoch: 1/200 Train accuracy: 4.05729e-01 Validation accuracy: 5.38000e-01 Training loss 1.23756e-02 Validation loss 1.02605e-02 Time taken: 0.12 seconds 
Epoch: 2/200 Train accuracy: 5.85863e-01 Validation accuracy: 6.07000e-01 Training loss 9.10133e-03 Validation loss 8.86822e-03 Time taken: 0.17 seconds 
Epoch: 3/200 Train accuracy: 6.33462e-01 Validation accuracy: 6.25667e-01 Training loss 8.13597e-03 Validation loss 8.17432e-03 Time taken: 0.16 seconds 
Epoch: 4/200 Train accuracy: 6.50135e-01 Validation accuracy: 6.45667e-01 Training loss 7.62956e-03 Validation loss 7.80611e-03 Time taken: 0.16 seconds 
Epoch: 5/200 Train accuracy: 6.62106e-01 Validation accuracy: 6.58000e-01 Training loss 7.32108e-03 Validation loss 7.54984e-03 Time taken: 0.16 seconds 
Epoch: 6/200 Train accuracy: 6.68377e-01 Validation accuracy: 6.64667e-01 Training loss 7.09730e-03 Validation loss 7.34778e-03 Time taken: 0.16 seconds 
Epoch: 7/200 Train accuracy: 6.76856e-01 Validation accuracy: 6.71333e-01 Training loss 6.91837e-03 Validation loss 7.19826e-03 Time taken: 0.16 seconds 
Epoch: 8/200 Train accuracy: 6.79136e-01 Validation accuracy: 6.72667e-01 Training loss 6.79762e-03 Validation loss 7.08194e-03 Time taken: 0.16 seconds 
Epoch: 9/200 Train accuracy: 6.80918e-01 Validation accuracy: 6.73000e-01 Training loss 6.68962e-03 Validation loss 7.00206e-03 Time taken: 0.16 seconds 
Epoch: 10/200 Train accuracy: 6.87402e-01 Validation accuracy: 6.76000e-01 Training loss 6.60385e-03 Validation loss 6.89993e-03 Time taken: 0.14 seconds 
Epoch: 11/200 Train accuracy: 6.87758e-01 Validation accuracy: 6.80333e-01 Training loss 6.52529e-03 Validation loss 6.87618e-03 Time taken: 0.17 seconds 
Epoch: 12/200 Train accuracy: 6.91107e-01 Validation accuracy: 6.83333e-01 Training loss 6.46413e-03 Validation loss 6.77353e-03 Time taken: 0.16 seconds 
Epoch: 13/200 Train accuracy: 6.94741e-01 Validation accuracy: 6.87667e-01 Training loss 6.41225e-03 Validation loss 6.74094e-03 Time taken: 0.14 seconds 
Epoch: 14/200 Train accuracy: 6.96736e-01 Validation accuracy: 6.90667e-01 Training loss 6.35420e-03 Validation loss 6.66593e-03 Time taken: 0.17 seconds 
Epoch: 15/200 Train accuracy: 6.97805e-01 Validation accuracy: 6.93333e-01 Training loss 6.32233e-03 Validation loss 6.64171e-03 Time taken: 0.16 seconds 
Epoch: 16/200 Train accuracy: 7.00371e-01 Validation accuracy: 6.93000e-01 Training loss 6.27361e-03 Validation loss 6.61947e-03 Time taken: 0.16 seconds 
Epoch: 17/200 Train accuracy: 7.01796e-01 Validation accuracy: 6.91333e-01 Training loss 6.24726e-03 Validation loss 6.57261e-03 Time taken: 0.15 seconds 
Epoch: 18/200 Train accuracy: 7.02508e-01 Validation accuracy: 6.93000e-01 Training loss 6.21330e-03 Validation loss 6.53326e-03 Time taken: 0.09 seconds 
Epoch: 19/200 Train accuracy: 7.03149e-01 Validation accuracy: 6.95667e-01 Training loss 6.18162e-03 Validation loss 6.50652e-03 Time taken: 0.12 seconds 
Epoch: 20/200 Train accuracy: 7.05643e-01 Validation accuracy: 6.97333e-01 Training loss 6.14998e-03 Validation loss 6.48410e-03 Time taken: 0.13 seconds 
Epoch: 21/200 Train accuracy: 7.07211e-01 Validation accuracy: 6.95667e-01 Training loss 6.12279e-03 Validation loss 6.48549e-03 Time taken: 0.14 seconds 
Epoch: 22/200 Train accuracy: 7.05928e-01 Validation accuracy: 6.97333e-01 Training loss 6.10933e-03 Validation loss 6.42169e-03 Time taken: 0.08 seconds 
Epoch: 23/200 Train accuracy: 7.08707e-01 Validation accuracy: 6.96667e-01 Training loss 6.08736e-03 Validation loss 6.40295e-03 Time taken: 0.08 seconds 
Epoch: 24/200 Train accuracy: 7.10133e-01 Validation accuracy: 7.01667e-01 Training loss 6.06961e-03 Validation loss 6.40280e-03 Time taken: 0.09 seconds 
Epoch: 25/200 Train accuracy: 7.08565e-01 Validation accuracy: 6.98000e-01 Training loss 6.04989e-03 Validation loss 6.38593e-03 Time taken: 0.08 seconds 
Epoch: 26/200 Train accuracy: 7.10275e-01 Validation accuracy: 7.04000e-01 Training loss 6.03351e-03 Validation loss 6.34944e-03 Time taken: 0.08 seconds 
Epoch: 27/200 Train accuracy: 7.11914e-01 Validation accuracy: 7.07000e-01 Training loss 6.01349e-03 Validation loss 6.34152e-03 Time taken: 0.10 seconds 
Epoch: 28/200 Train accuracy: 7.13695e-01 Validation accuracy: 7.03667e-01 Training loss 6.00420e-03 Validation loss 6.36252e-03 Time taken: 0.08 seconds 
Epoch: 29/200 Train accuracy: 7.12199e-01 Validation accuracy: 6.98333e-01 Training loss 5.99346e-03 Validation loss 6.36884e-03 Time taken: 0.08 seconds 
Epoch: 30/200 Train accuracy: 7.14479e-01 Validation accuracy: 7.06333e-01 Training loss 5.97844e-03 Validation loss 6.32670e-03 Time taken: 0.08 seconds 
Epoch: 31/200 Train accuracy: 7.16189e-01 Validation accuracy: 7.06333e-01 Training loss 5.96121e-03 Validation loss 6.29806e-03 Time taken: 0.08 seconds 
Epoch: 32/200 Train accuracy: 7.15334e-01 Validation accuracy: 7.05667e-01 Training loss 5.95529e-03 Validation loss 6.30041e-03 Time taken: 0.09 seconds 
Epoch: 33/200 Train accuracy: 7.17401e-01 Validation accuracy: 7.03000e-01 Training loss 5.93889e-03 Validation loss 6.30233e-03 Time taken: 0.09 seconds 
Epoch: 34/200 Train accuracy: 7.16617e-01 Validation accuracy: 7.01000e-01 Training loss 5.92842e-03 Validation loss 6.29848e-03 Time taken: 0.08 seconds 
Epoch: 35/200 Train accuracy: 7.16189e-01 Validation accuracy: 7.10333e-01 Training loss 5.92922e-03 Validation loss 6.26251e-03 Time taken: 0.08 seconds 
Epoch: 36/200 Train accuracy: 7.15548e-01 Validation accuracy: 7.02667e-01 Training loss 5.91404e-03 Validation loss 6.23782e-03 Time taken: 0.08 seconds 
Epoch: 37/200 Train accuracy: 7.19324e-01 Validation accuracy: 7.08667e-01 Training loss 5.90476e-03 Validation loss 6.25711e-03 Time taken: 0.08 seconds 
Epoch: 38/200 Train accuracy: 7.18826e-01 Validation accuracy: 7.12000e-01 Training loss 5.89177e-03 Validation loss 6.22717e-03 Time taken: 0.08 seconds 
Epoch: 39/200 Train accuracy: 7.18398e-01 Validation accuracy: 7.12667e-01 Training loss 5.88936e-03 Validation loss 6.20184e-03 Time taken: 0.08 seconds 
Epoch: 40/200 Train accuracy: 7.19752e-01 Validation accuracy: 7.07667e-01 Training loss 5.88282e-03 Validation loss 6.21961e-03 Time taken: 0.08 seconds 
Epoch: 41/200 Train accuracy: 7.20821e-01 Validation accuracy: 7.12667e-01 Training loss 5.86852e-03 Validation loss 6.20913e-03 Time taken: 0.08 seconds 
Epoch: 42/200 Train accuracy: 7.21248e-01 Validation accuracy: 7.12333e-01 Training loss 5.86053e-03 Validation loss 6.21111e-03 Time taken: 0.08 seconds 
Epoch: 43/200 Train accuracy: 7.19823e-01 Validation accuracy: 7.11000e-01 Training loss 5.86168e-03 Validation loss 6.20428e-03 Time taken: 0.08 seconds 
Epoch: 44/200 Train accuracy: 7.19039e-01 Validation accuracy: 7.06000e-01 Training loss 5.86163e-03 Validation loss 6.19731e-03 Time taken: 0.08 seconds 
Epoch: 45/200 Train accuracy: 7.18256e-01 Validation accuracy: 7.07667e-01 Training loss 5.86127e-03 Validation loss 6.22773e-03 Time taken: 0.08 seconds 
Epoch: 46/200 Train accuracy: 7.21462e-01 Validation accuracy: 7.11000e-01 Training loss 5.84251e-03 Validation loss 6.22206e-03 Time taken: 0.08 seconds 
Epoch: 47/200 Train accuracy: 7.21177e-01 Validation accuracy: 7.08667e-01 Training loss 5.84112e-03 Validation loss 6.16633e-03 Time taken: 0.08 seconds 
Epoch: 48/200 Train accuracy: 7.20180e-01 Validation accuracy: 7.11000e-01 Training loss 5.83897e-03 Validation loss 6.19649e-03 Time taken: 0.08 seconds 
Epoch: 49/200 Train accuracy: 7.22103e-01 Validation accuracy: 7.11000e-01 Training loss 5.82737e-03 Validation loss 6.16615e-03 Time taken: 0.08 seconds 
Epoch: 50/200 Train accuracy: 7.21035e-01 Validation accuracy: 7.09333e-01 Training loss 5.82050e-03 Validation loss 6.15381e-03 Time taken: 0.08 seconds 
Epoch: 51/200 Train accuracy: 7.23885e-01 Validation accuracy: 7.15333e-01 Training loss 5.82112e-03 Validation loss 6.16964e-03 Time taken: 0.08 seconds 
Epoch: 52/200 Train accuracy: 7.22816e-01 Validation accuracy: 7.09000e-01 Training loss 5.81275e-03 Validation loss 6.16669e-03 Time taken: 0.08 seconds 
Epoch: 53/200 Train accuracy: 7.22317e-01 Validation accuracy: 7.10000e-01 Training loss 5.80980e-03 Validation loss 6.19713e-03 Time taken: 0.08 seconds 
Epoch: 54/200 Train accuracy: 7.22388e-01 Validation accuracy: 7.17000e-01 Training loss 5.80719e-03 Validation loss 6.15281e-03 Time taken: 0.08 seconds 
Epoch: 55/200 Train accuracy: 7.23457e-01 Validation accuracy: 7.12333e-01 Training loss 5.80096e-03 Validation loss 6.15311e-03 Time taken: 0.08 seconds 
Epoch: 56/200 Train accuracy: 7.24170e-01 Validation accuracy: 7.13667e-01 Training loss 5.79593e-03 Validation loss 6.14130e-03 Time taken: 0.08 seconds 
Epoch: 57/200 Train accuracy: 7.24170e-01 Validation accuracy: 7.12333e-01 Training loss 5.78723e-03 Validation loss 6.18555e-03 Time taken: 0.08 seconds 
Epoch: 58/200 Train accuracy: 7.24669e-01 Validation accuracy: 7.10000e-01 Training loss 5.79278e-03 Validation loss 6.13935e-03 Time taken: 0.10 seconds 
Epoch: 59/200 Train accuracy: 7.23529e-01 Validation accuracy: 7.10000e-01 Training loss 5.78559e-03 Validation loss 6.16800e-03 Time taken: 0.08 seconds 
Epoch: 60/200 Train accuracy: 7.23671e-01 Validation accuracy: 7.14333e-01 Training loss 5.78095e-03 Validation loss 6.15938e-03 Time taken: 0.08 seconds 
Epoch: 61/200 Train accuracy: 7.24740e-01 Validation accuracy: 7.14000e-01 Training loss 5.76918e-03 Validation loss 6.12364e-03 Time taken: 0.08 seconds 
Epoch: 62/200 Train accuracy: 7.23742e-01 Validation accuracy: 7.19667e-01 Training loss 5.77085e-03 Validation loss 6.14813e-03 Time taken: 0.08 seconds 
Epoch: 63/200 Train accuracy: 7.22959e-01 Validation accuracy: 7.14000e-01 Training loss 5.77298e-03 Validation loss 6.14065e-03 Time taken: 0.08 seconds 
Epoch: 64/200 Train accuracy: 7.21462e-01 Validation accuracy: 7.06667e-01 Training loss 5.77389e-03 Validation loss 6.12047e-03 Time taken: 0.08 seconds 
Epoch: 65/200 Train accuracy: 7.24099e-01 Validation accuracy: 7.09000e-01 Training loss 5.75987e-03 Validation loss 6.12019e-03 Time taken: 0.08 seconds 
Epoch: 66/200 Train accuracy: 7.22745e-01 Validation accuracy: 7.18333e-01 Training loss 5.76831e-03 Validation loss 6.12234e-03 Time taken: 0.08 seconds 
Epoch: 67/200 Train accuracy: 7.24882e-01 Validation accuracy: 7.03667e-01 Training loss 5.76043e-03 Validation loss 6.15282e-03 Time taken: 0.08 seconds 
Epoch: 68/200 Train accuracy: 7.25310e-01 Validation accuracy: 7.12667e-01 Training loss 5.76396e-03 Validation loss 6.09484e-03 Time taken: 0.08 seconds 
Epoch: 69/200 Train accuracy: 7.23386e-01 Validation accuracy: 7.09667e-01 Training loss 5.75624e-03 Validation loss 6.13347e-03 Time taken: 0.08 seconds 
Epoch: 70/200 Train accuracy: 7.22674e-01 Validation accuracy: 7.06333e-01 Training loss 5.75467e-03 Validation loss 6.11678e-03 Time taken: 0.11 seconds 
Epoch: 71/200 Train accuracy: 7.24099e-01 Validation accuracy: 7.16000e-01 Training loss 5.74329e-03 Validation loss 6.10098e-03 Time taken: 0.16 seconds 
Epoch: 72/200 Train accuracy: 7.25951e-01 Validation accuracy: 7.12667e-01 Training loss 5.74747e-03 Validation loss 6.16434e-03 Time taken: 0.16 seconds 
Epoch: 73/200 Train accuracy: 7.26521e-01 Validation accuracy: 7.09667e-01 Training loss 5.73862e-03 Validation loss 6.08726e-03 Time taken: 0.17 seconds 
Epoch: 74/200 Train accuracy: 7.24455e-01 Validation accuracy: 7.14667e-01 Training loss 5.73013e-03 Validation loss 6.10456e-03 Time taken: 0.15 seconds 
Epoch: 75/200 Train accuracy: 7.24597e-01 Validation accuracy: 7.15333e-01 Training loss 5.73631e-03 Validation loss 6.10261e-03 Time taken: 0.14 seconds 
Epoch: 76/200 Train accuracy: 7.25310e-01 Validation accuracy: 7.16333e-01 Training loss 5.72785e-03 Validation loss 6.09418e-03 Time taken: 0.14 seconds 
Epoch: 77/200 Train accuracy: 7.26165e-01 Validation accuracy: 7.15333e-01 Training loss 5.72776e-03 Validation loss 6.11291e-03 Time taken: 0.16 seconds 
Epoch: 78/200 Train accuracy: 7.25951e-01 Validation accuracy: 7.08000e-01 Training loss 5.73224e-03 Validation loss 6.07561e-03 Time taken: 0.15 seconds 
Epoch: 79/200 Train accuracy: 7.25666e-01 Validation accuracy: 7.16333e-01 Training loss 5.72782e-03 Validation loss 6.14441e-03 Time taken: 0.16 seconds 
Epoch: 80/200 Train accuracy: 7.26094e-01 Validation accuracy: 7.12000e-01 Training loss 5.72972e-03 Validation loss 6.10075e-03 Time taken: 0.14 seconds 
Epoch: 81/200 Train accuracy: 7.26521e-01 Validation accuracy: 7.14000e-01 Training loss 5.71636e-03 Validation loss 6.11901e-03 Time taken: 0.08 seconds 
Epoch: 82/200 Train accuracy: 7.26521e-01 Validation accuracy: 7.19333e-01 Training loss 5.72366e-03 Validation loss 6.11574e-03 Time taken: 0.08 seconds 
Epoch: 83/200 Train accuracy: 7.27163e-01 Validation accuracy: 7.11333e-01 Training loss 5.72391e-03 Validation loss 6.07490e-03 Time taken: 0.08 seconds 
Epoch: 84/200 Train accuracy: 7.26806e-01 Validation accuracy: 7.14333e-01 Training loss 5.71236e-03 Validation loss 6.06806e-03 Time taken: 0.08 seconds 
Epoch: 85/200 Train accuracy: 7.26094e-01 Validation accuracy: 7.12333e-01 Training loss 5.72014e-03 Validation loss 6.05835e-03 Time taken: 0.08 seconds 
Epoch: 86/200 Train accuracy: 7.24241e-01 Validation accuracy: 7.17333e-01 Training loss 5.72237e-03 Validation loss 6.07314e-03 Time taken: 0.08 seconds 
Epoch: 87/200 Train accuracy: 7.26521e-01 Validation accuracy: 7.08333e-01 Training loss 5.70482e-03 Validation loss 6.06973e-03 Time taken: 0.08 seconds 
Epoch: 88/200 Train accuracy: 7.26094e-01 Validation accuracy: 7.17333e-01 Training loss 5.69722e-03 Validation loss 6.06263e-03 Time taken: 0.08 seconds 
Epoch: 89/200 Train accuracy: 7.26379e-01 Validation accuracy: 7.14000e-01 Training loss 5.70025e-03 Validation loss 6.09298e-03 Time taken: 0.08 seconds 
Epoch: 90/200 Train accuracy: 7.26664e-01 Validation accuracy: 7.13000e-01 Training loss 5.70868e-03 Validation loss 6.05518e-03 Time taken: 0.08 seconds 
Epoch: 91/200 Train accuracy: 7.26878e-01 Validation accuracy: 7.16333e-01 Training loss 5.70980e-03 Validation loss 6.09707e-03 Time taken: 0.08 seconds 
Epoch: 92/200 Train accuracy: 7.26094e-01 Validation accuracy: 7.20333e-01 Training loss 5.70226e-03 Validation loss 6.07120e-03 Time taken: 0.08 seconds 
Epoch: 93/200 Train accuracy: 7.27661e-01 Validation accuracy: 7.09667e-01 Training loss 5.69456e-03 Validation loss 6.05244e-03 Time taken: 0.08 seconds 
Epoch: 94/200 Train accuracy: 7.27733e-01 Validation accuracy: 7.11333e-01 Training loss 5.69438e-03 Validation loss 6.05984e-03 Time taken: 0.08 seconds 
Epoch: 95/200 Train accuracy: 7.27590e-01 Validation accuracy: 7.15000e-01 Training loss 5.68736e-03 Validation loss 6.10416e-03 Time taken: 0.08 seconds 
Epoch: 96/200 Train accuracy: 7.27091e-01 Validation accuracy: 7.07667e-01 Training loss 5.68862e-03 Validation loss 6.07014e-03 Time taken: 0.08 seconds 
Epoch: 97/200 Train accuracy: 7.27661e-01 Validation accuracy: 7.04000e-01 Training loss 5.68843e-03 Validation loss 6.08483e-03 Time taken: 0.08 seconds 
Epoch: 98/200 Train accuracy: 7.26165e-01 Validation accuracy: 7.15000e-01 Training loss 5.68501e-03 Validation loss 6.07082e-03 Time taken: 0.08 seconds 
Epoch: 99/200 Train accuracy: 7.28730e-01 Validation accuracy: 7.14667e-01 Training loss 5.68838e-03 Validation loss 6.07132e-03 Time taken: 0.08 seconds 
Epoch: 100/200 Train accuracy: 7.26521e-01 Validation accuracy: 7.13000e-01 Training loss 5.68196e-03 Validation loss 6.11143e-03 Time taken: 0.08 seconds 
Epoch: 101/200 Train accuracy: 7.26735e-01 Validation accuracy: 7.14333e-01 Training loss 5.68688e-03 Validation loss 6.03715e-03 Time taken: 0.10 seconds 
Epoch: 102/200 Train accuracy: 7.28374e-01 Validation accuracy: 7.12000e-01 Training loss 5.67583e-03 Validation loss 6.04175e-03 Time taken: 0.08 seconds 
Epoch: 103/200 Train accuracy: 7.30013e-01 Validation accuracy: 7.12667e-01 Training loss 5.67825e-03 Validation loss 6.03514e-03 Time taken: 0.08 seconds 
Epoch: 104/200 Train accuracy: 7.29015e-01 Validation accuracy: 7.13333e-01 Training loss 5.68087e-03 Validation loss 6.05155e-03 Time taken: 0.08 seconds 
Epoch: 105/200 Train accuracy: 7.26236e-01 Validation accuracy: 7.10667e-01 Training loss 5.66912e-03 Validation loss 6.11222e-03 Time taken: 0.08 seconds 
Epoch: 106/200 Train accuracy: 7.29585e-01 Validation accuracy: 7.17667e-01 Training loss 5.67146e-03 Validation loss 6.04490e-03 Time taken: 0.08 seconds 
Epoch: 107/200 Train accuracy: 7.29372e-01 Validation accuracy: 7.13667e-01 Training loss 5.66955e-03 Validation loss 6.04967e-03 Time taken: 0.08 seconds 
Epoch: 108/200 Train accuracy: 7.28231e-01 Validation accuracy: 7.05667e-01 Training loss 5.67460e-03 Validation loss 6.06517e-03 Time taken: 0.08 seconds 
Epoch: 109/200 Train accuracy: 7.30155e-01 Validation accuracy: 7.11667e-01 Training loss 5.66735e-03 Validation loss 6.05456e-03 Time taken: 0.08 seconds 
Epoch: 110/200 Train accuracy: 7.27590e-01 Validation accuracy: 7.12000e-01 Training loss 5.68239e-03 Validation loss 6.03649e-03 Time taken: 0.08 seconds 
Epoch: 111/200 Train accuracy: 7.27804e-01 Validation accuracy: 7.09667e-01 Training loss 5.66690e-03 Validation loss 6.07082e-03 Time taken: 0.08 seconds 
Epoch: 112/200 Train accuracy: 7.29229e-01 Validation accuracy: 7.13333e-01 Training loss 5.67098e-03 Validation loss 6.02055e-03 Time taken: 0.08 seconds 
Epoch: 113/200 Train accuracy: 7.29942e-01 Validation accuracy: 7.14333e-01 Training loss 5.66252e-03 Validation loss 6.07796e-03 Time taken: 0.08 seconds 
Epoch: 114/200 Train accuracy: 7.29372e-01 Validation accuracy: 7.16000e-01 Training loss 5.65887e-03 Validation loss 6.02519e-03 Time taken: 0.08 seconds 
Epoch: 115/200 Train accuracy: 7.29158e-01 Validation accuracy: 7.11333e-01 Training loss 5.65848e-03 Validation loss 6.03965e-03 Time taken: 0.08 seconds 
Epoch: 116/200 Train accuracy: 7.28588e-01 Validation accuracy: 7.12333e-01 Training loss 5.67178e-03 Validation loss 6.02402e-03 Time taken: 0.08 seconds 
Epoch: 117/200 Train accuracy: 7.29942e-01 Validation accuracy: 7.18667e-01 Training loss 5.65887e-03 Validation loss 6.04390e-03 Time taken: 0.08 seconds 
Epoch: 118/200 Train accuracy: 7.29229e-01 Validation accuracy: 7.18333e-01 Training loss 5.65697e-03 Validation loss 6.03545e-03 Time taken: 0.08 seconds 
Epoch: 119/200 Train accuracy: 7.31438e-01 Validation accuracy: 7.13667e-01 Training loss 5.65650e-03 Validation loss 6.01204e-03 Time taken: 0.08 seconds 
Epoch: 120/200 Train accuracy: 7.27804e-01 Validation accuracy: 7.18667e-01 Training loss 5.66189e-03 Validation loss 6.05474e-03 Time taken: 0.08 seconds 
Epoch: 121/200 Train accuracy: 7.30155e-01 Validation accuracy: 7.12667e-01 Training loss 5.64750e-03 Validation loss 6.02505e-03 Time taken: 0.08 seconds 
Epoch: 122/200 Train accuracy: 7.28588e-01 Validation accuracy: 7.17333e-01 Training loss 5.64997e-03 Validation loss 6.02846e-03 Time taken: 0.08 seconds 
Epoch: 123/200 Train accuracy: 7.28303e-01 Validation accuracy: 7.13000e-01 Training loss 5.65673e-03 Validation loss 6.03739e-03 Time taken: 0.08 seconds 
Epoch: 124/200 Train accuracy: 7.27733e-01 Validation accuracy: 7.14333e-01 Training loss 5.65004e-03 Validation loss 6.00954e-03 Time taken: 0.08 seconds 
Epoch: 125/200 Train accuracy: 7.30013e-01 Validation accuracy: 7.15000e-01 Training loss 5.64177e-03 Validation loss 6.02512e-03 Time taken: 0.08 seconds 
Epoch: 126/200 Train accuracy: 7.29585e-01 Validation accuracy: 7.18333e-01 Training loss 5.63877e-03 Validation loss 6.03260e-03 Time taken: 0.08 seconds 
Epoch: 127/200 Train accuracy: 7.27305e-01 Validation accuracy: 7.19333e-01 Training loss 5.65784e-03 Validation loss 6.01557e-03 Time taken: 0.10 seconds 
Epoch: 128/200 Train accuracy: 7.28303e-01 Validation accuracy: 7.17333e-01 Training loss 5.64589e-03 Validation loss 6.03846e-03 Time taken: 0.08 seconds 
Epoch: 129/200 Train accuracy: 7.29087e-01 Validation accuracy: 7.14333e-01 Training loss 5.64970e-03 Validation loss 6.00389e-03 Time taken: 0.08 seconds 
Epoch: 130/200 Train accuracy: 7.29443e-01 Validation accuracy: 7.17667e-01 Training loss 5.64157e-03 Validation loss 6.00879e-03 Time taken: 0.08 seconds 
Epoch: 131/200 Train accuracy: 7.28730e-01 Validation accuracy: 7.19000e-01 Training loss 5.63399e-03 Validation loss 6.02594e-03 Time taken: 0.08 seconds 
Epoch: 132/200 Train accuracy: 7.30155e-01 Validation accuracy: 7.14667e-01 Training loss 5.64007e-03 Validation loss 6.01834e-03 Time taken: 0.08 seconds 
Epoch: 133/200 Train accuracy: 7.30797e-01 Validation accuracy: 7.19000e-01 Training loss 5.63887e-03 Validation loss 6.04336e-03 Time taken: 0.08 seconds 
Epoch: 134/200 Train accuracy: 7.30654e-01 Validation accuracy: 7.11667e-01 Training loss 5.64056e-03 Validation loss 6.03183e-03 Time taken: 0.08 seconds 
Epoch: 135/200 Train accuracy: 7.29585e-01 Validation accuracy: 7.14000e-01 Training loss 5.63374e-03 Validation loss 6.00115e-03 Time taken: 0.08 seconds 
Epoch: 136/200 Train accuracy: 7.30369e-01 Validation accuracy: 7.12667e-01 Training loss 5.63144e-03 Validation loss 6.00828e-03 Time taken: 0.08 seconds 
Epoch: 137/200 Train accuracy: 7.29657e-01 Validation accuracy: 7.20667e-01 Training loss 5.63096e-03 Validation loss 6.01248e-03 Time taken: 0.08 seconds 
Epoch: 138/200 Train accuracy: 7.31295e-01 Validation accuracy: 7.16000e-01 Training loss 5.63808e-03 Validation loss 6.01371e-03 Time taken: 0.08 seconds 
Epoch: 139/200 Train accuracy: 7.28516e-01 Validation accuracy: 7.06000e-01 Training loss 5.62685e-03 Validation loss 6.03966e-03 Time taken: 0.08 seconds 
Epoch: 140/200 Train accuracy: 7.29372e-01 Validation accuracy: 7.16333e-01 Training loss 5.62949e-03 Validation loss 6.04176e-03 Time taken: 0.08 seconds 
Epoch: 141/200 Train accuracy: 7.31224e-01 Validation accuracy: 7.14667e-01 Training loss 5.62623e-03 Validation loss 5.99517e-03 Time taken: 0.08 seconds 
Epoch: 142/200 Train accuracy: 7.30155e-01 Validation accuracy: 7.13333e-01 Training loss 5.62128e-03 Validation loss 6.00016e-03 Time taken: 0.08 seconds 
Epoch: 143/200 Train accuracy: 7.29799e-01 Validation accuracy: 7.16000e-01 Training loss 5.62591e-03 Validation loss 5.99504e-03 Time taken: 0.08 seconds 
Epoch: 144/200 Train accuracy: 7.29870e-01 Validation accuracy: 7.11667e-01 Training loss 5.62225e-03 Validation loss 6.00554e-03 Time taken: 0.08 seconds 
Epoch: 145/200 Train accuracy: 7.30369e-01 Validation accuracy: 7.16000e-01 Training loss 5.62094e-03 Validation loss 5.99511e-03 Time taken: 0.08 seconds 
Epoch: 146/200 Train accuracy: 7.31082e-01 Validation accuracy: 7.14667e-01 Training loss 5.62280e-03 Validation loss 5.99330e-03 Time taken: 0.08 seconds 
Epoch: 147/200 Train accuracy: 7.30227e-01 Validation accuracy: 7.14667e-01 Training loss 5.62007e-03 Validation loss 6.00027e-03 Time taken: 0.08 seconds 
Epoch: 148/200 Train accuracy: 7.30725e-01 Validation accuracy: 7.14667e-01 Training loss 5.61845e-03 Validation loss 6.00702e-03 Time taken: 0.08 seconds 
Epoch: 149/200 Train accuracy: 7.30725e-01 Validation accuracy: 7.14333e-01 Training loss 5.62024e-03 Validation loss 5.97780e-03 Time taken: 0.08 seconds 
Epoch: 150/200 Train accuracy: 7.31652e-01 Validation accuracy: 7.21000e-01 Training loss 5.63102e-03 Validation loss 6.01905e-03 Time taken: 0.08 seconds 
Epoch: 151/200 Train accuracy: 7.32293e-01 Validation accuracy: 7.11000e-01 Training loss 5.61909e-03 Validation loss 6.00425e-03 Time taken: 0.08 seconds 
Epoch: 152/200 Train accuracy: 7.30298e-01 Validation accuracy: 7.10333e-01 Training loss 5.62145e-03 Validation loss 6.03276e-03 Time taken: 0.08 seconds 
Epoch: 153/200 Train accuracy: 7.31438e-01 Validation accuracy: 7.18000e-01 Training loss 5.62134e-03 Validation loss 5.97573e-03 Time taken: 0.11 seconds 
Epoch: 154/200 Train accuracy: 7.32507e-01 Validation accuracy: 7.16667e-01 Training loss 5.61704e-03 Validation loss 5.98136e-03 Time taken: 0.16 seconds 
Epoch: 155/200 Train accuracy: 7.29657e-01 Validation accuracy: 7.18000e-01 Training loss 5.61639e-03 Validation loss 5.97959e-03 Time taken: 0.16 seconds 
Epoch: 156/200 Train accuracy: 7.31865e-01 Validation accuracy: 7.15000e-01 Training loss 5.61902e-03 Validation loss 5.97698e-03 Time taken: 0.16 seconds 
Epoch: 157/200 Train accuracy: 7.31153e-01 Validation accuracy: 7.14667e-01 Training loss 5.60932e-03 Validation loss 5.99046e-03 Time taken: 0.10 seconds 
Epoch: 158/200 Train accuracy: 7.30939e-01 Validation accuracy: 7.18667e-01 Training loss 5.60955e-03 Validation loss 5.99708e-03 Time taken: 0.08 seconds 
Epoch: 159/200 Train accuracy: 7.31865e-01 Validation accuracy: 7.12000e-01 Training loss 5.60638e-03 Validation loss 6.00334e-03 Time taken: 0.08 seconds 
Epoch: 160/200 Train accuracy: 7.31082e-01 Validation accuracy: 7.22000e-01 Training loss 5.60747e-03 Validation loss 5.98987e-03 Time taken: 0.08 seconds 
Epoch: 161/200 Train accuracy: 7.34288e-01 Validation accuracy: 7.17000e-01 Training loss 5.60576e-03 Validation loss 5.98278e-03 Time taken: 0.08 seconds 
Epoch: 162/200 Train accuracy: 7.30583e-01 Validation accuracy: 7.17667e-01 Training loss 5.60367e-03 Validation loss 5.97749e-03 Time taken: 0.08 seconds 
Epoch: 163/200 Train accuracy: 7.32079e-01 Validation accuracy: 7.18667e-01 Training loss 5.61132e-03 Validation loss 5.99437e-03 Time taken: 0.08 seconds 
Epoch: 164/200 Train accuracy: 7.31438e-01 Validation accuracy: 7.15000e-01 Training loss 5.60504e-03 Validation loss 5.97111e-03 Time taken: 0.08 seconds 
Epoch: 165/200 Train accuracy: 7.32008e-01 Validation accuracy: 7.14333e-01 Training loss 5.60289e-03 Validation loss 5.99178e-03 Time taken: 0.08 seconds 
Epoch: 166/200 Train accuracy: 7.33006e-01 Validation accuracy: 7.17333e-01 Training loss 5.59957e-03 Validation loss 6.01049e-03 Time taken: 0.08 seconds 
Epoch: 167/200 Train accuracy: 7.31224e-01 Validation accuracy: 7.17000e-01 Training loss 5.59822e-03 Validation loss 5.97462e-03 Time taken: 0.08 seconds 
Epoch: 168/200 Train accuracy: 7.33433e-01 Validation accuracy: 7.15667e-01 Training loss 5.59850e-03 Validation loss 5.96868e-03 Time taken: 0.08 seconds 
Epoch: 169/200 Train accuracy: 7.32079e-01 Validation accuracy: 7.18667e-01 Training loss 5.60812e-03 Validation loss 5.97758e-03 Time taken: 0.08 seconds 
Epoch: 170/200 Train accuracy: 7.33362e-01 Validation accuracy: 7.12667e-01 Training loss 5.60295e-03 Validation loss 5.99830e-03 Time taken: 0.08 seconds 
Epoch: 171/200 Train accuracy: 7.31723e-01 Validation accuracy: 7.17333e-01 Training loss 5.59967e-03 Validation loss 5.97558e-03 Time taken: 0.08 seconds 
Epoch: 172/200 Train accuracy: 7.32792e-01 Validation accuracy: 7.17667e-01 Training loss 5.59393e-03 Validation loss 5.97473e-03 Time taken: 0.08 seconds 
Epoch: 173/200 Train accuracy: 7.31153e-01 Validation accuracy: 7.20000e-01 Training loss 5.59206e-03 Validation loss 5.98453e-03 Time taken: 0.08 seconds 
Epoch: 174/200 Train accuracy: 7.32721e-01 Validation accuracy: 7.12667e-01 Training loss 5.59140e-03 Validation loss 5.97420e-03 Time taken: 0.08 seconds 
Epoch: 175/200 Train accuracy: 7.33148e-01 Validation accuracy: 7.16333e-01 Training loss 5.59324e-03 Validation loss 5.97193e-03 Time taken: 0.08 seconds 
Epoch: 176/200 Train accuracy: 7.32436e-01 Validation accuracy: 7.16667e-01 Training loss 5.59658e-03 Validation loss 5.96421e-03 Time taken: 0.08 seconds 
Epoch: 177/200 Train accuracy: 7.34431e-01 Validation accuracy: 7.19000e-01 Training loss 5.58915e-03 Validation loss 5.97776e-03 Time taken: 0.08 seconds 
Epoch: 178/200 Train accuracy: 7.33148e-01 Validation accuracy: 7.20000e-01 Training loss 5.59303e-03 Validation loss 5.96815e-03 Time taken: 0.08 seconds 
Epoch: 179/200 Train accuracy: 7.34359e-01 Validation accuracy: 7.18667e-01 Training loss 5.59277e-03 Validation loss 5.96804e-03 Time taken: 0.08 seconds 
Epoch: 180/200 Train accuracy: 7.33789e-01 Validation accuracy: 7.22333e-01 Training loss 5.59090e-03 Validation loss 6.00178e-03 Time taken: 0.08 seconds 
Epoch: 181/200 Train accuracy: 7.31580e-01 Validation accuracy: 7.13667e-01 Training loss 5.59115e-03 Validation loss 5.96475e-03 Time taken: 0.08 seconds 
Epoch: 182/200 Train accuracy: 7.34146e-01 Validation accuracy: 7.15000e-01 Training loss 5.58841e-03 Validation loss 5.97610e-03 Time taken: 0.08 seconds 
Epoch: 183/200 Train accuracy: 7.32222e-01 Validation accuracy: 7.15333e-01 Training loss 5.58341e-03 Validation loss 5.96566e-03 Time taken: 0.08 seconds 
Epoch: 184/200 Train accuracy: 7.31509e-01 Validation accuracy: 7.14333e-01 Training loss 5.58340e-03 Validation loss 5.96614e-03 Time taken: 0.08 seconds 
Epoch: 185/200 Train accuracy: 7.32792e-01 Validation accuracy: 7.20333e-01 Training loss 5.58911e-03 Validation loss 5.96625e-03 Time taken: 0.08 seconds 
Epoch: 186/200 Train accuracy: 7.33148e-01 Validation accuracy: 7.20667e-01 Training loss 5.59010e-03 Validation loss 5.96933e-03 Time taken: 0.08 seconds 
Epoch: 187/200 Train accuracy: 7.33362e-01 Validation accuracy: 7.18000e-01 Training loss 5.58819e-03 Validation loss 5.95517e-03 Time taken: 0.08 seconds 
Epoch: 188/200 Train accuracy: 7.34003e-01 Validation accuracy: 7.19333e-01 Training loss 5.57760e-03 Validation loss 5.97245e-03 Time taken: 0.08 seconds 
Epoch: 189/200 Train accuracy: 7.32008e-01 Validation accuracy: 7.16333e-01 Training loss 5.58459e-03 Validation loss 5.95527e-03 Time taken: 0.08 seconds 
Epoch: 190/200 Train accuracy: 7.35785e-01 Validation accuracy: 7.25000e-01 Training loss 5.57638e-03 Validation loss 5.96819e-03 Time taken: 0.08 seconds 
Epoch: 191/200 Train accuracy: 7.34573e-01 Validation accuracy: 7.22000e-01 Training loss 5.57876e-03 Validation loss 5.98763e-03 Time taken: 0.08 seconds 
Epoch: 192/200 Train accuracy: 7.33291e-01 Validation accuracy: 7.16667e-01 Training loss 5.58362e-03 Validation loss 5.96273e-03 Time taken: 0.08 seconds 
Epoch: 193/200 Train accuracy: 7.33433e-01 Validation accuracy: 7.15000e-01 Training loss 5.57704e-03 Validation loss 5.94902e-03 Time taken: 0.08 seconds 
Epoch: 194/200 Train accuracy: 7.35143e-01 Validation accuracy: 7.19333e-01 Training loss 5.57583e-03 Validation loss 5.95944e-03 Time taken: 0.08 seconds 
Epoch: 195/200 Train accuracy: 7.33148e-01 Validation accuracy: 7.22333e-01 Training loss 5.57182e-03 Validation loss 5.96539e-03 Time taken: 0.08 seconds 
Epoch: 196/200 Train accuracy: 7.35214e-01 Validation accuracy: 7.14333e-01 Training loss 5.58913e-03 Validation loss 5.97082e-03 Time taken: 0.08 seconds 
Epoch: 197/200 Train accuracy: 7.35214e-01 Validation accuracy: 7.20333e-01 Training loss 5.58268e-03 Validation loss 5.95583e-03 Time taken: 0.08 seconds 
Epoch: 198/200 Train accuracy: 7.32578e-01 Validation accuracy: 7.20667e-01 Training loss 5.57715e-03 Validation loss 5.95506e-03 Time taken: 0.08 seconds 
Epoch: 199/200 Train accuracy: 7.33576e-01 Validation accuracy: 7.18333e-01 Training loss 5.57725e-03 Validation loss 5.98486e-03 Time taken: 0.09 seconds 
Epoch: 200/200 Train accuracy: 7.34787e-01 Validation accuracy: 7.20333e-01 Training loss 5.57964e-03 Validation loss 5.97638e-03 Time taken: 0.08 seconds 
Total time taken 0:00:18.715044
Cleaning up intermediate feature (.pt) files
Done


working on file logs_PKT_chunks_different_seeds/iic-train-l2-seed4-pred12/jepa-iic-ep300.pth.tar ...
Directory logs_PKT_chunks_different_seeds/iic-train-l2-seed4-pred12/classifiers for saving the classifiers is now present
VisionTransformer(
  (patch_embed): PatchEmbed(
    (proj): Conv2d(3, 768, kernel_size=(15, 15), stride=(15, 15))
  )
  (blocks): ModuleList(
    (0-11): 12 x Block(
      (norm1): LayerNorm((768,), eps=1e-06, elementwise_affine=True)
      (attn): Attention(
        (qkv): Linear(in_features=768, out_features=2304, bias=True)
        (attn_drop): Dropout(p=0.0, inplace=False)
        (proj): Linear(in_features=768, out_features=768, bias=True)
        (proj_drop): Dropout(p=0.0, inplace=False)
      )
      (drop_path): Identity()
      (norm2): LayerNorm((768,), eps=1e-06, elementwise_affine=True)
      (mlp): MLP(
        (fc1): Linear(in_features=768, out_features=3072, bias=True)
        (act): GELU(approximate='none')
        (fc2): Linear(in_features=3072, out_features=768, bias=True)
        (drop): Dropout(p=0.0, inplace=False)
      )
    )
  )
  (norm): LayerNorm((768,), eps=1e-06, elementwise_affine=True)
)
Extracting features and saving them in memory..
Extracting features...
Time taken to extract features: 24.379720964003354
Epoch: 1/200 Train accuracy: 4.19196e-01 Validation accuracy: 6.05667e-01 Training loss 1.31663e-02 Validation loss 9.53790e-03 Time taken: 0.08 seconds 
Epoch: 2/200 Train accuracy: 6.45361e-01 Validation accuracy: 6.54333e-01 Training loss 8.34640e-03 Validation loss 8.08499e-03 Time taken: 0.08 seconds 
Epoch: 3/200 Train accuracy: 6.69089e-01 Validation accuracy: 6.61000e-01 Training loss 7.41060e-03 Validation loss 7.50316e-03 Time taken: 0.08 seconds 
Epoch: 4/200 Train accuracy: 6.81203e-01 Validation accuracy: 6.76000e-01 Training loss 6.95904e-03 Validation loss 7.14300e-03 Time taken: 0.08 seconds 
Epoch: 5/200 Train accuracy: 6.88613e-01 Validation accuracy: 6.85333e-01 Training loss 6.68525e-03 Validation loss 6.91630e-03 Time taken: 0.08 seconds 
Epoch: 6/200 Train accuracy: 6.95311e-01 Validation accuracy: 6.88333e-01 Training loss 6.49652e-03 Validation loss 6.79378e-03 Time taken: 0.13 seconds 
Epoch: 7/200 Train accuracy: 6.99587e-01 Validation accuracy: 6.96333e-01 Training loss 6.35199e-03 Validation loss 6.64435e-03 Time taken: 0.16 seconds 
Epoch: 8/200 Train accuracy: 7.03221e-01 Validation accuracy: 7.02667e-01 Training loss 6.23557e-03 Validation loss 6.51988e-03 Time taken: 0.17 seconds 
Epoch: 9/200 Train accuracy: 7.07069e-01 Validation accuracy: 7.08000e-01 Training loss 6.14365e-03 Validation loss 6.43178e-03 Time taken: 0.15 seconds 
Epoch: 10/200 Train accuracy: 7.10916e-01 Validation accuracy: 7.08667e-01 Training loss 6.06133e-03 Validation loss 6.34918e-03 Time taken: 0.16 seconds 
Epoch: 11/200 Train accuracy: 7.13767e-01 Validation accuracy: 7.15667e-01 Training loss 5.99638e-03 Validation loss 6.27357e-03 Time taken: 0.17 seconds 
Epoch: 12/200 Train accuracy: 7.15120e-01 Validation accuracy: 7.18000e-01 Training loss 5.94749e-03 Validation loss 6.23179e-03 Time taken: 0.11 seconds 
Epoch: 13/200 Train accuracy: 7.18113e-01 Validation accuracy: 7.25667e-01 Training loss 5.88960e-03 Validation loss 6.17552e-03 Time taken: 0.08 seconds 
Epoch: 14/200 Train accuracy: 7.20393e-01 Validation accuracy: 7.24333e-01 Training loss 5.85091e-03 Validation loss 6.14268e-03 Time taken: 0.08 seconds 
Epoch: 15/200 Train accuracy: 7.20536e-01 Validation accuracy: 7.27667e-01 Training loss 5.80450e-03 Validation loss 6.11154e-03 Time taken: 0.08 seconds 
Epoch: 16/200 Train accuracy: 7.22674e-01 Validation accuracy: 7.25000e-01 Training loss 5.77058e-03 Validation loss 6.05578e-03 Time taken: 0.08 seconds 
Epoch: 17/200 Train accuracy: 7.26878e-01 Validation accuracy: 7.26667e-01 Training loss 5.73805e-03 Validation loss 6.05484e-03 Time taken: 0.08 seconds 
Epoch: 18/200 Train accuracy: 7.26023e-01 Validation accuracy: 7.28333e-01 Training loss 5.71184e-03 Validation loss 6.00208e-03 Time taken: 0.08 seconds 
Epoch: 19/200 Train accuracy: 7.27448e-01 Validation accuracy: 7.23333e-01 Training loss 5.68656e-03 Validation loss 5.99525e-03 Time taken: 0.08 seconds 
Epoch: 20/200 Train accuracy: 7.28730e-01 Validation accuracy: 7.32333e-01 Training loss 5.66458e-03 Validation loss 5.95489e-03 Time taken: 0.08 seconds 
Epoch: 21/200 Train accuracy: 7.29728e-01 Validation accuracy: 7.33333e-01 Training loss 5.63352e-03 Validation loss 5.95434e-03 Time taken: 0.08 seconds 
Epoch: 22/200 Train accuracy: 7.32364e-01 Validation accuracy: 7.33667e-01 Training loss 5.61637e-03 Validation loss 5.92738e-03 Time taken: 0.08 seconds 
Epoch: 23/200 Train accuracy: 7.31723e-01 Validation accuracy: 7.35000e-01 Training loss 5.59697e-03 Validation loss 5.89317e-03 Time taken: 0.08 seconds 
Epoch: 24/200 Train accuracy: 7.31937e-01 Validation accuracy: 7.32667e-01 Training loss 5.58280e-03 Validation loss 5.89611e-03 Time taken: 0.08 seconds 
Epoch: 25/200 Train accuracy: 7.31438e-01 Validation accuracy: 7.33667e-01 Training loss 5.56563e-03 Validation loss 5.86462e-03 Time taken: 0.08 seconds 
Epoch: 26/200 Train accuracy: 7.34003e-01 Validation accuracy: 7.37000e-01 Training loss 5.55406e-03 Validation loss 5.85704e-03 Time taken: 0.08 seconds 
Epoch: 27/200 Train accuracy: 7.34074e-01 Validation accuracy: 7.30667e-01 Training loss 5.53535e-03 Validation loss 5.84587e-03 Time taken: 0.08 seconds 
Epoch: 28/200 Train accuracy: 7.34929e-01 Validation accuracy: 7.33333e-01 Training loss 5.52464e-03 Validation loss 5.80800e-03 Time taken: 0.08 seconds 
Epoch: 29/200 Train accuracy: 7.36782e-01 Validation accuracy: 7.37667e-01 Training loss 5.51691e-03 Validation loss 5.80754e-03 Time taken: 0.09 seconds 
Epoch: 30/200 Train accuracy: 7.35571e-01 Validation accuracy: 7.35667e-01 Training loss 5.49895e-03 Validation loss 5.81864e-03 Time taken: 0.09 seconds 
Epoch: 31/200 Train accuracy: 7.34573e-01 Validation accuracy: 7.39000e-01 Training loss 5.49697e-03 Validation loss 5.77467e-03 Time taken: 0.09 seconds 
Epoch: 32/200 Train accuracy: 7.38777e-01 Validation accuracy: 7.41000e-01 Training loss 5.47254e-03 Validation loss 5.77213e-03 Time taken: 0.09 seconds 
Epoch: 33/200 Train accuracy: 7.37495e-01 Validation accuracy: 7.43000e-01 Training loss 5.46538e-03 Validation loss 5.76468e-03 Time taken: 0.09 seconds 
Epoch: 34/200 Train accuracy: 7.38065e-01 Validation accuracy: 7.36667e-01 Training loss 5.45133e-03 Validation loss 5.74385e-03 Time taken: 0.09 seconds 
Epoch: 35/200 Train accuracy: 7.37922e-01 Validation accuracy: 7.38667e-01 Training loss 5.46451e-03 Validation loss 5.73475e-03 Time taken: 0.09 seconds 
Epoch: 36/200 Train accuracy: 7.38635e-01 Validation accuracy: 7.45000e-01 Training loss 5.43958e-03 Validation loss 5.72800e-03 Time taken: 0.08 seconds 
Epoch: 37/200 Train accuracy: 7.38777e-01 Validation accuracy: 7.35667e-01 Training loss 5.43578e-03 Validation loss 5.72788e-03 Time taken: 0.08 seconds 
Epoch: 38/200 Train accuracy: 7.39632e-01 Validation accuracy: 7.42667e-01 Training loss 5.42766e-03 Validation loss 5.73155e-03 Time taken: 0.08 seconds 
Epoch: 39/200 Train accuracy: 7.39775e-01 Validation accuracy: 7.37333e-01 Training loss 5.41059e-03 Validation loss 5.74686e-03 Time taken: 0.08 seconds 
Epoch: 40/200 Train accuracy: 7.41556e-01 Validation accuracy: 7.40333e-01 Training loss 5.40175e-03 Validation loss 5.71196e-03 Time taken: 0.08 seconds 
Epoch: 41/200 Train accuracy: 7.41556e-01 Validation accuracy: 7.39000e-01 Training loss 5.39169e-03 Validation loss 5.68744e-03 Time taken: 0.08 seconds 
Epoch: 42/200 Train accuracy: 7.43266e-01 Validation accuracy: 7.42000e-01 Training loss 5.39370e-03 Validation loss 5.69015e-03 Time taken: 0.08 seconds 
Epoch: 43/200 Train accuracy: 7.41271e-01 Validation accuracy: 7.42667e-01 Training loss 5.38624e-03 Validation loss 5.67719e-03 Time taken: 0.08 seconds 
Epoch: 44/200 Train accuracy: 7.43623e-01 Validation accuracy: 7.42000e-01 Training loss 5.37549e-03 Validation loss 5.67965e-03 Time taken: 0.09 seconds 
Epoch: 45/200 Train accuracy: 7.43053e-01 Validation accuracy: 7.43000e-01 Training loss 5.36976e-03 Validation loss 5.70465e-03 Time taken: 0.09 seconds 
Epoch: 46/200 Train accuracy: 7.43908e-01 Validation accuracy: 7.43000e-01 Training loss 5.35866e-03 Validation loss 5.66944e-03 Time taken: 0.15 seconds 
Epoch: 47/200 Train accuracy: 7.44050e-01 Validation accuracy: 7.42000e-01 Training loss 5.36740e-03 Validation loss 5.68534e-03 Time taken: 0.16 seconds 
Epoch: 48/200 Train accuracy: 7.43266e-01 Validation accuracy: 7.43667e-01 Training loss 5.35035e-03 Validation loss 5.66300e-03 Time taken: 0.16 seconds 
Epoch: 49/200 Train accuracy: 7.42839e-01 Validation accuracy: 7.43667e-01 Training loss 5.34904e-03 Validation loss 5.65555e-03 Time taken: 0.16 seconds 
Epoch: 50/200 Train accuracy: 7.45048e-01 Validation accuracy: 7.46000e-01 Training loss 5.34345e-03 Validation loss 5.66079e-03 Time taken: 0.15 seconds 
Epoch: 51/200 Train accuracy: 7.44193e-01 Validation accuracy: 7.47000e-01 Training loss 5.32925e-03 Validation loss 5.64494e-03 Time taken: 0.16 seconds 
Epoch: 52/200 Train accuracy: 7.43124e-01 Validation accuracy: 7.41667e-01 Training loss 5.33482e-03 Validation loss 5.63162e-03 Time taken: 0.14 seconds 
Epoch: 53/200 Train accuracy: 7.45475e-01 Validation accuracy: 7.43000e-01 Training loss 5.31732e-03 Validation loss 5.62902e-03 Time taken: 0.16 seconds 
Epoch: 54/200 Train accuracy: 7.44691e-01 Validation accuracy: 7.40667e-01 Training loss 5.32106e-03 Validation loss 5.61977e-03 Time taken: 0.16 seconds 
Epoch: 55/200 Train accuracy: 7.46259e-01 Validation accuracy: 7.44000e-01 Training loss 5.31771e-03 Validation loss 5.62928e-03 Time taken: 0.16 seconds 
Epoch: 56/200 Train accuracy: 7.46473e-01 Validation accuracy: 7.43333e-01 Training loss 5.31264e-03 Validation loss 5.62932e-03 Time taken: 0.17 seconds 
Epoch: 57/200 Train accuracy: 7.44691e-01 Validation accuracy: 7.47333e-01 Training loss 5.32305e-03 Validation loss 5.61350e-03 Time taken: 0.14 seconds 
Epoch: 58/200 Train accuracy: 7.46117e-01 Validation accuracy: 7.46000e-01 Training loss 5.30010e-03 Validation loss 5.61209e-03 Time taken: 0.17 seconds 
Epoch: 59/200 Train accuracy: 7.45190e-01 Validation accuracy: 7.43667e-01 Training loss 5.29546e-03 Validation loss 5.63454e-03 Time taken: 0.14 seconds 
Epoch: 60/200 Train accuracy: 7.48468e-01 Validation accuracy: 7.41667e-01 Training loss 5.29546e-03 Validation loss 5.61704e-03 Time taken: 0.16 seconds 
Epoch: 61/200 Train accuracy: 7.47969e-01 Validation accuracy: 7.44667e-01 Training loss 5.28681e-03 Validation loss 5.66397e-03 Time taken: 0.17 seconds 
Epoch: 62/200 Train accuracy: 7.47399e-01 Validation accuracy: 7.46333e-01 Training loss 5.28485e-03 Validation loss 5.59758e-03 Time taken: 0.16 seconds 
Epoch: 63/200 Train accuracy: 7.46758e-01 Validation accuracy: 7.41333e-01 Training loss 5.27960e-03 Validation loss 5.62206e-03 Time taken: 0.16 seconds 
Epoch: 64/200 Train accuracy: 7.47898e-01 Validation accuracy: 7.42333e-01 Training loss 5.27855e-03 Validation loss 5.58825e-03 Time taken: 0.16 seconds 
Epoch: 65/200 Train accuracy: 7.48183e-01 Validation accuracy: 7.48667e-01 Training loss 5.27350e-03 Validation loss 5.59798e-03 Time taken: 0.17 seconds 
Epoch: 66/200 Train accuracy: 7.49608e-01 Validation accuracy: 7.48000e-01 Training loss 5.27772e-03 Validation loss 5.63028e-03 Time taken: 0.16 seconds 
Epoch: 67/200 Train accuracy: 7.50321e-01 Validation accuracy: 7.49333e-01 Training loss 5.26922e-03 Validation loss 5.57342e-03 Time taken: 0.16 seconds 
Epoch: 68/200 Train accuracy: 7.49394e-01 Validation accuracy: 7.45667e-01 Training loss 5.26711e-03 Validation loss 5.59407e-03 Time taken: 0.17 seconds 
Epoch: 69/200 Train accuracy: 7.46829e-01 Validation accuracy: 7.45000e-01 Training loss 5.25647e-03 Validation loss 5.57436e-03 Time taken: 0.14 seconds 
Epoch: 70/200 Train accuracy: 7.49964e-01 Validation accuracy: 7.47333e-01 Training loss 5.25155e-03 Validation loss 5.59108e-03 Time taken: 0.17 seconds 
Epoch: 71/200 Train accuracy: 7.48967e-01 Validation accuracy: 7.44667e-01 Training loss 5.25022e-03 Validation loss 5.57533e-03 Time taken: 0.15 seconds 
Epoch: 72/200 Train accuracy: 7.51389e-01 Validation accuracy: 7.47333e-01 Training loss 5.24925e-03 Validation loss 5.58067e-03 Time taken: 0.16 seconds 
Epoch: 73/200 Train accuracy: 7.51389e-01 Validation accuracy: 7.47333e-01 Training loss 5.24304e-03 Validation loss 5.60046e-03 Time taken: 0.17 seconds 
Epoch: 74/200 Train accuracy: 7.48183e-01 Validation accuracy: 7.47333e-01 Training loss 5.24918e-03 Validation loss 5.59181e-03 Time taken: 0.16 seconds 
Epoch: 75/200 Train accuracy: 7.50463e-01 Validation accuracy: 7.49000e-01 Training loss 5.24103e-03 Validation loss 5.60401e-03 Time taken: 0.16 seconds 
Epoch: 76/200 Train accuracy: 7.50392e-01 Validation accuracy: 7.48333e-01 Training loss 5.23639e-03 Validation loss 5.59133e-03 Time taken: 0.14 seconds 
Epoch: 77/200 Train accuracy: 7.52957e-01 Validation accuracy: 7.47667e-01 Training loss 5.23352e-03 Validation loss 5.57385e-03 Time taken: 0.15 seconds 
Epoch: 78/200 Train accuracy: 7.51247e-01 Validation accuracy: 7.49333e-01 Training loss 5.22927e-03 Validation loss 5.56055e-03 Time taken: 0.16 seconds 
Epoch: 79/200 Train accuracy: 7.51389e-01 Validation accuracy: 7.49667e-01 Training loss 5.22253e-03 Validation loss 5.58466e-03 Time taken: 0.17 seconds 
Epoch: 80/200 Train accuracy: 7.51817e-01 Validation accuracy: 7.44333e-01 Training loss 5.22298e-03 Validation loss 5.55747e-03 Time taken: 0.15 seconds 
Epoch: 81/200 Train accuracy: 7.52530e-01 Validation accuracy: 7.47333e-01 Training loss 5.22171e-03 Validation loss 5.54965e-03 Time taken: 0.14 seconds 
Epoch: 82/200 Train accuracy: 7.52245e-01 Validation accuracy: 7.50333e-01 Training loss 5.21195e-03 Validation loss 5.54531e-03 Time taken: 0.17 seconds 
Epoch: 83/200 Train accuracy: 7.53313e-01 Validation accuracy: 7.49333e-01 Training loss 5.21809e-03 Validation loss 5.52916e-03 Time taken: 0.16 seconds 
Epoch: 84/200 Train accuracy: 7.52601e-01 Validation accuracy: 7.44000e-01 Training loss 5.20838e-03 Validation loss 5.53949e-03 Time taken: 0.16 seconds 
Epoch: 85/200 Train accuracy: 7.54097e-01 Validation accuracy: 7.46333e-01 Training loss 5.20331e-03 Validation loss 5.57989e-03 Time taken: 0.17 seconds 
Epoch: 86/200 Train accuracy: 7.51675e-01 Validation accuracy: 7.49333e-01 Training loss 5.21035e-03 Validation loss 5.54819e-03 Time taken: 0.16 seconds 
Epoch: 87/200 Train accuracy: 7.51746e-01 Validation accuracy: 7.49000e-01 Training loss 5.20611e-03 Validation loss 5.53669e-03 Time taken: 0.16 seconds 
Epoch: 88/200 Train accuracy: 7.54810e-01 Validation accuracy: 7.46667e-01 Training loss 5.20189e-03 Validation loss 5.54128e-03 Time taken: 0.16 seconds 
Epoch: 89/200 Train accuracy: 7.52245e-01 Validation accuracy: 7.47667e-01 Training loss 5.20849e-03 Validation loss 5.54721e-03 Time taken: 0.14 seconds 
Epoch: 90/200 Train accuracy: 7.53670e-01 Validation accuracy: 7.53333e-01 Training loss 5.20024e-03 Validation loss 5.53493e-03 Time taken: 0.15 seconds 
Epoch: 91/200 Train accuracy: 7.52672e-01 Validation accuracy: 7.47667e-01 Training loss 5.19038e-03 Validation loss 5.52697e-03 Time taken: 0.16 seconds 
Epoch: 92/200 Train accuracy: 7.53741e-01 Validation accuracy: 7.48000e-01 Training loss 5.18998e-03 Validation loss 5.52249e-03 Time taken: 0.16 seconds 
Epoch: 93/200 Train accuracy: 7.52886e-01 Validation accuracy: 7.51667e-01 Training loss 5.18637e-03 Validation loss 5.51330e-03 Time taken: 0.14 seconds 
Epoch: 94/200 Train accuracy: 7.54453e-01 Validation accuracy: 7.51333e-01 Training loss 5.18029e-03 Validation loss 5.50940e-03 Time taken: 0.17 seconds 
Epoch: 95/200 Train accuracy: 7.51389e-01 Validation accuracy: 7.44667e-01 Training loss 5.19350e-03 Validation loss 5.51919e-03 Time taken: 0.16 seconds 
Epoch: 96/200 Train accuracy: 7.54738e-01 Validation accuracy: 7.50000e-01 Training loss 5.18432e-03 Validation loss 5.51170e-03 Time taken: 0.17 seconds 
Epoch: 97/200 Train accuracy: 7.53955e-01 Validation accuracy: 7.49667e-01 Training loss 5.17018e-03 Validation loss 5.50635e-03 Time taken: 0.15 seconds 
Epoch: 98/200 Train accuracy: 7.53812e-01 Validation accuracy: 7.55000e-01 Training loss 5.17971e-03 Validation loss 5.53560e-03 Time taken: 0.14 seconds 
Epoch: 99/200 Train accuracy: 7.55380e-01 Validation accuracy: 7.49667e-01 Training loss 5.17390e-03 Validation loss 5.50875e-03 Time taken: 0.16 seconds 
Epoch: 100/200 Train accuracy: 7.55095e-01 Validation accuracy: 7.52333e-01 Training loss 5.17393e-03 Validation loss 5.50257e-03 Time taken: 0.16 seconds 
Epoch: 101/200 Train accuracy: 7.56235e-01 Validation accuracy: 7.47667e-01 Training loss 5.16588e-03 Validation loss 5.53533e-03 Time taken: 0.17 seconds 
Epoch: 102/200 Train accuracy: 7.54667e-01 Validation accuracy: 7.52667e-01 Training loss 5.16640e-03 Validation loss 5.50562e-03 Time taken: 0.14 seconds 
Epoch: 103/200 Train accuracy: 7.54240e-01 Validation accuracy: 7.49333e-01 Training loss 5.16633e-03 Validation loss 5.49725e-03 Time taken: 0.13 seconds 
Epoch: 104/200 Train accuracy: 7.55166e-01 Validation accuracy: 7.47667e-01 Training loss 5.15464e-03 Validation loss 5.49621e-03 Time taken: 0.16 seconds 
Epoch: 105/200 Train accuracy: 7.56591e-01 Validation accuracy: 7.52667e-01 Training loss 5.15593e-03 Validation loss 5.50740e-03 Time taken: 0.16 seconds 
Epoch: 106/200 Train accuracy: 7.53955e-01 Validation accuracy: 7.51667e-01 Training loss 5.15707e-03 Validation loss 5.49374e-03 Time taken: 0.16 seconds 
Epoch: 107/200 Train accuracy: 7.55665e-01 Validation accuracy: 7.50667e-01 Training loss 5.15314e-03 Validation loss 5.50584e-03 Time taken: 0.17 seconds 
Epoch: 108/200 Train accuracy: 7.57232e-01 Validation accuracy: 7.51333e-01 Training loss 5.15373e-03 Validation loss 5.49122e-03 Time taken: 0.16 seconds 
Epoch: 109/200 Train accuracy: 7.57161e-01 Validation accuracy: 7.50667e-01 Training loss 5.16306e-03 Validation loss 5.51586e-03 Time taken: 0.16 seconds 
Epoch: 110/200 Train accuracy: 7.55736e-01 Validation accuracy: 7.53333e-01 Training loss 5.15154e-03 Validation loss 5.48090e-03 Time taken: 0.14 seconds 
Epoch: 111/200 Train accuracy: 7.57090e-01 Validation accuracy: 7.53667e-01 Training loss 5.15398e-03 Validation loss 5.48905e-03 Time taken: 0.17 seconds 
Epoch: 112/200 Train accuracy: 7.57375e-01 Validation accuracy: 7.53000e-01 Training loss 5.15171e-03 Validation loss 5.48944e-03 Time taken: 0.16 seconds 
Epoch: 113/200 Train accuracy: 7.57874e-01 Validation accuracy: 7.52000e-01 Training loss 5.14108e-03 Validation loss 5.47527e-03 Time taken: 0.16 seconds 
Epoch: 114/200 Train accuracy: 7.55736e-01 Validation accuracy: 7.56667e-01 Training loss 5.13914e-03 Validation loss 5.49727e-03 Time taken: 0.16 seconds 
Epoch: 115/200 Train accuracy: 7.54525e-01 Validation accuracy: 7.51000e-01 Training loss 5.14159e-03 Validation loss 5.48568e-03 Time taken: 0.16 seconds 
Epoch: 116/200 Train accuracy: 7.56876e-01 Validation accuracy: 7.49333e-01 Training loss 5.14023e-03 Validation loss 5.48493e-03 Time taken: 0.14 seconds 
Epoch: 117/200 Train accuracy: 7.57517e-01 Validation accuracy: 7.52333e-01 Training loss 5.13233e-03 Validation loss 5.46758e-03 Time taken: 0.17 seconds 
Epoch: 118/200 Train accuracy: 7.56306e-01 Validation accuracy: 7.52667e-01 Training loss 5.13654e-03 Validation loss 5.49062e-03 Time taken: 0.14 seconds 
Epoch: 119/200 Train accuracy: 7.58515e-01 Validation accuracy: 7.51333e-01 Training loss 5.14049e-03 Validation loss 5.49327e-03 Time taken: 0.16 seconds 
Epoch: 120/200 Train accuracy: 7.56734e-01 Validation accuracy: 7.48333e-01 Training loss 5.12656e-03 Validation loss 5.47524e-03 Time taken: 0.17 seconds 
Epoch: 121/200 Train accuracy: 7.56947e-01 Validation accuracy: 7.52333e-01 Training loss 5.13161e-03 Validation loss 5.48585e-03 Time taken: 0.13 seconds 
Epoch: 122/200 Train accuracy: 7.57090e-01 Validation accuracy: 7.50333e-01 Training loss 5.13168e-03 Validation loss 5.46159e-03 Time taken: 0.17 seconds 
Epoch: 123/200 Train accuracy: 7.57232e-01 Validation accuracy: 7.53333e-01 Training loss 5.12554e-03 Validation loss 5.47071e-03 Time taken: 0.16 seconds 
Epoch: 124/200 Train accuracy: 7.57232e-01 Validation accuracy: 7.53667e-01 Training loss 5.12426e-03 Validation loss 5.46713e-03 Time taken: 0.16 seconds 
Epoch: 125/200 Train accuracy: 7.57731e-01 Validation accuracy: 7.54333e-01 Training loss 5.11677e-03 Validation loss 5.54142e-03 Time taken: 0.16 seconds 
Epoch: 126/200 Train accuracy: 7.56876e-01 Validation accuracy: 7.50333e-01 Training loss 5.12638e-03 Validation loss 5.46589e-03 Time taken: 0.17 seconds 
Epoch: 127/200 Train accuracy: 7.57304e-01 Validation accuracy: 7.53667e-01 Training loss 5.12226e-03 Validation loss 5.45089e-03 Time taken: 0.16 seconds 
Epoch: 128/200 Train accuracy: 7.58515e-01 Validation accuracy: 7.51667e-01 Training loss 5.11967e-03 Validation loss 5.45448e-03 Time taken: 0.14 seconds 
Epoch: 129/200 Train accuracy: 7.57375e-01 Validation accuracy: 7.53000e-01 Training loss 5.12180e-03 Validation loss 5.46226e-03 Time taken: 0.09 seconds 
Epoch: 130/200 Train accuracy: 7.58159e-01 Validation accuracy: 7.52333e-01 Training loss 5.11641e-03 Validation loss 5.45679e-03 Time taken: 0.10 seconds 
Epoch: 131/200 Train accuracy: 7.58871e-01 Validation accuracy: 7.51333e-01 Training loss 5.11344e-03 Validation loss 5.45137e-03 Time taken: 0.13 seconds 
Epoch: 132/200 Train accuracy: 7.58729e-01 Validation accuracy: 7.51667e-01 Training loss 5.10600e-03 Validation loss 5.46022e-03 Time taken: 0.09 seconds 
Epoch: 133/200 Train accuracy: 7.55879e-01 Validation accuracy: 7.56667e-01 Training loss 5.11660e-03 Validation loss 5.46192e-03 Time taken: 0.08 seconds 
Epoch: 134/200 Train accuracy: 7.58373e-01 Validation accuracy: 7.55667e-01 Training loss 5.10602e-03 Validation loss 5.49699e-03 Time taken: 0.08 seconds 
Epoch: 135/200 Train accuracy: 7.58658e-01 Validation accuracy: 7.56333e-01 Training loss 5.10695e-03 Validation loss 5.47564e-03 Time taken: 0.08 seconds 
Epoch: 136/200 Train accuracy: 7.58444e-01 Validation accuracy: 7.53000e-01 Training loss 5.10325e-03 Validation loss 5.44962e-03 Time taken: 0.08 seconds 
Epoch: 137/200 Train accuracy: 7.55380e-01 Validation accuracy: 7.55667e-01 Training loss 5.10331e-03 Validation loss 5.47498e-03 Time taken: 0.08 seconds 
Epoch: 138/200 Train accuracy: 7.59228e-01 Validation accuracy: 7.56333e-01 Training loss 5.10472e-03 Validation loss 5.43995e-03 Time taken: 0.08 seconds 
Epoch: 139/200 Train accuracy: 7.59370e-01 Validation accuracy: 7.52333e-01 Training loss 5.09671e-03 Validation loss 5.46890e-03 Time taken: 0.08 seconds 
Epoch: 140/200 Train accuracy: 7.58586e-01 Validation accuracy: 7.53000e-01 Training loss 5.10858e-03 Validation loss 5.45709e-03 Time taken: 0.08 seconds 
Epoch: 141/200 Train accuracy: 7.60581e-01 Validation accuracy: 7.55000e-01 Training loss 5.09423e-03 Validation loss 5.48651e-03 Time taken: 0.08 seconds 
Epoch: 142/200 Train accuracy: 7.59726e-01 Validation accuracy: 7.52333e-01 Training loss 5.09291e-03 Validation loss 5.45819e-03 Time taken: 0.08 seconds 
Epoch: 143/200 Train accuracy: 7.58016e-01 Validation accuracy: 7.55333e-01 Training loss 5.09447e-03 Validation loss 5.45589e-03 Time taken: 0.08 seconds 
Epoch: 144/200 Train accuracy: 7.60795e-01 Validation accuracy: 7.54667e-01 Training loss 5.09478e-03 Validation loss 5.45680e-03 Time taken: 0.08 seconds 
Epoch: 145/200 Train accuracy: 7.58800e-01 Validation accuracy: 7.54333e-01 Training loss 5.08946e-03 Validation loss 5.43675e-03 Time taken: 0.08 seconds 
Epoch: 146/200 Train accuracy: 7.58586e-01 Validation accuracy: 7.52667e-01 Training loss 5.09152e-03 Validation loss 5.42589e-03 Time taken: 0.08 seconds 
Epoch: 147/200 Train accuracy: 7.60439e-01 Validation accuracy: 7.56333e-01 Training loss 5.09024e-03 Validation loss 5.43148e-03 Time taken: 0.08 seconds 
Epoch: 148/200 Train accuracy: 7.60724e-01 Validation accuracy: 7.53000e-01 Training loss 5.08839e-03 Validation loss 5.43861e-03 Time taken: 0.08 seconds 
Epoch: 149/200 Train accuracy: 7.59014e-01 Validation accuracy: 7.51667e-01 Training loss 5.08309e-03 Validation loss 5.47559e-03 Time taken: 0.08 seconds 
Epoch: 150/200 Train accuracy: 7.59584e-01 Validation accuracy: 7.52000e-01 Training loss 5.08532e-03 Validation loss 5.43981e-03 Time taken: 0.08 seconds 
Epoch: 151/200 Train accuracy: 7.60011e-01 Validation accuracy: 7.54333e-01 Training loss 5.08770e-03 Validation loss 5.44258e-03 Time taken: 0.08 seconds 
Epoch: 152/200 Train accuracy: 7.59869e-01 Validation accuracy: 7.55667e-01 Training loss 5.08120e-03 Validation loss 5.42115e-03 Time taken: 0.08 seconds 
Epoch: 153/200 Train accuracy: 7.60225e-01 Validation accuracy: 7.51667e-01 Training loss 5.08065e-03 Validation loss 5.45329e-03 Time taken: 0.08 seconds 
Epoch: 154/200 Train accuracy: 7.58515e-01 Validation accuracy: 7.55333e-01 Training loss 5.09238e-03 Validation loss 5.44051e-03 Time taken: 0.08 seconds 
Epoch: 155/200 Train accuracy: 7.59655e-01 Validation accuracy: 7.52000e-01 Training loss 5.07904e-03 Validation loss 5.42173e-03 Time taken: 0.12 seconds 
Epoch: 156/200 Train accuracy: 7.58444e-01 Validation accuracy: 7.49667e-01 Training loss 5.08408e-03 Validation loss 5.46042e-03 Time taken: 0.08 seconds 
Epoch: 157/200 Train accuracy: 7.60083e-01 Validation accuracy: 7.52667e-01 Training loss 5.07050e-03 Validation loss 5.42883e-03 Time taken: 0.08 seconds 
Epoch: 158/200 Train accuracy: 7.59299e-01 Validation accuracy: 7.54333e-01 Training loss 5.07373e-03 Validation loss 5.41432e-03 Time taken: 0.08 seconds 
Epoch: 159/200 Train accuracy: 7.59370e-01 Validation accuracy: 7.56667e-01 Training loss 5.08004e-03 Validation loss 5.41338e-03 Time taken: 0.08 seconds 
Epoch: 160/200 Train accuracy: 7.61437e-01 Validation accuracy: 7.55000e-01 Training loss 5.07062e-03 Validation loss 5.45361e-03 Time taken: 0.08 seconds 
Epoch: 161/200 Train accuracy: 7.60938e-01 Validation accuracy: 7.56333e-01 Training loss 5.07056e-03 Validation loss 5.40809e-03 Time taken: 0.08 seconds 
Epoch: 162/200 Train accuracy: 7.62363e-01 Validation accuracy: 7.54333e-01 Training loss 5.07306e-03 Validation loss 5.43196e-03 Time taken: 0.08 seconds 
Epoch: 163/200 Train accuracy: 7.61223e-01 Validation accuracy: 7.54333e-01 Training loss 5.06604e-03 Validation loss 5.43128e-03 Time taken: 0.08 seconds 
Epoch: 164/200 Train accuracy: 7.61223e-01 Validation accuracy: 7.57000e-01 Training loss 5.06409e-03 Validation loss 5.41026e-03 Time taken: 0.08 seconds 
Epoch: 165/200 Train accuracy: 7.61864e-01 Validation accuracy: 7.54667e-01 Training loss 5.05969e-03 Validation loss 5.40935e-03 Time taken: 0.08 seconds 
Epoch: 166/200 Train accuracy: 7.59940e-01 Validation accuracy: 7.51667e-01 Training loss 5.06791e-03 Validation loss 5.41028e-03 Time taken: 0.08 seconds 
Epoch: 167/200 Train accuracy: 7.61508e-01 Validation accuracy: 7.56000e-01 Training loss 5.06348e-03 Validation loss 5.41978e-03 Time taken: 0.08 seconds 
Epoch: 168/200 Train accuracy: 7.59869e-01 Validation accuracy: 7.54333e-01 Training loss 5.06294e-03 Validation loss 5.48470e-03 Time taken: 0.08 seconds 
Epoch: 169/200 Train accuracy: 7.59655e-01 Validation accuracy: 7.49667e-01 Training loss 5.06066e-03 Validation loss 5.41027e-03 Time taken: 0.08 seconds 
Epoch: 170/200 Train accuracy: 7.59869e-01 Validation accuracy: 7.56333e-01 Training loss 5.05852e-03 Validation loss 5.40652e-03 Time taken: 0.08 seconds 
Epoch: 171/200 Train accuracy: 7.60653e-01 Validation accuracy: 7.56000e-01 Training loss 5.05065e-03 Validation loss 5.43917e-03 Time taken: 0.08 seconds 
Epoch: 172/200 Train accuracy: 7.60795e-01 Validation accuracy: 7.57667e-01 Training loss 5.05055e-03 Validation loss 5.42194e-03 Time taken: 0.08 seconds 
Epoch: 173/200 Train accuracy: 7.60083e-01 Validation accuracy: 7.56667e-01 Training loss 5.05974e-03 Validation loss 5.40287e-03 Time taken: 0.08 seconds 
Epoch: 174/200 Train accuracy: 7.62363e-01 Validation accuracy: 7.52667e-01 Training loss 5.04768e-03 Validation loss 5.45367e-03 Time taken: 0.08 seconds 
Epoch: 175/200 Train accuracy: 7.62505e-01 Validation accuracy: 7.55333e-01 Training loss 5.05555e-03 Validation loss 5.40995e-03 Time taken: 0.08 seconds 
Epoch: 176/200 Train accuracy: 7.59370e-01 Validation accuracy: 7.56333e-01 Training loss 5.05807e-03 Validation loss 5.40243e-03 Time taken: 0.08 seconds 
Epoch: 177/200 Train accuracy: 7.62363e-01 Validation accuracy: 7.50333e-01 Training loss 5.04696e-03 Validation loss 5.41719e-03 Time taken: 0.08 seconds 
Epoch: 178/200 Train accuracy: 7.62933e-01 Validation accuracy: 7.54000e-01 Training loss 5.05003e-03 Validation loss 5.41756e-03 Time taken: 0.08 seconds 
Epoch: 179/200 Train accuracy: 7.61365e-01 Validation accuracy: 7.56333e-01 Training loss 5.04753e-03 Validation loss 5.42960e-03 Time taken: 0.08 seconds 
Epoch: 180/200 Train accuracy: 7.60083e-01 Validation accuracy: 7.56667e-01 Training loss 5.05227e-03 Validation loss 5.39122e-03 Time taken: 0.10 seconds 
Epoch: 181/200 Train accuracy: 7.62149e-01 Validation accuracy: 7.56333e-01 Training loss 5.05403e-03 Validation loss 5.41577e-03 Time taken: 0.10 seconds 
Epoch: 182/200 Train accuracy: 7.61294e-01 Validation accuracy: 7.57667e-01 Training loss 5.04881e-03 Validation loss 5.44352e-03 Time taken: 0.09 seconds 
Epoch: 183/200 Train accuracy: 7.61080e-01 Validation accuracy: 7.54667e-01 Training loss 5.04875e-03 Validation loss 5.39338e-03 Time taken: 0.09 seconds 
Epoch: 184/200 Train accuracy: 7.62007e-01 Validation accuracy: 7.55000e-01 Training loss 5.03812e-03 Validation loss 5.38396e-03 Time taken: 0.09 seconds 
Epoch: 185/200 Train accuracy: 7.62577e-01 Validation accuracy: 7.52667e-01 Training loss 5.04344e-03 Validation loss 5.40070e-03 Time taken: 0.09 seconds 
Epoch: 186/200 Train accuracy: 7.61223e-01 Validation accuracy: 7.53667e-01 Training loss 5.03831e-03 Validation loss 5.41968e-03 Time taken: 0.09 seconds 
Epoch: 187/200 Train accuracy: 7.62363e-01 Validation accuracy: 7.58667e-01 Training loss 5.03724e-03 Validation loss 5.40626e-03 Time taken: 0.09 seconds 
Epoch: 188/200 Train accuracy: 7.63147e-01 Validation accuracy: 7.57667e-01 Training loss 5.03459e-03 Validation loss 5.38129e-03 Time taken: 0.09 seconds 
Epoch: 189/200 Train accuracy: 7.62220e-01 Validation accuracy: 7.56667e-01 Training loss 5.03596e-03 Validation loss 5.39030e-03 Time taken: 0.08 seconds 
Epoch: 190/200 Train accuracy: 7.61508e-01 Validation accuracy: 7.53667e-01 Training loss 5.03659e-03 Validation loss 5.41004e-03 Time taken: 0.08 seconds 
Epoch: 191/200 Train accuracy: 7.63075e-01 Validation accuracy: 7.58000e-01 Training loss 5.04417e-03 Validation loss 5.40428e-03 Time taken: 0.08 seconds 
Epoch: 192/200 Train accuracy: 7.61650e-01 Validation accuracy: 7.56333e-01 Training loss 5.03682e-03 Validation loss 5.39572e-03 Time taken: 0.08 seconds 
Epoch: 193/200 Train accuracy: 7.61793e-01 Validation accuracy: 7.55667e-01 Training loss 5.03728e-03 Validation loss 5.40482e-03 Time taken: 0.08 seconds 
Epoch: 194/200 Train accuracy: 7.61935e-01 Validation accuracy: 7.53000e-01 Training loss 5.03538e-03 Validation loss 5.39289e-03 Time taken: 0.09 seconds 
Epoch: 195/200 Train accuracy: 7.60368e-01 Validation accuracy: 7.53333e-01 Training loss 5.03651e-03 Validation loss 5.38271e-03 Time taken: 0.08 seconds 
Epoch: 196/200 Train accuracy: 7.63503e-01 Validation accuracy: 7.56000e-01 Training loss 5.03223e-03 Validation loss 5.36639e-03 Time taken: 0.08 seconds 
Epoch: 197/200 Train accuracy: 7.63930e-01 Validation accuracy: 7.58333e-01 Training loss 5.02253e-03 Validation loss 5.37121e-03 Time taken: 0.08 seconds 
Epoch: 198/200 Train accuracy: 7.62862e-01 Validation accuracy: 7.53667e-01 Training loss 5.02472e-03 Validation loss 5.40970e-03 Time taken: 0.08 seconds 
Epoch: 199/200 Train accuracy: 7.62505e-01 Validation accuracy: 7.51333e-01 Training loss 5.03193e-03 Validation loss 5.41484e-03 Time taken: 0.08 seconds 
Epoch: 200/200 Train accuracy: 7.63717e-01 Validation accuracy: 7.57667e-01 Training loss 5.02413e-03 Validation loss 5.38729e-03 Time taken: 0.08 seconds 
Total time taken 0:00:23.276904
Cleaning up intermediate feature (.pt) files
Done


working on file logs_PKT_chunks_different_seeds/iic-train-l2-seed4-pred12/jepa-iic-ep400.pth.tar ...
Directory logs_PKT_chunks_different_seeds/iic-train-l2-seed4-pred12/classifiers for saving the classifiers is now present
VisionTransformer(
  (patch_embed): PatchEmbed(
    (proj): Conv2d(3, 768, kernel_size=(15, 15), stride=(15, 15))
  )
  (blocks): ModuleList(
    (0-11): 12 x Block(
      (norm1): LayerNorm((768,), eps=1e-06, elementwise_affine=True)
      (attn): Attention(
        (qkv): Linear(in_features=768, out_features=2304, bias=True)
        (attn_drop): Dropout(p=0.0, inplace=False)
        (proj): Linear(in_features=768, out_features=768, bias=True)
        (proj_drop): Dropout(p=0.0, inplace=False)
      )
      (drop_path): Identity()
      (norm2): LayerNorm((768,), eps=1e-06, elementwise_affine=True)
      (mlp): MLP(
        (fc1): Linear(in_features=768, out_features=3072, bias=True)
        (act): GELU(approximate='none')
        (fc2): Linear(in_features=3072, out_features=768, bias=True)
        (drop): Dropout(p=0.0, inplace=False)
      )
    )
  )
  (norm): LayerNorm((768,), eps=1e-06, elementwise_affine=True)
)
Extracting features and saving them in memory..
Extracting features...
Time taken to extract features: 24.36534478701651
Epoch: 1/200 Train accuracy: 4.32236e-01 Validation accuracy: 6.41333e-01 Training loss 1.21972e-02 Validation loss 9.09075e-03 Time taken: 0.08 seconds 
Epoch: 2/200 Train accuracy: 6.75004e-01 Validation accuracy: 6.90667e-01 Training loss 7.77780e-03 Validation loss 7.46529e-03 Time taken: 0.13 seconds 
Epoch: 3/200 Train accuracy: 7.12056e-01 Validation accuracy: 7.06333e-01 Training loss 6.73127e-03 Validation loss 6.76688e-03 Time taken: 0.12 seconds 
Epoch: 4/200 Train accuracy: 7.25666e-01 Validation accuracy: 7.18000e-01 Training loss 6.24057e-03 Validation loss 6.37733e-03 Time taken: 0.13 seconds 
Epoch: 5/200 Train accuracy: 7.36212e-01 Validation accuracy: 7.35333e-01 Training loss 5.93113e-03 Validation loss 6.12996e-03 Time taken: 0.13 seconds 
Epoch: 6/200 Train accuracy: 7.42554e-01 Validation accuracy: 7.38667e-01 Training loss 5.72897e-03 Validation loss 5.92987e-03 Time taken: 0.14 seconds 
Epoch: 7/200 Train accuracy: 7.46544e-01 Validation accuracy: 7.47000e-01 Training loss 5.58445e-03 Validation loss 5.79052e-03 Time taken: 0.16 seconds 
Epoch: 8/200 Train accuracy: 7.52815e-01 Validation accuracy: 7.53667e-01 Training loss 5.45273e-03 Validation loss 5.68188e-03 Time taken: 0.15 seconds 
Epoch: 9/200 Train accuracy: 7.55522e-01 Validation accuracy: 7.55333e-01 Training loss 5.37179e-03 Validation loss 5.61531e-03 Time taken: 0.13 seconds 
Epoch: 10/200 Train accuracy: 7.61009e-01 Validation accuracy: 7.59000e-01 Training loss 5.28770e-03 Validation loss 5.53911e-03 Time taken: 0.08 seconds 
Epoch: 11/200 Train accuracy: 7.61864e-01 Validation accuracy: 7.60667e-01 Training loss 5.22406e-03 Validation loss 5.46278e-03 Time taken: 0.10 seconds 
Epoch: 12/200 Train accuracy: 7.66709e-01 Validation accuracy: 7.61333e-01 Training loss 5.17538e-03 Validation loss 5.40113e-03 Time taken: 0.08 seconds 
Epoch: 13/200 Train accuracy: 7.65926e-01 Validation accuracy: 7.59667e-01 Training loss 5.13370e-03 Validation loss 5.36654e-03 Time taken: 0.08 seconds 
Epoch: 14/200 Train accuracy: 7.67422e-01 Validation accuracy: 7.64000e-01 Training loss 5.09027e-03 Validation loss 5.33115e-03 Time taken: 0.08 seconds 
Epoch: 15/200 Train accuracy: 7.69132e-01 Validation accuracy: 7.66000e-01 Training loss 5.06138e-03 Validation loss 5.30891e-03 Time taken: 0.08 seconds 
Epoch: 16/200 Train accuracy: 7.67422e-01 Validation accuracy: 7.69333e-01 Training loss 5.03880e-03 Validation loss 5.26146e-03 Time taken: 0.08 seconds 
Epoch: 17/200 Train accuracy: 7.71341e-01 Validation accuracy: 7.68667e-01 Training loss 5.00185e-03 Validation loss 5.23109e-03 Time taken: 0.08 seconds 
Epoch: 18/200 Train accuracy: 7.71555e-01 Validation accuracy: 7.71667e-01 Training loss 4.97930e-03 Validation loss 5.22408e-03 Time taken: 0.08 seconds 
Epoch: 19/200 Train accuracy: 7.74334e-01 Validation accuracy: 7.66667e-01 Training loss 4.95831e-03 Validation loss 5.21971e-03 Time taken: 0.08 seconds 
Epoch: 20/200 Train accuracy: 7.75403e-01 Validation accuracy: 7.71333e-01 Training loss 4.93511e-03 Validation loss 5.17564e-03 Time taken: 0.08 seconds 
Epoch: 21/200 Train accuracy: 7.76471e-01 Validation accuracy: 7.70333e-01 Training loss 4.92050e-03 Validation loss 5.17385e-03 Time taken: 0.08 seconds 
Epoch: 22/200 Train accuracy: 7.75046e-01 Validation accuracy: 7.73000e-01 Training loss 4.90141e-03 Validation loss 5.13996e-03 Time taken: 0.08 seconds 
Epoch: 23/200 Train accuracy: 7.78538e-01 Validation accuracy: 7.72333e-01 Training loss 4.88407e-03 Validation loss 5.11995e-03 Time taken: 0.08 seconds 
Epoch: 24/200 Train accuracy: 7.77897e-01 Validation accuracy: 7.65000e-01 Training loss 4.87027e-03 Validation loss 5.18348e-03 Time taken: 0.08 seconds 
Epoch: 25/200 Train accuracy: 7.76899e-01 Validation accuracy: 7.71333e-01 Training loss 4.86656e-03 Validation loss 5.11857e-03 Time taken: 0.09 seconds 
Epoch: 26/200 Train accuracy: 7.78182e-01 Validation accuracy: 7.74667e-01 Training loss 4.83867e-03 Validation loss 5.08325e-03 Time taken: 0.09 seconds 
Epoch: 27/200 Train accuracy: 7.79464e-01 Validation accuracy: 7.72667e-01 Training loss 4.83607e-03 Validation loss 5.10152e-03 Time taken: 0.08 seconds 
Epoch: 28/200 Train accuracy: 7.79179e-01 Validation accuracy: 7.75000e-01 Training loss 4.82843e-03 Validation loss 5.08659e-03 Time taken: 0.08 seconds 
Epoch: 29/200 Train accuracy: 7.78752e-01 Validation accuracy: 7.71667e-01 Training loss 4.82263e-03 Validation loss 5.06433e-03 Time taken: 0.08 seconds 
Epoch: 30/200 Train accuracy: 7.81887e-01 Validation accuracy: 7.72000e-01 Training loss 4.80082e-03 Validation loss 5.05917e-03 Time taken: 0.08 seconds 
Epoch: 31/200 Train accuracy: 7.81032e-01 Validation accuracy: 7.76667e-01 Training loss 4.78164e-03 Validation loss 5.05197e-03 Time taken: 0.08 seconds 
Epoch: 32/200 Train accuracy: 7.80604e-01 Validation accuracy: 7.74333e-01 Training loss 4.78927e-03 Validation loss 5.03417e-03 Time taken: 0.08 seconds 
Epoch: 33/200 Train accuracy: 7.82386e-01 Validation accuracy: 7.75667e-01 Training loss 4.77928e-03 Validation loss 5.02864e-03 Time taken: 0.08 seconds 
Epoch: 34/200 Train accuracy: 7.80248e-01 Validation accuracy: 7.75667e-01 Training loss 4.77040e-03 Validation loss 5.02627e-03 Time taken: 0.08 seconds 
Epoch: 35/200 Train accuracy: 7.85165e-01 Validation accuracy: 7.78333e-01 Training loss 4.75107e-03 Validation loss 5.02947e-03 Time taken: 0.08 seconds 
Epoch: 36/200 Train accuracy: 7.83597e-01 Validation accuracy: 7.75000e-01 Training loss 4.74326e-03 Validation loss 5.01357e-03 Time taken: 0.08 seconds 
Epoch: 37/200 Train accuracy: 7.83241e-01 Validation accuracy: 7.77333e-01 Training loss 4.74170e-03 Validation loss 4.99981e-03 Time taken: 0.12 seconds 
Epoch: 38/200 Train accuracy: 7.83383e-01 Validation accuracy: 7.74667e-01 Training loss 4.73408e-03 Validation loss 4.98374e-03 Time taken: 0.13 seconds 
Epoch: 39/200 Train accuracy: 7.80889e-01 Validation accuracy: 7.79000e-01 Training loss 4.72487e-03 Validation loss 4.98220e-03 Time taken: 0.08 seconds 
Epoch: 40/200 Train accuracy: 7.84452e-01 Validation accuracy: 7.79000e-01 Training loss 4.71812e-03 Validation loss 4.99077e-03 Time taken: 0.08 seconds 
Epoch: 41/200 Train accuracy: 7.84737e-01 Validation accuracy: 7.77333e-01 Training loss 4.71230e-03 Validation loss 4.99995e-03 Time taken: 0.08 seconds 
Epoch: 42/200 Train accuracy: 7.83811e-01 Validation accuracy: 7.79000e-01 Training loss 4.71055e-03 Validation loss 4.96597e-03 Time taken: 0.08 seconds 
Epoch: 43/200 Train accuracy: 7.84381e-01 Validation accuracy: 7.79333e-01 Training loss 4.70326e-03 Validation loss 4.95221e-03 Time taken: 0.08 seconds 
Epoch: 44/200 Train accuracy: 7.84737e-01 Validation accuracy: 7.77333e-01 Training loss 4.69235e-03 Validation loss 4.95516e-03 Time taken: 0.08 seconds 
Epoch: 45/200 Train accuracy: 7.86020e-01 Validation accuracy: 7.77667e-01 Training loss 4.69584e-03 Validation loss 4.94955e-03 Time taken: 0.08 seconds 
Epoch: 46/200 Train accuracy: 7.85307e-01 Validation accuracy: 7.80333e-01 Training loss 4.68590e-03 Validation loss 4.95554e-03 Time taken: 0.08 seconds 
Epoch: 47/200 Train accuracy: 7.87872e-01 Validation accuracy: 7.80000e-01 Training loss 4.68228e-03 Validation loss 4.95426e-03 Time taken: 0.08 seconds 
Epoch: 48/200 Train accuracy: 7.86518e-01 Validation accuracy: 7.81000e-01 Training loss 4.67085e-03 Validation loss 4.93187e-03 Time taken: 0.08 seconds 
Epoch: 49/200 Train accuracy: 7.83312e-01 Validation accuracy: 7.77333e-01 Training loss 4.66349e-03 Validation loss 4.92119e-03 Time taken: 0.08 seconds 
Epoch: 50/200 Train accuracy: 7.85165e-01 Validation accuracy: 7.79667e-01 Training loss 4.66481e-03 Validation loss 4.96147e-03 Time taken: 0.08 seconds 
Epoch: 51/200 Train accuracy: 7.86803e-01 Validation accuracy: 7.77333e-01 Training loss 4.65876e-03 Validation loss 4.91762e-03 Time taken: 0.08 seconds 
Epoch: 52/200 Train accuracy: 7.86518e-01 Validation accuracy: 7.81000e-01 Training loss 4.64706e-03 Validation loss 4.90464e-03 Time taken: 0.08 seconds 
Epoch: 53/200 Train accuracy: 7.88442e-01 Validation accuracy: 7.79333e-01 Training loss 4.64273e-03 Validation loss 4.90797e-03 Time taken: 0.08 seconds 
Epoch: 54/200 Train accuracy: 7.86447e-01 Validation accuracy: 7.81000e-01 Training loss 4.64092e-03 Validation loss 4.89934e-03 Time taken: 0.08 seconds 
Epoch: 55/200 Train accuracy: 7.86661e-01 Validation accuracy: 7.81000e-01 Training loss 4.63802e-03 Validation loss 4.92086e-03 Time taken: 0.08 seconds 
Epoch: 56/200 Train accuracy: 7.88300e-01 Validation accuracy: 7.80333e-01 Training loss 4.64293e-03 Validation loss 4.89195e-03 Time taken: 0.08 seconds 
Epoch: 57/200 Train accuracy: 7.89297e-01 Validation accuracy: 7.78667e-01 Training loss 4.62032e-03 Validation loss 4.88693e-03 Time taken: 0.08 seconds 
Epoch: 58/200 Train accuracy: 7.87801e-01 Validation accuracy: 7.80000e-01 Training loss 4.62871e-03 Validation loss 4.87856e-03 Time taken: 0.08 seconds 
Epoch: 59/200 Train accuracy: 7.86162e-01 Validation accuracy: 7.81000e-01 Training loss 4.62077e-03 Validation loss 4.91150e-03 Time taken: 0.08 seconds 
Epoch: 60/200 Train accuracy: 7.88514e-01 Validation accuracy: 7.82000e-01 Training loss 4.61474e-03 Validation loss 4.87753e-03 Time taken: 0.08 seconds 
Epoch: 61/200 Train accuracy: 7.88442e-01 Validation accuracy: 7.80333e-01 Training loss 4.61145e-03 Validation loss 4.87659e-03 Time taken: 0.10 seconds 
Epoch: 62/200 Train accuracy: 7.88514e-01 Validation accuracy: 7.80333e-01 Training loss 4.60769e-03 Validation loss 4.86106e-03 Time taken: 0.08 seconds 
Epoch: 63/200 Train accuracy: 7.88799e-01 Validation accuracy: 7.79333e-01 Training loss 4.60287e-03 Validation loss 4.87871e-03 Time taken: 0.08 seconds 
Epoch: 64/200 Train accuracy: 7.88941e-01 Validation accuracy: 7.82000e-01 Training loss 4.60676e-03 Validation loss 4.87180e-03 Time taken: 0.08 seconds 
Epoch: 65/200 Train accuracy: 7.88727e-01 Validation accuracy: 7.80667e-01 Training loss 4.59628e-03 Validation loss 4.85439e-03 Time taken: 0.08 seconds 
Epoch: 66/200 Train accuracy: 7.89939e-01 Validation accuracy: 7.79333e-01 Training loss 4.58203e-03 Validation loss 4.86590e-03 Time taken: 0.08 seconds 
Epoch: 67/200 Train accuracy: 7.90438e-01 Validation accuracy: 7.82000e-01 Training loss 4.59765e-03 Validation loss 4.88982e-03 Time taken: 0.08 seconds 
Epoch: 68/200 Train accuracy: 7.90865e-01 Validation accuracy: 7.84333e-01 Training loss 4.58100e-03 Validation loss 4.85542e-03 Time taken: 0.08 seconds 
Epoch: 69/200 Train accuracy: 7.90224e-01 Validation accuracy: 7.82333e-01 Training loss 4.58392e-03 Validation loss 4.83836e-03 Time taken: 0.14 seconds 
Epoch: 70/200 Train accuracy: 7.89582e-01 Validation accuracy: 7.81333e-01 Training loss 4.57828e-03 Validation loss 4.86217e-03 Time taken: 0.13 seconds 
Epoch: 71/200 Train accuracy: 7.89939e-01 Validation accuracy: 7.82000e-01 Training loss 4.57087e-03 Validation loss 4.87641e-03 Time taken: 0.08 seconds 
Epoch: 72/200 Train accuracy: 7.90081e-01 Validation accuracy: 7.84000e-01 Training loss 4.57541e-03 Validation loss 4.83705e-03 Time taken: 0.08 seconds 
Epoch: 73/200 Train accuracy: 7.91649e-01 Validation accuracy: 7.81667e-01 Training loss 4.55813e-03 Validation loss 4.86454e-03 Time taken: 0.08 seconds 
Epoch: 74/200 Train accuracy: 7.90010e-01 Validation accuracy: 7.81333e-01 Training loss 4.55999e-03 Validation loss 4.84697e-03 Time taken: 0.08 seconds 
Epoch: 75/200 Train accuracy: 7.89226e-01 Validation accuracy: 7.82333e-01 Training loss 4.56310e-03 Validation loss 4.83635e-03 Time taken: 0.08 seconds 
Epoch: 76/200 Train accuracy: 7.91435e-01 Validation accuracy: 7.80667e-01 Training loss 4.55965e-03 Validation loss 4.82804e-03 Time taken: 0.08 seconds 
Epoch: 77/200 Train accuracy: 7.89012e-01 Validation accuracy: 7.84333e-01 Training loss 4.55995e-03 Validation loss 4.83678e-03 Time taken: 0.08 seconds 
Epoch: 78/200 Train accuracy: 7.90366e-01 Validation accuracy: 7.84333e-01 Training loss 4.55306e-03 Validation loss 4.81123e-03 Time taken: 0.08 seconds 
Epoch: 79/200 Train accuracy: 7.90794e-01 Validation accuracy: 7.81333e-01 Training loss 4.54817e-03 Validation loss 4.83782e-03 Time taken: 0.08 seconds 
Epoch: 80/200 Train accuracy: 7.92290e-01 Validation accuracy: 7.85333e-01 Training loss 4.54702e-03 Validation loss 4.82835e-03 Time taken: 0.08 seconds 
Epoch: 81/200 Train accuracy: 7.92504e-01 Validation accuracy: 7.86000e-01 Training loss 4.54627e-03 Validation loss 4.83465e-03 Time taken: 0.08 seconds 
Epoch: 82/200 Train accuracy: 7.91293e-01 Validation accuracy: 7.85333e-01 Training loss 4.54061e-03 Validation loss 4.82002e-03 Time taken: 0.08 seconds 
Epoch: 83/200 Train accuracy: 7.92219e-01 Validation accuracy: 7.83667e-01 Training loss 4.54119e-03 Validation loss 4.84174e-03 Time taken: 0.08 seconds 
Epoch: 84/200 Train accuracy: 7.92789e-01 Validation accuracy: 7.86000e-01 Training loss 4.52745e-03 Validation loss 4.82584e-03 Time taken: 0.08 seconds 
Epoch: 85/200 Train accuracy: 7.91221e-01 Validation accuracy: 7.83667e-01 Training loss 4.53079e-03 Validation loss 4.79816e-03 Time taken: 0.09 seconds 
Epoch: 86/200 Train accuracy: 7.91578e-01 Validation accuracy: 7.84333e-01 Training loss 4.52986e-03 Validation loss 4.80729e-03 Time taken: 0.08 seconds 
Epoch: 87/200 Train accuracy: 7.93145e-01 Validation accuracy: 7.83667e-01 Training loss 4.51883e-03 Validation loss 4.79969e-03 Time taken: 0.08 seconds 
Epoch: 88/200 Train accuracy: 7.92504e-01 Validation accuracy: 7.84667e-01 Training loss 4.52613e-03 Validation loss 4.79521e-03 Time taken: 0.08 seconds 
Epoch: 89/200 Train accuracy: 7.93929e-01 Validation accuracy: 7.82667e-01 Training loss 4.51502e-03 Validation loss 4.85327e-03 Time taken: 0.08 seconds 
Epoch: 90/200 Train accuracy: 7.91934e-01 Validation accuracy: 7.84000e-01 Training loss 4.51579e-03 Validation loss 4.79804e-03 Time taken: 0.08 seconds 
Epoch: 91/200 Train accuracy: 7.93003e-01 Validation accuracy: 7.82667e-01 Training loss 4.51785e-03 Validation loss 4.81115e-03 Time taken: 0.08 seconds 
Epoch: 92/200 Train accuracy: 7.92789e-01 Validation accuracy: 7.88000e-01 Training loss 4.51055e-03 Validation loss 4.80484e-03 Time taken: 0.08 seconds 
Epoch: 93/200 Train accuracy: 7.93145e-01 Validation accuracy: 7.83667e-01 Training loss 4.50457e-03 Validation loss 4.78348e-03 Time taken: 0.08 seconds 
Epoch: 94/200 Train accuracy: 7.91863e-01 Validation accuracy: 7.85333e-01 Training loss 4.50232e-03 Validation loss 4.80247e-03 Time taken: 0.08 seconds 
Epoch: 95/200 Train accuracy: 7.91293e-01 Validation accuracy: 7.84667e-01 Training loss 4.50034e-03 Validation loss 4.82137e-03 Time taken: 0.08 seconds 
Epoch: 96/200 Train accuracy: 7.92504e-01 Validation accuracy: 7.86333e-01 Training loss 4.50007e-03 Validation loss 4.82750e-03 Time taken: 0.08 seconds 
Epoch: 97/200 Train accuracy: 7.93003e-01 Validation accuracy: 7.84000e-01 Training loss 4.50326e-03 Validation loss 4.78694e-03 Time taken: 0.08 seconds 
Epoch: 98/200 Train accuracy: 7.93573e-01 Validation accuracy: 7.83333e-01 Training loss 4.49569e-03 Validation loss 4.76745e-03 Time taken: 0.08 seconds 
Epoch: 99/200 Train accuracy: 7.92646e-01 Validation accuracy: 7.85333e-01 Training loss 4.49743e-03 Validation loss 4.79281e-03 Time taken: 0.08 seconds 
Epoch: 100/200 Train accuracy: 7.93288e-01 Validation accuracy: 7.86333e-01 Training loss 4.49393e-03 Validation loss 4.77265e-03 Time taken: 0.08 seconds 
Epoch: 101/200 Train accuracy: 7.92789e-01 Validation accuracy: 7.84000e-01 Training loss 4.49385e-03 Validation loss 4.77310e-03 Time taken: 0.08 seconds 
Epoch: 102/200 Train accuracy: 7.95639e-01 Validation accuracy: 7.82667e-01 Training loss 4.48819e-03 Validation loss 4.76421e-03 Time taken: 0.08 seconds 
Epoch: 103/200 Train accuracy: 7.94000e-01 Validation accuracy: 7.83333e-01 Training loss 4.48089e-03 Validation loss 4.75935e-03 Time taken: 0.08 seconds 
Epoch: 104/200 Train accuracy: 7.94072e-01 Validation accuracy: 7.87667e-01 Training loss 4.48683e-03 Validation loss 4.78664e-03 Time taken: 0.08 seconds 
Epoch: 105/200 Train accuracy: 7.92433e-01 Validation accuracy: 7.83333e-01 Training loss 4.48517e-03 Validation loss 4.76800e-03 Time taken: 0.08 seconds 
Epoch: 106/200 Train accuracy: 7.94285e-01 Validation accuracy: 7.87000e-01 Training loss 4.47716e-03 Validation loss 4.76350e-03 Time taken: 0.08 seconds 
Epoch: 107/200 Train accuracy: 7.93929e-01 Validation accuracy: 7.83667e-01 Training loss 4.47076e-03 Validation loss 4.76657e-03 Time taken: 0.08 seconds 
Epoch: 108/200 Train accuracy: 7.94570e-01 Validation accuracy: 7.85333e-01 Training loss 4.46929e-03 Validation loss 4.77134e-03 Time taken: 0.08 seconds 
Epoch: 109/200 Train accuracy: 7.93858e-01 Validation accuracy: 7.84000e-01 Training loss 4.46988e-03 Validation loss 4.74197e-03 Time taken: 0.08 seconds 
Epoch: 110/200 Train accuracy: 7.92931e-01 Validation accuracy: 7.85667e-01 Training loss 4.46555e-03 Validation loss 4.77094e-03 Time taken: 0.08 seconds 
Epoch: 111/200 Train accuracy: 7.94285e-01 Validation accuracy: 7.87333e-01 Training loss 4.47012e-03 Validation loss 4.74361e-03 Time taken: 0.10 seconds 
Epoch: 112/200 Train accuracy: 7.93430e-01 Validation accuracy: 7.86333e-01 Training loss 4.47233e-03 Validation loss 4.75086e-03 Time taken: 0.08 seconds 
Epoch: 113/200 Train accuracy: 7.94855e-01 Validation accuracy: 7.89333e-01 Training loss 4.47095e-03 Validation loss 4.77172e-03 Time taken: 0.08 seconds 
Epoch: 114/200 Train accuracy: 7.94357e-01 Validation accuracy: 7.87000e-01 Training loss 4.45645e-03 Validation loss 4.75524e-03 Time taken: 0.08 seconds 
Epoch: 115/200 Train accuracy: 7.93929e-01 Validation accuracy: 7.89000e-01 Training loss 4.45170e-03 Validation loss 4.76364e-03 Time taken: 0.08 seconds 
Epoch: 116/200 Train accuracy: 7.93787e-01 Validation accuracy: 7.85333e-01 Training loss 4.45710e-03 Validation loss 4.77771e-03 Time taken: 0.09 seconds 
Epoch: 117/200 Train accuracy: 7.93715e-01 Validation accuracy: 7.88333e-01 Training loss 4.45799e-03 Validation loss 4.75203e-03 Time taken: 0.09 seconds 
Epoch: 118/200 Train accuracy: 7.95140e-01 Validation accuracy: 7.90000e-01 Training loss 4.45045e-03 Validation loss 4.74362e-03 Time taken: 0.08 seconds 
Epoch: 119/200 Train accuracy: 7.95140e-01 Validation accuracy: 7.87000e-01 Training loss 4.44988e-03 Validation loss 4.73015e-03 Time taken: 0.08 seconds 
Epoch: 120/200 Train accuracy: 7.94998e-01 Validation accuracy: 7.84667e-01 Training loss 4.45069e-03 Validation loss 4.75299e-03 Time taken: 0.08 seconds 
Epoch: 121/200 Train accuracy: 7.94357e-01 Validation accuracy: 7.91333e-01 Training loss 4.44477e-03 Validation loss 4.74289e-03 Time taken: 0.08 seconds 
Epoch: 122/200 Train accuracy: 7.93573e-01 Validation accuracy: 7.92000e-01 Training loss 4.44481e-03 Validation loss 4.74008e-03 Time taken: 0.08 seconds 
Epoch: 123/200 Train accuracy: 7.95639e-01 Validation accuracy: 7.89667e-01 Training loss 4.43959e-03 Validation loss 4.72563e-03 Time taken: 0.08 seconds 
Epoch: 124/200 Train accuracy: 7.94499e-01 Validation accuracy: 7.90667e-01 Training loss 4.44360e-03 Validation loss 4.75338e-03 Time taken: 0.08 seconds 
Epoch: 125/200 Train accuracy: 7.95140e-01 Validation accuracy: 7.86667e-01 Training loss 4.44225e-03 Validation loss 4.72426e-03 Time taken: 0.08 seconds 
Epoch: 126/200 Train accuracy: 7.94784e-01 Validation accuracy: 7.90333e-01 Training loss 4.43454e-03 Validation loss 4.73799e-03 Time taken: 0.08 seconds 
Epoch: 127/200 Train accuracy: 7.94713e-01 Validation accuracy: 7.87333e-01 Training loss 4.44159e-03 Validation loss 4.73679e-03 Time taken: 0.08 seconds 
Epoch: 128/200 Train accuracy: 7.96280e-01 Validation accuracy: 7.88333e-01 Training loss 4.44365e-03 Validation loss 4.71882e-03 Time taken: 0.08 seconds 
Epoch: 129/200 Train accuracy: 7.95782e-01 Validation accuracy: 7.89000e-01 Training loss 4.43742e-03 Validation loss 4.72882e-03 Time taken: 0.08 seconds 
Epoch: 130/200 Train accuracy: 7.95995e-01 Validation accuracy: 7.89333e-01 Training loss 4.43244e-03 Validation loss 4.75296e-03 Time taken: 0.09 seconds 
Epoch: 131/200 Train accuracy: 7.94428e-01 Validation accuracy: 7.92667e-01 Training loss 4.42511e-03 Validation loss 4.75736e-03 Time taken: 0.08 seconds 
Epoch: 132/200 Train accuracy: 7.96138e-01 Validation accuracy: 7.86667e-01 Training loss 4.43375e-03 Validation loss 4.71113e-03 Time taken: 0.08 seconds 
Epoch: 133/200 Train accuracy: 7.95995e-01 Validation accuracy: 7.87000e-01 Training loss 4.42102e-03 Validation loss 4.71541e-03 Time taken: 0.08 seconds 
Epoch: 134/200 Train accuracy: 7.95425e-01 Validation accuracy: 7.87000e-01 Training loss 4.42649e-03 Validation loss 4.71593e-03 Time taken: 0.08 seconds 
Epoch: 135/200 Train accuracy: 7.95924e-01 Validation accuracy: 7.88667e-01 Training loss 4.42357e-03 Validation loss 4.73864e-03 Time taken: 0.08 seconds 
Epoch: 136/200 Train accuracy: 7.94713e-01 Validation accuracy: 7.90000e-01 Training loss 4.42162e-03 Validation loss 4.71904e-03 Time taken: 0.10 seconds 
Epoch: 137/200 Train accuracy: 7.96494e-01 Validation accuracy: 7.93667e-01 Training loss 4.41930e-03 Validation loss 4.71023e-03 Time taken: 0.08 seconds 
Epoch: 138/200 Train accuracy: 7.95354e-01 Validation accuracy: 7.87333e-01 Training loss 4.42614e-03 Validation loss 4.70820e-03 Time taken: 0.08 seconds 
Epoch: 139/200 Train accuracy: 7.95497e-01 Validation accuracy: 7.91000e-01 Training loss 4.42261e-03 Validation loss 4.70197e-03 Time taken: 0.10 seconds 
Epoch: 140/200 Train accuracy: 7.95354e-01 Validation accuracy: 7.91333e-01 Training loss 4.41897e-03 Validation loss 4.71401e-03 Time taken: 0.15 seconds 
Epoch: 141/200 Train accuracy: 7.96352e-01 Validation accuracy: 7.93667e-01 Training loss 4.42450e-03 Validation loss 4.70475e-03 Time taken: 0.10 seconds 
Epoch: 142/200 Train accuracy: 7.94713e-01 Validation accuracy: 7.86667e-01 Training loss 4.42102e-03 Validation loss 4.70134e-03 Time taken: 0.08 seconds 
Epoch: 143/200 Train accuracy: 7.94927e-01 Validation accuracy: 7.88667e-01 Training loss 4.41810e-03 Validation loss 4.70597e-03 Time taken: 0.08 seconds 
Epoch: 144/200 Train accuracy: 7.97919e-01 Validation accuracy: 7.89333e-01 Training loss 4.41179e-03 Validation loss 4.71794e-03 Time taken: 0.08 seconds 
Epoch: 145/200 Train accuracy: 7.97278e-01 Validation accuracy: 7.92333e-01 Training loss 4.40852e-03 Validation loss 4.69182e-03 Time taken: 0.08 seconds 
Epoch: 146/200 Train accuracy: 7.97278e-01 Validation accuracy: 7.88333e-01 Training loss 4.40074e-03 Validation loss 4.70565e-03 Time taken: 0.08 seconds 
Epoch: 147/200 Train accuracy: 7.96494e-01 Validation accuracy: 7.90000e-01 Training loss 4.40900e-03 Validation loss 4.70954e-03 Time taken: 0.08 seconds 
Epoch: 148/200 Train accuracy: 7.96280e-01 Validation accuracy: 7.89667e-01 Training loss 4.40006e-03 Validation loss 4.71159e-03 Time taken: 0.08 seconds 
Epoch: 149/200 Train accuracy: 7.97064e-01 Validation accuracy: 7.91667e-01 Training loss 4.39779e-03 Validation loss 4.70393e-03 Time taken: 0.08 seconds 
Epoch: 150/200 Train accuracy: 7.96851e-01 Validation accuracy: 7.91333e-01 Training loss 4.39875e-03 Validation loss 4.70768e-03 Time taken: 0.08 seconds 
Epoch: 151/200 Train accuracy: 7.97777e-01 Validation accuracy: 7.86000e-01 Training loss 4.40154e-03 Validation loss 4.69183e-03 Time taken: 0.08 seconds 
Epoch: 152/200 Train accuracy: 7.95354e-01 Validation accuracy: 7.93000e-01 Training loss 4.40292e-03 Validation loss 4.69489e-03 Time taken: 0.08 seconds 
Epoch: 153/200 Train accuracy: 7.96067e-01 Validation accuracy: 7.93000e-01 Training loss 4.39764e-03 Validation loss 4.69340e-03 Time taken: 0.08 seconds 
Epoch: 154/200 Train accuracy: 7.97706e-01 Validation accuracy: 7.91000e-01 Training loss 4.40528e-03 Validation loss 4.69677e-03 Time taken: 0.08 seconds 
Epoch: 155/200 Train accuracy: 7.96565e-01 Validation accuracy: 7.89000e-01 Training loss 4.39377e-03 Validation loss 4.71974e-03 Time taken: 0.08 seconds 
Epoch: 156/200 Train accuracy: 7.96494e-01 Validation accuracy: 7.90000e-01 Training loss 4.40207e-03 Validation loss 4.69544e-03 Time taken: 0.08 seconds 
Epoch: 157/200 Train accuracy: 7.96708e-01 Validation accuracy: 7.86333e-01 Training loss 4.38886e-03 Validation loss 4.72302e-03 Time taken: 0.08 seconds 
Epoch: 158/200 Train accuracy: 7.97563e-01 Validation accuracy: 7.91000e-01 Training loss 4.38974e-03 Validation loss 4.70206e-03 Time taken: 0.08 seconds 
Epoch: 159/200 Train accuracy: 7.96779e-01 Validation accuracy: 7.92333e-01 Training loss 4.39027e-03 Validation loss 4.67178e-03 Time taken: 0.08 seconds 
Epoch: 160/200 Train accuracy: 7.96993e-01 Validation accuracy: 7.90667e-01 Training loss 4.39314e-03 Validation loss 4.69591e-03 Time taken: 0.10 seconds 
Epoch: 161/200 Train accuracy: 7.96708e-01 Validation accuracy: 7.93667e-01 Training loss 4.38592e-03 Validation loss 4.67205e-03 Time taken: 0.13 seconds 
Epoch: 162/200 Train accuracy: 7.98418e-01 Validation accuracy: 7.93000e-01 Training loss 4.38235e-03 Validation loss 4.68422e-03 Time taken: 0.12 seconds 
Epoch: 163/200 Train accuracy: 7.97278e-01 Validation accuracy: 7.87333e-01 Training loss 4.38964e-03 Validation loss 4.68315e-03 Time taken: 0.08 seconds 
Epoch: 164/200 Train accuracy: 7.96067e-01 Validation accuracy: 7.96333e-01 Training loss 4.38375e-03 Validation loss 4.66965e-03 Time taken: 0.08 seconds 
Epoch: 165/200 Train accuracy: 7.97634e-01 Validation accuracy: 7.91000e-01 Training loss 4.37668e-03 Validation loss 4.71624e-03 Time taken: 0.08 seconds 
Epoch: 166/200 Train accuracy: 7.98988e-01 Validation accuracy: 7.90333e-01 Training loss 4.39149e-03 Validation loss 4.67956e-03 Time taken: 0.08 seconds 
Epoch: 167/200 Train accuracy: 7.97706e-01 Validation accuracy: 7.93000e-01 Training loss 4.38303e-03 Validation loss 4.67926e-03 Time taken: 0.08 seconds 
Epoch: 168/200 Train accuracy: 8.00271e-01 Validation accuracy: 7.93333e-01 Training loss 4.37195e-03 Validation loss 4.70226e-03 Time taken: 0.08 seconds 
Epoch: 169/200 Train accuracy: 7.99273e-01 Validation accuracy: 7.93667e-01 Training loss 4.38006e-03 Validation loss 4.66994e-03 Time taken: 0.08 seconds 
Epoch: 170/200 Train accuracy: 7.98703e-01 Validation accuracy: 7.91000e-01 Training loss 4.38124e-03 Validation loss 4.69097e-03 Time taken: 0.09 seconds 
Epoch: 171/200 Train accuracy: 7.98988e-01 Validation accuracy: 7.94333e-01 Training loss 4.37064e-03 Validation loss 4.67333e-03 Time taken: 0.09 seconds 
Epoch: 172/200 Train accuracy: 7.98418e-01 Validation accuracy: 7.95000e-01 Training loss 4.36760e-03 Validation loss 4.66280e-03 Time taken: 0.09 seconds 
Epoch: 173/200 Train accuracy: 7.97919e-01 Validation accuracy: 7.90667e-01 Training loss 4.36526e-03 Validation loss 4.67447e-03 Time taken: 0.09 seconds 
Epoch: 174/200 Train accuracy: 7.99986e-01 Validation accuracy: 7.94333e-01 Training loss 4.36888e-03 Validation loss 4.65705e-03 Time taken: 0.09 seconds 
Epoch: 175/200 Train accuracy: 7.96779e-01 Validation accuracy: 7.91667e-01 Training loss 4.37172e-03 Validation loss 4.65935e-03 Time taken: 0.09 seconds 
Epoch: 176/200 Train accuracy: 7.98489e-01 Validation accuracy: 7.93667e-01 Training loss 4.36788e-03 Validation loss 4.67474e-03 Time taken: 0.08 seconds 
Epoch: 177/200 Train accuracy: 7.98418e-01 Validation accuracy: 7.92333e-01 Training loss 4.36558e-03 Validation loss 4.66724e-03 Time taken: 0.08 seconds 
Epoch: 178/200 Train accuracy: 7.98347e-01 Validation accuracy: 7.93333e-01 Training loss 4.36955e-03 Validation loss 4.67409e-03 Time taken: 0.08 seconds 
Epoch: 179/200 Train accuracy: 7.96494e-01 Validation accuracy: 7.92333e-01 Training loss 4.37478e-03 Validation loss 4.66235e-03 Time taken: 0.08 seconds 
Epoch: 180/200 Train accuracy: 7.98133e-01 Validation accuracy: 7.94333e-01 Training loss 4.36416e-03 Validation loss 4.65108e-03 Time taken: 0.08 seconds 
Epoch: 181/200 Train accuracy: 7.98062e-01 Validation accuracy: 7.89000e-01 Training loss 4.36227e-03 Validation loss 4.65036e-03 Time taken: 0.08 seconds 
Epoch: 182/200 Train accuracy: 7.99344e-01 Validation accuracy: 7.94667e-01 Training loss 4.36511e-03 Validation loss 4.64733e-03 Time taken: 0.08 seconds 
Epoch: 183/200 Train accuracy: 7.97991e-01 Validation accuracy: 7.88667e-01 Training loss 4.35551e-03 Validation loss 4.69000e-03 Time taken: 0.09 seconds 
Epoch: 184/200 Train accuracy: 7.98204e-01 Validation accuracy: 7.93000e-01 Training loss 4.35719e-03 Validation loss 4.64767e-03 Time taken: 0.09 seconds 
Epoch: 185/200 Train accuracy: 7.98062e-01 Validation accuracy: 7.91333e-01 Training loss 4.36477e-03 Validation loss 4.64744e-03 Time taken: 0.08 seconds 
Epoch: 186/200 Train accuracy: 7.98489e-01 Validation accuracy: 7.92333e-01 Training loss 4.36132e-03 Validation loss 4.68107e-03 Time taken: 0.08 seconds 
Epoch: 187/200 Train accuracy: 7.98204e-01 Validation accuracy: 7.95667e-01 Training loss 4.35902e-03 Validation loss 4.65832e-03 Time taken: 0.08 seconds 
Epoch: 188/200 Train accuracy: 7.98062e-01 Validation accuracy: 7.92667e-01 Training loss 4.35807e-03 Validation loss 4.64395e-03 Time taken: 0.08 seconds 
Epoch: 189/200 Train accuracy: 8.00342e-01 Validation accuracy: 7.88333e-01 Training loss 4.34463e-03 Validation loss 4.68751e-03 Time taken: 0.08 seconds 
Epoch: 190/200 Train accuracy: 7.98917e-01 Validation accuracy: 7.93333e-01 Training loss 4.35484e-03 Validation loss 4.66163e-03 Time taken: 0.08 seconds 
Epoch: 191/200 Train accuracy: 7.99558e-01 Validation accuracy: 7.95667e-01 Training loss 4.35130e-03 Validation loss 4.64288e-03 Time taken: 0.08 seconds 
Epoch: 192/200 Train accuracy: 7.99344e-01 Validation accuracy: 7.92333e-01 Training loss 4.34886e-03 Validation loss 4.65036e-03 Time taken: 0.08 seconds 
Epoch: 193/200 Train accuracy: 7.98347e-01 Validation accuracy: 7.92000e-01 Training loss 4.35329e-03 Validation loss 4.64789e-03 Time taken: 0.08 seconds 
Epoch: 194/200 Train accuracy: 7.98489e-01 Validation accuracy: 7.91667e-01 Training loss 4.34402e-03 Validation loss 4.64310e-03 Time taken: 0.08 seconds 
Epoch: 195/200 Train accuracy: 7.98846e-01 Validation accuracy: 7.93333e-01 Training loss 4.33886e-03 Validation loss 4.64214e-03 Time taken: 0.08 seconds 
Epoch: 196/200 Train accuracy: 7.97634e-01 Validation accuracy: 7.97667e-01 Training loss 4.34989e-03 Validation loss 4.63543e-03 Time taken: 0.08 seconds 
Epoch: 197/200 Train accuracy: 7.99202e-01 Validation accuracy: 7.94000e-01 Training loss 4.34535e-03 Validation loss 4.64263e-03 Time taken: 0.08 seconds 
Epoch: 198/200 Train accuracy: 7.98988e-01 Validation accuracy: 7.96000e-01 Training loss 4.34605e-03 Validation loss 4.63606e-03 Time taken: 0.08 seconds 
Epoch: 199/200 Train accuracy: 7.99273e-01 Validation accuracy: 7.95333e-01 Training loss 4.34059e-03 Validation loss 4.68333e-03 Time taken: 0.08 seconds 
Epoch: 200/200 Train accuracy: 8.00698e-01 Validation accuracy: 7.98333e-01 Training loss 4.34153e-03 Validation loss 4.64230e-03 Time taken: 0.08 seconds 
Total time taken 0:00:17.271522
Cleaning up intermediate feature (.pt) files
Done


working on file logs_PKT_chunks_different_seeds/iic-train-l2-seed4-pred12/jepa-iic-ep500.pth.tar ...
Directory logs_PKT_chunks_different_seeds/iic-train-l2-seed4-pred12/classifiers for saving the classifiers is now present
VisionTransformer(
  (patch_embed): PatchEmbed(
    (proj): Conv2d(3, 768, kernel_size=(15, 15), stride=(15, 15))
  )
  (blocks): ModuleList(
    (0-11): 12 x Block(
      (norm1): LayerNorm((768,), eps=1e-06, elementwise_affine=True)
      (attn): Attention(
        (qkv): Linear(in_features=768, out_features=2304, bias=True)
        (attn_drop): Dropout(p=0.0, inplace=False)
        (proj): Linear(in_features=768, out_features=768, bias=True)
        (proj_drop): Dropout(p=0.0, inplace=False)
      )
      (drop_path): Identity()
      (norm2): LayerNorm((768,), eps=1e-06, elementwise_affine=True)
      (mlp): MLP(
        (fc1): Linear(in_features=768, out_features=3072, bias=True)
        (act): GELU(approximate='none')
        (fc2): Linear(in_features=3072, out_features=768, bias=True)
        (drop): Dropout(p=0.0, inplace=False)
      )
    )
  )
  (norm): LayerNorm((768,), eps=1e-06, elementwise_affine=True)
)
Extracting features and saving them in memory..
Extracting features...
Time taken to extract features: 24.50935697508976
Epoch: 1/200 Train accuracy: 4.30455e-01 Validation accuracy: 6.26333e-01 Training loss 1.19202e-02 Validation loss 9.31570e-03 Time taken: 0.09 seconds 
Epoch: 2/200 Train accuracy: 6.84409e-01 Validation accuracy: 6.98333e-01 Training loss 7.94766e-03 Validation loss 7.56030e-03 Time taken: 0.08 seconds 
Epoch: 3/200 Train accuracy: 7.21462e-01 Validation accuracy: 7.23333e-01 Training loss 6.78516e-03 Validation loss 6.75586e-03 Time taken: 0.08 seconds 
Epoch: 4/200 Train accuracy: 7.35500e-01 Validation accuracy: 7.36000e-01 Training loss 6.20556e-03 Validation loss 6.30946e-03 Time taken: 0.08 seconds 
Epoch: 5/200 Train accuracy: 7.49394e-01 Validation accuracy: 7.41667e-01 Training loss 5.85908e-03 Validation loss 6.02214e-03 Time taken: 0.08 seconds 
Epoch: 6/200 Train accuracy: 7.53883e-01 Validation accuracy: 7.50667e-01 Training loss 5.61708e-03 Validation loss 5.80560e-03 Time taken: 0.09 seconds 
Epoch: 7/200 Train accuracy: 7.60154e-01 Validation accuracy: 7.55000e-01 Training loss 5.44991e-03 Validation loss 5.63814e-03 Time taken: 0.09 seconds 
Epoch: 8/200 Train accuracy: 7.63859e-01 Validation accuracy: 7.63333e-01 Training loss 5.31356e-03 Validation loss 5.53243e-03 Time taken: 0.09 seconds 
Epoch: 9/200 Train accuracy: 7.67351e-01 Validation accuracy: 7.69667e-01 Training loss 5.21676e-03 Validation loss 5.44507e-03 Time taken: 0.09 seconds 
Epoch: 10/200 Train accuracy: 7.69773e-01 Validation accuracy: 7.69333e-01 Training loss 5.12960e-03 Validation loss 5.33858e-03 Time taken: 0.09 seconds 
Epoch: 11/200 Train accuracy: 7.70486e-01 Validation accuracy: 7.67333e-01 Training loss 5.05830e-03 Validation loss 5.26783e-03 Time taken: 0.09 seconds 
Epoch: 12/200 Train accuracy: 7.74191e-01 Validation accuracy: 7.74667e-01 Training loss 5.00002e-03 Validation loss 5.22210e-03 Time taken: 0.09 seconds 
Epoch: 13/200 Train accuracy: 7.76044e-01 Validation accuracy: 7.76333e-01 Training loss 4.94696e-03 Validation loss 5.16767e-03 Time taken: 0.09 seconds 
Epoch: 14/200 Train accuracy: 7.78467e-01 Validation accuracy: 7.76333e-01 Training loss 4.90651e-03 Validation loss 5.12610e-03 Time taken: 0.09 seconds 
Epoch: 15/200 Train accuracy: 7.78467e-01 Validation accuracy: 7.77333e-01 Training loss 4.86622e-03 Validation loss 5.08447e-03 Time taken: 0.09 seconds 
Epoch: 16/200 Train accuracy: 7.79892e-01 Validation accuracy: 7.75667e-01 Training loss 4.83042e-03 Validation loss 5.04240e-03 Time taken: 0.09 seconds 
Epoch: 17/200 Train accuracy: 7.80889e-01 Validation accuracy: 7.80333e-01 Training loss 4.80283e-03 Validation loss 5.02138e-03 Time taken: 0.09 seconds 
Epoch: 18/200 Train accuracy: 7.81602e-01 Validation accuracy: 7.76667e-01 Training loss 4.77233e-03 Validation loss 5.01007e-03 Time taken: 0.09 seconds 
Epoch: 19/200 Train accuracy: 7.83027e-01 Validation accuracy: 7.79667e-01 Training loss 4.74736e-03 Validation loss 4.97125e-03 Time taken: 0.08 seconds 
Epoch: 20/200 Train accuracy: 7.84025e-01 Validation accuracy: 7.80333e-01 Training loss 4.73181e-03 Validation loss 4.94923e-03 Time taken: 0.08 seconds 
Epoch: 21/200 Train accuracy: 7.84310e-01 Validation accuracy: 7.77333e-01 Training loss 4.70837e-03 Validation loss 4.92992e-03 Time taken: 0.08 seconds 
Epoch: 22/200 Train accuracy: 7.85948e-01 Validation accuracy: 7.81333e-01 Training loss 4.68413e-03 Validation loss 4.92598e-03 Time taken: 0.08 seconds 
Epoch: 23/200 Train accuracy: 7.86305e-01 Validation accuracy: 7.82000e-01 Training loss 4.66780e-03 Validation loss 4.89004e-03 Time taken: 0.08 seconds 
Epoch: 24/200 Train accuracy: 7.85877e-01 Validation accuracy: 7.82667e-01 Training loss 4.65614e-03 Validation loss 4.89010e-03 Time taken: 0.09 seconds 
Epoch: 25/200 Train accuracy: 7.87730e-01 Validation accuracy: 7.84667e-01 Training loss 4.63283e-03 Validation loss 4.85341e-03 Time taken: 0.09 seconds 
Epoch: 26/200 Train accuracy: 7.88727e-01 Validation accuracy: 7.85000e-01 Training loss 4.62569e-03 Validation loss 4.86688e-03 Time taken: 0.09 seconds 
Epoch: 27/200 Train accuracy: 7.88015e-01 Validation accuracy: 7.86667e-01 Training loss 4.60693e-03 Validation loss 4.85268e-03 Time taken: 0.10 seconds 
Epoch: 28/200 Train accuracy: 7.91364e-01 Validation accuracy: 7.88333e-01 Training loss 4.59431e-03 Validation loss 4.81309e-03 Time taken: 0.12 seconds 
Epoch: 29/200 Train accuracy: 7.90152e-01 Validation accuracy: 7.84667e-01 Training loss 4.58390e-03 Validation loss 4.82098e-03 Time taken: 0.15 seconds 
Epoch: 30/200 Train accuracy: 7.90936e-01 Validation accuracy: 7.85667e-01 Training loss 4.56851e-03 Validation loss 4.80848e-03 Time taken: 0.14 seconds 
Epoch: 31/200 Train accuracy: 7.91578e-01 Validation accuracy: 7.86000e-01 Training loss 4.56265e-03 Validation loss 4.79968e-03 Time taken: 0.15 seconds 
Epoch: 32/200 Train accuracy: 7.91293e-01 Validation accuracy: 7.86333e-01 Training loss 4.54808e-03 Validation loss 4.79389e-03 Time taken: 0.16 seconds 
Epoch: 33/200 Train accuracy: 7.92433e-01 Validation accuracy: 7.89667e-01 Training loss 4.53383e-03 Validation loss 4.77917e-03 Time taken: 0.16 seconds 
Epoch: 34/200 Train accuracy: 7.93288e-01 Validation accuracy: 7.88333e-01 Training loss 4.53032e-03 Validation loss 4.76683e-03 Time taken: 0.16 seconds 
Epoch: 35/200 Train accuracy: 7.92931e-01 Validation accuracy: 7.86000e-01 Training loss 4.52615e-03 Validation loss 4.75384e-03 Time taken: 0.17 seconds 
Epoch: 36/200 Train accuracy: 7.93430e-01 Validation accuracy: 7.88667e-01 Training loss 4.50692e-03 Validation loss 4.76144e-03 Time taken: 0.14 seconds 
Epoch: 37/200 Train accuracy: 7.91863e-01 Validation accuracy: 7.87667e-01 Training loss 4.50693e-03 Validation loss 4.73383e-03 Time taken: 0.16 seconds 
Epoch: 38/200 Train accuracy: 7.94713e-01 Validation accuracy: 7.88000e-01 Training loss 4.49949e-03 Validation loss 4.74025e-03 Time taken: 0.16 seconds 
Epoch: 39/200 Train accuracy: 7.95069e-01 Validation accuracy: 7.92000e-01 Training loss 4.48580e-03 Validation loss 4.75007e-03 Time taken: 0.15 seconds 
Epoch: 40/200 Train accuracy: 7.94357e-01 Validation accuracy: 7.88667e-01 Training loss 4.47495e-03 Validation loss 4.72522e-03 Time taken: 0.16 seconds 
Epoch: 41/200 Train accuracy: 7.93858e-01 Validation accuracy: 7.90667e-01 Training loss 4.46871e-03 Validation loss 4.70371e-03 Time taken: 0.17 seconds 
Epoch: 42/200 Train accuracy: 7.94998e-01 Validation accuracy: 7.91333e-01 Training loss 4.46109e-03 Validation loss 4.71733e-03 Time taken: 0.15 seconds 
Epoch: 43/200 Train accuracy: 7.96922e-01 Validation accuracy: 7.91667e-01 Training loss 4.45891e-03 Validation loss 4.69697e-03 Time taken: 0.12 seconds 
Epoch: 44/200 Train accuracy: 7.94998e-01 Validation accuracy: 7.94333e-01 Training loss 4.45137e-03 Validation loss 4.69292e-03 Time taken: 0.16 seconds 
Epoch: 45/200 Train accuracy: 7.94784e-01 Validation accuracy: 7.92333e-01 Training loss 4.44167e-03 Validation loss 4.67760e-03 Time taken: 0.16 seconds 
Epoch: 46/200 Train accuracy: 7.96280e-01 Validation accuracy: 7.94000e-01 Training loss 4.44389e-03 Validation loss 4.67419e-03 Time taken: 0.15 seconds 
Epoch: 47/200 Train accuracy: 7.97492e-01 Validation accuracy: 7.93333e-01 Training loss 4.43682e-03 Validation loss 4.68173e-03 Time taken: 0.16 seconds 
Epoch: 48/200 Train accuracy: 7.95995e-01 Validation accuracy: 7.90333e-01 Training loss 4.43386e-03 Validation loss 4.66338e-03 Time taken: 0.16 seconds 
Epoch: 49/200 Train accuracy: 7.96851e-01 Validation accuracy: 7.89333e-01 Training loss 4.41554e-03 Validation loss 4.69633e-03 Time taken: 0.16 seconds 
Epoch: 50/200 Train accuracy: 7.99629e-01 Validation accuracy: 7.94333e-01 Training loss 4.41198e-03 Validation loss 4.65360e-03 Time taken: 0.16 seconds 
Epoch: 51/200 Train accuracy: 7.98133e-01 Validation accuracy: 7.93000e-01 Training loss 4.40627e-03 Validation loss 4.64614e-03 Time taken: 0.17 seconds 
Epoch: 52/200 Train accuracy: 7.99059e-01 Validation accuracy: 7.94000e-01 Training loss 4.40775e-03 Validation loss 4.66227e-03 Time taken: 0.16 seconds 
Epoch: 53/200 Train accuracy: 7.98489e-01 Validation accuracy: 7.93667e-01 Training loss 4.40233e-03 Validation loss 4.63692e-03 Time taken: 0.16 seconds 
Epoch: 54/200 Train accuracy: 7.97563e-01 Validation accuracy: 7.91000e-01 Training loss 4.39756e-03 Validation loss 4.63583e-03 Time taken: 0.14 seconds 
Epoch: 55/200 Train accuracy: 7.98561e-01 Validation accuracy: 7.94000e-01 Training loss 4.37823e-03 Validation loss 4.62683e-03 Time taken: 0.15 seconds 
Epoch: 56/200 Train accuracy: 7.99629e-01 Validation accuracy: 7.94667e-01 Training loss 4.38271e-03 Validation loss 4.62056e-03 Time taken: 0.15 seconds 
Epoch: 57/200 Train accuracy: 8.00128e-01 Validation accuracy: 7.95333e-01 Training loss 4.37903e-03 Validation loss 4.62636e-03 Time taken: 0.16 seconds 
Epoch: 58/200 Train accuracy: 7.99772e-01 Validation accuracy: 7.97667e-01 Training loss 4.37001e-03 Validation loss 4.63032e-03 Time taken: 0.15 seconds 
Epoch: 59/200 Train accuracy: 8.01411e-01 Validation accuracy: 7.95333e-01 Training loss 4.35999e-03 Validation loss 4.61198e-03 Time taken: 0.16 seconds 
Epoch: 60/200 Train accuracy: 8.00200e-01 Validation accuracy: 7.95333e-01 Training loss 4.35589e-03 Validation loss 4.61960e-03 Time taken: 0.17 seconds 
Epoch: 61/200 Train accuracy: 8.01696e-01 Validation accuracy: 7.95667e-01 Training loss 4.36379e-03 Validation loss 4.60952e-03 Time taken: 0.16 seconds 
Epoch: 62/200 Train accuracy: 8.00841e-01 Validation accuracy: 7.93667e-01 Training loss 4.35678e-03 Validation loss 4.60131e-03 Time taken: 0.16 seconds 
Epoch: 63/200 Train accuracy: 8.00200e-01 Validation accuracy: 7.95667e-01 Training loss 4.35145e-03 Validation loss 4.59137e-03 Time taken: 0.15 seconds 
Epoch: 64/200 Train accuracy: 8.01910e-01 Validation accuracy: 7.96000e-01 Training loss 4.34505e-03 Validation loss 4.59631e-03 Time taken: 0.15 seconds 
Epoch: 65/200 Train accuracy: 8.02123e-01 Validation accuracy: 7.94000e-01 Training loss 4.33741e-03 Validation loss 4.59232e-03 Time taken: 0.17 seconds 
Epoch: 66/200 Train accuracy: 8.00627e-01 Validation accuracy: 7.99000e-01 Training loss 4.33137e-03 Validation loss 4.60340e-03 Time taken: 0.14 seconds 
Epoch: 67/200 Train accuracy: 8.01482e-01 Validation accuracy: 7.98333e-01 Training loss 4.33582e-03 Validation loss 4.58891e-03 Time taken: 0.15 seconds 
Epoch: 68/200 Train accuracy: 8.03477e-01 Validation accuracy: 7.97667e-01 Training loss 4.33126e-03 Validation loss 4.57174e-03 Time taken: 0.16 seconds 
Epoch: 69/200 Train accuracy: 8.00841e-01 Validation accuracy: 7.94667e-01 Training loss 4.32760e-03 Validation loss 4.56513e-03 Time taken: 0.16 seconds 
Epoch: 70/200 Train accuracy: 8.01055e-01 Validation accuracy: 7.96667e-01 Training loss 4.32522e-03 Validation loss 4.57295e-03 Time taken: 0.16 seconds 
Epoch: 71/200 Train accuracy: 8.02480e-01 Validation accuracy: 7.97667e-01 Training loss 4.31950e-03 Validation loss 4.58711e-03 Time taken: 0.16 seconds 
Epoch: 72/200 Train accuracy: 8.02123e-01 Validation accuracy: 7.96000e-01 Training loss 4.31493e-03 Validation loss 4.55762e-03 Time taken: 0.16 seconds 
Epoch: 73/200 Train accuracy: 8.02765e-01 Validation accuracy: 8.04000e-01 Training loss 4.31171e-03 Validation loss 4.56823e-03 Time taken: 0.12 seconds 
Epoch: 74/200 Train accuracy: 8.02765e-01 Validation accuracy: 7.97000e-01 Training loss 4.31032e-03 Validation loss 4.55323e-03 Time taken: 0.16 seconds 
Epoch: 75/200 Train accuracy: 8.01411e-01 Validation accuracy: 7.96000e-01 Training loss 4.30287e-03 Validation loss 4.55679e-03 Time taken: 0.16 seconds 
Epoch: 76/200 Train accuracy: 8.02551e-01 Validation accuracy: 7.98333e-01 Training loss 4.30210e-03 Validation loss 4.54817e-03 Time taken: 0.17 seconds 
Epoch: 77/200 Train accuracy: 8.03762e-01 Validation accuracy: 7.98667e-01 Training loss 4.29278e-03 Validation loss 4.57590e-03 Time taken: 0.10 seconds 
Epoch: 78/200 Train accuracy: 8.04404e-01 Validation accuracy: 7.98333e-01 Training loss 4.29125e-03 Validation loss 4.53443e-03 Time taken: 0.08 seconds 
Epoch: 79/200 Train accuracy: 8.04760e-01 Validation accuracy: 8.00667e-01 Training loss 4.29210e-03 Validation loss 4.54129e-03 Time taken: 0.08 seconds 
Epoch: 80/200 Train accuracy: 8.04617e-01 Validation accuracy: 7.97000e-01 Training loss 4.28554e-03 Validation loss 4.55034e-03 Time taken: 0.08 seconds 
Epoch: 81/200 Train accuracy: 8.02480e-01 Validation accuracy: 7.96333e-01 Training loss 4.28853e-03 Validation loss 4.53306e-03 Time taken: 0.08 seconds 
Epoch: 82/200 Train accuracy: 8.05900e-01 Validation accuracy: 8.00000e-01 Training loss 4.28980e-03 Validation loss 4.54079e-03 Time taken: 0.08 seconds 
Epoch: 83/200 Train accuracy: 8.03264e-01 Validation accuracy: 8.00333e-01 Training loss 4.27284e-03 Validation loss 4.52279e-03 Time taken: 0.08 seconds 
Epoch: 84/200 Train accuracy: 8.03477e-01 Validation accuracy: 8.00000e-01 Training loss 4.27357e-03 Validation loss 4.53384e-03 Time taken: 0.08 seconds 
Epoch: 85/200 Train accuracy: 8.04119e-01 Validation accuracy: 8.00333e-01 Training loss 4.26897e-03 Validation loss 4.53101e-03 Time taken: 0.10 seconds 
Epoch: 86/200 Train accuracy: 8.04902e-01 Validation accuracy: 7.98000e-01 Training loss 4.27061e-03 Validation loss 4.51072e-03 Time taken: 0.14 seconds 
Epoch: 87/200 Train accuracy: 8.05971e-01 Validation accuracy: 8.01333e-01 Training loss 4.25892e-03 Validation loss 4.52606e-03 Time taken: 0.16 seconds 
Epoch: 88/200 Train accuracy: 8.04332e-01 Validation accuracy: 8.00667e-01 Training loss 4.25716e-03 Validation loss 4.53724e-03 Time taken: 0.16 seconds 
Epoch: 89/200 Train accuracy: 8.03477e-01 Validation accuracy: 7.95000e-01 Training loss 4.26300e-03 Validation loss 4.51017e-03 Time taken: 0.12 seconds 
Epoch: 90/200 Train accuracy: 8.03905e-01 Validation accuracy: 8.02000e-01 Training loss 4.26085e-03 Validation loss 4.51062e-03 Time taken: 0.08 seconds 
Epoch: 91/200 Train accuracy: 8.06470e-01 Validation accuracy: 7.96667e-01 Training loss 4.25322e-03 Validation loss 4.58404e-03 Time taken: 0.08 seconds 
Epoch: 92/200 Train accuracy: 8.05971e-01 Validation accuracy: 7.96333e-01 Training loss 4.25775e-03 Validation loss 4.51608e-03 Time taken: 0.08 seconds 
Epoch: 93/200 Train accuracy: 8.04119e-01 Validation accuracy: 8.00333e-01 Training loss 4.24313e-03 Validation loss 4.50358e-03 Time taken: 0.08 seconds 
Epoch: 94/200 Train accuracy: 8.07254e-01 Validation accuracy: 8.01000e-01 Training loss 4.24220e-03 Validation loss 4.51549e-03 Time taken: 0.08 seconds 
Epoch: 95/200 Train accuracy: 8.05829e-01 Validation accuracy: 8.00667e-01 Training loss 4.23681e-03 Validation loss 4.50193e-03 Time taken: 0.08 seconds 
Epoch: 96/200 Train accuracy: 8.05686e-01 Validation accuracy: 8.03667e-01 Training loss 4.23686e-03 Validation loss 4.50649e-03 Time taken: 0.08 seconds 
Epoch: 97/200 Train accuracy: 8.06969e-01 Validation accuracy: 7.97000e-01 Training loss 4.23642e-03 Validation loss 4.48306e-03 Time taken: 0.09 seconds 
Epoch: 98/200 Train accuracy: 8.05900e-01 Validation accuracy: 8.02333e-01 Training loss 4.23605e-03 Validation loss 4.49565e-03 Time taken: 0.09 seconds 
Epoch: 99/200 Train accuracy: 8.06470e-01 Validation accuracy: 7.99000e-01 Training loss 4.23676e-03 Validation loss 4.49276e-03 Time taken: 0.08 seconds 
Epoch: 100/200 Train accuracy: 8.07539e-01 Validation accuracy: 7.99333e-01 Training loss 4.23155e-03 Validation loss 4.47863e-03 Time taken: 0.08 seconds 
Epoch: 101/200 Train accuracy: 8.06755e-01 Validation accuracy: 8.02000e-01 Training loss 4.22762e-03 Validation loss 4.48988e-03 Time taken: 0.08 seconds 
Epoch: 102/200 Train accuracy: 8.06470e-01 Validation accuracy: 7.99333e-01 Training loss 4.22245e-03 Validation loss 4.47815e-03 Time taken: 0.08 seconds 
Epoch: 103/200 Train accuracy: 8.06399e-01 Validation accuracy: 8.03333e-01 Training loss 4.22083e-03 Validation loss 4.48259e-03 Time taken: 0.08 seconds 
Epoch: 104/200 Train accuracy: 8.06541e-01 Validation accuracy: 8.00333e-01 Training loss 4.22458e-03 Validation loss 4.47075e-03 Time taken: 0.08 seconds 
Epoch: 105/200 Train accuracy: 8.06541e-01 Validation accuracy: 7.99000e-01 Training loss 4.22055e-03 Validation loss 4.47377e-03 Time taken: 0.08 seconds 
Epoch: 106/200 Train accuracy: 8.06826e-01 Validation accuracy: 7.99333e-01 Training loss 4.20751e-03 Validation loss 4.47950e-03 Time taken: 0.08 seconds 
Epoch: 107/200 Train accuracy: 8.06541e-01 Validation accuracy: 8.00000e-01 Training loss 4.21487e-03 Validation loss 4.46928e-03 Time taken: 0.08 seconds 
Epoch: 108/200 Train accuracy: 8.07254e-01 Validation accuracy: 8.00000e-01 Training loss 4.20949e-03 Validation loss 4.46831e-03 Time taken: 0.08 seconds 
Epoch: 109/200 Train accuracy: 8.06898e-01 Validation accuracy: 8.00333e-01 Training loss 4.21049e-03 Validation loss 4.47751e-03 Time taken: 0.08 seconds 
Epoch: 110/200 Train accuracy: 8.07610e-01 Validation accuracy: 8.05667e-01 Training loss 4.20706e-03 Validation loss 4.46753e-03 Time taken: 0.08 seconds 
Epoch: 111/200 Train accuracy: 8.06114e-01 Validation accuracy: 8.03333e-01 Training loss 4.20980e-03 Validation loss 4.48493e-03 Time taken: 0.08 seconds 
Epoch: 112/200 Train accuracy: 8.06969e-01 Validation accuracy: 8.01667e-01 Training loss 4.20357e-03 Validation loss 4.47934e-03 Time taken: 0.08 seconds 
Epoch: 113/200 Train accuracy: 8.06613e-01 Validation accuracy: 8.04333e-01 Training loss 4.20636e-03 Validation loss 4.45665e-03 Time taken: 0.08 seconds 
Epoch: 114/200 Train accuracy: 8.07539e-01 Validation accuracy: 8.05333e-01 Training loss 4.19333e-03 Validation loss 4.45127e-03 Time taken: 0.08 seconds 
Epoch: 115/200 Train accuracy: 8.07895e-01 Validation accuracy: 7.99667e-01 Training loss 4.18939e-03 Validation loss 4.46494e-03 Time taken: 0.08 seconds 
Epoch: 116/200 Train accuracy: 8.06185e-01 Validation accuracy: 8.03000e-01 Training loss 4.19885e-03 Validation loss 4.45364e-03 Time taken: 0.08 seconds 
Epoch: 117/200 Train accuracy: 8.08821e-01 Validation accuracy: 8.02667e-01 Training loss 4.18355e-03 Validation loss 4.45663e-03 Time taken: 0.08 seconds 
Epoch: 118/200 Train accuracy: 8.07325e-01 Validation accuracy: 8.04333e-01 Training loss 4.18831e-03 Validation loss 4.46257e-03 Time taken: 0.10 seconds 
Epoch: 119/200 Train accuracy: 8.08679e-01 Validation accuracy: 8.02333e-01 Training loss 4.18804e-03 Validation loss 4.43934e-03 Time taken: 0.08 seconds 
Epoch: 120/200 Train accuracy: 8.08180e-01 Validation accuracy: 8.04000e-01 Training loss 4.18212e-03 Validation loss 4.44717e-03 Time taken: 0.08 seconds 
Epoch: 121/200 Train accuracy: 8.07468e-01 Validation accuracy: 8.02667e-01 Training loss 4.18113e-03 Validation loss 4.44743e-03 Time taken: 0.08 seconds 
Epoch: 122/200 Train accuracy: 8.09962e-01 Validation accuracy: 8.01667e-01 Training loss 4.18044e-03 Validation loss 4.43552e-03 Time taken: 0.11 seconds 
Epoch: 123/200 Train accuracy: 8.07681e-01 Validation accuracy: 8.02000e-01 Training loss 4.18333e-03 Validation loss 4.45118e-03 Time taken: 0.10 seconds 
Epoch: 124/200 Train accuracy: 8.08323e-01 Validation accuracy: 8.02667e-01 Training loss 4.17365e-03 Validation loss 4.44686e-03 Time taken: 0.17 seconds 
Epoch: 125/200 Train accuracy: 8.08821e-01 Validation accuracy: 8.04000e-01 Training loss 4.17468e-03 Validation loss 4.43111e-03 Time taken: 0.13 seconds 
Epoch: 126/200 Train accuracy: 8.08821e-01 Validation accuracy: 8.02667e-01 Training loss 4.16726e-03 Validation loss 4.42684e-03 Time taken: 0.15 seconds 
Epoch: 127/200 Train accuracy: 8.08536e-01 Validation accuracy: 8.03000e-01 Training loss 4.17176e-03 Validation loss 4.43333e-03 Time taken: 0.16 seconds 
Epoch: 128/200 Train accuracy: 8.08679e-01 Validation accuracy: 8.02333e-01 Training loss 4.16879e-03 Validation loss 4.42903e-03 Time taken: 0.15 seconds 
Epoch: 129/200 Train accuracy: 8.08536e-01 Validation accuracy: 8.07333e-01 Training loss 4.16155e-03 Validation loss 4.44650e-03 Time taken: 0.11 seconds 
Epoch: 130/200 Train accuracy: 8.07325e-01 Validation accuracy: 8.08000e-01 Training loss 4.17451e-03 Validation loss 4.42688e-03 Time taken: 0.14 seconds 
Epoch: 131/200 Train accuracy: 8.08536e-01 Validation accuracy: 8.03667e-01 Training loss 4.16146e-03 Validation loss 4.43282e-03 Time taken: 0.13 seconds 
Epoch: 132/200 Train accuracy: 8.09676e-01 Validation accuracy: 8.02000e-01 Training loss 4.16351e-03 Validation loss 4.46626e-03 Time taken: 0.11 seconds 
Epoch: 133/200 Train accuracy: 8.10104e-01 Validation accuracy: 8.03667e-01 Training loss 4.15658e-03 Validation loss 4.42161e-03 Time taken: 0.14 seconds 
Epoch: 134/200 Train accuracy: 8.07753e-01 Validation accuracy: 8.01667e-01 Training loss 4.16106e-03 Validation loss 4.48043e-03 Time taken: 0.16 seconds 
Epoch: 135/200 Train accuracy: 8.09819e-01 Validation accuracy: 8.04667e-01 Training loss 4.15431e-03 Validation loss 4.44670e-03 Time taken: 0.15 seconds 
Epoch: 136/200 Train accuracy: 8.09819e-01 Validation accuracy: 8.01667e-01 Training loss 4.15791e-03 Validation loss 4.44548e-03 Time taken: 0.14 seconds 
Epoch: 137/200 Train accuracy: 8.09391e-01 Validation accuracy: 8.04333e-01 Training loss 4.15477e-03 Validation loss 4.42698e-03 Time taken: 0.17 seconds 
Epoch: 138/200 Train accuracy: 8.09748e-01 Validation accuracy: 8.02667e-01 Training loss 4.14725e-03 Validation loss 4.41673e-03 Time taken: 0.16 seconds 
Epoch: 139/200 Train accuracy: 8.09106e-01 Validation accuracy: 8.03667e-01 Training loss 4.14835e-03 Validation loss 4.40700e-03 Time taken: 0.16 seconds 
Epoch: 140/200 Train accuracy: 8.08821e-01 Validation accuracy: 8.03333e-01 Training loss 4.15016e-03 Validation loss 4.40454e-03 Time taken: 0.16 seconds 
Epoch: 141/200 Train accuracy: 8.10389e-01 Validation accuracy: 8.03333e-01 Training loss 4.14644e-03 Validation loss 4.41240e-03 Time taken: 0.16 seconds 
Epoch: 142/200 Train accuracy: 8.08750e-01 Validation accuracy: 8.02667e-01 Training loss 4.14589e-03 Validation loss 4.42114e-03 Time taken: 0.16 seconds 
Epoch: 143/200 Train accuracy: 8.09676e-01 Validation accuracy: 8.06333e-01 Training loss 4.14050e-03 Validation loss 4.40213e-03 Time taken: 0.16 seconds 
Epoch: 144/200 Train accuracy: 8.09035e-01 Validation accuracy: 8.08000e-01 Training loss 4.13799e-03 Validation loss 4.39775e-03 Time taken: 0.16 seconds 
Epoch: 145/200 Train accuracy: 8.09178e-01 Validation accuracy: 8.06000e-01 Training loss 4.13617e-03 Validation loss 4.39672e-03 Time taken: 0.16 seconds 
Epoch: 146/200 Train accuracy: 8.09605e-01 Validation accuracy: 8.05667e-01 Training loss 4.14064e-03 Validation loss 4.39571e-03 Time taken: 0.17 seconds 
Epoch: 147/200 Train accuracy: 8.08109e-01 Validation accuracy: 8.08667e-01 Training loss 4.13246e-03 Validation loss 4.41033e-03 Time taken: 0.15 seconds 
Epoch: 148/200 Train accuracy: 8.08679e-01 Validation accuracy: 8.06000e-01 Training loss 4.13852e-03 Validation loss 4.39181e-03 Time taken: 0.14 seconds 
Epoch: 149/200 Train accuracy: 8.09320e-01 Validation accuracy: 8.05667e-01 Training loss 4.13170e-03 Validation loss 4.41565e-03 Time taken: 0.14 seconds 
Epoch: 150/200 Train accuracy: 8.11030e-01 Validation accuracy: 8.07333e-01 Training loss 4.13021e-03 Validation loss 4.39532e-03 Time taken: 0.15 seconds 
Epoch: 151/200 Train accuracy: 8.11743e-01 Validation accuracy: 8.05667e-01 Training loss 4.13148e-03 Validation loss 4.38823e-03 Time taken: 0.16 seconds 
Epoch: 152/200 Train accuracy: 8.11173e-01 Validation accuracy: 8.06333e-01 Training loss 4.12682e-03 Validation loss 4.40231e-03 Time taken: 0.16 seconds 
Epoch: 153/200 Train accuracy: 8.11102e-01 Validation accuracy: 8.07667e-01 Training loss 4.12142e-03 Validation loss 4.40831e-03 Time taken: 0.16 seconds 
Epoch: 154/200 Train accuracy: 8.10033e-01 Validation accuracy: 8.06333e-01 Training loss 4.12543e-03 Validation loss 4.39482e-03 Time taken: 0.14 seconds 
Epoch: 155/200 Train accuracy: 8.11173e-01 Validation accuracy: 8.08000e-01 Training loss 4.12564e-03 Validation loss 4.39053e-03 Time taken: 0.16 seconds 
Epoch: 156/200 Train accuracy: 8.11885e-01 Validation accuracy: 8.05333e-01 Training loss 4.11820e-03 Validation loss 4.40394e-03 Time taken: 0.15 seconds 
Epoch: 157/200 Train accuracy: 8.08679e-01 Validation accuracy: 8.09333e-01 Training loss 4.12748e-03 Validation loss 4.37776e-03 Time taken: 0.16 seconds 
Epoch: 158/200 Train accuracy: 8.11672e-01 Validation accuracy: 8.08667e-01 Training loss 4.11546e-03 Validation loss 4.38195e-03 Time taken: 0.11 seconds 
Epoch: 159/200 Train accuracy: 8.12028e-01 Validation accuracy: 8.08333e-01 Training loss 4.11593e-03 Validation loss 4.41001e-03 Time taken: 0.15 seconds 
Epoch: 160/200 Train accuracy: 8.10603e-01 Validation accuracy: 8.06667e-01 Training loss 4.11409e-03 Validation loss 4.38613e-03 Time taken: 0.15 seconds 
Epoch: 161/200 Train accuracy: 8.10460e-01 Validation accuracy: 8.08333e-01 Training loss 4.11743e-03 Validation loss 4.37451e-03 Time taken: 0.17 seconds 
Epoch: 162/200 Train accuracy: 8.11387e-01 Validation accuracy: 8.07667e-01 Training loss 4.11025e-03 Validation loss 4.37561e-03 Time taken: 0.12 seconds 
Epoch: 163/200 Train accuracy: 8.08893e-01 Validation accuracy: 8.09333e-01 Training loss 4.11029e-03 Validation loss 4.37200e-03 Time taken: 0.16 seconds 
Epoch: 164/200 Train accuracy: 8.11529e-01 Validation accuracy: 8.07667e-01 Training loss 4.10646e-03 Validation loss 4.36906e-03 Time taken: 0.14 seconds 
Epoch: 165/200 Train accuracy: 8.10674e-01 Validation accuracy: 8.08000e-01 Training loss 4.11018e-03 Validation loss 4.38221e-03 Time taken: 0.16 seconds 
Epoch: 166/200 Train accuracy: 8.10817e-01 Validation accuracy: 8.10333e-01 Training loss 4.11258e-03 Validation loss 4.36829e-03 Time taken: 0.16 seconds 
Epoch: 167/200 Train accuracy: 8.11030e-01 Validation accuracy: 8.07667e-01 Training loss 4.10228e-03 Validation loss 4.37356e-03 Time taken: 0.16 seconds 
Epoch: 168/200 Train accuracy: 8.11672e-01 Validation accuracy: 8.09000e-01 Training loss 4.11124e-03 Validation loss 4.37269e-03 Time taken: 0.16 seconds 
Epoch: 169/200 Train accuracy: 8.09605e-01 Validation accuracy: 8.06667e-01 Training loss 4.10520e-03 Validation loss 4.37378e-03 Time taken: 0.12 seconds 
Epoch: 170/200 Train accuracy: 8.11458e-01 Validation accuracy: 8.06667e-01 Training loss 4.10727e-03 Validation loss 4.37073e-03 Time taken: 0.11 seconds 
Epoch: 171/200 Train accuracy: 8.09249e-01 Validation accuracy: 8.05000e-01 Training loss 4.10230e-03 Validation loss 4.39871e-03 Time taken: 0.16 seconds 
Epoch: 172/200 Train accuracy: 8.12099e-01 Validation accuracy: 8.09667e-01 Training loss 4.09962e-03 Validation loss 4.37054e-03 Time taken: 0.14 seconds 
Epoch: 173/200 Train accuracy: 8.11814e-01 Validation accuracy: 8.07667e-01 Training loss 4.09751e-03 Validation loss 4.37448e-03 Time taken: 0.15 seconds 
Epoch: 174/200 Train accuracy: 8.12883e-01 Validation accuracy: 8.08333e-01 Training loss 4.09941e-03 Validation loss 4.37780e-03 Time taken: 0.13 seconds 
Epoch: 175/200 Train accuracy: 8.10888e-01 Validation accuracy: 8.06000e-01 Training loss 4.09340e-03 Validation loss 4.36707e-03 Time taken: 0.11 seconds 
Epoch: 176/200 Train accuracy: 8.11957e-01 Validation accuracy: 8.10000e-01 Training loss 4.09321e-03 Validation loss 4.35049e-03 Time taken: 0.13 seconds 
Epoch: 177/200 Train accuracy: 8.12242e-01 Validation accuracy: 8.08667e-01 Training loss 4.09435e-03 Validation loss 4.36379e-03 Time taken: 0.12 seconds 
Epoch: 178/200 Train accuracy: 8.12313e-01 Validation accuracy: 8.10000e-01 Training loss 4.09135e-03 Validation loss 4.36330e-03 Time taken: 0.11 seconds 
Epoch: 179/200 Train accuracy: 8.11957e-01 Validation accuracy: 8.11667e-01 Training loss 4.09045e-03 Validation loss 4.37367e-03 Time taken: 0.11 seconds 
Epoch: 180/200 Train accuracy: 8.12384e-01 Validation accuracy: 8.08667e-01 Training loss 4.08800e-03 Validation loss 4.36561e-03 Time taken: 0.11 seconds 
Epoch: 181/200 Train accuracy: 8.10959e-01 Validation accuracy: 8.10667e-01 Training loss 4.09095e-03 Validation loss 4.36746e-03 Time taken: 0.09 seconds 
Epoch: 182/200 Train accuracy: 8.13453e-01 Validation accuracy: 8.08333e-01 Training loss 4.08163e-03 Validation loss 4.36121e-03 Time taken: 0.08 seconds 
Epoch: 183/200 Train accuracy: 8.10959e-01 Validation accuracy: 8.09667e-01 Training loss 4.08838e-03 Validation loss 4.38696e-03 Time taken: 0.08 seconds 
Epoch: 184/200 Train accuracy: 8.12028e-01 Validation accuracy: 8.10667e-01 Training loss 4.08445e-03 Validation loss 4.34329e-03 Time taken: 0.08 seconds 
Epoch: 185/200 Train accuracy: 8.11743e-01 Validation accuracy: 8.09667e-01 Training loss 4.08634e-03 Validation loss 4.34927e-03 Time taken: 0.08 seconds 
Epoch: 186/200 Train accuracy: 8.12527e-01 Validation accuracy: 8.10667e-01 Training loss 4.08112e-03 Validation loss 4.34627e-03 Time taken: 0.08 seconds 
Epoch: 187/200 Train accuracy: 8.11672e-01 Validation accuracy: 8.11667e-01 Training loss 4.08397e-03 Validation loss 4.35107e-03 Time taken: 0.08 seconds 
Epoch: 188/200 Train accuracy: 8.11387e-01 Validation accuracy: 8.12333e-01 Training loss 4.07734e-03 Validation loss 4.34230e-03 Time taken: 0.08 seconds 
Epoch: 189/200 Train accuracy: 8.12384e-01 Validation accuracy: 8.08000e-01 Training loss 4.08319e-03 Validation loss 4.35860e-03 Time taken: 0.08 seconds 
Epoch: 190/200 Train accuracy: 8.10959e-01 Validation accuracy: 8.09000e-01 Training loss 4.07092e-03 Validation loss 4.35606e-03 Time taken: 0.08 seconds 
Epoch: 191/200 Train accuracy: 8.12883e-01 Validation accuracy: 8.09667e-01 Training loss 4.07571e-03 Validation loss 4.34596e-03 Time taken: 0.08 seconds 
Epoch: 192/200 Train accuracy: 8.12527e-01 Validation accuracy: 8.14000e-01 Training loss 4.07516e-03 Validation loss 4.33428e-03 Time taken: 0.08 seconds 
Epoch: 193/200 Train accuracy: 8.12313e-01 Validation accuracy: 8.09667e-01 Training loss 4.07407e-03 Validation loss 4.35342e-03 Time taken: 0.08 seconds 
Epoch: 194/200 Train accuracy: 8.11885e-01 Validation accuracy: 8.09000e-01 Training loss 4.07245e-03 Validation loss 4.36517e-03 Time taken: 0.08 seconds 
Epoch: 195/200 Train accuracy: 8.12242e-01 Validation accuracy: 8.08333e-01 Training loss 4.07393e-03 Validation loss 4.37719e-03 Time taken: 0.08 seconds 
Epoch: 196/200 Train accuracy: 8.12028e-01 Validation accuracy: 8.12000e-01 Training loss 4.06778e-03 Validation loss 4.34795e-03 Time taken: 0.08 seconds 
Epoch: 197/200 Train accuracy: 8.14308e-01 Validation accuracy: 8.11000e-01 Training loss 4.06560e-03 Validation loss 4.32827e-03 Time taken: 0.08 seconds 
Epoch: 198/200 Train accuracy: 8.14878e-01 Validation accuracy: 8.11000e-01 Training loss 4.06475e-03 Validation loss 4.33723e-03 Time taken: 0.08 seconds 
Epoch: 199/200 Train accuracy: 8.14094e-01 Validation accuracy: 8.10333e-01 Training loss 4.06674e-03 Validation loss 4.34240e-03 Time taken: 0.08 seconds 
Epoch: 200/200 Train accuracy: 8.12527e-01 Validation accuracy: 8.10667e-01 Training loss 4.07002e-03 Validation loss 4.33030e-03 Time taken: 0.08 seconds 
Total time taken 0:00:23.975447
Cleaning up intermediate feature (.pt) files
Done


Time taken to complete whole task: 923.2226756832097
