VisionTransformer(
  (patch_embed): PatchEmbed(
    (proj): Conv2d(3, 768, kernel_size=(15, 15), stride=(15, 15))
  )
  (blocks): ModuleList(
    (0-11): 12 x Block(
      (norm1): LayerNorm((768,), eps=1e-06, elementwise_affine=True)
      (attn): Attention(
        (qkv): Linear(in_features=768, out_features=2304, bias=True)
        (attn_drop): Dropout(p=0.0, inplace=False)
        (proj): Linear(in_features=768, out_features=768, bias=True)
        (proj_drop): Dropout(p=0.0, inplace=False)
      )
      (drop_path): Identity()
      (norm2): LayerNorm((768,), eps=1e-06, elementwise_affine=True)
      (mlp): MLP(
        (fc1): Linear(in_features=768, out_features=3072, bias=True)
        (act): GELU(approximate='none')
        (fc2): Linear(in_features=3072, out_features=768, bias=True)
        (drop): Dropout(p=0.0, inplace=False)
      )
    )
  )
  (norm): LayerNorm((768,), eps=1e-06, elementwise_affine=True)
)
making imagenet data transforms
data-path datasets/iic/train/
Initialized ImageNet
ImageNet dataset created
ImageNet unsupervised data loader created
data-path datasets/iic/train/
Initialized ImageNet
min. labeled indices 2191
ImageNet supervised dataset created
ImageNet supervised data loader created
data-path datasets/iic/val/
Initialized ImageNet
min. labeled indices 437
ImageNet supervised dataset created
ImageNet supervised data loader created
Using AdamW
Epoch 1
[1,     0] loss: 3.154261e-02 masks: 18.0 16.0 [wd: 4.00e-02] [lr: 2.00e-04] [mem: 3.42e+03] (471.6 ms)
[1,     0] grad_stats: [1.29e-03 7.33e-04] (7.25e-04, 2.02e-03)
[1,   116] loss: 1.105807e-02 masks: 21.8 17.3 [wd: 4.00e-02] [lr: 2.10e-04] [mem: 5.41e+03] (172.3 ms)
[1,   116] grad_stats: [5.04e-03 1.01e-04] (9.57e-05, 5.04e-03)
[1,   232] loss: 1.141239e-02 masks: 21.8 17.3 [wd: 4.00e-02] [lr: 2.20e-04] [mem: 5.51e+03] (171.6 ms)
[1,   232] grad_stats: [2.46e-03 7.11e-05] (6.40e-05, 3.87e-03)
avg. loss 1.14123928e-02
time taken for epoch 0:00:53.091007
Epoch 2
[2,     0] loss: 1.308122e-02 masks: 20.0 16.0 [wd: 4.00e-02] [lr: 2.20e-04] [mem: 5.51e+03] (164.1 ms)
[2,     0] grad_stats: [4.97e-03 9.59e-05] (9.59e-05, 6.13e-03)
[2,   116] loss: 1.066949e-02 masks: 21.6 17.5 [wd: 4.00e-02] [lr: 2.30e-04] [mem: 5.58e+03] (170.6 ms)
[2,   116] grad_stats: [1.97e-03 4.72e-05] (4.25e-05, 2.59e-03)
[2,   232] loss: 9.055199e-03 masks: 22.1 17.3 [wd: 4.00e-02] [lr: 2.40e-04] [mem: 5.58e+03] (172.3 ms)
[2,   232] grad_stats: [1.36e-03 5.69e-05] (4.13e-05, 2.07e-03)
avg. loss 9.05519871e-03
time taken for epoch 0:00:54.044480
Epoch 3
[3,     0] loss: 4.875171e-03 masks: 20.0 20.0 [wd: 4.00e-02] [lr: 2.40e-04] [mem: 5.58e+03] (169.2 ms)
[3,     0] grad_stats: [2.16e-03 4.39e-05] (4.18e-05, 2.74e-03)
[3,   116] loss: 4.534936e-03 masks: 22.5 17.1 [wd: 4.00e-02] [lr: 2.50e-04] [mem: 5.58e+03] (173.0 ms)
[3,   116] grad_stats: [1.04e-03 2.10e-05] (2.03e-05, 1.31e-03)
[3,   232] loss: 3.745473e-03 masks: 22.2 17.1 [wd: 4.00e-02] [lr: 2.60e-04] [mem: 5.58e+03] (172.7 ms)
[3,   232] grad_stats: [1.04e-03 2.84e-05] (2.84e-05, 1.54e-03)
avg. loss 3.74547341e-03
time taken for epoch 0:00:54.108449
Epoch 4
[4,     0] loss: 2.766572e-03 masks: 16.0 20.0 [wd: 4.00e-02] [lr: 2.60e-04] [mem: 5.58e+03] (158.7 ms)
[4,     0] grad_stats: [6.75e-04 2.13e-05] (2.04e-05, 1.18e-03)
[4,   116] loss: 2.281529e-03 masks: 21.9 17.3 [wd: 4.00e-02] [lr: 2.70e-04] [mem: 5.58e+03] (171.7 ms)
[4,   116] grad_stats: [8.41e-04 3.73e-05] (3.12e-05, 1.22e-03)
[4,   232] loss: 2.156089e-03 masks: 22.0 17.4 [wd: 4.01e-02] [lr: 2.80e-04] [mem: 5.58e+03] (172.5 ms)
[4,   232] grad_stats: [6.08e-04 2.33e-05] (1.69e-05, 9.21e-04)
avg. loss 2.15608922e-03
time taken for epoch 0:00:54.082689
Epoch 5
[5,     0] loss: 1.895014e-03 masks: 18.0 20.0 [wd: 4.01e-02] [lr: 2.80e-04] [mem: 5.58e+03] (165.1 ms)
[5,     0] grad_stats: [4.35e-04 1.52e-05] (1.31e-05, 7.11e-04)
[5,   116] loss: 1.845073e-03 masks: 22.0 17.1 [wd: 4.01e-02] [lr: 2.90e-04] [mem: 5.58e+03] (171.7 ms)
[5,   116] grad_stats: [7.69e-04 3.66e-05] (2.39e-05, 1.39e-03)
[5,   232] loss: 1.786022e-03 masks: 22.3 17.0 [wd: 4.01e-02] [lr: 3.00e-04] [mem: 5.58e+03] (172.9 ms)
[5,   232] grad_stats: [4.98e-04 2.47e-05] (1.89e-05, 8.75e-04)
avg. loss 1.78602248e-03
time taken for epoch 0:00:54.174984
Epoch 6
[6,     0] loss: 1.521835e-03 masks: 23.0 16.0 [wd: 4.01e-02] [lr: 3.00e-04] [mem: 5.58e+03] (169.0 ms)
[6,     0] grad_stats: [4.95e-04 3.28e-05] (2.03e-05, 6.25e-04)
[6,   116] loss: 1.641260e-03 masks: 22.0 17.1 [wd: 4.01e-02] [lr: 3.10e-04] [mem: 5.58e+03] (172.1 ms)
[6,   116] grad_stats: [6.50e-04 4.15e-05] (3.42e-05, 9.40e-04)
[6,   232] loss: 1.615812e-03 masks: 21.8 17.4 [wd: 4.01e-02] [lr: 3.20e-04] [mem: 5.58e+03] (172.2 ms)
[6,   232] grad_stats: [4.01e-04 2.33e-05] (1.18e-05, 7.54e-04)
avg. loss 1.61581239e-03
time taken for epoch 0:00:53.850290
Epoch 7
[7,     0] loss: 1.780087e-03 masks: 16.0 20.0 [wd: 4.01e-02] [lr: 3.20e-04] [mem: 5.58e+03] (156.5 ms)
[7,     0] grad_stats: [3.98e-04 2.32e-05] (1.55e-05, 5.52e-04)
[7,   116] loss: 1.568427e-03 masks: 21.7 17.5 [wd: 4.02e-02] [lr: 3.30e-04] [mem: 5.58e+03] (171.8 ms)
[7,   116] grad_stats: [3.00e-04 2.50e-05] (1.50e-05, 5.28e-04)
[7,   232] loss: 1.569387e-03 masks: 21.7 17.5 [wd: 4.02e-02] [lr: 3.40e-04] [mem: 5.58e+03] (172.1 ms)
[7,   232] grad_stats: [5.30e-04 2.66e-05] (2.01e-05, 9.37e-04)
avg. loss 1.56938722e-03
time taken for epoch 0:00:53.878206
Epoch 8
[8,     0] loss: 1.226935e-03 masks: 25.0 16.0 [wd: 4.02e-02] [lr: 3.40e-04] [mem: 5.58e+03] (177.8 ms)
[8,     0] grad_stats: [4.60e-04 2.23e-05] (1.10e-05, 7.22e-04)
[8,   116] loss: 1.520337e-03 masks: 22.6 17.1 [wd: 4.02e-02] [lr: 3.50e-04] [mem: 5.58e+03] (173.8 ms)
[8,   116] grad_stats: [4.03e-04 2.55e-05] (1.71e-05, 6.68e-04)
[8,   232] loss: 1.525723e-03 masks: 22.3 17.1 [wd: 4.02e-02] [lr: 3.60e-04] [mem: 5.58e+03] (173.6 ms)
[8,   232] grad_stats: [3.76e-04 2.06e-05] (1.43e-05, 6.16e-04)
avg. loss 1.52572265e-03
time taken for epoch 0:00:54.172027
Epoch 9
[9,     0] loss: 1.332860e-03 masks: 28.0 16.0 [wd: 4.02e-02] [lr: 3.60e-04] [mem: 5.58e+03] (184.4 ms)
[9,     0] grad_stats: [3.06e-04 2.16e-05] (1.07e-05, 4.56e-04)
[9,   116] loss: 1.645180e-03 masks: 22.7 17.1 [wd: 4.03e-02] [lr: 3.70e-04] [mem: 5.58e+03] (174.2 ms)
[9,   116] grad_stats: [4.00e-04 3.88e-05] (1.47e-05, 8.11e-04)
[9,   232] loss: 1.691153e-03 masks: 22.3 17.0 [wd: 4.03e-02] [lr: 3.80e-04] [mem: 5.58e+03] (173.5 ms)
[9,   232] grad_stats: [6.59e-04 2.74e-05] (1.25e-05, 9.49e-04)
avg. loss 1.69115319e-03
time taken for epoch 0:00:54.181162
Epoch 10
[10,     0] loss: 2.054305e-03 masks: 14.0 20.0 [wd: 4.03e-02] [lr: 3.80e-04] [mem: 5.58e+03] (153.5 ms)
[10,     0] grad_stats: [5.36e-04 3.61e-05] (1.52e-05, 7.61e-04)
[10,   116] loss: 1.703477e-03 masks: 21.5 17.5 [wd: 4.03e-02] [lr: 3.90e-04] [mem: 5.58e+03] (171.6 ms)
[10,   116] grad_stats: [5.58e-04 5.86e-05] (2.20e-05, 8.78e-04)
[10,   232] loss: 1.745565e-03 masks: 21.7 17.3 [wd: 4.04e-02] [lr: 4.00e-04] [mem: 5.66e+03] (172.2 ms)
[10,   232] grad_stats: [4.30e-04 2.44e-05] (1.37e-05, 5.44e-04)
avg. loss 1.74556469e-03
time taken for epoch 0:00:53.851314
Epoch 11
[11,     0] loss: 1.643933e-03 masks: 25.0 16.0 [wd: 4.04e-02] [lr: 4.00e-04] [mem: 5.66e+03] (177.1 ms)
[11,     0] grad_stats: [5.31e-04 4.11e-05] (1.56e-05, 6.18e-04)
[11,   116] loss: 1.767484e-03 masks: 21.8 17.4 [wd: 4.04e-02] [lr: 4.10e-04] [mem: 5.66e+03] (172.2 ms)
[11,   116] grad_stats: [3.81e-04 2.91e-05] (1.21e-05, 5.79e-04)
[11,   232] loss: 1.752737e-03 masks: 22.0 17.4 [wd: 4.04e-02] [lr: 4.20e-04] [mem: 5.66e+03] (173.1 ms)
[11,   232] grad_stats: [7.60e-04 4.67e-05] (1.94e-05, 1.28e-03)
avg. loss 1.75273727e-03
time taken for epoch 0:00:54.024482
Epoch 12
[12,     0] loss: 1.930218e-03 masks: 20.0 16.0 [wd: 4.04e-02] [lr: 4.20e-04] [mem: 5.66e+03] (162.5 ms)
[12,     0] grad_stats: [5.58e-04 2.11e-05] (1.12e-05, 1.13e-03)
[12,   116] loss: 1.778053e-03 masks: 21.6 17.4 [wd: 4.05e-02] [lr: 4.30e-04] [mem: 5.66e+03] (171.8 ms)
[12,   116] grad_stats: [5.22e-04 1.84e-05] (1.16e-05, 7.72e-04)
[12,   232] loss: 1.800285e-03 masks: 21.8 17.4 [wd: 4.05e-02] [lr: 4.40e-04] [mem: 5.66e+03] (172.6 ms)
[12,   232] grad_stats: [3.41e-04 1.49e-05] (6.85e-06, 4.34e-04)
avg. loss 1.80028493e-03
time taken for epoch 0:00:53.970485
Epoch 13
[13,     0] loss: 2.423906e-03 masks: 17.0 16.0 [wd: 4.05e-02] [lr: 4.40e-04] [mem: 5.66e+03] (155.7 ms)
[13,     0] grad_stats: [5.30e-04 3.39e-05] (1.38e-05, 7.88e-04)
[13,   116] loss: 1.936617e-03 masks: 21.1 17.3 [wd: 4.06e-02] [lr: 4.50e-04] [mem: 5.66e+03] (170.2 ms)
[13,   116] grad_stats: [3.22e-04 2.42e-05] (8.55e-06, 4.42e-04)
[13,   232] loss: 1.919530e-03 masks: 21.6 17.4 [wd: 4.06e-02] [lr: 4.60e-04] [mem: 5.66e+03] (172.2 ms)
[13,   232] grad_stats: [2.96e-04 2.04e-05] (7.93e-06, 5.22e-04)
avg. loss 1.91952952e-03
time taken for epoch 0:00:53.854331
Epoch 14
[14,     0] loss: 2.285557e-03 masks: 17.0 16.0 [wd: 4.06e-02] [lr: 4.60e-04] [mem: 5.66e+03] (154.1 ms)
[14,     0] grad_stats: [4.41e-04 2.72e-05] (9.81e-06, 7.76e-04)
[14,   116] loss: 2.013850e-03 masks: 22.0 17.3 [wd: 4.06e-02] [lr: 4.70e-04] [mem: 5.66e+03] (172.9 ms)
[14,   116] grad_stats: [5.97e-04 2.52e-05] (8.85e-06, 6.89e-04)
[14,   232] loss: 2.003720e-03 masks: 22.2 17.2 [wd: 4.07e-02] [lr: 4.80e-04] [mem: 5.66e+03] (173.8 ms)
[14,   232] grad_stats: [4.12e-04 3.21e-05] (1.10e-05, 7.33e-04)
avg. loss 2.00371986e-03
time taken for epoch 0:00:54.173579
Epoch 15
[15,     0] loss: 2.070420e-03 masks: 27.0 16.0 [wd: 4.07e-02] [lr: 4.80e-04] [mem: 5.66e+03] (184.8 ms)
[15,     0] grad_stats: [6.34e-04 4.70e-05] (1.24e-05, 8.18e-04)
[15,   116] loss: 1.988311e-03 masks: 22.7 17.0 [wd: 4.07e-02] [lr: 4.90e-04] [mem: 5.66e+03] (174.2 ms)
[15,   116] grad_stats: [5.22e-04 3.86e-05] (9.81e-06, 7.95e-04)
[15,   232] loss: 2.000652e-03 masks: 22.0 17.3 [wd: 4.08e-02] [lr: 5.00e-04] [mem: 5.66e+03] (173.2 ms)
[15,   232] grad_stats: [7.28e-04 3.11e-05] (9.96e-06, 1.18e-03)
avg. loss 2.00065195e-03
time taken for epoch 0:00:54.103187
Epoch 16
[16,     0] loss: 1.912742e-03 masks: 19.0 20.0 [wd: 4.08e-02] [lr: 5.00e-04] [mem: 5.66e+03] (167.9 ms)
[16,     0] grad_stats: [4.03e-04 1.93e-05] (5.98e-06, 6.70e-04)
[16,   116] loss: 2.045850e-03 masks: 22.1 17.1 [wd: 4.09e-02] [lr: 5.10e-04] [mem: 5.66e+03] (173.0 ms)
[16,   116] grad_stats: [3.54e-04 2.10e-05] (7.44e-06, 6.24e-04)
[16,   232] loss: 2.017954e-03 masks: 21.9 17.3 [wd: 4.09e-02] [lr: 5.20e-04] [mem: 5.66e+03] (173.2 ms)
[16,   232] grad_stats: [3.48e-04 2.95e-05] (8.17e-06, 4.55e-04)
avg. loss 2.01795441e-03
time taken for epoch 0:00:54.078160
Epoch 17
[17,     0] loss: 2.153685e-03 masks: 20.0 16.0 [wd: 4.09e-02] [lr: 5.20e-04] [mem: 5.66e+03] (162.9 ms)
[17,     0] grad_stats: [4.58e-04 3.94e-05] (9.43e-06, 7.35e-04)
[17,   116] loss: 1.954021e-03 masks: 21.9 17.4 [wd: 4.10e-02] [lr: 5.30e-04] [mem: 5.66e+03] (173.3 ms)
[17,   116] grad_stats: [4.37e-04 2.45e-05] (8.65e-06, 6.73e-04)
[17,   232] loss: 1.993343e-03 masks: 21.8 17.3 [wd: 4.10e-02] [lr: 5.40e-04] [mem: 5.66e+03] (173.0 ms)
[17,   232] grad_stats: [3.14e-04 2.83e-05] (7.54e-06, 4.02e-04)
avg. loss 1.99334263e-03
time taken for epoch 0:00:53.994870
Epoch 18
[18,     0] loss: 1.909125e-03 masks: 25.0 16.0 [wd: 4.10e-02] [lr: 5.40e-04] [mem: 5.66e+03] (177.3 ms)
[18,     0] grad_stats: [3.32e-04 2.49e-05] (6.83e-06, 6.60e-04)
[18,   116] loss: 2.017577e-03 masks: 22.2 17.0 [wd: 4.11e-02] [lr: 5.50e-04] [mem: 5.66e+03] (173.1 ms)
[18,   116] grad_stats: [3.79e-04 1.50e-05] (3.91e-06, 5.78e-04)
[18,   232] loss: 1.970889e-03 masks: 22.5 17.0 [wd: 4.11e-02] [lr: 5.60e-04] [mem: 5.66e+03] (174.5 ms)
[18,   232] grad_stats: [3.20e-04 3.77e-05] (7.91e-06, 4.85e-04)
avg. loss 1.97088888e-03
time taken for epoch 0:00:54.428309
Epoch 19
[19,     0] loss: 1.709458e-03 masks: 17.0 20.0 [wd: 4.12e-02] [lr: 5.60e-04] [mem: 5.66e+03] (161.8 ms)
[19,     0] grad_stats: [3.41e-04 1.99e-05] (6.73e-06, 4.32e-04)
[19,   116] loss: 1.906896e-03 masks: 21.4 17.6 [wd: 4.12e-02] [lr: 5.70e-04] [mem: 5.66e+03] (171.8 ms)
[19,   116] grad_stats: [3.49e-04 3.00e-05] (6.57e-06, 5.67e-04)
[19,   232] loss: 1.930538e-03 masks: 21.8 17.4 [wd: 4.13e-02] [lr: 5.80e-04] [mem: 5.66e+03] (173.0 ms)
[19,   232] grad_stats: [4.33e-04 3.96e-05] (6.09e-06, 5.66e-04)
avg. loss 1.93053796e-03
time taken for epoch 0:00:54.052562
Epoch 20
[20,     0] loss: 2.148624e-03 masks: 37.0 12.0 [wd: 4.13e-02] [lr: 5.80e-04] [mem: 5.66e+03] (206.5 ms)
[20,     0] grad_stats: [5.46e-04 3.18e-05] (6.20e-06, 7.36e-04)
[20,   116] loss: 2.021151e-03 masks: 22.2 17.1 [wd: 4.13e-02] [lr: 5.90e-04] [mem: 5.66e+03] (173.5 ms)
[20,   116] grad_stats: [3.02e-04 3.40e-05] (5.64e-06, 4.41e-04)
[20,   232] loss: 2.028228e-03 masks: 21.9 17.2 [wd: 4.14e-02] [lr: 6.00e-04] [mem: 5.66e+03] (173.1 ms)
[20,   232] grad_stats: [3.51e-04 4.41e-05] (7.97e-06, 5.34e-04)
avg. loss 2.02822813e-03
time taken for epoch 0:00:54.050316
Epoch 21
[21,     0] loss: 1.869771e-03 masks: 19.0 20.0 [wd: 4.14e-02] [lr: 6.00e-04] [mem: 5.66e+03] (168.1 ms)
[21,     0] grad_stats: [2.91e-04 2.67e-05] (5.72e-06, 3.45e-04)
[21,   116] loss: 2.049408e-03 masks: 22.1 17.1 [wd: 4.15e-02] [lr: 6.10e-04] [mem: 5.66e+03] (172.8 ms)
[21,   116] grad_stats: [2.37e-04 2.96e-05] (4.16e-06, 2.96e-04)
[21,   232] loss: 2.052060e-03 masks: 21.8 17.2 [wd: 4.16e-02] [lr: 6.20e-04] [mem: 5.66e+03] (172.6 ms)
[21,   232] grad_stats: [4.34e-04 4.03e-05] (8.16e-06, 6.49e-04)
avg. loss 2.05205981e-03
time taken for epoch 0:00:53.974694
Epoch 22
[22,     0] loss: 2.186861e-03 masks: 26.0 16.0 [wd: 4.16e-02] [lr: 6.20e-04] [mem: 5.66e+03] (181.5 ms)
[22,     0] grad_stats: [4.33e-04 6.06e-05] (7.47e-06, 6.65e-04)
[22,   116] loss: 2.024397e-03 masks: 22.2 17.2 [wd: 4.16e-02] [lr: 6.30e-04] [mem: 5.66e+03] (173.3 ms)
[22,   116] grad_stats: [4.81e-04 4.44e-05] (7.12e-06, 7.32e-04)
[22,   232] loss: 2.023720e-03 masks: 22.1 17.3 [wd: 4.17e-02] [lr: 6.40e-04] [mem: 5.66e+03] (173.8 ms)
[22,   232] grad_stats: [3.04e-04 2.65e-05] (4.27e-06, 4.65e-04)
avg. loss 2.02372012e-03
time taken for epoch 0:00:54.221372
Epoch 23
[23,     0] loss: 1.885458e-03 masks: 23.0 16.0 [wd: 4.17e-02] [lr: 6.40e-04] [mem: 5.66e+03] (171.7 ms)
[23,     0] grad_stats: [3.25e-04 3.85e-05] (5.44e-06, 5.90e-04)
[23,   116] loss: 2.079608e-03 masks: 22.2 17.1 [wd: 4.18e-02] [lr: 6.50e-04] [mem: 5.66e+03] (173.1 ms)
[23,   116] grad_stats: [3.62e-04 3.72e-05] (4.91e-06, 4.58e-04)
[23,   232] loss: 2.053962e-03 masks: 21.6 17.3 [wd: 4.19e-02] [lr: 6.60e-04] [mem: 5.66e+03] (172.4 ms)
[23,   232] grad_stats: [4.79e-04 6.02e-05] (8.08e-06, 5.13e-04)
avg. loss 2.05396215e-03
time taken for epoch 0:00:53.870425
Epoch 24
[24,     0] loss: 2.370574e-03 masks: 22.0 16.0 [wd: 4.19e-02] [lr: 6.60e-04] [mem: 5.66e+03] (168.4 ms)
[24,     0] grad_stats: [4.81e-04 6.74e-05] (8.53e-06, 7.31e-04)
[24,   116] loss: 2.088357e-03 masks: 22.5 17.0 [wd: 4.20e-02] [lr: 6.70e-04] [mem: 5.66e+03] (174.0 ms)
[24,   116] grad_stats: [5.81e-04 4.81e-05] (6.47e-06, 6.00e-04)
[24,   232] loss: 2.131062e-03 masks: 22.3 17.2 [wd: 4.20e-02] [lr: 6.80e-04] [mem: 5.66e+03] (174.1 ms)
[24,   232] grad_stats: [2.40e-04 6.64e-05] (4.09e-06, 4.13e-04)
avg. loss 2.13106177e-03
time taken for epoch 0:00:54.168986
Epoch 25
[25,     0] loss: 1.984338e-03 masks: 18.0 20.0 [wd: 4.20e-02] [lr: 6.80e-04] [mem: 5.66e+03] (165.0 ms)
[25,     0] grad_stats: [4.92e-04 6.04e-05] (5.33e-06, 7.59e-04)
[25,   116] loss: 2.126033e-03 masks: 22.0 17.3 [wd: 4.21e-02] [lr: 6.90e-04] [mem: 5.66e+03] (173.2 ms)
[25,   116] grad_stats: [8.74e-04 5.09e-05] (5.67e-06, 1.19e-03)
[25,   232] loss: 2.084399e-03 masks: 21.8 17.5 [wd: 4.22e-02] [lr: 7.00e-04] [mem: 5.66e+03] (173.4 ms)
[25,   232] grad_stats: [4.84e-04 5.28e-05] (7.99e-06, 5.43e-04)
avg. loss 2.08439856e-03
time taken for epoch 0:00:54.198309
Epoch 26
[26,     0] loss: 2.146635e-03 masks: 36.0 12.0 [wd: 4.22e-02] [lr: 7.00e-04] [mem: 5.66e+03] (203.1 ms)
[26,     0] grad_stats: [4.01e-04 3.40e-05] (5.95e-06, 4.30e-04)
[26,   116] loss: 2.031195e-03 masks: 22.1 17.4 [wd: 4.23e-02] [lr: 7.10e-04] [mem: 5.66e+03] (173.6 ms)
[26,   116] grad_stats: [3.76e-04 5.16e-05] (7.03e-06, 5.75e-04)
[26,   232] loss: 2.038702e-03 masks: 21.6 17.5 [wd: 4.24e-02] [lr: 7.20e-04] [mem: 5.66e+03] (172.7 ms)
[26,   232] grad_stats: [5.07e-04 7.01e-05] (6.73e-06, 7.05e-04)
avg. loss 2.03870239e-03
time taken for epoch 0:00:53.975202
Epoch 27
[27,     0] loss: 1.942966e-03 masks: 26.0 16.0 [wd: 4.24e-02] [lr: 7.20e-04] [mem: 5.66e+03] (180.5 ms)
[27,     0] grad_stats: [3.38e-04 4.37e-05] (5.15e-06, 3.79e-04)
[27,   116] loss: 2.027930e-03 masks: 21.2 17.6 [wd: 4.25e-02] [lr: 7.30e-04] [mem: 5.66e+03] (171.2 ms)
[27,   116] grad_stats: [1.86e-04 2.80e-05] (3.41e-06, 2.56e-04)
[27,   232] loss: 2.022229e-03 masks: 21.9 17.3 [wd: 4.26e-02] [lr: 7.40e-04] [mem: 5.66e+03] (173.3 ms)
[27,   232] grad_stats: [8.35e-04 1.33e-04] (7.08e-06, 1.46e-03)
avg. loss 2.02222931e-03
time taken for epoch 0:00:54.124262
Epoch 28
[28,     0] loss: 2.063613e-03 masks: 21.0 16.0 [wd: 4.26e-02] [lr: 7.40e-04] [mem: 5.66e+03] (165.5 ms)
[28,     0] grad_stats: [5.95e-04 8.35e-05] (7.14e-06, 8.33e-04)
[28,   116] loss: 2.251258e-03 masks: 22.2 17.3 [wd: 4.27e-02] [lr: 7.50e-04] [mem: 5.66e+03] (173.7 ms)
[28,   116] grad_stats: [1.60e-03 1.16e-04] (1.06e-05, 2.36e-03)
[28,   232] loss: 2.484626e-03 masks: 21.6 17.5 [wd: 4.28e-02] [lr: 7.60e-04] [mem: 5.66e+03] (172.9 ms)
[28,   232] grad_stats: [1.48e-03 1.37e-04] (1.19e-05, 1.48e-03)
avg. loss 2.48462634e-03
time taken for epoch 0:00:54.010010
Epoch 29
[29,     0] loss: 3.231130e-03 masks: 26.0 16.0 [wd: 4.28e-02] [lr: 7.60e-04] [mem: 5.66e+03] (180.0 ms)
[29,     0] grad_stats: [1.17e-03 1.05e-04] (1.73e-05, 1.17e-03)
[29,   116] loss: 2.976184e-03 masks: 22.4 17.0 [wd: 4.29e-02] [lr: 7.70e-04] [mem: 5.66e+03] (173.6 ms)
[29,   116] grad_stats: [8.22e-04 1.11e-04] (6.84e-06, 9.46e-04)
[29,   232] loss: 2.701134e-03 masks: 22.4 16.9 [wd: 4.30e-02] [lr: 7.80e-04] [mem: 5.66e+03] (174.1 ms)
[29,   232] grad_stats: [8.20e-04 6.48e-05] (5.93e-06, 9.54e-04)
avg. loss 2.70113425e-03
time taken for epoch 0:00:54.288482
Epoch 30
[30,     0] loss: 2.175839e-03 masks: 14.0 20.0 [wd: 4.30e-02] [lr: 7.80e-04] [mem: 5.66e+03] (151.7 ms)
[30,     0] grad_stats: [2.48e-04 3.51e-05] (3.01e-06, 2.48e-04)
[30,   116] loss: 1.961027e-03 masks: 21.9 17.2 [wd: 4.31e-02] [lr: 7.90e-04] [mem: 5.66e+03] (172.5 ms)
[30,   116] grad_stats: [6.21e-04 8.67e-05] (6.07e-06, 6.99e-04)
[30,   232] loss: 1.878538e-03 masks: 21.7 17.2 [wd: 4.32e-02] [lr: 8.00e-04] [mem: 5.66e+03] (172.4 ms)
[30,   232] grad_stats: [4.07e-04 2.70e-05] (2.60e-06, 4.07e-04)
avg. loss 1.87853845e-03
time taken for epoch 0:00:53.888386
Epoch 31
[31,     0] loss: 1.607428e-03 masks: 35.0 12.0 [wd: 4.32e-02] [lr: 8.00e-04] [mem: 5.66e+03] (198.0 ms)
[31,     0] grad_stats: [2.63e-04 2.40e-05] (3.46e-06, 2.63e-04)
[31,   116] loss: 1.674401e-03 masks: 21.6 17.4 [wd: 4.33e-02] [lr: 8.10e-04] [mem: 5.66e+03] (171.9 ms)
[31,   116] grad_stats: [2.70e-04 6.15e-05] (4.31e-06, 2.97e-04)
[31,   232] loss: 1.777067e-03 masks: 22.2 17.1 [wd: 4.34e-02] [lr: 8.20e-04] [mem: 5.66e+03] (173.4 ms)
[31,   232] grad_stats: [1.17e-03 1.97e-04] (3.56e-06, 1.30e-03)
avg. loss 1.77706730e-03
time taken for epoch 0:00:54.119744
Epoch 32
[32,     0] loss: 1.683940e-03 masks: 26.0 16.0 [wd: 4.34e-02] [lr: 8.20e-04] [mem: 5.66e+03] (181.4 ms)
[32,     0] grad_stats: [9.99e-04 7.30e-05] (4.97e-06, 9.99e-04)
[32,   116] loss: 2.578906e-03 masks: 21.8 17.3 [wd: 4.35e-02] [lr: 8.30e-04] [mem: 5.66e+03] (172.4 ms)
[32,   116] grad_stats: [1.60e-03 1.20e-04] (6.49e-06, 1.68e-03)
[32,   232] loss: 3.029550e-03 masks: 22.0 17.1 [wd: 4.36e-02] [lr: 8.40e-04] [mem: 5.66e+03] (173.1 ms)
[32,   232] grad_stats: [8.03e-04 3.57e-05] (3.40e-06, 1.05e-03)
avg. loss 3.02954957e-03
time taken for epoch 0:00:54.058001
Epoch 33
[33,     0] loss: 4.173904e-03 masks: 33.0 12.0 [wd: 4.36e-02] [lr: 8.40e-04] [mem: 5.66e+03] (193.5 ms)
[33,     0] grad_stats: [4.17e-03 4.07e-05] (7.39e-06, 4.82e-03)
[33,   116] loss: 2.649423e-03 masks: 22.1 17.2 [wd: 4.37e-02] [lr: 8.50e-04] [mem: 5.66e+03] (172.8 ms)
[33,   116] grad_stats: [1.38e-03 3.13e-05] (6.04e-06, 1.38e-03)
[33,   232] loss: 2.428020e-03 masks: 22.1 17.3 [wd: 4.39e-02] [lr: 8.60e-04] [mem: 5.66e+03] (173.2 ms)
[33,   232] grad_stats: [3.60e-04 1.15e-05] (3.01e-06, 3.60e-04)
avg. loss 2.42802047e-03
time taken for epoch 0:00:54.119411
Epoch 34
[34,     0] loss: 2.261804e-03 masks: 36.0 12.0 [wd: 4.39e-02] [lr: 8.60e-04] [mem: 5.66e+03] (202.8 ms)
[34,     0] grad_stats: [2.02e-03 1.96e-05] (3.82e-06, 2.02e-03)
[34,   116] loss: 1.894665e-03 masks: 21.9 17.4 [wd: 4.40e-02] [lr: 8.70e-04] [mem: 5.66e+03] (172.7 ms)
[34,   116] grad_stats: [2.43e-04 1.29e-05] (1.81e-06, 2.56e-04)
[34,   232] loss: 1.784597e-03 masks: 21.9 17.4 [wd: 4.41e-02] [lr: 8.80e-04] [mem: 5.66e+03] (173.0 ms)
[34,   232] grad_stats: [5.26e-04 1.05e-05] (2.14e-06, 5.85e-04)
avg. loss 1.78459732e-03
time taken for epoch 0:00:54.021800
Epoch 35
[35,     0] loss: 1.427196e-03 masks: 20.0 20.0 [wd: 4.41e-02] [lr: 8.80e-04] [mem: 5.66e+03] (166.9 ms)
[35,     0] grad_stats: [2.94e-04 7.88e-06] (1.65e-06, 2.94e-04)
[35,   116] loss: 1.527658e-03 masks: 21.8 17.3 [wd: 4.42e-02] [lr: 8.90e-04] [mem: 5.66e+03] (172.2 ms)
[35,   116] grad_stats: [6.30e-04 1.96e-05] (2.75e-06, 6.30e-04)
[35,   232] loss: 1.470491e-03 masks: 21.9 17.3 [wd: 4.43e-02] [lr: 9.00e-04] [mem: 5.66e+03] (172.8 ms)
[35,   232] grad_stats: [1.69e-04 8.47e-06] (1.98e-06, 1.69e-04)
avg. loss 1.47049123e-03
time taken for epoch 0:00:54.015043
Epoch 36
[36,     0] loss: 1.321837e-03 masks: 13.0 20.0 [wd: 4.43e-02] [lr: 9.00e-04] [mem: 5.66e+03] (150.8 ms)
[36,     0] grad_stats: [2.05e-04 5.59e-06] (8.42e-07, 2.05e-04)
[36,   116] loss: 1.389025e-03 masks: 22.6 17.0 [wd: 4.45e-02] [lr: 9.10e-04] [mem: 5.66e+03] (173.8 ms)
[36,   116] grad_stats: [1.25e-04 7.55e-06] (1.13e-06, 1.25e-04)
[36,   232] loss: 1.362341e-03 masks: 22.1 17.1 [wd: 4.46e-02] [lr: 9.20e-04] [mem: 5.66e+03] (173.3 ms)
[36,   232] grad_stats: [2.59e-04 9.20e-06] (1.58e-06, 2.59e-04)
avg. loss 1.36234086e-03
time taken for epoch 0:00:54.100598
Epoch 37
[37,     0] loss: 1.152713e-03 masks: 23.0 20.0 [wd: 4.46e-02] [lr: 9.20e-04] [mem: 5.66e+03] (177.0 ms)
[37,     0] grad_stats: [1.41e-04 8.28e-06] (1.59e-06, 1.41e-04)
[37,   116] loss: 1.266968e-03 masks: 22.5 17.3 [wd: 4.47e-02] [lr: 9.30e-04] [mem: 5.66e+03] (174.0 ms)
[37,   116] grad_stats: [1.37e-04 5.76e-06] (1.08e-06, 1.37e-04)
[37,   232] loss: 1.268577e-03 masks: 22.3 17.2 [wd: 4.48e-02] [lr: 9.40e-04] [mem: 5.66e+03] (173.7 ms)
[37,   232] grad_stats: [1.19e-04 1.29e-05] (1.69e-06, 1.19e-04)
avg. loss 1.26857717e-03
time taken for epoch 0:00:54.203207
Epoch 38
[38,     0] loss: 1.211931e-03 masks: 26.0 16.0 [wd: 4.48e-02] [lr: 9.40e-04] [mem: 5.66e+03] (181.9 ms)
[38,     0] grad_stats: [1.31e-04 1.48e-05] (1.40e-06, 1.32e-04)
[38,   116] loss: 1.216614e-03 masks: 21.5 17.5 [wd: 4.50e-02] [lr: 9.50e-04] [mem: 5.66e+03] (172.1 ms)
[38,   116] grad_stats: [1.58e-04 1.52e-05] (2.75e-06, 1.58e-04)
[38,   232] loss: 1.213698e-03 masks: 21.6 17.6 [wd: 4.51e-02] [lr: 9.60e-04] [mem: 5.66e+03] (172.5 ms)
[38,   232] grad_stats: [9.70e-05 7.26e-06] (1.50e-06, 1.14e-04)
avg. loss 1.21369759e-03
time taken for epoch 0:00:53.904780
Epoch 39
[39,     0] loss: 1.054886e-03 masks: 17.0 20.0 [wd: 4.51e-02] [lr: 9.60e-04] [mem: 5.66e+03] (162.1 ms)
[39,     0] grad_stats: [7.92e-05 8.16e-06] (1.29e-06, 9.15e-05)
[39,   116] loss: 1.225721e-03 masks: 21.4 17.6 [wd: 4.52e-02] [lr: 9.70e-04] [mem: 5.66e+03] (171.6 ms)
[39,   116] grad_stats: [1.41e-04 1.32e-05] (2.37e-06, 1.56e-04)
[39,   232] loss: 1.234591e-03 masks: 21.6 17.5 [wd: 4.54e-02] [lr: 9.80e-04] [mem: 5.66e+03] (172.3 ms)
[39,   232] grad_stats: [2.67e-04 7.38e-06] (2.65e-06, 2.67e-04)
avg. loss 1.23459077e-03
time taken for epoch 0:00:53.747318
Epoch 40
[40,     0] loss: 1.311782e-03 masks: 26.0 16.0 [wd: 4.54e-02] [lr: 9.80e-04] [mem: 5.66e+03] (181.5 ms)
[40,     0] grad_stats: [1.93e-04 1.00e-05] (1.19e-06, 2.84e-04)
[40,   116] loss: 1.199987e-03 masks: 22.7 16.9 [wd: 4.55e-02] [lr: 9.90e-04] [mem: 5.66e+03] (174.4 ms)
[40,   116] grad_stats: [2.49e-04 1.27e-05] (3.08e-06, 2.49e-04)
[40,   232] loss: 1.210041e-03 masks: 21.8 17.3 [wd: 4.57e-02] [lr: 1.00e-03] [mem: 5.66e+03] (172.9 ms)
[40,   232] grad_stats: [9.27e-05 6.55e-06] (1.15e-06, 9.33e-05)
avg. loss 1.21004144e-03
time taken for epoch 0:00:53.967649
Epoch 41
[41,     0] loss: 1.169320e-03 masks: 24.0 16.0 [wd: 4.57e-02] [lr: 1.00e-03] [mem: 5.66e+03] (173.4 ms)
[41,     0] grad_stats: [1.00e-04 7.51e-06] (1.07e-06, 1.13e-04)
[41,   116] loss: 1.231208e-03 masks: 22.6 17.0 [wd: 4.58e-02] [lr: 1.00e-03] [mem: 5.66e+03] (174.2 ms)
[41,   116] grad_stats: [1.17e-04 8.25e-06] (1.31e-06, 1.17e-04)
[41,   232] loss: 1.223433e-03 masks: 22.2 17.1 [wd: 4.59e-02] [lr: 1.00e-03] [mem: 5.66e+03] (173.9 ms)
[41,   232] grad_stats: [3.42e-04 1.40e-05] (3.61e-06, 3.42e-04)
avg. loss 1.22343267e-03
time taken for epoch 0:00:54.222140
Epoch 42
[42,     0] loss: 1.413294e-03 masks: 21.0 16.0 [wd: 4.59e-02] [lr: 1.00e-03] [mem: 5.66e+03] (167.5 ms)
[42,     0] grad_stats: [1.35e-04 1.27e-05] (2.01e-06, 1.35e-04)
[42,   116] loss: 1.231902e-03 masks: 21.7 17.2 [wd: 4.61e-02] [lr: 1.00e-03] [mem: 5.66e+03] (172.0 ms)
[42,   116] grad_stats: [1.58e-04 8.69e-06] (1.38e-06, 1.87e-04)
[42,   232] loss: 1.261474e-03 masks: 21.2 17.4 [wd: 4.62e-02] [lr: 1.00e-03] [mem: 5.66e+03] (171.1 ms)
[42,   232] grad_stats: [9.26e-05 1.05e-05] (1.67e-06, 1.11e-04)
avg. loss 1.26147421e-03
time taken for epoch 0:00:53.520499
Epoch 43
[43,     0] loss: 1.536201e-03 masks: 24.0 16.0 [wd: 4.62e-02] [lr: 1.00e-03] [mem: 5.66e+03] (174.1 ms)
[43,     0] grad_stats: [1.66e-04 1.31e-05] (2.38e-06, 2.29e-04)
[43,   116] loss: 1.291638e-03 masks: 22.2 17.2 [wd: 4.64e-02] [lr: 1.00e-03] [mem: 5.66e+03] (173.4 ms)
[43,   116] grad_stats: [1.14e-04 7.14e-06] (1.51e-06, 1.14e-04)
[43,   232] loss: 1.303311e-03 masks: 21.8 17.3 [wd: 4.65e-02] [lr: 1.00e-03] [mem: 5.66e+03] (173.0 ms)
[43,   232] grad_stats: [1.58e-04 1.61e-05] (3.31e-06, 2.22e-04)
avg. loss 1.30331060e-03
time taken for epoch 0:00:54.000178
Epoch 44
[44,     0] loss: 1.153784e-03 masks: 23.0 16.0 [wd: 4.65e-02] [lr: 1.00e-03] [mem: 5.66e+03] (169.2 ms)
[44,     0] grad_stats: [1.79e-04 1.06e-05] (1.52e-06, 2.44e-04)
[44,   116] loss: 1.327368e-03 masks: 21.4 17.5 [wd: 4.67e-02] [lr: 1.00e-03] [mem: 5.66e+03] (171.7 ms)
[44,   116] grad_stats: [2.80e-04 1.32e-05] (2.56e-06, 2.80e-04)
[44,   232] loss: 1.347797e-03 masks: 21.9 17.3 [wd: 4.68e-02] [lr: 1.00e-03] [mem: 5.66e+03] (173.0 ms)
[44,   232] grad_stats: [1.28e-04 1.24e-05] (1.80e-06, 1.29e-04)
avg. loss 1.34779716e-03
time taken for epoch 0:00:54.066322
Epoch 45
[45,     0] loss: 1.285659e-03 masks: 11.0 20.0 [wd: 4.68e-02] [lr: 1.00e-03] [mem: 5.66e+03] (144.0 ms)
[45,     0] grad_stats: [1.53e-04 8.62e-06] (1.10e-06, 2.00e-04)
[45,   116] loss: 1.367112e-03 masks: 21.3 17.4 [wd: 4.70e-02] [lr: 1.00e-03] [mem: 5.66e+03] (171.2 ms)
[45,   116] grad_stats: [1.79e-04 1.42e-05] (1.75e-06, 1.79e-04)
[45,   232] loss: 1.365423e-03 masks: 22.1 17.2 [wd: 4.71e-02] [lr: 1.00e-03] [mem: 5.66e+03] (173.5 ms)
[45,   232] grad_stats: [1.10e-04 1.39e-05] (1.64e-06, 1.11e-04)
avg. loss 1.36542316e-03
time taken for epoch 0:00:54.192904
Epoch 46
[46,     0] loss: 1.274463e-03 masks: 23.0 16.0 [wd: 4.71e-02] [lr: 1.00e-03] [mem: 5.66e+03] (170.6 ms)
[46,     0] grad_stats: [2.01e-04 1.96e-05] (3.32e-06, 2.61e-04)
[46,   116] loss: 1.349832e-03 masks: 23.2 16.7 [wd: 4.73e-02] [lr: 1.00e-03] [mem: 5.66e+03] (175.2 ms)
[46,   116] grad_stats: [2.34e-04 2.59e-05] (1.98e-06, 2.41e-04)
[46,   232] loss: 1.372894e-03 masks: 22.2 17.2 [wd: 4.75e-02] [lr: 1.00e-03] [mem: 5.66e+03] (173.7 ms)
[46,   232] grad_stats: [1.73e-04 2.13e-05] (3.40e-06, 3.16e-04)
avg. loss 1.37289363e-03
time taken for epoch 0:00:54.081425
Epoch 47
[47,     0] loss: 1.350213e-03 masks: 26.0 16.0 [wd: 4.75e-02] [lr: 1.00e-03] [mem: 5.66e+03] (181.7 ms)
[47,     0] grad_stats: [1.24e-04 9.49e-06] (1.26e-06, 1.40e-04)
[47,   116] loss: 1.424715e-03 masks: 22.0 17.2 [wd: 4.76e-02] [lr: 1.00e-03] [mem: 5.66e+03] (172.8 ms)
[47,   116] grad_stats: [3.50e-04 1.85e-05] (2.25e-06, 3.64e-04)
[47,   232] loss: 1.432651e-03 masks: 22.0 17.3 [wd: 4.78e-02] [lr: 9.99e-04] [mem: 5.66e+03] (173.2 ms)
[47,   232] grad_stats: [1.22e-04 1.60e-05] (1.91e-06, 1.35e-04)
avg. loss 1.43265094e-03
time taken for epoch 0:00:54.138639
Epoch 48
[48,     0] loss: 1.264611e-03 masks: 19.0 20.0 [wd: 4.78e-02] [lr: 9.99e-04] [mem: 5.66e+03] (168.8 ms)
[48,     0] grad_stats: [2.25e-04 1.25e-05] (1.79e-06, 2.37e-04)
[48,   116] loss: 1.378998e-03 masks: 21.5 17.6 [wd: 4.80e-02] [lr: 9.99e-04] [mem: 5.66e+03] (172.0 ms)
[48,   116] grad_stats: [1.58e-04 2.32e-05] (3.70e-06, 3.22e-04)
[48,   232] loss: 1.372274e-03 masks: 21.8 17.5 [wd: 4.81e-02] [lr: 9.99e-04] [mem: 5.66e+03] (173.3 ms)
[48,   232] grad_stats: [1.94e-04 1.66e-05] (2.28e-06, 1.94e-04)
avg. loss 1.37227424e-03
time taken for epoch 0:00:53.980406
Epoch 49
[49,     0] loss: 1.468860e-03 masks: 23.0 16.0 [wd: 4.81e-02] [lr: 9.99e-04] [mem: 5.66e+03] (171.0 ms)
[49,     0] grad_stats: [2.27e-04 1.37e-05] (1.94e-06, 3.05e-04)
[49,   116] loss: 1.396673e-03 masks: 21.7 17.3 [wd: 4.83e-02] [lr: 9.99e-04] [mem: 5.66e+03] (172.1 ms)
[49,   116] grad_stats: [2.68e-04 1.87e-05] (3.83e-06, 2.71e-04)
[49,   232] loss: 1.403474e-03 masks: 21.9 17.3 [wd: 4.85e-02] [lr: 9.99e-04] [mem: 5.66e+03] (173.2 ms)
[49,   232] grad_stats: [1.21e-04 2.03e-05] (1.53e-06, 1.42e-04)
avg. loss 1.40347430e-03
time taken for epoch 0:00:54.099983
Epoch 50
[50,     0] loss: 1.750034e-03 masks: 17.0 16.0 [wd: 4.85e-02] [lr: 9.99e-04] [mem: 5.66e+03] (156.8 ms)
[50,     0] grad_stats: [1.67e-04 1.42e-05] (2.78e-06, 2.45e-04)
[50,   116] loss: 1.453480e-03 masks: 22.8 16.9 [wd: 4.86e-02] [lr: 9.99e-04] [mem: 5.66e+03] (174.6 ms)
[50,   116] grad_stats: [1.87e-04 2.25e-05] (3.27e-06, 2.73e-04)
[50,   232] loss: 1.446850e-03 masks: 22.2 17.2 [wd: 4.88e-02] [lr: 9.99e-04] [mem: 5.66e+03] (173.9 ms)
[50,   232] grad_stats: [1.53e-04 3.11e-05] (2.94e-06, 2.21e-04)
avg. loss 1.44685006e-03
time taken for epoch 0:00:54.169136
Epoch 51
[51,     0] loss: 1.607358e-03 masks: 23.0 16.0 [wd: 4.88e-02] [lr: 9.99e-04] [mem: 5.66e+03] (170.3 ms)
[51,     0] grad_stats: [1.45e-04 2.66e-05] (2.30e-06, 1.88e-04)
[51,   116] loss: 1.448695e-03 masks: 22.0 17.2 [wd: 4.90e-02] [lr: 9.99e-04] [mem: 5.66e+03] (172.8 ms)
[51,   116] grad_stats: [1.04e-04 1.38e-05] (1.59e-06, 1.14e-04)
[51,   232] loss: 1.459978e-03 masks: 21.9 17.3 [wd: 4.92e-02] [lr: 9.99e-04] [mem: 5.66e+03] (173.2 ms)
[51,   232] grad_stats: [2.03e-04 2.64e-05] (3.67e-06, 2.80e-04)
avg. loss 1.45997810e-03
time taken for epoch 0:00:54.048258
Epoch 52
[52,     0] loss: 1.449856e-03 masks: 12.0 20.0 [wd: 4.92e-02] [lr: 9.99e-04] [mem: 5.66e+03] (147.7 ms)
[52,     0] grad_stats: [1.10e-04 1.49e-05] (1.95e-06, 1.52e-04)
[52,   116] loss: 1.499947e-03 masks: 22.3 17.1 [wd: 4.93e-02] [lr: 9.98e-04] [mem: 5.66e+03] (173.6 ms)
[52,   116] grad_stats: [9.06e-05 1.46e-05] (1.75e-06, 2.76e-04)
[52,   232] loss: 1.500215e-03 masks: 22.0 17.3 [wd: 4.95e-02] [lr: 9.98e-04] [mem: 5.66e+03] (173.6 ms)
[52,   232] grad_stats: [1.22e-04 2.37e-05] (2.47e-06, 2.56e-04)
avg. loss 1.50021499e-03
time taken for epoch 0:00:53.994544
Epoch 53
[53,     0] loss: 1.663933e-03 masks: 21.0 16.0 [wd: 4.95e-02] [lr: 9.98e-04] [mem: 5.66e+03] (169.3 ms)
[53,     0] grad_stats: [1.64e-04 2.24e-05] (1.74e-06, 2.26e-04)
[53,   116] loss: 1.522772e-03 masks: 21.7 17.5 [wd: 4.97e-02] [lr: 9.98e-04] [mem: 5.66e+03] (172.5 ms)
[53,   116] grad_stats: [1.69e-04 1.42e-05] (2.11e-06, 3.94e-04)
[53,   232] loss: 1.494116e-03 masks: 21.8 17.5 [wd: 4.99e-02] [lr: 9.98e-04] [mem: 5.66e+03] (173.4 ms)
[53,   232] grad_stats: [1.58e-04 1.89e-05] (1.48e-06, 1.78e-04)
avg. loss 1.49411591e-03
time taken for epoch 0:00:54.072451
Epoch 54
[54,     0] loss: 1.437029e-03 masks: 19.0 20.0 [wd: 4.99e-02] [lr: 9.98e-04] [mem: 5.66e+03] (169.0 ms)
[54,     0] grad_stats: [1.34e-04 2.20e-05] (2.46e-06, 3.44e-04)
[54,   116] loss: 1.555898e-03 masks: 22.0 17.1 [wd: 5.01e-02] [lr: 9.98e-04] [mem: 5.66e+03] (172.6 ms)
[54,   116] grad_stats: [1.43e-04 2.18e-05] (3.54e-06, 3.08e-04)
[54,   232] loss: 1.566130e-03 masks: 22.4 17.0 [wd: 5.03e-02] [lr: 9.98e-04] [mem: 5.66e+03] (174.2 ms)
[54,   232] grad_stats: [1.25e-04 1.78e-05] (1.53e-06, 1.71e-04)
avg. loss 1.56612960e-03
time taken for epoch 0:00:54.291767
Epoch 55
[55,     0] loss: 1.300148e-03 masks: 20.0 20.0 [wd: 5.03e-02] [lr: 9.98e-04] [mem: 5.66e+03] (167.9 ms)
[55,     0] grad_stats: [1.41e-04 1.30e-05] (1.76e-06, 2.63e-04)
[55,   116] loss: 1.554134e-03 masks: 21.2 17.6 [wd: 5.05e-02] [lr: 9.98e-04] [mem: 5.66e+03] (171.3 ms)
[55,   116] grad_stats: [1.23e-04 1.22e-05] (1.63e-06, 1.23e-04)
[55,   232] loss: 1.544773e-03 masks: 20.9 17.7 [wd: 5.06e-02] [lr: 9.97e-04] [mem: 5.66e+03] (171.0 ms)
[55,   232] grad_stats: [1.65e-04 2.21e-05] (2.22e-06, 1.65e-04)
avg. loss 1.54477308e-03
time taken for epoch 0:00:53.582240
Epoch 56
[56,     0] loss: 1.485243e-03 masks: 15.0 20.0 [wd: 5.06e-02] [lr: 9.97e-04] [mem: 5.66e+03] (158.0 ms)
[56,     0] grad_stats: [9.69e-05 1.13e-05] (2.10e-06, 2.04e-04)
[56,   116] loss: 1.588556e-03 masks: 21.8 17.4 [wd: 5.08e-02] [lr: 9.97e-04] [mem: 5.66e+03] (172.5 ms)
[56,   116] grad_stats: [1.06e-04 2.03e-05] (2.43e-06, 2.31e-04)
[56,   232] loss: 1.570007e-03 masks: 21.6 17.6 [wd: 5.10e-02] [lr: 9.97e-04] [mem: 5.66e+03] (172.8 ms)
[56,   232] grad_stats: [1.24e-04 2.14e-05] (2.10e-06, 2.14e-04)
avg. loss 1.57000734e-03
time taken for epoch 0:00:54.075145
Epoch 57
[57,     0] loss: 1.889997e-03 masks: 12.0 20.0 [wd: 5.10e-02] [lr: 9.97e-04] [mem: 5.66e+03] (147.9 ms)
[57,     0] grad_stats: [8.04e-05 1.12e-05] (1.43e-06, 1.05e-04)
[57,   116] loss: 1.582523e-03 masks: 21.6 17.4 [wd: 5.12e-02] [lr: 9.97e-04] [mem: 5.66e+03] (172.1 ms)
[57,   116] grad_stats: [1.16e-04 1.65e-05] (1.88e-06, 1.62e-04)
[57,   232] loss: 1.590046e-03 masks: 22.2 17.2 [wd: 5.14e-02] [lr: 9.97e-04] [mem: 5.66e+03] (173.9 ms)
[57,   232] grad_stats: [1.31e-04 2.15e-05] (3.03e-06, 1.72e-04)
avg. loss 1.59004623e-03
time taken for epoch 0:00:54.282527
Epoch 58
[58,     0] loss: 2.126628e-03 masks: 17.0 16.0 [wd: 5.14e-02] [lr: 9.97e-04] [mem: 5.66e+03] (155.1 ms)
[58,     0] grad_stats: [1.87e-04 2.41e-05] (3.06e-06, 2.20e-04)
[58,   116] loss: 1.640992e-03 masks: 21.4 17.5 [wd: 5.16e-02] [lr: 9.96e-04] [mem: 5.66e+03] (171.5 ms)
[58,   116] grad_stats: [1.66e-04 1.27e-05] (2.38e-06, 1.92e-04)
[58,   232] loss: 1.646855e-03 masks: 22.0 17.3 [wd: 5.18e-02] [lr: 9.96e-04] [mem: 5.66e+03] (173.3 ms)
[58,   232] grad_stats: [1.52e-04 2.18e-05] (2.30e-06, 3.07e-04)
avg. loss 1.64685539e-03
time taken for epoch 0:00:54.086604
Epoch 59
[59,     0] loss: 1.678135e-03 masks: 17.0 20.0 [wd: 5.18e-02] [lr: 9.96e-04] [mem: 5.66e+03] (160.6 ms)
[59,     0] grad_stats: [8.92e-05 1.11e-05] (1.59e-06, 1.85e-04)
[59,   116] loss: 1.689357e-03 masks: 23.1 16.9 [wd: 5.20e-02] [lr: 9.96e-04] [mem: 5.66e+03] (175.4 ms)
[59,   116] grad_stats: [1.28e-04 1.78e-05] (2.69e-06, 2.63e-04)
[59,   232] loss: 1.724504e-03 masks: 22.7 17.0 [wd: 5.22e-02] [lr: 9.96e-04] [mem: 5.66e+03] (175.1 ms)
[59,   232] grad_stats: [1.84e-04 1.44e-05] (1.96e-06, 2.15e-04)
avg. loss 1.72450366e-03
time taken for epoch 0:00:54.477210
Epoch 60
[60,     0] loss: 1.536558e-03 masks: 19.0 20.0 [wd: 5.22e-02] [lr: 9.96e-04] [mem: 5.66e+03] (168.3 ms)
[60,     0] grad_stats: [1.27e-04 1.52e-05] (1.89e-06, 1.95e-04)
[60,   116] loss: 1.792311e-03 masks: 21.1 17.5 [wd: 5.24e-02] [lr: 9.96e-04] [mem: 5.66e+03] (171.2 ms)
[60,   116] grad_stats: [1.27e-04 1.09e-05] (1.58e-06, 1.59e-04)
[60,   232] loss: 1.822299e-03 masks: 21.3 17.3 [wd: 5.26e-02] [lr: 9.95e-04] [mem: 5.66e+03] (171.7 ms)
[60,   232] grad_stats: [1.28e-04 3.21e-05] (2.89e-06, 2.81e-04)
avg. loss 1.82229945e-03
time taken for epoch 0:00:53.754293
Epoch 61
[61,     0] loss: 1.634761e-03 masks: 17.0 20.0 [wd: 5.26e-02] [lr: 9.95e-04] [mem: 5.66e+03] (161.1 ms)
[61,     0] grad_stats: [1.10e-04 1.93e-05] (2.16e-06, 1.10e-04)
[61,   116] loss: 1.827569e-03 masks: 21.6 17.4 [wd: 5.29e-02] [lr: 9.95e-04] [mem: 5.66e+03] (172.1 ms)
[61,   116] grad_stats: [2.38e-04 3.08e-05] (3.04e-06, 3.82e-04)
[61,   232] loss: 1.857186e-03 masks: 21.3 17.4 [wd: 5.31e-02] [lr: 9.95e-04] [mem: 5.66e+03] (171.7 ms)
[61,   232] grad_stats: [9.26e-05 2.75e-05] (3.15e-06, 1.75e-04)
avg. loss 1.85718623e-03
time taken for epoch 0:00:53.667630
Epoch 62
[62,     0] loss: 1.672266e-03 masks: 17.0 20.0 [wd: 5.31e-02] [lr: 9.95e-04] [mem: 5.66e+03] (162.9 ms)
[62,     0] grad_stats: [8.42e-05 1.48e-05] (2.07e-06, 1.38e-04)
[62,   116] loss: 1.842195e-03 masks: 22.0 17.5 [wd: 5.33e-02] [lr: 9.95e-04] [mem: 5.66e+03] (173.3 ms)
[62,   116] grad_stats: [1.62e-04 1.76e-05] (3.02e-06, 3.19e-04)
[62,   232] loss: 1.860594e-03 masks: 21.8 17.4 [wd: 5.35e-02] [lr: 9.94e-04] [mem: 5.66e+03] (173.1 ms)
[62,   232] grad_stats: [1.03e-04 9.39e-06] (1.51e-06, 1.44e-04)
avg. loss 1.86059380e-03
time taken for epoch 0:00:54.039942
Epoch 63
[63,     0] loss: 1.664434e-03 masks: 22.0 20.0 [wd: 5.35e-02] [lr: 9.94e-04] [mem: 5.66e+03] (176.6 ms)
[63,     0] grad_stats: [1.72e-04 1.92e-05] (2.14e-06, 3.67e-04)
[63,   116] loss: 1.864134e-03 masks: 21.9 17.3 [wd: 5.37e-02] [lr: 9.94e-04] [mem: 5.66e+03] (172.9 ms)
[63,   116] grad_stats: [1.25e-04 1.31e-05] (1.37e-06, 1.28e-04)
[63,   232] loss: 1.906496e-03 masks: 21.6 17.3 [wd: 5.39e-02] [lr: 9.94e-04] [mem: 5.66e+03] (172.5 ms)
[63,   232] grad_stats: [1.18e-04 2.18e-05] (2.71e-06, 2.35e-04)
avg. loss 1.90649604e-03
time taken for epoch 0:00:53.920495
Epoch 64
[64,     0] loss: 1.821853e-03 masks: 25.0 16.0 [wd: 5.39e-02] [lr: 9.94e-04] [mem: 5.66e+03] (177.8 ms)
[64,     0] grad_stats: [1.74e-04 1.89e-05] (3.24e-06, 2.66e-04)
[64,   116] loss: 1.960185e-03 masks: 22.1 17.2 [wd: 5.41e-02] [lr: 9.94e-04] [mem: 5.66e+03] (173.0 ms)
[64,   116] grad_stats: [1.19e-04 1.62e-05] (1.59e-06, 1.75e-04)
[64,   232] loss: 1.990740e-03 masks: 21.6 17.4 [wd: 5.44e-02] [lr: 9.93e-04] [mem: 5.66e+03] (172.5 ms)
[64,   232] grad_stats: [1.32e-04 1.87e-05] (2.23e-06, 1.70e-04)
avg. loss 1.99073976e-03
time taken for epoch 0:00:53.918381
Epoch 65
[65,     0] loss: 2.017970e-03 masks: 17.0 20.0 [wd: 5.44e-02] [lr: 9.93e-04] [mem: 5.66e+03] (159.3 ms)
[65,     0] grad_stats: [1.98e-04 2.08e-05] (1.97e-06, 2.38e-04)
[65,   116] loss: 2.033887e-03 masks: 21.8 17.3 [wd: 5.46e-02] [lr: 9.93e-04] [mem: 5.66e+03] (172.4 ms)
[65,   116] grad_stats: [1.18e-04 1.49e-05] (1.86e-06, 2.46e-04)
[65,   232] loss: 2.030198e-03 masks: 22.0 17.3 [wd: 5.48e-02] [lr: 9.93e-04] [mem: 5.66e+03] (173.5 ms)
[65,   232] grad_stats: [9.74e-05 1.93e-05] (2.07e-06, 1.84e-04)
avg. loss 2.03019797e-03
time taken for epoch 0:00:54.126037
Epoch 66
[66,     0] loss: 2.204133e-03 masks: 35.0 12.0 [wd: 5.48e-02] [lr: 9.93e-04] [mem: 5.66e+03] (199.7 ms)
[66,     0] grad_stats: [1.35e-04 1.77e-05] (2.44e-06, 1.41e-04)
[66,   116] loss: 2.064415e-03 masks: 22.6 16.9 [wd: 5.50e-02] [lr: 9.92e-04] [mem: 5.66e+03] (174.1 ms)
[66,   116] grad_stats: [2.37e-04 3.76e-05] (3.97e-06, 3.44e-04)
[66,   232] loss: 2.075881e-03 masks: 22.4 17.0 [wd: 5.53e-02] [lr: 9.92e-04] [mem: 5.66e+03] (174.1 ms)
[66,   232] grad_stats: [8.67e-05 2.72e-05] (2.17e-06, 1.44e-04)
avg. loss 2.07588143e-03
time taken for epoch 0:00:54.153903
Epoch 67
[67,     0] loss: 2.675294e-03 masks: 17.0 16.0 [wd: 5.53e-02] [lr: 9.92e-04] [mem: 5.66e+03] (156.7 ms)
[67,     0] grad_stats: [1.12e-04 1.10e-05] (1.48e-06, 1.20e-04)
[67,   116] loss: 2.162525e-03 masks: 22.1 17.2 [wd: 5.55e-02] [lr: 9.92e-04] [mem: 5.66e+03] (173.2 ms)
[67,   116] grad_stats: [9.02e-05 1.17e-05] (1.81e-06, 1.67e-04)
[67,   232] loss: 2.187361e-03 masks: 22.0 17.2 [wd: 5.57e-02] [lr: 9.92e-04] [mem: 5.66e+03] (173.3 ms)
[67,   232] grad_stats: [8.08e-05 1.80e-05] (1.53e-06, 1.18e-04)
avg. loss 2.18736073e-03
time taken for epoch 0:00:54.081804
Epoch 68
[68,     0] loss: 2.404812e-03 masks: 33.0 12.0 [wd: 5.57e-02] [lr: 9.92e-04] [mem: 5.66e+03] (194.4 ms)
[68,     0] grad_stats: [2.13e-04 2.96e-05] (3.77e-06, 2.82e-04)
[68,   116] loss: 2.230922e-03 masks: 21.3 17.5 [wd: 5.59e-02] [lr: 9.91e-04] [mem: 5.66e+03] (171.3 ms)
[68,   116] grad_stats: [1.29e-04 3.09e-05] (3.77e-06, 2.83e-04)
[68,   232] loss: 2.232547e-03 masks: 21.6 17.4 [wd: 5.62e-02] [lr: 9.91e-04] [mem: 5.66e+03] (172.5 ms)
[68,   232] grad_stats: [1.68e-04 2.03e-05] (2.55e-06, 3.27e-04)
avg. loss 2.23254703e-03
time taken for epoch 0:00:53.947881
Epoch 69
[69,     0] loss: 1.722251e-03 masks: 23.0 20.0 [wd: 5.62e-02] [lr: 9.91e-04] [mem: 5.66e+03] (180.8 ms)
[69,     0] grad_stats: [1.08e-04 9.32e-06] (1.91e-06, 1.88e-04)
[69,   116] loss: 2.249706e-03 masks: 22.2 17.3 [wd: 5.64e-02] [lr: 9.91e-04] [mem: 5.66e+03] (173.8 ms)
[69,   116] grad_stats: [9.86e-05 1.66e-05] (2.84e-06, 1.45e-04)
[69,   232] loss: 2.292253e-03 masks: 22.5 17.1 [wd: 5.67e-02] [lr: 9.90e-04] [mem: 5.66e+03] (174.7 ms)
[69,   232] grad_stats: [7.42e-05 1.23e-05] (1.36e-06, 1.50e-04)
avg. loss 2.29225305e-03
time taken for epoch 0:00:54.455928
Epoch 70
[70,     0] loss: 2.264110e-03 masks: 14.0 20.0 [wd: 5.67e-02] [lr: 9.90e-04] [mem: 5.66e+03] (154.5 ms)
[70,     0] grad_stats: [9.43e-05 1.34e-05] (1.72e-06, 1.65e-04)
[70,   116] loss: 2.310535e-03 masks: 21.5 17.4 [wd: 5.69e-02] [lr: 9.90e-04] [mem: 5.66e+03] (171.8 ms)
[70,   116] grad_stats: [8.39e-05 1.16e-05] (1.61e-06, 2.78e-04)
[70,   232] loss: 2.330613e-03 masks: 21.4 17.6 [wd: 5.71e-02] [lr: 9.90e-04] [mem: 5.66e+03] (172.3 ms)
[70,   232] grad_stats: [1.29e-04 1.82e-05] (2.75e-06, 2.68e-04)
avg. loss 2.33061343e-03
time taken for epoch 0:00:53.898369
Epoch 71
[71,     0] loss: 2.555822e-03 masks: 23.0 16.0 [wd: 5.71e-02] [lr: 9.90e-04] [mem: 5.66e+03] (169.1 ms)
[71,     0] grad_stats: [2.15e-04 1.67e-05] (2.55e-06, 2.28e-04)
[71,   116] loss: 2.411223e-03 masks: 22.3 17.2 [wd: 5.74e-02] [lr: 9.89e-04] [mem: 5.66e+03] (173.7 ms)
[71,   116] grad_stats: [1.57e-04 2.40e-05] (2.61e-06, 3.75e-04)
[71,   232] loss: 2.398315e-03 masks: 21.8 17.5 [wd: 5.76e-02] [lr: 9.89e-04] [mem: 5.66e+03] (173.4 ms)
[71,   232] grad_stats: [1.46e-04 1.79e-05] (2.34e-06, 1.80e-04)
avg. loss 2.39831534e-03
time taken for epoch 0:00:54.167482
Epoch 72
[72,     0] loss: 2.645390e-03 masks: 33.0 12.0 [wd: 5.76e-02] [lr: 9.89e-04] [mem: 5.66e+03] (194.0 ms)
[72,     0] grad_stats: [2.10e-04 2.80e-05] (3.29e-06, 4.37e-04)
[72,   116] loss: 2.475717e-03 masks: 21.1 17.7 [wd: 5.79e-02] [lr: 9.88e-04] [mem: 5.66e+03] (171.4 ms)
[72,   116] grad_stats: [3.70e-04 3.12e-05] (3.71e-06, 4.37e-04)
[72,   232] loss: 2.545223e-03 masks: 21.8 17.3 [wd: 5.81e-02] [lr: 9.88e-04] [mem: 5.66e+03] (173.0 ms)
[72,   232] grad_stats: [1.24e-04 2.66e-05] (3.51e-06, 2.66e-04)
avg. loss 2.54522304e-03
time taken for epoch 0:00:53.945716
Epoch 73
[73,     0] loss: 2.674594e-03 masks: 19.0 20.0 [wd: 5.81e-02] [lr: 9.88e-04] [mem: 5.66e+03] (168.4 ms)
[73,     0] grad_stats: [1.55e-04 1.19e-05] (1.47e-06, 1.83e-04)
[73,   116] loss: 2.555617e-03 masks: 22.5 17.0 [wd: 5.84e-02] [lr: 9.88e-04] [mem: 5.66e+03] (174.0 ms)
[73,   116] grad_stats: [1.30e-04 2.24e-05] (2.90e-06, 2.05e-04)
[73,   232] loss: 2.614125e-03 masks: 22.3 17.0 [wd: 5.86e-02] [lr: 9.87e-04] [mem: 5.66e+03] (174.0 ms)
[73,   232] grad_stats: [1.41e-04 3.10e-05] (3.53e-06, 2.51e-04)
avg. loss 2.61412485e-03
time taken for epoch 0:00:54.304310
Epoch 74
[74,     0] loss: 2.345723e-03 masks: 18.0 20.0 [wd: 5.86e-02] [lr: 9.87e-04] [mem: 5.66e+03] (165.4 ms)
[74,     0] grad_stats: [1.15e-04 1.67e-05] (2.55e-06, 2.21e-04)
[74,   116] loss: 2.623094e-03 masks: 23.0 16.9 [wd: 5.89e-02] [lr: 9.87e-04] [mem: 5.66e+03] (175.4 ms)
[74,   116] grad_stats: [1.58e-04 1.48e-05] (2.38e-06, 1.58e-04)
[74,   232] loss: 2.657404e-03 masks: 22.3 17.0 [wd: 5.91e-02] [lr: 9.87e-04] [mem: 5.66e+03] (174.2 ms)
[74,   232] grad_stats: [2.98e-04 2.36e-05] (2.81e-06, 3.24e-04)
avg. loss 2.65740429e-03
time taken for epoch 0:00:54.303971
Epoch 75
[75,     0] loss: 2.426158e-03 masks: 18.0 20.0 [wd: 5.91e-02] [lr: 9.87e-04] [mem: 5.66e+03] (165.1 ms)
[75,     0] grad_stats: [8.86e-05 1.21e-05] (1.69e-06, 1.06e-04)
[75,   116] loss: 2.655621e-03 masks: 21.3 17.5 [wd: 5.94e-02] [lr: 9.86e-04] [mem: 5.66e+03] (171.8 ms)
[75,   116] grad_stats: [1.44e-04 1.71e-05] (2.08e-06, 2.15e-04)
[75,   232] loss: 2.670184e-03 masks: 22.2 17.3 [wd: 5.96e-02] [lr: 9.86e-04] [mem: 5.66e+03] (174.1 ms)
[75,   232] grad_stats: [1.22e-04 2.39e-05] (3.15e-06, 3.20e-04)
avg. loss 2.67018436e-03
time taken for epoch 0:00:54.317103
Epoch 76
[76,     0] loss: 2.458584e-03 masks: 20.0 20.0 [wd: 5.96e-02] [lr: 9.86e-04] [mem: 5.66e+03] (170.5 ms)
[76,     0] grad_stats: [1.30e-04 1.80e-05] (2.99e-06, 3.15e-04)
[76,   116] loss: 2.714231e-03 masks: 21.5 17.5 [wd: 5.99e-02] [lr: 9.85e-04] [mem: 5.66e+03] (172.0 ms)
[76,   116] grad_stats: [1.23e-04 1.83e-05] (2.76e-06, 3.01e-04)
[76,   232] loss: 2.727394e-03 masks: 21.6 17.5 [wd: 6.01e-02] [lr: 9.85e-04] [mem: 5.66e+03] (172.6 ms)
[76,   232] grad_stats: [1.47e-04 2.65e-05] (3.25e-06, 5.40e-04)
avg. loss 2.72739370e-03
time taken for epoch 0:00:53.831238
Epoch 77
[77,     0] loss: 2.688309e-03 masks: 25.0 16.0 [wd: 6.01e-02] [lr: 9.85e-04] [mem: 5.66e+03] (177.4 ms)
[77,     0] grad_stats: [1.47e-04 3.20e-05] (2.99e-06, 4.44e-04)
[77,   116] loss: 2.845041e-03 masks: 23.0 16.8 [wd: 6.04e-02] [lr: 9.85e-04] [mem: 5.66e+03] (175.2 ms)
[77,   116] grad_stats: [2.06e-04 1.78e-05] (2.49e-06, 2.51e-04)
[77,   232] loss: 2.842409e-03 masks: 22.1 17.1 [wd: 6.07e-02] [lr: 9.84e-04] [mem: 5.66e+03] (173.7 ms)
[77,   232] grad_stats: [1.13e-04 1.70e-05] (2.12e-06, 1.40e-04)
avg. loss 2.84240935e-03
time taken for epoch 0:00:54.241106
Epoch 78
[78,     0] loss: 2.918973e-03 masks: 33.0 12.0 [wd: 6.07e-02] [lr: 9.84e-04] [mem: 5.66e+03] (193.7 ms)
[78,     0] grad_stats: [1.83e-04 2.63e-05] (3.10e-06, 4.51e-04)
[78,   116] loss: 2.823051e-03 masks: 21.7 17.4 [wd: 6.09e-02] [lr: 9.84e-04] [mem: 5.66e+03] (172.5 ms)
[78,   116] grad_stats: [1.89e-04 2.90e-05] (4.16e-06, 5.47e-04)
[78,   232] loss: 2.860426e-03 masks: 21.7 17.3 [wd: 6.12e-02] [lr: 9.83e-04] [mem: 5.66e+03] (172.9 ms)
[78,   232] grad_stats: [1.09e-04 1.68e-05] (2.24e-06, 1.50e-04)
avg. loss 2.86042595e-03
time taken for epoch 0:00:54.000045
Epoch 79
[79,     0] loss: 2.961061e-03 masks: 18.0 20.0 [wd: 6.12e-02] [lr: 9.83e-04] [mem: 5.66e+03] (166.5 ms)
[79,     0] grad_stats: [9.98e-05 2.33e-05] (2.76e-06, 4.32e-04)
[79,   116] loss: 2.909078e-03 masks: 22.0 17.4 [wd: 6.15e-02] [lr: 9.83e-04] [mem: 5.66e+03] (173.5 ms)
[79,   116] grad_stats: [1.48e-04 1.48e-05] (2.59e-06, 2.61e-04)
[79,   232] loss: 2.943390e-03 masks: 22.0 17.2 [wd: 6.17e-02] [lr: 9.82e-04] [mem: 5.66e+03] (173.5 ms)
[79,   232] grad_stats: [1.58e-04 2.05e-05] (3.48e-06, 3.73e-04)
avg. loss 2.94338956e-03
time taken for epoch 0:00:54.111102
Epoch 80
[80,     0] loss: 3.351296e-03 masks: 20.0 16.0 [wd: 6.17e-02] [lr: 9.82e-04] [mem: 5.66e+03] (164.5 ms)
[80,     0] grad_stats: [2.28e-04 2.27e-05] (3.53e-06, 2.78e-04)
[80,   116] loss: 2.994055e-03 masks: 22.0 17.2 [wd: 6.20e-02] [lr: 9.82e-04] [mem: 5.66e+03] (172.9 ms)
[80,   116] grad_stats: [2.11e-04 2.88e-05] (3.01e-06, 2.11e-04)
[80,   232] loss: 3.027954e-03 masks: 21.7 17.3 [wd: 6.23e-02] [lr: 9.81e-04] [mem: 5.66e+03] (173.0 ms)
[80,   232] grad_stats: [1.94e-04 2.10e-05] (3.22e-06, 4.00e-04)
avg. loss 3.02795433e-03
time taken for epoch 0:00:54.053497
Epoch 81
[81,     0] loss: 3.011870e-03 masks: 19.0 20.0 [wd: 6.23e-02] [lr: 9.81e-04] [mem: 5.66e+03] (169.0 ms)
[81,     0] grad_stats: [1.18e-04 1.93e-05] (2.81e-06, 2.48e-04)
[81,   116] loss: 3.066525e-03 masks: 22.1 17.2 [wd: 6.25e-02] [lr: 9.81e-04] [mem: 5.66e+03] (173.4 ms)
[81,   116] grad_stats: [2.89e-04 2.79e-05] (2.90e-06, 6.23e-04)
[81,   232] loss: 3.086785e-03 masks: 22.1 17.2 [wd: 6.28e-02] [lr: 9.81e-04] [mem: 5.66e+03] (173.8 ms)
[81,   232] grad_stats: [1.33e-04 1.56e-05] (2.25e-06, 2.21e-04)
avg. loss 3.08678535e-03
time taken for epoch 0:00:54.268940
Epoch 82
[82,     0] loss: 3.287819e-03 masks: 23.0 16.0 [wd: 6.28e-02] [lr: 9.81e-04] [mem: 5.66e+03] (170.2 ms)
[82,     0] grad_stats: [2.04e-04 1.57e-05] (2.73e-06, 3.72e-04)
[82,   116] loss: 3.065538e-03 masks: 21.5 17.7 [wd: 6.31e-02] [lr: 9.80e-04] [mem: 5.66e+03] (172.7 ms)
[82,   116] grad_stats: [1.59e-04 1.50e-05] (2.49e-06, 2.46e-04)
[82,   232] loss: 3.090419e-03 masks: 21.7 17.5 [wd: 6.34e-02] [lr: 9.80e-04] [mem: 5.66e+03] (173.4 ms)
[82,   232] grad_stats: [1.32e-04 1.92e-05] (3.32e-06, 5.27e-04)
avg. loss 3.09041890e-03
time taken for epoch 0:00:54.125655
Epoch 83
[83,     0] loss: 3.105763e-03 masks: 23.0 16.0 [wd: 6.34e-02] [lr: 9.80e-04] [mem: 5.66e+03] (172.2 ms)
[83,     0] grad_stats: [1.73e-04 2.02e-05] (2.71e-06, 1.92e-04)
[83,   116] loss: 3.150649e-03 masks: 22.8 16.8 [wd: 6.36e-02] [lr: 9.79e-04] [mem: 5.66e+03] (174.8 ms)
[83,   116] grad_stats: [1.31e-04 1.97e-05] (3.54e-06, 3.09e-04)
[83,   232] loss: 3.180003e-03 masks: 22.3 17.0 [wd: 6.39e-02] [lr: 9.79e-04] [mem: 5.66e+03] (174.0 ms)
[83,   232] grad_stats: [1.42e-04 1.82e-05] (3.08e-06, 2.16e-04)
avg. loss 3.18000329e-03
time taken for epoch 0:00:54.298104
Epoch 84
[84,     0] loss: 2.967241e-03 masks: 25.0 16.0 [wd: 6.39e-02] [lr: 9.79e-04] [mem: 5.66e+03] (176.7 ms)
[84,     0] grad_stats: [1.40e-04 1.77e-05] (2.72e-06, 1.72e-04)
[84,   116] loss: 3.232774e-03 masks: 20.8 17.5 [wd: 6.42e-02] [lr: 9.78e-04] [mem: 5.66e+03] (170.2 ms)
[84,   116] grad_stats: [1.14e-04 1.62e-05] (2.47e-06, 2.02e-04)
[84,   232] loss: 3.237832e-03 masks: 21.3 17.4 [wd: 6.45e-02] [lr: 9.78e-04] [mem: 5.66e+03] (171.9 ms)
[84,   232] grad_stats: [1.11e-04 1.79e-05] (2.28e-06, 2.55e-04)
avg. loss 3.23783240e-03
time taken for epoch 0:00:53.793170
Epoch 85
[85,     0] loss: 2.839777e-03 masks: 20.0 20.0 [wd: 6.45e-02] [lr: 9.78e-04] [mem: 5.66e+03] (170.4 ms)
[85,     0] grad_stats: [1.58e-04 1.76e-05] (2.31e-06, 3.73e-04)
[85,   116] loss: 3.242266e-03 masks: 22.4 17.2 [wd: 6.48e-02] [lr: 9.77e-04] [mem: 5.66e+03] (174.2 ms)
[85,   116] grad_stats: [9.50e-05 1.17e-05] (2.17e-06, 1.96e-04)
[85,   232] loss: 3.261349e-03 masks: 21.9 17.4 [wd: 6.51e-02] [lr: 9.77e-04] [mem: 5.66e+03] (173.7 ms)
[85,   232] grad_stats: [1.89e-04 1.28e-05] (2.22e-06, 1.92e-04)
avg. loss 3.26134916e-03
time taken for epoch 0:00:54.084305
Epoch 86
[86,     0] loss: 3.476610e-03 masks: 23.0 16.0 [wd: 6.51e-02] [lr: 9.77e-04] [mem: 5.66e+03] (172.7 ms)
[86,     0] grad_stats: [3.34e-04 2.38e-05] (3.60e-06, 6.15e-04)
[86,   116] loss: 3.341485e-03 masks: 21.7 17.5 [wd: 6.54e-02] [lr: 9.76e-04] [mem: 5.66e+03] (173.0 ms)
[86,   116] grad_stats: [1.15e-04 2.02e-05] (2.54e-06, 2.19e-04)
[86,   232] loss: 3.364928e-03 masks: 22.2 17.3 [wd: 6.56e-02] [lr: 9.76e-04] [mem: 5.66e+03] (174.3 ms)
[86,   232] grad_stats: [1.67e-04 2.34e-05] (3.12e-06, 6.12e-04)
avg. loss 3.36492769e-03
time taken for epoch 0:00:54.314724
Epoch 87
[87,     0] loss: 2.735046e-03 masks: 23.0 20.0 [wd: 6.56e-02] [lr: 9.76e-04] [mem: 5.66e+03] (178.3 ms)
[87,     0] grad_stats: [2.02e-04 2.69e-05] (2.68e-06, 3.83e-04)
[87,   116] loss: 3.432817e-03 masks: 21.7 17.6 [wd: 6.59e-02] [lr: 9.75e-04] [mem: 5.66e+03] (172.9 ms)
[87,   116] grad_stats: [1.80e-04 2.09e-05] (2.58e-06, 1.92e-04)
[87,   232] loss: 3.412096e-03 masks: 22.0 17.4 [wd: 6.62e-02] [lr: 9.74e-04] [mem: 5.66e+03] (174.0 ms)
[87,   232] grad_stats: [2.97e-04 2.07e-05] (5.15e-06, 3.72e-04)
avg. loss 3.41209619e-03
time taken for epoch 0:00:54.285993
Epoch 88
[88,     0] loss: 3.336037e-03 masks: 26.0 16.0 [wd: 6.62e-02] [lr: 9.74e-04] [mem: 5.66e+03] (181.9 ms)
[88,     0] grad_stats: [1.52e-04 1.86e-05] (3.50e-06, 2.12e-04)
[88,   116] loss: 3.480491e-03 masks: 21.9 17.4 [wd: 6.65e-02] [lr: 9.74e-04] [mem: 5.66e+03] (173.3 ms)
[88,   116] grad_stats: [1.54e-04 2.14e-05] (3.16e-06, 3.87e-04)
[88,   232] loss: 3.505013e-03 masks: 21.9 17.3 [wd: 6.68e-02] [lr: 9.73e-04] [mem: 5.66e+03] (173.5 ms)
[88,   232] grad_stats: [1.47e-04 1.92e-05] (2.96e-06, 2.74e-04)
avg. loss 3.50501255e-03
time taken for epoch 0:00:54.115548
Epoch 89
[89,     0] loss: 3.000300e-03 masks: 19.0 20.0 [wd: 6.68e-02] [lr: 9.73e-04] [mem: 5.66e+03] (168.1 ms)
[89,     0] grad_stats: [1.17e-04 1.50e-05] (2.37e-06, 3.53e-04)
[89,   116] loss: 3.461383e-03 masks: 22.5 17.3 [wd: 6.71e-02] [lr: 9.73e-04] [mem: 5.66e+03] (174.6 ms)
[89,   116] grad_stats: [2.72e-04 2.16e-05] (4.34e-06, 4.31e-04)
[89,   232] loss: 3.501558e-03 masks: 21.8 17.4 [wd: 6.74e-02] [lr: 9.72e-04] [mem: 5.66e+03] (173.2 ms)
[89,   232] grad_stats: [1.10e-04 1.38e-05] (2.65e-06, 2.66e-04)
avg. loss 3.50155847e-03
time taken for epoch 0:00:55.211570
Epoch 90
[90,     0] loss: 3.462788e-03 masks: 25.0 16.0 [wd: 6.74e-02] [lr: 9.72e-04] [mem: 5.66e+03] (178.1 ms)
[90,     0] grad_stats: [3.37e-04 1.84e-05] (2.98e-06, 4.50e-04)
[90,   116] loss: 3.506064e-03 masks: 21.7 17.5 [wd: 6.77e-02] [lr: 9.72e-04] [mem: 5.66e+03] (172.7 ms)
[90,   116] grad_stats: [2.58e-04 2.10e-05] (3.48e-06, 3.18e-04)
[90,   232] loss: 3.564443e-03 masks: 21.6 17.4 [wd: 6.80e-02] [lr: 9.71e-04] [mem: 5.66e+03] (172.8 ms)
[90,   232] grad_stats: [2.02e-04 1.52e-05] (2.66e-06, 2.02e-04)
avg. loss 3.56444295e-03
time taken for epoch 0:00:54.026163
Epoch 91
[91,     0] loss: 3.637441e-03 masks: 25.0 16.0 [wd: 6.80e-02] [lr: 9.71e-04] [mem: 5.66e+03] (178.1 ms)
[91,     0] grad_stats: [1.72e-04 1.95e-05] (3.26e-06, 4.14e-04)
[91,   116] loss: 3.510993e-03 masks: 22.1 17.6 [wd: 6.83e-02] [lr: 9.71e-04] [mem: 5.66e+03] (174.2 ms)
[91,   116] grad_stats: [1.20e-04 1.35e-05] (2.21e-06, 1.75e-04)
[91,   232] loss: 3.557856e-03 masks: 22.2 17.4 [wd: 6.86e-02] [lr: 9.70e-04] [mem: 5.66e+03] (174.7 ms)
[91,   232] grad_stats: [1.93e-04 2.23e-05] (3.97e-06, 8.26e-04)
avg. loss 3.55785566e-03
time taken for epoch 0:00:54.422017
Epoch 92
[92,     0] loss: 3.888355e-03 masks: 13.0 20.0 [wd: 6.86e-02] [lr: 9.70e-04] [mem: 5.66e+03] (150.2 ms)
[92,     0] grad_stats: [2.07e-04 2.17e-05] (3.75e-06, 6.57e-04)
[92,   116] loss: 3.617902e-03 masks: 22.4 17.1 [wd: 6.89e-02] [lr: 9.69e-04] [mem: 5.66e+03] (174.2 ms)
[92,   116] grad_stats: [1.09e-04 2.21e-05] (2.57e-06, 3.78e-04)
[92,   232] loss: 3.679687e-03 masks: 21.9 17.2 [wd: 6.92e-02] [lr: 9.69e-04] [mem: 5.66e+03] (173.5 ms)
[92,   232] grad_stats: [1.76e-04 1.69e-05] (3.18e-06, 3.73e-04)
avg. loss 3.67968717e-03
time taken for epoch 0:00:54.184468
Epoch 93
[93,     0] loss: 3.611444e-03 masks: 18.0 20.0 [wd: 6.92e-02] [lr: 9.69e-04] [mem: 5.66e+03] (166.2 ms)
[93,     0] grad_stats: [1.11e-04 1.51e-05] (2.69e-06, 4.01e-04)
[93,   116] loss: 3.754137e-03 masks: 22.1 17.0 [wd: 6.96e-02] [lr: 9.68e-04] [mem: 5.66e+03] (173.3 ms)
[93,   116] grad_stats: [2.42e-04 2.14e-05] (3.63e-06, 2.42e-04)
[93,   232] loss: 3.768042e-03 masks: 22.2 16.9 [wd: 6.99e-02] [lr: 9.68e-04] [mem: 5.66e+03] (173.8 ms)
[93,   232] grad_stats: [1.87e-04 1.94e-05] (2.93e-06, 3.98e-04)
avg. loss 3.76804206e-03
time taken for epoch 0:00:54.265936
Epoch 94
[94,     0] loss: 3.594063e-03 masks: 19.0 20.0 [wd: 6.99e-02] [lr: 9.68e-04] [mem: 5.66e+03] (168.3 ms)
[94,     0] grad_stats: [1.47e-04 1.58e-05] (2.70e-06, 2.54e-04)
[94,   116] loss: 3.775668e-03 masks: 22.1 17.1 [wd: 7.02e-02] [lr: 9.67e-04] [mem: 5.66e+03] (173.3 ms)
[94,   116] grad_stats: [2.65e-04 2.17e-05] (3.81e-06, 3.37e-04)
[94,   232] loss: 3.763605e-03 masks: 22.1 17.2 [wd: 7.05e-02] [lr: 9.66e-04] [mem: 5.66e+03] (173.9 ms)
[94,   232] grad_stats: [2.19e-04 1.96e-05] (3.14e-06, 3.65e-04)
avg. loss 3.76360518e-03
time taken for epoch 0:00:54.228636
Epoch 95
[95,     0] loss: 4.045184e-03 masks: 14.0 20.0 [wd: 7.05e-02] [lr: 9.66e-04] [mem: 5.66e+03] (152.1 ms)
[95,     0] grad_stats: [1.54e-04 1.31e-05] (2.62e-06, 2.12e-04)
[95,   116] loss: 3.843917e-03 masks: 22.5 17.1 [wd: 7.08e-02] [lr: 9.66e-04] [mem: 5.66e+03] (174.5 ms)
[95,   116] grad_stats: [4.16e-04 2.84e-05] (5.13e-06, 6.92e-04)
[95,   232] loss: 3.870288e-03 masks: 22.3 17.2 [wd: 7.11e-02] [lr: 9.65e-04] [mem: 5.66e+03] (174.5 ms)
[95,   232] grad_stats: [1.24e-04 1.49e-05] (3.12e-06, 2.00e-04)
avg. loss 3.87028798e-03
time taken for epoch 0:00:54.400789
Epoch 96
[96,     0] loss: 4.035085e-03 masks: 21.0 16.0 [wd: 7.11e-02] [lr: 9.65e-04] [mem: 5.66e+03] (167.1 ms)
[96,     0] grad_stats: [1.30e-04 1.50e-05] (2.78e-06, 2.14e-04)
[96,   116] loss: 3.862460e-03 masks: 23.1 16.9 [wd: 7.14e-02] [lr: 9.65e-04] [mem: 5.66e+03] (175.9 ms)
[96,   116] grad_stats: [3.87e-04 2.68e-05] (5.01e-06, 5.24e-04)
[96,   232] loss: 3.874575e-03 masks: 22.8 17.0 [wd: 7.18e-02] [lr: 9.64e-04] [mem: 5.66e+03] (175.7 ms)
[96,   232] grad_stats: [8.24e-05 1.98e-05] (2.45e-06, 2.22e-04)
avg. loss 3.87457470e-03
time taken for epoch 0:00:54.682611
Epoch 97
[97,     0] loss: 3.863817e-03 masks: 23.0 16.0 [wd: 7.18e-02] [lr: 9.64e-04] [mem: 5.66e+03] (170.9 ms)
[97,     0] grad_stats: [2.02e-04 1.80e-05] (3.15e-06, 3.32e-04)
[97,   116] loss: 3.872156e-03 masks: 21.2 17.5 [wd: 7.21e-02] [lr: 9.63e-04] [mem: 5.66e+03] (171.7 ms)
[97,   116] grad_stats: [2.73e-04 3.37e-05] (4.51e-06, 9.07e-04)
[97,   232] loss: 3.894693e-03 masks: 21.5 17.3 [wd: 7.24e-02] [lr: 9.63e-04] [mem: 5.66e+03] (172.7 ms)
[97,   232] grad_stats: [1.97e-04 2.64e-05] (3.28e-06, 4.19e-04)
avg. loss 3.89469295e-03
time taken for epoch 0:00:53.820515
Epoch 98
[98,     0] loss: 3.518248e-03 masks: 19.0 20.0 [wd: 7.24e-02] [lr: 9.63e-04] [mem: 5.66e+03] (169.0 ms)
[98,     0] grad_stats: [1.27e-04 1.76e-05] (2.71e-06, 3.94e-04)
[98,   116] loss: 3.899141e-03 masks: 22.4 17.2 [wd: 7.27e-02] [lr: 9.62e-04] [mem: 5.66e+03] (174.4 ms)
[98,   116] grad_stats: [8.79e-05 1.47e-05] (1.92e-06, 1.48e-04)
[98,   232] loss: 3.926942e-03 masks: 22.3 17.3 [wd: 7.31e-02] [lr: 9.61e-04] [mem: 5.66e+03] (174.7 ms)
[98,   232] grad_stats: [2.89e-04 2.39e-05] (2.85e-06, 5.40e-04)
avg. loss 3.92694227e-03
time taken for epoch 0:00:54.478837
Epoch 99
[99,     0] loss: 4.071248e-03 masks: 21.0 16.0 [wd: 7.31e-02] [lr: 9.61e-04] [mem: 5.66e+03] (169.1 ms)
[99,     0] grad_stats: [2.75e-04 2.14e-05] (3.99e-06, 4.21e-04)
[99,   116] loss: 3.956859e-03 masks: 22.8 17.1 [wd: 7.34e-02] [lr: 9.61e-04] [mem: 5.66e+03] (175.4 ms)
[99,   116] grad_stats: [4.47e-04 3.09e-05] (5.45e-06, 1.06e-03)
[99,   232] loss: 3.949808e-03 masks: 22.1 17.3 [wd: 7.37e-02] [lr: 9.60e-04] [mem: 5.66e+03] (174.2 ms)
[99,   232] grad_stats: [1.45e-04 2.18e-05] (2.76e-06, 1.72e-04)
avg. loss 3.94980839e-03
time taken for epoch 0:00:54.986000
Epoch 100
[100,     0] loss: 3.710255e-03 masks: 25.0 16.0 [wd: 7.37e-02] [lr: 9.60e-04] [mem: 5.66e+03] (178.5 ms)
[100,     0] grad_stats: [3.08e-04 2.36e-05] (3.43e-06, 4.64e-04)
[100,   116] loss: 4.049374e-03 masks: 21.6 17.2 [wd: 7.40e-02] [lr: 9.59e-04] [mem: 5.66e+03] (172.1 ms)
[100,   116] grad_stats: [1.85e-04 1.90e-05] (3.34e-06, 3.28e-04)
[100,   232] loss: 4.050096e-03 masks: 21.8 17.2 [wd: 7.44e-02] [lr: 9.59e-04] [mem: 5.66e+03] (173.1 ms)
[100,   232] grad_stats: [2.81e-04 1.87e-05] (4.29e-06, 3.10e-04)
avg. loss 4.05009582e-03
	Epoch 100, KNN accuracy train: 6.85479e-01, KNN accuracy train: 5.39333e-01
time taken for epoch 0:01:36.666115
Epoch 101
[101,     0] loss: 3.492596e-03 masks: 17.0 20.0 [wd: 7.44e-02] [lr: 9.59e-04] [mem: 5.66e+03] (161.2 ms)
[101,     0] grad_stats: [3.11e-04 1.95e-05] (4.13e-06, 3.19e-04)
[101,   116] loss: 3.965973e-03 masks: 22.6 17.2 [wd: 7.47e-02] [lr: 9.58e-04] [mem: 5.66e+03] (174.4 ms)
[101,   116] grad_stats: [1.26e-04 2.71e-05] (4.11e-06, 5.11e-04)
[101,   232] loss: 3.976796e-03 masks: 22.1 17.4 [wd: 7.50e-02] [lr: 9.57e-04] [mem: 5.66e+03] (173.8 ms)
[101,   232] grad_stats: [1.44e-04 1.66e-05] (2.53e-06, 3.53e-04)
avg. loss 3.97679578e-03
time taken for epoch 0:00:54.225324
Epoch 102
[102,     0] loss: 5.360573e-03 masks: 33.0 12.0 [wd: 7.50e-02] [lr: 9.57e-04] [mem: 5.66e+03] (194.0 ms)
[102,     0] grad_stats: [1.90e-04 2.61e-05] (4.07e-06, 3.72e-04)
[102,   116] loss: 4.059521e-03 masks: 22.1 17.3 [wd: 7.54e-02] [lr: 9.57e-04] [mem: 5.66e+03] (173.3 ms)
[102,   116] grad_stats: [1.43e-04 1.80e-05] (2.24e-06, 3.58e-04)
[102,   232] loss: 4.068188e-03 masks: 21.8 17.4 [wd: 7.57e-02] [lr: 9.56e-04] [mem: 5.66e+03] (173.3 ms)
[102,   232] grad_stats: [2.93e-04 2.03e-05] (3.53e-06, 4.00e-04)
avg. loss 4.06818840e-03
time taken for epoch 0:00:54.164075
Epoch 103
[103,     0] loss: 3.296391e-03 masks: 16.0 20.0 [wd: 7.57e-02] [lr: 9.56e-04] [mem: 5.66e+03] (159.3 ms)
[103,     0] grad_stats: [1.85e-04 2.16e-05] (3.63e-06, 3.75e-04)
[103,   116] loss: 4.164974e-03 masks: 22.9 16.9 [wd: 7.61e-02] [lr: 9.55e-04] [mem: 5.66e+03] (175.1 ms)
[103,   116] grad_stats: [2.81e-04 3.28e-05] (5.71e-06, 6.87e-04)
[103,   232] loss: 4.148615e-03 masks: 22.5 17.0 [wd: 7.64e-02] [lr: 9.54e-04] [mem: 5.66e+03] (174.7 ms)
[103,   232] grad_stats: [1.55e-04 2.53e-05] (4.50e-06, 5.87e-04)
avg. loss 4.14861500e-03
time taken for epoch 0:00:54.442288
Epoch 104
[104,     0] loss: 4.118000e-03 masks: 23.0 16.0 [wd: 7.64e-02] [lr: 9.54e-04] [mem: 5.66e+03] (171.1 ms)
[104,     0] grad_stats: [1.62e-04 2.34e-05] (3.77e-06, 4.97e-04)
[104,   116] loss: 4.212185e-03 masks: 21.1 17.4 [wd: 7.67e-02] [lr: 9.54e-04] [mem: 5.66e+03] (171.1 ms)
[104,   116] grad_stats: [1.20e-04 2.02e-05] (3.25e-06, 2.91e-04)
[104,   232] loss: 4.217843e-03 masks: 22.0 17.1 [wd: 7.71e-02] [lr: 9.53e-04] [mem: 5.66e+03] (173.5 ms)
[104,   232] grad_stats: [1.51e-04 1.93e-05] (2.98e-06, 3.50e-04)
avg. loss 4.21784309e-03
time taken for epoch 0:00:54.182892
Epoch 105
[105,     0] loss: 3.838626e-03 masks: 16.0 20.0 [wd: 7.71e-02] [lr: 9.53e-04] [mem: 5.66e+03] (160.6 ms)
[105,     0] grad_stats: [1.08e-04 2.41e-05] (3.57e-06, 3.58e-04)
[105,   116] loss: 4.199887e-03 masks: 21.4 17.4 [wd: 7.74e-02] [lr: 9.52e-04] [mem: 5.66e+03] (172.0 ms)
[105,   116] grad_stats: [2.90e-04 2.54e-05] (3.65e-06, 3.74e-04)
[105,   232] loss: 4.166447e-03 masks: 21.7 17.4 [wd: 7.78e-02] [lr: 9.52e-04] [mem: 5.66e+03] (173.3 ms)
[105,   232] grad_stats: [1.21e-04 1.57e-05] (3.55e-06, 2.33e-04)
avg. loss 4.16644713e-03
time taken for epoch 0:00:54.108435
Epoch 106
[106,     0] loss: 4.057783e-03 masks: 25.0 16.0 [wd: 7.78e-02] [lr: 9.52e-04] [mem: 5.66e+03] (178.2 ms)
[106,     0] grad_stats: [1.30e-04 2.05e-05] (4.47e-06, 4.69e-04)
[106,   116] loss: 4.223396e-03 masks: 21.4 17.4 [wd: 7.81e-02] [lr: 9.51e-04] [mem: 5.66e+03] (171.9 ms)
[106,   116] grad_stats: [1.89e-04 2.60e-05] (5.20e-06, 4.78e-04)
[106,   232] loss: 4.204132e-03 masks: 22.0 17.3 [wd: 7.85e-02] [lr: 9.50e-04] [mem: 5.66e+03] (173.8 ms)
[106,   232] grad_stats: [1.56e-04 2.89e-05] (3.69e-06, 4.17e-04)
avg. loss 4.20413210e-03
time taken for epoch 0:00:54.196756
Epoch 107
[107,     0] loss: 3.713140e-03 masks: 17.0 20.0 [wd: 7.85e-02] [lr: 9.50e-04] [mem: 5.66e+03] (161.1 ms)
[107,     0] grad_stats: [8.16e-05 1.40e-05] (2.58e-06, 3.13e-04)
[107,   116] loss: 4.154114e-03 masks: 21.7 17.4 [wd: 7.88e-02] [lr: 9.49e-04] [mem: 5.66e+03] (172.9 ms)
[107,   116] grad_stats: [1.44e-04 1.62e-05] (2.75e-06, 3.22e-04)
[107,   232] loss: 4.173944e-03 masks: 21.5 17.5 [wd: 7.92e-02] [lr: 9.49e-04] [mem: 5.66e+03] (172.9 ms)
[107,   232] grad_stats: [2.76e-04 1.65e-05] (3.51e-06, 3.29e-04)
avg. loss 4.17394384e-03
time taken for epoch 0:00:54.088695
Epoch 108
[108,     0] loss: 4.142465e-03 masks: 23.0 16.0 [wd: 7.92e-02] [lr: 9.49e-04] [mem: 5.66e+03] (171.7 ms)
[108,     0] grad_stats: [1.68e-04 1.78e-05] (3.65e-06, 3.22e-04)
[108,   116] loss: 4.201652e-03 masks: 22.1 17.3 [wd: 7.95e-02] [lr: 9.48e-04] [mem: 5.66e+03] (173.6 ms)
[108,   116] grad_stats: [1.81e-04 1.58e-05] (3.58e-06, 3.50e-04)
[108,   232] loss: 4.246887e-03 masks: 22.1 17.2 [wd: 7.99e-02] [lr: 9.47e-04] [mem: 5.66e+03] (174.2 ms)
[108,   232] grad_stats: [8.41e-05 1.87e-05] (3.52e-06, 2.61e-04)
avg. loss 4.24688672e-03
time taken for epoch 0:00:54.330242
Epoch 109
[109,     0] loss: 4.502609e-03 masks: 33.0 12.0 [wd: 7.99e-02] [lr: 9.47e-04] [mem: 5.66e+03] (194.3 ms)
[109,     0] grad_stats: [2.53e-04 2.63e-05] (5.18e-06, 5.25e-04)
[109,   116] loss: 4.332674e-03 masks: 20.7 17.7 [wd: 8.02e-02] [lr: 9.46e-04] [mem: 5.66e+03] (170.5 ms)
[109,   116] grad_stats: [1.58e-04 2.20e-05] (2.75e-06, 4.02e-04)
[109,   232] loss: 4.335265e-03 masks: 21.7 17.3 [wd: 8.06e-02] [lr: 9.46e-04] [mem: 5.66e+03] (173.0 ms)
[109,   232] grad_stats: [1.36e-04 2.17e-05] (5.02e-06, 6.48e-04)
avg. loss 4.33526503e-03
time taken for epoch 0:00:54.003233
Epoch 110
[110,     0] loss: 5.330461e-03 masks: 35.0 12.0 [wd: 8.06e-02] [lr: 9.46e-04] [mem: 5.66e+03] (199.3 ms)
[110,     0] grad_stats: [2.22e-04 3.28e-05] (6.57e-06, 8.78e-04)
[110,   116] loss: 4.425247e-03 masks: 21.9 17.2 [wd: 8.09e-02] [lr: 9.45e-04] [mem: 5.66e+03] (173.1 ms)
[110,   116] grad_stats: [3.37e-04 1.76e-05] (3.73e-06, 3.45e-04)
[110,   232] loss: 4.397621e-03 masks: 21.8 17.3 [wd: 8.13e-02] [lr: 9.44e-04] [mem: 5.66e+03] (173.4 ms)
[110,   232] grad_stats: [1.05e-04 1.78e-05] (3.19e-06, 4.12e-04)
avg. loss 4.39762106e-03
time taken for epoch 0:00:54.106234
Epoch 111
[111,     0] loss: 5.012046e-03 masks: 20.0 16.0 [wd: 8.13e-02] [lr: 9.44e-04] [mem: 5.66e+03] (163.7 ms)
[111,     0] grad_stats: [1.17e-04 2.19e-05] (4.59e-06, 3.38e-04)
[111,   116] loss: 4.424210e-03 masks: 22.2 17.1 [wd: 8.17e-02] [lr: 9.43e-04] [mem: 5.66e+03] (173.8 ms)
[111,   116] grad_stats: [8.37e-05 1.28e-05] (3.08e-06, 1.99e-04)
[111,   232] loss: 4.423455e-03 masks: 22.0 17.3 [wd: 8.20e-02] [lr: 9.42e-04] [mem: 5.66e+03] (174.1 ms)
[111,   232] grad_stats: [1.45e-04 1.93e-05] (4.06e-06, 3.08e-04)
avg. loss 4.42345472e-03
time taken for epoch 0:00:54.261257
Epoch 112
[112,     0] loss: 4.253183e-03 masks: 23.0 16.0 [wd: 8.20e-02] [lr: 9.42e-04] [mem: 5.66e+03] (169.7 ms)
[112,     0] grad_stats: [1.95e-04 2.13e-05] (4.35e-06, 3.31e-04)
[112,   116] loss: 4.460622e-03 masks: 21.9 17.2 [wd: 8.24e-02] [lr: 9.42e-04] [mem: 5.66e+03] (173.0 ms)
[112,   116] grad_stats: [1.24e-04 1.76e-05] (3.75e-06, 3.74e-04)
[112,   232] loss: 4.436184e-03 masks: 22.2 17.2 [wd: 8.28e-02] [lr: 9.41e-04] [mem: 5.66e+03] (174.4 ms)
[112,   232] grad_stats: [2.60e-04 2.52e-05] (4.89e-06, 6.39e-04)
avg. loss 4.43618399e-03
time taken for epoch 0:00:54.362239
Epoch 113
[113,     0] loss: 4.424251e-03 masks: 17.0 16.0 [wd: 8.28e-02] [lr: 9.41e-04] [mem: 5.66e+03] (155.7 ms)
[113,     0] grad_stats: [1.15e-04 1.85e-05] (3.08e-06, 4.08e-04)
[113,   116] loss: 4.481353e-03 masks: 22.2 17.1 [wd: 8.31e-02] [lr: 9.40e-04] [mem: 5.66e+03] (173.7 ms)
[113,   116] grad_stats: [1.43e-04 1.93e-05] (4.83e-06, 4.17e-04)
[113,   232] loss: 4.455768e-03 masks: 22.1 17.2 [wd: 8.35e-02] [lr: 9.39e-04] [mem: 5.66e+03] (174.3 ms)
[113,   232] grad_stats: [2.08e-04 2.74e-05] (4.39e-06, 4.89e-04)
avg. loss 4.45576835e-03
time taken for epoch 0:00:54.365549
Epoch 114
[114,     0] loss: 4.347450e-03 masks: 24.0 16.0 [wd: 8.35e-02] [lr: 9.39e-04] [mem: 5.66e+03] (175.8 ms)
[114,     0] grad_stats: [1.48e-04 1.94e-05] (3.74e-06, 4.64e-04)
[114,   116] loss: 4.462962e-03 masks: 21.8 17.4 [wd: 8.39e-02] [lr: 9.38e-04] [mem: 5.66e+03] (173.1 ms)
[114,   116] grad_stats: [1.21e-04 2.06e-05] (4.49e-06, 3.54e-04)
[114,   232] loss: 4.460227e-03 masks: 22.2 17.3 [wd: 8.42e-02] [lr: 9.38e-04] [mem: 5.66e+03] (174.5 ms)
[114,   232] grad_stats: [1.01e-04 2.30e-05] (4.00e-06, 5.54e-04)
avg. loss 4.46022716e-03
time taken for epoch 0:00:54.389586
Epoch 115
[115,     0] loss: 4.969627e-03 masks: 21.0 16.0 [wd: 8.42e-02] [lr: 9.38e-04] [mem: 5.66e+03] (168.9 ms)
[115,     0] grad_stats: [1.53e-04 2.46e-05] (4.86e-06, 6.75e-04)
[115,   116] loss: 4.550175e-03 masks: 21.4 17.4 [wd: 8.46e-02] [lr: 9.37e-04] [mem: 5.66e+03] (172.1 ms)
[115,   116] grad_stats: [1.27e-04 2.10e-05] (2.78e-06, 5.62e-04)
[115,   232] loss: 4.516607e-03 masks: 21.6 17.5 [wd: 8.50e-02] [lr: 9.36e-04] [mem: 5.66e+03] (173.1 ms)
[115,   232] grad_stats: [1.62e-04 2.26e-05] (4.02e-06, 3.62e-04)
avg. loss 4.51660652e-03
time taken for epoch 0:00:54.147571
Epoch 116
[116,     0] loss: 4.124175e-03 masks: 16.0 20.0 [wd: 8.50e-02] [lr: 9.36e-04] [mem: 5.66e+03] (159.0 ms)
[116,     0] grad_stats: [7.86e-05 1.82e-05] (2.49e-06, 3.82e-04)
[116,   116] loss: 4.512266e-03 masks: 22.7 17.0 [wd: 8.54e-02] [lr: 9.35e-04] [mem: 5.66e+03] (175.2 ms)
[116,   116] grad_stats: [1.24e-04 1.72e-05] (3.41e-06, 3.56e-04)
[116,   232] loss: 4.533112e-03 masks: 22.3 17.2 [wd: 8.57e-02] [lr: 9.34e-04] [mem: 5.66e+03] (174.7 ms)
[116,   232] grad_stats: [1.27e-04 1.58e-05] (3.49e-06, 2.70e-04)
avg. loss 4.53311224e-03
time taken for epoch 0:00:54.525183
Epoch 117
[117,     0] loss: 4.420361e-03 masks: 18.0 20.0 [wd: 8.57e-02] [lr: 9.34e-04] [mem: 5.66e+03] (165.5 ms)
[117,     0] grad_stats: [1.64e-04 1.64e-05] (4.09e-06, 2.46e-04)
[117,   116] loss: 4.620665e-03 masks: 21.8 17.2 [wd: 8.61e-02] [lr: 9.33e-04] [mem: 5.66e+03] (172.7 ms)
[117,   116] grad_stats: [3.26e-04 2.52e-05] (5.49e-06, 3.91e-04)
[117,   232] loss: 4.589538e-03 masks: 22.1 17.2 [wd: 8.65e-02] [lr: 9.33e-04] [mem: 5.66e+03] (174.1 ms)
[117,   232] grad_stats: [1.00e-04 2.34e-05] (3.44e-06, 8.24e-04)
avg. loss 4.58953780e-03
time taken for epoch 0:00:54.327308
Epoch 118
[118,     0] loss: 5.173928e-03 masks: 20.0 16.0 [wd: 8.65e-02] [lr: 9.33e-04] [mem: 5.66e+03] (165.8 ms)
[118,     0] grad_stats: [1.38e-04 2.06e-05] (3.40e-06, 4.44e-04)
[118,   116] loss: 4.655882e-03 masks: 21.4 17.5 [wd: 8.69e-02] [lr: 9.32e-04] [mem: 5.66e+03] (171.9 ms)
[118,   116] grad_stats: [1.58e-04 1.75e-05] (3.03e-06, 2.78e-04)
[118,   232] loss: 4.628824e-03 masks: 21.5 17.5 [wd: 8.72e-02] [lr: 9.31e-04] [mem: 5.66e+03] (172.8 ms)
[118,   232] grad_stats: [3.66e-04 2.01e-05] (4.39e-06, 4.09e-04)
avg. loss 4.62882386e-03
time taken for epoch 0:00:54.055604
Epoch 119
[119,     0] loss: 4.184109e-03 masks: 27.0 16.0 [wd: 8.73e-02] [lr: 9.31e-04] [mem: 5.66e+03] (185.0 ms)
[119,     0] grad_stats: [1.95e-04 1.59e-05] (3.66e-06, 2.78e-04)
[119,   116] loss: 4.610660e-03 masks: 22.0 17.3 [wd: 8.76e-02] [lr: 9.30e-04] [mem: 5.66e+03] (173.6 ms)
[119,   116] grad_stats: [2.25e-04 2.56e-05] (3.81e-06, 3.55e-04)
[119,   232] loss: 4.552076e-03 masks: 22.1 17.4 [wd: 8.80e-02] [lr: 9.29e-04] [mem: 5.66e+03] (174.3 ms)
[119,   232] grad_stats: [2.62e-04 1.67e-05] (3.46e-06, 5.17e-04)
avg. loss 4.55207638e-03
time taken for epoch 0:00:54.376148
Epoch 120
[120,     0] loss: 4.091983e-03 masks: 19.0 20.0 [wd: 8.80e-02] [lr: 9.29e-04] [mem: 5.66e+03] (168.1 ms)
[120,     0] grad_stats: [3.19e-04 1.92e-05] (5.12e-06, 4.65e-04)
[120,   116] loss: 4.678015e-03 masks: 21.4 17.2 [wd: 8.84e-02] [lr: 9.28e-04] [mem: 5.66e+03] (171.7 ms)
[120,   116] grad_stats: [1.14e-04 2.30e-05] (5.08e-06, 5.58e-04)
[120,   232] loss: 4.709404e-03 masks: 22.1 17.0 [wd: 8.88e-02] [lr: 9.27e-04] [mem: 5.66e+03] (173.8 ms)
[120,   232] grad_stats: [2.06e-04 1.86e-05] (4.20e-06, 4.96e-04)
avg. loss 4.70940438e-03
time taken for epoch 0:00:54.226163
Epoch 121
[121,     0] loss: 4.513711e-03 masks: 19.0 20.0 [wd: 8.88e-02] [lr: 9.27e-04] [mem: 5.66e+03] (169.5 ms)
[121,     0] grad_stats: [8.92e-05 1.45e-05] (3.84e-06, 2.57e-04)
[121,   116] loss: 4.632606e-03 masks: 22.2 17.2 [wd: 8.92e-02] [lr: 9.26e-04] [mem: 5.66e+03] (174.0 ms)
[121,   116] grad_stats: [2.18e-04 2.57e-05] (5.82e-06, 7.79e-04)
[121,   232] loss: 4.654937e-03 masks: 22.4 17.0 [wd: 8.96e-02] [lr: 9.26e-04] [mem: 5.66e+03] (174.9 ms)
[121,   232] grad_stats: [9.79e-05 1.98e-05] (3.65e-06, 3.19e-04)
avg. loss 4.65493694e-03
time taken for epoch 0:00:54.491424
Epoch 122
[122,     0] loss: 4.184257e-03 masks: 19.0 20.0 [wd: 8.96e-02] [lr: 9.25e-04] [mem: 5.66e+03] (167.3 ms)
[122,     0] grad_stats: [1.10e-04 1.44e-05] (3.20e-06, 2.32e-04)
[122,   116] loss: 4.707317e-03 masks: 21.9 17.2 [wd: 9.00e-02] [lr: 9.25e-04] [mem: 5.66e+03] (173.1 ms)
[122,   116] grad_stats: [1.50e-04 2.32e-05] (5.53e-06, 6.67e-04)
[122,   232] loss: 4.682602e-03 masks: 22.0 17.2 [wd: 9.03e-02] [lr: 9.24e-04] [mem: 5.66e+03] (174.0 ms)
[122,   232] grad_stats: [1.01e-04 1.98e-05] (4.43e-06, 2.76e-04)
avg. loss 4.68260163e-03
time taken for epoch 0:00:54.235057
Epoch 123
[123,     0] loss: 4.900769e-03 masks: 23.0 16.0 [wd: 9.03e-02] [lr: 9.24e-04] [mem: 5.66e+03] (172.5 ms)
[123,     0] grad_stats: [1.76e-04 1.86e-05] (4.33e-06, 6.48e-04)
[123,   116] loss: 4.566526e-03 masks: 21.9 17.4 [wd: 9.07e-02] [lr: 9.23e-04] [mem: 5.66e+03] (173.4 ms)
[123,   116] grad_stats: [1.72e-04 1.76e-05] (3.87e-06, 4.48e-04)
[123,   232] loss: 4.641367e-03 masks: 21.8 17.3 [wd: 9.11e-02] [lr: 9.22e-04] [mem: 5.66e+03] (173.6 ms)
[123,   232] grad_stats: [1.74e-04 2.82e-05] (4.74e-06, 9.04e-04)
avg. loss 4.64136675e-03
time taken for epoch 0:00:54.056353
Epoch 124
[124,     0] loss: 4.363451e-03 masks: 26.0 16.0 [wd: 9.11e-02] [lr: 9.22e-04] [mem: 5.66e+03] (182.8 ms)
[124,     0] grad_stats: [1.13e-04 2.18e-05] (4.20e-06, 3.33e-04)
[124,   116] loss: 4.710688e-03 masks: 21.9 17.3 [wd: 9.15e-02] [lr: 9.21e-04] [mem: 5.66e+03] (173.2 ms)
[124,   116] grad_stats: [8.19e-05 1.77e-05] (4.13e-06, 3.51e-04)
[124,   232] loss: 4.697255e-03 masks: 22.0 17.3 [wd: 9.19e-02] [lr: 9.20e-04] [mem: 5.66e+03] (173.9 ms)
[124,   232] grad_stats: [7.04e-05 1.57e-05] (3.52e-06, 2.71e-04)
avg. loss 4.69725496e-03
time taken for epoch 0:00:54.228346
Epoch 125
[125,     0] loss: 5.448976e-03 masks: 33.0 12.0 [wd: 9.19e-02] [lr: 9.20e-04] [mem: 5.66e+03] (194.9 ms)
[125,     0] grad_stats: [2.51e-04 2.25e-05] (6.09e-06, 2.92e-04)
[125,   116] loss: 4.745089e-03 masks: 21.8 17.2 [wd: 9.23e-02] [lr: 9.19e-04] [mem: 5.66e+03] (172.8 ms)
[125,   116] grad_stats: [2.54e-04 2.15e-05] (4.46e-06, 4.59e-04)
[125,   232] loss: 4.723840e-03 masks: 21.4 17.5 [wd: 9.27e-02] [lr: 9.18e-04] [mem: 5.66e+03] (172.4 ms)
[125,   232] grad_stats: [1.59e-04 2.19e-05] (3.78e-06, 4.58e-04)
avg. loss 4.72383963e-03
time taken for epoch 0:00:53.825427
Epoch 126
[126,     0] loss: 4.775470e-03 masks: 26.0 16.0 [wd: 9.27e-02] [lr: 9.18e-04] [mem: 5.66e+03] (181.9 ms)
[126,     0] grad_stats: [1.27e-04 2.25e-05] (4.41e-06, 7.09e-04)
[126,   116] loss: 4.709498e-03 masks: 22.1 17.3 [wd: 9.31e-02] [lr: 9.17e-04] [mem: 5.66e+03] (173.8 ms)
[126,   116] grad_stats: [3.37e-04 2.49e-05] (6.26e-06, 6.63e-04)
[126,   232] loss: 4.712000e-03 masks: 22.0 17.3 [wd: 9.35e-02] [lr: 9.16e-04] [mem: 5.66e+03] (174.0 ms)
[126,   232] grad_stats: [2.00e-04 1.32e-05] (3.05e-06, 2.43e-04)
avg. loss 4.71199987e-03
time taken for epoch 0:00:54.303846
Epoch 127
[127,     0] loss: 5.914513e-03 masks: 20.0 16.0 [wd: 9.35e-02] [lr: 9.16e-04] [mem: 5.66e+03] (164.1 ms)
[127,     0] grad_stats: [1.65e-04 1.71e-05] (4.11e-06, 3.20e-04)
[127,   116] loss: 4.786606e-03 masks: 22.5 17.1 [wd: 9.39e-02] [lr: 9.15e-04] [mem: 5.66e+03] (174.6 ms)
[127,   116] grad_stats: [7.90e-05 2.17e-05] (4.83e-06, 3.25e-04)
[127,   232] loss: 4.769032e-03 masks: 21.9 17.3 [wd: 9.43e-02] [lr: 9.14e-04] [mem: 5.66e+03] (173.6 ms)
[127,   232] grad_stats: [8.61e-05 1.53e-05] (3.82e-06, 2.08e-04)
avg. loss 4.76903220e-03
time taken for epoch 0:00:54.093623
Epoch 128
[128,     0] loss: 5.209605e-03 masks: 13.0 20.0 [wd: 9.43e-02] [lr: 9.14e-04] [mem: 5.66e+03] (151.2 ms)
[128,     0] grad_stats: [7.21e-05 1.95e-05] (4.02e-06, 2.86e-04)
[128,   116] loss: 4.761107e-03 masks: 22.6 17.1 [wd: 9.47e-02] [lr: 9.13e-04] [mem: 5.66e+03] (175.0 ms)
[128,   116] grad_stats: [1.63e-04 1.81e-05] (4.40e-06, 4.41e-04)
[128,   232] loss: 4.761311e-03 masks: 21.9 17.4 [wd: 9.51e-02] [lr: 9.12e-04] [mem: 5.66e+03] (173.9 ms)
[128,   232] grad_stats: [1.39e-04 1.64e-05] (3.46e-06, 2.33e-04)
avg. loss 4.76131056e-03
time taken for epoch 0:00:54.204610
Epoch 129
[129,     0] loss: 4.218821e-03 masks: 17.0 20.0 [wd: 9.51e-02] [lr: 9.12e-04] [mem: 5.66e+03] (163.1 ms)
[129,     0] grad_stats: [1.34e-04 1.86e-05] (3.27e-06, 3.67e-04)
[129,   116] loss: 4.738305e-03 masks: 21.3 17.6 [wd: 9.56e-02] [lr: 9.12e-04] [mem: 5.66e+03] (172.2 ms)
[129,   116] grad_stats: [1.19e-04 1.86e-05] (2.72e-06, 3.85e-04)
[129,   232] loss: 4.786011e-03 masks: 21.3 17.5 [wd: 9.60e-02] [lr: 9.11e-04] [mem: 5.66e+03] (172.5 ms)
[129,   232] grad_stats: [1.92e-04 2.03e-05] (3.54e-06, 3.63e-04)
avg. loss 4.78601072e-03
time taken for epoch 0:00:53.926770
Epoch 130
[130,     0] loss: 4.030479e-03 masks: 20.0 20.0 [wd: 9.60e-02] [lr: 9.11e-04] [mem: 5.66e+03] (171.4 ms)
[130,     0] grad_stats: [1.88e-04 1.53e-05] (3.88e-06, 3.31e-04)
[130,   116] loss: 4.758790e-03 masks: 22.0 17.3 [wd: 9.64e-02] [lr: 9.10e-04] [mem: 5.66e+03] (173.8 ms)
[130,   116] grad_stats: [8.60e-05 1.57e-05] (3.97e-06, 3.04e-04)
[130,   232] loss: 4.814760e-03 masks: 22.0 17.2 [wd: 9.68e-02] [lr: 9.09e-04] [mem: 5.66e+03] (174.0 ms)
[130,   232] grad_stats: [8.21e-05 2.25e-05] (3.86e-06, 4.21e-04)
avg. loss 4.81476029e-03
time taken for epoch 0:00:54.116855
Epoch 131
[131,     0] loss: 4.904621e-03 masks: 25.0 16.0 [wd: 9.68e-02] [lr: 9.09e-04] [mem: 5.66e+03] (179.4 ms)
[131,     0] grad_stats: [1.13e-04 1.99e-05] (4.17e-06, 3.02e-04)
[131,   116] loss: 4.831930e-03 masks: 22.1 17.2 [wd: 9.72e-02] [lr: 9.08e-04] [mem: 5.66e+03] (173.7 ms)
[131,   116] grad_stats: [1.68e-04 1.96e-05] (3.63e-06, 4.42e-04)
[131,   232] loss: 4.813189e-03 masks: 22.1 17.2 [wd: 9.76e-02] [lr: 9.07e-04] [mem: 5.66e+03] (174.4 ms)
[131,   232] grad_stats: [3.09e-04 2.92e-05] (4.41e-06, 9.04e-04)
avg. loss 4.81318890e-03
time taken for epoch 0:00:54.414222
Epoch 132
[132,     0] loss: 5.367770e-03 masks: 17.0 16.0 [wd: 9.76e-02] [lr: 9.07e-04] [mem: 5.66e+03] (156.3 ms)
[132,     0] grad_stats: [1.06e-04 1.84e-05] (3.73e-06, 4.12e-04)
[132,   116] loss: 4.739022e-03 masks: 21.7 17.6 [wd: 9.80e-02] [lr: 9.06e-04] [mem: 5.66e+03] (173.4 ms)
[132,   116] grad_stats: [9.43e-05 2.04e-05] (3.83e-06, 3.55e-04)
[132,   232] loss: 4.731107e-03 masks: 21.8 17.5 [wd: 9.84e-02] [lr: 9.05e-04] [mem: 5.66e+03] (173.8 ms)
[132,   232] grad_stats: [2.99e-04 2.10e-05] (5.29e-06, 5.88e-04)
avg. loss 4.73110731e-03
time taken for epoch 0:00:54.088569
Epoch 133
[133,     0] loss: 4.687920e-03 masks: 16.0 20.0 [wd: 9.84e-02] [lr: 9.05e-04] [mem: 5.66e+03] (158.1 ms)
[133,     0] grad_stats: [4.89e-05 2.18e-05] (3.02e-06, 4.03e-04)
[133,   116] loss: 4.772139e-03 masks: 20.9 17.8 [wd: 9.89e-02] [lr: 9.04e-04] [mem: 5.66e+03] (171.2 ms)
[133,   116] grad_stats: [2.10e-04 2.76e-05] (5.44e-06, 7.97e-04)
[133,   232] loss: 4.800967e-03 masks: 21.7 17.4 [wd: 9.93e-02] [lr: 9.03e-04] [mem: 5.66e+03] (173.5 ms)
[133,   232] grad_stats: [7.00e-05 1.92e-05] (4.55e-06, 6.08e-04)
avg. loss 4.80096679e-03
time taken for epoch 0:00:54.139319
Epoch 134
[134,     0] loss: 5.178985e-03 masks: 21.0 16.0 [wd: 9.93e-02] [lr: 9.03e-04] [mem: 5.66e+03] (168.0 ms)
[134,     0] grad_stats: [1.25e-04 1.88e-05] (3.90e-06, 2.73e-04)
[134,   116] loss: 4.798406e-03 masks: 23.4 16.8 [wd: 9.97e-02] [lr: 9.02e-04] [mem: 5.66e+03] (176.7 ms)
[134,   116] grad_stats: [1.24e-04 2.11e-05] (5.86e-06, 6.70e-04)
[134,   232] loss: 4.801127e-03 masks: 22.2 17.2 [wd: 1.00e-01] [lr: 9.01e-04] [mem: 5.66e+03] (174.5 ms)
[134,   232] grad_stats: [1.89e-04 1.95e-05] (4.83e-06, 4.07e-04)
avg. loss 4.80112684e-03
time taken for epoch 0:00:54.360310
Epoch 135
[135,     0] loss: 4.066367e-03 masks: 19.0 20.0 [wd: 1.00e-01] [lr: 9.01e-04] [mem: 5.66e+03] (169.9 ms)
[135,     0] grad_stats: [7.69e-05 1.49e-05] (3.91e-06, 2.80e-04)
[135,   116] loss: 4.828808e-03 masks: 22.5 17.1 [wd: 1.01e-01] [lr: 9.00e-04] [mem: 5.66e+03] (175.0 ms)
[135,   116] grad_stats: [9.34e-05 2.00e-05] (5.43e-06, 4.55e-04)
[135,   232] loss: 4.811920e-03 masks: 22.1 17.4 [wd: 1.01e-01] [lr: 8.99e-04] [mem: 5.66e+03] (174.5 ms)
[135,   232] grad_stats: [2.02e-04 1.84e-05] (4.53e-06, 4.88e-04)
avg. loss 4.81191969e-03
time taken for epoch 0:00:54.249836
Epoch 136
[136,     0] loss: 5.582641e-03 masks: 35.0 12.0 [wd: 1.01e-01] [lr: 8.98e-04] [mem: 5.66e+03] (198.9 ms)
[136,     0] grad_stats: [6.30e-04 2.80e-05] (7.71e-06, 8.01e-04)
[136,   116] loss: 4.793568e-03 masks: 22.4 17.4 [wd: 1.01e-01] [lr: 8.97e-04] [mem: 5.66e+03] (174.9 ms)
[136,   116] grad_stats: [1.18e-04 1.82e-05] (4.86e-06, 5.99e-04)
[136,   232] loss: 4.805989e-03 masks: 22.2 17.3 [wd: 1.02e-01] [lr: 8.96e-04] [mem: 5.66e+03] (174.7 ms)
[136,   232] grad_stats: [2.44e-04 2.16e-05] (5.01e-06, 4.79e-04)
avg. loss 4.80598868e-03
time taken for epoch 0:00:54.394494
Epoch 137
[137,     0] loss: 4.892258e-03 masks: 25.0 16.0 [wd: 1.02e-01] [lr: 8.96e-04] [mem: 5.66e+03] (179.1 ms)
[137,     0] grad_stats: [1.04e-04 2.24e-05] (4.32e-06, 3.91e-04)
[137,   116] loss: 4.884746e-03 masks: 22.2 17.3 [wd: 1.02e-01] [lr: 8.95e-04] [mem: 5.66e+03] (174.3 ms)
[137,   116] grad_stats: [1.58e-04 1.83e-05] (4.77e-06, 3.10e-04)
[137,   232] loss: 4.912897e-03 masks: 22.3 17.2 [wd: 1.03e-01] [lr: 8.94e-04] [mem: 5.66e+03] (174.8 ms)
[137,   232] grad_stats: [8.17e-05 1.93e-05] (3.08e-06, 5.38e-04)
avg. loss 4.91289668e-03
time taken for epoch 0:00:54.320687
Epoch 138
[138,     0] loss: 4.240172e-03 masks: 17.0 20.0 [wd: 1.03e-01] [lr: 8.94e-04] [mem: 5.66e+03] (162.4 ms)
[138,     0] grad_stats: [7.84e-05 1.34e-05] (3.10e-06, 2.46e-04)
[138,   116] loss: 4.869945e-03 masks: 22.1 17.2 [wd: 1.03e-01] [lr: 8.93e-04] [mem: 5.66e+03] (173.7 ms)
[138,   116] grad_stats: [2.17e-04 2.72e-05] (5.83e-06, 8.09e-04)
[138,   232] loss: 4.895607e-03 masks: 21.7 17.4 [wd: 1.04e-01] [lr: 8.92e-04] [mem: 5.66e+03] (173.3 ms)
[138,   232] grad_stats: [1.02e-04 2.89e-05] (6.61e-06, 7.18e-04)
avg. loss 4.89560659e-03
time taken for epoch 0:00:54.106877
Epoch 139
[139,     0] loss: 5.162792e-03 masks: 21.0 16.0 [wd: 1.04e-01] [lr: 8.92e-04] [mem: 5.66e+03] (169.1 ms)
[139,     0] grad_stats: [1.05e-04 2.46e-05] (6.70e-06, 5.19e-04)
[139,   116] loss: 4.906976e-03 masks: 21.9 17.2 [wd: 1.04e-01] [lr: 8.91e-04] [mem: 5.66e+03] (173.1 ms)
[139,   116] grad_stats: [9.66e-05 2.10e-05] (6.19e-06, 5.41e-04)
[139,   232] loss: 4.908197e-03 masks: 21.6 17.3 [wd: 1.04e-01] [lr: 8.90e-04] [mem: 5.66e+03] (172.9 ms)
[139,   232] grad_stats: [8.31e-05 2.19e-05] (4.91e-06, 4.44e-04)
avg. loss 4.90819680e-03
time taken for epoch 0:00:54.011090
Epoch 140
[140,     0] loss: 4.653158e-03 masks: 24.0 16.0 [wd: 1.04e-01] [lr: 8.90e-04] [mem: 5.66e+03] (176.3 ms)
[140,     0] grad_stats: [2.46e-04 1.76e-05] (4.75e-06, 5.61e-04)
[140,   116] loss: 4.924867e-03 masks: 22.1 17.2 [wd: 1.05e-01] [lr: 8.89e-04] [mem: 5.66e+03] (173.7 ms)
[140,   116] grad_stats: [1.56e-04 1.92e-05] (4.58e-06, 3.74e-04)
[140,   232] loss: 4.953197e-03 masks: 22.2 17.1 [wd: 1.05e-01] [lr: 8.88e-04] [mem: 5.66e+03] (174.4 ms)
[140,   232] grad_stats: [3.45e-04 2.17e-05] (6.73e-06, 5.26e-04)
avg. loss 4.95319663e-03
time taken for epoch 0:00:54.318755
Epoch 141
[141,     0] loss: 5.071464e-03 masks: 23.0 16.0 [wd: 1.05e-01] [lr: 8.88e-04] [mem: 5.66e+03] (172.4 ms)
[141,     0] grad_stats: [1.56e-04 2.16e-05] (4.53e-06, 3.85e-04)
[141,   116] loss: 4.978628e-03 masks: 21.5 17.3 [wd: 1.06e-01] [lr: 8.87e-04] [mem: 5.66e+03] (172.1 ms)
[141,   116] grad_stats: [1.32e-04 2.14e-05] (5.07e-06, 4.78e-04)
[141,   232] loss: 4.941528e-03 masks: 21.6 17.4 [wd: 1.06e-01] [lr: 8.86e-04] [mem: 5.66e+03] (173.1 ms)
[141,   232] grad_stats: [1.96e-04 1.98e-05] (4.83e-06, 4.26e-04)
avg. loss 4.94152802e-03
time taken for epoch 0:00:54.055750
Epoch 142
[142,     0] loss: 3.855950e-03 masks: 19.0 20.0 [wd: 1.06e-01] [lr: 8.86e-04] [mem: 5.66e+03] (168.9 ms)
[142,     0] grad_stats: [8.43e-05 1.54e-05] (4.24e-06, 2.42e-04)
[142,   116] loss: 4.900524e-03 masks: 22.3 17.3 [wd: 1.07e-01] [lr: 8.85e-04] [mem: 5.66e+03] (174.4 ms)
[142,   116] grad_stats: [9.42e-05 1.36e-05] (3.72e-06, 2.90e-04)
[142,   232] loss: 4.939576e-03 masks: 22.1 17.2 [wd: 1.07e-01] [lr: 8.84e-04] [mem: 5.66e+03] (174.1 ms)
[142,   232] grad_stats: [8.80e-05 1.64e-05] (3.69e-06, 5.81e-04)
avg. loss 4.93957609e-03
time taken for epoch 0:00:54.259343
Epoch 143
[143,     0] loss: 5.146522e-03 masks: 36.0 12.0 [wd: 1.07e-01] [lr: 8.84e-04] [mem: 5.66e+03] (203.8 ms)
[143,     0] grad_stats: [1.59e-04 2.78e-05] (5.41e-06, 7.63e-04)
[143,   116] loss: 4.958241e-03 masks: 22.2 17.3 [wd: 1.07e-01] [lr: 8.83e-04] [mem: 5.66e+03] (174.6 ms)
[143,   116] grad_stats: [2.61e-04 2.03e-05] (5.44e-06, 4.84e-04)
[143,   232] loss: 4.979327e-03 masks: 22.1 17.2 [wd: 1.08e-01] [lr: 8.81e-04] [mem: 5.66e+03] (174.3 ms)
[143,   232] grad_stats: [1.77e-04 1.96e-05] (4.54e-06, 3.70e-04)
avg. loss 4.97932729e-03
time taken for epoch 0:00:54.382757
Epoch 144
[144,     0] loss: 5.759262e-03 masks: 17.0 16.0 [wd: 1.08e-01] [lr: 8.81e-04] [mem: 5.66e+03] (158.3 ms)
[144,     0] grad_stats: [7.79e-05 1.82e-05] (4.62e-06, 3.04e-04)
[144,   116] loss: 4.892064e-03 masks: 21.6 17.5 [wd: 1.08e-01] [lr: 8.80e-04] [mem: 5.66e+03] (172.7 ms)
[144,   116] grad_stats: [6.68e-05 1.20e-05] (3.63e-06, 2.87e-04)
[144,   232] loss: 4.958816e-03 masks: 21.9 17.3 [wd: 1.09e-01] [lr: 8.79e-04] [mem: 5.66e+03] (174.0 ms)
[144,   232] grad_stats: [4.32e-04 2.66e-05] (6.55e-06, 5.17e-04)
avg. loss 4.95881639e-03
time taken for epoch 0:00:54.130850
Epoch 145
[145,     0] loss: 5.884275e-03 masks: 33.0 12.0 [wd: 1.09e-01] [lr: 8.79e-04] [mem: 5.66e+03] (192.0 ms)
[145,     0] grad_stats: [3.45e-04 2.74e-05] (7.52e-06, 6.80e-04)
[145,   116] loss: 4.953260e-03 masks: 22.2 17.3 [wd: 1.09e-01] [lr: 8.78e-04] [mem: 5.66e+03] (174.3 ms)
[145,   116] grad_stats: [1.75e-04 3.42e-05] (6.13e-06, 1.10e-03)
[145,   232] loss: 4.916855e-03 masks: 22.0 17.5 [wd: 1.10e-01] [lr: 8.77e-04] [mem: 5.66e+03] (174.3 ms)
[145,   232] grad_stats: [1.25e-04 1.59e-05] (4.53e-06, 3.39e-04)
avg. loss 4.91685490e-03
time taken for epoch 0:00:54.317864
Epoch 146
[146,     0] loss: 5.106437e-03 masks: 23.0 16.0 [wd: 1.10e-01] [lr: 8.77e-04] [mem: 5.66e+03] (171.7 ms)
[146,     0] grad_stats: [2.79e-04 1.82e-05] (5.79e-06, 7.59e-04)
[146,   116] loss: 4.980845e-03 masks: 21.7 17.3 [wd: 1.10e-01] [lr: 8.76e-04] [mem: 5.66e+03] (172.8 ms)
[146,   116] grad_stats: [1.22e-04 1.55e-05] (4.02e-06, 4.69e-04)
[146,   232] loss: 4.998930e-03 masks: 22.7 17.0 [wd: 1.11e-01] [lr: 8.75e-04] [mem: 5.66e+03] (175.4 ms)
[146,   232] grad_stats: [9.78e-05 1.81e-05] (4.22e-06, 3.59e-04)
avg. loss 4.99893042e-03
time taken for epoch 0:00:54.490553
Epoch 147
[147,     0] loss: 5.852531e-03 masks: 33.0 12.0 [wd: 1.11e-01] [lr: 8.75e-04] [mem: 5.66e+03] (194.1 ms)
[147,     0] grad_stats: [1.92e-04 4.48e-05] (9.64e-06, 1.28e-03)
[147,   116] loss: 5.048178e-03 masks: 23.3 16.7 [wd: 1.11e-01] [lr: 8.74e-04] [mem: 5.66e+03] (176.5 ms)
[147,   116] grad_stats: [2.16e-04 1.91e-05] (3.57e-06, 3.13e-04)
[147,   232] loss: 5.005031e-03 masks: 22.3 17.1 [wd: 1.11e-01] [lr: 8.72e-04] [mem: 5.66e+03] (174.7 ms)
[147,   232] grad_stats: [9.77e-05 2.05e-05] (4.75e-06, 7.89e-04)
avg. loss 5.00503089e-03
time taken for epoch 0:00:54.437244
Epoch 148
[148,     0] loss: 4.040696e-03 masks: 23.0 20.0 [wd: 1.11e-01] [lr: 8.72e-04] [mem: 5.66e+03] (177.9 ms)
[148,     0] grad_stats: [5.84e-05 2.86e-05] (5.95e-06, 6.24e-04)
[148,   116] loss: 5.001385e-03 masks: 22.5 17.2 [wd: 1.12e-01] [lr: 8.71e-04] [mem: 5.66e+03] (174.8 ms)
[148,   116] grad_stats: [8.84e-05 2.33e-05] (6.21e-06, 7.47e-04)
[148,   232] loss: 5.021905e-03 masks: 22.2 17.2 [wd: 1.12e-01] [lr: 8.70e-04] [mem: 5.66e+03] (174.4 ms)
[148,   232] grad_stats: [2.17e-04 1.83e-05] (3.45e-06, 5.26e-04)
avg. loss 5.02190490e-03
time taken for epoch 0:00:54.260491
Epoch 149
[149,     0] loss: 6.448277e-03 masks: 33.0 12.0 [wd: 1.12e-01] [lr: 8.70e-04] [mem: 5.66e+03] (194.3 ms)
[149,     0] grad_stats: [8.73e-05 2.98e-05] (6.76e-06, 4.79e-04)
[149,   116] loss: 4.996892e-03 masks: 22.1 17.4 [wd: 1.13e-01] [lr: 8.69e-04] [mem: 5.66e+03] (174.2 ms)
[149,   116] grad_stats: [5.70e-05 2.62e-05] (6.24e-06, 4.15e-04)
[149,   232] loss: 4.973882e-03 masks: 21.9 17.4 [wd: 1.13e-01] [lr: 8.68e-04] [mem: 5.66e+03] (174.1 ms)
[149,   232] grad_stats: [9.47e-05 2.23e-05] (5.69e-06, 6.99e-04)
avg. loss 4.97388184e-03
time taken for epoch 0:00:54.209655
Epoch 150
[150,     0] loss: 4.710442e-03 masks: 15.0 20.0 [wd: 1.13e-01] [lr: 8.68e-04] [mem: 5.66e+03] (154.7 ms)
[150,     0] grad_stats: [1.97e-04 1.75e-05] (5.09e-06, 5.45e-04)
[150,   116] loss: 5.050684e-03 masks: 22.3 17.1 [wd: 1.14e-01] [lr: 8.67e-04] [mem: 5.66e+03] (174.3 ms)
[150,   116] grad_stats: [1.30e-04 2.28e-05] (4.98e-06, 4.42e-04)
[150,   232] loss: 5.039131e-03 masks: 22.1 17.2 [wd: 1.14e-01] [lr: 8.66e-04] [mem: 5.66e+03] (174.2 ms)
[150,   232] grad_stats: [2.60e-04 2.75e-05] (6.84e-06, 9.46e-04)
avg. loss 5.03913116e-03
time taken for epoch 0:00:54.179209
Epoch 151
[151,     0] loss: 4.402087e-03 masks: 16.0 20.0 [wd: 1.14e-01] [lr: 8.66e-04] [mem: 5.66e+03] (159.7 ms)
[151,     0] grad_stats: [8.14e-05 1.93e-05] (5.44e-06, 4.73e-04)
[151,   116] loss: 5.065654e-03 masks: 22.2 17.2 [wd: 1.15e-01] [lr: 8.64e-04] [mem: 5.66e+03] (174.1 ms)
[151,   116] grad_stats: [1.09e-04 2.42e-05] (6.34e-06, 6.82e-04)
[151,   232] loss: 5.111878e-03 masks: 22.3 17.0 [wd: 1.15e-01] [lr: 8.63e-04] [mem: 5.66e+03] (174.8 ms)
[151,   232] grad_stats: [2.08e-04 3.17e-05] (6.75e-06, 1.09e-03)
avg. loss 5.11187832e-03
time taken for epoch 0:00:54.426575
Epoch 152
[152,     0] loss: 4.890035e-03 masks: 17.0 20.0 [wd: 1.15e-01] [lr: 8.63e-04] [mem: 5.66e+03] (162.7 ms)
[152,     0] grad_stats: [1.38e-04 1.98e-05] (5.25e-06, 3.35e-04)
[152,   116] loss: 5.144647e-03 masks: 22.9 16.9 [wd: 1.16e-01] [lr: 8.62e-04] [mem: 5.66e+03] (175.5 ms)
[152,   116] grad_stats: [1.60e-04 2.96e-05] (6.02e-06, 9.99e-04)
[152,   232] loss: 5.117393e-03 masks: 22.3 17.2 [wd: 1.16e-01] [lr: 8.61e-04] [mem: 5.66e+03] (174.8 ms)
[152,   232] grad_stats: [1.22e-04 1.84e-05] (3.90e-06, 3.66e-04)
avg. loss 5.11739321e-03
time taken for epoch 0:00:54.441275
Epoch 153
[153,     0] loss: 6.449117e-03 masks: 33.0 12.0 [wd: 1.16e-01] [lr: 8.61e-04] [mem: 5.66e+03] (195.5 ms)
[153,     0] grad_stats: [4.55e-04 3.74e-05] (9.30e-06, 8.22e-04)
[153,   116] loss: 5.076419e-03 masks: 21.7 17.5 [wd: 1.17e-01] [lr: 8.60e-04] [mem: 5.66e+03] (173.1 ms)
[153,   116] grad_stats: [5.28e-05 1.93e-05] (3.85e-06, 4.62e-04)
[153,   232] loss: 5.105779e-03 masks: 21.9 17.3 [wd: 1.17e-01] [lr: 8.58e-04] [mem: 5.66e+03] (173.9 ms)
[153,   232] grad_stats: [7.76e-05 2.40e-05] (5.35e-06, 3.17e-04)
avg. loss 5.10577947e-03
time taken for epoch 0:00:54.270281
Epoch 154
[154,     0] loss: 5.792597e-03 masks: 23.0 16.0 [wd: 1.17e-01] [lr: 8.58e-04] [mem: 5.66e+03] (172.7 ms)
[154,     0] grad_stats: [9.25e-05 2.94e-05] (7.68e-06, 8.24e-04)
[154,   116] loss: 5.031830e-03 masks: 21.4 17.7 [wd: 1.17e-01] [lr: 8.57e-04] [mem: 5.66e+03] (172.4 ms)
[154,   116] grad_stats: [1.20e-04 2.48e-05] (5.72e-06, 4.95e-04)
[154,   232] loss: 5.074466e-03 masks: 22.2 17.2 [wd: 1.18e-01] [lr: 8.56e-04] [mem: 5.66e+03] (174.5 ms)
[154,   232] grad_stats: [1.00e-04 2.05e-05] (5.08e-06, 6.13e-04)
avg. loss 5.07446633e-03
time taken for epoch 0:00:54.316156
Epoch 155
[155,     0] loss: 5.181146e-03 masks: 26.0 16.0 [wd: 1.18e-01] [lr: 8.56e-04] [mem: 5.66e+03] (182.9 ms)
[155,     0] grad_stats: [2.49e-04 2.45e-05] (7.07e-06, 5.54e-04)
[155,   116] loss: 5.136124e-03 masks: 22.6 16.9 [wd: 1.18e-01] [lr: 8.55e-04] [mem: 5.66e+03] (174.7 ms)
[155,   116] grad_stats: [9.47e-05 1.76e-05] (4.50e-06, 3.39e-04)
[155,   232] loss: 5.125912e-03 masks: 22.4 17.0 [wd: 1.19e-01] [lr: 8.54e-04] [mem: 5.66e+03] (174.8 ms)
[155,   232] grad_stats: [2.19e-04 2.87e-05] (6.87e-06, 8.36e-04)
avg. loss 5.12591235e-03
time taken for epoch 0:00:54.466575
Epoch 156
[156,     0] loss: 5.026055e-03 masks: 25.0 16.0 [wd: 1.19e-01] [lr: 8.54e-04] [mem: 5.66e+03] (178.1 ms)
[156,     0] grad_stats: [1.35e-04 2.40e-05] (6.26e-06, 5.36e-04)
[156,   116] loss: 5.132887e-03 masks: 22.6 17.1 [wd: 1.19e-01] [lr: 8.52e-04] [mem: 5.66e+03] (174.9 ms)
[156,   116] grad_stats: [1.55e-04 2.22e-05] (4.73e-06, 4.24e-04)
[156,   232] loss: 5.148509e-03 masks: 22.2 17.2 [wd: 1.20e-01] [lr: 8.51e-04] [mem: 5.66e+03] (174.4 ms)
[156,   232] grad_stats: [6.70e-05 2.27e-05] (7.47e-06, 4.85e-04)
avg. loss 5.14850899e-03
time taken for epoch 0:00:54.394541
Epoch 157
[157,     0] loss: 4.655886e-03 masks: 17.0 20.0 [wd: 1.20e-01] [lr: 8.51e-04] [mem: 5.66e+03] (162.1 ms)
[157,     0] grad_stats: [1.26e-04 2.67e-05] (5.48e-06, 2.50e-04)
[157,   116] loss: 5.018417e-03 masks: 21.4 17.6 [wd: 1.20e-01] [lr: 8.50e-04] [mem: 5.66e+03] (172.2 ms)
[157,   116] grad_stats: [1.01e-04 2.31e-05] (6.20e-06, 5.36e-04)
[157,   232] loss: 5.036503e-03 masks: 21.5 17.5 [wd: 1.21e-01] [lr: 8.49e-04] [mem: 5.66e+03] (173.0 ms)
[157,   232] grad_stats: [1.87e-04 1.72e-05] (4.14e-06, 4.50e-04)
avg. loss 5.03650299e-03
time taken for epoch 0:00:54.088007
Epoch 158
[158,     0] loss: 4.820811e-03 masks: 24.0 16.0 [wd: 1.21e-01] [lr: 8.49e-04] [mem: 5.66e+03] (175.8 ms)
[158,     0] grad_stats: [1.47e-04 1.85e-05] (4.87e-06, 5.15e-04)
[158,   116] loss: 5.110723e-03 masks: 22.2 17.2 [wd: 1.21e-01] [lr: 8.48e-04] [mem: 5.66e+03] (174.0 ms)
[158,   116] grad_stats: [1.81e-04 2.99e-05] (5.53e-06, 1.10e-03)
[158,   232] loss: 5.073859e-03 masks: 22.0 17.3 [wd: 1.22e-01] [lr: 8.46e-04] [mem: 5.66e+03] (174.0 ms)
[158,   232] grad_stats: [8.44e-05 2.68e-05] (7.41e-06, 6.11e-04)
avg. loss 5.07385859e-03
time taken for epoch 0:00:54.264707
Epoch 159
[159,     0] loss: 4.450952e-03 masks: 20.0 20.0 [wd: 1.22e-01] [lr: 8.46e-04] [mem: 5.66e+03] (170.1 ms)
[159,     0] grad_stats: [1.87e-04 2.73e-05] (5.99e-06, 5.61e-04)
[159,   116] loss: 5.072754e-03 masks: 21.5 17.5 [wd: 1.22e-01] [lr: 8.45e-04] [mem: 5.66e+03] (172.6 ms)
[159,   116] grad_stats: [1.92e-04 3.92e-05] (8.63e-06, 1.15e-03)
[159,   232] loss: 5.094286e-03 masks: 22.0 17.3 [wd: 1.23e-01] [lr: 8.44e-04] [mem: 5.66e+03] (174.2 ms)
[159,   232] grad_stats: [1.57e-04 2.06e-05] (5.64e-06, 4.93e-04)
avg. loss 5.09428597e-03
time taken for epoch 0:00:54.169134
Epoch 160
[160,     0] loss: 5.726658e-03 masks: 24.0 16.0 [wd: 1.23e-01] [lr: 8.44e-04] [mem: 5.66e+03] (176.1 ms)
[160,     0] grad_stats: [1.06e-04 2.01e-05] (5.58e-06, 4.12e-04)
[160,   116] loss: 5.122040e-03 masks: 22.8 17.1 [wd: 1.23e-01] [lr: 8.43e-04] [mem: 5.66e+03] (175.6 ms)
[160,   116] grad_stats: [7.75e-05 1.66e-05] (4.50e-06, 4.05e-04)
[160,   232] loss: 5.165030e-03 masks: 22.6 17.0 [wd: 1.24e-01] [lr: 8.41e-04] [mem: 5.66e+03] (175.4 ms)
[160,   232] grad_stats: [1.67e-04 2.67e-05] (5.90e-06, 4.17e-04)
avg. loss 5.16502979e-03
time taken for epoch 0:00:54.644105
Epoch 161
[161,     0] loss: 5.748724e-03 masks: 23.0 16.0 [wd: 1.24e-01] [lr: 8.41e-04] [mem: 5.66e+03] (171.4 ms)
[161,     0] grad_stats: [1.33e-04 2.10e-05] (5.54e-06, 5.08e-04)
[161,   116] loss: 5.090144e-03 masks: 21.3 17.6 [wd: 1.24e-01] [lr: 8.40e-04] [mem: 5.66e+03] (172.3 ms)
[161,   116] grad_stats: [1.93e-04 3.35e-05] (1.03e-05, 9.96e-04)
[161,   232] loss: 5.137442e-03 masks: 21.7 17.4 [wd: 1.25e-01] [lr: 8.39e-04] [mem: 5.66e+03] (173.5 ms)
[161,   232] grad_stats: [8.73e-05 2.28e-05] (5.57e-06, 4.23e-04)
avg. loss 5.13744193e-03
time taken for epoch 0:00:54.180992
Epoch 162
[162,     0] loss: 5.113430e-03 masks: 26.0 16.0 [wd: 1.25e-01] [lr: 8.39e-04] [mem: 5.66e+03] (182.0 ms)
[162,     0] grad_stats: [1.69e-04 3.21e-05] (7.06e-06, 7.28e-04)
[162,   116] loss: 5.184930e-03 masks: 21.2 17.3 [wd: 1.25e-01] [lr: 8.38e-04] [mem: 5.66e+03] (171.7 ms)
[162,   116] grad_stats: [1.77e-04 2.97e-05] (7.76e-06, 5.47e-04)
[162,   232] loss: 5.148469e-03 masks: 21.7 17.3 [wd: 1.25e-01] [lr: 8.36e-04] [mem: 5.66e+03] (173.4 ms)
[162,   232] grad_stats: [4.73e-04 3.57e-05] (9.08e-06, 9.23e-04)
avg. loss 5.14846907e-03
time taken for epoch 0:00:54.127436
Epoch 163
[163,     0] loss: 5.037704e-03 masks: 24.0 16.0 [wd: 1.25e-01] [lr: 8.36e-04] [mem: 5.66e+03] (176.7 ms)
[163,     0] grad_stats: [9.60e-05 2.57e-05] (6.53e-06, 2.93e-04)
[163,   116] loss: 5.099172e-03 masks: 21.9 17.6 [wd: 1.26e-01] [lr: 8.35e-04] [mem: 5.66e+03] (173.8 ms)
[163,   116] grad_stats: [6.47e-05 2.03e-05] (5.31e-06, 2.71e-04)
[163,   232] loss: 5.137923e-03 masks: 22.1 17.3 [wd: 1.26e-01] [lr: 8.34e-04] [mem: 5.66e+03] (174.4 ms)
[163,   232] grad_stats: [1.38e-04 2.45e-05] (5.27e-06, 4.93e-04)
avg. loss 5.13792286e-03
time taken for epoch 0:00:54.380137
Epoch 164
[164,     0] loss: 4.409974e-03 masks: 21.0 20.0 [wd: 1.26e-01] [lr: 8.34e-04] [mem: 5.66e+03] (173.1 ms)
[164,     0] grad_stats: [1.79e-04 1.91e-05] (5.50e-06, 3.71e-04)
[164,   116] loss: 5.080481e-03 masks: 21.7 17.5 [wd: 1.27e-01] [lr: 8.33e-04] [mem: 5.66e+03] (173.2 ms)
[164,   116] grad_stats: [2.00e-04 2.28e-05] (6.05e-06, 5.01e-04)
[164,   232] loss: 5.147303e-03 masks: 21.4 17.5 [wd: 1.27e-01] [lr: 8.31e-04] [mem: 5.66e+03] (172.9 ms)
[164,   232] grad_stats: [1.57e-04 2.06e-05] (4.66e-06, 3.63e-04)
avg. loss 5.14730258e-03
time taken for epoch 0:00:54.074918
Epoch 165
[165,     0] loss: 5.242354e-03 masks: 25.0 16.0 [wd: 1.27e-01] [lr: 8.31e-04] [mem: 5.66e+03] (179.0 ms)
[165,     0] grad_stats: [1.13e-04 2.04e-05] (5.88e-06, 4.09e-04)
[165,   116] loss: 5.055745e-03 masks: 21.6 17.6 [wd: 1.28e-01] [lr: 8.30e-04] [mem: 5.66e+03] (173.4 ms)
[165,   116] grad_stats: [1.16e-04 2.09e-05] (4.98e-06, 3.39e-04)
[165,   232] loss: 5.096879e-03 masks: 21.6 17.5 [wd: 1.28e-01] [lr: 8.29e-04] [mem: 5.66e+03] (173.5 ms)
[165,   232] grad_stats: [7.32e-05 2.59e-05] (6.72e-06, 7.59e-04)
avg. loss 5.09687940e-03
time taken for epoch 0:00:54.156592
Epoch 166
[166,     0] loss: 4.438191e-03 masks: 21.0 20.0 [wd: 1.28e-01] [lr: 8.29e-04] [mem: 5.66e+03] (172.3 ms)
[166,     0] grad_stats: [1.41e-04 2.07e-05] (5.32e-06, 5.89e-04)
[166,   116] loss: 5.218995e-03 masks: 23.1 16.7 [wd: 1.29e-01] [lr: 8.27e-04] [mem: 5.66e+03] (176.1 ms)
[166,   116] grad_stats: [1.75e-04 3.88e-05] (8.17e-06, 1.41e-03)
[166,   232] loss: 5.221383e-03 masks: 22.5 16.9 [wd: 1.29e-01] [lr: 8.26e-04] [mem: 5.66e+03] (175.1 ms)
[166,   232] grad_stats: [7.96e-05 3.06e-05] (6.12e-06, 5.67e-04)
avg. loss 5.22138317e-03
time taken for epoch 0:00:54.392416
Epoch 167
[167,     0] loss: 5.402628e-03 masks: 25.0 16.0 [wd: 1.29e-01] [lr: 8.26e-04] [mem: 5.66e+03] (176.7 ms)
[167,     0] grad_stats: [6.99e-05 1.65e-05] (6.33e-06, 3.16e-04)
[167,   116] loss: 5.201255e-03 masks: 21.9 17.2 [wd: 1.30e-01] [lr: 8.25e-04] [mem: 5.66e+03] (173.2 ms)
[167,   116] grad_stats: [1.24e-04 2.13e-05] (5.67e-06, 3.23e-04)
[167,   232] loss: 5.173640e-03 masks: 21.8 17.2 [wd: 1.30e-01] [lr: 8.24e-04] [mem: 5.66e+03] (173.5 ms)
[167,   232] grad_stats: [9.25e-05 2.51e-05] (5.28e-06, 2.98e-04)
avg. loss 5.17364014e-03
time taken for epoch 0:00:54.130398
Epoch 168
[168,     0] loss: 4.290635e-03 masks: 23.0 20.0 [wd: 1.30e-01] [lr: 8.24e-04] [mem: 5.66e+03] (177.7 ms)
[168,     0] grad_stats: [7.00e-05 2.02e-05] (4.51e-06, 3.46e-04)
[168,   116] loss: 5.118833e-03 masks: 21.9 17.6 [wd: 1.31e-01] [lr: 8.22e-04] [mem: 5.66e+03] (173.8 ms)
[168,   116] grad_stats: [1.74e-04 2.30e-05] (5.95e-06, 5.43e-04)
[168,   232] loss: 5.173750e-03 masks: 22.0 17.4 [wd: 1.31e-01] [lr: 8.21e-04] [mem: 5.66e+03] (174.2 ms)
[168,   232] grad_stats: [1.32e-04 2.25e-05] (4.16e-06, 3.57e-04)
avg. loss 5.17375027e-03
time taken for epoch 0:00:54.289950
Epoch 169
[169,     0] loss: 5.100254e-03 masks: 16.0 20.0 [wd: 1.31e-01] [lr: 8.21e-04] [mem: 5.66e+03] (161.2 ms)
[169,     0] grad_stats: [1.31e-04 1.78e-05] (4.38e-06, 3.09e-04)
[169,   116] loss: 5.270213e-03 masks: 21.9 17.2 [wd: 1.32e-01] [lr: 8.20e-04] [mem: 5.66e+03] (173.2 ms)
[169,   116] grad_stats: [9.08e-05 2.38e-05] (4.96e-06, 5.93e-04)
[169,   232] loss: 5.225508e-03 masks: 22.0 17.2 [wd: 1.32e-01] [lr: 8.18e-04] [mem: 5.66e+03] (174.0 ms)
[169,   232] grad_stats: [9.18e-05 2.21e-05] (6.78e-06, 3.42e-04)
avg. loss 5.22550777e-03
time taken for epoch 0:00:54.355511
Epoch 170
[170,     0] loss: 5.266744e-03 masks: 26.0 16.0 [wd: 1.32e-01] [lr: 8.18e-04] [mem: 5.66e+03] (182.2 ms)
[170,     0] grad_stats: [1.11e-04 2.42e-05] (6.82e-06, 3.46e-04)
[170,   116] loss: 5.248580e-03 masks: 22.5 17.0 [wd: 1.33e-01] [lr: 8.17e-04] [mem: 5.66e+03] (174.7 ms)
[170,   116] grad_stats: [7.27e-05 2.53e-05] (6.46e-06, 7.70e-04)
[170,   232] loss: 5.206943e-03 masks: 21.9 17.4 [wd: 1.33e-01] [lr: 8.16e-04] [mem: 5.66e+03] (173.9 ms)
[170,   232] grad_stats: [3.13e-04 2.77e-05] (6.64e-06, 7.64e-04)
avg. loss 5.20694294e-03
time taken for epoch 0:00:54.192752
Epoch 171
[171,     0] loss: 4.819104e-03 masks: 25.0 16.0 [wd: 1.33e-01] [lr: 8.16e-04] [mem: 5.66e+03] (178.6 ms)
[171,     0] grad_stats: [1.33e-04 2.78e-05] (7.08e-06, 7.94e-04)
[171,   116] loss: 5.281393e-03 masks: 22.8 16.8 [wd: 1.34e-01] [lr: 8.14e-04] [mem: 5.66e+03] (175.0 ms)
[171,   116] grad_stats: [2.63e-04 3.03e-05] (9.69e-06, 5.67e-04)
[171,   232] loss: 5.256612e-03 masks: 22.6 16.9 [wd: 1.34e-01] [lr: 8.13e-04] [mem: 5.66e+03] (175.1 ms)
[171,   232] grad_stats: [3.24e-04 2.67e-05] (6.93e-06, 5.36e-04)
avg. loss 5.25661171e-03
time taken for epoch 0:00:54.484952
Epoch 172
[172,     0] loss: 5.020392e-03 masks: 17.0 20.0 [wd: 1.34e-01] [lr: 8.13e-04] [mem: 5.66e+03] (162.3 ms)
[172,     0] grad_stats: [1.71e-04 2.14e-05] (5.98e-06, 3.58e-04)
[172,   116] loss: 5.245181e-03 masks: 21.8 17.3 [wd: 1.35e-01] [lr: 8.12e-04] [mem: 5.66e+03] (173.1 ms)
[172,   116] grad_stats: [1.57e-04 2.01e-05] (5.52e-06, 3.41e-04)
[172,   232] loss: 5.192337e-03 masks: 21.6 17.5 [wd: 1.35e-01] [lr: 8.10e-04] [mem: 5.66e+03] (173.2 ms)
[172,   232] grad_stats: [1.92e-04 5.46e-05] (8.97e-06, 2.08e-03)
avg. loss 5.19233695e-03
time taken for epoch 0:00:54.067439
Epoch 173
[173,     0] loss: 4.939018e-03 masks: 16.0 20.0 [wd: 1.35e-01] [lr: 8.10e-04] [mem: 5.66e+03] (159.2 ms)
[173,     0] grad_stats: [8.65e-05 2.24e-05] (5.35e-06, 4.74e-04)
[173,   116] loss: 5.232976e-03 masks: 22.4 17.1 [wd: 1.36e-01] [lr: 8.09e-04] [mem: 5.66e+03] (174.7 ms)
[173,   116] grad_stats: [9.51e-05 2.40e-05] (6.75e-06, 5.70e-04)
[173,   232] loss: 5.196384e-03 masks: 22.1 17.3 [wd: 1.36e-01] [lr: 8.08e-04] [mem: 5.66e+03] (174.4 ms)
[173,   232] grad_stats: [7.59e-05 1.87e-05] (5.38e-06, 2.60e-04)
avg. loss 5.19638372e-03
time taken for epoch 0:00:54.313031
Epoch 174
[174,     0] loss: 4.047244e-03 masks: 18.0 20.0 [wd: 1.36e-01] [lr: 8.08e-04] [mem: 5.66e+03] (166.6 ms)
[174,     0] grad_stats: [1.50e-04 2.17e-05] (5.49e-06, 4.50e-04)
[174,   116] loss: 5.244771e-03 masks: 21.8 17.3 [wd: 1.37e-01] [lr: 8.06e-04] [mem: 5.66e+03] (173.2 ms)
[174,   116] grad_stats: [1.38e-04 2.48e-05] (7.07e-06, 4.97e-04)
[174,   232] loss: 5.255925e-03 masks: 21.7 17.3 [wd: 1.37e-01] [lr: 8.05e-04] [mem: 5.66e+03] (173.3 ms)
[174,   232] grad_stats: [1.13e-04 2.62e-05] (5.20e-06, 5.12e-04)
avg. loss 5.25592539e-03
time taken for epoch 0:00:54.118699
Epoch 175
[175,     0] loss: 4.907116e-03 masks: 16.0 20.0 [wd: 1.37e-01] [lr: 8.05e-04] [mem: 5.66e+03] (160.2 ms)
[175,     0] grad_stats: [1.66e-04 2.28e-05] (5.26e-06, 5.55e-04)
[175,   116] loss: 5.219911e-03 masks: 22.1 17.3 [wd: 1.38e-01] [lr: 8.04e-04] [mem: 5.66e+03] (174.0 ms)
[175,   116] grad_stats: [1.64e-04 2.59e-05] (7.21e-06, 4.84e-04)
[175,   232] loss: 5.238124e-03 masks: 22.1 17.3 [wd: 1.38e-01] [lr: 8.02e-04] [mem: 5.66e+03] (174.3 ms)
[175,   232] grad_stats: [9.97e-05 3.71e-05] (7.60e-06, 3.97e-04)
avg. loss 5.23812404e-03
time taken for epoch 0:00:54.408681
Epoch 176
[176,     0] loss: 4.732877e-03 masks: 18.0 20.0 [wd: 1.38e-01] [lr: 8.02e-04] [mem: 5.66e+03] (166.5 ms)
[176,     0] grad_stats: [1.01e-04 1.75e-05] (5.38e-06, 2.95e-04)
[176,   116] loss: 5.171190e-03 masks: 22.1 17.3 [wd: 1.39e-01] [lr: 8.01e-04] [mem: 5.66e+03] (174.1 ms)
[176,   116] grad_stats: [1.40e-04 2.64e-05] (8.04e-06, 4.31e-04)
[176,   232] loss: 5.196495e-03 masks: 22.3 17.2 [wd: 1.39e-01] [lr: 8.00e-04] [mem: 5.66e+03] (174.8 ms)
[176,   232] grad_stats: [1.08e-04 2.44e-05] (7.04e-06, 6.75e-04)
avg. loss 5.19649495e-03
time taken for epoch 0:00:54.418054
Epoch 177
[177,     0] loss: 5.798267e-03 masks: 21.0 16.0 [wd: 1.39e-01] [lr: 8.00e-04] [mem: 5.66e+03] (167.7 ms)
[177,     0] grad_stats: [7.27e-05 3.30e-05] (8.09e-06, 5.35e-04)
[177,   116] loss: 5.242020e-03 masks: 22.0 17.3 [wd: 1.40e-01] [lr: 7.98e-04] [mem: 5.66e+03] (173.7 ms)
[177,   116] grad_stats: [3.52e-04 3.77e-05] (7.26e-06, 1.43e-03)
[177,   232] loss: 5.231010e-03 masks: 21.9 17.3 [wd: 1.40e-01] [lr: 7.97e-04] [mem: 5.66e+03] (173.9 ms)
[177,   232] grad_stats: [1.11e-04 3.18e-05] (7.50e-06, 1.17e-03)
avg. loss 5.23101039e-03
time taken for epoch 0:00:54.253766
Epoch 178
[178,     0] loss: 5.245539e-03 masks: 21.0 16.0 [wd: 1.40e-01] [lr: 7.97e-04] [mem: 5.66e+03] (165.7 ms)
[178,     0] grad_stats: [1.07e-04 2.61e-05] (7.62e-06, 4.59e-04)
[178,   116] loss: 5.218334e-03 masks: 22.7 17.0 [wd: 1.41e-01] [lr: 7.95e-04] [mem: 5.66e+03] (175.3 ms)
[178,   116] grad_stats: [9.90e-05 2.99e-05] (5.84e-06, 7.08e-04)
[178,   232] loss: 5.168173e-03 masks: 22.0 17.4 [wd: 1.41e-01] [lr: 7.94e-04] [mem: 5.66e+03] (174.2 ms)
[178,   232] grad_stats: [9.09e-05 1.97e-05] (5.55e-06, 4.35e-04)
avg. loss 5.16817333e-03
time taken for epoch 0:00:54.299264
Epoch 179
[179,     0] loss: 4.837624e-03 masks: 17.0 20.0 [wd: 1.41e-01] [lr: 7.94e-04] [mem: 5.66e+03] (160.3 ms)
[179,     0] grad_stats: [4.77e-05 1.81e-05] (5.46e-06, 5.45e-04)
[179,   116] loss: 5.121927e-03 masks: 20.9 17.9 [wd: 1.42e-01] [lr: 7.93e-04] [mem: 5.66e+03] (171.6 ms)
[179,   116] grad_stats: [1.35e-04 3.11e-05] (7.22e-06, 5.44e-04)
[179,   232] loss: 5.173760e-03 masks: 21.5 17.6 [wd: 1.42e-01] [lr: 7.91e-04] [mem: 5.66e+03] (173.3 ms)
[179,   232] grad_stats: [4.11e-04 4.15e-05] (8.55e-06, 1.64e-03)
avg. loss 5.17376043e-03
time taken for epoch 0:00:53.984651
Epoch 180
[180,     0] loss: 5.430162e-03 masks: 23.0 16.0 [wd: 1.42e-01] [lr: 7.91e-04] [mem: 5.66e+03] (171.6 ms)
[180,     0] grad_stats: [3.05e-04 3.07e-05] (7.52e-06, 6.45e-04)
[180,   116] loss: 5.218218e-03 masks: 21.4 17.6 [wd: 1.43e-01] [lr: 7.90e-04] [mem: 5.66e+03] (172.3 ms)
[180,   116] grad_stats: [8.79e-05 2.58e-05] (5.54e-06, 2.91e-04)
[180,   232] loss: 5.268487e-03 masks: 21.4 17.4 [wd: 1.43e-01] [lr: 7.89e-04] [mem: 5.66e+03] (172.7 ms)
[180,   232] grad_stats: [1.61e-04 2.06e-05] (5.46e-06, 3.89e-04)
avg. loss 5.26848686e-03
time taken for epoch 0:00:53.980531
Epoch 181
[181,     0] loss: 4.862143e-03 masks: 25.0 16.0 [wd: 1.43e-01] [lr: 7.89e-04] [mem: 5.66e+03] (179.3 ms)
[181,     0] grad_stats: [1.39e-04 2.88e-05] (7.69e-06, 1.11e-03)
[181,   116] loss: 5.281676e-03 masks: 21.4 17.4 [wd: 1.44e-01] [lr: 7.87e-04] [mem: 5.66e+03] (171.9 ms)
[181,   116] grad_stats: [9.12e-05 2.57e-05] (6.50e-06, 6.24e-04)
[181,   232] loss: 5.263724e-03 masks: 21.7 17.3 [wd: 1.44e-01] [lr: 7.86e-04] [mem: 5.66e+03] (173.3 ms)
[181,   232] grad_stats: [1.21e-04 2.73e-05] (6.74e-06, 1.02e-03)
avg. loss 5.26372443e-03
time taken for epoch 0:00:54.103132
Epoch 182
[182,     0] loss: 5.051937e-03 masks: 27.0 16.0 [wd: 1.44e-01] [lr: 7.86e-04] [mem: 5.66e+03] (183.6 ms)
[182,     0] grad_stats: [1.49e-04 2.65e-05] (7.84e-06, 5.02e-04)
[182,   116] loss: 5.210776e-03 masks: 22.5 17.4 [wd: 1.45e-01] [lr: 7.84e-04] [mem: 5.66e+03] (175.3 ms)
[182,   116] grad_stats: [1.23e-04 3.31e-05] (5.83e-06, 5.55e-04)
[182,   232] loss: 5.183847e-03 masks: 22.2 17.5 [wd: 1.45e-01] [lr: 7.83e-04] [mem: 5.66e+03] (175.0 ms)
[182,   232] grad_stats: [1.68e-04 4.32e-05] (7.96e-06, 1.77e-03)
avg. loss 5.18384697e-03
time taken for epoch 0:00:54.512779
Epoch 183
[183,     0] loss: 4.714778e-03 masks: 18.0 20.0 [wd: 1.45e-01] [lr: 7.83e-04] [mem: 5.66e+03] (165.7 ms)
[183,     0] grad_stats: [4.54e-05 2.15e-05] (5.77e-06, 5.38e-04)
[183,   116] loss: 5.183022e-03 masks: 21.2 17.6 [wd: 1.46e-01] [lr: 7.82e-04] [mem: 5.66e+03] (172.1 ms)
[183,   116] grad_stats: [1.72e-04 2.56e-05] (6.73e-06, 3.33e-04)
[183,   232] loss: 5.221265e-03 masks: 21.5 17.5 [wd: 1.46e-01] [lr: 7.80e-04] [mem: 5.66e+03] (173.1 ms)
[183,   232] grad_stats: [9.30e-05 2.70e-05] (7.39e-06, 4.96e-04)
avg. loss 5.22126477e-03
time taken for epoch 0:00:54.091211
Epoch 184
[184,     0] loss: 4.924044e-03 masks: 21.0 20.0 [wd: 1.46e-01] [lr: 7.80e-04] [mem: 5.66e+03] (173.3 ms)
[184,     0] grad_stats: [4.48e-05 1.99e-05] (5.48e-06, 3.61e-04)
[184,   116] loss: 5.321134e-03 masks: 21.7 17.3 [wd: 1.47e-01] [lr: 7.79e-04] [mem: 5.66e+03] (172.8 ms)
[184,   116] grad_stats: [7.11e-05 3.10e-05] (6.55e-06, 7.28e-04)
[184,   232] loss: 5.285507e-03 masks: 21.6 17.4 [wd: 1.47e-01] [lr: 7.77e-04] [mem: 5.66e+03] (173.2 ms)
[184,   232] grad_stats: [5.69e-05 2.68e-05] (1.01e-05, 5.24e-04)
avg. loss 5.28550704e-03
time taken for epoch 0:00:54.051915
Epoch 185
[185,     0] loss: 5.931435e-03 masks: 34.0 12.0 [wd: 1.47e-01] [lr: 7.77e-04] [mem: 5.66e+03] (196.8 ms)
[185,     0] grad_stats: [7.72e-05 2.95e-05] (7.01e-06, 7.75e-04)
[185,   116] loss: 5.350476e-03 masks: 22.2 17.0 [wd: 1.48e-01] [lr: 7.76e-04] [mem: 5.66e+03] (173.8 ms)
[185,   116] grad_stats: [1.81e-04 2.76e-05] (8.53e-06, 6.07e-04)
[185,   232] loss: 5.339138e-03 masks: 22.4 17.0 [wd: 1.49e-01] [lr: 7.74e-04] [mem: 5.66e+03] (174.7 ms)
[185,   232] grad_stats: [1.47e-04 3.22e-05] (7.33e-06, 3.46e-04)
avg. loss 5.33913768e-03
time taken for epoch 0:00:54.418649
Epoch 186
[186,     0] loss: 6.001268e-03 masks: 20.0 16.0 [wd: 1.49e-01] [lr: 7.74e-04] [mem: 5.66e+03] (165.2 ms)
[186,     0] grad_stats: [1.48e-04 3.38e-05] (5.94e-06, 1.02e-03)
[186,   116] loss: 5.373527e-03 masks: 22.0 17.0 [wd: 1.49e-01] [lr: 7.73e-04] [mem: 5.66e+03] (173.0 ms)
[186,   116] grad_stats: [2.99e-04 4.34e-05] (8.58e-06, 1.06e-03)
[186,   232] loss: 5.373456e-03 masks: 22.5 16.8 [wd: 1.50e-01] [lr: 7.72e-04] [mem: 5.66e+03] (174.8 ms)
[186,   232] grad_stats: [1.25e-04 3.31e-05] (6.79e-06, 8.46e-04)
avg. loss 5.37345569e-03
time taken for epoch 0:00:54.428132
Epoch 187
[187,     0] loss: 5.253905e-03 masks: 27.0 16.0 [wd: 1.50e-01] [lr: 7.72e-04] [mem: 5.66e+03] (185.8 ms)
[187,     0] grad_stats: [1.56e-04 2.44e-05] (7.24e-06, 5.87e-04)
[187,   116] loss: 5.313689e-03 masks: 22.1 17.2 [wd: 1.50e-01] [lr: 7.70e-04] [mem: 5.66e+03] (173.8 ms)
[187,   116] grad_stats: [1.04e-04 2.37e-05] (7.21e-06, 4.07e-04)
[187,   232] loss: 5.289738e-03 masks: 21.8 17.3 [wd: 1.51e-01] [lr: 7.69e-04] [mem: 5.66e+03] (173.6 ms)
[187,   232] grad_stats: [9.27e-05 2.69e-05] (7.19e-06, 5.67e-04)
avg. loss 5.28973834e-03
time taken for epoch 0:00:54.252469
Epoch 188
[188,     0] loss: 5.642910e-03 masks: 22.0 16.0 [wd: 1.51e-01] [lr: 7.69e-04] [mem: 5.66e+03] (168.9 ms)
[188,     0] grad_stats: [9.85e-05 3.24e-05] (7.88e-06, 7.97e-04)
[188,   116] loss: 5.267000e-03 masks: 20.8 17.7 [wd: 1.51e-01] [lr: 7.67e-04] [mem: 5.66e+03] (171.2 ms)
[188,   116] grad_stats: [1.49e-04 3.05e-05] (6.13e-06, 1.15e-03)
[188,   232] loss: 5.320354e-03 masks: 21.3 17.4 [wd: 1.52e-01] [lr: 7.66e-04] [mem: 5.66e+03] (172.4 ms)
[188,   232] grad_stats: [1.13e-04 3.11e-05] (8.35e-06, 8.16e-04)
avg. loss 5.32035407e-03
time taken for epoch 0:00:53.758022
Epoch 189
[189,     0] loss: 5.156961e-03 masks: 27.0 16.0 [wd: 1.52e-01] [lr: 7.66e-04] [mem: 5.66e+03] (184.2 ms)
[189,     0] grad_stats: [2.09e-04 3.46e-05] (8.13e-06, 9.90e-04)
[189,   116] loss: 5.355671e-03 masks: 22.6 16.9 [wd: 1.52e-01] [lr: 7.64e-04] [mem: 5.66e+03] (174.7 ms)
[189,   116] grad_stats: [1.21e-04 2.43e-05] (5.74e-06, 3.67e-04)
[189,   232] loss: 5.295247e-03 masks: 22.2 17.1 [wd: 1.53e-01] [lr: 7.63e-04] [mem: 5.66e+03] (174.4 ms)
[189,   232] grad_stats: [1.07e-04 3.15e-05] (9.03e-06, 6.24e-04)
avg. loss 5.29524672e-03
time taken for epoch 0:00:54.431800
Epoch 190
[190,     0] loss: 6.054459e-03 masks: 20.0 16.0 [wd: 1.53e-01] [lr: 7.63e-04] [mem: 5.66e+03] (166.0 ms)
[190,     0] grad_stats: [6.04e-05 3.28e-05] (8.14e-06, 3.32e-04)
[190,   116] loss: 5.236197e-03 masks: 22.0 17.4 [wd: 1.53e-01] [lr: 7.61e-04] [mem: 5.66e+03] (173.9 ms)
[190,   116] grad_stats: [1.12e-04 2.86e-05] (6.49e-06, 1.21e-03)
[190,   232] loss: 5.241714e-03 masks: 22.1 17.3 [wd: 1.54e-01] [lr: 7.60e-04] [mem: 5.66e+03] (174.4 ms)
[190,   232] grad_stats: [8.47e-05 1.88e-05] (7.11e-06, 4.00e-04)
avg. loss 5.24171367e-03
time taken for epoch 0:00:54.355990
Epoch 191
[191,     0] loss: 5.851672e-03 masks: 36.0 12.0 [wd: 1.54e-01] [lr: 7.60e-04] [mem: 5.66e+03] (203.7 ms)
[191,     0] grad_stats: [1.76e-04 3.72e-05] (1.20e-05, 1.77e-03)
[191,   116] loss: 5.182710e-03 masks: 21.8 17.6 [wd: 1.54e-01] [lr: 7.59e-04] [mem: 5.66e+03] (173.3 ms)
[191,   116] grad_stats: [1.00e-04 1.84e-05] (6.32e-06, 4.02e-04)
[191,   232] loss: 5.220067e-03 masks: 22.0 17.4 [wd: 1.55e-01] [lr: 7.57e-04] [mem: 5.66e+03] (174.2 ms)
[191,   232] grad_stats: [1.49e-04 3.23e-05] (1.09e-05, 8.62e-04)
avg. loss 5.22006680e-03
time taken for epoch 0:00:54.361583
Epoch 192
[192,     0] loss: 4.858941e-03 masks: 16.0 20.0 [wd: 1.55e-01] [lr: 7.57e-04] [mem: 5.66e+03] (160.0 ms)
[192,     0] grad_stats: [1.24e-04 2.67e-05] (5.72e-06, 9.80e-04)
[192,   116] loss: 5.276021e-03 masks: 21.7 17.3 [wd: 1.55e-01] [lr: 7.56e-04] [mem: 5.66e+03] (172.7 ms)
[192,   116] grad_stats: [7.83e-05 2.71e-05] (6.90e-06, 9.94e-04)
[192,   232] loss: 5.318175e-03 masks: 21.9 17.1 [wd: 1.56e-01] [lr: 7.54e-04] [mem: 5.66e+03] (173.5 ms)
[192,   232] grad_stats: [1.07e-04 2.53e-05] (7.90e-06, 4.09e-04)
avg. loss 5.31817504e-03
time taken for epoch 0:00:53.989104
Epoch 193
[193,     0] loss: 5.028868e-03 masks: 20.0 20.0 [wd: 1.56e-01] [lr: 7.54e-04] [mem: 5.66e+03] (167.8 ms)
[193,     0] grad_stats: [6.91e-05 2.50e-05] (8.71e-06, 5.38e-04)
[193,   116] loss: 5.266504e-03 masks: 21.4 17.4 [wd: 1.56e-01] [lr: 7.53e-04] [mem: 5.66e+03] (172.1 ms)
[193,   116] grad_stats: [1.03e-04 2.78e-05] (7.50e-06, 4.47e-04)
[193,   232] loss: 5.282682e-03 masks: 22.0 17.3 [wd: 1.57e-01] [lr: 7.51e-04] [mem: 5.66e+03] (174.1 ms)
[193,   232] grad_stats: [1.86e-04 3.55e-05] (7.59e-06, 1.53e-03)
avg. loss 5.28268189e-03
time taken for epoch 0:00:54.256777
Epoch 194
[194,     0] loss: 5.292541e-03 masks: 35.0 12.0 [wd: 1.57e-01] [lr: 7.51e-04] [mem: 5.66e+03] (199.8 ms)
[194,     0] grad_stats: [2.33e-04 3.08e-05] (9.76e-06, 6.37e-04)
[194,   116] loss: 5.313873e-03 masks: 22.5 17.2 [wd: 1.57e-01] [lr: 7.50e-04] [mem: 5.66e+03] (175.2 ms)
[194,   116] grad_stats: [8.76e-05 2.86e-05] (6.86e-06, 6.63e-04)
[194,   232] loss: 5.341771e-03 masks: 22.1 17.2 [wd: 1.58e-01] [lr: 7.48e-04] [mem: 5.66e+03] (174.4 ms)
[194,   232] grad_stats: [1.71e-04 3.79e-05] (8.87e-06, 8.52e-04)
avg. loss 5.34177052e-03
time taken for epoch 0:00:54.304708
Epoch 195
[195,     0] loss: 4.676782e-03 masks: 18.0 20.0 [wd: 1.58e-01] [lr: 7.48e-04] [mem: 5.66e+03] (166.0 ms)
[195,     0] grad_stats: [1.90e-04 2.56e-05] (7.17e-06, 1.00e-03)
[195,   116] loss: 5.338589e-03 masks: 21.4 17.4 [wd: 1.58e-01] [lr: 7.47e-04] [mem: 5.66e+03] (172.1 ms)
[195,   116] grad_stats: [8.52e-05 2.50e-05] (6.46e-06, 1.29e-03)
[195,   232] loss: 5.324840e-03 masks: 21.2 17.5 [wd: 1.59e-01] [lr: 7.45e-04] [mem: 5.66e+03] (172.0 ms)
[195,   232] grad_stats: [2.54e-04 3.68e-05] (1.04e-05, 1.23e-03)
avg. loss 5.32484023e-03
time taken for epoch 0:00:53.775539
Epoch 196
[196,     0] loss: 4.542399e-03 masks: 21.0 20.0 [wd: 1.59e-01] [lr: 7.45e-04] [mem: 5.66e+03] (173.9 ms)
[196,     0] grad_stats: [1.02e-04 2.81e-05] (7.92e-06, 9.25e-04)
[196,   116] loss: 5.294868e-03 masks: 21.4 17.6 [wd: 1.60e-01] [lr: 7.44e-04] [mem: 5.66e+03] (172.3 ms)
[196,   116] grad_stats: [9.01e-05 2.03e-05] (6.74e-06, 4.33e-04)
[196,   232] loss: 5.318135e-03 masks: 21.5 17.5 [wd: 1.60e-01] [lr: 7.42e-04] [mem: 5.66e+03] (173.1 ms)
[196,   232] grad_stats: [1.18e-04 2.58e-05] (8.25e-06, 3.66e-04)
avg. loss 5.31813489e-03
time taken for epoch 0:00:54.051464
Epoch 197
[197,     0] loss: 5.249062e-03 masks: 12.0 20.0 [wd: 1.60e-01] [lr: 7.42e-04] [mem: 5.66e+03] (149.1 ms)
[197,     0] grad_stats: [8.59e-05 2.59e-05] (7.68e-06, 4.50e-04)
[197,   116] loss: 5.308477e-03 masks: 22.7 17.1 [wd: 1.61e-01] [lr: 7.41e-04] [mem: 5.66e+03] (175.5 ms)
[197,   116] grad_stats: [1.47e-04 2.70e-05] (8.61e-06, 5.89e-04)
[197,   232] loss: 5.345349e-03 masks: 22.1 17.2 [wd: 1.61e-01] [lr: 7.39e-04] [mem: 5.66e+03] (174.4 ms)
[197,   232] grad_stats: [8.22e-05 2.39e-05] (9.03e-06, 6.59e-04)
avg. loss 5.34534854e-03
time taken for epoch 0:00:54.306190
Epoch 198
[198,     0] loss: 5.638753e-03 masks: 33.0 12.0 [wd: 1.61e-01] [lr: 7.39e-04] [mem: 5.66e+03] (195.1 ms)
[198,     0] grad_stats: [1.30e-04 3.75e-05] (1.12e-05, 1.19e-03)
[198,   116] loss: 5.264475e-03 masks: 22.0 17.4 [wd: 1.62e-01] [lr: 7.38e-04] [mem: 5.66e+03] (173.7 ms)
[198,   116] grad_stats: [1.61e-04 2.44e-05] (6.73e-06, 4.62e-04)
[198,   232] loss: 5.299712e-03 masks: 22.0 17.3 [wd: 1.62e-01] [lr: 7.36e-04] [mem: 5.66e+03] (174.3 ms)
[198,   232] grad_stats: [2.44e-04 3.04e-05] (8.64e-06, 1.25e-03)
avg. loss 5.29971220e-03
time taken for epoch 0:00:54.319213
Epoch 199
[199,     0] loss: 5.832076e-03 masks: 23.0 16.0 [wd: 1.62e-01] [lr: 7.36e-04] [mem: 5.66e+03] (173.4 ms)
[199,     0] grad_stats: [9.91e-05 3.01e-05] (9.05e-06, 1.43e-03)
[199,   116] loss: 5.334052e-03 masks: 21.9 17.3 [wd: 1.63e-01] [lr: 7.35e-04] [mem: 5.66e+03] (173.3 ms)
[199,   116] grad_stats: [2.77e-04 3.27e-05] (9.91e-06, 5.10e-04)
[199,   232] loss: 5.320609e-03 masks: 21.8 17.5 [wd: 1.63e-01] [lr: 7.33e-04] [mem: 5.66e+03] (173.9 ms)
[199,   232] grad_stats: [1.16e-04 2.31e-05] (7.47e-06, 4.00e-04)
avg. loss 5.32060920e-03
time taken for epoch 0:00:54.946430
Epoch 200
[200,     0] loss: 4.491972e-03 masks: 20.0 20.0 [wd: 1.63e-01] [lr: 7.33e-04] [mem: 5.66e+03] (167.4 ms)
[200,     0] grad_stats: [1.94e-04 2.65e-05] (7.84e-06, 6.44e-04)
[200,   116] loss: 5.271010e-03 masks: 21.6 17.5 [wd: 1.64e-01] [lr: 7.32e-04] [mem: 5.66e+03] (172.8 ms)
[200,   116] grad_stats: [1.54e-04 3.44e-05] (8.21e-06, 5.25e-04)
[200,   232] loss: 5.343386e-03 masks: 21.8 17.3 [wd: 1.64e-01] [lr: 7.30e-04] [mem: 5.66e+03] (173.7 ms)
[200,   232] grad_stats: [2.12e-04 3.60e-05] (8.77e-06, 9.22e-04)
avg. loss 5.34338561e-03
	Epoch 200, KNN accuracy train: 7.11230e-01, KNN accuracy train: 5.54667e-01
time taken for epoch 0:01:36.764032
Epoch 201
[201,     0] loss: 4.628167e-03 masks: 18.0 20.0 [wd: 1.64e-01] [lr: 7.30e-04] [mem: 5.66e+03] (170.1 ms)
[201,     0] grad_stats: [6.23e-05 3.51e-05] (6.47e-06, 1.50e-03)
[201,   116] loss: 5.350719e-03 masks: 21.9 17.2 [wd: 1.65e-01] [lr: 7.29e-04] [mem: 5.66e+03] (172.9 ms)
[201,   116] grad_stats: [2.00e-04 2.30e-05] (6.93e-06, 6.87e-04)
[201,   232] loss: 5.342006e-03 masks: 22.0 17.2 [wd: 1.65e-01] [lr: 7.27e-04] [mem: 5.66e+03] (173.8 ms)
[201,   232] grad_stats: [1.21e-04 2.99e-05] (8.89e-06, 8.79e-04)
avg. loss 5.34200625e-03
time taken for epoch 0:00:54.164719
Epoch 202
[202,     0] loss: 5.360196e-03 masks: 15.0 20.0 [wd: 1.65e-01] [lr: 7.27e-04] [mem: 5.66e+03] (156.6 ms)
[202,     0] grad_stats: [6.96e-05 2.37e-05] (6.96e-06, 5.18e-04)
[202,   116] loss: 5.293175e-03 masks: 21.3 17.7 [wd: 1.66e-01] [lr: 7.26e-04] [mem: 5.66e+03] (172.2 ms)
[202,   116] grad_stats: [1.55e-04 2.94e-05] (7.94e-06, 9.07e-04)
[202,   232] loss: 5.305398e-03 masks: 21.9 17.4 [wd: 1.67e-01] [lr: 7.24e-04] [mem: 5.66e+03] (173.9 ms)
[202,   232] grad_stats: [1.74e-04 2.91e-05] (8.20e-06, 5.72e-04)
avg. loss 5.30539816e-03
time taken for epoch 0:00:54.264101
Epoch 203
[203,     0] loss: 5.590655e-03 masks: 23.0 16.0 [wd: 1.67e-01] [lr: 7.24e-04] [mem: 5.66e+03] (172.0 ms)
[203,     0] grad_stats: [1.23e-04 2.99e-05] (7.44e-06, 4.89e-04)
[203,   116] loss: 5.352359e-03 masks: 23.2 16.9 [wd: 1.67e-01] [lr: 7.23e-04] [mem: 5.66e+03] (176.5 ms)
[203,   116] grad_stats: [2.41e-04 3.41e-05] (1.14e-05, 9.56e-04)
[203,   232] loss: 5.333255e-03 masks: 22.8 17.0 [wd: 1.68e-01] [lr: 7.21e-04] [mem: 5.66e+03] (176.2 ms)
[203,   232] grad_stats: [1.41e-04 3.36e-05] (7.12e-06, 1.01e-03)
avg. loss 5.33325457e-03
time taken for epoch 0:00:54.826006
Epoch 204
[204,     0] loss: 6.376711e-03 masks: 33.0 12.0 [wd: 1.68e-01] [lr: 7.21e-04] [mem: 5.66e+03] (194.4 ms)
[204,     0] grad_stats: [1.19e-04 4.93e-05] (9.86e-06, 1.70e-03)
[204,   116] loss: 5.295290e-03 masks: 21.6 17.4 [wd: 1.68e-01] [lr: 7.20e-04] [mem: 5.66e+03] (172.9 ms)
[204,   116] grad_stats: [1.22e-04 3.04e-05] (5.98e-06, 3.07e-04)
[204,   232] loss: 5.316174e-03 masks: 22.0 17.3 [wd: 1.69e-01] [lr: 7.18e-04] [mem: 5.66e+03] (174.2 ms)
[204,   232] grad_stats: [9.86e-05 3.09e-05] (6.37e-06, 1.12e-03)
avg. loss 5.31617413e-03
time taken for epoch 0:00:54.314107
Epoch 205
[205,     0] loss: 4.860199e-03 masks: 18.0 20.0 [wd: 1.69e-01] [lr: 7.18e-04] [mem: 5.66e+03] (165.2 ms)
[205,     0] grad_stats: [1.64e-04 3.55e-05] (6.84e-06, 1.16e-03)
[205,   116] loss: 5.286966e-03 masks: 21.5 17.7 [wd: 1.69e-01] [lr: 7.17e-04] [mem: 5.66e+03] (172.8 ms)
[205,   116] grad_stats: [2.19e-04 4.05e-05] (9.87e-06, 5.41e-04)
[205,   232] loss: 5.347144e-03 masks: 22.0 17.3 [wd: 1.70e-01] [lr: 7.15e-04] [mem: 5.66e+03] (174.1 ms)
[205,   232] grad_stats: [1.74e-04 2.78e-05] (7.27e-06, 3.29e-04)
avg. loss 5.34714450e-03
time taken for epoch 0:00:54.248399
Epoch 206
[206,     0] loss: 5.403030e-03 masks: 25.0 16.0 [wd: 1.70e-01] [lr: 7.15e-04] [mem: 5.66e+03] (179.4 ms)
[206,     0] grad_stats: [1.55e-04 3.33e-05] (1.26e-05, 1.57e-03)
[206,   116] loss: 5.424696e-03 masks: 22.1 17.1 [wd: 1.70e-01] [lr: 7.13e-04] [mem: 5.66e+03] (173.8 ms)
[206,   116] grad_stats: [2.05e-04 4.22e-05] (9.05e-06, 5.95e-04)
[206,   232] loss: 5.366434e-03 masks: 21.9 17.3 [wd: 1.71e-01] [lr: 7.12e-04] [mem: 5.66e+03] (173.8 ms)
[206,   232] grad_stats: [6.80e-05 2.83e-05] (8.58e-06, 3.82e-04)
avg. loss 5.36643447e-03
time taken for epoch 0:00:54.226715
Epoch 207
[207,     0] loss: 5.589029e-03 masks: 25.0 16.0 [wd: 1.71e-01] [lr: 7.12e-04] [mem: 5.66e+03] (179.1 ms)
[207,     0] grad_stats: [1.50e-04 2.56e-05] (9.05e-06, 8.45e-04)
[207,   116] loss: 5.325583e-03 masks: 21.7 17.3 [wd: 1.71e-01] [lr: 7.10e-04] [mem: 5.66e+03] (172.9 ms)
[207,   116] grad_stats: [2.55e-04 3.60e-05] (1.22e-05, 1.01e-03)
[207,   232] loss: 5.384819e-03 masks: 22.1 17.2 [wd: 1.72e-01] [lr: 7.09e-04] [mem: 5.66e+03] (174.3 ms)
[207,   232] grad_stats: [6.87e-05 3.26e-05] (7.98e-06, 6.44e-04)
avg. loss 5.38481867e-03
time taken for epoch 0:00:54.333886
Epoch 208
[208,     0] loss: 5.293120e-03 masks: 14.0 20.0 [wd: 1.72e-01] [lr: 7.09e-04] [mem: 5.66e+03] (152.3 ms)
[208,     0] grad_stats: [1.17e-04 4.70e-05] (9.08e-06, 9.52e-04)
[208,   116] loss: 5.311705e-03 masks: 22.2 17.2 [wd: 1.73e-01] [lr: 7.07e-04] [mem: 5.66e+03] (174.2 ms)
[208,   116] grad_stats: [8.55e-05 4.91e-05] (7.50e-06, 2.10e-03)
[208,   232] loss: 5.346892e-03 masks: 22.2 17.2 [wd: 1.73e-01] [lr: 7.06e-04] [mem: 5.66e+03] (174.7 ms)
[208,   232] grad_stats: [1.20e-04 2.06e-05] (6.26e-06, 8.07e-04)
avg. loss 5.34689211e-03
time taken for epoch 0:00:54.402365
Epoch 209
[209,     0] loss: 4.988331e-03 masks: 20.0 20.0 [wd: 1.73e-01] [lr: 7.06e-04] [mem: 5.66e+03] (169.7 ms)
[209,     0] grad_stats: [1.38e-04 3.54e-05] (6.65e-06, 1.24e-03)
[209,   116] loss: 5.288303e-03 masks: 21.7 17.5 [wd: 1.74e-01] [lr: 7.04e-04] [mem: 5.66e+03] (173.3 ms)
[209,   116] grad_stats: [1.47e-04 2.06e-05] (8.06e-06, 4.58e-04)
[209,   232] loss: 5.334109e-03 masks: 22.1 17.3 [wd: 1.74e-01] [lr: 7.03e-04] [mem: 5.66e+03] (174.6 ms)
[209,   232] grad_stats: [2.04e-04 4.92e-05] (1.65e-05, 1.60e-03)
avg. loss 5.33410902e-03
time taken for epoch 0:00:54.398658
Epoch 210
[210,     0] loss: 5.064927e-03 masks: 28.0 16.0 [wd: 1.74e-01] [lr: 7.03e-04] [mem: 5.66e+03] (187.4 ms)
[210,     0] grad_stats: [8.58e-05 3.53e-05] (1.08e-05, 8.31e-04)
[210,   116] loss: 5.378844e-03 masks: 21.3 17.4 [wd: 1.75e-01] [lr: 7.01e-04] [mem: 5.66e+03] (172.1 ms)
[210,   116] grad_stats: [2.47e-04 3.75e-05] (8.63e-06, 9.42e-04)
[210,   232] loss: 5.353166e-03 masks: 21.4 17.4 [wd: 1.75e-01] [lr: 7.00e-04] [mem: 5.66e+03] (172.7 ms)
[210,   232] grad_stats: [6.98e-05 2.82e-05] (6.92e-06, 5.18e-04)
avg. loss 5.35316585e-03
time taken for epoch 0:00:53.933252
Epoch 211
[211,     0] loss: 6.357342e-03 masks: 33.0 12.0 [wd: 1.75e-01] [lr: 6.99e-04] [mem: 5.66e+03] (194.7 ms)
[211,     0] grad_stats: [2.01e-04 3.62e-05] (1.02e-05, 7.86e-04)
[211,   116] loss: 5.451389e-03 masks: 23.3 16.5 [wd: 1.76e-01] [lr: 6.98e-04] [mem: 5.66e+03] (176.4 ms)
[211,   116] grad_stats: [6.44e-05 3.12e-05] (7.88e-06, 6.18e-04)
[211,   232] loss: 5.407325e-03 masks: 22.8 16.9 [wd: 1.76e-01] [lr: 6.96e-04] [mem: 5.66e+03] (175.9 ms)
[211,   232] grad_stats: [7.93e-05 2.96e-05] (8.94e-06, 6.31e-04)
avg. loss 5.40732510e-03
time taken for epoch 0:00:54.717508
Epoch 212
[212,     0] loss: 6.160767e-03 masks: 20.0 16.0 [wd: 1.76e-01] [lr: 6.96e-04] [mem: 5.66e+03] (163.3 ms)
[212,     0] grad_stats: [1.84e-04 4.68e-05] (1.15e-05, 1.32e-03)
[212,   116] loss: 5.352227e-03 masks: 22.3 17.1 [wd: 1.77e-01] [lr: 6.95e-04] [mem: 5.66e+03] (174.4 ms)
[212,   116] grad_stats: [9.23e-05 4.90e-05] (8.27e-06, 2.06e-03)
[212,   232] loss: 5.379315e-03 masks: 22.2 17.2 [wd: 1.77e-01] [lr: 6.93e-04] [mem: 5.66e+03] (174.6 ms)
[212,   232] grad_stats: [1.44e-04 3.15e-05] (9.19e-06, 3.35e-04)
avg. loss 5.37931471e-03
time taken for epoch 0:00:54.412645
Epoch 213
[213,     0] loss: 5.069599e-03 masks: 25.0 16.0 [wd: 1.77e-01] [lr: 6.93e-04] [mem: 5.66e+03] (179.4 ms)
[213,     0] grad_stats: [1.37e-04 4.90e-05] (1.20e-05, 7.59e-04)
[213,   116] loss: 5.454551e-03 masks: 21.5 17.4 [wd: 1.78e-01] [lr: 6.92e-04] [mem: 5.66e+03] (172.4 ms)
[213,   116] grad_stats: [5.53e-05 3.26e-05] (6.39e-06, 8.60e-04)
[213,   232] loss: 5.448689e-03 masks: 22.0 17.2 [wd: 1.79e-01] [lr: 6.90e-04] [mem: 5.66e+03] (174.0 ms)
[213,   232] grad_stats: [2.24e-04 3.21e-05] (9.05e-06, 1.05e-03)
avg. loss 5.44868912e-03
time taken for epoch 0:00:54.216891
Epoch 214
[214,     0] loss: 6.313981e-03 masks: 17.0 16.0 [wd: 1.79e-01] [lr: 6.90e-04] [mem: 5.66e+03] (158.3 ms)
[214,     0] grad_stats: [1.23e-04 4.30e-05] (1.11e-05, 1.24e-03)
[214,   116] loss: 5.474787e-03 masks: 22.2 17.1 [wd: 1.79e-01] [lr: 6.88e-04] [mem: 5.66e+03] (174.1 ms)
[214,   116] grad_stats: [2.93e-04 3.69e-05] (1.21e-05, 7.16e-04)
[214,   232] loss: 5.395347e-03 masks: 21.7 17.3 [wd: 1.80e-01] [lr: 6.87e-04] [mem: 5.66e+03] (173.5 ms)
[214,   232] grad_stats: [1.15e-04 2.93e-05] (6.66e-06, 6.08e-04)
avg. loss 5.39534743e-03
time taken for epoch 0:00:54.173118
Epoch 215
[215,     0] loss: 6.145313e-03 masks: 33.0 12.0 [wd: 1.80e-01] [lr: 6.87e-04] [mem: 5.66e+03] (194.5 ms)
[215,     0] grad_stats: [2.85e-04 6.03e-05] (1.54e-05, 2.13e-03)
[215,   116] loss: 5.395484e-03 masks: 22.1 17.1 [wd: 1.80e-01] [lr: 6.85e-04] [mem: 5.66e+03] (173.7 ms)
[215,   116] grad_stats: [1.16e-04 3.36e-05] (7.73e-06, 8.87e-04)
[215,   232] loss: 5.346943e-03 masks: 21.8 17.3 [wd: 1.81e-01] [lr: 6.84e-04] [mem: 5.66e+03] (173.7 ms)
[215,   232] grad_stats: [1.13e-04 3.20e-05] (8.46e-06, 4.87e-04)
avg. loss 5.34694346e-03
time taken for epoch 0:00:54.143663
Epoch 216
[216,     0] loss: 4.660905e-03 masks: 25.0 16.0 [wd: 1.81e-01] [lr: 6.84e-04] [mem: 5.66e+03] (179.0 ms)
[216,     0] grad_stats: [2.16e-04 2.98e-05] (9.46e-06, 5.95e-04)
[216,   116] loss: 5.261957e-03 masks: 21.7 17.6 [wd: 1.81e-01] [lr: 6.82e-04] [mem: 5.66e+03] (173.4 ms)
[216,   116] grad_stats: [1.74e-04 3.69e-05] (1.15e-05, 6.06e-04)
[216,   232] loss: 5.323870e-03 masks: 21.4 17.6 [wd: 1.82e-01] [lr: 6.81e-04] [mem: 5.66e+03] (173.2 ms)
[216,   232] grad_stats: [9.61e-05 2.80e-05] (9.30e-06, 4.73e-04)
avg. loss 5.32387013e-03
time taken for epoch 0:00:53.960977
Epoch 217
[217,     0] loss: 4.712461e-03 masks: 19.0 20.0 [wd: 1.82e-01] [lr: 6.81e-04] [mem: 5.66e+03] (169.9 ms)
[217,     0] grad_stats: [7.72e-05 2.55e-05] (7.94e-06, 4.79e-04)
[217,   116] loss: 5.371451e-03 masks: 21.8 17.2 [wd: 1.82e-01] [lr: 6.79e-04] [mem: 5.66e+03] (173.0 ms)
[217,   116] grad_stats: [1.49e-04 3.48e-05] (7.75e-06, 7.45e-04)
[217,   232] loss: 5.400377e-03 masks: 21.9 17.2 [wd: 1.83e-01] [lr: 6.77e-04] [mem: 5.66e+03] (173.8 ms)
[217,   232] grad_stats: [1.13e-04 2.58e-05] (7.93e-06, 5.32e-04)
avg. loss 5.40037704e-03
time taken for epoch 0:00:54.230510
Epoch 218
[218,     0] loss: 5.015485e-03 masks: 27.0 16.0 [wd: 1.83e-01] [lr: 6.77e-04] [mem: 5.66e+03] (185.8 ms)
[218,     0] grad_stats: [2.18e-04 3.66e-05] (1.01e-05, 4.21e-04)
[218,   116] loss: 5.448448e-03 masks: 22.0 17.2 [wd: 1.84e-01] [lr: 6.76e-04] [mem: 5.66e+03] (173.6 ms)
[218,   116] grad_stats: [1.36e-04 3.23e-05] (9.88e-06, 6.70e-04)
[218,   232] loss: 5.406057e-03 masks: 21.7 17.3 [wd: 1.84e-01] [lr: 6.74e-04] [mem: 5.66e+03] (173.4 ms)
[218,   232] grad_stats: [1.66e-04 2.31e-05] (8.54e-06, 7.02e-04)
avg. loss 5.40605726e-03
time taken for epoch 0:00:53.962117
Epoch 219
[219,     0] loss: 5.825557e-03 masks: 35.0 12.0 [wd: 1.84e-01] [lr: 6.74e-04] [mem: 5.66e+03] (199.9 ms)
[219,     0] grad_stats: [2.76e-04 6.42e-05] (1.36e-05, 2.43e-03)
[219,   116] loss: 5.563319e-03 masks: 22.4 16.8 [wd: 1.85e-01] [lr: 6.73e-04] [mem: 5.66e+03] (174.0 ms)
[219,   116] grad_stats: [2.53e-04 4.28e-05] (1.13e-05, 1.09e-03)
[219,   232] loss: 5.464323e-03 masks: 22.0 17.2 [wd: 1.85e-01] [lr: 6.71e-04] [mem: 5.66e+03] (174.0 ms)
[219,   232] grad_stats: [8.65e-05 2.79e-05] (7.86e-06, 6.15e-04)
avg. loss 5.46432348e-03
time taken for epoch 0:00:54.258221
Epoch 220
[220,     0] loss: 5.500848e-03 masks: 12.0 20.0 [wd: 1.85e-01] [lr: 6.71e-04] [mem: 5.66e+03] (148.7 ms)
[220,     0] grad_stats: [1.13e-04 3.22e-05] (7.94e-06, 5.13e-04)
[220,   116] loss: 5.474564e-03 masks: 21.8 17.2 [wd: 1.86e-01] [lr: 6.69e-04] [mem: 5.66e+03] (172.9 ms)
[220,   116] grad_stats: [2.71e-04 4.41e-05] (1.07e-05, 9.00e-04)
[220,   232] loss: 5.426324e-03 masks: 21.9 17.2 [wd: 1.86e-01] [lr: 6.68e-04] [mem: 5.66e+03] (173.7 ms)
[220,   232] grad_stats: [1.05e-04 3.54e-05] (8.43e-06, 5.37e-04)
avg. loss 5.42632388e-03
time taken for epoch 0:00:54.169906
Epoch 221
[221,     0] loss: 6.566183e-03 masks: 36.0 12.0 [wd: 1.86e-01] [lr: 6.68e-04] [mem: 5.66e+03] (204.4 ms)
[221,     0] grad_stats: [1.77e-04 5.97e-05] (1.38e-05, 2.40e-03)
[221,   116] loss: 5.340525e-03 masks: 21.5 17.4 [wd: 1.87e-01] [lr: 6.66e-04] [mem: 5.66e+03] (172.4 ms)
[221,   116] grad_stats: [1.30e-04 3.42e-05] (7.59e-06, 5.01e-04)
[221,   232] loss: 5.312792e-03 masks: 21.4 17.6 [wd: 1.87e-01] [lr: 6.65e-04] [mem: 5.66e+03] (173.0 ms)
[221,   232] grad_stats: [1.78e-04 4.01e-05] (1.11e-05, 1.28e-03)
avg. loss 5.31279235e-03
time taken for epoch 0:00:54.034658
Epoch 222
[222,     0] loss: 5.365307e-03 masks: 28.0 16.0 [wd: 1.87e-01] [lr: 6.65e-04] [mem: 5.66e+03] (186.9 ms)
[222,     0] grad_stats: [2.21e-04 3.16e-05] (9.46e-06, 1.08e-03)
[222,   116] loss: 5.334309e-03 masks: 21.1 17.5 [wd: 1.88e-01] [lr: 6.63e-04] [mem: 5.66e+03] (171.5 ms)
[222,   116] grad_stats: [6.98e-05 4.19e-05] (1.17e-05, 8.19e-04)
[222,   232] loss: 5.364033e-03 masks: 21.6 17.4 [wd: 1.88e-01] [lr: 6.61e-04] [mem: 5.66e+03] (173.4 ms)
[222,   232] grad_stats: [2.44e-04 5.57e-05] (1.56e-05, 2.31e-03)
avg. loss 5.36403282e-03
time taken for epoch 0:00:54.136062
Epoch 223
[223,     0] loss: 5.945958e-03 masks: 24.0 16.0 [wd: 1.89e-01] [lr: 6.61e-04] [mem: 5.66e+03] (176.7 ms)
[223,     0] grad_stats: [1.29e-04 4.45e-05] (1.37e-05, 2.25e-03)
[223,   116] loss: 5.378770e-03 masks: 22.2 17.3 [wd: 1.89e-01] [lr: 6.60e-04] [mem: 5.66e+03] (174.3 ms)
[223,   116] grad_stats: [1.18e-04 3.33e-05] (8.99e-06, 8.40e-04)
[223,   232] loss: 5.366272e-03 masks: 22.3 17.2 [wd: 1.90e-01] [lr: 6.58e-04] [mem: 5.66e+03] (174.8 ms)
[223,   232] grad_stats: [1.99e-04 5.33e-05] (1.23e-05, 1.34e-03)
avg. loss 5.36627207e-03
time taken for epoch 0:00:54.442419
Epoch 224
[224,     0] loss: 6.269187e-03 masks: 35.0 12.0 [wd: 1.90e-01] [lr: 6.58e-04] [mem: 5.66e+03] (199.8 ms)
[224,     0] grad_stats: [3.18e-04 3.95e-05] (1.71e-05, 1.02e-03)
[224,   116] loss: 5.399640e-03 masks: 22.1 17.2 [wd: 1.90e-01] [lr: 6.56e-04] [mem: 5.66e+03] (173.8 ms)
[224,   116] grad_stats: [2.07e-04 4.27e-05] (1.17e-05, 1.28e-03)
[224,   232] loss: 5.371987e-03 masks: 21.8 17.4 [wd: 1.91e-01] [lr: 6.55e-04] [mem: 5.66e+03] (173.7 ms)
[224,   232] grad_stats: [1.48e-04 4.52e-05] (1.17e-05, 9.49e-04)
avg. loss 5.37198748e-03
time taken for epoch 0:00:54.180298
Epoch 225
[225,     0] loss: 6.057747e-03 masks: 25.0 16.0 [wd: 1.91e-01] [lr: 6.55e-04] [mem: 5.66e+03] (179.9 ms)
[225,     0] grad_stats: [1.43e-04 3.73e-05] (1.02e-05, 1.10e-03)
[225,   116] loss: 5.422022e-03 masks: 21.3 17.5 [wd: 1.91e-01] [lr: 6.53e-04] [mem: 5.66e+03] (172.0 ms)
[225,   116] grad_stats: [5.64e-05 3.03e-05] (7.72e-06, 8.66e-04)
[225,   232] loss: 5.418888e-03 masks: 21.7 17.3 [wd: 1.92e-01] [lr: 6.52e-04] [mem: 5.66e+03] (173.6 ms)
[225,   232] grad_stats: [1.23e-04 4.18e-05] (9.82e-06, 7.88e-04)
avg. loss 5.41888799e-03
time taken for epoch 0:00:54.084434
Epoch 226
[226,     0] loss: 5.048822e-03 masks: 23.0 16.0 [wd: 1.92e-01] [lr: 6.52e-04] [mem: 5.66e+03] (171.8 ms)
[226,     0] grad_stats: [1.74e-04 3.73e-05] (1.13e-05, 7.40e-04)
[226,   116] loss: 5.356063e-03 masks: 22.3 17.4 [wd: 1.92e-01] [lr: 6.50e-04] [mem: 5.66e+03] (175.0 ms)
[226,   116] grad_stats: [1.11e-04 3.57e-05] (1.15e-05, 7.61e-04)
[226,   232] loss: 5.384949e-03 masks: 22.0 17.4 [wd: 1.93e-01] [lr: 6.48e-04] [mem: 5.66e+03] (174.3 ms)
[226,   232] grad_stats: [1.84e-04 4.59e-05] (9.01e-06, 1.64e-03)
avg. loss 5.38494902e-03
time taken for epoch 0:00:54.333491
Epoch 227
[227,     0] loss: 5.397094e-03 masks: 25.0 16.0 [wd: 1.93e-01] [lr: 6.48e-04] [mem: 5.66e+03] (177.3 ms)
[227,     0] grad_stats: [1.50e-04 3.55e-05] (8.27e-06, 7.90e-04)
[227,   116] loss: 5.414168e-03 masks: 22.4 17.2 [wd: 1.94e-01] [lr: 6.47e-04] [mem: 5.66e+03] (174.7 ms)
[227,   116] grad_stats: [1.36e-04 2.75e-05] (9.10e-06, 5.15e-04)
[227,   232] loss: 5.486705e-03 masks: 22.7 16.9 [wd: 1.94e-01] [lr: 6.45e-04] [mem: 5.66e+03] (175.6 ms)
[227,   232] grad_stats: [1.88e-04 3.81e-05] (1.22e-05, 1.43e-03)
avg. loss 5.48670460e-03
time taken for epoch 0:00:54.619113
Epoch 228
[228,     0] loss: 5.685912e-03 masks: 25.0 16.0 [wd: 1.94e-01] [lr: 6.45e-04] [mem: 5.66e+03] (178.6 ms)
[228,     0] grad_stats: [1.62e-04 5.38e-05] (1.14e-05, 1.42e-03)
[228,   116] loss: 5.460653e-03 masks: 21.4 17.3 [wd: 1.95e-01] [lr: 6.43e-04] [mem: 5.66e+03] (172.1 ms)
[228,   116] grad_stats: [1.04e-04 4.11e-05] (1.00e-05, 1.08e-03)
[228,   232] loss: 5.414372e-03 masks: 21.6 17.4 [wd: 1.95e-01] [lr: 6.42e-04] [mem: 5.66e+03] (173.2 ms)
[228,   232] grad_stats: [1.72e-04 4.01e-05] (8.74e-06, 9.10e-04)
avg. loss 5.41437206e-03
time taken for epoch 0:00:54.069697
Epoch 229
[229,     0] loss: 5.433637e-03 masks: 26.0 16.0 [wd: 1.95e-01] [lr: 6.42e-04] [mem: 5.66e+03] (182.0 ms)
[229,     0] grad_stats: [7.86e-05 3.95e-05] (9.93e-06, 1.00e-03)
[229,   116] loss: 5.365676e-03 masks: 21.8 17.4 [wd: 1.96e-01] [lr: 6.40e-04] [mem: 5.66e+03] (173.7 ms)
[229,   116] grad_stats: [2.29e-04 3.60e-05] (9.43e-06, 8.31e-04)
[229,   232] loss: 5.393728e-03 masks: 21.6 17.4 [wd: 1.96e-01] [lr: 6.39e-04] [mem: 5.66e+03] (173.4 ms)
[229,   232] grad_stats: [1.04e-04 3.08e-05] (6.95e-06, 8.61e-04)
avg. loss 5.39372779e-03
time taken for epoch 0:00:54.130346
Epoch 230
[230,     0] loss: 5.874701e-03 masks: 17.0 20.0 [wd: 1.96e-01] [lr: 6.39e-04] [mem: 5.66e+03] (163.2 ms)
[230,     0] grad_stats: [1.93e-04 4.09e-05] (1.13e-05, 5.06e-04)
[230,   116] loss: 5.371637e-03 masks: 22.2 17.2 [wd: 1.97e-01] [lr: 6.37e-04] [mem: 5.66e+03] (174.2 ms)
[230,   116] grad_stats: [1.00e-04 3.37e-05] (8.58e-06, 1.10e-03)
[230,   232] loss: 5.413676e-03 masks: 22.3 17.2 [wd: 1.97e-01] [lr: 6.35e-04] [mem: 5.66e+03] (174.8 ms)
[230,   232] grad_stats: [1.82e-04 3.37e-05] (1.29e-05, 5.58e-04)
avg. loss 5.41367620e-03
time taken for epoch 0:00:54.399904
Epoch 231
[231,     0] loss: 5.748834e-03 masks: 24.0 16.0 [wd: 1.97e-01] [lr: 6.35e-04] [mem: 5.66e+03] (177.0 ms)
[231,     0] grad_stats: [1.40e-04 3.30e-05] (1.21e-05, 5.64e-04)
[231,   116] loss: 5.483450e-03 masks: 22.0 17.2 [wd: 1.98e-01] [lr: 6.34e-04] [mem: 5.66e+03] (173.6 ms)
[231,   116] grad_stats: [1.13e-04 2.72e-05] (9.19e-06, 5.07e-04)
[231,   232] loss: 5.480312e-03 masks: 22.1 17.2 [wd: 1.99e-01] [lr: 6.32e-04] [mem: 5.66e+03] (174.3 ms)
[231,   232] grad_stats: [1.84e-04 3.79e-05] (1.14e-05, 7.07e-04)
avg. loss 5.48031170e-03
time taken for epoch 0:00:54.337924
Epoch 232
[232,     0] loss: 6.166838e-03 masks: 22.0 16.0 [wd: 1.99e-01] [lr: 6.32e-04] [mem: 5.66e+03] (169.0 ms)
[232,     0] grad_stats: [2.11e-04 6.67e-05] (1.32e-05, 2.33e-03)
[232,   116] loss: 5.454342e-03 masks: 22.0 17.3 [wd: 1.99e-01] [lr: 6.30e-04] [mem: 5.66e+03] (173.7 ms)
[232,   116] grad_stats: [1.03e-04 5.24e-05] (1.02e-05, 7.42e-04)
[232,   232] loss: 5.437889e-03 masks: 22.1 17.3 [wd: 2.00e-01] [lr: 6.29e-04] [mem: 5.66e+03] (174.5 ms)
[232,   232] grad_stats: [1.74e-04 4.22e-05] (1.00e-05, 2.07e-03)
avg. loss 5.43788872e-03
time taken for epoch 0:00:54.437635
Epoch 233
[233,     0] loss: 5.310259e-03 masks: 17.0 20.0 [wd: 2.00e-01] [lr: 6.29e-04] [mem: 5.66e+03] (161.9 ms)
[233,     0] grad_stats: [1.13e-04 3.97e-05] (9.60e-06, 6.20e-04)
[233,   116] loss: 5.414132e-03 masks: 21.3 17.4 [wd: 2.00e-01] [lr: 6.27e-04] [mem: 5.66e+03] (171.8 ms)
[233,   116] grad_stats: [2.53e-04 5.11e-05] (1.17e-05, 1.75e-03)
[233,   232] loss: 5.444283e-03 masks: 21.6 17.3 [wd: 2.01e-01] [lr: 6.25e-04] [mem: 5.66e+03] (172.7 ms)
[233,   232] grad_stats: [1.87e-04 4.39e-05] (9.50e-06, 1.29e-03)
avg. loss 5.44428306e-03
time taken for epoch 0:00:53.753997
Epoch 234
[234,     0] loss: 5.313358e-03 masks: 16.0 20.0 [wd: 2.01e-01] [lr: 6.25e-04] [mem: 5.66e+03] (158.8 ms)
[234,     0] grad_stats: [1.10e-04 3.63e-05] (8.88e-06, 1.05e-03)
[234,   116] loss: 5.396976e-03 masks: 22.3 17.3 [wd: 2.01e-01] [lr: 6.24e-04] [mem: 5.66e+03] (174.5 ms)
[234,   116] grad_stats: [1.05e-04 3.18e-05] (9.23e-06, 4.48e-04)
[234,   232] loss: 5.398995e-03 masks: 22.3 17.2 [wd: 2.02e-01] [lr: 6.22e-04] [mem: 5.66e+03] (175.0 ms)
[234,   232] grad_stats: [1.93e-04 4.26e-05] (1.03e-05, 9.29e-04)
avg. loss 5.39899506e-03
time taken for epoch 0:00:54.244773
Epoch 235
[235,     0] loss: 5.307473e-03 masks: 27.0 16.0 [wd: 2.02e-01] [lr: 6.22e-04] [mem: 5.66e+03] (184.9 ms)
[235,     0] grad_stats: [1.60e-04 4.82e-05] (1.03e-05, 1.37e-03)
[235,   116] loss: 5.405900e-03 masks: 22.5 17.1 [wd: 2.03e-01] [lr: 6.20e-04] [mem: 5.66e+03] (174.7 ms)
[235,   116] grad_stats: [1.53e-04 2.98e-05] (1.05e-05, 6.74e-04)
[235,   232] loss: 5.409886e-03 masks: 22.3 17.2 [wd: 2.03e-01] [lr: 6.19e-04] [mem: 5.66e+03] (174.8 ms)
[235,   232] grad_stats: [1.50e-04 3.18e-05] (1.18e-05, 7.14e-04)
avg. loss 5.40988596e-03
time taken for epoch 0:00:54.125740
Epoch 236
[236,     0] loss: 5.742290e-03 masks: 26.0 16.0 [wd: 2.03e-01] [lr: 6.19e-04] [mem: 5.66e+03] (181.7 ms)
[236,     0] grad_stats: [2.11e-04 3.75e-05] (1.24e-05, 5.08e-04)
[236,   116] loss: 5.452763e-03 masks: 22.6 16.9 [wd: 2.04e-01] [lr: 6.17e-04] [mem: 5.66e+03] (174.8 ms)
[236,   116] grad_stats: [1.83e-04 3.70e-05] (9.80e-06, 1.07e-03)
[236,   232] loss: 5.454244e-03 masks: 21.9 17.3 [wd: 2.04e-01] [lr: 6.15e-04] [mem: 5.66e+03] (173.8 ms)
[236,   232] grad_stats: [9.19e-05 4.46e-05] (9.47e-06, 1.12e-03)
avg. loss 5.45424355e-03
time taken for epoch 0:00:53.961861
Epoch 237
[237,     0] loss: 5.578431e-03 masks: 21.0 16.0 [wd: 2.04e-01] [lr: 6.15e-04] [mem: 5.66e+03] (168.2 ms)
[237,     0] grad_stats: [1.27e-04 3.33e-05] (1.16e-05, 7.87e-04)
[237,   116] loss: 5.452955e-03 masks: 21.4 17.5 [wd: 2.05e-01] [lr: 6.14e-04] [mem: 5.66e+03] (172.2 ms)
[237,   116] grad_stats: [1.23e-04 3.24e-05] (8.16e-06, 5.95e-04)
[237,   232] loss: 5.414413e-03 masks: 21.6 17.4 [wd: 2.05e-01] [lr: 6.12e-04] [mem: 5.66e+03] (173.4 ms)
[237,   232] grad_stats: [8.18e-05 3.86e-05] (1.05e-05, 6.37e-04)
avg. loss 5.41441298e-03
time taken for epoch 0:00:53.880819
Epoch 238
[238,     0] loss: 5.574313e-03 masks: 23.0 16.0 [wd: 2.05e-01] [lr: 6.12e-04] [mem: 5.66e+03] (172.5 ms)
[238,     0] grad_stats: [1.29e-04 4.23e-05] (1.09e-05, 1.40e-03)
[238,   116] loss: 5.439852e-03 masks: 22.7 17.0 [wd: 2.06e-01] [lr: 6.10e-04] [mem: 5.66e+03] (175.3 ms)
[238,   116] grad_stats: [2.13e-04 1.11e-04] (1.46e-05, 2.24e-03)
[238,   232] loss: 5.476023e-03 masks: 22.8 16.9 [wd: 2.06e-01] [lr: 6.09e-04] [mem: 5.66e+03] (175.7 ms)
[238,   232] grad_stats: [2.45e-04 3.75e-05] (1.39e-05, 8.88e-04)
avg. loss 5.47602273e-03
time taken for epoch 0:00:54.393526
Epoch 239
[239,     0] loss: 4.859584e-03 masks: 18.0 20.0 [wd: 2.06e-01] [lr: 6.09e-04] [mem: 5.66e+03] (166.1 ms)
[239,     0] grad_stats: [1.30e-04 2.31e-05] (1.05e-05, 4.47e-04)
[239,   116] loss: 5.570732e-03 masks: 22.6 16.9 [wd: 2.07e-01] [lr: 6.07e-04] [mem: 5.66e+03] (174.8 ms)
[239,   116] grad_stats: [1.65e-04 4.33e-05] (1.30e-05, 1.02e-03)
[239,   232] loss: 5.476855e-03 masks: 21.9 17.2 [wd: 2.08e-01] [lr: 6.05e-04] [mem: 5.66e+03] (173.9 ms)
[239,   232] grad_stats: [2.38e-04 4.85e-05] (1.28e-05, 8.93e-04)
avg. loss 5.47685519e-03
time taken for epoch 0:00:53.957562
Epoch 240
[240,     0] loss: 4.634767e-03 masks: 20.0 20.0 [wd: 2.08e-01] [lr: 6.05e-04] [mem: 5.66e+03] (170.0 ms)
[240,     0] grad_stats: [8.22e-05 3.69e-05] (1.08e-05, 1.07e-03)
[240,   116] loss: 5.349265e-03 masks: 22.0 17.4 [wd: 2.08e-01] [lr: 6.04e-04] [mem: 5.66e+03] (174.0 ms)
[240,   116] grad_stats: [1.53e-04 4.31e-05] (1.20e-05, 1.20e-03)
[240,   232] loss: 5.395873e-03 masks: 22.2 17.2 [wd: 2.09e-01] [lr: 6.02e-04] [mem: 5.66e+03] (174.7 ms)
[240,   232] grad_stats: [3.15e-04 5.24e-05] (1.22e-05, 1.65e-03)
avg. loss 5.39587269e-03
time taken for epoch 0:00:54.131193
Epoch 241
[241,     0] loss: 4.922622e-03 masks: 21.0 20.0 [wd: 2.09e-01] [lr: 6.02e-04] [mem: 5.66e+03] (171.7 ms)
[241,     0] grad_stats: [7.31e-05 3.86e-05] (1.21e-05, 1.32e-03)
[241,   116] loss: 5.502005e-03 masks: 22.6 17.0 [wd: 2.09e-01] [lr: 6.00e-04] [mem: 5.66e+03] (174.8 ms)
[241,   116] grad_stats: [1.00e-04 3.91e-05] (1.18e-05, 1.14e-03)
[241,   232] loss: 5.479603e-03 masks: 22.6 17.0 [wd: 2.10e-01] [lr: 5.99e-04] [mem: 5.66e+03] (175.6 ms)
[241,   232] grad_stats: [1.58e-04 4.78e-05] (1.17e-05, 8.96e-04)
avg. loss 5.47960303e-03
time taken for epoch 0:00:54.319311
Epoch 242
[242,     0] loss: 5.479447e-03 masks: 13.0 20.0 [wd: 2.10e-01] [lr: 5.99e-04] [mem: 5.66e+03] (151.5 ms)
[242,     0] grad_stats: [2.27e-04 4.37e-05] (1.28e-05, 1.08e-03)
[242,   116] loss: 5.555814e-03 masks: 22.0 16.9 [wd: 2.10e-01] [lr: 5.97e-04] [mem: 5.66e+03] (173.3 ms)
[242,   116] grad_stats: [3.10e-04 4.40e-05] (1.20e-05, 1.24e-03)
[242,   232] loss: 5.545269e-03 masks: 21.8 17.0 [wd: 2.11e-01] [lr: 5.95e-04] [mem: 5.66e+03] (173.2 ms)
[242,   232] grad_stats: [1.40e-04 4.37e-05] (1.20e-05, 9.11e-04)
avg. loss 5.54526885e-03
time taken for epoch 0:00:53.765210
Epoch 243
[243,     0] loss: 4.759511e-03 masks: 19.0 20.0 [wd: 2.11e-01] [lr: 5.95e-04] [mem: 5.66e+03] (169.8 ms)
[243,     0] grad_stats: [6.09e-05 3.50e-05] (8.28e-06, 8.87e-04)
[243,   116] loss: 5.412562e-03 masks: 22.2 17.3 [wd: 2.12e-01] [lr: 5.94e-04] [mem: 5.66e+03] (174.3 ms)
[243,   116] grad_stats: [1.68e-04 5.50e-05] (1.44e-05, 1.93e-03)
[243,   232] loss: 5.409405e-03 masks: 22.4 17.2 [wd: 2.12e-01] [lr: 5.92e-04] [mem: 5.66e+03] (175.2 ms)
[243,   232] grad_stats: [1.49e-04 4.01e-05] (1.05e-05, 8.68e-04)
avg. loss 5.40940475e-03
time taken for epoch 0:00:54.236575
Epoch 244
[244,     0] loss: 5.682224e-03 masks: 12.0 20.0 [wd: 2.12e-01] [lr: 5.92e-04] [mem: 5.66e+03] (148.3 ms)
[244,     0] grad_stats: [1.45e-04 2.96e-05] (9.06e-06, 7.00e-04)
[244,   116] loss: 5.476554e-03 masks: 21.8 17.3 [wd: 2.13e-01] [lr: 5.90e-04] [mem: 5.66e+03] (173.1 ms)
[244,   116] grad_stats: [2.39e-04 7.57e-05] (1.32e-05, 3.24e-03)
[244,   232] loss: 5.428074e-03 masks: 22.2 17.2 [wd: 2.13e-01] [lr: 5.89e-04] [mem: 5.66e+03] (174.7 ms)
[244,   232] grad_stats: [8.57e-05 5.71e-05] (1.47e-05, 1.84e-03)
avg. loss 5.42807405e-03
time taken for epoch 0:00:54.185672
Epoch 245
[245,     0] loss: 5.665053e-03 masks: 21.0 16.0 [wd: 2.13e-01] [lr: 5.89e-04] [mem: 5.66e+03] (167.5 ms)
[245,     0] grad_stats: [1.81e-04 8.99e-05] (1.28e-05, 3.39e-03)
[245,   116] loss: 5.430435e-03 masks: 21.5 17.4 [wd: 2.14e-01] [lr: 5.87e-04] [mem: 5.66e+03] (172.5 ms)
[245,   116] grad_stats: [1.22e-04 4.30e-05] (9.47e-06, 1.22e-03)
[245,   232] loss: 5.478203e-03 masks: 21.9 17.2 [wd: 2.14e-01] [lr: 5.85e-04] [mem: 5.66e+03] (173.9 ms)
[245,   232] grad_stats: [9.99e-05 3.69e-05] (1.08e-05, 8.04e-04)
avg. loss 5.47820302e-03
time taken for epoch 0:00:53.911308
Epoch 246
[246,     0] loss: 5.876197e-03 masks: 33.0 12.0 [wd: 2.14e-01] [lr: 5.85e-04] [mem: 5.66e+03] (195.0 ms)
[246,     0] grad_stats: [1.45e-04 4.30e-05] (1.86e-05, 1.33e-03)
[246,   116] loss: 5.428115e-03 masks: 22.4 17.1 [wd: 2.15e-01] [lr: 5.84e-04] [mem: 5.66e+03] (174.6 ms)
[246,   116] grad_stats: [1.95e-04 3.12e-05] (8.62e-06, 4.28e-04)
[246,   232] loss: 5.425752e-03 masks: 22.3 17.2 [wd: 2.15e-01] [lr: 5.82e-04] [mem: 5.66e+03] (175.0 ms)
[246,   232] grad_stats: [1.30e-04 6.40e-05] (1.39e-05, 1.51e-03)
avg. loss 5.42575162e-03
time taken for epoch 0:00:54.240350
Epoch 247
[247,     0] loss: 4.584251e-03 masks: 20.0 20.0 [wd: 2.15e-01] [lr: 5.82e-04] [mem: 5.66e+03] (170.6 ms)
[247,     0] grad_stats: [1.51e-04 4.06e-05] (9.25e-06, 9.24e-04)
[247,   116] loss: 5.455909e-03 masks: 21.6 17.5 [wd: 2.16e-01] [lr: 5.80e-04] [mem: 5.66e+03] (172.9 ms)
[247,   116] grad_stats: [2.38e-04 5.37e-05] (1.53e-05, 1.23e-03)
[247,   232] loss: 5.456691e-03 masks: 21.8 17.4 [wd: 2.17e-01] [lr: 5.79e-04] [mem: 5.66e+03] (173.8 ms)
[247,   232] grad_stats: [1.70e-04 3.77e-05] (1.31e-05, 5.76e-04)
avg. loss 5.45669084e-03
time taken for epoch 0:00:53.946392
Epoch 248
[248,     0] loss: 5.654968e-03 masks: 28.0 16.0 [wd: 2.17e-01] [lr: 5.79e-04] [mem: 5.66e+03] (187.4 ms)
[248,     0] grad_stats: [2.59e-04 6.65e-05] (1.84e-05, 2.56e-03)
[248,   116] loss: 5.387213e-03 masks: 21.5 17.5 [wd: 2.17e-01] [lr: 5.77e-04] [mem: 5.66e+03] (172.8 ms)
[248,   116] grad_stats: [6.75e-05 4.02e-05] (9.88e-06, 9.04e-04)
[248,   232] loss: 5.426918e-03 masks: 21.8 17.4 [wd: 2.18e-01] [lr: 5.75e-04] [mem: 5.66e+03] (174.0 ms)
[248,   232] grad_stats: [2.94e-04 5.80e-05] (1.94e-05, 9.54e-04)
avg. loss 5.42691785e-03
time taken for epoch 0:00:53.819074
Epoch 249
[249,     0] loss: 4.851221e-03 masks: 18.0 20.0 [wd: 2.18e-01] [lr: 5.75e-04] [mem: 5.66e+03] (165.0 ms)
[249,     0] grad_stats: [1.64e-04 4.17e-05] (8.93e-06, 6.41e-04)
[249,   116] loss: 5.484475e-03 masks: 22.6 17.0 [wd: 2.18e-01] [lr: 5.74e-04] [mem: 5.66e+03] (175.0 ms)
[249,   116] grad_stats: [1.38e-04 5.71e-05] (1.06e-05, 2.35e-03)
[249,   232] loss: 5.404166e-03 masks: 22.0 17.4 [wd: 2.19e-01] [lr: 5.72e-04] [mem: 5.66e+03] (174.3 ms)
[249,   232] grad_stats: [7.82e-05 5.02e-05] (1.04e-05, 1.59e-03)
avg. loss 5.40416619e-03
time taken for epoch 0:00:54.041430
Epoch 250
[250,     0] loss: 5.308290e-03 masks: 19.0 20.0 [wd: 2.19e-01] [lr: 5.72e-04] [mem: 5.66e+03] (169.4 ms)
[250,     0] grad_stats: [1.23e-04 3.11e-05] (8.04e-06, 4.90e-04)
[250,   116] loss: 5.397760e-03 masks: 22.6 17.1 [wd: 2.19e-01] [lr: 5.70e-04] [mem: 5.66e+03] (175.2 ms)
[250,   116] grad_stats: [1.85e-04 4.68e-05] (1.33e-05, 1.34e-03)
[250,   232] loss: 5.452493e-03 masks: 22.4 17.0 [wd: 2.20e-01] [lr: 5.69e-04] [mem: 5.66e+03] (175.3 ms)
[250,   232] grad_stats: [1.10e-04 3.67e-05] (9.77e-06, 8.56e-04)
avg. loss 5.45249280e-03
time taken for epoch 0:00:54.241839
Epoch 251
[251,     0] loss: 5.257436e-03 masks: 25.0 16.0 [wd: 2.20e-01] [lr: 5.69e-04] [mem: 5.66e+03] (178.5 ms)
[251,     0] grad_stats: [8.96e-05 3.74e-05] (1.04e-05, 1.60e-03)
[251,   116] loss: 5.440995e-03 masks: 21.0 17.6 [wd: 2.21e-01] [lr: 5.67e-04] [mem: 5.66e+03] (171.5 ms)
[251,   116] grad_stats: [1.29e-04 5.12e-05] (7.44e-06, 5.25e-04)
[251,   232] loss: 5.444124e-03 masks: 21.2 17.5 [wd: 2.21e-01] [lr: 5.65e-04] [mem: 5.66e+03] (172.4 ms)
[251,   232] grad_stats: [1.03e-04 5.17e-05] (1.26e-05, 9.47e-04)
avg. loss 5.44412416e-03
time taken for epoch 0:00:53.636765
Epoch 252
[252,     0] loss: 4.082583e-03 masks: 22.0 20.0 [wd: 2.21e-01] [lr: 5.65e-04] [mem: 5.66e+03] (177.1 ms)
[252,     0] grad_stats: [9.53e-05 3.89e-05] (1.10e-05, 9.76e-04)
[252,   116] loss: 5.500098e-03 masks: 21.7 17.2 [wd: 2.22e-01] [lr: 5.63e-04] [mem: 5.66e+03] (172.9 ms)
[252,   116] grad_stats: [3.02e-04 4.18e-05] (1.65e-05, 1.17e-03)
[252,   232] loss: 5.481396e-03 masks: 22.3 17.1 [wd: 2.22e-01] [lr: 5.62e-04] [mem: 5.66e+03] (174.8 ms)
[252,   232] grad_stats: [9.34e-05 5.66e-05] (1.26e-05, 6.58e-04)
avg. loss 5.48139619e-03
time taken for epoch 0:00:54.143235
Epoch 253
[253,     0] loss: 4.912917e-03 masks: 19.0 20.0 [wd: 2.22e-01] [lr: 5.62e-04] [mem: 5.66e+03] (169.6 ms)
[253,     0] grad_stats: [2.75e-04 6.30e-05] (1.03e-05, 1.69e-03)
[253,   116] loss: 5.452049e-03 masks: 22.4 17.2 [wd: 2.23e-01] [lr: 5.60e-04] [mem: 5.66e+03] (174.8 ms)
[253,   116] grad_stats: [2.39e-04 8.38e-05] (1.45e-05, 3.42e-03)
[253,   232] loss: 5.463736e-03 masks: 22.4 17.1 [wd: 2.23e-01] [lr: 5.58e-04] [mem: 5.66e+03] (175.2 ms)
[253,   232] grad_stats: [2.67e-04 5.99e-05] (2.11e-05, 2.48e-03)
avg. loss 5.46373580e-03
time taken for epoch 0:00:54.249812
Epoch 254
[254,     0] loss: 6.919587e-03 masks: 33.0 12.0 [wd: 2.23e-01] [lr: 5.58e-04] [mem: 5.66e+03] (194.7 ms)
[254,     0] grad_stats: [2.11e-04 6.29e-05] (2.08e-05, 2.02e-03)
[254,   116] loss: 5.532187e-03 masks: 22.0 17.2 [wd: 2.24e-01] [lr: 5.57e-04] [mem: 5.66e+03] (173.7 ms)
[254,   116] grad_stats: [2.20e-04 4.68e-05] (1.24e-05, 6.37e-04)
[254,   232] loss: 5.470752e-03 masks: 21.9 17.4 [wd: 2.25e-01] [lr: 5.55e-04] [mem: 5.66e+03] (174.0 ms)
[254,   232] grad_stats: [7.66e-05 4.16e-05] (1.03e-05, 1.17e-03)
avg. loss 5.47075170e-03
time taken for epoch 0:00:54.040098
Epoch 255
[255,     0] loss: 5.000625e-03 masks: 25.0 16.0 [wd: 2.25e-01] [lr: 5.55e-04] [mem: 5.66e+03] (179.3 ms)
[255,     0] grad_stats: [1.75e-04 5.44e-05] (1.31e-05, 1.80e-03)
[255,   116] loss: 5.441168e-03 masks: 22.6 17.1 [wd: 2.25e-01] [lr: 5.53e-04] [mem: 5.66e+03] (175.4 ms)
[255,   116] grad_stats: [2.42e-04 6.14e-05] (9.29e-06, 5.05e-04)
[255,   232] loss: 5.456285e-03 masks: 22.6 17.0 [wd: 2.26e-01] [lr: 5.52e-04] [mem: 5.66e+03] (175.5 ms)
[255,   232] grad_stats: [7.23e-05 3.64e-05] (1.19e-05, 8.01e-04)
avg. loss 5.45628534e-03
time taken for epoch 0:00:54.326271
Epoch 256
[256,     0] loss: 4.948630e-03 masks: 17.0 20.0 [wd: 2.26e-01] [lr: 5.52e-04] [mem: 5.66e+03] (160.0 ms)
[256,     0] grad_stats: [1.38e-04 3.18e-05] (1.12e-05, 5.90e-04)
[256,   116] loss: 5.462818e-03 masks: 22.3 17.2 [wd: 2.26e-01] [lr: 5.50e-04] [mem: 5.66e+03] (174.5 ms)
[256,   116] grad_stats: [1.87e-04 3.73e-05] (1.32e-05, 5.50e-04)
[256,   232] loss: 5.440377e-03 masks: 22.1 17.3 [wd: 2.27e-01] [lr: 5.48e-04] [mem: 5.66e+03] (174.5 ms)
[256,   232] grad_stats: [1.82e-04 3.58e-05] (1.14e-05, 7.99e-04)
avg. loss 5.44037746e-03
time taken for epoch 0:00:54.163690
Epoch 257
[257,     0] loss: 6.254500e-03 masks: 33.0 12.0 [wd: 2.27e-01] [lr: 5.48e-04] [mem: 5.66e+03] (194.2 ms)
[257,     0] grad_stats: [1.92e-04 6.65e-05] (1.54e-05, 2.68e-03)
[257,   116] loss: 5.416105e-03 masks: 21.2 17.5 [wd: 2.27e-01] [lr: 5.46e-04] [mem: 5.66e+03] (171.8 ms)
[257,   116] grad_stats: [1.55e-04 4.01e-05] (1.09e-05, 8.54e-04)
[257,   232] loss: 5.435647e-03 masks: 21.5 17.4 [wd: 2.28e-01] [lr: 5.45e-04] [mem: 5.66e+03] (173.1 ms)
[257,   232] grad_stats: [2.51e-04 6.79e-05] (1.60e-05, 2.96e-03)
avg. loss 5.43564749e-03
time taken for epoch 0:00:53.755891
Epoch 258
[258,     0] loss: 4.592167e-03 masks: 22.0 20.0 [wd: 2.28e-01] [lr: 5.45e-04] [mem: 5.66e+03] (174.9 ms)
[258,     0] grad_stats: [1.93e-04 2.91e-05] (9.00e-06, 6.72e-04)
[258,   116] loss: 5.512270e-03 masks: 21.6 17.4 [wd: 2.28e-01] [lr: 5.43e-04] [mem: 5.66e+03] (173.0 ms)
[258,   116] grad_stats: [8.71e-05 5.87e-05] (1.41e-05, 1.24e-03)
[258,   232] loss: 5.475966e-03 masks: 21.8 17.3 [wd: 2.29e-01] [lr: 5.41e-04] [mem: 5.66e+03] (173.9 ms)
[258,   232] grad_stats: [1.15e-04 3.35e-05] (1.14e-05, 7.48e-04)
avg. loss 5.47596621e-03
time taken for epoch 0:00:53.971910
Epoch 259
[259,     0] loss: 5.104099e-03 masks: 25.0 16.0 [wd: 2.29e-01] [lr: 5.41e-04] [mem: 5.66e+03] (179.6 ms)
[259,     0] grad_stats: [7.04e-05 4.20e-05] (1.22e-05, 1.15e-03)
[259,   116] loss: 5.402974e-03 masks: 22.7 17.2 [wd: 2.30e-01] [lr: 5.40e-04] [mem: 5.66e+03] (175.4 ms)
[259,   116] grad_stats: [2.82e-04 5.49e-05] (1.46e-05, 1.75e-03)
[259,   232] loss: 5.419542e-03 masks: 22.4 17.1 [wd: 2.30e-01] [lr: 5.38e-04] [mem: 5.66e+03] (174.9 ms)
[259,   232] grad_stats: [2.28e-04 4.41e-05] (1.57e-05, 9.09e-04)
avg. loss 5.41954245e-03
time taken for epoch 0:00:54.260663
Epoch 260
[260,     0] loss: 5.255094e-03 masks: 25.0 16.0 [wd: 2.30e-01] [lr: 5.38e-04] [mem: 5.66e+03] (179.1 ms)
[260,     0] grad_stats: [1.32e-04 4.66e-05] (1.31e-05, 1.47e-03)
[260,   116] loss: 5.384773e-03 masks: 22.2 17.3 [wd: 2.31e-01] [lr: 5.36e-04] [mem: 5.66e+03] (174.6 ms)
[260,   116] grad_stats: [9.73e-05 5.64e-05] (1.22e-05, 1.74e-03)
[260,   232] loss: 5.434043e-03 masks: 22.0 17.3 [wd: 2.31e-01] [lr: 5.35e-04] [mem: 5.66e+03] (174.3 ms)
[260,   232] grad_stats: [1.96e-04 4.26e-05] (9.73e-06, 5.51e-04)
avg. loss 5.43404325e-03
time taken for epoch 0:00:54.108275
Epoch 261
[261,     0] loss: 4.275637e-03 masks: 19.0 20.0 [wd: 2.31e-01] [lr: 5.35e-04] [mem: 5.66e+03] (169.1 ms)
[261,     0] grad_stats: [6.63e-05 3.79e-05] (9.88e-06, 5.60e-04)
[261,   116] loss: 5.407026e-03 masks: 22.4 17.2 [wd: 2.32e-01] [lr: 5.33e-04] [mem: 5.66e+03] (174.8 ms)
[261,   116] grad_stats: [2.32e-04 6.81e-05] (1.66e-05, 2.33e-03)
[261,   232] loss: 5.385799e-03 masks: 22.0 17.3 [wd: 2.32e-01] [lr: 5.31e-04] [mem: 5.66e+03] (174.4 ms)
[261,   232] grad_stats: [1.05e-04 6.14e-05] (1.67e-05, 1.55e-03)
avg. loss 5.38579896e-03
time taken for epoch 0:00:54.058385
Epoch 262
[262,     0] loss: 5.420859e-03 masks: 23.0 16.0 [wd: 2.32e-01] [lr: 5.31e-04] [mem: 5.66e+03] (172.7 ms)
[262,     0] grad_stats: [9.80e-05 4.28e-05] (1.23e-05, 6.62e-04)
[262,   116] loss: 5.432860e-03 masks: 21.6 17.5 [wd: 2.33e-01] [lr: 5.29e-04] [mem: 5.66e+03] (173.0 ms)
[262,   116] grad_stats: [1.72e-04 6.66e-05] (1.92e-05, 2.68e-03)
[262,   232] loss: 5.435287e-03 masks: 21.5 17.4 [wd: 2.34e-01] [lr: 5.28e-04] [mem: 5.66e+03] (173.1 ms)
[262,   232] grad_stats: [9.93e-05 3.83e-05] (9.97e-06, 5.60e-04)
avg. loss 5.43528682e-03
time taken for epoch 0:00:53.732483
Epoch 263
[263,     0] loss: 5.399280e-03 masks: 24.0 16.0 [wd: 2.34e-01] [lr: 5.28e-04] [mem: 5.66e+03] (175.9 ms)
[263,     0] grad_stats: [1.56e-04 4.25e-05] (1.30e-05, 1.23e-03)
[263,   116] loss: 5.439635e-03 masks: 22.4 17.0 [wd: 2.34e-01] [lr: 5.26e-04] [mem: 5.66e+03] (174.5 ms)
[263,   116] grad_stats: [7.15e-05 3.48e-05] (1.14e-05, 5.62e-04)
[263,   232] loss: 5.411683e-03 masks: 22.1 17.2 [wd: 2.35e-01] [lr: 5.24e-04] [mem: 5.66e+03] (174.6 ms)
[263,   232] grad_stats: [1.08e-04 3.57e-05] (1.14e-05, 1.07e-03)
avg. loss 5.41168278e-03
time taken for epoch 0:00:54.099976
Epoch 264
[264,     0] loss: 5.137207e-03 masks: 18.0 20.0 [wd: 2.35e-01] [lr: 5.24e-04] [mem: 5.66e+03] (165.1 ms)
[264,     0] grad_stats: [6.34e-05 3.79e-05] (1.21e-05, 7.03e-04)
[264,   116] loss: 5.414164e-03 masks: 21.6 17.4 [wd: 2.35e-01] [lr: 5.23e-04] [mem: 5.66e+03] (172.9 ms)
[264,   116] grad_stats: [1.29e-04 4.28e-05] (1.21e-05, 7.90e-04)
[264,   232] loss: 5.418075e-03 masks: 21.7 17.4 [wd: 2.36e-01] [lr: 5.21e-04] [mem: 5.66e+03] (173.6 ms)
[264,   232] grad_stats: [7.87e-05 4.64e-05] (1.13e-05, 1.07e-03)
avg. loss 5.41807506e-03
time taken for epoch 0:00:54.000155
Epoch 265
[265,     0] loss: 4.660378e-03 masks: 19.0 20.0 [wd: 2.36e-01] [lr: 5.21e-04] [mem: 5.66e+03] (170.3 ms)
[265,     0] grad_stats: [1.38e-04 4.59e-05] (1.27e-05, 1.84e-03)
[265,   116] loss: 5.478722e-03 masks: 21.7 17.2 [wd: 2.36e-01] [lr: 5.19e-04] [mem: 5.66e+03] (172.7 ms)
[265,   116] grad_stats: [9.28e-05 4.23e-05] (1.08e-05, 9.24e-04)
[265,   232] loss: 5.432168e-03 masks: 21.2 17.5 [wd: 2.37e-01] [lr: 5.18e-04] [mem: 5.66e+03] (172.3 ms)
[265,   232] grad_stats: [1.86e-04 6.34e-05] (1.98e-05, 1.83e-03)
avg. loss 5.43216839e-03
time taken for epoch 0:00:53.518001
Epoch 266
[266,     0] loss: 4.981251e-03 masks: 16.0 20.0 [wd: 2.37e-01] [lr: 5.18e-04] [mem: 5.66e+03] (159.4 ms)
[266,     0] grad_stats: [7.65e-05 3.78e-05] (1.24e-05, 9.55e-04)
[266,   116] loss: 5.358794e-03 masks: 21.2 17.7 [wd: 2.38e-01] [lr: 5.16e-04] [mem: 5.66e+03] (172.3 ms)
[266,   116] grad_stats: [6.76e-05 4.76e-05] (1.34e-05, 9.35e-04)
[266,   232] loss: 5.382125e-03 masks: 21.4 17.6 [wd: 2.38e-01] [lr: 5.14e-04] [mem: 5.66e+03] (173.2 ms)
[266,   232] grad_stats: [1.09e-04 3.87e-05] (1.23e-05, 7.89e-04)
avg. loss 5.38212548e-03
time taken for epoch 0:00:53.825533
Epoch 267
[267,     0] loss: 4.723479e-03 masks: 20.0 20.0 [wd: 2.38e-01] [lr: 5.14e-04] [mem: 5.66e+03] (171.4 ms)
[267,     0] grad_stats: [1.59e-04 3.44e-05] (1.11e-05, 7.52e-04)
[267,   116] loss: 5.421480e-03 masks: 22.2 17.3 [wd: 2.39e-01] [lr: 5.12e-04] [mem: 5.66e+03] (174.2 ms)
[267,   116] grad_stats: [1.42e-04 4.50e-05] (1.25e-05, 1.28e-03)
[267,   232] loss: 5.413200e-03 masks: 22.2 17.3 [wd: 2.39e-01] [lr: 5.11e-04] [mem: 5.66e+03] (174.9 ms)
[267,   232] grad_stats: [1.21e-04 4.09e-05] (1.22e-05, 1.41e-03)
avg. loss 5.41319967e-03
time taken for epoch 0:00:54.245403
Epoch 268
[268,     0] loss: 6.757542e-03 masks: 17.0 16.0 [wd: 2.39e-01] [lr: 5.11e-04] [mem: 5.66e+03] (157.0 ms)
[268,     0] grad_stats: [1.67e-04 5.33e-05] (1.54e-05, 9.39e-04)
[268,   116] loss: 5.465499e-03 masks: 22.0 17.2 [wd: 2.40e-01] [lr: 5.09e-04] [mem: 5.66e+03] (173.6 ms)
[268,   116] grad_stats: [1.03e-04 6.28e-05] (1.29e-05, 1.14e-03)
[268,   232] loss: 5.454127e-03 masks: 22.0 17.2 [wd: 2.40e-01] [lr: 5.07e-04] [mem: 5.66e+03] (174.1 ms)
[268,   232] grad_stats: [1.92e-04 4.34e-05] (1.09e-05, 1.11e-03)
avg. loss 5.45412719e-03
time taken for epoch 0:00:53.982700
Epoch 269
[269,     0] loss: 4.517965e-03 masks: 23.0 20.0 [wd: 2.40e-01] [lr: 5.07e-04] [mem: 5.66e+03] (178.0 ms)
[269,     0] grad_stats: [1.32e-04 4.52e-05] (1.37e-05, 9.81e-04)
[269,   116] loss: 5.480216e-03 masks: 22.2 17.3 [wd: 2.41e-01] [lr: 5.06e-04] [mem: 5.66e+03] (174.2 ms)
[269,   116] grad_stats: [1.64e-04 2.92e-05] (9.71e-06, 4.44e-04)
[269,   232] loss: 5.431701e-03 masks: 22.2 17.3 [wd: 2.41e-01] [lr: 5.04e-04] [mem: 5.66e+03] (174.9 ms)
[269,   232] grad_stats: [8.01e-05 4.80e-05] (1.17e-05, 1.41e-03)
avg. loss 5.43170139e-03
time taken for epoch 0:00:54.242174
Epoch 270
[270,     0] loss: 6.328875e-03 masks: 26.0 16.0 [wd: 2.41e-01] [lr: 5.04e-04] [mem: 5.66e+03] (181.6 ms)
[270,     0] grad_stats: [1.74e-04 4.98e-05] (1.46e-05, 6.96e-04)
[270,   116] loss: 5.469518e-03 masks: 22.3 17.2 [wd: 2.42e-01] [lr: 5.02e-04] [mem: 5.66e+03] (174.5 ms)
[270,   116] grad_stats: [1.13e-04 3.45e-05] (1.00e-05, 7.59e-04)
[270,   232] loss: 5.438581e-03 masks: 22.1 17.3 [wd: 2.43e-01] [lr: 5.01e-04] [mem: 5.66e+03] (174.5 ms)
[270,   232] grad_stats: [1.11e-04 3.52e-05] (1.22e-05, 5.94e-04)
avg. loss 5.43858089e-03
time taken for epoch 0:00:54.075329
Epoch 271
[271,     0] loss: 5.683722e-03 masks: 21.0 16.0 [wd: 2.43e-01] [lr: 5.00e-04] [mem: 5.66e+03] (168.1 ms)
[271,     0] grad_stats: [1.02e-04 3.97e-05] (1.21e-05, 5.08e-04)
[271,   116] loss: 5.464128e-03 masks: 21.9 17.3 [wd: 2.43e-01] [lr: 4.99e-04] [mem: 5.66e+03] (173.3 ms)
[271,   116] grad_stats: [2.30e-04 7.10e-05] (1.53e-05, 1.39e-03)
[271,   232] loss: 5.492097e-03 masks: 22.2 17.1 [wd: 2.44e-01] [lr: 4.97e-04] [mem: 5.66e+03] (174.5 ms)
[271,   232] grad_stats: [9.30e-05 4.21e-05] (1.51e-05, 1.11e-03)
avg. loss 5.49209695e-03
time taken for epoch 0:00:54.133276
Epoch 272
[272,     0] loss: 4.742687e-03 masks: 20.0 20.0 [wd: 2.44e-01] [lr: 4.97e-04] [mem: 5.66e+03] (171.3 ms)
[272,     0] grad_stats: [2.06e-04 4.97e-05] (1.08e-05, 8.88e-04)
[272,   116] loss: 5.520551e-03 masks: 22.0 17.2 [wd: 2.44e-01] [lr: 4.95e-04] [mem: 5.66e+03] (173.7 ms)
[272,   116] grad_stats: [8.56e-05 5.15e-05] (1.38e-05, 1.12e-03)
[272,   232] loss: 5.508541e-03 masks: 22.2 17.1 [wd: 2.45e-01] [lr: 4.94e-04] [mem: 5.66e+03] (174.7 ms)
[272,   232] grad_stats: [1.81e-04 4.79e-05] (1.65e-05, 1.27e-03)
avg. loss 5.50854147e-03
time taken for epoch 0:00:53.981614
Epoch 273
[273,     0] loss: 4.698304e-03 masks: 21.0 20.0 [wd: 2.45e-01] [lr: 4.94e-04] [mem: 5.66e+03] (171.1 ms)
[273,     0] grad_stats: [1.55e-04 3.00e-05] (1.19e-05, 1.02e-03)
[273,   116] loss: 5.474124e-03 masks: 22.0 17.2 [wd: 2.45e-01] [lr: 4.92e-04] [mem: 5.66e+03] (173.9 ms)
[273,   116] grad_stats: [1.37e-04 6.15e-05] (1.37e-05, 1.97e-03)
[273,   232] loss: 5.417231e-03 masks: 21.9 17.4 [wd: 2.46e-01] [lr: 4.90e-04] [mem: 5.66e+03] (174.2 ms)
[273,   232] grad_stats: [1.11e-04 5.43e-05] (1.29e-05, 1.83e-03)
avg. loss 5.41723053e-03
time taken for epoch 0:00:55.175477
Epoch 274
[274,     0] loss: 5.366583e-03 masks: 21.0 16.0 [wd: 2.46e-01] [lr: 4.90e-04] [mem: 5.66e+03] (165.8 ms)
[274,     0] grad_stats: [6.75e-05 6.06e-05] (1.32e-05, 5.35e-04)
[274,   116] loss: 5.496756e-03 masks: 22.8 17.0 [wd: 2.46e-01] [lr: 4.89e-04] [mem: 5.66e+03] (175.6 ms)
[274,   116] grad_stats: [6.58e-05 4.00e-05] (1.15e-05, 9.33e-04)
[274,   232] loss: 5.530240e-03 masks: 22.2 17.0 [wd: 2.47e-01] [lr: 4.87e-04] [mem: 5.66e+03] (174.5 ms)
[274,   232] grad_stats: [1.55e-04 4.45e-05] (1.36e-05, 1.05e-03)
avg. loss 5.53023966e-03
time taken for epoch 0:00:54.195524
Epoch 275
[275,     0] loss: 5.880518e-03 masks: 21.0 16.0 [wd: 2.47e-01] [lr: 4.87e-04] [mem: 5.66e+03] (167.9 ms)
[275,     0] grad_stats: [1.64e-04 4.78e-05] (1.40e-05, 7.02e-04)
[275,   116] loss: 5.470905e-03 masks: 21.6 17.4 [wd: 2.48e-01] [lr: 4.85e-04] [mem: 5.66e+03] (172.9 ms)
[275,   116] grad_stats: [8.52e-05 3.12e-05] (1.01e-05, 5.84e-04)
[275,   232] loss: 5.503531e-03 masks: 21.8 17.2 [wd: 2.48e-01] [lr: 4.83e-04] [mem: 5.66e+03] (173.7 ms)
[275,   232] grad_stats: [1.12e-04 6.75e-05] (1.27e-05, 6.05e-04)
avg. loss 5.50353124e-03
time taken for epoch 0:00:53.918781
Epoch 276
[276,     0] loss: 5.629253e-03 masks: 14.0 20.0 [wd: 2.48e-01] [lr: 4.83e-04] [mem: 5.66e+03] (154.4 ms)
[276,     0] grad_stats: [1.51e-04 6.29e-05] (1.18e-05, 1.93e-03)
[276,   116] loss: 5.436262e-03 masks: 21.9 17.3 [wd: 2.49e-01] [lr: 4.82e-04] [mem: 5.66e+03] (173.5 ms)
[276,   116] grad_stats: [1.38e-04 4.18e-05] (1.82e-05, 8.60e-04)
[276,   232] loss: 5.394021e-03 masks: 21.4 17.5 [wd: 2.49e-01] [lr: 4.80e-04] [mem: 5.66e+03] (172.9 ms)
[276,   232] grad_stats: [4.11e-04 5.70e-05] (1.82e-05, 1.26e-03)
avg. loss 5.39402102e-03
time taken for epoch 0:00:53.708001
Epoch 277
[277,     0] loss: 5.051793e-03 masks: 25.0 16.0 [wd: 2.49e-01] [lr: 4.80e-04] [mem: 5.66e+03] (178.8 ms)
[277,     0] grad_stats: [7.47e-05 4.57e-05] (1.52e-05, 7.26e-04)
[277,   116] loss: 5.469815e-03 masks: 21.0 17.4 [wd: 2.50e-01] [lr: 4.78e-04] [mem: 5.66e+03] (171.2 ms)
[277,   116] grad_stats: [1.37e-04 4.95e-05] (1.26e-05, 7.60e-04)
[277,   232] loss: 5.485620e-03 masks: 21.4 17.3 [wd: 2.50e-01] [lr: 4.77e-04] [mem: 5.66e+03] (172.6 ms)
[277,   232] grad_stats: [1.23e-04 3.93e-05] (1.39e-05, 5.17e-04)
avg. loss 5.48561963e-03
time taken for epoch 0:00:53.624187
Epoch 278
[278,     0] loss: 4.592669e-03 masks: 19.0 20.0 [wd: 2.50e-01] [lr: 4.77e-04] [mem: 5.66e+03] (168.7 ms)
[278,     0] grad_stats: [1.83e-04 4.96e-05] (1.29e-05, 7.54e-04)
[278,   116] loss: 5.448593e-03 masks: 21.8 17.4 [wd: 2.51e-01] [lr: 4.75e-04] [mem: 5.66e+03] (173.5 ms)
[278,   116] grad_stats: [1.30e-04 4.13e-05] (1.36e-05, 1.23e-03)
[278,   232] loss: 5.418833e-03 masks: 21.9 17.4 [wd: 2.52e-01] [lr: 4.73e-04] [mem: 5.66e+03] (174.2 ms)
[278,   232] grad_stats: [2.55e-04 4.55e-05] (1.44e-05, 1.09e-03)
avg. loss 5.41883279e-03
time taken for epoch 0:00:54.076356
Epoch 279
[279,     0] loss: 5.518422e-03 masks: 24.0 16.0 [wd: 2.52e-01] [lr: 4.73e-04] [mem: 5.66e+03] (175.6 ms)
[279,     0] grad_stats: [1.96e-04 7.22e-05] (1.54e-05, 2.50e-03)
[279,   116] loss: 5.403219e-03 masks: 21.8 17.5 [wd: 2.52e-01] [lr: 4.72e-04] [mem: 5.66e+03] (173.5 ms)
[279,   116] grad_stats: [8.73e-05 3.87e-05] (1.13e-05, 5.85e-04)
[279,   232] loss: 5.409428e-03 masks: 22.2 17.3 [wd: 2.53e-01] [lr: 4.70e-04] [mem: 5.66e+03] (174.8 ms)
[279,   232] grad_stats: [8.68e-05 5.20e-05] (1.54e-05, 2.02e-03)
avg. loss 5.40942771e-03
time taken for epoch 0:00:54.179183
Epoch 280
[280,     0] loss: 4.944583e-03 masks: 24.0 16.0 [wd: 2.53e-01] [lr: 4.70e-04] [mem: 5.66e+03] (175.4 ms)
[280,     0] grad_stats: [1.32e-04 6.37e-05] (1.30e-05, 3.02e-03)
[280,   116] loss: 5.378405e-03 masks: 22.3 17.3 [wd: 2.53e-01] [lr: 4.68e-04] [mem: 5.66e+03] (174.7 ms)
[280,   116] grad_stats: [1.66e-04 6.25e-05] (2.28e-05, 2.80e-03)
[280,   232] loss: 5.453062e-03 masks: 22.2 17.1 [wd: 2.54e-01] [lr: 4.66e-04] [mem: 5.66e+03] (174.7 ms)
[280,   232] grad_stats: [1.82e-04 5.82e-05] (1.38e-05, 1.60e-03)
avg. loss 5.45306196e-03
time taken for epoch 0:00:54.171568
Epoch 281
[281,     0] loss: 5.962368e-03 masks: 20.0 16.0 [wd: 2.54e-01] [lr: 4.66e-04] [mem: 5.66e+03] (166.8 ms)
[281,     0] grad_stats: [1.39e-04 5.20e-05] (1.38e-05, 1.04e-03)
[281,   116] loss: 5.424648e-03 masks: 21.4 17.5 [wd: 2.54e-01] [lr: 4.65e-04] [mem: 5.66e+03] (172.5 ms)
[281,   116] grad_stats: [1.50e-04 4.00e-05] (1.06e-05, 6.50e-04)
[281,   232] loss: 5.374223e-03 masks: 21.7 17.4 [wd: 2.55e-01] [lr: 4.63e-04] [mem: 5.66e+03] (173.6 ms)
[281,   232] grad_stats: [1.20e-04 7.82e-05] (1.49e-05, 3.61e-03)
avg. loss 5.37422293e-03
time taken for epoch 0:00:53.876632
Epoch 282
[282,     0] loss: 4.364821e-03 masks: 19.0 20.0 [wd: 2.55e-01] [lr: 4.63e-04] [mem: 5.66e+03] (169.3 ms)
[282,     0] grad_stats: [1.83e-04 3.32e-05] (1.22e-05, 5.29e-04)
[282,   116] loss: 5.407287e-03 masks: 21.4 17.5 [wd: 2.55e-01] [lr: 4.61e-04] [mem: 5.66e+03] (172.6 ms)
[282,   116] grad_stats: [6.86e-05 3.86e-05] (1.27e-05, 8.92e-04)
[282,   232] loss: 5.379402e-03 masks: 21.6 17.5 [wd: 2.56e-01] [lr: 4.60e-04] [mem: 5.66e+03] (173.4 ms)
[282,   232] grad_stats: [1.27e-04 6.12e-05] (1.76e-05, 1.45e-03)
avg. loss 5.37940196e-03
time taken for epoch 0:00:53.766324
Epoch 283
[283,     0] loss: 5.514562e-03 masks: 22.0 16.0 [wd: 2.56e-01] [lr: 4.60e-04] [mem: 5.66e+03] (170.0 ms)
[283,     0] grad_stats: [2.14e-04 3.75e-05] (1.49e-05, 6.08e-04)
[283,   116] loss: 5.425904e-03 masks: 22.2 17.1 [wd: 2.57e-01] [lr: 4.58e-04] [mem: 5.66e+03] (174.0 ms)
[283,   116] grad_stats: [2.03e-04 6.21e-05] (1.29e-05, 1.31e-03)
[283,   232] loss: 5.389558e-03 masks: 22.2 17.3 [wd: 2.57e-01] [lr: 4.56e-04] [mem: 5.66e+03] (174.7 ms)
[283,   232] grad_stats: [1.98e-04 3.79e-05] (1.45e-05, 8.92e-04)
avg. loss 5.38955790e-03
time taken for epoch 0:00:54.215366
Epoch 284
[284,     0] loss: 5.564844e-03 masks: 20.0 16.0 [wd: 2.57e-01] [lr: 4.56e-04] [mem: 5.66e+03] (166.3 ms)
[284,     0] grad_stats: [1.35e-04 4.37e-05] (1.43e-05, 9.55e-04)
[284,   116] loss: 5.450708e-03 masks: 21.3 17.3 [wd: 2.58e-01] [lr: 4.55e-04] [mem: 5.66e+03] (171.8 ms)
[284,   116] grad_stats: [2.26e-04 5.67e-05] (1.18e-05, 1.60e-03)
[284,   232] loss: 5.462484e-03 masks: 22.0 17.1 [wd: 2.58e-01] [lr: 4.53e-04] [mem: 5.66e+03] (173.9 ms)
[284,   232] grad_stats: [2.54e-04 4.96e-05] (1.36e-05, 1.18e-03)
avg. loss 5.46248415e-03
time taken for epoch 0:00:54.056600
Epoch 285
[285,     0] loss: 5.225890e-03 masks: 18.0 20.0 [wd: 2.58e-01] [lr: 4.53e-04] [mem: 5.66e+03] (166.1 ms)
[285,     0] grad_stats: [1.36e-04 6.08e-05] (1.35e-05, 8.85e-04)
[285,   116] loss: 5.343395e-03 masks: 21.7 17.5 [wd: 2.59e-01] [lr: 4.51e-04] [mem: 5.66e+03] (173.5 ms)
[285,   116] grad_stats: [1.68e-04 4.96e-05] (1.88e-05, 1.26e-03)
[285,   232] loss: 5.369229e-03 masks: 21.9 17.4 [wd: 2.59e-01] [lr: 4.49e-04] [mem: 5.66e+03] (174.3 ms)
[285,   232] grad_stats: [2.42e-04 6.24e-05] (1.83e-05, 2.46e-03)
avg. loss 5.36922942e-03
time taken for epoch 0:00:54.088270
Epoch 286
[286,     0] loss: 4.770945e-03 masks: 20.0 20.0 [wd: 2.59e-01] [lr: 4.49e-04] [mem: 5.66e+03] (171.0 ms)
[286,     0] grad_stats: [1.69e-04 4.72e-05] (1.34e-05, 7.67e-04)
[286,   116] loss: 5.372695e-03 masks: 20.8 17.8 [wd: 2.60e-01] [lr: 4.48e-04] [mem: 5.66e+03] (171.4 ms)
[286,   116] grad_stats: [1.56e-04 4.00e-05] (1.40e-05, 9.11e-04)
[286,   232] loss: 5.355343e-03 masks: 21.1 17.7 [wd: 2.60e-01] [lr: 4.46e-04] [mem: 5.66e+03] (172.4 ms)
[286,   232] grad_stats: [2.38e-04 4.17e-05] (1.46e-05, 5.93e-04)
avg. loss 5.35534263e-03
time taken for epoch 0:00:53.606551
Epoch 287
[287,     0] loss: 5.486574e-03 masks: 17.0 20.0 [wd: 2.60e-01] [lr: 4.46e-04] [mem: 5.66e+03] (162.3 ms)
[287,     0] grad_stats: [1.41e-04 5.52e-05] (1.37e-05, 6.41e-04)
[287,   116] loss: 5.403739e-03 masks: 22.2 17.2 [wd: 2.61e-01] [lr: 4.44e-04] [mem: 5.66e+03] (174.3 ms)
[287,   116] grad_stats: [1.65e-04 3.94e-05] (1.39e-05, 6.29e-04)
[287,   232] loss: 5.465878e-03 masks: 21.8 17.2 [wd: 2.61e-01] [lr: 4.43e-04] [mem: 5.66e+03] (173.5 ms)
[287,   232] grad_stats: [1.01e-04 4.88e-05] (1.36e-05, 6.27e-04)
avg. loss 5.46587791e-03
time taken for epoch 0:00:53.884642
Epoch 288
[288,     0] loss: 4.994004e-03 masks: 26.0 16.0 [wd: 2.61e-01] [lr: 4.43e-04] [mem: 5.66e+03] (182.8 ms)
[288,     0] grad_stats: [1.96e-04 4.58e-05] (1.53e-05, 1.57e-03)
[288,   116] loss: 5.329820e-03 masks: 22.0 17.5 [wd: 2.62e-01] [lr: 4.41e-04] [mem: 5.66e+03] (174.0 ms)
[288,   116] grad_stats: [1.17e-04 4.17e-05] (1.26e-05, 7.71e-04)
[288,   232] loss: 5.335631e-03 masks: 21.7 17.5 [wd: 2.63e-01] [lr: 4.39e-04] [mem: 5.66e+03] (173.7 ms)
[288,   232] grad_stats: [2.23e-04 4.19e-05] (1.38e-05, 6.81e-04)
avg. loss 5.33563072e-03
time taken for epoch 0:00:54.014405
Epoch 289
[289,     0] loss: 5.555804e-03 masks: 28.0 16.0 [wd: 2.63e-01] [lr: 4.39e-04] [mem: 5.66e+03] (188.7 ms)
[289,     0] grad_stats: [1.76e-04 5.73e-05] (1.65e-05, 1.16e-03)
[289,   116] loss: 5.461275e-03 masks: 22.5 16.8 [wd: 2.63e-01] [lr: 4.38e-04] [mem: 5.66e+03] (174.5 ms)
[289,   116] grad_stats: [2.35e-04 5.84e-05] (1.59e-05, 1.34e-03)
[289,   232] loss: 5.475118e-03 masks: 22.3 17.0 [wd: 2.64e-01] [lr: 4.36e-04] [mem: 5.66e+03] (174.5 ms)
[289,   232] grad_stats: [1.84e-04 5.96e-05] (1.37e-05, 7.89e-04)
avg. loss 5.47511815e-03
time taken for epoch 0:00:54.016079
Epoch 290
[290,     0] loss: 4.807672e-03 masks: 24.0 16.0 [wd: 2.64e-01] [lr: 4.36e-04] [mem: 5.66e+03] (176.7 ms)
[290,     0] grad_stats: [2.17e-04 5.68e-05] (1.67e-05, 1.95e-03)
[290,   116] loss: 5.411775e-03 masks: 22.5 17.2 [wd: 2.64e-01] [lr: 4.34e-04] [mem: 5.66e+03] (175.3 ms)
[290,   116] grad_stats: [2.86e-04 8.35e-05] (2.00e-05, 2.33e-03)
[290,   232] loss: 5.413095e-03 masks: 22.4 17.1 [wd: 2.65e-01] [lr: 4.32e-04] [mem: 5.66e+03] (175.3 ms)
[290,   232] grad_stats: [1.43e-04 5.26e-05] (1.51e-05, 1.97e-03)
avg. loss 5.41309542e-03
time taken for epoch 0:00:54.254457
Epoch 291
[291,     0] loss: 5.384196e-03 masks: 15.0 20.0 [wd: 2.65e-01] [lr: 4.32e-04] [mem: 5.66e+03] (156.7 ms)
[291,     0] grad_stats: [8.60e-05 6.03e-05] (1.63e-05, 1.23e-03)
[291,   116] loss: 5.281094e-03 masks: 21.1 17.8 [wd: 2.65e-01] [lr: 4.31e-04] [mem: 5.66e+03] (171.9 ms)
[291,   116] grad_stats: [1.27e-04 6.26e-05] (1.67e-05, 2.00e-03)
[291,   232] loss: 5.340919e-03 masks: 21.5 17.6 [wd: 2.66e-01] [lr: 4.29e-04] [mem: 5.66e+03] (173.4 ms)
[291,   232] grad_stats: [2.51e-04 5.35e-05] (1.60e-05, 1.54e-03)
avg. loss 5.34091915e-03
time taken for epoch 0:00:53.859887
Epoch 292
[292,     0] loss: 5.274785e-03 masks: 29.0 16.0 [wd: 2.66e-01] [lr: 4.29e-04] [mem: 5.66e+03] (188.8 ms)
[292,     0] grad_stats: [1.57e-04 8.94e-05] (1.81e-05, 3.58e-03)
[292,   116] loss: 5.353505e-03 masks: 22.0 17.4 [wd: 2.66e-01] [lr: 4.27e-04] [mem: 5.66e+03] (173.8 ms)
[292,   116] grad_stats: [1.10e-04 5.24e-05] (1.63e-05, 1.33e-03)
[292,   232] loss: 5.414246e-03 masks: 21.8 17.3 [wd: 2.67e-01] [lr: 4.26e-04] [mem: 5.66e+03] (173.7 ms)
[292,   232] grad_stats: [7.69e-05 5.76e-05] (1.52e-05, 2.00e-03)
avg. loss 5.41424635e-03
time taken for epoch 0:00:53.923139
Epoch 293
[293,     0] loss: 5.585317e-03 masks: 25.0 16.0 [wd: 2.67e-01] [lr: 4.26e-04] [mem: 5.66e+03] (179.7 ms)
[293,     0] grad_stats: [1.56e-04 5.75e-05] (1.66e-05, 1.00e-03)
[293,   116] loss: 5.351434e-03 masks: 21.4 17.6 [wd: 2.67e-01] [lr: 4.24e-04] [mem: 5.66e+03] (172.7 ms)
[293,   116] grad_stats: [2.58e-04 5.54e-05] (1.34e-05, 6.55e-04)
[293,   232] loss: 5.418967e-03 masks: 22.0 17.3 [wd: 2.68e-01] [lr: 4.22e-04] [mem: 5.66e+03] (174.3 ms)
[293,   232] grad_stats: [1.03e-04 4.87e-05] (1.52e-05, 6.18e-04)
avg. loss 5.41896722e-03
time taken for epoch 0:00:54.112424
Epoch 294
[294,     0] loss: 4.447197e-03 masks: 20.0 20.0 [wd: 2.68e-01] [lr: 4.22e-04] [mem: 5.66e+03] (168.2 ms)
[294,     0] grad_stats: [1.37e-04 3.62e-05] (1.17e-05, 8.02e-04)
[294,   116] loss: 5.458116e-03 masks: 22.5 16.9 [wd: 2.69e-01] [lr: 4.21e-04] [mem: 5.66e+03] (174.7 ms)
[294,   116] grad_stats: [7.83e-05 3.47e-05] (1.16e-05, 6.21e-04)
[294,   232] loss: 5.448269e-03 masks: 22.2 17.0 [wd: 2.69e-01] [lr: 4.19e-04] [mem: 5.66e+03] (174.4 ms)
[294,   232] grad_stats: [1.16e-04 4.35e-05] (1.18e-05, 1.62e-03)
avg. loss 5.44826874e-03
time taken for epoch 0:00:54.121919
Epoch 295
[295,     0] loss: 4.807835e-03 masks: 21.0 20.0 [wd: 2.69e-01] [lr: 4.19e-04] [mem: 5.66e+03] (174.2 ms)
[295,     0] grad_stats: [9.61e-05 4.91e-05] (1.27e-05, 7.31e-04)
[295,   116] loss: 5.354347e-03 masks: 21.8 17.4 [wd: 2.70e-01] [lr: 4.17e-04] [mem: 5.66e+03] (173.4 ms)
[295,   116] grad_stats: [1.09e-04 5.46e-05] (1.52e-05, 1.16e-03)
[295,   232] loss: 5.358722e-03 masks: 22.0 17.4 [wd: 2.70e-01] [lr: 4.16e-04] [mem: 5.66e+03] (174.4 ms)
[295,   232] grad_stats: [1.49e-04 4.08e-05] (1.31e-05, 5.93e-04)
avg. loss 5.35872159e-03
time taken for epoch 0:00:54.069320
Epoch 296
[296,     0] loss: 5.946914e-03 masks: 20.0 16.0 [wd: 2.70e-01] [lr: 4.16e-04] [mem: 5.66e+03] (165.6 ms)
[296,     0] grad_stats: [1.46e-04 4.48e-05] (1.66e-05, 1.04e-03)
[296,   116] loss: 5.483023e-03 masks: 22.2 17.2 [wd: 2.71e-01] [lr: 4.14e-04] [mem: 5.66e+03] (174.2 ms)
[296,   116] grad_stats: [1.33e-04 5.42e-05] (1.46e-05, 1.23e-03)
[296,   232] loss: 5.419952e-03 masks: 21.9 17.4 [wd: 2.71e-01] [lr: 4.12e-04] [mem: 5.66e+03] (174.1 ms)
[296,   232] grad_stats: [1.48e-04 5.57e-05] (1.67e-05, 1.49e-03)
avg. loss 5.41995206e-03
time taken for epoch 0:00:54.001796
Epoch 297
[297,     0] loss: 5.464018e-03 masks: 25.0 16.0 [wd: 2.71e-01] [lr: 4.12e-04] [mem: 5.66e+03] (178.8 ms)
[297,     0] grad_stats: [1.28e-04 6.43e-05] (1.64e-05, 1.08e-03)
[297,   116] loss: 5.407756e-03 masks: 21.8 17.3 [wd: 2.72e-01] [lr: 4.11e-04] [mem: 5.66e+03] (173.3 ms)
[297,   116] grad_stats: [1.89e-04 8.23e-05] (1.89e-05, 2.90e-03)
[297,   232] loss: 5.414674e-03 masks: 22.1 17.3 [wd: 2.72e-01] [lr: 4.09e-04] [mem: 5.66e+03] (174.3 ms)
[297,   232] grad_stats: [2.16e-04 9.11e-05] (2.36e-05, 3.48e-03)
avg. loss 5.41467357e-03
time taken for epoch 0:00:54.027535
Epoch 298
[298,     0] loss: 5.660467e-03 masks: 22.0 16.0 [wd: 2.72e-01] [lr: 4.09e-04] [mem: 5.66e+03] (169.1 ms)
[298,     0] grad_stats: [1.01e-04 7.22e-05] (2.33e-05, 2.30e-03)
[298,   116] loss: 5.447778e-03 masks: 22.3 17.2 [wd: 2.73e-01] [lr: 4.07e-04] [mem: 5.66e+03] (174.3 ms)
[298,   116] grad_stats: [1.99e-04 5.45e-05] (2.14e-05, 9.81e-04)
[298,   232] loss: 5.428840e-03 masks: 22.4 17.1 [wd: 2.73e-01] [lr: 4.06e-04] [mem: 5.66e+03] (175.1 ms)
[298,   232] grad_stats: [2.37e-04 5.39e-05] (2.02e-05, 2.04e-03)
avg. loss 5.42883964e-03
time taken for epoch 0:00:54.193453
Epoch 299
[299,     0] loss: 5.629136e-03 masks: 25.0 16.0 [wd: 2.73e-01] [lr: 4.06e-04] [mem: 5.66e+03] (179.0 ms)
[299,     0] grad_stats: [1.54e-04 6.22e-05] (2.36e-05, 2.40e-03)
[299,   116] loss: 5.384860e-03 masks: 22.3 17.3 [wd: 2.74e-01] [lr: 4.04e-04] [mem: 5.66e+03] (174.7 ms)
[299,   116] grad_stats: [1.97e-04 5.53e-05] (2.19e-05, 1.36e-03)
[299,   232] loss: 5.416239e-03 masks: 22.0 17.4 [wd: 2.75e-01] [lr: 4.02e-04] [mem: 5.66e+03] (174.3 ms)
[299,   232] grad_stats: [1.28e-04 4.12e-05] (1.54e-05, 1.00e-03)
avg. loss 5.41623875e-03
time taken for epoch 0:00:54.790717
Epoch 300
[300,     0] loss: 6.147029e-03 masks: 13.0 20.0 [wd: 2.75e-01] [lr: 4.02e-04] [mem: 5.66e+03] (151.1 ms)
[300,     0] grad_stats: [1.25e-04 6.33e-05] (1.71e-05, 1.30e-03)
[300,   116] loss: 5.445866e-03 masks: 21.2 17.5 [wd: 2.75e-01] [lr: 4.01e-04] [mem: 5.66e+03] (171.8 ms)
[300,   116] grad_stats: [9.04e-05 6.02e-05] (1.95e-05, 1.92e-03)
[300,   232] loss: 5.460564e-03 masks: 21.5 17.4 [wd: 2.76e-01] [lr: 3.99e-04] [mem: 5.66e+03] (172.9 ms)
[300,   232] grad_stats: [1.23e-04 5.35e-05] (1.53e-05, 8.26e-04)
avg. loss 5.46056359e-03
	Epoch 300, KNN accuracy train: 7.21602e-01, KNN accuracy train: 5.81333e-01
time taken for epoch 0:01:35.755590
Epoch 301
[301,     0] loss: 5.146167e-03 masks: 17.0 20.0 [wd: 2.76e-01] [lr: 3.99e-04] [mem: 5.66e+03] (162.0 ms)
[301,     0] grad_stats: [1.25e-04 5.09e-05] (1.57e-05, 1.01e-03)
[301,   116] loss: 5.394580e-03 masks: 21.6 17.4 [wd: 2.76e-01] [lr: 3.97e-04] [mem: 5.66e+03] (172.1 ms)
[301,   116] grad_stats: [1.55e-04 4.70e-05] (1.53e-05, 6.66e-04)
[301,   232] loss: 5.442570e-03 masks: 21.2 17.4 [wd: 2.77e-01] [lr: 3.96e-04] [mem: 5.66e+03] (171.8 ms)
[301,   232] grad_stats: [1.54e-04 5.38e-05] (1.36e-05, 7.63e-04)
avg. loss 5.44257022e-03
time taken for epoch 0:00:53.298922
Epoch 302
[302,     0] loss: 5.467671e-03 masks: 27.0 16.0 [wd: 2.77e-01] [lr: 3.96e-04] [mem: 5.66e+03] (185.0 ms)
[302,     0] grad_stats: [1.14e-04 6.39e-05] (1.46e-05, 1.47e-03)
[302,   116] loss: 5.474224e-03 masks: 22.4 17.1 [wd: 2.77e-01] [lr: 3.94e-04] [mem: 5.66e+03] (174.6 ms)
[302,   116] grad_stats: [2.24e-04 7.06e-05] (1.56e-05, 1.88e-03)
[302,   232] loss: 5.461103e-03 masks: 22.1 17.2 [wd: 2.78e-01] [lr: 3.92e-04] [mem: 5.66e+03] (174.4 ms)
[302,   232] grad_stats: [1.86e-04 8.64e-05] (2.47e-05, 2.41e-03)
avg. loss 5.46110276e-03
time taken for epoch 0:00:54.235440
Epoch 303
[303,     0] loss: 5.175469e-03 masks: 25.0 16.0 [wd: 2.78e-01] [lr: 3.92e-04] [mem: 5.66e+03] (178.4 ms)
[303,     0] grad_stats: [8.18e-05 5.60e-05] (1.69e-05, 9.15e-04)
[303,   116] loss: 5.451175e-03 masks: 21.7 17.3 [wd: 2.78e-01] [lr: 3.91e-04] [mem: 5.66e+03] (173.0 ms)
[303,   116] grad_stats: [1.87e-04 4.21e-05] (1.63e-05, 9.71e-04)
[303,   232] loss: 5.400278e-03 masks: 21.9 17.3 [wd: 2.79e-01] [lr: 3.89e-04] [mem: 5.66e+03] (174.1 ms)
[303,   232] grad_stats: [1.34e-04 6.54e-05] (1.68e-05, 1.27e-03)
avg. loss 5.40027770e-03
time taken for epoch 0:00:54.002050
Epoch 304
[304,     0] loss: 6.843993e-03 masks: 33.0 12.0 [wd: 2.79e-01] [lr: 3.89e-04] [mem: 5.66e+03] (194.8 ms)
[304,     0] grad_stats: [1.68e-04 6.96e-05] (2.69e-05, 2.10e-03)
[304,   116] loss: 5.382710e-03 masks: 21.9 17.5 [wd: 2.79e-01] [lr: 3.87e-04] [mem: 5.66e+03] (173.6 ms)
[304,   116] grad_stats: [1.47e-04 4.22e-05] (1.64e-05, 1.31e-03)
[304,   232] loss: 5.409356e-03 masks: 21.8 17.4 [wd: 2.80e-01] [lr: 3.86e-04] [mem: 5.66e+03] (173.6 ms)
[304,   232] grad_stats: [2.00e-04 9.44e-05] (1.91e-05, 4.11e-03)
avg. loss 5.40935643e-03
time taken for epoch 0:00:53.907645
Epoch 305
[305,     0] loss: 5.764951e-03 masks: 21.0 16.0 [wd: 2.80e-01] [lr: 3.86e-04] [mem: 5.66e+03] (168.7 ms)
[305,     0] grad_stats: [1.05e-04 7.62e-05] (1.74e-05, 9.89e-04)
[305,   116] loss: 5.450208e-03 masks: 21.7 17.3 [wd: 2.80e-01] [lr: 3.84e-04] [mem: 5.66e+03] (172.9 ms)
[305,   116] grad_stats: [8.63e-05 4.34e-05] (1.39e-05, 9.23e-04)
[305,   232] loss: 5.354936e-03 masks: 21.5 17.5 [wd: 2.81e-01] [lr: 3.82e-04] [mem: 5.66e+03] (173.3 ms)
[305,   232] grad_stats: [1.44e-04 1.31e-04] (2.25e-05, 1.75e-03)
avg. loss 5.35493561e-03
time taken for epoch 0:00:53.888698
Epoch 306
[306,     0] loss: 4.915318e-03 masks: 18.0 20.0 [wd: 2.81e-01] [lr: 3.82e-04] [mem: 5.66e+03] (166.4 ms)
[306,     0] grad_stats: [1.79e-04 3.43e-05] (1.47e-05, 9.18e-04)
[306,   116] loss: 5.401505e-03 masks: 22.0 17.2 [wd: 2.82e-01] [lr: 3.81e-04] [mem: 5.66e+03] (173.4 ms)
[306,   116] grad_stats: [2.30e-04 4.46e-05] (1.47e-05, 5.00e-04)
[306,   232] loss: 5.416629e-03 masks: 21.8 17.3 [wd: 2.82e-01] [lr: 3.79e-04] [mem: 5.66e+03] (173.6 ms)
[306,   232] grad_stats: [1.00e-04 4.76e-05] (1.28e-05, 5.92e-04)
avg. loss 5.41662947e-03
time taken for epoch 0:00:53.769671
Epoch 307
[307,     0] loss: 5.846760e-03 masks: 24.0 16.0 [wd: 2.82e-01] [lr: 3.79e-04] [mem: 5.66e+03] (176.4 ms)
[307,     0] grad_stats: [1.61e-04 6.65e-05] (1.79e-05, 1.08e-03)
[307,   116] loss: 5.462786e-03 masks: 22.3 17.1 [wd: 2.83e-01] [lr: 3.77e-04] [mem: 5.66e+03] (174.4 ms)
[307,   116] grad_stats: [1.76e-04 6.19e-05] (1.65e-05, 1.84e-03)
[307,   232] loss: 5.483246e-03 masks: 22.1 17.0 [wd: 2.83e-01] [lr: 3.76e-04] [mem: 5.66e+03] (174.2 ms)
[307,   232] grad_stats: [1.20e-04 5.20e-05] (2.00e-05, 1.00e-03)
avg. loss 5.48324624e-03
time taken for epoch 0:00:54.054588
Epoch 308
[308,     0] loss: 6.129845e-03 masks: 35.0 12.0 [wd: 2.83e-01] [lr: 3.76e-04] [mem: 5.66e+03] (199.5 ms)
[308,     0] grad_stats: [1.04e-04 5.42e-05] (1.95e-05, 8.76e-04)
[308,   116] loss: 5.427023e-03 masks: 22.2 17.2 [wd: 2.84e-01] [lr: 3.74e-04] [mem: 5.66e+03] (174.4 ms)
[308,   116] grad_stats: [1.08e-04 5.62e-05] (2.04e-05, 9.65e-04)
[308,   232] loss: 5.446573e-03 masks: 21.9 17.3 [wd: 2.84e-01] [lr: 3.72e-04] [mem: 5.66e+03] (174.1 ms)
[308,   232] grad_stats: [9.89e-05 7.02e-05] (1.93e-05, 1.54e-03)
avg. loss 5.44657287e-03
time taken for epoch 0:00:54.146314
Epoch 309
[309,     0] loss: 5.397609e-03 masks: 17.0 20.0 [wd: 2.84e-01] [lr: 3.72e-04] [mem: 5.66e+03] (164.1 ms)
[309,     0] grad_stats: [1.52e-04 5.66e-05] (1.55e-05, 5.33e-04)
[309,   116] loss: 5.288303e-03 masks: 22.3 17.6 [wd: 2.85e-01] [lr: 3.71e-04] [mem: 5.66e+03] (175.2 ms)
[309,   116] grad_stats: [8.24e-05 7.35e-05] (1.80e-05, 7.08e-04)
[309,   232] loss: 5.339432e-03 masks: 22.5 17.4 [wd: 2.85e-01] [lr: 3.69e-04] [mem: 5.66e+03] (175.8 ms)
[309,   232] grad_stats: [1.61e-04 7.21e-05] (1.94e-05, 1.82e-03)
avg. loss 5.33943245e-03
time taken for epoch 0:00:54.464414
Epoch 310
[310,     0] loss: 6.578900e-03 masks: 33.0 12.0 [wd: 2.85e-01] [lr: 3.69e-04] [mem: 5.66e+03] (194.6 ms)
[310,     0] grad_stats: [1.40e-04 8.61e-05] (2.40e-05, 4.00e-03)
[310,   116] loss: 5.350150e-03 masks: 22.0 17.3 [wd: 2.86e-01] [lr: 3.67e-04] [mem: 5.66e+03] (173.9 ms)
[310,   116] grad_stats: [1.40e-04 5.05e-05] (2.05e-05, 1.45e-03)
[310,   232] loss: 5.391270e-03 masks: 21.9 17.3 [wd: 2.86e-01] [lr: 3.66e-04] [mem: 5.66e+03] (174.0 ms)
[310,   232] grad_stats: [1.44e-04 7.31e-05] (2.53e-05, 2.45e-03)
avg. loss 5.39126990e-03
time taken for epoch 0:00:54.070373
Epoch 311
[311,     0] loss: 5.662824e-03 masks: 27.0 16.0 [wd: 2.86e-01] [lr: 3.66e-04] [mem: 5.66e+03] (408.8 ms)
[311,     0] grad_stats: [1.04e-04 7.22e-05] (1.67e-05, 3.44e-03)
[311,   116] loss: 5.495613e-03 masks: 22.7 16.9 [wd: 2.87e-01] [lr: 3.64e-04] [mem: 5.66e+03] (335.8 ms)
[311,   116] grad_stats: [2.08e-04 7.47e-05] (1.44e-05, 1.91e-03)
[311,   232] loss: 5.456407e-03 masks: 22.4 17.0 [wd: 2.87e-01] [lr: 3.62e-04] [mem: 5.66e+03] (291.0 ms)
[311,   232] grad_stats: [1.29e-04 6.39e-05] (1.98e-05, 1.02e-03)
avg. loss 5.45640661e-03
time taken for epoch 0:01:21.796889
Epoch 312
[312,     0] loss: 5.631495e-03 masks: 15.0 20.0 [wd: 2.87e-01] [lr: 3.62e-04] [mem: 5.66e+03] (154.5 ms)
[312,     0] grad_stats: [9.72e-05 6.13e-05] (1.73e-05, 8.10e-04)
[312,   116] loss: 5.371526e-03 masks: 22.0 17.4 [wd: 2.88e-01] [lr: 3.61e-04] [mem: 5.66e+03] (174.2 ms)
[312,   116] grad_stats: [8.61e-05 5.12e-05] (1.46e-05, 8.84e-04)
[312,   232] loss: 5.441672e-03 masks: 21.9 17.2 [wd: 2.88e-01] [lr: 3.59e-04] [mem: 5.66e+03] (174.0 ms)
[312,   232] grad_stats: [9.44e-05 4.61e-05] (1.46e-05, 1.33e-03)
avg. loss 5.44167159e-03
time taken for epoch 0:00:54.111979
Epoch 313
[313,     0] loss: 5.467249e-03 masks: 14.0 20.0 [wd: 2.88e-01] [lr: 3.59e-04] [mem: 5.66e+03] (153.5 ms)
[313,     0] grad_stats: [2.71e-04 6.41e-05] (1.87e-05, 7.78e-04)
[313,   116] loss: 5.376096e-03 masks: 21.7 17.4 [wd: 2.89e-01] [lr: 3.58e-04] [mem: 5.66e+03] (173.4 ms)
[313,   116] grad_stats: [1.06e-04 6.44e-05] (2.12e-05, 1.62e-03)
[313,   232] loss: 5.389409e-03 masks: 21.6 17.4 [wd: 2.89e-01] [lr: 3.56e-04] [mem: 5.66e+03] (173.5 ms)
[313,   232] grad_stats: [9.36e-05 6.35e-05] (1.70e-05, 1.64e-03)
avg. loss 5.38940855e-03
time taken for epoch 0:00:53.849519
Epoch 314
[314,     0] loss: 5.483520e-03 masks: 26.0 16.0 [wd: 2.89e-01] [lr: 3.56e-04] [mem: 5.66e+03] (421.2 ms)
[314,     0] grad_stats: [1.15e-04 5.13e-05] (1.90e-05, 1.68e-03)
[314,   116] loss: 5.411525e-03 masks: 22.1 17.3 [wd: 2.90e-01] [lr: 3.54e-04] [mem: 5.66e+03] (395.5 ms)
[314,   116] grad_stats: [8.70e-05 5.24e-05] (1.83e-05, 7.82e-04)
[314,   232] loss: 5.441625e-03 masks: 22.3 17.2 [wd: 2.90e-01] [lr: 3.53e-04] [mem: 5.66e+03] (391.2 ms)
[314,   232] grad_stats: [1.20e-04 7.11e-05] (2.14e-05, 1.08e-03)
avg. loss 5.44162461e-03
time taken for epoch 0:01:49.712191
Epoch 315
[315,     0] loss: 6.052537e-03 masks: 9.0 20.0 [wd: 2.90e-01] [lr: 3.53e-04] [mem: 5.66e+03] (182.6 ms)
[315,     0] grad_stats: [1.61e-04 8.44e-05] (1.88e-05, 1.13e-03)
[315,   116] loss: 5.588268e-03 masks: 22.8 16.7 [wd: 2.91e-01] [lr: 3.51e-04] [mem: 5.66e+03] (175.8 ms)
[315,   116] grad_stats: [2.71e-04 6.79e-05] (1.85e-05, 1.96e-03)
[315,   232] loss: 5.494181e-03 masks: 22.4 17.0 [wd: 2.91e-01] [lr: 3.49e-04] [mem: 5.66e+03] (175.2 ms)
[315,   232] grad_stats: [1.25e-04 6.16e-05] (1.94e-05, 2.32e-03)
avg. loss 5.49418102e-03
time taken for epoch 0:00:55.485778
Epoch 316
[316,     0] loss: 5.206966e-03 masks: 13.0 20.0 [wd: 2.91e-01] [lr: 3.49e-04] [mem: 5.66e+03] (151.5 ms)
[316,     0] grad_stats: [9.44e-05 5.21e-05] (1.79e-05, 1.53e-03)
[316,   116] loss: 5.434538e-03 masks: 21.7 17.4 [wd: 2.92e-01] [lr: 3.48e-04] [mem: 5.66e+03] (173.8 ms)
[316,   116] grad_stats: [1.31e-04 7.61e-05] (2.72e-05, 3.09e-03)
[316,   232] loss: 5.395510e-03 masks: 21.3 17.6 [wd: 2.93e-01] [lr: 3.46e-04] [mem: 5.66e+03] (173.2 ms)
[316,   232] grad_stats: [1.75e-04 5.89e-05] (1.75e-05, 1.14e-03)
avg. loss 5.39550966e-03
time taken for epoch 0:00:53.899618
Epoch 317
[317,     0] loss: 5.100491e-03 masks: 19.0 20.0 [wd: 2.93e-01] [lr: 3.46e-04] [mem: 5.66e+03] (168.2 ms)
[317,     0] grad_stats: [9.31e-05 4.13e-05] (1.52e-05, 7.64e-04)
[317,   116] loss: 5.342590e-03 masks: 22.3 17.2 [wd: 2.93e-01] [lr: 3.45e-04] [mem: 5.66e+03] (174.7 ms)
[317,   116] grad_stats: [8.43e-05 5.20e-05] (1.64e-05, 1.57e-03)
[317,   232] loss: 5.397935e-03 masks: 22.2 17.2 [wd: 2.94e-01] [lr: 3.43e-04] [mem: 5.66e+03] (174.8 ms)
[317,   232] grad_stats: [1.20e-04 5.40e-05] (1.70e-05, 9.90e-04)
avg. loss 5.39793456e-03
time taken for epoch 0:00:54.248337
Epoch 318
[318,     0] loss: 5.508047e-03 masks: 25.0 16.0 [wd: 2.94e-01] [lr: 3.43e-04] [mem: 5.66e+03] (177.4 ms)
[318,     0] grad_stats: [1.67e-04 4.85e-05] (1.73e-05, 8.70e-04)
[318,   116] loss: 5.529647e-03 masks: 22.5 16.8 [wd: 2.94e-01] [lr: 3.41e-04] [mem: 5.66e+03] (174.6 ms)
[318,   116] grad_stats: [1.89e-04 6.05e-05] (2.18e-05, 2.15e-03)
[318,   232] loss: 5.474958e-03 masks: 22.1 17.0 [wd: 2.95e-01] [lr: 3.40e-04] [mem: 5.66e+03] (174.2 ms)
[318,   232] grad_stats: [3.17e-04 6.61e-05] (2.42e-05, 2.18e-03)
avg. loss 5.47495840e-03
time taken for epoch 0:00:54.099359
Epoch 319
[319,     0] loss: 5.158066e-03 masks: 24.0 16.0 [wd: 2.95e-01] [lr: 3.40e-04] [mem: 5.66e+03] (176.3 ms)
[319,     0] grad_stats: [1.49e-04 5.38e-05] (1.97e-05, 9.47e-04)
[319,   116] loss: 5.423384e-03 masks: 21.8 17.3 [wd: 2.95e-01] [lr: 3.38e-04] [mem: 5.66e+03] (173.4 ms)
[319,   116] grad_stats: [1.30e-04 4.22e-05] (1.57e-05, 5.90e-04)
[319,   232] loss: 5.445732e-03 masks: 21.9 17.2 [wd: 2.96e-01] [lr: 3.36e-04] [mem: 5.66e+03] (174.0 ms)
[319,   232] grad_stats: [1.20e-04 5.14e-05] (1.96e-05, 1.94e-03)
avg. loss 5.44573212e-03
time taken for epoch 0:00:54.015712
Epoch 320
[320,     0] loss: 6.367707e-03 masks: 35.0 12.0 [wd: 2.96e-01] [lr: 3.36e-04] [mem: 5.66e+03] (199.9 ms)
[320,     0] grad_stats: [1.88e-04 8.72e-05] (3.11e-05, 1.24e-03)
[320,   116] loss: 5.450447e-03 masks: 21.4 17.4 [wd: 2.96e-01] [lr: 3.35e-04] [mem: 5.66e+03] (172.3 ms)
[320,   116] grad_stats: [8.65e-05 5.65e-05] (1.66e-05, 9.36e-04)
[320,   232] loss: 5.445783e-03 masks: 21.8 17.2 [wd: 2.97e-01] [lr: 3.33e-04] [mem: 5.66e+03] (173.7 ms)
[320,   232] grad_stats: [4.60e-04 7.79e-05] (2.47e-05, 3.37e-03)
avg. loss 5.44578341e-03
time taken for epoch 0:00:53.976494
Epoch 321
[321,     0] loss: 5.742266e-03 masks: 26.0 16.0 [wd: 2.97e-01] [lr: 3.33e-04] [mem: 5.66e+03] (180.8 ms)
[321,     0] grad_stats: [2.24e-04 6.98e-05] (1.93e-05, 8.52e-04)
[321,   116] loss: 5.452638e-03 masks: 21.7 17.3 [wd: 2.97e-01] [lr: 3.32e-04] [mem: 5.66e+03] (173.2 ms)
[321,   116] grad_stats: [2.25e-04 5.60e-05] (2.29e-05, 1.75e-03)
[321,   232] loss: 5.385644e-03 masks: 21.7 17.4 [wd: 2.98e-01] [lr: 3.30e-04] [mem: 5.66e+03] (173.8 ms)
[321,   232] grad_stats: [2.01e-04 7.19e-05] (1.92e-05, 1.73e-03)
avg. loss 5.38564360e-03
time taken for epoch 0:00:53.882648
Epoch 322
[322,     0] loss: 5.329184e-03 masks: 25.0 16.0 [wd: 2.98e-01] [lr: 3.30e-04] [mem: 5.66e+03] (178.7 ms)
[322,     0] grad_stats: [2.12e-04 7.60e-05] (2.05e-05, 1.60e-03)
[322,   116] loss: 5.449462e-03 masks: 21.7 17.4 [wd: 2.98e-01] [lr: 3.28e-04] [mem: 5.66e+03] (198.9 ms)
[322,   116] grad_stats: [1.25e-04 6.35e-05] (1.96e-05, 9.34e-04)
[322,   232] loss: 5.442632e-03 masks: 22.1 17.2 [wd: 2.99e-01] [lr: 3.27e-04] [mem: 5.66e+03] (187.6 ms)
[322,   232] grad_stats: [1.68e-04 6.04e-05] (1.59e-05, 8.18e-04)
avg. loss 5.44263244e-03
time taken for epoch 0:00:57.213647
Epoch 323
[323,     0] loss: 4.552814e-03 masks: 20.0 20.0 [wd: 2.99e-01] [lr: 3.27e-04] [mem: 5.66e+03] (168.8 ms)
[323,     0] grad_stats: [2.28e-04 7.15e-05] (2.00e-05, 1.48e-03)
[323,   116] loss: 5.459586e-03 masks: 22.9 16.9 [wd: 2.99e-01] [lr: 3.25e-04] [mem: 5.66e+03] (176.0 ms)
[323,   116] grad_stats: [1.61e-04 6.82e-05] (2.26e-05, 7.72e-04)
[323,   232] loss: 5.449666e-03 masks: 22.9 16.9 [wd: 3.00e-01] [lr: 3.24e-04] [mem: 5.66e+03] (176.4 ms)
[323,   232] grad_stats: [1.33e-04 8.04e-05] (1.78e-05, 2.31e-03)
avg. loss 5.44966583e-03
time taken for epoch 0:00:54.701304
Epoch 324
[324,     0] loss: 4.124279e-03 masks: 22.0 20.0 [wd: 3.00e-01] [lr: 3.24e-04] [mem: 5.66e+03] (177.3 ms)
[324,     0] grad_stats: [1.16e-04 4.15e-05] (1.34e-05, 1.67e-03)
[324,   116] loss: 5.390426e-03 masks: 21.8 17.5 [wd: 3.00e-01] [lr: 3.22e-04] [mem: 5.66e+03] (173.5 ms)
[324,   116] grad_stats: [1.21e-04 5.71e-05] (1.70e-05, 1.82e-03)
[324,   232] loss: 5.421457e-03 masks: 22.2 17.2 [wd: 3.01e-01] [lr: 3.20e-04] [mem: 5.66e+03] (174.8 ms)
[324,   232] grad_stats: [1.24e-04 6.36e-05] (1.80e-05, 6.49e-04)
avg. loss 5.42145690e-03
time taken for epoch 0:00:54.089129
Epoch 325
[325,     0] loss: 5.752847e-03 masks: 33.0 12.0 [wd: 3.01e-01] [lr: 3.20e-04] [mem: 5.66e+03] (194.5 ms)
[325,     0] grad_stats: [1.36e-04 7.61e-05] (2.35e-05, 1.57e-03)
[325,   116] loss: 5.456604e-03 masks: 22.6 16.9 [wd: 3.01e-01] [lr: 3.19e-04] [mem: 5.66e+03] (175.0 ms)
[325,   116] grad_stats: [1.92e-04 4.59e-05] (2.04e-05, 1.13e-03)
[325,   232] loss: 5.466861e-03 masks: 22.2 17.0 [wd: 3.02e-01] [lr: 3.17e-04] [mem: 5.66e+03] (174.7 ms)
[325,   232] grad_stats: [1.71e-04 1.48e-04] (3.03e-05, 5.94e-03)
avg. loss 5.46686098e-03
time taken for epoch 0:00:54.193303
Epoch 326
[326,     0] loss: 6.144353e-03 masks: 35.0 12.0 [wd: 3.02e-01] [lr: 3.17e-04] [mem: 5.66e+03] (199.4 ms)
[326,     0] grad_stats: [1.62e-04 9.28e-05] (2.59e-05, 2.94e-03)
[326,   116] loss: 5.419375e-03 masks: 22.6 17.1 [wd: 3.02e-01] [lr: 3.16e-04] [mem: 5.66e+03] (175.3 ms)
[326,   116] grad_stats: [1.70e-04 6.60e-05] (2.12e-05, 1.52e-03)
[326,   232] loss: 5.414196e-03 masks: 22.4 17.1 [wd: 3.03e-01] [lr: 3.14e-04] [mem: 5.66e+03] (175.3 ms)
[326,   232] grad_stats: [8.32e-05 6.02e-05] (2.13e-05, 9.67e-04)
avg. loss 5.41419624e-03
time taken for epoch 0:00:54.264121
Epoch 327
[327,     0] loss: 6.453510e-03 masks: 35.0 12.0 [wd: 3.03e-01] [lr: 3.14e-04] [mem: 5.66e+03] (199.8 ms)
[327,     0] grad_stats: [2.28e-04 5.11e-05] (2.23e-05, 2.05e-03)
[327,   116] loss: 5.443027e-03 masks: 22.8 16.9 [wd: 3.03e-01] [lr: 3.12e-04] [mem: 5.66e+03] (175.5 ms)
[327,   116] grad_stats: [1.88e-04 6.47e-05] (2.00e-05, 2.47e-03)
[327,   232] loss: 5.425408e-03 masks: 22.4 17.1 [wd: 3.04e-01] [lr: 3.11e-04] [mem: 5.66e+03] (175.2 ms)
[327,   232] grad_stats: [1.07e-04 6.78e-05] (2.16e-05, 1.01e-03)
avg. loss 5.42540800e-03
time taken for epoch 0:00:54.315698
Epoch 328
[328,     0] loss: 4.529458e-03 masks: 23.0 20.0 [wd: 3.04e-01] [lr: 3.11e-04] [mem: 5.66e+03] (178.8 ms)
[328,     0] grad_stats: [9.22e-05 4.05e-05] (1.60e-05, 7.07e-04)
[328,   116] loss: 5.454738e-03 masks: 22.2 17.1 [wd: 3.04e-01] [lr: 3.09e-04] [mem: 5.66e+03] (174.2 ms)
[328,   116] grad_stats: [1.11e-04 3.95e-05] (1.70e-05, 1.25e-03)
[328,   232] loss: 5.411553e-03 masks: 22.2 17.2 [wd: 3.05e-01] [lr: 3.08e-04] [mem: 5.66e+03] (174.7 ms)
[328,   232] grad_stats: [6.62e-05 5.11e-05] (1.61e-05, 1.35e-03)
avg. loss 5.41155285e-03
time taken for epoch 0:00:54.210136
Epoch 329
[329,     0] loss: 6.014309e-03 masks: 36.0 12.0 [wd: 3.05e-01] [lr: 3.08e-04] [mem: 5.66e+03] (204.0 ms)
[329,     0] grad_stats: [1.67e-04 6.02e-05] (2.66e-05, 1.11e-03)
[329,   116] loss: 5.427715e-03 masks: 22.7 17.0 [wd: 3.05e-01] [lr: 3.06e-04] [mem: 5.66e+03] (175.5 ms)
[329,   116] grad_stats: [1.22e-04 7.01e-05] (2.20e-05, 1.82e-03)
[329,   232] loss: 5.400924e-03 masks: 22.1 17.3 [wd: 3.06e-01] [lr: 3.05e-04] [mem: 5.66e+03] (174.5 ms)
[329,   232] grad_stats: [2.14e-04 5.24e-05] (1.99e-05, 1.52e-03)
avg. loss 5.40092428e-03
time taken for epoch 0:00:54.178380
Epoch 330
[330,     0] loss: 5.276232e-03 masks: 19.0 20.0 [wd: 3.06e-01] [lr: 3.05e-04] [mem: 5.66e+03] (170.3 ms)
[330,     0] grad_stats: [8.78e-05 5.37e-05] (1.86e-05, 1.06e-03)
[330,   116] loss: 5.372719e-03 masks: 21.2 17.6 [wd: 3.06e-01] [lr: 3.03e-04] [mem: 5.66e+03] (172.1 ms)
[330,   116] grad_stats: [2.11e-04 7.54e-05] (1.92e-05, 1.71e-03)
[330,   232] loss: 5.371851e-03 masks: 22.1 17.3 [wd: 3.07e-01] [lr: 3.01e-04] [mem: 5.66e+03] (174.8 ms)
[330,   232] grad_stats: [9.01e-05 5.61e-05] (2.34e-05, 1.64e-03)
avg. loss 5.37185138e-03
time taken for epoch 0:00:54.181491
Epoch 331
[331,     0] loss: 5.725748e-03 masks: 12.0 20.0 [wd: 3.07e-01] [lr: 3.01e-04] [mem: 5.66e+03] (148.2 ms)
[331,     0] grad_stats: [1.10e-04 5.20e-05] (1.96e-05, 9.89e-04)
[331,   116] loss: 5.401248e-03 masks: 22.1 17.2 [wd: 3.07e-01] [lr: 3.00e-04] [mem: 5.66e+03] (173.9 ms)
[331,   116] grad_stats: [1.64e-04 6.47e-05] (2.12e-05, 1.21e-03)
[331,   232] loss: 5.395298e-03 masks: 21.9 17.3 [wd: 3.08e-01] [lr: 2.98e-04] [mem: 5.66e+03] (174.0 ms)
[331,   232] grad_stats: [1.37e-04 7.96e-05] (2.20e-05, 1.18e-03)
avg. loss 5.39529752e-03
time taken for epoch 0:00:54.055812
Epoch 332
[332,     0] loss: 4.591956e-03 masks: 16.0 20.0 [wd: 3.08e-01] [lr: 2.98e-04] [mem: 5.66e+03] (159.6 ms)
[332,     0] grad_stats: [2.11e-04 5.62e-05] (1.97e-05, 2.47e-03)
[332,   116] loss: 5.399450e-03 masks: 20.9 17.7 [wd: 3.08e-01] [lr: 2.97e-04] [mem: 5.66e+03] (187.7 ms)
[332,   116] grad_stats: [1.41e-04 6.25e-05] (2.73e-05, 9.37e-04)
[332,   232] loss: 5.391957e-03 masks: 21.3 17.5 [wd: 3.09e-01] [lr: 2.95e-04] [mem: 5.66e+03] (180.9 ms)
[332,   232] grad_stats: [1.86e-04 5.93e-05] (2.67e-05, 9.59e-04)
avg. loss 5.39195734e-03
time taken for epoch 0:00:55.630696
Epoch 333
[333,     0] loss: 5.171308e-03 masks: 27.0 16.0 [wd: 3.09e-01] [lr: 2.95e-04] [mem: 5.66e+03] (184.6 ms)
[333,     0] grad_stats: [1.22e-04 5.58e-05] (1.95e-05, 1.71e-03)
[333,   116] loss: 5.412626e-03 masks: 21.4 17.4 [wd: 3.09e-01] [lr: 2.94e-04] [mem: 5.66e+03] (172.2 ms)
[333,   116] grad_stats: [1.23e-04 7.01e-05] (2.13e-05, 1.11e-03)
[333,   232] loss: 5.417097e-03 masks: 21.5 17.3 [wd: 3.10e-01] [lr: 2.92e-04] [mem: 5.66e+03] (173.0 ms)
[333,   232] grad_stats: [1.54e-04 7.40e-05] (2.43e-05, 1.65e-03)
avg. loss 5.41709748e-03
time taken for epoch 0:00:53.844761
Epoch 334
[334,     0] loss: 5.755251e-03 masks: 25.0 16.0 [wd: 3.10e-01] [lr: 2.92e-04] [mem: 5.66e+03] (178.8 ms)
[334,     0] grad_stats: [2.59e-04 7.74e-05] (2.57e-05, 4.12e-03)
[334,   116] loss: 5.410704e-03 masks: 22.2 17.2 [wd: 3.10e-01] [lr: 2.91e-04] [mem: 5.66e+03] (174.3 ms)
[334,   116] grad_stats: [1.02e-04 3.86e-05] (1.79e-05, 7.34e-04)
[334,   232] loss: 5.402926e-03 masks: 22.2 17.3 [wd: 3.11e-01] [lr: 2.89e-04] [mem: 5.66e+03] (174.7 ms)
[334,   232] grad_stats: [1.39e-04 5.33e-05] (2.18e-05, 1.40e-03)
avg. loss 5.40292648e-03
time taken for epoch 0:00:54.202620
Epoch 335
[335,     0] loss: 5.470510e-03 masks: 24.0 16.0 [wd: 3.11e-01] [lr: 2.89e-04] [mem: 5.66e+03] (176.7 ms)
[335,     0] grad_stats: [1.63e-04 6.19e-05] (2.29e-05, 1.97e-03)
[335,   116] loss: 5.395961e-03 masks: 21.8 17.4 [wd: 3.11e-01] [lr: 2.88e-04] [mem: 5.66e+03] (173.5 ms)
[335,   116] grad_stats: [1.47e-04 6.15e-05] (2.46e-05, 2.61e-03)
[335,   232] loss: 5.445932e-03 masks: 21.9 17.3 [wd: 3.12e-01] [lr: 2.86e-04] [mem: 5.66e+03] (174.1 ms)
[335,   232] grad_stats: [1.16e-04 6.02e-05] (2.72e-05, 1.51e-03)
avg. loss 5.44593165e-03
time taken for epoch 0:00:53.991911
Epoch 336
[336,     0] loss: 5.150618e-03 masks: 15.0 20.0 [wd: 3.12e-01] [lr: 2.86e-04] [mem: 5.66e+03] (157.9 ms)
[336,     0] grad_stats: [1.17e-04 7.64e-05] (2.03e-05, 1.99e-03)
[336,   116] loss: 5.430796e-03 masks: 22.4 17.1 [wd: 3.12e-01] [lr: 2.84e-04] [mem: 5.66e+03] (174.7 ms)
[336,   116] grad_stats: [1.85e-04 7.13e-05] (3.24e-05, 1.34e-03)
[336,   232] loss: 5.437056e-03 masks: 22.3 17.2 [wd: 3.13e-01] [lr: 2.83e-04] [mem: 5.66e+03] (174.9 ms)
[336,   232] grad_stats: [9.02e-05 7.42e-05] (2.78e-05, 1.05e-03)
avg. loss 5.43705626e-03
time taken for epoch 0:00:54.253943
Epoch 337
[337,     0] loss: 4.945525e-03 masks: 27.0 16.0 [wd: 3.13e-01] [lr: 2.83e-04] [mem: 5.66e+03] (185.4 ms)
[337,     0] grad_stats: [2.49e-04 5.56e-05] (2.61e-05, 1.79e-03)
[337,   116] loss: 5.478776e-03 masks: 22.5 17.0 [wd: 3.13e-01] [lr: 2.81e-04] [mem: 5.66e+03] (174.8 ms)
[337,   116] grad_stats: [1.52e-04 4.96e-05] (1.91e-05, 8.20e-04)
[337,   232] loss: 5.430814e-03 masks: 22.2 17.2 [wd: 3.14e-01] [lr: 2.80e-04] [mem: 5.66e+03] (174.6 ms)
[337,   232] grad_stats: [6.64e-05 4.75e-05] (2.02e-05, 1.41e-03)
avg. loss 5.43081412e-03
time taken for epoch 0:00:54.118875
Epoch 338
[338,     0] loss: 5.063382e-03 masks: 20.0 20.0 [wd: 3.14e-01] [lr: 2.80e-04] [mem: 5.66e+03] (170.3 ms)
[338,     0] grad_stats: [7.53e-05 3.69e-05] (1.65e-05, 6.49e-04)
[338,   116] loss: 5.564568e-03 masks: 22.7 16.7 [wd: 3.14e-01] [lr: 2.78e-04] [mem: 5.66e+03] (174.8 ms)
[338,   116] grad_stats: [1.43e-04 8.22e-05] (2.50e-05, 1.06e-03)
[338,   232] loss: 5.512821e-03 masks: 22.5 16.9 [wd: 3.15e-01] [lr: 2.77e-04] [mem: 5.66e+03] (174.9 ms)
[338,   232] grad_stats: [1.06e-04 5.12e-05] (1.81e-05, 8.45e-04)
avg. loss 5.51282095e-03
time taken for epoch 0:00:54.095399
Epoch 339
[339,     0] loss: 6.402259e-03 masks: 33.0 12.0 [wd: 3.15e-01] [lr: 2.77e-04] [mem: 5.66e+03] (194.9 ms)
[339,     0] grad_stats: [1.32e-04 8.36e-05] (2.88e-05, 3.75e-03)
[339,   116] loss: 5.402571e-03 masks: 22.2 17.3 [wd: 3.15e-01] [lr: 2.75e-04] [mem: 5.66e+03] (174.4 ms)
[339,   116] grad_stats: [1.51e-04 4.58e-05] (2.01e-05, 7.02e-04)
[339,   232] loss: 5.454486e-03 masks: 22.3 17.2 [wd: 3.15e-01] [lr: 2.74e-04] [mem: 5.66e+03] (174.8 ms)
[339,   232] grad_stats: [9.59e-05 6.57e-05] (1.90e-05, 1.23e-03)
avg. loss 5.45448589e-03
time taken for epoch 0:00:54.248157
Epoch 340
[340,     0] loss: 4.846337e-03 masks: 26.0 16.0 [wd: 3.15e-01] [lr: 2.74e-04] [mem: 5.66e+03] (182.6 ms)
[340,     0] grad_stats: [1.95e-04 6.37e-05] (2.54e-05, 9.40e-04)
[340,   116] loss: 5.366203e-03 masks: 21.6 17.6 [wd: 3.16e-01] [lr: 2.72e-04] [mem: 5.66e+03] (173.1 ms)
[340,   116] grad_stats: [1.77e-04 6.96e-05] (2.52e-05, 1.63e-03)
[340,   232] loss: 5.329750e-03 masks: 21.4 17.7 [wd: 3.16e-01] [lr: 2.71e-04] [mem: 5.66e+03] (173.3 ms)
[340,   232] grad_stats: [1.73e-04 8.40e-05] (2.81e-05, 3.21e-03)
avg. loss 5.32974978e-03
time taken for epoch 0:00:53.843459
Epoch 341
[341,     0] loss: 5.490710e-03 masks: 21.0 16.0 [wd: 3.16e-01] [lr: 2.71e-04] [mem: 5.66e+03] (166.6 ms)
[341,     0] grad_stats: [1.90e-04 6.13e-05] (2.76e-05, 1.11e-03)
[341,   116] loss: 5.472448e-03 masks: 22.0 17.2 [wd: 3.17e-01] [lr: 2.69e-04] [mem: 5.66e+03] (173.5 ms)
[341,   116] grad_stats: [1.10e-04 8.17e-05] (1.91e-05, 1.62e-03)
[341,   232] loss: 5.488715e-03 masks: 22.0 17.1 [wd: 3.17e-01] [lr: 2.68e-04] [mem: 5.66e+03] (174.0 ms)
[341,   232] grad_stats: [2.33e-04 1.07e-04] (2.52e-05, 3.44e-03)
avg. loss 5.48871504e-03
time taken for epoch 0:00:54.031327
Epoch 342
[342,     0] loss: 5.497937e-03 masks: 16.0 20.0 [wd: 3.17e-01] [lr: 2.68e-04] [mem: 5.66e+03] (160.6 ms)
[342,     0] grad_stats: [9.25e-05 8.81e-05] (2.16e-05, 1.19e-03)
[342,   116] loss: 5.523019e-03 masks: 21.4 17.3 [wd: 3.18e-01] [lr: 2.66e-04] [mem: 5.66e+03] (172.0 ms)
[342,   116] grad_stats: [1.34e-04 5.12e-05] (2.37e-05, 1.27e-03)
[342,   232] loss: 5.465294e-03 masks: 21.8 17.2 [wd: 3.18e-01] [lr: 2.65e-04] [mem: 5.66e+03] (173.6 ms)
[342,   232] grad_stats: [1.48e-04 8.68e-05] (2.71e-05, 1.72e-03)
avg. loss 5.46529432e-03
time taken for epoch 0:00:54.012176
Epoch 343
[343,     0] loss: 4.748403e-03 masks: 19.0 20.0 [wd: 3.18e-01] [lr: 2.65e-04] [mem: 5.66e+03] (169.8 ms)
[343,     0] grad_stats: [2.55e-04 5.21e-05] (2.25e-05, 7.75e-04)
[343,   116] loss: 5.463824e-03 masks: 22.3 17.1 [wd: 3.19e-01] [lr: 2.63e-04] [mem: 5.66e+03] (174.3 ms)
[343,   116] grad_stats: [9.33e-05 4.75e-05] (1.80e-05, 9.02e-04)
[343,   232] loss: 5.445845e-03 masks: 22.2 17.2 [wd: 3.19e-01] [lr: 2.62e-04] [mem: 5.66e+03] (174.7 ms)
[343,   232] grad_stats: [7.99e-05 6.01e-05] (2.47e-05, 2.78e-03)
avg. loss 5.44584506e-03
time taken for epoch 0:00:54.231230
Epoch 344
[344,     0] loss: 6.038349e-03 masks: 35.0 12.0 [wd: 3.19e-01] [lr: 2.62e-04] [mem: 5.66e+03] (200.0 ms)
[344,     0] grad_stats: [1.67e-04 8.35e-05] (3.48e-05, 3.33e-03)
[344,   116] loss: 5.405701e-03 masks: 22.5 17.0 [wd: 3.20e-01] [lr: 2.60e-04] [mem: 5.66e+03] (174.9 ms)
[344,   116] grad_stats: [1.15e-04 8.07e-05] (3.11e-05, 2.93e-03)
[344,   232] loss: 5.382181e-03 masks: 22.5 17.2 [wd: 3.20e-01] [lr: 2.59e-04] [mem: 5.66e+03] (175.4 ms)
[344,   232] grad_stats: [1.47e-04 7.38e-05] (2.57e-05, 2.01e-03)
avg. loss 5.38218138e-03
time taken for epoch 0:00:54.395582
Epoch 345
[345,     0] loss: 5.821296e-03 masks: 24.0 16.0 [wd: 3.20e-01] [lr: 2.59e-04] [mem: 5.66e+03] (177.4 ms)
[345,     0] grad_stats: [1.31e-04 5.25e-05] (2.30e-05, 2.06e-03)
[345,   116] loss: 5.442316e-03 masks: 21.1 17.4 [wd: 3.21e-01] [lr: 2.57e-04] [mem: 5.66e+03] (171.4 ms)
[345,   116] grad_stats: [2.04e-04 7.52e-05] (2.57e-05, 1.64e-03)
[345,   232] loss: 5.435371e-03 masks: 21.3 17.4 [wd: 3.21e-01] [lr: 2.56e-04] [mem: 5.66e+03] (172.5 ms)
[345,   232] grad_stats: [2.37e-04 8.19e-05] (2.55e-05, 1.35e-03)
avg. loss 5.43537131e-03
time taken for epoch 0:00:53.692750
Epoch 346
[346,     0] loss: 5.875891e-03 masks: 21.0 16.0 [wd: 3.21e-01] [lr: 2.56e-04] [mem: 5.66e+03] (167.7 ms)
[346,     0] grad_stats: [1.15e-04 6.00e-05] (2.27e-05, 8.96e-04)
[346,   116] loss: 5.526749e-03 masks: 22.2 17.0 [wd: 3.22e-01] [lr: 2.54e-04] [mem: 5.66e+03] (173.9 ms)
[346,   116] grad_stats: [9.67e-05 5.50e-05] (1.96e-05, 1.18e-03)
[346,   232] loss: 5.472252e-03 masks: 21.8 17.2 [wd: 3.22e-01] [lr: 2.53e-04] [mem: 5.66e+03] (173.4 ms)
[346,   232] grad_stats: [2.12e-04 7.73e-05] (2.24e-05, 1.29e-03)
avg. loss 5.47225195e-03
time taken for epoch 0:00:53.881315
Epoch 347
[347,     0] loss: 4.981616e-03 masks: 26.0 16.0 [wd: 3.22e-01] [lr: 2.53e-04] [mem: 5.66e+03] (181.9 ms)
[347,     0] grad_stats: [9.80e-05 5.32e-05] (2.57e-05, 1.24e-03)
[347,   116] loss: 5.354038e-03 masks: 22.0 17.5 [wd: 3.23e-01] [lr: 2.51e-04] [mem: 5.66e+03] (174.0 ms)
[347,   116] grad_stats: [1.07e-04 4.60e-05] (2.12e-05, 1.65e-03)
[347,   232] loss: 5.445274e-03 masks: 21.8 17.3 [wd: 3.23e-01] [lr: 2.50e-04] [mem: 5.66e+03] (173.7 ms)
[347,   232] grad_stats: [1.10e-04 7.61e-05] (2.74e-05, 1.40e-03)
avg. loss 5.44527407e-03
time taken for epoch 0:00:54.023158
Epoch 348
[348,     0] loss: 5.046597e-03 masks: 21.0 20.0 [wd: 3.23e-01] [lr: 2.50e-04] [mem: 5.66e+03] (172.7 ms)
[348,     0] grad_stats: [6.21e-05 5.18e-05] (2.14e-05, 1.36e-03)
[348,   116] loss: 5.401653e-03 masks: 21.9 17.4 [wd: 3.24e-01] [lr: 2.48e-04] [mem: 5.66e+03] (173.8 ms)
[348,   116] grad_stats: [7.01e-05 4.70e-05] (2.07e-05, 1.15e-03)
[348,   232] loss: 5.403053e-03 masks: 21.7 17.5 [wd: 3.24e-01] [lr: 2.47e-04] [mem: 5.66e+03] (173.6 ms)
[348,   232] grad_stats: [1.41e-04 7.47e-05] (2.65e-05, 1.57e-03)
avg. loss 5.40305250e-03
time taken for epoch 0:00:53.895246
Epoch 349
[349,     0] loss: 5.863467e-03 masks: 21.0 16.0 [wd: 3.24e-01] [lr: 2.47e-04] [mem: 5.66e+03] (168.5 ms)
[349,     0] grad_stats: [1.65e-04 8.91e-05] (2.67e-05, 1.24e-03)
[349,   116] loss: 5.456399e-03 masks: 21.8 17.4 [wd: 3.24e-01] [lr: 2.45e-04] [mem: 5.66e+03] (173.3 ms)
[349,   116] grad_stats: [1.19e-04 5.37e-05] (2.23e-05, 1.59e-03)
[349,   232] loss: 5.487821e-03 masks: 22.0 17.2 [wd: 3.25e-01] [lr: 2.44e-04] [mem: 5.66e+03] (174.3 ms)
[349,   232] grad_stats: [1.23e-04 5.47e-05] (2.90e-05, 1.07e-03)
avg. loss 5.48782053e-03
time taken for epoch 0:00:54.145823
Epoch 350
[350,     0] loss: 5.202070e-03 masks: 17.0 20.0 [wd: 3.25e-01] [lr: 2.44e-04] [mem: 5.66e+03] (160.5 ms)
[350,     0] grad_stats: [1.32e-04 7.61e-05] (2.14e-05, 9.16e-04)
[350,   116] loss: 5.492338e-03 masks: 21.4 17.4 [wd: 3.25e-01] [lr: 2.42e-04] [mem: 5.66e+03] (172.2 ms)
[350,   116] grad_stats: [1.50e-04 7.31e-05] (2.49e-05, 9.79e-04)
[350,   232] loss: 5.460507e-03 masks: 21.7 17.3 [wd: 3.26e-01] [lr: 2.41e-04] [mem: 5.66e+03] (173.5 ms)
[350,   232] grad_stats: [3.19e-04 5.97e-05] (2.87e-05, 1.38e-03)
avg. loss 5.46050698e-03
time taken for epoch 0:00:54.046283
Epoch 351
[351,     0] loss: 5.755165e-03 masks: 24.0 16.0 [wd: 3.26e-01] [lr: 2.41e-04] [mem: 5.66e+03] (176.0 ms)
[351,     0] grad_stats: [2.05e-04 5.42e-05] (2.95e-05, 1.46e-03)
[351,   116] loss: 5.395153e-03 masks: 22.6 17.2 [wd: 3.26e-01] [lr: 2.40e-04] [mem: 5.66e+03] (175.8 ms)
[351,   116] grad_stats: [1.54e-04 7.26e-05] (2.65e-05, 1.23e-03)
[351,   232] loss: 5.388849e-03 masks: 22.4 17.3 [wd: 3.27e-01] [lr: 2.38e-04] [mem: 5.66e+03] (175.6 ms)
[351,   232] grad_stats: [1.40e-04 8.38e-05] (2.93e-05, 3.52e-03)
avg. loss 5.38884895e-03
time taken for epoch 0:00:54.379728
Epoch 352
[352,     0] loss: 5.527158e-03 masks: 26.0 16.0 [wd: 3.27e-01] [lr: 2.38e-04] [mem: 5.66e+03] (183.8 ms)
[352,     0] grad_stats: [1.56e-04 7.26e-05] (2.79e-05, 9.10e-04)
[352,   116] loss: 5.382023e-03 masks: 21.8 17.4 [wd: 3.27e-01] [lr: 2.37e-04] [mem: 5.66e+03] (173.4 ms)
[352,   116] grad_stats: [8.36e-05 6.44e-05] (2.70e-05, 1.00e-03)
[352,   232] loss: 5.420056e-03 masks: 22.0 17.3 [wd: 3.28e-01] [lr: 2.35e-04] [mem: 5.66e+03] (174.2 ms)
[352,   232] grad_stats: [1.55e-04 1.11e-04] (2.85e-05, 1.39e-03)
avg. loss 5.42005560e-03
time taken for epoch 0:00:54.259746
Epoch 353
[353,     0] loss: 5.317642e-03 masks: 11.0 20.0 [wd: 3.28e-01] [lr: 2.35e-04] [mem: 5.66e+03] (144.5 ms)
[353,     0] grad_stats: [8.16e-05 7.67e-05] (2.45e-05, 1.11e-03)
[353,   116] loss: 5.514743e-03 masks: 21.8 17.3 [wd: 3.28e-01] [lr: 2.34e-04] [mem: 5.66e+03] (173.2 ms)
[353,   116] grad_stats: [1.97e-04 6.31e-05] (2.75e-05, 1.13e-03)
[353,   232] loss: 5.440312e-03 masks: 21.9 17.3 [wd: 3.29e-01] [lr: 2.32e-04] [mem: 5.66e+03] (174.1 ms)
[353,   232] grad_stats: [1.06e-04 5.79e-05] (2.83e-05, 1.14e-03)
avg. loss 5.44031242e-03
time taken for epoch 0:00:54.060507
Epoch 354
[354,     0] loss: 5.893599e-03 masks: 23.0 16.0 [wd: 3.29e-01] [lr: 2.32e-04] [mem: 5.66e+03] (172.2 ms)
[354,     0] grad_stats: [1.27e-04 8.20e-05] (3.05e-05, 3.73e-03)
[354,   116] loss: 5.442991e-03 masks: 20.9 17.7 [wd: 3.29e-01] [lr: 2.31e-04] [mem: 5.66e+03] (171.3 ms)
[354,   116] grad_stats: [2.14e-04 6.31e-05] (2.70e-05, 9.77e-04)
[354,   232] loss: 5.371773e-03 masks: 21.3 17.6 [wd: 3.29e-01] [lr: 2.29e-04] [mem: 5.66e+03] (172.7 ms)
[354,   232] grad_stats: [8.98e-05 4.83e-05] (2.54e-05, 1.21e-03)
avg. loss 5.37177343e-03
time taken for epoch 0:00:53.724791
Epoch 355
[355,     0] loss: 6.304243e-03 masks: 35.0 12.0 [wd: 3.29e-01] [lr: 2.29e-04] [mem: 5.66e+03] (199.6 ms)
[355,     0] grad_stats: [1.63e-04 7.40e-05] (3.37e-05, 1.84e-03)
[355,   116] loss: 5.445270e-03 masks: 22.3 17.1 [wd: 3.30e-01] [lr: 2.28e-04] [mem: 5.66e+03] (174.5 ms)
[355,   116] grad_stats: [1.22e-04 6.37e-05] (2.28e-05, 1.76e-03)
[355,   232] loss: 5.435415e-03 masks: 21.9 17.3 [wd: 3.30e-01] [lr: 2.27e-04] [mem: 5.66e+03] (174.0 ms)
[355,   232] grad_stats: [1.50e-04 6.15e-05] (2.59e-05, 1.35e-03)
avg. loss 5.43541491e-03
time taken for epoch 0:00:53.883025
Epoch 356
[356,     0] loss: 6.201467e-03 masks: 20.0 16.0 [wd: 3.30e-01] [lr: 2.27e-04] [mem: 5.66e+03] (163.0 ms)
[356,     0] grad_stats: [9.46e-05 8.11e-05] (2.84e-05, 7.69e-04)
[356,   116] loss: 5.432184e-03 masks: 21.7 17.4 [wd: 3.31e-01] [lr: 2.25e-04] [mem: 5.66e+03] (173.0 ms)
[356,   116] grad_stats: [1.27e-04 4.43e-05] (2.17e-05, 6.43e-04)
[356,   232] loss: 5.461307e-03 masks: 21.8 17.3 [wd: 3.31e-01] [lr: 2.24e-04] [mem: 5.66e+03] (173.7 ms)
[356,   232] grad_stats: [1.65e-04 5.69e-05] (2.55e-05, 1.26e-03)
avg. loss 5.46130658e-03
time taken for epoch 0:00:54.015462
Epoch 357
[357,     0] loss: 6.591694e-03 masks: 35.0 12.0 [wd: 3.31e-01] [lr: 2.24e-04] [mem: 5.66e+03] (198.8 ms)
[357,     0] grad_stats: [2.67e-04 8.63e-05] (3.07e-05, 1.57e-03)
[357,   116] loss: 5.420808e-03 masks: 22.8 17.2 [wd: 3.32e-01] [lr: 2.22e-04] [mem: 5.66e+03] (175.8 ms)
[357,   116] grad_stats: [2.07e-04 6.66e-05] (2.49e-05, 2.41e-03)
[357,   232] loss: 5.446761e-03 masks: 22.7 17.1 [wd: 3.32e-01] [lr: 2.21e-04] [mem: 5.66e+03] (176.0 ms)
[357,   232] grad_stats: [1.71e-04 6.46e-05] (2.31e-05, 1.19e-03)
avg. loss 5.44676083e-03
time taken for epoch 0:00:54.807131
Epoch 358
[358,     0] loss: 6.497586e-03 masks: 20.0 16.0 [wd: 3.32e-01] [lr: 2.21e-04] [mem: 5.66e+03] (165.9 ms)
[358,     0] grad_stats: [1.12e-04 5.53e-05] (2.76e-05, 1.10e-03)
[358,   116] loss: 5.451267e-03 masks: 21.8 17.3 [wd: 3.33e-01] [lr: 2.19e-04] [mem: 5.66e+03] (173.3 ms)
[358,   116] grad_stats: [2.82e-04 8.53e-05] (2.93e-05, 1.36e-03)
[358,   232] loss: 5.438132e-03 masks: 21.9 17.3 [wd: 3.33e-01] [lr: 2.18e-04] [mem: 5.66e+03] (173.9 ms)
[358,   232] grad_stats: [1.48e-04 7.70e-05] (2.44e-05, 1.17e-03)
avg. loss 5.43813220e-03
time taken for epoch 0:00:53.991375
Epoch 359
[359,     0] loss: 5.481338e-03 masks: 26.0 16.0 [wd: 3.33e-01] [lr: 2.18e-04] [mem: 5.66e+03] (182.8 ms)
[359,     0] grad_stats: [1.73e-04 6.22e-05] (2.49e-05, 1.84e-03)
[359,   116] loss: 5.494633e-03 masks: 22.0 17.1 [wd: 3.33e-01] [lr: 2.17e-04] [mem: 5.66e+03] (173.7 ms)
[359,   116] grad_stats: [6.73e-05 5.21e-05] (2.23e-05, 9.35e-04)
[359,   232] loss: 5.445317e-03 masks: 21.9 17.3 [wd: 3.34e-01] [lr: 2.15e-04] [mem: 5.66e+03] (173.9 ms)
[359,   232] grad_stats: [1.01e-04 6.77e-05] (2.71e-05, 1.10e-03)
avg. loss 5.44531733e-03
time taken for epoch 0:00:53.948196
Epoch 360
[360,     0] loss: 5.362884e-03 masks: 25.0 16.0 [wd: 3.34e-01] [lr: 2.15e-04] [mem: 5.66e+03] (178.5 ms)
[360,     0] grad_stats: [2.12e-04 6.46e-05] (2.83e-05, 9.78e-04)
[360,   116] loss: 5.437399e-03 masks: 22.0 17.3 [wd: 3.34e-01] [lr: 2.14e-04] [mem: 5.66e+03] (173.6 ms)
[360,   116] grad_stats: [1.41e-04 8.78e-05] (3.01e-05, 2.12e-03)
[360,   232] loss: 5.455162e-03 masks: 21.5 17.4 [wd: 3.35e-01] [lr: 2.12e-04] [mem: 5.66e+03] (172.8 ms)
[360,   232] grad_stats: [3.64e-04 9.59e-05] (4.58e-05, 1.80e-03)
avg. loss 5.45516225e-03
time taken for epoch 0:00:53.648540
Epoch 361
[361,     0] loss: 5.954703e-03 masks: 23.0 16.0 [wd: 3.35e-01] [lr: 2.12e-04] [mem: 5.66e+03] (169.8 ms)
[361,     0] grad_stats: [1.95e-04 8.73e-05] (3.04e-05, 1.38e-03)
[361,   116] loss: 5.468143e-03 masks: 21.7 17.2 [wd: 3.35e-01] [lr: 2.11e-04] [mem: 5.66e+03] (172.8 ms)
[361,   116] grad_stats: [2.86e-04 8.75e-05] (2.45e-05, 1.56e-03)
[361,   232] loss: 5.495673e-03 masks: 22.2 17.0 [wd: 3.36e-01] [lr: 2.10e-04] [mem: 5.66e+03] (174.3 ms)
[361,   232] grad_stats: [3.16e-04 6.81e-05] (2.60e-05, 1.71e-03)
avg. loss 5.49567348e-03
time taken for epoch 0:00:54.127782
Epoch 362
[362,     0] loss: 4.693418e-03 masks: 20.0 20.0 [wd: 3.36e-01] [lr: 2.10e-04] [mem: 5.66e+03] (170.3 ms)
[362,     0] grad_stats: [1.43e-04 9.81e-05] (2.50e-05, 1.95e-03)
[362,   116] loss: 5.400809e-03 masks: 21.1 17.6 [wd: 3.36e-01] [lr: 2.08e-04] [mem: 5.66e+03] (171.6 ms)
[362,   116] grad_stats: [2.29e-04 6.98e-05] (2.29e-05, 1.59e-03)
[362,   232] loss: 5.437351e-03 masks: 21.3 17.4 [wd: 3.36e-01] [lr: 2.07e-04] [mem: 5.66e+03] (172.5 ms)
[362,   232] grad_stats: [3.50e-04 7.26e-05] (2.41e-05, 1.85e-03)
avg. loss 5.43735080e-03
time taken for epoch 0:00:53.631147
Epoch 363
[363,     0] loss: 4.854968e-03 masks: 20.0 20.0 [wd: 3.36e-01] [lr: 2.07e-04] [mem: 5.66e+03] (170.0 ms)
[363,     0] grad_stats: [1.63e-04 5.25e-05] (2.84e-05, 1.34e-03)
[363,   116] loss: 5.345997e-03 masks: 21.6 17.7 [wd: 3.37e-01] [lr: 2.06e-04] [mem: 5.66e+03] (173.1 ms)
[363,   116] grad_stats: [2.06e-04 7.72e-05] (2.75e-05, 1.59e-03)
[363,   232] loss: 5.368330e-03 masks: 21.6 17.6 [wd: 3.37e-01] [lr: 2.04e-04] [mem: 5.66e+03] (173.4 ms)
[363,   232] grad_stats: [8.54e-05 7.16e-05] (2.51e-05, 1.26e-03)
avg. loss 5.36832987e-03
time taken for epoch 0:00:53.973354
Epoch 364
[364,     0] loss: 4.995440e-03 masks: 26.0 16.0 [wd: 3.37e-01] [lr: 2.04e-04] [mem: 5.66e+03] (183.9 ms)
[364,     0] grad_stats: [1.44e-04 9.28e-05] (2.78e-05, 2.14e-03)
[364,   116] loss: 5.353466e-03 masks: 21.6 17.6 [wd: 3.38e-01] [lr: 2.03e-04] [mem: 5.66e+03] (173.0 ms)
[364,   116] grad_stats: [1.11e-04 5.88e-05] (2.29e-05, 1.08e-03)
[364,   232] loss: 5.427818e-03 masks: 21.5 17.5 [wd: 3.38e-01] [lr: 2.01e-04] [mem: 5.66e+03] (173.2 ms)
[364,   232] grad_stats: [9.77e-05 8.46e-05] (3.45e-05, 1.02e-03)
avg. loss 5.42781768e-03
time taken for epoch 0:00:53.792776
Epoch 365
[365,     0] loss: 6.440803e-03 masks: 35.0 12.0 [wd: 3.38e-01] [lr: 2.01e-04] [mem: 5.66e+03] (197.6 ms)
[365,     0] grad_stats: [1.60e-04 8.74e-05] (4.29e-05, 2.38e-03)
[365,   116] loss: 5.469411e-03 masks: 22.2 17.3 [wd: 3.39e-01] [lr: 2.00e-04] [mem: 5.66e+03] (174.4 ms)
[365,   116] grad_stats: [1.99e-04 1.03e-04] (4.36e-05, 2.49e-03)
[365,   232] loss: 5.475580e-03 masks: 21.8 17.3 [wd: 3.39e-01] [lr: 1.99e-04] [mem: 5.66e+03] (173.6 ms)
[365,   232] grad_stats: [9.72e-05 6.76e-05] (2.57e-05, 1.08e-03)
avg. loss 5.47558031e-03
time taken for epoch 0:00:54.000302
Epoch 366
[366,     0] loss: 5.089448e-03 masks: 26.0 16.0 [wd: 3.39e-01] [lr: 1.99e-04] [mem: 5.66e+03] (182.8 ms)
[366,     0] grad_stats: [1.64e-04 6.40e-05] (2.58e-05, 2.53e-03)
[366,   116] loss: 5.422180e-03 masks: 22.3 17.3 [wd: 3.39e-01] [lr: 1.97e-04] [mem: 5.66e+03] (174.6 ms)
[366,   116] grad_stats: [2.73e-04 7.89e-05] (3.08e-05, 1.31e-03)
[366,   232] loss: 5.410563e-03 masks: 22.4 17.3 [wd: 3.40e-01] [lr: 1.96e-04] [mem: 5.66e+03] (175.3 ms)
[366,   232] grad_stats: [1.11e-04 6.43e-05] (2.88e-05, 9.51e-04)
avg. loss 5.41056309e-03
time taken for epoch 0:00:54.336714
Epoch 367
[367,     0] loss: 5.389339e-03 masks: 26.0 16.0 [wd: 3.40e-01] [lr: 1.96e-04] [mem: 5.66e+03] (183.4 ms)
[367,     0] grad_stats: [3.27e-04 9.15e-05] (3.44e-05, 1.93e-03)
[367,   116] loss: 5.509062e-03 masks: 22.0 17.3 [wd: 3.40e-01] [lr: 1.95e-04] [mem: 5.66e+03] (173.9 ms)
[367,   116] grad_stats: [1.40e-04 6.79e-05] (2.73e-05, 1.26e-03)
[367,   232] loss: 5.462127e-03 masks: 21.9 17.4 [wd: 3.41e-01] [lr: 1.93e-04] [mem: 5.66e+03] (173.9 ms)
[367,   232] grad_stats: [1.19e-04 6.91e-05] (3.29e-05, 1.50e-03)
avg. loss 5.46212714e-03
time taken for epoch 0:00:53.944758
Epoch 368
[368,     0] loss: 3.608566e-03 masks: 21.0 20.0 [wd: 3.41e-01] [lr: 1.93e-04] [mem: 5.66e+03] (171.8 ms)
[368,     0] grad_stats: [9.32e-05 5.13e-05] (2.26e-05, 8.82e-04)
[368,   116] loss: 5.425993e-03 masks: 23.1 17.1 [wd: 3.41e-01] [lr: 1.92e-04] [mem: 5.66e+03] (176.4 ms)
[368,   116] grad_stats: [1.20e-04 6.51e-05] (3.36e-05, 1.10e-03)
[368,   232] loss: 5.470543e-03 masks: 22.8 17.0 [wd: 3.42e-01] [lr: 1.91e-04] [mem: 5.66e+03] (235.8 ms)
[368,   232] grad_stats: [2.64e-04 8.76e-05] (3.45e-05, 1.26e-03)
avg. loss 5.47054265e-03
time taken for epoch 0:01:08.678749
Epoch 369
[369,     0] loss: 5.373836e-03 masks: 23.0 16.0 [wd: 3.42e-01] [lr: 1.91e-04] [mem: 5.66e+03] (348.2 ms)
[369,     0] grad_stats: [1.47e-04 5.46e-05] (2.99e-05, 1.39e-03)
[369,   116] loss: 5.433401e-03 masks: 22.0 17.4 [wd: 3.42e-01] [lr: 1.89e-04] [mem: 5.66e+03] (209.1 ms)
[369,   116] grad_stats: [2.04e-04 7.38e-05] (3.53e-05, 1.02e-03)
[369,   232] loss: 5.428476e-03 masks: 22.1 17.4 [wd: 3.42e-01] [lr: 1.88e-04] [mem: 5.66e+03] (192.6 ms)
[369,   232] grad_stats: [1.04e-04 5.52e-05] (2.51e-05, 5.92e-04)
avg. loss 5.42847638e-03
time taken for epoch 0:00:59.901652
Epoch 370
[370,     0] loss: 6.159917e-03 masks: 21.0 16.0 [wd: 3.42e-01] [lr: 1.88e-04] [mem: 5.66e+03] (167.3 ms)
[370,     0] grad_stats: [1.21e-04 7.58e-05] (3.08e-05, 1.17e-03)
[370,   116] loss: 5.496991e-03 masks: 22.5 16.9 [wd: 3.43e-01] [lr: 1.87e-04] [mem: 5.66e+03] (174.7 ms)
[370,   116] grad_stats: [1.12e-04 8.03e-05] (3.14e-05, 1.54e-03)
[370,   232] loss: 5.477862e-03 masks: 22.3 17.1 [wd: 3.43e-01] [lr: 1.85e-04] [mem: 5.66e+03] (174.9 ms)
[370,   232] grad_stats: [1.36e-04 6.99e-05] (3.36e-05, 1.23e-03)
avg. loss 5.47786173e-03
time taken for epoch 0:00:54.186121
Epoch 371
[371,     0] loss: 6.181061e-03 masks: 23.0 16.0 [wd: 3.43e-01] [lr: 1.85e-04] [mem: 5.66e+03] (172.0 ms)
[371,     0] grad_stats: [1.04e-04 8.43e-05] (3.45e-05, 1.98e-03)
[371,   116] loss: 5.496185e-03 masks: 21.8 17.1 [wd: 3.44e-01] [lr: 1.84e-04] [mem: 5.66e+03] (173.0 ms)
[371,   116] grad_stats: [1.98e-04 1.10e-04] (3.42e-05, 1.36e-03)
[371,   232] loss: 5.480274e-03 masks: 21.9 17.2 [wd: 3.44e-01] [lr: 1.83e-04] [mem: 5.66e+03] (173.8 ms)
[371,   232] grad_stats: [8.54e-05 7.02e-05] (3.12e-05, 1.04e-03)
avg. loss 5.48027440e-03
time taken for epoch 0:00:53.995608
Epoch 372
[372,     0] loss: 5.723352e-03 masks: 11.0 20.0 [wd: 3.44e-01] [lr: 1.83e-04] [mem: 5.66e+03] (144.6 ms)
[372,     0] grad_stats: [9.88e-05 7.29e-05] (2.80e-05, 1.11e-03)
[372,   116] loss: 5.527529e-03 masks: 21.7 17.2 [wd: 3.44e-01] [lr: 1.81e-04] [mem: 5.66e+03] (172.8 ms)
[372,   116] grad_stats: [9.94e-05 9.32e-05] (3.33e-05, 1.37e-03)
[372,   232] loss: 5.492602e-03 masks: 21.8 17.3 [wd: 3.45e-01] [lr: 1.80e-04] [mem: 5.66e+03] (173.7 ms)
[372,   232] grad_stats: [2.74e-04 6.61e-05] (2.97e-05, 1.54e-03)
avg. loss 5.49260229e-03
time taken for epoch 0:00:53.895933
Epoch 373
[373,     0] loss: 5.385884e-03 masks: 27.0 16.0 [wd: 3.45e-01] [lr: 1.80e-04] [mem: 5.66e+03] (184.8 ms)
[373,     0] grad_stats: [3.19e-04 7.61e-05] (3.30e-05, 2.04e-03)
[373,   116] loss: 5.511921e-03 masks: 22.2 17.1 [wd: 3.45e-01] [lr: 1.79e-04] [mem: 5.66e+03] (174.0 ms)
[373,   116] grad_stats: [1.39e-04 1.04e-04] (3.03e-05, 9.85e-04)
[373,   232] loss: 5.529944e-03 masks: 22.5 16.9 [wd: 3.46e-01] [lr: 1.77e-04] [mem: 5.66e+03] (175.0 ms)
[373,   232] grad_stats: [3.18e-04 6.91e-05] (2.92e-05, 3.36e-03)
avg. loss 5.52994414e-03
time taken for epoch 0:00:54.308706
Epoch 374
[374,     0] loss: 5.124119e-03 masks: 16.0 20.0 [wd: 3.46e-01] [lr: 1.77e-04] [mem: 5.66e+03] (158.4 ms)
[374,     0] grad_stats: [8.30e-05 9.76e-05] (2.80e-05, 3.79e-03)
[374,   116] loss: 5.480857e-03 masks: 21.0 17.4 [wd: 3.46e-01] [lr: 1.76e-04] [mem: 5.66e+03] (171.0 ms)
[374,   116] grad_stats: [1.53e-04 1.01e-04] (4.21e-05, 1.80e-03)
[374,   232] loss: 5.447923e-03 masks: 21.1 17.5 [wd: 3.46e-01] [lr: 1.75e-04] [mem: 5.66e+03] (171.8 ms)
[374,   232] grad_stats: [8.37e-05 5.97e-05] (2.59e-05, 1.72e-03)
avg. loss 5.44792285e-03
time taken for epoch 0:00:53.530952
Epoch 375
[375,     0] loss: 5.642135e-03 masks: 13.0 20.0 [wd: 3.46e-01] [lr: 1.75e-04] [mem: 5.66e+03] (149.0 ms)
[375,     0] grad_stats: [1.46e-04 9.51e-05] (2.99e-05, 2.43e-03)
[375,   116] loss: 5.560278e-03 masks: 23.0 16.7 [wd: 3.47e-01] [lr: 1.74e-04] [mem: 5.66e+03] (175.6 ms)
[375,   116] grad_stats: [2.03e-04 8.18e-05] (4.45e-05, 2.98e-03)
[375,   232] loss: 5.587654e-03 masks: 23.0 16.7 [wd: 3.47e-01] [lr: 1.72e-04] [mem: 5.66e+03] (176.0 ms)
[375,   232] grad_stats: [1.67e-04 5.50e-05] (2.66e-05, 1.08e-03)
avg. loss 5.58765428e-03
time taken for epoch 0:00:54.541555
Epoch 376
[376,     0] loss: 6.292978e-03 masks: 23.0 16.0 [wd: 3.47e-01] [lr: 1.72e-04] [mem: 5.66e+03] (394.6 ms)
[376,     0] grad_stats: [1.14e-04 1.33e-04] (3.55e-05, 1.23e-03)
[376,   116] loss: 5.528945e-03 masks: 22.5 17.0 [wd: 3.48e-01] [lr: 1.71e-04] [mem: 5.66e+03] (318.0 ms)
[376,   116] grad_stats: [1.61e-04 1.06e-04] (4.01e-05, 1.97e-03)
[376,   232] loss: 5.541985e-03 masks: 21.9 17.2 [wd: 3.48e-01] [lr: 1.70e-04] [mem: 5.66e+03] (250.4 ms)
[376,   232] grad_stats: [1.39e-04 8.77e-05] (3.11e-05, 2.24e-03)
avg. loss 5.54198499e-03
time taken for epoch 0:01:12.779689
Epoch 377
[377,     0] loss: 5.035389e-03 masks: 18.0 20.0 [wd: 3.48e-01] [lr: 1.70e-04] [mem: 5.66e+03] (166.0 ms)
[377,     0] grad_stats: [9.92e-05 6.15e-05] (2.61e-05, 9.09e-04)
[377,   116] loss: 5.555603e-03 masks: 23.3 16.7 [wd: 3.48e-01] [lr: 1.68e-04] [mem: 5.66e+03] (176.5 ms)
[377,   116] grad_stats: [8.34e-05 5.01e-05] (2.65e-05, 1.12e-03)
[377,   232] loss: 5.503806e-03 masks: 22.5 17.1 [wd: 3.49e-01] [lr: 1.67e-04] [mem: 5.66e+03] (175.2 ms)
[377,   232] grad_stats: [2.09e-04 7.17e-05] (3.60e-05, 1.34e-03)
avg. loss 5.50380562e-03
time taken for epoch 0:00:54.176690
Epoch 378
[378,     0] loss: 5.793351e-03 masks: 28.0 16.0 [wd: 3.49e-01] [lr: 1.67e-04] [mem: 5.66e+03] (187.1 ms)
[378,     0] grad_stats: [1.68e-04 9.58e-05] (3.41e-05, 2.16e-03)
[378,   116] loss: 5.450482e-03 masks: 22.2 17.2 [wd: 3.49e-01] [lr: 1.66e-04] [mem: 5.66e+03] (174.1 ms)
[378,   116] grad_stats: [1.81e-04 9.11e-05] (4.50e-05, 2.73e-03)
[378,   232] loss: 5.501105e-03 masks: 21.9 17.2 [wd: 3.50e-01] [lr: 1.65e-04] [mem: 5.66e+03] (173.8 ms)
[378,   232] grad_stats: [9.97e-05 5.58e-05] (2.97e-05, 7.05e-04)
avg. loss 5.50110496e-03
time taken for epoch 0:00:53.905033
Epoch 379
[379,     0] loss: 5.829392e-03 masks: 13.0 20.0 [wd: 3.50e-01] [lr: 1.65e-04] [mem: 5.66e+03] (150.3 ms)
[379,     0] grad_stats: [9.39e-05 8.74e-05] (2.83e-05, 1.28e-03)
[379,   116] loss: 5.425360e-03 masks: 22.5 17.2 [wd: 3.50e-01] [lr: 1.63e-04] [mem: 5.66e+03] (175.0 ms)
[379,   116] grad_stats: [1.99e-04 8.61e-05] (2.78e-05, 9.31e-04)
[379,   232] loss: 5.461989e-03 masks: 22.5 17.1 [wd: 3.50e-01] [lr: 1.62e-04] [mem: 5.66e+03] (175.4 ms)
[379,   232] grad_stats: [1.21e-04 8.91e-05] (3.84e-05, 1.25e-03)
avg. loss 5.46198852e-03
time taken for epoch 0:00:54.460630
Epoch 380
[380,     0] loss: 6.733892e-03 masks: 17.0 16.0 [wd: 3.50e-01] [lr: 1.62e-04] [mem: 5.66e+03] (158.4 ms)
[380,     0] grad_stats: [1.20e-04 8.22e-05] (3.46e-05, 2.15e-03)
[380,   116] loss: 5.567570e-03 masks: 22.7 16.7 [wd: 3.51e-01] [lr: 1.61e-04] [mem: 5.66e+03] (175.1 ms)
[380,   116] grad_stats: [1.19e-04 8.17e-05] (3.75e-05, 1.23e-03)
[380,   232] loss: 5.534645e-03 masks: 22.6 16.9 [wd: 3.51e-01] [lr: 1.60e-04] [mem: 5.66e+03] (175.4 ms)
[380,   232] grad_stats: [1.78e-04 7.76e-05] (2.89e-05, 1.52e-03)
avg. loss 5.53464512e-03
time taken for epoch 0:00:54.212129
Epoch 381
[381,     0] loss: 4.542239e-03 masks: 19.0 20.0 [wd: 3.51e-01] [lr: 1.60e-04] [mem: 5.66e+03] (168.4 ms)
[381,     0] grad_stats: [1.35e-04 7.76e-05] (3.04e-05, 1.24e-03)
[381,   116] loss: 5.504459e-03 masks: 21.3 17.5 [wd: 3.52e-01] [lr: 1.58e-04] [mem: 5.66e+03] (172.1 ms)
[381,   116] grad_stats: [2.93e-04 9.63e-05] (3.46e-05, 1.37e-03)
[381,   232] loss: 5.510072e-03 masks: 21.5 17.4 [wd: 3.52e-01] [lr: 1.57e-04] [mem: 5.66e+03] (173.1 ms)
[381,   232] grad_stats: [1.33e-04 5.81e-05] (3.10e-05, 1.05e-03)
avg. loss 5.51007233e-03
time taken for epoch 0:00:53.769741
Epoch 382
[382,     0] loss: 5.299957e-03 masks: 27.0 16.0 [wd: 3.52e-01] [lr: 1.57e-04] [mem: 5.66e+03] (185.0 ms)
[382,     0] grad_stats: [1.22e-04 6.18e-05] (3.15e-05, 1.09e-03)
[382,   116] loss: 5.531814e-03 masks: 22.6 16.9 [wd: 3.52e-01] [lr: 1.56e-04] [mem: 5.66e+03] (174.7 ms)
[382,   116] grad_stats: [9.18e-05 5.04e-05] (2.77e-05, 8.12e-04)
[382,   232] loss: 5.517228e-03 masks: 22.1 17.2 [wd: 3.53e-01] [lr: 1.55e-04] [mem: 5.66e+03] (174.0 ms)
[382,   232] grad_stats: [1.35e-04 9.42e-05] (4.25e-05, 1.57e-03)
avg. loss 5.51722818e-03
time taken for epoch 0:00:53.961213
Epoch 383
[383,     0] loss: 6.272113e-03 masks: 20.0 16.0 [wd: 3.53e-01] [lr: 1.55e-04] [mem: 5.66e+03] (165.7 ms)
[383,     0] grad_stats: [1.06e-04 1.21e-04] (3.63e-05, 1.65e-03)
[383,   116] loss: 5.464735e-03 masks: 22.0 17.5 [wd: 3.53e-01] [lr: 1.53e-04] [mem: 5.66e+03] (173.9 ms)
[383,   116] grad_stats: [2.00e-04 9.08e-05] (3.74e-05, 1.20e-03)
[383,   232] loss: 5.496210e-03 masks: 22.2 17.2 [wd: 3.54e-01] [lr: 1.52e-04] [mem: 5.66e+03] (174.7 ms)
[383,   232] grad_stats: [1.48e-04 9.59e-05] (3.60e-05, 1.31e-03)
avg. loss 5.49620978e-03
time taken for epoch 0:00:54.152162
Epoch 384
[384,     0] loss: 4.765166e-03 masks: 29.0 16.0 [wd: 3.54e-01] [lr: 1.52e-04] [mem: 5.66e+03] (420.9 ms)
[384,     0] grad_stats: [2.75e-04 6.93e-05] (3.29e-05, 1.76e-03)
[384,   116] loss: 5.507246e-03 masks: 22.0 17.1 [wd: 3.54e-01] [lr: 1.51e-04] [mem: 5.66e+03] (324.3 ms)
[384,   116] grad_stats: [9.80e-05 7.08e-05] (3.21e-05, 2.14e-03)
[384,   232] loss: 5.527531e-03 masks: 22.2 17.1 [wd: 3.54e-01] [lr: 1.50e-04] [mem: 5.66e+03] (274.7 ms)
[384,   232] grad_stats: [8.24e-05 5.50e-05] (2.82e-05, 9.00e-04)
avg. loss 5.52753058e-03
time taken for epoch 0:01:18.031632
Epoch 385
[385,     0] loss: 5.264910e-03 masks: 17.0 20.0 [wd: 3.54e-01] [lr: 1.50e-04] [mem: 5.66e+03] (162.7 ms)
[385,     0] grad_stats: [8.29e-05 8.99e-05] (3.38e-05, 1.21e-03)
[385,   116] loss: 5.412051e-03 masks: 21.0 17.8 [wd: 3.55e-01] [lr: 1.49e-04] [mem: 5.66e+03] (171.8 ms)
[385,   116] grad_stats: [9.37e-05 8.33e-05] (3.74e-05, 2.24e-03)
[385,   232] loss: 5.450022e-03 masks: 21.3 17.6 [wd: 3.55e-01] [lr: 1.47e-04] [mem: 5.66e+03] (172.8 ms)
[385,   232] grad_stats: [8.54e-05 6.60e-05] (3.34e-05, 1.62e-03)
avg. loss 5.45002172e-03
time taken for epoch 0:00:53.815349
Epoch 386
[386,     0] loss: 5.962329e-03 masks: 34.0 12.0 [wd: 3.55e-01] [lr: 1.47e-04] [mem: 5.66e+03] (196.1 ms)
[386,     0] grad_stats: [1.99e-04 7.42e-05] (4.17e-05, 1.64e-03)
[386,   116] loss: 5.457210e-03 masks: 22.0 17.3 [wd: 3.55e-01] [lr: 1.46e-04] [mem: 5.66e+03] (173.7 ms)
[386,   116] grad_stats: [2.16e-04 9.03e-05] (3.19e-05, 2.82e-03)
[386,   232] loss: 5.457798e-03 masks: 22.4 17.3 [wd: 3.56e-01] [lr: 1.45e-04] [mem: 5.66e+03] (217.0 ms)
[386,   232] grad_stats: [1.72e-04 6.93e-05] (2.96e-05, 1.16e-03)
avg. loss 5.45779767e-03
time taken for epoch 0:01:04.548874
Epoch 387
[387,     0] loss: 5.521546e-03 masks: 16.0 20.0 [wd: 3.56e-01] [lr: 1.45e-04] [mem: 5.66e+03] (360.3 ms)
[387,     0] grad_stats: [1.25e-04 8.09e-05] (3.36e-05, 1.74e-03)
[387,   116] loss: 5.394945e-03 masks: 21.9 17.5 [wd: 3.56e-01] [lr: 1.44e-04] [mem: 5.66e+03] (204.0 ms)
[387,   116] grad_stats: [1.22e-04 7.47e-05] (3.83e-05, 2.64e-03)
[387,   232] loss: 5.431685e-03 masks: 21.6 17.5 [wd: 3.57e-01] [lr: 1.43e-04] [mem: 5.66e+03] (261.7 ms)
[387,   232] grad_stats: [1.19e-04 9.44e-05] (3.98e-05, 1.30e-03)
avg. loss 5.43168468e-03
time taken for epoch 0:01:16.201445
Epoch 388
[388,     0] loss: 5.784121e-03 masks: 12.0 20.0 [wd: 3.57e-01] [lr: 1.42e-04] [mem: 5.66e+03] (148.2 ms)
[388,     0] grad_stats: [1.72e-04 1.03e-04] (3.90e-05, 1.97e-03)
[388,   116] loss: 5.541811e-03 masks: 21.0 17.4 [wd: 3.57e-01] [lr: 1.41e-04] [mem: 5.66e+03] (171.4 ms)
[388,   116] grad_stats: [2.20e-04 8.12e-05] (4.62e-05, 2.15e-03)
[388,   232] loss: 5.473580e-03 masks: 21.5 17.4 [wd: 3.57e-01] [lr: 1.40e-04] [mem: 5.66e+03] (173.3 ms)
[388,   232] grad_stats: [7.11e-05 6.87e-05] (2.95e-05, 1.23e-03)
avg. loss 5.47358038e-03
time taken for epoch 0:00:54.145568
Epoch 389
[389,     0] loss: 5.029705e-03 masks: 14.0 20.0 [wd: 3.57e-01] [lr: 1.40e-04] [mem: 5.66e+03] (154.5 ms)
[389,     0] grad_stats: [1.01e-04 9.21e-05] (3.50e-05, 1.33e-03)
[389,   116] loss: 5.479977e-03 masks: 21.6 17.3 [wd: 3.58e-01] [lr: 1.39e-04] [mem: 5.66e+03] (172.8 ms)
[389,   116] grad_stats: [9.97e-05 7.24e-05] (2.92e-05, 1.27e-03)
[389,   232] loss: 5.503512e-03 masks: 22.0 17.3 [wd: 3.58e-01] [lr: 1.38e-04] [mem: 5.66e+03] (201.0 ms)
[389,   232] grad_stats: [3.04e-04 6.97e-05] (4.12e-05, 1.41e-03)
avg. loss 5.50351172e-03
time taken for epoch 0:01:00.821754
Epoch 390
[390,     0] loss: 5.555429e-03 masks: 33.0 12.0 [wd: 3.58e-01] [lr: 1.38e-04] [mem: 5.66e+03] (412.4 ms)
[390,     0] grad_stats: [2.49e-04 9.02e-05] (4.68e-05, 1.50e-03)
[390,   116] loss: 5.539514e-03 masks: 21.9 17.2 [wd: 3.58e-01] [lr: 1.37e-04] [mem: 5.66e+03] (277.5 ms)
[390,   116] grad_stats: [8.17e-05 6.27e-05] (2.88e-05, 8.61e-04)
[390,   232] loss: 5.565253e-03 masks: 22.4 17.0 [wd: 3.59e-01] [lr: 1.35e-04] [mem: 5.66e+03] (227.5 ms)
[390,   232] grad_stats: [1.45e-04 7.09e-05] (3.35e-05, 1.63e-03)
avg. loss 5.56525265e-03
time taken for epoch 0:01:07.458301
Epoch 391
[391,     0] loss: 6.375581e-03 masks: 23.0 16.0 [wd: 3.59e-01] [lr: 1.35e-04] [mem: 5.66e+03] (170.3 ms)
[391,     0] grad_stats: [1.53e-04 7.77e-05] (3.47e-05, 2.13e-03)
[391,   116] loss: 5.543452e-03 masks: 21.8 17.4 [wd: 3.59e-01] [lr: 1.34e-04] [mem: 5.66e+03] (173.7 ms)
[391,   116] grad_stats: [6.60e-05 6.92e-05] (3.30e-05, 1.05e-03)
[391,   232] loss: 5.509335e-03 masks: 21.9 17.4 [wd: 3.59e-01] [lr: 1.33e-04] [mem: 5.66e+03] (211.8 ms)
[391,   232] grad_stats: [9.16e-05 6.96e-05] (3.67e-05, 1.22e-03)
avg. loss 5.50933526e-03
time taken for epoch 0:01:02.756674
Epoch 392
[392,     0] loss: 5.371952e-03 masks: 18.0 20.0 [wd: 3.59e-01] [lr: 1.33e-04] [mem: 5.66e+03] (398.0 ms)
[392,     0] grad_stats: [1.03e-04 7.77e-05] (3.35e-05, 1.01e-03)
[392,   116] loss: 5.495714e-03 masks: 22.5 17.2 [wd: 3.60e-01] [lr: 1.32e-04] [mem: 5.66e+03] (335.1 ms)
[392,   116] grad_stats: [1.65e-04 8.73e-05] (3.36e-05, 1.72e-03)
[392,   232] loss: 5.487449e-03 masks: 22.3 17.3 [wd: 3.60e-01] [lr: 1.31e-04] [mem: 5.66e+03] (332.1 ms)
[392,   232] grad_stats: [1.27e-04 8.17e-05] (4.14e-05, 1.16e-03)
avg. loss 5.48744860e-03
time taken for epoch 0:01:32.127941
Epoch 393
[393,     0] loss: 5.860523e-03 masks: 21.0 16.0 [wd: 3.60e-01] [lr: 1.31e-04] [mem: 5.66e+03] (168.4 ms)
[393,     0] grad_stats: [1.39e-04 9.37e-05] (4.25e-05, 1.64e-03)
[393,   116] loss: 5.487096e-03 masks: 21.7 17.4 [wd: 3.60e-01] [lr: 1.30e-04] [mem: 5.66e+03] (173.2 ms)
[393,   116] grad_stats: [1.37e-04 1.05e-04] (3.55e-05, 2.36e-03)
[393,   232] loss: 5.465710e-03 masks: 21.6 17.5 [wd: 3.61e-01] [lr: 1.29e-04] [mem: 5.66e+03] (242.8 ms)
[393,   232] grad_stats: [1.81e-04 8.42e-05] (3.10e-05, 8.11e-04)
avg. loss 5.46570964e-03
time taken for epoch 0:01:10.513203
Epoch 394
[394,     0] loss: 4.304664e-03 masks: 20.0 20.0 [wd: 3.61e-01] [lr: 1.29e-04] [mem: 5.66e+03] (406.9 ms)
[394,     0] grad_stats: [8.58e-05 6.83e-05] (2.74e-05, 1.98e-03)
[394,   116] loss: 5.519597e-03 masks: 21.4 17.5 [wd: 3.61e-01] [lr: 1.27e-04] [mem: 5.66e+03] (357.7 ms)
[394,   116] grad_stats: [8.92e-05 7.23e-05] (3.62e-05, 1.48e-03)
[394,   232] loss: 5.568098e-03 masks: 21.7 17.2 [wd: 3.62e-01] [lr: 1.26e-04] [mem: 5.66e+03] (358.1 ms)
[394,   232] grad_stats: [2.58e-04 1.00e-04] (3.95e-05, 1.73e-03)
avg. loss 5.56809800e-03
time taken for epoch 0:01:39.439953
Epoch 395
[395,     0] loss: 6.067490e-03 masks: 21.0 16.0 [wd: 3.62e-01] [lr: 1.26e-04] [mem: 5.66e+03] (167.7 ms)
[395,     0] grad_stats: [1.49e-04 1.01e-04] (4.85e-05, 1.55e-03)
[395,   116] loss: 5.469981e-03 masks: 21.0 17.7 [wd: 3.62e-01] [lr: 1.25e-04] [mem: 5.66e+03] (171.6 ms)
[395,   116] grad_stats: [1.32e-04 1.03e-04] (3.71e-05, 1.29e-03)
[395,   232] loss: 5.534963e-03 masks: 21.7 17.4 [wd: 3.62e-01] [lr: 1.24e-04] [mem: 5.66e+03] (173.5 ms)
[395,   232] grad_stats: [9.66e-05 1.06e-04] (4.42e-05, 2.19e-03)
avg. loss 5.53496292e-03
time taken for epoch 0:00:54.006328
Epoch 396
[396,     0] loss: 5.697356e-03 masks: 14.0 20.0 [wd: 3.62e-01] [lr: 1.24e-04] [mem: 5.66e+03] (154.5 ms)
[396,     0] grad_stats: [1.10e-04 7.53e-05] (3.46e-05, 1.59e-03)
[396,   116] loss: 5.631277e-03 masks: 22.6 16.9 [wd: 3.63e-01] [lr: 1.23e-04] [mem: 5.66e+03] (174.8 ms)
[396,   116] grad_stats: [1.17e-04 9.40e-05] (4.39e-05, 1.60e-03)
[396,   232] loss: 5.568292e-03 masks: 22.4 17.1 [wd: 3.63e-01] [lr: 1.22e-04] [mem: 5.66e+03] (175.0 ms)
[396,   232] grad_stats: [2.75e-04 8.99e-05] (3.51e-05, 1.25e-03)
avg. loss 5.56829232e-03
time taken for epoch 0:00:54.127816
Epoch 397
[397,     0] loss: 5.948338e-03 masks: 17.0 16.0 [wd: 3.63e-01] [lr: 1.22e-04] [mem: 5.66e+03] (155.6 ms)
[397,     0] grad_stats: [5.07e-04 1.05e-04] (4.48e-05, 1.53e-03)
[397,   116] loss: 5.493200e-03 masks: 21.7 17.4 [wd: 3.63e-01] [lr: 1.21e-04] [mem: 5.66e+03] (173.2 ms)
[397,   116] grad_stats: [1.31e-04 6.35e-05] (3.15e-05, 9.73e-04)
[397,   232] loss: 5.533919e-03 masks: 22.1 17.2 [wd: 3.64e-01] [lr: 1.20e-04] [mem: 5.66e+03] (194.1 ms)
[397,   232] grad_stats: [2.39e-04 1.37e-04] (5.53e-05, 1.86e-03)
avg. loss 5.53391874e-03
time taken for epoch 0:00:58.615646
Epoch 398
[398,     0] loss: 5.538962e-03 masks: 17.0 20.0 [wd: 3.64e-01] [lr: 1.20e-04] [mem: 5.66e+03] (391.5 ms)
[398,     0] grad_stats: [3.16e-04 1.32e-04] (4.00e-05, 1.79e-03)
[398,   116] loss: 5.482595e-03 masks: 21.4 17.4 [wd: 3.64e-01] [lr: 1.18e-04] [mem: 5.66e+03] (321.9 ms)
[398,   116] grad_stats: [9.98e-05 8.01e-05] (3.52e-05, 1.07e-03)
[398,   232] loss: 5.529646e-03 masks: 21.2 17.5 [wd: 3.64e-01] [lr: 1.17e-04] [mem: 5.66e+03] (269.3 ms)
[398,   232] grad_stats: [8.48e-05 6.67e-05] (3.51e-05, 2.26e-03)
avg. loss 5.52964610e-03
time taken for epoch 0:01:17.258760
Epoch 399
[399,     0] loss: 5.630643e-03 masks: 20.0 16.0 [wd: 3.64e-01] [lr: 1.17e-04] [mem: 5.66e+03] (286.5 ms)
[399,     0] grad_stats: [1.02e-04 1.18e-04] (4.43e-05, 1.78e-03)
[399,   116] loss: 5.614307e-03 masks: 21.7 17.1 [wd: 3.65e-01] [lr: 1.16e-04] [mem: 5.66e+03] (313.4 ms)
[399,   116] grad_stats: [1.76e-04 1.07e-04] (5.20e-05, 2.41e-03)
[399,   232] loss: 5.570360e-03 masks: 21.9 17.2 [wd: 3.65e-01] [lr: 1.15e-04] [mem: 5.66e+03] (257.6 ms)
[399,   232] grad_stats: [8.49e-05 5.59e-05] (3.39e-05, 1.70e-03)
avg. loss 5.57036000e-03
time taken for epoch 0:01:15.343375
Epoch 400
[400,     0] loss: 5.729788e-03 masks: 21.0 16.0 [wd: 3.65e-01] [lr: 1.15e-04] [mem: 5.66e+03] (167.7 ms)
[400,     0] grad_stats: [1.18e-04 1.02e-04] (4.92e-05, 1.15e-03)
[400,   116] loss: 5.439776e-03 masks: 20.6 17.8 [wd: 3.65e-01] [lr: 1.14e-04] [mem: 5.66e+03] (170.8 ms)
[400,   116] grad_stats: [2.93e-04 1.16e-04] (4.49e-05, 2.34e-03)
[400,   232] loss: 5.504309e-03 masks: 21.6 17.4 [wd: 3.66e-01] [lr: 1.13e-04] [mem: 5.66e+03] (173.6 ms)
[400,   232] grad_stats: [1.15e-04 7.29e-05] (3.39e-05, 8.49e-04)
avg. loss 5.50430873e-03
	Epoch 400, KNN accuracy train: 7.35980e-01, KNN accuracy train: 6.15333e-01
time taken for epoch 0:01:36.358819
Epoch 401
[401,     0] loss: 5.500160e-03 masks: 28.0 16.0 [wd: 3.66e-01] [lr: 1.13e-04] [mem: 5.66e+03] (187.2 ms)
[401,     0] grad_stats: [1.59e-04 5.87e-05] (3.58e-05, 1.52e-03)
[401,   116] loss: 5.431462e-03 masks: 20.7 17.9 [wd: 3.66e-01] [lr: 1.12e-04] [mem: 5.66e+03] (170.4 ms)
[401,   116] grad_stats: [9.58e-05 7.93e-05] (3.18e-05, 1.30e-03)
[401,   232] loss: 5.473985e-03 masks: 21.0 17.7 [wd: 3.66e-01] [lr: 1.11e-04] [mem: 5.66e+03] (231.3 ms)
[401,   232] grad_stats: [1.29e-04 8.40e-05] (3.88e-05, 2.27e-03)
avg. loss 5.47398537e-03
time taken for epoch 0:01:07.607483
Epoch 402
[402,     0] loss: 4.789471e-03 masks: 17.0 20.0 [wd: 3.66e-01] [lr: 1.11e-04] [mem: 5.66e+03] (365.3 ms)
[402,     0] grad_stats: [1.03e-04 1.00e-04] (3.92e-05, 2.37e-03)
[402,   116] loss: 5.496925e-03 masks: 20.8 17.6 [wd: 3.67e-01] [lr: 1.10e-04] [mem: 5.66e+03] (221.6 ms)
[402,   116] grad_stats: [2.44e-04 9.30e-05] (4.60e-05, 1.97e-03)
[402,   232] loss: 5.532880e-03 masks: 21.9 17.3 [wd: 3.67e-01] [lr: 1.09e-04] [mem: 5.66e+03] (199.4 ms)
[402,   232] grad_stats: [1.52e-04 7.75e-05] (4.26e-05, 1.06e-03)
avg. loss 5.53288046e-03
time taken for epoch 0:01:01.363137
Epoch 403
[403,     0] loss: 4.275184e-03 masks: 23.0 20.0 [wd: 3.67e-01] [lr: 1.09e-04] [mem: 5.66e+03] (178.0 ms)
[403,     0] grad_stats: [7.77e-05 7.40e-05] (3.45e-05, 2.59e-03)
[403,   116] loss: 5.463056e-03 masks: 21.2 17.7 [wd: 3.67e-01] [lr: 1.08e-04] [mem: 5.66e+03] (172.2 ms)
[403,   116] grad_stats: [1.18e-04 7.97e-05] (3.44e-05, 8.72e-04)
[403,   232] loss: 5.501908e-03 masks: 22.2 17.3 [wd: 3.68e-01] [lr: 1.07e-04] [mem: 5.66e+03] (174.8 ms)
[403,   232] grad_stats: [1.51e-04 9.70e-05] (4.85e-05, 3.12e-03)
avg. loss 5.50190826e-03
time taken for epoch 0:00:54.226379
Epoch 404
[404,     0] loss: 5.262258e-03 masks: 16.0 20.0 [wd: 3.68e-01] [lr: 1.07e-04] [mem: 5.66e+03] (159.8 ms)
[404,     0] grad_stats: [1.01e-04 6.76e-05] (3.52e-05, 2.12e-03)
[404,   116] loss: 5.443452e-03 masks: 21.9 17.5 [wd: 3.68e-01] [lr: 1.06e-04] [mem: 5.66e+03] (173.8 ms)
[404,   116] grad_stats: [7.99e-05 7.71e-05] (4.02e-05, 1.39e-03)
[404,   232] loss: 5.481579e-03 masks: 21.9 17.4 [wd: 3.68e-01] [lr: 1.05e-04] [mem: 5.66e+03] (174.2 ms)
[404,   232] grad_stats: [1.57e-04 1.15e-04] (4.59e-05, 2.67e-03)
avg. loss 5.48157863e-03
time taken for epoch 0:00:53.966179
Epoch 405
[405,     0] loss: 4.795441e-03 masks: 18.0 20.0 [wd: 3.68e-01] [lr: 1.05e-04] [mem: 5.66e+03] (166.4 ms)
[405,     0] grad_stats: [9.95e-05 6.80e-05] (3.54e-05, 1.36e-03)
[405,   116] loss: 5.552259e-03 masks: 21.9 17.3 [wd: 3.69e-01] [lr: 1.04e-04] [mem: 5.66e+03] (173.4 ms)
[405,   116] grad_stats: [2.80e-04 9.62e-05] (5.23e-05, 3.20e-03)
[405,   232] loss: 5.510921e-03 masks: 22.1 17.3 [wd: 3.69e-01] [lr: 1.02e-04] [mem: 5.66e+03] (174.3 ms)
[405,   232] grad_stats: [1.23e-04 1.22e-04] (4.89e-05, 2.65e-03)
avg. loss 5.51092113e-03
time taken for epoch 0:00:54.001581
Epoch 406
[406,     0] loss: 5.615551e-03 masks: 21.0 16.0 [wd: 3.69e-01] [lr: 1.02e-04] [mem: 5.66e+03] (169.3 ms)
[406,     0] grad_stats: [9.71e-05 8.19e-05] (3.67e-05, 8.11e-04)
[406,   116] loss: 5.538597e-03 masks: 21.5 17.4 [wd: 3.69e-01] [lr: 1.01e-04] [mem: 5.66e+03] (172.7 ms)
[406,   116] grad_stats: [2.62e-04 6.01e-05] (3.70e-05, 8.53e-04)
[406,   232] loss: 5.524408e-03 masks: 21.7 17.4 [wd: 3.70e-01] [lr: 1.00e-04] [mem: 5.66e+03] (173.6 ms)
[406,   232] grad_stats: [1.82e-04 6.37e-05] (4.60e-05, 2.25e-03)
avg. loss 5.52440848e-03
time taken for epoch 0:00:53.943416
Epoch 407
[407,     0] loss: 5.296152e-03 masks: 26.0 16.0 [wd: 3.70e-01] [lr: 1.00e-04] [mem: 5.66e+03] (180.7 ms)
[407,     0] grad_stats: [2.03e-04 7.45e-05] (4.31e-05, 1.42e-03)
[407,   116] loss: 5.521496e-03 masks: 21.9 17.3 [wd: 3.70e-01] [lr: 9.94e-05] [mem: 5.66e+03] (173.3 ms)
[407,   116] grad_stats: [1.59e-04 1.00e-04] (5.01e-05, 2.93e-03)
[407,   232] loss: 5.478908e-03 masks: 22.3 17.3 [wd: 3.70e-01] [lr: 9.84e-05] [mem: 5.66e+03] (174.9 ms)
[407,   232] grad_stats: [1.17e-04 9.02e-05] (3.99e-05, 1.15e-03)
avg. loss 5.47890847e-03
time taken for epoch 0:00:54.248022
Epoch 408
[408,     0] loss: 4.991617e-03 masks: 25.0 16.0 [wd: 3.70e-01] [lr: 9.84e-05] [mem: 5.66e+03] (178.8 ms)
[408,     0] grad_stats: [2.15e-04 6.73e-05] (3.89e-05, 1.55e-03)
[408,   116] loss: 5.601981e-03 masks: 22.4 17.2 [wd: 3.70e-01] [lr: 9.74e-05] [mem: 5.66e+03] (174.5 ms)
[408,   116] grad_stats: [1.27e-04 1.01e-04] (4.68e-05, 1.11e-03)
[408,   232] loss: 5.568656e-03 masks: 22.3 17.1 [wd: 3.71e-01] [lr: 9.64e-05] [mem: 5.66e+03] (174.5 ms)
[408,   232] grad_stats: [1.28e-04 9.33e-05] (4.20e-05, 2.51e-03)
avg. loss 5.56865616e-03
time taken for epoch 0:00:54.145593
Epoch 409
[409,     0] loss: 5.628852e-03 masks: 29.0 16.0 [wd: 3.71e-01] [lr: 9.64e-05] [mem: 5.66e+03] (189.0 ms)
[409,     0] grad_stats: [2.09e-04 7.31e-05] (3.75e-05, 1.59e-03)
[409,   116] loss: 5.506165e-03 masks: 21.4 17.6 [wd: 3.71e-01] [lr: 9.54e-05] [mem: 5.66e+03] (172.5 ms)
[409,   116] grad_stats: [1.29e-04 1.02e-04] (4.65e-05, 1.66e-03)
[409,   232] loss: 5.447847e-03 masks: 21.3 17.7 [wd: 3.71e-01] [lr: 9.44e-05] [mem: 5.66e+03] (172.8 ms)
[409,   232] grad_stats: [1.64e-04 8.43e-05] (4.65e-05, 1.49e-03)
avg. loss 5.44784687e-03
time taken for epoch 0:00:53.675786
Epoch 410
[410,     0] loss: 6.284499e-03 masks: 25.0 16.0 [wd: 3.71e-01] [lr: 9.44e-05] [mem: 5.66e+03] (176.6 ms)
[410,     0] grad_stats: [1.61e-04 8.50e-05] (4.75e-05, 1.31e-03)
[410,   116] loss: 5.567552e-03 masks: 22.3 17.1 [wd: 3.72e-01] [lr: 9.34e-05] [mem: 5.66e+03] (174.2 ms)
[410,   116] grad_stats: [1.34e-04 1.13e-04] (5.37e-05, 2.89e-03)
[410,   232] loss: 5.574016e-03 masks: 22.3 17.2 [wd: 3.72e-01] [lr: 9.24e-05] [mem: 5.66e+03] (217.0 ms)
[410,   232] grad_stats: [3.93e-04 1.20e-04] (5.91e-05, 2.10e-03)
avg. loss 5.57401606e-03
time taken for epoch 0:01:04.541765
Epoch 411
[411,     0] loss: 6.014023e-03 masks: 33.0 12.0 [wd: 3.72e-01] [lr: 9.24e-05] [mem: 5.66e+03] (194.7 ms)
[411,     0] grad_stats: [1.47e-04 1.17e-04] (5.94e-05, 3.59e-03)
[411,   116] loss: 5.518013e-03 masks: 21.9 17.2 [wd: 3.72e-01] [lr: 9.14e-05] [mem: 5.66e+03] (304.0 ms)
[411,   116] grad_stats: [1.48e-04 9.50e-05] (4.99e-05, 9.70e-04)
[411,   232] loss: 5.537979e-03 masks: 22.3 17.2 [wd: 3.73e-01] [lr: 9.05e-05] [mem: 5.66e+03] (240.8 ms)
[411,   232] grad_stats: [1.24e-04 1.01e-04] (3.92e-05, 1.33e-03)
avg. loss 5.53797919e-03
time taken for epoch 0:01:10.710197
Epoch 412
[412,     0] loss: 5.488637e-03 masks: 17.0 20.0 [wd: 3.73e-01] [lr: 9.05e-05] [mem: 5.66e+03] (162.7 ms)
[412,     0] grad_stats: [2.11e-04 9.64e-05] (4.25e-05, 1.21e-03)
[412,   116] loss: 5.456943e-03 masks: 21.9 17.4 [wd: 3.73e-01] [lr: 8.95e-05] [mem: 5.66e+03] (173.7 ms)
[412,   116] grad_stats: [1.09e-04 8.93e-05] (4.78e-05, 2.44e-03)
[412,   232] loss: 5.490493e-03 masks: 22.0 17.3 [wd: 3.73e-01] [lr: 8.85e-05] [mem: 5.66e+03] (174.1 ms)
[412,   232] grad_stats: [1.51e-04 1.03e-04] (4.97e-05, 2.20e-03)
avg. loss 5.49049348e-03
time taken for epoch 0:00:54.031790
Epoch 413
[413,     0] loss: 6.686174e-03 masks: 17.0 16.0 [wd: 3.73e-01] [lr: 8.85e-05] [mem: 5.66e+03] (297.7 ms)
[413,     0] grad_stats: [2.25e-04 1.34e-04] (5.61e-05, 1.67e-03)
[413,   116] loss: 5.615693e-03 masks: 21.6 17.2 [wd: 3.73e-01] [lr: 8.76e-05] [mem: 5.66e+03] (305.0 ms)
[413,   116] grad_stats: [2.78e-04 9.52e-05] (3.97e-05, 1.83e-03)
[413,   232] loss: 5.545684e-03 masks: 21.9 17.2 [wd: 3.74e-01] [lr: 8.66e-05] [mem: 5.66e+03] (262.2 ms)
[413,   232] grad_stats: [1.18e-04 7.93e-05] (4.46e-05, 1.70e-03)
avg. loss 5.54568428e-03
time taken for epoch 0:01:15.607359
Epoch 414
[414,     0] loss: 6.083404e-03 masks: 21.0 16.0 [wd: 3.74e-01] [lr: 8.66e-05] [mem: 5.66e+03] (165.6 ms)
[414,     0] grad_stats: [1.50e-04 1.19e-04] (4.43e-05, 1.74e-03)
[414,   116] loss: 5.547029e-03 masks: 21.9 17.3 [wd: 3.74e-01] [lr: 8.57e-05] [mem: 5.66e+03] (173.5 ms)
[414,   116] grad_stats: [1.29e-04 1.04e-04] (4.04e-05, 2.13e-03)
[414,   232] loss: 5.572966e-03 masks: 21.7 17.3 [wd: 3.74e-01] [lr: 8.47e-05] [mem: 5.66e+03] (173.6 ms)
[414,   232] grad_stats: [1.16e-04 1.26e-04] (4.85e-05, 1.59e-03)
avg. loss 5.57296618e-03
time taken for epoch 0:00:53.958071
Epoch 415
[415,     0] loss: 5.402596e-03 masks: 19.0 20.0 [wd: 3.74e-01] [lr: 8.47e-05] [mem: 5.66e+03] (168.5 ms)
[415,     0] grad_stats: [6.85e-05 6.32e-05] (3.85e-05, 1.32e-03)
[415,   116] loss: 5.495931e-03 masks: 22.1 17.3 [wd: 3.75e-01] [lr: 8.38e-05] [mem: 5.66e+03] (174.5 ms)
[415,   116] grad_stats: [7.33e-05 7.25e-05] (3.49e-05, 8.55e-04)
[415,   232] loss: 5.528817e-03 masks: 22.1 17.2 [wd: 3.75e-01] [lr: 8.28e-05] [mem: 5.66e+03] (174.5 ms)
[415,   232] grad_stats: [1.11e-04 1.25e-04] (5.63e-05, 3.82e-03)
avg. loss 5.52881740e-03
time taken for epoch 0:00:54.246644
Epoch 416
[416,     0] loss: 5.226568e-03 masks: 14.0 20.0 [wd: 3.75e-01] [lr: 8.28e-05] [mem: 5.66e+03] (153.8 ms)
[416,     0] grad_stats: [1.15e-04 1.31e-04] (5.09e-05, 1.33e-03)
[416,   116] loss: 5.531924e-03 masks: 22.6 17.1 [wd: 3.75e-01] [lr: 8.19e-05] [mem: 5.66e+03] (174.9 ms)
[416,   116] grad_stats: [1.04e-04 1.03e-04] (4.21e-05, 3.10e-03)
[416,   232] loss: 5.560382e-03 masks: 22.1 17.1 [wd: 3.76e-01] [lr: 8.10e-05] [mem: 5.66e+03] (174.1 ms)
[416,   232] grad_stats: [1.95e-04 1.06e-04] (4.90e-05, 1.89e-03)
avg. loss 5.56038197e-03
time taken for epoch 0:00:54.044146
Epoch 417
[417,     0] loss: 5.166184e-03 masks: 16.0 20.0 [wd: 3.76e-01] [lr: 8.10e-05] [mem: 5.66e+03] (157.9 ms)
[417,     0] grad_stats: [1.44e-04 1.44e-04] (5.11e-05, 2.18e-03)
[417,   116] loss: 5.493873e-03 masks: 21.9 17.2 [wd: 3.76e-01] [lr: 8.00e-05] [mem: 5.66e+03] (173.5 ms)
[417,   116] grad_stats: [1.72e-04 9.31e-05] (5.66e-05, 2.40e-03)
[417,   232] loss: 5.541347e-03 masks: 21.9 17.2 [wd: 3.76e-01] [lr: 7.91e-05] [mem: 5.66e+03] (174.0 ms)
[417,   232] grad_stats: [1.01e-04 9.94e-05] (5.36e-05, 1.40e-03)
avg. loss 5.54134715e-03
time taken for epoch 0:00:54.045854
Epoch 418
[418,     0] loss: 5.280527e-03 masks: 18.0 20.0 [wd: 3.76e-01] [lr: 7.91e-05] [mem: 5.66e+03] (165.7 ms)
[418,     0] grad_stats: [7.83e-05 1.00e-04] (4.66e-05, 1.22e-03)
[418,   116] loss: 5.445065e-03 masks: 21.6 17.5 [wd: 3.76e-01] [lr: 7.82e-05] [mem: 5.66e+03] (173.0 ms)
[418,   116] grad_stats: [7.85e-05 8.41e-05] (4.28e-05, 1.05e-03)
[418,   232] loss: 5.476392e-03 masks: 21.3 17.6 [wd: 3.77e-01] [lr: 7.73e-05] [mem: 5.66e+03] (172.8 ms)
[418,   232] grad_stats: [2.18e-04 8.84e-05] (4.77e-05, 1.45e-03)
avg. loss 5.47639211e-03
time taken for epoch 0:00:53.820355
Epoch 419
[419,     0] loss: 5.833942e-03 masks: 11.0 20.0 [wd: 3.77e-01] [lr: 7.73e-05] [mem: 5.66e+03] (142.9 ms)
[419,     0] grad_stats: [2.49e-04 1.00e-04] (4.88e-05, 1.48e-03)
[419,   116] loss: 5.659397e-03 masks: 22.0 17.0 [wd: 3.77e-01] [lr: 7.64e-05] [mem: 5.66e+03] (173.3 ms)
[419,   116] grad_stats: [1.26e-04 1.18e-04] (5.50e-05, 1.75e-03)
[419,   232] loss: 5.597988e-03 masks: 22.1 17.1 [wd: 3.77e-01] [lr: 7.55e-05] [mem: 5.66e+03] (174.1 ms)
[419,   232] grad_stats: [1.42e-04 7.09e-05] (4.23e-05, 1.38e-03)
avg. loss 5.59798755e-03
time taken for epoch 0:00:53.965457
Epoch 420
[420,     0] loss: 5.686765e-03 masks: 25.0 16.0 [wd: 3.77e-01] [lr: 7.55e-05] [mem: 5.66e+03] (178.8 ms)
[420,     0] grad_stats: [1.13e-04 7.86e-05] (4.87e-05, 1.33e-03)
[420,   116] loss: 5.506054e-03 masks: 21.6 17.5 [wd: 3.77e-01] [lr: 7.46e-05] [mem: 5.66e+03] (172.8 ms)
[420,   116] grad_stats: [2.38e-04 9.02e-05] (5.68e-05, 1.79e-03)
[420,   232] loss: 5.493636e-03 masks: 21.3 17.6 [wd: 3.78e-01] [lr: 7.37e-05] [mem: 5.66e+03] (172.5 ms)
[420,   232] grad_stats: [8.10e-05 8.07e-05] (4.24e-05, 8.62e-04)
avg. loss 5.49363589e-03
time taken for epoch 0:00:53.697233
Epoch 421
[421,     0] loss: 4.895611e-03 masks: 16.0 20.0 [wd: 3.78e-01] [lr: 7.37e-05] [mem: 5.66e+03] (160.5 ms)
[421,     0] grad_stats: [1.99e-04 9.96e-05] (4.85e-05, 1.47e-03)
[421,   116] loss: 5.462319e-03 masks: 21.6 17.4 [wd: 3.78e-01] [lr: 7.28e-05] [mem: 5.66e+03] (286.5 ms)
[421,   116] grad_stats: [1.69e-04 1.18e-04] (6.01e-05, 2.50e-03)
[421,   232] loss: 5.505771e-03 masks: 21.5 17.4 [wd: 3.78e-01] [lr: 7.20e-05] [mem: 5.66e+03] (294.5 ms)
[421,   232] grad_stats: [1.37e-04 8.87e-05] (4.24e-05, 1.58e-03)
avg. loss 5.50577077e-03
time taken for epoch 0:01:22.514316
Epoch 422
[422,     0] loss: 4.639112e-03 masks: 20.0 20.0 [wd: 3.78e-01] [lr: 7.19e-05] [mem: 5.66e+03] (171.2 ms)
[422,     0] grad_stats: [1.10e-04 6.95e-05] (4.48e-05, 1.68e-03)
[422,   116] loss: 5.427305e-03 masks: 21.8 17.7 [wd: 3.79e-01] [lr: 7.11e-05] [mem: 5.66e+03] (173.9 ms)
[422,   116] grad_stats: [2.58e-04 7.66e-05] (4.76e-05, 1.50e-03)
[422,   232] loss: 5.416321e-03 masks: 21.6 17.7 [wd: 3.79e-01] [lr: 7.02e-05] [mem: 5.66e+03] (173.7 ms)
[422,   232] grad_stats: [1.19e-04 9.73e-05] (4.37e-05, 1.18e-03)
avg. loss 5.41632071e-03
time taken for epoch 0:00:54.245275
Epoch 423
[423,     0] loss: 6.728137e-03 masks: 33.0 12.0 [wd: 3.79e-01] [lr: 7.02e-05] [mem: 5.66e+03] (194.2 ms)
[423,     0] grad_stats: [1.13e-04 1.27e-04] (6.82e-05, 1.62e-03)
[423,   116] loss: 5.599381e-03 masks: 21.9 17.0 [wd: 3.79e-01] [lr: 6.93e-05] [mem: 5.66e+03] (173.0 ms)
[423,   116] grad_stats: [8.09e-05 8.56e-05] (4.68e-05, 1.73e-03)
[423,   232] loss: 5.583581e-03 masks: 22.1 17.1 [wd: 3.79e-01] [lr: 6.85e-05] [mem: 5.66e+03] (174.1 ms)
[423,   232] grad_stats: [2.00e-04 1.25e-04] (4.50e-05, 2.97e-03)
avg. loss 5.58358096e-03
time taken for epoch 0:00:54.082135
Epoch 424
[424,     0] loss: 5.432994e-03 masks: 11.0 20.0 [wd: 3.79e-01] [lr: 6.85e-05] [mem: 5.66e+03] (144.6 ms)
[424,     0] grad_stats: [1.15e-04 1.47e-04] (5.38e-05, 1.63e-03)
[424,   116] loss: 5.581036e-03 masks: 22.8 16.9 [wd: 3.80e-01] [lr: 6.76e-05] [mem: 5.66e+03] (175.5 ms)
[424,   116] grad_stats: [1.07e-04 8.63e-05] (4.33e-05, 1.40e-03)
[424,   232] loss: 5.524845e-03 masks: 22.3 17.2 [wd: 3.80e-01] [lr: 6.68e-05] [mem: 5.66e+03] (174.8 ms)
[424,   232] grad_stats: [1.56e-04 1.02e-04] (5.10e-05, 2.54e-03)
avg. loss 5.52484499e-03
time taken for epoch 0:00:54.104311
Epoch 425
[425,     0] loss: 6.520102e-03 masks: 33.0 12.0 [wd: 3.80e-01] [lr: 6.68e-05] [mem: 5.66e+03] (194.2 ms)
[425,     0] grad_stats: [1.98e-04 1.06e-04] (6.09e-05, 2.56e-03)
[425,   116] loss: 5.530163e-03 masks: 21.6 17.3 [wd: 3.80e-01] [lr: 6.59e-05] [mem: 5.66e+03] (172.7 ms)
[425,   116] grad_stats: [8.48e-05 8.66e-05] (4.48e-05, 1.08e-03)
[425,   232] loss: 5.566325e-03 masks: 21.9 17.2 [wd: 3.80e-01] [lr: 6.51e-05] [mem: 5.66e+03] (173.6 ms)
[425,   232] grad_stats: [2.76e-04 1.38e-04] (6.02e-05, 2.11e-03)
avg. loss 5.56632510e-03
time taken for epoch 0:00:53.982311
Epoch 426
[426,     0] loss: 5.676228e-03 masks: 13.0 20.0 [wd: 3.80e-01] [lr: 6.51e-05] [mem: 5.66e+03] (153.5 ms)
[426,     0] grad_stats: [1.33e-04 1.04e-04] (4.32e-05, 1.31e-03)
[426,   116] loss: 5.562337e-03 masks: 22.5 17.2 [wd: 3.81e-01] [lr: 6.43e-05] [mem: 5.66e+03] (226.5 ms)
[426,   116] grad_stats: [8.46e-05 8.20e-05] (3.96e-05, 1.23e-03)
[426,   232] loss: 5.543871e-03 masks: 21.9 17.3 [wd: 3.81e-01] [lr: 6.34e-05] [mem: 5.66e+03] (259.8 ms)
[426,   232] grad_stats: [1.04e-04 8.37e-05] (4.49e-05, 1.56e-03)
avg. loss 5.54387145e-03
time taken for epoch 0:01:14.191879
Epoch 427
[427,     0] loss: 4.628651e-03 masks: 20.0 20.0 [wd: 3.81e-01] [lr: 6.34e-05] [mem: 5.66e+03] (431.8 ms)
[427,     0] grad_stats: [1.40e-04 7.89e-05] (4.61e-05, 1.43e-03)
[427,   116] loss: 5.597564e-03 masks: 21.5 17.1 [wd: 3.81e-01] [lr: 6.26e-05] [mem: 5.66e+03] (223.5 ms)
[427,   116] grad_stats: [1.60e-04 7.54e-05] (4.11e-05, 1.04e-03)
[427,   232] loss: 5.534010e-03 masks: 21.5 17.3 [wd: 3.81e-01] [lr: 6.18e-05] [mem: 5.66e+03] (198.9 ms)
[427,   232] grad_stats: [3.48e-04 1.20e-04] (5.84e-05, 2.71e-03)
avg. loss 5.53401042e-03
time taken for epoch 0:01:01.343635
Epoch 428
[428,     0] loss: 6.076470e-03 masks: 20.0 16.0 [wd: 3.81e-01] [lr: 6.18e-05] [mem: 5.66e+03] (164.6 ms)
[428,     0] grad_stats: [2.54e-04 1.44e-04] (6.50e-05, 2.78e-03)
[428,   116] loss: 5.555601e-03 masks: 21.9 17.2 [wd: 3.82e-01] [lr: 6.10e-05] [mem: 5.66e+03] (265.1 ms)
[428,   116] grad_stats: [1.25e-04 1.15e-04] (5.67e-05, 1.78e-03)
[428,   232] loss: 5.480503e-03 masks: 21.2 17.7 [wd: 3.82e-01] [lr: 6.02e-05] [mem: 5.66e+03] (276.2 ms)
[428,   232] grad_stats: [1.85e-04 1.09e-04] (4.72e-05, 2.68e-03)
avg. loss 5.48050283e-03
time taken for epoch 0:01:18.182189
Epoch 429
[429,     0] loss: 4.817477e-03 masks: 18.0 20.0 [wd: 3.82e-01] [lr: 6.02e-05] [mem: 5.66e+03] (166.3 ms)
[429,     0] grad_stats: [1.40e-04 1.18e-04] (5.01e-05, 1.68e-03)
[429,   116] loss: 5.596467e-03 masks: 22.6 17.0 [wd: 3.82e-01] [lr: 5.94e-05] [mem: 5.66e+03] (175.4 ms)
[429,   116] grad_stats: [1.40e-04 1.14e-04] (5.88e-05, 1.66e-03)
[429,   232] loss: 5.575279e-03 masks: 23.2 16.8 [wd: 3.82e-01] [lr: 5.86e-05] [mem: 5.66e+03] (177.0 ms)
[429,   232] grad_stats: [1.25e-04 1.19e-04] (4.43e-05, 1.81e-03)
avg. loss 5.57527940e-03
time taken for epoch 0:00:55.649670
Epoch 430
[430,     0] loss: 5.749610e-03 masks: 20.0 16.0 [wd: 3.82e-01] [lr: 5.86e-05] [mem: 5.66e+03] (164.6 ms)
[430,     0] grad_stats: [1.52e-04 1.10e-04] (6.90e-05, 2.07e-03)
[430,   116] loss: 5.496987e-03 masks: 21.1 17.6 [wd: 3.83e-01] [lr: 5.78e-05] [mem: 5.66e+03] (172.0 ms)
[430,   116] grad_stats: [1.91e-04 7.29e-05] (4.57e-05, 1.13e-03)
[430,   232] loss: 5.519370e-03 masks: 21.5 17.4 [wd: 3.83e-01] [lr: 5.70e-05] [mem: 5.66e+03] (173.1 ms)
[430,   232] grad_stats: [1.63e-04 7.24e-05] (3.54e-05, 7.84e-04)
avg. loss 5.51936985e-03
time taken for epoch 0:00:53.835700
Epoch 431
[431,     0] loss: 5.607217e-03 masks: 26.0 16.0 [wd: 3.83e-01] [lr: 5.70e-05] [mem: 5.66e+03] (182.0 ms)
[431,     0] grad_stats: [1.64e-04 1.18e-04] (4.95e-05, 2.76e-03)
[431,   116] loss: 5.528727e-03 masks: 22.5 17.1 [wd: 3.83e-01] [lr: 5.62e-05] [mem: 5.66e+03] (174.8 ms)
[431,   116] grad_stats: [1.26e-04 1.08e-04] (5.70e-05, 1.65e-03)
[431,   232] loss: 5.577139e-03 masks: 22.4 17.1 [wd: 3.83e-01] [lr: 5.54e-05] [mem: 5.66e+03] (175.0 ms)
[431,   232] grad_stats: [2.47e-04 1.38e-04] (5.44e-05, 2.19e-03)
avg. loss 5.57713919e-03
time taken for epoch 0:00:54.301830
Epoch 432
[432,     0] loss: 6.274866e-03 masks: 33.0 12.0 [wd: 3.83e-01] [lr: 5.54e-05] [mem: 5.66e+03] (194.6 ms)
[432,     0] grad_stats: [1.97e-04 1.11e-04] (6.14e-05, 2.02e-03)
[432,   116] loss: 5.552855e-03 masks: 22.4 17.1 [wd: 3.84e-01] [lr: 5.47e-05] [mem: 5.66e+03] (174.6 ms)
[432,   116] grad_stats: [2.04e-04 1.66e-04] (5.54e-05, 2.29e-03)
[432,   232] loss: 5.559015e-03 masks: 22.2 17.1 [wd: 3.84e-01] [lr: 5.39e-05] [mem: 5.66e+03] (174.4 ms)
[432,   232] grad_stats: [1.06e-04 1.26e-04] (5.30e-05, 1.76e-03)
avg. loss 5.55901497e-03
time taken for epoch 0:00:54.157782
Epoch 433
[433,     0] loss: 4.707469e-03 masks: 17.0 20.0 [wd: 3.84e-01] [lr: 5.39e-05] [mem: 5.66e+03] (160.9 ms)
[433,     0] grad_stats: [1.67e-04 1.09e-04] (5.30e-05, 2.64e-03)
[433,   116] loss: 5.565650e-03 masks: 21.0 17.5 [wd: 3.84e-01] [lr: 5.31e-05] [mem: 5.66e+03] (171.3 ms)
[433,   116] grad_stats: [1.76e-04 1.07e-04] (4.59e-05, 2.34e-03)
[433,   232] loss: 5.566823e-03 masks: 21.6 17.3 [wd: 3.84e-01] [lr: 5.24e-05] [mem: 5.66e+03] (173.0 ms)
[433,   232] grad_stats: [1.79e-04 9.10e-05] (4.94e-05, 1.60e-03)
avg. loss 5.56682289e-03
time taken for epoch 0:00:53.844599
Epoch 434
[434,     0] loss: 5.644632e-03 masks: 23.0 16.0 [wd: 3.84e-01] [lr: 5.24e-05] [mem: 5.66e+03] (172.0 ms)
[434,     0] grad_stats: [1.05e-04 1.23e-04] (5.60e-05, 1.52e-03)
[434,   116] loss: 5.510659e-03 masks: 22.2 17.3 [wd: 3.85e-01] [lr: 5.16e-05] [mem: 5.66e+03] (174.2 ms)
[434,   116] grad_stats: [1.98e-04 8.36e-05] (4.67e-05, 1.43e-03)
[434,   232] loss: 5.542522e-03 masks: 22.2 17.2 [wd: 3.85e-01] [lr: 5.09e-05] [mem: 5.66e+03] (174.5 ms)
[434,   232] grad_stats: [1.08e-04 1.18e-04] (5.67e-05, 1.63e-03)
avg. loss 5.54252203e-03
time taken for epoch 0:00:54.214096
Epoch 435
[435,     0] loss: 6.428902e-03 masks: 23.0 16.0 [wd: 3.85e-01] [lr: 5.09e-05] [mem: 5.66e+03] (171.7 ms)
[435,     0] grad_stats: [1.34e-04 1.17e-04] (6.05e-05, 1.89e-03)
[435,   116] loss: 5.532304e-03 masks: 21.8 17.3 [wd: 3.85e-01] [lr: 5.01e-05] [mem: 5.66e+03] (173.0 ms)
[435,   116] grad_stats: [1.42e-04 1.50e-04] (6.94e-05, 2.14e-03)
[435,   232] loss: 5.548033e-03 masks: 22.1 17.2 [wd: 3.85e-01] [lr: 4.94e-05] [mem: 5.66e+03] (174.3 ms)
[435,   232] grad_stats: [2.80e-04 1.01e-04] (6.17e-05, 1.68e-03)
avg. loss 5.54803338e-03
time taken for epoch 0:00:54.117851
Epoch 436
[436,     0] loss: 5.255306e-03 masks: 27.0 16.0 [wd: 3.85e-01] [lr: 4.94e-05] [mem: 5.66e+03] (186.3 ms)
[436,     0] grad_stats: [1.73e-04 1.17e-04] (5.80e-05, 1.83e-03)
[436,   116] loss: 5.607569e-03 masks: 22.8 16.9 [wd: 3.85e-01] [lr: 4.87e-05] [mem: 5.66e+03] (175.6 ms)
[436,   116] grad_stats: [1.43e-04 9.83e-05] (5.76e-05, 1.81e-03)
[436,   232] loss: 5.576086e-03 masks: 22.2 17.2 [wd: 3.86e-01] [lr: 4.80e-05] [mem: 5.66e+03] (174.6 ms)
[436,   232] grad_stats: [1.10e-04 8.42e-05] (5.05e-05, 1.16e-03)
avg. loss 5.57608635e-03
time taken for epoch 0:00:55.127118
Epoch 437
[437,     0] loss: 6.197165e-03 masks: 33.0 12.0 [wd: 3.86e-01] [lr: 4.80e-05] [mem: 5.66e+03] (194.4 ms)
[437,     0] grad_stats: [1.51e-04 8.97e-05] (6.26e-05, 1.65e-03)
[437,   116] loss: 5.525396e-03 masks: 22.6 17.1 [wd: 3.86e-01] [lr: 4.72e-05] [mem: 5.66e+03] (175.2 ms)
[437,   116] grad_stats: [1.12e-04 7.30e-05] (4.74e-05, 1.65e-03)
[437,   232] loss: 5.552350e-03 masks: 22.3 17.2 [wd: 3.86e-01] [lr: 4.65e-05] [mem: 5.66e+03] (174.7 ms)
[437,   232] grad_stats: [1.01e-04 7.90e-05] (4.17e-05, 1.31e-03)
avg. loss 5.55235016e-03
time taken for epoch 0:00:54.231412
Epoch 438
[438,     0] loss: 4.977108e-03 masks: 25.0 16.0 [wd: 3.86e-01] [lr: 4.65e-05] [mem: 5.66e+03] (176.5 ms)
[438,     0] grad_stats: [1.13e-04 9.92e-05] (5.19e-05, 1.79e-03)
[438,   116] loss: 5.499073e-03 masks: 22.1 17.4 [wd: 3.86e-01] [lr: 4.58e-05] [mem: 5.66e+03] (174.2 ms)
[438,   116] grad_stats: [1.47e-04 1.34e-04] (5.28e-05, 1.23e-03)
[438,   232] loss: 5.517428e-03 masks: 21.8 17.4 [wd: 3.87e-01] [lr: 4.51e-05] [mem: 5.66e+03] (173.9 ms)
[438,   232] grad_stats: [2.54e-04 8.53e-05] (4.76e-05, 1.46e-03)
avg. loss 5.51742848e-03
time taken for epoch 0:00:53.898757
Epoch 439
[439,     0] loss: 4.502904e-03 masks: 17.0 20.0 [wd: 3.87e-01] [lr: 4.51e-05] [mem: 5.66e+03] (162.2 ms)
[439,     0] grad_stats: [9.47e-05 1.20e-04] (4.68e-05, 1.05e-03)
[439,   116] loss: 5.441399e-03 masks: 21.8 17.4 [wd: 3.87e-01] [lr: 4.44e-05] [mem: 5.66e+03] (173.1 ms)
[439,   116] grad_stats: [2.20e-04 1.55e-04] (6.74e-05, 1.82e-03)
[439,   232] loss: 5.482366e-03 masks: 21.9 17.4 [wd: 3.87e-01] [lr: 4.37e-05] [mem: 5.66e+03] (173.9 ms)
[439,   232] grad_stats: [1.53e-04 1.15e-04] (5.45e-05, 1.87e-03)
avg. loss 5.48236636e-03
time taken for epoch 0:00:54.060878
Epoch 440
[440,     0] loss: 5.208272e-03 masks: 15.0 20.0 [wd: 3.87e-01] [lr: 4.37e-05] [mem: 5.66e+03] (157.3 ms)
[440,     0] grad_stats: [1.16e-04 1.03e-04] (4.96e-05, 2.03e-03)
[440,   116] loss: 5.435863e-03 masks: 22.2 17.4 [wd: 3.87e-01] [lr: 4.30e-05] [mem: 5.66e+03] (174.2 ms)
[440,   116] grad_stats: [1.05e-04 6.94e-05] (4.82e-05, 1.44e-03)
[440,   232] loss: 5.490613e-03 masks: 22.0 17.4 [wd: 3.87e-01] [lr: 4.24e-05] [mem: 5.66e+03] (174.0 ms)
[440,   232] grad_stats: [1.14e-04 9.76e-05] (5.27e-05, 1.86e-03)
avg. loss 5.49061328e-03
time taken for epoch 0:00:54.081281
Epoch 441
[441,     0] loss: 5.141440e-03 masks: 17.0 20.0 [wd: 3.87e-01] [lr: 4.23e-05] [mem: 5.66e+03] (163.0 ms)
[441,     0] grad_stats: [9.91e-05 9.95e-05] (5.47e-05, 1.62e-03)
[441,   116] loss: 5.502854e-03 masks: 22.2 17.2 [wd: 3.88e-01] [lr: 4.17e-05] [mem: 5.66e+03] (174.1 ms)
[441,   116] grad_stats: [1.70e-04 9.75e-05] (5.24e-05, 1.61e-03)
[441,   232] loss: 5.521221e-03 masks: 22.1 17.3 [wd: 3.88e-01] [lr: 4.10e-05] [mem: 5.66e+03] (174.3 ms)
[441,   232] grad_stats: [1.49e-04 1.04e-04] (5.53e-05, 1.65e-03)
avg. loss 5.52122140e-03
time taken for epoch 0:00:54.106216
Epoch 442
[442,     0] loss: 5.387031e-03 masks: 18.0 20.0 [wd: 3.88e-01] [lr: 4.10e-05] [mem: 5.66e+03] (166.4 ms)
[442,     0] grad_stats: [1.55e-04 1.27e-04] (5.40e-05, 1.76e-03)
[442,   116] loss: 5.534402e-03 masks: 21.6 17.4 [wd: 3.88e-01] [lr: 4.03e-05] [mem: 5.66e+03] (172.6 ms)
[442,   116] grad_stats: [8.91e-05 1.08e-04] (5.55e-05, 2.93e-03)
[442,   232] loss: 5.523018e-03 masks: 21.6 17.4 [wd: 3.88e-01] [lr: 3.97e-05] [mem: 5.66e+03] (173.2 ms)
[442,   232] grad_stats: [1.47e-04 1.08e-04] (5.15e-05, 2.44e-03)
avg. loss 5.52301775e-03
time taken for epoch 0:00:53.871976
Epoch 443
[443,     0] loss: 6.043275e-03 masks: 35.0 12.0 [wd: 3.88e-01] [lr: 3.97e-05] [mem: 5.66e+03] (198.8 ms)
[443,     0] grad_stats: [1.04e-04 9.61e-05] (5.86e-05, 1.51e-03)
[443,   116] loss: 5.518852e-03 masks: 22.4 17.2 [wd: 3.88e-01] [lr: 3.90e-05] [mem: 5.66e+03] (174.4 ms)
[443,   116] grad_stats: [1.62e-04 1.36e-04] (5.90e-05, 1.34e-03)
[443,   232] loss: 5.535979e-03 masks: 21.7 17.3 [wd: 3.89e-01] [lr: 3.84e-05] [mem: 5.66e+03] (173.1 ms)
[443,   232] grad_stats: [1.19e-04 1.31e-04] (5.28e-05, 1.60e-03)
avg. loss 5.53597923e-03
time taken for epoch 0:00:53.773878
Epoch 444
[444,     0] loss: 4.949203e-03 masks: 20.0 20.0 [wd: 3.89e-01] [lr: 3.84e-05] [mem: 5.66e+03] (171.7 ms)
[444,     0] grad_stats: [1.44e-04 8.38e-05] (4.76e-05, 1.19e-03)
[444,   116] loss: 5.564707e-03 masks: 21.3 17.3 [wd: 3.89e-01] [lr: 3.77e-05] [mem: 5.66e+03] (171.7 ms)
[444,   116] grad_stats: [1.42e-04 1.19e-04] (5.94e-05, 1.20e-03)
[444,   232] loss: 5.558182e-03 masks: 21.6 17.3 [wd: 3.89e-01] [lr: 3.71e-05] [mem: 5.66e+03] (172.9 ms)
[444,   232] grad_stats: [9.36e-05 1.12e-04] (6.02e-05, 1.56e-03)
avg. loss 5.55818243e-03
time taken for epoch 0:00:53.779841
Epoch 445
[445,     0] loss: 4.856764e-03 masks: 20.0 20.0 [wd: 3.89e-01] [lr: 3.71e-05] [mem: 5.66e+03] (169.9 ms)
[445,     0] grad_stats: [1.16e-04 1.13e-04] (4.82e-05, 1.35e-03)
[445,   116] loss: 5.550707e-03 masks: 21.6 17.3 [wd: 3.89e-01] [lr: 3.65e-05] [mem: 5.66e+03] (172.6 ms)
[445,   116] grad_stats: [1.78e-04 1.27e-04] (6.48e-05, 2.58e-03)
[445,   232] loss: 5.527069e-03 masks: 21.3 17.4 [wd: 3.89e-01] [lr: 3.58e-05] [mem: 5.66e+03] (172.2 ms)
[445,   232] grad_stats: [1.34e-04 9.82e-05] (5.76e-05, 1.17e-03)
avg. loss 5.52706870e-03
time taken for epoch 0:00:53.669470
Epoch 446
[446,     0] loss: 4.405540e-03 masks: 20.0 20.0 [wd: 3.89e-01] [lr: 3.58e-05] [mem: 5.66e+03] (170.2 ms)
[446,     0] grad_stats: [1.78e-04 9.59e-05] (5.29e-05, 2.05e-03)
[446,   116] loss: 5.467884e-03 masks: 21.5 17.7 [wd: 3.90e-01] [lr: 3.52e-05] [mem: 5.66e+03] (173.0 ms)
[446,   116] grad_stats: [2.12e-04 1.07e-04] (5.89e-05, 1.88e-03)
[446,   232] loss: 5.428435e-03 masks: 21.4 17.7 [wd: 3.90e-01] [lr: 3.46e-05] [mem: 5.66e+03] (173.1 ms)
[446,   232] grad_stats: [1.38e-04 1.19e-04] (5.47e-05, 1.61e-03)
avg. loss 5.42843524e-03
time taken for epoch 0:00:53.683818
Epoch 447
[447,     0] loss: 5.906191e-03 masks: 33.0 12.0 [wd: 3.90e-01] [lr: 3.46e-05] [mem: 5.66e+03] (193.9 ms)
[447,     0] grad_stats: [1.08e-04 1.25e-04] (7.48e-05, 2.17e-03)
[447,   116] loss: 5.550347e-03 masks: 22.1 17.3 [wd: 3.90e-01] [lr: 3.40e-05] [mem: 5.66e+03] (173.6 ms)
[447,   116] grad_stats: [1.28e-04 9.37e-05] (4.92e-05, 1.86e-03)
[447,   232] loss: 5.486255e-03 masks: 21.8 17.5 [wd: 3.90e-01] [lr: 3.34e-05] [mem: 5.66e+03] (173.7 ms)
[447,   232] grad_stats: [1.49e-04 1.31e-04] (6.41e-05, 1.40e-03)
avg. loss 5.48625544e-03
time taken for epoch 0:00:53.998175
Epoch 448
[448,     0] loss: 6.231562e-03 masks: 33.0 12.0 [wd: 3.90e-01] [lr: 3.34e-05] [mem: 5.66e+03] (193.2 ms)
[448,     0] grad_stats: [2.22e-04 1.13e-04] (7.14e-05, 1.80e-03)
[448,   116] loss: 5.456327e-03 masks: 22.2 17.3 [wd: 3.90e-01] [lr: 3.28e-05] [mem: 5.66e+03] (174.1 ms)
[448,   116] grad_stats: [9.15e-05 8.12e-05] (4.79e-05, 1.23e-03)
[448,   232] loss: 5.536416e-03 masks: 22.6 17.1 [wd: 3.90e-01] [lr: 3.22e-05] [mem: 5.66e+03] (175.4 ms)
[448,   232] grad_stats: [1.45e-04 1.55e-04] (6.82e-05, 1.86e-03)
avg. loss 5.53641559e-03
time taken for epoch 0:00:54.377447
Epoch 449
[449,     0] loss: 5.320230e-03 masks: 23.0 16.0 [wd: 3.90e-01] [lr: 3.22e-05] [mem: 5.66e+03] (172.4 ms)
[449,     0] grad_stats: [1.15e-04 1.13e-04] (5.81e-05, 1.98e-03)
[449,   116] loss: 5.589016e-03 masks: 23.1 16.9 [wd: 3.91e-01] [lr: 3.16e-05] [mem: 5.66e+03] (175.9 ms)
[449,   116] grad_stats: [1.32e-04 9.64e-05] (6.48e-05, 1.70e-03)
[449,   232] loss: 5.563694e-03 masks: 22.4 17.2 [wd: 3.91e-01] [lr: 3.10e-05] [mem: 5.66e+03] (174.9 ms)
[449,   232] grad_stats: [1.47e-04 9.84e-05] (4.99e-05, 1.34e-03)
avg. loss 5.56369405e-03
time taken for epoch 0:00:54.217982
Epoch 450
[450,     0] loss: 7.048006e-03 masks: 36.0 12.0 [wd: 3.91e-01] [lr: 3.10e-05] [mem: 5.66e+03] (204.3 ms)
[450,     0] grad_stats: [3.93e-04 1.80e-04] (7.66e-05, 2.45e-03)
[450,   116] loss: 5.554367e-03 masks: 22.1 17.2 [wd: 3.91e-01] [lr: 3.04e-05] [mem: 5.66e+03] (173.5 ms)
[450,   116] grad_stats: [1.06e-04 1.11e-04] (5.29e-05, 1.25e-03)
[450,   232] loss: 5.522533e-03 masks: 22.1 17.2 [wd: 3.91e-01] [lr: 2.98e-05] [mem: 5.66e+03] (174.2 ms)
[450,   232] grad_stats: [7.14e-05 8.39e-05] (5.31e-05, 1.50e-03)
avg. loss 5.52253314e-03
time taken for epoch 0:00:54.133383
Epoch 451
[451,     0] loss: 4.492629e-03 masks: 21.0 20.0 [wd: 3.91e-01] [lr: 2.98e-05] [mem: 5.66e+03] (173.4 ms)
[451,     0] grad_stats: [2.52e-04 1.01e-04] (5.06e-05, 1.42e-03)
[451,   116] loss: 5.536319e-03 masks: 23.0 17.0 [wd: 3.91e-01] [lr: 2.93e-05] [mem: 5.66e+03] (176.1 ms)
[451,   116] grad_stats: [9.84e-05 1.13e-04] (5.22e-05, 1.22e-03)
[451,   232] loss: 5.523153e-03 masks: 22.4 17.2 [wd: 3.92e-01] [lr: 2.87e-05] [mem: 5.66e+03] (175.1 ms)
[451,   232] grad_stats: [1.16e-04 1.17e-04] (6.13e-05, 1.53e-03)
avg. loss 5.52315256e-03
time taken for epoch 0:00:54.437224
Epoch 452
[452,     0] loss: 6.374273e-03 masks: 33.0 12.0 [wd: 3.92e-01] [lr: 2.87e-05] [mem: 5.66e+03] (194.9 ms)
[452,     0] grad_stats: [2.96e-04 1.03e-04] (6.43e-05, 1.59e-03)
[452,   116] loss: 5.501497e-03 masks: 21.7 17.3 [wd: 3.92e-01] [lr: 2.81e-05] [mem: 5.66e+03] (172.7 ms)
[452,   116] grad_stats: [9.86e-05 1.21e-04] (6.71e-05, 1.73e-03)
[452,   232] loss: 5.537824e-03 masks: 22.4 17.1 [wd: 3.92e-01] [lr: 2.76e-05] [mem: 5.66e+03] (174.9 ms)
[452,   232] grad_stats: [1.28e-04 1.17e-04] (5.43e-05, 1.89e-03)
avg. loss 5.53782399e-03
time taken for epoch 0:00:54.211698
Epoch 453
[453,     0] loss: 5.015543e-03 masks: 17.0 20.0 [wd: 3.92e-01] [lr: 2.76e-05] [mem: 5.66e+03] (162.0 ms)
[453,     0] grad_stats: [1.67e-04 1.08e-04] (5.51e-05, 1.98e-03)
[453,   116] loss: 5.494717e-03 masks: 21.5 17.5 [wd: 3.92e-01] [lr: 2.71e-05] [mem: 5.66e+03] (172.6 ms)
[453,   116] grad_stats: [1.55e-04 9.22e-05] (5.27e-05, 1.68e-03)
[453,   232] loss: 5.502009e-03 masks: 21.4 17.4 [wd: 3.92e-01] [lr: 2.65e-05] [mem: 5.66e+03] (172.5 ms)
[453,   232] grad_stats: [1.48e-04 1.19e-04] (6.70e-05, 4.10e-03)
avg. loss 5.50200900e-03
time taken for epoch 0:00:53.710226
Epoch 454
[454,     0] loss: 5.125043e-03 masks: 17.0 20.0 [wd: 3.92e-01] [lr: 2.65e-05] [mem: 5.66e+03] (162.9 ms)
[454,     0] grad_stats: [2.35e-04 1.24e-04] (4.68e-05, 2.46e-03)
[454,   116] loss: 5.487550e-03 masks: 21.1 17.6 [wd: 3.92e-01] [lr: 2.60e-05] [mem: 5.66e+03] (171.5 ms)
[454,   116] grad_stats: [1.95e-04 1.62e-04] (5.46e-05, 2.28e-03)
[454,   232] loss: 5.511475e-03 masks: 21.3 17.4 [wd: 3.93e-01] [lr: 2.54e-05] [mem: 5.66e+03] (172.4 ms)
[454,   232] grad_stats: [1.43e-04 1.22e-04] (5.79e-05, 2.04e-03)
avg. loss 5.51147479e-03
time taken for epoch 0:00:53.631189
Epoch 455
[455,     0] loss: 4.285608e-03 masks: 21.0 20.0 [wd: 3.93e-01] [lr: 2.54e-05] [mem: 5.66e+03] (173.3 ms)
[455,     0] grad_stats: [8.06e-05 9.36e-05] (4.70e-05, 1.93e-03)
[455,   116] loss: 5.536776e-03 masks: 22.2 17.2 [wd: 3.93e-01] [lr: 2.49e-05] [mem: 5.66e+03] (174.0 ms)
[455,   116] grad_stats: [2.64e-04 1.72e-04] (9.71e-05, 2.21e-03)
[455,   232] loss: 5.524276e-03 masks: 22.1 17.3 [wd: 3.93e-01] [lr: 2.44e-05] [mem: 5.66e+03] (174.3 ms)
[455,   232] grad_stats: [1.40e-04 1.25e-04] (6.81e-05, 1.96e-03)
avg. loss 5.52427618e-03
time taken for epoch 0:00:54.158951
Epoch 456
[456,     0] loss: 4.723987e-03 masks: 19.0 20.0 [wd: 3.93e-01] [lr: 2.44e-05] [mem: 5.66e+03] (169.7 ms)
[456,     0] grad_stats: [1.40e-04 9.20e-05] (5.37e-05, 1.67e-03)
[456,   116] loss: 5.480666e-03 masks: 22.4 17.2 [wd: 3.93e-01] [lr: 2.39e-05] [mem: 5.66e+03] (174.6 ms)
[456,   116] grad_stats: [1.88e-04 1.29e-04] (7.06e-05, 3.14e-03)
[456,   232] loss: 5.528076e-03 masks: 22.2 17.2 [wd: 3.93e-01] [lr: 2.34e-05] [mem: 5.66e+03] (174.6 ms)
[456,   232] grad_stats: [1.18e-04 9.13e-05] (4.95e-05, 1.30e-03)
avg. loss 5.52807567e-03
time taken for epoch 0:00:54.239780
Epoch 457
[457,     0] loss: 4.595854e-03 masks: 22.0 20.0 [wd: 3.93e-01] [lr: 2.34e-05] [mem: 5.66e+03] (177.1 ms)
[457,     0] grad_stats: [2.24e-04 8.48e-05] (5.14e-05, 1.51e-03)
[457,   116] loss: 5.544252e-03 masks: 21.9 17.2 [wd: 3.93e-01] [lr: 2.29e-05] [mem: 5.66e+03] (173.2 ms)
[457,   116] grad_stats: [2.40e-04 1.39e-04] (6.53e-05, 1.89e-03)
[457,   232] loss: 5.461199e-03 masks: 21.6 17.5 [wd: 3.93e-01] [lr: 2.24e-05] [mem: 5.66e+03] (173.3 ms)
[457,   232] grad_stats: [1.38e-04 9.06e-05] (5.48e-05, 1.63e-03)
avg. loss 5.46119863e-03
time taken for epoch 0:00:53.882999
Epoch 458
[458,     0] loss: 4.995455e-03 masks: 26.0 16.0 [wd: 3.93e-01] [lr: 2.24e-05] [mem: 5.66e+03] (182.4 ms)
[458,     0] grad_stats: [2.21e-04 9.18e-05] (6.22e-05, 1.76e-03)
[458,   116] loss: 5.526581e-03 masks: 21.8 17.5 [wd: 3.94e-01] [lr: 2.19e-05] [mem: 5.66e+03] (173.8 ms)
[458,   116] grad_stats: [2.74e-04 1.41e-04] (6.21e-05, 1.82e-03)
[458,   232] loss: 5.535369e-03 masks: 22.2 17.2 [wd: 3.94e-01] [lr: 2.14e-05] [mem: 5.66e+03] (174.6 ms)
[458,   232] grad_stats: [9.85e-05 1.05e-04] (5.29e-05, 2.73e-03)
avg. loss 5.53536937e-03
time taken for epoch 0:00:54.167121
Epoch 459
[459,     0] loss: 5.414003e-03 masks: 29.0 16.0 [wd: 3.94e-01] [lr: 2.14e-05] [mem: 5.66e+03] (190.6 ms)
[459,     0] grad_stats: [1.54e-04 8.39e-05] (4.57e-05, 1.18e-03)
[459,   116] loss: 5.499876e-03 masks: 21.9 17.4 [wd: 3.94e-01] [lr: 2.09e-05] [mem: 5.66e+03] (173.5 ms)
[459,   116] grad_stats: [3.08e-04 1.41e-04] (7.59e-05, 1.94e-03)
[459,   232] loss: 5.500107e-03 masks: 22.0 17.4 [wd: 3.94e-01] [lr: 2.05e-05] [mem: 5.66e+03] (174.1 ms)
[459,   232] grad_stats: [1.07e-04 1.13e-04] (6.76e-05, 1.72e-03)
avg. loss 5.50010744e-03
time taken for epoch 0:00:54.056301
Epoch 460
[460,     0] loss: 5.758242e-03 masks: 22.0 16.0 [wd: 3.94e-01] [lr: 2.05e-05] [mem: 5.66e+03] (169.8 ms)
[460,     0] grad_stats: [1.71e-04 1.11e-04] (5.82e-05, 1.49e-03)
[460,   116] loss: 5.515612e-03 masks: 22.5 17.0 [wd: 3.94e-01] [lr: 2.00e-05] [mem: 5.66e+03] (174.7 ms)
[460,   116] grad_stats: [8.22e-05 1.08e-04] (5.31e-05, 2.15e-03)
[460,   232] loss: 5.475611e-03 masks: 22.1 17.3 [wd: 3.94e-01] [lr: 1.95e-05] [mem: 5.66e+03] (174.4 ms)
[460,   232] grad_stats: [9.48e-05 9.27e-05] (5.39e-05, 1.23e-03)
avg. loss 5.47561057e-03
time taken for epoch 0:00:54.123534
Epoch 461
[461,     0] loss: 5.634552e-03 masks: 25.0 16.0 [wd: 3.94e-01] [lr: 1.95e-05] [mem: 5.66e+03] (178.9 ms)
[461,     0] grad_stats: [1.39e-04 1.61e-04] (6.47e-05, 3.43e-03)
[461,   116] loss: 5.471554e-03 masks: 21.3 17.4 [wd: 3.94e-01] [lr: 1.91e-05] [mem: 5.66e+03] (171.9 ms)
[461,   116] grad_stats: [1.50e-04 1.57e-04] (5.92e-05, 2.07e-03)
[461,   232] loss: 5.500620e-03 masks: 21.9 17.2 [wd: 3.95e-01] [lr: 1.86e-05] [mem: 5.66e+03] (173.7 ms)
[461,   232] grad_stats: [1.92e-04 1.14e-04] (6.07e-05, 2.04e-03)
avg. loss 5.50062017e-03
time taken for epoch 0:00:54.003650
Epoch 462
[462,     0] loss: 5.786501e-03 masks: 21.0 16.0 [wd: 3.95e-01] [lr: 1.86e-05] [mem: 5.66e+03] (168.5 ms)
[462,     0] grad_stats: [1.26e-04 9.86e-05] (6.30e-05, 1.77e-03)
[462,   116] loss: 5.487428e-03 masks: 22.4 17.3 [wd: 3.95e-01] [lr: 1.82e-05] [mem: 5.66e+03] (174.8 ms)
[462,   116] grad_stats: [1.47e-04 9.92e-05] (6.18e-05, 1.69e-03)
[462,   232] loss: 5.539096e-03 masks: 22.2 17.1 [wd: 3.95e-01] [lr: 1.77e-05] [mem: 5.66e+03] (174.3 ms)
[462,   232] grad_stats: [1.19e-04 1.23e-04] (6.59e-05, 2.44e-03)
avg. loss 5.53909584e-03
time taken for epoch 0:00:54.136032
Epoch 463
[463,     0] loss: 4.670296e-03 masks: 18.0 20.0 [wd: 3.95e-01] [lr: 1.77e-05] [mem: 5.66e+03] (166.2 ms)
[463,     0] grad_stats: [1.28e-04 1.13e-04] (6.53e-05, 1.90e-03)
[463,   116] loss: 5.515667e-03 masks: 21.9 17.2 [wd: 3.95e-01] [lr: 1.73e-05] [mem: 5.66e+03] (173.1 ms)
[463,   116] grad_stats: [2.38e-04 1.06e-04] (5.97e-05, 1.87e-03)
[463,   232] loss: 5.521298e-03 masks: 21.9 17.2 [wd: 3.95e-01] [lr: 1.69e-05] [mem: 5.66e+03] (173.7 ms)
[463,   232] grad_stats: [1.08e-04 8.61e-05] (4.77e-05, 1.48e-03)
avg. loss 5.52129763e-03
time taken for epoch 0:00:53.964669
Epoch 464
[464,     0] loss: 5.159371e-03 masks: 23.0 16.0 [wd: 3.95e-01] [lr: 1.69e-05] [mem: 5.66e+03] (172.5 ms)
[464,     0] grad_stats: [1.14e-04 1.13e-04] (6.29e-05, 1.63e-03)
[464,   116] loss: 5.510871e-03 masks: 22.8 17.0 [wd: 3.95e-01] [lr: 1.64e-05] [mem: 5.66e+03] (175.3 ms)
[464,   116] grad_stats: [1.02e-04 1.07e-04] (6.23e-05, 1.52e-03)
[464,   232] loss: 5.524753e-03 masks: 22.4 17.1 [wd: 3.95e-01] [lr: 1.60e-05] [mem: 5.66e+03] (174.6 ms)
[464,   232] grad_stats: [9.86e-05 1.17e-04] (6.64e-05, 2.18e-03)
avg. loss 5.52475278e-03
time taken for epoch 0:00:54.061904
Epoch 465
[465,     0] loss: 5.168716e-03 masks: 26.0 16.0 [wd: 3.95e-01] [lr: 1.60e-05] [mem: 5.66e+03] (183.9 ms)
[465,     0] grad_stats: [9.62e-05 1.10e-04] (5.65e-05, 2.44e-03)
[465,   116] loss: 5.424005e-03 masks: 21.3 17.6 [wd: 3.96e-01] [lr: 1.56e-05] [mem: 5.66e+03] (172.1 ms)
[465,   116] grad_stats: [1.91e-04 1.45e-04] (7.80e-05, 3.07e-03)
[465,   232] loss: 5.452515e-03 masks: 21.5 17.5 [wd: 3.96e-01] [lr: 1.52e-05] [mem: 5.66e+03] (173.1 ms)
[465,   232] grad_stats: [9.85e-05 1.06e-04] (6.51e-05, 1.49e-03)
avg. loss 5.45251466e-03
time taken for epoch 0:00:53.885483
Epoch 466
[466,     0] loss: 5.724147e-03 masks: 24.0 16.0 [wd: 3.96e-01] [lr: 1.52e-05] [mem: 5.66e+03] (176.2 ms)
[466,     0] grad_stats: [1.93e-04 1.25e-04] (7.64e-05, 1.84e-03)
[466,   116] loss: 5.570626e-03 masks: 22.1 17.2 [wd: 3.96e-01] [lr: 1.48e-05] [mem: 5.66e+03] (173.7 ms)
[466,   116] grad_stats: [1.62e-04 1.11e-04] (6.18e-05, 2.01e-03)
[466,   232] loss: 5.487301e-03 masks: 21.7 17.5 [wd: 3.96e-01] [lr: 1.44e-05] [mem: 5.66e+03] (173.4 ms)
[466,   232] grad_stats: [8.62e-05 7.77e-05] (4.65e-05, 1.10e-03)
avg. loss 5.48730056e-03
time taken for epoch 0:00:53.943154
Epoch 467
[467,     0] loss: 5.118452e-03 masks: 25.0 16.0 [wd: 3.96e-01] [lr: 1.44e-05] [mem: 5.66e+03] (176.6 ms)
[467,     0] grad_stats: [1.07e-04 1.05e-04] (5.86e-05, 1.48e-03)
[467,   116] loss: 5.437006e-03 masks: 21.4 17.7 [wd: 3.96e-01] [lr: 1.40e-05] [mem: 5.66e+03] (172.4 ms)
[467,   116] grad_stats: [1.70e-04 1.01e-04] (5.73e-05, 1.34e-03)
[467,   232] loss: 5.464674e-03 masks: 21.8 17.4 [wd: 3.96e-01] [lr: 1.36e-05] [mem: 5.66e+03] (173.7 ms)
[467,   232] grad_stats: [1.76e-04 1.30e-04] (6.59e-05, 2.89e-03)
avg. loss 5.46467418e-03
time taken for epoch 0:00:54.057562
Epoch 468
[468,     0] loss: 6.487310e-03 masks: 33.0 12.0 [wd: 3.96e-01] [lr: 1.36e-05] [mem: 5.66e+03] (193.9 ms)
[468,     0] grad_stats: [1.33e-04 1.37e-04] (6.96e-05, 1.81e-03)
[468,   116] loss: 5.375956e-03 masks: 21.5 17.6 [wd: 3.96e-01] [lr: 1.33e-05] [mem: 5.66e+03] (172.8 ms)
[468,   116] grad_stats: [1.63e-04 1.06e-04] (6.87e-05, 1.72e-03)
[468,   232] loss: 5.450022e-03 masks: 22.1 17.3 [wd: 3.96e-01] [lr: 1.29e-05] [mem: 5.66e+03] (174.3 ms)
[468,   232] grad_stats: [1.68e-04 1.54e-04] (7.99e-05, 2.55e-03)
avg. loss 5.45002223e-03
time taken for epoch 0:00:54.140117
Epoch 469
[469,     0] loss: 5.196810e-03 masks: 18.0 20.0 [wd: 3.96e-01] [lr: 1.29e-05] [mem: 5.66e+03] (166.2 ms)
[469,     0] grad_stats: [1.23e-04 1.23e-04] (6.76e-05, 1.86e-03)
[469,   116] loss: 5.405926e-03 masks: 21.9 17.5 [wd: 3.96e-01] [lr: 1.25e-05] [mem: 5.66e+03] (173.4 ms)
[469,   116] grad_stats: [1.32e-04 1.31e-04] (6.95e-05, 1.83e-03)
[469,   232] loss: 5.449667e-03 masks: 21.9 17.4 [wd: 3.97e-01] [lr: 1.22e-05] [mem: 5.66e+03] (173.9 ms)
[469,   232] grad_stats: [1.03e-04 1.17e-04] (6.34e-05, 1.82e-03)
avg. loss 5.44966726e-03
time taken for epoch 0:00:53.923267
Epoch 470
[470,     0] loss: 4.628839e-03 masks: 20.0 20.0 [wd: 3.97e-01] [lr: 1.21e-05] [mem: 5.66e+03] (170.3 ms)
[470,     0] grad_stats: [2.36e-04 1.22e-04] (6.07e-05, 1.34e-03)
[470,   116] loss: 5.439626e-03 masks: 21.8 17.4 [wd: 3.97e-01] [lr: 1.18e-05] [mem: 5.66e+03] (173.3 ms)
[470,   116] grad_stats: [9.47e-05 1.04e-04] (6.25e-05, 1.49e-03)
[470,   232] loss: 5.402665e-03 masks: 21.6 17.6 [wd: 3.97e-01] [lr: 1.14e-05] [mem: 5.66e+03] (173.4 ms)
[470,   232] grad_stats: [2.46e-04 1.27e-04] (6.34e-05, 1.80e-03)
avg. loss 5.40266512e-03
time taken for epoch 0:00:53.875958
Epoch 471
[471,     0] loss: 5.397356e-03 masks: 19.0 20.0 [wd: 3.97e-01] [lr: 1.14e-05] [mem: 5.66e+03] (168.7 ms)
[471,     0] grad_stats: [2.12e-04 1.22e-04] (7.14e-05, 1.71e-03)
[471,   116] loss: 5.503430e-03 masks: 21.5 17.4 [wd: 3.97e-01] [lr: 1.11e-05] [mem: 5.66e+03] (172.2 ms)
[471,   116] grad_stats: [1.05e-04 1.01e-04] (5.91e-05, 1.47e-03)
[471,   232] loss: 5.474408e-03 masks: 21.6 17.4 [wd: 3.97e-01] [lr: 1.08e-05] [mem: 5.66e+03] (173.0 ms)
[471,   232] grad_stats: [9.70e-05 9.25e-05] (5.51e-05, 2.13e-03)
avg. loss 5.47440806e-03
time taken for epoch 0:00:53.817461
Epoch 472
[472,     0] loss: 5.035110e-03 masks: 19.0 20.0 [wd: 3.97e-01] [lr: 1.08e-05] [mem: 5.66e+03] (166.0 ms)
[472,     0] grad_stats: [8.46e-05 1.02e-04] (5.89e-05, 1.39e-03)
[472,   116] loss: 5.450341e-03 masks: 21.7 17.4 [wd: 3.97e-01] [lr: 1.04e-05] [mem: 5.66e+03] (172.9 ms)
[472,   116] grad_stats: [1.19e-04 1.35e-04] (8.08e-05, 2.10e-03)
[472,   232] loss: 5.523465e-03 masks: 22.2 17.1 [wd: 3.97e-01] [lr: 1.01e-05] [mem: 5.66e+03] (174.1 ms)
[472,   232] grad_stats: [2.61e-04 1.23e-04] (6.43e-05, 1.56e-03)
avg. loss 5.52346528e-03
time taken for epoch 0:00:54.143399
Epoch 473
[473,     0] loss: 5.406346e-03 masks: 27.0 16.0 [wd: 3.97e-01] [lr: 1.01e-05] [mem: 5.66e+03] (185.6 ms)
[473,     0] grad_stats: [1.05e-04 1.14e-04] (6.60e-05, 1.89e-03)
[473,   116] loss: 5.443458e-03 masks: 21.6 17.5 [wd: 3.97e-01] [lr: 9.78e-06] [mem: 5.66e+03] (172.6 ms)
[473,   116] grad_stats: [1.19e-04 1.63e-04] (5.75e-05, 1.77e-03)
[473,   232] loss: 5.467003e-03 masks: 21.7 17.4 [wd: 3.97e-01] [lr: 9.47e-06] [mem: 5.66e+03] (173.4 ms)
[473,   232] grad_stats: [1.92e-04 1.13e-04] (6.43e-05, 2.58e-03)
avg. loss 5.46700288e-03
time taken for epoch 0:00:53.867237
Epoch 474
[474,     0] loss: 5.151743e-03 masks: 26.0 16.0 [wd: 3.97e-01] [lr: 9.47e-06] [mem: 5.66e+03] (183.5 ms)
[474,     0] grad_stats: [1.59e-04 1.32e-04] (6.39e-05, 2.04e-03)
[474,   116] loss: 5.457753e-03 masks: 21.8 17.3 [wd: 3.98e-01] [lr: 9.16e-06] [mem: 5.66e+03] (173.2 ms)
[474,   116] grad_stats: [1.04e-04 1.24e-04] (5.15e-05, 1.47e-03)
[474,   232] loss: 5.493531e-03 masks: 22.3 17.1 [wd: 3.98e-01] [lr: 8.85e-06] [mem: 5.66e+03] (174.4 ms)
[474,   232] grad_stats: [1.09e-04 9.25e-05] (5.82e-05, 1.68e-03)
avg. loss 5.49353090e-03
time taken for epoch 0:00:54.152643
Epoch 475
[475,     0] loss: 5.636273e-03 masks: 30.0 16.0 [wd: 3.98e-01] [lr: 8.85e-06] [mem: 5.66e+03] (191.6 ms)
[475,     0] grad_stats: [1.16e-04 1.10e-04] (6.27e-05, 1.78e-03)
[475,   116] loss: 5.581350e-03 masks: 21.8 17.0 [wd: 3.98e-01] [lr: 8.55e-06] [mem: 5.66e+03] (172.5 ms)
[475,   116] grad_stats: [1.47e-04 1.19e-04] (6.11e-05, 1.76e-03)
[475,   232] loss: 5.499544e-03 masks: 21.7 17.3 [wd: 3.98e-01] [lr: 8.26e-06] [mem: 5.66e+03] (173.3 ms)
[475,   232] grad_stats: [1.22e-04 1.75e-04] (6.92e-05, 1.87e-03)
avg. loss 5.49954413e-03
time taken for epoch 0:00:53.945023
Epoch 476
[476,     0] loss: 5.864311e-03 masks: 20.0 16.0 [wd: 3.98e-01] [lr: 8.26e-06] [mem: 5.66e+03] (165.0 ms)
[476,     0] grad_stats: [1.63e-04 1.66e-04] (7.64e-05, 1.94e-03)
[476,   116] loss: 5.490795e-03 masks: 22.3 17.0 [wd: 3.98e-01] [lr: 7.97e-06] [mem: 5.66e+03] (174.0 ms)
[476,   116] grad_stats: [3.20e-04 1.66e-04] (8.74e-05, 2.87e-03)
[476,   232] loss: 5.528836e-03 masks: 22.2 17.0 [wd: 3.98e-01] [lr: 7.69e-06] [mem: 5.66e+03] (174.1 ms)
[476,   232] grad_stats: [1.17e-04 7.62e-05] (4.91e-05, 9.26e-04)
avg. loss 5.52883572e-03
time taken for epoch 0:00:53.929555
Epoch 477
[477,     0] loss: 5.222822e-03 masks: 20.0 20.0 [wd: 3.98e-01] [lr: 7.69e-06] [mem: 5.66e+03] (170.8 ms)
[477,     0] grad_stats: [4.69e-04 1.46e-04] (5.55e-05, 2.39e-03)
[477,   116] loss: 5.440034e-03 masks: 21.8 17.3 [wd: 3.98e-01] [lr: 7.42e-06] [mem: 5.66e+03] (173.3 ms)
[477,   116] grad_stats: [2.16e-04 2.49e-04] (9.68e-05, 2.59e-03)
[477,   232] loss: 5.441570e-03 masks: 21.8 17.4 [wd: 3.98e-01] [lr: 7.15e-06] [mem: 5.66e+03] (173.6 ms)
[477,   232] grad_stats: [9.49e-05 9.52e-05] (5.95e-05, 1.19e-03)
avg. loss 5.44156980e-03
time taken for epoch 0:00:54.018984
Epoch 478
[478,     0] loss: 5.327377e-03 masks: 24.0 16.0 [wd: 3.98e-01] [lr: 7.15e-06] [mem: 5.66e+03] (176.1 ms)
[478,     0] grad_stats: [1.64e-04 1.42e-04] (8.21e-05, 2.75e-03)
[478,   116] loss: 5.566954e-03 masks: 22.3 16.9 [wd: 3.98e-01] [lr: 6.88e-06] [mem: 5.66e+03] (173.7 ms)
[478,   116] grad_stats: [1.78e-04 1.08e-04] (5.95e-05, 2.06e-03)
[478,   232] loss: 5.517197e-03 masks: 22.1 17.1 [wd: 3.98e-01] [lr: 6.63e-06] [mem: 5.66e+03] (173.9 ms)
[478,   232] grad_stats: [1.64e-04 1.05e-04] (5.69e-05, 1.80e-03)
avg. loss 5.51719659e-03
time taken for epoch 0:00:54.016926
Epoch 479
[479,     0] loss: 4.495917e-03 masks: 22.0 20.0 [wd: 3.98e-01] [lr: 6.63e-06] [mem: 5.66e+03] (176.0 ms)
[479,     0] grad_stats: [1.27e-04 1.02e-04] (4.75e-05, 1.63e-03)
[479,   116] loss: 5.396853e-03 masks: 21.6 17.5 [wd: 3.98e-01] [lr: 6.37e-06] [mem: 5.66e+03] (173.0 ms)
[479,   116] grad_stats: [1.14e-04 1.35e-04] (6.68e-05, 1.69e-03)
[479,   232] loss: 5.407603e-03 masks: 22.2 17.3 [wd: 3.98e-01] [lr: 6.13e-06] [mem: 5.66e+03] (174.6 ms)
[479,   232] grad_stats: [1.14e-04 1.27e-04] (8.81e-05, 2.33e-03)
avg. loss 5.40760318e-03
time taken for epoch 0:00:54.219759
Epoch 480
[480,     0] loss: 6.537355e-03 masks: 35.0 12.0 [wd: 3.98e-01] [lr: 6.13e-06] [mem: 5.66e+03] (199.9 ms)
[480,     0] grad_stats: [1.60e-04 1.38e-04] (6.37e-05, 2.09e-03)
[480,   116] loss: 5.526897e-03 masks: 21.7 17.2 [wd: 3.99e-01] [lr: 5.89e-06] [mem: 5.66e+03] (172.7 ms)
[480,   116] grad_stats: [2.32e-04 1.41e-04] (6.21e-05, 1.67e-03)
[480,   232] loss: 5.488409e-03 masks: 21.5 17.4 [wd: 3.99e-01] [lr: 5.65e-06] [mem: 5.66e+03] (172.9 ms)
[480,   232] grad_stats: [1.26e-04 1.16e-04] (5.75e-05, 1.44e-03)
avg. loss 5.48840947e-03
time taken for epoch 0:00:53.817983
Epoch 481
[481,     0] loss: 5.825871e-03 masks: 25.0 16.0 [wd: 3.99e-01] [lr: 5.65e-06] [mem: 5.66e+03] (179.7 ms)
[481,     0] grad_stats: [2.62e-04 1.40e-04] (7.20e-05, 1.89e-03)
[481,   116] loss: 5.465289e-03 masks: 21.2 17.5 [wd: 3.99e-01] [lr: 5.42e-06] [mem: 5.66e+03] (171.5 ms)
[481,   116] grad_stats: [1.34e-04 1.39e-04] (6.92e-05, 2.18e-03)
[481,   232] loss: 5.465884e-03 masks: 21.6 17.4 [wd: 3.99e-01] [lr: 5.20e-06] [mem: 5.66e+03] (173.3 ms)
[481,   232] grad_stats: [1.11e-04 1.31e-04] (5.72e-05, 1.76e-03)
avg. loss 5.46588423e-03
time taken for epoch 0:00:53.843170
Epoch 482
[482,     0] loss: 5.889852e-03 masks: 25.0 16.0 [wd: 3.99e-01] [lr: 5.20e-06] [mem: 5.66e+03] (177.9 ms)
[482,     0] grad_stats: [1.76e-04 1.14e-04] (6.35e-05, 2.19e-03)
[482,   116] loss: 5.469940e-03 masks: 21.9 17.2 [wd: 3.99e-01] [lr: 4.98e-06] [mem: 5.66e+03] (173.2 ms)
[482,   116] grad_stats: [1.14e-04 1.36e-04] (6.60e-05, 1.71e-03)
[482,   232] loss: 5.483327e-03 masks: 22.1 17.2 [wd: 3.99e-01] [lr: 4.77e-06] [mem: 5.66e+03] (174.1 ms)
[482,   232] grad_stats: [2.15e-04 1.53e-04] (7.51e-05, 1.84e-03)
avg. loss 5.48332721e-03
time taken for epoch 0:00:54.082714
Epoch 483
[483,     0] loss: 5.663727e-03 masks: 23.0 16.0 [wd: 3.99e-01] [lr: 4.77e-06] [mem: 5.66e+03] (171.5 ms)
[483,     0] grad_stats: [2.12e-04 1.34e-04] (7.27e-05, 2.03e-03)
[483,   116] loss: 5.466749e-03 masks: 22.3 17.2 [wd: 3.99e-01] [lr: 4.56e-06] [mem: 5.66e+03] (174.4 ms)
[483,   116] grad_stats: [1.35e-04 1.12e-04] (6.75e-05, 1.87e-03)
[483,   232] loss: 5.472245e-03 masks: 22.4 17.2 [wd: 3.99e-01] [lr: 4.36e-06] [mem: 5.66e+03] (175.0 ms)
[483,   232] grad_stats: [1.17e-04 1.33e-04] (7.57e-05, 2.76e-03)
avg. loss 5.47224495e-03
time taken for epoch 0:00:54.274413
Epoch 484
[484,     0] loss: 5.820079e-03 masks: 25.0 16.0 [wd: 3.99e-01] [lr: 4.36e-06] [mem: 5.66e+03] (177.8 ms)
[484,     0] grad_stats: [1.25e-04 1.39e-04] (6.70e-05, 2.20e-03)
[484,   116] loss: 5.435360e-03 masks: 22.0 17.4 [wd: 3.99e-01] [lr: 4.17e-06] [mem: 5.66e+03] (173.6 ms)
[484,   116] grad_stats: [1.61e-04 1.31e-04] (5.74e-05, 1.72e-03)
[484,   232] loss: 5.445499e-03 masks: 22.2 17.2 [wd: 3.99e-01] [lr: 3.98e-06] [mem: 5.66e+03] (174.4 ms)
[484,   232] grad_stats: [1.52e-04 1.29e-04] (7.40e-05, 2.57e-03)
avg. loss 5.44549913e-03
time taken for epoch 0:00:54.153724
Epoch 485
[485,     0] loss: 4.774963e-03 masks: 21.0 20.0 [wd: 3.99e-01] [lr: 3.98e-06] [mem: 5.66e+03] (173.6 ms)
[485,     0] grad_stats: [1.09e-04 9.45e-05] (5.43e-05, 1.47e-03)
[485,   116] loss: 5.486079e-03 masks: 22.6 16.9 [wd: 3.99e-01] [lr: 3.80e-06] [mem: 5.66e+03] (174.6 ms)
[485,   116] grad_stats: [1.02e-04 1.02e-04] (5.95e-05, 1.34e-03)
[485,   232] loss: 5.475140e-03 masks: 22.4 17.1 [wd: 3.99e-01] [lr: 3.62e-06] [mem: 5.66e+03] (174.9 ms)
[485,   232] grad_stats: [1.11e-04 1.29e-04] (6.99e-05, 1.86e-03)
avg. loss 5.47513953e-03
time taken for epoch 0:00:54.234777
Epoch 486
[486,     0] loss: 5.113484e-03 masks: 15.0 20.0 [wd: 3.99e-01] [lr: 3.62e-06] [mem: 5.66e+03] (154.1 ms)
[486,     0] grad_stats: [1.14e-04 1.60e-04] (6.46e-05, 1.88e-03)
[486,   116] loss: 5.441828e-03 masks: 21.7 17.4 [wd: 3.99e-01] [lr: 3.45e-06] [mem: 5.66e+03] (172.7 ms)
[486,   116] grad_stats: [1.68e-04 1.18e-04] (5.96e-05, 1.59e-03)
[486,   232] loss: 5.449756e-03 masks: 21.8 17.4 [wd: 3.99e-01] [lr: 3.28e-06] [mem: 5.66e+03] (173.4 ms)
[486,   232] grad_stats: [1.39e-04 1.62e-04] (7.98e-05, 2.29e-03)
avg. loss 5.44975640e-03
time taken for epoch 0:00:53.754047
Epoch 487
[487,     0] loss: 6.139348e-03 masks: 17.0 16.0 [wd: 3.99e-01] [lr: 3.28e-06] [mem: 5.66e+03] (156.2 ms)
[487,     0] grad_stats: [1.46e-04 1.72e-04] (7.47e-05, 1.89e-03)
[487,   116] loss: 5.416699e-03 masks: 22.1 17.3 [wd: 3.99e-01] [lr: 3.12e-06] [mem: 5.66e+03] (174.0 ms)
[487,   116] grad_stats: [1.45e-04 1.01e-04] (5.95e-05, 1.58e-03)
[487,   232] loss: 5.490194e-03 masks: 22.4 17.1 [wd: 3.99e-01] [lr: 2.97e-06] [mem: 5.66e+03] (174.8 ms)
[487,   232] grad_stats: [1.09e-04 1.07e-04] (5.69e-05, 1.40e-03)
avg. loss 5.49019384e-03
time taken for epoch 0:00:54.223228
Epoch 488
[488,     0] loss: 4.815906e-03 masks: 29.0 16.0 [wd: 3.99e-01] [lr: 2.97e-06] [mem: 5.66e+03] (189.2 ms)
[488,     0] grad_stats: [8.21e-05 1.28e-04] (5.92e-05, 1.87e-03)
[488,   116] loss: 5.467416e-03 masks: 22.4 17.0 [wd: 3.99e-01] [lr: 2.82e-06] [mem: 5.66e+03] (174.2 ms)
[488,   116] grad_stats: [1.40e-04 1.41e-04] (6.95e-05, 1.65e-03)
[488,   232] loss: 5.491081e-03 masks: 22.5 16.9 [wd: 3.99e-01] [lr: 2.68e-06] [mem: 5.66e+03] (174.9 ms)
[488,   232] grad_stats: [1.60e-04 1.28e-04] (7.90e-05, 1.97e-03)
avg. loss 5.49108150e-03
time taken for epoch 0:00:54.305629
Epoch 489
[489,     0] loss: 5.725967e-03 masks: 14.0 20.0 [wd: 3.99e-01] [lr: 2.68e-06] [mem: 5.66e+03] (155.1 ms)
[489,     0] grad_stats: [1.14e-04 1.32e-04] (6.42e-05, 1.78e-03)
[489,   116] loss: 5.422703e-03 masks: 22.1 17.4 [wd: 4.00e-01] [lr: 2.54e-06] [mem: 5.66e+03] (174.0 ms)
[489,   116] grad_stats: [1.27e-04 1.33e-04] (7.34e-05, 1.79e-03)
[489,   232] loss: 5.401592e-03 masks: 21.7 17.5 [wd: 4.00e-01] [lr: 2.41e-06] [mem: 5.66e+03] (173.4 ms)
[489,   232] grad_stats: [1.04e-04 1.30e-04] (6.23e-05, 1.84e-03)
avg. loss 5.40159169e-03
time taken for epoch 0:00:53.884564
Epoch 490
[490,     0] loss: 5.458607e-03 masks: 16.0 20.0 [wd: 4.00e-01] [lr: 2.41e-06] [mem: 5.66e+03] (158.5 ms)
[490,     0] grad_stats: [1.86e-04 1.43e-04] (6.49e-05, 2.77e-03)
[490,   116] loss: 5.522436e-03 masks: 21.9 17.1 [wd: 4.00e-01] [lr: 2.28e-06] [mem: 5.66e+03] (172.9 ms)
[490,   116] grad_stats: [1.35e-04 1.32e-04] (7.94e-05, 2.17e-03)
[490,   232] loss: 5.424044e-03 masks: 21.6 17.5 [wd: 4.00e-01] [lr: 2.16e-06] [mem: 5.66e+03] (173.1 ms)
[490,   232] grad_stats: [1.25e-04 8.95e-05] (5.27e-05, 1.71e-03)
avg. loss 5.42404356e-03
time taken for epoch 0:00:53.840169
Epoch 491
[491,     0] loss: 5.226639e-03 masks: 14.0 20.0 [wd: 4.00e-01] [lr: 2.16e-06] [mem: 5.66e+03] (153.2 ms)
[491,     0] grad_stats: [2.75e-04 1.80e-04] (6.64e-05, 1.95e-03)
[491,   116] loss: 5.538768e-03 masks: 21.8 17.1 [wd: 4.00e-01] [lr: 2.05e-06] [mem: 5.66e+03] (172.8 ms)
[491,   116] grad_stats: [1.62e-04 1.08e-04] (6.44e-05, 1.66e-03)
[491,   232] loss: 5.481156e-03 masks: 21.8 17.3 [wd: 4.00e-01] [lr: 1.94e-06] [mem: 5.66e+03] (173.3 ms)
[491,   232] grad_stats: [7.29e-05 1.07e-04] (5.28e-05, 1.11e-03)
avg. loss 5.48115622e-03
time taken for epoch 0:00:53.785176
Epoch 492
[492,     0] loss: 4.434491e-03 masks: 20.0 20.0 [wd: 4.00e-01] [lr: 1.94e-06] [mem: 5.66e+03] (169.6 ms)
[492,     0] grad_stats: [1.60e-04 1.43e-04] (6.30e-05, 1.65e-03)
[492,   116] loss: 5.462063e-03 masks: 21.9 17.4 [wd: 4.00e-01] [lr: 1.84e-06] [mem: 5.66e+03] (173.5 ms)
[492,   116] grad_stats: [1.08e-04 9.66e-05] (5.83e-05, 2.35e-03)
[492,   232] loss: 5.448734e-03 masks: 22.1 17.2 [wd: 4.00e-01] [lr: 1.75e-06] [mem: 5.66e+03] (174.2 ms)
[492,   232] grad_stats: [1.17e-04 9.35e-05] (5.61e-05, 1.46e-03)
avg. loss 5.44873440e-03
time taken for epoch 0:00:54.069393
Epoch 493
[493,     0] loss: 6.568992e-03 masks: 33.0 12.0 [wd: 4.00e-01] [lr: 1.74e-06] [mem: 5.66e+03] (193.9 ms)
[493,     0] grad_stats: [2.13e-04 1.33e-04] (7.30e-05, 2.29e-03)
[493,   116] loss: 5.458734e-03 masks: 21.9 17.3 [wd: 4.00e-01] [lr: 1.65e-06] [mem: 5.66e+03] (173.2 ms)
[493,   116] grad_stats: [9.83e-05 1.45e-04] (7.78e-05, 1.75e-03)
[493,   232] loss: 5.467607e-03 masks: 22.3 17.2 [wd: 4.00e-01] [lr: 1.57e-06] [mem: 5.66e+03] (174.5 ms)
[493,   232] grad_stats: [2.22e-04 1.08e-04] (6.25e-05, 1.63e-03)
avg. loss 5.46760713e-03
time taken for epoch 0:00:54.208568
Epoch 494
[494,     0] loss: 5.179576e-03 masks: 16.0 20.0 [wd: 4.00e-01] [lr: 1.57e-06] [mem: 5.66e+03] (159.0 ms)
[494,     0] grad_stats: [1.31e-04 1.31e-04] (5.24e-05, 2.32e-03)
[494,   116] loss: 5.518919e-03 masks: 22.4 16.9 [wd: 4.00e-01] [lr: 1.49e-06] [mem: 5.66e+03] (173.9 ms)
[494,   116] grad_stats: [1.68e-04 1.50e-04] (8.02e-05, 2.83e-03)
[494,   232] loss: 5.492230e-03 masks: 21.7 17.2 [wd: 4.00e-01] [lr: 1.42e-06] [mem: 5.66e+03] (172.8 ms)
[494,   232] grad_stats: [1.80e-04 1.88e-04] (7.89e-05, 2.05e-03)
avg. loss 5.49223023e-03
time taken for epoch 0:00:53.791868
Epoch 495
[495,     0] loss: 5.137317e-03 masks: 28.0 16.0 [wd: 4.00e-01] [lr: 1.42e-06] [mem: 5.66e+03] (187.6 ms)
[495,     0] grad_stats: [9.86e-05 1.05e-04] (6.13e-05, 1.64e-03)
[495,   116] loss: 5.406090e-03 masks: 21.5 17.5 [wd: 4.00e-01] [lr: 1.35e-06] [mem: 5.66e+03] (172.4 ms)
[495,   116] grad_stats: [2.05e-04 1.19e-04] (7.18e-05, 1.64e-03)
[495,   232] loss: 5.402970e-03 masks: 21.7 17.4 [wd: 4.00e-01] [lr: 1.29e-06] [mem: 5.66e+03] (173.3 ms)
[495,   232] grad_stats: [1.02e-04 1.31e-04] (6.53e-05, 1.57e-03)
avg. loss 5.40296974e-03
time taken for epoch 0:00:53.922758
Epoch 496
[496,     0] loss: 5.214508e-03 masks: 19.0 20.0 [wd: 4.00e-01] [lr: 1.29e-06] [mem: 5.66e+03] (169.2 ms)
[496,     0] grad_stats: [1.63e-04 1.09e-04] (6.44e-05, 1.66e-03)
[496,   116] loss: 5.411780e-03 masks: 22.1 17.2 [wd: 4.00e-01] [lr: 1.24e-06] [mem: 5.66e+03] (173.7 ms)
[496,   116] grad_stats: [2.48e-04 1.06e-04] (6.84e-05, 1.91e-03)
[496,   232] loss: 5.431597e-03 masks: 22.2 17.2 [wd: 4.00e-01] [lr: 1.19e-06] [mem: 5.66e+03] (174.2 ms)
[496,   232] grad_stats: [9.18e-05 1.15e-04] (5.51e-05, 1.20e-03)
avg. loss 5.43159681e-03
time taken for epoch 0:00:54.123197
Epoch 497
[497,     0] loss: 5.623835e-03 masks: 25.0 16.0 [wd: 4.00e-01] [lr: 1.19e-06] [mem: 5.66e+03] (179.1 ms)
[497,     0] grad_stats: [9.05e-05 1.04e-04] (5.93e-05, 1.37e-03)
[497,   116] loss: 5.513937e-03 masks: 22.2 17.1 [wd: 4.00e-01] [lr: 1.14e-06] [mem: 5.66e+03] (173.8 ms)
[497,   116] grad_stats: [1.05e-04 1.39e-04] (6.02e-05, 1.38e-03)
[497,   232] loss: 5.453805e-03 masks: 21.8 17.3 [wd: 4.00e-01] [lr: 1.10e-06] [mem: 5.66e+03] (173.3 ms)
[497,   232] grad_stats: [1.25e-04 1.98e-04] (7.30e-05, 2.53e-03)
avg. loss 5.45380514e-03
time taken for epoch 0:00:53.871979
Epoch 498
[498,     0] loss: 5.710564e-03 masks: 21.0 16.0 [wd: 4.00e-01] [lr: 1.10e-06] [mem: 5.66e+03] (166.8 ms)
[498,     0] grad_stats: [1.07e-04 1.57e-04] (8.24e-05, 2.22e-03)
[498,   116] loss: 5.416644e-03 masks: 22.0 17.3 [wd: 4.00e-01] [lr: 1.07e-06] [mem: 5.66e+03] (173.8 ms)
[498,   116] grad_stats: [1.43e-04 1.02e-04] (6.16e-05, 2.90e-03)
[498,   232] loss: 5.435038e-03 masks: 22.1 17.2 [wd: 4.00e-01] [lr: 1.05e-06] [mem: 5.66e+03] (174.3 ms)
[498,   232] grad_stats: [1.09e-04 1.89e-04] (8.24e-05, 2.23e-03)
avg. loss 5.43503815e-03
time taken for epoch 0:00:54.139279
Epoch 499
[499,     0] loss: 6.018266e-03 masks: 26.0 16.0 [wd: 4.00e-01] [lr: 1.05e-06] [mem: 5.66e+03] (183.4 ms)
[499,     0] grad_stats: [1.27e-04 9.90e-05] (6.29e-05, 1.63e-03)
[499,   116] loss: 5.436256e-03 masks: 21.6 17.4 [wd: 4.00e-01] [lr: 1.03e-06] [mem: 5.66e+03] (172.7 ms)
[499,   116] grad_stats: [1.20e-04 1.30e-04] (6.78e-05, 1.99e-03)
[499,   232] loss: 5.448301e-03 masks: 21.7 17.4 [wd: 4.00e-01] [lr: 1.01e-06] [mem: 5.66e+03] (173.3 ms)
[499,   232] grad_stats: [1.34e-04 1.56e-04] (8.47e-05, 2.97e-03)
avg. loss 5.44830063e-03
time taken for epoch 0:00:54.590198
Epoch 500
[500,     0] loss: 6.659798e-03 masks: 33.0 12.0 [wd: 4.00e-01] [lr: 1.01e-06] [mem: 5.66e+03] (194.0 ms)
[500,     0] grad_stats: [1.24e-04 1.08e-04] (6.79e-05, 2.89e-03)
[500,   116] loss: 5.481569e-03 masks: 22.8 17.1 [wd: 4.00e-01] [lr: 1.00e-06] [mem: 5.66e+03] (175.6 ms)
[500,   116] grad_stats: [3.00e-04 1.51e-04] (7.26e-05, 2.44e-03)
[500,   232] loss: 5.465058e-03 masks: 22.7 17.1 [wd: 4.00e-01] [lr: 1.00e-06] [mem: 5.66e+03] (175.7 ms)
[500,   232] grad_stats: [1.84e-04 1.32e-04] (7.21e-05, 2.74e-03)
avg. loss 5.46505796e-03
	Epoch 500, KNN accuracy train: 7.55579e-01, KNN accuracy train: 6.35667e-01
time taken for epoch 0:01:36.552807
Total pretraining time 7:43:02.786324
