pretrain_checkpoint_epoch,epoch,train_accuracy,val_accuracy,loss,val_loss,time
10,1,1.71393e-01,2.07000e-01,4.42228e-03,4.05244e-03,10.60
10,2,2.45367e-01,2.30700e-01,3.77446e-03,3.86883e-03,1.32
10,3,2.67062e-01,2.44540e-01,3.62404e-03,3.77832e-03,1.31
10,4,2.80608e-01,2.51240e-01,3.53653e-03,3.72566e-03,1.30
10,5,2.89883e-01,2.60620e-01,3.47576e-03,3.68002e-03,1.31
10,6,2.97704e-01,2.64920e-01,3.42784e-03,3.64523e-03,1.31
10,7,3.04032e-01,2.68060e-01,3.38875e-03,3.62251e-03,1.31
10,8,3.08843e-01,2.72980e-01,3.35664e-03,3.59462e-03,1.31
10,9,3.13992e-01,2.77820e-01,3.32802e-03,3.57768e-03,1.31
10,10,3.17628e-01,2.77560e-01,3.30339e-03,3.56527e-03,1.31
10,11,3.21742e-01,2.80700e-01,3.28113e-03,3.54961e-03,1.31
10,12,3.25021e-01,2.81680e-01,3.26117e-03,3.54035e-03,1.31
10,13,3.28113e-01,2.86140e-01,3.24271e-03,3.52188e-03,1.30
10,14,3.30721e-01,2.86540e-01,3.22685e-03,3.50895e-03,1.30
10,15,3.33389e-01,2.88380e-01,3.21172e-03,3.49732e-03,1.29
10,16,3.35543e-01,2.89660e-01,3.19759e-03,3.48943e-03,1.30
10,17,3.38038e-01,2.93180e-01,3.18467e-03,3.48161e-03,1.29
10,18,3.39667e-01,2.92640e-01,3.17253e-03,3.47625e-03,1.31
10,19,3.42076e-01,2.94120e-01,3.16117e-03,3.46641e-03,1.31
10,20,3.43588e-01,2.92560e-01,3.15102e-03,3.46421e-03,1.28
10,21,3.45118e-01,2.95140e-01,3.14117e-03,3.45435e-03,1.30
10,22,3.46967e-01,2.95660e-01,3.13184e-03,3.44483e-03,1.28
10,23,3.48300e-01,2.98560e-01,3.12307e-03,3.44284e-03,1.28
10,24,3.49638e-01,2.99200e-01,3.11471e-03,3.43838e-03,1.29
10,25,3.51033e-01,2.99260e-01,3.10673e-03,3.43268e-03,1.28
10,26,3.52099e-01,3.00380e-01,3.09948e-03,3.42573e-03,1.28
10,27,3.53462e-01,2.99480e-01,3.09269e-03,3.42201e-03,1.29
10,28,3.54886e-01,3.00820e-01,3.08522e-03,3.42346e-03,1.28
10,29,3.55744e-01,3.00920e-01,3.07921e-03,3.41486e-03,1.29
10,30,3.56729e-01,3.00580e-01,3.07311e-03,3.41419e-03,1.31
10,31,3.57773e-01,3.04080e-01,3.06738e-03,3.40818e-03,1.31
10,32,3.58727e-01,3.02680e-01,3.06170e-03,3.40587e-03,1.29
10,33,3.59759e-01,3.04680e-01,3.05629e-03,3.40279e-03,1.29
10,34,3.61069e-01,3.04140e-01,3.05043e-03,3.39757e-03,1.29
10,35,3.61516e-01,3.04360e-01,3.04614e-03,3.39720e-03,1.30
10,36,3.62535e-01,3.06900e-01,3.04163e-03,3.38834e-03,1.30
10,37,3.62876e-01,3.05960e-01,3.03700e-03,3.39176e-03,1.30
10,38,3.63894e-01,3.06400e-01,3.03237e-03,3.38561e-03,1.30
10,39,3.64860e-01,3.06200e-01,3.02829e-03,3.38865e-03,1.29
10,40,3.65164e-01,3.06220e-01,3.02406e-03,3.38664e-03,1.30
10,41,3.65615e-01,3.06480e-01,3.02060e-03,3.38181e-03,1.29
10,42,3.66499e-01,3.09720e-01,3.01670e-03,3.37676e-03,1.30
10,43,3.67342e-01,3.08940e-01,3.01349e-03,3.37557e-03,1.30
10,44,3.67765e-01,3.08640e-01,3.00984e-03,3.37461e-03,1.31
10,45,3.68574e-01,3.09140e-01,3.00703e-03,3.36985e-03,1.30
10,46,3.68756e-01,3.09080e-01,3.00293e-03,3.37373e-03,1.29
10,47,3.69130e-01,3.11200e-01,3.00028e-03,3.36553e-03,1.30
10,48,3.69884e-01,3.09160e-01,2.99731e-03,3.36646e-03,1.29
10,49,3.70335e-01,3.07460e-01,2.99418e-03,3.36829e-03,1.29
10,50,3.70892e-01,3.09700e-01,2.99164e-03,3.36096e-03,1.29
10,51,3.71205e-01,3.11860e-01,2.98899e-03,3.35916e-03,1.29
10,52,3.71835e-01,3.11840e-01,2.98577e-03,3.36193e-03,1.30
10,53,3.72167e-01,3.11500e-01,2.98385e-03,3.35595e-03,1.31
10,54,3.72846e-01,3.11200e-01,2.98154e-03,3.35962e-03,1.30
10,55,3.73166e-01,3.12500e-01,2.97861e-03,3.35235e-03,1.31
10,56,3.73113e-01,3.13320e-01,2.97649e-03,3.35444e-03,1.31
10,57,3.73979e-01,3.11880e-01,2.97410e-03,3.35655e-03,1.31
10,58,3.74427e-01,3.11820e-01,2.97189e-03,3.35296e-03,1.31
10,59,3.74483e-01,3.12340e-01,2.96986e-03,3.35347e-03,1.31
10,60,3.75217e-01,3.15300e-01,2.96755e-03,3.34693e-03,1.30
10,61,3.75253e-01,3.12100e-01,2.96580e-03,3.34956e-03,1.29
10,62,3.75701e-01,3.11760e-01,2.96368e-03,3.34540e-03,1.31
10,63,3.75885e-01,3.14840e-01,2.96223e-03,3.33965e-03,1.30
10,64,3.76450e-01,3.12480e-01,2.96013e-03,3.34767e-03,1.31
10,65,3.76706e-01,3.13440e-01,2.95789e-03,3.34569e-03,1.31
10,66,3.76977e-01,3.14460e-01,2.95634e-03,3.34120e-03,1.31
10,67,3.76973e-01,3.14780e-01,2.95461e-03,3.34312e-03,1.30
10,68,3.77445e-01,3.12700e-01,2.95310e-03,3.34416e-03,1.31
10,69,3.77450e-01,3.15120e-01,2.95129e-03,3.34199e-03,1.31
10,70,3.78032e-01,3.13520e-01,2.94961e-03,3.34180e-03,1.31
10,71,3.78303e-01,3.15520e-01,2.94876e-03,3.34086e-03,1.31
10,72,3.78520e-01,3.13220e-01,2.94736e-03,3.34343e-03,1.31
10,73,3.79197e-01,3.12340e-01,2.94555e-03,3.34307e-03,1.31
10,74,3.79049e-01,3.14700e-01,2.94435e-03,3.33949e-03,1.31
10,75,3.79182e-01,3.14220e-01,2.94340e-03,3.34113e-03,1.30
10,76,3.79356e-01,3.13520e-01,2.94201e-03,3.33442e-03,1.31
10,77,3.79454e-01,3.13780e-01,2.93990e-03,3.33892e-03,1.30
10,78,3.79902e-01,3.15840e-01,2.93937e-03,3.33139e-03,1.30
10,79,3.80233e-01,3.14520e-01,2.93815e-03,3.33505e-03,1.30
10,80,3.80320e-01,3.15860e-01,2.93692e-03,3.33786e-03,1.31
10,81,3.80438e-01,3.15520e-01,2.93562e-03,3.33249e-03,1.32
10,82,3.80601e-01,3.14520e-01,2.93453e-03,3.33366e-03,1.31
10,83,3.80839e-01,3.15080e-01,2.93358e-03,3.33566e-03,1.30
10,84,3.81341e-01,3.15260e-01,2.93248e-03,3.33559e-03,1.29
10,85,3.81443e-01,3.15980e-01,2.93163e-03,3.33477e-03,1.31
10,86,3.81642e-01,3.16600e-01,2.93070e-03,3.33331e-03,1.31
10,87,3.81910e-01,3.16420e-01,2.92926e-03,3.32900e-03,1.29
10,88,3.82045e-01,3.16680e-01,2.92829e-03,3.32993e-03,1.30
10,89,3.81965e-01,3.14680e-01,2.92767e-03,3.33107e-03,1.30
10,90,3.82436e-01,3.16360e-01,2.92633e-03,3.32780e-03,1.31
10,91,3.82100e-01,3.16360e-01,2.92581e-03,3.32840e-03,1.30
10,92,3.82307e-01,3.16680e-01,2.92480e-03,3.32422e-03,1.30
10,93,3.82410e-01,3.15000e-01,2.92386e-03,3.33092e-03,1.30
10,94,3.82707e-01,3.18060e-01,2.92311e-03,3.32131e-03,1.30
10,95,3.82754e-01,3.16100e-01,2.92278e-03,3.32766e-03,1.29
10,96,3.83013e-01,3.14740e-01,2.92148e-03,3.32811e-03,1.30
10,97,3.83168e-01,3.15960e-01,2.92086e-03,3.32883e-03,1.30
10,98,3.83131e-01,3.15200e-01,2.92017e-03,3.32642e-03,1.31
10,99,3.83504e-01,3.17940e-01,2.91962e-03,3.32387e-03,1.31
10,100,3.83452e-01,3.17860e-01,2.91852e-03,3.32202e-03,1.31
10,101,3.83640e-01,3.17020e-01,2.91798e-03,3.32449e-03,1.31
10,102,3.83745e-01,3.18660e-01,2.91759e-03,3.32641e-03,1.30
10,103,3.83774e-01,3.17900e-01,2.91634e-03,3.32260e-03,1.30
10,104,3.83990e-01,3.18400e-01,2.91593e-03,3.32243e-03,1.29
10,105,3.83951e-01,3.16180e-01,2.91516e-03,3.32223e-03,1.28
10,106,3.84124e-01,3.17400e-01,2.91444e-03,3.31958e-03,1.30
10,107,3.84580e-01,3.20040e-01,2.91403e-03,3.32038e-03,1.30
10,108,3.84364e-01,3.16000e-01,2.91362e-03,3.32080e-03,1.29
10,109,3.84428e-01,3.18260e-01,2.91273e-03,3.32002e-03,1.28
10,110,3.84842e-01,3.15620e-01,2.91226e-03,3.32210e-03,1.28
10,111,3.84698e-01,3.17740e-01,2.91167e-03,3.32314e-03,1.29
10,112,3.84981e-01,3.18740e-01,2.91116e-03,3.32088e-03,1.28
10,113,3.84960e-01,3.16640e-01,2.91076e-03,3.32033e-03,1.29
10,114,3.84760e-01,3.18300e-01,2.90991e-03,3.32106e-03,1.28
10,115,3.84893e-01,3.16260e-01,2.90973e-03,3.32306e-03,1.28
10,116,3.85104e-01,3.17020e-01,2.90927e-03,3.31835e-03,1.28
10,117,3.85340e-01,3.17060e-01,2.90820e-03,3.32344e-03,1.28
10,118,3.85415e-01,3.17500e-01,2.90766e-03,3.32097e-03,1.27
10,119,3.85734e-01,3.18460e-01,2.90759e-03,3.31967e-03,1.28
10,120,3.85400e-01,3.19520e-01,2.90702e-03,3.31805e-03,1.29
10,121,3.85524e-01,3.17340e-01,2.90628e-03,3.31901e-03,1.29
10,122,3.85972e-01,3.17420e-01,2.90628e-03,3.31766e-03,1.27
10,123,3.85787e-01,3.17900e-01,2.90623e-03,3.31871e-03,1.28
10,124,3.85613e-01,3.16380e-01,2.90583e-03,3.31938e-03,1.27
10,125,3.85779e-01,3.17160e-01,2.90474e-03,3.31903e-03,1.29
10,126,3.86087e-01,3.17440e-01,2.90462e-03,3.31654e-03,1.29
10,127,3.86051e-01,3.18660e-01,2.90430e-03,3.31759e-03,1.29
10,128,3.86215e-01,3.19540e-01,2.90376e-03,3.31586e-03,1.29
10,129,3.86053e-01,3.19580e-01,2.90354e-03,3.31340e-03,1.30
10,130,3.86254e-01,3.18740e-01,2.90321e-03,3.31902e-03,1.30
10,131,3.86417e-01,3.19300e-01,2.90247e-03,3.31814e-03,1.30
10,132,3.86176e-01,3.19040e-01,2.90264e-03,3.31626e-03,1.30
10,133,3.86217e-01,3.18400e-01,2.90201e-03,3.31368e-03,1.31
10,134,3.86480e-01,3.17540e-01,2.90134e-03,3.31730e-03,1.30
10,135,3.86228e-01,3.18740e-01,2.90130e-03,3.31569e-03,1.30
10,136,3.86572e-01,3.18880e-01,2.90120e-03,3.31906e-03,1.29
10,137,3.86648e-01,3.18600e-01,2.90099e-03,3.31553e-03,1.28
10,138,3.86625e-01,3.18020e-01,2.90067e-03,3.31669e-03,1.29
10,139,3.86709e-01,3.18440e-01,2.90034e-03,3.31625e-03,1.29
10,140,3.86932e-01,3.18940e-01,2.89992e-03,3.31361e-03,1.28
10,141,3.86832e-01,3.16960e-01,2.89930e-03,3.31691e-03,1.30
10,142,3.86992e-01,3.19240e-01,2.89901e-03,3.31227e-03,1.31
10,143,3.86929e-01,3.18620e-01,2.89906e-03,3.31577e-03,1.31
10,144,3.86760e-01,3.18580e-01,2.89843e-03,3.31187e-03,1.30
10,145,3.87008e-01,3.18540e-01,2.89821e-03,3.31482e-03,1.31
10,146,3.87241e-01,3.18080e-01,2.89815e-03,3.31354e-03,1.30
10,147,3.87415e-01,3.18960e-01,2.89824e-03,3.31461e-03,1.31
10,148,3.87075e-01,3.18040e-01,2.89769e-03,3.31556e-03,1.31
10,149,3.87155e-01,3.18960e-01,2.89679e-03,3.31430e-03,1.31
10,150,3.87316e-01,3.19880e-01,2.89674e-03,3.31097e-03,1.30
10,151,3.87192e-01,3.18900e-01,2.89702e-03,3.31198e-03,1.30
10,152,3.87590e-01,3.17500e-01,2.89669e-03,3.31616e-03,1.31
10,153,3.87543e-01,3.18240e-01,2.89645e-03,3.31580e-03,1.31
10,154,3.87489e-01,3.20360e-01,2.89612e-03,3.30909e-03,1.31
10,155,3.87775e-01,3.18120e-01,2.89540e-03,3.31065e-03,1.31
10,156,3.87590e-01,3.18620e-01,2.89568e-03,3.31151e-03,1.30
10,157,3.87473e-01,3.19280e-01,2.89546e-03,3.31039e-03,1.31
10,158,3.87708e-01,3.19600e-01,2.89537e-03,3.30971e-03,1.29
10,159,3.87763e-01,3.18780e-01,2.89539e-03,3.31398e-03,1.30
10,160,3.87881e-01,3.20160e-01,2.89516e-03,3.30807e-03,1.31
10,161,3.87889e-01,3.19640e-01,2.89441e-03,3.30634e-03,1.31
10,162,3.87874e-01,3.19000e-01,2.89473e-03,3.31092e-03,1.30
10,163,3.87650e-01,3.18200e-01,2.89419e-03,3.31103e-03,1.29
10,164,3.87899e-01,3.18700e-01,2.89383e-03,3.31790e-03,1.29
10,165,3.88012e-01,3.19120e-01,2.89376e-03,3.30812e-03,1.29
10,166,3.87948e-01,3.19220e-01,2.89384e-03,3.31292e-03,1.31
10,167,3.88200e-01,3.19100e-01,2.89341e-03,3.31635e-03,1.29
10,168,3.87812e-01,3.17860e-01,2.89362e-03,3.30878e-03,1.29
10,169,3.87755e-01,3.19260e-01,2.89327e-03,3.31260e-03,1.30
10,170,3.87956e-01,3.18440e-01,2.89329e-03,3.31743e-03,1.29
10,171,3.87965e-01,3.20120e-01,2.89302e-03,3.30720e-03,1.28
10,172,3.87634e-01,3.19940e-01,2.89269e-03,3.31096e-03,1.27
10,173,3.87962e-01,3.19200e-01,2.89259e-03,3.31330e-03,1.30
10,174,3.88117e-01,3.19500e-01,2.89246e-03,3.31107e-03,1.32
10,175,3.88288e-01,3.17320e-01,2.89252e-03,3.31568e-03,1.29
10,176,3.88179e-01,3.18520e-01,2.89264e-03,3.31133e-03,1.30
10,177,3.88127e-01,3.18040e-01,2.89198e-03,3.31443e-03,1.29
10,178,3.88105e-01,3.16600e-01,2.89213e-03,3.31630e-03,1.29
10,179,3.88269e-01,3.19460e-01,2.89209e-03,3.30798e-03,1.29
10,180,3.88185e-01,3.18600e-01,2.89171e-03,3.31121e-03,1.29
10,181,3.87971e-01,3.18780e-01,2.89102e-03,3.31382e-03,1.31
10,182,3.88355e-01,3.18200e-01,2.89174e-03,3.31151e-03,1.29
10,183,3.87946e-01,3.18820e-01,2.89162e-03,3.31185e-03,1.29
10,184,3.88410e-01,3.18740e-01,2.89165e-03,3.31156e-03,1.29
10,185,3.88491e-01,3.18180e-01,2.89094e-03,3.31305e-03,1.29
10,186,3.88431e-01,3.18120e-01,2.89102e-03,3.31183e-03,1.29
10,187,3.88317e-01,3.17200e-01,2.89084e-03,3.31437e-03,1.29
10,188,3.88522e-01,3.21140e-01,2.89094e-03,3.30568e-03,1.29
10,189,3.88603e-01,3.18820e-01,2.89044e-03,3.31146e-03,1.29
10,190,3.88461e-01,3.17440e-01,2.89037e-03,3.31134e-03,1.29
10,191,3.88477e-01,3.20800e-01,2.88993e-03,3.30833e-03,1.30
10,192,3.88462e-01,3.20700e-01,2.88979e-03,3.30733e-03,1.31
10,193,3.88053e-01,3.19860e-01,2.89032e-03,3.30957e-03,1.30
10,194,3.88614e-01,3.17560e-01,2.88997e-03,3.31429e-03,1.31
10,195,3.88508e-01,3.18800e-01,2.89002e-03,3.31252e-03,1.31
10,196,3.88584e-01,3.22480e-01,2.89011e-03,3.30837e-03,1.31
10,197,3.88710e-01,3.19620e-01,2.88955e-03,3.31368e-03,1.31
10,198,3.88448e-01,3.18460e-01,2.89021e-03,3.31335e-03,1.30
10,199,3.88302e-01,3.21220e-01,2.88972e-03,3.30386e-03,1.31
10,200,3.88856e-01,3.20220e-01,2.88906e-03,3.31028e-03,1.31
100,1,3.84461e-01,4.28360e-01,3.03618e-03,2.58643e-03,9.84
100,2,4.93602e-01,4.62460e-01,2.23506e-03,2.38397e-03,1.31
100,3,5.23471e-01,4.78180e-01,2.07020e-03,2.29010e-03,1.31
100,4,5.40981e-01,4.87780e-01,1.97642e-03,2.23619e-03,1.32
100,5,5.53047e-01,4.97500e-01,1.91263e-03,2.19414e-03,1.32
100,6,5.62918e-01,5.02120e-01,1.86430e-03,2.16534e-03,1.31
100,7,5.70180e-01,5.08280e-01,1.82676e-03,2.14587e-03,1.31
100,8,5.75848e-01,5.09180e-01,1.79552e-03,2.12584e-03,1.30
100,9,5.81311e-01,5.12720e-01,1.76928e-03,2.11170e-03,1.31
100,10,5.85995e-01,5.16320e-01,1.74729e-03,2.10041e-03,1.30
100,11,5.89592e-01,5.17060e-01,1.72791e-03,2.09042e-03,1.29
100,12,5.92741e-01,5.19280e-01,1.71046e-03,2.08161e-03,1.28
100,13,5.96084e-01,5.20800e-01,1.69563e-03,2.07232e-03,1.30
100,14,5.98636e-01,5.23280e-01,1.68195e-03,2.06621e-03,1.30
100,15,6.01056e-01,5.24500e-01,1.66973e-03,2.06294e-03,1.30
100,16,6.03144e-01,5.23920e-01,1.65826e-03,2.05730e-03,1.31
100,17,6.05635e-01,5.25980e-01,1.64837e-03,2.04868e-03,1.31
100,18,6.07381e-01,5.26160e-01,1.63871e-03,2.04947e-03,1.30
100,19,6.09099e-01,5.27220e-01,1.63007e-03,2.04512e-03,1.29
100,20,6.10893e-01,5.29240e-01,1.62209e-03,2.03902e-03,1.29
100,21,6.12275e-01,5.29260e-01,1.61448e-03,2.03556e-03,1.29
100,22,6.13696e-01,5.29940e-01,1.60787e-03,2.03458e-03,1.31
100,23,6.14778e-01,5.29780e-01,1.60103e-03,2.03051e-03,1.28
100,24,6.16303e-01,5.30580e-01,1.59493e-03,2.03111e-03,1.29
100,25,6.17407e-01,5.31260e-01,1.58923e-03,2.02618e-03,1.29
100,26,6.18616e-01,5.31860e-01,1.58415e-03,2.02323e-03,1.28
100,27,6.19388e-01,5.31240e-01,1.57898e-03,2.02142e-03,1.29
100,28,6.20268e-01,5.31560e-01,1.57422e-03,2.02028e-03,1.30
100,29,6.21110e-01,5.33380e-01,1.56990e-03,2.02045e-03,1.29
100,30,6.22134e-01,5.32500e-01,1.56579e-03,2.01824e-03,1.29
100,31,6.22950e-01,5.32460e-01,1.56118e-03,2.01567e-03,1.30
100,32,6.23905e-01,5.34260e-01,1.55739e-03,2.01285e-03,1.32
100,33,6.24844e-01,5.34440e-01,1.55349e-03,2.01258e-03,1.33
100,34,6.25422e-01,5.31120e-01,1.54998e-03,2.01545e-03,1.29
100,35,6.26005e-01,5.34660e-01,1.54677e-03,2.01278e-03,1.33
100,36,6.26555e-01,5.34580e-01,1.54385e-03,2.01452e-03,1.32
100,37,6.27174e-01,5.33780e-01,1.54053e-03,2.01079e-03,1.31
100,38,6.27513e-01,5.33640e-01,1.53775e-03,2.01054e-03,1.31
100,39,6.27894e-01,5.36160e-01,1.53500e-03,2.00495e-03,1.31
100,40,6.28683e-01,5.36200e-01,1.53232e-03,2.00682e-03,1.31
100,41,6.28986e-01,5.35740e-01,1.52991e-03,2.00297e-03,1.31
100,42,6.29891e-01,5.34320e-01,1.52758e-03,2.00344e-03,1.31
100,43,6.29916e-01,5.34940e-01,1.52517e-03,2.00652e-03,1.31
100,44,6.31018e-01,5.35420e-01,1.52294e-03,2.00408e-03,1.32
100,45,6.31191e-01,5.36280e-01,1.52056e-03,2.00208e-03,1.32
100,46,6.31496e-01,5.35640e-01,1.51879e-03,2.00010e-03,1.31
100,47,6.31852e-01,5.36160e-01,1.51629e-03,2.00233e-03,1.32
100,48,6.32600e-01,5.36900e-01,1.51471e-03,2.00281e-03,1.31
100,49,6.32989e-01,5.37380e-01,1.51305e-03,1.99917e-03,1.31
100,50,6.33220e-01,5.35780e-01,1.51113e-03,2.00024e-03,1.31
100,51,6.33550e-01,5.36980e-01,1.50935e-03,1.99996e-03,1.30
100,52,6.33910e-01,5.35380e-01,1.50755e-03,1.99973e-03,1.30
100,53,6.34120e-01,5.37500e-01,1.50625e-03,1.99977e-03,1.31
100,54,6.34553e-01,5.37580e-01,1.50460e-03,2.00011e-03,1.31
100,55,6.34795e-01,5.36760e-01,1.50322e-03,1.99749e-03,1.30
100,56,6.35019e-01,5.37120e-01,1.50168e-03,1.99692e-03,1.31
100,57,6.35557e-01,5.37320e-01,1.50038e-03,1.99808e-03,1.32
100,58,6.35441e-01,5.38520e-01,1.49903e-03,1.99707e-03,1.31
100,59,6.35952e-01,5.37880e-01,1.49762e-03,1.99770e-03,1.32
100,60,6.36350e-01,5.37240e-01,1.49635e-03,1.99748e-03,1.33
100,61,6.36166e-01,5.36840e-01,1.49528e-03,1.99766e-03,1.31
100,62,6.36501e-01,5.36760e-01,1.49392e-03,1.99695e-03,1.30
100,63,6.36481e-01,5.36640e-01,1.49296e-03,1.99767e-03,1.32
100,64,6.37016e-01,5.39140e-01,1.49179e-03,1.99417e-03,1.32
100,65,6.37395e-01,5.37660e-01,1.49089e-03,1.99569e-03,1.33
100,66,6.37349e-01,5.37680e-01,1.48969e-03,1.99592e-03,1.32
100,67,6.37766e-01,5.37620e-01,1.48854e-03,1.99224e-03,1.31
100,68,6.37815e-01,5.37820e-01,1.48785e-03,1.99446e-03,1.32
100,69,6.38091e-01,5.38500e-01,1.48668e-03,1.99156e-03,1.31
100,70,6.38206e-01,5.38760e-01,1.48580e-03,1.99536e-03,1.30
100,71,6.38460e-01,5.38400e-01,1.48508e-03,1.99249e-03,1.31
100,72,6.38694e-01,5.40360e-01,1.48428e-03,1.99413e-03,1.31
100,73,6.38863e-01,5.35960e-01,1.48331e-03,1.99439e-03,1.30
100,74,6.39060e-01,5.37980e-01,1.48254e-03,1.99481e-03,1.30
100,75,6.38752e-01,5.37560e-01,1.48187e-03,1.99284e-03,1.31
100,76,6.39163e-01,5.38800e-01,1.48092e-03,1.99468e-03,1.30
100,77,6.39475e-01,5.38120e-01,1.48035e-03,1.99333e-03,1.31
100,78,6.39611e-01,5.39060e-01,1.47944e-03,1.99054e-03,1.32
100,79,6.39866e-01,5.38360e-01,1.47910e-03,1.99385e-03,1.32
100,80,6.39789e-01,5.37820e-01,1.47835e-03,1.99322e-03,1.31
100,81,6.39770e-01,5.38040e-01,1.47780e-03,1.99457e-03,1.30
100,82,6.40067e-01,5.39740e-01,1.47689e-03,1.98931e-03,1.30
100,83,6.40233e-01,5.38100e-01,1.47625e-03,1.99249e-03,1.30
100,84,6.40355e-01,5.39060e-01,1.47582e-03,1.99054e-03,1.31
100,85,6.40633e-01,5.38860e-01,1.47516e-03,1.99021e-03,1.30
100,86,6.40522e-01,5.38660e-01,1.47469e-03,1.99079e-03,1.30
100,87,6.40781e-01,5.39520e-01,1.47401e-03,1.99098e-03,1.31
100,88,6.40842e-01,5.38100e-01,1.47342e-03,1.99041e-03,1.31
100,89,6.40819e-01,5.37640e-01,1.47324e-03,1.99309e-03,1.32
100,90,6.41049e-01,5.40300e-01,1.47250e-03,1.98847e-03,1.31
100,91,6.41321e-01,5.39720e-01,1.47195e-03,1.98822e-03,1.30
100,92,6.41083e-01,5.39040e-01,1.47128e-03,1.99021e-03,1.29
100,93,6.41075e-01,5.38680e-01,1.47096e-03,1.98983e-03,1.30
100,94,6.41322e-01,5.38080e-01,1.47047e-03,1.98953e-03,1.32
100,95,6.41336e-01,5.38180e-01,1.47002e-03,1.98807e-03,1.30
100,96,6.41577e-01,5.38820e-01,1.46968e-03,1.98932e-03,1.32
100,97,6.41683e-01,5.38680e-01,1.46940e-03,1.99116e-03,1.30
100,98,6.41658e-01,5.38100e-01,1.46891e-03,1.98998e-03,1.30
100,99,6.42040e-01,5.39780e-01,1.46832e-03,1.98853e-03,1.30
100,100,6.42075e-01,5.41240e-01,1.46817e-03,1.98881e-03,1.30
100,101,6.41829e-01,5.39100e-01,1.46770e-03,1.99005e-03,1.32
100,102,6.41937e-01,5.39540e-01,1.46715e-03,1.98895e-03,1.30
100,103,6.41986e-01,5.37660e-01,1.46712e-03,1.99226e-03,1.31
100,104,6.41978e-01,5.39240e-01,1.46659e-03,1.98853e-03,1.31
100,105,6.42371e-01,5.40480e-01,1.46609e-03,1.98648e-03,1.30
100,106,6.42211e-01,5.38420e-01,1.46559e-03,1.98786e-03,1.30
100,107,6.42709e-01,5.39960e-01,1.46557e-03,1.98595e-03,1.32
100,108,6.42364e-01,5.40320e-01,1.46519e-03,1.98840e-03,1.30
100,109,6.42716e-01,5.40920e-01,1.46471e-03,1.98781e-03,1.30
100,110,6.42593e-01,5.40280e-01,1.46459e-03,1.98552e-03,1.30
100,111,6.42741e-01,5.37780e-01,1.46428e-03,1.98853e-03,1.30
100,112,6.42516e-01,5.39220e-01,1.46374e-03,1.98996e-03,1.30
100,113,6.42766e-01,5.38620e-01,1.46384e-03,1.99002e-03,1.32
100,114,6.42691e-01,5.39840e-01,1.46322e-03,1.98791e-03,1.32
100,115,6.42787e-01,5.39440e-01,1.46334e-03,1.98876e-03,1.29
100,116,6.43118e-01,5.37880e-01,1.46286e-03,1.99238e-03,1.29
100,117,6.42759e-01,5.40280e-01,1.46249e-03,1.98676e-03,1.30
100,118,6.43189e-01,5.39880e-01,1.46219e-03,1.98644e-03,1.30
100,119,6.43272e-01,5.39480e-01,1.46210e-03,1.98674e-03,1.32
100,120,6.43468e-01,5.40200e-01,1.46161e-03,1.98836e-03,1.30
100,121,6.43283e-01,5.39500e-01,1.46187e-03,1.98694e-03,1.30
100,122,6.43487e-01,5.39100e-01,1.46133e-03,1.98809e-03,1.31
100,123,6.43424e-01,5.38620e-01,1.46118e-03,1.98980e-03,1.30
100,124,6.43618e-01,5.39420e-01,1.46098e-03,1.98930e-03,1.30
100,125,6.43541e-01,5.39640e-01,1.46067e-03,1.98575e-03,1.32
100,126,6.43445e-01,5.38880e-01,1.46058e-03,1.98802e-03,1.30
100,127,6.43594e-01,5.39300e-01,1.46016e-03,1.98720e-03,1.32
100,128,6.43514e-01,5.40620e-01,1.46046e-03,1.98513e-03,1.32
100,129,6.43449e-01,5.39940e-01,1.45966e-03,1.98777e-03,1.30
100,130,6.43317e-01,5.39680e-01,1.45952e-03,1.98761e-03,1.30
100,131,6.43840e-01,5.39420e-01,1.45962e-03,1.98771e-03,1.30
100,132,6.43818e-01,5.38680e-01,1.45915e-03,1.99042e-03,1.30
100,133,6.43788e-01,5.40820e-01,1.45951e-03,1.98683e-03,1.29
100,134,6.43445e-01,5.39920e-01,1.45882e-03,1.98884e-03,1.31
100,135,6.43737e-01,5.39260e-01,1.45881e-03,1.98789e-03,1.31
100,136,6.43668e-01,5.39940e-01,1.45865e-03,1.98803e-03,1.31
100,137,6.43684e-01,5.40600e-01,1.45834e-03,1.98626e-03,1.31
100,138,6.43979e-01,5.39240e-01,1.45822e-03,1.98882e-03,1.30
100,139,6.43731e-01,5.39080e-01,1.45838e-03,1.98829e-03,1.32
100,140,6.43562e-01,5.40020e-01,1.45798e-03,1.98841e-03,1.31
100,141,6.43894e-01,5.40300e-01,1.45796e-03,1.98709e-03,1.30
100,142,6.43952e-01,5.40100e-01,1.45757e-03,1.98670e-03,1.31
100,143,6.43839e-01,5.40260e-01,1.45759e-03,1.98471e-03,1.31
100,144,6.44149e-01,5.39380e-01,1.45736e-03,1.98828e-03,1.30
100,145,6.44014e-01,5.40140e-01,1.45770e-03,1.98639e-03,1.30
100,146,6.44284e-01,5.41060e-01,1.45713e-03,1.98497e-03,1.30
100,147,6.44373e-01,5.40140e-01,1.45682e-03,1.98516e-03,1.30
100,148,6.44348e-01,5.39420e-01,1.45669e-03,1.98641e-03,1.30
100,149,6.44273e-01,5.40200e-01,1.45714e-03,1.98579e-03,1.31
100,150,6.44313e-01,5.40440e-01,1.45678e-03,1.98903e-03,1.30
100,151,6.44181e-01,5.39400e-01,1.45669e-03,1.98540e-03,1.31
100,152,6.44328e-01,5.40320e-01,1.45643e-03,1.98607e-03,1.31
100,153,6.44331e-01,5.39640e-01,1.45624e-03,1.98705e-03,1.32
100,154,6.44470e-01,5.38580e-01,1.45646e-03,1.98695e-03,1.30
100,155,6.44424e-01,5.41420e-01,1.45611e-03,1.98712e-03,1.30
100,156,6.44229e-01,5.39420e-01,1.45586e-03,1.98772e-03,1.31
100,157,6.44207e-01,5.39640e-01,1.45575e-03,1.98681e-03,1.31
100,158,6.44246e-01,5.40040e-01,1.45564e-03,1.98684e-03,1.32
100,159,6.44506e-01,5.39120e-01,1.45586e-03,1.98708e-03,1.31
100,160,6.44243e-01,5.39800e-01,1.45566e-03,1.98677e-03,1.30
100,161,6.44405e-01,5.40320e-01,1.45553e-03,1.98565e-03,1.30
100,162,6.44551e-01,5.40920e-01,1.45551e-03,1.98559e-03,1.31
100,163,6.44385e-01,5.40020e-01,1.45521e-03,1.98916e-03,1.31
100,164,6.44512e-01,5.40420e-01,1.45520e-03,1.98809e-03,1.30
100,165,6.44338e-01,5.40360e-01,1.45516e-03,1.98708e-03,1.30
100,166,6.44644e-01,5.38120e-01,1.45502e-03,1.98851e-03,1.31
100,167,6.44349e-01,5.39300e-01,1.45492e-03,1.98820e-03,1.31
100,168,6.44686e-01,5.39440e-01,1.45500e-03,1.98687e-03,1.31
100,169,6.44411e-01,5.40680e-01,1.45476e-03,1.98727e-03,1.30
100,170,6.44619e-01,5.40200e-01,1.45457e-03,1.98700e-03,1.29
100,171,6.44514e-01,5.38640e-01,1.45476e-03,1.98811e-03,1.30
100,172,6.44933e-01,5.40380e-01,1.45462e-03,1.98484e-03,1.30
100,173,6.44583e-01,5.39780e-01,1.45452e-03,1.98745e-03,1.30
100,174,6.44405e-01,5.41220e-01,1.45450e-03,1.98513e-03,1.30
100,175,6.44486e-01,5.39620e-01,1.45429e-03,1.98749e-03,1.30
100,176,6.44668e-01,5.39580e-01,1.45434e-03,1.98431e-03,1.30
100,177,6.44382e-01,5.40520e-01,1.45445e-03,1.98439e-03,1.30
100,178,6.44797e-01,5.40220e-01,1.45426e-03,1.98474e-03,1.30
100,179,6.44750e-01,5.39180e-01,1.45390e-03,1.98761e-03,1.30
100,180,6.44740e-01,5.39580e-01,1.45410e-03,1.98824e-03,1.29
100,181,6.44829e-01,5.39560e-01,1.45385e-03,1.98538e-03,1.31
100,182,6.44916e-01,5.41060e-01,1.45389e-03,1.98740e-03,1.32
100,183,6.44601e-01,5.40260e-01,1.45428e-03,1.98554e-03,1.32
100,184,6.44673e-01,5.40540e-01,1.45366e-03,1.98422e-03,1.29
100,185,6.44997e-01,5.39800e-01,1.45365e-03,1.98576e-03,1.30
100,186,6.44812e-01,5.39860e-01,1.45382e-03,1.98698e-03,1.31
100,187,6.45069e-01,5.38900e-01,1.45350e-03,1.98765e-03,1.31
100,188,6.44817e-01,5.39560e-01,1.45337e-03,1.98567e-03,1.30
100,189,6.44977e-01,5.40180e-01,1.45364e-03,1.98706e-03,1.30
100,190,6.44937e-01,5.39420e-01,1.45350e-03,1.98779e-03,1.33
100,191,6.44462e-01,5.40000e-01,1.45347e-03,1.98549e-03,1.29
100,192,6.44891e-01,5.41440e-01,1.45344e-03,1.98666e-03,1.31
100,193,6.44812e-01,5.39380e-01,1.45325e-03,1.98575e-03,1.30
100,194,6.44826e-01,5.39320e-01,1.45322e-03,1.98688e-03,1.29
100,195,6.45147e-01,5.42080e-01,1.45317e-03,1.98510e-03,1.30
100,196,6.44743e-01,5.40560e-01,1.45312e-03,1.98580e-03,1.31
100,197,6.45197e-01,5.39620e-01,1.45321e-03,1.98570e-03,1.30
100,198,6.44991e-01,5.41880e-01,1.45294e-03,1.98419e-03,1.29
100,199,6.44953e-01,5.37880e-01,1.45312e-03,1.98681e-03,1.29
100,200,6.45217e-01,5.39900e-01,1.45296e-03,1.98848e-03,1.29
20,1,2.36477e-01,2.82000e-01,3.91792e-03,3.47565e-03,9.78
20,2,3.31904e-01,3.12920e-01,3.15188e-03,3.27747e-03,1.31
20,3,3.58881e-01,3.29060e-01,2.98554e-03,3.18166e-03,1.32
20,4,3.74322e-01,3.36320e-01,2.89254e-03,3.12656e-03,1.32
20,5,3.85028e-01,3.42480e-01,2.82963e-03,3.09035e-03,1.32
20,6,3.93113e-01,3.47240e-01,2.78294e-03,3.06136e-03,1.32
20,7,4.00103e-01,3.50840e-01,2.74592e-03,3.03728e-03,1.32
20,8,4.05430e-01,3.53360e-01,2.71486e-03,3.01977e-03,1.32
20,9,4.09534e-01,3.57500e-01,2.68921e-03,3.00115e-03,1.32
20,10,4.13735e-01,3.60920e-01,2.66698e-03,2.98697e-03,1.32
20,11,4.17287e-01,3.62060e-01,2.64751e-03,2.97503e-03,1.31
20,12,4.20441e-01,3.65420e-01,2.63011e-03,2.96349e-03,1.32
20,13,4.23334e-01,3.64540e-01,2.61456e-03,2.95807e-03,1.32
20,14,4.25969e-01,3.66380e-01,2.60022e-03,2.94498e-03,1.33
20,15,4.27970e-01,3.70260e-01,2.58714e-03,2.93782e-03,1.32
20,16,4.30254e-01,3.67840e-01,2.57538e-03,2.93489e-03,1.32
20,17,4.31924e-01,3.72060e-01,2.56461e-03,2.92401e-03,1.32
20,18,4.34172e-01,3.70980e-01,2.55486e-03,2.92106e-03,1.31
20,19,4.35559e-01,3.73500e-01,2.54534e-03,2.91330e-03,1.32
20,20,4.37036e-01,3.73260e-01,2.53705e-03,2.90629e-03,1.31
20,21,4.39214e-01,3.75300e-01,2.52853e-03,2.90488e-03,1.32
20,22,4.40168e-01,3.75960e-01,2.52138e-03,2.89855e-03,1.31
20,23,4.41802e-01,3.76000e-01,2.51364e-03,2.89395e-03,1.31
20,24,4.43146e-01,3.75520e-01,2.50694e-03,2.89291e-03,1.29
20,25,4.44187e-01,3.78360e-01,2.50080e-03,2.88658e-03,1.31
20,26,4.44901e-01,3.79500e-01,2.49465e-03,2.88002e-03,1.32
20,27,4.46583e-01,3.78440e-01,2.48865e-03,2.88113e-03,1.32
20,28,4.47408e-01,3.77900e-01,2.48324e-03,2.88016e-03,1.31
20,29,4.48488e-01,3.80100e-01,2.47829e-03,2.87368e-03,1.31
20,30,4.49048e-01,3.80040e-01,2.47330e-03,2.87053e-03,1.31
20,31,4.50190e-01,3.81600e-01,2.46827e-03,2.86914e-03,1.31
20,32,4.50932e-01,3.82200e-01,2.46401e-03,2.86236e-03,1.31
20,33,4.51823e-01,3.79200e-01,2.45988e-03,2.86592e-03,1.31
20,34,4.52572e-01,3.81920e-01,2.45579e-03,2.86377e-03,1.31
20,35,4.53558e-01,3.83180e-01,2.45124e-03,2.85944e-03,1.31
20,36,4.54195e-01,3.81800e-01,2.44771e-03,2.85923e-03,1.31
20,37,4.54635e-01,3.84320e-01,2.44427e-03,2.85694e-03,1.32
20,38,4.55338e-01,3.81920e-01,2.44067e-03,2.85440e-03,1.32
20,39,4.55667e-01,3.82600e-01,2.43744e-03,2.85080e-03,1.32
20,40,4.56232e-01,3.82800e-01,2.43433e-03,2.85003e-03,1.31
20,41,4.57343e-01,3.83560e-01,2.43123e-03,2.85127e-03,1.32
20,42,4.57655e-01,3.84020e-01,2.42796e-03,2.84739e-03,1.32
20,43,4.58250e-01,3.85580e-01,2.42534e-03,2.84556e-03,1.30
20,44,4.58578e-01,3.85260e-01,2.42241e-03,2.84187e-03,1.29
20,45,4.59103e-01,3.86320e-01,2.42016e-03,2.83914e-03,1.30
20,46,4.59533e-01,3.87700e-01,2.41748e-03,2.83742e-03,1.32
20,47,4.59999e-01,3.85440e-01,2.41491e-03,2.83889e-03,1.29
20,48,4.60618e-01,3.86220e-01,2.41263e-03,2.83924e-03,1.29
20,49,4.61010e-01,3.86260e-01,2.41063e-03,2.83555e-03,1.31
20,50,4.61019e-01,3.86720e-01,2.40813e-03,2.83781e-03,1.30
20,51,4.62145e-01,3.87220e-01,2.40587e-03,2.83248e-03,1.30
20,52,4.62137e-01,3.85840e-01,2.40358e-03,2.83371e-03,1.30
20,53,4.62745e-01,3.86560e-01,2.40159e-03,2.83272e-03,1.29
20,54,4.63300e-01,3.86800e-01,2.39983e-03,2.83161e-03,1.30
20,55,4.63564e-01,3.87780e-01,2.39778e-03,2.83016e-03,1.30
20,56,4.63860e-01,3.88820e-01,2.39598e-03,2.82945e-03,1.30
20,57,4.64134e-01,3.86920e-01,2.39449e-03,2.83093e-03,1.29
20,58,4.64324e-01,3.86200e-01,2.39236e-03,2.82846e-03,1.30
20,59,4.64525e-01,3.89100e-01,2.39107e-03,2.82768e-03,1.30
20,60,4.65120e-01,3.89200e-01,2.38907e-03,2.82580e-03,1.30
20,61,4.65013e-01,3.89660e-01,2.38789e-03,2.82429e-03,1.30
20,62,4.65508e-01,3.87540e-01,2.38618e-03,2.82572e-03,1.31
20,63,4.66112e-01,3.88260e-01,2.38432e-03,2.82101e-03,1.29
20,64,4.65927e-01,3.88760e-01,2.38340e-03,2.82422e-03,1.31
20,65,4.66097e-01,3.88920e-01,2.38193e-03,2.82181e-03,1.29
20,66,4.66755e-01,3.90040e-01,2.38042e-03,2.81890e-03,1.30
20,67,4.66883e-01,3.90440e-01,2.37912e-03,2.81889e-03,1.30
20,68,4.67412e-01,3.88740e-01,2.37779e-03,2.82010e-03,1.29
20,69,4.67386e-01,3.90220e-01,2.37652e-03,2.81985e-03,1.29
20,70,4.67773e-01,3.89760e-01,2.37525e-03,2.82074e-03,1.29
20,71,4.67808e-01,3.88840e-01,2.37407e-03,2.82122e-03,1.31
20,72,4.67980e-01,3.88560e-01,2.37294e-03,2.81570e-03,1.30
20,73,4.68257e-01,3.89480e-01,2.37181e-03,2.81789e-03,1.29
20,74,4.68630e-01,3.90920e-01,2.37098e-03,2.81604e-03,1.29
20,75,4.68576e-01,3.88580e-01,2.36961e-03,2.81533e-03,1.29
20,76,4.68815e-01,3.89060e-01,2.36909e-03,2.81845e-03,1.29
20,77,4.69106e-01,3.89340e-01,2.36776e-03,2.81406e-03,1.31
20,78,4.69152e-01,3.90880e-01,2.36697e-03,2.81459e-03,1.32
20,79,4.69276e-01,3.89840e-01,2.36614e-03,2.81432e-03,1.31
20,80,4.69327e-01,3.89120e-01,2.36510e-03,2.81584e-03,1.30
20,81,4.69847e-01,3.89280e-01,2.36371e-03,2.81564e-03,1.30
20,82,4.70090e-01,3.91600e-01,2.36335e-03,2.81484e-03,1.30
20,83,4.70171e-01,3.90240e-01,2.36226e-03,2.81303e-03,1.29
20,84,4.70247e-01,3.91420e-01,2.36155e-03,2.81063e-03,1.29
20,85,4.70612e-01,3.91060e-01,2.36035e-03,2.80963e-03,1.29
20,86,4.70367e-01,3.92160e-01,2.35994e-03,2.81218e-03,1.28
20,87,4.70873e-01,3.88400e-01,2.35911e-03,2.80963e-03,1.29
20,88,4.70846e-01,3.91300e-01,2.35842e-03,2.80606e-03,1.29
20,89,4.70615e-01,3.89720e-01,2.35776e-03,2.81177e-03,1.29
20,90,4.71223e-01,3.91760e-01,2.35658e-03,2.80709e-03,1.30
20,91,4.71363e-01,3.90740e-01,2.35613e-03,2.80993e-03,1.30
20,92,4.71462e-01,3.90660e-01,2.35557e-03,2.80620e-03,1.31
20,93,4.71501e-01,3.91620e-01,2.35475e-03,2.80436e-03,1.32
20,94,4.71356e-01,3.90740e-01,2.35404e-03,2.80574e-03,1.30
20,95,4.71678e-01,3.92480e-01,2.35365e-03,2.80721e-03,1.30
20,96,4.71901e-01,3.91320e-01,2.35289e-03,2.80843e-03,1.29
20,97,4.71850e-01,3.91760e-01,2.35230e-03,2.80510e-03,1.30
20,98,4.72076e-01,3.92260e-01,2.35176e-03,2.80751e-03,1.30
20,99,4.71979e-01,3.90520e-01,2.35094e-03,2.80830e-03,1.30
20,100,4.72473e-01,3.91600e-01,2.35018e-03,2.80530e-03,1.29
20,101,4.72879e-01,3.91720e-01,2.34961e-03,2.80578e-03,1.29
20,102,4.72547e-01,3.91140e-01,2.34954e-03,2.80460e-03,1.29
20,103,4.72788e-01,3.91380e-01,2.34887e-03,2.80628e-03,1.29
20,104,4.72802e-01,3.92640e-01,2.34832e-03,2.80399e-03,1.29
20,105,4.72818e-01,3.91540e-01,2.34778e-03,2.80435e-03,1.30
20,106,4.73114e-01,3.92680e-01,2.34747e-03,2.80396e-03,1.29
20,107,4.73181e-01,3.91780e-01,2.34669e-03,2.80545e-03,1.29
20,108,4.72864e-01,3.93140e-01,2.34636e-03,2.80459e-03,1.31
20,109,4.73343e-01,3.92480e-01,2.34556e-03,2.80348e-03,1.29
20,110,4.73115e-01,3.90320e-01,2.34549e-03,2.80229e-03,1.30
20,111,4.73375e-01,3.93440e-01,2.34479e-03,2.80236e-03,1.31
20,112,4.73357e-01,3.93940e-01,2.34430e-03,2.80031e-03,1.30
20,113,4.73514e-01,3.92140e-01,2.34415e-03,2.80404e-03,1.29
20,114,4.73676e-01,3.92300e-01,2.34340e-03,2.80308e-03,1.31
20,115,4.73746e-01,3.92180e-01,2.34307e-03,2.80424e-03,1.29
20,116,4.74026e-01,3.92940e-01,2.34268e-03,2.80241e-03,1.30
20,117,4.73739e-01,3.93160e-01,2.34240e-03,2.80218e-03,1.31
20,118,4.73567e-01,3.92300e-01,2.34243e-03,2.80065e-03,1.29
20,119,4.74256e-01,3.92160e-01,2.34145e-03,2.80186e-03,1.30
20,120,4.73912e-01,3.93220e-01,2.34119e-03,2.80082e-03,1.29
20,121,4.74227e-01,3.92040e-01,2.34091e-03,2.80186e-03,1.29
20,122,4.74230e-01,3.92520e-01,2.34090e-03,2.79876e-03,1.29
20,123,4.74507e-01,3.92180e-01,2.34044e-03,2.80101e-03,1.31
20,124,4.74506e-01,3.91520e-01,2.34006e-03,2.79909e-03,1.30
20,125,4.74721e-01,3.91680e-01,2.33980e-03,2.79995e-03,1.32
20,126,4.74521e-01,3.92860e-01,2.33943e-03,2.79787e-03,1.29
20,127,4.74576e-01,3.93400e-01,2.33883e-03,2.80192e-03,1.29
20,128,4.74770e-01,3.94820e-01,2.33887e-03,2.79630e-03,1.32
20,129,4.74445e-01,3.92020e-01,2.33821e-03,2.79984e-03,1.31
20,130,4.74949e-01,3.93700e-01,2.33837e-03,2.79857e-03,1.32
20,131,4.74625e-01,3.94020e-01,2.33765e-03,2.79580e-03,1.29
20,132,4.75086e-01,3.91960e-01,2.33727e-03,2.79991e-03,1.29
20,133,4.74624e-01,3.91480e-01,2.33756e-03,2.79753e-03,1.29
20,134,4.75249e-01,3.93000e-01,2.33699e-03,2.80149e-03,1.29
20,135,4.74933e-01,3.93740e-01,2.33671e-03,2.79919e-03,1.29
20,136,4.75140e-01,3.93180e-01,2.33643e-03,2.79712e-03,1.30
20,137,4.75044e-01,3.93000e-01,2.33616e-03,2.79740e-03,1.29
20,138,4.75125e-01,3.90940e-01,2.33605e-03,2.80071e-03,1.31
20,139,4.75051e-01,3.93140e-01,2.33574e-03,2.79790e-03,1.32
20,140,4.75613e-01,3.93700e-01,2.33562e-03,2.79647e-03,1.30
20,141,4.75160e-01,3.92600e-01,2.33542e-03,2.79723e-03,1.30
20,142,4.75285e-01,3.91920e-01,2.33509e-03,2.79628e-03,1.29
20,143,4.75439e-01,3.94040e-01,2.33513e-03,2.79729e-03,1.29
20,144,4.75580e-01,3.94700e-01,2.33455e-03,2.79887e-03,1.30
20,145,4.75129e-01,3.93940e-01,2.33493e-03,2.79653e-03,1.31
20,146,4.75550e-01,3.93440e-01,2.33394e-03,2.79825e-03,1.32
20,147,4.75421e-01,3.92120e-01,2.33364e-03,2.79867e-03,1.31
20,148,4.75582e-01,3.93240e-01,2.33371e-03,2.79690e-03,1.29
20,149,4.75506e-01,3.92320e-01,2.33372e-03,2.79829e-03,1.30
20,150,4.75828e-01,3.93200e-01,2.33309e-03,2.79785e-03,1.32
20,151,4.75340e-01,3.92760e-01,2.33290e-03,2.79649e-03,1.30
20,152,4.75755e-01,3.93160e-01,2.33319e-03,2.79489e-03,1.31
20,153,4.75804e-01,3.93220e-01,2.33248e-03,2.79644e-03,1.32
20,154,4.75804e-01,3.94500e-01,2.33248e-03,2.79831e-03,1.31
20,155,4.75662e-01,3.93720e-01,2.33265e-03,2.79588e-03,1.32
20,156,4.75877e-01,3.93960e-01,2.33234e-03,2.79446e-03,1.31
20,157,4.75938e-01,3.93500e-01,2.33216e-03,2.79751e-03,1.30
20,158,4.75644e-01,3.91960e-01,2.33182e-03,2.79697e-03,1.30
20,159,4.75945e-01,3.91940e-01,2.33146e-03,2.79701e-03,1.31
20,160,4.75663e-01,3.93420e-01,2.33164e-03,2.79507e-03,1.30
20,161,4.76064e-01,3.94360e-01,2.33128e-03,2.79934e-03,1.30
20,162,4.76079e-01,3.94560e-01,2.33108e-03,2.79584e-03,1.30
20,163,4.76287e-01,3.93420e-01,2.33098e-03,2.79680e-03,1.32
20,164,4.75941e-01,3.94440e-01,2.33077e-03,2.79662e-03,1.31
20,165,4.76180e-01,3.93400e-01,2.33072e-03,2.79682e-03,1.30
20,166,4.76008e-01,3.93640e-01,2.33067e-03,2.79812e-03,1.32
20,167,4.76512e-01,3.93040e-01,2.33031e-03,2.79633e-03,1.31
20,168,4.76173e-01,3.92520e-01,2.33023e-03,2.79694e-03,1.31
20,169,4.76255e-01,3.93940e-01,2.33037e-03,2.79344e-03,1.30
20,170,4.76508e-01,3.93440e-01,2.33006e-03,2.79397e-03,1.31
20,171,4.75944e-01,3.93980e-01,2.33000e-03,2.79463e-03,1.32
20,172,4.76054e-01,3.93680e-01,2.32995e-03,2.79422e-03,1.31
20,173,4.76371e-01,3.92720e-01,2.32963e-03,2.79618e-03,1.33
20,174,4.76381e-01,3.93620e-01,2.32962e-03,2.79471e-03,1.32
20,175,4.76443e-01,3.92760e-01,2.32954e-03,2.79384e-03,1.33
20,176,4.76403e-01,3.93800e-01,2.32981e-03,2.79216e-03,1.32
20,177,4.76587e-01,3.93420e-01,2.32909e-03,2.79550e-03,1.32
20,178,4.76503e-01,3.93020e-01,2.32883e-03,2.79870e-03,1.31
20,179,4.76474e-01,3.94340e-01,2.32920e-03,2.79474e-03,1.30
20,180,4.76448e-01,3.92920e-01,2.32911e-03,2.79571e-03,1.30
20,181,4.76630e-01,3.94960e-01,2.32871e-03,2.79461e-03,1.30
20,182,4.76758e-01,3.91780e-01,2.32887e-03,2.79557e-03,1.32
20,183,4.76299e-01,3.94620e-01,2.32855e-03,2.79158e-03,1.33
20,184,4.76319e-01,3.93900e-01,2.32857e-03,2.79444e-03,1.32
20,185,4.76768e-01,3.93820e-01,2.32839e-03,2.79514e-03,1.32
20,186,4.76856e-01,3.93280e-01,2.32799e-03,2.79464e-03,1.32
20,187,4.76613e-01,3.95660e-01,2.32828e-03,2.79547e-03,1.32
20,188,4.76719e-01,3.95580e-01,2.32816e-03,2.79139e-03,1.32
20,189,4.76631e-01,3.92000e-01,2.32797e-03,2.79747e-03,1.32
20,190,4.76581e-01,3.93360e-01,2.32767e-03,2.79460e-03,1.32
20,191,4.76678e-01,3.91960e-01,2.32785e-03,2.79724e-03,1.32
20,192,4.76519e-01,3.93920e-01,2.32750e-03,2.79385e-03,1.31
20,193,4.76779e-01,3.93160e-01,2.32739e-03,2.79531e-03,1.31
20,194,4.76670e-01,3.92040e-01,2.32764e-03,2.79479e-03,1.31
20,195,4.76763e-01,3.92200e-01,2.32764e-03,2.79230e-03,1.31
20,196,4.76800e-01,3.94180e-01,2.32709e-03,2.79347e-03,1.32
20,197,4.76903e-01,3.95020e-01,2.32729e-03,2.79160e-03,1.33
20,198,4.76925e-01,3.93820e-01,2.32718e-03,2.79642e-03,1.31
20,199,4.76737e-01,3.92600e-01,2.32731e-03,2.79612e-03,1.31
20,200,4.76675e-01,3.93840e-01,2.32702e-03,2.79340e-03,1.32
30,1,2.68180e-01,3.13800e-01,3.69461e-03,3.25436e-03,9.75
30,2,3.71260e-01,3.46120e-01,2.90375e-03,3.03754e-03,1.32
30,3,4.01872e-01,3.65620e-01,2.72587e-03,2.93650e-03,1.33
30,4,4.19302e-01,3.74080e-01,2.62518e-03,2.87736e-03,1.32
30,5,4.32192e-01,3.83240e-01,2.55659e-03,2.83554e-03,1.32
30,6,4.41235e-01,3.88960e-01,2.50634e-03,2.80582e-03,1.32
30,7,4.48400e-01,3.93020e-01,2.46575e-03,2.78105e-03,1.31
30,8,4.54369e-01,3.95340e-01,2.43324e-03,2.76174e-03,1.32
30,9,4.59393e-01,3.98000e-01,2.40550e-03,2.74432e-03,1.32
30,10,4.64065e-01,4.01480e-01,2.38224e-03,2.73233e-03,1.31
30,11,4.67629e-01,4.04540e-01,2.36193e-03,2.71909e-03,1.31
30,12,4.70955e-01,4.06740e-01,2.34396e-03,2.70833e-03,1.31
30,13,4.74049e-01,4.09520e-01,2.32751e-03,2.69693e-03,1.31
30,14,4.77070e-01,4.08560e-01,2.31289e-03,2.69387e-03,1.30
30,15,4.79635e-01,4.10140e-01,2.30011e-03,2.68785e-03,1.32
30,16,4.81363e-01,4.12940e-01,2.28801e-03,2.67827e-03,1.32
30,17,4.83664e-01,4.14360e-01,2.27732e-03,2.67248e-03,1.32
30,18,4.85676e-01,4.14720e-01,2.26705e-03,2.66899e-03,1.32
30,19,4.87187e-01,4.14160e-01,2.25753e-03,2.66244e-03,1.32
30,20,4.89098e-01,4.16020e-01,2.24915e-03,2.65978e-03,1.32
30,21,4.90600e-01,4.17600e-01,2.24131e-03,2.65473e-03,1.32
30,22,4.91927e-01,4.18980e-01,2.23321e-03,2.64930e-03,1.32
30,23,4.93105e-01,4.17520e-01,2.22661e-03,2.64978e-03,1.32
30,24,4.94315e-01,4.18400e-01,2.21963e-03,2.64347e-03,1.33
30,25,4.95818e-01,4.18840e-01,2.21364e-03,2.64169e-03,1.33
30,26,4.96849e-01,4.19440e-01,2.20785e-03,2.63680e-03,1.33
30,27,4.97518e-01,4.20200e-01,2.20252e-03,2.63232e-03,1.32
30,28,4.98658e-01,4.20540e-01,2.19715e-03,2.63192e-03,1.31
30,29,4.99863e-01,4.22140e-01,2.19220e-03,2.63009e-03,1.31
30,30,5.00707e-01,4.23120e-01,2.18761e-03,2.62567e-03,1.32
30,31,5.01437e-01,4.22840e-01,2.18285e-03,2.62596e-03,1.33
30,32,5.02183e-01,4.22600e-01,2.17847e-03,2.62388e-03,1.32
30,33,5.02998e-01,4.23040e-01,2.17426e-03,2.61673e-03,1.32
30,34,5.04222e-01,4.24820e-01,2.17070e-03,2.61740e-03,1.32
30,35,5.04721e-01,4.23560e-01,2.16680e-03,2.61867e-03,1.31
30,36,5.05104e-01,4.24760e-01,2.16369e-03,2.61338e-03,1.33
30,37,5.05758e-01,4.23480e-01,2.16046e-03,2.61491e-03,1.33
30,38,5.06443e-01,4.23380e-01,2.15710e-03,2.61123e-03,1.32
30,39,5.07544e-01,4.25760e-01,2.15369e-03,2.60983e-03,1.32
30,40,5.07852e-01,4.26220e-01,2.15069e-03,2.60748e-03,1.33
30,41,5.07930e-01,4.25600e-01,2.14801e-03,2.60868e-03,1.33
30,42,5.08907e-01,4.26260e-01,2.14489e-03,2.60653e-03,1.33
30,43,5.08910e-01,4.25680e-01,2.14276e-03,2.60774e-03,1.32
30,44,5.09848e-01,4.26980e-01,2.14038e-03,2.60475e-03,1.32
30,45,5.10264e-01,4.25940e-01,2.13791e-03,2.60453e-03,1.30
30,46,5.10535e-01,4.26340e-01,2.13554e-03,2.60280e-03,1.30
30,47,5.10974e-01,4.26820e-01,2.13325e-03,2.59989e-03,1.30
30,48,5.11759e-01,4.27520e-01,2.13101e-03,2.59896e-03,1.30
30,49,5.12068e-01,4.26840e-01,2.12903e-03,2.60078e-03,1.30
30,50,5.12487e-01,4.27360e-01,2.12708e-03,2.59852e-03,1.32
30,51,5.12492e-01,4.27640e-01,2.12493e-03,2.59746e-03,1.31
30,52,5.13177e-01,4.27260e-01,2.12280e-03,2.59745e-03,1.32
30,53,5.13126e-01,4.26620e-01,2.12122e-03,2.59972e-03,1.30
30,54,5.13728e-01,4.28540e-01,2.11974e-03,2.59437e-03,1.30
30,55,5.13873e-01,4.27280e-01,2.11799e-03,2.59399e-03,1.30
30,56,5.14562e-01,4.29040e-01,2.11622e-03,2.59217e-03,1.32
30,57,5.14667e-01,4.29560e-01,2.11428e-03,2.59398e-03,1.31
30,58,5.14875e-01,4.28200e-01,2.11304e-03,2.59332e-03,1.30
30,59,5.15426e-01,4.29040e-01,2.11131e-03,2.59161e-03,1.32
30,60,5.15454e-01,4.28700e-01,2.11008e-03,2.59055e-03,1.31
30,61,5.15838e-01,4.27940e-01,2.10879e-03,2.59046e-03,1.30
30,62,5.16062e-01,4.29460e-01,2.10763e-03,2.58857e-03,1.30
30,63,5.16090e-01,4.28800e-01,2.10613e-03,2.58819e-03,1.31
30,64,5.16716e-01,4.30660e-01,2.10477e-03,2.58910e-03,1.30
30,65,5.16595e-01,4.28840e-01,2.10379e-03,2.58854e-03,1.31
30,66,5.17149e-01,4.27220e-01,2.10226e-03,2.58961e-03,1.32
30,67,5.17239e-01,4.28780e-01,2.10111e-03,2.58691e-03,1.33
30,68,5.17329e-01,4.29620e-01,2.10013e-03,2.58604e-03,1.31
30,69,5.17185e-01,4.30080e-01,2.09945e-03,2.58520e-03,1.30
30,70,5.17812e-01,4.28720e-01,2.09802e-03,2.58844e-03,1.32
30,71,5.17753e-01,4.28960e-01,2.09668e-03,2.58824e-03,1.30
30,72,5.18171e-01,4.30600e-01,2.09595e-03,2.58186e-03,1.32
30,73,5.18447e-01,4.29720e-01,2.09475e-03,2.58458e-03,1.30
30,74,5.18599e-01,4.28260e-01,2.09411e-03,2.58257e-03,1.30
30,75,5.18822e-01,4.30600e-01,2.09289e-03,2.58612e-03,1.31
30,76,5.19080e-01,4.29220e-01,2.09191e-03,2.58483e-03,1.30
30,77,5.19255e-01,4.30700e-01,2.09151e-03,2.58220e-03,1.31
30,78,5.19253e-01,4.31140e-01,2.09042e-03,2.58159e-03,1.30
30,79,5.19544e-01,4.28660e-01,2.08982e-03,2.58192e-03,1.30
30,80,5.19503e-01,4.29660e-01,2.08860e-03,2.58217e-03,1.30
30,81,5.19721e-01,4.29240e-01,2.08823e-03,2.58391e-03,1.31
30,82,5.20139e-01,4.29960e-01,2.08711e-03,2.58133e-03,1.32
30,83,5.19869e-01,4.32000e-01,2.08630e-03,2.58042e-03,1.30
30,84,5.20107e-01,4.30240e-01,2.08602e-03,2.58221e-03,1.31
30,85,5.20102e-01,4.30380e-01,2.08545e-03,2.58056e-03,1.30
30,86,5.20792e-01,4.29840e-01,2.08452e-03,2.58038e-03,1.30
30,87,5.20701e-01,4.30580e-01,2.08343e-03,2.58020e-03,1.31
30,88,5.20719e-01,4.29840e-01,2.08323e-03,2.57761e-03,1.32
30,89,5.20839e-01,4.31160e-01,2.08254e-03,2.57855e-03,1.32
30,90,5.20857e-01,4.29980e-01,2.08189e-03,2.57775e-03,1.32
30,91,5.20899e-01,4.32380e-01,2.08153e-03,2.57777e-03,1.32
30,92,5.21079e-01,4.30800e-01,2.08087e-03,2.57957e-03,1.32
30,93,5.21100e-01,4.30660e-01,2.08037e-03,2.57907e-03,1.31
30,94,5.21596e-01,4.31340e-01,2.07980e-03,2.57894e-03,1.31
30,95,5.21616e-01,4.30580e-01,2.07898e-03,2.57942e-03,1.31
30,96,5.21479e-01,4.31280e-01,2.07829e-03,2.57890e-03,1.30
30,97,5.21722e-01,4.30320e-01,2.07806e-03,2.57584e-03,1.30
30,98,5.21730e-01,4.32320e-01,2.07781e-03,2.57457e-03,1.31
30,99,5.21944e-01,4.31740e-01,2.07708e-03,2.57631e-03,1.32
30,100,5.22000e-01,4.30100e-01,2.07676e-03,2.57900e-03,1.31
30,101,5.22232e-01,4.30760e-01,2.07589e-03,2.57737e-03,1.31
30,102,5.22187e-01,4.31460e-01,2.07576e-03,2.58051e-03,1.31
30,103,5.22318e-01,4.31560e-01,2.07516e-03,2.57524e-03,1.31
30,104,5.21957e-01,4.31660e-01,2.07499e-03,2.57664e-03,1.32
30,105,5.22308e-01,4.30240e-01,2.07415e-03,2.57190e-03,1.30
30,106,5.22460e-01,4.31860e-01,2.07437e-03,2.57635e-03,1.30
30,107,5.22433e-01,4.31920e-01,2.07334e-03,2.57479e-03,1.31
30,108,5.22588e-01,4.31860e-01,2.07346e-03,2.57276e-03,1.31
30,109,5.22365e-01,4.32340e-01,2.07296e-03,2.57386e-03,1.31
30,110,5.22862e-01,4.30860e-01,2.07232e-03,2.57591e-03,1.30
30,111,5.22602e-01,4.32620e-01,2.07226e-03,2.57498e-03,1.31
30,112,5.23003e-01,4.32380e-01,2.07176e-03,2.57534e-03,1.30
30,113,5.22841e-01,4.31680e-01,2.07167e-03,2.57616e-03,1.30
30,114,5.23088e-01,4.31820e-01,2.07106e-03,2.57550e-03,1.29
30,115,5.22991e-01,4.32380e-01,2.07064e-03,2.57519e-03,1.31
30,116,5.23402e-01,4.30980e-01,2.07058e-03,2.57665e-03,1.30
30,117,5.23274e-01,4.31680e-01,2.07014e-03,2.57335e-03,1.31
30,118,5.23333e-01,4.32240e-01,2.06942e-03,2.57159e-03,1.32
30,119,5.23365e-01,4.32160e-01,2.06941e-03,2.57287e-03,1.29
30,120,5.23432e-01,4.32640e-01,2.06948e-03,2.57432e-03,1.31
30,121,5.23184e-01,4.32660e-01,2.06897e-03,2.57703e-03,1.32
30,122,5.23647e-01,4.33420e-01,2.06837e-03,2.57455e-03,1.32
30,123,5.24057e-01,4.32680e-01,2.06820e-03,2.57245e-03,1.32
30,124,5.23570e-01,4.32520e-01,2.06801e-03,2.57593e-03,1.32
30,125,5.23730e-01,4.30620e-01,2.06769e-03,2.57259e-03,1.31
30,126,5.23726e-01,4.33120e-01,2.06748e-03,2.57285e-03,1.29
30,127,5.23761e-01,4.31800e-01,2.06714e-03,2.57467e-03,1.29
30,128,5.23655e-01,4.32160e-01,2.06683e-03,2.57117e-03,1.29
30,129,5.23893e-01,4.30980e-01,2.06677e-03,2.57246e-03,1.30
30,130,5.23887e-01,4.31640e-01,2.06636e-03,2.57069e-03,1.31
30,131,5.23853e-01,4.31640e-01,2.06648e-03,2.56948e-03,1.32
30,132,5.23932e-01,4.31100e-01,2.06616e-03,2.57179e-03,1.32
30,133,5.24046e-01,4.30980e-01,2.06606e-03,2.57423e-03,1.32
30,134,5.23982e-01,4.31280e-01,2.06549e-03,2.57168e-03,1.29
30,135,5.23843e-01,4.33780e-01,2.06545e-03,2.57056e-03,1.31
30,136,5.23996e-01,4.32280e-01,2.06507e-03,2.57186e-03,1.30
30,137,5.24294e-01,4.34100e-01,2.06529e-03,2.57207e-03,1.31
30,138,5.23982e-01,4.32100e-01,2.06459e-03,2.57279e-03,1.30
30,139,5.24358e-01,4.31480e-01,2.06462e-03,2.57203e-03,1.31
30,140,5.24286e-01,4.33740e-01,2.06428e-03,2.57258e-03,1.31
30,141,5.24409e-01,4.31940e-01,2.06422e-03,2.57046e-03,1.31
30,142,5.24331e-01,4.32740e-01,2.06427e-03,2.57082e-03,1.30
30,143,5.24161e-01,4.31500e-01,2.06373e-03,2.57321e-03,1.31
30,144,5.24806e-01,4.32760e-01,2.06351e-03,2.57091e-03,1.31
30,145,5.24593e-01,4.32120e-01,2.06324e-03,2.57219e-03,1.29
30,146,5.24503e-01,4.32500e-01,2.06344e-03,2.57522e-03,1.30
30,147,5.24586e-01,4.32840e-01,2.06315e-03,2.57027e-03,1.30
30,148,5.24352e-01,4.31100e-01,2.06314e-03,2.57259e-03,1.31
30,149,5.24881e-01,4.32700e-01,2.06271e-03,2.57089e-03,1.31
30,150,5.24644e-01,4.31460e-01,2.06278e-03,2.57437e-03,1.31
30,151,5.24435e-01,4.31780e-01,2.06249e-03,2.57214e-03,1.31
30,152,5.24446e-01,4.32760e-01,2.06238e-03,2.56842e-03,1.32
30,153,5.24915e-01,4.31980e-01,2.06237e-03,2.57057e-03,1.32
30,154,5.24913e-01,4.32820e-01,2.06217e-03,2.57046e-03,1.33
30,155,5.24586e-01,4.32220e-01,2.06187e-03,2.57239e-03,1.32
30,156,5.24934e-01,4.33000e-01,2.06172e-03,2.56789e-03,1.32
30,157,5.25080e-01,4.32860e-01,2.06148e-03,2.56960e-03,1.30
30,158,5.24765e-01,4.33140e-01,2.06177e-03,2.56843e-03,1.31
30,159,5.24803e-01,4.31640e-01,2.06121e-03,2.57077e-03,1.32
30,160,5.24919e-01,4.33520e-01,2.06135e-03,2.57058e-03,1.31
30,161,5.24971e-01,4.32680e-01,2.06110e-03,2.57029e-03,1.32
30,162,5.24611e-01,4.32380e-01,2.06121e-03,2.56943e-03,1.32
30,163,5.25027e-01,4.32220e-01,2.06114e-03,2.56907e-03,1.31
30,164,5.24915e-01,4.34180e-01,2.06090e-03,2.57149e-03,1.32
30,165,5.25166e-01,4.33480e-01,2.06093e-03,2.56917e-03,1.29
30,166,5.25199e-01,4.33660e-01,2.06039e-03,2.56964e-03,1.31
30,167,5.25069e-01,4.33520e-01,2.06044e-03,2.57206e-03,1.30
30,168,5.25047e-01,4.33000e-01,2.06032e-03,2.57164e-03,1.29
30,169,5.25135e-01,4.31380e-01,2.06043e-03,2.56892e-03,1.31
30,170,5.24836e-01,4.33560e-01,2.06037e-03,2.56879e-03,1.31
30,171,5.25137e-01,4.31680e-01,2.06014e-03,2.56922e-03,1.30
30,172,5.25075e-01,4.32780e-01,2.06034e-03,2.57007e-03,1.32
30,173,5.25436e-01,4.32900e-01,2.05992e-03,2.57015e-03,1.32
30,174,5.24881e-01,4.33000e-01,2.05999e-03,2.56746e-03,1.31
30,175,5.25472e-01,4.33460e-01,2.05959e-03,2.56955e-03,1.31
30,176,5.25126e-01,4.33680e-01,2.05963e-03,2.56877e-03,1.30
30,177,5.24965e-01,4.33480e-01,2.05948e-03,2.57166e-03,1.29
30,178,5.25186e-01,4.33460e-01,2.05948e-03,2.56417e-03,1.30
30,179,5.25362e-01,4.33780e-01,2.05926e-03,2.57191e-03,1.31
30,180,5.25156e-01,4.33160e-01,2.05947e-03,2.56821e-03,1.32
30,181,5.25480e-01,4.33160e-01,2.05893e-03,2.56747e-03,1.29
30,182,5.25308e-01,4.33200e-01,2.05931e-03,2.56952e-03,1.30
30,183,5.25408e-01,4.34460e-01,2.05907e-03,2.56819e-03,1.32
30,184,5.25452e-01,4.34080e-01,2.05886e-03,2.56618e-03,1.30
30,185,5.25447e-01,4.32380e-01,2.05889e-03,2.57052e-03,1.30
30,186,5.25489e-01,4.32840e-01,2.05879e-03,2.56754e-03,1.30
30,187,5.25399e-01,4.33240e-01,2.05877e-03,2.56859e-03,1.28
30,188,5.25640e-01,4.32120e-01,2.05845e-03,2.56799e-03,1.28
30,189,5.25547e-01,4.33780e-01,2.05855e-03,2.56405e-03,1.28
30,190,5.25508e-01,4.34540e-01,2.05842e-03,2.56849e-03,1.31
30,191,5.25490e-01,4.32480e-01,2.05855e-03,2.56940e-03,1.32
30,192,5.25604e-01,4.33560e-01,2.05870e-03,2.56703e-03,1.30
30,193,5.25656e-01,4.32340e-01,2.05829e-03,2.56661e-03,1.31
30,194,5.25526e-01,4.33640e-01,2.05816e-03,2.56964e-03,1.31
30,195,5.25650e-01,4.32180e-01,2.05845e-03,2.56908e-03,1.32
30,196,5.25625e-01,4.32620e-01,2.05813e-03,2.56821e-03,1.32
30,197,5.25433e-01,4.34020e-01,2.05776e-03,2.56755e-03,1.31
30,198,5.25498e-01,4.33920e-01,2.05811e-03,2.56695e-03,1.31
30,199,5.25898e-01,4.32980e-01,2.05753e-03,2.56752e-03,1.32
30,200,5.25376e-01,4.33720e-01,2.05803e-03,2.57223e-03,1.31
40,1,2.92573e-01,3.38280e-01,3.53605e-03,3.10194e-03,9.77
40,2,3.97340e-01,3.73540e-01,2.74841e-03,2.88662e-03,1.32
40,3,4.28128e-01,3.91380e-01,2.57204e-03,2.79109e-03,1.32
40,4,4.46259e-01,4.00720e-01,2.47267e-03,2.73089e-03,1.33
40,5,4.58954e-01,4.09700e-01,2.40423e-03,2.68973e-03,1.33
40,6,4.68249e-01,4.12940e-01,2.35345e-03,2.66219e-03,1.32
40,7,4.75886e-01,4.16800e-01,2.31331e-03,2.63738e-03,1.32
40,8,4.82262e-01,4.19540e-01,2.28049e-03,2.62197e-03,1.32
40,9,4.87413e-01,4.24720e-01,2.25325e-03,2.60252e-03,1.32
40,10,4.91467e-01,4.26880e-01,2.22921e-03,2.59111e-03,1.32
40,11,4.95807e-01,4.29500e-01,2.20831e-03,2.57591e-03,1.32
40,12,4.99083e-01,4.32100e-01,2.19036e-03,2.56721e-03,1.32
40,13,5.02362e-01,4.32140e-01,2.17424e-03,2.56115e-03,1.32
40,14,5.05256e-01,4.33480e-01,2.15929e-03,2.55232e-03,1.32
40,15,5.07667e-01,4.35540e-01,2.14626e-03,2.54788e-03,1.32
40,16,5.09790e-01,4.34660e-01,2.13429e-03,2.54251e-03,1.32
40,17,5.12260e-01,4.37180e-01,2.12315e-03,2.53546e-03,1.32
40,18,5.14053e-01,4.37420e-01,2.11346e-03,2.52895e-03,1.32
40,19,5.15734e-01,4.39980e-01,2.10407e-03,2.52618e-03,1.32
40,20,5.17212e-01,4.39840e-01,2.09551e-03,2.52025e-03,1.31
40,21,5.19038e-01,4.41460e-01,2.08743e-03,2.51617e-03,1.32
40,22,5.20600e-01,4.42420e-01,2.07959e-03,2.51127e-03,1.32
40,23,5.21298e-01,4.43920e-01,2.07285e-03,2.50813e-03,1.31
40,24,5.23045e-01,4.44700e-01,2.06640e-03,2.50645e-03,1.32
40,25,5.24123e-01,4.43680e-01,2.06049e-03,2.50360e-03,1.32
40,26,5.25239e-01,4.43780e-01,2.05438e-03,2.50030e-03,1.32
40,27,5.26150e-01,4.45280e-01,2.04909e-03,2.49509e-03,1.32
40,28,5.27525e-01,4.44240e-01,2.04349e-03,2.49485e-03,1.32
40,29,5.28051e-01,4.45500e-01,2.03873e-03,2.49225e-03,1.32
40,30,5.29056e-01,4.45820e-01,2.03427e-03,2.49210e-03,1.31
40,31,5.30088e-01,4.48100e-01,2.02991e-03,2.48869e-03,1.33
40,32,5.30809e-01,4.47240e-01,2.02567e-03,2.49095e-03,1.31
40,33,5.31583e-01,4.45500e-01,2.02183e-03,2.48943e-03,1.30
40,34,5.32461e-01,4.46040e-01,2.01803e-03,2.48433e-03,1.32
40,35,5.32994e-01,4.47180e-01,2.01428e-03,2.48387e-03,1.32
40,36,5.33779e-01,4.46520e-01,2.01084e-03,2.48359e-03,1.31
40,37,5.34456e-01,4.49360e-01,2.00792e-03,2.47925e-03,1.31
40,38,5.35025e-01,4.50200e-01,2.00442e-03,2.47888e-03,1.31
40,39,5.35636e-01,4.47880e-01,2.00181e-03,2.47633e-03,1.31
40,40,5.36258e-01,4.48880e-01,1.99842e-03,2.47492e-03,1.31
40,41,5.36606e-01,4.49380e-01,1.99633e-03,2.47373e-03,1.30
40,42,5.36974e-01,4.49720e-01,1.99329e-03,2.47619e-03,1.30
40,43,5.37853e-01,4.49280e-01,1.99095e-03,2.47225e-03,1.31
40,44,5.38066e-01,4.51180e-01,1.98868e-03,2.47090e-03,1.32
40,45,5.38418e-01,4.50800e-01,1.98584e-03,2.47149e-03,1.30
40,46,5.39037e-01,4.50360e-01,1.98388e-03,2.47130e-03,1.30
40,47,5.39781e-01,4.51940e-01,1.98182e-03,2.47094e-03,1.31
40,48,5.40135e-01,4.51160e-01,1.97956e-03,2.46452e-03,1.32
40,49,5.40178e-01,4.51500e-01,1.97743e-03,2.46711e-03,1.33
40,50,5.40462e-01,4.51080e-01,1.97574e-03,2.46629e-03,1.31
40,51,5.41105e-01,4.52760e-01,1.97383e-03,2.46344e-03,1.32
40,52,5.41445e-01,4.51800e-01,1.97190e-03,2.46429e-03,1.31
40,53,5.41481e-01,4.51420e-01,1.97016e-03,2.46744e-03,1.31
40,54,5.41543e-01,4.51360e-01,1.96867e-03,2.46345e-03,1.32
40,55,5.42265e-01,4.51720e-01,1.96700e-03,2.46582e-03,1.32
40,56,5.42670e-01,4.51280e-01,1.96540e-03,2.46219e-03,1.32
40,57,5.42737e-01,4.50820e-01,1.96387e-03,2.46672e-03,1.31
40,58,5.43200e-01,4.51560e-01,1.96256e-03,2.46061e-03,1.32
40,59,5.43693e-01,4.53540e-01,1.96113e-03,2.46196e-03,1.31
40,60,5.43587e-01,4.51700e-01,1.95960e-03,2.46151e-03,1.31
40,61,5.43856e-01,4.51120e-01,1.95860e-03,2.45891e-03,1.31
40,62,5.44067e-01,4.53100e-01,1.95684e-03,2.45980e-03,1.32
40,63,5.44432e-01,4.51840e-01,1.95582e-03,2.45817e-03,1.31
40,64,5.44699e-01,4.53080e-01,1.95482e-03,2.45812e-03,1.32
40,65,5.44815e-01,4.54340e-01,1.95342e-03,2.45727e-03,1.31
40,66,5.45020e-01,4.52680e-01,1.95253e-03,2.45732e-03,1.32
40,67,5.45125e-01,4.53620e-01,1.95123e-03,2.45550e-03,1.31
40,68,5.45624e-01,4.52380e-01,1.95029e-03,2.45557e-03,1.32
40,69,5.45720e-01,4.51560e-01,1.94934e-03,2.45931e-03,1.31
40,70,5.46201e-01,4.52380e-01,1.94850e-03,2.45735e-03,1.31
40,71,5.45913e-01,4.52760e-01,1.94725e-03,2.45527e-03,1.32
40,72,5.46495e-01,4.53400e-01,1.94627e-03,2.45615e-03,1.32
40,73,5.46636e-01,4.54000e-01,1.94552e-03,2.45273e-03,1.31
40,74,5.46947e-01,4.52980e-01,1.94435e-03,2.45531e-03,1.31
40,75,5.46762e-01,4.55180e-01,1.94367e-03,2.45258e-03,1.31
40,76,5.47017e-01,4.54420e-01,1.94240e-03,2.45456e-03,1.31
40,77,5.47093e-01,4.52300e-01,1.94186e-03,2.45567e-03,1.31
40,78,5.47361e-01,4.53680e-01,1.94121e-03,2.45406e-03,1.32
40,79,5.47574e-01,4.54380e-01,1.94012e-03,2.45406e-03,1.32
40,80,5.47314e-01,4.53100e-01,1.93967e-03,2.45235e-03,1.31
40,81,5.47584e-01,4.54960e-01,1.93886e-03,2.45155e-03,1.31
40,82,5.47851e-01,4.52260e-01,1.93822e-03,2.45687e-03,1.32
40,83,5.47858e-01,4.53020e-01,1.93786e-03,2.45650e-03,1.31
40,84,5.48173e-01,4.54300e-01,1.93693e-03,2.45149e-03,1.31
40,85,5.48313e-01,4.54780e-01,1.93604e-03,2.45266e-03,1.31
40,86,5.48423e-01,4.55080e-01,1.93588e-03,2.44821e-03,1.31
40,87,5.48818e-01,4.52280e-01,1.93484e-03,2.45159e-03,1.32
40,88,5.48481e-01,4.54440e-01,1.93459e-03,2.45066e-03,1.31
40,89,5.48842e-01,4.53440e-01,1.93347e-03,2.45241e-03,1.32
40,90,5.48814e-01,4.53480e-01,1.93347e-03,2.44951e-03,1.31
40,91,5.49001e-01,4.54120e-01,1.93290e-03,2.45143e-03,1.32
40,92,5.48928e-01,4.54380e-01,1.93217e-03,2.45078e-03,1.31
40,93,5.49209e-01,4.55340e-01,1.93146e-03,2.45046e-03,1.31
40,94,5.49521e-01,4.54740e-01,1.93118e-03,2.44861e-03,1.31
40,95,5.49392e-01,4.55140e-01,1.93086e-03,2.45152e-03,1.31
40,96,5.49608e-01,4.53160e-01,1.93016e-03,2.45143e-03,1.32
40,97,5.49289e-01,4.52580e-01,1.92986e-03,2.45189e-03,1.32
40,98,5.49567e-01,4.53980e-01,1.92904e-03,2.45112e-03,1.31
40,99,5.49707e-01,4.52820e-01,1.92902e-03,2.45407e-03,1.31
40,100,5.49459e-01,4.55080e-01,1.92860e-03,2.44845e-03,1.32
40,101,5.49945e-01,4.54100e-01,1.92799e-03,2.44585e-03,1.31
40,102,5.49861e-01,4.54440e-01,1.92785e-03,2.45065e-03,1.31
40,103,5.50137e-01,4.55060e-01,1.92716e-03,2.45261e-03,1.31
40,104,5.50073e-01,4.54720e-01,1.92672e-03,2.44877e-03,1.32
40,105,5.50239e-01,4.53560e-01,1.92650e-03,2.44873e-03,1.32
40,106,5.50434e-01,4.53560e-01,1.92581e-03,2.44898e-03,1.32
40,107,5.50280e-01,4.54380e-01,1.92589e-03,2.45049e-03,1.32
40,108,5.50448e-01,4.55120e-01,1.92517e-03,2.44898e-03,1.31
40,109,5.50434e-01,4.54380e-01,1.92487e-03,2.44807e-03,1.31
40,110,5.50618e-01,4.54340e-01,1.92472e-03,2.44629e-03,1.32
40,111,5.50977e-01,4.55500e-01,1.92422e-03,2.44890e-03,1.32
40,112,5.50541e-01,4.54700e-01,1.92381e-03,2.44566e-03,1.32
40,113,5.50974e-01,4.54200e-01,1.92358e-03,2.44721e-03,1.31
40,114,5.50803e-01,4.56160e-01,1.92321e-03,2.44448e-03,1.32
40,115,5.50599e-01,4.55220e-01,1.92305e-03,2.44702e-03,1.31
40,116,5.50663e-01,4.54060e-01,1.92296e-03,2.44744e-03,1.31
40,117,5.51165e-01,4.55060e-01,1.92227e-03,2.44965e-03,1.31
40,118,5.51117e-01,4.55840e-01,1.92228e-03,2.44955e-03,1.31
40,119,5.51208e-01,4.55380e-01,1.92188e-03,2.44903e-03,1.30
40,120,5.51070e-01,4.55660e-01,1.92180e-03,2.44328e-03,1.32
40,121,5.51368e-01,4.55940e-01,1.92126e-03,2.44659e-03,1.30
40,122,5.51352e-01,4.54120e-01,1.92094e-03,2.44966e-03,1.31
40,123,5.51083e-01,4.54660e-01,1.92079e-03,2.44704e-03,1.31
40,124,5.51406e-01,4.54100e-01,1.92041e-03,2.44841e-03,1.32
40,125,5.51169e-01,4.54600e-01,1.92031e-03,2.44773e-03,1.31
40,126,5.51155e-01,4.55040e-01,1.92038e-03,2.44662e-03,1.32
40,127,5.51347e-01,4.55660e-01,1.92006e-03,2.44662e-03,1.31
40,128,5.51601e-01,4.54100e-01,1.91959e-03,2.45011e-03,1.32
40,129,5.51766e-01,4.55100e-01,1.91947e-03,2.44565e-03,1.30
40,130,5.51155e-01,4.54400e-01,1.91964e-03,2.44625e-03,1.32
40,131,5.51473e-01,4.54880e-01,1.91915e-03,2.44734e-03,1.32
40,132,5.51471e-01,4.54620e-01,1.91886e-03,2.44406e-03,1.32
40,133,5.51557e-01,4.55100e-01,1.91856e-03,2.44719e-03,1.32
40,134,5.51714e-01,4.54440e-01,1.91864e-03,2.44491e-03,1.31
40,135,5.51782e-01,4.55120e-01,1.91843e-03,2.44773e-03,1.32
40,136,5.51537e-01,4.55520e-01,1.91807e-03,2.44648e-03,1.31
40,137,5.51983e-01,4.55680e-01,1.91793e-03,2.44458e-03,1.31
40,138,5.52072e-01,4.55340e-01,1.91770e-03,2.44417e-03,1.32
40,139,5.51781e-01,4.53080e-01,1.91729e-03,2.44519e-03,1.32
40,140,5.51817e-01,4.55760e-01,1.91773e-03,2.44755e-03,1.32
40,141,5.52064e-01,4.54800e-01,1.91728e-03,2.44615e-03,1.32
40,142,5.51953e-01,4.55200e-01,1.91684e-03,2.44816e-03,1.30
40,143,5.52307e-01,4.54800e-01,1.91693e-03,2.44516e-03,1.31
40,144,5.52112e-01,4.56840e-01,1.91662e-03,2.44334e-03,1.32
40,145,5.51824e-01,4.56860e-01,1.91656e-03,2.44393e-03,1.31
40,146,5.52196e-01,4.55540e-01,1.91626e-03,2.44477e-03,1.30
40,147,5.51984e-01,4.56200e-01,1.91607e-03,2.44289e-03,1.31
40,148,5.52371e-01,4.55780e-01,1.91623e-03,2.44593e-03,1.32
40,149,5.52627e-01,4.53380e-01,1.91576e-03,2.44712e-03,1.31
40,150,5.52226e-01,4.56640e-01,1.91575e-03,2.44570e-03,1.31
40,151,5.52254e-01,4.55780e-01,1.91587e-03,2.44531e-03,1.32
40,152,5.52151e-01,4.54120e-01,1.91552e-03,2.44579e-03,1.31
40,153,5.52528e-01,4.55760e-01,1.91569e-03,2.44178e-03,1.31
40,154,5.52653e-01,4.55100e-01,1.91518e-03,2.44489e-03,1.31
40,155,5.52375e-01,4.54480e-01,1.91515e-03,2.44420e-03,1.32
40,156,5.52015e-01,4.55300e-01,1.91484e-03,2.44659e-03,1.32
40,157,5.52516e-01,4.55680e-01,1.91500e-03,2.44420e-03,1.31
40,158,5.52487e-01,4.55200e-01,1.91474e-03,2.44653e-03,1.31
40,159,5.52466e-01,4.55260e-01,1.91459e-03,2.44275e-03,1.32
40,160,5.52511e-01,4.54400e-01,1.91469e-03,2.44675e-03,1.31
40,161,5.52622e-01,4.56300e-01,1.91476e-03,2.44155e-03,1.31
40,162,5.52285e-01,4.56260e-01,1.91450e-03,2.44467e-03,1.30
40,163,5.52709e-01,4.54380e-01,1.91437e-03,2.44781e-03,1.30
40,164,5.52533e-01,4.57380e-01,1.91396e-03,2.44044e-03,1.30
40,165,5.53033e-01,4.54400e-01,1.91443e-03,2.44638e-03,1.30
40,166,5.52470e-01,4.54460e-01,1.91404e-03,2.44622e-03,1.30
40,167,5.52961e-01,4.53920e-01,1.91381e-03,2.44537e-03,1.31
40,168,5.52698e-01,4.56920e-01,1.91387e-03,2.44428e-03,1.31
40,169,5.52638e-01,4.55980e-01,1.91369e-03,2.44533e-03,1.30
40,170,5.52631e-01,4.57180e-01,1.91380e-03,2.44531e-03,1.31
40,171,5.52720e-01,4.55380e-01,1.91355e-03,2.44258e-03,1.33
40,172,5.52746e-01,4.56360e-01,1.91357e-03,2.44362e-03,1.32
40,173,5.52658e-01,4.55080e-01,1.91344e-03,2.44426e-03,1.31
40,174,5.52883e-01,4.55520e-01,1.91355e-03,2.44479e-03,1.31
40,175,5.52620e-01,4.52860e-01,1.91322e-03,2.44756e-03,1.31
40,176,5.52878e-01,4.56180e-01,1.91327e-03,2.44402e-03,1.30
40,177,5.52405e-01,4.54520e-01,1.91322e-03,2.44303e-03,1.31
40,178,5.52531e-01,4.55380e-01,1.91316e-03,2.44359e-03,1.31
40,179,5.52701e-01,4.56900e-01,1.91293e-03,2.44335e-03,1.31
40,180,5.52915e-01,4.54900e-01,1.91297e-03,2.44250e-03,1.30
40,181,5.53086e-01,4.56840e-01,1.91300e-03,2.44065e-03,1.32
40,182,5.53127e-01,4.56860e-01,1.91211e-03,2.44461e-03,1.30
40,183,5.52680e-01,4.54780e-01,1.91241e-03,2.44417e-03,1.31
40,184,5.52877e-01,4.55740e-01,1.91279e-03,2.44400e-03,1.32
40,185,5.53029e-01,4.55480e-01,1.91281e-03,2.44423e-03,1.31
40,186,5.52881e-01,4.55720e-01,1.91251e-03,2.44352e-03,1.30
40,187,5.52970e-01,4.55120e-01,1.91228e-03,2.44329e-03,1.33
40,188,5.53128e-01,4.56000e-01,1.91229e-03,2.44290e-03,1.31
40,189,5.53057e-01,4.55180e-01,1.91226e-03,2.44479e-03,1.30
40,190,5.52851e-01,4.55760e-01,1.91237e-03,2.44225e-03,1.30
40,191,5.53036e-01,4.55620e-01,1.91253e-03,2.44329e-03,1.31
40,192,5.52733e-01,4.54660e-01,1.91205e-03,2.44423e-03,1.30
40,193,5.53126e-01,4.56240e-01,1.91189e-03,2.44147e-03,1.29
40,194,5.53002e-01,4.55160e-01,1.91197e-03,2.44484e-03,1.29
40,195,5.53064e-01,4.55120e-01,1.91215e-03,2.44508e-03,1.30
40,196,5.52937e-01,4.56400e-01,1.91204e-03,2.44387e-03,1.31
40,197,5.53207e-01,4.55720e-01,1.91205e-03,2.44121e-03,1.31
40,198,5.52933e-01,4.55980e-01,1.91184e-03,2.44321e-03,1.32
40,199,5.53118e-01,4.54640e-01,1.91185e-03,2.44305e-03,1.32
40,200,5.52940e-01,4.55800e-01,1.91211e-03,2.44363e-03,1.29
50,1,3.12499e-01,3.56220e-01,3.40295e-03,2.98423e-03,9.75
50,2,4.15999e-01,3.89640e-01,2.63189e-03,2.78424e-03,1.31
50,3,4.46068e-01,4.07640e-01,2.46466e-03,2.68969e-03,1.32
50,4,4.64014e-01,4.16880e-01,2.36923e-03,2.63645e-03,1.30
50,5,4.76230e-01,4.23860e-01,2.30417e-03,2.59627e-03,1.31
50,6,4.85238e-01,4.29380e-01,2.25503e-03,2.56703e-03,1.30
50,7,4.92456e-01,4.33040e-01,2.21654e-03,2.54145e-03,1.30
50,8,4.98627e-01,4.35360e-01,2.18480e-03,2.52853e-03,1.31
50,9,5.03954e-01,4.39680e-01,2.15781e-03,2.51296e-03,1.30
50,10,5.07721e-01,4.40020e-01,2.13547e-03,2.49949e-03,1.30
50,11,5.12144e-01,4.44200e-01,2.11548e-03,2.48629e-03,1.32
50,12,5.15479e-01,4.44620e-01,2.09796e-03,2.47649e-03,1.33
50,13,5.18381e-01,4.46480e-01,2.08238e-03,2.47012e-03,1.32
50,14,5.21255e-01,4.50380e-01,2.06830e-03,2.45911e-03,1.31
50,15,5.23649e-01,4.49160e-01,2.05544e-03,2.45711e-03,1.33
50,16,5.26000e-01,4.49260e-01,2.04362e-03,2.45309e-03,1.33
50,17,5.27904e-01,4.51780e-01,2.03302e-03,2.44475e-03,1.33
50,18,5.29936e-01,4.52940e-01,2.02323e-03,2.44128e-03,1.30
50,19,5.31545e-01,4.53340e-01,2.01475e-03,2.43530e-03,1.32
50,20,5.33643e-01,4.55320e-01,2.00617e-03,2.43217e-03,1.32
50,21,5.34919e-01,4.55680e-01,1.99834e-03,2.42869e-03,1.31
50,22,5.36136e-01,4.55000e-01,1.99105e-03,2.42546e-03,1.32
50,23,5.37629e-01,4.55920e-01,1.98431e-03,2.42302e-03,1.32
50,24,5.38764e-01,4.56800e-01,1.97803e-03,2.41733e-03,1.32
50,25,5.40033e-01,4.57220e-01,1.97203e-03,2.41885e-03,1.31
50,26,5.41031e-01,4.57900e-01,1.96638e-03,2.41704e-03,1.33
50,27,5.41918e-01,4.58120e-01,1.96114e-03,2.41494e-03,1.33
50,28,5.42924e-01,4.59360e-01,1.95649e-03,2.41119e-03,1.32
50,29,5.44241e-01,4.58140e-01,1.95097e-03,2.41425e-03,1.30
50,30,5.44949e-01,4.60140e-01,1.94714e-03,2.40466e-03,1.32
50,31,5.45870e-01,4.60380e-01,1.94269e-03,2.40564e-03,1.32
50,32,5.46631e-01,4.60660e-01,1.93906e-03,2.40165e-03,1.31
50,33,5.47214e-01,4.60960e-01,1.93512e-03,2.39960e-03,1.32
50,34,5.47779e-01,4.60160e-01,1.93086e-03,2.40004e-03,1.30
50,35,5.48781e-01,4.61580e-01,1.92781e-03,2.39914e-03,1.30
50,36,5.49146e-01,4.62300e-01,1.92447e-03,2.39908e-03,1.30
50,37,5.49704e-01,4.59900e-01,1.92175e-03,2.39808e-03,1.32
50,38,5.50612e-01,4.62360e-01,1.91836e-03,2.39764e-03,1.32
50,39,5.51153e-01,4.61200e-01,1.91531e-03,2.39696e-03,1.32
50,40,5.51954e-01,4.63320e-01,1.91258e-03,2.39309e-03,1.32
50,41,5.52467e-01,4.60880e-01,1.90998e-03,2.39141e-03,1.31
50,42,5.52609e-01,4.62080e-01,1.90768e-03,2.39120e-03,1.31
50,43,5.52952e-01,4.61900e-01,1.90547e-03,2.38670e-03,1.31
50,44,5.53716e-01,4.64040e-01,1.90273e-03,2.38633e-03,1.31
50,45,5.53836e-01,4.63780e-01,1.90038e-03,2.38723e-03,1.31
50,46,5.54579e-01,4.63000e-01,1.89826e-03,2.39030e-03,1.32
50,47,5.55051e-01,4.63960e-01,1.89630e-03,2.38651e-03,1.31
50,48,5.55465e-01,4.63900e-01,1.89418e-03,2.38747e-03,1.31
50,49,5.55814e-01,4.62680e-01,1.89218e-03,2.38830e-03,1.33
50,50,5.56417e-01,4.64520e-01,1.89024e-03,2.38596e-03,1.32
50,51,5.56576e-01,4.63500e-01,1.88895e-03,2.38539e-03,1.30
50,52,5.56714e-01,4.63940e-01,1.88708e-03,2.38645e-03,1.31
50,53,5.56761e-01,4.65220e-01,1.88533e-03,2.38365e-03,1.31
50,54,5.57459e-01,4.65400e-01,1.88380e-03,2.38256e-03,1.31
50,55,5.57903e-01,4.65980e-01,1.88206e-03,2.38247e-03,1.31
50,56,5.57722e-01,4.64700e-01,1.88062e-03,2.38191e-03,1.31
50,57,5.58286e-01,4.65100e-01,1.87931e-03,2.38376e-03,1.31
50,58,5.58511e-01,4.64600e-01,1.87793e-03,2.37927e-03,1.31
50,59,5.59005e-01,4.64840e-01,1.87648e-03,2.37711e-03,1.30
50,60,5.58996e-01,4.65860e-01,1.87515e-03,2.38119e-03,1.31
50,61,5.59395e-01,4.66760e-01,1.87389e-03,2.38066e-03,1.31
50,62,5.59675e-01,4.65640e-01,1.87255e-03,2.38131e-03,1.31
50,63,5.59747e-01,4.67860e-01,1.87166e-03,2.38053e-03,1.32
50,64,5.59586e-01,4.67480e-01,1.87031e-03,2.37860e-03,1.31
50,65,5.60320e-01,4.67820e-01,1.86934e-03,2.37669e-03,1.31
50,66,5.60490e-01,4.66220e-01,1.86793e-03,2.37975e-03,1.30
50,67,5.60522e-01,4.67180e-01,1.86711e-03,2.37745e-03,1.31
50,68,5.60701e-01,4.66200e-01,1.86603e-03,2.37897e-03,1.31
50,69,5.60899e-01,4.66980e-01,1.86516e-03,2.37834e-03,1.30
50,70,5.61408e-01,4.66420e-01,1.86407e-03,2.37676e-03,1.31
50,71,5.61406e-01,4.66220e-01,1.86332e-03,2.37609e-03,1.31
50,72,5.61605e-01,4.67680e-01,1.86247e-03,2.37554e-03,1.31
50,73,5.61674e-01,4.67280e-01,1.86151e-03,2.37792e-03,1.31
50,74,5.61906e-01,4.67020e-01,1.86069e-03,2.37697e-03,1.31
50,75,5.61736e-01,4.68320e-01,1.86002e-03,2.37281e-03,1.31
50,76,5.62077e-01,4.66160e-01,1.85905e-03,2.37290e-03,1.31
50,77,5.62625e-01,4.68440e-01,1.85820e-03,2.37412e-03,1.31
50,78,5.62447e-01,4.67600e-01,1.85754e-03,2.37348e-03,1.31
50,79,5.62570e-01,4.67880e-01,1.85709e-03,2.37332e-03,1.30
50,80,5.62483e-01,4.67320e-01,1.85599e-03,2.37415e-03,1.31
50,81,5.63123e-01,4.65980e-01,1.85542e-03,2.37413e-03,1.31
50,82,5.62916e-01,4.67780e-01,1.85490e-03,2.37282e-03,1.31
50,83,5.63067e-01,4.66140e-01,1.85438e-03,2.37306e-03,1.31
50,84,5.63179e-01,4.68360e-01,1.85363e-03,2.37219e-03,1.32
50,85,5.63481e-01,4.67640e-01,1.85271e-03,2.37031e-03,1.31
50,86,5.63357e-01,4.68300e-01,1.85229e-03,2.37146e-03,1.31
50,87,5.63613e-01,4.67920e-01,1.85176e-03,2.37381e-03,1.30
50,88,5.63783e-01,4.69460e-01,1.85164e-03,2.37079e-03,1.31
50,89,5.63554e-01,4.67260e-01,1.85037e-03,2.37093e-03,1.31
50,90,5.63697e-01,4.66220e-01,1.84995e-03,2.37369e-03,1.31
50,91,5.64165e-01,4.66780e-01,1.84936e-03,2.37470e-03,1.31
50,92,5.64153e-01,4.67940e-01,1.84917e-03,2.37401e-03,1.31
50,93,5.64364e-01,4.67340e-01,1.84818e-03,2.37417e-03,1.31
50,94,5.64407e-01,4.67480e-01,1.84812e-03,2.37095e-03,1.31
50,95,5.64203e-01,4.67680e-01,1.84758e-03,2.36984e-03,1.32
50,96,5.64463e-01,4.67440e-01,1.84732e-03,2.37163e-03,1.32
50,97,5.64820e-01,4.67260e-01,1.84664e-03,2.37251e-03,1.32
50,98,5.64786e-01,4.66340e-01,1.84640e-03,2.36997e-03,1.33
50,99,5.64928e-01,4.67620e-01,1.84571e-03,2.37131e-03,1.32
50,100,5.64859e-01,4.69360e-01,1.84540e-03,2.36950e-03,1.31
50,101,5.64928e-01,4.67840e-01,1.84476e-03,2.37039e-03,1.32
50,102,5.65257e-01,4.66780e-01,1.84482e-03,2.37174e-03,1.32
50,103,5.65047e-01,4.68760e-01,1.84433e-03,2.37070e-03,1.32
50,104,5.65221e-01,4.68680e-01,1.84386e-03,2.37027e-03,1.32
50,105,5.65598e-01,4.70060e-01,1.84363e-03,2.36770e-03,1.31
50,106,5.65171e-01,4.68020e-01,1.84298e-03,2.37068e-03,1.32
50,107,5.65435e-01,4.68480e-01,1.84293e-03,2.37112e-03,1.32
50,108,5.65445e-01,4.68920e-01,1.84247e-03,2.37051e-03,1.31
50,109,5.65707e-01,4.68360e-01,1.84215e-03,2.36804e-03,1.31
50,110,5.65568e-01,4.69020e-01,1.84196e-03,2.36929e-03,1.32
50,111,5.65840e-01,4.67560e-01,1.84143e-03,2.36855e-03,1.32
50,112,5.65655e-01,4.67980e-01,1.84108e-03,2.37054e-03,1.31
50,113,5.65528e-01,4.68720e-01,1.84107e-03,2.36861e-03,1.31
50,114,5.65768e-01,4.68860e-01,1.84045e-03,2.36910e-03,1.31
50,115,5.65791e-01,4.68920e-01,1.84042e-03,2.37145e-03,1.31
50,116,5.66188e-01,4.67000e-01,1.84015e-03,2.37226e-03,1.31
50,117,5.65908e-01,4.69080e-01,1.83995e-03,2.36763e-03,1.31
50,118,5.65930e-01,4.67580e-01,1.83963e-03,2.37023e-03,1.31
50,119,5.66005e-01,4.68640e-01,1.83946e-03,2.36988e-03,1.31
50,120,5.66228e-01,4.67440e-01,1.83901e-03,2.37115e-03,1.31
50,121,5.66142e-01,4.69220e-01,1.83832e-03,2.36731e-03,1.31
50,122,5.66228e-01,4.68260e-01,1.83849e-03,2.37017e-03,1.31
50,123,5.66202e-01,4.68420e-01,1.83816e-03,2.36776e-03,1.31
50,124,5.66205e-01,4.67740e-01,1.83819e-03,2.37173e-03,1.31
50,125,5.66492e-01,4.67000e-01,1.83770e-03,2.37050e-03,1.31
50,126,5.66257e-01,4.68000e-01,1.83756e-03,2.37039e-03,1.31
50,127,5.66217e-01,4.68140e-01,1.83749e-03,2.36903e-03,1.31
50,128,5.66202e-01,4.68720e-01,1.83697e-03,2.36767e-03,1.31
50,129,5.66775e-01,4.67520e-01,1.83696e-03,2.36878e-03,1.31
50,130,5.66638e-01,4.68840e-01,1.83643e-03,2.36986e-03,1.31
50,131,5.66706e-01,4.67820e-01,1.83654e-03,2.36819e-03,1.31
50,132,5.66965e-01,4.68700e-01,1.83635e-03,2.36701e-03,1.31
50,133,5.66923e-01,4.68560e-01,1.83639e-03,2.36874e-03,1.31
50,134,5.66908e-01,4.66500e-01,1.83587e-03,2.37010e-03,1.31
50,135,5.66767e-01,4.68860e-01,1.83599e-03,2.36792e-03,1.31
50,136,5.66694e-01,4.66460e-01,1.83580e-03,2.36765e-03,1.31
50,137,5.66964e-01,4.69220e-01,1.83549e-03,2.36768e-03,1.32
50,138,5.66646e-01,4.68040e-01,1.83533e-03,2.36867e-03,1.31
50,139,5.66916e-01,4.68860e-01,1.83565e-03,2.37130e-03,1.31
50,140,5.66917e-01,4.69600e-01,1.83502e-03,2.36565e-03,1.31
50,141,5.66649e-01,4.69220e-01,1.83487e-03,2.36381e-03,1.31
50,142,5.66671e-01,4.69580e-01,1.83505e-03,2.36600e-03,1.32
50,143,5.66935e-01,4.68960e-01,1.83476e-03,2.36398e-03,1.32
50,144,5.67035e-01,4.68880e-01,1.83462e-03,2.37012e-03,1.31
50,145,5.67175e-01,4.69140e-01,1.83417e-03,2.36657e-03,1.32
50,146,5.67445e-01,4.67980e-01,1.83433e-03,2.36857e-03,1.30
50,147,5.66878e-01,4.68020e-01,1.83417e-03,2.36627e-03,1.31
50,148,5.67138e-01,4.67460e-01,1.83388e-03,2.36798e-03,1.32
50,149,5.67145e-01,4.68320e-01,1.83383e-03,2.36871e-03,1.31
50,150,5.67078e-01,4.68300e-01,1.83358e-03,2.36709e-03,1.31
50,151,5.67356e-01,4.68520e-01,1.83333e-03,2.36859e-03,1.30
50,152,5.67449e-01,4.68520e-01,1.83331e-03,2.36930e-03,1.30
50,153,5.67205e-01,4.68520e-01,1.83309e-03,2.36887e-03,1.32
50,154,5.67412e-01,4.69560e-01,1.83323e-03,2.36572e-03,1.30
50,155,5.67259e-01,4.69120e-01,1.83309e-03,2.36482e-03,1.32
50,156,5.67371e-01,4.66480e-01,1.83294e-03,2.36795e-03,1.31
50,157,5.67572e-01,4.68960e-01,1.83264e-03,2.36596e-03,1.31
50,158,5.67311e-01,4.68380e-01,1.83287e-03,2.36702e-03,1.31
50,159,5.67761e-01,4.68140e-01,1.83272e-03,2.36508e-03,1.32
50,160,5.67168e-01,4.68600e-01,1.83264e-03,2.36898e-03,1.30
50,161,5.67433e-01,4.69340e-01,1.83242e-03,2.36776e-03,1.31
50,162,5.67361e-01,4.68840e-01,1.83229e-03,2.36767e-03,1.32
50,163,5.67513e-01,4.68880e-01,1.83238e-03,2.36506e-03,1.31
50,164,5.67548e-01,4.68700e-01,1.83214e-03,2.36563e-03,1.30
50,165,5.67523e-01,4.70120e-01,1.83205e-03,2.36373e-03,1.30
50,166,5.67449e-01,4.68780e-01,1.83185e-03,2.36744e-03,1.32
50,167,5.67544e-01,4.68920e-01,1.83181e-03,2.36881e-03,1.31
50,168,5.67636e-01,4.69840e-01,1.83180e-03,2.36690e-03,1.32
50,169,5.67592e-01,4.69540e-01,1.83160e-03,2.36777e-03,1.31
50,170,5.67871e-01,4.69800e-01,1.83167e-03,2.36478e-03,1.32
50,171,5.67573e-01,4.69100e-01,1.83158e-03,2.36430e-03,1.37
50,172,5.67700e-01,4.69600e-01,1.83141e-03,2.36532e-03,1.33
50,173,5.67751e-01,4.69760e-01,1.83126e-03,2.36690e-03,1.32
50,174,5.67707e-01,4.68960e-01,1.83121e-03,2.36785e-03,1.32
50,175,5.67664e-01,4.68140e-01,1.83093e-03,2.36857e-03,1.34
50,176,5.67550e-01,4.69120e-01,1.83118e-03,2.36535e-03,1.33
50,177,5.67682e-01,4.70120e-01,1.83120e-03,2.36479e-03,1.33
50,178,5.67810e-01,4.68700e-01,1.83080e-03,2.36519e-03,1.32
50,179,5.67681e-01,4.68740e-01,1.83067e-03,2.36694e-03,1.33
50,180,5.67885e-01,4.70060e-01,1.83118e-03,2.36457e-03,1.33
50,181,5.67702e-01,4.70300e-01,1.83093e-03,2.36570e-03,1.33
50,182,5.68128e-01,4.68440e-01,1.83060e-03,2.36622e-03,1.33
50,183,5.67832e-01,4.68060e-01,1.83055e-03,2.36838e-03,1.32
50,184,5.67618e-01,4.70140e-01,1.83023e-03,2.36346e-03,1.32
50,185,5.67983e-01,4.68680e-01,1.83066e-03,2.36577e-03,1.32
50,186,5.68032e-01,4.69080e-01,1.83038e-03,2.36767e-03,1.32
50,187,5.67805e-01,4.67300e-01,1.83032e-03,2.36402e-03,1.32
50,188,5.68005e-01,4.67240e-01,1.83029e-03,2.36909e-03,1.32
50,189,5.67888e-01,4.69740e-01,1.83035e-03,2.36531e-03,1.32
50,190,5.68054e-01,4.68680e-01,1.83012e-03,2.36427e-03,1.32
50,191,5.67848e-01,4.70040e-01,1.83051e-03,2.36541e-03,1.32
50,192,5.68012e-01,4.69000e-01,1.83004e-03,2.36615e-03,1.32
50,193,5.68176e-01,4.68580e-01,1.83007e-03,2.36494e-03,1.32
50,194,5.67807e-01,4.70040e-01,1.82996e-03,2.36342e-03,1.33
50,195,5.67694e-01,4.68560e-01,1.83006e-03,2.36757e-03,1.32
50,196,5.67643e-01,4.69160e-01,1.83004e-03,2.36521e-03,1.32
50,197,5.68037e-01,4.70720e-01,1.82990e-03,2.36232e-03,1.32
50,198,5.68017e-01,4.68180e-01,1.82969e-03,2.36949e-03,1.33
50,199,5.67947e-01,4.69460e-01,1.82980e-03,2.36530e-03,1.32
50,200,5.67992e-01,4.69480e-01,1.82993e-03,2.36490e-03,1.33
60,1,3.25228e-01,3.67740e-01,3.33692e-03,2.90882e-03,9.75
60,2,4.29983e-01,4.03860e-01,2.55759e-03,2.71225e-03,1.32
60,3,4.59788e-01,4.18000e-01,2.39126e-03,2.61911e-03,1.33
60,4,4.77302e-01,4.27660e-01,2.29620e-03,2.56418e-03,1.32
60,5,4.89645e-01,4.35000e-01,2.23171e-03,2.52451e-03,1.32
60,6,4.98829e-01,4.41620e-01,2.18359e-03,2.49902e-03,1.32
60,7,5.06518e-01,4.43980e-01,2.14478e-03,2.47892e-03,1.32
60,8,5.12068e-01,4.49040e-01,2.11361e-03,2.45675e-03,1.32
60,9,5.17339e-01,4.52920e-01,2.08728e-03,2.44189e-03,1.31
60,10,5.21707e-01,4.55040e-01,2.06446e-03,2.43163e-03,1.32
60,11,5.25796e-01,4.55840e-01,2.04520e-03,2.42002e-03,1.31
60,12,5.28863e-01,4.57980e-01,2.02765e-03,2.40995e-03,1.31
60,13,5.32046e-01,4.58620e-01,2.01214e-03,2.40523e-03,1.31
60,14,5.34609e-01,4.60860e-01,1.99864e-03,2.39457e-03,1.31
60,15,5.37170e-01,4.62120e-01,1.98540e-03,2.39137e-03,1.31
60,16,5.39096e-01,4.62400e-01,1.97440e-03,2.38610e-03,1.30
60,17,5.41374e-01,4.62900e-01,1.96391e-03,2.38113e-03,1.31
60,18,5.43261e-01,4.65000e-01,1.95412e-03,2.37555e-03,1.31
60,19,5.45317e-01,4.65740e-01,1.94526e-03,2.37372e-03,1.31
60,20,5.46745e-01,4.66980e-01,1.93746e-03,2.36727e-03,1.31
60,21,5.48198e-01,4.66140e-01,1.92978e-03,2.36570e-03,1.31
60,22,5.49643e-01,4.67360e-01,1.92251e-03,2.36496e-03,1.31
60,23,5.50941e-01,4.67120e-01,1.91569e-03,2.36183e-03,1.32
60,24,5.52034e-01,4.69600e-01,1.90948e-03,2.35318e-03,1.31
60,25,5.53119e-01,4.69120e-01,1.90356e-03,2.35240e-03,1.31
60,26,5.53886e-01,4.69620e-01,1.89824e-03,2.35133e-03,1.31
60,27,5.55174e-01,4.68820e-01,1.89322e-03,2.34707e-03,1.31
60,28,5.55903e-01,4.70380e-01,1.88824e-03,2.34785e-03,1.31
60,29,5.56959e-01,4.69500e-01,1.88389e-03,2.34759e-03,1.31
60,30,5.57922e-01,4.71700e-01,1.87941e-03,2.34503e-03,1.32
60,31,5.58389e-01,4.71320e-01,1.87499e-03,2.34395e-03,1.32
60,32,5.59344e-01,4.71740e-01,1.87106e-03,2.34094e-03,1.32
60,33,5.60123e-01,4.72260e-01,1.86768e-03,2.33844e-03,1.32
60,34,5.61042e-01,4.73260e-01,1.86361e-03,2.33379e-03,1.32
60,35,5.61559e-01,4.71900e-01,1.86001e-03,2.33821e-03,1.31
60,36,5.61779e-01,4.72680e-01,1.85702e-03,2.33522e-03,1.31
60,37,5.62749e-01,4.71540e-01,1.85407e-03,2.33242e-03,1.31
60,38,5.63325e-01,4.73780e-01,1.85089e-03,2.33133e-03,1.31
60,39,5.64099e-01,4.72320e-01,1.84824e-03,2.33015e-03,1.31
60,40,5.64584e-01,4.74840e-01,1.84549e-03,2.33164e-03,1.31
60,41,5.65092e-01,4.72600e-01,1.84299e-03,2.33299e-03,1.31
60,42,5.65299e-01,4.73460e-01,1.84029e-03,2.33014e-03,1.31
60,43,5.66096e-01,4.72720e-01,1.83788e-03,2.33016e-03,1.31
60,44,5.66373e-01,4.73060e-01,1.83588e-03,2.32682e-03,1.31
60,45,5.67191e-01,4.73760e-01,1.83351e-03,2.32772e-03,1.31
60,46,5.67063e-01,4.75040e-01,1.83166e-03,2.32619e-03,1.31
60,47,5.67634e-01,4.74680e-01,1.82935e-03,2.32622e-03,1.31
60,48,5.67871e-01,4.75220e-01,1.82723e-03,2.32650e-03,1.31
60,49,5.68571e-01,4.74640e-01,1.82533e-03,2.32268e-03,1.30
60,50,5.68886e-01,4.75360e-01,1.82370e-03,2.32160e-03,1.31
60,51,5.69315e-01,4.74300e-01,1.82180e-03,2.32134e-03,1.32
60,52,5.69336e-01,4.75140e-01,1.82053e-03,2.32041e-03,1.32
60,53,5.69841e-01,4.75600e-01,1.81858e-03,2.32042e-03,1.32
60,54,5.70292e-01,4.75220e-01,1.81710e-03,2.31974e-03,1.31
60,55,5.70159e-01,4.76000e-01,1.81551e-03,2.31964e-03,1.31
60,56,5.70627e-01,4.75140e-01,1.81484e-03,2.32030e-03,1.31
60,57,5.70746e-01,4.76000e-01,1.81256e-03,2.31932e-03,1.31
60,58,5.71228e-01,4.76460e-01,1.81139e-03,2.31965e-03,1.30
60,59,5.71438e-01,4.75780e-01,1.80995e-03,2.31928e-03,1.31
60,60,5.71634e-01,4.76140e-01,1.80888e-03,2.31937e-03,1.31
60,61,5.71854e-01,4.76860e-01,1.80753e-03,2.31602e-03,1.30
60,62,5.72026e-01,4.75860e-01,1.80646e-03,2.31984e-03,1.31
60,63,5.72241e-01,4.77860e-01,1.80510e-03,2.31243e-03,1.30
60,64,5.72629e-01,4.76440e-01,1.80389e-03,2.31764e-03,1.31
60,65,5.72644e-01,4.76120e-01,1.80300e-03,2.31709e-03,1.31
60,66,5.72988e-01,4.77100e-01,1.80193e-03,2.31558e-03,1.31
60,67,5.73332e-01,4.75900e-01,1.80084e-03,2.31662e-03,1.30
60,68,5.73659e-01,4.76060e-01,1.79943e-03,2.31586e-03,1.30
60,69,5.73784e-01,4.77060e-01,1.79915e-03,2.31329e-03,1.30
60,70,5.73626e-01,4.75760e-01,1.79791e-03,2.31488e-03,1.31
60,71,5.74200e-01,4.76860e-01,1.79720e-03,2.31607e-03,1.31
60,72,5.74269e-01,4.76820e-01,1.79626e-03,2.31565e-03,1.31
60,73,5.74216e-01,4.76000e-01,1.79534e-03,2.31459e-03,1.30
60,74,5.74528e-01,4.76900e-01,1.79484e-03,2.31362e-03,1.30
60,75,5.74827e-01,4.77060e-01,1.79367e-03,2.31306e-03,1.30
60,76,5.74740e-01,4.76800e-01,1.79289e-03,2.31207e-03,1.31
60,77,5.74815e-01,4.76140e-01,1.79232e-03,2.31481e-03,1.33
60,78,5.75131e-01,4.75460e-01,1.79165e-03,2.31242e-03,1.31
60,79,5.75022e-01,4.77600e-01,1.79098e-03,2.31276e-03,1.32
60,80,5.75718e-01,4.76740e-01,1.79047e-03,2.31087e-03,1.32
60,81,5.75334e-01,4.77140e-01,1.78944e-03,2.31003e-03,1.30
60,82,5.75550e-01,4.77740e-01,1.78882e-03,2.30984e-03,1.31
60,83,5.75936e-01,4.76720e-01,1.78827e-03,2.31323e-03,1.30
60,84,5.75955e-01,4.79280e-01,1.78801e-03,2.30908e-03,1.32
60,85,5.75796e-01,4.77680e-01,1.78694e-03,2.31383e-03,1.33
60,86,5.75990e-01,4.77860e-01,1.78657e-03,2.31038e-03,1.32
60,87,5.76101e-01,4.77640e-01,1.78581e-03,2.31126e-03,1.31
60,88,5.76596e-01,4.78120e-01,1.78544e-03,2.31195e-03,1.30
60,89,5.76386e-01,4.77960e-01,1.78475e-03,2.31105e-03,1.30
60,90,5.76237e-01,4.76740e-01,1.78429e-03,2.31367e-03,1.32
60,91,5.76612e-01,4.76380e-01,1.78390e-03,2.31060e-03,1.30
60,92,5.76683e-01,4.78600e-01,1.78362e-03,2.31057e-03,1.30
60,93,5.77029e-01,4.77080e-01,1.78268e-03,2.31065e-03,1.30
60,94,5.76991e-01,4.77940e-01,1.78275e-03,2.30972e-03,1.30
60,95,5.76952e-01,4.78320e-01,1.78154e-03,2.31187e-03,1.30
60,96,5.76791e-01,4.77660e-01,1.78153e-03,2.30878e-03,1.29
60,97,5.77045e-01,4.77440e-01,1.78119e-03,2.31085e-03,1.29
60,98,5.76993e-01,4.78380e-01,1.78046e-03,2.30805e-03,1.31
60,99,5.77377e-01,4.77240e-01,1.78015e-03,2.31134e-03,1.32
60,100,5.77269e-01,4.79260e-01,1.77989e-03,2.30752e-03,1.33
60,101,5.77675e-01,4.78340e-01,1.77927e-03,2.30885e-03,1.32
60,102,5.77729e-01,4.76940e-01,1.77905e-03,2.31047e-03,1.32
60,103,5.77527e-01,4.78020e-01,1.77852e-03,2.30608e-03,1.32
60,104,5.77605e-01,4.77820e-01,1.77845e-03,2.30769e-03,1.32
60,105,5.78047e-01,4.78040e-01,1.77794e-03,2.30724e-03,1.32
60,106,5.77666e-01,4.76840e-01,1.77760e-03,2.31172e-03,1.31
60,107,5.77446e-01,4.75700e-01,1.77711e-03,2.31252e-03,1.30
60,108,5.77936e-01,4.78260e-01,1.77707e-03,2.30516e-03,1.30
60,109,5.77923e-01,4.78840e-01,1.77668e-03,2.30676e-03,1.32
60,110,5.78036e-01,4.77940e-01,1.77606e-03,2.31103e-03,1.31
60,111,5.78217e-01,4.77500e-01,1.77607e-03,2.30763e-03,1.32
60,112,5.78160e-01,4.77260e-01,1.77597e-03,2.30908e-03,1.32
60,113,5.78407e-01,4.77040e-01,1.77533e-03,2.31066e-03,1.32
60,114,5.78427e-01,4.77180e-01,1.77488e-03,2.30900e-03,1.32
60,115,5.77975e-01,4.77600e-01,1.77495e-03,2.30895e-03,1.29
60,116,5.78370e-01,4.76600e-01,1.77459e-03,2.30951e-03,1.29
60,117,5.78743e-01,4.78120e-01,1.77456e-03,2.30811e-03,1.29
60,118,5.78666e-01,4.78140e-01,1.77395e-03,2.30758e-03,1.30
60,119,5.78474e-01,4.78760e-01,1.77380e-03,2.30679e-03,1.31
60,120,5.78816e-01,4.79760e-01,1.77348e-03,2.30508e-03,1.31
60,121,5.78456e-01,4.77700e-01,1.77325e-03,2.30560e-03,1.30
60,122,5.78757e-01,4.77500e-01,1.77310e-03,2.30871e-03,1.30
60,123,5.78764e-01,4.77600e-01,1.77293e-03,2.30845e-03,1.32
60,124,5.78923e-01,4.77160e-01,1.77253e-03,2.30999e-03,1.30
60,125,5.78947e-01,4.77860e-01,1.77231e-03,2.30773e-03,1.29
60,126,5.78764e-01,4.79180e-01,1.77227e-03,2.30849e-03,1.29
60,127,5.79040e-01,4.78560e-01,1.77183e-03,2.30651e-03,1.29
60,128,5.78754e-01,4.79300e-01,1.77188e-03,2.30821e-03,1.30
60,129,5.78881e-01,4.78440e-01,1.77200e-03,2.30850e-03,1.31
60,130,5.78843e-01,4.79100e-01,1.77147e-03,2.30785e-03,1.29
60,131,5.79048e-01,4.77820e-01,1.77113e-03,2.30688e-03,1.29
60,132,5.79283e-01,4.78180e-01,1.77110e-03,2.30676e-03,1.31
60,133,5.79093e-01,4.79080e-01,1.77080e-03,2.30637e-03,1.30
60,134,5.78911e-01,4.79280e-01,1.77070e-03,2.30672e-03,1.29
60,135,5.79305e-01,4.79340e-01,1.77030e-03,2.30647e-03,1.31
60,136,5.79236e-01,4.77800e-01,1.77025e-03,2.30647e-03,1.30
60,137,5.79172e-01,4.76780e-01,1.77055e-03,2.30630e-03,1.29
60,138,5.79481e-01,4.77240e-01,1.77006e-03,2.30539e-03,1.30
60,139,5.79408e-01,4.79040e-01,1.76986e-03,2.30587e-03,1.29
60,140,5.79053e-01,4.77920e-01,1.76986e-03,2.30342e-03,1.30
60,141,5.79552e-01,4.77900e-01,1.76959e-03,2.30702e-03,1.30
60,142,5.79178e-01,4.77220e-01,1.76919e-03,2.30817e-03,1.30
60,143,5.79511e-01,4.77560e-01,1.76934e-03,2.30701e-03,1.31
60,144,5.79622e-01,4.78280e-01,1.76913e-03,2.30556e-03,1.31
60,145,5.79511e-01,4.78500e-01,1.76889e-03,2.30585e-03,1.31
60,146,5.79491e-01,4.77540e-01,1.76872e-03,2.30513e-03,1.30
60,147,5.79657e-01,4.77280e-01,1.76847e-03,2.30896e-03,1.30
60,148,5.79419e-01,4.78980e-01,1.76850e-03,2.30576e-03,1.29
60,149,5.79511e-01,4.78580e-01,1.76853e-03,2.30489e-03,1.30
60,150,5.79785e-01,4.78580e-01,1.76855e-03,2.30662e-03,1.29
60,151,5.79385e-01,4.79500e-01,1.76840e-03,2.30391e-03,1.30
60,152,5.79672e-01,4.76860e-01,1.76804e-03,2.30870e-03,1.30
60,153,5.79612e-01,4.77500e-01,1.76791e-03,2.30869e-03,1.32
60,154,5.79789e-01,4.79760e-01,1.76820e-03,2.30508e-03,1.31
60,155,5.79324e-01,4.77580e-01,1.76741e-03,2.30558e-03,1.31
60,156,5.79929e-01,4.79020e-01,1.76792e-03,2.30578e-03,1.32
60,157,5.79935e-01,4.78380e-01,1.76761e-03,2.30578e-03,1.32
60,158,5.79849e-01,4.77560e-01,1.76742e-03,2.30817e-03,1.32
60,159,5.79743e-01,4.77760e-01,1.76734e-03,2.30673e-03,1.32
60,160,5.79857e-01,4.78760e-01,1.76729e-03,2.30748e-03,1.32
60,161,5.80002e-01,4.78060e-01,1.76704e-03,2.30381e-03,1.30
60,162,5.79720e-01,4.77700e-01,1.76735e-03,2.30505e-03,1.30
60,163,5.79815e-01,4.77880e-01,1.76734e-03,2.30571e-03,1.32
60,164,5.80014e-01,4.77860e-01,1.76690e-03,2.30638e-03,1.33
60,165,5.79711e-01,4.77000e-01,1.76687e-03,2.30440e-03,1.30
60,166,5.79990e-01,4.79320e-01,1.76683e-03,2.30322e-03,1.31
60,167,5.79948e-01,4.77780e-01,1.76665e-03,2.30829e-03,1.31
60,168,5.79746e-01,4.79260e-01,1.76640e-03,2.30294e-03,1.31
60,169,5.79835e-01,4.78280e-01,1.76637e-03,2.30659e-03,1.30
60,170,5.80159e-01,4.79600e-01,1.76615e-03,2.30497e-03,1.31
60,171,5.79791e-01,4.79600e-01,1.76669e-03,2.30144e-03,1.30
60,172,5.80070e-01,4.77540e-01,1.76595e-03,2.30670e-03,1.31
60,173,5.79869e-01,4.79160e-01,1.76643e-03,2.30400e-03,1.32
60,174,5.80039e-01,4.76720e-01,1.76603e-03,2.30464e-03,1.32
60,175,5.80132e-01,4.77980e-01,1.76579e-03,2.30753e-03,1.32
60,176,5.80017e-01,4.79520e-01,1.76593e-03,2.30482e-03,1.31
60,177,5.80099e-01,4.76780e-01,1.76598e-03,2.30510e-03,1.31
60,178,5.80458e-01,4.77640e-01,1.76596e-03,2.30614e-03,1.32
60,179,5.80383e-01,4.77760e-01,1.76587e-03,2.30488e-03,1.32
60,180,5.80116e-01,4.78480e-01,1.76579e-03,2.30331e-03,1.32
60,181,5.80266e-01,4.79500e-01,1.76530e-03,2.30597e-03,1.32
60,182,5.80231e-01,4.77000e-01,1.76570e-03,2.30562e-03,1.32
60,183,5.80245e-01,4.78020e-01,1.76548e-03,2.30503e-03,1.31
60,184,5.80137e-01,4.80200e-01,1.76531e-03,2.30350e-03,1.31
60,185,5.80168e-01,4.78740e-01,1.76523e-03,2.30249e-03,1.30
60,186,5.80278e-01,4.77500e-01,1.76509e-03,2.30564e-03,1.30
60,187,5.80525e-01,4.77500e-01,1.76522e-03,2.30778e-03,1.31
60,188,5.80102e-01,4.79760e-01,1.76516e-03,2.30463e-03,1.32
60,189,5.80257e-01,4.77220e-01,1.76506e-03,2.30772e-03,1.31
60,190,5.80339e-01,4.79720e-01,1.76536e-03,2.30415e-03,1.32
60,191,5.80173e-01,4.77360e-01,1.76484e-03,2.30479e-03,1.32
60,192,5.80367e-01,4.79000e-01,1.76506e-03,2.30071e-03,1.32
60,193,5.80244e-01,4.77920e-01,1.76520e-03,2.30538e-03,1.32
60,194,5.80296e-01,4.80080e-01,1.76485e-03,2.30476e-03,1.32
60,195,5.80305e-01,4.78140e-01,1.76488e-03,2.30482e-03,1.31
60,196,5.80173e-01,4.77820e-01,1.76475e-03,2.30526e-03,1.33
60,197,5.80738e-01,4.79500e-01,1.76434e-03,2.30759e-03,1.32
60,198,5.80421e-01,4.77840e-01,1.76446e-03,2.30653e-03,1.31
60,199,5.80120e-01,4.78080e-01,1.76478e-03,2.30476e-03,1.33
60,200,5.80329e-01,4.79040e-01,1.76440e-03,2.30290e-03,1.33
70,1,3.38198e-01,3.83820e-01,3.26839e-03,2.83931e-03,9.76
70,2,4.44394e-01,4.14800e-01,2.48439e-03,2.64390e-03,1.32
70,3,4.74393e-01,4.32420e-01,2.31664e-03,2.55275e-03,1.33
70,4,4.92033e-01,4.42820e-01,2.22174e-03,2.49622e-03,1.33
70,5,5.04280e-01,4.48740e-01,2.15656e-03,2.45972e-03,1.32
70,6,5.13637e-01,4.53540e-01,2.10810e-03,2.43048e-03,1.31
70,7,5.20637e-01,4.59620e-01,2.06969e-03,2.40919e-03,1.31
70,8,5.26818e-01,4.61460e-01,2.03806e-03,2.39038e-03,1.32
70,9,5.32119e-01,4.64640e-01,2.01180e-03,2.37847e-03,1.32
70,10,5.36512e-01,4.66040e-01,1.98879e-03,2.36941e-03,1.31
70,11,5.40193e-01,4.70660e-01,1.96963e-03,2.35313e-03,1.32
70,12,5.43755e-01,4.71660e-01,1.95194e-03,2.34591e-03,1.32
70,13,5.47136e-01,4.72220e-01,1.93647e-03,2.33521e-03,1.32
70,14,5.49390e-01,4.75600e-01,1.92236e-03,2.32942e-03,1.32
70,15,5.51933e-01,4.75680e-01,1.90983e-03,2.32524e-03,1.31
70,16,5.54299e-01,4.77260e-01,1.89836e-03,2.31829e-03,1.32
70,17,5.56365e-01,4.79580e-01,1.88754e-03,2.31343e-03,1.32
70,18,5.58638e-01,4.79400e-01,1.87821e-03,2.30754e-03,1.31
70,19,5.60097e-01,4.80820e-01,1.86921e-03,2.30451e-03,1.32
70,20,5.61777e-01,4.81560e-01,1.86098e-03,2.30008e-03,1.33
70,21,5.63098e-01,4.80440e-01,1.85325e-03,2.29876e-03,1.32
70,22,5.64860e-01,4.80380e-01,1.84609e-03,2.29570e-03,1.32
70,23,5.65794e-01,4.82160e-01,1.83913e-03,2.29221e-03,1.30
70,24,5.67079e-01,4.81980e-01,1.83335e-03,2.28784e-03,1.30
70,25,5.68237e-01,4.83880e-01,1.82743e-03,2.28655e-03,1.32
70,26,5.69176e-01,4.84440e-01,1.82185e-03,2.28610e-03,1.32
70,27,5.70369e-01,4.84960e-01,1.81697e-03,2.28189e-03,1.32
70,28,5.71616e-01,4.84320e-01,1.81176e-03,2.27856e-03,1.31
70,29,5.72035e-01,4.85000e-01,1.80705e-03,2.27860e-03,1.30
70,30,5.72992e-01,4.84200e-01,1.80271e-03,2.27801e-03,1.31
70,31,5.73806e-01,4.84760e-01,1.79881e-03,2.27438e-03,1.31
70,32,5.74772e-01,4.85720e-01,1.79446e-03,2.27051e-03,1.33
70,33,5.75571e-01,4.84660e-01,1.79092e-03,2.27305e-03,1.33
70,34,5.76489e-01,4.87100e-01,1.78709e-03,2.27011e-03,1.32
70,35,5.76610e-01,4.86380e-01,1.78400e-03,2.26894e-03,1.33
70,36,5.77853e-01,4.87680e-01,1.78036e-03,2.26864e-03,1.33
70,37,5.78110e-01,4.88660e-01,1.77749e-03,2.26613e-03,1.33
70,38,5.78646e-01,4.87900e-01,1.77462e-03,2.26652e-03,1.32
70,39,5.79239e-01,4.87200e-01,1.77183e-03,2.26339e-03,1.31
70,40,5.80194e-01,4.88980e-01,1.76908e-03,2.26156e-03,1.32
70,41,5.80206e-01,4.87080e-01,1.76651e-03,2.26419e-03,1.31
70,42,5.80862e-01,4.88480e-01,1.76406e-03,2.26407e-03,1.31
70,43,5.81385e-01,4.88020e-01,1.76150e-03,2.26106e-03,1.31
70,44,5.81497e-01,4.89380e-01,1.75897e-03,2.25874e-03,1.31
70,45,5.82346e-01,4.89040e-01,1.75680e-03,2.26142e-03,1.31
70,46,5.82648e-01,4.89020e-01,1.75510e-03,2.25871e-03,1.32
70,47,5.83105e-01,4.88820e-01,1.75299e-03,2.26250e-03,1.29
70,48,5.83499e-01,4.92100e-01,1.75098e-03,2.25582e-03,1.30
70,49,5.83615e-01,4.90140e-01,1.74902e-03,2.25646e-03,1.31
70,50,5.84210e-01,4.88360e-01,1.74759e-03,2.25645e-03,1.32
70,51,5.84387e-01,4.88480e-01,1.74546e-03,2.26066e-03,1.32
70,52,5.85292e-01,4.90660e-01,1.74395e-03,2.25642e-03,1.32
70,53,5.85231e-01,4.89920e-01,1.74209e-03,2.25682e-03,1.31
70,54,5.85366e-01,4.90700e-01,1.74067e-03,2.25542e-03,1.30
70,55,5.85634e-01,4.90100e-01,1.73897e-03,2.25434e-03,1.31
70,56,5.86160e-01,4.89840e-01,1.73751e-03,2.25190e-03,1.31
70,57,5.86472e-01,4.89100e-01,1.73625e-03,2.25561e-03,1.32
70,58,5.86530e-01,4.90280e-01,1.73470e-03,2.25443e-03,1.31
70,59,5.87001e-01,4.90180e-01,1.73332e-03,2.25402e-03,1.32
70,60,5.87329e-01,4.91880e-01,1.73197e-03,2.25279e-03,1.32
70,61,5.87281e-01,4.90300e-01,1.73105e-03,2.25218e-03,1.31
70,62,5.87852e-01,4.89940e-01,1.72982e-03,2.24981e-03,1.31
70,63,5.87722e-01,4.91360e-01,1.72860e-03,2.25299e-03,1.32
70,64,5.88040e-01,4.90500e-01,1.72751e-03,2.24969e-03,1.32
70,65,5.88296e-01,4.89940e-01,1.72658e-03,2.25046e-03,1.33
70,66,5.88511e-01,4.90460e-01,1.72545e-03,2.24947e-03,1.33
70,67,5.88710e-01,4.91840e-01,1.72454e-03,2.24868e-03,1.32
70,68,5.89071e-01,4.90900e-01,1.72341e-03,2.24773e-03,1.32
70,69,5.89193e-01,4.90060e-01,1.72248e-03,2.24898e-03,1.31
70,70,5.89255e-01,4.91500e-01,1.72127e-03,2.24743e-03,1.31
70,71,5.89527e-01,4.90500e-01,1.72047e-03,2.24832e-03,1.32
70,72,5.89524e-01,4.92060e-01,1.71976e-03,2.24785e-03,1.32
70,73,5.89873e-01,4.92660e-01,1.71890e-03,2.25000e-03,1.30
70,74,5.90048e-01,4.90980e-01,1.71818e-03,2.24842e-03,1.32
70,75,5.90562e-01,4.92140e-01,1.71685e-03,2.24671e-03,1.32
70,76,5.90058e-01,4.92800e-01,1.71666e-03,2.24669e-03,1.31
70,77,5.90341e-01,4.91920e-01,1.71586e-03,2.24714e-03,1.31
70,78,5.90466e-01,4.90700e-01,1.71501e-03,2.24712e-03,1.31
70,79,5.90729e-01,4.91620e-01,1.71435e-03,2.24868e-03,1.31
70,80,5.90947e-01,4.92960e-01,1.71368e-03,2.24732e-03,1.33
70,81,5.91027e-01,4.93820e-01,1.71303e-03,2.24446e-03,1.32
70,82,5.91298e-01,4.92060e-01,1.71225e-03,2.24699e-03,1.32
70,83,5.91074e-01,4.92060e-01,1.71142e-03,2.24763e-03,1.31
70,84,5.91812e-01,4.92240e-01,1.71100e-03,2.24955e-03,1.31
70,85,5.91535e-01,4.91380e-01,1.71035e-03,2.24711e-03,1.31
70,86,5.91725e-01,4.93400e-01,1.70979e-03,2.24434e-03,1.32
70,87,5.91634e-01,4.93240e-01,1.70976e-03,2.24458e-03,1.31
70,88,5.91915e-01,4.93000e-01,1.70871e-03,2.24162e-03,1.32
70,89,5.91874e-01,4.91400e-01,1.70807e-03,2.24545e-03,1.33
70,90,5.91937e-01,4.92580e-01,1.70774e-03,2.24341e-03,1.31
70,91,5.92269e-01,4.92820e-01,1.70721e-03,2.24603e-03,1.31
70,92,5.92177e-01,4.92900e-01,1.70638e-03,2.24093e-03,1.32
70,93,5.92531e-01,4.93260e-01,1.70581e-03,2.24197e-03,1.31
70,94,5.92354e-01,4.92400e-01,1.70551e-03,2.24494e-03,1.31
70,95,5.92896e-01,4.92680e-01,1.70515e-03,2.24431e-03,1.32
70,96,5.92321e-01,4.92140e-01,1.70467e-03,2.24448e-03,1.32
70,97,5.92520e-01,4.93300e-01,1.70430e-03,2.24283e-03,1.32
70,98,5.92525e-01,4.92080e-01,1.70394e-03,2.24461e-03,1.31
70,99,5.92884e-01,4.92260e-01,1.70361e-03,2.24531e-03,1.31
70,100,5.92856e-01,4.91460e-01,1.70303e-03,2.24529e-03,1.31
70,101,5.93052e-01,4.93220e-01,1.70247e-03,2.24240e-03,1.32
70,102,5.92748e-01,4.93060e-01,1.70229e-03,2.23886e-03,1.32
70,103,5.92901e-01,4.91860e-01,1.70241e-03,2.24492e-03,1.32
70,104,5.93150e-01,4.92800e-01,1.70182e-03,2.24676e-03,1.32
70,105,5.93425e-01,4.93000e-01,1.70129e-03,2.24602e-03,1.30
70,106,5.93300e-01,4.92380e-01,1.70101e-03,2.24551e-03,1.32
70,107,5.93435e-01,4.92800e-01,1.70068e-03,2.24252e-03,1.32
70,108,5.93108e-01,4.91700e-01,1.70048e-03,2.24252e-03,1.33
70,109,5.93630e-01,4.92540e-01,1.70003e-03,2.24245e-03,1.32
70,110,5.93529e-01,4.92600e-01,1.69958e-03,2.24410e-03,1.33
70,111,5.93639e-01,4.91820e-01,1.69926e-03,2.24350e-03,1.32
70,112,5.93565e-01,4.93700e-01,1.69922e-03,2.23823e-03,1.31
70,113,5.94084e-01,4.92740e-01,1.69884e-03,2.24350e-03,1.30
70,114,5.93574e-01,4.92800e-01,1.69849e-03,2.24381e-03,1.30
70,115,5.94067e-01,4.92700e-01,1.69785e-03,2.24048e-03,1.31
70,116,5.93887e-01,4.93400e-01,1.69776e-03,2.24198e-03,1.32
70,117,5.94021e-01,4.92460e-01,1.69804e-03,2.24318e-03,1.31
70,118,5.93930e-01,4.92900e-01,1.69756e-03,2.24384e-03,1.31
70,119,5.94272e-01,4.92800e-01,1.69721e-03,2.24231e-03,1.32
70,120,5.94250e-01,4.91560e-01,1.69684e-03,2.24773e-03,1.33
70,121,5.94076e-01,4.92920e-01,1.69685e-03,2.24423e-03,1.32
70,122,5.94338e-01,4.92760e-01,1.69668e-03,2.24478e-03,1.32
70,123,5.94332e-01,4.94000e-01,1.69652e-03,2.24020e-03,1.31
70,124,5.94705e-01,4.91940e-01,1.69577e-03,2.24142e-03,1.30
70,125,5.94416e-01,4.94560e-01,1.69611e-03,2.24147e-03,1.32
70,126,5.94353e-01,4.93400e-01,1.69582e-03,2.24363e-03,1.33
70,127,5.94219e-01,4.92160e-01,1.69513e-03,2.24223e-03,1.32
70,128,5.94518e-01,4.93840e-01,1.69537e-03,2.24293e-03,1.32
70,129,5.94712e-01,4.92780e-01,1.69484e-03,2.24327e-03,1.30
70,130,5.94526e-01,4.94480e-01,1.69467e-03,2.23876e-03,1.31
70,131,5.94691e-01,4.93860e-01,1.69451e-03,2.23931e-03,1.32
70,132,5.94834e-01,4.92840e-01,1.69436e-03,2.24336e-03,1.32
70,133,5.94637e-01,4.95000e-01,1.69431e-03,2.23977e-03,1.31
70,134,5.94633e-01,4.92920e-01,1.69435e-03,2.24529e-03,1.32
70,135,5.94849e-01,4.94380e-01,1.69408e-03,2.24137e-03,1.31
70,136,5.94737e-01,4.93100e-01,1.69387e-03,2.24004e-03,1.32
70,137,5.94851e-01,4.94620e-01,1.69355e-03,2.24039e-03,1.31
70,138,5.94968e-01,4.92000e-01,1.69355e-03,2.24401e-03,1.31
70,139,5.94921e-01,4.92560e-01,1.69342e-03,2.23983e-03,1.31
70,140,5.94746e-01,4.92620e-01,1.69288e-03,2.24179e-03,1.31
70,141,5.95025e-01,4.92360e-01,1.69313e-03,2.24113e-03,1.31
70,142,5.95008e-01,4.93140e-01,1.69293e-03,2.24150e-03,1.32
70,143,5.94936e-01,4.93000e-01,1.69272e-03,2.24180e-03,1.32
70,144,5.95216e-01,4.91740e-01,1.69274e-03,2.24469e-03,1.32
70,145,5.95355e-01,4.92700e-01,1.69233e-03,2.24093e-03,1.31
70,146,5.95007e-01,4.94760e-01,1.69248e-03,2.23873e-03,1.31
70,147,5.94864e-01,4.94960e-01,1.69206e-03,2.23707e-03,1.31
70,148,5.95219e-01,4.92440e-01,1.69214e-03,2.23977e-03,1.32
70,149,5.95244e-01,4.92780e-01,1.69168e-03,2.24171e-03,1.32
70,150,5.95062e-01,4.94040e-01,1.69182e-03,2.23958e-03,1.30
70,151,5.95190e-01,4.93060e-01,1.69172e-03,2.23942e-03,1.32
70,152,5.95207e-01,4.93300e-01,1.69144e-03,2.24048e-03,1.32
70,153,5.95132e-01,4.93340e-01,1.69142e-03,2.24126e-03,1.31
70,154,5.95523e-01,4.93640e-01,1.69159e-03,2.24307e-03,1.32
70,155,5.95257e-01,4.93420e-01,1.69127e-03,2.23955e-03,1.33
70,156,5.95187e-01,4.94320e-01,1.69122e-03,2.24011e-03,1.33
70,157,5.95425e-01,4.92060e-01,1.69126e-03,2.24078e-03,1.32
70,158,5.95315e-01,4.93260e-01,1.69092e-03,2.24316e-03,1.32
70,159,5.95501e-01,4.91780e-01,1.69081e-03,2.24137e-03,1.32
70,160,5.95550e-01,4.92980e-01,1.69081e-03,2.23981e-03,1.33
70,161,5.95326e-01,4.93320e-01,1.69087e-03,2.24024e-03,1.33
70,162,5.95435e-01,4.92280e-01,1.69077e-03,2.23893e-03,1.30
70,163,5.95483e-01,4.94080e-01,1.69024e-03,2.24014e-03,1.31
70,164,5.95399e-01,4.93960e-01,1.69025e-03,2.23951e-03,1.33
70,165,5.95176e-01,4.92600e-01,1.69042e-03,2.24008e-03,1.31
70,166,5.95645e-01,4.93360e-01,1.69009e-03,2.24217e-03,1.31
70,167,5.95480e-01,4.92400e-01,1.69036e-03,2.24295e-03,1.32
70,168,5.95534e-01,4.91560e-01,1.69031e-03,2.24025e-03,1.32
70,169,5.95399e-01,4.93020e-01,1.68995e-03,2.24325e-03,1.33
70,170,5.95275e-01,4.93640e-01,1.68973e-03,2.24000e-03,1.31
70,171,5.95580e-01,4.94780e-01,1.68946e-03,2.23979e-03,1.31
70,172,5.95777e-01,4.93460e-01,1.68965e-03,2.24132e-03,1.31
70,173,5.95834e-01,4.92400e-01,1.68973e-03,2.24216e-03,1.32
70,174,5.95492e-01,4.93760e-01,1.68983e-03,2.23933e-03,1.33
70,175,5.95727e-01,4.93760e-01,1.68928e-03,2.23844e-03,1.31
70,176,5.95765e-01,4.91720e-01,1.68943e-03,2.24185e-03,1.32
70,177,5.95502e-01,4.92620e-01,1.68927e-03,2.24083e-03,1.32
70,178,5.95769e-01,4.93260e-01,1.68922e-03,2.23847e-03,1.33
70,179,5.95631e-01,4.92720e-01,1.68945e-03,2.23882e-03,1.30
70,180,5.95783e-01,4.91520e-01,1.68921e-03,2.23995e-03,1.30
70,181,5.95661e-01,4.91720e-01,1.68928e-03,2.24151e-03,1.30
70,182,5.95748e-01,4.93360e-01,1.68915e-03,2.23901e-03,1.32
70,183,5.95766e-01,4.92240e-01,1.68898e-03,2.24145e-03,1.31
70,184,5.95310e-01,4.91420e-01,1.68890e-03,2.24145e-03,1.31
70,185,5.95489e-01,4.94280e-01,1.68910e-03,2.24026e-03,1.30
70,186,5.95706e-01,4.93040e-01,1.68873e-03,2.24198e-03,1.32
70,187,5.95775e-01,4.94740e-01,1.68881e-03,2.24312e-03,1.32
70,188,5.95868e-01,4.92540e-01,1.68884e-03,2.23795e-03,1.31
70,189,5.95933e-01,4.94140e-01,1.68848e-03,2.23779e-03,1.31
70,190,5.95957e-01,4.92640e-01,1.68859e-03,2.24355e-03,1.32
70,191,5.95893e-01,4.93180e-01,1.68861e-03,2.23777e-03,1.32
70,192,5.95811e-01,4.92540e-01,1.68854e-03,2.23992e-03,1.31
70,193,5.95799e-01,4.94140e-01,1.68859e-03,2.24172e-03,1.31
70,194,5.95587e-01,4.94520e-01,1.68832e-03,2.23636e-03,1.31
70,195,5.96045e-01,4.92760e-01,1.68835e-03,2.23954e-03,1.31
70,196,5.95759e-01,4.92520e-01,1.68829e-03,2.24206e-03,1.31
70,197,5.95747e-01,4.92340e-01,1.68816e-03,2.23817e-03,1.30
70,198,5.95951e-01,4.95540e-01,1.68795e-03,2.23818e-03,1.30
70,199,5.95803e-01,4.95660e-01,1.68825e-03,2.23944e-03,1.32
70,200,5.95904e-01,4.93020e-01,1.68833e-03,2.23998e-03,1.31
80,1,3.65430e-01,4.09600e-01,3.10208e-03,2.67346e-03,9.74
80,2,4.72220e-01,4.43760e-01,2.32796e-03,2.48126e-03,1.30
80,3,5.01840e-01,4.59620e-01,2.16691e-03,2.39338e-03,1.32
80,4,5.19445e-01,4.68020e-01,2.07446e-03,2.33899e-03,1.33
80,5,5.30985e-01,4.76680e-01,2.01113e-03,2.30365e-03,1.31
80,6,5.40610e-01,4.81000e-01,1.96349e-03,2.27697e-03,1.31
80,7,5.47715e-01,4.84800e-01,1.92586e-03,2.25714e-03,1.29
80,8,5.53956e-01,4.85920e-01,1.89497e-03,2.24228e-03,1.31
80,9,5.58904e-01,4.92120e-01,1.86954e-03,2.22310e-03,1.29
80,10,5.63109e-01,4.93260e-01,1.84732e-03,2.21369e-03,1.32
80,11,5.67139e-01,4.94760e-01,1.82775e-03,2.20352e-03,1.32
80,12,5.70722e-01,4.95860e-01,1.81058e-03,2.19566e-03,1.32
80,13,5.73505e-01,4.98580e-01,1.79579e-03,2.18740e-03,1.31
80,14,5.76412e-01,5.00340e-01,1.78202e-03,2.17918e-03,1.30
80,15,5.78726e-01,5.01740e-01,1.76992e-03,2.17614e-03,1.30
80,16,5.80853e-01,5.02420e-01,1.75888e-03,2.16853e-03,1.32
80,17,5.82946e-01,5.03960e-01,1.74839e-03,2.16480e-03,1.31
80,18,5.84868e-01,5.05120e-01,1.73937e-03,2.16152e-03,1.32
80,19,5.86372e-01,5.04560e-01,1.73047e-03,2.15999e-03,1.33
80,20,5.88306e-01,5.07240e-01,1.72239e-03,2.15197e-03,1.32
80,21,5.90244e-01,5.06160e-01,1.71469e-03,2.15427e-03,1.29
80,22,5.91151e-01,5.06760e-01,1.70790e-03,2.14963e-03,1.28
80,23,5.92610e-01,5.07760e-01,1.70155e-03,2.14545e-03,1.29
80,24,5.93972e-01,5.07640e-01,1.69555e-03,2.14810e-03,1.30
80,25,5.95008e-01,5.09940e-01,1.68949e-03,2.14290e-03,1.30
80,26,5.96181e-01,5.10200e-01,1.68398e-03,2.13778e-03,1.30
80,27,5.97184e-01,5.09280e-01,1.67922e-03,2.13835e-03,1.30
80,28,5.98265e-01,5.10140e-01,1.67425e-03,2.13486e-03,1.32
80,29,5.99003e-01,5.10680e-01,1.67011e-03,2.13238e-03,1.31
80,30,5.99759e-01,5.10700e-01,1.66541e-03,2.13175e-03,1.32
80,31,6.00549e-01,5.10740e-01,1.66142e-03,2.13355e-03,1.32
80,32,6.01341e-01,5.12100e-01,1.65778e-03,2.12945e-03,1.32
80,33,6.01985e-01,5.11860e-01,1.65415e-03,2.12974e-03,1.32
80,34,6.02641e-01,5.12940e-01,1.65090e-03,2.12826e-03,1.31
80,35,6.03219e-01,5.12680e-01,1.64713e-03,2.12882e-03,1.31
80,36,6.04288e-01,5.12460e-01,1.64397e-03,2.12564e-03,1.32
80,37,6.04738e-01,5.12480e-01,1.64128e-03,2.12263e-03,1.32
80,38,6.05454e-01,5.14420e-01,1.63822e-03,2.12100e-03,1.32
80,39,6.05808e-01,5.13460e-01,1.63554e-03,2.12166e-03,1.31
80,40,6.06428e-01,5.12860e-01,1.63288e-03,2.12182e-03,1.31
80,41,6.06844e-01,5.11660e-01,1.63051e-03,2.12182e-03,1.31
80,42,6.07520e-01,5.12820e-01,1.62799e-03,2.12152e-03,1.31
80,43,6.07772e-01,5.13740e-01,1.62579e-03,2.11869e-03,1.31
80,44,6.08438e-01,5.13980e-01,1.62336e-03,2.12077e-03,1.32
80,45,6.08356e-01,5.14860e-01,1.62147e-03,2.11760e-03,1.31
80,46,6.09082e-01,5.14240e-01,1.61921e-03,2.11685e-03,1.31
80,47,6.09636e-01,5.14520e-01,1.61747e-03,2.11709e-03,1.32
80,48,6.09654e-01,5.14320e-01,1.61556e-03,2.11815e-03,1.30
80,49,6.10114e-01,5.16500e-01,1.61347e-03,2.11379e-03,1.30
80,50,6.10584e-01,5.14940e-01,1.61147e-03,2.11618e-03,1.30
80,51,6.11115e-01,5.14640e-01,1.61024e-03,2.11347e-03,1.31
80,52,6.11097e-01,5.13640e-01,1.60841e-03,2.11583e-03,1.30
80,53,6.11553e-01,5.15300e-01,1.60719e-03,2.11486e-03,1.30
80,54,6.12065e-01,5.14580e-01,1.60516e-03,2.11311e-03,1.31
80,55,6.12158e-01,5.16160e-01,1.60379e-03,2.11165e-03,1.31
80,56,6.12849e-01,5.15760e-01,1.60248e-03,2.11473e-03,1.32
80,57,6.12772e-01,5.17240e-01,1.60132e-03,2.11142e-03,1.32
80,58,6.13112e-01,5.15760e-01,1.59979e-03,2.11191e-03,1.30
80,59,6.13344e-01,5.15460e-01,1.59849e-03,2.11280e-03,1.32
80,60,6.13096e-01,5.14620e-01,1.59751e-03,2.11437e-03,1.32
80,61,6.13689e-01,5.16360e-01,1.59633e-03,2.11167e-03,1.32
80,62,6.14493e-01,5.15200e-01,1.59475e-03,2.11246e-03,1.31
80,63,6.14386e-01,5.16380e-01,1.59370e-03,2.10781e-03,1.32
80,64,6.14128e-01,5.15820e-01,1.59276e-03,2.11172e-03,1.33
80,65,6.14804e-01,5.16740e-01,1.59183e-03,2.11043e-03,1.31
80,66,6.14913e-01,5.15460e-01,1.59074e-03,2.11366e-03,1.31
80,67,6.15041e-01,5.15900e-01,1.58980e-03,2.10898e-03,1.31
80,68,6.15240e-01,5.17100e-01,1.58878e-03,2.11361e-03,1.31
80,69,6.15583e-01,5.15920e-01,1.58789e-03,2.10934e-03,1.31
80,70,6.15504e-01,5.16680e-01,1.58701e-03,2.10980e-03,1.31
80,71,6.15970e-01,5.14580e-01,1.58602e-03,2.11005e-03,1.30
80,72,6.16082e-01,5.16140e-01,1.58515e-03,2.11030e-03,1.31
80,73,6.16270e-01,5.16240e-01,1.58470e-03,2.10728e-03,1.31
80,74,6.16368e-01,5.17420e-01,1.58372e-03,2.10458e-03,1.31
80,75,6.16455e-01,5.18500e-01,1.58286e-03,2.10782e-03,1.31
80,76,6.16600e-01,5.16820e-01,1.58196e-03,2.10972e-03,1.30
80,77,6.16767e-01,5.16000e-01,1.58141e-03,2.10761e-03,1.30
80,78,6.16915e-01,5.16320e-01,1.58067e-03,2.10717e-03,1.30
80,79,6.16670e-01,5.17020e-01,1.58055e-03,2.10665e-03,1.30
80,80,6.17232e-01,5.17320e-01,1.57917e-03,2.10728e-03,1.30
80,81,6.17051e-01,5.16440e-01,1.57901e-03,2.10754e-03,1.32
80,82,6.17676e-01,5.15840e-01,1.57801e-03,2.10781e-03,1.31
80,83,6.17236e-01,5.18640e-01,1.57738e-03,2.10730e-03,1.30
80,84,6.17565e-01,5.17680e-01,1.57679e-03,2.10655e-03,1.30
80,85,6.17803e-01,5.18520e-01,1.57630e-03,2.10797e-03,1.32
80,86,6.17852e-01,5.17280e-01,1.57577e-03,2.10741e-03,1.31
80,87,6.18056e-01,5.17780e-01,1.57516e-03,2.10744e-03,1.31
80,88,6.18385e-01,5.16480e-01,1.57484e-03,2.10736e-03,1.31
80,89,6.17894e-01,5.17800e-01,1.57414e-03,2.10768e-03,1.30
80,90,6.18328e-01,5.16440e-01,1.57361e-03,2.10835e-03,1.30
80,91,6.18441e-01,5.17620e-01,1.57319e-03,2.10641e-03,1.31
80,92,6.18311e-01,5.17780e-01,1.57254e-03,2.10450e-03,1.30
80,93,6.18574e-01,5.16780e-01,1.57209e-03,2.10600e-03,1.31
80,94,6.18828e-01,5.16540e-01,1.57168e-03,2.10479e-03,1.32
80,95,6.18786e-01,5.17120e-01,1.57143e-03,2.10494e-03,1.31
80,96,6.18808e-01,5.18800e-01,1.57099e-03,2.10433e-03,1.30
80,97,6.18617e-01,5.18060e-01,1.57092e-03,2.10451e-03,1.32
80,98,6.18919e-01,5.16580e-01,1.57021e-03,2.10460e-03,1.30
80,99,6.19016e-01,5.17020e-01,1.56974e-03,2.10527e-03,1.31
80,100,6.19459e-01,5.17200e-01,1.56923e-03,2.10435e-03,1.30
80,101,6.19137e-01,5.17940e-01,1.56944e-03,2.10634e-03,1.31
80,102,6.19435e-01,5.16780e-01,1.56836e-03,2.10640e-03,1.30
80,103,6.19558e-01,5.17360e-01,1.56811e-03,2.10448e-03,1.33
80,104,6.19294e-01,5.17800e-01,1.56765e-03,2.10583e-03,1.31
80,105,6.19833e-01,5.18060e-01,1.56778e-03,2.10514e-03,1.31
80,106,6.19838e-01,5.17340e-01,1.56715e-03,2.10490e-03,1.31
80,107,6.19774e-01,5.17980e-01,1.56666e-03,2.10445e-03,1.32
80,108,6.19783e-01,5.17240e-01,1.56666e-03,2.10471e-03,1.31
80,109,6.19820e-01,5.17580e-01,1.56615e-03,2.10248e-03,1.31
80,110,6.19750e-01,5.16940e-01,1.56615e-03,2.10666e-03,1.31
80,111,6.19866e-01,5.16720e-01,1.56579e-03,2.10621e-03,1.31
80,112,6.19996e-01,5.17880e-01,1.56550e-03,2.10246e-03,1.31
80,113,6.20171e-01,5.16100e-01,1.56528e-03,2.10657e-03,1.31
80,114,6.20132e-01,5.19260e-01,1.56495e-03,2.10317e-03,1.33
80,115,6.20048e-01,5.18880e-01,1.56444e-03,2.10243e-03,1.31
80,116,6.20188e-01,5.17200e-01,1.56465e-03,2.10862e-03,1.31
80,117,6.20165e-01,5.17940e-01,1.56415e-03,2.10504e-03,1.30
80,118,6.20284e-01,5.17900e-01,1.56388e-03,2.10283e-03,1.31
80,119,6.20177e-01,5.18560e-01,1.56409e-03,2.10229e-03,1.31
80,120,6.20142e-01,5.16620e-01,1.56320e-03,2.10657e-03,1.31
80,121,6.20550e-01,5.17380e-01,1.56318e-03,2.10542e-03,1.32
80,122,6.20665e-01,5.17180e-01,1.56300e-03,2.10365e-03,1.31
80,123,6.20156e-01,5.18600e-01,1.56281e-03,2.10149e-03,1.31
80,124,6.20419e-01,5.18260e-01,1.56262e-03,2.10515e-03,1.31
80,125,6.20509e-01,5.18560e-01,1.56233e-03,2.10161e-03,1.31
80,126,6.20537e-01,5.17520e-01,1.56235e-03,2.10358e-03,1.31
80,127,6.20711e-01,5.18120e-01,1.56187e-03,2.10204e-03,1.31
80,128,6.20658e-01,5.17280e-01,1.56173e-03,2.10500e-03,1.30
80,129,6.20793e-01,5.17460e-01,1.56165e-03,2.10593e-03,1.30
80,130,6.21024e-01,5.17880e-01,1.56156e-03,2.10125e-03,1.30
80,131,6.20629e-01,5.18320e-01,1.56116e-03,2.10294e-03,1.31
80,132,6.20811e-01,5.18320e-01,1.56077e-03,2.10406e-03,1.30
80,133,6.20944e-01,5.18440e-01,1.56085e-03,2.10149e-03,1.31
80,134,6.20880e-01,5.17420e-01,1.56050e-03,2.10377e-03,1.30
80,135,6.21113e-01,5.18320e-01,1.56040e-03,2.10294e-03,1.31
80,136,6.21042e-01,5.17920e-01,1.56053e-03,2.10273e-03,1.30
80,137,6.21375e-01,5.17700e-01,1.55998e-03,2.10240e-03,1.31
80,138,6.20835e-01,5.17680e-01,1.56004e-03,2.10150e-03,1.31
80,139,6.21026e-01,5.17760e-01,1.56009e-03,2.10493e-03,1.30
80,140,6.21179e-01,5.18500e-01,1.55990e-03,2.10294e-03,1.30
80,141,6.21606e-01,5.19560e-01,1.55946e-03,2.10228e-03,1.31
80,142,6.21117e-01,5.17500e-01,1.55970e-03,2.10083e-03,1.31
80,143,6.21155e-01,5.17700e-01,1.55899e-03,2.10420e-03,1.30
80,144,6.21490e-01,5.18680e-01,1.55920e-03,2.10168e-03,1.30
80,145,6.20988e-01,5.18700e-01,1.55904e-03,2.10242e-03,1.30
80,146,6.21048e-01,5.17640e-01,1.55913e-03,2.10327e-03,1.30
80,147,6.21127e-01,5.17140e-01,1.55910e-03,2.10318e-03,1.30
80,148,6.21366e-01,5.18540e-01,1.55840e-03,2.10299e-03,1.30
80,149,6.21568e-01,5.17080e-01,1.55860e-03,2.10374e-03,1.30
80,150,6.21558e-01,5.17840e-01,1.55832e-03,2.10270e-03,1.31
80,151,6.21504e-01,5.17380e-01,1.55824e-03,2.10274e-03,1.30
80,152,6.21465e-01,5.19280e-01,1.55842e-03,2.10014e-03,1.30
80,153,6.21430e-01,5.19420e-01,1.55831e-03,2.10020e-03,1.30
80,154,6.21500e-01,5.17920e-01,1.55784e-03,2.10169e-03,1.30
80,155,6.21602e-01,5.19180e-01,1.55802e-03,2.09896e-03,1.30
80,156,6.21628e-01,5.17960e-01,1.55780e-03,2.10256e-03,1.30
80,157,6.21689e-01,5.18520e-01,1.55769e-03,2.10492e-03,1.31
80,158,6.21638e-01,5.18280e-01,1.55754e-03,2.10025e-03,1.32
80,159,6.21815e-01,5.18240e-01,1.55755e-03,2.10457e-03,1.32
80,160,6.21649e-01,5.16840e-01,1.55743e-03,2.10372e-03,1.31
80,161,6.21695e-01,5.18460e-01,1.55754e-03,2.10417e-03,1.32
80,162,6.21444e-01,5.17720e-01,1.55724e-03,2.10450e-03,1.32
80,163,6.21721e-01,5.18760e-01,1.55759e-03,2.10385e-03,1.31
80,164,6.21828e-01,5.18780e-01,1.55713e-03,2.10478e-03,1.32
80,165,6.21814e-01,5.16340e-01,1.55715e-03,2.10132e-03,1.32
80,166,6.21640e-01,5.18680e-01,1.55707e-03,2.10076e-03,1.31
80,167,6.21671e-01,5.16020e-01,1.55679e-03,2.10220e-03,1.31
80,168,6.21493e-01,5.17960e-01,1.55687e-03,2.10175e-03,1.31
80,169,6.21775e-01,5.17720e-01,1.55671e-03,2.10420e-03,1.31
80,170,6.21841e-01,5.17580e-01,1.55667e-03,2.10174e-03,1.31
80,171,6.21951e-01,5.19200e-01,1.55685e-03,2.09993e-03,1.30
80,172,6.21733e-01,5.17260e-01,1.55640e-03,2.10487e-03,1.31
80,173,6.21812e-01,5.19440e-01,1.55624e-03,2.10274e-03,1.30
80,174,6.21890e-01,5.15820e-01,1.55654e-03,2.10427e-03,1.31
80,175,6.21839e-01,5.18460e-01,1.55618e-03,2.09967e-03,1.30
80,176,6.21898e-01,5.19100e-01,1.55602e-03,2.10061e-03,1.30
80,177,6.21564e-01,5.18200e-01,1.55644e-03,2.10372e-03,1.32
80,178,6.21855e-01,5.17260e-01,1.55660e-03,2.10405e-03,1.31
80,179,6.21920e-01,5.18440e-01,1.55613e-03,2.10242e-03,1.30
80,180,6.22087e-01,5.17180e-01,1.55585e-03,2.10429e-03,1.30
80,181,6.22005e-01,5.17440e-01,1.55584e-03,2.10241e-03,1.30
80,182,6.22051e-01,5.19840e-01,1.55596e-03,2.10230e-03,1.32
80,183,6.21892e-01,5.18140e-01,1.55578e-03,2.10121e-03,1.31
80,184,6.22148e-01,5.19120e-01,1.55588e-03,2.10175e-03,1.30
80,185,6.21785e-01,5.18260e-01,1.55585e-03,2.10181e-03,1.31
80,186,6.22048e-01,5.17220e-01,1.55546e-03,2.10347e-03,1.31
80,187,6.22022e-01,5.18360e-01,1.55549e-03,2.10382e-03,1.31
80,188,6.21983e-01,5.17240e-01,1.55579e-03,2.10453e-03,1.31
80,189,6.21513e-01,5.16940e-01,1.55516e-03,2.10176e-03,1.31
80,190,6.22110e-01,5.16140e-01,1.55535e-03,2.10223e-03,1.31
80,191,6.21899e-01,5.19020e-01,1.55552e-03,2.10182e-03,1.31
80,192,6.22124e-01,5.19320e-01,1.55500e-03,2.10065e-03,1.31
80,193,6.22026e-01,5.17440e-01,1.55549e-03,2.10240e-03,1.31
80,194,6.22129e-01,5.17140e-01,1.55528e-03,2.10505e-03,1.31
80,195,6.21958e-01,5.17240e-01,1.55527e-03,2.10130e-03,1.33
80,196,6.22031e-01,5.18300e-01,1.55513e-03,2.10199e-03,1.30
80,197,6.22018e-01,5.19040e-01,1.55533e-03,2.10264e-03,1.30
80,198,6.22370e-01,5.18640e-01,1.55491e-03,2.09960e-03,1.30
80,199,6.21800e-01,5.17500e-01,1.55488e-03,2.10064e-03,1.30
80,200,6.22188e-01,5.20400e-01,1.55495e-03,2.10221e-03,1.30
90,1,3.85293e-01,4.33080e-01,3.00500e-03,2.56927e-03,9.73
90,2,4.94681e-01,4.63840e-01,2.21787e-03,2.37097e-03,1.31
90,3,5.24159e-01,4.80440e-01,2.05632e-03,2.28194e-03,1.32
90,4,5.41694e-01,4.90900e-01,1.96421e-03,2.23062e-03,1.32
90,5,5.54026e-01,4.96720e-01,1.90100e-03,2.18999e-03,1.32
90,6,5.63063e-01,5.01180e-01,1.85389e-03,2.16550e-03,1.31
90,7,5.70958e-01,5.06860e-01,1.81647e-03,2.14320e-03,1.31
90,8,5.76659e-01,5.10280e-01,1.78598e-03,2.12687e-03,1.33
90,9,5.81475e-01,5.12800e-01,1.76061e-03,2.11055e-03,1.32
90,10,5.86238e-01,5.15220e-01,1.73900e-03,2.09806e-03,1.32
90,11,5.89812e-01,5.17120e-01,1.71985e-03,2.09126e-03,1.32
90,12,5.93228e-01,5.17900e-01,1.70263e-03,2.08119e-03,1.33
90,13,5.96321e-01,5.20640e-01,1.68791e-03,2.07534e-03,1.30
90,14,5.98563e-01,5.21540e-01,1.67450e-03,2.06753e-03,1.30
90,15,6.01303e-01,5.23760e-01,1.66260e-03,2.06377e-03,1.30
90,16,6.03545e-01,5.25040e-01,1.65125e-03,2.05546e-03,1.32
90,17,6.05573e-01,5.26280e-01,1.64143e-03,2.05238e-03,1.31
90,18,6.07412e-01,5.26420e-01,1.63221e-03,2.04953e-03,1.30
90,19,6.09290e-01,5.26380e-01,1.62363e-03,2.04502e-03,1.30
90,20,6.10660e-01,5.26440e-01,1.61568e-03,2.04176e-03,1.31
90,21,6.12198e-01,5.28860e-01,1.60844e-03,2.03797e-03,1.31
90,22,6.13612e-01,5.26940e-01,1.60172e-03,2.03887e-03,1.31
90,23,6.15049e-01,5.29900e-01,1.59521e-03,2.03558e-03,1.31
90,24,6.16183e-01,5.29080e-01,1.58944e-03,2.03212e-03,1.32
90,25,6.17294e-01,5.31340e-01,1.58393e-03,2.02872e-03,1.33
90,26,6.18357e-01,5.33560e-01,1.57832e-03,2.02455e-03,1.34
90,27,6.19257e-01,5.31080e-01,1.57367e-03,2.02563e-03,1.33
90,28,6.20247e-01,5.32320e-01,1.56863e-03,2.02433e-03,1.33
90,29,6.21150e-01,5.31520e-01,1.56438e-03,2.02421e-03,1.31
90,30,6.21849e-01,5.32340e-01,1.56059e-03,2.02142e-03,1.32
90,31,6.22775e-01,5.31600e-01,1.55616e-03,2.01831e-03,1.33
90,32,6.24058e-01,5.33480e-01,1.55238e-03,2.01819e-03,1.32
90,33,6.24094e-01,5.34060e-01,1.54888e-03,2.01739e-03,1.31
90,34,6.24984e-01,5.33060e-01,1.54541e-03,2.01988e-03,1.31
90,35,6.25731e-01,5.33500e-01,1.54200e-03,2.01509e-03,1.33
90,36,6.26288e-01,5.34420e-01,1.53916e-03,2.01422e-03,1.32
90,37,6.27227e-01,5.34740e-01,1.53592e-03,2.01467e-03,1.30
90,38,6.27579e-01,5.35040e-01,1.53339e-03,2.01172e-03,1.32
90,39,6.28278e-01,5.33940e-01,1.53067e-03,2.01167e-03,1.32
90,40,6.28607e-01,5.34620e-01,1.52808e-03,2.01311e-03,1.32
90,41,6.29176e-01,5.34480e-01,1.52576e-03,2.01274e-03,1.32
90,42,6.29669e-01,5.35800e-01,1.52341e-03,2.01082e-03,1.31
90,43,6.30004e-01,5.36000e-01,1.52104e-03,2.00810e-03,1.32
90,44,6.30419e-01,5.35620e-01,1.51897e-03,2.00839e-03,1.32
90,45,6.30844e-01,5.35540e-01,1.51680e-03,2.00973e-03,1.32
90,46,6.31562e-01,5.36760e-01,1.51446e-03,2.00886e-03,1.32
90,47,6.31595e-01,5.35520e-01,1.51271e-03,2.00698e-03,1.32
90,48,6.32146e-01,5.35860e-01,1.51100e-03,2.00163e-03,1.32
90,49,6.32377e-01,5.36800e-01,1.50897e-03,2.00399e-03,1.32
90,50,6.32979e-01,5.35840e-01,1.50740e-03,2.00864e-03,1.32
90,51,6.33127e-01,5.36020e-01,1.50566e-03,2.00667e-03,1.32
90,52,6.33354e-01,5.38240e-01,1.50410e-03,2.00110e-03,1.31
90,53,6.33703e-01,5.35960e-01,1.50256e-03,2.00334e-03,1.31
90,54,6.34154e-01,5.36860e-01,1.50137e-03,2.00311e-03,1.31
90,55,6.34553e-01,5.36100e-01,1.49978e-03,2.00318e-03,1.31
90,56,6.34648e-01,5.36980e-01,1.49843e-03,2.00256e-03,1.31
90,57,6.35155e-01,5.37180e-01,1.49716e-03,2.00093e-03,1.31
90,58,6.35167e-01,5.36880e-01,1.49596e-03,1.99885e-03,1.30
90,59,6.35557e-01,5.37360e-01,1.49447e-03,2.00374e-03,1.31
90,60,6.35741e-01,5.37640e-01,1.49337e-03,2.00043e-03,1.31
90,61,6.35840e-01,5.39400e-01,1.49203e-03,2.00061e-03,1.32
90,62,6.36299e-01,5.36280e-01,1.49092e-03,2.00030e-03,1.31
90,63,6.36574e-01,5.38180e-01,1.48992e-03,2.00115e-03,1.31
90,64,6.36663e-01,5.39460e-01,1.48885e-03,1.99814e-03,1.31
90,65,6.36869e-01,5.39240e-01,1.48793e-03,1.99931e-03,1.31
90,66,6.36974e-01,5.37580e-01,1.48696e-03,1.99838e-03,1.31
90,67,6.37164e-01,5.36920e-01,1.48588e-03,1.99950e-03,1.31
90,68,6.37440e-01,5.38340e-01,1.48521e-03,1.99882e-03,1.32
90,69,6.37742e-01,5.38820e-01,1.48384e-03,1.99874e-03,1.31
90,70,6.37671e-01,5.39980e-01,1.48301e-03,1.99901e-03,1.30
90,71,6.37802e-01,5.38340e-01,1.48240e-03,2.00100e-03,1.33
90,72,6.38232e-01,5.37820e-01,1.48166e-03,1.99861e-03,1.31
90,73,6.38372e-01,5.36740e-01,1.48069e-03,1.99914e-03,1.33
90,74,6.38320e-01,5.37700e-01,1.47974e-03,1.99887e-03,1.32
90,75,6.38544e-01,5.38900e-01,1.47926e-03,1.99759e-03,1.32
90,76,6.38686e-01,5.38140e-01,1.47835e-03,2.00063e-03,1.32
90,77,6.38868e-01,5.40020e-01,1.47747e-03,1.99789e-03,1.32
90,78,6.39013e-01,5.38280e-01,1.47701e-03,1.99659e-03,1.31
90,79,6.39342e-01,5.38080e-01,1.47642e-03,1.99847e-03,1.32
90,80,6.39047e-01,5.38200e-01,1.47587e-03,1.99815e-03,1.32
90,81,6.39330e-01,5.38320e-01,1.47532e-03,1.99758e-03,1.32
90,82,6.39395e-01,5.39340e-01,1.47450e-03,1.99794e-03,1.32
90,83,6.39676e-01,5.37720e-01,1.47382e-03,1.99859e-03,1.33
90,84,6.39864e-01,5.38740e-01,1.47334e-03,1.99956e-03,1.32
90,85,6.39663e-01,5.38780e-01,1.47248e-03,1.99477e-03,1.32
90,86,6.39981e-01,5.38920e-01,1.47219e-03,1.99482e-03,1.32
90,87,6.40092e-01,5.39960e-01,1.47148e-03,1.99597e-03,1.32
90,88,6.39975e-01,5.39180e-01,1.47098e-03,1.99850e-03,1.32
90,89,6.40532e-01,5.39200e-01,1.47064e-03,1.99521e-03,1.31
90,90,6.40459e-01,5.38700e-01,1.47031e-03,1.99781e-03,1.31
90,91,6.40223e-01,5.39520e-01,1.46974e-03,1.99816e-03,1.32
90,92,6.40231e-01,5.39860e-01,1.46934e-03,1.99624e-03,1.30
90,93,6.40707e-01,5.37740e-01,1.46875e-03,1.99654e-03,1.32
90,94,6.40534e-01,5.39040e-01,1.46836e-03,1.99653e-03,1.31
90,95,6.40984e-01,5.40620e-01,1.46782e-03,1.99567e-03,1.31
90,96,6.41002e-01,5.38400e-01,1.46756e-03,1.99483e-03,1.32
90,97,6.40988e-01,5.39120e-01,1.46706e-03,1.99412e-03,1.31
90,98,6.41177e-01,5.40240e-01,1.46659e-03,1.99358e-03,1.31
90,99,6.40987e-01,5.39680e-01,1.46641e-03,1.99524e-03,1.31
90,100,6.41304e-01,5.39940e-01,1.46589e-03,1.99311e-03,1.32
90,101,6.41172e-01,5.40060e-01,1.46552e-03,1.99371e-03,1.30
90,102,6.41195e-01,5.40580e-01,1.46525e-03,1.99698e-03,1.32
90,103,6.41419e-01,5.38780e-01,1.46486e-03,1.99195e-03,1.32
90,104,6.41430e-01,5.40260e-01,1.46444e-03,1.99536e-03,1.32
90,105,6.41992e-01,5.38820e-01,1.46416e-03,1.99448e-03,1.32
90,106,6.41663e-01,5.39980e-01,1.46365e-03,1.99365e-03,1.31
90,107,6.42028e-01,5.40480e-01,1.46321e-03,1.99478e-03,1.30
90,108,6.41868e-01,5.38860e-01,1.46314e-03,1.99486e-03,1.31
90,109,6.41983e-01,5.38000e-01,1.46285e-03,1.99625e-03,1.32
90,110,6.41921e-01,5.39520e-01,1.46262e-03,1.99417e-03,1.32
90,111,6.41891e-01,5.39640e-01,1.46259e-03,1.99416e-03,1.31
90,112,6.41595e-01,5.38760e-01,1.46201e-03,1.99355e-03,1.31
90,113,6.42435e-01,5.40180e-01,1.46171e-03,1.99405e-03,1.31
90,114,6.42205e-01,5.38520e-01,1.46137e-03,1.99391e-03,1.31
90,115,6.42478e-01,5.38560e-01,1.46119e-03,1.99454e-03,1.31
90,116,6.42481e-01,5.40880e-01,1.46088e-03,1.99484e-03,1.32
90,117,6.42193e-01,5.38920e-01,1.46066e-03,1.99216e-03,1.30
90,118,6.42080e-01,5.40220e-01,1.46073e-03,1.99239e-03,1.32
90,119,6.42361e-01,5.39980e-01,1.46040e-03,1.99266e-03,1.32
90,120,6.42529e-01,5.38460e-01,1.45984e-03,1.99396e-03,1.32
90,121,6.42587e-01,5.40980e-01,1.45995e-03,1.99342e-03,1.32
90,122,6.42481e-01,5.38880e-01,1.45990e-03,1.99400e-03,1.32
90,123,6.42517e-01,5.39060e-01,1.45951e-03,1.99216e-03,1.31
90,124,6.42582e-01,5.39360e-01,1.45938e-03,1.99338e-03,1.31
90,125,6.42691e-01,5.39280e-01,1.45896e-03,1.99290e-03,1.31
90,126,6.42847e-01,5.37600e-01,1.45865e-03,1.99428e-03,1.31
90,127,6.42826e-01,5.40400e-01,1.45868e-03,1.99286e-03,1.31
90,128,6.43014e-01,5.40540e-01,1.45840e-03,1.99475e-03,1.31
90,129,6.42635e-01,5.38800e-01,1.45854e-03,1.99347e-03,1.31
90,130,6.42883e-01,5.39300e-01,1.45805e-03,1.99168e-03,1.32
90,131,6.43089e-01,5.40140e-01,1.45775e-03,1.99078e-03,1.31
90,132,6.42632e-01,5.38820e-01,1.45785e-03,1.98906e-03,1.31
90,133,6.42811e-01,5.41280e-01,1.45747e-03,1.99020e-03,1.31
90,134,6.43160e-01,5.39500e-01,1.45741e-03,1.99404e-03,1.32
90,135,6.43200e-01,5.39040e-01,1.45704e-03,1.99351e-03,1.31
90,136,6.43012e-01,5.40820e-01,1.45707e-03,1.99077e-03,1.32
90,137,6.42940e-01,5.39280e-01,1.45700e-03,1.99406e-03,1.32
90,138,6.43011e-01,5.40420e-01,1.45696e-03,1.99154e-03,1.32
90,139,6.43087e-01,5.39260e-01,1.45717e-03,1.99515e-03,1.33
90,140,6.43228e-01,5.39880e-01,1.45640e-03,1.99472e-03,1.30
90,141,6.43559e-01,5.40000e-01,1.45641e-03,1.99281e-03,1.31
90,142,6.43251e-01,5.38880e-01,1.45627e-03,1.99391e-03,1.30
90,143,6.43196e-01,5.42200e-01,1.45597e-03,1.98908e-03,1.31
90,144,6.43264e-01,5.40800e-01,1.45607e-03,1.99203e-03,1.28
90,145,6.43463e-01,5.38520e-01,1.45595e-03,1.99415e-03,1.29
90,146,6.43274e-01,5.40380e-01,1.45560e-03,1.99196e-03,1.31
90,147,6.43360e-01,5.40600e-01,1.45557e-03,1.99202e-03,1.31
90,148,6.43507e-01,5.39860e-01,1.45528e-03,1.99541e-03,1.31
90,149,6.43443e-01,5.41080e-01,1.45545e-03,1.99226e-03,1.30
90,150,6.43594e-01,5.39140e-01,1.45486e-03,1.99285e-03,1.31
90,151,6.43478e-01,5.39280e-01,1.45498e-03,1.99363e-03,1.31
90,152,6.43421e-01,5.39120e-01,1.45504e-03,1.99228e-03,1.30
90,153,6.43799e-01,5.40420e-01,1.45477e-03,1.99287e-03,1.31
90,154,6.43690e-01,5.40660e-01,1.45509e-03,1.99157e-03,1.31
90,155,6.43744e-01,5.38880e-01,1.45453e-03,1.99361e-03,1.31
90,156,6.43519e-01,5.40360e-01,1.45459e-03,1.99168e-03,1.30
90,157,6.43653e-01,5.39660e-01,1.45452e-03,1.99123e-03,1.30
90,158,6.43895e-01,5.40580e-01,1.45442e-03,1.99228e-03,1.28
90,159,6.43704e-01,5.38720e-01,1.45439e-03,1.99361e-03,1.30
90,160,6.43968e-01,5.40240e-01,1.45395e-03,1.99383e-03,1.31
90,161,6.43406e-01,5.40940e-01,1.45398e-03,1.98966e-03,1.32
90,162,6.43727e-01,5.39400e-01,1.45388e-03,1.99349e-03,1.31
90,163,6.43669e-01,5.40480e-01,1.45384e-03,1.99453e-03,1.29
90,164,6.43646e-01,5.39880e-01,1.45403e-03,1.99149e-03,1.30
90,165,6.43471e-01,5.39560e-01,1.45372e-03,1.99494e-03,1.30
90,166,6.43698e-01,5.40620e-01,1.45370e-03,1.99259e-03,1.30
90,167,6.43489e-01,5.40280e-01,1.45394e-03,1.99195e-03,1.30
90,168,6.43942e-01,5.37460e-01,1.45339e-03,1.99227e-03,1.30
90,169,6.43417e-01,5.39960e-01,1.45361e-03,1.99348e-03,1.31
90,170,6.43747e-01,5.39540e-01,1.45332e-03,1.99274e-03,1.30
90,171,6.43719e-01,5.39560e-01,1.45360e-03,1.99255e-03,1.30
90,172,6.44012e-01,5.40520e-01,1.45302e-03,1.99488e-03,1.31
90,173,6.43831e-01,5.39740e-01,1.45328e-03,1.99243e-03,1.31
90,174,6.43807e-01,5.40460e-01,1.45327e-03,1.99320e-03,1.32
90,175,6.43719e-01,5.40500e-01,1.45306e-03,1.99007e-03,1.31
90,176,6.43876e-01,5.38140e-01,1.45270e-03,1.99047e-03,1.31
90,177,6.43821e-01,5.40260e-01,1.45295e-03,1.99266e-03,1.31
90,178,6.43811e-01,5.39420e-01,1.45287e-03,1.99321e-03,1.31
90,179,6.44084e-01,5.39720e-01,1.45268e-03,1.99250e-03,1.31
90,180,6.44201e-01,5.39480e-01,1.45244e-03,1.99226e-03,1.30
90,181,6.43804e-01,5.40100e-01,1.45261e-03,1.99036e-03,1.32
90,182,6.43943e-01,5.38760e-01,1.45242e-03,1.99498e-03,1.32
90,183,6.44053e-01,5.41540e-01,1.45236e-03,1.99260e-03,1.32
90,184,6.44014e-01,5.40080e-01,1.45251e-03,1.99381e-03,1.32
90,185,6.43882e-01,5.40800e-01,1.45261e-03,1.99190e-03,1.32
90,186,6.44279e-01,5.40340e-01,1.45255e-03,1.98804e-03,1.32
90,187,6.43936e-01,5.41380e-01,1.45220e-03,1.99010e-03,1.31
90,188,6.44075e-01,5.38700e-01,1.45226e-03,1.98992e-03,1.31
90,189,6.44027e-01,5.41020e-01,1.45245e-03,1.99313e-03,1.32
90,190,6.43901e-01,5.40820e-01,1.45191e-03,1.99120e-03,1.31
90,191,6.44154e-01,5.40740e-01,1.45196e-03,1.98978e-03,1.31
90,192,6.43981e-01,5.41000e-01,1.45197e-03,1.99006e-03,1.31
90,193,6.43990e-01,5.39500e-01,1.45195e-03,1.99278e-03,1.30
90,194,6.44110e-01,5.40720e-01,1.45190e-03,1.99217e-03,1.28
90,195,6.44283e-01,5.39800e-01,1.45200e-03,1.99480e-03,1.30
90,196,6.44155e-01,5.39220e-01,1.45180e-03,1.99164e-03,1.31
90,197,6.44266e-01,5.39600e-01,1.45171e-03,1.99392e-03,1.32
90,198,6.44038e-01,5.40280e-01,1.45167e-03,1.99124e-03,1.32
90,199,6.44183e-01,5.39000e-01,1.45180e-03,1.99380e-03,1.32
90,200,6.44031e-01,5.39320e-01,1.45183e-03,1.99459e-03,1.32
