epoch,itr,loss,mask-A,mask-B,time (ms)
1,0,4.705001e-01,49.00000,30.00000,4500
1,1,3.870125e-01,36.00000,35.00000,667
1,2,3.503334e-01,49.00000,30.00000,730
1,3,3.307441e-01,49.00000,30.00000,515
1,4,3.138221e-01,48.00000,35.00000,513
1,5,2.995262e-01,55.00000,30.00000,549
1,6,2.867520e-01,51.00000,35.00000,525
1,7,2.772631e-01,41.00000,36.00000,503
1,8,2.667713e-01,49.00000,35.00000,549
1,9,2.591032e-01,57.00000,30.00000,544
1,10,2.499558e-01,37.00000,36.00000,542
1,11,2.435217e-01,53.00000,30.00000,557
1,12,2.347363e-01,37.00000,36.00000,548
1,13,2.295307e-01,34.00000,36.00000,541
1,14,2.219496e-01,49.00000,35.00000,522
1,15,2.169390e-01,49.00000,30.00000,508
1,16,2.072862e-01,55.00000,30.00000,545
1,17,2.035363e-01,59.00000,30.00000,549
1,18,1.952395e-01,54.00000,30.00000,524
1,19,1.883499e-01,55.00000,30.00000,532
1,20,1.831354e-01,49.00000,30.00000,531
1,21,1.830441e-01,31.00000,36.00000,471
1,22,1.735197e-01,37.00000,36.00000,517
1,23,1.758561e-01,41.00000,36.00000,493
1,24,1.636190e-01,42.00000,35.00000,489
1,25,1.635601e-01,45.00000,35.00000,501
1,26,1.569224e-01,42.00000,35.00000,518
1,27,1.558471e-01,36.00000,40.00000,497
1,28,1.468999e-01,36.00000,35.00000,510
1,29,1.456193e-01,57.00000,30.00000,554
1,30,1.416169e-01,46.00000,35.00000,509
1,31,1.420674e-01,49.00000,30.00000,537
1,32,1.396286e-01,38.00000,35.00000,500
1,33,1.386215e-01,47.00000,35.00000,509
1,34,1.322937e-01,46.00000,35.00000,533
1,35,1.293100e-01,49.00000,30.00000,533
1,36,1.375992e-01,48.00000,36.00000,515
1,37,1.310419e-01,48.00000,35.00000,522
1,38,1.271067e-01,54.00000,30.00000,521
1,39,1.247363e-01,49.00000,30.00000,562
1,40,1.310211e-01,35.00000,36.00000,512
1,41,1.256678e-01,49.00000,30.00000,523
1,42,1.241557e-01,45.00000,35.00000,502
1,43,1.285382e-01,43.00000,36.00000,500
1,44,1.250208e-01,43.00000,35.00000,494
1,45,1.174410e-01,57.00000,30.00000,548
1,46,1.263559e-01,38.00000,35.00000,511
1,47,1.193536e-01,56.00000,30.00000,528
1,48,1.244730e-01,36.00000,36.00000,496
1,49,1.188115e-01,53.00000,30.00000,524
1,50,1.233055e-01,45.00000,35.00000,521
1,51,1.236574e-01,42.00000,40.00000,495
1,52,1.223627e-01,48.00000,35.00000,522
1,53,1.219868e-01,45.00000,35.00000,491
1,54,1.190312e-01,49.00000,30.00000,540
1,55,1.233395e-01,38.00000,35.00000,513
1,56,1.262139e-01,49.00000,35.00000,516
1,57,1.252820e-01,38.00000,36.00000,494
1,58,1.194231e-01,49.00000,30.00000,548
1,59,1.248411e-01,52.00000,30.00000,514
1,60,1.192974e-01,62.00000,30.00000,558
1,61,1.218266e-01,55.00000,30.00000,555
1,62,1.258492e-01,44.00000,35.00000,522
1,63,1.233983e-01,46.00000,35.00000,522
1,64,1.245077e-01,57.00000,30.00000,541
1,65,1.293393e-01,44.00000,35.00000,506
1,66,1.339191e-01,36.00000,36.00000,485
1,67,1.259713e-01,50.00000,35.00000,536
1,68,1.285485e-01,47.00000,36.00000,528
1,69,1.271818e-01,47.00000,35.00000,515
1,70,1.359261e-01,37.00000,36.00000,472
1,71,1.240975e-01,52.00000,30.00000,536
1,72,1.346423e-01,37.00000,36.00000,504
1,73,1.251866e-01,55.00000,30.00000,534
1,74,1.311532e-01,46.00000,35.00000,512
1,75,1.315642e-01,48.00000,35.00000,513
1,76,1.275414e-01,49.00000,30.00000,525
1,77,1.401506e-01,47.00000,36.00000,514
1,78,1.453315e-01,41.00000,36.00000,488
1,79,1.306289e-01,49.00000,30.00000,520
1,80,1.361291e-01,46.00000,35.00000,510
1,81,1.404525e-01,38.00000,40.00000,483
1,82,1.287783e-01,49.00000,30.00000,523
1,83,1.365925e-01,48.00000,35.00000,515
1,84,1.410287e-01,38.00000,35.00000,493
1,85,1.350851e-01,48.00000,35.00000,519
1,86,1.436218e-01,37.00000,35.00000,518
1,87,1.364989e-01,54.00000,30.00000,529
1,88,1.348899e-01,46.00000,35.00000,517
1,89,1.330056e-01,47.00000,35.00000,540
1,90,1.374319e-01,52.00000,30.00000,534
1,91,1.334234e-01,52.00000,30.00000,522
1,92,1.398474e-01,43.00000,35.00000,491
1,93,1.312968e-01,54.00000,30.00000,542
1,94,1.392169e-01,54.00000,30.00000,541
1,95,1.360616e-01,54.00000,30.00000,540
1,96,1.423897e-01,40.00000,35.00000,517
1,97,1.350527e-01,56.00000,30.00000,545
1,98,1.335453e-01,58.00000,30.00000,556
1,99,1.361565e-01,59.00000,30.00000,558
1,100,1.385219e-01,54.00000,30.00000,533
1,101,1.343480e-01,53.00000,30.00000,550
1,102,1.355788e-01,57.00000,30.00000,549
1,103,1.422692e-01,42.00000,35.00000,526
1,104,1.392686e-01,47.00000,35.00000,520
1,105,1.548111e-01,35.00000,36.00000,504
1,106,1.385450e-01,55.00000,30.00000,534
1,107,1.317947e-01,47.00000,35.00000,521
1,108,1.382732e-01,48.00000,35.00000,534
1,109,1.333976e-01,52.00000,30.00000,545
1,110,1.474502e-01,36.00000,35.00000,493
1,111,1.465811e-01,45.00000,35.00000,494
1,112,1.319473e-01,58.00000,30.00000,538
1,113,1.410449e-01,54.00000,30.00000,525
1,114,1.410448e-01,43.00000,35.00000,534
1,115,1.355541e-01,51.00000,30.00000,549
1,116,1.346624e-01,55.00000,30.00000,551
1,117,1.327968e-01,56.00000,30.00000,543
1,118,1.486276e-01,37.00000,36.00000,495
1,119,1.346567e-01,53.00000,30.00000,526
1,120,1.355092e-01,57.00000,30.00000,550
1,121,1.340141e-01,54.00000,30.00000,530
1,122,1.393697e-01,49.00000,30.00000,508
1,123,1.585820e-01,25.00000,36.00000,472
1,124,1.304233e-01,60.00000,30.00000,562
1,125,1.461667e-01,42.00000,35.00000,503
1,126,1.366237e-01,49.00000,35.00000,514
1,127,1.374437e-01,52.00000,30.00000,542
1,128,1.453521e-01,45.00000,35.00000,493
1,129,1.302193e-01,54.00000,30.00000,544
1,130,1.330007e-01,55.00000,30.00000,556
1,131,1.495027e-01,40.00000,36.00000,506
1,132,1.385501e-01,44.00000,35.00000,509
1,133,1.518737e-01,30.00000,36.00000,466
1,134,1.412430e-01,43.00000,35.00000,492
1,135,1.434572e-01,42.00000,36.00000,486
1,136,1.368919e-01,49.00000,30.00000,534
1,137,1.376247e-01,38.00000,35.00000,518
1,138,1.333628e-01,45.00000,35.00000,494
1,139,1.320605e-01,49.00000,35.00000,514
1,140,1.279485e-01,55.00000,30.00000,549
1,141,1.326508e-01,46.00000,35.00000,515
1,142,1.376916e-01,46.00000,35.00000,516
1,143,1.339407e-01,43.00000,35.00000,501
1,144,1.371547e-01,40.00000,35.00000,492
1,145,1.233324e-01,54.00000,30.00000,551
1,146,1.223764e-01,56.00000,30.00000,546
1,147,1.298407e-01,45.00000,35.00000,503
1,148,1.431587e-01,37.00000,36.00000,492
1,149,1.342522e-01,44.00000,35.00000,501
1,150,1.193880e-01,52.00000,30.00000,561
1,151,1.201799e-01,57.00000,30.00000,554
1,152,1.290707e-01,51.00000,35.00000,522
1,153,1.292232e-01,46.00000,35.00000,533
1,154,1.324085e-01,36.00000,40.00000,505
1,155,1.356814e-01,34.00000,40.00000,490
1,156,1.283994e-01,44.00000,36.00000,512
1,157,1.203175e-01,49.00000,30.00000,537
1,158,1.186944e-01,51.00000,35.00000,522
1,159,1.235196e-01,48.00000,35.00000,517
1,160,1.347596e-01,35.00000,36.00000,503
1,161,1.214893e-01,47.00000,35.00000,513
1,162,1.125580e-01,54.00000,30.00000,542
1,163,1.264054e-01,43.00000,36.00000,507
1,164,1.355291e-01,37.00000,36.00000,473
1,165,1.196790e-01,49.00000,30.00000,533
1,166,1.185915e-01,57.00000,30.00000,543
1,167,1.318752e-01,37.00000,40.00000,489
1,168,1.123174e-01,57.00000,30.00000,543
1,169,1.322082e-01,45.00000,36.00000,506
1,170,1.269215e-01,35.00000,36.00000,486
1,171,1.434568e-01,30.00000,36.00000,470
1,172,1.108939e-01,57.00000,30.00000,550
1,173,1.232266e-01,46.00000,35.00000,516
1,174,1.182717e-01,48.00000,35.00000,525
1,175,1.237444e-01,44.00000,36.00000,493
1,176,1.041356e-01,55.00000,30.00000,542
1,177,1.148358e-01,43.00000,35.00000,494
1,178,1.228409e-01,35.00000,36.00000,495
1,179,1.172567e-01,42.00000,36.00000,493
1,180,1.089696e-01,49.00000,30.00000,526
1,181,1.088526e-01,59.00000,30.00000,559
1,182,1.230398e-01,37.00000,36.00000,504
1,183,1.174293e-01,41.00000,35.00000,488
1,184,1.058053e-01,58.00000,30.00000,538
1,185,1.104059e-01,46.00000,36.00000,508
1,186,1.100048e-01,48.00000,35.00000,514
1,187,1.049161e-01,53.00000,30.00000,535
1,188,1.060556e-01,54.00000,30.00000,549
1,189,1.062117e-01,49.00000,30.00000,540
1,190,1.142735e-01,42.00000,35.00000,511
1,191,1.052901e-01,53.00000,35.00000,528
1,192,1.113338e-01,45.00000,35.00000,493
1,193,1.071409e-01,45.00000,35.00000,527
1,194,1.106665e-01,47.00000,35.00000,511
1,195,1.002250e-01,57.00000,30.00000,553
1,196,1.032253e-01,58.00000,30.00000,538
1,197,1.003932e-01,49.00000,30.00000,530
1,198,1.043053e-01,55.00000,30.00000,534
1,199,1.052491e-01,48.00000,35.00000,521
1,200,1.033769e-01,54.00000,30.00000,531
1,201,1.035455e-01,53.00000,30.00000,540
1,202,1.118559e-01,40.00000,36.00000,497
1,203,1.001612e-01,55.00000,30.00000,536
1,204,9.589165e-02,58.00000,30.00000,550
1,205,1.098381e-01,40.00000,35.00000,493
1,206,1.102961e-01,41.00000,36.00000,491
1,207,1.111424e-01,44.00000,35.00000,501
1,208,1.086333e-01,36.00000,36.00000,492
1,209,1.017804e-01,41.00000,35.00000,514
1,210,9.392565e-02,55.00000,30.00000,545
1,211,9.706761e-02,53.00000,30.00000,533
1,212,1.035219e-01,45.00000,35.00000,513
1,213,9.988991e-02,47.00000,35.00000,519
1,214,1.250404e-01,31.00000,36.00000,476
1,215,1.100103e-01,36.00000,36.00000,477
1,216,9.359311e-02,49.00000,30.00000,556
1,217,9.170685e-02,53.00000,30.00000,549
1,218,9.154962e-02,55.00000,30.00000,535
1,219,1.051302e-01,37.00000,36.00000,487
1,220,9.246058e-02,53.00000,30.00000,552
1,221,1.000380e-01,45.00000,35.00000,510
1,222,9.665649e-02,45.00000,35.00000,501
1,223,9.943987e-02,45.00000,35.00000,513
1,224,8.973935e-02,49.00000,30.00000,540
1,225,9.581938e-02,43.00000,35.00000,515
1,226,9.133933e-02,56.00000,30.00000,531
1,227,9.363870e-02,46.00000,35.00000,524
1,228,9.617516e-02,42.00000,36.00000,500
1,229,9.433405e-02,48.00000,35.00000,515
1,230,9.101817e-02,51.00000,30.00000,545
1,231,8.925161e-02,53.00000,30.00000,525
1,232,9.718879e-02,39.00000,35.00000,489
1,233,8.781485e-02,53.00000,30.00000,551
1,234,9.459330e-02,44.00000,35.00000,506
1,235,8.814891e-02,53.00000,30.00000,525
1,236,8.783044e-02,52.00000,35.00000,535
1,237,9.028684e-02,43.00000,35.00000,488
1,238,9.819648e-02,43.00000,35.00000,488
1,239,9.216362e-02,41.00000,36.00000,497
1,240,8.566713e-02,52.00000,30.00000,541
1,241,9.624688e-02,37.00000,36.00000,511
1,242,1.022426e-01,43.00000,36.00000,499
1,243,8.584496e-02,49.00000,30.00000,546
1,244,9.353223e-02,40.00000,36.00000,501
1,245,8.326522e-02,52.00000,30.00000,547
1,246,8.309608e-02,49.00000,35.00000,534
1,247,8.785021e-02,46.00000,35.00000,510
1,248,8.125896e-02,49.00000,30.00000,540
1,249,9.860407e-02,37.00000,36.00000,489
1,250,9.266432e-02,38.00000,40.00000,492
1,251,8.285634e-02,55.00000,30.00000,536
1,252,9.098917e-02,42.00000,36.00000,502
1,253,8.074470e-02,49.00000,30.00000,533
1,254,7.517751e-02,59.00000,30.00000,561
1,255,8.903612e-02,38.00000,35.00000,514
1,256,8.390175e-02,47.00000,35.00000,512
1,257,7.568473e-02,58.00000,30.00000,547
1,258,8.726483e-02,43.00000,35.00000,521
1,259,7.916769e-02,46.00000,35.00000,543
1,260,8.086342e-02,46.00000,35.00000,524
1,261,7.503168e-02,59.00000,30.00000,560
1,262,9.243192e-02,36.00000,36.00000,481
1,263,8.227221e-02,48.00000,35.00000,522
1,264,8.085244e-02,42.00000,35.00000,526
1,265,8.011675e-02,47.00000,35.00000,511
1,266,8.111794e-02,43.00000,36.00000,505
1,267,7.861935e-02,49.00000,30.00000,521
1,268,7.318205e-02,59.00000,30.00000,559
1,269,7.295717e-02,55.00000,30.00000,537
1,270,8.071646e-02,48.00000,35.00000,515
1,271,6.697354e-02,54.00000,30.00000,562
1,272,8.180011e-02,37.00000,36.00000,497
1,273,7.706547e-02,41.00000,35.00000,506
1,274,8.317681e-02,45.00000,36.00000,507
1,275,7.689435e-02,46.00000,35.00000,521
1,276,7.629567e-02,45.00000,35.00000,519
1,277,7.313314e-02,54.00000,30.00000,540
1,278,7.024831e-02,54.00000,30.00000,539
1,279,7.534447e-02,46.00000,35.00000,518
1,280,7.139093e-02,55.00000,30.00000,536
1,281,8.050470e-02,40.00000,36.00000,492
1,282,7.884906e-02,46.00000,36.00000,536
1,283,7.662469e-02,42.00000,35.00000,495
1,284,6.865140e-02,57.00000,30.00000,551
1,285,7.133768e-02,48.00000,35.00000,531
1,286,6.877834e-02,56.00000,30.00000,544
1,287,7.718019e-02,44.00000,40.00000,511
1,288,7.294932e-02,53.00000,30.00000,547
1,289,7.234740e-02,38.00000,35.00000,544
1,290,7.689359e-02,38.00000,40.00000,489
1,291,6.762213e-02,49.00000,30.00000,525
1,292,8.343355e-02,31.00000,36.00000,472
1,293,7.261615e-02,45.00000,35.00000,517
1,294,6.563225e-02,59.00000,30.00000,563
1,295,7.358699e-02,37.00000,36.00000,516
1,296,7.597980e-02,37.00000,40.00000,490
1,297,6.545852e-02,55.00000,30.00000,544
1,298,6.647165e-02,57.00000,30.00000,552
1,299,7.170910e-02,37.00000,35.00000,529
1,300,7.855719e-02,31.00000,36.00000,517
1,301,7.628640e-02,35.00000,36.00000,507
1,302,7.010681e-02,42.00000,35.00000,517
1,303,6.151052e-02,53.00000,30.00000,551
1,304,6.908913e-02,46.00000,35.00000,537
1,305,6.785759e-02,44.00000,35.00000,534
1,306,5.992430e-02,59.00000,30.00000,569
1,307,6.315994e-02,54.00000,30.00000,536
1,308,6.674552e-02,42.00000,35.00000,522
1,309,6.485895e-02,52.00000,35.00000,552
1,310,6.032925e-02,57.00000,30.00000,550
1,311,7.290415e-02,41.00000,36.00000,494
1,312,7.177304e-02,41.00000,36.00000,519
1,313,7.101352e-02,46.00000,36.00000,508
1,314,6.769838e-02,44.00000,35.00000,511
1,315,6.445713e-02,46.00000,35.00000,525
1,316,6.700695e-02,45.00000,35.00000,518
1,317,7.171910e-02,36.00000,35.00000,510
1,318,6.101447e-02,51.00000,30.00000,525
1,319,6.106276e-02,53.00000,30.00000,547
1,320,6.897068e-02,38.00000,35.00000,507
1,321,6.559999e-02,46.00000,35.00000,519
1,322,6.429107e-02,42.00000,35.00000,531
1,323,5.958676e-02,56.00000,30.00000,547
1,324,6.352261e-02,51.00000,36.00000,540
1,325,5.901792e-02,53.00000,30.00000,533
1,326,6.826451e-02,36.00000,40.00000,515
1,327,6.090211e-02,49.00000,35.00000,527
1,328,5.990446e-02,49.00000,30.00000,559
1,329,6.060931e-02,47.00000,35.00000,532
1,330,6.394202e-02,38.00000,35.00000,513
1,331,6.601778e-02,43.00000,36.00000,507
1,332,5.715749e-02,54.00000,30.00000,555
1,333,5.842557e-02,49.00000,30.00000,531
1,334,6.230308e-02,43.00000,35.00000,513
1,335,6.150288e-02,46.00000,35.00000,524
1,336,6.158452e-02,42.00000,35.00000,507
1,337,5.935276e-02,46.00000,35.00000,540
1,338,5.450195e-02,57.00000,30.00000,580
1,339,5.318346e-02,58.00000,30.00000,554
1,340,5.479655e-02,55.00000,30.00000,546
1,341,5.769042e-02,47.00000,35.00000,513
1,342,5.640526e-02,48.00000,35.00000,523
1,343,5.349219e-02,53.00000,30.00000,559
1,344,6.941317e-02,30.00000,36.00000,509
1,345,6.220489e-02,40.00000,35.00000,494
1,346,5.813088e-02,48.00000,35.00000,521
1,347,5.698768e-02,57.00000,30.00000,566
1,348,6.054545e-02,45.00000,35.00000,516
1,349,6.374294e-02,38.00000,35.00000,500
1,350,5.759634e-02,48.00000,35.00000,525
1,351,5.913091e-02,42.00000,35.00000,518
1,352,6.664026e-02,30.00000,36.00000,497
1,353,5.987451e-02,42.00000,35.00000,509
1,354,5.359336e-02,49.00000,30.00000,551
1,355,5.118830e-02,55.00000,30.00000,571
1,356,5.804968e-02,47.00000,35.00000,506
1,357,5.449080e-02,53.00000,30.00000,546
1,358,5.691559e-02,49.00000,35.00000,516
1,359,5.261944e-02,49.00000,30.00000,550
1,360,6.152033e-02,46.00000,36.00000,505
1,361,5.154742e-02,53.00000,30.00000,549
1,362,5.181246e-02,57.00000,30.00000,551
1,363,6.268620e-02,38.00000,40.00000,489
1,364,5.439992e-02,48.00000,35.00000,529
1,365,5.199047e-02,52.00000,30.00000,541
1,366,5.825064e-02,47.00000,35.00000,509
1,367,5.101847e-02,53.00000,30.00000,537
1,368,6.247165e-02,43.00000,36.00000,500
1,369,6.383532e-02,31.00000,36.00000,471
1,370,5.463008e-02,49.00000,35.00000,527
1,371,5.680510e-02,45.00000,35.00000,511
1,372,5.554368e-02,45.00000,35.00000,531
1,373,5.578540e-02,48.00000,35.00000,516
1,374,5.740487e-02,46.00000,35.00000,511
1,375,5.088861e-02,55.00000,30.00000,556
1,376,5.081502e-02,58.00000,30.00000,549
1,377,6.327564e-02,40.00000,36.00000,480
1,378,5.230477e-02,53.00000,30.00000,528
1,379,5.424406e-02,43.00000,35.00000,538
1,380,5.156421e-02,54.00000,30.00000,529
1,381,5.453143e-02,42.00000,35.00000,542
1,382,4.884352e-02,52.00000,30.00000,541
1,383,5.255599e-02,52.00000,35.00000,544
1,384,4.725678e-02,57.00000,30.00000,569
1,385,5.174149e-02,59.00000,30.00000,559
1,386,5.538094e-02,37.00000,40.00000,513
1,387,4.878166e-02,57.00000,30.00000,549
1,388,5.468409e-02,40.00000,35.00000,508
1,389,4.927813e-02,53.00000,30.00000,539
1,390,4.989176e-02,50.00000,35.00000,545
1,391,5.866471e-02,36.00000,40.00000,485
1,392,6.095309e-02,42.00000,36.00000,492
1,393,4.628268e-02,59.00000,30.00000,570
1,394,5.797664e-02,36.00000,36.00000,520
1,395,6.113655e-02,36.00000,36.00000,510
1,396,5.295361e-02,38.00000,35.00000,526
1,397,5.459773e-02,42.00000,36.00000,510
1,398,5.532134e-02,40.00000,35.00000,492
1,399,4.819011e-02,49.00000,30.00000,551
1,400,4.966190e-02,58.00000,30.00000,564
1,401,5.107981e-02,42.00000,35.00000,518
1,402,4.583554e-02,54.00000,30.00000,546
1,403,4.804379e-02,49.00000,35.00000,532
1,404,4.725593e-02,57.00000,30.00000,565
1,405,4.617022e-02,57.00000,30.00000,545
1,406,4.721155e-02,52.00000,30.00000,544
1,407,4.495902e-02,52.00000,30.00000,563
1,408,5.403679e-02,43.00000,36.00000,509
1,409,4.639015e-02,57.00000,30.00000,544
1,410,4.473312e-02,57.00000,30.00000,569
1,411,5.590676e-02,42.00000,36.00000,515
1,412,5.026941e-02,43.00000,35.00000,510
1,413,4.589353e-02,49.00000,30.00000,539
1,414,5.310025e-02,35.00000,36.00000,510
1,415,4.582631e-02,54.00000,30.00000,545
1,416,5.118394e-02,45.00000,35.00000,512
1,417,4.739758e-02,49.00000,35.00000,547
1,418,4.733641e-02,53.00000,30.00000,561
1,419,5.822094e-02,41.00000,36.00000,501
1,420,5.254490e-02,43.00000,35.00000,509
1,421,4.969683e-02,40.00000,35.00000,502
1,422,5.595767e-02,30.00000,36.00000,493
1,423,5.667897e-02,35.00000,36.00000,500
1,424,4.776258e-02,47.00000,35.00000,508
1,425,4.579431e-02,54.00000,30.00000,548
1,426,4.516245e-02,57.00000,30.00000,553
1,427,4.550963e-02,59.00000,30.00000,560
1,428,4.709481e-02,49.00000,30.00000,516
1,429,4.966428e-02,48.00000,35.00000,534
1,430,4.650781e-02,48.00000,35.00000,520
1,431,4.886586e-02,48.00000,35.00000,522
1,432,5.376291e-02,45.00000,36.00000,508
1,433,5.234720e-02,40.00000,36.00000,485
1,434,5.129068e-02,47.00000,36.00000,523
1,435,4.617056e-02,47.00000,35.00000,521
1,436,4.753729e-02,44.00000,35.00000,521
1,437,4.758077e-02,47.00000,35.00000,529
1,438,4.947241e-02,41.00000,36.00000,513
1,439,4.454996e-02,49.00000,30.00000,523
1,440,4.861911e-02,40.00000,40.00000,506
1,441,4.852508e-02,48.00000,35.00000,516
1,442,4.631361e-02,49.00000,30.00000,532
1,443,5.413404e-02,36.00000,36.00000,509
1,444,4.746391e-02,43.00000,35.00000,554
1,445,4.658749e-02,43.00000,35.00000,526
1,446,4.328181e-02,53.00000,30.00000,529
1,447,5.153167e-02,40.00000,36.00000,505
1,448,4.257049e-02,54.00000,30.00000,544
1,449,4.415343e-02,49.00000,30.00000,542
1,450,4.765098e-02,41.00000,35.00000,520
1,451,4.678535e-02,45.00000,35.00000,518
1,452,4.508232e-02,48.00000,35.00000,532
1,453,5.342451e-02,36.00000,36.00000,499
1,454,4.239704e-02,54.00000,30.00000,537
1,455,4.260271e-02,55.00000,30.00000,548
1,456,4.579353e-02,49.00000,35.00000,560
1,457,4.447198e-02,59.00000,30.00000,559
1,458,5.256775e-02,47.00000,36.00000,523
1,459,5.422274e-02,30.00000,36.00000,480
1,460,5.341405e-02,35.00000,36.00000,486
1,461,4.183808e-02,57.00000,30.00000,550
1,462,4.311541e-02,49.00000,30.00000,537
1,463,4.215107e-02,53.00000,30.00000,528
1,464,5.079605e-02,39.00000,36.00000,496
1,465,4.880862e-02,45.00000,35.00000,520
1,466,4.336175e-02,53.00000,30.00000,539
1,467,4.750357e-02,37.00000,35.00000,515
1,468,4.582068e-02,47.00000,35.00000,520
1,469,4.558150e-02,48.00000,35.00000,516
1,470,4.201353e-02,49.00000,30.00000,546
1,471,4.156977e-02,49.00000,30.00000,551
1,472,4.857104e-02,41.00000,35.00000,497
1,473,4.665018e-02,30.00000,36.00000,537
1,474,4.642363e-02,43.00000,35.00000,499
1,475,4.143152e-02,58.00000,30.00000,541
1,476,4.564938e-02,37.00000,35.00000,520
1,477,4.617837e-02,37.00000,36.00000,500
1,478,4.251564e-02,56.00000,30.00000,540
1,479,5.082295e-02,25.00000,36.00000,515
1,480,4.127496e-02,50.00000,30.00000,544
1,481,4.228812e-02,40.00000,35.00000,538
1,482,4.580134e-02,44.00000,35.00000,532
1,483,4.661879e-02,46.00000,36.00000,517
1,484,4.654705e-02,36.00000,40.00000,507
1,485,4.193250e-02,57.00000,30.00000,557
1,486,4.107285e-02,55.00000,30.00000,547
1,487,4.100914e-02,54.00000,30.00000,539
1,488,4.042738e-02,49.00000,30.00000,558
1,489,4.915782e-02,35.00000,36.00000,474
1,490,4.041068e-02,53.00000,30.00000,546
1,491,4.065766e-02,44.00000,35.00000,554
1,492,4.357276e-02,55.00000,30.00000,544
1,493,4.267603e-02,47.00000,35.00000,515
1,494,4.057170e-02,49.00000,30.00000,543
1,495,4.307370e-02,36.00000,35.00000,521
1,496,4.377668e-02,45.00000,35.00000,511
1,497,3.923312e-02,53.00000,30.00000,556
1,498,3.999253e-02,55.00000,30.00000,543
1,499,3.945122e-02,58.00000,30.00000,547
1,500,3.908008e-02,54.00000,30.00000,539
1,501,3.960157e-02,52.00000,30.00000,526
1,502,4.320302e-02,46.00000,35.00000,511
1,503,4.700159e-02,43.00000,36.00000,500
1,504,4.184041e-02,46.00000,35.00000,517
1,505,4.675807e-02,37.00000,35.00000,479
1,506,3.788022e-02,51.00000,30.00000,527
1,507,4.201925e-02,44.00000,35.00000,515
1,508,4.731845e-02,37.00000,36.00000,491
1,509,3.771955e-02,59.00000,30.00000,562
1,510,5.201074e-02,25.00000,36.00000,474
1,511,4.158083e-02,46.00000,35.00000,522
1,512,3.630129e-02,59.00000,30.00000,554
1,513,4.773501e-02,43.00000,36.00000,500
1,514,4.652645e-02,35.00000,36.00000,498
1,515,3.788834e-02,54.00000,30.00000,541
1,516,4.165277e-02,43.00000,35.00000,497
1,517,4.127824e-02,40.00000,35.00000,515
1,518,4.178274e-02,45.00000,35.00000,514
1,519,4.470432e-02,36.00000,36.00000,519
1,520,4.375107e-02,49.00000,30.00000,548
1,521,4.279039e-02,40.00000,35.00000,531
1,522,4.007082e-02,44.00000,35.00000,527
1,523,4.199990e-02,49.00000,30.00000,530
1,524,4.672753e-02,49.00000,36.00000,525
1,525,3.923130e-02,52.00000,30.00000,552
1,526,4.241725e-02,44.00000,35.00000,520
1,527,4.032977e-02,54.00000,30.00000,531
1,528,3.620525e-02,60.00000,30.00000,570
1,529,4.082459e-02,50.00000,35.00000,547
1,530,3.792309e-02,55.00000,30.00000,549
1,531,3.918725e-02,53.00000,30.00000,527
1,532,4.215097e-02,40.00000,35.00000,500
1,533,4.204305e-02,40.00000,35.00000,516
1,534,4.523444e-02,45.00000,36.00000,510
1,535,4.022235e-02,47.00000,35.00000,509
1,536,3.822244e-02,54.00000,30.00000,532
1,537,4.198558e-02,40.00000,35.00000,538
1,538,4.576929e-02,40.00000,36.00000,488
1,539,3.590584e-02,57.00000,30.00000,552
1,540,3.638143e-02,54.00000,30.00000,536
1,541,4.408374e-02,39.00000,36.00000,495
1,542,3.928457e-02,54.00000,30.00000,528
1,543,4.202034e-02,45.00000,36.00000,515
1,544,3.971257e-02,49.00000,30.00000,548
1,545,4.073896e-02,41.00000,35.00000,523
1,546,4.561411e-02,38.00000,36.00000,509
1,547,3.795749e-02,55.00000,30.00000,544
1,548,4.168433e-02,44.00000,35.00000,518
1,549,4.269169e-02,39.00000,36.00000,504
1,550,3.788790e-02,54.00000,30.00000,553
1,551,3.988120e-02,45.00000,35.00000,522
1,552,3.833508e-02,57.00000,30.00000,558
1,553,3.598181e-02,56.00000,30.00000,543
1,554,3.744703e-02,55.00000,30.00000,536
1,555,4.217709e-02,36.00000,35.00000,521
1,556,3.691985e-02,57.00000,30.00000,546
1,557,4.063753e-02,48.00000,35.00000,548
1,558,3.854454e-02,36.00000,35.00000,535
1,559,3.853220e-02,52.00000,30.00000,527
1,560,4.335937e-02,46.00000,36.00000,505
1,561,3.725979e-02,49.00000,30.00000,533
1,562,3.740393e-02,49.00000,30.00000,540
1,563,3.891909e-02,47.00000,35.00000,506
1,564,4.539958e-02,41.00000,36.00000,502
1,565,3.620706e-02,53.00000,30.00000,541
1,566,4.557747e-02,31.00000,36.00000,531
1,567,3.931210e-02,55.00000,30.00000,536
1,568,3.828521e-02,50.00000,35.00000,534
1,569,4.968962e-02,30.00000,36.00000,453
1,570,3.907539e-02,52.00000,35.00000,536
1,571,3.442043e-02,54.00000,30.00000,583
1,572,4.058823e-02,42.00000,40.00000,503
1,573,3.715045e-02,53.00000,30.00000,534
1,574,3.887679e-02,46.00000,35.00000,516
1,575,3.796324e-02,49.00000,30.00000,549
1,576,3.669329e-02,53.00000,30.00000,549
1,577,3.837743e-02,50.00000,35.00000,533
1,578,4.330330e-02,39.00000,40.00000,504
1,579,4.627781e-02,31.00000,36.00000,465
1,580,3.679030e-02,55.00000,30.00000,537
1,581,3.497989e-02,56.00000,30.00000,549
1,582,3.868250e-02,44.00000,35.00000,507
1,583,4.026671e-02,46.00000,35.00000,525
1,584,4.606471e-02,31.00000,36.00000,467
1,585,3.818161e-02,51.00000,35.00000,536
1,586,3.707395e-02,52.00000,30.00000,542
1,587,4.422380e-02,35.00000,36.00000,513
1,588,4.289076e-02,39.00000,40.00000,492
1,589,3.627975e-02,58.00000,30.00000,558
1,590,3.746079e-02,51.00000,30.00000,524
1,591,4.120088e-02,40.00000,36.00000,489
1,592,3.859031e-02,45.00000,35.00000,524
1,593,3.503703e-02,53.00000,30.00000,540
1,594,4.578614e-02,30.00000,36.00000,488
1,595,3.614714e-02,56.00000,30.00000,557
1,596,3.783038e-02,49.00000,30.00000,530
1,597,4.294370e-02,39.00000,36.00000,514
1,598,4.979226e-02,25.00000,36.00000,446
1,599,3.967254e-02,44.00000,35.00000,508
1,600,4.249476e-02,38.00000,36.00000,495
1,601,4.095960e-02,35.00000,36.00000,508
1,602,3.722143e-02,52.00000,30.00000,546
1,603,3.659802e-02,49.00000,30.00000,542
1,604,4.080365e-02,42.00000,35.00000,505
1,605,3.570611e-02,54.00000,30.00000,556
1,606,3.546821e-02,57.00000,30.00000,563
1,607,3.592502e-02,53.00000,30.00000,546
1,608,4.020026e-02,44.00000,35.00000,509
1,609,3.924042e-02,48.00000,35.00000,516
1,610,3.815983e-02,37.00000,35.00000,537
1,611,4.432687e-02,31.00000,36.00000,487
1,612,3.960997e-02,47.00000,35.00000,508
1,613,3.891160e-02,48.00000,35.00000,528
1,614,4.278253e-02,36.00000,36.00000,474
1,615,3.929171e-02,44.00000,35.00000,537
1,616,4.196223e-02,40.00000,36.00000,489
1,617,3.659960e-02,53.00000,30.00000,546
1,618,4.417606e-02,31.00000,36.00000,487
1,619,3.679857e-02,47.00000,35.00000,528
1,620,3.540557e-02,57.00000,30.00000,556
1,621,3.776943e-02,47.00000,35.00000,515
1,622,3.722992e-02,54.00000,30.00000,525
1,623,3.670570e-02,54.00000,30.00000,534
1,624,3.782490e-02,45.00000,35.00000,530
1,625,3.498670e-02,54.00000,30.00000,536
1,626,3.496330e-02,54.00000,30.00000,546
1,627,4.505449e-02,31.00000,36.00000,459
1,628,4.352841e-02,36.00000,36.00000,486
1,629,3.745648e-02,45.00000,35.00000,529
1,630,3.923043e-02,47.00000,35.00000,506
1,631,4.199426e-02,36.00000,40.00000,518
1,632,4.140982e-02,43.00000,35.00000,500
1,633,4.236655e-02,36.00000,36.00000,468
1,634,3.736317e-02,49.00000,35.00000,523
1,635,4.303107e-02,37.00000,36.00000,487
1,636,3.647052e-02,56.00000,30.00000,565
1,637,4.001861e-02,43.00000,36.00000,510
1,638,3.764837e-02,47.00000,35.00000,507
1,639,3.596119e-02,53.00000,30.00000,531
1,640,3.569048e-02,57.00000,30.00000,546
1,641,4.311047e-02,35.00000,36.00000,488
1,642,3.476535e-02,56.00000,30.00000,534
1,643,3.913541e-02,49.00000,36.00000,531
1,644,4.584577e-02,31.00000,36.00000,485
1,645,3.516495e-02,49.00000,30.00000,544
1,646,3.659474e-02,54.00000,30.00000,546
1,647,3.430855e-02,49.00000,30.00000,551
1,648,3.591452e-02,54.00000,30.00000,556
1,649,3.918890e-02,44.00000,35.00000,507
1,650,3.497325e-02,57.00000,30.00000,556
1,651,3.650663e-02,55.00000,30.00000,546
1,652,3.592644e-02,49.00000,30.00000,548
1,653,4.024504e-02,40.00000,35.00000,511
1,654,4.010199e-02,44.00000,35.00000,502
1,655,3.505711e-02,55.00000,30.00000,545
1,656,3.720427e-02,49.00000,30.00000,511
1,657,4.229810e-02,35.00000,36.00000,519
1,658,3.857325e-02,43.00000,35.00000,526
1,659,3.722405e-02,55.00000,30.00000,550
1,660,3.841374e-02,49.00000,30.00000,515
1,661,3.669352e-02,43.00000,35.00000,532
1,662,3.652046e-02,49.00000,30.00000,558
1,663,3.712454e-02,52.00000,30.00000,536
1,664,3.579903e-02,49.00000,30.00000,551
1,665,3.648590e-02,49.00000,30.00000,532
1,666,3.962690e-02,57.00000,30.00000,545
1,667,3.700947e-02,35.00000,36.00000,565
1,668,3.635151e-02,54.00000,30.00000,525
1,669,3.748113e-02,49.00000,35.00000,531
1,670,3.698258e-02,49.00000,30.00000,513
1,671,3.552033e-02,52.00000,30.00000,568
1,672,3.419377e-02,55.00000,30.00000,550
1,673,3.614758e-02,53.00000,30.00000,531
1,674,3.949039e-02,43.00000,35.00000,489
1,675,3.687719e-02,48.00000,35.00000,522
1,676,3.530896e-02,54.00000,30.00000,542
1,677,4.051701e-02,40.00000,36.00000,556
1,678,3.732000e-02,49.00000,30.00000,538
1,679,4.252493e-02,42.00000,36.00000,496
1,680,3.684786e-02,52.00000,30.00000,532
1,681,3.636321e-02,53.00000,30.00000,535
1,682,3.536339e-02,54.00000,30.00000,536
1,683,3.785855e-02,45.00000,35.00000,512
1,684,3.539990e-02,58.00000,30.00000,540
1,685,3.873897e-02,45.00000,35.00000,521
1,686,3.952580e-02,43.00000,35.00000,497
1,687,3.465519e-02,58.00000,30.00000,545
1,688,3.583701e-02,54.00000,30.00000,550
1,689,3.429871e-02,57.00000,30.00000,553
1,690,3.593795e-02,54.00000,30.00000,546
1,691,3.820480e-02,45.00000,35.00000,517
1,692,3.533199e-02,53.00000,30.00000,540
1,693,3.719708e-02,55.00000,30.00000,543
1,694,3.469563e-02,54.00000,30.00000,543
1,695,3.671858e-02,48.00000,35.00000,523
1,696,4.238691e-02,35.00000,36.00000,503
1,697,3.777692e-02,47.00000,35.00000,535
1,698,3.526413e-02,60.00000,30.00000,556
1,699,3.528737e-02,57.00000,30.00000,546
1,700,3.394926e-02,58.00000,30.00000,540
1,701,3.782650e-02,46.00000,35.00000,515
1,702,4.228281e-02,42.00000,35.00000,493
1,703,3.735326e-02,50.00000,35.00000,534
1,704,3.598424e-02,53.00000,30.00000,541
1,705,3.543492e-02,53.00000,30.00000,545
1,706,3.393971e-02,58.00000,30.00000,552
1,707,4.146056e-02,47.00000,36.00000,517
1,708,3.988051e-02,43.00000,35.00000,510
1,709,3.856909e-02,46.00000,35.00000,514
1,710,4.258591e-02,42.00000,36.00000,489
1,711,3.879569e-02,45.00000,35.00000,517
1,712,3.526825e-02,59.00000,30.00000,564
1,713,3.667684e-02,49.00000,30.00000,514
1,714,4.190996e-02,35.00000,36.00000,501
1,715,3.955326e-02,44.00000,35.00000,518
1,716,4.290867e-02,31.00000,36.00000,501
1,717,3.866138e-02,46.00000,35.00000,511
1,718,3.835107e-02,48.00000,35.00000,519
1,719,3.651605e-02,52.00000,30.00000,518
1,720,3.489391e-02,53.00000,30.00000,550
1,721,3.911895e-02,49.00000,35.00000,528
1,722,3.876919e-02,42.00000,35.00000,520
1,723,3.665387e-02,49.00000,30.00000,537
1,724,3.649547e-02,49.00000,30.00000,549
1,725,4.064490e-02,46.00000,35.00000,525
1,726,4.006549e-02,43.00000,35.00000,494
1,727,4.326928e-02,36.00000,36.00000,501
1,728,3.664756e-02,53.00000,30.00000,535
1,729,3.706457e-02,47.00000,35.00000,513
1,730,3.735837e-02,43.00000,35.00000,538
1,731,3.671870e-02,54.00000,30.00000,535
1,732,3.926464e-02,49.00000,35.00000,518
1,733,3.636063e-02,52.00000,30.00000,518
1,734,4.164615e-02,42.00000,36.00000,489
1,735,3.522293e-02,49.00000,30.00000,537
1,736,3.796780e-02,41.00000,35.00000,532
1,737,3.435455e-02,53.00000,30.00000,553
1,738,3.536061e-02,58.00000,30.00000,556
1,739,3.378267e-02,57.00000,30.00000,555
1,740,3.794717e-02,45.00000,35.00000,519
1,741,4.033355e-02,49.00000,36.00000,535
1,742,4.147384e-02,30.00000,36.00000,501
1,743,3.624120e-02,49.00000,30.00000,544
1,744,4.290712e-02,38.00000,36.00000,520
1,745,4.684719e-02,30.00000,36.00000,462
1,746,4.224876e-02,38.00000,40.00000,494
1,747,3.735052e-02,49.00000,30.00000,518
1,748,3.737139e-02,43.00000,35.00000,522
1,749,4.488434e-02,34.00000,36.00000,489
1,750,4.244436e-02,45.00000,36.00000,508
1,751,3.550806e-02,52.00000,30.00000,549
1,752,3.902765e-02,36.00000,35.00000,512
1,753,3.845248e-02,46.00000,35.00000,529
1,754,4.387258e-02,37.00000,36.00000,476
1,755,3.564556e-02,55.00000,30.00000,545
1,756,4.630221e-02,30.00000,36.00000,488
1,757,4.248804e-02,30.00000,36.00000,506
1,758,3.909101e-02,44.00000,35.00000,525
1,759,4.040556e-02,31.00000,36.00000,527
1,760,4.012932e-02,46.00000,35.00000,510
1,761,4.218741e-02,48.00000,36.00000,515
1,762,3.591148e-02,55.00000,30.00000,554
1,763,3.998926e-02,48.00000,35.00000,522
1,764,3.837612e-02,48.00000,35.00000,525
1,765,3.778154e-02,47.00000,35.00000,519
1,766,3.876512e-02,50.00000,35.00000,541
1,767,3.685226e-02,49.00000,30.00000,538
1,768,4.256360e-02,35.00000,40.00000,495
1,769,3.497523e-02,52.00000,30.00000,553
1,770,3.989331e-02,37.00000,35.00000,513
1,771,4.330437e-02,37.00000,36.00000,500
1,772,4.319187e-02,30.00000,36.00000,506
1,773,3.562737e-02,49.00000,30.00000,549
1,774,3.985830e-02,57.00000,30.00000,554
1,775,3.711548e-02,42.00000,36.00000,534
1,776,4.231757e-02,43.00000,36.00000,500
1,777,3.632563e-02,49.00000,30.00000,558
1,778,3.805707e-02,46.00000,35.00000,522
1,779,3.444289e-02,54.00000,30.00000,562
1,780,3.578802e-02,54.00000,30.00000,534
1,781,3.721844e-02,57.00000,30.00000,552
1,782,3.610644e-02,49.00000,30.00000,525
1,783,3.562034e-02,58.00000,30.00000,547
1,784,3.946053e-02,45.00000,35.00000,521
1,785,4.219962e-02,42.00000,36.00000,495
1,786,3.751819e-02,44.00000,35.00000,523
1,787,3.645923e-02,52.00000,30.00000,524
1,788,3.741881e-02,48.00000,35.00000,532
1,789,4.039542e-02,45.00000,35.00000,507
1,790,3.511954e-02,59.00000,30.00000,561
1,791,4.243130e-02,41.00000,36.00000,492
1,792,3.542886e-02,57.00000,30.00000,547
1,793,3.586987e-02,49.00000,30.00000,543
1,794,3.674653e-02,56.00000,30.00000,537
1,795,3.548612e-02,58.00000,30.00000,550
1,796,3.594703e-02,59.00000,30.00000,554
1,797,3.804413e-02,43.00000,35.00000,513
1,798,3.460382e-02,57.00000,30.00000,558
1,799,3.717693e-02,49.00000,30.00000,542
1,800,3.834406e-02,47.00000,35.00000,512
1,801,3.538820e-02,52.00000,30.00000,544
1,802,3.580212e-02,56.00000,30.00000,542
1,803,4.173818e-02,40.00000,36.00000,486
1,804,4.117264e-02,41.00000,35.00000,498
1,805,3.938021e-02,47.00000,35.00000,521
1,806,4.582132e-02,37.00000,36.00000,474
1,807,3.576195e-02,61.00000,30.00000,587
1,808,3.666577e-02,54.00000,30.00000,537
1,809,4.107478e-02,44.00000,35.00000,513
1,810,3.869346e-02,43.00000,35.00000,536
1,811,3.830542e-02,58.00000,30.00000,542
1,812,4.491890e-02,36.00000,36.00000,499
1,813,4.333271e-02,44.00000,35.00000,501
1,814,3.894657e-02,48.00000,35.00000,535
1,815,4.151254e-02,46.00000,35.00000,514
1,816,3.927187e-02,41.00000,35.00000,527
1,817,3.680608e-02,55.00000,30.00000,536
1,818,4.533146e-02,38.00000,40.00000,481
1,819,4.508148e-02,31.00000,36.00000,473
1,820,3.861317e-02,46.00000,35.00000,529
1,821,3.738587e-02,57.00000,30.00000,543
1,822,4.652725e-02,30.00000,36.00000,469
1,823,4.212487e-02,44.00000,35.00000,502
1,824,4.054433e-02,43.00000,35.00000,513
1,825,4.120118e-02,43.00000,35.00000,489
1,826,3.798905e-02,52.00000,30.00000,527
1,827,3.753840e-02,54.00000,30.00000,525
1,828,3.652660e-02,58.00000,30.00000,538
1,829,4.053895e-02,46.00000,35.00000,510
1,830,4.536277e-02,35.00000,36.00000,509
1,831,3.614809e-02,57.00000,30.00000,544
1,832,3.597705e-02,54.00000,30.00000,537
1,833,3.979181e-02,48.00000,35.00000,514
2,0,3.968318e-02,57.00000,30.00000,585
2,1,4.144614e-02,45.00000,35.00000,506
2,2,3.990834e-02,40.00000,35.00000,534
2,3,4.156804e-02,43.00000,35.00000,495
2,4,4.016422e-02,50.00000,30.00000,533
2,5,4.647007e-02,35.00000,40.00000,516
2,6,3.879359e-02,48.00000,35.00000,566
2,7,4.128534e-02,44.00000,35.00000,509
2,8,4.307088e-02,36.00000,36.00000,513
2,9,4.307271e-02,43.00000,36.00000,518
2,10,4.127602e-02,37.00000,36.00000,509
2,11,4.182917e-02,41.00000,35.00000,525
2,12,3.909091e-02,55.00000,30.00000,539
2,13,3.989450e-02,54.00000,30.00000,532
2,14,4.024791e-02,41.00000,36.00000,539
2,15,3.975578e-02,54.00000,30.00000,521
2,16,3.783764e-02,53.00000,30.00000,544
2,17,3.795641e-02,50.00000,35.00000,534
2,18,4.149874e-02,53.00000,30.00000,523
2,19,4.221729e-02,40.00000,35.00000,522
2,20,4.037693e-02,43.00000,36.00000,536
2,21,4.354970e-02,53.00000,30.00000,524
2,22,4.424683e-02,43.00000,36.00000,522
2,23,3.754466e-02,53.00000,30.00000,548
2,24,4.400931e-02,39.00000,40.00000,500
2,25,3.782740e-02,49.00000,30.00000,541
2,26,4.052455e-02,55.00000,30.00000,552
2,27,3.963130e-02,44.00000,35.00000,532
2,28,4.182279e-02,46.00000,35.00000,550
2,29,3.970089e-02,49.00000,30.00000,527
2,30,3.706172e-02,59.00000,30.00000,556
2,31,4.301760e-02,37.00000,35.00000,505
2,32,4.112781e-02,45.00000,35.00000,531
2,33,4.592535e-02,41.00000,36.00000,510
2,34,4.554807e-02,40.00000,40.00000,484
2,35,3.871708e-02,54.00000,30.00000,535
2,36,3.839288e-02,54.00000,30.00000,530
2,37,3.877700e-02,51.00000,30.00000,533
2,38,3.956789e-02,49.00000,30.00000,535
2,39,3.834589e-02,55.00000,30.00000,540
2,40,4.860880e-02,30.00000,36.00000,470
2,41,4.346846e-02,41.00000,40.00000,506
2,42,4.258510e-02,45.00000,35.00000,493
2,43,3.912952e-02,51.00000,35.00000,541
2,44,4.496772e-02,37.00000,35.00000,498
2,45,4.130634e-02,49.00000,35.00000,517
2,46,3.963997e-02,53.00000,30.00000,525
2,47,4.323379e-02,42.00000,35.00000,539
2,48,4.349618e-02,44.00000,36.00000,491
2,49,4.189732e-02,45.00000,35.00000,494
2,50,3.811932e-02,54.00000,30.00000,537
2,51,4.622973e-02,30.00000,36.00000,508
2,52,4.775580e-02,46.00000,36.00000,503
2,53,4.117491e-02,49.00000,30.00000,545
2,54,3.976598e-02,53.00000,30.00000,535
2,55,4.318717e-02,46.00000,35.00000,518
2,56,4.199888e-02,45.00000,35.00000,503
2,57,4.351258e-02,43.00000,35.00000,500
2,58,4.346273e-02,45.00000,35.00000,493
2,59,3.805058e-02,53.00000,30.00000,531
2,60,4.210943e-02,48.00000,35.00000,515
2,61,4.764410e-02,34.00000,36.00000,487
2,62,3.943088e-02,53.00000,30.00000,541
2,63,4.947586e-02,33.00000,40.00000,477
2,64,4.417911e-02,41.00000,35.00000,489
2,65,3.975121e-02,55.00000,30.00000,534
2,66,4.476273e-02,42.00000,35.00000,515
2,67,4.334010e-02,46.00000,35.00000,516
2,68,4.690334e-02,41.00000,36.00000,488
2,69,4.496102e-02,42.00000,40.00000,496
2,70,3.936876e-02,53.00000,30.00000,541
2,71,4.517860e-02,44.00000,35.00000,500
2,72,4.673672e-02,43.00000,36.00000,498
2,73,4.487542e-02,42.00000,35.00000,510
2,74,3.972794e-02,53.00000,30.00000,546
2,75,3.818885e-02,59.00000,30.00000,552
2,76,4.005632e-02,57.00000,30.00000,543
2,77,4.341727e-02,44.00000,35.00000,501
2,78,4.121515e-02,49.00000,30.00000,525
2,79,4.724755e-02,31.00000,36.00000,511
2,80,4.607441e-02,43.00000,35.00000,500
2,81,4.145646e-02,49.00000,30.00000,523
2,82,3.912275e-02,61.00000,30.00000,563
2,83,4.831853e-02,37.00000,36.00000,492
2,84,4.254561e-02,51.00000,30.00000,535
2,85,4.540613e-02,51.00000,35.00000,522
2,86,3.985427e-02,60.00000,30.00000,551
2,87,3.977863e-02,57.00000,30.00000,543
2,88,4.041467e-02,49.00000,30.00000,544
2,89,5.077811e-02,30.00000,36.00000,470
2,90,4.548142e-02,46.00000,35.00000,509
2,91,4.726680e-02,40.00000,36.00000,503
2,92,4.801099e-02,36.00000,40.00000,491
2,93,4.474627e-02,48.00000,35.00000,533
2,94,4.085678e-02,57.00000,30.00000,551
2,95,4.571346e-02,41.00000,35.00000,493
2,96,4.288492e-02,49.00000,30.00000,521
2,97,4.534227e-02,49.00000,35.00000,515
2,98,4.658615e-02,49.00000,35.00000,516
2,99,4.592810e-02,46.00000,35.00000,516
2,100,4.158524e-02,49.00000,30.00000,525
2,101,4.160228e-02,56.00000,30.00000,550
2,102,4.098881e-02,61.00000,30.00000,562
2,103,4.428867e-02,45.00000,35.00000,507
2,104,4.147053e-02,49.00000,30.00000,538
2,105,4.207170e-02,49.00000,30.00000,522
2,106,4.196607e-02,54.00000,30.00000,536
2,107,4.419731e-02,48.00000,35.00000,521
2,108,4.279812e-02,49.00000,30.00000,524
2,109,4.237930e-02,49.00000,30.00000,533
2,110,4.314051e-02,49.00000,30.00000,523
2,111,5.173009e-02,31.00000,36.00000,470
2,112,4.396469e-02,45.00000,35.00000,514
2,113,4.411307e-02,43.00000,36.00000,537
2,114,4.295347e-02,53.00000,30.00000,526
2,115,5.396645e-02,35.00000,36.00000,495
2,116,4.515748e-02,48.00000,35.00000,515
2,117,5.117167e-02,30.00000,36.00000,458
2,118,4.574816e-02,47.00000,35.00000,504
2,119,4.303222e-02,45.00000,35.00000,511
2,120,4.288932e-02,49.00000,30.00000,532
2,121,4.194649e-02,54.00000,30.00000,535
2,122,4.664063e-02,47.00000,35.00000,517
2,123,4.645000e-02,36.00000,35.00000,501
2,124,4.721592e-02,38.00000,40.00000,508
2,125,4.271283e-02,49.00000,30.00000,526
2,126,4.262751e-02,54.00000,30.00000,525
2,127,5.012101e-02,35.00000,36.00000,485
2,128,4.815309e-02,37.00000,36.00000,505
2,129,4.746196e-02,40.00000,36.00000,486
2,130,4.856464e-02,39.00000,35.00000,485
2,131,4.210151e-02,54.00000,30.00000,537
2,132,4.596613e-02,45.00000,35.00000,493
2,133,4.690420e-02,42.00000,35.00000,515
2,134,4.245680e-02,52.00000,30.00000,549
2,135,5.043409e-02,40.00000,36.00000,490
2,136,4.319859e-02,52.00000,30.00000,548
2,137,4.944283e-02,35.00000,36.00000,486
2,138,5.290001e-02,38.00000,36.00000,471
2,139,4.195770e-02,52.00000,30.00000,548
2,140,4.901250e-02,39.00000,36.00000,494
2,141,4.444320e-02,49.00000,30.00000,510
2,142,4.346351e-02,57.00000,30.00000,544
2,143,4.963265e-02,39.00000,35.00000,471
2,144,5.199876e-02,35.00000,36.00000,467
2,145,4.670795e-02,46.00000,35.00000,520
2,146,5.152682e-02,36.00000,36.00000,473
2,147,4.562397e-02,48.00000,35.00000,525
2,148,4.472055e-02,47.00000,35.00000,518
2,149,4.523139e-02,47.00000,35.00000,508
2,150,4.665550e-02,42.00000,35.00000,520
2,151,4.706298e-02,48.00000,35.00000,515
2,152,4.250463e-02,49.00000,30.00000,544
2,153,4.657917e-02,40.00000,35.00000,523
2,154,4.578276e-02,48.00000,35.00000,522
2,155,4.998119e-02,35.00000,40.00000,487
2,156,4.303658e-02,53.00000,30.00000,527
2,157,4.198626e-02,49.00000,30.00000,553
2,158,5.032453e-02,45.00000,36.00000,507
2,159,4.893085e-02,37.00000,36.00000,496
2,160,4.538063e-02,48.00000,35.00000,523
2,161,4.675244e-02,37.00000,35.00000,533
2,162,4.840007e-02,39.00000,35.00000,504
2,163,4.126944e-02,59.00000,30.00000,552
2,164,4.726845e-02,44.00000,35.00000,506
2,165,4.810040e-02,43.00000,35.00000,518
2,166,4.700327e-02,44.00000,36.00000,494
2,167,5.332894e-02,44.00000,36.00000,494
2,168,4.339606e-02,49.00000,30.00000,537
2,169,4.329940e-02,49.00000,30.00000,552
2,170,4.586253e-02,48.00000,35.00000,523
2,171,4.764317e-02,41.00000,35.00000,511
2,172,4.269809e-02,59.00000,30.00000,552
2,173,5.107133e-02,42.00000,36.00000,491
2,174,4.423540e-02,49.00000,30.00000,514
2,175,5.201317e-02,39.00000,36.00000,482
2,176,4.655478e-02,47.00000,35.00000,513
2,177,4.763792e-02,38.00000,35.00000,508
2,178,4.675652e-02,49.00000,35.00000,515
2,179,4.305722e-02,55.00000,30.00000,535
2,180,5.161277e-02,37.00000,36.00000,489
2,181,4.670478e-02,44.00000,35.00000,507
2,182,4.874293e-02,45.00000,35.00000,497
2,183,4.677456e-02,49.00000,35.00000,516
2,184,4.978424e-02,42.00000,35.00000,500
2,185,4.858685e-02,42.00000,35.00000,502
2,186,5.306017e-02,35.00000,36.00000,476
2,187,5.066923e-02,36.00000,36.00000,517
2,188,4.369295e-02,49.00000,30.00000,540
2,189,4.504894e-02,49.00000,30.00000,542
2,190,4.926242e-02,38.00000,35.00000,516
2,191,4.530105e-02,52.00000,30.00000,529
2,192,4.436190e-02,49.00000,30.00000,523
2,193,4.480832e-02,49.00000,30.00000,527
2,194,4.395760e-02,58.00000,30.00000,548
2,195,4.514006e-02,58.00000,30.00000,546
2,196,5.063553e-02,38.00000,36.00000,487
2,197,4.369170e-02,57.00000,30.00000,555
2,198,5.350737e-02,31.00000,36.00000,490
2,199,4.885103e-02,45.00000,35.00000,498
2,200,5.708883e-02,31.00000,36.00000,450
2,201,4.323972e-02,49.00000,30.00000,549
2,202,4.493636e-02,49.00000,30.00000,535
2,203,4.883987e-02,42.00000,35.00000,494
2,204,4.774505e-02,45.00000,35.00000,511
2,205,5.138950e-02,40.00000,36.00000,486
2,206,4.509135e-02,49.00000,30.00000,532
2,207,4.691484e-02,49.00000,30.00000,523
2,208,4.349452e-02,54.00000,30.00000,544
2,209,4.439372e-02,49.00000,30.00000,543
2,210,4.738027e-02,50.00000,35.00000,527
2,211,4.387049e-02,57.00000,30.00000,545
2,212,5.020573e-02,40.00000,36.00000,488
2,213,5.586012e-02,36.00000,36.00000,472
2,214,4.975888e-02,43.00000,35.00000,525
2,215,4.549121e-02,49.00000,30.00000,542
2,216,4.744093e-02,42.00000,35.00000,536
2,217,4.948102e-02,41.00000,35.00000,490
2,218,5.472126e-02,39.00000,36.00000,481
2,219,5.089309e-02,43.00000,35.00000,492
2,220,5.056906e-02,41.00000,35.00000,510
2,221,5.066989e-02,41.00000,35.00000,501
2,222,4.715777e-02,51.00000,35.00000,531
2,223,4.677707e-02,47.00000,35.00000,524
2,224,4.926649e-02,45.00000,35.00000,510
2,225,4.231775e-02,58.00000,30.00000,570
2,226,4.965324e-02,42.00000,36.00000,515
2,227,5.649335e-02,37.00000,36.00000,481
2,228,4.717726e-02,57.00000,30.00000,549
2,229,4.661668e-02,49.00000,30.00000,516
2,230,4.597782e-02,49.00000,30.00000,531
2,231,4.616733e-02,53.00000,30.00000,535
2,232,5.216053e-02,36.00000,36.00000,505
2,233,4.893089e-02,42.00000,35.00000,511
2,234,5.486328e-02,34.00000,40.00000,481
2,235,4.624883e-02,52.00000,30.00000,525
2,236,5.592635e-02,31.00000,36.00000,510
2,237,5.195453e-02,42.00000,36.00000,499
2,238,4.912762e-02,43.00000,35.00000,509
2,239,5.083403e-02,38.00000,35.00000,490
2,240,4.870300e-02,46.00000,35.00000,514
2,241,4.948096e-02,48.00000,35.00000,529
2,242,5.217268e-02,41.00000,35.00000,483
2,243,4.929242e-02,45.00000,35.00000,502
2,244,4.756016e-02,48.00000,35.00000,536
2,245,4.915194e-02,47.00000,35.00000,512
2,246,5.371860e-02,37.00000,36.00000,521
2,247,5.155649e-02,46.00000,36.00000,507
2,248,4.964376e-02,48.00000,35.00000,516
2,249,5.134263e-02,43.00000,36.00000,513
2,250,4.986634e-02,42.00000,35.00000,509
2,251,4.793982e-02,53.00000,30.00000,535
2,252,4.654878e-02,57.00000,30.00000,545
2,253,4.682010e-02,57.00000,30.00000,545
2,254,4.484021e-02,58.00000,30.00000,549
2,255,4.738210e-02,54.00000,30.00000,526
2,256,4.800339e-02,58.00000,30.00000,541
2,257,5.224791e-02,36.00000,40.00000,559
2,258,5.513077e-02,37.00000,40.00000,483
2,259,4.691260e-02,53.00000,30.00000,560
2,260,5.038477e-02,44.00000,35.00000,502
2,261,4.697066e-02,49.00000,30.00000,529
2,262,4.644457e-02,55.00000,30.00000,543
2,263,5.779377e-02,37.00000,36.00000,476
2,264,4.692363e-02,57.00000,30.00000,547
2,265,4.719525e-02,52.00000,30.00000,565
2,266,4.850863e-02,53.00000,30.00000,551
2,267,5.099234e-02,48.00000,35.00000,522
2,268,4.725945e-02,49.00000,30.00000,551
2,269,4.812144e-02,54.00000,30.00000,526
2,270,5.001683e-02,43.00000,35.00000,512
2,271,4.688407e-02,57.00000,30.00000,545
2,272,4.826139e-02,49.00000,30.00000,516
2,273,4.912427e-02,47.00000,35.00000,529
2,274,4.777371e-02,49.00000,30.00000,540
2,275,4.883181e-02,54.00000,30.00000,526
2,276,5.969287e-02,41.00000,36.00000,490
2,277,4.880034e-02,59.00000,30.00000,553
2,278,4.936431e-02,49.00000,30.00000,541
2,279,4.831240e-02,59.00000,30.00000,553
2,280,5.375202e-02,42.00000,35.00000,501
2,281,5.171298e-02,47.00000,35.00000,525
2,282,4.957023e-02,46.00000,35.00000,514
2,283,5.451309e-02,37.00000,40.00000,501
2,284,5.597641e-02,37.00000,36.00000,482
2,285,4.763737e-02,53.00000,30.00000,556
2,286,4.771383e-02,53.00000,30.00000,527
2,287,5.019822e-02,45.00000,35.00000,523
2,288,5.184815e-02,45.00000,35.00000,520
2,289,5.488820e-02,43.00000,36.00000,518
2,290,5.770398e-02,35.00000,40.00000,477
2,291,5.394000e-02,43.00000,36.00000,507
2,292,5.345260e-02,41.00000,36.00000,513
2,293,5.502647e-02,40.00000,36.00000,507
2,294,4.877558e-02,54.00000,30.00000,538
2,295,5.487477e-02,37.00000,36.00000,517
2,296,4.984501e-02,49.00000,30.00000,552
2,297,4.873905e-02,54.00000,30.00000,541
2,298,5.322834e-02,53.00000,35.00000,530
2,299,5.037304e-02,54.00000,30.00000,546
2,300,5.390226e-02,46.00000,35.00000,516
2,301,4.876598e-02,55.00000,30.00000,537
2,302,4.951340e-02,52.00000,30.00000,548
2,303,4.907626e-02,54.00000,30.00000,533
2,304,4.817097e-02,54.00000,30.00000,530
2,305,4.952989e-02,49.00000,30.00000,527
2,306,4.836557e-02,54.00000,30.00000,562
2,307,5.048276e-02,56.00000,30.00000,541
2,308,5.768964e-02,41.00000,36.00000,499
2,309,4.803959e-02,49.00000,30.00000,553
2,310,4.871833e-02,55.00000,30.00000,565
2,311,5.228865e-02,49.00000,35.00000,516
2,312,4.946931e-02,57.00000,30.00000,548
2,313,5.592578e-02,35.00000,36.00000,491
2,314,4.861517e-02,53.00000,30.00000,535
2,315,5.589364e-02,42.00000,35.00000,494
2,316,4.987564e-02,53.00000,30.00000,540
2,317,5.826289e-02,37.00000,36.00000,474
2,318,5.447537e-02,42.00000,35.00000,520
2,319,4.852965e-02,54.00000,30.00000,550
2,320,5.740715e-02,36.00000,36.00000,504
2,321,5.322866e-02,47.00000,35.00000,509
2,322,5.555147e-02,42.00000,35.00000,511
2,323,5.176136e-02,49.00000,30.00000,530
2,324,5.888785e-02,34.00000,36.00000,505
2,325,4.917694e-02,60.00000,30.00000,564
2,326,5.212210e-02,49.00000,30.00000,533
2,327,4.973840e-02,54.00000,30.00000,545
2,328,5.535100e-02,42.00000,35.00000,516
2,329,5.017839e-02,53.00000,30.00000,551
2,330,5.065192e-02,49.00000,30.00000,563
2,331,5.114870e-02,53.00000,30.00000,535
2,332,5.967215e-02,35.00000,36.00000,505
2,333,4.978593e-02,57.00000,30.00000,544
2,334,5.262998e-02,48.00000,35.00000,535
2,335,5.002653e-02,59.00000,30.00000,553
2,336,5.009017e-02,54.00000,30.00000,534
2,337,5.308931e-02,46.00000,35.00000,514
2,338,6.286422e-02,38.00000,36.00000,472
2,339,5.683728e-02,35.00000,36.00000,512
2,340,5.582159e-02,45.00000,35.00000,511
2,341,5.757964e-02,41.00000,36.00000,514
2,342,6.517435e-02,31.00000,36.00000,458
2,343,5.619972e-02,48.00000,35.00000,517
2,344,5.415602e-02,49.00000,35.00000,519
2,345,5.309435e-02,49.00000,30.00000,527
2,346,6.145091e-02,45.00000,36.00000,509
2,347,6.350532e-02,37.00000,36.00000,486
2,348,5.240693e-02,54.00000,30.00000,536
2,349,5.261115e-02,53.00000,30.00000,541
2,350,5.507547e-02,45.00000,35.00000,516
2,351,5.569790e-02,47.00000,36.00000,516
2,352,5.943481e-02,31.00000,36.00000,519
2,353,5.400745e-02,52.00000,30.00000,516
2,354,5.167034e-02,55.00000,30.00000,545
2,355,5.122495e-02,55.00000,30.00000,553
2,356,5.667015e-02,47.00000,35.00000,514
2,357,5.269424e-02,52.00000,30.00000,547
2,358,5.487338e-02,50.00000,35.00000,528
2,359,5.758655e-02,42.00000,36.00000,533
2,360,5.270765e-02,52.00000,30.00000,537
2,361,5.483091e-02,44.00000,35.00000,510
2,362,5.660362e-02,54.00000,30.00000,529
2,363,5.720185e-02,47.00000,36.00000,528
2,364,5.512156e-02,49.00000,35.00000,542
2,365,5.294986e-02,57.00000,30.00000,545
2,366,5.712828e-02,43.00000,35.00000,493
2,367,5.776775e-02,42.00000,35.00000,496
2,368,5.446101e-02,49.00000,30.00000,539
2,369,5.997030e-02,43.00000,35.00000,491
2,370,5.398789e-02,55.00000,30.00000,536
2,371,6.025605e-02,41.00000,36.00000,491
2,372,5.820612e-02,40.00000,35.00000,493
2,373,5.242699e-02,54.00000,30.00000,527
2,374,5.312940e-02,57.00000,30.00000,547
2,375,5.796639e-02,43.00000,35.00000,505
2,376,5.614879e-02,48.00000,35.00000,515
2,377,5.663698e-02,46.00000,35.00000,511
2,378,5.762957e-02,43.00000,35.00000,493
2,379,5.707167e-02,47.00000,35.00000,514
2,380,5.235251e-02,54.00000,30.00000,535
2,381,5.536757e-02,48.00000,35.00000,516
2,382,5.860560e-02,45.00000,35.00000,506
2,383,5.469121e-02,54.00000,30.00000,530
2,384,5.968820e-02,46.00000,36.00000,509
2,385,5.275627e-02,56.00000,30.00000,545
2,386,5.342094e-02,55.00000,30.00000,543
2,387,5.276523e-02,54.00000,30.00000,537
2,388,6.512576e-02,40.00000,36.00000,479
2,389,6.381890e-02,36.00000,36.00000,468
2,390,6.105787e-02,39.00000,36.00000,504
2,391,5.380166e-02,53.00000,30.00000,535
2,392,5.249974e-02,55.00000,30.00000,554
2,393,5.745562e-02,46.00000,35.00000,513
2,394,5.281223e-02,52.00000,30.00000,517
2,395,5.288113e-02,61.00000,30.00000,564
2,396,5.981807e-02,38.00000,35.00000,502
2,397,6.027520e-02,40.00000,36.00000,514
2,398,5.329174e-02,49.00000,30.00000,541
2,399,6.360098e-02,40.00000,36.00000,480
2,400,5.194704e-02,54.00000,30.00000,531
2,401,5.455271e-02,51.00000,30.00000,538
2,402,5.356424e-02,53.00000,30.00000,546
2,403,5.485472e-02,52.00000,30.00000,533
2,404,5.619179e-02,49.00000,30.00000,524
2,405,5.532483e-02,53.00000,30.00000,527
2,406,5.785104e-02,49.00000,35.00000,516
2,407,5.549709e-02,54.00000,30.00000,526
2,408,5.600413e-02,49.00000,35.00000,516
2,409,5.953618e-02,42.00000,36.00000,492
2,410,5.343818e-02,53.00000,30.00000,542
2,411,5.905227e-02,48.00000,36.00000,511
2,412,5.854105e-02,43.00000,35.00000,522
2,413,6.399730e-02,40.00000,40.00000,486
2,414,5.767684e-02,43.00000,35.00000,513
2,415,5.512058e-02,53.00000,30.00000,530
2,416,5.490722e-02,62.00000,30.00000,563
2,417,5.484408e-02,49.00000,30.00000,541
2,418,5.935498e-02,46.00000,36.00000,506
2,419,6.057889e-02,46.00000,35.00000,525
2,420,5.636702e-02,45.00000,35.00000,516
2,421,6.041202e-02,40.00000,35.00000,518
2,422,5.370776e-02,52.00000,30.00000,558
2,423,5.256523e-02,55.00000,30.00000,540
2,424,6.313238e-02,35.00000,40.00000,476
2,425,6.086000e-02,41.00000,35.00000,514
2,426,6.185761e-02,42.00000,35.00000,506
2,427,5.532435e-02,49.00000,30.00000,540
2,428,6.369565e-02,37.00000,36.00000,488
2,429,5.682499e-02,48.00000,35.00000,529
2,430,5.516140e-02,53.00000,30.00000,541
2,431,5.308455e-02,54.00000,30.00000,558
2,432,6.631884e-02,30.00000,36.00000,510
2,433,6.077180e-02,42.00000,35.00000,524
2,434,6.166708e-02,51.00000,36.00000,539
2,435,6.273875e-02,40.00000,36.00000,495
2,436,5.854418e-02,48.00000,35.00000,542
2,437,5.965372e-02,48.00000,35.00000,524
2,438,5.463614e-02,49.00000,30.00000,559
2,439,6.357524e-02,40.00000,36.00000,504
2,440,6.034464e-02,48.00000,35.00000,527
2,441,6.267124e-02,40.00000,35.00000,497
2,442,6.771123e-02,25.00000,36.00000,471
2,443,6.426626e-02,40.00000,36.00000,487
2,444,6.440750e-02,38.00000,35.00000,488
2,445,5.818720e-02,46.00000,35.00000,523
2,446,5.827544e-02,52.00000,35.00000,545
2,447,5.600593e-02,55.00000,30.00000,549
2,448,6.134779e-02,38.00000,35.00000,510
2,449,7.037898e-02,31.00000,36.00000,502
2,450,5.966168e-02,49.00000,36.00000,526
2,451,6.131270e-02,43.00000,35.00000,503
2,452,6.153189e-02,46.00000,35.00000,527
2,453,5.806110e-02,49.00000,30.00000,511
2,454,5.542097e-02,49.00000,30.00000,551
2,455,5.942422e-02,46.00000,35.00000,509
2,456,5.926963e-02,46.00000,35.00000,518
2,457,5.979168e-02,51.00000,35.00000,525
2,458,5.670021e-02,58.00000,30.00000,545
2,459,5.591124e-02,54.00000,30.00000,545
2,460,5.483568e-02,62.00000,30.00000,562
2,461,6.208633e-02,45.00000,35.00000,498
2,462,6.079955e-02,45.00000,36.00000,525
2,463,6.618638e-02,31.00000,36.00000,488
2,464,5.682261e-02,54.00000,30.00000,531
2,465,6.239513e-02,40.00000,35.00000,516
2,466,5.653321e-02,49.00000,30.00000,566
2,467,5.976323e-02,44.00000,35.00000,542
2,468,6.268324e-02,37.00000,35.00000,488
2,469,5.647367e-02,52.00000,30.00000,544
2,470,6.537249e-02,35.00000,36.00000,498
2,471,5.995308e-02,49.00000,35.00000,516
2,472,6.132729e-02,42.00000,35.00000,503
2,473,6.036532e-02,48.00000,35.00000,527
2,474,6.892844e-02,36.00000,36.00000,475
2,475,5.759697e-02,54.00000,30.00000,536
2,476,5.874380e-02,49.00000,30.00000,537
2,477,7.113637e-02,35.00000,36.00000,466
2,478,6.751804e-02,36.00000,36.00000,513
2,479,5.835852e-02,49.00000,30.00000,532
2,480,6.305879e-02,36.00000,35.00000,520
2,481,6.118928e-02,52.00000,30.00000,530
2,482,6.542631e-02,44.00000,35.00000,507
2,483,6.347134e-02,42.00000,35.00000,503
2,484,5.962136e-02,55.00000,30.00000,544
2,485,6.300943e-02,42.00000,35.00000,523
2,486,6.112444e-02,47.00000,35.00000,531
2,487,6.371073e-02,38.00000,35.00000,529
2,488,6.023204e-02,49.00000,30.00000,550
2,489,5.905342e-02,54.00000,30.00000,543
2,490,6.609944e-02,40.00000,35.00000,508
2,491,6.036187e-02,49.00000,30.00000,534
2,492,6.326898e-02,47.00000,35.00000,519
2,493,7.084553e-02,36.00000,36.00000,460
2,494,6.030732e-02,58.00000,30.00000,556
2,495,6.231156e-02,44.00000,35.00000,518
2,496,6.139809e-02,45.00000,35.00000,506
2,497,6.559942e-02,45.00000,35.00000,495
2,498,5.946334e-02,49.00000,30.00000,542
2,499,6.342769e-02,40.00000,35.00000,520
2,500,6.000975e-02,49.00000,30.00000,541
2,501,6.379814e-02,44.00000,35.00000,524
2,502,5.929916e-02,54.00000,30.00000,528
2,503,5.914044e-02,49.00000,30.00000,541
2,504,6.345676e-02,44.00000,35.00000,513
2,505,6.430417e-02,45.00000,35.00000,496
2,506,5.861316e-02,52.00000,30.00000,534
2,507,5.903947e-02,54.00000,30.00000,550
2,508,6.027706e-02,49.00000,30.00000,523
2,509,6.169273e-02,49.00000,30.00000,523
2,510,5.985638e-02,53.00000,30.00000,527
2,511,7.119454e-02,37.00000,36.00000,483
2,512,6.013882e-02,52.00000,30.00000,523
2,513,6.391944e-02,43.00000,35.00000,502
2,514,6.814390e-02,46.00000,36.00000,505
2,515,6.706684e-02,41.00000,36.00000,499
2,516,6.314100e-02,47.00000,35.00000,516
2,517,6.361596e-02,47.00000,35.00000,525
2,518,6.379674e-02,42.00000,35.00000,517
2,519,6.314738e-02,45.00000,35.00000,510
2,520,5.927392e-02,55.00000,30.00000,546
2,521,6.499182e-02,45.00000,35.00000,496
2,522,6.825782e-02,38.00000,35.00000,501
2,523,6.019533e-02,49.00000,30.00000,545
2,524,7.083218e-02,37.00000,36.00000,495
2,525,6.985080e-02,37.00000,36.00000,475
2,526,5.862459e-02,57.00000,30.00000,554
2,527,6.405923e-02,45.00000,35.00000,515
2,528,6.587718e-02,48.00000,35.00000,524
2,529,6.783679e-02,44.00000,36.00000,502
2,530,6.646352e-02,45.00000,36.00000,522
2,531,6.540409e-02,37.00000,35.00000,515
2,532,6.412761e-02,43.00000,35.00000,504
2,533,6.428601e-02,45.00000,35.00000,502
2,534,6.577507e-02,47.00000,36.00000,523
2,535,5.932093e-02,54.00000,30.00000,534
2,536,6.142678e-02,49.00000,30.00000,553
2,537,6.521140e-02,43.00000,35.00000,534
2,538,6.016219e-02,54.00000,30.00000,528
2,539,6.521238e-02,45.00000,35.00000,509
2,540,6.329271e-02,38.00000,35.00000,525
2,541,6.465971e-02,42.00000,35.00000,506
2,542,6.285770e-02,49.00000,30.00000,520
2,543,5.870188e-02,59.00000,30.00000,559
2,544,6.500453e-02,43.00000,35.00000,516
2,545,6.861039e-02,48.00000,36.00000,511
2,546,6.238651e-02,49.00000,35.00000,521
2,547,6.054214e-02,54.00000,30.00000,529
2,548,6.513549e-02,48.00000,35.00000,517
2,549,5.971942e-02,55.00000,30.00000,547
2,550,6.174846e-02,53.00000,30.00000,548
2,551,6.336763e-02,52.00000,30.00000,536
2,552,6.502583e-02,45.00000,35.00000,507
2,553,6.402170e-02,48.00000,35.00000,516
2,554,6.078703e-02,54.00000,30.00000,529
2,555,6.612901e-02,41.00000,35.00000,532
2,556,6.546567e-02,43.00000,35.00000,530
2,557,7.046017e-02,35.00000,36.00000,500
2,558,6.068267e-02,49.00000,30.00000,537
2,559,7.134460e-02,36.00000,36.00000,488
2,560,6.469715e-02,47.00000,35.00000,506
2,561,6.474149e-02,46.00000,35.00000,514
2,562,6.463835e-02,46.00000,35.00000,519
2,563,6.595675e-02,47.00000,35.00000,507
2,564,6.260894e-02,49.00000,30.00000,515
2,565,6.165196e-02,55.00000,30.00000,540
2,566,6.558309e-02,46.00000,35.00000,512
2,567,6.859007e-02,38.00000,35.00000,493
2,568,6.852501e-02,37.00000,36.00000,497
2,569,6.680924e-02,47.00000,35.00000,507
2,570,6.567724e-02,41.00000,35.00000,514
2,571,6.628803e-02,49.00000,35.00000,520
2,572,6.180719e-02,49.00000,30.00000,528
2,573,6.927761e-02,39.00000,36.00000,498
2,574,6.554177e-02,48.00000,35.00000,523
2,575,7.027576e-02,35.00000,36.00000,510
2,576,6.167552e-02,53.00000,30.00000,534
2,577,7.270131e-02,38.00000,36.00000,479
2,578,6.270100e-02,49.00000,30.00000,525
2,579,6.633765e-02,46.00000,36.00000,534
2,580,6.952636e-02,36.00000,40.00000,498
2,581,6.730108e-02,46.00000,35.00000,519
2,582,7.202315e-02,37.00000,36.00000,501
2,583,6.916039e-02,45.00000,36.00000,520
2,584,6.179793e-02,53.00000,30.00000,538
2,585,6.850179e-02,41.00000,35.00000,490
2,586,6.185904e-02,54.00000,30.00000,537
2,587,7.144213e-02,36.00000,36.00000,488
2,588,7.036380e-02,36.00000,36.00000,502
2,589,6.859079e-02,43.00000,36.00000,501
2,590,6.653240e-02,44.00000,35.00000,526
2,591,7.063381e-02,36.00000,36.00000,498
2,592,6.176808e-02,53.00000,30.00000,543
2,593,6.922993e-02,46.00000,35.00000,511
2,594,6.722093e-02,49.00000,35.00000,516
2,595,6.545566e-02,52.00000,35.00000,538
2,596,6.974880e-02,48.00000,35.00000,525
2,597,7.294594e-02,37.00000,35.00000,500
2,598,6.506266e-02,48.00000,35.00000,517
2,599,6.382269e-02,49.00000,30.00000,544
2,600,6.170118e-02,50.00000,30.00000,545
2,601,7.257188e-02,36.00000,36.00000,510
2,602,6.328359e-02,53.00000,30.00000,535
2,603,7.152054e-02,43.00000,36.00000,501
2,604,7.070255e-02,40.00000,35.00000,498
2,605,7.466248e-02,30.00000,36.00000,499
2,606,6.307183e-02,53.00000,30.00000,547
2,607,6.585291e-02,50.00000,35.00000,537
2,608,7.624314e-02,25.00000,36.00000,505
2,609,6.730159e-02,38.00000,35.00000,542
2,610,7.560967e-02,42.00000,36.00000,499
2,611,6.715502e-02,47.00000,35.00000,524
2,612,7.254815e-02,34.00000,40.00000,508
2,613,6.894124e-02,42.00000,35.00000,494
2,614,6.772728e-02,45.00000,35.00000,517
2,615,6.820652e-02,47.00000,35.00000,512
2,616,7.200491e-02,40.00000,36.00000,479
2,617,7.712787e-02,31.00000,36.00000,498
2,618,6.989191e-02,42.00000,35.00000,510
2,619,6.845011e-02,51.00000,35.00000,526
2,620,7.392748e-02,36.00000,36.00000,476
2,621,6.760007e-02,47.00000,35.00000,507
2,622,7.052618e-02,47.00000,36.00000,516
2,623,6.307279e-02,54.00000,30.00000,544
2,624,6.531186e-02,46.00000,35.00000,519
2,625,7.218134e-02,42.00000,36.00000,509
2,626,6.937640e-02,43.00000,35.00000,516
2,627,7.586394e-02,43.00000,36.00000,500
2,628,6.762236e-02,48.00000,35.00000,517
2,629,7.705682e-02,31.00000,36.00000,488
2,630,6.702713e-02,58.00000,30.00000,540
2,631,7.253797e-02,36.00000,36.00000,508
2,632,7.068576e-02,47.00000,35.00000,506
2,633,6.588128e-02,55.00000,30.00000,541
2,634,6.905469e-02,48.00000,35.00000,517
2,635,6.973442e-02,46.00000,35.00000,515
2,636,8.083117e-02,30.00000,36.00000,450
2,637,7.005349e-02,43.00000,35.00000,518
2,638,6.445980e-02,54.00000,30.00000,556
2,639,6.447421e-02,58.00000,30.00000,552
2,640,8.477192e-02,25.00000,36.00000,420
2,641,6.660584e-02,49.00000,30.00000,550
2,642,6.661872e-02,54.00000,30.00000,533
2,643,7.492767e-02,37.00000,36.00000,487
2,644,7.453177e-02,39.00000,40.00000,501
2,645,7.332840e-02,39.00000,35.00000,491
2,646,7.958696e-02,33.00000,40.00000,478
2,647,7.544573e-02,30.00000,36.00000,501
2,648,6.588678e-02,59.00000,30.00000,553
2,649,6.794129e-02,49.00000,30.00000,536
2,650,7.255858e-02,46.00000,36.00000,513
2,651,6.773204e-02,53.00000,30.00000,535
2,652,7.100670e-02,42.00000,35.00000,525
2,653,7.429290e-02,41.00000,35.00000,512
2,654,7.342932e-02,45.00000,35.00000,517
2,655,7.764582e-02,35.00000,36.00000,485
2,656,6.982005e-02,45.00000,35.00000,519
2,657,7.524128e-02,35.00000,36.00000,498
2,658,6.515897e-02,58.00000,30.00000,557
2,659,7.211488e-02,43.00000,35.00000,493
2,660,7.202388e-02,46.00000,35.00000,518
2,661,6.441651e-02,59.00000,30.00000,558
2,662,7.213826e-02,40.00000,35.00000,516
2,663,6.514990e-02,58.00000,30.00000,553
2,664,7.063411e-02,41.00000,35.00000,528
2,665,7.504512e-02,42.00000,36.00000,488
2,666,6.648991e-02,51.00000,30.00000,534
2,667,7.132919e-02,49.00000,35.00000,519
2,668,6.818157e-02,49.00000,30.00000,526
2,669,6.930240e-02,44.00000,35.00000,549
2,670,7.139628e-02,45.00000,35.00000,496
2,671,7.421733e-02,40.00000,36.00000,513
2,672,6.799768e-02,54.00000,30.00000,526
2,673,6.435248e-02,57.00000,30.00000,553
2,674,7.189350e-02,44.00000,35.00000,512
2,675,6.567953e-02,54.00000,30.00000,536
2,676,7.647204e-02,44.00000,35.00000,510
2,677,7.530493e-02,43.00000,36.00000,507
2,678,7.139166e-02,45.00000,35.00000,540
2,679,7.695032e-02,37.00000,36.00000,502
2,680,7.311974e-02,47.00000,35.00000,507
2,681,7.003632e-02,49.00000,30.00000,514
2,682,6.630342e-02,52.00000,30.00000,554
2,683,8.149694e-02,31.00000,36.00000,464
2,684,6.909053e-02,45.00000,35.00000,517
2,685,7.131466e-02,45.00000,35.00000,530
2,686,7.704425e-02,35.00000,36.00000,491
2,687,7.012984e-02,49.00000,30.00000,513
2,688,6.731700e-02,55.00000,30.00000,536
2,689,7.911948e-02,45.00000,36.00000,509
2,690,6.656918e-02,58.00000,30.00000,540
2,691,7.357613e-02,43.00000,35.00000,509
2,692,7.642464e-02,37.00000,35.00000,494
2,693,6.743155e-02,57.00000,30.00000,545
2,694,7.891285e-02,35.00000,36.00000,502
2,695,7.265689e-02,45.00000,35.00000,515
2,696,7.397418e-02,40.00000,35.00000,515
2,697,7.251184e-02,48.00000,35.00000,517
2,698,6.673243e-02,54.00000,30.00000,527
2,699,7.325021e-02,47.00000,35.00000,508
2,700,7.361140e-02,45.00000,35.00000,507
2,701,7.380186e-02,45.00000,35.00000,512
2,702,6.785154e-02,54.00000,30.00000,529
2,703,7.536510e-02,47.00000,35.00000,509
2,704,7.708646e-02,41.00000,36.00000,508
2,705,7.769452e-02,36.00000,40.00000,493
2,706,7.064394e-02,49.00000,30.00000,530
2,707,6.952710e-02,56.00000,30.00000,533
2,708,7.380035e-02,44.00000,35.00000,509
2,709,7.095259e-02,49.00000,30.00000,542
2,710,6.816335e-02,57.00000,30.00000,545
2,711,7.752908e-02,36.00000,36.00000,503
2,712,7.884057e-02,46.00000,36.00000,513
2,713,8.186193e-02,25.00000,36.00000,480
2,714,7.228391e-02,42.00000,35.00000,529
2,715,7.862253e-02,38.00000,35.00000,491
2,716,7.110789e-02,52.00000,30.00000,525
2,717,7.718924e-02,33.00000,40.00000,499
2,718,7.364284e-02,44.00000,35.00000,513
2,719,7.566220e-02,41.00000,35.00000,509
2,720,6.917277e-02,55.00000,30.00000,544
2,721,6.905558e-02,59.00000,30.00000,554
2,722,7.361992e-02,53.00000,30.00000,529
2,723,7.055990e-02,50.00000,35.00000,535
2,724,7.138237e-02,48.00000,35.00000,525
2,725,7.738572e-02,36.00000,36.00000,522
2,726,7.311849e-02,45.00000,35.00000,527
2,727,7.275371e-02,43.00000,35.00000,529
2,728,6.862130e-02,57.00000,30.00000,560
2,729,7.099208e-02,54.00000,30.00000,525
2,730,7.311714e-02,48.00000,35.00000,517
2,731,6.892768e-02,53.00000,30.00000,544
2,732,7.645692e-02,41.00000,35.00000,504
2,733,7.339621e-02,47.00000,35.00000,535
2,734,7.367696e-02,46.00000,35.00000,518
2,735,8.073872e-02,37.00000,36.00000,492
2,736,6.918842e-02,57.00000,30.00000,562
2,737,7.108237e-02,52.00000,30.00000,523
2,738,7.910070e-02,37.00000,36.00000,500
2,739,7.267592e-02,45.00000,35.00000,518
2,740,7.051191e-02,53.00000,30.00000,538
2,741,8.352660e-02,37.00000,36.00000,482
2,742,6.967034e-02,59.00000,30.00000,562
2,743,8.949193e-02,25.00000,36.00000,456
2,744,7.228737e-02,49.00000,30.00000,532
2,745,7.046649e-02,55.00000,30.00000,537
2,746,8.871634e-02,25.00000,36.00000,472
2,747,8.391174e-02,36.00000,35.00000,490
2,748,7.443553e-02,49.00000,35.00000,531
2,749,8.962072e-02,37.00000,36.00000,489
2,750,7.590811e-02,48.00000,35.00000,546
2,751,8.475164e-02,40.00000,40.00000,494
2,752,7.481328e-02,49.00000,30.00000,531
2,753,7.732170e-02,49.00000,30.00000,518
2,754,7.554799e-02,47.00000,35.00000,514
2,755,7.548904e-02,48.00000,35.00000,523
2,756,8.437715e-02,39.00000,36.00000,492
2,757,8.189347e-02,36.00000,36.00000,499
2,758,7.220969e-02,53.00000,30.00000,549
2,759,7.884739e-02,47.00000,35.00000,515
2,760,7.571100e-02,48.00000,35.00000,520
2,761,7.598257e-02,52.00000,35.00000,538
2,762,7.822184e-02,45.00000,35.00000,517
2,763,8.813353e-02,36.00000,36.00000,466
2,764,7.319966e-02,59.00000,30.00000,555
2,765,8.076103e-02,43.00000,35.00000,497
2,766,7.297140e-02,49.00000,30.00000,558
2,767,9.143437e-02,25.00000,36.00000,489
2,768,8.207761e-02,36.00000,35.00000,540
2,769,8.041627e-02,40.00000,35.00000,504
2,770,8.040940e-02,41.00000,36.00000,498
2,771,8.261486e-02,43.00000,36.00000,500
2,772,8.421458e-02,30.00000,36.00000,495
2,773,8.499763e-02,43.00000,36.00000,500
2,774,7.786421e-02,52.00000,35.00000,537
2,775,7.297400e-02,55.00000,30.00000,539
2,776,7.128414e-02,57.00000,30.00000,546
2,777,7.349485e-02,55.00000,30.00000,540
2,778,7.848979e-02,49.00000,35.00000,517
2,779,8.220679e-02,40.00000,36.00000,494
2,780,7.517996e-02,49.00000,30.00000,521
2,781,7.939880e-02,44.00000,35.00000,508
2,782,8.196579e-02,43.00000,35.00000,491
2,783,7.580596e-02,49.00000,30.00000,534
2,784,8.271499e-02,49.00000,35.00000,516
2,785,7.347144e-02,54.00000,30.00000,526
2,786,7.341171e-02,55.00000,30.00000,537
2,787,7.289394e-02,55.00000,30.00000,537
2,788,7.372784e-02,52.00000,30.00000,538
2,789,7.395376e-02,54.00000,30.00000,539
2,790,8.374505e-02,41.00000,36.00000,498
2,791,7.371998e-02,53.00000,30.00000,543
2,792,7.869446e-02,41.00000,35.00000,515
2,793,8.678141e-02,36.00000,36.00000,473
2,794,7.792850e-02,47.00000,35.00000,510
2,795,8.061055e-02,42.00000,35.00000,502
2,796,7.221840e-02,57.00000,30.00000,552
2,797,7.182946e-02,57.00000,30.00000,552
2,798,7.765128e-02,46.00000,35.00000,516
2,799,8.034303e-02,46.00000,35.00000,520
2,800,7.361126e-02,49.00000,30.00000,549
2,801,8.704411e-02,44.00000,36.00000,494
2,802,7.359780e-02,54.00000,30.00000,534
2,803,7.803141e-02,45.00000,36.00000,509
2,804,7.914915e-02,46.00000,35.00000,517
2,805,7.647310e-02,53.00000,35.00000,530
2,806,7.563263e-02,49.00000,30.00000,534
2,807,8.247240e-02,40.00000,36.00000,492
2,808,7.535918e-02,57.00000,30.00000,545
2,809,8.795255e-02,43.00000,36.00000,500
2,810,7.549658e-02,49.00000,30.00000,537
2,811,8.510982e-02,31.00000,36.00000,501
2,812,7.861929e-02,43.00000,35.00000,523
2,813,7.931337e-02,46.00000,35.00000,515
2,814,7.394265e-02,53.00000,30.00000,543
2,815,7.416718e-02,53.00000,30.00000,530
2,816,8.000328e-02,43.00000,35.00000,511
2,817,7.744844e-02,49.00000,35.00000,517
2,818,8.905148e-02,35.00000,36.00000,475
2,819,8.241808e-02,41.00000,35.00000,498
2,820,7.458659e-02,54.00000,30.00000,528
2,821,7.582766e-02,53.00000,30.00000,532
2,822,7.913168e-02,43.00000,35.00000,514
2,823,7.462431e-02,57.00000,30.00000,545
2,824,8.002252e-02,49.00000,35.00000,517
2,825,7.943229e-02,46.00000,35.00000,510
2,826,7.362372e-02,58.00000,30.00000,539
2,827,7.645583e-02,49.00000,30.00000,535
2,828,7.374790e-02,57.00000,30.00000,549
2,829,7.442700e-02,57.00000,30.00000,544
2,830,8.447692e-02,35.00000,36.00000,489
2,831,8.115219e-02,45.00000,35.00000,496
2,832,7.387669e-02,55.00000,30.00000,538
2,833,7.470839e-02,53.00000,30.00000,545
3,0,8.284621e-02,30.00000,36.00000,538
3,1,7.948751e-02,49.00000,30.00000,606
3,2,8.150602e-02,45.00000,35.00000,511
3,3,7.828653e-02,58.00000,30.00000,536
3,4,8.070857e-02,30.00000,36.00000,526
3,5,7.969336e-02,49.00000,30.00000,514
3,6,7.848052e-02,54.00000,30.00000,524
3,7,8.395451e-02,39.00000,35.00000,516
3,8,8.059016e-02,42.00000,36.00000,523
3,9,8.113162e-02,49.00000,35.00000,542
3,10,8.097375e-02,56.00000,30.00000,528
3,11,7.965484e-02,42.00000,40.00000,514
3,12,7.995474e-02,49.00000,30.00000,529
3,13,7.954839e-02,49.00000,35.00000,538
3,14,8.445600e-02,39.00000,35.00000,495
3,15,7.685671e-02,55.00000,30.00000,533
3,16,8.381119e-02,47.00000,35.00000,514
3,17,8.199251e-02,36.00000,36.00000,536
3,18,7.760414e-02,49.00000,35.00000,516
3,19,8.039078e-02,40.00000,35.00000,554
3,20,8.781405e-02,45.00000,35.00000,491
3,21,8.788536e-02,30.00000,36.00000,511
3,22,8.478929e-02,37.00000,36.00000,514
3,23,7.877870e-02,52.00000,30.00000,532
3,24,8.461697e-02,41.00000,40.00000,497
3,25,7.543758e-02,54.00000,30.00000,522
3,26,8.215638e-02,48.00000,35.00000,523
3,27,8.274262e-02,44.00000,35.00000,515
3,28,7.739377e-02,54.00000,30.00000,530
3,29,7.641446e-02,55.00000,30.00000,533
3,30,8.478846e-02,45.00000,35.00000,518
3,31,7.779437e-02,49.00000,30.00000,547
3,32,8.877248e-02,37.00000,36.00000,487
3,33,8.166112e-02,41.00000,35.00000,506
3,34,7.707213e-02,58.00000,30.00000,539
3,35,7.754160e-02,53.00000,30.00000,525
3,36,7.816774e-02,49.00000,30.00000,533
3,37,7.929980e-02,49.00000,30.00000,538
3,38,8.082452e-02,48.00000,35.00000,518
3,39,8.131289e-02,43.00000,35.00000,520
3,40,8.154024e-02,45.00000,35.00000,518
3,41,8.785743e-02,37.00000,36.00000,506
3,42,8.418912e-02,48.00000,35.00000,520
3,43,7.877602e-02,53.00000,30.00000,533
3,44,7.774773e-02,49.00000,30.00000,548
3,45,8.481710e-02,40.00000,35.00000,489
3,46,8.492146e-02,43.00000,35.00000,516
3,47,8.565392e-02,41.00000,36.00000,492
3,48,7.823632e-02,53.00000,30.00000,535
3,49,7.889577e-02,54.00000,30.00000,549
3,50,8.617538e-02,39.00000,35.00000,504
3,51,7.565161e-02,57.00000,30.00000,543
3,52,9.254256e-02,37.00000,36.00000,472
3,53,7.725758e-02,53.00000,30.00000,533
3,54,8.331788e-02,45.00000,35.00000,499
3,55,8.768497e-02,43.00000,36.00000,498
3,56,8.522447e-02,40.00000,35.00000,513
3,57,9.249303e-02,30.00000,36.00000,463
3,58,7.822999e-02,54.00000,30.00000,538
3,59,8.107333e-02,52.00000,30.00000,515
3,60,9.132223e-02,37.00000,36.00000,479
3,61,8.712868e-02,39.00000,36.00000,493
3,62,9.107572e-02,37.00000,35.00000,460
3,63,8.443922e-02,47.00000,35.00000,505
3,64,8.473971e-02,45.00000,35.00000,493
3,65,8.797464e-02,47.00000,36.00000,514
3,66,8.483756e-02,42.00000,35.00000,512
3,67,8.483209e-02,47.00000,35.00000,511
3,68,7.825628e-02,55.00000,30.00000,550
3,69,8.094928e-02,49.00000,30.00000,531
3,70,8.209002e-02,49.00000,30.00000,517
3,71,8.407436e-02,47.00000,35.00000,505
3,72,9.330621e-02,41.00000,36.00000,492
3,73,8.314588e-02,44.00000,35.00000,516
3,74,7.963244e-02,57.00000,30.00000,548
3,75,7.528125e-02,60.00000,30.00000,551
3,76,8.897033e-02,43.00000,36.00000,499
3,77,7.822561e-02,59.00000,30.00000,553
3,78,8.592504e-02,38.00000,35.00000,516
3,79,8.189596e-02,49.00000,30.00000,530
3,80,8.705667e-02,39.00000,35.00000,504
3,81,8.897126e-02,41.00000,36.00000,514
3,82,7.610849e-02,58.00000,30.00000,543
3,83,8.520524e-02,48.00000,35.00000,515
3,84,9.734724e-02,25.00000,36.00000,480
3,85,7.634995e-02,60.00000,30.00000,550
3,86,8.354708e-02,52.00000,35.00000,536
3,87,9.436549e-02,36.00000,36.00000,502
3,88,8.143898e-02,57.00000,30.00000,550
3,89,8.664604e-02,47.00000,35.00000,514
3,90,8.592487e-02,42.00000,35.00000,521
3,91,9.006986e-02,37.00000,35.00000,498
3,92,8.507238e-02,47.00000,35.00000,520
3,93,8.767471e-02,42.00000,36.00000,506
3,94,8.339272e-02,49.00000,30.00000,515
3,95,8.080041e-02,59.00000,30.00000,559
3,96,7.871071e-02,57.00000,30.00000,544
3,97,9.247500e-02,35.00000,36.00000,509
3,98,8.203033e-02,52.00000,30.00000,522
3,99,8.525464e-02,52.00000,35.00000,535
3,100,8.085677e-02,57.00000,30.00000,550
3,101,8.108384e-02,54.00000,30.00000,540
3,102,8.155750e-02,49.00000,30.00000,534
3,103,8.359460e-02,47.00000,35.00000,528
3,104,8.320840e-02,49.00000,30.00000,519
3,105,8.957717e-02,35.00000,36.00000,527
3,106,8.637512e-02,46.00000,35.00000,515
3,107,8.257261e-02,53.00000,30.00000,531
3,108,9.684317e-02,30.00000,36.00000,468
3,109,9.116217e-02,38.00000,35.00000,512
3,110,8.221059e-02,49.00000,30.00000,538
3,111,9.423448e-02,35.00000,36.00000,502
3,112,8.837969e-02,46.00000,35.00000,517
3,113,8.706413e-02,45.00000,35.00000,512
3,114,8.457679e-02,48.00000,35.00000,542
3,115,9.344266e-02,37.00000,36.00000,486
3,116,9.143963e-02,37.00000,35.00000,517
3,117,8.555163e-02,43.00000,35.00000,517
3,118,8.203201e-02,52.00000,30.00000,569
3,119,8.680834e-02,41.00000,35.00000,520
3,120,8.704200e-02,45.00000,35.00000,512
3,121,8.613172e-02,46.00000,35.00000,530
3,122,8.738508e-02,41.00000,35.00000,504
3,123,9.114637e-02,40.00000,35.00000,527
3,124,8.764324e-02,48.00000,35.00000,526
3,125,8.347426e-02,53.00000,30.00000,526
3,126,8.279671e-02,49.00000,30.00000,534
3,127,9.153798e-02,40.00000,40.00000,485
3,128,8.148718e-02,49.00000,30.00000,538
3,129,8.782846e-02,47.00000,35.00000,511
3,130,9.572042e-02,39.00000,36.00000,481
3,131,9.300601e-02,39.00000,40.00000,491
3,132,9.527900e-02,35.00000,36.00000,489
3,133,9.405087e-02,32.00000,40.00000,484
3,134,8.979520e-02,45.00000,35.00000,495
3,135,8.604509e-02,45.00000,35.00000,514
3,136,8.068970e-02,55.00000,30.00000,540
3,137,8.398757e-02,49.00000,30.00000,550
3,138,8.328304e-02,56.00000,30.00000,539
3,139,8.192384e-02,54.00000,30.00000,542
3,140,8.539227e-02,49.00000,35.00000,518
3,141,8.186816e-02,59.00000,30.00000,552
3,142,9.325702e-02,45.00000,36.00000,507
3,143,8.855306e-02,43.00000,35.00000,513
3,144,9.095886e-02,42.00000,35.00000,493
3,145,9.980566e-02,31.00000,36.00000,448
3,146,8.338492e-02,49.00000,30.00000,544
3,147,9.301317e-02,35.00000,36.00000,505
3,148,9.208107e-02,43.00000,35.00000,527
3,149,8.413085e-02,56.00000,30.00000,531
3,150,8.947690e-02,40.00000,35.00000,506
3,151,8.398078e-02,54.00000,30.00000,524
3,152,8.945198e-02,45.00000,35.00000,495
3,153,9.064066e-02,49.00000,35.00000,514
3,154,8.227238e-02,57.00000,30.00000,544
3,155,8.708566e-02,45.00000,35.00000,495
3,156,9.017842e-02,44.00000,35.00000,501
3,157,8.908860e-02,43.00000,35.00000,504
3,158,9.190880e-02,46.00000,36.00000,515
3,159,8.252098e-02,51.00000,30.00000,558
3,160,8.784650e-02,48.00000,35.00000,532
3,161,9.945904e-02,30.00000,36.00000,475
3,162,8.185638e-02,55.00000,30.00000,547
3,163,8.198874e-02,58.00000,30.00000,544
3,164,9.176441e-02,41.00000,35.00000,504
3,165,9.596471e-02,36.00000,36.00000,495
3,166,8.559348e-02,49.00000,30.00000,559
3,167,8.577909e-02,55.00000,30.00000,535
3,168,8.435955e-02,49.00000,30.00000,542
3,169,1.010777e-01,30.00000,36.00000,465
3,170,9.405075e-02,38.00000,36.00000,482
3,171,9.088843e-02,47.00000,35.00000,510
3,172,8.302573e-02,49.00000,30.00000,552
3,173,8.417830e-02,52.00000,30.00000,540
3,174,8.995715e-02,44.00000,40.00000,510
3,175,8.543549e-02,53.00000,30.00000,528
3,176,8.630876e-02,49.00000,30.00000,551
3,177,9.086494e-02,40.00000,36.00000,542
3,178,8.517175e-02,52.00000,30.00000,534
3,179,8.537998e-02,54.00000,30.00000,533
3,180,8.333921e-02,49.00000,30.00000,553
3,181,1.004615e-01,41.00000,36.00000,490
3,182,8.738010e-02,49.00000,30.00000,511
3,183,8.769303e-02,49.00000,30.00000,533
3,184,9.055869e-02,50.00000,35.00000,536
3,185,8.730517e-02,49.00000,30.00000,521
3,186,8.695313e-02,53.00000,30.00000,527
3,187,9.831229e-02,41.00000,36.00000,492
3,188,8.552276e-02,49.00000,30.00000,528
3,189,8.472447e-02,53.00000,30.00000,544
3,190,8.340335e-02,60.00000,30.00000,554
3,191,9.702981e-02,40.00000,36.00000,486
3,192,8.543539e-02,54.00000,30.00000,560
3,193,9.762220e-02,37.00000,36.00000,490
3,194,9.425370e-02,41.00000,36.00000,491
3,195,9.544814e-02,41.00000,36.00000,496
3,196,9.775935e-02,40.00000,36.00000,479
3,197,8.421838e-02,59.00000,30.00000,560
3,198,9.689221e-02,39.00000,36.00000,498
3,199,9.567699e-02,31.00000,36.00000,519
3,200,8.521900e-02,52.00000,30.00000,533
3,201,9.501362e-02,40.00000,36.00000,509
3,202,8.504299e-02,55.00000,30.00000,536
3,203,8.700393e-02,49.00000,30.00000,540
3,204,8.454497e-02,56.00000,30.00000,547
3,205,8.703651e-02,54.00000,30.00000,528
3,206,9.071728e-02,48.00000,35.00000,516
3,207,9.468666e-02,46.00000,35.00000,511
3,208,8.713437e-02,49.00000,30.00000,536
3,209,8.396807e-02,54.00000,30.00000,546
3,210,8.769873e-02,58.00000,30.00000,543
3,211,1.057070e-01,25.00000,36.00000,471
3,212,9.033880e-02,48.00000,35.00000,518
3,213,8.673295e-02,57.00000,30.00000,546
3,214,9.363809e-02,48.00000,35.00000,516
3,215,9.535076e-02,35.00000,36.00000,522
3,216,9.241574e-02,47.00000,35.00000,515
3,217,9.331378e-02,47.00000,35.00000,506
3,218,9.293791e-02,50.00000,35.00000,528
3,219,8.701281e-02,51.00000,30.00000,545
3,220,9.027745e-02,45.00000,35.00000,523
3,221,8.642482e-02,55.00000,30.00000,535
3,222,9.391342e-02,46.00000,35.00000,515
3,223,8.805594e-02,50.00000,30.00000,548
3,224,9.151329e-02,46.00000,35.00000,516
3,225,9.051445e-02,47.00000,35.00000,506
3,226,9.118901e-02,46.00000,35.00000,511
3,227,9.356011e-02,40.00000,35.00000,524
3,228,8.718722e-02,52.00000,30.00000,527
3,229,1.012268e-01,30.00000,36.00000,487
3,230,9.481313e-02,40.00000,35.00000,493
3,231,8.983080e-02,49.00000,30.00000,516
3,232,8.623970e-02,54.00000,30.00000,569
3,233,9.601174e-02,42.00000,35.00000,499
3,234,8.574361e-02,59.00000,30.00000,558
3,235,9.759882e-02,30.00000,36.00000,551
3,236,8.996912e-02,54.00000,30.00000,531
3,237,9.696957e-02,46.00000,36.00000,505
3,238,1.001595e-01,42.00000,36.00000,488
3,239,1.008182e-01,30.00000,40.00000,488
3,240,9.235669e-02,46.00000,35.00000,510
3,241,8.537313e-02,56.00000,30.00000,550
3,242,9.558775e-02,42.00000,35.00000,504
3,243,8.743232e-02,55.00000,30.00000,537
3,244,8.716178e-02,54.00000,30.00000,553
3,245,8.652996e-02,53.00000,30.00000,543
3,246,9.842220e-02,30.00000,36.00000,503
3,247,8.576999e-02,60.00000,30.00000,551
3,248,9.339388e-02,47.00000,35.00000,506
3,249,8.813496e-02,53.00000,30.00000,528
3,250,8.800735e-02,49.00000,30.00000,528
3,251,9.817791e-02,42.00000,36.00000,489
3,252,9.375827e-02,45.00000,35.00000,508
3,253,8.807938e-02,49.00000,30.00000,525
3,254,9.825400e-02,31.00000,36.00000,515
3,255,8.974603e-02,56.00000,30.00000,532
3,256,9.714671e-02,45.00000,36.00000,514
3,257,9.628515e-02,42.00000,35.00000,507
3,258,8.876874e-02,54.00000,30.00000,559
3,259,8.526097e-02,59.00000,30.00000,560
3,260,9.430824e-02,39.00000,35.00000,515
3,261,9.355022e-02,48.00000,35.00000,524
3,262,8.794317e-02,53.00000,30.00000,533
3,263,9.924451e-02,42.00000,36.00000,489
3,264,9.996289e-02,39.00000,40.00000,493
3,265,9.786452e-02,41.00000,36.00000,497
3,266,8.840235e-02,57.00000,30.00000,546
3,267,9.510501e-02,42.00000,35.00000,505
3,268,9.480273e-02,40.00000,35.00000,519
3,269,9.438692e-02,47.00000,35.00000,505
3,270,8.856720e-02,54.00000,30.00000,529
3,271,9.132185e-02,46.00000,35.00000,537
3,272,1.036951e-01,25.00000,36.00000,505
3,273,1.055580e-01,43.00000,36.00000,507
3,274,9.326722e-02,46.00000,35.00000,514
3,275,8.732265e-02,57.00000,30.00000,555
3,276,9.002005e-02,53.00000,30.00000,529
3,277,9.069394e-02,54.00000,30.00000,539
3,278,9.725998e-02,43.00000,35.00000,496
3,279,9.470744e-02,46.00000,35.00000,517
3,280,8.968343e-02,56.00000,30.00000,531
3,281,9.526411e-02,49.00000,35.00000,515
3,282,1.012549e-01,44.00000,36.00000,506
3,283,1.019685e-01,46.00000,36.00000,506
3,284,8.903743e-02,57.00000,30.00000,545
3,285,9.969971e-02,40.00000,40.00000,493
3,286,9.081621e-02,49.00000,30.00000,548
3,287,9.651998e-02,44.00000,35.00000,513
3,288,9.374447e-02,49.00000,30.00000,518
3,289,9.585837e-02,43.00000,35.00000,511
3,290,9.647206e-02,45.00000,35.00000,498
3,291,9.482112e-02,42.00000,35.00000,507
3,292,9.986392e-02,46.00000,36.00000,509
3,293,8.941841e-02,54.00000,30.00000,539
3,294,9.261225e-02,49.00000,30.00000,521
3,295,9.558509e-02,44.00000,35.00000,509
3,296,8.923955e-02,49.00000,30.00000,541
3,297,1.021004e-01,42.00000,36.00000,488
3,298,9.618035e-02,45.00000,35.00000,532
3,299,9.169172e-02,51.00000,35.00000,535
3,300,9.644728e-02,42.00000,35.00000,520
3,301,1.029815e-01,37.00000,36.00000,491
3,302,8.950716e-02,49.00000,30.00000,551
3,303,9.362092e-02,47.00000,35.00000,528
3,304,9.366798e-02,49.00000,35.00000,519
3,305,9.671896e-02,44.00000,35.00000,511
3,306,9.065837e-02,57.00000,30.00000,554
3,307,9.701431e-02,49.00000,35.00000,516
3,308,8.967905e-02,55.00000,30.00000,538
3,309,9.390189e-02,49.00000,30.00000,511
3,310,9.644741e-02,45.00000,35.00000,496
3,311,1.058930e-01,39.00000,36.00000,483
3,312,1.008992e-01,39.00000,36.00000,505
3,313,1.027550e-01,42.00000,36.00000,488
3,314,9.432426e-02,49.00000,30.00000,526
3,315,9.090716e-02,53.00000,30.00000,539
3,316,9.241784e-02,52.00000,30.00000,538
3,317,1.086317e-01,30.00000,36.00000,484
3,318,9.625958e-02,48.00000,35.00000,516
3,319,9.915283e-02,43.00000,35.00000,502
3,320,1.049975e-01,34.00000,36.00000,500
3,321,9.943980e-02,39.00000,35.00000,504
3,322,9.994492e-02,40.00000,35.00000,519
3,323,1.049808e-01,37.00000,36.00000,488
3,324,8.955427e-02,58.00000,30.00000,539
3,325,9.876076e-02,45.00000,35.00000,512
3,326,9.300525e-02,58.00000,30.00000,543
3,327,9.360366e-02,49.00000,30.00000,548
3,328,9.475610e-02,53.00000,30.00000,535
3,329,1.061989e-01,35.00000,36.00000,495
3,330,9.458926e-02,54.00000,30.00000,533
3,331,9.296548e-02,49.00000,30.00000,562
3,332,9.233989e-02,53.00000,30.00000,548
3,333,9.736943e-02,46.00000,35.00000,520
3,334,9.283790e-02,49.00000,30.00000,530
3,335,9.531125e-02,49.00000,30.00000,531
3,336,9.563218e-02,49.00000,30.00000,519
3,337,9.364354e-02,53.00000,30.00000,529
3,338,1.028337e-01,38.00000,35.00000,502
3,339,9.924581e-02,46.00000,35.00000,534
3,340,1.001514e-01,46.00000,35.00000,518
3,341,1.072420e-01,35.00000,36.00000,471
3,342,9.956361e-02,41.00000,35.00000,517
3,343,1.017198e-01,39.00000,36.00000,500
3,344,9.359032e-02,54.00000,30.00000,549
3,345,9.749833e-02,45.00000,35.00000,514
3,346,9.238064e-02,55.00000,30.00000,543
3,347,9.791005e-02,47.00000,35.00000,510
3,348,9.567392e-02,53.00000,30.00000,537
3,349,1.036694e-01,52.00000,36.00000,536
3,350,1.025580e-01,42.00000,35.00000,501
3,351,1.091317e-01,37.00000,36.00000,489
3,352,1.048705e-01,44.00000,36.00000,501
3,353,9.375977e-02,54.00000,30.00000,535
3,354,1.073162e-01,35.00000,36.00000,490
3,355,1.031033e-01,44.00000,36.00000,506
3,356,9.360754e-02,55.00000,30.00000,536
3,357,1.022086e-01,40.00000,35.00000,528
3,358,9.487376e-02,56.00000,30.00000,542
3,359,9.583819e-02,52.00000,30.00000,532
3,360,1.008629e-01,50.00000,35.00000,529
3,361,1.078501e-01,34.00000,36.00000,507
3,362,1.050085e-01,38.00000,36.00000,505
3,363,9.327689e-02,54.00000,30.00000,540
3,364,9.710629e-02,48.00000,35.00000,527
3,365,9.925431e-02,50.00000,35.00000,529
3,366,1.095574e-01,37.00000,36.00000,481
3,367,1.036900e-01,44.00000,36.00000,508
3,368,1.115986e-01,31.00000,36.00000,489
3,369,9.518297e-02,55.00000,30.00000,546
3,370,1.010554e-01,45.00000,35.00000,508
3,371,9.784821e-02,56.00000,30.00000,537
3,372,1.041897e-01,37.00000,36.00000,542
3,373,1.077406e-01,36.00000,36.00000,509
3,374,9.466367e-02,58.00000,30.00000,548
3,375,1.034833e-01,42.00000,36.00000,497
3,376,1.044414e-01,38.00000,35.00000,513
3,377,9.578279e-02,55.00000,30.00000,547
3,378,9.594082e-02,56.00000,30.00000,537
3,379,1.055483e-01,40.00000,40.00000,493
3,380,9.970717e-02,48.00000,35.00000,517
3,381,1.098820e-01,43.00000,36.00000,500
3,382,9.650837e-02,53.00000,30.00000,528
3,383,9.326826e-02,58.00000,30.00000,541
3,384,1.040188e-01,41.00000,36.00000,521
3,385,9.783995e-02,53.00000,30.00000,528
3,386,9.526406e-02,50.00000,35.00000,532
3,387,1.047960e-01,40.00000,35.00000,498
3,388,1.029972e-01,47.00000,35.00000,506
3,389,1.063563e-01,43.00000,35.00000,502
3,390,1.100964e-01,31.00000,36.00000,493
3,391,1.053205e-01,41.00000,36.00000,501
3,392,9.651823e-02,53.00000,30.00000,528
3,393,1.021398e-01,43.00000,35.00000,494
3,394,9.553213e-02,49.00000,30.00000,546
3,395,9.820190e-02,52.00000,30.00000,524
3,396,1.030936e-01,50.00000,35.00000,529
3,397,9.934275e-02,54.00000,30.00000,536
3,398,1.065516e-01,34.00000,40.00000,516
3,399,1.074241e-01,42.00000,35.00000,495
3,400,1.050399e-01,43.00000,36.00000,501
3,401,9.687559e-02,54.00000,30.00000,533
3,402,9.515546e-02,51.00000,30.00000,550
3,403,1.058785e-01,38.00000,36.00000,516
3,404,9.573232e-02,49.00000,30.00000,544
3,405,1.034520e-01,42.00000,35.00000,507
3,406,1.021689e-01,48.00000,35.00000,516
3,407,1.089261e-01,38.00000,36.00000,477
3,408,1.124433e-01,38.00000,36.00000,480
3,409,9.748108e-02,54.00000,30.00000,528
3,410,1.115830e-01,31.00000,36.00000,473
3,411,1.103623e-01,39.00000,36.00000,495
3,412,9.988622e-02,49.00000,30.00000,511
3,413,9.912086e-02,49.00000,30.00000,538
3,414,1.030164e-01,47.00000,35.00000,511
3,415,9.791028e-02,52.00000,30.00000,542
3,416,1.021724e-01,45.00000,35.00000,526
3,417,1.066210e-01,41.00000,36.00000,500
3,418,9.786940e-02,55.00000,30.00000,543
3,419,1.143772e-01,35.00000,36.00000,471
3,420,1.044439e-01,38.00000,35.00000,527
3,421,1.069991e-01,36.00000,35.00000,507
3,422,9.925102e-02,49.00000,30.00000,541
3,423,1.006788e-01,54.00000,30.00000,532
3,424,1.073764e-01,43.00000,36.00000,508
3,425,9.892064e-02,56.00000,30.00000,543
3,426,1.107794e-01,41.00000,36.00000,491
3,427,1.035348e-01,48.00000,35.00000,541
3,428,9.665442e-02,57.00000,30.00000,553
3,429,1.066101e-01,45.00000,35.00000,500
3,430,1.029884e-01,46.00000,35.00000,520
3,431,1.115787e-01,31.00000,36.00000,488
3,432,1.046700e-01,48.00000,35.00000,516
3,433,1.065791e-01,49.00000,35.00000,516
3,434,1.055166e-01,47.00000,35.00000,507
3,435,1.041948e-01,49.00000,35.00000,517
3,436,9.939002e-02,53.00000,30.00000,529
3,437,1.074249e-01,42.00000,35.00000,503
3,438,9.930158e-02,53.00000,30.00000,536
3,439,9.951933e-02,49.00000,30.00000,538
3,440,1.076507e-01,43.00000,36.00000,500
3,441,1.074630e-01,46.00000,35.00000,511
3,442,1.010472e-01,49.00000,30.00000,527
3,443,1.151801e-01,42.00000,36.00000,490
3,444,1.162478e-01,30.00000,36.00000,456
3,445,9.920339e-02,57.00000,30.00000,546
3,446,1.106814e-01,44.00000,35.00000,503
3,447,1.068135e-01,46.00000,35.00000,512
3,448,1.174015e-01,30.00000,36.00000,479
3,449,1.074453e-01,40.00000,35.00000,501
3,450,9.949388e-02,56.00000,30.00000,533
3,451,1.120644e-01,43.00000,36.00000,500
3,452,1.060947e-01,50.00000,35.00000,529
3,453,1.010605e-01,54.00000,30.00000,538
3,454,1.046588e-01,44.00000,35.00000,519
3,455,1.052172e-01,50.00000,35.00000,529
3,456,1.084344e-01,46.00000,35.00000,512
3,457,9.855974e-02,53.00000,30.00000,543
3,458,1.074358e-01,47.00000,35.00000,529
3,459,1.008773e-01,51.00000,30.00000,541
3,460,1.057428e-01,48.00000,35.00000,516
3,461,1.123763e-01,40.00000,40.00000,488
3,462,1.057612e-01,45.00000,35.00000,496
3,463,9.863584e-02,49.00000,30.00000,551
3,464,1.080756e-01,43.00000,35.00000,497
3,465,1.067304e-01,45.00000,35.00000,509
3,466,1.001232e-01,55.00000,30.00000,560
3,467,1.077797e-01,43.00000,35.00000,490
3,468,1.018813e-01,45.00000,35.00000,529
3,469,1.055217e-01,46.00000,35.00000,523
3,470,1.185334e-01,30.00000,36.00000,489
3,471,1.112102e-01,37.00000,35.00000,514
3,472,1.132430e-01,43.00000,36.00000,501
3,473,9.985434e-02,60.00000,30.00000,553
3,474,1.009825e-01,49.00000,30.00000,527
3,475,1.098597e-01,48.00000,35.00000,517
3,476,1.114652e-01,36.00000,36.00000,490
3,477,1.089181e-01,45.00000,36.00000,518
3,478,1.154540e-01,31.00000,36.00000,494
3,479,1.000909e-01,55.00000,30.00000,537
3,480,1.034687e-01,54.00000,30.00000,533
3,481,1.113860e-01,31.00000,36.00000,513
3,482,1.036898e-01,49.00000,30.00000,521
3,483,1.130238e-01,31.00000,36.00000,505
3,484,1.084736e-01,43.00000,35.00000,513
3,485,1.151502e-01,36.00000,36.00000,468
3,486,1.099775e-01,39.00000,36.00000,501
3,487,1.149243e-01,40.00000,36.00000,495
3,488,9.964362e-02,57.00000,30.00000,546
3,489,1.021089e-01,53.00000,30.00000,531
3,490,1.079225e-01,43.00000,35.00000,498
3,491,1.070970e-01,48.00000,35.00000,524
3,492,1.097496e-01,49.00000,35.00000,523
3,493,1.017941e-01,53.00000,30.00000,542
3,494,1.013503e-01,54.00000,30.00000,529
3,495,1.075894e-01,44.00000,35.00000,504
3,496,1.100725e-01,37.00000,35.00000,495
3,497,1.050779e-01,49.00000,35.00000,518
3,498,9.941312e-02,57.00000,30.00000,546
3,499,1.004966e-01,52.00000,30.00000,552
3,500,1.054709e-01,46.00000,35.00000,517
3,501,1.032453e-01,57.00000,30.00000,545
3,502,1.012760e-01,57.00000,30.00000,546
3,503,1.078524e-01,43.00000,35.00000,512
3,504,1.203566e-01,37.00000,36.00000,482
3,505,1.041572e-01,56.00000,30.00000,537
3,506,1.026281e-01,58.00000,30.00000,540
3,507,1.090959e-01,48.00000,35.00000,518
3,508,1.097785e-01,43.00000,35.00000,501
3,509,1.087349e-01,45.00000,35.00000,519
3,510,1.109365e-01,43.00000,35.00000,517
3,511,1.213782e-01,30.00000,36.00000,472
3,512,1.099540e-01,43.00000,35.00000,506
3,513,1.056704e-01,52.00000,35.00000,538
3,514,1.021474e-01,53.00000,30.00000,565
3,515,1.033351e-01,49.00000,30.00000,526
3,516,1.185071e-01,25.00000,36.00000,496
3,517,1.077947e-01,47.00000,35.00000,518
3,518,1.003089e-01,56.00000,30.00000,538
3,519,1.081609e-01,45.00000,35.00000,510
3,520,1.047393e-01,49.00000,30.00000,538
3,521,1.129481e-01,42.00000,36.00000,491
3,522,1.133011e-01,42.00000,36.00000,492
3,523,1.063271e-01,49.00000,30.00000,512
3,524,1.162120e-01,41.00000,36.00000,491
3,525,1.094965e-01,42.00000,35.00000,517
3,526,1.136992e-01,47.00000,35.00000,506
3,527,1.126041e-01,39.00000,35.00000,513
3,528,1.045022e-01,58.00000,30.00000,540
3,529,1.015492e-01,55.00000,30.00000,545
3,530,1.201087e-01,36.00000,36.00000,479
3,531,1.040721e-01,49.00000,30.00000,557
3,532,1.121428e-01,43.00000,36.00000,501
3,533,1.072045e-01,47.00000,35.00000,532
3,534,1.051029e-01,55.00000,30.00000,537
3,535,1.029926e-01,59.00000,30.00000,555
3,536,1.086413e-01,49.00000,35.00000,523
3,537,1.211323e-01,37.00000,36.00000,478
3,538,1.065707e-01,52.00000,30.00000,519
3,539,1.135053e-01,41.00000,35.00000,490
3,540,1.074175e-01,49.00000,30.00000,512
3,541,1.057068e-01,49.00000,30.00000,528
3,542,1.077913e-01,49.00000,35.00000,528
3,543,1.056889e-01,55.00000,30.00000,537
3,544,1.159337e-01,45.00000,36.00000,511
3,545,1.177006e-01,40.00000,36.00000,495
3,546,1.148622e-01,45.00000,36.00000,508
3,547,1.067201e-01,49.00000,30.00000,535
3,548,1.186735e-01,31.00000,36.00000,491
3,549,1.034232e-01,54.00000,30.00000,555
3,550,1.059304e-01,50.00000,35.00000,529
3,551,1.095398e-01,47.00000,35.00000,507
3,552,1.185912e-01,37.00000,40.00000,485
3,553,1.171371e-01,38.00000,36.00000,490
3,554,1.084599e-01,49.00000,30.00000,534
3,555,1.055912e-01,53.00000,30.00000,543
3,556,1.040200e-01,52.00000,30.00000,534
3,557,1.145503e-01,43.00000,36.00000,507
3,558,1.048311e-01,57.00000,30.00000,546
3,559,1.207774e-01,35.00000,36.00000,495
3,560,1.024150e-01,60.00000,30.00000,564
3,561,1.151384e-01,41.00000,35.00000,522
3,562,1.248134e-01,40.00000,36.00000,480
3,563,1.138413e-01,43.00000,35.00000,506
3,564,1.177416e-01,40.00000,40.00000,500
3,565,1.046611e-01,55.00000,30.00000,545
3,566,1.073139e-01,52.00000,30.00000,551
3,567,1.082897e-01,48.00000,35.00000,538
3,568,1.085733e-01,54.00000,30.00000,529
3,569,1.065219e-01,52.00000,30.00000,550
3,570,1.143202e-01,40.00000,35.00000,491
3,571,1.126875e-01,48.00000,35.00000,530
3,572,1.174543e-01,41.00000,36.00000,499
3,573,1.281794e-01,30.00000,36.00000,472
3,574,1.093023e-01,49.00000,30.00000,542
3,575,1.079331e-01,54.00000,30.00000,537
3,576,1.062359e-01,55.00000,30.00000,545
3,577,1.185037e-01,37.00000,36.00000,506
3,578,1.183472e-01,41.00000,36.00000,506
3,579,1.180133e-01,46.00000,35.00000,511
3,580,1.057123e-01,51.00000,30.00000,541
3,581,1.093161e-01,53.00000,30.00000,529
3,582,1.128936e-01,43.00000,35.00000,508
3,583,1.099465e-01,48.00000,35.00000,527
3,584,1.158582e-01,45.00000,35.00000,510
3,585,1.087662e-01,57.00000,30.00000,545
3,586,1.127663e-01,47.00000,35.00000,527
3,587,1.199856e-01,30.00000,40.00000,491
3,588,1.284120e-01,39.00000,36.00000,482
3,589,1.163656e-01,42.00000,35.00000,508
3,590,1.181135e-01,42.00000,36.00000,505
3,591,1.151959e-01,43.00000,35.00000,529
3,592,1.111085e-01,49.00000,30.00000,512
3,593,1.130899e-01,45.00000,35.00000,549
3,594,1.075780e-01,55.00000,30.00000,537
3,595,1.256527e-01,38.00000,36.00000,473
3,596,1.196516e-01,35.00000,36.00000,506
3,597,1.154349e-01,41.00000,35.00000,507
3,598,1.063754e-01,57.00000,30.00000,546
3,599,1.186673e-01,45.00000,35.00000,504
3,600,1.233319e-01,31.00000,36.00000,510
3,601,1.083400e-01,53.00000,30.00000,535
3,602,1.088144e-01,53.00000,30.00000,528
3,603,1.108309e-01,49.00000,30.00000,512
3,604,1.104989e-01,53.00000,30.00000,528
3,605,1.106524e-01,49.00000,30.00000,533
3,606,1.142698e-01,43.00000,35.00000,514
3,607,1.185496e-01,37.00000,35.00000,531
3,608,1.105500e-01,49.00000,30.00000,528
3,609,1.074449e-01,54.00000,30.00000,537
3,610,1.076588e-01,54.00000,30.00000,560
3,611,1.078903e-01,49.00000,30.00000,538
3,612,1.317779e-01,25.00000,36.00000,473
3,613,1.210188e-01,37.00000,36.00000,478
3,614,1.102387e-01,55.00000,30.00000,537
3,615,1.054502e-01,57.00000,30.00000,546
3,616,1.100849e-01,58.00000,30.00000,548
3,617,1.092791e-01,52.00000,30.00000,529
3,618,1.113228e-01,49.00000,30.00000,522
3,619,1.133889e-01,47.00000,35.00000,539
3,620,1.112559e-01,54.00000,30.00000,540
3,621,1.168439e-01,42.00000,35.00000,505
3,622,1.095486e-01,49.00000,30.00000,524
3,623,1.164148e-01,43.00000,35.00000,501
3,624,1.109660e-01,49.00000,30.00000,532
3,625,1.106788e-01,49.00000,30.00000,536
3,626,1.075335e-01,57.00000,30.00000,550
3,627,1.150732e-01,43.00000,35.00000,507
3,628,1.128414e-01,49.00000,35.00000,527
3,629,1.317535e-01,35.00000,36.00000,496
3,630,1.174390e-01,44.00000,35.00000,511
3,631,1.223803e-01,30.00000,36.00000,496
3,632,1.098809e-01,57.00000,30.00000,561
3,633,1.091274e-01,52.00000,30.00000,537
3,634,1.239962e-01,37.00000,36.00000,491
3,635,1.068322e-01,57.00000,30.00000,549
3,636,1.089443e-01,53.00000,30.00000,552
3,637,1.171302e-01,49.00000,35.00000,517
3,638,1.186924e-01,49.00000,36.00000,527
3,639,1.156986e-01,50.00000,35.00000,537
3,640,1.192713e-01,47.00000,35.00000,506
3,641,1.218149e-01,40.00000,40.00000,494
3,642,1.087219e-01,52.00000,30.00000,537
3,643,1.210840e-01,39.00000,36.00000,493
3,644,1.132608e-01,47.00000,35.00000,529
3,645,1.260380e-01,40.00000,36.00000,481
3,646,1.199602e-01,43.00000,35.00000,501
3,647,1.378135e-01,31.00000,36.00000,450
3,648,1.107538e-01,59.00000,30.00000,555
3,649,1.127659e-01,49.00000,30.00000,533
3,650,1.211687e-01,41.00000,40.00000,501
3,651,1.111706e-01,53.00000,30.00000,556
3,652,1.174112e-01,44.00000,35.00000,516
3,653,1.168553e-01,43.00000,35.00000,522
3,654,1.114015e-01,56.00000,30.00000,540
3,655,1.166533e-01,47.00000,35.00000,517
3,656,1.104813e-01,49.00000,30.00000,540
3,657,1.297715e-01,39.00000,36.00000,484
3,658,1.178978e-01,40.00000,35.00000,521
3,659,1.121870e-01,54.00000,30.00000,534
3,660,1.286365e-01,25.00000,36.00000,490
3,661,1.152631e-01,49.00000,30.00000,526
3,662,1.169070e-01,50.00000,35.00000,532
3,663,1.231359e-01,39.00000,35.00000,511
3,664,1.210448e-01,43.00000,35.00000,514
3,665,1.200711e-01,44.00000,35.00000,522
3,666,1.300292e-01,37.00000,36.00000,482
3,667,1.151159e-01,51.00000,30.00000,531
3,668,1.207876e-01,46.00000,35.00000,515
3,669,1.125079e-01,57.00000,30.00000,548
3,670,1.202049e-01,43.00000,35.00000,508
3,671,1.129856e-01,55.00000,30.00000,543
3,672,1.206298e-01,48.00000,35.00000,516
3,673,1.228133e-01,43.00000,35.00000,492
3,674,1.254427e-01,40.00000,36.00000,493
3,675,1.322456e-01,31.00000,36.00000,502
3,676,1.255945e-01,30.00000,36.00000,526
3,677,1.121044e-01,54.00000,30.00000,539
3,678,1.152885e-01,45.00000,35.00000,545
3,679,1.197563e-01,45.00000,35.00000,516
3,680,1.207009e-01,43.00000,35.00000,515
3,681,1.127246e-01,53.00000,30.00000,538
3,682,1.221237e-01,43.00000,35.00000,511
3,683,1.205774e-01,43.00000,35.00000,511
3,684,1.150173e-01,49.00000,30.00000,525
3,685,1.133723e-01,51.00000,30.00000,527
3,686,1.331530e-01,31.00000,36.00000,478
3,687,1.138903e-01,56.00000,30.00000,533
3,688,1.205936e-01,50.00000,35.00000,529
3,689,1.253049e-01,35.00000,36.00000,508
3,690,1.145421e-01,54.00000,30.00000,550
3,691,1.191902e-01,44.00000,35.00000,508
3,692,1.264582e-01,31.00000,36.00000,504
3,693,1.222937e-01,45.00000,35.00000,504
3,694,1.155870e-01,49.00000,30.00000,528
3,695,1.204221e-01,43.00000,35.00000,515
3,696,1.179806e-01,47.00000,35.00000,527
3,697,1.138806e-01,57.00000,30.00000,554
3,698,1.206881e-01,45.00000,35.00000,537
3,699,1.145210e-01,53.00000,30.00000,543
3,700,1.123383e-01,55.00000,30.00000,548
3,701,1.252558e-01,43.00000,36.00000,500
3,702,1.237845e-01,39.00000,36.00000,524
3,703,1.095188e-01,57.00000,30.00000,554
3,704,1.150683e-01,53.00000,30.00000,542
3,705,1.216739e-01,38.00000,35.00000,525
3,706,1.240829e-01,43.00000,35.00000,498
3,707,1.282642e-01,36.00000,40.00000,485
3,708,1.195653e-01,46.00000,35.00000,524
3,709,1.230897e-01,44.00000,35.00000,502
3,710,1.169255e-01,49.00000,30.00000,552
3,711,1.321314e-01,31.00000,36.00000,516
3,712,1.312276e-01,31.00000,36.00000,500
3,713,1.201973e-01,46.00000,35.00000,518
3,714,1.220504e-01,41.00000,35.00000,514
3,715,1.132014e-01,53.00000,30.00000,546
3,716,1.162679e-01,54.00000,30.00000,527
3,717,1.140749e-01,54.00000,30.00000,547
3,718,1.205831e-01,42.00000,35.00000,516
3,719,1.153856e-01,54.00000,30.00000,536
3,720,1.125462e-01,59.00000,30.00000,555
3,721,1.286558e-01,38.00000,36.00000,503
3,722,1.138727e-01,53.00000,30.00000,549
3,723,1.266940e-01,40.00000,40.00000,497
3,724,1.156198e-01,54.00000,30.00000,526
3,725,1.191606e-01,47.00000,35.00000,520
3,726,1.231142e-01,44.00000,35.00000,504
3,727,1.252039e-01,42.00000,36.00000,497
3,728,1.136953e-01,52.00000,30.00000,544
3,729,1.215550e-01,46.00000,35.00000,514
3,730,1.159350e-01,53.00000,30.00000,537
3,731,1.151608e-01,54.00000,30.00000,538
3,732,1.195360e-01,49.00000,35.00000,516
3,733,1.150400e-01,58.00000,30.00000,540
3,734,1.138589e-01,53.00000,30.00000,542
3,735,1.124554e-01,53.00000,30.00000,544
3,736,1.284632e-01,43.00000,36.00000,506
3,737,1.245141e-01,45.00000,35.00000,505
3,738,1.202501e-01,46.00000,35.00000,525
3,739,1.175133e-01,49.00000,30.00000,536
3,740,1.127861e-01,59.00000,30.00000,558
3,741,1.232795e-01,45.00000,35.00000,495
3,742,1.118029e-01,58.00000,30.00000,556
3,743,1.150876e-01,55.00000,30.00000,538
3,744,1.131838e-01,53.00000,30.00000,543
3,745,1.283677e-01,40.00000,36.00000,507
3,746,1.166336e-01,54.00000,30.00000,529
3,747,1.291886e-01,41.00000,36.00000,507
3,748,1.286256e-01,42.00000,36.00000,488
3,749,1.180471e-01,49.00000,30.00000,527
3,750,1.229174e-01,41.00000,35.00000,514
3,751,1.148761e-01,49.00000,30.00000,543
3,752,1.192807e-01,49.00000,30.00000,520
3,753,1.211256e-01,48.00000,35.00000,518
3,754,1.215742e-01,51.00000,35.00000,529
3,755,1.140133e-01,57.00000,30.00000,552
3,756,1.248596e-01,45.00000,35.00000,513
3,757,1.222501e-01,42.00000,35.00000,505
3,758,1.240847e-01,40.00000,35.00000,525
3,759,1.137965e-01,55.00000,30.00000,537
3,760,1.171829e-01,49.00000,30.00000,544
3,761,1.219328e-01,46.00000,35.00000,513
3,762,1.328681e-01,41.00000,36.00000,498
3,763,1.241647e-01,47.00000,36.00000,516
3,764,1.375345e-01,30.00000,36.00000,477
3,765,1.173678e-01,49.00000,30.00000,526
3,766,1.161682e-01,54.00000,30.00000,546
3,767,1.218005e-01,46.00000,35.00000,519
3,768,1.265612e-01,43.00000,35.00000,507
3,769,1.239457e-01,46.00000,35.00000,522
3,770,1.168262e-01,49.00000,30.00000,546
3,771,1.264179e-01,35.00000,36.00000,504
3,772,1.187631e-01,53.00000,30.00000,528
3,773,1.189505e-01,53.00000,30.00000,528
3,774,1.305873e-01,35.00000,36.00000,519
3,775,1.232503e-01,44.00000,35.00000,525
3,776,1.241874e-01,44.00000,35.00000,513
3,777,1.314655e-01,36.00000,36.00000,489
3,778,1.235990e-01,45.00000,35.00000,516
3,779,1.180013e-01,55.00000,30.00000,537
3,780,1.173716e-01,57.00000,30.00000,547
3,781,1.165232e-01,59.00000,30.00000,562
3,782,1.287460e-01,39.00000,35.00000,521
3,783,1.289992e-01,43.00000,36.00000,506
3,784,1.184129e-01,52.00000,30.00000,537
3,785,1.360108e-01,39.00000,36.00000,492
3,786,1.177927e-01,55.00000,30.00000,537
3,787,1.205088e-01,49.00000,30.00000,538
3,788,1.172761e-01,54.00000,30.00000,533
3,789,1.232646e-01,47.00000,35.00000,521
3,790,1.201951e-01,49.00000,30.00000,534
3,791,1.177810e-01,53.00000,30.00000,532
3,792,1.197959e-01,58.00000,30.00000,541
3,793,1.216981e-01,49.00000,30.00000,533
3,794,1.230904e-01,45.00000,35.00000,526
3,795,1.153079e-01,59.00000,30.00000,554
3,796,1.309914e-01,40.00000,36.00000,480
3,797,1.400198e-01,25.00000,36.00000,469
3,798,1.338281e-01,33.00000,40.00000,485
3,799,1.251754e-01,41.00000,35.00000,527
3,800,1.235238e-01,44.00000,35.00000,519
3,801,1.309533e-01,36.00000,40.00000,493
3,802,1.180383e-01,56.00000,30.00000,534
3,803,1.270588e-01,48.00000,35.00000,517
3,804,1.289698e-01,39.00000,35.00000,492
3,805,1.319062e-01,37.00000,40.00000,488
3,806,1.353861e-01,37.00000,36.00000,496
3,807,1.203679e-01,49.00000,30.00000,525
3,808,1.350484e-01,35.00000,36.00000,505
3,809,1.208592e-01,47.00000,35.00000,536
3,810,1.194069e-01,51.00000,30.00000,541
3,811,1.362500e-01,31.00000,36.00000,488
3,812,1.355461e-01,40.00000,36.00000,480
3,813,1.203800e-01,49.00000,30.00000,535
3,814,1.197346e-01,52.00000,30.00000,528
3,815,1.321521e-01,41.00000,36.00000,490
3,816,1.221696e-01,57.00000,30.00000,545
3,817,1.313118e-01,36.00000,40.00000,497
3,818,1.368618e-01,37.00000,36.00000,504
3,819,1.283763e-01,42.00000,36.00000,505
3,820,1.266183e-01,38.00000,35.00000,518
3,821,1.219911e-01,54.00000,30.00000,526
3,822,1.353934e-01,32.00000,36.00000,494
3,823,1.245614e-01,43.00000,35.00000,515
3,824,1.261605e-01,45.00000,35.00000,511
3,825,1.300754e-01,49.00000,35.00000,515
3,826,1.246764e-01,47.00000,35.00000,525
3,827,1.212125e-01,53.00000,30.00000,526
3,828,1.360948e-01,41.00000,36.00000,489
3,829,1.278016e-01,43.00000,35.00000,498
3,830,1.190814e-01,59.00000,30.00000,554
3,831,1.356086e-01,34.00000,36.00000,490
3,832,1.195876e-01,53.00000,30.00000,562
3,833,1.370002e-01,37.00000,36.00000,495
4,0,1.245711e-01,47.00000,35.00000,568
4,1,1.240728e-01,55.00000,30.00000,532
4,2,1.250448e-01,46.00000,35.00000,524
4,3,1.226798e-01,49.00000,35.00000,556
4,4,1.249761e-01,49.00000,35.00000,524
4,5,1.266313e-01,58.00000,30.00000,543
4,6,1.287417e-01,36.00000,36.00000,516
4,7,1.251392e-01,49.00000,35.00000,557
4,8,1.210228e-01,61.00000,30.00000,569
4,9,1.286086e-01,42.00000,35.00000,512
4,10,1.290647e-01,49.00000,30.00000,517
4,11,1.261865e-01,53.00000,30.00000,530
4,12,1.200631e-01,48.00000,35.00000,552
4,13,1.245411e-01,48.00000,35.00000,523
4,14,1.234239e-01,51.00000,30.00000,516
4,15,1.263346e-01,43.00000,35.00000,513
4,16,1.291411e-01,37.00000,36.00000,526
4,17,1.286072e-01,37.00000,36.00000,522
4,18,1.321840e-01,37.00000,40.00000,519
4,19,1.337572e-01,54.00000,30.00000,529
4,20,1.186409e-01,55.00000,30.00000,562
4,21,1.319574e-01,40.00000,36.00000,501
4,22,1.423083e-01,31.00000,36.00000,496
4,23,1.339491e-01,48.00000,35.00000,524
4,24,1.331790e-01,36.00000,35.00000,500
4,25,1.228339e-01,51.00000,30.00000,542
4,26,1.295287e-01,46.00000,35.00000,531
4,27,1.273482e-01,47.00000,35.00000,507
4,28,1.192778e-01,59.00000,30.00000,558
4,29,1.279533e-01,45.00000,35.00000,503
4,30,1.270296e-01,47.00000,35.00000,515
4,31,1.226137e-01,49.00000,30.00000,524
4,32,1.295109e-01,47.00000,35.00000,513
4,33,1.177728e-01,59.00000,30.00000,551
4,34,1.325898e-01,44.00000,35.00000,507
4,35,1.300027e-01,47.00000,35.00000,502
4,36,1.397569e-01,36.00000,36.00000,472
4,37,1.329018e-01,38.00000,35.00000,508
4,38,1.263939e-01,49.00000,30.00000,525
4,39,1.248981e-01,49.00000,30.00000,540
4,40,1.310809e-01,48.00000,35.00000,520
4,41,1.279108e-01,49.00000,35.00000,514
4,42,1.234953e-01,49.00000,30.00000,542
4,43,1.281551e-01,43.00000,35.00000,508
4,44,1.392872e-01,37.00000,36.00000,498
4,45,1.212198e-01,55.00000,30.00000,537
4,46,1.242747e-01,55.00000,30.00000,535
4,47,1.227509e-01,53.00000,30.00000,540
4,48,1.227376e-01,49.00000,30.00000,538
4,49,1.226415e-01,56.00000,30.00000,549
4,50,1.319116e-01,42.00000,35.00000,496
4,51,1.287268e-01,46.00000,35.00000,518
4,52,1.297142e-01,45.00000,35.00000,531
4,53,1.324249e-01,42.00000,35.00000,521
4,54,1.324592e-01,42.00000,35.00000,506
4,55,1.312448e-01,45.00000,36.00000,512
4,56,1.204438e-01,58.00000,30.00000,539
4,57,1.309082e-01,49.00000,35.00000,514
4,58,1.290617e-01,42.00000,35.00000,533
4,59,1.306156e-01,49.00000,35.00000,514
4,60,1.336876e-01,34.00000,36.00000,505
4,61,1.225386e-01,54.00000,30.00000,528
4,62,1.234386e-01,49.00000,30.00000,536
4,63,1.327736e-01,45.00000,35.00000,493
4,64,1.273749e-01,49.00000,30.00000,509
4,65,1.370333e-01,35.00000,36.00000,495
4,66,1.406820e-01,40.00000,36.00000,488
4,67,1.254161e-01,49.00000,30.00000,544
4,68,1.253836e-01,49.00000,30.00000,526
4,69,1.381475e-01,43.00000,36.00000,508
4,70,1.242187e-01,57.00000,30.00000,546
4,71,1.344337e-01,43.00000,36.00000,506
4,72,1.306102e-01,41.00000,35.00000,504
4,73,1.247392e-01,49.00000,30.00000,553
4,74,1.229994e-01,57.00000,30.00000,544
4,75,1.240788e-01,58.00000,30.00000,549
4,76,1.400551e-01,41.00000,36.00000,489
4,77,1.437866e-01,31.00000,36.00000,488
4,78,1.329380e-01,48.00000,35.00000,515
4,79,1.379504e-01,38.00000,36.00000,488
4,80,1.230199e-01,55.00000,30.00000,545
4,81,1.232589e-01,55.00000,30.00000,557
4,82,1.295528e-01,49.00000,30.00000,516
4,83,1.388344e-01,34.00000,36.00000,515
4,84,1.303690e-01,48.00000,35.00000,521
4,85,1.249514e-01,54.00000,30.00000,524
4,86,1.295517e-01,51.00000,35.00000,523
4,87,1.254214e-01,49.00000,30.00000,515
4,88,1.355600e-01,36.00000,40.00000,488
4,89,1.346813e-01,45.00000,35.00000,505
4,90,1.253783e-01,50.00000,30.00000,541
4,91,1.370690e-01,43.00000,36.00000,502
4,92,1.241798e-01,53.00000,30.00000,562
4,93,1.456984e-01,35.00000,36.00000,482
4,94,1.360965e-01,40.00000,35.00000,506
4,95,1.231257e-01,49.00000,30.00000,548
4,96,1.311657e-01,45.00000,35.00000,502
4,97,1.277607e-01,49.00000,30.00000,514
4,98,1.303935e-01,45.00000,35.00000,514
4,99,1.300175e-01,48.00000,35.00000,516
4,100,1.436488e-01,30.00000,36.00000,485
4,101,1.407381e-01,35.00000,36.00000,491
4,102,1.253202e-01,57.00000,30.00000,549
4,103,1.325546e-01,43.00000,35.00000,516
4,104,1.322491e-01,42.00000,35.00000,518
4,105,1.338622e-01,45.00000,35.00000,494
4,106,1.325403e-01,40.00000,35.00000,543
4,107,1.351627e-01,46.00000,35.00000,510
4,108,1.254198e-01,54.00000,30.00000,525
4,109,1.342020e-01,43.00000,35.00000,504
4,110,1.368785e-01,37.00000,40.00000,507
4,111,1.229196e-01,57.00000,30.00000,554
4,112,1.237806e-01,57.00000,30.00000,550
4,113,1.372188e-01,41.00000,36.00000,490
4,114,1.323402e-01,44.00000,40.00000,513
4,115,1.510309e-01,30.00000,36.00000,440
4,116,1.338152e-01,46.00000,35.00000,518
4,117,1.257957e-01,58.00000,30.00000,551
4,118,1.215821e-01,59.00000,30.00000,559
4,119,1.245404e-01,55.00000,30.00000,535
4,120,1.301468e-01,48.00000,35.00000,520
4,121,1.391909e-01,41.00000,35.00000,499
4,122,1.256233e-01,54.00000,30.00000,525
4,123,1.248561e-01,54.00000,30.00000,547
4,124,1.382439e-01,43.00000,36.00000,510
4,125,1.259977e-01,52.00000,30.00000,534
4,126,1.370252e-01,42.00000,36.00000,487
4,127,1.277142e-01,53.00000,30.00000,534
4,128,1.257491e-01,49.00000,30.00000,524
4,129,1.227757e-01,57.00000,30.00000,544
4,130,1.341276e-01,45.00000,36.00000,513
4,131,1.232248e-01,53.00000,30.00000,551
4,132,1.302644e-01,47.00000,35.00000,514
4,133,1.327229e-01,45.00000,35.00000,503
4,134,1.355705e-01,40.00000,35.00000,497
4,135,1.322944e-01,40.00000,35.00000,527
4,136,1.313056e-01,44.00000,35.00000,525
4,137,1.349318e-01,41.00000,35.00000,522
4,138,1.342550e-01,50.00000,35.00000,527
4,139,1.281730e-01,49.00000,30.00000,522
4,140,1.336067e-01,47.00000,35.00000,518
4,141,1.339832e-01,42.00000,35.00000,509
4,142,1.258315e-01,49.00000,30.00000,552
4,143,1.259919e-01,49.00000,30.00000,559
4,144,1.390184e-01,38.00000,35.00000,514
4,145,1.272516e-01,53.00000,30.00000,526
4,146,1.357634e-01,40.00000,35.00000,533
4,147,1.281534e-01,49.00000,30.00000,527
4,148,1.238543e-01,57.00000,30.00000,546
4,149,1.423184e-01,34.00000,36.00000,477
4,150,1.279351e-01,61.00000,30.00000,563
4,151,1.351334e-01,43.00000,35.00000,494
4,152,1.342182e-01,41.00000,35.00000,522
4,153,1.303361e-01,49.00000,30.00000,522
4,154,1.366606e-01,42.00000,35.00000,503
4,155,1.259524e-01,54.00000,30.00000,526
4,156,1.346424e-01,43.00000,36.00000,508
4,157,1.352216e-01,43.00000,35.00000,520
4,158,1.279145e-01,58.00000,30.00000,544
4,159,1.279537e-01,49.00000,30.00000,524
4,160,1.403844e-01,38.00000,36.00000,507
4,161,1.412606e-01,38.00000,40.00000,501
4,162,1.348560e-01,48.00000,35.00000,519
4,163,1.308979e-01,49.00000,30.00000,510
4,164,1.265237e-01,54.00000,30.00000,530
4,165,1.376286e-01,43.00000,35.00000,502
4,166,1.523961e-01,40.00000,36.00000,478
4,167,1.454476e-01,35.00000,36.00000,479
4,168,1.374002e-01,41.00000,35.00000,511
4,169,1.362396e-01,44.00000,35.00000,507
4,170,1.269418e-01,53.00000,30.00000,532
4,171,1.259700e-01,52.00000,30.00000,537
4,172,1.353509e-01,46.00000,35.00000,512
4,173,1.326343e-01,45.00000,35.00000,509
4,174,1.398821e-01,42.00000,36.00000,499
4,175,1.324151e-01,44.00000,35.00000,528
4,176,1.278244e-01,49.00000,30.00000,532
4,177,1.465062e-01,40.00000,36.00000,495
4,178,1.403826e-01,42.00000,36.00000,498
4,179,1.378115e-01,47.00000,35.00000,507
4,180,1.270481e-01,57.00000,30.00000,544
4,181,1.288472e-01,53.00000,30.00000,527
4,182,1.286723e-01,49.00000,30.00000,549
4,183,1.344619e-01,43.00000,35.00000,517
4,184,1.435872e-01,42.00000,36.00000,487
4,185,1.359421e-01,43.00000,35.00000,522
4,186,1.285728e-01,55.00000,30.00000,540
4,187,1.290169e-01,54.00000,30.00000,528
4,188,1.292161e-01,52.00000,30.00000,544
4,189,1.364412e-01,44.00000,35.00000,502
4,190,1.445056e-01,36.00000,36.00000,485
4,191,1.334498e-01,47.00000,35.00000,505
4,192,1.316793e-01,49.00000,30.00000,520
4,193,1.421243e-01,36.00000,35.00000,494
4,194,1.410167e-01,37.00000,36.00000,518
4,195,1.308672e-01,53.00000,30.00000,526
4,196,1.419966e-01,44.00000,36.00000,499
4,197,1.489754e-01,30.00000,36.00000,490
4,198,1.303418e-01,57.00000,30.00000,545
4,199,1.310539e-01,55.00000,30.00000,535
4,200,1.337445e-01,47.00000,35.00000,514
4,201,1.364955e-01,37.00000,35.00000,530
4,202,1.444138e-01,41.00000,36.00000,489
4,203,1.383279e-01,43.00000,35.00000,513
4,204,1.331585e-01,52.00000,30.00000,517
4,205,1.361526e-01,43.00000,35.00000,514
4,206,1.404456e-01,45.00000,36.00000,509
4,207,1.379384e-01,43.00000,36.00000,506
4,208,1.351271e-01,50.00000,35.00000,528
4,209,1.376289e-01,45.00000,35.00000,510
4,210,1.345482e-01,50.00000,35.00000,546
4,211,1.271575e-01,49.00000,30.00000,546
4,212,1.280431e-01,54.00000,30.00000,563
4,213,1.275383e-01,57.00000,30.00000,565
4,214,1.336423e-01,53.00000,30.00000,541
4,215,1.424590e-01,37.00000,36.00000,486
4,216,1.260304e-01,57.00000,30.00000,548
4,217,1.417551e-01,42.00000,36.00000,488
4,218,1.415337e-01,41.00000,35.00000,483
4,219,1.306551e-01,49.00000,30.00000,545
4,220,1.354043e-01,48.00000,35.00000,523
4,221,1.365549e-01,40.00000,35.00000,510
4,222,1.340508e-01,49.00000,30.00000,536
4,223,1.259308e-01,60.00000,30.00000,554
4,224,1.407952e-01,41.00000,35.00000,495
4,225,1.438994e-01,40.00000,36.00000,479
4,226,1.340453e-01,52.00000,30.00000,517
4,227,1.286573e-01,55.00000,30.00000,544
4,228,1.381797e-01,43.00000,35.00000,522
4,229,1.298646e-01,53.00000,30.00000,556
4,230,1.309553e-01,53.00000,30.00000,544
4,231,1.327613e-01,53.00000,30.00000,534
4,232,1.384560e-01,45.00000,35.00000,510
4,233,1.462065e-01,36.00000,36.00000,492
4,234,1.366176e-01,48.00000,35.00000,526
4,235,1.499783e-01,31.00000,36.00000,473
4,236,1.360134e-01,41.00000,35.00000,517
4,237,1.279154e-01,56.00000,30.00000,547
4,238,1.304534e-01,54.00000,30.00000,526
4,239,1.452454e-01,31.00000,36.00000,490
4,240,1.354559e-01,45.00000,35.00000,521
4,241,1.272459e-01,60.00000,30.00000,558
4,242,1.366434e-01,45.00000,35.00000,519
4,243,1.361904e-01,50.00000,35.00000,537
4,244,1.436010e-01,38.00000,36.00000,485
4,245,1.353002e-01,47.00000,35.00000,516
4,246,1.425162e-01,44.00000,35.00000,526
4,247,1.305116e-01,49.00000,30.00000,538
4,248,1.484298e-01,38.00000,36.00000,482
4,249,1.378796e-01,44.00000,35.00000,508
4,250,1.345382e-01,49.00000,30.00000,535
4,251,1.333867e-01,45.00000,35.00000,532
4,252,1.367526e-01,44.00000,35.00000,535
4,253,1.403876e-01,43.00000,35.00000,505
4,254,1.360814e-01,42.00000,35.00000,526
4,255,1.394343e-01,39.00000,35.00000,525
4,256,1.352878e-01,49.00000,30.00000,518
4,257,1.314982e-01,52.00000,30.00000,541
4,258,1.412047e-01,42.00000,35.00000,494
4,259,1.393093e-01,41.00000,35.00000,526
4,260,1.451673e-01,40.00000,36.00000,481
4,261,1.386499e-01,43.00000,35.00000,519
4,262,1.398156e-01,51.00000,35.00000,530
4,263,1.480949e-01,40.00000,36.00000,498
4,264,1.405014e-01,42.00000,35.00000,502
4,265,1.332127e-01,49.00000,30.00000,531
4,266,1.547268e-01,25.00000,36.00000,475
4,267,1.323720e-01,54.00000,30.00000,546
4,268,1.444306e-01,44.00000,35.00000,502
4,269,1.387079e-01,46.00000,35.00000,529
4,270,1.318811e-01,51.00000,30.00000,565
4,271,1.432281e-01,43.00000,35.00000,499
4,272,1.283223e-01,61.00000,30.00000,570
4,273,1.321270e-01,57.00000,30.00000,545
4,274,1.465843e-01,30.00000,36.00000,498
4,275,1.337659e-01,57.00000,30.00000,545
4,276,1.633305e-01,25.00000,36.00000,431
4,277,1.439090e-01,42.00000,35.00000,512
4,278,1.486023e-01,34.00000,36.00000,486
4,279,1.355358e-01,49.00000,30.00000,536
4,280,1.479260e-01,42.00000,36.00000,517
4,281,1.332938e-01,51.00000,30.00000,553
4,282,1.449494e-01,40.00000,40.00000,492
4,283,1.473102e-01,37.00000,36.00000,480
4,284,1.483224e-01,39.00000,36.00000,482
4,285,1.502822e-01,37.00000,36.00000,491
4,286,1.405342e-01,46.00000,35.00000,513
4,287,1.448607e-01,42.00000,35.00000,495
4,288,1.413802e-01,44.00000,35.00000,503
4,289,1.580677e-01,35.00000,36.00000,466
4,290,1.338241e-01,55.00000,30.00000,537
4,291,1.434942e-01,43.00000,35.00000,494
4,292,1.515172e-01,49.00000,36.00000,526
4,293,1.442931e-01,43.00000,35.00000,497
4,294,1.336793e-01,60.00000,30.00000,552
4,295,1.372801e-01,49.00000,30.00000,525
4,296,1.340114e-01,55.00000,30.00000,548
4,297,1.467365e-01,42.00000,36.00000,491
4,298,1.387829e-01,48.00000,35.00000,516
4,299,1.494503e-01,40.00000,36.00000,479
4,300,1.491629e-01,38.00000,40.00000,484
4,301,1.455326e-01,39.00000,40.00000,492
4,302,1.488687e-01,45.00000,36.00000,515
4,303,1.419375e-01,43.00000,35.00000,523
4,304,1.356686e-01,54.00000,30.00000,549
4,305,1.342688e-01,49.00000,30.00000,534
4,306,1.431270e-01,40.00000,35.00000,523
4,307,1.514193e-01,25.00000,36.00000,500
4,308,1.462143e-01,31.00000,36.00000,524
4,309,1.443044e-01,49.00000,30.00000,510
4,310,1.529700e-01,30.00000,36.00000,494
4,311,1.510680e-01,32.00000,40.00000,497
4,312,1.323494e-01,58.00000,30.00000,564
4,313,1.341373e-01,54.00000,30.00000,534
4,314,1.323197e-01,58.00000,30.00000,554
4,315,1.350367e-01,53.00000,30.00000,528
4,316,1.367011e-01,49.00000,30.00000,529
4,317,1.378672e-01,49.00000,30.00000,527
4,318,1.333604e-01,49.00000,30.00000,553
4,319,1.391778e-01,49.00000,30.00000,520
4,320,1.411624e-01,48.00000,35.00000,516
4,321,1.328774e-01,54.00000,30.00000,525
4,322,1.357643e-01,53.00000,30.00000,528
4,323,1.347908e-01,49.00000,30.00000,554
4,324,1.514274e-01,37.00000,40.00000,508
4,325,1.329658e-01,49.00000,30.00000,543
4,326,1.535592e-01,49.00000,35.00000,516
4,327,1.471122e-01,35.00000,36.00000,492
4,328,1.352210e-01,53.00000,30.00000,529
4,329,1.531797e-01,38.00000,36.00000,473
4,330,1.335292e-01,58.00000,30.00000,540
4,331,1.428359e-01,40.00000,35.00000,528
4,332,1.357951e-01,49.00000,30.00000,535
4,333,1.456362e-01,43.00000,35.00000,509
4,334,1.327195e-01,57.00000,30.00000,550
4,335,1.477319e-01,43.00000,35.00000,495
4,336,1.432376e-01,41.00000,35.00000,513
4,337,1.534596e-01,40.00000,36.00000,487
4,338,1.466265e-01,43.00000,36.00000,511
4,339,1.352869e-01,59.00000,30.00000,563
4,340,1.438812e-01,42.00000,35.00000,535
4,341,1.436798e-01,47.00000,35.00000,514
4,342,1.361978e-01,49.00000,30.00000,525
4,343,1.398764e-01,52.00000,35.00000,545
4,344,1.359344e-01,53.00000,30.00000,534
4,345,1.367454e-01,50.00000,30.00000,525
4,346,1.324884e-01,56.00000,30.00000,545
4,347,1.345482e-01,58.00000,30.00000,540
4,348,1.431137e-01,48.00000,35.00000,516
4,349,1.462750e-01,43.00000,35.00000,493
4,350,1.346435e-01,54.00000,30.00000,543
4,351,1.394925e-01,49.00000,30.00000,516
4,352,1.335064e-01,52.00000,30.00000,543
4,353,1.338452e-01,57.00000,30.00000,545
4,354,1.352218e-01,51.00000,30.00000,546
4,355,1.420522e-01,45.00000,35.00000,508
4,356,1.427425e-01,44.00000,35.00000,503
4,357,1.370455e-01,49.00000,30.00000,545
4,358,1.333110e-01,54.00000,30.00000,543
4,359,1.541717e-01,39.00000,36.00000,482
4,360,1.416999e-01,42.00000,35.00000,519
4,361,1.519322e-01,36.00000,35.00000,508
4,362,1.402325e-01,51.00000,35.00000,531
4,363,1.341475e-01,49.00000,30.00000,543
4,364,1.420813e-01,43.00000,35.00000,516
4,365,1.335922e-01,53.00000,30.00000,545
4,366,1.380239e-01,49.00000,30.00000,525
4,367,1.440358e-01,48.00000,35.00000,515
4,368,1.421978e-01,49.00000,35.00000,529
4,369,1.396253e-01,49.00000,30.00000,523
4,370,1.430073e-01,45.00000,35.00000,518
4,371,1.543766e-01,36.00000,40.00000,513
4,372,1.454888e-01,42.00000,35.00000,503
4,373,1.461125e-01,41.00000,36.00000,525
4,374,1.461096e-01,44.00000,36.00000,498
4,375,1.462257e-01,42.00000,35.00000,495
4,376,1.512542e-01,39.00000,36.00000,510
4,377,1.490738e-01,47.00000,36.00000,515
4,378,1.497301e-01,44.00000,36.00000,511
4,379,1.392570e-01,49.00000,30.00000,519
4,380,1.480774e-01,37.00000,35.00000,510
4,381,1.392055e-01,49.00000,30.00000,535
4,382,1.549323e-01,34.00000,36.00000,480
4,383,1.428040e-01,47.00000,35.00000,518
4,384,1.442789e-01,49.00000,35.00000,533
4,385,1.463058e-01,49.00000,35.00000,523
4,386,1.522642e-01,35.00000,36.00000,500
4,387,1.581215e-01,30.00000,36.00000,504
4,388,1.522708e-01,42.00000,36.00000,488
4,389,1.555419e-01,40.00000,36.00000,488
4,390,1.356347e-01,53.00000,30.00000,533
4,391,1.388996e-01,49.00000,30.00000,535
4,392,1.409391e-01,45.00000,35.00000,516
4,393,1.331319e-01,57.00000,30.00000,549
4,394,1.444912e-01,44.00000,35.00000,516
4,395,1.502806e-01,42.00000,35.00000,502
4,396,1.396676e-01,52.00000,30.00000,518
4,397,1.614419e-01,25.00000,36.00000,472
4,398,1.393545e-01,49.00000,30.00000,529
4,399,1.385544e-01,54.00000,30.00000,525
4,400,1.565674e-01,36.00000,36.00000,501
4,401,1.383153e-01,58.00000,30.00000,540
4,402,1.464964e-01,42.00000,35.00000,509
4,403,1.410990e-01,50.00000,35.00000,543
4,404,1.438963e-01,44.00000,35.00000,521
4,405,1.560345e-01,38.00000,36.00000,490
4,406,1.487992e-01,40.00000,35.00000,522
4,407,1.470319e-01,47.00000,35.00000,515
4,408,1.364993e-01,61.00000,30.00000,564
4,409,1.368445e-01,53.00000,30.00000,540
4,410,1.368137e-01,57.00000,30.00000,545
4,411,1.380619e-01,57.00000,30.00000,545
4,412,1.458085e-01,42.00000,35.00000,519
4,413,1.434858e-01,50.00000,35.00000,529
4,414,1.398259e-01,49.00000,30.00000,533
4,415,1.456543e-01,48.00000,35.00000,516
4,416,1.380117e-01,49.00000,30.00000,533
4,417,1.519503e-01,39.00000,35.00000,485
4,418,1.348616e-01,58.00000,30.00000,541
4,419,1.581368e-01,31.00000,36.00000,481
4,420,1.559025e-01,42.00000,36.00000,489
4,421,1.599428e-01,38.00000,36.00000,472
4,422,1.495506e-01,45.00000,35.00000,498
4,423,1.516756e-01,36.00000,36.00000,496
4,424,1.346302e-01,63.00000,30.00000,577
4,425,1.422960e-01,49.00000,30.00000,529
4,426,1.545531e-01,41.00000,36.00000,498
4,427,1.435559e-01,49.00000,35.00000,516
4,428,1.425419e-01,49.00000,30.00000,522
4,429,1.405466e-01,54.00000,30.00000,530
4,430,1.447048e-01,45.00000,35.00000,518
4,431,1.463978e-01,43.00000,35.00000,515
4,432,1.519892e-01,43.00000,36.00000,515
4,433,1.487687e-01,39.00000,40.00000,521
4,434,1.445755e-01,48.00000,35.00000,519
4,435,1.473077e-01,48.00000,35.00000,516
4,436,1.434689e-01,44.00000,35.00000,535
4,437,1.384616e-01,55.00000,30.00000,557
4,438,1.523420e-01,42.00000,36.00000,498
4,439,1.398429e-01,57.00000,30.00000,546
4,440,1.431648e-01,51.00000,30.00000,519
4,441,1.421301e-01,48.00000,35.00000,525
4,442,1.578965e-01,37.00000,40.00000,484
4,443,1.388611e-01,55.00000,30.00000,537
4,444,1.524440e-01,31.00000,36.00000,507
4,445,1.445299e-01,45.00000,35.00000,511
4,446,1.477138e-01,43.00000,35.00000,506
4,447,1.398719e-01,49.00000,30.00000,527
4,448,1.392721e-01,49.00000,30.00000,530
4,449,1.363118e-01,55.00000,30.00000,548
4,450,1.513107e-01,39.00000,36.00000,531
4,451,1.522504e-01,43.00000,35.00000,493
4,452,1.404191e-01,51.00000,30.00000,528
4,453,1.387900e-01,49.00000,30.00000,543
4,454,1.424323e-01,45.00000,35.00000,558
4,455,1.480078e-01,49.00000,30.00000,527
4,456,1.613291e-01,36.00000,36.00000,471
4,457,1.607738e-01,37.00000,36.00000,481
4,458,1.481787e-01,47.00000,35.00000,525
4,459,1.479866e-01,42.00000,35.00000,512
4,460,1.561605e-01,30.00000,40.00000,494
4,461,1.401073e-01,49.00000,30.00000,558
4,462,1.513129e-01,46.00000,36.00000,515
4,463,1.498501e-01,44.00000,35.00000,510
4,464,1.450182e-01,50.00000,35.00000,539
4,465,1.433507e-01,52.00000,30.00000,530
4,466,1.380858e-01,56.00000,30.00000,533
4,467,1.411874e-01,54.00000,30.00000,526
4,468,1.481747e-01,49.00000,35.00000,517
4,469,1.444883e-01,47.00000,35.00000,517
4,470,1.461984e-01,47.00000,35.00000,517
4,471,1.607533e-01,37.00000,36.00000,476
4,472,1.421170e-01,49.00000,30.00000,543
4,473,1.498524e-01,45.00000,35.00000,495
4,474,1.537627e-01,39.00000,36.00000,498
4,475,1.435727e-01,49.00000,35.00000,533
4,476,1.474420e-01,48.00000,35.00000,516
4,477,1.490421e-01,43.00000,35.00000,508
4,478,1.457837e-01,45.00000,35.00000,517
4,479,1.384771e-01,58.00000,30.00000,541
4,480,1.505098e-01,40.00000,35.00000,511
4,481,1.483342e-01,48.00000,35.00000,516
4,482,1.555953e-01,36.00000,40.00000,489
4,483,1.401670e-01,53.00000,30.00000,534
4,484,1.520797e-01,42.00000,35.00000,507
4,485,1.561264e-01,36.00000,35.00000,506
4,486,1.427256e-01,53.00000,30.00000,528
4,487,1.433368e-01,49.00000,30.00000,514
4,488,1.430173e-01,53.00000,30.00000,539
4,489,1.506186e-01,45.00000,35.00000,496
4,490,1.440133e-01,49.00000,30.00000,519
4,491,1.399952e-01,55.00000,30.00000,546
4,492,1.517982e-01,43.00000,35.00000,497
4,493,1.752957e-01,25.00000,36.00000,414
4,494,1.475668e-01,47.00000,35.00000,519
4,495,1.602157e-01,35.00000,36.00000,507
4,496,1.497343e-01,48.00000,35.00000,516
4,497,1.565295e-01,40.00000,36.00000,500
4,498,1.476213e-01,45.00000,35.00000,511
4,499,1.526786e-01,46.00000,35.00000,511
4,500,1.498521e-01,42.00000,35.00000,511
4,501,1.452161e-01,48.00000,35.00000,523
4,502,1.545533e-01,39.00000,35.00000,520
4,503,1.451957e-01,49.00000,35.00000,520
4,504,1.552743e-01,37.00000,36.00000,512
4,505,1.403940e-01,53.00000,30.00000,544
4,506,1.382029e-01,56.00000,30.00000,552
4,507,1.391168e-01,54.00000,30.00000,553
4,508,1.415878e-01,49.00000,30.00000,545
4,509,1.557062e-01,39.00000,36.00000,495
4,510,1.414873e-01,55.00000,30.00000,538
4,511,1.494315e-01,49.00000,35.00000,518
4,512,1.528495e-01,45.00000,35.00000,506
4,513,1.447280e-01,49.00000,30.00000,530
4,514,1.581934e-01,34.00000,36.00000,498
4,515,1.482270e-01,49.00000,35.00000,516
4,516,1.592918e-01,35.00000,36.00000,495
4,517,1.552548e-01,37.00000,36.00000,516
4,518,1.443023e-01,49.00000,30.00000,550
4,519,1.495743e-01,45.00000,35.00000,502
4,520,1.542848e-01,40.00000,40.00000,496
4,521,1.385951e-01,57.00000,30.00000,546
4,522,1.575628e-01,39.00000,36.00000,490
4,523,1.399663e-01,54.00000,30.00000,538
4,524,1.444299e-01,54.00000,30.00000,537
4,525,1.410065e-01,49.00000,30.00000,564
4,526,1.513565e-01,49.00000,35.00000,533
4,527,1.560098e-01,36.00000,36.00000,495
4,528,1.473358e-01,47.00000,35.00000,524
4,529,1.615284e-01,41.00000,36.00000,500
4,530,1.519504e-01,45.00000,35.00000,518
4,531,1.615485e-01,31.00000,36.00000,478
4,532,1.617733e-01,31.00000,36.00000,487
4,533,1.442177e-01,49.00000,30.00000,539
4,534,1.525909e-01,41.00000,35.00000,515
4,535,1.507554e-01,50.00000,35.00000,528
4,536,1.564275e-01,40.00000,36.00000,490
4,537,1.457705e-01,53.00000,30.00000,533
4,538,1.398666e-01,54.00000,30.00000,533
4,539,1.525838e-01,42.00000,35.00000,517
4,540,1.472428e-01,47.00000,35.00000,514
4,541,1.619928e-01,36.00000,35.00000,469
4,542,1.558132e-01,43.00000,35.00000,500
4,543,1.437960e-01,57.00000,30.00000,546
4,544,1.431473e-01,49.00000,30.00000,539
4,545,1.501005e-01,47.00000,35.00000,506
4,546,1.401763e-01,57.00000,30.00000,546
4,547,1.406990e-01,59.00000,30.00000,555
4,548,1.527289e-01,46.00000,35.00000,512
4,549,1.462499e-01,49.00000,30.00000,519
4,550,1.408737e-01,54.00000,30.00000,546
4,551,1.646971e-01,34.00000,36.00000,460
4,552,1.422731e-01,54.00000,30.00000,527
4,553,1.436272e-01,59.00000,30.00000,554
4,554,1.459597e-01,49.00000,30.00000,531
4,555,1.430767e-01,49.00000,30.00000,555
4,556,1.544608e-01,46.00000,35.00000,511
4,557,1.573741e-01,39.00000,35.00000,492
4,558,1.438095e-01,49.00000,30.00000,531
4,559,1.412521e-01,59.00000,30.00000,554
4,560,1.385626e-01,53.00000,30.00000,540
4,561,1.440663e-01,54.00000,30.00000,528
4,562,1.426458e-01,56.00000,30.00000,532
4,563,1.458394e-01,49.00000,30.00000,517
4,564,1.469429e-01,46.00000,35.00000,534
4,565,1.484608e-01,49.00000,30.00000,525
4,566,1.540827e-01,41.00000,35.00000,497
4,567,1.429541e-01,51.00000,30.00000,566
4,568,1.507561e-01,44.00000,35.00000,522
4,569,1.590256e-01,37.00000,40.00000,491
4,570,1.550699e-01,41.00000,36.00000,499
4,571,1.509450e-01,42.00000,35.00000,523
4,572,1.593276e-01,30.00000,36.00000,506
4,573,1.448954e-01,49.00000,30.00000,538
4,574,1.448853e-01,55.00000,30.00000,548
4,575,1.656573e-01,36.00000,36.00000,466
4,576,1.547489e-01,43.00000,35.00000,490
4,577,1.459497e-01,49.00000,30.00000,545
4,578,1.442944e-01,54.00000,30.00000,531
4,579,1.540403e-01,46.00000,35.00000,518
4,580,1.485791e-01,49.00000,30.00000,525
4,581,1.463766e-01,55.00000,30.00000,543
4,582,1.626461e-01,40.00000,36.00000,479
4,583,1.512467e-01,46.00000,35.00000,516
4,584,1.482683e-01,47.00000,35.00000,541
4,585,1.522976e-01,47.00000,35.00000,514
4,586,1.446554e-01,55.00000,30.00000,544
4,587,1.564135e-01,45.00000,35.00000,508
4,588,1.548322e-01,40.00000,35.00000,506
4,589,1.703035e-01,30.00000,36.00000,461
4,590,1.540942e-01,41.00000,35.00000,498
4,591,1.512895e-01,47.00000,35.00000,510
4,592,1.518219e-01,46.00000,35.00000,521
4,593,1.569734e-01,43.00000,35.00000,501
4,594,1.463966e-01,53.00000,30.00000,547
4,595,1.596015e-01,43.00000,36.00000,500
4,596,1.575493e-01,41.00000,36.00000,498
4,597,1.446425e-01,53.00000,30.00000,536
4,598,1.484457e-01,47.00000,35.00000,519
4,599,1.611575e-01,41.00000,36.00000,497
4,600,1.450839e-01,53.00000,30.00000,534
4,601,1.457115e-01,49.00000,30.00000,544
4,602,1.558872e-01,45.00000,35.00000,496
4,603,1.442136e-01,56.00000,30.00000,551
4,604,1.510909e-01,45.00000,35.00000,515
4,605,1.550951e-01,45.00000,36.00000,518
4,606,1.484590e-01,47.00000,35.00000,517
4,607,1.450382e-01,54.00000,30.00000,536
4,608,1.468615e-01,55.00000,30.00000,544
4,609,1.582638e-01,45.00000,36.00000,508
4,610,1.602941e-01,41.00000,36.00000,512
4,611,1.573194e-01,43.00000,36.00000,507
4,612,1.628333e-01,47.00000,36.00000,522
4,613,1.485279e-01,51.00000,30.00000,526
4,614,1.546966e-01,44.00000,35.00000,507
4,615,1.642872e-01,35.00000,36.00000,476
4,616,1.642589e-01,31.00000,36.00000,472
4,617,1.468101e-01,52.00000,30.00000,551
4,618,1.491152e-01,51.00000,35.00000,531
4,619,1.564102e-01,38.00000,35.00000,509
4,620,1.472497e-01,49.00000,30.00000,526
4,621,1.527949e-01,46.00000,35.00000,515
4,622,1.464591e-01,53.00000,30.00000,528
4,623,1.555800e-01,45.00000,35.00000,506
4,624,1.547316e-01,41.00000,35.00000,508
4,625,1.471598e-01,49.00000,30.00000,545
4,626,1.461523e-01,53.00000,30.00000,538
4,627,1.538309e-01,45.00000,35.00000,506
4,628,1.471753e-01,59.00000,30.00000,560
4,629,1.642597e-01,30.00000,36.00000,473
4,630,1.575477e-01,38.00000,35.00000,515
4,631,1.626317e-01,36.00000,40.00000,489
4,632,1.443410e-01,54.00000,30.00000,540
4,633,1.536402e-01,44.00000,35.00000,535
4,634,1.484738e-01,56.00000,30.00000,537
4,635,1.603833e-01,43.00000,36.00000,508
4,636,1.597304e-01,40.00000,35.00000,500
4,637,1.445123e-01,59.00000,30.00000,556
4,638,1.432566e-01,57.00000,30.00000,548
4,639,1.434654e-01,58.00000,30.00000,541
4,640,1.532964e-01,43.00000,35.00000,521
4,641,1.614718e-01,38.00000,36.00000,487
4,642,1.479248e-01,49.00000,30.00000,539
4,643,1.457674e-01,54.00000,30.00000,555
4,644,1.668577e-01,35.00000,36.00000,481
4,645,1.455535e-01,55.00000,30.00000,539
4,646,1.637553e-01,35.00000,36.00000,495
4,647,1.556680e-01,44.00000,35.00000,502
4,648,1.645350e-01,41.00000,36.00000,490
4,649,1.597202e-01,47.00000,36.00000,515
4,650,1.571403e-01,36.00000,36.00000,519
4,651,1.648036e-01,38.00000,36.00000,482
4,652,1.455743e-01,54.00000,30.00000,532
4,653,1.467918e-01,53.00000,30.00000,540
4,654,1.478465e-01,49.00000,30.00000,531
4,655,1.610281e-01,39.00000,35.00000,483
4,656,1.576206e-01,46.00000,35.00000,510
4,657,1.496599e-01,51.00000,30.00000,520
4,658,1.537829e-01,45.00000,35.00000,507
4,659,1.457436e-01,53.00000,30.00000,535
4,660,1.487329e-01,54.00000,30.00000,531
4,661,1.515465e-01,47.00000,35.00000,525
4,662,1.440024e-01,52.00000,30.00000,552
4,663,1.518074e-01,40.00000,35.00000,517
4,664,1.496512e-01,49.00000,30.00000,525
4,665,1.430080e-01,58.00000,30.00000,549
4,666,1.672149e-01,31.00000,36.00000,477
4,667,1.542568e-01,50.00000,35.00000,529
4,668,1.521334e-01,53.00000,35.00000,531
4,669,1.577879e-01,47.00000,36.00000,516
4,670,1.602672e-01,43.00000,36.00000,500
4,671,1.553814e-01,47.00000,35.00000,511
4,672,1.574613e-01,46.00000,35.00000,512
4,673,1.497137e-01,49.00000,30.00000,543
4,674,1.568104e-01,43.00000,35.00000,503
4,675,1.722244e-01,30.00000,36.00000,487
4,676,1.633497e-01,39.00000,36.00000,482
4,677,1.572647e-01,42.00000,35.00000,522
4,678,1.603856e-01,40.00000,36.00000,505
4,679,1.511837e-01,52.00000,35.00000,543
4,680,1.495268e-01,49.00000,30.00000,549
4,681,1.475753e-01,54.00000,30.00000,543
4,682,1.452090e-01,57.00000,30.00000,551
4,683,1.611889e-01,39.00000,36.00000,506
4,684,1.623174e-01,40.00000,36.00000,479
4,685,1.567359e-01,44.00000,35.00000,515
4,686,1.666677e-01,43.00000,36.00000,499
4,687,1.743146e-01,30.00000,36.00000,438
4,688,1.620341e-01,43.00000,36.00000,506
4,689,1.478741e-01,57.00000,30.00000,565
4,690,1.463099e-01,59.00000,30.00000,561
4,691,1.660989e-01,42.00000,36.00000,495
4,692,1.639400e-01,40.00000,40.00000,503
4,693,1.627101e-01,39.00000,40.00000,492
4,694,1.502546e-01,54.00000,30.00000,538
4,695,1.446988e-01,60.00000,30.00000,554
4,696,1.537447e-01,50.00000,35.00000,528
4,697,1.605953e-01,41.00000,40.00000,507
4,698,1.489542e-01,55.00000,30.00000,548
4,699,1.554209e-01,48.00000,35.00000,522
4,700,1.627501e-01,40.00000,36.00000,480
4,701,1.555077e-01,44.00000,35.00000,518
4,702,1.560983e-01,49.00000,35.00000,522
4,703,1.559016e-01,42.00000,35.00000,525
4,704,1.478490e-01,60.00000,30.00000,561
4,705,1.495701e-01,49.00000,30.00000,535
4,706,1.591959e-01,55.00000,30.00000,541
4,707,1.592075e-01,41.00000,36.00000,509
4,708,1.564498e-01,45.00000,35.00000,495
4,709,1.632964e-01,37.00000,36.00000,505
4,710,1.617554e-01,40.00000,40.00000,500
4,711,1.546978e-01,48.00000,35.00000,532
4,712,1.650237e-01,39.00000,36.00000,499
4,713,1.729811e-01,25.00000,36.00000,481
4,714,1.591556e-01,43.00000,35.00000,493
4,715,1.488578e-01,55.00000,30.00000,538
4,716,1.613767e-01,43.00000,36.00000,511
4,717,1.555467e-01,47.00000,35.00000,506
4,718,1.561760e-01,43.00000,35.00000,536
4,719,1.538398e-01,50.00000,35.00000,528
4,720,1.645702e-01,40.00000,36.00000,487
4,721,1.578681e-01,45.00000,35.00000,504
4,722,1.498613e-01,54.00000,30.00000,550
4,723,1.455558e-01,58.00000,30.00000,554
4,724,1.623454e-01,45.00000,35.00000,495
4,725,1.469745e-01,53.00000,30.00000,540
4,726,1.665208e-01,30.00000,36.00000,488
4,727,1.446427e-01,58.00000,30.00000,563
4,728,1.470230e-01,59.00000,30.00000,554
4,729,1.515760e-01,49.00000,30.00000,525
4,730,1.547241e-01,46.00000,35.00000,525
4,731,1.598961e-01,51.00000,35.00000,531
4,732,1.453734e-01,58.00000,30.00000,540
4,733,1.631762e-01,39.00000,40.00000,497
4,734,1.744671e-01,37.00000,36.00000,474
4,735,1.479441e-01,51.00000,30.00000,544
4,736,1.555284e-01,46.00000,35.00000,516
4,737,1.513814e-01,51.00000,30.00000,522
4,738,1.625759e-01,45.00000,36.00000,508
4,739,1.538745e-01,51.00000,35.00000,530
4,740,1.473884e-01,55.00000,30.00000,544
4,741,1.674688e-01,37.00000,36.00000,483
4,742,1.633355e-01,45.00000,36.00000,508
4,743,1.507244e-01,52.00000,30.00000,528
4,744,1.652128e-01,40.00000,36.00000,503
4,745,1.504358e-01,54.00000,30.00000,526
4,746,1.546246e-01,52.00000,35.00000,538
4,747,1.468100e-01,55.00000,30.00000,541
4,748,1.672316e-01,38.00000,36.00000,476
4,749,1.697083e-01,35.00000,36.00000,473
4,750,1.551213e-01,49.00000,30.00000,521
4,751,1.533685e-01,51.00000,30.00000,522
4,752,1.576973e-01,47.00000,35.00000,507
4,753,1.574126e-01,43.00000,35.00000,517
4,754,1.598946e-01,39.00000,35.00000,511
4,755,1.491510e-01,55.00000,30.00000,547
4,756,1.659748e-01,38.00000,35.00000,516
4,757,1.667701e-01,25.00000,36.00000,524
4,758,1.632891e-01,40.00000,35.00000,487
4,759,1.673077e-01,40.00000,36.00000,479
4,760,1.582260e-01,46.00000,35.00000,511
4,761,1.633948e-01,40.00000,35.00000,503
4,762,1.499497e-01,53.00000,30.00000,539
4,763,1.481716e-01,55.00000,30.00000,545
4,764,1.504760e-01,58.00000,30.00000,552
4,765,1.538386e-01,48.00000,35.00000,525
4,766,1.590123e-01,44.00000,35.00000,503
4,767,1.523855e-01,57.00000,30.00000,546
4,768,1.554236e-01,51.00000,35.00000,525
4,769,1.503908e-01,55.00000,30.00000,536
4,770,1.616694e-01,41.00000,35.00000,498
4,771,1.510210e-01,49.00000,30.00000,532
4,772,1.617130e-01,44.00000,35.00000,502
4,773,1.628383e-01,42.00000,35.00000,495
4,774,1.479173e-01,55.00000,30.00000,552
4,775,1.528089e-01,49.00000,30.00000,543
4,776,1.768597e-01,25.00000,36.00000,465
4,777,1.662039e-01,44.00000,36.00000,504
4,778,1.677053e-01,41.00000,36.00000,494
4,779,1.524376e-01,54.00000,30.00000,527
4,780,1.641013e-01,37.00000,35.00000,499
4,781,1.493605e-01,54.00000,30.00000,543
4,782,1.571050e-01,48.00000,35.00000,517
4,783,1.586374e-01,42.00000,35.00000,512
4,784,1.572700e-01,46.00000,35.00000,517
4,785,1.544214e-01,52.00000,35.00000,538
4,786,1.522410e-01,49.00000,30.00000,527
4,787,1.612096e-01,41.00000,35.00000,509
4,788,1.584375e-01,43.00000,35.00000,519
4,789,1.579262e-01,48.00000,35.00000,517
4,790,1.523941e-01,54.00000,30.00000,540
4,791,1.580357e-01,45.00000,35.00000,523
4,792,1.514080e-01,53.00000,30.00000,531
4,793,1.665978e-01,39.00000,36.00000,497
4,794,1.505343e-01,57.00000,30.00000,552
4,795,1.551363e-01,52.00000,35.00000,538
4,796,1.624898e-01,43.00000,35.00000,494
4,797,1.630340e-01,37.00000,35.00000,494
4,798,1.741615e-01,35.00000,36.00000,467
4,799,1.513610e-01,54.00000,30.00000,553
4,800,1.604418e-01,48.00000,35.00000,526
4,801,1.601214e-01,43.00000,35.00000,512
4,802,1.683261e-01,36.00000,36.00000,497
4,803,1.574470e-01,41.00000,35.00000,516
4,804,1.534102e-01,54.00000,30.00000,533
4,805,1.495115e-01,53.00000,30.00000,543
4,806,1.695655e-01,37.00000,36.00000,476
4,807,1.633779e-01,35.00000,36.00000,512
4,808,1.583846e-01,43.00000,35.00000,517
4,809,1.598794e-01,42.00000,35.00000,519
4,810,1.588389e-01,40.00000,35.00000,516
4,811,1.530979e-01,52.00000,30.00000,526
4,812,1.511359e-01,54.00000,30.00000,551
4,813,1.525055e-01,53.00000,30.00000,545
4,814,1.547623e-01,49.00000,30.00000,546
4,815,1.572519e-01,39.00000,35.00000,529
4,816,1.539041e-01,54.00000,30.00000,527
4,817,1.605192e-01,45.00000,35.00000,505
4,818,1.488208e-01,58.00000,30.00000,546
4,819,1.494049e-01,54.00000,30.00000,549
4,820,1.506556e-01,57.00000,30.00000,565
4,821,1.651246e-01,46.00000,35.00000,510
4,822,1.539006e-01,49.00000,30.00000,534
4,823,1.613591e-01,48.00000,35.00000,521
4,824,1.585429e-01,47.00000,35.00000,506
4,825,1.520766e-01,55.00000,30.00000,546
4,826,1.626761e-01,36.00000,35.00000,510
4,827,1.560147e-01,49.00000,30.00000,513
4,828,1.526683e-01,54.00000,30.00000,542
4,829,1.524909e-01,53.00000,30.00000,550
4,830,1.737472e-01,30.00000,36.00000,472
4,831,1.666760e-01,36.00000,36.00000,512
4,832,1.629076e-01,46.00000,35.00000,509
4,833,1.573876e-01,49.00000,30.00000,510
5,0,1.548995e-01,52.00000,30.00000,555
5,1,1.581688e-01,59.00000,30.00000,549
5,2,1.687104e-01,31.00000,36.00000,517
5,3,1.559324e-01,53.00000,30.00000,533
5,4,1.547788e-01,55.00000,30.00000,538
5,5,1.567570e-01,53.00000,30.00000,539
5,6,1.577811e-01,48.00000,35.00000,519
5,7,1.623636e-01,36.00000,36.00000,520
5,8,1.564441e-01,53.00000,35.00000,526
5,9,1.637276e-01,38.00000,35.00000,534
5,10,1.571063e-01,55.00000,30.00000,532
5,11,1.585935e-01,53.00000,30.00000,523
5,12,1.624897e-01,43.00000,36.00000,531
5,13,1.587691e-01,49.00000,35.00000,521
5,14,1.543375e-01,58.00000,30.00000,542
5,15,1.692270e-01,37.00000,36.00000,515
5,16,1.705348e-01,50.00000,35.00000,528
5,17,1.594213e-01,43.00000,36.00000,520
5,18,1.674587e-01,30.00000,36.00000,515
5,19,1.622949e-01,43.00000,35.00000,526
5,20,1.543866e-01,53.00000,30.00000,525
5,21,1.527840e-01,60.00000,30.00000,548
5,22,1.544829e-01,52.00000,35.00000,535
5,23,1.584409e-01,52.00000,30.00000,530
5,24,1.716853e-01,37.00000,36.00000,483
5,25,1.517245e-01,55.00000,30.00000,540
5,26,1.601313e-01,45.00000,35.00000,511
5,27,1.684481e-01,40.00000,36.00000,494
5,28,1.653487e-01,43.00000,36.00000,504
5,29,1.648356e-01,50.00000,35.00000,533
5,30,1.672790e-01,40.00000,36.00000,505
5,31,1.509567e-01,55.00000,30.00000,541
5,32,1.542196e-01,49.00000,30.00000,557
5,33,1.529691e-01,58.00000,30.00000,544
5,34,1.642834e-01,47.00000,35.00000,510
5,35,1.692946e-01,31.00000,36.00000,497
5,36,1.737215e-01,25.00000,36.00000,487
5,37,1.545611e-01,54.00000,30.00000,535
5,38,1.624956e-01,46.00000,35.00000,517
5,39,1.725289e-01,36.00000,36.00000,496
5,40,1.730431e-01,42.00000,36.00000,486
5,41,1.531164e-01,54.00000,30.00000,549
5,42,1.683359e-01,41.00000,36.00000,524
5,43,1.607485e-01,54.00000,30.00000,523
5,44,1.526179e-01,52.00000,30.00000,524
5,45,1.693306e-01,37.00000,36.00000,504
5,46,1.678556e-01,40.00000,35.00000,503
5,47,1.571623e-01,50.00000,35.00000,534
5,48,1.629258e-01,43.00000,35.00000,512
5,49,1.597083e-01,42.00000,35.00000,534
5,50,1.677415e-01,44.00000,36.00000,502
5,51,1.731053e-01,35.00000,36.00000,480
5,52,1.637825e-01,45.00000,35.00000,499
5,53,1.656363e-01,42.00000,35.00000,514
5,54,1.789085e-01,25.00000,36.00000,478
5,55,1.804779e-01,36.00000,36.00000,464
5,56,1.657659e-01,43.00000,35.00000,514
5,57,1.667054e-01,46.00000,35.00000,521
5,58,1.554628e-01,55.00000,30.00000,538
5,59,1.607133e-01,45.00000,35.00000,518
5,60,1.653886e-01,45.00000,35.00000,494
5,61,1.553495e-01,52.00000,30.00000,530
5,62,1.684352e-01,38.00000,35.00000,542
5,63,1.687910e-01,53.00000,30.00000,525
5,64,1.627328e-01,34.00000,36.00000,530
5,65,1.600869e-01,50.00000,35.00000,535
5,66,1.608364e-01,48.00000,35.00000,517
5,67,1.726384e-01,38.00000,36.00000,477
5,68,1.680711e-01,46.00000,35.00000,509
5,69,1.623049e-01,43.00000,35.00000,505
5,70,1.612678e-01,48.00000,35.00000,514
5,71,1.611033e-01,48.00000,35.00000,514
5,72,1.536609e-01,54.00000,30.00000,524
5,73,1.557391e-01,57.00000,30.00000,543
5,74,1.628698e-01,49.00000,35.00000,514
5,75,1.673362e-01,38.00000,35.00000,512
5,76,1.633178e-01,46.00000,35.00000,511
5,77,1.643736e-01,42.00000,35.00000,501
5,78,1.688493e-01,37.00000,36.00000,497
5,79,1.605393e-01,46.00000,35.00000,509
5,80,1.569864e-01,55.00000,30.00000,535
5,81,1.513072e-01,53.00000,30.00000,548
5,82,1.742924e-01,36.00000,36.00000,507
5,83,1.650990e-01,40.00000,36.00000,514
5,84,1.605656e-01,48.00000,35.00000,523
5,85,1.740802e-01,37.00000,36.00000,479
5,86,1.709575e-01,38.00000,36.00000,486
5,87,1.592533e-01,49.00000,30.00000,532
5,88,1.586459e-01,49.00000,30.00000,522
5,89,1.593167e-01,43.00000,35.00000,514
5,90,1.689506e-01,41.00000,36.00000,511
5,91,1.783822e-01,30.00000,36.00000,471
5,92,1.539854e-01,53.00000,30.00000,547
5,93,1.651762e-01,44.00000,35.00000,508
5,94,1.606378e-01,48.00000,35.00000,521
5,95,1.534912e-01,55.00000,30.00000,534
5,96,1.549877e-01,53.00000,30.00000,541
5,97,1.635817e-01,41.00000,35.00000,515
5,98,1.607659e-01,49.00000,30.00000,525
5,99,1.570337e-01,49.00000,30.00000,515
5,100,1.825934e-01,30.00000,36.00000,437
5,101,1.731287e-01,37.00000,36.00000,504
5,102,1.719959e-01,43.00000,36.00000,498
5,103,1.593450e-01,49.00000,30.00000,541
5,104,1.710118e-01,43.00000,36.00000,498
5,105,1.714999e-01,37.00000,36.00000,492
5,106,1.637472e-01,47.00000,35.00000,509
5,107,1.611649e-01,51.00000,35.00000,522
5,108,1.566854e-01,54.00000,30.00000,526
5,109,1.745537e-01,37.00000,36.00000,479
5,110,1.608548e-01,52.00000,30.00000,519
5,111,1.573075e-01,44.00000,35.00000,540
5,112,1.594943e-01,49.00000,35.00000,526
5,113,1.638863e-01,40.00000,35.00000,530
5,114,1.595638e-01,53.00000,30.00000,543
5,115,1.640512e-01,42.00000,35.00000,529
5,116,1.611947e-01,58.00000,30.00000,546
5,117,1.557259e-01,57.00000,30.00000,550
5,118,1.562643e-01,57.00000,30.00000,547
5,119,1.628499e-01,47.00000,35.00000,510
5,120,1.647139e-01,39.00000,35.00000,506
5,121,1.648778e-01,37.00000,35.00000,521
5,122,1.590756e-01,49.00000,30.00000,521
5,123,1.599431e-01,49.00000,30.00000,515
5,124,1.565053e-01,54.00000,30.00000,541
5,125,1.631972e-01,44.00000,35.00000,511
5,126,1.645001e-01,45.00000,35.00000,513
5,127,1.606074e-01,49.00000,35.00000,516
5,128,1.555109e-01,54.00000,30.00000,526
5,129,1.719115e-01,35.00000,36.00000,512
5,130,1.649275e-01,47.00000,35.00000,516
5,131,1.704012e-01,43.00000,36.00000,504
5,132,1.556678e-01,53.00000,30.00000,527
5,133,1.544811e-01,53.00000,30.00000,537
5,134,1.732782e-01,35.00000,36.00000,479
5,135,1.636515e-01,42.00000,35.00000,518
5,136,1.579327e-01,49.00000,30.00000,529
5,137,1.537551e-01,53.00000,30.00000,548
5,138,1.629891e-01,42.00000,35.00000,514
5,139,1.533588e-01,58.00000,30.00000,561
5,140,1.703361e-01,42.00000,35.00000,499
5,141,1.623372e-01,46.00000,35.00000,519
5,142,1.790824e-01,30.00000,36.00000,475
5,143,1.678008e-01,38.00000,35.00000,507
5,144,1.654682e-01,42.00000,35.00000,539
5,145,1.757577e-01,43.00000,36.00000,505
5,146,1.735574e-01,37.00000,36.00000,484
5,147,1.661808e-01,43.00000,35.00000,510
5,148,1.690538e-01,43.00000,35.00000,494
5,149,1.571949e-01,55.00000,30.00000,541
5,150,1.555119e-01,54.00000,30.00000,524
5,151,1.651533e-01,42.00000,35.00000,525
5,152,1.611238e-01,46.00000,35.00000,510
5,153,1.561070e-01,53.00000,30.00000,534
5,154,1.692852e-01,37.00000,36.00000,488
5,155,1.729542e-01,41.00000,36.00000,490
5,156,1.603560e-01,49.00000,30.00000,537
5,157,1.661528e-01,50.00000,35.00000,533
5,158,1.558118e-01,58.00000,30.00000,559
5,159,1.568577e-01,54.00000,30.00000,532
5,160,1.736773e-01,35.00000,36.00000,488
5,161,1.639041e-01,49.00000,35.00000,522
5,162,1.593744e-01,53.00000,30.00000,527
5,163,1.651996e-01,49.00000,30.00000,526
5,164,1.659520e-01,49.00000,30.00000,525
5,165,1.722081e-01,43.00000,35.00000,525
5,166,1.808764e-01,37.00000,36.00000,475
5,167,1.888546e-01,25.00000,36.00000,494
5,168,1.644389e-01,54.00000,30.00000,539
5,169,1.634507e-01,54.00000,30.00000,531
5,170,1.625665e-01,54.00000,30.00000,535
5,171,1.788583e-01,40.00000,36.00000,479
5,172,1.621822e-01,58.00000,30.00000,547
5,173,1.686608e-01,49.00000,35.00000,515
5,174,1.740997e-01,39.00000,35.00000,505
5,175,1.776255e-01,39.00000,36.00000,486
5,176,1.607012e-01,54.00000,30.00000,551
5,177,1.796291e-01,35.00000,36.00000,481
5,178,1.625085e-01,58.00000,30.00000,546
5,179,1.686655e-01,43.00000,35.00000,499
5,180,1.686051e-01,44.00000,35.00000,506
5,181,1.636000e-01,54.00000,30.00000,526
5,182,1.619983e-01,49.00000,30.00000,518
5,183,1.705866e-01,44.00000,36.00000,495
5,184,1.675681e-01,42.00000,35.00000,516
5,185,1.753845e-01,39.00000,36.00000,498
5,186,1.717231e-01,45.00000,35.00000,515
5,187,1.772352e-01,35.00000,36.00000,484
5,188,1.737671e-01,37.00000,36.00000,534
5,189,1.644315e-01,55.00000,30.00000,535
5,190,1.588546e-01,55.00000,30.00000,535
5,191,1.747296e-01,41.00000,40.00000,500
5,192,1.808353e-01,37.00000,36.00000,486
5,193,1.552938e-01,58.00000,30.00000,558
5,194,1.590840e-01,55.00000,30.00000,536
5,195,1.591083e-01,54.00000,30.00000,550
5,196,1.681076e-01,43.00000,35.00000,502
5,197,1.579547e-01,59.00000,30.00000,552
5,198,1.686871e-01,45.00000,35.00000,496
5,199,1.766753e-01,39.00000,40.00000,492
5,200,1.574593e-01,55.00000,30.00000,548
5,201,1.657950e-01,48.00000,35.00000,516
5,202,1.575104e-01,58.00000,30.00000,555
5,203,1.693218e-01,47.00000,35.00000,505
5,204,1.580711e-01,51.00000,30.00000,545
5,205,1.632952e-01,48.00000,35.00000,535
5,206,1.724317e-01,40.00000,36.00000,512
5,207,1.713385e-01,42.00000,35.00000,501
5,208,1.707105e-01,46.00000,35.00000,512
5,209,1.638880e-01,48.00000,35.00000,527
5,210,1.670609e-01,45.00000,35.00000,521
5,211,1.694898e-01,41.00000,35.00000,506
5,212,1.718411e-01,43.00000,36.00000,505
5,213,1.587371e-01,49.00000,30.00000,542
5,214,1.726004e-01,40.00000,36.00000,491
5,215,1.736537e-01,36.00000,36.00000,497
5,216,1.698958e-01,47.00000,35.00000,505
5,217,1.720099e-01,46.00000,35.00000,510
5,218,1.582047e-01,49.00000,30.00000,548
5,219,1.689747e-01,40.00000,35.00000,529
5,220,1.680308e-01,40.00000,35.00000,526
5,221,1.662215e-01,46.00000,35.00000,510
5,222,1.601620e-01,54.00000,30.00000,525
5,223,1.687128e-01,46.00000,36.00000,505
5,224,1.598139e-01,57.00000,30.00000,544
5,225,1.717509e-01,42.00000,35.00000,494
5,226,1.617858e-01,49.00000,30.00000,521
5,227,1.742233e-01,49.00000,35.00000,516
5,228,1.729472e-01,38.00000,36.00000,505
5,229,1.692072e-01,43.00000,35.00000,507
5,230,1.594314e-01,53.00000,30.00000,530
5,231,1.590594e-01,55.00000,30.00000,542
5,232,1.646360e-01,45.00000,35.00000,524
5,233,1.591170e-01,53.00000,30.00000,533
5,234,1.668707e-01,43.00000,35.00000,529
5,235,1.597385e-01,52.00000,30.00000,530
5,236,1.695203e-01,44.00000,35.00000,512
5,237,1.744202e-01,47.00000,36.00000,516
5,238,1.667679e-01,47.00000,35.00000,513
5,239,1.701590e-01,44.00000,35.00000,507
5,240,1.663713e-01,47.00000,35.00000,515
5,241,1.624058e-01,49.00000,30.00000,551
5,242,1.606152e-01,54.00000,30.00000,527
5,243,1.596243e-01,54.00000,30.00000,529
5,244,1.738040e-01,49.00000,35.00000,515
5,245,1.587360e-01,55.00000,30.00000,536
5,246,1.753989e-01,37.00000,36.00000,492
5,247,1.713343e-01,42.00000,36.00000,496
5,248,1.562748e-01,60.00000,30.00000,551
5,249,1.609929e-01,52.00000,30.00000,526
5,250,1.774862e-01,35.00000,36.00000,495
5,251,1.717769e-01,39.00000,35.00000,501
5,252,1.553320e-01,57.00000,30.00000,575
5,253,1.749964e-01,40.00000,36.00000,486
5,254,1.688851e-01,45.00000,36.00000,514
5,255,1.582925e-01,57.00000,30.00000,544
5,256,1.681458e-01,46.00000,35.00000,510
5,257,1.574621e-01,55.00000,30.00000,536
5,258,1.594688e-01,49.00000,30.00000,545
5,259,1.580946e-01,57.00000,30.00000,545
5,260,1.694391e-01,48.00000,35.00000,515
5,261,1.662761e-01,50.00000,35.00000,528
5,262,1.576006e-01,59.00000,30.00000,553
5,263,1.575884e-01,57.00000,30.00000,551
5,264,1.673678e-01,43.00000,35.00000,509
5,265,1.600825e-01,54.00000,30.00000,546
5,266,1.587866e-01,54.00000,30.00000,536
5,267,1.705483e-01,45.00000,35.00000,497
5,268,1.630388e-01,55.00000,30.00000,547
5,269,1.610161e-01,54.00000,30.00000,534
5,270,1.851589e-01,37.00000,36.00000,481
5,271,1.675072e-01,44.00000,35.00000,521
5,272,1.601234e-01,48.00000,35.00000,535
5,273,1.636618e-01,55.00000,30.00000,536
5,274,1.599943e-01,53.00000,30.00000,545
5,275,1.591628e-01,57.00000,30.00000,548
5,276,1.612630e-01,51.00000,35.00000,531
5,277,1.690858e-01,43.00000,35.00000,500
5,278,1.794911e-01,40.00000,36.00000,489
5,279,1.758504e-01,38.00000,35.00000,489
5,280,1.720859e-01,40.00000,40.00000,499
5,281,1.817956e-01,36.00000,36.00000,474
5,282,1.593200e-01,52.00000,30.00000,526
5,283,1.680548e-01,47.00000,35.00000,506
5,284,1.583838e-01,58.00000,30.00000,544
5,285,1.667530e-01,44.00000,35.00000,528
5,286,1.548313e-01,58.00000,30.00000,549
5,287,1.622483e-01,49.00000,30.00000,552
5,288,1.604154e-01,49.00000,30.00000,543
5,289,1.763572e-01,39.00000,40.00000,492
5,290,1.718922e-01,40.00000,35.00000,491
5,291,1.645790e-01,51.00000,35.00000,527
5,292,1.815555e-01,30.00000,36.00000,463
5,293,1.612148e-01,49.00000,30.00000,553
5,294,1.750656e-01,37.00000,40.00000,510
5,295,1.622997e-01,49.00000,30.00000,537
5,296,1.614158e-01,53.00000,30.00000,541
5,297,1.635451e-01,48.00000,35.00000,517
5,298,1.737475e-01,36.00000,36.00000,503
5,299,1.723808e-01,39.00000,35.00000,510
5,300,1.627947e-01,57.00000,30.00000,545
5,301,1.607053e-01,52.00000,30.00000,533
5,302,1.828333e-01,40.00000,36.00000,487
5,303,1.698261e-01,42.00000,35.00000,510
5,304,1.667121e-01,48.00000,35.00000,516
5,305,1.646792e-01,49.00000,30.00000,520
5,306,1.623358e-01,53.00000,30.00000,534
5,307,1.696751e-01,46.00000,35.00000,517
5,308,1.730387e-01,41.00000,40.00000,512
5,309,1.659557e-01,42.00000,35.00000,524
5,310,1.577866e-01,53.00000,30.00000,542
5,311,1.792126e-01,40.00000,40.00000,493
5,312,1.608197e-01,54.00000,30.00000,525
5,313,1.768473e-01,31.00000,36.00000,498
5,314,1.688413e-01,47.00000,35.00000,518
5,315,1.711233e-01,43.00000,35.00000,499
5,316,1.692502e-01,42.00000,35.00000,516
5,317,1.708434e-01,42.00000,35.00000,528
5,318,1.856015e-01,31.00000,36.00000,454
5,319,1.635445e-01,49.00000,30.00000,521
5,320,1.606393e-01,49.00000,30.00000,528
5,321,1.658175e-01,49.00000,30.00000,545
5,322,1.615550e-01,57.00000,30.00000,547
5,323,1.676153e-01,46.00000,35.00000,511
5,324,1.701597e-01,47.00000,35.00000,508
5,325,1.691546e-01,45.00000,35.00000,511
5,326,1.685974e-01,46.00000,36.00000,516
5,327,1.683311e-01,40.00000,35.00000,515
5,328,1.715342e-01,40.00000,35.00000,511
5,329,1.587837e-01,59.00000,30.00000,570
5,330,1.705969e-01,48.00000,35.00000,515
5,331,1.820547e-01,31.00000,36.00000,488
5,332,1.633984e-01,49.00000,30.00000,541
5,333,1.830977e-01,35.00000,36.00000,473
5,334,1.736893e-01,43.00000,35.00000,495
5,335,1.693929e-01,43.00000,35.00000,523
5,336,1.708573e-01,43.00000,35.00000,495
5,337,1.688694e-01,44.00000,35.00000,515
5,338,1.772867e-01,35.00000,36.00000,502
5,339,1.687737e-01,46.00000,35.00000,517
5,340,1.614304e-01,53.00000,30.00000,534
5,341,1.711111e-01,39.00000,35.00000,521
5,342,1.577121e-01,57.00000,30.00000,545
5,343,1.671143e-01,46.00000,35.00000,510
5,344,1.759586e-01,43.00000,35.00000,494
5,345,1.721526e-01,40.00000,35.00000,501
5,346,1.599868e-01,57.00000,30.00000,545
5,347,1.776610e-01,35.00000,36.00000,511
5,348,1.591893e-01,57.00000,30.00000,553
5,349,1.620825e-01,52.00000,30.00000,553
5,350,1.601788e-01,57.00000,30.00000,544
5,351,1.610372e-01,53.00000,30.00000,533
5,352,1.698740e-01,44.00000,35.00000,522
5,353,1.631048e-01,49.00000,30.00000,532
5,354,1.605743e-01,54.00000,30.00000,553
5,355,1.669505e-01,46.00000,35.00000,511
5,356,1.667182e-01,49.00000,35.00000,516
5,357,1.619605e-01,53.00000,30.00000,538
5,358,1.581755e-01,59.00000,30.00000,553
5,359,1.715571e-01,43.00000,35.00000,514
5,360,1.633489e-01,49.00000,30.00000,541
5,361,1.595938e-01,49.00000,30.00000,535
5,362,1.625789e-01,55.00000,30.00000,536
5,363,1.660903e-01,41.00000,35.00000,515
5,364,1.772536e-01,41.00000,36.00000,492
5,365,1.681134e-01,49.00000,35.00000,516
5,366,1.757178e-01,35.00000,40.00000,499
5,367,1.799647e-01,35.00000,36.00000,481
5,368,1.649686e-01,45.00000,35.00000,532
5,369,1.696014e-01,44.00000,35.00000,531
5,370,1.731584e-01,38.00000,35.00000,500
5,371,1.737297e-01,43.00000,36.00000,506
5,372,1.739764e-01,43.00000,35.00000,500
5,373,1.693740e-01,45.00000,35.00000,517
5,374,1.789497e-01,36.00000,36.00000,499
5,375,1.684155e-01,48.00000,35.00000,516
5,376,1.833036e-01,34.00000,36.00000,487
5,377,1.606223e-01,57.00000,30.00000,547
5,378,1.754361e-01,37.00000,36.00000,500
5,379,1.798553e-01,25.00000,36.00000,505
5,380,1.596811e-01,54.00000,30.00000,553
5,381,1.630760e-01,49.00000,30.00000,531
5,382,1.774707e-01,35.00000,36.00000,515
5,383,1.601608e-01,55.00000,30.00000,539
5,384,1.834459e-01,25.00000,36.00000,492
5,385,1.808985e-01,37.00000,36.00000,478
5,386,1.755734e-01,40.00000,40.00000,486
5,387,1.666380e-01,48.00000,35.00000,516
5,388,1.638265e-01,49.00000,30.00000,538
5,389,1.605162e-01,55.00000,30.00000,547
5,390,1.703974e-01,42.00000,35.00000,511
5,391,1.622927e-01,54.00000,30.00000,538
5,392,1.656019e-01,52.00000,30.00000,529
5,393,1.608391e-01,53.00000,30.00000,548
5,394,1.767580e-01,40.00000,36.00000,511
5,395,1.658338e-01,55.00000,30.00000,535
5,396,1.674463e-01,42.00000,35.00000,546
5,397,1.606350e-01,52.00000,30.00000,518
5,398,1.705201e-01,47.00000,35.00000,510
5,399,1.580988e-01,54.00000,30.00000,543
5,400,1.671839e-01,40.00000,35.00000,526
5,401,1.695585e-01,47.00000,35.00000,535
5,402,1.604959e-01,53.00000,30.00000,549
5,403,1.695588e-01,42.00000,36.00000,509
5,404,1.766048e-01,30.00000,36.00000,507
5,405,1.807506e-01,30.00000,36.00000,498
5,406,1.681461e-01,50.00000,35.00000,528
5,407,1.782811e-01,37.00000,36.00000,477
5,408,1.733225e-01,42.00000,36.00000,491
5,409,1.612404e-01,54.00000,30.00000,550
5,410,1.604496e-01,55.00000,30.00000,554
5,411,1.604305e-01,52.00000,30.00000,546
5,412,1.758658e-01,30.00000,36.00000,497
5,413,1.656199e-01,52.00000,30.00000,525
5,414,1.831518e-01,36.00000,36.00000,489
5,415,1.862770e-01,31.00000,36.00000,476
5,416,1.728956e-01,37.00000,35.00000,513
5,417,1.843073e-01,30.00000,36.00000,477
5,418,1.786989e-01,47.00000,36.00000,523
5,419,1.671030e-01,45.00000,35.00000,517
5,420,1.699701e-01,44.00000,35.00000,514
5,421,1.650486e-01,49.00000,30.00000,531
5,422,1.692778e-01,49.00000,35.00000,523
5,423,1.844597e-01,35.00000,36.00000,482
5,424,1.626178e-01,54.00000,30.00000,531
5,425,1.705243e-01,40.00000,35.00000,506
5,426,1.647595e-01,56.00000,30.00000,532
5,427,1.690884e-01,46.00000,35.00000,517
5,428,1.792243e-01,31.00000,36.00000,512
5,429,1.809458e-01,31.00000,36.00000,474
5,430,1.655324e-01,55.00000,30.00000,536
5,431,1.684849e-01,45.00000,35.00000,520
5,432,1.739289e-01,47.00000,35.00000,505
5,433,1.654525e-01,49.00000,35.00000,527
5,434,1.815460e-01,31.00000,36.00000,502
5,435,1.615514e-01,54.00000,30.00000,526
5,436,1.579628e-01,58.00000,30.00000,544
5,437,1.854684e-01,35.00000,36.00000,467
5,438,1.604625e-01,57.00000,30.00000,545
5,439,1.755685e-01,42.00000,35.00000,501
5,440,1.752606e-01,41.00000,35.00000,495
5,441,1.604351e-01,55.00000,30.00000,563
5,442,1.608921e-01,54.00000,30.00000,542
5,443,1.642531e-01,54.00000,30.00000,528
5,444,1.626872e-01,49.00000,30.00000,529
5,445,1.607955e-01,55.00000,30.00000,543
5,446,1.710099e-01,45.00000,35.00000,514
5,447,1.694451e-01,47.00000,35.00000,515
5,448,1.841732e-01,37.00000,36.00000,487
5,449,1.711818e-01,45.00000,35.00000,497
5,450,1.610939e-01,57.00000,30.00000,545
5,451,1.667072e-01,49.00000,30.00000,539
5,452,1.702266e-01,41.00000,35.00000,517
5,453,1.735828e-01,44.00000,35.00000,511
5,454,1.659298e-01,52.00000,35.00000,538
5,455,1.621876e-01,57.00000,30.00000,546
5,456,1.695314e-01,48.00000,35.00000,528
5,457,1.712999e-01,45.00000,35.00000,516
5,458,1.619829e-01,56.00000,30.00000,535
5,459,1.738144e-01,41.00000,35.00000,531
5,460,1.716841e-01,43.00000,35.00000,511
5,461,1.613700e-01,54.00000,30.00000,536
5,462,1.723024e-01,41.00000,35.00000,511
5,463,1.600238e-01,49.00000,30.00000,564
5,464,1.652831e-01,49.00000,30.00000,522
5,465,1.712850e-01,41.00000,35.00000,524
5,466,1.580649e-01,57.00000,30.00000,556
5,467,1.708359e-01,48.00000,35.00000,518
5,468,1.637125e-01,49.00000,30.00000,546
5,469,1.597002e-01,57.00000,30.00000,545
5,470,1.728033e-01,44.00000,35.00000,502
5,471,1.709422e-01,47.00000,35.00000,518
5,472,1.739242e-01,42.00000,35.00000,495
5,473,1.727572e-01,37.00000,35.00000,505
5,474,1.793535e-01,35.00000,36.00000,495
5,475,1.643149e-01,52.00000,30.00000,533
5,476,1.693762e-01,44.00000,35.00000,515
5,477,1.756227e-01,47.00000,35.00000,506
5,478,1.780105e-01,44.00000,36.00000,494
5,479,1.707920e-01,48.00000,35.00000,517
5,480,1.803802e-01,41.00000,36.00000,497
5,481,1.776647e-01,36.00000,35.00000,508
5,482,1.644803e-01,49.00000,30.00000,539
5,483,1.849559e-01,31.00000,36.00000,501
5,484,1.609404e-01,58.00000,30.00000,547
5,485,1.635412e-01,49.00000,30.00000,538
5,486,1.735200e-01,41.00000,35.00000,508
5,487,1.694209e-01,46.00000,35.00000,521
5,488,1.638813e-01,49.00000,30.00000,540
5,489,1.618213e-01,54.00000,30.00000,534
5,490,1.877263e-01,35.00000,36.00000,466
5,491,1.755188e-01,41.00000,35.00000,482
5,492,1.741714e-01,39.00000,35.00000,512
5,493,1.649648e-01,53.00000,30.00000,536
5,494,1.755357e-01,43.00000,36.00000,508
5,495,1.720740e-01,44.00000,35.00000,517
5,496,1.648121e-01,55.00000,30.00000,561
5,497,1.610497e-01,54.00000,30.00000,533
5,498,1.624400e-01,53.00000,30.00000,561
5,499,1.654429e-01,49.00000,30.00000,540
5,500,1.628329e-01,51.00000,30.00000,544
5,501,1.683200e-01,46.00000,35.00000,515
5,502,1.728269e-01,42.00000,35.00000,498
5,503,1.714580e-01,45.00000,35.00000,496
5,504,1.864329e-01,37.00000,36.00000,483
5,505,1.797833e-01,31.00000,36.00000,497
5,506,1.779032e-01,37.00000,36.00000,485
5,507,1.713009e-01,46.00000,35.00000,518
5,508,1.722770e-01,46.00000,35.00000,511
5,509,1.640642e-01,49.00000,30.00000,540
5,510,1.776281e-01,36.00000,40.00000,494
5,511,1.630490e-01,54.00000,30.00000,530
5,512,1.609083e-01,53.00000,30.00000,559
5,513,1.627258e-01,49.00000,30.00000,545
5,514,1.703186e-01,42.00000,35.00000,517
5,515,1.673906e-01,49.00000,30.00000,512
5,516,1.805258e-01,36.00000,36.00000,497
5,517,1.638555e-01,55.00000,30.00000,537
5,518,1.901914e-01,31.00000,36.00000,451
5,519,1.650098e-01,56.00000,30.00000,533
5,520,1.641379e-01,49.00000,30.00000,534
5,521,1.604845e-01,55.00000,30.00000,546
5,522,1.691162e-01,52.00000,35.00000,537
5,523,1.770586e-01,44.00000,36.00000,500
5,524,1.617782e-01,55.00000,30.00000,561
5,525,1.776385e-01,37.00000,36.00000,493
5,526,1.656025e-01,49.00000,30.00000,533
5,527,1.751922e-01,42.00000,35.00000,499
5,528,1.691039e-01,48.00000,35.00000,527
5,529,1.652665e-01,53.00000,30.00000,529
5,530,1.626173e-01,55.00000,30.00000,544
5,531,1.626886e-01,49.00000,30.00000,558
5,532,1.715471e-01,50.00000,35.00000,529
5,533,1.656764e-01,57.00000,30.00000,550
5,534,1.698155e-01,52.00000,30.00000,518
5,535,1.919040e-01,42.00000,36.00000,504
5,536,1.926386e-01,42.00000,36.00000,496
5,537,1.954102e-01,41.00000,35.00000,505
5,538,1.930519e-01,40.00000,36.00000,486
5,539,1.854302e-01,44.00000,35.00000,503
5,540,1.855260e-01,41.00000,35.00000,502
5,541,1.816851e-01,44.00000,35.00000,514
5,542,1.746062e-01,55.00000,30.00000,536
5,543,1.896604e-01,41.00000,36.00000,491
5,544,1.793197e-01,47.00000,35.00000,509
5,545,1.826939e-01,41.00000,35.00000,494
5,546,1.778812e-01,46.00000,35.00000,514
5,547,1.793683e-01,44.00000,35.00000,515
5,548,1.903258e-01,41.00000,36.00000,493
5,549,1.742440e-01,54.00000,30.00000,548
5,550,1.737566e-01,49.00000,30.00000,542
5,551,1.831712e-01,35.00000,36.00000,522
5,552,1.722420e-01,53.00000,30.00000,542
5,553,1.786608e-01,48.00000,35.00000,523
5,554,1.840860e-01,42.00000,36.00000,502
5,555,1.757927e-01,45.00000,35.00000,544
5,556,1.849323e-01,42.00000,36.00000,489
5,557,1.847304e-01,53.00000,30.00000,530
5,558,1.768186e-01,35.00000,36.00000,524
5,559,1.749588e-01,44.00000,35.00000,541
5,560,1.721793e-01,49.00000,30.00000,525
5,561,1.719591e-01,49.00000,30.00000,542
5,562,1.895623e-01,42.00000,36.00000,489
5,563,1.880924e-01,36.00000,36.00000,490
5,564,1.767326e-01,45.00000,35.00000,526
5,565,1.719270e-01,49.00000,30.00000,547
5,566,1.861208e-01,38.00000,35.00000,478
5,567,1.816925e-01,36.00000,35.00000,501
5,568,1.897158e-01,30.00000,36.00000,487
5,569,1.647626e-01,59.00000,30.00000,559
5,570,1.722478e-01,49.00000,35.00000,535
5,571,1.866293e-01,35.00000,36.00000,482
5,572,1.649760e-01,57.00000,30.00000,556
5,573,1.727763e-01,54.00000,30.00000,526
5,574,1.818982e-01,45.00000,36.00000,509
5,575,1.895365e-01,36.00000,36.00000,489
5,576,1.926207e-01,30.00000,36.00000,467
5,577,1.707417e-01,49.00000,30.00000,533
5,578,1.753283e-01,46.00000,35.00000,516
5,579,1.763334e-01,46.00000,35.00000,512
5,580,1.724009e-01,53.00000,30.00000,542
5,581,1.903827e-01,36.00000,36.00000,483
5,582,1.641733e-01,60.00000,30.00000,553
5,583,1.764809e-01,50.00000,35.00000,529
5,584,1.687389e-01,55.00000,30.00000,549
5,585,1.832193e-01,42.00000,36.00000,497
5,586,1.673778e-01,49.00000,30.00000,543
5,587,1.661764e-01,54.00000,30.00000,559
5,588,1.801634e-01,45.00000,35.00000,498
5,589,1.761706e-01,46.00000,35.00000,511
5,590,1.744931e-01,49.00000,30.00000,511
5,591,1.687501e-01,54.00000,30.00000,535
5,592,1.853161e-01,42.00000,36.00000,489
5,593,1.672592e-01,49.00000,30.00000,554
5,594,1.738801e-01,48.00000,35.00000,516
5,595,1.746010e-01,49.00000,35.00000,516
5,596,1.856424e-01,25.00000,36.00000,487
5,597,1.828330e-01,48.00000,35.00000,516
5,598,1.870211e-01,31.00000,36.00000,485
5,599,1.777221e-01,43.00000,35.00000,503
5,600,1.673460e-01,55.00000,30.00000,562
5,601,1.800594e-01,47.00000,36.00000,518
5,602,1.751380e-01,45.00000,35.00000,524
5,603,1.786278e-01,40.00000,35.00000,509
5,604,1.762138e-01,48.00000,35.00000,516
5,605,1.771341e-01,49.00000,35.00000,516
5,606,1.796578e-01,40.00000,35.00000,500
5,607,1.853699e-01,43.00000,36.00000,500
5,608,1.745007e-01,49.00000,30.00000,511
5,609,1.843154e-01,37.00000,36.00000,480
5,610,1.774849e-01,40.00000,35.00000,496
5,611,1.692664e-01,52.00000,30.00000,543
5,612,1.645417e-01,53.00000,30.00000,554
5,613,1.747464e-01,48.00000,35.00000,516
5,614,1.775004e-01,41.00000,35.00000,515
5,615,1.900021e-01,31.00000,36.00000,465
5,616,1.882851e-01,35.00000,36.00000,489
5,617,1.688650e-01,52.00000,30.00000,523
5,618,1.822301e-01,41.00000,36.00000,506
5,619,1.835618e-01,43.00000,35.00000,490
5,620,1.660596e-01,56.00000,30.00000,551
5,621,1.723112e-01,49.00000,30.00000,513
5,622,1.773924e-01,43.00000,35.00000,504
5,623,1.664163e-01,53.00000,30.00000,538
5,624,1.776996e-01,45.00000,36.00000,508
5,625,1.806123e-01,38.00000,35.00000,509
5,626,1.666671e-01,53.00000,30.00000,547
5,627,1.694683e-01,54.00000,30.00000,525
5,628,1.693782e-01,54.00000,30.00000,528
5,629,1.680188e-01,53.00000,30.00000,540
5,630,1.675408e-01,53.00000,30.00000,530
5,631,1.830609e-01,45.00000,36.00000,508
5,632,1.820234e-01,40.00000,36.00000,501
5,633,1.656141e-01,53.00000,30.00000,550
5,634,1.836749e-01,43.00000,36.00000,506
5,635,1.661691e-01,53.00000,30.00000,547
5,636,1.767740e-01,45.00000,35.00000,504
5,637,1.779093e-01,44.00000,35.00000,512
5,638,1.661784e-01,57.00000,30.00000,546
5,639,1.750195e-01,43.00000,35.00000,514
5,640,1.733533e-01,46.00000,35.00000,526
5,641,1.819685e-01,40.00000,36.00000,487
5,642,1.664028e-01,57.00000,30.00000,552
5,643,1.770269e-01,44.00000,36.00000,516
5,644,1.643142e-01,61.00000,30.00000,573
5,645,1.820378e-01,31.00000,36.00000,508
5,646,1.713105e-01,49.00000,30.00000,511
5,647,1.950251e-01,30.00000,36.00000,475
5,648,1.700767e-01,49.00000,30.00000,518
5,649,1.713477e-01,45.00000,35.00000,519
5,650,1.720482e-01,47.00000,35.00000,526
5,651,1.802950e-01,40.00000,36.00000,507
5,652,1.639513e-01,57.00000,30.00000,552
5,653,1.709406e-01,49.00000,30.00000,537
5,654,1.678922e-01,58.00000,30.00000,540
5,655,1.699732e-01,47.00000,35.00000,522
5,656,1.611357e-01,58.00000,30.00000,562
5,657,1.663927e-01,52.00000,30.00000,524
5,658,1.663607e-01,53.00000,30.00000,534
5,659,1.748581e-01,49.00000,30.00000,511
5,660,1.788842e-01,31.00000,36.00000,522
5,661,1.719867e-01,49.00000,30.00000,528
5,662,1.747831e-01,43.00000,35.00000,530
5,663,1.685445e-01,53.00000,30.00000,543
5,664,1.789257e-01,43.00000,35.00000,492
5,665,1.855362e-01,25.00000,36.00000,513
5,666,1.740468e-01,51.00000,35.00000,524
5,667,1.751720e-01,44.00000,35.00000,517
5,668,1.661410e-01,49.00000,30.00000,554
5,669,1.751856e-01,35.00000,36.00000,526
5,670,1.885266e-01,55.00000,30.00000,536
5,671,1.819785e-01,37.00000,40.00000,498
5,672,1.841256e-01,41.00000,36.00000,494
5,673,1.706108e-01,49.00000,30.00000,532
5,674,1.895659e-01,36.00000,36.00000,467
5,675,1.664348e-01,54.00000,30.00000,543
5,676,1.746556e-01,48.00000,35.00000,516
5,677,1.788576e-01,45.00000,35.00000,497
5,678,1.838264e-01,41.00000,36.00000,519
5,679,1.762464e-01,44.00000,35.00000,505
5,680,1.769955e-01,45.00000,36.00000,512
5,681,1.692448e-01,52.00000,30.00000,536
5,682,1.731935e-01,39.00000,35.00000,530
5,683,1.734909e-01,49.00000,35.00000,523
5,684,1.758622e-01,45.00000,35.00000,516
5,685,1.679432e-01,49.00000,30.00000,553
5,686,1.665431e-01,54.00000,30.00000,552
5,687,1.684395e-01,49.00000,30.00000,528
5,688,1.729503e-01,45.00000,35.00000,518
5,689,1.788349e-01,45.00000,35.00000,496
5,690,1.892571e-01,31.00000,36.00000,500
5,691,1.781781e-01,41.00000,35.00000,497
5,692,1.637783e-01,52.00000,30.00000,544
5,693,1.737927e-01,45.00000,35.00000,513
5,694,1.911817e-01,30.00000,36.00000,457
5,695,1.790416e-01,42.00000,35.00000,500
5,696,1.661465e-01,52.00000,30.00000,538
5,697,1.769492e-01,48.00000,35.00000,515
5,698,1.725626e-01,46.00000,35.00000,542
5,699,1.893588e-01,40.00000,36.00000,479
5,700,1.772823e-01,38.00000,35.00000,523
5,701,1.702177e-01,54.00000,30.00000,538
5,702,1.654413e-01,55.00000,30.00000,542
5,703,1.810304e-01,36.00000,35.00000,501
5,704,1.653533e-01,52.00000,30.00000,553
5,705,1.662317e-01,59.00000,30.00000,553
5,706,1.682047e-01,49.00000,30.00000,534
5,707,1.790856e-01,41.00000,36.00000,500
5,708,1.823044e-01,38.00000,36.00000,488
5,709,1.790307e-01,43.00000,35.00000,491
5,710,1.701234e-01,49.00000,30.00000,525
5,711,1.641140e-01,49.00000,30.00000,566
5,712,1.657984e-01,52.00000,30.00000,542
5,713,1.920719e-01,31.00000,36.00000,466
5,714,1.644520e-01,53.00000,30.00000,543
5,715,1.690252e-01,49.00000,30.00000,538
5,716,1.814520e-01,35.00000,36.00000,497
5,717,1.839452e-01,35.00000,40.00000,484
5,718,1.827798e-01,45.00000,36.00000,508
5,719,1.675726e-01,54.00000,30.00000,532
5,720,1.849433e-01,36.00000,40.00000,484
5,721,1.654007e-01,60.00000,30.00000,552
5,722,1.766342e-01,46.00000,35.00000,517
5,723,1.752153e-01,43.00000,35.00000,520
5,724,1.668599e-01,52.00000,30.00000,524
5,725,1.760165e-01,48.00000,35.00000,516
5,726,1.764836e-01,47.00000,36.00000,516
5,727,1.742973e-01,46.00000,35.00000,523
5,728,1.818986e-01,41.00000,36.00000,523
5,729,1.804509e-01,47.00000,36.00000,516
5,730,1.766293e-01,44.00000,35.00000,503
5,731,1.659141e-01,49.00000,30.00000,545
5,732,1.682789e-01,57.00000,30.00000,545
5,733,1.733610e-01,47.00000,35.00000,506
5,734,1.802106e-01,40.00000,35.00000,493
5,735,1.745738e-01,47.00000,35.00000,506
5,736,1.869605e-01,35.00000,36.00000,466
5,737,1.622684e-01,58.00000,30.00000,541
5,738,1.682366e-01,49.00000,30.00000,551
5,739,1.781346e-01,42.00000,35.00000,494
5,740,1.743789e-01,40.00000,35.00000,527
5,741,1.784074e-01,42.00000,35.00000,523
5,742,1.651278e-01,55.00000,30.00000,551
5,743,1.692274e-01,55.00000,30.00000,542
5,744,1.676334e-01,53.00000,30.00000,544
5,745,1.694059e-01,49.00000,30.00000,527
5,746,1.712591e-01,49.00000,30.00000,513
5,747,1.883952e-01,38.00000,36.00000,475
5,748,1.663502e-01,49.00000,30.00000,554
5,749,1.816716e-01,41.00000,36.00000,490
5,750,1.842645e-01,39.00000,40.00000,492
5,751,1.853434e-01,43.00000,36.00000,507
5,752,1.854979e-01,41.00000,36.00000,497
5,753,1.848325e-01,37.00000,36.00000,481
5,754,1.845566e-01,37.00000,36.00000,481
5,755,1.765691e-01,48.00000,35.00000,517
5,756,1.763449e-01,45.00000,36.00000,523
5,757,1.700570e-01,49.00000,30.00000,535
5,758,1.771585e-01,45.00000,35.00000,512
5,759,1.650320e-01,56.00000,30.00000,532
5,760,1.735270e-01,44.00000,35.00000,517
5,761,1.677254e-01,55.00000,30.00000,536
5,762,1.686766e-01,49.00000,30.00000,548
5,763,1.727961e-01,45.00000,35.00000,518
5,764,1.698278e-01,49.00000,30.00000,530
5,765,1.645144e-01,55.00000,30.00000,541
5,766,1.744468e-01,45.00000,35.00000,496
5,767,1.743283e-01,46.00000,35.00000,517
5,768,1.657341e-01,55.00000,30.00000,549
5,769,1.821838e-01,38.00000,40.00000,488
5,770,1.763869e-01,48.00000,35.00000,524
5,771,1.830327e-01,41.00000,36.00000,494
5,772,1.721480e-01,51.00000,35.00000,527
5,773,1.730591e-01,45.00000,35.00000,534
5,774,1.725710e-01,50.00000,35.00000,535
5,775,1.883347e-01,30.00000,36.00000,502
5,776,1.701743e-01,52.00000,30.00000,533
5,777,1.668332e-01,53.00000,30.00000,542
5,778,1.731268e-01,50.00000,35.00000,529
5,779,1.687299e-01,49.00000,30.00000,537
5,780,1.817561e-01,42.00000,35.00000,493
5,781,1.750430e-01,49.00000,35.00000,518
5,782,1.782393e-01,43.00000,35.00000,499
5,783,1.669442e-01,57.00000,30.00000,555
5,784,1.834843e-01,40.00000,36.00000,493
5,785,1.661555e-01,55.00000,30.00000,537
5,786,1.752722e-01,46.00000,35.00000,514
5,787,1.841724e-01,41.00000,36.00000,503
5,788,1.845715e-01,35.00000,36.00000,492
5,789,1.856523e-01,35.00000,36.00000,526
5,790,1.714378e-01,49.00000,30.00000,513
5,791,1.734406e-01,48.00000,35.00000,522
5,792,1.658350e-01,53.00000,30.00000,550
5,793,1.649821e-01,55.00000,30.00000,560
5,794,1.795467e-01,41.00000,35.00000,495
5,795,1.664491e-01,55.00000,30.00000,549
5,796,1.655657e-01,52.00000,30.00000,546
5,797,1.660747e-01,52.00000,30.00000,539
5,798,1.660836e-01,51.00000,30.00000,559
5,799,1.775586e-01,43.00000,35.00000,502
5,800,1.649081e-01,54.00000,30.00000,531
5,801,1.701916e-01,49.00000,30.00000,516
5,802,1.717070e-01,49.00000,35.00000,525
5,803,1.829070e-01,36.00000,36.00000,480
5,804,1.879983e-01,32.00000,36.00000,487
5,805,1.893122e-01,40.00000,36.00000,486
5,806,1.649141e-01,58.00000,30.00000,554
5,807,1.901198e-01,30.00000,36.00000,482
5,808,1.844518e-01,35.00000,36.00000,495
5,809,1.686098e-01,51.00000,30.00000,527
5,810,1.828403e-01,40.00000,35.00000,485
5,811,1.853259e-01,38.00000,40.00000,497
5,812,1.653697e-01,56.00000,30.00000,541
5,813,1.700799e-01,49.00000,30.00000,523
5,814,1.692922e-01,53.00000,30.00000,535
5,815,1.792724e-01,42.00000,35.00000,494
5,816,1.776340e-01,42.00000,35.00000,499
5,817,1.757080e-01,51.00000,35.00000,522
5,818,1.751904e-01,44.00000,35.00000,509
5,819,1.660889e-01,55.00000,30.00000,545
5,820,1.673481e-01,53.00000,30.00000,539
5,821,1.774819e-01,47.00000,35.00000,511
5,822,1.682547e-01,49.00000,30.00000,549
5,823,1.661205e-01,58.00000,30.00000,538
5,824,1.788442e-01,41.00000,40.00000,499
5,825,1.910995e-01,30.00000,36.00000,476
5,826,1.803230e-01,35.00000,36.00000,503
5,827,1.752133e-01,47.00000,35.00000,525
5,828,1.838692e-01,35.00000,36.00000,484
5,829,1.869361e-01,35.00000,36.00000,472
5,830,1.775711e-01,43.00000,35.00000,489
5,831,1.753958e-01,43.00000,35.00000,506
5,832,1.766609e-01,46.00000,35.00000,510
5,833,1.704085e-01,49.00000,30.00000,522
6,0,1.775083e-01,44.00000,36.00000,544
6,1,1.758866e-01,45.00000,35.00000,511
6,2,1.730377e-01,55.00000,30.00000,532
6,3,1.702051e-01,47.00000,35.00000,527
6,4,1.689994e-01,59.00000,30.00000,551
6,5,1.758223e-01,44.00000,35.00000,522
6,6,1.741102e-01,49.00000,30.00000,508
6,7,1.715288e-01,42.00000,36.00000,523
6,8,1.790350e-01,44.00000,35.00000,513
6,9,1.769128e-01,42.00000,35.00000,509
6,10,1.722555e-01,49.00000,30.00000,522
6,11,1.784009e-01,43.00000,35.00000,497
6,12,1.803905e-01,35.00000,36.00000,514
6,13,1.687750e-01,45.00000,35.00000,548
6,14,1.751982e-01,40.00000,35.00000,515
6,15,1.760933e-01,41.00000,36.00000,515
6,16,1.729361e-01,49.00000,30.00000,525
6,17,1.849534e-01,25.00000,36.00000,517
6,18,1.724668e-01,54.00000,30.00000,545
6,19,1.747117e-01,45.00000,36.00000,523
6,20,1.641396e-01,53.00000,30.00000,549
6,21,1.747715e-01,45.00000,35.00000,514
6,22,1.701594e-01,49.00000,30.00000,531
6,23,1.690508e-01,49.00000,30.00000,525
6,24,1.679431e-01,52.00000,30.00000,534
6,25,1.817189e-01,37.00000,36.00000,508
6,26,1.801135e-01,47.00000,35.00000,513
6,27,1.825393e-01,35.00000,36.00000,519
6,28,1.658783e-01,58.00000,30.00000,541
6,29,1.841273e-01,40.00000,35.00000,483
6,30,1.775879e-01,38.00000,35.00000,507
6,31,1.681577e-01,53.00000,30.00000,525
6,32,1.734224e-01,42.00000,35.00000,513
6,33,1.758110e-01,52.00000,30.00000,514
6,34,1.727108e-01,42.00000,35.00000,518
6,35,1.749041e-01,47.00000,35.00000,504
6,36,1.748618e-01,48.00000,35.00000,524
6,37,1.728673e-01,49.00000,30.00000,511
6,38,1.677472e-01,49.00000,30.00000,543
6,39,1.793115e-01,44.00000,36.00000,499
6,40,1.791059e-01,42.00000,35.00000,491
6,41,1.650253e-01,59.00000,30.00000,551
6,42,1.758401e-01,48.00000,35.00000,513
6,43,1.688135e-01,54.00000,30.00000,541
6,44,1.654021e-01,55.00000,30.00000,534
6,45,1.736593e-01,49.00000,35.00000,513
6,46,1.700595e-01,55.00000,30.00000,534
6,47,1.804013e-01,41.00000,35.00000,485
6,48,1.769174e-01,47.00000,35.00000,503
6,49,1.678916e-01,49.00000,30.00000,521
6,50,1.665000e-01,58.00000,30.00000,551
6,51,1.874194e-01,31.00000,36.00000,470
6,52,1.768066e-01,44.00000,35.00000,503
6,53,1.678966e-01,52.00000,30.00000,535
6,54,1.738001e-01,49.00000,35.00000,520
6,55,1.744883e-01,40.00000,35.00000,520
6,56,1.662311e-01,55.00000,30.00000,550
6,57,1.679981e-01,53.00000,30.00000,560
6,58,1.727346e-01,47.00000,35.00000,515
6,59,1.765910e-01,48.00000,35.00000,514
6,60,1.687018e-01,53.00000,30.00000,525
6,61,1.775516e-01,48.00000,35.00000,521
6,62,1.732127e-01,45.00000,35.00000,513
6,63,1.722207e-01,46.00000,35.00000,519
6,64,1.973106e-01,25.00000,36.00000,446
6,65,1.764759e-01,51.00000,35.00000,522
6,66,1.644932e-01,55.00000,30.00000,550
6,67,1.888462e-01,31.00000,36.00000,501
6,68,1.789853e-01,43.00000,35.00000,513
6,69,1.756302e-01,46.00000,35.00000,515
6,70,1.785918e-01,43.00000,36.00000,498
6,71,1.759112e-01,47.00000,35.00000,504
6,72,1.680907e-01,51.00000,30.00000,525
6,73,1.798344e-01,45.00000,36.00000,506
6,74,1.726967e-01,41.00000,35.00000,514
6,75,1.695642e-01,49.00000,30.00000,515
6,76,1.718317e-01,48.00000,35.00000,540
6,77,1.743479e-01,45.00000,35.00000,503
6,78,1.878256e-01,41.00000,36.00000,489
6,79,1.759433e-01,46.00000,35.00000,509
6,80,1.673796e-01,54.00000,30.00000,524
6,81,1.779569e-01,46.00000,35.00000,513
6,82,1.668860e-01,57.00000,30.00000,543
6,83,1.881307e-01,34.00000,36.00000,486
6,84,1.719984e-01,51.00000,35.00000,522
6,85,1.729422e-01,48.00000,35.00000,515
6,86,1.919581e-01,42.00000,36.00000,491
6,87,1.819291e-01,40.00000,36.00000,496
6,88,1.753419e-01,43.00000,35.00000,526
6,89,1.699391e-01,49.00000,30.00000,518
6,90,1.849394e-01,37.00000,36.00000,498
6,91,1.810490e-01,38.00000,35.00000,503
6,92,1.745349e-01,42.00000,35.00000,527
6,93,1.652476e-01,57.00000,30.00000,551
6,94,1.776892e-01,42.00000,35.00000,509
6,95,1.807171e-01,42.00000,35.00000,496
6,96,1.651554e-01,57.00000,30.00000,555
6,97,1.705015e-01,52.00000,30.00000,525
6,98,1.759974e-01,41.00000,35.00000,514
6,99,1.811596e-01,46.00000,35.00000,518
6,100,1.821578e-01,39.00000,36.00000,520
6,101,1.651888e-01,59.00000,30.00000,559
6,102,1.679807e-01,49.00000,30.00000,542
6,103,1.824853e-01,40.00000,36.00000,487
6,104,1.657066e-01,56.00000,30.00000,551
6,105,1.628373e-01,52.00000,30.00000,558
6,106,1.891496e-01,37.00000,36.00000,479
6,107,1.679611e-01,53.00000,30.00000,536
6,108,1.805037e-01,46.00000,36.00000,505
6,109,1.769116e-01,46.00000,35.00000,509
6,110,1.693867e-01,54.00000,30.00000,533
6,111,1.662196e-01,49.00000,30.00000,560
6,112,1.850164e-01,35.00000,36.00000,498
6,113,1.754081e-01,47.00000,35.00000,513
6,114,1.804909e-01,43.00000,36.00000,515
6,115,1.698901e-01,49.00000,30.00000,532
6,116,1.678619e-01,53.00000,30.00000,531
6,117,1.880414e-01,35.00000,36.00000,465
6,118,1.763714e-01,45.00000,35.00000,510
6,119,1.762988e-01,42.00000,35.00000,511
6,120,1.710837e-01,57.00000,30.00000,544
6,121,1.840664e-01,37.00000,40.00000,484
6,122,1.761851e-01,43.00000,35.00000,525
6,123,1.657401e-01,55.00000,30.00000,535
6,124,1.681677e-01,53.00000,30.00000,527
6,125,1.717874e-01,49.00000,35.00000,516
6,126,1.794372e-01,46.00000,36.00000,505
6,127,1.813186e-01,43.00000,35.00000,490
6,128,1.746822e-01,44.00000,35.00000,519
6,129,1.763672e-01,46.00000,35.00000,511
6,130,1.700307e-01,49.00000,30.00000,544
6,131,1.760930e-01,43.00000,35.00000,510
6,132,1.695893e-01,49.00000,30.00000,536
6,133,1.797418e-01,42.00000,35.00000,500
6,134,1.897566e-01,35.00000,36.00000,481
6,135,1.702724e-01,55.00000,30.00000,538
6,136,1.732547e-01,54.00000,30.00000,525
6,137,1.759560e-01,57.00000,30.00000,545
6,138,1.790620e-01,42.00000,35.00000,509
6,139,1.729718e-01,57.00000,30.00000,548
6,140,1.818579e-01,41.00000,35.00000,536
6,141,1.775501e-01,49.00000,35.00000,545
6,142,1.712788e-01,52.00000,30.00000,543
6,143,1.693885e-01,52.00000,30.00000,545
6,144,1.816812e-01,46.00000,35.00000,509
6,145,1.890797e-01,36.00000,36.00000,477
6,146,1.699281e-01,54.00000,30.00000,530
6,147,1.720940e-01,54.00000,30.00000,524
6,148,1.706488e-01,54.00000,30.00000,542
6,149,1.784962e-01,45.00000,35.00000,513
6,150,1.818559e-01,39.00000,40.00000,505
6,151,1.704658e-01,55.00000,30.00000,536
6,152,1.727220e-01,49.00000,30.00000,526
6,153,1.776243e-01,49.00000,35.00000,515
6,154,1.907068e-01,31.00000,36.00000,477
6,155,1.721743e-01,55.00000,30.00000,536
6,156,1.852479e-01,35.00000,36.00000,503
6,157,1.780955e-01,41.00000,35.00000,520
6,158,1.785482e-01,43.00000,35.00000,517
6,159,1.649630e-01,57.00000,30.00000,554
6,160,1.872406e-01,41.00000,36.00000,498
6,161,1.697358e-01,59.00000,30.00000,553
6,162,1.828652e-01,41.00000,40.00000,500
6,163,1.775381e-01,42.00000,35.00000,514
6,164,1.681573e-01,54.00000,30.00000,539
6,165,1.679832e-01,57.00000,30.00000,551
6,166,1.800675e-01,45.00000,35.00000,504
6,167,1.776353e-01,46.00000,35.00000,518
6,168,1.736059e-01,49.00000,35.00000,525
6,169,1.789204e-01,47.00000,35.00000,512
6,170,1.867757e-01,35.00000,36.00000,473
6,171,1.712653e-01,58.00000,30.00000,545
6,172,1.663219e-01,59.00000,30.00000,553
6,173,1.743526e-01,49.00000,30.00000,518
6,174,1.708512e-01,49.00000,30.00000,548
6,175,1.835789e-01,42.00000,36.00000,494
6,176,1.845570e-01,40.00000,40.00000,490
6,177,1.819740e-01,42.00000,36.00000,499
6,178,1.700158e-01,56.00000,30.00000,532
6,179,1.690297e-01,54.00000,30.00000,552
6,180,1.664755e-01,57.00000,30.00000,544
6,181,1.904020e-01,41.00000,36.00000,490
6,182,1.684145e-01,52.00000,30.00000,541
6,183,1.690961e-01,57.00000,30.00000,553
6,184,1.677468e-01,55.00000,30.00000,536
6,185,1.757407e-01,44.00000,35.00000,521
6,186,1.772706e-01,47.00000,35.00000,512
6,187,1.735011e-01,48.00000,35.00000,515
6,188,1.791118e-01,38.00000,35.00000,516
6,189,1.790828e-01,46.00000,35.00000,509
6,190,1.848406e-01,40.00000,36.00000,478
6,191,1.783949e-01,42.00000,35.00000,521
6,192,1.673878e-01,58.00000,30.00000,539
6,193,1.733861e-01,50.00000,35.00000,535
6,194,1.851199e-01,34.00000,40.00000,481
6,195,1.838977e-01,36.00000,35.00000,499
6,196,1.783909e-01,51.00000,35.00000,529
6,197,1.699461e-01,49.00000,30.00000,533
6,198,1.886405e-01,39.00000,36.00000,489
6,199,1.712461e-01,49.00000,30.00000,542
6,200,1.660911e-01,57.00000,30.00000,552
6,201,1.796369e-01,39.00000,35.00000,490
6,202,1.706747e-01,53.00000,30.00000,529
6,203,1.801251e-01,38.00000,36.00000,513
6,204,1.812134e-01,49.00000,35.00000,516
6,205,1.752180e-01,43.00000,35.00000,513
6,206,1.706953e-01,53.00000,30.00000,527
6,207,1.696083e-01,54.00000,30.00000,528
6,208,1.688276e-01,55.00000,30.00000,536
6,209,1.807688e-01,43.00000,36.00000,512
6,210,1.705463e-01,53.00000,30.00000,546
6,211,1.766016e-01,43.00000,35.00000,528
6,212,1.700113e-01,53.00000,30.00000,540
6,213,1.771125e-01,48.00000,35.00000,522
6,214,1.762902e-01,51.00000,35.00000,524
6,215,1.788899e-01,46.00000,35.00000,512
6,216,1.774829e-01,49.00000,30.00000,530
6,217,1.814505e-01,44.00000,40.00000,510
6,218,1.685228e-01,57.00000,30.00000,553
6,219,1.718593e-01,49.00000,30.00000,532
6,220,1.739652e-01,55.00000,30.00000,536
6,221,1.706642e-01,53.00000,30.00000,527
6,222,1.671745e-01,57.00000,30.00000,544
6,223,1.719492e-01,50.00000,30.00000,518
6,224,1.686580e-01,60.00000,30.00000,555
6,225,1.752735e-01,46.00000,35.00000,510
6,226,1.839655e-01,40.00000,40.00000,487
6,227,1.685602e-01,52.00000,30.00000,530
6,228,1.846223e-01,43.00000,36.00000,500
6,229,1.670829e-01,56.00000,30.00000,544
6,230,1.684186e-01,55.00000,30.00000,537
6,231,1.758005e-01,47.00000,35.00000,511
6,232,1.752258e-01,46.00000,35.00000,532
6,233,1.731496e-01,48.00000,35.00000,517
6,234,1.714574e-01,49.00000,30.00000,561
6,235,1.748618e-01,47.00000,35.00000,522
6,236,1.676024e-01,59.00000,30.00000,562
6,237,1.816500e-01,40.00000,36.00000,507
6,238,1.840589e-01,41.00000,36.00000,498
6,239,1.779884e-01,51.00000,35.00000,524
6,240,1.827682e-01,36.00000,36.00000,496
6,241,1.795621e-01,45.00000,36.00000,509
6,242,1.714450e-01,49.00000,30.00000,526
6,243,1.684319e-01,59.00000,30.00000,553
6,244,1.854260e-01,42.00000,36.00000,488
6,245,1.701142e-01,53.00000,30.00000,528
6,246,1.757089e-01,50.00000,35.00000,528
6,247,1.758918e-01,47.00000,35.00000,516
6,248,1.714568e-01,54.00000,30.00000,528
6,249,1.853098e-01,35.00000,36.00000,488
6,250,1.719676e-01,49.00000,30.00000,525
6,251,1.832065e-01,41.00000,40.00000,500
6,252,1.686643e-01,57.00000,30.00000,545
6,253,1.671002e-01,55.00000,30.00000,536
6,254,1.647344e-01,56.00000,30.00000,551
6,255,1.695018e-01,53.00000,30.00000,528
6,256,1.890908e-01,41.00000,36.00000,491
6,257,1.822278e-01,38.00000,35.00000,492
6,258,1.968083e-01,35.00000,36.00000,466
6,259,1.783719e-01,48.00000,35.00000,516
6,260,1.850140e-01,41.00000,36.00000,490
6,261,1.961748e-01,34.00000,36.00000,465
6,262,1.658269e-01,59.00000,30.00000,554
6,263,1.731171e-01,49.00000,30.00000,528
6,264,1.713093e-01,52.00000,30.00000,524
6,265,1.700038e-01,49.00000,30.00000,543
6,266,1.840012e-01,38.00000,35.00000,494
6,267,1.733371e-01,49.00000,30.00000,540
6,268,1.841681e-01,45.00000,35.00000,500
6,269,1.760585e-01,47.00000,35.00000,514
6,270,1.881954e-01,31.00000,36.00000,501
6,271,1.705914e-01,53.00000,30.00000,539
6,272,1.692434e-01,52.00000,30.00000,524
6,273,1.660563e-01,53.00000,30.00000,538
6,274,1.895593e-01,31.00000,36.00000,496
6,275,1.687870e-01,55.00000,30.00000,544
6,276,1.693631e-01,54.00000,30.00000,551
6,277,1.687286e-01,57.00000,30.00000,557
6,278,1.666496e-01,49.00000,30.00000,551
6,279,1.834688e-01,43.00000,35.00000,490
6,280,1.781116e-01,48.00000,35.00000,516
6,281,1.976836e-01,31.00000,36.00000,449
6,282,1.947021e-01,31.00000,36.00000,479
6,283,1.688600e-01,49.00000,30.00000,551
6,284,1.803992e-01,43.00000,35.00000,490
6,285,1.784898e-01,47.00000,35.00000,510
6,286,1.805732e-01,46.00000,35.00000,511
6,287,1.694168e-01,49.00000,30.00000,537
6,288,1.868109e-01,38.00000,36.00000,488
6,289,1.784834e-01,49.00000,35.00000,518
6,290,1.705825e-01,53.00000,30.00000,527
6,291,1.698625e-01,54.00000,30.00000,543
6,292,1.799647e-01,38.00000,35.00000,516
6,293,1.797065e-01,43.00000,35.00000,493
6,294,1.746085e-01,49.00000,30.00000,519
6,295,1.741976e-01,49.00000,30.00000,535
6,296,1.857789e-01,39.00000,36.00000,489
6,297,1.772320e-01,46.00000,35.00000,510
6,298,1.714988e-01,52.00000,30.00000,542
6,299,1.674942e-01,58.00000,30.00000,541
6,300,1.691216e-01,53.00000,30.00000,528
6,301,1.721181e-01,53.00000,30.00000,528
6,302,1.904047e-01,44.00000,36.00000,494
6,303,1.677748e-01,55.00000,30.00000,537
6,304,1.725470e-01,53.00000,30.00000,527
6,305,1.679956e-01,55.00000,30.00000,542
6,306,1.742144e-01,49.00000,35.00000,518
6,307,1.794058e-01,42.00000,35.00000,509
6,308,1.869028e-01,45.00000,36.00000,508
6,309,1.685926e-01,49.00000,30.00000,529
6,310,1.690426e-01,54.00000,30.00000,536
6,311,1.675393e-01,54.00000,30.00000,545
6,312,1.851054e-01,37.00000,35.00000,480
6,313,1.722995e-01,51.00000,30.00000,530
6,314,1.700861e-01,53.00000,30.00000,542
6,315,1.771862e-01,43.00000,35.00000,521
6,316,1.743193e-01,51.00000,35.00000,534
6,317,1.786183e-01,47.00000,35.00000,506
6,318,1.769057e-01,45.00000,35.00000,511
6,319,1.726210e-01,55.00000,30.00000,549
6,320,1.801047e-01,40.00000,36.00000,525
6,321,1.708736e-01,49.00000,30.00000,548
6,322,1.713628e-01,49.00000,30.00000,535
6,323,1.771195e-01,46.00000,35.00000,514
6,324,1.680523e-01,54.00000,30.00000,536
6,325,1.753584e-01,47.00000,35.00000,513
6,326,1.772366e-01,45.00000,35.00000,515
6,327,1.869673e-01,41.00000,36.00000,496
6,328,1.713976e-01,49.00000,30.00000,522
6,329,1.791947e-01,43.00000,35.00000,493
6,330,1.783781e-01,48.00000,35.00000,516
6,331,1.774290e-01,46.00000,35.00000,510
6,332,1.918212e-01,36.00000,36.00000,461
6,333,1.700825e-01,57.00000,30.00000,553
6,334,1.785497e-01,42.00000,35.00000,506
6,335,1.671073e-01,54.00000,30.00000,552
6,336,1.764951e-01,42.00000,35.00000,530
6,337,1.699421e-01,49.00000,30.00000,557
6,338,1.942701e-01,36.00000,36.00000,467
6,339,1.842732e-01,37.00000,36.00000,506
6,340,1.701759e-01,53.00000,30.00000,565
6,341,1.790020e-01,42.00000,35.00000,516
6,342,1.764230e-01,45.00000,35.00000,520
6,343,1.803740e-01,43.00000,36.00000,521
6,344,1.786261e-01,47.00000,35.00000,517
6,345,1.723623e-01,54.00000,30.00000,536
6,346,1.816806e-01,44.00000,35.00000,515
6,347,1.686334e-01,59.00000,30.00000,554
6,348,1.730915e-01,55.00000,30.00000,543
6,349,1.858024e-01,40.00000,36.00000,504
6,350,1.799024e-01,45.00000,35.00000,517
6,351,1.732046e-01,49.00000,30.00000,547
6,352,1.757276e-01,42.00000,35.00000,528
6,353,1.704806e-01,54.00000,30.00000,535
6,354,1.791058e-01,38.00000,35.00000,505
6,355,1.810405e-01,43.00000,35.00000,530
6,356,1.728673e-01,54.00000,30.00000,526
6,357,1.866569e-01,41.00000,36.00000,498
6,358,1.871170e-01,41.00000,36.00000,490
6,359,1.762403e-01,43.00000,35.00000,526
6,360,1.711753e-01,54.00000,30.00000,548
6,361,1.785551e-01,44.00000,35.00000,507
6,362,1.809656e-01,41.00000,35.00000,492
6,363,1.661285e-01,57.00000,30.00000,548
6,364,1.735192e-01,49.00000,30.00000,523
6,365,1.904830e-01,37.00000,36.00000,475
6,366,1.759703e-01,45.00000,35.00000,514
6,367,1.783917e-01,40.00000,35.00000,515
6,368,1.686181e-01,49.00000,30.00000,548
6,369,1.707976e-01,52.00000,30.00000,536
6,370,1.671480e-01,58.00000,30.00000,540
6,371,1.734075e-01,49.00000,30.00000,514
6,372,1.958014e-01,31.00000,36.00000,450
6,373,1.759709e-01,48.00000,35.00000,516
6,374,1.708236e-01,56.00000,30.00000,532
6,375,1.769152e-01,45.00000,35.00000,508
6,376,1.835202e-01,39.00000,35.00000,484
6,377,1.800541e-01,43.00000,35.00000,504
6,378,1.823366e-01,39.00000,36.00000,495
6,379,1.773943e-01,50.00000,35.00000,529
6,380,1.870931e-01,46.00000,36.00000,505
6,381,1.696155e-01,56.00000,30.00000,532
6,382,1.948775e-01,31.00000,36.00000,471
6,383,1.730627e-01,49.00000,30.00000,544
6,384,1.729707e-01,49.00000,30.00000,527
6,385,1.864875e-01,36.00000,40.00000,484
6,386,1.872906e-01,33.00000,40.00000,490
6,387,1.816428e-01,43.00000,35.00000,490
6,388,1.704916e-01,54.00000,30.00000,525
6,389,1.690137e-01,53.00000,30.00000,528
6,390,1.688946e-01,53.00000,30.00000,537
6,391,1.735881e-01,49.00000,30.00000,516
6,392,1.677415e-01,54.00000,30.00000,545
6,393,1.779615e-01,48.00000,35.00000,518
6,394,1.878264e-01,38.00000,36.00000,494
6,395,1.717979e-01,49.00000,30.00000,529
6,396,1.723447e-01,49.00000,30.00000,538
6,397,1.809654e-01,45.00000,35.00000,502
6,398,1.712838e-01,53.00000,30.00000,529
6,399,1.771622e-01,47.00000,35.00000,509
6,400,1.721104e-01,52.00000,30.00000,517
6,401,1.822702e-01,48.00000,35.00000,516
6,402,1.734252e-01,54.00000,30.00000,528
6,403,1.855082e-01,37.00000,36.00000,487
6,404,1.780985e-01,44.00000,35.00000,522
6,405,1.685972e-01,49.00000,30.00000,531
6,406,1.821820e-01,42.00000,35.00000,494
6,407,1.683335e-01,58.00000,30.00000,541
6,408,1.677394e-01,59.00000,30.00000,555
6,409,1.714481e-01,51.00000,30.00000,521
6,410,1.734599e-01,48.00000,35.00000,521
6,411,1.770070e-01,44.00000,35.00000,514
6,412,1.839414e-01,41.00000,36.00000,490
6,413,1.710227e-01,53.00000,30.00000,545
6,414,1.901167e-01,35.00000,36.00000,474
6,415,1.865253e-01,41.00000,36.00000,490
6,416,1.791451e-01,49.00000,30.00000,512
6,417,1.849214e-01,31.00000,36.00000,514
6,418,1.794725e-01,45.00000,35.00000,496
6,419,1.689021e-01,53.00000,30.00000,552
6,420,1.824260e-01,37.00000,40.00000,546
6,421,1.717950e-01,58.00000,30.00000,546
6,422,1.777065e-01,44.00000,35.00000,506
6,423,1.870978e-01,42.00000,36.00000,489
6,424,1.843528e-01,44.00000,35.00000,502
6,425,1.780658e-01,47.00000,35.00000,509
6,426,1.729370e-01,49.00000,30.00000,550
6,427,1.837249e-01,37.00000,40.00000,538
6,428,1.729667e-01,53.00000,30.00000,550
6,429,1.760438e-01,43.00000,35.00000,530
6,430,1.807111e-01,39.00000,35.00000,518
6,431,1.876099e-01,36.00000,40.00000,493
6,432,1.687734e-01,58.00000,30.00000,547
6,433,1.827535e-01,39.00000,36.00000,512
6,434,1.684557e-01,55.00000,30.00000,545
6,435,1.901626e-01,36.00000,36.00000,477
6,436,1.844998e-01,41.00000,35.00000,484
6,437,1.863637e-01,37.00000,36.00000,492
6,438,1.964270e-01,25.00000,36.00000,468
6,439,1.833306e-01,43.00000,35.00000,515
6,440,1.772924e-01,48.00000,35.00000,523
6,441,1.888143e-01,33.00000,40.00000,497
6,442,1.806989e-01,38.00000,35.00000,496
6,443,1.821198e-01,39.00000,35.00000,503
6,444,1.866907e-01,35.00000,36.00000,511
6,445,1.817843e-01,46.00000,35.00000,516
6,446,1.777049e-01,46.00000,35.00000,522
6,447,1.827048e-01,37.00000,35.00000,528
6,448,1.782407e-01,41.00000,35.00000,522
6,449,1.820791e-01,39.00000,35.00000,502
6,450,1.661043e-01,54.00000,30.00000,538
6,451,1.668066e-01,55.00000,30.00000,562
6,452,1.698068e-01,55.00000,30.00000,544
6,453,1.683299e-01,56.00000,30.00000,538
6,454,1.723182e-01,55.00000,30.00000,536
6,455,1.772088e-01,42.00000,35.00000,519
6,456,1.808261e-01,41.00000,35.00000,502
6,457,1.784736e-01,36.00000,40.00000,528
6,458,1.842023e-01,43.00000,35.00000,496
6,459,1.761842e-01,48.00000,35.00000,524
6,460,1.769571e-01,52.00000,35.00000,537
6,461,1.807752e-01,49.00000,36.00000,525
6,462,1.746648e-01,49.00000,35.00000,527
6,463,1.822757e-01,41.00000,36.00000,521
6,464,1.734291e-01,51.00000,30.00000,547
6,465,1.691900e-01,58.00000,30.00000,552
6,466,1.715148e-01,55.00000,30.00000,540
6,467,1.860743e-01,36.00000,36.00000,497
6,468,1.827307e-01,45.00000,35.00000,495
6,469,1.925117e-01,37.00000,36.00000,487
6,470,1.697234e-01,53.00000,30.00000,548
6,471,1.825701e-01,43.00000,35.00000,493
6,472,1.739637e-01,60.00000,30.00000,552
6,473,1.821978e-01,41.00000,40.00000,501
6,474,1.769809e-01,45.00000,35.00000,513
6,475,1.753036e-01,49.00000,30.00000,511
6,476,1.830387e-01,40.00000,35.00000,485
6,477,1.906546e-01,35.00000,36.00000,472
6,478,1.756614e-01,49.00000,30.00000,518
6,479,1.851556e-01,36.00000,40.00000,540
6,480,1.773529e-01,53.00000,30.00000,534
6,481,1.726011e-01,49.00000,30.00000,529
6,482,1.731193e-01,49.00000,30.00000,516
6,483,1.658885e-01,58.00000,30.00000,562
6,484,1.711986e-01,54.00000,30.00000,527
6,485,1.696675e-01,53.00000,30.00000,529
6,486,1.836637e-01,34.00000,36.00000,524
6,487,1.918646e-01,40.00000,36.00000,479
6,488,1.841226e-01,37.00000,35.00000,496
6,489,1.842320e-01,41.00000,36.00000,506
6,490,1.944974e-01,35.00000,36.00000,468
6,491,1.898557e-01,37.00000,36.00000,474
6,492,1.787435e-01,42.00000,35.00000,514
6,493,1.668431e-01,57.00000,30.00000,549
6,494,1.793794e-01,43.00000,35.00000,512
6,495,1.856893e-01,38.00000,40.00000,497
6,496,1.759457e-01,36.00000,36.00000,541
6,497,1.846002e-01,55.00000,30.00000,536
6,498,1.768480e-01,50.00000,35.00000,528
6,499,1.753972e-01,51.00000,35.00000,524
6,500,1.736554e-01,49.00000,30.00000,544
6,501,1.964295e-01,36.00000,36.00000,459
6,502,1.650574e-01,54.00000,30.00000,551
6,503,1.715966e-01,55.00000,30.00000,537
6,504,1.806276e-01,48.00000,35.00000,516
6,505,1.687711e-01,54.00000,30.00000,536
6,506,1.673989e-01,55.00000,30.00000,555
6,507,1.721564e-01,49.00000,30.00000,541
6,508,1.698362e-01,54.00000,30.00000,528
6,509,1.929841e-01,35.00000,36.00000,466
6,510,1.698497e-01,54.00000,30.00000,537
6,511,1.919223e-01,31.00000,36.00000,489
6,512,1.698202e-01,59.00000,30.00000,554
6,513,1.821535e-01,41.00000,35.00000,503
6,514,1.721941e-01,53.00000,30.00000,535
6,515,1.881399e-01,43.00000,36.00000,506
6,516,1.749837e-01,49.00000,30.00000,518
6,517,1.751643e-01,49.00000,35.00000,519
6,518,1.702734e-01,57.00000,30.00000,545
6,519,1.698484e-01,54.00000,30.00000,527
6,520,1.661317e-01,55.00000,30.00000,554
6,521,1.703863e-01,52.00000,30.00000,544
6,522,1.947902e-01,45.00000,36.00000,508
6,523,1.709715e-01,49.00000,30.00000,536
6,524,1.705411e-01,54.00000,30.00000,528
6,525,1.798201e-01,40.00000,35.00000,513
6,526,1.927598e-01,39.00000,36.00000,482
6,527,1.695937e-01,57.00000,30.00000,552
6,528,1.877649e-01,39.00000,40.00000,492
6,529,1.707170e-01,55.00000,30.00000,537
6,530,1.667359e-01,57.00000,30.00000,549
6,531,1.885315e-01,37.00000,36.00000,489
6,532,1.712694e-01,54.00000,30.00000,547
6,533,1.835809e-01,36.00000,36.00000,507
6,534,1.805124e-01,44.00000,36.00000,504
6,535,1.734514e-01,49.00000,30.00000,528
6,536,1.823149e-01,45.00000,35.00000,520
6,537,1.857435e-01,40.00000,40.00000,489
6,538,1.800430e-01,46.00000,36.00000,510
6,539,1.722644e-01,53.00000,30.00000,555
6,540,1.851783e-01,42.00000,35.00000,493
6,541,1.781299e-01,41.00000,35.00000,524
6,542,1.831408e-01,40.00000,35.00000,511
6,543,1.698073e-01,53.00000,30.00000,553
6,544,1.827410e-01,45.00000,35.00000,508
6,545,1.931973e-01,46.00000,36.00000,505
6,546,1.835654e-01,42.00000,35.00000,514
6,547,1.760052e-01,51.00000,30.00000,534
6,548,1.720197e-01,55.00000,30.00000,547
6,549,1.742061e-01,51.00000,30.00000,551
6,550,1.707434e-01,55.00000,30.00000,545
6,551,1.689887e-01,57.00000,30.00000,546
6,552,1.819516e-01,49.00000,35.00000,518
6,553,1.726785e-01,53.00000,30.00000,539
6,554,1.781927e-01,46.00000,35.00000,511
6,555,1.867847e-01,43.00000,36.00000,509
6,556,1.722729e-01,52.00000,30.00000,535
6,557,1.787346e-01,45.00000,35.00000,514
6,558,1.845228e-01,41.00000,35.00000,494
6,559,1.682548e-01,56.00000,30.00000,542
6,560,1.900579e-01,40.00000,36.00000,479
6,561,1.740682e-01,49.00000,30.00000,516
6,562,1.808026e-01,46.00000,35.00000,515
6,563,1.724308e-01,53.00000,30.00000,537
6,564,1.789947e-01,52.00000,35.00000,537
6,565,1.706608e-01,53.00000,30.00000,534
6,566,1.798049e-01,48.00000,35.00000,520
6,567,1.845185e-01,44.00000,35.00000,502
6,568,1.873505e-01,37.00000,35.00000,507
6,569,1.835697e-01,43.00000,36.00000,499
6,570,1.768879e-01,47.00000,35.00000,529
6,571,1.697153e-01,53.00000,30.00000,571
6,572,1.834355e-01,43.00000,36.00000,513
6,573,1.727378e-01,49.00000,30.00000,534
6,574,1.739056e-01,52.00000,35.00000,550
6,575,1.707503e-01,55.00000,30.00000,546
6,576,1.720465e-01,55.00000,30.00000,543
6,577,1.734243e-01,51.00000,30.00000,538
6,578,1.706880e-01,55.00000,30.00000,546
6,579,1.734655e-01,52.00000,30.00000,523
6,580,1.814598e-01,43.00000,35.00000,496
6,581,1.800165e-01,44.00000,35.00000,518
6,582,1.715571e-01,49.00000,30.00000,551
6,583,1.656805e-01,54.00000,30.00000,563
6,584,1.846697e-01,37.00000,36.00000,524
6,585,1.924426e-01,31.00000,36.00000,486
6,586,1.840746e-01,44.00000,35.00000,508
6,587,1.857601e-01,37.00000,36.00000,495
6,588,1.731198e-01,49.00000,30.00000,544
6,589,1.743681e-01,53.00000,30.00000,528
6,590,1.710328e-01,57.00000,30.00000,545
6,591,1.843339e-01,45.00000,36.00000,516
6,592,1.787865e-01,41.00000,35.00000,511
6,593,1.702028e-01,52.00000,30.00000,556
6,594,1.897092e-01,34.00000,36.00000,488
6,595,1.783142e-01,52.00000,35.00000,543
6,596,1.790153e-01,43.00000,35.00000,506
6,597,1.738767e-01,52.00000,30.00000,532
6,598,1.990196e-01,30.00000,36.00000,442
6,599,1.829364e-01,40.00000,35.00000,498
6,600,1.905098e-01,41.00000,36.00000,498
6,601,1.866790e-01,39.00000,36.00000,506
6,602,1.797193e-01,44.00000,35.00000,509
6,603,1.808270e-01,42.00000,35.00000,494
6,604,1.698733e-01,55.00000,30.00000,546
6,605,1.741417e-01,53.00000,30.00000,527
6,606,1.783638e-01,47.00000,35.00000,512
6,607,1.878505e-01,39.00000,36.00000,510
6,608,1.801653e-01,44.00000,35.00000,518
6,609,1.724931e-01,53.00000,30.00000,538
6,610,1.777395e-01,44.00000,35.00000,523
6,611,1.856288e-01,39.00000,40.00000,495
6,612,1.822189e-01,40.00000,35.00000,497
6,613,1.693296e-01,57.00000,30.00000,545
6,614,1.784188e-01,47.00000,35.00000,511
6,615,1.775021e-01,47.00000,35.00000,512
6,616,1.795969e-01,47.00000,35.00000,517
6,617,1.802237e-01,47.00000,35.00000,506
6,618,1.757616e-01,49.00000,30.00000,525
6,619,1.733514e-01,54.00000,30.00000,525
6,620,1.800320e-01,41.00000,35.00000,507
6,621,1.714225e-01,54.00000,30.00000,536
6,622,1.926544e-01,30.00000,36.00000,490
6,623,1.814842e-01,45.00000,35.00000,517
6,624,1.897112e-01,31.00000,36.00000,478
6,625,1.717126e-01,53.00000,30.00000,527
6,626,1.811403e-01,37.00000,40.00000,506
6,627,1.745295e-01,51.00000,30.00000,520
6,628,1.698022e-01,53.00000,30.00000,542
6,629,1.715539e-01,54.00000,30.00000,551
6,630,1.715195e-01,53.00000,30.00000,539
6,631,1.732007e-01,49.00000,30.00000,539
6,632,1.737628e-01,55.00000,30.00000,545
6,633,1.778736e-01,44.00000,35.00000,506
6,634,1.791965e-01,47.00000,35.00000,538
6,635,1.980100e-01,25.00000,36.00000,505
6,636,1.897714e-01,37.00000,36.00000,486
6,637,1.705227e-01,52.00000,30.00000,560
6,638,1.677213e-01,53.00000,30.00000,542
6,639,1.700875e-01,53.00000,30.00000,551
6,640,1.768060e-01,45.00000,35.00000,517
6,641,1.733197e-01,54.00000,30.00000,526
6,642,1.723239e-01,49.00000,30.00000,543
6,643,1.765928e-01,46.00000,35.00000,519
6,644,1.689220e-01,53.00000,30.00000,547
6,645,1.817540e-01,46.00000,35.00000,511
6,646,1.971139e-01,30.00000,36.00000,478
6,647,1.691843e-01,61.00000,30.00000,563
6,648,1.914586e-01,35.00000,36.00000,476
6,649,1.799482e-01,45.00000,35.00000,513
6,650,1.722478e-01,53.00000,30.00000,545
6,651,1.917451e-01,37.00000,36.00000,480
6,652,1.937829e-01,41.00000,36.00000,493
6,653,1.739875e-01,49.00000,30.00000,550
6,654,1.808061e-01,42.00000,35.00000,537
6,655,1.808370e-01,48.00000,35.00000,515
6,656,1.702711e-01,58.00000,30.00000,543
6,657,1.966910e-01,25.00000,36.00000,492
6,658,1.871627e-01,44.00000,36.00000,496
6,659,1.741630e-01,49.00000,30.00000,531
6,660,1.808131e-01,42.00000,35.00000,523
6,661,1.806490e-01,49.00000,35.00000,516
6,662,1.892346e-01,30.00000,36.00000,505
6,663,1.723868e-01,55.00000,30.00000,543
6,664,1.931477e-01,30.00000,36.00000,498
6,665,1.759069e-01,54.00000,35.00000,557
6,666,1.830224e-01,43.00000,35.00000,506
6,667,1.880412e-01,40.00000,36.00000,479
6,668,1.722969e-01,52.00000,30.00000,524
6,669,1.745913e-01,53.00000,30.00000,528
6,670,1.857407e-01,43.00000,35.00000,501
6,671,1.792377e-01,46.00000,35.00000,512
6,672,1.708642e-01,49.00000,30.00000,570
6,673,1.818679e-01,46.00000,35.00000,510
6,674,1.878282e-01,43.00000,36.00000,509
6,675,1.857502e-01,44.00000,36.00000,501
6,676,1.766403e-01,49.00000,35.00000,518
6,677,1.824848e-01,49.00000,35.00000,516
6,678,1.960508e-01,25.00000,36.00000,492
6,679,1.989440e-01,30.00000,36.00000,437
6,680,1.939793e-01,35.00000,36.00000,478
6,681,1.720939e-01,52.00000,30.00000,544
6,682,1.796747e-01,46.00000,35.00000,519
6,683,1.859518e-01,40.00000,35.00000,500
6,684,1.797152e-01,45.00000,35.00000,514
6,685,1.861582e-01,35.00000,36.00000,510
6,686,1.816178e-01,44.00000,35.00000,506
6,687,1.734483e-01,54.00000,30.00000,535
6,688,1.756101e-01,50.00000,35.00000,528
6,689,1.700949e-01,52.00000,30.00000,554
6,690,1.794605e-01,47.00000,35.00000,506
6,691,1.807450e-01,40.00000,35.00000,522
6,692,1.708327e-01,54.00000,30.00000,542
6,693,1.711080e-01,53.00000,30.00000,528
6,694,1.832514e-01,47.00000,36.00000,515
6,695,1.727646e-01,49.00000,30.00000,526
6,696,1.809324e-01,44.00000,35.00000,514
6,697,1.751931e-01,49.00000,30.00000,532
6,698,1.808267e-01,45.00000,35.00000,545
6,699,1.726537e-01,52.00000,30.00000,555
6,700,1.772400e-01,55.00000,30.00000,536
6,701,1.855520e-01,31.00000,36.00000,539
6,702,1.916709e-01,37.00000,36.00000,475
6,703,1.846393e-01,40.00000,35.00000,498
6,704,1.702415e-01,54.00000,30.00000,540
6,705,1.820091e-01,41.00000,35.00000,509
6,706,1.825184e-01,43.00000,35.00000,507
6,707,1.836926e-01,41.00000,35.00000,546
6,708,1.736899e-01,57.00000,30.00000,545
6,709,1.688001e-01,56.00000,30.00000,537
6,710,1.912974e-01,36.00000,36.00000,509
6,711,1.835724e-01,40.00000,35.00000,517
6,712,1.749524e-01,52.00000,30.00000,523
6,713,1.732820e-01,52.00000,30.00000,546
6,714,1.765338e-01,49.00000,30.00000,512
6,715,1.798567e-01,46.00000,35.00000,511
6,716,1.770608e-01,48.00000,35.00000,527
6,717,1.716385e-01,54.00000,30.00000,546
6,718,1.817526e-01,46.00000,35.00000,511
6,719,1.725655e-01,53.00000,30.00000,528
6,720,1.721871e-01,55.00000,30.00000,541
6,721,1.693067e-01,49.00000,30.00000,550
6,722,1.851562e-01,42.00000,36.00000,488
6,723,1.735208e-01,54.00000,30.00000,552
6,724,1.888514e-01,43.00000,36.00000,501
6,725,1.960611e-01,36.00000,36.00000,470
6,726,1.733748e-01,49.00000,30.00000,537
6,727,1.841772e-01,42.00000,36.00000,513
6,728,1.705989e-01,55.00000,30.00000,537
6,729,1.976972e-01,36.00000,36.00000,460
6,730,1.728997e-01,54.00000,30.00000,542
6,731,1.803565e-01,46.00000,35.00000,528
6,732,1.844076e-01,43.00000,35.00000,509
6,733,1.709151e-01,61.00000,30.00000,564
6,734,1.883311e-01,42.00000,36.00000,491
6,735,1.812178e-01,47.00000,35.00000,507
6,736,1.846371e-01,43.00000,35.00000,496
6,737,1.768037e-01,48.00000,35.00000,524
6,738,1.897289e-01,31.00000,36.00000,518
6,739,1.878250e-01,39.00000,40.00000,492
6,740,1.752470e-01,54.00000,30.00000,528
6,741,1.736150e-01,54.00000,30.00000,534
6,742,1.700379e-01,58.00000,30.00000,546
6,743,1.726611e-01,53.00000,30.00000,529
6,744,1.945426e-01,37.00000,36.00000,474
6,745,1.840620e-01,43.00000,36.00000,500
6,746,1.911253e-01,37.00000,35.00000,490
6,747,1.817543e-01,43.00000,35.00000,517
6,748,1.737092e-01,49.00000,30.00000,533
6,749,1.904489e-01,42.00000,36.00000,492
6,750,1.755002e-01,52.00000,30.00000,517
6,751,1.742396e-01,49.00000,30.00000,519
6,752,1.869467e-01,38.00000,36.00000,505
6,753,1.973872e-01,36.00000,36.00000,465
6,754,1.797410e-01,45.00000,35.00000,515
6,755,1.935265e-01,33.00000,40.00000,475
6,756,1.849869e-01,37.00000,35.00000,515
6,757,1.811753e-01,46.00000,35.00000,519
6,758,1.825635e-01,49.00000,35.00000,525
6,759,1.787650e-01,45.00000,35.00000,520
6,760,1.809933e-01,45.00000,35.00000,507
6,761,1.940150e-01,40.00000,36.00000,483
6,762,1.749359e-01,49.00000,30.00000,532
6,763,1.956746e-01,31.00000,36.00000,482
6,764,1.796967e-01,50.00000,35.00000,529
6,765,1.782300e-01,51.00000,35.00000,527
6,766,1.761664e-01,49.00000,30.00000,517
6,767,1.760667e-01,49.00000,30.00000,520
6,768,1.904297e-01,38.00000,36.00000,478
6,769,1.824962e-01,44.00000,35.00000,513
6,770,1.802684e-01,45.00000,35.00000,506
6,771,1.656491e-01,57.00000,30.00000,555
6,772,1.777236e-01,50.00000,35.00000,543
6,773,1.832180e-01,43.00000,35.00000,527
6,774,1.937277e-01,31.00000,36.00000,468
6,775,1.682868e-01,61.00000,30.00000,564
6,776,1.783040e-01,50.00000,35.00000,528
6,777,1.812768e-01,46.00000,35.00000,522
6,778,1.971403e-01,31.00000,36.00000,470
6,779,1.736770e-01,49.00000,30.00000,523
6,780,1.717575e-01,57.00000,30.00000,545
6,781,1.742312e-01,49.00000,30.00000,541
6,782,1.864846e-01,41.00000,36.00000,501
6,783,1.714243e-01,60.00000,30.00000,552
6,784,1.797337e-01,49.00000,35.00000,517
6,785,1.746666e-01,53.00000,30.00000,537
6,786,1.783658e-01,48.00000,35.00000,517
6,787,1.841232e-01,35.00000,36.00000,522
6,788,1.832619e-01,46.00000,35.00000,511
6,789,1.983175e-01,30.00000,36.00000,489
6,790,1.739890e-01,49.00000,30.00000,540
6,791,1.718480e-01,53.00000,30.00000,545
6,792,1.666433e-01,60.00000,30.00000,560
6,793,1.688539e-01,55.00000,30.00000,539
6,794,1.716230e-01,53.00000,30.00000,531
6,795,1.859939e-01,37.00000,40.00000,496
6,796,1.783445e-01,38.00000,35.00000,515
6,797,1.861630e-01,43.00000,36.00000,499
6,798,2.049879e-01,25.00000,36.00000,447
6,799,1.788861e-01,46.00000,35.00000,524
6,800,1.794680e-01,45.00000,35.00000,507
6,801,1.821210e-01,49.00000,35.00000,516
6,802,1.798492e-01,42.00000,35.00000,513
6,803,1.726513e-01,49.00000,30.00000,538
6,804,1.748274e-01,49.00000,30.00000,534
6,805,1.799482e-01,47.00000,35.00000,510
6,806,1.819270e-01,42.00000,35.00000,513
6,807,1.868561e-01,36.00000,36.00000,498
6,808,1.843576e-01,40.00000,35.00000,519
6,809,1.839179e-01,43.00000,35.00000,501
6,810,1.820223e-01,44.00000,35.00000,508
6,811,1.706532e-01,58.00000,30.00000,543
6,812,1.763540e-01,49.00000,30.00000,511
6,813,1.714910e-01,55.00000,30.00000,537
6,814,1.891250e-01,35.00000,36.00000,496
6,815,1.817284e-01,49.00000,35.00000,515
6,816,1.844336e-01,46.00000,35.00000,510
6,817,1.752159e-01,53.00000,30.00000,527
6,818,1.763912e-01,60.00000,30.00000,551
6,819,1.892275e-01,31.00000,36.00000,513
6,820,1.852210e-01,44.00000,35.00000,512
6,821,1.716339e-01,52.00000,30.00000,549
6,822,1.919525e-01,31.00000,36.00000,488
6,823,1.710168e-01,59.00000,30.00000,552
6,824,1.854176e-01,45.00000,36.00000,506
6,825,1.732790e-01,57.00000,30.00000,545
6,826,1.771022e-01,49.00000,30.00000,516
6,827,1.788775e-01,50.00000,35.00000,528
6,828,1.764289e-01,53.00000,30.00000,526
6,829,1.719982e-01,53.00000,30.00000,550
6,830,1.830059e-01,44.00000,35.00000,501
6,831,1.809339e-01,48.00000,35.00000,515
6,832,1.779775e-01,49.00000,30.00000,515
6,833,1.750569e-01,49.00000,30.00000,522
7,0,1.752044e-01,40.00000,36.00000,562
7,1,1.694641e-01,57.00000,30.00000,543
7,2,1.799450e-01,49.00000,30.00000,526
7,3,1.784687e-01,52.00000,30.00000,520
7,4,1.749480e-01,56.00000,30.00000,550
7,5,1.779885e-01,49.00000,30.00000,520
7,6,1.756312e-01,45.00000,35.00000,536
7,7,1.822351e-01,53.00000,30.00000,523
7,8,1.833285e-01,49.00000,35.00000,512
7,9,1.849105e-01,39.00000,35.00000,521
7,10,1.843760e-01,43.00000,36.00000,519
7,11,1.825138e-01,40.00000,35.00000,544
7,12,1.791995e-01,45.00000,35.00000,529
7,13,1.888326e-01,30.00000,36.00000,521
7,14,1.834203e-01,48.00000,35.00000,512
7,15,1.818581e-01,55.00000,30.00000,539
7,16,1.827553e-01,48.00000,35.00000,519
7,17,1.787189e-01,55.00000,30.00000,539
7,18,1.858646e-01,40.00000,35.00000,508
7,19,1.924057e-01,31.00000,36.00000,490
7,20,1.839658e-01,46.00000,35.00000,507
7,21,1.813520e-01,48.00000,35.00000,512
7,22,1.945150e-01,31.00000,36.00000,475
7,23,1.894687e-01,36.00000,40.00000,497
7,24,1.706499e-01,52.00000,30.00000,542
7,25,1.794351e-01,48.00000,35.00000,514
7,26,1.826797e-01,46.00000,35.00000,516
7,27,1.698289e-01,54.00000,30.00000,546
7,28,1.692739e-01,61.00000,30.00000,571
7,29,1.692035e-01,59.00000,30.00000,550
7,30,1.717669e-01,55.00000,30.00000,533
7,31,1.726196e-01,53.00000,30.00000,541
7,32,1.731877e-01,54.00000,30.00000,526
7,33,1.828728e-01,39.00000,40.00000,522
7,34,1.777511e-01,49.00000,30.00000,512
7,35,1.843532e-01,31.00000,36.00000,528
7,36,1.823705e-01,42.00000,36.00000,507
7,37,1.922305e-01,42.00000,35.00000,499
7,38,1.842713e-01,50.00000,35.00000,525
7,39,1.884288e-01,31.00000,36.00000,507
7,40,1.923528e-01,41.00000,36.00000,490
7,41,1.739463e-01,53.00000,30.00000,525
7,42,1.845757e-01,39.00000,35.00000,507
7,43,1.802699e-01,43.00000,35.00000,521
7,44,1.777866e-01,44.00000,35.00000,525
7,45,1.816136e-01,42.00000,35.00000,529
7,46,1.932048e-01,41.00000,36.00000,495
7,47,1.766031e-01,47.00000,35.00000,522
7,48,1.798569e-01,47.00000,35.00000,517
7,49,1.771742e-01,45.00000,35.00000,527
7,50,1.937645e-01,40.00000,36.00000,477
7,51,1.923104e-01,42.00000,36.00000,486
7,52,1.797060e-01,47.00000,35.00000,505
7,53,1.840317e-01,44.00000,35.00000,500
7,54,1.718710e-01,51.00000,30.00000,534
7,55,1.786464e-01,48.00000,35.00000,524
7,56,1.754805e-01,49.00000,30.00000,563
7,57,1.764181e-01,49.00000,30.00000,526
7,58,1.982142e-01,25.00000,36.00000,482
7,59,1.885598e-01,49.00000,36.00000,523
7,60,1.940705e-01,36.00000,36.00000,486
7,61,1.806993e-01,44.00000,35.00000,513
7,62,1.748785e-01,49.00000,30.00000,536
7,63,1.918625e-01,31.00000,36.00000,511
7,64,1.705281e-01,49.00000,30.00000,556
7,65,1.836710e-01,43.00000,35.00000,491
7,66,1.735077e-01,54.00000,30.00000,522
7,67,1.871068e-01,40.00000,36.00000,493
7,68,1.738542e-01,51.00000,30.00000,539
7,69,1.903387e-01,39.00000,40.00000,490
7,70,1.773589e-01,50.00000,35.00000,533
7,71,1.960884e-01,30.00000,36.00000,502
7,72,1.941945e-01,33.00000,40.00000,481
7,73,1.735530e-01,49.00000,30.00000,523
7,74,1.736346e-01,56.00000,30.00000,554
7,75,1.882714e-01,44.00000,35.00000,502
7,76,1.929778e-01,37.00000,36.00000,489
7,77,1.937476e-01,38.00000,40.00000,501
7,78,1.926668e-01,45.00000,35.00000,494
7,79,2.032497e-01,30.00000,36.00000,512
7,80,1.957305e-01,46.00000,35.00000,510
7,81,1.957878e-01,43.00000,35.00000,504
7,82,1.878143e-01,53.00000,30.00000,536
7,83,2.018160e-01,37.00000,36.00000,489
7,84,1.984105e-01,39.00000,40.00000,522
7,85,1.879857e-01,51.00000,30.00000,550
7,86,1.864521e-01,58.00000,30.00000,548
7,87,1.846441e-01,57.00000,30.00000,543
7,88,1.875374e-01,55.00000,30.00000,544
7,89,1.858459e-01,49.00000,30.00000,542
7,90,1.874765e-01,49.00000,30.00000,522
7,91,2.011998e-01,37.00000,36.00000,486
7,92,1.855229e-01,52.00000,30.00000,526
7,93,1.910648e-01,48.00000,35.00000,515
7,94,1.808487e-01,55.00000,30.00000,560
7,95,1.834487e-01,49.00000,30.00000,537
7,96,1.955893e-01,39.00000,35.00000,503
7,97,1.804918e-01,53.00000,30.00000,540
7,98,1.871737e-01,43.00000,35.00000,500
7,99,1.811853e-01,52.00000,30.00000,526
7,100,1.813118e-01,49.00000,30.00000,538
7,101,1.882907e-01,46.00000,35.00000,511
7,102,1.825129e-01,49.00000,30.00000,510
7,103,1.886871e-01,41.00000,35.00000,512
7,104,1.882657e-01,48.00000,35.00000,517
7,105,1.892720e-01,38.00000,35.00000,505
7,106,1.817557e-01,49.00000,30.00000,511
7,107,1.953022e-01,36.00000,40.00000,482
7,108,1.768868e-01,55.00000,30.00000,536
7,109,1.907656e-01,40.00000,36.00000,496
7,110,1.846535e-01,47.00000,35.00000,506
7,111,1.791742e-01,53.00000,30.00000,525
7,112,1.761529e-01,52.00000,30.00000,543
7,113,1.883109e-01,43.00000,35.00000,499
7,114,1.803445e-01,49.00000,30.00000,509
7,115,1.734438e-01,55.00000,30.00000,544
7,116,1.825686e-01,45.00000,35.00000,514
7,117,1.833380e-01,46.00000,35.00000,528
7,118,1.863135e-01,39.00000,35.00000,507
7,119,1.737984e-01,53.00000,30.00000,551
7,120,1.825679e-01,43.00000,35.00000,513
7,121,1.826163e-01,46.00000,35.00000,536
7,122,1.909740e-01,35.00000,36.00000,506
7,123,1.850672e-01,47.00000,35.00000,505
7,124,1.937620e-01,35.00000,40.00000,480
7,125,1.939765e-01,43.00000,36.00000,507
7,126,1.741420e-01,54.00000,30.00000,551
7,127,1.881683e-01,42.00000,36.00000,487
7,128,1.878145e-01,40.00000,35.00000,503
7,129,1.735140e-01,58.00000,30.00000,550
7,130,1.954935e-01,32.00000,36.00000,461
7,131,1.806776e-01,50.00000,35.00000,534
7,132,1.754758e-01,52.00000,30.00000,544
7,133,1.795769e-01,48.00000,35.00000,522
7,134,1.941372e-01,37.00000,36.00000,485
7,135,1.922999e-01,41.00000,36.00000,500
7,136,1.822477e-01,52.00000,35.00000,536
7,137,1.733526e-01,57.00000,30.00000,544
7,138,1.807017e-01,47.00000,35.00000,511
7,139,1.736121e-01,53.00000,30.00000,541
7,140,1.862036e-01,42.00000,35.00000,505
7,141,1.754713e-01,52.00000,30.00000,529
7,142,1.711084e-01,54.00000,30.00000,553
7,143,1.805679e-01,49.00000,35.00000,518
7,144,1.714726e-01,61.00000,30.00000,564
7,145,1.737447e-01,53.00000,30.00000,538
7,146,1.803805e-01,51.00000,35.00000,522
7,147,1.840887e-01,46.00000,35.00000,510
7,148,1.919602e-01,37.00000,36.00000,486
7,149,1.934148e-01,36.00000,36.00000,479
7,150,1.830520e-01,40.00000,35.00000,522
7,151,1.757009e-01,57.00000,30.00000,545
7,152,2.035073e-01,25.00000,36.00000,466
7,153,1.808400e-01,47.00000,35.00000,510
7,154,1.858922e-01,41.00000,36.00000,499
7,155,1.837334e-01,45.00000,35.00000,512
7,156,1.965915e-01,31.00000,36.00000,483
7,157,1.746310e-01,52.00000,30.00000,533
7,158,1.944804e-01,40.00000,36.00000,485
7,159,1.788838e-01,45.00000,35.00000,520
7,160,1.909119e-01,38.00000,40.00000,489
7,161,1.863009e-01,45.00000,36.00000,507
7,162,1.830067e-01,43.00000,35.00000,519
7,163,1.797568e-01,44.00000,35.00000,535
7,164,1.782164e-01,48.00000,35.00000,526
7,165,1.890982e-01,40.00000,36.00000,522
7,166,1.725172e-01,57.00000,30.00000,562
7,167,1.800341e-01,50.00000,35.00000,528
7,168,1.851646e-01,42.00000,35.00000,502
7,169,1.863944e-01,46.00000,36.00000,505
7,170,1.747225e-01,58.00000,30.00000,539
7,171,1.746995e-01,55.00000,30.00000,536
7,172,1.853411e-01,43.00000,35.00000,493
7,173,1.844415e-01,41.00000,35.00000,521
7,174,1.725033e-01,60.00000,30.00000,565
7,175,1.743917e-01,49.00000,30.00000,539
7,176,1.696279e-01,57.00000,30.00000,557
7,177,1.761893e-01,53.00000,30.00000,535
7,178,1.718154e-01,57.00000,30.00000,545
7,179,1.840362e-01,42.00000,35.00000,496
7,180,1.728663e-01,53.00000,30.00000,529
7,181,1.756589e-01,54.00000,30.00000,528
7,182,1.774322e-01,49.00000,30.00000,522
7,183,1.735500e-01,53.00000,30.00000,543
7,184,1.735838e-01,54.00000,30.00000,528
7,185,1.860433e-01,43.00000,35.00000,512
7,186,1.759010e-01,49.00000,30.00000,537
7,187,1.828323e-01,45.00000,35.00000,510
7,188,1.755455e-01,49.00000,30.00000,543
7,189,1.719890e-01,56.00000,30.00000,544
7,190,1.857128e-01,42.00000,35.00000,502
7,191,1.710060e-01,57.00000,30.00000,545
7,192,1.743016e-01,59.00000,30.00000,554
7,193,1.788580e-01,47.00000,35.00000,541
7,194,1.944966e-01,35.00000,36.00000,466
7,195,1.972745e-01,30.00000,36.00000,478
7,196,1.839824e-01,46.00000,36.00000,507
7,197,1.756887e-01,49.00000,30.00000,529
7,198,1.919923e-01,35.00000,36.00000,502
7,199,1.952351e-01,31.00000,36.00000,500
7,200,1.882563e-01,42.00000,40.00000,498
7,201,1.944660e-01,37.00000,36.00000,484
7,202,1.745716e-01,53.00000,30.00000,530
7,203,1.829180e-01,45.00000,35.00000,528
7,204,1.938102e-01,39.00000,36.00000,488
7,205,1.763474e-01,53.00000,30.00000,547
7,206,1.912308e-01,36.00000,36.00000,486
7,207,1.742151e-01,54.00000,30.00000,528
7,208,1.743469e-01,54.00000,30.00000,532
7,209,1.835752e-01,38.00000,35.00000,520
7,210,1.747817e-01,55.00000,30.00000,536
7,211,1.731265e-01,57.00000,30.00000,547
7,212,1.840968e-01,45.00000,36.00000,512
7,213,1.750907e-01,53.00000,30.00000,534
7,214,1.706855e-01,52.00000,30.00000,555
7,215,1.962645e-01,31.00000,36.00000,501
7,216,1.953478e-01,35.00000,36.00000,482
7,217,1.736761e-01,54.00000,30.00000,536
7,218,1.822515e-01,47.00000,35.00000,514
7,219,1.735494e-01,49.00000,30.00000,537
7,220,1.815968e-01,50.00000,35.00000,527
7,221,1.926906e-01,37.00000,36.00000,476
7,222,1.807130e-01,49.00000,35.00000,518
7,223,1.716964e-01,52.00000,30.00000,549
7,224,1.799067e-01,49.00000,35.00000,521
7,225,1.794183e-01,48.00000,35.00000,524
7,226,1.718001e-01,57.00000,30.00000,569
7,227,1.754510e-01,49.00000,30.00000,541
7,228,1.829041e-01,44.00000,35.00000,507
7,229,1.821494e-01,46.00000,35.00000,510
7,230,1.936464e-01,37.00000,36.00000,478
7,231,1.978408e-01,41.00000,36.00000,503
7,232,1.847681e-01,43.00000,35.00000,495
7,233,1.710494e-01,55.00000,30.00000,553
7,234,1.818428e-01,38.00000,35.00000,547
7,235,1.790109e-01,49.00000,30.00000,516
7,236,1.827926e-01,42.00000,35.00000,511
7,237,1.991083e-01,31.00000,36.00000,475
7,238,1.861269e-01,38.00000,35.00000,512
7,239,1.732720e-01,58.00000,30.00000,551
7,240,1.956719e-01,36.00000,36.00000,473
7,241,1.872825e-01,42.00000,35.00000,493
7,242,1.803584e-01,52.00000,35.00000,539
7,243,1.748536e-01,55.00000,30.00000,542
7,244,1.868693e-01,42.00000,35.00000,494
7,245,1.810007e-01,49.00000,35.00000,518
7,246,1.757455e-01,52.00000,30.00000,533
7,247,1.830254e-01,50.00000,35.00000,528
7,248,1.831312e-01,42.00000,35.00000,527
7,249,1.764707e-01,49.00000,30.00000,520
7,250,1.811007e-01,48.00000,35.00000,520
7,251,1.924854e-01,37.00000,36.00000,474
7,252,1.720409e-01,55.00000,30.00000,538
7,253,1.865066e-01,40.00000,35.00000,508
7,254,1.728166e-01,54.00000,30.00000,544
7,255,1.715857e-01,56.00000,30.00000,547
7,256,1.882676e-01,39.00000,35.00000,511
7,257,1.885893e-01,39.00000,36.00000,500
7,258,1.933713e-01,38.00000,36.00000,478
7,259,1.916246e-01,37.00000,36.00000,498
7,260,1.735872e-01,55.00000,30.00000,540
7,261,1.736321e-01,53.00000,30.00000,545
7,262,1.722013e-01,54.00000,30.00000,526
7,263,1.707994e-01,49.00000,30.00000,547
7,264,1.825031e-01,46.00000,35.00000,510
7,265,1.804665e-01,49.00000,35.00000,516
7,266,1.839545e-01,46.00000,35.00000,511
7,267,1.738153e-01,53.00000,30.00000,553
7,268,1.829968e-01,45.00000,35.00000,514
7,269,1.739054e-01,57.00000,30.00000,545
7,270,1.918034e-01,37.00000,36.00000,484
7,271,1.841081e-01,47.00000,35.00000,514
7,272,1.781490e-01,55.00000,30.00000,538
7,273,1.745911e-01,56.00000,30.00000,546
7,274,1.829069e-01,44.00000,35.00000,512
7,275,1.955564e-01,35.00000,36.00000,474
7,276,1.850307e-01,42.00000,35.00000,518
7,277,1.823610e-01,45.00000,35.00000,517
7,278,1.916781e-01,35.00000,36.00000,490
7,279,1.714575e-01,55.00000,30.00000,536
7,280,1.874866e-01,41.00000,36.00000,513
7,281,1.852984e-01,40.00000,35.00000,502
7,282,1.769112e-01,49.00000,30.00000,524
7,283,1.877558e-01,46.00000,36.00000,505
7,284,1.822361e-01,43.00000,35.00000,521
7,285,1.754309e-01,51.00000,30.00000,529
7,286,1.819315e-01,45.00000,35.00000,508
7,287,1.762339e-01,53.00000,30.00000,530
7,288,1.844274e-01,37.00000,35.00000,516
7,289,1.981157e-01,37.00000,36.00000,479
7,290,1.713508e-01,57.00000,30.00000,548
7,291,1.839874e-01,46.00000,35.00000,511
7,292,1.969825e-01,37.00000,36.00000,474
7,293,1.832516e-01,44.00000,40.00000,509
7,294,1.752666e-01,49.00000,30.00000,538
7,295,1.813165e-01,49.00000,35.00000,516
7,296,1.863900e-01,48.00000,36.00000,511
7,297,1.711527e-01,58.00000,30.00000,551
7,298,1.720253e-01,51.00000,30.00000,549
7,299,1.704759e-01,52.00000,30.00000,538
7,300,1.769133e-01,49.00000,30.00000,520
7,301,1.717696e-01,57.00000,30.00000,545
7,302,1.800929e-01,47.00000,35.00000,517
7,303,1.902426e-01,43.00000,36.00000,501
7,304,1.747386e-01,51.00000,30.00000,541
7,305,1.889899e-01,38.00000,35.00000,500
7,306,1.954547e-01,31.00000,36.00000,489
7,307,1.884812e-01,38.00000,35.00000,503
7,308,1.776437e-01,51.00000,35.00000,525
7,309,1.924204e-01,35.00000,36.00000,487
7,310,1.772761e-01,49.00000,30.00000,524
7,311,1.759776e-01,52.00000,30.00000,520
7,312,1.727026e-01,54.00000,30.00000,559
7,313,1.764911e-01,49.00000,30.00000,547
7,314,1.883630e-01,36.00000,36.00000,506
7,315,1.880109e-01,43.00000,36.00000,503
7,316,1.778088e-01,49.00000,35.00000,524
7,317,1.850875e-01,44.00000,35.00000,502
7,318,1.838442e-01,44.00000,35.00000,506
7,319,1.810303e-01,44.00000,35.00000,514
7,320,1.746984e-01,52.00000,30.00000,523
7,321,1.906500e-01,36.00000,36.00000,487
7,322,1.804987e-01,47.00000,35.00000,516
7,323,1.800261e-01,45.00000,35.00000,534
7,324,1.705335e-01,57.00000,30.00000,553
7,325,1.775659e-01,56.00000,30.00000,532
7,326,1.700300e-01,54.00000,30.00000,549
7,327,1.898997e-01,41.00000,40.00000,504
7,328,1.800358e-01,52.00000,35.00000,539
7,329,1.851434e-01,45.00000,35.00000,495
7,330,1.715799e-01,49.00000,30.00000,552
7,331,1.749043e-01,49.00000,30.00000,548
7,332,1.924690e-01,37.00000,36.00000,477
7,333,1.715416e-01,53.00000,30.00000,543
7,334,1.890033e-01,39.00000,40.00000,500
7,335,1.753613e-01,54.00000,30.00000,528
7,336,1.892883e-01,43.00000,36.00000,502
7,337,1.814641e-01,49.00000,35.00000,522
7,338,1.804231e-01,44.00000,35.00000,530
7,339,1.857313e-01,40.00000,35.00000,505
7,340,1.925707e-01,37.00000,36.00000,491
7,341,1.749177e-01,52.00000,30.00000,541
7,342,1.835617e-01,43.00000,35.00000,505
7,343,1.764018e-01,49.00000,30.00000,533
7,344,1.971552e-01,31.00000,36.00000,486
7,345,1.791035e-01,51.00000,35.00000,524
7,346,1.799506e-01,47.00000,35.00000,522
7,347,1.806185e-01,45.00000,35.00000,522
7,348,1.805902e-01,48.00000,35.00000,532
7,349,1.839722e-01,40.00000,35.00000,530
7,350,1.923624e-01,35.00000,36.00000,496
7,351,1.839048e-01,44.00000,35.00000,503
7,352,1.739239e-01,54.00000,30.00000,543
7,353,1.956812e-01,35.00000,36.00000,528
7,354,1.770328e-01,54.00000,30.00000,526
7,355,1.756850e-01,51.00000,30.00000,539
7,356,1.842116e-01,44.00000,35.00000,515
7,357,1.796064e-01,48.00000,35.00000,517
7,358,1.738384e-01,52.00000,30.00000,533
7,359,1.728822e-01,57.00000,30.00000,550
7,360,1.805703e-01,47.00000,35.00000,534
7,361,1.721555e-01,58.00000,30.00000,550
7,362,1.803791e-01,51.00000,35.00000,528
7,363,1.837142e-01,43.00000,35.00000,511
7,364,1.780341e-01,49.00000,35.00000,522
7,365,1.826138e-01,43.00000,35.00000,522
7,366,1.750211e-01,53.00000,30.00000,531
7,367,1.929730e-01,41.00000,36.00000,491
7,368,1.713205e-01,54.00000,30.00000,544
7,369,1.720429e-01,57.00000,30.00000,553
7,370,1.906309e-01,39.00000,35.00000,473
7,371,1.759207e-01,45.00000,36.00000,551
7,372,1.865643e-01,56.00000,30.00000,533
7,373,1.925547e-01,36.00000,36.00000,487
7,374,1.819024e-01,46.00000,35.00000,511
7,375,1.803762e-01,48.00000,35.00000,518
7,376,1.772382e-01,57.00000,30.00000,545
7,377,1.822077e-01,49.00000,35.00000,516
7,378,1.727674e-01,54.00000,30.00000,561
7,379,1.833249e-01,43.00000,35.00000,509
7,380,1.762583e-01,53.00000,30.00000,530
7,381,1.691196e-01,57.00000,30.00000,546
7,382,1.742435e-01,49.00000,30.00000,546
7,383,1.825956e-01,48.00000,35.00000,516
7,384,1.910784e-01,43.00000,36.00000,500
7,385,1.752158e-01,49.00000,30.00000,527
7,386,1.760834e-01,55.00000,30.00000,537
7,387,1.725900e-01,53.00000,30.00000,537
7,388,1.855772e-01,37.00000,35.00000,503
7,389,1.925344e-01,43.00000,36.00000,500
7,390,1.702543e-01,59.00000,30.00000,555
7,391,1.830424e-01,46.00000,35.00000,511
7,392,1.923884e-01,36.00000,36.00000,492
7,393,1.866164e-01,46.00000,35.00000,513
7,394,1.747177e-01,54.00000,30.00000,534
7,395,1.876362e-01,43.00000,36.00000,506
7,396,1.753656e-01,49.00000,30.00000,554
7,397,1.767060e-01,49.00000,30.00000,543
7,398,1.760276e-01,58.00000,30.00000,540
7,399,1.880033e-01,37.00000,35.00000,504
7,400,1.852385e-01,40.00000,36.00000,499
7,401,1.738035e-01,57.00000,30.00000,545
7,402,1.681559e-01,60.00000,30.00000,554
7,403,1.934875e-01,43.00000,36.00000,500
7,404,1.879820e-01,43.00000,36.00000,500
7,405,1.877683e-01,31.00000,36.00000,526
7,406,1.954233e-01,38.00000,36.00000,489
7,407,1.726765e-01,58.00000,30.00000,543
7,408,1.859000e-01,40.00000,35.00000,491
7,409,1.732419e-01,52.00000,30.00000,547
7,410,1.882250e-01,38.00000,35.00000,501
7,411,1.884210e-01,38.00000,40.00000,504
7,412,1.750614e-01,49.00000,30.00000,534
7,413,1.744766e-01,52.00000,30.00000,527
7,414,1.732899e-01,53.00000,30.00000,542
7,415,1.827215e-01,45.00000,36.00000,510
7,416,1.724968e-01,53.00000,30.00000,551
7,417,1.767698e-01,49.00000,30.00000,514
7,418,1.745601e-01,55.00000,30.00000,539
7,419,1.885301e-01,38.00000,40.00000,482
7,420,1.952891e-01,37.00000,36.00000,476
7,421,1.860375e-01,43.00000,36.00000,513
7,422,1.797355e-01,42.00000,36.00000,514
7,423,1.894077e-01,54.00000,30.00000,526
7,424,1.833091e-01,48.00000,35.00000,517
7,425,1.842524e-01,47.00000,36.00000,523
7,426,1.834495e-01,43.00000,35.00000,496
7,427,1.853907e-01,43.00000,35.00000,501
7,428,1.880769e-01,50.00000,35.00000,529
7,429,1.751225e-01,57.00000,30.00000,545
7,430,1.954916e-01,43.00000,36.00000,509
7,431,1.870191e-01,39.00000,35.00000,524
7,432,1.834712e-01,46.00000,35.00000,514
7,433,1.938527e-01,39.00000,36.00000,487
7,434,1.815711e-01,47.00000,35.00000,510
7,435,1.759248e-01,54.00000,30.00000,526
7,436,1.749602e-01,49.00000,30.00000,526
7,437,1.836047e-01,45.00000,35.00000,515
7,438,1.746646e-01,49.00000,30.00000,542
7,439,1.758527e-01,49.00000,30.00000,534
7,440,1.924477e-01,34.00000,36.00000,491
7,441,1.868206e-01,45.00000,35.00000,505
7,442,1.911605e-01,41.00000,36.00000,496
7,443,1.947417e-01,25.00000,36.00000,488
7,444,1.740179e-01,55.00000,30.00000,542
7,445,1.881162e-01,39.00000,36.00000,492
7,446,1.953626e-01,30.00000,36.00000,498
7,447,1.782215e-01,47.00000,35.00000,534
7,448,1.826253e-01,47.00000,35.00000,519
7,449,1.830972e-01,46.00000,35.00000,513
7,450,1.985328e-01,31.00000,36.00000,460
7,451,1.774425e-01,49.00000,30.00000,528
7,452,1.747912e-01,54.00000,30.00000,528
7,453,1.781469e-01,49.00000,30.00000,532
7,454,2.010062e-01,30.00000,36.00000,436
7,455,1.868354e-01,41.00000,36.00000,494
7,456,1.740525e-01,53.00000,30.00000,544
7,457,1.777870e-01,50.00000,35.00000,531
7,458,1.934095e-01,43.00000,36.00000,500
7,459,1.766859e-01,53.00000,30.00000,529
7,460,1.831830e-01,37.00000,35.00000,526
7,461,1.760032e-01,61.00000,30.00000,564
7,462,1.904966e-01,37.00000,36.00000,486
7,463,1.761166e-01,53.00000,30.00000,535
7,464,1.804327e-01,43.00000,35.00000,522
7,465,1.918236e-01,37.00000,36.00000,485
7,466,1.919838e-01,36.00000,36.00000,497
7,467,1.726502e-01,54.00000,30.00000,566
7,468,1.739045e-01,51.00000,30.00000,552
7,469,1.740294e-01,55.00000,30.00000,543
7,470,1.855559e-01,40.00000,35.00000,514
7,471,1.740660e-01,53.00000,30.00000,535
7,472,1.920255e-01,35.00000,40.00000,499
7,473,1.747820e-01,55.00000,30.00000,537
7,474,1.901402e-01,39.00000,36.00000,492
7,475,1.793313e-01,52.00000,30.00000,517
7,476,1.754528e-01,49.00000,30.00000,546
7,477,1.884634e-01,44.00000,35.00000,503
7,478,1.801536e-01,48.00000,35.00000,516
7,479,1.718185e-01,54.00000,30.00000,540
7,480,1.906904e-01,40.00000,36.00000,481
7,481,1.794824e-01,48.00000,35.00000,517
7,482,1.824425e-01,48.00000,35.00000,516
7,483,1.835200e-01,57.00000,30.00000,545
7,484,1.775751e-01,41.00000,35.00000,537
7,485,1.764259e-01,54.00000,30.00000,526
7,486,1.777650e-01,49.00000,30.00000,512
7,487,1.813831e-01,44.00000,35.00000,507
7,488,1.912690e-01,44.00000,36.00000,494
7,489,1.798852e-01,42.00000,35.00000,521
7,490,1.737340e-01,57.00000,30.00000,545
7,491,1.905772e-01,36.00000,40.00000,482
7,492,1.729061e-01,53.00000,30.00000,530
7,493,1.827834e-01,43.00000,35.00000,513
7,494,1.806038e-01,46.00000,35.00000,515
7,495,1.702660e-01,58.00000,30.00000,541
7,496,1.745888e-01,54.00000,30.00000,538
7,497,1.800503e-01,46.00000,35.00000,532
7,498,1.715921e-01,55.00000,30.00000,552
7,499,1.820874e-01,49.00000,35.00000,518
7,500,1.746177e-01,49.00000,30.00000,530
7,501,1.719184e-01,55.00000,30.00000,540
7,502,1.853449e-01,43.00000,35.00000,504
7,503,1.733286e-01,54.00000,30.00000,543
7,504,1.948943e-01,32.00000,36.00000,497
7,505,1.890238e-01,40.00000,40.00000,486
7,506,1.723254e-01,52.00000,30.00000,548
7,507,1.744284e-01,55.00000,30.00000,538
7,508,1.695565e-01,60.00000,30.00000,552
7,509,1.686662e-01,57.00000,30.00000,546
7,510,1.759978e-01,49.00000,30.00000,521
7,511,1.821376e-01,40.00000,35.00000,536
7,512,1.710852e-01,55.00000,30.00000,538
7,513,1.934155e-01,38.00000,36.00000,490
7,514,1.823438e-01,44.00000,35.00000,541
7,515,1.822281e-01,45.00000,35.00000,495
7,516,1.959727e-01,35.00000,36.00000,474
7,517,1.882270e-01,39.00000,35.00000,495
7,518,1.707367e-01,52.00000,30.00000,541
7,519,1.736471e-01,55.00000,30.00000,551
7,520,1.940294e-01,31.00000,36.00000,481
7,521,1.702825e-01,55.00000,30.00000,556
7,522,1.815243e-01,47.00000,35.00000,513
7,523,1.841145e-01,45.00000,35.00000,502
7,524,1.825991e-01,46.00000,35.00000,517
7,525,1.911223e-01,40.00000,36.00000,516
7,526,1.854259e-01,43.00000,35.00000,491
7,527,1.744476e-01,54.00000,30.00000,529
7,528,1.757909e-01,53.00000,30.00000,531
7,529,1.711688e-01,57.00000,30.00000,551
7,530,1.765994e-01,49.00000,35.00000,525
7,531,1.745632e-01,55.00000,30.00000,552
7,532,1.824396e-01,43.00000,35.00000,515
7,533,1.831864e-01,45.00000,35.00000,497
7,534,1.787947e-01,49.00000,30.00000,514
7,535,1.774766e-01,49.00000,30.00000,517
7,536,1.760434e-01,49.00000,30.00000,544
7,537,1.843435e-01,42.00000,35.00000,521
7,538,1.710978e-01,57.00000,30.00000,546
7,539,1.956065e-01,36.00000,36.00000,474
7,540,1.820095e-01,43.00000,35.00000,517
7,541,1.982645e-01,36.00000,36.00000,480
7,542,1.813339e-01,48.00000,35.00000,523
7,543,1.899086e-01,38.00000,36.00000,503
7,544,1.838929e-01,36.00000,35.00000,512
7,545,1.720749e-01,54.00000,30.00000,543
7,546,1.824055e-01,48.00000,35.00000,527
7,547,1.845771e-01,44.00000,35.00000,506
7,548,1.963784e-01,31.00000,36.00000,461
7,549,1.854741e-01,40.00000,36.00000,506
7,550,1.735803e-01,49.00000,30.00000,546
7,551,1.842793e-01,38.00000,35.00000,518
7,552,1.876529e-01,38.00000,35.00000,490
7,553,1.813687e-01,47.00000,35.00000,514
7,554,1.847687e-01,44.00000,35.00000,502
7,555,1.913394e-01,30.00000,36.00000,498
7,556,1.725246e-01,53.00000,30.00000,539
7,557,1.736981e-01,55.00000,30.00000,537
7,558,1.992233e-01,30.00000,36.00000,483
7,559,1.725958e-01,57.00000,30.00000,551
7,560,1.755743e-01,49.00000,30.00000,541
7,561,1.729414e-01,53.00000,30.00000,542
7,562,1.792314e-01,47.00000,35.00000,523
7,563,1.816055e-01,44.00000,35.00000,517
7,564,1.727904e-01,57.00000,30.00000,551
7,565,1.750700e-01,56.00000,30.00000,538
7,566,1.776309e-01,56.00000,30.00000,540
7,567,1.950626e-01,38.00000,40.00000,482
7,568,1.773836e-01,55.00000,30.00000,549
7,569,1.830241e-01,49.00000,30.00000,523
7,570,1.836242e-01,46.00000,35.00000,531
7,571,2.001847e-01,30.00000,36.00000,501
7,572,1.780772e-01,54.00000,30.00000,535
7,573,1.847146e-01,43.00000,35.00000,513
7,574,1.978671e-01,37.00000,36.00000,487
7,575,1.879167e-01,40.00000,35.00000,512
7,576,1.872383e-01,44.00000,35.00000,503
7,577,1.796344e-01,53.00000,30.00000,527
7,578,2.013926e-01,31.00000,36.00000,470
7,579,1.860146e-01,48.00000,35.00000,523
7,580,1.888098e-01,41.00000,36.00000,505
7,581,1.760113e-01,53.00000,30.00000,540
7,582,1.749588e-01,52.00000,30.00000,519
7,583,1.759404e-01,53.00000,30.00000,534
7,584,1.889852e-01,43.00000,35.00000,491
7,585,1.744587e-01,58.00000,30.00000,541
7,586,1.859554e-01,37.00000,35.00000,514
7,587,1.833800e-01,39.00000,35.00000,522
7,588,1.741961e-01,54.00000,30.00000,538
7,589,1.845537e-01,43.00000,35.00000,518
7,590,1.860702e-01,45.00000,35.00000,510
7,591,1.744468e-01,49.00000,30.00000,571
7,592,1.723981e-01,55.00000,30.00000,542
7,593,1.753517e-01,55.00000,30.00000,536
7,594,1.918791e-01,38.00000,35.00000,478
7,595,1.831418e-01,48.00000,35.00000,518
7,596,1.755574e-01,52.00000,30.00000,524
7,597,1.738370e-01,49.00000,30.00000,552
7,598,1.750716e-01,49.00000,30.00000,535
7,599,1.882436e-01,36.00000,36.00000,522
7,600,1.745524e-01,54.00000,30.00000,544
7,601,1.748099e-01,51.00000,30.00000,539
7,602,1.935579e-01,30.00000,36.00000,498
7,603,1.840307e-01,44.00000,35.00000,504
7,604,1.940777e-01,40.00000,36.00000,481
7,605,1.792895e-01,49.00000,35.00000,522
7,606,1.962232e-01,42.00000,36.00000,488
7,607,1.918329e-01,37.00000,36.00000,493
7,608,1.913153e-01,40.00000,36.00000,488
7,609,1.868153e-01,44.00000,35.00000,502
7,610,1.831166e-01,48.00000,35.00000,518
7,611,1.918863e-01,44.00000,36.00000,494
7,612,1.817378e-01,45.00000,35.00000,507
7,613,1.829198e-01,47.00000,35.00000,514
7,614,1.974151e-01,30.00000,36.00000,500
7,615,1.741977e-01,54.00000,30.00000,544
7,616,1.736443e-01,53.00000,30.00000,533
7,617,1.746566e-01,54.00000,30.00000,525
7,618,1.924792e-01,31.00000,36.00000,506
7,619,1.735132e-01,52.00000,30.00000,540
7,620,1.761078e-01,53.00000,30.00000,527
7,621,1.820789e-01,43.00000,35.00000,512
7,622,1.935254e-01,42.00000,36.00000,495
7,623,1.896970e-01,43.00000,36.00000,510
7,624,1.782866e-01,49.00000,30.00000,515
7,625,1.859787e-01,36.00000,35.00000,516
7,626,1.864623e-01,40.00000,36.00000,509
7,627,1.760076e-01,52.00000,30.00000,525
7,628,1.740953e-01,55.00000,30.00000,543
7,629,1.857884e-01,43.00000,36.00000,514
7,630,1.864206e-01,48.00000,35.00000,515
7,631,1.772687e-01,49.00000,30.00000,521
7,632,1.768042e-01,49.00000,30.00000,553
7,633,1.754787e-01,53.00000,30.00000,535
7,634,1.859767e-01,42.00000,36.00000,493
7,635,1.816698e-01,46.00000,35.00000,525
7,636,1.988276e-01,37.00000,36.00000,474
7,637,1.878795e-01,40.00000,36.00000,503
7,638,1.815421e-01,44.00000,35.00000,516
7,639,1.851821e-01,40.00000,35.00000,511
7,640,2.004416e-01,42.00000,36.00000,495
7,641,1.843801e-01,46.00000,35.00000,518
7,642,1.732827e-01,57.00000,30.00000,555
7,643,1.833238e-01,48.00000,35.00000,523
7,644,1.859129e-01,43.00000,35.00000,495
7,645,1.710179e-01,57.00000,30.00000,547
7,646,1.873656e-01,48.00000,36.00000,518
7,647,1.948583e-01,37.00000,36.00000,482
7,648,1.888069e-01,39.00000,35.00000,498
7,649,1.961277e-01,39.00000,36.00000,511
7,650,1.906106e-01,31.00000,36.00000,509
7,651,1.783335e-01,55.00000,30.00000,537
7,652,1.816432e-01,48.00000,35.00000,517
7,653,1.756692e-01,53.00000,30.00000,537
7,654,1.908218e-01,41.00000,36.00000,491
7,655,1.826811e-01,48.00000,35.00000,517
7,656,1.746057e-01,52.00000,30.00000,537
7,657,1.780393e-01,53.00000,30.00000,528
7,658,1.744360e-01,49.00000,30.00000,570
7,659,2.015792e-01,40.00000,36.00000,480
7,660,1.817944e-01,47.00000,35.00000,507
7,661,1.819504e-01,41.00000,35.00000,508
7,662,1.743069e-01,44.00000,35.00000,565
7,663,1.824724e-01,55.00000,30.00000,536
7,664,1.846142e-01,42.00000,35.00000,507
7,665,1.845646e-01,49.00000,35.00000,522
7,666,1.836925e-01,40.00000,35.00000,508
7,667,1.820916e-01,47.00000,35.00000,512
7,668,1.830633e-01,41.00000,35.00000,519
7,669,1.748734e-01,57.00000,30.00000,545
7,670,1.731496e-01,54.00000,30.00000,536
7,671,1.771934e-01,49.00000,30.00000,525
7,672,1.796319e-01,48.00000,35.00000,516
7,673,1.872087e-01,44.00000,35.00000,510
7,674,1.928090e-01,37.00000,36.00000,477
7,675,1.830544e-01,42.00000,35.00000,504
7,676,1.726316e-01,52.00000,30.00000,544
7,677,1.813682e-01,43.00000,35.00000,514
7,678,1.896722e-01,37.00000,36.00000,496
7,679,1.746855e-01,55.00000,30.00000,537
7,680,1.747164e-01,49.00000,30.00000,537
7,681,1.848105e-01,42.00000,35.00000,513
7,682,1.815350e-01,46.00000,35.00000,536
7,683,1.963735e-01,35.00000,36.00000,480
7,684,1.722965e-01,61.00000,30.00000,564
7,685,1.759584e-01,55.00000,30.00000,539
7,686,1.793662e-01,48.00000,35.00000,517
7,687,1.735115e-01,54.00000,30.00000,529
7,688,1.744193e-01,59.00000,30.00000,554
7,689,1.895487e-01,40.00000,36.00000,491
7,690,1.917200e-01,49.00000,36.00000,525
7,691,1.807082e-01,49.00000,35.00000,518
7,692,1.827441e-01,40.00000,36.00000,520
7,693,1.861147e-01,45.00000,35.00000,503
7,694,1.851460e-01,41.00000,36.00000,520
7,695,1.748261e-01,57.00000,30.00000,545
7,696,1.848347e-01,42.00000,35.00000,512
7,697,1.846189e-01,44.00000,35.00000,504
7,698,1.802301e-01,49.00000,35.00000,517
7,699,1.887029e-01,41.00000,36.00000,491
7,700,1.841192e-01,45.00000,35.00000,533
7,701,1.861525e-01,36.00000,36.00000,521
7,702,1.743596e-01,57.00000,30.00000,545
7,703,1.824500e-01,42.00000,35.00000,515
7,704,1.704997e-01,55.00000,30.00000,552
7,705,1.854868e-01,40.00000,35.00000,504
7,706,1.735983e-01,52.00000,30.00000,528
7,707,1.695581e-01,57.00000,30.00000,550
7,708,1.756172e-01,49.00000,30.00000,537
7,709,1.838260e-01,44.00000,35.00000,505
7,710,1.843886e-01,46.00000,35.00000,511
7,711,1.837770e-01,43.00000,35.00000,492
7,712,1.893113e-01,37.00000,36.00000,498
7,713,1.709282e-01,58.00000,30.00000,554
7,714,1.838148e-01,45.00000,35.00000,503
7,715,1.772806e-01,50.00000,35.00000,539
7,716,1.842396e-01,45.00000,35.00000,496
7,717,1.850389e-01,47.00000,35.00000,506
7,718,1.858758e-01,44.00000,36.00000,519
7,719,1.801489e-01,44.00000,35.00000,515
7,720,1.787912e-01,46.00000,35.00000,519
7,721,1.829091e-01,42.00000,35.00000,509
7,722,1.735033e-01,55.00000,30.00000,537
7,723,1.807756e-01,44.00000,35.00000,507
7,724,1.789652e-01,45.00000,35.00000,517
7,725,1.836844e-01,45.00000,35.00000,499
7,726,1.926367e-01,36.00000,36.00000,473
7,727,1.741744e-01,54.00000,30.00000,534
7,728,1.847916e-01,44.00000,35.00000,514
7,729,1.861954e-01,47.00000,35.00000,506
7,730,1.944577e-01,31.00000,36.00000,463
7,731,1.876712e-01,41.00000,36.00000,504
7,732,1.771049e-01,49.00000,30.00000,527
7,733,1.791589e-01,46.00000,35.00000,573
7,734,1.842951e-01,42.00000,35.00000,521
7,735,1.926009e-01,36.00000,36.00000,484
7,736,1.710638e-01,56.00000,30.00000,539
7,737,1.774605e-01,49.00000,35.00000,534
7,738,1.783767e-01,49.00000,30.00000,542
7,739,1.823264e-01,40.00000,35.00000,515
7,740,1.913715e-01,37.00000,36.00000,489
7,741,1.729677e-01,54.00000,30.00000,552
7,742,1.934006e-01,40.00000,36.00000,491
7,743,1.830321e-01,41.00000,35.00000,493
7,744,1.721292e-01,57.00000,30.00000,557
7,745,1.917375e-01,41.00000,36.00000,498
7,746,1.724801e-01,55.00000,30.00000,542
7,747,1.909277e-01,40.00000,36.00000,486
7,748,1.816238e-01,45.00000,35.00000,515
7,749,1.834047e-01,42.00000,35.00000,525
7,750,1.789838e-01,50.00000,35.00000,536
7,751,1.668293e-01,61.00000,30.00000,567
7,752,1.912961e-01,36.00000,36.00000,510
7,753,1.784839e-01,50.00000,35.00000,529
7,754,1.817520e-01,49.00000,35.00000,516
7,755,1.831973e-01,48.00000,35.00000,516
7,756,1.835657e-01,42.00000,36.00000,499
7,757,1.760783e-01,49.00000,30.00000,535
7,758,1.832169e-01,43.00000,35.00000,520
7,759,1.857414e-01,41.00000,36.00000,506
7,760,1.895864e-01,42.00000,36.00000,501
7,761,1.747240e-01,53.00000,30.00000,527
7,762,1.749746e-01,55.00000,30.00000,542
7,763,1.879945e-01,36.00000,35.00000,500
7,764,1.859107e-01,47.00000,35.00000,512
7,765,1.764462e-01,52.00000,30.00000,546
7,766,1.969945e-01,35.00000,36.00000,480
7,767,1.845411e-01,46.00000,35.00000,511
7,768,1.908615e-01,39.00000,36.00000,499
7,769,1.729869e-01,56.00000,30.00000,543
7,770,1.967337e-01,37.00000,36.00000,474
7,771,1.846316e-01,44.00000,35.00000,508
7,772,1.828640e-01,44.00000,35.00000,508
7,773,1.862955e-01,39.00000,36.00000,497
7,774,1.846957e-01,44.00000,36.00000,506
7,775,1.891541e-01,46.00000,36.00000,506
7,776,1.856106e-01,44.00000,35.00000,509
7,777,1.867375e-01,48.00000,35.00000,516
7,778,1.813941e-01,49.00000,30.00000,515
7,779,1.986573e-01,31.00000,36.00000,487
7,780,1.870882e-01,45.00000,35.00000,536
7,781,1.906632e-01,42.00000,35.00000,512
7,782,1.844978e-01,49.00000,30.00000,550
7,783,1.913401e-01,52.00000,35.00000,538
7,784,1.956237e-01,41.00000,35.00000,490
7,785,1.839353e-01,53.00000,30.00000,549
7,786,1.871869e-01,49.00000,30.00000,524
7,787,1.817093e-01,57.00000,30.00000,546
7,788,2.019870e-01,31.00000,36.00000,478
7,789,1.844401e-01,49.00000,30.00000,579
7,790,1.914607e-01,43.00000,35.00000,501
7,791,1.843483e-01,46.00000,35.00000,533
7,792,1.943319e-01,39.00000,36.00000,508
7,793,1.845223e-01,48.00000,35.00000,517
7,794,1.794665e-01,53.00000,30.00000,527
7,795,1.859535e-01,49.00000,35.00000,526
7,796,1.850820e-01,46.00000,35.00000,512
7,797,1.790026e-01,52.00000,30.00000,524
7,798,1.760598e-01,52.00000,30.00000,552
7,799,1.768451e-01,55.00000,30.00000,538
7,800,1.925058e-01,43.00000,36.00000,507
7,801,1.840408e-01,44.00000,35.00000,513
7,802,1.764577e-01,51.00000,30.00000,540
7,803,1.858126e-01,45.00000,35.00000,508
7,804,1.895033e-01,41.00000,36.00000,499
7,805,1.957112e-01,39.00000,36.00000,482
7,806,1.888951e-01,48.00000,35.00000,516
7,807,1.990873e-01,30.00000,36.00000,486
7,808,1.786598e-01,56.00000,30.00000,532
7,809,1.794766e-01,53.00000,30.00000,527
7,810,1.753025e-01,49.00000,30.00000,557
7,811,1.869080e-01,44.00000,36.00000,508
7,812,1.886092e-01,38.00000,35.00000,508
7,813,1.815936e-01,46.00000,35.00000,522
7,814,1.929672e-01,37.00000,36.00000,476
7,815,1.865119e-01,42.00000,35.00000,494
7,816,1.855990e-01,42.00000,35.00000,516
7,817,1.722262e-01,55.00000,30.00000,536
7,818,1.750167e-01,49.00000,30.00000,524
7,819,1.799794e-01,48.00000,35.00000,515
7,820,1.933406e-01,37.00000,36.00000,507
7,821,1.797511e-01,43.00000,35.00000,531
7,822,1.731918e-01,52.00000,30.00000,535
7,823,1.724806e-01,57.00000,30.00000,547
7,824,1.910719e-01,40.00000,36.00000,483
7,825,1.793083e-01,49.00000,30.00000,511
7,826,1.851643e-01,43.00000,35.00000,495
7,827,1.819506e-01,50.00000,35.00000,527
7,828,1.747100e-01,54.00000,30.00000,529
7,829,1.926959e-01,35.00000,36.00000,501
7,830,1.740386e-01,49.00000,30.00000,525
7,831,1.884576e-01,40.00000,35.00000,486
7,832,1.920487e-01,45.00000,36.00000,507
7,833,1.803039e-01,48.00000,35.00000,515
8,0,1.853629e-01,43.00000,35.00000,528
8,1,1.784794e-01,46.00000,35.00000,548
8,2,1.841275e-01,41.00000,36.00000,518
8,3,1.830221e-01,42.00000,35.00000,518
8,4,1.810506e-01,44.00000,35.00000,535
8,5,1.804199e-01,53.00000,30.00000,530
8,6,1.848480e-01,47.00000,36.00000,511
8,7,1.818898e-01,49.00000,35.00000,525
8,8,1.783041e-01,48.00000,35.00000,542
8,9,1.799560e-01,53.00000,30.00000,523
8,10,1.802233e-01,41.00000,36.00000,535
8,11,1.769179e-01,45.00000,35.00000,559
8,12,1.829162e-01,35.00000,36.00000,525
8,13,1.815659e-01,54.00000,30.00000,523
8,14,1.810756e-01,42.00000,35.00000,536
8,15,1.791412e-01,43.00000,35.00000,533
8,16,1.848914e-01,49.00000,30.00000,513
8,17,1.795374e-01,52.00000,30.00000,545
8,18,1.819896e-01,42.00000,35.00000,537
8,19,1.883972e-01,46.00000,35.00000,507
8,20,1.807573e-01,25.00000,36.00000,542
8,21,1.769837e-01,49.00000,30.00000,509
8,22,1.852682e-01,48.00000,35.00000,519
8,23,1.832612e-01,49.00000,30.00000,514
8,24,1.865864e-01,43.00000,35.00000,507
8,25,1.897093e-01,45.00000,36.00000,504
8,26,1.832525e-01,41.00000,35.00000,516
8,27,1.891423e-01,40.00000,36.00000,487
8,28,1.919475e-01,34.00000,36.00000,520
8,29,1.763203e-01,49.00000,30.00000,529
8,30,1.819381e-01,49.00000,35.00000,514
8,31,1.727101e-01,55.00000,30.00000,534
8,32,1.829667e-01,40.00000,35.00000,501
8,33,1.732391e-01,57.00000,30.00000,542
8,34,1.752824e-01,53.00000,30.00000,525
8,35,1.809354e-01,41.00000,35.00000,512
8,36,1.981684e-01,25.00000,36.00000,485
8,37,1.767528e-01,53.00000,30.00000,538
8,38,1.917382e-01,46.00000,36.00000,502
8,39,1.793548e-01,45.00000,35.00000,526
8,40,1.733007e-01,55.00000,30.00000,538
8,41,1.830024e-01,40.00000,35.00000,504
8,42,1.818350e-01,47.00000,35.00000,510
8,43,1.905265e-01,30.00000,36.00000,497
8,44,1.742885e-01,49.00000,30.00000,543
8,45,1.885433e-01,41.00000,36.00000,494
8,46,1.763212e-01,57.00000,30.00000,543
8,47,1.812057e-01,47.00000,35.00000,509
8,48,1.835479e-01,37.00000,35.00000,527
8,49,1.823280e-01,48.00000,35.00000,513
8,50,1.847047e-01,43.00000,35.00000,488
8,51,1.748535e-01,49.00000,30.00000,549
8,52,1.726139e-01,57.00000,30.00000,544
8,53,1.715083e-01,55.00000,30.00000,547
8,54,1.853633e-01,37.00000,35.00000,526
8,55,1.736304e-01,57.00000,30.00000,542
8,56,1.890513e-01,37.00000,40.00000,500
8,57,1.734992e-01,53.00000,30.00000,527
8,58,1.972203e-01,30.00000,36.00000,480
8,59,1.733926e-01,54.00000,30.00000,532
8,60,1.905270e-01,41.00000,36.00000,493
8,61,1.949456e-01,37.00000,36.00000,477
8,62,1.747507e-01,54.00000,30.00000,537
8,63,1.889031e-01,36.00000,36.00000,498
8,64,1.754210e-01,49.00000,30.00000,530
8,65,1.907613e-01,45.00000,36.00000,506
8,66,1.768328e-01,49.00000,30.00000,519
8,67,1.750727e-01,49.00000,30.00000,532
8,68,1.918284e-01,40.00000,36.00000,484
8,69,1.761967e-01,49.00000,30.00000,537
8,70,1.824002e-01,47.00000,35.00000,504
8,71,1.743173e-01,49.00000,30.00000,523
8,72,1.854040e-01,37.00000,36.00000,512
8,73,1.803130e-01,47.00000,35.00000,504
8,74,1.816436e-01,46.00000,35.00000,509
8,75,1.717605e-01,54.00000,30.00000,543
8,76,1.805811e-01,49.00000,35.00000,521
8,77,1.989951e-01,25.00000,36.00000,482
8,78,1.736735e-01,53.00000,30.00000,534
8,79,1.882918e-01,43.00000,36.00000,497
8,80,1.922666e-01,42.00000,36.00000,486
8,81,1.872012e-01,43.00000,36.00000,502
8,82,1.843306e-01,44.00000,35.00000,503
8,83,1.733107e-01,53.00000,30.00000,532
8,84,1.822786e-01,46.00000,35.00000,549
8,85,1.741575e-01,58.00000,30.00000,545
8,86,1.809115e-01,45.00000,35.00000,520
8,87,1.936610e-01,36.00000,36.00000,471
8,88,1.828960e-01,44.00000,35.00000,520
8,89,1.830325e-01,45.00000,35.00000,498
8,90,1.851692e-01,38.00000,35.00000,504
8,91,1.754120e-01,54.00000,30.00000,546
8,92,1.917609e-01,34.00000,40.00000,489
8,93,1.824480e-01,50.00000,35.00000,529
8,94,1.714827e-01,57.00000,30.00000,545
8,95,1.807910e-01,48.00000,35.00000,516
8,96,1.819810e-01,42.00000,35.00000,502
8,97,1.916254e-01,25.00000,36.00000,500
8,98,1.739086e-01,54.00000,30.00000,541
8,99,1.766961e-01,51.00000,30.00000,525
8,100,1.759534e-01,57.00000,30.00000,543
8,101,1.853360e-01,42.00000,35.00000,510
8,102,1.870869e-01,36.00000,40.00000,510
8,103,1.809123e-01,42.00000,35.00000,513
8,104,1.849932e-01,36.00000,36.00000,516
8,105,1.806065e-01,46.00000,35.00000,514
8,106,1.821835e-01,41.00000,35.00000,516
8,107,1.797713e-01,48.00000,35.00000,514
8,108,1.854600e-01,37.00000,35.00000,510
8,109,1.789341e-01,47.00000,35.00000,515
8,110,1.830250e-01,45.00000,35.00000,504
8,111,1.879109e-01,40.00000,36.00000,490
8,112,1.739911e-01,53.00000,30.00000,527
8,113,1.814878e-01,47.00000,35.00000,504
8,114,1.874713e-01,36.00000,35.00000,505
8,115,1.703769e-01,58.00000,30.00000,547
8,116,1.912321e-01,40.00000,36.00000,504
8,117,1.730582e-01,54.00000,30.00000,550
8,118,1.754993e-01,49.00000,30.00000,528
8,119,1.809633e-01,47.00000,35.00000,527
8,120,1.723298e-01,57.00000,30.00000,552
8,121,1.871705e-01,39.00000,35.00000,506
8,122,1.839507e-01,45.00000,35.00000,505
8,123,1.851809e-01,45.00000,36.00000,506
8,124,1.729882e-01,56.00000,30.00000,530
8,125,1.780947e-01,53.00000,35.00000,528
8,126,1.739676e-01,49.00000,30.00000,527
8,127,1.731461e-01,49.00000,30.00000,554
8,128,1.826366e-01,47.00000,35.00000,504
8,129,1.920557e-01,30.00000,36.00000,485
8,130,1.768698e-01,53.00000,30.00000,526
8,131,1.844319e-01,48.00000,35.00000,514
8,132,1.713898e-01,59.00000,30.00000,553
8,133,1.795426e-01,50.00000,35.00000,533
8,134,1.838974e-01,49.00000,35.00000,520
8,135,1.806190e-01,43.00000,35.00000,512
8,136,1.875147e-01,37.00000,36.00000,498
8,137,1.905323e-01,36.00000,36.00000,491
8,138,1.945955e-01,31.00000,36.00000,489
8,139,1.927719e-01,42.00000,36.00000,492
8,140,1.743056e-01,53.00000,30.00000,542
8,141,1.956369e-01,30.00000,36.00000,499
8,142,1.781087e-01,51.00000,35.00000,533
8,143,1.860490e-01,35.00000,36.00000,517
8,144,1.788146e-01,52.00000,30.00000,548
8,145,1.818403e-01,46.00000,35.00000,515
8,146,1.831059e-01,41.00000,35.00000,505
8,147,1.796630e-01,50.00000,35.00000,533
8,148,1.743160e-01,49.00000,30.00000,539
8,149,1.730231e-01,53.00000,30.00000,544
8,150,1.898111e-01,41.00000,36.00000,496
8,151,1.739180e-01,49.00000,30.00000,534
8,152,1.802837e-01,47.00000,35.00000,522
8,153,1.823818e-01,46.00000,35.00000,517
8,154,1.720167e-01,57.00000,30.00000,554
8,155,1.819909e-01,45.00000,35.00000,509
8,156,1.797863e-01,46.00000,35.00000,513
8,157,1.878193e-01,40.00000,40.00000,487
8,158,1.851284e-01,44.00000,35.00000,502
8,159,1.724329e-01,55.00000,30.00000,543
8,160,1.703571e-01,54.00000,30.00000,534
8,161,1.745057e-01,49.00000,30.00000,539
8,162,1.875549e-01,37.00000,35.00000,497
8,163,1.728760e-01,49.00000,30.00000,543
8,164,1.719925e-01,53.00000,30.00000,546
8,165,1.818411e-01,44.00000,35.00000,502
8,166,1.754851e-01,54.00000,30.00000,528
8,167,1.809677e-01,41.00000,35.00000,516
8,168,1.892887e-01,40.00000,36.00000,489
8,169,1.791822e-01,49.00000,35.00000,522
8,170,1.832701e-01,43.00000,35.00000,494
8,171,1.903150e-01,37.00000,36.00000,493
8,172,1.861805e-01,42.00000,35.00000,498
8,173,1.800732e-01,49.00000,35.00000,520
8,174,1.828841e-01,49.00000,35.00000,515
8,175,1.956898e-01,40.00000,36.00000,482
8,176,1.763628e-01,54.00000,30.00000,528
8,177,1.752317e-01,49.00000,30.00000,528
8,178,1.806911e-01,45.00000,35.00000,519
8,179,1.825725e-01,45.00000,35.00000,502
8,180,1.737546e-01,54.00000,30.00000,552
8,181,1.734894e-01,53.00000,30.00000,544
8,182,1.677269e-01,58.00000,30.00000,547
8,183,1.831252e-01,45.00000,35.00000,511
8,184,1.734729e-01,49.00000,30.00000,557
8,185,1.733434e-01,56.00000,30.00000,540
8,186,1.913240e-01,38.00000,40.00000,489
8,187,1.829799e-01,40.00000,35.00000,521
8,188,1.875006e-01,45.00000,36.00000,507
8,189,1.711525e-01,59.00000,30.00000,560
8,190,1.917436e-01,40.00000,36.00000,495
8,191,1.810249e-01,43.00000,35.00000,528
8,192,1.733533e-01,53.00000,30.00000,527
8,193,1.873634e-01,49.00000,36.00000,525
8,194,1.841668e-01,41.00000,35.00000,516
8,195,1.723865e-01,55.00000,30.00000,535
8,196,1.843860e-01,40.00000,35.00000,500
8,197,1.824074e-01,44.00000,35.00000,505
8,198,1.747921e-01,49.00000,30.00000,534
8,199,1.928168e-01,31.00000,36.00000,524
8,200,1.893032e-01,41.00000,36.00000,511
8,201,1.949987e-01,35.00000,36.00000,469
8,202,1.847405e-01,36.00000,35.00000,521
8,203,1.821957e-01,42.00000,35.00000,521
8,204,1.807689e-01,45.00000,35.00000,503
8,205,1.834197e-01,44.00000,35.00000,514
8,206,1.784161e-01,48.00000,35.00000,528
8,207,1.731271e-01,57.00000,30.00000,551
8,208,1.725166e-01,49.00000,30.00000,548
8,209,1.772904e-01,49.00000,30.00000,510
8,210,1.813654e-01,45.00000,35.00000,501
8,211,1.941748e-01,36.00000,36.00000,488
8,212,1.705351e-01,58.00000,30.00000,540
8,213,1.756548e-01,52.00000,30.00000,525
8,214,1.746427e-01,53.00000,30.00000,538
8,215,1.913595e-01,39.00000,36.00000,486
8,216,1.828272e-01,43.00000,35.00000,515
8,217,1.850165e-01,45.00000,35.00000,502
8,218,1.727480e-01,56.00000,30.00000,532
8,219,1.875282e-01,42.00000,36.00000,488
8,220,1.828585e-01,43.00000,35.00000,508
8,221,1.794033e-01,48.00000,35.00000,529
8,222,1.753512e-01,49.00000,30.00000,536
8,223,1.801721e-01,40.00000,35.00000,530
8,224,1.802239e-01,49.00000,35.00000,516
8,225,1.752942e-01,49.00000,30.00000,514
8,226,1.745470e-01,53.00000,30.00000,538
8,227,1.890308e-01,40.00000,36.00000,486
8,228,1.802979e-01,47.00000,35.00000,513
8,229,1.789746e-01,45.00000,35.00000,529
8,230,1.825444e-01,44.00000,35.00000,512
8,231,1.691225e-01,49.00000,30.00000,561
8,232,1.808417e-01,45.00000,35.00000,516
8,233,1.872666e-01,43.00000,36.00000,499
8,234,1.750594e-01,49.00000,30.00000,517
8,235,1.808412e-01,47.00000,35.00000,513
8,236,1.833166e-01,42.00000,35.00000,515
8,237,1.688197e-01,59.00000,30.00000,555
8,238,1.739176e-01,52.00000,30.00000,558
8,239,1.800832e-01,53.00000,30.00000,528
8,240,1.844664e-01,30.00000,36.00000,511
8,241,1.826880e-01,43.00000,35.00000,502
8,242,1.804447e-01,43.00000,35.00000,510
8,243,1.695855e-01,59.00000,30.00000,561
8,244,1.739417e-01,49.00000,30.00000,537
8,245,1.918980e-01,39.00000,36.00000,482
8,246,1.734963e-01,55.00000,30.00000,536
8,247,1.738996e-01,54.00000,30.00000,528
8,248,1.759253e-01,49.00000,30.00000,516
8,249,1.742390e-01,49.00000,30.00000,538
8,250,1.736466e-01,54.00000,30.00000,525
8,251,1.837590e-01,41.00000,35.00000,494
8,252,1.847445e-01,40.00000,36.00000,500
8,253,1.816006e-01,45.00000,35.00000,515
8,254,1.816358e-01,47.00000,35.00000,516
8,255,1.885808e-01,44.00000,36.00000,494
8,256,1.715657e-01,56.00000,30.00000,532
8,257,1.825477e-01,45.00000,35.00000,505
8,258,1.814150e-01,47.00000,35.00000,528
8,259,1.929521e-01,40.00000,36.00000,479
8,260,1.741198e-01,61.00000,30.00000,564
8,261,1.707127e-01,53.00000,30.00000,542
8,262,1.910508e-01,37.00000,36.00000,481
8,263,1.799610e-01,42.00000,35.00000,512
8,264,1.802404e-01,48.00000,35.00000,517
8,265,1.934921e-01,40.00000,36.00000,479
8,266,1.873881e-01,42.00000,36.00000,496
8,267,1.827423e-01,43.00000,35.00000,501
8,268,1.759199e-01,49.00000,30.00000,526
8,269,1.762464e-01,58.00000,30.00000,541
8,270,1.806055e-01,40.00000,35.00000,528
8,271,1.753128e-01,54.00000,30.00000,526
8,272,1.859893e-01,41.00000,36.00000,492
8,273,1.831494e-01,40.00000,35.00000,526
8,274,1.718563e-01,60.00000,30.00000,563
8,275,1.950799e-01,36.00000,36.00000,460
8,276,1.820860e-01,41.00000,35.00000,529
8,277,1.724612e-01,58.00000,30.00000,544
8,278,1.859409e-01,43.00000,36.00000,504
8,279,1.718977e-01,53.00000,30.00000,544
8,280,1.803403e-01,42.00000,35.00000,517
8,281,1.821529e-01,46.00000,35.00000,516
8,282,1.927154e-01,30.00000,36.00000,497
8,283,1.918233e-01,41.00000,36.00000,496
8,284,1.695792e-01,58.00000,30.00000,541
8,285,1.736697e-01,53.00000,30.00000,541
8,286,1.871661e-01,40.00000,36.00000,492
8,287,1.728537e-01,53.00000,30.00000,547
8,288,1.892586e-01,43.00000,36.00000,506
8,289,1.873951e-01,36.00000,35.00000,496
8,290,1.795467e-01,48.00000,35.00000,516
8,291,1.717860e-01,55.00000,30.00000,543
8,292,1.738307e-01,53.00000,30.00000,528
8,293,1.781955e-01,50.00000,35.00000,550
8,294,1.741826e-01,55.00000,30.00000,543
8,295,1.856982e-01,39.00000,36.00000,507
8,296,1.748835e-01,49.00000,30.00000,536
8,297,1.791680e-01,48.00000,35.00000,516
8,298,1.818703e-01,44.00000,35.00000,504
8,299,1.851764e-01,43.00000,35.00000,498
8,300,1.937054e-01,42.00000,36.00000,494
8,301,1.729977e-01,55.00000,30.00000,545
8,302,1.798716e-01,48.00000,35.00000,518
8,303,1.832040e-01,47.00000,35.00000,512
8,304,1.780125e-01,49.00000,30.00000,532
8,305,1.715443e-01,54.00000,30.00000,542
8,306,1.859047e-01,45.00000,36.00000,513
8,307,1.938201e-01,35.00000,36.00000,475
8,308,1.895806e-01,43.00000,35.00000,502
8,309,1.864915e-01,42.00000,35.00000,494
8,310,1.828255e-01,45.00000,35.00000,531
8,311,1.727512e-01,57.00000,30.00000,547
8,312,1.948530e-01,37.00000,36.00000,492
8,313,1.837663e-01,40.00000,35.00000,520
8,314,1.885731e-01,39.00000,35.00000,491
8,315,1.827002e-01,47.00000,35.00000,517
8,316,1.860674e-01,43.00000,35.00000,499
8,317,1.850463e-01,45.00000,35.00000,515
8,318,1.826283e-01,45.00000,35.00000,498
8,319,1.800462e-01,48.00000,35.00000,516
8,320,1.902670e-01,38.00000,40.00000,507
8,321,1.806635e-01,47.00000,35.00000,516
8,322,1.891729e-01,41.00000,40.00000,500
8,323,1.885699e-01,41.00000,36.00000,512
8,324,1.818680e-01,43.00000,35.00000,514
8,325,1.868798e-01,36.00000,35.00000,494
8,326,1.796307e-01,48.00000,35.00000,524
8,327,1.815197e-01,47.00000,35.00000,513
8,328,1.808058e-01,43.00000,35.00000,518
8,329,1.737805e-01,53.00000,30.00000,556
8,330,1.709733e-01,57.00000,30.00000,552
8,331,1.815991e-01,45.00000,35.00000,496
8,332,1.725138e-01,54.00000,30.00000,537
8,333,1.750349e-01,53.00000,30.00000,538
8,334,2.035553e-01,36.00000,36.00000,459
8,335,1.810502e-01,44.00000,35.00000,505
8,336,1.915259e-01,35.00000,36.00000,506
8,337,1.919197e-01,30.00000,36.00000,499
8,338,1.891699e-01,43.00000,36.00000,520
8,339,1.930122e-01,40.00000,36.00000,487
8,340,1.857085e-01,45.00000,35.00000,503
8,341,1.826460e-01,48.00000,35.00000,529
8,342,1.711072e-01,60.00000,30.00000,564
8,343,1.842858e-01,42.00000,35.00000,504
8,344,1.908042e-01,40.00000,36.00000,504
8,345,1.903289e-01,36.00000,36.00000,485
8,346,1.845040e-01,46.00000,35.00000,515
8,347,1.828343e-01,47.00000,35.00000,506
8,348,1.786687e-01,49.00000,35.00000,518
8,349,1.848055e-01,40.00000,35.00000,499
8,350,1.849282e-01,40.00000,35.00000,513
8,351,1.703742e-01,57.00000,30.00000,545
8,352,1.801304e-01,47.00000,35.00000,520
8,353,1.791788e-01,46.00000,35.00000,518
8,354,1.723350e-01,49.00000,30.00000,558
8,355,1.751796e-01,51.00000,30.00000,551
8,356,1.790979e-01,48.00000,35.00000,525
8,357,1.843622e-01,44.00000,35.00000,502
8,358,1.694395e-01,55.00000,30.00000,536
8,359,1.782132e-01,52.00000,35.00000,537
8,360,1.766448e-01,51.00000,30.00000,528
8,361,1.733417e-01,43.00000,36.00000,539
8,362,1.876602e-01,54.00000,30.00000,525
8,363,1.697846e-01,58.00000,30.00000,547
8,364,1.766072e-01,49.00000,30.00000,520
8,365,1.833495e-01,45.00000,36.00000,523
8,366,1.861255e-01,41.00000,36.00000,505
8,367,1.735132e-01,53.00000,30.00000,536
8,368,1.727126e-01,49.00000,30.00000,544
8,369,1.781534e-01,49.00000,35.00000,526
8,370,1.784353e-01,47.00000,35.00000,525
8,371,1.942051e-01,25.00000,36.00000,527
8,372,1.769072e-01,49.00000,30.00000,528
8,373,1.805058e-01,44.00000,35.00000,529
8,374,1.820292e-01,48.00000,35.00000,517
8,375,1.719477e-01,55.00000,30.00000,545
8,376,1.850972e-01,43.00000,35.00000,490
8,377,1.865532e-01,37.00000,35.00000,486
8,378,1.705525e-01,53.00000,30.00000,544
8,379,1.757716e-01,49.00000,30.00000,531
8,380,1.914242e-01,30.00000,40.00000,479
8,381,1.806455e-01,45.00000,35.00000,498
8,382,1.707485e-01,54.00000,30.00000,548
8,383,1.730320e-01,54.00000,30.00000,529
8,384,1.742698e-01,49.00000,30.00000,544
8,385,1.737096e-01,57.00000,30.00000,545
8,386,1.713266e-01,60.00000,30.00000,554
8,387,1.720752e-01,55.00000,30.00000,542
8,388,1.697661e-01,55.00000,30.00000,537
8,389,1.762736e-01,51.00000,35.00000,525
8,390,1.703875e-01,54.00000,30.00000,548
8,391,1.742952e-01,52.00000,30.00000,526
8,392,1.873567e-01,42.00000,35.00000,500
8,393,1.794449e-01,44.00000,35.00000,518
8,394,1.833964e-01,39.00000,35.00000,504
8,395,1.722502e-01,55.00000,30.00000,541
8,396,1.731870e-01,54.00000,30.00000,526
8,397,1.852501e-01,41.00000,36.00000,497
8,398,1.790176e-01,45.00000,35.00000,523
8,399,1.853321e-01,44.00000,35.00000,503
8,400,1.743568e-01,49.00000,30.00000,543
8,401,1.727417e-01,53.00000,30.00000,536
8,402,1.846288e-01,39.00000,35.00000,503
8,403,1.770680e-01,49.00000,30.00000,517
8,404,1.885722e-01,47.00000,36.00000,515
8,405,1.700289e-01,57.00000,30.00000,548
8,406,1.724695e-01,51.00000,30.00000,537
8,407,1.830387e-01,42.00000,35.00000,515
8,408,1.810430e-01,45.00000,35.00000,504
8,409,1.746926e-01,49.00000,30.00000,530
8,410,1.996729e-01,25.00000,36.00000,473
8,411,1.818675e-01,45.00000,35.00000,527
8,412,1.760178e-01,49.00000,30.00000,543
8,413,1.780526e-01,47.00000,35.00000,517
8,414,1.795466e-01,44.00000,35.00000,517
8,415,1.819469e-01,41.00000,35.00000,525
8,416,1.856724e-01,37.00000,35.00000,499
8,417,1.815443e-01,40.00000,35.00000,508
8,418,1.786174e-01,51.00000,35.00000,524
8,419,1.796586e-01,44.00000,35.00000,504
8,420,1.708015e-01,58.00000,30.00000,542
8,421,1.753215e-01,49.00000,30.00000,515
8,422,1.918786e-01,25.00000,36.00000,506
8,423,1.748599e-01,50.00000,30.00000,530
8,424,1.743488e-01,49.00000,30.00000,534
8,425,1.717192e-01,52.00000,30.00000,544
8,426,1.743866e-01,51.00000,30.00000,530
8,427,1.702898e-01,54.00000,30.00000,551
8,428,1.719482e-01,56.00000,30.00000,537
8,429,1.718779e-01,54.00000,30.00000,549
8,430,1.720598e-01,49.00000,30.00000,547
8,431,1.738768e-01,49.00000,30.00000,532
8,432,1.740284e-01,49.00000,30.00000,547
8,433,1.747200e-01,49.00000,30.00000,521
8,434,1.814403e-01,40.00000,35.00000,531
8,435,1.800540e-01,44.00000,35.00000,516
8,436,1.848304e-01,40.00000,35.00000,504
8,437,1.701642e-01,58.00000,30.00000,540
8,438,1.705616e-01,53.00000,30.00000,558
8,439,1.742034e-01,49.00000,30.00000,524
8,440,1.741104e-01,53.00000,30.00000,540
8,441,1.811785e-01,44.00000,35.00000,504
8,442,1.725854e-01,53.00000,30.00000,534
8,443,1.705050e-01,58.00000,30.00000,539
8,444,1.687773e-01,58.00000,30.00000,545
8,445,1.774628e-01,49.00000,30.00000,536
8,446,1.872334e-01,39.00000,40.00000,496
8,447,1.812544e-01,41.00000,35.00000,521
8,448,1.942738e-01,30.00000,36.00000,475
8,449,1.798114e-01,46.00000,35.00000,535
8,450,1.803000e-01,45.00000,35.00000,514
8,451,1.756679e-01,49.00000,30.00000,526
8,452,1.712372e-01,58.00000,30.00000,540
8,453,1.872859e-01,45.00000,36.00000,508
8,454,1.723983e-01,57.00000,30.00000,545
8,455,1.752015e-01,49.00000,30.00000,525
8,456,1.727351e-01,53.00000,30.00000,533
8,457,1.870367e-01,35.00000,36.00000,505
8,458,1.709842e-01,53.00000,30.00000,536
8,459,1.830177e-01,40.00000,35.00000,505
8,460,1.789321e-01,43.00000,35.00000,513
8,461,1.767308e-01,49.00000,35.00000,528
8,462,1.796868e-01,42.00000,35.00000,507
8,463,1.713510e-01,55.00000,30.00000,546
8,464,1.721451e-01,55.00000,30.00000,536
8,465,1.722110e-01,52.00000,30.00000,550
8,466,1.868145e-01,37.00000,35.00000,514
8,467,1.857569e-01,45.00000,35.00000,497
8,468,1.810130e-01,46.00000,35.00000,510
8,469,1.865968e-01,41.00000,36.00000,491
8,470,1.713386e-01,54.00000,30.00000,536
8,471,1.730653e-01,52.00000,30.00000,534
8,472,1.718591e-01,53.00000,30.00000,530
8,473,1.797017e-01,46.00000,35.00000,511
8,474,1.732304e-01,52.00000,30.00000,519
8,475,1.824523e-01,43.00000,35.00000,512
8,476,1.719133e-01,57.00000,30.00000,545
8,477,1.838084e-01,46.00000,35.00000,511
8,478,1.885859e-01,38.00000,40.00000,484
8,479,1.836303e-01,46.00000,35.00000,511
8,480,1.895626e-01,30.00000,36.00000,486
8,481,1.715845e-01,57.00000,30.00000,552
8,482,1.863487e-01,36.00000,36.00000,503
8,483,1.723847e-01,52.00000,30.00000,539
8,484,1.880504e-01,31.00000,36.00000,505
8,485,1.884010e-01,36.00000,40.00000,499
8,486,1.744347e-01,49.00000,30.00000,537
8,487,1.731005e-01,49.00000,30.00000,539
8,488,1.897540e-01,38.00000,40.00000,484
8,489,1.886177e-01,41.00000,36.00000,517
8,490,1.924226e-01,47.00000,36.00000,522
8,491,1.811066e-01,39.00000,35.00000,534
8,492,1.877719e-01,39.00000,36.00000,509
8,493,1.832514e-01,43.00000,35.00000,509
8,494,1.768450e-01,51.00000,30.00000,528
8,495,1.872060e-01,41.00000,40.00000,501
8,496,1.844292e-01,42.00000,35.00000,495
8,497,1.832648e-01,49.00000,35.00000,515
8,498,1.727563e-01,55.00000,30.00000,541
8,499,1.741197e-01,49.00000,30.00000,528
8,500,1.825780e-01,38.00000,35.00000,529
8,501,1.813994e-01,45.00000,35.00000,513
8,502,1.817120e-01,47.00000,35.00000,506
8,503,1.972149e-01,35.00000,36.00000,468
8,504,1.974494e-01,30.00000,36.00000,475
8,505,1.808862e-01,47.00000,35.00000,518
8,506,1.708437e-01,57.00000,30.00000,556
8,507,1.729337e-01,52.00000,30.00000,555
8,508,1.771147e-01,50.00000,35.00000,529
8,509,1.800972e-01,44.00000,35.00000,505
8,510,1.707441e-01,55.00000,30.00000,537
8,511,1.779079e-01,52.00000,35.00000,537
8,512,1.749161e-01,49.00000,30.00000,527
8,513,1.867726e-01,30.00000,36.00000,500
8,514,1.764838e-01,49.00000,35.00000,529
8,515,1.722949e-01,55.00000,30.00000,537
8,516,1.749586e-01,53.00000,30.00000,529
8,517,1.992975e-01,25.00000,36.00000,485
8,518,1.804618e-01,44.00000,35.00000,513
8,519,1.953220e-01,35.00000,36.00000,472
8,520,1.733204e-01,49.00000,30.00000,543
8,521,1.784017e-01,48.00000,35.00000,522
8,522,1.723368e-01,55.00000,30.00000,537
8,523,1.739578e-01,49.00000,30.00000,537
8,524,1.868318e-01,34.00000,36.00000,507
8,525,1.733125e-01,55.00000,30.00000,544
8,526,1.711124e-01,54.00000,30.00000,540
8,527,1.791311e-01,50.00000,35.00000,529
8,528,1.716765e-01,53.00000,30.00000,537
8,529,1.794363e-01,50.00000,35.00000,528
8,530,1.991243e-01,25.00000,36.00000,469
8,531,1.825695e-01,42.00000,35.00000,505
8,532,1.661585e-01,59.00000,30.00000,554
8,533,1.827003e-01,45.00000,35.00000,514
8,534,1.804635e-01,48.00000,35.00000,516
8,535,1.754395e-01,52.00000,30.00000,522
8,536,1.882837e-01,36.00000,36.00000,491
8,537,1.752259e-01,49.00000,30.00000,528
8,538,1.826096e-01,51.00000,35.00000,524
8,539,1.948219e-01,37.00000,36.00000,475
8,540,1.799450e-01,48.00000,35.00000,518
8,541,1.765672e-01,52.00000,35.00000,538
8,542,1.826684e-01,49.00000,35.00000,519
8,543,1.738517e-01,53.00000,30.00000,528
8,544,1.775037e-01,48.00000,35.00000,518
8,545,1.760609e-01,49.00000,30.00000,526
8,546,1.708237e-01,57.00000,30.00000,546
8,547,1.726737e-01,53.00000,30.00000,537
8,548,1.753353e-01,53.00000,30.00000,527
8,549,1.776850e-01,48.00000,35.00000,533
8,550,1.855955e-01,42.00000,35.00000,498
8,551,1.793301e-01,47.00000,35.00000,516
8,552,1.935072e-01,30.00000,36.00000,488
8,553,1.797160e-01,40.00000,35.00000,514
8,554,1.893637e-01,36.00000,40.00000,493
8,555,1.728835e-01,58.00000,30.00000,546
8,556,1.895924e-01,40.00000,36.00000,483
8,557,1.725044e-01,50.00000,30.00000,538
8,558,1.721468e-01,57.00000,30.00000,547
8,559,1.691966e-01,51.00000,30.00000,560
8,560,2.003436e-01,31.00000,36.00000,450
8,561,1.892466e-01,39.00000,36.00000,491
8,562,1.897859e-01,36.00000,36.00000,477
8,563,1.949999e-01,30.00000,36.00000,497
8,564,1.772918e-01,50.00000,35.00000,527
8,565,1.881225e-01,41.00000,40.00000,501
8,566,1.741694e-01,53.00000,30.00000,546
8,567,1.815412e-01,45.00000,35.00000,494
8,568,1.758491e-01,49.00000,30.00000,523
8,569,1.889571e-01,40.00000,36.00000,501
8,570,1.728735e-01,54.00000,30.00000,543
8,571,1.714569e-01,54.00000,30.00000,528
8,572,1.747785e-01,49.00000,30.00000,542
8,573,1.716680e-01,54.00000,30.00000,542
8,574,1.859985e-01,38.00000,35.00000,498
8,575,1.872317e-01,36.00000,35.00000,508
8,576,1.865337e-01,37.00000,36.00000,507
8,577,1.851523e-01,35.00000,36.00000,510
8,578,1.744973e-01,52.00000,30.00000,520
8,579,1.760456e-01,54.00000,30.00000,526
8,580,1.840602e-01,43.00000,35.00000,515
8,581,1.840940e-01,44.00000,35.00000,510
8,582,1.679758e-01,57.00000,30.00000,545
8,583,1.858774e-01,49.00000,36.00000,526
8,584,1.846624e-01,42.00000,35.00000,496
8,585,1.689391e-01,58.00000,30.00000,540
8,586,1.755494e-01,49.00000,30.00000,515
8,587,1.780723e-01,48.00000,35.00000,518
8,588,1.760690e-01,49.00000,30.00000,523
8,589,1.743205e-01,52.00000,30.00000,531
8,590,2.039365e-01,25.00000,36.00000,442
8,591,1.714843e-01,58.00000,30.00000,545
8,592,1.835773e-01,42.00000,35.00000,507
8,593,1.840494e-01,41.00000,35.00000,490
8,594,1.894992e-01,37.00000,40.00000,486
8,595,1.731706e-01,54.00000,30.00000,530
8,596,1.792212e-01,41.00000,35.00000,546
8,597,1.758040e-01,49.00000,30.00000,528
8,598,1.949503e-01,41.00000,36.00000,508
8,599,1.708674e-01,53.00000,30.00000,534
8,600,1.702758e-01,56.00000,30.00000,562
8,601,1.803309e-01,47.00000,35.00000,511
8,602,1.952155e-01,37.00000,36.00000,474
8,603,1.751583e-01,49.00000,30.00000,540
8,604,1.810978e-01,37.00000,35.00000,522
8,605,1.739074e-01,49.00000,30.00000,544
8,606,1.812585e-01,48.00000,35.00000,516
8,607,1.715073e-01,54.00000,30.00000,541
8,608,1.780365e-01,46.00000,35.00000,526
8,609,1.930469e-01,31.00000,36.00000,484
8,610,1.822638e-01,46.00000,35.00000,512
8,611,1.809231e-01,45.00000,35.00000,529
8,612,1.814580e-01,45.00000,35.00000,529
8,613,1.718171e-01,54.00000,30.00000,538
8,614,1.879024e-01,43.00000,36.00000,506
8,615,1.841884e-01,40.00000,35.00000,504
8,616,1.847540e-01,40.00000,35.00000,494
8,617,1.817517e-01,43.00000,35.00000,494
8,618,1.783402e-01,48.00000,35.00000,518
8,619,1.778609e-01,49.00000,35.00000,524
8,620,1.767890e-01,50.00000,30.00000,512
8,621,1.781511e-01,46.00000,35.00000,534
8,622,1.790850e-01,44.00000,35.00000,518
8,623,1.941870e-01,31.00000,36.00000,499
8,624,1.843768e-01,45.00000,35.00000,508
8,625,1.701573e-01,54.00000,30.00000,551
8,626,1.945600e-01,42.00000,36.00000,494
8,627,1.790123e-01,49.00000,35.00000,519
8,628,1.815502e-01,43.00000,35.00000,494
8,629,1.699844e-01,54.00000,30.00000,564
8,630,2.003113e-01,25.00000,36.00000,506
8,631,1.828940e-01,46.00000,35.00000,516
8,632,1.808836e-01,48.00000,35.00000,522
8,633,1.836224e-01,36.00000,35.00000,505
8,634,1.711161e-01,54.00000,30.00000,532
8,635,1.823241e-01,39.00000,35.00000,512
8,636,1.835001e-01,38.00000,35.00000,505
8,637,1.755057e-01,55.00000,30.00000,537
8,638,1.861670e-01,41.00000,40.00000,502
8,639,1.742193e-01,49.00000,30.00000,546
8,640,1.742600e-01,53.00000,30.00000,533
8,641,1.799994e-01,43.00000,35.00000,522
8,642,1.743186e-01,49.00000,30.00000,531
8,643,1.749081e-01,55.00000,30.00000,537
8,644,1.807655e-01,44.00000,35.00000,512
8,645,1.743687e-01,53.00000,30.00000,527
8,646,1.751468e-01,49.00000,30.00000,511
8,647,1.802749e-01,47.00000,35.00000,519
8,648,1.749637e-01,49.00000,30.00000,535
8,649,1.837714e-01,41.00000,35.00000,501
8,650,1.714872e-01,57.00000,30.00000,548
8,651,1.909702e-01,37.00000,36.00000,485
8,652,1.709159e-01,57.00000,30.00000,545
8,653,1.795644e-01,46.00000,35.00000,518
8,654,1.804297e-01,42.00000,40.00000,522
8,655,1.886347e-01,44.00000,35.00000,503
8,656,1.718469e-01,57.00000,30.00000,545
8,657,1.711938e-01,56.00000,30.00000,544
8,658,1.858553e-01,37.00000,35.00000,497
8,659,1.699972e-01,58.00000,30.00000,540
8,660,1.720367e-01,54.00000,30.00000,537
8,661,1.746974e-01,49.00000,30.00000,512
8,662,1.769430e-01,48.00000,35.00000,520
8,663,1.733424e-01,54.00000,30.00000,534
8,664,1.804751e-01,48.00000,35.00000,523
8,665,1.737933e-01,49.00000,30.00000,555
8,666,1.817968e-01,42.00000,35.00000,505
8,667,1.703126e-01,55.00000,30.00000,556
8,668,1.884923e-01,38.00000,36.00000,477
8,669,1.796660e-01,48.00000,35.00000,516
8,670,1.852403e-01,40.00000,36.00000,490
8,671,1.808422e-01,44.00000,35.00000,510
8,672,1.881145e-01,31.00000,36.00000,498
8,673,1.839183e-01,43.00000,35.00000,490
8,674,1.816826e-01,46.00000,35.00000,511
8,675,1.930089e-01,41.00000,36.00000,497
8,676,1.704853e-01,53.00000,30.00000,542
8,677,1.740390e-01,53.00000,30.00000,538
8,678,1.804252e-01,49.00000,35.00000,517
8,679,1.879216e-01,40.00000,36.00000,488
8,680,1.913609e-01,41.00000,36.00000,497
8,681,1.814996e-01,40.00000,35.00000,510
8,682,1.882086e-01,37.00000,40.00000,492
8,683,1.795670e-01,52.00000,35.00000,545
8,684,1.800122e-01,45.00000,35.00000,516
8,685,1.776538e-01,45.00000,35.00000,538
8,686,1.820843e-01,42.00000,35.00000,502
8,687,1.739107e-01,52.00000,30.00000,517
8,688,1.728397e-01,57.00000,30.00000,545
8,689,1.807350e-01,43.00000,35.00000,527
8,690,1.753222e-01,50.00000,30.00000,510
8,691,1.780942e-01,48.00000,35.00000,525
8,692,1.930701e-01,35.00000,36.00000,467
8,693,1.917963e-01,38.00000,36.00000,502
8,694,1.719641e-01,54.00000,30.00000,528
8,695,1.870853e-01,37.00000,36.00000,488
8,696,1.712869e-01,53.00000,30.00000,542
8,697,1.990718e-01,25.00000,36.00000,457
8,698,1.889128e-01,39.00000,36.00000,485
8,699,1.725345e-01,49.00000,30.00000,538
8,700,1.811291e-01,43.00000,35.00000,519
8,701,1.716750e-01,56.00000,30.00000,535
8,702,1.821663e-01,43.00000,35.00000,517
8,703,1.813675e-01,45.00000,35.00000,504
8,704,1.727374e-01,53.00000,30.00000,529
8,705,1.854123e-01,39.00000,35.00000,514
8,706,1.842172e-01,43.00000,35.00000,494
8,707,1.759147e-01,54.00000,30.00000,537
8,708,1.856005e-01,43.00000,36.00000,514
8,709,1.990968e-01,25.00000,36.00000,465
8,710,1.733406e-01,53.00000,30.00000,528
8,711,1.703433e-01,57.00000,30.00000,546
8,712,1.708755e-01,53.00000,30.00000,566
8,713,1.808728e-01,48.00000,35.00000,517
8,714,1.826304e-01,41.00000,35.00000,506
8,715,1.750319e-01,52.00000,30.00000,517
8,716,1.769641e-01,49.00000,35.00000,517
8,717,1.700761e-01,55.00000,30.00000,555
8,718,1.850338e-01,44.00000,35.00000,503
8,719,1.820926e-01,43.00000,35.00000,495
8,720,1.832224e-01,42.00000,35.00000,506
8,721,1.800959e-01,48.00000,35.00000,517
8,722,1.858344e-01,41.00000,36.00000,502
8,723,1.814371e-01,46.00000,35.00000,511
8,724,1.703442e-01,53.00000,30.00000,542
8,725,1.844421e-01,39.00000,36.00000,515
8,726,1.795045e-01,45.00000,35.00000,513
8,727,1.717452e-01,59.00000,30.00000,554
8,728,1.766852e-01,50.00000,30.00000,512
8,729,1.724384e-01,52.00000,30.00000,539
8,730,1.798242e-01,45.00000,35.00000,498
8,731,1.726508e-01,55.00000,30.00000,537
8,732,1.892748e-01,37.00000,36.00000,496
8,733,1.776681e-01,44.00000,35.00000,534
8,734,1.836884e-01,45.00000,35.00000,503
8,735,1.709751e-01,55.00000,30.00000,552
8,736,1.714585e-01,57.00000,30.00000,545
8,737,1.714892e-01,53.00000,30.00000,550
8,738,1.740188e-01,54.00000,30.00000,526
8,739,1.726632e-01,51.00000,30.00000,525
8,740,1.802375e-01,44.00000,35.00000,517
8,741,1.966290e-01,25.00000,36.00000,485
8,742,1.758378e-01,49.00000,30.00000,522
8,743,1.724135e-01,55.00000,30.00000,547
8,744,1.719284e-01,53.00000,30.00000,543
8,745,1.744497e-01,49.00000,30.00000,534
8,746,1.706102e-01,54.00000,30.00000,534
8,747,1.707348e-01,52.00000,30.00000,529
8,748,1.869279e-01,45.00000,36.00000,508
8,749,1.688792e-01,55.00000,30.00000,564
8,750,1.940879e-01,30.00000,36.00000,458
8,751,1.839305e-01,43.00000,36.00000,507
8,752,1.858339e-01,45.00000,36.00000,518
8,753,1.874603e-01,37.00000,36.00000,497
8,754,1.789395e-01,51.00000,35.00000,550
8,755,1.821994e-01,43.00000,35.00000,492
8,756,1.923084e-01,36.00000,36.00000,500
8,757,1.747850e-01,49.00000,30.00000,532
8,758,1.720690e-01,52.00000,30.00000,529
8,759,1.791945e-01,47.00000,35.00000,510
8,760,1.765008e-01,51.00000,35.00000,525
8,761,1.794475e-01,50.00000,35.00000,529
8,762,1.890594e-01,39.00000,40.00000,494
8,763,1.726791e-01,49.00000,30.00000,570
8,764,1.714096e-01,53.00000,30.00000,529
8,765,1.778026e-01,49.00000,35.00000,530
8,766,1.843338e-01,41.00000,36.00000,528
8,767,1.882864e-01,43.00000,36.00000,506
8,768,1.710972e-01,55.00000,30.00000,538
8,769,1.725076e-01,52.00000,30.00000,529
8,770,1.910732e-01,37.00000,36.00000,477
8,771,1.807414e-01,41.00000,35.00000,505
8,772,1.813969e-01,44.00000,35.00000,510
8,773,1.816871e-01,48.00000,35.00000,517
8,774,1.866433e-01,38.00000,35.00000,490
8,775,1.744935e-01,53.00000,30.00000,541
8,776,1.737876e-01,49.00000,30.00000,569
8,777,1.746415e-01,49.00000,30.00000,528
8,778,1.726010e-01,53.00000,30.00000,535
8,779,1.740095e-01,54.00000,30.00000,535
8,780,1.744343e-01,49.00000,30.00000,529
8,781,1.844261e-01,46.00000,36.00000,513
8,782,1.793218e-01,45.00000,35.00000,508
8,783,1.866678e-01,38.00000,35.00000,486
8,784,1.699069e-01,53.00000,30.00000,553
8,785,1.910224e-01,35.00000,36.00000,466
8,786,1.802728e-01,43.00000,35.00000,518
8,787,1.698992e-01,57.00000,30.00000,555
8,788,1.786191e-01,45.00000,35.00000,508
8,789,1.828196e-01,47.00000,35.00000,510
8,790,1.707266e-01,57.00000,30.00000,553
8,791,1.912492e-01,31.00000,36.00000,475
8,792,1.896448e-01,35.00000,36.00000,495
8,793,1.833335e-01,45.00000,35.00000,505
8,794,1.716692e-01,49.00000,30.00000,546
8,795,1.933075e-01,31.00000,36.00000,472
8,796,1.808504e-01,45.00000,35.00000,507
8,797,1.916322e-01,31.00000,36.00000,515
8,798,1.720243e-01,58.00000,30.00000,540
8,799,1.918903e-01,46.00000,36.00000,506
8,800,1.730590e-01,57.00000,30.00000,552
8,801,1.812292e-01,42.00000,35.00000,507
8,802,1.887096e-01,41.00000,36.00000,503
8,803,1.691194e-01,52.00000,30.00000,552
8,804,1.800048e-01,46.00000,35.00000,518
8,805,1.746711e-01,49.00000,30.00000,522
8,806,1.729635e-01,49.00000,30.00000,546
8,807,1.863234e-01,37.00000,36.00000,494
8,808,1.782768e-01,48.00000,35.00000,524
8,809,1.815156e-01,44.00000,35.00000,522
8,810,1.696975e-01,53.00000,30.00000,559
8,811,1.809101e-01,44.00000,35.00000,515
8,812,1.701457e-01,57.00000,30.00000,545
8,813,1.684938e-01,57.00000,30.00000,553
8,814,1.827066e-01,47.00000,35.00000,510
8,815,1.724064e-01,54.00000,30.00000,540
8,816,1.832524e-01,39.00000,35.00000,512
8,817,1.796373e-01,41.00000,35.00000,514
8,818,1.747239e-01,53.00000,30.00000,527
8,819,1.805684e-01,45.00000,35.00000,511
8,820,1.731604e-01,53.00000,30.00000,543
8,821,1.892560e-01,31.00000,36.00000,507
8,822,1.903904e-01,31.00000,36.00000,499
8,823,1.750038e-01,49.00000,30.00000,530
8,824,1.699361e-01,57.00000,30.00000,544
8,825,1.940602e-01,31.00000,36.00000,484
8,826,1.721318e-01,57.00000,30.00000,545
8,827,1.797816e-01,47.00000,35.00000,511
8,828,1.711525e-01,52.00000,30.00000,532
8,829,1.718255e-01,54.00000,30.00000,539
8,830,1.877041e-01,43.00000,36.00000,499
8,831,1.960200e-01,43.00000,36.00000,498
8,832,1.751156e-01,57.00000,30.00000,544
8,833,1.794066e-01,48.00000,35.00000,515
9,0,1.710161e-01,55.00000,30.00000,572
9,1,1.796954e-01,52.00000,30.00000,516
9,2,1.875323e-01,30.00000,36.00000,521
9,3,1.787066e-01,30.00000,36.00000,512
9,4,1.786433e-01,43.00000,36.00000,532
9,5,1.862738e-01,55.00000,30.00000,532
9,6,1.779243e-01,42.00000,35.00000,506
9,7,1.865629e-01,58.00000,30.00000,538
9,8,1.784409e-01,52.00000,30.00000,544
9,9,1.734770e-01,44.00000,35.00000,541
9,10,1.840183e-01,55.00000,30.00000,532
9,11,1.801136e-01,52.00000,30.00000,519
9,12,1.828153e-01,43.00000,35.00000,487
9,13,1.823664e-01,44.00000,35.00000,515
9,14,1.826577e-01,35.00000,36.00000,502
9,15,1.872517e-01,41.00000,35.00000,479
9,16,1.769809e-01,55.00000,30.00000,533
9,17,1.761967e-01,49.00000,36.00000,522
9,18,1.871186e-01,36.00000,36.00000,488
9,19,1.793733e-01,46.00000,35.00000,514
9,20,1.800973e-01,41.00000,35.00000,511
9,21,1.778758e-01,54.00000,30.00000,527
9,22,1.825217e-01,49.00000,35.00000,518
9,23,1.741937e-01,43.00000,36.00000,534
9,24,1.726222e-01,53.00000,30.00000,531
9,25,1.872161e-01,43.00000,36.00000,503
9,26,1.729314e-01,54.00000,30.00000,533
9,27,1.884644e-01,56.00000,30.00000,534
9,28,1.800636e-01,31.00000,36.00000,526
9,29,1.730228e-01,49.00000,30.00000,523
9,30,1.852673e-01,39.00000,40.00000,498
9,31,1.761997e-01,48.00000,35.00000,513
9,32,1.832945e-01,46.00000,35.00000,508
9,33,1.729710e-01,49.00000,30.00000,530
9,34,1.731762e-01,49.00000,30.00000,545
9,35,1.778712e-01,48.00000,35.00000,514
9,36,1.712013e-01,55.00000,30.00000,533
9,37,1.733676e-01,58.00000,30.00000,536
9,38,1.719233e-01,54.00000,30.00000,533
9,39,1.701006e-01,53.00000,30.00000,528
9,40,1.685271e-01,58.00000,30.00000,551
9,41,1.799752e-01,50.00000,35.00000,525
9,42,1.677137e-01,58.00000,30.00000,544
9,43,1.891590e-01,39.00000,36.00000,497
9,44,1.890419e-01,40.00000,36.00000,504
9,45,1.867834e-01,45.00000,36.00000,505
9,46,1.811217e-01,39.00000,35.00000,510
9,47,1.726750e-01,49.00000,30.00000,540
9,48,1.813682e-01,46.00000,35.00000,509
9,49,1.678460e-01,54.00000,30.00000,548
9,50,1.733107e-01,49.00000,30.00000,546
9,51,1.977916e-01,30.00000,36.00000,438
9,52,1.707457e-01,54.00000,30.00000,537
9,53,1.714548e-01,49.00000,30.00000,546
9,54,1.850227e-01,40.00000,35.00000,481
9,55,1.822527e-01,40.00000,35.00000,526
9,56,1.879045e-01,35.00000,36.00000,495
9,57,1.732843e-01,49.00000,30.00000,532
9,58,1.721031e-01,52.00000,30.00000,534
9,59,1.783605e-01,47.00000,35.00000,508
9,60,1.842004e-01,42.00000,35.00000,491
9,61,1.797332e-01,45.00000,35.00000,504
9,62,1.809663e-01,44.00000,35.00000,512
9,63,1.824624e-01,49.00000,35.00000,514
9,64,1.840949e-01,42.00000,40.00000,496
9,65,1.881846e-01,37.00000,36.00000,482
9,66,1.708034e-01,49.00000,30.00000,550
9,67,1.723917e-01,57.00000,30.00000,543
9,68,1.688422e-01,55.00000,30.00000,544
9,69,1.785060e-01,43.00000,35.00000,532
9,70,1.895379e-01,37.00000,36.00000,482
9,71,1.727332e-01,49.00000,30.00000,533
9,72,1.712764e-01,56.00000,30.00000,530
9,73,1.762225e-01,49.00000,30.00000,509
9,74,1.722485e-01,55.00000,30.00000,542
9,75,1.793074e-01,43.00000,35.00000,521
9,76,1.737002e-01,49.00000,30.00000,523
9,77,1.823622e-01,44.00000,35.00000,501
9,78,1.736826e-01,49.00000,30.00000,540
9,79,1.726667e-01,49.00000,30.00000,542
9,80,1.698661e-01,56.00000,30.00000,551
9,81,1.724019e-01,55.00000,30.00000,539
9,82,1.730217e-01,53.00000,30.00000,534
9,83,1.795786e-01,46.00000,35.00000,515
9,84,1.839527e-01,43.00000,36.00000,505
9,85,1.849273e-01,43.00000,35.00000,496
9,86,1.918133e-01,35.00000,36.00000,503
9,87,1.841014e-01,41.00000,36.00000,505
9,88,1.719060e-01,52.00000,30.00000,539
9,89,1.720545e-01,51.00000,30.00000,535
9,90,1.805515e-01,46.00000,35.00000,515
9,91,1.830566e-01,47.00000,36.00000,523
9,92,1.910107e-01,35.00000,36.00000,477
9,93,1.915268e-01,31.00000,36.00000,480
9,94,1.917525e-01,36.00000,36.00000,485
9,95,1.775033e-01,49.00000,35.00000,515
9,96,1.732226e-01,54.00000,30.00000,528
9,97,1.821616e-01,40.00000,35.00000,494
9,98,1.770787e-01,48.00000,35.00000,522
9,99,1.710823e-01,54.00000,30.00000,543
9,100,1.824920e-01,44.00000,35.00000,510
9,101,1.748105e-01,49.00000,30.00000,548
9,102,1.743610e-01,53.00000,30.00000,536
9,103,1.795649e-01,43.00000,35.00000,510
9,104,1.709986e-01,53.00000,30.00000,539
9,105,1.747233e-01,53.00000,30.00000,526
9,106,1.971549e-01,31.00000,36.00000,453
9,107,1.693594e-01,59.00000,30.00000,572
9,108,1.734741e-01,49.00000,30.00000,546
9,109,1.736315e-01,49.00000,30.00000,540
9,110,1.712265e-01,53.00000,30.00000,538
9,111,1.729858e-01,50.00000,30.00000,534
9,112,1.711890e-01,57.00000,30.00000,543
9,113,1.773218e-01,49.00000,30.00000,511
9,114,1.748068e-01,49.00000,30.00000,522
9,115,1.721209e-01,53.00000,30.00000,528
9,116,1.881124e-01,40.00000,36.00000,492
9,117,1.784671e-01,48.00000,35.00000,516
9,118,1.846528e-01,43.00000,36.00000,499
9,119,1.674060e-01,58.00000,30.00000,550
9,120,1.810370e-01,42.00000,36.00000,524
9,121,1.785764e-01,49.00000,35.00000,527
9,122,1.923379e-01,35.00000,36.00000,494
9,123,1.801680e-01,37.00000,36.00000,510
9,124,1.718762e-01,53.00000,30.00000,531
9,125,1.986107e-01,26.00000,36.00000,470
9,126,1.754876e-01,53.00000,30.00000,526
9,127,1.810236e-01,42.00000,35.00000,515
9,128,1.735415e-01,54.00000,30.00000,528
9,129,1.908088e-01,30.00000,40.00000,485
9,130,1.925592e-01,38.00000,36.00000,471
9,131,1.795097e-01,46.00000,35.00000,509
9,132,1.739663e-01,54.00000,30.00000,547
9,133,1.786813e-01,48.00000,35.00000,515
9,134,1.880189e-01,40.00000,35.00000,482
9,135,1.709555e-01,54.00000,30.00000,526
9,136,1.774942e-01,48.00000,35.00000,515
9,137,1.708917e-01,52.00000,30.00000,544
9,138,1.711777e-01,55.00000,30.00000,543
9,139,1.812075e-01,49.00000,35.00000,521
9,140,1.844337e-01,39.00000,36.00000,507
9,141,1.697435e-01,53.00000,30.00000,546
9,142,1.800513e-01,42.00000,35.00000,502
9,143,1.828243e-01,39.00000,35.00000,497
9,144,1.802580e-01,45.00000,35.00000,511
9,145,1.897921e-01,35.00000,36.00000,466
9,146,1.827091e-01,46.00000,35.00000,514
9,147,1.916781e-01,30.00000,36.00000,486
9,148,1.827668e-01,41.00000,35.00000,503
9,149,1.806203e-01,43.00000,35.00000,493
9,150,1.801030e-01,46.00000,35.00000,510
9,151,1.866188e-01,39.00000,35.00000,506
9,152,1.804703e-01,40.00000,36.00000,514
9,153,1.871454e-01,40.00000,40.00000,488
9,154,1.712022e-01,55.00000,30.00000,538
9,155,1.709120e-01,55.00000,30.00000,536
9,156,1.815464e-01,48.00000,35.00000,515
9,157,1.817198e-01,37.00000,35.00000,506
9,158,1.836650e-01,45.00000,36.00000,509
9,159,1.833741e-01,44.00000,36.00000,502
9,160,1.768864e-01,47.00000,35.00000,521
9,161,1.682582e-01,58.00000,30.00000,559
9,162,1.897240e-01,42.00000,36.00000,507
9,163,1.920715e-01,36.00000,36.00000,468
9,164,1.730172e-01,53.00000,30.00000,527
9,165,1.826545e-01,37.00000,35.00000,514
9,166,1.862861e-01,35.00000,36.00000,504
9,167,1.816607e-01,48.00000,35.00000,515
9,168,1.763465e-01,50.00000,30.00000,530
9,169,1.708274e-01,53.00000,30.00000,533
9,170,1.719497e-01,49.00000,30.00000,528
9,171,1.685589e-01,61.00000,30.00000,563
9,172,1.810150e-01,47.00000,35.00000,513
9,173,1.786005e-01,48.00000,35.00000,516
9,174,1.726686e-01,59.00000,30.00000,553
9,175,1.719100e-01,42.00000,36.00000,544
9,176,1.815368e-01,55.00000,30.00000,536
9,177,1.693676e-01,56.00000,30.00000,542
9,178,1.704964e-01,56.00000,30.00000,532
9,179,1.924749e-01,31.00000,36.00000,474
9,180,1.775665e-01,49.00000,35.00000,515
9,181,1.923530e-01,40.00000,36.00000,479
9,182,1.886315e-01,37.00000,36.00000,474
9,183,1.715381e-01,51.00000,30.00000,527
9,184,1.765740e-01,45.00000,35.00000,527
9,185,1.715218e-01,56.00000,30.00000,531
9,186,1.729204e-01,53.00000,30.00000,527
9,187,1.728665e-01,56.00000,30.00000,532
9,188,1.820839e-01,42.00000,36.00000,492
9,189,1.702397e-01,57.00000,30.00000,554
9,190,1.805776e-01,47.00000,35.00000,518
9,191,1.703598e-01,52.00000,30.00000,541
9,192,1.762342e-01,47.00000,35.00000,509
9,193,1.795235e-01,43.00000,35.00000,510
9,194,1.827233e-01,50.00000,35.00000,528
9,195,1.830493e-01,40.00000,35.00000,484
9,196,1.738129e-01,49.00000,30.00000,523
9,197,1.871089e-01,37.00000,36.00000,486
9,198,1.799517e-01,44.00000,35.00000,511
9,199,1.687552e-01,56.00000,30.00000,537
9,200,1.728596e-01,53.00000,30.00000,532
9,201,1.969351e-01,31.00000,36.00000,449
9,202,1.705287e-01,53.00000,30.00000,529
9,203,1.719470e-01,55.00000,30.00000,537
9,204,1.766219e-01,47.00000,35.00000,525
9,205,1.965421e-01,30.00000,36.00000,470
9,206,1.916181e-01,35.00000,36.00000,510
9,207,1.717342e-01,53.00000,30.00000,538
9,208,1.705150e-01,55.00000,30.00000,546
9,209,1.883450e-01,34.00000,40.00000,487
9,210,1.693529e-01,57.00000,30.00000,562
9,211,1.829116e-01,42.00000,35.00000,506
9,212,1.689497e-01,55.00000,30.00000,546
9,213,1.801549e-01,45.00000,36.00000,508
9,214,1.936073e-01,31.00000,36.00000,489
9,215,1.795358e-01,44.00000,35.00000,525
9,216,1.894971e-01,31.00000,36.00000,504
9,217,1.926174e-01,30.00000,36.00000,488
9,218,1.738432e-01,54.00000,30.00000,538
9,219,1.917783e-01,34.00000,36.00000,460
9,220,1.702249e-01,55.00000,30.00000,548
9,221,1.796221e-01,46.00000,35.00000,512
9,222,1.716943e-01,55.00000,30.00000,536
9,223,1.711309e-01,60.00000,30.00000,558
9,224,1.785571e-01,45.00000,35.00000,519
9,225,1.712418e-01,52.00000,30.00000,534
9,226,1.737522e-01,53.00000,30.00000,527
9,227,1.926246e-01,43.00000,36.00000,499
9,228,1.825125e-01,43.00000,35.00000,522
9,229,1.863510e-01,42.00000,36.00000,488
9,230,1.705992e-01,57.00000,30.00000,545
9,231,1.721758e-01,54.00000,30.00000,530
9,232,1.711311e-01,52.00000,30.00000,548
9,233,1.808845e-01,48.00000,35.00000,516
9,234,1.909324e-01,38.00000,40.00000,482
9,235,1.675338e-01,59.00000,30.00000,562
9,236,1.965477e-01,31.00000,36.00000,484
9,237,1.841596e-01,40.00000,40.00000,492
9,238,1.867465e-01,40.00000,36.00000,486
9,239,1.769745e-01,34.00000,36.00000,541
9,240,1.826116e-01,54.00000,30.00000,531
9,241,1.823495e-01,44.00000,35.00000,508
9,242,1.801571e-01,47.00000,35.00000,511
9,243,1.916455e-01,37.00000,36.00000,502
9,244,1.810625e-01,48.00000,35.00000,522
9,245,1.739026e-01,55.00000,30.00000,541
9,246,1.734920e-01,49.00000,30.00000,524
9,247,1.701880e-01,58.00000,30.00000,542
9,248,1.738990e-01,51.00000,30.00000,531
9,249,1.831743e-01,37.00000,36.00000,514
9,250,1.744157e-01,49.00000,30.00000,523
9,251,1.785722e-01,48.00000,35.00000,521
9,252,1.849820e-01,42.00000,35.00000,499
9,253,1.904422e-01,37.00000,36.00000,521
9,254,1.797895e-01,40.00000,35.00000,515
9,255,1.701222e-01,59.00000,30.00000,554
9,256,1.905724e-01,37.00000,36.00000,475
9,257,1.729307e-01,49.00000,30.00000,524
9,258,1.786363e-01,45.00000,35.00000,515
9,259,1.801272e-01,42.00000,35.00000,513
9,260,1.755842e-01,52.00000,30.00000,520
9,261,1.790209e-01,48.00000,35.00000,522
9,262,1.726639e-01,53.00000,30.00000,532
9,263,1.721588e-01,49.00000,30.00000,534
9,264,1.851379e-01,41.00000,36.00000,512
9,265,1.838143e-01,40.00000,36.00000,502
9,266,1.800613e-01,44.00000,35.00000,504
9,267,1.698685e-01,49.00000,30.00000,557
9,268,1.789843e-01,46.00000,35.00000,519
9,269,1.866220e-01,39.00000,36.00000,486
9,270,1.833139e-01,41.00000,35.00000,509
9,271,1.707253e-01,49.00000,30.00000,550
9,272,1.817044e-01,45.00000,35.00000,504
9,273,1.768405e-01,47.00000,35.00000,514
9,274,1.726255e-01,53.00000,30.00000,533
9,275,1.779370e-01,47.00000,35.00000,513
9,276,1.832124e-01,46.00000,35.00000,512
9,277,1.814899e-01,46.00000,35.00000,511
9,278,1.729084e-01,49.00000,30.00000,528
9,279,1.699437e-01,49.00000,30.00000,546
9,280,1.853810e-01,43.00000,36.00000,508
9,281,1.787210e-01,45.00000,35.00000,507
9,282,1.698224e-01,55.00000,30.00000,554
9,283,1.888805e-01,39.00000,36.00000,486
9,284,1.795736e-01,47.00000,35.00000,513
9,285,1.854766e-01,40.00000,36.00000,504
9,286,1.834216e-01,40.00000,35.00000,492
9,287,1.794944e-01,50.00000,35.00000,529
9,288,1.825353e-01,45.00000,35.00000,501
9,289,1.789774e-01,45.00000,35.00000,534
9,290,1.890958e-01,35.00000,36.00000,494
9,291,1.706562e-01,54.00000,30.00000,546
9,292,1.831189e-01,44.00000,35.00000,506
9,293,1.881824e-01,37.00000,36.00000,495
9,294,1.738101e-01,49.00000,30.00000,528
9,295,1.956944e-01,30.00000,36.00000,464
9,296,1.694403e-01,58.00000,30.00000,541
9,297,1.824725e-01,43.00000,36.00000,512
9,298,1.717528e-01,53.00000,30.00000,538
9,299,1.810884e-01,44.00000,35.00000,502
9,300,1.776039e-01,39.00000,35.00000,518
9,301,1.758778e-01,47.00000,35.00000,532
9,302,1.836609e-01,45.00000,36.00000,511
9,303,1.860942e-01,37.00000,36.00000,502
9,304,1.727005e-01,53.00000,30.00000,527
9,305,1.733614e-01,49.00000,30.00000,542
9,306,1.849280e-01,37.00000,36.00000,495
9,307,1.721300e-01,49.00000,30.00000,542
9,308,1.850958e-01,37.00000,35.00000,513
9,309,1.869061e-01,36.00000,36.00000,517
9,310,1.741996e-01,54.00000,30.00000,535
9,311,1.883598e-01,36.00000,36.00000,495
9,312,1.743365e-01,49.00000,30.00000,526
9,313,1.880758e-01,37.00000,40.00000,484
9,314,1.857698e-01,46.00000,36.00000,505
9,315,1.798569e-01,45.00000,35.00000,507
9,316,1.798022e-01,46.00000,35.00000,524
9,317,1.821714e-01,40.00000,35.00000,506
9,318,1.848412e-01,37.00000,36.00000,537
9,319,1.767757e-01,53.00000,30.00000,527
9,320,1.799811e-01,42.00000,35.00000,509
9,321,1.795024e-01,40.00000,35.00000,525
9,322,1.711529e-01,49.00000,30.00000,554
9,323,1.824221e-01,43.00000,36.00000,507
9,324,1.825417e-01,41.00000,35.00000,507
9,325,1.744308e-01,49.00000,30.00000,517
9,326,1.804614e-01,45.00000,35.00000,510
9,327,1.841099e-01,43.00000,35.00000,498
9,328,1.704490e-01,57.00000,30.00000,545
9,329,1.874648e-01,43.00000,36.00000,506
9,330,1.774722e-01,45.00000,35.00000,526
9,331,1.683151e-01,58.00000,30.00000,549
9,332,1.902892e-01,45.00000,36.00000,512
9,333,1.790884e-01,51.00000,35.00000,524
9,334,1.723181e-01,54.00000,30.00000,529
9,335,1.710168e-01,59.00000,30.00000,554
9,336,1.736915e-01,50.00000,30.00000,524
9,337,1.834643e-01,40.00000,35.00000,496
9,338,1.854919e-01,38.00000,40.00000,499
9,339,1.826751e-01,45.00000,35.00000,515
9,340,1.902395e-01,31.00000,36.00000,509
9,341,1.761367e-01,52.00000,30.00000,517
9,342,1.943833e-01,25.00000,36.00000,481
9,343,1.920542e-01,43.00000,36.00000,500
9,344,1.896252e-01,31.00000,36.00000,507
9,345,1.796517e-01,44.00000,35.00000,507
9,346,1.708333e-01,55.00000,30.00000,543
9,347,1.754326e-01,49.00000,30.00000,535
9,348,1.813250e-01,44.00000,35.00000,513
9,349,1.716383e-01,53.00000,30.00000,546
9,350,1.812737e-01,45.00000,35.00000,501
9,351,1.796087e-01,45.00000,35.00000,502
9,352,1.802420e-01,45.00000,35.00000,518
9,353,1.814597e-01,42.00000,35.00000,531
9,354,1.724236e-01,53.00000,30.00000,532
9,355,1.852816e-01,37.00000,36.00000,500
9,356,1.715920e-01,55.00000,30.00000,556
9,357,1.837458e-01,48.00000,35.00000,516
9,358,1.694404e-01,55.00000,30.00000,552
9,359,1.695274e-01,54.00000,30.00000,552
9,360,1.755908e-01,36.00000,35.00000,522
9,361,1.752563e-01,58.00000,30.00000,543
9,362,2.010921e-01,25.00000,36.00000,455
9,363,1.956259e-01,35.00000,36.00000,466
9,364,1.760647e-01,47.00000,35.00000,516
9,365,1.786420e-01,44.00000,35.00000,519
9,366,1.808003e-01,50.00000,36.00000,524
9,367,1.827172e-01,47.00000,35.00000,513
9,368,1.949624e-01,37.00000,36.00000,474
9,369,1.706043e-01,57.00000,30.00000,545
9,370,1.691956e-01,54.00000,30.00000,537
9,371,1.813824e-01,41.00000,35.00000,503
9,372,1.712621e-01,49.00000,30.00000,527
9,373,1.771384e-01,50.00000,35.00000,529
9,374,1.903189e-01,35.00000,36.00000,499
9,375,1.880163e-01,37.00000,36.00000,512
9,376,1.947788e-01,39.00000,36.00000,482
9,377,1.732788e-01,58.00000,30.00000,546
9,378,1.816411e-01,41.00000,35.00000,507
9,379,1.744195e-01,53.00000,30.00000,529
9,380,1.761098e-01,49.00000,30.00000,513
9,381,1.849975e-01,43.00000,35.00000,501
9,382,1.743005e-01,52.00000,30.00000,526
9,383,1.951163e-01,31.00000,36.00000,472
9,384,1.936392e-01,40.00000,36.00000,482
9,385,1.894267e-01,39.00000,36.00000,491
9,386,1.806226e-01,42.00000,35.00000,509
9,387,1.710184e-01,61.00000,30.00000,565
9,388,1.705362e-01,58.00000,30.00000,544
9,389,1.724804e-01,55.00000,30.00000,537
9,390,1.827689e-01,44.00000,35.00000,511
9,391,1.837084e-01,47.00000,35.00000,506
9,392,1.824288e-01,50.00000,35.00000,529
9,393,1.704747e-01,56.00000,30.00000,546
9,394,1.782505e-01,42.00000,35.00000,514
9,395,1.931171e-01,37.00000,36.00000,475
9,396,1.913620e-01,35.00000,36.00000,473
9,397,1.778086e-01,48.00000,35.00000,516
9,398,1.803050e-01,43.00000,35.00000,507
9,399,1.815568e-01,44.00000,35.00000,505
9,400,1.798732e-01,37.00000,35.00000,514
9,401,1.883918e-01,41.00000,36.00000,509
9,402,1.731545e-01,55.00000,30.00000,544
9,403,1.725894e-01,52.00000,30.00000,550
9,404,1.762927e-01,45.00000,35.00000,535
9,405,1.688803e-01,58.00000,30.00000,553
9,406,1.853920e-01,37.00000,36.00000,493
9,407,1.694808e-01,53.00000,30.00000,554
9,408,1.802854e-01,47.00000,35.00000,515
9,409,1.734898e-01,57.00000,30.00000,545
9,410,1.832968e-01,41.00000,35.00000,515
9,411,1.870296e-01,37.00000,36.00000,521
9,412,1.789499e-01,43.00000,35.00000,514
9,413,1.750152e-01,47.00000,35.00000,538
9,414,1.853123e-01,37.00000,35.00000,509
9,415,1.711657e-01,59.00000,30.00000,554
9,416,1.761395e-01,48.00000,35.00000,522
9,417,1.850267e-01,37.00000,36.00000,517
9,418,1.721912e-01,49.00000,30.00000,524
9,419,1.847885e-01,37.00000,36.00000,504
9,420,1.850827e-01,43.00000,36.00000,500
9,421,1.764599e-01,47.00000,35.00000,506
9,422,1.841050e-01,43.00000,36.00000,523
9,423,1.680743e-01,52.00000,30.00000,550
9,424,1.828231e-01,43.00000,35.00000,495
9,425,1.798793e-01,45.00000,35.00000,516
9,426,1.859102e-01,40.00000,35.00000,509
9,427,1.886444e-01,39.00000,36.00000,487
9,428,1.791624e-01,48.00000,35.00000,517
9,429,1.687841e-01,54.00000,30.00000,535
9,430,1.685001e-01,53.00000,30.00000,541
9,431,1.708948e-01,55.00000,30.00000,546
9,432,1.847504e-01,43.00000,35.00000,491
9,433,1.704771e-01,58.00000,30.00000,551
9,434,1.719755e-01,54.00000,30.00000,526
9,435,1.704959e-01,59.00000,30.00000,554
9,436,1.783147e-01,47.00000,35.00000,507
9,437,1.794987e-01,40.00000,35.00000,518
9,438,1.707571e-01,58.00000,30.00000,547
9,439,1.706817e-01,55.00000,30.00000,551
9,440,1.805646e-01,48.00000,35.00000,517
9,441,1.812881e-01,40.00000,35.00000,493
9,442,1.671650e-01,56.00000,30.00000,535
9,443,1.743352e-01,49.00000,30.00000,520
9,444,1.672046e-01,57.00000,30.00000,545
9,445,1.812699e-01,45.00000,35.00000,496
9,446,1.808779e-01,49.00000,35.00000,517
9,447,1.847226e-01,36.00000,36.00000,485
9,448,1.676987e-01,54.00000,30.00000,547
9,449,1.903445e-01,30.00000,36.00000,490
9,450,1.857340e-01,43.00000,36.00000,500
9,451,1.838754e-01,40.00000,36.00000,491
9,452,1.769408e-01,44.00000,35.00000,522
9,453,1.693592e-01,55.00000,30.00000,548
9,454,1.703419e-01,52.00000,30.00000,530
9,455,1.782256e-01,45.00000,35.00000,542
9,456,1.805750e-01,47.00000,35.00000,517
9,457,1.742491e-01,49.00000,30.00000,527
9,458,1.849974e-01,39.00000,36.00000,513
9,459,1.736740e-01,50.00000,30.00000,519
9,460,1.720152e-01,53.00000,30.00000,528
9,461,1.718912e-01,55.00000,30.00000,538
9,462,1.686164e-01,55.00000,30.00000,537
9,463,1.744850e-01,49.00000,30.00000,512
9,464,1.787385e-01,45.00000,35.00000,538
9,465,1.785150e-01,51.00000,35.00000,524
9,466,1.859032e-01,40.00000,35.00000,487
9,467,1.707573e-01,54.00000,30.00000,561
9,468,1.851570e-01,38.00000,36.00000,487
9,469,1.781976e-01,49.00000,35.00000,523
9,470,1.832536e-01,42.00000,36.00000,497
9,471,1.711064e-01,52.00000,30.00000,534
9,472,1.718861e-01,58.00000,30.00000,546
9,473,1.925868e-01,35.00000,36.00000,472
9,474,1.738458e-01,49.00000,30.00000,528
9,475,1.684207e-01,59.00000,30.00000,562
9,476,1.842703e-01,41.00000,36.00000,512
9,477,1.783181e-01,44.00000,35.00000,505
9,478,1.697365e-01,54.00000,30.00000,543
9,479,1.741831e-01,49.00000,30.00000,533
9,480,1.871423e-01,41.00000,36.00000,491
9,481,1.697342e-01,56.00000,30.00000,539
9,482,1.848507e-01,42.00000,36.00000,490
9,483,1.695861e-01,54.00000,30.00000,545
9,484,1.718815e-01,52.00000,30.00000,537
9,485,1.732987e-01,49.00000,30.00000,522
9,486,1.825429e-01,41.00000,40.00000,507
9,487,1.808517e-01,39.00000,35.00000,512
9,488,1.717022e-01,49.00000,30.00000,537
9,489,1.748389e-01,49.00000,30.00000,512
9,490,1.809077e-01,47.00000,35.00000,506
9,491,1.718865e-01,49.00000,30.00000,527
9,492,1.795588e-01,47.00000,35.00000,513
9,493,1.715633e-01,52.00000,30.00000,522
9,494,1.888244e-01,31.00000,36.00000,480
9,495,1.799853e-01,44.00000,35.00000,511
9,496,1.939507e-01,40.00000,36.00000,479
9,497,1.889563e-01,40.00000,36.00000,482
9,498,1.811816e-01,43.00000,35.00000,508
9,499,1.673331e-01,58.00000,30.00000,542
9,500,1.792064e-01,43.00000,35.00000,514
9,501,1.811524e-01,49.00000,35.00000,516
9,502,1.891284e-01,36.00000,36.00000,478
9,503,1.707034e-01,50.00000,30.00000,550
9,504,1.719556e-01,54.00000,30.00000,531
9,505,1.671517e-01,57.00000,30.00000,550
9,506,1.847299e-01,35.00000,36.00000,505
9,507,1.725160e-01,49.00000,30.00000,541
9,508,2.004060e-01,30.00000,36.00000,435
9,509,1.678226e-01,57.00000,30.00000,545
9,510,1.707856e-01,55.00000,30.00000,537
9,511,1.689415e-01,54.00000,30.00000,542
9,512,1.779632e-01,43.00000,35.00000,517
9,513,1.894361e-01,34.00000,36.00000,486
9,514,1.719427e-01,54.00000,30.00000,526
9,515,1.786482e-01,48.00000,35.00000,517
9,516,1.854861e-01,42.00000,36.00000,491
9,517,1.925659e-01,30.00000,36.00000,471
9,518,1.933569e-01,31.00000,36.00000,473
9,519,1.659317e-01,57.00000,30.00000,579
9,520,1.886013e-01,35.00000,36.00000,475
9,521,1.721483e-01,49.00000,30.00000,527
9,522,1.781561e-01,48.00000,36.00000,522
9,523,1.709304e-01,53.00000,30.00000,558
9,524,1.797518e-01,45.00000,35.00000,504
9,525,1.692014e-01,55.00000,30.00000,553
9,526,1.777937e-01,47.00000,35.00000,510
9,527,1.713235e-01,52.00000,30.00000,532
9,528,1.861144e-01,37.00000,36.00000,497
9,529,1.784477e-01,49.00000,35.00000,522
9,530,1.805399e-01,37.00000,35.00000,504
9,531,1.749464e-01,55.00000,30.00000,537
9,532,1.732564e-01,49.00000,30.00000,522
9,533,1.945740e-01,30.00000,36.00000,475
9,534,1.868866e-01,41.00000,35.00000,492
9,535,1.885825e-01,40.00000,36.00000,480
9,536,1.940002e-01,40.00000,36.00000,490
9,537,1.704342e-01,59.00000,30.00000,554
9,538,1.689625e-01,53.00000,30.00000,552
9,539,1.843337e-01,40.00000,35.00000,489
9,540,1.798064e-01,45.00000,35.00000,507
9,541,1.714570e-01,55.00000,30.00000,542
9,542,1.720848e-01,57.00000,30.00000,545
9,543,1.825906e-01,42.00000,35.00000,494
9,544,1.950573e-01,37.00000,36.00000,474
9,545,1.707951e-01,55.00000,30.00000,536
9,546,1.814075e-01,37.00000,35.00000,508
9,547,1.792657e-01,49.00000,35.00000,517
9,548,1.823454e-01,40.00000,35.00000,488
9,549,1.675613e-01,57.00000,30.00000,554
9,550,1.786105e-01,42.00000,35.00000,515
9,551,1.787208e-01,43.00000,35.00000,524
9,552,1.856006e-01,48.00000,35.00000,515
9,553,1.726583e-01,53.00000,30.00000,527
9,554,1.823536e-01,46.00000,36.00000,511
9,555,1.750758e-01,51.00000,30.00000,526
9,556,1.752520e-01,49.00000,30.00000,542
9,557,1.747438e-01,49.00000,30.00000,524
9,558,1.773125e-01,45.00000,35.00000,517
9,559,1.721118e-01,53.00000,30.00000,530
9,560,1.695259e-01,54.00000,30.00000,531
9,561,1.843714e-01,37.00000,40.00000,488
9,562,1.809909e-01,48.00000,35.00000,516
9,563,1.711759e-01,53.00000,30.00000,537
9,564,1.827158e-01,45.00000,36.00000,507
9,565,1.718334e-01,54.00000,30.00000,527
9,566,1.821491e-01,44.00000,36.00000,501
9,567,1.708721e-01,57.00000,30.00000,545
9,568,1.764691e-01,51.00000,30.00000,519
9,569,1.864556e-01,47.00000,36.00000,516
9,570,1.792756e-01,46.00000,35.00000,533
9,571,1.716288e-01,49.00000,30.00000,553
9,572,1.773649e-01,54.00000,30.00000,525
9,573,1.851576e-01,42.00000,35.00000,494
9,574,1.811944e-01,57.00000,35.00000,552
9,575,1.908965e-01,40.00000,36.00000,479
9,576,1.967359e-01,31.00000,36.00000,457
9,577,1.743535e-01,54.00000,30.00000,536
9,578,1.827621e-01,44.00000,35.00000,506
9,579,1.723977e-01,54.00000,30.00000,528
9,580,1.718818e-01,57.00000,30.00000,545
9,581,1.880839e-01,40.00000,36.00000,480
9,582,1.721048e-01,55.00000,30.00000,542
9,583,1.707754e-01,53.00000,30.00000,564
9,584,1.714352e-01,56.00000,30.00000,537
9,585,1.718573e-01,54.00000,30.00000,534
9,586,1.831307e-01,47.00000,35.00000,506
9,587,1.819880e-01,45.00000,35.00000,509
9,588,1.770582e-01,51.00000,30.00000,519
9,589,1.737027e-01,49.00000,30.00000,545
9,590,1.864868e-01,40.00000,40.00000,492
9,591,1.821250e-01,45.00000,35.00000,502
9,592,1.733350e-01,53.00000,30.00000,533
9,593,1.743292e-01,49.00000,30.00000,533
9,594,1.751417e-01,49.00000,30.00000,532
9,595,1.717912e-01,54.00000,30.00000,544
9,596,1.831236e-01,41.00000,36.00000,508
9,597,1.742206e-01,49.00000,30.00000,517
9,598,1.789104e-01,44.00000,35.00000,514
9,599,1.903336e-01,33.00000,40.00000,485
9,600,1.818849e-01,44.00000,35.00000,514
9,601,1.717020e-01,54.00000,30.00000,538
9,602,1.811028e-01,47.00000,35.00000,507
9,603,1.714232e-01,57.00000,30.00000,546
9,604,1.747815e-01,49.00000,30.00000,521
9,605,1.752667e-01,49.00000,30.00000,521
9,606,1.711270e-01,57.00000,30.00000,547
9,607,1.797123e-01,45.00000,35.00000,511
9,608,1.995487e-01,25.00000,36.00000,479
9,609,1.763718e-01,54.00000,30.00000,532
9,610,1.794456e-01,46.00000,35.00000,511
9,611,1.795255e-01,41.00000,35.00000,522
9,612,1.749729e-01,49.00000,35.00000,519
9,613,1.807331e-01,42.00000,35.00000,517
9,614,1.869408e-01,35.00000,36.00000,496
9,615,1.857970e-01,38.00000,40.00000,491
9,616,1.939669e-01,25.00000,36.00000,464
9,617,1.860768e-01,38.00000,36.00000,492
9,618,1.819381e-01,40.00000,35.00000,524
9,619,1.885844e-01,36.00000,36.00000,500
9,620,1.721378e-01,54.00000,30.00000,545
9,621,1.830306e-01,39.00000,35.00000,518
9,622,1.718951e-01,49.00000,30.00000,532
9,623,1.704891e-01,56.00000,30.00000,546
9,624,1.776016e-01,48.00000,35.00000,541
9,625,1.881276e-01,31.00000,36.00000,505
9,626,1.777761e-01,46.00000,35.00000,518
9,627,1.703334e-01,58.00000,30.00000,553
9,628,1.870671e-01,43.00000,36.00000,499
9,629,1.767795e-01,43.00000,35.00000,523
9,630,1.693703e-01,57.00000,30.00000,556
9,631,1.825209e-01,41.00000,36.00000,517
9,632,1.751128e-01,48.00000,35.00000,517
9,633,1.694838e-01,56.00000,30.00000,549
9,634,1.678167e-01,61.00000,30.00000,568
9,635,1.770608e-01,48.00000,35.00000,524
9,636,1.846662e-01,40.00000,36.00000,496
9,637,1.814625e-01,38.00000,40.00000,537
9,638,1.816145e-01,49.00000,35.00000,516
9,639,1.738810e-01,55.00000,30.00000,539
9,640,1.726905e-01,53.00000,30.00000,536
9,641,1.729860e-01,51.00000,30.00000,524
9,642,1.812113e-01,44.00000,35.00000,517
9,643,1.778476e-01,45.00000,35.00000,524
9,644,1.779560e-01,45.00000,35.00000,517
9,645,1.679101e-01,58.00000,30.00000,556
9,646,1.699864e-01,53.00000,30.00000,529
9,647,1.698423e-01,57.00000,30.00000,545
9,648,1.722629e-01,53.00000,30.00000,532
9,649,1.703256e-01,51.00000,30.00000,528
9,650,1.840484e-01,38.00000,35.00000,512
9,651,1.924683e-01,31.00000,36.00000,479
9,652,1.794119e-01,36.00000,35.00000,526
9,653,1.858204e-01,36.00000,40.00000,486
9,654,1.696054e-01,57.00000,30.00000,547
9,655,1.756538e-01,49.00000,30.00000,513
9,656,1.843529e-01,43.00000,40.00000,510
9,657,1.703165e-01,53.00000,30.00000,544
9,658,1.710854e-01,49.00000,30.00000,536
9,659,1.874968e-01,35.00000,36.00000,491
9,660,1.852604e-01,38.00000,35.00000,512
9,661,1.907171e-01,37.00000,36.00000,480
9,662,1.795554e-01,43.00000,35.00000,523
9,663,1.835848e-01,52.00000,35.00000,541
9,664,1.819009e-01,41.00000,35.00000,495
9,665,1.910529e-01,42.00000,36.00000,489
9,666,1.706232e-01,54.00000,30.00000,543
9,667,1.857402e-01,43.00000,36.00000,501
9,668,1.777214e-01,48.00000,35.00000,529
9,669,1.719733e-01,54.00000,30.00000,538
9,670,1.700431e-01,59.00000,30.00000,554
9,671,1.818264e-01,45.00000,35.00000,501
9,672,1.805627e-01,46.00000,35.00000,518
9,673,1.724024e-01,49.00000,30.00000,540
9,674,1.704828e-01,55.00000,30.00000,556
9,675,1.715585e-01,52.00000,30.00000,545
9,676,1.930629e-01,31.00000,36.00000,471
9,677,1.794731e-01,47.00000,35.00000,532
9,678,1.723233e-01,53.00000,30.00000,542
9,679,1.853455e-01,42.00000,36.00000,501
9,680,1.927968e-01,35.00000,36.00000,479
9,681,1.703852e-01,53.00000,30.00000,556
9,682,1.868146e-01,38.00000,35.00000,485
9,683,1.838617e-01,45.00000,36.00000,508
9,684,1.815848e-01,43.00000,35.00000,493
9,685,1.838167e-01,42.00000,36.00000,508
9,686,1.884314e-01,35.00000,36.00000,485
9,687,1.814239e-01,46.00000,35.00000,511
9,688,1.763255e-01,49.00000,35.00000,523
9,689,1.876807e-01,38.00000,35.00000,479
9,690,1.809405e-01,45.00000,35.00000,497
9,691,1.721849e-01,55.00000,30.00000,537
9,692,1.723978e-01,55.00000,30.00000,536
9,693,1.815125e-01,41.00000,36.00000,496
9,694,1.766262e-01,49.00000,35.00000,521
9,695,1.804281e-01,43.00000,35.00000,501
9,696,1.864366e-01,31.00000,36.00000,520
9,697,1.785048e-01,52.00000,30.00000,524
9,698,1.793314e-01,42.00000,36.00000,536
9,699,1.709757e-01,49.00000,30.00000,535
9,700,1.787665e-01,41.00000,35.00000,511
9,701,1.797910e-01,45.00000,35.00000,510
9,702,1.778984e-01,48.00000,35.00000,519
9,703,1.710444e-01,49.00000,30.00000,536
9,704,1.728024e-01,56.00000,30.00000,534
9,705,1.841958e-01,42.00000,36.00000,501
9,706,1.881059e-01,40.00000,36.00000,497
9,707,1.865274e-01,35.00000,36.00000,505
9,708,1.809537e-01,45.00000,35.00000,503
9,709,1.729150e-01,56.00000,30.00000,532
9,710,1.780523e-01,47.00000,35.00000,518
9,711,1.747403e-01,49.00000,30.00000,534
9,712,1.779006e-01,46.00000,35.00000,512
9,713,1.782005e-01,48.00000,35.00000,517
9,714,1.722855e-01,57.00000,30.00000,555
9,715,1.715088e-01,53.00000,30.00000,527
9,716,1.784812e-01,44.00000,35.00000,522
9,717,1.889684e-01,31.00000,36.00000,509
9,718,1.677905e-01,53.00000,30.00000,550
9,719,1.801047e-01,45.00000,35.00000,513
9,720,1.711224e-01,57.00000,30.00000,546
9,721,1.786243e-01,49.00000,35.00000,519
9,722,1.812985e-01,42.00000,35.00000,499
9,723,1.764864e-01,48.00000,35.00000,516
9,724,1.688969e-01,57.00000,30.00000,545
9,725,1.783730e-01,42.00000,35.00000,515
9,726,1.737029e-01,49.00000,30.00000,528
9,727,1.711915e-01,52.00000,30.00000,527
9,728,1.874467e-01,40.00000,36.00000,492
9,729,1.682009e-01,57.00000,30.00000,548
9,730,1.910383e-01,35.00000,36.00000,492
9,731,1.721079e-01,49.00000,30.00000,554
9,732,1.717098e-01,53.00000,30.00000,537
9,733,1.884163e-01,35.00000,36.00000,505
9,734,1.848070e-01,35.00000,36.00000,507
9,735,1.774486e-01,45.00000,35.00000,523
9,736,1.705308e-01,54.00000,30.00000,531
9,737,1.812664e-01,44.00000,35.00000,508
9,738,1.715477e-01,49.00000,30.00000,533
9,739,1.712191e-01,53.00000,30.00000,548
9,740,1.704519e-01,55.00000,30.00000,539
9,741,1.800741e-01,43.00000,35.00000,502
9,742,1.749002e-01,49.00000,30.00000,522
9,743,1.831852e-01,40.00000,35.00000,506
9,744,1.741000e-01,49.00000,30.00000,519
9,745,1.749060e-01,49.00000,35.00000,525
9,746,1.773617e-01,49.00000,35.00000,524
9,747,1.768250e-01,43.00000,35.00000,524
9,748,1.813368e-01,44.00000,35.00000,503
9,749,1.715090e-01,57.00000,30.00000,545
9,750,1.889812e-01,37.00000,36.00000,482
9,751,1.820174e-01,44.00000,40.00000,508
9,752,1.774613e-01,49.00000,35.00000,525
9,753,1.864577e-01,38.00000,36.00000,501
9,754,1.950073e-01,30.00000,36.00000,477
9,755,1.696425e-01,52.00000,30.00000,554
9,756,1.941364e-01,30.00000,36.00000,480
9,757,1.719274e-01,55.00000,30.00000,537
9,758,1.712274e-01,49.00000,30.00000,533
9,759,1.710384e-01,57.00000,30.00000,555
9,760,1.832167e-01,40.00000,35.00000,488
9,761,1.715220e-01,50.00000,30.00000,520
9,762,1.715393e-01,53.00000,30.00000,527
9,763,1.949874e-01,40.00000,36.00000,479
9,764,1.869455e-01,40.00000,36.00000,482
9,765,1.690911e-01,58.00000,30.00000,561
9,766,1.856755e-01,42.00000,36.00000,493
9,767,1.668522e-01,49.00000,30.00000,551
9,768,1.817099e-01,48.00000,35.00000,521
9,769,1.706470e-01,53.00000,30.00000,541
9,770,1.702675e-01,53.00000,30.00000,538
9,771,1.731347e-01,57.00000,30.00000,545
9,772,1.670097e-01,59.00000,30.00000,553
9,773,1.767948e-01,48.00000,35.00000,517
9,774,1.830891e-01,37.00000,40.00000,487
9,775,1.886218e-01,30.00000,36.00000,496
9,776,1.687052e-01,51.00000,30.00000,533
9,777,1.762912e-01,46.00000,35.00000,519
9,778,1.692396e-01,53.00000,30.00000,549
9,779,1.843340e-01,40.00000,36.00000,480
9,780,1.815068e-01,43.00000,36.00000,507
9,781,1.889313e-01,35.00000,40.00000,487
9,782,1.847402e-01,43.00000,36.00000,514
9,783,1.816870e-01,43.00000,35.00000,495
9,784,1.710443e-01,53.00000,30.00000,534
9,785,1.690471e-01,61.00000,30.00000,564
9,786,1.846643e-01,47.00000,36.00000,516
9,787,1.926060e-01,37.00000,36.00000,475
9,788,1.826616e-01,43.00000,35.00000,502
9,789,1.766762e-01,51.00000,35.00000,524
9,790,1.725078e-01,49.00000,30.00000,528
9,791,1.801863e-01,43.00000,35.00000,496
9,792,1.712940e-01,55.00000,30.00000,536
9,793,1.897173e-01,35.00000,36.00000,495
9,794,1.862646e-01,36.00000,36.00000,494
9,795,1.807141e-01,38.00000,35.00000,516
9,796,1.820850e-01,46.00000,35.00000,513
9,797,1.789015e-01,43.00000,35.00000,500
9,798,1.713819e-01,53.00000,30.00000,527
9,799,1.822629e-01,43.00000,35.00000,501
9,800,1.773681e-01,50.00000,35.00000,529
9,801,1.683964e-01,57.00000,30.00000,546
9,802,1.921817e-01,34.00000,36.00000,490
9,803,1.781976e-01,48.00000,35.00000,516
9,804,1.725561e-01,53.00000,30.00000,537
9,805,1.725735e-01,49.00000,30.00000,542
9,806,1.726371e-01,49.00000,30.00000,523
9,807,1.790161e-01,46.00000,35.00000,518
9,808,1.770203e-01,49.00000,35.00000,516
9,809,1.874614e-01,35.00000,36.00000,499
9,810,1.898507e-01,36.00000,36.00000,481
9,811,1.683538e-01,54.00000,30.00000,541
9,812,1.708729e-01,55.00000,30.00000,537
9,813,1.859507e-01,39.00000,36.00000,489
9,814,1.679743e-01,54.00000,30.00000,530
9,815,1.713851e-01,49.00000,30.00000,552
9,816,1.868248e-01,37.00000,36.00000,496
9,817,1.876192e-01,37.00000,36.00000,474
9,818,1.801217e-01,40.00000,35.00000,493
9,819,1.879582e-01,37.00000,35.00000,483
9,820,1.685261e-01,55.00000,30.00000,538
9,821,1.676971e-01,58.00000,30.00000,540
9,822,1.789622e-01,43.00000,35.00000,494
9,823,1.931168e-01,31.00000,36.00000,488
9,824,1.792624e-01,44.00000,35.00000,501
9,825,1.737386e-01,52.00000,30.00000,525
9,826,1.682335e-01,59.00000,30.00000,553
9,827,1.815361e-01,47.00000,35.00000,504
9,828,1.823486e-01,38.00000,35.00000,488
9,829,1.822526e-01,37.00000,35.00000,510
9,830,1.793429e-01,43.00000,35.00000,504
9,831,1.702778e-01,54.00000,30.00000,524
9,832,1.676191e-01,61.00000,30.00000,563
9,833,1.660737e-01,49.00000,30.00000,572
10,0,1.802363e-01,37.00000,40.00000,571
10,1,1.795807e-01,45.00000,35.00000,512
10,2,1.843317e-01,59.00000,30.00000,549
10,3,1.786508e-01,45.00000,35.00000,529
10,4,1.762042e-01,49.00000,30.00000,517
10,5,1.801887e-01,41.00000,36.00000,516
10,6,1.893865e-01,31.00000,36.00000,506
10,7,1.773581e-01,38.00000,35.00000,540
10,8,1.833334e-01,30.00000,36.00000,513
10,9,1.792089e-01,54.00000,30.00000,521
10,10,1.759213e-01,44.00000,35.00000,533
10,11,1.784051e-01,54.00000,30.00000,527
10,12,1.770745e-01,44.00000,35.00000,510
10,13,1.747754e-01,46.00000,35.00000,529
10,14,1.804554e-01,43.00000,36.00000,509
10,15,1.844039e-01,38.00000,35.00000,515
10,16,1.734247e-01,38.00000,35.00000,544
10,17,1.768683e-01,49.00000,30.00000,507
10,18,1.741299e-01,49.00000,30.00000,528
10,19,1.752914e-01,43.00000,35.00000,512
10,20,1.827636e-01,39.00000,35.00000,512
10,21,1.791969e-01,46.00000,35.00000,528
10,22,1.729304e-01,42.00000,35.00000,539
10,23,1.798848e-01,40.00000,35.00000,523
10,24,1.723077e-01,54.00000,30.00000,524
10,25,1.798843e-01,43.00000,35.00000,510
10,26,1.839075e-01,37.00000,35.00000,491
10,27,1.696147e-01,51.00000,30.00000,534
10,28,1.700829e-01,49.00000,30.00000,548
10,29,1.702952e-01,54.00000,30.00000,546
10,30,1.781102e-01,44.00000,35.00000,526
10,31,1.818365e-01,43.00000,35.00000,497
10,32,1.695836e-01,57.00000,30.00000,543
10,33,1.659598e-01,59.00000,30.00000,550
10,34,1.811792e-01,44.00000,35.00000,499
10,35,1.769091e-01,53.00000,30.00000,537
10,36,1.798003e-01,45.00000,35.00000,507
10,37,1.703036e-01,61.00000,30.00000,561
10,38,1.813748e-01,45.00000,35.00000,511
10,39,1.903915e-01,40.00000,36.00000,487
10,40,1.848666e-01,38.00000,36.00000,501
10,41,1.781382e-01,45.00000,35.00000,521
10,42,1.917338e-01,36.00000,36.00000,476
10,43,1.807733e-01,49.00000,35.00000,513
10,44,1.786771e-01,46.00000,35.00000,532
10,45,1.871457e-01,35.00000,36.00000,495
10,46,1.821519e-01,43.00000,35.00000,499
10,47,1.718374e-01,53.00000,30.00000,537
10,48,1.939962e-01,25.00000,36.00000,509
10,49,1.763035e-01,46.00000,35.00000,534
10,50,1.889449e-01,42.00000,36.00000,488
10,51,1.696324e-01,57.00000,30.00000,549
10,52,1.691521e-01,54.00000,30.00000,537
10,53,1.886147e-01,35.00000,40.00000,488
10,54,1.849619e-01,41.00000,40.00000,502
10,55,1.727059e-01,54.00000,30.00000,523
10,56,1.829307e-01,42.00000,35.00000,491
10,57,1.827009e-01,37.00000,36.00000,503
10,58,1.717145e-01,54.00000,30.00000,525
10,59,1.718352e-01,54.00000,30.00000,534
10,60,1.877306e-01,30.00000,36.00000,511
10,61,1.866099e-01,31.00000,36.00000,491
10,62,1.729030e-01,49.00000,30.00000,532
10,63,1.731881e-01,52.00000,30.00000,540
10,64,1.781608e-01,40.00000,35.00000,513
10,65,1.876295e-01,36.00000,36.00000,497
10,66,1.731274e-01,53.00000,30.00000,526
10,67,1.852449e-01,37.00000,36.00000,495
10,68,1.814032e-01,40.00000,35.00000,510
10,69,1.762793e-01,47.00000,35.00000,511
10,70,1.837359e-01,43.00000,35.00000,488
10,71,1.808835e-01,46.00000,35.00000,509
10,72,1.727981e-01,52.00000,30.00000,515
10,73,1.833448e-01,40.00000,35.00000,498
10,74,1.782775e-01,44.00000,35.00000,514
10,75,1.854451e-01,40.00000,36.00000,487
10,76,1.795269e-01,36.00000,35.00000,545
10,77,1.939302e-01,30.00000,36.00000,464
10,78,1.732075e-01,49.00000,30.00000,528
10,79,1.680652e-01,57.00000,30.00000,551
10,80,1.746027e-01,46.00000,35.00000,522
10,81,1.873103e-01,34.00000,40.00000,483
10,82,1.732254e-01,49.00000,30.00000,521
10,83,1.696534e-01,57.00000,30.00000,551
10,84,1.893349e-01,37.00000,36.00000,472
10,85,1.724183e-01,54.00000,30.00000,523
10,86,1.872682e-01,36.00000,36.00000,487
10,87,1.938553e-01,25.00000,36.00000,497
10,88,1.813297e-01,44.00000,35.00000,501
10,89,1.683461e-01,58.00000,30.00000,542
10,90,1.704844e-01,55.00000,30.00000,542
10,91,1.717229e-01,49.00000,30.00000,542
10,92,1.772901e-01,48.00000,35.00000,516
10,93,1.769735e-01,45.00000,35.00000,530
10,94,1.830611e-01,46.00000,36.00000,513
10,95,1.778071e-01,45.00000,35.00000,514
10,96,1.854970e-01,41.00000,36.00000,511
10,97,1.819902e-01,37.00000,36.00000,503
10,98,1.872222e-01,36.00000,40.00000,487
10,99,1.787621e-01,42.00000,35.00000,512
10,100,1.879524e-01,37.00000,36.00000,488
10,101,1.709449e-01,52.00000,30.00000,538
10,102,1.740690e-01,49.00000,30.00000,523
10,103,1.698638e-01,54.00000,30.00000,528
10,104,1.747635e-01,48.00000,35.00000,515
10,105,1.675470e-01,57.00000,30.00000,558
10,106,1.672409e-01,57.00000,30.00000,544
10,107,1.864885e-01,35.00000,36.00000,525
10,108,1.793315e-01,45.00000,35.00000,507
10,109,1.707478e-01,53.00000,30.00000,527
10,110,1.669475e-01,55.00000,30.00000,560
10,111,1.863606e-01,25.00000,36.00000,497
10,112,1.891654e-01,42.00000,35.00000,497
10,113,1.822953e-01,31.00000,36.00000,526
10,114,1.799315e-01,43.00000,35.00000,497
10,115,1.740730e-01,49.00000,30.00000,513
10,116,1.784563e-01,45.00000,35.00000,509
10,117,1.786691e-01,42.00000,35.00000,495
10,118,1.715184e-01,52.00000,30.00000,536
10,119,1.719494e-01,49.00000,30.00000,520
10,120,1.829569e-01,31.00000,36.00000,500
10,121,1.888341e-01,35.00000,36.00000,477
10,122,1.665360e-01,52.00000,30.00000,552
10,123,1.839048e-01,41.00000,36.00000,491
10,124,1.880262e-01,38.00000,36.00000,471
10,125,1.927101e-01,25.00000,36.00000,470
10,126,1.728523e-01,49.00000,30.00000,535
10,127,1.725456e-01,49.00000,30.00000,539
10,128,2.018892e-01,25.00000,36.00000,444
10,129,1.868094e-01,25.00000,36.00000,493
10,130,1.674633e-01,58.00000,30.00000,553
10,131,1.800043e-01,46.00000,35.00000,512
10,132,1.707411e-01,53.00000,30.00000,549
10,133,1.770051e-01,48.00000,35.00000,514
10,134,1.801975e-01,40.00000,35.00000,513
10,135,1.811074e-01,46.00000,35.00000,509
10,136,1.933180e-01,43.00000,36.00000,498
10,137,1.812545e-01,47.00000,36.00000,514
10,138,1.870357e-01,37.00000,36.00000,477
10,139,1.824561e-01,46.00000,35.00000,509
10,140,1.828915e-01,40.00000,40.00000,506
10,141,1.798705e-01,42.00000,35.00000,498
10,142,1.729808e-01,49.00000,30.00000,533
10,143,1.743563e-01,53.00000,35.00000,531
10,144,1.715101e-01,51.00000,30.00000,526
10,145,1.775593e-01,49.00000,35.00000,515
10,146,1.792468e-01,44.00000,35.00000,510
10,147,1.721404e-01,49.00000,30.00000,523
10,148,1.700283e-01,49.00000,30.00000,534
10,149,1.664012e-01,55.00000,30.00000,550
10,150,1.679966e-01,49.00000,30.00000,538
10,151,1.881424e-01,36.00000,35.00000,477
10,152,1.782569e-01,44.00000,35.00000,518
10,153,1.796445e-01,43.00000,35.00000,489
10,154,1.699480e-01,54.00000,30.00000,525
10,155,1.825451e-01,45.00000,36.00000,506
10,156,1.842295e-01,38.00000,36.00000,504
10,157,1.807444e-01,42.00000,35.00000,503
10,158,1.665184e-01,55.00000,30.00000,547
10,159,1.804306e-01,46.00000,35.00000,509
10,160,1.710293e-01,55.00000,30.00000,544
10,161,1.876642e-01,38.00000,36.00000,476
10,162,1.661232e-01,54.00000,30.00000,563
10,163,1.712517e-01,49.00000,30.00000,535
10,164,1.758569e-01,50.00000,35.00000,527
10,165,1.854728e-01,36.00000,36.00000,507
10,166,1.723700e-01,54.00000,30.00000,523
10,167,1.757196e-01,43.00000,35.00000,526
10,168,1.704336e-01,49.00000,30.00000,535
10,169,1.715396e-01,57.00000,30.00000,543
10,170,1.851780e-01,38.00000,36.00000,479
10,171,1.706924e-01,57.00000,30.00000,547
10,172,1.686832e-01,54.00000,30.00000,525
10,173,1.716163e-01,49.00000,30.00000,538
10,174,1.732285e-01,49.00000,35.00000,518
10,175,1.716249e-01,53.00000,30.00000,530
10,176,1.816618e-01,41.00000,35.00000,495
10,177,1.707416e-01,55.00000,30.00000,541
10,178,1.782258e-01,45.00000,35.00000,519
10,179,1.805322e-01,44.00000,35.00000,502
10,180,1.836722e-01,34.00000,40.00000,492
10,181,1.661882e-01,54.00000,30.00000,574
10,182,1.781252e-01,43.00000,35.00000,495
10,183,1.771807e-01,45.00000,35.00000,524
10,184,1.684525e-01,53.00000,30.00000,549
10,185,1.689301e-01,54.00000,30.00000,554
10,186,1.704301e-01,53.00000,30.00000,534
10,187,1.817162e-01,44.00000,36.00000,499
10,188,1.774611e-01,43.00000,35.00000,513
10,189,1.673045e-01,54.00000,30.00000,547
10,190,1.840332e-01,46.00000,36.00000,511
10,191,1.851553e-01,41.00000,40.00000,501
10,192,1.833066e-01,40.00000,40.00000,497
10,193,1.826763e-01,49.00000,36.00000,525
10,194,1.716187e-01,53.00000,30.00000,526
10,195,1.920129e-01,39.00000,36.00000,482
10,196,1.800245e-01,42.00000,35.00000,526
10,197,1.769626e-01,49.00000,35.00000,522
10,198,1.770808e-01,43.00000,35.00000,515
10,199,1.746930e-01,31.00000,36.00000,551
10,200,1.878873e-01,49.00000,30.00000,510
10,201,1.696932e-01,52.00000,30.00000,528
10,202,1.776790e-01,40.00000,35.00000,509
10,203,1.769527e-01,47.00000,35.00000,526
10,204,1.794726e-01,41.00000,35.00000,511
10,205,1.695260e-01,53.00000,30.00000,546
10,206,1.694126e-01,53.00000,30.00000,528
10,207,1.702680e-01,49.00000,30.00000,525
10,208,1.658264e-01,57.00000,30.00000,560
10,209,1.904137e-01,30.00000,36.00000,478
10,210,1.792400e-01,43.00000,35.00000,523
10,211,1.681574e-01,52.00000,30.00000,545
10,212,1.746048e-01,48.00000,35.00000,516
10,213,1.683062e-01,55.00000,30.00000,555
10,214,1.710631e-01,52.00000,30.00000,524
10,215,1.794563e-01,42.00000,35.00000,503
10,216,1.835494e-01,45.00000,36.00000,515
10,217,1.852451e-01,37.00000,36.00000,500
10,218,1.676697e-01,54.00000,30.00000,542
10,219,1.807795e-01,46.00000,35.00000,511
10,220,1.844150e-01,43.00000,36.00000,499
10,221,1.868320e-01,34.00000,36.00000,501
10,222,1.768929e-01,45.00000,35.00000,510
10,223,1.888580e-01,32.00000,40.00000,484
10,224,1.722648e-01,49.00000,30.00000,535
10,225,1.739117e-01,52.00000,30.00000,547
10,226,1.738990e-01,52.00000,30.00000,542
10,227,1.870614e-01,42.00000,35.00000,498
10,228,1.871720e-01,42.00000,35.00000,508
10,229,1.829719e-01,38.00000,35.00000,513
10,230,1.848747e-01,47.00000,35.00000,512
10,231,1.815736e-01,51.00000,30.00000,540
10,232,1.900890e-01,45.00000,35.00000,496
10,233,1.860233e-01,48.00000,35.00000,516
10,234,1.835679e-01,41.00000,35.00000,517
10,235,1.838695e-01,47.00000,35.00000,510
10,236,1.760215e-01,57.00000,30.00000,546
10,237,1.870149e-01,37.00000,35.00000,508
10,238,1.890901e-01,45.00000,36.00000,509
10,239,1.904070e-01,37.00000,36.00000,481
10,240,1.773640e-01,49.00000,30.00000,527
10,241,1.816824e-01,45.00000,35.00000,508
10,242,1.939816e-01,35.00000,36.00000,466
10,243,1.915745e-01,46.00000,35.00000,510
10,244,1.885014e-01,35.00000,36.00000,486
10,245,1.803395e-01,48.00000,35.00000,516
10,246,1.844106e-01,40.00000,36.00000,506
10,247,1.714431e-01,51.00000,30.00000,545
10,248,1.705673e-01,54.00000,30.00000,546
10,249,1.702622e-01,55.00000,30.00000,537
10,250,1.891107e-01,40.00000,36.00000,491
10,251,1.706816e-01,57.00000,30.00000,545
10,252,1.814183e-01,45.00000,35.00000,500
10,253,1.714359e-01,53.00000,30.00000,528
10,254,1.710375e-01,55.00000,30.00000,544
10,255,1.760828e-01,43.00000,35.00000,516
10,256,1.729923e-01,54.00000,30.00000,525
10,257,1.802300e-01,45.00000,35.00000,496
10,258,1.778159e-01,39.00000,35.00000,529
10,259,1.771996e-01,49.00000,35.00000,518
10,260,1.848680e-01,38.00000,40.00000,491
10,261,1.794768e-01,46.00000,35.00000,511
10,262,1.793820e-01,45.00000,35.00000,513
10,263,1.690874e-01,60.00000,30.00000,552
10,264,1.685099e-01,54.00000,30.00000,536
10,265,1.820869e-01,40.00000,35.00000,485
10,266,1.697781e-01,55.00000,30.00000,543
10,267,1.775309e-01,48.00000,35.00000,515
10,268,1.925328e-01,43.00000,36.00000,499
10,269,1.693617e-01,54.00000,30.00000,525
10,270,1.774605e-01,47.00000,35.00000,511
10,271,1.758116e-01,46.00000,35.00000,515
10,272,1.809440e-01,43.00000,36.00000,508
10,273,1.889303e-01,36.00000,36.00000,492
10,274,1.684407e-01,55.00000,30.00000,546
10,275,1.944796e-01,25.00000,36.00000,492
10,276,1.883976e-01,40.00000,36.00000,479
10,277,1.709115e-01,57.00000,30.00000,544
10,278,1.905862e-01,37.00000,36.00000,495
10,279,1.733630e-01,53.00000,30.00000,527
10,280,1.842889e-01,31.00000,36.00000,530
10,281,1.774492e-01,42.00000,35.00000,506
10,282,1.878979e-01,44.00000,36.00000,494
10,283,1.815163e-01,42.00000,35.00000,532
10,284,1.754999e-01,48.00000,35.00000,518
10,285,1.787757e-01,42.00000,35.00000,504
10,286,1.651149e-01,60.00000,30.00000,569
10,287,1.669511e-01,56.00000,30.00000,538
10,288,1.879946e-01,42.00000,36.00000,496
10,289,1.692200e-01,54.00000,30.00000,532
10,290,1.766369e-01,51.00000,35.00000,523
10,291,1.813934e-01,45.00000,35.00000,497
10,292,1.794005e-01,45.00000,35.00000,500
10,293,1.725683e-01,49.00000,30.00000,522
10,294,1.678976e-01,58.00000,30.00000,544
10,295,1.837086e-01,41.00000,35.00000,488
10,296,1.676562e-01,54.00000,30.00000,534
10,297,1.744187e-01,49.00000,30.00000,521
10,298,1.686535e-01,49.00000,30.00000,554
10,299,1.877845e-01,39.00000,36.00000,495
10,300,1.726987e-01,47.00000,35.00000,531
10,301,1.774655e-01,45.00000,35.00000,517
10,302,1.740719e-01,54.00000,35.00000,551
10,303,1.865547e-01,37.00000,36.00000,482
10,304,1.703649e-01,52.00000,30.00000,526
10,305,1.829708e-01,37.00000,35.00000,499
10,306,1.919900e-01,36.00000,36.00000,467
10,307,1.718316e-01,55.00000,30.00000,536
10,308,1.874995e-01,40.00000,36.00000,480
10,309,1.708578e-01,54.00000,30.00000,529
10,310,1.704333e-01,49.00000,30.00000,535
10,311,1.685981e-01,51.00000,30.00000,544
10,312,1.697402e-01,59.00000,30.00000,554
10,313,1.701937e-01,52.00000,30.00000,527
10,314,1.768184e-01,44.00000,35.00000,516
10,315,1.698775e-01,61.00000,30.00000,564
10,316,1.959415e-01,25.00000,36.00000,465
10,317,1.861800e-01,36.00000,35.00000,478
10,318,1.897653e-01,35.00000,36.00000,491
10,319,1.700669e-01,49.00000,30.00000,526
10,320,1.807747e-01,40.00000,35.00000,496
10,321,1.842326e-01,45.00000,36.00000,507
10,322,1.796654e-01,45.00000,35.00000,494
10,323,1.774176e-01,44.00000,35.00000,518
10,324,1.667722e-01,57.00000,30.00000,553
10,325,1.744771e-01,45.00000,35.00000,535
10,326,1.711543e-01,47.00000,35.00000,536
10,327,1.706124e-01,54.00000,30.00000,537
10,328,1.680737e-01,54.00000,30.00000,538
10,329,1.805244e-01,50.00000,35.00000,534
10,330,1.857273e-01,35.00000,40.00000,488
10,331,1.804500e-01,40.00000,36.00000,505
10,332,1.823269e-01,43.00000,36.00000,500
10,333,1.700433e-01,55.00000,30.00000,543
10,334,1.770969e-01,45.00000,35.00000,518
10,335,1.695867e-01,49.00000,30.00000,551
10,336,1.833048e-01,39.00000,36.00000,490
10,337,1.680855e-01,56.00000,30.00000,536
10,338,1.876774e-01,37.00000,36.00000,486
10,339,1.760704e-01,48.00000,35.00000,516
10,340,1.696001e-01,49.00000,30.00000,568
10,341,1.813784e-01,39.00000,35.00000,493
10,342,1.823000e-01,44.00000,36.00000,507
10,343,1.871521e-01,37.00000,36.00000,481
10,344,1.684689e-01,49.00000,30.00000,552
10,345,1.803445e-01,42.00000,35.00000,510
10,346,1.748323e-01,48.00000,35.00000,516
10,347,1.722560e-01,49.00000,30.00000,536
10,348,1.860446e-01,36.00000,35.00000,487
10,349,1.638347e-01,61.00000,30.00000,565
10,350,1.788410e-01,46.00000,36.00000,506
10,351,1.708662e-01,53.00000,30.00000,534
10,352,1.709683e-01,50.00000,30.00000,534
10,353,1.703720e-01,52.00000,30.00000,539
10,354,1.775597e-01,45.00000,35.00000,514
10,355,1.695420e-01,49.00000,30.00000,568
10,356,1.714218e-01,54.00000,30.00000,525
10,357,1.809810e-01,41.00000,36.00000,496
10,358,1.915459e-01,31.00000,36.00000,465
10,359,1.710016e-01,49.00000,30.00000,533
10,360,1.751900e-01,45.00000,35.00000,510
10,361,1.798375e-01,41.00000,35.00000,518
10,362,1.679153e-01,54.00000,30.00000,544
10,363,1.796633e-01,42.00000,35.00000,499
10,364,1.756141e-01,48.00000,35.00000,516
10,365,1.766091e-01,46.00000,35.00000,511
10,366,1.749181e-01,44.00000,35.00000,519
10,367,1.678862e-01,53.00000,30.00000,537
10,368,1.726859e-01,45.00000,35.00000,545
10,369,1.745738e-01,47.00000,35.00000,516
10,370,1.751680e-01,47.00000,35.00000,506
10,371,1.716751e-01,53.00000,30.00000,527
10,372,1.734983e-01,48.00000,35.00000,516
10,373,1.681882e-01,58.00000,30.00000,547
10,374,1.667247e-01,53.00000,30.00000,544
10,375,1.656487e-01,54.00000,30.00000,549
10,376,1.867425e-01,43.00000,36.00000,509
10,377,1.787505e-01,40.00000,35.00000,506
10,378,1.886088e-01,31.00000,36.00000,466
10,379,1.774616e-01,47.00000,35.00000,512
10,380,1.667268e-01,55.00000,30.00000,544
10,381,1.731424e-01,49.00000,35.00000,526
10,382,1.750779e-01,44.00000,35.00000,530
10,383,1.767065e-01,43.00000,35.00000,509
10,384,1.700498e-01,49.00000,30.00000,546
10,385,1.780463e-01,44.00000,35.00000,517
10,386,1.671744e-01,57.00000,30.00000,555
10,387,1.794700e-01,41.00000,36.00000,520
10,388,1.801094e-01,45.00000,35.00000,503
10,389,1.774656e-01,44.00000,35.00000,509
10,390,1.762858e-01,47.00000,35.00000,517
10,391,1.779161e-01,50.00000,35.00000,538
10,392,1.948694e-01,35.00000,36.00000,473
10,393,1.687943e-01,51.00000,30.00000,545
10,394,1.678497e-01,55.00000,30.00000,545
10,395,1.748589e-01,48.00000,35.00000,516
10,396,1.793793e-01,39.00000,35.00000,503
10,397,1.734444e-01,44.00000,35.00000,521
10,398,1.813350e-01,42.00000,36.00000,497
10,399,1.680952e-01,53.00000,30.00000,529
10,400,1.764940e-01,46.00000,35.00000,512
10,401,1.783676e-01,43.00000,35.00000,519
10,402,1.812240e-01,46.00000,36.00000,515
10,403,1.761109e-01,45.00000,35.00000,516
10,404,1.666506e-01,56.00000,30.00000,547
10,405,1.736203e-01,45.00000,35.00000,495
10,406,1.671255e-01,55.00000,30.00000,536
10,407,1.676323e-01,53.00000,30.00000,538
10,408,1.760308e-01,44.00000,35.00000,513
10,409,1.804006e-01,39.00000,36.00000,491
10,410,1.817088e-01,33.00000,40.00000,485
10,411,1.872946e-01,40.00000,36.00000,479
10,412,1.764860e-01,42.00000,35.00000,529
10,413,1.655377e-01,54.00000,30.00000,566
10,414,1.782900e-01,40.00000,35.00000,508
10,415,1.680411e-01,55.00000,30.00000,543
10,416,1.670959e-01,57.00000,30.00000,545
10,417,1.653249e-01,59.00000,30.00000,554
10,418,1.816460e-01,41.00000,35.00000,488
10,419,1.651810e-01,57.00000,30.00000,567
10,420,1.809453e-01,41.00000,35.00000,509
10,421,1.799875e-01,43.00000,36.00000,507
10,422,1.861305e-01,39.00000,36.00000,493
10,423,1.924679e-01,25.00000,36.00000,476
10,424,1.768130e-01,43.00000,35.00000,536
10,425,1.748708e-01,46.00000,35.00000,532
10,426,1.635036e-01,58.00000,30.00000,541
10,427,1.757994e-01,45.00000,35.00000,510
10,428,1.652967e-01,54.00000,30.00000,554
10,429,1.695984e-01,49.00000,30.00000,538
10,430,1.676622e-01,54.00000,30.00000,557
10,431,1.665867e-01,58.00000,30.00000,540
10,432,1.667078e-01,59.00000,30.00000,553
10,433,1.695471e-01,58.00000,30.00000,540
10,434,1.794634e-01,36.00000,35.00000,513
10,435,1.735327e-01,48.00000,35.00000,522
10,436,1.756732e-01,47.00000,35.00000,505
10,437,1.675987e-01,53.00000,30.00000,541
10,438,1.653491e-01,54.00000,30.00000,562
10,439,1.662857e-01,53.00000,30.00000,543
10,440,1.762326e-01,49.00000,35.00000,516
10,441,1.676665e-01,55.00000,30.00000,537
10,442,1.721844e-01,48.00000,35.00000,525
10,443,1.762333e-01,44.00000,35.00000,502
10,444,1.709239e-01,49.00000,30.00000,541
10,445,1.700495e-01,52.00000,30.00000,517
10,446,1.676268e-01,51.00000,30.00000,535
10,447,1.728190e-01,43.00000,35.00000,523
10,448,1.702986e-01,49.00000,30.00000,543
10,449,1.849121e-01,36.00000,36.00000,480
10,450,1.788857e-01,46.00000,35.00000,514
10,451,1.806156e-01,37.00000,35.00000,494
10,452,1.639915e-01,58.00000,30.00000,553
10,453,1.980653e-01,25.00000,36.00000,463
10,454,1.785128e-01,45.00000,35.00000,496
10,455,1.728245e-01,50.00000,35.00000,532
10,456,1.809864e-01,42.00000,36.00000,492
10,457,1.739912e-01,45.00000,35.00000,516
10,458,1.865872e-01,35.00000,36.00000,509
10,459,1.694413e-01,53.00000,30.00000,527
10,460,1.778070e-01,43.00000,35.00000,493
10,461,1.784035e-01,43.00000,35.00000,493
10,462,1.735637e-01,48.00000,35.00000,516
10,463,1.650577e-01,58.00000,30.00000,555
10,464,1.675254e-01,54.00000,30.00000,529
10,465,1.698207e-01,49.00000,30.00000,525
10,466,1.829848e-01,41.00000,40.00000,506
10,467,1.754763e-01,42.00000,35.00000,516
10,468,1.729520e-01,46.00000,35.00000,513
10,469,1.833859e-01,43.00000,36.00000,499
10,470,1.850664e-01,37.00000,36.00000,499
10,471,1.855513e-01,37.00000,40.00000,483
10,472,1.857028e-01,25.00000,36.00000,496
10,473,1.747205e-01,43.00000,35.00000,515
10,474,1.730142e-01,49.00000,35.00000,517
10,475,1.715949e-01,49.00000,30.00000,518
10,476,1.652678e-01,55.00000,30.00000,545
10,477,1.693407e-01,55.00000,30.00000,546
10,478,1.649331e-01,59.00000,30.00000,553
10,479,1.824697e-01,30.00000,36.00000,502
10,480,1.704023e-01,49.00000,30.00000,521
10,481,1.788485e-01,50.00000,35.00000,528
10,482,1.657173e-01,57.00000,30.00000,544
10,483,1.656888e-01,49.00000,30.00000,539
10,484,1.675682e-01,54.00000,30.00000,535
10,485,1.697647e-01,55.00000,30.00000,537
10,486,1.650137e-01,52.00000,30.00000,557
10,487,1.751693e-01,49.00000,35.00000,516
10,488,1.666658e-01,54.00000,30.00000,535
10,489,1.812898e-01,45.00000,36.00000,509
10,490,1.908124e-01,31.00000,36.00000,475
10,491,1.770192e-01,43.00000,35.00000,490
10,492,1.674524e-01,54.00000,30.00000,536
10,493,1.720947e-01,43.00000,35.00000,525
10,494,1.706531e-01,54.00000,30.00000,532
10,495,1.677499e-01,55.00000,30.00000,543
10,496,1.644650e-01,56.00000,30.00000,536
10,497,1.666991e-01,54.00000,30.00000,531
10,498,1.764506e-01,42.00000,35.00000,514
10,499,1.706221e-01,49.00000,30.00000,522
10,500,1.765904e-01,40.00000,35.00000,515
10,501,1.775780e-01,42.00000,35.00000,511
10,502,1.699201e-01,49.00000,30.00000,527
10,503,1.863107e-01,39.00000,36.00000,482
10,504,1.772170e-01,47.00000,35.00000,509
10,505,1.713172e-01,48.00000,35.00000,519
10,506,1.768585e-01,40.00000,35.00000,526
10,507,1.747948e-01,45.00000,35.00000,503
10,508,1.737452e-01,43.00000,35.00000,516
10,509,1.691746e-01,50.00000,30.00000,534
10,510,1.685533e-01,49.00000,30.00000,527
10,511,1.787846e-01,47.00000,36.00000,516
10,512,1.735924e-01,49.00000,35.00000,515
10,513,1.758714e-01,49.00000,36.00000,525
10,514,1.757770e-01,45.00000,35.00000,496
10,515,1.789831e-01,43.00000,36.00000,504
10,516,1.749797e-01,41.00000,35.00000,516
10,517,1.901719e-01,43.00000,36.00000,499
10,518,1.742904e-01,49.00000,35.00000,515
10,519,1.828978e-01,35.00000,40.00000,483
10,520,1.773085e-01,48.00000,35.00000,516
10,521,1.698355e-01,49.00000,30.00000,541
10,522,1.746271e-01,47.00000,35.00000,511
10,523,1.684708e-01,49.00000,30.00000,515
10,524,1.683252e-01,51.00000,30.00000,529
10,525,1.651391e-01,53.00000,30.00000,553
10,526,1.759537e-01,44.00000,35.00000,502
10,527,1.650893e-01,55.00000,30.00000,543
10,528,1.776454e-01,42.00000,35.00000,503
10,529,1.753406e-01,41.00000,35.00000,514
10,530,1.747553e-01,44.00000,35.00000,510
10,531,1.755325e-01,45.00000,35.00000,503
10,532,1.657234e-01,49.00000,30.00000,551
10,533,1.746485e-01,43.00000,35.00000,518
10,534,1.752634e-01,44.00000,35.00000,524
10,535,1.742657e-01,46.00000,35.00000,510
10,536,1.708768e-01,49.00000,35.00000,518
10,537,1.661280e-01,56.00000,30.00000,550
10,538,1.680875e-01,53.00000,30.00000,544
10,539,1.725439e-01,46.00000,35.00000,529
10,540,1.858751e-01,43.00000,36.00000,505
10,541,1.784462e-01,43.00000,35.00000,505
10,542,1.808347e-01,43.00000,36.00000,499
10,543,1.633980e-01,54.00000,30.00000,552
10,544,1.774683e-01,44.00000,35.00000,502
10,545,1.940566e-01,31.00000,36.00000,469
10,546,1.908695e-01,31.00000,36.00000,470
10,547,1.746196e-01,46.00000,35.00000,514
10,548,1.776500e-01,43.00000,36.00000,507
10,549,1.762248e-01,47.00000,35.00000,509
10,550,1.750796e-01,46.00000,35.00000,520
10,551,1.660850e-01,52.00000,30.00000,549
10,552,1.717464e-01,48.00000,35.00000,536
10,553,1.679405e-01,54.00000,30.00000,530
10,554,1.822338e-01,41.00000,36.00000,505
10,555,1.668133e-01,55.00000,30.00000,540
10,556,1.656893e-01,53.00000,30.00000,551
10,557,1.718182e-01,47.00000,35.00000,528
10,558,1.649923e-01,54.00000,30.00000,540
10,559,1.637540e-01,55.00000,30.00000,559
10,560,1.657780e-01,55.00000,30.00000,537
10,561,1.674646e-01,57.00000,30.00000,544
10,562,1.752937e-01,46.00000,35.00000,516
10,563,1.848487e-01,31.00000,36.00000,503
10,564,1.645702e-01,57.00000,30.00000,549
10,565,1.890880e-01,30.00000,36.00000,497
10,566,1.733704e-01,49.00000,35.00000,516
10,567,1.753100e-01,43.00000,35.00000,498
10,568,1.729203e-01,46.00000,35.00000,524
10,569,1.838846e-01,41.00000,36.00000,492
10,570,1.668796e-01,57.00000,30.00000,546
10,571,1.674975e-01,52.00000,30.00000,550
10,572,1.740796e-01,45.00000,35.00000,504
10,573,1.693487e-01,49.00000,30.00000,515
10,574,1.813308e-01,42.00000,36.00000,488
10,575,1.781951e-01,40.00000,35.00000,511
10,576,1.769390e-01,50.00000,35.00000,528
10,577,1.692723e-01,49.00000,30.00000,525
10,578,1.784042e-01,46.00000,35.00000,511
10,579,1.776406e-01,47.00000,35.00000,512
10,580,1.847139e-01,38.00000,36.00000,495
10,581,1.618164e-01,63.00000,30.00000,573
10,582,1.833736e-01,37.00000,36.00000,474
10,583,1.749537e-01,45.00000,35.00000,496
10,584,1.772564e-01,41.00000,35.00000,524
10,585,1.903721e-01,30.00000,36.00000,464
10,586,1.719142e-01,46.00000,35.00000,541
10,587,1.693986e-01,49.00000,30.00000,527
10,588,1.817464e-01,42.00000,36.00000,491
10,589,1.666880e-01,55.00000,30.00000,542
10,590,1.668909e-01,53.00000,30.00000,546
10,591,1.672698e-01,55.00000,30.00000,536
10,592,1.670235e-01,55.00000,30.00000,536
10,593,1.776127e-01,41.00000,35.00000,505
10,594,1.778831e-01,43.00000,35.00000,503
10,595,1.687583e-01,49.00000,30.00000,534
10,596,1.681225e-01,49.00000,30.00000,521
10,597,1.736381e-01,44.00000,35.00000,523
10,598,1.851509e-01,40.00000,36.00000,486
10,599,1.660089e-01,54.00000,30.00000,547
10,600,1.814661e-01,39.00000,36.00000,500
10,601,1.654966e-01,49.00000,30.00000,554
10,602,1.670129e-01,55.00000,30.00000,546
10,603,1.797016e-01,44.00000,36.00000,494
10,604,1.759460e-01,46.00000,35.00000,511
10,605,1.661220e-01,55.00000,30.00000,538
10,606,1.713237e-01,55.00000,30.00000,536
10,607,1.639021e-01,59.00000,30.00000,554
10,608,1.767328e-01,43.00000,35.00000,492
10,609,1.828945e-01,45.00000,36.00000,508
10,610,1.759094e-01,46.00000,35.00000,511
10,611,1.785688e-01,42.00000,35.00000,494
10,612,1.746225e-01,48.00000,35.00000,517
10,613,1.680282e-01,52.00000,30.00000,519
10,614,1.846895e-01,36.00000,36.00000,472
10,615,1.690461e-01,49.00000,30.00000,532
10,616,1.856247e-01,37.00000,35.00000,471
10,617,1.766532e-01,45.00000,35.00000,496
10,618,1.773400e-01,45.00000,35.00000,517
10,619,1.741827e-01,45.00000,35.00000,519
10,620,1.770253e-01,41.00000,35.00000,535
10,621,1.763106e-01,42.00000,35.00000,517
10,622,1.832626e-01,48.00000,36.00000,512
10,623,1.662131e-01,49.00000,30.00000,554
10,624,1.729780e-01,42.00000,35.00000,561
10,625,1.668489e-01,57.00000,30.00000,545
10,626,1.670821e-01,55.00000,30.00000,536
10,627,1.709346e-01,47.00000,35.00000,517
10,628,1.869114e-01,41.00000,36.00000,496
10,629,1.714000e-01,51.00000,30.00000,525
10,630,1.806974e-01,37.00000,36.00000,497
10,631,1.744678e-01,46.00000,35.00000,518
10,632,1.699547e-01,49.00000,30.00000,518
10,633,1.685435e-01,56.00000,30.00000,539
10,634,1.632291e-01,57.00000,30.00000,555
10,635,1.622508e-01,59.00000,30.00000,559
10,636,1.865370e-01,31.00000,36.00000,494
10,637,1.618169e-01,57.00000,30.00000,578
10,638,1.771387e-01,39.00000,35.00000,501
10,639,1.746932e-01,47.00000,35.00000,507
10,640,1.685160e-01,49.00000,30.00000,554
10,641,1.758696e-01,45.00000,35.00000,498
10,642,1.742698e-01,49.00000,35.00000,523
10,643,1.818803e-01,32.00000,36.00000,511
10,644,1.850803e-01,31.00000,36.00000,481
10,645,1.737011e-01,48.00000,35.00000,517
10,646,1.670761e-01,52.00000,30.00000,539
10,647,1.833360e-01,37.00000,36.00000,527
10,648,1.677630e-01,61.00000,30.00000,564
10,649,1.705852e-01,47.00000,35.00000,536
10,650,1.767162e-01,43.00000,35.00000,501
10,651,1.690037e-01,49.00000,30.00000,527
10,652,1.845566e-01,35.00000,36.00000,490
10,653,1.751036e-01,43.00000,35.00000,515
10,654,1.766714e-01,43.00000,35.00000,514
10,655,1.643634e-01,53.00000,30.00000,563
10,656,1.786062e-01,41.00000,36.00000,509
10,657,1.653807e-01,53.00000,30.00000,544
10,658,1.644204e-01,54.00000,30.00000,538
10,659,1.835956e-01,37.00000,36.00000,485
10,660,1.658623e-01,53.00000,30.00000,555
10,661,1.737827e-01,45.00000,35.00000,511
10,662,1.813818e-01,36.00000,36.00000,498
10,663,1.736815e-01,45.00000,35.00000,495
10,664,1.681572e-01,53.00000,30.00000,527
10,665,1.636514e-01,54.00000,30.00000,550
10,666,1.677411e-01,50.00000,30.00000,526
10,667,1.652746e-01,59.00000,30.00000,557
10,668,1.647504e-01,57.00000,30.00000,551
10,669,1.771801e-01,44.00000,35.00000,508
10,670,1.769150e-01,48.00000,35.00000,516
10,671,1.890449e-01,35.00000,36.00000,475
10,672,1.842088e-01,33.00000,40.00000,487
10,673,1.691608e-01,50.00000,30.00000,544
10,674,1.744450e-01,45.00000,35.00000,512
10,675,1.743557e-01,48.00000,35.00000,526
10,676,1.717962e-01,44.00000,35.00000,525
10,677,1.724595e-01,46.00000,35.00000,511
10,678,1.814725e-01,37.00000,40.00000,507
10,679,1.740185e-01,48.00000,35.00000,517
10,680,1.775800e-01,48.00000,35.00000,516
10,681,1.773018e-01,45.00000,35.00000,502
10,682,1.679870e-01,60.00000,30.00000,551
10,683,1.689503e-01,49.00000,30.00000,517
10,684,1.654543e-01,49.00000,30.00000,546
10,685,1.797794e-01,35.00000,36.00000,507
10,686,1.769719e-01,38.00000,35.00000,515
10,687,1.681641e-01,49.00000,30.00000,524
10,688,1.860385e-01,36.00000,36.00000,477
10,689,1.745503e-01,46.00000,35.00000,511
10,690,1.680586e-01,55.00000,30.00000,540
10,691,1.843435e-01,36.00000,36.00000,503
10,692,1.786953e-01,42.00000,35.00000,510
10,693,1.735468e-01,45.00000,35.00000,510
10,694,1.774132e-01,38.00000,35.00000,516
10,695,1.673465e-01,52.00000,30.00000,545
10,696,1.725719e-01,46.00000,35.00000,522
10,697,1.685145e-01,55.00000,30.00000,542
10,698,1.677533e-01,54.00000,30.00000,536
10,699,1.834651e-01,35.00000,36.00000,494
10,700,1.662059e-01,53.00000,30.00000,528
10,701,1.686086e-01,49.00000,30.00000,528
10,702,1.839756e-01,38.00000,36.00000,478
10,703,1.814617e-01,42.00000,36.00000,491
10,704,1.670663e-01,53.00000,30.00000,552
10,705,1.733780e-01,48.00000,35.00000,516
10,706,1.864168e-01,37.00000,36.00000,501
10,707,1.762577e-01,44.00000,35.00000,504
10,708,1.684010e-01,54.00000,30.00000,544
10,709,1.679440e-01,49.00000,30.00000,550
10,710,1.624451e-01,57.00000,30.00000,555
10,711,1.670202e-01,49.00000,30.00000,547
10,712,1.704481e-01,49.00000,30.00000,523
10,713,1.682373e-01,52.00000,30.00000,529
10,714,1.701177e-01,49.00000,30.00000,528
10,715,1.777366e-01,41.00000,36.00000,515
10,716,1.652414e-01,53.00000,30.00000,535
10,717,1.812368e-01,41.00000,36.00000,501
10,718,1.837178e-01,48.00000,36.00000,511
10,719,1.661785e-01,54.00000,30.00000,529
10,720,1.729774e-01,46.00000,35.00000,526
10,721,1.828513e-01,33.00000,40.00000,492
10,722,1.805716e-01,40.00000,36.00000,494
10,723,1.746402e-01,45.00000,35.00000,506
10,724,1.653545e-01,59.00000,30.00000,554
10,725,1.773752e-01,45.00000,36.00000,507
10,726,1.673576e-01,53.00000,30.00000,548
10,727,1.767290e-01,37.00000,35.00000,508
10,728,1.717168e-01,46.00000,35.00000,514
10,729,1.676647e-01,55.00000,30.00000,541
10,730,1.756420e-01,43.00000,35.00000,504
10,731,1.727279e-01,46.00000,35.00000,513
10,732,1.642325e-01,57.00000,30.00000,551
10,733,1.687312e-01,49.00000,30.00000,530
10,734,1.654126e-01,55.00000,30.00000,543
10,735,1.806100e-01,43.00000,36.00000,510
10,736,1.884636e-01,31.00000,36.00000,475
10,737,1.868051e-01,36.00000,36.00000,465
10,738,1.862448e-01,41.00000,40.00000,501
10,739,1.742674e-01,44.00000,35.00000,513
10,740,1.634767e-01,58.00000,30.00000,551
10,741,1.791290e-01,43.00000,36.00000,511
10,742,1.750311e-01,43.00000,35.00000,520
10,743,1.790653e-01,42.00000,35.00000,495
10,744,1.778345e-01,39.00000,35.00000,510
10,745,1.712106e-01,49.00000,35.00000,522
10,746,1.660549e-01,54.00000,30.00000,528
10,747,1.751002e-01,47.00000,35.00000,506
10,748,1.700712e-01,49.00000,30.00000,512
10,749,1.638460e-01,57.00000,30.00000,546
10,750,1.665540e-01,52.00000,30.00000,545
10,751,1.808266e-01,40.00000,36.00000,483
10,752,1.724738e-01,47.00000,35.00000,509
10,753,1.645281e-01,57.00000,30.00000,545
10,754,1.649393e-01,53.00000,30.00000,545
10,755,1.644731e-01,54.00000,30.00000,543
10,756,1.645639e-01,56.00000,30.00000,542
10,757,1.666379e-01,49.00000,30.00000,525
10,758,1.673595e-01,53.00000,30.00000,542
10,759,1.872970e-01,37.00000,36.00000,474
10,760,1.889230e-01,31.00000,36.00000,462
10,761,1.643701e-01,55.00000,30.00000,536
10,762,1.722564e-01,48.00000,35.00000,517
10,763,1.750298e-01,47.00000,35.00000,506
10,764,1.849218e-01,31.00000,36.00000,511
10,765,1.669528e-01,56.00000,30.00000,538
10,766,1.865835e-01,37.00000,36.00000,487
10,767,1.702161e-01,46.00000,35.00000,522
10,768,1.773891e-01,37.00000,36.00000,516
10,769,1.785572e-01,40.00000,36.00000,496
10,770,1.836591e-01,37.00000,36.00000,475
10,771,1.792048e-01,38.00000,35.00000,489
10,772,1.829080e-01,36.00000,36.00000,473
10,773,1.807740e-01,36.00000,35.00000,499
10,774,1.641002e-01,54.00000,30.00000,546
10,775,1.662048e-01,54.00000,30.00000,528
10,776,1.864031e-01,37.00000,36.00000,499
10,777,1.641953e-01,55.00000,30.00000,542
10,778,1.675825e-01,49.00000,30.00000,525
10,779,1.643047e-01,54.00000,30.00000,527
10,780,1.800743e-01,49.00000,35.00000,515
10,781,1.833812e-01,35.00000,36.00000,476
10,782,1.733372e-01,42.00000,35.00000,498
10,783,1.772997e-01,48.00000,35.00000,516
10,784,1.692473e-01,47.00000,35.00000,521
10,785,1.681761e-01,49.00000,30.00000,556
10,786,1.745843e-01,45.00000,35.00000,502
10,787,1.749413e-01,44.00000,35.00000,511
10,788,1.632532e-01,57.00000,30.00000,545
10,789,1.745891e-01,40.00000,35.00000,505
10,790,1.804275e-01,42.00000,36.00000,491
10,791,1.676559e-01,53.00000,30.00000,533
10,792,1.767683e-01,42.00000,35.00000,500
10,793,1.881723e-01,37.00000,36.00000,481
10,794,1.868540e-01,37.00000,36.00000,478
10,795,1.742216e-01,43.00000,35.00000,507
10,796,1.656005e-01,59.00000,30.00000,554
10,797,1.816818e-01,41.00000,36.00000,493
10,798,1.730023e-01,47.00000,35.00000,516
10,799,1.626803e-01,57.00000,30.00000,548
10,800,1.636425e-01,60.00000,30.00000,561
10,801,1.862566e-01,43.00000,36.00000,500
10,802,1.728684e-01,52.00000,30.00000,520
10,803,1.714192e-01,51.00000,30.00000,531
10,804,1.823176e-01,42.00000,35.00000,522
10,805,1.789856e-01,49.00000,30.00000,526
10,806,1.745388e-01,53.00000,30.00000,551
10,807,1.822021e-01,43.00000,35.00000,507
10,808,1.864302e-01,42.00000,35.00000,495
10,809,1.809259e-01,48.00000,35.00000,515
10,810,1.882422e-01,40.00000,36.00000,480
10,811,1.735350e-01,49.00000,30.00000,538
10,812,1.780921e-01,46.00000,35.00000,510
10,813,1.726312e-01,53.00000,30.00000,529
10,814,1.771567e-01,48.00000,35.00000,518
10,815,1.890925e-01,31.00000,36.00000,495
10,816,1.748650e-01,51.00000,35.00000,524
10,817,1.689928e-01,55.00000,30.00000,545
10,818,1.877478e-01,40.00000,36.00000,478
10,819,1.782173e-01,47.00000,35.00000,505
10,820,1.812099e-01,31.00000,36.00000,504
10,821,1.879584e-01,31.00000,36.00000,491
10,822,1.740134e-01,45.00000,35.00000,515
10,823,1.714810e-01,54.00000,30.00000,530
10,824,1.666696e-01,55.00000,30.00000,536
10,825,1.934133e-01,35.00000,36.00000,465
10,826,1.677293e-01,51.00000,30.00000,549
10,827,1.700734e-01,49.00000,30.00000,549
10,828,1.840079e-01,41.00000,36.00000,489
10,829,1.759970e-01,50.00000,35.00000,527
10,830,1.671787e-01,56.00000,30.00000,552
10,831,1.667269e-01,55.00000,30.00000,546
10,832,1.753936e-01,44.00000,35.00000,506
10,833,1.857755e-01,35.00000,36.00000,496
11,0,1.705467e-01,49.00000,30.00000,535
11,1,1.723828e-01,42.00000,35.00000,532
11,2,1.689964e-01,53.00000,30.00000,523
11,3,1.721538e-01,55.00000,30.00000,532
11,4,1.674842e-01,45.00000,35.00000,527
11,5,1.784392e-01,49.00000,30.00000,507
11,6,1.686139e-01,49.00000,35.00000,540
11,7,1.755493e-01,40.00000,36.00000,520
11,8,1.795542e-01,37.00000,36.00000,507
11,9,1.759852e-01,53.00000,35.00000,526
11,10,1.687979e-01,54.00000,30.00000,544
11,11,1.680109e-01,54.00000,30.00000,535
11,12,1.725587e-01,42.00000,36.00000,515
11,13,1.720223e-01,48.00000,35.00000,523
11,14,1.802516e-01,48.00000,35.00000,520
11,15,1.699043e-01,45.00000,35.00000,525
11,16,1.798425e-01,51.00000,30.00000,523
11,17,1.725685e-01,49.00000,30.00000,510
11,18,1.683581e-01,48.00000,35.00000,537
11,19,1.757968e-01,47.00000,35.00000,516
11,20,1.698155e-01,40.00000,35.00000,524
11,21,1.958404e-01,31.00000,36.00000,446
11,22,1.867686e-01,30.00000,36.00000,465
11,23,1.758907e-01,54.00000,30.00000,522
11,24,1.660655e-01,53.00000,30.00000,539
11,25,1.731750e-01,48.00000,35.00000,524
11,26,1.745678e-01,46.00000,35.00000,515
11,27,1.853067e-01,31.00000,36.00000,477
11,28,1.900353e-01,31.00000,36.00000,464
11,29,1.762341e-01,41.00000,35.00000,512
11,30,1.664387e-01,52.00000,30.00000,515
11,31,1.800041e-01,39.00000,35.00000,483
11,32,1.760191e-01,38.00000,35.00000,507
11,33,1.671264e-01,57.00000,30.00000,543
11,34,1.833958e-01,40.00000,36.00000,479
11,35,1.696540e-01,49.00000,30.00000,533
11,36,1.806873e-01,42.00000,36.00000,489
11,37,1.887400e-01,25.00000,36.00000,497
11,38,1.812764e-01,39.00000,36.00000,496
11,39,1.667011e-01,53.00000,30.00000,531
11,40,1.673593e-01,53.00000,30.00000,532
11,41,1.824914e-01,37.00000,35.00000,489
11,42,1.675254e-01,42.00000,36.00000,534
11,43,1.808607e-01,52.00000,30.00000,519
11,44,1.648740e-01,51.00000,30.00000,540
11,45,1.671101e-01,53.00000,30.00000,527
11,46,1.830142e-01,38.00000,40.00000,482
11,47,1.766075e-01,37.00000,35.00000,508
11,48,1.721523e-01,47.00000,35.00000,533
11,49,1.798931e-01,42.00000,35.00000,493
11,50,1.733960e-01,42.00000,35.00000,525
11,51,1.665377e-01,55.00000,30.00000,534
11,52,1.782071e-01,37.00000,35.00000,524
11,53,1.656306e-01,59.00000,30.00000,551
11,54,1.649757e-01,49.00000,30.00000,541
11,55,1.746224e-01,45.00000,35.00000,493
11,56,1.659350e-01,53.00000,30.00000,525
11,57,1.891640e-01,30.00000,36.00000,483
11,58,1.814430e-01,36.00000,36.00000,493
11,59,1.808357e-01,40.00000,36.00000,491
11,60,1.738476e-01,43.00000,35.00000,504
11,61,1.860934e-01,37.00000,36.00000,474
11,62,1.657196e-01,52.00000,30.00000,539
11,63,1.643135e-01,59.00000,30.00000,551
11,64,1.791149e-01,44.00000,35.00000,512
11,65,1.662058e-01,57.00000,30.00000,543
11,66,1.799656e-01,46.00000,36.00000,503
11,67,1.764851e-01,42.00000,35.00000,499
11,68,1.666536e-01,55.00000,30.00000,535
11,69,1.673405e-01,49.00000,30.00000,532
11,70,1.800830e-01,41.00000,36.00000,489
11,71,1.689434e-01,57.00000,30.00000,543
11,72,1.771358e-01,41.00000,40.00000,509
11,73,1.676508e-01,49.00000,30.00000,520
11,74,1.660572e-01,54.00000,30.00000,534
11,75,1.770297e-01,45.00000,35.00000,493
11,76,1.711981e-01,47.00000,35.00000,514
11,77,1.684198e-01,53.00000,30.00000,526
11,78,1.715987e-01,45.00000,35.00000,530
11,79,1.791440e-01,40.00000,36.00000,497
11,80,1.768329e-01,43.00000,36.00000,505
11,81,1.742465e-01,46.00000,35.00000,509
11,82,1.641921e-01,55.00000,30.00000,535
11,83,1.746310e-01,46.00000,35.00000,514
11,84,1.744231e-01,44.00000,35.00000,502
11,85,1.726188e-01,46.00000,35.00000,521
11,86,1.791290e-01,41.00000,36.00000,504
11,87,1.766197e-01,45.00000,35.00000,505
11,88,1.686063e-01,54.00000,30.00000,543
11,89,1.743343e-01,41.00000,35.00000,515
11,90,1.851955e-01,35.00000,36.00000,512
11,91,1.833043e-01,43.00000,36.00000,497
11,92,1.724131e-01,50.00000,35.00000,529
11,93,1.648818e-01,53.00000,30.00000,525
11,94,1.639514e-01,57.00000,30.00000,546
11,95,1.770522e-01,40.00000,40.00000,490
11,96,1.845924e-01,39.00000,36.00000,480
11,97,1.729487e-01,47.00000,35.00000,508
11,98,1.626385e-01,55.00000,30.00000,560
11,99,1.680693e-01,49.00000,30.00000,525
11,100,1.701029e-01,49.00000,30.00000,524
11,101,1.619080e-01,58.00000,30.00000,545
11,102,1.811732e-01,43.00000,36.00000,498
11,103,1.806300e-01,42.00000,36.00000,486
11,104,1.675801e-01,55.00000,30.00000,548
11,105,1.637551e-01,51.00000,30.00000,548
11,106,1.734554e-01,47.00000,35.00000,504
11,107,1.674679e-01,49.00000,30.00000,523
11,108,1.751454e-01,44.00000,35.00000,501
11,109,1.789969e-01,38.00000,35.00000,492
11,110,1.653988e-01,52.00000,30.00000,525
11,111,1.707917e-01,45.00000,35.00000,519
11,112,1.739824e-01,48.00000,35.00000,516
11,113,1.674354e-01,54.00000,30.00000,524
11,114,1.775872e-01,46.00000,36.00000,505
11,115,1.701300e-01,52.00000,30.00000,515
11,116,1.672410e-01,53.00000,30.00000,526
11,117,1.796219e-01,39.00000,36.00000,485
11,118,1.663560e-01,58.00000,30.00000,540
11,119,1.647073e-01,53.00000,30.00000,533
11,120,1.636210e-01,57.00000,30.00000,551
11,121,1.837091e-01,31.00000,36.00000,496
11,122,1.650565e-01,57.00000,30.00000,543
11,123,1.639019e-01,55.00000,30.00000,545
11,124,1.645207e-01,54.00000,30.00000,537
11,125,1.794339e-01,43.00000,35.00000,487
11,126,1.692318e-01,49.00000,30.00000,510
11,127,1.870236e-01,25.00000,36.00000,478
11,128,1.651554e-01,55.00000,30.00000,534
11,129,1.743621e-01,46.00000,35.00000,511
11,130,1.674152e-01,54.00000,30.00000,536
11,131,1.868338e-01,37.00000,36.00000,473
11,132,1.739477e-01,46.00000,35.00000,515
11,133,1.762141e-01,43.00000,35.00000,499
11,134,1.762400e-01,42.00000,35.00000,515
11,135,1.653964e-01,49.00000,30.00000,522
11,136,1.643906e-01,51.00000,30.00000,543
11,137,1.636685e-01,54.00000,30.00000,549
11,138,1.734574e-01,45.00000,35.00000,505
11,139,1.762075e-01,43.00000,35.00000,501
11,140,1.857976e-01,31.00000,36.00000,472
11,141,1.822413e-01,37.00000,36.00000,489
11,142,1.680039e-01,49.00000,30.00000,549
11,143,1.671653e-01,53.00000,30.00000,526
11,144,1.917576e-01,30.00000,36.00000,469
11,145,1.793858e-01,39.00000,36.00000,487
11,146,1.691917e-01,53.00000,35.00000,530
11,147,1.638758e-01,50.00000,30.00000,552
11,148,1.705159e-01,46.00000,35.00000,514
11,149,1.735335e-01,44.00000,35.00000,508
11,150,1.653725e-01,54.00000,30.00000,532
11,151,1.671366e-01,49.00000,30.00000,534
11,152,1.648820e-01,53.00000,30.00000,543
11,153,1.705752e-01,47.00000,35.00000,523
11,154,1.809393e-01,42.00000,36.00000,492
11,155,1.710858e-01,45.00000,35.00000,534
11,156,1.685487e-01,49.00000,30.00000,527
11,157,1.743706e-01,45.00000,35.00000,522
11,158,1.774437e-01,40.00000,35.00000,507
11,159,1.787062e-01,40.00000,40.00000,499
11,160,1.780875e-01,38.00000,35.00000,508
11,161,1.793652e-01,38.00000,35.00000,488
11,162,1.855730e-01,36.00000,36.00000,461
11,163,1.636533e-01,49.00000,30.00000,551
11,164,1.624323e-01,57.00000,30.00000,556
11,165,1.805699e-01,41.00000,40.00000,501
11,166,1.663209e-01,49.00000,30.00000,538
11,167,1.742724e-01,45.00000,35.00000,520
11,168,1.874663e-01,25.00000,36.00000,482
11,169,1.841453e-01,37.00000,36.00000,488
11,170,1.636582e-01,57.00000,30.00000,551
11,171,1.815147e-01,37.00000,36.00000,481
11,172,1.707760e-01,44.00000,35.00000,541
11,173,1.831904e-01,37.00000,36.00000,486
11,174,1.630871e-01,53.00000,30.00000,535
11,175,1.772560e-01,42.00000,36.00000,502
11,176,1.751556e-01,42.00000,35.00000,505
11,177,1.648390e-01,57.00000,30.00000,546
11,178,1.712238e-01,48.00000,35.00000,519
11,179,1.632893e-01,52.00000,30.00000,541
11,180,1.637930e-01,49.00000,30.00000,544
11,181,1.768784e-01,43.00000,35.00000,493
11,182,1.706377e-01,49.00000,35.00000,515
11,183,1.663689e-01,54.00000,30.00000,537
11,184,1.738395e-01,43.00000,35.00000,507
11,185,1.649032e-01,52.00000,30.00000,545
11,186,1.697317e-01,49.00000,35.00000,521
11,187,1.641652e-01,55.00000,30.00000,542
11,188,1.700072e-01,41.00000,35.00000,533
11,189,1.637956e-01,58.00000,30.00000,539
11,190,1.724868e-01,44.00000,35.00000,513
11,191,1.660134e-01,49.00000,30.00000,542
11,192,1.715587e-01,43.00000,35.00000,528
11,193,1.648465e-01,55.00000,30.00000,540
11,194,1.684103e-01,52.00000,35.00000,536
11,195,1.751854e-01,45.00000,36.00000,507
11,196,1.635118e-01,55.00000,30.00000,536
11,197,1.621847e-01,54.00000,30.00000,543
11,198,1.731070e-01,42.00000,35.00000,520
11,199,1.730710e-01,46.00000,35.00000,510
11,200,1.632082e-01,54.00000,30.00000,552
11,201,1.640677e-01,52.00000,30.00000,543
11,202,1.742404e-01,40.00000,36.00000,508
11,203,1.656384e-01,53.00000,30.00000,527
11,204,1.656466e-01,53.00000,30.00000,526
11,205,1.711687e-01,50.00000,35.00000,528
11,206,1.644214e-01,55.00000,30.00000,536
11,207,1.719334e-01,48.00000,35.00000,515
11,208,1.633377e-01,53.00000,30.00000,538
11,209,1.905606e-01,25.00000,36.00000,485
11,210,1.716844e-01,47.00000,35.00000,514
11,211,1.614927e-01,58.00000,30.00000,543
11,212,1.707535e-01,48.00000,35.00000,515
11,213,1.726793e-01,48.00000,35.00000,523
11,214,1.636678e-01,53.00000,30.00000,543
11,215,1.701393e-01,47.00000,35.00000,522
11,216,1.635418e-01,49.00000,30.00000,532
11,217,1.771493e-01,37.00000,40.00000,494
11,218,1.636548e-01,54.00000,30.00000,525
11,219,1.674944e-01,49.00000,30.00000,511
11,220,1.788130e-01,37.00000,36.00000,505
11,221,1.624593e-01,58.00000,30.00000,543
11,222,1.783614e-01,38.00000,35.00000,494
11,223,1.633052e-01,54.00000,30.00000,532
11,224,1.633154e-01,53.00000,30.00000,541
11,225,1.798808e-01,42.00000,36.00000,497
11,226,1.711495e-01,49.00000,35.00000,516
11,227,1.666804e-01,49.00000,30.00000,523
11,228,1.641489e-01,57.00000,30.00000,546
11,229,1.792782e-01,35.00000,36.00000,503
11,230,1.721920e-01,43.00000,35.00000,516
11,231,1.632347e-01,59.00000,30.00000,553
11,232,1.613151e-01,56.00000,30.00000,537
11,233,1.733888e-01,45.00000,35.00000,529
11,234,1.679044e-01,52.00000,30.00000,531
11,235,1.620390e-01,53.00000,30.00000,552
11,236,1.641433e-01,57.00000,30.00000,555
11,237,1.722979e-01,45.00000,35.00000,496
11,238,1.644863e-01,49.00000,30.00000,544
11,239,1.635300e-01,55.00000,30.00000,545
11,240,1.630238e-01,60.00000,30.00000,551
11,241,1.826446e-01,37.00000,36.00000,480
11,242,1.635559e-01,57.00000,30.00000,550
11,243,1.618875e-01,57.00000,30.00000,546
11,244,1.769919e-01,41.00000,40.00000,501
11,245,1.723453e-01,42.00000,35.00000,513
11,246,1.803337e-01,35.00000,36.00000,494
11,247,1.818701e-01,36.00000,40.00000,482
11,248,1.722846e-01,42.00000,35.00000,507
11,249,1.650786e-01,56.00000,30.00000,536
11,250,1.814817e-01,40.00000,36.00000,484
11,251,1.740455e-01,39.00000,35.00000,514
11,252,1.800674e-01,31.00000,36.00000,509
11,253,1.667632e-01,49.00000,30.00000,534
11,254,1.638022e-01,55.00000,30.00000,536
11,255,1.781456e-01,37.00000,36.00000,499
11,256,1.724651e-01,42.00000,35.00000,540
11,257,1.783586e-01,41.00000,36.00000,528
11,258,1.732846e-01,42.00000,35.00000,501
11,259,1.766791e-01,45.00000,35.00000,511
11,260,1.635413e-01,53.00000,30.00000,540
11,261,1.788907e-01,36.00000,35.00000,484
11,262,1.613514e-01,58.00000,30.00000,543
11,263,1.627532e-01,52.00000,30.00000,531
11,264,1.635146e-01,49.00000,30.00000,542
11,265,1.615875e-01,49.00000,30.00000,554
11,266,1.717005e-01,42.00000,36.00000,533
11,267,1.699415e-01,47.00000,35.00000,506
11,268,1.663823e-01,52.00000,30.00000,523
11,269,1.632140e-01,53.00000,30.00000,528
11,270,1.843175e-01,31.00000,36.00000,471
11,271,1.781676e-01,37.00000,36.00000,518
11,272,1.603843e-01,57.00000,30.00000,546
11,273,1.712396e-01,44.00000,35.00000,509
11,274,1.710169e-01,48.00000,35.00000,515
11,275,1.653433e-01,49.00000,30.00000,539
11,276,1.704114e-01,45.00000,35.00000,505
11,277,1.733241e-01,43.00000,35.00000,508
11,278,1.748524e-01,44.00000,35.00000,516
11,279,1.691249e-01,49.00000,35.00000,530
11,280,1.717002e-01,48.00000,36.00000,511
11,281,1.757562e-01,43.00000,36.00000,500
11,282,1.766126e-01,47.00000,36.00000,515
11,283,1.677903e-01,48.00000,35.00000,516
11,284,1.803524e-01,37.00000,36.00000,484
11,285,1.616264e-01,57.00000,30.00000,552
11,286,1.691965e-01,45.00000,35.00000,512
11,287,1.701159e-01,48.00000,35.00000,517
11,288,1.638503e-01,54.00000,30.00000,539
11,289,1.645228e-01,54.00000,30.00000,528
11,290,1.745297e-01,36.00000,35.00000,504
11,291,1.706011e-01,48.00000,35.00000,516
11,292,1.835011e-01,35.00000,36.00000,467
11,293,1.742098e-01,43.00000,35.00000,501
11,294,1.787252e-01,39.00000,36.00000,500
11,295,1.634266e-01,55.00000,30.00000,537
11,296,1.745386e-01,45.00000,36.00000,508
11,297,1.791478e-01,38.00000,40.00000,485
11,298,1.740119e-01,38.00000,35.00000,510
11,299,1.628136e-01,53.00000,30.00000,543
11,300,1.746586e-01,41.00000,35.00000,515
11,301,1.860596e-01,31.00000,36.00000,472
11,302,1.865750e-01,31.00000,36.00000,473
11,303,1.731196e-01,43.00000,36.00000,507
11,304,1.823933e-01,35.00000,36.00000,487
11,305,1.774050e-01,35.00000,36.00000,507
11,306,1.754378e-01,44.00000,35.00000,518
11,307,1.732475e-01,40.00000,35.00000,512
11,308,1.666584e-01,57.00000,30.00000,545
11,309,1.708228e-01,45.00000,35.00000,516
11,310,1.780538e-01,37.00000,36.00000,494
11,311,1.728531e-01,45.00000,35.00000,497
11,312,1.656788e-01,56.00000,30.00000,539
11,313,1.764809e-01,47.00000,36.00000,515
11,314,1.635247e-01,57.00000,30.00000,546
11,315,1.762052e-01,42.00000,36.00000,506
11,316,1.611963e-01,52.00000,30.00000,555
11,317,1.709282e-01,45.00000,35.00000,517
11,318,1.647670e-01,53.00000,30.00000,527
11,319,1.675598e-01,49.00000,35.00000,543
11,320,1.793962e-01,40.00000,40.00000,493
11,321,1.698055e-01,46.00000,35.00000,511
11,322,1.651071e-01,49.00000,30.00000,528
11,323,1.717306e-01,38.00000,35.00000,536
11,324,1.684026e-01,50.00000,35.00000,528
11,325,1.699983e-01,48.00000,35.00000,517
11,326,1.751125e-01,31.00000,36.00000,512
11,327,1.725113e-01,43.00000,35.00000,505
11,328,1.800329e-01,40.00000,36.00000,480
11,329,1.716220e-01,48.00000,35.00000,523
11,330,1.828269e-01,41.00000,36.00000,491
11,331,1.787354e-01,36.00000,40.00000,492
11,332,1.728878e-01,39.00000,35.00000,514
11,333,1.756426e-01,37.00000,35.00000,499
11,334,1.653667e-01,49.00000,30.00000,560
11,335,1.753573e-01,36.00000,35.00000,516
11,336,1.638278e-01,55.00000,30.00000,554
11,337,1.637887e-01,49.00000,30.00000,556
11,338,1.648957e-01,55.00000,30.00000,539
11,339,1.661110e-01,47.00000,35.00000,518
11,340,1.795374e-01,36.00000,40.00000,479
11,341,1.635367e-01,54.00000,30.00000,543
11,342,1.814552e-01,35.00000,36.00000,469
11,343,1.847583e-01,37.00000,36.00000,484
11,344,1.650547e-01,54.00000,30.00000,554
11,345,1.804125e-01,37.00000,36.00000,502
11,346,1.610217e-01,54.00000,30.00000,558
11,347,1.682810e-01,49.00000,30.00000,512
11,348,1.781296e-01,41.00000,36.00000,497
11,349,1.724305e-01,43.00000,35.00000,504
11,350,1.672166e-01,51.00000,30.00000,526
11,351,1.757391e-01,49.00000,36.00000,532
11,352,1.696261e-01,43.00000,35.00000,520
11,353,1.786870e-01,35.00000,40.00000,498
11,354,1.732225e-01,43.00000,35.00000,490
11,355,1.631168e-01,57.00000,30.00000,551
11,356,1.661465e-01,49.00000,30.00000,525
11,357,1.645447e-01,53.00000,30.00000,542
11,358,1.882629e-01,25.00000,36.00000,477
11,359,1.732531e-01,41.00000,35.00000,510
11,360,1.606256e-01,55.00000,30.00000,562
11,361,1.617562e-01,58.00000,30.00000,542
11,362,1.800258e-01,41.00000,36.00000,495
11,363,1.611544e-01,58.00000,30.00000,541
11,364,1.774015e-01,36.00000,35.00000,516
11,365,1.721750e-01,46.00000,35.00000,515
11,366,1.721466e-01,45.00000,35.00000,504
11,367,1.605069e-01,58.00000,30.00000,552
11,368,1.655990e-01,49.00000,30.00000,527
11,369,1.645215e-01,55.00000,30.00000,537
11,370,1.736535e-01,41.00000,35.00000,511
11,371,1.615505e-01,49.00000,30.00000,537
11,372,1.709540e-01,46.00000,35.00000,512
11,373,1.709782e-01,47.00000,36.00000,516
11,374,1.701907e-01,45.00000,35.00000,528
11,375,1.646114e-01,49.00000,30.00000,534
11,376,1.614537e-01,58.00000,30.00000,544
11,377,1.657280e-01,49.00000,30.00000,522
11,378,1.621643e-01,57.00000,30.00000,545
11,379,1.732019e-01,44.00000,35.00000,505
11,380,1.690589e-01,49.00000,35.00000,515
11,381,1.730481e-01,43.00000,36.00000,503
11,382,1.733662e-01,42.00000,35.00000,508
11,383,1.690932e-01,40.00000,35.00000,525
11,384,1.612435e-01,55.00000,30.00000,543
11,385,1.642650e-01,53.00000,30.00000,527
11,386,1.718595e-01,40.00000,35.00000,508
11,387,1.747387e-01,42.00000,35.00000,506
11,388,1.772516e-01,35.00000,36.00000,502
11,389,1.599312e-01,52.00000,30.00000,536
11,390,1.721003e-01,46.00000,35.00000,512
11,391,1.670947e-01,49.00000,30.00000,512
11,392,1.698157e-01,44.00000,35.00000,506
11,393,1.699992e-01,44.00000,35.00000,528
11,394,1.781263e-01,43.00000,36.00000,510
11,395,1.600845e-01,58.00000,30.00000,552
11,396,1.700291e-01,45.00000,35.00000,510
11,397,1.686143e-01,51.00000,35.00000,524
11,398,1.782216e-01,34.00000,40.00000,489
11,399,1.664935e-01,49.00000,30.00000,526
11,400,1.714697e-01,42.00000,35.00000,509
11,401,1.637047e-01,51.00000,30.00000,535
11,402,1.617833e-01,59.00000,30.00000,553
11,403,1.605892e-01,54.00000,30.00000,550
11,404,1.752570e-01,43.00000,36.00000,500
11,405,1.644840e-01,54.00000,30.00000,526
11,406,1.788712e-01,35.00000,36.00000,496
11,407,1.629614e-01,55.00000,30.00000,541
11,408,1.690584e-01,43.00000,35.00000,525
11,409,1.692575e-01,48.00000,35.00000,516
11,410,1.687638e-01,49.00000,35.00000,519
11,411,1.604093e-01,54.00000,30.00000,538
11,412,1.632812e-01,57.00000,30.00000,545
11,413,1.799303e-01,35.00000,36.00000,479
11,414,1.650661e-01,49.00000,30.00000,534
11,415,1.673331e-01,47.00000,35.00000,529
11,416,1.712373e-01,44.00000,35.00000,512
11,417,1.702656e-01,50.00000,35.00000,529
11,418,1.715924e-01,44.00000,35.00000,509
11,419,1.828039e-01,35.00000,36.00000,467
11,420,1.750215e-01,42.00000,35.00000,514
11,421,1.708882e-01,48.00000,35.00000,520
11,422,1.730863e-01,43.00000,35.00000,506
11,423,1.623209e-01,54.00000,30.00000,543
11,424,1.643474e-01,54.00000,30.00000,532
11,425,1.836266e-01,39.00000,36.00000,483
11,426,1.792006e-01,32.00000,36.00000,479
11,427,1.726290e-01,42.00000,35.00000,515
11,428,1.673492e-01,49.00000,30.00000,531
11,429,1.636403e-01,58.00000,30.00000,540
11,430,1.814692e-01,31.00000,36.00000,507
11,431,1.717507e-01,43.00000,35.00000,503
11,432,1.744605e-01,46.00000,35.00000,512
11,433,1.690154e-01,43.00000,35.00000,508
11,434,1.691189e-01,46.00000,35.00000,516
11,435,1.732809e-01,40.00000,36.00000,499
11,436,1.649234e-01,49.00000,30.00000,526
11,437,1.660122e-01,52.00000,35.00000,537
11,438,1.709718e-01,46.00000,35.00000,512
11,439,1.638915e-01,49.00000,30.00000,520
11,440,1.755507e-01,40.00000,36.00000,492
11,441,1.742152e-01,37.00000,35.00000,495
11,442,1.793234e-01,36.00000,36.00000,469
11,443,1.686710e-01,48.00000,35.00000,516
11,444,1.822357e-01,30.00000,40.00000,473
11,445,1.707969e-01,45.00000,35.00000,506
11,446,1.700748e-01,45.00000,35.00000,501
11,447,1.689669e-01,45.00000,35.00000,508
11,448,1.629960e-01,58.00000,30.00000,545
11,449,1.630921e-01,54.00000,30.00000,529
11,450,1.582207e-01,57.00000,30.00000,552
11,451,1.644965e-01,49.00000,30.00000,538
11,452,1.592562e-01,57.00000,30.00000,562
11,453,1.627851e-01,53.00000,30.00000,528
11,454,1.603066e-01,54.00000,30.00000,544
11,455,1.779537e-01,37.00000,40.00000,484
11,456,1.627484e-01,57.00000,30.00000,545
11,457,1.821812e-01,36.00000,36.00000,500
11,458,1.625579e-01,49.00000,30.00000,528
11,459,1.621588e-01,53.00000,30.00000,548
11,460,1.784596e-01,39.00000,40.00000,502
11,461,1.723720e-01,40.00000,35.00000,490
11,462,1.620473e-01,54.00000,30.00000,530
11,463,1.745816e-01,45.00000,36.00000,507
11,464,1.717372e-01,44.00000,35.00000,523
11,465,1.834867e-01,25.00000,36.00000,480
11,466,1.584845e-01,57.00000,30.00000,545
11,467,1.755063e-01,43.00000,36.00000,508
11,468,1.722188e-01,40.00000,40.00000,509
11,469,1.710641e-01,44.00000,35.00000,510
11,470,1.745242e-01,39.00000,36.00000,514
11,471,1.592634e-01,52.00000,30.00000,569
11,472,1.601016e-01,58.00000,30.00000,544
11,473,1.792045e-01,36.00000,36.00000,498
11,474,1.758354e-01,35.00000,36.00000,508
11,475,1.767708e-01,38.00000,35.00000,496
11,476,1.770432e-01,40.00000,36.00000,520
11,477,1.710438e-01,45.00000,35.00000,511
11,478,1.717685e-01,44.00000,35.00000,503
11,479,1.753883e-01,36.00000,36.00000,521
11,480,1.650992e-01,55.00000,30.00000,537
11,481,1.722712e-01,38.00000,35.00000,533
11,482,1.738100e-01,46.00000,35.00000,516
11,483,1.718233e-01,46.00000,35.00000,511
11,484,1.693460e-01,47.00000,35.00000,513
11,485,1.632058e-01,49.00000,30.00000,547
11,486,1.714519e-01,46.00000,35.00000,516
11,487,1.676535e-01,46.00000,35.00000,517
11,488,1.694818e-01,46.00000,35.00000,512
11,489,1.657310e-01,48.00000,35.00000,528
11,490,1.772512e-01,40.00000,40.00000,486
11,491,1.691226e-01,47.00000,35.00000,506
11,492,1.723177e-01,43.00000,35.00000,503
11,493,1.636439e-01,49.00000,30.00000,526
11,494,1.625001e-01,53.00000,30.00000,530
11,495,1.621366e-01,51.00000,30.00000,535
11,496,1.634346e-01,53.00000,30.00000,535
11,497,1.740562e-01,47.00000,36.00000,516
11,498,1.698586e-01,43.00000,36.00000,506
11,499,1.699071e-01,49.00000,35.00000,516
11,500,1.583172e-01,56.00000,30.00000,536
11,501,1.713819e-01,45.00000,35.00000,501
11,502,1.608922e-01,54.00000,30.00000,533
11,503,1.777271e-01,37.00000,36.00000,477
11,504,1.694574e-01,44.00000,35.00000,521
11,505,1.598698e-01,53.00000,30.00000,542
11,506,1.654961e-01,48.00000,35.00000,529
11,507,1.671090e-01,49.00000,35.00000,527
11,508,1.716114e-01,39.00000,35.00000,500
11,509,1.648850e-01,49.00000,30.00000,514
11,510,1.798525e-01,40.00000,36.00000,479
11,511,1.629297e-01,49.00000,30.00000,530
11,512,1.627201e-01,54.00000,30.00000,538
11,513,1.711725e-01,46.00000,35.00000,511
11,514,1.603552e-01,49.00000,30.00000,551
11,515,1.597947e-01,57.00000,30.00000,547
11,516,1.650691e-01,52.00000,30.00000,527
11,517,1.639001e-01,49.00000,30.00000,535
11,518,1.699761e-01,49.00000,35.00000,517
11,519,1.700628e-01,46.00000,35.00000,511
11,520,1.697184e-01,47.00000,36.00000,522
11,521,1.803158e-01,39.00000,40.00000,502
11,522,1.704222e-01,40.00000,35.00000,496
11,523,1.866981e-01,31.00000,36.00000,480
11,524,1.760742e-01,40.00000,36.00000,487
11,525,1.605122e-01,54.00000,30.00000,558
11,526,1.816694e-01,36.00000,36.00000,468
11,527,1.751604e-01,43.00000,36.00000,507
11,528,1.708003e-01,36.00000,35.00000,521
11,529,1.606223e-01,57.00000,30.00000,545
11,530,1.647563e-01,53.00000,30.00000,537
11,531,1.602008e-01,57.00000,30.00000,545
11,532,1.705095e-01,45.00000,35.00000,511
11,533,1.707946e-01,42.00000,35.00000,513
11,534,1.700967e-01,41.00000,35.00000,512
11,535,1.664456e-01,49.00000,30.00000,520
11,536,1.695161e-01,43.00000,35.00000,516
11,537,1.619266e-01,49.00000,30.00000,535
11,538,1.623602e-01,58.00000,30.00000,540
11,539,1.702998e-01,47.00000,35.00000,506
11,540,1.611961e-01,49.00000,30.00000,543
11,541,1.649333e-01,51.00000,30.00000,527
11,542,1.644178e-01,53.00000,30.00000,527
11,543,1.701517e-01,46.00000,35.00000,511
11,544,1.681334e-01,41.00000,35.00000,528
11,545,1.726664e-01,43.00000,35.00000,491
11,546,1.669214e-01,47.00000,35.00000,519
11,547,1.628937e-01,49.00000,30.00000,544
11,548,1.850798e-01,41.00000,36.00000,493
11,549,1.626424e-01,53.00000,30.00000,539
11,550,1.594095e-01,54.00000,30.00000,541
11,551,1.697835e-01,50.00000,35.00000,529
11,552,1.781990e-01,34.00000,40.00000,484
11,553,1.762563e-01,41.00000,36.00000,491
11,554,1.696322e-01,45.00000,35.00000,503
11,555,1.788626e-01,31.00000,36.00000,525
11,556,1.697446e-01,45.00000,35.00000,514
11,557,1.633291e-01,52.00000,30.00000,525
11,558,1.702215e-01,45.00000,35.00000,504
11,559,1.602187e-01,55.00000,30.00000,537
11,560,1.694656e-01,46.00000,35.00000,511
11,561,1.697953e-01,42.00000,35.00000,516
11,562,1.705135e-01,46.00000,35.00000,511
11,563,1.800467e-01,35.00000,36.00000,480
11,564,1.777085e-01,38.00000,36.00000,491
11,565,1.692972e-01,46.00000,35.00000,516
11,566,1.747864e-01,43.00000,36.00000,500
11,567,1.833745e-01,34.00000,40.00000,473
11,568,1.707071e-01,43.00000,35.00000,531
11,569,1.673853e-01,47.00000,35.00000,507
11,570,1.744450e-01,42.00000,35.00000,495
11,571,1.815476e-01,40.00000,36.00000,480
11,572,1.658441e-01,49.00000,30.00000,533
11,573,1.808550e-01,41.00000,36.00000,494
11,574,1.839003e-01,35.00000,36.00000,493
11,575,1.640650e-01,58.00000,30.00000,549
11,576,1.636698e-01,53.00000,30.00000,549
11,577,1.737412e-01,45.00000,35.00000,511
11,578,1.780227e-01,42.00000,35.00000,494
11,579,1.795179e-01,36.00000,36.00000,487
11,580,1.707957e-01,46.00000,35.00000,511
11,581,1.724203e-01,48.00000,35.00000,516
11,582,1.621308e-01,60.00000,30.00000,559
11,583,1.678462e-01,46.00000,35.00000,529
11,584,1.788683e-01,36.00000,36.00000,495
11,585,1.716026e-01,46.00000,35.00000,542
11,586,1.747235e-01,41.00000,36.00000,508
11,587,1.709533e-01,40.00000,36.00000,527
11,588,1.676763e-01,55.00000,30.00000,551
11,589,1.749554e-01,37.00000,40.00000,500
11,590,1.748108e-01,49.00000,35.00000,516
11,591,1.860737e-01,31.00000,36.00000,470
11,592,1.744966e-01,37.00000,40.00000,494
11,593,1.686204e-01,49.00000,35.00000,549
11,594,1.637436e-01,49.00000,30.00000,545
11,595,1.735826e-01,51.00000,35.00000,530
11,596,1.662795e-01,53.00000,30.00000,527
11,597,1.614965e-01,54.00000,30.00000,563
11,598,1.610701e-01,55.00000,30.00000,537
11,599,1.689241e-01,48.00000,35.00000,516
11,600,1.719470e-01,46.00000,35.00000,511
11,601,1.788764e-01,37.00000,36.00000,491
11,602,1.735062e-01,42.00000,35.00000,504
11,603,1.701459e-01,42.00000,35.00000,514
11,604,1.725228e-01,43.00000,35.00000,497
11,605,1.682416e-01,43.00000,35.00000,522
11,606,1.621845e-01,57.00000,30.00000,545
11,607,1.707028e-01,48.00000,35.00000,516
11,608,1.622945e-01,54.00000,30.00000,532
11,609,1.736834e-01,42.00000,36.00000,494
11,610,1.643917e-01,55.00000,30.00000,536
11,611,1.731901e-01,44.00000,35.00000,502
11,612,1.605016e-01,52.00000,30.00000,550
11,613,1.613737e-01,57.00000,30.00000,546
11,614,1.655293e-01,49.00000,30.00000,511
11,615,1.615832e-01,52.00000,30.00000,543
11,616,1.689561e-01,44.00000,35.00000,516
11,617,1.765778e-01,38.00000,40.00000,482
11,618,1.701093e-01,45.00000,35.00000,513
11,619,1.625912e-01,56.00000,30.00000,535
11,620,1.761625e-01,39.00000,36.00000,490
11,621,1.633599e-01,54.00000,35.00000,552
11,622,1.602190e-01,58.00000,30.00000,540
11,623,1.631098e-01,55.00000,30.00000,536
11,624,1.761346e-01,41.00000,36.00000,490
11,625,1.679750e-01,45.00000,35.00000,513
11,626,1.738126e-01,40.00000,40.00000,500
11,627,1.627237e-01,50.00000,30.00000,533
11,628,1.672804e-01,44.00000,35.00000,516
11,629,1.660065e-01,50.00000,35.00000,535
11,630,1.682127e-01,46.00000,35.00000,525
11,631,1.589962e-01,57.00000,30.00000,545
11,632,1.640219e-01,49.00000,30.00000,544
11,633,1.631543e-01,49.00000,30.00000,540
11,634,1.763725e-01,36.00000,36.00000,509
11,635,1.692342e-01,48.00000,35.00000,520
11,636,1.768216e-01,42.00000,36.00000,490
11,637,1.803171e-01,42.00000,36.00000,498
11,638,1.756192e-01,39.00000,36.00000,502
11,639,1.688160e-01,48.00000,35.00000,522
11,640,1.588752e-01,57.00000,30.00000,553
11,641,1.720221e-01,42.00000,35.00000,508
11,642,1.614937e-01,53.00000,30.00000,564
11,643,1.608397e-01,53.00000,30.00000,535
11,644,1.685700e-01,39.00000,35.00000,518
11,645,1.810355e-01,34.00000,40.00000,469
11,646,1.841793e-01,31.00000,36.00000,451
11,647,1.671402e-01,51.00000,35.00000,525
11,648,1.600419e-01,53.00000,30.00000,545
11,649,1.777073e-01,37.00000,36.00000,476
11,650,1.691697e-01,42.00000,35.00000,524
11,651,1.786482e-01,31.00000,36.00000,479
11,652,1.602200e-01,54.00000,30.00000,533
11,653,1.687004e-01,44.00000,35.00000,503
11,654,1.697718e-01,44.00000,35.00000,522
11,655,1.851074e-01,25.00000,36.00000,509
11,656,1.619572e-01,53.00000,30.00000,528
11,657,1.618313e-01,54.00000,30.00000,544
11,658,1.819076e-01,38.00000,36.00000,478
11,659,1.677276e-01,43.00000,35.00000,528
11,660,1.660056e-01,46.00000,35.00000,534
11,661,1.639479e-01,52.00000,30.00000,539
11,662,1.639675e-01,54.00000,30.00000,535
11,663,1.790026e-01,35.00000,36.00000,515
11,664,1.613784e-01,56.00000,30.00000,540
11,665,1.713887e-01,45.00000,35.00000,504
11,666,1.826162e-01,35.00000,36.00000,472
11,667,1.681053e-01,45.00000,35.00000,506
11,668,1.624186e-01,52.00000,30.00000,547
11,669,1.685199e-01,44.00000,35.00000,532
11,670,1.659653e-01,49.00000,30.00000,530
11,671,1.606250e-01,57.00000,30.00000,551
11,672,1.701585e-01,43.00000,35.00000,530
11,673,1.623487e-01,49.00000,30.00000,533
11,674,1.658520e-01,49.00000,30.00000,526
11,675,1.603798e-01,56.00000,30.00000,532
11,676,1.682373e-01,43.00000,35.00000,534
11,677,1.600453e-01,53.00000,30.00000,553
11,678,1.780068e-01,36.00000,40.00000,488
11,679,1.724286e-01,42.00000,35.00000,503
11,680,1.602905e-01,55.00000,30.00000,536
11,681,1.713119e-01,43.00000,35.00000,512
11,682,1.696726e-01,40.00000,35.00000,506
11,683,1.669427e-01,49.00000,35.00000,516
11,684,1.620575e-01,52.00000,30.00000,537
11,685,1.733024e-01,37.00000,35.00000,512
11,686,1.726173e-01,42.00000,35.00000,496
11,687,1.665909e-01,50.00000,35.00000,531
11,688,1.628586e-01,54.00000,30.00000,529
11,689,1.685954e-01,47.00000,35.00000,514
11,690,1.687275e-01,45.00000,35.00000,503
11,691,1.675908e-01,47.00000,35.00000,517
11,692,1.715137e-01,43.00000,35.00000,502
11,693,1.595412e-01,57.00000,30.00000,554
11,694,1.720401e-01,41.00000,35.00000,510
11,695,1.757766e-01,39.00000,40.00000,500
11,696,1.828493e-01,30.00000,36.00000,498
11,697,1.816982e-01,31.00000,36.00000,467
11,698,1.656069e-01,49.00000,30.00000,547
11,699,1.719542e-01,46.00000,35.00000,529
11,700,1.698463e-01,49.00000,35.00000,516
11,701,1.609828e-01,55.00000,30.00000,536
11,702,1.707117e-01,48.00000,35.00000,516
11,703,1.599361e-01,53.00000,30.00000,543
11,704,1.745276e-01,41.00000,40.00000,500
11,705,1.592072e-01,60.00000,30.00000,555
11,706,1.627643e-01,49.00000,30.00000,540
11,707,1.609672e-01,55.00000,30.00000,538
11,708,1.731194e-01,42.00000,35.00000,500
11,709,1.797422e-01,40.00000,36.00000,486
11,710,1.619365e-01,51.00000,30.00000,540
11,711,1.758626e-01,40.00000,36.00000,491
11,712,1.684815e-01,44.00000,35.00000,522
11,713,1.593385e-01,56.00000,30.00000,541
11,714,1.683956e-01,43.00000,35.00000,523
11,715,1.733519e-01,42.00000,35.00000,493
11,716,1.836799e-01,31.00000,36.00000,471
11,717,1.815241e-01,36.00000,36.00000,474
11,718,1.765114e-01,43.00000,36.00000,500
11,719,1.750930e-01,37.00000,36.00000,510
11,720,1.615050e-01,49.00000,30.00000,538
11,721,1.611532e-01,49.00000,30.00000,560
11,722,1.548009e-01,59.00000,30.00000,574
11,723,1.593391e-01,51.00000,30.00000,551
11,724,1.752279e-01,41.00000,35.00000,500
11,725,1.632997e-01,49.00000,30.00000,529
11,726,1.700308e-01,45.00000,35.00000,500
11,727,1.877571e-01,31.00000,36.00000,458
11,728,1.617058e-01,49.00000,30.00000,539
11,729,1.568250e-01,59.00000,30.00000,553
11,730,1.637752e-01,49.00000,30.00000,531
11,731,1.608897e-01,54.00000,30.00000,549
11,732,1.694535e-01,47.00000,35.00000,515
11,733,1.610820e-01,52.00000,30.00000,556
11,734,1.624498e-01,49.00000,30.00000,523
11,735,1.584802e-01,58.00000,30.00000,549
11,736,1.577014e-01,49.00000,30.00000,556
11,737,1.692677e-01,52.00000,35.00000,557
11,738,1.750398e-01,41.00000,36.00000,497
11,739,1.721607e-01,43.00000,36.00000,501
11,740,1.590517e-01,57.00000,30.00000,545
11,741,1.602137e-01,58.00000,30.00000,540
11,742,1.591447e-01,58.00000,30.00000,540
11,743,1.621759e-01,49.00000,30.00000,524
11,744,1.717120e-01,43.00000,35.00000,494
11,745,1.705701e-01,45.00000,35.00000,495
11,746,1.592465e-01,57.00000,30.00000,546
11,747,1.595383e-01,55.00000,30.00000,537
11,748,1.678770e-01,49.00000,35.00000,516
11,749,1.620999e-01,53.00000,30.00000,528
11,750,1.574519e-01,59.00000,30.00000,564
11,751,1.638818e-01,52.00000,30.00000,523
11,752,1.634955e-01,49.00000,30.00000,536
11,753,1.574900e-01,55.00000,30.00000,547
11,754,1.586644e-01,53.00000,30.00000,553
11,755,1.591471e-01,54.00000,30.00000,547
11,756,1.731011e-01,37.00000,35.00000,508
11,757,1.649759e-01,48.00000,35.00000,530
11,758,1.746371e-01,46.00000,36.00000,522
11,759,1.611517e-01,49.00000,30.00000,539
11,760,1.568609e-01,57.00000,30.00000,562
11,761,1.603585e-01,54.00000,30.00000,535
11,762,1.606160e-01,49.00000,30.00000,534
11,763,1.802879e-01,36.00000,36.00000,482
11,764,1.701905e-01,43.00000,36.00000,508
11,765,1.587868e-01,49.00000,30.00000,549
11,766,1.668763e-01,44.00000,35.00000,525
11,767,1.688516e-01,46.00000,35.00000,524
11,768,1.632663e-01,49.00000,30.00000,521
11,769,1.597941e-01,53.00000,30.00000,537
11,770,1.770114e-01,40.00000,36.00000,492
11,771,1.626067e-01,49.00000,30.00000,549
11,772,1.708464e-01,43.00000,36.00000,516
11,773,1.709592e-01,50.00000,35.00000,536
11,774,1.625587e-01,55.00000,30.00000,537
11,775,1.598511e-01,56.00000,30.00000,536
11,776,1.586881e-01,58.00000,30.00000,542
11,777,1.592570e-01,53.00000,30.00000,550
11,778,1.693992e-01,42.00000,35.00000,508
11,779,1.606014e-01,58.00000,30.00000,547
11,780,1.779579e-01,31.00000,36.00000,515
11,781,1.638313e-01,52.00000,30.00000,526
11,782,1.690020e-01,43.00000,35.00000,511
11,783,1.657151e-01,49.00000,35.00000,517
11,784,1.706351e-01,40.00000,35.00000,510
11,785,1.714465e-01,45.00000,36.00000,508
11,786,1.697806e-01,43.00000,35.00000,508
11,787,1.608126e-01,52.00000,30.00000,541
11,788,1.756090e-01,47.00000,36.00000,516
11,789,1.692871e-01,40.00000,35.00000,520
11,790,1.680503e-01,41.00000,35.00000,511
11,791,1.588430e-01,57.00000,30.00000,545
11,792,1.789987e-01,37.00000,36.00000,474
11,793,1.661997e-01,49.00000,30.00000,513
11,794,1.624478e-01,49.00000,30.00000,518
11,795,1.613750e-01,54.00000,30.00000,528
11,796,1.758007e-01,32.00000,40.00000,498
11,797,1.748440e-01,43.00000,36.00000,528
11,798,1.565430e-01,59.00000,30.00000,555
11,799,1.672778e-01,49.00000,35.00000,518
11,800,1.639664e-01,49.00000,30.00000,513
11,801,1.649102e-01,49.00000,35.00000,518
11,802,1.615068e-01,53.00000,30.00000,528
11,803,1.594891e-01,51.00000,30.00000,551
11,804,1.611116e-01,56.00000,30.00000,533
11,805,1.691913e-01,43.00000,35.00000,513
11,806,1.671769e-01,46.00000,35.00000,511
11,807,1.756241e-01,43.00000,36.00000,506
11,808,1.766240e-01,45.00000,36.00000,508
11,809,1.651454e-01,49.00000,30.00000,514
11,810,1.612103e-01,52.00000,30.00000,541
11,811,1.786014e-01,39.00000,36.00000,494
11,812,1.645852e-01,46.00000,35.00000,537
11,813,1.594379e-01,49.00000,30.00000,554
11,814,1.707897e-01,40.00000,35.00000,514
11,815,1.743823e-01,42.00000,36.00000,490
11,816,1.615185e-01,58.00000,30.00000,540
11,817,1.673129e-01,43.00000,35.00000,511
11,818,1.780727e-01,42.00000,36.00000,487
11,819,1.592838e-01,57.00000,30.00000,544
11,820,1.644391e-01,49.00000,30.00000,511
11,821,1.782324e-01,30.00000,36.00000,486
11,822,1.752743e-01,41.00000,36.00000,490
11,823,1.828133e-01,36.00000,36.00000,459
11,824,1.601995e-01,55.00000,30.00000,536
11,825,1.572128e-01,58.00000,30.00000,547
11,826,1.703538e-01,40.00000,35.00000,502
11,827,1.596148e-01,54.00000,30.00000,539
11,828,1.607311e-01,54.00000,30.00000,533
11,829,1.606925e-01,53.00000,30.00000,536
11,830,1.728322e-01,46.00000,36.00000,505
11,831,1.591236e-01,59.00000,30.00000,552
11,832,1.669916e-01,49.00000,35.00000,515
11,833,1.603851e-01,55.00000,30.00000,536
12,0,1.696846e-01,31.00000,36.00000,538
12,1,1.633595e-01,55.00000,30.00000,538
12,2,1.642912e-01,53.00000,30.00000,534
12,3,1.687686e-01,48.00000,35.00000,513
12,4,1.694082e-01,38.00000,35.00000,521
12,5,1.662941e-01,54.00000,30.00000,526
12,6,1.654706e-01,40.00000,35.00000,547
12,7,1.742949e-01,46.00000,35.00000,507
12,8,1.672081e-01,49.00000,30.00000,509
12,9,1.743729e-01,25.00000,36.00000,522
12,10,1.652529e-01,45.00000,35.00000,530
12,11,1.689193e-01,41.00000,35.00000,494
12,12,1.718442e-01,41.00000,40.00000,524
12,13,1.763974e-01,38.00000,36.00000,511
12,14,1.723666e-01,33.00000,40.00000,512
12,15,1.645626e-01,47.00000,35.00000,560
12,16,1.620601e-01,46.00000,35.00000,536
12,17,1.669744e-01,57.00000,30.00000,541
12,18,1.681931e-01,52.00000,30.00000,519
12,19,1.680011e-01,39.00000,35.00000,522
12,20,1.645744e-01,35.00000,36.00000,535
12,21,1.757712e-01,52.00000,30.00000,513
12,22,1.693679e-01,37.00000,36.00000,511
12,23,1.751601e-01,47.00000,35.00000,502
12,24,1.643630e-01,48.00000,35.00000,526
12,25,1.685094e-01,44.00000,35.00000,505
12,26,1.625259e-01,49.00000,30.00000,530
12,27,1.786530e-01,31.00000,36.00000,510
12,28,1.790942e-01,40.00000,36.00000,483
12,29,1.606723e-01,54.00000,30.00000,537
12,30,1.681557e-01,43.00000,35.00000,499
12,31,1.616779e-01,53.00000,30.00000,523
12,32,1.585317e-01,59.00000,30.00000,550
12,33,1.658218e-01,48.00000,35.00000,512
12,34,1.630156e-01,54.00000,30.00000,528
12,35,1.595285e-01,54.00000,30.00000,529
12,36,1.641062e-01,49.00000,35.00000,516
12,37,1.592840e-01,53.00000,30.00000,534
12,38,1.630684e-01,49.00000,30.00000,508
12,39,1.693936e-01,50.00000,35.00000,525
12,40,1.759095e-01,38.00000,36.00000,486
12,41,1.776876e-01,41.00000,36.00000,488
12,42,1.554759e-01,59.00000,30.00000,562
12,43,1.648299e-01,47.00000,35.00000,520
12,44,1.678640e-01,43.00000,35.00000,506
12,45,1.724128e-01,37.00000,36.00000,505
12,46,1.640517e-01,49.00000,30.00000,508
12,47,1.696919e-01,40.00000,35.00000,500
12,48,1.727763e-01,41.00000,40.00000,507
12,49,1.740435e-01,38.00000,40.00000,489
12,50,1.858452e-01,31.00000,36.00000,479
12,51,1.625594e-01,55.00000,30.00000,534
12,52,1.606086e-01,55.00000,30.00000,534
12,53,1.576288e-01,55.00000,30.00000,538
12,54,1.603904e-01,53.00000,30.00000,531
12,55,1.629481e-01,49.00000,30.00000,514
12,56,1.624490e-01,49.00000,30.00000,528
12,57,1.793646e-01,25.00000,36.00000,497
12,58,1.784860e-01,41.00000,36.00000,490
12,59,1.632916e-01,49.00000,30.00000,545
12,60,1.609383e-01,57.00000,30.00000,543
12,61,1.734156e-01,42.00000,36.00000,502
12,62,1.766475e-01,32.00000,40.00000,489
12,63,1.675375e-01,47.00000,35.00000,511
12,64,1.605586e-01,49.00000,30.00000,544
12,65,1.591151e-01,58.00000,30.00000,539
12,66,1.745758e-01,45.00000,35.00000,495
12,67,1.778528e-01,31.00000,36.00000,486
12,68,1.662094e-01,48.00000,35.00000,526
12,69,1.699267e-01,42.00000,35.00000,503
12,70,1.593368e-01,55.00000,30.00000,541
12,71,1.655799e-01,52.00000,35.00000,541
12,72,1.611910e-01,51.00000,30.00000,535
12,73,1.658050e-01,45.00000,35.00000,512
12,74,1.665291e-01,53.00000,30.00000,537
12,75,1.666887e-01,39.00000,35.00000,508
12,76,1.649787e-01,48.00000,35.00000,517
12,77,1.730811e-01,40.00000,35.00000,491
12,78,1.680768e-01,45.00000,35.00000,509
12,79,1.685981e-01,51.00000,35.00000,522
12,80,1.571757e-01,53.00000,30.00000,535
12,81,1.592949e-01,53.00000,30.00000,533
12,82,1.734349e-01,40.00000,40.00000,498
12,83,1.668028e-01,45.00000,35.00000,525
12,84,1.691026e-01,42.00000,35.00000,519
12,85,1.664295e-01,47.00000,35.00000,511
12,86,1.604537e-01,56.00000,30.00000,540
12,87,1.745055e-01,41.00000,36.00000,505
12,88,1.639587e-01,49.00000,35.00000,522
12,89,1.609733e-01,53.00000,30.00000,527
12,90,1.659857e-01,51.00000,30.00000,523
12,91,1.616943e-01,47.00000,35.00000,531
12,92,1.607709e-01,57.00000,30.00000,552
12,93,1.653869e-01,47.00000,35.00000,520
12,94,1.602856e-01,49.00000,30.00000,541
12,95,1.646579e-01,49.00000,35.00000,514
12,96,1.643841e-01,49.00000,35.00000,516
12,97,1.608732e-01,57.00000,30.00000,549
12,98,1.769547e-01,41.00000,36.00000,489
12,99,1.747006e-01,40.00000,36.00000,477
12,100,1.561817e-01,57.00000,30.00000,552
12,101,1.614102e-01,53.00000,30.00000,526
12,102,1.668443e-01,42.00000,35.00000,511
12,103,1.708574e-01,40.00000,35.00000,508
12,104,1.658565e-01,44.00000,35.00000,514
12,105,1.598114e-01,57.00000,30.00000,550
12,106,1.657628e-01,49.00000,35.00000,520
12,107,1.664943e-01,48.00000,35.00000,516
12,108,1.716881e-01,43.00000,36.00000,508
12,109,1.619355e-01,49.00000,30.00000,524
12,110,1.766424e-01,37.00000,36.00000,486
12,111,1.586004e-01,52.00000,30.00000,554
12,112,1.602208e-01,54.00000,30.00000,541
12,113,1.718837e-01,44.00000,35.00000,501
12,114,1.800794e-01,43.00000,36.00000,500
12,115,1.674306e-01,43.00000,35.00000,515
12,116,1.709914e-01,43.00000,35.00000,489
12,117,1.597035e-01,54.00000,30.00000,525
12,118,1.635002e-01,57.00000,30.00000,543
12,119,1.762791e-01,44.00000,35.00000,502
12,120,1.704366e-01,31.00000,36.00000,518
12,121,1.641619e-01,49.00000,30.00000,524
12,122,1.654229e-01,42.00000,35.00000,522
12,123,1.666081e-01,44.00000,35.00000,522
12,124,1.693698e-01,43.00000,35.00000,497
12,125,1.710737e-01,44.00000,35.00000,508
12,126,1.601524e-01,53.00000,30.00000,526
12,127,1.611539e-01,52.00000,30.00000,531
12,128,1.677557e-01,46.00000,35.00000,521
12,129,1.561845e-01,57.00000,30.00000,550
12,130,1.624682e-01,49.00000,30.00000,526
12,131,1.549691e-01,57.00000,30.00000,560
12,132,1.577170e-01,53.00000,30.00000,551
12,133,1.570602e-01,57.00000,30.00000,544
12,134,1.757919e-01,48.00000,35.00000,515
12,135,1.790281e-01,39.00000,36.00000,482
12,136,1.669234e-01,45.00000,35.00000,512
12,137,1.728560e-01,42.00000,36.00000,495
12,138,1.642245e-01,51.00000,35.00000,535
12,139,1.681094e-01,41.00000,35.00000,512
12,140,1.657047e-01,46.00000,35.00000,515
12,141,1.608006e-01,53.00000,30.00000,555
12,142,1.660080e-01,49.00000,35.00000,515
12,143,1.610913e-01,49.00000,30.00000,535
12,144,1.642720e-01,42.00000,35.00000,537
12,145,1.588137e-01,49.00000,30.00000,545
12,146,1.587738e-01,49.00000,30.00000,534
12,147,1.766797e-01,46.00000,36.00000,504
12,148,1.722689e-01,40.00000,36.00000,496
12,149,1.758949e-01,35.00000,36.00000,496
12,150,1.596834e-01,50.00000,30.00000,529
12,151,1.624422e-01,49.00000,30.00000,523
12,152,1.602775e-01,52.00000,30.00000,537
12,153,1.682737e-01,41.00000,35.00000,509
12,154,1.570989e-01,54.00000,30.00000,566
12,155,1.742101e-01,39.00000,40.00000,494
12,156,1.775543e-01,30.00000,36.00000,490
12,157,1.777470e-01,35.00000,36.00000,467
12,158,1.604123e-01,53.00000,30.00000,527
12,159,1.576857e-01,57.00000,30.00000,543
12,160,1.597006e-01,49.00000,30.00000,524
12,161,1.745221e-01,37.00000,36.00000,491
12,162,1.808398e-01,35.00000,36.00000,470
12,163,1.654746e-01,37.00000,35.00000,517
12,164,1.716118e-01,46.00000,36.00000,513
12,165,1.766897e-01,38.00000,36.00000,484
12,166,1.615834e-01,49.00000,30.00000,534
12,167,1.754219e-01,40.00000,35.00000,492
12,168,1.608025e-01,49.00000,30.00000,535
12,169,1.743483e-01,40.00000,40.00000,491
12,170,1.596767e-01,58.00000,30.00000,545
12,171,1.597891e-01,53.00000,30.00000,540
12,172,1.611311e-01,51.00000,30.00000,539
12,173,1.747128e-01,40.00000,35.00000,494
12,174,1.614433e-01,49.00000,30.00000,536
12,175,1.684105e-01,48.00000,35.00000,515
12,176,1.649834e-01,49.00000,30.00000,528
12,177,1.603217e-01,52.00000,30.00000,545
12,178,1.712143e-01,36.00000,35.00000,531
12,179,1.785389e-01,41.00000,36.00000,489
12,180,1.698337e-01,43.00000,35.00000,525
12,181,1.683238e-01,47.00000,35.00000,522
12,182,1.685766e-01,48.00000,35.00000,515
12,183,1.786483e-01,39.00000,36.00000,489
12,184,1.696860e-01,43.00000,35.00000,499
12,185,1.666377e-01,48.00000,35.00000,523
12,186,1.689239e-01,40.00000,35.00000,514
12,187,1.734067e-01,45.00000,36.00000,510
12,188,1.746212e-01,39.00000,40.00000,503
12,189,1.751444e-01,41.00000,36.00000,495
12,190,1.867674e-01,25.00000,36.00000,503
12,191,1.625201e-01,57.00000,30.00000,544
12,192,1.698936e-01,45.00000,36.00000,509
12,193,1.585561e-01,53.00000,30.00000,555
12,194,1.707130e-01,47.00000,36.00000,515
12,195,1.620092e-01,54.00000,30.00000,530
12,196,1.681961e-01,51.00000,35.00000,524
12,197,1.725958e-01,46.00000,36.00000,515
12,198,1.640965e-01,49.00000,30.00000,521
12,199,1.671004e-01,47.00000,35.00000,510
12,200,1.598535e-01,53.00000,30.00000,544
12,201,1.672545e-01,40.00000,35.00000,516
12,202,1.704498e-01,42.00000,35.00000,514
12,203,1.848731e-01,30.00000,36.00000,485
12,204,1.680195e-01,40.00000,35.00000,518
12,205,1.629750e-01,50.00000,35.00000,537
12,206,1.628608e-01,51.00000,30.00000,519
12,207,1.601116e-01,53.00000,30.00000,528
12,208,1.588244e-01,56.00000,30.00000,540
12,209,1.578403e-01,56.00000,30.00000,544
12,210,1.663325e-01,47.00000,35.00000,505
12,211,1.700425e-01,43.00000,35.00000,496
12,212,1.602029e-01,54.00000,30.00000,546
12,213,1.617336e-01,54.00000,30.00000,529
12,214,1.739292e-01,41.00000,36.00000,495
12,215,1.575217e-01,56.00000,30.00000,540
12,216,1.620828e-01,51.00000,30.00000,519
12,217,1.597717e-01,49.00000,30.00000,548
12,218,1.686895e-01,44.00000,35.00000,501
12,219,1.733722e-01,38.00000,35.00000,537
12,220,1.648886e-01,48.00000,35.00000,515
12,221,1.705167e-01,43.00000,36.00000,499
12,222,1.559626e-01,57.00000,30.00000,545
12,223,1.643946e-01,51.00000,35.00000,525
12,224,1.807917e-01,31.00000,36.00000,461
12,225,1.625303e-01,53.00000,30.00000,527
12,226,1.652098e-01,46.00000,35.00000,519
12,227,1.802818e-01,31.00000,36.00000,486
12,228,1.745172e-01,37.00000,36.00000,524
12,229,1.677145e-01,45.00000,35.00000,498
12,230,1.763158e-01,36.00000,36.00000,491
12,231,1.617643e-01,49.00000,30.00000,544
12,232,1.583333e-01,57.00000,30.00000,545
12,233,1.661712e-01,46.00000,35.00000,519
12,234,1.753811e-01,45.00000,36.00000,507
12,235,1.637422e-01,53.00000,30.00000,528
12,236,1.637854e-01,48.00000,35.00000,534
12,237,1.685103e-01,48.00000,35.00000,516
12,238,1.743836e-01,30.00000,36.00000,511
12,239,1.623459e-01,55.00000,30.00000,543
12,240,1.690856e-01,42.00000,35.00000,505
12,241,1.662170e-01,44.00000,35.00000,524
12,242,1.598543e-01,57.00000,30.00000,545
12,243,1.655444e-01,48.00000,35.00000,524
12,244,1.647187e-01,43.00000,35.00000,524
12,245,1.602985e-01,54.00000,30.00000,529
12,246,1.594084e-01,62.00000,30.00000,562
12,247,1.696901e-01,46.00000,36.00000,523
12,248,1.600131e-01,49.00000,30.00000,543
12,249,1.624224e-01,49.00000,30.00000,532
12,250,1.597587e-01,55.00000,30.00000,543
12,251,1.596707e-01,49.00000,30.00000,550
12,252,1.592860e-01,56.00000,30.00000,531
12,253,1.616206e-01,56.00000,30.00000,532
12,254,1.581488e-01,54.00000,30.00000,533
12,255,1.671717e-01,49.00000,35.00000,517
12,256,1.621366e-01,48.00000,35.00000,531
12,257,1.689441e-01,46.00000,35.00000,519
12,258,1.661882e-01,42.00000,35.00000,526
12,259,1.649969e-01,45.00000,35.00000,505
12,260,1.588481e-01,51.00000,30.00000,536
12,261,1.747030e-01,36.00000,36.00000,499
12,262,1.592561e-01,54.00000,30.00000,539
12,263,1.744016e-01,36.00000,40.00000,490
12,264,1.770694e-01,37.00000,36.00000,477
12,265,1.692892e-01,45.00000,35.00000,505
12,266,1.782373e-01,31.00000,36.00000,493
12,267,1.644972e-01,46.00000,35.00000,519
12,268,1.704460e-01,44.00000,35.00000,512
12,269,1.693703e-01,42.00000,35.00000,493
12,270,1.585430e-01,54.00000,30.00000,539
12,271,1.604976e-01,49.00000,30.00000,530
12,272,1.717679e-01,43.00000,35.00000,490
12,273,1.592062e-01,56.00000,30.00000,543
12,274,1.580862e-01,55.00000,30.00000,544
12,275,1.605201e-01,54.00000,30.00000,531
12,276,1.651321e-01,47.00000,35.00000,517
12,277,1.732421e-01,41.00000,36.00000,506
12,278,1.603414e-01,53.00000,30.00000,527
12,279,1.677766e-01,43.00000,35.00000,506
12,280,1.600121e-01,55.00000,30.00000,542
12,281,1.707470e-01,43.00000,36.00000,508
12,282,1.816828e-01,30.00000,36.00000,473
12,283,1.562363e-01,53.00000,30.00000,583
12,284,1.580521e-01,53.00000,30.00000,536
12,285,1.779189e-01,40.00000,36.00000,487
12,286,1.571744e-01,60.00000,30.00000,557
12,287,1.725439e-01,37.00000,35.00000,508
12,288,1.697382e-01,44.00000,35.00000,518
12,289,1.664669e-01,43.00000,35.00000,514
12,290,1.716130e-01,40.00000,35.00000,516
12,291,1.594350e-01,53.00000,30.00000,545
12,292,1.719716e-01,37.00000,36.00000,496
12,293,1.739351e-01,35.00000,36.00000,490
12,294,1.674560e-01,45.00000,35.00000,507
12,295,1.657075e-01,51.00000,35.00000,524
12,296,1.671327e-01,45.00000,35.00000,512
12,297,1.693873e-01,41.00000,35.00000,507
12,298,1.599246e-01,49.00000,30.00000,548
12,299,1.571902e-01,54.00000,30.00000,539
12,300,1.573337e-01,54.00000,30.00000,561
12,301,1.822976e-01,31.00000,36.00000,466
12,302,1.667138e-01,46.00000,35.00000,520
12,303,1.621169e-01,52.00000,30.00000,524
12,304,1.696453e-01,46.00000,36.00000,505
12,305,1.747665e-01,36.00000,36.00000,505
12,306,1.691129e-01,45.00000,35.00000,505
12,307,1.618631e-01,45.00000,35.00000,524
12,308,1.608856e-01,53.00000,30.00000,548
12,309,1.761550e-01,40.00000,36.00000,501
12,310,1.766516e-01,35.00000,36.00000,492
12,311,1.615092e-01,49.00000,30.00000,522
12,312,1.774658e-01,37.00000,36.00000,482
12,313,1.746945e-01,37.00000,36.00000,501
12,314,1.599195e-01,53.00000,30.00000,534
12,315,1.712197e-01,41.00000,35.00000,501
12,316,1.859982e-01,30.00000,36.00000,434
12,317,1.714934e-01,39.00000,36.00000,505
12,318,1.820538e-01,31.00000,36.00000,480
12,319,1.719310e-01,49.00000,35.00000,515
12,320,1.701453e-01,43.00000,36.00000,500
12,321,1.650026e-01,49.00000,35.00000,516
12,322,1.660737e-01,47.00000,35.00000,506
12,323,1.717720e-01,45.00000,36.00000,510
12,324,1.721824e-01,38.00000,35.00000,506
12,325,1.598722e-01,52.00000,30.00000,538
12,326,1.700891e-01,49.00000,35.00000,519
12,327,1.758441e-01,37.00000,40.00000,496
12,328,1.677552e-01,43.00000,35.00000,511
12,329,1.608489e-01,54.00000,30.00000,528
12,330,1.689843e-01,47.00000,35.00000,506
12,331,1.572534e-01,57.00000,30.00000,551
12,332,1.689212e-01,46.00000,36.00000,506
12,333,1.607756e-01,49.00000,30.00000,553
12,334,1.646967e-01,53.00000,35.00000,531
12,335,1.759737e-01,37.00000,36.00000,491
12,336,1.697482e-01,42.00000,35.00000,495
12,337,1.699564e-01,43.00000,35.00000,497
12,338,1.794450e-01,31.00000,36.00000,486
12,339,1.721833e-01,40.00000,36.00000,485
12,340,1.769770e-01,31.00000,36.00000,511
12,341,1.610164e-01,49.00000,30.00000,535
12,342,1.680072e-01,43.00000,35.00000,493
12,343,1.608059e-01,49.00000,30.00000,523
12,344,1.611864e-01,49.00000,30.00000,534
12,345,1.770859e-01,40.00000,36.00000,489
12,346,1.749506e-01,31.00000,36.00000,510
12,347,1.605708e-01,54.00000,30.00000,530
12,348,1.599898e-01,57.00000,30.00000,545
12,349,1.578643e-01,53.00000,30.00000,552
12,350,1.606207e-01,55.00000,30.00000,536
12,351,1.699093e-01,37.00000,35.00000,504
12,352,1.781007e-01,40.00000,36.00000,481
12,353,1.678394e-01,43.00000,35.00000,510
12,354,1.707884e-01,41.00000,35.00000,501
12,355,1.741037e-01,37.00000,35.00000,498
12,356,1.693772e-01,41.00000,35.00000,500
12,357,1.617080e-01,49.00000,30.00000,538
12,358,1.743081e-01,43.00000,36.00000,499
12,359,1.783101e-01,39.00000,35.00000,488
12,360,1.680253e-01,43.00000,36.00000,508
12,361,1.685687e-01,47.00000,35.00000,507
12,362,1.574946e-01,57.00000,30.00000,553
12,363,1.622468e-01,49.00000,30.00000,523
12,364,1.648681e-01,44.00000,35.00000,526
12,365,1.690731e-01,49.00000,35.00000,516
12,366,1.641555e-01,48.00000,35.00000,516
12,367,1.715441e-01,42.00000,36.00000,493
12,368,1.589373e-01,57.00000,30.00000,547
12,369,1.623901e-01,55.00000,30.00000,536
12,370,1.820276e-01,31.00000,36.00000,472
12,371,1.712315e-01,39.00000,36.00000,495
12,372,1.702160e-01,43.00000,36.00000,519
12,373,1.606822e-01,55.00000,30.00000,536
12,374,1.677330e-01,46.00000,35.00000,511
12,375,1.595974e-01,54.00000,30.00000,540
12,376,1.715471e-01,42.00000,36.00000,492
12,377,1.707329e-01,40.00000,35.00000,512
12,378,1.602491e-01,52.00000,30.00000,531
12,379,1.747859e-01,38.00000,40.00000,493
12,380,1.722980e-01,39.00000,35.00000,498
12,381,1.612329e-01,53.00000,30.00000,527
12,382,1.792935e-01,32.00000,40.00000,469
12,383,1.603772e-01,55.00000,30.00000,536
12,384,1.670159e-01,49.00000,35.00000,515
12,385,1.597020e-01,53.00000,30.00000,533
12,386,1.617030e-01,49.00000,30.00000,536
12,387,1.573702e-01,55.00000,30.00000,550
12,388,1.587130e-01,54.00000,30.00000,537
12,389,1.610467e-01,53.00000,30.00000,526
12,390,1.580479e-01,51.00000,30.00000,551
12,391,1.658565e-01,37.00000,35.00000,532
12,392,1.590881e-01,49.00000,30.00000,539
12,393,1.563659e-01,54.00000,30.00000,551
12,394,1.753252e-01,42.00000,36.00000,489
12,395,1.552436e-01,58.00000,30.00000,541
12,396,1.667700e-01,44.00000,35.00000,506
12,397,1.579749e-01,49.00000,30.00000,560
12,398,1.566430e-01,54.00000,30.00000,532
12,399,1.575716e-01,54.00000,30.00000,544
12,400,1.588307e-01,49.00000,30.00000,544
12,401,1.608593e-01,49.00000,30.00000,535
12,402,1.594142e-01,53.00000,30.00000,529
12,403,1.821886e-01,26.00000,36.00000,464
12,404,1.645661e-01,49.00000,35.00000,515
12,405,1.585984e-01,55.00000,30.00000,536
12,406,1.682192e-01,42.00000,35.00000,509
12,407,1.721959e-01,41.00000,36.00000,490
12,408,1.576259e-01,54.00000,30.00000,536
12,409,1.741845e-01,40.00000,36.00000,480
12,410,1.676697e-01,48.00000,35.00000,515
12,411,1.654566e-01,48.00000,35.00000,518
12,412,1.719285e-01,42.00000,36.00000,488
12,413,1.617997e-01,49.00000,30.00000,528
12,414,1.541519e-01,58.00000,30.00000,549
12,415,1.758952e-01,31.00000,36.00000,499
12,416,1.707814e-01,49.00000,36.00000,525
12,417,1.677306e-01,38.00000,35.00000,504
12,418,1.675763e-01,43.00000,35.00000,513
12,419,1.595716e-01,55.00000,30.00000,539
12,420,1.718600e-01,41.00000,35.00000,489
12,421,1.696539e-01,43.00000,35.00000,494
12,422,1.694767e-01,42.00000,35.00000,501
12,423,1.749728e-01,37.00000,36.00000,486
12,424,1.672365e-01,46.00000,35.00000,517
12,425,1.614184e-01,57.00000,30.00000,552
12,426,1.728496e-01,42.00000,35.00000,494
12,427,1.692527e-01,44.00000,35.00000,509
12,428,1.791744e-01,31.00000,36.00000,501
12,429,1.863028e-01,31.00000,36.00000,450
12,430,1.788232e-01,31.00000,36.00000,489
12,431,1.676849e-01,36.00000,35.00000,505
12,432,1.608349e-01,52.00000,30.00000,547
12,433,1.766949e-01,34.00000,40.00000,474
12,434,1.687993e-01,42.00000,35.00000,518
12,435,1.607352e-01,49.00000,30.00000,540
12,436,1.603553e-01,54.00000,30.00000,535
12,437,1.598116e-01,52.00000,30.00000,541
12,438,1.736416e-01,39.00000,36.00000,500
12,439,1.697303e-01,43.00000,36.00000,507
12,440,1.777139e-01,31.00000,36.00000,505
12,441,1.607098e-01,52.00000,35.00000,543
12,442,1.639283e-01,53.00000,30.00000,537
12,443,1.842742e-01,37.00000,36.00000,475
12,444,1.617237e-01,52.00000,30.00000,536
12,445,1.595586e-01,53.00000,30.00000,528
12,446,1.601528e-01,49.00000,30.00000,528
12,447,1.667716e-01,45.00000,35.00000,512
12,448,1.602840e-01,57.00000,30.00000,544
12,449,1.660831e-01,48.00000,35.00000,520
12,450,1.673938e-01,47.00000,35.00000,513
12,451,1.683766e-01,46.00000,35.00000,512
12,452,1.687151e-01,47.00000,35.00000,506
12,453,1.676351e-01,40.00000,35.00000,504
12,454,1.595552e-01,55.00000,30.00000,536
12,455,1.603894e-01,53.00000,30.00000,527
12,456,1.582220e-01,49.00000,30.00000,551
12,457,1.600182e-01,49.00000,30.00000,529
12,458,1.629013e-01,53.00000,35.00000,531
12,459,1.690084e-01,41.00000,35.00000,512
12,460,1.782589e-01,36.00000,36.00000,460
12,461,1.739622e-01,44.00000,36.00000,502
12,462,1.672277e-01,43.00000,35.00000,517
12,463,1.632890e-01,48.00000,35.00000,533
12,464,1.732751e-01,40.00000,35.00000,494
12,465,1.754817e-01,36.00000,35.00000,497
12,466,1.761502e-01,36.00000,36.00000,479
12,467,1.647059e-01,49.00000,35.00000,516
12,468,1.584414e-01,57.00000,30.00000,545
12,469,1.609665e-01,55.00000,30.00000,536
12,470,1.755826e-01,34.00000,36.00000,485
12,471,1.607103e-01,49.00000,30.00000,544
12,472,1.655062e-01,44.00000,35.00000,509
12,473,1.550853e-01,56.00000,30.00000,547
12,474,1.588098e-01,59.00000,30.00000,559
12,475,1.596865e-01,53.00000,30.00000,539
12,476,1.794710e-01,31.00000,36.00000,466
12,477,1.800491e-01,31.00000,36.00000,480
12,478,1.617566e-01,49.00000,30.00000,525
12,479,1.579784e-01,49.00000,30.00000,547
12,480,1.602740e-01,54.00000,30.00000,528
12,481,1.697635e-01,42.00000,35.00000,493
12,482,1.661142e-01,43.00000,35.00000,512
12,483,1.673972e-01,45.00000,35.00000,498
12,484,1.748405e-01,41.00000,36.00000,512
12,485,1.592303e-01,49.00000,30.00000,529
12,486,1.601914e-01,53.00000,30.00000,529
12,487,1.757513e-01,37.00000,36.00000,482
12,488,1.597443e-01,49.00000,30.00000,536
12,489,1.658298e-01,46.00000,35.00000,510
12,490,1.588394e-01,55.00000,30.00000,542
12,491,1.588624e-01,57.00000,30.00000,546
12,492,1.591855e-01,53.00000,30.00000,533
12,493,1.619991e-01,49.00000,30.00000,514
12,494,1.672796e-01,41.00000,36.00000,518
12,495,1.675712e-01,43.00000,35.00000,539
12,496,1.700578e-01,40.00000,35.00000,500
12,497,1.599223e-01,55.00000,30.00000,536
12,498,1.585867e-01,49.00000,30.00000,532
12,499,1.699277e-01,37.00000,35.00000,503
12,500,1.665015e-01,46.00000,35.00000,513
12,501,1.752205e-01,35.00000,36.00000,491
12,502,1.653542e-01,43.00000,35.00000,527
12,503,1.748480e-01,41.00000,36.00000,499
12,504,1.719106e-01,37.00000,40.00000,492
12,505,1.564823e-01,52.00000,30.00000,550
12,506,1.683245e-01,41.00000,35.00000,493
12,507,1.672469e-01,47.00000,35.00000,505
12,508,1.745072e-01,34.00000,40.00000,506
12,509,1.668190e-01,45.00000,35.00000,505
12,510,1.684050e-01,42.00000,35.00000,503
12,511,1.648388e-01,42.00000,35.00000,514
12,512,1.579477e-01,54.00000,30.00000,560
12,513,1.657724e-01,48.00000,35.00000,517
12,514,1.614540e-01,49.00000,30.00000,531
12,515,1.583597e-01,57.00000,30.00000,550
12,516,1.651260e-01,46.00000,35.00000,532
12,517,1.537932e-01,53.00000,30.00000,560
12,518,1.601366e-01,49.00000,30.00000,537
12,519,1.709128e-01,36.00000,35.00000,517
12,520,1.611276e-01,49.00000,30.00000,517
12,521,1.549791e-01,59.00000,30.00000,559
12,522,1.720169e-01,41.00000,40.00000,500
12,523,1.722302e-01,37.00000,36.00000,492
12,524,1.589438e-01,52.00000,30.00000,539
12,525,1.727524e-01,38.00000,35.00000,484
12,526,1.607753e-01,52.00000,35.00000,538
12,527,1.588928e-01,54.00000,30.00000,534
12,528,1.783049e-01,37.00000,36.00000,474
12,529,1.573786e-01,53.00000,30.00000,548
12,530,1.711617e-01,40.00000,36.00000,488
12,531,1.732523e-01,37.00000,40.00000,489
12,532,1.630782e-01,46.00000,35.00000,520
12,533,1.724528e-01,36.00000,35.00000,508
12,534,1.723681e-01,43.00000,36.00000,500
12,535,1.764760e-01,37.00000,40.00000,484
12,536,1.702955e-01,46.00000,35.00000,510
12,537,1.605470e-01,49.00000,30.00000,530
12,538,1.659057e-01,57.00000,30.00000,552
12,539,1.742580e-01,44.00000,36.00000,499
12,540,1.680311e-01,54.00000,30.00000,542
12,541,1.764169e-01,49.00000,35.00000,515
12,542,1.778064e-01,44.00000,35.00000,506
12,543,1.778775e-01,52.00000,30.00000,517
12,544,1.931595e-01,35.00000,36.00000,466
12,545,1.789254e-01,48.00000,35.00000,528
12,546,1.820565e-01,50.00000,35.00000,528
12,547,1.723821e-01,52.00000,30.00000,530
12,548,1.869320e-01,42.00000,35.00000,493
12,549,1.837802e-01,46.00000,35.00000,511
12,550,1.867978e-01,45.00000,35.00000,521
12,551,1.911969e-01,38.00000,35.00000,483
12,552,1.801706e-01,54.00000,30.00000,549
12,553,1.858501e-01,48.00000,35.00000,523
12,554,1.898860e-01,43.00000,36.00000,506
12,555,1.855562e-01,46.00000,35.00000,512
12,556,1.903755e-01,34.00000,40.00000,482
12,557,1.797432e-01,45.00000,35.00000,514
12,558,1.766131e-01,50.00000,35.00000,529
12,559,1.787280e-01,53.00000,35.00000,538
12,560,1.850565e-01,41.00000,35.00000,498
12,561,1.761840e-01,52.00000,30.00000,537
12,562,1.778192e-01,52.00000,30.00000,517
12,563,1.811268e-01,42.00000,35.00000,514
12,564,1.865791e-01,31.00000,36.00000,499
12,565,1.843363e-01,40.00000,40.00000,499
12,566,1.753105e-01,49.00000,35.00000,528
12,567,1.740286e-01,49.00000,30.00000,513
12,568,1.693952e-01,55.00000,30.00000,544
12,569,1.741074e-01,49.00000,35.00000,516
12,570,1.808874e-01,43.00000,36.00000,499
12,571,1.803743e-01,31.00000,36.00000,498
12,572,1.684367e-01,54.00000,30.00000,525
12,573,1.756632e-01,49.00000,35.00000,516
12,574,1.704482e-01,48.00000,35.00000,526
12,575,1.677177e-01,58.00000,30.00000,540
12,576,1.665950e-01,54.00000,30.00000,544
12,577,1.755365e-01,40.00000,35.00000,510
12,578,1.739641e-01,39.00000,35.00000,509
12,579,1.623700e-01,54.00000,30.00000,548
12,580,1.825354e-01,34.00000,40.00000,472
12,581,1.631656e-01,55.00000,30.00000,536
12,582,1.795569e-01,37.00000,36.00000,481
12,583,1.746713e-01,45.00000,35.00000,495
12,584,1.653627e-01,49.00000,30.00000,512
12,585,1.664103e-01,49.00000,30.00000,516
12,586,1.606628e-01,53.00000,30.00000,542
12,587,1.754401e-01,37.00000,36.00000,503
12,588,1.827369e-01,35.00000,36.00000,466
12,589,1.619821e-01,49.00000,30.00000,560
12,590,1.685296e-01,45.00000,35.00000,505
12,591,1.790207e-01,41.00000,36.00000,492
12,592,1.640894e-01,52.00000,30.00000,529
12,593,1.731370e-01,39.00000,35.00000,495
12,594,1.749341e-01,40.00000,36.00000,494
12,595,1.690085e-01,46.00000,35.00000,514
12,596,1.591596e-01,49.00000,30.00000,543
12,597,1.669053e-01,39.00000,36.00000,516
12,598,1.704568e-01,54.00000,30.00000,526
12,599,1.751559e-01,41.00000,36.00000,493
12,600,1.707667e-01,37.00000,36.00000,512
12,601,1.590131e-01,49.00000,30.00000,546
12,602,1.840844e-01,25.00000,36.00000,473
12,603,1.604662e-01,49.00000,30.00000,539
12,604,1.610069e-01,54.00000,30.00000,531
12,605,1.668870e-01,49.00000,35.00000,516
12,606,1.704824e-01,45.00000,36.00000,509
12,607,1.752393e-01,44.00000,36.00000,514
12,608,1.771913e-01,40.00000,36.00000,484
12,609,1.690685e-01,44.00000,35.00000,505
12,610,1.666938e-01,46.00000,35.00000,517
12,611,1.669137e-01,43.00000,35.00000,527
12,612,1.664544e-01,40.00000,35.00000,534
12,613,1.604626e-01,53.00000,30.00000,529
12,614,1.631486e-01,51.00000,30.00000,519
12,615,1.828251e-01,36.00000,36.00000,490
12,616,1.617568e-01,49.00000,30.00000,525
12,617,1.670058e-01,45.00000,35.00000,508
12,618,1.583427e-01,53.00000,30.00000,529
12,619,1.688317e-01,38.00000,35.00000,513
12,620,1.696135e-01,44.00000,35.00000,502
12,621,1.777110e-01,37.00000,36.00000,474
12,622,1.768706e-01,36.00000,36.00000,472
12,623,1.802165e-01,30.00000,36.00000,465
12,624,1.635296e-01,48.00000,35.00000,521
12,625,1.566563e-01,61.00000,30.00000,564
12,626,1.667366e-01,47.00000,35.00000,512
12,627,1.624949e-01,49.00000,30.00000,512
12,628,1.734264e-01,37.00000,36.00000,485
12,629,1.662623e-01,46.00000,35.00000,515
12,630,1.766009e-01,47.00000,36.00000,516
12,631,1.601788e-01,57.00000,30.00000,550
12,632,1.694475e-01,39.00000,36.00000,524
12,633,1.634527e-01,48.00000,35.00000,516
12,634,1.699038e-01,39.00000,36.00000,503
12,635,1.560708e-01,57.00000,30.00000,545
12,636,1.673690e-01,43.00000,35.00000,493
12,637,1.586297e-01,54.00000,30.00000,542
12,638,1.572276e-01,51.00000,30.00000,544
12,639,1.569333e-01,56.00000,30.00000,537
12,640,1.614098e-01,49.00000,30.00000,526
12,641,1.583850e-01,54.00000,30.00000,528
12,642,1.728863e-01,39.00000,40.00000,494
12,643,1.690387e-01,40.00000,35.00000,491
12,644,1.572977e-01,52.00000,30.00000,556
12,645,1.783155e-01,31.00000,36.00000,478
12,646,1.689677e-01,37.00000,35.00000,513
12,647,1.630381e-01,42.00000,35.00000,513
12,648,1.594003e-01,54.00000,30.00000,525
12,649,1.705524e-01,41.00000,36.00000,512
12,650,1.747357e-01,42.00000,36.00000,504
12,651,1.563752e-01,49.00000,30.00000,551
12,652,1.584476e-01,52.00000,30.00000,520
12,653,1.541600e-01,57.00000,30.00000,551
12,654,1.660795e-01,45.00000,35.00000,503
12,655,1.563393e-01,61.00000,30.00000,564
12,656,1.569223e-01,53.00000,30.00000,534
12,657,1.576828e-01,53.00000,30.00000,536
12,658,1.560749e-01,57.00000,30.00000,546
12,659,1.610214e-01,54.00000,30.00000,526
12,660,1.682618e-01,40.00000,35.00000,502
12,661,1.677653e-01,36.00000,35.00000,509
12,662,1.543117e-01,53.00000,30.00000,544
12,663,1.621679e-01,52.00000,35.00000,537
12,664,1.576406e-01,57.00000,30.00000,546
12,665,1.597338e-01,53.00000,30.00000,552
12,666,1.551547e-01,61.00000,30.00000,564
12,667,1.712836e-01,41.00000,40.00000,501
12,668,1.635404e-01,48.00000,35.00000,519
12,669,1.669750e-01,45.00000,35.00000,502
12,670,1.757954e-01,31.00000,36.00000,485
12,671,1.585281e-01,54.00000,30.00000,540
12,672,1.742516e-01,35.00000,36.00000,489
12,673,1.748771e-01,35.00000,36.00000,477
12,674,1.685370e-01,42.00000,35.00000,522
12,675,1.618718e-01,51.00000,35.00000,528
12,676,1.633774e-01,49.00000,35.00000,525
12,677,1.671464e-01,37.00000,36.00000,512
12,678,1.653594e-01,41.00000,35.00000,505
12,679,1.751711e-01,31.00000,36.00000,519
12,680,1.544496e-01,54.00000,30.00000,546
12,681,1.737126e-01,38.00000,36.00000,473
12,682,1.733154e-01,30.00000,36.00000,508
12,683,1.705853e-01,38.00000,36.00000,500
12,684,1.595915e-01,53.00000,30.00000,528
12,685,1.677042e-01,41.00000,35.00000,506
12,686,1.583745e-01,59.00000,30.00000,564
12,687,1.733036e-01,36.00000,40.00000,486
12,688,1.699686e-01,42.00000,35.00000,493
12,689,1.741086e-01,36.00000,36.00000,467
12,690,1.580652e-01,58.00000,30.00000,550
12,691,1.640557e-01,45.00000,35.00000,524
12,692,1.653622e-01,47.00000,35.00000,508
12,693,1.625593e-01,49.00000,35.00000,524
12,694,1.559367e-01,53.00000,30.00000,546
12,695,1.552631e-01,57.00000,30.00000,546
12,696,1.625484e-01,49.00000,35.00000,518
12,697,1.735507e-01,40.00000,36.00000,482
12,698,1.642052e-01,45.00000,35.00000,503
12,699,1.646523e-01,45.00000,35.00000,519
12,700,1.738951e-01,36.00000,36.00000,503
12,701,1.733709e-01,41.00000,36.00000,490
12,702,1.663484e-01,44.00000,35.00000,517
12,703,1.690580e-01,39.00000,36.00000,509
12,704,1.610688e-01,49.00000,30.00000,525
12,705,1.575179e-01,53.00000,30.00000,531
12,706,1.559232e-01,57.00000,30.00000,549
12,707,1.663986e-01,42.00000,35.00000,511
12,708,1.580788e-01,53.00000,30.00000,527
12,709,1.574237e-01,56.00000,30.00000,532
12,710,1.763708e-01,36.00000,36.00000,469
12,711,1.565253e-01,56.00000,30.00000,533
12,712,1.566906e-01,49.00000,30.00000,538
12,713,1.571911e-01,55.00000,30.00000,540
12,714,1.545726e-01,53.00000,30.00000,545
12,715,1.569007e-01,49.00000,30.00000,551
12,716,1.583027e-01,49.00000,30.00000,528
12,717,1.576563e-01,49.00000,30.00000,532
12,718,1.631907e-01,43.00000,35.00000,529
12,719,1.545302e-01,58.00000,30.00000,543
12,720,1.639815e-01,46.00000,35.00000,517
12,721,1.705877e-01,36.00000,36.00000,486
12,722,1.603543e-01,49.00000,30.00000,520
12,723,1.566545e-01,49.00000,30.00000,543
12,724,1.725939e-01,46.00000,36.00000,513
12,725,1.744286e-01,35.00000,36.00000,493
12,726,1.569112e-01,53.00000,30.00000,547
12,727,1.704385e-01,39.00000,40.00000,504
12,728,1.611942e-01,48.00000,35.00000,522
12,729,1.549253e-01,56.00000,30.00000,560
12,730,1.567801e-01,53.00000,30.00000,537
12,731,1.556032e-01,54.00000,30.00000,535
12,732,1.569975e-01,60.00000,30.00000,561
12,733,1.553544e-01,57.00000,30.00000,551
12,734,1.731305e-01,39.00000,36.00000,490
12,735,1.605952e-01,47.00000,35.00000,516
12,736,1.714409e-01,41.00000,36.00000,500
12,737,1.633157e-01,49.00000,35.00000,523
12,738,1.744658e-01,35.00000,36.00000,490
12,739,1.644952e-01,47.00000,35.00000,507
12,740,1.548189e-01,57.00000,30.00000,545
12,741,1.685916e-01,40.00000,36.00000,494
12,742,1.652470e-01,45.00000,35.00000,507
12,743,1.695385e-01,38.00000,35.00000,509
12,744,1.722299e-01,40.00000,35.00000,490
12,745,1.592987e-01,57.00000,30.00000,546
12,746,1.650620e-01,42.00000,40.00000,565
12,747,1.553153e-01,52.00000,30.00000,534
12,748,1.626690e-01,47.00000,35.00000,509
12,749,1.617919e-01,43.00000,35.00000,534
12,750,1.569371e-01,49.00000,30.00000,534
12,751,1.627014e-01,49.00000,35.00000,516
12,752,1.542579e-01,55.00000,30.00000,537
12,753,1.642431e-01,42.00000,35.00000,516
12,754,1.634841e-01,46.00000,35.00000,515
12,755,1.663832e-01,40.00000,35.00000,507
12,756,1.569270e-01,49.00000,30.00000,527
12,757,1.671942e-01,43.00000,35.00000,508
12,758,1.557933e-01,54.00000,30.00000,537
12,759,1.624741e-01,42.00000,35.00000,519
12,760,1.546136e-01,53.00000,30.00000,555
12,761,1.570908e-01,49.00000,30.00000,533
12,762,1.629847e-01,49.00000,35.00000,516
12,763,1.650727e-01,40.00000,35.00000,518
12,764,1.566193e-01,61.00000,30.00000,565
12,765,1.590050e-01,52.00000,30.00000,525
12,766,1.638013e-01,48.00000,35.00000,517
12,767,1.562573e-01,55.00000,30.00000,543
12,768,1.710802e-01,36.00000,36.00000,480
12,769,1.605934e-01,45.00000,35.00000,522
12,770,1.714945e-01,37.00000,36.00000,496
12,771,1.546460e-01,53.00000,30.00000,539
12,772,1.735420e-01,35.00000,36.00000,492
12,773,1.686950e-01,36.00000,36.00000,507
12,774,1.708371e-01,25.00000,36.00000,509
12,775,1.536915e-01,59.00000,30.00000,559
12,776,1.565036e-01,52.00000,30.00000,528
12,777,1.524294e-01,54.00000,30.00000,571
12,778,1.657334e-01,42.00000,35.00000,520
12,779,1.527202e-01,55.00000,30.00000,552
12,780,1.556971e-01,49.00000,30.00000,533
12,781,1.648186e-01,45.00000,35.00000,507
12,782,1.570150e-01,49.00000,30.00000,527
12,783,1.641173e-01,42.00000,35.00000,527
12,784,1.556312e-01,53.00000,30.00000,531
12,785,1.767125e-01,38.00000,36.00000,472
12,786,1.548381e-01,55.00000,30.00000,540
12,787,1.653528e-01,43.00000,35.00000,512
12,788,1.583856e-01,49.00000,30.00000,535
12,789,1.593733e-01,48.00000,35.00000,524
12,790,1.738142e-01,37.00000,36.00000,474
12,791,1.537456e-01,52.00000,30.00000,546
12,792,1.664241e-01,36.00000,35.00000,525
12,793,1.617456e-01,44.00000,35.00000,514
12,794,1.668856e-01,43.00000,35.00000,494
12,795,1.767633e-01,34.00000,36.00000,458
12,796,1.554387e-01,54.00000,30.00000,543
12,797,1.650439e-01,42.00000,35.00000,514
12,798,1.726926e-01,37.00000,36.00000,481
12,799,1.637371e-01,47.00000,35.00000,514
12,800,1.702864e-01,38.00000,35.00000,485
12,801,1.678669e-01,42.00000,35.00000,512
12,802,1.543887e-01,53.00000,30.00000,534
12,803,1.742633e-01,43.00000,36.00000,500
12,804,1.550990e-01,55.00000,30.00000,536
12,805,1.696597e-01,39.00000,36.00000,501
12,806,1.572056e-01,49.00000,30.00000,542
12,807,1.569965e-01,56.00000,30.00000,538
12,808,1.643629e-01,44.00000,35.00000,503
12,809,1.616626e-01,49.00000,35.00000,516
12,810,1.630594e-01,48.00000,35.00000,521
12,811,1.729933e-01,41.00000,36.00000,491
12,812,1.566024e-01,54.00000,30.00000,527
12,813,1.549210e-01,58.00000,30.00000,541
12,814,1.643580e-01,42.00000,35.00000,509
12,815,1.597794e-01,53.00000,30.00000,527
12,816,1.702079e-01,37.00000,36.00000,490
12,817,1.529975e-01,53.00000,30.00000,545
12,818,1.709294e-01,39.00000,40.00000,491
12,819,1.637613e-01,41.00000,35.00000,524
12,820,1.775991e-01,31.00000,36.00000,456
12,821,1.657567e-01,31.00000,36.00000,524
12,822,1.707998e-01,39.00000,35.00000,497
12,823,1.635544e-01,42.00000,35.00000,508
12,824,1.577673e-01,49.00000,30.00000,540
12,825,1.643669e-01,45.00000,35.00000,493
12,826,1.652338e-01,41.00000,35.00000,501
12,827,1.630082e-01,52.00000,35.00000,538
12,828,1.662533e-01,40.00000,35.00000,501
12,829,1.609762e-01,44.00000,35.00000,528
12,830,1.582782e-01,49.00000,30.00000,524
12,831,1.564151e-01,49.00000,30.00000,538
12,832,1.562695e-01,52.00000,30.00000,525
12,833,1.634184e-01,47.00000,35.00000,505
13,0,1.662468e-01,36.00000,36.00000,531
13,1,1.664753e-01,46.00000,35.00000,539
13,2,1.601696e-01,52.00000,30.00000,513
13,3,1.681039e-01,55.00000,30.00000,532
13,4,1.625302e-01,54.00000,30.00000,527
13,5,1.614513e-01,49.00000,30.00000,507
13,6,1.594353e-01,43.00000,36.00000,539
13,7,1.668048e-01,38.00000,36.00000,533
13,8,1.605807e-01,53.00000,30.00000,536
13,9,1.620745e-01,39.00000,40.00000,547
13,10,1.631509e-01,38.00000,35.00000,532
13,11,1.633695e-01,49.00000,30.00000,507
13,12,1.587677e-01,54.00000,30.00000,533
13,13,1.627354e-01,49.00000,30.00000,514
13,14,1.592639e-01,43.00000,35.00000,522
13,15,1.577046e-01,53.00000,30.00000,535
13,16,1.579041e-01,47.00000,35.00000,527
13,17,1.644869e-01,43.00000,35.00000,536
13,18,1.639163e-01,41.00000,35.00000,507
13,19,1.610704e-01,49.00000,35.00000,514
13,20,1.563238e-01,53.00000,30.00000,532
13,21,1.557115e-01,56.00000,30.00000,541
13,22,1.575266e-01,52.00000,30.00000,531
13,23,1.597010e-01,41.00000,35.00000,541
13,24,1.602834e-01,56.00000,30.00000,534
13,25,1.614307e-01,46.00000,35.00000,507
13,26,1.570314e-01,55.00000,30.00000,539
13,27,1.550813e-01,49.00000,30.00000,541
13,28,1.546664e-01,56.00000,30.00000,539
13,29,1.576944e-01,49.00000,30.00000,536
13,30,1.643778e-01,46.00000,35.00000,508
13,31,1.555045e-01,55.00000,30.00000,540
13,32,1.662454e-01,43.00000,36.00000,503
13,33,1.551751e-01,54.00000,30.00000,532
13,34,1.632712e-01,45.00000,35.00000,508
13,35,1.552486e-01,49.00000,30.00000,537
13,36,1.750999e-01,35.00000,36.00000,470
13,37,1.633882e-01,47.00000,35.00000,511
13,38,1.545410e-01,52.00000,30.00000,541
13,39,1.612395e-01,47.00000,35.00000,510
13,40,1.569826e-01,53.00000,30.00000,536
13,41,1.519708e-01,58.00000,30.00000,536
13,42,1.530340e-01,57.00000,30.00000,543
13,43,1.724262e-01,42.00000,36.00000,486
13,44,1.664085e-01,40.00000,36.00000,531
13,45,1.568221e-01,57.00000,30.00000,542
13,46,1.550425e-01,54.00000,30.00000,541
13,47,1.641314e-01,45.00000,35.00000,509
13,48,1.578389e-01,49.00000,30.00000,533
13,49,1.658607e-01,44.00000,35.00000,501
13,50,1.618333e-01,46.00000,35.00000,518
13,51,1.628895e-01,49.00000,35.00000,513
13,52,1.590291e-01,52.00000,35.00000,547
13,53,1.672798e-01,43.00000,36.00000,504
13,54,1.616540e-01,42.00000,35.00000,514
13,55,1.629076e-01,47.00000,35.00000,504
13,56,1.620921e-01,44.00000,35.00000,520
13,57,1.632161e-01,42.00000,35.00000,519
13,58,1.571815e-01,49.00000,30.00000,529
13,59,1.566464e-01,49.00000,30.00000,533
13,60,1.574807e-01,52.00000,30.00000,537
13,61,1.708283e-01,35.00000,36.00000,493
13,62,1.682291e-01,41.00000,36.00000,509
13,63,1.592643e-01,47.00000,35.00000,517
13,64,1.651670e-01,41.00000,35.00000,500
13,65,1.541038e-01,59.00000,30.00000,552
13,66,1.591293e-01,48.00000,35.00000,524
13,67,1.667557e-01,42.00000,35.00000,505
13,68,1.618649e-01,47.00000,35.00000,535
13,69,1.559761e-01,58.00000,30.00000,547
13,70,1.529182e-01,59.00000,30.00000,558
13,71,1.565623e-01,49.00000,30.00000,514
13,72,1.648531e-01,46.00000,35.00000,516
13,73,1.618023e-01,40.00000,35.00000,527
13,74,1.661192e-01,41.00000,35.00000,492
13,75,1.638086e-01,42.00000,35.00000,503
13,76,1.674682e-01,37.00000,35.00000,503
13,77,1.685196e-01,36.00000,36.00000,489
13,78,1.632425e-01,44.00000,36.00000,505
13,79,1.539789e-01,57.00000,30.00000,543
13,80,1.570190e-01,49.00000,30.00000,539
13,81,1.522785e-01,51.00000,30.00000,568
13,82,1.526082e-01,58.00000,30.00000,544
13,83,1.620859e-01,45.00000,35.00000,521
13,84,1.838309e-01,25.00000,36.00000,472
13,85,1.556373e-01,54.00000,30.00000,531
13,86,1.666155e-01,38.00000,40.00000,503
13,87,1.624135e-01,46.00000,35.00000,520
13,88,1.740711e-01,35.00000,40.00000,478
13,89,1.526364e-01,57.00000,30.00000,552
13,90,1.718476e-01,38.00000,40.00000,495
13,91,1.577968e-01,49.00000,30.00000,519
13,92,1.701757e-01,36.00000,36.00000,499
13,93,1.695845e-01,40.00000,40.00000,484
13,94,1.659340e-01,48.00000,35.00000,514
13,95,1.653802e-01,36.00000,35.00000,494
13,96,1.550963e-01,57.00000,30.00000,552
13,97,1.651632e-01,48.00000,35.00000,516
13,98,1.623824e-01,43.00000,35.00000,535
13,99,1.555524e-01,49.00000,30.00000,527
13,100,1.650599e-01,50.00000,35.00000,526
13,101,1.719640e-01,45.00000,36.00000,507
13,102,1.659599e-01,43.00000,35.00000,491
13,103,1.632305e-01,48.00000,35.00000,522
13,104,1.559521e-01,59.00000,30.00000,560
13,105,1.571689e-01,55.00000,30.00000,534
13,106,1.692387e-01,34.00000,36.00000,505
13,107,1.770111e-01,30.00000,36.00000,463
13,108,1.601234e-01,49.00000,30.00000,522
13,109,1.604752e-01,48.00000,35.00000,532
13,110,1.566962e-01,49.00000,30.00000,550
13,111,1.548401e-01,53.00000,30.00000,537
13,112,1.534036e-01,53.00000,30.00000,540
13,113,1.531755e-01,49.00000,30.00000,551
13,114,1.653005e-01,42.00000,35.00000,508
13,115,1.549112e-01,56.00000,30.00000,542
13,116,1.634714e-01,49.00000,30.00000,518
13,117,1.565656e-01,44.00000,40.00000,525
13,118,1.647286e-01,41.00000,35.00000,510
13,119,1.567920e-01,57.00000,30.00000,545
13,120,1.595531e-01,49.00000,30.00000,536
13,121,1.720768e-01,36.00000,36.00000,487
13,122,1.612521e-01,46.00000,35.00000,527
13,123,1.670136e-01,48.00000,35.00000,516
13,124,1.622023e-01,46.00000,35.00000,514
13,125,1.591703e-01,49.00000,30.00000,521
13,126,1.669172e-01,45.00000,36.00000,514
13,127,1.535900e-01,57.00000,30.00000,544
13,128,1.630252e-01,46.00000,36.00000,507
13,129,1.554630e-01,52.00000,30.00000,543
13,130,1.702776e-01,39.00000,36.00000,488
13,131,1.681854e-01,47.00000,36.00000,515
13,132,1.536108e-01,53.00000,30.00000,540
13,133,1.546982e-01,53.00000,30.00000,528
13,134,1.542215e-01,52.00000,30.00000,553
13,135,1.538829e-01,55.00000,30.00000,536
13,136,1.649227e-01,40.00000,36.00000,514
13,137,1.659252e-01,48.00000,35.00000,515
13,138,1.636409e-01,45.00000,35.00000,506
13,139,1.553074e-01,55.00000,30.00000,537
13,140,1.620354e-01,47.00000,35.00000,511
13,141,1.719766e-01,41.00000,36.00000,490
13,142,1.581705e-01,49.00000,30.00000,523
13,143,1.526092e-01,55.00000,30.00000,543
13,144,1.731702e-01,35.00000,36.00000,489
13,145,1.645016e-01,41.00000,35.00000,511
13,146,1.631830e-01,41.00000,35.00000,524
13,147,1.668490e-01,43.00000,36.00000,507
13,148,1.623405e-01,41.00000,35.00000,505
13,149,1.660085e-01,47.00000,35.00000,525
13,150,1.588391e-01,53.00000,30.00000,527
13,151,1.601546e-01,43.00000,35.00000,533
13,152,1.518999e-01,56.00000,30.00000,550
13,153,1.520858e-01,54.00000,30.00000,558
13,154,1.545151e-01,53.00000,30.00000,550
13,155,1.666412e-01,42.00000,36.00000,509
13,156,1.625059e-01,40.00000,35.00000,510
13,157,1.660980e-01,45.00000,36.00000,507
13,158,1.674216e-01,42.00000,35.00000,499
13,159,1.599882e-01,49.00000,30.00000,519
13,160,1.523319e-01,57.00000,30.00000,551
13,161,1.593059e-01,47.00000,35.00000,516
13,162,1.602748e-01,48.00000,35.00000,517
13,163,1.542321e-01,54.00000,30.00000,533
13,164,1.563439e-01,51.00000,30.00000,523
13,165,1.585218e-01,49.00000,30.00000,511
13,166,1.671082e-01,40.00000,35.00000,493
13,167,1.611847e-01,46.00000,35.00000,515
13,168,1.571782e-01,49.00000,30.00000,515
13,169,1.572658e-01,49.00000,30.00000,527
13,170,1.652539e-01,43.00000,35.00000,496
13,171,1.558718e-01,49.00000,30.00000,536
13,172,1.564983e-01,51.00000,30.00000,520
13,173,1.679882e-01,41.00000,36.00000,500
13,174,1.653955e-01,46.00000,36.00000,505
13,175,1.540133e-01,58.00000,30.00000,547
13,176,1.526252e-01,55.00000,30.00000,542
13,177,1.656769e-01,45.00000,35.00000,494
13,178,1.652997e-01,38.00000,35.00000,495
13,179,1.617294e-01,38.00000,35.00000,513
13,180,1.614594e-01,41.00000,35.00000,546
13,181,1.639793e-01,43.00000,35.00000,516
13,182,1.559284e-01,54.00000,30.00000,531
13,183,1.639076e-01,48.00000,35.00000,522
13,184,1.668995e-01,46.00000,35.00000,516
13,185,1.643563e-01,47.00000,35.00000,509
13,186,1.640233e-01,47.00000,35.00000,520
13,187,1.740717e-01,37.00000,36.00000,474
13,188,1.594020e-01,46.00000,35.00000,517
13,189,1.555668e-01,54.00000,30.00000,526
13,190,1.644313e-01,45.00000,35.00000,495
13,191,1.550171e-01,51.00000,30.00000,526
13,192,1.534713e-01,54.00000,30.00000,537
13,193,1.651271e-01,42.00000,35.00000,514
13,194,1.573410e-01,49.00000,30.00000,512
13,195,1.587700e-01,49.00000,35.00000,518
13,196,1.829411e-01,25.00000,36.00000,473
13,197,1.632227e-01,50.00000,35.00000,528
13,198,1.561310e-01,51.00000,30.00000,540
13,199,1.555369e-01,54.00000,30.00000,550
13,200,1.546802e-01,53.00000,30.00000,536
13,201,1.533440e-01,57.00000,30.00000,544
13,202,1.531785e-01,55.00000,30.00000,536
13,203,1.535927e-01,49.00000,30.00000,540
13,204,1.537380e-01,55.00000,30.00000,536
13,205,1.486915e-01,61.00000,30.00000,563
13,206,1.571029e-01,54.00000,30.00000,527
13,207,1.677956e-01,36.00000,36.00000,496
13,208,1.536519e-01,53.00000,30.00000,547
13,209,1.604624e-01,47.00000,35.00000,509
13,210,1.585287e-01,48.00000,35.00000,527
13,211,1.525524e-01,55.00000,30.00000,546
13,212,1.628764e-01,42.00000,35.00000,514
13,213,1.526594e-01,55.00000,30.00000,546
13,214,1.549144e-01,52.00000,30.00000,552
13,215,1.612768e-01,45.00000,35.00000,495
13,216,1.684861e-01,38.00000,40.00000,486
13,217,1.547715e-01,54.00000,30.00000,540
13,218,1.614895e-01,45.00000,35.00000,494
13,219,1.596012e-01,48.00000,35.00000,516
13,220,1.543067e-01,54.00000,30.00000,529
13,221,1.533051e-01,55.00000,30.00000,541
13,222,1.543506e-01,52.00000,30.00000,537
13,223,1.531302e-01,55.00000,30.00000,544
13,224,1.557696e-01,49.00000,30.00000,530
13,225,1.557473e-01,61.00000,30.00000,563
13,226,1.624230e-01,42.00000,35.00000,515
13,227,1.637428e-01,45.00000,35.00000,512
13,228,1.618021e-01,43.00000,35.00000,513
13,229,1.609292e-01,50.00000,36.00000,526
13,230,1.584085e-01,47.00000,35.00000,529
13,231,1.697818e-01,43.00000,36.00000,499
13,232,1.733567e-01,36.00000,36.00000,475
13,233,1.575676e-01,49.00000,30.00000,526
13,234,1.521948e-01,57.00000,30.00000,545
13,235,1.800217e-01,37.00000,36.00000,474
13,236,1.532312e-01,61.00000,30.00000,564
13,237,1.526736e-01,58.00000,30.00000,539
13,238,1.542580e-01,53.00000,30.00000,543
13,239,1.527378e-01,53.00000,30.00000,544
13,240,1.666473e-01,40.00000,40.00000,495
13,241,1.653748e-01,46.00000,35.00000,510
13,242,1.610598e-01,46.00000,35.00000,514
13,243,1.555155e-01,53.00000,30.00000,544
13,244,1.581166e-01,49.00000,30.00000,511
13,245,1.547889e-01,49.00000,30.00000,551
13,246,1.616908e-01,44.00000,35.00000,511
13,247,1.627176e-01,44.00000,35.00000,512
13,248,1.630888e-01,46.00000,35.00000,524
13,249,1.500422e-01,57.00000,30.00000,563
13,250,1.599341e-01,44.00000,35.00000,529
13,251,1.612738e-01,46.00000,36.00000,506
13,252,1.644744e-01,40.00000,35.00000,514
13,253,1.689319e-01,43.00000,36.00000,522
13,254,1.667583e-01,41.00000,36.00000,497
13,255,1.586057e-01,49.00000,30.00000,510
13,256,1.533908e-01,56.00000,30.00000,546
13,257,1.538474e-01,55.00000,30.00000,537
13,258,1.768690e-01,35.00000,36.00000,466
13,259,1.510815e-01,55.00000,30.00000,562
13,260,1.536752e-01,55.00000,30.00000,550
13,261,1.531877e-01,57.00000,30.00000,549
13,262,1.635563e-01,42.00000,35.00000,515
13,263,1.539154e-01,58.00000,30.00000,543
13,264,1.685190e-01,39.00000,36.00000,483
13,265,1.563605e-01,53.00000,30.00000,533
13,266,1.612057e-01,47.00000,35.00000,512
13,267,1.697150e-01,31.00000,36.00000,508
13,268,1.567895e-01,49.00000,30.00000,533
13,269,1.666603e-01,38.00000,36.00000,493
13,270,1.682882e-01,44.00000,35.00000,503
13,271,1.556632e-01,58.00000,30.00000,540
13,272,1.649906e-01,48.00000,35.00000,516
13,273,1.655644e-01,35.00000,36.00000,514
13,274,1.567070e-01,49.00000,30.00000,528
13,275,1.574324e-01,48.00000,35.00000,536
13,276,1.521419e-01,59.00000,30.00000,553
13,277,1.587925e-01,48.00000,35.00000,516
13,278,1.512045e-01,55.00000,30.00000,546
13,279,1.596492e-01,45.00000,35.00000,513
13,280,1.565627e-01,58.00000,30.00000,540
13,281,1.536089e-01,55.00000,30.00000,542
13,282,1.548861e-01,53.00000,30.00000,530
13,283,1.776811e-01,42.00000,36.00000,488
13,284,1.555004e-01,53.00000,30.00000,549
13,285,1.691024e-01,45.00000,36.00000,508
13,286,1.536922e-01,53.00000,30.00000,530
13,287,1.744923e-01,31.00000,36.00000,489
13,288,1.537953e-01,49.00000,30.00000,528
13,289,1.648281e-01,43.00000,35.00000,499
13,290,1.679467e-01,41.00000,36.00000,490
13,291,1.528308e-01,58.00000,30.00000,557
13,292,1.552462e-01,54.00000,30.00000,555
13,293,1.642470e-01,41.00000,35.00000,501
13,294,1.629598e-01,46.00000,35.00000,510
13,295,1.553153e-01,55.00000,30.00000,536
13,296,1.633607e-01,43.00000,35.00000,499
13,297,1.575469e-01,42.00000,35.00000,544
13,298,1.649529e-01,49.00000,36.00000,525
13,299,1.642879e-01,41.00000,36.00000,507
13,300,1.609998e-01,46.00000,35.00000,515
13,301,1.661232e-01,37.00000,40.00000,502
13,302,1.648981e-01,47.00000,35.00000,506
13,303,1.545165e-01,49.00000,30.00000,529
13,304,1.561707e-01,53.00000,30.00000,531
13,305,1.616126e-01,43.00000,35.00000,505
13,306,1.534565e-01,59.00000,30.00000,553
13,307,1.523315e-01,57.00000,30.00000,544
13,308,1.559047e-01,54.00000,30.00000,530
13,309,1.674627e-01,47.00000,36.00000,516
13,310,1.627059e-01,36.00000,35.00000,508
13,311,1.661187e-01,38.00000,36.00000,515
13,312,1.546142e-01,58.00000,30.00000,539
13,313,1.610802e-01,46.00000,35.00000,516
13,314,1.570509e-01,49.00000,30.00000,522
13,315,1.623228e-01,42.00000,35.00000,515
13,316,1.586269e-01,49.00000,30.00000,511
13,317,1.623259e-01,44.00000,35.00000,503
13,318,1.592761e-01,49.00000,35.00000,516
13,319,1.559205e-01,54.00000,30.00000,533
13,320,1.627919e-01,43.00000,35.00000,505
13,321,1.658274e-01,37.00000,35.00000,499
13,322,1.641978e-01,42.00000,35.00000,508
13,323,1.643149e-01,42.00000,35.00000,504
13,324,1.602488e-01,46.00000,35.00000,521
13,325,1.525431e-01,57.00000,30.00000,558
13,326,1.634288e-01,41.00000,35.00000,516
13,327,1.670478e-01,42.00000,36.00000,513
13,328,1.727345e-01,31.00000,36.00000,506
13,329,1.532446e-01,55.00000,30.00000,536
13,330,1.523275e-01,57.00000,30.00000,546
13,331,1.574574e-01,49.00000,30.00000,511
13,332,1.593769e-01,46.00000,35.00000,540
13,333,1.645159e-01,43.00000,35.00000,507
13,334,1.611927e-01,46.00000,35.00000,516
13,335,1.653040e-01,37.00000,35.00000,535
13,336,1.536564e-01,57.00000,30.00000,545
13,337,1.615270e-01,44.00000,35.00000,535
13,338,1.656907e-01,37.00000,36.00000,503
13,339,1.631276e-01,48.00000,35.00000,522
13,340,1.711490e-01,45.00000,40.00000,527
13,341,1.678564e-01,44.00000,35.00000,510
13,342,1.635468e-01,42.00000,36.00000,501
13,343,1.704925e-01,35.00000,36.00000,487
13,344,1.718378e-01,34.00000,40.00000,493
13,345,1.649321e-01,48.00000,35.00000,519
13,346,1.669621e-01,34.00000,36.00000,524
13,347,1.810872e-01,25.00000,36.00000,493
13,348,1.696438e-01,38.00000,36.00000,493
13,349,1.692908e-01,43.00000,36.00000,506
13,350,1.632512e-01,46.00000,35.00000,517
13,351,1.648245e-01,42.00000,35.00000,500
13,352,1.547943e-01,54.00000,30.00000,545
13,353,1.574372e-01,49.00000,30.00000,532
13,354,1.546585e-01,53.00000,30.00000,551
13,355,1.559283e-01,55.00000,30.00000,542
13,356,1.558826e-01,53.00000,30.00000,527
13,357,1.716265e-01,31.00000,36.00000,524
13,358,1.643496e-01,42.00000,35.00000,503
13,359,1.526426e-01,55.00000,30.00000,551
13,360,1.707266e-01,37.00000,36.00000,477
13,361,1.556902e-01,53.00000,30.00000,531
13,362,1.618474e-01,42.00000,35.00000,525
13,363,1.628536e-01,47.00000,35.00000,514
13,364,1.623344e-01,48.00000,35.00000,515
13,365,1.550183e-01,55.00000,30.00000,542
13,366,1.673043e-01,37.00000,36.00000,517
13,367,1.580846e-01,49.00000,30.00000,539
13,368,1.560476e-01,49.00000,30.00000,516
13,369,1.697314e-01,36.00000,40.00000,490
13,370,1.686878e-01,37.00000,36.00000,499
13,371,1.711874e-01,38.00000,40.00000,491
13,372,1.674294e-01,43.00000,35.00000,491
13,373,1.641369e-01,48.00000,36.00000,513
13,374,1.557985e-01,53.00000,30.00000,534
13,375,1.523701e-01,54.00000,30.00000,542
13,376,1.534325e-01,59.00000,30.00000,553
13,377,1.532020e-01,55.00000,30.00000,547
13,378,1.565909e-01,49.00000,30.00000,529
13,379,1.546723e-01,57.00000,30.00000,547
13,380,1.651179e-01,44.00000,35.00000,510
13,381,1.556610e-01,49.00000,30.00000,532
13,382,1.719031e-01,35.00000,36.00000,505
13,383,1.652161e-01,42.00000,35.00000,502
13,384,1.513834e-01,54.00000,30.00000,541
13,385,1.530585e-01,49.00000,30.00000,539
13,386,1.543849e-01,57.00000,30.00000,545
13,387,1.560960e-01,49.00000,30.00000,550
13,388,1.545086e-01,53.00000,30.00000,549
13,389,1.592724e-01,48.00000,35.00000,523
13,390,1.734026e-01,37.00000,36.00000,485
13,391,1.624756e-01,43.00000,35.00000,493
13,392,1.592424e-01,48.00000,35.00000,522
13,393,1.736994e-01,30.00000,36.00000,473
13,394,1.510667e-01,57.00000,30.00000,554
13,395,1.516218e-01,57.00000,30.00000,545
13,396,1.564026e-01,49.00000,30.00000,534
13,397,1.521475e-01,57.00000,30.00000,551
13,398,1.564334e-01,49.00000,30.00000,528
13,399,1.585417e-01,49.00000,30.00000,524
13,400,1.724503e-01,35.00000,36.00000,474
13,401,1.535501e-01,54.00000,30.00000,528
13,402,1.627075e-01,45.00000,35.00000,514
13,403,1.621652e-01,44.00000,35.00000,514
13,404,1.512686e-01,54.00000,30.00000,562
13,405,1.747840e-01,40.00000,36.00000,479
13,406,1.667917e-01,44.00000,35.00000,523
13,407,1.563900e-01,53.00000,30.00000,527
13,408,1.710924e-01,43.00000,36.00000,500
13,409,1.541201e-01,55.00000,30.00000,536
13,410,1.716923e-01,40.00000,36.00000,480
13,411,1.590146e-01,49.00000,30.00000,536
13,412,1.544519e-01,57.00000,30.00000,555
13,413,1.795367e-01,42.00000,36.00000,489
13,414,1.671211e-01,38.00000,35.00000,530
13,415,1.645451e-01,46.00000,35.00000,514
13,416,1.754727e-01,31.00000,36.00000,490
13,417,1.693457e-01,41.00000,35.00000,489
13,418,1.694681e-01,36.00000,35.00000,498
13,419,1.609713e-01,49.00000,35.00000,523
13,420,1.693970e-01,40.00000,36.00000,504
13,421,1.534031e-01,55.00000,30.00000,545
13,422,1.541271e-01,53.00000,30.00000,545
13,423,1.519345e-01,57.00000,30.00000,548
13,424,1.613213e-01,47.00000,35.00000,522
13,425,1.596831e-01,51.00000,35.00000,530
13,426,1.648902e-01,41.00000,35.00000,500
13,427,1.553892e-01,49.00000,30.00000,548
13,428,1.525359e-01,54.00000,30.00000,559
13,429,1.618235e-01,51.00000,35.00000,524
13,430,1.567557e-01,54.00000,30.00000,526
13,431,1.696655e-01,41.00000,36.00000,499
13,432,1.614439e-01,46.00000,35.00000,517
13,433,1.536262e-01,54.00000,30.00000,540
13,434,1.543469e-01,53.00000,30.00000,538
13,435,1.619610e-01,42.00000,35.00000,514
13,436,1.617499e-01,56.00000,30.00000,535
13,437,1.620074e-01,46.00000,36.00000,542
13,438,1.531244e-01,51.00000,30.00000,553
13,439,1.651099e-01,41.00000,35.00000,498
13,440,1.610499e-01,43.00000,35.00000,505
13,441,1.629874e-01,45.00000,35.00000,515
13,442,1.712475e-01,38.00000,36.00000,475
13,443,1.565394e-01,49.00000,30.00000,550
13,444,1.495813e-01,60.00000,30.00000,555
13,445,1.536717e-01,54.00000,30.00000,573
13,446,1.706258e-01,40.00000,36.00000,479
13,447,1.672848e-01,44.00000,36.00000,495
13,448,1.623079e-01,49.00000,35.00000,523
13,449,1.689129e-01,44.00000,40.00000,515
13,450,1.579802e-01,49.00000,30.00000,511
13,451,1.644842e-01,42.00000,35.00000,503
13,452,1.571587e-01,49.00000,30.00000,541
13,453,1.559137e-01,57.00000,30.00000,545
13,454,1.659836e-01,37.00000,35.00000,507
13,455,1.640955e-01,49.00000,35.00000,515
13,456,1.643483e-01,43.00000,35.00000,523
13,457,1.641928e-01,42.00000,35.00000,513
13,458,1.622316e-01,43.00000,35.00000,522
13,459,1.699849e-01,41.00000,36.00000,497
13,460,1.539083e-01,49.00000,30.00000,551
13,461,1.527012e-01,53.00000,30.00000,532
13,462,1.694386e-01,37.00000,36.00000,522
13,463,1.527808e-01,58.00000,30.00000,542
13,464,1.621070e-01,42.00000,35.00000,496
13,465,1.653381e-01,42.00000,35.00000,512
13,466,1.661777e-01,43.00000,35.00000,489
13,467,1.522201e-01,60.00000,30.00000,552
13,468,1.671753e-01,47.00000,36.00000,515
13,469,1.681295e-01,42.00000,36.00000,488
13,470,1.612600e-01,48.00000,35.00000,516
13,471,1.560024e-01,53.00000,30.00000,528
13,472,1.710700e-01,36.00000,36.00000,486
13,473,1.570201e-01,55.00000,30.00000,537
13,474,1.551230e-01,54.00000,30.00000,528
13,475,1.544748e-01,57.00000,30.00000,545
13,476,1.612753e-01,48.00000,35.00000,521
13,477,1.545745e-01,53.00000,30.00000,528
13,478,1.557342e-01,52.00000,30.00000,530
13,479,1.688482e-01,43.00000,36.00000,506
13,480,1.679211e-01,42.00000,36.00000,524
13,481,1.524097e-01,56.00000,30.00000,539
13,482,1.556997e-01,49.00000,30.00000,527
13,483,1.543536e-01,54.00000,30.00000,526
13,484,1.576505e-01,49.00000,30.00000,515
13,485,1.544445e-01,53.00000,30.00000,530
13,486,1.582250e-01,52.00000,30.00000,517
13,487,1.697949e-01,37.00000,36.00000,484
13,488,1.532046e-01,55.00000,30.00000,541
13,489,1.621795e-01,49.00000,35.00000,516
13,490,1.542361e-01,57.00000,30.00000,544
13,491,1.666375e-01,43.00000,36.00000,499
13,492,1.588587e-01,48.00000,35.00000,516
13,493,1.567143e-01,49.00000,30.00000,522
13,494,1.537855e-01,58.00000,30.00000,541
13,495,1.533322e-01,55.00000,30.00000,544
13,496,1.606895e-01,46.00000,35.00000,510
13,497,1.630246e-01,45.00000,35.00000,501
13,498,1.685146e-01,40.00000,40.00000,485
13,499,1.607915e-01,46.00000,35.00000,517
13,500,1.646728e-01,50.00000,35.00000,535
13,501,1.614966e-01,42.00000,35.00000,512
13,502,1.754325e-01,30.00000,36.00000,488
13,503,1.550738e-01,49.00000,30.00000,548
13,504,1.717466e-01,41.00000,36.00000,490
13,505,1.674172e-01,43.00000,36.00000,513
13,506,1.774476e-01,35.00000,36.00000,467
13,507,1.623547e-01,42.00000,35.00000,507
13,508,1.706721e-01,38.00000,36.00000,475
13,509,1.566697e-01,56.00000,30.00000,532
13,510,1.542387e-01,58.00000,30.00000,540
13,511,1.545406e-01,49.00000,30.00000,525
13,512,1.623730e-01,45.00000,35.00000,510
13,513,1.700920e-01,43.00000,36.00000,499
13,514,1.709741e-01,31.00000,36.00000,505
13,515,1.541384e-01,55.00000,30.00000,543
13,516,1.554804e-01,49.00000,30.00000,545
13,517,1.672059e-01,37.00000,36.00000,503
13,518,1.695828e-01,37.00000,40.00000,490
13,519,1.695468e-01,44.00000,36.00000,502
13,520,1.654902e-01,46.00000,35.00000,510
13,521,1.658029e-01,46.00000,35.00000,514
13,522,1.669123e-01,38.00000,35.00000,513
13,523,1.629328e-01,45.00000,35.00000,511
13,524,1.650638e-01,48.00000,35.00000,516
13,525,1.553282e-01,53.00000,30.00000,550
13,526,1.562658e-01,52.00000,30.00000,544
13,527,1.568382e-01,53.00000,30.00000,527
13,528,1.626631e-01,44.00000,35.00000,510
13,529,1.554859e-01,54.00000,30.00000,538
13,530,1.527726e-01,56.00000,30.00000,539
13,531,1.544148e-01,57.00000,30.00000,545
13,532,1.604375e-01,43.00000,35.00000,522
13,533,1.603187e-01,49.00000,35.00000,526
13,534,1.554319e-01,49.00000,30.00000,531
13,535,1.559995e-01,49.00000,30.00000,523
13,536,1.632897e-01,46.00000,35.00000,510
13,537,1.522402e-01,53.00000,30.00000,559
13,538,1.548727e-01,52.00000,30.00000,538
13,539,1.740553e-01,34.00000,36.00000,459
13,540,1.538149e-01,53.00000,30.00000,539
13,541,1.628863e-01,43.00000,35.00000,519
13,542,1.555346e-01,61.00000,30.00000,571
13,543,1.549299e-01,49.00000,30.00000,541
13,544,1.647958e-01,41.00000,36.00000,498
13,545,1.529248e-01,49.00000,30.00000,537
13,546,1.523332e-01,56.00000,30.00000,532
13,547,1.565981e-01,49.00000,30.00000,526
13,548,1.607878e-01,46.00000,35.00000,517
13,549,1.590125e-01,50.00000,35.00000,529
13,550,1.558769e-01,53.00000,30.00000,528
13,551,1.537155e-01,54.00000,30.00000,537
13,552,1.635820e-01,42.00000,36.00000,517
13,553,1.567183e-01,49.00000,30.00000,522
13,554,1.615404e-01,49.00000,35.00000,517
13,555,1.770837e-01,31.00000,36.00000,475
13,556,1.523140e-01,60.00000,30.00000,559
13,557,1.518730e-01,55.00000,30.00000,537
13,558,1.697515e-01,34.00000,36.00000,480
13,559,1.622821e-01,46.00000,35.00000,511
13,560,1.610874e-01,43.00000,35.00000,512
13,561,1.634919e-01,43.00000,35.00000,493
13,562,1.537989e-01,59.00000,30.00000,554
13,563,1.658949e-01,48.00000,35.00000,517
13,564,1.529956e-01,54.00000,30.00000,533
13,565,1.724186e-01,36.00000,36.00000,470
13,566,1.653775e-01,47.00000,36.00000,516
13,567,1.588179e-01,47.00000,35.00000,524
13,568,1.725284e-01,36.00000,36.00000,462
13,569,1.696874e-01,41.00000,36.00000,496
13,570,1.645230e-01,42.00000,35.00000,517
13,571,1.593310e-01,49.00000,30.00000,512
13,572,1.747306e-01,31.00000,36.00000,501
13,573,1.521394e-01,54.00000,30.00000,541
13,574,1.532219e-01,52.00000,30.00000,540
13,575,1.577534e-01,49.00000,30.00000,512
13,576,1.618699e-01,43.00000,35.00000,494
13,577,1.668855e-01,43.00000,36.00000,505
13,578,1.553818e-01,56.00000,30.00000,533
13,579,1.572967e-01,52.00000,30.00000,525
13,580,1.807856e-01,25.00000,36.00000,464
13,581,1.624978e-01,42.00000,35.00000,505
13,582,1.719568e-01,37.00000,36.00000,492
13,583,1.604602e-01,49.00000,35.00000,530
13,584,1.551219e-01,53.00000,30.00000,538
13,585,1.648583e-01,38.00000,35.00000,494
13,586,1.544201e-01,55.00000,30.00000,540
13,587,1.757597e-01,30.00000,36.00000,466
13,588,1.648245e-01,41.00000,35.00000,519
13,589,1.618180e-01,43.00000,35.00000,519
13,590,1.636536e-01,41.00000,35.00000,506
13,591,1.547548e-01,56.00000,30.00000,538
13,592,1.552815e-01,53.00000,30.00000,539
13,593,1.550802e-01,49.00000,30.00000,536
13,594,1.639289e-01,40.00000,35.00000,496
13,595,1.630771e-01,43.00000,35.00000,507
13,596,1.522994e-01,49.00000,30.00000,555
13,597,1.560460e-01,53.00000,30.00000,535
13,598,1.543535e-01,49.00000,30.00000,525
13,599,1.607152e-01,46.00000,35.00000,517
13,600,1.528765e-01,55.00000,30.00000,551
13,601,1.697186e-01,35.00000,36.00000,487
13,602,1.551758e-01,49.00000,30.00000,525
13,603,1.545997e-01,55.00000,30.00000,539
13,604,1.705085e-01,34.00000,36.00000,512
13,605,1.716710e-01,37.00000,35.00000,470
13,606,1.732390e-01,36.00000,36.00000,491
13,607,1.611383e-01,46.00000,35.00000,511
13,608,1.526979e-01,55.00000,30.00000,551
13,609,1.687755e-01,36.00000,40.00000,488
13,610,1.520023e-01,54.00000,30.00000,549
13,611,1.588001e-01,49.00000,35.00000,519
13,612,1.568459e-01,49.00000,30.00000,534
13,613,1.559228e-01,51.00000,30.00000,525
13,614,1.616886e-01,42.00000,35.00000,515
13,615,1.533823e-01,52.00000,30.00000,554
13,616,1.712026e-01,35.00000,40.00000,489
13,617,1.581126e-01,47.00000,35.00000,522
13,618,1.660054e-01,45.00000,36.00000,507
13,619,1.534784e-01,56.00000,30.00000,538
13,620,1.654129e-01,44.00000,35.00000,503
13,621,1.644554e-01,40.00000,35.00000,514
13,622,1.562753e-01,49.00000,30.00000,526
13,623,1.547339e-01,53.00000,30.00000,527
13,624,1.706825e-01,37.00000,36.00000,477
13,625,1.528401e-01,52.00000,30.00000,544
13,626,1.545490e-01,54.00000,30.00000,535
13,627,1.564737e-01,49.00000,30.00000,525
13,628,1.523101e-01,61.00000,30.00000,565
13,629,1.546178e-01,51.00000,35.00000,536
13,630,1.524888e-01,49.00000,30.00000,544
13,631,1.623599e-01,45.00000,35.00000,503
13,632,1.603037e-01,43.00000,35.00000,514
13,633,1.628852e-01,42.00000,35.00000,513
13,634,1.690603e-01,40.00000,40.00000,493
13,635,1.660863e-01,37.00000,35.00000,513
13,636,1.608697e-01,42.00000,35.00000,522
13,637,1.673889e-01,41.00000,40.00000,501
13,638,1.562126e-01,49.00000,30.00000,542
13,639,1.513579e-01,53.00000,30.00000,562
13,640,1.702778e-01,36.00000,36.00000,512
13,641,1.684293e-01,40.00000,36.00000,490
13,642,1.750817e-01,30.00000,36.00000,479
13,643,1.689189e-01,37.00000,36.00000,504
13,644,1.565835e-01,49.00000,30.00000,535
13,645,1.545112e-01,49.00000,30.00000,535
13,646,1.541435e-01,49.00000,30.00000,546
13,647,1.639594e-01,50.00000,35.00000,534
13,648,1.555923e-01,53.00000,30.00000,532
13,649,1.577582e-01,49.00000,30.00000,533
13,650,1.548761e-01,53.00000,30.00000,528
13,651,1.687513e-01,35.00000,36.00000,500
13,652,1.623202e-01,46.00000,35.00000,514
13,653,1.632532e-01,45.00000,35.00000,499
13,654,1.620340e-01,42.00000,35.00000,506
13,655,1.531433e-01,50.00000,30.00000,529
13,656,1.630422e-01,39.00000,35.00000,507
13,657,1.512658e-01,55.00000,30.00000,544
13,658,1.578594e-01,49.00000,35.00000,518
13,659,1.652666e-01,43.00000,35.00000,490
13,660,1.610330e-01,43.00000,35.00000,507
13,661,1.753637e-01,31.00000,36.00000,476
13,662,1.606680e-01,44.00000,35.00000,514
13,663,1.626784e-01,48.00000,35.00000,516
13,664,1.635285e-01,42.00000,35.00000,508
13,665,1.583871e-01,44.00000,35.00000,520
13,666,1.713217e-01,35.00000,36.00000,475
13,667,1.543540e-01,53.00000,30.00000,534
13,668,1.601835e-01,42.00000,35.00000,540
13,669,1.697297e-01,35.00000,36.00000,502
13,670,1.719747e-01,43.00000,36.00000,500
13,671,1.552528e-01,54.00000,30.00000,528
13,672,1.622674e-01,48.00000,36.00000,520
13,673,1.618898e-01,46.00000,35.00000,511
13,674,1.620550e-01,48.00000,35.00000,522
13,675,1.628472e-01,46.00000,35.00000,511
13,676,1.665636e-01,43.00000,35.00000,489
13,677,1.552184e-01,49.00000,30.00000,542
13,678,1.650449e-01,41.00000,35.00000,489
13,679,1.529495e-01,55.00000,30.00000,547
13,680,1.716904e-01,36.00000,36.00000,487
13,681,1.604194e-01,44.00000,35.00000,518
13,682,1.541573e-01,57.00000,30.00000,551
13,683,1.571796e-01,49.00000,35.00000,517
13,684,1.594825e-01,48.00000,35.00000,517
13,685,1.526063e-01,55.00000,30.00000,536
13,686,1.734302e-01,30.00000,36.00000,499
13,687,1.632907e-01,42.00000,35.00000,521
13,688,1.691546e-01,42.00000,36.00000,499
13,689,1.601051e-01,48.00000,35.00000,517
13,690,1.607238e-01,48.00000,35.00000,530
13,691,1.536497e-01,54.00000,30.00000,527
13,692,1.619532e-01,44.00000,35.00000,525
13,693,1.495965e-01,58.00000,30.00000,545
13,694,1.555396e-01,50.00000,30.00000,530
13,695,1.560919e-01,49.00000,30.00000,534
13,696,1.620363e-01,43.00000,35.00000,505
13,697,1.562588e-01,48.00000,35.00000,540
13,698,1.589620e-01,57.00000,30.00000,545
13,699,1.671115e-01,40.00000,36.00000,489
13,700,1.541753e-01,52.00000,30.00000,549
13,701,1.573870e-01,48.00000,35.00000,527
13,702,1.640573e-01,40.00000,35.00000,501
13,703,1.566015e-01,52.00000,30.00000,527
13,704,1.591004e-01,48.00000,35.00000,516
13,705,1.548005e-01,49.00000,30.00000,533
13,706,1.525584e-01,59.00000,30.00000,555
13,707,1.662153e-01,40.00000,35.00000,506
13,708,1.509305e-01,58.00000,30.00000,540
13,709,1.511561e-01,54.00000,30.00000,549
13,710,1.514728e-01,54.00000,30.00000,544
13,711,1.530677e-01,54.00000,30.00000,547
13,712,1.520215e-01,55.00000,30.00000,548
13,713,1.625502e-01,40.00000,35.00000,511
13,714,1.680470e-01,43.00000,40.00000,509
13,715,1.539879e-01,53.00000,30.00000,528
13,716,1.539846e-01,49.00000,30.00000,546
13,717,1.647275e-01,40.00000,35.00000,495
13,718,1.696266e-01,34.00000,40.00000,493
13,719,1.687073e-01,41.00000,36.00000,492
13,720,1.623134e-01,46.00000,35.00000,511
13,721,1.538708e-01,56.00000,30.00000,536
13,722,1.569316e-01,49.00000,30.00000,512
13,723,1.646578e-01,45.00000,35.00000,495
13,724,1.541918e-01,55.00000,30.00000,544
13,725,1.574825e-01,49.00000,35.00000,529
13,726,1.540248e-01,53.00000,30.00000,529
13,727,1.602173e-01,50.00000,35.00000,529
13,728,1.652308e-01,38.00000,35.00000,494
13,729,1.550574e-01,49.00000,30.00000,531
13,730,1.573029e-01,51.00000,30.00000,520
13,731,1.659638e-01,42.00000,35.00000,496
13,732,1.728684e-01,30.00000,40.00000,474
13,733,1.681042e-01,31.00000,36.00000,515
13,734,1.568216e-01,49.00000,30.00000,512
13,735,1.544549e-01,53.00000,30.00000,536
13,736,1.554400e-01,54.00000,30.00000,555
13,737,1.636395e-01,48.00000,35.00000,518
13,738,1.710563e-01,31.00000,36.00000,488
13,739,1.677128e-01,46.00000,36.00000,506
13,740,1.650907e-01,44.00000,35.00000,512
13,741,1.660774e-01,37.00000,36.00000,509
13,742,1.640356e-01,42.00000,35.00000,495
13,743,1.619317e-01,48.00000,35.00000,526
13,744,1.584339e-01,46.00000,35.00000,515
13,745,1.533919e-01,53.00000,30.00000,534
13,746,1.683575e-01,31.00000,36.00000,505
13,747,1.533904e-01,53.00000,30.00000,547
13,748,1.648995e-01,39.00000,35.00000,505
13,749,1.614258e-01,46.00000,35.00000,522
13,750,1.602274e-01,49.00000,35.00000,516
13,751,1.573977e-01,49.00000,30.00000,527
13,752,1.539190e-01,54.00000,30.00000,530
13,753,1.524731e-01,58.00000,30.00000,544
13,754,1.563570e-01,49.00000,30.00000,520
13,755,1.610633e-01,45.00000,35.00000,502
13,756,1.754211e-01,46.00000,36.00000,506
13,757,1.646062e-01,40.00000,35.00000,501
13,758,1.542736e-01,52.00000,30.00000,552
13,759,1.536902e-01,54.00000,30.00000,548
13,760,1.575374e-01,51.00000,30.00000,528
13,761,1.686840e-01,40.00000,36.00000,508
13,762,1.643021e-01,47.00000,35.00000,506
13,763,1.679080e-01,41.00000,36.00000,492
13,764,1.532281e-01,53.00000,30.00000,553
13,765,1.613834e-01,45.00000,35.00000,508
13,766,1.536392e-01,49.00000,30.00000,535
13,767,1.523596e-01,57.00000,30.00000,559
13,768,1.514009e-01,58.00000,30.00000,540
13,769,1.637974e-01,41.00000,36.00000,496
13,770,1.630965e-01,39.00000,35.00000,521
13,771,1.646645e-01,40.00000,36.00000,507
13,772,1.652783e-01,46.00000,36.00000,513
13,773,1.601438e-01,48.00000,35.00000,524
13,774,1.630183e-01,47.00000,35.00000,511
13,775,1.682514e-01,40.00000,36.00000,485
13,776,1.546941e-01,51.00000,30.00000,537
13,777,1.569856e-01,55.00000,30.00000,537
13,778,1.538961e-01,55.00000,30.00000,539
13,779,1.490475e-01,59.00000,30.00000,554
13,780,1.548364e-01,52.00000,30.00000,519
13,781,1.545090e-01,55.00000,30.00000,537
13,782,1.591569e-01,47.00000,35.00000,517
13,783,1.519747e-01,53.00000,30.00000,542
13,784,1.533468e-01,54.00000,30.00000,526
13,785,1.648661e-01,40.00000,35.00000,517
13,786,1.525778e-01,49.00000,30.00000,535
13,787,1.704238e-01,31.00000,36.00000,505
13,788,1.551767e-01,56.00000,30.00000,533
13,789,1.521776e-01,57.00000,30.00000,546
13,790,1.617484e-01,42.00000,35.00000,511
13,791,1.590323e-01,50.00000,35.00000,535
13,792,1.532403e-01,58.00000,30.00000,540
13,793,1.635985e-01,38.00000,35.00000,517
13,794,1.579544e-01,49.00000,30.00000,518
13,795,1.525582e-01,59.00000,30.00000,554
13,796,1.616295e-01,45.00000,35.00000,508
13,797,1.532617e-01,53.00000,30.00000,529
13,798,1.668439e-01,43.00000,36.00000,504
13,799,1.511635e-01,60.00000,30.00000,553
13,800,1.593720e-01,48.00000,35.00000,524
13,801,1.492441e-01,59.00000,30.00000,560
13,802,1.491910e-01,53.00000,30.00000,560
13,803,1.578759e-01,45.00000,35.00000,531
13,804,1.667224e-01,42.00000,36.00000,500
13,805,1.710146e-01,37.00000,36.00000,488
13,806,1.615459e-01,43.00000,35.00000,509
13,807,1.716430e-01,30.00000,40.00000,497
13,808,1.733463e-01,41.00000,36.00000,498
13,809,1.603068e-01,47.00000,35.00000,537
13,810,1.523642e-01,57.00000,30.00000,563
13,811,1.524722e-01,56.00000,30.00000,543
13,812,1.631058e-01,42.00000,35.00000,516
13,813,1.674546e-01,48.00000,35.00000,516
13,814,1.644059e-01,36.00000,36.00000,533
13,815,1.618502e-01,44.00000,35.00000,514
13,816,1.536197e-01,53.00000,30.00000,533
13,817,1.653713e-01,39.00000,35.00000,488
13,818,1.544547e-01,54.00000,30.00000,539
13,819,1.606261e-01,46.00000,35.00000,513
13,820,1.638073e-01,46.00000,35.00000,510
13,821,1.611790e-01,50.00000,35.00000,529
13,822,1.614739e-01,38.00000,35.00000,515
13,823,1.541442e-01,52.00000,30.00000,554
13,824,1.523168e-01,56.00000,30.00000,535
13,825,1.705294e-01,30.00000,36.00000,531
13,826,1.719740e-01,40.00000,36.00000,479
13,827,1.624003e-01,43.00000,35.00000,515
13,828,1.544633e-01,53.00000,30.00000,526
13,829,1.648047e-01,42.00000,36.00000,506
13,830,1.592007e-01,47.00000,35.00000,526
13,831,1.650096e-01,40.00000,35.00000,489
13,832,1.627400e-01,44.00000,35.00000,501
13,833,1.530826e-01,55.00000,30.00000,535
14,0,1.606059e-01,42.00000,36.00000,538
14,1,1.591430e-01,49.00000,35.00000,532
14,2,1.581651e-01,44.00000,35.00000,543
14,3,1.554740e-01,57.00000,30.00000,541
14,4,1.630712e-01,38.00000,35.00000,515
14,5,1.580189e-01,47.00000,35.00000,518
14,6,1.575560e-01,46.00000,35.00000,527
14,7,1.604851e-01,49.00000,35.00000,516
14,8,1.493019e-01,59.00000,30.00000,555
14,9,1.570225e-01,54.00000,30.00000,531
14,10,1.668166e-01,39.00000,36.00000,490
14,11,1.578436e-01,43.00000,35.00000,538
14,12,1.564473e-01,52.00000,30.00000,520
14,13,1.638392e-01,43.00000,35.00000,519
14,14,1.571311e-01,58.00000,30.00000,542
14,15,1.640438e-01,43.00000,35.00000,486
14,16,1.605306e-01,58.00000,30.00000,536
14,17,1.599468e-01,42.00000,36.00000,512
14,18,1.667905e-01,31.00000,36.00000,507
14,19,1.629141e-01,41.00000,36.00000,510
14,20,1.625227e-01,53.00000,30.00000,523
14,21,1.563194e-01,53.00000,30.00000,523
14,22,1.613418e-01,43.00000,35.00000,511
14,23,1.556198e-01,42.00000,36.00000,535
14,24,1.629817e-01,53.00000,30.00000,523
14,25,1.617298e-01,37.00000,36.00000,508
14,26,1.623268e-01,41.00000,35.00000,511
14,27,1.627311e-01,43.00000,35.00000,534
14,28,1.617260e-01,45.00000,35.00000,498
14,29,1.703062e-01,35.00000,36.00000,492
14,30,1.623025e-01,46.00000,35.00000,516
14,31,1.614199e-01,46.00000,35.00000,515
14,32,1.540710e-01,51.00000,30.00000,531
14,33,1.667576e-01,42.00000,35.00000,491
14,34,1.614311e-01,44.00000,35.00000,520
14,35,1.547149e-01,49.00000,30.00000,540
14,36,1.669395e-01,38.00000,36.00000,500
14,37,1.528492e-01,55.00000,30.00000,538
14,38,1.535504e-01,54.00000,30.00000,525
14,39,1.553073e-01,49.00000,30.00000,532
14,40,1.519189e-01,57.00000,30.00000,543
14,41,1.605923e-01,43.00000,35.00000,492
14,42,1.626899e-01,43.00000,35.00000,492
14,43,1.546508e-01,49.00000,30.00000,522
14,44,1.518918e-01,55.00000,30.00000,535
14,45,1.535857e-01,53.00000,30.00000,534
14,46,1.572187e-01,49.00000,30.00000,509
14,47,1.599315e-01,51.00000,35.00000,522
14,48,1.597839e-01,43.00000,35.00000,511
14,49,1.619561e-01,45.00000,35.00000,494
14,50,1.524962e-01,59.00000,30.00000,551
14,51,1.523384e-01,54.00000,30.00000,539
14,52,1.500013e-01,59.00000,30.00000,551
14,53,1.553631e-01,49.00000,30.00000,520
14,54,1.652354e-01,43.00000,36.00000,500
14,55,1.527621e-01,57.00000,30.00000,543
14,56,1.666535e-01,37.00000,35.00000,484
14,57,1.581365e-01,49.00000,35.00000,514
14,58,1.534410e-01,59.00000,30.00000,551
14,59,1.610474e-01,47.00000,35.00000,508
14,60,1.623292e-01,47.00000,35.00000,504
14,61,1.597631e-01,47.00000,35.00000,520
14,62,1.524897e-01,61.00000,30.00000,562
14,63,1.674954e-01,43.00000,36.00000,511
14,64,1.495417e-01,55.00000,30.00000,545
14,65,1.714770e-01,36.00000,36.00000,472
14,66,1.534994e-01,53.00000,30.00000,533
14,67,1.538433e-01,49.00000,30.00000,541
14,68,1.524499e-01,54.00000,30.00000,533
14,69,1.600284e-01,47.00000,35.00000,505
14,70,1.540852e-01,49.00000,30.00000,532
14,71,1.594597e-01,48.00000,35.00000,514
14,72,1.703834e-01,41.00000,36.00000,489
14,73,1.657892e-01,41.00000,35.00000,498
14,74,1.662662e-01,43.00000,40.00000,509
14,75,1.534458e-01,53.00000,30.00000,532
14,76,1.539197e-01,55.00000,30.00000,534
14,77,1.512186e-01,55.00000,30.00000,546
14,78,1.539235e-01,51.00000,30.00000,524
14,79,1.528692e-01,55.00000,30.00000,534
14,80,1.678860e-01,38.00000,36.00000,491
14,81,1.620928e-01,46.00000,35.00000,510
14,82,1.616372e-01,46.00000,35.00000,509
14,83,1.546376e-01,52.00000,30.00000,526
14,84,1.615032e-01,45.00000,35.00000,503
14,85,1.642177e-01,43.00000,36.00000,498
14,86,1.524962e-01,57.00000,30.00000,543
14,87,1.643636e-01,42.00000,36.00000,503
14,88,1.610374e-01,43.00000,35.00000,509
14,89,1.678835e-01,36.00000,35.00000,518
14,90,1.511130e-01,53.00000,30.00000,557
14,91,1.575261e-01,46.00000,35.00000,511
14,92,1.593483e-01,49.00000,35.00000,538
14,93,1.540799e-01,52.00000,30.00000,536
14,94,1.597287e-01,45.00000,35.00000,520
14,95,1.538681e-01,57.00000,30.00000,544
14,96,1.528765e-01,54.00000,30.00000,543
14,97,1.564035e-01,46.00000,35.00000,525
14,98,1.601038e-01,48.00000,35.00000,515
14,99,1.505782e-01,61.00000,30.00000,565
14,100,1.512986e-01,56.00000,30.00000,531
14,101,1.507252e-01,57.00000,30.00000,543
14,102,1.524469e-01,54.00000,30.00000,532
14,103,1.512835e-01,53.00000,30.00000,533
14,104,1.625281e-01,43.00000,35.00000,496
14,105,1.625423e-01,42.00000,35.00000,499
14,106,1.543517e-01,49.00000,30.00000,533
14,107,1.544780e-01,49.00000,30.00000,534
14,108,1.587151e-01,45.00000,35.00000,514
14,109,1.562200e-01,40.00000,36.00000,524
14,110,1.693728e-01,49.00000,30.00000,509
14,111,1.639940e-01,35.00000,36.00000,514
14,112,1.670817e-01,47.00000,35.00000,504
14,113,1.606635e-01,41.00000,35.00000,509
14,114,1.523806e-01,57.00000,30.00000,550
14,115,1.602556e-01,45.00000,35.00000,512
14,116,1.520288e-01,54.00000,30.00000,528
14,117,1.608599e-01,41.00000,35.00000,514
14,118,1.550552e-01,49.00000,30.00000,517
14,119,1.583988e-01,48.00000,35.00000,519
14,120,1.524469e-01,54.00000,30.00000,524
14,121,1.602603e-01,42.00000,35.00000,495
14,122,1.511999e-01,58.00000,30.00000,539
14,123,1.487473e-01,53.00000,30.00000,553
14,124,1.584787e-01,47.00000,35.00000,505
14,125,1.541079e-01,49.00000,30.00000,534
14,126,1.522863e-01,49.00000,30.00000,543
14,127,1.524241e-01,54.00000,30.00000,529
14,128,1.654551e-01,47.00000,36.00000,514
14,129,1.623872e-01,47.00000,35.00000,505
14,130,1.557515e-01,49.00000,30.00000,514
14,131,1.627290e-01,47.00000,35.00000,505
14,132,1.618217e-01,46.00000,35.00000,516
14,133,1.525183e-01,55.00000,30.00000,544
14,134,1.706265e-01,38.00000,36.00000,487
14,135,1.606406e-01,45.00000,35.00000,508
14,136,1.684209e-01,42.00000,36.00000,498
14,137,1.742449e-01,34.00000,36.00000,454
14,138,1.583843e-01,50.00000,35.00000,527
14,139,1.715153e-01,36.00000,40.00000,489
14,140,1.578970e-01,50.00000,35.00000,531
14,141,1.723131e-01,30.00000,36.00000,487
14,142,1.745261e-01,36.00000,36.00000,475
14,143,1.639088e-01,43.00000,35.00000,507
14,144,1.604765e-01,45.00000,35.00000,509
14,145,1.525266e-01,54.00000,30.00000,534
14,146,1.545163e-01,49.00000,30.00000,535
14,147,1.561400e-01,49.00000,30.00000,532
14,148,1.682748e-01,47.00000,36.00000,515
14,149,1.596547e-01,48.00000,35.00000,515
14,150,1.624551e-01,44.00000,35.00000,537
14,151,1.688110e-01,41.00000,36.00000,496
14,152,1.636380e-01,40.00000,35.00000,519
14,153,1.548472e-01,58.00000,30.00000,546
14,154,1.573716e-01,46.00000,35.00000,511
14,155,1.547484e-01,53.00000,30.00000,526
14,156,1.670974e-01,38.00000,35.00000,476
14,157,1.513793e-01,58.00000,30.00000,540
14,158,1.656030e-01,39.00000,36.00000,488
14,159,1.549197e-01,53.00000,30.00000,526
14,160,1.615723e-01,47.00000,35.00000,505
14,161,1.698112e-01,36.00000,36.00000,461
14,162,1.547373e-01,49.00000,30.00000,542
14,163,1.624651e-01,43.00000,35.00000,510
14,164,1.522658e-01,55.00000,30.00000,536
14,165,1.661289e-01,36.00000,36.00000,496
14,166,1.624020e-01,36.00000,35.00000,523
14,167,1.591690e-01,47.00000,35.00000,519
14,168,1.614725e-01,47.00000,35.00000,506
14,169,1.587896e-01,45.00000,35.00000,522
14,170,1.609408e-01,43.00000,35.00000,514
14,171,1.626955e-01,40.00000,35.00000,516
14,172,1.667334e-01,40.00000,36.00000,484
14,173,1.685072e-01,30.00000,40.00000,493
14,174,1.630711e-01,48.00000,35.00000,518
14,175,1.525886e-01,56.00000,30.00000,531
14,176,1.652254e-01,46.00000,35.00000,510
14,177,1.714176e-01,42.00000,36.00000,493
14,178,1.724928e-01,35.00000,36.00000,467
14,179,1.597071e-01,45.00000,35.00000,516
14,180,1.598019e-01,43.00000,35.00000,516
14,181,1.638432e-01,44.00000,35.00000,516
14,182,1.638983e-01,41.00000,35.00000,508
14,183,1.531494e-01,55.00000,30.00000,552
14,184,1.688942e-01,34.00000,36.00000,490
14,185,1.604191e-01,45.00000,35.00000,512
14,186,1.630759e-01,40.00000,35.00000,511
14,187,1.644254e-01,37.00000,36.00000,508
14,188,1.504476e-01,59.00000,30.00000,552
14,189,1.637481e-01,38.00000,35.00000,514
14,190,1.610941e-01,48.00000,35.00000,515
14,191,1.675120e-01,36.00000,36.00000,486
14,192,1.504752e-01,57.00000,30.00000,545
14,193,1.678264e-01,36.00000,40.00000,478
14,194,1.479908e-01,59.00000,30.00000,553
14,195,1.629871e-01,45.00000,35.00000,498
14,196,1.694230e-01,32.00000,40.00000,495
14,197,1.685764e-01,37.00000,36.00000,487
14,198,1.559036e-01,49.00000,30.00000,524
14,199,1.570915e-01,49.00000,30.00000,521
14,200,1.651630e-01,37.00000,36.00000,506
14,201,1.689500e-01,38.00000,36.00000,476
14,202,1.761907e-01,25.00000,36.00000,474
14,203,1.655955e-01,40.00000,35.00000,502
14,204,1.526282e-01,49.00000,30.00000,532
14,205,1.607497e-01,47.00000,35.00000,505
14,206,1.620819e-01,45.00000,35.00000,507
14,207,1.643988e-01,42.00000,35.00000,497
14,208,1.539421e-01,53.00000,30.00000,536
14,209,1.517504e-01,57.00000,30.00000,545
14,210,1.683501e-01,34.00000,36.00000,480
14,211,1.550442e-01,54.00000,30.00000,527
14,212,1.522413e-01,55.00000,30.00000,536
14,213,1.533344e-01,55.00000,30.00000,542
14,214,1.651637e-01,40.00000,40.00000,501
14,215,1.514207e-01,55.00000,30.00000,542
14,216,1.756558e-01,31.00000,36.00000,452
14,217,1.732741e-01,37.00000,36.00000,477
14,218,1.486260e-01,59.00000,30.00000,553
14,219,1.574206e-01,49.00000,30.00000,518
14,220,1.688336e-01,42.00000,36.00000,495
14,221,1.707267e-01,37.00000,36.00000,476
14,222,1.693344e-01,30.00000,36.00000,510
14,223,1.532804e-01,55.00000,30.00000,544
14,224,1.663047e-01,37.00000,36.00000,494
14,225,1.621293e-01,43.00000,40.00000,519
14,226,1.574958e-01,51.00000,30.00000,528
14,227,1.734624e-01,40.00000,36.00000,491
14,228,1.543760e-01,54.00000,30.00000,537
14,229,1.538127e-01,49.00000,30.00000,554
14,230,1.555254e-01,52.00000,30.00000,531
14,231,1.733883e-01,41.00000,36.00000,490
14,232,1.532935e-01,53.00000,30.00000,534
14,233,1.696920e-01,41.00000,36.00000,492
14,234,1.605125e-01,45.00000,35.00000,510
14,235,1.588290e-01,50.00000,35.00000,529
14,236,1.529780e-01,54.00000,30.00000,527
14,237,1.596803e-01,44.00000,35.00000,522
14,238,1.573629e-01,48.00000,35.00000,520
14,239,1.524702e-01,54.00000,30.00000,525
14,240,1.577647e-01,45.00000,35.00000,524
14,241,1.637169e-01,42.00000,35.00000,507
14,242,1.664999e-01,42.00000,35.00000,496
14,243,1.518111e-01,55.00000,30.00000,543
14,244,1.544040e-01,51.00000,30.00000,540
14,245,1.747231e-01,43.00000,36.00000,499
14,246,1.601771e-01,47.00000,35.00000,528
14,247,1.698590e-01,36.00000,36.00000,477
14,248,1.639125e-01,40.00000,35.00000,502
14,249,1.525774e-01,53.00000,30.00000,530
14,250,1.517919e-01,55.00000,30.00000,547
14,251,1.576407e-01,49.00000,35.00000,518
14,252,1.740722e-01,43.00000,36.00000,499
14,253,1.525410e-01,52.00000,30.00000,540
14,254,1.728928e-01,42.00000,36.00000,488
14,255,1.511868e-01,61.00000,30.00000,564
14,256,1.605523e-01,45.00000,35.00000,520
14,257,1.618047e-01,39.00000,35.00000,523
14,258,1.538704e-01,51.00000,30.00000,531
14,259,1.734895e-01,31.00000,36.00000,480
14,260,1.534305e-01,54.00000,30.00000,535
14,261,1.602777e-01,47.00000,35.00000,512
14,262,1.664193e-01,37.00000,36.00000,482
14,263,1.543335e-01,49.00000,30.00000,523
14,264,1.504569e-01,57.00000,30.00000,546
14,265,1.528038e-01,49.00000,30.00000,542
14,266,1.639921e-01,41.00000,35.00000,500
14,267,1.554329e-01,49.00000,30.00000,555
14,268,1.744514e-01,30.00000,36.00000,475
14,269,1.646917e-01,43.00000,35.00000,498
14,270,1.721209e-01,31.00000,36.00000,476
14,271,1.528859e-01,57.00000,30.00000,544
14,272,1.573386e-01,48.00000,35.00000,525
14,273,1.732574e-01,35.00000,36.00000,479
14,274,1.794730e-01,30.00000,36.00000,444
14,275,1.557866e-01,53.00000,30.00000,527
14,276,1.596125e-01,45.00000,35.00000,511
14,277,1.560448e-01,52.00000,30.00000,521
14,278,1.613910e-01,47.00000,35.00000,505
14,279,1.751122e-01,30.00000,36.00000,465
14,280,1.722055e-01,31.00000,36.00000,499
14,281,1.649571e-01,42.00000,35.00000,493
14,282,1.697127e-01,43.00000,36.00000,500
14,283,1.620731e-01,41.00000,35.00000,523
14,284,1.536592e-01,55.00000,30.00000,539
14,285,1.603524e-01,40.00000,35.00000,523
14,286,1.703811e-01,31.00000,36.00000,486
14,287,1.527979e-01,55.00000,30.00000,536
14,288,1.700897e-01,35.00000,40.00000,481
14,289,1.566417e-01,49.00000,30.00000,527
14,290,1.612762e-01,43.00000,35.00000,514
14,291,1.616404e-01,40.00000,35.00000,528
14,292,1.638577e-01,46.00000,35.00000,517
14,293,1.608887e-01,45.00000,35.00000,501
14,294,1.694461e-01,31.00000,36.00000,516
14,295,1.526459e-01,55.00000,30.00000,536
14,296,1.578692e-01,43.00000,35.00000,533
14,297,1.624124e-01,47.00000,35.00000,507
14,298,1.619293e-01,43.00000,35.00000,512
14,299,1.586120e-01,47.00000,35.00000,519
14,300,1.587478e-01,50.00000,35.00000,538
14,301,1.529316e-01,54.00000,30.00000,549
14,302,1.570928e-01,45.00000,35.00000,537
14,303,1.642414e-01,42.00000,36.00000,498
14,304,1.526781e-01,55.00000,30.00000,536
14,305,1.533806e-01,52.00000,30.00000,529
14,306,1.636177e-01,42.00000,35.00000,508
14,307,1.509495e-01,56.00000,30.00000,546
14,308,1.593323e-01,46.00000,35.00000,511
14,309,1.601806e-01,50.00000,35.00000,536
14,310,1.541392e-01,49.00000,30.00000,534
14,311,1.495446e-01,57.00000,30.00000,547
14,312,1.534244e-01,55.00000,30.00000,544
14,313,1.639856e-01,36.00000,35.00000,509
14,314,1.513725e-01,57.00000,30.00000,546
14,315,1.600562e-01,43.00000,35.00000,516
14,316,1.608454e-01,45.00000,35.00000,503
14,317,1.626483e-01,42.00000,36.00000,523
14,318,1.674294e-01,36.00000,36.00000,481
14,319,1.540511e-01,54.00000,30.00000,531
14,320,1.605382e-01,51.00000,35.00000,524
14,321,1.609619e-01,47.00000,35.00000,513
14,322,1.776717e-01,36.00000,36.00000,471
14,323,1.658775e-01,47.00000,36.00000,526
14,324,1.643793e-01,46.00000,35.00000,518
14,325,1.612522e-01,43.00000,35.00000,513
14,326,1.526610e-01,54.00000,30.00000,525
14,327,1.608831e-01,46.00000,35.00000,513
14,328,1.609723e-01,47.00000,36.00000,517
14,329,1.631535e-01,47.00000,35.00000,513
14,330,1.593234e-01,48.00000,35.00000,517
14,331,1.601308e-01,43.00000,35.00000,513
14,332,1.685347e-01,37.00000,36.00000,479
14,333,1.537741e-01,49.00000,30.00000,539
14,334,1.613762e-01,47.00000,35.00000,506
14,335,1.719466e-01,36.00000,36.00000,472
14,336,1.720744e-01,30.00000,36.00000,481
14,337,1.513662e-01,55.00000,30.00000,555
14,338,1.584161e-01,47.00000,35.00000,518
14,339,1.590270e-01,45.00000,35.00000,538
14,340,1.626043e-01,44.00000,35.00000,516
14,341,1.520211e-01,57.00000,30.00000,559
14,342,1.625191e-01,42.00000,36.00000,509
14,343,1.538870e-01,55.00000,30.00000,542
14,344,1.510800e-01,55.00000,30.00000,537
14,345,1.533523e-01,54.00000,30.00000,533
14,346,1.591699e-01,45.00000,35.00000,503
14,347,1.546225e-01,49.00000,30.00000,552
14,348,1.545821e-01,51.00000,30.00000,528
14,349,1.530377e-01,55.00000,30.00000,536
14,350,1.653971e-01,41.00000,36.00000,491
14,351,1.585264e-01,46.00000,35.00000,515
14,352,1.548571e-01,51.00000,30.00000,532
14,353,1.626560e-01,46.00000,36.00000,510
14,354,1.534404e-01,52.00000,30.00000,532
14,355,1.596109e-01,45.00000,35.00000,512
14,356,1.690663e-01,40.00000,36.00000,481
14,357,1.597326e-01,48.00000,35.00000,516
14,358,1.641731e-01,40.00000,36.00000,512
14,359,1.537318e-01,53.00000,30.00000,534
14,360,1.527626e-01,55.00000,30.00000,536
14,361,1.523278e-01,54.00000,30.00000,529
14,362,1.621895e-01,46.00000,35.00000,521
14,363,1.657146e-01,40.00000,36.00000,507
14,364,1.558225e-01,54.00000,30.00000,525
14,365,1.538054e-01,53.00000,30.00000,527
14,366,1.529297e-01,54.00000,30.00000,526
14,367,1.542646e-01,49.00000,30.00000,540
14,368,1.580586e-01,47.00000,35.00000,507
14,369,1.506693e-01,57.00000,30.00000,562
14,370,1.616452e-01,40.00000,35.00000,514
14,371,1.635233e-01,37.00000,35.00000,509
14,372,1.732496e-01,39.00000,36.00000,487
14,373,1.566040e-01,49.00000,30.00000,524
14,374,1.525728e-01,49.00000,30.00000,543
14,375,1.562631e-01,49.00000,30.00000,535
14,376,1.620207e-01,47.00000,35.00000,508
14,377,1.749422e-01,35.00000,36.00000,466
14,378,1.620973e-01,45.00000,35.00000,494
14,379,1.573127e-01,42.00000,35.00000,515
14,380,1.620020e-01,44.00000,35.00000,512
14,381,1.606002e-01,42.00000,35.00000,516
14,382,1.565004e-01,46.00000,35.00000,548
14,383,1.661887e-01,37.00000,35.00000,505
14,384,1.518070e-01,54.00000,30.00000,538
14,385,1.585051e-01,49.00000,35.00000,526
14,386,1.610894e-01,48.00000,35.00000,524
14,387,1.508310e-01,58.00000,30.00000,552
14,388,1.694837e-01,31.00000,36.00000,497
14,389,1.594744e-01,43.00000,35.00000,514
14,390,1.564660e-01,54.00000,30.00000,526
14,391,1.570710e-01,48.00000,35.00000,520
14,392,1.605738e-01,46.00000,35.00000,517
14,393,1.631113e-01,46.00000,35.00000,513
14,394,1.643396e-01,41.00000,40.00000,501
14,395,1.689442e-01,35.00000,36.00000,495
14,396,1.506005e-01,59.00000,30.00000,553
14,397,1.622631e-01,44.00000,35.00000,502
14,398,1.523578e-01,53.00000,30.00000,532
14,399,1.527562e-01,53.00000,30.00000,544
14,400,1.630211e-01,42.00000,35.00000,503
14,401,1.736960e-01,30.00000,40.00000,477
14,402,1.698768e-01,39.00000,36.00000,487
14,403,1.547375e-01,49.00000,30.00000,527
14,404,1.583626e-01,46.00000,35.00000,512
14,405,1.642083e-01,47.00000,35.00000,506
14,406,1.748570e-01,39.00000,36.00000,482
14,407,1.715999e-01,25.00000,36.00000,492
14,408,1.704819e-01,31.00000,36.00000,491
14,409,1.663017e-01,47.00000,36.00000,516
14,410,1.538200e-01,57.00000,30.00000,545
14,411,1.535967e-01,58.00000,30.00000,546
14,412,1.592867e-01,45.00000,35.00000,522
14,413,1.519592e-01,58.00000,30.00000,540
14,414,1.519323e-01,51.00000,30.00000,549
14,415,1.547936e-01,57.00000,30.00000,545
14,416,1.668477e-01,35.00000,36.00000,500
14,417,1.652895e-01,40.00000,36.00000,488
14,418,1.511455e-01,58.00000,30.00000,539
14,419,1.714977e-01,41.00000,36.00000,491
14,420,1.574049e-01,49.00000,35.00000,525
14,421,1.612556e-01,46.00000,35.00000,512
14,422,1.667641e-01,38.00000,35.00000,500
14,423,1.600195e-01,45.00000,35.00000,510
14,424,1.599156e-01,50.00000,35.00000,528
14,425,1.545976e-01,49.00000,30.00000,532
14,426,1.668624e-01,41.00000,36.00000,490
14,427,1.719550e-01,25.00000,36.00000,489
14,428,1.652404e-01,38.00000,36.00000,502
14,429,1.544855e-01,53.00000,30.00000,540
14,430,1.661853e-01,37.00000,35.00000,535
14,431,1.611993e-01,41.00000,35.00000,516
14,432,1.509439e-01,59.00000,30.00000,563
14,433,1.532981e-01,53.00000,30.00000,529
14,434,1.657557e-01,47.00000,36.00000,523
14,435,1.653401e-01,43.00000,36.00000,500
14,436,1.637665e-01,45.00000,35.00000,494
14,437,1.539203e-01,59.00000,30.00000,560
14,438,1.527909e-01,53.00000,30.00000,548
14,439,1.653042e-01,45.00000,36.00000,508
14,440,1.625358e-01,47.00000,35.00000,510
14,441,1.496991e-01,59.00000,30.00000,554
14,442,1.648838e-01,44.00000,35.00000,503
14,443,1.803335e-01,25.00000,36.00000,488
14,444,1.581657e-01,45.00000,35.00000,523
14,445,1.626665e-01,48.00000,35.00000,516
14,446,1.709449e-01,39.00000,40.00000,492
14,447,1.618581e-01,42.00000,35.00000,500
14,448,1.715398e-01,31.00000,36.00000,497
14,449,1.602468e-01,43.00000,35.00000,523
14,450,1.533233e-01,54.00000,30.00000,565
14,451,1.607726e-01,45.00000,35.00000,523
14,452,1.528999e-01,49.00000,30.00000,532
14,453,1.540613e-01,55.00000,30.00000,544
14,454,1.576636e-01,46.00000,35.00000,530
14,455,1.720007e-01,36.00000,36.00000,499
14,456,1.517538e-01,59.00000,30.00000,561
14,457,1.528475e-01,59.00000,30.00000,561
14,458,1.526094e-01,49.00000,30.00000,535
14,459,1.634261e-01,42.00000,35.00000,515
14,460,1.549315e-01,49.00000,30.00000,526
14,461,1.670513e-01,41.00000,36.00000,492
14,462,1.590780e-01,49.00000,35.00000,516
14,463,1.577700e-01,47.00000,35.00000,521
14,464,1.530669e-01,49.00000,30.00000,525
14,465,1.713685e-01,43.00000,36.00000,506
14,466,1.504569e-01,57.00000,30.00000,545
14,467,1.688838e-01,36.00000,36.00000,489
14,468,1.556016e-01,52.00000,35.00000,538
14,469,1.601586e-01,45.00000,35.00000,507
14,470,1.581970e-01,47.00000,35.00000,508
14,471,1.673265e-01,30.00000,36.00000,498
14,472,1.540671e-01,54.00000,30.00000,525
14,473,1.573291e-01,49.00000,30.00000,524
14,474,1.679771e-01,37.00000,40.00000,487
14,475,1.596996e-01,45.00000,36.00000,520
14,476,1.577839e-01,49.00000,30.00000,525
14,477,1.566174e-01,54.00000,30.00000,534
14,478,1.526713e-01,49.00000,30.00000,534
14,479,1.537032e-01,54.00000,30.00000,539
14,480,1.603988e-01,44.00000,35.00000,508
14,481,1.681972e-01,31.00000,36.00000,515
14,482,1.620579e-01,45.00000,35.00000,498
14,483,1.583455e-01,46.00000,35.00000,516
14,484,1.611678e-01,47.00000,35.00000,506
14,485,1.527348e-01,53.00000,30.00000,537
14,486,1.605613e-01,46.00000,35.00000,516
14,487,1.628338e-01,38.00000,35.00000,529
14,488,1.545462e-01,56.00000,30.00000,532
14,489,1.674452e-01,40.00000,36.00000,496
14,490,1.745124e-01,31.00000,36.00000,457
14,491,1.702925e-01,33.00000,40.00000,484
14,492,1.615023e-01,44.00000,35.00000,537
14,493,1.567986e-01,49.00000,30.00000,517
14,494,1.640386e-01,40.00000,35.00000,508
14,495,1.626260e-01,47.00000,35.00000,507
14,496,1.635656e-01,40.00000,35.00000,495
14,497,1.718303e-01,30.00000,40.00000,492
14,498,1.531421e-01,52.00000,30.00000,546
14,499,1.594697e-01,43.00000,35.00000,533
14,500,1.615914e-01,46.00000,35.00000,511
14,501,1.602603e-01,44.00000,35.00000,522
14,502,1.525865e-01,49.00000,30.00000,555
14,503,1.488910e-01,60.00000,30.00000,555
14,504,1.632752e-01,45.00000,35.00000,503
14,505,1.622373e-01,46.00000,36.00000,506
14,506,1.605555e-01,47.00000,35.00000,507
14,507,1.526649e-01,53.00000,30.00000,537
14,508,1.544962e-01,49.00000,30.00000,528
14,509,1.617326e-01,46.00000,35.00000,511
14,510,1.749583e-01,25.00000,36.00000,467
14,511,1.586674e-01,46.00000,35.00000,522
14,512,1.706995e-01,35.00000,36.00000,481
14,513,1.566883e-01,49.00000,30.00000,529
14,514,1.620111e-01,43.00000,35.00000,503
14,515,1.604072e-01,42.00000,35.00000,509
14,516,1.501048e-01,57.00000,30.00000,545
14,517,1.737816e-01,35.00000,36.00000,467
14,518,1.541235e-01,55.00000,30.00000,537
14,519,1.613112e-01,46.00000,35.00000,510
14,520,1.709235e-01,36.00000,36.00000,475
14,521,1.591733e-01,43.00000,35.00000,503
14,522,1.634647e-01,43.00000,36.00000,509
14,523,1.709668e-01,34.00000,36.00000,477
14,524,1.689446e-01,36.00000,35.00000,490
14,525,1.550993e-01,49.00000,30.00000,532
14,526,1.527261e-01,58.00000,30.00000,551
14,527,1.549315e-01,49.00000,30.00000,542
14,528,1.614062e-01,48.00000,35.00000,519
14,529,1.520334e-01,53.00000,30.00000,545
14,530,1.518445e-01,58.00000,30.00000,540
14,531,1.522344e-01,54.00000,30.00000,530
14,532,1.586769e-01,41.00000,35.00000,516
14,533,1.517832e-01,57.00000,30.00000,545
14,534,1.503268e-01,53.00000,30.00000,554
14,535,1.540653e-01,52.00000,30.00000,525
14,536,1.512481e-01,57.00000,30.00000,558
14,537,1.524050e-01,53.00000,30.00000,548
14,538,1.511731e-01,57.00000,30.00000,549
14,539,1.685834e-01,38.00000,40.00000,484
14,540,1.537617e-01,54.00000,30.00000,527
14,541,1.647565e-01,44.00000,35.00000,504
14,542,1.575193e-01,49.00000,35.00000,516
14,543,1.623365e-01,46.00000,35.00000,511
14,544,1.635418e-01,41.00000,36.00000,507
14,545,1.663614e-01,40.00000,35.00000,485
14,546,1.725031e-01,25.00000,36.00000,489
14,547,1.602642e-01,48.00000,35.00000,519
14,548,1.549047e-01,51.00000,30.00000,537
14,549,1.538280e-01,52.00000,30.00000,523
14,550,1.605896e-01,45.00000,35.00000,504
14,551,1.689475e-01,36.00000,35.00000,497
14,552,1.657754e-01,41.00000,35.00000,492
14,553,1.696741e-01,43.00000,36.00000,500
14,554,1.529137e-01,55.00000,30.00000,536
14,555,1.514622e-01,58.00000,30.00000,544
14,556,1.686195e-01,43.00000,36.00000,500
14,557,1.643830e-01,42.00000,35.00000,494
14,558,1.528049e-01,49.00000,30.00000,541
14,559,1.542789e-01,49.00000,30.00000,542
14,560,1.512107e-01,57.00000,30.00000,548
14,561,1.496833e-01,57.00000,30.00000,545
14,562,1.540473e-01,49.00000,30.00000,541
14,563,1.523865e-01,54.00000,30.00000,528
14,564,1.614871e-01,45.00000,35.00000,503
14,565,1.485110e-01,59.00000,30.00000,562
14,566,1.621202e-01,46.00000,35.00000,521
14,567,1.602906e-01,48.00000,35.00000,522
14,568,1.527124e-01,56.00000,30.00000,547
14,569,1.565603e-01,49.00000,30.00000,515
14,570,1.606863e-01,44.00000,35.00000,521
14,571,1.535092e-01,52.00000,30.00000,533
14,572,1.632272e-01,42.00000,35.00000,497
14,573,1.592101e-01,43.00000,35.00000,516
14,574,1.587934e-01,46.00000,35.00000,527
14,575,1.673753e-01,40.00000,40.00000,486
14,576,1.531698e-01,51.00000,30.00000,535
14,577,1.550997e-01,54.00000,30.00000,529
14,578,1.602057e-01,45.00000,35.00000,507
14,579,1.755051e-01,35.00000,36.00000,474
14,580,1.711248e-01,31.00000,36.00000,494
14,581,1.636479e-01,40.00000,35.00000,514
14,582,1.549398e-01,52.00000,30.00000,549
14,583,1.533281e-01,49.00000,30.00000,544
14,584,1.541070e-01,53.00000,30.00000,529
14,585,1.560339e-01,49.00000,30.00000,524
14,586,1.527448e-01,55.00000,30.00000,544
14,587,1.587338e-01,47.00000,35.00000,529
14,588,1.648583e-01,41.00000,35.00000,492
14,589,1.677449e-01,41.00000,36.00000,497
14,590,1.491512e-01,58.00000,30.00000,547
14,591,1.519045e-01,53.00000,30.00000,537
14,592,1.507041e-01,49.00000,30.00000,567
14,593,1.516975e-01,56.00000,30.00000,562
14,594,1.528400e-01,55.00000,30.00000,543
14,595,1.518092e-01,56.00000,30.00000,534
14,596,1.585587e-01,48.00000,35.00000,524
14,597,1.503886e-01,56.00000,30.00000,548
14,598,1.734349e-01,40.00000,36.00000,486
14,599,1.529494e-01,49.00000,30.00000,531
14,600,1.613000e-01,44.00000,35.00000,503
14,601,1.624433e-01,38.00000,35.00000,508
14,602,1.528607e-01,52.00000,30.00000,541
14,603,1.555260e-01,49.00000,30.00000,525
14,604,1.635136e-01,44.00000,35.00000,509
14,605,1.601563e-01,44.00000,35.00000,511
14,606,1.549837e-01,49.00000,30.00000,539
14,607,1.589428e-01,47.00000,35.00000,513
14,608,1.550365e-01,49.00000,30.00000,544
14,609,1.524646e-01,49.00000,30.00000,553
14,610,1.671649e-01,35.00000,36.00000,486
14,611,1.585443e-01,50.00000,35.00000,529
14,612,1.512872e-01,57.00000,30.00000,558
14,613,1.600658e-01,48.00000,35.00000,524
14,614,1.690008e-01,41.00000,36.00000,509
14,615,1.696379e-01,47.00000,36.00000,516
14,616,1.561583e-01,49.00000,30.00000,527
14,617,1.542264e-01,49.00000,30.00000,555
14,618,1.719691e-01,35.00000,36.00000,491
14,619,1.499222e-01,57.00000,30.00000,561
14,620,1.702957e-01,37.00000,36.00000,476
14,621,1.557897e-01,57.00000,30.00000,546
14,622,1.661494e-01,42.00000,35.00000,494
14,623,1.602148e-01,48.00000,35.00000,519
14,624,1.530091e-01,56.00000,30.00000,564
14,625,1.526863e-01,53.00000,30.00000,541
14,626,1.603990e-01,46.00000,35.00000,516
14,627,1.653567e-01,44.00000,36.00000,495
14,628,1.548366e-01,49.00000,30.00000,533
14,629,1.779277e-01,30.00000,36.00000,436
14,630,1.536564e-01,54.00000,30.00000,543
14,631,1.572036e-01,49.00000,30.00000,527
14,632,1.522657e-01,53.00000,30.00000,532
14,633,1.648002e-01,39.00000,35.00000,502
14,634,1.615805e-01,40.00000,35.00000,496
14,635,1.588617e-01,45.00000,35.00000,537
14,636,1.563883e-01,53.00000,30.00000,529
14,637,1.702358e-01,35.00000,36.00000,490
14,638,1.589887e-01,46.00000,35.00000,520
14,639,1.529415e-01,49.00000,30.00000,541
14,640,1.597253e-01,48.00000,35.00000,524
14,641,1.537361e-01,52.00000,30.00000,532
14,642,1.624490e-01,42.00000,35.00000,503
14,643,1.504899e-01,58.00000,30.00000,543
14,644,1.541486e-01,53.00000,30.00000,548
14,645,1.537465e-01,49.00000,30.00000,548
14,646,1.660270e-01,46.00000,36.00000,506
14,647,1.633988e-01,45.00000,35.00000,501
14,648,1.704898e-01,45.00000,36.00000,508
14,649,1.530243e-01,49.00000,30.00000,530
14,650,1.585751e-01,50.00000,35.00000,531
14,651,1.576172e-01,43.00000,35.00000,517
14,652,1.583317e-01,48.00000,35.00000,521
14,653,1.625380e-01,45.00000,35.00000,508
14,654,1.650130e-01,40.00000,40.00000,500
14,655,1.538579e-01,49.00000,30.00000,544
14,656,1.525701e-01,55.00000,30.00000,543
14,657,1.501048e-01,56.00000,30.00000,532
14,658,1.640487e-01,40.00000,36.00000,523
14,659,1.513914e-01,54.00000,30.00000,541
14,660,1.632700e-01,45.00000,35.00000,497
14,661,1.523803e-01,57.00000,30.00000,551
14,662,1.518018e-01,54.00000,30.00000,536
14,663,1.649958e-01,43.00000,35.00000,491
14,664,1.533644e-01,53.00000,30.00000,540
14,665,1.532872e-01,52.00000,30.00000,523
14,666,1.543223e-01,49.00000,30.00000,547
14,667,1.711747e-01,38.00000,36.00000,483
14,668,1.535417e-01,56.00000,30.00000,533
14,669,1.561241e-01,53.00000,30.00000,529
14,670,1.538356e-01,47.00000,35.00000,539
14,671,1.634365e-01,44.00000,35.00000,506
14,672,1.521497e-01,52.00000,30.00000,537
14,673,1.544805e-01,49.00000,30.00000,538
14,674,1.574460e-01,48.00000,35.00000,516
14,675,1.597560e-01,47.00000,35.00000,507
14,676,1.704817e-01,37.00000,36.00000,475
14,677,1.578914e-01,48.00000,35.00000,518
14,678,1.668257e-01,37.00000,35.00000,490
14,679,1.487128e-01,59.00000,30.00000,560
14,680,1.715472e-01,40.00000,36.00000,480
14,681,1.665402e-01,35.00000,36.00000,499
14,682,1.510628e-01,54.00000,30.00000,557
14,683,1.597994e-01,43.00000,35.00000,507
14,684,1.545169e-01,49.00000,30.00000,529
14,685,1.509823e-01,57.00000,30.00000,546
14,686,1.662017e-01,38.00000,36.00000,499
14,687,1.599760e-01,45.00000,36.00000,562
14,688,1.572761e-01,55.00000,30.00000,539
14,689,1.514524e-01,55.00000,30.00000,548
14,690,1.547301e-01,49.00000,30.00000,529
14,691,1.511667e-01,54.00000,30.00000,543
14,692,1.618018e-01,45.00000,35.00000,512
14,693,1.554755e-01,49.00000,30.00000,522
14,694,1.617702e-01,48.00000,35.00000,516
14,695,1.537397e-01,54.00000,30.00000,528
14,696,1.659259e-01,37.00000,36.00000,511
14,697,1.749152e-01,36.00000,36.00000,481
14,698,1.736896e-01,30.00000,36.00000,476
14,699,1.661559e-01,41.00000,36.00000,500
14,700,1.529215e-01,57.00000,30.00000,546
14,701,1.591444e-01,49.00000,35.00000,516
14,702,1.536711e-01,49.00000,30.00000,542
14,703,1.719345e-01,32.00000,36.00000,505
14,704,1.552989e-01,52.00000,30.00000,533
14,705,1.543370e-01,52.00000,30.00000,542
14,706,1.636972e-01,43.00000,36.00000,506
14,707,1.704038e-01,34.00000,36.00000,481
14,708,1.620649e-01,46.00000,35.00000,511
14,709,1.606534e-01,39.00000,35.00000,525
14,710,1.722130e-01,35.00000,36.00000,476
14,711,1.529100e-01,49.00000,30.00000,535
14,712,1.679828e-01,38.00000,35.00000,489
14,713,1.628934e-01,36.00000,35.00000,508
14,714,1.662467e-01,39.00000,40.00000,510
14,715,1.602895e-01,48.00000,35.00000,525
14,716,1.610344e-01,43.00000,35.00000,514
14,717,1.637700e-01,42.00000,35.00000,511
14,718,1.506535e-01,55.00000,30.00000,561
14,719,1.619043e-01,45.00000,35.00000,501
14,720,1.518842e-01,55.00000,30.00000,542
14,721,1.521366e-01,54.00000,30.00000,544
14,722,1.668775e-01,38.00000,36.00000,510
14,723,1.507749e-01,58.00000,30.00000,560
14,724,1.611590e-01,47.00000,35.00000,535
14,725,1.543510e-01,49.00000,30.00000,552
14,726,1.623036e-01,50.00000,35.00000,529
14,727,1.609254e-01,46.00000,35.00000,511
14,728,1.604808e-01,47.00000,35.00000,507
14,729,1.527347e-01,54.00000,30.00000,542
14,730,1.562493e-01,49.00000,30.00000,524
14,731,1.616187e-01,47.00000,35.00000,506
14,732,1.544252e-01,54.00000,30.00000,528
14,733,1.535250e-01,54.00000,30.00000,528
14,734,1.628768e-01,44.00000,35.00000,510
14,735,1.554627e-01,53.00000,30.00000,528
14,736,1.621521e-01,40.00000,35.00000,517
14,737,1.621107e-01,40.00000,35.00000,519
14,738,1.522962e-01,57.00000,30.00000,545
14,739,1.620473e-01,42.00000,35.00000,495
14,740,1.664060e-01,40.00000,36.00000,480
14,741,1.553515e-01,53.00000,30.00000,529
14,742,1.521902e-01,61.00000,30.00000,564
14,743,1.592695e-01,49.00000,35.00000,521
14,744,1.656802e-01,40.00000,40.00000,493
14,745,1.636620e-01,43.00000,35.00000,501
14,746,1.545604e-01,53.00000,30.00000,528
14,747,1.673363e-01,37.00000,36.00000,488
14,748,1.496853e-01,54.00000,30.00000,552
14,749,1.664235e-01,46.00000,35.00000,511
14,750,1.563700e-01,49.00000,30.00000,521
14,751,1.601407e-01,48.00000,35.00000,526
14,752,1.536118e-01,49.00000,30.00000,524
14,753,1.526552e-01,52.00000,30.00000,537
14,754,1.579185e-01,51.00000,35.00000,527
14,755,1.528141e-01,53.00000,30.00000,533
14,756,1.622761e-01,42.00000,35.00000,505
14,757,1.628289e-01,47.00000,35.00000,509
14,758,1.606775e-01,42.00000,35.00000,510
14,759,1.608453e-01,42.00000,35.00000,514
14,760,1.544679e-01,49.00000,30.00000,523
14,761,1.769826e-01,25.00000,36.00000,473
14,762,1.609880e-01,47.00000,35.00000,507
14,763,1.525709e-01,59.00000,30.00000,554
14,764,1.585267e-01,47.00000,35.00000,513
14,765,1.722682e-01,36.00000,36.00000,468
14,766,1.621126e-01,48.00000,35.00000,516
14,767,1.656589e-01,39.00000,36.00000,513
14,768,1.589364e-01,44.00000,35.00000,533
14,769,1.559523e-01,49.00000,30.00000,524
14,770,1.550310e-01,54.00000,30.00000,525
14,771,1.781752e-01,25.00000,36.00000,485
14,772,1.709064e-01,37.00000,36.00000,480
14,773,1.634451e-01,42.00000,35.00000,521
14,774,1.611559e-01,39.00000,35.00000,510
14,775,1.600151e-01,46.00000,35.00000,529
14,776,1.606624e-01,45.00000,35.00000,508
14,777,1.534773e-01,49.00000,30.00000,535
14,778,1.611804e-01,44.00000,35.00000,516
14,779,1.608987e-01,50.00000,35.00000,530
14,780,1.736917e-01,35.00000,36.00000,466
14,781,1.711310e-01,37.00000,36.00000,475
14,782,1.756025e-01,35.00000,36.00000,467
14,783,1.643431e-01,37.00000,35.00000,519
14,784,1.678421e-01,40.00000,35.00000,491
14,785,1.531337e-01,49.00000,30.00000,559
14,786,1.690565e-01,40.00000,36.00000,486
14,787,1.728278e-01,25.00000,36.00000,507
14,788,1.595699e-01,44.00000,35.00000,522
14,789,1.530178e-01,53.00000,30.00000,539
14,790,1.578761e-01,49.00000,35.00000,524
14,791,1.599900e-01,44.00000,35.00000,520
14,792,1.539933e-01,55.00000,30.00000,536
14,793,1.723192e-01,31.00000,36.00000,504
14,794,1.539755e-01,49.00000,30.00000,528
14,795,1.530977e-01,53.00000,30.00000,536
14,796,1.580555e-01,50.00000,35.00000,528
14,797,1.542853e-01,49.00000,30.00000,528
14,798,1.542501e-01,49.00000,30.00000,526
14,799,1.595109e-01,46.00000,35.00000,515
14,800,1.626589e-01,42.00000,35.00000,508
14,801,1.649752e-01,41.00000,35.00000,491
14,802,1.553290e-01,55.00000,30.00000,549
14,803,1.668178e-01,39.00000,35.00000,482
14,804,1.734143e-01,30.00000,36.00000,488
14,805,1.604951e-01,45.00000,35.00000,513
14,806,1.518841e-01,54.00000,30.00000,543
14,807,1.529453e-01,55.00000,30.00000,537
14,808,1.528095e-01,52.00000,30.00000,550
14,809,1.547450e-01,53.00000,30.00000,528
14,810,1.588719e-01,46.00000,35.00000,511
14,811,1.527083e-01,54.00000,30.00000,529
14,812,1.671495e-01,35.00000,36.00000,505
14,813,1.623010e-01,41.00000,36.00000,509
14,814,1.659169e-01,45.00000,36.00000,508
14,815,1.541183e-01,49.00000,30.00000,527
14,816,1.540550e-01,54.00000,30.00000,531
14,817,1.643631e-01,41.00000,35.00000,492
14,818,1.667847e-01,40.00000,36.00000,505
14,819,1.560351e-01,49.00000,30.00000,512
14,820,1.706161e-01,39.00000,36.00000,481
14,821,1.602534e-01,47.00000,35.00000,505
14,822,1.524748e-01,54.00000,30.00000,548
14,823,1.684939e-01,37.00000,36.00000,476
14,824,1.576040e-01,47.00000,35.00000,513
14,825,1.530873e-01,53.00000,30.00000,542
14,826,1.636006e-01,42.00000,35.00000,496
14,827,1.557934e-01,55.00000,30.00000,536
14,828,1.494905e-01,59.00000,30.00000,553
14,829,1.520966e-01,53.00000,30.00000,527
14,830,1.569166e-01,48.00000,35.00000,527
14,831,1.555347e-01,49.00000,30.00000,527
14,832,1.530827e-01,57.00000,30.00000,544
14,833,1.486312e-01,59.00000,30.00000,553
15,0,1.558003e-01,43.00000,35.00000,549
15,1,1.644452e-01,37.00000,36.00000,501
15,2,1.648380e-01,43.00000,36.00000,511
15,3,1.603603e-01,54.00000,30.00000,521
15,4,1.608056e-01,55.00000,30.00000,532
15,5,1.570275e-01,41.00000,35.00000,527
15,6,1.633342e-01,34.00000,40.00000,527
15,7,1.597289e-01,45.00000,35.00000,518
15,8,1.638201e-01,53.00000,30.00000,523
15,9,1.661375e-01,38.00000,40.00000,509
15,10,1.584494e-01,42.00000,35.00000,549
15,11,1.582085e-01,43.00000,36.00000,529
15,12,1.575660e-01,49.00000,35.00000,521
15,13,1.595952e-01,46.00000,35.00000,550
15,14,1.600435e-01,38.00000,40.00000,544
15,15,1.617291e-01,58.00000,30.00000,543
15,16,1.665424e-01,49.00000,30.00000,513
15,17,1.597712e-01,48.00000,35.00000,523
15,18,1.661428e-01,31.00000,36.00000,520
15,19,1.633284e-01,45.00000,35.00000,511
15,20,1.624240e-01,45.00000,35.00000,502
15,21,1.537196e-01,48.00000,35.00000,528
15,22,1.534385e-01,63.00000,30.00000,570
15,23,1.636363e-01,43.00000,35.00000,497
15,24,1.765068e-01,30.00000,36.00000,460
15,25,1.603098e-01,45.00000,35.00000,504
15,26,1.514584e-01,57.00000,30.00000,549
15,27,1.504257e-01,59.00000,30.00000,562
15,28,1.529112e-01,49.00000,30.00000,540
15,29,1.650641e-01,35.00000,36.00000,502
15,30,1.533174e-01,55.00000,30.00000,533
15,31,1.516735e-01,52.00000,30.00000,532
15,32,1.612397e-01,47.00000,35.00000,505
15,33,1.624684e-01,45.00000,35.00000,492
15,34,1.525570e-01,49.00000,30.00000,525
15,35,1.755670e-01,31.00000,36.00000,465
15,36,1.664980e-01,41.00000,36.00000,489
15,37,1.650347e-01,43.00000,36.00000,509
15,38,1.566358e-01,49.00000,30.00000,535
15,39,1.617547e-01,45.00000,35.00000,516
15,40,1.515822e-01,49.00000,30.00000,542
15,41,1.726510e-01,35.00000,36.00000,498
15,42,1.756623e-01,31.00000,36.00000,488
15,43,1.743229e-01,32.00000,36.00000,488
15,44,1.663159e-01,43.00000,36.00000,505
15,45,1.533661e-01,53.00000,30.00000,541
15,46,1.719988e-01,31.00000,36.00000,486
15,47,1.538557e-01,53.00000,30.00000,530
15,48,1.747495e-01,35.00000,36.00000,464
15,49,1.598257e-01,44.00000,35.00000,513
15,50,1.710038e-01,44.00000,36.00000,494
15,51,1.553729e-01,55.00000,30.00000,534
15,52,1.609404e-01,46.00000,35.00000,508
15,53,1.631880e-01,42.00000,35.00000,493
15,54,1.695801e-01,36.00000,36.00000,482
15,55,1.552380e-01,59.00000,30.00000,552
15,56,1.571941e-01,50.00000,30.00000,524
15,57,1.617609e-01,48.00000,35.00000,514
15,58,1.521442e-01,59.00000,30.00000,551
15,59,1.596918e-01,45.00000,35.00000,509
15,60,1.548176e-01,49.00000,30.00000,531
15,61,1.539406e-01,54.00000,30.00000,529
15,62,1.532585e-01,57.00000,30.00000,547
15,63,1.524890e-01,57.00000,30.00000,543
15,64,1.512178e-01,55.00000,30.00000,539
15,65,1.598478e-01,48.00000,35.00000,514
15,66,1.525275e-01,55.00000,30.00000,536
15,67,1.671532e-01,38.00000,40.00000,492
15,68,1.629431e-01,42.00000,36.00000,497
15,69,1.727662e-01,30.00000,36.00000,480
15,70,1.520922e-01,59.00000,30.00000,552
15,71,1.671102e-01,42.00000,40.00000,497
15,72,1.723231e-01,37.00000,36.00000,472
15,73,1.605471e-01,45.00000,35.00000,513
15,74,1.680595e-01,39.00000,36.00000,494
15,75,1.626258e-01,42.00000,35.00000,524
15,76,1.632107e-01,43.00000,35.00000,515
15,77,1.630701e-01,43.00000,36.00000,506
15,78,1.703064e-01,36.00000,36.00000,498
15,79,1.626410e-01,49.00000,36.00000,523
15,80,1.537235e-01,57.00000,30.00000,543
15,81,1.694556e-01,37.00000,36.00000,497
15,82,1.542147e-01,54.00000,30.00000,531
15,83,1.498243e-01,58.00000,30.00000,559
15,84,1.545635e-01,53.00000,30.00000,525
15,85,1.665851e-01,33.00000,40.00000,500
15,86,1.610802e-01,43.00000,35.00000,522
15,87,1.669817e-01,37.00000,36.00000,486
15,88,1.580957e-01,47.00000,35.00000,524
15,89,1.625533e-01,44.00000,35.00000,507
15,90,1.624187e-01,41.00000,35.00000,522
15,91,1.621520e-01,44.00000,35.00000,521
15,92,1.680307e-01,37.00000,40.00000,498
15,93,1.587314e-01,46.00000,35.00000,515
15,94,1.680341e-01,41.00000,36.00000,491
15,95,1.675745e-01,41.00000,35.00000,489
15,96,1.563303e-01,52.00000,30.00000,516
15,97,1.692949e-01,36.00000,40.00000,512
15,98,1.601170e-01,47.00000,35.00000,514
15,99,1.658054e-01,49.00000,35.00000,523
15,100,1.604855e-01,52.00000,35.00000,535
15,101,1.546527e-01,53.00000,30.00000,531
15,102,1.533300e-01,50.00000,30.00000,542
15,103,1.614118e-01,47.00000,35.00000,506
15,104,1.615562e-01,37.00000,35.00000,510
15,105,1.618230e-01,41.00000,35.00000,514
15,106,1.533015e-01,54.00000,30.00000,526
15,107,1.558264e-01,49.00000,30.00000,520
15,108,1.703919e-01,35.00000,36.00000,481
15,109,1.541426e-01,54.00000,30.00000,530
15,110,1.586175e-01,47.00000,35.00000,539
15,111,1.533485e-01,51.00000,30.00000,550
15,112,1.676733e-01,49.00000,36.00000,530
15,113,1.683515e-01,34.00000,40.00000,508
15,114,1.603689e-01,45.00000,35.00000,507
15,115,1.558247e-01,49.00000,30.00000,510
15,116,1.663842e-01,39.00000,36.00000,481
15,117,1.526559e-01,55.00000,30.00000,535
15,118,1.564428e-01,49.00000,30.00000,522
15,119,1.659299e-01,40.00000,36.00000,539
15,120,1.714317e-01,36.00000,36.00000,472
15,121,1.511200e-01,53.00000,30.00000,537
15,122,1.550219e-01,49.00000,30.00000,557
15,123,1.676201e-01,36.00000,40.00000,514
15,124,1.605175e-01,43.00000,35.00000,534
15,125,1.547120e-01,54.00000,30.00000,532
15,126,1.683043e-01,44.00000,36.00000,500
15,127,1.648505e-01,43.00000,35.00000,508
15,128,1.654414e-01,35.00000,36.00000,519
15,129,1.718801e-01,30.00000,36.00000,493
15,130,1.608633e-01,50.00000,35.00000,529
15,131,1.770052e-01,36.00000,36.00000,462
15,132,1.600907e-01,48.00000,35.00000,526
15,133,1.681911e-01,48.00000,35.00000,515
15,134,1.561504e-01,52.00000,30.00000,529
15,135,1.687861e-01,47.00000,36.00000,517
15,136,1.550103e-01,55.00000,30.00000,536
15,137,1.669940e-01,45.00000,36.00000,507
15,138,1.543384e-01,57.00000,30.00000,545
15,139,1.691300e-01,39.00000,36.00000,503
15,140,1.544494e-01,55.00000,30.00000,538
15,141,1.579803e-01,55.00000,30.00000,536
15,142,1.783095e-01,30.00000,36.00000,469
15,143,1.597629e-01,44.00000,35.00000,533
15,144,1.564449e-01,54.00000,30.00000,527
15,145,1.615690e-01,41.00000,35.00000,506
15,146,1.580813e-01,48.00000,35.00000,515
15,147,1.702921e-01,36.00000,36.00000,507
15,148,1.571182e-01,52.00000,30.00000,525
15,149,1.517994e-01,54.00000,30.00000,536
15,150,1.733360e-01,39.00000,36.00000,482
15,151,1.597462e-01,45.00000,35.00000,520
15,152,1.656447e-01,42.00000,36.00000,490
15,153,1.567748e-01,49.00000,30.00000,512
15,154,1.632376e-01,41.00000,35.00000,518
15,155,1.630018e-01,42.00000,35.00000,500
15,156,1.613666e-01,48.00000,35.00000,522
15,157,1.533962e-01,54.00000,30.00000,538
15,158,1.663344e-01,44.00000,35.00000,502
15,159,1.499591e-01,59.00000,30.00000,554
15,160,1.528640e-01,53.00000,30.00000,544
15,161,1.552765e-01,53.00000,30.00000,527
15,162,1.527175e-01,60.00000,30.00000,550
15,163,1.639180e-01,45.00000,36.00000,508
15,164,1.558165e-01,53.00000,30.00000,527
15,165,1.582563e-01,49.00000,35.00000,516
15,166,1.552979e-01,52.00000,30.00000,517
15,167,1.543192e-01,52.00000,30.00000,522
15,168,1.640482e-01,43.00000,35.00000,490
15,169,1.715792e-01,37.00000,40.00000,483
15,170,1.620156e-01,47.00000,35.00000,509
15,171,1.558295e-01,49.00000,30.00000,537
15,172,1.596571e-01,51.00000,35.00000,532
15,173,1.606978e-01,42.00000,35.00000,506
15,174,1.500087e-01,55.00000,30.00000,554
15,175,1.673483e-01,36.00000,35.00000,500
15,176,1.773817e-01,31.00000,36.00000,448
15,177,1.513889e-01,53.00000,30.00000,540
15,178,1.713665e-01,37.00000,36.00000,479
15,179,1.634537e-01,45.00000,35.00000,510
15,180,1.603847e-01,50.00000,35.00000,527
15,181,1.652683e-01,40.00000,40.00000,500
15,182,1.620525e-01,47.00000,35.00000,510
15,183,1.521543e-01,52.00000,30.00000,535
15,184,1.609432e-01,45.00000,35.00000,510
15,185,1.682694e-01,39.00000,36.00000,491
15,186,1.621243e-01,42.00000,35.00000,505
15,187,1.754303e-01,25.00000,36.00000,507
15,188,1.620652e-01,44.00000,35.00000,519
15,189,1.682154e-01,38.00000,40.00000,481
15,190,1.525681e-01,55.00000,30.00000,543
15,191,1.578266e-01,50.00000,35.00000,528
15,192,1.682816e-01,35.00000,36.00000,512
15,193,1.522189e-01,57.00000,30.00000,546
15,194,1.631652e-01,42.00000,35.00000,508
15,195,1.517188e-01,54.00000,30.00000,546
15,196,1.677793e-01,40.00000,35.00000,483
15,197,1.552959e-01,55.00000,30.00000,536
15,198,1.617871e-01,45.00000,35.00000,501
15,199,1.748389e-01,41.00000,36.00000,490
15,200,1.666622e-01,35.00000,36.00000,505
15,201,1.598359e-01,42.00000,35.00000,522
15,202,1.534714e-01,54.00000,30.00000,529
15,203,1.720985e-01,35.00000,36.00000,472
15,204,1.658854e-01,46.00000,36.00000,507
15,205,1.555360e-01,49.00000,30.00000,517
15,206,1.553065e-01,49.00000,30.00000,529
15,207,1.612788e-01,39.00000,35.00000,512
15,208,1.553778e-01,49.00000,30.00000,540
15,209,1.588070e-01,45.00000,35.00000,534
15,210,1.508413e-01,49.00000,30.00000,554
15,211,1.523952e-01,49.00000,30.00000,537
15,212,1.497549e-01,60.00000,30.00000,556
15,213,1.651580e-01,44.00000,40.00000,507
15,214,1.600082e-01,40.00000,35.00000,510
15,215,1.598400e-01,42.00000,35.00000,517
15,216,1.578309e-01,50.00000,35.00000,529
15,217,1.526420e-01,53.00000,30.00000,543
15,218,1.550866e-01,52.00000,30.00000,525
15,219,1.546646e-01,54.00000,30.00000,525
15,220,1.582378e-01,46.00000,35.00000,535
15,221,1.649722e-01,41.00000,35.00000,508
15,222,1.531200e-01,53.00000,30.00000,533
15,223,1.524823e-01,57.00000,30.00000,555
15,224,1.631538e-01,42.00000,35.00000,514
15,225,1.541396e-01,49.00000,30.00000,532
15,226,1.542953e-01,52.00000,30.00000,530
15,227,1.742210e-01,25.00000,36.00000,471
15,228,1.575212e-01,49.00000,35.00000,519
15,229,1.589884e-01,46.00000,35.00000,515
15,230,1.522722e-01,53.00000,30.00000,532
15,231,1.503915e-01,61.00000,30.00000,564
15,232,1.516377e-01,54.00000,30.00000,541
15,233,1.683459e-01,43.00000,36.00000,506
15,234,1.634348e-01,42.00000,35.00000,501
15,235,1.604744e-01,46.00000,35.00000,520
15,236,1.736313e-01,35.00000,36.00000,511
15,237,1.745319e-01,31.00000,36.00000,473
15,238,1.697522e-01,40.00000,36.00000,479
15,239,1.546515e-01,53.00000,30.00000,529
15,240,1.542139e-01,49.00000,30.00000,553
15,241,1.660430e-01,41.00000,36.00000,511
15,242,1.530598e-01,55.00000,30.00000,536
15,243,1.668960e-01,39.00000,40.00000,492
15,244,1.620095e-01,46.00000,35.00000,530
15,245,1.660516e-01,37.00000,36.00000,512
15,246,1.544532e-01,55.00000,30.00000,543
15,247,1.631850e-01,45.00000,35.00000,511
15,248,1.660322e-01,40.00000,35.00000,500
15,249,1.559746e-01,49.00000,30.00000,529
15,250,1.579621e-01,50.00000,35.00000,539
15,251,1.661827e-01,36.00000,35.00000,502
15,252,1.584401e-01,48.00000,35.00000,526
15,253,1.531094e-01,54.00000,30.00000,543
15,254,1.684379e-01,41.00000,36.00000,496
15,255,1.502371e-01,59.00000,30.00000,559
15,256,1.648341e-01,42.00000,35.00000,501
15,257,1.511395e-01,49.00000,30.00000,547
15,258,1.540193e-01,49.00000,30.00000,543
15,259,1.594521e-01,47.00000,35.00000,513
15,260,1.666726e-01,40.00000,35.00000,488
15,261,1.504892e-01,55.00000,30.00000,547
15,262,1.681320e-01,45.00000,36.00000,510
15,263,1.661174e-01,41.00000,36.00000,490
15,264,1.718257e-01,35.00000,36.00000,473
15,265,1.556853e-01,52.00000,30.00000,517
15,266,1.530273e-01,53.00000,30.00000,528
15,267,1.838878e-01,25.00000,36.00000,419
15,268,1.546126e-01,49.00000,30.00000,527
15,269,1.589877e-01,49.00000,35.00000,527
15,270,1.688576e-01,36.00000,36.00000,511
15,271,1.552115e-01,49.00000,30.00000,537
15,272,1.534696e-01,49.00000,30.00000,563
15,273,1.588448e-01,47.00000,35.00000,511
15,274,1.514270e-01,58.00000,30.00000,545
15,275,1.675090e-01,36.00000,36.00000,515
15,276,1.556419e-01,49.00000,30.00000,545
15,277,1.523955e-01,55.00000,30.00000,543
15,278,1.592751e-01,49.00000,35.00000,517
15,279,1.647173e-01,41.00000,35.00000,511
15,280,1.540665e-01,55.00000,30.00000,536
15,281,1.540453e-01,49.00000,30.00000,537
15,282,1.561829e-01,49.00000,30.00000,528
15,283,1.616509e-01,47.00000,35.00000,505
15,284,1.602571e-01,47.00000,35.00000,506
15,285,1.654916e-01,42.00000,36.00000,505
15,286,1.541962e-01,57.00000,30.00000,545
15,287,1.639567e-01,38.00000,35.00000,499
15,288,1.591502e-01,46.00000,35.00000,527
15,289,1.590769e-01,42.00000,35.00000,518
15,290,1.548141e-01,54.00000,30.00000,527
15,291,1.631250e-01,42.00000,35.00000,496
15,292,1.534967e-01,53.00000,30.00000,536
15,293,1.534052e-01,54.00000,30.00000,535
15,294,1.625784e-01,48.00000,35.00000,516
15,295,1.614787e-01,45.00000,35.00000,509
15,296,1.544901e-01,49.00000,30.00000,536
15,297,1.537623e-01,55.00000,30.00000,535
15,298,1.650162e-01,37.00000,36.00000,502
15,299,1.742358e-01,30.00000,36.00000,492
15,300,1.546477e-01,49.00000,30.00000,536
15,301,1.758022e-01,30.00000,36.00000,492
15,302,1.640623e-01,43.00000,35.00000,508
15,303,1.605633e-01,41.00000,35.00000,513
15,304,1.600720e-01,48.00000,35.00000,522
15,305,1.664715e-01,39.00000,35.00000,480
15,306,1.607687e-01,44.00000,35.00000,512
15,307,1.655585e-01,41.00000,36.00000,503
15,308,1.535787e-01,53.00000,30.00000,527
15,309,1.526355e-01,54.00000,30.00000,543
15,310,1.761792e-01,31.00000,36.00000,471
15,311,1.589156e-01,48.00000,35.00000,521
15,312,1.523492e-01,53.00000,30.00000,543
15,313,1.510079e-01,53.00000,30.00000,543
15,314,1.595283e-01,42.00000,35.00000,507
15,315,1.661973e-01,42.00000,36.00000,496
15,316,1.546707e-01,49.00000,30.00000,527
15,317,1.521136e-01,55.00000,30.00000,550
15,318,1.512846e-01,55.00000,30.00000,537
15,319,1.612771e-01,43.00000,35.00000,520
15,320,1.790602e-01,25.00000,36.00000,468
15,321,1.538569e-01,53.00000,30.00000,540
15,322,1.534450e-01,49.00000,30.00000,541
15,323,1.488538e-01,52.00000,30.00000,571
15,324,1.519490e-01,56.00000,30.00000,541
15,325,1.618598e-01,46.00000,36.00000,506
15,326,1.563459e-01,55.00000,30.00000,538
15,327,1.602224e-01,46.00000,35.00000,511
15,328,1.768391e-01,31.00000,36.00000,475
15,329,1.648275e-01,41.00000,35.00000,494
15,330,1.610822e-01,48.00000,35.00000,517
15,331,1.544235e-01,52.00000,30.00000,535
15,332,1.514740e-01,49.00000,30.00000,540
15,333,1.641775e-01,43.00000,35.00000,489
15,334,1.641740e-01,39.00000,40.00000,498
15,335,1.689332e-01,41.00000,36.00000,491
15,336,1.515472e-01,55.00000,30.00000,545
15,337,1.646162e-01,38.00000,35.00000,515
15,338,1.722878e-01,36.00000,36.00000,461
15,339,1.673341e-01,35.00000,40.00000,512
15,340,1.647329e-01,39.00000,40.00000,509
15,341,1.708037e-01,37.00000,36.00000,499
15,342,1.614730e-01,43.00000,35.00000,527
15,343,1.602438e-01,46.00000,35.00000,512
15,344,1.487253e-01,59.00000,30.00000,564
15,345,1.648693e-01,46.00000,36.00000,515
15,346,1.640480e-01,42.00000,35.00000,520
15,347,1.508974e-01,57.00000,30.00000,551
15,348,1.515225e-01,54.00000,30.00000,547
15,349,1.502971e-01,57.00000,30.00000,555
15,350,1.649747e-01,42.00000,35.00000,503
15,351,1.537532e-01,54.00000,30.00000,539
15,352,1.517987e-01,56.00000,30.00000,551
15,353,1.734821e-01,40.00000,36.00000,486
15,354,1.682565e-01,36.00000,36.00000,484
15,355,1.532598e-01,58.00000,30.00000,540
15,356,1.619573e-01,50.00000,35.00000,528
15,357,1.600551e-01,47.00000,35.00000,506
15,358,1.517531e-01,57.00000,30.00000,545
15,359,1.527019e-01,55.00000,30.00000,537
15,360,1.504174e-01,55.00000,30.00000,543
15,361,1.619964e-01,43.00000,35.00000,509
15,362,1.557675e-01,49.00000,30.00000,543
15,363,1.728331e-01,31.00000,36.00000,499
15,364,1.700343e-01,30.00000,36.00000,498
15,365,1.630788e-01,44.00000,35.00000,507
15,366,1.642527e-01,42.00000,35.00000,512
15,367,1.712581e-01,36.00000,36.00000,475
15,368,1.554056e-01,49.00000,30.00000,518
15,369,1.602858e-01,43.00000,35.00000,521
15,370,1.556383e-01,51.00000,30.00000,533
15,371,1.508404e-01,49.00000,30.00000,546
15,372,1.734605e-01,40.00000,36.00000,480
15,373,1.703277e-01,36.00000,36.00000,479
15,374,1.708187e-01,35.00000,36.00000,466
15,375,1.649058e-01,38.00000,36.00000,505
15,376,1.621336e-01,46.00000,36.00000,509
15,377,1.634116e-01,41.00000,35.00000,515
15,378,1.640805e-01,40.00000,35.00000,511
15,379,1.611417e-01,45.00000,35.00000,507
15,380,1.542792e-01,51.00000,30.00000,535
15,381,1.683749e-01,42.00000,36.00000,498
15,382,1.655052e-01,46.00000,35.00000,510
15,383,1.522374e-01,54.00000,30.00000,543
15,384,1.512735e-01,57.00000,30.00000,553
15,385,1.634993e-01,42.00000,36.00000,492
15,386,1.664608e-01,37.00000,36.00000,495
15,387,1.628658e-01,41.00000,35.00000,502
15,388,1.526190e-01,59.00000,30.00000,561
15,389,1.625312e-01,48.00000,35.00000,523
15,390,1.633436e-01,42.00000,36.00000,501
15,391,1.671695e-01,37.00000,35.00000,502
15,392,1.593352e-01,48.00000,35.00000,517
15,393,1.532516e-01,53.00000,30.00000,545
15,394,1.520475e-01,55.00000,30.00000,548
15,395,1.658150e-01,41.00000,36.00000,497
15,396,1.720266e-01,38.00000,36.00000,481
15,397,1.604767e-01,51.00000,35.00000,524
15,398,1.614846e-01,43.00000,35.00000,506
15,399,1.668262e-01,37.00000,35.00000,501
15,400,1.662192e-01,36.00000,35.00000,505
15,401,1.563123e-01,49.00000,30.00000,523
15,402,1.542696e-01,55.00000,30.00000,543
15,403,1.552443e-01,57.00000,30.00000,546
15,404,1.648745e-01,46.00000,36.00000,512
15,405,1.624538e-01,38.00000,35.00000,500
15,406,1.658249e-01,45.00000,36.00000,508
15,407,1.666527e-01,37.00000,35.00000,506
15,408,1.599870e-01,45.00000,35.00000,522
15,409,1.518131e-01,58.00000,30.00000,551
15,410,1.664714e-01,37.00000,36.00000,519
15,411,1.532096e-01,54.00000,30.00000,529
15,412,1.584410e-01,52.00000,30.00000,518
15,413,1.692396e-01,43.00000,36.00000,507
15,414,1.660494e-01,45.00000,36.00000,508
15,415,1.730566e-01,31.00000,36.00000,512
15,416,1.530281e-01,57.00000,30.00000,545
15,417,1.621055e-01,42.00000,35.00000,509
15,418,1.579233e-01,49.00000,35.00000,524
15,419,1.524922e-01,49.00000,30.00000,556
15,420,1.587121e-01,49.00000,35.00000,525
15,421,1.494473e-01,55.00000,30.00000,552
15,422,1.609036e-01,45.00000,35.00000,504
15,423,1.586527e-01,40.00000,35.00000,515
15,424,1.617697e-01,48.00000,35.00000,516
15,425,1.632274e-01,46.00000,35.00000,511
15,426,1.604986e-01,45.00000,35.00000,514
15,427,1.620887e-01,42.00000,35.00000,507
15,428,1.510146e-01,55.00000,30.00000,544
15,429,1.607564e-01,42.00000,35.00000,516
15,430,1.609175e-01,46.00000,35.00000,518
15,431,1.640606e-01,40.00000,35.00000,516
15,432,1.546531e-01,54.00000,30.00000,548
15,433,1.553591e-01,49.00000,30.00000,525
15,434,1.586130e-01,45.00000,35.00000,525
15,435,1.624099e-01,40.00000,35.00000,515
15,436,1.561091e-01,49.00000,30.00000,526
15,437,1.538384e-01,54.00000,30.00000,542
15,438,1.621554e-01,44.00000,35.00000,515
15,439,1.722483e-01,35.00000,36.00000,468
15,440,1.694178e-01,25.00000,36.00000,507
15,441,1.547026e-01,49.00000,30.00000,547
15,442,1.599705e-01,40.00000,35.00000,514
15,443,1.696377e-01,37.00000,36.00000,489
15,444,1.538964e-01,54.00000,30.00000,526
15,445,1.489952e-01,57.00000,30.00000,551
15,446,1.616545e-01,43.00000,36.00000,523
15,447,1.617195e-01,49.00000,30.00000,536
15,448,1.535513e-01,57.00000,30.00000,550
15,449,1.544623e-01,54.00000,30.00000,525
15,450,1.530987e-01,54.00000,30.00000,561
15,451,1.613380e-01,48.00000,35.00000,530
15,452,1.760556e-01,36.00000,36.00000,461
15,453,1.582018e-01,45.00000,35.00000,534
15,454,1.609547e-01,47.00000,35.00000,524
15,455,1.531311e-01,57.00000,30.00000,546
15,456,1.645233e-01,40.00000,35.00000,488
15,457,1.675996e-01,48.00000,36.00000,513
15,458,1.598909e-01,48.00000,35.00000,517
15,459,1.619464e-01,43.00000,35.00000,503
15,460,1.515970e-01,57.00000,30.00000,553
15,461,1.624205e-01,45.00000,35.00000,502
15,462,1.553382e-01,50.00000,35.00000,534
15,463,1.567032e-01,52.00000,30.00000,522
15,464,1.714429e-01,40.00000,36.00000,480
15,465,1.546007e-01,52.00000,30.00000,561
15,466,1.615050e-01,47.00000,35.00000,516
15,467,1.517342e-01,53.00000,30.00000,555
15,468,1.618762e-01,44.00000,35.00000,504
15,469,1.525440e-01,52.00000,30.00000,542
15,470,1.740232e-01,31.00000,36.00000,465
15,471,1.610181e-01,43.00000,35.00000,517
15,472,1.662932e-01,40.00000,36.00000,506
15,473,1.498831e-01,58.00000,30.00000,546
15,474,1.534527e-01,49.00000,30.00000,568
15,475,1.554124e-01,49.00000,30.00000,546
15,476,1.607271e-01,45.00000,35.00000,513
15,477,1.617997e-01,42.00000,35.00000,516
15,478,1.633500e-01,41.00000,35.00000,505
15,479,1.612939e-01,44.00000,35.00000,509
15,480,1.682882e-01,37.00000,36.00000,486
15,481,1.612562e-01,44.00000,35.00000,514
15,482,1.633995e-01,36.00000,35.00000,515
15,483,1.519737e-01,55.00000,30.00000,539
15,484,1.532906e-01,56.00000,30.00000,539
15,485,1.699762e-01,35.00000,40.00000,487
15,486,1.602640e-01,45.00000,35.00000,513
15,487,1.531447e-01,58.00000,30.00000,546
15,488,1.519069e-01,54.00000,30.00000,536
15,489,1.556637e-01,57.00000,30.00000,544
15,490,1.596597e-01,47.00000,35.00000,513
15,491,1.623300e-01,36.00000,35.00000,510
15,492,1.549790e-01,53.00000,30.00000,528
15,493,1.611001e-01,48.00000,35.00000,516
15,494,1.644344e-01,40.00000,35.00000,504
15,495,1.549685e-01,52.00000,30.00000,527
15,496,1.723572e-01,43.00000,36.00000,499
15,497,1.565986e-01,49.00000,30.00000,541
15,498,1.630164e-01,43.00000,35.00000,516
15,499,1.530226e-01,49.00000,30.00000,559
15,500,1.523025e-01,58.00000,30.00000,560
15,501,1.666890e-01,37.00000,40.00000,506
15,502,1.535367e-01,56.00000,30.00000,532
15,503,1.660197e-01,41.00000,36.00000,508
15,504,1.545262e-01,53.00000,30.00000,528
15,505,1.588472e-01,47.00000,35.00000,535
15,506,1.628288e-01,43.00000,35.00000,509
15,507,1.531192e-01,55.00000,30.00000,536
15,508,1.711895e-01,37.00000,36.00000,475
15,509,1.567638e-01,49.00000,30.00000,515
15,510,1.638999e-01,40.00000,35.00000,493
15,511,1.645526e-01,44.00000,35.00000,503
15,512,1.552125e-01,49.00000,30.00000,542
15,513,1.608240e-01,49.00000,35.00000,517
15,514,1.634310e-01,47.00000,35.00000,506
15,515,1.642671e-01,43.00000,35.00000,502
15,516,1.612393e-01,49.00000,30.00000,513
15,517,1.756040e-01,37.00000,36.00000,498
15,518,1.585270e-01,49.00000,30.00000,527
15,519,1.579348e-01,53.00000,30.00000,528
15,520,1.805413e-01,41.00000,36.00000,503
15,521,1.566356e-01,59.00000,30.00000,553
15,522,1.652913e-01,42.00000,35.00000,510
15,523,1.781503e-01,30.00000,36.00000,495
15,524,1.642342e-01,48.00000,35.00000,517
15,525,1.732179e-01,31.00000,36.00000,503
15,526,1.610828e-01,47.00000,35.00000,519
15,527,1.634063e-01,48.00000,35.00000,523
15,528,1.542983e-01,49.00000,30.00000,564
15,529,1.559338e-01,53.00000,30.00000,529
15,530,1.608735e-01,45.00000,35.00000,507
15,531,1.625460e-01,45.00000,35.00000,515
15,532,1.552873e-01,54.00000,30.00000,525
15,533,1.651255e-01,40.00000,35.00000,516
15,534,1.723686e-01,41.00000,36.00000,497
15,535,1.538300e-01,52.00000,30.00000,536
15,536,1.724714e-01,36.00000,36.00000,470
15,537,1.612775e-01,41.00000,35.00000,523
15,538,1.724864e-01,38.00000,36.00000,473
15,539,1.678403e-01,40.00000,40.00000,494
15,540,1.521000e-01,57.00000,30.00000,558
15,541,1.755289e-01,33.00000,40.00000,476
15,542,1.544085e-01,57.00000,30.00000,546
15,543,1.602911e-01,48.00000,35.00000,516
15,544,1.720786e-01,35.00000,36.00000,486
15,545,1.534523e-01,49.00000,30.00000,535
15,546,1.539440e-01,54.00000,30.00000,541
15,547,1.616127e-01,46.00000,35.00000,517
15,548,1.549829e-01,49.00000,30.00000,558
15,549,1.639102e-01,46.00000,35.00000,516
15,550,1.612210e-01,43.00000,35.00000,512
15,551,1.590736e-01,46.00000,35.00000,531
15,552,1.526919e-01,53.00000,30.00000,535
15,553,1.658613e-01,43.00000,36.00000,501
15,554,1.585856e-01,46.00000,35.00000,511
15,555,1.639882e-01,40.00000,35.00000,508
15,556,1.612635e-01,47.00000,35.00000,518
15,557,1.680936e-01,37.00000,35.00000,497
15,558,1.645109e-01,42.00000,35.00000,501
15,559,1.676258e-01,40.00000,36.00000,481
15,560,1.547894e-01,52.00000,30.00000,525
15,561,1.663166e-01,41.00000,35.00000,497
15,562,1.708008e-01,31.00000,36.00000,501
15,563,1.564592e-01,57.00000,30.00000,544
15,564,1.681462e-01,41.00000,36.00000,491
15,565,1.659730e-01,38.00000,35.00000,514
15,566,1.704918e-01,39.00000,40.00000,497
15,567,1.514720e-01,57.00000,30.00000,546
15,568,1.659261e-01,40.00000,35.00000,500
15,569,1.530931e-01,57.00000,30.00000,550
15,570,1.758036e-01,31.00000,36.00000,481
15,571,1.563387e-01,49.00000,30.00000,528
15,572,1.647916e-01,40.00000,35.00000,498
15,573,1.528841e-01,49.00000,30.00000,547
15,574,1.745133e-01,31.00000,36.00000,483
15,575,1.590359e-01,48.00000,35.00000,519
15,576,1.628379e-01,45.00000,35.00000,504
15,577,1.723374e-01,42.00000,36.00000,489
15,578,1.526960e-01,53.00000,30.00000,544
15,579,1.546469e-01,53.00000,30.00000,543
15,580,1.602684e-01,46.00000,35.00000,518
15,581,1.616408e-01,44.00000,35.00000,504
15,582,1.604893e-01,43.00000,35.00000,505
15,583,1.683804e-01,40.00000,40.00000,487
15,584,1.628233e-01,36.00000,35.00000,520
15,585,1.639920e-01,42.00000,36.00000,533
15,586,1.547453e-01,55.00000,30.00000,542
15,587,1.521916e-01,54.00000,30.00000,526
15,588,1.584878e-01,48.00000,35.00000,522
15,589,1.510763e-01,54.00000,30.00000,559
15,590,1.537873e-01,54.00000,30.00000,539
15,591,1.588190e-01,49.00000,35.00000,525
15,592,1.518493e-01,52.00000,30.00000,567
15,593,1.661359e-01,39.00000,35.00000,511
15,594,1.594172e-01,43.00000,35.00000,520
15,595,1.520802e-01,53.00000,30.00000,536
15,596,1.571459e-01,49.00000,30.00000,518
15,597,1.674634e-01,35.00000,36.00000,489
15,598,1.547674e-01,55.00000,30.00000,546
15,599,1.512424e-01,53.00000,30.00000,550
15,600,1.606699e-01,46.00000,35.00000,518
15,601,1.519256e-01,53.00000,30.00000,546
15,602,1.582051e-01,43.00000,35.00000,516
15,603,1.564891e-01,52.00000,30.00000,530
15,604,1.555923e-01,57.00000,30.00000,548
15,605,1.626995e-01,42.00000,35.00000,510
15,606,1.537004e-01,49.00000,30.00000,527
15,607,1.529978e-01,56.00000,30.00000,547
15,608,1.534012e-01,54.00000,30.00000,546
15,609,1.523378e-01,55.00000,30.00000,537
15,610,1.604325e-01,47.00000,35.00000,533
15,611,1.596864e-01,45.00000,35.00000,523
15,612,1.676186e-01,41.00000,36.00000,500
15,613,1.665612e-01,35.00000,36.00000,518
15,614,1.606627e-01,47.00000,35.00000,527
15,615,1.653485e-01,43.00000,36.00000,499
15,616,1.508103e-01,57.00000,30.00000,553
15,617,1.737126e-01,31.00000,36.00000,478
15,618,1.602142e-01,46.00000,35.00000,518
15,619,1.664304e-01,40.00000,36.00000,490
15,620,1.586501e-01,45.00000,35.00000,509
15,621,1.630540e-01,47.00000,35.00000,507
15,622,1.603477e-01,45.00000,35.00000,510
15,623,1.630981e-01,44.00000,35.00000,511
15,624,1.537896e-01,53.00000,30.00000,544
15,625,1.534486e-01,55.00000,30.00000,546
15,626,1.547997e-01,49.00000,30.00000,539
15,627,1.653183e-01,39.00000,36.00000,509
15,628,1.611837e-01,42.00000,35.00000,510
15,629,1.596829e-01,46.00000,35.00000,518
15,630,1.576822e-01,47.00000,35.00000,527
15,631,1.658387e-01,40.00000,35.00000,507
15,632,1.614769e-01,39.00000,35.00000,522
15,633,1.616931e-01,45.00000,35.00000,524
15,634,1.669445e-01,40.00000,40.00000,499
15,635,1.516870e-01,55.00000,30.00000,546
15,636,1.677576e-01,41.00000,36.00000,504
15,637,1.542919e-01,53.00000,30.00000,535
15,638,1.503955e-01,57.00000,30.00000,550
15,639,1.629555e-01,45.00000,35.00000,502
15,640,1.580996e-01,49.00000,35.00000,533
15,641,1.715818e-01,43.00000,36.00000,507
15,642,1.553927e-01,55.00000,30.00000,537
15,643,1.681593e-01,35.00000,36.00000,491
15,644,1.720073e-01,40.00000,36.00000,487
15,645,1.623770e-01,42.00000,35.00000,503
15,646,1.507755e-01,56.00000,30.00000,542
15,647,1.567145e-01,48.00000,35.00000,532
15,648,1.687559e-01,40.00000,40.00000,495
15,649,1.672470e-01,39.00000,40.00000,492
15,650,1.750924e-01,40.00000,36.00000,480
15,651,1.561502e-01,57.00000,30.00000,545
15,652,1.718209e-01,43.00000,36.00000,500
15,653,1.607656e-01,43.00000,35.00000,527
15,654,1.672046e-01,36.00000,40.00000,493
15,655,1.657341e-01,41.00000,36.00000,510
15,656,1.522466e-01,57.00000,30.00000,546
15,657,1.706680e-01,36.00000,35.00000,474
15,658,1.522705e-01,55.00000,30.00000,547
15,659,1.780650e-01,35.00000,36.00000,472
15,660,1.519569e-01,56.00000,30.00000,533
15,661,1.695399e-01,38.00000,36.00000,507
15,662,1.539297e-01,54.00000,30.00000,529
15,663,1.631627e-01,49.00000,30.00000,518
15,664,1.596300e-01,36.00000,40.00000,528
15,665,1.581790e-01,49.00000,35.00000,518
15,666,1.657827e-01,38.00000,35.00000,506
15,667,1.659816e-01,42.00000,35.00000,500
15,668,1.599697e-01,49.00000,35.00000,516
15,669,1.649847e-01,38.00000,40.00000,494
15,670,1.564121e-01,50.00000,35.00000,531
15,671,1.523876e-01,53.00000,30.00000,533
15,672,1.605006e-01,43.00000,35.00000,504
15,673,1.655253e-01,41.00000,35.00000,518
15,674,1.552725e-01,53.00000,30.00000,528
15,675,1.658045e-01,40.00000,36.00000,486
15,676,1.529878e-01,56.00000,30.00000,533
15,677,1.599929e-01,43.00000,35.00000,529
15,678,1.781508e-01,30.00000,36.00000,457
15,679,1.623277e-01,37.00000,35.00000,516
15,680,1.585045e-01,49.00000,35.00000,524
15,681,1.618923e-01,43.00000,35.00000,520
15,682,1.637745e-01,46.00000,35.00000,512
15,683,1.548790e-01,55.00000,30.00000,541
15,684,1.558393e-01,49.00000,30.00000,523
15,685,1.608836e-01,48.00000,35.00000,516
15,686,1.609486e-01,46.00000,35.00000,511
15,687,1.579727e-01,47.00000,35.00000,530
15,688,1.612091e-01,43.00000,35.00000,535
15,689,1.647155e-01,42.00000,35.00000,493
15,690,1.664787e-01,40.00000,36.00000,486
15,691,1.526909e-01,55.00000,30.00000,544
15,692,1.515951e-01,57.00000,30.00000,552
15,693,1.573220e-01,42.00000,35.00000,520
15,694,1.655423e-01,40.00000,36.00000,505
15,695,1.528398e-01,53.00000,30.00000,540
15,696,1.598871e-01,45.00000,35.00000,514
15,697,1.619131e-01,46.00000,36.00000,518
15,698,1.637108e-01,43.00000,35.00000,491
15,699,1.762616e-01,30.00000,36.00000,475
15,700,1.525433e-01,52.00000,30.00000,538
15,701,1.571312e-01,49.00000,30.00000,512
15,702,1.511071e-01,61.00000,30.00000,565
15,703,1.604540e-01,41.00000,35.00000,516
15,704,1.523482e-01,59.00000,30.00000,555
15,705,1.578584e-01,49.00000,35.00000,524
15,706,1.516873e-01,55.00000,30.00000,546
15,707,1.518487e-01,49.00000,30.00000,543
15,708,1.611561e-01,45.00000,35.00000,513
15,709,1.678919e-01,40.00000,40.00000,486
15,710,1.508276e-01,53.00000,30.00000,536
15,711,1.519194e-01,52.00000,30.00000,538
15,712,1.608742e-01,44.00000,35.00000,518
15,713,1.523134e-01,51.00000,30.00000,541
15,714,1.540228e-01,54.00000,30.00000,526
15,715,1.509828e-01,55.00000,30.00000,551
15,716,1.532615e-01,53.00000,30.00000,538
15,717,1.521803e-01,53.00000,30.00000,529
15,718,1.533320e-01,49.00000,30.00000,538
15,719,1.524074e-01,49.00000,30.00000,551
15,720,1.493014e-01,54.00000,30.00000,553
15,721,1.497461e-01,57.00000,30.00000,565
15,722,1.613055e-01,46.00000,35.00000,511
15,723,1.543702e-01,56.00000,30.00000,532
15,724,1.594595e-01,49.00000,35.00000,516
15,725,1.686867e-01,31.00000,36.00000,509
15,726,1.610488e-01,48.00000,35.00000,516
15,727,1.549058e-01,49.00000,30.00000,521
15,728,1.617284e-01,41.00000,35.00000,494
15,729,1.605032e-01,40.00000,35.00000,512
15,730,1.585400e-01,47.00000,35.00000,510
15,731,1.507340e-01,57.00000,30.00000,546
15,732,1.599045e-01,42.00000,35.00000,528
15,733,1.668244e-01,40.00000,35.00000,487
15,734,1.529528e-01,52.00000,30.00000,533
15,735,1.717158e-01,35.00000,36.00000,474
15,736,1.669055e-01,46.00000,36.00000,506
15,737,1.598639e-01,45.00000,35.00000,529
15,738,1.676304e-01,39.00000,36.00000,495
15,739,1.507932e-01,54.00000,30.00000,562
15,740,1.644872e-01,42.00000,35.00000,500
15,741,1.524888e-01,53.00000,30.00000,542
15,742,1.558658e-01,54.00000,30.00000,529
15,743,1.506521e-01,54.00000,30.00000,554
15,744,1.579348e-01,50.00000,35.00000,529
15,745,1.706201e-01,36.00000,36.00000,495
15,746,1.646024e-01,43.00000,35.00000,490
15,747,1.741703e-01,37.00000,36.00000,479
15,748,1.621033e-01,41.00000,35.00000,511
15,749,1.595801e-01,51.00000,35.00000,525
15,750,1.539807e-01,54.00000,30.00000,532
15,751,1.611577e-01,47.00000,35.00000,506
15,752,1.690853e-01,42.00000,36.00000,490
15,753,1.523723e-01,57.00000,30.00000,547
15,754,1.711144e-01,42.00000,36.00000,490
15,755,1.633875e-01,45.00000,36.00000,509
15,756,1.627389e-01,43.00000,35.00000,498
15,757,1.511902e-01,57.00000,30.00000,545
15,758,1.634852e-01,43.00000,35.00000,502
15,759,1.534982e-01,54.00000,30.00000,546
15,760,1.583230e-01,48.00000,35.00000,516
15,761,1.799785e-01,31.00000,36.00000,466
15,762,1.687361e-01,39.00000,36.00000,483
15,763,1.544052e-01,49.00000,30.00000,526
15,764,1.663379e-01,25.00000,36.00000,553
15,765,1.559582e-01,49.00000,30.00000,541
15,766,1.663605e-01,40.00000,40.00000,485
15,767,1.601776e-01,48.00000,35.00000,523
15,768,1.542772e-01,57.00000,30.00000,553
15,769,1.543528e-01,54.00000,30.00000,526
15,770,1.651651e-01,45.00000,35.00000,495
15,771,1.750449e-01,41.00000,36.00000,497
15,772,1.628632e-01,42.00000,35.00000,504
15,773,1.623191e-01,43.00000,35.00000,514
15,774,1.676619e-01,41.00000,36.00000,495
15,775,1.534242e-01,53.00000,30.00000,530
15,776,1.528442e-01,53.00000,30.00000,533
15,777,1.720700e-01,38.00000,36.00000,478
15,778,1.605346e-01,44.00000,35.00000,511
15,779,1.533441e-01,53.00000,30.00000,529
15,780,1.523165e-01,53.00000,30.00000,551
15,781,1.585099e-01,46.00000,35.00000,513
15,782,1.571489e-01,49.00000,30.00000,512
15,783,1.536662e-01,58.00000,30.00000,540
15,784,1.678535e-01,36.00000,36.00000,505
15,785,1.561806e-01,48.00000,35.00000,549
15,786,1.573691e-01,49.00000,30.00000,511
15,787,1.662364e-01,47.00000,36.00000,522
15,788,1.598994e-01,45.00000,35.00000,515
15,789,1.716505e-01,41.00000,36.00000,491
15,790,1.603437e-01,45.00000,35.00000,520
15,791,1.556790e-01,49.00000,30.00000,526
15,792,1.682709e-01,35.00000,36.00000,477
15,793,1.499777e-01,61.00000,30.00000,564
15,794,1.705538e-01,37.00000,36.00000,481
15,795,1.539085e-01,53.00000,30.00000,534
15,796,1.518703e-01,55.00000,30.00000,537
15,797,1.498528e-01,57.00000,30.00000,552
15,798,1.741623e-01,30.00000,36.00000,490
15,799,1.617341e-01,45.00000,36.00000,509
15,800,1.591549e-01,49.00000,35.00000,523
15,801,1.763855e-01,30.00000,36.00000,463
15,802,1.526781e-01,53.00000,30.00000,534
15,803,1.566247e-01,49.00000,30.00000,512
15,804,1.548632e-01,55.00000,30.00000,543
15,805,1.690435e-01,35.00000,36.00000,478
15,806,1.660893e-01,39.00000,35.00000,481
15,807,1.560738e-01,51.00000,35.00000,534
15,808,1.646149e-01,49.00000,35.00000,516
15,809,1.511940e-01,53.00000,30.00000,558
15,810,1.612396e-01,47.00000,35.00000,508
15,811,1.523015e-01,54.00000,30.00000,537
15,812,1.696668e-01,38.00000,36.00000,483
15,813,1.591741e-01,48.00000,35.00000,524
15,814,1.602340e-01,46.00000,35.00000,511
15,815,1.668057e-01,35.00000,36.00000,501
15,816,1.540833e-01,51.00000,30.00000,527
15,817,1.600512e-01,48.00000,35.00000,516
15,818,1.560645e-01,49.00000,30.00000,510
15,819,1.556677e-01,54.00000,30.00000,528
15,820,1.578167e-01,46.00000,35.00000,515
15,821,1.612499e-01,41.00000,35.00000,534
15,822,1.494419e-01,58.00000,30.00000,546
15,823,1.497622e-01,57.00000,30.00000,544
15,824,1.602506e-01,43.00000,35.00000,509
15,825,1.519115e-01,53.00000,30.00000,536
15,826,1.541985e-01,57.00000,30.00000,545
15,827,1.609824e-01,46.00000,35.00000,510
15,828,1.613281e-01,43.00000,35.00000,513
15,829,1.669000e-01,34.00000,36.00000,492
15,830,1.702161e-01,35.00000,36.00000,473
15,831,1.601037e-01,47.00000,35.00000,506
15,832,1.687205e-01,34.00000,36.00000,486
15,833,1.600060e-01,49.00000,35.00000,515
16,0,1.588825e-01,43.00000,35.00000,552
16,1,1.555872e-01,54.00000,30.00000,528
16,2,1.577152e-01,47.00000,35.00000,524
16,3,1.663480e-01,25.00000,36.00000,531
16,4,1.613783e-01,40.00000,36.00000,512
16,5,1.567637e-01,57.00000,30.00000,550
16,6,1.630219e-01,49.00000,30.00000,508
16,7,1.566521e-01,49.00000,30.00000,529
16,8,1.533603e-01,58.00000,30.00000,542
16,9,1.596199e-01,42.00000,35.00000,528
16,10,1.557780e-01,52.00000,35.00000,536
16,11,1.601947e-01,45.00000,35.00000,528
16,12,1.598577e-01,36.00000,36.00000,528
16,13,1.535998e-01,57.00000,30.00000,541
16,14,1.615115e-01,41.00000,35.00000,539
16,15,1.592039e-01,44.00000,35.00000,522
16,16,1.560741e-01,54.00000,30.00000,524
16,17,1.635303e-01,49.00000,30.00000,509
16,18,1.600385e-01,44.00000,35.00000,531
16,19,1.498328e-01,59.00000,30.00000,550
16,20,1.688937e-01,36.00000,36.00000,485
16,21,1.581401e-01,42.00000,35.00000,524
16,22,1.631822e-01,44.00000,35.00000,500
16,23,1.624620e-01,49.00000,30.00000,508
16,24,1.624090e-01,45.00000,35.00000,500
16,25,1.588000e-01,46.00000,35.00000,514
16,26,1.611948e-01,40.00000,35.00000,523
16,27,1.662260e-01,40.00000,35.00000,489
16,28,1.703458e-01,37.00000,36.00000,485
16,29,1.563596e-01,49.00000,30.00000,509
16,30,1.538658e-01,49.00000,30.00000,525
16,31,1.527810e-01,53.00000,30.00000,544
16,32,1.512754e-01,55.00000,30.00000,542
16,33,1.539936e-01,57.00000,30.00000,542
16,34,1.524780e-01,49.00000,30.00000,544
16,35,1.498934e-01,54.00000,30.00000,528
16,36,1.507005e-01,58.00000,30.00000,546
16,37,1.517180e-01,58.00000,30.00000,543
16,38,1.578944e-01,43.00000,35.00000,525
16,39,1.533217e-01,55.00000,30.00000,539
16,40,1.541366e-01,49.00000,30.00000,534
16,41,1.556533e-01,53.00000,30.00000,527
16,42,1.522236e-01,54.00000,30.00000,542
16,43,1.502653e-01,57.00000,30.00000,549
16,44,1.600657e-01,45.00000,35.00000,513
16,45,1.653206e-01,43.00000,36.00000,500
16,46,1.603928e-01,42.00000,35.00000,511
16,47,1.511142e-01,55.00000,30.00000,537
16,48,1.567471e-01,51.00000,35.00000,522
16,49,1.553549e-01,49.00000,30.00000,523
16,50,1.657797e-01,36.00000,36.00000,498
16,51,1.539539e-01,49.00000,30.00000,542
16,52,1.682469e-01,35.00000,36.00000,496
16,53,1.502092e-01,54.00000,30.00000,542
16,54,1.527630e-01,59.00000,30.00000,551
16,55,1.740486e-01,30.00000,36.00000,463
16,56,1.629984e-01,44.00000,35.00000,506
16,57,1.520606e-01,55.00000,30.00000,545
16,58,1.602649e-01,47.00000,35.00000,503
16,59,1.651666e-01,42.00000,36.00000,487
16,60,1.595061e-01,48.00000,35.00000,514
16,61,1.635011e-01,42.00000,35.00000,508
16,62,1.677013e-01,45.00000,35.00000,493
16,63,1.614006e-01,40.00000,36.00000,508
16,64,1.557388e-01,53.00000,30.00000,526
16,65,1.647068e-01,48.00000,35.00000,515
16,66,1.537183e-01,54.00000,30.00000,540
16,67,1.552062e-01,49.00000,30.00000,531
16,68,1.659760e-01,41.00000,36.00000,499
16,69,1.659592e-01,41.00000,36.00000,488
16,70,1.595808e-01,45.00000,35.00000,513
16,71,1.738053e-01,35.00000,36.00000,480
16,72,1.645395e-01,42.00000,36.00000,499
16,73,1.602470e-01,44.00000,35.00000,501
16,74,1.520988e-01,56.00000,30.00000,557
16,75,1.523848e-01,54.00000,30.00000,544
16,76,1.625359e-01,44.00000,35.00000,505
16,77,1.617231e-01,47.00000,35.00000,513
16,78,1.692536e-01,36.00000,40.00000,487
16,79,1.534453e-01,52.00000,30.00000,557
16,80,1.504838e-01,54.00000,30.00000,561
16,81,1.597421e-01,45.00000,35.00000,522
16,82,1.651393e-01,46.00000,35.00000,526
16,83,1.639110e-01,44.00000,35.00000,501
16,84,1.518040e-01,49.00000,30.00000,544
16,85,1.723228e-01,38.00000,40.00000,490
16,86,1.533183e-01,54.00000,30.00000,540
16,87,1.574253e-01,49.00000,30.00000,514
16,88,1.625621e-01,40.00000,35.00000,496
16,89,1.700850e-01,37.00000,36.00000,514
16,90,1.614146e-01,40.00000,36.00000,514
16,91,1.681195e-01,41.00000,35.00000,486
16,92,1.695066e-01,42.00000,36.00000,487
16,93,1.697629e-01,36.00000,36.00000,482
16,94,1.503264e-01,57.00000,30.00000,565
16,95,1.614490e-01,40.00000,35.00000,510
16,96,1.603756e-01,45.00000,35.00000,523
16,97,1.694936e-01,35.00000,40.00000,493
16,98,1.601777e-01,48.00000,35.00000,518
16,99,1.621244e-01,48.00000,35.00000,521
16,100,1.539072e-01,54.00000,30.00000,534
16,101,1.790733e-01,30.00000,36.00000,448
16,102,1.803849e-01,26.00000,36.00000,464
16,103,1.540326e-01,51.00000,30.00000,532
16,104,1.617956e-01,47.00000,35.00000,517
16,105,1.647325e-01,43.00000,36.00000,504
16,106,1.720390e-01,36.00000,36.00000,489
16,107,1.702411e-01,26.00000,36.00000,497
16,108,1.498920e-01,58.00000,30.00000,538
16,109,1.750077e-01,31.00000,36.00000,507
16,110,1.644539e-01,48.00000,35.00000,514
16,111,1.604226e-01,38.00000,35.00000,535
16,112,1.610146e-01,44.00000,35.00000,515
16,113,1.657216e-01,41.00000,35.00000,489
16,114,1.524877e-01,56.00000,30.00000,540
16,115,1.613412e-01,48.00000,35.00000,514
16,116,1.535936e-01,54.00000,30.00000,548
16,117,1.548251e-01,53.00000,30.00000,534
16,118,1.649053e-01,36.00000,35.00000,502
16,119,1.710158e-01,25.00000,36.00000,485
16,120,1.632596e-01,43.00000,35.00000,514
16,121,1.689178e-01,39.00000,36.00000,489
16,122,1.621196e-01,38.00000,35.00000,505
16,123,1.548935e-01,49.00000,30.00000,531
16,124,1.606646e-01,40.00000,35.00000,510
16,125,1.591221e-01,47.00000,35.00000,514
16,126,1.620198e-01,39.00000,35.00000,515
16,127,1.606782e-01,47.00000,35.00000,506
16,128,1.507995e-01,54.00000,30.00000,542
16,129,1.596417e-01,45.00000,35.00000,540
16,130,1.658856e-01,37.00000,36.00000,509
16,131,1.720047e-01,35.00000,36.00000,473
16,132,1.643120e-01,44.00000,35.00000,501
16,133,1.538197e-01,55.00000,30.00000,540
16,134,1.576528e-01,46.00000,35.00000,516
16,135,1.593108e-01,44.00000,35.00000,519
16,136,1.643792e-01,44.00000,35.00000,501
16,137,1.598273e-01,41.00000,36.00000,518
16,138,1.664884e-01,38.00000,35.00000,495
16,139,1.635137e-01,42.00000,35.00000,511
16,140,1.621477e-01,47.00000,35.00000,511
16,141,1.594148e-01,43.00000,35.00000,526
16,142,1.507515e-01,54.00000,30.00000,554
16,143,1.531549e-01,49.00000,30.00000,535
16,144,1.673589e-01,35.00000,36.00000,497
16,145,1.618128e-01,42.00000,35.00000,511
16,146,1.650320e-01,39.00000,35.00000,511
16,147,1.592686e-01,46.00000,35.00000,510
16,148,1.527172e-01,54.00000,30.00000,536
16,149,1.537466e-01,54.00000,30.00000,527
16,150,1.546831e-01,54.00000,30.00000,530
16,151,1.505890e-01,57.00000,30.00000,545
16,152,1.541578e-01,49.00000,30.00000,530
16,153,1.729920e-01,38.00000,36.00000,492
16,154,1.683315e-01,41.00000,36.00000,495
16,155,1.601160e-01,45.00000,35.00000,515
16,156,1.539036e-01,57.00000,30.00000,544
16,157,1.688628e-01,37.00000,36.00000,480
16,158,1.511964e-01,57.00000,30.00000,550
16,159,1.492928e-01,57.00000,30.00000,552
16,160,1.647742e-01,45.00000,35.00000,500
16,161,1.525681e-01,57.00000,30.00000,549
16,162,1.533050e-01,55.00000,30.00000,536
16,163,1.703101e-01,41.00000,36.00000,489
16,164,1.737317e-01,42.00000,36.00000,487
16,165,1.618442e-01,47.00000,35.00000,505
16,166,1.630227e-01,39.00000,35.00000,512
16,167,1.579778e-01,48.00000,35.00000,537
16,168,1.614925e-01,49.00000,35.00000,522
16,169,1.535708e-01,52.00000,30.00000,527
16,170,1.538829e-01,53.00000,30.00000,534
16,171,1.573417e-01,50.00000,30.00000,517
16,172,1.644561e-01,47.00000,35.00000,505
16,173,1.562554e-01,51.00000,30.00000,519
16,174,1.547036e-01,49.00000,30.00000,526
16,175,1.629896e-01,49.00000,35.00000,515
16,176,1.485918e-01,57.00000,30.00000,550
16,177,1.819914e-01,25.00000,36.00000,474
16,178,1.536181e-01,49.00000,30.00000,540
16,179,1.666456e-01,35.00000,36.00000,491
16,180,1.586403e-01,50.00000,36.00000,523
16,181,1.669777e-01,46.00000,36.00000,505
16,182,1.626291e-01,45.00000,35.00000,494
16,183,1.711829e-01,36.00000,36.00000,487
16,184,1.616921e-01,46.00000,35.00000,515
16,185,1.717639e-01,35.00000,36.00000,475
16,186,1.519125e-01,54.00000,30.00000,551
16,187,1.566896e-01,47.00000,35.00000,520
16,188,1.664883e-01,39.00000,35.00000,495
16,189,1.658025e-01,41.00000,40.00000,500
16,190,1.548338e-01,53.00000,30.00000,534
16,191,1.595410e-01,45.00000,35.00000,524
16,192,1.694519e-01,30.00000,36.00000,498
16,193,1.634815e-01,42.00000,35.00000,496
16,194,1.606805e-01,47.00000,35.00000,506
16,195,1.582485e-01,49.00000,30.00000,525
16,196,1.664224e-01,39.00000,40.00000,501
16,197,1.644119e-01,39.00000,35.00000,514
16,198,1.634233e-01,40.00000,35.00000,510
16,199,1.479942e-01,59.00000,30.00000,561
16,200,1.637148e-01,37.00000,35.00000,507
16,201,1.630288e-01,40.00000,35.00000,529
16,202,1.692277e-01,39.00000,36.00000,485
16,203,1.583914e-01,48.00000,35.00000,515
16,204,1.581324e-01,46.00000,35.00000,537
16,205,1.626094e-01,45.00000,35.00000,517
16,206,1.606403e-01,46.00000,35.00000,515
16,207,1.643177e-01,43.00000,36.00000,502
16,208,1.634177e-01,43.00000,35.00000,514
16,209,1.619326e-01,46.00000,35.00000,510
16,210,1.569443e-01,49.00000,30.00000,520
16,211,1.642186e-01,38.00000,36.00000,510
16,212,1.740861e-01,25.00000,36.00000,474
16,213,1.663204e-01,43.00000,36.00000,504
16,214,1.631233e-01,44.00000,35.00000,502
16,215,1.497569e-01,58.00000,30.00000,557
16,216,1.624931e-01,44.00000,35.00000,523
16,217,1.669151e-01,36.00000,36.00000,509
16,218,1.590088e-01,44.00000,35.00000,521
16,219,1.605895e-01,48.00000,35.00000,515
16,220,1.554231e-01,49.00000,30.00000,532
16,221,1.719018e-01,42.00000,36.00000,498
16,222,1.680653e-01,36.00000,36.00000,491
16,223,1.520834e-01,49.00000,30.00000,543
16,224,1.547455e-01,54.00000,30.00000,534
16,225,1.599646e-01,43.00000,35.00000,521
16,226,1.641794e-01,37.00000,35.00000,509
16,227,1.522344e-01,55.00000,30.00000,546
16,228,1.624465e-01,38.00000,35.00000,517
16,229,1.573148e-01,47.00000,35.00000,526
16,230,1.511319e-01,49.00000,30.00000,554
16,231,1.672349e-01,39.00000,36.00000,491
16,232,1.596308e-01,44.00000,35.00000,514
16,233,1.681565e-01,43.00000,36.00000,504
16,234,1.628368e-01,48.00000,35.00000,523
16,235,1.556900e-01,49.00000,30.00000,520
16,236,1.541296e-01,61.00000,30.00000,570
16,237,1.519434e-01,59.00000,30.00000,561
16,238,1.608490e-01,46.00000,35.00000,518
16,239,1.604323e-01,45.00000,35.00000,509
16,240,1.653160e-01,38.00000,35.00000,502
16,241,1.542752e-01,54.00000,30.00000,537
16,242,1.663583e-01,42.00000,35.00000,493
16,243,1.662390e-01,48.00000,35.00000,523
16,244,1.609181e-01,45.00000,35.00000,495
16,245,1.548823e-01,49.00000,30.00000,534
16,246,1.574979e-01,51.00000,35.00000,524
16,247,1.689932e-01,37.00000,36.00000,503
16,248,1.534733e-01,54.00000,30.00000,526
16,249,1.591565e-01,49.00000,35.00000,515
16,250,1.572313e-01,53.00000,30.00000,528
16,251,1.495140e-01,59.00000,30.00000,553
16,252,1.586691e-01,45.00000,35.00000,523
16,253,1.567054e-01,52.00000,35.00000,537
16,254,1.611896e-01,44.00000,35.00000,502
16,255,1.658353e-01,37.00000,36.00000,489
16,256,1.517401e-01,49.00000,30.00000,540
16,257,1.565659e-01,51.00000,35.00000,528
16,258,1.575770e-01,49.00000,30.00000,512
16,259,1.700510e-01,35.00000,36.00000,511
16,260,1.519014e-01,54.00000,30.00000,539
16,261,1.659914e-01,41.00000,35.00000,495
16,262,1.529029e-01,53.00000,30.00000,535
16,263,1.713976e-01,30.00000,36.00000,478
16,264,1.634347e-01,48.00000,35.00000,516
16,265,1.664837e-01,35.00000,36.00000,517
16,266,1.605829e-01,45.00000,35.00000,514
16,267,1.518767e-01,57.00000,30.00000,554
16,268,1.560994e-01,49.00000,30.00000,525
16,269,1.533136e-01,53.00000,30.00000,530
16,270,1.539070e-01,49.00000,30.00000,532
16,271,1.550953e-01,49.00000,30.00000,525
16,272,1.586196e-01,48.00000,35.00000,516
16,273,1.647497e-01,44.00000,35.00000,502
16,274,1.617716e-01,45.00000,35.00000,507
16,275,1.675856e-01,45.00000,36.00000,508
16,276,1.597994e-01,43.00000,35.00000,528
16,277,1.568434e-01,47.00000,35.00000,532
16,278,1.621733e-01,48.00000,35.00000,516
16,279,1.531258e-01,49.00000,30.00000,542
16,280,1.681979e-01,37.00000,36.00000,508
16,281,1.632646e-01,41.00000,35.00000,510
16,282,1.595947e-01,44.00000,35.00000,518
16,283,1.553385e-01,49.00000,30.00000,516
16,284,1.596526e-01,43.00000,35.00000,525
16,285,1.538550e-01,57.00000,30.00000,546
16,286,1.607477e-01,47.00000,35.00000,527
16,287,1.680297e-01,37.00000,36.00000,491
16,288,1.703316e-01,40.00000,36.00000,480
16,289,1.608060e-01,48.00000,35.00000,517
16,290,1.537055e-01,54.00000,30.00000,525
16,291,1.542092e-01,53.00000,30.00000,528
16,292,1.522814e-01,55.00000,30.00000,538
16,293,1.571664e-01,51.00000,35.00000,525
16,294,1.641164e-01,46.00000,35.00000,510
16,295,1.583934e-01,46.00000,35.00000,526
16,296,1.827661e-01,25.00000,36.00000,472
16,297,1.595363e-01,36.00000,35.00000,525
16,298,1.503727e-01,56.00000,30.00000,534
16,299,1.519403e-01,54.00000,30.00000,544
16,300,1.578982e-01,49.00000,30.00000,518
16,301,1.712679e-01,37.00000,36.00000,482
16,302,1.554957e-01,55.00000,30.00000,544
16,303,1.633626e-01,46.00000,36.00000,505
16,304,1.542417e-01,49.00000,30.00000,535
16,305,1.625968e-01,43.00000,35.00000,519
16,306,1.542466e-01,54.00000,30.00000,527
16,307,1.596475e-01,46.00000,35.00000,511
16,308,1.541564e-01,51.00000,30.00000,526
16,309,1.523949e-01,57.00000,30.00000,545
16,310,1.543064e-01,49.00000,30.00000,536
16,311,1.626865e-01,42.00000,35.00000,501
16,312,1.607291e-01,45.00000,35.00000,514
16,313,1.636260e-01,46.00000,35.00000,519
16,314,1.617627e-01,48.00000,35.00000,519
16,315,1.645239e-01,43.00000,35.00000,489
16,316,1.566763e-01,49.00000,30.00000,523
16,317,1.594027e-01,49.00000,35.00000,524
16,318,1.782585e-01,30.00000,36.00000,442
16,319,1.739069e-01,36.00000,36.00000,494
16,320,1.517706e-01,55.00000,30.00000,537
16,321,1.486189e-01,59.00000,30.00000,561
16,322,1.590407e-01,48.00000,35.00000,524
16,323,1.758018e-01,30.00000,40.00000,479
16,324,1.619380e-01,48.00000,35.00000,519
16,325,1.692992e-01,41.00000,36.00000,490
16,326,1.685034e-01,39.00000,40.00000,492
16,327,1.544750e-01,51.00000,30.00000,546
16,328,1.530552e-01,49.00000,30.00000,529
16,329,1.581391e-01,47.00000,35.00000,527
16,330,1.567184e-01,52.00000,30.00000,517
16,331,1.609735e-01,45.00000,35.00000,509
16,332,1.698999e-01,37.00000,40.00000,486
16,333,1.711711e-01,41.00000,36.00000,490
16,334,1.543294e-01,58.00000,30.00000,540
16,335,1.524503e-01,53.00000,30.00000,548
16,336,1.682913e-01,34.00000,36.00000,504
16,337,1.624572e-01,38.00000,35.00000,499
16,338,1.614572e-01,48.00000,35.00000,524
16,339,1.600603e-01,45.00000,35.00000,515
16,340,1.523234e-01,49.00000,30.00000,563
16,341,1.613756e-01,47.00000,35.00000,527
16,342,1.598753e-01,49.00000,35.00000,528
16,343,1.522403e-01,55.00000,30.00000,543
16,344,1.525833e-01,55.00000,30.00000,548
16,345,1.485788e-01,57.00000,30.00000,553
16,346,1.600103e-01,50.00000,35.00000,528
16,347,1.475958e-01,61.00000,30.00000,564
16,348,1.716018e-01,25.00000,36.00000,495
16,349,1.689478e-01,39.00000,36.00000,484
16,350,1.520236e-01,53.00000,30.00000,550
16,351,1.612356e-01,44.00000,35.00000,515
16,352,1.632376e-01,41.00000,35.00000,503
16,353,1.675085e-01,35.00000,36.00000,497
16,354,1.557774e-01,52.00000,30.00000,517
16,355,1.596352e-01,43.00000,35.00000,524
16,356,1.517127e-01,54.00000,30.00000,540
16,357,1.654231e-01,42.00000,36.00000,498
16,358,1.524738e-01,52.00000,30.00000,548
16,359,1.519293e-01,49.00000,30.00000,553
16,360,1.652123e-01,49.00000,35.00000,522
16,361,1.631957e-01,43.00000,35.00000,517
16,362,1.683154e-01,37.00000,36.00000,491
16,363,1.617888e-01,42.00000,36.00000,514
16,364,1.560727e-01,55.00000,30.00000,538
16,365,1.603720e-01,48.00000,35.00000,516
16,366,1.502180e-01,57.00000,30.00000,546
16,367,1.632520e-01,40.00000,35.00000,515
16,368,1.698028e-01,43.00000,36.00000,499
16,369,1.651719e-01,46.00000,35.00000,519
16,370,1.549405e-01,53.00000,30.00000,528
16,371,1.577876e-01,49.00000,30.00000,519
16,372,1.541119e-01,53.00000,30.00000,529
16,373,1.627687e-01,43.00000,35.00000,508
16,374,1.564857e-01,49.00000,30.00000,527
16,375,1.598595e-01,45.00000,35.00000,517
16,376,1.714673e-01,38.00000,36.00000,474
16,377,1.709811e-01,41.00000,36.00000,493
16,378,1.603202e-01,47.00000,35.00000,506
16,379,1.655125e-01,43.00000,36.00000,499
16,380,1.652907e-01,43.00000,35.00000,493
16,381,1.690514e-01,45.00000,36.00000,508
16,382,1.681910e-01,41.00000,36.00000,500
16,383,1.571032e-01,49.00000,30.00000,530
16,384,1.563427e-01,49.00000,30.00000,542
16,385,1.645788e-01,46.00000,35.00000,511
16,386,1.537162e-01,54.00000,30.00000,526
16,387,1.538930e-01,55.00000,30.00000,540
16,388,1.630020e-01,49.00000,35.00000,519
16,389,1.538457e-01,54.00000,30.00000,528
16,390,1.551447e-01,49.00000,30.00000,537
16,391,1.530047e-01,54.00000,30.00000,526
16,392,1.623224e-01,45.00000,35.00000,495
16,393,1.500993e-01,57.00000,30.00000,548
16,394,1.576354e-01,49.00000,30.00000,518
16,395,1.572092e-01,47.00000,35.00000,521
16,396,1.652034e-01,42.00000,36.00000,491
16,397,1.511717e-01,54.00000,30.00000,543
16,398,1.666462e-01,45.00000,35.00000,494
16,399,1.640960e-01,38.00000,36.00000,505
16,400,1.544361e-01,49.00000,30.00000,536
16,401,1.646397e-01,44.00000,40.00000,515
16,402,1.643513e-01,40.00000,35.00000,510
16,403,1.566654e-01,52.00000,30.00000,518
16,404,1.774364e-01,30.00000,36.00000,469
16,405,1.624268e-01,43.00000,35.00000,522
16,406,1.612359e-01,48.00000,35.00000,525
16,407,1.539178e-01,52.00000,30.00000,531
16,408,1.533238e-01,52.00000,30.00000,546
16,409,1.615326e-01,43.00000,35.00000,511
16,410,1.713200e-01,38.00000,36.00000,491
16,411,1.567554e-01,50.00000,35.00000,529
16,412,1.594089e-01,45.00000,35.00000,511
16,413,1.549899e-01,51.00000,30.00000,532
16,414,1.598674e-01,46.00000,35.00000,514
16,415,1.652436e-01,47.00000,35.00000,506
16,416,1.572684e-01,45.00000,35.00000,543
16,417,1.639538e-01,37.00000,36.00000,510
16,418,1.615093e-01,36.00000,35.00000,528
16,419,1.636456e-01,46.00000,35.00000,513
16,420,1.583211e-01,46.00000,35.00000,523
16,421,1.620357e-01,39.00000,35.00000,510
16,422,1.643194e-01,44.00000,35.00000,509
16,423,1.603045e-01,50.00000,35.00000,536
16,424,1.622227e-01,48.00000,35.00000,523
16,425,1.623072e-01,41.00000,35.00000,525
16,426,1.624712e-01,42.00000,35.00000,516
16,427,1.527007e-01,53.00000,30.00000,527
16,428,1.544384e-01,49.00000,30.00000,530
16,429,1.531532e-01,57.00000,30.00000,559
16,430,1.658252e-01,40.00000,35.00000,500
16,431,1.733394e-01,35.00000,36.00000,473
16,432,1.672930e-01,48.00000,35.00000,516
16,433,1.656919e-01,48.00000,35.00000,516
16,434,1.683290e-01,39.00000,35.00000,478
16,435,1.560168e-01,49.00000,30.00000,518
16,436,1.651039e-01,43.00000,36.00000,507
16,437,1.658378e-01,39.00000,36.00000,493
16,438,1.578570e-01,48.00000,35.00000,553
16,439,1.632492e-01,45.00000,35.00000,510
16,440,1.582197e-01,49.00000,30.00000,521
16,441,1.605611e-01,48.00000,35.00000,522
16,442,1.696360e-01,48.00000,35.00000,515
16,443,1.671325e-01,39.00000,36.00000,505
16,444,1.762123e-01,30.00000,36.00000,483
16,445,1.686144e-01,43.00000,36.00000,505
16,446,1.614847e-01,46.00000,35.00000,510
16,447,1.705648e-01,35.00000,36.00000,481
16,448,1.556784e-01,49.00000,30.00000,537
16,449,1.634956e-01,47.00000,35.00000,517
16,450,1.541681e-01,49.00000,30.00000,557
16,451,1.629845e-01,43.00000,35.00000,514
16,452,1.524022e-01,59.00000,30.00000,554
16,453,1.578961e-01,49.00000,35.00000,518
16,454,1.612680e-01,42.00000,35.00000,511
16,455,1.547292e-01,49.00000,30.00000,535
16,456,1.542031e-01,53.00000,30.00000,539
16,457,1.687705e-01,39.00000,36.00000,486
16,458,1.634428e-01,41.00000,35.00000,507
16,459,1.586680e-01,48.00000,35.00000,518
16,460,1.765984e-01,30.00000,36.00000,487
16,461,1.545447e-01,49.00000,30.00000,562
16,462,1.628033e-01,46.00000,35.00000,511
16,463,1.609455e-01,48.00000,35.00000,521
16,464,1.628222e-01,43.00000,35.00000,490
16,465,1.684434e-01,31.00000,36.00000,492
16,466,1.513360e-01,57.00000,30.00000,545
16,467,1.611787e-01,42.00000,35.00000,519
16,468,1.522728e-01,54.00000,30.00000,552
16,469,1.746662e-01,37.00000,36.00000,500
16,470,1.585571e-01,49.00000,30.00000,512
16,471,1.501338e-01,52.00000,30.00000,554
16,472,1.621016e-01,42.00000,35.00000,499
16,473,1.551186e-01,49.00000,30.00000,527
16,474,1.735006e-01,35.00000,36.00000,467
16,475,1.525307e-01,55.00000,30.00000,540
16,476,1.619306e-01,43.00000,35.00000,501
16,477,1.507711e-01,55.00000,30.00000,545
16,478,1.715489e-01,37.00000,36.00000,488
16,479,1.654429e-01,37.00000,35.00000,495
16,480,1.746269e-01,25.00000,36.00000,496
16,481,1.576201e-01,53.00000,35.00000,530
16,482,1.579751e-01,51.00000,35.00000,523
16,483,1.614591e-01,42.00000,35.00000,514
16,484,1.560642e-01,53.00000,30.00000,539
16,485,1.539690e-01,55.00000,30.00000,536
16,486,1.517009e-01,53.00000,30.00000,543
16,487,1.686195e-01,41.00000,36.00000,491
16,488,1.700171e-01,37.00000,36.00000,485
16,489,1.762531e-01,30.00000,36.00000,470
16,490,1.688823e-01,37.00000,36.00000,486
16,491,1.483179e-01,55.00000,30.00000,556
16,492,1.621531e-01,40.00000,35.00000,504
16,493,1.636532e-01,44.00000,35.00000,511
16,494,1.643734e-01,38.00000,35.00000,534
16,495,1.594375e-01,51.00000,30.00000,523
16,496,1.590731e-01,45.00000,35.00000,541
16,497,1.598793e-01,47.00000,35.00000,507
16,498,1.680804e-01,40.00000,36.00000,490
16,499,1.602567e-01,49.00000,35.00000,516
16,500,1.540245e-01,49.00000,30.00000,542
16,501,1.623405e-01,39.00000,35.00000,513
16,502,1.646302e-01,36.00000,35.00000,512
16,503,1.552137e-01,53.00000,30.00000,529
16,504,1.708705e-01,43.00000,36.00000,503
16,505,1.506980e-01,60.00000,30.00000,552
16,506,1.543810e-01,49.00000,30.00000,534
16,507,1.633208e-01,41.00000,35.00000,516
16,508,1.600637e-01,42.00000,35.00000,522
16,509,1.561782e-01,49.00000,30.00000,518
16,510,1.725882e-01,31.00000,36.00000,498
16,511,1.616724e-01,38.00000,35.00000,535
16,512,1.550120e-01,49.00000,30.00000,538
16,513,1.669852e-01,42.00000,35.00000,494
16,514,1.513256e-01,53.00000,30.00000,538
16,515,1.555579e-01,49.00000,30.00000,518
16,516,1.513334e-01,57.00000,30.00000,545
16,517,1.617943e-01,42.00000,35.00000,498
16,518,1.643863e-01,41.00000,36.00000,509
16,519,1.571496e-01,50.00000,35.00000,528
16,520,1.648752e-01,43.00000,36.00000,509
16,521,1.517783e-01,55.00000,30.00000,543
16,522,1.673348e-01,45.00000,36.00000,512
16,523,1.530454e-01,57.00000,30.00000,545
16,524,1.770233e-01,35.00000,36.00000,468
16,525,1.547563e-01,49.00000,30.00000,536
16,526,1.543711e-01,49.00000,30.00000,532
16,527,1.543871e-01,49.00000,30.00000,533
16,528,1.593240e-01,49.00000,35.00000,536
16,529,1.518318e-01,55.00000,30.00000,543
16,530,1.727549e-01,30.00000,36.00000,496
16,531,1.668017e-01,41.00000,35.00000,491
16,532,1.636714e-01,40.00000,36.00000,509
16,533,1.653933e-01,37.00000,36.00000,506
16,534,1.585133e-01,48.00000,35.00000,516
16,535,1.527521e-01,57.00000,30.00000,561
16,536,1.530972e-01,53.00000,30.00000,544
16,537,1.592017e-01,43.00000,35.00000,519
16,538,1.687444e-01,43.00000,36.00000,501
16,539,1.658270e-01,45.00000,35.00000,496
16,540,1.727552e-01,46.00000,36.00000,505
16,541,1.739133e-01,35.00000,36.00000,475
16,542,1.558888e-01,53.00000,30.00000,535
16,543,1.536695e-01,53.00000,30.00000,535
16,544,1.685529e-01,40.00000,36.00000,480
16,545,1.710703e-01,25.00000,36.00000,498
16,546,1.549186e-01,54.00000,30.00000,544
16,547,1.656202e-01,38.00000,35.00000,507
16,548,1.564990e-01,52.00000,30.00000,517
16,549,1.520270e-01,54.00000,30.00000,539
16,550,1.645768e-01,42.00000,35.00000,518
16,551,1.525578e-01,60.00000,30.00000,552
16,552,1.640903e-01,45.00000,35.00000,520
16,553,1.579910e-01,47.00000,35.00000,520
16,554,1.628177e-01,47.00000,35.00000,512
16,555,1.502568e-01,55.00000,30.00000,554
16,556,1.522179e-01,55.00000,30.00000,538
16,557,1.588527e-01,45.00000,35.00000,511
16,558,1.519474e-01,54.00000,30.00000,526
16,559,1.639534e-01,42.00000,35.00000,505
16,560,1.515430e-01,54.00000,30.00000,535
16,561,1.512736e-01,54.00000,30.00000,527
16,562,1.666478e-01,42.00000,36.00000,488
16,563,1.709938e-01,57.00000,30.00000,545
16,564,1.599799e-01,43.00000,36.00000,510
16,565,1.530372e-01,53.00000,30.00000,548
16,566,1.537738e-01,49.00000,30.00000,537
16,567,1.774693e-01,25.00000,36.00000,460
16,568,1.776009e-01,25.00000,36.00000,474
16,569,1.528264e-01,53.00000,30.00000,550
16,570,1.618194e-01,42.00000,35.00000,513
16,571,1.579813e-01,49.00000,30.00000,534
16,572,1.680960e-01,38.00000,35.00000,504
16,573,1.521022e-01,54.00000,30.00000,532
16,574,1.554212e-01,50.00000,35.00000,530
16,575,1.627122e-01,47.00000,35.00000,512
16,576,1.694893e-01,42.00000,36.00000,490
16,577,1.609457e-01,38.00000,35.00000,515
16,578,1.518117e-01,57.00000,30.00000,552
16,579,1.575796e-01,49.00000,30.00000,530
16,580,1.620030e-01,47.00000,35.00000,510
16,581,1.606568e-01,50.00000,35.00000,528
16,582,1.642240e-01,43.00000,35.00000,511
16,583,1.528004e-01,53.00000,30.00000,541
16,584,1.648007e-01,39.00000,35.00000,517
16,585,1.626709e-01,49.00000,36.00000,537
16,586,1.637993e-01,40.00000,35.00000,512
16,587,1.596164e-01,49.00000,35.00000,523
16,588,1.724761e-01,37.00000,36.00000,477
16,589,1.593536e-01,45.00000,35.00000,522
16,590,1.511660e-01,57.00000,30.00000,545
16,591,1.661104e-01,43.00000,36.00000,499
16,592,1.629927e-01,46.00000,35.00000,518
16,593,1.728026e-01,36.00000,40.00000,473
16,594,1.611362e-01,47.00000,35.00000,511
16,595,1.527660e-01,59.00000,30.00000,561
16,596,1.641792e-01,44.00000,35.00000,508
16,597,1.554637e-01,49.00000,30.00000,532
16,598,1.487361e-01,55.00000,30.00000,560
16,599,1.624585e-01,45.00000,35.00000,516
16,600,1.637533e-01,49.00000,35.00000,515
16,601,1.618128e-01,47.00000,35.00000,508
16,602,1.579717e-01,47.00000,35.00000,519
16,603,1.530926e-01,55.00000,30.00000,544
16,604,1.530528e-01,53.00000,30.00000,549
16,605,1.624203e-01,45.00000,36.00000,509
16,606,1.653324e-01,41.00000,35.00000,504
16,607,1.510620e-01,54.00000,30.00000,546
16,608,1.701036e-01,47.00000,36.00000,516
16,609,1.622826e-01,48.00000,35.00000,516
16,610,1.725143e-01,30.00000,36.00000,504
16,611,1.730287e-01,40.00000,36.00000,485
16,612,1.634264e-01,40.00000,35.00000,494
16,613,1.610508e-01,47.00000,35.00000,512
16,614,1.632126e-01,45.00000,35.00000,506
16,615,1.584562e-01,42.00000,35.00000,541
16,616,1.525140e-01,53.00000,30.00000,534
16,617,1.539599e-01,53.00000,30.00000,529
16,618,1.712843e-01,34.00000,36.00000,498
16,619,1.539810e-01,54.00000,30.00000,530
16,620,1.556980e-01,53.00000,30.00000,527
16,621,1.604599e-01,48.00000,35.00000,516
16,622,1.554880e-01,49.00000,30.00000,534
16,623,1.538965e-01,54.00000,30.00000,525
16,624,1.726175e-01,35.00000,36.00000,487
16,625,1.638299e-01,45.00000,35.00000,513
16,626,1.566520e-01,49.00000,30.00000,536
16,627,1.618258e-01,43.00000,35.00000,510
16,628,1.628805e-01,46.00000,35.00000,514
16,629,1.635344e-01,43.00000,36.00000,510
16,630,1.744332e-01,31.00000,36.00000,476
16,631,1.630378e-01,46.00000,35.00000,511
16,632,1.500089e-01,61.00000,30.00000,569
16,633,1.541617e-01,54.00000,30.00000,526
16,634,1.761080e-01,40.00000,36.00000,479
16,635,1.662864e-01,43.00000,35.00000,489
16,636,1.669715e-01,43.00000,35.00000,495
16,637,1.604824e-01,47.00000,35.00000,513
16,638,1.592857e-01,51.00000,30.00000,524
16,639,1.523506e-01,54.00000,30.00000,553
16,640,1.563028e-01,49.00000,30.00000,525
16,641,1.621300e-01,47.00000,35.00000,514
16,642,1.594532e-01,47.00000,35.00000,529
16,643,1.552628e-01,49.00000,30.00000,531
16,644,1.521794e-01,56.00000,30.00000,555
16,645,1.566088e-01,57.00000,30.00000,545
16,646,1.628430e-01,43.00000,35.00000,512
16,647,1.633987e-01,44.00000,35.00000,508
16,648,1.559127e-01,50.00000,30.00000,524
16,649,1.699708e-01,35.00000,40.00000,496
16,650,1.703751e-01,40.00000,36.00000,479
16,651,1.530926e-01,57.00000,30.00000,546
16,652,1.503626e-01,57.00000,30.00000,547
16,653,1.717662e-01,37.00000,36.00000,482
16,654,1.670352e-01,45.00000,35.00000,507
16,655,1.755901e-01,31.00000,36.00000,503
16,656,1.568747e-01,53.00000,30.00000,534
16,657,1.574673e-01,49.00000,30.00000,530
16,658,1.668464e-01,42.00000,35.00000,503
16,659,1.640667e-01,45.00000,35.00000,500
16,660,1.661295e-01,40.00000,36.00000,491
16,661,1.600860e-01,50.00000,35.00000,528
16,662,1.643692e-01,42.00000,35.00000,515
16,663,1.726171e-01,41.00000,36.00000,497
16,664,1.698972e-01,37.00000,36.00000,488
16,665,1.513749e-01,60.00000,30.00000,551
16,666,1.555696e-01,49.00000,30.00000,524
16,667,1.622311e-01,47.00000,35.00000,513
16,668,1.637366e-01,48.00000,35.00000,516
16,669,1.595341e-01,45.00000,35.00000,522
16,670,1.546592e-01,53.00000,30.00000,535
16,671,1.584545e-01,54.00000,30.00000,525
16,672,1.632645e-01,43.00000,36.00000,519
16,673,1.728474e-01,35.00000,36.00000,493
16,674,1.547243e-01,53.00000,30.00000,537
16,675,1.684148e-01,48.00000,36.00000,511
16,676,1.537235e-01,57.00000,30.00000,546
16,677,1.664581e-01,40.00000,36.00000,509
16,678,1.698770e-01,36.00000,36.00000,507
16,679,1.571606e-01,52.00000,30.00000,524
16,680,1.573047e-01,49.00000,30.00000,528
16,681,1.639625e-01,43.00000,35.00000,506
16,682,1.621536e-01,47.00000,35.00000,510
16,683,1.593233e-01,49.00000,30.00000,528
16,684,1.527571e-01,53.00000,30.00000,545
16,685,1.631234e-01,41.00000,35.00000,510
16,686,1.558505e-01,52.00000,30.00000,527
16,687,1.619984e-01,47.00000,35.00000,512
16,688,1.529394e-01,53.00000,30.00000,534
16,689,1.673469e-01,41.00000,36.00000,527
16,690,1.662567e-01,39.00000,35.00000,517
16,691,1.536703e-01,55.00000,30.00000,537
16,692,1.772804e-01,30.00000,36.00000,477
16,693,1.663011e-01,43.00000,35.00000,503
16,694,1.570105e-01,49.00000,35.00000,541
16,695,1.596564e-01,47.00000,35.00000,528
16,696,1.591280e-01,48.00000,35.00000,516
16,697,1.546907e-01,55.00000,30.00000,537
16,698,1.656225e-01,45.00000,35.00000,494
16,699,1.696334e-01,38.00000,36.00000,480
16,700,1.538088e-01,54.00000,30.00000,545
16,701,1.690335e-01,39.00000,36.00000,491
16,702,1.581046e-01,52.00000,30.00000,523
16,703,1.625050e-01,42.00000,35.00000,504
16,704,1.558304e-01,49.00000,30.00000,554
16,705,1.552336e-01,52.00000,30.00000,547
16,706,1.535112e-01,54.00000,30.00000,537
16,707,1.709942e-01,42.00000,36.00000,489
16,708,1.572172e-01,49.00000,30.00000,519
16,709,1.653657e-01,46.00000,35.00000,511
16,710,1.712646e-01,44.00000,36.00000,494
16,711,1.697380e-01,43.00000,36.00000,500
16,712,1.611098e-01,47.00000,35.00000,512
16,713,1.529838e-01,54.00000,30.00000,553
16,714,1.609010e-01,45.00000,35.00000,510
16,715,1.546243e-01,54.00000,30.00000,532
16,716,1.610599e-01,48.00000,35.00000,516
16,717,1.536471e-01,57.00000,30.00000,545
16,718,1.539299e-01,60.00000,30.00000,552
16,719,1.704363e-01,35.00000,36.00000,485
16,720,1.603941e-01,47.00000,35.00000,514
16,721,1.543525e-01,54.00000,30.00000,536
16,722,1.516076e-01,57.00000,30.00000,545
16,723,1.634290e-01,43.00000,35.00000,509
16,724,1.645084e-01,46.00000,36.00000,506
16,725,1.685580e-01,39.00000,36.00000,499
16,726,1.542407e-01,54.00000,30.00000,546
16,727,1.625758e-01,49.00000,35.00000,521
16,728,1.548263e-01,51.00000,30.00000,536
16,729,1.617897e-01,42.00000,35.00000,500
16,730,1.523592e-01,49.00000,30.00000,549
16,731,1.726492e-01,34.00000,36.00000,464
16,732,1.574816e-01,57.00000,30.00000,545
16,733,1.542895e-01,57.00000,30.00000,545
16,734,1.647730e-01,43.00000,35.00000,500
16,735,1.648871e-01,45.00000,36.00000,515
16,736,1.543531e-01,57.00000,30.00000,546
16,737,1.665259e-01,34.00000,40.00000,511
16,738,1.531959e-01,55.00000,30.00000,553
16,739,1.747970e-01,35.00000,36.00000,467
16,740,1.549999e-01,55.00000,30.00000,538
16,741,1.544485e-01,49.00000,30.00000,559
16,742,1.724795e-01,37.00000,36.00000,494
16,743,1.525557e-01,55.00000,30.00000,546
16,744,1.524047e-01,58.00000,30.00000,554
16,745,1.560671e-01,57.00000,30.00000,545
16,746,1.553108e-01,55.00000,30.00000,537
16,747,1.528129e-01,54.00000,30.00000,535
16,748,1.475153e-01,61.00000,30.00000,564
16,749,1.623364e-01,46.00000,35.00000,511
16,750,1.535298e-01,53.00000,30.00000,542
16,751,1.625142e-01,48.00000,35.00000,516
16,752,1.634998e-01,48.00000,36.00000,520
16,753,1.548922e-01,55.00000,30.00000,537
16,754,1.620506e-01,43.00000,35.00000,513
16,755,1.698649e-01,43.00000,36.00000,500
16,756,1.681104e-01,43.00000,35.00000,496
16,757,1.648038e-01,43.00000,36.00000,504
16,758,1.564922e-01,53.00000,30.00000,531
16,759,1.691149e-01,39.00000,35.00000,475
16,760,1.560350e-01,57.00000,30.00000,545
16,761,1.642607e-01,47.00000,35.00000,506
16,762,1.549669e-01,49.00000,30.00000,537
16,763,1.772516e-01,31.00000,36.00000,485
16,764,1.616353e-01,51.00000,35.00000,524
16,765,1.630390e-01,42.00000,35.00000,494
16,766,1.514681e-01,54.00000,30.00000,545
16,767,1.624282e-01,43.00000,35.00000,507
16,768,1.660778e-01,46.00000,35.00000,512
16,769,1.668687e-01,43.00000,36.00000,505
16,770,1.563054e-01,56.00000,30.00000,533
16,771,1.557263e-01,51.00000,30.00000,542
16,772,1.728320e-01,36.00000,36.00000,489
16,773,1.657125e-01,43.00000,35.00000,502
16,774,1.537838e-01,49.00000,30.00000,546
16,775,1.593011e-01,44.00000,35.00000,531
16,776,1.669777e-01,39.00000,35.00000,512
16,777,1.554345e-01,49.00000,30.00000,525
16,778,1.627936e-01,42.00000,35.00000,520
16,779,1.688839e-01,40.00000,40.00000,493
16,780,1.746460e-01,36.00000,36.00000,470
16,781,1.627994e-01,47.00000,35.00000,512
16,782,1.628125e-01,44.00000,35.00000,510
16,783,1.529887e-01,55.00000,30.00000,552
16,784,1.716641e-01,37.00000,36.00000,481
16,785,1.647650e-01,40.00000,35.00000,510
16,786,1.653361e-01,40.00000,35.00000,508
16,787,1.678813e-01,42.00000,35.00000,522
16,788,1.630257e-01,45.00000,35.00000,521
16,789,1.623984e-01,45.00000,35.00000,507
16,790,1.532594e-01,63.00000,30.00000,572
16,791,1.667608e-01,41.00000,36.00000,500
16,792,1.619445e-01,45.00000,35.00000,518
16,793,1.563638e-01,52.00000,30.00000,531
16,794,1.654377e-01,45.00000,35.00000,495
16,795,1.700752e-01,42.00000,36.00000,488
16,796,1.554117e-01,57.00000,30.00000,557
16,797,1.534139e-01,57.00000,30.00000,546
16,798,1.549916e-01,57.00000,30.00000,546
16,799,1.656556e-01,45.00000,35.00000,504
16,800,1.613869e-01,44.00000,35.00000,522
16,801,1.739989e-01,34.00000,40.00000,477
16,802,1.768189e-01,31.00000,36.00000,469
16,803,1.539866e-01,53.00000,30.00000,530
16,804,1.646415e-01,42.00000,35.00000,504
16,805,1.697159e-01,43.00000,36.00000,500
16,806,1.616635e-01,45.00000,35.00000,512
16,807,1.650732e-01,41.00000,35.00000,490
16,808,1.722930e-01,31.00000,36.00000,500
16,809,1.700804e-01,45.00000,36.00000,511
16,810,1.757430e-01,36.00000,36.00000,466
16,811,1.528684e-01,54.00000,30.00000,527
16,812,1.523846e-01,53.00000,30.00000,537
16,813,1.521362e-01,59.00000,30.00000,554
16,814,1.549393e-01,49.00000,30.00000,527
16,815,1.779056e-01,32.00000,36.00000,486
16,816,1.528838e-01,59.00000,30.00000,554
16,817,1.635262e-01,46.00000,35.00000,510
16,818,1.854078e-01,25.00000,36.00000,476
16,819,1.596003e-01,48.00000,35.00000,521
16,820,1.736090e-01,37.00000,36.00000,475
16,821,1.656454e-01,43.00000,35.00000,519
16,822,1.551096e-01,49.00000,30.00000,535
16,823,1.553230e-01,49.00000,30.00000,528
16,824,1.647370e-01,45.00000,35.00000,501
16,825,1.664726e-01,45.00000,35.00000,494
16,826,1.732233e-01,36.00000,36.00000,478
16,827,1.623985e-01,46.00000,35.00000,510
16,828,1.615980e-01,46.00000,35.00000,516
16,829,1.710823e-01,37.00000,36.00000,495
16,830,1.567825e-01,53.00000,30.00000,549
16,831,1.637315e-01,41.00000,35.00000,513
16,832,1.652839e-01,44.00000,35.00000,506
16,833,1.634416e-01,50.00000,35.00000,527
17,0,1.645479e-01,37.00000,40.00000,529
17,1,1.651811e-01,49.00000,30.00000,512
17,2,1.525726e-01,58.00000,30.00000,541
17,3,1.613102e-01,35.00000,36.00000,524
17,4,1.610083e-01,55.00000,30.00000,532
17,5,1.543295e-01,53.00000,30.00000,523
17,6,1.568786e-01,54.00000,30.00000,521
17,7,1.571712e-01,43.00000,35.00000,528
17,8,1.633327e-01,49.00000,35.00000,540
17,9,1.628888e-01,49.00000,30.00000,510
17,10,1.557998e-01,52.00000,30.00000,532
17,11,1.632812e-01,53.00000,30.00000,523
17,12,1.637321e-01,36.00000,35.00000,505
17,13,1.588020e-01,53.00000,30.00000,524
17,14,1.620866e-01,41.00000,36.00000,522
17,15,1.593324e-01,46.00000,35.00000,522
17,16,1.652247e-01,45.00000,35.00000,499
17,17,1.526679e-01,53.00000,30.00000,537
17,18,1.593598e-01,49.00000,30.00000,527
17,19,1.615923e-01,41.00000,36.00000,526
17,20,1.609026e-01,58.00000,30.00000,545
17,21,1.555046e-01,39.00000,36.00000,548
17,22,1.645157e-01,57.00000,30.00000,542
17,23,1.617876e-01,30.00000,36.00000,530
17,24,1.529478e-01,57.00000,30.00000,552
17,25,1.696768e-01,40.00000,36.00000,496
17,26,1.552283e-01,53.00000,30.00000,525
17,27,1.533347e-01,57.00000,30.00000,543
17,28,1.703273e-01,35.00000,40.00000,494
17,29,1.556830e-01,52.00000,30.00000,541
17,30,1.534911e-01,52.00000,30.00000,529
17,31,1.608317e-01,46.00000,35.00000,509
17,32,1.565781e-01,49.00000,30.00000,530
17,33,1.584259e-01,53.00000,30.00000,531
17,34,1.681747e-01,38.00000,36.00000,496
17,35,1.776181e-01,40.00000,36.00000,483
17,36,1.617179e-01,44.00000,35.00000,513
17,37,1.541433e-01,57.00000,30.00000,543
17,38,1.524170e-01,58.00000,30.00000,543
17,39,1.675351e-01,40.00000,35.00000,490
17,40,1.535590e-01,55.00000,30.00000,543
17,41,1.569062e-01,51.00000,30.00000,517
17,42,1.614279e-01,49.00000,35.00000,514
17,43,1.613206e-01,45.00000,35.00000,508
17,44,1.542596e-01,53.00000,30.00000,530
17,45,1.559139e-01,53.00000,30.00000,525
17,46,1.632184e-01,47.00000,35.00000,503
17,47,1.542461e-01,52.00000,30.00000,541
17,48,1.610428e-01,46.00000,35.00000,509
17,49,1.659510e-01,42.00000,35.00000,503
17,50,1.621344e-01,47.00000,35.00000,515
17,51,1.605990e-01,49.00000,35.00000,514
17,52,1.590642e-01,52.00000,35.00000,535
17,53,1.511215e-01,59.00000,30.00000,551
17,54,1.625119e-01,51.00000,35.00000,521
17,55,1.725048e-01,45.00000,36.00000,505
17,56,1.683744e-01,43.00000,35.00000,487
17,57,1.558293e-01,52.00000,30.00000,534
17,58,1.545547e-01,54.00000,30.00000,544
17,59,1.524657e-01,57.00000,30.00000,547
17,60,1.687477e-01,38.00000,36.00000,509
17,61,1.565826e-01,49.00000,30.00000,521
17,62,1.693369e-01,39.00000,40.00000,490
17,63,1.719717e-01,41.00000,36.00000,496
17,64,1.607302e-01,49.00000,35.00000,538
17,65,1.731524e-01,40.00000,36.00000,522
17,66,1.589474e-01,49.00000,30.00000,545
17,67,1.657258e-01,46.00000,35.00000,515
17,68,1.628215e-01,49.00000,30.00000,515
17,69,1.679760e-01,38.00000,35.00000,511
17,70,1.573487e-01,53.00000,30.00000,551
17,71,1.579148e-01,53.00000,30.00000,536
17,72,1.770001e-01,32.00000,36.00000,487
17,73,1.641560e-01,48.00000,35.00000,518
17,74,1.558652e-01,57.00000,30.00000,553
17,75,1.721596e-01,45.00000,36.00000,513
17,76,1.621821e-01,51.00000,35.00000,522
17,77,1.680005e-01,42.00000,35.00000,492
17,78,1.643912e-01,46.00000,35.00000,511
17,79,1.690413e-01,47.00000,36.00000,514
17,80,1.769409e-01,37.00000,36.00000,473
17,81,1.592199e-01,49.00000,30.00000,520
17,82,1.656394e-01,43.00000,35.00000,515
17,83,1.657377e-01,44.00000,35.00000,513
17,84,1.855859e-01,25.00000,36.00000,494
17,85,1.581010e-01,54.00000,30.00000,541
17,86,1.665216e-01,45.00000,35.00000,494
17,87,1.567983e-01,52.00000,30.00000,543
17,88,1.611335e-01,48.00000,35.00000,536
17,89,1.634431e-01,47.00000,36.00000,528
17,90,1.681111e-01,38.00000,35.00000,522
17,91,1.601129e-01,56.00000,30.00000,537
17,92,1.557586e-01,49.00000,30.00000,533
17,93,1.703010e-01,39.00000,36.00000,494
17,94,1.566423e-01,53.00000,30.00000,554
17,95,1.600435e-01,46.00000,35.00000,527
17,96,1.594515e-01,47.00000,35.00000,536
17,97,1.644698e-01,41.00000,35.00000,528
17,98,1.585291e-01,53.00000,30.00000,533
17,99,1.667604e-01,48.00000,35.00000,514
17,100,1.636889e-01,47.00000,35.00000,504
17,101,1.768146e-01,31.00000,36.00000,477
17,102,1.622901e-01,47.00000,35.00000,515
17,103,1.541066e-01,57.00000,30.00000,543
17,104,1.549205e-01,54.00000,30.00000,523
17,105,1.581556e-01,49.00000,30.00000,544
17,106,1.563983e-01,53.00000,30.00000,535
17,107,1.588957e-01,49.00000,30.00000,535
17,108,1.627567e-01,45.00000,35.00000,533
17,109,1.649795e-01,43.00000,35.00000,510
17,110,1.549521e-01,52.00000,30.00000,549
17,111,1.555054e-01,53.00000,30.00000,550
17,112,1.694053e-01,38.00000,35.00000,495
17,113,1.796339e-01,37.00000,36.00000,486
17,114,1.739118e-01,42.00000,36.00000,494
17,115,1.640129e-01,46.00000,35.00000,516
17,116,1.660756e-01,43.00000,35.00000,509
17,117,1.666085e-01,40.00000,35.00000,534
17,118,1.674364e-01,42.00000,35.00000,504
17,119,1.522540e-01,59.00000,30.00000,552
17,120,1.616982e-01,47.00000,35.00000,509
17,121,1.639967e-01,43.00000,35.00000,504
17,122,1.657480e-01,43.00000,36.00000,503
17,123,1.574062e-01,54.00000,30.00000,523
17,124,1.632089e-01,46.00000,35.00000,510
17,125,1.579674e-01,49.00000,30.00000,535
17,126,1.595181e-01,57.00000,30.00000,543
17,127,1.534275e-01,54.00000,30.00000,536
17,128,1.651252e-01,45.00000,35.00000,513
17,129,1.533416e-01,55.00000,30.00000,540
17,130,1.725797e-01,41.00000,36.00000,491
17,131,1.651732e-01,42.00000,35.00000,514
17,132,1.543281e-01,57.00000,30.00000,554
17,133,1.636102e-01,44.00000,35.00000,502
17,134,1.643137e-01,47.00000,35.00000,510
17,135,1.571307e-01,52.00000,30.00000,531
17,136,1.555521e-01,55.00000,30.00000,535
17,137,1.539318e-01,54.00000,30.00000,533
17,138,1.543577e-01,54.00000,30.00000,540
17,139,1.534895e-01,55.00000,30.00000,536
17,140,1.599067e-01,49.00000,30.00000,518
17,141,1.689771e-01,36.00000,36.00000,487
17,142,1.694428e-01,36.00000,35.00000,493
17,143,1.658692e-01,42.00000,36.00000,503
17,144,1.594609e-01,52.00000,35.00000,536
17,145,1.563679e-01,59.00000,30.00000,552
17,146,1.629727e-01,47.00000,35.00000,527
17,147,1.591490e-01,52.00000,30.00000,521
17,148,1.714954e-01,41.00000,36.00000,489
17,149,1.553881e-01,53.00000,30.00000,553
17,150,1.548294e-01,55.00000,30.00000,544
17,151,1.618865e-01,47.00000,35.00000,532
17,152,1.550352e-01,55.00000,30.00000,542
17,153,1.524975e-01,58.00000,30.00000,540
17,154,1.679761e-01,42.00000,35.00000,496
17,155,1.746136e-01,41.00000,36.00000,489
17,156,1.626043e-01,43.00000,35.00000,512
17,157,1.652486e-01,46.00000,35.00000,509
17,158,1.718060e-01,43.00000,36.00000,499
17,159,1.563135e-01,54.00000,30.00000,526
17,160,1.643968e-01,47.00000,35.00000,505
17,161,1.546436e-01,58.00000,30.00000,540
17,162,1.745253e-01,42.00000,36.00000,488
17,163,1.560763e-01,57.00000,30.00000,544
17,164,1.525194e-01,49.00000,30.00000,544
17,165,1.524879e-01,57.00000,30.00000,549
17,166,1.531378e-01,59.00000,30.00000,560
17,167,1.743989e-01,37.00000,36.00000,486
17,168,1.556670e-01,49.00000,30.00000,527
17,169,1.672975e-01,43.00000,36.00000,499
17,170,1.636563e-01,47.00000,35.00000,505
17,171,1.530621e-01,54.00000,30.00000,553
17,172,1.639498e-01,46.00000,35.00000,511
17,173,1.609661e-01,46.00000,35.00000,541
17,174,1.544888e-01,55.00000,30.00000,544
17,175,1.645029e-01,45.00000,35.00000,511
17,176,1.563724e-01,55.00000,30.00000,536
17,177,1.559709e-01,52.00000,30.00000,541
17,178,1.730483e-01,40.00000,36.00000,497
17,179,1.744649e-01,34.00000,36.00000,493
17,180,1.558555e-01,53.00000,30.00000,542
17,181,1.537691e-01,55.00000,30.00000,552
17,182,1.553760e-01,52.00000,30.00000,535
17,183,1.736447e-01,38.00000,36.00000,490
17,184,1.558281e-01,49.00000,30.00000,551
17,185,1.667082e-01,43.00000,35.00000,494
17,186,1.628563e-01,44.00000,35.00000,510
17,187,1.666371e-01,44.00000,35.00000,510
17,188,1.520356e-01,58.00000,30.00000,559
17,189,1.569942e-01,52.00000,30.00000,534
17,190,1.569854e-01,53.00000,30.00000,527
17,191,1.551401e-01,58.00000,30.00000,539
17,192,1.629021e-01,45.00000,35.00000,507
17,193,1.596634e-01,49.00000,30.00000,519
17,194,1.656569e-01,49.00000,35.00000,522
17,195,1.567433e-01,54.00000,30.00000,531
17,196,1.641416e-01,43.00000,35.00000,502
17,197,1.504568e-01,60.00000,30.00000,551
17,198,1.559841e-01,54.00000,30.00000,525
17,199,1.694175e-01,38.00000,36.00000,504
17,200,1.712510e-01,43.00000,36.00000,499
17,201,1.515393e-01,57.00000,30.00000,545
17,202,1.640527e-01,42.00000,35.00000,506
17,203,1.620463e-01,45.00000,35.00000,514
17,204,1.624233e-01,48.00000,35.00000,516
17,205,1.660642e-01,40.00000,36.00000,510
17,206,1.649102e-01,43.00000,35.00000,495
17,207,1.554197e-01,54.00000,30.00000,527
17,208,1.547363e-01,58.00000,30.00000,540
17,209,1.641005e-01,45.00000,35.00000,507
17,210,1.564507e-01,53.00000,30.00000,527
17,211,1.511724e-01,59.00000,30.00000,561
17,212,1.645937e-01,40.00000,35.00000,520
17,213,1.539369e-01,57.00000,30.00000,551
17,214,1.669648e-01,43.00000,35.00000,497
17,215,1.597127e-01,45.00000,35.00000,533
17,216,1.640373e-01,43.00000,35.00000,510
17,217,1.630494e-01,42.00000,36.00000,515
17,218,1.663914e-01,37.00000,35.00000,507
17,219,1.640647e-01,40.00000,35.00000,531
17,220,1.738237e-01,36.00000,36.00000,488
17,221,1.829094e-01,37.00000,36.00000,484
17,222,1.540281e-01,55.00000,30.00000,545
17,223,1.759301e-01,31.00000,36.00000,488
17,224,1.616677e-01,47.00000,35.00000,520
17,225,1.645650e-01,43.00000,35.00000,498
17,226,1.520591e-01,57.00000,30.00000,548
17,227,1.688705e-01,43.00000,36.00000,514
17,228,1.652204e-01,44.00000,35.00000,504
17,229,1.539961e-01,55.00000,30.00000,542
17,230,1.558143e-01,49.00000,30.00000,539
17,231,1.713851e-01,41.00000,36.00000,496
17,232,1.748226e-01,35.00000,36.00000,481
17,233,1.625925e-01,47.00000,35.00000,512
17,234,1.584058e-01,52.00000,30.00000,517
17,235,1.657625e-01,47.00000,35.00000,506
17,236,1.633113e-01,45.00000,35.00000,521
17,237,1.543166e-01,56.00000,30.00000,538
17,238,1.680891e-01,43.00000,36.00000,499
17,239,1.567568e-01,51.00000,30.00000,538
17,240,1.574184e-01,53.00000,30.00000,527
17,241,1.652280e-01,40.00000,35.00000,513
17,242,1.577405e-01,48.00000,35.00000,531
17,243,1.615632e-01,49.00000,30.00000,512
17,244,1.792786e-01,31.00000,36.00000,462
17,245,1.545555e-01,57.00000,30.00000,545
17,246,1.690716e-01,38.00000,40.00000,506
17,247,1.647440e-01,46.00000,36.00000,532
17,248,1.550995e-01,55.00000,30.00000,545
17,249,1.540644e-01,56.00000,30.00000,538
17,250,1.587157e-01,46.00000,35.00000,538
17,251,1.712921e-01,45.00000,36.00000,507
17,252,1.740059e-01,37.00000,40.00000,496
17,253,1.741798e-01,35.00000,40.00000,484
17,254,1.547908e-01,52.00000,30.00000,542
17,255,1.580774e-01,49.00000,30.00000,543
17,256,1.634595e-01,48.00000,35.00000,516
17,257,1.554106e-01,54.00000,30.00000,538
17,258,1.703691e-01,36.00000,36.00000,497
17,259,1.647987e-01,43.00000,35.00000,508
17,260,1.697763e-01,40.00000,36.00000,497
17,261,1.556028e-01,55.00000,30.00000,541
17,262,1.705206e-01,39.00000,36.00000,493
17,263,1.516323e-01,57.00000,30.00000,555
17,264,1.619543e-01,48.00000,35.00000,522
17,265,1.655115e-01,43.00000,36.00000,506
17,266,1.654574e-01,42.00000,36.00000,512
17,267,1.524572e-01,56.00000,30.00000,538
17,268,1.574415e-01,55.00000,30.00000,544
17,269,1.659753e-01,41.00000,35.00000,508
17,270,1.666686e-01,43.00000,35.00000,508
17,271,1.511546e-01,61.00000,30.00000,564
17,272,1.584543e-01,49.00000,30.00000,529
17,273,1.721702e-01,45.00000,36.00000,515
17,274,1.529877e-01,54.00000,30.00000,549
17,275,1.604814e-01,49.00000,30.00000,520
17,276,1.614277e-01,49.00000,35.00000,519
17,277,1.634362e-01,44.00000,35.00000,512
17,278,1.504563e-01,58.00000,30.00000,583
17,279,1.520292e-01,57.00000,30.00000,550
17,280,1.616905e-01,50.00000,35.00000,529
17,281,1.637148e-01,49.00000,35.00000,517
17,282,1.552679e-01,53.00000,30.00000,532
17,283,1.608942e-01,49.00000,35.00000,517
17,284,1.783821e-01,30.00000,36.00000,466
17,285,1.544092e-01,55.00000,30.00000,536
17,286,1.525620e-01,57.00000,30.00000,553
17,287,1.657030e-01,43.00000,35.00000,503
17,288,1.642577e-01,52.00000,35.00000,537
17,289,1.670436e-01,42.00000,36.00000,503
17,290,1.603462e-01,47.00000,35.00000,539
17,291,1.671835e-01,41.00000,35.00000,492
17,292,1.573934e-01,49.00000,30.00000,529
17,293,1.617921e-01,46.00000,35.00000,514
17,294,1.608519e-01,47.00000,35.00000,511
17,295,1.576061e-01,53.00000,30.00000,527
17,296,1.566206e-01,49.00000,30.00000,527
17,297,1.669056e-01,43.00000,36.00000,506
17,298,1.601463e-01,52.00000,30.00000,527
17,299,1.740309e-01,35.00000,36.00000,490
17,300,1.560949e-01,49.00000,30.00000,538
17,301,1.556130e-01,49.00000,30.00000,534
17,302,1.866008e-01,25.00000,36.00000,448
17,303,1.721458e-01,40.00000,40.00000,490
17,304,1.590183e-01,51.00000,35.00000,525
17,305,1.548271e-01,53.00000,30.00000,539
17,306,1.539452e-01,53.00000,30.00000,541
17,307,1.650225e-01,42.00000,35.00000,506
17,308,1.709320e-01,37.00000,40.00000,491
17,309,1.653261e-01,45.00000,35.00000,501
17,310,1.664203e-01,45.00000,35.00000,516
17,311,1.681010e-01,40.00000,35.00000,511
17,312,1.559948e-01,49.00000,30.00000,535
17,313,1.559288e-01,52.00000,30.00000,537
17,314,1.527420e-01,59.00000,30.00000,558
17,315,1.571341e-01,49.00000,30.00000,554
17,316,1.791902e-01,35.00000,36.00000,480
17,317,1.699663e-01,44.00000,36.00000,501
17,318,1.523327e-01,58.00000,30.00000,552
17,319,1.603484e-01,45.00000,35.00000,518
17,320,1.695543e-01,39.00000,36.00000,488
17,321,1.639555e-01,45.00000,35.00000,500
17,322,1.680866e-01,39.00000,35.00000,506
17,323,1.727571e-01,40.00000,36.00000,491
17,324,1.626206e-01,46.00000,35.00000,517
17,325,1.658040e-01,40.00000,35.00000,519
17,326,1.576446e-01,49.00000,30.00000,538
17,327,1.570162e-01,49.00000,30.00000,535
17,328,1.541494e-01,54.00000,30.00000,545
17,329,1.671543e-01,44.00000,35.00000,522
17,330,1.677682e-01,41.00000,35.00000,494
17,331,1.653013e-01,39.00000,35.00000,517
17,332,1.588081e-01,49.00000,30.00000,523
17,333,1.531069e-01,57.00000,30.00000,564
17,334,1.546353e-01,52.00000,30.00000,533
17,335,1.726606e-01,31.00000,36.00000,497
17,336,1.580371e-01,51.00000,30.00000,534
17,337,1.568658e-01,53.00000,30.00000,534
17,338,1.540472e-01,53.00000,30.00000,567
17,339,1.759647e-01,49.00000,36.00000,526
17,340,1.624835e-01,49.00000,35.00000,517
17,341,1.577530e-01,57.00000,30.00000,554
17,342,1.615635e-01,51.00000,30.00000,525
17,343,1.592571e-01,43.00000,35.00000,547
17,344,1.523701e-01,58.00000,30.00000,541
17,345,1.667433e-01,46.00000,35.00000,513
17,346,1.652344e-01,45.00000,35.00000,500
17,347,1.799384e-01,25.00000,36.00000,521
17,348,1.730214e-01,43.00000,36.00000,506
17,349,1.702479e-01,36.00000,40.00000,488
17,350,1.556490e-01,51.00000,30.00000,535
17,351,1.656146e-01,46.00000,35.00000,517
17,352,1.592521e-01,51.00000,30.00000,528
17,353,1.648072e-01,39.00000,35.00000,519
17,354,1.781082e-01,32.00000,36.00000,486
17,355,1.576573e-01,52.00000,30.00000,524
17,356,1.550419e-01,54.00000,30.00000,551
17,357,1.537735e-01,58.00000,30.00000,549
17,358,1.580122e-01,49.00000,30.00000,537
17,359,1.662299e-01,46.00000,35.00000,521
17,360,1.641016e-01,44.00000,35.00000,508
17,361,1.549543e-01,59.00000,30.00000,554
17,362,1.546569e-01,57.00000,30.00000,552
17,363,1.716369e-01,41.00000,36.00000,497
17,364,1.664114e-01,43.00000,35.00000,499
17,365,1.579508e-01,49.00000,30.00000,538
17,366,1.640765e-01,47.00000,35.00000,515
17,367,1.601570e-01,46.00000,35.00000,522
17,368,1.565414e-01,54.00000,30.00000,536
17,369,1.661232e-01,48.00000,36.00000,522
17,370,1.692269e-01,40.00000,36.00000,494
17,371,1.650892e-01,43.00000,35.00000,514
17,372,1.557604e-01,54.00000,30.00000,525
17,373,1.598468e-01,49.00000,30.00000,512
17,374,1.552103e-01,53.00000,30.00000,534
17,375,1.691909e-01,36.00000,36.00000,497
17,376,1.597132e-01,47.00000,35.00000,515
17,377,1.628367e-01,43.00000,35.00000,507
17,378,1.619397e-01,45.00000,35.00000,514
17,379,1.557437e-01,53.00000,30.00000,531
17,380,1.655892e-01,44.00000,36.00000,509
17,381,1.743481e-01,37.00000,36.00000,480
17,382,1.506608e-01,58.00000,30.00000,547
17,383,1.547519e-01,57.00000,30.00000,552
17,384,1.709119e-01,39.00000,36.00000,490
17,385,1.560099e-01,53.00000,30.00000,567
17,386,1.640731e-01,43.00000,35.00000,501
17,387,1.623325e-01,46.00000,35.00000,517
17,388,1.512299e-01,55.00000,30.00000,551
17,389,1.573009e-01,53.00000,30.00000,530
17,390,1.707657e-01,43.00000,36.00000,500
17,391,1.657134e-01,48.00000,35.00000,517
17,392,1.647238e-01,45.00000,35.00000,517
17,393,1.615742e-01,49.00000,35.00000,525
17,394,1.563853e-01,53.00000,30.00000,541
17,395,1.681721e-01,41.00000,35.00000,483
17,396,1.624532e-01,44.00000,35.00000,526
17,397,1.567880e-01,52.00000,30.00000,533
17,398,1.515862e-01,59.00000,30.00000,560
17,399,1.553710e-01,57.00000,30.00000,546
17,400,1.541069e-01,57.00000,30.00000,545
17,401,1.614035e-01,49.00000,35.00000,517
17,402,1.662122e-01,40.00000,35.00000,509
17,403,1.543592e-01,58.00000,30.00000,542
17,404,1.680837e-01,46.00000,35.00000,510
17,405,1.555763e-01,54.00000,30.00000,528
17,406,1.570932e-01,52.00000,30.00000,526
17,407,1.647054e-01,45.00000,35.00000,496
17,408,1.524940e-01,57.00000,30.00000,549
17,409,1.622950e-01,45.00000,35.00000,517
17,410,1.640089e-01,44.00000,35.00000,509
17,411,1.609546e-01,46.00000,35.00000,518
17,412,1.664021e-01,48.00000,35.00000,517
17,413,1.680317e-01,37.00000,35.00000,510
17,414,1.551863e-01,55.00000,30.00000,552
17,415,1.667769e-01,41.00000,35.00000,504
17,416,1.534240e-01,53.00000,30.00000,545
17,417,1.600220e-01,48.00000,35.00000,525
17,418,1.651675e-01,49.00000,35.00000,516
17,419,1.538721e-01,49.00000,30.00000,533
17,420,1.659661e-01,43.00000,35.00000,493
17,421,1.636755e-01,48.00000,35.00000,516
17,422,1.565201e-01,49.00000,30.00000,541
17,423,1.561703e-01,55.00000,30.00000,538
17,424,1.656817e-01,41.00000,35.00000,517
17,425,1.802493e-01,31.00000,36.00000,450
17,426,1.745698e-01,30.00000,36.00000,486
17,427,1.616972e-01,46.00000,35.00000,531
17,428,1.652852e-01,44.00000,35.00000,518
17,429,1.547645e-01,53.00000,30.00000,538
17,430,1.655751e-01,42.00000,35.00000,499
17,431,1.536008e-01,60.00000,30.00000,552
17,432,1.667971e-01,41.00000,35.00000,503
17,433,1.657025e-01,42.00000,35.00000,501
17,434,1.571374e-01,56.00000,30.00000,539
17,435,1.518432e-01,57.00000,30.00000,549
17,436,1.555950e-01,55.00000,30.00000,537
17,437,1.573479e-01,49.00000,30.00000,528
17,438,1.660203e-01,47.00000,35.00000,516
17,439,1.661619e-01,48.00000,35.00000,516
17,440,1.623583e-01,48.00000,35.00000,517
17,441,1.589057e-01,53.00000,30.00000,528
17,442,1.726465e-01,35.00000,36.00000,497
17,443,1.721143e-01,37.00000,36.00000,513
17,444,1.743125e-01,45.00000,36.00000,508
17,445,1.598309e-01,49.00000,35.00000,522
17,446,1.565296e-01,53.00000,30.00000,553
17,447,1.659107e-01,44.00000,35.00000,512
17,448,1.624081e-01,46.00000,35.00000,514
17,449,1.745254e-01,41.00000,36.00000,490
17,450,1.682152e-01,42.00000,35.00000,521
17,451,1.573318e-01,52.00000,30.00000,520
17,452,1.560833e-01,49.00000,30.00000,532
17,453,1.639723e-01,45.00000,35.00000,514
17,454,1.556730e-01,49.00000,30.00000,544
17,455,1.682318e-01,43.00000,36.00000,500
17,456,1.618995e-01,49.00000,35.00000,517
17,457,1.729488e-01,37.00000,36.00000,494
17,458,1.680986e-01,39.00000,36.00000,503
17,459,1.688302e-01,43.00000,35.00000,496
17,460,1.708272e-01,45.00000,36.00000,510
17,461,1.681111e-01,43.00000,35.00000,509
17,462,1.641527e-01,45.00000,35.00000,513
17,463,1.733153e-01,39.00000,36.00000,489
17,464,1.545951e-01,53.00000,30.00000,551
17,465,1.549812e-01,49.00000,30.00000,544
17,466,1.641877e-01,46.00000,35.00000,510
17,467,1.614875e-01,47.00000,35.00000,516
17,468,1.604935e-01,49.00000,30.00000,531
17,469,1.555859e-01,57.00000,30.00000,545
17,470,1.540060e-01,58.00000,30.00000,540
17,471,1.558233e-01,52.00000,30.00000,545
17,472,1.625138e-01,45.00000,35.00000,520
17,473,1.556652e-01,55.00000,30.00000,537
17,474,1.645552e-01,49.00000,35.00000,515
17,475,1.538711e-01,51.00000,30.00000,542
17,476,1.564645e-01,53.00000,30.00000,533
17,477,1.678244e-01,36.00000,35.00000,523
17,478,1.676390e-01,42.00000,36.00000,508
17,479,1.773432e-01,37.00000,36.00000,476
17,480,1.769146e-01,35.00000,36.00000,481
17,481,1.610124e-01,45.00000,35.00000,523
17,482,1.628064e-01,49.00000,35.00000,516
17,483,1.665424e-01,45.00000,35.00000,503
17,484,1.708556e-01,41.00000,36.00000,497
17,485,1.591859e-01,49.00000,30.00000,515
17,486,1.537269e-01,54.00000,30.00000,541
17,487,1.548396e-01,57.00000,30.00000,553
17,488,1.543803e-01,53.00000,30.00000,568
17,489,1.658719e-01,42.00000,35.00000,513
17,490,1.552241e-01,49.00000,30.00000,542
17,491,1.674244e-01,46.00000,35.00000,511
17,492,1.550775e-01,53.00000,30.00000,554
17,493,1.536823e-01,53.00000,30.00000,546
17,494,1.649655e-01,48.00000,35.00000,517
17,495,1.619762e-01,43.00000,35.00000,533
17,496,1.536914e-01,54.00000,30.00000,537
17,497,1.766727e-01,34.00000,36.00000,465
17,498,1.558585e-01,55.00000,30.00000,537
17,499,1.643240e-01,42.00000,35.00000,497
17,500,1.745871e-01,35.00000,36.00000,489
17,501,1.546467e-01,55.00000,30.00000,542
17,502,1.654762e-01,44.00000,35.00000,514
17,503,1.579890e-01,53.00000,30.00000,528
17,504,1.564349e-01,53.00000,30.00000,537
17,505,1.759755e-01,35.00000,36.00000,476
17,506,1.563060e-01,54.00000,30.00000,542
17,507,1.639498e-01,45.00000,35.00000,516
17,508,1.592127e-01,53.00000,30.00000,539
17,509,1.618670e-01,43.00000,35.00000,529
17,510,1.697618e-01,37.00000,35.00000,490
17,511,1.669477e-01,46.00000,36.00000,505
17,512,1.536706e-01,53.00000,30.00000,545
17,513,1.553190e-01,56.00000,30.00000,532
17,514,1.699402e-01,37.00000,36.00000,503
17,515,1.672598e-01,43.00000,35.00000,514
17,516,1.637814e-01,43.00000,35.00000,522
17,517,1.669818e-01,42.00000,35.00000,509
17,518,1.572300e-01,49.00000,30.00000,528
17,519,1.642885e-01,46.00000,35.00000,516
17,520,1.529996e-01,55.00000,30.00000,541
17,521,1.553031e-01,52.00000,30.00000,540
17,522,1.655879e-01,41.00000,35.00000,500
17,523,1.579041e-01,49.00000,30.00000,525
17,524,1.575443e-01,49.00000,30.00000,524
17,525,1.579605e-01,49.00000,30.00000,524
17,526,1.561168e-01,57.00000,30.00000,545
17,527,1.705383e-01,43.00000,36.00000,505
17,528,1.609030e-01,49.00000,35.00000,516
17,529,1.565176e-01,52.00000,30.00000,543
17,530,1.542787e-01,58.00000,30.00000,539
17,531,1.557437e-01,53.00000,30.00000,533
17,532,1.720285e-01,31.00000,36.00000,496
17,533,1.615638e-01,44.00000,35.00000,526
17,534,1.526436e-01,55.00000,30.00000,556
17,535,1.695278e-01,35.00000,36.00000,515
17,536,1.542438e-01,54.00000,30.00000,555
17,537,1.535499e-01,54.00000,30.00000,536
17,538,1.546444e-01,56.00000,30.00000,543
17,539,1.510547e-01,58.00000,30.00000,553
17,540,1.622928e-01,41.00000,35.00000,514
17,541,1.578722e-01,52.00000,30.00000,535
17,542,1.762850e-01,36.00000,36.00000,476
17,543,1.624207e-01,45.00000,35.00000,513
17,544,1.663105e-01,41.00000,35.00000,492
17,545,1.760339e-01,31.00000,36.00000,491
17,546,1.692256e-01,46.00000,36.00000,536
17,547,1.705178e-01,44.00000,36.00000,496
17,548,1.753828e-01,39.00000,40.00000,493
17,549,1.555277e-01,55.00000,30.00000,551
17,550,1.559988e-01,53.00000,30.00000,535
17,551,1.549866e-01,52.00000,30.00000,537
17,552,1.667184e-01,37.00000,35.00000,504
17,553,1.652274e-01,46.00000,35.00000,513
17,554,1.615229e-01,47.00000,35.00000,513
17,555,1.609996e-01,48.00000,35.00000,518
17,556,1.551744e-01,51.00000,30.00000,530
17,557,1.583289e-01,48.00000,35.00000,537
17,558,1.696098e-01,42.00000,36.00000,511
17,559,1.682893e-01,41.00000,36.00000,511
17,560,1.597164e-01,51.00000,30.00000,526
17,561,1.555268e-01,57.00000,30.00000,555
17,562,1.582369e-01,49.00000,30.00000,517
17,563,1.669267e-01,47.00000,35.00000,506
17,564,1.686479e-01,42.00000,35.00000,496
17,565,1.545964e-01,54.00000,30.00000,538
17,566,1.747464e-01,37.00000,36.00000,513
17,567,1.558889e-01,55.00000,30.00000,542
17,568,1.693352e-01,38.00000,35.00000,503
17,569,1.606104e-01,49.00000,30.00000,512
17,570,1.724042e-01,38.00000,36.00000,491
17,571,1.751211e-01,42.00000,36.00000,489
17,572,1.741063e-01,34.00000,40.00000,488
17,573,1.578419e-01,52.00000,30.00000,519
17,574,1.546907e-01,58.00000,30.00000,557
17,575,1.666233e-01,39.00000,35.00000,532
17,576,1.568610e-01,52.00000,30.00000,541
17,577,1.588856e-01,53.00000,30.00000,532
17,578,1.559921e-01,49.00000,30.00000,532
17,579,1.568238e-01,49.00000,30.00000,555
17,580,1.697297e-01,45.00000,35.00000,510
17,581,1.626391e-01,49.00000,35.00000,522
17,582,1.580025e-01,49.00000,30.00000,532
17,583,1.789766e-01,35.00000,36.00000,466
17,584,1.743276e-01,41.00000,36.00000,506
17,585,1.660597e-01,40.00000,35.00000,517
17,586,1.625008e-01,48.00000,35.00000,518
17,587,1.637987e-01,46.00000,35.00000,520
17,588,1.570577e-01,53.00000,30.00000,533
17,589,1.558792e-01,52.00000,30.00000,531
17,590,1.559177e-01,53.00000,30.00000,538
17,591,1.630510e-01,47.00000,35.00000,518
17,592,1.615772e-01,48.00000,35.00000,529
17,593,1.584022e-01,49.00000,30.00000,529
17,594,1.619878e-01,46.00000,35.00000,527
17,595,1.565523e-01,49.00000,30.00000,537
17,596,1.698171e-01,43.00000,36.00000,500
17,597,1.532915e-01,49.00000,30.00000,540
17,598,1.719358e-01,43.00000,36.00000,500
17,599,1.884589e-01,25.00000,36.00000,420
17,600,1.627532e-01,40.00000,35.00000,524
17,601,1.597395e-01,49.00000,35.00000,526
17,602,1.738060e-01,35.00000,36.00000,487
17,603,1.545588e-01,56.00000,30.00000,547
17,604,1.660880e-01,43.00000,36.00000,503
17,605,1.577247e-01,49.00000,30.00000,523
17,606,1.632377e-01,44.00000,35.00000,522
17,607,1.580461e-01,53.00000,30.00000,534
17,608,1.728493e-01,38.00000,40.00000,483
17,609,1.662352e-01,44.00000,35.00000,515
17,610,1.588636e-01,56.00000,30.00000,538
17,611,1.615167e-01,44.00000,35.00000,521
17,612,1.665852e-01,39.00000,35.00000,518
17,613,1.752318e-01,30.00000,36.00000,475
17,614,1.542249e-01,52.00000,30.00000,537
17,615,1.711777e-01,41.00000,36.00000,518
17,616,1.734093e-01,37.00000,36.00000,492
17,617,1.635277e-01,45.00000,35.00000,525
17,618,1.719852e-01,36.00000,40.00000,499
17,619,1.559180e-01,53.00000,30.00000,531
17,620,1.697275e-01,42.00000,36.00000,489
17,621,1.623074e-01,42.00000,35.00000,516
17,622,1.646123e-01,42.00000,35.00000,522
17,623,1.677673e-01,42.00000,35.00000,503
17,624,1.529603e-01,57.00000,30.00000,545
17,625,1.734457e-01,34.00000,36.00000,500
17,626,1.552056e-01,52.00000,30.00000,541
17,627,1.547541e-01,54.00000,30.00000,563
17,628,1.674606e-01,41.00000,35.00000,502
17,629,1.658474e-01,43.00000,35.00000,494
17,630,1.546798e-01,55.00000,30.00000,542
17,631,1.549585e-01,54.00000,30.00000,530
17,632,1.672088e-01,40.00000,35.00000,499
17,633,1.638417e-01,46.00000,35.00000,519
17,634,1.695972e-01,45.00000,35.00000,495
17,635,1.558213e-01,54.00000,30.00000,542
17,636,1.759629e-01,35.00000,40.00000,492
17,637,1.638588e-01,50.00000,35.00000,529
17,638,1.624522e-01,45.00000,35.00000,513
17,639,1.543912e-01,53.00000,30.00000,548
17,640,1.579190e-01,49.00000,30.00000,540
17,641,1.570341e-01,54.00000,30.00000,528
17,642,1.767400e-01,40.00000,36.00000,488
17,643,1.629155e-01,48.00000,35.00000,516
17,644,1.673859e-01,39.00000,35.00000,505
17,645,1.645380e-01,48.00000,35.00000,516
17,646,1.592822e-01,52.00000,30.00000,518
17,647,1.646053e-01,44.00000,35.00000,517
17,648,1.530407e-01,61.00000,30.00000,564
17,649,1.572738e-01,54.00000,30.00000,537
17,650,1.658894e-01,46.00000,35.00000,511
17,651,1.579855e-01,49.00000,30.00000,540
17,652,1.564463e-01,53.00000,30.00000,529
17,653,1.511887e-01,55.00000,30.00000,552
17,654,1.633616e-01,45.00000,35.00000,512
17,655,1.714714e-01,37.00000,36.00000,500
17,656,1.542907e-01,57.00000,30.00000,545
17,657,1.683945e-01,36.00000,35.00000,514
17,658,1.633364e-01,48.00000,35.00000,520
17,659,1.757297e-01,42.00000,36.00000,488
17,660,1.656323e-01,48.00000,35.00000,516
17,661,1.621259e-01,43.00000,35.00000,528
17,662,1.628976e-01,40.00000,35.00000,528
17,663,1.797056e-01,30.00000,36.00000,474
17,664,1.722569e-01,37.00000,36.00000,506
17,665,1.534411e-01,55.00000,30.00000,572
17,666,1.637500e-01,44.00000,35.00000,514
17,667,1.567778e-01,55.00000,30.00000,539
17,668,1.530584e-01,56.00000,30.00000,540
17,669,1.523103e-01,60.00000,30.00000,551
17,670,1.637600e-01,40.00000,36.00000,548
17,671,1.627868e-01,53.00000,30.00000,544
17,672,1.665224e-01,40.00000,40.00000,506
17,673,1.578867e-01,54.00000,30.00000,538
17,674,1.642756e-01,44.00000,35.00000,504
17,675,1.562265e-01,54.00000,30.00000,554
17,676,1.621656e-01,46.00000,35.00000,511
17,677,1.562102e-01,53.00000,30.00000,537
17,678,1.578990e-01,50.00000,30.00000,556
17,679,1.604385e-01,49.00000,30.00000,517
17,680,1.797972e-01,35.00000,36.00000,466
17,681,1.560719e-01,49.00000,30.00000,536
17,682,1.593670e-01,53.00000,30.00000,537
17,683,1.624783e-01,47.00000,35.00000,517
17,684,1.569216e-01,60.00000,30.00000,555
17,685,1.619518e-01,47.00000,35.00000,528
17,686,1.560993e-01,49.00000,30.00000,554
17,687,1.561095e-01,53.00000,30.00000,544
17,688,1.739401e-01,49.00000,36.00000,525
17,689,1.664323e-01,47.00000,35.00000,511
17,690,1.830349e-01,25.00000,36.00000,442
17,691,1.703644e-01,43.00000,36.00000,499
17,692,1.587882e-01,55.00000,30.00000,537
17,693,1.739886e-01,35.00000,36.00000,485
17,694,1.622719e-01,50.00000,35.00000,529
17,695,1.669337e-01,42.00000,35.00000,500
17,696,1.713434e-01,42.00000,36.00000,512
17,697,1.598123e-01,49.00000,30.00000,526
17,698,1.797731e-01,31.00000,36.00000,475
17,699,1.560400e-01,54.00000,30.00000,538
17,700,1.601807e-01,49.00000,30.00000,521
17,701,1.576376e-01,49.00000,30.00000,533
17,702,1.629209e-01,48.00000,35.00000,516
17,703,1.699274e-01,39.00000,35.00000,504
17,704,1.577415e-01,53.00000,30.00000,535
17,705,1.707714e-01,37.00000,40.00000,499
17,706,1.584722e-01,52.00000,30.00000,526
17,707,1.651451e-01,44.00000,35.00000,512
17,708,1.529897e-01,57.00000,30.00000,552
17,709,1.607557e-01,51.00000,35.00000,533
17,710,1.575152e-01,51.00000,30.00000,538
17,711,1.709646e-01,36.00000,35.00000,493
17,712,1.709861e-01,40.00000,36.00000,487
17,713,1.572354e-01,53.00000,30.00000,536
17,714,1.564700e-01,55.00000,30.00000,542
17,715,1.609921e-01,47.00000,35.00000,514
17,716,1.829653e-01,30.00000,36.00000,454
17,717,1.661578e-01,46.00000,35.00000,511
17,718,1.757950e-01,40.00000,36.00000,491
17,719,1.579831e-01,55.00000,30.00000,537
17,720,1.612747e-01,50.00000,35.00000,529
17,721,1.630379e-01,47.00000,35.00000,507
17,722,1.570752e-01,53.00000,30.00000,545
17,723,1.704762e-01,43.00000,36.00000,504
17,724,1.561191e-01,53.00000,30.00000,537
17,725,1.619241e-01,48.00000,35.00000,517
17,726,1.671558e-01,43.00000,36.00000,503
17,727,1.683093e-01,41.00000,35.00000,494
17,728,1.654203e-01,43.00000,35.00000,519
17,729,1.566343e-01,49.00000,30.00000,543
17,730,1.756686e-01,35.00000,36.00000,488
17,731,1.697536e-01,43.00000,35.00000,496
17,732,1.727685e-01,41.00000,36.00000,498
17,733,1.555575e-01,57.00000,30.00000,545
17,734,1.706732e-01,46.00000,36.00000,512
17,735,1.647031e-01,49.00000,35.00000,522
17,736,1.651953e-01,47.00000,35.00000,507
17,737,1.741014e-01,43.00000,36.00000,503
17,738,1.651129e-01,45.00000,35.00000,516
17,739,1.816834e-01,36.00000,36.00000,460
17,740,1.547979e-01,58.00000,30.00000,555
17,741,1.634011e-01,47.00000,35.00000,516
17,742,1.604660e-01,53.00000,30.00000,534
17,743,1.607705e-01,54.00000,30.00000,525
17,744,1.561386e-01,52.00000,30.00000,529
17,745,1.717248e-01,40.00000,36.00000,492
17,746,1.688165e-01,43.00000,40.00000,510
17,747,1.688901e-01,45.00000,35.00000,495
17,748,1.755440e-01,36.00000,36.00000,476
17,749,1.624427e-01,47.00000,35.00000,518
17,750,1.703649e-01,46.00000,36.00000,506
17,751,1.566284e-01,55.00000,30.00000,546
17,752,1.768735e-01,35.00000,36.00000,472
17,753,1.666605e-01,46.00000,35.00000,516
17,754,1.689470e-01,43.00000,36.00000,500
17,755,1.744151e-01,37.00000,36.00000,475
17,756,1.708648e-01,39.00000,36.00000,487
17,757,1.566368e-01,54.00000,30.00000,535
17,758,1.569847e-01,52.00000,30.00000,543
17,759,1.704772e-01,39.00000,40.00000,507
17,760,1.611968e-01,49.00000,30.00000,547
17,761,1.651683e-01,50.00000,35.00000,528
17,762,1.654047e-01,47.00000,35.00000,517
17,763,1.634632e-01,43.00000,35.00000,534
17,764,1.555239e-01,54.00000,30.00000,550
17,765,1.659169e-01,47.00000,35.00000,506
17,766,1.654147e-01,42.00000,35.00000,510
17,767,1.600588e-01,52.00000,30.00000,523
17,768,1.821254e-01,30.00000,36.00000,450
17,769,1.586478e-01,54.00000,30.00000,539
17,770,1.508979e-01,59.00000,30.00000,554
17,771,1.592701e-01,49.00000,30.00000,512
17,772,1.642316e-01,48.00000,35.00000,533
17,773,1.567969e-01,53.00000,30.00000,537
17,774,1.548544e-01,53.00000,30.00000,529
17,775,1.557803e-01,53.00000,30.00000,529
17,776,1.737178e-01,37.00000,36.00000,480
17,777,1.696098e-01,44.00000,36.00000,514
17,778,1.717940e-01,38.00000,40.00000,494
17,779,1.568410e-01,52.00000,30.00000,545
17,780,1.556115e-01,55.00000,30.00000,536
17,781,1.661107e-01,44.00000,35.00000,505
17,782,1.648524e-01,49.00000,35.00000,532
17,783,1.569952e-01,53.00000,30.00000,533
17,784,1.719478e-01,35.00000,36.00000,499
17,785,1.547203e-01,56.00000,30.00000,535
17,786,1.530747e-01,57.00000,30.00000,553
17,787,1.575014e-01,53.00000,30.00000,528
17,788,1.651965e-01,47.00000,35.00000,507
17,789,1.704914e-01,39.00000,36.00000,502
17,790,1.637279e-01,49.00000,35.00000,516
17,791,1.647606e-01,45.00000,35.00000,501
17,792,1.614882e-01,44.00000,35.00000,515
17,793,1.738582e-01,37.00000,35.00000,479
17,794,1.629630e-01,50.00000,35.00000,528
17,795,1.580042e-01,53.00000,30.00000,527
17,796,1.578017e-01,49.00000,30.00000,522
17,797,1.735974e-01,35.00000,36.00000,490
17,798,1.697699e-01,38.00000,35.00000,494
17,799,1.587856e-01,49.00000,30.00000,540
17,800,1.624790e-01,49.00000,35.00000,522
17,801,1.616735e-01,48.00000,35.00000,516
17,802,1.738982e-01,47.00000,36.00000,516
17,803,1.713617e-01,36.00000,36.00000,503
17,804,1.639543e-01,49.00000,35.00000,520
17,805,1.634329e-01,46.00000,35.00000,516
17,806,1.719722e-01,35.00000,36.00000,488
17,807,1.570691e-01,54.00000,30.00000,540
17,808,1.740929e-01,40.00000,36.00000,482
17,809,1.577116e-01,56.00000,30.00000,532
17,810,1.634172e-01,47.00000,35.00000,513
17,811,1.740130e-01,31.00000,36.00000,504
17,812,1.551772e-01,53.00000,30.00000,538
17,813,1.566239e-01,53.00000,30.00000,530
17,814,1.541383e-01,56.00000,30.00000,532
17,815,1.587455e-01,49.00000,30.00000,517
17,816,1.656129e-01,39.00000,35.00000,510
17,817,1.648677e-01,46.00000,35.00000,509
17,818,1.667698e-01,44.00000,35.00000,501
17,819,1.674688e-01,38.00000,35.00000,518
17,820,1.659645e-01,39.00000,35.00000,513
17,821,1.549550e-01,55.00000,30.00000,535
17,822,1.577694e-01,49.00000,30.00000,524
17,823,1.651710e-01,49.00000,35.00000,514
17,824,1.652342e-01,41.00000,36.00000,523
17,825,1.640384e-01,53.00000,30.00000,526
17,826,1.544968e-01,53.00000,30.00000,552
17,827,1.566793e-01,57.00000,30.00000,544
17,828,1.541447e-01,60.00000,30.00000,550
17,829,1.630780e-01,49.00000,35.00000,514
17,830,1.635846e-01,48.00000,35.00000,514
17,831,1.548063e-01,57.00000,30.00000,543
17,832,1.638954e-01,48.00000,35.00000,515
17,833,1.588069e-01,51.00000,30.00000,525
18,0,1.533478e-01,51.00000,30.00000,578
18,1,1.606826e-01,52.00000,30.00000,513
18,2,1.615381e-01,41.00000,40.00000,520
18,3,1.602678e-01,55.00000,30.00000,541
18,4,1.666521e-01,53.00000,30.00000,529
18,5,1.577705e-01,51.00000,30.00000,522
18,6,1.662984e-01,57.00000,30.00000,541
18,7,1.667072e-01,40.00000,36.00000,534
18,8,1.604028e-01,45.00000,36.00000,523
18,9,1.692243e-01,45.00000,35.00000,535
18,10,1.648196e-01,56.00000,30.00000,528
18,11,1.651822e-01,35.00000,36.00000,534
18,12,1.656834e-01,54.00000,30.00000,528
18,13,1.830738e-01,31.00000,36.00000,451
18,14,1.659553e-01,45.00000,35.00000,509
18,15,1.638304e-01,42.00000,35.00000,520
18,16,1.687315e-01,37.00000,36.00000,503
18,17,1.640706e-01,42.00000,35.00000,521
18,18,1.654708e-01,46.00000,35.00000,516
18,19,1.760261e-01,30.00000,36.00000,503
18,20,1.651105e-01,52.00000,35.00000,533
18,21,1.687261e-01,37.00000,35.00000,510
18,22,1.655710e-01,40.00000,35.00000,532
18,23,1.589588e-01,49.00000,30.00000,537
18,24,1.766611e-01,38.00000,36.00000,502
18,25,1.581961e-01,55.00000,30.00000,533
18,26,1.544766e-01,52.00000,30.00000,564
18,27,1.613759e-01,48.00000,35.00000,520
18,28,1.582597e-01,54.00000,30.00000,528
18,29,1.570396e-01,52.00000,30.00000,515
18,30,1.563225e-01,49.00000,30.00000,537
18,31,1.653243e-01,44.00000,35.00000,524
18,32,1.673638e-01,43.00000,35.00000,501
18,33,1.587669e-01,50.00000,35.00000,533
18,34,1.523070e-01,54.00000,30.00000,550
18,35,1.563088e-01,49.00000,30.00000,542
18,36,1.689889e-01,42.00000,35.00000,495
18,37,1.580341e-01,49.00000,30.00000,540
18,38,1.588004e-01,49.00000,30.00000,543
18,39,1.640168e-01,49.00000,35.00000,519
18,40,1.557605e-01,53.00000,30.00000,546
18,41,1.670868e-01,46.00000,36.00000,504
18,42,1.790877e-01,30.00000,36.00000,470
18,43,1.666660e-01,44.00000,35.00000,514
18,44,1.541360e-01,54.00000,30.00000,550
18,45,1.636773e-01,45.00000,35.00000,532
18,46,1.677163e-01,43.00000,35.00000,494
18,47,1.727686e-01,36.00000,36.00000,482
18,48,1.632356e-01,46.00000,35.00000,527
18,49,1.693563e-01,39.00000,35.00000,514
18,50,1.678929e-01,41.00000,35.00000,496
18,51,1.553288e-01,55.00000,30.00000,536
18,52,1.635499e-01,45.00000,35.00000,518
18,53,1.588109e-01,49.00000,30.00000,541
18,54,1.639865e-01,42.00000,35.00000,519
18,55,1.588934e-01,55.00000,30.00000,540
18,56,1.696661e-01,50.00000,35.00000,532
18,57,1.655897e-01,41.00000,36.00000,524
18,58,1.725448e-01,42.00000,36.00000,500
18,59,1.833382e-01,31.00000,36.00000,460
18,60,1.632593e-01,42.00000,35.00000,514
18,61,1.547003e-01,54.00000,30.00000,544
18,62,1.665152e-01,45.00000,35.00000,513
18,63,1.639485e-01,46.00000,35.00000,521
18,64,1.577256e-01,52.00000,30.00000,531
18,65,1.566711e-01,56.00000,30.00000,532
18,66,1.725747e-01,37.00000,36.00000,493
18,67,1.638557e-01,45.00000,35.00000,508
18,68,1.649445e-01,45.00000,35.00000,507
18,69,1.655757e-01,45.00000,35.00000,519
18,70,1.587993e-01,53.00000,30.00000,533
18,71,1.568507e-01,51.00000,30.00000,532
18,72,1.538823e-01,56.00000,30.00000,548
18,73,1.708897e-01,46.00000,36.00000,503
18,74,1.604113e-01,47.00000,35.00000,516
18,75,1.665546e-01,45.00000,35.00000,493
18,76,1.590258e-01,53.00000,35.00000,528
18,77,1.747556e-01,39.00000,40.00000,490
18,78,1.592295e-01,49.00000,30.00000,519
18,79,1.568833e-01,53.00000,30.00000,544
18,80,1.661317e-01,47.00000,35.00000,509
18,81,1.671867e-01,47.00000,35.00000,509
18,82,1.675842e-01,38.00000,35.00000,519
18,83,1.688361e-01,45.00000,36.00000,507
18,84,1.580059e-01,54.00000,30.00000,526
18,85,1.659355e-01,40.00000,35.00000,508
18,86,1.559957e-01,55.00000,30.00000,542
18,87,1.544031e-01,56.00000,30.00000,534
18,88,1.681498e-01,40.00000,35.00000,518
18,89,1.737725e-01,31.00000,36.00000,494
18,90,1.620244e-01,49.00000,30.00000,520
18,91,1.637775e-01,49.00000,35.00000,517
18,92,1.530609e-01,54.00000,30.00000,551
18,93,1.561309e-01,53.00000,30.00000,527
18,94,1.713801e-01,45.00000,36.00000,510
18,95,1.703901e-01,36.00000,36.00000,504
18,96,1.806718e-01,35.00000,36.00000,467
18,97,1.641722e-01,47.00000,35.00000,510
18,98,1.676290e-01,48.00000,35.00000,520
18,99,1.640209e-01,46.00000,35.00000,523
18,100,1.572204e-01,49.00000,30.00000,535
18,101,1.786359e-01,34.00000,36.00000,485
18,102,1.706168e-01,40.00000,35.00000,495
18,103,1.571676e-01,59.00000,30.00000,551
18,104,1.647297e-01,46.00000,35.00000,517
18,105,1.733045e-01,40.00000,36.00000,478
18,106,1.564156e-01,53.00000,30.00000,539
18,107,1.553152e-01,53.00000,30.00000,559
18,108,1.634854e-01,48.00000,35.00000,515
18,109,1.720019e-01,36.00000,36.00000,513
18,110,1.674278e-01,46.00000,35.00000,509
18,111,1.735835e-01,36.00000,40.00000,499
18,112,1.573689e-01,52.00000,30.00000,568
18,113,1.671715e-01,42.00000,35.00000,502
18,114,1.586105e-01,49.00000,30.00000,545
18,115,1.657105e-01,48.00000,35.00000,515
18,116,1.778978e-01,35.00000,36.00000,474
18,117,1.717056e-01,43.00000,35.00000,495
18,118,1.704322e-01,40.00000,40.00000,492
18,119,1.663470e-01,40.00000,35.00000,516
18,120,1.814812e-01,30.00000,36.00000,475
18,121,1.556076e-01,57.00000,30.00000,555
18,122,1.582085e-01,51.00000,30.00000,542
18,123,1.564266e-01,58.00000,30.00000,550
18,124,1.756481e-01,39.00000,36.00000,486
18,125,1.545119e-01,60.00000,30.00000,551
18,126,1.674212e-01,43.00000,35.00000,489
18,127,1.561328e-01,54.00000,30.00000,533
18,128,1.551573e-01,58.00000,30.00000,543
18,129,1.538179e-01,59.00000,30.00000,558
18,130,1.560643e-01,55.00000,30.00000,541
18,131,1.716084e-01,40.00000,36.00000,486
18,132,1.638392e-01,48.00000,35.00000,528
18,133,1.704523e-01,40.00000,35.00000,499
18,134,1.647502e-01,44.00000,35.00000,510
18,135,1.648114e-01,47.00000,35.00000,520
18,136,1.639449e-01,47.00000,35.00000,529
18,137,1.570977e-01,57.00000,30.00000,546
18,138,1.660811e-01,40.00000,35.00000,519
18,139,1.566712e-01,55.00000,30.00000,551
18,140,1.681438e-01,41.00000,35.00000,515
18,141,1.633748e-01,47.00000,35.00000,518
18,142,1.574539e-01,54.00000,30.00000,532
18,143,1.770149e-01,31.00000,36.00000,519
18,144,1.693521e-01,41.00000,36.00000,497
18,145,1.660371e-01,45.00000,35.00000,514
18,146,1.658781e-01,46.00000,35.00000,516
18,147,1.562997e-01,53.00000,30.00000,527
18,148,1.557448e-01,54.00000,30.00000,533
18,149,1.574733e-01,49.00000,30.00000,544
18,150,1.725809e-01,39.00000,36.00000,490
18,151,1.655988e-01,43.00000,35.00000,514
18,152,1.704220e-01,42.00000,36.00000,498
18,153,1.567726e-01,57.00000,30.00000,544
18,154,1.667725e-01,49.00000,35.00000,517
18,155,1.612931e-01,42.00000,35.00000,535
18,156,1.723957e-01,35.00000,40.00000,493
18,157,1.549732e-01,57.00000,30.00000,551
18,158,1.557979e-01,53.00000,30.00000,539
18,159,1.557033e-01,58.00000,30.00000,549
18,160,1.550266e-01,56.00000,30.00000,540
18,161,1.548974e-01,60.00000,30.00000,557
18,162,1.544615e-01,51.00000,30.00000,547
18,163,1.561876e-01,53.00000,30.00000,529
18,164,1.568898e-01,57.00000,30.00000,544
18,165,1.670027e-01,42.00000,35.00000,500
18,166,1.664854e-01,44.00000,35.00000,514
18,167,1.565579e-01,53.00000,30.00000,528
18,168,1.691362e-01,42.00000,35.00000,501
18,169,1.747390e-01,42.00000,36.00000,488
18,170,1.646139e-01,45.00000,35.00000,512
18,171,1.698145e-01,38.00000,35.00000,500
18,172,1.595408e-01,49.00000,30.00000,521
18,173,1.720715e-01,43.00000,36.00000,505
18,174,1.704692e-01,38.00000,36.00000,502
18,175,1.654140e-01,50.00000,35.00000,534
18,176,1.640844e-01,48.00000,35.00000,523
18,177,1.751055e-01,35.00000,36.00000,490
18,178,1.638869e-01,50.00000,35.00000,528
18,179,1.559418e-01,53.00000,30.00000,532
18,180,1.533941e-01,56.00000,30.00000,556
18,181,1.675778e-01,41.00000,35.00000,488
18,182,1.666030e-01,43.00000,35.00000,513
18,183,1.604588e-01,49.00000,35.00000,543
18,184,1.679270e-01,36.00000,35.00000,525
18,185,1.672529e-01,43.00000,36.00000,514
18,186,1.728335e-01,37.00000,36.00000,479
18,187,1.747451e-01,41.00000,36.00000,498
18,188,1.665789e-01,42.00000,35.00000,510
18,189,1.637723e-01,46.00000,35.00000,518
18,190,1.669206e-01,43.00000,35.00000,492
18,191,1.552965e-01,57.00000,30.00000,545
18,192,1.563097e-01,53.00000,30.00000,528
18,193,1.710076e-01,40.00000,36.00000,500
18,194,1.556663e-01,52.00000,30.00000,545
18,195,1.685739e-01,39.00000,40.00000,507
18,196,1.714061e-01,40.00000,36.00000,490
18,197,1.723499e-01,40.00000,35.00000,484
18,198,1.738647e-01,41.00000,36.00000,490
18,199,1.587874e-01,42.00000,35.00000,525
18,200,1.663196e-01,52.00000,30.00000,517
18,201,1.595783e-01,49.00000,30.00000,527
18,202,1.689175e-01,37.00000,36.00000,513
18,203,1.581815e-01,53.00000,30.00000,550
18,204,1.663524e-01,42.00000,35.00000,512
18,205,1.639326e-01,44.00000,35.00000,524
18,206,1.593684e-01,49.00000,30.00000,528
18,207,1.518957e-01,57.00000,30.00000,549
18,208,1.550364e-01,57.00000,30.00000,545
18,209,1.675939e-01,43.00000,35.00000,490
18,210,1.659301e-01,40.00000,35.00000,508
18,211,1.611896e-01,49.00000,35.00000,518
18,212,1.571300e-01,54.00000,30.00000,525
18,213,1.563383e-01,53.00000,30.00000,537
18,214,1.585621e-01,51.00000,30.00000,519
18,215,1.808885e-01,30.00000,36.00000,472
18,216,1.574679e-01,57.00000,30.00000,544
18,217,1.544582e-01,59.00000,30.00000,560
18,218,1.625533e-01,49.00000,35.00000,517
18,219,1.638990e-01,43.00000,35.00000,525
18,220,1.723318e-01,43.00000,35.00000,490
18,221,1.638948e-01,45.00000,35.00000,518
18,222,1.765589e-01,36.00000,36.00000,480
18,223,1.653835e-01,46.00000,35.00000,510
18,224,1.558650e-01,54.00000,30.00000,550
18,225,1.758636e-01,37.00000,36.00000,480
18,226,1.640036e-01,48.00000,35.00000,516
18,227,1.649455e-01,49.00000,35.00000,519
18,228,1.651231e-01,38.00000,35.00000,519
18,229,1.704521e-01,35.00000,36.00000,556
18,230,1.609860e-01,53.00000,30.00000,530
18,231,1.593969e-01,49.00000,30.00000,522
18,232,1.682842e-01,44.00000,35.00000,502
18,233,1.689714e-01,51.00000,35.00000,524
18,234,1.750025e-01,31.00000,36.00000,504
18,235,1.749971e-01,35.00000,36.00000,480
18,236,1.609143e-01,49.00000,30.00000,515
18,237,1.622788e-01,48.00000,35.00000,525
18,238,1.611907e-01,48.00000,35.00000,522
18,239,1.620462e-01,46.00000,35.00000,519
18,240,1.588994e-01,49.00000,30.00000,536
18,241,1.551676e-01,55.00000,30.00000,538
18,242,1.752403e-01,30.00000,36.00000,488
18,243,1.546473e-01,59.00000,30.00000,553
18,244,1.559785e-01,51.00000,30.00000,541
18,245,1.705348e-01,44.00000,35.00000,502
18,246,1.683851e-01,40.00000,40.00000,507
18,247,1.700222e-01,38.00000,35.00000,494
18,248,1.556065e-01,57.00000,30.00000,544
18,249,1.723032e-01,41.00000,36.00000,489
18,250,1.538223e-01,56.00000,30.00000,531
18,251,1.556255e-01,54.00000,30.00000,534
18,252,1.648579e-01,46.00000,35.00000,513
18,253,1.665244e-01,40.00000,35.00000,503
18,254,1.580718e-01,49.00000,30.00000,516
18,255,1.770894e-01,36.00000,36.00000,461
18,256,1.731250e-01,42.00000,36.00000,488
18,257,1.651093e-01,45.00000,35.00000,516
18,258,1.583730e-01,57.00000,30.00000,548
18,259,1.572822e-01,55.00000,30.00000,541
18,260,1.568134e-01,53.00000,30.00000,535
18,261,1.819590e-01,31.00000,36.00000,466
18,262,1.761573e-01,40.00000,36.00000,486
18,263,1.544449e-01,57.00000,30.00000,551
18,264,1.599070e-01,49.00000,30.00000,528
18,265,1.593853e-01,49.00000,30.00000,527
18,266,1.653448e-01,42.00000,35.00000,514
18,267,1.668997e-01,46.00000,35.00000,516
18,268,1.710216e-01,41.00000,35.00000,485
18,269,1.655207e-01,43.00000,35.00000,503
18,270,1.555211e-01,53.00000,30.00000,554
18,271,1.690419e-01,37.00000,36.00000,516
18,272,1.796964e-01,35.00000,36.00000,473
18,273,1.723447e-01,36.00000,40.00000,484
18,274,1.678962e-01,41.00000,35.00000,514
18,275,1.676477e-01,42.00000,35.00000,517
18,276,1.550345e-01,58.00000,30.00000,571
18,277,1.568847e-01,54.00000,30.00000,549
18,278,1.724670e-01,35.00000,36.00000,500
18,279,1.600862e-01,49.00000,30.00000,523
18,280,1.653976e-01,50.00000,35.00000,528
18,281,1.669479e-01,44.00000,35.00000,511
18,282,1.587841e-01,49.00000,30.00000,535
18,283,1.619458e-01,49.00000,35.00000,517
18,284,1.637819e-01,49.00000,35.00000,518
18,285,1.561345e-01,57.00000,30.00000,550
18,286,1.604539e-01,48.00000,35.00000,517
18,287,1.658789e-01,52.00000,35.00000,537
18,288,1.801462e-01,25.00000,36.00000,466
18,289,1.689374e-01,46.00000,36.00000,505
18,290,1.543919e-01,58.00000,30.00000,539
18,291,1.853427e-01,40.00000,36.00000,479
18,292,1.567800e-01,49.00000,30.00000,555
18,293,1.666522e-01,47.00000,35.00000,506
18,294,1.598883e-01,49.00000,30.00000,533
18,295,1.739790e-01,38.00000,36.00000,507
18,296,1.761405e-01,31.00000,36.00000,497
18,297,1.587653e-01,49.00000,30.00000,520
18,298,1.769309e-01,36.00000,36.00000,481
18,299,1.676805e-01,42.00000,35.00000,503
18,300,1.732012e-01,39.00000,40.00000,496
18,301,1.668975e-01,45.00000,35.00000,503
18,302,1.544355e-01,53.00000,30.00000,552
18,303,1.751553e-01,36.00000,36.00000,499
18,304,1.723230e-01,38.00000,35.00000,494
18,305,1.620702e-01,47.00000,35.00000,520
18,306,1.573314e-01,54.00000,30.00000,531
18,307,1.648792e-01,46.00000,35.00000,510
18,308,1.624081e-01,46.00000,35.00000,521
18,309,1.621199e-01,49.00000,30.00000,514
18,310,1.636891e-01,45.00000,35.00000,522
18,311,1.745664e-01,41.00000,36.00000,491
18,312,1.565271e-01,54.00000,30.00000,527
18,313,1.553221e-01,55.00000,30.00000,554
18,314,1.596538e-01,54.00000,30.00000,528
18,315,1.731106e-01,41.00000,36.00000,510
18,316,1.636659e-01,48.00000,35.00000,516
18,317,1.573213e-01,54.00000,30.00000,528
18,318,1.791622e-01,37.00000,36.00000,474
18,319,1.709800e-01,43.00000,36.00000,500
18,320,1.782593e-01,36.00000,36.00000,473
18,321,1.801232e-01,26.00000,36.00000,479
18,322,1.630802e-01,45.00000,35.00000,515
18,323,1.594536e-01,55.00000,30.00000,544
18,324,1.617804e-01,45.00000,35.00000,538
18,325,1.610275e-01,54.00000,30.00000,525
18,326,1.656450e-01,47.00000,35.00000,510
18,327,1.620767e-01,49.00000,30.00000,539
18,328,1.671089e-01,40.00000,36.00000,517
18,329,1.735624e-01,41.00000,36.00000,490
18,330,1.711701e-01,37.00000,36.00000,506
18,331,1.608417e-01,52.00000,30.00000,524
18,332,1.735457e-01,44.00000,36.00000,495
18,333,1.676615e-01,40.00000,35.00000,503
18,334,1.645895e-01,48.00000,35.00000,517
18,335,1.638288e-01,47.00000,35.00000,523
18,336,1.748001e-01,38.00000,40.00000,483
18,337,1.622757e-01,50.00000,35.00000,528
18,338,1.661805e-01,41.00000,35.00000,522
18,339,1.769648e-01,35.00000,36.00000,496
18,340,1.636795e-01,45.00000,35.00000,525
18,341,1.717065e-01,38.00000,40.00000,529
18,342,1.635034e-01,47.00000,35.00000,524
18,343,1.659874e-01,53.00000,30.00000,531
18,344,1.602886e-01,45.00000,35.00000,536
18,345,1.538475e-01,58.00000,30.00000,548
18,346,1.636538e-01,46.00000,35.00000,531
18,347,1.723665e-01,35.00000,36.00000,505
18,348,1.764448e-01,37.00000,36.00000,479
18,349,1.548538e-01,59.00000,30.00000,558
18,350,1.599280e-01,53.00000,30.00000,529
18,351,1.579243e-01,54.00000,30.00000,540
18,352,1.664143e-01,48.00000,35.00000,521
18,353,1.619195e-01,46.00000,35.00000,520
18,354,1.643891e-01,45.00000,35.00000,511
18,355,1.553929e-01,54.00000,30.00000,538
18,356,1.589829e-01,49.00000,30.00000,553
18,357,1.829521e-01,25.00000,36.00000,487
18,358,1.774368e-01,35.00000,36.00000,466
18,359,1.598281e-01,49.00000,30.00000,521
18,360,1.593869e-01,51.00000,30.00000,519
18,361,1.595919e-01,49.00000,30.00000,523
18,362,1.722395e-01,41.00000,36.00000,514
18,363,1.632392e-01,49.00000,35.00000,518
18,364,1.728693e-01,40.00000,36.00000,479
18,365,1.690988e-01,41.00000,35.00000,500
18,366,1.559478e-01,55.00000,30.00000,541
18,367,1.612291e-01,49.00000,30.00000,533
18,368,1.548983e-01,56.00000,30.00000,533
18,369,1.567245e-01,52.00000,30.00000,545
18,370,1.803416e-01,31.00000,36.00000,486
18,371,1.563126e-01,53.00000,30.00000,538
18,372,1.571579e-01,52.00000,30.00000,537
18,373,1.723262e-01,42.00000,36.00000,489
18,374,1.803351e-01,30.00000,36.00000,471
18,375,1.780881e-01,30.00000,36.00000,475
18,376,1.614055e-01,50.00000,30.00000,520
18,377,1.563912e-01,54.00000,30.00000,543
18,378,1.583942e-01,49.00000,30.00000,530
18,379,1.606474e-01,49.00000,30.00000,524
18,380,1.765180e-01,35.00000,40.00000,483
18,381,1.693718e-01,41.00000,36.00000,493
18,382,1.647827e-01,44.00000,35.00000,519
18,383,1.560338e-01,54.00000,30.00000,544
18,384,1.692640e-01,48.00000,35.00000,516
18,385,1.589965e-01,49.00000,30.00000,545
18,386,1.563488e-01,58.00000,30.00000,546
18,387,1.598462e-01,49.00000,30.00000,530
18,388,1.590796e-01,49.00000,30.00000,536
18,389,1.744591e-01,39.00000,36.00000,489
18,390,1.703365e-01,36.00000,35.00000,498
18,391,1.594642e-01,54.00000,30.00000,525
18,392,1.747528e-01,35.00000,36.00000,504
18,393,1.655748e-01,38.00000,35.00000,508
18,394,1.589548e-01,52.00000,30.00000,529
18,395,1.575616e-01,53.00000,30.00000,552
18,396,1.674762e-01,43.00000,36.00000,505
18,397,1.673457e-01,43.00000,35.00000,510
18,398,1.702364e-01,42.00000,35.00000,493
18,399,1.558352e-01,55.00000,30.00000,541
18,400,1.744299e-01,43.00000,36.00000,501
18,401,1.627730e-01,46.00000,35.00000,524
18,402,1.737818e-01,38.00000,36.00000,496
18,403,1.685786e-01,41.00000,35.00000,512
18,404,1.555987e-01,60.00000,30.00000,553
18,405,1.705632e-01,43.00000,36.00000,500
18,406,1.846923e-01,25.00000,36.00000,470
18,407,1.675548e-01,37.00000,35.00000,503
18,408,1.543761e-01,57.00000,30.00000,548
18,409,1.573930e-01,49.00000,30.00000,546
18,410,1.777823e-01,37.00000,36.00000,474
18,411,1.552826e-01,55.00000,30.00000,559
18,412,1.656914e-01,49.00000,35.00000,516
18,413,1.683361e-01,43.00000,35.00000,495
18,414,1.753373e-01,37.00000,36.00000,475
18,415,1.661883e-01,44.00000,35.00000,509
18,416,1.688022e-01,41.00000,35.00000,502
18,417,1.612828e-01,49.00000,30.00000,523
18,418,1.613444e-01,49.00000,35.00000,527
18,419,1.654603e-01,45.00000,35.00000,513
18,420,1.735023e-01,36.00000,36.00000,497
18,421,1.727660e-01,37.00000,35.00000,498
18,422,1.581522e-01,53.00000,30.00000,535
18,423,1.580757e-01,55.00000,30.00000,537
18,424,1.768492e-01,40.00000,36.00000,483
18,425,1.878528e-01,25.00000,36.00000,484
18,426,1.577201e-01,58.00000,30.00000,540
18,427,1.608439e-01,54.00000,30.00000,526
18,428,1.762283e-01,35.00000,36.00000,487
18,429,1.648355e-01,45.00000,35.00000,497
18,430,1.557801e-01,49.00000,30.00000,540
18,431,1.748140e-01,42.00000,36.00000,492
18,432,1.572360e-01,52.00000,30.00000,544
18,433,1.648993e-01,46.00000,35.00000,512
18,434,1.726950e-01,41.00000,36.00000,498
18,435,1.681773e-01,42.00000,35.00000,515
18,436,1.579939e-01,54.00000,30.00000,531
18,437,1.645609e-01,47.00000,35.00000,525
18,438,1.643475e-01,47.00000,35.00000,513
18,439,1.568139e-01,54.00000,30.00000,535
18,440,1.572268e-01,54.00000,30.00000,530
18,441,1.563511e-01,58.00000,30.00000,540
18,442,1.635909e-01,47.00000,35.00000,514
18,443,1.562697e-01,52.00000,30.00000,534
18,444,1.581389e-01,53.00000,30.00000,528
18,445,1.655652e-01,46.00000,35.00000,511
18,446,1.593022e-01,55.00000,30.00000,536
18,447,1.668479e-01,46.00000,35.00000,512
18,448,1.726175e-01,43.00000,35.00000,490
18,449,1.638697e-01,46.00000,35.00000,512
18,450,1.682187e-01,39.00000,36.00000,515
18,451,1.733154e-01,40.00000,36.00000,505
18,452,1.727056e-01,44.00000,36.00000,494
18,453,1.597261e-01,53.00000,30.00000,527
18,454,1.726470e-01,42.00000,36.00000,489
18,455,1.662543e-01,40.00000,35.00000,520
18,456,1.610912e-01,49.00000,30.00000,532
18,457,1.630381e-01,49.00000,30.00000,513
18,458,1.607342e-01,52.00000,30.00000,517
18,459,1.589141e-01,55.00000,30.00000,538
18,460,1.672283e-01,50.00000,35.00000,528
18,461,1.654833e-01,42.00000,35.00000,516
18,462,1.572504e-01,54.00000,30.00000,541
18,463,1.724340e-01,42.00000,36.00000,495
18,464,1.579741e-01,49.00000,30.00000,532
18,465,1.609564e-01,49.00000,30.00000,513
18,466,1.614695e-01,49.00000,30.00000,525
18,467,1.730471e-01,39.00000,40.00000,492
18,468,1.662658e-01,44.00000,35.00000,529
18,469,1.654456e-01,46.00000,35.00000,518
18,470,1.565492e-01,57.00000,30.00000,545
18,471,1.548700e-01,58.00000,30.00000,554
18,472,1.685177e-01,40.00000,35.00000,488
18,473,1.565767e-01,49.00000,30.00000,538
18,474,1.569508e-01,52.00000,30.00000,560
18,475,1.588223e-01,55.00000,30.00000,537
18,476,1.554802e-01,56.00000,30.00000,532
18,477,1.686802e-01,39.00000,35.00000,492
18,478,1.648437e-01,45.00000,35.00000,509
18,479,1.580091e-01,55.00000,30.00000,536
18,480,1.729561e-01,36.00000,36.00000,505
18,481,1.588071e-01,49.00000,30.00000,524
18,482,1.550873e-01,54.00000,30.00000,527
18,483,1.530656e-01,58.00000,30.00000,541
18,484,1.786536e-01,35.00000,36.00000,479
18,485,1.765608e-01,35.00000,36.00000,477
18,486,1.633314e-01,43.00000,35.00000,530
18,487,1.546975e-01,57.00000,30.00000,550
18,488,1.587691e-01,54.00000,30.00000,525
18,489,1.593641e-01,49.00000,30.00000,533
18,490,1.723118e-01,37.00000,35.00000,489
18,491,1.549157e-01,60.00000,30.00000,552
18,492,1.652028e-01,45.00000,35.00000,513
18,493,1.663320e-01,45.00000,35.00000,515
18,494,1.577148e-01,57.00000,30.00000,557
18,495,1.770940e-01,43.00000,36.00000,506
18,496,1.719719e-01,31.00000,36.00000,498
18,497,1.580483e-01,49.00000,30.00000,544
18,498,1.658794e-01,47.00000,35.00000,506
18,499,1.751374e-01,34.00000,36.00000,494
18,500,1.776980e-01,35.00000,36.00000,498
18,501,1.640972e-01,41.00000,35.00000,516
18,502,1.532884e-01,59.00000,30.00000,563
18,503,1.760718e-01,43.00000,36.00000,499
18,504,1.660254e-01,41.00000,36.00000,506
18,505,1.615361e-01,49.00000,30.00000,527
18,506,1.633403e-01,48.00000,35.00000,517
18,507,1.528553e-01,57.00000,30.00000,545
18,508,1.571335e-01,57.00000,30.00000,545
18,509,1.548104e-01,58.00000,30.00000,541
18,510,1.666481e-01,48.00000,35.00000,516
18,511,1.607893e-01,49.00000,30.00000,520
18,512,1.664706e-01,45.00000,35.00000,504
18,513,1.599889e-01,49.00000,30.00000,540
18,514,1.727691e-01,40.00000,40.00000,490
18,515,1.765063e-01,37.00000,36.00000,490
18,516,1.650899e-01,48.00000,35.00000,526
18,517,1.744772e-01,37.00000,36.00000,504
18,518,1.713853e-01,45.00000,40.00000,525
18,519,1.548568e-01,59.00000,30.00000,554
18,520,1.723435e-01,46.00000,35.00000,511
18,521,1.637705e-01,49.00000,35.00000,525
18,522,1.547220e-01,58.00000,30.00000,548
18,523,1.605969e-01,50.00000,30.00000,519
18,524,1.701336e-01,43.00000,36.00000,500
18,525,1.565473e-01,54.00000,30.00000,541
18,526,1.662242e-01,47.00000,35.00000,520
18,527,1.646989e-01,47.00000,35.00000,506
18,528,1.683761e-01,38.00000,35.00000,508
18,529,1.588805e-01,49.00000,30.00000,529
18,530,1.588043e-01,55.00000,30.00000,536
18,531,1.713856e-01,42.00000,36.00000,489
18,532,1.694341e-01,41.00000,35.00000,487
18,533,1.667409e-01,44.00000,35.00000,515
18,534,1.648369e-01,49.00000,30.00000,544
18,535,1.728309e-01,44.00000,40.00000,511
18,536,1.643377e-01,52.00000,35.00000,537
18,537,1.610728e-01,49.00000,30.00000,512
18,538,1.787711e-01,30.00000,36.00000,507
18,539,1.670764e-01,48.00000,35.00000,517
18,540,1.566398e-01,54.00000,30.00000,529
18,541,1.653135e-01,43.00000,35.00000,534
18,542,1.789240e-01,30.00000,36.00000,491
18,543,1.729391e-01,36.00000,36.00000,513
18,544,1.573099e-01,54.00000,30.00000,541
18,545,1.549493e-01,58.00000,30.00000,551
18,546,1.756238e-01,47.00000,36.00000,516
18,547,1.546185e-01,59.00000,30.00000,553
18,548,1.733356e-01,42.00000,36.00000,501
18,549,1.592911e-01,50.00000,30.00000,539
18,550,1.597358e-01,58.00000,30.00000,540
18,551,1.750966e-01,37.00000,40.00000,484
18,552,1.605650e-01,58.00000,30.00000,542
18,553,1.658534e-01,45.00000,36.00000,559
18,554,1.606005e-01,57.00000,30.00000,545
18,555,1.568533e-01,57.00000,30.00000,545
18,556,1.549448e-01,56.00000,30.00000,541
18,557,1.693853e-01,40.00000,35.00000,510
18,558,1.740995e-01,39.00000,35.00000,480
18,559,1.656500e-01,40.00000,35.00000,524
18,560,1.651314e-01,47.00000,35.00000,509
18,561,1.652106e-01,46.00000,35.00000,525
18,562,1.560637e-01,55.00000,30.00000,543
18,563,1.636737e-01,50.00000,35.00000,535
18,564,1.562753e-01,49.00000,30.00000,543
18,565,1.571346e-01,59.00000,30.00000,563
18,566,1.562289e-01,59.00000,30.00000,552
18,567,1.691102e-01,42.00000,35.00000,505
18,568,1.728129e-01,37.00000,36.00000,497
18,569,1.562216e-01,57.00000,30.00000,560
18,570,1.543079e-01,56.00000,30.00000,561
18,571,1.649744e-01,47.00000,35.00000,523
18,572,1.676380e-01,43.00000,35.00000,506
18,573,1.593841e-01,49.00000,30.00000,535
18,574,1.582524e-01,53.00000,30.00000,545
18,575,1.749703e-01,40.00000,36.00000,508
18,576,1.663192e-01,43.00000,35.00000,516
18,577,1.583801e-01,54.00000,30.00000,532
18,578,1.688034e-01,42.00000,35.00000,507
18,579,1.729721e-01,44.00000,36.00000,494
18,580,1.747254e-01,30.00000,36.00000,494
18,581,1.607757e-01,49.00000,30.00000,530
18,582,1.623837e-01,44.00000,35.00000,535
18,583,1.697734e-01,45.00000,35.00000,514
18,584,1.656834e-01,46.00000,35.00000,511
18,585,1.815942e-01,30.00000,36.00000,471
18,586,1.576865e-01,53.00000,30.00000,548
18,587,1.596884e-01,49.00000,30.00000,531
18,588,1.543420e-01,59.00000,30.00000,554
18,589,1.716821e-01,43.00000,36.00000,502
18,590,1.675438e-01,44.00000,35.00000,507
18,591,1.622095e-01,43.00000,35.00000,545
18,592,1.647645e-01,46.00000,35.00000,519
18,593,1.675390e-01,40.00000,35.00000,522
18,594,1.555796e-01,54.00000,30.00000,542
18,595,1.774194e-01,35.00000,36.00000,494
18,596,1.763044e-01,37.00000,36.00000,500
18,597,1.630663e-01,50.00000,35.00000,535
18,598,1.739436e-01,31.00000,36.00000,507
18,599,1.609654e-01,55.00000,30.00000,542
18,600,1.640819e-01,48.00000,35.00000,522
18,601,1.762981e-01,31.00000,36.00000,486
18,602,1.737237e-01,41.00000,36.00000,499
18,603,1.651086e-01,45.00000,35.00000,527
18,604,1.651143e-01,49.00000,30.00000,510
18,605,1.677347e-01,45.00000,36.00000,515
18,606,1.669607e-01,46.00000,35.00000,520
18,607,1.721562e-01,41.00000,36.00000,492
18,608,1.618727e-01,53.00000,30.00000,538
18,609,1.770292e-01,40.00000,40.00000,508
18,610,1.768140e-01,35.00000,36.00000,500
18,611,1.574158e-01,54.00000,30.00000,545
18,612,1.630977e-01,46.00000,35.00000,520
18,613,1.568320e-01,51.00000,30.00000,530
18,614,1.584697e-01,55.00000,30.00000,544
18,615,1.574658e-01,49.00000,30.00000,543
18,616,1.731769e-01,31.00000,36.00000,492
18,617,1.609576e-01,52.00000,30.00000,542
18,618,1.580043e-01,54.00000,30.00000,534
18,619,1.721302e-01,48.00000,35.00000,521
18,620,1.645577e-01,48.00000,35.00000,527
18,621,1.574863e-01,49.00000,30.00000,539
18,622,1.681065e-01,42.00000,35.00000,511
18,623,1.636726e-01,49.00000,30.00000,511
18,624,1.565407e-01,52.00000,30.00000,525
18,625,1.766790e-01,25.00000,36.00000,495
18,626,1.566455e-01,56.00000,30.00000,532
18,627,1.601965e-01,49.00000,30.00000,526
18,628,1.659823e-01,44.00000,35.00000,506
18,629,1.757543e-01,40.00000,36.00000,499
18,630,1.807828e-01,31.00000,36.00000,500
18,631,1.587253e-01,49.00000,30.00000,542
18,632,1.642662e-01,43.00000,35.00000,520
18,633,1.582895e-01,52.00000,30.00000,532
18,634,1.621362e-01,49.00000,35.00000,530
18,635,1.593592e-01,49.00000,30.00000,526
18,636,1.787224e-01,25.00000,36.00000,473
18,637,1.595177e-01,49.00000,30.00000,525
18,638,1.771864e-01,31.00000,36.00000,505
18,639,1.727833e-01,37.00000,36.00000,495
18,640,1.589561e-01,49.00000,30.00000,548
18,641,1.744509e-01,32.00000,40.00000,489
18,642,1.606015e-01,49.00000,30.00000,523
18,643,1.552666e-01,59.00000,30.00000,559
18,644,1.578949e-01,53.00000,30.00000,538
18,645,1.664436e-01,48.00000,35.00000,517
18,646,1.781210e-01,35.00000,36.00000,467
18,647,1.765548e-01,42.00000,36.00000,491
18,648,1.570712e-01,55.00000,30.00000,537
18,649,1.657547e-01,43.00000,35.00000,504
18,650,1.672893e-01,45.00000,35.00000,502
18,651,1.742744e-01,41.00000,36.00000,490
18,652,1.700096e-01,43.00000,35.00000,490
18,653,1.677123e-01,44.00000,35.00000,523
18,654,1.727791e-01,37.00000,36.00000,504
18,655,1.799331e-01,42.00000,36.00000,491
18,656,1.722087e-01,40.00000,36.00000,504
18,657,1.651301e-01,45.00000,35.00000,521
18,658,1.589502e-01,49.00000,30.00000,550
18,659,1.656815e-01,49.00000,35.00000,523
18,660,1.638602e-01,49.00000,30.00000,511
18,661,1.601429e-01,45.00000,35.00000,527
18,662,1.639299e-01,49.00000,35.00000,537
18,663,1.684701e-01,41.00000,35.00000,494
18,664,1.820056e-01,41.00000,36.00000,498
18,665,1.574864e-01,49.00000,30.00000,545
18,666,1.612287e-01,51.00000,30.00000,524
18,667,1.587332e-01,53.00000,30.00000,529
18,668,1.569813e-01,52.00000,30.00000,546
18,669,1.651297e-01,48.00000,35.00000,519
18,670,1.616497e-01,49.00000,30.00000,521
18,671,1.671951e-01,44.00000,35.00000,507
18,672,1.639871e-01,45.00000,35.00000,516
18,673,1.708179e-01,39.00000,35.00000,502
18,674,1.683959e-01,41.00000,35.00000,503
18,675,1.578134e-01,52.00000,30.00000,517
18,676,1.768112e-01,31.00000,36.00000,494
18,677,1.664233e-01,50.00000,35.00000,536
18,678,1.842972e-01,36.00000,36.00000,467
18,679,1.623735e-01,49.00000,30.00000,511
18,680,1.599845e-01,56.00000,30.00000,534
18,681,1.619625e-01,45.00000,35.00000,555
18,682,1.688779e-01,42.00000,35.00000,502
18,683,1.680715e-01,43.00000,35.00000,524
18,684,1.602131e-01,50.00000,30.00000,514
18,685,1.663898e-01,45.00000,35.00000,496
18,686,1.554375e-01,57.00000,30.00000,552
18,687,1.622051e-01,49.00000,30.00000,511
18,688,1.684151e-01,45.00000,35.00000,516
18,689,1.821718e-01,31.00000,36.00000,502
18,690,1.678693e-01,46.00000,35.00000,518
18,691,1.758463e-01,36.00000,35.00000,485
18,692,1.755423e-01,42.00000,36.00000,494
18,693,1.783901e-01,38.00000,36.00000,494
18,694,1.706891e-01,41.00000,36.00000,525
18,695,1.699995e-01,42.00000,35.00000,496
18,696,1.681995e-01,45.00000,35.00000,503
18,697,1.698609e-01,37.00000,35.00000,494
18,698,1.713082e-01,40.00000,36.00000,491
18,699,1.633961e-01,46.00000,35.00000,527
18,700,1.667074e-01,46.00000,35.00000,517
18,701,1.670494e-01,44.00000,35.00000,518
18,702,1.571381e-01,54.00000,30.00000,538
18,703,1.732696e-01,31.00000,36.00000,500
18,704,1.651173e-01,45.00000,35.00000,530
18,705,1.599120e-01,49.00000,30.00000,525
18,706,1.662074e-01,49.00000,35.00000,521
18,707,1.590358e-01,52.00000,30.00000,537
18,708,1.587830e-01,53.00000,30.00000,528
18,709,1.634183e-01,47.00000,35.00000,523
18,710,1.650822e-01,49.00000,35.00000,525
18,711,1.682829e-01,45.00000,35.00000,506
18,712,1.581828e-01,58.00000,30.00000,547
18,713,1.541352e-01,57.00000,30.00000,545
18,714,1.564717e-01,60.00000,30.00000,552
18,715,1.573799e-01,55.00000,30.00000,538
18,716,1.558899e-01,54.00000,30.00000,551
18,717,1.764183e-01,35.00000,36.00000,474
18,718,1.738319e-01,34.00000,40.00000,494
18,719,1.667119e-01,46.00000,35.00000,514
18,720,1.633807e-01,48.00000,35.00000,523
18,721,1.664523e-01,45.00000,35.00000,498
18,722,1.595153e-01,52.00000,30.00000,522
18,723,1.586925e-01,54.00000,30.00000,535
18,724,1.652845e-01,50.00000,35.00000,529
18,725,1.700137e-01,43.00000,35.00000,491
18,726,1.724687e-01,39.00000,40.00000,500
18,727,1.625388e-01,46.00000,35.00000,526
18,728,1.738690e-01,37.00000,36.00000,496
18,729,1.768371e-01,37.00000,40.00000,491
18,730,1.805936e-01,30.00000,36.00000,482
18,731,1.663835e-01,48.00000,35.00000,523
18,732,1.593591e-01,49.00000,30.00000,538
18,733,1.556555e-01,56.00000,30.00000,547
18,734,1.678309e-01,45.00000,35.00000,495
18,735,1.561147e-01,54.00000,30.00000,533
18,736,1.577427e-01,54.00000,30.00000,554
18,737,1.737661e-01,37.00000,36.00000,498
18,738,1.748656e-01,37.00000,35.00000,498
18,739,1.699100e-01,37.00000,35.00000,525
18,740,1.595014e-01,53.00000,30.00000,530
18,741,1.586348e-01,52.00000,30.00000,530
18,742,1.609281e-01,49.00000,30.00000,521
18,743,1.722704e-01,44.00000,36.00000,496
18,744,1.795390e-01,35.00000,36.00000,476
18,745,1.730362e-01,44.00000,36.00000,507
18,746,1.581253e-01,52.00000,30.00000,561
18,747,1.578089e-01,54.00000,30.00000,546
18,748,1.569571e-01,59.00000,30.00000,554
18,749,1.569667e-01,53.00000,30.00000,563
18,750,1.586364e-01,49.00000,30.00000,547
18,751,1.652088e-01,43.00000,35.00000,517
18,752,1.782876e-01,30.00000,36.00000,492
18,753,1.548099e-01,55.00000,30.00000,547
18,754,1.617624e-01,54.00000,30.00000,528
18,755,1.761410e-01,36.00000,36.00000,485
18,756,1.741266e-01,37.00000,35.00000,480
18,757,1.708551e-01,45.00000,35.00000,505
18,758,1.628713e-01,49.00000,30.00000,540
18,759,1.697071e-01,47.00000,35.00000,506
18,760,1.713611e-01,43.00000,35.00000,498
18,761,1.654700e-01,55.00000,30.00000,543
18,762,1.603727e-01,53.00000,30.00000,550
18,763,1.691731e-01,48.00000,35.00000,523
18,764,1.768387e-01,43.00000,36.00000,510
18,765,1.689312e-01,51.00000,35.00000,525
18,766,1.766005e-01,35.00000,36.00000,492
18,767,1.673165e-01,46.00000,35.00000,517
18,768,1.607951e-01,49.00000,30.00000,539
18,769,1.689716e-01,42.00000,35.00000,506
18,770,1.801683e-01,35.00000,36.00000,473
18,771,1.591195e-01,49.00000,30.00000,538
18,772,1.668742e-01,44.00000,35.00000,523
18,773,1.678494e-01,45.00000,35.00000,521
18,774,1.619389e-01,53.00000,30.00000,536
18,775,1.590461e-01,55.00000,30.00000,540
18,776,1.687899e-01,47.00000,35.00000,522
18,777,1.587737e-01,55.00000,30.00000,547
18,778,1.579228e-01,55.00000,30.00000,554
18,779,1.750902e-01,36.00000,40.00000,510
18,780,1.602175e-01,49.00000,30.00000,538
18,781,1.742477e-01,37.00000,36.00000,509
18,782,1.637312e-01,49.00000,30.00000,519
18,783,1.791853e-01,31.00000,36.00000,481
18,784,1.631944e-01,46.00000,35.00000,524
18,785,1.611194e-01,53.00000,30.00000,533
18,786,1.607558e-01,59.00000,30.00000,554
18,787,1.745512e-01,40.00000,36.00000,496
18,788,1.578488e-01,55.00000,30.00000,569
18,789,1.673927e-01,49.00000,35.00000,519
18,790,1.663762e-01,49.00000,35.00000,518
18,791,1.717695e-01,41.00000,35.00000,508
18,792,1.666090e-01,45.00000,35.00000,511
18,793,1.674024e-01,42.00000,35.00000,523
18,794,1.570582e-01,57.00000,30.00000,552
18,795,1.706200e-01,42.00000,35.00000,524
18,796,1.571977e-01,56.00000,30.00000,551
18,797,1.778508e-01,40.00000,36.00000,490
18,798,1.657643e-01,41.00000,35.00000,518
18,799,1.676679e-01,49.00000,35.00000,516
18,800,1.658716e-01,43.00000,35.00000,517
18,801,1.741399e-01,35.00000,36.00000,506
18,802,1.554356e-01,57.00000,30.00000,551
18,803,1.744571e-01,39.00000,40.00000,499
18,804,1.584357e-01,49.00000,30.00000,542
18,805,1.579008e-01,53.00000,30.00000,532
18,806,1.653821e-01,46.00000,35.00000,521
18,807,1.541793e-01,58.00000,30.00000,546
18,808,1.605155e-01,49.00000,30.00000,524
18,809,1.638845e-01,47.00000,35.00000,510
18,810,1.571689e-01,53.00000,30.00000,536
18,811,1.756287e-01,36.00000,40.00000,481
18,812,1.542148e-01,49.00000,30.00000,547
18,813,1.560867e-01,56.00000,30.00000,533
18,814,1.623193e-01,49.00000,30.00000,512
18,815,1.674422e-01,43.00000,35.00000,524
18,816,1.653783e-01,42.00000,35.00000,513
18,817,1.775419e-01,32.00000,40.00000,490
18,818,1.830873e-01,40.00000,36.00000,478
18,819,1.704526e-01,43.00000,35.00000,490
18,820,1.668672e-01,47.00000,35.00000,511
18,821,1.712549e-01,43.00000,35.00000,491
18,822,1.624651e-01,50.00000,35.00000,528
18,823,1.674633e-01,49.00000,35.00000,515
18,824,1.549189e-01,60.00000,30.00000,551
18,825,1.662503e-01,45.00000,35.00000,509
18,826,1.559994e-01,57.00000,30.00000,544
18,827,1.601890e-01,49.00000,30.00000,529
18,828,1.592239e-01,56.00000,30.00000,531
18,829,1.658452e-01,49.00000,35.00000,515
18,830,1.563656e-01,53.00000,30.00000,548
18,831,1.585969e-01,49.00000,30.00000,523
18,832,1.614683e-01,48.00000,35.00000,517
18,833,1.680447e-01,47.00000,35.00000,506
19,0,1.705478e-01,46.00000,36.00000,543
19,1,1.589804e-01,49.00000,30.00000,534
19,2,1.652626e-01,57.00000,30.00000,540
19,3,1.663133e-01,53.00000,30.00000,524
19,4,1.648699e-01,49.00000,30.00000,520
19,5,1.681188e-01,34.00000,40.00000,551
19,6,1.641716e-01,50.00000,35.00000,535
19,7,1.657405e-01,44.00000,36.00000,512
19,8,1.625848e-01,44.00000,35.00000,521
19,9,1.605964e-01,45.00000,35.00000,530
19,10,1.622901e-01,55.00000,30.00000,532
19,11,1.683294e-01,49.00000,30.00000,509
19,12,1.618648e-01,45.00000,35.00000,537
19,13,1.571811e-01,55.00000,30.00000,549
19,14,1.600495e-01,57.00000,30.00000,541
19,15,1.586703e-01,55.00000,30.00000,533
19,16,1.625814e-01,53.00000,30.00000,524
19,17,1.692585e-01,30.00000,36.00000,539
19,18,1.704694e-01,43.00000,36.00000,506
19,19,1.669288e-01,41.00000,36.00000,537
19,20,1.818662e-01,31.00000,36.00000,477
19,21,1.787738e-01,36.00000,36.00000,509
19,22,1.609385e-01,53.00000,30.00000,529
19,23,1.572476e-01,46.00000,35.00000,545
19,24,1.616987e-01,49.00000,35.00000,527
19,25,1.595773e-01,59.00000,30.00000,556
19,26,1.571580e-01,55.00000,30.00000,533
19,27,1.755959e-01,31.00000,36.00000,490
19,28,1.748957e-01,41.00000,36.00000,495
19,29,1.698089e-01,43.00000,36.00000,504
19,30,1.684435e-01,42.00000,35.00000,506
19,31,1.726368e-01,40.00000,35.00000,482
19,32,1.608934e-01,51.00000,30.00000,524
19,33,1.546417e-01,57.00000,30.00000,543
19,34,1.602008e-01,54.00000,30.00000,530
19,35,1.719820e-01,37.00000,36.00000,497
19,36,1.823907e-01,25.00000,36.00000,527
19,37,1.666196e-01,46.00000,35.00000,508
19,38,1.662390e-01,49.00000,35.00000,513
19,39,1.682962e-01,49.00000,35.00000,513
19,40,1.557101e-01,57.00000,30.00000,551
19,41,1.662555e-01,48.00000,35.00000,522
19,42,1.805329e-01,30.00000,36.00000,496
19,43,1.589338e-01,54.00000,30.00000,538
19,44,1.563329e-01,57.00000,30.00000,542
19,45,1.571129e-01,61.00000,30.00000,561
19,46,1.570196e-01,56.00000,30.00000,533
19,47,1.747176e-01,36.00000,36.00000,496
19,48,1.683256e-01,41.00000,36.00000,506
19,49,1.575807e-01,52.00000,30.00000,538
19,50,1.558058e-01,53.00000,30.00000,537
19,51,1.676094e-01,44.00000,35.00000,502
19,52,1.573036e-01,49.00000,30.00000,550
19,53,1.570445e-01,55.00000,30.00000,557
19,54,1.664846e-01,48.00000,35.00000,514
19,55,1.659462e-01,45.00000,35.00000,513
19,56,1.569316e-01,55.00000,30.00000,538
19,57,1.607749e-01,53.00000,30.00000,529
19,58,1.738315e-01,43.00000,36.00000,502
19,59,1.577955e-01,51.00000,30.00000,541
19,60,1.859476e-01,25.00000,36.00000,460
19,61,1.649482e-01,46.00000,35.00000,519
19,62,1.606982e-01,54.00000,30.00000,530
19,63,1.639794e-01,45.00000,35.00000,520
19,64,1.579792e-01,54.00000,30.00000,524
19,65,1.773708e-01,37.00000,40.00000,491
19,66,1.734660e-01,34.00000,40.00000,504
19,67,1.686821e-01,43.00000,35.00000,510
19,68,1.743102e-01,46.00000,36.00000,504
19,69,1.709850e-01,42.00000,35.00000,496
19,70,1.737358e-01,36.00000,36.00000,507
19,71,1.589970e-01,53.00000,30.00000,527
19,72,1.546037e-01,59.00000,30.00000,552
19,73,1.797159e-01,31.00000,36.00000,482
19,74,1.744987e-01,37.00000,36.00000,495
19,75,1.658439e-01,47.00000,35.00000,518
19,76,1.598432e-01,53.00000,30.00000,527
19,77,1.589226e-01,54.00000,30.00000,527
19,78,1.651133e-01,45.00000,35.00000,532
19,79,1.664143e-01,48.00000,35.00000,524
19,80,1.594910e-01,49.00000,30.00000,524
19,81,1.716967e-01,43.00000,35.00000,488
19,82,1.766057e-01,33.00000,40.00000,512
19,83,1.612357e-01,53.00000,30.00000,526
19,84,1.693119e-01,45.00000,35.00000,500
19,85,1.643495e-01,46.00000,35.00000,518
19,86,1.653478e-01,45.00000,35.00000,519
19,87,1.719116e-01,38.00000,35.00000,500
19,88,1.730893e-01,46.00000,36.00000,514
19,89,1.617661e-01,49.00000,30.00000,525
19,90,1.584242e-01,54.00000,30.00000,542
19,91,1.617661e-01,49.00000,30.00000,540
19,92,1.572169e-01,57.00000,30.00000,545
19,93,1.755187e-01,45.00000,36.00000,506
19,94,1.566595e-01,49.00000,30.00000,548
19,95,1.602489e-01,49.00000,30.00000,531
19,96,1.583683e-01,54.00000,30.00000,526
19,97,1.775731e-01,43.00000,36.00000,499
19,98,1.716578e-01,39.00000,35.00000,504
19,99,1.620726e-01,51.00000,30.00000,517
19,100,1.741379e-01,42.00000,36.00000,487
19,101,1.651271e-01,48.00000,35.00000,515
19,102,1.694525e-01,40.00000,35.00000,499
19,103,1.814525e-01,32.00000,36.00000,477
19,104,1.588172e-01,49.00000,30.00000,531
19,105,1.586736e-01,57.00000,30.00000,544
19,106,1.634611e-01,52.00000,35.00000,536
19,107,1.804317e-01,41.00000,36.00000,489
19,108,1.636038e-01,57.00000,30.00000,551
19,109,1.628986e-01,45.00000,35.00000,528
19,110,1.713952e-01,41.00000,35.00000,486
19,111,1.685566e-01,43.00000,35.00000,500
19,112,1.633845e-01,49.00000,35.00000,515
19,113,1.652248e-01,46.00000,35.00000,519
19,114,1.755378e-01,42.00000,36.00000,496
19,115,1.605030e-01,54.00000,30.00000,525
19,116,1.699717e-01,43.00000,35.00000,492
19,117,1.573468e-01,53.00000,30.00000,536
19,118,1.600968e-01,49.00000,30.00000,527
19,119,1.730130e-01,39.00000,36.00000,517
19,120,1.636435e-01,49.00000,30.00000,550
19,121,1.569696e-01,54.00000,30.00000,542
19,122,1.736468e-01,41.00000,36.00000,489
19,123,1.638505e-01,43.00000,35.00000,522
19,124,1.651190e-01,47.00000,35.00000,505
19,125,1.593294e-01,51.00000,30.00000,550
19,126,1.810447e-01,30.00000,36.00000,496
19,127,1.707390e-01,37.00000,35.00000,503
19,128,1.615312e-01,49.00000,30.00000,527
19,129,1.718802e-01,41.00000,35.00000,489
19,130,1.657897e-01,44.00000,35.00000,515
19,131,1.681653e-01,42.00000,35.00000,495
19,132,1.635823e-01,47.00000,35.00000,519
19,133,1.577716e-01,57.00000,30.00000,546
19,134,1.683528e-01,41.00000,35.00000,494
19,135,1.577358e-01,53.00000,30.00000,543
19,136,1.848083e-01,25.00000,36.00000,486
19,137,1.677152e-01,47.00000,35.00000,505
19,138,1.664760e-01,47.00000,35.00000,508
19,139,1.686144e-01,42.00000,35.00000,501
19,140,1.677319e-01,45.00000,35.00000,499
19,141,1.771248e-01,36.00000,36.00000,459
19,142,1.733358e-01,37.00000,36.00000,487
19,143,1.661616e-01,49.00000,35.00000,515
19,144,1.573699e-01,56.00000,30.00000,549
19,145,1.659660e-01,48.00000,35.00000,523
19,146,1.747911e-01,40.00000,36.00000,479
19,147,1.675651e-01,40.00000,35.00000,505
19,148,1.600079e-01,49.00000,30.00000,543
19,149,1.566984e-01,54.00000,30.00000,542
19,150,1.725489e-01,43.00000,36.00000,499
19,151,1.576865e-01,57.00000,30.00000,561
19,152,1.789971e-01,35.00000,36.00000,476
19,153,1.596533e-01,49.00000,30.00000,544
19,154,1.733375e-01,40.00000,40.00000,514
19,155,1.604443e-01,56.00000,30.00000,531
19,156,1.586459e-01,56.00000,30.00000,535
19,157,1.687306e-01,43.00000,35.00000,497
19,158,1.807428e-01,35.00000,36.00000,466
19,159,1.637818e-01,50.00000,35.00000,528
19,160,1.656338e-01,42.00000,35.00000,521
19,161,1.798681e-01,43.00000,36.00000,499
19,162,1.646734e-01,50.00000,35.00000,531
19,163,1.751414e-01,38.00000,35.00000,493
19,164,1.595370e-01,53.00000,30.00000,526
19,165,1.591193e-01,53.00000,30.00000,527
19,166,1.713280e-01,41.00000,36.00000,490
19,167,1.636582e-01,43.00000,35.00000,521
19,168,1.573796e-01,52.00000,30.00000,544
19,169,1.606104e-01,55.00000,30.00000,536
19,170,1.647684e-01,47.00000,35.00000,526
19,171,1.585960e-01,49.00000,30.00000,546
19,172,1.572351e-01,55.00000,30.00000,542
19,173,1.589986e-01,53.00000,30.00000,527
19,174,1.793973e-01,30.00000,36.00000,487
19,175,1.752119e-01,32.00000,36.00000,489
19,176,1.736510e-01,38.00000,35.00000,493
19,177,1.761243e-01,37.00000,36.00000,475
19,178,1.693882e-01,41.00000,35.00000,508
19,179,1.661904e-01,48.00000,35.00000,515
19,180,1.671654e-01,45.00000,36.00000,515
19,181,1.532779e-01,57.00000,30.00000,561
19,182,1.601012e-01,54.00000,30.00000,534
19,183,1.778753e-01,37.00000,36.00000,486
19,184,1.720188e-01,45.00000,35.00000,494
19,185,1.599422e-01,49.00000,30.00000,522
19,186,1.589345e-01,49.00000,30.00000,554
19,187,1.834297e-01,25.00000,36.00000,515
19,188,1.588682e-01,52.00000,30.00000,524
19,189,1.576069e-01,55.00000,30.00000,537
19,190,1.579870e-01,49.00000,30.00000,531
19,191,1.664379e-01,36.00000,35.00000,515
19,192,1.762597e-01,31.00000,36.00000,499
19,193,1.604693e-01,49.00000,30.00000,545
19,194,1.610744e-01,54.00000,30.00000,528
19,195,1.657946e-01,46.00000,35.00000,542
19,196,1.603939e-01,52.00000,30.00000,538
19,197,1.695380e-01,44.00000,35.00000,514
19,198,1.763394e-01,42.00000,36.00000,493
19,199,1.752773e-01,39.00000,35.00000,485
19,200,1.635243e-01,55.00000,30.00000,543
19,201,1.699481e-01,47.00000,35.00000,505
19,202,1.788046e-01,41.00000,36.00000,490
19,203,1.628352e-01,49.00000,30.00000,519
19,204,1.693295e-01,45.00000,35.00000,513
19,205,1.585530e-01,53.00000,30.00000,554
19,206,1.771410e-01,31.00000,36.00000,486
19,207,1.606264e-01,52.00000,30.00000,535
19,208,1.779217e-01,30.00000,36.00000,505
19,209,1.659446e-01,47.00000,35.00000,508
19,210,1.558440e-01,59.00000,30.00000,553
19,211,1.562137e-01,54.00000,30.00000,552
19,212,1.739199e-01,37.00000,36.00000,492
19,213,1.569078e-01,54.00000,30.00000,557
19,214,1.702503e-01,42.00000,35.00000,504
19,215,1.647382e-01,42.00000,35.00000,525
19,216,1.588991e-01,49.00000,30.00000,543
19,217,1.662745e-01,38.00000,35.00000,518
19,218,1.588827e-01,50.00000,30.00000,536
19,219,1.621946e-01,49.00000,30.00000,515
19,220,1.833966e-01,39.00000,36.00000,482
19,221,1.637805e-01,45.00000,35.00000,521
19,222,1.604972e-01,53.00000,30.00000,533
19,223,1.580862e-01,53.00000,30.00000,537
19,224,1.591388e-01,52.00000,30.00000,546
19,225,1.680239e-01,42.00000,35.00000,520
19,226,1.730250e-01,37.00000,36.00000,493
19,227,1.671528e-01,45.00000,35.00000,510
19,228,1.592605e-01,59.00000,30.00000,554
19,229,1.613296e-01,49.00000,30.00000,522
19,230,1.568124e-01,59.00000,30.00000,553
19,231,1.616457e-01,49.00000,30.00000,520
19,232,1.681169e-01,47.00000,35.00000,506
19,233,1.585053e-01,53.00000,30.00000,545
19,234,1.575438e-01,55.00000,30.00000,564
19,235,1.698101e-01,42.00000,35.00000,497
19,236,1.799704e-01,31.00000,36.00000,514
19,237,1.692666e-01,44.00000,35.00000,516
19,238,1.602811e-01,49.00000,30.00000,551
19,239,1.811777e-01,25.00000,36.00000,475
19,240,1.638547e-01,49.00000,30.00000,519
19,241,1.605093e-01,51.00000,30.00000,529
19,242,1.691057e-01,37.00000,35.00000,515
19,243,1.736678e-01,37.00000,36.00000,504
19,244,1.676901e-01,46.00000,35.00000,512
19,245,1.769362e-01,36.00000,36.00000,491
19,246,1.570314e-01,57.00000,30.00000,547
19,247,1.679473e-01,43.00000,35.00000,503
19,248,1.703328e-01,40.00000,35.00000,500
19,249,1.604489e-01,55.00000,30.00000,536
19,250,1.675238e-01,43.00000,35.00000,520
19,251,1.604099e-01,49.00000,30.00000,527
19,252,1.686539e-01,37.00000,35.00000,511
19,253,1.812690e-01,37.00000,36.00000,481
19,254,1.716056e-01,42.00000,35.00000,495
19,255,1.704050e-01,46.00000,35.00000,515
19,256,1.584397e-01,57.00000,30.00000,552
19,257,1.748173e-01,30.00000,36.00000,505
19,258,1.597325e-01,49.00000,30.00000,530
19,259,1.687842e-01,44.00000,35.00000,514
19,260,1.650009e-01,42.00000,35.00000,518
19,261,1.678268e-01,45.00000,35.00000,522
19,262,1.736885e-01,36.00000,35.00000,520
19,263,1.622353e-01,49.00000,30.00000,519
19,264,1.618263e-01,49.00000,30.00000,519
19,265,1.666931e-01,45.00000,35.00000,523
19,266,1.598263e-01,52.00000,30.00000,531
19,267,1.669863e-01,41.00000,35.00000,522
19,268,1.673799e-01,43.00000,35.00000,522
19,269,1.567531e-01,55.00000,30.00000,541
19,270,1.531495e-01,59.00000,30.00000,553
19,271,1.756869e-01,35.00000,36.00000,494
19,272,1.684966e-01,41.00000,35.00000,515
19,273,1.542783e-01,53.00000,30.00000,540
19,274,1.681455e-01,43.00000,35.00000,509
19,275,1.819493e-01,25.00000,36.00000,505
19,276,1.662999e-01,44.00000,35.00000,509
19,277,1.694469e-01,44.00000,35.00000,502
19,278,1.589344e-01,52.00000,30.00000,545
19,279,1.631221e-01,48.00000,35.00000,516
19,280,1.593588e-01,57.00000,30.00000,545
19,281,1.724599e-01,37.00000,35.00000,492
19,282,1.635178e-01,45.00000,35.00000,517
19,283,1.571357e-01,53.00000,30.00000,547
19,284,1.588792e-01,57.00000,30.00000,545
19,285,1.737238e-01,25.00000,36.00000,515
19,286,1.617611e-01,49.00000,30.00000,532
19,287,1.557020e-01,55.00000,30.00000,536
19,288,1.578071e-01,53.00000,30.00000,528
19,289,1.738927e-01,43.00000,36.00000,500
19,290,1.678752e-01,43.00000,35.00000,508
19,291,1.660648e-01,49.00000,35.00000,515
19,292,1.667395e-01,46.00000,35.00000,511
19,293,1.719269e-01,45.00000,35.00000,495
19,294,1.666030e-01,42.00000,35.00000,504
19,295,1.660391e-01,46.00000,36.00000,514
19,296,1.783832e-01,38.00000,36.00000,472
19,297,1.819558e-01,39.00000,36.00000,493
19,298,1.587640e-01,56.00000,30.00000,537
19,299,1.608758e-01,52.00000,30.00000,518
19,300,1.666332e-01,51.00000,35.00000,523
19,301,1.575039e-01,49.00000,30.00000,537
19,302,1.572103e-01,57.00000,30.00000,547
19,303,1.570335e-01,56.00000,30.00000,534
19,304,1.659079e-01,46.00000,35.00000,511
19,305,1.757634e-01,42.00000,36.00000,488
19,306,1.669256e-01,45.00000,35.00000,495
19,307,1.601421e-01,51.00000,30.00000,537
19,308,1.794792e-01,36.00000,36.00000,482
19,309,1.758983e-01,37.00000,36.00000,498
19,310,1.604202e-01,52.00000,30.00000,523
19,311,1.681053e-01,48.00000,35.00000,516
19,312,1.584275e-01,53.00000,30.00000,529
19,313,1.824047e-01,31.00000,36.00000,495
19,314,1.686721e-01,44.00000,35.00000,510
19,315,1.763026e-01,37.00000,36.00000,500
19,316,1.547915e-01,58.00000,30.00000,544
19,317,1.777139e-01,36.00000,40.00000,486
19,318,1.683350e-01,41.00000,35.00000,530
19,319,1.771903e-01,41.00000,36.00000,490
19,320,1.776600e-01,36.00000,36.00000,491
19,321,1.832740e-01,37.00000,36.00000,475
19,322,1.668222e-01,47.00000,35.00000,511
19,323,1.618842e-01,50.00000,35.00000,537
19,324,1.768553e-01,41.00000,36.00000,497
19,325,1.716636e-01,39.00000,40.00000,496
19,326,1.819081e-01,31.00000,36.00000,497
19,327,1.623615e-01,49.00000,30.00000,535
19,328,1.559413e-01,57.00000,30.00000,548
19,329,1.547321e-01,57.00000,30.00000,561
19,330,1.746451e-01,31.00000,36.00000,499
19,331,1.700599e-01,42.00000,35.00000,501
19,332,1.662693e-01,44.00000,35.00000,516
19,333,1.663434e-01,52.00000,35.00000,537
19,334,1.685192e-01,45.00000,35.00000,505
19,335,1.582296e-01,56.00000,30.00000,545
19,336,1.702341e-01,44.00000,36.00000,531
19,337,1.753908e-01,42.00000,36.00000,506
19,338,1.661795e-01,47.00000,35.00000,512
19,339,1.599683e-01,55.00000,30.00000,540
19,340,1.675865e-01,43.00000,35.00000,512
19,341,1.778181e-01,35.00000,36.00000,510
19,342,1.643842e-01,54.00000,30.00000,525
19,343,1.731754e-01,40.00000,36.00000,499
19,344,1.569080e-01,52.00000,30.00000,533
19,345,1.652005e-01,45.00000,35.00000,508
19,346,1.880342e-01,25.00000,36.00000,458
19,347,1.541500e-01,61.00000,30.00000,570
19,348,1.618818e-01,49.00000,30.00000,524
19,349,1.763223e-01,25.00000,36.00000,486
19,350,1.671536e-01,45.00000,35.00000,508
19,351,1.608490e-01,58.00000,30.00000,545
19,352,1.561682e-01,57.00000,30.00000,554
19,353,1.677550e-01,41.00000,36.00000,525
19,354,1.711872e-01,45.00000,35.00000,503
19,355,1.694452e-01,46.00000,35.00000,518
19,356,1.784193e-01,41.00000,36.00000,496
19,357,1.596287e-01,58.00000,30.00000,547
19,358,1.754300e-01,45.00000,36.00000,507
19,359,1.665661e-01,38.00000,35.00000,528
19,360,1.577618e-01,57.00000,30.00000,545
19,361,1.767201e-01,41.00000,36.00000,490
19,362,1.660740e-01,47.00000,35.00000,521
19,363,1.752737e-01,34.00000,40.00000,498
19,364,1.717276e-01,42.00000,35.00000,493
19,365,1.658129e-01,43.00000,35.00000,533
19,366,1.783589e-01,41.00000,36.00000,496
19,367,1.604636e-01,49.00000,30.00000,531
19,368,1.699230e-01,45.00000,36.00000,515
19,369,1.807050e-01,30.00000,40.00000,485
19,370,1.610817e-01,52.00000,30.00000,524
19,371,1.579022e-01,55.00000,30.00000,545
19,372,1.682690e-01,42.00000,35.00000,505
19,373,1.581986e-01,55.00000,30.00000,538
19,374,1.664797e-01,43.00000,35.00000,526
19,375,1.581336e-01,54.00000,30.00000,544
19,376,1.667118e-01,48.00000,35.00000,516
19,377,1.761715e-01,44.00000,36.00000,494
19,378,1.585861e-01,58.00000,30.00000,541
19,379,1.727150e-01,37.00000,36.00000,512
19,380,1.591569e-01,55.00000,30.00000,538
19,381,1.699519e-01,37.00000,35.00000,516
19,382,1.606845e-01,52.00000,30.00000,530
19,383,1.550903e-01,55.00000,30.00000,543
19,384,1.561386e-01,59.00000,30.00000,553
19,385,1.597662e-01,54.00000,30.00000,528
19,386,1.645628e-01,49.00000,35.00000,525
19,387,1.778496e-01,41.00000,36.00000,497
19,388,1.692945e-01,44.00000,35.00000,509
19,389,1.619373e-01,49.00000,30.00000,523
19,390,1.770344e-01,45.00000,36.00000,515
19,391,1.754521e-01,36.00000,36.00000,505
19,392,1.691114e-01,48.00000,35.00000,522
19,393,1.723760e-01,43.00000,36.00000,508
19,394,1.559621e-01,59.00000,30.00000,554
19,395,1.701325e-01,40.00000,35.00000,519
19,396,1.682445e-01,44.00000,35.00000,512
19,397,1.625777e-01,49.00000,30.00000,560
19,398,1.686113e-01,45.00000,35.00000,508
19,399,1.941120e-01,25.00000,36.00000,418
19,400,1.589359e-01,54.00000,30.00000,528
19,401,1.591250e-01,49.00000,30.00000,548
19,402,1.571419e-01,54.00000,30.00000,526
19,403,1.753045e-01,35.00000,36.00000,504
19,404,1.706078e-01,43.00000,35.00000,497
19,405,1.722799e-01,41.00000,36.00000,491
19,406,1.736477e-01,43.00000,36.00000,500
19,407,1.652002e-01,47.00000,35.00000,515
19,408,1.706874e-01,47.00000,35.00000,506
19,409,1.646584e-01,47.00000,35.00000,514
19,410,1.620830e-01,49.00000,30.00000,523
19,411,1.728824e-01,40.00000,36.00000,482
19,412,1.561897e-01,59.00000,30.00000,554
19,413,1.592518e-01,54.00000,30.00000,528
19,414,1.595584e-01,55.00000,30.00000,538
19,415,1.590796e-01,54.00000,30.00000,541
19,416,1.718594e-01,43.00000,36.00000,509
19,417,1.601577e-01,49.00000,30.00000,527
19,418,1.591854e-01,55.00000,30.00000,536
19,419,1.781524e-01,41.00000,36.00000,497
19,420,1.777534e-01,31.00000,36.00000,479
19,421,1.599705e-01,53.00000,30.00000,538
19,422,1.670422e-01,48.00000,35.00000,516
19,423,1.673140e-01,46.00000,35.00000,516
19,424,1.635245e-01,49.00000,30.00000,512
19,425,1.579557e-01,61.00000,30.00000,565
19,426,1.732976e-01,39.00000,36.00000,497
19,427,1.698414e-01,39.00000,36.00000,512
19,428,1.617300e-01,49.00000,30.00000,541
19,429,1.598457e-01,49.00000,30.00000,537
19,430,1.574190e-01,57.00000,30.00000,551
19,431,1.759349e-01,37.00000,36.00000,505
19,432,1.669038e-01,44.00000,35.00000,502
19,433,1.649261e-01,47.00000,35.00000,513
19,434,1.595967e-01,52.00000,30.00000,549
19,435,1.572093e-01,54.00000,30.00000,541
19,436,1.640651e-01,48.00000,35.00000,516
19,437,1.581398e-01,53.00000,30.00000,544
19,438,1.706257e-01,46.00000,36.00000,506
19,439,1.684123e-01,47.00000,35.00000,508
19,440,1.660400e-01,43.00000,35.00000,518
19,441,1.690160e-01,43.00000,35.00000,509
19,442,1.585052e-01,54.00000,30.00000,548
19,443,1.627055e-01,49.00000,30.00000,511
19,444,1.591492e-01,54.00000,30.00000,551
19,445,1.619347e-01,54.00000,30.00000,536
19,446,1.563930e-01,59.00000,30.00000,553
19,447,1.586089e-01,54.00000,30.00000,528
19,448,1.667238e-01,42.00000,35.00000,522
19,449,1.670168e-01,42.00000,35.00000,518
19,450,1.661656e-01,42.00000,35.00000,530
19,451,1.669274e-01,43.00000,35.00000,516
19,452,1.674744e-01,45.00000,35.00000,524
19,453,1.595132e-01,53.00000,30.00000,527
19,454,1.591160e-01,55.00000,30.00000,570
19,455,1.667991e-01,45.00000,35.00000,504
19,456,1.701691e-01,47.00000,35.00000,506
19,457,1.723513e-01,36.00000,35.00000,505
19,458,1.729790e-01,40.00000,35.00000,484
19,459,1.583933e-01,53.00000,30.00000,545
19,460,1.579608e-01,49.00000,30.00000,534
19,461,1.632604e-01,49.00000,30.00000,518
19,462,1.592329e-01,49.00000,30.00000,552
19,463,1.704589e-01,45.00000,35.00000,521
19,464,1.775773e-01,37.00000,36.00000,487
19,465,1.658106e-01,42.00000,35.00000,518
19,466,1.557788e-01,55.00000,30.00000,536
19,467,1.654813e-01,41.00000,35.00000,528
19,468,1.652332e-01,48.00000,35.00000,519
19,469,1.670304e-01,42.00000,35.00000,535
19,470,1.685005e-01,45.00000,35.00000,496
19,471,1.646617e-01,45.00000,35.00000,515
19,472,1.769201e-01,34.00000,36.00000,509
19,473,1.783214e-01,31.00000,36.00000,499
19,474,1.681153e-01,39.00000,35.00000,504
19,475,1.604109e-01,52.00000,30.00000,530
19,476,1.718242e-01,41.00000,35.00000,497
19,477,1.695170e-01,39.00000,35.00000,521
19,478,1.789705e-01,41.00000,36.00000,490
19,479,1.717363e-01,40.00000,35.00000,495
19,480,1.666743e-01,49.00000,35.00000,518
19,481,1.613353e-01,49.00000,30.00000,526
19,482,1.725470e-01,37.00000,40.00000,509
19,483,1.585426e-01,54.00000,30.00000,547
19,484,1.687544e-01,41.00000,35.00000,518
19,485,1.663624e-01,47.00000,35.00000,514
19,486,1.668294e-01,51.00000,35.00000,527
19,487,1.616054e-01,49.00000,30.00000,534
19,488,1.720697e-01,37.00000,35.00000,512
19,489,1.602546e-01,49.00000,30.00000,544
19,490,1.666629e-01,45.00000,35.00000,505
19,491,1.619776e-01,49.00000,30.00000,524
19,492,1.605929e-01,51.00000,30.00000,523
19,493,1.759296e-01,37.00000,36.00000,487
19,494,1.720604e-01,40.00000,35.00000,509
19,495,1.749807e-01,39.00000,35.00000,477
19,496,1.787688e-01,35.00000,40.00000,476
19,497,1.807773e-01,35.00000,36.00000,480
19,498,1.721742e-01,40.00000,35.00000,501
19,499,1.572702e-01,53.00000,30.00000,551
19,500,1.584462e-01,60.00000,30.00000,558
19,501,1.599200e-01,49.00000,30.00000,540
19,502,1.711164e-01,44.00000,35.00000,509
19,503,1.599703e-01,55.00000,30.00000,544
19,504,1.793608e-01,31.00000,36.00000,499
19,505,1.843402e-01,35.00000,36.00000,472
19,506,1.746987e-01,43.00000,36.00000,500
19,507,1.693482e-01,43.00000,35.00000,507
19,508,1.613708e-01,54.00000,30.00000,538
19,509,1.849350e-01,31.00000,36.00000,458
19,510,1.600491e-01,52.00000,30.00000,539
19,511,1.607635e-01,54.00000,30.00000,533
19,512,1.645125e-01,48.00000,35.00000,530
19,513,1.616489e-01,50.00000,30.00000,534
19,514,1.581343e-01,54.00000,30.00000,536
19,515,1.694466e-01,40.00000,35.00000,510
19,516,1.639623e-01,47.00000,35.00000,522
19,517,1.612528e-01,54.00000,30.00000,537
19,518,1.577030e-01,53.00000,30.00000,550
19,519,1.625441e-01,49.00000,30.00000,524
19,520,1.719619e-01,41.00000,36.00000,507
19,521,1.674243e-01,45.00000,35.00000,504
19,522,1.620579e-01,49.00000,30.00000,523
19,523,1.762956e-01,39.00000,36.00000,490
19,524,1.571052e-01,54.00000,30.00000,547
19,525,1.784526e-01,31.00000,36.00000,476
19,526,1.766208e-01,31.00000,36.00000,527
19,527,1.574579e-01,61.00000,30.00000,564
19,528,1.691857e-01,44.00000,35.00000,517
19,529,1.825124e-01,42.00000,36.00000,493
19,530,1.615435e-01,54.00000,30.00000,541
19,531,1.643049e-01,52.00000,30.00000,524
19,532,1.621278e-01,49.00000,30.00000,558
19,533,1.637861e-01,52.00000,30.00000,552
19,534,1.692658e-01,47.00000,35.00000,521
19,535,1.743523e-01,41.00000,36.00000,512
19,536,1.679834e-01,48.00000,35.00000,516
19,537,1.623239e-01,52.00000,30.00000,539
19,538,1.634930e-01,50.00000,30.00000,530
19,539,1.709408e-01,44.00000,35.00000,513
19,540,1.757834e-01,42.00000,40.00000,507
19,541,1.588005e-01,56.00000,30.00000,548
19,542,1.869324e-01,26.00000,36.00000,498
19,543,1.617042e-01,52.00000,30.00000,524
19,544,1.578284e-01,59.00000,30.00000,562
19,545,1.617302e-01,52.00000,30.00000,527
19,546,1.783864e-01,40.00000,36.00000,486
19,547,1.582481e-01,61.00000,30.00000,564
19,548,1.684589e-01,43.00000,36.00000,525
19,549,1.655022e-01,52.00000,30.00000,534
19,550,1.684568e-01,47.00000,35.00000,518
19,551,1.784679e-01,41.00000,36.00000,492
19,552,1.686858e-01,47.00000,35.00000,507
19,553,1.771158e-01,35.00000,36.00000,516
19,554,1.602299e-01,55.00000,30.00000,536
19,555,1.596486e-01,53.00000,30.00000,538
19,556,1.589489e-01,57.00000,30.00000,546
19,557,1.559122e-01,58.00000,30.00000,540
19,558,1.678351e-01,46.00000,35.00000,510
19,559,1.822495e-01,37.00000,36.00000,474
19,560,1.688340e-01,48.00000,35.00000,515
19,561,1.745352e-01,40.00000,40.00000,492
19,562,1.599627e-01,56.00000,30.00000,538
19,563,1.641728e-01,54.00000,30.00000,525
19,564,1.582238e-01,53.00000,30.00000,528
19,565,1.626922e-01,53.00000,30.00000,529
19,566,1.723208e-01,41.00000,35.00000,489
19,567,1.662808e-01,47.00000,35.00000,514
19,568,1.662137e-01,50.00000,35.00000,532
19,569,1.611464e-01,52.00000,30.00000,517
19,570,1.725284e-01,39.00000,40.00000,516
19,571,1.579393e-01,57.00000,30.00000,549
19,572,1.589873e-01,57.00000,30.00000,550
19,573,1.666622e-01,44.00000,35.00000,518
19,574,1.707653e-01,46.00000,36.00000,514
19,575,1.634296e-01,48.00000,35.00000,516
19,576,1.705335e-01,45.00000,35.00000,511
19,577,1.607755e-01,54.00000,30.00000,537
19,578,1.627495e-01,61.00000,30.00000,564
19,579,1.794116e-01,39.00000,36.00000,482
19,580,1.660281e-01,49.00000,35.00000,517
19,581,1.685609e-01,41.00000,35.00000,518
19,582,1.621096e-01,49.00000,30.00000,524
19,583,1.681692e-01,43.00000,35.00000,507
19,584,1.693819e-01,36.00000,35.00000,512
19,585,1.740454e-01,39.00000,36.00000,491
19,586,1.672692e-01,49.00000,35.00000,534
19,587,1.624074e-01,57.00000,30.00000,545
19,588,1.585307e-01,49.00000,30.00000,547
19,589,1.594323e-01,55.00000,30.00000,544
19,590,1.697233e-01,47.00000,35.00000,506
19,591,1.645777e-01,48.00000,35.00000,522
19,592,1.562098e-01,59.00000,30.00000,553
19,593,1.731334e-01,41.00000,35.00000,494
19,594,1.676481e-01,48.00000,35.00000,519
19,595,1.573016e-01,57.00000,30.00000,553
19,596,1.718165e-01,45.00000,35.00000,509
19,597,1.614305e-01,57.00000,30.00000,545
19,598,1.714484e-01,44.00000,35.00000,502
19,599,1.606095e-01,52.00000,30.00000,526
19,600,1.725389e-01,42.00000,35.00000,497
19,601,1.692714e-01,41.00000,36.00000,495
19,602,1.589183e-01,58.00000,30.00000,540
19,603,1.640147e-01,45.00000,35.00000,525
19,604,1.585710e-01,52.00000,30.00000,525
19,605,1.766337e-01,41.00000,36.00000,504
19,606,1.590993e-01,55.00000,30.00000,539
19,607,1.608716e-01,53.00000,30.00000,528
19,608,1.844513e-01,30.00000,36.00000,463
19,609,1.609383e-01,52.00000,30.00000,525
19,610,1.764439e-01,42.00000,36.00000,498
19,611,1.673719e-01,43.00000,35.00000,511
19,612,1.596009e-01,53.00000,30.00000,529
19,613,1.656911e-01,44.00000,35.00000,518
19,614,1.780534e-01,40.00000,36.00000,490
19,615,1.635881e-01,49.00000,30.00000,514
19,616,1.716340e-01,47.00000,35.00000,506
19,617,1.672987e-01,49.00000,35.00000,521
19,618,1.668803e-01,48.00000,35.00000,523
19,619,1.829602e-01,42.00000,36.00000,488
19,620,1.718146e-01,43.00000,35.00000,495
19,621,1.734322e-01,42.00000,36.00000,498
19,622,1.672580e-01,43.00000,35.00000,534
19,623,1.563455e-01,58.00000,30.00000,541
19,624,1.700189e-01,41.00000,35.00000,493
19,625,1.596984e-01,52.00000,30.00000,532
19,626,1.697723e-01,42.00000,35.00000,517
19,627,1.695551e-01,44.00000,35.00000,536
19,628,1.704183e-01,46.00000,35.00000,510
19,629,1.612759e-01,53.00000,30.00000,533
19,630,1.605311e-01,53.00000,30.00000,533
19,631,1.703950e-01,45.00000,36.00000,514
19,632,1.726956e-01,45.00000,35.00000,514
19,633,1.689794e-01,43.00000,35.00000,508
19,634,1.612188e-01,49.00000,30.00000,524
19,635,1.651186e-01,49.00000,30.00000,518
19,636,1.682222e-01,44.00000,35.00000,522
19,637,1.658503e-01,45.00000,35.00000,517
19,638,1.591233e-01,55.00000,30.00000,543
19,639,1.720828e-01,40.00000,36.00000,496
19,640,1.597248e-01,54.00000,30.00000,543
19,641,1.604710e-01,57.00000,30.00000,546
19,642,1.709312e-01,45.00000,35.00000,511
19,643,1.636016e-01,49.00000,30.00000,511
19,644,1.697362e-01,45.00000,35.00000,511
19,645,1.585209e-01,55.00000,30.00000,536
19,646,1.743428e-01,41.00000,40.00000,500
19,647,1.600546e-01,49.00000,30.00000,532
19,648,1.766690e-01,39.00000,36.00000,499
19,649,1.646162e-01,46.00000,35.00000,517
19,650,1.591385e-01,54.00000,30.00000,533
19,651,1.590975e-01,53.00000,30.00000,548
19,652,1.598197e-01,56.00000,30.00000,541
19,653,1.773374e-01,41.00000,36.00000,491
19,654,1.880502e-01,43.00000,36.00000,500
19,655,1.582638e-01,58.00000,30.00000,541
19,656,1.706040e-01,53.00000,35.00000,537
19,657,1.588689e-01,51.00000,30.00000,554
19,658,1.716015e-01,41.00000,35.00000,514
19,659,1.658341e-01,49.00000,35.00000,518
19,660,1.589213e-01,59.00000,30.00000,554
19,661,1.602478e-01,49.00000,30.00000,536
19,662,1.700488e-01,38.00000,35.00000,531
19,663,1.695169e-01,43.00000,35.00000,498
19,664,1.639128e-01,51.00000,35.00000,524
19,665,1.624332e-01,49.00000,30.00000,536
19,666,1.698886e-01,37.00000,35.00000,509
19,667,1.743408e-01,43.00000,36.00000,502
19,668,1.589429e-01,53.00000,30.00000,537
19,669,1.577981e-01,53.00000,30.00000,542
19,670,1.703227e-01,39.00000,35.00000,525
19,671,1.594312e-01,55.00000,30.00000,536
19,672,1.740534e-01,42.00000,35.00000,493
19,673,1.691799e-01,45.00000,35.00000,497
19,674,1.587138e-01,53.00000,30.00000,530
19,675,1.560547e-01,57.00000,30.00000,545
19,676,1.596630e-01,51.00000,30.00000,548
19,677,1.647979e-01,47.00000,35.00000,524
19,678,1.573059e-01,54.00000,30.00000,538
19,679,1.587638e-01,51.00000,30.00000,549
19,680,1.682370e-01,42.00000,35.00000,521
19,681,1.679141e-01,45.00000,35.00000,511
19,682,1.658912e-01,54.00000,30.00000,525
19,683,1.685881e-01,40.00000,36.00000,542
19,684,1.721390e-01,48.00000,35.00000,520
19,685,1.705056e-01,43.00000,35.00000,516
19,686,1.689280e-01,48.00000,35.00000,516
19,687,1.694454e-01,40.00000,36.00000,505
19,688,1.722211e-01,39.00000,35.00000,515
19,689,1.591243e-01,53.00000,30.00000,538
19,690,1.680441e-01,41.00000,35.00000,515
19,691,1.702871e-01,42.00000,35.00000,497
19,692,1.682778e-01,46.00000,36.00000,507
19,693,1.768528e-01,36.00000,40.00000,519
19,694,1.731059e-01,42.00000,35.00000,498
19,695,1.598216e-01,49.00000,30.00000,528
19,696,1.701352e-01,48.00000,35.00000,516
19,697,1.775187e-01,31.00000,36.00000,515
19,698,1.702022e-01,43.00000,35.00000,511
19,699,1.911860e-01,25.00000,36.00000,435
19,700,1.733250e-01,43.00000,36.00000,522
19,701,1.581753e-01,53.00000,30.00000,537
19,702,1.603873e-01,58.00000,30.00000,547
19,703,1.669084e-01,46.00000,35.00000,519
19,704,1.570875e-01,57.00000,30.00000,545
19,705,1.828735e-01,30.00000,36.00000,474
19,706,1.615157e-01,53.00000,30.00000,551
19,707,1.612706e-01,49.00000,30.00000,523
19,708,1.592066e-01,53.00000,30.00000,528
19,709,1.753342e-01,40.00000,36.00000,490
19,710,1.655169e-01,47.00000,35.00000,506
19,711,1.591338e-01,52.00000,30.00000,543
19,712,1.616145e-01,53.00000,30.00000,529
19,713,1.739419e-01,41.00000,35.00000,481
19,714,1.633034e-01,49.00000,30.00000,532
19,715,1.586588e-01,57.00000,30.00000,545
19,716,1.655980e-01,47.00000,35.00000,515
19,717,1.739644e-01,44.00000,35.00000,502
19,718,1.798068e-01,35.00000,36.00000,472
19,719,1.657475e-01,47.00000,36.00000,516
19,720,1.579653e-01,49.00000,30.00000,548
19,721,1.628869e-01,52.00000,30.00000,517
19,722,1.739058e-01,43.00000,36.00000,500
19,723,1.697123e-01,37.00000,35.00000,513
19,724,1.830972e-01,30.00000,36.00000,487
19,725,1.770270e-01,37.00000,40.00000,486
19,726,1.571338e-01,55.00000,30.00000,537
19,727,1.572273e-01,61.00000,30.00000,565
19,728,1.580159e-01,56.00000,30.00000,535
19,729,1.670229e-01,45.00000,35.00000,507
19,730,1.596286e-01,55.00000,30.00000,538
19,731,1.592816e-01,55.00000,30.00000,536
19,732,1.729358e-01,39.00000,35.00000,508
19,733,1.619414e-01,52.00000,30.00000,534
19,734,1.598218e-01,59.00000,30.00000,554
19,735,1.626714e-01,49.00000,30.00000,524
19,736,1.696264e-01,43.00000,35.00000,502
19,737,1.571347e-01,54.00000,30.00000,541
19,738,1.685099e-01,49.00000,35.00000,516
19,739,1.611684e-01,53.00000,35.00000,531
19,740,1.837842e-01,37.00000,36.00000,475
19,741,1.787853e-01,31.00000,36.00000,475
19,742,1.590082e-01,56.00000,30.00000,534
19,743,1.596118e-01,49.00000,30.00000,537
19,744,1.764447e-01,40.00000,40.00000,487
19,745,1.590998e-01,55.00000,30.00000,558
19,746,1.658173e-01,43.00000,35.00000,523
19,747,1.684371e-01,48.00000,35.00000,516
19,748,1.608069e-01,49.00000,30.00000,525
19,749,1.686735e-01,43.00000,35.00000,518
19,750,1.588636e-01,52.00000,30.00000,546
19,751,1.736655e-01,40.00000,36.00000,489
19,752,1.573245e-01,55.00000,30.00000,546
19,753,1.716307e-01,47.00000,35.00000,507
19,754,1.724169e-01,42.00000,35.00000,494
19,755,1.584561e-01,56.00000,30.00000,540
19,756,1.786212e-01,44.00000,36.00000,495
19,757,1.594489e-01,56.00000,30.00000,546
19,758,1.810711e-01,35.00000,36.00000,480
19,759,1.784360e-01,36.00000,36.00000,491
19,760,1.671880e-01,49.00000,35.00000,516
19,761,1.758163e-01,38.00000,35.00000,525
19,762,1.716574e-01,49.00000,35.00000,516
19,763,1.672539e-01,44.00000,35.00000,524
19,764,1.616878e-01,55.00000,30.00000,548
19,765,1.646278e-01,53.00000,30.00000,527
19,766,1.598002e-01,52.00000,30.00000,541
19,767,1.767149e-01,34.00000,40.00000,494
19,768,1.608023e-01,49.00000,30.00000,550
19,769,1.798467e-01,30.00000,36.00000,474
19,770,1.705561e-01,43.00000,35.00000,515
19,771,1.700635e-01,45.00000,35.00000,515
19,772,1.728857e-01,46.00000,35.00000,510
19,773,1.720484e-01,42.00000,35.00000,513
19,774,1.688040e-01,50.00000,35.00000,528
19,775,1.609792e-01,54.00000,30.00000,545
19,776,1.689211e-01,45.00000,36.00000,507
19,777,1.592121e-01,53.00000,30.00000,529
19,778,1.617345e-01,55.00000,30.00000,536
19,779,1.769584e-01,43.00000,36.00000,505
19,780,1.701498e-01,42.00000,35.00000,500
19,781,1.652852e-01,48.00000,35.00000,525
19,782,1.588637e-01,54.00000,30.00000,537
19,783,1.669435e-01,44.00000,35.00000,510
19,784,1.596702e-01,54.00000,30.00000,540
19,785,1.661073e-01,45.00000,35.00000,516
19,786,1.590862e-01,59.00000,30.00000,558
19,787,1.676841e-01,46.00000,35.00000,514
19,788,1.640903e-01,48.00000,35.00000,522
19,789,1.716837e-01,42.00000,35.00000,501
19,790,1.609688e-01,55.00000,30.00000,538
19,791,1.635523e-01,48.00000,35.00000,516
19,792,1.692702e-01,43.00000,35.00000,506
19,793,1.596544e-01,55.00000,30.00000,537
19,794,1.707747e-01,39.00000,35.00000,503
19,795,1.701187e-01,45.00000,35.00000,501
19,796,1.612212e-01,49.00000,30.00000,534
19,797,1.717961e-01,42.00000,35.00000,509
19,798,1.678355e-01,36.00000,35.00000,519
19,799,1.792264e-01,41.00000,36.00000,501
19,800,1.610665e-01,49.00000,30.00000,524
19,801,1.590860e-01,49.00000,30.00000,551
19,802,1.728169e-01,45.00000,36.00000,508
19,803,1.714896e-01,47.00000,35.00000,505
19,804,1.628323e-01,49.00000,30.00000,551
19,805,1.709880e-01,48.00000,35.00000,518
19,806,1.759926e-01,45.00000,36.00000,515
19,807,1.679203e-01,50.00000,35.00000,528
19,808,1.708809e-01,42.00000,36.00000,505
19,809,1.784011e-01,38.00000,40.00000,498
19,810,1.606144e-01,49.00000,30.00000,552
19,811,1.682844e-01,45.00000,35.00000,523
19,812,1.623388e-01,53.00000,30.00000,528
19,813,1.640972e-01,49.00000,30.00000,512
19,814,1.732191e-01,41.00000,35.00000,497
19,815,1.579142e-01,55.00000,30.00000,538
19,816,1.740474e-01,43.00000,35.00000,497
19,817,1.807597e-01,41.00000,36.00000,490
19,818,1.673388e-01,47.00000,35.00000,506
19,819,1.572791e-01,52.00000,30.00000,560
19,820,1.699086e-01,46.00000,35.00000,515
19,821,1.703318e-01,43.00000,35.00000,514
19,822,1.576442e-01,61.00000,30.00000,564
19,823,1.755012e-01,39.00000,36.00000,488
19,824,1.745372e-01,39.00000,35.00000,476
19,825,1.612176e-01,49.00000,30.00000,522
19,826,1.679061e-01,46.00000,35.00000,514
19,827,1.608343e-01,55.00000,30.00000,535
19,828,1.680358e-01,43.00000,35.00000,514
19,829,1.565515e-01,57.00000,30.00000,544
19,830,1.675890e-01,42.00000,35.00000,513
19,831,1.692768e-01,46.00000,35.00000,510
19,832,1.674112e-01,45.00000,35.00000,500
19,833,1.571415e-01,58.00000,30.00000,549
20,0,1.708684e-01,39.00000,35.00000,527
20,1,1.710282e-01,40.00000,35.00000,520
20,2,1.723755e-01,42.00000,35.00000,490
20,3,1.672915e-01,41.00000,35.00000,519
20,4,1.681008e-01,43.00000,35.00000,528
20,5,1.705799e-01,42.00000,35.00000,511
20,6,1.663586e-01,47.00000,35.00000,521
20,7,1.752774e-01,37.00000,36.00000,519
20,8,1.665874e-01,58.00000,30.00000,543
20,9,1.710461e-01,45.00000,35.00000,499
20,10,1.616333e-01,53.00000,30.00000,537
20,11,1.669347e-01,53.00000,30.00000,530
20,12,1.571710e-01,57.00000,30.00000,542
20,13,1.585438e-01,55.00000,30.00000,542
20,14,1.694743e-01,36.00000,40.00000,520
20,15,1.648427e-01,39.00000,36.00000,536
20,16,1.634644e-01,56.00000,30.00000,529
20,17,1.694849e-01,45.00000,35.00000,523
20,18,1.840790e-01,43.00000,35.00000,486
20,19,1.582311e-01,58.00000,30.00000,537
20,20,1.628477e-01,51.00000,30.00000,540
20,21,1.633872e-01,43.00000,36.00000,529
20,22,1.773467e-01,41.00000,36.00000,488
20,23,1.742387e-01,54.00000,30.00000,524
20,24,1.665990e-01,44.00000,35.00000,514
20,25,1.600312e-01,53.00000,30.00000,535
20,26,1.645342e-01,49.00000,30.00000,523
20,27,1.671561e-01,48.00000,35.00000,514
20,28,1.652464e-01,50.00000,35.00000,526
20,29,1.606219e-01,55.00000,30.00000,533
20,30,1.596796e-01,52.00000,30.00000,546
20,31,1.591278e-01,49.00000,30.00000,538
20,32,1.739022e-01,39.00000,35.00000,514
20,33,1.593592e-01,56.00000,30.00000,541
20,34,1.674080e-01,47.00000,35.00000,516
20,35,1.643848e-01,53.00000,30.00000,525
20,36,1.787254e-01,41.00000,36.00000,488
20,37,1.813218e-01,40.00000,36.00000,477
20,38,1.588677e-01,54.00000,30.00000,549
20,39,1.641290e-01,55.00000,30.00000,535
20,40,1.688338e-01,48.00000,35.00000,513
20,41,1.722133e-01,45.00000,36.00000,506
20,42,1.637855e-01,54.00000,30.00000,534
20,43,1.626506e-01,54.00000,30.00000,542
20,44,1.716832e-01,45.00000,35.00000,508
20,45,1.616461e-01,53.00000,30.00000,540
20,46,1.671285e-01,44.00000,35.00000,522
20,47,1.789440e-01,36.00000,40.00000,491
20,48,1.675180e-01,52.00000,35.00000,535
20,49,1.683385e-01,46.00000,35.00000,508
20,50,1.757091e-01,36.00000,36.00000,521
20,51,1.638537e-01,54.00000,30.00000,524
20,52,1.873161e-01,30.00000,36.00000,486
20,53,1.746932e-01,41.00000,36.00000,502
20,54,1.715467e-01,46.00000,36.00000,516
20,55,1.780172e-01,37.00000,36.00000,484
20,56,1.676264e-01,48.00000,35.00000,514
20,57,1.624642e-01,52.00000,30.00000,544
20,58,1.587743e-01,55.00000,30.00000,534
20,59,1.598876e-01,53.00000,30.00000,534
20,60,1.569648e-01,57.00000,30.00000,550
20,61,1.621196e-01,56.00000,30.00000,530
20,62,1.733083e-01,44.00000,35.00000,510
20,63,1.783735e-01,36.00000,36.00000,488
20,64,1.802996e-01,42.00000,36.00000,491
20,65,1.596419e-01,55.00000,30.00000,539
20,66,1.627320e-01,49.00000,30.00000,538
20,67,1.571046e-01,59.00000,30.00000,552
20,68,1.730547e-01,39.00000,35.00000,490
20,69,1.609853e-01,54.00000,30.00000,526
20,70,1.743490e-01,36.00000,40.00000,484
20,71,1.723084e-01,41.00000,35.00000,505
20,72,1.622539e-01,55.00000,30.00000,534
20,73,1.626857e-01,49.00000,30.00000,515
20,74,1.689923e-01,41.00000,35.00000,526
20,75,1.786803e-01,30.00000,36.00000,506
20,76,1.594722e-01,54.00000,30.00000,535
20,77,1.723845e-01,39.00000,35.00000,509
20,78,1.757421e-01,43.00000,35.00000,497
20,79,1.802307e-01,35.00000,36.00000,480
20,80,1.815540e-01,30.00000,40.00000,488
20,81,1.676119e-01,47.00000,35.00000,519
20,82,1.620318e-01,49.00000,30.00000,531
20,83,1.713572e-01,39.00000,35.00000,521
20,84,1.771613e-01,37.00000,36.00000,504
20,85,1.598798e-01,55.00000,30.00000,544
20,86,1.778798e-01,40.00000,36.00000,479
20,87,1.709780e-01,42.00000,35.00000,510
20,88,1.658390e-01,49.00000,35.00000,514
20,89,1.594372e-01,53.00000,30.00000,526
20,90,1.641179e-01,53.00000,30.00000,526
20,91,1.617241e-01,58.00000,30.00000,545
20,92,1.580888e-01,52.00000,30.00000,548
20,93,1.595554e-01,53.00000,30.00000,539
20,94,1.640745e-01,50.00000,35.00000,536
20,95,1.634690e-01,49.00000,30.00000,523
20,96,1.616871e-01,49.00000,30.00000,537
20,97,1.741437e-01,40.00000,35.00000,496
20,98,1.578140e-01,56.00000,30.00000,532
20,99,1.600492e-01,55.00000,30.00000,534
20,100,1.675466e-01,46.00000,35.00000,513
20,101,1.571400e-01,58.00000,30.00000,553
20,102,1.807072e-01,40.00000,36.00000,478
20,103,1.642427e-01,49.00000,30.00000,509
20,104,1.727096e-01,42.00000,36.00000,506
20,105,1.738565e-01,42.00000,35.00000,510
20,106,1.686357e-01,48.00000,35.00000,515
20,107,1.617950e-01,51.00000,30.00000,533
20,108,1.580668e-01,55.00000,30.00000,544
20,109,1.594710e-01,62.00000,30.00000,562
20,110,1.653641e-01,49.00000,30.00000,511
20,111,1.692120e-01,46.00000,35.00000,516
20,112,1.615586e-01,52.00000,30.00000,520
20,113,1.608886e-01,52.00000,30.00000,531
20,114,1.648358e-01,49.00000,30.00000,523
20,115,1.605187e-01,49.00000,30.00000,552
20,116,1.581147e-01,54.00000,30.00000,535
20,117,1.738356e-01,42.00000,35.00000,503
20,118,1.542847e-01,57.00000,30.00000,571
20,119,1.753699e-01,37.00000,35.00000,506
20,120,1.596345e-01,49.00000,30.00000,544
20,121,1.620888e-01,51.00000,30.00000,533
20,122,1.594003e-01,52.00000,30.00000,528
20,123,1.581504e-01,57.00000,30.00000,549
20,124,1.564603e-01,58.00000,30.00000,539
20,125,1.694227e-01,42.00000,35.00000,508
20,126,1.612324e-01,53.00000,30.00000,533
20,127,1.582046e-01,58.00000,30.00000,549
20,128,1.799979e-01,43.00000,36.00000,508
20,129,1.722930e-01,46.00000,36.00000,505
20,130,1.748804e-01,40.00000,36.00000,492
20,131,1.723063e-01,41.00000,36.00000,490
20,132,1.760156e-01,40.00000,36.00000,479
20,133,1.661368e-01,48.00000,35.00000,516
20,134,1.696122e-01,50.00000,35.00000,527
20,135,1.587829e-01,57.00000,30.00000,545
20,136,1.612989e-01,52.00000,30.00000,524
20,137,1.747570e-01,37.00000,35.00000,487
20,138,1.700961e-01,44.00000,35.00000,502
20,139,1.609294e-01,49.00000,30.00000,543
20,140,1.686109e-01,48.00000,35.00000,515
20,141,1.634107e-01,53.00000,30.00000,533
20,142,1.615225e-01,49.00000,30.00000,522
20,143,1.937065e-01,25.00000,36.00000,447
20,144,1.586867e-01,57.00000,30.00000,546
20,145,1.596384e-01,49.00000,30.00000,560
20,146,1.697345e-01,48.00000,35.00000,515
20,147,1.735200e-01,44.00000,35.00000,502
20,148,1.620417e-01,49.00000,30.00000,524
20,149,1.573588e-01,60.00000,30.00000,551
20,150,1.644427e-01,51.00000,36.00000,534
20,151,1.615839e-01,57.00000,30.00000,552
20,152,1.555803e-01,59.00000,30.00000,552
20,153,1.796669e-01,39.00000,36.00000,488
20,154,1.583054e-01,52.00000,30.00000,540
20,155,1.596863e-01,57.00000,30.00000,544
20,156,1.747992e-01,35.00000,36.00000,490
20,157,1.583309e-01,49.00000,30.00000,555
20,158,1.809531e-01,38.00000,36.00000,472
20,159,1.637722e-01,43.00000,35.00000,523
20,160,1.764318e-01,41.00000,36.00000,492
20,161,1.624582e-01,55.00000,30.00000,536
20,162,1.703868e-01,42.00000,36.00000,538
20,163,1.610150e-01,54.00000,30.00000,525
20,164,1.806341e-01,30.00000,36.00000,486
20,165,1.689868e-01,43.00000,35.00000,519
20,166,1.698511e-01,43.00000,35.00000,525
20,167,1.574428e-01,51.00000,35.00000,549
20,168,1.668489e-01,54.00000,30.00000,525
20,169,1.785496e-01,35.00000,36.00000,496
20,170,1.569475e-01,53.00000,30.00000,543
20,171,1.686023e-01,48.00000,36.00000,513
20,172,1.625222e-01,54.00000,30.00000,532
20,173,1.703074e-01,43.00000,35.00000,515
20,174,1.588102e-01,53.00000,30.00000,533
20,175,1.676567e-01,43.00000,35.00000,506
20,176,1.619822e-01,55.00000,30.00000,536
20,177,1.560285e-01,60.00000,30.00000,551
20,178,1.602874e-01,57.00000,30.00000,554
20,179,1.606142e-01,51.00000,30.00000,538
20,180,1.674866e-01,40.00000,35.00000,526
20,181,1.576942e-01,58.00000,30.00000,540
20,182,1.766959e-01,40.00000,36.00000,487
20,183,1.659504e-01,48.00000,35.00000,521
20,184,1.820792e-01,37.00000,36.00000,477
20,185,1.579732e-01,54.00000,30.00000,552
20,186,1.603088e-01,53.00000,30.00000,528
20,187,1.578048e-01,52.00000,30.00000,536
20,188,1.691124e-01,47.00000,35.00000,505
20,189,1.614355e-01,49.00000,30.00000,533
20,190,1.742612e-01,40.00000,35.00000,485
20,191,1.583434e-01,53.00000,30.00000,549
20,192,1.768032e-01,45.00000,36.00000,507
20,193,1.587686e-01,54.00000,30.00000,531
20,194,1.686118e-01,41.00000,35.00000,521
20,195,1.667645e-01,47.00000,35.00000,514
20,196,1.705840e-01,42.00000,36.00000,502
20,197,1.695670e-01,44.00000,35.00000,514
20,198,1.681069e-01,49.00000,35.00000,517
20,199,1.611667e-01,49.00000,30.00000,554
20,200,1.546745e-01,60.00000,30.00000,557
20,201,1.671093e-01,44.00000,35.00000,515
20,202,1.592284e-01,54.00000,30.00000,525
20,203,1.577422e-01,54.00000,30.00000,543
20,204,1.698817e-01,47.00000,35.00000,516
20,205,1.625841e-01,53.00000,30.00000,528
20,206,1.568390e-01,57.00000,30.00000,546
20,207,1.579532e-01,55.00000,30.00000,545
20,208,1.711114e-01,41.00000,36.00000,512
20,209,1.750040e-01,40.00000,36.00000,495
20,210,1.588014e-01,55.00000,30.00000,545
20,211,1.589325e-01,53.00000,30.00000,527
20,212,1.624018e-01,53.00000,30.00000,527
20,213,1.783762e-01,38.00000,36.00000,481
20,214,1.579673e-01,57.00000,30.00000,545
20,215,1.695719e-01,38.00000,35.00000,514
20,216,1.659730e-01,48.00000,35.00000,519
20,217,1.573342e-01,58.00000,30.00000,546
20,218,1.609565e-01,58.00000,30.00000,542
20,219,1.690527e-01,46.00000,35.00000,522
20,220,1.617765e-01,49.00000,30.00000,550
20,221,1.614465e-01,49.00000,30.00000,529
20,222,1.643302e-01,49.00000,30.00000,520
20,223,1.670838e-01,44.00000,35.00000,515
20,224,1.606332e-01,52.00000,30.00000,527
20,225,1.675886e-01,47.00000,35.00000,512
20,226,1.705993e-01,42.00000,35.00000,508
20,227,1.765070e-01,42.00000,36.00000,524
20,228,1.712487e-01,40.00000,35.00000,504
20,229,1.772162e-01,35.00000,36.00000,478
20,230,1.652563e-01,49.00000,35.00000,524
20,231,1.599291e-01,53.00000,30.00000,527
20,232,1.696059e-01,47.00000,35.00000,505
20,233,1.678151e-01,41.00000,35.00000,515
20,234,1.606725e-01,53.00000,30.00000,535
20,235,1.604906e-01,53.00000,30.00000,535
20,236,1.755592e-01,39.00000,40.00000,492
20,237,1.600298e-01,49.00000,30.00000,538
20,238,1.690105e-01,44.00000,35.00000,513
20,239,1.599633e-01,57.00000,30.00000,544
20,240,1.596549e-01,52.00000,30.00000,525
20,241,1.626477e-01,55.00000,30.00000,536
20,242,1.736206e-01,35.00000,36.00000,492
20,243,1.743694e-01,37.00000,35.00000,508
20,244,1.765389e-01,35.00000,36.00000,506
20,245,1.763866e-01,35.00000,36.00000,484
20,246,1.609016e-01,52.00000,30.00000,546
20,247,1.725119e-01,42.00000,35.00000,520
20,248,1.881508e-01,30.00000,36.00000,456
20,249,1.658565e-01,49.00000,30.00000,521
20,250,1.681780e-01,49.00000,35.00000,515
20,251,1.624738e-01,54.00000,30.00000,525
20,252,1.772760e-01,40.00000,36.00000,505
20,253,1.766732e-01,35.00000,36.00000,506
20,254,1.576300e-01,57.00000,30.00000,545
20,255,1.786780e-01,31.00000,36.00000,486
20,256,1.784662e-01,40.00000,36.00000,483
20,257,1.709609e-01,41.00000,35.00000,503
20,258,1.579673e-01,53.00000,30.00000,555
20,259,1.840270e-01,37.00000,36.00000,474
20,260,1.745504e-01,43.00000,36.00000,505
20,261,1.691375e-01,50.00000,35.00000,528
20,262,1.672236e-01,45.00000,35.00000,513
20,263,1.603812e-01,52.00000,30.00000,559
20,264,1.565468e-01,54.00000,30.00000,581
20,265,1.680309e-01,46.00000,35.00000,523
20,266,1.691195e-01,42.00000,35.00000,508
20,267,1.594220e-01,54.00000,30.00000,563
20,268,1.819228e-01,37.00000,36.00000,474
20,269,1.681675e-01,42.00000,35.00000,514
20,270,1.594593e-01,55.00000,30.00000,554
20,271,1.658148e-01,49.00000,35.00000,515
20,272,1.592492e-01,49.00000,30.00000,549
20,273,1.591723e-01,52.00000,30.00000,541
20,274,1.562838e-01,57.00000,30.00000,551
20,275,1.793317e-01,31.00000,36.00000,495
20,276,1.796107e-01,35.00000,36.00000,468
20,277,1.633410e-01,49.00000,35.00000,536
20,278,1.622252e-01,55.00000,30.00000,551
20,279,1.653689e-01,45.00000,35.00000,516
20,280,1.681071e-01,45.00000,35.00000,513
20,281,1.759762e-01,37.00000,36.00000,487
20,282,1.811561e-01,35.00000,36.00000,469
20,283,1.675060e-01,45.00000,35.00000,514
20,284,1.646867e-01,49.00000,30.00000,513
20,285,1.679537e-01,49.00000,35.00000,522
20,286,1.742987e-01,41.00000,36.00000,492
20,287,1.813928e-01,41.00000,36.00000,490
20,288,1.573963e-01,59.00000,30.00000,554
20,289,1.639014e-01,49.00000,30.00000,533
20,290,1.715348e-01,42.00000,40.00000,519
20,291,1.623098e-01,54.00000,30.00000,526
20,292,1.706050e-01,41.00000,35.00000,527
20,293,1.583640e-01,52.00000,30.00000,534
20,294,1.715851e-01,46.00000,35.00000,511
20,295,1.743686e-01,41.00000,36.00000,491
20,296,1.585345e-01,53.00000,30.00000,536
20,297,1.568155e-01,55.00000,30.00000,564
20,298,1.697124e-01,40.00000,35.00000,525
20,299,1.685751e-01,46.00000,35.00000,514
20,300,1.604401e-01,55.00000,30.00000,542
20,301,1.677817e-01,44.00000,35.00000,523
20,302,1.665124e-01,47.00000,35.00000,512
20,303,1.693193e-01,43.00000,36.00000,503
20,304,1.735333e-01,44.00000,35.00000,504
20,305,1.703873e-01,44.00000,35.00000,504
20,306,1.574931e-01,57.00000,30.00000,545
20,307,1.630482e-01,49.00000,30.00000,523
20,308,1.798079e-01,41.00000,36.00000,506
20,309,1.698529e-01,47.00000,35.00000,505
20,310,1.751730e-01,39.00000,36.00000,498
20,311,1.596584e-01,57.00000,30.00000,547
20,312,1.761242e-01,43.00000,36.00000,499
20,313,1.834253e-01,25.00000,36.00000,480
20,314,1.664224e-01,43.00000,35.00000,522
20,315,1.653939e-01,46.00000,35.00000,527
20,316,1.691087e-01,47.00000,35.00000,510
20,317,1.593364e-01,56.00000,30.00000,577
20,318,1.883439e-01,35.00000,36.00000,466
20,319,1.609683e-01,54.00000,30.00000,527
20,320,1.688537e-01,44.00000,35.00000,512
20,321,1.757309e-01,44.00000,36.00000,494
20,322,1.771374e-01,37.00000,36.00000,487
20,323,1.683906e-01,43.00000,35.00000,497
20,324,1.575358e-01,54.00000,30.00000,555
20,325,1.719404e-01,36.00000,35.00000,509
20,326,1.797629e-01,42.00000,36.00000,488
20,327,1.595360e-01,49.00000,30.00000,543
20,328,1.609892e-01,53.00000,30.00000,534
20,329,1.732791e-01,40.00000,35.00000,502
20,330,1.616081e-01,55.00000,30.00000,544
20,331,1.732341e-01,45.00000,35.00000,502
20,332,1.755646e-01,35.00000,36.00000,501
20,333,1.607143e-01,57.00000,30.00000,552
20,334,1.646147e-01,46.00000,35.00000,519
20,335,1.670745e-01,49.00000,35.00000,526
20,336,1.612735e-01,53.00000,30.00000,532
20,337,1.577809e-01,55.00000,30.00000,560
20,338,1.669064e-01,45.00000,35.00000,519
20,339,1.784588e-01,31.00000,36.00000,490
20,340,1.588816e-01,55.00000,30.00000,546
20,341,1.791995e-01,36.00000,36.00000,468
20,342,1.695750e-01,42.00000,35.00000,503
20,343,1.599060e-01,58.00000,30.00000,542
20,344,1.758770e-01,36.00000,40.00000,484
20,345,1.675743e-01,45.00000,35.00000,526
20,346,1.633043e-01,50.00000,35.00000,541
20,347,1.658889e-01,46.00000,35.00000,535
20,348,1.675662e-01,46.00000,35.00000,527
20,349,1.716331e-01,43.00000,35.00000,526
20,350,1.598299e-01,54.00000,30.00000,529
20,351,1.635973e-01,55.00000,30.00000,537
20,352,1.719249e-01,47.00000,35.00000,507
20,353,1.671645e-01,45.00000,35.00000,511
20,354,1.878276e-01,34.00000,36.00000,463
20,355,1.701557e-01,45.00000,35.00000,518
20,356,1.590819e-01,51.00000,30.00000,562
20,357,1.810086e-01,36.00000,36.00000,478
20,358,1.840091e-01,35.00000,36.00000,473
20,359,1.595093e-01,58.00000,30.00000,542
20,360,1.773141e-01,37.00000,36.00000,483
20,361,1.607337e-01,44.00000,35.00000,555
20,362,1.705553e-01,57.00000,30.00000,546
20,363,1.685351e-01,47.00000,35.00000,513
20,364,1.708472e-01,42.00000,35.00000,525
20,365,1.765668e-01,37.00000,36.00000,487
20,366,1.640137e-01,50.00000,35.00000,559
20,367,1.653116e-01,49.00000,30.00000,542
20,368,1.686151e-01,45.00000,35.00000,523
20,369,1.593273e-01,59.00000,30.00000,554
20,370,1.966847e-01,25.00000,36.00000,412
20,371,1.716077e-01,42.00000,35.00000,495
20,372,1.650591e-01,45.00000,35.00000,514
20,373,1.790898e-01,31.00000,36.00000,518
20,374,1.566508e-01,59.00000,30.00000,563
20,375,1.674253e-01,47.00000,35.00000,513
20,376,1.673062e-01,46.00000,35.00000,512
20,377,1.699053e-01,40.00000,35.00000,514
20,378,1.594503e-01,53.00000,30.00000,542
20,379,1.681428e-01,50.00000,35.00000,529
20,380,1.591243e-01,55.00000,30.00000,537
20,381,1.668779e-01,47.00000,35.00000,515
20,382,1.620015e-01,54.00000,30.00000,529
20,383,1.738495e-01,41.00000,36.00000,493
20,384,1.681552e-01,46.00000,35.00000,513
20,385,1.693285e-01,44.00000,35.00000,518
20,386,1.716915e-01,42.00000,35.00000,512
20,387,1.737427e-01,36.00000,40.00000,499
20,388,1.685804e-01,46.00000,35.00000,529
20,389,1.725589e-01,43.00000,35.00000,497
20,390,1.688540e-01,43.00000,35.00000,515
20,391,1.747387e-01,41.00000,36.00000,499
20,392,1.632596e-01,49.00000,30.00000,529
20,393,1.731468e-01,38.00000,35.00000,505
20,394,1.602255e-01,53.00000,30.00000,538
20,395,1.785135e-01,37.00000,36.00000,495
20,396,1.821245e-01,35.00000,36.00000,469
20,397,1.761530e-01,45.00000,36.00000,516
20,398,1.571822e-01,57.00000,30.00000,551
20,399,1.612217e-01,53.00000,30.00000,542
20,400,1.683864e-01,45.00000,35.00000,510
20,401,1.815848e-01,31.00000,36.00000,490
20,402,1.766961e-01,43.00000,35.00000,499
20,403,1.626411e-01,49.00000,30.00000,536
20,404,1.586675e-01,55.00000,30.00000,555
20,405,1.599284e-01,57.00000,30.00000,545
20,406,1.621206e-01,53.00000,30.00000,527
20,407,1.695518e-01,47.00000,35.00000,527
20,408,1.727668e-01,41.00000,35.00000,492
20,409,1.683095e-01,45.00000,35.00000,518
20,410,1.703484e-01,43.00000,35.00000,500
20,411,1.741177e-01,38.00000,35.00000,490
20,412,1.630518e-01,49.00000,30.00000,534
20,413,1.711343e-01,44.00000,35.00000,507
20,414,1.717066e-01,50.00000,35.00000,529
20,415,1.605651e-01,55.00000,30.00000,537
20,416,1.634530e-01,49.00000,30.00000,518
20,417,1.689471e-01,45.00000,35.00000,514
20,418,1.771353e-01,51.00000,36.00000,534
20,419,1.570296e-01,60.00000,30.00000,552
20,420,1.778702e-01,36.00000,40.00000,494
20,421,1.732677e-01,46.00000,36.00000,522
20,422,1.747941e-01,47.00000,36.00000,517
20,423,1.786967e-01,41.00000,36.00000,493
20,424,1.683720e-01,49.00000,35.00000,516
20,425,1.712238e-01,42.00000,35.00000,501
20,426,1.612707e-01,49.00000,30.00000,536
20,427,1.688923e-01,45.00000,35.00000,509
20,428,1.692872e-01,45.00000,35.00000,509
20,429,1.617292e-01,53.00000,30.00000,542
20,430,1.769831e-01,41.00000,36.00000,491
20,431,1.797439e-01,35.00000,36.00000,495
20,432,1.633623e-01,50.00000,30.00000,541
20,433,1.704850e-01,42.00000,35.00000,521
20,434,1.685402e-01,41.00000,35.00000,509
20,435,1.684889e-01,44.00000,35.00000,523
20,436,1.578799e-01,54.00000,30.00000,553
20,437,1.582980e-01,57.00000,30.00000,547
20,438,1.610503e-01,49.00000,30.00000,548
20,439,1.557345e-01,56.00000,30.00000,561
20,440,1.679981e-01,43.00000,35.00000,530
20,441,1.618967e-01,52.00000,30.00000,535
20,442,1.549582e-01,57.00000,30.00000,558
20,443,1.704389e-01,42.00000,35.00000,497
20,444,1.707567e-01,42.00000,35.00000,515
20,445,1.709782e-01,45.00000,35.00000,495
20,446,1.601339e-01,55.00000,30.00000,557
20,447,1.705017e-01,43.00000,35.00000,514
20,448,1.711597e-01,41.00000,35.00000,519
20,449,1.756425e-01,43.00000,36.00000,500
20,450,1.768292e-01,46.00000,36.00000,506
20,451,1.854402e-01,36.00000,36.00000,504
20,452,1.751583e-01,38.00000,35.00000,506
20,453,1.656894e-01,49.00000,30.00000,517
20,454,1.663978e-01,48.00000,35.00000,517
20,455,1.877024e-01,31.00000,36.00000,457
20,456,1.714311e-01,41.00000,35.00000,540
20,457,1.682246e-01,46.00000,35.00000,512
20,458,1.649772e-01,49.00000,30.00000,519
20,459,1.645500e-01,49.00000,30.00000,532
20,460,1.846125e-01,31.00000,36.00000,474
20,461,1.717256e-01,42.00000,35.00000,514
20,462,1.633155e-01,53.00000,30.00000,528
20,463,1.783639e-01,41.00000,36.00000,495
20,464,1.774647e-01,40.00000,36.00000,486
20,465,1.707169e-01,45.00000,35.00000,510
20,466,1.607628e-01,54.00000,30.00000,544
20,467,1.727754e-01,39.00000,35.00000,519
20,468,1.794133e-01,34.00000,36.00000,510
20,469,1.841004e-01,25.00000,36.00000,477
20,470,1.686253e-01,47.00000,35.00000,506
20,471,1.822787e-01,35.00000,36.00000,493
20,472,1.594237e-01,58.00000,30.00000,546
20,473,1.573453e-01,58.00000,30.00000,546
20,474,1.711143e-01,45.00000,36.00000,514
20,475,1.777751e-01,35.00000,36.00000,500
20,476,1.729337e-01,43.00000,35.00000,499
20,477,1.661881e-01,48.00000,35.00000,521
20,478,1.642431e-01,48.00000,35.00000,517
20,479,1.771778e-01,35.00000,36.00000,486
20,480,1.734980e-01,36.00000,35.00000,512
20,481,1.588101e-01,57.00000,30.00000,546
20,482,1.608875e-01,56.00000,30.00000,542
20,483,1.634853e-01,53.00000,35.00000,551
20,484,1.735582e-01,45.00000,35.00000,509
20,485,1.640924e-01,55.00000,30.00000,540
20,486,1.630733e-01,49.00000,30.00000,539
20,487,1.698963e-01,46.00000,35.00000,512
20,488,1.707916e-01,42.00000,35.00000,508
20,489,1.599706e-01,53.00000,30.00000,550
20,490,1.586148e-01,53.00000,30.00000,546
20,491,1.598832e-01,49.00000,30.00000,548
20,492,1.732455e-01,42.00000,35.00000,500
20,493,1.716483e-01,46.00000,35.00000,517
20,494,1.683880e-01,45.00000,35.00000,511
20,495,1.728374e-01,42.00000,36.00000,502
20,496,1.733274e-01,41.00000,35.00000,482
20,497,1.815055e-01,30.00000,36.00000,483
20,498,1.790970e-01,37.00000,40.00000,486
20,499,1.622935e-01,53.00000,30.00000,529
20,500,1.646106e-01,49.00000,30.00000,515
20,501,1.593433e-01,59.00000,30.00000,558
20,502,1.826635e-01,30.00000,36.00000,487
20,503,1.761752e-01,38.00000,36.00000,486
20,504,1.597750e-01,57.00000,30.00000,545
20,505,1.624459e-01,57.00000,30.00000,545
20,506,1.734473e-01,41.00000,35.00000,496
20,507,1.787738e-01,43.00000,36.00000,500
20,508,1.637982e-01,54.00000,30.00000,526
20,509,1.599786e-01,54.00000,30.00000,545
20,510,1.697328e-01,37.00000,36.00000,536
20,511,1.680139e-01,47.00000,35.00000,515
20,512,1.648719e-01,49.00000,30.00000,524
20,513,1.603705e-01,53.00000,30.00000,528
20,514,1.629206e-01,55.00000,30.00000,537
20,515,1.686511e-01,47.00000,35.00000,529
20,516,1.724710e-01,45.00000,35.00000,502
20,517,1.717234e-01,40.00000,35.00000,520
20,518,1.673452e-01,46.00000,35.00000,520
20,519,1.844621e-01,43.00000,36.00000,504
20,520,1.684641e-01,42.00000,35.00000,509
20,521,1.722928e-01,44.00000,35.00000,510
20,522,1.578456e-01,54.00000,30.00000,546
20,523,1.612134e-01,52.00000,30.00000,527
20,524,1.611899e-01,53.00000,30.00000,528
20,525,1.632290e-01,54.00000,30.00000,540
20,526,1.715446e-01,42.00000,35.00000,512
20,527,1.695493e-01,43.00000,35.00000,512
20,528,1.614618e-01,58.00000,30.00000,540
20,529,1.824272e-01,31.00000,36.00000,466
20,530,1.707572e-01,46.00000,35.00000,515
20,531,1.712190e-01,43.00000,35.00000,511
20,532,1.639653e-01,49.00000,30.00000,539
20,533,1.719933e-01,42.00000,35.00000,504
20,534,1.665603e-01,51.00000,35.00000,531
20,535,1.607378e-01,57.00000,30.00000,545
20,536,1.589111e-01,54.00000,30.00000,548
20,537,1.698127e-01,43.00000,35.00000,508
20,538,1.692179e-01,44.00000,35.00000,519
20,539,1.624985e-01,54.00000,30.00000,534
20,540,1.622555e-01,49.00000,30.00000,545
20,541,1.580984e-01,55.00000,30.00000,540
20,542,1.749963e-01,42.00000,36.00000,489
20,543,1.597105e-01,49.00000,30.00000,547
20,544,1.578431e-01,56.00000,30.00000,544
20,545,1.725859e-01,47.00000,35.00000,506
20,546,1.605240e-01,54.00000,30.00000,528
20,547,1.608051e-01,49.00000,30.00000,525
20,548,1.675401e-01,49.00000,30.00000,511
20,549,1.717423e-01,45.00000,35.00000,495
20,550,1.864980e-01,31.00000,36.00000,477
20,551,1.635295e-01,49.00000,30.00000,534
20,552,1.704169e-01,46.00000,35.00000,511
20,553,1.634970e-01,49.00000,30.00000,543
20,554,1.796391e-01,35.00000,36.00000,489
20,555,1.597744e-01,55.00000,30.00000,539
20,556,1.616671e-01,53.00000,30.00000,529
20,557,1.750630e-01,37.00000,36.00000,504
20,558,1.690325e-01,48.00000,35.00000,534
20,559,1.658210e-01,48.00000,35.00000,519
20,560,1.737167e-01,43.00000,36.00000,505
20,561,1.607080e-01,51.00000,30.00000,549
20,562,1.637342e-01,49.00000,30.00000,515
20,563,1.694680e-01,45.00000,35.00000,495
20,564,1.619687e-01,53.00000,30.00000,527
20,565,1.704893e-01,40.00000,35.00000,505
20,566,1.724297e-01,35.00000,36.00000,517
20,567,1.632313e-01,49.00000,30.00000,524
20,568,1.576352e-01,59.00000,30.00000,557
20,569,1.803240e-01,31.00000,36.00000,479
20,570,1.639891e-01,49.00000,30.00000,529
20,571,1.581624e-01,57.00000,30.00000,545
20,572,1.725546e-01,42.00000,35.00000,506
20,573,1.710467e-01,39.00000,35.00000,513
20,574,1.616974e-01,52.00000,30.00000,546
20,575,1.723084e-01,40.00000,40.00000,487
20,576,1.762150e-01,37.00000,36.00000,526
20,577,1.590685e-01,56.00000,30.00000,538
20,578,1.782451e-01,36.00000,36.00000,496
20,579,1.603224e-01,53.00000,30.00000,537
20,580,1.763251e-01,37.00000,36.00000,501
20,581,1.722863e-01,45.00000,35.00000,495
20,582,1.698743e-01,45.00000,35.00000,510
20,583,1.652641e-01,50.00000,35.00000,529
20,584,1.683853e-01,50.00000,35.00000,528
20,585,1.580954e-01,61.00000,30.00000,567
20,586,1.587462e-01,51.00000,30.00000,540
20,587,1.709443e-01,42.00000,35.00000,507
20,588,1.766604e-01,36.00000,40.00000,499
20,589,1.625289e-01,54.00000,30.00000,528
20,590,1.715582e-01,48.00000,35.00000,517
20,591,1.722179e-01,42.00000,35.00000,510
20,592,1.844680e-01,42.00000,36.00000,489
20,593,1.737735e-01,41.00000,36.00000,505
20,594,1.706982e-01,46.00000,35.00000,510
20,595,1.702817e-01,45.00000,35.00000,496
20,596,1.598184e-01,53.00000,30.00000,529
20,597,1.715119e-01,38.00000,35.00000,508
20,598,1.611055e-01,57.00000,30.00000,545
20,599,1.600824e-01,54.00000,30.00000,536
20,600,1.726656e-01,45.00000,35.00000,497
20,601,1.670800e-01,48.00000,35.00000,517
20,602,1.712670e-01,39.00000,35.00000,515
20,603,1.656140e-01,48.00000,35.00000,529
20,604,1.640749e-01,49.00000,30.00000,521
20,605,1.587528e-01,52.00000,30.00000,528
20,606,1.701025e-01,47.00000,36.00000,523
20,607,1.589465e-01,55.00000,30.00000,537
20,608,1.736057e-01,42.00000,35.00000,493
20,609,1.583834e-01,59.00000,30.00000,554
20,610,1.581511e-01,54.00000,30.00000,545
20,611,1.615115e-01,49.00000,30.00000,542
20,612,1.692772e-01,36.00000,35.00000,507
20,613,1.702961e-01,46.00000,35.00000,514
20,614,1.699145e-01,48.00000,35.00000,516
20,615,1.662844e-01,48.00000,35.00000,516
20,616,1.704883e-01,45.00000,35.00000,496
20,617,1.633248e-01,53.00000,30.00000,536
20,618,1.606180e-01,49.00000,30.00000,536
20,619,1.705500e-01,48.00000,35.00000,523
20,620,1.669395e-01,50.00000,35.00000,535
20,621,1.614085e-01,54.00000,30.00000,534
20,622,1.748447e-01,41.00000,36.00000,517
20,623,1.704683e-01,43.00000,35.00000,511
20,624,1.602764e-01,57.00000,30.00000,554
20,625,1.590240e-01,57.00000,30.00000,545
20,626,1.717294e-01,46.00000,35.00000,512
20,627,1.794168e-01,37.00000,36.00000,492
20,628,1.777298e-01,35.00000,36.00000,511
20,629,1.788987e-01,34.00000,40.00000,502
20,630,1.628596e-01,49.00000,30.00000,521
20,631,1.657688e-01,51.00000,35.00000,534
20,632,1.592082e-01,57.00000,30.00000,545
20,633,1.715564e-01,42.00000,35.00000,512
20,634,1.710720e-01,46.00000,35.00000,512
20,635,1.771299e-01,37.00000,36.00000,501
20,636,1.664488e-01,52.00000,35.00000,538
20,637,1.664100e-01,47.00000,35.00000,517
20,638,1.748686e-01,43.00000,36.00000,506
20,639,1.808141e-01,35.00000,36.00000,480
20,640,1.590624e-01,58.00000,30.00000,548
20,641,1.709873e-01,47.00000,35.00000,514
20,642,1.741102e-01,41.00000,35.00000,486
20,643,1.649817e-01,49.00000,30.00000,521
20,644,1.671459e-01,48.00000,35.00000,524
20,645,1.611010e-01,53.00000,30.00000,545
20,646,1.667623e-01,50.00000,35.00000,540
20,647,1.594625e-01,52.00000,30.00000,553
20,648,1.696264e-01,43.00000,35.00000,515
20,649,1.668282e-01,48.00000,35.00000,520
20,650,1.822725e-01,36.00000,36.00000,478
20,651,1.634360e-01,52.00000,30.00000,529
20,652,1.699947e-01,47.00000,35.00000,521
20,653,1.815578e-01,41.00000,36.00000,509
20,654,1.584847e-01,55.00000,30.00000,551
20,655,1.567359e-01,57.00000,30.00000,561
20,656,1.683140e-01,43.00000,35.00000,513
20,657,1.822104e-01,25.00000,36.00000,503
20,658,1.733688e-01,42.00000,35.00000,494
20,659,1.651066e-01,48.00000,35.00000,529
20,660,1.729814e-01,42.00000,35.00000,501
20,661,1.700629e-01,41.00000,40.00000,524
20,662,1.613192e-01,54.00000,30.00000,558
20,663,1.679465e-01,47.00000,35.00000,515
20,664,1.703048e-01,43.00000,35.00000,509
20,665,1.629121e-01,56.00000,30.00000,542
20,666,1.626241e-01,52.00000,30.00000,517
20,667,1.605575e-01,60.00000,30.00000,552
20,668,1.742912e-01,38.00000,36.00000,503
20,669,1.676799e-01,45.00000,35.00000,523
20,670,1.706716e-01,42.00000,35.00000,535
20,671,1.796729e-01,37.00000,40.00000,486
20,672,1.602288e-01,53.00000,30.00000,543
20,673,1.713465e-01,38.00000,35.00000,523
20,674,1.621841e-01,57.00000,30.00000,548
20,675,1.685150e-01,47.00000,35.00000,517
20,676,1.638685e-01,49.00000,30.00000,526
20,677,1.798241e-01,34.00000,36.00000,496
20,678,1.635303e-01,49.00000,30.00000,537
20,679,1.815678e-01,37.00000,36.00000,494
20,680,1.729917e-01,45.00000,35.00000,496
20,681,1.740362e-01,43.00000,35.00000,491
20,682,1.603836e-01,53.00000,30.00000,535
20,683,1.628864e-01,49.00000,30.00000,526
20,684,1.615720e-01,50.00000,30.00000,533
20,685,1.629260e-01,54.00000,30.00000,528
20,686,1.711712e-01,40.00000,35.00000,505
20,687,1.637940e-01,56.00000,30.00000,532
20,688,1.579930e-01,59.00000,30.00000,554
20,689,1.754685e-01,43.00000,35.00000,491
20,690,1.811103e-01,39.00000,36.00000,483
20,691,1.600116e-01,53.00000,30.00000,545
20,692,1.689468e-01,46.00000,35.00000,514
20,693,1.678783e-01,41.00000,35.00000,518
20,694,1.770545e-01,37.00000,35.00000,483
20,695,1.615677e-01,54.00000,30.00000,528
20,696,1.628788e-01,49.00000,30.00000,535
20,697,1.620119e-01,53.00000,30.00000,527
20,698,1.627570e-01,49.00000,30.00000,529
20,699,1.617923e-01,54.00000,30.00000,526
20,700,1.621471e-01,49.00000,30.00000,533
20,701,1.716872e-01,36.00000,35.00000,509
20,702,1.679330e-01,46.00000,35.00000,516
20,703,1.608679e-01,53.00000,30.00000,538
20,704,1.686867e-01,46.00000,35.00000,515
20,705,1.680349e-01,46.00000,35.00000,513
20,706,1.566560e-01,55.00000,30.00000,555
20,707,1.686430e-01,43.00000,35.00000,529
20,708,1.632984e-01,49.00000,30.00000,533
20,709,1.602176e-01,56.00000,30.00000,537
20,710,1.740541e-01,40.00000,35.00000,503
20,711,1.708474e-01,43.00000,35.00000,510
20,712,1.598343e-01,49.00000,30.00000,538
20,713,1.597736e-01,57.00000,30.00000,548
20,714,1.584066e-01,54.00000,30.00000,535
20,715,1.617921e-01,55.00000,30.00000,536
20,716,1.577607e-01,55.00000,30.00000,542
20,717,1.608970e-01,49.00000,30.00000,538
20,718,1.595021e-01,52.00000,30.00000,551
20,719,1.608476e-01,59.00000,30.00000,554
20,720,1.679673e-01,49.00000,35.00000,516
20,721,1.708533e-01,45.00000,35.00000,517
20,722,1.659250e-01,43.00000,35.00000,526
20,723,1.797862e-01,43.00000,36.00000,499
20,724,1.735477e-01,47.00000,36.00000,516
20,725,1.732067e-01,40.00000,35.00000,514
20,726,1.632864e-01,49.00000,30.00000,544
20,727,1.817144e-01,35.00000,36.00000,474
20,728,1.784453e-01,36.00000,36.00000,488
20,729,1.718378e-01,39.00000,35.00000,506
20,730,1.642480e-01,49.00000,30.00000,528
20,731,1.793521e-01,37.00000,36.00000,478
20,732,1.808176e-01,37.00000,36.00000,485
20,733,1.644806e-01,54.00000,30.00000,527
20,734,1.729627e-01,42.00000,35.00000,516
20,735,1.670519e-01,46.00000,35.00000,511
20,736,1.740712e-01,49.00000,35.00000,519
20,737,1.670568e-01,50.00000,35.00000,530
20,738,1.713268e-01,41.00000,35.00000,530
20,739,1.735031e-01,46.00000,35.00000,511
20,740,1.690751e-01,42.00000,35.00000,535
20,741,1.611344e-01,54.00000,30.00000,530
20,742,1.817247e-01,31.00000,36.00000,482
20,743,1.675197e-01,46.00000,35.00000,517
20,744,1.635480e-01,53.00000,30.00000,528
20,745,1.722916e-01,48.00000,35.00000,517
20,746,1.651111e-01,55.00000,30.00000,537
20,747,1.750172e-01,36.00000,40.00000,513
20,748,1.595172e-01,60.00000,30.00000,552
20,749,1.700556e-01,47.00000,36.00000,523
20,750,1.758988e-01,38.00000,40.00000,509
20,751,1.723585e-01,46.00000,35.00000,512
20,752,1.788506e-01,37.00000,35.00000,480
20,753,1.714871e-01,46.00000,35.00000,518
20,754,1.690335e-01,42.00000,35.00000,519
20,755,1.787394e-01,30.00000,36.00000,515
20,756,1.682030e-01,48.00000,35.00000,516
20,757,1.811603e-01,37.00000,36.00000,475
20,758,1.760736e-01,41.00000,36.00000,491
20,759,1.807430e-01,38.00000,40.00000,482
20,760,1.688550e-01,47.00000,35.00000,512
20,761,1.695059e-01,42.00000,35.00000,522
20,762,1.820973e-01,31.00000,36.00000,488
20,763,1.755641e-01,45.00000,36.00000,508
20,764,1.753880e-01,44.00000,35.00000,512
20,765,1.695402e-01,47.00000,35.00000,506
20,766,1.781805e-01,47.00000,36.00000,516
20,767,1.810484e-01,25.00000,36.00000,488
20,768,1.715027e-01,41.00000,35.00000,509
20,769,1.690870e-01,44.00000,35.00000,513
20,770,1.772497e-01,40.00000,36.00000,481
20,771,1.765593e-01,43.00000,35.00000,490
20,772,1.710388e-01,43.00000,36.00000,507
20,773,1.711503e-01,48.00000,35.00000,522
20,774,1.593837e-01,59.00000,30.00000,554
20,775,1.807121e-01,31.00000,36.00000,489
20,776,1.618264e-01,59.00000,30.00000,557
20,777,1.851237e-01,30.00000,36.00000,485
20,778,1.689560e-01,41.00000,35.00000,540
20,779,1.618304e-01,49.00000,30.00000,550
20,780,1.609978e-01,49.00000,30.00000,539
20,781,1.814046e-01,35.00000,36.00000,481
20,782,1.739264e-01,41.00000,36.00000,501
20,783,1.616651e-01,54.00000,30.00000,543
20,784,1.687213e-01,40.00000,35.00000,531
20,785,1.881997e-01,39.00000,36.00000,489
20,786,1.685601e-01,42.00000,35.00000,515
20,787,1.708429e-01,48.00000,35.00000,522
20,788,1.738423e-01,38.00000,35.00000,505
20,789,1.665355e-01,48.00000,35.00000,516
20,790,1.624420e-01,58.00000,30.00000,541
20,791,1.801160e-01,36.00000,35.00000,484
20,792,1.796897e-01,43.00000,35.00000,492
20,793,1.700475e-01,47.00000,35.00000,506
20,794,1.596397e-01,61.00000,30.00000,564
20,795,1.642733e-01,49.00000,30.00000,524
20,796,1.675913e-01,48.00000,35.00000,516
20,797,1.608519e-01,54.00000,30.00000,526
20,798,1.644377e-01,49.00000,30.00000,525
20,799,1.845471e-01,34.00000,36.00000,458
20,800,1.732070e-01,43.00000,35.00000,500
20,801,1.798963e-01,39.00000,36.00000,489
20,802,1.716359e-01,43.00000,35.00000,494
20,803,1.734330e-01,42.00000,35.00000,521
20,804,1.620959e-01,49.00000,30.00000,543
20,805,1.619106e-01,53.00000,30.00000,530
20,806,1.841857e-01,40.00000,36.00000,480
20,807,1.620148e-01,57.00000,30.00000,545
20,808,1.751407e-01,45.00000,35.00000,495
20,809,1.802960e-01,35.00000,40.00000,492
20,810,1.711904e-01,45.00000,35.00000,501
20,811,1.692023e-01,46.00000,35.00000,517
20,812,1.621059e-01,49.00000,30.00000,545
20,813,1.593805e-01,55.00000,30.00000,536
20,814,1.609499e-01,57.00000,30.00000,545
20,815,1.711755e-01,42.00000,35.00000,508
20,816,1.686416e-01,45.00000,35.00000,516
20,817,1.620881e-01,56.00000,30.00000,531
20,818,1.691484e-01,48.00000,35.00000,523
20,819,1.594186e-01,49.00000,30.00000,549
20,820,1.620439e-01,58.00000,30.00000,539
20,821,1.584489e-01,56.00000,30.00000,544
20,822,1.656433e-01,48.00000,35.00000,524
20,823,1.728697e-01,42.00000,35.00000,494
20,824,1.701445e-01,45.00000,35.00000,500
20,825,1.601925e-01,49.00000,30.00000,541
20,826,1.686407e-01,47.00000,35.00000,529
20,827,1.727664e-01,43.00000,35.00000,510
20,828,1.906045e-01,31.00000,36.00000,449
20,829,1.590862e-01,55.00000,30.00000,554
20,830,1.611240e-01,54.00000,30.00000,532
20,831,1.624576e-01,54.00000,30.00000,528
20,832,1.716188e-01,42.00000,35.00000,514
20,833,1.649700e-01,53.00000,30.00000,526
