Directory logs_PKT_chunks/iic-train-l2-seed0-KNN-ep1000/classifiers for saving the classifiers is now present
VisionTransformer(
  (patch_embed): PatchEmbed(
    (proj): Conv2d(3, 768, kernel_size=(15, 15), stride=(15, 15))
  )
  (blocks): ModuleList(
    (0-11): 12 x Block(
      (norm1): LayerNorm((768,), eps=1e-06, elementwise_affine=True)
      (attn): Attention(
        (qkv): Linear(in_features=768, out_features=2304, bias=True)
        (attn_drop): Dropout(p=0.0, inplace=False)
        (proj): Linear(in_features=768, out_features=768, bias=True)
        (proj_drop): Dropout(p=0.0, inplace=False)
      )
      (drop_path): Identity()
      (norm2): LayerNorm((768,), eps=1e-06, elementwise_affine=True)
      (mlp): MLP(
        (fc1): Linear(in_features=768, out_features=3072, bias=True)
        (act): GELU(approximate='none')
        (fc2): Linear(in_features=3072, out_features=768, bias=True)
        (drop): Dropout(p=0.0, inplace=False)
      )
    )
  )
  (norm): LayerNorm((768,), eps=1e-06, elementwise_affine=True)
)
Extracting features and saving them in memory..
Extracting features...
Time taken to extract features: 24.239991830982035
Epoch: 1/200 Train accuracy: 4.18769e-01 Validation accuracy: 6.22333e-01 Training loss 1.25160e-02 Validation loss 1.01649e-02 Time taken: 0.10 seconds 
Epoch: 2/200 Train accuracy: 6.92746e-01 Validation accuracy: 6.98333e-01 Training loss 8.61216e-03 Validation loss 8.03291e-03 Time taken: 0.08 seconds 
Epoch: 3/200 Train accuracy: 7.30868e-01 Validation accuracy: 7.25667e-01 Training loss 7.15256e-03 Validation loss 7.02022e-03 Time taken: 0.08 seconds 
Epoch: 4/200 Train accuracy: 7.49038e-01 Validation accuracy: 7.43333e-01 Training loss 6.38336e-03 Validation loss 6.39524e-03 Time taken: 0.08 seconds 
Epoch: 5/200 Train accuracy: 7.59655e-01 Validation accuracy: 7.58000e-01 Training loss 5.90597e-03 Validation loss 5.99812e-03 Time taken: 0.08 seconds 
Epoch: 6/200 Train accuracy: 7.70272e-01 Validation accuracy: 7.65667e-01 Training loss 5.57569e-03 Validation loss 5.71585e-03 Time taken: 0.08 seconds 
Epoch: 7/200 Train accuracy: 7.76044e-01 Validation accuracy: 7.75333e-01 Training loss 5.33056e-03 Validation loss 5.49326e-03 Time taken: 0.08 seconds 
Epoch: 8/200 Train accuracy: 7.83953e-01 Validation accuracy: 7.80667e-01 Training loss 5.15156e-03 Validation loss 5.31428e-03 Time taken: 0.08 seconds 
Epoch: 9/200 Train accuracy: 7.88229e-01 Validation accuracy: 7.83333e-01 Training loss 5.00121e-03 Validation loss 5.19338e-03 Time taken: 0.08 seconds 
Epoch: 10/200 Train accuracy: 7.91578e-01 Validation accuracy: 7.85667e-01 Training loss 4.88269e-03 Validation loss 5.07405e-03 Time taken: 0.08 seconds 
Epoch: 11/200 Train accuracy: 7.93216e-01 Validation accuracy: 7.87667e-01 Training loss 4.78681e-03 Validation loss 4.96697e-03 Time taken: 0.08 seconds 
Epoch: 12/200 Train accuracy: 7.96993e-01 Validation accuracy: 7.89667e-01 Training loss 4.69711e-03 Validation loss 4.89796e-03 Time taken: 0.08 seconds 
Epoch: 13/200 Train accuracy: 7.98276e-01 Validation accuracy: 7.90333e-01 Training loss 4.62364e-03 Validation loss 4.81584e-03 Time taken: 0.08 seconds 
Epoch: 14/200 Train accuracy: 8.00271e-01 Validation accuracy: 7.91333e-01 Training loss 4.55813e-03 Validation loss 4.75965e-03 Time taken: 0.08 seconds 
Epoch: 15/200 Train accuracy: 8.04404e-01 Validation accuracy: 7.94333e-01 Training loss 4.50059e-03 Validation loss 4.70053e-03 Time taken: 0.08 seconds 
Epoch: 16/200 Train accuracy: 8.04831e-01 Validation accuracy: 7.95000e-01 Training loss 4.45917e-03 Validation loss 4.65296e-03 Time taken: 0.08 seconds 
Epoch: 17/200 Train accuracy: 8.06114e-01 Validation accuracy: 7.94000e-01 Training loss 4.40690e-03 Validation loss 4.63949e-03 Time taken: 0.08 seconds 
Epoch: 18/200 Train accuracy: 8.09106e-01 Validation accuracy: 7.95333e-01 Training loss 4.36777e-03 Validation loss 4.56197e-03 Time taken: 0.12 seconds 
Epoch: 19/200 Train accuracy: 8.10674e-01 Validation accuracy: 7.97667e-01 Training loss 4.32882e-03 Validation loss 4.53508e-03 Time taken: 0.14 seconds 
Epoch: 20/200 Train accuracy: 8.11814e-01 Validation accuracy: 7.98000e-01 Training loss 4.29864e-03 Validation loss 4.50614e-03 Time taken: 0.15 seconds 
Epoch: 21/200 Train accuracy: 8.13382e-01 Validation accuracy: 8.01000e-01 Training loss 4.26884e-03 Validation loss 4.46711e-03 Time taken: 0.15 seconds 
Epoch: 22/200 Train accuracy: 8.14451e-01 Validation accuracy: 8.01333e-01 Training loss 4.24066e-03 Validation loss 4.45324e-03 Time taken: 0.14 seconds 
Epoch: 23/200 Train accuracy: 8.14736e-01 Validation accuracy: 8.01667e-01 Training loss 4.21455e-03 Validation loss 4.41256e-03 Time taken: 0.14 seconds 
Epoch: 24/200 Train accuracy: 8.16089e-01 Validation accuracy: 8.00333e-01 Training loss 4.18652e-03 Validation loss 4.38964e-03 Time taken: 0.13 seconds 
Epoch: 25/200 Train accuracy: 8.16731e-01 Validation accuracy: 8.07333e-01 Training loss 4.16434e-03 Validation loss 4.39984e-03 Time taken: 0.17 seconds 
Epoch: 26/200 Train accuracy: 8.19367e-01 Validation accuracy: 8.08333e-01 Training loss 4.15021e-03 Validation loss 4.36075e-03 Time taken: 0.16 seconds 
Epoch: 27/200 Train accuracy: 8.17657e-01 Validation accuracy: 8.09667e-01 Training loss 4.13063e-03 Validation loss 4.34844e-03 Time taken: 0.14 seconds 
Epoch: 28/200 Train accuracy: 8.17515e-01 Validation accuracy: 8.05667e-01 Training loss 4.11138e-03 Validation loss 4.33532e-03 Time taken: 0.14 seconds 
Epoch: 29/200 Train accuracy: 8.20935e-01 Validation accuracy: 8.08000e-01 Training loss 4.08858e-03 Validation loss 4.29948e-03 Time taken: 0.15 seconds 
Epoch: 30/200 Train accuracy: 8.18868e-01 Validation accuracy: 8.09333e-01 Training loss 4.06859e-03 Validation loss 4.28050e-03 Time taken: 0.14 seconds 
Epoch: 31/200 Train accuracy: 8.21861e-01 Validation accuracy: 8.12667e-01 Training loss 4.05131e-03 Validation loss 4.28383e-03 Time taken: 0.16 seconds 
Epoch: 32/200 Train accuracy: 8.19581e-01 Validation accuracy: 8.11000e-01 Training loss 4.04048e-03 Validation loss 4.24712e-03 Time taken: 0.15 seconds 
Epoch: 33/200 Train accuracy: 8.21434e-01 Validation accuracy: 8.14000e-01 Training loss 4.02657e-03 Validation loss 4.24081e-03 Time taken: 0.15 seconds 
Epoch: 34/200 Train accuracy: 8.22930e-01 Validation accuracy: 8.13333e-01 Training loss 4.01444e-03 Validation loss 4.23233e-03 Time taken: 0.14 seconds 
Epoch: 35/200 Train accuracy: 8.23714e-01 Validation accuracy: 8.12667e-01 Training loss 3.99992e-03 Validation loss 4.21308e-03 Time taken: 0.15 seconds 
Epoch: 36/200 Train accuracy: 8.24355e-01 Validation accuracy: 8.12000e-01 Training loss 3.99163e-03 Validation loss 4.21933e-03 Time taken: 0.15 seconds 
Epoch: 37/200 Train accuracy: 8.22716e-01 Validation accuracy: 8.12000e-01 Training loss 3.97978e-03 Validation loss 4.19164e-03 Time taken: 0.10 seconds 
Epoch: 38/200 Train accuracy: 8.25139e-01 Validation accuracy: 8.10000e-01 Training loss 3.97001e-03 Validation loss 4.18567e-03 Time taken: 0.08 seconds 
Epoch: 39/200 Train accuracy: 8.23856e-01 Validation accuracy: 8.14333e-01 Training loss 3.96010e-03 Validation loss 4.16718e-03 Time taken: 0.08 seconds 
Epoch: 40/200 Train accuracy: 8.24141e-01 Validation accuracy: 8.13000e-01 Training loss 3.94569e-03 Validation loss 4.15649e-03 Time taken: 0.08 seconds 
Epoch: 41/200 Train accuracy: 8.24141e-01 Validation accuracy: 8.16000e-01 Training loss 3.93569e-03 Validation loss 4.16394e-03 Time taken: 0.08 seconds 
Epoch: 42/200 Train accuracy: 8.24711e-01 Validation accuracy: 8.12000e-01 Training loss 3.92956e-03 Validation loss 4.16498e-03 Time taken: 0.08 seconds 
Epoch: 43/200 Train accuracy: 8.27633e-01 Validation accuracy: 8.13000e-01 Training loss 3.92308e-03 Validation loss 4.13743e-03 Time taken: 0.08 seconds 
Epoch: 44/200 Train accuracy: 8.27918e-01 Validation accuracy: 8.18333e-01 Training loss 3.92019e-03 Validation loss 4.12923e-03 Time taken: 0.08 seconds 
Epoch: 45/200 Train accuracy: 8.27205e-01 Validation accuracy: 8.16333e-01 Training loss 3.90765e-03 Validation loss 4.11329e-03 Time taken: 0.08 seconds 
Epoch: 46/200 Train accuracy: 8.27134e-01 Validation accuracy: 8.17333e-01 Training loss 3.89437e-03 Validation loss 4.12731e-03 Time taken: 0.08 seconds 
Epoch: 47/200 Train accuracy: 8.28274e-01 Validation accuracy: 8.16333e-01 Training loss 3.88202e-03 Validation loss 4.10396e-03 Time taken: 0.08 seconds 
Epoch: 48/200 Train accuracy: 8.26422e-01 Validation accuracy: 8.19667e-01 Training loss 3.87852e-03 Validation loss 4.09035e-03 Time taken: 0.08 seconds 
Epoch: 49/200 Train accuracy: 8.26849e-01 Validation accuracy: 8.18333e-01 Training loss 3.86524e-03 Validation loss 4.11440e-03 Time taken: 0.08 seconds 
Epoch: 50/200 Train accuracy: 8.28630e-01 Validation accuracy: 8.19667e-01 Training loss 3.86010e-03 Validation loss 4.09357e-03 Time taken: 0.08 seconds 
Epoch: 51/200 Train accuracy: 8.28915e-01 Validation accuracy: 8.18667e-01 Training loss 3.85590e-03 Validation loss 4.07236e-03 Time taken: 0.08 seconds 
Epoch: 52/200 Train accuracy: 8.28702e-01 Validation accuracy: 8.19000e-01 Training loss 3.84087e-03 Validation loss 4.10003e-03 Time taken: 0.08 seconds 
Epoch: 53/200 Train accuracy: 8.28060e-01 Validation accuracy: 8.15333e-01 Training loss 3.84303e-03 Validation loss 4.09735e-03 Time taken: 0.08 seconds 
Epoch: 54/200 Train accuracy: 8.28274e-01 Validation accuracy: 8.15667e-01 Training loss 3.84032e-03 Validation loss 4.05357e-03 Time taken: 0.08 seconds 
Epoch: 55/200 Train accuracy: 8.29129e-01 Validation accuracy: 8.21667e-01 Training loss 3.83263e-03 Validation loss 4.05303e-03 Time taken: 0.08 seconds 
Epoch: 56/200 Train accuracy: 8.29557e-01 Validation accuracy: 8.18000e-01 Training loss 3.82970e-03 Validation loss 4.04407e-03 Time taken: 0.08 seconds 
Epoch: 57/200 Train accuracy: 8.29486e-01 Validation accuracy: 8.19667e-01 Training loss 3.82059e-03 Validation loss 4.06957e-03 Time taken: 0.08 seconds 
Epoch: 58/200 Train accuracy: 8.28702e-01 Validation accuracy: 8.19333e-01 Training loss 3.81251e-03 Validation loss 4.03163e-03 Time taken: 0.08 seconds 
Epoch: 59/200 Train accuracy: 8.29414e-01 Validation accuracy: 8.18000e-01 Training loss 3.80875e-03 Validation loss 4.03549e-03 Time taken: 0.08 seconds 
Epoch: 60/200 Train accuracy: 8.30412e-01 Validation accuracy: 8.22000e-01 Training loss 3.80371e-03 Validation loss 4.04441e-03 Time taken: 0.08 seconds 
Epoch: 61/200 Train accuracy: 8.29486e-01 Validation accuracy: 8.22667e-01 Training loss 3.79957e-03 Validation loss 4.02277e-03 Time taken: 0.08 seconds 
Epoch: 62/200 Train accuracy: 8.28345e-01 Validation accuracy: 8.21667e-01 Training loss 3.79964e-03 Validation loss 4.06291e-03 Time taken: 0.08 seconds 
Epoch: 63/200 Train accuracy: 8.30198e-01 Validation accuracy: 8.21667e-01 Training loss 3.78792e-03 Validation loss 4.03258e-03 Time taken: 0.09 seconds 
Epoch: 64/200 Train accuracy: 8.30554e-01 Validation accuracy: 8.23667e-01 Training loss 3.78929e-03 Validation loss 4.01482e-03 Time taken: 0.08 seconds 
Epoch: 65/200 Train accuracy: 8.30626e-01 Validation accuracy: 8.16667e-01 Training loss 3.77597e-03 Validation loss 4.03408e-03 Time taken: 0.08 seconds 
Epoch: 66/200 Train accuracy: 8.29984e-01 Validation accuracy: 8.20667e-01 Training loss 3.77512e-03 Validation loss 4.02416e-03 Time taken: 0.08 seconds 
Epoch: 67/200 Train accuracy: 8.31124e-01 Validation accuracy: 8.20667e-01 Training loss 3.76836e-03 Validation loss 4.00404e-03 Time taken: 0.08 seconds 
Epoch: 68/200 Train accuracy: 8.30056e-01 Validation accuracy: 8.23000e-01 Training loss 3.77143e-03 Validation loss 3.99241e-03 Time taken: 0.08 seconds 
Epoch: 69/200 Train accuracy: 8.32122e-01 Validation accuracy: 8.23000e-01 Training loss 3.76335e-03 Validation loss 3.98808e-03 Time taken: 0.08 seconds 
Epoch: 70/200 Train accuracy: 8.29913e-01 Validation accuracy: 8.24000e-01 Training loss 3.75306e-03 Validation loss 4.00056e-03 Time taken: 0.08 seconds 
Epoch: 71/200 Train accuracy: 8.32336e-01 Validation accuracy: 8.27333e-01 Training loss 3.75310e-03 Validation loss 3.99032e-03 Time taken: 0.08 seconds 
Epoch: 72/200 Train accuracy: 8.30982e-01 Validation accuracy: 8.26000e-01 Training loss 3.75364e-03 Validation loss 3.97798e-03 Time taken: 0.08 seconds 
Epoch: 73/200 Train accuracy: 8.32051e-01 Validation accuracy: 8.22333e-01 Training loss 3.73569e-03 Validation loss 3.97453e-03 Time taken: 0.08 seconds 
Epoch: 74/200 Train accuracy: 8.32692e-01 Validation accuracy: 8.27000e-01 Training loss 3.73859e-03 Validation loss 3.97842e-03 Time taken: 0.08 seconds 
Epoch: 75/200 Train accuracy: 8.32051e-01 Validation accuracy: 8.27333e-01 Training loss 3.73548e-03 Validation loss 3.98360e-03 Time taken: 0.08 seconds 
Epoch: 76/200 Train accuracy: 8.32763e-01 Validation accuracy: 8.25667e-01 Training loss 3.73306e-03 Validation loss 3.96475e-03 Time taken: 0.08 seconds 
Epoch: 77/200 Train accuracy: 8.33120e-01 Validation accuracy: 8.25333e-01 Training loss 3.73371e-03 Validation loss 3.96034e-03 Time taken: 0.08 seconds 
Epoch: 78/200 Train accuracy: 8.32336e-01 Validation accuracy: 8.25000e-01 Training loss 3.73060e-03 Validation loss 3.96349e-03 Time taken: 0.08 seconds 
Epoch: 79/200 Train accuracy: 8.31481e-01 Validation accuracy: 8.19667e-01 Training loss 3.72546e-03 Validation loss 3.95928e-03 Time taken: 0.08 seconds 
Epoch: 80/200 Train accuracy: 8.32977e-01 Validation accuracy: 8.22000e-01 Training loss 3.72850e-03 Validation loss 3.94627e-03 Time taken: 0.08 seconds 
Epoch: 81/200 Train accuracy: 8.32265e-01 Validation accuracy: 8.24333e-01 Training loss 3.72752e-03 Validation loss 3.98977e-03 Time taken: 0.08 seconds 
Epoch: 82/200 Train accuracy: 8.32621e-01 Validation accuracy: 8.27000e-01 Training loss 3.71360e-03 Validation loss 3.94905e-03 Time taken: 0.08 seconds 
Epoch: 83/200 Train accuracy: 8.34402e-01 Validation accuracy: 8.23000e-01 Training loss 3.70947e-03 Validation loss 3.93734e-03 Time taken: 0.08 seconds 
Epoch: 84/200 Train accuracy: 8.32407e-01 Validation accuracy: 8.25000e-01 Training loss 3.71304e-03 Validation loss 3.97983e-03 Time taken: 0.08 seconds 
Epoch: 85/200 Train accuracy: 8.33690e-01 Validation accuracy: 8.23667e-01 Training loss 3.71442e-03 Validation loss 3.93054e-03 Time taken: 0.08 seconds 
Epoch: 86/200 Train accuracy: 8.33547e-01 Validation accuracy: 8.25000e-01 Training loss 3.69892e-03 Validation loss 3.94618e-03 Time taken: 0.09 seconds 
Epoch: 87/200 Train accuracy: 8.33120e-01 Validation accuracy: 8.27333e-01 Training loss 3.70209e-03 Validation loss 3.93662e-03 Time taken: 0.08 seconds 
Epoch: 88/200 Train accuracy: 8.33476e-01 Validation accuracy: 8.25000e-01 Training loss 3.69275e-03 Validation loss 3.94080e-03 Time taken: 0.09 seconds 
Epoch: 89/200 Train accuracy: 8.32336e-01 Validation accuracy: 8.27333e-01 Training loss 3.69649e-03 Validation loss 3.94386e-03 Time taken: 0.09 seconds 
Epoch: 90/200 Train accuracy: 8.34545e-01 Validation accuracy: 8.26333e-01 Training loss 3.69071e-03 Validation loss 3.93266e-03 Time taken: 0.08 seconds 
Epoch: 91/200 Train accuracy: 8.33903e-01 Validation accuracy: 8.23333e-01 Training loss 3.68309e-03 Validation loss 3.94901e-03 Time taken: 0.08 seconds 
Epoch: 92/200 Train accuracy: 8.33903e-01 Validation accuracy: 8.27000e-01 Training loss 3.68328e-03 Validation loss 3.91826e-03 Time taken: 0.08 seconds 
Epoch: 93/200 Train accuracy: 8.34830e-01 Validation accuracy: 8.25333e-01 Training loss 3.68044e-03 Validation loss 3.92054e-03 Time taken: 0.08 seconds 
Epoch: 94/200 Train accuracy: 8.34331e-01 Validation accuracy: 8.25000e-01 Training loss 3.67927e-03 Validation loss 3.91018e-03 Time taken: 0.08 seconds 
Epoch: 95/200 Train accuracy: 8.33690e-01 Validation accuracy: 8.25000e-01 Training loss 3.67905e-03 Validation loss 3.91609e-03 Time taken: 0.08 seconds 
Epoch: 96/200 Train accuracy: 8.33903e-01 Validation accuracy: 8.28333e-01 Training loss 3.67269e-03 Validation loss 3.90853e-03 Time taken: 0.08 seconds 
Epoch: 97/200 Train accuracy: 8.33903e-01 Validation accuracy: 8.25000e-01 Training loss 3.67343e-03 Validation loss 3.91035e-03 Time taken: 0.08 seconds 
Epoch: 98/200 Train accuracy: 8.35756e-01 Validation accuracy: 8.27000e-01 Training loss 3.67006e-03 Validation loss 3.89932e-03 Time taken: 0.08 seconds 
Epoch: 99/200 Train accuracy: 8.33832e-01 Validation accuracy: 8.28333e-01 Training loss 3.66713e-03 Validation loss 3.92042e-03 Time taken: 0.08 seconds 
Epoch: 100/200 Train accuracy: 8.35115e-01 Validation accuracy: 8.27667e-01 Training loss 3.67453e-03 Validation loss 3.91869e-03 Time taken: 0.08 seconds 
Epoch: 101/200 Train accuracy: 8.33690e-01 Validation accuracy: 8.27000e-01 Training loss 3.66287e-03 Validation loss 3.91035e-03 Time taken: 0.08 seconds 
Epoch: 102/200 Train accuracy: 8.36041e-01 Validation accuracy: 8.26000e-01 Training loss 3.66147e-03 Validation loss 3.90303e-03 Time taken: 0.08 seconds 
Epoch: 103/200 Train accuracy: 8.34188e-01 Validation accuracy: 8.28667e-01 Training loss 3.65402e-03 Validation loss 3.90641e-03 Time taken: 0.08 seconds 
Epoch: 104/200 Train accuracy: 8.35400e-01 Validation accuracy: 8.26000e-01 Training loss 3.65333e-03 Validation loss 3.89099e-03 Time taken: 0.08 seconds 
Epoch: 105/200 Train accuracy: 8.35542e-01 Validation accuracy: 8.26333e-01 Training loss 3.65358e-03 Validation loss 3.90717e-03 Time taken: 0.08 seconds 
Epoch: 106/200 Train accuracy: 8.34830e-01 Validation accuracy: 8.25667e-01 Training loss 3.64575e-03 Validation loss 3.90786e-03 Time taken: 0.08 seconds 
Epoch: 107/200 Train accuracy: 8.35257e-01 Validation accuracy: 8.26667e-01 Training loss 3.65193e-03 Validation loss 3.91075e-03 Time taken: 0.08 seconds 
Epoch: 108/200 Train accuracy: 8.35471e-01 Validation accuracy: 8.25333e-01 Training loss 3.64887e-03 Validation loss 3.90271e-03 Time taken: 0.08 seconds 
Epoch: 109/200 Train accuracy: 8.35542e-01 Validation accuracy: 8.28000e-01 Training loss 3.64212e-03 Validation loss 3.90364e-03 Time taken: 0.08 seconds 
Epoch: 110/200 Train accuracy: 8.35970e-01 Validation accuracy: 8.26333e-01 Training loss 3.64459e-03 Validation loss 3.87890e-03 Time taken: 0.08 seconds 
Epoch: 111/200 Train accuracy: 8.35115e-01 Validation accuracy: 8.28000e-01 Training loss 3.64123e-03 Validation loss 3.88921e-03 Time taken: 0.08 seconds 
Epoch: 112/200 Train accuracy: 8.35970e-01 Validation accuracy: 8.29000e-01 Training loss 3.63653e-03 Validation loss 3.88167e-03 Time taken: 0.08 seconds 
Epoch: 113/200 Train accuracy: 8.36469e-01 Validation accuracy: 8.27667e-01 Training loss 3.63363e-03 Validation loss 3.87689e-03 Time taken: 0.08 seconds 
Epoch: 114/200 Train accuracy: 8.36682e-01 Validation accuracy: 8.28667e-01 Training loss 3.63417e-03 Validation loss 3.87599e-03 Time taken: 0.08 seconds 
Epoch: 115/200 Train accuracy: 8.37110e-01 Validation accuracy: 8.29333e-01 Training loss 3.62765e-03 Validation loss 3.89727e-03 Time taken: 0.12 seconds 
Epoch: 116/200 Train accuracy: 8.35328e-01 Validation accuracy: 8.26333e-01 Training loss 3.63026e-03 Validation loss 3.89041e-03 Time taken: 0.16 seconds 
Epoch: 117/200 Train accuracy: 8.35827e-01 Validation accuracy: 8.27667e-01 Training loss 3.62639e-03 Validation loss 3.91255e-03 Time taken: 0.15 seconds 
Epoch: 118/200 Train accuracy: 8.34972e-01 Validation accuracy: 8.24667e-01 Training loss 3.63982e-03 Validation loss 3.87655e-03 Time taken: 0.15 seconds 
Epoch: 119/200 Train accuracy: 8.36469e-01 Validation accuracy: 8.26333e-01 Training loss 3.62267e-03 Validation loss 3.86572e-03 Time taken: 0.15 seconds 
Epoch: 120/200 Train accuracy: 8.36326e-01 Validation accuracy: 8.29667e-01 Training loss 3.62573e-03 Validation loss 3.87721e-03 Time taken: 0.15 seconds 
Epoch: 121/200 Train accuracy: 8.36112e-01 Validation accuracy: 8.28667e-01 Training loss 3.62196e-03 Validation loss 3.87208e-03 Time taken: 0.13 seconds 
Epoch: 122/200 Train accuracy: 8.36611e-01 Validation accuracy: 8.26000e-01 Training loss 3.61905e-03 Validation loss 3.86081e-03 Time taken: 0.08 seconds 
Epoch: 123/200 Train accuracy: 8.36326e-01 Validation accuracy: 8.28000e-01 Training loss 3.61840e-03 Validation loss 3.87006e-03 Time taken: 0.12 seconds 
Epoch: 124/200 Train accuracy: 8.36540e-01 Validation accuracy: 8.30667e-01 Training loss 3.60722e-03 Validation loss 3.85848e-03 Time taken: 0.08 seconds 
Epoch: 125/200 Train accuracy: 8.36326e-01 Validation accuracy: 8.28000e-01 Training loss 3.60901e-03 Validation loss 3.88542e-03 Time taken: 0.08 seconds 
Epoch: 126/200 Train accuracy: 8.37822e-01 Validation accuracy: 8.28333e-01 Training loss 3.61143e-03 Validation loss 3.85615e-03 Time taken: 0.08 seconds 
Epoch: 127/200 Train accuracy: 8.36825e-01 Validation accuracy: 8.26333e-01 Training loss 3.60561e-03 Validation loss 3.86792e-03 Time taken: 0.08 seconds 
Epoch: 128/200 Train accuracy: 8.37395e-01 Validation accuracy: 8.29333e-01 Training loss 3.60497e-03 Validation loss 3.85951e-03 Time taken: 0.08 seconds 
Epoch: 129/200 Train accuracy: 8.36540e-01 Validation accuracy: 8.30333e-01 Training loss 3.60274e-03 Validation loss 3.85884e-03 Time taken: 0.08 seconds 
Epoch: 130/200 Train accuracy: 8.37537e-01 Validation accuracy: 8.28667e-01 Training loss 3.59908e-03 Validation loss 3.85424e-03 Time taken: 0.11 seconds 
Epoch: 131/200 Train accuracy: 8.37324e-01 Validation accuracy: 8.30000e-01 Training loss 3.59854e-03 Validation loss 3.85604e-03 Time taken: 0.12 seconds 
Epoch: 132/200 Train accuracy: 8.38321e-01 Validation accuracy: 8.28000e-01 Training loss 3.60007e-03 Validation loss 3.84995e-03 Time taken: 0.11 seconds 
Epoch: 133/200 Train accuracy: 8.35542e-01 Validation accuracy: 8.28333e-01 Training loss 3.59831e-03 Validation loss 3.85326e-03 Time taken: 0.11 seconds 
Epoch: 134/200 Train accuracy: 8.36255e-01 Validation accuracy: 8.28667e-01 Training loss 3.59640e-03 Validation loss 3.85204e-03 Time taken: 0.08 seconds 
Epoch: 135/200 Train accuracy: 8.38677e-01 Validation accuracy: 8.31000e-01 Training loss 3.59644e-03 Validation loss 3.85773e-03 Time taken: 0.08 seconds 
Epoch: 136/200 Train accuracy: 8.37466e-01 Validation accuracy: 8.31333e-01 Training loss 3.59661e-03 Validation loss 3.84934e-03 Time taken: 0.08 seconds 
Epoch: 137/200 Train accuracy: 8.38677e-01 Validation accuracy: 8.30667e-01 Training loss 3.58963e-03 Validation loss 3.87322e-03 Time taken: 0.08 seconds 
Epoch: 138/200 Train accuracy: 8.39105e-01 Validation accuracy: 8.29667e-01 Training loss 3.58762e-03 Validation loss 3.85567e-03 Time taken: 0.08 seconds 
Epoch: 139/200 Train accuracy: 8.36611e-01 Validation accuracy: 8.28000e-01 Training loss 3.58522e-03 Validation loss 3.85671e-03 Time taken: 0.08 seconds 
Epoch: 140/200 Train accuracy: 8.38963e-01 Validation accuracy: 8.30333e-01 Training loss 3.58464e-03 Validation loss 3.85308e-03 Time taken: 0.08 seconds 
Epoch: 141/200 Train accuracy: 8.38392e-01 Validation accuracy: 8.27333e-01 Training loss 3.58330e-03 Validation loss 3.85646e-03 Time taken: 0.08 seconds 
Epoch: 142/200 Train accuracy: 8.37395e-01 Validation accuracy: 8.31333e-01 Training loss 3.58980e-03 Validation loss 3.85006e-03 Time taken: 0.08 seconds 
Epoch: 143/200 Train accuracy: 8.38179e-01 Validation accuracy: 8.30000e-01 Training loss 3.58927e-03 Validation loss 3.83901e-03 Time taken: 0.08 seconds 
Epoch: 144/200 Train accuracy: 8.38606e-01 Validation accuracy: 8.32667e-01 Training loss 3.58016e-03 Validation loss 3.84547e-03 Time taken: 0.08 seconds 
Epoch: 145/200 Train accuracy: 8.38820e-01 Validation accuracy: 8.30333e-01 Training loss 3.57998e-03 Validation loss 3.83752e-03 Time taken: 0.08 seconds 
Epoch: 146/200 Train accuracy: 8.39604e-01 Validation accuracy: 8.27667e-01 Training loss 3.57751e-03 Validation loss 3.83110e-03 Time taken: 0.08 seconds 
Epoch: 147/200 Train accuracy: 8.38677e-01 Validation accuracy: 8.29333e-01 Training loss 3.58103e-03 Validation loss 3.82703e-03 Time taken: 0.08 seconds 
Epoch: 148/200 Train accuracy: 8.38036e-01 Validation accuracy: 8.32000e-01 Training loss 3.58149e-03 Validation loss 3.84726e-03 Time taken: 0.08 seconds 
Epoch: 149/200 Train accuracy: 8.37252e-01 Validation accuracy: 8.30667e-01 Training loss 3.57191e-03 Validation loss 3.84180e-03 Time taken: 0.08 seconds 
Epoch: 150/200 Train accuracy: 8.39746e-01 Validation accuracy: 8.28667e-01 Training loss 3.56765e-03 Validation loss 3.84564e-03 Time taken: 0.12 seconds 
Epoch: 151/200 Train accuracy: 8.37751e-01 Validation accuracy: 8.31333e-01 Training loss 3.57202e-03 Validation loss 3.82438e-03 Time taken: 0.14 seconds 
Epoch: 152/200 Train accuracy: 8.39248e-01 Validation accuracy: 8.30333e-01 Training loss 3.56876e-03 Validation loss 3.84594e-03 Time taken: 0.16 seconds 
Epoch: 153/200 Train accuracy: 8.39960e-01 Validation accuracy: 8.31333e-01 Training loss 3.57234e-03 Validation loss 3.85127e-03 Time taken: 0.14 seconds 
Epoch: 154/200 Train accuracy: 8.38891e-01 Validation accuracy: 8.30667e-01 Training loss 3.56566e-03 Validation loss 3.83646e-03 Time taken: 0.08 seconds 
Epoch: 155/200 Train accuracy: 8.39319e-01 Validation accuracy: 8.29667e-01 Training loss 3.56585e-03 Validation loss 3.82780e-03 Time taken: 0.12 seconds 
Epoch: 156/200 Train accuracy: 8.38891e-01 Validation accuracy: 8.31000e-01 Training loss 3.56959e-03 Validation loss 3.86471e-03 Time taken: 0.12 seconds 
Epoch: 157/200 Train accuracy: 8.38392e-01 Validation accuracy: 8.28000e-01 Training loss 3.56719e-03 Validation loss 3.81783e-03 Time taken: 0.10 seconds 
Epoch: 158/200 Train accuracy: 8.38250e-01 Validation accuracy: 8.29667e-01 Training loss 3.56310e-03 Validation loss 3.82216e-03 Time taken: 0.11 seconds 
Epoch: 159/200 Train accuracy: 8.38464e-01 Validation accuracy: 8.30000e-01 Training loss 3.56004e-03 Validation loss 3.81779e-03 Time taken: 0.09 seconds 
Epoch: 160/200 Train accuracy: 8.38677e-01 Validation accuracy: 8.30000e-01 Training loss 3.56041e-03 Validation loss 3.83729e-03 Time taken: 0.08 seconds 
Epoch: 161/200 Train accuracy: 8.39034e-01 Validation accuracy: 8.28333e-01 Training loss 3.56715e-03 Validation loss 3.85331e-03 Time taken: 0.08 seconds 
Epoch: 162/200 Train accuracy: 8.39818e-01 Validation accuracy: 8.30000e-01 Training loss 3.55803e-03 Validation loss 3.83438e-03 Time taken: 0.08 seconds 
Epoch: 163/200 Train accuracy: 8.40174e-01 Validation accuracy: 8.33333e-01 Training loss 3.56229e-03 Validation loss 3.82233e-03 Time taken: 0.08 seconds 
Epoch: 164/200 Train accuracy: 8.40316e-01 Validation accuracy: 8.32000e-01 Training loss 3.55607e-03 Validation loss 3.82603e-03 Time taken: 0.08 seconds 
Epoch: 165/200 Train accuracy: 8.38963e-01 Validation accuracy: 8.28667e-01 Training loss 3.56183e-03 Validation loss 3.84292e-03 Time taken: 0.08 seconds 
Epoch: 166/200 Train accuracy: 8.39034e-01 Validation accuracy: 8.30667e-01 Training loss 3.55549e-03 Validation loss 3.83624e-03 Time taken: 0.08 seconds 
Epoch: 167/200 Train accuracy: 8.39390e-01 Validation accuracy: 8.32333e-01 Training loss 3.55822e-03 Validation loss 3.82512e-03 Time taken: 0.08 seconds 
Epoch: 168/200 Train accuracy: 8.40886e-01 Validation accuracy: 8.33000e-01 Training loss 3.55234e-03 Validation loss 3.84856e-03 Time taken: 0.08 seconds 
Epoch: 169/200 Train accuracy: 8.38107e-01 Validation accuracy: 8.30000e-01 Training loss 3.54825e-03 Validation loss 3.81174e-03 Time taken: 0.08 seconds 
Epoch: 170/200 Train accuracy: 8.39889e-01 Validation accuracy: 8.30333e-01 Training loss 3.54014e-03 Validation loss 3.81536e-03 Time taken: 0.08 seconds 
Epoch: 171/200 Train accuracy: 8.39604e-01 Validation accuracy: 8.31667e-01 Training loss 3.55284e-03 Validation loss 3.81534e-03 Time taken: 0.08 seconds 
Epoch: 172/200 Train accuracy: 8.40031e-01 Validation accuracy: 8.31000e-01 Training loss 3.54699e-03 Validation loss 3.80313e-03 Time taken: 0.08 seconds 
Epoch: 173/200 Train accuracy: 8.39818e-01 Validation accuracy: 8.33333e-01 Training loss 3.54774e-03 Validation loss 3.81199e-03 Time taken: 0.08 seconds 
Epoch: 174/200 Train accuracy: 8.39675e-01 Validation accuracy: 8.29667e-01 Training loss 3.54185e-03 Validation loss 3.81422e-03 Time taken: 0.08 seconds 
Epoch: 175/200 Train accuracy: 8.38891e-01 Validation accuracy: 8.32667e-01 Training loss 3.53877e-03 Validation loss 3.82718e-03 Time taken: 0.08 seconds 
Epoch: 176/200 Train accuracy: 8.39960e-01 Validation accuracy: 8.29000e-01 Training loss 3.54287e-03 Validation loss 3.80061e-03 Time taken: 0.08 seconds 
Epoch: 177/200 Train accuracy: 8.40673e-01 Validation accuracy: 8.29333e-01 Training loss 3.53596e-03 Validation loss 3.82550e-03 Time taken: 0.08 seconds 
Epoch: 178/200 Train accuracy: 8.39319e-01 Validation accuracy: 8.30333e-01 Training loss 3.53915e-03 Validation loss 3.80525e-03 Time taken: 0.08 seconds 
Epoch: 179/200 Train accuracy: 8.40245e-01 Validation accuracy: 8.28333e-01 Training loss 3.53365e-03 Validation loss 3.79578e-03 Time taken: 0.09 seconds 
Epoch: 180/200 Train accuracy: 8.38891e-01 Validation accuracy: 8.30000e-01 Training loss 3.53695e-03 Validation loss 3.80784e-03 Time taken: 0.11 seconds 
Epoch: 181/200 Train accuracy: 8.39889e-01 Validation accuracy: 8.28000e-01 Training loss 3.53405e-03 Validation loss 3.80515e-03 Time taken: 0.08 seconds 
Epoch: 182/200 Train accuracy: 8.40245e-01 Validation accuracy: 8.31667e-01 Training loss 3.54129e-03 Validation loss 3.81593e-03 Time taken: 0.08 seconds 
Epoch: 183/200 Train accuracy: 8.37894e-01 Validation accuracy: 8.30000e-01 Training loss 3.53268e-03 Validation loss 3.80384e-03 Time taken: 0.08 seconds 
Epoch: 184/200 Train accuracy: 8.39390e-01 Validation accuracy: 8.29333e-01 Training loss 3.54058e-03 Validation loss 3.80221e-03 Time taken: 0.08 seconds 
Epoch: 185/200 Train accuracy: 8.39248e-01 Validation accuracy: 8.27667e-01 Training loss 3.52509e-03 Validation loss 3.79815e-03 Time taken: 0.08 seconds 
Epoch: 186/200 Train accuracy: 8.40601e-01 Validation accuracy: 8.30000e-01 Training loss 3.53256e-03 Validation loss 3.79970e-03 Time taken: 0.08 seconds 
Epoch: 187/200 Train accuracy: 8.39533e-01 Validation accuracy: 8.29667e-01 Training loss 3.53322e-03 Validation loss 3.79735e-03 Time taken: 0.08 seconds 
Epoch: 188/200 Train accuracy: 8.40459e-01 Validation accuracy: 8.32333e-01 Training loss 3.53282e-03 Validation loss 3.81107e-03 Time taken: 0.08 seconds 
Epoch: 189/200 Train accuracy: 8.40388e-01 Validation accuracy: 8.30333e-01 Training loss 3.52870e-03 Validation loss 3.78933e-03 Time taken: 0.08 seconds 
Epoch: 190/200 Train accuracy: 8.40601e-01 Validation accuracy: 8.30333e-01 Training loss 3.52534e-03 Validation loss 3.79067e-03 Time taken: 0.08 seconds 
Epoch: 191/200 Train accuracy: 8.40316e-01 Validation accuracy: 8.30667e-01 Training loss 3.53143e-03 Validation loss 3.79538e-03 Time taken: 0.08 seconds 
Epoch: 192/200 Train accuracy: 8.40815e-01 Validation accuracy: 8.30000e-01 Training loss 3.52265e-03 Validation loss 3.79535e-03 Time taken: 0.08 seconds 
Epoch: 193/200 Train accuracy: 8.40815e-01 Validation accuracy: 8.32667e-01 Training loss 3.52370e-03 Validation loss 3.79584e-03 Time taken: 0.08 seconds 
Epoch: 194/200 Train accuracy: 8.40886e-01 Validation accuracy: 8.31667e-01 Training loss 3.52052e-03 Validation loss 3.81607e-03 Time taken: 0.08 seconds 
Epoch: 195/200 Train accuracy: 8.40174e-01 Validation accuracy: 8.31333e-01 Training loss 3.52186e-03 Validation loss 3.80556e-03 Time taken: 0.08 seconds 
Epoch: 196/200 Train accuracy: 8.41243e-01 Validation accuracy: 8.28333e-01 Training loss 3.52632e-03 Validation loss 3.78558e-03 Time taken: 0.08 seconds 
Epoch: 197/200 Train accuracy: 8.39105e-01 Validation accuracy: 8.32000e-01 Training loss 3.52729e-03 Validation loss 3.79112e-03 Time taken: 0.08 seconds 
Epoch: 198/200 Train accuracy: 8.41884e-01 Validation accuracy: 8.29667e-01 Training loss 3.51511e-03 Validation loss 3.79020e-03 Time taken: 0.08 seconds 
Epoch: 199/200 Train accuracy: 8.39746e-01 Validation accuracy: 8.28333e-01 Training loss 3.52210e-03 Validation loss 3.78247e-03 Time taken: 0.08 seconds 
Epoch: 200/200 Train accuracy: 8.42810e-01 Validation accuracy: 8.30333e-01 Training loss 3.51353e-03 Validation loss 3.80896e-03 Time taken: 0.08 seconds 
Total time taken 0:00:18.372852
Cleaning up intermediate feature (.pt) files
Done


working on file logs_PKT_chunks/iic-train-l2-seed0-KNN-ep1000/jepa-iic-ep250.pth.tar ...
Directory logs_PKT_chunks/iic-train-l2-seed0-KNN-ep1000/classifiers for saving the classifiers is now present
VisionTransformer(
  (patch_embed): PatchEmbed(
    (proj): Conv2d(3, 768, kernel_size=(15, 15), stride=(15, 15))
  )
  (blocks): ModuleList(
    (0-11): 12 x Block(
      (norm1): LayerNorm((768,), eps=1e-06, elementwise_affine=True)
      (attn): Attention(
        (qkv): Linear(in_features=768, out_features=2304, bias=True)
        (attn_drop): Dropout(p=0.0, inplace=False)
        (proj): Linear(in_features=768, out_features=768, bias=True)
        (proj_drop): Dropout(p=0.0, inplace=False)
      )
      (drop_path): Identity()
      (norm2): LayerNorm((768,), eps=1e-06, elementwise_affine=True)
      (mlp): MLP(
        (fc1): Linear(in_features=768, out_features=3072, bias=True)
        (act): GELU(approximate='none')
        (fc2): Linear(in_features=3072, out_features=768, bias=True)
        (drop): Dropout(p=0.0, inplace=False)
      )
    )
  )
  (norm): LayerNorm((768,), eps=1e-06, elementwise_affine=True)
)
Extracting features and saving them in memory..
Extracting features...
Time taken to extract features: 24.173063157999422
Epoch: 1/200 Train accuracy: 3.31338e-01 Validation accuracy: 4.02667e-01 Training loss 1.26556e-02 Validation loss 1.17442e-02 Time taken: 0.08 seconds 
Epoch: 2/200 Train accuracy: 4.67793e-01 Validation accuracy: 4.88333e-01 Training loss 1.07487e-02 Validation loss 1.06621e-02 Time taken: 0.08 seconds 
Epoch: 3/200 Train accuracy: 5.05059e-01 Validation accuracy: 5.13333e-01 Training loss 1.00147e-02 Validation loss 1.01177e-02 Time taken: 0.08 seconds 
Epoch: 4/200 Train accuracy: 5.28146e-01 Validation accuracy: 5.36333e-01 Training loss 9.58297e-03 Validation loss 9.74618e-03 Time taken: 0.08 seconds 
Epoch: 5/200 Train accuracy: 5.41827e-01 Validation accuracy: 5.39667e-01 Training loss 9.27914e-03 Validation loss 9.49399e-03 Time taken: 0.08 seconds 
Epoch: 6/200 Train accuracy: 5.48454e-01 Validation accuracy: 5.53667e-01 Training loss 9.05814e-03 Validation loss 9.29125e-03 Time taken: 0.08 seconds 
Epoch: 7/200 Train accuracy: 5.55366e-01 Validation accuracy: 5.51333e-01 Training loss 8.88088e-03 Validation loss 9.16388e-03 Time taken: 0.08 seconds 
Epoch: 8/200 Train accuracy: 5.61707e-01 Validation accuracy: 5.61000e-01 Training loss 8.74017e-03 Validation loss 8.99831e-03 Time taken: 0.08 seconds 
Epoch: 9/200 Train accuracy: 5.66909e-01 Validation accuracy: 5.66667e-01 Training loss 8.62363e-03 Validation loss 8.88328e-03 Time taken: 0.08 seconds 
Epoch: 10/200 Train accuracy: 5.72324e-01 Validation accuracy: 5.78667e-01 Training loss 8.52367e-03 Validation loss 8.78467e-03 Time taken: 0.08 seconds 
Epoch: 11/200 Train accuracy: 5.78452e-01 Validation accuracy: 5.76333e-01 Training loss 8.43544e-03 Validation loss 8.69543e-03 Time taken: 0.08 seconds 
Epoch: 12/200 Train accuracy: 5.83440e-01 Validation accuracy: 5.80333e-01 Training loss 8.35803e-03 Validation loss 8.63362e-03 Time taken: 0.08 seconds 
Epoch: 13/200 Train accuracy: 5.84865e-01 Validation accuracy: 5.90333e-01 Training loss 8.29485e-03 Validation loss 8.56218e-03 Time taken: 0.08 seconds 
Epoch: 14/200 Train accuracy: 5.88856e-01 Validation accuracy: 5.80667e-01 Training loss 8.22606e-03 Validation loss 8.52449e-03 Time taken: 0.08 seconds 
Epoch: 15/200 Train accuracy: 5.90566e-01 Validation accuracy: 5.85667e-01 Training loss 8.17448e-03 Validation loss 8.49375e-03 Time taken: 0.08 seconds 
Epoch: 16/200 Train accuracy: 5.97264e-01 Validation accuracy: 5.87667e-01 Training loss 8.12448e-03 Validation loss 8.41585e-03 Time taken: 0.08 seconds 
Epoch: 17/200 Train accuracy: 6.00542e-01 Validation accuracy: 5.95000e-01 Training loss 8.07612e-03 Validation loss 8.36284e-03 Time taken: 0.08 seconds 
Epoch: 18/200 Train accuracy: 5.99188e-01 Validation accuracy: 6.00333e-01 Training loss 8.03276e-03 Validation loss 8.33592e-03 Time taken: 0.08 seconds 
Epoch: 19/200 Train accuracy: 6.00827e-01 Validation accuracy: 6.02333e-01 Training loss 8.00308e-03 Validation loss 8.28643e-03 Time taken: 0.08 seconds 
Epoch: 20/200 Train accuracy: 6.06741e-01 Validation accuracy: 6.01333e-01 Training loss 7.95981e-03 Validation loss 8.25642e-03 Time taken: 0.08 seconds 
Epoch: 21/200 Train accuracy: 6.07667e-01 Validation accuracy: 5.97333e-01 Training loss 7.93531e-03 Validation loss 8.25243e-03 Time taken: 0.09 seconds 
Epoch: 22/200 Train accuracy: 6.09235e-01 Validation accuracy: 6.05667e-01 Training loss 7.90128e-03 Validation loss 8.19598e-03 Time taken: 0.08 seconds 
Epoch: 23/200 Train accuracy: 6.11087e-01 Validation accuracy: 5.96000e-01 Training loss 7.87207e-03 Validation loss 8.21384e-03 Time taken: 0.08 seconds 
Epoch: 24/200 Train accuracy: 6.11942e-01 Validation accuracy: 6.05000e-01 Training loss 7.84500e-03 Validation loss 8.14949e-03 Time taken: 0.08 seconds 
Epoch: 25/200 Train accuracy: 6.15291e-01 Validation accuracy: 6.07333e-01 Training loss 7.82040e-03 Validation loss 8.12321e-03 Time taken: 0.08 seconds 
Epoch: 26/200 Train accuracy: 6.16574e-01 Validation accuracy: 6.08667e-01 Training loss 7.80183e-03 Validation loss 8.09329e-03 Time taken: 0.08 seconds 
Epoch: 27/200 Train accuracy: 6.16432e-01 Validation accuracy: 6.07667e-01 Training loss 7.77599e-03 Validation loss 8.07808e-03 Time taken: 0.08 seconds 
Epoch: 28/200 Train accuracy: 6.17572e-01 Validation accuracy: 6.05667e-01 Training loss 7.75411e-03 Validation loss 8.07087e-03 Time taken: 0.08 seconds 
Epoch: 29/200 Train accuracy: 6.20564e-01 Validation accuracy: 6.06667e-01 Training loss 7.73099e-03 Validation loss 8.04495e-03 Time taken: 0.08 seconds 
Epoch: 30/200 Train accuracy: 6.20564e-01 Validation accuracy: 6.10667e-01 Training loss 7.71780e-03 Validation loss 8.03812e-03 Time taken: 0.08 seconds 
Epoch: 31/200 Train accuracy: 6.23557e-01 Validation accuracy: 6.12000e-01 Training loss 7.70570e-03 Validation loss 8.00441e-03 Time taken: 0.08 seconds 
Epoch: 32/200 Train accuracy: 6.20279e-01 Validation accuracy: 6.11667e-01 Training loss 7.68484e-03 Validation loss 8.00547e-03 Time taken: 0.08 seconds 
Epoch: 33/200 Train accuracy: 6.23343e-01 Validation accuracy: 6.11667e-01 Training loss 7.66299e-03 Validation loss 7.97354e-03 Time taken: 0.08 seconds 
Epoch: 34/200 Train accuracy: 6.21989e-01 Validation accuracy: 6.16667e-01 Training loss 7.65900e-03 Validation loss 7.98295e-03 Time taken: 0.08 seconds 
Epoch: 35/200 Train accuracy: 6.23913e-01 Validation accuracy: 6.13333e-01 Training loss 7.64088e-03 Validation loss 7.98004e-03 Time taken: 0.08 seconds 
Epoch: 36/200 Train accuracy: 6.25338e-01 Validation accuracy: 6.10333e-01 Training loss 7.62174e-03 Validation loss 7.95787e-03 Time taken: 0.08 seconds 
Epoch: 37/200 Train accuracy: 6.26835e-01 Validation accuracy: 6.09667e-01 Training loss 7.61574e-03 Validation loss 7.91885e-03 Time taken: 0.08 seconds 
Epoch: 38/200 Train accuracy: 6.25837e-01 Validation accuracy: 6.21000e-01 Training loss 7.60104e-03 Validation loss 7.92780e-03 Time taken: 0.13 seconds 
Epoch: 39/200 Train accuracy: 6.29329e-01 Validation accuracy: 6.15333e-01 Training loss 7.58263e-03 Validation loss 7.92636e-03 Time taken: 0.15 seconds 
Epoch: 40/200 Train accuracy: 6.27334e-01 Validation accuracy: 6.11333e-01 Training loss 7.58292e-03 Validation loss 7.89306e-03 Time taken: 0.13 seconds 
Epoch: 41/200 Train accuracy: 6.29685e-01 Validation accuracy: 6.14667e-01 Training loss 7.56726e-03 Validation loss 7.88001e-03 Time taken: 0.09 seconds 
Epoch: 42/200 Train accuracy: 6.31324e-01 Validation accuracy: 6.19333e-01 Training loss 7.55626e-03 Validation loss 7.90315e-03 Time taken: 0.08 seconds 
Epoch: 43/200 Train accuracy: 6.30255e-01 Validation accuracy: 6.22667e-01 Training loss 7.55466e-03 Validation loss 7.86597e-03 Time taken: 0.08 seconds 
Epoch: 44/200 Train accuracy: 6.30398e-01 Validation accuracy: 6.22000e-01 Training loss 7.53754e-03 Validation loss 7.85538e-03 Time taken: 0.08 seconds 
Epoch: 45/200 Train accuracy: 6.32036e-01 Validation accuracy: 6.17000e-01 Training loss 7.53438e-03 Validation loss 7.84791e-03 Time taken: 0.11 seconds 
Epoch: 46/200 Train accuracy: 6.30469e-01 Validation accuracy: 6.16667e-01 Training loss 7.52263e-03 Validation loss 7.83192e-03 Time taken: 0.11 seconds 
Epoch: 47/200 Train accuracy: 6.33319e-01 Validation accuracy: 6.14000e-01 Training loss 7.51618e-03 Validation loss 7.82899e-03 Time taken: 0.08 seconds 
Epoch: 48/200 Train accuracy: 6.30113e-01 Validation accuracy: 6.23000e-01 Training loss 7.50706e-03 Validation loss 7.83236e-03 Time taken: 0.08 seconds 
Epoch: 49/200 Train accuracy: 6.31751e-01 Validation accuracy: 6.21667e-01 Training loss 7.50527e-03 Validation loss 7.81335e-03 Time taken: 0.08 seconds 
Epoch: 50/200 Train accuracy: 6.33818e-01 Validation accuracy: 6.18333e-01 Training loss 7.49242e-03 Validation loss 7.80491e-03 Time taken: 0.08 seconds 
Epoch: 51/200 Train accuracy: 6.32535e-01 Validation accuracy: 6.27667e-01 Training loss 7.48083e-03 Validation loss 7.81053e-03 Time taken: 0.08 seconds 
Epoch: 52/200 Train accuracy: 6.35385e-01 Validation accuracy: 6.20000e-01 Training loss 7.47790e-03 Validation loss 7.82197e-03 Time taken: 0.08 seconds 
Epoch: 53/200 Train accuracy: 6.35314e-01 Validation accuracy: 6.18000e-01 Training loss 7.47333e-03 Validation loss 7.78620e-03 Time taken: 0.08 seconds 
Epoch: 54/200 Train accuracy: 6.34673e-01 Validation accuracy: 6.25000e-01 Training loss 7.45861e-03 Validation loss 7.78050e-03 Time taken: 0.08 seconds 
Epoch: 55/200 Train accuracy: 6.33034e-01 Validation accuracy: 6.22667e-01 Training loss 7.46682e-03 Validation loss 7.78188e-03 Time taken: 0.08 seconds 
Epoch: 56/200 Train accuracy: 6.35314e-01 Validation accuracy: 6.25000e-01 Training loss 7.45167e-03 Validation loss 7.79754e-03 Time taken: 0.08 seconds 
Epoch: 57/200 Train accuracy: 6.37309e-01 Validation accuracy: 6.18667e-01 Training loss 7.44427e-03 Validation loss 7.77850e-03 Time taken: 0.08 seconds 
Epoch: 58/200 Train accuracy: 6.35314e-01 Validation accuracy: 6.18000e-01 Training loss 7.44172e-03 Validation loss 7.76285e-03 Time taken: 0.08 seconds 
Epoch: 59/200 Train accuracy: 6.36953e-01 Validation accuracy: 6.22333e-01 Training loss 7.43365e-03 Validation loss 7.79764e-03 Time taken: 0.09 seconds 
Epoch: 60/200 Train accuracy: 6.36953e-01 Validation accuracy: 6.25667e-01 Training loss 7.42899e-03 Validation loss 7.75149e-03 Time taken: 0.08 seconds 
Epoch: 61/200 Train accuracy: 6.37808e-01 Validation accuracy: 6.26333e-01 Training loss 7.42915e-03 Validation loss 7.77633e-03 Time taken: 0.08 seconds 
Epoch: 62/200 Train accuracy: 6.36169e-01 Validation accuracy: 6.17667e-01 Training loss 7.41399e-03 Validation loss 7.75549e-03 Time taken: 0.08 seconds 
Epoch: 63/200 Train accuracy: 6.35385e-01 Validation accuracy: 6.27333e-01 Training loss 7.41743e-03 Validation loss 7.74056e-03 Time taken: 0.08 seconds 
Epoch: 64/200 Train accuracy: 6.40943e-01 Validation accuracy: 6.25333e-01 Training loss 7.41156e-03 Validation loss 7.75022e-03 Time taken: 0.08 seconds 
Epoch: 65/200 Train accuracy: 6.37381e-01 Validation accuracy: 6.25000e-01 Training loss 7.41004e-03 Validation loss 7.75318e-03 Time taken: 0.08 seconds 
Epoch: 66/200 Train accuracy: 6.38378e-01 Validation accuracy: 6.28667e-01 Training loss 7.40153e-03 Validation loss 7.73393e-03 Time taken: 0.08 seconds 
Epoch: 67/200 Train accuracy: 6.40160e-01 Validation accuracy: 6.27333e-01 Training loss 7.39626e-03 Validation loss 7.75959e-03 Time taken: 0.08 seconds 
Epoch: 68/200 Train accuracy: 6.38093e-01 Validation accuracy: 6.30000e-01 Training loss 7.39444e-03 Validation loss 7.73029e-03 Time taken: 0.08 seconds 
Epoch: 69/200 Train accuracy: 6.37167e-01 Validation accuracy: 6.26667e-01 Training loss 7.39437e-03 Validation loss 7.72578e-03 Time taken: 0.08 seconds 
Epoch: 70/200 Train accuracy: 6.37024e-01 Validation accuracy: 6.27000e-01 Training loss 7.39156e-03 Validation loss 7.72439e-03 Time taken: 0.10 seconds 
Epoch: 71/200 Train accuracy: 6.39518e-01 Validation accuracy: 6.22000e-01 Training loss 7.38749e-03 Validation loss 7.70342e-03 Time taken: 0.08 seconds 
Epoch: 72/200 Train accuracy: 6.40231e-01 Validation accuracy: 6.18667e-01 Training loss 7.37419e-03 Validation loss 7.73992e-03 Time taken: 0.08 seconds 
Epoch: 73/200 Train accuracy: 6.38592e-01 Validation accuracy: 6.26000e-01 Training loss 7.37338e-03 Validation loss 7.72513e-03 Time taken: 0.08 seconds 
Epoch: 74/200 Train accuracy: 6.40160e-01 Validation accuracy: 6.27667e-01 Training loss 7.37346e-03 Validation loss 7.69137e-03 Time taken: 0.08 seconds 
Epoch: 75/200 Train accuracy: 6.38877e-01 Validation accuracy: 6.24000e-01 Training loss 7.36706e-03 Validation loss 7.70352e-03 Time taken: 0.08 seconds 
Epoch: 76/200 Train accuracy: 6.39803e-01 Validation accuracy: 6.30000e-01 Training loss 7.36550e-03 Validation loss 7.71019e-03 Time taken: 0.08 seconds 
Epoch: 77/200 Train accuracy: 6.40373e-01 Validation accuracy: 6.22000e-01 Training loss 7.36311e-03 Validation loss 7.69745e-03 Time taken: 0.09 seconds 
Epoch: 78/200 Train accuracy: 6.41228e-01 Validation accuracy: 6.22667e-01 Training loss 7.35837e-03 Validation loss 7.69220e-03 Time taken: 0.08 seconds 
Epoch: 79/200 Train accuracy: 6.39518e-01 Validation accuracy: 6.20333e-01 Training loss 7.35550e-03 Validation loss 7.68865e-03 Time taken: 0.08 seconds 
Epoch: 80/200 Train accuracy: 6.38164e-01 Validation accuracy: 6.31667e-01 Training loss 7.35653e-03 Validation loss 7.70159e-03 Time taken: 0.08 seconds 
Epoch: 81/200 Train accuracy: 6.41585e-01 Validation accuracy: 6.32333e-01 Training loss 7.34441e-03 Validation loss 7.70014e-03 Time taken: 0.08 seconds 
Epoch: 82/200 Train accuracy: 6.41442e-01 Validation accuracy: 6.24667e-01 Training loss 7.34568e-03 Validation loss 7.67014e-03 Time taken: 0.08 seconds 
Epoch: 83/200 Train accuracy: 6.42369e-01 Validation accuracy: 6.18667e-01 Training loss 7.34326e-03 Validation loss 7.69906e-03 Time taken: 0.09 seconds 
Epoch: 84/200 Train accuracy: 6.40088e-01 Validation accuracy: 6.24000e-01 Training loss 7.34136e-03 Validation loss 7.66121e-03 Time taken: 0.08 seconds 
Epoch: 85/200 Train accuracy: 6.41941e-01 Validation accuracy: 6.31667e-01 Training loss 7.34299e-03 Validation loss 7.68403e-03 Time taken: 0.08 seconds 
Epoch: 86/200 Train accuracy: 6.42654e-01 Validation accuracy: 6.19667e-01 Training loss 7.33917e-03 Validation loss 7.70487e-03 Time taken: 0.08 seconds 
Epoch: 87/200 Train accuracy: 6.41300e-01 Validation accuracy: 6.22000e-01 Training loss 7.33042e-03 Validation loss 7.66746e-03 Time taken: 0.08 seconds 
Epoch: 88/200 Train accuracy: 6.43794e-01 Validation accuracy: 6.29667e-01 Training loss 7.32553e-03 Validation loss 7.66203e-03 Time taken: 0.08 seconds 
Epoch: 89/200 Train accuracy: 6.39518e-01 Validation accuracy: 6.26000e-01 Training loss 7.33020e-03 Validation loss 7.67204e-03 Time taken: 0.08 seconds 
Epoch: 90/200 Train accuracy: 6.42796e-01 Validation accuracy: 6.29667e-01 Training loss 7.33060e-03 Validation loss 7.67054e-03 Time taken: 0.08 seconds 
Epoch: 91/200 Train accuracy: 6.41941e-01 Validation accuracy: 6.29667e-01 Training loss 7.33193e-03 Validation loss 7.65215e-03 Time taken: 0.08 seconds 
Epoch: 92/200 Train accuracy: 6.42796e-01 Validation accuracy: 6.28667e-01 Training loss 7.31826e-03 Validation loss 7.64325e-03 Time taken: 0.08 seconds 
Epoch: 93/200 Train accuracy: 6.41941e-01 Validation accuracy: 6.25000e-01 Training loss 7.31587e-03 Validation loss 7.65168e-03 Time taken: 0.08 seconds 
Epoch: 94/200 Train accuracy: 6.42084e-01 Validation accuracy: 6.29000e-01 Training loss 7.31595e-03 Validation loss 7.69725e-03 Time taken: 0.08 seconds 
Epoch: 95/200 Train accuracy: 6.44221e-01 Validation accuracy: 6.30000e-01 Training loss 7.32162e-03 Validation loss 7.63869e-03 Time taken: 0.08 seconds 
Epoch: 96/200 Train accuracy: 6.44150e-01 Validation accuracy: 6.18333e-01 Training loss 7.31576e-03 Validation loss 7.66019e-03 Time taken: 0.10 seconds 
Epoch: 97/200 Train accuracy: 6.41442e-01 Validation accuracy: 6.31333e-01 Training loss 7.30484e-03 Validation loss 7.63619e-03 Time taken: 0.08 seconds 
Epoch: 98/200 Train accuracy: 6.45005e-01 Validation accuracy: 6.22333e-01 Training loss 7.30418e-03 Validation loss 7.67646e-03 Time taken: 0.08 seconds 
Epoch: 99/200 Train accuracy: 6.42654e-01 Validation accuracy: 6.29000e-01 Training loss 7.30615e-03 Validation loss 7.62862e-03 Time taken: 0.08 seconds 
Epoch: 100/200 Train accuracy: 6.43224e-01 Validation accuracy: 6.27667e-01 Training loss 7.31038e-03 Validation loss 7.62065e-03 Time taken: 0.08 seconds 
Epoch: 101/200 Train accuracy: 6.43936e-01 Validation accuracy: 6.26000e-01 Training loss 7.30274e-03 Validation loss 7.64811e-03 Time taken: 0.08 seconds 
Epoch: 102/200 Train accuracy: 6.44435e-01 Validation accuracy: 6.32333e-01 Training loss 7.29885e-03 Validation loss 7.61881e-03 Time taken: 0.08 seconds 
Epoch: 103/200 Train accuracy: 6.44934e-01 Validation accuracy: 6.37667e-01 Training loss 7.29843e-03 Validation loss 7.63334e-03 Time taken: 0.08 seconds 
Epoch: 104/200 Train accuracy: 6.45789e-01 Validation accuracy: 6.26000e-01 Training loss 7.29090e-03 Validation loss 7.67105e-03 Time taken: 0.08 seconds 
Epoch: 105/200 Train accuracy: 6.42297e-01 Validation accuracy: 6.34667e-01 Training loss 7.29248e-03 Validation loss 7.64491e-03 Time taken: 0.10 seconds 
Epoch: 106/200 Train accuracy: 6.46430e-01 Validation accuracy: 6.29000e-01 Training loss 7.28146e-03 Validation loss 7.62656e-03 Time taken: 0.08 seconds 
Epoch: 107/200 Train accuracy: 6.45076e-01 Validation accuracy: 6.24333e-01 Training loss 7.29324e-03 Validation loss 7.63314e-03 Time taken: 0.08 seconds 
Epoch: 108/200 Train accuracy: 6.40872e-01 Validation accuracy: 6.36000e-01 Training loss 7.29027e-03 Validation loss 7.64349e-03 Time taken: 0.08 seconds 
Epoch: 109/200 Train accuracy: 6.43437e-01 Validation accuracy: 6.38667e-01 Training loss 7.28659e-03 Validation loss 7.62714e-03 Time taken: 0.08 seconds 
Epoch: 110/200 Train accuracy: 6.43010e-01 Validation accuracy: 6.33667e-01 Training loss 7.29805e-03 Validation loss 7.62844e-03 Time taken: 0.08 seconds 
Epoch: 111/200 Train accuracy: 6.45361e-01 Validation accuracy: 6.31000e-01 Training loss 7.28251e-03 Validation loss 7.62049e-03 Time taken: 0.08 seconds 
Epoch: 112/200 Train accuracy: 6.47214e-01 Validation accuracy: 6.37000e-01 Training loss 7.28107e-03 Validation loss 7.61717e-03 Time taken: 0.08 seconds 
Epoch: 113/200 Train accuracy: 6.45219e-01 Validation accuracy: 6.28667e-01 Training loss 7.27973e-03 Validation loss 7.60844e-03 Time taken: 0.08 seconds 
Epoch: 114/200 Train accuracy: 6.44150e-01 Validation accuracy: 6.25000e-01 Training loss 7.27895e-03 Validation loss 7.62278e-03 Time taken: 0.08 seconds 
Epoch: 115/200 Train accuracy: 6.45931e-01 Validation accuracy: 6.31000e-01 Training loss 7.27880e-03 Validation loss 7.61929e-03 Time taken: 0.08 seconds 
Epoch: 116/200 Train accuracy: 6.44649e-01 Validation accuracy: 6.28333e-01 Training loss 7.27194e-03 Validation loss 7.61356e-03 Time taken: 0.08 seconds 
Epoch: 117/200 Train accuracy: 6.47214e-01 Validation accuracy: 6.32000e-01 Training loss 7.27062e-03 Validation loss 7.62374e-03 Time taken: 0.09 seconds 
Epoch: 118/200 Train accuracy: 6.44720e-01 Validation accuracy: 6.38667e-01 Training loss 7.26684e-03 Validation loss 7.61236e-03 Time taken: 0.08 seconds 
Epoch: 119/200 Train accuracy: 6.44934e-01 Validation accuracy: 6.32667e-01 Training loss 7.27535e-03 Validation loss 7.61168e-03 Time taken: 0.08 seconds 
Epoch: 120/200 Train accuracy: 6.45290e-01 Validation accuracy: 6.31000e-01 Training loss 7.26739e-03 Validation loss 7.60480e-03 Time taken: 0.08 seconds 
Epoch: 121/200 Train accuracy: 6.46501e-01 Validation accuracy: 6.28000e-01 Training loss 7.26306e-03 Validation loss 7.62426e-03 Time taken: 0.10 seconds 
Epoch: 122/200 Train accuracy: 6.44221e-01 Validation accuracy: 6.34667e-01 Training loss 7.26981e-03 Validation loss 7.59287e-03 Time taken: 0.08 seconds 
Epoch: 123/200 Train accuracy: 6.45076e-01 Validation accuracy: 6.38000e-01 Training loss 7.26096e-03 Validation loss 7.60533e-03 Time taken: 0.08 seconds 
Epoch: 124/200 Train accuracy: 6.46501e-01 Validation accuracy: 6.23333e-01 Training loss 7.26057e-03 Validation loss 7.61515e-03 Time taken: 0.08 seconds 
Epoch: 125/200 Train accuracy: 6.45575e-01 Validation accuracy: 6.32000e-01 Training loss 7.26427e-03 Validation loss 7.62817e-03 Time taken: 0.08 seconds 
Epoch: 126/200 Train accuracy: 6.46145e-01 Validation accuracy: 6.31667e-01 Training loss 7.26160e-03 Validation loss 7.59272e-03 Time taken: 0.08 seconds 
Epoch: 127/200 Train accuracy: 6.46573e-01 Validation accuracy: 6.33000e-01 Training loss 7.25968e-03 Validation loss 7.61385e-03 Time taken: 0.08 seconds 
Epoch: 128/200 Train accuracy: 6.46786e-01 Validation accuracy: 6.28667e-01 Training loss 7.25861e-03 Validation loss 7.60004e-03 Time taken: 0.08 seconds 
Epoch: 129/200 Train accuracy: 6.48283e-01 Validation accuracy: 6.33000e-01 Training loss 7.25532e-03 Validation loss 7.60452e-03 Time taken: 0.08 seconds 
Epoch: 130/200 Train accuracy: 6.46786e-01 Validation accuracy: 6.26667e-01 Training loss 7.25960e-03 Validation loss 7.60534e-03 Time taken: 0.08 seconds 
Epoch: 131/200 Train accuracy: 6.44577e-01 Validation accuracy: 6.38333e-01 Training loss 7.25391e-03 Validation loss 7.59660e-03 Time taken: 0.08 seconds 
Epoch: 132/200 Train accuracy: 6.46074e-01 Validation accuracy: 6.35000e-01 Training loss 7.25310e-03 Validation loss 7.60457e-03 Time taken: 0.08 seconds 
Epoch: 133/200 Train accuracy: 6.43936e-01 Validation accuracy: 6.33667e-01 Training loss 7.24667e-03 Validation loss 7.61095e-03 Time taken: 0.08 seconds 
Epoch: 134/200 Train accuracy: 6.45860e-01 Validation accuracy: 6.38333e-01 Training loss 7.25066e-03 Validation loss 7.59554e-03 Time taken: 0.08 seconds 
Epoch: 135/200 Train accuracy: 6.46573e-01 Validation accuracy: 6.31333e-01 Training loss 7.25097e-03 Validation loss 7.59143e-03 Time taken: 0.08 seconds 
Epoch: 136/200 Train accuracy: 6.47570e-01 Validation accuracy: 6.31667e-01 Training loss 7.24194e-03 Validation loss 7.59443e-03 Time taken: 0.08 seconds 
Epoch: 137/200 Train accuracy: 6.47143e-01 Validation accuracy: 6.34000e-01 Training loss 7.24547e-03 Validation loss 7.59144e-03 Time taken: 0.08 seconds 
Epoch: 138/200 Train accuracy: 6.48354e-01 Validation accuracy: 6.32667e-01 Training loss 7.25033e-03 Validation loss 7.57574e-03 Time taken: 0.08 seconds 
Epoch: 139/200 Train accuracy: 6.48497e-01 Validation accuracy: 6.39333e-01 Training loss 7.24395e-03 Validation loss 7.57569e-03 Time taken: 0.08 seconds 
Epoch: 140/200 Train accuracy: 6.48354e-01 Validation accuracy: 6.37667e-01 Training loss 7.24035e-03 Validation loss 7.57453e-03 Time taken: 0.08 seconds 
Epoch: 141/200 Train accuracy: 6.46145e-01 Validation accuracy: 6.31667e-01 Training loss 7.24200e-03 Validation loss 7.59166e-03 Time taken: 0.08 seconds 
Epoch: 142/200 Train accuracy: 6.47713e-01 Validation accuracy: 6.34667e-01 Training loss 7.23801e-03 Validation loss 7.59550e-03 Time taken: 0.08 seconds 
Epoch: 143/200 Train accuracy: 6.49209e-01 Validation accuracy: 6.39667e-01 Training loss 7.23881e-03 Validation loss 7.58012e-03 Time taken: 0.08 seconds 
Epoch: 144/200 Train accuracy: 6.47641e-01 Validation accuracy: 6.31000e-01 Training loss 7.23947e-03 Validation loss 7.56784e-03 Time taken: 0.08 seconds 
Epoch: 145/200 Train accuracy: 6.48568e-01 Validation accuracy: 6.33000e-01 Training loss 7.23576e-03 Validation loss 7.59232e-03 Time taken: 0.08 seconds 
Epoch: 146/200 Train accuracy: 6.47641e-01 Validation accuracy: 6.34000e-01 Training loss 7.24064e-03 Validation loss 7.56863e-03 Time taken: 0.08 seconds 
Epoch: 147/200 Train accuracy: 6.47356e-01 Validation accuracy: 6.37333e-01 Training loss 7.23563e-03 Validation loss 7.57687e-03 Time taken: 0.10 seconds 
Epoch: 148/200 Train accuracy: 6.46216e-01 Validation accuracy: 6.35667e-01 Training loss 7.24184e-03 Validation loss 7.57129e-03 Time taken: 0.08 seconds 
Epoch: 149/200 Train accuracy: 6.47570e-01 Validation accuracy: 6.27333e-01 Training loss 7.23010e-03 Validation loss 7.60259e-03 Time taken: 0.08 seconds 
Epoch: 150/200 Train accuracy: 6.48639e-01 Validation accuracy: 6.36667e-01 Training loss 7.23422e-03 Validation loss 7.56682e-03 Time taken: 0.10 seconds 
Epoch: 151/200 Train accuracy: 6.47285e-01 Validation accuracy: 6.32333e-01 Training loss 7.22538e-03 Validation loss 7.56910e-03 Time taken: 0.08 seconds 
Epoch: 152/200 Train accuracy: 6.47926e-01 Validation accuracy: 6.42667e-01 Training loss 7.23071e-03 Validation loss 7.56493e-03 Time taken: 0.08 seconds 
Epoch: 153/200 Train accuracy: 6.47784e-01 Validation accuracy: 6.38667e-01 Training loss 7.22445e-03 Validation loss 7.56744e-03 Time taken: 0.08 seconds 
Epoch: 154/200 Train accuracy: 6.47285e-01 Validation accuracy: 6.34000e-01 Training loss 7.23053e-03 Validation loss 7.60437e-03 Time taken: 0.08 seconds 
Epoch: 155/200 Train accuracy: 6.48211e-01 Validation accuracy: 6.38000e-01 Training loss 7.23027e-03 Validation loss 7.56779e-03 Time taken: 0.08 seconds 
Epoch: 156/200 Train accuracy: 6.47998e-01 Validation accuracy: 6.39333e-01 Training loss 7.22455e-03 Validation loss 7.57324e-03 Time taken: 0.08 seconds 
Epoch: 157/200 Train accuracy: 6.47998e-01 Validation accuracy: 6.34667e-01 Training loss 7.21952e-03 Validation loss 7.57733e-03 Time taken: 0.08 seconds 
Epoch: 158/200 Train accuracy: 6.48995e-01 Validation accuracy: 6.37667e-01 Training loss 7.22576e-03 Validation loss 7.56905e-03 Time taken: 0.08 seconds 
Epoch: 159/200 Train accuracy: 6.48995e-01 Validation accuracy: 6.32667e-01 Training loss 7.21828e-03 Validation loss 7.55476e-03 Time taken: 0.08 seconds 
Epoch: 160/200 Train accuracy: 6.50278e-01 Validation accuracy: 6.37667e-01 Training loss 7.21563e-03 Validation loss 7.56511e-03 Time taken: 0.08 seconds 
Epoch: 161/200 Train accuracy: 6.48140e-01 Validation accuracy: 6.38000e-01 Training loss 7.21750e-03 Validation loss 7.56249e-03 Time taken: 0.08 seconds 
Epoch: 162/200 Train accuracy: 6.48710e-01 Validation accuracy: 6.36667e-01 Training loss 7.21176e-03 Validation loss 7.56948e-03 Time taken: 0.08 seconds 
Epoch: 163/200 Train accuracy: 6.48710e-01 Validation accuracy: 6.31667e-01 Training loss 7.22125e-03 Validation loss 7.58737e-03 Time taken: 0.08 seconds 
Epoch: 164/200 Train accuracy: 6.49637e-01 Validation accuracy: 6.36000e-01 Training loss 7.21486e-03 Validation loss 7.56232e-03 Time taken: 0.08 seconds 
Epoch: 165/200 Train accuracy: 6.52202e-01 Validation accuracy: 6.38667e-01 Training loss 7.21613e-03 Validation loss 7.55783e-03 Time taken: 0.08 seconds 
Epoch: 166/200 Train accuracy: 6.49779e-01 Validation accuracy: 6.36667e-01 Training loss 7.21451e-03 Validation loss 7.55549e-03 Time taken: 0.08 seconds 
Epoch: 167/200 Train accuracy: 6.52059e-01 Validation accuracy: 6.43333e-01 Training loss 7.21385e-03 Validation loss 7.55407e-03 Time taken: 0.08 seconds 
Epoch: 168/200 Train accuracy: 6.49067e-01 Validation accuracy: 6.37333e-01 Training loss 7.21736e-03 Validation loss 7.54282e-03 Time taken: 0.08 seconds 
Epoch: 169/200 Train accuracy: 6.49067e-01 Validation accuracy: 6.26667e-01 Training loss 7.20886e-03 Validation loss 7.57257e-03 Time taken: 0.08 seconds 
Epoch: 170/200 Train accuracy: 6.47641e-01 Validation accuracy: 6.37667e-01 Training loss 7.21945e-03 Validation loss 7.56327e-03 Time taken: 0.08 seconds 
Epoch: 171/200 Train accuracy: 6.49138e-01 Validation accuracy: 6.40000e-01 Training loss 7.20991e-03 Validation loss 7.55135e-03 Time taken: 0.08 seconds 
Epoch: 172/200 Train accuracy: 6.51062e-01 Validation accuracy: 6.42000e-01 Training loss 7.21511e-03 Validation loss 7.54514e-03 Time taken: 0.10 seconds 
Epoch: 173/200 Train accuracy: 6.49993e-01 Validation accuracy: 6.40000e-01 Training loss 7.21825e-03 Validation loss 7.55189e-03 Time taken: 0.08 seconds 
Epoch: 174/200 Train accuracy: 6.49850e-01 Validation accuracy: 6.28333e-01 Training loss 7.20522e-03 Validation loss 7.56765e-03 Time taken: 0.08 seconds 
Epoch: 175/200 Train accuracy: 6.48924e-01 Validation accuracy: 6.38333e-01 Training loss 7.20977e-03 Validation loss 7.57447e-03 Time taken: 0.08 seconds 
Epoch: 176/200 Train accuracy: 6.48354e-01 Validation accuracy: 6.34667e-01 Training loss 7.20431e-03 Validation loss 7.55255e-03 Time taken: 0.08 seconds 
Epoch: 177/200 Train accuracy: 6.50135e-01 Validation accuracy: 6.36333e-01 Training loss 7.20302e-03 Validation loss 7.57260e-03 Time taken: 0.08 seconds 
Epoch: 178/200 Train accuracy: 6.50563e-01 Validation accuracy: 6.32000e-01 Training loss 7.19763e-03 Validation loss 7.56310e-03 Time taken: 0.08 seconds 
Epoch: 179/200 Train accuracy: 6.51133e-01 Validation accuracy: 6.30333e-01 Training loss 7.19701e-03 Validation loss 7.56405e-03 Time taken: 0.08 seconds 
Epoch: 180/200 Train accuracy: 6.48354e-01 Validation accuracy: 6.39000e-01 Training loss 7.20099e-03 Validation loss 7.54800e-03 Time taken: 0.08 seconds 
Epoch: 181/200 Train accuracy: 6.50420e-01 Validation accuracy: 6.35333e-01 Training loss 7.20417e-03 Validation loss 7.56019e-03 Time taken: 0.09 seconds 
Epoch: 182/200 Train accuracy: 6.48639e-01 Validation accuracy: 6.40333e-01 Training loss 7.20484e-03 Validation loss 7.53558e-03 Time taken: 0.08 seconds 
Epoch: 183/200 Train accuracy: 6.49993e-01 Validation accuracy: 6.43667e-01 Training loss 7.19915e-03 Validation loss 7.54795e-03 Time taken: 0.08 seconds 
Epoch: 184/200 Train accuracy: 6.50634e-01 Validation accuracy: 6.41667e-01 Training loss 7.20090e-03 Validation loss 7.54860e-03 Time taken: 0.08 seconds 
Epoch: 185/200 Train accuracy: 6.49637e-01 Validation accuracy: 6.37333e-01 Training loss 7.19298e-03 Validation loss 7.56166e-03 Time taken: 0.08 seconds 
Epoch: 186/200 Train accuracy: 6.52059e-01 Validation accuracy: 6.41667e-01 Training loss 7.19641e-03 Validation loss 7.53354e-03 Time taken: 0.08 seconds 
Epoch: 187/200 Train accuracy: 6.50705e-01 Validation accuracy: 6.40000e-01 Training loss 7.19645e-03 Validation loss 7.55736e-03 Time taken: 0.08 seconds 
Epoch: 188/200 Train accuracy: 6.51988e-01 Validation accuracy: 6.38000e-01 Training loss 7.19134e-03 Validation loss 7.55004e-03 Time taken: 0.08 seconds 
Epoch: 189/200 Train accuracy: 6.51275e-01 Validation accuracy: 6.40000e-01 Training loss 7.19476e-03 Validation loss 7.53680e-03 Time taken: 0.08 seconds 
Epoch: 190/200 Train accuracy: 6.50777e-01 Validation accuracy: 6.36000e-01 Training loss 7.19579e-03 Validation loss 7.54989e-03 Time taken: 0.08 seconds 
Epoch: 191/200 Train accuracy: 6.49637e-01 Validation accuracy: 6.40000e-01 Training loss 7.19625e-03 Validation loss 7.55527e-03 Time taken: 0.08 seconds 
Epoch: 192/200 Train accuracy: 6.51418e-01 Validation accuracy: 6.41000e-01 Training loss 7.19510e-03 Validation loss 7.54212e-03 Time taken: 0.09 seconds 
Epoch: 193/200 Train accuracy: 6.50207e-01 Validation accuracy: 6.42000e-01 Training loss 7.18862e-03 Validation loss 7.53965e-03 Time taken: 0.08 seconds 
Epoch: 194/200 Train accuracy: 6.48782e-01 Validation accuracy: 6.41667e-01 Training loss 7.19517e-03 Validation loss 7.52878e-03 Time taken: 0.08 seconds 
Epoch: 195/200 Train accuracy: 6.50634e-01 Validation accuracy: 6.37667e-01 Training loss 7.19021e-03 Validation loss 7.55952e-03 Time taken: 0.08 seconds 
Epoch: 196/200 Train accuracy: 6.51632e-01 Validation accuracy: 6.39667e-01 Training loss 7.18904e-03 Validation loss 7.55593e-03 Time taken: 0.08 seconds 
Epoch: 197/200 Train accuracy: 6.51347e-01 Validation accuracy: 6.35667e-01 Training loss 7.18591e-03 Validation loss 7.53186e-03 Time taken: 0.08 seconds 
Epoch: 198/200 Train accuracy: 6.49993e-01 Validation accuracy: 6.37667e-01 Training loss 7.18558e-03 Validation loss 7.54171e-03 Time taken: 0.10 seconds 
Epoch: 199/200 Train accuracy: 6.50563e-01 Validation accuracy: 6.39667e-01 Training loss 7.19071e-03 Validation loss 7.54175e-03 Time taken: 0.08 seconds 
Epoch: 200/200 Train accuracy: 6.49922e-01 Validation accuracy: 6.40000e-01 Training loss 7.18632e-03 Validation loss 7.53252e-03 Time taken: 0.08 seconds 
Total time taken 0:00:16.409270
Cleaning up intermediate feature (.pt) files
Done


working on file logs_PKT_chunks/iic-train-l2-seed0-KNN-ep1000/jepa-iic-ep500.pth.tar ...
Directory logs_PKT_chunks/iic-train-l2-seed0-KNN-ep1000/classifiers for saving the classifiers is now present
VisionTransformer(
  (patch_embed): PatchEmbed(
    (proj): Conv2d(3, 768, kernel_size=(15, 15), stride=(15, 15))
  )
  (blocks): ModuleList(
    (0-11): 12 x Block(
      (norm1): LayerNorm((768,), eps=1e-06, elementwise_affine=True)
      (attn): Attention(
        (qkv): Linear(in_features=768, out_features=2304, bias=True)
        (attn_drop): Dropout(p=0.0, inplace=False)
        (proj): Linear(in_features=768, out_features=768, bias=True)
        (proj_drop): Dropout(p=0.0, inplace=False)
      )
      (drop_path): Identity()
      (norm2): LayerNorm((768,), eps=1e-06, elementwise_affine=True)
      (mlp): MLP(
        (fc1): Linear(in_features=768, out_features=3072, bias=True)
        (act): GELU(approximate='none')
        (fc2): Linear(in_features=3072, out_features=768, bias=True)
        (drop): Dropout(p=0.0, inplace=False)
      )
    )
  )
  (norm): LayerNorm((768,), eps=1e-06, elementwise_affine=True)
)
Extracting features and saving them in memory..
Extracting features...
Time taken to extract features: 24.569978184998035
Epoch: 1/200 Train accuracy: 3.16731e-01 Validation accuracy: 4.96000e-01 Training loss 1.47315e-02 Validation loss 1.10082e-02 Time taken: 0.15 seconds 
Epoch: 2/200 Train accuracy: 5.85792e-01 Validation accuracy: 6.30333e-01 Training loss 9.45419e-03 Validation loss 8.90957e-03 Time taken: 0.15 seconds 
Epoch: 3/200 Train accuracy: 6.50420e-01 Validation accuracy: 6.62000e-01 Training loss 8.08744e-03 Validation loss 8.01707e-03 Time taken: 0.15 seconds 
Epoch: 4/200 Train accuracy: 6.69944e-01 Validation accuracy: 6.80000e-01 Training loss 7.42705e-03 Validation loss 7.51784e-03 Time taken: 0.14 seconds 
Epoch: 5/200 Train accuracy: 6.83697e-01 Validation accuracy: 6.86333e-01 Training loss 7.03353e-03 Validation loss 7.18331e-03 Time taken: 0.15 seconds 
Epoch: 6/200 Train accuracy: 6.89682e-01 Validation accuracy: 6.97000e-01 Training loss 6.76717e-03 Validation loss 6.97299e-03 Time taken: 0.14 seconds 
Epoch: 7/200 Train accuracy: 6.97093e-01 Validation accuracy: 6.99667e-01 Training loss 6.57244e-03 Validation loss 6.78902e-03 Time taken: 0.14 seconds 
Epoch: 8/200 Train accuracy: 7.00299e-01 Validation accuracy: 7.01667e-01 Training loss 6.42025e-03 Validation loss 6.64667e-03 Time taken: 0.14 seconds 
Epoch: 9/200 Train accuracy: 7.07282e-01 Validation accuracy: 7.05667e-01 Training loss 6.30128e-03 Validation loss 6.54602e-03 Time taken: 0.14 seconds 
Epoch: 10/200 Train accuracy: 7.10204e-01 Validation accuracy: 7.11667e-01 Training loss 6.20450e-03 Validation loss 6.43389e-03 Time taken: 0.13 seconds 
Epoch: 11/200 Train accuracy: 7.13125e-01 Validation accuracy: 7.10667e-01 Training loss 6.11314e-03 Validation loss 6.36459e-03 Time taken: 0.14 seconds 
Epoch: 12/200 Train accuracy: 7.13767e-01 Validation accuracy: 7.17333e-01 Training loss 6.05000e-03 Validation loss 6.29389e-03 Time taken: 0.14 seconds 
Epoch: 13/200 Train accuracy: 7.17543e-01 Validation accuracy: 7.18667e-01 Training loss 5.98786e-03 Validation loss 6.21908e-03 Time taken: 0.15 seconds 
Epoch: 14/200 Train accuracy: 7.21177e-01 Validation accuracy: 7.26333e-01 Training loss 5.92871e-03 Validation loss 6.18743e-03 Time taken: 0.14 seconds 
Epoch: 15/200 Train accuracy: 7.22032e-01 Validation accuracy: 7.20667e-01 Training loss 5.87291e-03 Validation loss 6.11608e-03 Time taken: 0.15 seconds 
Epoch: 16/200 Train accuracy: 7.26450e-01 Validation accuracy: 7.22000e-01 Training loss 5.83711e-03 Validation loss 6.07191e-03 Time taken: 0.14 seconds 
Epoch: 17/200 Train accuracy: 7.26806e-01 Validation accuracy: 7.30333e-01 Training loss 5.78902e-03 Validation loss 6.05221e-03 Time taken: 0.15 seconds 
Epoch: 18/200 Train accuracy: 7.28588e-01 Validation accuracy: 7.26000e-01 Training loss 5.75898e-03 Validation loss 6.01442e-03 Time taken: 0.15 seconds 
Epoch: 19/200 Train accuracy: 7.32079e-01 Validation accuracy: 7.29667e-01 Training loss 5.71839e-03 Validation loss 5.96429e-03 Time taken: 0.15 seconds 
Epoch: 20/200 Train accuracy: 7.31509e-01 Validation accuracy: 7.34000e-01 Training loss 5.68944e-03 Validation loss 5.94057e-03 Time taken: 0.14 seconds 
Epoch: 21/200 Train accuracy: 7.32934e-01 Validation accuracy: 7.30333e-01 Training loss 5.67231e-03 Validation loss 5.90068e-03 Time taken: 0.15 seconds 
Epoch: 22/200 Train accuracy: 7.34431e-01 Validation accuracy: 7.36667e-01 Training loss 5.63262e-03 Validation loss 5.86822e-03 Time taken: 0.14 seconds 
Epoch: 23/200 Train accuracy: 7.34502e-01 Validation accuracy: 7.36667e-01 Training loss 5.61353e-03 Validation loss 5.85105e-03 Time taken: 0.15 seconds 
Epoch: 24/200 Train accuracy: 7.35856e-01 Validation accuracy: 7.36667e-01 Training loss 5.59142e-03 Validation loss 5.82904e-03 Time taken: 0.15 seconds 
Epoch: 25/200 Train accuracy: 7.37352e-01 Validation accuracy: 7.39333e-01 Training loss 5.57229e-03 Validation loss 5.81120e-03 Time taken: 0.14 seconds 
Epoch: 26/200 Train accuracy: 7.37352e-01 Validation accuracy: 7.36333e-01 Training loss 5.55113e-03 Validation loss 5.79753e-03 Time taken: 0.13 seconds 
Epoch: 27/200 Train accuracy: 7.38350e-01 Validation accuracy: 7.36333e-01 Training loss 5.53526e-03 Validation loss 5.78447e-03 Time taken: 0.14 seconds 
Epoch: 28/200 Train accuracy: 7.39134e-01 Validation accuracy: 7.40333e-01 Training loss 5.51876e-03 Validation loss 5.75089e-03 Time taken: 0.14 seconds 
Epoch: 29/200 Train accuracy: 7.40060e-01 Validation accuracy: 7.41000e-01 Training loss 5.50001e-03 Validation loss 5.74540e-03 Time taken: 0.14 seconds 
Epoch: 30/200 Train accuracy: 7.38849e-01 Validation accuracy: 7.42667e-01 Training loss 5.48794e-03 Validation loss 5.73119e-03 Time taken: 0.15 seconds 
Epoch: 31/200 Train accuracy: 7.41699e-01 Validation accuracy: 7.42000e-01 Training loss 5.47547e-03 Validation loss 5.71758e-03 Time taken: 0.16 seconds 
Epoch: 32/200 Train accuracy: 7.42269e-01 Validation accuracy: 7.44333e-01 Training loss 5.45744e-03 Validation loss 5.70637e-03 Time taken: 0.14 seconds 
Epoch: 33/200 Train accuracy: 7.40416e-01 Validation accuracy: 7.39667e-01 Training loss 5.44735e-03 Validation loss 5.68250e-03 Time taken: 0.15 seconds 
Epoch: 34/200 Train accuracy: 7.41770e-01 Validation accuracy: 7.40667e-01 Training loss 5.43362e-03 Validation loss 5.66880e-03 Time taken: 0.14 seconds 
Epoch: 35/200 Train accuracy: 7.44905e-01 Validation accuracy: 7.39667e-01 Training loss 5.42938e-03 Validation loss 5.67756e-03 Time taken: 0.14 seconds 
Epoch: 36/200 Train accuracy: 7.42696e-01 Validation accuracy: 7.43667e-01 Training loss 5.40951e-03 Validation loss 5.65252e-03 Time taken: 0.15 seconds 
Epoch: 37/200 Train accuracy: 7.45262e-01 Validation accuracy: 7.42333e-01 Training loss 5.39881e-03 Validation loss 5.65089e-03 Time taken: 0.13 seconds 
Epoch: 38/200 Train accuracy: 7.45760e-01 Validation accuracy: 7.42333e-01 Training loss 5.39869e-03 Validation loss 5.63118e-03 Time taken: 0.13 seconds 
Epoch: 39/200 Train accuracy: 7.44406e-01 Validation accuracy: 7.44667e-01 Training loss 5.38279e-03 Validation loss 5.62555e-03 Time taken: 0.13 seconds 
Epoch: 40/200 Train accuracy: 7.45190e-01 Validation accuracy: 7.44667e-01 Training loss 5.37159e-03 Validation loss 5.62249e-03 Time taken: 0.15 seconds 
Epoch: 41/200 Train accuracy: 7.44691e-01 Validation accuracy: 7.48000e-01 Training loss 5.36981e-03 Validation loss 5.61002e-03 Time taken: 0.16 seconds 
Epoch: 42/200 Train accuracy: 7.45689e-01 Validation accuracy: 7.45333e-01 Training loss 5.35968e-03 Validation loss 5.59070e-03 Time taken: 0.14 seconds 
Epoch: 43/200 Train accuracy: 7.46544e-01 Validation accuracy: 7.46333e-01 Training loss 5.35110e-03 Validation loss 5.58928e-03 Time taken: 0.16 seconds 
Epoch: 44/200 Train accuracy: 7.46330e-01 Validation accuracy: 7.41000e-01 Training loss 5.33541e-03 Validation loss 5.58371e-03 Time taken: 0.15 seconds 
Epoch: 45/200 Train accuracy: 7.47613e-01 Validation accuracy: 7.46333e-01 Training loss 5.33385e-03 Validation loss 5.56965e-03 Time taken: 0.14 seconds 
Epoch: 46/200 Train accuracy: 7.46687e-01 Validation accuracy: 7.45667e-01 Training loss 5.32847e-03 Validation loss 5.58071e-03 Time taken: 0.16 seconds 
Epoch: 47/200 Train accuracy: 7.45618e-01 Validation accuracy: 7.49000e-01 Training loss 5.32259e-03 Validation loss 5.56087e-03 Time taken: 0.14 seconds 
Epoch: 48/200 Train accuracy: 7.47470e-01 Validation accuracy: 7.49000e-01 Training loss 5.30637e-03 Validation loss 5.55168e-03 Time taken: 0.14 seconds 
Epoch: 49/200 Train accuracy: 7.49038e-01 Validation accuracy: 7.50000e-01 Training loss 5.30991e-03 Validation loss 5.56507e-03 Time taken: 0.14 seconds 
Epoch: 50/200 Train accuracy: 7.49608e-01 Validation accuracy: 7.46667e-01 Training loss 5.30167e-03 Validation loss 5.55527e-03 Time taken: 0.14 seconds 
Epoch: 51/200 Train accuracy: 7.49537e-01 Validation accuracy: 7.50333e-01 Training loss 5.29422e-03 Validation loss 5.55682e-03 Time taken: 0.14 seconds 
Epoch: 52/200 Train accuracy: 7.49109e-01 Validation accuracy: 7.47333e-01 Training loss 5.28515e-03 Validation loss 5.52947e-03 Time taken: 0.15 seconds 
Epoch: 53/200 Train accuracy: 7.49394e-01 Validation accuracy: 7.50000e-01 Training loss 5.28620e-03 Validation loss 5.54071e-03 Time taken: 0.15 seconds 
Epoch: 54/200 Train accuracy: 7.49181e-01 Validation accuracy: 7.48667e-01 Training loss 5.27567e-03 Validation loss 5.51303e-03 Time taken: 0.12 seconds 
Epoch: 55/200 Train accuracy: 7.51104e-01 Validation accuracy: 7.50333e-01 Training loss 5.27154e-03 Validation loss 5.51633e-03 Time taken: 0.14 seconds 
Epoch: 56/200 Train accuracy: 7.51389e-01 Validation accuracy: 7.49667e-01 Training loss 5.26242e-03 Validation loss 5.53229e-03 Time taken: 0.15 seconds 
Epoch: 57/200 Train accuracy: 7.51247e-01 Validation accuracy: 7.49667e-01 Training loss 5.26779e-03 Validation loss 5.53223e-03 Time taken: 0.15 seconds 
Epoch: 58/200 Train accuracy: 7.51746e-01 Validation accuracy: 7.50667e-01 Training loss 5.25371e-03 Validation loss 5.51539e-03 Time taken: 0.14 seconds 
Epoch: 59/200 Train accuracy: 7.51532e-01 Validation accuracy: 7.52667e-01 Training loss 5.24905e-03 Validation loss 5.50517e-03 Time taken: 0.14 seconds 
Epoch: 60/200 Train accuracy: 7.51603e-01 Validation accuracy: 7.49333e-01 Training loss 5.25413e-03 Validation loss 5.49210e-03 Time taken: 0.14 seconds 
Epoch: 61/200 Train accuracy: 7.52387e-01 Validation accuracy: 7.51333e-01 Training loss 5.23902e-03 Validation loss 5.49298e-03 Time taken: 0.08 seconds 
Epoch: 62/200 Train accuracy: 7.52601e-01 Validation accuracy: 7.50667e-01 Training loss 5.23650e-03 Validation loss 5.47558e-03 Time taken: 0.08 seconds 
Epoch: 63/200 Train accuracy: 7.51461e-01 Validation accuracy: 7.53667e-01 Training loss 5.23135e-03 Validation loss 5.48530e-03 Time taken: 0.08 seconds 
Epoch: 64/200 Train accuracy: 7.51675e-01 Validation accuracy: 7.52333e-01 Training loss 5.22889e-03 Validation loss 5.47087e-03 Time taken: 0.08 seconds 
Epoch: 65/200 Train accuracy: 7.52458e-01 Validation accuracy: 7.53000e-01 Training loss 5.22118e-03 Validation loss 5.48959e-03 Time taken: 0.08 seconds 
Epoch: 66/200 Train accuracy: 7.52316e-01 Validation accuracy: 7.52667e-01 Training loss 5.22202e-03 Validation loss 5.47364e-03 Time taken: 0.08 seconds 
Epoch: 67/200 Train accuracy: 7.54311e-01 Validation accuracy: 7.52667e-01 Training loss 5.21590e-03 Validation loss 5.46474e-03 Time taken: 0.08 seconds 
Epoch: 68/200 Train accuracy: 7.52530e-01 Validation accuracy: 7.51000e-01 Training loss 5.21566e-03 Validation loss 5.45162e-03 Time taken: 0.08 seconds 
Epoch: 69/200 Train accuracy: 7.54168e-01 Validation accuracy: 7.52667e-01 Training loss 5.20487e-03 Validation loss 5.44777e-03 Time taken: 0.08 seconds 
Epoch: 70/200 Train accuracy: 7.52886e-01 Validation accuracy: 7.54000e-01 Training loss 5.20546e-03 Validation loss 5.46273e-03 Time taken: 0.08 seconds 
Epoch: 71/200 Train accuracy: 7.51888e-01 Validation accuracy: 7.54000e-01 Training loss 5.20399e-03 Validation loss 5.45252e-03 Time taken: 0.08 seconds 
Epoch: 72/200 Train accuracy: 7.54382e-01 Validation accuracy: 7.50000e-01 Training loss 5.19446e-03 Validation loss 5.44266e-03 Time taken: 0.08 seconds 
Epoch: 73/200 Train accuracy: 7.53171e-01 Validation accuracy: 7.51667e-01 Training loss 5.19933e-03 Validation loss 5.43784e-03 Time taken: 0.08 seconds 
Epoch: 74/200 Train accuracy: 7.54382e-01 Validation accuracy: 7.49000e-01 Training loss 5.19064e-03 Validation loss 5.43500e-03 Time taken: 0.08 seconds 
Epoch: 75/200 Train accuracy: 7.53313e-01 Validation accuracy: 7.55333e-01 Training loss 5.18357e-03 Validation loss 5.43871e-03 Time taken: 0.08 seconds 
Epoch: 76/200 Train accuracy: 7.55024e-01 Validation accuracy: 7.53667e-01 Training loss 5.18649e-03 Validation loss 5.45215e-03 Time taken: 0.08 seconds 
Epoch: 77/200 Train accuracy: 7.54667e-01 Validation accuracy: 7.54000e-01 Training loss 5.18696e-03 Validation loss 5.43000e-03 Time taken: 0.08 seconds 
Epoch: 78/200 Train accuracy: 7.53313e-01 Validation accuracy: 7.53000e-01 Training loss 5.18184e-03 Validation loss 5.43540e-03 Time taken: 0.08 seconds 
Epoch: 79/200 Train accuracy: 7.56876e-01 Validation accuracy: 7.51000e-01 Training loss 5.17551e-03 Validation loss 5.41864e-03 Time taken: 0.08 seconds 
Epoch: 80/200 Train accuracy: 7.55594e-01 Validation accuracy: 7.53000e-01 Training loss 5.16790e-03 Validation loss 5.42043e-03 Time taken: 0.08 seconds 
Epoch: 81/200 Train accuracy: 7.54240e-01 Validation accuracy: 7.54000e-01 Training loss 5.16939e-03 Validation loss 5.41560e-03 Time taken: 0.08 seconds 
Epoch: 82/200 Train accuracy: 7.55522e-01 Validation accuracy: 7.53000e-01 Training loss 5.16516e-03 Validation loss 5.40697e-03 Time taken: 0.08 seconds 
Epoch: 83/200 Train accuracy: 7.56449e-01 Validation accuracy: 7.48000e-01 Training loss 5.16162e-03 Validation loss 5.40654e-03 Time taken: 0.08 seconds 
Epoch: 84/200 Train accuracy: 7.54168e-01 Validation accuracy: 7.54333e-01 Training loss 5.16117e-03 Validation loss 5.40582e-03 Time taken: 0.08 seconds 
Epoch: 85/200 Train accuracy: 7.56520e-01 Validation accuracy: 7.55000e-01 Training loss 5.15521e-03 Validation loss 5.41682e-03 Time taken: 0.08 seconds 
Epoch: 86/200 Train accuracy: 7.55665e-01 Validation accuracy: 7.53000e-01 Training loss 5.15033e-03 Validation loss 5.41208e-03 Time taken: 0.09 seconds 
Epoch: 87/200 Train accuracy: 7.56306e-01 Validation accuracy: 7.53000e-01 Training loss 5.15285e-03 Validation loss 5.39584e-03 Time taken: 0.09 seconds 
Epoch: 88/200 Train accuracy: 7.57161e-01 Validation accuracy: 7.55333e-01 Training loss 5.15302e-03 Validation loss 5.41132e-03 Time taken: 0.08 seconds 
Epoch: 89/200 Train accuracy: 7.56092e-01 Validation accuracy: 7.55000e-01 Training loss 5.14611e-03 Validation loss 5.39589e-03 Time taken: 0.08 seconds 
Epoch: 90/200 Train accuracy: 7.56164e-01 Validation accuracy: 7.55000e-01 Training loss 5.14161e-03 Validation loss 5.39430e-03 Time taken: 0.08 seconds 
Epoch: 91/200 Train accuracy: 7.58159e-01 Validation accuracy: 7.54333e-01 Training loss 5.13474e-03 Validation loss 5.38356e-03 Time taken: 0.08 seconds 
Epoch: 92/200 Train accuracy: 7.57517e-01 Validation accuracy: 7.52667e-01 Training loss 5.13724e-03 Validation loss 5.40155e-03 Time taken: 0.08 seconds 
Epoch: 93/200 Train accuracy: 7.57304e-01 Validation accuracy: 7.55333e-01 Training loss 5.13792e-03 Validation loss 5.39405e-03 Time taken: 0.08 seconds 
Epoch: 94/200 Train accuracy: 7.58016e-01 Validation accuracy: 7.56000e-01 Training loss 5.12490e-03 Validation loss 5.38702e-03 Time taken: 0.08 seconds 
Epoch: 95/200 Train accuracy: 7.57446e-01 Validation accuracy: 7.57000e-01 Training loss 5.13379e-03 Validation loss 5.38790e-03 Time taken: 0.09 seconds 
Epoch: 96/200 Train accuracy: 7.56876e-01 Validation accuracy: 7.57667e-01 Training loss 5.12821e-03 Validation loss 5.37989e-03 Time taken: 0.08 seconds 
Epoch: 97/200 Train accuracy: 7.57517e-01 Validation accuracy: 7.55667e-01 Training loss 5.12621e-03 Validation loss 5.37549e-03 Time taken: 0.08 seconds 
Epoch: 98/200 Train accuracy: 7.56520e-01 Validation accuracy: 7.56000e-01 Training loss 5.12382e-03 Validation loss 5.36490e-03 Time taken: 0.08 seconds 
Epoch: 99/200 Train accuracy: 7.58016e-01 Validation accuracy: 7.57333e-01 Training loss 5.11891e-03 Validation loss 5.40006e-03 Time taken: 0.08 seconds 
Epoch: 100/200 Train accuracy: 7.58301e-01 Validation accuracy: 7.55000e-01 Training loss 5.11496e-03 Validation loss 5.38363e-03 Time taken: 0.08 seconds 
Epoch: 101/200 Train accuracy: 7.58016e-01 Validation accuracy: 7.57667e-01 Training loss 5.12149e-03 Validation loss 5.37812e-03 Time taken: 0.08 seconds 
Epoch: 102/200 Train accuracy: 7.59940e-01 Validation accuracy: 7.53000e-01 Training loss 5.11036e-03 Validation loss 5.37315e-03 Time taken: 0.08 seconds 
Epoch: 103/200 Train accuracy: 7.57731e-01 Validation accuracy: 7.55667e-01 Training loss 5.11470e-03 Validation loss 5.36164e-03 Time taken: 0.08 seconds 
Epoch: 104/200 Train accuracy: 7.58871e-01 Validation accuracy: 7.56333e-01 Training loss 5.11517e-03 Validation loss 5.38067e-03 Time taken: 0.08 seconds 
Epoch: 105/200 Train accuracy: 7.60011e-01 Validation accuracy: 7.56667e-01 Training loss 5.11028e-03 Validation loss 5.38266e-03 Time taken: 0.08 seconds 
Epoch: 106/200 Train accuracy: 7.61437e-01 Validation accuracy: 7.61000e-01 Training loss 5.09524e-03 Validation loss 5.35982e-03 Time taken: 0.08 seconds 
Epoch: 107/200 Train accuracy: 7.59228e-01 Validation accuracy: 7.57667e-01 Training loss 5.10320e-03 Validation loss 5.37335e-03 Time taken: 0.08 seconds 
Epoch: 108/200 Train accuracy: 7.59513e-01 Validation accuracy: 7.56000e-01 Training loss 5.10224e-03 Validation loss 5.34860e-03 Time taken: 0.08 seconds 
Epoch: 109/200 Train accuracy: 7.59726e-01 Validation accuracy: 7.57333e-01 Training loss 5.09729e-03 Validation loss 5.35576e-03 Time taken: 0.08 seconds 
Epoch: 110/200 Train accuracy: 7.59584e-01 Validation accuracy: 7.55000e-01 Training loss 5.08565e-03 Validation loss 5.34368e-03 Time taken: 0.08 seconds 
Epoch: 111/200 Train accuracy: 7.60653e-01 Validation accuracy: 7.56333e-01 Training loss 5.09099e-03 Validation loss 5.36661e-03 Time taken: 0.08 seconds 
Epoch: 112/200 Train accuracy: 7.59726e-01 Validation accuracy: 7.58667e-01 Training loss 5.09221e-03 Validation loss 5.36103e-03 Time taken: 0.09 seconds 
Epoch: 113/200 Train accuracy: 7.60439e-01 Validation accuracy: 7.57000e-01 Training loss 5.09275e-03 Validation loss 5.33730e-03 Time taken: 0.11 seconds 
Epoch: 114/200 Train accuracy: 7.59940e-01 Validation accuracy: 7.57333e-01 Training loss 5.08281e-03 Validation loss 5.34281e-03 Time taken: 0.08 seconds 
Epoch: 115/200 Train accuracy: 7.60938e-01 Validation accuracy: 7.58333e-01 Training loss 5.08247e-03 Validation loss 5.34429e-03 Time taken: 0.08 seconds 
Epoch: 116/200 Train accuracy: 7.61223e-01 Validation accuracy: 7.58667e-01 Training loss 5.08116e-03 Validation loss 5.33860e-03 Time taken: 0.08 seconds 
Epoch: 117/200 Train accuracy: 7.60225e-01 Validation accuracy: 7.57000e-01 Training loss 5.07860e-03 Validation loss 5.36752e-03 Time taken: 0.08 seconds 
Epoch: 118/200 Train accuracy: 7.59370e-01 Validation accuracy: 7.56000e-01 Training loss 5.07522e-03 Validation loss 5.33043e-03 Time taken: 0.08 seconds 
Epoch: 119/200 Train accuracy: 7.61793e-01 Validation accuracy: 7.56333e-01 Training loss 5.07842e-03 Validation loss 5.32950e-03 Time taken: 0.08 seconds 
Epoch: 120/200 Train accuracy: 7.60724e-01 Validation accuracy: 7.54667e-01 Training loss 5.07317e-03 Validation loss 5.32972e-03 Time taken: 0.08 seconds 
Epoch: 121/200 Train accuracy: 7.59940e-01 Validation accuracy: 7.59000e-01 Training loss 5.06790e-03 Validation loss 5.33757e-03 Time taken: 0.08 seconds 
Epoch: 122/200 Train accuracy: 7.60296e-01 Validation accuracy: 7.59000e-01 Training loss 5.06964e-03 Validation loss 5.32862e-03 Time taken: 0.08 seconds 
Epoch: 123/200 Train accuracy: 7.61365e-01 Validation accuracy: 7.60000e-01 Training loss 5.06758e-03 Validation loss 5.33845e-03 Time taken: 0.08 seconds 
Epoch: 124/200 Train accuracy: 7.60795e-01 Validation accuracy: 7.56667e-01 Training loss 5.07136e-03 Validation loss 5.33175e-03 Time taken: 0.08 seconds 
Epoch: 125/200 Train accuracy: 7.60296e-01 Validation accuracy: 7.58333e-01 Training loss 5.06673e-03 Validation loss 5.33592e-03 Time taken: 0.08 seconds 
Epoch: 126/200 Train accuracy: 7.60581e-01 Validation accuracy: 7.58667e-01 Training loss 5.06444e-03 Validation loss 5.32540e-03 Time taken: 0.08 seconds 
Epoch: 127/200 Train accuracy: 7.60296e-01 Validation accuracy: 7.57000e-01 Training loss 5.06743e-03 Validation loss 5.31954e-03 Time taken: 0.08 seconds 
Epoch: 128/200 Train accuracy: 7.60866e-01 Validation accuracy: 7.57000e-01 Training loss 5.06871e-03 Validation loss 5.31473e-03 Time taken: 0.08 seconds 
Epoch: 129/200 Train accuracy: 7.61793e-01 Validation accuracy: 7.59333e-01 Training loss 5.06008e-03 Validation loss 5.31349e-03 Time taken: 0.08 seconds 
Epoch: 130/200 Train accuracy: 7.61223e-01 Validation accuracy: 7.60000e-01 Training loss 5.05885e-03 Validation loss 5.31437e-03 Time taken: 0.08 seconds 
Epoch: 131/200 Train accuracy: 7.62790e-01 Validation accuracy: 7.58667e-01 Training loss 5.05495e-03 Validation loss 5.31746e-03 Time taken: 0.08 seconds 
Epoch: 132/200 Train accuracy: 7.61579e-01 Validation accuracy: 7.55667e-01 Training loss 5.05082e-03 Validation loss 5.30787e-03 Time taken: 0.08 seconds 
Epoch: 133/200 Train accuracy: 7.62078e-01 Validation accuracy: 7.59333e-01 Training loss 5.05211e-03 Validation loss 5.31698e-03 Time taken: 0.08 seconds 
Epoch: 134/200 Train accuracy: 7.61009e-01 Validation accuracy: 7.56667e-01 Training loss 5.05502e-03 Validation loss 5.31667e-03 Time taken: 0.08 seconds 
Epoch: 135/200 Train accuracy: 7.60368e-01 Validation accuracy: 7.58333e-01 Training loss 5.04944e-03 Validation loss 5.30796e-03 Time taken: 0.08 seconds 
Epoch: 136/200 Train accuracy: 7.61579e-01 Validation accuracy: 7.64000e-01 Training loss 5.05484e-03 Validation loss 5.31413e-03 Time taken: 0.08 seconds 
Epoch: 137/200 Train accuracy: 7.61151e-01 Validation accuracy: 7.59000e-01 Training loss 5.04995e-03 Validation loss 5.33070e-03 Time taken: 0.08 seconds 
Epoch: 138/200 Train accuracy: 7.62434e-01 Validation accuracy: 7.60667e-01 Training loss 5.04748e-03 Validation loss 5.29023e-03 Time taken: 0.09 seconds 
Epoch: 139/200 Train accuracy: 7.61650e-01 Validation accuracy: 7.53000e-01 Training loss 5.04112e-03 Validation loss 5.30398e-03 Time taken: 0.09 seconds 
Epoch: 140/200 Train accuracy: 7.62790e-01 Validation accuracy: 7.54000e-01 Training loss 5.04242e-03 Validation loss 5.32929e-03 Time taken: 0.08 seconds 
Epoch: 141/200 Train accuracy: 7.62363e-01 Validation accuracy: 7.54333e-01 Training loss 5.04538e-03 Validation loss 5.33119e-03 Time taken: 0.08 seconds 
Epoch: 142/200 Train accuracy: 7.63360e-01 Validation accuracy: 7.60000e-01 Training loss 5.04083e-03 Validation loss 5.28667e-03 Time taken: 0.08 seconds 
Epoch: 143/200 Train accuracy: 7.64786e-01 Validation accuracy: 7.60000e-01 Training loss 5.03592e-03 Validation loss 5.28481e-03 Time taken: 0.08 seconds 
Epoch: 144/200 Train accuracy: 7.61793e-01 Validation accuracy: 7.57333e-01 Training loss 5.03403e-03 Validation loss 5.30173e-03 Time taken: 0.08 seconds 
Epoch: 145/200 Train accuracy: 7.61579e-01 Validation accuracy: 7.56333e-01 Training loss 5.03666e-03 Validation loss 5.30209e-03 Time taken: 0.08 seconds 
Epoch: 146/200 Train accuracy: 7.61579e-01 Validation accuracy: 7.60667e-01 Training loss 5.03782e-03 Validation loss 5.30715e-03 Time taken: 0.08 seconds 
Epoch: 147/200 Train accuracy: 7.62007e-01 Validation accuracy: 7.60333e-01 Training loss 5.03224e-03 Validation loss 5.28902e-03 Time taken: 0.08 seconds 
Epoch: 148/200 Train accuracy: 7.63432e-01 Validation accuracy: 7.60000e-01 Training loss 5.03125e-03 Validation loss 5.29808e-03 Time taken: 0.08 seconds 
Epoch: 149/200 Train accuracy: 7.63218e-01 Validation accuracy: 7.59333e-01 Training loss 5.02806e-03 Validation loss 5.28296e-03 Time taken: 0.13 seconds 
Epoch: 150/200 Train accuracy: 7.63004e-01 Validation accuracy: 7.56333e-01 Training loss 5.02701e-03 Validation loss 5.28771e-03 Time taken: 0.14 seconds 
Epoch: 151/200 Train accuracy: 7.64857e-01 Validation accuracy: 7.59333e-01 Training loss 5.02944e-03 Validation loss 5.29848e-03 Time taken: 0.14 seconds 
Epoch: 152/200 Train accuracy: 7.62862e-01 Validation accuracy: 7.57333e-01 Training loss 5.02627e-03 Validation loss 5.28220e-03 Time taken: 0.14 seconds 
Epoch: 153/200 Train accuracy: 7.63574e-01 Validation accuracy: 7.60333e-01 Training loss 5.02483e-03 Validation loss 5.29693e-03 Time taken: 0.14 seconds 
Epoch: 154/200 Train accuracy: 7.62790e-01 Validation accuracy: 7.61667e-01 Training loss 5.02221e-03 Validation loss 5.28060e-03 Time taken: 0.15 seconds 
Epoch: 155/200 Train accuracy: 7.63859e-01 Validation accuracy: 7.58667e-01 Training loss 5.02057e-03 Validation loss 5.28199e-03 Time taken: 0.12 seconds 
Epoch: 156/200 Train accuracy: 7.65498e-01 Validation accuracy: 7.59667e-01 Training loss 5.01599e-03 Validation loss 5.27112e-03 Time taken: 0.08 seconds 
Epoch: 157/200 Train accuracy: 7.63717e-01 Validation accuracy: 7.60333e-01 Training loss 5.01345e-03 Validation loss 5.28895e-03 Time taken: 0.08 seconds 
Epoch: 158/200 Train accuracy: 7.62292e-01 Validation accuracy: 7.61333e-01 Training loss 5.01489e-03 Validation loss 5.26995e-03 Time taken: 0.08 seconds 
Epoch: 159/200 Train accuracy: 7.64287e-01 Validation accuracy: 7.59667e-01 Training loss 5.01407e-03 Validation loss 5.27101e-03 Time taken: 0.08 seconds 
Epoch: 160/200 Train accuracy: 7.63788e-01 Validation accuracy: 7.62333e-01 Training loss 5.00868e-03 Validation loss 5.28527e-03 Time taken: 0.08 seconds 
Epoch: 161/200 Train accuracy: 7.64643e-01 Validation accuracy: 7.60333e-01 Training loss 5.01531e-03 Validation loss 5.28322e-03 Time taken: 0.08 seconds 
Epoch: 162/200 Train accuracy: 7.64429e-01 Validation accuracy: 7.57667e-01 Training loss 5.01314e-03 Validation loss 5.26770e-03 Time taken: 0.08 seconds 
Epoch: 163/200 Train accuracy: 7.62648e-01 Validation accuracy: 7.62667e-01 Training loss 5.01002e-03 Validation loss 5.29558e-03 Time taken: 0.08 seconds 
Epoch: 164/200 Train accuracy: 7.64643e-01 Validation accuracy: 7.59333e-01 Training loss 5.00917e-03 Validation loss 5.26568e-03 Time taken: 0.08 seconds 
Epoch: 165/200 Train accuracy: 7.64073e-01 Validation accuracy: 7.58667e-01 Training loss 5.00865e-03 Validation loss 5.25635e-03 Time taken: 0.08 seconds 
Epoch: 166/200 Train accuracy: 7.62790e-01 Validation accuracy: 7.61333e-01 Training loss 5.00680e-03 Validation loss 5.26289e-03 Time taken: 0.08 seconds 
Epoch: 167/200 Train accuracy: 7.63574e-01 Validation accuracy: 7.62333e-01 Training loss 5.00847e-03 Validation loss 5.26581e-03 Time taken: 0.08 seconds 
Epoch: 168/200 Train accuracy: 7.64144e-01 Validation accuracy: 7.63667e-01 Training loss 5.00449e-03 Validation loss 5.26750e-03 Time taken: 0.08 seconds 
Epoch: 169/200 Train accuracy: 7.65142e-01 Validation accuracy: 7.60333e-01 Training loss 4.99744e-03 Validation loss 5.26875e-03 Time taken: 0.08 seconds 
Epoch: 170/200 Train accuracy: 7.64002e-01 Validation accuracy: 7.59667e-01 Training loss 5.00216e-03 Validation loss 5.25076e-03 Time taken: 0.08 seconds 
Epoch: 171/200 Train accuracy: 7.65071e-01 Validation accuracy: 7.63000e-01 Training loss 5.00259e-03 Validation loss 5.25913e-03 Time taken: 0.08 seconds 
Epoch: 172/200 Train accuracy: 7.65213e-01 Validation accuracy: 7.61333e-01 Training loss 4.99705e-03 Validation loss 5.26249e-03 Time taken: 0.08 seconds 
Epoch: 173/200 Train accuracy: 7.65569e-01 Validation accuracy: 7.60333e-01 Training loss 4.99310e-03 Validation loss 5.24930e-03 Time taken: 0.08 seconds 
Epoch: 174/200 Train accuracy: 7.65926e-01 Validation accuracy: 7.61000e-01 Training loss 4.99590e-03 Validation loss 5.24948e-03 Time taken: 0.08 seconds 
Epoch: 175/200 Train accuracy: 7.65854e-01 Validation accuracy: 7.60667e-01 Training loss 4.99734e-03 Validation loss 5.26096e-03 Time taken: 0.08 seconds 
Epoch: 176/200 Train accuracy: 7.64928e-01 Validation accuracy: 7.61000e-01 Training loss 4.99767e-03 Validation loss 5.24790e-03 Time taken: 0.08 seconds 
Epoch: 177/200 Train accuracy: 7.64287e-01 Validation accuracy: 7.61333e-01 Training loss 4.99850e-03 Validation loss 5.25363e-03 Time taken: 0.08 seconds 
Epoch: 178/200 Train accuracy: 7.66567e-01 Validation accuracy: 7.61000e-01 Training loss 5.00056e-03 Validation loss 5.25468e-03 Time taken: 0.08 seconds 
Epoch: 179/200 Train accuracy: 7.66567e-01 Validation accuracy: 7.61333e-01 Training loss 4.99053e-03 Validation loss 5.25211e-03 Time taken: 0.08 seconds 
Epoch: 180/200 Train accuracy: 7.65783e-01 Validation accuracy: 7.60000e-01 Training loss 4.99433e-03 Validation loss 5.24722e-03 Time taken: 0.08 seconds 
Epoch: 181/200 Train accuracy: 7.67137e-01 Validation accuracy: 7.60333e-01 Training loss 4.98547e-03 Validation loss 5.24789e-03 Time taken: 0.08 seconds 
Epoch: 182/200 Train accuracy: 7.65854e-01 Validation accuracy: 7.62333e-01 Training loss 4.99206e-03 Validation loss 5.23997e-03 Time taken: 0.08 seconds 
Epoch: 183/200 Train accuracy: 7.65498e-01 Validation accuracy: 7.63667e-01 Training loss 4.98363e-03 Validation loss 5.24808e-03 Time taken: 0.08 seconds 
Epoch: 184/200 Train accuracy: 7.66211e-01 Validation accuracy: 7.59000e-01 Training loss 4.97971e-03 Validation loss 5.26082e-03 Time taken: 0.09 seconds 
Epoch: 185/200 Train accuracy: 7.65997e-01 Validation accuracy: 7.60000e-01 Training loss 4.98560e-03 Validation loss 5.24678e-03 Time taken: 0.10 seconds 
Epoch: 186/200 Train accuracy: 7.64857e-01 Validation accuracy: 7.60333e-01 Training loss 4.98028e-03 Validation loss 5.23712e-03 Time taken: 0.08 seconds 
Epoch: 187/200 Train accuracy: 7.65712e-01 Validation accuracy: 7.61000e-01 Training loss 4.98414e-03 Validation loss 5.23666e-03 Time taken: 0.08 seconds 
Epoch: 188/200 Train accuracy: 7.66496e-01 Validation accuracy: 7.59333e-01 Training loss 4.97759e-03 Validation loss 5.23388e-03 Time taken: 0.08 seconds 
Epoch: 189/200 Train accuracy: 7.65142e-01 Validation accuracy: 7.59667e-01 Training loss 4.98042e-03 Validation loss 5.25167e-03 Time taken: 0.08 seconds 
Epoch: 190/200 Train accuracy: 7.66353e-01 Validation accuracy: 7.60333e-01 Training loss 4.97666e-03 Validation loss 5.26913e-03 Time taken: 0.08 seconds 
Epoch: 191/200 Train accuracy: 7.69061e-01 Validation accuracy: 7.61667e-01 Training loss 4.97947e-03 Validation loss 5.24660e-03 Time taken: 0.12 seconds 
Epoch: 192/200 Train accuracy: 7.66353e-01 Validation accuracy: 7.62000e-01 Training loss 4.98094e-03 Validation loss 5.22953e-03 Time taken: 0.08 seconds 
Epoch: 193/200 Train accuracy: 7.66709e-01 Validation accuracy: 7.62667e-01 Training loss 4.97264e-03 Validation loss 5.23776e-03 Time taken: 0.10 seconds 
Epoch: 194/200 Train accuracy: 7.66994e-01 Validation accuracy: 7.61667e-01 Training loss 4.97532e-03 Validation loss 5.23778e-03 Time taken: 0.14 seconds 
Epoch: 195/200 Train accuracy: 7.67279e-01 Validation accuracy: 7.61000e-01 Training loss 4.97626e-03 Validation loss 5.22850e-03 Time taken: 0.14 seconds 
Epoch: 196/200 Train accuracy: 7.64999e-01 Validation accuracy: 7.62667e-01 Training loss 4.96811e-03 Validation loss 5.24660e-03 Time taken: 0.14 seconds 
Epoch: 197/200 Train accuracy: 7.66211e-01 Validation accuracy: 7.60667e-01 Training loss 4.97590e-03 Validation loss 5.23577e-03 Time taken: 0.14 seconds 
Epoch: 198/200 Train accuracy: 7.66852e-01 Validation accuracy: 7.62000e-01 Training loss 4.96710e-03 Validation loss 5.23807e-03 Time taken: 0.16 seconds 
Epoch: 199/200 Train accuracy: 7.65997e-01 Validation accuracy: 7.65667e-01 Training loss 4.96982e-03 Validation loss 5.24474e-03 Time taken: 0.14 seconds 
Epoch: 200/200 Train accuracy: 7.66638e-01 Validation accuracy: 7.62333e-01 Training loss 4.96495e-03 Validation loss 5.22883e-03 Time taken: 0.11 seconds 
Total time taken 0:00:20.852292
Cleaning up intermediate feature (.pt) files
Done


working on file logs_PKT_chunks/iic-train-l2-seed0-KNN-ep1000/jepa-iic-ep750.pth.tar ...
Directory logs_PKT_chunks/iic-train-l2-seed0-KNN-ep1000/classifiers for saving the classifiers is now present
VisionTransformer(
  (patch_embed): PatchEmbed(
    (proj): Conv2d(3, 768, kernel_size=(15, 15), stride=(15, 15))
  )
  (blocks): ModuleList(
    (0-11): 12 x Block(
      (norm1): LayerNorm((768,), eps=1e-06, elementwise_affine=True)
      (attn): Attention(
        (qkv): Linear(in_features=768, out_features=2304, bias=True)
        (attn_drop): Dropout(p=0.0, inplace=False)
        (proj): Linear(in_features=768, out_features=768, bias=True)
        (proj_drop): Dropout(p=0.0, inplace=False)
      )
      (drop_path): Identity()
      (norm2): LayerNorm((768,), eps=1e-06, elementwise_affine=True)
      (mlp): MLP(
        (fc1): Linear(in_features=768, out_features=3072, bias=True)
        (act): GELU(approximate='none')
        (fc2): Linear(in_features=3072, out_features=768, bias=True)
        (drop): Dropout(p=0.0, inplace=False)
      )
    )
  )
  (norm): LayerNorm((768,), eps=1e-06, elementwise_affine=True)
)
Extracting features and saving them in memory..
Extracting features...
Time taken to extract features: 24.26715862500714
Epoch: 1/200 Train accuracy: 4.67793e-01 Validation accuracy: 6.22667e-01 Training loss 1.13483e-02 Validation loss 9.23168e-03 Time taken: 0.08 seconds 
Epoch: 2/200 Train accuracy: 6.84196e-01 Validation accuracy: 7.01333e-01 Training loss 7.90906e-03 Validation loss 7.56377e-03 Time taken: 0.08 seconds 
Epoch: 3/200 Train accuracy: 7.21605e-01 Validation accuracy: 7.29333e-01 Training loss 6.77450e-03 Validation loss 6.80348e-03 Time taken: 0.08 seconds 
Epoch: 4/200 Train accuracy: 7.41627e-01 Validation accuracy: 7.44000e-01 Training loss 6.18573e-03 Validation loss 6.33579e-03 Time taken: 0.08 seconds 
Epoch: 5/200 Train accuracy: 7.50036e-01 Validation accuracy: 7.52000e-01 Training loss 5.81661e-03 Validation loss 6.00610e-03 Time taken: 0.08 seconds 
Epoch: 6/200 Train accuracy: 7.58658e-01 Validation accuracy: 7.61000e-01 Training loss 5.56547e-03 Validation loss 5.79491e-03 Time taken: 0.08 seconds 
Epoch: 7/200 Train accuracy: 7.65427e-01 Validation accuracy: 7.64000e-01 Training loss 5.38367e-03 Validation loss 5.59364e-03 Time taken: 0.08 seconds 
Epoch: 8/200 Train accuracy: 7.69346e-01 Validation accuracy: 7.69000e-01 Training loss 5.23076e-03 Validation loss 5.46815e-03 Time taken: 0.08 seconds 
Epoch: 9/200 Train accuracy: 7.77612e-01 Validation accuracy: 7.74000e-01 Training loss 5.11065e-03 Validation loss 5.36008e-03 Time taken: 0.08 seconds 
Epoch: 10/200 Train accuracy: 7.79037e-01 Validation accuracy: 7.76667e-01 Training loss 5.02245e-03 Validation loss 5.26298e-03 Time taken: 0.08 seconds 
Epoch: 11/200 Train accuracy: 7.83811e-01 Validation accuracy: 7.81333e-01 Training loss 4.93720e-03 Validation loss 5.18145e-03 Time taken: 0.08 seconds 
Epoch: 12/200 Train accuracy: 7.85165e-01 Validation accuracy: 7.74333e-01 Training loss 4.86755e-03 Validation loss 5.15147e-03 Time taken: 0.08 seconds 
Epoch: 13/200 Train accuracy: 7.85592e-01 Validation accuracy: 7.80667e-01 Training loss 4.81961e-03 Validation loss 5.06619e-03 Time taken: 0.08 seconds 
Epoch: 14/200 Train accuracy: 7.88727e-01 Validation accuracy: 7.79000e-01 Training loss 4.76748e-03 Validation loss 5.02622e-03 Time taken: 0.08 seconds 
Epoch: 15/200 Train accuracy: 7.90295e-01 Validation accuracy: 7.85000e-01 Training loss 4.72317e-03 Validation loss 4.96610e-03 Time taken: 0.08 seconds 
Epoch: 16/200 Train accuracy: 7.91150e-01 Validation accuracy: 7.84667e-01 Training loss 4.68059e-03 Validation loss 4.93543e-03 Time taken: 0.09 seconds 
Epoch: 17/200 Train accuracy: 7.92290e-01 Validation accuracy: 7.86333e-01 Training loss 4.64469e-03 Validation loss 4.90113e-03 Time taken: 0.08 seconds 
Epoch: 18/200 Train accuracy: 7.92718e-01 Validation accuracy: 7.88000e-01 Training loss 4.61404e-03 Validation loss 4.87284e-03 Time taken: 0.08 seconds 
Epoch: 19/200 Train accuracy: 7.95710e-01 Validation accuracy: 7.88000e-01 Training loss 4.58521e-03 Validation loss 4.84736e-03 Time taken: 0.08 seconds 
Epoch: 20/200 Train accuracy: 7.96494e-01 Validation accuracy: 7.86000e-01 Training loss 4.55773e-03 Validation loss 4.83329e-03 Time taken: 0.08 seconds 
Epoch: 21/200 Train accuracy: 7.94642e-01 Validation accuracy: 7.85667e-01 Training loss 4.53933e-03 Validation loss 4.81890e-03 Time taken: 0.08 seconds 
Epoch: 22/200 Train accuracy: 7.96565e-01 Validation accuracy: 7.92667e-01 Training loss 4.51479e-03 Validation loss 4.79150e-03 Time taken: 0.08 seconds 
Epoch: 23/200 Train accuracy: 7.97136e-01 Validation accuracy: 7.87667e-01 Training loss 4.49646e-03 Validation loss 4.77025e-03 Time taken: 0.08 seconds 
Epoch: 24/200 Train accuracy: 7.98418e-01 Validation accuracy: 7.88667e-01 Training loss 4.47843e-03 Validation loss 4.76886e-03 Time taken: 0.08 seconds 
Epoch: 25/200 Train accuracy: 7.99131e-01 Validation accuracy: 7.91333e-01 Training loss 4.46588e-03 Validation loss 4.73583e-03 Time taken: 0.08 seconds 
Epoch: 26/200 Train accuracy: 7.98418e-01 Validation accuracy: 7.91333e-01 Training loss 4.44755e-03 Validation loss 4.72587e-03 Time taken: 0.08 seconds 
Epoch: 27/200 Train accuracy: 7.99701e-01 Validation accuracy: 7.93000e-01 Training loss 4.43225e-03 Validation loss 4.69978e-03 Time taken: 0.08 seconds 
Epoch: 28/200 Train accuracy: 8.01482e-01 Validation accuracy: 7.95333e-01 Training loss 4.41221e-03 Validation loss 4.67847e-03 Time taken: 0.08 seconds 
Epoch: 29/200 Train accuracy: 8.01482e-01 Validation accuracy: 7.94000e-01 Training loss 4.40133e-03 Validation loss 4.68117e-03 Time taken: 0.08 seconds 
Epoch: 30/200 Train accuracy: 8.00128e-01 Validation accuracy: 7.92667e-01 Training loss 4.39087e-03 Validation loss 4.66414e-03 Time taken: 0.08 seconds 
Epoch: 31/200 Train accuracy: 8.01126e-01 Validation accuracy: 7.94333e-01 Training loss 4.38877e-03 Validation loss 4.65866e-03 Time taken: 0.09 seconds 
Epoch: 32/200 Train accuracy: 8.02123e-01 Validation accuracy: 7.93667e-01 Training loss 4.36731e-03 Validation loss 4.64896e-03 Time taken: 0.08 seconds 
Epoch: 33/200 Train accuracy: 8.01553e-01 Validation accuracy: 7.96667e-01 Training loss 4.36378e-03 Validation loss 4.61829e-03 Time taken: 0.08 seconds 
Epoch: 34/200 Train accuracy: 8.01696e-01 Validation accuracy: 7.90333e-01 Training loss 4.34892e-03 Validation loss 4.66655e-03 Time taken: 0.08 seconds 
Epoch: 35/200 Train accuracy: 8.02551e-01 Validation accuracy: 7.95333e-01 Training loss 4.33773e-03 Validation loss 4.60863e-03 Time taken: 0.08 seconds 
Epoch: 36/200 Train accuracy: 8.03050e-01 Validation accuracy: 7.94000e-01 Training loss 4.32879e-03 Validation loss 4.63555e-03 Time taken: 0.08 seconds 
Epoch: 37/200 Train accuracy: 8.05829e-01 Validation accuracy: 7.96667e-01 Training loss 4.32570e-03 Validation loss 4.58771e-03 Time taken: 0.08 seconds 
Epoch: 38/200 Train accuracy: 8.05686e-01 Validation accuracy: 7.94333e-01 Training loss 4.31673e-03 Validation loss 4.59597e-03 Time taken: 0.08 seconds 
Epoch: 39/200 Train accuracy: 8.03620e-01 Validation accuracy: 8.00000e-01 Training loss 4.30038e-03 Validation loss 4.56769e-03 Time taken: 0.08 seconds 
Epoch: 40/200 Train accuracy: 8.05757e-01 Validation accuracy: 7.95333e-01 Training loss 4.30428e-03 Validation loss 4.57150e-03 Time taken: 0.08 seconds 
Epoch: 41/200 Train accuracy: 8.04902e-01 Validation accuracy: 7.97667e-01 Training loss 4.28558e-03 Validation loss 4.55562e-03 Time taken: 0.08 seconds 
Epoch: 42/200 Train accuracy: 8.05472e-01 Validation accuracy: 7.96000e-01 Training loss 4.28463e-03 Validation loss 4.56712e-03 Time taken: 0.09 seconds 
Epoch: 43/200 Train accuracy: 8.04332e-01 Validation accuracy: 7.97333e-01 Training loss 4.27107e-03 Validation loss 4.55115e-03 Time taken: 0.08 seconds 
Epoch: 44/200 Train accuracy: 8.06399e-01 Validation accuracy: 7.95000e-01 Training loss 4.26498e-03 Validation loss 4.55482e-03 Time taken: 0.08 seconds 
Epoch: 45/200 Train accuracy: 8.06042e-01 Validation accuracy: 7.99000e-01 Training loss 4.25493e-03 Validation loss 4.53333e-03 Time taken: 0.08 seconds 
Epoch: 46/200 Train accuracy: 8.07183e-01 Validation accuracy: 7.96000e-01 Training loss 4.25977e-03 Validation loss 4.54970e-03 Time taken: 0.08 seconds 
Epoch: 47/200 Train accuracy: 8.06541e-01 Validation accuracy: 7.99333e-01 Training loss 4.25135e-03 Validation loss 4.51907e-03 Time taken: 0.08 seconds 
Epoch: 48/200 Train accuracy: 8.07610e-01 Validation accuracy: 7.97000e-01 Training loss 4.24455e-03 Validation loss 4.56107e-03 Time taken: 0.08 seconds 
Epoch: 49/200 Train accuracy: 8.07895e-01 Validation accuracy: 7.92333e-01 Training loss 4.23258e-03 Validation loss 4.56079e-03 Time taken: 0.08 seconds 
Epoch: 50/200 Train accuracy: 8.08251e-01 Validation accuracy: 7.98333e-01 Training loss 4.23155e-03 Validation loss 4.50437e-03 Time taken: 0.08 seconds 
Epoch: 51/200 Train accuracy: 8.07895e-01 Validation accuracy: 7.97667e-01 Training loss 4.22945e-03 Validation loss 4.49884e-03 Time taken: 0.08 seconds 
Epoch: 52/200 Train accuracy: 8.09035e-01 Validation accuracy: 7.96667e-01 Training loss 4.22075e-03 Validation loss 4.50445e-03 Time taken: 0.08 seconds 
Epoch: 53/200 Train accuracy: 8.07681e-01 Validation accuracy: 7.97667e-01 Training loss 4.20941e-03 Validation loss 4.49796e-03 Time taken: 0.08 seconds 
Epoch: 54/200 Train accuracy: 8.08465e-01 Validation accuracy: 7.97000e-01 Training loss 4.21338e-03 Validation loss 4.49741e-03 Time taken: 0.08 seconds 
Epoch: 55/200 Train accuracy: 8.10389e-01 Validation accuracy: 7.99000e-01 Training loss 4.20341e-03 Validation loss 4.49030e-03 Time taken: 0.08 seconds 
Epoch: 56/200 Train accuracy: 8.08536e-01 Validation accuracy: 7.97333e-01 Training loss 4.20004e-03 Validation loss 4.50380e-03 Time taken: 0.08 seconds 
Epoch: 57/200 Train accuracy: 8.08679e-01 Validation accuracy: 7.97667e-01 Training loss 4.19136e-03 Validation loss 4.47076e-03 Time taken: 0.08 seconds 
Epoch: 58/200 Train accuracy: 8.10247e-01 Validation accuracy: 7.98000e-01 Training loss 4.19113e-03 Validation loss 4.50168e-03 Time taken: 0.08 seconds 
Epoch: 59/200 Train accuracy: 8.08109e-01 Validation accuracy: 7.97667e-01 Training loss 4.18294e-03 Validation loss 4.48539e-03 Time taken: 0.08 seconds 
Epoch: 60/200 Train accuracy: 8.10175e-01 Validation accuracy: 8.00000e-01 Training loss 4.18411e-03 Validation loss 4.49189e-03 Time taken: 0.08 seconds 
Epoch: 61/200 Train accuracy: 8.08964e-01 Validation accuracy: 8.01667e-01 Training loss 4.18061e-03 Validation loss 4.45015e-03 Time taken: 0.08 seconds 
Epoch: 62/200 Train accuracy: 8.11529e-01 Validation accuracy: 7.99000e-01 Training loss 4.16925e-03 Validation loss 4.46458e-03 Time taken: 0.08 seconds 
Epoch: 63/200 Train accuracy: 8.12242e-01 Validation accuracy: 8.03333e-01 Training loss 4.17070e-03 Validation loss 4.44358e-03 Time taken: 0.08 seconds 
Epoch: 64/200 Train accuracy: 8.10532e-01 Validation accuracy: 7.99000e-01 Training loss 4.16686e-03 Validation loss 4.46286e-03 Time taken: 0.08 seconds 
Epoch: 65/200 Train accuracy: 8.10674e-01 Validation accuracy: 7.97000e-01 Training loss 4.15672e-03 Validation loss 4.46789e-03 Time taken: 0.08 seconds 
Epoch: 66/200 Train accuracy: 8.11814e-01 Validation accuracy: 7.97333e-01 Training loss 4.15949e-03 Validation loss 4.48022e-03 Time taken: 0.08 seconds 
Epoch: 67/200 Train accuracy: 8.11814e-01 Validation accuracy: 7.99333e-01 Training loss 4.15007e-03 Validation loss 4.45311e-03 Time taken: 0.08 seconds 
Epoch: 68/200 Train accuracy: 8.12028e-01 Validation accuracy: 7.99667e-01 Training loss 4.14426e-03 Validation loss 4.42746e-03 Time taken: 0.09 seconds 
Epoch: 69/200 Train accuracy: 8.11244e-01 Validation accuracy: 8.00667e-01 Training loss 4.14530e-03 Validation loss 4.43005e-03 Time taken: 0.08 seconds 
Epoch: 70/200 Train accuracy: 8.13168e-01 Validation accuracy: 7.99667e-01 Training loss 4.14241e-03 Validation loss 4.42798e-03 Time taken: 0.08 seconds 
Epoch: 71/200 Train accuracy: 8.13524e-01 Validation accuracy: 8.00000e-01 Training loss 4.13672e-03 Validation loss 4.43987e-03 Time taken: 0.08 seconds 
Epoch: 72/200 Train accuracy: 8.14308e-01 Validation accuracy: 7.99667e-01 Training loss 4.12721e-03 Validation loss 4.46108e-03 Time taken: 0.08 seconds 
Epoch: 73/200 Train accuracy: 8.14807e-01 Validation accuracy: 8.03667e-01 Training loss 4.13055e-03 Validation loss 4.40785e-03 Time taken: 0.08 seconds 
Epoch: 74/200 Train accuracy: 8.12313e-01 Validation accuracy: 8.03333e-01 Training loss 4.12821e-03 Validation loss 4.41605e-03 Time taken: 0.08 seconds 
Epoch: 75/200 Train accuracy: 8.14451e-01 Validation accuracy: 8.01000e-01 Training loss 4.12571e-03 Validation loss 4.41423e-03 Time taken: 0.08 seconds 
Epoch: 76/200 Train accuracy: 8.13667e-01 Validation accuracy: 8.01333e-01 Training loss 4.12411e-03 Validation loss 4.43101e-03 Time taken: 0.08 seconds 
Epoch: 77/200 Train accuracy: 8.14522e-01 Validation accuracy: 8.00667e-01 Training loss 4.11851e-03 Validation loss 4.40836e-03 Time taken: 0.08 seconds 
Epoch: 78/200 Train accuracy: 8.13168e-01 Validation accuracy: 8.02333e-01 Training loss 4.11582e-03 Validation loss 4.39573e-03 Time taken: 0.08 seconds 
Epoch: 79/200 Train accuracy: 8.14451e-01 Validation accuracy: 8.01000e-01 Training loss 4.11247e-03 Validation loss 4.40841e-03 Time taken: 0.08 seconds 
Epoch: 80/200 Train accuracy: 8.15377e-01 Validation accuracy: 8.01000e-01 Training loss 4.10552e-03 Validation loss 4.41195e-03 Time taken: 0.08 seconds 
Epoch: 81/200 Train accuracy: 8.12954e-01 Validation accuracy: 8.04333e-01 Training loss 4.10835e-03 Validation loss 4.38480e-03 Time taken: 0.08 seconds 
Epoch: 82/200 Train accuracy: 8.13453e-01 Validation accuracy: 8.05667e-01 Training loss 4.10675e-03 Validation loss 4.38229e-03 Time taken: 0.08 seconds 
Epoch: 83/200 Train accuracy: 8.16161e-01 Validation accuracy: 8.03333e-01 Training loss 4.09947e-03 Validation loss 4.38936e-03 Time taken: 0.08 seconds 
Epoch: 84/200 Train accuracy: 8.14451e-01 Validation accuracy: 7.99667e-01 Training loss 4.09615e-03 Validation loss 4.40549e-03 Time taken: 0.08 seconds 
Epoch: 85/200 Train accuracy: 8.15306e-01 Validation accuracy: 8.06333e-01 Training loss 4.09849e-03 Validation loss 4.39041e-03 Time taken: 0.08 seconds 
Epoch: 86/200 Train accuracy: 8.14522e-01 Validation accuracy: 8.02667e-01 Training loss 4.09500e-03 Validation loss 4.37857e-03 Time taken: 0.08 seconds 
Epoch: 87/200 Train accuracy: 8.14094e-01 Validation accuracy: 8.04000e-01 Training loss 4.08544e-03 Validation loss 4.37852e-03 Time taken: 0.08 seconds 
Epoch: 88/200 Train accuracy: 8.15804e-01 Validation accuracy: 8.03000e-01 Training loss 4.08936e-03 Validation loss 4.39035e-03 Time taken: 0.08 seconds 
Epoch: 89/200 Train accuracy: 8.14094e-01 Validation accuracy: 8.00333e-01 Training loss 4.08565e-03 Validation loss 4.40893e-03 Time taken: 0.08 seconds 
Epoch: 90/200 Train accuracy: 8.16517e-01 Validation accuracy: 8.01000e-01 Training loss 4.08595e-03 Validation loss 4.36852e-03 Time taken: 0.08 seconds 
Epoch: 91/200 Train accuracy: 8.15163e-01 Validation accuracy: 8.04333e-01 Training loss 4.07580e-03 Validation loss 4.37027e-03 Time taken: 0.08 seconds 
Epoch: 92/200 Train accuracy: 8.15234e-01 Validation accuracy: 8.00333e-01 Training loss 4.07279e-03 Validation loss 4.38539e-03 Time taken: 0.08 seconds 
Epoch: 93/200 Train accuracy: 8.16089e-01 Validation accuracy: 8.03333e-01 Training loss 4.07515e-03 Validation loss 4.35656e-03 Time taken: 0.08 seconds 
Epoch: 94/200 Train accuracy: 8.17016e-01 Validation accuracy: 8.00000e-01 Training loss 4.07044e-03 Validation loss 4.37513e-03 Time taken: 0.08 seconds 
Epoch: 95/200 Train accuracy: 8.14736e-01 Validation accuracy: 8.03000e-01 Training loss 4.07216e-03 Validation loss 4.36802e-03 Time taken: 0.10 seconds 
Epoch: 96/200 Train accuracy: 8.17158e-01 Validation accuracy: 8.07000e-01 Training loss 4.06381e-03 Validation loss 4.35058e-03 Time taken: 0.08 seconds 
Epoch: 97/200 Train accuracy: 8.17158e-01 Validation accuracy: 8.06333e-01 Training loss 4.06177e-03 Validation loss 4.34959e-03 Time taken: 0.08 seconds 
Epoch: 98/200 Train accuracy: 8.16945e-01 Validation accuracy: 8.07000e-01 Training loss 4.05728e-03 Validation loss 4.35122e-03 Time taken: 0.09 seconds 
Epoch: 99/200 Train accuracy: 8.16588e-01 Validation accuracy: 8.01667e-01 Training loss 4.06021e-03 Validation loss 4.35350e-03 Time taken: 0.08 seconds 
Epoch: 100/200 Train accuracy: 8.18085e-01 Validation accuracy: 8.03333e-01 Training loss 4.05268e-03 Validation loss 4.35094e-03 Time taken: 0.08 seconds 
Epoch: 101/200 Train accuracy: 8.17372e-01 Validation accuracy: 8.00667e-01 Training loss 4.04989e-03 Validation loss 4.35235e-03 Time taken: 0.08 seconds 
Epoch: 102/200 Train accuracy: 8.17942e-01 Validation accuracy: 8.02000e-01 Training loss 4.05172e-03 Validation loss 4.36292e-03 Time taken: 0.08 seconds 
Epoch: 103/200 Train accuracy: 8.16873e-01 Validation accuracy: 7.99333e-01 Training loss 4.04750e-03 Validation loss 4.37013e-03 Time taken: 0.08 seconds 
Epoch: 104/200 Train accuracy: 8.16660e-01 Validation accuracy: 8.05000e-01 Training loss 4.04809e-03 Validation loss 4.33536e-03 Time taken: 0.08 seconds 
Epoch: 105/200 Train accuracy: 8.18583e-01 Validation accuracy: 8.04333e-01 Training loss 4.04944e-03 Validation loss 4.33338e-03 Time taken: 0.08 seconds 
Epoch: 106/200 Train accuracy: 8.18085e-01 Validation accuracy: 8.00667e-01 Training loss 4.03858e-03 Validation loss 4.34975e-03 Time taken: 0.08 seconds 
Epoch: 107/200 Train accuracy: 8.17230e-01 Validation accuracy: 8.07333e-01 Training loss 4.04399e-03 Validation loss 4.32978e-03 Time taken: 0.08 seconds 
Epoch: 108/200 Train accuracy: 8.18298e-01 Validation accuracy: 8.03000e-01 Training loss 4.03145e-03 Validation loss 4.34510e-03 Time taken: 0.08 seconds 
Epoch: 109/200 Train accuracy: 8.18156e-01 Validation accuracy: 8.04000e-01 Training loss 4.03583e-03 Validation loss 4.33253e-03 Time taken: 0.08 seconds 
Epoch: 110/200 Train accuracy: 8.16945e-01 Validation accuracy: 8.02333e-01 Training loss 4.03469e-03 Validation loss 4.32304e-03 Time taken: 0.08 seconds 
Epoch: 111/200 Train accuracy: 8.20365e-01 Validation accuracy: 8.06000e-01 Training loss 4.03447e-03 Validation loss 4.32717e-03 Time taken: 0.08 seconds 
Epoch: 112/200 Train accuracy: 8.16945e-01 Validation accuracy: 8.02333e-01 Training loss 4.02893e-03 Validation loss 4.34149e-03 Time taken: 0.08 seconds 
Epoch: 113/200 Train accuracy: 8.19225e-01 Validation accuracy: 8.01667e-01 Training loss 4.02411e-03 Validation loss 4.33462e-03 Time taken: 0.08 seconds 
Epoch: 114/200 Train accuracy: 8.17728e-01 Validation accuracy: 8.03333e-01 Training loss 4.02982e-03 Validation loss 4.34206e-03 Time taken: 0.08 seconds 
Epoch: 115/200 Train accuracy: 8.17087e-01 Validation accuracy: 8.11000e-01 Training loss 4.02458e-03 Validation loss 4.31507e-03 Time taken: 0.08 seconds 
Epoch: 116/200 Train accuracy: 8.19225e-01 Validation accuracy: 8.03667e-01 Training loss 4.02057e-03 Validation loss 4.33615e-03 Time taken: 0.08 seconds 
Epoch: 117/200 Train accuracy: 8.18085e-01 Validation accuracy: 8.05000e-01 Training loss 4.02284e-03 Validation loss 4.31488e-03 Time taken: 0.08 seconds 
Epoch: 118/200 Train accuracy: 8.19011e-01 Validation accuracy: 8.05667e-01 Training loss 4.02078e-03 Validation loss 4.31977e-03 Time taken: 0.08 seconds 
Epoch: 119/200 Train accuracy: 8.18940e-01 Validation accuracy: 8.02000e-01 Training loss 4.01800e-03 Validation loss 4.31089e-03 Time taken: 0.08 seconds 
Epoch: 120/200 Train accuracy: 8.18655e-01 Validation accuracy: 8.08000e-01 Training loss 4.01463e-03 Validation loss 4.30585e-03 Time taken: 0.08 seconds 
Epoch: 121/200 Train accuracy: 8.20151e-01 Validation accuracy: 8.05667e-01 Training loss 4.01346e-03 Validation loss 4.30680e-03 Time taken: 0.09 seconds 
Epoch: 122/200 Train accuracy: 8.17586e-01 Validation accuracy: 8.03667e-01 Training loss 4.01717e-03 Validation loss 4.30850e-03 Time taken: 0.11 seconds 
Epoch: 123/200 Train accuracy: 8.19296e-01 Validation accuracy: 8.05333e-01 Training loss 4.00876e-03 Validation loss 4.30459e-03 Time taken: 0.13 seconds 
Epoch: 124/200 Train accuracy: 8.19439e-01 Validation accuracy: 8.04333e-01 Training loss 4.00603e-03 Validation loss 4.33553e-03 Time taken: 0.08 seconds 
Epoch: 125/200 Train accuracy: 8.18655e-01 Validation accuracy: 8.06333e-01 Training loss 4.01066e-03 Validation loss 4.30620e-03 Time taken: 0.08 seconds 
Epoch: 126/200 Train accuracy: 8.20080e-01 Validation accuracy: 8.07000e-01 Training loss 4.00638e-03 Validation loss 4.30106e-03 Time taken: 0.08 seconds 
Epoch: 127/200 Train accuracy: 8.18940e-01 Validation accuracy: 8.06000e-01 Training loss 4.00439e-03 Validation loss 4.30417e-03 Time taken: 0.08 seconds 
Epoch: 128/200 Train accuracy: 8.20222e-01 Validation accuracy: 8.06000e-01 Training loss 3.99634e-03 Validation loss 4.29990e-03 Time taken: 0.08 seconds 
Epoch: 129/200 Train accuracy: 8.20579e-01 Validation accuracy: 8.04000e-01 Training loss 4.00124e-03 Validation loss 4.30846e-03 Time taken: 0.08 seconds 
Epoch: 130/200 Train accuracy: 8.20222e-01 Validation accuracy: 8.02667e-01 Training loss 3.99472e-03 Validation loss 4.30055e-03 Time taken: 0.08 seconds 
Epoch: 131/200 Train accuracy: 8.19795e-01 Validation accuracy: 8.03000e-01 Training loss 4.00271e-03 Validation loss 4.31323e-03 Time taken: 0.08 seconds 
Epoch: 132/200 Train accuracy: 8.19296e-01 Validation accuracy: 8.08000e-01 Training loss 3.98690e-03 Validation loss 4.28912e-03 Time taken: 0.08 seconds 
Epoch: 133/200 Train accuracy: 8.20650e-01 Validation accuracy: 8.10333e-01 Training loss 3.99445e-03 Validation loss 4.28014e-03 Time taken: 0.08 seconds 
Epoch: 134/200 Train accuracy: 8.21434e-01 Validation accuracy: 8.04333e-01 Training loss 3.99374e-03 Validation loss 4.30707e-03 Time taken: 0.08 seconds 
Epoch: 135/200 Train accuracy: 8.20365e-01 Validation accuracy: 8.06667e-01 Training loss 3.99359e-03 Validation loss 4.28857e-03 Time taken: 0.08 seconds 
Epoch: 136/200 Train accuracy: 8.20864e-01 Validation accuracy: 8.04667e-01 Training loss 3.99751e-03 Validation loss 4.29955e-03 Time taken: 0.08 seconds 
Epoch: 137/200 Train accuracy: 8.21861e-01 Validation accuracy: 8.05667e-01 Training loss 3.98444e-03 Validation loss 4.27553e-03 Time taken: 0.08 seconds 
Epoch: 138/200 Train accuracy: 8.20650e-01 Validation accuracy: 8.05667e-01 Training loss 3.98634e-03 Validation loss 4.28996e-03 Time taken: 0.08 seconds 
Epoch: 139/200 Train accuracy: 8.19082e-01 Validation accuracy: 8.05333e-01 Training loss 3.98987e-03 Validation loss 4.29196e-03 Time taken: 0.08 seconds 
Epoch: 140/200 Train accuracy: 8.20864e-01 Validation accuracy: 8.07333e-01 Training loss 3.98610e-03 Validation loss 4.29207e-03 Time taken: 0.08 seconds 
Epoch: 141/200 Train accuracy: 8.21434e-01 Validation accuracy: 8.09667e-01 Training loss 3.97799e-03 Validation loss 4.27476e-03 Time taken: 0.08 seconds 
Epoch: 142/200 Train accuracy: 8.19937e-01 Validation accuracy: 8.07667e-01 Training loss 3.97670e-03 Validation loss 4.27127e-03 Time taken: 0.08 seconds 
Epoch: 143/200 Train accuracy: 8.21790e-01 Validation accuracy: 8.12000e-01 Training loss 3.97811e-03 Validation loss 4.27241e-03 Time taken: 0.08 seconds 
Epoch: 144/200 Train accuracy: 8.20579e-01 Validation accuracy: 8.09667e-01 Training loss 3.97474e-03 Validation loss 4.27554e-03 Time taken: 0.08 seconds 
Epoch: 145/200 Train accuracy: 8.20721e-01 Validation accuracy: 8.06000e-01 Training loss 3.98012e-03 Validation loss 4.28014e-03 Time taken: 0.12 seconds 
Epoch: 146/200 Train accuracy: 8.21220e-01 Validation accuracy: 8.05333e-01 Training loss 3.97330e-03 Validation loss 4.27163e-03 Time taken: 0.08 seconds 
Epoch: 147/200 Train accuracy: 8.20507e-01 Validation accuracy: 8.06333e-01 Training loss 3.97321e-03 Validation loss 4.26219e-03 Time taken: 0.08 seconds 
Epoch: 148/200 Train accuracy: 8.21077e-01 Validation accuracy: 8.05667e-01 Training loss 3.97012e-03 Validation loss 4.28543e-03 Time taken: 0.08 seconds 
Epoch: 149/200 Train accuracy: 8.21291e-01 Validation accuracy: 8.05333e-01 Training loss 3.97018e-03 Validation loss 4.26314e-03 Time taken: 0.08 seconds 
Epoch: 150/200 Train accuracy: 8.19724e-01 Validation accuracy: 8.06667e-01 Training loss 3.96685e-03 Validation loss 4.26565e-03 Time taken: 0.08 seconds 
Epoch: 151/200 Train accuracy: 8.21006e-01 Validation accuracy: 8.06333e-01 Training loss 3.96115e-03 Validation loss 4.26405e-03 Time taken: 0.08 seconds 
Epoch: 152/200 Train accuracy: 8.20579e-01 Validation accuracy: 8.06000e-01 Training loss 3.96614e-03 Validation loss 4.26616e-03 Time taken: 0.08 seconds 
Epoch: 153/200 Train accuracy: 8.20935e-01 Validation accuracy: 8.10333e-01 Training loss 3.96194e-03 Validation loss 4.26971e-03 Time taken: 0.08 seconds 
Epoch: 154/200 Train accuracy: 8.21362e-01 Validation accuracy: 8.10000e-01 Training loss 3.96607e-03 Validation loss 4.26155e-03 Time taken: 0.08 seconds 
Epoch: 155/200 Train accuracy: 8.21149e-01 Validation accuracy: 8.08000e-01 Training loss 3.96181e-03 Validation loss 4.31572e-03 Time taken: 0.08 seconds 
Epoch: 156/200 Train accuracy: 8.21362e-01 Validation accuracy: 8.05000e-01 Training loss 3.96653e-03 Validation loss 4.27784e-03 Time taken: 0.08 seconds 
Epoch: 157/200 Train accuracy: 8.20579e-01 Validation accuracy: 8.05667e-01 Training loss 3.96196e-03 Validation loss 4.25994e-03 Time taken: 0.10 seconds 
Epoch: 158/200 Train accuracy: 8.22930e-01 Validation accuracy: 8.04667e-01 Training loss 3.95573e-03 Validation loss 4.27534e-03 Time taken: 0.08 seconds 
Epoch: 159/200 Train accuracy: 8.21291e-01 Validation accuracy: 8.08333e-01 Training loss 3.95171e-03 Validation loss 4.24954e-03 Time taken: 0.08 seconds 
Epoch: 160/200 Train accuracy: 8.22502e-01 Validation accuracy: 8.06333e-01 Training loss 3.95116e-03 Validation loss 4.27104e-03 Time taken: 0.08 seconds 
Epoch: 161/200 Train accuracy: 8.22502e-01 Validation accuracy: 8.08333e-01 Training loss 3.94517e-03 Validation loss 4.26234e-03 Time taken: 0.08 seconds 
Epoch: 162/200 Train accuracy: 8.20579e-01 Validation accuracy: 8.07333e-01 Training loss 3.95384e-03 Validation loss 4.25559e-03 Time taken: 0.08 seconds 
Epoch: 163/200 Train accuracy: 8.21790e-01 Validation accuracy: 8.07000e-01 Training loss 3.95680e-03 Validation loss 4.27709e-03 Time taken: 0.08 seconds 
Epoch: 164/200 Train accuracy: 8.22004e-01 Validation accuracy: 8.06667e-01 Training loss 3.94618e-03 Validation loss 4.27360e-03 Time taken: 0.08 seconds 
Epoch: 165/200 Train accuracy: 8.23215e-01 Validation accuracy: 8.08333e-01 Training loss 3.95516e-03 Validation loss 4.26580e-03 Time taken: 0.08 seconds 
Epoch: 166/200 Train accuracy: 8.22716e-01 Validation accuracy: 8.08667e-01 Training loss 3.94261e-03 Validation loss 4.24828e-03 Time taken: 0.08 seconds 
Epoch: 167/200 Train accuracy: 8.21861e-01 Validation accuracy: 8.07000e-01 Training loss 3.94486e-03 Validation loss 4.24114e-03 Time taken: 0.08 seconds 
Epoch: 168/200 Train accuracy: 8.21719e-01 Validation accuracy: 8.10667e-01 Training loss 3.94949e-03 Validation loss 4.23999e-03 Time taken: 0.08 seconds 
Epoch: 169/200 Train accuracy: 8.23286e-01 Validation accuracy: 8.06000e-01 Training loss 3.94194e-03 Validation loss 4.25601e-03 Time taken: 0.08 seconds 
Epoch: 170/200 Train accuracy: 8.23144e-01 Validation accuracy: 8.11000e-01 Training loss 3.93979e-03 Validation loss 4.23639e-03 Time taken: 0.09 seconds 
Epoch: 171/200 Train accuracy: 8.23215e-01 Validation accuracy: 8.07333e-01 Training loss 3.93643e-03 Validation loss 4.24859e-03 Time taken: 0.08 seconds 
Epoch: 172/200 Train accuracy: 8.24426e-01 Validation accuracy: 8.10333e-01 Training loss 3.93246e-03 Validation loss 4.23646e-03 Time taken: 0.08 seconds 
Epoch: 173/200 Train accuracy: 8.23144e-01 Validation accuracy: 8.07333e-01 Training loss 3.93699e-03 Validation loss 4.23591e-03 Time taken: 0.08 seconds 
Epoch: 174/200 Train accuracy: 8.23286e-01 Validation accuracy: 8.09333e-01 Training loss 3.93410e-03 Validation loss 4.25402e-03 Time taken: 0.08 seconds 
Epoch: 175/200 Train accuracy: 8.22146e-01 Validation accuracy: 8.12000e-01 Training loss 3.93706e-03 Validation loss 4.23575e-03 Time taken: 0.08 seconds 
Epoch: 176/200 Train accuracy: 8.22645e-01 Validation accuracy: 8.11000e-01 Training loss 3.93797e-03 Validation loss 4.22999e-03 Time taken: 0.08 seconds 
Epoch: 177/200 Train accuracy: 8.21576e-01 Validation accuracy: 8.13667e-01 Training loss 3.93417e-03 Validation loss 4.23300e-03 Time taken: 0.08 seconds 
Epoch: 178/200 Train accuracy: 8.23144e-01 Validation accuracy: 8.09667e-01 Training loss 3.92927e-03 Validation loss 4.23365e-03 Time taken: 0.08 seconds 
Epoch: 179/200 Train accuracy: 8.21719e-01 Validation accuracy: 8.07000e-01 Training loss 3.92460e-03 Validation loss 4.25178e-03 Time taken: 0.08 seconds 
Epoch: 180/200 Train accuracy: 8.23928e-01 Validation accuracy: 8.10333e-01 Training loss 3.92991e-03 Validation loss 4.22040e-03 Time taken: 0.08 seconds 
Epoch: 181/200 Train accuracy: 8.21576e-01 Validation accuracy: 8.08667e-01 Training loss 3.92487e-03 Validation loss 4.22339e-03 Time taken: 0.08 seconds 
Epoch: 182/200 Train accuracy: 8.23500e-01 Validation accuracy: 8.08667e-01 Training loss 3.92328e-03 Validation loss 4.22316e-03 Time taken: 0.08 seconds 
Epoch: 183/200 Train accuracy: 8.22075e-01 Validation accuracy: 8.12000e-01 Training loss 3.93753e-03 Validation loss 4.21485e-03 Time taken: 0.08 seconds 
Epoch: 184/200 Train accuracy: 8.23144e-01 Validation accuracy: 8.08333e-01 Training loss 3.92410e-03 Validation loss 4.22251e-03 Time taken: 0.08 seconds 
Epoch: 185/200 Train accuracy: 8.21790e-01 Validation accuracy: 8.10667e-01 Training loss 3.92542e-03 Validation loss 4.23003e-03 Time taken: 0.08 seconds 
Epoch: 186/200 Train accuracy: 8.23144e-01 Validation accuracy: 8.08333e-01 Training loss 3.92261e-03 Validation loss 4.23953e-03 Time taken: 0.08 seconds 
Epoch: 187/200 Train accuracy: 8.23714e-01 Validation accuracy: 8.08667e-01 Training loss 3.92128e-03 Validation loss 4.23263e-03 Time taken: 0.08 seconds 
Epoch: 188/200 Train accuracy: 8.24355e-01 Validation accuracy: 8.06000e-01 Training loss 3.92012e-03 Validation loss 4.25075e-03 Time taken: 0.08 seconds 
Epoch: 189/200 Train accuracy: 8.22360e-01 Validation accuracy: 8.10667e-01 Training loss 3.91802e-03 Validation loss 4.21389e-03 Time taken: 0.08 seconds 
Epoch: 190/200 Train accuracy: 8.25709e-01 Validation accuracy: 8.12333e-01 Training loss 3.91510e-03 Validation loss 4.21495e-03 Time taken: 0.08 seconds 
Epoch: 191/200 Train accuracy: 8.23643e-01 Validation accuracy: 8.08333e-01 Training loss 3.91789e-03 Validation loss 4.23284e-03 Time taken: 0.08 seconds 
Epoch: 192/200 Train accuracy: 8.23358e-01 Validation accuracy: 8.15000e-01 Training loss 3.91789e-03 Validation loss 4.21275e-03 Time taken: 0.08 seconds 
Epoch: 193/200 Train accuracy: 8.22502e-01 Validation accuracy: 8.10333e-01 Training loss 3.91241e-03 Validation loss 4.23125e-03 Time taken: 0.08 seconds 
Epoch: 194/200 Train accuracy: 8.23215e-01 Validation accuracy: 8.11333e-01 Training loss 3.91814e-03 Validation loss 4.21162e-03 Time taken: 0.08 seconds 
Epoch: 195/200 Train accuracy: 8.22217e-01 Validation accuracy: 8.08667e-01 Training loss 3.90791e-03 Validation loss 4.20918e-03 Time taken: 0.08 seconds 
Epoch: 196/200 Train accuracy: 8.23358e-01 Validation accuracy: 8.09333e-01 Training loss 3.90998e-03 Validation loss 4.21684e-03 Time taken: 0.10 seconds 
Epoch: 197/200 Train accuracy: 8.23785e-01 Validation accuracy: 8.07667e-01 Training loss 3.90819e-03 Validation loss 4.23091e-03 Time taken: 0.14 seconds 
Epoch: 198/200 Train accuracy: 8.22502e-01 Validation accuracy: 8.12333e-01 Training loss 3.91080e-03 Validation loss 4.20308e-03 Time taken: 0.08 seconds 
Epoch: 199/200 Train accuracy: 8.22217e-01 Validation accuracy: 8.10333e-01 Training loss 3.91099e-03 Validation loss 4.21625e-03 Time taken: 0.08 seconds 
Epoch: 200/200 Train accuracy: 8.23073e-01 Validation accuracy: 8.07333e-01 Training loss 3.91273e-03 Validation loss 4.23294e-03 Time taken: 0.08 seconds 
Total time taken 0:00:16.212063
Cleaning up intermediate feature (.pt) files
Done


Time taken to complete whole task: 726.1375947310007
