VisionTransformer(
  (patch_embed): PatchEmbed(
    (proj): Conv2d(3, 768, kernel_size=(15, 15), stride=(15, 15))
  )
  (blocks): ModuleList(
    (0-11): 12 x Block(
      (norm1): LayerNorm((768,), eps=1e-06, elementwise_affine=True)
      (attn): Attention(
        (qkv): Linear(in_features=768, out_features=2304, bias=True)
        (attn_drop): Dropout(p=0.0, inplace=False)
        (proj): Linear(in_features=768, out_features=768, bias=True)
        (proj_drop): Dropout(p=0.0, inplace=False)
      )
      (drop_path): Identity()
      (norm2): LayerNorm((768,), eps=1e-06, elementwise_affine=True)
      (mlp): MLP(
        (fc1): Linear(in_features=768, out_features=3072, bias=True)
        (act): GELU(approximate='none')
        (fc2): Linear(in_features=3072, out_features=768, bias=True)
        (drop): Dropout(p=0.0, inplace=False)
      )
    )
  )
  (norm): LayerNorm((768,), eps=1e-06, elementwise_affine=True)
)
VisionTransformer(
  (patch_embed): PatchEmbed(
    (proj): Conv2d(3, 768, kernel_size=(15, 15), stride=(15, 15))
  )
  (blocks): ModuleList(
    (0-11): 12 x Block(
      (norm1): LayerNorm((768,), eps=1e-06, elementwise_affine=True)
      (attn): Attention(
        (qkv): Linear(in_features=768, out_features=2304, bias=True)
        (attn_drop): Dropout(p=0.0, inplace=False)
        (proj): Linear(in_features=768, out_features=768, bias=True)
        (proj_drop): Dropout(p=0.0, inplace=False)
      )
      (drop_path): Identity()
      (norm2): LayerNorm((768,), eps=1e-06, elementwise_affine=True)
      (mlp): MLP(
        (fc1): Linear(in_features=768, out_features=3072, bias=True)
        (act): GELU(approximate='none')
        (fc2): Linear(in_features=3072, out_features=768, bias=True)
        (drop): Dropout(p=0.0, inplace=False)
      )
    )
  )
  (norm): LayerNorm((768,), eps=1e-06, elementwise_affine=True)
)
making imagenet data transforms
data-path datasets/iic/train/
Initialized ImageNet
ImageNet dataset created
ImageNet unsupervised data loader created
Using AdamW
Encountered exception when loading checkpoint [Errno 2] No such file or directory: 'logs_PKT_chunks/iic-train-l2-seed0-KNN-ep1000/jepa-iic'
Starting
Iteration: 0
z[:100] values: tensor([[[ 8.8148e-02,  1.4723e-02, -6.7836e-01,  ...,  5.1118e-02,
          -1.4315e-01, -2.9630e-01],
         [ 8.8740e-02, -5.3783e-04, -7.3108e-01,  ...,  4.8982e-02,
          -2.1852e-01, -1.6109e-01],
         [ 1.4041e-01, -2.4280e-03, -7.6232e-01,  ..., -1.2389e-02,
          -2.7210e-01, -2.0530e-02],
         ...,
         [ 8.5378e-02, -2.8279e-01, -6.3533e-01,  ...,  6.4256e-03,
          -1.3758e-01,  3.3298e-02],
         [ 1.3482e-01, -2.7881e-01, -6.8377e-01,  ..., -4.2969e-02,
          -1.8499e-01,  1.6040e-01],
         [ 1.8789e-01, -2.7360e-01, -7.0155e-01,  ..., -9.6575e-02,
          -2.0628e-01,  2.3653e-01]],

        [[ 1.2590e-01, -3.2283e-01, -6.2956e-01,  ...,  2.1857e-03,
          -1.4614e-01,  1.9469e-01],
         [ 1.7871e-01, -3.1591e-01, -6.4765e-01,  ..., -4.7869e-02,
          -1.6332e-01,  2.7171e-01],
         [ 1.9623e-01, -3.3356e-01, -6.4081e-01,  ..., -5.3533e-02,
          -1.7176e-01,  2.8354e-01],
         ...,
         [ 2.2590e-01, -1.4542e-01, -5.4757e-01,  ..., -2.1141e-01,
          -4.0412e-01, -1.2767e-01],
         [ 2.3099e-01, -1.6697e-01, -5.4711e-01,  ..., -2.1870e-01,
          -4.1116e-01, -1.0537e-01],
         [ 1.8593e-01, -2.1146e-01, -5.5087e-01,  ..., -1.7838e-01,
          -4.4223e-01, -1.2529e-01]],

        [[ 1.5554e-01, -9.3133e-02, -7.5039e-01,  ...,  7.4374e-02,
          -1.4974e-01,  8.1868e-02],
         [ 2.0695e-01, -9.6684e-02, -7.5499e-01,  ...,  1.9000e-02,
          -1.7058e-01,  1.6116e-01],
         [ 2.2914e-01, -1.2619e-01, -7.4136e-01,  ...,  1.9761e-02,
          -1.7849e-01,  1.6469e-01],
         ...,
         [ 1.8059e-01, -3.2024e-01, -6.5424e-01,  ..., -7.6124e-02,
          -1.8651e-01,  1.4630e-01],
         [ 1.9473e-01, -3.4014e-01, -6.4905e-01,  ..., -7.5502e-02,
          -1.9763e-01,  1.5465e-01],
         [ 1.5505e-01, -3.8815e-01, -6.4498e-01,  ..., -2.8056e-02,
          -2.3150e-01,  1.2729e-01]],

        ...,

        [[ 1.5596e-01,  4.2969e-02, -6.4070e-01,  ..., -3.3447e-02,
           4.2828e-03, -3.9393e-01],
         [ 8.0819e-02,  6.2291e-03, -7.1106e-01,  ...,  7.4730e-02,
          -7.9686e-02, -3.3260e-01],
         [ 8.2135e-02, -9.5871e-03, -7.7087e-01,  ...,  7.0509e-02,
          -1.5533e-01, -1.9962e-01],
         ...,
         [ 8.3438e-02, -2.6128e-01, -6.1032e-01,  ...,  4.8594e-03,
          -1.9166e-02, -1.1941e-01],
         [ 8.0113e-02, -2.8459e-01, -6.7553e-01,  ...,  1.9622e-02,
          -7.6897e-02, -3.5564e-03],
         [ 1.2923e-01, -2.8202e-01, -7.2638e-01,  ..., -3.0559e-02,
          -1.2592e-01,  1.2335e-01]],

        [[ 2.3690e-01, -1.4081e-01, -3.9833e-01,  ..., -3.7550e-01,
           7.7582e-02, -3.3899e-01],
         [ 1.4031e-01, -2.0116e-01, -4.3980e-01,  ..., -2.2228e-01,
           3.0562e-02, -3.6838e-01],
         [ 8.6372e-02, -2.5781e-01, -4.9621e-01,  ..., -9.8774e-02,
          -3.3011e-02, -3.2802e-01],
         ...,
         [ 7.4352e-02,  8.8587e-02, -5.8538e-01,  ..., -7.0822e-03,
          -1.5802e-02, -4.7724e-01],
         [ 2.9250e-02,  1.9120e-02, -6.3879e-01,  ...,  1.0739e-01,
          -9.8287e-02, -4.6017e-01],
         [ 5.4530e-02, -8.1343e-03, -6.8972e-01,  ...,  1.2131e-01,
          -1.5224e-01, -3.6310e-01]],

        [[ 2.2829e-01,  1.7550e-01, -6.2494e-01,  ..., -1.2990e-01,
           1.8453e-01, -3.8588e-01],
         [ 1.0781e-01,  1.3187e-01, -6.9206e-01,  ...,  2.6986e-02,
           1.3611e-01, -4.0928e-01],
         [ 2.9066e-02,  9.4609e-02, -7.7649e-01,  ...,  1.3113e-01,
           5.5298e-02, -3.5228e-01],
         ...,
         [ 1.2273e-01, -1.1813e-01, -6.2321e-01,  ..., -4.9895e-02,
           1.5702e-01, -1.9600e-01],
         [ 4.5195e-02, -1.6657e-01, -6.8831e-01,  ...,  6.3068e-02,
           1.0568e-01, -1.4556e-01],
         [ 3.7386e-02, -1.9172e-01, -7.5648e-01,  ...,  7.8547e-02,
           4.5834e-02, -3.0508e-02]]], device='cuda:0')
VisionTransformer(
  (patch_embed): PatchEmbed(
    (proj): Conv2d(3, 768, kernel_size=(15, 15), stride=(15, 15))
  )
  (blocks): ModuleList(
    (0-11): 12 x Block(
      (norm1): LayerNorm((768,), eps=1e-06, elementwise_affine=True)
      (attn): Attention(
        (qkv): Linear(in_features=768, out_features=2304, bias=True)
        (attn_drop): Dropout(p=0.0, inplace=False)
        (proj): Linear(in_features=768, out_features=768, bias=True)
        (proj_drop): Dropout(p=0.0, inplace=False)
      )
      (drop_path): Identity()
      (norm2): LayerNorm((768,), eps=1e-06, elementwise_affine=True)
      (mlp): MLP(
        (fc1): Linear(in_features=768, out_features=3072, bias=True)
        (act): GELU(approximate='none')
        (fc2): Linear(in_features=3072, out_features=768, bias=True)
        (drop): Dropout(p=0.0, inplace=False)
      )
    )
  )
  (norm): LayerNorm((768,), eps=1e-06, elementwise_affine=True)
)
making imagenet data transforms
data-path datasets/iic/train/
Initialized ImageNet
ImageNet dataset created
ImageNet unsupervised data loader created
Using AdamW
Encountered exception when loading checkpoint [Errno 2] No such file or directory: 'logs_PKT_chunks/iic-train-l2-seed0-KNN-ep1000/jepa-iic'
Starting
Iteration: 0
z[:100] values: tensor([[[ 8.8148e-02,  1.4723e-02, -6.7836e-01,  ...,  5.1118e-02,
          -1.4315e-01, -2.9630e-01],
         [ 8.8740e-02, -5.3783e-04, -7.3108e-01,  ...,  4.8982e-02,
          -2.1852e-01, -1.6109e-01],
         [ 1.4041e-01, -2.4280e-03, -7.6232e-01,  ..., -1.2389e-02,
          -2.7210e-01, -2.0530e-02],
         ...,
         [ 8.5378e-02, -2.8279e-01, -6.3533e-01,  ...,  6.4256e-03,
          -1.3758e-01,  3.3298e-02],
         [ 1.3482e-01, -2.7881e-01, -6.8377e-01,  ..., -4.2969e-02,
          -1.8499e-01,  1.6040e-01],
         [ 1.8789e-01, -2.7360e-01, -7.0155e-01,  ..., -9.6575e-02,
          -2.0628e-01,  2.3653e-01]],

        [[ 1.2590e-01, -3.2283e-01, -6.2956e-01,  ...,  2.1857e-03,
          -1.4614e-01,  1.9469e-01],
         [ 1.7871e-01, -3.1591e-01, -6.4765e-01,  ..., -4.7869e-02,
          -1.6332e-01,  2.7171e-01],
         [ 1.9623e-01, -3.3356e-01, -6.4081e-01,  ..., -5.3533e-02,
          -1.7176e-01,  2.8354e-01],
         ...,
         [ 2.2590e-01, -1.4542e-01, -5.4757e-01,  ..., -2.1141e-01,
          -4.0412e-01, -1.2767e-01],
         [ 2.3099e-01, -1.6697e-01, -5.4711e-01,  ..., -2.1870e-01,
          -4.1116e-01, -1.0537e-01],
         [ 1.8593e-01, -2.1146e-01, -5.5087e-01,  ..., -1.7838e-01,
          -4.4223e-01, -1.2529e-01]],

        [[ 1.5554e-01, -9.3133e-02, -7.5039e-01,  ...,  7.4374e-02,
          -1.4974e-01,  8.1868e-02],
         [ 2.0695e-01, -9.6684e-02, -7.5499e-01,  ...,  1.9000e-02,
          -1.7058e-01,  1.6116e-01],
         [ 2.2914e-01, -1.2619e-01, -7.4136e-01,  ...,  1.9761e-02,
          -1.7849e-01,  1.6469e-01],
         ...,
         [ 1.8059e-01, -3.2024e-01, -6.5424e-01,  ..., -7.6124e-02,
          -1.8651e-01,  1.4630e-01],
         [ 1.9473e-01, -3.4014e-01, -6.4905e-01,  ..., -7.5502e-02,
          -1.9763e-01,  1.5465e-01],
         [ 1.5505e-01, -3.8815e-01, -6.4498e-01,  ..., -2.8056e-02,
          -2.3150e-01,  1.2729e-01]],

        ...,

        [[ 1.5596e-01,  4.2969e-02, -6.4070e-01,  ..., -3.3447e-02,
           4.2828e-03, -3.9393e-01],
         [ 8.0819e-02,  6.2291e-03, -7.1106e-01,  ...,  7.4730e-02,
          -7.9686e-02, -3.3260e-01],
         [ 8.2135e-02, -9.5871e-03, -7.7087e-01,  ...,  7.0509e-02,
          -1.5533e-01, -1.9962e-01],
         ...,
         [ 8.3438e-02, -2.6128e-01, -6.1032e-01,  ...,  4.8594e-03,
          -1.9166e-02, -1.1941e-01],
         [ 8.0113e-02, -2.8459e-01, -6.7553e-01,  ...,  1.9622e-02,
          -7.6897e-02, -3.5564e-03],
         [ 1.2923e-01, -2.8202e-01, -7.2638e-01,  ..., -3.0559e-02,
          -1.2592e-01,  1.2335e-01]],

        [[ 2.3690e-01, -1.4081e-01, -3.9833e-01,  ..., -3.7550e-01,
           7.7582e-02, -3.3899e-01],
         [ 1.4031e-01, -2.0116e-01, -4.3980e-01,  ..., -2.2228e-01,
           3.0562e-02, -3.6838e-01],
         [ 8.6372e-02, -2.5781e-01, -4.9621e-01,  ..., -9.8774e-02,
          -3.3011e-02, -3.2802e-01],
         ...,
         [ 7.4352e-02,  8.8587e-02, -5.8538e-01,  ..., -7.0822e-03,
          -1.5802e-02, -4.7724e-01],
         [ 2.9250e-02,  1.9120e-02, -6.3879e-01,  ...,  1.0739e-01,
          -9.8287e-02, -4.6017e-01],
         [ 5.4530e-02, -8.1343e-03, -6.8972e-01,  ...,  1.2131e-01,
          -1.5224e-01, -3.6310e-01]],

        [[ 2.2829e-01,  1.7550e-01, -6.2494e-01,  ..., -1.2990e-01,
           1.8453e-01, -3.8588e-01],
         [ 1.0781e-01,  1.3187e-01, -6.9206e-01,  ...,  2.6986e-02,
           1.3611e-01, -4.0928e-01],
         [ 2.9066e-02,  9.4609e-02, -7.7649e-01,  ...,  1.3113e-01,
           5.5298e-02, -3.5228e-01],
         ...,
         [ 1.2273e-01, -1.1813e-01, -6.2321e-01,  ..., -4.9895e-02,
           1.5702e-01, -1.9600e-01],
         [ 4.5195e-02, -1.6657e-01, -6.8831e-01,  ...,  6.3068e-02,
           1.0568e-01, -1.4556e-01],
         [ 3.7386e-02, -1.9172e-01, -7.5648e-01,  ...,  7.8547e-02,
           4.5834e-02, -3.0508e-02]]], device='cuda:0')
VisionTransformer(
  (patch_embed): PatchEmbed(
    (proj): Conv2d(3, 768, kernel_size=(15, 15), stride=(15, 15))
  )
  (blocks): ModuleList(
    (0-11): 12 x Block(
      (norm1): LayerNorm((768,), eps=1e-06, elementwise_affine=True)
      (attn): Attention(
        (qkv): Linear(in_features=768, out_features=2304, bias=True)
        (attn_drop): Dropout(p=0.0, inplace=False)
        (proj): Linear(in_features=768, out_features=768, bias=True)
        (proj_drop): Dropout(p=0.0, inplace=False)
      )
      (drop_path): Identity()
      (norm2): LayerNorm((768,), eps=1e-06, elementwise_affine=True)
      (mlp): MLP(
        (fc1): Linear(in_features=768, out_features=3072, bias=True)
        (act): GELU(approximate='none')
        (fc2): Linear(in_features=3072, out_features=768, bias=True)
        (drop): Dropout(p=0.0, inplace=False)
      )
    )
  )
  (norm): LayerNorm((768,), eps=1e-06, elementwise_affine=True)
)
making imagenet data transforms
data-path datasets/iic/train/
Initialized ImageNet
ImageNet dataset created
ImageNet unsupervised data loader created
Using AdamW
Encountered exception when loading checkpoint [Errno 2] No such file or directory: 'logs_PKT_chunks/iic-train-l2-seed0-KNN-ep1000/jepa-iic'
Starting
Iteration: 0
z[:100] values: tensor([[[ 8.8148e-02,  1.4723e-02, -6.7836e-01,  ...,  5.1118e-02,
          -1.4315e-01, -2.9630e-01],
         [ 8.8740e-02, -5.3783e-04, -7.3108e-01,  ...,  4.8982e-02,
          -2.1852e-01, -1.6109e-01],
         [ 1.4041e-01, -2.4280e-03, -7.6232e-01,  ..., -1.2389e-02,
          -2.7210e-01, -2.0530e-02],
         ...,
         [ 8.5378e-02, -2.8279e-01, -6.3533e-01,  ...,  6.4256e-03,
          -1.3758e-01,  3.3298e-02],
         [ 1.3482e-01, -2.7881e-01, -6.8377e-01,  ..., -4.2969e-02,
          -1.8499e-01,  1.6040e-01],
         [ 1.8789e-01, -2.7360e-01, -7.0155e-01,  ..., -9.6575e-02,
          -2.0628e-01,  2.3653e-01]],

        [[ 1.2590e-01, -3.2283e-01, -6.2956e-01,  ...,  2.1857e-03,
          -1.4614e-01,  1.9469e-01],
         [ 1.7871e-01, -3.1591e-01, -6.4765e-01,  ..., -4.7869e-02,
          -1.6332e-01,  2.7171e-01],
         [ 1.9623e-01, -3.3356e-01, -6.4081e-01,  ..., -5.3533e-02,
          -1.7176e-01,  2.8354e-01],
         ...,
         [ 2.2590e-01, -1.4542e-01, -5.4757e-01,  ..., -2.1141e-01,
          -4.0412e-01, -1.2767e-01],
         [ 2.3099e-01, -1.6697e-01, -5.4711e-01,  ..., -2.1870e-01,
          -4.1116e-01, -1.0537e-01],
         [ 1.8593e-01, -2.1146e-01, -5.5087e-01,  ..., -1.7838e-01,
          -4.4223e-01, -1.2529e-01]],

        [[ 1.5554e-01, -9.3133e-02, -7.5039e-01,  ...,  7.4374e-02,
          -1.4974e-01,  8.1868e-02],
         [ 2.0695e-01, -9.6684e-02, -7.5499e-01,  ...,  1.9000e-02,
          -1.7058e-01,  1.6116e-01],
         [ 2.2914e-01, -1.2619e-01, -7.4136e-01,  ...,  1.9761e-02,
          -1.7849e-01,  1.6469e-01],
         ...,
         [ 1.8059e-01, -3.2024e-01, -6.5424e-01,  ..., -7.6124e-02,
          -1.8651e-01,  1.4630e-01],
         [ 1.9473e-01, -3.4014e-01, -6.4905e-01,  ..., -7.5502e-02,
          -1.9763e-01,  1.5465e-01],
         [ 1.5505e-01, -3.8815e-01, -6.4498e-01,  ..., -2.8056e-02,
          -2.3150e-01,  1.2729e-01]],

        ...,

        [[ 1.5596e-01,  4.2969e-02, -6.4070e-01,  ..., -3.3447e-02,
           4.2828e-03, -3.9393e-01],
         [ 8.0819e-02,  6.2291e-03, -7.1106e-01,  ...,  7.4730e-02,
          -7.9686e-02, -3.3260e-01],
         [ 8.2135e-02, -9.5871e-03, -7.7087e-01,  ...,  7.0509e-02,
          -1.5533e-01, -1.9962e-01],
         ...,
         [ 8.3438e-02, -2.6128e-01, -6.1032e-01,  ...,  4.8594e-03,
          -1.9166e-02, -1.1941e-01],
         [ 8.0113e-02, -2.8459e-01, -6.7553e-01,  ...,  1.9622e-02,
          -7.6897e-02, -3.5564e-03],
         [ 1.2923e-01, -2.8202e-01, -7.2638e-01,  ..., -3.0559e-02,
          -1.2592e-01,  1.2335e-01]],

        [[ 2.3690e-01, -1.4081e-01, -3.9833e-01,  ..., -3.7550e-01,
           7.7582e-02, -3.3899e-01],
         [ 1.4031e-01, -2.0116e-01, -4.3980e-01,  ..., -2.2228e-01,
           3.0562e-02, -3.6838e-01],
         [ 8.6372e-02, -2.5781e-01, -4.9621e-01,  ..., -9.8774e-02,
          -3.3011e-02, -3.2802e-01],
         ...,
         [ 7.4352e-02,  8.8587e-02, -5.8538e-01,  ..., -7.0822e-03,
          -1.5802e-02, -4.7724e-01],
         [ 2.9250e-02,  1.9120e-02, -6.3879e-01,  ...,  1.0739e-01,
          -9.8287e-02, -4.6017e-01],
         [ 5.4530e-02, -8.1343e-03, -6.8972e-01,  ...,  1.2131e-01,
          -1.5224e-01, -3.6310e-01]],

        [[ 2.2829e-01,  1.7550e-01, -6.2494e-01,  ..., -1.2990e-01,
           1.8453e-01, -3.8588e-01],
         [ 1.0781e-01,  1.3187e-01, -6.9206e-01,  ...,  2.6986e-02,
           1.3611e-01, -4.0928e-01],
         [ 2.9066e-02,  9.4609e-02, -7.7649e-01,  ...,  1.3113e-01,
           5.5298e-02, -3.5228e-01],
         ...,
         [ 1.2273e-01, -1.1813e-01, -6.2321e-01,  ..., -4.9895e-02,
           1.5702e-01, -1.9600e-01],
         [ 4.5195e-02, -1.6657e-01, -6.8831e-01,  ...,  6.3068e-02,
           1.0568e-01, -1.4556e-01],
         [ 3.7386e-02, -1.9172e-01, -7.5648e-01,  ...,  7.8547e-02,
           4.5834e-02, -3.0508e-02]]], device='cuda:0')
Iteration: 1
z[:100] values: tensor([[[ 0.1257, -0.1355, -0.6940,  ...,  0.1731,  0.0556,  0.1944],
         [ 0.1657, -0.1429, -0.7381,  ...,  0.1181,  0.0152,  0.3227],
         [ 0.2147, -0.1473, -0.7463,  ...,  0.0632, -0.0044,  0.4006],
         ...,
         [ 0.1950, -0.0694, -0.6090,  ..., -0.0938, -0.2400, -0.0831],
         [ 0.2430, -0.0707, -0.6178,  ..., -0.1340, -0.2467,  0.0085],
         [ 0.2509, -0.0953, -0.6135,  ..., -0.1373, -0.2579,  0.0320]],

        [[ 0.1417,  0.0359, -0.7635,  ...,  0.0638, -0.1743, -0.0043],
         [ 0.1945,  0.0301, -0.7672,  ...,  0.0160, -0.1975,  0.0732],
         [ 0.2147, -0.0017, -0.7598,  ...,  0.0231, -0.2071,  0.0768],
         ...,
         [ 0.1888, -0.2429, -0.6555,  ..., -0.0913, -0.1916,  0.1688],
         [ 0.2038, -0.2609, -0.6512,  ..., -0.0921, -0.2047,  0.1793],
         [ 0.1657, -0.3076, -0.6465,  ..., -0.0473, -0.2396,  0.1535]],

        [[ 0.0378, -0.0783, -0.6643,  ...,  0.1939,  0.1354, -0.0277],
         [ 0.0307, -0.1044, -0.7322,  ...,  0.2015,  0.0780,  0.0939],
         [ 0.0792, -0.1088, -0.7725,  ...,  0.1457,  0.0301,  0.2172],
         ...,
         [ 0.0483, -0.0353, -0.5992,  ..., -0.0464, -0.1905, -0.3108],
         [ 0.1120, -0.0364, -0.6323,  ..., -0.0749, -0.2191, -0.1784],
         [ 0.1661, -0.0361, -0.6372,  ..., -0.1124, -0.2318, -0.0954]],

        ...,

        [[ 0.0478,  0.0534, -0.6673,  ...,  0.1448,  0.1549, -0.0659],
         [ 0.0311,  0.0278, -0.7373,  ...,  0.1555,  0.0956,  0.0540],
         [ 0.0721,  0.0242, -0.7760,  ...,  0.1046,  0.0470,  0.1760],
         ...,
         [ 0.0349,  0.0728, -0.6145,  ..., -0.0767, -0.1655, -0.3499],
         [ 0.0935,  0.0726, -0.6454,  ..., -0.1024, -0.1970, -0.2194],
         [ 0.1472,  0.0737, -0.6454,  ..., -0.1379, -0.2132, -0.1370]],

        [[ 0.3013,  0.1172, -0.4956,  ..., -0.0938,  0.0892, -0.2226],
         [ 0.1831,  0.0672, -0.5508,  ...,  0.0712,  0.0452, -0.2346],
         [ 0.1025,  0.0182, -0.6283,  ...,  0.1841, -0.0286, -0.1683],
         ...,
         [ 0.1271, -0.0902, -0.4075,  ..., -0.2057, -0.1021, -0.3589],
         [ 0.0677, -0.1490, -0.4691,  ..., -0.0782, -0.1663, -0.3100],
         [ 0.0824, -0.1779, -0.5341,  ..., -0.0456, -0.2234, -0.1921]],

        [[ 0.1160, -0.0244, -0.6845,  ...,  0.0972, -0.0914, -0.1996],
         [ 0.1103, -0.0476, -0.7446,  ...,  0.0998, -0.1581, -0.0649],
         [ 0.1574, -0.0499, -0.7822,  ...,  0.0400, -0.2082,  0.0750],
         ...,
         [ 0.0986, -0.2269, -0.5778,  ..., -0.1172, -0.2912, -0.2282],
         [ 0.1595, -0.2239, -0.6189,  ..., -0.1470, -0.3246, -0.0933],
         [ 0.2126, -0.2188, -0.6337,  ..., -0.1860, -0.3392, -0.0121]]],
       device='cuda:0')
Iteration: 2
z[:100] values: tensor([[[ 0.1132,  0.0078, -0.6545,  ...,  0.0679, -0.1909, -0.0342],
         [ 0.1608,  0.0060, -0.6971,  ...,  0.0047, -0.2418,  0.1056],
         [ 0.2140,  0.0027, -0.7077,  ..., -0.0556, -0.2663,  0.1849],
         ...,
         [ 0.1668, -0.1732, -0.5409,  ..., -0.1811, -0.3584, -0.0638],
         [ 0.2210, -0.1674, -0.5611,  ..., -0.2232, -0.3727,  0.0190],
         [ 0.2316, -0.1879, -0.5619,  ..., -0.2286, -0.3867,  0.0327]],

        [[ 0.1764,  0.0935, -0.6501,  ..., -0.0038,  0.0173, -0.3919],
         [ 0.0992,  0.0573, -0.7262,  ...,  0.1054, -0.0667, -0.3243],
         [ 0.0997,  0.0427, -0.7873,  ...,  0.1027, -0.1413, -0.1867],
         ...,
         [ 0.0817, -0.2324, -0.5847,  ..., -0.0551, -0.0854, -0.2006],
         [ 0.0875, -0.2561, -0.6480,  ..., -0.0296, -0.1400, -0.0794],
         [ 0.1451, -0.2522, -0.6924,  ..., -0.0691, -0.1843,  0.0485]],

        [[ 0.0810, -0.1660, -0.6752,  ...,  0.1554, -0.0531,  0.0675],
         [ 0.1289, -0.1630, -0.7228,  ...,  0.1005, -0.1014,  0.1968],
         [ 0.1840, -0.1573, -0.7337,  ...,  0.0445, -0.1261,  0.2722],
         ...,
         [ 0.1612, -0.0967, -0.5873,  ..., -0.1180, -0.3507, -0.2049],
         [ 0.2134, -0.0900, -0.5990,  ..., -0.1587, -0.3605, -0.1161],
         [ 0.2224, -0.1106, -0.5957,  ..., -0.1625, -0.3721, -0.0962]],

        ...,

        [[ 0.0961, -0.0393, -0.6895,  ...,  0.1465, -0.1243, -0.0295],
         [ 0.1472, -0.0408, -0.7276,  ...,  0.0862, -0.1745,  0.1069],
         [ 0.2030, -0.0438, -0.7311,  ...,  0.0312, -0.2007,  0.1791],
         ...,
         [ 0.1478, -0.2114, -0.5735,  ..., -0.1066, -0.3009, -0.0590],
         [ 0.2039, -0.2056, -0.5868,  ..., -0.1443, -0.3173,  0.0166],
         [ 0.2154, -0.2270, -0.5833,  ..., -0.1440, -0.3328,  0.0242]],

        [[ 0.0645, -0.1190, -0.6541,  ...,  0.1610,  0.0696, -0.0988],
         [ 0.0568, -0.1441, -0.7212,  ...,  0.1683,  0.0101,  0.0244],
         [ 0.1039, -0.1442, -0.7630,  ...,  0.1126, -0.0386,  0.1527],
         ...,
         [ 0.0696, -0.0776, -0.5959,  ..., -0.0703, -0.2525, -0.3824],
         [ 0.1321, -0.0751, -0.6297,  ..., -0.0996, -0.2817, -0.2456],
         [ 0.1842, -0.0714, -0.6357,  ..., -0.1387, -0.2935, -0.1587]],

        [[ 0.2841,  0.0365, -0.5769,  ..., -0.0806,  0.2567, -0.1385],
         [ 0.1743, -0.0131, -0.6268,  ...,  0.0721,  0.2302, -0.1560],
         [ 0.0945, -0.0628, -0.6998,  ...,  0.1851,  0.1697, -0.1008],
         ...,
         [ 0.1217,  0.0695, -0.5083,  ..., -0.2084, -0.0118, -0.5405],
         [ 0.0665,  0.0045, -0.5723,  ..., -0.0815, -0.0885, -0.5070],
         [ 0.0831, -0.0257, -0.6317,  ..., -0.0461, -0.1504, -0.3930]]],
       device='cuda:0')
Iteration: 3
z[:100] values: tensor([[[-2.0820e-02, -1.5542e-01, -5.7306e-01,  ...,  1.4305e-02,
          -6.5592e-03, -2.5979e-01],
         [-2.6172e-02, -1.7766e-01, -6.4004e-01,  ...,  3.2590e-02,
          -6.0173e-02, -1.4391e-01],
         [ 2.2792e-02, -1.7078e-01, -6.9102e-01,  ..., -1.1050e-02,
          -1.0609e-01, -1.7233e-02],
         ...,
         [-1.1278e-02, -1.2948e-01, -5.5379e-01,  ..., -1.3836e-01,
          -2.3883e-01, -4.1547e-01],
         [ 4.9055e-02, -1.2258e-01, -5.9951e-01,  ..., -1.6662e-01,
          -2.7484e-01, -2.7846e-01],
         [ 1.0363e-01, -1.1281e-01, -6.1578e-01,  ..., -2.0543e-01,
          -2.9174e-01, -1.9571e-01]],

        [[ 1.7375e-01, -3.4413e-01, -6.5023e-01,  ..., -1.0684e-01,
          -1.5229e-01,  1.2757e-01],
         [ 1.8686e-01, -3.6167e-01, -6.4464e-01,  ..., -1.1314e-01,
          -1.6135e-01,  1.3875e-01],
         [ 1.4621e-01, -4.0717e-01, -6.3793e-01,  ..., -6.9339e-02,
          -1.9339e-01,  1.1223e-01],
         ...,
         [ 2.2224e-01, -1.7824e-01, -5.9504e-01,  ..., -2.0989e-01,
          -3.2870e-01, -1.6489e-01],
         [ 1.7708e-01, -2.2467e-01, -5.9720e-01,  ..., -1.6679e-01,
          -3.5629e-01, -1.8530e-01],
         [ 9.8199e-02, -2.7041e-01, -6.0622e-01,  ..., -1.0672e-01,
          -3.9846e-01, -2.0082e-01]],

        [[ 1.5598e-01, -3.0170e-01, -5.0080e-01,  ..., -1.6732e-01,
           4.5953e-02, -2.3099e-01],
         [ 9.3462e-02, -3.5361e-01, -5.4981e-01,  ..., -4.3827e-02,
          -1.1611e-02, -1.8766e-01],
         [ 1.0013e-01, -3.7744e-01, -6.0687e-01,  ..., -1.8368e-02,
          -6.5583e-02, -7.5942e-02],
         ...,
         [ 1.2548e-01, -1.6197e-01, -5.1359e-01,  ..., -1.6130e-01,
          -2.0403e-01, -5.3291e-01],
         [ 1.4400e-01, -1.8858e-01, -5.6570e-01,  ..., -1.2707e-01,
          -2.5782e-01, -4.1769e-01],
         [ 2.0098e-01, -1.8255e-01, -6.0197e-01,  ..., -1.5879e-01,
          -2.8537e-01, -2.7579e-01]],

        ...,

        [[ 1.3617e-01, -3.4358e-01, -6.4963e-01,  ...,  3.9533e-04,
          -1.0941e-01,  2.0031e-01],
         [ 1.8823e-01, -3.3539e-01, -6.6635e-01,  ..., -5.2230e-02,
          -1.2551e-01,  2.7772e-01],
         [ 2.0593e-01, -3.5174e-01, -6.5912e-01,  ..., -5.9037e-02,
          -1.3150e-01,  2.9055e-01],
         ...,
         [ 2.2146e-01, -2.8335e-01, -5.7463e-01,  ..., -1.9703e-01,
          -2.9672e-01,  2.6859e-02],
         [ 2.2917e-01, -3.0108e-01, -5.7400e-01,  ..., -2.0461e-01,
          -3.0464e-01,  4.2515e-02],
         [ 1.8668e-01, -3.4307e-01, -5.7431e-01,  ..., -1.6721e-01,
          -3.3592e-01,  1.8625e-02]],

        [[ 3.0243e-01, -8.4121e-02, -5.2165e-01,  ..., -1.1841e-01,
           8.6555e-02, -2.4720e-01],
         [ 1.8917e-01, -1.3950e-01, -5.6696e-01,  ...,  3.7000e-02,
           4.9603e-02, -2.5989e-01],
         [ 1.0883e-01, -1.9372e-01, -6.3469e-01,  ...,  1.4860e-01,
          -1.1938e-02, -1.9757e-01],
         ...,
         [ 1.1913e-01, -2.4785e-01, -4.9179e-01,  ..., -1.1998e-01,
          -4.4663e-02, -3.2255e-01],
         [ 5.2961e-02, -3.0323e-01, -5.5202e-01,  ...,  6.3935e-04,
          -1.0145e-01, -2.6867e-01],
         [ 6.0785e-02, -3.2805e-01, -6.1751e-01,  ...,  2.3839e-02,
          -1.5372e-01, -1.4880e-01]],

        [[ 9.2183e-02, -5.3688e-02, -7.6718e-01,  ...,  1.4423e-01,
          -5.6044e-02,  3.8292e-02],
         [ 1.4477e-01, -5.1751e-02, -7.7114e-01,  ...,  8.7179e-02,
          -8.1795e-02,  1.1629e-01],
         [ 1.6984e-01, -7.9025e-02, -7.5352e-01,  ...,  8.8133e-02,
          -9.2379e-02,  1.1839e-01],
         ...,
         [ 1.1926e-01, -2.5487e-01, -7.2132e-01,  ...,  5.0580e-02,
          -3.5044e-02,  1.9336e-01],
         [ 1.4165e-01, -2.7316e-01, -7.0816e-01,  ...,  5.1413e-02,
          -4.7301e-02,  2.0000e-01],
         [ 1.1225e-01, -3.2327e-01, -6.9594e-01,  ...,  1.0943e-01,
          -7.9067e-02,  1.7195e-01]]], device='cuda:0')
Iteration: 4
z[:100] values: tensor([[[ 0.0663, -0.3145, -0.5690,  ..., -0.0781, -0.1680, -0.0792],
         [ 0.1234, -0.3115, -0.6138,  ..., -0.1118, -0.2088,  0.0503],
         [ 0.1777, -0.3053, -0.6321,  ..., -0.1564, -0.2267,  0.1313],
         ...,
         [ 0.1417, -0.0133, -0.6147,  ..., -0.1411, -0.3992, -0.3275],
         [ 0.1915, -0.0092, -0.6243,  ..., -0.1882, -0.3984, -0.2261],
         [ 0.1996, -0.0319, -0.6209,  ..., -0.1973, -0.3982, -0.1943]],

        [[ 0.0918, -0.2845, -0.5369,  ..., -0.0959, -0.1990, -0.2388],
         [ 0.1532, -0.2766, -0.5809,  ..., -0.1260, -0.2324, -0.1058],
         [ 0.2067, -0.2666, -0.5959,  ..., -0.1660, -0.2472, -0.0228],
         ...,
         [ 0.1047,  0.0080, -0.6966,  ...,  0.0481, -0.2615, -0.2531],
         [ 0.1580,  0.0171, -0.7016,  ..., -0.0028, -0.2557, -0.1566],
         [ 0.1702, -0.0012, -0.6925,  ..., -0.0052, -0.2495, -0.1253]],

        [[ 0.1202, -0.2377, -0.4728,  ..., -0.1496,  0.0397, -0.2765],
         [ 0.0549, -0.2891, -0.5307,  ..., -0.0283, -0.0136, -0.2317],
         [ 0.0624, -0.3120, -0.5946,  ..., -0.0047, -0.0649, -0.1210],
         ...,
         [ 0.0583,  0.0084, -0.5466,  ..., -0.0655, -0.2207, -0.6208],
         [ 0.0828, -0.0175, -0.6017,  ..., -0.0396, -0.2739, -0.5154],
         [ 0.1461, -0.0089, -0.6355,  ..., -0.0775, -0.2967, -0.3783]],

        ...,

        [[ 0.3256, -0.0532, -0.5287,  ..., -0.1917,  0.0938, -0.1485],
         [ 0.2160, -0.1045, -0.5637,  ..., -0.0274,  0.0568, -0.1604],
         [ 0.1352, -0.1564, -0.6185,  ...,  0.0910, -0.0054, -0.1029],
         ...,
         [ 0.1777, -0.1372, -0.4365,  ..., -0.2810, -0.1257, -0.4067],
         [ 0.1181, -0.1957, -0.4852,  ..., -0.1480, -0.1921, -0.3616],
         [ 0.1308, -0.2245, -0.5421,  ..., -0.1143, -0.2469, -0.2411]],

        [[ 0.1657, -0.2908, -0.5947,  ..., -0.0656, -0.1581,  0.1090],
         [ 0.1827, -0.3064, -0.5895,  ..., -0.0665, -0.1716,  0.1182],
         [ 0.1427, -0.3525, -0.5827,  ..., -0.0185, -0.2072,  0.0933],
         ...,
         [ 0.1912, -0.0157, -0.5764,  ..., -0.1046, -0.3386, -0.2280],
         [ 0.1476, -0.0599, -0.5790,  ..., -0.0509, -0.3638, -0.2420],
         [ 0.0649, -0.1025, -0.5925,  ...,  0.0234, -0.4044, -0.2569]],

        [[ 0.0899, -0.2922, -0.6938,  ..., -0.0110, -0.0311, -0.0015],
         [ 0.1472, -0.2813, -0.7070,  ..., -0.0539, -0.0551,  0.0759],
         [ 0.1662, -0.2997, -0.6997,  ..., -0.0561, -0.0696,  0.0873],
         ...,
         [ 0.1641,  0.0145, -0.6960,  ..., -0.0778, -0.2252, -0.2854],
         [ 0.1751, -0.0075, -0.6878,  ..., -0.0836, -0.2290, -0.2540],
         [ 0.1357, -0.0545, -0.6908,  ..., -0.0314, -0.2527, -0.2674]]],
       device='cuda:0')
Iteration: 5
z[:100] values: tensor([[[ 1.9266e-01,  4.9242e-02, -7.3460e-01,  ...,  8.7113e-02,
          -3.6827e-02,  2.9647e-01],
         [ 2.1620e-01,  1.8377e-02, -7.2118e-01,  ...,  9.0952e-02,
          -5.2687e-02,  3.0098e-01],
         [ 1.9061e-01, -3.2345e-02, -7.1954e-01,  ...,  1.5777e-01,
          -8.6284e-02,  2.7339e-01],
         ...,
         [ 2.0443e-01, -1.2814e-01, -5.9279e-01,  ..., -8.9983e-02,
          -1.8561e-01,  1.4770e-01],
         [ 1.6204e-01, -1.7422e-01, -5.9687e-01,  ..., -4.6674e-02,
          -2.2463e-01,  1.2482e-01],
         [ 8.0337e-02, -2.2251e-01, -6.0432e-01,  ...,  1.6119e-04,
          -2.7861e-01,  1.1364e-01]],

        [[ 1.7803e-01, -7.6276e-04, -7.1265e-01,  ...,  6.2745e-02,
          -1.8330e-01,  1.8170e-01],
         [ 2.2864e-01, -5.6426e-03, -7.2211e-01,  ...,  8.2490e-03,
          -2.0665e-01,  2.6018e-01],
         [ 2.4938e-01, -3.3240e-02, -7.1273e-01,  ...,  8.2394e-03,
          -2.1901e-01,  2.6762e-01],
         ...,
         [ 2.3241e-01, -1.7111e-01, -5.7720e-01,  ..., -1.5738e-01,
          -3.2108e-01,  9.7242e-02],
         [ 2.4215e-01, -1.9162e-01, -5.7879e-01,  ..., -1.5937e-01,
          -3.3606e-01,  1.1175e-01],
         [ 1.9984e-01, -2.3561e-01, -5.8117e-01,  ..., -1.2004e-01,
          -3.7516e-01,  8.8895e-02]],

        [[ 2.7884e-01,  1.0903e-01, -5.2179e-01,  ..., -1.0878e-01,
           1.7534e-01, -1.6559e-01],
         [ 1.6484e-01,  5.8913e-02, -5.7203e-01,  ...,  4.4120e-02,
           1.4839e-01, -1.7797e-01],
         [ 8.1376e-02,  8.5344e-03, -6.4660e-01,  ...,  1.5633e-01,
           8.9897e-02, -1.1762e-01],
         ...,
         [ 1.2155e-01,  1.4714e-01, -4.5278e-01,  ..., -2.3130e-01,
          -8.9672e-02, -5.5072e-01],
         [ 6.3477e-02,  8.1824e-02, -5.1725e-01,  ..., -1.0553e-01,
          -1.6396e-01, -5.1225e-01],
         [ 8.0269e-02,  5.0028e-02, -5.7797e-01,  ..., -7.0652e-02,
          -2.2423e-01, -3.9787e-01]],

        ...,

        [[ 1.5142e-01,  1.2593e-01, -7.7841e-01,  ..., -1.5698e-04,
          -1.9272e-01,  3.3001e-02],
         [ 1.7480e-01,  9.2311e-02, -7.7074e-01,  ...,  8.0020e-03,
          -2.0763e-01,  3.4404e-02],
         [ 1.4731e-01,  3.8831e-02, -7.7844e-01,  ...,  7.3492e-02,
          -2.3509e-01,  2.5733e-03],
         ...,
         [ 1.6038e-01, -1.7259e-01, -6.6793e-01,  ..., -9.8972e-02,
          -2.0418e-01,  1.3845e-01],
         [ 1.2244e-01, -2.2105e-01, -6.6417e-01,  ..., -5.3779e-02,
          -2.4161e-01,  1.1081e-01],
         [ 3.9617e-02, -2.7918e-01, -6.5868e-01,  ..., -1.7358e-03,
          -2.9767e-01,  9.5176e-02]],

        [[ 2.6316e-01, -1.0952e-01, -4.9891e-01,  ..., -1.7299e-01,
           1.9982e-01, -4.8277e-02],
         [ 1.6008e-01, -1.5605e-01, -5.3633e-01,  ..., -1.9760e-02,
           1.7854e-01, -6.2249e-02],
         [ 8.8083e-02, -2.0227e-01, -5.9345e-01,  ...,  9.7083e-02,
           1.2831e-01, -1.2289e-02],
         ...,
         [ 1.2778e-01,  1.6546e-01, -5.0797e-01,  ..., -1.6342e-01,
          -8.1777e-02, -5.1209e-01],
         [ 7.7635e-02,  9.9072e-02, -5.6128e-01,  ..., -3.7408e-02,
          -1.6257e-01, -4.8785e-01],
         [ 9.8752e-02,  6.7688e-02, -6.1365e-01,  ..., -8.3512e-03,
          -2.1918e-01, -3.8118e-01]],

        [[ 1.5438e-01, -3.9603e-02, -7.3933e-01,  ...,  7.6031e-02,
          -2.1820e-03,  2.1834e-01],
         [ 1.8102e-01, -6.5863e-02, -7.2553e-01,  ...,  7.3284e-02,
          -1.7109e-02,  2.3012e-01],
         [ 1.5404e-01, -1.2300e-01, -7.1592e-01,  ...,  1.3306e-01,
          -4.7328e-02,  2.0522e-01],
         ...,
         [ 1.8327e-01,  2.8219e-03, -6.1072e-01,  ..., -1.0789e-01,
          -2.4080e-01, -1.5199e-01],
         [ 1.3867e-01, -5.0543e-02, -6.1649e-01,  ..., -6.4721e-02,
          -2.7134e-01, -1.6956e-01],
         [ 5.3581e-02, -1.0524e-01, -6.3004e-01,  ..., -8.4403e-03,
          -3.1026e-01, -1.8305e-01]]], device='cuda:0')
Iteration: 6
z[:100] values: tensor([[[ 0.1101,  0.1829, -0.6414,  ...,  0.0660,  0.1495, -0.3124],
         [ 0.0226,  0.1389, -0.7243,  ...,  0.1805,  0.0793, -0.2514],
         [ 0.0114,  0.1164, -0.7951,  ...,  0.1848,  0.0082, -0.1209],
         ...,
         [-0.0330, -0.1154, -0.6108,  ...,  0.0229,  0.0378, -0.2316],
         [-0.0306, -0.1426, -0.6767,  ...,  0.0493, -0.0186, -0.1167],
         [ 0.0262, -0.1417, -0.7185,  ...,  0.0134, -0.0676,  0.0039]],

        [[ 0.0907, -0.1291, -0.5724,  ...,  0.0138,  0.1685, -0.2121],
         [ 0.0147, -0.1780, -0.6408,  ...,  0.1276,  0.1183, -0.1608],
         [ 0.0114, -0.2010, -0.7106,  ...,  0.1442,  0.0606, -0.0462],
         ...,
         [ 0.0225, -0.0049, -0.5582,  ..., -0.0889, -0.1390, -0.5804],
         [ 0.0417, -0.0326, -0.6195,  ..., -0.0538, -0.1968, -0.4655],
         [ 0.1045, -0.0270, -0.6548,  ..., -0.0805, -0.2332, -0.3300]],

        [[ 0.1405, -0.2012, -0.4491,  ..., -0.1349,  0.0220, -0.1005],
         [ 0.0670, -0.2521, -0.4951,  ..., -0.0056, -0.0299, -0.0479],
         [ 0.0642, -0.2772, -0.5576,  ...,  0.0134, -0.0866,  0.0644],
         ...,
         [ 0.0960, -0.0726, -0.4082,  ..., -0.2211, -0.3026, -0.4828],
         [ 0.1160, -0.1011, -0.4632,  ..., -0.1830, -0.3550, -0.3651],
         [ 0.1761, -0.0979, -0.5062,  ..., -0.2157, -0.3840, -0.2239]],

        ...,

        [[ 0.2955, -0.1960, -0.4999,  ..., -0.2077,  0.1307, -0.1065],
         [ 0.1909, -0.2483, -0.5327,  ..., -0.0509,  0.1022, -0.1209],
         [ 0.1185, -0.2986, -0.5863,  ...,  0.0685,  0.0492, -0.0712],
         ...,
         [ 0.1965, -0.0509, -0.4464,  ..., -0.2779, -0.1471, -0.5408],
         [ 0.1438, -0.1158, -0.4995,  ..., -0.1465, -0.2235, -0.5074],
         [ 0.1626, -0.1443, -0.5548,  ..., -0.1113, -0.2779, -0.3908]],

        [[ 0.1018, -0.2217, -0.7369,  ...,  0.0716,  0.0504,  0.1479],
         [ 0.1576, -0.2138, -0.7470,  ...,  0.0236,  0.0266,  0.2215],
         [ 0.1824, -0.2345, -0.7335,  ...,  0.0241,  0.0136,  0.2305],
         ...,
         [ 0.2002, -0.0446, -0.6506,  ..., -0.1391, -0.2076, -0.1840],
         [ 0.2113, -0.0680, -0.6441,  ..., -0.1423, -0.2192, -0.1625],
         [ 0.1720, -0.1189, -0.6478,  ..., -0.0957, -0.2504, -0.1819]],

        [[ 0.0469, -0.3635, -0.5958,  ...,  0.0060, -0.1105, -0.0683],
         [ 0.1072, -0.3575, -0.6421,  ..., -0.0321, -0.1497,  0.0593],
         [ 0.1639, -0.3489, -0.6575,  ..., -0.0767, -0.1683,  0.1360],
         ...,
         [ 0.1329, -0.0595, -0.6436,  ..., -0.0619, -0.3408, -0.3150],
         [ 0.1843, -0.0532, -0.6501,  ..., -0.1089, -0.3405, -0.2175],
         [ 0.1931, -0.0754, -0.6426,  ..., -0.1138, -0.3423, -0.1891]]],
       device='cuda:0')
Iteration: 7
z[:100] values: tensor([[[ 1.1947e-01, -2.0387e-01, -4.1300e-01,  ..., -2.7746e-01,
          -1.0234e-01, -4.3382e-01],
         [ 6.0933e-02, -2.5969e-01, -4.6459e-01,  ..., -1.4813e-01,
          -1.6516e-01, -3.9360e-01],
         [ 7.7859e-02, -2.8283e-01, -5.2200e-01,  ..., -1.1318e-01,
          -2.1661e-01, -2.7724e-01],
         ...,
         [-5.9967e-04,  2.9452e-02, -5.9842e-01,  ...,  5.6510e-02,
          -2.1882e-01, -5.1920e-01],
         [ 2.7432e-02,  5.2048e-03, -6.4937e-01,  ...,  7.4218e-02,
          -2.7266e-01, -4.2055e-01],
         [ 9.3370e-02,  1.5006e-02, -6.8072e-01,  ...,  2.7052e-02,
          -2.9287e-01, -2.8707e-01]],

        [[ 7.7663e-02, -2.3821e-01, -5.4473e-01,  ..., -1.4999e-01,
          -6.0803e-02, -3.7165e-01],
         [ 9.0049e-02, -2.6174e-01, -5.9997e-01,  ..., -1.1376e-01,
          -1.1737e-01, -2.5226e-01],
         [ 1.4842e-01, -2.5659e-01, -6.3800e-01,  ..., -1.4454e-01,
          -1.5718e-01, -1.1471e-01],
         ...,
         [ 3.8773e-02,  2.2020e-02, -7.2070e-01,  ...,  7.9562e-02,
          -1.7091e-01, -3.9460e-01],
         [ 1.0167e-01,  3.0197e-02, -7.4943e-01,  ...,  3.1926e-02,
          -1.9442e-01, -2.5787e-01],
         [ 1.5377e-01,  3.5756e-02, -7.5132e-01,  ..., -2.1803e-02,
          -1.9071e-01, -1.5876e-01]],

        [[ 1.1660e-01,  3.7464e-02, -8.0585e-01,  ...,  5.8044e-02,
          -1.9729e-01, -2.9614e-02],
         [ 1.4352e-01,  7.9283e-03, -7.9349e-01,  ...,  6.4656e-02,
          -2.0953e-01, -2.8647e-02],
         [ 1.2031e-01, -4.3830e-02, -7.9588e-01,  ...,  1.3191e-01,
          -2.3445e-01, -6.0053e-02],
         ...,
         [ 1.3530e-01, -2.2729e-01, -7.4196e-01,  ...,  1.2760e-02,
          -1.3435e-01,  1.5853e-01],
         [ 1.0863e-01, -2.7604e-01, -7.2938e-01,  ...,  6.7753e-02,
          -1.6787e-01,  1.3110e-01],
         [ 3.2096e-02, -3.3868e-01, -7.1799e-01,  ...,  1.3815e-01,
          -2.2339e-01,  1.1673e-01]],

        ...,

        [[ 1.5195e-01, -2.3031e-01, -5.0367e-01,  ..., -2.6296e-01,
          -2.9499e-03, -3.8390e-01],
         [ 9.5366e-02, -2.8431e-01, -5.5638e-01,  ..., -1.3213e-01,
          -6.8386e-02, -3.4382e-01],
         [ 1.0799e-01, -3.1015e-01, -6.1074e-01,  ..., -9.6063e-02,
          -1.2301e-01, -2.2554e-01],
         ...,
         [ 3.8913e-02, -1.3232e-03, -6.8723e-01,  ...,  7.6969e-02,
          -1.3680e-01, -4.6997e-01],
         [ 6.2134e-02, -2.7130e-02, -7.3641e-01,  ...,  9.5417e-02,
          -1.9185e-01, -3.6966e-01],
         [ 1.2270e-01, -2.1693e-02, -7.6495e-01,  ...,  4.9317e-02,
          -2.1229e-01, -2.3289e-01]],

        [[ 2.0940e-01, -9.1876e-02, -7.2503e-01,  ..., -4.7823e-02,
          -2.1353e-01,  1.8554e-01],
         [ 2.3035e-01, -1.1667e-01, -7.1566e-01,  ..., -5.1595e-02,
          -2.2069e-01,  1.9251e-01],
         [ 2.0343e-01, -1.6527e-01, -7.1362e-01,  ...,  8.2887e-03,
          -2.4469e-01,  1.6519e-01],
         ...,
         [ 2.0181e-01, -3.3688e-01, -6.1621e-01,  ..., -1.3761e-01,
          -2.3186e-01,  1.7928e-01],
         [ 1.6194e-01, -3.8118e-01, -6.1322e-01,  ..., -9.5817e-02,
          -2.6497e-01,  1.5496e-01],
         [ 8.0281e-02, -4.3350e-01, -6.0799e-01,  ..., -4.2719e-02,
          -3.1939e-01,  1.4234e-01]],

        [[ 1.8355e-01,  3.9020e-02, -5.9117e-01,  ..., -3.1859e-02,
          -5.0899e-02, -4.3143e-01],
         [ 1.0649e-01,  8.8866e-05, -6.5969e-01,  ...,  7.6016e-02,
          -1.3562e-01, -3.6616e-01],
         [ 1.0861e-01, -1.5314e-02, -7.1824e-01,  ...,  7.2007e-02,
          -2.0968e-01, -2.3020e-01],
         ...,
         [ 1.0618e-01, -2.7185e-01, -5.6146e-01,  ...,  9.5333e-03,
          -7.2194e-02, -1.5440e-01],
         [ 1.0361e-01, -2.9472e-01, -6.2664e-01,  ...,  2.4765e-02,
          -1.2780e-01, -3.5026e-02],
         [ 1.5539e-01, -2.8959e-01, -6.7753e-01,  ..., -2.4892e-02,
          -1.7432e-01,  9.2834e-02]]], device='cuda:0')
Iteration: 8
z[:100] values: tensor([[[ 0.1100,  0.0832, -0.6027,  ...,  0.0235,  0.1594, -0.1886],
         [ 0.0238,  0.0357, -0.6785,  ...,  0.1400,  0.1001, -0.1280],
         [ 0.0106,  0.0112, -0.7490,  ...,  0.1502,  0.0363, -0.0058],
         ...,
         [ 0.0037,  0.0999, -0.5531,  ..., -0.1255, -0.1662, -0.5197],
         [ 0.0198,  0.0693, -0.6122,  ..., -0.0887, -0.2239, -0.4053],
         [ 0.0819,  0.0701, -0.6453,  ..., -0.1155, -0.2599, -0.2737]],

        [[ 0.0136, -0.2118, -0.6119,  ...,  0.0407,  0.0487, -0.1764],
         [ 0.0106, -0.2361, -0.6772,  ...,  0.0606, -0.0079, -0.0596],
         [ 0.0635, -0.2338, -0.7204,  ...,  0.0174, -0.0596,  0.0648],
         ...,
         [ 0.0200,  0.0489, -0.6414,  ..., -0.0526, -0.2799, -0.5332],
         [ 0.0855,  0.0534, -0.6711,  ..., -0.0863, -0.3087, -0.3939],
         [ 0.1395,  0.0567, -0.6725,  ..., -0.1310, -0.3162, -0.2997]],

        [[ 0.1498,  0.0017, -0.7261,  ...,  0.1289, -0.1545,  0.1175],
         [ 0.2052,  0.0020, -0.7341,  ...,  0.0741, -0.1795,  0.1945],
         [ 0.2297, -0.0252, -0.7205,  ...,  0.0752, -0.1915,  0.1974],
         ...,
         [ 0.2022, -0.1626, -0.5932,  ..., -0.1071, -0.3003,  0.0352],
         [ 0.2141, -0.1820, -0.5902,  ..., -0.1082, -0.3147,  0.0460],
         [ 0.1711, -0.2301, -0.5896,  ..., -0.0668, -0.3510,  0.0193]],

        ...,

        [[ 0.1526, -0.0259, -0.7499,  ...,  0.0692,  0.0531,  0.2636],
         [ 0.1812, -0.0541, -0.7309,  ...,  0.0705,  0.0365,  0.2717],
         [ 0.1585, -0.1119, -0.7200,  ...,  0.1353,  0.0032,  0.2464],
         ...,
         [ 0.1845,  0.0186, -0.6191,  ..., -0.1180, -0.2043, -0.1080],
         [ 0.1431, -0.0351, -0.6248,  ..., -0.0709, -0.2378, -0.1255],
         [ 0.0621, -0.0896, -0.6412,  ..., -0.0124, -0.2801, -0.1364]],

        [[ 0.1404, -0.2117, -0.7128,  ...,  0.0668,  0.0515,  0.2127],
         [ 0.1641, -0.2289, -0.7028,  ...,  0.0669,  0.0376,  0.2249],
         [ 0.1350, -0.2770, -0.6931,  ...,  0.1217,  0.0037,  0.2016],
         ...,
         [ 0.1755,  0.0456, -0.6500,  ..., -0.0314, -0.1996, -0.2059],
         [ 0.1361,  0.0011, -0.6544,  ...,  0.0208, -0.2259, -0.2188],
         [ 0.0581, -0.0418, -0.6715,  ...,  0.0918, -0.2659, -0.2343]],

        [[ 0.1678, -0.1783, -0.5434,  ..., -0.0426,  0.1571, -0.1174],
         [ 0.0966, -0.2260, -0.6058,  ...,  0.0730,  0.1051, -0.0645],
         [ 0.0933, -0.2507, -0.6721,  ...,  0.0882,  0.0495,  0.0495],
         ...,
         [ 0.0861,  0.0615, -0.5733,  ..., -0.0565, -0.1804, -0.5420],
         [ 0.1094,  0.0322, -0.6285,  ..., -0.0290, -0.2351, -0.4324],
         [ 0.1715,  0.0353, -0.6602,  ..., -0.0648, -0.2594, -0.2943]]],
       device='cuda:0')
Iteration: 9
z[:100] values: tensor([[[ 0.1032, -0.2312, -0.6220,  ...,  0.0045, -0.0586,  0.1006],
         [ 0.1617, -0.2227, -0.6373,  ..., -0.0367, -0.0800,  0.1741],
         [ 0.1804, -0.2398, -0.6299,  ..., -0.0357, -0.0952,  0.1845],
         ...,
         [ 0.1415,  0.1306, -0.6926,  ...,  0.0465, -0.1860, -0.1170],
         [ 0.1555,  0.1114, -0.6833,  ...,  0.0456, -0.1826, -0.0856],
         [ 0.1181,  0.0741, -0.6837,  ...,  0.1075, -0.2036, -0.0979]],

        [[ 0.0863,  0.0997, -0.6155,  ...,  0.0218,  0.1805, -0.1862],
         [-0.0025,  0.0538, -0.6953,  ...,  0.1381,  0.1221, -0.1272],
         [-0.0180,  0.0296, -0.7680,  ...,  0.1500,  0.0581, -0.0068],
         ...,
         [-0.0274,  0.1094, -0.5706,  ..., -0.1245, -0.1392, -0.5228],
         [-0.0128,  0.0792, -0.6306,  ..., -0.0864, -0.1983, -0.4100],
         [ 0.0493,  0.0799, -0.6629,  ..., -0.1117, -0.2361, -0.2798]],

        [[ 0.0543, -0.1787, -0.6622,  ...,  0.0883,  0.1719, -0.1301],
         [ 0.0482, -0.1997, -0.7305,  ...,  0.1081,  0.1120, -0.0188],
         [ 0.0970, -0.1952, -0.7773,  ...,  0.0652,  0.0594,  0.1047],
         ...,
         [ 0.0550,  0.0694, -0.6980,  ...,  0.0023, -0.1537, -0.4912],
         [ 0.1175,  0.0764, -0.7309,  ..., -0.0323, -0.1849, -0.3546],
         [ 0.1708,  0.0819, -0.7344,  ..., -0.0783, -0.1930, -0.2587]],

        ...,

        [[ 0.0697,  0.0347, -0.7077,  ...,  0.1307, -0.0322, -0.2436],
         [ 0.0654,  0.0106, -0.7731,  ...,  0.1299, -0.0989, -0.1104],
         [ 0.1155,  0.0062, -0.8106,  ...,  0.0693, -0.1507,  0.0254],
         ...,
         [ 0.0498, -0.1660, -0.6106,  ..., -0.0881, -0.2301, -0.2665],
         [ 0.1135, -0.1660, -0.6506,  ..., -0.1187, -0.2657, -0.1366],
         [ 0.1698, -0.1631, -0.6619,  ..., -0.1558, -0.2837, -0.0600]],

        [[ 0.1191, -0.2531, -0.7271,  ...,  0.0809,  0.0478,  0.2234],
         [ 0.1732, -0.2490, -0.7404,  ...,  0.0328,  0.0269,  0.3009],
         [ 0.1947, -0.2691, -0.7303,  ...,  0.0321,  0.0148,  0.3160],
         ...,
         [ 0.2014,  0.0297, -0.6913,  ..., -0.0629, -0.2190, -0.1485],
         [ 0.2112,  0.0061, -0.6849,  ..., -0.0676, -0.2228, -0.1152],
         [ 0.1716, -0.0375, -0.6901,  ..., -0.0155, -0.2504, -0.1266]],

        [[ 0.2080, -0.1194, -0.7635,  ...,  0.0277, -0.0158,  0.2235],
         [ 0.2320, -0.1442, -0.7500,  ...,  0.0237, -0.0261,  0.2370],
         [ 0.2047, -0.1998, -0.7390,  ...,  0.0829, -0.0533,  0.2122],
         ...,
         [ 0.2419, -0.0675, -0.6320,  ..., -0.1610, -0.2561, -0.1535],
         [ 0.1972, -0.1191, -0.6366,  ..., -0.1183, -0.2843, -0.1716],
         [ 0.1146, -0.1713, -0.6495,  ..., -0.0613, -0.3232, -0.1863]]],
       device='cuda:0')
Iteration: 10
z[:100] values: tensor([[[-0.0031, -0.0656, -0.5371,  ..., -0.1009, -0.0793, -0.4346],
         [ 0.0091, -0.0894, -0.6059,  ..., -0.0654, -0.1343, -0.3168],
         [ 0.0724, -0.0820, -0.6474,  ..., -0.0934, -0.1751, -0.1866],
         ...,
         [-0.0307,  0.1869, -0.7244,  ...,  0.1270, -0.1764, -0.4503],
         [ 0.0360,  0.1973, -0.7566,  ...,  0.0815, -0.2029, -0.3221],
         [ 0.0936,  0.2052, -0.7547,  ...,  0.0316, -0.2055, -0.2318]],

        [[ 0.1133, -0.2986, -0.5700,  ..., -0.1011, -0.1429, -0.1962],
         [ 0.1700, -0.2953, -0.6109,  ..., -0.1321, -0.1773, -0.0579],
         [ 0.2205, -0.2910, -0.6261,  ..., -0.1749, -0.1920,  0.0316],
         ...,
         [ 0.1214, -0.0105, -0.7298,  ...,  0.0451, -0.2198, -0.2034],
         [ 0.1724, -0.0062, -0.7352,  ..., -0.0091, -0.2130, -0.1007],
         [ 0.1839, -0.0288, -0.7277,  ..., -0.0156, -0.2058, -0.0639]],

        [[ 0.2626, -0.1302, -0.3780,  ..., -0.4645, -0.0437, -0.2985],
         [ 0.1612, -0.1901, -0.4095,  ..., -0.3027, -0.0977, -0.3286],
         [ 0.1019, -0.2446, -0.4550,  ..., -0.1673, -0.1641, -0.2891],
         ...,
         [ 0.0885,  0.1132, -0.5387,  ..., -0.0823, -0.1386, -0.4361],
         [ 0.0391,  0.0455, -0.5824,  ...,  0.0421, -0.2236, -0.4200],
         [ 0.0623,  0.0192, -0.6311,  ...,  0.0606, -0.2778, -0.3225]],

        ...,

        [[ 0.1346,  0.0394, -0.7699,  ...,  0.1593, -0.0852, -0.0095],
         [ 0.1848,  0.0352, -0.7737,  ...,  0.1079, -0.1081,  0.0718],
         [ 0.2054,  0.0044, -0.7610,  ...,  0.1129, -0.1188,  0.0767],
         ...,
         [ 0.1743, -0.2126, -0.7154,  ...,  0.0558, -0.0344,  0.2558],
         [ 0.1949, -0.2286, -0.7016,  ...,  0.0536, -0.0471,  0.2678],
         [ 0.1680, -0.2740, -0.6868,  ...,  0.1076, -0.0811,  0.2419]],

        [[ 0.1883, -0.2459, -0.4944,  ..., -0.0687,  0.0075, -0.0901],
         [ 0.1199, -0.2948, -0.5475,  ...,  0.0484, -0.0470, -0.0397],
         [ 0.1184, -0.3193, -0.6112,  ...,  0.0640, -0.0999,  0.0738],
         ...,
         [ 0.1390, -0.1182, -0.4657,  ..., -0.1691, -0.3120, -0.4683],
         [ 0.1595, -0.1463, -0.5219,  ..., -0.1340, -0.3629, -0.3513],
         [ 0.2191, -0.1430, -0.5617,  ..., -0.1647, -0.3878, -0.2097]],

        [[ 0.1427,  0.0949, -0.7675,  ...,  0.1058, -0.0433,  0.1019],
         [ 0.1719,  0.0630, -0.7479,  ...,  0.1055, -0.0594,  0.1053],
         [ 0.1529,  0.0014, -0.7397,  ...,  0.1712, -0.0903,  0.0724],
         ...,
         [ 0.1321, -0.1652, -0.6611,  ..., -0.0028, -0.0898,  0.0997],
         [ 0.0992, -0.2188, -0.6526,  ...,  0.0453, -0.1270,  0.0719],
         [ 0.0197, -0.2842, -0.6475,  ...,  0.1010, -0.1815,  0.0562]]],
       device='cuda:0')
Iteration: 11
z[:100] values: tensor([[[ 0.1308, -0.0126, -0.7028,  ...,  0.0781, -0.0327, -0.2669],
         [ 0.1231, -0.0359, -0.7660,  ...,  0.0790, -0.1020, -0.1308],
         [ 0.1679, -0.0384, -0.8062,  ...,  0.0156, -0.1561,  0.0143],
         ...,
         [ 0.0852, -0.2865, -0.6456,  ..., -0.0539, -0.1262, -0.1260],
         [ 0.1413, -0.2841, -0.6909,  ..., -0.0937, -0.1700,  0.0052],
         [ 0.1960, -0.2788, -0.7053,  ..., -0.1403, -0.1915,  0.0843]],

        [[ 0.2616,  0.1212, -0.5208,  ..., -0.1355,  0.0406, -0.3699],
         [ 0.1431,  0.0705, -0.5783,  ...,  0.0323, -0.0167, -0.3847],
         [ 0.0693,  0.0283, -0.6523,  ...,  0.1391, -0.1014, -0.3189],
         ...,
         [ 0.1386, -0.1835, -0.5010,  ..., -0.0468,  0.0157, -0.1598],
         [ 0.0673, -0.2366, -0.5575,  ...,  0.0720, -0.0387, -0.1036],
         [ 0.0657, -0.2614, -0.6242,  ...,  0.0842, -0.0960,  0.0146]],

        [[ 0.2574, -0.1491, -0.4927,  ..., -0.1999,  0.1460, -0.2088],
         [ 0.1498, -0.2064, -0.5291,  ..., -0.0479,  0.1196, -0.2247],
         [ 0.0748, -0.2599, -0.5881,  ...,  0.0702,  0.0658, -0.1730],
         ...,
         [ 0.1519, -0.0088, -0.4424,  ..., -0.2747, -0.1249, -0.6425],
         [ 0.0963, -0.0767, -0.5003,  ..., -0.1445, -0.2023, -0.6076],
         [ 0.1145, -0.1044, -0.5592,  ..., -0.1079, -0.2605, -0.4885]],

        ...,

        [[ 0.0935, -0.2081, -0.6519,  ...,  0.0971, -0.1323,  0.0354],
         [ 0.1410, -0.2043, -0.6995,  ...,  0.0407, -0.1757,  0.1659],
         [ 0.1948, -0.1972, -0.7141,  ..., -0.0166, -0.1953,  0.2423],
         ...,
         [ 0.1525, -0.2518, -0.5637,  ..., -0.1529, -0.3547, -0.0798],
         [ 0.2056, -0.2427, -0.5819,  ..., -0.1941, -0.3658,  0.0015],
         [ 0.2149, -0.2596, -0.5819,  ..., -0.1983, -0.3775,  0.0137]],

        [[ 0.0495,  0.0610, -0.7913,  ...,  0.1285, -0.1827, -0.0805],
         [ 0.1093,  0.0530, -0.7881,  ...,  0.0822, -0.2082, -0.0097],
         [ 0.1360,  0.0160, -0.7740,  ...,  0.0932, -0.2224, -0.0131],
         ...,
         [ 0.1027, -0.1951, -0.7318,  ...,  0.0399, -0.1345,  0.1655],
         [ 0.1282, -0.2184, -0.7169,  ...,  0.0446, -0.1499,  0.1682],
         [ 0.0980, -0.2738, -0.7042,  ...,  0.1043, -0.1868,  0.1378]],

        [[ 0.1353, -0.2331, -0.7425,  ...,  0.0692, -0.0888,  0.1356],
         [ 0.1881, -0.2289, -0.7522,  ...,  0.0161, -0.1103,  0.2128],
         [ 0.2094, -0.2522, -0.7383,  ...,  0.0148, -0.1197,  0.2187],
         ...,
         [ 0.1982, -0.2643, -0.6258,  ..., -0.1507, -0.2787, -0.0345],
         [ 0.2062, -0.2856, -0.6229,  ..., -0.1520, -0.2914, -0.0236],
         [ 0.1598, -0.3353, -0.6248,  ..., -0.1106, -0.3256, -0.0512]]],
       device='cuda:0')
Iteration: 12
z[:100] values: tensor([[[ 2.1586e-01, -2.6703e-01, -5.8766e-01,  ..., -1.9334e-01,
          -2.3055e-01,  1.3136e-02],
         [ 2.2604e-01, -2.8444e-01, -5.8692e-01,  ..., -2.0082e-01,
          -2.4030e-01,  3.2475e-02],
         [ 1.8500e-01, -3.2771e-01, -5.8672e-01,  ..., -1.6363e-01,
          -2.7163e-01,  1.1341e-02],
         ...,
         [ 1.7403e-01,  6.4214e-05, -6.9013e-01,  ..., -3.6712e-02,
          -2.4113e-01, -8.9753e-02],
         [ 1.3570e-01, -3.7865e-02, -6.9127e-01,  ...,  2.0601e-02,
          -2.5672e-01, -1.0094e-01],
         [ 5.7841e-02, -7.2316e-02, -7.0352e-01,  ...,  1.0412e-01,
          -2.9607e-01, -1.2195e-01]],

        [[ 2.3511e-01, -2.1033e-01, -4.6860e-01,  ..., -3.0651e-01,
           1.5956e-01, -1.9179e-01],
         [ 1.3329e-01, -2.6480e-01, -5.0580e-01,  ..., -1.4907e-01,
           1.2663e-01, -2.1747e-01],
         [ 6.9101e-02, -3.1486e-01, -5.6063e-01,  ..., -2.3126e-02,
           7.0165e-02, -1.7551e-01],
         ...,
         [ 1.2785e-01,  5.6314e-02, -5.2526e-01,  ..., -1.7378e-01,
          -6.1335e-02, -5.8566e-01],
         [ 7.9340e-02, -1.2356e-02, -5.7966e-01,  ..., -4.6394e-02,
          -1.4539e-01, -5.6659e-01],
         [ 1.0118e-01, -3.9029e-02, -6.3234e-01,  ..., -1.9613e-02,
          -2.0193e-01, -4.5851e-01]],

        [[ 3.2929e-02,  1.4480e-02, -7.4995e-01,  ...,  1.5995e-01,
          -6.0377e-02, -5.9398e-02],
         [ 7.7362e-02,  9.8620e-03, -7.8254e-01,  ...,  1.0144e-01,
          -1.0591e-01,  7.8493e-02],
         [ 1.3020e-01,  1.6571e-03, -7.8032e-01,  ...,  5.0362e-02,
          -1.2955e-01,  1.5243e-01],
         ...,
         [ 4.6098e-02, -2.2586e-01, -6.7705e-01,  ..., -1.4561e-02,
          -1.3399e-01,  6.6377e-02],
         [ 1.0272e-01, -2.2398e-01, -6.8441e-01,  ..., -5.2052e-02,
          -1.5345e-01,  1.3677e-01],
         [ 1.1999e-01, -2.4954e-01, -6.7538e-01,  ..., -4.6183e-02,
          -1.6965e-01,  1.4135e-01]],

        ...,

        [[ 1.1373e-01, -3.3310e-01, -6.4054e-01,  ..., -1.8020e-02,
          -5.5354e-02,  1.2258e-01],
         [ 1.6701e-01, -3.2641e-01, -6.5518e-01,  ..., -6.1267e-02,
          -7.0826e-02,  1.9884e-01],
         [ 1.8109e-01, -3.4332e-01, -6.5014e-01,  ..., -6.3003e-02,
          -8.1958e-02,  2.1109e-01],
         ...,
         [ 1.8608e-01, -3.2146e-02, -6.5608e-01,  ..., -9.3638e-02,
          -2.4682e-01, -1.6311e-01],
         [ 1.9359e-01, -5.3624e-02, -6.5009e-01,  ..., -9.8250e-02,
          -2.4782e-01, -1.3214e-01],
         [ 1.5163e-01, -9.4824e-02, -6.5537e-01,  ..., -4.6436e-02,
          -2.7396e-01, -1.4474e-01]],

        [[ 1.5220e-01, -2.0310e-02, -7.5409e-01,  ...,  7.8622e-03,
          -2.3690e-01,  6.6901e-02],
         [ 2.0278e-01, -2.7502e-02, -7.5755e-01,  ..., -4.4106e-02,
          -2.5817e-01,  1.4336e-01],
         [ 2.2233e-01, -5.8203e-02, -7.5085e-01,  ..., -4.1027e-02,
          -2.6463e-01,  1.4658e-01],
         ...,
         [ 1.9228e-01, -2.8769e-01, -6.9137e-01,  ..., -7.5420e-02,
          -1.6742e-01,  3.2443e-01],
         [ 2.0968e-01, -3.0588e-01, -6.8390e-01,  ..., -8.0860e-02,
          -1.7640e-01,  3.3472e-01],
         [ 1.7838e-01, -3.4951e-01, -6.7378e-01,  ..., -3.1355e-02,
          -2.0746e-01,  3.1159e-01]],

        [[ 1.2364e-01, -7.1552e-02, -6.5329e-01,  ...,  1.3479e-01,
          -3.7558e-02, -2.1668e-01],
         [ 1.1821e-01, -9.3261e-02, -7.1787e-01,  ...,  1.3179e-01,
          -1.0334e-01, -8.2045e-02],
         [ 1.6470e-01, -9.2647e-02, -7.5849e-01,  ...,  6.7858e-02,
          -1.5222e-01,  5.8468e-02],
         ...,
         [ 7.4822e-02, -3.2873e-01, -6.0027e-01,  ..., -3.7838e-03,
          -1.3407e-01, -7.6474e-02],
         [ 1.3262e-01, -3.2419e-01, -6.4682e-01,  ..., -4.4758e-02,
          -1.7337e-01,  4.9701e-02],
         [ 1.8746e-01, -3.1637e-01, -6.6182e-01,  ..., -8.8985e-02,
          -1.9150e-01,  1.2414e-01]]], device='cuda:0')
Iteration: 13
z[:100] values: tensor([[[ 1.3740e-01, -2.5143e-01, -5.2540e-01,  ..., -1.4701e-01,
           1.0131e-01, -2.3705e-01],
         [ 7.5008e-02, -3.0273e-01, -5.8266e-01,  ..., -2.6213e-02,
           4.5463e-02, -1.9226e-01],
         [ 8.1929e-02, -3.2853e-01, -6.4353e-01,  ..., -1.7029e-03,
          -8.7816e-03, -7.9270e-02],
         ...,
         [ 7.8686e-02, -2.9284e-03, -6.0229e-01,  ..., -5.4864e-02,
          -1.6173e-01, -5.8027e-01],
         [ 1.0229e-01, -3.1542e-02, -6.5560e-01,  ..., -2.8666e-02,
          -2.1734e-01, -4.7248e-01],
         [ 1.6303e-01, -2.6824e-02, -6.8695e-01,  ..., -6.6177e-02,
          -2.4178e-01, -3.3241e-01]],

        [[ 3.1805e-01,  2.9275e-02, -5.6964e-01,  ..., -9.7122e-02,
           1.4906e-01, -1.3912e-01],
         [ 2.0733e-01, -1.4335e-02, -6.2231e-01,  ...,  6.5634e-02,
           1.0143e-01, -1.5380e-01],
         [ 1.3137e-01, -5.9892e-02, -6.9147e-01,  ...,  1.7491e-01,
           2.8688e-02, -9.1428e-02],
         ...,
         [ 1.3938e-01, -2.3892e-01, -5.1311e-01,  ..., -9.9257e-02,
           5.7841e-02, -1.2058e-01],
         [ 7.8391e-02, -2.8915e-01, -5.6708e-01,  ...,  1.8967e-02,
           3.9546e-03, -7.1240e-02],
         [ 8.5865e-02, -3.1841e-01, -6.2832e-01,  ...,  4.0453e-02,
          -4.9251e-02,  4.0745e-02]],

        [[ 7.6078e-02, -2.5249e-01, -6.0738e-01,  ..., -5.4814e-02,
          -1.9675e-01, -3.7012e-02],
         [ 1.3844e-01, -2.3274e-01, -6.2440e-01,  ..., -9.5881e-02,
          -2.2230e-01,  3.7156e-02],
         [ 1.5905e-01, -2.4574e-01, -6.1429e-01,  ..., -9.6980e-02,
          -2.3917e-01,  4.2726e-02],
         ...,
         [ 1.5052e-01,  6.3411e-02, -6.0195e-01,  ..., -1.3509e-01,
          -3.8338e-01, -3.2720e-01],
         [ 1.6288e-01,  4.5262e-02, -5.9243e-01,  ..., -1.3846e-01,
          -3.8765e-01, -3.0058e-01],
         [ 1.2193e-01, -1.4594e-03, -5.8880e-01,  ..., -8.5754e-02,
          -4.1085e-01, -3.1902e-01]],

        ...,

        [[ 7.9681e-02,  1.3543e-02, -6.5887e-01,  ...,  1.3808e-01,
          -4.2668e-02, -2.1785e-01],
         [ 7.4840e-02, -9.7277e-03, -7.2550e-01,  ...,  1.3532e-01,
          -1.0954e-01, -8.3752e-02],
         [ 1.2377e-01, -1.1471e-02, -7.6362e-01,  ...,  7.1689e-02,
          -1.6176e-01,  5.2885e-02],
         ...,
         [ 3.2095e-02, -2.5308e-01, -6.0936e-01,  ..., -7.3585e-04,
          -1.4178e-01, -7.7678e-02],
         [ 9.2045e-02, -2.5063e-01, -6.5284e-01,  ..., -4.0908e-02,
          -1.8281e-01,  4.4937e-02],
         [ 1.5020e-01, -2.4416e-01, -6.6359e-01,  ..., -8.2736e-02,
          -2.0427e-01,  1.1467e-01]],

        [[ 1.3467e-01, -1.9403e-01, -6.2681e-01,  ..., -7.3543e-02,
          -9.8501e-02, -1.6178e-01],
         [ 1.8924e-01, -1.8503e-01, -6.3606e-01,  ..., -1.1064e-01,
          -1.1817e-01, -7.9279e-02],
         [ 2.0191e-01, -2.0689e-01, -6.2783e-01,  ..., -1.1019e-01,
          -1.3299e-01, -6.6740e-02],
         ...,
         [ 1.4509e-01,  9.7565e-02, -7.4683e-01,  ...,  5.4006e-02,
          -1.3298e-01, -2.0827e-01],
         [ 1.5860e-01,  7.5319e-02, -7.3365e-01,  ...,  5.3288e-02,
          -1.2920e-01, -1.7728e-01],
         [ 1.2021e-01,  2.9704e-02, -7.3276e-01,  ...,  1.1621e-01,
          -1.4710e-01, -1.9222e-01]],

        [[ 9.3205e-02, -1.8239e-01, -6.7507e-01,  ...,  6.7290e-02,
          -2.5112e-02,  1.1387e-01],
         [ 1.5161e-01, -1.7230e-01, -6.8783e-01,  ...,  1.9096e-02,
          -5.0352e-02,  1.8571e-01],
         [ 1.7593e-01, -1.9029e-01, -6.7407e-01,  ...,  1.8402e-02,
          -6.4660e-02,  1.9268e-01],
         ...,
         [ 1.9017e-01, -5.6824e-03, -5.9236e-01,  ..., -1.4834e-01,
          -2.7613e-01, -2.0787e-01],
         [ 2.0053e-01, -2.7057e-02, -5.8532e-01,  ..., -1.5216e-01,
          -2.8834e-01, -1.8832e-01],
         [ 1.5749e-01, -7.8122e-02, -5.8667e-01,  ..., -1.0753e-01,
          -3.1794e-01, -2.0938e-01]]], device='cuda:0')
Iteration: 14
z[:100] values: tensor([[[ 0.1461, -0.0362, -0.7579,  ...,  0.0610, -0.1463,  0.0013],
         [ 0.1993, -0.0353, -0.7632,  ...,  0.0059, -0.1706,  0.0812],
         [ 0.2232, -0.0641, -0.7484,  ...,  0.0068, -0.1801,  0.0841],
         ...,
         [ 0.1719, -0.2617, -0.6646,  ..., -0.0926, -0.1916,  0.0696],
         [ 0.1877, -0.2806, -0.6574,  ..., -0.0921, -0.2035,  0.0774],
         [ 0.1488, -0.3308, -0.6499,  ..., -0.0456, -0.2371,  0.0476]],

        [[ 0.0344, -0.0984, -0.6616,  ...,  0.1549, -0.1700, -0.1148],
         [ 0.0866, -0.0969, -0.7007,  ...,  0.0952, -0.2197,  0.0239],
         [ 0.1440, -0.0978, -0.7047,  ...,  0.0412, -0.2430,  0.0970],
         ...,
         [ 0.0583, -0.3291, -0.6020,  ..., -0.0116, -0.2400,  0.0212],
         [ 0.1185, -0.3204, -0.6159,  ..., -0.0528, -0.2585,  0.0914],
         [ 0.1350, -0.3397, -0.6083,  ..., -0.0511, -0.2711,  0.0946]],

        [[ 0.0090,  0.1614, -0.8086,  ...,  0.1164, -0.0594, -0.0014],
         [ 0.0682,  0.1481, -0.8007,  ...,  0.0702, -0.0877,  0.0669],
         [ 0.0980,  0.1063, -0.7839,  ...,  0.0811, -0.1066,  0.0634],
         ...,
         [ 0.0661, -0.1028, -0.7366,  ...,  0.0235, -0.0219,  0.2384],
         [ 0.0941, -0.1299, -0.7196,  ...,  0.0292, -0.0401,  0.2409],
         [ 0.0682, -0.1867, -0.7088,  ...,  0.0892, -0.0794,  0.2128]],

        ...,

        [[ 0.1245, -0.1473, -0.5008,  ..., -0.2830,  0.0357, -0.4817],
         [ 0.0631, -0.2030, -0.5588,  ..., -0.1516, -0.0285, -0.4413],
         [ 0.0752, -0.2276, -0.6178,  ..., -0.1150, -0.0854, -0.3213],
         ...,
         [ 0.0052,  0.0808, -0.6895,  ...,  0.0628, -0.0867, -0.5642],
         [ 0.0294,  0.0557, -0.7423,  ...,  0.0811, -0.1451, -0.4631],
         [ 0.0929,  0.0643, -0.7725,  ...,  0.0336, -0.1707, -0.3266]],

        [[ 0.0923,  0.0060, -0.6998,  ...,  0.1284, -0.0664, -0.2415],
         [ 0.0932, -0.0103, -0.7592,  ...,  0.1256, -0.1404, -0.1080],
         [ 0.1427, -0.0121, -0.7921,  ...,  0.0656, -0.1908,  0.0312],
         ...,
         [ 0.0861, -0.2790, -0.6712,  ...,  0.0691, -0.0619,  0.0899],
         [ 0.1336, -0.2766, -0.7188,  ...,  0.0205, -0.1071,  0.2147],
         [ 0.1862, -0.2717, -0.7330,  ..., -0.0307, -0.1268,  0.2898]],

        [[ 0.1273, -0.1804, -0.7260,  ...,  0.1345, -0.0239,  0.1860],
         [ 0.1827, -0.1771, -0.7348,  ...,  0.0800, -0.0469,  0.2578],
         [ 0.2072, -0.1987, -0.7202,  ...,  0.0808, -0.0597,  0.2628],
         ...,
         [ 0.1879, -0.2147, -0.6079,  ..., -0.0997, -0.2239,  0.0193],
         [ 0.1987, -0.2344, -0.6050,  ..., -0.0991, -0.2389,  0.0293],
         [ 0.1561, -0.2799, -0.6078,  ..., -0.0552, -0.2770,  0.0036]]],
       device='cuda:0')
Iteration: 15
z[:100] values: tensor([[[ 0.1384, -0.2653, -0.6039,  ..., -0.1098, -0.1645, -0.0849],
         [ 0.1906, -0.2581, -0.6195,  ..., -0.1503, -0.1794,  0.0010],
         [ 0.2033, -0.2766, -0.6172,  ..., -0.1562, -0.1913,  0.0169],
         ...,
         [ 0.1418,  0.0322, -0.7215,  ...,  0.0141, -0.1938, -0.1325],
         [ 0.1553,  0.0129, -0.7135,  ...,  0.0086, -0.1861, -0.0992],
         [ 0.1205, -0.0233, -0.7143,  ...,  0.0670, -0.2040, -0.1124]],

        [[ 0.0674,  0.0091, -0.8179,  ...,  0.1129, -0.1482, -0.0061],
         [ 0.1222,  0.0041, -0.8178,  ...,  0.0646, -0.1732,  0.0697],
         [ 0.1464, -0.0283, -0.8067,  ...,  0.0718, -0.1826,  0.0705],
         ...,
         [ 0.1252, -0.2487, -0.7582,  ...,  0.0232, -0.0959,  0.2497],
         [ 0.1484, -0.2684, -0.7468,  ...,  0.0229, -0.1079,  0.2568],
         [ 0.1198, -0.3189, -0.7377,  ...,  0.0791, -0.1397,  0.2299]],

        [[-0.0371, -0.1564, -0.6257,  ...,  0.1053,  0.0585,  0.0248],
         [ 0.0126, -0.1590, -0.6719,  ...,  0.0593,  0.0134,  0.1452],
         [ 0.0699, -0.1573, -0.6821,  ...,  0.0120, -0.0107,  0.2137],
         ...,
         [ 0.0637,  0.0133, -0.5680,  ..., -0.1138, -0.2322, -0.2703],
         [ 0.1164,  0.0148, -0.5765,  ..., -0.1523, -0.2442, -0.1831],
         [ 0.1273, -0.0108, -0.5714,  ..., -0.1527, -0.2581, -0.1660]],

        ...,

        [[ 0.1168,  0.0683, -0.6272,  ...,  0.0498,  0.0511, -0.3953],
         [ 0.0398,  0.0288, -0.7097,  ...,  0.1547, -0.0328, -0.3309],
         [ 0.0410,  0.0131, -0.7738,  ...,  0.1504, -0.1074, -0.1996],
         ...,
         [ 0.0455, -0.2335, -0.6182,  ...,  0.0868,  0.0230, -0.1222],
         [ 0.0415, -0.2574, -0.6859,  ...,  0.0995, -0.0333, -0.0067],
         [ 0.0925, -0.2528, -0.7305,  ...,  0.0505, -0.0810,  0.1129]],

        [[ 0.0281, -0.2690, -0.6021,  ...,  0.0297, -0.0851, -0.1221],
         [ 0.0902, -0.2580, -0.6496,  ..., -0.0065, -0.1285,  0.0019],
         [ 0.1525, -0.2440, -0.6603,  ..., -0.0491, -0.1522,  0.0723],
         ...,
         [ 0.1165,  0.0403, -0.6377,  ..., -0.0414, -0.3133, -0.3772],
         [ 0.1721,  0.0512, -0.6411,  ..., -0.0864, -0.3179, -0.2847],
         [ 0.1856,  0.0297, -0.6294,  ..., -0.0895, -0.3220, -0.2603]],

        [[ 0.2751,  0.2298, -0.5775,  ..., -0.0722,  0.2693, -0.2419],
         [ 0.1547,  0.1855, -0.6424,  ...,  0.0854,  0.2277, -0.2609],
         [ 0.0698,  0.1415, -0.7286,  ...,  0.1959,  0.1568, -0.2000],
         ...,
         [ 0.0752, -0.0530, -0.5489,  ..., -0.0824,  0.1631, -0.2260],
         [ 0.0047, -0.1042, -0.6175,  ...,  0.0347,  0.1102, -0.1758],
         [ 0.0071, -0.1336, -0.6847,  ...,  0.0582,  0.0545, -0.0636]]],
       device='cuda:0')
Iteration: 16
z[:100] values: tensor([[[ 0.2016, -0.0656, -0.6320,  ...,  0.0857,  0.2140, -0.1486],
         [ 0.1223, -0.1140, -0.7001,  ...,  0.1957,  0.1541, -0.0919],
         [ 0.1116, -0.1394, -0.7684,  ...,  0.2009,  0.0925,  0.0297],
         ...,
         [ 0.0806, -0.1647, -0.5805,  ..., -0.0450, -0.0272, -0.3388],
         [ 0.0942, -0.1927, -0.6414,  ..., -0.0143, -0.0838, -0.2227],
         [ 0.1540, -0.1909, -0.6805,  ..., -0.0460, -0.1245, -0.0926]],

        [[ 0.0538, -0.2932, -0.6579,  ...,  0.0638, -0.0323,  0.0278],
         [ 0.1039, -0.2899, -0.7030,  ...,  0.0180, -0.0795,  0.1548],
         [ 0.1583, -0.2837, -0.7169,  ..., -0.0335, -0.1008,  0.2322],
         ...,
         [ 0.1583, -0.1191, -0.6076,  ..., -0.1544, -0.3327, -0.2617],
         [ 0.2079, -0.1144, -0.6185,  ..., -0.1973, -0.3409, -0.1677],
         [ 0.2152, -0.1370, -0.6158,  ..., -0.2042, -0.3488, -0.1459]],

        [[ 0.2824,  0.0051, -0.4870,  ..., -0.0851,  0.1894, -0.1883],
         [ 0.1729, -0.0494, -0.5321,  ...,  0.0695,  0.1568, -0.2047],
         [ 0.0935, -0.1027, -0.6027,  ...,  0.1806,  0.0953, -0.1489],
         ...,
         [ 0.1160, -0.0868, -0.4165,  ..., -0.1882, -0.0200, -0.4388],
         [ 0.0566, -0.1474, -0.4806,  ..., -0.0623, -0.0858, -0.3959],
         [ 0.0695, -0.1761, -0.5469,  ..., -0.0311, -0.1434, -0.2789]],

        ...,

        [[ 0.1296, -0.2692, -0.6497,  ...,  0.0537, -0.0759,  0.1425],
         [ 0.1504, -0.2874, -0.6403,  ...,  0.0558, -0.0924,  0.1489],
         [ 0.1139, -0.3375, -0.6359,  ...,  0.1074, -0.1286,  0.1223],
         ...,
         [ 0.1647,  0.0047, -0.6320,  ...,  0.0209, -0.2597, -0.1885],
         [ 0.1239, -0.0428, -0.6365,  ...,  0.0775, -0.2857, -0.2024],
         [ 0.0433, -0.0899, -0.6573,  ...,  0.1535, -0.3253, -0.2160]],

        [[ 0.1437, -0.1782, -0.6879,  ...,  0.1112, -0.0382,  0.1659],
         [ 0.1952, -0.1707, -0.7007,  ...,  0.0573, -0.0613,  0.2431],
         [ 0.2182, -0.1912, -0.6862,  ...,  0.0552, -0.0713,  0.2509],
         ...,
         [ 0.2000, -0.2174, -0.5795,  ..., -0.1223, -0.2298, -0.0009],
         [ 0.2096, -0.2356, -0.5754,  ..., -0.1248, -0.2429,  0.0117],
         [ 0.1666, -0.2831, -0.5740,  ..., -0.0837, -0.2761, -0.0138]],

        [[ 0.0928, -0.3212, -0.6289,  ...,  0.0067, -0.1418,  0.0153],
         [ 0.1514, -0.3111, -0.6432,  ..., -0.0344, -0.1620,  0.0893],
         [ 0.1684, -0.3284, -0.6351,  ..., -0.0348, -0.1759,  0.0962],
         ...,
         [ 0.1636, -0.0166, -0.6331,  ..., -0.0702, -0.3318, -0.2710],
         [ 0.1728, -0.0381, -0.6246,  ..., -0.0736, -0.3341, -0.2441],
         [ 0.1290, -0.0839, -0.6266,  ..., -0.0206, -0.3587, -0.2602]]],
       device='cuda:0')
Iteration: 17
z[:100] values: tensor([[[ 0.0620,  0.1361, -0.6329,  ...,  0.0337,  0.0263, -0.4665],
         [-0.0185,  0.0965, -0.7159,  ...,  0.1385, -0.0552, -0.4070],
         [-0.0188,  0.0796, -0.7822,  ...,  0.1374, -0.1321, -0.2770],
         ...,
         [-0.0066, -0.1677, -0.6271,  ...,  0.0746,  0.0023, -0.2051],
         [-0.0118, -0.1933, -0.6961,  ...,  0.0897, -0.0549, -0.0877],
         [ 0.0402, -0.1908, -0.7431,  ...,  0.0440, -0.1051,  0.0366]],

        [[ 0.0603,  0.0172, -0.7552,  ...,  0.1790, -0.0058,  0.0255],
         [ 0.1052,  0.0107, -0.7910,  ...,  0.1143, -0.0523,  0.1591],
         [ 0.1577,  0.0034, -0.7905,  ...,  0.0569, -0.0761,  0.2320],
         ...,
         [ 0.0736, -0.2263, -0.6793,  ..., -0.0064, -0.0850,  0.1467],
         [ 0.1304, -0.2232, -0.6889,  ..., -0.0493, -0.1044,  0.2158],
         [ 0.1482, -0.2435, -0.6803,  ..., -0.0461, -0.1202,  0.2220]],

        [[ 0.1067,  0.0292, -0.6414,  ...,  0.0167, -0.2055, -0.2784],
         [ 0.1073,  0.0118, -0.6909,  ...,  0.0144, -0.2781, -0.1456],
         [ 0.1598,  0.0080, -0.7223,  ..., -0.0468, -0.3279, -0.0081],
         ...,
         [ 0.1001, -0.2688, -0.5953,  ..., -0.0229, -0.1952,  0.0486],
         [ 0.1498, -0.2666, -0.6444,  ..., -0.0720, -0.2386,  0.1728],
         [ 0.2025, -0.2623, -0.6642,  ..., -0.1253, -0.2566,  0.2478]],

        ...,

        [[ 0.1453,  0.1306, -0.8442,  ...,  0.0877, -0.0026,  0.1562],
         [ 0.1755,  0.0961, -0.8251,  ...,  0.0895, -0.0193,  0.1627],
         [ 0.1581,  0.0330, -0.8204,  ...,  0.1573, -0.0499,  0.1331],
         ...,
         [ 0.1343, -0.1314, -0.7382,  ..., -0.0159, -0.0502,  0.1556],
         [ 0.1037, -0.1863, -0.7335,  ...,  0.0334, -0.0874,  0.1309],
         [ 0.0247, -0.2511, -0.7347,  ...,  0.0911, -0.1412,  0.1171]],

        [[ 0.1924, -0.2786, -0.6808,  ..., -0.0666, -0.0926,  0.2658],
         [ 0.2101, -0.2953, -0.6750,  ..., -0.0752, -0.1007,  0.2827],
         [ 0.1775, -0.3379, -0.6655,  ..., -0.0301, -0.1307,  0.2624],
         ...,
         [ 0.2444, -0.1299, -0.5850,  ..., -0.2360, -0.3390, -0.1191],
         [ 0.2015, -0.1729, -0.5893,  ..., -0.1988, -0.3671, -0.1367],
         [ 0.1242, -0.2149, -0.5982,  ..., -0.1448, -0.4087, -0.1510]],

        [[ 0.1333, -0.0549, -0.7321,  ...,  0.0348, -0.2613, -0.0503],
         [ 0.1867, -0.0582, -0.7355,  ..., -0.0127, -0.2803,  0.0241],
         [ 0.2061, -0.0876, -0.7279,  ..., -0.0036, -0.2864,  0.0242],
         ...,
         [ 0.1786, -0.3089, -0.6763,  ..., -0.0490, -0.1936,  0.2053],
         [ 0.1966, -0.3254, -0.6681,  ..., -0.0482, -0.2028,  0.2125],
         [ 0.1620, -0.3719, -0.6566,  ...,  0.0073, -0.2349,  0.1852]]],
       device='cuda:0')
Iteration: 18
z[:100] values: tensor([[[ 1.7668e-01, -1.7728e-01, -6.8148e-01,  ...,  3.2042e-02,
          -1.3273e-01,  2.5575e-01],
         [ 1.9909e-01, -1.9409e-01, -6.6968e-01,  ...,  3.0206e-02,
          -1.4205e-01,  2.6242e-01],
         [ 1.7108e-01, -2.3922e-01, -6.5827e-01,  ...,  9.2259e-02,
          -1.7320e-01,  2.3713e-01],
         ...,
         [ 1.9448e-01, -2.2959e-01, -5.4810e-01,  ..., -1.4823e-01,
          -3.1852e-01,  2.5630e-02],
         [ 1.5044e-01, -2.7230e-01, -5.4837e-01,  ..., -1.0541e-01,
          -3.5498e-01,  9.0422e-04],
         [ 6.9372e-02, -3.2086e-01, -5.5001e-01,  ..., -5.5076e-02,
          -4.0780e-01, -1.1680e-02]],

        [[ 5.7114e-02, -2.4040e-01, -5.6458e-01,  ..., -1.1275e-01,
          -3.4958e-03, -3.7140e-01],
         [ 7.0932e-02, -2.6408e-01, -6.2233e-01,  ..., -7.7573e-02,
          -6.0149e-02, -2.5628e-01],
         [ 1.2956e-01, -2.5827e-01, -6.6184e-01,  ..., -1.0665e-01,
          -1.0087e-01, -1.2292e-01],
         ...,
         [ 2.4392e-02,  1.8421e-02, -7.5127e-01,  ...,  1.1417e-01,
          -1.1924e-01, -4.0051e-01],
         [ 8.7638e-02,  2.7439e-02, -7.8067e-01,  ...,  6.7529e-02,
          -1.4389e-01, -2.6693e-01],
         [ 1.4042e-01,  3.4945e-02, -7.8286e-01,  ...,  1.4741e-02,
          -1.4109e-01, -1.7027e-01]],

        [[ 9.7002e-02, -1.3775e-01, -5.0936e-01,  ..., -2.8430e-01,
          -2.1146e-02, -5.2317e-01],
         [ 3.3353e-02, -1.9335e-01, -5.7105e-01,  ..., -1.5488e-01,
          -8.5690e-02, -4.7857e-01],
         [ 4.6835e-02, -2.1783e-01, -6.3078e-01,  ..., -1.1800e-01,
          -1.4325e-01, -3.5577e-01],
         ...,
         [-2.6910e-02,  9.0631e-02, -7.0017e-01,  ...,  5.5266e-02,
          -1.3860e-01, -5.9628e-01],
         [-9.2441e-04,  6.5671e-02, -7.5365e-01,  ...,  7.3932e-02,
          -1.9838e-01, -4.9335e-01],
         [ 6.5975e-02,  7.4667e-02, -7.8101e-01,  ...,  2.7945e-02,
          -2.2484e-01, -3.5845e-01]],

        ...,

        [[ 8.9709e-02, -3.1389e-01, -6.6328e-01,  ..., -5.3406e-02,
          -3.5899e-02, -7.9305e-04],
         [ 1.4592e-01, -3.0391e-01, -6.7676e-01,  ..., -9.6533e-02,
          -6.0267e-02,  7.6755e-02],
         [ 1.6356e-01, -3.2190e-01, -6.6935e-01,  ..., -1.0016e-01,
          -7.4565e-02,  8.7735e-02],
         ...,
         [ 1.5551e-01, -4.6555e-03, -6.7337e-01,  ..., -1.2634e-01,
          -2.2957e-01, -2.8591e-01],
         [ 1.6533e-01, -2.6237e-02, -6.6554e-01,  ..., -1.3340e-01,
          -2.3319e-01, -2.5539e-01],
         [ 1.2411e-01, -7.2554e-02, -6.6833e-01,  ..., -8.2835e-02,
          -2.5662e-01, -2.6876e-01]],

        [[-6.3419e-03,  1.5530e-01, -7.1078e-01,  ...,  1.1941e-01,
           6.5736e-02, -2.6330e-01],
         [-1.9840e-02,  1.3079e-01, -7.8014e-01,  ...,  1.2497e-01,
          -2.7357e-03, -1.3199e-01],
         [ 2.3856e-02,  1.2470e-01, -8.1569e-01,  ...,  6.7131e-02,
          -5.8437e-02,  2.3926e-03],
         ...,
         [-5.8117e-02, -1.2978e-01, -6.7013e-01,  ..., -7.8388e-03,
          -3.7917e-02, -1.2712e-01],
         [-1.9086e-03, -1.3189e-01, -7.0941e-01,  ..., -4.3361e-02,
          -8.3487e-02, -5.8604e-03],
         [ 5.7747e-02, -1.2937e-01, -7.1456e-01,  ..., -8.2457e-02,
          -1.1045e-01,  6.1618e-02]],

        [[ 7.4886e-02, -2.5392e-01, -6.3617e-01,  ...,  6.9982e-02,
           8.5098e-02, -3.8990e-02],
         [ 6.9907e-02, -2.7944e-01, -6.9727e-01,  ...,  8.5607e-02,
           3.3075e-02,  7.5510e-02],
         [ 1.1615e-01, -2.8109e-01, -7.3901e-01,  ...,  3.8340e-02,
          -1.0413e-02,  1.9844e-01],
         ...,
         [ 1.0585e-01, -9.4233e-02, -6.1079e-01,  ..., -1.1049e-01,
          -2.3137e-01, -3.5653e-01],
         [ 1.6336e-01, -9.5070e-02, -6.4370e-01,  ..., -1.3974e-01,
          -2.5819e-01, -2.1538e-01],
         [ 2.1148e-01, -9.4530e-02, -6.5009e-01,  ..., -1.7982e-01,
          -2.6750e-01, -1.2578e-01]]], device='cuda:0')
Iteration: 19
z[:100] values: tensor([[[ 1.8498e-01,  5.8877e-02, -6.1969e-01,  ...,  3.0539e-03,
          -2.9688e-02, -2.9627e-01],
         [ 1.1362e-01,  2.1065e-02, -6.9119e-01,  ...,  1.0917e-01,
          -1.1424e-01, -2.3191e-01],
         [ 1.1628e-01,  2.2510e-03, -7.5016e-01,  ...,  1.0500e-01,
          -1.8633e-01, -9.8987e-02],
         ...,
         [ 9.7979e-02, -2.6310e-01, -5.4655e-01,  ..., -4.4965e-02,
          -1.2419e-01, -1.0438e-01],
         [ 1.0646e-01, -2.9001e-01, -6.0904e-01,  ..., -2.1884e-02,
          -1.7708e-01,  1.1207e-02],
         [ 1.6243e-01, -2.9041e-01, -6.5522e-01,  ..., -6.2139e-02,
          -2.1771e-01,  1.3667e-01]],

        [[ 1.6137e-01, -2.0307e-01, -6.4686e-01,  ..., -6.3055e-02,
          -7.1781e-02,  1.0347e-01],
         [ 1.8109e-01, -2.2050e-01, -6.3981e-01,  ..., -6.2929e-02,
          -8.6978e-02,  1.1503e-01],
         [ 1.4507e-01, -2.6917e-01, -6.3223e-01,  ..., -1.5319e-02,
          -1.2263e-01,  9.0429e-02],
         ...,
         [ 1.5531e-01,  1.3176e-01, -6.9805e-01,  ...,  1.9099e-02,
          -1.7907e-01, -1.5877e-01],
         [ 1.1767e-01,  9.0338e-02, -6.9856e-01,  ...,  8.0439e-02,
          -1.9812e-01, -1.7144e-01],
         [ 3.7405e-02,  5.0922e-02, -7.1192e-01,  ...,  1.6526e-01,
          -2.3758e-01, -1.9227e-01]],

        [[ 2.7608e-01,  1.6905e-01, -5.5253e-01,  ..., -1.1737e-01,
           1.0073e-01, -3.6226e-01],
         [ 1.5626e-01,  1.2066e-01, -6.1747e-01,  ...,  4.5193e-02,
           4.9404e-02, -3.7475e-01],
         [ 7.9894e-02,  8.0107e-02, -7.0006e-01,  ...,  1.5023e-01,
          -3.2188e-02, -3.0849e-01],
         ...,
         [ 1.2560e-01, -1.4682e-01, -5.0107e-01,  ..., -1.2935e-01,
           4.4958e-03, -2.4119e-01],
         [ 5.8796e-02, -2.0033e-01, -5.6354e-01,  ..., -9.4476e-03,
          -4.9253e-02, -1.8554e-01],
         [ 6.5547e-02, -2.2725e-01, -6.3014e-01,  ...,  1.2214e-02,
          -1.0478e-01, -6.9662e-02]],

        ...,

        [[ 1.3297e-01, -1.6463e-02, -7.3053e-01,  ...,  6.6341e-02,
          -7.4537e-02,  1.5126e-01],
         [ 1.6430e-01, -3.5222e-02, -7.1612e-01,  ...,  6.0800e-02,
          -8.9081e-02,  1.6269e-01],
         [ 1.4670e-01, -8.8632e-02, -7.0246e-01,  ...,  1.1898e-01,
          -1.1995e-01,  1.3462e-01],
         ...,
         [ 1.6683e-01,  2.0903e-02, -5.9122e-01,  ..., -1.2997e-01,
          -3.0967e-01, -2.2409e-01],
         [ 1.2952e-01, -2.9154e-02, -5.9221e-01,  ..., -8.7816e-02,
          -3.4007e-01, -2.4433e-01],
         [ 5.2796e-02, -8.3385e-02, -6.0034e-01,  ..., -3.1276e-02,
          -3.7885e-01, -2.6096e-01]],

        [[ 5.8253e-02,  9.5743e-03, -7.4316e-01,  ...,  1.0855e-01,
          -1.7866e-01, -1.7058e-01],
         [ 1.1285e-01,  7.3286e-03, -7.7333e-01,  ...,  5.0692e-02,
          -2.2687e-01, -3.4665e-02],
         [ 1.6792e-01, -4.9402e-04, -7.7352e-01,  ...,  3.9629e-03,
          -2.4957e-01,  3.6859e-02],
         ...,
         [ 1.0586e-01, -2.8060e-01, -6.4604e-01,  ..., -6.1116e-02,
          -2.2201e-01,  6.2508e-02],
         [ 1.6242e-01, -2.7365e-01, -6.6010e-01,  ..., -1.0206e-01,
          -2.4038e-01,  1.3280e-01],
         [ 1.7727e-01, -2.9275e-01, -6.5346e-01,  ..., -9.9919e-02,
          -2.5433e-01,  1.3750e-01]],

        [[ 1.1982e-01,  1.3200e-01, -6.0517e-01,  ...,  1.6086e-02,
          -6.5383e-03, -3.9830e-01],
         [ 4.2212e-02,  9.1489e-02, -6.8528e-01,  ...,  1.2091e-01,
          -8.8982e-02, -3.3055e-01],
         [ 4.4249e-02,  7.3505e-02, -7.5068e-01,  ...,  1.1617e-01,
          -1.6271e-01, -1.9754e-01],
         ...,
         [ 2.3143e-02, -1.9460e-01, -5.4448e-01,  ..., -3.2787e-02,
          -1.1073e-01, -2.1033e-01],
         [ 3.0005e-02, -2.2161e-01, -6.1143e-01,  ..., -1.0536e-02,
          -1.6289e-01, -9.3010e-02],
         [ 8.9933e-02, -2.1930e-01, -6.5775e-01,  ..., -4.9271e-02,
          -2.0535e-01,  2.8806e-02]]], device='cuda:0')
Iteration: 20
Context Encoder: VNE=1.9947 NormVNE=0.3002 EffRank=7.3503 NormEffRank=0.0096
Target Encoder: VNE=3.1698 NormVNE=0.4771 EffRank=23.8037 NormEffRank=0.0310
time taken for epoch 0:00:03.660134
Total pretraining time 0:00:03.660164
VisionTransformer(
  (patch_embed): PatchEmbed(
    (proj): Conv2d(3, 768, kernel_size=(15, 15), stride=(15, 15))
  )
  (blocks): ModuleList(
    (0-11): 12 x Block(
      (norm1): LayerNorm((768,), eps=1e-06, elementwise_affine=True)
      (attn): Attention(
        (qkv): Linear(in_features=768, out_features=2304, bias=True)
        (attn_drop): Dropout(p=0.0, inplace=False)
        (proj): Linear(in_features=768, out_features=768, bias=True)
        (proj_drop): Dropout(p=0.0, inplace=False)
      )
      (drop_path): Identity()
      (norm2): LayerNorm((768,), eps=1e-06, elementwise_affine=True)
      (mlp): MLP(
        (fc1): Linear(in_features=768, out_features=3072, bias=True)
        (act): GELU(approximate='none')
        (fc2): Linear(in_features=3072, out_features=768, bias=True)
        (drop): Dropout(p=0.0, inplace=False)
      )
    )
  )
  (norm): LayerNorm((768,), eps=1e-06, elementwise_affine=True)
)
making imagenet data transforms
data-path datasets/iic/train/
Initialized ImageNet
ImageNet dataset created
ImageNet unsupervised data loader created
Using AdamW
Encountered exception when loading checkpoint [Errno 2] No such file or directory: 'logs_PKT_chunks/iic-train-l2-seed0-KNN-ep1000/jepa-iic'
Starting
Iteration: 0
Iteration: 1
Iteration: 2
Iteration: 3
Iteration: 4
Iteration: 5
Iteration: 6
Iteration: 7
Iteration: 8
Iteration: 9
Iteration: 10
Iteration: 11
Iteration: 12
Iteration: 13
Iteration: 14
Iteration: 15
Iteration: 16
Iteration: 17
Iteration: 18
Iteration: 19
Iteration: 20
Iteration: 21
Iteration: 22
Iteration: 23
Iteration: 24
Iteration: 25
Iteration: 26
Iteration: 27
Iteration: 28
Iteration: 29
Iteration: 30
Iteration: 31
Iteration: 32
Iteration: 33
Iteration: 34
Iteration: 35
Iteration: 36
Iteration: 37
Iteration: 38
Iteration: 39
Iteration: 40
Iteration: 41
Iteration: 42
Iteration: 43
Iteration: 44
Iteration: 45
Iteration: 46
Iteration: 47
Iteration: 48
Iteration: 49
Iteration: 50
Context Encoder: VNE=2.0144 NormVNE=0.3032 EffRank=7.4963 NormEffRank=0.0098
Target Encoder: VNE=3.1753 NormVNE=0.4779 EffRank=23.9348 NormEffRank=0.0312
time taken for epoch 0:00:08.226530
Total pretraining time 0:00:08.226558
VisionTransformer(
  (patch_embed): PatchEmbed(
    (proj): Conv2d(3, 768, kernel_size=(15, 15), stride=(15, 15))
  )
  (blocks): ModuleList(
    (0-11): 12 x Block(
      (norm1): LayerNorm((768,), eps=1e-06, elementwise_affine=True)
      (attn): Attention(
        (qkv): Linear(in_features=768, out_features=2304, bias=True)
        (attn_drop): Dropout(p=0.0, inplace=False)
        (proj): Linear(in_features=768, out_features=768, bias=True)
        (proj_drop): Dropout(p=0.0, inplace=False)
      )
      (drop_path): Identity()
      (norm2): LayerNorm((768,), eps=1e-06, elementwise_affine=True)
      (mlp): MLP(
        (fc1): Linear(in_features=768, out_features=3072, bias=True)
        (act): GELU(approximate='none')
        (fc2): Linear(in_features=3072, out_features=768, bias=True)
        (drop): Dropout(p=0.0, inplace=False)
      )
    )
  )
  (norm): LayerNorm((768,), eps=1e-06, elementwise_affine=True)
)
making imagenet data transforms
data-path datasets/iic/train/
Initialized ImageNet
ImageNet dataset created
ImageNet unsupervised data loader created
Using AdamW
Encountered exception when loading checkpoint [Errno 2] No such file or directory: 'logs_PKT_chunks/iic-train-l2-seed0-KNN-ep1000/jepa-iic'
Starting
Iteration: 0
Iteration: 1
Iteration: 2
Iteration: 3
Iteration: 4
Iteration: 5
Iteration: 6
Iteration: 7
Iteration: 8
Iteration: 9
Iteration: 10
Iteration: 11
Iteration: 12
Iteration: 13
Iteration: 14
Iteration: 15
Iteration: 16
Iteration: 17
Iteration: 18
Iteration: 19
Iteration: 20
Z shape: torch.Size([87040, 768])
Context Encoder: VNE=1.9947 NormVNE=0.3002 EffRank=7.3503 NormEffRank=0.0096
Target Encoder: VNE=3.1698 NormVNE=0.4771 EffRank=23.8037 NormEffRank=0.0310
time taken for epoch 0:00:03.467373
Total pretraining time 0:00:03.467417
VisionTransformer(
  (patch_embed): PatchEmbed(
    (proj): Conv2d(3, 768, kernel_size=(15, 15), stride=(15, 15))
  )
  (blocks): ModuleList(
    (0-11): 12 x Block(
      (norm1): LayerNorm((768,), eps=1e-06, elementwise_affine=True)
      (attn): Attention(
        (qkv): Linear(in_features=768, out_features=2304, bias=True)
        (attn_drop): Dropout(p=0.0, inplace=False)
        (proj): Linear(in_features=768, out_features=768, bias=True)
        (proj_drop): Dropout(p=0.0, inplace=False)
      )
      (drop_path): Identity()
      (norm2): LayerNorm((768,), eps=1e-06, elementwise_affine=True)
      (mlp): MLP(
        (fc1): Linear(in_features=768, out_features=3072, bias=True)
        (act): GELU(approximate='none')
        (fc2): Linear(in_features=3072, out_features=768, bias=True)
        (drop): Dropout(p=0.0, inplace=False)
      )
    )
  )
  (norm): LayerNorm((768,), eps=1e-06, elementwise_affine=True)
)
making imagenet data transforms
data-path datasets/iic/train/
Initialized ImageNet
ImageNet dataset created
ImageNet unsupervised data loader created
Using AdamW
loaded pretrained encoder from epoch 999 with msg: <All keys matched successfully>
loaded pretrained encoder from epoch 999 with msg: <All keys matched successfully>
loaded pretrained encoder from epoch 999 with msg: <All keys matched successfully>
loaded optimizers from epoch 999
read-path: logs_PKT_chunks/iic-train-l2-seed0-KNN-ep1000/jepa-iic-ep1000.pth.tar
VisionTransformer(
  (patch_embed): PatchEmbed(
    (proj): Conv2d(3, 768, kernel_size=(15, 15), stride=(15, 15))
  )
  (blocks): ModuleList(
    (0-11): 12 x Block(
      (norm1): LayerNorm((768,), eps=1e-06, elementwise_affine=True)
      (attn): Attention(
        (qkv): Linear(in_features=768, out_features=2304, bias=True)
        (attn_drop): Dropout(p=0.0, inplace=False)
        (proj): Linear(in_features=768, out_features=768, bias=True)
        (proj_drop): Dropout(p=0.0, inplace=False)
      )
      (drop_path): Identity()
      (norm2): LayerNorm((768,), eps=1e-06, elementwise_affine=True)
      (mlp): MLP(
        (fc1): Linear(in_features=768, out_features=3072, bias=True)
        (act): GELU(approximate='none')
        (fc2): Linear(in_features=3072, out_features=768, bias=True)
        (drop): Dropout(p=0.0, inplace=False)
      )
    )
  )
  (norm): LayerNorm((768,), eps=1e-06, elementwise_affine=True)
)
making imagenet data transforms
data-path datasets/iic/train/
Initialized ImageNet
ImageNet dataset created
ImageNet unsupervised data loader created
Using AdamW
loaded pretrained encoder from epoch 999 with msg: <All keys matched successfully>
loaded pretrained encoder from epoch 999 with msg: <All keys matched successfully>
loaded pretrained encoder from epoch 999 with msg: <All keys matched successfully>
loaded optimizers from epoch 999
read-path: logs_PKT_chunks/iic-train-l2-seed0-KNN-ep1000/jepa-iic-ep1000.pth.tar
VisionTransformer(
  (patch_embed): PatchEmbed(
    (proj): Conv2d(3, 768, kernel_size=(15, 15), stride=(15, 15))
  )
  (blocks): ModuleList(
    (0-11): 12 x Block(
      (norm1): LayerNorm((768,), eps=1e-06, elementwise_affine=True)
      (attn): Attention(
        (qkv): Linear(in_features=768, out_features=2304, bias=True)
        (attn_drop): Dropout(p=0.0, inplace=False)
        (proj): Linear(in_features=768, out_features=768, bias=True)
        (proj_drop): Dropout(p=0.0, inplace=False)
      )
      (drop_path): Identity()
      (norm2): LayerNorm((768,), eps=1e-06, elementwise_affine=True)
      (mlp): MLP(
        (fc1): Linear(in_features=768, out_features=3072, bias=True)
        (act): GELU(approximate='none')
        (fc2): Linear(in_features=3072, out_features=768, bias=True)
        (drop): Dropout(p=0.0, inplace=False)
      )
    )
  )
  (norm): LayerNorm((768,), eps=1e-06, elementwise_affine=True)
)
making imagenet data transforms
data-path datasets/iic/train/
Initialized ImageNet
ImageNet dataset created
ImageNet unsupervised data loader created
Using AdamW
loaded pretrained encoder from epoch 999 with msg: <All keys matched successfully>
loaded pretrained encoder from epoch 999 with msg: <All keys matched successfully>
loaded pretrained encoder from epoch 999 with msg: <All keys matched successfully>
loaded optimizers from epoch 999
read-path: logs_PKT_chunks/iic-train-l2-seed0-KNN-ep1000/jepa-iic-ep1000.pth.tar
Starting
Iteration: 0
Iteration: 1
Iteration: 2
Iteration: 3
Iteration: 4
Iteration: 5
Iteration: 6
Iteration: 7
Iteration: 8
Iteration: 9
Iteration: 10
Iteration: 11
Iteration: 12
Iteration: 13
Iteration: 14
Iteration: 15
Iteration: 16
Iteration: 17
Iteration: 18
Iteration: 19
Iteration: 20
Z shape: torch.Size([87040, 768])
Context Encoder: VNE=2.3392 NormVNE=0.3521 EffRank=10.3729 NormEffRank=0.0135
Target Encoder: VNE=3.0396 NormVNE=0.4575 EffRank=20.8978 NormEffRank=0.0272
time taken for epoch 0:00:03.261453
Total pretraining time 0:00:03.261481
VisionTransformer(
  (patch_embed): PatchEmbed(
    (proj): Conv2d(3, 768, kernel_size=(15, 15), stride=(15, 15))
  )
  (blocks): ModuleList(
    (0-11): 12 x Block(
      (norm1): LayerNorm((768,), eps=1e-06, elementwise_affine=True)
      (attn): Attention(
        (qkv): Linear(in_features=768, out_features=2304, bias=True)
        (attn_drop): Dropout(p=0.0, inplace=False)
        (proj): Linear(in_features=768, out_features=768, bias=True)
        (proj_drop): Dropout(p=0.0, inplace=False)
      )
      (drop_path): Identity()
      (norm2): LayerNorm((768,), eps=1e-06, elementwise_affine=True)
      (mlp): MLP(
        (fc1): Linear(in_features=768, out_features=3072, bias=True)
        (act): GELU(approximate='none')
        (fc2): Linear(in_features=3072, out_features=768, bias=True)
        (drop): Dropout(p=0.0, inplace=False)
      )
    )
  )
  (norm): LayerNorm((768,), eps=1e-06, elementwise_affine=True)
)
making imagenet data transforms
data-path datasets/iic/train/
Initialized ImageNet
ImageNet dataset created
ImageNet unsupervised data loader created
Using AdamW
loaded pretrained encoder from epoch 999 with msg: <All keys matched successfully>
loaded pretrained encoder from epoch 999 with msg: <All keys matched successfully>
loaded pretrained encoder from epoch 999 with msg: <All keys matched successfully>
loaded optimizers from epoch 999
read-path: logs_PKT_chunks/iic-train-l2-seed0-KNN-ep1000/jepa-iic-ep1000.pth.tar
Starting
Iteration: 0
Iteration: 1
Iteration: 2
Iteration: 3
Iteration: 4
Iteration: 5
Iteration: 6
Iteration: 7
Iteration: 8
Iteration: 9
Iteration: 10
Iteration: 11
Iteration: 12
Iteration: 13
Iteration: 14
Iteration: 15
Iteration: 16
Iteration: 17
Iteration: 18
Iteration: 19
Iteration: 20
Iteration: 21
Iteration: 22
Iteration: 23
Iteration: 24
Iteration: 25
Iteration: 26
Iteration: 27
Iteration: 28
Iteration: 29
Iteration: 30
Iteration: 31
Iteration: 32
Iteration: 33
Iteration: 34
Iteration: 35
Iteration: 36
Iteration: 37
Iteration: 38
Iteration: 39
Iteration: 40
Iteration: 41
Iteration: 42
Iteration: 43
Iteration: 44
Iteration: 45
Iteration: 46
Iteration: 47
Iteration: 48
Iteration: 49
Iteration: 50
Iteration: 51
Iteration: 52
Iteration: 53
Iteration: 54
Iteration: 55
Iteration: 56
Iteration: 57
Iteration: 58
Iteration: 59
Iteration: 60
Iteration: 61
Iteration: 62
Iteration: 63
Iteration: 64
Iteration: 65
Iteration: 66
Iteration: 67
Iteration: 68
Iteration: 69
Iteration: 70
Iteration: 71
Iteration: 72
Iteration: 73
Iteration: 74
Iteration: 75
Iteration: 76
Iteration: 77
Iteration: 78
Iteration: 79
Iteration: 80
Iteration: 81
Iteration: 82
Iteration: 83
Iteration: 84
Iteration: 85
Iteration: 86
Iteration: 87
Iteration: 88
Iteration: 89
Iteration: 90
Iteration: 91
Iteration: 92
Iteration: 93
Iteration: 94
Iteration: 95
Iteration: 96
Iteration: 97
Iteration: 98
Iteration: 99
Iteration: 100
Iteration: 101
Iteration: 102
Iteration: 103
Iteration: 104
Iteration: 105
Iteration: 106
Iteration: 107
Iteration: 108
Iteration: 109
Iteration: 110
Iteration: 111
Iteration: 112
Iteration: 113
Iteration: 114
Iteration: 115
Iteration: 116
Iteration: 117
Iteration: 118
Iteration: 119
Iteration: 120
Iteration: 121
Iteration: 122
Iteration: 123
Iteration: 124
Iteration: 125
Iteration: 126
Iteration: 127
Iteration: 128
Iteration: 129
Iteration: 130
Iteration: 131
Iteration: 132
Iteration: 133
Iteration: 134
Iteration: 135
Iteration: 136
Iteration: 137
Iteration: 138
Iteration: 139
Iteration: 140
Iteration: 141
Iteration: 142
Iteration: 143
Iteration: 144
Iteration: 145
Iteration: 146
Iteration: 147
Iteration: 148
Iteration: 149
Iteration: 150
Iteration: 151
Iteration: 152
Iteration: 153
Iteration: 154
Iteration: 155
Iteration: 156
Iteration: 157
Iteration: 158
Iteration: 159
Iteration: 160
Iteration: 161
Iteration: 162
Iteration: 163
Iteration: 164
Iteration: 165
Iteration: 166
Iteration: 167
Iteration: 168
Iteration: 169
Iteration: 170
Iteration: 171
Iteration: 172
Iteration: 173
Iteration: 174
Iteration: 175
Iteration: 176
Iteration: 177
Iteration: 178
Iteration: 179
Iteration: 180
Iteration: 181
Iteration: 182
Iteration: 183
Iteration: 184
Iteration: 185
Iteration: 186
Iteration: 187
Iteration: 188
Iteration: 189
Iteration: 190
Iteration: 191
Iteration: 192
Iteration: 193
Iteration: 194
Iteration: 195
Iteration: 196
Iteration: 197
Iteration: 198
Iteration: 199
Iteration: 200
Z shape: torch.Size([886784, 768])
Context Encoder: VNE=2.3118 NormVNE=0.3480 EffRank=10.0926 NormEffRank=0.0131
Target Encoder: VNE=2.9379 NormVNE=0.4422 EffRank=18.8760 NormEffRank=0.0246
time taken for epoch 0:00:31.867509
Total pretraining time 0:00:31.867533
VisionTransformer(
  (patch_embed): PatchEmbed(
    (proj): Conv2d(3, 768, kernel_size=(15, 15), stride=(15, 15))
  )
  (blocks): ModuleList(
    (0-11): 12 x Block(
      (norm1): LayerNorm((768,), eps=1e-06, elementwise_affine=True)
      (attn): Attention(
        (qkv): Linear(in_features=768, out_features=2304, bias=True)
        (attn_drop): Dropout(p=0.0, inplace=False)
        (proj): Linear(in_features=768, out_features=768, bias=True)
        (proj_drop): Dropout(p=0.0, inplace=False)
      )
      (drop_path): Identity()
      (norm2): LayerNorm((768,), eps=1e-06, elementwise_affine=True)
      (mlp): MLP(
        (fc1): Linear(in_features=768, out_features=3072, bias=True)
        (act): GELU(approximate='none')
        (fc2): Linear(in_features=3072, out_features=768, bias=True)
        (drop): Dropout(p=0.0, inplace=False)
      )
    )
  )
  (norm): LayerNorm((768,), eps=1e-06, elementwise_affine=True)
)
making imagenet data transforms
data-path datasets/iic/train/
Initialized ImageNet
ImageNet dataset created
ImageNet unsupervised data loader created
Using AdamW
loaded pretrained encoder from epoch 999 with msg: <All keys matched successfully>
loaded pretrained encoder from epoch 999 with msg: <All keys matched successfully>
loaded pretrained encoder from epoch 999 with msg: <All keys matched successfully>
loaded optimizers from epoch 999
read-path: logs_PKT_chunks/iic-train-l2-seed0-KNN-ep1000/jepa-iic-ep1000.pth.tar
Starting
Iteration: 0
Iteration: 1
Iteration: 2
Iteration: 3
Iteration: 4
Iteration: 5
Iteration: 6
Iteration: 7
Iteration: 8
Iteration: 9
Iteration: 10
Iteration: 11
Iteration: 12
Iteration: 13
Iteration: 14
Iteration: 15
Iteration: 16
Iteration: 17
Iteration: 18
Iteration: 19
Iteration: 20
Iteration: 21
Iteration: 22
Iteration: 23
Iteration: 24
Iteration: 25
Iteration: 26
Iteration: 27
Iteration: 28
Iteration: 29
Iteration: 30
Iteration: 31
Iteration: 32
Iteration: 33
Iteration: 34
Iteration: 35
Iteration: 36
Iteration: 37
Iteration: 38
Iteration: 39
Iteration: 40
Iteration: 41
Iteration: 42
Iteration: 43
Iteration: 44
Iteration: 45
Iteration: 46
Iteration: 47
Iteration: 48
Iteration: 49
Iteration: 50
Iteration: 51
Iteration: 52
Iteration: 53
Iteration: 54
Iteration: 55
Iteration: 56
Iteration: 57
Iteration: 58
Iteration: 59
Iteration: 60
Iteration: 61
Iteration: 62
Iteration: 63
Iteration: 64
Iteration: 65
Iteration: 66
Iteration: 67
Iteration: 68
Iteration: 69
Iteration: 70
Iteration: 71
Iteration: 72
Iteration: 73
Iteration: 74
Iteration: 75
Iteration: 76
Iteration: 77
Iteration: 78
Iteration: 79
Iteration: 80
Iteration: 81
Iteration: 82
Iteration: 83
Iteration: 84
Iteration: 85
Iteration: 86
Iteration: 87
Iteration: 88
Iteration: 89
Iteration: 90
Iteration: 91
Iteration: 92
Iteration: 93
Iteration: 94
Iteration: 95
Iteration: 96
Iteration: 97
Iteration: 98
Iteration: 99
Iteration: 100
Iteration: 101
Iteration: 102
Iteration: 103
Iteration: 104
Iteration: 105
Iteration: 106
Iteration: 107
Iteration: 108
Iteration: 109
Iteration: 110
Iteration: 111
Iteration: 112
Iteration: 113
Iteration: 114
Iteration: 115
Iteration: 116
Iteration: 117
Iteration: 118
Iteration: 119
Iteration: 120
Iteration: 121
Iteration: 122
Iteration: 123
Iteration: 124
Iteration: 125
Iteration: 126
Iteration: 127
Iteration: 128
Iteration: 129
Iteration: 130
Iteration: 131
Iteration: 132
Iteration: 133
Iteration: 134
Iteration: 135
Iteration: 136
Iteration: 137
Iteration: 138
Iteration: 139
Iteration: 140
Iteration: 141
Iteration: 142
Iteration: 143
Iteration: 144
Iteration: 145
Iteration: 146
Iteration: 147
Iteration: 148
Iteration: 149
Iteration: 150
Iteration: 151
Iteration: 152
Iteration: 153
Iteration: 154
Iteration: 155
Iteration: 156
Iteration: 157
Iteration: 158
Iteration: 159
Iteration: 160
Iteration: 161
Iteration: 162
Iteration: 163
Iteration: 164
Iteration: 165
Iteration: 166
Iteration: 167
Iteration: 168
Iteration: 169
Iteration: 170
Iteration: 171
Iteration: 172
Iteration: 173
Iteration: 174
Iteration: 175
Iteration: 176
Iteration: 177
Iteration: 178
Iteration: 179
Iteration: 180
Iteration: 181
Iteration: 182
Iteration: 183
Iteration: 184
Iteration: 185
Iteration: 186
Iteration: 187
Iteration: 188
Iteration: 189
Iteration: 190
Iteration: 191
Iteration: 192
Iteration: 193
Iteration: 194
Iteration: 195
Iteration: 196
Iteration: 197
Iteration: 198
Iteration: 199
Iteration: 200
Iteration: 201
Iteration: 202
Iteration: 203
Iteration: 204
Iteration: 205
Iteration: 206
Iteration: 207
Iteration: 208
Iteration: 209
Iteration: 210
Iteration: 211
Iteration: 212
Iteration: 213
Iteration: 214
Iteration: 215
Iteration: 216
Iteration: 217
Iteration: 218
Z shape: torch.Size([968704, 768])
Context Encoder: VNE=2.3103 NormVNE=0.3477 EffRank=10.0770 NormEffRank=0.0131
Target Encoder: VNE=2.9457 NormVNE=0.4434 EffRank=19.0234 NormEffRank=0.0248
time taken for epoch 0:00:34.376605
Total pretraining time 0:00:34.376630
VisionTransformer(
  (patch_embed): PatchEmbed(
    (proj): Conv2d(3, 768, kernel_size=(15, 15), stride=(15, 15))
  )
  (blocks): ModuleList(
    (0-11): 12 x Block(
      (norm1): LayerNorm((768,), eps=1e-06, elementwise_affine=True)
      (attn): Attention(
        (qkv): Linear(in_features=768, out_features=2304, bias=True)
        (attn_drop): Dropout(p=0.0, inplace=False)
        (proj): Linear(in_features=768, out_features=768, bias=True)
        (proj_drop): Dropout(p=0.0, inplace=False)
      )
      (drop_path): Identity()
      (norm2): LayerNorm((768,), eps=1e-06, elementwise_affine=True)
      (mlp): MLP(
        (fc1): Linear(in_features=768, out_features=3072, bias=True)
        (act): GELU(approximate='none')
        (fc2): Linear(in_features=3072, out_features=768, bias=True)
        (drop): Dropout(p=0.0, inplace=False)
      )
    )
  )
  (norm): LayerNorm((768,), eps=1e-06, elementwise_affine=True)
)
making imagenet data transforms
data-path datasets/iic/train/
Initialized ImageNet
ImageNet dataset created
ImageNet unsupervised data loader created
Using AdamW
loaded pretrained encoder from epoch 999 with msg: <All keys matched successfully>
loaded pretrained encoder from epoch 999 with msg: <All keys matched successfully>
loaded pretrained encoder from epoch 999 with msg: <All keys matched successfully>
loaded optimizers from epoch 999
read-path: logs_PKT_chunks/iic-train-l2-seed0-KNN-ep1000/jepa-iic-ep1000.pth.tar
Starting
Iteration: 0
Iteration: 1
Iteration: 2
Iteration: 3
Iteration: 4
Iteration: 5
Iteration: 6
Iteration: 7
Iteration: 8
Iteration: 9
Iteration: 10
Iteration: 11
Iteration: 12
Iteration: 13
Iteration: 14
Iteration: 15
Iteration: 16
Iteration: 17
Iteration: 18
Iteration: 19
Iteration: 20
Iteration: 21
Iteration: 22
Iteration: 23
Iteration: 24
Iteration: 25
Iteration: 26
Iteration: 27
Iteration: 28
Iteration: 29
Iteration: 30
Iteration: 31
Iteration: 32
Iteration: 33
Iteration: 34
Iteration: 35
Iteration: 36
Iteration: 37
Iteration: 38
Iteration: 39
Iteration: 40
Iteration: 41
Iteration: 42
Iteration: 43
Iteration: 44
Iteration: 45
Iteration: 46
Iteration: 47
Iteration: 48
Iteration: 49
Iteration: 50
Iteration: 51
Iteration: 52
Iteration: 53
Iteration: 54
Iteration: 55
Iteration: 56
Iteration: 57
Iteration: 58
Iteration: 59
Iteration: 60
Iteration: 61
Iteration: 62
Iteration: 63
Iteration: 64
Iteration: 65
Iteration: 66
Iteration: 67
Iteration: 68
Iteration: 69
Iteration: 70
Iteration: 71
Iteration: 72
Iteration: 73
Iteration: 74
Iteration: 75
Iteration: 76
Iteration: 77
Iteration: 78
Iteration: 79
Iteration: 80
Iteration: 81
Iteration: 82
Iteration: 83
Iteration: 84
Iteration: 85
Iteration: 86
Iteration: 87
Iteration: 88
Iteration: 89
Iteration: 90
Iteration: 91
Iteration: 92
Iteration: 93
Iteration: 94
Iteration: 95
Iteration: 96
Iteration: 97
Iteration: 98
Iteration: 99
Iteration: 100
Iteration: 101
Iteration: 102
Iteration: 103
Iteration: 104
Iteration: 105
Iteration: 106
Iteration: 107
Iteration: 108
Iteration: 109
Iteration: 110
Iteration: 111
Iteration: 112
Iteration: 113
Iteration: 114
Iteration: 115
Iteration: 116
Iteration: 117
Iteration: 118
Iteration: 119
Iteration: 120
Iteration: 121
Iteration: 122
Iteration: 123
Iteration: 124
Iteration: 125
Iteration: 126
Iteration: 127
Iteration: 128
Iteration: 129
Iteration: 130
Iteration: 131
Iteration: 132
Iteration: 133
Iteration: 134
Iteration: 135
Iteration: 136
Iteration: 137
Iteration: 138
Iteration: 139
Iteration: 140
Iteration: 141
Iteration: 142
Iteration: 143
Iteration: 144
Iteration: 145
Iteration: 146
Iteration: 147
Iteration: 148
Iteration: 149
Iteration: 150
Iteration: 151
Iteration: 152
Iteration: 153
Iteration: 154
Iteration: 155
Iteration: 156
Iteration: 157
Iteration: 158
Iteration: 159
Iteration: 160
Iteration: 161
Iteration: 162
Iteration: 163
Iteration: 164
Iteration: 165
Iteration: 166
Iteration: 167
Iteration: 168
Iteration: 169
Iteration: 170
Iteration: 171
Iteration: 172
Iteration: 173
Iteration: 174
Iteration: 175
Iteration: 176
Iteration: 177
Iteration: 178
Iteration: 179
Iteration: 180
Iteration: 181
Iteration: 182
Iteration: 183
Iteration: 184
Iteration: 185
Iteration: 186
Iteration: 187
Iteration: 188
Iteration: 189
Iteration: 190
Iteration: 191
Iteration: 192
Iteration: 193
Iteration: 194
Iteration: 195
Iteration: 196
Iteration: 197
Iteration: 198
Iteration: 199
Iteration: 200
Iteration: 201
Iteration: 202
Iteration: 203
Iteration: 204
Iteration: 205
Iteration: 206
Iteration: 207
Iteration: 208
Iteration: 209
Iteration: 210
Iteration: 211
Iteration: 212
Iteration: 213
Iteration: 214
Iteration: 215
Iteration: 216
Iteration: 217
Iteration: 218
Z shape: torch.Size([306560, 768])
Context Encoder: VNE=2.6276 NormVNE=0.3955 EffRank=13.8402 NormEffRank=0.0180
Target Encoder: VNE=2.9457 NormVNE=0.4434 EffRank=19.0234 NormEffRank=0.0248
time taken for epoch 0:00:30.965727
Total pretraining time 0:00:30.965751
VisionTransformer(
  (patch_embed): PatchEmbed(
    (proj): Conv2d(3, 768, kernel_size=(15, 15), stride=(15, 15))
  )
  (blocks): ModuleList(
    (0-11): 12 x Block(
      (norm1): LayerNorm((768,), eps=1e-06, elementwise_affine=True)
      (attn): Attention(
        (qkv): Linear(in_features=768, out_features=2304, bias=True)
        (attn_drop): Dropout(p=0.0, inplace=False)
        (proj): Linear(in_features=768, out_features=768, bias=True)
        (proj_drop): Dropout(p=0.0, inplace=False)
      )
      (drop_path): Identity()
      (norm2): LayerNorm((768,), eps=1e-06, elementwise_affine=True)
      (mlp): MLP(
        (fc1): Linear(in_features=768, out_features=3072, bias=True)
        (act): GELU(approximate='none')
        (fc2): Linear(in_features=3072, out_features=768, bias=True)
        (drop): Dropout(p=0.0, inplace=False)
      )
    )
  )
  (norm): LayerNorm((768,), eps=1e-06, elementwise_affine=True)
)
making imagenet data transforms
data-path datasets/iic/train/
Initialized ImageNet
ImageNet dataset created
ImageNet unsupervised data loader created
Using AdamW
loaded pretrained encoder from epoch 999 with msg: <All keys matched successfully>
loaded pretrained encoder from epoch 999 with msg: <All keys matched successfully>
loaded pretrained encoder from epoch 999 with msg: <All keys matched successfully>
loaded optimizers from epoch 999
read-path: logs_PKT_chunks/iic-train-l2-seed0-KNN-ep1000/jepa-iic-ep1000.pth.tar
Starting
Iteration: 0
VisionTransformer(
  (patch_embed): PatchEmbed(
    (proj): Conv2d(3, 768, kernel_size=(15, 15), stride=(15, 15))
  )
  (blocks): ModuleList(
    (0-11): 12 x Block(
      (norm1): LayerNorm((768,), eps=1e-06, elementwise_affine=True)
      (attn): Attention(
        (qkv): Linear(in_features=768, out_features=2304, bias=True)
        (attn_drop): Dropout(p=0.0, inplace=False)
        (proj): Linear(in_features=768, out_features=768, bias=True)
        (proj_drop): Dropout(p=0.0, inplace=False)
      )
      (drop_path): Identity()
      (norm2): LayerNorm((768,), eps=1e-06, elementwise_affine=True)
      (mlp): MLP(
        (fc1): Linear(in_features=768, out_features=3072, bias=True)
        (act): GELU(approximate='none')
        (fc2): Linear(in_features=3072, out_features=768, bias=True)
        (drop): Dropout(p=0.0, inplace=False)
      )
    )
  )
  (norm): LayerNorm((768,), eps=1e-06, elementwise_affine=True)
)
making imagenet data transforms
data-path datasets/iic/train/
Initialized ImageNet
ImageNet dataset created
ImageNet unsupervised data loader created
Using AdamW
loaded pretrained encoder from epoch 999 with msg: <All keys matched successfully>
loaded pretrained encoder from epoch 999 with msg: <All keys matched successfully>
loaded pretrained encoder from epoch 999 with msg: <All keys matched successfully>
loaded optimizers from epoch 999
read-path: logs_PKT_chunks/iic-train-l2-seed0-KNN-ep1000/jepa-iic-ep1000.pth.tar
Starting
Iteration: 0
Iteration: 1
Iteration: 2
Iteration: 3
Iteration: 4
Iteration: 5
Iteration: 6
Iteration: 7
Iteration: 8
Iteration: 9
Iteration: 10
Iteration: 11
Iteration: 12
Iteration: 13
Iteration: 14
Iteration: 15
Iteration: 16
Iteration: 17
Iteration: 18
Iteration: 19
Iteration: 20
Iteration: 21
Iteration: 22
Iteration: 23
Iteration: 24
Iteration: 25
Iteration: 26
Iteration: 27
Iteration: 28
Iteration: 29
Iteration: 30
Iteration: 31
Iteration: 32
Iteration: 33
Iteration: 34
Iteration: 35
Iteration: 36
Iteration: 37
Iteration: 38
Iteration: 39
Iteration: 40
Iteration: 41
Iteration: 42
Iteration: 43
Iteration: 44
Iteration: 45
Iteration: 46
Iteration: 47
Iteration: 48
Iteration: 49
Iteration: 50
Iteration: 51
Iteration: 52
Iteration: 53
Iteration: 54
Iteration: 55
Iteration: 56
Iteration: 57
Iteration: 58
Iteration: 59
Iteration: 60
Iteration: 61
Iteration: 62
Iteration: 63
Iteration: 64
Iteration: 65
Iteration: 66
Iteration: 67
Iteration: 68
Iteration: 69
Iteration: 70
Iteration: 71
Iteration: 72
Iteration: 73
Iteration: 74
Iteration: 75
Iteration: 76
Iteration: 77
Iteration: 78
Iteration: 79
Iteration: 80
Iteration: 81
Iteration: 82
Iteration: 83
Iteration: 84
Iteration: 85
Iteration: 86
Iteration: 87
Iteration: 88
Iteration: 89
Iteration: 90
Iteration: 91
Iteration: 92
Iteration: 93
Iteration: 94
Iteration: 95
Iteration: 96
Iteration: 97
Iteration: 98
Iteration: 99
Iteration: 100
Iteration: 101
Iteration: 102
Iteration: 103
Iteration: 104
Iteration: 105
Iteration: 106
Iteration: 107
Iteration: 108
Iteration: 109
Iteration: 110
Iteration: 111
Iteration: 112
Iteration: 113
Iteration: 114
Iteration: 115
Iteration: 116
Iteration: 117
Iteration: 118
Iteration: 119
Iteration: 120
Iteration: 121
Iteration: 122
Iteration: 123
Iteration: 124
Iteration: 125
Iteration: 126
Iteration: 127
Iteration: 128
Iteration: 129
Iteration: 130
Iteration: 131
Iteration: 132
Iteration: 133
Iteration: 134
Iteration: 135
Iteration: 136
Iteration: 137
Iteration: 138
Iteration: 139
Iteration: 140
Iteration: 141
Iteration: 142
Iteration: 143
Iteration: 144
Iteration: 145
Iteration: 146
Iteration: 147
Iteration: 148
Iteration: 149
Iteration: 150
Iteration: 151
Iteration: 152
Iteration: 153
Iteration: 154
Iteration: 155
Iteration: 156
Iteration: 157
Iteration: 158
Iteration: 159
Iteration: 160
Iteration: 161
Iteration: 162
Iteration: 163
Iteration: 164
Iteration: 165
Iteration: 166
Iteration: 167
Iteration: 168
Iteration: 169
Iteration: 170
Iteration: 171
Iteration: 172
Iteration: 173
Iteration: 174
Iteration: 175
Iteration: 176
Iteration: 177
Iteration: 178
Iteration: 179
Iteration: 180
Iteration: 181
Iteration: 182
Iteration: 183
Iteration: 184
Iteration: 185
Iteration: 186
Iteration: 187
Iteration: 188
Iteration: 189
Iteration: 190
Iteration: 191
Iteration: 192
Iteration: 193
Iteration: 194
Iteration: 195
Iteration: 196
Iteration: 197
Iteration: 198
Iteration: 199
Iteration: 200
Iteration: 201
Iteration: 202
Iteration: 203
Iteration: 204
Iteration: 205
Iteration: 206
Iteration: 207
Iteration: 208
Iteration: 209
Iteration: 210
Iteration: 211
Iteration: 212
Iteration: 213
Iteration: 214
Iteration: 215
Iteration: 216
Iteration: 217
Iteration: 218
Per-patch MSE tail analysis:
num_patches: 968704
total_loss: 254710.53125
mean_loss: 0.2629394829273224
median_loss: 0.18820920586585999
max_loss: 3.025003433227539
top_1pct_loss_share: 0.05706760014462496
top_5pct_loss_share: 0.1954159022674882
top_10pct_loss_share: 0.31715543023900783
time taken for epoch 0:00:32.640483
Total pretraining time 0:00:32.640566
VisionTransformer(
  (patch_embed): PatchEmbed(
    (proj): Conv2d(3, 768, kernel_size=(15, 15), stride=(15, 15))
  )
  (blocks): ModuleList(
    (0-11): 12 x Block(
      (norm1): LayerNorm((768,), eps=1e-06, elementwise_affine=True)
      (attn): Attention(
        (qkv): Linear(in_features=768, out_features=2304, bias=True)
        (attn_drop): Dropout(p=0.0, inplace=False)
        (proj): Linear(in_features=768, out_features=768, bias=True)
        (proj_drop): Dropout(p=0.0, inplace=False)
      )
      (drop_path): Identity()
      (norm2): LayerNorm((768,), eps=1e-06, elementwise_affine=True)
      (mlp): MLP(
        (fc1): Linear(in_features=768, out_features=3072, bias=True)
        (act): GELU(approximate='none')
        (fc2): Linear(in_features=3072, out_features=768, bias=True)
        (drop): Dropout(p=0.0, inplace=False)
      )
    )
  )
  (norm): LayerNorm((768,), eps=1e-06, elementwise_affine=True)
)
making imagenet data transforms
data-path datasets/iic/train/
Initialized ImageNet
ImageNet dataset created
ImageNet unsupervised data loader created
Using AdamW
loaded pretrained encoder from epoch 999 with msg: <All keys matched successfully>
loaded pretrained encoder from epoch 999 with msg: <All keys matched successfully>
loaded pretrained encoder from epoch 999 with msg: <All keys matched successfully>
loaded optimizers from epoch 999
read-path: logs_PKT_chunks/iic-train-l2-seed0-KNN-ep1000/jepa-iic-ep1000.pth.tar
Starting
Iteration: 0
Iteration: 44
Iteration: 88
Iteration: 132
Iteration: 176
Per-patch MSE tail analysis:
num_patches: 968704
total_loss: 254710.53125
mean_loss: 0.2629394829273224
median_loss: 0.18820920586585999
max_loss: 3.025003433227539
top_1pct_loss_share: 0.05706760014462496
top_5pct_loss_share: 0.1954159022674882
top_10pct_loss_share: 0.31715543023900783
Per-patch representation-gradient-norm tail analysis:
grad_norm_num_patches: 968704
grad_norm_total_loss: 32708.671875
grad_norm_mean_loss: 0.03376539424061775
grad_norm_median_loss: 0.03130904585123062
grad_norm_max_loss: 0.12551982700824738
grad_norm_top_1pct_loss_share: 0.026079397665470024
grad_norm_top_5pct_loss_share: 0.10742068354388051
grad_norm_top_10pct_loss_share: 0.1928621011486346
time taken for epoch 0:01:14.204219
Total pretraining time 0:01:14.204244
VisionTransformer(
  (patch_embed): PatchEmbed(
    (proj): Conv2d(3, 768, kernel_size=(15, 15), stride=(15, 15))
  )
  (blocks): ModuleList(
    (0-11): 12 x Block(
      (norm1): LayerNorm((768,), eps=1e-06, elementwise_affine=True)
      (attn): Attention(
        (qkv): Linear(in_features=768, out_features=2304, bias=True)
        (attn_drop): Dropout(p=0.0, inplace=False)
        (proj): Linear(in_features=768, out_features=768, bias=True)
        (proj_drop): Dropout(p=0.0, inplace=False)
      )
      (drop_path): Identity()
      (norm2): LayerNorm((768,), eps=1e-06, elementwise_affine=True)
      (mlp): MLP(
        (fc1): Linear(in_features=768, out_features=3072, bias=True)
        (act): GELU(approximate='none')
        (fc2): Linear(in_features=3072, out_features=768, bias=True)
        (drop): Dropout(p=0.0, inplace=False)
      )
    )
  )
  (norm): LayerNorm((768,), eps=1e-06, elementwise_affine=True)
)
making imagenet data transforms
data-path datasets/iic/train/
Initialized ImageNet
ImageNet dataset created
ImageNet unsupervised data loader created
Using AdamW
loaded pretrained encoder from epoch 999 with msg: <All keys matched successfully>
loaded pretrained encoder from epoch 999 with msg: <All keys matched successfully>
loaded pretrained encoder from epoch 999 with msg: <All keys matched successfully>
loaded optimizers from epoch 999
read-path: logs_PKT_chunks/iic-train-l2-seed0-KNN-ep1000/jepa-iic-ep1000.pth.tar
Starting
Iteration: 0
Iteration: 5
Iteration: 10
Iteration: 15
Iteration: 20
Iteration: 25
Iteration: 30
Iteration: 35
Iteration: 40
Iteration: 45
Iteration: 50
Per-patch MSE tail analysis:
num_patches: 220160
total_loss: 60254.30859375
mean_loss: 0.27368417382240295
median_loss: 0.19836443662643433
max_loss: 3.025003433227539
top_1pct_loss_share: 0.05917493711387211
top_5pct_loss_share: 0.1977656810460196
top_10pct_loss_share: 0.31694465832740304


Per-patch representation-gradient-norm tail analysis:
grad_norm_num_patches: 220160
grad_norm_total_loss: 7608.9873046875
grad_norm_mean_loss: 0.034561172127723694
grad_norm_median_loss: 0.032142624258995056
grad_norm_max_loss: 0.12551982700824738
grad_norm_top_1pct_loss_share: 0.02645895684110189
grad_norm_top_5pct_loss_share: 0.107583309557738
grad_norm_top_10pct_loss_share: 0.19183926272937674
time taken for epoch 0:00:25.343336
Total pretraining time 0:00:25.343358
VisionTransformer(
  (patch_embed): PatchEmbed(
    (proj): Conv2d(3, 768, kernel_size=(15, 15), stride=(15, 15))
  )
  (blocks): ModuleList(
    (0-11): 12 x Block(
      (norm1): LayerNorm((768,), eps=1e-06, elementwise_affine=True)
      (attn): Attention(
        (qkv): Linear(in_features=768, out_features=2304, bias=True)
        (attn_drop): Dropout(p=0.0, inplace=False)
        (proj): Linear(in_features=768, out_features=768, bias=True)
        (proj_drop): Dropout(p=0.0, inplace=False)
      )
      (drop_path): Identity()
      (norm2): LayerNorm((768,), eps=1e-06, elementwise_affine=True)
      (mlp): MLP(
        (fc1): Linear(in_features=768, out_features=3072, bias=True)
        (act): GELU(approximate='none')
        (fc2): Linear(in_features=3072, out_features=768, bias=True)
        (drop): Dropout(p=0.0, inplace=False)
      )
    )
  )
  (norm): LayerNorm((768,), eps=1e-06, elementwise_affine=True)
)
making imagenet data transforms
data-path datasets/iic/train/
Initialized ImageNet
ImageNet dataset created
ImageNet unsupervised data loader created
Using AdamW
loaded pretrained encoder from epoch 999 with msg: <All keys matched successfully>
loaded pretrained encoder from epoch 999 with msg: <All keys matched successfully>
loaded pretrained encoder from epoch 999 with msg: <All keys matched successfully>
loaded optimizers from epoch 999
read-path: logs_PKT_chunks/iic-train-l2-seed0-KNN-ep1000/jepa-iic-ep1000.pth.tar
Starting
Iteration: 0
Iteration: 5
Iteration: 10
Iteration: 15
Iteration: 20
Iteration: 25
Iteration: 30
Iteration: 35
Iteration: 40
Iteration: 45
Iteration: 50
Per-patch MSE tail analysis:
num_patches: 169082880
total_loss: 46275304.0
mean_loss: 0.27368414402008057
median_loss: 0.0005219573504291475
max_loss: 1630.4505615234375
top_1pct_loss_share: 0.5956609166738267
top_5pct_loss_share: 0.8726716954684944
top_10pct_loss_share: 0.9634694134046099


Per-patch representation-gradient-norm tail analysis:
grad_norm_num_patches: 220160
grad_norm_total_loss: 7608.9873046875
grad_norm_mean_loss: 0.034561172127723694
grad_norm_median_loss: 0.032142624258995056
grad_norm_max_loss: 0.12551982700824738
grad_norm_top_1pct_loss_share: 0.02645895684110189
grad_norm_top_5pct_loss_share: 0.107583309557738
grad_norm_top_10pct_loss_share: 0.19183926272937674
time taken for epoch 0:00:29.107586
Total pretraining time 0:00:29.107607
