nohup: ignoring input
INFO:root:called-params configs/iic-train.yaml
INFO:root:loaded params...
{   'data': {   'batch_size': 60,
                'color_jitter_strength': 0.0,
                'crop_scale': [0.3, 1.0],
                'crop_size': 150,
                'image_folder': 'iic/',
                'num_workers': 10,
                'pin_mem': True,
                'root_path': 'datasets',
                'use_color_distortion': False,
                'use_gaussian_blur': False,
                'use_horizontal_flip': False},
    'logging': {   'checkpoint_freq': 100,
                   'folder': 'logs_PKT_chunks_different_seeds/iic-train-l2-seed4-pred12',
                   'knn_every': 100,
                   'logging_frequency': 2,
                   'output_file': 'oiic-pretrain-seed4.out',
                   'train_suffix': 'train/',
                   'val_suffix': 'val/',
                   'write_tag': 'jepa-iic'},
    'mask': {   'allow_overlap': False,
                'aspect_ratio': [0.75, 1.5],
                'enc_mask_scale': [0.85, 1.0],
                'min_keep': 1,
                'num_enc_masks': 1,
                'num_pred_masks': 4,
                'patch_size': 15,
                'pred_mask_scale': [0.15, 0.2]},
    'message': 'L2 on IIC for KNN seed 4 - REVISION, many seeds '
               'experimentation',
    'meta': {   'copy_data': False,
                'load_checkpoint': False,
                'model_name': 'vit_base',
                'pred_depth': 12,
                'pred_emb_dim': 384,
                'read_checkpoint': None,
                'use_bfloat16': False},
    'optimization': {   'ema': [0.996, 1.0],
                        'epochs': 500,
                        'final_lr': 1e-06,
                        'final_weight_decay': 0.4,
                        'ipe_scale': 1.0,
                        'loss_function': 'L2',
                        'lr': 0.001,
                        'start_lr': 0.0002,
                        'variance_weight': 0.0,
                        'warmup': 40,
                        'weight_decay': 0.04},
    'pkt': {   'T_max': 200,
               'chunks_step': 256,
               'final_alpha': 0.0,
               'pkt_scale': 1.0,
               'ref_alpha': 1.0,
               'start_alpha': 1.0,
               'use_pkt_scheduler': False,
               'warmup_steps_alpha': 100}}
INFO:root:Running... (rank: 0/1)
CRITICAL:root:PRETRAINING
INFO:root:Initialized (rank/world-size) 0/1
INFO:root:train.py: _GLOBAL_SEED=4
INFO:root:VisionTransformer(
  (patch_embed): PatchEmbed(
    (proj): Conv2d(3, 768, kernel_size=(15, 15), stride=(15, 15))
  )
  (blocks): ModuleList(
    (0-11): 12 x Block(
      (norm1): LayerNorm((768,), eps=1e-06, elementwise_affine=True)
      (attn): Attention(
        (qkv): Linear(in_features=768, out_features=2304, bias=True)
        (attn_drop): Dropout(p=0.0, inplace=False)
        (proj): Linear(in_features=768, out_features=768, bias=True)
        (proj_drop): Dropout(p=0.0, inplace=False)
      )
      (drop_path): Identity()
      (norm2): LayerNorm((768,), eps=1e-06, elementwise_affine=True)
      (mlp): MLP(
        (fc1): Linear(in_features=768, out_features=3072, bias=True)
        (act): GELU(approximate='none')
        (fc2): Linear(in_features=3072, out_features=768, bias=True)
        (drop): Dropout(p=0.0, inplace=False)
      )
    )
  )
  (norm): LayerNorm((768,), eps=1e-06, elementwise_affine=True)
)
INFO:root:making imagenet data transforms
INFO:root:data-path datasets/iic/train/
INFO:root:Initialized ImageNet
INFO:root:ImageNet dataset created
INFO:root:ImageNet unsupervised data loader created
INFO:root:data-path datasets/iic/train/
INFO:root:Initialized ImageNet
INFO:root:min. labeled indices 2191
INFO:root:ImageNet supervised dataset created
INFO:root:ImageNet supervised data loader created
INFO:root:data-path datasets/iic/val/
INFO:root:Initialized ImageNet
INFO:root:min. labeled indices 437
INFO:root:ImageNet supervised dataset created
INFO:root:ImageNet supervised data loader created
INFO:root:Using AdamW
INFO:root:Epoch 1
INFO:root:[1,     0] loss: 4.868870e-01 masks: 23.0 16.0 [wd: 4.00e-02] [lr: 2.00e-04] [mem: 5.34e+03] (428.3 ms)
INFO:root:[1,     0] grad_stats: [2.82e-02 1.42e-02] (1.41e-02, 3.82e-02)
INFO:root:[1,   116] loss: 1.775487e-01 masks: 21.7 17.3 [wd: 4.00e-02] [lr: 2.10e-04] [mem: 7.51e+03] (215.5 ms)
INFO:root:[1,   116] grad_stats: [5.59e-02 1.74e-03] (1.74e-03, 5.72e-02)
INFO:root:[1,   232] loss: 1.835946e-01 masks: 21.5 17.3 [wd: 4.00e-02] [lr: 2.20e-04] [mem: 7.51e+03] (214.5 ms)
INFO:root:[1,   232] grad_stats: [5.39e-02 1.34e-03] (1.07e-03, 8.64e-02)
INFO:root:avg. loss 1.83594581e-01
INFO:root:time taken for epoch 0:01:02.895106
INFO:root:Epoch 2
INFO:root:[2,     0] loss: 1.887442e-01 masks: 21.0 16.0 [wd: 4.00e-02] [lr: 2.20e-04] [mem: 7.51e+03] (207.9 ms)
INFO:root:[2,     0] grad_stats: [3.47e-02 9.53e-04] (5.98e-04, 4.82e-02)
INFO:root:[2,   116] loss: 1.835576e-01 masks: 21.8 17.5 [wd: 4.00e-02] [lr: 2.30e-04] [mem: 7.51e+03] (215.8 ms)
INFO:root:[2,   116] grad_stats: [4.34e-02 8.08e-04] (5.69e-04, 5.84e-02)
INFO:root:[2,   232] loss: 1.768933e-01 masks: 22.2 17.3 [wd: 4.00e-02] [lr: 2.40e-04] [mem: 7.51e+03] (217.4 ms)
INFO:root:[2,   232] grad_stats: [4.10e-02 1.32e-03] (5.88e-04, 4.80e-02)
INFO:root:avg. loss 1.76893273e-01
INFO:root:time taken for epoch 0:01:04.227872
INFO:root:Epoch 3
INFO:root:[3,     0] loss: 1.900076e-01 masks: 18.0 20.0 [wd: 4.00e-02] [lr: 2.40e-04] [mem: 7.51e+03] (204.3 ms)
INFO:root:[3,     0] grad_stats: [6.56e-02 1.83e-03] (1.25e-03, 8.94e-02)
INFO:root:[3,   116] loss: 1.443258e-01 masks: 22.3 17.1 [wd: 4.00e-02] [lr: 2.50e-04] [mem: 7.51e+03] (217.4 ms)
INFO:root:[3,   116] grad_stats: [5.46e-02 1.56e-03] (8.65e-04, 7.43e-02)
INFO:root:[3,   232] loss: 1.290050e-01 masks: 22.1 17.1 [wd: 4.00e-02] [lr: 2.60e-04] [mem: 7.51e+03] (217.4 ms)
INFO:root:[3,   232] grad_stats: [5.78e-02 2.20e-03] (9.07e-04, 8.26e-02)
INFO:root:avg. loss 1.29005045e-01
INFO:root:time taken for epoch 0:01:04.163634
INFO:root:Epoch 4
INFO:root:[4,     0] loss: 1.291990e-01 masks: 18.0 20.0 [wd: 4.00e-02] [lr: 2.60e-04] [mem: 7.51e+03] (205.9 ms)
INFO:root:[4,     0] grad_stats: [8.36e-02 2.45e-03] (9.35e-04, 1.25e-01)
INFO:root:[4,   116] loss: 8.535517e-02 masks: 22.4 17.3 [wd: 4.00e-02] [lr: 2.70e-04] [mem: 7.51e+03] (218.3 ms)
INFO:root:[4,   116] grad_stats: [3.14e-02 1.12e-03] (6.04e-04, 5.62e-02)
INFO:root:[4,   232] loss: 7.549120e-02 masks: 22.0 17.4 [wd: 4.01e-02] [lr: 2.80e-04] [mem: 7.62e+03] (217.7 ms)
INFO:root:[4,   232] grad_stats: [1.79e-02 6.61e-04] (3.93e-04, 2.65e-02)
INFO:root:avg. loss 7.54912040e-02
INFO:root:time taken for epoch 0:01:04.321047
INFO:root:Epoch 5
INFO:root:[5,     0] loss: 4.258434e-02 masks: 36.0 12.0 [wd: 4.01e-02] [lr: 2.80e-04] [mem: 7.62e+03] (258.8 ms)
INFO:root:[5,     0] grad_stats: [1.74e-02 5.36e-04] (3.23e-04, 2.49e-02)
INFO:root:[5,   116] loss: 5.171033e-02 masks: 22.7 17.1 [wd: 4.01e-02] [lr: 2.90e-04] [mem: 7.62e+03] (219.3 ms)
INFO:root:[5,   116] grad_stats: [2.69e-02 1.27e-03] (5.28e-04, 4.29e-02)
INFO:root:[5,   232] loss: 4.881367e-02 masks: 22.7 17.0 [wd: 4.01e-02] [lr: 3.00e-04] [mem: 7.62e+03] (219.4 ms)
INFO:root:[5,   232] grad_stats: [1.51e-02 6.41e-04] (3.19e-04, 2.63e-02)
INFO:root:avg. loss 4.88136669e-02
INFO:root:time taken for epoch 0:01:04.734053
INFO:root:Epoch 6
INFO:root:[6,     0] loss: 3.610880e-02 masks: 24.0 16.0 [wd: 4.01e-02] [lr: 3.00e-04] [mem: 7.62e+03] (220.2 ms)
INFO:root:[6,     0] grad_stats: [1.04e-02 4.02e-04] (2.14e-04, 1.51e-02)
INFO:root:[6,   116] loss: 4.227562e-02 masks: 22.2 17.1 [wd: 4.01e-02] [lr: 3.10e-04] [mem: 7.62e+03] (217.6 ms)
INFO:root:[6,   116] grad_stats: [1.19e-02 5.29e-04] (2.59e-04, 1.71e-02)
INFO:root:[6,   232] loss: 4.157121e-02 masks: 21.8 17.4 [wd: 4.01e-02] [lr: 3.20e-04] [mem: 7.62e+03] (216.9 ms)
INFO:root:[6,   232] grad_stats: [1.19e-02 8.89e-04] (2.76e-04, 1.79e-02)
INFO:root:avg. loss 4.15712051e-02
INFO:root:time taken for epoch 0:01:03.951580
INFO:root:Epoch 7
INFO:root:[7,     0] loss: 4.077492e-02 masks: 22.0 20.0 [wd: 4.01e-02] [lr: 3.20e-04] [mem: 7.62e+03] (221.2 ms)
INFO:root:[7,     0] grad_stats: [8.13e-03 5.18e-04] (2.46e-04, 1.04e-02)
INFO:root:[7,   116] loss: 3.815194e-02 masks: 21.9 17.5 [wd: 4.02e-02] [lr: 3.30e-04] [mem: 7.73e+03] (217.2 ms)
INFO:root:[7,   116] grad_stats: [1.20e-02 4.02e-04] (2.23e-04, 1.81e-02)
INFO:root:[7,   232] loss: 3.792166e-02 masks: 21.8 17.5 [wd: 4.02e-02] [lr: 3.40e-04] [mem: 7.73e+03] (217.4 ms)
INFO:root:[7,   232] grad_stats: [1.69e-02 7.86e-04] (3.30e-04, 2.42e-02)
INFO:root:avg. loss 3.79216568e-02
INFO:root:time taken for epoch 0:01:04.264947
INFO:root:Epoch 8
INFO:root:[8,     0] loss: 3.483509e-02 masks: 23.0 16.0 [wd: 4.02e-02] [lr: 3.40e-04] [mem: 7.73e+03] (214.6 ms)
INFO:root:[8,     0] grad_stats: [1.44e-02 7.01e-04] (2.51e-04, 2.96e-02)
INFO:root:[8,   116] loss: 3.527656e-02 masks: 22.1 17.1 [wd: 4.02e-02] [lr: 3.50e-04] [mem: 7.73e+03] (217.1 ms)
INFO:root:[8,   116] grad_stats: [2.13e-02 1.07e-03] (2.71e-04, 2.89e-02)
INFO:root:[8,   232] loss: 3.473131e-02 masks: 22.1 17.1 [wd: 4.02e-02] [lr: 3.60e-04] [mem: 7.73e+03] (217.6 ms)
INFO:root:[8,   232] grad_stats: [7.96e-03 4.18e-04] (1.60e-04, 1.82e-02)
INFO:root:avg. loss 3.47313088e-02
INFO:root:time taken for epoch 0:01:04.301395
INFO:root:Epoch 9
INFO:root:[9,     0] loss: 2.928911e-02 masks: 20.0 16.0 [wd: 4.02e-02] [lr: 3.60e-04] [mem: 7.73e+03] (205.2 ms)
INFO:root:[9,     0] grad_stats: [1.08e-02 3.80e-04] (1.59e-04, 1.77e-02)
INFO:root:[9,   116] loss: 3.321174e-02 masks: 22.2 17.1 [wd: 4.03e-02] [lr: 3.70e-04] [mem: 7.73e+03] (217.4 ms)
INFO:root:[9,   116] grad_stats: [8.21e-03 5.06e-04] (2.09e-04, 1.34e-02)
INFO:root:[9,   232] loss: 3.264190e-02 masks: 22.2 17.0 [wd: 4.03e-02] [lr: 3.80e-04] [mem: 7.73e+03] (218.0 ms)
INFO:root:[9,   232] grad_stats: [9.28e-03 5.99e-04] (1.57e-04, 1.85e-02)
INFO:root:avg. loss 3.26418984e-02
INFO:root:time taken for epoch 0:01:04.284866
INFO:root:Epoch 10
INFO:root:[10,     0] loss: 4.830292e-02 masks: 8.0 20.0 [wd: 4.03e-02] [lr: 3.80e-04] [mem: 7.73e+03] (168.3 ms)
INFO:root:[10,     0] grad_stats: [7.70e-03 5.97e-04] (1.75e-04, 1.43e-02)
INFO:root:[10,   116] loss: 3.299588e-02 masks: 21.7 17.5 [wd: 4.03e-02] [lr: 3.90e-04] [mem: 7.73e+03] (216.4 ms)
INFO:root:[10,   116] grad_stats: [9.94e-03 5.26e-04] (1.64e-04, 1.86e-02)
INFO:root:[10,   232] loss: 3.289753e-02 masks: 21.9 17.3 [wd: 4.04e-02] [lr: 4.00e-04] [mem: 7.73e+03] (217.4 ms)
INFO:root:[10,   232] grad_stats: [1.10e-02 5.16e-04] (1.84e-04, 2.01e-02)
INFO:root:avg. loss 3.28975336e-02
INFO:root:time taken for epoch 0:01:04.327885
INFO:root:Epoch 11
INFO:root:[11,     0] loss: 2.938574e-02 masks: 19.0 20.0 [wd: 4.04e-02] [lr: 4.00e-04] [mem: 7.73e+03] (210.7 ms)
INFO:root:[11,     0] grad_stats: [6.93e-03 3.51e-04] (1.18e-04, 1.15e-02)
INFO:root:[11,   116] loss: 3.325471e-02 masks: 21.6 17.4 [wd: 4.04e-02] [lr: 4.10e-04] [mem: 7.73e+03] (215.9 ms)
INFO:root:[11,   116] grad_stats: [8.71e-03 5.38e-04] (2.35e-04, 1.36e-02)
INFO:root:[11,   232] loss: 3.369369e-02 masks: 21.7 17.4 [wd: 4.04e-02] [lr: 4.20e-04] [mem: 7.73e+03] (216.8 ms)
INFO:root:[11,   232] grad_stats: [8.86e-03 5.92e-04] (1.57e-04, 1.34e-02)
INFO:root:avg. loss 3.36936902e-02
INFO:root:time taken for epoch 0:01:04.131552
INFO:root:Epoch 12
INFO:root:[12,     0] loss: 3.206049e-02 masks: 23.0 16.0 [wd: 4.04e-02] [lr: 4.20e-04] [mem: 7.73e+03] (214.6 ms)
INFO:root:[12,     0] grad_stats: [1.41e-02 4.81e-04] (1.61e-04, 1.68e-02)
INFO:root:[12,   116] loss: 3.420521e-02 masks: 21.5 17.4 [wd: 4.05e-02] [lr: 4.30e-04] [mem: 7.73e+03] (215.5 ms)
INFO:root:[12,   116] grad_stats: [1.06e-02 4.15e-04] (1.49e-04, 1.70e-02)
INFO:root:[12,   232] loss: 3.416174e-02 masks: 21.6 17.4 [wd: 4.05e-02] [lr: 4.40e-04] [mem: 7.73e+03] (216.4 ms)
INFO:root:[12,   232] grad_stats: [6.67e-03 3.91e-04] (1.13e-04, 9.07e-03)
INFO:root:avg. loss 3.41617380e-02
INFO:root:time taken for epoch 0:01:03.966611
INFO:root:Epoch 13
INFO:root:[13,     0] loss: 3.728197e-02 masks: 19.0 20.0 [wd: 4.05e-02] [lr: 4.40e-04] [mem: 7.73e+03] (210.4 ms)
INFO:root:[13,     0] grad_stats: [8.45e-03 5.82e-04] (1.70e-04, 1.50e-02)
INFO:root:[13,   116] loss: 3.335372e-02 masks: 21.5 17.3 [wd: 4.06e-02] [lr: 4.50e-04] [mem: 7.73e+03] (215.4 ms)
INFO:root:[13,   116] grad_stats: [9.25e-03 5.21e-04] (1.60e-04, 1.71e-02)
INFO:root:[13,   232] loss: 3.362838e-02 masks: 21.5 17.4 [wd: 4.06e-02] [lr: 4.60e-04] [mem: 7.73e+03] (216.1 ms)
INFO:root:[13,   232] grad_stats: [1.09e-02 5.01e-04] (1.44e-04, 1.11e-02)
INFO:root:avg. loss 3.36283751e-02
INFO:root:time taken for epoch 0:01:03.890070
INFO:root:Epoch 14
INFO:root:[14,     0] loss: 3.123833e-02 masks: 23.0 16.0 [wd: 4.06e-02] [lr: 4.60e-04] [mem: 7.73e+03] (215.0 ms)
INFO:root:[14,     0] grad_stats: [7.39e-03 4.43e-04] (1.53e-04, 9.69e-03)
INFO:root:[14,   116] loss: 3.439318e-02 masks: 21.8 17.3 [wd: 4.06e-02] [lr: 4.70e-04] [mem: 7.73e+03] (216.4 ms)
INFO:root:[14,   116] grad_stats: [1.30e-02 4.70e-04] (1.37e-04, 1.34e-02)
INFO:root:[14,   232] loss: 3.425678e-02 masks: 21.9 17.2 [wd: 4.07e-02] [lr: 4.80e-04] [mem: 7.73e+03] (217.4 ms)
INFO:root:[14,   232] grad_stats: [1.02e-02 2.80e-04] (7.81e-05, 1.58e-02)
INFO:root:avg. loss 3.42567811e-02
INFO:root:time taken for epoch 0:01:04.242288
INFO:root:Epoch 15
INFO:root:[15,     0] loss: 3.648387e-02 masks: 19.0 20.0 [wd: 4.07e-02] [lr: 4.80e-04] [mem: 7.73e+03] (211.2 ms)
INFO:root:[15,     0] grad_stats: [7.05e-03 3.72e-04] (1.08e-04, 1.19e-02)
INFO:root:[15,   116] loss: 3.360955e-02 masks: 22.6 17.0 [wd: 4.07e-02] [lr: 4.90e-04] [mem: 7.73e+03] (218.6 ms)
INFO:root:[15,   116] grad_stats: [8.81e-03 4.60e-04] (1.19e-04, 1.08e-02)
INFO:root:[15,   232] loss: 3.389079e-02 masks: 22.1 17.3 [wd: 4.08e-02] [lr: 5.00e-04] [mem: 7.73e+03] (218.3 ms)
INFO:root:[15,   232] grad_stats: [8.94e-03 3.90e-04] (1.21e-04, 1.32e-02)
INFO:root:avg. loss 3.38907886e-02
INFO:root:time taken for epoch 0:01:04.364149
INFO:root:Epoch 16
INFO:root:[16,     0] loss: 3.423914e-02 masks: 20.0 16.0 [wd: 4.08e-02] [lr: 5.00e-04] [mem: 7.73e+03] (205.1 ms)
INFO:root:[16,     0] grad_stats: [1.18e-02 5.85e-04] (1.17e-04, 1.64e-02)
INFO:root:[16,   116] loss: 3.352238e-02 masks: 22.2 17.1 [wd: 4.09e-02] [lr: 5.10e-04] [mem: 7.73e+03] (217.8 ms)
INFO:root:[16,   116] grad_stats: [9.26e-03 3.78e-04] (1.08e-04, 1.40e-02)
INFO:root:[16,   232] loss: 3.423381e-02 masks: 21.9 17.3 [wd: 4.09e-02] [lr: 5.20e-04] [mem: 7.73e+03] (217.7 ms)
INFO:root:[16,   232] grad_stats: [1.12e-02 5.61e-04] (1.09e-04, 2.18e-02)
INFO:root:avg. loss 3.42338118e-02
INFO:root:time taken for epoch 0:01:04.338835
INFO:root:Epoch 17
INFO:root:[17,     0] loss: 2.831765e-02 masks: 26.0 16.0 [wd: 4.09e-02] [lr: 5.20e-04] [mem: 7.73e+03] (229.6 ms)
INFO:root:[17,     0] grad_stats: [6.30e-03 4.10e-04] (9.53e-05, 1.06e-02)
INFO:root:[17,   116] loss: 3.469292e-02 masks: 21.9 17.4 [wd: 4.10e-02] [lr: 5.30e-04] [mem: 7.73e+03] (217.2 ms)
INFO:root:[17,   116] grad_stats: [8.51e-03 8.30e-04] (1.07e-04, 1.11e-02)
INFO:root:[17,   232] loss: 3.411548e-02 masks: 22.2 17.3 [wd: 4.10e-02] [lr: 5.40e-04] [mem: 7.73e+03] (218.7 ms)
INFO:root:[17,   232] grad_stats: [9.12e-03 5.60e-04] (9.51e-05, 1.08e-02)
INFO:root:avg. loss 3.41154803e-02
INFO:root:time taken for epoch 0:01:04.529354
INFO:root:Epoch 18
INFO:root:[18,     0] loss: 3.251434e-02 masks: 26.0 16.0 [wd: 4.10e-02] [lr: 5.40e-04] [mem: 7.73e+03] (230.3 ms)
INFO:root:[18,     0] grad_stats: [7.08e-03 7.36e-04] (8.51e-05, 7.45e-03)
INFO:root:[18,   116] loss: 3.418243e-02 masks: 22.5 17.0 [wd: 4.11e-02] [lr: 5.50e-04] [mem: 7.73e+03] (218.6 ms)
INFO:root:[18,   116] grad_stats: [6.86e-03 3.40e-04] (7.27e-05, 9.10e-03)
INFO:root:[18,   232] loss: 3.404639e-02 masks: 22.4 17.0 [wd: 4.11e-02] [lr: 5.60e-04] [mem: 7.73e+03] (218.8 ms)
INFO:root:[18,   232] grad_stats: [6.89e-03 3.97e-04] (7.41e-05, 1.03e-02)
INFO:root:avg. loss 3.40463908e-02
INFO:root:time taken for epoch 0:01:04.457260
INFO:root:Epoch 19
INFO:root:[19,     0] loss: 4.037010e-02 masks: 13.0 20.0 [wd: 4.12e-02] [lr: 5.60e-04] [mem: 7.73e+03] (187.7 ms)
INFO:root:[19,     0] grad_stats: [8.83e-03 6.25e-04] (9.22e-05, 9.37e-03)
INFO:root:[19,   116] loss: 3.519466e-02 masks: 20.9 17.6 [wd: 4.12e-02] [lr: 5.70e-04] [mem: 7.73e+03] (213.8 ms)
INFO:root:[19,   116] grad_stats: [8.76e-03 7.06e-04] (9.43e-05, 1.30e-02)
INFO:root:[19,   232] loss: 3.464614e-02 masks: 21.2 17.4 [wd: 4.13e-02] [lr: 5.80e-04] [mem: 7.73e+03] (215.0 ms)
INFO:root:[19,   232] grad_stats: [6.76e-03 5.47e-04] (9.25e-05, 9.52e-03)
INFO:root:avg. loss 3.46461400e-02
INFO:root:time taken for epoch 0:01:03.623302
INFO:root:Epoch 20
INFO:root:[20,     0] loss: 3.321911e-02 masks: 21.0 20.0 [wd: 4.13e-02] [lr: 5.80e-04] [mem: 7.73e+03] (217.9 ms)
INFO:root:[20,     0] grad_stats: [7.83e-03 5.63e-04] (8.73e-05, 8.64e-03)
INFO:root:[20,   116] loss: 3.212646e-02 masks: 22.8 17.1 [wd: 4.13e-02] [lr: 5.90e-04] [mem: 7.73e+03] (220.3 ms)
INFO:root:[20,   116] grad_stats: [1.20e-02 7.32e-04] (1.07e-04, 2.04e-02)
INFO:root:[20,   232] loss: 3.246677e-02 masks: 22.6 17.2 [wd: 4.14e-02] [lr: 6.00e-04] [mem: 7.73e+03] (220.4 ms)
INFO:root:[20,   232] grad_stats: [5.88e-03 3.99e-04] (8.52e-05, 8.16e-03)
INFO:root:avg. loss 3.24667714e-02
INFO:root:time taken for epoch 0:01:04.880607
INFO:root:Epoch 21
INFO:root:[21,     0] loss: 3.385345e-02 masks: 20.0 16.0 [wd: 4.14e-02] [lr: 6.00e-04] [mem: 7.73e+03] (205.0 ms)
INFO:root:[21,     0] grad_stats: [6.66e-03 7.68e-04] (7.06e-05, 1.11e-02)
INFO:root:[21,   116] loss: 3.286990e-02 masks: 21.9 17.1 [wd: 4.15e-02] [lr: 6.10e-04] [mem: 7.73e+03] (216.4 ms)
INFO:root:[21,   116] grad_stats: [5.57e-03 5.56e-04] (9.11e-05, 8.89e-03)
INFO:root:[21,   232] loss: 3.270867e-02 masks: 22.1 17.2 [wd: 4.16e-02] [lr: 6.20e-04] [mem: 7.73e+03] (218.1 ms)
INFO:root:[21,   232] grad_stats: [7.76e-03 4.90e-04] (7.89e-05, 1.11e-02)
INFO:root:avg. loss 3.27086681e-02
INFO:root:time taken for epoch 0:01:04.378555
INFO:root:Epoch 22
INFO:root:[22,     0] loss: 4.049001e-02 masks: 17.0 16.0 [wd: 4.16e-02] [lr: 6.20e-04] [mem: 7.73e+03] (193.4 ms)
INFO:root:[22,     0] grad_stats: [7.07e-03 3.96e-04] (7.06e-05, 7.76e-03)
INFO:root:[22,   116] loss: 3.288878e-02 masks: 21.9 17.2 [wd: 4.16e-02] [lr: 6.30e-04] [mem: 7.73e+03] (217.0 ms)
INFO:root:[22,   116] grad_stats: [8.50e-03 6.54e-04] (7.57e-05, 1.63e-02)
INFO:root:[22,   232] loss: 3.250384e-02 masks: 22.0 17.3 [wd: 4.17e-02] [lr: 6.40e-04] [mem: 7.73e+03] (218.1 ms)
INFO:root:[22,   232] grad_stats: [7.25e-03 4.75e-04] (7.23e-05, 9.53e-03)
INFO:root:avg. loss 3.25038365e-02
INFO:root:time taken for epoch 0:01:04.381586
INFO:root:Epoch 23
INFO:root:[23,     0] loss: 2.897869e-02 masks: 26.0 16.0 [wd: 4.17e-02] [lr: 6.40e-04] [mem: 7.73e+03] (230.1 ms)
INFO:root:[23,     0] grad_stats: [8.41e-03 4.39e-04] (7.78e-05, 1.03e-02)
INFO:root:[23,   116] loss: 3.172352e-02 masks: 22.4 17.1 [wd: 4.18e-02] [lr: 6.50e-04] [mem: 7.73e+03] (218.6 ms)
INFO:root:[23,   116] grad_stats: [7.48e-03 4.02e-04] (7.31e-05, 9.37e-03)
INFO:root:[23,   232] loss: 3.179149e-02 masks: 22.2 17.3 [wd: 4.19e-02] [lr: 6.60e-04] [mem: 7.73e+03] (219.0 ms)
INFO:root:[23,   232] grad_stats: [8.09e-03 6.12e-04] (7.89e-05, 9.37e-03)
INFO:root:avg. loss 3.17914856e-02
INFO:root:time taken for epoch 0:01:04.590783
INFO:root:Epoch 24
INFO:root:[24,     0] loss: 2.886613e-02 masks: 25.0 16.0 [wd: 4.19e-02] [lr: 6.60e-04] [mem: 7.73e+03] (223.9 ms)
INFO:root:[24,     0] grad_stats: [4.82e-03 3.75e-04] (6.46e-05, 6.36e-03)
INFO:root:[24,   116] loss: 3.116034e-02 masks: 22.2 17.0 [wd: 4.20e-02] [lr: 6.70e-04] [mem: 7.73e+03] (217.6 ms)
INFO:root:[24,   116] grad_stats: [9.95e-03 4.11e-04] (8.01e-05, 1.61e-02)
INFO:root:[24,   232] loss: 3.155829e-02 masks: 22.0 17.2 [wd: 4.20e-02] [lr: 6.80e-04] [mem: 7.73e+03] (217.7 ms)
INFO:root:[24,   232] grad_stats: [9.74e-03 6.81e-04] (5.56e-05, 1.56e-02)
INFO:root:avg. loss 3.15582919e-02
INFO:root:time taken for epoch 0:01:04.327456
INFO:root:Epoch 25
INFO:root:[25,     0] loss: 3.067653e-02 masks: 22.0 20.0 [wd: 4.20e-02] [lr: 6.80e-04] [mem: 7.73e+03] (223.9 ms)
INFO:root:[25,     0] grad_stats: [4.65e-03 3.51e-04] (5.00e-05, 9.97e-03)
INFO:root:[25,   116] loss: 3.172079e-02 masks: 22.1 17.3 [wd: 4.21e-02] [lr: 6.90e-04] [mem: 7.73e+03] (218.2 ms)
INFO:root:[25,   116] grad_stats: [5.37e-03 4.58e-04] (5.94e-05, 9.82e-03)
INFO:root:[25,   232] loss: 3.181144e-02 masks: 21.6 17.5 [wd: 4.22e-02] [lr: 7.00e-04] [mem: 7.73e+03] (217.2 ms)
INFO:root:[25,   232] grad_stats: [5.08e-03 6.51e-04] (6.35e-05, 7.32e-03)
INFO:root:avg. loss 3.18114412e-02
INFO:root:time taken for epoch 0:01:03.993905
INFO:root:Epoch 26
INFO:root:[26,     0] loss: 3.197069e-02 masks: 18.0 20.0 [wd: 4.22e-02] [lr: 7.00e-04] [mem: 7.73e+03] (207.1 ms)
INFO:root:[26,     0] grad_stats: [9.22e-03 6.59e-04] (6.25e-05, 1.33e-02)
INFO:root:[26,   116] loss: 3.155251e-02 masks: 21.8 17.4 [wd: 4.23e-02] [lr: 7.10e-04] [mem: 7.73e+03] (216.9 ms)
INFO:root:[26,   116] grad_stats: [5.63e-03 8.54e-04] (5.96e-05, 7.75e-03)
INFO:root:[26,   232] loss: 3.179341e-02 masks: 21.5 17.5 [wd: 4.24e-02] [lr: 7.20e-04] [mem: 7.73e+03] (216.8 ms)
INFO:root:[26,   232] grad_stats: [4.18e-03 2.88e-04] (3.53e-05, 5.66e-03)
INFO:root:avg. loss 3.17934130e-02
INFO:root:time taken for epoch 0:01:04.088101
INFO:root:Epoch 27
INFO:root:[27,     0] loss: 3.160562e-02 masks: 20.0 20.0 [wd: 4.24e-02] [lr: 7.20e-04] [mem: 7.73e+03] (212.9 ms)
INFO:root:[27,     0] grad_stats: [4.29e-03 4.23e-04] (4.42e-05, 7.75e-03)
INFO:root:[27,   116] loss: 3.171844e-02 masks: 21.2 17.6 [wd: 4.25e-02] [lr: 7.30e-04] [mem: 7.73e+03] (215.1 ms)
INFO:root:[27,   116] grad_stats: [4.17e-03 2.89e-04] (3.69e-05, 6.66e-03)
INFO:root:[27,   232] loss: 3.106551e-02 masks: 21.8 17.3 [wd: 4.26e-02] [lr: 7.40e-04] [mem: 7.73e+03] (217.7 ms)
INFO:root:[27,   232] grad_stats: [8.83e-03 6.22e-04] (6.53e-05, 1.29e-02)
INFO:root:avg. loss 3.10655069e-02
INFO:root:time taken for epoch 0:01:04.316293
INFO:root:Epoch 28
INFO:root:[28,     0] loss: 3.352135e-02 masks: 20.0 20.0 [wd: 4.26e-02] [lr: 7.40e-04] [mem: 7.73e+03] (213.2 ms)
INFO:root:[28,     0] grad_stats: [4.65e-03 3.78e-04] (4.73e-05, 9.09e-03)
INFO:root:[28,   116] loss: 3.035016e-02 masks: 22.3 17.3 [wd: 4.27e-02] [lr: 7.50e-04] [mem: 7.73e+03] (218.8 ms)
INFO:root:[28,   116] grad_stats: [3.09e-03 3.85e-04] (3.74e-05, 4.79e-03)
INFO:root:[28,   232] loss: 3.069397e-02 masks: 21.7 17.5 [wd: 4.28e-02] [lr: 7.60e-04] [mem: 7.73e+03] (217.3 ms)
INFO:root:[28,   232] grad_stats: [4.59e-03 3.40e-04] (4.27e-05, 7.91e-03)
INFO:root:avg. loss 3.06939734e-02
INFO:root:time taken for epoch 0:01:04.232107
INFO:root:Epoch 29
INFO:root:[29,     0] loss: 2.441623e-02 masks: 26.0 16.0 [wd: 4.28e-02] [lr: 7.60e-04] [mem: 7.73e+03] (231.1 ms)
INFO:root:[29,     0] grad_stats: [3.92e-03 3.99e-04] (4.93e-05, 5.98e-03)
INFO:root:[29,   116] loss: 2.947359e-02 masks: 22.5 17.0 [wd: 4.29e-02] [lr: 7.70e-04] [mem: 7.73e+03] (218.8 ms)
INFO:root:[29,   116] grad_stats: [7.77e-03 3.90e-04] (4.89e-05, 7.77e-03)
INFO:root:[29,   232] loss: 2.906742e-02 masks: 22.6 16.9 [wd: 4.30e-02] [lr: 7.80e-04] [mem: 7.73e+03] (219.7 ms)
INFO:root:[29,   232] grad_stats: [3.74e-03 3.44e-04] (3.79e-05, 6.10e-03)
INFO:root:avg. loss 2.90674176e-02
INFO:root:time taken for epoch 0:01:04.781982
INFO:root:Epoch 30
INFO:root:[30,     0] loss: 2.776106e-02 masks: 25.0 16.0 [wd: 4.30e-02] [lr: 7.80e-04] [mem: 7.73e+03] (222.5 ms)
INFO:root:[30,     0] grad_stats: [4.67e-03 4.20e-04] (4.27e-05, 6.05e-03)
INFO:root:[30,   116] loss: 2.847979e-02 masks: 21.9 17.2 [wd: 4.31e-02] [lr: 7.90e-04] [mem: 7.73e+03] (216.9 ms)
INFO:root:[30,   116] grad_stats: [4.14e-03 2.92e-04] (2.83e-05, 5.35e-03)
INFO:root:[30,   232] loss: 2.844545e-02 masks: 21.8 17.2 [wd: 4.32e-02] [lr: 8.00e-04] [mem: 7.73e+03] (217.3 ms)
INFO:root:[30,   232] grad_stats: [3.97e-03 3.61e-04] (4.03e-05, 5.70e-03)
INFO:root:avg. loss 2.84454467e-02
INFO:root:time taken for epoch 0:01:04.226067
INFO:root:Epoch 31
INFO:root:[31,     0] loss: 3.302667e-02 masks: 14.0 20.0 [wd: 4.32e-02] [lr: 8.00e-04] [mem: 7.73e+03] (189.1 ms)
INFO:root:[31,     0] grad_stats: [4.31e-03 3.67e-04] (3.11e-05, 4.44e-03)
INFO:root:[31,   116] loss: 2.796314e-02 masks: 21.9 17.4 [wd: 4.33e-02] [lr: 8.10e-04] [mem: 7.73e+03] (217.5 ms)
INFO:root:[31,   116] grad_stats: [6.61e-03 4.01e-04] (2.98e-05, 8.60e-03)
INFO:root:[31,   232] loss: 2.754349e-02 masks: 22.4 17.1 [wd: 4.34e-02] [lr: 8.20e-04] [mem: 7.73e+03] (219.2 ms)
INFO:root:[31,   232] grad_stats: [4.06e-03 3.42e-04] (4.07e-05, 5.63e-03)
INFO:root:avg. loss 2.75434937e-02
INFO:root:time taken for epoch 0:01:04.650021
INFO:root:Epoch 32
INFO:root:[32,     0] loss: 2.358236e-02 masks: 22.0 20.0 [wd: 4.34e-02] [lr: 8.20e-04] [mem: 7.73e+03] (223.4 ms)
INFO:root:[32,     0] grad_stats: [4.67e-03 5.80e-04] (3.67e-05, 5.16e-03)
INFO:root:[32,   116] loss: 2.722761e-02 masks: 22.1 17.3 [wd: 4.35e-02] [lr: 8.30e-04] [mem: 7.73e+03] (218.0 ms)
INFO:root:[32,   116] grad_stats: [2.56e-03 2.26e-04] (2.76e-05, 3.64e-03)
INFO:root:[32,   232] loss: 2.708821e-02 masks: 22.5 17.1 [wd: 4.36e-02] [lr: 8.40e-04] [mem: 7.73e+03] (219.7 ms)
INFO:root:[32,   232] grad_stats: [3.27e-03 3.22e-04] (4.47e-05, 4.29e-03)
INFO:root:avg. loss 2.70882119e-02
INFO:root:time taken for epoch 0:01:04.809341
INFO:root:Epoch 33
INFO:root:[33,     0] loss: 3.145195e-02 masks: 16.0 20.0 [wd: 4.36e-02] [lr: 8.40e-04] [mem: 7.73e+03] (197.8 ms)
INFO:root:[33,     0] grad_stats: [3.40e-03 3.11e-04] (3.54e-05, 4.74e-03)
INFO:root:[33,   116] loss: 2.804184e-02 masks: 22.1 17.2 [wd: 4.37e-02] [lr: 8.50e-04] [mem: 7.73e+03] (217.6 ms)
INFO:root:[33,   116] grad_stats: [3.34e-03 3.19e-04] (2.92e-05, 4.21e-03)
INFO:root:[33,   232] loss: 2.771032e-02 masks: 21.8 17.3 [wd: 4.39e-02] [lr: 8.60e-04] [mem: 7.73e+03] (217.3 ms)
INFO:root:[33,   232] grad_stats: [2.77e-03 4.22e-04] (3.85e-05, 4.42e-03)
INFO:root:avg. loss 2.77103214e-02
INFO:root:time taken for epoch 0:01:04.239918
INFO:root:Epoch 34
INFO:root:[34,     0] loss: 2.854619e-02 masks: 20.0 16.0 [wd: 4.39e-02] [lr: 8.60e-04] [mem: 7.73e+03] (204.0 ms)
INFO:root:[34,     0] grad_stats: [4.26e-03 3.41e-04] (3.34e-05, 4.44e-03)
INFO:root:[34,   116] loss: 2.615773e-02 masks: 22.1 17.4 [wd: 4.40e-02] [lr: 8.70e-04] [mem: 7.73e+03] (218.1 ms)
INFO:root:[34,   116] grad_stats: [5.09e-03 3.08e-04] (2.49e-05, 5.09e-03)
INFO:root:[34,   232] loss: 2.604464e-02 masks: 22.0 17.4 [wd: 4.41e-02] [lr: 8.80e-04] [mem: 7.73e+03] (218.3 ms)
INFO:root:[34,   232] grad_stats: [2.33e-03 2.14e-04] (2.57e-05, 3.29e-03)
INFO:root:avg. loss 2.60446360e-02
INFO:root:time taken for epoch 0:01:04.416965
INFO:root:Epoch 35
INFO:root:[35,     0] loss: 2.515727e-02 masks: 24.0 16.0 [wd: 4.41e-02] [lr: 8.80e-04] [mem: 7.73e+03] (220.6 ms)
INFO:root:[35,     0] grad_stats: [2.44e-03 1.96e-04] (2.53e-05, 3.32e-03)
INFO:root:[35,   116] loss: 2.545387e-02 masks: 22.5 17.3 [wd: 4.42e-02] [lr: 8.90e-04] [mem: 7.73e+03] (219.7 ms)
INFO:root:[35,   116] grad_stats: [2.82e-03 4.89e-04] (3.76e-05, 4.29e-03)
INFO:root:[35,   232] loss: 2.542316e-02 masks: 22.3 17.3 [wd: 4.43e-02] [lr: 9.00e-04] [mem: 7.73e+03] (219.5 ms)
INFO:root:[35,   232] grad_stats: [5.43e-03 3.04e-04] (3.70e-05, 5.62e-03)
INFO:root:avg. loss 2.54231600e-02
INFO:root:time taken for epoch 0:01:04.719328
INFO:root:Epoch 36
INFO:root:[36,     0] loss: 2.993022e-02 masks: 14.0 20.0 [wd: 4.43e-02] [lr: 9.00e-04] [mem: 7.73e+03] (190.7 ms)
INFO:root:[36,     0] grad_stats: [3.69e-03 2.83e-04] (3.03e-05, 5.14e-03)
INFO:root:[36,   116] loss: 2.479001e-02 masks: 22.6 17.0 [wd: 4.45e-02] [lr: 9.10e-04] [mem: 7.73e+03] (219.2 ms)
INFO:root:[36,   116] grad_stats: [2.50e-03 2.44e-04] (3.13e-05, 4.07e-03)
INFO:root:[36,   232] loss: 2.496218e-02 masks: 22.2 17.1 [wd: 4.46e-02] [lr: 9.20e-04] [mem: 7.73e+03] (218.6 ms)
INFO:root:[36,   232] grad_stats: [2.63e-03 2.22e-04] (2.19e-05, 3.24e-03)
INFO:root:avg. loss 2.49621761e-02
INFO:root:time taken for epoch 0:01:04.510755
INFO:root:Epoch 37
INFO:root:[37,     0] loss: 2.559499e-02 masks: 19.0 20.0 [wd: 4.46e-02] [lr: 9.20e-04] [mem: 7.73e+03] (211.4 ms)
INFO:root:[37,     0] grad_stats: [3.77e-03 3.14e-04] (2.68e-05, 5.82e-03)
INFO:root:[37,   116] loss: 2.470148e-02 masks: 21.9 17.3 [wd: 4.47e-02] [lr: 9.30e-04] [mem: 7.73e+03] (217.3 ms)
INFO:root:[37,   116] grad_stats: [6.18e-03 4.45e-04] (3.65e-05, 7.60e-03)
INFO:root:[37,   232] loss: 2.448753e-02 masks: 22.1 17.2 [wd: 4.48e-02] [lr: 9.40e-04] [mem: 7.73e+03] (218.3 ms)
INFO:root:[37,   232] grad_stats: [2.89e-03 6.29e-04] (3.15e-05, 3.73e-03)
INFO:root:avg. loss 2.44875308e-02
INFO:root:time taken for epoch 0:01:04.419608
INFO:root:Epoch 38
INFO:root:[38,     0] loss: 1.958239e-02 masks: 36.0 12.0 [wd: 4.48e-02] [lr: 9.40e-04] [mem: 7.73e+03] (259.2 ms)
INFO:root:[38,     0] grad_stats: [3.66e-03 5.31e-04] (2.58e-05, 3.80e-03)
INFO:root:[38,   116] loss: 2.518030e-02 masks: 20.6 17.5 [wd: 4.50e-02] [lr: 9.50e-04] [mem: 7.73e+03] (212.8 ms)
INFO:root:[38,   116] grad_stats: [1.76e-03 2.20e-04] (2.66e-05, 3.01e-03)
INFO:root:[38,   232] loss: 2.495284e-02 masks: 20.8 17.6 [wd: 4.51e-02] [lr: 9.60e-04] [mem: 7.73e+03] (214.2 ms)
INFO:root:[38,   232] grad_stats: [1.86e-03 2.20e-04] (2.47e-05, 3.23e-03)
INFO:root:avg. loss 2.49528365e-02
INFO:root:time taken for epoch 0:01:03.465292
INFO:root:Epoch 39
INFO:root:[39,     0] loss: 1.940309e-02 masks: 27.0 16.0 [wd: 4.51e-02] [lr: 9.60e-04] [mem: 7.73e+03] (234.0 ms)
INFO:root:[39,     0] grad_stats: [2.17e-03 1.98e-04] (2.78e-05, 3.59e-03)
INFO:root:[39,   116] loss: 2.436668e-02 masks: 22.0 17.6 [wd: 4.52e-02] [lr: 9.70e-04] [mem: 7.73e+03] (218.7 ms)
INFO:root:[39,   116] grad_stats: [2.15e-03 2.59e-04] (2.22e-05, 3.87e-03)
INFO:root:[39,   232] loss: 2.452020e-02 masks: 21.8 17.5 [wd: 4.54e-02] [lr: 9.80e-04] [mem: 7.73e+03] (217.9 ms)
INFO:root:[39,   232] grad_stats: [4.05e-03 3.12e-04] (3.08e-05, 5.67e-03)
INFO:root:avg. loss 2.45201997e-02
INFO:root:time taken for epoch 0:01:04.330646
INFO:root:Epoch 40
INFO:root:[40,     0] loss: 2.470092e-02 masks: 21.0 16.0 [wd: 4.54e-02] [lr: 9.80e-04] [mem: 7.73e+03] (209.3 ms)
INFO:root:[40,     0] grad_stats: [2.51e-03 1.97e-04] (2.29e-05, 3.22e-03)
INFO:root:[40,   116] loss: 2.459759e-02 masks: 22.1 16.9 [wd: 4.55e-02] [lr: 9.90e-04] [mem: 7.73e+03] (217.3 ms)
INFO:root:[40,   116] grad_stats: [3.24e-03 3.20e-04] (2.65e-05, 3.77e-03)
INFO:root:[40,   232] loss: 2.490454e-02 masks: 21.6 17.3 [wd: 4.57e-02] [lr: 1.00e-03] [mem: 7.73e+03] (216.9 ms)
INFO:root:[40,   232] grad_stats: [2.21e-03 2.47e-04] (2.39e-05, 3.60e-03)
INFO:root:avg. loss 2.49045423e-02
INFO:root:time taken for epoch 0:01:04.061996
INFO:root:Epoch 41
INFO:root:[41,     0] loss: 2.704654e-02 masks: 16.0 20.0 [wd: 4.57e-02] [lr: 1.00e-03] [mem: 7.73e+03] (196.4 ms)
INFO:root:[41,     0] grad_stats: [2.31e-03 1.39e-04] (2.58e-05, 3.13e-03)
INFO:root:[41,   116] loss: 2.408826e-02 masks: 22.6 17.0 [wd: 4.58e-02] [lr: 1.00e-03] [mem: 7.73e+03] (219.3 ms)
INFO:root:[41,   116] grad_stats: [2.78e-03 3.61e-04] (3.38e-05, 4.55e-03)
INFO:root:[41,   232] loss: 2.396768e-02 masks: 22.3 17.1 [wd: 4.59e-02] [lr: 1.00e-03] [mem: 7.73e+03] (218.9 ms)
INFO:root:[41,   232] grad_stats: [5.34e-03 3.26e-04] (2.85e-05, 5.44e-03)
INFO:root:avg. loss 2.39676827e-02
INFO:root:time taken for epoch 0:01:04.578358
INFO:root:Epoch 42
INFO:root:[42,     0] loss: 2.198976e-02 masks: 22.0 20.0 [wd: 4.59e-02] [lr: 1.00e-03] [mem: 7.73e+03] (224.1 ms)
INFO:root:[42,     0] grad_stats: [2.27e-03 2.94e-04] (2.78e-05, 3.41e-03)
INFO:root:[42,   116] loss: 2.417186e-02 masks: 21.3 17.2 [wd: 4.61e-02] [lr: 1.00e-03] [mem: 7.73e+03] (214.8 ms)
INFO:root:[42,   116] grad_stats: [2.06e-03 2.80e-04] (2.18e-05, 3.11e-03)
INFO:root:[42,   232] loss: 2.411104e-02 masks: 21.3 17.4 [wd: 4.62e-02] [lr: 1.00e-03] [mem: 7.73e+03] (215.9 ms)
INFO:root:[42,   232] grad_stats: [2.62e-03 3.66e-04] (2.67e-05, 3.54e-03)
INFO:root:avg. loss 2.41110366e-02
INFO:root:time taken for epoch 0:01:03.899844
INFO:root:Epoch 43
INFO:root:[43,     0] loss: 2.688671e-02 masks: 21.0 16.0 [wd: 4.62e-02] [lr: 1.00e-03] [mem: 7.73e+03] (208.4 ms)
INFO:root:[43,     0] grad_stats: [2.35e-03 3.68e-04] (2.78e-05, 3.06e-03)
INFO:root:[43,   116] loss: 2.420687e-02 masks: 21.8 17.2 [wd: 4.64e-02] [lr: 1.00e-03] [mem: 7.73e+03] (216.6 ms)
INFO:root:[43,   116] grad_stats: [4.12e-03 2.53e-04] (3.00e-05, 4.43e-03)
INFO:root:[43,   232] loss: 2.429805e-02 masks: 21.6 17.3 [wd: 4.65e-02] [lr: 1.00e-03] [mem: 7.73e+03] (216.7 ms)
INFO:root:[43,   232] grad_stats: [2.99e-03 2.07e-04] (1.71e-05, 3.33e-03)
INFO:root:avg. loss 2.42980501e-02
INFO:root:time taken for epoch 0:01:04.081462
INFO:root:Epoch 44
INFO:root:[44,     0] loss: 2.145628e-02 masks: 22.0 20.0 [wd: 4.65e-02] [lr: 1.00e-03] [mem: 7.73e+03] (223.6 ms)
INFO:root:[44,     0] grad_stats: [1.55e-03 1.66e-04] (2.24e-05, 1.98e-03)
INFO:root:[44,   116] loss: 2.346870e-02 masks: 22.0 17.5 [wd: 4.67e-02] [lr: 1.00e-03] [mem: 7.73e+03] (218.1 ms)
INFO:root:[44,   116] grad_stats: [4.95e-03 3.72e-04] (3.05e-05, 4.95e-03)
INFO:root:[44,   232] loss: 2.371669e-02 masks: 22.3 17.3 [wd: 4.68e-02] [lr: 1.00e-03] [mem: 7.73e+03] (219.5 ms)
INFO:root:[44,   232] grad_stats: [2.23e-03 4.03e-04] (2.72e-05, 3.26e-03)
INFO:root:avg. loss 2.37166930e-02
INFO:root:time taken for epoch 0:01:04.743164
INFO:root:Epoch 45
INFO:root:[45,     0] loss: 2.429007e-02 masks: 20.0 20.0 [wd: 4.68e-02] [lr: 1.00e-03] [mem: 7.73e+03] (214.0 ms)
INFO:root:[45,     0] grad_stats: [2.87e-03 2.48e-04] (2.31e-05, 3.40e-03)
INFO:root:[45,   116] loss: 2.397276e-02 masks: 21.8 17.4 [wd: 4.70e-02] [lr: 1.00e-03] [mem: 7.73e+03] (217.2 ms)
INFO:root:[45,   116] grad_stats: [3.62e-03 1.89e-04] (2.16e-05, 4.47e-03)
INFO:root:[45,   232] loss: 2.347129e-02 masks: 22.4 17.2 [wd: 4.71e-02] [lr: 1.00e-03] [mem: 7.73e+03] (219.7 ms)
INFO:root:[45,   232] grad_stats: [2.64e-03 2.01e-04] (1.93e-05, 3.33e-03)
INFO:root:avg. loss 2.34712870e-02
INFO:root:time taken for epoch 0:01:04.810893
INFO:root:Epoch 46
INFO:root:[46,     0] loss: 1.665904e-02 masks: 35.0 12.0 [wd: 4.71e-02] [lr: 1.00e-03] [mem: 7.73e+03] (254.1 ms)
INFO:root:[46,     0] grad_stats: [1.84e-03 2.43e-04] (2.56e-05, 2.06e-03)
INFO:root:[46,   116] loss: 2.303221e-02 masks: 23.0 16.7 [wd: 4.73e-02] [lr: 1.00e-03] [mem: 7.73e+03] (220.1 ms)
INFO:root:[46,   116] grad_stats: [2.41e-03 2.96e-04] (2.86e-05, 4.80e-03)
INFO:root:[46,   232] loss: 2.369399e-02 masks: 21.9 17.2 [wd: 4.75e-02] [lr: 1.00e-03] [mem: 7.73e+03] (217.6 ms)
INFO:root:[46,   232] grad_stats: [1.60e-03 2.16e-04] (1.81e-05, 3.05e-03)
INFO:root:avg. loss 2.36939907e-02
INFO:root:time taken for epoch 0:01:04.212351
INFO:root:Epoch 47
INFO:root:[47,     0] loss: 2.236170e-02 masks: 19.0 20.0 [wd: 4.75e-02] [lr: 1.00e-03] [mem: 7.73e+03] (211.3 ms)
INFO:root:[47,     0] grad_stats: [1.80e-03 2.79e-04] (2.05e-05, 2.57e-03)
INFO:root:[47,   116] loss: 2.409760e-02 masks: 21.8 17.2 [wd: 4.76e-02] [lr: 1.00e-03] [mem: 7.73e+03] (216.6 ms)
INFO:root:[47,   116] grad_stats: [2.65e-03 2.75e-04] (3.26e-05, 6.29e-03)
INFO:root:[47,   232] loss: 2.387351e-02 masks: 21.9 17.3 [wd: 4.78e-02] [lr: 9.99e-04] [mem: 7.73e+03] (217.8 ms)
INFO:root:[47,   232] grad_stats: [2.11e-03 2.01e-04] (2.39e-05, 3.40e-03)
INFO:root:avg. loss 2.38735098e-02
INFO:root:time taken for epoch 0:01:04.332286
INFO:root:Epoch 48
INFO:root:[48,     0] loss: 2.519262e-02 masks: 21.0 16.0 [wd: 4.78e-02] [lr: 9.99e-04] [mem: 7.73e+03] (210.4 ms)
INFO:root:[48,     0] grad_stats: [2.02e-03 2.11e-04] (2.98e-05, 3.39e-03)
INFO:root:[48,   116] loss: 2.471161e-02 masks: 20.9 17.6 [wd: 4.80e-02] [lr: 9.99e-04] [mem: 7.73e+03] (214.2 ms)
INFO:root:[48,   116] grad_stats: [3.01e-03 2.90e-04] (2.74e-05, 5.47e-03)
INFO:root:[48,   232] loss: 2.443821e-02 masks: 21.6 17.5 [wd: 4.81e-02] [lr: 9.99e-04] [mem: 7.73e+03] (217.2 ms)
INFO:root:[48,   232] grad_stats: [2.80e-03 6.30e-04] (2.63e-05, 3.79e-03)
INFO:root:avg. loss 2.44382082e-02
INFO:root:time taken for epoch 0:01:04.176812
INFO:root:Epoch 49
INFO:root:[49,     0] loss: 2.395054e-02 masks: 25.0 16.0 [wd: 4.81e-02] [lr: 9.99e-04] [mem: 7.73e+03] (225.0 ms)
INFO:root:[49,     0] grad_stats: [2.90e-03 4.60e-04] (2.29e-05, 2.90e-03)
INFO:root:[49,   116] loss: 2.462943e-02 masks: 21.7 17.3 [wd: 4.83e-02] [lr: 9.99e-04] [mem: 7.73e+03] (216.3 ms)
INFO:root:[49,   116] grad_stats: [3.03e-03 2.90e-04] (3.12e-05, 4.04e-03)
INFO:root:[49,   232] loss: 2.458336e-02 masks: 22.0 17.3 [wd: 4.85e-02] [lr: 9.99e-04] [mem: 7.73e+03] (218.4 ms)
INFO:root:[49,   232] grad_stats: [2.77e-03 3.72e-04] (3.37e-05, 3.10e-03)
INFO:root:avg. loss 2.45833608e-02
INFO:root:time taken for epoch 0:01:04.518921
INFO:root:Epoch 50
INFO:root:[50,     0] loss: 2.746496e-02 masks: 20.0 16.0 [wd: 4.85e-02] [lr: 9.99e-04] [mem: 7.73e+03] (205.8 ms)
INFO:root:[50,     0] grad_stats: [3.66e-03 2.18e-04] (2.17e-05, 3.66e-03)
INFO:root:[50,   116] loss: 2.466089e-02 masks: 22.6 16.9 [wd: 4.86e-02] [lr: 9.99e-04] [mem: 7.73e+03] (219.1 ms)
INFO:root:[50,   116] grad_stats: [1.94e-03 2.02e-04] (1.63e-05, 3.28e-03)
INFO:root:[50,   232] loss: 2.489333e-02 masks: 22.2 17.2 [wd: 4.88e-02] [lr: 9.99e-04] [mem: 7.73e+03] (219.0 ms)
INFO:root:[50,   232] grad_stats: [1.67e-03 1.88e-04] (2.25e-05, 4.68e-03)
INFO:root:avg. loss 2.48933304e-02
INFO:root:time taken for epoch 0:01:04.483466
INFO:root:Epoch 51
INFO:root:[51,     0] loss: 2.346443e-02 masks: 23.0 16.0 [wd: 4.88e-02] [lr: 9.99e-04] [mem: 7.73e+03] (215.7 ms)
INFO:root:[51,     0] grad_stats: [2.20e-03 2.19e-04] (2.77e-05, 5.00e-03)
INFO:root:[51,   116] loss: 2.518507e-02 masks: 22.0 17.2 [wd: 4.90e-02] [lr: 9.99e-04] [mem: 7.73e+03] (217.8 ms)
INFO:root:[51,   116] grad_stats: [1.92e-03 4.77e-04] (3.42e-05, 2.66e-03)
INFO:root:[51,   232] loss: 2.562019e-02 masks: 21.8 17.3 [wd: 4.92e-02] [lr: 9.99e-04] [mem: 7.73e+03] (218.0 ms)
INFO:root:[51,   232] grad_stats: [1.48e-03 1.69e-04] (1.34e-05, 2.50e-03)
INFO:root:avg. loss 2.56201898e-02
INFO:root:time taken for epoch 0:01:04.410452
INFO:root:Epoch 52
INFO:root:[52,     0] loss: 3.195776e-02 masks: 11.0 20.0 [wd: 4.92e-02] [lr: 9.99e-04] [mem: 7.73e+03] (179.4 ms)
INFO:root:[52,     0] grad_stats: [2.01e-03 3.02e-04] (2.87e-05, 4.21e-03)
INFO:root:[52,   116] loss: 2.500062e-02 masks: 22.6 17.1 [wd: 4.93e-02] [lr: 9.98e-04] [mem: 7.73e+03] (219.9 ms)
INFO:root:[52,   116] grad_stats: [3.60e-03 5.31e-04] (2.59e-05, 3.72e-03)
INFO:root:[52,   232] loss: 2.544606e-02 masks: 22.0 17.3 [wd: 4.95e-02] [lr: 9.98e-04] [mem: 7.73e+03] (218.7 ms)
INFO:root:[52,   232] grad_stats: [2.95e-03 2.01e-04] (2.51e-05, 3.40e-03)
INFO:root:avg. loss 2.54460599e-02
INFO:root:time taken for epoch 0:01:04.528174
INFO:root:Epoch 53
INFO:root:[53,     0] loss: 2.310134e-02 masks: 24.0 16.0 [wd: 4.95e-02] [lr: 9.98e-04] [mem: 7.73e+03] (219.8 ms)
INFO:root:[53,     0] grad_stats: [1.95e-03 2.39e-04] (2.18e-05, 2.52e-03)
INFO:root:[53,   116] loss: 2.639511e-02 masks: 22.2 17.5 [wd: 4.97e-02] [lr: 9.98e-04] [mem: 7.73e+03] (219.1 ms)
INFO:root:[53,   116] grad_stats: [1.71e-03 1.75e-04] (2.29e-05, 2.17e-03)
INFO:root:[53,   232] loss: 2.650581e-02 masks: 21.8 17.5 [wd: 4.99e-02] [lr: 9.98e-04] [mem: 7.73e+03] (218.5 ms)
INFO:root:[53,   232] grad_stats: [5.77e-03 2.65e-04] (3.28e-05, 6.16e-03)
INFO:root:avg. loss 2.65058102e-02
INFO:root:time taken for epoch 0:01:04.558338
INFO:root:Epoch 54
INFO:root:[54,     0] loss: 2.410614e-02 masks: 24.0 16.0 [wd: 4.99e-02] [lr: 9.98e-04] [mem: 7.73e+03] (220.0 ms)
INFO:root:[54,     0] grad_stats: [3.02e-03 3.29e-04] (2.68e-05, 5.12e-03)
INFO:root:[54,   116] loss: 2.670066e-02 masks: 22.1 17.1 [wd: 5.01e-02] [lr: 9.98e-04] [mem: 7.73e+03] (217.7 ms)
INFO:root:[54,   116] grad_stats: [2.77e-03 2.47e-04] (2.50e-05, 4.71e-03)
INFO:root:[54,   232] loss: 2.674435e-02 masks: 22.5 17.0 [wd: 5.03e-02] [lr: 9.98e-04] [mem: 7.73e+03] (219.6 ms)
INFO:root:[54,   232] grad_stats: [2.23e-03 1.88e-04] (1.94e-05, 3.11e-03)
INFO:root:avg. loss 2.67443503e-02
INFO:root:time taken for epoch 0:01:04.758311
INFO:root:Epoch 55
INFO:root:[55,     0] loss: 3.648683e-02 masks: 12.0 20.0 [wd: 5.03e-02] [lr: 9.98e-04] [mem: 7.73e+03] (183.5 ms)
INFO:root:[55,     0] grad_stats: [4.14e-03 2.34e-04] (1.92e-05, 4.14e-03)
INFO:root:[55,   116] loss: 2.727496e-02 masks: 21.4 17.6 [wd: 5.05e-02] [lr: 9.98e-04] [mem: 7.73e+03] (216.3 ms)
INFO:root:[55,   116] grad_stats: [1.38e-03 2.64e-04] (1.83e-05, 1.96e-03)
INFO:root:[55,   232] loss: 2.804911e-02 masks: 20.9 17.7 [wd: 5.06e-02] [lr: 9.97e-04] [mem: 7.73e+03] (215.3 ms)
INFO:root:[55,   232] grad_stats: [1.93e-03 2.01e-04] (2.93e-05, 5.44e-03)
INFO:root:avg. loss 2.80491117e-02
INFO:root:time taken for epoch 0:01:03.711324
INFO:root:Epoch 56
INFO:root:[56,     0] loss: 2.450216e-02 masks: 25.0 16.0 [wd: 5.06e-02] [lr: 9.97e-04] [mem: 7.73e+03] (224.5 ms)
INFO:root:[56,     0] grad_stats: [2.87e-03 1.67e-04] (2.23e-05, 3.15e-03)
INFO:root:[56,   116] loss: 2.733824e-02 masks: 22.3 17.4 [wd: 5.08e-02] [lr: 9.97e-04] [mem: 7.73e+03] (219.5 ms)
INFO:root:[56,   116] grad_stats: [1.91e-03 2.19e-04] (4.12e-05, 3.39e-03)
INFO:root:[56,   232] loss: 2.775085e-02 masks: 21.9 17.6 [wd: 5.10e-02] [lr: 9.97e-04] [mem: 7.73e+03] (218.7 ms)
INFO:root:[56,   232] grad_stats: [2.59e-03 2.16e-04] (2.19e-05, 4.56e-03)
INFO:root:avg. loss 2.77508525e-02
INFO:root:time taken for epoch 0:01:04.443717
INFO:root:Epoch 57
INFO:root:[57,     0] loss: 3.308852e-02 masks: 17.0 16.0 [wd: 5.10e-02] [lr: 9.97e-04] [mem: 7.73e+03] (195.0 ms)
INFO:root:[57,     0] grad_stats: [1.72e-03 1.43e-04] (2.16e-05, 2.10e-03)
INFO:root:[57,   116] loss: 2.825657e-02 masks: 21.7 17.4 [wd: 5.12e-02] [lr: 9.97e-04] [mem: 7.73e+03] (217.1 ms)
INFO:root:[57,   116] grad_stats: [1.52e-03 1.55e-04] (2.03e-05, 2.10e-03)
INFO:root:[57,   232] loss: 2.810129e-02 masks: 22.0 17.2 [wd: 5.14e-02] [lr: 9.97e-04] [mem: 7.73e+03] (218.2 ms)
INFO:root:[57,   232] grad_stats: [2.64e-03 2.12e-04] (2.36e-05, 4.12e-03)
INFO:root:avg. loss 2.81012903e-02
INFO:root:time taken for epoch 0:01:04.431924
INFO:root:Epoch 58
INFO:root:[58,     0] loss: 3.134950e-02 masks: 19.0 20.0 [wd: 5.14e-02] [lr: 9.97e-04] [mem: 7.73e+03] (210.9 ms)
INFO:root:[58,     0] grad_stats: [2.73e-03 2.06e-04] (2.55e-05, 3.69e-03)
INFO:root:[58,   116] loss: 2.897623e-02 masks: 21.2 17.5 [wd: 5.16e-02] [lr: 9.96e-04] [mem: 7.73e+03] (214.9 ms)
INFO:root:[58,   116] grad_stats: [1.43e-03 1.19e-04] (1.87e-05, 3.20e-03)
INFO:root:[58,   232] loss: 2.893065e-02 masks: 21.6 17.3 [wd: 5.18e-02] [lr: 9.96e-04] [mem: 7.73e+03] (216.9 ms)
INFO:root:[58,   232] grad_stats: [3.03e-03 3.21e-04] (2.95e-05, 3.86e-03)
INFO:root:avg. loss 2.89306451e-02
INFO:root:time taken for epoch 0:01:04.131629
INFO:root:Epoch 59
INFO:root:[59,     0] loss: 2.224519e-02 masks: 34.0 12.0 [wd: 5.18e-02] [lr: 9.96e-04] [mem: 7.73e+03] (248.3 ms)
INFO:root:[59,     0] grad_stats: [3.45e-03 2.71e-04] (2.80e-05, 4.54e-03)
INFO:root:[59,   116] loss: 2.901213e-02 masks: 22.4 16.9 [wd: 5.20e-02] [lr: 9.96e-04] [mem: 7.73e+03] (218.4 ms)
INFO:root:[59,   116] grad_stats: [2.80e-03 4.95e-04] (3.15e-05, 5.65e-03)
INFO:root:[59,   232] loss: 2.968825e-02 masks: 22.3 17.0 [wd: 5.22e-02] [lr: 9.96e-04] [mem: 7.73e+03] (218.7 ms)
INFO:root:[59,   232] grad_stats: [2.53e-03 2.21e-04] (2.69e-05, 3.91e-03)
INFO:root:avg. loss 2.96882539e-02
INFO:root:time taken for epoch 0:01:04.354337
INFO:root:Epoch 60
INFO:root:[60,     0] loss: 2.904358e-02 masks: 20.0 20.0 [wd: 5.22e-02] [lr: 9.96e-04] [mem: 7.73e+03] (214.2 ms)
INFO:root:[60,     0] grad_stats: [1.93e-03 1.74e-04] (2.27e-05, 3.41e-03)
INFO:root:[60,   116] loss: 3.022432e-02 masks: 21.8 17.5 [wd: 5.24e-02] [lr: 9.96e-04] [mem: 7.73e+03] (217.4 ms)
INFO:root:[60,   116] grad_stats: [3.40e-03 2.31e-04] (3.16e-05, 4.52e-03)
INFO:root:[60,   232] loss: 3.045606e-02 masks: 22.0 17.3 [wd: 5.26e-02] [lr: 9.95e-04] [mem: 7.73e+03] (218.7 ms)
INFO:root:[60,   232] grad_stats: [2.13e-03 1.73e-04] (2.64e-05, 2.66e-03)
INFO:root:avg. loss 3.04560596e-02
INFO:root:time taken for epoch 0:01:04.479926
INFO:root:Epoch 61
INFO:root:[61,     0] loss: 3.020738e-02 masks: 18.0 20.0 [wd: 5.26e-02] [lr: 9.95e-04] [mem: 7.73e+03] (206.7 ms)
INFO:root:[61,     0] grad_stats: [1.79e-03 1.54e-04] (3.01e-05, 2.47e-03)
INFO:root:[61,   116] loss: 3.141245e-02 masks: 21.5 17.4 [wd: 5.29e-02] [lr: 9.95e-04] [mem: 7.73e+03] (216.1 ms)
INFO:root:[61,   116] grad_stats: [1.90e-03 2.36e-04] (2.73e-05, 4.45e-03)
INFO:root:[61,   232] loss: 3.161150e-02 masks: 21.6 17.4 [wd: 5.31e-02] [lr: 9.95e-04] [mem: 7.73e+03] (217.3 ms)
INFO:root:[61,   232] grad_stats: [3.02e-03 3.95e-04] (4.55e-05, 5.99e-03)
INFO:root:avg. loss 3.16115043e-02
INFO:root:time taken for epoch 0:01:04.148098
INFO:root:Epoch 62
INFO:root:[62,     0] loss: 3.257617e-02 masks: 20.0 20.0 [wd: 5.31e-02] [lr: 9.95e-04] [mem: 7.73e+03] (213.8 ms)
INFO:root:[62,     0] grad_stats: [3.08e-03 2.83e-04] (3.21e-05, 4.76e-03)
INFO:root:[62,   116] loss: 3.224561e-02 masks: 21.7 17.5 [wd: 5.33e-02] [lr: 9.95e-04] [mem: 7.73e+03] (217.3 ms)
INFO:root:[62,   116] grad_stats: [1.88e-03 3.41e-04] (2.39e-05, 2.70e-03)
INFO:root:[62,   232] loss: 3.228234e-02 masks: 21.9 17.4 [wd: 5.35e-02] [lr: 9.94e-04] [mem: 7.73e+03] (218.4 ms)
INFO:root:[62,   232] grad_stats: [2.31e-03 2.07e-04] (2.23e-05, 2.99e-03)
INFO:root:avg. loss 3.22823448e-02
INFO:root:time taken for epoch 0:01:04.434059
INFO:root:Epoch 63
INFO:root:[63,     0] loss: 4.029664e-02 masks: 11.0 20.0 [wd: 5.35e-02] [lr: 9.94e-04] [mem: 7.73e+03] (178.4 ms)
INFO:root:[63,     0] grad_stats: [1.69e-03 2.04e-04] (3.06e-05, 2.58e-03)
INFO:root:[63,   116] loss: 3.322999e-02 masks: 21.8 17.3 [wd: 5.37e-02] [lr: 9.94e-04] [mem: 7.73e+03] (217.1 ms)
INFO:root:[63,   116] grad_stats: [1.52e-03 1.04e-04] (2.05e-05, 1.64e-03)
INFO:root:[63,   232] loss: 3.318091e-02 masks: 21.7 17.3 [wd: 5.39e-02] [lr: 9.94e-04] [mem: 7.73e+03] (217.5 ms)
INFO:root:[63,   232] grad_stats: [2.36e-03 3.09e-04] (3.05e-05, 3.43e-03)
INFO:root:avg. loss 3.31809119e-02
INFO:root:time taken for epoch 0:01:04.337033
INFO:root:Epoch 64
INFO:root:[64,     0] loss: 3.988288e-02 masks: 14.0 20.0 [wd: 5.39e-02] [lr: 9.94e-04] [mem: 7.73e+03] (189.9 ms)
INFO:root:[64,     0] grad_stats: [1.62e-03 2.27e-04] (2.55e-05, 2.45e-03)
INFO:root:[64,   116] loss: 3.277675e-02 masks: 22.3 17.2 [wd: 5.41e-02] [lr: 9.94e-04] [mem: 7.73e+03] (219.2 ms)
INFO:root:[64,   116] grad_stats: [3.63e-03 1.90e-04] (2.73e-05, 3.63e-03)
INFO:root:[64,   232] loss: 3.342304e-02 masks: 21.8 17.4 [wd: 5.44e-02] [lr: 9.93e-04] [mem: 7.73e+03] (218.1 ms)
INFO:root:[64,   232] grad_stats: [1.72e-03 3.29e-04] (3.73e-05, 3.42e-03)
INFO:root:avg. loss 3.34230363e-02
INFO:root:time taken for epoch 0:01:04.427529
INFO:root:Epoch 65
INFO:root:[65,     0] loss: 4.348303e-02 masks: 13.0 20.0 [wd: 5.44e-02] [lr: 9.93e-04] [mem: 7.73e+03] (188.4 ms)
INFO:root:[65,     0] grad_stats: [1.96e-03 3.21e-04] (3.24e-05, 2.66e-03)
INFO:root:[65,   116] loss: 3.384335e-02 masks: 21.6 17.3 [wd: 5.46e-02] [lr: 9.93e-04] [mem: 7.73e+03] (216.2 ms)
INFO:root:[65,   116] grad_stats: [2.85e-03 2.47e-04] (2.59e-05, 3.60e-03)
INFO:root:[65,   232] loss: 3.413017e-02 masks: 21.9 17.3 [wd: 5.48e-02] [lr: 9.93e-04] [mem: 7.73e+03] (217.9 ms)
INFO:root:[65,   232] grad_stats: [3.88e-03 5.00e-04] (3.59e-05, 4.94e-03)
INFO:root:avg. loss 3.41301698e-02
INFO:root:time taken for epoch 0:01:04.201584
INFO:root:Epoch 66
INFO:root:[66,     0] loss: 4.347963e-02 masks: 17.0 20.0 [wd: 5.48e-02] [lr: 9.93e-04] [mem: 7.73e+03] (202.9 ms)
INFO:root:[66,     0] grad_stats: [1.60e-03 2.46e-04] (3.16e-05, 3.10e-03)
INFO:root:[66,   116] loss: 3.467377e-02 masks: 22.5 16.9 [wd: 5.50e-02] [lr: 9.92e-04] [mem: 7.73e+03] (218.7 ms)
INFO:root:[66,   116] grad_stats: [2.65e-03 1.94e-04] (3.14e-05, 2.78e-03)
INFO:root:[66,   232] loss: 3.466334e-02 masks: 22.2 17.0 [wd: 5.53e-02] [lr: 9.92e-04] [mem: 7.73e+03] (218.8 ms)
INFO:root:[66,   232] grad_stats: [2.66e-03 3.84e-04] (3.61e-05, 5.41e-03)
INFO:root:avg. loss 3.46633379e-02
INFO:root:time taken for epoch 0:01:04.557091
INFO:root:Epoch 67
INFO:root:[67,     0] loss: 3.094325e-02 masks: 24.0 16.0 [wd: 5.53e-02] [lr: 9.92e-04] [mem: 7.73e+03] (220.5 ms)
INFO:root:[67,     0] grad_stats: [2.39e-03 2.48e-04] (3.23e-05, 3.32e-03)
INFO:root:[67,   116] loss: 3.504589e-02 masks: 21.8 17.2 [wd: 5.55e-02] [lr: 9.92e-04] [mem: 7.73e+03] (216.9 ms)
INFO:root:[67,   116] grad_stats: [1.88e-03 1.73e-04] (2.68e-05, 2.72e-03)
INFO:root:[67,   232] loss: 3.483554e-02 masks: 21.9 17.2 [wd: 5.57e-02] [lr: 9.92e-04] [mem: 7.73e+03] (217.9 ms)
INFO:root:[67,   232] grad_stats: [1.61e-03 3.39e-04] (2.93e-05, 3.08e-03)
INFO:root:avg. loss 3.48355378e-02
INFO:root:time taken for epoch 0:01:04.313328
INFO:root:Epoch 68
INFO:root:[68,     0] loss: 3.307453e-02 masks: 25.0 16.0 [wd: 5.57e-02] [lr: 9.92e-04] [mem: 7.73e+03] (225.4 ms)
INFO:root:[68,     0] grad_stats: [1.63e-03 2.95e-04] (2.50e-05, 4.65e-03)
INFO:root:[68,   116] loss: 3.580496e-02 masks: 21.5 17.5 [wd: 5.59e-02] [lr: 9.91e-04] [mem: 7.73e+03] (216.7 ms)
INFO:root:[68,   116] grad_stats: [3.12e-03 1.79e-04] (2.40e-05, 3.34e-03)
INFO:root:[68,   232] loss: 3.570079e-02 masks: 21.6 17.4 [wd: 5.62e-02] [lr: 9.91e-04] [mem: 7.73e+03] (217.5 ms)
INFO:root:[68,   232] grad_stats: [2.72e-03 1.88e-04] (2.67e-05, 2.72e-03)
INFO:root:avg. loss 3.57007902e-02
INFO:root:time taken for epoch 0:01:04.288100
INFO:root:Epoch 69
INFO:root:[69,     0] loss: 3.686908e-02 masks: 20.0 20.0 [wd: 5.62e-02] [lr: 9.91e-04] [mem: 7.73e+03] (213.5 ms)
INFO:root:[69,     0] grad_stats: [3.10e-03 3.71e-04] (2.95e-05, 3.44e-03)
INFO:root:[69,   116] loss: 3.623158e-02 masks: 21.5 17.3 [wd: 5.64e-02] [lr: 9.91e-04] [mem: 7.73e+03] (216.0 ms)
INFO:root:[69,   116] grad_stats: [1.46e-03 2.73e-04] (2.59e-05, 3.88e-03)
INFO:root:[69,   232] loss: 3.595125e-02 masks: 22.0 17.1 [wd: 5.67e-02] [lr: 9.90e-04] [mem: 7.73e+03] (217.9 ms)
INFO:root:[69,   232] grad_stats: [1.79e-03 2.25e-04] (2.66e-05, 3.58e-03)
INFO:root:avg. loss 3.59512506e-02
INFO:root:time taken for epoch 0:01:04.329284
INFO:root:Epoch 70
INFO:root:[70,     0] loss: 3.369089e-02 masks: 26.0 16.0 [wd: 5.67e-02] [lr: 9.90e-04] [mem: 7.73e+03] (230.9 ms)
INFO:root:[70,     0] grad_stats: [2.34e-03 2.78e-04] (3.03e-05, 4.85e-03)
INFO:root:[70,   116] loss: 3.709867e-02 masks: 21.6 17.4 [wd: 5.69e-02] [lr: 9.90e-04] [mem: 7.73e+03] (216.6 ms)
INFO:root:[70,   116] grad_stats: [1.87e-03 1.93e-04] (2.51e-05, 3.07e-03)
INFO:root:[70,   232] loss: 3.737847e-02 masks: 21.4 17.6 [wd: 5.71e-02] [lr: 9.90e-04] [mem: 7.73e+03] (216.7 ms)
INFO:root:[70,   232] grad_stats: [3.72e-03 2.03e-04] (2.95e-05, 3.72e-03)
INFO:root:avg. loss 3.73784732e-02
INFO:root:time taken for epoch 0:01:04.046631
INFO:root:Epoch 71
INFO:root:[71,     0] loss: 3.611319e-02 masks: 20.0 20.0 [wd: 5.71e-02] [lr: 9.90e-04] [mem: 7.73e+03] (214.4 ms)
INFO:root:[71,     0] grad_stats: [1.94e-03 2.01e-04] (2.10e-05, 4.22e-03)
INFO:root:[71,   116] loss: 3.687759e-02 masks: 22.4 17.2 [wd: 5.74e-02] [lr: 9.89e-04] [mem: 7.73e+03] (219.2 ms)
INFO:root:[71,   116] grad_stats: [1.22e-03 2.11e-04] (3.12e-05, 2.92e-03)
INFO:root:[71,   232] loss: 3.811179e-02 masks: 21.5 17.5 [wd: 5.76e-02] [lr: 9.89e-04] [mem: 7.73e+03] (217.3 ms)
INFO:root:[71,   232] grad_stats: [2.94e-03 2.43e-04] (2.79e-05, 4.50e-03)
INFO:root:avg. loss 3.81117912e-02
INFO:root:time taken for epoch 0:01:04.241001
INFO:root:Epoch 72
INFO:root:[72,     0] loss: 3.355151e-02 masks: 23.0 16.0 [wd: 5.76e-02] [lr: 9.89e-04] [mem: 7.73e+03] (214.3 ms)
INFO:root:[72,     0] grad_stats: [1.44e-03 1.21e-04] (2.25e-05, 2.13e-03)
INFO:root:[72,   116] loss: 3.914875e-02 masks: 21.3 17.7 [wd: 5.79e-02] [lr: 9.88e-04] [mem: 7.73e+03] (216.1 ms)
INFO:root:[72,   116] grad_stats: [2.89e-03 2.01e-04] (2.40e-05, 4.48e-03)
INFO:root:[72,   232] loss: 3.871291e-02 masks: 22.0 17.3 [wd: 5.81e-02] [lr: 9.88e-04] [mem: 7.73e+03] (218.5 ms)
INFO:root:[72,   232] grad_stats: [1.77e-03 2.02e-04] (2.91e-05, 3.52e-03)
INFO:root:avg. loss 3.87129142e-02
INFO:root:time taken for epoch 0:01:04.441001
INFO:root:Epoch 73
INFO:root:[73,     0] loss: 5.521768e-02 masks: 14.0 20.0 [wd: 5.81e-02] [lr: 9.88e-04] [mem: 7.73e+03] (191.0 ms)
INFO:root:[73,     0] grad_stats: [3.21e-03 2.82e-04] (3.55e-05, 3.22e-03)
INFO:root:[73,   116] loss: 3.946477e-02 masks: 21.9 17.0 [wd: 5.84e-02] [lr: 9.88e-04] [mem: 7.73e+03] (217.0 ms)
INFO:root:[73,   116] grad_stats: [2.49e-03 3.04e-04] (3.88e-05, 5.32e-03)
INFO:root:[73,   232] loss: 3.907593e-02 masks: 22.4 17.0 [wd: 5.86e-02] [lr: 9.87e-04] [mem: 7.73e+03] (219.2 ms)
INFO:root:[73,   232] grad_stats: [3.06e-03 2.01e-04] (3.19e-05, 3.08e-03)
INFO:root:avg. loss 3.90759252e-02
INFO:root:time taken for epoch 0:01:04.634806
INFO:root:Epoch 74
INFO:root:[74,     0] loss: 5.434751e-02 masks: 11.0 20.0 [wd: 5.86e-02] [lr: 9.87e-04] [mem: 7.73e+03] (178.5 ms)
INFO:root:[74,     0] grad_stats: [2.23e-03 2.07e-04] (4.01e-05, 5.03e-03)
INFO:root:[74,   116] loss: 3.977962e-02 masks: 22.7 16.9 [wd: 5.89e-02] [lr: 9.87e-04] [mem: 7.73e+03] (219.6 ms)
INFO:root:[74,   116] grad_stats: [3.15e-03 4.30e-04] (3.30e-05, 4.80e-03)
INFO:root:[74,   232] loss: 3.996676e-02 masks: 22.4 17.0 [wd: 5.91e-02] [lr: 9.87e-04] [mem: 7.73e+03] (219.3 ms)
INFO:root:[74,   232] grad_stats: [2.80e-03 1.58e-04] (2.60e-05, 3.73e-03)
INFO:root:avg. loss 3.99667582e-02
INFO:root:time taken for epoch 0:01:04.689099
INFO:root:Epoch 75
INFO:root:[75,     0] loss: 4.967138e-02 masks: 13.0 20.0 [wd: 5.91e-02] [lr: 9.87e-04] [mem: 7.73e+03] (187.6 ms)
INFO:root:[75,     0] grad_stats: [1.23e-03 2.79e-04] (3.18e-05, 2.61e-03)
INFO:root:[75,   116] loss: 4.095252e-02 masks: 21.4 17.5 [wd: 5.94e-02] [lr: 9.86e-04] [mem: 7.73e+03] (216.1 ms)
INFO:root:[75,   116] grad_stats: [1.74e-03 1.51e-04] (3.25e-05, 1.91e-03)
INFO:root:[75,   232] loss: 4.063102e-02 masks: 21.9 17.3 [wd: 5.96e-02] [lr: 9.86e-04] [mem: 7.73e+03] (218.4 ms)
INFO:root:[75,   232] grad_stats: [1.53e-03 2.63e-04] (4.11e-05, 5.56e-03)
INFO:root:avg. loss 4.06310217e-02
INFO:root:time taken for epoch 0:01:04.416512
INFO:root:Epoch 76
INFO:root:[76,     0] loss: 4.596473e-02 masks: 15.0 20.0 [wd: 5.96e-02] [lr: 9.86e-04] [mem: 7.73e+03] (193.9 ms)
INFO:root:[76,     0] grad_stats: [2.56e-03 3.26e-04] (3.27e-05, 3.79e-03)
INFO:root:[76,   116] loss: 4.092276e-02 masks: 21.6 17.5 [wd: 5.99e-02] [lr: 9.85e-04] [mem: 7.73e+03] (216.6 ms)
INFO:root:[76,   116] grad_stats: [4.55e-03 2.36e-04] (3.71e-05, 5.26e-03)
INFO:root:[76,   232] loss: 4.110847e-02 masks: 21.6 17.5 [wd: 6.01e-02] [lr: 9.85e-04] [mem: 7.73e+03] (217.3 ms)
INFO:root:[76,   232] grad_stats: [3.15e-03 1.57e-04] (2.93e-05, 3.20e-03)
INFO:root:avg. loss 4.11084729e-02
INFO:root:time taken for epoch 0:01:04.234819
INFO:root:Epoch 77
INFO:root:[77,     0] loss: 4.712652e-02 masks: 17.0 20.0 [wd: 6.01e-02] [lr: 9.85e-04] [mem: 7.73e+03] (202.9 ms)
INFO:root:[77,     0] grad_stats: [1.89e-03 2.96e-04] (3.48e-05, 3.52e-03)
INFO:root:[77,   116] loss: 4.025937e-02 masks: 23.1 16.8 [wd: 6.04e-02] [lr: 9.85e-04] [mem: 7.73e+03] (221.0 ms)
INFO:root:[77,   116] grad_stats: [3.42e-03 2.59e-04] (4.86e-05, 4.96e-03)
INFO:root:[77,   232] loss: 4.120213e-02 masks: 22.4 17.1 [wd: 6.07e-02] [lr: 9.84e-04] [mem: 7.73e+03] (219.9 ms)
INFO:root:[77,   232] grad_stats: [1.66e-03 1.72e-04] (4.07e-05, 4.02e-03)
INFO:root:avg. loss 4.12021253e-02
INFO:root:time taken for epoch 0:01:04.857015
INFO:root:Epoch 78
INFO:root:[78,     0] loss: 3.296196e-02 masks: 33.0 12.0 [wd: 6.07e-02] [lr: 9.84e-04] [mem: 7.73e+03] (245.9 ms)
INFO:root:[78,     0] grad_stats: [2.58e-03 4.34e-04] (4.88e-05, 4.68e-03)
INFO:root:[78,   116] loss: 4.182610e-02 masks: 22.1 17.4 [wd: 6.09e-02] [lr: 9.84e-04] [mem: 7.73e+03] (218.5 ms)
INFO:root:[78,   116] grad_stats: [1.70e-03 1.77e-04] (3.68e-05, 4.48e-03)
INFO:root:[78,   232] loss: 4.220281e-02 masks: 22.0 17.3 [wd: 6.12e-02] [lr: 9.83e-04] [mem: 7.73e+03] (218.7 ms)
INFO:root:[78,   232] grad_stats: [1.98e-03 2.73e-04] (3.45e-05, 4.22e-03)
INFO:root:avg. loss 4.22028097e-02
INFO:root:time taken for epoch 0:01:04.522738
INFO:root:Epoch 79
INFO:root:[79,     0] loss: 4.113035e-02 masks: 27.0 16.0 [wd: 6.12e-02] [lr: 9.83e-04] [mem: 7.73e+03] (232.3 ms)
INFO:root:[79,     0] grad_stats: [5.44e-03 2.40e-04] (4.21e-05, 5.44e-03)
INFO:root:[79,   116] loss: 4.301684e-02 masks: 22.1 17.4 [wd: 6.15e-02] [lr: 9.83e-04] [mem: 7.73e+03] (218.6 ms)
INFO:root:[79,   116] grad_stats: [1.51e-03 1.34e-04] (3.32e-05, 2.40e-03)
INFO:root:[79,   232] loss: 4.346347e-02 masks: 22.1 17.2 [wd: 6.17e-02] [lr: 9.82e-04] [mem: 7.73e+03] (218.7 ms)
INFO:root:[79,   232] grad_stats: [3.40e-03 1.81e-04] (4.31e-05, 5.53e-03)
INFO:root:avg. loss 4.34634701e-02
INFO:root:time taken for epoch 0:01:04.482401
INFO:root:Epoch 80
INFO:root:[80,     0] loss: 4.538907e-02 masks: 22.0 16.0 [wd: 6.17e-02] [lr: 9.82e-04] [mem: 7.73e+03] (213.8 ms)
INFO:root:[80,     0] grad_stats: [3.27e-03 1.80e-04] (4.33e-05, 4.44e-03)
INFO:root:[80,   116] loss: 4.398770e-02 masks: 22.0 17.2 [wd: 6.20e-02] [lr: 9.82e-04] [mem: 7.73e+03] (217.6 ms)
INFO:root:[80,   116] grad_stats: [5.46e-03 2.13e-04] (4.47e-05, 5.46e-03)
INFO:root:[80,   232] loss: 4.431682e-02 masks: 22.0 17.3 [wd: 6.23e-02] [lr: 9.81e-04] [mem: 7.73e+03] (218.8 ms)
INFO:root:[80,   232] grad_stats: [1.92e-03 2.96e-04] (3.59e-05, 5.49e-03)
INFO:root:avg. loss 4.43168161e-02
INFO:root:time taken for epoch 0:01:04.569235
INFO:root:Epoch 81
INFO:root:[81,     0] loss: 4.567458e-02 masks: 19.0 20.0 [wd: 6.23e-02] [lr: 9.81e-04] [mem: 7.73e+03] (209.3 ms)
INFO:root:[81,     0] grad_stats: [1.84e-03 2.15e-04] (4.29e-05, 3.31e-03)
INFO:root:[81,   116] loss: 4.506587e-02 masks: 22.1 17.2 [wd: 6.25e-02] [lr: 9.81e-04] [mem: 7.73e+03] (217.9 ms)
INFO:root:[81,   116] grad_stats: [2.88e-03 2.10e-04] (4.04e-05, 6.79e-03)
INFO:root:[81,   232] loss: 4.545517e-02 masks: 22.0 17.2 [wd: 6.28e-02] [lr: 9.81e-04] [mem: 7.73e+03] (218.3 ms)
INFO:root:[81,   232] grad_stats: [1.79e-03 1.71e-04] (3.84e-05, 3.15e-03)
INFO:root:avg. loss 4.54551671e-02
INFO:root:time taken for epoch 0:01:04.367224
INFO:root:Epoch 82
INFO:root:[82,     0] loss: 3.964835e-02 masks: 27.0 16.0 [wd: 6.28e-02] [lr: 9.81e-04] [mem: 7.73e+03] (234.3 ms)
INFO:root:[82,     0] grad_stats: [1.91e-03 1.23e-04] (2.91e-05, 7.26e-03)
INFO:root:[82,   116] loss: 4.704696e-02 masks: 21.5 17.7 [wd: 6.31e-02] [lr: 9.80e-04] [mem: 7.73e+03] (216.8 ms)
INFO:root:[82,   116] grad_stats: [5.01e-03 2.53e-04] (6.29e-05, 6.71e-03)
INFO:root:[82,   232] loss: 4.661894e-02 masks: 21.7 17.5 [wd: 6.34e-02] [lr: 9.80e-04] [mem: 7.73e+03] (217.7 ms)
INFO:root:[82,   232] grad_stats: [3.07e-03 1.68e-04] (3.17e-05, 4.00e-03)
INFO:root:avg. loss 4.66189371e-02
INFO:root:time taken for epoch 0:01:04.173142
INFO:root:Epoch 83
INFO:root:[83,     0] loss: 4.639236e-02 masks: 20.0 20.0 [wd: 6.34e-02] [lr: 9.80e-04] [mem: 7.73e+03] (213.8 ms)
INFO:root:[83,     0] grad_stats: [1.61e-03 1.61e-04] (3.93e-05, 4.05e-03)
INFO:root:[83,   116] loss: 4.607803e-02 masks: 22.5 16.8 [wd: 6.36e-02] [lr: 9.79e-04] [mem: 7.73e+03] (218.7 ms)
INFO:root:[83,   116] grad_stats: [2.47e-03 1.70e-04] (3.75e-05, 3.96e-03)
INFO:root:[83,   232] loss: 4.660237e-02 masks: 22.4 17.0 [wd: 6.39e-02] [lr: 9.79e-04] [mem: 7.73e+03] (219.7 ms)
INFO:root:[83,   232] grad_stats: [1.77e-03 2.88e-04] (3.46e-05, 3.96e-03)
INFO:root:avg. loss 4.66023692e-02
INFO:root:time taken for epoch 0:01:04.776854
INFO:root:Epoch 84
INFO:root:[84,     0] loss: 4.801879e-02 masks: 17.0 20.0 [wd: 6.39e-02] [lr: 9.79e-04] [mem: 7.73e+03] (202.9 ms)
INFO:root:[84,     0] grad_stats: [3.46e-03 2.51e-04] (3.56e-05, 3.46e-03)
INFO:root:[84,   116] loss: 4.740297e-02 masks: 21.2 17.5 [wd: 6.42e-02] [lr: 9.78e-04] [mem: 7.73e+03] (215.3 ms)
INFO:root:[84,   116] grad_stats: [1.35e-03 1.63e-04] (3.23e-05, 2.35e-03)
INFO:root:[84,   232] loss: 4.776942e-02 masks: 21.7 17.4 [wd: 6.45e-02] [lr: 9.78e-04] [mem: 7.73e+03] (217.5 ms)
INFO:root:[84,   232] grad_stats: [2.03e-03 3.10e-04] (4.92e-05, 4.83e-03)
INFO:root:avg. loss 4.77694200e-02
INFO:root:time taken for epoch 0:01:04.231234
INFO:root:Epoch 85
INFO:root:[85,     0] loss: 4.780686e-02 masks: 23.0 16.0 [wd: 6.45e-02] [lr: 9.78e-04] [mem: 7.73e+03] (214.5 ms)
INFO:root:[85,     0] grad_stats: [1.41e-03 1.98e-04] (4.19e-05, 3.51e-03)
INFO:root:[85,   116] loss: 4.778831e-02 masks: 22.2 17.2 [wd: 6.48e-02] [lr: 9.77e-04] [mem: 7.73e+03] (218.2 ms)
INFO:root:[85,   116] grad_stats: [5.22e-03 2.07e-04] (4.19e-05, 5.22e-03)
INFO:root:[85,   232] loss: 4.916335e-02 masks: 21.5 17.4 [wd: 6.51e-02] [lr: 9.77e-04] [mem: 7.73e+03] (216.7 ms)
INFO:root:[85,   232] grad_stats: [1.92e-03 2.00e-04] (4.10e-05, 2.50e-03)
INFO:root:avg. loss 4.91633539e-02
INFO:root:time taken for epoch 0:01:04.037584
INFO:root:Epoch 86
INFO:root:[86,     0] loss: 4.946903e-02 masks: 21.0 16.0 [wd: 6.51e-02] [lr: 9.77e-04] [mem: 7.73e+03] (210.6 ms)
INFO:root:[86,     0] grad_stats: [3.66e-03 2.33e-04] (4.30e-05, 4.88e-03)
INFO:root:[86,   116] loss: 4.973848e-02 masks: 21.2 17.5 [wd: 6.54e-02] [lr: 9.76e-04] [mem: 7.73e+03] (215.5 ms)
INFO:root:[86,   116] grad_stats: [3.66e-03 2.93e-04] (3.45e-05, 4.34e-03)
INFO:root:[86,   232] loss: 4.947366e-02 masks: 21.7 17.3 [wd: 6.56e-02] [lr: 9.76e-04] [mem: 7.73e+03] (217.3 ms)
INFO:root:[86,   232] grad_stats: [2.38e-03 1.70e-04] (3.93e-05, 4.73e-03)
INFO:root:avg. loss 4.94736640e-02
INFO:root:time taken for epoch 0:01:04.206074
INFO:root:Epoch 87
INFO:root:[87,     0] loss: 4.081172e-02 masks: 23.0 16.0 [wd: 6.56e-02] [lr: 9.76e-04] [mem: 7.73e+03] (215.4 ms)
INFO:root:[87,     0] grad_stats: [1.73e-03 2.44e-04] (4.62e-05, 4.80e-03)
INFO:root:[87,   116] loss: 5.080788e-02 masks: 21.0 17.6 [wd: 6.59e-02] [lr: 9.75e-04] [mem: 7.73e+03] (214.6 ms)
INFO:root:[87,   116] grad_stats: [2.32e-03 3.51e-04] (3.56e-05, 3.85e-03)
INFO:root:[87,   232] loss: 5.070599e-02 masks: 21.2 17.4 [wd: 6.62e-02] [lr: 9.74e-04] [mem: 7.73e+03] (215.7 ms)
INFO:root:[87,   232] grad_stats: [1.59e-03 2.77e-04] (3.97e-05, 2.76e-03)
INFO:root:avg. loss 5.07059917e-02
INFO:root:time taken for epoch 0:01:03.832943
INFO:root:Epoch 88
INFO:root:[88,     0] loss: 5.674611e-02 masks: 18.0 20.0 [wd: 6.62e-02] [lr: 9.74e-04] [mem: 7.73e+03] (207.9 ms)
INFO:root:[88,     0] grad_stats: [3.11e-03 1.98e-04] (3.33e-05, 6.75e-03)
INFO:root:[88,   116] loss: 4.993326e-02 masks: 22.0 17.4 [wd: 6.65e-02] [lr: 9.74e-04] [mem: 7.73e+03] (218.3 ms)
INFO:root:[88,   116] grad_stats: [2.36e-03 2.34e-04] (3.53e-05, 5.62e-03)
INFO:root:[88,   232] loss: 5.027328e-02 masks: 22.1 17.3 [wd: 6.68e-02] [lr: 9.73e-04] [mem: 7.73e+03] (219.1 ms)
INFO:root:[88,   232] grad_stats: [2.95e-03 2.34e-04] (4.14e-05, 4.76e-03)
INFO:root:avg. loss 5.02732807e-02
INFO:root:time taken for epoch 0:01:04.607535
INFO:root:Epoch 89
INFO:root:[89,     0] loss: 5.135641e-02 masks: 20.0 16.0 [wd: 6.68e-02] [lr: 9.73e-04] [mem: 7.73e+03] (205.2 ms)
INFO:root:[89,     0] grad_stats: [1.80e-03 4.09e-04] (3.78e-05, 4.43e-03)
INFO:root:[89,   116] loss: 5.146171e-02 masks: 21.9 17.3 [wd: 6.71e-02] [lr: 9.73e-04] [mem: 7.73e+03] (217.5 ms)
INFO:root:[89,   116] grad_stats: [2.35e-03 2.53e-04] (3.94e-05, 8.45e-03)
INFO:root:[89,   232] loss: 5.210472e-02 masks: 21.7 17.4 [wd: 6.74e-02] [lr: 9.72e-04] [mem: 7.73e+03] (217.8 ms)
INFO:root:[89,   232] grad_stats: [4.25e-03 2.21e-04] (5.27e-05, 7.10e-03)
INFO:root:avg. loss 5.21047230e-02
INFO:root:time taken for epoch 0:01:04.317845
INFO:root:Epoch 90
INFO:root:[90,     0] loss: 4.426840e-02 masks: 25.0 16.0 [wd: 6.74e-02] [lr: 9.72e-04] [mem: 7.73e+03] (225.4 ms)
INFO:root:[90,     0] grad_stats: [2.77e-03 1.60e-04] (3.06e-05, 5.18e-03)
INFO:root:[90,   116] loss: 5.305256e-02 masks: 21.4 17.5 [wd: 6.77e-02] [lr: 9.72e-04] [mem: 7.73e+03] (215.8 ms)
INFO:root:[90,   116] grad_stats: [1.72e-03 2.02e-04] (4.83e-05, 4.54e-03)
INFO:root:[90,   232] loss: 5.294200e-02 masks: 21.7 17.4 [wd: 6.80e-02] [lr: 9.71e-04] [mem: 7.73e+03] (217.6 ms)
INFO:root:[90,   232] grad_stats: [2.14e-03 1.74e-04] (3.19e-05, 2.40e-03)
INFO:root:avg. loss 5.29420041e-02
INFO:root:time taken for epoch 0:01:04.263555
INFO:root:Epoch 91
INFO:root:[91,     0] loss: 4.867922e-02 masks: 24.0 16.0 [wd: 6.80e-02] [lr: 9.71e-04] [mem: 7.73e+03] (220.3 ms)
INFO:root:[91,     0] grad_stats: [1.75e-03 2.46e-04] (3.55e-05, 3.15e-03)
INFO:root:[91,   116] loss: 5.354463e-02 masks: 21.5 17.6 [wd: 6.83e-02] [lr: 9.71e-04] [mem: 7.73e+03] (216.9 ms)
INFO:root:[91,   116] grad_stats: [2.75e-03 2.05e-04] (4.13e-05, 4.47e-03)
INFO:root:[91,   232] loss: 5.338942e-02 masks: 21.9 17.4 [wd: 6.86e-02] [lr: 9.70e-04] [mem: 7.73e+03] (218.4 ms)
INFO:root:[91,   232] grad_stats: [2.79e-03 2.69e-04] (3.66e-05, 4.27e-03)
INFO:root:avg. loss 5.33894234e-02
INFO:root:time taken for epoch 0:01:04.408390
INFO:root:Epoch 92
INFO:root:[92,     0] loss: 4.775044e-02 masks: 33.0 12.0 [wd: 6.86e-02] [lr: 9.70e-04] [mem: 7.73e+03] (246.2 ms)
INFO:root:[92,     0] grad_stats: [4.44e-03 2.20e-04] (4.50e-05, 6.68e-03)
INFO:root:[92,   116] loss: 5.264549e-02 masks: 22.3 17.1 [wd: 6.89e-02] [lr: 9.69e-04] [mem: 7.73e+03] (218.8 ms)
INFO:root:[92,   116] grad_stats: [1.61e-03 2.25e-04] (4.69e-05, 4.98e-03)
INFO:root:[92,   232] loss: 5.336811e-02 masks: 22.2 17.2 [wd: 6.92e-02] [lr: 9.69e-04] [mem: 7.73e+03] (219.4 ms)
INFO:root:[92,   232] grad_stats: [3.71e-03 1.62e-04] (3.38e-05, 4.42e-03)
INFO:root:avg. loss 5.33681125e-02
INFO:root:time taken for epoch 0:01:04.645570
INFO:root:Epoch 93
INFO:root:[93,     0] loss: 5.701843e-02 masks: 26.0 16.0 [wd: 6.92e-02] [lr: 9.69e-04] [mem: 7.73e+03] (231.6 ms)
INFO:root:[93,     0] grad_stats: [1.39e-03 1.45e-04] (3.70e-05, 2.65e-03)
INFO:root:[93,   116] loss: 5.368835e-02 masks: 22.8 17.0 [wd: 6.96e-02] [lr: 9.68e-04] [mem: 7.73e+03] (220.4 ms)
INFO:root:[93,   116] grad_stats: [1.68e-03 2.30e-04] (3.94e-05, 4.31e-03)
INFO:root:[93,   232] loss: 5.370356e-02 masks: 22.8 16.9 [wd: 6.99e-02] [lr: 9.68e-04] [mem: 7.73e+03] (221.1 ms)
INFO:root:[93,   232] grad_stats: [3.30e-03 2.11e-04] (3.88e-05, 4.80e-03)
INFO:root:avg. loss 5.37035578e-02
INFO:root:time taken for epoch 0:01:04.979216
INFO:root:Epoch 94
INFO:root:[94,     0] loss: 7.073615e-02 masks: 14.0 20.0 [wd: 6.99e-02] [lr: 9.68e-04] [mem: 7.73e+03] (192.3 ms)
INFO:root:[94,     0] grad_stats: [1.58e-03 1.89e-04] (3.91e-05, 4.73e-03)
INFO:root:[94,   116] loss: 5.602051e-02 masks: 22.0 17.1 [wd: 7.02e-02] [lr: 9.67e-04] [mem: 7.73e+03] (217.4 ms)
INFO:root:[94,   116] grad_stats: [2.08e-03 2.07e-04] (3.63e-05, 3.11e-03)
INFO:root:[94,   232] loss: 5.575060e-02 masks: 22.1 17.2 [wd: 7.05e-02] [lr: 9.66e-04] [mem: 7.73e+03] (218.6 ms)
INFO:root:[94,   232] grad_stats: [3.14e-03 2.38e-04] (5.41e-05, 6.80e-03)
INFO:root:avg. loss 5.57506012e-02
INFO:root:time taken for epoch 0:01:04.487474
INFO:root:Epoch 95
INFO:root:[95,     0] loss: 5.817493e-02 masks: 19.0 20.0 [wd: 7.05e-02] [lr: 9.66e-04] [mem: 7.73e+03] (211.7 ms)
INFO:root:[95,     0] grad_stats: [1.87e-03 1.65e-04] (3.96e-05, 3.69e-03)
INFO:root:[95,   116] loss: 5.583695e-02 masks: 22.4 17.1 [wd: 7.08e-02] [lr: 9.66e-04] [mem: 7.73e+03] (218.9 ms)
INFO:root:[95,   116] grad_stats: [1.98e-03 1.48e-04] (2.99e-05, 4.68e-03)
INFO:root:[95,   232] loss: 5.618424e-02 masks: 22.2 17.2 [wd: 7.11e-02] [lr: 9.65e-04] [mem: 7.73e+03] (219.1 ms)
INFO:root:[95,   232] grad_stats: [2.14e-03 2.77e-04] (6.55e-05, 7.38e-03)
INFO:root:avg. loss 5.61842442e-02
INFO:root:time taken for epoch 0:01:04.590795
INFO:root:Epoch 96
INFO:root:[96,     0] loss: 6.469190e-02 masks: 15.0 20.0 [wd: 7.11e-02] [lr: 9.65e-04] [mem: 7.73e+03] (193.7 ms)
INFO:root:[96,     0] grad_stats: [2.87e-03 1.91e-04] (3.93e-05, 7.27e-03)
INFO:root:[96,   116] loss: 5.589924e-02 masks: 22.5 16.9 [wd: 7.14e-02] [lr: 9.65e-04] [mem: 7.73e+03] (218.9 ms)
INFO:root:[96,   116] grad_stats: [2.32e-03 1.92e-04] (3.25e-05, 5.80e-03)
INFO:root:[96,   232] loss: 5.631216e-02 masks: 22.4 17.0 [wd: 7.18e-02] [lr: 9.64e-04] [mem: 7.73e+03] (219.5 ms)
INFO:root:[96,   232] grad_stats: [2.81e-03 2.16e-04] (4.25e-05, 4.07e-03)
INFO:root:avg. loss 5.63121557e-02
INFO:root:time taken for epoch 0:01:04.714955
INFO:root:Epoch 97
INFO:root:[97,     0] loss: 5.455667e-02 masks: 25.0 16.0 [wd: 7.18e-02] [lr: 9.64e-04] [mem: 7.73e+03] (224.9 ms)
INFO:root:[97,     0] grad_stats: [2.83e-03 1.65e-04] (3.68e-05, 6.33e-03)
INFO:root:[97,   116] loss: 5.802313e-02 masks: 21.4 17.5 [wd: 7.21e-02] [lr: 9.63e-04] [mem: 7.73e+03] (216.3 ms)
INFO:root:[97,   116] grad_stats: [2.16e-03 1.80e-04] (4.25e-05, 3.96e-03)
INFO:root:[97,   232] loss: 5.760672e-02 masks: 21.7 17.3 [wd: 7.24e-02] [lr: 9.63e-04] [mem: 7.73e+03] (217.5 ms)
INFO:root:[97,   232] grad_stats: [2.73e-03 1.87e-04] (3.18e-05, 3.20e-03)
INFO:root:avg. loss 5.76067212e-02
INFO:root:time taken for epoch 0:01:04.251910
INFO:root:Epoch 98
INFO:root:[98,     0] loss: 5.814607e-02 masks: 19.0 20.0 [wd: 7.24e-02] [lr: 9.63e-04] [mem: 7.73e+03] (211.0 ms)
INFO:root:[98,     0] grad_stats: [1.52e-03 1.70e-04] (4.27e-05, 3.53e-03)
INFO:root:[98,   116] loss: 5.726134e-02 masks: 22.2 17.2 [wd: 7.27e-02] [lr: 9.62e-04] [mem: 7.73e+03] (218.6 ms)
INFO:root:[98,   116] grad_stats: [2.30e-03 1.85e-04] (3.92e-05, 2.89e-03)
INFO:root:[98,   232] loss: 5.745030e-02 masks: 22.1 17.3 [wd: 7.31e-02] [lr: 9.61e-04] [mem: 7.73e+03] (219.1 ms)
INFO:root:[98,   232] grad_stats: [1.42e-03 1.84e-04] (4.17e-05, 5.38e-03)
INFO:root:avg. loss 5.74502995e-02
INFO:root:time taken for epoch 0:01:04.640445
INFO:root:Epoch 99
INFO:root:[99,     0] loss: 6.365353e-02 masks: 18.0 20.0 [wd: 7.31e-02] [lr: 9.61e-04] [mem: 7.73e+03] (207.8 ms)
INFO:root:[99,     0] grad_stats: [2.72e-03 1.74e-04] (3.89e-05, 5.24e-03)
INFO:root:[99,   116] loss: 5.796187e-02 masks: 22.5 17.1 [wd: 7.34e-02] [lr: 9.61e-04] [mem: 7.73e+03] (219.8 ms)
INFO:root:[99,   116] grad_stats: [2.86e-03 1.88e-04] (4.05e-05, 3.32e-03)
INFO:root:[99,   232] loss: 5.806720e-02 masks: 22.2 17.3 [wd: 7.37e-02] [lr: 9.60e-04] [mem: 7.73e+03] (219.2 ms)
INFO:root:[99,   232] grad_stats: [2.11e-03 2.31e-04] (4.97e-05, 4.90e-03)
INFO:root:avg. loss 5.80671987e-02
INFO:root:time taken for epoch 0:01:05.416807
INFO:root:Epoch 100
INFO:root:[100,     0] loss: 6.378564e-02 masks: 20.0 16.0 [wd: 7.37e-02] [lr: 9.60e-04] [mem: 7.73e+03] (206.0 ms)
INFO:root:[100,     0] grad_stats: [2.36e-03 1.64e-04] (3.90e-05, 5.91e-03)
INFO:root:[100,   116] loss: 5.810832e-02 masks: 22.4 17.2 [wd: 7.40e-02] [lr: 9.59e-04] [mem: 7.73e+03] (219.1 ms)
INFO:root:[100,   116] grad_stats: [1.46e-03 1.76e-04] (4.28e-05, 4.68e-03)
INFO:root:[100,   232] loss: 5.896740e-02 masks: 22.1 17.2 [wd: 7.44e-02] [lr: 9.59e-04] [mem: 7.73e+03] (218.8 ms)
INFO:root:[100,   232] grad_stats: [3.80e-03 2.75e-04] (4.69e-05, 4.53e-03)
INFO:root:avg. loss 5.89673988e-02
INFO:root:	Epoch 100, KNN accuracy train: 6.97639e-01, KNN accuracy train: 5.54333e-01
INFO:root:time taken for epoch 0:01:46.720798
INFO:root:Epoch 101
INFO:root:[101,     0] loss: 6.370188e-02 masks: 17.0 20.0 [wd: 7.44e-02] [lr: 9.59e-04] [mem: 7.73e+03] (200.1 ms)
INFO:root:[101,     0] grad_stats: [1.87e-03 2.10e-04] (3.70e-05, 3.30e-03)
INFO:root:[101,   116] loss: 5.968782e-02 masks: 22.1 17.2 [wd: 7.47e-02] [lr: 9.58e-04] [mem: 7.73e+03] (217.4 ms)
INFO:root:[101,   116] grad_stats: [2.53e-03 2.23e-04] (4.56e-05, 4.80e-03)
INFO:root:[101,   232] loss: 6.016751e-02 masks: 21.7 17.4 [wd: 7.50e-02] [lr: 9.57e-04] [mem: 7.73e+03] (216.8 ms)
INFO:root:[101,   232] grad_stats: [1.63e-03 2.82e-04] (3.70e-05, 3.49e-03)
INFO:root:avg. loss 6.01675112e-02
INFO:root:time taken for epoch 0:01:04.044353
INFO:root:Epoch 102
INFO:root:[102,     0] loss: 7.269448e-02 masks: 16.0 20.0 [wd: 7.50e-02] [lr: 9.57e-04] [mem: 7.73e+03] (198.2 ms)
INFO:root:[102,     0] grad_stats: [1.81e-03 2.15e-04] (4.05e-05, 5.76e-03)
INFO:root:[102,   116] loss: 6.071809e-02 masks: 21.9 17.3 [wd: 7.54e-02] [lr: 9.57e-04] [mem: 7.73e+03] (217.0 ms)
INFO:root:[102,   116] grad_stats: [3.29e-03 2.38e-04] (4.95e-05, 8.84e-03)
INFO:root:[102,   232] loss: 6.044036e-02 masks: 22.1 17.4 [wd: 7.57e-02] [lr: 9.56e-04] [mem: 7.73e+03] (219.0 ms)
INFO:root:[102,   232] grad_stats: [2.09e-03 2.41e-04] (4.62e-05, 5.00e-03)
INFO:root:avg. loss 6.04403554e-02
INFO:root:time taken for epoch 0:01:04.514894
INFO:root:Epoch 103
INFO:root:[103,     0] loss: 4.234832e-02 masks: 36.0 12.0 [wd: 7.57e-02] [lr: 9.56e-04] [mem: 7.73e+03] (259.4 ms)
INFO:root:[103,     0] grad_stats: [2.07e-03 2.23e-04] (4.69e-05, 6.59e-03)
INFO:root:[103,   116] loss: 6.036601e-02 masks: 23.0 16.9 [wd: 7.61e-02] [lr: 9.55e-04] [mem: 7.73e+03] (220.8 ms)
INFO:root:[103,   116] grad_stats: [1.61e-03 1.62e-04] (3.89e-05, 4.30e-03)
INFO:root:[103,   232] loss: 6.066324e-02 masks: 22.6 17.0 [wd: 7.64e-02] [lr: 9.54e-04] [mem: 7.73e+03] (220.4 ms)
INFO:root:[103,   232] grad_stats: [2.47e-03 2.05e-04] (4.16e-05, 5.12e-03)
INFO:root:avg. loss 6.06632421e-02
INFO:root:time taken for epoch 0:01:04.906763
INFO:root:Epoch 104
INFO:root:[104,     0] loss: 6.069610e-02 masks: 22.0 20.0 [wd: 7.64e-02] [lr: 9.54e-04] [mem: 7.73e+03] (224.6 ms)
INFO:root:[104,     0] grad_stats: [2.28e-03 2.65e-04] (4.25e-05, 6.11e-03)
INFO:root:[104,   116] loss: 6.232273e-02 masks: 21.5 17.4 [wd: 7.67e-02] [lr: 9.54e-04] [mem: 7.73e+03] (216.0 ms)
INFO:root:[104,   116] grad_stats: [2.98e-03 2.43e-04] (3.34e-05, 5.09e-03)
INFO:root:[104,   232] loss: 6.179234e-02 masks: 22.1 17.1 [wd: 7.71e-02] [lr: 9.53e-04] [mem: 7.73e+03] (218.2 ms)
INFO:root:[104,   232] grad_stats: [3.34e-03 1.88e-04] (4.04e-05, 5.77e-03)
INFO:root:avg. loss 6.17923376e-02
INFO:root:time taken for epoch 0:01:04.401025
INFO:root:Epoch 105
INFO:root:[105,     0] loss: 4.682133e-02 masks: 33.0 12.0 [wd: 7.71e-02] [lr: 9.53e-04] [mem: 7.73e+03] (245.5 ms)
INFO:root:[105,     0] grad_stats: [4.19e-03 2.31e-04] (4.97e-05, 1.35e-02)
INFO:root:[105,   116] loss: 6.235661e-02 masks: 21.6 17.4 [wd: 7.74e-02] [lr: 9.52e-04] [mem: 7.73e+03] (216.5 ms)
INFO:root:[105,   116] grad_stats: [2.81e-03 2.58e-04] (4.61e-05, 7.58e-03)
INFO:root:[105,   232] loss: 6.243714e-02 masks: 21.6 17.4 [wd: 7.78e-02] [lr: 9.52e-04] [mem: 7.73e+03] (217.3 ms)
INFO:root:[105,   232] grad_stats: [1.33e-03 1.75e-04] (4.35e-05, 4.65e-03)
INFO:root:avg. loss 6.24371405e-02
INFO:root:time taken for epoch 0:01:04.060368
INFO:root:Epoch 106
INFO:root:[106,     0] loss: 6.236898e-02 masks: 21.0 16.0 [wd: 7.78e-02] [lr: 9.52e-04] [mem: 7.73e+03] (209.5 ms)
INFO:root:[106,     0] grad_stats: [2.20e-03 1.82e-04] (2.83e-05, 5.14e-03)
INFO:root:[106,   116] loss: 6.285117e-02 masks: 22.0 17.4 [wd: 7.81e-02] [lr: 9.51e-04] [mem: 7.73e+03] (218.2 ms)
INFO:root:[106,   116] grad_stats: [1.65e-03 1.81e-04] (4.08e-05, 4.43e-03)
INFO:root:[106,   232] loss: 6.302277e-02 masks: 22.1 17.3 [wd: 7.85e-02] [lr: 9.50e-04] [mem: 7.73e+03] (219.0 ms)
INFO:root:[106,   232] grad_stats: [2.22e-03 1.95e-04] (4.00e-05, 2.96e-03)
INFO:root:avg. loss 6.30227683e-02
INFO:root:time taken for epoch 0:01:04.591812
INFO:root:Epoch 107
INFO:root:[107,     0] loss: 7.229129e-02 masks: 18.0 20.0 [wd: 7.85e-02] [lr: 9.50e-04] [mem: 7.73e+03] (204.3 ms)
INFO:root:[107,     0] grad_stats: [2.88e-03 3.57e-04] (5.27e-05, 4.48e-03)
INFO:root:[107,   116] loss: 6.405711e-02 masks: 21.3 17.4 [wd: 7.88e-02] [lr: 9.49e-04] [mem: 7.73e+03] (215.3 ms)
INFO:root:[107,   116] grad_stats: [1.73e-03 2.67e-04] (5.52e-05, 3.74e-03)
INFO:root:[107,   232] loss: 6.416710e-02 masks: 21.3 17.5 [wd: 7.92e-02] [lr: 9.49e-04] [mem: 7.73e+03] (216.0 ms)
INFO:root:[107,   232] grad_stats: [1.06e-03 1.83e-04] (3.75e-05, 7.49e-03)
INFO:root:avg. loss 6.41671044e-02
INFO:root:time taken for epoch 0:01:03.891194
INFO:root:Epoch 108
INFO:root:[108,     0] loss: 6.997094e-02 masks: 15.0 20.0 [wd: 7.92e-02] [lr: 9.49e-04] [mem: 7.73e+03] (195.1 ms)
INFO:root:[108,     0] grad_stats: [2.89e-03 1.99e-04] (3.86e-05, 5.90e-03)
INFO:root:[108,   116] loss: 6.396175e-02 masks: 21.9 17.3 [wd: 7.95e-02] [lr: 9.48e-04] [mem: 7.73e+03] (217.3 ms)
INFO:root:[108,   116] grad_stats: [2.80e-03 2.79e-04] (4.75e-05, 4.23e-03)
INFO:root:[108,   232] loss: 6.435201e-02 masks: 22.0 17.2 [wd: 7.99e-02] [lr: 9.47e-04] [mem: 7.73e+03] (218.4 ms)
INFO:root:[108,   232] grad_stats: [1.50e-03 1.93e-04] (3.70e-05, 2.88e-03)
INFO:root:avg. loss 6.43520149e-02
INFO:root:time taken for epoch 0:01:04.447626
INFO:root:Epoch 109
INFO:root:[109,     0] loss: 5.455903e-02 masks: 26.0 16.0 [wd: 7.99e-02] [lr: 9.47e-04] [mem: 7.73e+03] (228.9 ms)
INFO:root:[109,     0] grad_stats: [1.12e-03 2.37e-04] (4.40e-05, 3.73e-03)
INFO:root:[109,   116] loss: 6.590774e-02 masks: 21.3 17.7 [wd: 8.02e-02] [lr: 9.46e-04] [mem: 7.73e+03] (216.0 ms)
INFO:root:[109,   116] grad_stats: [1.28e-03 1.87e-04] (3.30e-05, 3.58e-03)
INFO:root:[109,   232] loss: 6.562173e-02 masks: 22.0 17.3 [wd: 8.06e-02] [lr: 9.46e-04] [mem: 7.73e+03] (218.5 ms)
INFO:root:[109,   232] grad_stats: [1.69e-03 2.01e-04] (4.23e-05, 5.58e-03)
INFO:root:avg. loss 6.56217279e-02
INFO:root:time taken for epoch 0:01:04.356399
INFO:root:Epoch 110
INFO:root:[110,     0] loss: 5.735119e-02 masks: 37.0 12.0 [wd: 8.06e-02] [lr: 9.46e-04] [mem: 7.73e+03] (265.3 ms)
INFO:root:[110,     0] grad_stats: [4.02e-03 2.80e-04] (5.73e-05, 5.16e-03)
INFO:root:[110,   116] loss: 6.578800e-02 masks: 21.9 17.2 [wd: 8.09e-02] [lr: 9.45e-04] [mem: 7.73e+03] (217.3 ms)
INFO:root:[110,   116] grad_stats: [1.84e-03 2.38e-04] (5.70e-05, 4.93e-03)
INFO:root:[110,   232] loss: 6.652247e-02 masks: 21.6 17.3 [wd: 8.13e-02] [lr: 9.44e-04] [mem: 7.73e+03] (217.0 ms)
INFO:root:[110,   232] grad_stats: [1.35e-03 2.45e-04] (5.69e-05, 7.02e-03)
INFO:root:avg. loss 6.65224729e-02
INFO:root:time taken for epoch 0:01:04.102134
INFO:root:Epoch 111
INFO:root:[111,     0] loss: 6.881148e-02 masks: 19.0 20.0 [wd: 8.13e-02] [lr: 9.44e-04] [mem: 7.73e+03] (210.9 ms)
INFO:root:[111,     0] grad_stats: [2.76e-03 2.45e-04] (5.38e-05, 6.93e-03)
INFO:root:[111,   116] loss: 6.570403e-02 masks: 22.3 17.1 [wd: 8.17e-02] [lr: 9.43e-04] [mem: 7.73e+03] (218.8 ms)
INFO:root:[111,   116] grad_stats: [2.68e-03 2.44e-04] (6.97e-05, 5.46e-03)
INFO:root:[111,   232] loss: 6.664780e-02 masks: 21.9 17.3 [wd: 8.20e-02] [lr: 9.42e-04] [mem: 7.73e+03] (218.5 ms)
INFO:root:[111,   232] grad_stats: [1.44e-03 2.51e-04] (4.57e-05, 6.60e-03)
INFO:root:avg. loss 6.66477951e-02
INFO:root:time taken for epoch 0:01:04.413756
INFO:root:Epoch 112
INFO:root:[112,     0] loss: 6.561903e-02 masks: 18.0 20.0 [wd: 8.20e-02] [lr: 9.42e-04] [mem: 7.73e+03] (206.3 ms)
INFO:root:[112,     0] grad_stats: [3.45e-03 2.08e-04] (4.39e-05, 6.15e-03)
INFO:root:[112,   116] loss: 6.698832e-02 masks: 22.1 17.2 [wd: 8.24e-02] [lr: 9.42e-04] [mem: 7.73e+03] (218.3 ms)
INFO:root:[112,   116] grad_stats: [1.74e-03 1.91e-04] (4.95e-05, 6.52e-03)
INFO:root:[112,   232] loss: 6.706533e-02 masks: 22.0 17.2 [wd: 8.28e-02] [lr: 9.41e-04] [mem: 7.73e+03] (218.4 ms)
INFO:root:[112,   232] grad_stats: [3.07e-03 2.88e-04] (4.65e-05, 7.37e-03)
INFO:root:avg. loss 6.70653347e-02
INFO:root:time taken for epoch 0:01:04.486323
INFO:root:Epoch 113
INFO:root:[113,     0] loss: 7.046957e-02 masks: 20.0 20.0 [wd: 8.28e-02] [lr: 9.41e-04] [mem: 7.73e+03] (213.0 ms)
INFO:root:[113,     0] grad_stats: [2.72e-03 1.78e-04] (4.58e-05, 6.80e-03)
INFO:root:[113,   116] loss: 6.738300e-02 masks: 22.4 17.1 [wd: 8.31e-02] [lr: 9.40e-04] [mem: 7.73e+03] (218.9 ms)
INFO:root:[113,   116] grad_stats: [1.59e-03 3.41e-04] (6.86e-05, 8.18e-03)
INFO:root:[113,   232] loss: 6.823798e-02 masks: 22.1 17.2 [wd: 8.35e-02] [lr: 9.39e-04] [mem: 7.73e+03] (218.8 ms)
INFO:root:[113,   232] grad_stats: [2.72e-03 2.83e-04] (5.03e-05, 5.15e-03)
INFO:root:avg. loss 6.82379770e-02
INFO:root:time taken for epoch 0:01:04.541468
INFO:root:Epoch 114
INFO:root:[114,     0] loss: 7.042904e-02 masks: 21.0 16.0 [wd: 8.35e-02] [lr: 9.39e-04] [mem: 7.73e+03] (209.1 ms)
INFO:root:[114,     0] grad_stats: [1.39e-03 2.77e-04] (4.95e-05, 6.22e-03)
INFO:root:[114,   116] loss: 6.965630e-02 masks: 21.3 17.4 [wd: 8.39e-02] [lr: 9.38e-04] [mem: 7.73e+03] (215.5 ms)
INFO:root:[114,   116] grad_stats: [4.49e-03 2.41e-04] (4.95e-05, 5.21e-03)
INFO:root:[114,   232] loss: 6.904876e-02 masks: 21.8 17.3 [wd: 8.42e-02] [lr: 9.38e-04] [mem: 7.73e+03] (217.7 ms)
INFO:root:[114,   232] grad_stats: [2.75e-03 2.06e-04] (5.02e-05, 1.10e-02)
INFO:root:avg. loss 6.90487583e-02
INFO:root:time taken for epoch 0:01:04.253730
INFO:root:Epoch 115
INFO:root:[115,     0] loss: 7.590724e-02 masks: 17.0 20.0 [wd: 8.42e-02] [lr: 9.38e-04] [mem: 7.73e+03] (203.5 ms)
INFO:root:[115,     0] grad_stats: [2.39e-03 2.81e-04] (8.18e-05, 1.29e-02)
INFO:root:[115,   116] loss: 6.893643e-02 masks: 22.0 17.4 [wd: 8.46e-02] [lr: 9.37e-04] [mem: 7.73e+03] (218.2 ms)
INFO:root:[115,   116] grad_stats: [1.46e-03 2.84e-04] (4.62e-05, 5.18e-03)
INFO:root:[115,   232] loss: 6.981718e-02 masks: 21.7 17.5 [wd: 8.50e-02] [lr: 9.36e-04] [mem: 7.73e+03] (217.7 ms)
INFO:root:[115,   232] grad_stats: [1.83e-03 1.92e-04] (4.72e-05, 5.29e-03)
INFO:root:avg. loss 6.98171781e-02
INFO:root:time taken for epoch 0:01:04.166665
INFO:root:Epoch 116
INFO:root:[116,     0] loss: 6.094882e-02 masks: 26.0 16.0 [wd: 8.50e-02] [lr: 9.36e-04] [mem: 7.73e+03] (230.5 ms)
INFO:root:[116,     0] grad_stats: [2.68e-03 2.38e-04] (5.13e-05, 3.40e-03)
INFO:root:[116,   116] loss: 7.010175e-02 masks: 22.2 17.0 [wd: 8.54e-02] [lr: 9.35e-04] [mem: 7.73e+03] (218.3 ms)
INFO:root:[116,   116] grad_stats: [2.19e-03 1.54e-04] (4.60e-05, 5.92e-03)
INFO:root:[116,   232] loss: 7.040399e-02 masks: 22.0 17.2 [wd: 8.57e-02] [lr: 9.34e-04] [mem: 7.73e+03] (218.3 ms)
INFO:root:[116,   232] grad_stats: [1.08e-03 2.68e-04] (5.93e-05, 4.47e-03)
INFO:root:avg. loss 7.04039947e-02
INFO:root:time taken for epoch 0:01:04.493509
INFO:root:Epoch 117
INFO:root:[117,     0] loss: 6.890383e-02 masks: 23.0 16.0 [wd: 8.57e-02] [lr: 9.34e-04] [mem: 7.73e+03] (215.1 ms)
INFO:root:[117,     0] grad_stats: [2.03e-03 2.13e-04] (3.99e-05, 4.78e-03)
INFO:root:[117,   116] loss: 7.116731e-02 masks: 21.9 17.2 [wd: 8.61e-02] [lr: 9.33e-04] [mem: 7.73e+03] (217.1 ms)
INFO:root:[117,   116] grad_stats: [3.62e-03 2.12e-04] (5.77e-05, 5.23e-03)
INFO:root:[117,   232] loss: 7.065481e-02 masks: 22.1 17.2 [wd: 8.65e-02] [lr: 9.33e-04] [mem: 7.73e+03] (218.5 ms)
INFO:root:[117,   232] grad_stats: [4.12e-03 1.99e-04] (5.40e-05, 8.12e-03)
INFO:root:avg. loss 7.06548096e-02
INFO:root:time taken for epoch 0:01:04.440231
INFO:root:Epoch 118
INFO:root:[118,     0] loss: 6.563615e-02 masks: 25.0 16.0 [wd: 8.65e-02] [lr: 9.33e-04] [mem: 7.73e+03] (223.9 ms)
INFO:root:[118,     0] grad_stats: [1.80e-03 2.41e-04] (6.20e-05, 5.14e-03)
INFO:root:[118,   116] loss: 7.078804e-02 masks: 22.1 17.5 [wd: 8.69e-02] [lr: 9.32e-04] [mem: 7.73e+03] (218.7 ms)
INFO:root:[118,   116] grad_stats: [1.58e-03 3.41e-04] (6.69e-05, 4.16e-03)
INFO:root:[118,   232] loss: 7.148666e-02 masks: 21.9 17.5 [wd: 8.72e-02] [lr: 9.31e-04] [mem: 7.73e+03] (218.3 ms)
INFO:root:[118,   232] grad_stats: [2.11e-03 2.88e-04] (4.49e-05, 3.88e-03)
INFO:root:avg. loss 7.14866591e-02
INFO:root:time taken for epoch 0:01:04.466324
INFO:root:Epoch 119
INFO:root:[119,     0] loss: 8.625755e-02 masks: 16.0 20.0 [wd: 8.73e-02] [lr: 9.31e-04] [mem: 7.73e+03] (198.5 ms)
INFO:root:[119,     0] grad_stats: [3.89e-03 4.35e-04] (5.82e-05, 7.73e-03)
INFO:root:[119,   116] loss: 7.094026e-02 masks: 22.2 17.3 [wd: 8.76e-02] [lr: 9.30e-04] [mem: 7.73e+03] (218.6 ms)
INFO:root:[119,   116] grad_stats: [2.69e-03 2.05e-04] (5.03e-05, 5.12e-03)
INFO:root:[119,   232] loss: 7.134354e-02 masks: 21.9 17.4 [wd: 8.80e-02] [lr: 9.29e-04] [mem: 7.73e+03] (218.2 ms)
INFO:root:[119,   232] grad_stats: [2.78e-03 2.54e-04] (4.36e-05, 5.28e-03)
INFO:root:avg. loss 7.13435409e-02
INFO:root:time taken for epoch 0:01:04.406685
INFO:root:Epoch 120
INFO:root:[120,     0] loss: 7.121270e-02 masks: 21.0 16.0 [wd: 8.80e-02] [lr: 9.29e-04] [mem: 7.73e+03] (209.5 ms)
INFO:root:[120,     0] grad_stats: [3.65e-03 2.29e-04] (4.84e-05, 7.31e-03)
INFO:root:[120,   116] loss: 7.127348e-02 masks: 22.0 17.2 [wd: 8.84e-02] [lr: 9.28e-04] [mem: 7.73e+03] (217.6 ms)
INFO:root:[120,   116] grad_stats: [2.11e-03 3.65e-04] (5.41e-05, 4.06e-03)
INFO:root:[120,   232] loss: 7.133485e-02 masks: 22.4 17.0 [wd: 8.88e-02] [lr: 9.27e-04] [mem: 7.73e+03] (219.3 ms)
INFO:root:[120,   232] grad_stats: [2.26e-03 2.07e-04] (4.84e-05, 3.79e-03)
INFO:root:avg. loss 7.13348481e-02
INFO:root:time taken for epoch 0:01:04.634352
INFO:root:Epoch 121
INFO:root:[121,     0] loss: 6.485996e-02 masks: 29.0 16.0 [wd: 8.88e-02] [lr: 9.27e-04] [mem: 7.73e+03] (240.2 ms)
INFO:root:[121,     0] grad_stats: [2.75e-03 2.30e-04] (5.58e-05, 5.29e-03)
INFO:root:[121,   116] loss: 7.242736e-02 masks: 21.9 17.2 [wd: 8.92e-02] [lr: 9.26e-04] [mem: 7.73e+03] (216.9 ms)
INFO:root:[121,   116] grad_stats: [1.88e-03 2.40e-04] (5.28e-05, 7.37e-03)
INFO:root:[121,   232] loss: 7.213842e-02 masks: 22.2 17.0 [wd: 8.96e-02] [lr: 9.26e-04] [mem: 7.73e+03] (218.7 ms)
INFO:root:[121,   232] grad_stats: [1.75e-03 2.28e-04] (5.84e-05, 8.22e-03)
INFO:root:avg. loss 7.21384184e-02
INFO:root:time taken for epoch 0:01:04.469046
INFO:root:Epoch 122
INFO:root:[122,     0] loss: 7.724680e-02 masks: 21.0 20.0 [wd: 8.96e-02] [lr: 9.25e-04] [mem: 7.73e+03] (217.1 ms)
INFO:root:[122,     0] grad_stats: [2.07e-03 3.33e-04] (5.55e-05, 5.95e-03)
INFO:root:[122,   116] loss: 7.223940e-02 masks: 22.5 17.2 [wd: 9.00e-02] [lr: 9.25e-04] [mem: 7.73e+03] (219.4 ms)
INFO:root:[122,   116] grad_stats: [1.41e-03 1.44e-04] (3.76e-05, 5.76e-03)
INFO:root:[122,   232] loss: 7.249126e-02 masks: 22.2 17.2 [wd: 9.03e-02] [lr: 9.24e-04] [mem: 7.73e+03] (219.3 ms)
INFO:root:[122,   232] grad_stats: [2.35e-03 3.21e-04] (9.04e-05, 1.54e-02)
INFO:root:avg. loss 7.24912555e-02
INFO:root:time taken for epoch 0:01:04.659143
INFO:root:Epoch 123
INFO:root:[123,     0] loss: 7.823283e-02 masks: 17.0 20.0 [wd: 9.03e-02] [lr: 9.24e-04] [mem: 7.73e+03] (202.8 ms)
INFO:root:[123,     0] grad_stats: [1.21e-03 2.53e-04] (8.17e-05, 7.06e-03)
INFO:root:[123,   116] loss: 7.387807e-02 masks: 21.5 17.4 [wd: 9.07e-02] [lr: 9.23e-04] [mem: 7.73e+03] (216.3 ms)
INFO:root:[123,   116] grad_stats: [4.35e-03 3.98e-04] (6.57e-05, 5.91e-03)
INFO:root:[123,   232] loss: 7.343981e-02 masks: 21.9 17.3 [wd: 9.11e-02] [lr: 9.22e-04] [mem: 7.73e+03] (218.3 ms)
INFO:root:[123,   232] grad_stats: [2.04e-03 2.34e-04] (4.40e-05, 5.12e-03)
INFO:root:avg. loss 7.34398113e-02
INFO:root:time taken for epoch 0:01:04.428014
INFO:root:Epoch 124
INFO:root:[124,     0] loss: 7.042623e-02 masks: 21.0 16.0 [wd: 9.11e-02] [lr: 9.22e-04] [mem: 7.73e+03] (209.2 ms)
INFO:root:[124,     0] grad_stats: [4.02e-03 2.70e-04] (6.33e-05, 5.67e-03)
INFO:root:[124,   116] loss: 7.479119e-02 masks: 21.7 17.3 [wd: 9.15e-02] [lr: 9.21e-04] [mem: 7.73e+03] (216.3 ms)
INFO:root:[124,   116] grad_stats: [3.11e-03 2.82e-04] (5.95e-05, 5.81e-03)
INFO:root:[124,   232] loss: 7.438991e-02 masks: 21.6 17.3 [wd: 9.19e-02] [lr: 9.20e-04] [mem: 7.73e+03] (216.9 ms)
INFO:root:[124,   232] grad_stats: [6.34e-03 3.13e-04] (8.19e-05, 1.41e-02)
INFO:root:avg. loss 7.43899138e-02
INFO:root:time taken for epoch 0:01:04.065872
INFO:root:Epoch 125
INFO:root:[125,     0] loss: 8.573677e-02 masks: 17.0 20.0 [wd: 9.19e-02] [lr: 9.20e-04] [mem: 7.73e+03] (200.7 ms)
INFO:root:[125,     0] grad_stats: [2.47e-03 2.92e-04] (7.92e-05, 4.80e-03)
INFO:root:[125,   116] loss: 7.417190e-02 masks: 22.2 17.2 [wd: 9.23e-02] [lr: 9.19e-04] [mem: 7.73e+03] (218.6 ms)
INFO:root:[125,   116] grad_stats: [1.75e-03 2.59e-04] (5.65e-05, 6.70e-03)
INFO:root:[125,   232] loss: 7.536687e-02 masks: 21.6 17.5 [wd: 9.27e-02] [lr: 9.18e-04] [mem: 7.73e+03] (217.4 ms)
INFO:root:[125,   232] grad_stats: [1.17e-03 2.62e-04] (6.03e-05, 5.80e-03)
INFO:root:avg. loss 7.53668720e-02
INFO:root:time taken for epoch 0:01:04.198670
INFO:root:Epoch 126
INFO:root:[126,     0] loss: 8.176485e-02 masks: 23.0 16.0 [wd: 9.27e-02] [lr: 9.18e-04] [mem: 7.73e+03] (214.1 ms)
INFO:root:[126,     0] grad_stats: [1.40e-03 2.96e-04] (6.51e-05, 6.17e-03)
INFO:root:[126,   116] loss: 7.459492e-02 masks: 22.3 17.3 [wd: 9.31e-02] [lr: 9.17e-04] [mem: 7.73e+03] (219.1 ms)
INFO:root:[126,   116] grad_stats: [2.13e-03 3.47e-04] (6.87e-05, 9.94e-03)
INFO:root:[126,   232] loss: 7.524250e-02 masks: 22.2 17.3 [wd: 9.35e-02] [lr: 9.16e-04] [mem: 7.73e+03] (219.2 ms)
INFO:root:[126,   232] grad_stats: [2.03e-03 1.98e-04] (3.85e-05, 4.13e-03)
INFO:root:avg. loss 7.52425046e-02
INFO:root:time taken for epoch 0:01:04.677424
INFO:root:Epoch 127
INFO:root:[127,     0] loss: 8.151899e-02 masks: 21.0 16.0 [wd: 9.35e-02] [lr: 9.16e-04] [mem: 7.73e+03] (209.3 ms)
INFO:root:[127,     0] grad_stats: [1.37e-03 2.32e-04] (4.55e-05, 4.53e-03)
INFO:root:[127,   116] loss: 7.461422e-02 masks: 22.5 17.1 [wd: 9.39e-02] [lr: 9.15e-04] [mem: 7.73e+03] (219.2 ms)
INFO:root:[127,   116] grad_stats: [1.31e-03 2.52e-04] (5.20e-05, 5.23e-03)
INFO:root:[127,   232] loss: 7.531339e-02 masks: 22.1 17.3 [wd: 9.43e-02] [lr: 9.14e-04] [mem: 7.73e+03] (218.8 ms)
INFO:root:[127,   232] grad_stats: [1.91e-03 1.93e-04] (4.77e-05, 4.94e-03)
INFO:root:avg. loss 7.53133857e-02
INFO:root:time taken for epoch 0:01:04.545874
INFO:root:Epoch 128
INFO:root:[128,     0] loss: 8.989223e-02 masks: 15.0 20.0 [wd: 9.43e-02] [lr: 9.14e-04] [mem: 7.73e+03] (194.8 ms)
INFO:root:[128,     0] grad_stats: [2.85e-03 3.41e-04] (7.07e-05, 6.50e-03)
INFO:root:[128,   116] loss: 7.685968e-02 masks: 22.0 17.1 [wd: 9.47e-02] [lr: 9.13e-04] [mem: 7.73e+03] (217.2 ms)
INFO:root:[128,   116] grad_stats: [1.19e-03 2.53e-04] (7.02e-05, 1.01e-02)
INFO:root:[128,   232] loss: 7.685151e-02 masks: 21.8 17.4 [wd: 9.51e-02] [lr: 9.12e-04] [mem: 7.73e+03] (217.6 ms)
INFO:root:[128,   232] grad_stats: [1.44e-03 2.08e-04] (4.79e-05, 5.59e-03)
INFO:root:avg. loss 7.68515121e-02
INFO:root:time taken for epoch 0:01:04.264990
INFO:root:Epoch 129
INFO:root:[129,     0] loss: 7.902319e-02 masks: 21.0 16.0 [wd: 9.51e-02] [lr: 9.12e-04] [mem: 7.73e+03] (210.4 ms)
INFO:root:[129,     0] grad_stats: [2.64e-03 2.85e-04] (5.82e-05, 6.91e-03)
INFO:root:[129,   116] loss: 7.824175e-02 masks: 21.1 17.6 [wd: 9.56e-02] [lr: 9.12e-04] [mem: 7.73e+03] (214.9 ms)
INFO:root:[129,   116] grad_stats: [3.06e-03 2.54e-04] (7.13e-05, 7.98e-03)
INFO:root:[129,   232] loss: 7.749082e-02 masks: 21.6 17.5 [wd: 9.60e-02] [lr: 9.11e-04] [mem: 7.73e+03] (217.2 ms)
INFO:root:[129,   232] grad_stats: [1.40e-03 2.08e-04] (4.46e-05, 7.31e-03)
INFO:root:avg. loss 7.74908178e-02
INFO:root:time taken for epoch 0:01:04.208581
INFO:root:Epoch 130
INFO:root:[130,     0] loss: 7.841422e-02 masks: 20.0 20.0 [wd: 9.60e-02] [lr: 9.11e-04] [mem: 7.73e+03] (214.4 ms)
INFO:root:[130,     0] grad_stats: [1.84e-03 2.40e-04] (5.39e-05, 1.08e-02)
INFO:root:[130,   116] loss: 7.760064e-02 masks: 21.8 17.3 [wd: 9.64e-02] [lr: 9.10e-04] [mem: 7.73e+03] (216.9 ms)
INFO:root:[130,   116] grad_stats: [1.29e-03 2.81e-04] (7.92e-05, 1.43e-02)
INFO:root:[130,   232] loss: 7.748837e-02 masks: 22.0 17.2 [wd: 9.68e-02] [lr: 9.09e-04] [mem: 7.73e+03] (218.0 ms)
INFO:root:[130,   232] grad_stats: [1.78e-03 3.98e-04] (5.96e-05, 7.86e-03)
INFO:root:avg. loss 7.74883700e-02
INFO:root:time taken for epoch 0:01:04.398609
INFO:root:Epoch 131
INFO:root:[131,     0] loss: 8.556245e-02 masks: 24.0 16.0 [wd: 9.68e-02] [lr: 9.09e-04] [mem: 7.73e+03] (221.0 ms)
INFO:root:[131,     0] grad_stats: [4.52e-03 2.71e-04] (7.22e-05, 9.34e-03)
INFO:root:[131,   116] loss: 7.754882e-02 masks: 22.0 17.2 [wd: 9.72e-02] [lr: 9.08e-04] [mem: 7.73e+03] (217.4 ms)
INFO:root:[131,   116] grad_stats: [6.17e-03 3.81e-04] (1.08e-04, 1.53e-02)
INFO:root:[131,   232] loss: 7.777817e-02 masks: 22.1 17.2 [wd: 9.76e-02] [lr: 9.07e-04] [mem: 7.73e+03] (218.5 ms)
INFO:root:[131,   232] grad_stats: [3.55e-03 2.62e-04] (6.89e-05, 8.97e-03)
INFO:root:avg. loss 7.77781701e-02
INFO:root:time taken for epoch 0:01:04.492006
INFO:root:Epoch 132
INFO:root:[132,     0] loss: 7.657845e-02 masks: 23.0 20.0 [wd: 9.76e-02] [lr: 9.07e-04] [mem: 7.73e+03] (226.1 ms)
INFO:root:[132,     0] grad_stats: [1.97e-03 1.92e-04] (5.37e-05, 6.61e-03)
INFO:root:[132,   116] loss: 7.990268e-02 masks: 20.9 17.6 [wd: 9.80e-02] [lr: 9.06e-04] [mem: 7.73e+03] (214.3 ms)
INFO:root:[132,   116] grad_stats: [3.08e-03 2.50e-04] (6.69e-05, 5.40e-03)
INFO:root:[132,   232] loss: 7.902129e-02 masks: 21.5 17.5 [wd: 9.84e-02] [lr: 9.05e-04] [mem: 7.73e+03] (216.9 ms)
INFO:root:[132,   232] grad_stats: [1.44e-03 1.73e-04] (4.22e-05, 3.16e-03)
INFO:root:avg. loss 7.90212950e-02
INFO:root:time taken for epoch 0:01:03.975342
INFO:root:Epoch 133
INFO:root:[133,     0] loss: 8.081632e-02 masks: 20.0 20.0 [wd: 9.84e-02] [lr: 9.05e-04] [mem: 7.73e+03] (213.8 ms)
INFO:root:[133,     0] grad_stats: [2.32e-03 2.49e-04] (6.15e-05, 7.14e-03)
INFO:root:[133,   116] loss: 7.883706e-02 masks: 21.4 17.8 [wd: 9.89e-02] [lr: 9.04e-04] [mem: 7.73e+03] (216.8 ms)
INFO:root:[133,   116] grad_stats: [1.02e-03 1.99e-04] (5.19e-05, 3.51e-03)
INFO:root:[133,   232] loss: 7.915302e-02 masks: 21.6 17.4 [wd: 9.93e-02] [lr: 9.03e-04] [mem: 7.73e+03] (217.2 ms)
INFO:root:[133,   232] grad_stats: [3.53e-03 3.67e-04] (8.45e-05, 8.16e-03)
INFO:root:avg. loss 7.91530229e-02
INFO:root:time taken for epoch 0:01:04.202171
INFO:root:Epoch 134
INFO:root:[134,     0] loss: 8.598258e-02 masks: 17.0 20.0 [wd: 9.93e-02] [lr: 9.03e-04] [mem: 7.73e+03] (200.2 ms)
INFO:root:[134,     0] grad_stats: [2.62e-03 4.44e-04] (6.84e-05, 1.01e-02)
INFO:root:[134,   116] loss: 7.648789e-02 masks: 23.0 16.8 [wd: 9.97e-02] [lr: 9.02e-04] [mem: 7.73e+03] (220.6 ms)
INFO:root:[134,   116] grad_stats: [3.54e-03 2.88e-04] (6.88e-05, 8.08e-03)
INFO:root:[134,   232] loss: 7.857620e-02 masks: 22.0 17.2 [wd: 1.00e-01] [lr: 9.01e-04] [mem: 7.73e+03] (218.1 ms)
INFO:root:[134,   232] grad_stats: [5.96e-03 3.15e-04] (6.70e-05, 8.51e-03)
INFO:root:avg. loss 7.85762041e-02
INFO:root:time taken for epoch 0:01:04.373631
INFO:root:Epoch 135
INFO:root:[135,     0] loss: 9.472179e-02 masks: 12.0 20.0 [wd: 1.00e-01] [lr: 9.01e-04] [mem: 7.73e+03] (181.9 ms)
INFO:root:[135,     0] grad_stats: [2.32e-03 2.13e-04] (6.25e-05, 1.08e-02)
INFO:root:[135,   116] loss: 7.859246e-02 masks: 22.1 17.1 [wd: 1.01e-01] [lr: 9.00e-04] [mem: 7.73e+03] (217.9 ms)
INFO:root:[135,   116] grad_stats: [2.11e-03 2.18e-04] (6.32e-05, 3.97e-03)
INFO:root:[135,   232] loss: 7.953515e-02 masks: 21.9 17.4 [wd: 1.01e-01] [lr: 8.99e-04] [mem: 7.73e+03] (218.0 ms)
INFO:root:[135,   232] grad_stats: [1.58e-03 3.04e-04] (7.34e-05, 5.57e-03)
INFO:root:avg. loss 7.95351539e-02
INFO:root:time taken for epoch 0:01:04.185326
INFO:root:Epoch 136
INFO:root:[136,     0] loss: 9.109004e-02 masks: 17.0 16.0 [wd: 1.01e-01] [lr: 8.98e-04] [mem: 7.73e+03] (194.1 ms)
INFO:root:[136,     0] grad_stats: [2.27e-03 2.66e-04] (7.65e-05, 4.28e-03)
INFO:root:[136,   116] loss: 7.964813e-02 masks: 21.5 17.4 [wd: 1.01e-01] [lr: 8.97e-04] [mem: 7.73e+03] (216.2 ms)
INFO:root:[136,   116] grad_stats: [3.01e-03 2.10e-04] (4.33e-05, 6.77e-03)
INFO:root:[136,   232] loss: 7.952584e-02 masks: 21.6 17.3 [wd: 1.02e-01] [lr: 8.96e-04] [mem: 7.73e+03] (216.9 ms)
INFO:root:[136,   232] grad_stats: [3.35e-03 2.63e-04] (4.56e-05, 1.39e-02)
INFO:root:avg. loss 7.95258382e-02
INFO:root:time taken for epoch 0:01:04.077923
INFO:root:Epoch 137
INFO:root:[137,     0] loss: 8.145852e-02 masks: 19.0 20.0 [wd: 1.02e-01] [lr: 8.96e-04] [mem: 7.73e+03] (212.3 ms)
INFO:root:[137,     0] grad_stats: [1.13e-03 3.89e-04] (5.40e-05, 3.36e-03)
INFO:root:[137,   116] loss: 8.009289e-02 masks: 21.9 17.3 [wd: 1.02e-01] [lr: 8.95e-04] [mem: 7.73e+03] (217.5 ms)
INFO:root:[137,   116] grad_stats: [1.69e-03 2.33e-04] (4.77e-05, 6.57e-03)
INFO:root:[137,   232] loss: 7.925893e-02 masks: 22.3 17.2 [wd: 1.03e-01] [lr: 8.94e-04] [mem: 7.73e+03] (219.4 ms)
INFO:root:[137,   232] grad_stats: [1.71e-03 2.37e-04] (5.18e-05, 1.02e-02)
INFO:root:avg. loss 7.92589277e-02
INFO:root:time taken for epoch 0:01:04.656583
INFO:root:Epoch 138
INFO:root:[138,     0] loss: 7.686935e-02 masks: 20.0 20.0 [wd: 1.03e-01] [lr: 8.94e-04] [mem: 7.73e+03] (212.8 ms)
INFO:root:[138,     0] grad_stats: [1.49e-03 2.26e-04] (5.30e-05, 6.47e-03)
INFO:root:[138,   116] loss: 7.918857e-02 masks: 22.4 17.2 [wd: 1.03e-01] [lr: 8.93e-04] [mem: 7.73e+03] (219.2 ms)
INFO:root:[138,   116] grad_stats: [1.60e-03 2.56e-04] (5.51e-05, 1.31e-02)
INFO:root:[138,   232] loss: 8.106132e-02 masks: 21.8 17.4 [wd: 1.04e-01] [lr: 8.92e-04] [mem: 7.73e+03] (217.8 ms)
INFO:root:[138,   232] grad_stats: [1.35e-03 2.05e-04] (4.98e-05, 4.24e-03)
INFO:root:avg. loss 8.10613182e-02
INFO:root:time taken for epoch 0:01:04.228185
INFO:root:Epoch 139
INFO:root:[139,     0] loss: 8.411980e-02 masks: 16.0 20.0 [wd: 1.04e-01] [lr: 8.92e-04] [mem: 7.73e+03] (198.8 ms)
INFO:root:[139,     0] grad_stats: [2.67e-03 3.49e-04] (6.58e-05, 8.81e-03)
INFO:root:[139,   116] loss: 8.066143e-02 masks: 22.1 17.2 [wd: 1.04e-01] [lr: 8.91e-04] [mem: 7.73e+03] (217.9 ms)
INFO:root:[139,   116] grad_stats: [1.19e-03 2.62e-04] (5.85e-05, 5.07e-03)
INFO:root:[139,   232] loss: 8.056591e-02 masks: 21.9 17.3 [wd: 1.04e-01] [lr: 8.90e-04] [mem: 7.73e+03] (218.1 ms)
INFO:root:[139,   232] grad_stats: [1.27e-03 4.07e-04] (6.90e-05, 5.11e-03)
INFO:root:avg. loss 8.05659057e-02
INFO:root:time taken for epoch 0:01:04.326802
INFO:root:Epoch 140
INFO:root:[140,     0] loss: 7.180263e-02 masks: 26.0 16.0 [wd: 1.04e-01] [lr: 8.90e-04] [mem: 7.73e+03] (229.0 ms)
INFO:root:[140,     0] grad_stats: [1.49e-03 2.52e-04] (5.87e-05, 7.40e-03)
INFO:root:[140,   116] loss: 8.018651e-02 masks: 22.2 17.2 [wd: 1.05e-01] [lr: 8.89e-04] [mem: 7.73e+03] (218.6 ms)
INFO:root:[140,   116] grad_stats: [3.96e-03 3.26e-04] (6.86e-05, 8.52e-03)
INFO:root:[140,   232] loss: 8.049133e-02 masks: 22.3 17.1 [wd: 1.05e-01] [lr: 8.88e-04] [mem: 7.73e+03] (219.5 ms)
INFO:root:[140,   232] grad_stats: [2.10e-03 2.65e-04] (5.78e-05, 6.54e-03)
INFO:root:avg. loss 8.04913306e-02
INFO:root:time taken for epoch 0:01:04.789524
INFO:root:Epoch 141
INFO:root:[141,     0] loss: 7.927418e-02 masks: 21.0 20.0 [wd: 1.05e-01] [lr: 8.88e-04] [mem: 7.73e+03] (219.1 ms)
INFO:root:[141,     0] grad_stats: [5.24e-03 3.33e-04] (7.22e-05, 1.44e-02)
INFO:root:[141,   116] loss: 8.156854e-02 masks: 22.0 17.3 [wd: 1.06e-01] [lr: 8.87e-04] [mem: 7.73e+03] (217.9 ms)
INFO:root:[141,   116] grad_stats: [2.03e-03 2.44e-04] (6.16e-05, 7.37e-03)
INFO:root:[141,   232] loss: 8.235545e-02 masks: 21.5 17.4 [wd: 1.06e-01] [lr: 8.86e-04] [mem: 7.73e+03] (216.8 ms)
INFO:root:[141,   232] grad_stats: [2.04e-03 2.61e-04] (4.76e-05, 7.05e-03)
INFO:root:avg. loss 8.23554516e-02
INFO:root:time taken for epoch 0:01:04.058682
INFO:root:Epoch 142
INFO:root:[142,     0] loss: 7.925216e-02 masks: 17.0 16.0 [wd: 1.06e-01] [lr: 8.86e-04] [mem: 7.73e+03] (193.7 ms)
INFO:root:[142,     0] grad_stats: [3.67e-03 3.45e-04] (5.79e-05, 8.45e-03)
INFO:root:[142,   116] loss: 8.110081e-02 masks: 22.2 17.3 [wd: 1.07e-01] [lr: 8.85e-04] [mem: 7.73e+03] (218.8 ms)
INFO:root:[142,   116] grad_stats: [2.14e-03 3.65e-04] (6.72e-05, 1.03e-02)
INFO:root:[142,   232] loss: 8.078450e-02 masks: 22.3 17.2 [wd: 1.07e-01] [lr: 8.84e-04] [mem: 7.73e+03] (219.8 ms)
INFO:root:[142,   232] grad_stats: [2.18e-03 2.67e-04] (6.67e-05, 1.58e-02)
INFO:root:avg. loss 8.07844963e-02
INFO:root:time taken for epoch 0:01:04.746167
INFO:root:Epoch 143
INFO:root:[143,     0] loss: 7.296745e-02 masks: 28.0 16.0 [wd: 1.07e-01] [lr: 8.84e-04] [mem: 7.73e+03] (236.8 ms)
INFO:root:[143,     0] grad_stats: [1.66e-03 2.27e-04] (4.62e-05, 6.90e-03)
INFO:root:[143,   116] loss: 8.101878e-02 masks: 22.1 17.3 [wd: 1.07e-01] [lr: 8.83e-04] [mem: 7.73e+03] (218.5 ms)
INFO:root:[143,   116] grad_stats: [2.13e-03 2.99e-04] (6.25e-05, 1.22e-02)
INFO:root:[143,   232] loss: 8.078833e-02 masks: 22.4 17.2 [wd: 1.08e-01] [lr: 8.81e-04] [mem: 7.73e+03] (220.0 ms)
INFO:root:[143,   232] grad_stats: [1.55e-03 2.84e-04] (5.80e-05, 7.62e-03)
INFO:root:avg. loss 8.07883332e-02
INFO:root:time taken for epoch 0:01:04.857063
INFO:root:Epoch 144
INFO:root:[144,     0] loss: 7.273039e-02 masks: 25.0 16.0 [wd: 1.08e-01] [lr: 8.81e-04] [mem: 7.73e+03] (224.0 ms)
INFO:root:[144,     0] grad_stats: [1.69e-03 3.58e-04] (5.04e-05, 1.05e-02)
INFO:root:[144,   116] loss: 8.221646e-02 masks: 21.4 17.5 [wd: 1.08e-01] [lr: 8.80e-04] [mem: 7.73e+03] (216.1 ms)
INFO:root:[144,   116] grad_stats: [1.68e-03 2.99e-04] (5.60e-05, 5.83e-03)
INFO:root:[144,   232] loss: 8.166275e-02 masks: 22.1 17.3 [wd: 1.09e-01] [lr: 8.79e-04] [mem: 7.73e+03] (219.1 ms)
INFO:root:[144,   232] grad_stats: [1.06e-03 2.54e-04] (5.98e-05, 5.41e-03)
INFO:root:avg. loss 8.16627533e-02
INFO:root:time taken for epoch 0:01:04.616133
INFO:root:Epoch 145
INFO:root:[145,     0] loss: 8.138038e-02 masks: 21.0 16.0 [wd: 1.09e-01] [lr: 8.79e-04] [mem: 7.73e+03] (210.0 ms)
INFO:root:[145,     0] grad_stats: [3.67e-03 3.20e-04] (5.04e-05, 7.24e-03)
INFO:root:[145,   116] loss: 8.138367e-02 masks: 22.3 17.3 [wd: 1.09e-01] [lr: 8.78e-04] [mem: 7.73e+03] (219.4 ms)
INFO:root:[145,   116] grad_stats: [1.45e-03 3.29e-04] (5.68e-05, 1.06e-02)
INFO:root:[145,   232] loss: 8.260523e-02 masks: 21.6 17.5 [wd: 1.10e-01] [lr: 8.77e-04] [mem: 7.73e+03] (217.4 ms)
INFO:root:[145,   232] grad_stats: [2.38e-03 2.98e-04] (5.47e-05, 8.73e-03)
INFO:root:avg. loss 8.26052301e-02
INFO:root:time taken for epoch 0:01:04.198755
INFO:root:Epoch 146
INFO:root:[146,     0] loss: 7.983215e-02 masks: 25.0 16.0 [wd: 1.10e-01] [lr: 8.77e-04] [mem: 7.73e+03] (222.7 ms)
INFO:root:[146,     0] grad_stats: [1.70e-03 2.98e-04] (5.11e-05, 1.52e-02)
INFO:root:[146,   116] loss: 8.165586e-02 masks: 22.3 17.3 [wd: 1.10e-01] [lr: 8.76e-04] [mem: 7.73e+03] (218.9 ms)
INFO:root:[146,   116] grad_stats: [3.53e-03 2.97e-04] (6.80e-05, 1.08e-02)
INFO:root:[146,   232] loss: 8.095463e-02 masks: 22.8 17.0 [wd: 1.11e-01] [lr: 8.75e-04] [mem: 7.73e+03] (220.9 ms)
INFO:root:[146,   232] grad_stats: [1.49e-03 2.51e-04] (5.32e-05, 6.45e-03)
INFO:root:avg. loss 8.09546313e-02
INFO:root:time taken for epoch 0:01:05.002615
INFO:root:Epoch 147
INFO:root:[147,     0] loss: 6.422864e-02 masks: 35.0 12.0 [wd: 1.11e-01] [lr: 8.75e-04] [mem: 7.73e+03] (254.0 ms)
INFO:root:[147,     0] grad_stats: [1.45e-03 2.45e-04] (4.41e-05, 5.37e-03)
INFO:root:[147,   116] loss: 8.084285e-02 masks: 23.1 16.7 [wd: 1.11e-01] [lr: 8.74e-04] [mem: 7.73e+03] (221.0 ms)
INFO:root:[147,   116] grad_stats: [1.16e-03 2.52e-04] (6.79e-05, 9.02e-03)
INFO:root:[147,   232] loss: 8.174683e-02 masks: 22.5 17.1 [wd: 1.11e-01] [lr: 8.72e-04] [mem: 7.73e+03] (220.0 ms)
INFO:root:[147,   232] grad_stats: [2.00e-03 2.62e-04] (6.70e-05, 1.76e-02)
INFO:root:avg. loss 8.17468348e-02
INFO:root:time taken for epoch 0:01:04.855342
INFO:root:Epoch 148
INFO:root:[148,     0] loss: 6.958134e-02 masks: 26.0 16.0 [wd: 1.11e-01] [lr: 8.72e-04] [mem: 7.73e+03] (230.2 ms)
INFO:root:[148,     0] grad_stats: [1.74e-03 2.46e-04] (5.69e-05, 5.00e-03)
INFO:root:[148,   116] loss: 8.360163e-02 masks: 22.0 17.2 [wd: 1.12e-01] [lr: 8.71e-04] [mem: 7.73e+03] (218.0 ms)
INFO:root:[148,   116] grad_stats: [2.42e-03 2.96e-04] (5.57e-05, 9.67e-03)
INFO:root:[148,   232] loss: 8.273480e-02 masks: 22.3 17.2 [wd: 1.12e-01] [lr: 8.70e-04] [mem: 7.73e+03] (219.6 ms)
INFO:root:[148,   232] grad_stats: [1.33e-03 3.09e-04] (6.92e-05, 1.09e-02)
INFO:root:avg. loss 8.27348008e-02
INFO:root:time taken for epoch 0:01:04.711088
INFO:root:Epoch 149
INFO:root:[149,     0] loss: 9.807608e-02 masks: 18.0 20.0 [wd: 1.12e-01] [lr: 8.70e-04] [mem: 7.73e+03] (206.8 ms)
INFO:root:[149,     0] grad_stats: [1.57e-03 4.01e-04] (6.93e-05, 8.06e-03)
INFO:root:[149,   116] loss: 8.477257e-02 masks: 21.7 17.4 [wd: 1.13e-01] [lr: 8.69e-04] [mem: 7.73e+03] (216.8 ms)
INFO:root:[149,   116] grad_stats: [9.54e-04 2.85e-04] (5.20e-05, 6.54e-03)
INFO:root:[149,   232] loss: 8.406199e-02 masks: 21.6 17.4 [wd: 1.13e-01] [lr: 8.68e-04] [mem: 7.73e+03] (217.2 ms)
INFO:root:[149,   232] grad_stats: [1.01e-03 2.71e-04] (5.30e-05, 5.71e-03)
INFO:root:avg. loss 8.40619882e-02
INFO:root:time taken for epoch 0:01:04.152805
INFO:root:Epoch 150
INFO:root:[150,     0] loss: 8.344956e-02 masks: 20.0 16.0 [wd: 1.13e-01] [lr: 8.68e-04] [mem: 7.73e+03] (206.0 ms)
INFO:root:[150,     0] grad_stats: [1.55e-03 3.27e-04] (7.64e-05, 1.86e-02)
INFO:root:[150,   116] loss: 8.293655e-02 masks: 22.3 17.1 [wd: 1.14e-01] [lr: 8.67e-04] [mem: 7.73e+03] (218.4 ms)
INFO:root:[150,   116] grad_stats: [2.19e-03 4.27e-04] (7.39e-05, 2.13e-02)
INFO:root:[150,   232] loss: 8.353879e-02 masks: 22.0 17.2 [wd: 1.14e-01] [lr: 8.66e-04] [mem: 7.73e+03] (218.2 ms)
INFO:root:[150,   232] grad_stats: [1.72e-03 2.79e-04] (7.83e-05, 2.25e-02)
INFO:root:avg. loss 8.35387925e-02
INFO:root:time taken for epoch 0:01:04.386064
INFO:root:Epoch 151
INFO:root:[151,     0] loss: 8.147688e-02 masks: 22.0 16.0 [wd: 1.14e-01] [lr: 8.66e-04] [mem: 7.73e+03] (212.7 ms)
INFO:root:[151,     0] grad_stats: [2.04e-03 3.02e-04] (7.12e-05, 4.68e-03)
INFO:root:[151,   116] loss: 8.282755e-02 masks: 22.3 17.2 [wd: 1.15e-01] [lr: 8.64e-04] [mem: 7.73e+03] (218.6 ms)
INFO:root:[151,   116] grad_stats: [9.77e-04 3.55e-04] (6.32e-05, 6.61e-03)
INFO:root:[151,   232] loss: 8.304072e-02 masks: 22.5 17.0 [wd: 1.15e-01] [lr: 8.63e-04] [mem: 7.73e+03] (219.7 ms)
INFO:root:[151,   232] grad_stats: [1.25e-03 2.35e-04] (5.60e-05, 8.71e-03)
INFO:root:avg. loss 8.30407238e-02
INFO:root:time taken for epoch 0:01:04.785205
INFO:root:Epoch 152
INFO:root:[152,     0] loss: 8.239236e-02 masks: 25.0 16.0 [wd: 1.15e-01] [lr: 8.63e-04] [mem: 7.73e+03] (223.8 ms)
INFO:root:[152,     0] grad_stats: [3.96e-03 4.07e-04] (8.04e-05, 1.52e-02)
INFO:root:[152,   116] loss: 8.332831e-02 masks: 22.6 16.9 [wd: 1.16e-01] [lr: 8.62e-04] [mem: 7.73e+03] (218.9 ms)
INFO:root:[152,   116] grad_stats: [1.25e-03 3.14e-04] (6.22e-05, 5.89e-03)
INFO:root:[152,   232] loss: 8.392926e-02 masks: 22.0 17.2 [wd: 1.16e-01] [lr: 8.61e-04] [mem: 7.73e+03] (218.0 ms)
INFO:root:[152,   232] grad_stats: [2.20e-03 2.28e-04] (5.23e-05, 5.02e-03)
INFO:root:avg. loss 8.39292560e-02
INFO:root:time taken for epoch 0:01:04.378056
INFO:root:Epoch 153
INFO:root:[153,     0] loss: 9.984002e-02 masks: 18.0 20.0 [wd: 1.16e-01] [lr: 8.61e-04] [mem: 7.73e+03] (207.0 ms)
INFO:root:[153,     0] grad_stats: [1.11e-03 2.54e-04] (5.85e-05, 3.78e-03)
INFO:root:[153,   116] loss: 8.512183e-02 masks: 21.8 17.5 [wd: 1.17e-01] [lr: 8.60e-04] [mem: 7.73e+03] (217.4 ms)
INFO:root:[153,   116] grad_stats: [1.16e-03 3.36e-04] (8.16e-05, 4.76e-03)
INFO:root:[153,   232] loss: 8.538113e-02 masks: 21.7 17.3 [wd: 1.17e-01] [lr: 8.58e-04] [mem: 7.73e+03] (217.2 ms)
INFO:root:[153,   232] grad_stats: [4.12e-03 3.25e-04] (4.49e-05, 9.31e-03)
INFO:root:avg. loss 8.53811287e-02
INFO:root:time taken for epoch 0:01:04.299485
INFO:root:Epoch 154
INFO:root:[154,     0] loss: 8.854182e-02 masks: 25.0 16.0 [wd: 1.17e-01] [lr: 8.58e-04] [mem: 7.73e+03] (226.2 ms)
INFO:root:[154,     0] grad_stats: [1.21e-03 2.76e-04] (4.51e-05, 1.43e-02)
INFO:root:[154,   116] loss: 8.580479e-02 masks: 21.2 17.7 [wd: 1.17e-01] [lr: 8.57e-04] [mem: 7.73e+03] (215.6 ms)
INFO:root:[154,   116] grad_stats: [1.51e-03 2.74e-04] (7.52e-05, 2.07e-02)
INFO:root:[154,   232] loss: 8.449024e-02 masks: 22.2 17.2 [wd: 1.18e-01] [lr: 8.56e-04] [mem: 7.73e+03] (219.0 ms)
INFO:root:[154,   232] grad_stats: [2.60e-03 3.16e-04] (6.87e-05, 9.16e-03)
INFO:root:avg. loss 8.44902355e-02
INFO:root:time taken for epoch 0:01:04.664525
INFO:root:Epoch 155
INFO:root:[155,     0] loss: 1.038819e-01 masks: 14.0 20.0 [wd: 1.18e-01] [lr: 8.56e-04] [mem: 7.73e+03] (188.4 ms)
INFO:root:[155,     0] grad_stats: [1.73e-03 2.75e-04] (7.82e-05, 7.89e-03)
INFO:root:[155,   116] loss: 8.254278e-02 masks: 23.0 16.9 [wd: 1.18e-01] [lr: 8.55e-04] [mem: 7.73e+03] (221.1 ms)
INFO:root:[155,   116] grad_stats: [1.13e-03 3.72e-04] (8.07e-05, 1.33e-02)
INFO:root:[155,   232] loss: 8.336480e-02 masks: 22.7 17.0 [wd: 1.19e-01] [lr: 8.54e-04] [mem: 7.73e+03] (220.6 ms)
INFO:root:[155,   232] grad_stats: [3.54e-03 2.95e-04] (7.74e-05, 1.05e-02)
INFO:root:avg. loss 8.33648027e-02
INFO:root:time taken for epoch 0:01:04.966502
INFO:root:Epoch 156
INFO:root:[156,     0] loss: 9.476727e-02 masks: 16.0 20.0 [wd: 1.19e-01] [lr: 8.54e-04] [mem: 7.73e+03] (199.4 ms)
INFO:root:[156,     0] grad_stats: [2.37e-03 3.35e-04] (8.35e-05, 1.46e-02)
INFO:root:[156,   116] loss: 8.340989e-02 masks: 22.5 17.1 [wd: 1.19e-01] [lr: 8.52e-04] [mem: 7.73e+03] (219.6 ms)
INFO:root:[156,   116] grad_stats: [2.42e-03 3.58e-04] (7.55e-05, 1.62e-02)
INFO:root:[156,   232] loss: 8.375135e-02 masks: 22.5 17.2 [wd: 1.20e-01] [lr: 8.51e-04] [mem: 7.73e+03] (220.2 ms)
INFO:root:[156,   232] grad_stats: [1.56e-03 2.53e-04] (6.36e-05, 7.16e-03)
INFO:root:avg. loss 8.37513506e-02
INFO:root:time taken for epoch 0:01:04.938891
INFO:root:Epoch 157
INFO:root:[157,     0] loss: 8.013543e-02 masks: 25.0 16.0 [wd: 1.20e-01] [lr: 8.51e-04] [mem: 7.73e+03] (224.6 ms)
INFO:root:[157,     0] grad_stats: [2.81e-03 3.50e-04] (7.17e-05, 1.72e-02)
INFO:root:[157,   116] loss: 8.553701e-02 masks: 21.6 17.6 [wd: 1.20e-01] [lr: 8.50e-04] [mem: 7.73e+03] (217.0 ms)
INFO:root:[157,   116] grad_stats: [3.96e-03 4.26e-04] (7.63e-05, 1.07e-02)
INFO:root:[157,   232] loss: 8.581929e-02 masks: 21.6 17.5 [wd: 1.21e-01] [lr: 8.49e-04] [mem: 7.73e+03] (217.6 ms)
INFO:root:[157,   232] grad_stats: [1.35e-03 2.61e-04] (5.93e-05, 8.25e-03)
INFO:root:avg. loss 8.58192913e-02
INFO:root:time taken for epoch 0:01:04.291302
INFO:root:Epoch 158
INFO:root:[158,     0] loss: 8.643699e-02 masks: 19.0 20.0 [wd: 1.21e-01] [lr: 8.49e-04] [mem: 7.73e+03] (210.7 ms)
INFO:root:[158,     0] grad_stats: [1.47e-03 2.52e-04] (7.26e-05, 6.01e-03)
INFO:root:[158,   116] loss: 8.575988e-02 masks: 22.1 17.2 [wd: 1.21e-01] [lr: 8.48e-04] [mem: 7.73e+03] (218.2 ms)
INFO:root:[158,   116] grad_stats: [1.63e-03 2.79e-04] (5.88e-05, 9.87e-03)
INFO:root:[158,   232] loss: 8.589001e-02 masks: 21.7 17.3 [wd: 1.22e-01] [lr: 8.46e-04] [mem: 7.73e+03] (217.1 ms)
INFO:root:[158,   232] grad_stats: [2.44e-03 2.57e-04] (5.57e-05, 6.62e-03)
INFO:root:avg. loss 8.58900090e-02
INFO:root:time taken for epoch 0:01:03.996049
INFO:root:Epoch 159
INFO:root:[159,     0] loss: 9.483460e-02 masks: 17.0 20.0 [wd: 1.22e-01] [lr: 8.46e-04] [mem: 7.73e+03] (202.3 ms)
INFO:root:[159,     0] grad_stats: [1.98e-03 3.35e-04] (7.07e-05, 2.46e-02)
INFO:root:[159,   116] loss: 8.591633e-02 masks: 21.6 17.5 [wd: 1.22e-01] [lr: 8.45e-04] [mem: 7.73e+03] (216.9 ms)
INFO:root:[159,   116] grad_stats: [1.55e-03 5.80e-04] (6.40e-05, 1.33e-02)
INFO:root:[159,   232] loss: 8.524214e-02 masks: 21.9 17.3 [wd: 1.23e-01] [lr: 8.44e-04] [mem: 7.73e+03] (218.2 ms)
INFO:root:[159,   232] grad_stats: [1.48e-03 3.31e-04] (7.87e-05, 1.15e-02)
INFO:root:avg. loss 8.52421367e-02
INFO:root:time taken for epoch 0:01:04.357726
INFO:root:Epoch 160
INFO:root:[160,     0] loss: 9.030558e-02 masks: 20.0 16.0 [wd: 1.23e-01] [lr: 8.44e-04] [mem: 7.73e+03] (206.4 ms)
INFO:root:[160,     0] grad_stats: [7.62e-04 2.82e-04] (6.34e-05, 5.81e-03)
INFO:root:[160,   116] loss: 8.426243e-02 masks: 22.7 17.1 [wd: 1.23e-01] [lr: 8.43e-04] [mem: 7.73e+03] (220.1 ms)
INFO:root:[160,   116] grad_stats: [7.99e-04 3.54e-04] (6.78e-05, 9.91e-03)
INFO:root:[160,   232] loss: 8.406658e-02 masks: 22.8 17.0 [wd: 1.24e-01] [lr: 8.41e-04] [mem: 7.73e+03] (220.8 ms)
INFO:root:[160,   232] grad_stats: [1.63e-03 3.02e-04] (5.84e-05, 1.21e-02)
INFO:root:avg. loss 8.40665835e-02
INFO:root:time taken for epoch 0:01:05.013512
INFO:root:Epoch 161
INFO:root:[161,     0] loss: 7.758757e-02 masks: 26.0 16.0 [wd: 1.24e-01] [lr: 8.41e-04] [mem: 7.73e+03] (228.8 ms)
INFO:root:[161,     0] grad_stats: [1.16e-03 5.31e-04] (6.85e-05, 1.63e-02)
INFO:root:[161,   116] loss: 8.707282e-02 masks: 21.2 17.6 [wd: 1.24e-01] [lr: 8.40e-04] [mem: 7.73e+03] (215.3 ms)
INFO:root:[161,   116] grad_stats: [1.89e-03 2.94e-04] (6.03e-05, 1.32e-02)
INFO:root:[161,   232] loss: 8.621491e-02 masks: 21.8 17.4 [wd: 1.25e-01] [lr: 8.39e-04] [mem: 7.73e+03] (218.2 ms)
INFO:root:[161,   232] grad_stats: [2.22e-03 2.39e-04] (5.49e-05, 1.44e-02)
INFO:root:avg. loss 8.62149124e-02
INFO:root:time taken for epoch 0:01:04.419988
INFO:root:Epoch 162
INFO:root:[162,     0] loss: 9.503908e-02 masks: 17.0 16.0 [wd: 1.25e-01] [lr: 8.39e-04] [mem: 7.73e+03] (191.6 ms)
INFO:root:[162,     0] grad_stats: [9.68e-04 3.07e-04] (6.04e-05, 7.71e-03)
INFO:root:[162,   116] loss: 8.560618e-02 masks: 21.9 17.3 [wd: 1.25e-01] [lr: 8.38e-04] [mem: 7.73e+03] (217.5 ms)
INFO:root:[162,   116] grad_stats: [1.16e-03 3.05e-04] (5.06e-05, 7.98e-03)
INFO:root:[162,   232] loss: 8.593618e-02 masks: 21.9 17.3 [wd: 1.25e-01] [lr: 8.36e-04] [mem: 7.73e+03] (218.3 ms)
INFO:root:[162,   232] grad_stats: [2.39e-03 4.21e-04] (7.78e-05, 1.30e-02)
INFO:root:avg. loss 8.59361791e-02
INFO:root:time taken for epoch 0:01:04.383909
INFO:root:Epoch 163
INFO:root:[163,     0] loss: 7.590842e-02 masks: 29.0 16.0 [wd: 1.25e-01] [lr: 8.36e-04] [mem: 7.73e+03] (240.3 ms)
INFO:root:[163,     0] grad_stats: [3.69e-03 3.68e-04] (7.58e-05, 1.65e-02)
INFO:root:[163,   116] loss: 8.649981e-02 masks: 21.7 17.6 [wd: 1.26e-01] [lr: 8.35e-04] [mem: 7.73e+03] (217.1 ms)
INFO:root:[163,   116] grad_stats: [1.35e-03 4.97e-04] (6.21e-05, 9.66e-03)
INFO:root:[163,   232] loss: 8.591178e-02 masks: 21.9 17.3 [wd: 1.26e-01] [lr: 8.34e-04] [mem: 7.73e+03] (218.0 ms)
INFO:root:[163,   232] grad_stats: [2.43e-03 3.35e-04] (8.19e-05, 1.19e-02)
INFO:root:avg. loss 8.59117830e-02
INFO:root:time taken for epoch 0:01:04.367966
INFO:root:Epoch 164
INFO:root:[164,     0] loss: 9.582873e-02 masks: 18.0 20.0 [wd: 1.26e-01] [lr: 8.34e-04] [mem: 7.73e+03] (206.8 ms)
INFO:root:[164,     0] grad_stats: [1.36e-03 3.71e-04] (7.15e-05, 9.01e-03)
INFO:root:[164,   116] loss: 8.639598e-02 masks: 21.7 17.5 [wd: 1.27e-01] [lr: 8.33e-04] [mem: 7.73e+03] (217.2 ms)
INFO:root:[164,   116] grad_stats: [4.75e-03 3.79e-04] (7.14e-05, 1.06e-02)
INFO:root:[164,   232] loss: 8.747132e-02 masks: 21.3 17.5 [wd: 1.27e-01] [lr: 8.31e-04] [mem: 7.73e+03] (216.3 ms)
INFO:root:[164,   232] grad_stats: [1.09e-03 3.70e-04] (5.85e-05, 8.98e-03)
INFO:root:avg. loss 8.74713231e-02
INFO:root:time taken for epoch 0:01:03.996254
INFO:root:Epoch 165
INFO:root:[165,     0] loss: 8.714394e-02 masks: 26.0 16.0 [wd: 1.27e-01] [lr: 8.31e-04] [mem: 7.73e+03] (228.1 ms)
INFO:root:[165,     0] grad_stats: [2.15e-03 3.66e-04] (5.65e-05, 8.90e-03)
INFO:root:[165,   116] loss: 8.720792e-02 masks: 21.7 17.6 [wd: 1.28e-01] [lr: 8.30e-04] [mem: 7.73e+03] (217.6 ms)
INFO:root:[165,   116] grad_stats: [1.39e-03 3.37e-04] (8.13e-05, 7.63e-03)
INFO:root:[165,   232] loss: 8.728135e-02 masks: 21.7 17.5 [wd: 1.28e-01] [lr: 8.29e-04] [mem: 7.73e+03] (217.9 ms)
INFO:root:[165,   232] grad_stats: [1.20e-03 2.76e-04] (5.37e-05, 1.29e-02)
INFO:root:avg. loss 8.72813541e-02
INFO:root:time taken for epoch 0:01:04.200456
INFO:root:Epoch 166
INFO:root:[166,     0] loss: 7.606301e-02 masks: 26.0 16.0 [wd: 1.28e-01] [lr: 8.29e-04] [mem: 7.73e+03] (230.8 ms)
INFO:root:[166,     0] grad_stats: [1.11e-03 3.25e-04] (6.60e-05, 6.14e-03)
INFO:root:[166,   116] loss: 8.544858e-02 masks: 22.8 16.7 [wd: 1.29e-01] [lr: 8.27e-04] [mem: 7.73e+03] (219.7 ms)
INFO:root:[166,   116] grad_stats: [1.67e-03 3.28e-04] (8.48e-05, 1.05e-02)
INFO:root:[166,   232] loss: 8.572043e-02 masks: 22.6 16.9 [wd: 1.29e-01] [lr: 8.26e-04] [mem: 7.73e+03] (219.9 ms)
INFO:root:[166,   232] grad_stats: [2.04e-03 3.37e-04] (5.30e-05, 5.92e-03)
INFO:root:avg. loss 8.57204310e-02
INFO:root:time taken for epoch 0:01:04.734671
INFO:root:Epoch 167
INFO:root:[167,     0] loss: 1.254860e-01 masks: 8.0 20.0 [wd: 1.29e-01] [lr: 8.26e-04] [mem: 7.73e+03] (167.3 ms)
INFO:root:[167,     0] grad_stats: [2.14e-03 4.65e-04] (8.90e-05, 6.29e-03)
INFO:root:[167,   116] loss: 8.887515e-02 masks: 21.2 17.2 [wd: 1.30e-01] [lr: 8.25e-04] [mem: 7.73e+03] (214.5 ms)
INFO:root:[167,   116] grad_stats: [1.73e-03 2.99e-04] (8.55e-05, 8.28e-03)
INFO:root:[167,   232] loss: 8.751307e-02 masks: 21.6 17.2 [wd: 1.30e-01] [lr: 8.24e-04] [mem: 7.73e+03] (216.9 ms)
INFO:root:[167,   232] grad_stats: [1.76e-03 4.16e-04] (7.38e-05, 1.88e-02)
INFO:root:avg. loss 8.75130744e-02
INFO:root:time taken for epoch 0:01:04.103505
INFO:root:Epoch 168
INFO:root:[168,     0] loss: 7.311565e-02 masks: 26.0 16.0 [wd: 1.30e-01] [lr: 8.24e-04] [mem: 7.73e+03] (228.3 ms)
INFO:root:[168,     0] grad_stats: [2.41e-03 3.16e-04] (8.04e-05, 1.22e-02)
INFO:root:[168,   116] loss: 8.722296e-02 masks: 22.1 17.6 [wd: 1.31e-01] [lr: 8.22e-04] [mem: 7.73e+03] (218.8 ms)
INFO:root:[168,   116] grad_stats: [1.60e-03 4.71e-04] (7.66e-05, 7.61e-03)
INFO:root:[168,   232] loss: 8.746921e-02 masks: 21.9 17.4 [wd: 1.31e-01] [lr: 8.21e-04] [mem: 7.73e+03] (218.2 ms)
INFO:root:[168,   232] grad_stats: [2.99e-03 3.13e-04] (5.79e-05, 8.22e-03)
INFO:root:avg. loss 8.74692059e-02
INFO:root:time taken for epoch 0:01:04.405779
INFO:root:Epoch 169
INFO:root:[169,     0] loss: 1.019441e-01 masks: 17.0 16.0 [wd: 1.31e-01] [lr: 8.21e-04] [mem: 7.73e+03] (193.5 ms)
INFO:root:[169,     0] grad_stats: [1.86e-03 2.94e-04] (6.03e-05, 7.80e-03)
INFO:root:[169,   116] loss: 8.752230e-02 masks: 22.0 17.2 [wd: 1.32e-01] [lr: 8.20e-04] [mem: 7.73e+03] (217.7 ms)
INFO:root:[169,   116] grad_stats: [1.50e-03 3.41e-04] (6.99e-05, 1.10e-02)
INFO:root:[169,   232] loss: 8.681260e-02 masks: 22.1 17.2 [wd: 1.32e-01] [lr: 8.18e-04] [mem: 7.73e+03] (218.7 ms)
INFO:root:[169,   232] grad_stats: [4.66e-03 3.29e-04] (8.62e-05, 9.10e-03)
INFO:root:avg. loss 8.68126034e-02
INFO:root:time taken for epoch 0:01:04.490177
INFO:root:Epoch 170
INFO:root:[170,     0] loss: 7.661708e-02 masks: 24.0 16.0 [wd: 1.32e-01] [lr: 8.18e-04] [mem: 7.73e+03] (218.7 ms)
INFO:root:[170,     0] grad_stats: [1.97e-03 3.00e-04] (6.41e-05, 1.16e-02)
INFO:root:[170,   116] loss: 8.793734e-02 masks: 22.0 17.0 [wd: 1.33e-01] [lr: 8.17e-04] [mem: 7.73e+03] (217.1 ms)
INFO:root:[170,   116] grad_stats: [4.92e-03 4.13e-04] (7.75e-05, 2.01e-02)
INFO:root:[170,   232] loss: 8.853053e-02 masks: 21.4 17.4 [wd: 1.33e-01] [lr: 8.16e-04] [mem: 7.73e+03] (216.1 ms)
INFO:root:[170,   232] grad_stats: [2.26e-03 3.26e-04] (7.68e-05, 1.05e-02)
INFO:root:avg. loss 8.85305327e-02
INFO:root:time taken for epoch 0:01:03.913559
INFO:root:Epoch 171
INFO:root:[171,     0] loss: 8.268055e-02 masks: 24.0 16.0 [wd: 1.33e-01] [lr: 8.16e-04] [mem: 7.73e+03] (219.2 ms)
INFO:root:[171,     0] grad_stats: [3.98e-03 2.98e-04] (7.28e-05, 2.36e-02)
INFO:root:[171,   116] loss: 8.597306e-02 masks: 22.9 16.8 [wd: 1.34e-01] [lr: 8.14e-04] [mem: 7.73e+03] (220.1 ms)
INFO:root:[171,   116] grad_stats: [4.38e-03 3.46e-04] (6.22e-05, 6.12e-03)
INFO:root:[171,   232] loss: 8.623349e-02 masks: 22.8 16.9 [wd: 1.34e-01] [lr: 8.13e-04] [mem: 7.73e+03] (220.5 ms)
INFO:root:[171,   232] grad_stats: [3.08e-03 3.36e-04] (7.84e-05, 2.36e-02)
INFO:root:avg. loss 8.62334871e-02
INFO:root:time taken for epoch 0:01:05.008829
INFO:root:Epoch 172
INFO:root:[172,     0] loss: 8.229967e-02 masks: 27.0 16.0 [wd: 1.34e-01] [lr: 8.13e-04] [mem: 7.73e+03] (234.5 ms)
INFO:root:[172,     0] grad_stats: [1.92e-03 2.99e-04] (7.17e-05, 1.10e-02)
INFO:root:[172,   116] loss: 8.684675e-02 masks: 22.3 17.3 [wd: 1.35e-01] [lr: 8.12e-04] [mem: 7.73e+03] (219.0 ms)
INFO:root:[172,   116] grad_stats: [1.53e-03 3.99e-04] (9.19e-05, 1.05e-02)
INFO:root:[172,   232] loss: 8.774031e-02 masks: 21.8 17.5 [wd: 1.35e-01] [lr: 8.10e-04] [mem: 7.73e+03] (218.1 ms)
INFO:root:[172,   232] grad_stats: [1.63e-03 3.92e-04] (9.22e-05, 2.27e-02)
INFO:root:avg. loss 8.77403080e-02
INFO:root:time taken for epoch 0:01:04.407289
INFO:root:Epoch 173
INFO:root:[173,     0] loss: 7.804574e-02 masks: 27.0 16.0 [wd: 1.35e-01] [lr: 8.10e-04] [mem: 7.73e+03] (234.8 ms)
INFO:root:[173,     0] grad_stats: [9.51e-04 3.69e-04] (7.34e-05, 6.65e-03)
INFO:root:[173,   116] loss: 8.693457e-02 masks: 22.5 17.1 [wd: 1.36e-01] [lr: 8.09e-04] [mem: 7.73e+03] (219.6 ms)
INFO:root:[173,   116] grad_stats: [2.00e-03 3.56e-04] (6.53e-05, 6.94e-03)
INFO:root:[173,   232] loss: 8.765035e-02 masks: 21.8 17.3 [wd: 1.36e-01] [lr: 8.08e-04] [mem: 7.73e+03] (217.9 ms)
INFO:root:[173,   232] grad_stats: [1.97e-03 2.54e-04] (6.36e-05, 1.09e-02)
INFO:root:avg. loss 8.76503536e-02
INFO:root:time taken for epoch 0:01:04.326017
INFO:root:Epoch 174
INFO:root:[174,     0] loss: 7.410036e-02 masks: 20.0 20.0 [wd: 1.36e-01] [lr: 8.08e-04] [mem: 7.73e+03] (213.1 ms)
INFO:root:[174,     0] grad_stats: [1.83e-03 3.23e-04] (5.94e-05, 1.43e-02)
INFO:root:[174,   116] loss: 8.774556e-02 masks: 22.0 17.3 [wd: 1.37e-01] [lr: 8.06e-04] [mem: 7.73e+03] (217.7 ms)
INFO:root:[174,   116] grad_stats: [3.58e-03 3.50e-04] (7.10e-05, 1.05e-02)
INFO:root:[174,   232] loss: 8.743199e-02 masks: 21.9 17.3 [wd: 1.37e-01] [lr: 8.05e-04] [mem: 7.73e+03] (218.1 ms)
INFO:root:[174,   232] grad_stats: [1.56e-03 3.94e-04] (7.59e-05, 2.24e-02)
INFO:root:avg. loss 8.74319940e-02
INFO:root:time taken for epoch 0:01:04.341241
INFO:root:Epoch 175
INFO:root:[175,     0] loss: 9.187233e-02 masks: 17.0 20.0 [wd: 1.37e-01] [lr: 8.05e-04] [mem: 7.73e+03] (203.6 ms)
INFO:root:[175,     0] grad_stats: [2.03e-03 2.98e-04] (8.09e-05, 6.11e-03)
INFO:root:[175,   116] loss: 8.676869e-02 masks: 21.8 17.3 [wd: 1.38e-01] [lr: 8.04e-04] [mem: 7.73e+03] (216.9 ms)
INFO:root:[175,   116] grad_stats: [3.71e-03 3.16e-04] (6.52e-05, 1.19e-02)
INFO:root:[175,   232] loss: 8.730755e-02 masks: 21.8 17.3 [wd: 1.38e-01] [lr: 8.02e-04] [mem: 7.73e+03] (217.7 ms)
INFO:root:[175,   232] grad_stats: [2.12e-03 2.84e-04] (7.93e-05, 6.78e-03)
INFO:root:avg. loss 8.73075515e-02
INFO:root:time taken for epoch 0:01:04.290604
INFO:root:Epoch 176
INFO:root:[176,     0] loss: 9.476141e-02 masks: 17.0 20.0 [wd: 1.38e-01] [lr: 8.02e-04] [mem: 7.73e+03] (202.8 ms)
INFO:root:[176,     0] grad_stats: [1.97e-03 3.27e-04] (1.09e-04, 8.30e-03)
INFO:root:[176,   116] loss: 8.719739e-02 masks: 22.0 17.3 [wd: 1.39e-01] [lr: 8.01e-04] [mem: 7.73e+03] (217.9 ms)
INFO:root:[176,   116] grad_stats: [1.54e-03 2.61e-04] (6.66e-05, 8.71e-03)
INFO:root:[176,   232] loss: 8.770071e-02 masks: 22.0 17.2 [wd: 1.39e-01] [lr: 8.00e-04] [mem: 7.73e+03] (218.3 ms)
INFO:root:[176,   232] grad_stats: [3.98e-03 4.09e-04] (1.01e-04, 1.02e-02)
INFO:root:avg. loss 8.77007130e-02
INFO:root:time taken for epoch 0:01:04.256970
INFO:root:Epoch 177
INFO:root:[177,     0] loss: 8.699773e-02 masks: 21.0 16.0 [wd: 1.39e-01] [lr: 8.00e-04] [mem: 7.73e+03] (209.3 ms)
INFO:root:[177,     0] grad_stats: [1.57e-03 3.63e-04] (9.36e-05, 8.28e-03)
INFO:root:[177,   116] loss: 8.887278e-02 masks: 21.8 17.3 [wd: 1.40e-01] [lr: 7.98e-04] [mem: 7.73e+03] (217.2 ms)
INFO:root:[177,   116] grad_stats: [2.47e-03 2.48e-04] (6.52e-05, 6.64e-03)
INFO:root:[177,   232] loss: 8.842373e-02 masks: 21.8 17.3 [wd: 1.40e-01] [lr: 7.97e-04] [mem: 7.73e+03] (217.7 ms)
INFO:root:[177,   232] grad_stats: [1.77e-03 2.97e-04] (7.70e-05, 7.09e-03)
INFO:root:avg. loss 8.84237264e-02
INFO:root:time taken for epoch 0:01:04.303079
INFO:root:Epoch 178
INFO:root:[178,     0] loss: 8.476256e-02 masks: 20.0 20.0 [wd: 1.40e-01] [lr: 7.97e-04] [mem: 7.73e+03] (212.4 ms)
INFO:root:[178,     0] grad_stats: [1.91e-03 3.47e-04] (8.45e-05, 5.88e-03)
INFO:root:[178,   116] loss: 8.753307e-02 masks: 22.5 17.0 [wd: 1.41e-01] [lr: 7.95e-04] [mem: 7.73e+03] (219.0 ms)
INFO:root:[178,   116] grad_stats: [1.47e-03 4.16e-04] (8.38e-05, 7.17e-03)
INFO:root:[178,   232] loss: 8.836389e-02 masks: 21.8 17.4 [wd: 1.41e-01] [lr: 7.94e-04] [mem: 7.73e+03] (217.9 ms)
INFO:root:[178,   232] grad_stats: [8.20e-04 4.56e-04] (1.01e-04, 6.27e-03)
INFO:root:avg. loss 8.83638902e-02
INFO:root:time taken for epoch 0:01:04.360455
INFO:root:Epoch 179
INFO:root:[179,     0] loss: 8.895928e-02 masks: 20.0 20.0 [wd: 1.41e-01] [lr: 7.94e-04] [mem: 7.73e+03] (213.8 ms)
INFO:root:[179,     0] grad_stats: [1.06e-03 2.39e-04] (7.24e-05, 2.06e-02)
INFO:root:[179,   116] loss: 8.987533e-02 masks: 21.1 17.9 [wd: 1.42e-01] [lr: 7.93e-04] [mem: 7.73e+03] (215.6 ms)
INFO:root:[179,   116] grad_stats: [3.19e-03 3.63e-04] (9.21e-05, 1.25e-02)
INFO:root:[179,   232] loss: 8.954587e-02 masks: 21.3 17.6 [wd: 1.42e-01] [lr: 7.91e-04] [mem: 7.73e+03] (216.4 ms)
INFO:root:[179,   232] grad_stats: [9.08e-04 4.51e-04] (5.96e-05, 1.09e-02)
INFO:root:avg. loss 8.95458700e-02
INFO:root:time taken for epoch 0:01:03.929225
INFO:root:Epoch 180
INFO:root:[180,     0] loss: 9.311475e-02 masks: 16.0 20.0 [wd: 1.42e-01] [lr: 7.91e-04] [mem: 7.73e+03] (199.2 ms)
INFO:root:[180,     0] grad_stats: [1.75e-03 3.13e-04] (5.72e-05, 8.36e-03)
INFO:root:[180,   116] loss: 8.897344e-02 masks: 21.3 17.6 [wd: 1.43e-01] [lr: 7.90e-04] [mem: 7.73e+03] (215.6 ms)
INFO:root:[180,   116] grad_stats: [2.19e-03 3.46e-04] (7.91e-05, 6.00e-03)
INFO:root:[180,   232] loss: 8.959377e-02 masks: 21.3 17.4 [wd: 1.43e-01] [lr: 7.89e-04] [mem: 7.73e+03] (216.2 ms)
INFO:root:[180,   232] grad_stats: [1.93e-03 3.36e-04] (5.51e-05, 1.10e-02)
INFO:root:avg. loss 8.95937712e-02
INFO:root:time taken for epoch 0:01:03.811438
INFO:root:Epoch 181
INFO:root:[181,     0] loss: 7.834445e-02 masks: 26.0 16.0 [wd: 1.43e-01] [lr: 7.89e-04] [mem: 7.73e+03] (230.9 ms)
INFO:root:[181,     0] grad_stats: [1.27e-03 2.41e-04] (5.87e-05, 7.84e-03)
INFO:root:[181,   116] loss: 9.019935e-02 masks: 21.3 17.4 [wd: 1.44e-01] [lr: 7.87e-04] [mem: 7.73e+03] (215.3 ms)
INFO:root:[181,   116] grad_stats: [1.74e-03 4.90e-04] (9.46e-05, 1.00e-02)
INFO:root:[181,   232] loss: 8.960912e-02 masks: 21.8 17.3 [wd: 1.44e-01] [lr: 7.86e-04] [mem: 7.73e+03] (217.7 ms)
INFO:root:[181,   232] grad_stats: [5.39e-03 3.18e-04] (7.98e-05, 7.61e-03)
INFO:root:avg. loss 8.96091203e-02
INFO:root:time taken for epoch 0:01:04.130525
INFO:root:Epoch 182
INFO:root:[182,     0] loss: 8.673809e-02 masks: 21.0 20.0 [wd: 1.44e-01] [lr: 7.86e-04] [mem: 7.73e+03] (218.5 ms)
INFO:root:[182,     0] grad_stats: [2.98e-03 2.91e-04] (5.72e-05, 1.09e-02)
INFO:root:[182,   116] loss: 8.782005e-02 masks: 22.1 17.4 [wd: 1.45e-01] [lr: 7.84e-04] [mem: 7.73e+03] (218.3 ms)
INFO:root:[182,   116] grad_stats: [7.88e-04 2.91e-04] (5.40e-05, 7.79e-03)
INFO:root:[182,   232] loss: 8.849265e-02 masks: 21.9 17.5 [wd: 1.45e-01] [lr: 7.83e-04] [mem: 7.73e+03] (218.5 ms)
INFO:root:[182,   232] grad_stats: [1.98e-03 3.86e-04] (6.07e-05, 1.06e-02)
INFO:root:avg. loss 8.84926462e-02
INFO:root:time taken for epoch 0:01:04.493267
INFO:root:Epoch 183
INFO:root:[183,     0] loss: 8.436481e-02 masks: 24.0 16.0 [wd: 1.45e-01] [lr: 7.83e-04] [mem: 7.73e+03] (220.5 ms)
INFO:root:[183,     0] grad_stats: [1.53e-03 3.76e-04] (7.46e-05, 9.65e-03)
INFO:root:[183,   116] loss: 8.860830e-02 masks: 21.4 17.6 [wd: 1.46e-01] [lr: 7.82e-04] [mem: 7.73e+03] (216.2 ms)
INFO:root:[183,   116] grad_stats: [1.00e-03 2.86e-04] (7.47e-05, 6.84e-03)
INFO:root:[183,   232] loss: 8.944734e-02 masks: 21.5 17.5 [wd: 1.46e-01] [lr: 7.80e-04] [mem: 7.73e+03] (217.0 ms)
INFO:root:[183,   232] grad_stats: [2.91e-03 5.27e-04] (8.25e-05, 8.46e-03)
INFO:root:avg. loss 8.94473354e-02
INFO:root:time taken for epoch 0:01:04.186157
INFO:root:Epoch 184
INFO:root:[184,     0] loss: 9.540145e-02 masks: 22.0 20.0 [wd: 1.46e-01] [lr: 7.80e-04] [mem: 7.73e+03] (223.3 ms)
INFO:root:[184,     0] grad_stats: [1.37e-03 2.81e-04] (9.46e-05, 7.09e-03)
INFO:root:[184,   116] loss: 9.015699e-02 masks: 21.3 17.3 [wd: 1.47e-01] [lr: 7.79e-04] [mem: 7.73e+03] (215.1 ms)
INFO:root:[184,   116] grad_stats: [2.67e-03 3.51e-04] (7.90e-05, 1.31e-02)
INFO:root:[184,   232] loss: 9.036851e-02 masks: 21.3 17.4 [wd: 1.47e-01] [lr: 7.77e-04] [mem: 7.73e+03] (215.8 ms)
INFO:root:[184,   232] grad_stats: [1.88e-03 4.77e-04] (1.01e-04, 3.38e-02)
INFO:root:avg. loss 9.03685138e-02
INFO:root:time taken for epoch 0:01:03.869618
INFO:root:Epoch 185
INFO:root:[185,     0] loss: 9.028345e-02 masks: 21.0 20.0 [wd: 1.47e-01] [lr: 7.77e-04] [mem: 7.73e+03] (218.1 ms)
INFO:root:[185,     0] grad_stats: [1.07e-03 3.72e-04] (7.64e-05, 1.89e-02)
INFO:root:[185,   116] loss: 8.757499e-02 masks: 22.9 17.0 [wd: 1.48e-01] [lr: 7.76e-04] [mem: 7.73e+03] (220.6 ms)
INFO:root:[185,   116] grad_stats: [1.34e-03 3.92e-04] (8.15e-05, 1.20e-02)
INFO:root:[185,   232] loss: 8.791101e-02 masks: 22.6 17.0 [wd: 1.49e-01] [lr: 7.74e-04] [mem: 7.73e+03] (220.2 ms)
INFO:root:[185,   232] grad_stats: [1.07e-03 3.43e-04] (8.21e-05, 1.04e-02)
INFO:root:avg. loss 8.79110099e-02
INFO:root:time taken for epoch 0:01:04.945307
INFO:root:Epoch 186
INFO:root:[186,     0] loss: 9.447666e-02 masks: 16.0 20.0 [wd: 1.49e-01] [lr: 7.74e-04] [mem: 7.73e+03] (198.6 ms)
INFO:root:[186,     0] grad_stats: [3.87e-03 3.98e-04] (9.57e-05, 2.21e-02)
INFO:root:[186,   116] loss: 8.950360e-02 masks: 22.0 17.0 [wd: 1.49e-01] [lr: 7.73e-04] [mem: 7.73e+03] (217.2 ms)
INFO:root:[186,   116] grad_stats: [1.25e-03 2.78e-04] (6.32e-05, 2.09e-02)
INFO:root:[186,   232] loss: 8.827038e-02 masks: 22.7 16.8 [wd: 1.50e-01] [lr: 7.72e-04] [mem: 7.73e+03] (220.5 ms)
INFO:root:[186,   232] grad_stats: [1.10e-03 4.12e-04] (8.24e-05, 9.49e-03)
INFO:root:avg. loss 8.82703793e-02
INFO:root:time taken for epoch 0:01:04.959751
INFO:root:Epoch 187
INFO:root:[187,     0] loss: 9.256458e-02 masks: 21.0 16.0 [wd: 1.50e-01] [lr: 7.72e-04] [mem: 7.73e+03] (209.2 ms)
INFO:root:[187,     0] grad_stats: [1.50e-03 3.07e-04] (6.34e-05, 1.38e-02)
INFO:root:[187,   116] loss: 8.927346e-02 masks: 21.8 17.2 [wd: 1.50e-01] [lr: 7.70e-04] [mem: 7.73e+03] (216.6 ms)
INFO:root:[187,   116] grad_stats: [2.56e-03 2.91e-04] (6.93e-05, 1.57e-02)
INFO:root:[187,   232] loss: 8.941731e-02 masks: 21.7 17.3 [wd: 1.51e-01] [lr: 7.69e-04] [mem: 7.73e+03] (217.2 ms)
INFO:root:[187,   232] grad_stats: [3.53e-03 3.21e-04] (8.18e-05, 1.86e-02)
INFO:root:avg. loss 8.94173076e-02
INFO:root:time taken for epoch 0:01:04.068062
INFO:root:Epoch 188
INFO:root:[188,     0] loss: 9.164339e-02 masks: 19.0 20.0 [wd: 1.51e-01] [lr: 7.69e-04] [mem: 7.73e+03] (211.6 ms)
INFO:root:[188,     0] grad_stats: [3.33e-03 2.96e-04] (6.93e-05, 1.06e-02)
INFO:root:[188,   116] loss: 9.136974e-02 masks: 21.2 17.7 [wd: 1.51e-01] [lr: 7.67e-04] [mem: 7.73e+03] (215.6 ms)
INFO:root:[188,   116] grad_stats: [1.38e-03 3.10e-04] (8.05e-05, 2.02e-02)
INFO:root:[188,   232] loss: 9.039048e-02 masks: 21.7 17.4 [wd: 1.52e-01] [lr: 7.66e-04] [mem: 7.73e+03] (217.6 ms)
INFO:root:[188,   232] grad_stats: [1.84e-03 3.03e-04] (7.55e-05, 1.63e-02)
INFO:root:avg. loss 9.03904756e-02
INFO:root:time taken for epoch 0:01:04.264066
INFO:root:Epoch 189
INFO:root:[189,     0] loss: 7.999118e-02 masks: 25.0 16.0 [wd: 1.52e-01] [lr: 7.66e-04] [mem: 7.73e+03] (223.3 ms)
INFO:root:[189,     0] grad_stats: [1.47e-03 3.19e-04] (7.82e-05, 1.69e-02)
INFO:root:[189,   116] loss: 8.879326e-02 masks: 22.5 16.9 [wd: 1.52e-01] [lr: 7.64e-04] [mem: 7.73e+03] (218.7 ms)
INFO:root:[189,   116] grad_stats: [1.57e-03 3.44e-04] (9.38e-05, 1.22e-02)
INFO:root:[189,   232] loss: 8.920235e-02 masks: 22.1 17.1 [wd: 1.53e-01] [lr: 7.63e-04] [mem: 7.73e+03] (218.5 ms)
INFO:root:[189,   232] grad_stats: [1.14e-03 2.71e-04] (8.64e-05, 1.89e-02)
INFO:root:avg. loss 8.92023470e-02
INFO:root:time taken for epoch 0:01:04.415785
INFO:root:Epoch 190
INFO:root:[190,     0] loss: 8.795004e-02 masks: 23.0 16.0 [wd: 1.53e-01] [lr: 7.63e-04] [mem: 7.73e+03] (214.9 ms)
INFO:root:[190,     0] grad_stats: [1.26e-03 3.46e-04] (7.49e-05, 1.44e-02)
INFO:root:[190,   116] loss: 9.039361e-02 masks: 22.0 17.4 [wd: 1.53e-01] [lr: 7.61e-04] [mem: 7.73e+03] (217.8 ms)
INFO:root:[190,   116] grad_stats: [1.97e-03 3.53e-04] (6.64e-05, 9.28e-03)
INFO:root:[190,   232] loss: 8.955019e-02 masks: 22.1 17.3 [wd: 1.54e-01] [lr: 7.60e-04] [mem: 7.73e+03] (218.7 ms)
INFO:root:[190,   232] grad_stats: [1.46e-03 2.91e-04] (8.53e-05, 1.47e-02)
INFO:root:avg. loss 8.95501940e-02
INFO:root:time taken for epoch 0:01:04.454829
INFO:root:Epoch 191
INFO:root:[191,     0] loss: 7.360950e-02 masks: 35.0 12.0 [wd: 1.54e-01] [lr: 7.60e-04] [mem: 7.73e+03] (255.0 ms)
INFO:root:[191,     0] grad_stats: [3.44e-03 3.10e-04] (8.70e-05, 2.74e-02)
INFO:root:[191,   116] loss: 9.113994e-02 masks: 21.3 17.6 [wd: 1.54e-01] [lr: 7.59e-04] [mem: 7.73e+03] (215.8 ms)
INFO:root:[191,   116] grad_stats: [2.09e-03 3.23e-04] (7.10e-05, 8.86e-03)
INFO:root:[191,   232] loss: 9.038944e-02 masks: 21.7 17.4 [wd: 1.55e-01] [lr: 7.57e-04] [mem: 7.73e+03] (217.4 ms)
INFO:root:[191,   232] grad_stats: [1.26e-03 3.04e-04] (8.17e-05, 1.12e-02)
INFO:root:avg. loss 9.03894351e-02
INFO:root:time taken for epoch 0:01:04.221362
INFO:root:Epoch 192
INFO:root:[192,     0] loss: 9.341781e-02 masks: 23.0 16.0 [wd: 1.55e-01] [lr: 7.57e-04] [mem: 7.73e+03] (214.8 ms)
INFO:root:[192,     0] grad_stats: [1.64e-03 3.16e-04] (7.95e-05, 2.58e-02)
INFO:root:[192,   116] loss: 8.956577e-02 masks: 22.1 17.3 [wd: 1.55e-01] [lr: 7.56e-04] [mem: 7.73e+03] (218.3 ms)
INFO:root:[192,   116] grad_stats: [1.81e-03 4.29e-04] (9.95e-05, 1.43e-02)
INFO:root:[192,   232] loss: 8.972647e-02 masks: 22.1 17.1 [wd: 1.56e-01] [lr: 7.54e-04] [mem: 7.73e+03] (218.5 ms)
INFO:root:[192,   232] grad_stats: [2.27e-03 3.13e-04] (9.16e-05, 3.38e-02)
INFO:root:avg. loss 8.97264721e-02
INFO:root:time taken for epoch 0:01:04.455197
INFO:root:Epoch 193
INFO:root:[193,     0] loss: 9.658682e-02 masks: 22.0 20.0 [wd: 1.56e-01] [lr: 7.54e-04] [mem: 7.73e+03] (224.7 ms)
INFO:root:[193,     0] grad_stats: [2.64e-03 4.10e-04] (7.22e-05, 1.11e-02)
INFO:root:[193,   116] loss: 9.088918e-02 masks: 21.2 17.4 [wd: 1.56e-01] [lr: 7.53e-04] [mem: 7.73e+03] (214.9 ms)
INFO:root:[193,   116] grad_stats: [1.10e-03 3.70e-04] (8.19e-05, 9.75e-03)
INFO:root:[193,   232] loss: 8.996721e-02 masks: 21.8 17.3 [wd: 1.57e-01] [lr: 7.51e-04] [mem: 7.73e+03] (217.5 ms)
INFO:root:[193,   232] grad_stats: [1.80e-03 3.84e-04] (7.09e-05, 1.10e-02)
INFO:root:avg. loss 8.99672132e-02
INFO:root:time taken for epoch 0:01:04.288699
INFO:root:Epoch 194
INFO:root:[194,     0] loss: 1.033582e-01 masks: 13.0 20.0 [wd: 1.57e-01] [lr: 7.51e-04] [mem: 7.73e+03] (187.1 ms)
INFO:root:[194,     0] grad_stats: [2.02e-03 3.88e-04] (8.72e-05, 2.38e-02)
INFO:root:[194,   116] loss: 8.920287e-02 masks: 22.4 17.2 [wd: 1.57e-01] [lr: 7.50e-04] [mem: 7.73e+03] (219.0 ms)
INFO:root:[194,   116] grad_stats: [2.18e-03 2.57e-04] (7.78e-05, 2.27e-02)
INFO:root:[194,   232] loss: 8.926813e-02 masks: 22.3 17.2 [wd: 1.58e-01] [lr: 7.48e-04] [mem: 7.73e+03] (219.1 ms)
INFO:root:[194,   232] grad_stats: [1.25e-03 3.15e-04] (7.55e-05, 1.35e-02)
INFO:root:avg. loss 8.92681314e-02
INFO:root:time taken for epoch 0:01:04.634533
INFO:root:Epoch 195
INFO:root:[195,     0] loss: 8.269852e-02 masks: 21.0 16.0 [wd: 1.58e-01] [lr: 7.48e-04] [mem: 7.73e+03] (207.5 ms)
INFO:root:[195,     0] grad_stats: [2.88e-03 4.32e-04] (9.43e-05, 3.30e-02)
INFO:root:[195,   116] loss: 9.026742e-02 masks: 21.6 17.4 [wd: 1.58e-01] [lr: 7.47e-04] [mem: 7.73e+03] (216.3 ms)
INFO:root:[195,   116] grad_stats: [2.34e-03 4.49e-04] (8.66e-05, 2.68e-02)
INFO:root:[195,   232] loss: 9.046957e-02 masks: 21.4 17.5 [wd: 1.59e-01] [lr: 7.45e-04] [mem: 7.73e+03] (216.5 ms)
INFO:root:[195,   232] grad_stats: [1.26e-03 3.88e-04] (6.96e-05, 2.16e-02)
INFO:root:avg. loss 9.04695666e-02
INFO:root:time taken for epoch 0:01:04.050116
INFO:root:Epoch 196
INFO:root:[196,     0] loss: 8.421701e-02 masks: 26.0 16.0 [wd: 1.59e-01] [lr: 7.45e-04] [mem: 7.73e+03] (229.9 ms)
INFO:root:[196,     0] grad_stats: [1.96e-03 4.21e-04] (8.95e-05, 2.78e-02)
INFO:root:[196,   116] loss: 9.133343e-02 masks: 21.3 17.6 [wd: 1.60e-01] [lr: 7.44e-04] [mem: 7.73e+03] (215.7 ms)
INFO:root:[196,   116] grad_stats: [2.96e-03 3.56e-04] (6.80e-05, 1.86e-02)
INFO:root:[196,   232] loss: 9.135909e-02 masks: 21.3 17.5 [wd: 1.60e-01] [lr: 7.42e-04] [mem: 7.73e+03] (216.1 ms)
INFO:root:[196,   232] grad_stats: [2.46e-03 3.76e-04] (6.88e-05, 1.51e-02)
INFO:root:avg. loss 9.13590897e-02
INFO:root:time taken for epoch 0:01:03.893037
INFO:root:Epoch 197
INFO:root:[197,     0] loss: 1.081194e-01 masks: 17.0 16.0 [wd: 1.60e-01] [lr: 7.42e-04] [mem: 7.73e+03] (194.4 ms)
INFO:root:[197,     0] grad_stats: [2.56e-03 4.07e-04] (9.01e-05, 8.98e-03)
INFO:root:[197,   116] loss: 8.938830e-02 masks: 22.1 17.1 [wd: 1.61e-01] [lr: 7.41e-04] [mem: 7.73e+03] (217.6 ms)
INFO:root:[197,   116] grad_stats: [1.07e-03 2.54e-04] (6.25e-05, 1.90e-02)
INFO:root:[197,   232] loss: 8.911720e-02 masks: 22.2 17.2 [wd: 1.61e-01] [lr: 7.39e-04] [mem: 7.73e+03] (219.0 ms)
INFO:root:[197,   232] grad_stats: [3.08e-03 3.83e-04] (8.18e-05, 2.50e-02)
INFO:root:avg. loss 8.91171975e-02
INFO:root:time taken for epoch 0:01:04.566040
INFO:root:Epoch 198
INFO:root:[198,     0] loss: 8.247048e-02 masks: 24.0 16.0 [wd: 1.61e-01] [lr: 7.39e-04] [mem: 7.73e+03] (219.0 ms)
INFO:root:[198,     0] grad_stats: [1.90e-03 4.70e-04] (7.49e-05, 9.78e-03)
INFO:root:[198,   116] loss: 8.926727e-02 masks: 21.9 17.4 [wd: 1.62e-01] [lr: 7.38e-04] [mem: 7.73e+03] (217.7 ms)
INFO:root:[198,   116] grad_stats: [1.13e-03 5.34e-04] (8.10e-05, 1.22e-02)
INFO:root:[198,   232] loss: 8.933286e-02 masks: 22.0 17.3 [wd: 1.62e-01] [lr: 7.36e-04] [mem: 7.73e+03] (218.5 ms)
INFO:root:[198,   232] grad_stats: [1.61e-03 2.99e-04] (6.80e-05, 1.15e-02)
INFO:root:avg. loss 8.93328639e-02
INFO:root:time taken for epoch 0:01:04.439570
INFO:root:Epoch 199
INFO:root:[199,     0] loss: 9.637479e-02 masks: 23.0 16.0 [wd: 1.62e-01] [lr: 7.36e-04] [mem: 7.73e+03] (215.4 ms)
INFO:root:[199,     0] grad_stats: [1.49e-03 3.00e-04] (7.29e-05, 1.44e-02)
INFO:root:[199,   116] loss: 8.901310e-02 masks: 22.1 17.3 [wd: 1.63e-01] [lr: 7.35e-04] [mem: 7.73e+03] (218.4 ms)
INFO:root:[199,   116] grad_stats: [2.33e-03 3.63e-04] (7.13e-05, 8.47e-03)
INFO:root:[199,   232] loss: 8.934638e-02 masks: 21.9 17.5 [wd: 1.63e-01] [lr: 7.33e-04] [mem: 7.73e+03] (218.4 ms)
INFO:root:[199,   232] grad_stats: [2.29e-03 2.79e-04] (7.87e-05, 1.99e-02)
INFO:root:avg. loss 8.93463839e-02
INFO:root:time taken for epoch 0:01:05.120361
INFO:root:Epoch 200
INFO:root:[200,     0] loss: 8.814652e-02 masks: 21.0 20.0 [wd: 1.63e-01] [lr: 7.33e-04] [mem: 7.73e+03] (217.7 ms)
INFO:root:[200,     0] grad_stats: [3.03e-03 4.99e-04] (9.34e-05, 2.44e-02)
INFO:root:[200,   116] loss: 9.063800e-02 masks: 21.3 17.5 [wd: 1.64e-01] [lr: 7.32e-04] [mem: 7.73e+03] (215.4 ms)
INFO:root:[200,   116] grad_stats: [1.19e-03 2.77e-04] (6.85e-05, 1.81e-02)
INFO:root:[200,   232] loss: 9.043735e-02 masks: 21.7 17.3 [wd: 1.64e-01] [lr: 7.30e-04] [mem: 7.73e+03] (217.1 ms)
INFO:root:[200,   232] grad_stats: [3.09e-03 2.85e-04] (6.81e-05, 1.70e-02)
INFO:root:avg. loss 9.04373485e-02
INFO:root:	Epoch 200, KNN accuracy train: 7.15165e-01, KNN accuracy train: 5.78333e-01
INFO:root:time taken for epoch 0:01:46.128882
INFO:root:Epoch 201
INFO:root:[201,     0] loss: 8.591335e-02 masks: 20.0 20.0 [wd: 1.64e-01] [lr: 7.30e-04] [mem: 7.73e+03] (211.2 ms)
INFO:root:[201,     0] grad_stats: [2.74e-03 3.66e-04] (7.99e-05, 1.39e-02)
INFO:root:[201,   116] loss: 8.971197e-02 masks: 22.1 17.2 [wd: 1.65e-01] [lr: 7.29e-04] [mem: 7.73e+03] (217.3 ms)
INFO:root:[201,   116] grad_stats: [1.56e-03 4.02e-04] (9.22e-05, 1.74e-02)
INFO:root:[201,   232] loss: 8.984842e-02 masks: 22.0 17.2 [wd: 1.65e-01] [lr: 7.27e-04] [mem: 7.73e+03] (217.7 ms)
INFO:root:[201,   232] grad_stats: [1.74e-03 3.38e-04] (8.18e-05, 1.29e-02)
INFO:root:avg. loss 8.98484196e-02
INFO:root:time taken for epoch 0:01:04.253594
INFO:root:Epoch 202
INFO:root:[202,     0] loss: 8.078896e-02 masks: 25.0 16.0 [wd: 1.65e-01] [lr: 7.27e-04] [mem: 7.73e+03] (224.6 ms)
INFO:root:[202,     0] grad_stats: [9.14e-04 3.34e-04] (8.39e-05, 9.78e-03)
INFO:root:[202,   116] loss: 9.024051e-02 masks: 21.7 17.7 [wd: 1.66e-01] [lr: 7.26e-04] [mem: 7.73e+03] (217.4 ms)
INFO:root:[202,   116] grad_stats: [1.56e-03 3.31e-04] (6.73e-05, 9.24e-03)
INFO:root:[202,   232] loss: 8.964941e-02 masks: 22.0 17.4 [wd: 1.67e-01] [lr: 7.24e-04] [mem: 7.73e+03] (218.6 ms)
INFO:root:[202,   232] grad_stats: [1.85e-03 3.36e-04] (7.24e-05, 1.01e-02)
INFO:root:avg. loss 8.96494108e-02
INFO:root:time taken for epoch 0:01:04.615567
INFO:root:Epoch 203
INFO:root:[203,     0] loss: 8.349086e-02 masks: 27.0 16.0 [wd: 1.67e-01] [lr: 7.24e-04] [mem: 7.73e+03] (234.4 ms)
INFO:root:[203,     0] grad_stats: [2.64e-03 3.27e-04] (7.21e-05, 1.66e-02)
INFO:root:[203,   116] loss: 8.856703e-02 masks: 22.8 16.9 [wd: 1.67e-01] [lr: 7.23e-04] [mem: 7.73e+03] (219.6 ms)
INFO:root:[203,   116] grad_stats: [1.11e-03 2.71e-04] (7.13e-05, 1.68e-02)
INFO:root:[203,   232] loss: 8.957555e-02 masks: 22.3 17.0 [wd: 1.68e-01] [lr: 7.21e-04] [mem: 7.73e+03] (219.0 ms)
INFO:root:[203,   232] grad_stats: [2.19e-03 2.80e-04] (6.77e-05, 7.90e-03)
INFO:root:avg. loss 8.95755494e-02
INFO:root:time taken for epoch 0:01:04.710988
INFO:root:Epoch 204
INFO:root:[204,     0] loss: 9.670909e-02 masks: 18.0 20.0 [wd: 1.68e-01] [lr: 7.21e-04] [mem: 7.73e+03] (207.1 ms)
INFO:root:[204,     0] grad_stats: [2.62e-03 3.61e-04] (8.64e-05, 4.10e-02)
INFO:root:[204,   116] loss: 9.080972e-02 masks: 21.8 17.4 [wd: 1.68e-01] [lr: 7.20e-04] [mem: 7.73e+03] (217.1 ms)
INFO:root:[204,   116] grad_stats: [3.89e-03 3.86e-04] (8.32e-05, 1.10e-02)
INFO:root:[204,   232] loss: 9.048850e-02 masks: 22.0 17.3 [wd: 1.69e-01] [lr: 7.18e-04] [mem: 7.73e+03] (218.4 ms)
INFO:root:[204,   232] grad_stats: [2.01e-03 5.04e-04] (8.03e-05, 1.81e-02)
INFO:root:avg. loss 9.04885005e-02
INFO:root:time taken for epoch 0:01:04.442459
INFO:root:Epoch 205
INFO:root:[205,     0] loss: 9.406505e-02 masks: 16.0 20.0 [wd: 1.69e-01] [lr: 7.18e-04] [mem: 7.73e+03] (199.0 ms)
INFO:root:[205,     0] grad_stats: [1.96e-03 3.83e-04] (8.25e-05, 1.47e-02)
INFO:root:[205,   116] loss: 9.167027e-02 masks: 21.1 17.7 [wd: 1.69e-01] [lr: 7.17e-04] [mem: 7.73e+03] (215.1 ms)
INFO:root:[205,   116] grad_stats: [2.27e-03 2.88e-04] (7.14e-05, 8.75e-03)
INFO:root:[205,   232] loss: 9.075946e-02 masks: 21.8 17.3 [wd: 1.70e-01] [lr: 7.15e-04] [mem: 7.73e+03] (217.9 ms)
INFO:root:[205,   232] grad_stats: [1.41e-03 3.85e-04] (8.07e-05, 6.43e-03)
INFO:root:avg. loss 9.07594611e-02
INFO:root:time taken for epoch 0:01:04.320867
INFO:root:Epoch 206
INFO:root:[206,     0] loss: 8.269612e-02 masks: 25.0 16.0 [wd: 1.70e-01] [lr: 7.15e-04] [mem: 7.73e+03] (224.3 ms)
INFO:root:[206,     0] grad_stats: [2.40e-03 3.39e-04] (7.41e-05, 1.79e-02)
INFO:root:[206,   116] loss: 9.012195e-02 masks: 22.1 17.1 [wd: 1.70e-01] [lr: 7.13e-04] [mem: 7.73e+03] (217.6 ms)
INFO:root:[206,   116] grad_stats: [3.71e-03 3.31e-04] (7.83e-05, 1.25e-02)
INFO:root:[206,   232] loss: 9.007111e-02 masks: 22.0 17.3 [wd: 1.71e-01] [lr: 7.12e-04] [mem: 7.73e+03] (218.2 ms)
INFO:root:[206,   232] grad_stats: [1.24e-03 4.54e-04] (7.80e-05, 1.80e-02)
INFO:root:avg. loss 9.00711059e-02
INFO:root:time taken for epoch 0:01:04.458237
INFO:root:Epoch 207
INFO:root:[207,     0] loss: 1.121704e-01 masks: 12.0 20.0 [wd: 1.71e-01] [lr: 7.12e-04] [mem: 7.73e+03] (183.6 ms)
INFO:root:[207,     0] grad_stats: [2.20e-03 4.02e-04] (8.23e-05, 7.28e-03)
INFO:root:[207,   116] loss: 9.022072e-02 masks: 21.5 17.3 [wd: 1.71e-01] [lr: 7.10e-04] [mem: 7.73e+03] (215.8 ms)
INFO:root:[207,   116] grad_stats: [3.04e-03 3.08e-04] (7.59e-05, 1.58e-02)
INFO:root:[207,   232] loss: 9.041444e-02 masks: 21.9 17.2 [wd: 1.72e-01] [lr: 7.09e-04] [mem: 7.73e+03] (217.8 ms)
INFO:root:[207,   232] grad_stats: [7.80e-04 3.69e-04] (9.23e-05, 5.48e-03)
INFO:root:avg. loss 9.04144370e-02
INFO:root:time taken for epoch 0:01:04.367089
INFO:root:Epoch 208
INFO:root:[208,     0] loss: 9.218600e-02 masks: 20.0 16.0 [wd: 1.72e-01] [lr: 7.09e-04] [mem: 7.73e+03] (206.0 ms)
INFO:root:[208,     0] grad_stats: [9.57e-04 3.41e-04] (9.00e-05, 1.47e-02)
INFO:root:[208,   116] loss: 8.899575e-02 masks: 22.0 17.2 [wd: 1.73e-01] [lr: 7.07e-04] [mem: 7.73e+03] (217.7 ms)
INFO:root:[208,   116] grad_stats: [3.00e-03 4.51e-04] (9.43e-05, 1.39e-02)
INFO:root:[208,   232] loss: 8.973045e-02 masks: 21.9 17.2 [wd: 1.73e-01] [lr: 7.06e-04] [mem: 7.73e+03] (218.2 ms)
INFO:root:[208,   232] grad_stats: [2.02e-03 3.59e-04] (7.79e-05, 5.59e-03)
INFO:root:avg. loss 8.97304509e-02
INFO:root:time taken for epoch 0:01:04.321354
INFO:root:Epoch 209
INFO:root:[209,     0] loss: 9.836020e-02 masks: 18.0 20.0 [wd: 1.73e-01] [lr: 7.06e-04] [mem: 7.73e+03] (207.0 ms)
INFO:root:[209,     0] grad_stats: [3.43e-03 4.61e-04] (1.20e-04, 1.18e-02)
INFO:root:[209,   116] loss: 8.964900e-02 masks: 22.1 17.5 [wd: 1.74e-01] [lr: 7.04e-04] [mem: 7.73e+03] (218.8 ms)
INFO:root:[209,   116] grad_stats: [2.11e-03 3.23e-04] (7.23e-05, 6.89e-03)
INFO:root:[209,   232] loss: 8.939566e-02 masks: 22.3 17.3 [wd: 1.74e-01] [lr: 7.03e-04] [mem: 7.73e+03] (219.7 ms)
INFO:root:[209,   232] grad_stats: [4.26e-03 3.59e-04] (9.95e-05, 3.06e-02)
INFO:root:avg. loss 8.93956608e-02
INFO:root:time taken for epoch 0:01:04.741286
INFO:root:Epoch 210
INFO:root:[210,     0] loss: 8.243108e-02 masks: 23.0 16.0 [wd: 1.74e-01] [lr: 7.03e-04] [mem: 7.73e+03] (215.3 ms)
INFO:root:[210,     0] grad_stats: [3.02e-03 3.57e-04] (8.24e-05, 6.51e-03)
INFO:root:[210,   116] loss: 9.042078e-02 masks: 21.6 17.4 [wd: 1.75e-01] [lr: 7.01e-04] [mem: 7.73e+03] (216.4 ms)
INFO:root:[210,   116] grad_stats: [2.54e-03 3.80e-04] (8.40e-05, 8.87e-03)
INFO:root:[210,   232] loss: 9.066153e-02 masks: 21.5 17.4 [wd: 1.75e-01] [lr: 7.00e-04] [mem: 7.73e+03] (216.5 ms)
INFO:root:[210,   232] grad_stats: [1.88e-03 3.73e-04] (1.01e-04, 1.99e-02)
INFO:root:avg. loss 9.06615335e-02
INFO:root:time taken for epoch 0:01:04.014988
INFO:root:Epoch 211
INFO:root:[211,     0] loss: 8.616035e-02 masks: 24.0 16.0 [wd: 1.75e-01] [lr: 6.99e-04] [mem: 7.73e+03] (220.2 ms)
INFO:root:[211,     0] grad_stats: [1.77e-03 2.81e-04] (7.78e-05, 1.44e-02)
INFO:root:[211,   116] loss: 8.852099e-02 masks: 23.2 16.5 [wd: 1.76e-01] [lr: 6.98e-04] [mem: 7.73e+03] (220.8 ms)
INFO:root:[211,   116] grad_stats: [2.87e-03 2.89e-04] (7.55e-05, 2.02e-02)
INFO:root:[211,   232] loss: 8.938382e-02 masks: 22.5 16.9 [wd: 1.76e-01] [lr: 6.96e-04] [mem: 7.73e+03] (219.4 ms)
INFO:root:[211,   232] grad_stats: [2.35e-03 3.77e-04] (1.02e-04, 4.01e-02)
INFO:root:avg. loss 8.93838161e-02
INFO:root:time taken for epoch 0:01:04.687824
INFO:root:Epoch 212
INFO:root:[212,     0] loss: 8.513750e-02 masks: 23.0 16.0 [wd: 1.76e-01] [lr: 6.96e-04] [mem: 7.73e+03] (215.4 ms)
INFO:root:[212,     0] grad_stats: [9.26e-04 3.82e-04] (8.88e-05, 1.57e-02)
INFO:root:[212,   116] loss: 9.053980e-02 masks: 21.9 17.1 [wd: 1.77e-01] [lr: 6.95e-04] [mem: 7.73e+03] (216.8 ms)
INFO:root:[212,   116] grad_stats: [2.93e-03 4.39e-04] (8.36e-05, 1.20e-02)
INFO:root:[212,   232] loss: 9.074416e-02 masks: 21.8 17.2 [wd: 1.77e-01] [lr: 6.93e-04] [mem: 7.73e+03] (217.5 ms)
INFO:root:[212,   232] grad_stats: [3.31e-03 3.65e-04] (8.96e-05, 2.27e-02)
INFO:root:avg. loss 9.07441636e-02
INFO:root:time taken for epoch 0:01:04.292819
INFO:root:Epoch 213
INFO:root:[213,     0] loss: 9.978803e-02 masks: 17.0 20.0 [wd: 1.77e-01] [lr: 6.93e-04] [mem: 7.73e+03] (203.2 ms)
INFO:root:[213,     0] grad_stats: [2.01e-03 4.02e-04] (9.65e-05, 1.70e-02)
INFO:root:[213,   116] loss: 9.127620e-02 masks: 21.8 17.4 [wd: 1.78e-01] [lr: 6.92e-04] [mem: 7.73e+03] (217.3 ms)
INFO:root:[213,   116] grad_stats: [2.68e-03 4.14e-04] (9.54e-05, 2.05e-02)
INFO:root:[213,   232] loss: 9.049050e-02 masks: 22.2 17.2 [wd: 1.79e-01] [lr: 6.90e-04] [mem: 7.73e+03] (218.9 ms)
INFO:root:[213,   232] grad_stats: [1.80e-03 3.86e-04] (1.05e-04, 1.78e-02)
INFO:root:avg. loss 9.04905014e-02
INFO:root:time taken for epoch 0:01:04.504802
INFO:root:Epoch 214
INFO:root:[214,     0] loss: 7.343648e-02 masks: 34.0 12.0 [wd: 1.79e-01] [lr: 6.90e-04] [mem: 7.73e+03] (248.9 ms)
INFO:root:[214,     0] grad_stats: [1.10e-03 3.52e-04] (7.30e-05, 1.77e-02)
INFO:root:[214,   116] loss: 8.920132e-02 masks: 22.6 17.1 [wd: 1.79e-01] [lr: 6.88e-04] [mem: 7.73e+03] (219.5 ms)
INFO:root:[214,   116] grad_stats: [2.73e-03 2.77e-04] (8.56e-05, 2.67e-02)
INFO:root:[214,   232] loss: 9.047314e-02 masks: 21.8 17.3 [wd: 1.80e-01] [lr: 6.87e-04] [mem: 7.73e+03] (217.9 ms)
INFO:root:[214,   232] grad_stats: [3.16e-03 2.56e-04] (7.56e-05, 1.47e-02)
INFO:root:avg. loss 9.04731449e-02
INFO:root:time taken for epoch 0:01:04.244467
INFO:root:Epoch 215
INFO:root:[215,     0] loss: 8.499686e-02 masks: 21.0 16.0 [wd: 1.80e-01] [lr: 6.87e-04] [mem: 7.73e+03] (210.4 ms)
INFO:root:[215,     0] grad_stats: [1.97e-03 2.77e-04] (7.33e-05, 2.03e-02)
INFO:root:[215,   116] loss: 8.949122e-02 masks: 22.2 17.1 [wd: 1.80e-01] [lr: 6.85e-04] [mem: 7.73e+03] (218.4 ms)
INFO:root:[215,   116] grad_stats: [1.61e-03 3.15e-04] (9.08e-05, 3.04e-02)
INFO:root:[215,   232] loss: 9.024296e-02 masks: 22.0 17.3 [wd: 1.81e-01] [lr: 6.84e-04] [mem: 7.73e+03] (218.6 ms)
INFO:root:[215,   232] grad_stats: [1.66e-03 3.34e-04] (9.35e-05, 1.12e-02)
INFO:root:avg. loss 9.02429570e-02
INFO:root:time taken for epoch 0:01:04.439935
INFO:root:Epoch 216
INFO:root:[216,     0] loss: 7.301897e-02 masks: 33.0 12.0 [wd: 1.81e-01] [lr: 6.84e-04] [mem: 7.73e+03] (245.9 ms)
INFO:root:[216,     0] grad_stats: [2.16e-03 2.88e-04] (7.62e-05, 9.07e-03)
INFO:root:[216,   116] loss: 9.180615e-02 masks: 20.9 17.6 [wd: 1.81e-01] [lr: 6.82e-04] [mem: 7.73e+03] (214.1 ms)
INFO:root:[216,   116] grad_stats: [1.52e-03 3.18e-04] (9.97e-05, 2.13e-02)
INFO:root:[216,   232] loss: 9.111431e-02 masks: 21.1 17.6 [wd: 1.82e-01] [lr: 6.81e-04] [mem: 7.73e+03] (215.7 ms)
INFO:root:[216,   232] grad_stats: [1.03e-03 3.09e-04] (9.19e-05, 8.07e-03)
INFO:root:avg. loss 9.11143107e-02
INFO:root:time taken for epoch 0:01:03.804388
INFO:root:Epoch 217
INFO:root:[217,     0] loss: 6.869207e-02 masks: 35.0 12.0 [wd: 1.82e-01] [lr: 6.81e-04] [mem: 7.73e+03] (254.1 ms)
INFO:root:[217,     0] grad_stats: [2.33e-03 3.33e-04] (7.27e-05, 1.15e-02)
INFO:root:[217,   116] loss: 8.922277e-02 masks: 22.2 17.2 [wd: 1.82e-01] [lr: 6.79e-04] [mem: 7.73e+03] (218.6 ms)
INFO:root:[217,   116] grad_stats: [1.60e-03 3.63e-04] (9.58e-05, 2.32e-02)
INFO:root:[217,   232] loss: 9.003845e-02 masks: 22.1 17.2 [wd: 1.83e-01] [lr: 6.77e-04] [mem: 7.73e+03] (219.0 ms)
INFO:root:[217,   232] grad_stats: [1.47e-03 2.97e-04] (8.60e-05, 1.05e-02)
INFO:root:avg. loss 9.00384471e-02
INFO:root:time taken for epoch 0:01:04.649973
INFO:root:Epoch 218
INFO:root:[218,     0] loss: 8.168794e-02 masks: 21.0 16.0 [wd: 1.83e-01] [lr: 6.77e-04] [mem: 7.73e+03] (207.6 ms)
INFO:root:[218,     0] grad_stats: [1.72e-03 3.16e-04] (8.27e-05, 6.82e-03)
INFO:root:[218,   116] loss: 9.044855e-02 masks: 22.1 17.2 [wd: 1.84e-01] [lr: 6.76e-04] [mem: 7.73e+03] (218.2 ms)
INFO:root:[218,   116] grad_stats: [1.66e-03 2.79e-04] (6.67e-05, 8.41e-03)
INFO:root:[218,   232] loss: 9.057836e-02 masks: 21.8 17.3 [wd: 1.84e-01] [lr: 6.74e-04] [mem: 7.73e+03] (217.5 ms)
INFO:root:[218,   232] grad_stats: [5.43e-03 3.37e-04] (7.57e-05, 1.30e-02)
INFO:root:avg. loss 9.05783573e-02
INFO:root:time taken for epoch 0:01:04.252649
INFO:root:Epoch 219
INFO:root:[219,     0] loss: 8.901815e-02 masks: 21.0 20.0 [wd: 1.84e-01] [lr: 6.74e-04] [mem: 7.73e+03] (218.5 ms)
INFO:root:[219,     0] grad_stats: [2.88e-03 3.77e-04] (1.05e-04, 5.80e-02)
INFO:root:[219,   116] loss: 8.821705e-02 masks: 23.1 16.8 [wd: 1.85e-01] [lr: 6.73e-04] [mem: 7.73e+03] (220.9 ms)
INFO:root:[219,   116] grad_stats: [2.56e-03 3.39e-04] (9.95e-05, 1.13e-02)
INFO:root:[219,   232] loss: 8.994811e-02 masks: 22.0 17.2 [wd: 1.85e-01] [lr: 6.71e-04] [mem: 7.73e+03] (218.2 ms)
INFO:root:[219,   232] grad_stats: [1.88e-03 2.75e-04] (8.88e-05, 1.14e-02)
INFO:root:avg. loss 8.99481052e-02
INFO:root:time taken for epoch 0:01:04.454646
INFO:root:Epoch 220
INFO:root:[220,     0] loss: 6.904982e-02 masks: 36.0 12.0 [wd: 1.85e-01] [lr: 6.71e-04] [mem: 7.73e+03] (258.9 ms)
INFO:root:[220,     0] grad_stats: [3.19e-03 2.74e-04] (8.10e-05, 1.48e-02)
INFO:root:[220,   116] loss: 8.937948e-02 masks: 22.2 17.2 [wd: 1.86e-01] [lr: 6.69e-04] [mem: 7.73e+03] (218.4 ms)
INFO:root:[220,   116] grad_stats: [2.85e-03 8.13e-04] (1.03e-04, 1.73e-02)
INFO:root:[220,   232] loss: 8.961528e-02 masks: 22.1 17.2 [wd: 1.86e-01] [lr: 6.68e-04] [mem: 7.73e+03] (218.8 ms)
INFO:root:[220,   232] grad_stats: [2.44e-03 3.52e-04] (9.99e-05, 1.56e-02)
INFO:root:avg. loss 8.96152765e-02
INFO:root:time taken for epoch 0:01:04.423698
INFO:root:Epoch 221
INFO:root:[221,     0] loss: 8.188177e-02 masks: 28.0 16.0 [wd: 1.86e-01] [lr: 6.68e-04] [mem: 7.73e+03] (235.6 ms)
INFO:root:[221,     0] grad_stats: [3.69e-03 3.31e-04] (8.45e-05, 1.04e-02)
INFO:root:[221,   116] loss: 8.928074e-02 masks: 21.7 17.4 [wd: 1.87e-01] [lr: 6.66e-04] [mem: 7.73e+03] (217.3 ms)
INFO:root:[221,   116] grad_stats: [1.94e-03 4.07e-04] (9.80e-05, 1.49e-02)
INFO:root:[221,   232] loss: 9.050019e-02 masks: 21.4 17.6 [wd: 1.87e-01] [lr: 6.65e-04] [mem: 7.73e+03] (216.7 ms)
INFO:root:[221,   232] grad_stats: [2.61e-03 4.54e-04] (1.01e-04, 2.62e-02)
INFO:root:avg. loss 9.05001920e-02
INFO:root:time taken for epoch 0:01:04.044320
INFO:root:Epoch 222
INFO:root:[222,     0] loss: 8.966363e-02 masks: 26.0 16.0 [wd: 1.87e-01] [lr: 6.65e-04] [mem: 7.73e+03] (231.2 ms)
INFO:root:[222,     0] grad_stats: [1.03e-03 3.58e-04] (9.33e-05, 1.20e-02)
INFO:root:[222,   116] loss: 9.064568e-02 masks: 21.3 17.5 [wd: 1.88e-01] [lr: 6.63e-04] [mem: 7.73e+03] (215.9 ms)
INFO:root:[222,   116] grad_stats: [7.61e-04 4.14e-04] (9.69e-05, 1.25e-02)
INFO:root:[222,   232] loss: 9.004191e-02 masks: 21.7 17.4 [wd: 1.88e-01] [lr: 6.61e-04] [mem: 7.73e+03] (217.6 ms)
INFO:root:[222,   232] grad_stats: [1.94e-03 3.63e-04] (1.08e-04, 3.03e-02)
INFO:root:avg. loss 9.00419098e-02
INFO:root:time taken for epoch 0:01:04.215930
INFO:root:Epoch 223
INFO:root:[223,     0] loss: 9.365842e-02 masks: 21.0 16.0 [wd: 1.89e-01] [lr: 6.61e-04] [mem: 7.73e+03] (210.3 ms)
INFO:root:[223,     0] grad_stats: [2.47e-03 5.17e-04] (1.12e-04, 1.48e-02)
INFO:root:[223,   116] loss: 8.919209e-02 masks: 22.1 17.3 [wd: 1.89e-01] [lr: 6.60e-04] [mem: 7.73e+03] (218.4 ms)
INFO:root:[223,   116] grad_stats: [3.20e-03 4.22e-04] (9.63e-05, 1.55e-02)
INFO:root:[223,   232] loss: 8.920892e-02 masks: 22.2 17.2 [wd: 1.90e-01] [lr: 6.58e-04] [mem: 7.73e+03] (219.3 ms)
INFO:root:[223,   232] grad_stats: [1.48e-03 4.55e-04] (8.86e-05, 1.06e-02)
INFO:root:avg. loss 8.92089240e-02
INFO:root:time taken for epoch 0:01:04.698193
INFO:root:Epoch 224
INFO:root:[224,     0] loss: 8.476888e-02 masks: 26.0 16.0 [wd: 1.90e-01] [lr: 6.58e-04] [mem: 7.73e+03] (230.2 ms)
INFO:root:[224,     0] grad_stats: [2.98e-03 4.78e-04] (8.71e-05, 1.28e-02)
INFO:root:[224,   116] loss: 8.959570e-02 masks: 22.2 17.2 [wd: 1.90e-01] [lr: 6.56e-04] [mem: 7.73e+03] (218.4 ms)
INFO:root:[224,   116] grad_stats: [4.34e-03 4.23e-04] (1.24e-04, 6.78e-02)
INFO:root:[224,   232] loss: 8.970822e-02 masks: 21.9 17.4 [wd: 1.91e-01] [lr: 6.55e-04] [mem: 7.73e+03] (218.5 ms)
INFO:root:[224,   232] grad_stats: [3.08e-03 3.44e-04] (8.86e-05, 1.88e-02)
INFO:root:avg. loss 8.97082240e-02
INFO:root:time taken for epoch 0:01:04.490064
INFO:root:Epoch 225
INFO:root:[225,     0] loss: 8.820213e-02 masks: 23.0 16.0 [wd: 1.91e-01] [lr: 6.55e-04] [mem: 7.73e+03] (215.9 ms)
INFO:root:[225,     0] grad_stats: [1.56e-03 3.25e-04] (8.35e-05, 1.73e-02)
INFO:root:[225,   116] loss: 9.086260e-02 masks: 21.3 17.5 [wd: 1.91e-01] [lr: 6.53e-04] [mem: 7.73e+03] (215.3 ms)
INFO:root:[225,   116] grad_stats: [2.81e-03 4.08e-04] (1.03e-04, 1.91e-02)
INFO:root:[225,   232] loss: 9.076006e-02 masks: 21.5 17.3 [wd: 1.92e-01] [lr: 6.52e-04] [mem: 7.73e+03] (216.4 ms)
INFO:root:[225,   232] grad_stats: [1.02e-03 4.77e-04] (8.60e-05, 1.61e-02)
INFO:root:avg. loss 9.07600585e-02
INFO:root:time taken for epoch 0:01:03.981924
INFO:root:Epoch 226
INFO:root:[226,     0] loss: 9.094652e-02 masks: 21.0 16.0 [wd: 1.92e-01] [lr: 6.52e-04] [mem: 7.73e+03] (207.3 ms)
INFO:root:[226,     0] grad_stats: [1.79e-03 4.13e-04] (8.99e-05, 3.58e-02)
INFO:root:[226,   116] loss: 9.085135e-02 masks: 21.4 17.4 [wd: 1.92e-01] [lr: 6.50e-04] [mem: 7.73e+03] (215.6 ms)
INFO:root:[226,   116] grad_stats: [3.36e-03 4.02e-04] (9.30e-05, 9.24e-03)
INFO:root:[226,   232] loss: 9.053632e-02 masks: 21.4 17.4 [wd: 1.93e-01] [lr: 6.48e-04] [mem: 7.73e+03] (216.4 ms)
INFO:root:[226,   232] grad_stats: [1.48e-03 3.53e-04] (8.34e-05, 1.14e-02)
INFO:root:avg. loss 9.05363192e-02
INFO:root:time taken for epoch 0:01:03.979067
INFO:root:Epoch 227
INFO:root:[227,     0] loss: 1.094713e-01 masks: 11.0 20.0 [wd: 1.93e-01] [lr: 6.48e-04] [mem: 7.73e+03] (178.1 ms)
INFO:root:[227,     0] grad_stats: [1.41e-03 6.61e-04] (1.13e-04, 2.39e-02)
INFO:root:[227,   116] loss: 8.960512e-02 masks: 22.0 17.2 [wd: 1.94e-01] [lr: 6.47e-04] [mem: 7.73e+03] (218.0 ms)
INFO:root:[227,   116] grad_stats: [6.18e-03 5.12e-04] (1.07e-04, 2.96e-02)
INFO:root:[227,   232] loss: 8.833973e-02 masks: 22.6 16.9 [wd: 1.94e-01] [lr: 6.45e-04] [mem: 7.73e+03] (220.3 ms)
INFO:root:[227,   232] grad_stats: [1.92e-03 3.24e-04] (8.30e-05, 1.95e-02)
INFO:root:avg. loss 8.83397342e-02
INFO:root:time taken for epoch 0:01:04.935046
INFO:root:Epoch 228
INFO:root:[228,     0] loss: 8.518802e-02 masks: 20.0 20.0 [wd: 1.94e-01] [lr: 6.45e-04] [mem: 7.73e+03] (212.8 ms)
INFO:root:[228,     0] grad_stats: [3.46e-03 3.51e-04] (8.85e-05, 2.69e-02)
INFO:root:[228,   116] loss: 8.944398e-02 masks: 21.9 17.3 [wd: 1.95e-01] [lr: 6.43e-04] [mem: 7.73e+03] (217.6 ms)
INFO:root:[228,   116] grad_stats: [1.05e-03 4.75e-04] (8.47e-05, 8.40e-03)
INFO:root:[228,   232] loss: 8.979548e-02 masks: 21.7 17.4 [wd: 1.95e-01] [lr: 6.42e-04] [mem: 7.73e+03] (217.7 ms)
INFO:root:[228,   232] grad_stats: [5.62e-03 3.69e-04] (9.71e-05, 2.33e-02)
INFO:root:avg. loss 8.97954803e-02
INFO:root:time taken for epoch 0:01:04.284454
INFO:root:Epoch 229
INFO:root:[229,     0] loss: 8.417021e-02 masks: 23.0 16.0 [wd: 1.95e-01] [lr: 6.42e-04] [mem: 7.73e+03] (216.5 ms)
INFO:root:[229,     0] grad_stats: [1.90e-03 3.88e-04] (8.39e-05, 2.31e-02)
INFO:root:[229,   116] loss: 9.027110e-02 masks: 21.2 17.4 [wd: 1.96e-01] [lr: 6.40e-04] [mem: 7.73e+03] (215.2 ms)
INFO:root:[229,   116] grad_stats: [1.28e-03 3.49e-04] (9.84e-05, 1.65e-02)
INFO:root:[229,   232] loss: 9.054316e-02 masks: 21.4 17.4 [wd: 1.96e-01] [lr: 6.39e-04] [mem: 7.73e+03] (216.3 ms)
INFO:root:[229,   232] grad_stats: [5.13e-03 6.28e-04] (1.26e-04, 1.16e-02)
INFO:root:avg. loss 9.05431569e-02
INFO:root:time taken for epoch 0:01:03.942136
INFO:root:Epoch 230
INFO:root:[230,     0] loss: 9.697738e-02 masks: 20.0 20.0 [wd: 1.96e-01] [lr: 6.39e-04] [mem: 7.73e+03] (212.3 ms)
INFO:root:[230,     0] grad_stats: [3.02e-03 4.21e-04] (1.08e-04, 2.54e-02)
INFO:root:[230,   116] loss: 8.929018e-02 masks: 21.9 17.2 [wd: 1.97e-01] [lr: 6.37e-04] [mem: 7.73e+03] (217.2 ms)
INFO:root:[230,   116] grad_stats: [2.62e-03 3.66e-04] (8.37e-05, 1.35e-02)
INFO:root:[230,   232] loss: 8.973365e-02 masks: 21.8 17.2 [wd: 1.97e-01] [lr: 6.35e-04] [mem: 7.73e+03] (217.6 ms)
INFO:root:[230,   232] grad_stats: [8.92e-04 3.50e-04] (8.42e-05, 2.12e-02)
INFO:root:avg. loss 8.97336548e-02
INFO:root:time taken for epoch 0:01:04.248722
INFO:root:Epoch 231
INFO:root:[231,     0] loss: 9.341595e-02 masks: 18.0 20.0 [wd: 1.97e-01] [lr: 6.35e-04] [mem: 7.73e+03] (205.4 ms)
INFO:root:[231,     0] grad_stats: [1.12e-03 3.92e-04] (9.74e-05, 1.44e-02)
INFO:root:[231,   116] loss: 8.786607e-02 masks: 22.1 17.2 [wd: 1.98e-01] [lr: 6.34e-04] [mem: 7.73e+03] (217.9 ms)
INFO:root:[231,   116] grad_stats: [1.88e-03 6.31e-04] (1.04e-04, 1.74e-02)
INFO:root:[231,   232] loss: 8.883377e-02 masks: 22.0 17.2 [wd: 1.99e-01] [lr: 6.32e-04] [mem: 7.73e+03] (218.3 ms)
INFO:root:[231,   232] grad_stats: [1.83e-03 4.32e-04] (9.98e-05, 8.05e-03)
INFO:root:avg. loss 8.88337687e-02
INFO:root:time taken for epoch 0:01:04.364396
INFO:root:Epoch 232
INFO:root:[232,     0] loss: 9.746920e-02 masks: 21.0 16.0 [wd: 1.99e-01] [lr: 6.32e-04] [mem: 7.73e+03] (207.2 ms)
INFO:root:[232,     0] grad_stats: [2.32e-03 7.12e-04] (1.23e-04, 1.60e-02)
INFO:root:[232,   116] loss: 8.828269e-02 masks: 22.4 17.3 [wd: 1.99e-01] [lr: 6.30e-04] [mem: 7.73e+03] (219.3 ms)
INFO:root:[232,   116] grad_stats: [1.52e-03 4.01e-04] (8.09e-05, 1.39e-02)
INFO:root:[232,   232] loss: 8.878983e-02 masks: 22.2 17.3 [wd: 2.00e-01] [lr: 6.29e-04] [mem: 7.73e+03] (219.5 ms)
INFO:root:[232,   232] grad_stats: [3.43e-03 3.84e-04] (8.39e-05, 1.85e-02)
INFO:root:avg. loss 8.87898347e-02
INFO:root:time taken for epoch 0:01:04.698943
INFO:root:Epoch 233
INFO:root:[233,     0] loss: 9.746887e-02 masks: 21.0 16.0 [wd: 2.00e-01] [lr: 6.29e-04] [mem: 7.73e+03] (209.4 ms)
INFO:root:[233,     0] grad_stats: [2.59e-03 4.19e-04] (1.18e-04, 1.96e-02)
INFO:root:[233,   116] loss: 9.017447e-02 masks: 21.5 17.4 [wd: 2.00e-01] [lr: 6.27e-04] [mem: 7.73e+03] (216.0 ms)
INFO:root:[233,   116] grad_stats: [2.83e-03 4.58e-04] (9.50e-05, 1.36e-02)
INFO:root:[233,   232] loss: 8.981242e-02 masks: 21.7 17.3 [wd: 2.01e-01] [lr: 6.25e-04] [mem: 7.73e+03] (217.2 ms)
INFO:root:[233,   232] grad_stats: [2.17e-03 4.20e-04] (9.47e-05, 2.80e-02)
INFO:root:avg. loss 8.98124185e-02
INFO:root:time taken for epoch 0:01:04.247418
INFO:root:Epoch 234
INFO:root:[234,     0] loss: 9.707684e-02 masks: 17.0 16.0 [wd: 2.01e-01] [lr: 6.25e-04] [mem: 7.73e+03] (194.4 ms)
INFO:root:[234,     0] grad_stats: [1.65e-03 3.98e-04] (9.16e-05, 1.11e-02)
INFO:root:[234,   116] loss: 8.937387e-02 masks: 21.9 17.3 [wd: 2.01e-01] [lr: 6.24e-04] [mem: 7.73e+03] (217.7 ms)
INFO:root:[234,   116] grad_stats: [1.72e-03 3.48e-04] (9.24e-05, 9.37e-03)
INFO:root:[234,   232] loss: 8.884229e-02 masks: 22.2 17.2 [wd: 2.02e-01] [lr: 6.22e-04] [mem: 7.73e+03] (219.1 ms)
INFO:root:[234,   232] grad_stats: [2.37e-03 3.70e-04] (9.12e-05, 1.07e-02)
INFO:root:avg. loss 8.88422933e-02
INFO:root:time taken for epoch 0:01:04.663948
INFO:root:Epoch 235
INFO:root:[235,     0] loss: 8.694703e-02 masks: 16.0 20.0 [wd: 2.02e-01] [lr: 6.22e-04] [mem: 7.73e+03] (199.8 ms)
INFO:root:[235,     0] grad_stats: [1.48e-03 2.76e-04] (8.19e-05, 2.24e-02)
INFO:root:[235,   116] loss: 8.826823e-02 masks: 22.5 17.1 [wd: 2.03e-01] [lr: 6.20e-04] [mem: 7.73e+03] (219.2 ms)
INFO:root:[235,   116] grad_stats: [1.32e-03 3.80e-04] (8.25e-05, 2.33e-02)
INFO:root:[235,   232] loss: 8.963956e-02 masks: 21.9 17.2 [wd: 2.03e-01] [lr: 6.19e-04] [mem: 7.73e+03] (217.8 ms)
INFO:root:[235,   232] grad_stats: [1.28e-03 4.41e-04] (7.79e-05, 1.45e-02)
INFO:root:avg. loss 8.96395602e-02
INFO:root:time taken for epoch 0:01:04.175936
INFO:root:Epoch 236
INFO:root:[236,     0] loss: 1.196410e-01 masks: 8.0 20.0 [wd: 2.03e-01] [lr: 6.19e-04] [mem: 7.73e+03] (168.5 ms)
INFO:root:[236,     0] grad_stats: [1.89e-03 6.87e-04] (1.28e-04, 1.30e-02)
INFO:root:[236,   116] loss: 8.772926e-02 masks: 22.6 16.9 [wd: 2.04e-01] [lr: 6.17e-04] [mem: 7.73e+03] (219.8 ms)
INFO:root:[236,   116] grad_stats: [1.47e-03 3.79e-04] (8.45e-05, 3.68e-02)
INFO:root:[236,   232] loss: 8.933584e-02 masks: 21.9 17.3 [wd: 2.04e-01] [lr: 6.15e-04] [mem: 7.73e+03] (218.2 ms)
INFO:root:[236,   232] grad_stats: [3.73e-03 4.11e-04] (9.86e-05, 2.47e-02)
INFO:root:avg. loss 8.93358413e-02
INFO:root:time taken for epoch 0:01:04.388875
INFO:root:Epoch 237
INFO:root:[237,     0] loss: 9.424637e-02 masks: 18.0 20.0 [wd: 2.04e-01] [lr: 6.15e-04] [mem: 7.73e+03] (206.3 ms)
INFO:root:[237,     0] grad_stats: [2.05e-03 6.15e-04] (1.13e-04, 4.23e-02)
INFO:root:[237,   116] loss: 8.998419e-02 masks: 21.5 17.5 [wd: 2.05e-01] [lr: 6.14e-04] [mem: 7.73e+03] (216.3 ms)
INFO:root:[237,   116] grad_stats: [2.05e-03 5.02e-04] (1.14e-04, 2.20e-02)
INFO:root:[237,   232] loss: 8.958648e-02 masks: 21.6 17.4 [wd: 2.05e-01] [lr: 6.12e-04] [mem: 7.73e+03] (217.4 ms)
INFO:root:[237,   232] grad_stats: [1.38e-03 4.51e-04] (1.11e-04, 1.19e-02)
INFO:root:avg. loss 8.95864814e-02
INFO:root:time taken for epoch 0:01:04.179381
INFO:root:Epoch 238
INFO:root:[238,     0] loss: 9.654453e-02 masks: 18.0 20.0 [wd: 2.05e-01] [lr: 6.12e-04] [mem: 7.73e+03] (207.1 ms)
INFO:root:[238,     0] grad_stats: [2.11e-03 4.21e-04] (1.12e-04, 2.64e-02)
INFO:root:[238,   116] loss: 8.846561e-02 masks: 22.5 17.0 [wd: 2.06e-01] [lr: 6.10e-04] [mem: 7.73e+03] (219.1 ms)
INFO:root:[238,   116] grad_stats: [2.80e-03 3.32e-04] (6.80e-05, 2.60e-02)
INFO:root:[238,   232] loss: 8.821493e-02 masks: 22.7 16.9 [wd: 2.06e-01] [lr: 6.09e-04] [mem: 7.73e+03] (220.3 ms)
INFO:root:[238,   232] grad_stats: [4.92e-03 4.13e-04] (1.11e-04, 2.48e-02)
INFO:root:avg. loss 8.82149265e-02
INFO:root:time taken for epoch 0:01:04.839548
INFO:root:Epoch 239
INFO:root:[239,     0] loss: 9.217421e-02 masks: 23.0 20.0 [wd: 2.06e-01] [lr: 6.09e-04] [mem: 7.73e+03] (226.6 ms)
INFO:root:[239,     0] grad_stats: [2.76e-03 4.33e-04] (9.47e-05, 3.35e-02)
INFO:root:[239,   116] loss: 8.718569e-02 masks: 23.2 16.9 [wd: 2.07e-01] [lr: 6.07e-04] [mem: 7.73e+03] (221.4 ms)
INFO:root:[239,   116] grad_stats: [2.64e-03 3.18e-04] (7.35e-05, 1.94e-02)
INFO:root:[239,   232] loss: 8.854060e-02 masks: 22.3 17.2 [wd: 2.08e-01] [lr: 6.05e-04] [mem: 7.73e+03] (219.2 ms)
INFO:root:[239,   232] grad_stats: [1.22e-03 3.19e-04] (7.50e-05, 1.99e-02)
INFO:root:avg. loss 8.85405968e-02
INFO:root:time taken for epoch 0:01:04.656198
INFO:root:Epoch 240
INFO:root:[240,     0] loss: 8.704255e-02 masks: 22.0 16.0 [wd: 2.08e-01] [lr: 6.05e-04] [mem: 7.73e+03] (212.3 ms)
INFO:root:[240,     0] grad_stats: [9.36e-04 4.19e-04] (8.95e-05, 1.15e-02)
INFO:root:[240,   116] loss: 8.975491e-02 masks: 21.4 17.4 [wd: 2.08e-01] [lr: 6.04e-04] [mem: 7.73e+03] (215.7 ms)
INFO:root:[240,   116] grad_stats: [2.58e-03 3.99e-04] (9.23e-05, 1.06e-02)
INFO:root:[240,   232] loss: 8.947420e-02 masks: 21.8 17.2 [wd: 2.09e-01] [lr: 6.02e-04] [mem: 7.73e+03] (217.6 ms)
INFO:root:[240,   232] grad_stats: [2.10e-03 4.46e-04] (8.12e-05, 1.88e-02)
INFO:root:avg. loss 8.94742004e-02
INFO:root:time taken for epoch 0:01:04.271351
INFO:root:Epoch 241
INFO:root:[241,     0] loss: 1.001361e-01 masks: 17.0 16.0 [wd: 2.09e-01] [lr: 6.02e-04] [mem: 7.73e+03] (191.0 ms)
INFO:root:[241,     0] grad_stats: [1.92e-03 5.07e-04] (1.03e-04, 2.32e-02)
INFO:root:[241,   116] loss: 8.743547e-02 masks: 22.7 17.0 [wd: 2.09e-01] [lr: 6.00e-04] [mem: 7.73e+03] (219.7 ms)
INFO:root:[241,   116] grad_stats: [1.31e-03 4.08e-04] (9.47e-05, 1.87e-02)
INFO:root:[241,   232] loss: 8.812178e-02 masks: 22.4 17.0 [wd: 2.10e-01] [lr: 5.99e-04] [mem: 7.73e+03] (219.4 ms)
INFO:root:[241,   232] grad_stats: [2.30e-03 4.62e-04] (1.09e-04, 1.77e-02)
INFO:root:avg. loss 8.81217766e-02
INFO:root:time taken for epoch 0:01:04.664779
INFO:root:Epoch 242
INFO:root:[242,     0] loss: 9.369247e-02 masks: 17.0 16.0 [wd: 2.10e-01] [lr: 5.99e-04] [mem: 7.73e+03] (193.1 ms)
INFO:root:[242,     0] grad_stats: [2.31e-03 4.27e-04] (9.44e-05, 1.24e-02)
INFO:root:[242,   116] loss: 8.806995e-02 masks: 22.8 16.9 [wd: 2.10e-01] [lr: 5.97e-04] [mem: 7.73e+03] (220.0 ms)
INFO:root:[242,   116] grad_stats: [1.90e-03 4.33e-04] (9.51e-05, 1.90e-02)
INFO:root:[242,   232] loss: 8.789595e-02 masks: 22.6 17.0 [wd: 2.11e-01] [lr: 5.95e-04] [mem: 7.73e+03] (220.3 ms)
INFO:root:[242,   232] grad_stats: [2.18e-03 3.88e-04] (8.56e-05, 2.79e-02)
INFO:root:avg. loss 8.78959481e-02
INFO:root:time taken for epoch 0:01:04.930902
INFO:root:Epoch 243
INFO:root:[243,     0] loss: 9.209671e-02 masks: 17.0 16.0 [wd: 2.11e-01] [lr: 5.95e-04] [mem: 7.73e+03] (193.4 ms)
INFO:root:[243,     0] grad_stats: [1.34e-03 4.29e-04] (9.06e-05, 7.43e-03)
INFO:root:[243,   116] loss: 8.876935e-02 masks: 21.7 17.3 [wd: 2.12e-01] [lr: 5.94e-04] [mem: 7.73e+03] (216.6 ms)
INFO:root:[243,   116] grad_stats: [4.37e-03 4.18e-04] (1.00e-04, 1.79e-02)
INFO:root:[243,   232] loss: 8.893639e-02 masks: 21.9 17.2 [wd: 2.12e-01] [lr: 5.92e-04] [mem: 7.73e+03] (218.1 ms)
INFO:root:[243,   232] grad_stats: [1.77e-03 3.31e-04] (8.48e-05, 2.22e-02)
INFO:root:avg. loss 8.89363910e-02
INFO:root:time taken for epoch 0:01:04.356248
INFO:root:Epoch 244
INFO:root:[244,     0] loss: 8.803257e-02 masks: 22.0 20.0 [wd: 2.12e-01] [lr: 5.92e-04] [mem: 7.73e+03] (224.1 ms)
INFO:root:[244,     0] grad_stats: [1.05e-03 2.89e-04] (7.48e-05, 1.12e-02)
INFO:root:[244,   116] loss: 8.916266e-02 masks: 21.9 17.3 [wd: 2.13e-01] [lr: 5.90e-04] [mem: 7.73e+03] (217.4 ms)
INFO:root:[244,   116] grad_stats: [2.02e-03 5.44e-04] (1.09e-04, 1.46e-02)
INFO:root:[244,   232] loss: 8.852925e-02 masks: 22.2 17.2 [wd: 2.13e-01] [lr: 5.89e-04] [mem: 7.73e+03] (218.8 ms)
INFO:root:[244,   232] grad_stats: [1.12e-03 4.26e-04] (9.17e-05, 1.29e-02)
INFO:root:avg. loss 8.85292515e-02
INFO:root:time taken for epoch 0:01:04.445382
INFO:root:Epoch 245
INFO:root:[245,     0] loss: 9.519332e-02 masks: 18.0 20.0 [wd: 2.13e-01] [lr: 5.89e-04] [mem: 7.73e+03] (207.3 ms)
INFO:root:[245,     0] grad_stats: [3.54e-03 4.64e-04] (1.03e-04, 2.71e-02)
INFO:root:[245,   116] loss: 8.927566e-02 masks: 21.4 17.4 [wd: 2.14e-01] [lr: 5.87e-04] [mem: 7.73e+03] (215.6 ms)
INFO:root:[245,   116] grad_stats: [1.58e-03 5.76e-04] (9.26e-05, 1.35e-02)
INFO:root:[245,   232] loss: 8.840601e-02 masks: 22.0 17.2 [wd: 2.14e-01] [lr: 5.85e-04] [mem: 7.73e+03] (218.4 ms)
INFO:root:[245,   232] grad_stats: [3.07e-03 4.44e-04] (9.74e-05, 1.37e-02)
INFO:root:avg. loss 8.84060065e-02
INFO:root:time taken for epoch 0:01:04.498292
INFO:root:Epoch 246
INFO:root:[246,     0] loss: 8.434834e-02 masks: 20.0 20.0 [wd: 2.14e-01] [lr: 5.85e-04] [mem: 7.73e+03] (213.5 ms)
INFO:root:[246,     0] grad_stats: [1.67e-03 3.95e-04] (9.64e-05, 2.89e-02)
INFO:root:[246,   116] loss: 8.919752e-02 masks: 22.1 17.1 [wd: 2.15e-01] [lr: 5.84e-04] [mem: 7.73e+03] (218.1 ms)
INFO:root:[246,   116] grad_stats: [1.19e-03 6.01e-04] (1.03e-04, 1.12e-02)
INFO:root:[246,   232] loss: 8.923466e-02 masks: 22.2 17.2 [wd: 2.15e-01] [lr: 5.82e-04] [mem: 7.73e+03] (219.1 ms)
INFO:root:[246,   232] grad_stats: [2.41e-03 5.20e-04] (9.05e-05, 3.63e-02)
INFO:root:avg. loss 8.92346584e-02
INFO:root:time taken for epoch 0:01:04.544533
INFO:root:Epoch 247
INFO:root:[247,     0] loss: 9.079576e-02 masks: 21.0 16.0 [wd: 2.15e-01] [lr: 5.82e-04] [mem: 7.73e+03] (209.0 ms)
INFO:root:[247,     0] grad_stats: [1.61e-03 5.32e-04] (1.13e-04, 3.03e-02)
INFO:root:[247,   116] loss: 8.975595e-02 masks: 21.7 17.5 [wd: 2.16e-01] [lr: 5.80e-04] [mem: 7.73e+03] (217.4 ms)
INFO:root:[247,   116] grad_stats: [2.30e-03 5.05e-04] (9.20e-05, 2.14e-02)
INFO:root:[247,   232] loss: 8.880359e-02 masks: 22.0 17.4 [wd: 2.17e-01] [lr: 5.79e-04] [mem: 7.73e+03] (218.8 ms)
INFO:root:[247,   232] grad_stats: [1.50e-03 4.60e-04] (9.22e-05, 1.86e-02)
INFO:root:avg. loss 8.88035895e-02
INFO:root:time taken for epoch 0:01:04.384493
INFO:root:Epoch 248
INFO:root:[248,     0] loss: 8.204105e-02 masks: 27.0 16.0 [wd: 2.17e-01] [lr: 5.79e-04] [mem: 7.73e+03] (232.9 ms)
INFO:root:[248,     0] grad_stats: [2.74e-03 3.95e-04] (1.03e-04, 3.08e-02)
INFO:root:[248,   116] loss: 8.838419e-02 masks: 21.8 17.5 [wd: 2.17e-01] [lr: 5.77e-04] [mem: 7.73e+03] (218.0 ms)
INFO:root:[248,   116] grad_stats: [2.21e-03 6.47e-04] (1.12e-04, 1.50e-02)
INFO:root:[248,   232] loss: 8.854352e-02 masks: 22.0 17.4 [wd: 2.18e-01] [lr: 5.75e-04] [mem: 7.73e+03] (218.9 ms)
INFO:root:[248,   232] grad_stats: [3.19e-03 5.67e-04] (9.93e-05, 2.85e-02)
INFO:root:avg. loss 8.85435236e-02
INFO:root:time taken for epoch 0:01:04.574972
INFO:root:Epoch 249
INFO:root:[249,     0] loss: 8.763880e-02 masks: 22.0 20.0 [wd: 2.18e-01] [lr: 5.75e-04] [mem: 7.73e+03] (223.2 ms)
INFO:root:[249,     0] grad_stats: [1.78e-03 3.35e-04] (7.74e-05, 1.26e-02)
INFO:root:[249,   116] loss: 8.770959e-02 masks: 22.8 17.0 [wd: 2.18e-01] [lr: 5.74e-04] [mem: 7.73e+03] (220.5 ms)
INFO:root:[249,   116] grad_stats: [1.83e-03 4.54e-04] (7.94e-05, 1.60e-02)
INFO:root:[249,   232] loss: 8.904139e-02 masks: 21.8 17.4 [wd: 2.19e-01] [lr: 5.72e-04] [mem: 7.73e+03] (218.1 ms)
INFO:root:[249,   232] grad_stats: [1.10e-03 5.66e-04] (9.96e-05, 9.88e-03)
INFO:root:avg. loss 8.90413947e-02
INFO:root:time taken for epoch 0:01:04.396290
INFO:root:Epoch 250
INFO:root:[250,     0] loss: 1.057032e-01 masks: 17.0 20.0 [wd: 2.19e-01] [lr: 5.72e-04] [mem: 7.73e+03] (202.3 ms)
INFO:root:[250,     0] grad_stats: [2.21e-03 4.95e-04] (1.09e-04, 8.37e-03)
INFO:root:[250,   116] loss: 8.733992e-02 masks: 22.8 17.1 [wd: 2.19e-01] [lr: 5.70e-04] [mem: 7.73e+03] (220.5 ms)
INFO:root:[250,   116] grad_stats: [2.95e-03 4.16e-04] (8.70e-05, 5.13e-02)
INFO:root:[250,   232] loss: 8.822753e-02 masks: 22.4 17.0 [wd: 2.20e-01] [lr: 5.69e-04] [mem: 7.73e+03] (219.5 ms)
INFO:root:[250,   232] grad_stats: [2.08e-03 4.58e-04] (9.73e-05, 3.10e-02)
INFO:root:avg. loss 8.82275327e-02
INFO:root:time taken for epoch 0:01:04.613428
INFO:root:Epoch 251
INFO:root:[251,     0] loss: 8.862383e-02 masks: 26.0 16.0 [wd: 2.20e-01] [lr: 5.69e-04] [mem: 7.73e+03] (230.4 ms)
INFO:root:[251,     0] grad_stats: [1.67e-03 4.39e-04] (1.01e-04, 2.69e-02)
INFO:root:[251,   116] loss: 8.986928e-02 masks: 21.4 17.6 [wd: 2.21e-01] [lr: 5.67e-04] [mem: 7.73e+03] (216.3 ms)
INFO:root:[251,   116] grad_stats: [1.48e-03 4.25e-04] (8.11e-05, 1.67e-02)
INFO:root:[251,   232] loss: 8.944992e-02 masks: 21.7 17.5 [wd: 2.21e-01] [lr: 5.65e-04] [mem: 7.73e+03] (218.0 ms)
INFO:root:[251,   232] grad_stats: [1.74e-03 5.30e-04] (9.83e-05, 3.67e-02)
INFO:root:avg. loss 8.94499152e-02
INFO:root:time taken for epoch 0:01:04.334160
INFO:root:Epoch 252
INFO:root:[252,     0] loss: 8.501524e-02 masks: 20.0 20.0 [wd: 2.21e-01] [lr: 5.65e-04] [mem: 7.73e+03] (212.7 ms)
INFO:root:[252,     0] grad_stats: [1.31e-03 3.35e-04] (8.10e-05, 1.38e-02)
INFO:root:[252,   116] loss: 8.925284e-02 masks: 21.9 17.2 [wd: 2.22e-01] [lr: 5.63e-04] [mem: 7.73e+03] (217.1 ms)
INFO:root:[252,   116] grad_stats: [2.93e-03 5.53e-04] (9.19e-05, 2.36e-02)
INFO:root:[252,   232] loss: 8.814721e-02 masks: 22.2 17.1 [wd: 2.22e-01] [lr: 5.62e-04] [mem: 7.73e+03] (218.8 ms)
INFO:root:[252,   232] grad_stats: [2.00e-03 5.13e-04] (9.54e-05, 2.89e-02)
INFO:root:avg. loss 8.81472071e-02
INFO:root:time taken for epoch 0:01:04.634336
INFO:root:Epoch 253
INFO:root:[253,     0] loss: 9.407023e-02 masks: 19.0 20.0 [wd: 2.22e-01] [lr: 5.62e-04] [mem: 7.73e+03] (211.4 ms)
INFO:root:[253,     0] grad_stats: [2.61e-03 4.36e-04] (1.18e-04, 2.08e-02)
INFO:root:[253,   116] loss: 8.804808e-02 masks: 22.1 17.2 [wd: 2.23e-01] [lr: 5.60e-04] [mem: 7.73e+03] (218.0 ms)
INFO:root:[253,   116] grad_stats: [1.48e-03 3.93e-04] (9.31e-05, 1.20e-02)
INFO:root:[253,   232] loss: 8.806055e-02 masks: 22.2 17.1 [wd: 2.23e-01] [lr: 5.58e-04] [mem: 7.73e+03] (219.1 ms)
INFO:root:[253,   232] grad_stats: [9.00e-04 3.24e-04] (7.45e-05, 1.24e-02)
INFO:root:avg. loss 8.80605489e-02
INFO:root:time taken for epoch 0:01:04.593469
INFO:root:Epoch 254
INFO:root:[254,     0] loss: 1.006551e-01 masks: 18.0 20.0 [wd: 2.23e-01] [lr: 5.58e-04] [mem: 7.73e+03] (205.7 ms)
INFO:root:[254,     0] grad_stats: [1.94e-03 4.41e-04] (9.66e-05, 1.83e-02)
INFO:root:[254,   116] loss: 8.862767e-02 masks: 22.8 17.2 [wd: 2.24e-01] [lr: 5.57e-04] [mem: 7.73e+03] (221.1 ms)
INFO:root:[254,   116] grad_stats: [1.36e-03 4.50e-04] (1.03e-04, 2.23e-02)
INFO:root:[254,   232] loss: 8.804008e-02 masks: 22.5 17.4 [wd: 2.25e-01] [lr: 5.55e-04] [mem: 7.73e+03] (221.0 ms)
INFO:root:[254,   232] grad_stats: [1.50e-03 4.47e-04] (9.41e-05, 1.17e-02)
INFO:root:avg. loss 8.80400797e-02
INFO:root:time taken for epoch 0:01:05.079484
INFO:root:Epoch 255
INFO:root:[255,     0] loss: 8.950333e-02 masks: 23.0 16.0 [wd: 2.25e-01] [lr: 5.55e-04] [mem: 7.73e+03] (215.2 ms)
INFO:root:[255,     0] grad_stats: [1.68e-03 3.68e-04] (8.67e-05, 2.16e-02)
INFO:root:[255,   116] loss: 8.834434e-02 masks: 22.3 17.1 [wd: 2.25e-01] [lr: 5.53e-04] [mem: 7.73e+03] (218.5 ms)
INFO:root:[255,   116] grad_stats: [2.75e-03 4.57e-04] (1.01e-04, 7.19e-02)
INFO:root:[255,   232] loss: 8.781882e-02 masks: 22.5 17.0 [wd: 2.26e-01] [lr: 5.52e-04] [mem: 7.73e+03] (219.6 ms)
INFO:root:[255,   232] grad_stats: [2.43e-03 4.31e-04] (1.03e-04, 1.17e-02)
INFO:root:avg. loss 8.78188235e-02
INFO:root:time taken for epoch 0:01:04.773694
INFO:root:Epoch 256
INFO:root:[256,     0] loss: 8.728779e-02 masks: 17.0 20.0 [wd: 2.26e-01] [lr: 5.52e-04] [mem: 7.73e+03] (202.7 ms)
INFO:root:[256,     0] grad_stats: [1.13e-03 3.95e-04] (8.47e-05, 2.57e-02)
INFO:root:[256,   116] loss: 8.881250e-02 masks: 21.9 17.2 [wd: 2.26e-01] [lr: 5.50e-04] [mem: 7.73e+03] (217.2 ms)
INFO:root:[256,   116] grad_stats: [2.13e-03 5.06e-04] (1.12e-04, 5.53e-02)
INFO:root:[256,   232] loss: 8.852088e-02 masks: 21.7 17.3 [wd: 2.27e-01] [lr: 5.48e-04] [mem: 7.73e+03] (217.5 ms)
INFO:root:[256,   232] grad_stats: [2.11e-03 4.79e-04] (1.07e-04, 1.49e-02)
INFO:root:avg. loss 8.85208754e-02
INFO:root:time taken for epoch 0:01:04.149671
INFO:root:Epoch 257
INFO:root:[257,     0] loss: 9.596965e-02 masks: 16.0 20.0 [wd: 2.27e-01] [lr: 5.48e-04] [mem: 7.73e+03] (198.5 ms)
INFO:root:[257,     0] grad_stats: [7.85e-04 4.53e-04] (9.03e-05, 1.65e-02)
INFO:root:[257,   116] loss: 8.939293e-02 masks: 21.3 17.5 [wd: 2.27e-01] [lr: 5.46e-04] [mem: 7.73e+03] (215.7 ms)
INFO:root:[257,   116] grad_stats: [1.13e-03 6.39e-04] (1.05e-04, 5.18e-02)
INFO:root:[257,   232] loss: 8.896813e-02 masks: 21.6 17.4 [wd: 2.28e-01] [lr: 5.45e-04] [mem: 7.73e+03] (217.2 ms)
INFO:root:[257,   232] grad_stats: [2.29e-03 3.31e-04] (7.20e-05, 3.02e-02)
INFO:root:avg. loss 8.89681291e-02
INFO:root:time taken for epoch 0:01:04.137225
INFO:root:Epoch 258
INFO:root:[258,     0] loss: 9.439000e-02 masks: 20.0 20.0 [wd: 2.28e-01] [lr: 5.45e-04] [mem: 7.73e+03] (213.1 ms)
INFO:root:[258,     0] grad_stats: [2.14e-03 4.62e-04] (9.46e-05, 1.08e-02)
INFO:root:[258,   116] loss: 8.913172e-02 masks: 21.7 17.4 [wd: 2.28e-01] [lr: 5.43e-04] [mem: 7.73e+03] (216.6 ms)
INFO:root:[258,   116] grad_stats: [2.79e-03 3.73e-04] (8.90e-05, 1.13e-02)
INFO:root:[258,   232] loss: 8.883262e-02 masks: 21.8 17.3 [wd: 2.29e-01] [lr: 5.41e-04] [mem: 7.73e+03] (217.6 ms)
INFO:root:[258,   232] grad_stats: [3.48e-03 4.27e-04] (9.94e-05, 3.72e-02)
INFO:root:avg. loss 8.88326152e-02
INFO:root:time taken for epoch 0:01:04.257131
INFO:root:Epoch 259
INFO:root:[259,     0] loss: 8.695103e-02 masks: 23.0 16.0 [wd: 2.29e-01] [lr: 5.41e-04] [mem: 7.73e+03] (215.7 ms)
INFO:root:[259,     0] grad_stats: [2.94e-03 5.63e-04] (1.05e-04, 2.28e-02)
INFO:root:[259,   116] loss: 8.801094e-02 masks: 22.3 17.2 [wd: 2.30e-01] [lr: 5.40e-04] [mem: 7.73e+03] (218.5 ms)
INFO:root:[259,   116] grad_stats: [2.04e-03 3.39e-04] (8.36e-05, 1.51e-02)
INFO:root:[259,   232] loss: 8.759184e-02 masks: 22.3 17.1 [wd: 2.30e-01] [lr: 5.38e-04] [mem: 7.73e+03] (219.3 ms)
INFO:root:[259,   232] grad_stats: [2.59e-03 3.47e-04] (8.77e-05, 1.57e-02)
INFO:root:avg. loss 8.75918414e-02
INFO:root:time taken for epoch 0:01:04.712764
INFO:root:Epoch 260
INFO:root:[260,     0] loss: 9.363154e-02 masks: 20.0 20.0 [wd: 2.30e-01] [lr: 5.38e-04] [mem: 7.73e+03] (213.6 ms)
INFO:root:[260,     0] grad_stats: [1.76e-03 4.10e-04] (9.58e-05, 1.38e-02)
INFO:root:[260,   116] loss: 8.760100e-02 masks: 22.1 17.3 [wd: 2.31e-01] [lr: 5.36e-04] [mem: 7.73e+03] (218.2 ms)
INFO:root:[260,   116] grad_stats: [1.79e-03 4.19e-04] (1.03e-04, 9.08e-03)
INFO:root:[260,   232] loss: 8.826952e-02 masks: 21.8 17.3 [wd: 2.31e-01] [lr: 5.35e-04] [mem: 7.73e+03] (217.7 ms)
INFO:root:[260,   232] grad_stats: [8.23e-04 3.05e-04] (8.03e-05, 9.90e-03)
INFO:root:avg. loss 8.82695213e-02
INFO:root:time taken for epoch 0:01:04.273869
INFO:root:Epoch 261
INFO:root:[261,     0] loss: 7.552256e-02 masks: 25.0 16.0 [wd: 2.31e-01] [lr: 5.35e-04] [mem: 7.73e+03] (222.8 ms)
INFO:root:[261,     0] grad_stats: [2.06e-03 4.42e-04] (9.93e-05, 2.34e-02)
INFO:root:[261,   116] loss: 8.721871e-02 masks: 22.6 17.2 [wd: 2.32e-01] [lr: 5.33e-04] [mem: 7.73e+03] (219.7 ms)
INFO:root:[261,   116] grad_stats: [1.47e-03 5.12e-04] (1.18e-04, 1.09e-02)
INFO:root:[261,   232] loss: 8.822401e-02 masks: 22.0 17.3 [wd: 2.32e-01] [lr: 5.31e-04] [mem: 7.73e+03] (218.6 ms)
INFO:root:[261,   232] grad_stats: [8.20e-04 3.49e-04] (8.27e-05, 1.01e-02)
INFO:root:avg. loss 8.82240150e-02
INFO:root:time taken for epoch 0:01:04.543254
INFO:root:Epoch 262
INFO:root:[262,     0] loss: 9.244008e-02 masks: 18.0 20.0 [wd: 2.32e-01] [lr: 5.31e-04] [mem: 7.73e+03] (206.7 ms)
INFO:root:[262,     0] grad_stats: [1.65e-03 4.52e-04] (1.06e-04, 2.05e-02)
INFO:root:[262,   116] loss: 8.846471e-02 masks: 21.9 17.5 [wd: 2.33e-01] [lr: 5.29e-04] [mem: 7.73e+03] (218.1 ms)
INFO:root:[262,   116] grad_stats: [1.12e-03 3.89e-04] (7.86e-05, 9.50e-03)
INFO:root:[262,   232] loss: 8.846864e-02 masks: 21.7 17.4 [wd: 2.34e-01] [lr: 5.28e-04] [mem: 7.73e+03] (217.7 ms)
INFO:root:[262,   232] grad_stats: [1.46e-03 4.39e-04] (1.08e-04, 2.32e-02)
INFO:root:avg. loss 8.84686408e-02
INFO:root:time taken for epoch 0:01:04.130146
INFO:root:Epoch 263
INFO:root:[263,     0] loss: 8.012865e-02 masks: 27.0 16.0 [wd: 2.34e-01] [lr: 5.28e-04] [mem: 7.73e+03] (234.2 ms)
INFO:root:[263,     0] grad_stats: [2.01e-03 4.39e-04] (1.10e-04, 2.27e-02)
INFO:root:[263,   116] loss: 8.730744e-02 masks: 22.2 17.0 [wd: 2.34e-01] [lr: 5.26e-04] [mem: 7.73e+03] (217.9 ms)
INFO:root:[263,   116] grad_stats: [1.44e-03 4.93e-04] (1.09e-04, 1.28e-02)
INFO:root:[263,   232] loss: 8.842949e-02 masks: 21.9 17.2 [wd: 2.35e-01] [lr: 5.24e-04] [mem: 7.73e+03] (217.9 ms)
INFO:root:[263,   232] grad_stats: [1.83e-03 4.80e-04] (1.15e-04, 3.31e-02)
INFO:root:avg. loss 8.84294885e-02
INFO:root:time taken for epoch 0:01:04.362003
INFO:root:Epoch 264
INFO:root:[264,     0] loss: 7.407998e-02 masks: 26.0 16.0 [wd: 2.35e-01] [lr: 5.24e-04] [mem: 7.73e+03] (231.6 ms)
INFO:root:[264,     0] grad_stats: [1.39e-03 4.39e-04] (1.08e-04, 2.41e-02)
INFO:root:[264,   116] loss: 8.700059e-02 masks: 22.3 17.4 [wd: 2.35e-01] [lr: 5.23e-04] [mem: 7.73e+03] (219.3 ms)
INFO:root:[264,   116] grad_stats: [1.25e-03 4.86e-04] (1.05e-04, 1.25e-02)
INFO:root:[264,   232] loss: 8.759123e-02 masks: 22.0 17.4 [wd: 2.36e-01] [lr: 5.21e-04] [mem: 7.73e+03] (219.0 ms)
INFO:root:[264,   232] grad_stats: [2.65e-03 5.17e-04] (1.04e-04, 1.66e-02)
INFO:root:avg. loss 8.75912347e-02
INFO:root:time taken for epoch 0:01:04.639666
INFO:root:Epoch 265
INFO:root:[265,     0] loss: 9.255166e-02 masks: 19.0 20.0 [wd: 2.36e-01] [lr: 5.21e-04] [mem: 7.73e+03] (211.3 ms)
INFO:root:[265,     0] grad_stats: [1.23e-03 5.20e-04] (1.18e-04, 1.65e-02)
INFO:root:[265,   116] loss: 8.721168e-02 masks: 22.0 17.2 [wd: 2.36e-01] [lr: 5.19e-04] [mem: 7.73e+03] (217.6 ms)
INFO:root:[265,   116] grad_stats: [3.30e-03 5.20e-04] (1.07e-04, 2.75e-02)
INFO:root:[265,   232] loss: 8.831259e-02 masks: 21.6 17.5 [wd: 2.37e-01] [lr: 5.18e-04] [mem: 7.73e+03] (217.2 ms)
INFO:root:[265,   232] grad_stats: [2.06e-03 3.55e-04] (1.02e-04, 1.77e-02)
INFO:root:avg. loss 8.83125949e-02
INFO:root:time taken for epoch 0:01:04.060738
INFO:root:Epoch 266
INFO:root:[266,     0] loss: 8.647345e-02 masks: 21.0 20.0 [wd: 2.37e-01] [lr: 5.18e-04] [mem: 7.73e+03] (218.1 ms)
INFO:root:[266,     0] grad_stats: [1.78e-03 3.57e-04] (7.55e-05, 1.23e-02)
INFO:root:[266,   116] loss: 9.035245e-02 masks: 20.9 17.7 [wd: 2.38e-01] [lr: 5.16e-04] [mem: 7.73e+03] (214.3 ms)
INFO:root:[266,   116] grad_stats: [1.72e-03 5.12e-04] (1.02e-04, 8.98e-03)
INFO:root:[266,   232] loss: 8.949205e-02 masks: 21.1 17.6 [wd: 2.38e-01] [lr: 5.14e-04] [mem: 7.73e+03] (215.5 ms)
INFO:root:[266,   232] grad_stats: [9.05e-04 5.30e-04] (1.12e-04, 1.08e-02)
INFO:root:avg. loss 8.94920460e-02
INFO:root:time taken for epoch 0:01:03.766286
INFO:root:Epoch 267
INFO:root:[267,     0] loss: 8.054796e-02 masks: 26.0 16.0 [wd: 2.38e-01] [lr: 5.14e-04] [mem: 7.73e+03] (230.9 ms)
INFO:root:[267,     0] grad_stats: [1.37e-03 5.43e-04] (9.96e-05, 2.63e-02)
INFO:root:[267,   116] loss: 8.781950e-02 masks: 21.4 17.3 [wd: 2.39e-01] [lr: 5.12e-04] [mem: 7.73e+03] (215.5 ms)
INFO:root:[267,   116] grad_stats: [2.85e-03 4.17e-04] (9.46e-05, 3.25e-02)
INFO:root:[267,   232] loss: 8.821198e-02 masks: 21.4 17.3 [wd: 2.39e-01] [lr: 5.11e-04] [mem: 7.73e+03] (216.1 ms)
INFO:root:[267,   232] grad_stats: [1.29e-03 5.41e-04] (1.16e-04, 1.61e-02)
INFO:root:avg. loss 8.82119788e-02
INFO:root:time taken for epoch 0:01:03.937408
INFO:root:Epoch 268
INFO:root:[268,     0] loss: 8.927242e-02 masks: 25.0 16.0 [wd: 2.39e-01] [lr: 5.11e-04] [mem: 7.73e+03] (223.7 ms)
INFO:root:[268,     0] grad_stats: [3.06e-03 3.85e-04] (1.04e-04, 2.86e-02)
INFO:root:[268,   116] loss: 8.709943e-02 masks: 22.4 17.2 [wd: 2.40e-01] [lr: 5.09e-04] [mem: 7.73e+03] (219.2 ms)
INFO:root:[268,   116] grad_stats: [1.93e-03 5.23e-04] (1.15e-04, 3.79e-02)
INFO:root:[268,   232] loss: 8.745875e-02 masks: 22.1 17.2 [wd: 2.40e-01] [lr: 5.07e-04] [mem: 7.73e+03] (218.7 ms)
INFO:root:[268,   232] grad_stats: [1.21e-03 5.66e-04] (1.08e-04, 1.42e-02)
INFO:root:avg. loss 8.74587451e-02
INFO:root:time taken for epoch 0:01:04.503475
INFO:root:Epoch 269
INFO:root:[269,     0] loss: 6.458089e-02 masks: 38.0 12.0 [wd: 2.40e-01] [lr: 5.07e-04] [mem: 7.73e+03] (268.9 ms)
INFO:root:[269,     0] grad_stats: [2.11e-03 3.44e-04] (7.95e-05, 2.26e-02)
INFO:root:[269,   116] loss: 8.729799e-02 masks: 22.2 17.3 [wd: 2.41e-01] [lr: 5.06e-04] [mem: 7.73e+03] (218.6 ms)
INFO:root:[269,   116] grad_stats: [2.94e-03 4.79e-04] (9.18e-05, 1.92e-02)
INFO:root:[269,   232] loss: 8.740708e-02 masks: 22.1 17.3 [wd: 2.41e-01] [lr: 5.04e-04] [mem: 7.73e+03] (219.0 ms)
INFO:root:[269,   232] grad_stats: [1.99e-03 5.46e-04] (1.22e-04, 2.62e-02)
INFO:root:avg. loss 8.74070759e-02
INFO:root:time taken for epoch 0:01:04.455608
INFO:root:Epoch 270
INFO:root:[270,     0] loss: 1.022871e-01 masks: 20.0 20.0 [wd: 2.41e-01] [lr: 5.04e-04] [mem: 7.73e+03] (212.9 ms)
INFO:root:[270,     0] grad_stats: [2.18e-03 3.85e-04] (1.05e-04, 1.55e-02)
INFO:root:[270,   116] loss: 8.768676e-02 masks: 21.8 17.2 [wd: 2.42e-01] [lr: 5.02e-04] [mem: 7.73e+03] (216.4 ms)
INFO:root:[270,   116] grad_stats: [1.75e-03 5.46e-04] (1.21e-04, 2.26e-02)
INFO:root:[270,   232] loss: 8.774683e-02 masks: 21.9 17.3 [wd: 2.43e-01] [lr: 5.01e-04] [mem: 7.73e+03] (217.9 ms)
INFO:root:[270,   232] grad_stats: [1.23e-03 6.49e-04] (1.13e-04, 2.60e-02)
INFO:root:avg. loss 8.77468305e-02
INFO:root:time taken for epoch 0:01:04.320269
INFO:root:Epoch 271
INFO:root:[271,     0] loss: 9.205331e-02 masks: 17.0 20.0 [wd: 2.43e-01] [lr: 5.00e-04] [mem: 7.73e+03] (203.1 ms)
INFO:root:[271,     0] grad_stats: [1.08e-03 6.97e-04] (1.26e-04, 1.71e-02)
INFO:root:[271,   116] loss: 8.769776e-02 masks: 21.7 17.3 [wd: 2.43e-01] [lr: 4.99e-04] [mem: 7.73e+03] (216.5 ms)
INFO:root:[271,   116] grad_stats: [9.07e-04 5.40e-04] (1.13e-04, 2.35e-02)
INFO:root:[271,   232] loss: 8.695016e-02 masks: 22.2 17.1 [wd: 2.44e-01] [lr: 4.97e-04] [mem: 7.73e+03] (219.0 ms)
INFO:root:[271,   232] grad_stats: [1.60e-03 4.89e-04] (1.16e-04, 1.58e-02)
INFO:root:avg. loss 8.69501614e-02
INFO:root:time taken for epoch 0:01:04.599129
INFO:root:Epoch 272
INFO:root:[272,     0] loss: 9.752046e-02 masks: 20.0 16.0 [wd: 2.44e-01] [lr: 4.97e-04] [mem: 7.73e+03] (206.9 ms)
INFO:root:[272,     0] grad_stats: [1.67e-03 4.38e-04] (1.03e-04, 1.22e-02)
INFO:root:[272,   116] loss: 8.827181e-02 masks: 22.0 17.2 [wd: 2.44e-01] [lr: 4.95e-04] [mem: 7.73e+03] (217.7 ms)
INFO:root:[272,   116] grad_stats: [1.36e-03 5.56e-04] (9.88e-05, 2.06e-02)
INFO:root:[272,   232] loss: 8.747471e-02 masks: 22.1 17.1 [wd: 2.45e-01] [lr: 4.94e-04] [mem: 7.73e+03] (218.4 ms)
INFO:root:[272,   232] grad_stats: [2.74e-03 6.81e-04] (1.23e-04, 2.29e-02)
INFO:root:avg. loss 8.74747083e-02
INFO:root:time taken for epoch 0:01:04.459649
INFO:root:Epoch 273
INFO:root:[273,     0] loss: 9.297182e-02 masks: 23.0 16.0 [wd: 2.45e-01] [lr: 4.94e-04] [mem: 7.73e+03] (214.1 ms)
INFO:root:[273,     0] grad_stats: [2.67e-03 5.56e-04] (1.17e-04, 2.52e-02)
INFO:root:[273,   116] loss: 8.867129e-02 masks: 21.3 17.2 [wd: 2.45e-01] [lr: 4.92e-04] [mem: 7.73e+03] (214.9 ms)
INFO:root:[273,   116] grad_stats: [1.36e-03 5.06e-04] (1.27e-04, 2.00e-02)
INFO:root:[273,   232] loss: 8.864578e-02 masks: 21.2 17.4 [wd: 2.46e-01] [lr: 4.90e-04] [mem: 7.73e+03] (215.5 ms)
INFO:root:[273,   232] grad_stats: [3.74e-03 4.64e-04] (9.81e-05, 3.69e-02)
INFO:root:avg. loss 8.86457843e-02
INFO:root:time taken for epoch 0:01:03.765533
INFO:root:Epoch 274
INFO:root:[274,     0] loss: 6.660173e-02 masks: 33.0 12.0 [wd: 2.46e-01] [lr: 4.90e-04] [mem: 7.73e+03] (246.0 ms)
INFO:root:[274,     0] grad_stats: [2.19e-03 5.35e-04] (1.10e-04, 6.54e-02)
INFO:root:[274,   116] loss: 8.664011e-02 masks: 22.6 17.0 [wd: 2.46e-01] [lr: 4.89e-04] [mem: 7.73e+03] (219.3 ms)
INFO:root:[274,   116] grad_stats: [1.52e-03 4.39e-04] (8.45e-05, 1.48e-02)
INFO:root:[274,   232] loss: 8.656537e-02 masks: 22.5 17.0 [wd: 2.47e-01] [lr: 4.87e-04] [mem: 7.73e+03] (219.8 ms)
INFO:root:[274,   232] grad_stats: [1.38e-03 4.44e-04] (1.00e-04, 1.04e-02)
INFO:root:avg. loss 8.65653703e-02
INFO:root:time taken for epoch 0:01:04.794389
INFO:root:Epoch 275
INFO:root:[275,     0] loss: 8.464813e-02 masks: 27.0 16.0 [wd: 2.47e-01] [lr: 4.87e-04] [mem: 7.73e+03] (232.7 ms)
INFO:root:[275,     0] grad_stats: [2.49e-03 4.69e-04] (1.11e-04, 2.05e-02)
INFO:root:[275,   116] loss: 8.802241e-02 masks: 21.6 17.4 [wd: 2.48e-01] [lr: 4.85e-04] [mem: 7.73e+03] (216.5 ms)
INFO:root:[275,   116] grad_stats: [1.25e-03 6.86e-04] (1.28e-04, 1.12e-02)
INFO:root:[275,   232] loss: 8.741320e-02 masks: 22.0 17.2 [wd: 2.48e-01] [lr: 4.83e-04] [mem: 7.73e+03] (218.2 ms)
INFO:root:[275,   232] grad_stats: [2.34e-03 4.84e-04] (1.03e-04, 1.65e-02)
INFO:root:avg. loss 8.74132050e-02
INFO:root:time taken for epoch 0:01:04.392523
INFO:root:Epoch 276
INFO:root:[276,     0] loss: 8.645751e-02 masks: 26.0 16.0 [wd: 2.48e-01] [lr: 4.83e-04] [mem: 7.73e+03] (230.8 ms)
INFO:root:[276,     0] grad_stats: [1.24e-03 4.49e-04] (9.59e-05, 1.77e-02)
INFO:root:[276,   116] loss: 8.707745e-02 masks: 21.9 17.3 [wd: 2.49e-01] [lr: 4.82e-04] [mem: 7.73e+03] (217.4 ms)
INFO:root:[276,   116] grad_stats: [1.46e-03 5.42e-04] (1.05e-04, 4.08e-02)
INFO:root:[276,   232] loss: 8.734252e-02 masks: 21.7 17.5 [wd: 2.49e-01] [lr: 4.80e-04] [mem: 7.73e+03] (217.8 ms)
INFO:root:[276,   232] grad_stats: [1.77e-03 4.63e-04] (1.23e-04, 1.72e-02)
INFO:root:avg. loss 8.73425166e-02
INFO:root:time taken for epoch 0:01:04.234340
INFO:root:Epoch 277
INFO:root:[277,     0] loss: 8.182625e-02 masks: 24.0 16.0 [wd: 2.49e-01] [lr: 4.80e-04] [mem: 7.73e+03] (221.2 ms)
INFO:root:[277,     0] grad_stats: [1.60e-03 4.86e-04] (9.65e-05, 8.30e-03)
INFO:root:[277,   116] loss: 8.748299e-02 masks: 21.5 17.4 [wd: 2.50e-01] [lr: 4.78e-04] [mem: 7.73e+03] (216.3 ms)
INFO:root:[277,   116] grad_stats: [1.27e-03 6.51e-04] (1.28e-04, 2.60e-02)
INFO:root:[277,   232] loss: 8.676388e-02 masks: 22.1 17.3 [wd: 2.50e-01] [lr: 4.77e-04] [mem: 7.73e+03] (219.0 ms)
INFO:root:[277,   232] grad_stats: [2.45e-03 5.56e-04] (9.82e-05, 1.34e-02)
INFO:root:avg. loss 8.67638832e-02
INFO:root:time taken for epoch 0:01:04.588069
INFO:root:Epoch 278
INFO:root:[278,     0] loss: 9.167919e-02 masks: 17.0 20.0 [wd: 2.50e-01] [lr: 4.77e-04] [mem: 7.73e+03] (203.0 ms)
INFO:root:[278,     0] grad_stats: [1.56e-03 5.54e-04] (1.31e-04, 1.73e-02)
INFO:root:[278,   116] loss: 8.809721e-02 masks: 21.8 17.4 [wd: 2.51e-01] [lr: 4.75e-04] [mem: 7.73e+03] (217.2 ms)
INFO:root:[278,   116] grad_stats: [1.03e-03 4.00e-04] (1.08e-04, 1.39e-02)
INFO:root:[278,   232] loss: 8.773036e-02 masks: 21.7 17.4 [wd: 2.52e-01] [lr: 4.73e-04] [mem: 7.73e+03] (217.4 ms)
INFO:root:[278,   232] grad_stats: [1.16e-03 5.16e-04] (1.07e-04, 5.08e-02)
INFO:root:avg. loss 8.77303575e-02
INFO:root:time taken for epoch 0:01:04.277022
INFO:root:Epoch 279
INFO:root:[279,     0] loss: 9.746905e-02 masks: 14.0 20.0 [wd: 2.52e-01] [lr: 4.73e-04] [mem: 7.73e+03] (190.9 ms)
INFO:root:[279,     0] grad_stats: [1.06e-03 6.00e-04] (1.08e-04, 9.33e-03)
INFO:root:[279,   116] loss: 8.819765e-02 masks: 21.3 17.5 [wd: 2.52e-01] [lr: 4.72e-04] [mem: 7.73e+03] (215.6 ms)
INFO:root:[279,   116] grad_stats: [2.04e-03 6.51e-04] (1.16e-04, 1.51e-02)
INFO:root:[279,   232] loss: 8.740859e-02 masks: 21.9 17.3 [wd: 2.53e-01] [lr: 4.70e-04] [mem: 7.73e+03] (217.9 ms)
INFO:root:[279,   232] grad_stats: [1.22e-03 4.87e-04] (9.53e-05, 2.28e-02)
INFO:root:avg. loss 8.74085906e-02
INFO:root:time taken for epoch 0:01:04.302077
INFO:root:Epoch 280
INFO:root:[280,     0] loss: 7.918330e-02 masks: 19.0 20.0 [wd: 2.53e-01] [lr: 4.70e-04] [mem: 7.73e+03] (213.4 ms)
INFO:root:[280,     0] grad_stats: [2.24e-03 5.12e-04] (9.90e-05, 3.38e-02)
INFO:root:[280,   116] loss: 8.736741e-02 masks: 22.0 17.3 [wd: 2.53e-01] [lr: 4.68e-04] [mem: 7.73e+03] (217.8 ms)
INFO:root:[280,   116] grad_stats: [1.83e-03 4.05e-04] (8.18e-05, 4.20e-02)
INFO:root:[280,   232] loss: 8.653270e-02 masks: 22.5 17.1 [wd: 2.54e-01] [lr: 4.66e-04] [mem: 7.73e+03] (219.9 ms)
INFO:root:[280,   232] grad_stats: [3.18e-03 4.11e-04] (1.13e-04, 9.95e-03)
INFO:root:avg. loss 8.65327011e-02
INFO:root:time taken for epoch 0:01:04.794824
INFO:root:Epoch 281
INFO:root:[281,     0] loss: 9.430574e-02 masks: 17.0 20.0 [wd: 2.54e-01] [lr: 4.66e-04] [mem: 7.73e+03] (203.2 ms)
INFO:root:[281,     0] grad_stats: [1.85e-03 5.64e-04] (1.16e-04, 2.04e-02)
INFO:root:[281,   116] loss: 8.784393e-02 masks: 21.9 17.5 [wd: 2.54e-01] [lr: 4.65e-04] [mem: 7.73e+03] (218.1 ms)
INFO:root:[281,   116] grad_stats: [3.49e-03 6.28e-04] (1.28e-04, 1.48e-02)
INFO:root:[281,   232] loss: 8.735417e-02 masks: 21.9 17.4 [wd: 2.55e-01] [lr: 4.63e-04] [mem: 7.73e+03] (218.3 ms)
INFO:root:[281,   232] grad_stats: [1.19e-03 4.87e-04] (1.09e-04, 3.52e-02)
INFO:root:avg. loss 8.73541670e-02
INFO:root:time taken for epoch 0:01:04.372573
INFO:root:Epoch 282
INFO:root:[282,     0] loss: 7.811324e-02 masks: 20.0 16.0 [wd: 2.55e-01] [lr: 4.63e-04] [mem: 7.73e+03] (206.1 ms)
INFO:root:[282,     0] grad_stats: [8.71e-04 5.44e-04] (1.06e-04, 1.52e-02)
INFO:root:[282,   116] loss: 8.723380e-02 masks: 22.0 17.5 [wd: 2.55e-01] [lr: 4.61e-04] [mem: 7.73e+03] (218.6 ms)
INFO:root:[282,   116] grad_stats: [5.03e-03 5.71e-04] (1.14e-04, 2.23e-02)
INFO:root:[282,   232] loss: 8.715550e-02 masks: 21.9 17.5 [wd: 2.56e-01] [lr: 4.60e-04] [mem: 7.73e+03] (218.6 ms)
INFO:root:[282,   232] grad_stats: [3.19e-03 4.88e-04] (1.31e-04, 1.48e-02)
INFO:root:avg. loss 8.71554964e-02
INFO:root:time taken for epoch 0:01:04.461690
INFO:root:Epoch 283
INFO:root:[283,     0] loss: 9.522057e-02 masks: 20.0 20.0 [wd: 2.56e-01] [lr: 4.60e-04] [mem: 7.73e+03] (212.8 ms)
INFO:root:[283,     0] grad_stats: [1.13e-03 5.21e-04] (1.13e-04, 1.03e-02)
INFO:root:[283,   116] loss: 8.760496e-02 masks: 22.2 17.1 [wd: 2.57e-01] [lr: 4.58e-04] [mem: 7.73e+03] (218.1 ms)
INFO:root:[283,   116] grad_stats: [1.49e-03 4.56e-04] (1.01e-04, 2.79e-02)
INFO:root:[283,   232] loss: 8.776625e-02 masks: 21.9 17.3 [wd: 2.57e-01] [lr: 4.56e-04] [mem: 7.73e+03] (217.9 ms)
INFO:root:[283,   232] grad_stats: [1.11e-03 4.45e-04] (8.57e-05, 2.38e-02)
INFO:root:avg. loss 8.77662470e-02
INFO:root:time taken for epoch 0:01:04.356307
INFO:root:Epoch 284
INFO:root:[284,     0] loss: 7.346888e-02 masks: 26.0 16.0 [wd: 2.57e-01] [lr: 4.56e-04] [mem: 7.73e+03] (230.6 ms)
INFO:root:[284,     0] grad_stats: [1.12e-03 3.85e-04] (9.18e-05, 5.10e-02)
INFO:root:[284,   116] loss: 8.668587e-02 masks: 21.9 17.3 [wd: 2.58e-01] [lr: 4.55e-04] [mem: 7.73e+03] (217.3 ms)
INFO:root:[284,   116] grad_stats: [1.17e-03 5.06e-04] (1.06e-04, 1.71e-02)
INFO:root:[284,   232] loss: 8.667179e-02 masks: 22.1 17.1 [wd: 2.58e-01] [lr: 4.53e-04] [mem: 7.73e+03] (218.4 ms)
INFO:root:[284,   232] grad_stats: [9.91e-04 6.53e-04] (1.00e-04, 1.00e-02)
INFO:root:avg. loss 8.66717875e-02
INFO:root:time taken for epoch 0:01:04.445654
INFO:root:Epoch 285
INFO:root:[285,     0] loss: 8.236894e-02 masks: 25.0 16.0 [wd: 2.58e-01] [lr: 4.53e-04] [mem: 7.73e+03] (224.1 ms)
INFO:root:[285,     0] grad_stats: [1.10e-03 4.23e-04] (8.64e-05, 4.27e-02)
INFO:root:[285,   116] loss: 8.860499e-02 masks: 21.0 17.5 [wd: 2.59e-01] [lr: 4.51e-04] [mem: 7.73e+03] (214.4 ms)
INFO:root:[285,   116] grad_stats: [1.33e-03 4.18e-04] (1.01e-04, 9.10e-03)
INFO:root:[285,   232] loss: 8.752045e-02 masks: 21.5 17.4 [wd: 2.59e-01] [lr: 4.49e-04] [mem: 7.73e+03] (216.9 ms)
INFO:root:[285,   232] grad_stats: [7.69e-04 3.97e-04] (1.19e-04, 2.88e-02)
INFO:root:avg. loss 8.75204548e-02
INFO:root:time taken for epoch 0:01:03.936963
INFO:root:Epoch 286
INFO:root:[286,     0] loss: 1.024496e-01 masks: 14.0 20.0 [wd: 2.59e-01] [lr: 4.49e-04] [mem: 7.73e+03] (191.5 ms)
INFO:root:[286,     0] grad_stats: [1.24e-03 4.15e-04] (1.10e-04, 1.07e-02)
INFO:root:[286,   116] loss: 8.917178e-02 masks: 20.7 17.8 [wd: 2.60e-01] [lr: 4.48e-04] [mem: 7.73e+03] (214.1 ms)
INFO:root:[286,   116] grad_stats: [1.78e-03 4.77e-04] (1.04e-04, 1.96e-02)
INFO:root:[286,   232] loss: 8.871974e-02 masks: 20.9 17.7 [wd: 2.60e-01] [lr: 4.46e-04] [mem: 7.73e+03] (215.3 ms)
INFO:root:[286,   232] grad_stats: [2.37e-03 4.93e-04] (1.02e-04, 3.16e-02)
INFO:root:avg. loss 8.87197386e-02
INFO:root:time taken for epoch 0:01:03.709865
INFO:root:Epoch 287
INFO:root:[287,     0] loss: 8.721022e-02 masks: 26.0 16.0 [wd: 2.60e-01] [lr: 4.46e-04] [mem: 7.73e+03] (230.5 ms)
INFO:root:[287,     0] grad_stats: [1.73e-03 5.37e-04] (1.07e-04, 2.22e-02)
INFO:root:[287,   116] loss: 8.662978e-02 masks: 22.2 17.2 [wd: 2.61e-01] [lr: 4.44e-04] [mem: 7.73e+03] (218.5 ms)
INFO:root:[287,   116] grad_stats: [1.51e-03 5.79e-04] (1.21e-04, 1.27e-02)
INFO:root:[287,   232] loss: 8.738546e-02 masks: 22.0 17.2 [wd: 2.61e-01] [lr: 4.43e-04] [mem: 7.73e+03] (218.2 ms)
INFO:root:[287,   232] grad_stats: [1.51e-03 5.00e-04] (1.19e-04, 4.90e-02)
INFO:root:avg. loss 8.73854599e-02
INFO:root:time taken for epoch 0:01:04.304763
INFO:root:Epoch 288
INFO:root:[288,     0] loss: 8.760476e-02 masks: 23.0 16.0 [wd: 2.61e-01] [lr: 4.43e-04] [mem: 7.73e+03] (216.1 ms)
INFO:root:[288,     0] grad_stats: [1.16e-03 5.41e-04] (1.37e-04, 1.64e-02)
INFO:root:[288,   116] loss: 8.730057e-02 masks: 21.4 17.5 [wd: 2.62e-01] [lr: 4.41e-04] [mem: 7.73e+03] (215.9 ms)
INFO:root:[288,   116] grad_stats: [1.63e-03 5.10e-04] (8.98e-05, 2.11e-02)
INFO:root:[288,   232] loss: 8.778451e-02 masks: 21.4 17.5 [wd: 2.63e-01] [lr: 4.39e-04] [mem: 7.73e+03] (216.5 ms)
INFO:root:[288,   232] grad_stats: [1.46e-03 5.41e-04] (1.20e-04, 1.77e-02)
INFO:root:avg. loss 8.77845078e-02
INFO:root:time taken for epoch 0:01:04.004115
INFO:root:Epoch 289
INFO:root:[289,     0] loss: 9.178658e-02 masks: 23.0 16.0 [wd: 2.63e-01] [lr: 4.39e-04] [mem: 7.73e+03] (214.9 ms)
INFO:root:[289,     0] grad_stats: [1.21e-03 5.66e-04] (1.40e-04, 1.25e-02)
INFO:root:[289,   116] loss: 8.565644e-02 masks: 22.8 16.8 [wd: 2.63e-01] [lr: 4.38e-04] [mem: 7.73e+03] (220.0 ms)
INFO:root:[289,   116] grad_stats: [2.50e-03 6.99e-04] (1.24e-04, 1.88e-02)
INFO:root:[289,   232] loss: 8.646229e-02 masks: 22.6 17.0 [wd: 2.64e-01] [lr: 4.36e-04] [mem: 7.73e+03] (220.0 ms)
INFO:root:[289,   232] grad_stats: [1.96e-03 7.12e-04] (1.31e-04, 3.33e-02)
INFO:root:avg. loss 8.64622910e-02
INFO:root:time taken for epoch 0:01:04.800725
INFO:root:Epoch 290
INFO:root:[290,     0] loss: 8.063763e-02 masks: 24.0 16.0 [wd: 2.64e-01] [lr: 4.36e-04] [mem: 7.73e+03] (220.2 ms)
INFO:root:[290,     0] grad_stats: [2.54e-03 4.64e-04] (1.30e-04, 3.40e-02)
INFO:root:[290,   116] loss: 8.769955e-02 masks: 21.6 17.2 [wd: 2.64e-01] [lr: 4.34e-04] [mem: 7.73e+03] (215.8 ms)
INFO:root:[290,   116] grad_stats: [1.72e-03 4.72e-04] (9.55e-05, 2.93e-02)
INFO:root:[290,   232] loss: 8.732648e-02 masks: 21.9 17.1 [wd: 2.65e-01] [lr: 4.32e-04] [mem: 7.73e+03] (217.7 ms)
INFO:root:[290,   232] grad_stats: [9.40e-04 5.80e-04] (1.47e-04, 2.70e-02)
INFO:root:avg. loss 8.73264773e-02
INFO:root:time taken for epoch 0:01:04.277327
INFO:root:Epoch 291
INFO:root:[291,     0] loss: 8.000512e-02 masks: 28.0 16.0 [wd: 2.65e-01] [lr: 4.32e-04] [mem: 7.73e+03] (237.5 ms)
INFO:root:[291,     0] grad_stats: [1.02e-03 4.11e-04] (9.89e-05, 1.86e-02)
INFO:root:[291,   116] loss: 8.806428e-02 masks: 21.2 17.8 [wd: 2.65e-01] [lr: 4.31e-04] [mem: 7.73e+03] (216.2 ms)
INFO:root:[291,   116] grad_stats: [1.44e-03 5.23e-04] (1.06e-04, 2.05e-02)
INFO:root:[291,   232] loss: 8.776419e-02 masks: 21.5 17.6 [wd: 2.66e-01] [lr: 4.29e-04] [mem: 7.73e+03] (217.5 ms)
INFO:root:[291,   232] grad_stats: [2.63e-03 5.82e-04] (1.19e-04, 3.66e-02)
INFO:root:avg. loss 8.77641907e-02
INFO:root:time taken for epoch 0:01:04.131972
INFO:root:Epoch 292
INFO:root:[292,     0] loss: 7.917009e-02 masks: 27.0 16.0 [wd: 2.66e-01] [lr: 4.29e-04] [mem: 7.73e+03] (234.2 ms)
INFO:root:[292,     0] grad_stats: [2.69e-03 5.93e-04] (1.31e-04, 5.14e-02)
INFO:root:[292,   116] loss: 8.784637e-02 masks: 21.3 17.4 [wd: 2.66e-01] [lr: 4.27e-04] [mem: 7.73e+03] (215.6 ms)
INFO:root:[292,   116] grad_stats: [8.67e-04 6.55e-04] (1.16e-04, 2.05e-02)
INFO:root:[292,   232] loss: 8.722852e-02 masks: 21.7 17.3 [wd: 2.67e-01] [lr: 4.26e-04] [mem: 7.73e+03] (217.5 ms)
INFO:root:[292,   232] grad_stats: [1.69e-03 6.59e-04] (1.47e-04, 1.35e-02)
INFO:root:avg. loss 8.72285175e-02
INFO:root:time taken for epoch 0:01:04.290784
INFO:root:Epoch 293
INFO:root:[293,     0] loss: 8.436522e-02 masks: 22.0 20.0 [wd: 2.67e-01] [lr: 4.26e-04] [mem: 7.73e+03] (223.3 ms)
INFO:root:[293,     0] grad_stats: [2.19e-03 6.19e-04] (1.18e-04, 3.51e-02)
INFO:root:[293,   116] loss: 8.791807e-02 masks: 21.1 17.6 [wd: 2.67e-01] [lr: 4.24e-04] [mem: 7.73e+03] (215.1 ms)
INFO:root:[293,   116] grad_stats: [1.24e-03 5.60e-04] (1.44e-04, 1.58e-02)
INFO:root:[293,   232] loss: 8.696633e-02 masks: 21.8 17.3 [wd: 2.68e-01] [lr: 4.22e-04] [mem: 7.73e+03] (217.8 ms)
INFO:root:[293,   232] grad_stats: [9.70e-04 5.00e-04] (1.17e-04, 3.95e-02)
INFO:root:avg. loss 8.69663279e-02
INFO:root:time taken for epoch 0:01:04.276803
INFO:root:Epoch 294
INFO:root:[294,     0] loss: 8.087101e-02 masks: 23.0 16.0 [wd: 2.68e-01] [lr: 4.22e-04] [mem: 7.73e+03] (214.5 ms)
INFO:root:[294,     0] grad_stats: [7.64e-04 4.36e-04] (1.01e-04, 1.78e-02)
INFO:root:[294,   116] loss: 8.580680e-02 masks: 23.0 16.9 [wd: 2.69e-01] [lr: 4.21e-04] [mem: 7.73e+03] (220.8 ms)
INFO:root:[294,   116] grad_stats: [1.03e-03 5.61e-04] (1.07e-04, 3.46e-02)
INFO:root:[294,   232] loss: 8.638255e-02 masks: 22.4 17.0 [wd: 2.69e-01] [lr: 4.19e-04] [mem: 7.73e+03] (219.6 ms)
INFO:root:[294,   232] grad_stats: [2.19e-03 5.94e-04] (1.15e-04, 1.48e-02)
INFO:root:avg. loss 8.63825514e-02
INFO:root:time taken for epoch 0:01:04.613801
INFO:root:Epoch 295
INFO:root:[295,     0] loss: 1.082917e-01 masks: 9.0 20.0 [wd: 2.69e-01] [lr: 4.19e-04] [mem: 7.73e+03] (169.7 ms)
INFO:root:[295,     0] grad_stats: [1.15e-03 6.49e-04] (1.55e-04, 1.68e-02)
INFO:root:[295,   116] loss: 8.756988e-02 masks: 21.4 17.4 [wd: 2.70e-01] [lr: 4.17e-04] [mem: 7.73e+03] (215.8 ms)
INFO:root:[295,   116] grad_stats: [2.00e-03 5.25e-04] (1.11e-04, 4.20e-02)
INFO:root:[295,   232] loss: 8.725572e-02 masks: 21.7 17.4 [wd: 2.70e-01] [lr: 4.16e-04] [mem: 7.73e+03] (217.5 ms)
INFO:root:[295,   232] grad_stats: [1.80e-03 6.15e-04] (1.13e-04, 1.71e-02)
INFO:root:avg. loss 8.72557236e-02
INFO:root:time taken for epoch 0:01:04.241952
INFO:root:Epoch 296
INFO:root:[296,     0] loss: 8.674257e-02 masks: 20.0 20.0 [wd: 2.70e-01] [lr: 4.16e-04] [mem: 7.73e+03] (212.7 ms)
INFO:root:[296,     0] grad_stats: [2.27e-03 5.47e-04] (1.24e-04, 2.47e-02)
INFO:root:[296,   116] loss: 8.645145e-02 masks: 22.3 17.2 [wd: 2.71e-01] [lr: 4.14e-04] [mem: 7.73e+03] (218.8 ms)
INFO:root:[296,   116] grad_stats: [2.60e-03 1.24e-03] (2.11e-04, 2.87e-02)
INFO:root:[296,   232] loss: 8.673398e-02 masks: 21.9 17.4 [wd: 2.71e-01] [lr: 4.12e-04] [mem: 7.73e+03] (218.6 ms)
INFO:root:[296,   232] grad_stats: [2.65e-03 4.67e-04] (1.18e-04, 1.48e-02)
INFO:root:avg. loss 8.67339767e-02
INFO:root:time taken for epoch 0:01:04.526802
INFO:root:Epoch 297
INFO:root:[297,     0] loss: 8.405697e-02 masks: 21.0 20.0 [wd: 2.71e-01] [lr: 4.12e-04] [mem: 7.73e+03] (218.5 ms)
INFO:root:[297,     0] grad_stats: [1.44e-03 5.10e-04] (1.46e-04, 1.83e-02)
INFO:root:[297,   116] loss: 8.663214e-02 masks: 21.9 17.3 [wd: 2.72e-01] [lr: 4.11e-04] [mem: 7.73e+03] (217.6 ms)
INFO:root:[297,   116] grad_stats: [1.59e-03 4.77e-04] (1.19e-04, 5.34e-02)
INFO:root:[297,   232] loss: 8.703340e-02 masks: 21.9 17.3 [wd: 2.72e-01] [lr: 4.09e-04] [mem: 7.73e+03] (218.1 ms)
INFO:root:[297,   232] grad_stats: [7.38e-04 5.06e-04] (1.15e-04, 2.23e-02)
INFO:root:avg. loss 8.70334042e-02
INFO:root:time taken for epoch 0:01:04.386747
INFO:root:Epoch 298
INFO:root:[298,     0] loss: 8.697657e-02 masks: 21.0 16.0 [wd: 2.72e-01] [lr: 4.09e-04] [mem: 7.73e+03] (208.7 ms)
INFO:root:[298,     0] grad_stats: [8.05e-04 6.82e-04] (1.21e-04, 3.65e-02)
INFO:root:[298,   116] loss: 8.629858e-02 masks: 22.0 17.2 [wd: 2.73e-01] [lr: 4.07e-04] [mem: 7.73e+03] (217.8 ms)
INFO:root:[298,   116] grad_stats: [1.63e-03 6.38e-04] (1.21e-04, 1.29e-02)
INFO:root:[298,   232] loss: 8.657247e-02 masks: 22.0 17.1 [wd: 2.73e-01] [lr: 4.06e-04] [mem: 7.73e+03] (218.1 ms)
INFO:root:[298,   232] grad_stats: [1.52e-03 7.78e-04] (1.31e-04, 4.84e-02)
INFO:root:avg. loss 8.65724721e-02
INFO:root:time taken for epoch 0:01:04.404457
INFO:root:Epoch 299
INFO:root:[299,     0] loss: 8.637881e-02 masks: 19.0 20.0 [wd: 2.73e-01] [lr: 4.06e-04] [mem: 7.73e+03] (212.3 ms)
INFO:root:[299,     0] grad_stats: [1.33e-03 6.41e-04] (1.30e-04, 2.69e-02)
INFO:root:[299,   116] loss: 8.618179e-02 masks: 21.9 17.3 [wd: 2.74e-01] [lr: 4.04e-04] [mem: 7.73e+03] (217.4 ms)
INFO:root:[299,   116] grad_stats: [8.61e-04 7.08e-04] (1.10e-04, 3.47e-02)
INFO:root:[299,   232] loss: 8.647049e-02 masks: 22.0 17.4 [wd: 2.75e-01] [lr: 4.02e-04] [mem: 7.73e+03] (218.6 ms)
INFO:root:[299,   232] grad_stats: [1.61e-03 7.85e-04] (1.39e-04, 2.80e-02)
INFO:root:avg. loss 8.64704939e-02
INFO:root:time taken for epoch 0:01:05.203744
INFO:root:Epoch 300
INFO:root:[300,     0] loss: 9.643338e-02 masks: 17.0 20.0 [wd: 2.75e-01] [lr: 4.02e-04] [mem: 7.73e+03] (202.1 ms)
INFO:root:[300,     0] grad_stats: [2.32e-03 7.19e-04] (1.29e-04, 2.21e-02)
INFO:root:[300,   116] loss: 8.743301e-02 masks: 21.4 17.5 [wd: 2.75e-01] [lr: 4.01e-04] [mem: 7.73e+03] (215.8 ms)
INFO:root:[300,   116] grad_stats: [7.69e-04 4.70e-04] (1.07e-04, 2.13e-02)
INFO:root:[300,   232] loss: 8.697091e-02 masks: 21.7 17.4 [wd: 2.76e-01] [lr: 3.99e-04] [mem: 7.73e+03] (217.4 ms)
INFO:root:[300,   232] grad_stats: [3.09e-03 8.29e-04] (1.95e-04, 3.83e-02)
INFO:root:avg. loss 8.69709089e-02
INFO:root:	Epoch 300, KNN accuracy train: 7.26681e-01, KNN accuracy train: 5.93667e-01
INFO:root:time taken for epoch 0:01:46.279350
INFO:root:Epoch 301
INFO:root:[301,     0] loss: 8.406907e-02 masks: 24.0 16.0 [wd: 2.76e-01] [lr: 3.99e-04] [mem: 7.73e+03] (220.4 ms)
INFO:root:[301,     0] grad_stats: [2.62e-03 5.14e-04] (1.42e-04, 1.11e-02)
INFO:root:[301,   116] loss: 8.552460e-02 masks: 22.1 17.4 [wd: 2.76e-01] [lr: 3.97e-04] [mem: 7.73e+03] (217.7 ms)
INFO:root:[301,   116] grad_stats: [2.00e-03 5.03e-04] (1.25e-04, 1.34e-02)
INFO:root:[301,   232] loss: 8.648530e-02 masks: 21.8 17.4 [wd: 2.77e-01] [lr: 3.96e-04] [mem: 7.73e+03] (217.3 ms)
INFO:root:[301,   232] grad_stats: [1.43e-03 5.00e-04] (1.17e-04, 4.80e-02)
INFO:root:avg. loss 8.64853010e-02
INFO:root:time taken for epoch 0:01:04.170378
INFO:root:Epoch 302
INFO:root:[302,     0] loss: 8.737671e-02 masks: 21.0 16.0 [wd: 2.77e-01] [lr: 3.96e-04] [mem: 7.73e+03] (208.5 ms)
INFO:root:[302,     0] grad_stats: [2.06e-03 8.45e-04] (1.28e-04, 1.77e-02)
INFO:root:[302,   116] loss: 8.578966e-02 masks: 22.3 17.1 [wd: 2.77e-01] [lr: 3.94e-04] [mem: 7.73e+03] (218.3 ms)
INFO:root:[302,   116] grad_stats: [1.26e-03 7.64e-04] (1.29e-04, 5.16e-02)
INFO:root:[302,   232] loss: 8.665827e-02 masks: 21.9 17.2 [wd: 2.78e-01] [lr: 3.92e-04] [mem: 7.73e+03] (217.8 ms)
INFO:root:[302,   232] grad_stats: [2.06e-03 6.41e-04] (1.42e-04, 3.73e-02)
INFO:root:avg. loss 8.66582698e-02
INFO:root:time taken for epoch 0:01:04.333015
INFO:root:Epoch 303
INFO:root:[303,     0] loss: 8.417124e-02 masks: 25.0 16.0 [wd: 2.78e-01] [lr: 3.92e-04] [mem: 7.73e+03] (225.5 ms)
INFO:root:[303,     0] grad_stats: [1.09e-03 4.42e-04] (1.14e-04, 2.38e-02)
INFO:root:[303,   116] loss: 8.563276e-02 masks: 22.1 17.3 [wd: 2.78e-01] [lr: 3.91e-04] [mem: 7.73e+03] (218.2 ms)
INFO:root:[303,   116] grad_stats: [1.45e-03 5.95e-04] (1.31e-04, 2.66e-02)
INFO:root:[303,   232] loss: 8.617070e-02 masks: 22.0 17.3 [wd: 2.79e-01] [lr: 3.89e-04] [mem: 7.73e+03] (218.1 ms)
INFO:root:[303,   232] grad_stats: [2.65e-03 5.26e-04] (1.32e-04, 2.54e-02)
INFO:root:avg. loss 8.61707030e-02
INFO:root:time taken for epoch 0:01:04.392834
INFO:root:Epoch 304
INFO:root:[304,     0] loss: 9.605406e-02 masks: 19.0 20.0 [wd: 2.79e-01] [lr: 3.89e-04] [mem: 7.73e+03] (211.1 ms)
INFO:root:[304,     0] grad_stats: [2.09e-03 5.54e-04] (1.07e-04, 1.62e-02)
INFO:root:[304,   116] loss: 8.688502e-02 masks: 21.9 17.5 [wd: 2.79e-01] [lr: 3.87e-04] [mem: 7.73e+03] (217.7 ms)
INFO:root:[304,   116] grad_stats: [1.66e-03 7.51e-04] (1.50e-04, 1.26e-02)
INFO:root:[304,   232] loss: 8.638177e-02 masks: 21.9 17.4 [wd: 2.80e-01] [lr: 3.86e-04] [mem: 7.73e+03] (218.4 ms)
INFO:root:[304,   232] grad_stats: [1.45e-03 3.56e-04] (9.42e-05, 3.87e-02)
INFO:root:avg. loss 8.63817694e-02
INFO:root:time taken for epoch 0:01:04.526491
INFO:root:Epoch 305
INFO:root:[305,     0] loss: 8.321819e-02 masks: 20.0 16.0 [wd: 2.80e-01] [lr: 3.86e-04] [mem: 7.73e+03] (213.6 ms)
INFO:root:[305,     0] grad_stats: [3.16e-03 6.29e-04] (1.25e-04, 3.75e-02)
INFO:root:[305,   116] loss: 8.690078e-02 masks: 21.8 17.3 [wd: 2.80e-01] [lr: 3.84e-04] [mem: 7.73e+03] (217.4 ms)
INFO:root:[305,   116] grad_stats: [1.89e-03 6.18e-04] (1.18e-04, 3.63e-02)
INFO:root:[305,   232] loss: 8.690710e-02 masks: 21.4 17.5 [wd: 2.81e-01] [lr: 3.82e-04] [mem: 7.73e+03] (216.5 ms)
INFO:root:[305,   232] grad_stats: [2.17e-03 6.51e-04] (1.21e-04, 3.09e-02)
INFO:root:avg. loss 8.69071002e-02
INFO:root:time taken for epoch 0:01:04.028861
INFO:root:Epoch 306
INFO:root:[306,     0] loss: 1.011732e-01 masks: 17.0 20.0 [wd: 2.81e-01] [lr: 3.82e-04] [mem: 7.73e+03] (202.9 ms)
INFO:root:[306,     0] grad_stats: [1.40e-03 6.34e-04] (1.35e-04, 3.72e-02)
INFO:root:[306,   116] loss: 8.536644e-02 masks: 22.2 17.2 [wd: 2.82e-01] [lr: 3.81e-04] [mem: 7.73e+03] (218.4 ms)
INFO:root:[306,   116] grad_stats: [1.83e-03 4.63e-04] (1.17e-04, 3.29e-02)
INFO:root:[306,   232] loss: 8.627555e-02 masks: 21.9 17.3 [wd: 2.82e-01] [lr: 3.79e-04] [mem: 7.73e+03] (218.2 ms)
INFO:root:[306,   232] grad_stats: [1.39e-03 7.93e-04] (1.68e-04, 4.31e-02)
INFO:root:avg. loss 8.62755533e-02
INFO:root:time taken for epoch 0:01:04.431169
INFO:root:Epoch 307
INFO:root:[307,     0] loss: 9.489093e-02 masks: 18.0 20.0 [wd: 2.82e-01] [lr: 3.79e-04] [mem: 7.73e+03] (207.6 ms)
INFO:root:[307,     0] grad_stats: [1.55e-03 5.73e-04] (1.27e-04, 1.53e-02)
INFO:root:[307,   116] loss: 8.569414e-02 masks: 22.4 17.1 [wd: 2.83e-01] [lr: 3.77e-04] [mem: 7.73e+03] (218.9 ms)
INFO:root:[307,   116] grad_stats: [1.01e-03 7.43e-04] (1.24e-04, 2.48e-02)
INFO:root:[307,   232] loss: 8.554857e-02 masks: 22.2 17.0 [wd: 2.83e-01] [lr: 3.76e-04] [mem: 7.73e+03] (218.8 ms)
INFO:root:[307,   232] grad_stats: [1.50e-03 9.03e-04] (1.38e-04, 2.29e-02)
INFO:root:avg. loss 8.55485747e-02
INFO:root:time taken for epoch 0:01:04.543552
INFO:root:Epoch 308
INFO:root:[308,     0] loss: 8.514023e-02 masks: 23.0 16.0 [wd: 2.83e-01] [lr: 3.76e-04] [mem: 7.73e+03] (215.0 ms)
INFO:root:[308,     0] grad_stats: [2.05e-03 6.21e-04] (1.10e-04, 3.40e-02)
INFO:root:[308,   116] loss: 8.578323e-02 masks: 21.9 17.2 [wd: 2.84e-01] [lr: 3.74e-04] [mem: 7.73e+03] (217.1 ms)
INFO:root:[308,   116] grad_stats: [1.13e-03 6.11e-04] (1.29e-04, 1.63e-02)
INFO:root:[308,   232] loss: 8.590473e-02 masks: 22.0 17.3 [wd: 2.84e-01] [lr: 3.72e-04] [mem: 7.73e+03] (218.2 ms)
INFO:root:[308,   232] grad_stats: [2.85e-03 5.18e-04] (1.38e-04, 6.06e-02)
INFO:root:avg. loss 8.59047277e-02
INFO:root:time taken for epoch 0:01:04.453016
INFO:root:Epoch 309
INFO:root:[309,     0] loss: 1.012286e-01 masks: 15.0 20.0 [wd: 2.84e-01] [lr: 3.72e-04] [mem: 7.73e+03] (194.1 ms)
INFO:root:[309,     0] grad_stats: [1.64e-03 7.46e-04] (1.45e-04, 2.38e-02)
INFO:root:[309,   116] loss: 8.678777e-02 masks: 21.6 17.6 [wd: 2.85e-01] [lr: 3.71e-04] [mem: 7.73e+03] (217.0 ms)
INFO:root:[309,   116] grad_stats: [1.79e-03 5.35e-04] (1.46e-04, 2.20e-02)
INFO:root:[309,   232] loss: 8.695762e-02 masks: 21.6 17.4 [wd: 2.85e-01] [lr: 3.69e-04] [mem: 7.73e+03] (217.1 ms)
INFO:root:[309,   232] grad_stats: [1.23e-03 6.15e-04] (1.41e-04, 1.21e-02)
INFO:root:avg. loss 8.69576172e-02
INFO:root:time taken for epoch 0:01:04.150978
INFO:root:Epoch 310
INFO:root:[310,     0] loss: 8.913862e-02 masks: 24.0 16.0 [wd: 2.85e-01] [lr: 3.69e-04] [mem: 7.73e+03] (221.1 ms)
INFO:root:[310,     0] grad_stats: [2.94e-03 4.90e-04] (1.35e-04, 1.78e-02)
INFO:root:[310,   116] loss: 8.601380e-02 masks: 21.8 17.3 [wd: 2.86e-01] [lr: 3.67e-04] [mem: 7.73e+03] (217.0 ms)
INFO:root:[310,   116] grad_stats: [3.20e-03 5.27e-04] (1.44e-04, 2.38e-02)
INFO:root:[310,   232] loss: 8.663582e-02 masks: 21.6 17.3 [wd: 2.86e-01] [lr: 3.66e-04] [mem: 7.73e+03] (217.1 ms)
INFO:root:[310,   232] grad_stats: [1.48e-03 3.86e-04] (1.00e-04, 1.87e-02)
INFO:root:avg. loss 8.66358153e-02
INFO:root:time taken for epoch 0:01:04.133164
INFO:root:Epoch 311
INFO:root:[311,     0] loss: 8.565404e-02 masks: 24.0 16.0 [wd: 2.86e-01] [lr: 3.66e-04] [mem: 7.73e+03] (220.0 ms)
INFO:root:[311,     0] grad_stats: [8.49e-04 5.61e-04] (1.24e-04, 1.18e-02)
INFO:root:[311,   116] loss: 8.452835e-02 masks: 22.9 16.9 [wd: 2.87e-01] [lr: 3.64e-04] [mem: 7.73e+03] (220.1 ms)
INFO:root:[311,   116] grad_stats: [1.44e-03 6.45e-04] (1.46e-04, 1.56e-02)
INFO:root:[311,   232] loss: 8.560536e-02 masks: 22.3 17.0 [wd: 2.87e-01] [lr: 3.62e-04] [mem: 7.73e+03] (219.2 ms)
INFO:root:[311,   232] grad_stats: [1.26e-03 6.57e-04] (1.52e-04, 1.35e-02)
INFO:root:avg. loss 8.56053650e-02
INFO:root:time taken for epoch 0:01:04.638341
INFO:root:Epoch 312
INFO:root:[312,     0] loss: 1.031314e-01 masks: 15.0 20.0 [wd: 2.87e-01] [lr: 3.62e-04] [mem: 7.73e+03] (192.0 ms)
INFO:root:[312,     0] grad_stats: [1.50e-03 8.80e-04] (1.67e-04, 1.23e-02)
INFO:root:[312,   116] loss: 8.615772e-02 masks: 21.8 17.4 [wd: 2.88e-01] [lr: 3.61e-04] [mem: 7.73e+03] (217.4 ms)
INFO:root:[312,   116] grad_stats: [1.28e-03 5.13e-04] (1.37e-04, 2.90e-02)
INFO:root:[312,   232] loss: 8.612641e-02 masks: 21.9 17.2 [wd: 2.88e-01] [lr: 3.59e-04] [mem: 7.73e+03] (218.0 ms)
INFO:root:[312,   232] grad_stats: [1.92e-03 7.32e-04] (1.31e-04, 2.58e-02)
INFO:root:avg. loss 8.61264090e-02
INFO:root:time taken for epoch 0:01:04.267479
INFO:root:Epoch 313
INFO:root:[313,     0] loss: 9.220072e-02 masks: 16.0 20.0 [wd: 2.88e-01] [lr: 3.59e-04] [mem: 7.73e+03] (196.3 ms)
INFO:root:[313,     0] grad_stats: [1.32e-03 8.78e-04] (1.68e-04, 1.55e-02)
INFO:root:[313,   116] loss: 8.548798e-02 masks: 22.1 17.4 [wd: 2.89e-01] [lr: 3.58e-04] [mem: 7.73e+03] (218.5 ms)
INFO:root:[313,   116] grad_stats: [1.59e-03 4.26e-04] (1.36e-04, 4.53e-02)
INFO:root:[313,   232] loss: 8.587484e-02 masks: 21.8 17.4 [wd: 2.89e-01] [lr: 3.56e-04] [mem: 7.73e+03] (218.0 ms)
INFO:root:[313,   232] grad_stats: [2.09e-03 5.22e-04] (1.34e-04, 2.56e-02)
INFO:root:avg. loss 8.58748351e-02
INFO:root:time taken for epoch 0:01:04.288825
INFO:root:Epoch 314
INFO:root:[314,     0] loss: 7.612226e-02 masks: 24.0 16.0 [wd: 2.89e-01] [lr: 3.56e-04] [mem: 7.73e+03] (221.2 ms)
INFO:root:[314,     0] grad_stats: [2.17e-03 6.98e-04] (1.45e-04, 1.95e-02)
INFO:root:[314,   116] loss: 8.535066e-02 masks: 22.1 17.3 [wd: 2.90e-01] [lr: 3.54e-04] [mem: 7.73e+03] (218.3 ms)
INFO:root:[314,   116] grad_stats: [1.57e-03 6.30e-04] (1.43e-04, 2.44e-02)
INFO:root:[314,   232] loss: 8.530449e-02 masks: 22.3 17.2 [wd: 2.90e-01] [lr: 3.53e-04] [mem: 7.73e+03] (219.5 ms)
INFO:root:[314,   232] grad_stats: [1.29e-03 6.88e-04] (1.66e-04, 4.26e-02)
INFO:root:avg. loss 8.53044867e-02
INFO:root:time taken for epoch 0:01:04.728326
INFO:root:Epoch 315
INFO:root:[315,     0] loss: 8.581576e-02 masks: 24.0 16.0 [wd: 2.90e-01] [lr: 3.53e-04] [mem: 7.73e+03] (220.2 ms)
INFO:root:[315,     0] grad_stats: [1.24e-03 6.93e-04] (1.61e-04, 2.30e-02)
INFO:root:[315,   116] loss: 8.527051e-02 masks: 22.7 16.7 [wd: 2.91e-01] [lr: 3.51e-04] [mem: 7.73e+03] (219.3 ms)
INFO:root:[315,   116] grad_stats: [1.72e-03 4.56e-04] (1.33e-04, 6.88e-02)
INFO:root:[315,   232] loss: 8.501402e-02 masks: 22.5 17.0 [wd: 2.91e-01] [lr: 3.49e-04] [mem: 7.73e+03] (219.7 ms)
INFO:root:[315,   232] grad_stats: [1.38e-03 8.13e-04] (1.76e-04, 2.34e-02)
INFO:root:avg. loss 8.50140200e-02
INFO:root:time taken for epoch 0:01:04.680260
INFO:root:Epoch 316
INFO:root:[316,     0] loss: 7.640445e-02 masks: 25.0 16.0 [wd: 2.91e-01] [lr: 3.49e-04] [mem: 7.73e+03] (223.4 ms)
INFO:root:[316,     0] grad_stats: [1.21e-03 6.66e-04] (1.46e-04, 1.25e-02)
INFO:root:[316,   116] loss: 8.563033e-02 masks: 21.8 17.4 [wd: 2.92e-01] [lr: 3.48e-04] [mem: 7.73e+03] (217.1 ms)
INFO:root:[316,   116] grad_stats: [2.03e-03 5.18e-04] (1.28e-04, 2.83e-02)
INFO:root:[316,   232] loss: 8.625531e-02 masks: 21.4 17.6 [wd: 2.93e-01] [lr: 3.46e-04] [mem: 7.73e+03] (216.6 ms)
INFO:root:[316,   232] grad_stats: [1.55e-03 9.54e-04] (1.74e-04, 2.33e-02)
INFO:root:avg. loss 8.62553137e-02
INFO:root:time taken for epoch 0:01:04.051080
INFO:root:Epoch 317
INFO:root:[317,     0] loss: 8.878133e-02 masks: 21.0 20.0 [wd: 2.93e-01] [lr: 3.46e-04] [mem: 7.73e+03] (218.3 ms)
INFO:root:[317,     0] grad_stats: [2.30e-03 7.56e-04] (1.42e-04, 1.63e-02)
INFO:root:[317,   116] loss: 8.558930e-02 masks: 22.2 17.2 [wd: 2.93e-01] [lr: 3.45e-04] [mem: 7.73e+03] (218.3 ms)
INFO:root:[317,   116] grad_stats: [1.81e-03 6.21e-04] (1.52e-04, 1.79e-02)
INFO:root:[317,   232] loss: 8.604532e-02 masks: 22.1 17.2 [wd: 2.94e-01] [lr: 3.43e-04] [mem: 7.73e+03] (218.3 ms)
INFO:root:[317,   232] grad_stats: [1.17e-03 4.59e-04] (1.38e-04, 1.81e-02)
INFO:root:avg. loss 8.60453241e-02
INFO:root:time taken for epoch 0:01:04.429231
INFO:root:Epoch 318
INFO:root:[318,     0] loss: 8.453495e-02 masks: 23.0 16.0 [wd: 2.94e-01] [lr: 3.43e-04] [mem: 7.73e+03] (213.7 ms)
INFO:root:[318,     0] grad_stats: [1.10e-03 5.02e-04] (1.24e-04, 1.78e-02)
INFO:root:[318,   116] loss: 8.610199e-02 masks: 22.3 16.8 [wd: 2.94e-01] [lr: 3.41e-04] [mem: 7.73e+03] (217.9 ms)
INFO:root:[318,   116] grad_stats: [2.87e-03 7.68e-04] (1.86e-04, 3.45e-02)
INFO:root:[318,   232] loss: 8.546072e-02 masks: 22.3 17.0 [wd: 2.95e-01] [lr: 3.40e-04] [mem: 7.73e+03] (219.2 ms)
INFO:root:[318,   232] grad_stats: [2.71e-03 4.27e-04] (1.42e-04, 1.74e-02)
INFO:root:avg. loss 8.54607178e-02
INFO:root:time taken for epoch 0:01:04.596334
INFO:root:Epoch 319
INFO:root:[319,     0] loss: 7.557543e-02 masks: 26.0 16.0 [wd: 2.95e-01] [lr: 3.40e-04] [mem: 7.73e+03] (230.3 ms)
INFO:root:[319,     0] grad_stats: [1.88e-03 4.49e-04] (1.35e-04, 1.44e-02)
INFO:root:[319,   116] loss: 8.619946e-02 masks: 21.9 17.3 [wd: 2.95e-01] [lr: 3.38e-04] [mem: 7.73e+03] (217.7 ms)
INFO:root:[319,   116] grad_stats: [1.88e-03 7.17e-04] (1.75e-04, 2.18e-02)
INFO:root:[319,   232] loss: 8.630137e-02 masks: 21.9 17.2 [wd: 2.96e-01] [lr: 3.36e-04] [mem: 7.73e+03] (217.9 ms)
INFO:root:[319,   232] grad_stats: [2.77e-03 1.13e-03] (2.03e-04, 3.12e-02)
INFO:root:avg. loss 8.63013673e-02
INFO:root:time taken for epoch 0:01:04.331016
INFO:root:Epoch 320
INFO:root:[320,     0] loss: 7.680733e-02 masks: 27.0 16.0 [wd: 2.96e-01] [lr: 3.36e-04] [mem: 7.73e+03] (231.6 ms)
INFO:root:[320,     0] grad_stats: [1.82e-03 7.80e-04] (1.58e-04, 1.67e-02)
INFO:root:[320,   116] loss: 8.613637e-02 masks: 21.9 17.4 [wd: 2.96e-01] [lr: 3.35e-04] [mem: 7.73e+03] (218.0 ms)
INFO:root:[320,   116] grad_stats: [1.22e-03 7.41e-04] (1.75e-04, 4.42e-02)
INFO:root:[320,   232] loss: 8.544762e-02 masks: 22.3 17.2 [wd: 2.97e-01] [lr: 3.33e-04] [mem: 7.73e+03] (219.6 ms)
INFO:root:[320,   232] grad_stats: [7.82e-04 6.22e-04] (1.13e-04, 1.91e-02)
INFO:root:avg. loss 8.54476227e-02
INFO:root:time taken for epoch 0:01:04.766422
INFO:root:Epoch 321
INFO:root:[321,     0] loss: 8.471101e-02 masks: 23.0 16.0 [wd: 2.97e-01] [lr: 3.33e-04] [mem: 7.73e+03] (216.2 ms)
INFO:root:[321,     0] grad_stats: [1.27e-03 7.18e-04] (1.71e-04, 2.53e-02)
INFO:root:[321,   116] loss: 8.707187e-02 masks: 21.8 17.3 [wd: 2.97e-01] [lr: 3.32e-04] [mem: 7.73e+03] (217.0 ms)
INFO:root:[321,   116] grad_stats: [1.07e-03 7.82e-04] (1.75e-04, 3.59e-02)
INFO:root:[321,   232] loss: 8.653120e-02 masks: 21.7 17.4 [wd: 2.98e-01] [lr: 3.30e-04] [mem: 7.73e+03] (217.6 ms)
INFO:root:[321,   232] grad_stats: [1.47e-03 6.70e-04] (1.69e-04, 1.99e-02)
INFO:root:avg. loss 8.65312008e-02
INFO:root:time taken for epoch 0:01:04.311985
INFO:root:Epoch 322
INFO:root:[322,     0] loss: 9.253008e-02 masks: 16.0 20.0 [wd: 2.98e-01] [lr: 3.30e-04] [mem: 7.73e+03] (196.1 ms)
INFO:root:[322,     0] grad_stats: [2.15e-03 6.28e-04] (1.61e-04, 2.13e-02)
INFO:root:[322,   116] loss: 8.603799e-02 masks: 21.9 17.4 [wd: 2.98e-01] [lr: 3.28e-04] [mem: 7.73e+03] (217.6 ms)
INFO:root:[322,   116] grad_stats: [1.58e-03 5.33e-04] (1.66e-04, 6.79e-02)
INFO:root:[322,   232] loss: 8.565560e-02 masks: 22.2 17.2 [wd: 2.99e-01] [lr: 3.27e-04] [mem: 7.73e+03] (219.0 ms)
INFO:root:[322,   232] grad_stats: [2.71e-03 1.06e-03] (1.91e-04, 1.58e-02)
INFO:root:avg. loss 8.56555997e-02
INFO:root:time taken for epoch 0:01:04.447296
INFO:root:Epoch 323
INFO:root:[323,     0] loss: 8.186129e-02 masks: 18.0 20.0 [wd: 2.99e-01] [lr: 3.27e-04] [mem: 7.73e+03] (206.5 ms)
INFO:root:[323,     0] grad_stats: [2.17e-03 6.79e-04] (1.46e-04, 1.31e-02)
INFO:root:[323,   116] loss: 8.509440e-02 masks: 22.3 16.9 [wd: 2.99e-01] [lr: 3.25e-04] [mem: 7.73e+03] (218.1 ms)
INFO:root:[323,   116] grad_stats: [1.03e-03 7.47e-04] (1.41e-04, 8.49e-03)
INFO:root:[323,   232] loss: 8.539789e-02 masks: 22.2 16.9 [wd: 3.00e-01] [lr: 3.24e-04] [mem: 7.73e+03] (218.4 ms)
INFO:root:[323,   232] grad_stats: [3.36e-03 8.48e-04] (1.68e-04, 2.03e-02)
INFO:root:avg. loss 8.53978870e-02
INFO:root:time taken for epoch 0:01:04.458837
INFO:root:Epoch 324
INFO:root:[324,     0] loss: 8.777017e-02 masks: 17.0 16.0 [wd: 3.00e-01] [lr: 3.24e-04] [mem: 7.73e+03] (191.9 ms)
INFO:root:[324,     0] grad_stats: [1.55e-03 7.00e-04] (1.49e-04, 9.88e-03)
INFO:root:[324,   116] loss: 8.797987e-02 masks: 21.2 17.5 [wd: 3.00e-01] [lr: 3.22e-04] [mem: 7.73e+03] (215.0 ms)
INFO:root:[324,   116] grad_stats: [1.13e-03 8.42e-04] (1.74e-04, 1.43e-02)
INFO:root:[324,   232] loss: 8.642591e-02 masks: 21.9 17.2 [wd: 3.01e-01] [lr: 3.20e-04] [mem: 7.73e+03] (218.0 ms)
INFO:root:[324,   232] grad_stats: [1.60e-03 7.85e-04] (1.69e-04, 3.50e-02)
INFO:root:avg. loss 8.64259075e-02
INFO:root:time taken for epoch 0:01:04.374022
INFO:root:Epoch 325
INFO:root:[325,     0] loss: 9.136233e-02 masks: 18.0 20.0 [wd: 3.01e-01] [lr: 3.20e-04] [mem: 7.73e+03] (207.8 ms)
INFO:root:[325,     0] grad_stats: [1.62e-03 5.80e-04] (1.32e-04, 1.88e-02)
INFO:root:[325,   116] loss: 8.448626e-02 masks: 22.8 16.9 [wd: 3.01e-01] [lr: 3.19e-04] [mem: 7.73e+03] (220.1 ms)
INFO:root:[325,   116] grad_stats: [1.30e-03 6.40e-04] (1.51e-04, 5.21e-02)
INFO:root:[325,   232] loss: 8.522250e-02 masks: 22.4 17.0 [wd: 3.02e-01] [lr: 3.17e-04] [mem: 7.73e+03] (219.6 ms)
INFO:root:[325,   232] grad_stats: [1.46e-03 5.88e-04] (1.33e-04, 4.62e-02)
INFO:root:avg. loss 8.52224999e-02
INFO:root:time taken for epoch 0:01:04.741710
INFO:root:Epoch 326
INFO:root:[326,     0] loss: 8.964340e-02 masks: 20.0 16.0 [wd: 3.02e-01] [lr: 3.17e-04] [mem: 7.73e+03] (204.0 ms)
INFO:root:[326,     0] grad_stats: [2.44e-03 7.08e-04] (1.49e-04, 1.75e-02)
INFO:root:[326,   116] loss: 8.604942e-02 masks: 22.0 17.1 [wd: 3.02e-01] [lr: 3.16e-04] [mem: 7.73e+03] (217.4 ms)
INFO:root:[326,   116] grad_stats: [1.29e-03 6.12e-04] (1.50e-04, 1.70e-02)
INFO:root:[326,   232] loss: 8.519628e-02 masks: 22.4 17.1 [wd: 3.03e-01] [lr: 3.14e-04] [mem: 7.73e+03] (219.6 ms)
INFO:root:[326,   232] grad_stats: [2.12e-03 5.01e-04] (1.40e-04, 3.64e-02)
INFO:root:avg. loss 8.51962767e-02
INFO:root:time taken for epoch 0:01:04.775406
INFO:root:Epoch 327
INFO:root:[327,     0] loss: 8.199858e-02 masks: 21.0 16.0 [wd: 3.03e-01] [lr: 3.14e-04] [mem: 7.73e+03] (210.8 ms)
INFO:root:[327,     0] grad_stats: [2.19e-03 5.54e-04] (1.53e-04, 2.71e-02)
INFO:root:[327,   116] loss: 8.433548e-02 masks: 22.6 16.9 [wd: 3.03e-01] [lr: 3.12e-04] [mem: 7.73e+03] (219.4 ms)
INFO:root:[327,   116] grad_stats: [1.72e-03 5.85e-04] (1.40e-04, 2.48e-02)
INFO:root:[327,   232] loss: 8.510053e-02 masks: 22.3 17.1 [wd: 3.04e-01] [lr: 3.11e-04] [mem: 7.73e+03] (219.3 ms)
INFO:root:[327,   232] grad_stats: [9.86e-04 3.98e-04] (1.17e-04, 1.05e-02)
INFO:root:avg. loss 8.51005315e-02
INFO:root:time taken for epoch 0:01:04.622109
INFO:root:Epoch 328
INFO:root:[328,     0] loss: 9.545083e-02 masks: 15.0 20.0 [wd: 3.04e-01] [lr: 3.11e-04] [mem: 7.73e+03] (194.0 ms)
INFO:root:[328,     0] grad_stats: [1.70e-03 8.21e-04] (2.01e-04, 2.61e-02)
INFO:root:[328,   116] loss: 8.616456e-02 masks: 22.2 17.1 [wd: 3.04e-01] [lr: 3.09e-04] [mem: 7.73e+03] (218.7 ms)
INFO:root:[328,   116] grad_stats: [2.21e-03 6.58e-04] (1.63e-04, 3.96e-02)
INFO:root:[328,   232] loss: 8.579789e-02 masks: 22.1 17.2 [wd: 3.05e-01] [lr: 3.08e-04] [mem: 7.73e+03] (218.9 ms)
INFO:root:[328,   232] grad_stats: [1.90e-03 8.81e-04] (1.72e-04, 1.65e-02)
INFO:root:avg. loss 8.57978906e-02
INFO:root:time taken for epoch 0:01:04.526896
INFO:root:Epoch 329
INFO:root:[329,     0] loss: 8.453486e-02 masks: 25.0 16.0 [wd: 3.05e-01] [lr: 3.08e-04] [mem: 7.73e+03] (223.8 ms)
INFO:root:[329,     0] grad_stats: [2.26e-03 9.90e-04] (1.68e-04, 2.78e-02)
INFO:root:[329,   116] loss: 8.570796e-02 masks: 22.2 17.0 [wd: 3.05e-01] [lr: 3.06e-04] [mem: 7.73e+03] (218.5 ms)
INFO:root:[329,   116] grad_stats: [2.33e-03 6.53e-04] (1.57e-04, 1.40e-02)
INFO:root:[329,   232] loss: 8.591835e-02 masks: 22.0 17.3 [wd: 3.06e-01] [lr: 3.05e-04] [mem: 7.73e+03] (218.7 ms)
INFO:root:[329,   232] grad_stats: [1.79e-03 5.90e-04] (1.58e-04, 3.14e-02)
INFO:root:avg. loss 8.59183463e-02
INFO:root:time taken for epoch 0:01:04.516025
INFO:root:Epoch 330
INFO:root:[330,     0] loss: 1.000455e-01 masks: 16.0 20.0 [wd: 3.06e-01] [lr: 3.05e-04] [mem: 7.73e+03] (198.7 ms)
INFO:root:[330,     0] grad_stats: [1.26e-03 8.15e-04] (1.92e-04, 2.31e-02)
INFO:root:[330,   116] loss: 8.678698e-02 masks: 21.4 17.6 [wd: 3.06e-01] [lr: 3.03e-04] [mem: 7.73e+03] (216.1 ms)
INFO:root:[330,   116] grad_stats: [2.96e-03 1.27e-03] (1.86e-04, 3.47e-02)
INFO:root:[330,   232] loss: 8.646634e-02 masks: 21.7 17.3 [wd: 3.07e-01] [lr: 3.01e-04] [mem: 7.73e+03] (217.4 ms)
INFO:root:[330,   232] grad_stats: [2.35e-03 6.48e-04] (1.99e-04, 2.71e-02)
INFO:root:avg. loss 8.64663394e-02
INFO:root:time taken for epoch 0:01:04.203158
INFO:root:Epoch 331
INFO:root:[331,     0] loss: 7.970872e-02 masks: 26.0 16.0 [wd: 3.07e-01] [lr: 3.01e-04] [mem: 7.73e+03] (229.1 ms)
INFO:root:[331,     0] grad_stats: [1.19e-03 4.97e-04] (1.45e-04, 3.57e-02)
INFO:root:[331,   116] loss: 8.476089e-02 masks: 22.3 17.2 [wd: 3.07e-01] [lr: 3.00e-04] [mem: 7.73e+03] (219.0 ms)
INFO:root:[331,   116] grad_stats: [1.19e-03 7.00e-04] (1.46e-04, 1.84e-02)
INFO:root:[331,   232] loss: 8.521997e-02 masks: 22.1 17.3 [wd: 3.08e-01] [lr: 2.98e-04] [mem: 7.73e+03] (218.9 ms)
INFO:root:[331,   232] grad_stats: [1.29e-03 6.44e-04] (1.50e-04, 9.99e-03)
INFO:root:avg. loss 8.52199743e-02
INFO:root:time taken for epoch 0:01:04.519291
INFO:root:Epoch 332
INFO:root:[332,     0] loss: 8.581838e-02 masks: 14.0 20.0 [wd: 3.08e-01] [lr: 2.98e-04] [mem: 7.73e+03] (190.7 ms)
INFO:root:[332,     0] grad_stats: [1.01e-03 9.38e-04] (1.77e-04, 1.53e-02)
INFO:root:[332,   116] loss: 8.637568e-02 masks: 21.4 17.7 [wd: 3.08e-01] [lr: 2.97e-04] [mem: 7.73e+03] (216.4 ms)
INFO:root:[332,   116] grad_stats: [1.76e-03 7.36e-04] (1.82e-04, 2.40e-02)
INFO:root:[332,   232] loss: 8.619575e-02 masks: 21.5 17.5 [wd: 3.09e-01] [lr: 2.95e-04] [mem: 7.73e+03] (217.2 ms)
INFO:root:[332,   232] grad_stats: [2.29e-03 6.05e-04] (1.54e-04, 7.09e-02)
INFO:root:avg. loss 8.61957526e-02
INFO:root:time taken for epoch 0:01:04.156286
INFO:root:Epoch 333
INFO:root:[333,     0] loss: 7.547385e-02 masks: 27.0 16.0 [wd: 3.09e-01] [lr: 2.95e-04] [mem: 7.73e+03] (234.3 ms)
INFO:root:[333,     0] grad_stats: [1.43e-03 5.84e-04] (1.66e-04, 3.30e-02)
INFO:root:[333,   116] loss: 8.582288e-02 masks: 21.6 17.4 [wd: 3.09e-01] [lr: 2.94e-04] [mem: 7.73e+03] (216.5 ms)
INFO:root:[333,   116] grad_stats: [1.33e-03 5.72e-04] (1.55e-04, 1.74e-02)
INFO:root:[333,   232] loss: 8.595225e-02 masks: 21.7 17.3 [wd: 3.10e-01] [lr: 2.92e-04] [mem: 7.73e+03] (217.6 ms)
INFO:root:[333,   232] grad_stats: [1.24e-03 8.56e-04] (1.80e-04, 5.05e-02)
INFO:root:avg. loss 8.59522455e-02
INFO:root:time taken for epoch 0:01:04.278671
INFO:root:Epoch 334
INFO:root:[334,     0] loss: 8.678764e-02 masks: 27.0 16.0 [wd: 3.10e-01] [lr: 2.92e-04] [mem: 7.73e+03] (233.4 ms)
INFO:root:[334,     0] grad_stats: [1.96e-03 5.56e-04] (1.49e-04, 1.26e-02)
INFO:root:[334,   116] loss: 8.553916e-02 masks: 21.9 17.2 [wd: 3.10e-01] [lr: 2.91e-04] [mem: 7.73e+03] (217.2 ms)
INFO:root:[334,   116] grad_stats: [2.10e-03 6.72e-04] (1.74e-04, 4.15e-02)
INFO:root:[334,   232] loss: 8.561259e-02 masks: 21.8 17.3 [wd: 3.11e-01] [lr: 2.89e-04] [mem: 7.73e+03] (217.8 ms)
INFO:root:[334,   232] grad_stats: [1.49e-03 6.37e-04] (1.77e-04, 1.63e-02)
INFO:root:avg. loss 8.56125926e-02
INFO:root:time taken for epoch 0:01:04.349615
INFO:root:Epoch 335
INFO:root:[335,     0] loss: 8.292900e-02 masks: 23.0 16.0 [wd: 3.11e-01] [lr: 2.89e-04] [mem: 7.73e+03] (215.4 ms)
INFO:root:[335,     0] grad_stats: [2.32e-03 6.70e-04] (1.43e-04, 1.32e-02)
INFO:root:[335,   116] loss: 8.614759e-02 masks: 21.7 17.4 [wd: 3.11e-01] [lr: 2.88e-04] [mem: 7.73e+03] (217.3 ms)
INFO:root:[335,   116] grad_stats: [1.09e-03 8.04e-04] (1.77e-04, 4.29e-02)
INFO:root:[335,   232] loss: 8.553755e-02 masks: 22.0 17.3 [wd: 3.12e-01] [lr: 2.86e-04] [mem: 7.73e+03] (218.5 ms)
INFO:root:[335,   232] grad_stats: [1.50e-03 5.34e-04] (1.41e-04, 2.72e-02)
INFO:root:avg. loss 8.55375527e-02
INFO:root:time taken for epoch 0:01:04.457495
INFO:root:Epoch 336
INFO:root:[336,     0] loss: 7.975630e-02 masks: 27.0 16.0 [wd: 3.12e-01] [lr: 2.86e-04] [mem: 7.73e+03] (234.1 ms)
INFO:root:[336,     0] grad_stats: [1.38e-03 5.96e-04] (1.66e-04, 2.86e-02)
INFO:root:[336,   116] loss: 8.544506e-02 masks: 22.5 17.1 [wd: 3.12e-01] [lr: 2.84e-04] [mem: 7.73e+03] (219.4 ms)
INFO:root:[336,   116] grad_stats: [2.06e-03 5.80e-04] (1.17e-04, 2.16e-02)
INFO:root:[336,   232] loss: 8.573014e-02 masks: 22.2 17.2 [wd: 3.13e-01] [lr: 2.83e-04] [mem: 7.73e+03] (219.4 ms)
INFO:root:[336,   232] grad_stats: [1.65e-03 8.41e-04] (1.47e-04, 3.85e-02)
INFO:root:avg. loss 8.57301395e-02
INFO:root:time taken for epoch 0:01:04.681303
INFO:root:Epoch 337
INFO:root:[337,     0] loss: 1.096930e-01 masks: 9.0 20.0 [wd: 3.13e-01] [lr: 2.83e-04] [mem: 7.73e+03] (170.6 ms)
INFO:root:[337,     0] grad_stats: [1.47e-03 1.05e-03] (2.43e-04, 7.05e-02)
INFO:root:[337,   116] loss: 8.519366e-02 masks: 22.3 17.0 [wd: 3.13e-01] [lr: 2.81e-04] [mem: 7.73e+03] (218.5 ms)
INFO:root:[337,   116] grad_stats: [1.71e-03 6.83e-04] (1.78e-04, 2.34e-02)
INFO:root:[337,   232] loss: 8.560904e-02 masks: 22.1 17.2 [wd: 3.14e-01] [lr: 2.80e-04] [mem: 7.73e+03] (219.1 ms)
INFO:root:[337,   232] grad_stats: [1.37e-03 1.22e-03] (1.95e-04, 2.10e-02)
INFO:root:avg. loss 8.56090369e-02
INFO:root:time taken for epoch 0:01:04.507140
INFO:root:Epoch 338
INFO:root:[338,     0] loss: 9.074248e-02 masks: 18.0 20.0 [wd: 3.14e-01] [lr: 2.80e-04] [mem: 7.73e+03] (205.0 ms)
INFO:root:[338,     0] grad_stats: [3.38e-03 5.21e-04] (1.51e-04, 1.56e-02)
INFO:root:[338,   116] loss: 8.456188e-02 masks: 23.1 16.7 [wd: 3.14e-01] [lr: 2.78e-04] [mem: 7.73e+03] (221.1 ms)
INFO:root:[338,   116] grad_stats: [1.34e-03 6.16e-04] (1.54e-04, 6.78e-02)
INFO:root:[338,   232] loss: 8.496456e-02 masks: 22.7 16.9 [wd: 3.15e-01] [lr: 2.77e-04] [mem: 7.73e+03] (220.7 ms)
INFO:root:[338,   232] grad_stats: [1.33e-03 6.08e-04] (1.47e-04, 1.37e-02)
INFO:root:avg. loss 8.49645605e-02
INFO:root:time taken for epoch 0:01:05.009926
INFO:root:Epoch 339
INFO:root:[339,     0] loss: 7.805289e-02 masks: 27.0 16.0 [wd: 3.15e-01] [lr: 2.77e-04] [mem: 7.73e+03] (234.4 ms)
INFO:root:[339,     0] grad_stats: [1.21e-03 8.91e-04] (1.54e-04, 2.21e-02)
INFO:root:[339,   116] loss: 8.541607e-02 masks: 21.9 17.3 [wd: 3.15e-01] [lr: 2.75e-04] [mem: 7.73e+03] (217.4 ms)
INFO:root:[339,   116] grad_stats: [1.45e-03 1.08e-03] (1.95e-04, 2.30e-02)
INFO:root:[339,   232] loss: 8.579782e-02 masks: 22.1 17.2 [wd: 3.15e-01] [lr: 2.74e-04] [mem: 7.73e+03] (218.6 ms)
INFO:root:[339,   232] grad_stats: [1.58e-03 8.05e-04] (1.72e-04, 6.67e-02)
INFO:root:avg. loss 8.57978187e-02
INFO:root:time taken for epoch 0:01:04.597760
INFO:root:Epoch 340
INFO:root:[340,     0] loss: 7.481570e-02 masks: 26.0 16.0 [wd: 3.15e-01] [lr: 2.74e-04] [mem: 7.73e+03] (230.1 ms)
INFO:root:[340,     0] grad_stats: [1.95e-03 6.31e-04] (1.67e-04, 1.50e-02)
INFO:root:[340,   116] loss: 8.632341e-02 masks: 21.7 17.6 [wd: 3.16e-01] [lr: 2.72e-04] [mem: 7.73e+03] (217.0 ms)
INFO:root:[340,   116] grad_stats: [9.26e-04 5.76e-04] (1.58e-04, 1.23e-02)
INFO:root:[340,   232] loss: 8.662980e-02 masks: 21.3 17.7 [wd: 3.16e-01] [lr: 2.71e-04] [mem: 7.73e+03] (216.7 ms)
INFO:root:[340,   232] grad_stats: [1.82e-03 5.67e-04] (1.50e-04, 2.08e-02)
INFO:root:avg. loss 8.66298002e-02
INFO:root:time taken for epoch 0:01:03.927355
INFO:root:Epoch 341
INFO:root:[341,     0] loss: 8.789288e-02 masks: 20.0 20.0 [wd: 3.16e-01] [lr: 2.71e-04] [mem: 7.73e+03] (214.7 ms)
INFO:root:[341,     0] grad_stats: [1.33e-03 8.23e-04] (1.53e-04, 2.24e-02)
INFO:root:[341,   116] loss: 8.543883e-02 masks: 22.2 17.2 [wd: 3.17e-01] [lr: 2.69e-04] [mem: 7.73e+03] (218.5 ms)
INFO:root:[341,   116] grad_stats: [1.26e-03 1.32e-03] (2.47e-04, 1.92e-02)
INFO:root:[341,   232] loss: 8.496663e-02 masks: 22.3 17.1 [wd: 3.17e-01] [lr: 2.68e-04] [mem: 7.73e+03] (219.5 ms)
INFO:root:[341,   232] grad_stats: [1.75e-03 5.61e-04] (1.65e-04, 3.66e-02)
INFO:root:avg. loss 8.49666304e-02
INFO:root:time taken for epoch 0:01:04.733745
INFO:root:Epoch 342
INFO:root:[342,     0] loss: 9.700088e-02 masks: 18.0 20.0 [wd: 3.17e-01] [lr: 2.68e-04] [mem: 7.73e+03] (207.2 ms)
INFO:root:[342,     0] grad_stats: [1.52e-03 7.38e-04] (1.67e-04, 1.59e-02)
INFO:root:[342,   116] loss: 8.580620e-02 masks: 22.0 17.3 [wd: 3.18e-01] [lr: 2.66e-04] [mem: 7.73e+03] (217.8 ms)
INFO:root:[342,   116] grad_stats: [7.39e-04 5.54e-04] (1.57e-04, 1.17e-02)
INFO:root:[342,   232] loss: 8.593501e-02 masks: 21.9 17.2 [wd: 3.18e-01] [lr: 2.65e-04] [mem: 7.73e+03] (218.1 ms)
INFO:root:[342,   232] grad_stats: [1.81e-03 9.45e-04] (2.10e-04, 1.57e-02)
INFO:root:avg. loss 8.59350114e-02
INFO:root:time taken for epoch 0:01:04.350238
INFO:root:Epoch 343
INFO:root:[343,     0] loss: 8.545329e-02 masks: 20.0 16.0 [wd: 3.18e-01] [lr: 2.65e-04] [mem: 7.73e+03] (206.6 ms)
INFO:root:[343,     0] grad_stats: [2.99e-03 7.60e-04] (1.68e-04, 2.40e-02)
INFO:root:[343,   116] loss: 8.498105e-02 masks: 22.5 17.1 [wd: 3.19e-01] [lr: 2.63e-04] [mem: 7.73e+03] (219.3 ms)
INFO:root:[343,   116] grad_stats: [1.11e-03 7.53e-04] (1.67e-04, 2.56e-02)
INFO:root:[343,   232] loss: 8.537463e-02 masks: 22.3 17.2 [wd: 3.19e-01] [lr: 2.62e-04] [mem: 7.73e+03] (219.2 ms)
INFO:root:[343,   232] grad_stats: [1.44e-03 9.93e-04] (2.06e-04, 1.55e-02)
INFO:root:avg. loss 8.53746311e-02
INFO:root:time taken for epoch 0:01:04.632019
INFO:root:Epoch 344
INFO:root:[344,     0] loss: 7.119809e-02 masks: 35.0 12.0 [wd: 3.19e-01] [lr: 2.62e-04] [mem: 7.73e+03] (254.5 ms)
INFO:root:[344,     0] grad_stats: [1.85e-03 6.63e-04] (1.83e-04, 2.42e-02)
INFO:root:[344,   116] loss: 8.478341e-02 masks: 22.5 17.0 [wd: 3.20e-01] [lr: 2.60e-04] [mem: 7.73e+03] (219.3 ms)
INFO:root:[344,   116] grad_stats: [2.18e-03 5.60e-04] (1.55e-04, 3.78e-02)
INFO:root:[344,   232] loss: 8.581778e-02 masks: 22.1 17.2 [wd: 3.20e-01] [lr: 2.59e-04] [mem: 7.73e+03] (218.8 ms)
INFO:root:[344,   232] grad_stats: [2.64e-03 8.67e-04] (2.03e-04, 2.14e-02)
INFO:root:avg. loss 8.58177841e-02
INFO:root:time taken for epoch 0:01:04.585673
INFO:root:Epoch 345
INFO:root:[345,     0] loss: 8.657564e-02 masks: 18.0 20.0 [wd: 3.20e-01] [lr: 2.59e-04] [mem: 7.73e+03] (206.5 ms)
INFO:root:[345,     0] grad_stats: [1.62e-03 7.50e-04] (1.76e-04, 4.32e-02)
INFO:root:[345,   116] loss: 8.563740e-02 masks: 21.7 17.4 [wd: 3.21e-01] [lr: 2.57e-04] [mem: 7.73e+03] (216.8 ms)
INFO:root:[345,   116] grad_stats: [2.72e-03 8.02e-04] (2.16e-04, 2.92e-02)
INFO:root:[345,   232] loss: 8.638077e-02 masks: 21.8 17.4 [wd: 3.21e-01] [lr: 2.56e-04] [mem: 7.73e+03] (218.1 ms)
INFO:root:[345,   232] grad_stats: [1.31e-03 6.01e-04] (2.03e-04, 2.89e-02)
INFO:root:avg. loss 8.63807708e-02
INFO:root:time taken for epoch 0:01:04.252521
INFO:root:Epoch 346
INFO:root:[346,     0] loss: 9.661587e-02 masks: 17.0 20.0 [wd: 3.21e-01] [lr: 2.56e-04] [mem: 7.73e+03] (202.8 ms)
INFO:root:[346,     0] grad_stats: [1.95e-03 1.11e-03] (2.42e-04, 2.09e-02)
INFO:root:[346,   116] loss: 8.588648e-02 masks: 22.0 17.0 [wd: 3.22e-01] [lr: 2.54e-04] [mem: 7.73e+03] (217.1 ms)
INFO:root:[346,   116] grad_stats: [3.14e-03 1.02e-03] (2.06e-04, 1.82e-02)
INFO:root:[346,   232] loss: 8.613426e-02 masks: 21.9 17.2 [wd: 3.22e-01] [lr: 2.53e-04] [mem: 7.73e+03] (218.0 ms)
INFO:root:[346,   232] grad_stats: [1.39e-03 6.95e-04] (1.64e-04, 1.52e-02)
INFO:root:avg. loss 8.61342646e-02
INFO:root:time taken for epoch 0:01:04.345292
INFO:root:Epoch 347
INFO:root:[347,     0] loss: 8.489676e-02 masks: 16.0 20.0 [wd: 3.22e-01] [lr: 2.53e-04] [mem: 7.73e+03] (199.0 ms)
INFO:root:[347,     0] grad_stats: [1.38e-03 9.88e-04] (2.04e-04, 1.89e-02)
INFO:root:[347,   116] loss: 8.636641e-02 masks: 21.4 17.5 [wd: 3.23e-01] [lr: 2.51e-04] [mem: 7.73e+03] (215.9 ms)
INFO:root:[347,   116] grad_stats: [2.19e-03 7.07e-04] (2.05e-04, 1.97e-02)
INFO:root:[347,   232] loss: 8.645547e-02 masks: 21.6 17.3 [wd: 3.23e-01] [lr: 2.50e-04] [mem: 7.73e+03] (217.0 ms)
INFO:root:[347,   232] grad_stats: [1.16e-03 5.47e-04] (1.61e-04, 1.30e-02)
INFO:root:avg. loss 8.64554710e-02
INFO:root:time taken for epoch 0:01:04.116611
INFO:root:Epoch 348
INFO:root:[348,     0] loss: 8.518299e-02 masks: 26.0 16.0 [wd: 3.23e-01] [lr: 2.50e-04] [mem: 7.73e+03] (230.4 ms)
INFO:root:[348,     0] grad_stats: [3.16e-03 7.25e-04] (1.94e-04, 3.82e-02)
INFO:root:[348,   116] loss: 8.652444e-02 masks: 21.8 17.4 [wd: 3.24e-01] [lr: 2.48e-04] [mem: 7.73e+03] (217.1 ms)
INFO:root:[348,   116] grad_stats: [9.72e-04 5.80e-04] (1.58e-04, 1.43e-02)
INFO:root:[348,   232] loss: 8.672012e-02 masks: 21.4 17.5 [wd: 3.24e-01] [lr: 2.47e-04] [mem: 7.73e+03] (216.6 ms)
INFO:root:[348,   232] grad_stats: [2.86e-03 6.81e-04] (1.78e-04, 1.95e-02)
INFO:root:avg. loss 8.67201208e-02
INFO:root:time taken for epoch 0:01:03.976910
INFO:root:Epoch 349
INFO:root:[349,     0] loss: 8.415513e-02 masks: 21.0 16.0 [wd: 3.24e-01] [lr: 2.47e-04] [mem: 7.73e+03] (207.1 ms)
INFO:root:[349,     0] grad_stats: [4.25e-03 6.20e-04] (1.76e-04, 3.52e-02)
INFO:root:[349,   116] loss: 8.658638e-02 masks: 21.8 17.4 [wd: 3.24e-01] [lr: 2.45e-04] [mem: 7.73e+03] (217.2 ms)
INFO:root:[349,   116] grad_stats: [2.57e-03 7.93e-04] (1.97e-04, 1.77e-02)
INFO:root:[349,   232] loss: 8.581983e-02 masks: 22.3 17.2 [wd: 3.25e-01] [lr: 2.44e-04] [mem: 7.73e+03] (219.2 ms)
INFO:root:[349,   232] grad_stats: [1.09e-03 6.98e-04] (1.94e-04, 1.86e-02)
INFO:root:avg. loss 8.58198305e-02
INFO:root:time taken for epoch 0:01:04.652498
INFO:root:Epoch 350
INFO:root:[350,     0] loss: 9.713225e-02 masks: 16.0 20.0 [wd: 3.25e-01] [lr: 2.44e-04] [mem: 7.73e+03] (198.3 ms)
INFO:root:[350,     0] grad_stats: [2.50e-03 9.82e-04] (2.11e-04, 2.08e-02)
INFO:root:[350,   116] loss: 8.692061e-02 masks: 21.8 17.4 [wd: 3.25e-01] [lr: 2.42e-04] [mem: 7.73e+03] (217.2 ms)
INFO:root:[350,   116] grad_stats: [1.93e-03 6.78e-04] (1.85e-04, 8.83e-02)
INFO:root:[350,   232] loss: 8.643540e-02 masks: 22.0 17.3 [wd: 3.26e-01] [lr: 2.41e-04] [mem: 7.73e+03] (218.6 ms)
INFO:root:[350,   232] grad_stats: [3.20e-03 5.94e-04] (1.84e-04, 2.82e-02)
INFO:root:avg. loss 8.64353988e-02
INFO:root:time taken for epoch 0:01:04.463705
INFO:root:Epoch 351
INFO:root:[351,     0] loss: 8.750149e-02 masks: 24.0 16.0 [wd: 3.26e-01] [lr: 2.41e-04] [mem: 7.73e+03] (219.6 ms)
INFO:root:[351,     0] grad_stats: [2.91e-03 7.79e-04] (2.07e-04, 6.62e-02)
INFO:root:[351,   116] loss: 8.561120e-02 masks: 22.5 17.2 [wd: 3.26e-01] [lr: 2.40e-04] [mem: 7.73e+03] (219.6 ms)
INFO:root:[351,   116] grad_stats: [1.09e-03 7.98e-04] (1.67e-04, 2.32e-02)
INFO:root:[351,   232] loss: 8.633528e-02 masks: 21.9 17.3 [wd: 3.27e-01] [lr: 2.38e-04] [mem: 7.73e+03] (218.0 ms)
INFO:root:[351,   232] grad_stats: [2.76e-03 7.01e-04] (2.06e-04, 2.21e-02)
INFO:root:avg. loss 8.63352849e-02
INFO:root:time taken for epoch 0:01:04.392573
INFO:root:Epoch 352
INFO:root:[352,     0] loss: 9.526942e-02 masks: 21.0 20.0 [wd: 3.27e-01] [lr: 2.38e-04] [mem: 7.73e+03] (219.3 ms)
INFO:root:[352,     0] grad_stats: [2.85e-03 8.84e-04] (2.20e-04, 6.05e-02)
INFO:root:[352,   116] loss: 8.570262e-02 masks: 22.1 17.4 [wd: 3.27e-01] [lr: 2.37e-04] [mem: 7.73e+03] (218.4 ms)
INFO:root:[352,   116] grad_stats: [1.36e-03 7.36e-04] (1.88e-04, 1.67e-02)
INFO:root:[352,   232] loss: 8.556500e-02 masks: 22.2 17.3 [wd: 3.28e-01] [lr: 2.35e-04] [mem: 7.73e+03] (219.3 ms)
INFO:root:[352,   232] grad_stats: [1.16e-03 6.47e-04] (1.86e-04, 1.85e-02)
INFO:root:avg. loss 8.55649957e-02
INFO:root:time taken for epoch 0:01:04.532613
INFO:root:Epoch 353
INFO:root:[353,     0] loss: 7.300095e-02 masks: 33.0 12.0 [wd: 3.28e-01] [lr: 2.35e-04] [mem: 7.73e+03] (246.0 ms)
INFO:root:[353,     0] grad_stats: [1.10e-03 6.31e-04] (1.78e-04, 2.52e-02)
INFO:root:[353,   116] loss: 8.667733e-02 masks: 21.9 17.3 [wd: 3.28e-01] [lr: 2.34e-04] [mem: 7.73e+03] (217.4 ms)
INFO:root:[353,   116] grad_stats: [1.02e-03 9.50e-04] (1.83e-04, 2.15e-02)
INFO:root:[353,   232] loss: 8.575841e-02 masks: 22.0 17.3 [wd: 3.29e-01] [lr: 2.32e-04] [mem: 7.73e+03] (218.6 ms)
INFO:root:[353,   232] grad_stats: [1.94e-03 7.84e-04] (2.03e-04, 2.06e-02)
INFO:root:avg. loss 8.57584085e-02
INFO:root:time taken for epoch 0:01:04.443244
INFO:root:Epoch 354
INFO:root:[354,     0] loss: 8.476495e-02 masks: 22.0 20.0 [wd: 3.29e-01] [lr: 2.32e-04] [mem: 7.73e+03] (225.2 ms)
INFO:root:[354,     0] grad_stats: [1.22e-03 7.48e-04] (1.68e-04, 1.35e-02)
INFO:root:[354,   116] loss: 8.779056e-02 masks: 20.8 17.7 [wd: 3.29e-01] [lr: 2.31e-04] [mem: 7.73e+03] (213.8 ms)
INFO:root:[354,   116] grad_stats: [1.72e-03 7.79e-04] (1.95e-04, 3.18e-02)
INFO:root:[354,   232] loss: 8.727685e-02 masks: 21.1 17.6 [wd: 3.29e-01] [lr: 2.29e-04] [mem: 7.73e+03] (215.6 ms)
INFO:root:[354,   232] grad_stats: [1.34e-03 9.25e-04] (1.96e-04, 2.24e-02)
INFO:root:avg. loss 8.72768484e-02
INFO:root:time taken for epoch 0:01:03.777567
INFO:root:Epoch 355
INFO:root:[355,     0] loss: 9.452897e-02 masks: 14.0 20.0 [wd: 3.29e-01] [lr: 2.29e-04] [mem: 7.73e+03] (191.3 ms)
INFO:root:[355,     0] grad_stats: [2.10e-03 8.05e-04] (2.07e-04, 1.90e-02)
INFO:root:[355,   116] loss: 8.566151e-02 masks: 22.4 17.1 [wd: 3.30e-01] [lr: 2.28e-04] [mem: 7.73e+03] (219.0 ms)
INFO:root:[355,   116] grad_stats: [1.08e-03 9.05e-04] (2.10e-04, 2.37e-02)
INFO:root:[355,   232] loss: 8.614650e-02 masks: 22.1 17.3 [wd: 3.30e-01] [lr: 2.27e-04] [mem: 7.73e+03] (218.7 ms)
INFO:root:[355,   232] grad_stats: [1.12e-03 6.60e-04] (1.76e-04, 2.11e-02)
INFO:root:avg. loss 8.61464995e-02
INFO:root:time taken for epoch 0:01:04.516329
INFO:root:Epoch 356
INFO:root:[356,     0] loss: 8.014084e-02 masks: 24.0 16.0 [wd: 3.30e-01] [lr: 2.27e-04] [mem: 7.73e+03] (220.3 ms)
INFO:root:[356,     0] grad_stats: [1.66e-03 5.52e-04] (1.61e-04, 1.55e-02)
INFO:root:[356,   116] loss: 8.579546e-02 masks: 22.0 17.4 [wd: 3.31e-01] [lr: 2.25e-04] [mem: 7.73e+03] (218.3 ms)
INFO:root:[356,   116] grad_stats: [1.48e-03 7.31e-04] (1.89e-04, 3.20e-02)
INFO:root:[356,   232] loss: 8.562314e-02 masks: 22.3 17.3 [wd: 3.31e-01] [lr: 2.24e-04] [mem: 7.73e+03] (219.7 ms)
INFO:root:[356,   232] grad_stats: [1.97e-03 1.09e-03] (2.04e-04, 1.66e-02)
INFO:root:avg. loss 8.56231373e-02
INFO:root:time taken for epoch 0:01:04.709268
INFO:root:Epoch 357
INFO:root:[357,     0] loss: 9.418630e-02 masks: 21.0 16.0 [wd: 3.31e-01] [lr: 2.24e-04] [mem: 7.73e+03] (209.6 ms)
INFO:root:[357,     0] grad_stats: [2.53e-03 8.53e-04] (1.93e-04, 1.48e-02)
INFO:root:[357,   116] loss: 8.639112e-02 masks: 22.1 17.2 [wd: 3.32e-01] [lr: 2.22e-04] [mem: 7.73e+03] (217.8 ms)
INFO:root:[357,   116] grad_stats: [1.53e-03 7.04e-04] (2.02e-04, 1.62e-02)
INFO:root:[357,   232] loss: 8.607447e-02 masks: 22.3 17.1 [wd: 3.32e-01] [lr: 2.21e-04] [mem: 7.73e+03] (219.1 ms)
INFO:root:[357,   232] grad_stats: [1.80e-03 7.57e-04] (2.01e-04, 2.57e-02)
INFO:root:avg. loss 8.60744713e-02
INFO:root:time taken for epoch 0:01:04.601187
INFO:root:Epoch 358
INFO:root:[358,     0] loss: 9.747673e-02 masks: 20.0 16.0 [wd: 3.32e-01] [lr: 2.21e-04] [mem: 7.73e+03] (205.3 ms)
INFO:root:[358,     0] grad_stats: [2.83e-03 7.60e-04] (2.24e-04, 1.92e-02)
INFO:root:[358,   116] loss: 8.666585e-02 masks: 21.7 17.3 [wd: 3.33e-01] [lr: 2.19e-04] [mem: 7.73e+03] (216.6 ms)
INFO:root:[358,   116] grad_stats: [1.13e-03 7.07e-04] (1.88e-04, 2.47e-02)
INFO:root:[358,   232] loss: 8.622425e-02 masks: 21.8 17.3 [wd: 3.33e-01] [lr: 2.18e-04] [mem: 7.73e+03] (217.8 ms)
INFO:root:[358,   232] grad_stats: [9.96e-04 6.53e-04] (2.42e-04, 1.85e-02)
INFO:root:avg. loss 8.62242513e-02
INFO:root:time taken for epoch 0:01:05.080070
INFO:root:Epoch 359
INFO:root:[359,     0] loss: 9.317505e-02 masks: 16.0 20.0 [wd: 3.33e-01] [lr: 2.18e-04] [mem: 7.73e+03] (199.5 ms)
INFO:root:[359,     0] grad_stats: [1.06e-03 8.17e-04] (1.86e-04, 1.43e-02)
INFO:root:[359,   116] loss: 8.641663e-02 masks: 21.9 17.1 [wd: 3.33e-01] [lr: 2.17e-04] [mem: 7.73e+03] (216.9 ms)
INFO:root:[359,   116] grad_stats: [1.55e-03 7.71e-04] (2.34e-04, 3.08e-02)
INFO:root:[359,   232] loss: 8.635243e-02 masks: 21.9 17.3 [wd: 3.34e-01] [lr: 2.15e-04] [mem: 7.73e+03] (217.8 ms)
INFO:root:[359,   232] grad_stats: [2.29e-03 7.74e-04] (1.95e-04, 2.75e-02)
INFO:root:avg. loss 8.63524337e-02
INFO:root:time taken for epoch 0:01:04.312400
INFO:root:Epoch 360
INFO:root:[360,     0] loss: 8.692246e-02 masks: 19.0 20.0 [wd: 3.34e-01] [lr: 2.15e-04] [mem: 7.73e+03] (212.1 ms)
INFO:root:[360,     0] grad_stats: [1.26e-03 9.34e-04] (2.34e-04, 3.24e-02)
INFO:root:[360,   116] loss: 8.553925e-02 masks: 22.4 17.3 [wd: 3.34e-01] [lr: 2.14e-04] [mem: 7.73e+03] (219.2 ms)
INFO:root:[360,   116] grad_stats: [2.84e-03 9.61e-04] (1.87e-04, 5.42e-02)
INFO:root:[360,   232] loss: 8.621133e-02 masks: 21.9 17.4 [wd: 3.35e-01] [lr: 2.12e-04] [mem: 7.73e+03] (217.9 ms)
INFO:root:[360,   232] grad_stats: [1.43e-03 5.76e-04] (1.57e-04, 3.45e-02)
INFO:root:avg. loss 8.62113255e-02
INFO:root:time taken for epoch 0:01:04.265385
INFO:root:Epoch 361
INFO:root:[361,     0] loss: 7.921838e-02 masks: 35.0 12.0 [wd: 3.35e-01] [lr: 2.12e-04] [mem: 7.73e+03] (254.4 ms)
INFO:root:[361,     0] grad_stats: [1.66e-03 8.63e-04] (2.37e-04, 2.96e-02)
INFO:root:[361,   116] loss: 8.563765e-02 masks: 22.5 17.2 [wd: 3.35e-01] [lr: 2.11e-04] [mem: 7.73e+03] (219.8 ms)
INFO:root:[361,   116] grad_stats: [1.28e-03 8.98e-04] (2.62e-04, 5.02e-02)
INFO:root:[361,   232] loss: 8.521525e-02 masks: 22.7 17.0 [wd: 3.36e-01] [lr: 2.10e-04] [mem: 7.73e+03] (220.6 ms)
INFO:root:[361,   232] grad_stats: [1.76e-03 8.88e-04] (2.19e-04, 1.76e-02)
INFO:root:avg. loss 8.52152468e-02
INFO:root:time taken for epoch 0:01:04.865701
INFO:root:Epoch 362
INFO:root:[362,     0] loss: 8.407249e-02 masks: 21.0 16.0 [wd: 3.36e-01] [lr: 2.10e-04] [mem: 7.73e+03] (208.0 ms)
INFO:root:[362,     0] grad_stats: [1.06e-03 1.13e-03] (2.12e-04, 2.26e-02)
INFO:root:[362,   116] loss: 8.788512e-02 masks: 20.6 17.6 [wd: 3.36e-01] [lr: 2.08e-04] [mem: 7.73e+03] (213.0 ms)
INFO:root:[362,   116] grad_stats: [2.01e-03 7.51e-04] (1.80e-04, 2.76e-02)
INFO:root:[362,   232] loss: 8.683201e-02 masks: 21.2 17.4 [wd: 3.36e-01] [lr: 2.07e-04] [mem: 7.73e+03] (215.8 ms)
INFO:root:[362,   232] grad_stats: [2.23e-03 7.74e-04] (2.18e-04, 2.04e-02)
INFO:root:avg. loss 8.68320129e-02
INFO:root:time taken for epoch 0:01:03.771435
INFO:root:Epoch 363
INFO:root:[363,     0] loss: 9.782613e-02 masks: 14.0 20.0 [wd: 3.36e-01] [lr: 2.07e-04] [mem: 7.73e+03] (189.2 ms)
INFO:root:[363,     0] grad_stats: [1.53e-03 9.13e-04] (2.48e-04, 6.88e-02)
INFO:root:[363,   116] loss: 8.755638e-02 masks: 21.2 17.7 [wd: 3.37e-01] [lr: 2.06e-04] [mem: 7.73e+03] (215.7 ms)
INFO:root:[363,   116] grad_stats: [3.02e-03 6.82e-04] (2.06e-04, 4.58e-02)
INFO:root:[363,   232] loss: 8.676585e-02 masks: 21.4 17.6 [wd: 3.37e-01] [lr: 2.04e-04] [mem: 7.73e+03] (217.0 ms)
INFO:root:[363,   232] grad_stats: [1.38e-03 7.13e-04] (2.09e-04, 3.53e-02)
INFO:root:avg. loss 8.67658528e-02
INFO:root:time taken for epoch 0:01:04.050619
INFO:root:Epoch 364
INFO:root:[364,     0] loss: 8.752783e-02 masks: 19.0 20.0 [wd: 3.37e-01] [lr: 2.04e-04] [mem: 7.73e+03] (211.9 ms)
INFO:root:[364,     0] grad_stats: [1.91e-03 1.11e-03] (2.33e-04, 2.57e-02)
INFO:root:[364,   116] loss: 8.709874e-02 masks: 21.1 17.6 [wd: 3.38e-01] [lr: 2.03e-04] [mem: 7.73e+03] (215.0 ms)
INFO:root:[364,   116] grad_stats: [1.43e-03 6.77e-04] (1.79e-04, 4.33e-02)
INFO:root:[364,   232] loss: 8.707449e-02 masks: 21.2 17.5 [wd: 3.38e-01] [lr: 2.01e-04] [mem: 7.73e+03] (215.8 ms)
INFO:root:[364,   232] grad_stats: [1.46e-03 8.35e-04] (2.03e-04, 8.33e-02)
INFO:root:avg. loss 8.70744879e-02
INFO:root:time taken for epoch 0:01:03.758882
INFO:root:Epoch 365
INFO:root:[365,     0] loss: 8.493971e-02 masks: 23.0 20.0 [wd: 3.38e-01] [lr: 2.01e-04] [mem: 7.73e+03] (226.4 ms)
INFO:root:[365,     0] grad_stats: [1.55e-03 8.98e-04] (1.91e-04, 4.83e-02)
INFO:root:[365,   116] loss: 8.577654e-02 masks: 22.2 17.3 [wd: 3.39e-01] [lr: 2.00e-04] [mem: 7.73e+03] (218.5 ms)
INFO:root:[365,   116] grad_stats: [1.80e-03 7.95e-04] (2.01e-04, 3.29e-02)
INFO:root:[365,   232] loss: 8.558895e-02 masks: 22.0 17.3 [wd: 3.39e-01] [lr: 1.99e-04] [mem: 7.73e+03] (218.6 ms)
INFO:root:[365,   232] grad_stats: [1.79e-03 1.08e-03] (2.32e-04, 1.72e-02)
INFO:root:avg. loss 8.55889508e-02
INFO:root:time taken for epoch 0:01:04.493634
INFO:root:Epoch 366
INFO:root:[366,     0] loss: 7.633519e-02 masks: 25.0 16.0 [wd: 3.39e-01] [lr: 1.99e-04] [mem: 7.73e+03] (225.4 ms)
INFO:root:[366,     0] grad_stats: [3.34e-03 6.44e-04] (1.80e-04, 1.45e-02)
INFO:root:[366,   116] loss: 8.595838e-02 masks: 21.9 17.3 [wd: 3.39e-01] [lr: 1.97e-04] [mem: 7.73e+03] (217.5 ms)
INFO:root:[366,   116] grad_stats: [2.28e-03 1.20e-03] (2.25e-04, 4.35e-02)
INFO:root:[366,   232] loss: 8.575060e-02 masks: 22.1 17.3 [wd: 3.40e-01] [lr: 1.96e-04] [mem: 7.73e+03] (218.8 ms)
INFO:root:[366,   232] grad_stats: [2.17e-03 8.36e-04] (2.05e-04, 4.01e-02)
INFO:root:avg. loss 8.57505977e-02
INFO:root:time taken for epoch 0:01:04.527898
INFO:root:Epoch 367
INFO:root:[367,     0] loss: 8.446410e-02 masks: 20.0 20.0 [wd: 3.40e-01] [lr: 1.96e-04] [mem: 7.73e+03] (213.7 ms)
INFO:root:[367,     0] grad_stats: [2.98e-03 7.88e-04] (2.11e-04, 2.00e-02)
INFO:root:[367,   116] loss: 8.702711e-02 masks: 21.8 17.3 [wd: 3.40e-01] [lr: 1.95e-04] [mem: 7.73e+03] (217.1 ms)
INFO:root:[367,   116] grad_stats: [3.88e-03 9.67e-04] (2.41e-04, 4.08e-02)
INFO:root:[367,   232] loss: 8.678871e-02 masks: 21.5 17.4 [wd: 3.41e-01] [lr: 1.93e-04] [mem: 7.73e+03] (216.8 ms)
INFO:root:[367,   232] grad_stats: [2.40e-03 8.05e-04] (2.27e-04, 4.49e-02)
INFO:root:avg. loss 8.67887099e-02
INFO:root:time taken for epoch 0:01:04.139431
INFO:root:Epoch 368
INFO:root:[368,     0] loss: 6.774141e-02 masks: 27.0 16.0 [wd: 3.41e-01] [lr: 1.93e-04] [mem: 7.73e+03] (234.3 ms)
INFO:root:[368,     0] grad_stats: [1.61e-03 7.90e-04] (1.80e-04, 1.99e-02)
INFO:root:[368,   116] loss: 8.582110e-02 masks: 22.3 17.1 [wd: 3.41e-01] [lr: 1.92e-04] [mem: 7.73e+03] (218.6 ms)
INFO:root:[368,   116] grad_stats: [1.90e-03 9.65e-04] (2.62e-04, 3.29e-02)
INFO:root:[368,   232] loss: 8.581204e-02 masks: 22.4 17.0 [wd: 3.42e-01] [lr: 1.91e-04] [mem: 7.73e+03] (219.3 ms)
INFO:root:[368,   232] grad_stats: [9.96e-04 6.44e-04] (1.70e-04, 2.08e-02)
INFO:root:avg. loss 8.58120422e-02
INFO:root:time taken for epoch 0:01:04.630515
INFO:root:Epoch 369
INFO:root:[369,     0] loss: 6.876914e-02 masks: 35.0 12.0 [wd: 3.42e-01] [lr: 1.91e-04] [mem: 7.73e+03] (254.3 ms)
INFO:root:[369,     0] grad_stats: [1.35e-03 6.05e-04] (1.62e-04, 4.71e-02)
INFO:root:[369,   116] loss: 8.556189e-02 masks: 22.3 17.4 [wd: 3.42e-01] [lr: 1.89e-04] [mem: 7.73e+03] (219.3 ms)
INFO:root:[369,   116] grad_stats: [8.63e-04 8.66e-04] (1.89e-04, 3.07e-02)
INFO:root:[369,   232] loss: 8.624133e-02 masks: 21.9 17.4 [wd: 3.42e-01] [lr: 1.88e-04] [mem: 7.73e+03] (218.6 ms)
INFO:root:[369,   232] grad_stats: [1.51e-03 9.52e-04] (2.28e-04, 2.23e-02)
INFO:root:avg. loss 8.62413284e-02
INFO:root:time taken for epoch 0:01:04.492077
INFO:root:Epoch 370
INFO:root:[370,     0] loss: 9.359057e-02 masks: 20.0 20.0 [wd: 3.42e-01] [lr: 1.88e-04] [mem: 7.73e+03] (212.8 ms)
INFO:root:[370,     0] grad_stats: [1.63e-03 9.01e-04] (2.06e-04, 1.83e-02)
INFO:root:[370,   116] loss: 8.576217e-02 masks: 22.4 16.9 [wd: 3.43e-01] [lr: 1.87e-04] [mem: 7.73e+03] (218.4 ms)
INFO:root:[370,   116] grad_stats: [1.17e-03 7.69e-04] (2.26e-04, 2.82e-02)
INFO:root:[370,   232] loss: 8.581699e-02 masks: 22.3 17.1 [wd: 3.43e-01] [lr: 1.85e-04] [mem: 7.73e+03] (219.1 ms)
INFO:root:[370,   232] grad_stats: [1.41e-03 7.74e-04] (2.08e-04, 3.60e-02)
INFO:root:avg. loss 8.58169894e-02
INFO:root:time taken for epoch 0:01:04.499494
INFO:root:Epoch 371
INFO:root:[371,     0] loss: 9.832472e-02 masks: 19.0 20.0 [wd: 3.43e-01] [lr: 1.85e-04] [mem: 7.73e+03] (211.7 ms)
INFO:root:[371,     0] grad_stats: [1.65e-03 1.03e-03] (2.14e-04, 3.07e-02)
INFO:root:[371,   116] loss: 8.532626e-02 masks: 22.4 17.1 [wd: 3.44e-01] [lr: 1.84e-04] [mem: 7.73e+03] (219.0 ms)
INFO:root:[371,   116] grad_stats: [2.29e-03 8.56e-04] (2.69e-04, 4.53e-02)
INFO:root:[371,   232] loss: 8.593885e-02 masks: 22.1 17.2 [wd: 3.44e-01] [lr: 1.83e-04] [mem: 7.73e+03] (218.8 ms)
INFO:root:[371,   232] grad_stats: [1.24e-03 1.10e-03] (2.24e-04, 1.42e-02)
INFO:root:avg. loss 8.59388524e-02
INFO:root:time taken for epoch 0:01:04.564068
INFO:root:Epoch 372
INFO:root:[372,     0] loss: 8.455266e-02 masks: 24.0 16.0 [wd: 3.44e-01] [lr: 1.83e-04] [mem: 7.73e+03] (220.9 ms)
INFO:root:[372,     0] grad_stats: [1.59e-03 7.70e-04] (1.90e-04, 1.94e-02)
INFO:root:[372,   116] loss: 8.512188e-02 masks: 22.2 17.2 [wd: 3.44e-01] [lr: 1.81e-04] [mem: 7.73e+03] (218.7 ms)
INFO:root:[372,   116] grad_stats: [9.18e-04 9.67e-04] (2.18e-04, 3.30e-02)
INFO:root:[372,   232] loss: 8.592524e-02 masks: 21.9 17.3 [wd: 3.45e-01] [lr: 1.80e-04] [mem: 7.73e+03] (218.0 ms)
INFO:root:[372,   232] grad_stats: [2.47e-03 8.39e-04] (2.16e-04, 4.04e-02)
INFO:root:avg. loss 8.59252401e-02
INFO:root:time taken for epoch 0:01:04.262117
INFO:root:Epoch 373
INFO:root:[373,     0] loss: 9.141947e-02 masks: 20.0 16.0 [wd: 3.45e-01] [lr: 1.80e-04] [mem: 7.73e+03] (205.8 ms)
INFO:root:[373,     0] grad_stats: [1.00e-03 1.12e-03] (2.34e-04, 2.04e-02)
INFO:root:[373,   116] loss: 8.549761e-02 masks: 22.5 17.1 [wd: 3.45e-01] [lr: 1.79e-04] [mem: 7.73e+03] (219.4 ms)
INFO:root:[373,   116] grad_stats: [1.89e-03 8.40e-04] (2.34e-04, 1.69e-02)
INFO:root:[373,   232] loss: 8.536863e-02 masks: 22.6 16.9 [wd: 3.46e-01] [lr: 1.77e-04] [mem: 7.73e+03] (219.9 ms)
INFO:root:[373,   232] grad_stats: [1.61e-03 1.28e-03] (2.81e-04, 2.32e-02)
INFO:root:avg. loss 8.53686314e-02
INFO:root:time taken for epoch 0:01:04.792861
INFO:root:Epoch 374
INFO:root:[374,     0] loss: 9.015179e-02 masks: 17.0 20.0 [wd: 3.46e-01] [lr: 1.77e-04] [mem: 7.73e+03] (202.5 ms)
INFO:root:[374,     0] grad_stats: [1.47e-03 1.08e-03] (2.45e-04, 2.92e-02)
INFO:root:[374,   116] loss: 8.713078e-02 masks: 21.6 17.4 [wd: 3.46e-01] [lr: 1.76e-04] [mem: 7.73e+03] (216.6 ms)
INFO:root:[374,   116] grad_stats: [1.89e-03 9.64e-04] (2.45e-04, 4.13e-02)
INFO:root:[374,   232] loss: 8.740341e-02 masks: 21.3 17.5 [wd: 3.46e-01] [lr: 1.75e-04] [mem: 7.73e+03] (216.2 ms)
INFO:root:[374,   232] grad_stats: [1.19e-03 1.03e-03] (2.34e-04, 2.59e-02)
INFO:root:avg. loss 8.74034051e-02
INFO:root:time taken for epoch 0:01:03.902250
INFO:root:Epoch 375
INFO:root:[375,     0] loss: 9.766892e-02 masks: 17.0 20.0 [wd: 3.46e-01] [lr: 1.75e-04] [mem: 7.73e+03] (203.1 ms)
INFO:root:[375,     0] grad_stats: [1.79e-03 1.01e-03] (2.72e-04, 2.58e-02)
INFO:root:[375,   116] loss: 8.492570e-02 masks: 22.8 16.7 [wd: 3.47e-01] [lr: 1.74e-04] [mem: 7.73e+03] (219.6 ms)
INFO:root:[375,   116] grad_stats: [1.29e-03 7.16e-04] (2.26e-04, 5.26e-02)
INFO:root:[375,   232] loss: 8.516420e-02 masks: 22.8 16.7 [wd: 3.47e-01] [lr: 1.72e-04] [mem: 7.73e+03] (220.4 ms)
INFO:root:[375,   232] grad_stats: [1.60e-03 1.21e-03] (2.80e-04, 1.88e-02)
INFO:root:avg. loss 8.51642020e-02
INFO:root:time taken for epoch 0:01:04.938825
INFO:root:Epoch 376
INFO:root:[376,     0] loss: 8.933652e-02 masks: 25.0 16.0 [wd: 3.47e-01] [lr: 1.72e-04] [mem: 7.73e+03] (225.0 ms)
INFO:root:[376,     0] grad_stats: [1.44e-03 9.03e-04] (2.30e-04, 2.42e-02)
INFO:root:[376,   116] loss: 8.492939e-02 masks: 22.8 17.0 [wd: 3.48e-01] [lr: 1.71e-04] [mem: 7.73e+03] (220.4 ms)
INFO:root:[376,   116] grad_stats: [1.51e-03 7.68e-04] (2.09e-04, 1.87e-02)
INFO:root:[376,   232] loss: 8.584502e-02 masks: 22.3 17.2 [wd: 3.48e-01] [lr: 1.70e-04] [mem: 7.73e+03] (219.2 ms)
INFO:root:[376,   232] grad_stats: [3.85e-03 7.46e-04] (2.02e-04, 4.37e-02)
INFO:root:avg. loss 8.58450208e-02
INFO:root:time taken for epoch 0:01:04.698293
INFO:root:Epoch 377
INFO:root:[377,     0] loss: 8.671483e-02 masks: 19.0 20.0 [wd: 3.48e-01] [lr: 1.70e-04] [mem: 7.73e+03] (212.0 ms)
INFO:root:[377,     0] grad_stats: [2.17e-03 1.02e-03] (2.28e-04, 1.95e-02)
INFO:root:[377,   116] loss: 8.443713e-02 masks: 23.0 16.7 [wd: 3.48e-01] [lr: 1.68e-04] [mem: 7.73e+03] (220.4 ms)
INFO:root:[377,   116] grad_stats: [2.23e-03 1.28e-03] (2.72e-04, 2.36e-02)
INFO:root:[377,   232] loss: 8.547833e-02 masks: 22.4 17.1 [wd: 3.49e-01] [lr: 1.67e-04] [mem: 7.73e+03] (219.4 ms)
INFO:root:[377,   232] grad_stats: [1.73e-03 1.03e-03] (2.24e-04, 3.76e-02)
INFO:root:avg. loss 8.54783311e-02
INFO:root:time taken for epoch 0:01:04.649899
INFO:root:Epoch 378
INFO:root:[378,     0] loss: 9.886033e-02 masks: 15.0 20.0 [wd: 3.49e-01] [lr: 1.67e-04] [mem: 7.73e+03] (194.4 ms)
INFO:root:[378,     0] grad_stats: [1.26e-03 8.62e-04] (2.38e-04, 1.46e-02)
INFO:root:[378,   116] loss: 8.539504e-02 masks: 22.1 17.2 [wd: 3.49e-01] [lr: 1.66e-04] [mem: 7.73e+03] (218.0 ms)
INFO:root:[378,   116] grad_stats: [2.97e-03 6.92e-04] (1.96e-04, 2.06e-02)
INFO:root:[378,   232] loss: 8.570061e-02 masks: 22.2 17.2 [wd: 3.50e-01] [lr: 1.65e-04] [mem: 7.73e+03] (218.9 ms)
INFO:root:[378,   232] grad_stats: [3.36e-03 7.62e-04] (2.32e-04, 2.37e-02)
INFO:root:avg. loss 8.57006113e-02
INFO:root:time taken for epoch 0:01:04.517284
INFO:root:Epoch 379
INFO:root:[379,     0] loss: 9.134972e-02 masks: 20.0 20.0 [wd: 3.50e-01] [lr: 1.65e-04] [mem: 7.73e+03] (213.4 ms)
INFO:root:[379,     0] grad_stats: [1.61e-03 8.46e-04] (2.24e-04, 2.09e-02)
INFO:root:[379,   116] loss: 8.674218e-02 masks: 22.0 17.2 [wd: 3.50e-01] [lr: 1.63e-04] [mem: 7.73e+03] (217.5 ms)
INFO:root:[379,   116] grad_stats: [1.78e-03 1.85e-03] (2.81e-04, 1.66e-02)
INFO:root:[379,   232] loss: 8.601048e-02 masks: 22.2 17.1 [wd: 3.50e-01] [lr: 1.62e-04] [mem: 7.73e+03] (218.8 ms)
INFO:root:[379,   232] grad_stats: [3.85e-03 1.27e-03] (2.54e-04, 2.49e-02)
INFO:root:avg. loss 8.60104829e-02
INFO:root:time taken for epoch 0:01:04.528362
INFO:root:Epoch 380
INFO:root:[380,     0] loss: 9.223747e-02 masks: 20.0 20.0 [wd: 3.50e-01] [lr: 1.62e-04] [mem: 7.73e+03] (213.5 ms)
INFO:root:[380,     0] grad_stats: [2.69e-03 1.34e-03] (2.74e-04, 2.73e-02)
INFO:root:[380,   116] loss: 8.531996e-02 masks: 22.9 16.7 [wd: 3.51e-01] [lr: 1.61e-04] [mem: 7.73e+03] (219.9 ms)
INFO:root:[380,   116] grad_stats: [1.07e-03 1.06e-03] (2.34e-04, 1.60e-02)
INFO:root:[380,   232] loss: 8.606913e-02 masks: 22.5 16.9 [wd: 3.51e-01] [lr: 1.60e-04] [mem: 7.73e+03] (219.6 ms)
INFO:root:[380,   232] grad_stats: [2.25e-03 8.50e-04] (2.39e-04, 4.94e-02)
INFO:root:avg. loss 8.60691324e-02
INFO:root:time taken for epoch 0:01:04.578347
INFO:root:Epoch 381
INFO:root:[381,     0] loss: 7.184565e-02 masks: 34.0 12.0 [wd: 3.51e-01] [lr: 1.60e-04] [mem: 7.73e+03] (249.5 ms)
INFO:root:[381,     0] grad_stats: [2.02e-03 7.69e-04] (2.16e-04, 2.45e-02)
INFO:root:[381,   116] loss: 8.746446e-02 masks: 21.3 17.5 [wd: 3.52e-01] [lr: 1.58e-04] [mem: 7.73e+03] (215.6 ms)
INFO:root:[381,   116] grad_stats: [2.02e-03 7.95e-04] (2.27e-04, 1.94e-02)
INFO:root:[381,   232] loss: 8.707064e-02 masks: 21.6 17.4 [wd: 3.52e-01] [lr: 1.57e-04] [mem: 7.73e+03] (217.3 ms)
INFO:root:[381,   232] grad_stats: [3.36e-03 1.13e-03] (2.28e-04, 3.14e-02)
INFO:root:avg. loss 8.70706435e-02
INFO:root:time taken for epoch 0:01:04.155307
INFO:root:Epoch 382
INFO:root:[382,     0] loss: 8.258200e-02 masks: 29.0 16.0 [wd: 3.52e-01] [lr: 1.57e-04] [mem: 7.73e+03] (241.1 ms)
INFO:root:[382,     0] grad_stats: [1.26e-03 1.35e-03] (2.25e-04, 6.65e-02)
INFO:root:[382,   116] loss: 8.557409e-02 masks: 22.3 16.9 [wd: 3.52e-01] [lr: 1.56e-04] [mem: 7.73e+03] (218.3 ms)
INFO:root:[382,   116] grad_stats: [1.70e-03 1.04e-03] (2.49e-04, 2.67e-02)
INFO:root:[382,   232] loss: 8.607702e-02 masks: 22.1 17.2 [wd: 3.53e-01] [lr: 1.55e-04] [mem: 7.73e+03] (218.6 ms)
INFO:root:[382,   232] grad_stats: [2.05e-03 1.40e-03] (3.34e-04, 2.21e-02)
INFO:root:avg. loss 8.60770179e-02
INFO:root:time taken for epoch 0:01:04.453043
INFO:root:Epoch 383
INFO:root:[383,     0] loss: 8.263766e-02 masks: 23.0 16.0 [wd: 3.53e-01] [lr: 1.55e-04] [mem: 7.73e+03] (217.0 ms)
INFO:root:[383,     0] grad_stats: [1.50e-03 1.14e-03] (2.47e-04, 4.74e-02)
INFO:root:[383,   116] loss: 8.730998e-02 masks: 21.4 17.5 [wd: 3.53e-01] [lr: 1.53e-04] [mem: 7.73e+03] (215.9 ms)
INFO:root:[383,   116] grad_stats: [3.63e-03 8.48e-04] (2.66e-04, 3.41e-02)
INFO:root:[383,   232] loss: 8.604583e-02 masks: 22.2 17.2 [wd: 3.54e-01] [lr: 1.52e-04] [mem: 7.73e+03] (219.1 ms)
INFO:root:[383,   232] grad_stats: [2.15e-03 7.81e-04] (2.51e-04, 4.39e-02)
INFO:root:avg. loss 8.60458268e-02
INFO:root:time taken for epoch 0:01:04.488454
INFO:root:Epoch 384
INFO:root:[384,     0] loss: 8.209962e-02 masks: 24.0 16.0 [wd: 3.54e-01] [lr: 1.52e-04] [mem: 7.73e+03] (220.9 ms)
INFO:root:[384,     0] grad_stats: [1.71e-03 8.35e-04] (2.24e-04, 5.70e-02)
INFO:root:[384,   116] loss: 8.514438e-02 masks: 22.0 17.1 [wd: 3.54e-01] [lr: 1.51e-04] [mem: 7.73e+03] (217.4 ms)
INFO:root:[384,   116] grad_stats: [1.78e-03 1.18e-03] (2.94e-04, 3.74e-02)
INFO:root:[384,   232] loss: 8.591737e-02 masks: 22.1 17.1 [wd: 3.54e-01] [lr: 1.50e-04] [mem: 7.73e+03] (218.4 ms)
INFO:root:[384,   232] grad_stats: [2.16e-03 1.42e-03] (2.72e-04, 3.85e-02)
INFO:root:avg. loss 8.59173662e-02
INFO:root:time taken for epoch 0:01:04.455761
INFO:root:Epoch 385
INFO:root:[385,     0] loss: 9.279504e-02 masks: 18.0 20.0 [wd: 3.54e-01] [lr: 1.50e-04] [mem: 7.73e+03] (207.0 ms)
INFO:root:[385,     0] grad_stats: [2.25e-03 1.49e-03] (2.46e-04, 3.47e-02)
INFO:root:[385,   116] loss: 8.783465e-02 masks: 21.1 17.8 [wd: 3.55e-01] [lr: 1.49e-04] [mem: 7.73e+03] (215.2 ms)
INFO:root:[385,   116] grad_stats: [1.98e-03 6.38e-04] (1.76e-04, 1.71e-02)
INFO:root:[385,   232] loss: 8.700651e-02 masks: 21.5 17.6 [wd: 3.55e-01] [lr: 1.47e-04] [mem: 7.73e+03] (217.2 ms)
INFO:root:[385,   232] grad_stats: [1.82e-03 7.36e-04] (2.23e-04, 1.61e-02)
INFO:root:avg. loss 8.70065120e-02
INFO:root:time taken for epoch 0:01:04.146396
INFO:root:Epoch 386
INFO:root:[386,     0] loss: 9.828860e-02 masks: 14.0 20.0 [wd: 3.55e-01] [lr: 1.47e-04] [mem: 7.73e+03] (190.5 ms)
INFO:root:[386,     0] grad_stats: [1.59e-03 1.03e-03] (2.28e-04, 2.57e-02)
INFO:root:[386,   116] loss: 8.684326e-02 masks: 21.6 17.3 [wd: 3.55e-01] [lr: 1.46e-04] [mem: 7.73e+03] (216.2 ms)
INFO:root:[386,   116] grad_stats: [1.93e-03 7.39e-04] (2.37e-04, 6.96e-02)
INFO:root:[386,   232] loss: 8.635166e-02 masks: 21.9 17.3 [wd: 3.56e-01] [lr: 1.45e-04] [mem: 7.73e+03] (218.0 ms)
INFO:root:[386,   232] grad_stats: [1.10e-03 9.38e-04] (2.34e-04, 4.26e-02)
INFO:root:avg. loss 8.63516560e-02
INFO:root:time taken for epoch 0:01:04.338955
INFO:root:Epoch 387
INFO:root:[387,     0] loss: 8.278575e-02 masks: 26.0 16.0 [wd: 3.56e-01] [lr: 1.45e-04] [mem: 7.73e+03] (230.3 ms)
INFO:root:[387,     0] grad_stats: [1.33e-03 1.01e-03] (2.91e-04, 9.28e-02)
INFO:root:[387,   116] loss: 8.681012e-02 masks: 21.6 17.5 [wd: 3.56e-01] [lr: 1.44e-04] [mem: 7.73e+03] (216.6 ms)
INFO:root:[387,   116] grad_stats: [1.37e-03 9.54e-04] (2.69e-04, 1.42e-02)
INFO:root:[387,   232] loss: 8.662065e-02 masks: 21.7 17.5 [wd: 3.57e-01] [lr: 1.43e-04] [mem: 7.73e+03] (217.8 ms)
INFO:root:[387,   232] grad_stats: [1.56e-03 8.27e-04] (2.24e-04, 4.13e-02)
INFO:root:avg. loss 8.66206528e-02
INFO:root:time taken for epoch 0:01:04.165604
INFO:root:Epoch 388
INFO:root:[388,     0] loss: 8.314429e-02 masks: 22.0 20.0 [wd: 3.57e-01] [lr: 1.42e-04] [mem: 7.73e+03] (223.6 ms)
INFO:root:[388,     0] grad_stats: [2.05e-03 6.97e-04] (2.29e-04, 2.52e-02)
INFO:root:[388,   116] loss: 8.725865e-02 masks: 21.6 17.4 [wd: 3.57e-01] [lr: 1.41e-04] [mem: 7.73e+03] (216.6 ms)
INFO:root:[388,   116] grad_stats: [2.34e-03 1.14e-03] (2.79e-04, 3.42e-02)
INFO:root:[388,   232] loss: 8.728629e-02 masks: 21.5 17.4 [wd: 3.57e-01] [lr: 1.40e-04] [mem: 7.73e+03] (216.7 ms)
INFO:root:[388,   232] grad_stats: [1.26e-03 1.02e-03] (2.34e-04, 1.51e-02)
INFO:root:avg. loss 8.72862886e-02
INFO:root:time taken for epoch 0:01:04.024524
INFO:root:Epoch 389
INFO:root:[389,     0] loss: 7.652408e-02 masks: 27.0 16.0 [wd: 3.57e-01] [lr: 1.40e-04] [mem: 7.73e+03] (232.4 ms)
INFO:root:[389,     0] grad_stats: [2.22e-03 8.90e-04] (2.21e-04, 1.32e-02)
INFO:root:[389,   116] loss: 8.605299e-02 masks: 21.9 17.3 [wd: 3.58e-01] [lr: 1.39e-04] [mem: 7.73e+03] (217.6 ms)
INFO:root:[389,   116] grad_stats: [1.68e-03 9.34e-04] (2.71e-04, 2.59e-02)
INFO:root:[389,   232] loss: 8.551415e-02 masks: 22.4 17.3 [wd: 3.58e-01] [lr: 1.38e-04] [mem: 7.73e+03] (219.8 ms)
INFO:root:[389,   232] grad_stats: [1.80e-03 6.82e-04] (2.20e-04, 1.81e-02)
INFO:root:avg. loss 8.55141522e-02
INFO:root:time taken for epoch 0:01:04.797684
INFO:root:Epoch 390
INFO:root:[390,     0] loss: 7.649597e-02 masks: 26.0 16.0 [wd: 3.58e-01] [lr: 1.38e-04] [mem: 7.73e+03] (229.6 ms)
INFO:root:[390,     0] grad_stats: [2.17e-03 8.07e-04] (2.31e-04, 2.76e-02)
INFO:root:[390,   116] loss: 8.585370e-02 masks: 22.4 17.2 [wd: 3.58e-01] [lr: 1.37e-04] [mem: 7.73e+03] (219.4 ms)
INFO:root:[390,   116] grad_stats: [2.03e-03 1.15e-03] (2.93e-04, 2.83e-02)
INFO:root:[390,   232] loss: 8.524552e-02 masks: 22.8 17.0 [wd: 3.59e-01] [lr: 1.35e-04] [mem: 7.73e+03] (221.0 ms)
INFO:root:[390,   232] grad_stats: [1.70e-03 8.24e-04] (2.18e-04, 2.42e-02)
INFO:root:avg. loss 8.52455183e-02
INFO:root:time taken for epoch 0:01:05.119620
INFO:root:Epoch 391
INFO:root:[391,     0] loss: 7.780515e-02 masks: 35.0 12.0 [wd: 3.59e-01] [lr: 1.35e-04] [mem: 7.73e+03] (254.2 ms)
INFO:root:[391,     0] grad_stats: [1.16e-03 6.33e-04] (2.12e-04, 3.63e-02)
INFO:root:[391,   116] loss: 8.583986e-02 masks: 22.2 17.4 [wd: 3.59e-01] [lr: 1.34e-04] [mem: 7.73e+03] (218.9 ms)
INFO:root:[391,   116] grad_stats: [1.03e-03 1.36e-03] (3.10e-04, 3.88e-02)
INFO:root:[391,   232] loss: 8.558681e-02 masks: 22.2 17.4 [wd: 3.59e-01] [lr: 1.33e-04] [mem: 7.73e+03] (219.6 ms)
INFO:root:[391,   232] grad_stats: [1.03e-03 8.86e-04] (2.35e-04, 2.11e-02)
INFO:root:avg. loss 8.55868105e-02
INFO:root:time taken for epoch 0:01:04.748422
INFO:root:Epoch 392
INFO:root:[392,     0] loss: 8.220743e-02 masks: 24.0 16.0 [wd: 3.59e-01] [lr: 1.33e-04] [mem: 7.73e+03] (220.1 ms)
INFO:root:[392,     0] grad_stats: [1.97e-03 7.87e-04] (2.61e-04, 2.17e-02)
INFO:root:[392,   116] loss: 8.544219e-02 masks: 22.3 17.2 [wd: 3.60e-01] [lr: 1.32e-04] [mem: 7.73e+03] (219.0 ms)
INFO:root:[392,   116] grad_stats: [2.08e-03 9.28e-04] (2.51e-04, 3.62e-02)
INFO:root:[392,   232] loss: 8.591637e-02 masks: 22.1 17.3 [wd: 3.60e-01] [lr: 1.31e-04] [mem: 7.73e+03] (218.8 ms)
INFO:root:[392,   232] grad_stats: [1.80e-03 1.04e-03] (2.94e-04, 2.61e-02)
INFO:root:avg. loss 8.59163683e-02
INFO:root:time taken for epoch 0:01:04.640264
INFO:root:Epoch 393
INFO:root:[393,     0] loss: 7.668526e-02 masks: 24.0 16.0 [wd: 3.60e-01] [lr: 1.31e-04] [mem: 7.73e+03] (219.6 ms)
INFO:root:[393,     0] grad_stats: [8.36e-04 7.54e-04] (2.42e-04, 1.38e-02)
INFO:root:[393,   116] loss: 8.678741e-02 masks: 21.5 17.4 [wd: 3.60e-01] [lr: 1.30e-04] [mem: 7.73e+03] (216.4 ms)
INFO:root:[393,   116] grad_stats: [2.06e-03 1.38e-03] (2.87e-04, 1.92e-02)
INFO:root:[393,   232] loss: 8.704871e-02 masks: 21.4 17.5 [wd: 3.61e-01] [lr: 1.29e-04] [mem: 7.73e+03] (216.8 ms)
INFO:root:[393,   232] grad_stats: [1.08e-03 1.04e-03] (2.80e-04, 3.58e-02)
INFO:root:avg. loss 8.70487077e-02
INFO:root:time taken for epoch 0:01:04.075243
INFO:root:Epoch 394
INFO:root:[394,     0] loss: 8.424406e-02 masks: 16.0 20.0 [wd: 3.61e-01] [lr: 1.29e-04] [mem: 7.73e+03] (197.3 ms)
INFO:root:[394,     0] grad_stats: [2.53e-03 9.27e-04] (3.11e-04, 5.18e-02)
INFO:root:[394,   116] loss: 8.663461e-02 masks: 21.5 17.5 [wd: 3.61e-01] [lr: 1.27e-04] [mem: 7.73e+03] (216.3 ms)
INFO:root:[394,   116] grad_stats: [1.30e-03 1.22e-03] (2.99e-04, 1.98e-02)
INFO:root:[394,   232] loss: 8.605967e-02 masks: 22.0 17.2 [wd: 3.62e-01] [lr: 1.26e-04] [mem: 7.73e+03] (218.2 ms)
INFO:root:[394,   232] grad_stats: [1.45e-03 1.52e-03] (3.77e-04, 2.33e-02)
INFO:root:avg. loss 8.60596655e-02
INFO:root:time taken for epoch 0:01:04.443727
INFO:root:Epoch 395
INFO:root:[395,     0] loss: 1.036787e-01 masks: 14.0 20.0 [wd: 3.62e-01] [lr: 1.26e-04] [mem: 7.73e+03] (191.6 ms)
INFO:root:[395,     0] grad_stats: [1.36e-03 1.27e-03] (2.92e-04, 2.34e-02)
INFO:root:[395,   116] loss: 8.720931e-02 masks: 21.3 17.7 [wd: 3.62e-01] [lr: 1.25e-04] [mem: 7.73e+03] (216.2 ms)
INFO:root:[395,   116] grad_stats: [1.55e-03 1.10e-03] (2.99e-04, 2.44e-02)
INFO:root:[395,   232] loss: 8.674596e-02 masks: 21.8 17.4 [wd: 3.62e-01] [lr: 1.24e-04] [mem: 7.73e+03] (217.7 ms)
INFO:root:[395,   232] grad_stats: [2.17e-03 1.23e-03] (3.32e-04, 3.09e-02)
INFO:root:avg. loss 8.67459568e-02
INFO:root:time taken for epoch 0:01:04.318210
INFO:root:Epoch 396
INFO:root:[396,     0] loss: 9.002837e-02 masks: 20.0 20.0 [wd: 3.62e-01] [lr: 1.24e-04] [mem: 7.73e+03] (213.1 ms)
INFO:root:[396,     0] grad_stats: [9.40e-04 1.19e-03] (2.79e-04, 2.04e-02)
INFO:root:[396,   116] loss: 8.571485e-02 masks: 22.7 16.9 [wd: 3.63e-01] [lr: 1.23e-04] [mem: 7.73e+03] (219.6 ms)
INFO:root:[396,   116] grad_stats: [1.30e-03 6.61e-04] (2.17e-04, 3.52e-02)
INFO:root:[396,   232] loss: 8.552496e-02 masks: 22.6 17.1 [wd: 3.63e-01] [lr: 1.22e-04] [mem: 7.73e+03] (220.6 ms)
INFO:root:[396,   232] grad_stats: [2.56e-03 1.24e-03] (2.42e-04, 3.35e-02)
INFO:root:avg. loss 8.55249643e-02
INFO:root:time taken for epoch 0:01:04.961386
INFO:root:Epoch 397
INFO:root:[397,     0] loss: 8.116084e-02 masks: 24.0 16.0 [wd: 3.63e-01] [lr: 1.22e-04] [mem: 7.73e+03] (221.2 ms)
INFO:root:[397,     0] grad_stats: [1.35e-03 1.00e-03] (3.00e-04, 7.19e-02)
INFO:root:[397,   116] loss: 8.639674e-02 masks: 21.7 17.4 [wd: 3.63e-01] [lr: 1.21e-04] [mem: 7.73e+03] (217.0 ms)
INFO:root:[397,   116] grad_stats: [1.64e-03 1.20e-03] (2.63e-04, 2.72e-02)
INFO:root:[397,   232] loss: 8.609447e-02 masks: 22.0 17.2 [wd: 3.64e-01] [lr: 1.20e-04] [mem: 7.73e+03] (218.5 ms)
INFO:root:[397,   232] grad_stats: [2.89e-03 8.86e-04] (2.44e-04, 1.60e-02)
INFO:root:avg. loss 8.60944688e-02
INFO:root:time taken for epoch 0:01:04.495712
INFO:root:Epoch 398
INFO:root:[398,     0] loss: 7.320251e-02 masks: 35.0 12.0 [wd: 3.64e-01] [lr: 1.20e-04] [mem: 7.73e+03] (254.1 ms)
INFO:root:[398,     0] grad_stats: [1.37e-03 9.34e-04] (2.26e-04, 2.34e-02)
INFO:root:[398,   116] loss: 8.657201e-02 masks: 21.5 17.4 [wd: 3.64e-01] [lr: 1.18e-04] [mem: 7.73e+03] (216.3 ms)
INFO:root:[398,   116] grad_stats: [1.16e-03 8.58e-04] (2.68e-04, 2.82e-02)
INFO:root:[398,   232] loss: 8.690129e-02 masks: 21.5 17.5 [wd: 3.64e-01] [lr: 1.17e-04] [mem: 7.73e+03] (217.1 ms)
INFO:root:[398,   232] grad_stats: [1.38e-03 1.67e-03] (4.98e-04, 6.77e-02)
INFO:root:avg. loss 8.69012925e-02
INFO:root:time taken for epoch 0:01:04.132757
INFO:root:Epoch 399
INFO:root:[399,     0] loss: 8.984409e-02 masks: 17.0 16.0 [wd: 3.64e-01] [lr: 1.17e-04] [mem: 7.73e+03] (194.2 ms)
INFO:root:[399,     0] grad_stats: [2.29e-03 1.46e-03] (3.11e-04, 2.75e-02)
INFO:root:[399,   116] loss: 8.671338e-02 masks: 22.0 17.1 [wd: 3.65e-01] [lr: 1.16e-04] [mem: 7.73e+03] (217.2 ms)
INFO:root:[399,   116] grad_stats: [1.59e-03 8.81e-04] (2.77e-04, 6.13e-02)
INFO:root:[399,   232] loss: 8.625786e-02 masks: 22.4 17.2 [wd: 3.65e-01] [lr: 1.15e-04] [mem: 7.73e+03] (219.7 ms)
INFO:root:[399,   232] grad_stats: [1.62e-03 1.29e-03] (3.19e-04, 4.19e-02)
INFO:root:avg. loss 8.62578606e-02
INFO:root:time taken for epoch 0:01:05.430113
INFO:root:Epoch 400
INFO:root:[400,     0] loss: 7.987503e-02 masks: 19.0 20.0 [wd: 3.65e-01] [lr: 1.15e-04] [mem: 7.73e+03] (211.0 ms)
INFO:root:[400,     0] grad_stats: [1.85e-03 1.21e-03] (2.58e-04, 2.48e-02)
INFO:root:[400,   116] loss: 8.647226e-02 masks: 21.3 17.8 [wd: 3.65e-01] [lr: 1.14e-04] [mem: 7.73e+03] (216.2 ms)
INFO:root:[400,   116] grad_stats: [1.75e-03 1.43e-03] (3.11e-04, 5.38e-02)
INFO:root:[400,   232] loss: 8.648750e-02 masks: 21.9 17.4 [wd: 3.66e-01] [lr: 1.13e-04] [mem: 7.73e+03] (218.4 ms)
INFO:root:[400,   232] grad_stats: [2.14e-03 1.25e-03] (3.31e-04, 2.18e-02)
INFO:root:avg. loss 8.64875009e-02
INFO:root:	Epoch 400, KNN accuracy train: 7.32117e-01, KNN accuracy train: 6.11000e-01
INFO:root:time taken for epoch 0:01:46.469490
INFO:root:Epoch 401
INFO:root:[401,     0] loss: 9.165077e-02 masks: 17.0 20.0 [wd: 3.66e-01] [lr: 1.13e-04] [mem: 7.73e+03] (201.8 ms)
INFO:root:[401,     0] grad_stats: [1.10e-03 8.17e-04] (3.00e-04, 3.12e-02)
INFO:root:[401,   116] loss: 8.765868e-02 masks: 21.0 17.9 [wd: 3.66e-01] [lr: 1.12e-04] [mem: 7.73e+03] (214.4 ms)
INFO:root:[401,   116] grad_stats: [9.47e-04 1.00e-03] (2.86e-04, 3.59e-02)
INFO:root:[401,   232] loss: 8.731522e-02 masks: 21.3 17.7 [wd: 3.66e-01] [lr: 1.11e-04] [mem: 7.73e+03] (216.2 ms)
INFO:root:[401,   232] grad_stats: [2.73e-03 1.02e-03] (2.78e-04, 3.46e-02)
INFO:root:avg. loss 8.73152177e-02
INFO:root:time taken for epoch 0:01:03.890633
INFO:root:Epoch 402
INFO:root:[402,     0] loss: 7.157595e-02 masks: 26.0 16.0 [wd: 3.66e-01] [lr: 1.11e-04] [mem: 7.73e+03] (231.1 ms)
INFO:root:[402,     0] grad_stats: [3.10e-03 1.42e-03] (3.35e-04, 3.14e-02)
INFO:root:[402,   116] loss: 8.754633e-02 masks: 21.2 17.6 [wd: 3.67e-01] [lr: 1.10e-04] [mem: 7.73e+03] (215.3 ms)
INFO:root:[402,   116] grad_stats: [1.49e-03 8.24e-04] (2.85e-04, 2.79e-02)
INFO:root:[402,   232] loss: 8.631082e-02 masks: 22.0 17.3 [wd: 3.67e-01] [lr: 1.09e-04] [mem: 7.73e+03] (218.3 ms)
INFO:root:[402,   232] grad_stats: [1.39e-03 1.16e-03] (3.26e-04, 2.19e-02)
INFO:root:avg. loss 8.63108223e-02
INFO:root:time taken for epoch 0:01:04.298317
INFO:root:Epoch 403
INFO:root:[403,     0] loss: 7.173247e-02 masks: 35.0 12.0 [wd: 3.67e-01] [lr: 1.09e-04] [mem: 7.73e+03] (255.1 ms)
INFO:root:[403,     0] grad_stats: [1.19e-03 8.78e-04] (2.47e-04, 4.46e-02)
INFO:root:[403,   116] loss: 8.703480e-02 masks: 21.4 17.7 [wd: 3.67e-01] [lr: 1.08e-04] [mem: 7.73e+03] (216.0 ms)
INFO:root:[403,   116] grad_stats: [3.21e-03 1.27e-03] (3.90e-04, 3.84e-02)
INFO:root:[403,   232] loss: 8.662619e-02 masks: 22.0 17.3 [wd: 3.68e-01] [lr: 1.07e-04] [mem: 7.73e+03] (218.5 ms)
INFO:root:[403,   232] grad_stats: [1.65e-03 1.18e-03] (2.74e-04, 1.01e-01)
INFO:root:avg. loss 8.66261946e-02
INFO:root:time taken for epoch 0:01:04.450539
INFO:root:Epoch 404
INFO:root:[404,     0] loss: 9.697961e-02 masks: 19.0 20.0 [wd: 3.68e-01] [lr: 1.07e-04] [mem: 7.73e+03] (211.9 ms)
INFO:root:[404,     0] grad_stats: [1.59e-03 1.01e-03] (2.81e-04, 8.13e-02)
INFO:root:[404,   116] loss: 8.715920e-02 masks: 21.6 17.5 [wd: 3.68e-01] [lr: 1.06e-04] [mem: 7.73e+03] (216.7 ms)
INFO:root:[404,   116] grad_stats: [1.67e-03 1.44e-03] (3.17e-04, 3.46e-02)
INFO:root:[404,   232] loss: 8.742876e-02 masks: 21.7 17.4 [wd: 3.68e-01] [lr: 1.05e-04] [mem: 7.73e+03] (217.5 ms)
INFO:root:[404,   232] grad_stats: [1.62e-03 1.03e-03] (2.74e-04, 2.10e-02)
INFO:root:avg. loss 8.74287562e-02
INFO:root:time taken for epoch 0:01:04.258003
INFO:root:Epoch 405
INFO:root:[405,     0] loss: 9.329396e-02 masks: 17.0 16.0 [wd: 3.68e-01] [lr: 1.05e-04] [mem: 7.73e+03] (193.5 ms)
INFO:root:[405,     0] grad_stats: [1.49e-03 1.22e-03] (2.87e-04, 2.13e-02)
INFO:root:[405,   116] loss: 8.686336e-02 masks: 22.2 17.3 [wd: 3.69e-01] [lr: 1.04e-04] [mem: 7.73e+03] (218.9 ms)
INFO:root:[405,   116] grad_stats: [1.99e-03 9.25e-04] (2.73e-04, 5.69e-02)
INFO:root:[405,   232] loss: 8.601174e-02 masks: 22.4 17.3 [wd: 3.69e-01] [lr: 1.02e-04] [mem: 7.73e+03] (219.9 ms)
INFO:root:[405,   232] grad_stats: [2.75e-03 8.86e-04] (2.99e-04, 3.65e-02)
INFO:root:avg. loss 8.60117390e-02
INFO:root:time taken for epoch 0:01:04.861383
INFO:root:Epoch 406
INFO:root:[406,     0] loss: 6.947175e-02 masks: 35.0 12.0 [wd: 3.69e-01] [lr: 1.02e-04] [mem: 7.73e+03] (253.3 ms)
INFO:root:[406,     0] grad_stats: [1.12e-03 7.67e-04] (2.03e-04, 1.38e-02)
INFO:root:[406,   116] loss: 8.758347e-02 masks: 21.4 17.4 [wd: 3.69e-01] [lr: 1.01e-04] [mem: 7.73e+03] (215.7 ms)
INFO:root:[406,   116] grad_stats: [1.71e-03 9.94e-04] (2.46e-04, 2.90e-02)
INFO:root:[406,   232] loss: 8.767328e-02 masks: 21.4 17.4 [wd: 3.70e-01] [lr: 1.00e-04] [mem: 7.73e+03] (216.5 ms)
INFO:root:[406,   232] grad_stats: [1.69e-03 1.40e-03] (2.93e-04, 7.76e-02)
INFO:root:avg. loss 8.76732753e-02
INFO:root:time taken for epoch 0:01:04.016621
INFO:root:Epoch 407
INFO:root:[407,     0] loss: 7.850993e-02 masks: 21.0 16.0 [wd: 3.70e-01] [lr: 1.00e-04] [mem: 7.73e+03] (209.9 ms)
INFO:root:[407,     0] grad_stats: [1.26e-03 8.69e-04] (2.85e-04, 3.03e-02)
INFO:root:[407,   116] loss: 8.631408e-02 masks: 22.3 17.3 [wd: 3.70e-01] [lr: 9.94e-05] [mem: 7.73e+03] (219.2 ms)
INFO:root:[407,   116] grad_stats: [1.96e-03 1.15e-03] (2.67e-04, 3.52e-02)
INFO:root:[407,   232] loss: 8.674341e-02 masks: 22.1 17.3 [wd: 3.70e-01] [lr: 9.84e-05] [mem: 7.73e+03] (219.0 ms)
INFO:root:[407,   232] grad_stats: [1.75e-03 1.08e-03] (2.50e-04, 1.25e-02)
INFO:root:avg. loss 8.67434138e-02
INFO:root:time taken for epoch 0:01:04.494528
INFO:root:Epoch 408
INFO:root:[408,     0] loss: 8.888435e-02 masks: 20.0 16.0 [wd: 3.70e-01] [lr: 9.84e-05] [mem: 7.73e+03] (206.0 ms)
INFO:root:[408,     0] grad_stats: [1.72e-03 1.41e-03] (3.39e-04, 2.25e-02)
INFO:root:[408,   116] loss: 8.657617e-02 masks: 22.2 17.2 [wd: 3.70e-01] [lr: 9.74e-05] [mem: 7.73e+03] (218.2 ms)
INFO:root:[408,   116] grad_stats: [1.48e-03 9.60e-04] (2.59e-04, 2.47e-02)
INFO:root:[408,   232] loss: 8.625952e-02 masks: 22.3 17.1 [wd: 3.71e-01] [lr: 9.64e-05] [mem: 7.73e+03] (219.1 ms)
INFO:root:[408,   232] grad_stats: [1.05e-03 9.52e-04] (2.26e-04, 2.16e-02)
INFO:root:avg. loss 8.62595213e-02
INFO:root:time taken for epoch 0:01:04.628440
INFO:root:Epoch 409
INFO:root:[409,     0] loss: 9.984562e-02 masks: 18.0 20.0 [wd: 3.71e-01] [lr: 9.64e-05] [mem: 7.73e+03] (207.5 ms)
INFO:root:[409,     0] grad_stats: [2.30e-03 1.41e-03] (3.66e-04, 5.48e-02)
INFO:root:[409,   116] loss: 8.786534e-02 masks: 21.3 17.6 [wd: 3.71e-01] [lr: 9.54e-05] [mem: 7.73e+03] (215.6 ms)
INFO:root:[409,   116] grad_stats: [1.50e-03 1.47e-03] (3.40e-04, 2.62e-02)
INFO:root:[409,   232] loss: 8.813655e-02 masks: 20.9 17.7 [wd: 3.71e-01] [lr: 9.44e-05] [mem: 7.73e+03] (214.8 ms)
INFO:root:[409,   232] grad_stats: [2.50e-03 1.08e-03] (3.27e-04, 2.14e-02)
INFO:root:avg. loss 8.81365459e-02
INFO:root:time taken for epoch 0:01:03.739591
INFO:root:Epoch 410
INFO:root:[410,     0] loss: 9.085206e-02 masks: 23.0 16.0 [wd: 3.71e-01] [lr: 9.44e-05] [mem: 7.73e+03] (216.4 ms)
INFO:root:[410,     0] grad_stats: [1.19e-03 9.81e-04] (3.16e-04, 2.73e-02)
INFO:root:[410,   116] loss: 8.633449e-02 masks: 22.3 17.1 [wd: 3.72e-01] [lr: 9.34e-05] [mem: 7.73e+03] (218.9 ms)
INFO:root:[410,   116] grad_stats: [2.72e-03 1.06e-03] (2.74e-04, 5.39e-02)
INFO:root:[410,   232] loss: 8.693577e-02 masks: 22.1 17.2 [wd: 3.72e-01] [lr: 9.24e-05] [mem: 7.73e+03] (218.6 ms)
INFO:root:[410,   232] grad_stats: [1.34e-03 1.03e-03] (2.69e-04, 2.87e-02)
INFO:root:avg. loss 8.69357695e-02
INFO:root:time taken for epoch 0:01:04.402873
INFO:root:Epoch 411
INFO:root:[411,     0] loss: 9.062176e-02 masks: 17.0 20.0 [wd: 3.72e-01] [lr: 9.24e-05] [mem: 7.73e+03] (202.4 ms)
INFO:root:[411,     0] grad_stats: [1.28e-03 1.01e-03] (2.85e-04, 1.92e-02)
INFO:root:[411,   116] loss: 8.678394e-02 masks: 21.9 17.2 [wd: 3.72e-01] [lr: 9.14e-05] [mem: 7.73e+03] (217.4 ms)
INFO:root:[411,   116] grad_stats: [1.51e-03 8.03e-04] (2.35e-04, 4.63e-02)
INFO:root:[411,   232] loss: 8.647222e-02 masks: 22.2 17.2 [wd: 3.73e-01] [lr: 9.05e-05] [mem: 7.73e+03] (219.2 ms)
INFO:root:[411,   232] grad_stats: [2.22e-03 1.38e-03] (3.70e-04, 3.41e-02)
INFO:root:avg. loss 8.64722232e-02
INFO:root:time taken for epoch 0:01:04.619371
INFO:root:Epoch 412
INFO:root:[412,     0] loss: 9.259830e-02 masks: 21.0 16.0 [wd: 3.73e-01] [lr: 9.05e-05] [mem: 7.73e+03] (210.0 ms)
INFO:root:[412,     0] grad_stats: [1.22e-03 1.42e-03] (3.28e-04, 1.66e-02)
INFO:root:[412,   116] loss: 8.729840e-02 masks: 21.6 17.4 [wd: 3.73e-01] [lr: 8.95e-05] [mem: 7.73e+03] (216.7 ms)
INFO:root:[412,   116] grad_stats: [2.43e-03 1.09e-03] (3.08e-04, 4.47e-02)
INFO:root:[412,   232] loss: 8.693516e-02 masks: 21.9 17.3 [wd: 3.73e-01] [lr: 8.85e-05] [mem: 7.73e+03] (218.0 ms)
INFO:root:[412,   232] grad_stats: [3.51e-03 1.07e-03] (3.32e-04, 2.77e-02)
INFO:root:avg. loss 8.69351567e-02
INFO:root:time taken for epoch 0:01:04.330950
INFO:root:Epoch 413
INFO:root:[413,     0] loss: 8.748417e-02 masks: 21.0 16.0 [wd: 3.73e-01] [lr: 8.85e-05] [mem: 7.73e+03] (209.6 ms)
INFO:root:[413,     0] grad_stats: [2.09e-03 8.88e-04] (3.01e-04, 1.91e-02)
INFO:root:[413,   116] loss: 8.685718e-02 masks: 21.9 17.2 [wd: 3.73e-01] [lr: 8.76e-05] [mem: 7.73e+03] (217.5 ms)
INFO:root:[413,   116] grad_stats: [3.06e-03 1.61e-03] (3.48e-04, 4.32e-02)
INFO:root:[413,   232] loss: 8.705492e-02 masks: 21.6 17.2 [wd: 3.74e-01] [lr: 8.66e-05] [mem: 7.73e+03] (217.0 ms)
INFO:root:[413,   232] grad_stats: [2.18e-03 1.13e-03] (3.08e-04, 3.91e-02)
INFO:root:avg. loss 8.70549150e-02
INFO:root:time taken for epoch 0:01:04.105508
INFO:root:Epoch 414
INFO:root:[414,     0] loss: 8.885246e-02 masks: 23.0 16.0 [wd: 3.74e-01] [lr: 8.66e-05] [mem: 7.73e+03] (215.2 ms)
INFO:root:[414,     0] grad_stats: [1.45e-03 1.40e-03] (3.17e-04, 7.23e-02)
INFO:root:[414,   116] loss: 8.538116e-02 masks: 22.6 17.3 [wd: 3.74e-01] [lr: 8.57e-05] [mem: 7.73e+03] (220.5 ms)
INFO:root:[414,   116] grad_stats: [2.90e-03 1.07e-03] (3.45e-04, 2.68e-02)
INFO:root:[414,   232] loss: 8.643055e-02 masks: 22.3 17.3 [wd: 3.74e-01] [lr: 8.47e-05] [mem: 7.73e+03] (219.8 ms)
INFO:root:[414,   232] grad_stats: [1.28e-03 7.15e-04] (2.29e-04, 2.05e-02)
INFO:root:avg. loss 8.64305515e-02
INFO:root:time taken for epoch 0:01:04.851049
INFO:root:Epoch 415
INFO:root:[415,     0] loss: 1.112012e-01 masks: 14.0 20.0 [wd: 3.74e-01] [lr: 8.47e-05] [mem: 7.73e+03] (191.3 ms)
INFO:root:[415,     0] grad_stats: [1.78e-03 1.36e-03] (4.26e-04, 3.54e-02)
INFO:root:[415,   116] loss: 8.765206e-02 masks: 21.5 17.3 [wd: 3.75e-01] [lr: 8.38e-05] [mem: 7.73e+03] (215.9 ms)
INFO:root:[415,   116] grad_stats: [1.68e-03 1.09e-03] (3.23e-04, 3.53e-02)
INFO:root:[415,   232] loss: 8.685630e-02 masks: 22.0 17.2 [wd: 3.75e-01] [lr: 8.28e-05] [mem: 7.73e+03] (218.1 ms)
INFO:root:[415,   232] grad_stats: [1.77e-03 1.16e-03] (3.66e-04, 3.27e-02)
INFO:root:avg. loss 8.68563044e-02
INFO:root:time taken for epoch 0:01:04.374767
INFO:root:Epoch 416
INFO:root:[416,     0] loss: 7.346619e-02 masks: 27.0 16.0 [wd: 3.75e-01] [lr: 8.28e-05] [mem: 7.73e+03] (234.7 ms)
INFO:root:[416,     0] grad_stats: [8.38e-04 9.80e-04] (2.79e-04, 3.27e-02)
INFO:root:[416,   116] loss: 8.696038e-02 masks: 22.0 17.1 [wd: 3.75e-01] [lr: 8.19e-05] [mem: 7.73e+03] (217.4 ms)
INFO:root:[416,   116] grad_stats: [2.20e-03 1.30e-03] (3.54e-04, 4.96e-02)
INFO:root:[416,   232] loss: 8.696262e-02 masks: 22.0 17.1 [wd: 3.76e-01] [lr: 8.10e-05] [mem: 7.73e+03] (218.1 ms)
INFO:root:[416,   232] grad_stats: [1.98e-03 9.18e-04] (2.66e-04, 3.73e-02)
INFO:root:avg. loss 8.69626195e-02
INFO:root:time taken for epoch 0:01:04.413214
INFO:root:Epoch 417
INFO:root:[417,     0] loss: 7.340515e-02 masks: 34.0 12.0 [wd: 3.76e-01] [lr: 8.10e-05] [mem: 7.73e+03] (247.7 ms)
INFO:root:[417,     0] grad_stats: [2.13e-03 8.53e-04] (2.99e-04, 6.33e-02)
INFO:root:[417,   116] loss: 8.564706e-02 masks: 22.0 17.2 [wd: 3.76e-01] [lr: 8.00e-05] [mem: 7.73e+03] (217.9 ms)
INFO:root:[417,   116] grad_stats: [1.02e-03 7.89e-04] (2.83e-04, 3.24e-02)
INFO:root:[417,   232] loss: 8.670743e-02 masks: 22.1 17.2 [wd: 3.76e-01] [lr: 7.91e-05] [mem: 7.73e+03] (218.7 ms)
INFO:root:[417,   232] grad_stats: [1.07e-03 9.69e-04] (2.86e-04, 2.28e-02)
INFO:root:avg. loss 8.67074315e-02
INFO:root:time taken for epoch 0:01:04.506429
INFO:root:Epoch 418
INFO:root:[418,     0] loss: 9.016694e-02 masks: 20.0 16.0 [wd: 3.76e-01] [lr: 7.91e-05] [mem: 7.73e+03] (206.7 ms)
INFO:root:[418,     0] grad_stats: [1.58e-03 1.10e-03] (3.36e-04, 2.36e-02)
INFO:root:[418,   116] loss: 8.711328e-02 masks: 21.8 17.5 [wd: 3.76e-01] [lr: 7.82e-05] [mem: 7.73e+03] (217.6 ms)
INFO:root:[418,   116] grad_stats: [1.32e-03 1.05e-03] (3.10e-04, 2.11e-02)
INFO:root:[418,   232] loss: 8.779622e-02 masks: 21.5 17.6 [wd: 3.77e-01] [lr: 7.73e-05] [mem: 7.73e+03] (217.1 ms)
INFO:root:[418,   232] grad_stats: [2.94e-03 1.19e-03] (3.10e-04, 3.99e-02)
INFO:root:avg. loss 8.77962184e-02
INFO:root:time taken for epoch 0:01:04.231910
INFO:root:Epoch 419
INFO:root:[419,     0] loss: 9.373047e-02 masks: 18.0 20.0 [wd: 3.77e-01] [lr: 7.73e-05] [mem: 7.73e+03] (206.6 ms)
INFO:root:[419,     0] grad_stats: [1.17e-03 9.36e-04] (2.90e-04, 3.12e-02)
INFO:root:[419,   116] loss: 8.721450e-02 masks: 22.1 17.0 [wd: 3.77e-01] [lr: 7.64e-05] [mem: 7.73e+03] (217.4 ms)
INFO:root:[419,   116] grad_stats: [1.38e-03 1.16e-03] (3.02e-04, 3.15e-02)
INFO:root:[419,   232] loss: 8.719060e-02 masks: 22.2 17.1 [wd: 3.77e-01] [lr: 7.55e-05] [mem: 7.73e+03] (218.6 ms)
INFO:root:[419,   232] grad_stats: [1.68e-03 1.19e-03] (2.85e-04, 2.91e-02)
INFO:root:avg. loss 8.71905998e-02
INFO:root:time taken for epoch 0:01:04.464291
INFO:root:Epoch 420
INFO:root:[420,     0] loss: 9.383896e-02 masks: 18.0 20.0 [wd: 3.77e-01] [lr: 7.55e-05] [mem: 7.73e+03] (207.1 ms)
INFO:root:[420,     0] grad_stats: [1.84e-03 1.26e-03] (3.26e-04, 2.00e-02)
INFO:root:[420,   116] loss: 8.738286e-02 masks: 21.8 17.5 [wd: 3.77e-01] [lr: 7.46e-05] [mem: 7.73e+03] (217.5 ms)
INFO:root:[420,   116] grad_stats: [1.11e-03 8.63e-04] (3.13e-04, 2.42e-02)
INFO:root:[420,   232] loss: 8.758588e-02 masks: 21.6 17.6 [wd: 3.78e-01] [lr: 7.37e-05] [mem: 7.73e+03] (217.5 ms)
INFO:root:[420,   232] grad_stats: [2.92e-03 1.35e-03] (3.47e-04, 3.86e-02)
INFO:root:avg. loss 8.75858784e-02
INFO:root:time taken for epoch 0:01:04.089983
INFO:root:Epoch 421
INFO:root:[421,     0] loss: 6.848663e-02 masks: 33.0 12.0 [wd: 3.78e-01] [lr: 7.37e-05] [mem: 7.73e+03] (244.9 ms)
INFO:root:[421,     0] grad_stats: [1.39e-03 7.41e-04] (2.52e-04, 4.64e-02)
INFO:root:[421,   116] loss: 8.751382e-02 masks: 21.2 17.4 [wd: 3.78e-01] [lr: 7.28e-05] [mem: 7.73e+03] (215.0 ms)
INFO:root:[421,   116] grad_stats: [2.30e-03 1.34e-03] (3.44e-04, 5.55e-02)
INFO:root:[421,   232] loss: 8.780638e-02 masks: 21.3 17.4 [wd: 3.78e-01] [lr: 7.20e-05] [mem: 7.73e+03] (216.0 ms)
INFO:root:[421,   232] grad_stats: [1.90e-03 1.37e-03] (3.13e-04, 3.64e-02)
INFO:root:avg. loss 8.78063818e-02
INFO:root:time taken for epoch 0:01:03.872437
INFO:root:Epoch 422
INFO:root:[422,     0] loss: 8.996909e-02 masks: 17.0 20.0 [wd: 3.78e-01] [lr: 7.19e-05] [mem: 7.73e+03] (201.7 ms)
INFO:root:[422,     0] grad_stats: [1.62e-03 2.37e-03] (4.48e-04, 2.63e-02)
INFO:root:[422,   116] loss: 8.789881e-02 masks: 21.5 17.7 [wd: 3.79e-01] [lr: 7.11e-05] [mem: 7.73e+03] (216.8 ms)
INFO:root:[422,   116] grad_stats: [1.83e-03 1.19e-03] (3.16e-04, 2.62e-02)
INFO:root:[422,   232] loss: 8.732494e-02 masks: 21.7 17.7 [wd: 3.79e-01] [lr: 7.02e-05] [mem: 7.73e+03] (218.2 ms)
INFO:root:[422,   232] grad_stats: [1.54e-03 1.17e-03] (2.90e-04, 2.40e-02)
INFO:root:avg. loss 8.73249374e-02
INFO:root:time taken for epoch 0:01:04.457305
INFO:root:Epoch 423
INFO:root:[423,     0] loss: 7.928423e-02 masks: 25.0 16.0 [wd: 3.79e-01] [lr: 7.02e-05] [mem: 7.73e+03] (222.5 ms)
INFO:root:[423,     0] grad_stats: [2.62e-03 1.07e-03] (3.12e-04, 1.89e-02)
INFO:root:[423,   116] loss: 8.618431e-02 masks: 22.5 17.0 [wd: 3.79e-01] [lr: 6.93e-05] [mem: 7.73e+03] (219.1 ms)
INFO:root:[423,   116] grad_stats: [2.10e-03 1.26e-03] (3.81e-04, 8.02e-02)
INFO:root:[423,   232] loss: 8.676375e-02 masks: 22.3 17.1 [wd: 3.79e-01] [lr: 6.85e-05] [mem: 7.73e+03] (219.3 ms)
INFO:root:[423,   232] grad_stats: [3.34e-03 1.88e-03] (3.80e-04, 2.64e-02)
INFO:root:avg. loss 8.67637506e-02
INFO:root:time taken for epoch 0:01:04.632832
INFO:root:Epoch 424
INFO:root:[424,     0] loss: 7.668189e-02 masks: 21.0 16.0 [wd: 3.79e-01] [lr: 6.85e-05] [mem: 7.73e+03] (209.6 ms)
INFO:root:[424,     0] grad_stats: [1.70e-03 1.37e-03] (3.42e-04, 2.25e-02)
INFO:root:[424,   116] loss: 8.635505e-02 masks: 22.5 16.9 [wd: 3.80e-01] [lr: 6.76e-05] [mem: 7.73e+03] (219.0 ms)
INFO:root:[424,   116] grad_stats: [3.81e-03 1.32e-03] (3.55e-04, 3.86e-02)
INFO:root:[424,   232] loss: 8.659071e-02 masks: 22.2 17.2 [wd: 3.80e-01] [lr: 6.68e-05] [mem: 7.73e+03] (219.0 ms)
INFO:root:[424,   232] grad_stats: [1.76e-03 1.15e-03] (3.32e-04, 2.80e-02)
INFO:root:avg. loss 8.65907123e-02
INFO:root:time taken for epoch 0:01:04.725295
INFO:root:Epoch 425
INFO:root:[425,     0] loss: 8.325720e-02 masks: 24.0 16.0 [wd: 3.80e-01] [lr: 6.68e-05] [mem: 7.73e+03] (221.1 ms)
INFO:root:[425,     0] grad_stats: [1.95e-03 1.12e-03] (3.52e-04, 6.12e-02)
INFO:root:[425,   116] loss: 8.709383e-02 masks: 22.2 17.3 [wd: 3.80e-01] [lr: 6.59e-05] [mem: 7.73e+03] (218.2 ms)
INFO:root:[425,   116] grad_stats: [2.56e-03 1.66e-03] (4.12e-04, 3.94e-02)
INFO:root:[425,   232] loss: 8.696300e-02 masks: 22.3 17.2 [wd: 3.80e-01] [lr: 6.51e-05] [mem: 7.73e+03] (219.1 ms)
INFO:root:[425,   232] grad_stats: [2.16e-03 1.33e-03] (3.12e-04, 3.38e-02)
INFO:root:avg. loss 8.69629963e-02
INFO:root:time taken for epoch 0:01:04.592673
INFO:root:Epoch 426
INFO:root:[426,     0] loss: 1.040154e-01 masks: 11.0 20.0 [wd: 3.80e-01] [lr: 6.51e-05] [mem: 7.73e+03] (178.5 ms)
INFO:root:[426,     0] grad_stats: [2.75e-03 1.73e-03] (3.95e-04, 3.75e-02)
INFO:root:[426,   116] loss: 8.688361e-02 masks: 22.1 17.2 [wd: 3.81e-01] [lr: 6.43e-05] [mem: 7.73e+03] (217.8 ms)
INFO:root:[426,   116] grad_stats: [1.40e-03 1.07e-03] (3.24e-04, 3.11e-02)
INFO:root:[426,   232] loss: 8.742937e-02 masks: 21.8 17.3 [wd: 3.81e-01] [lr: 6.34e-05] [mem: 7.73e+03] (217.8 ms)
INFO:root:[426,   232] grad_stats: [2.29e-03 1.21e-03] (3.63e-04, 3.35e-02)
INFO:root:avg. loss 8.74293688e-02
INFO:root:time taken for epoch 0:01:04.292758
INFO:root:Epoch 427
INFO:root:[427,     0] loss: 9.423949e-02 masks: 17.0 20.0 [wd: 3.81e-01] [lr: 6.34e-05] [mem: 7.73e+03] (202.4 ms)
INFO:root:[427,     0] grad_stats: [1.48e-03 1.21e-03] (3.55e-04, 2.83e-02)
INFO:root:[427,   116] loss: 8.734759e-02 masks: 21.9 17.1 [wd: 3.81e-01] [lr: 6.26e-05] [mem: 7.73e+03] (217.0 ms)
INFO:root:[427,   116] grad_stats: [1.40e-03 1.04e-03] (3.17e-04, 2.18e-02)
INFO:root:[427,   232] loss: 8.751527e-02 masks: 21.5 17.3 [wd: 3.81e-01] [lr: 6.18e-05] [mem: 7.73e+03] (216.4 ms)
INFO:root:[427,   232] grad_stats: [3.74e-03 1.55e-03] (4.87e-04, 3.65e-02)
INFO:root:avg. loss 8.75152722e-02
INFO:root:time taken for epoch 0:01:04.017282
INFO:root:Epoch 428
INFO:root:[428,     0] loss: 7.903869e-02 masks: 25.0 16.0 [wd: 3.81e-01] [lr: 6.18e-05] [mem: 7.73e+03] (223.4 ms)
INFO:root:[428,     0] grad_stats: [2.00e-03 1.02e-03] (2.98e-04, 3.30e-02)
INFO:root:[428,   116] loss: 8.688002e-02 masks: 22.1 17.2 [wd: 3.82e-01] [lr: 6.10e-05] [mem: 7.73e+03] (217.9 ms)
INFO:root:[428,   116] grad_stats: [1.47e-03 1.32e-03] (3.39e-04, 5.99e-02)
INFO:root:[428,   232] loss: 8.757859e-02 masks: 21.5 17.7 [wd: 3.82e-01] [lr: 6.02e-05] [mem: 7.73e+03] (217.2 ms)
INFO:root:[428,   232] grad_stats: [1.63e-03 1.49e-03] (3.98e-04, 2.29e-02)
INFO:root:avg. loss 8.75785852e-02
INFO:root:time taken for epoch 0:01:04.220643
INFO:root:Epoch 429
INFO:root:[429,     0] loss: 8.676828e-02 masks: 20.0 20.0 [wd: 3.82e-01] [lr: 6.02e-05] [mem: 7.73e+03] (212.8 ms)
INFO:root:[429,     0] grad_stats: [2.00e-03 1.52e-03] (3.75e-04, 4.61e-02)
INFO:root:[429,   116] loss: 8.592265e-02 masks: 22.6 17.0 [wd: 3.82e-01] [lr: 5.94e-05] [mem: 7.73e+03] (219.5 ms)
INFO:root:[429,   116] grad_stats: [1.31e-03 1.57e-03] (3.36e-04, 2.86e-02)
INFO:root:[429,   232] loss: 8.565821e-02 masks: 22.8 16.8 [wd: 3.82e-01] [lr: 5.86e-05] [mem: 7.73e+03] (220.5 ms)
INFO:root:[429,   232] grad_stats: [3.06e-03 1.52e-03] (4.14e-04, 3.87e-02)
INFO:root:avg. loss 8.56582064e-02
INFO:root:time taken for epoch 0:01:04.954886
INFO:root:Epoch 430
INFO:root:[430,     0] loss: 9.098435e-02 masks: 20.0 20.0 [wd: 3.82e-01] [lr: 5.86e-05] [mem: 7.73e+03] (213.4 ms)
INFO:root:[430,     0] grad_stats: [1.55e-03 1.15e-03] (4.03e-04, 7.28e-02)
INFO:root:[430,   116] loss: 8.807364e-02 masks: 21.1 17.6 [wd: 3.83e-01] [lr: 5.78e-05] [mem: 7.73e+03] (214.8 ms)
INFO:root:[430,   116] grad_stats: [2.23e-03 1.42e-03] (3.84e-04, 3.81e-02)
INFO:root:[430,   232] loss: 8.757858e-02 masks: 21.5 17.4 [wd: 3.83e-01] [lr: 5.70e-05] [mem: 7.73e+03] (216.9 ms)
INFO:root:[430,   232] grad_stats: [1.65e-03 1.24e-03] (3.85e-04, 3.47e-02)
INFO:root:avg. loss 8.75785804e-02
INFO:root:time taken for epoch 0:01:04.138526
INFO:root:Epoch 431
INFO:root:[431,     0] loss: 9.701087e-02 masks: 14.0 20.0 [wd: 3.83e-01] [lr: 5.70e-05] [mem: 7.73e+03] (191.0 ms)
INFO:root:[431,     0] grad_stats: [1.43e-03 1.57e-03] (4.09e-04, 5.30e-02)
INFO:root:[431,   116] loss: 8.583286e-02 masks: 22.8 17.1 [wd: 3.83e-01] [lr: 5.62e-05] [mem: 7.73e+03] (220.6 ms)
INFO:root:[431,   116] grad_stats: [1.36e-03 1.33e-03] (3.44e-04, 2.93e-02)
INFO:root:[431,   232] loss: 8.651077e-02 masks: 22.5 17.1 [wd: 3.83e-01] [lr: 5.54e-05] [mem: 7.73e+03] (219.9 ms)
INFO:root:[431,   232] grad_stats: [2.49e-03 1.01e-03] (3.69e-04, 2.41e-02)
INFO:root:avg. loss 8.65107712e-02
INFO:root:time taken for epoch 0:01:04.929950
INFO:root:Epoch 432
INFO:root:[432,     0] loss: 8.861675e-02 masks: 19.0 20.0 [wd: 3.83e-01] [lr: 5.54e-05] [mem: 7.73e+03] (211.7 ms)
INFO:root:[432,     0] grad_stats: [1.81e-03 1.17e-03] (3.68e-04, 3.72e-02)
INFO:root:[432,   116] loss: 8.677996e-02 masks: 22.2 17.1 [wd: 3.84e-01] [lr: 5.47e-05] [mem: 7.73e+03] (218.2 ms)
INFO:root:[432,   116] grad_stats: [2.29e-03 1.36e-03] (4.38e-04, 2.66e-02)
INFO:root:[432,   232] loss: 8.667939e-02 masks: 22.2 17.1 [wd: 3.84e-01] [lr: 5.39e-05] [mem: 7.73e+03] (218.8 ms)
INFO:root:[432,   232] grad_stats: [1.47e-03 1.43e-03] (3.69e-04, 2.31e-02)
INFO:root:avg. loss 8.66793907e-02
INFO:root:time taken for epoch 0:01:04.438368
INFO:root:Epoch 433
INFO:root:[433,     0] loss: 7.603747e-02 masks: 27.0 16.0 [wd: 3.84e-01] [lr: 5.39e-05] [mem: 7.73e+03] (232.9 ms)
INFO:root:[433,     0] grad_stats: [3.06e-03 1.03e-03] (3.52e-04, 8.68e-02)
INFO:root:[433,   116] loss: 8.798632e-02 masks: 21.3 17.5 [wd: 3.84e-01] [lr: 5.31e-05] [mem: 7.73e+03] (215.3 ms)
INFO:root:[433,   116] grad_stats: [1.41e-03 2.06e-03] (4.76e-04, 2.66e-02)
INFO:root:[433,   232] loss: 8.784980e-02 masks: 21.5 17.3 [wd: 3.84e-01] [lr: 5.24e-05] [mem: 7.73e+03] (216.7 ms)
INFO:root:[433,   232] grad_stats: [1.70e-03 1.23e-03] (3.96e-04, 2.06e-02)
INFO:root:avg. loss 8.78497959e-02
INFO:root:time taken for epoch 0:01:04.095112
INFO:root:Epoch 434
INFO:root:[434,     0] loss: 8.931465e-02 masks: 17.0 16.0 [wd: 3.84e-01] [lr: 5.24e-05] [mem: 7.73e+03] (193.8 ms)
INFO:root:[434,     0] grad_stats: [1.92e-03 1.72e-03] (4.60e-04, 3.22e-02)
INFO:root:[434,   116] loss: 8.644216e-02 masks: 22.2 17.3 [wd: 3.85e-01] [lr: 5.16e-05] [mem: 7.73e+03] (218.3 ms)
INFO:root:[434,   116] grad_stats: [4.56e-03 1.27e-03] (3.94e-04, 2.47e-02)
INFO:root:[434,   232] loss: 8.683105e-02 masks: 22.1 17.2 [wd: 3.85e-01] [lr: 5.09e-05] [mem: 7.73e+03] (218.7 ms)
INFO:root:[434,   232] grad_stats: [2.33e-03 2.60e-03] (4.88e-04, 5.98e-02)
INFO:root:avg. loss 8.68310477e-02
INFO:root:time taken for epoch 0:01:04.569302
INFO:root:Epoch 435
INFO:root:[435,     0] loss: 8.904459e-02 masks: 26.0 16.0 [wd: 3.85e-01] [lr: 5.09e-05] [mem: 7.73e+03] (230.3 ms)
INFO:root:[435,     0] grad_stats: [1.46e-03 1.48e-03] (4.11e-04, 3.63e-02)
INFO:root:[435,   116] loss: 8.660534e-02 masks: 21.9 17.3 [wd: 3.85e-01] [lr: 5.01e-05] [mem: 7.73e+03] (217.3 ms)
INFO:root:[435,   116] grad_stats: [2.17e-03 2.36e-03] (5.48e-04, 4.11e-02)
INFO:root:[435,   232] loss: 8.736170e-02 masks: 21.8 17.2 [wd: 3.85e-01] [lr: 4.94e-05] [mem: 7.73e+03] (217.1 ms)
INFO:root:[435,   232] grad_stats: [1.26e-03 9.83e-04] (2.96e-04, 5.32e-02)
INFO:root:avg. loss 8.73617027e-02
INFO:root:time taken for epoch 0:01:04.276510
INFO:root:Epoch 436
INFO:root:[436,     0] loss: 8.904082e-02 masks: 18.0 20.0 [wd: 3.85e-01] [lr: 4.94e-05] [mem: 7.73e+03] (207.1 ms)
INFO:root:[436,     0] grad_stats: [1.69e-03 1.11e-03] (4.12e-04, 2.77e-02)
INFO:root:[436,   116] loss: 8.553760e-02 masks: 23.0 16.9 [wd: 3.85e-01] [lr: 4.87e-05] [mem: 7.73e+03] (220.9 ms)
INFO:root:[436,   116] grad_stats: [1.76e-03 1.92e-03] (4.11e-04, 3.82e-02)
INFO:root:[436,   232] loss: 8.695312e-02 masks: 22.1 17.2 [wd: 3.86e-01] [lr: 4.80e-05] [mem: 7.73e+03] (218.6 ms)
INFO:root:[436,   232] grad_stats: [2.38e-03 1.93e-03] (4.77e-04, 4.01e-02)
INFO:root:avg. loss 8.69531194e-02
INFO:root:time taken for epoch 0:01:04.582568
INFO:root:Epoch 437
INFO:root:[437,     0] loss: 9.859647e-02 masks: 12.0 20.0 [wd: 3.86e-01] [lr: 4.80e-05] [mem: 7.73e+03] (182.7 ms)
INFO:root:[437,     0] grad_stats: [2.40e-03 1.72e-03] (5.10e-04, 3.27e-02)
INFO:root:[437,   116] loss: 8.582092e-02 masks: 23.0 17.1 [wd: 3.86e-01] [lr: 4.72e-05] [mem: 7.73e+03] (221.5 ms)
INFO:root:[437,   116] grad_stats: [2.25e-03 1.17e-03] (3.69e-04, 2.82e-02)
INFO:root:[437,   232] loss: 8.650977e-02 masks: 22.7 17.2 [wd: 3.86e-01] [lr: 4.65e-05] [mem: 7.73e+03] (220.6 ms)
INFO:root:[437,   232] grad_stats: [1.48e-03 1.77e-03] (4.20e-04, 2.77e-02)
INFO:root:avg. loss 8.65097722e-02
INFO:root:time taken for epoch 0:01:05.012442
INFO:root:Epoch 438
INFO:root:[438,     0] loss: 8.883240e-02 masks: 16.0 20.0 [wd: 3.86e-01] [lr: 4.65e-05] [mem: 7.73e+03] (199.5 ms)
INFO:root:[438,     0] grad_stats: [1.46e-03 1.24e-03] (4.20e-04, 3.07e-02)
INFO:root:[438,   116] loss: 8.682303e-02 masks: 22.2 17.4 [wd: 3.86e-01] [lr: 4.58e-05] [mem: 7.73e+03] (218.9 ms)
INFO:root:[438,   116] grad_stats: [1.73e-03 1.91e-03] (4.20e-04, 4.23e-02)
INFO:root:[438,   232] loss: 8.716861e-02 masks: 22.2 17.4 [wd: 3.87e-01] [lr: 4.51e-05] [mem: 7.73e+03] (219.4 ms)
INFO:root:[438,   232] grad_stats: [1.55e-03 1.38e-03] (3.86e-04, 3.93e-02)
INFO:root:avg. loss 8.71686149e-02
INFO:root:time taken for epoch 0:01:04.751678
INFO:root:Epoch 439
INFO:root:[439,     0] loss: 7.780424e-02 masks: 26.0 16.0 [wd: 3.87e-01] [lr: 4.51e-05] [mem: 7.73e+03] (230.6 ms)
INFO:root:[439,     0] grad_stats: [1.50e-03 1.52e-03] (3.44e-04, 4.62e-02)
INFO:root:[439,   116] loss: 8.662350e-02 masks: 21.8 17.4 [wd: 3.87e-01] [lr: 4.44e-05] [mem: 7.73e+03] (217.2 ms)
INFO:root:[439,   116] grad_stats: [1.23e-03 1.31e-03] (3.68e-04, 2.46e-02)
INFO:root:[439,   232] loss: 8.723714e-02 masks: 21.8 17.4 [wd: 3.87e-01] [lr: 4.37e-05] [mem: 7.73e+03] (217.7 ms)
INFO:root:[439,   232] grad_stats: [1.29e-03 1.33e-03] (3.97e-04, 3.68e-02)
INFO:root:avg. loss 8.72371410e-02
INFO:root:time taken for epoch 0:01:04.178209
INFO:root:Epoch 440
INFO:root:[440,     0] loss: 8.015861e-02 masks: 21.0 20.0 [wd: 3.87e-01] [lr: 4.37e-05] [mem: 7.73e+03] (217.9 ms)
INFO:root:[440,     0] grad_stats: [1.62e-03 9.85e-04] (3.39e-04, 4.19e-02)
INFO:root:[440,   116] loss: 8.649152e-02 masks: 22.1 17.4 [wd: 3.87e-01] [lr: 4.30e-05] [mem: 7.73e+03] (218.5 ms)
INFO:root:[440,   116] grad_stats: [1.29e-03 1.10e-03] (2.98e-04, 2.58e-02)
INFO:root:[440,   232] loss: 8.695635e-02 masks: 21.9 17.4 [wd: 3.87e-01] [lr: 4.24e-05] [mem: 7.73e+03] (218.3 ms)
INFO:root:[440,   232] grad_stats: [2.15e-03 1.11e-03] (3.26e-04, 3.87e-02)
INFO:root:avg. loss 8.69563488e-02
INFO:root:time taken for epoch 0:01:04.468887
INFO:root:Epoch 441
INFO:root:[441,     0] loss: 8.543639e-02 masks: 18.0 20.0 [wd: 3.87e-01] [lr: 4.23e-05] [mem: 7.73e+03] (205.0 ms)
INFO:root:[441,     0] grad_stats: [1.62e-03 1.35e-03] (3.86e-04, 3.00e-02)
INFO:root:[441,   116] loss: 8.633376e-02 masks: 22.2 17.2 [wd: 3.88e-01] [lr: 4.17e-05] [mem: 7.73e+03] (218.1 ms)
INFO:root:[441,   116] grad_stats: [1.89e-03 1.14e-03] (3.00e-04, 2.48e-02)
INFO:root:[441,   232] loss: 8.650688e-02 masks: 22.2 17.3 [wd: 3.88e-01] [lr: 4.10e-05] [mem: 7.73e+03] (219.1 ms)
INFO:root:[441,   232] grad_stats: [1.38e-03 1.02e-03] (3.31e-04, 4.19e-02)
INFO:root:avg. loss 8.65068761e-02
INFO:root:time taken for epoch 0:01:04.507633
INFO:root:Epoch 442
INFO:root:[442,     0] loss: 9.377687e-02 masks: 17.0 20.0 [wd: 3.88e-01] [lr: 4.10e-05] [mem: 7.73e+03] (202.6 ms)
INFO:root:[442,     0] grad_stats: [2.39e-03 1.51e-03] (3.86e-04, 3.54e-02)
INFO:root:[442,   116] loss: 8.805012e-02 masks: 21.3 17.4 [wd: 3.88e-01] [lr: 4.03e-05] [mem: 7.73e+03] (215.2 ms)
INFO:root:[442,   116] grad_stats: [1.64e-03 1.92e-03] (5.68e-04, 3.69e-02)
INFO:root:[442,   232] loss: 8.757963e-02 masks: 21.7 17.4 [wd: 3.88e-01] [lr: 3.97e-05] [mem: 7.73e+03] (217.3 ms)
INFO:root:[442,   232] grad_stats: [1.34e-03 1.10e-03] (3.71e-04, 5.64e-02)
INFO:root:avg. loss 8.75796313e-02
INFO:root:time taken for epoch 0:01:04.156446
INFO:root:Epoch 443
INFO:root:[443,     0] loss: 8.022482e-02 masks: 27.0 16.0 [wd: 3.88e-01] [lr: 3.97e-05] [mem: 7.73e+03] (231.8 ms)
INFO:root:[443,     0] grad_stats: [1.45e-03 1.83e-03] (4.44e-04, 4.81e-02)
INFO:root:[443,   116] loss: 8.593618e-02 masks: 22.5 17.2 [wd: 3.88e-01] [lr: 3.90e-05] [mem: 7.73e+03] (219.5 ms)
INFO:root:[443,   116] grad_stats: [3.23e-03 1.07e-03] (3.09e-04, 5.33e-02)
INFO:root:[443,   232] loss: 8.655520e-02 masks: 22.2 17.3 [wd: 3.89e-01] [lr: 3.84e-05] [mem: 7.73e+03] (219.2 ms)
INFO:root:[443,   232] grad_stats: [1.15e-03 1.31e-03] (3.29e-04, 2.49e-02)
INFO:root:avg. loss 8.65551957e-02
INFO:root:time taken for epoch 0:01:04.650178
INFO:root:Epoch 444
INFO:root:[444,     0] loss: 8.560686e-02 masks: 19.0 20.0 [wd: 3.89e-01] [lr: 3.84e-05] [mem: 7.73e+03] (210.0 ms)
INFO:root:[444,     0] grad_stats: [1.33e-03 1.87e-03] (4.35e-04, 5.63e-02)
INFO:root:[444,   116] loss: 8.677878e-02 masks: 21.7 17.3 [wd: 3.89e-01] [lr: 3.77e-05] [mem: 7.73e+03] (216.8 ms)
INFO:root:[444,   116] grad_stats: [2.05e-03 1.57e-03] (4.12e-04, 5.24e-02)
INFO:root:[444,   232] loss: 8.691989e-02 masks: 21.7 17.3 [wd: 3.89e-01] [lr: 3.71e-05] [mem: 7.73e+03] (217.2 ms)
INFO:root:[444,   232] grad_stats: [1.91e-03 1.20e-03] (4.11e-04, 5.14e-02)
INFO:root:avg. loss 8.69198858e-02
INFO:root:time taken for epoch 0:01:04.207018
INFO:root:Epoch 445
INFO:root:[445,     0] loss: 9.318234e-02 masks: 19.0 20.0 [wd: 3.89e-01] [lr: 3.71e-05] [mem: 7.73e+03] (211.2 ms)
INFO:root:[445,     0] grad_stats: [2.56e-03 2.04e-03] (4.62e-04, 4.21e-02)
INFO:root:[445,   116] loss: 8.745910e-02 masks: 21.9 17.3 [wd: 3.89e-01] [lr: 3.65e-05] [mem: 7.73e+03] (217.2 ms)
INFO:root:[445,   116] grad_stats: [1.45e-03 2.00e-03] (4.85e-04, 4.63e-02)
INFO:root:[445,   232] loss: 8.730992e-02 masks: 21.6 17.4 [wd: 3.89e-01] [lr: 3.58e-05] [mem: 7.73e+03] (217.1 ms)
INFO:root:[445,   232] grad_stats: [2.22e-03 1.28e-03] (4.55e-04, 4.40e-02)
INFO:root:avg. loss 8.73099196e-02
INFO:root:time taken for epoch 0:01:04.131311
INFO:root:Epoch 446
INFO:root:[446,     0] loss: 7.538470e-02 masks: 24.0 16.0 [wd: 3.89e-01] [lr: 3.58e-05] [mem: 7.73e+03] (219.1 ms)
INFO:root:[446,     0] grad_stats: [1.99e-03 1.47e-03] (4.17e-04, 2.50e-02)
INFO:root:[446,   116] loss: 8.853993e-02 masks: 21.1 17.7 [wd: 3.90e-01] [lr: 3.52e-05] [mem: 7.73e+03] (215.0 ms)
INFO:root:[446,   116] grad_stats: [1.35e-03 1.23e-03] (3.58e-04, 1.74e-02)
INFO:root:[446,   232] loss: 8.802001e-02 masks: 21.2 17.7 [wd: 3.90e-01] [lr: 3.46e-05] [mem: 7.73e+03] (216.2 ms)
INFO:root:[446,   232] grad_stats: [2.93e-03 1.64e-03] (4.91e-04, 3.15e-02)
INFO:root:avg. loss 8.80200141e-02
INFO:root:time taken for epoch 0:01:03.942585
INFO:root:Epoch 447
INFO:root:[447,     0] loss: 7.966590e-02 masks: 20.0 20.0 [wd: 3.90e-01] [lr: 3.46e-05] [mem: 7.73e+03] (213.8 ms)
INFO:root:[447,     0] grad_stats: [2.25e-03 1.43e-03] (4.65e-04, 3.05e-02)
INFO:root:[447,   116] loss: 8.706798e-02 masks: 21.9 17.3 [wd: 3.90e-01] [lr: 3.40e-05] [mem: 7.73e+03] (217.2 ms)
INFO:root:[447,   116] grad_stats: [9.27e-04 1.70e-03] (3.48e-04, 3.50e-02)
INFO:root:[447,   232] loss: 8.701576e-02 masks: 21.8 17.5 [wd: 3.90e-01] [lr: 3.34e-05] [mem: 7.73e+03] (217.9 ms)
INFO:root:[447,   232] grad_stats: [3.11e-03 1.80e-03] (5.29e-04, 3.01e-02)
INFO:root:avg. loss 8.70157636e-02
INFO:root:time taken for epoch 0:01:04.400228
INFO:root:Epoch 448
INFO:root:[448,     0] loss: 7.912407e-02 masks: 27.0 16.0 [wd: 3.90e-01] [lr: 3.34e-05] [mem: 7.73e+03] (233.6 ms)
INFO:root:[448,     0] grad_stats: [1.53e-03 1.44e-03] (4.58e-04, 4.70e-02)
INFO:root:[448,   116] loss: 8.725263e-02 masks: 21.5 17.3 [wd: 3.90e-01] [lr: 3.28e-05] [mem: 7.73e+03] (215.9 ms)
INFO:root:[448,   116] grad_stats: [1.51e-03 1.70e-03] (4.06e-04, 2.68e-02)
INFO:root:[448,   232] loss: 8.660903e-02 masks: 22.3 17.1 [wd: 3.90e-01] [lr: 3.22e-05] [mem: 7.73e+03] (218.9 ms)
INFO:root:[448,   232] grad_stats: [2.54e-03 1.74e-03] (3.77e-04, 3.23e-02)
INFO:root:avg. loss 8.66090336e-02
INFO:root:time taken for epoch 0:01:04.533309
INFO:root:Epoch 449
INFO:root:[449,     0] loss: 8.393366e-02 masks: 23.0 16.0 [wd: 3.90e-01] [lr: 3.22e-05] [mem: 7.73e+03] (215.6 ms)
INFO:root:[449,     0] grad_stats: [1.54e-03 1.15e-03] (3.43e-04, 5.18e-02)
INFO:root:[449,   116] loss: 8.534685e-02 masks: 23.0 16.9 [wd: 3.91e-01] [lr: 3.16e-05] [mem: 7.73e+03] (220.8 ms)
INFO:root:[449,   116] grad_stats: [1.62e-03 8.51e-04] (3.11e-04, 2.77e-02)
INFO:root:[449,   232] loss: 8.644537e-02 masks: 22.3 17.2 [wd: 3.91e-01] [lr: 3.10e-05] [mem: 7.73e+03] (219.1 ms)
INFO:root:[449,   232] grad_stats: [2.60e-03 1.95e-03] (4.66e-04, 4.12e-02)
INFO:root:avg. loss 8.64453690e-02
INFO:root:time taken for epoch 0:01:04.543767
INFO:root:Epoch 450
INFO:root:[450,     0] loss: 7.991465e-02 masks: 33.0 12.0 [wd: 3.91e-01] [lr: 3.10e-05] [mem: 7.73e+03] (244.6 ms)
INFO:root:[450,     0] grad_stats: [2.51e-03 1.25e-03] (3.90e-04, 3.32e-02)
INFO:root:[450,   116] loss: 8.661991e-02 masks: 22.1 17.2 [wd: 3.91e-01] [lr: 3.04e-05] [mem: 7.73e+03] (217.7 ms)
INFO:root:[450,   116] grad_stats: [2.99e-03 1.88e-03] (3.92e-04, 6.04e-02)
INFO:root:[450,   232] loss: 8.644341e-02 masks: 22.1 17.2 [wd: 3.91e-01] [lr: 2.98e-05] [mem: 7.73e+03] (218.6 ms)
INFO:root:[450,   232] grad_stats: [2.44e-03 1.40e-03] (4.19e-04, 3.05e-02)
INFO:root:avg. loss 8.64434134e-02
INFO:root:time taken for epoch 0:01:04.492283
INFO:root:Epoch 451
INFO:root:[451,     0] loss: 9.523015e-02 masks: 17.0 16.0 [wd: 3.91e-01] [lr: 2.98e-05] [mem: 7.73e+03] (193.2 ms)
INFO:root:[451,     0] grad_stats: [2.13e-03 2.93e-03] (5.55e-04, 3.93e-02)
INFO:root:[451,   116] loss: 8.606786e-02 masks: 22.4 17.0 [wd: 3.91e-01] [lr: 2.93e-05] [mem: 7.73e+03] (218.6 ms)
INFO:root:[451,   116] grad_stats: [1.55e-03 1.06e-03] (3.54e-04, 4.95e-02)
INFO:root:[451,   232] loss: 8.702042e-02 masks: 21.7 17.2 [wd: 3.92e-01] [lr: 2.87e-05] [mem: 7.73e+03] (216.9 ms)
INFO:root:[451,   232] grad_stats: [1.73e-03 1.56e-03] (4.28e-04, 2.75e-02)
INFO:root:avg. loss 8.70204202e-02
INFO:root:time taken for epoch 0:01:04.167489
INFO:root:Epoch 452
INFO:root:[452,     0] loss: 8.762547e-02 masks: 18.0 20.0 [wd: 3.92e-01] [lr: 2.87e-05] [mem: 7.73e+03] (206.5 ms)
INFO:root:[452,     0] grad_stats: [2.62e-03 1.73e-03] (4.65e-04, 2.88e-02)
INFO:root:[452,   116] loss: 8.625632e-02 masks: 22.0 17.3 [wd: 3.92e-01] [lr: 2.81e-05] [mem: 7.73e+03] (217.7 ms)
INFO:root:[452,   116] grad_stats: [1.13e-03 1.11e-03] (3.88e-04, 2.31e-02)
INFO:root:[452,   232] loss: 8.661461e-02 masks: 22.2 17.1 [wd: 3.92e-01] [lr: 2.76e-05] [mem: 7.73e+03] (218.6 ms)
INFO:root:[452,   232] grad_stats: [3.99e-03 2.48e-03] (6.51e-04, 5.93e-02)
INFO:root:avg. loss 8.66146106e-02
INFO:root:time taken for epoch 0:01:04.594512
INFO:root:Epoch 453
INFO:root:[453,     0] loss: 8.789773e-02 masks: 24.0 16.0 [wd: 3.92e-01] [lr: 2.76e-05] [mem: 7.73e+03] (218.3 ms)
INFO:root:[453,     0] grad_stats: [3.02e-03 1.27e-03] (4.31e-04, 2.82e-02)
INFO:root:[453,   116] loss: 8.751609e-02 masks: 21.6 17.5 [wd: 3.92e-01] [lr: 2.71e-05] [mem: 7.73e+03] (216.6 ms)
INFO:root:[453,   116] grad_stats: [2.56e-03 1.25e-03] (4.31e-04, 4.95e-02)
INFO:root:[453,   232] loss: 8.695731e-02 masks: 21.7 17.4 [wd: 3.92e-01] [lr: 2.65e-05] [mem: 7.73e+03] (217.5 ms)
INFO:root:[453,   232] grad_stats: [1.34e-03 1.22e-03] (3.66e-04, 3.32e-02)
INFO:root:avg. loss 8.69573055e-02
INFO:root:time taken for epoch 0:01:04.261825
INFO:root:Epoch 454
INFO:root:[454,     0] loss: 9.718495e-02 masks: 17.0 16.0 [wd: 3.92e-01] [lr: 2.65e-05] [mem: 7.73e+03] (193.1 ms)
INFO:root:[454,     0] grad_stats: [2.02e-03 2.06e-03] (5.59e-04, 3.14e-02)
INFO:root:[454,   116] loss: 8.675888e-02 masks: 21.8 17.6 [wd: 3.92e-01] [lr: 2.60e-05] [mem: 7.73e+03] (217.7 ms)
INFO:root:[454,   116] grad_stats: [2.32e-03 1.64e-03] (5.07e-04, 4.28e-02)
INFO:root:[454,   232] loss: 8.656459e-02 masks: 21.9 17.4 [wd: 3.93e-01] [lr: 2.54e-05] [mem: 7.73e+03] (218.4 ms)
INFO:root:[454,   232] grad_stats: [1.45e-03 1.61e-03] (4.78e-04, 3.46e-02)
INFO:root:avg. loss 8.65645933e-02
INFO:root:time taken for epoch 0:01:04.470537
INFO:root:Epoch 455
INFO:root:[455,     0] loss: 8.180118e-02 masks: 21.0 16.0 [wd: 3.93e-01] [lr: 2.54e-05] [mem: 7.73e+03] (208.4 ms)
INFO:root:[455,     0] grad_stats: [9.63e-04 1.34e-03] (3.74e-04, 2.80e-02)
INFO:root:[455,   116] loss: 8.617602e-02 masks: 22.4 17.2 [wd: 3.93e-01] [lr: 2.49e-05] [mem: 7.73e+03] (219.4 ms)
INFO:root:[455,   116] grad_stats: [9.92e-04 8.41e-04] (3.30e-04, 3.24e-02)
INFO:root:[455,   232] loss: 8.687908e-02 masks: 22.0 17.3 [wd: 3.93e-01] [lr: 2.44e-05] [mem: 7.73e+03] (218.3 ms)
INFO:root:[455,   232] grad_stats: [3.92e-03 1.29e-03] (4.09e-04, 4.03e-02)
INFO:root:avg. loss 8.68790771e-02
INFO:root:time taken for epoch 0:01:04.459630
INFO:root:Epoch 456
INFO:root:[456,     0] loss: 8.368235e-02 masks: 27.0 16.0 [wd: 3.93e-01] [lr: 2.44e-05] [mem: 7.73e+03] (233.7 ms)
INFO:root:[456,     0] grad_stats: [1.31e-03 1.17e-03] (3.88e-04, 6.29e-02)
INFO:root:[456,   116] loss: 8.575259e-02 masks: 22.4 17.2 [wd: 3.93e-01] [lr: 2.39e-05] [mem: 7.73e+03] (219.1 ms)
INFO:root:[456,   116] grad_stats: [1.79e-03 1.01e-03] (3.57e-04, 5.00e-02)
INFO:root:[456,   232] loss: 8.611838e-02 masks: 22.3 17.2 [wd: 3.93e-01] [lr: 2.34e-05] [mem: 7.73e+03] (219.6 ms)
INFO:root:[456,   232] grad_stats: [3.34e-03 1.95e-03] (4.88e-04, 3.61e-02)
INFO:root:avg. loss 8.61183827e-02
INFO:root:time taken for epoch 0:01:04.733787
INFO:root:Epoch 457
INFO:root:[457,     0] loss: 7.668144e-02 masks: 27.0 16.0 [wd: 3.93e-01] [lr: 2.34e-05] [mem: 7.73e+03] (233.4 ms)
INFO:root:[457,     0] grad_stats: [1.70e-03 1.18e-03] (3.83e-04, 3.16e-02)
INFO:root:[457,   116] loss: 8.715980e-02 masks: 21.5 17.2 [wd: 3.93e-01] [lr: 2.29e-05] [mem: 7.73e+03] (215.6 ms)
INFO:root:[457,   116] grad_stats: [1.59e-03 2.52e-03] (5.95e-04, 6.13e-02)
INFO:root:[457,   232] loss: 8.763278e-02 masks: 21.2 17.5 [wd: 3.93e-01] [lr: 2.24e-05] [mem: 7.73e+03] (215.5 ms)
INFO:root:[457,   232] grad_stats: [1.54e-03 9.42e-04] (3.67e-04, 2.67e-02)
INFO:root:avg. loss 8.76327837e-02
INFO:root:time taken for epoch 0:01:03.760597
INFO:root:Epoch 458
INFO:root:[458,     0] loss: 8.244269e-02 masks: 21.0 16.0 [wd: 3.93e-01] [lr: 2.24e-05] [mem: 7.73e+03] (209.8 ms)
INFO:root:[458,     0] grad_stats: [1.71e-03 1.17e-03] (3.82e-04, 3.62e-02)
INFO:root:[458,   116] loss: 8.692921e-02 masks: 21.6 17.5 [wd: 3.94e-01] [lr: 2.19e-05] [mem: 7.73e+03] (216.6 ms)
INFO:root:[458,   116] grad_stats: [3.01e-03 1.60e-03] (5.72e-04, 2.66e-02)
INFO:root:[458,   232] loss: 8.609864e-02 masks: 22.1 17.2 [wd: 3.94e-01] [lr: 2.14e-05] [mem: 7.73e+03] (218.5 ms)
INFO:root:[458,   232] grad_stats: [1.61e-03 1.07e-03] (3.92e-04, 4.99e-02)
INFO:root:avg. loss 8.60986446e-02
INFO:root:time taken for epoch 0:01:04.483747
INFO:root:Epoch 459
INFO:root:[459,     0] loss: 8.654852e-02 masks: 21.0 16.0 [wd: 3.94e-01] [lr: 2.14e-05] [mem: 7.73e+03] (206.9 ms)
INFO:root:[459,     0] grad_stats: [1.64e-03 1.50e-03] (5.13e-04, 3.10e-02)
INFO:root:[459,   116] loss: 8.713253e-02 masks: 21.7 17.4 [wd: 3.94e-01] [lr: 2.09e-05] [mem: 7.73e+03] (216.6 ms)
INFO:root:[459,   116] grad_stats: [1.80e-03 1.32e-03] (4.61e-04, 6.59e-02)
INFO:root:[459,   232] loss: 8.692422e-02 masks: 21.8 17.4 [wd: 3.94e-01] [lr: 2.05e-05] [mem: 7.73e+03] (217.6 ms)
INFO:root:[459,   232] grad_stats: [1.51e-03 1.04e-03] (3.94e-04, 2.95e-02)
INFO:root:avg. loss 8.69242169e-02
INFO:root:time taken for epoch 0:01:04.266272
INFO:root:Epoch 460
INFO:root:[460,     0] loss: 8.373578e-02 masks: 25.0 16.0 [wd: 3.94e-01] [lr: 2.05e-05] [mem: 7.73e+03] (225.3 ms)
INFO:root:[460,     0] grad_stats: [1.57e-03 1.69e-03] (4.39e-04, 4.41e-02)
INFO:root:[460,   116] loss: 8.605937e-02 masks: 22.1 17.0 [wd: 3.94e-01] [lr: 2.00e-05] [mem: 7.73e+03] (217.5 ms)
INFO:root:[460,   116] grad_stats: [1.59e-03 1.36e-03] (4.55e-04, 6.25e-02)
INFO:root:[460,   232] loss: 8.677774e-02 masks: 21.8 17.3 [wd: 3.94e-01] [lr: 1.95e-05] [mem: 7.73e+03] (217.6 ms)
INFO:root:[460,   232] grad_stats: [1.80e-03 1.29e-03] (4.79e-04, 2.51e-02)
INFO:root:avg. loss 8.67777444e-02
INFO:root:time taken for epoch 0:01:04.282677
INFO:root:Epoch 461
INFO:root:[461,     0] loss: 8.507798e-02 masks: 24.0 16.0 [wd: 3.94e-01] [lr: 1.95e-05] [mem: 7.73e+03] (220.6 ms)
INFO:root:[461,     0] grad_stats: [1.96e-03 2.49e-03] (5.25e-04, 7.14e-02)
INFO:root:[461,   116] loss: 8.712131e-02 masks: 21.4 17.4 [wd: 3.94e-01] [lr: 1.91e-05] [mem: 7.73e+03] (215.8 ms)
INFO:root:[461,   116] grad_stats: [1.55e-03 1.59e-03] (4.59e-04, 2.56e-02)
INFO:root:[461,   232] loss: 8.639026e-02 masks: 21.8 17.2 [wd: 3.95e-01] [lr: 1.86e-05] [mem: 7.73e+03] (217.7 ms)
INFO:root:[461,   232] grad_stats: [2.82e-03 2.36e-03] (5.57e-04, 3.35e-02)
INFO:root:avg. loss 8.63902553e-02
INFO:root:time taken for epoch 0:01:04.390527
INFO:root:Epoch 462
INFO:root:[462,     0] loss: 8.909474e-02 masks: 17.0 20.0 [wd: 3.95e-01] [lr: 1.86e-05] [mem: 7.73e+03] (202.6 ms)
INFO:root:[462,     0] grad_stats: [3.27e-03 2.54e-03] (4.83e-04, 3.05e-02)
INFO:root:[462,   116] loss: 8.649165e-02 masks: 22.1 17.3 [wd: 3.95e-01] [lr: 1.82e-05] [mem: 7.73e+03] (218.2 ms)
INFO:root:[462,   116] grad_stats: [1.01e-03 8.80e-04] (3.26e-04, 2.17e-02)
INFO:root:[462,   232] loss: 8.627635e-02 masks: 22.2 17.1 [wd: 3.95e-01] [lr: 1.77e-05] [mem: 7.73e+03] (219.0 ms)
INFO:root:[462,   232] grad_stats: [1.01e-03 9.99e-04] (3.66e-04, 2.03e-02)
INFO:root:avg. loss 8.62763540e-02
INFO:root:time taken for epoch 0:01:04.592944
INFO:root:Epoch 463
INFO:root:[463,     0] loss: 8.470473e-02 masks: 21.0 20.0 [wd: 3.95e-01] [lr: 1.77e-05] [mem: 7.73e+03] (216.5 ms)
INFO:root:[463,     0] grad_stats: [1.55e-03 1.52e-03] (4.67e-04, 6.54e-02)
INFO:root:[463,   116] loss: 8.635161e-02 masks: 22.0 17.2 [wd: 3.95e-01] [lr: 1.73e-05] [mem: 7.73e+03] (217.9 ms)
INFO:root:[463,   116] grad_stats: [2.57e-03 2.14e-03] (5.58e-04, 3.10e-02)
INFO:root:[463,   232] loss: 8.630631e-02 masks: 22.0 17.2 [wd: 3.95e-01] [lr: 1.69e-05] [mem: 7.73e+03] (218.4 ms)
INFO:root:[463,   232] grad_stats: [2.49e-03 1.44e-03] (4.41e-04, 3.52e-02)
INFO:root:avg. loss 8.63063083e-02
INFO:root:time taken for epoch 0:01:04.393905
INFO:root:Epoch 464
INFO:root:[464,     0] loss: 9.906545e-02 masks: 12.0 20.0 [wd: 3.95e-01] [lr: 1.69e-05] [mem: 7.73e+03] (182.3 ms)
INFO:root:[464,     0] grad_stats: [2.46e-03 2.94e-03] (5.70e-04, 4.20e-02)
INFO:root:[464,   116] loss: 8.523180e-02 masks: 22.7 17.0 [wd: 3.95e-01] [lr: 1.64e-05] [mem: 7.73e+03] (219.9 ms)
INFO:root:[464,   116] grad_stats: [1.78e-03 1.55e-03] (4.38e-04, 2.95e-02)
INFO:root:[464,   232] loss: 8.577159e-02 masks: 22.4 17.1 [wd: 3.95e-01] [lr: 1.60e-05] [mem: 7.73e+03] (219.5 ms)
INFO:root:[464,   232] grad_stats: [3.28e-03 1.50e-03] (4.59e-04, 4.39e-02)
INFO:root:avg. loss 8.57715881e-02
INFO:root:time taken for epoch 0:01:04.705643
INFO:root:Epoch 465
INFO:root:[465,     0] loss: 7.729460e-02 masks: 27.0 16.0 [wd: 3.95e-01] [lr: 1.60e-05] [mem: 7.73e+03] (234.1 ms)
INFO:root:[465,     0] grad_stats: [2.88e-03 1.11e-03] (4.36e-04, 3.07e-02)
INFO:root:[465,   116] loss: 8.721577e-02 masks: 21.0 17.6 [wd: 3.96e-01] [lr: 1.56e-05] [mem: 7.73e+03] (214.6 ms)
INFO:root:[465,   116] grad_stats: [1.90e-03 1.19e-03] (3.60e-04, 2.30e-02)
INFO:root:[465,   232] loss: 8.666582e-02 masks: 21.5 17.5 [wd: 3.96e-01] [lr: 1.52e-05] [mem: 7.73e+03] (216.9 ms)
INFO:root:[465,   232] grad_stats: [2.11e-03 1.21e-03] (4.57e-04, 3.50e-02)
INFO:root:avg. loss 8.66658181e-02
INFO:root:time taken for epoch 0:01:04.129945
INFO:root:Epoch 466
INFO:root:[466,     0] loss: 9.968148e-02 masks: 14.0 20.0 [wd: 3.96e-01] [lr: 1.52e-05] [mem: 7.73e+03] (191.8 ms)
INFO:root:[466,     0] grad_stats: [1.86e-03 3.04e-03] (6.27e-04, 3.11e-02)
INFO:root:[466,   116] loss: 8.570590e-02 masks: 22.4 17.2 [wd: 3.96e-01] [lr: 1.48e-05] [mem: 7.73e+03] (219.0 ms)
INFO:root:[466,   116] grad_stats: [1.23e-03 1.17e-03] (4.18e-04, 2.89e-02)
INFO:root:[466,   232] loss: 8.686140e-02 masks: 21.6 17.5 [wd: 3.96e-01] [lr: 1.44e-05] [mem: 7.73e+03] (217.2 ms)
INFO:root:[466,   232] grad_stats: [2.64e-03 1.96e-03] (5.41e-04, 4.79e-02)
INFO:root:avg. loss 8.68613985e-02
INFO:root:time taken for epoch 0:01:04.200426
INFO:root:Epoch 467
INFO:root:[467,     0] loss: 7.269783e-02 masks: 35.0 12.0 [wd: 3.96e-01] [lr: 1.44e-05] [mem: 7.73e+03] (255.4 ms)
INFO:root:[467,     0] grad_stats: [1.25e-03 1.55e-03] (4.16e-04, 2.46e-02)
INFO:root:[467,   116] loss: 8.705010e-02 masks: 21.2 17.7 [wd: 3.96e-01] [lr: 1.40e-05] [mem: 7.73e+03] (215.7 ms)
INFO:root:[467,   116] grad_stats: [1.80e-03 1.58e-03] (4.24e-04, 3.15e-02)
INFO:root:[467,   232] loss: 8.671611e-02 masks: 21.5 17.4 [wd: 3.96e-01] [lr: 1.36e-05] [mem: 7.73e+03] (216.7 ms)
INFO:root:[467,   232] grad_stats: [2.74e-03 1.49e-03] (4.53e-04, 4.59e-02)
INFO:root:avg. loss 8.67161053e-02
INFO:root:time taken for epoch 0:01:04.059799
INFO:root:Epoch 468
INFO:root:[468,     0] loss: 8.988427e-02 masks: 18.0 20.0 [wd: 3.96e-01] [lr: 1.36e-05] [mem: 7.73e+03] (206.9 ms)
INFO:root:[468,     0] grad_stats: [1.13e-03 1.41e-03] (4.30e-04, 2.72e-02)
INFO:root:[468,   116] loss: 8.742559e-02 masks: 20.8 17.6 [wd: 3.96e-01] [lr: 1.33e-05] [mem: 7.73e+03] (213.7 ms)
INFO:root:[468,   116] grad_stats: [1.55e-03 1.35e-03] (3.97e-04, 3.10e-02)
INFO:root:[468,   232] loss: 8.654157e-02 masks: 21.7 17.3 [wd: 3.96e-01] [lr: 1.29e-05] [mem: 7.73e+03] (217.1 ms)
INFO:root:[468,   232] grad_stats: [3.58e-03 2.04e-03] (5.43e-04, 4.21e-02)
INFO:root:avg. loss 8.65415657e-02
INFO:root:time taken for epoch 0:01:04.202149
INFO:root:Epoch 469
INFO:root:[469,     0] loss: 9.124057e-02 masks: 23.0 16.0 [wd: 3.96e-01] [lr: 1.29e-05] [mem: 7.73e+03] (215.1 ms)
INFO:root:[469,     0] grad_stats: [1.36e-03 1.53e-03] (4.69e-04, 2.39e-02)
INFO:root:[469,   116] loss: 8.634957e-02 masks: 21.9 17.5 [wd: 3.96e-01] [lr: 1.25e-05] [mem: 7.73e+03] (218.0 ms)
INFO:root:[469,   116] grad_stats: [1.31e-03 1.48e-03] (4.73e-04, 2.39e-02)
INFO:root:[469,   232] loss: 8.640986e-02 masks: 21.8 17.4 [wd: 3.97e-01] [lr: 1.22e-05] [mem: 7.73e+03] (217.7 ms)
INFO:root:[469,   232] grad_stats: [2.06e-03 1.41e-03] (4.42e-04, 4.71e-02)
INFO:root:avg. loss 8.64098642e-02
INFO:root:time taken for epoch 0:01:04.343791
INFO:root:Epoch 470
INFO:root:[470,     0] loss: 1.041771e-01 masks: 12.0 20.0 [wd: 3.97e-01] [lr: 1.21e-05] [mem: 7.73e+03] (182.1 ms)
INFO:root:[470,     0] grad_stats: [4.98e-03 3.03e-03] (6.81e-04, 6.48e-02)
INFO:root:[470,   116] loss: 8.697593e-02 masks: 21.6 17.4 [wd: 3.97e-01] [lr: 1.18e-05] [mem: 7.73e+03] (216.6 ms)
INFO:root:[470,   116] grad_stats: [2.14e-03 1.19e-03] (4.16e-04, 2.91e-02)
INFO:root:[470,   232] loss: 8.675365e-02 masks: 21.5 17.6 [wd: 3.97e-01] [lr: 1.14e-05] [mem: 7.73e+03] (217.1 ms)
INFO:root:[470,   232] grad_stats: [1.48e-03 1.20e-03] (4.25e-04, 2.72e-02)
INFO:root:avg. loss 8.67536517e-02
INFO:root:time taken for epoch 0:01:04.210325
INFO:root:Epoch 471
INFO:root:[471,     0] loss: 8.897498e-02 masks: 23.0 16.0 [wd: 3.97e-01] [lr: 1.14e-05] [mem: 7.73e+03] (213.6 ms)
INFO:root:[471,     0] grad_stats: [1.52e-03 1.92e-03] (4.37e-04, 4.56e-02)
INFO:root:[471,   116] loss: 8.708399e-02 masks: 21.7 17.4 [wd: 3.97e-01] [lr: 1.11e-05] [mem: 7.73e+03] (216.7 ms)
INFO:root:[471,   116] grad_stats: [1.92e-03 1.74e-03] (4.42e-04, 4.17e-02)
INFO:root:[471,   232] loss: 8.656059e-02 masks: 21.7 17.4 [wd: 3.97e-01] [lr: 1.08e-05] [mem: 7.73e+03] (217.3 ms)
INFO:root:[471,   232] grad_stats: [1.39e-03 1.59e-03] (5.18e-04, 3.27e-02)
INFO:root:avg. loss 8.65605859e-02
INFO:root:time taken for epoch 0:01:04.264148
INFO:root:Epoch 472
INFO:root:[472,     0] loss: 8.551203e-02 masks: 24.0 16.0 [wd: 3.97e-01] [lr: 1.08e-05] [mem: 7.73e+03] (218.2 ms)
INFO:root:[472,     0] grad_stats: [1.44e-03 1.61e-03] (4.12e-04, 1.84e-02)
INFO:root:[472,   116] loss: 8.575203e-02 masks: 21.9 17.4 [wd: 3.97e-01] [lr: 1.04e-05] [mem: 7.73e+03] (217.6 ms)
INFO:root:[472,   116] grad_stats: [1.76e-03 1.32e-03] (4.17e-04, 3.48e-02)
INFO:root:[472,   232] loss: 8.534750e-02 masks: 22.4 17.1 [wd: 3.97e-01] [lr: 1.01e-05] [mem: 7.73e+03] (219.8 ms)
INFO:root:[472,   232] grad_stats: [1.76e-03 1.44e-03] (4.57e-04, 2.71e-02)
INFO:root:avg. loss 8.53474978e-02
INFO:root:time taken for epoch 0:01:04.781823
INFO:root:Epoch 473
INFO:root:[473,     0] loss: 8.902714e-02 masks: 15.0 20.0 [wd: 3.97e-01] [lr: 1.01e-05] [mem: 7.73e+03] (192.0 ms)
INFO:root:[473,     0] grad_stats: [1.65e-03 1.84e-03] (5.34e-04, 3.33e-02)
INFO:root:[473,   116] loss: 8.622550e-02 masks: 21.3 17.5 [wd: 3.97e-01] [lr: 9.78e-06] [mem: 7.73e+03] (215.5 ms)
INFO:root:[473,   116] grad_stats: [2.71e-03 1.63e-03] (5.23e-04, 3.18e-02)
INFO:root:[473,   232] loss: 8.654507e-02 masks: 21.3 17.4 [wd: 3.97e-01] [lr: 9.47e-06] [mem: 7.73e+03] (216.1 ms)
INFO:root:[473,   232] grad_stats: [2.75e-03 1.48e-03] (4.65e-04, 4.63e-02)
INFO:root:avg. loss 8.65450681e-02
INFO:root:time taken for epoch 0:01:03.838260
INFO:root:Epoch 474
INFO:root:[474,     0] loss: 1.083740e-01 masks: 9.0 20.0 [wd: 3.97e-01] [lr: 9.47e-06] [mem: 7.73e+03] (171.1 ms)
INFO:root:[474,     0] grad_stats: [2.07e-03 3.08e-03] (8.04e-04, 6.93e-02)
INFO:root:[474,   116] loss: 8.606161e-02 masks: 21.7 17.3 [wd: 3.98e-01] [lr: 9.16e-06] [mem: 7.73e+03] (216.7 ms)
INFO:root:[474,   116] grad_stats: [2.16e-03 2.02e-03] (6.08e-04, 3.96e-02)
INFO:root:[474,   232] loss: 8.572705e-02 masks: 22.2 17.1 [wd: 3.98e-01] [lr: 8.85e-06] [mem: 7.73e+03] (218.6 ms)
INFO:root:[474,   232] grad_stats: [2.79e-03 1.82e-03] (5.25e-04, 4.96e-02)
INFO:root:avg. loss 8.57270502e-02
INFO:root:time taken for epoch 0:01:04.487914
INFO:root:Epoch 475
INFO:root:[475,     0] loss: 8.147360e-02 masks: 24.0 16.0 [wd: 3.98e-01] [lr: 8.85e-06] [mem: 7.73e+03] (219.4 ms)
INFO:root:[475,     0] grad_stats: [9.47e-04 1.35e-03] (4.09e-04, 2.79e-02)
INFO:root:[475,   116] loss: 8.485872e-02 masks: 23.0 17.0 [wd: 3.98e-01] [lr: 8.55e-06] [mem: 7.73e+03] (221.5 ms)
INFO:root:[475,   116] grad_stats: [2.91e-03 1.97e-03] (4.96e-04, 3.13e-02)
INFO:root:[475,   232] loss: 8.595452e-02 masks: 22.0 17.3 [wd: 3.98e-01] [lr: 8.26e-06] [mem: 7.73e+03] (218.3 ms)
INFO:root:[475,   232] grad_stats: [2.16e-03 1.86e-03] (5.11e-04, 6.93e-02)
INFO:root:avg. loss 8.59545192e-02
INFO:root:time taken for epoch 0:01:04.327749
INFO:root:Epoch 476
INFO:root:[476,     0] loss: 9.093300e-02 masks: 17.0 20.0 [wd: 3.98e-01] [lr: 8.26e-06] [mem: 7.73e+03] (203.5 ms)
INFO:root:[476,     0] grad_stats: [2.01e-03 2.06e-03] (5.74e-04, 2.52e-02)
INFO:root:[476,   116] loss: 8.474464e-02 masks: 22.5 17.0 [wd: 3.98e-01] [lr: 7.97e-06] [mem: 7.73e+03] (219.1 ms)
INFO:root:[476,   116] grad_stats: [1.84e-03 1.36e-03] (4.29e-04, 2.62e-02)
INFO:root:[476,   232] loss: 8.548637e-02 masks: 22.3 17.0 [wd: 3.98e-01] [lr: 7.69e-06] [mem: 7.73e+03] (219.0 ms)
INFO:root:[476,   232] grad_stats: [3.18e-03 1.71e-03] (5.31e-04, 3.42e-02)
INFO:root:avg. loss 8.54863704e-02
INFO:root:time taken for epoch 0:01:04.596291
INFO:root:Epoch 477
INFO:root:[477,     0] loss: 8.035545e-02 masks: 33.0 12.0 [wd: 3.98e-01] [lr: 7.69e-06] [mem: 7.73e+03] (246.0 ms)
INFO:root:[477,     0] grad_stats: [2.08e-03 2.31e-03] (3.95e-04, 4.62e-02)
INFO:root:[477,   116] loss: 8.691321e-02 masks: 21.3 17.3 [wd: 3.98e-01] [lr: 7.42e-06] [mem: 7.73e+03] (215.1 ms)
INFO:root:[477,   116] grad_stats: [1.53e-03 1.39e-03] (4.52e-04, 4.01e-02)
INFO:root:[477,   232] loss: 8.622753e-02 masks: 21.7 17.4 [wd: 3.98e-01] [lr: 7.15e-06] [mem: 7.73e+03] (217.4 ms)
INFO:root:[477,   232] grad_stats: [1.30e-03 1.61e-03] (5.35e-04, 2.72e-02)
INFO:root:avg. loss 8.62275284e-02
INFO:root:time taken for epoch 0:01:04.230794
INFO:root:Epoch 478
INFO:root:[478,     0] loss: 7.011791e-02 masks: 33.0 12.0 [wd: 3.98e-01] [lr: 7.15e-06] [mem: 7.73e+03] (245.4 ms)
INFO:root:[478,     0] grad_stats: [1.14e-03 9.04e-04] (3.44e-04, 2.55e-02)
INFO:root:[478,   116] loss: 8.556532e-02 masks: 22.6 16.9 [wd: 3.98e-01] [lr: 6.88e-06] [mem: 7.73e+03] (219.3 ms)
INFO:root:[478,   116] grad_stats: [1.64e-03 1.73e-03] (5.13e-04, 3.40e-02)
INFO:root:[478,   232] loss: 8.574031e-02 masks: 22.2 17.1 [wd: 3.98e-01] [lr: 6.63e-06] [mem: 7.73e+03] (218.8 ms)
INFO:root:[478,   232] grad_stats: [2.84e-03 1.41e-03] (4.86e-04, 4.00e-02)
INFO:root:avg. loss 8.57403132e-02
INFO:root:time taken for epoch 0:01:04.575444
INFO:root:Epoch 479
INFO:root:[479,     0] loss: 7.883618e-02 masks: 23.0 16.0 [wd: 3.98e-01] [lr: 6.63e-06] [mem: 7.73e+03] (215.3 ms)
INFO:root:[479,     0] grad_stats: [2.21e-03 1.09e-03] (4.24e-04, 3.16e-02)
INFO:root:[479,   116] loss: 8.600889e-02 masks: 21.8 17.5 [wd: 3.98e-01] [lr: 6.37e-06] [mem: 7.73e+03] (217.5 ms)
INFO:root:[479,   116] grad_stats: [9.97e-04 2.23e-03] (4.08e-04, 3.33e-02)
INFO:root:[479,   232] loss: 8.553586e-02 masks: 22.2 17.3 [wd: 3.98e-01] [lr: 6.13e-06] [mem: 7.73e+03] (219.3 ms)
INFO:root:[479,   232] grad_stats: [1.61e-03 9.72e-04] (2.91e-04, 2.80e-02)
INFO:root:avg. loss 8.55358627e-02
INFO:root:time taken for epoch 0:01:04.670293
INFO:root:Epoch 480
INFO:root:[480,     0] loss: 8.828989e-02 masks: 26.0 16.0 [wd: 3.98e-01] [lr: 6.13e-06] [mem: 7.73e+03] (230.0 ms)
INFO:root:[480,     0] grad_stats: [1.63e-03 1.42e-03] (4.70e-04, 2.54e-02)
INFO:root:[480,   116] loss: 8.571700e-02 masks: 22.3 17.2 [wd: 3.99e-01] [lr: 5.89e-06] [mem: 7.73e+03] (218.7 ms)
INFO:root:[480,   116] grad_stats: [1.84e-03 2.08e-03] (7.04e-04, 3.45e-02)
INFO:root:[480,   232] loss: 8.610294e-02 masks: 21.9 17.4 [wd: 3.99e-01] [lr: 5.65e-06] [mem: 7.73e+03] (218.0 ms)
INFO:root:[480,   232] grad_stats: [3.95e-03 2.37e-03] (4.96e-04, 4.38e-02)
INFO:root:avg. loss 8.61029360e-02
INFO:root:time taken for epoch 0:01:04.382146
INFO:root:Epoch 481
INFO:root:[481,     0] loss: 8.835130e-02 masks: 23.0 16.0 [wd: 3.99e-01] [lr: 5.65e-06] [mem: 7.73e+03] (215.3 ms)
INFO:root:[481,     0] grad_stats: [1.73e-03 1.51e-03] (5.25e-04, 3.30e-02)
INFO:root:[481,   116] loss: 8.658917e-02 masks: 21.3 17.5 [wd: 3.99e-01] [lr: 5.42e-06] [mem: 7.73e+03] (215.4 ms)
INFO:root:[481,   116] grad_stats: [1.71e-03 1.59e-03] (4.52e-04, 4.10e-02)
INFO:root:[481,   232] loss: 8.619751e-02 masks: 21.5 17.4 [wd: 3.99e-01] [lr: 5.20e-06] [mem: 7.73e+03] (216.7 ms)
INFO:root:[481,   232] grad_stats: [2.52e-03 1.92e-03] (5.56e-04, 3.52e-02)
INFO:root:avg. loss 8.61975140e-02
INFO:root:time taken for epoch 0:01:04.107528
INFO:root:Epoch 482
INFO:root:[482,     0] loss: 9.194037e-02 masks: 21.0 16.0 [wd: 3.99e-01] [lr: 5.20e-06] [mem: 7.73e+03] (209.3 ms)
INFO:root:[482,     0] grad_stats: [1.49e-03 1.51e-03] (5.18e-04, 4.54e-02)
INFO:root:[482,   116] loss: 8.532005e-02 masks: 22.2 17.2 [wd: 3.99e-01] [lr: 4.98e-06] [mem: 7.73e+03] (218.6 ms)
INFO:root:[482,   116] grad_stats: [2.56e-03 1.80e-03] (5.34e-04, 2.66e-02)
INFO:root:[482,   232] loss: 8.565395e-02 masks: 22.1 17.2 [wd: 3.99e-01] [lr: 4.77e-06] [mem: 7.73e+03] (218.8 ms)
INFO:root:[482,   232] grad_stats: [1.91e-03 1.63e-03] (5.29e-04, 3.31e-02)
INFO:root:avg. loss 8.56539494e-02
INFO:root:time taken for epoch 0:01:04.516800
INFO:root:Epoch 483
INFO:root:[483,     0] loss: 7.807845e-02 masks: 24.0 16.0 [wd: 3.99e-01] [lr: 4.77e-06] [mem: 7.73e+03] (220.7 ms)
INFO:root:[483,     0] grad_stats: [1.97e-03 1.62e-03] (4.78e-04, 3.21e-02)
INFO:root:[483,   116] loss: 8.513813e-02 masks: 22.2 17.2 [wd: 3.99e-01] [lr: 4.56e-06] [mem: 7.73e+03] (218.5 ms)
INFO:root:[483,   116] grad_stats: [1.39e-03 1.70e-03] (5.22e-04, 2.94e-02)
INFO:root:[483,   232] loss: 8.556168e-02 masks: 22.2 17.2 [wd: 3.99e-01] [lr: 4.36e-06] [mem: 7.73e+03] (218.8 ms)
INFO:root:[483,   232] grad_stats: [3.15e-03 2.00e-03] (4.76e-04, 4.51e-02)
INFO:root:avg. loss 8.55616824e-02
INFO:root:time taken for epoch 0:01:04.603225
INFO:root:Epoch 484
INFO:root:[484,     0] loss: 8.663546e-02 masks: 23.0 16.0 [wd: 3.99e-01] [lr: 4.36e-06] [mem: 7.73e+03] (214.6 ms)
INFO:root:[484,     0] grad_stats: [1.13e-03 1.53e-03] (4.64e-04, 2.31e-02)
INFO:root:[484,   116] loss: 8.596172e-02 masks: 21.9 17.4 [wd: 3.99e-01] [lr: 4.17e-06] [mem: 7.73e+03] (217.4 ms)
INFO:root:[484,   116] grad_stats: [1.77e-03 1.86e-03] (6.11e-04, 4.13e-02)
INFO:root:[484,   232] loss: 8.576947e-02 masks: 22.1 17.2 [wd: 3.99e-01] [lr: 3.98e-06] [mem: 7.73e+03] (218.5 ms)
INFO:root:[484,   232] grad_stats: [2.06e-03 9.46e-04] (3.43e-04, 1.75e-02)
INFO:root:avg. loss 8.57694749e-02
INFO:root:time taken for epoch 0:01:04.469116
INFO:root:Epoch 485
INFO:root:[485,     0] loss: 7.267305e-02 masks: 36.0 12.0 [wd: 3.99e-01] [lr: 3.98e-06] [mem: 7.73e+03] (258.1 ms)
INFO:root:[485,     0] grad_stats: [1.82e-03 1.23e-03] (4.08e-04, 2.26e-02)
INFO:root:[485,   116] loss: 8.518877e-02 masks: 22.5 16.9 [wd: 3.99e-01] [lr: 3.80e-06] [mem: 7.73e+03] (219.2 ms)
INFO:root:[485,   116] grad_stats: [2.62e-03 1.97e-03] (6.34e-04, 3.58e-02)
INFO:root:[485,   232] loss: 8.577682e-02 masks: 22.2 17.1 [wd: 3.99e-01] [lr: 3.62e-06] [mem: 7.73e+03] (218.8 ms)
INFO:root:[485,   232] grad_stats: [1.80e-03 1.43e-03] (5.26e-04, 3.52e-02)
INFO:root:avg. loss 8.57768216e-02
INFO:root:time taken for epoch 0:01:04.554711
INFO:root:Epoch 486
INFO:root:[486,     0] loss: 8.648914e-02 masks: 26.0 16.0 [wd: 3.99e-01] [lr: 3.62e-06] [mem: 7.73e+03] (230.1 ms)
INFO:root:[486,     0] grad_stats: [1.70e-03 1.16e-03] (4.89e-04, 1.97e-02)
INFO:root:[486,   116] loss: 8.604658e-02 masks: 21.4 17.4 [wd: 3.99e-01] [lr: 3.45e-06] [mem: 7.73e+03] (215.7 ms)
INFO:root:[486,   116] grad_stats: [1.70e-03 8.99e-04] (3.95e-04, 4.61e-02)
INFO:root:[486,   232] loss: 8.606283e-02 masks: 21.8 17.4 [wd: 3.99e-01] [lr: 3.28e-06] [mem: 7.73e+03] (217.8 ms)
INFO:root:[486,   232] grad_stats: [1.40e-03 1.24e-03] (4.48e-04, 3.70e-02)
INFO:root:avg. loss 8.60628256e-02
INFO:root:time taken for epoch 0:01:04.285683
INFO:root:Epoch 487
INFO:root:[487,     0] loss: 7.522635e-02 masks: 33.0 12.0 [wd: 3.99e-01] [lr: 3.28e-06] [mem: 7.73e+03] (246.1 ms)
INFO:root:[487,     0] grad_stats: [2.62e-03 1.20e-03] (4.28e-04, 2.72e-02)
INFO:root:[487,   116] loss: 8.592787e-02 masks: 21.7 17.3 [wd: 3.99e-01] [lr: 3.12e-06] [mem: 7.73e+03] (216.6 ms)
INFO:root:[487,   116] grad_stats: [1.73e-03 2.64e-03] (5.84e-04, 3.37e-02)
INFO:root:[487,   232] loss: 8.573783e-02 masks: 22.0 17.1 [wd: 3.99e-01] [lr: 2.97e-06] [mem: 7.73e+03] (217.9 ms)
INFO:root:[487,   232] grad_stats: [2.60e-03 2.39e-03] (6.28e-04, 3.72e-02)
INFO:root:avg. loss 8.57378320e-02
INFO:root:time taken for epoch 0:01:04.354104
INFO:root:Epoch 488
INFO:root:[488,     0] loss: 9.377556e-02 masks: 17.0 20.0 [wd: 3.99e-01] [lr: 2.97e-06] [mem: 7.73e+03] (202.0 ms)
INFO:root:[488,     0] grad_stats: [4.40e-03 1.85e-03] (6.91e-04, 4.64e-02)
INFO:root:[488,   116] loss: 8.545455e-02 masks: 22.1 17.0 [wd: 3.99e-01] [lr: 2.82e-06] [mem: 7.73e+03] (217.3 ms)
INFO:root:[488,   116] grad_stats: [6.09e-03 5.78e-03] (1.17e-03, 7.15e-02)
INFO:root:[488,   232] loss: 8.555867e-02 masks: 22.3 16.9 [wd: 3.99e-01] [lr: 2.68e-06] [mem: 7.73e+03] (218.8 ms)
INFO:root:[488,   232] grad_stats: [1.85e-03 8.01e-04] (3.53e-04, 1.77e-02)
INFO:root:avg. loss 8.55586657e-02
INFO:root:time taken for epoch 0:01:04.478438
INFO:root:Epoch 489
INFO:root:[489,     0] loss: 9.352100e-02 masks: 17.0 20.0 [wd: 3.99e-01] [lr: 2.68e-06] [mem: 7.73e+03] (202.1 ms)
INFO:root:[489,     0] grad_stats: [1.47e-03 1.48e-03] (3.93e-04, 3.38e-02)
INFO:root:[489,   116] loss: 8.563070e-02 masks: 22.2 17.4 [wd: 4.00e-01] [lr: 2.54e-06] [mem: 7.73e+03] (218.6 ms)
INFO:root:[489,   116] grad_stats: [1.42e-03 1.20e-03] (4.15e-04, 2.35e-02)
INFO:root:[489,   232] loss: 8.527060e-02 masks: 22.0 17.5 [wd: 4.00e-01] [lr: 2.41e-06] [mem: 7.73e+03] (218.9 ms)
INFO:root:[489,   232] grad_stats: [1.84e-03 1.09e-03] (4.16e-04, 3.51e-02)
INFO:root:avg. loss 8.52705955e-02
INFO:root:time taken for epoch 0:01:04.579305
INFO:root:Epoch 490
INFO:root:[490,     0] loss: 8.323074e-02 masks: 21.0 16.0 [wd: 4.00e-01] [lr: 2.41e-06] [mem: 7.73e+03] (208.9 ms)
INFO:root:[490,     0] grad_stats: [3.00e-03 1.84e-03] (5.74e-04, 4.48e-02)
INFO:root:[490,   116] loss: 8.594631e-02 masks: 22.0 17.1 [wd: 4.00e-01] [lr: 2.28e-06] [mem: 7.73e+03] (217.3 ms)
INFO:root:[490,   116] grad_stats: [1.20e-03 1.25e-03] (4.48e-04, 2.80e-02)
INFO:root:[490,   232] loss: 8.596074e-02 masks: 21.6 17.5 [wd: 4.00e-01] [lr: 2.16e-06] [mem: 7.73e+03] (217.3 ms)
INFO:root:[490,   232] grad_stats: [2.11e-03 1.42e-03] (4.28e-04, 5.27e-02)
INFO:root:avg. loss 8.59607418e-02
INFO:root:time taken for epoch 0:01:04.206061
INFO:root:Epoch 491
INFO:root:[491,     0] loss: 9.930003e-02 masks: 11.0 20.0 [wd: 4.00e-01] [lr: 2.16e-06] [mem: 7.73e+03] (177.2 ms)
INFO:root:[491,     0] grad_stats: [2.77e-03 3.43e-03] (7.23e-04, 4.48e-02)
INFO:root:[491,   116] loss: 8.585414e-02 masks: 22.0 17.1 [wd: 4.00e-01] [lr: 2.05e-06] [mem: 7.73e+03] (217.1 ms)
INFO:root:[491,   116] grad_stats: [1.82e-03 1.69e-03] (4.31e-04, 3.07e-02)
INFO:root:[491,   232] loss: 8.588394e-02 masks: 21.8 17.3 [wd: 4.00e-01] [lr: 1.94e-06] [mem: 7.73e+03] (217.6 ms)
INFO:root:[491,   232] grad_stats: [2.05e-03 2.80e-03] (6.29e-04, 3.67e-02)
INFO:root:avg. loss 8.58839359e-02
INFO:root:time taken for epoch 0:01:04.210202
INFO:root:Epoch 492
INFO:root:[492,     0] loss: 8.330897e-02 masks: 20.0 16.0 [wd: 4.00e-01] [lr: 1.94e-06] [mem: 7.73e+03] (206.0 ms)
INFO:root:[492,     0] grad_stats: [2.16e-03 2.16e-03] (5.80e-04, 3.60e-02)
INFO:root:[492,   116] loss: 8.666135e-02 masks: 21.6 17.4 [wd: 4.00e-01] [lr: 1.84e-06] [mem: 7.73e+03] (216.1 ms)
INFO:root:[492,   116] grad_stats: [1.34e-03 1.06e-03] (4.38e-04, 2.29e-02)
INFO:root:[492,   232] loss: 8.595490e-02 masks: 21.8 17.2 [wd: 4.00e-01] [lr: 1.75e-06] [mem: 7.73e+03] (217.5 ms)
INFO:root:[492,   232] grad_stats: [2.48e-03 1.63e-03] (5.98e-04, 4.73e-02)
INFO:root:avg. loss 8.59549030e-02
INFO:root:time taken for epoch 0:01:04.242363
INFO:root:Epoch 493
INFO:root:[493,     0] loss: 9.369439e-02 masks: 16.0 20.0 [wd: 4.00e-01] [lr: 1.74e-06] [mem: 7.73e+03] (198.8 ms)
INFO:root:[493,     0] grad_stats: [1.48e-03 2.26e-03] (6.64e-04, 3.07e-02)
INFO:root:[493,   116] loss: 8.669405e-02 masks: 21.4 17.3 [wd: 4.00e-01] [lr: 1.65e-06] [mem: 7.73e+03] (215.4 ms)
INFO:root:[493,   116] grad_stats: [3.42e-03 1.52e-03] (5.14e-04, 3.41e-02)
INFO:root:[493,   232] loss: 8.582131e-02 masks: 22.0 17.2 [wd: 4.00e-01] [lr: 1.57e-06] [mem: 7.73e+03] (218.2 ms)
INFO:root:[493,   232] grad_stats: [1.58e-03 2.42e-03] (5.78e-04, 3.78e-02)
INFO:root:avg. loss 8.58213091e-02
INFO:root:time taken for epoch 0:01:04.391372
INFO:root:Epoch 494
INFO:root:[494,     0] loss: 9.205355e-02 masks: 21.0 20.0 [wd: 4.00e-01] [lr: 1.57e-06] [mem: 7.73e+03] (219.8 ms)
INFO:root:[494,     0] grad_stats: [1.86e-03 1.46e-03] (4.72e-04, 3.72e-02)
INFO:root:[494,   116] loss: 8.389269e-02 masks: 22.5 16.9 [wd: 4.00e-01] [lr: 1.49e-06] [mem: 7.73e+03] (218.8 ms)
INFO:root:[494,   116] grad_stats: [1.32e-03 8.22e-04] (3.38e-04, 2.40e-02)
INFO:root:[494,   232] loss: 8.556181e-02 masks: 21.9 17.2 [wd: 4.00e-01] [lr: 1.42e-06] [mem: 7.73e+03] (217.7 ms)
INFO:root:[494,   232] grad_stats: [1.38e-03 1.38e-03] (4.12e-04, 3.73e-02)
INFO:root:avg. loss 8.55618091e-02
INFO:root:time taken for epoch 0:01:04.363042
INFO:root:Epoch 495
INFO:root:[495,     0] loss: 8.366180e-02 masks: 21.0 16.0 [wd: 4.00e-01] [lr: 1.42e-06] [mem: 7.73e+03] (209.6 ms)
INFO:root:[495,     0] grad_stats: [2.71e-03 1.55e-03] (4.46e-04, 2.93e-02)
INFO:root:[495,   116] loss: 8.566456e-02 masks: 21.8 17.5 [wd: 4.00e-01] [lr: 1.35e-06] [mem: 7.73e+03] (217.4 ms)
INFO:root:[495,   116] grad_stats: [2.33e-03 9.28e-04] (3.77e-04, 2.36e-02)
INFO:root:[495,   232] loss: 8.558476e-02 masks: 21.9 17.4 [wd: 4.00e-01] [lr: 1.29e-06] [mem: 7.73e+03] (218.4 ms)
INFO:root:[495,   232] grad_stats: [1.81e-03 1.68e-03] (6.15e-04, 4.62e-02)
INFO:root:avg. loss 8.55847602e-02
INFO:root:time taken for epoch 0:01:04.436294
INFO:root:Epoch 496
INFO:root:[496,     0] loss: 8.747544e-02 masks: 26.0 16.0 [wd: 4.00e-01] [lr: 1.29e-06] [mem: 7.73e+03] (231.2 ms)
INFO:root:[496,     0] grad_stats: [1.20e-03 1.17e-03] (4.20e-04, 1.98e-02)
INFO:root:[496,   116] loss: 8.534634e-02 masks: 21.9 17.2 [wd: 4.00e-01] [lr: 1.24e-06] [mem: 7.73e+03] (217.2 ms)
INFO:root:[496,   116] grad_stats: [4.17e-03 1.95e-03] (5.42e-04, 5.94e-02)
INFO:root:[496,   232] loss: 8.530992e-02 masks: 22.0 17.2 [wd: 4.00e-01] [lr: 1.19e-06] [mem: 7.73e+03] (218.2 ms)
INFO:root:[496,   232] grad_stats: [2.56e-03 1.36e-03] (4.88e-04, 2.81e-02)
INFO:root:avg. loss 8.53099197e-02
INFO:root:time taken for epoch 0:01:04.427871
INFO:root:Epoch 497
INFO:root:[497,     0] loss: 8.092478e-02 masks: 27.0 16.0 [wd: 4.00e-01] [lr: 1.19e-06] [mem: 7.73e+03] (233.8 ms)
INFO:root:[497,     0] grad_stats: [9.48e-04 9.33e-04] (3.52e-04, 2.70e-02)
INFO:root:[497,   116] loss: 8.575257e-02 masks: 22.4 17.1 [wd: 4.00e-01] [lr: 1.14e-06] [mem: 7.73e+03] (218.9 ms)
INFO:root:[497,   116] grad_stats: [1.26e-03 1.68e-03] (5.22e-04, 2.44e-02)
INFO:root:[497,   232] loss: 8.595096e-02 masks: 21.7 17.3 [wd: 4.00e-01] [lr: 1.10e-06] [mem: 7.73e+03] (217.3 ms)
INFO:root:[497,   232] grad_stats: [1.64e-03 1.74e-03] (6.34e-04, 4.11e-02)
INFO:root:avg. loss 8.59509624e-02
INFO:root:time taken for epoch 0:01:04.217301
INFO:root:Epoch 498
INFO:root:[498,     0] loss: 8.717641e-02 masks: 18.0 20.0 [wd: 4.00e-01] [lr: 1.10e-06] [mem: 7.73e+03] (206.2 ms)
INFO:root:[498,     0] grad_stats: [2.08e-03 3.10e-03] (7.62e-04, 3.17e-02)
INFO:root:[498,   116] loss: 8.574904e-02 masks: 21.8 17.3 [wd: 4.00e-01] [lr: 1.07e-06] [mem: 7.73e+03] (216.9 ms)
INFO:root:[498,   116] grad_stats: [1.43e-03 1.32e-03] (4.56e-04, 2.70e-02)
INFO:root:[498,   232] loss: 8.585700e-02 masks: 21.8 17.2 [wd: 4.00e-01] [lr: 1.05e-06] [mem: 7.73e+03] (217.5 ms)
INFO:root:[498,   232] grad_stats: [2.01e-03 2.30e-03] (5.81e-04, 5.37e-02)
INFO:root:avg. loss 8.58570022e-02
INFO:root:time taken for epoch 0:01:04.279915
INFO:root:Epoch 499
INFO:root:[499,     0] loss: 1.000853e-01 masks: 12.0 20.0 [wd: 4.00e-01] [lr: 1.05e-06] [mem: 7.73e+03] (182.1 ms)
INFO:root:[499,     0] grad_stats: [3.19e-03 2.19e-03] (6.64e-04, 3.56e-02)
INFO:root:[499,   116] loss: 8.529121e-02 masks: 21.7 17.4 [wd: 4.00e-01] [lr: 1.03e-06] [mem: 7.73e+03] (216.8 ms)
INFO:root:[499,   116] grad_stats: [2.43e-03 2.11e-03] (6.41e-04, 3.62e-02)
INFO:root:[499,   232] loss: 8.539216e-02 masks: 21.8 17.4 [wd: 4.00e-01] [lr: 1.01e-06] [mem: 7.73e+03] (217.7 ms)
INFO:root:[499,   232] grad_stats: [3.17e-03 1.31e-03] (4.45e-04, 2.68e-02)
INFO:root:avg. loss 8.53921612e-02
INFO:root:time taken for epoch 0:01:05.026033
INFO:root:Epoch 500
INFO:root:[500,     0] loss: 9.610575e-02 masks: 18.0 20.0 [wd: 4.00e-01] [lr: 1.01e-06] [mem: 7.73e+03] (207.3 ms)
INFO:root:[500,     0] grad_stats: [1.87e-03 1.92e-03] (6.36e-04, 3.51e-02)
INFO:root:[500,   116] loss: 8.434631e-02 masks: 22.8 17.1 [wd: 4.00e-01] [lr: 1.00e-06] [mem: 7.73e+03] (220.5 ms)
INFO:root:[500,   116] grad_stats: [1.05e-03 1.25e-03] (4.31e-04, 2.47e-02)
INFO:root:[500,   232] loss: 8.469253e-02 masks: 22.5 17.1 [wd: 4.00e-01] [lr: 1.00e-06] [mem: 7.73e+03] (219.7 ms)
INFO:root:[500,   232] grad_stats: [2.83e-03 1.33e-03] (4.83e-04, 3.46e-02)
INFO:root:avg. loss 8.46925329e-02
INFO:root:	Epoch 500, KNN accuracy train: 7.48999e-01, KNN accuracy train: 6.26000e-01
INFO:root:time taken for epoch 0:01:46.882348
INFO:root:Total pretraining time 9:00:09.758893
