VisionTransformer(
  (patch_embed): PatchEmbed(
    (proj): Conv2d(3, 768, kernel_size=(15, 15), stride=(15, 15))
  )
  (blocks): ModuleList(
    (0-11): 12 x Block(
      (norm1): LayerNorm((768,), eps=1e-06, elementwise_affine=True)
      (attn): Attention(
        (qkv): Linear(in_features=768, out_features=2304, bias=True)
        (attn_drop): Dropout(p=0.0, inplace=False)
        (proj): Linear(in_features=768, out_features=768, bias=True)
        (proj_drop): Dropout(p=0.0, inplace=False)
      )
      (drop_path): Identity()
      (norm2): LayerNorm((768,), eps=1e-06, elementwise_affine=True)
      (mlp): MLP(
        (fc1): Linear(in_features=768, out_features=3072, bias=True)
        (act): GELU(approximate='none')
        (fc2): Linear(in_features=3072, out_features=768, bias=True)
        (drop): Dropout(p=0.0, inplace=False)
      )
    )
  )
  (norm): LayerNorm((768,), eps=1e-06, elementwise_affine=True)
)
making imagenet data transforms
data-path datasets/iic/train/
Initialized ImageNet
ImageNet dataset created
ImageNet unsupervised data loader created
data-path datasets/iic/train/
Initialized ImageNet
min. labeled indices 2191
ImageNet supervised dataset created
ImageNet supervised data loader created
data-path datasets/iic/val/
Initialized ImageNet
min. labeled indices 437
ImageNet supervised dataset created
ImageNet supervised data loader created
Using AdamW
Epoch 1
[1,     0] loss: 4.726039e-01 masks: 15.0 20.0 [wd: 4.00e-02] [lr: 2.00e-04] [mem: 3.38e+03] (472.3 ms)
[1,     0] grad_stats: [1.57e-02 8.87e-03] (8.79e-03, 2.49e-02)
[1,   116] loss: 1.673881e-01 masks: 21.8 17.3 [wd: 4.00e-02] [lr: 2.10e-04] [mem: 5.41e+03] (168.2 ms)
[1,   116] grad_stats: [2.69e-02 1.03e-03] (9.67e-04, 3.92e-02)
[1,   232] loss: 1.551933e-01 masks: 21.8 17.3 [wd: 4.00e-02] [lr: 2.20e-04] [mem: 5.53e+03] (167.5 ms)
[1,   232] grad_stats: [4.73e-02 1.69e-03] (1.26e-03, 7.26e-02)
avg. loss 1.55193302e-01
time taken for epoch 0:00:52.298910
Epoch 2
[2,     0] loss: 1.423596e-01 masks: 19.0 20.0 [wd: 4.00e-02] [lr: 2.20e-04] [mem: 5.53e+03] (163.3 ms)
[2,     0] grad_stats: [4.92e-02 1.65e-03] (1.26e-03, 6.64e-02)
[2,   116] loss: 1.239069e-01 masks: 21.8 17.5 [wd: 4.00e-02] [lr: 2.30e-04] [mem: 5.59e+03] (166.9 ms)
[2,   116] grad_stats: [3.81e-02 1.73e-03] (1.14e-03, 4.16e-02)
[2,   232] loss: 1.064073e-01 masks: 22.2 17.3 [wd: 4.00e-02] [lr: 2.40e-04] [mem: 5.59e+03] (168.3 ms)
[2,   232] grad_stats: [2.77e-02 1.45e-03] (9.76e-04, 4.94e-02)
avg. loss 1.06407321e-01
time taken for epoch 0:00:53.063645
Epoch 3
[3,     0] loss: 7.753259e-02 masks: 25.0 16.0 [wd: 4.00e-02] [lr: 2.40e-04] [mem: 5.59e+03] (171.6 ms)
[3,     0] grad_stats: [4.71e-02 2.52e-03] (1.19e-03, 5.58e-02)
[3,   116] loss: 5.975406e-02 masks: 22.6 17.1 [wd: 4.00e-02] [lr: 2.50e-04] [mem: 5.59e+03] (169.2 ms)
[3,   116] grad_stats: [3.63e-02 6.35e-04] (4.14e-04, 5.29e-02)
[3,   232] loss: 5.081863e-02 masks: 22.3 17.1 [wd: 4.00e-02] [lr: 2.60e-04] [mem: 5.59e+03] (168.7 ms)
[3,   232] grad_stats: [1.95e-02 7.85e-04] (5.64e-04, 2.47e-02)
avg. loss 5.08186329e-02
time taken for epoch 0:00:53.166489
Epoch 4
[4,     0] loss: 3.809908e-02 masks: 21.0 16.0 [wd: 4.00e-02] [lr: 2.60e-04] [mem: 5.59e+03] (163.4 ms)
[4,     0] grad_stats: [1.04e-02 5.45e-04] (3.27e-04, 1.28e-02)
[4,   116] loss: 3.567173e-02 masks: 21.8 17.3 [wd: 4.00e-02] [lr: 2.70e-04] [mem: 5.59e+03] (167.4 ms)
[4,   116] grad_stats: [1.83e-02 6.95e-04] (4.72e-04, 2.86e-02)
[4,   232] loss: 3.392424e-02 masks: 21.9 17.4 [wd: 4.00e-02] [lr: 2.80e-04] [mem: 5.59e+03] (168.4 ms)
[4,   232] grad_stats: [1.72e-02 5.58e-04] (2.79e-04, 2.56e-02)
avg. loss 3.39242377e-02
time taken for epoch 0:00:53.072566
Epoch 5
[5,     0] loss: 3.070578e-02 masks: 20.0 16.0 [wd: 4.00e-02] [lr: 2.80e-04] [mem: 5.59e+03] (160.7 ms)
[5,     0] grad_stats: [1.72e-02 5.68e-04] (3.73e-04, 2.41e-02)
[5,   116] loss: 2.914970e-02 masks: 22.0 17.1 [wd: 4.00e-02] [lr: 2.90e-04] [mem: 5.59e+03] (167.8 ms)
[5,   116] grad_stats: [1.24e-02 6.93e-04] (2.87e-04, 2.49e-02)
[5,   232] loss: 2.785282e-02 masks: 22.3 17.0 [wd: 4.00e-02] [lr: 3.00e-04] [mem: 5.59e+03] (168.9 ms)
[5,   232] grad_stats: [7.74e-03 5.56e-04] (2.28e-04, 1.08e-02)
avg. loss 2.78528225e-02
time taken for epoch 0:00:53.210920
Epoch 6
[6,     0] loss: 2.474792e-02 masks: 23.0 16.0 [wd: 4.00e-02] [lr: 3.00e-04] [mem: 5.59e+03] (165.1 ms)
[6,     0] grad_stats: [1.70e-02 9.13e-04] (5.24e-04, 2.73e-02)
[6,   116] loss: 2.581663e-02 masks: 22.1 17.1 [wd: 4.00e-02] [lr: 3.10e-04] [mem: 5.59e+03] (168.0 ms)
[6,   116] grad_stats: [7.37e-03 3.47e-04] (2.07e-04, 1.27e-02)
[6,   232] loss: 2.564768e-02 masks: 21.8 17.4 [wd: 4.01e-02] [lr: 3.20e-04] [mem: 5.59e+03] (168.0 ms)
[6,   232] grad_stats: [7.51e-03 4.01e-04] (1.42e-04, 1.60e-02)
avg. loss 2.56476815e-02
time taken for epoch 0:00:53.002441
Epoch 7
[7,     0] loss: 3.091367e-02 masks: 16.0 20.0 [wd: 4.01e-02] [lr: 3.20e-04] [mem: 5.59e+03] (151.3 ms)
[7,     0] grad_stats: [1.08e-02 4.80e-04] (2.29e-04, 1.94e-02)
[7,   116] loss: 2.438165e-02 masks: 21.8 17.5 [wd: 4.01e-02] [lr: 3.30e-04] [mem: 5.59e+03] (167.7 ms)
[7,   116] grad_stats: [8.10e-03 4.61e-04] (2.25e-04, 1.32e-02)
[7,   232] loss: 2.446733e-02 masks: 21.7 17.5 [wd: 4.01e-02] [lr: 3.40e-04] [mem: 5.59e+03] (167.9 ms)
[7,   232] grad_stats: [1.02e-02 2.36e-04] (1.44e-04, 1.86e-02)
avg. loss 2.44673322e-02
time taken for epoch 0:00:53.095136
Epoch 8
[8,     0] loss: 2.642992e-02 masks: 16.0 20.0 [wd: 4.01e-02] [lr: 3.40e-04] [mem: 5.59e+03] (151.6 ms)
[8,     0] grad_stats: [9.20e-03 3.02e-04] (1.43e-04, 1.42e-02)
[8,   116] loss: 2.331972e-02 masks: 22.5 17.1 [wd: 4.01e-02] [lr: 3.50e-04] [mem: 5.59e+03] (169.5 ms)
[8,   116] grad_stats: [5.53e-03 3.21e-04] (1.19e-04, 1.13e-02)
[8,   232] loss: 2.383502e-02 masks: 22.3 17.1 [wd: 4.01e-02] [lr: 3.60e-04] [mem: 5.59e+03] (169.4 ms)
[8,   232] grad_stats: [7.41e-03 3.20e-04] (1.45e-04, 1.12e-02)
avg. loss 2.38350220e-02
time taken for epoch 0:00:53.380803
Epoch 9
[9,     0] loss: 1.914626e-02 masks: 28.0 16.0 [wd: 4.01e-02] [lr: 3.60e-04] [mem: 5.59e+03] (181.6 ms)
[9,     0] grad_stats: [6.83e-03 2.58e-04] (1.30e-04, 1.14e-02)
[9,   116] loss: 2.497812e-02 masks: 22.8 17.1 [wd: 4.01e-02] [lr: 3.70e-04] [mem: 5.59e+03] (170.2 ms)
[9,   116] grad_stats: [6.93e-03 4.14e-04] (2.17e-04, 1.24e-02)
[9,   232] loss: 2.539753e-02 masks: 22.4 17.0 [wd: 4.01e-02] [lr: 3.80e-04] [mem: 5.59e+03] (169.5 ms)
[9,   232] grad_stats: [6.10e-03 3.18e-04] (1.16e-04, 8.37e-03)
avg. loss 2.53975265e-02
time taken for epoch 0:00:53.412238
Epoch 10
[10,     0] loss: 3.464907e-02 masks: 14.0 20.0 [wd: 4.01e-02] [lr: 3.80e-04] [mem: 5.59e+03] (148.8 ms)
[10,     0] grad_stats: [7.06e-03 4.59e-04] (1.89e-04, 1.62e-02)
[10,   116] loss: 2.641379e-02 masks: 21.6 17.5 [wd: 4.01e-02] [lr: 3.90e-04] [mem: 5.59e+03] (167.6 ms)
[10,   116] grad_stats: [6.73e-03 7.22e-04] (2.11e-04, 1.22e-02)
[10,   232] loss: 2.681079e-02 masks: 21.7 17.3 [wd: 4.02e-02] [lr: 4.00e-04] [mem: 5.67e+03] (168.2 ms)
[10,   232] grad_stats: [9.68e-03 5.56e-04] (2.08e-04, 1.49e-02)
avg. loss 2.68107898e-02
time taken for epoch 0:00:53.150437
Epoch 11
[11,     0] loss: 2.754343e-02 masks: 17.0 20.0 [wd: 4.02e-02] [lr: 4.00e-04] [mem: 5.67e+03] (157.1 ms)
[11,     0] grad_stats: [5.36e-03 3.85e-04] (1.17e-04, 8.61e-03)
[11,   116] loss: 2.662750e-02 masks: 21.7 17.4 [wd: 4.02e-02] [lr: 4.10e-04] [mem: 5.67e+03] (167.7 ms)
[11,   116] grad_stats: [7.34e-03 4.80e-04] (1.38e-04, 1.16e-02)
[11,   232] loss: 2.670981e-02 masks: 21.9 17.4 [wd: 4.02e-02] [lr: 4.20e-04] [mem: 5.67e+03] (168.7 ms)
[11,   232] grad_stats: [1.19e-02 8.81e-04] (1.55e-04, 1.95e-02)
avg. loss 2.67098101e-02
time taken for epoch 0:00:53.273829
Epoch 12
[12,     0] loss: 2.802387e-02 masks: 20.0 16.0 [wd: 4.02e-02] [lr: 4.20e-04] [mem: 5.67e+03] (160.4 ms)
[12,     0] grad_stats: [1.26e-02 3.67e-04] (1.20e-04, 2.06e-02)
[12,   116] loss: 2.703055e-02 masks: 21.6 17.4 [wd: 4.02e-02] [lr: 4.30e-04] [mem: 5.67e+03] (167.6 ms)
[12,   116] grad_stats: [5.50e-03 4.88e-04] (1.04e-04, 1.03e-02)
[12,   232] loss: 2.692916e-02 masks: 21.8 17.4 [wd: 4.02e-02] [lr: 4.40e-04] [mem: 5.67e+03] (168.4 ms)
[12,   232] grad_stats: [6.97e-03 4.21e-04] (9.35e-05, 7.91e-03)
avg. loss 2.69291565e-02
time taken for epoch 0:00:53.066066
Epoch 13
[13,     0] loss: 3.435572e-02 masks: 17.0 16.0 [wd: 4.02e-02] [lr: 4.40e-04] [mem: 5.67e+03] (152.4 ms)
[13,     0] grad_stats: [1.07e-02 6.08e-04] (1.35e-04, 1.37e-02)
[13,   116] loss: 2.874521e-02 masks: 21.0 17.3 [wd: 4.02e-02] [lr: 4.50e-04] [mem: 5.67e+03] (165.7 ms)
[13,   116] grad_stats: [6.41e-03 4.48e-04] (1.10e-04, 8.90e-03)
[13,   232] loss: 2.894067e-02 masks: 21.5 17.4 [wd: 4.03e-02] [lr: 4.60e-04] [mem: 5.67e+03] (167.8 ms)
[13,   232] grad_stats: [4.52e-03 6.19e-04] (1.04e-04, 7.55e-03)
avg. loss 2.89406682e-02
time taken for epoch 0:00:53.012224
Epoch 14
[14,     0] loss: 3.341804e-02 masks: 17.0 20.0 [wd: 4.03e-02] [lr: 4.60e-04] [mem: 5.67e+03] (154.7 ms)
[14,     0] grad_stats: [7.91e-03 5.01e-04] (1.08e-04, 9.40e-03)
[14,   116] loss: 2.967444e-02 masks: 22.0 17.3 [wd: 4.03e-02] [lr: 4.70e-04] [mem: 5.67e+03] (168.6 ms)
[14,   116] grad_stats: [8.14e-03 4.75e-04] (1.01e-04, 1.65e-02)
[14,   232] loss: 2.960619e-02 masks: 22.2 17.2 [wd: 4.03e-02] [lr: 4.80e-04] [mem: 5.67e+03] (169.6 ms)
[14,   232] grad_stats: [9.15e-03 5.22e-04] (1.00e-04, 1.53e-02)
avg. loss 2.96061881e-02
time taken for epoch 0:00:53.530332
Epoch 15
[15,     0] loss: 3.130418e-02 masks: 21.0 20.0 [wd: 4.03e-02] [lr: 4.80e-04] [mem: 5.67e+03] (167.3 ms)
[15,     0] grad_stats: [9.90e-03 5.12e-04] (1.18e-04, 1.15e-02)
[15,   116] loss: 2.989983e-02 masks: 22.7 17.0 [wd: 4.03e-02] [lr: 4.90e-04] [mem: 5.67e+03] (170.2 ms)
[15,   116] grad_stats: [1.02e-02 1.08e-03] (1.33e-04, 1.68e-02)
[15,   232] loss: 3.154672e-02 masks: 22.0 17.3 [wd: 4.04e-02] [lr: 5.00e-04] [mem: 5.67e+03] (169.0 ms)
[15,   232] grad_stats: [1.10e-02 1.29e-03] (1.19e-04, 1.69e-02)
avg. loss 3.15467235e-02
time taken for epoch 0:00:53.349364
Epoch 16
[16,     0] loss: 3.848908e-02 masks: 19.0 20.0 [wd: 4.04e-02] [lr: 5.00e-04] [mem: 5.67e+03] (163.7 ms)
[16,     0] grad_stats: [8.86e-03 7.56e-04] (8.07e-05, 1.35e-02)
[16,   116] loss: 3.382500e-02 masks: 22.0 17.1 [wd: 4.04e-02] [lr: 5.10e-04] [mem: 5.67e+03] (168.4 ms)
[16,   116] grad_stats: [4.70e-03 8.16e-04] (8.67e-05, 8.63e-03)
[16,   232] loss: 3.405672e-02 masks: 21.9 17.3 [wd: 4.04e-02] [lr: 5.20e-04] [mem: 5.67e+03] (168.7 ms)
[16,   232] grad_stats: [6.21e-03 5.08e-04] (8.52e-05, 9.41e-03)
avg. loss 3.40567167e-02
time taken for epoch 0:00:53.206886
Epoch 17
[17,     0] loss: 3.690532e-02 masks: 20.0 16.0 [wd: 4.04e-02] [lr: 5.20e-04] [mem: 5.67e+03] (161.5 ms)
[17,     0] grad_stats: [9.84e-03 8.29e-04] (1.41e-04, 1.96e-02)
[17,   116] loss: 3.424479e-02 masks: 21.9 17.4 [wd: 4.04e-02] [lr: 5.30e-04] [mem: 5.67e+03] (168.8 ms)
[17,   116] grad_stats: [1.13e-02 1.69e-03] (1.03e-04, 1.82e-02)
[17,   232] loss: 3.483843e-02 masks: 21.8 17.3 [wd: 4.05e-02] [lr: 5.40e-04] [mem: 5.67e+03] (168.7 ms)
[17,   232] grad_stats: [4.85e-03 7.30e-04] (7.75e-05, 7.29e-03)
avg. loss 3.48384310e-02
time taken for epoch 0:00:53.263926
Epoch 18
[18,     0] loss: 3.343669e-02 masks: 20.0 20.0 [wd: 4.05e-02] [lr: 5.40e-04] [mem: 5.67e+03] (164.5 ms)
[18,     0] grad_stats: [5.38e-03 4.24e-04] (8.22e-05, 7.85e-03)
[18,   116] loss: 3.446446e-02 masks: 22.3 17.0 [wd: 4.05e-02] [lr: 5.50e-04] [mem: 5.67e+03] (169.5 ms)
[18,   116] grad_stats: [1.09e-02 7.59e-04] (7.73e-05, 1.64e-02)
[18,   232] loss: 3.349360e-02 masks: 22.6 17.0 [wd: 4.05e-02] [lr: 5.60e-04] [mem: 5.67e+03] (170.5 ms)
[18,   232] grad_stats: [6.01e-03 6.35e-04] (8.15e-05, 9.73e-03)
avg. loss 3.34936023e-02
time taken for epoch 0:00:53.691462
Epoch 19
[19,     0] loss: 3.351737e-02 masks: 17.0 20.0 [wd: 4.05e-02] [lr: 5.60e-04] [mem: 5.67e+03] (157.0 ms)
[19,     0] grad_stats: [5.97e-03 4.93e-04] (7.52e-05, 7.67e-03)
[19,   116] loss: 3.346713e-02 masks: 21.2 17.6 [wd: 4.05e-02] [lr: 5.70e-04] [mem: 5.67e+03] (167.0 ms)
[19,   116] grad_stats: [7.19e-03 1.26e-03] (9.78e-05, 9.75e-03)
[19,   232] loss: 3.326362e-02 masks: 21.7 17.4 [wd: 4.06e-02] [lr: 5.80e-04] [mem: 5.67e+03] (168.5 ms)
[19,   232] grad_stats: [6.46e-03 7.00e-04] (7.22e-05, 7.89e-03)
avg. loss 3.32636155e-02
time taken for epoch 0:00:53.092748
Epoch 20
[20,     0] loss: 2.527349e-02 masks: 37.0 12.0 [wd: 4.06e-02] [lr: 5.80e-04] [mem: 5.67e+03] (203.0 ms)
[20,     0] grad_stats: [6.03e-03 4.87e-04] (6.62e-05, 1.18e-02)
[20,   116] loss: 3.267214e-02 masks: 22.2 17.1 [wd: 4.06e-02] [lr: 5.90e-04] [mem: 5.67e+03] (169.1 ms)
[20,   116] grad_stats: [6.98e-03 1.41e-03] (9.30e-05, 1.22e-02)
[20,   232] loss: 3.238515e-02 masks: 21.9 17.2 [wd: 4.06e-02] [lr: 6.00e-04] [mem: 5.67e+03] (168.7 ms)
[20,   232] grad_stats: [5.30e-03 4.99e-04] (5.94e-05, 6.29e-03)
avg. loss 3.23851481e-02
	Epoch 20, KNN accuracy train: 7.00930e-01, KNN accuracy train: 5.75667e-01
time taken for epoch 0:01:36.265856
Epoch 21
[21,     0] loss: 3.409195e-02 masks: 16.0 20.0 [wd: 4.06e-02] [lr: 6.00e-04] [mem: 5.67e+03] (150.9 ms)
[21,     0] grad_stats: [5.85e-03 5.66e-04] (6.76e-05, 1.26e-02)
[21,   116] loss: 3.178147e-02 masks: 22.2 17.1 [wd: 4.07e-02] [lr: 6.10e-04] [mem: 5.67e+03] (168.2 ms)
[21,   116] grad_stats: [7.30e-03 1.46e-03] (8.25e-05, 1.17e-02)
[21,   232] loss: 3.199387e-02 masks: 22.1 17.2 [wd: 4.07e-02] [lr: 6.20e-04] [mem: 5.67e+03] (168.8 ms)
[21,   232] grad_stats: [8.87e-03 6.46e-04] (7.00e-05, 9.93e-03)
avg. loss 3.19938696e-02
time taken for epoch 0:00:53.271913
Epoch 22
[22,     0] loss: 3.806888e-02 masks: 18.0 20.0 [wd: 4.07e-02] [lr: 6.20e-04] [mem: 5.67e+03] (159.1 ms)
[22,     0] grad_stats: [9.42e-03 6.57e-04] (5.98e-05, 1.57e-02)
[22,   116] loss: 3.187538e-02 masks: 22.3 17.2 [wd: 4.07e-02] [lr: 6.30e-04] [mem: 5.67e+03] (169.6 ms)
[22,   116] grad_stats: [6.64e-03 7.69e-04] (8.09e-05, 1.33e-02)
[22,   232] loss: 3.180307e-02 masks: 22.3 17.3 [wd: 4.08e-02] [lr: 6.40e-04] [mem: 5.67e+03] (170.1 ms)
[22,   232] grad_stats: [5.48e-03 8.27e-04] (6.68e-05, 7.56e-03)
avg. loss 3.18030744e-02
time taken for epoch 0:00:53.532640
Epoch 23
[23,     0] loss: 3.011702e-02 masks: 17.0 16.0 [wd: 4.08e-02] [lr: 6.40e-04] [mem: 5.67e+03] (152.3 ms)
[23,     0] grad_stats: [4.87e-03 5.07e-04] (5.16e-05, 6.94e-03)
[23,   116] loss: 3.065305e-02 masks: 22.6 17.1 [wd: 4.08e-02] [lr: 6.50e-04] [mem: 5.67e+03] (170.0 ms)
[23,   116] grad_stats: [4.67e-03 4.82e-04] (4.87e-05, 5.71e-03)
[23,   232] loss: 3.099058e-02 masks: 22.0 17.3 [wd: 4.08e-02] [lr: 6.60e-04] [mem: 5.67e+03] (169.1 ms)
[23,   232] grad_stats: [6.61e-03 8.22e-04] (5.91e-05, 1.12e-02)
avg. loss 3.09905803e-02
time taken for epoch 0:00:53.398895
Epoch 24
[24,     0] loss: 4.489793e-02 masks: 14.0 20.0 [wd: 4.08e-02] [lr: 6.60e-04] [mem: 5.67e+03] (149.4 ms)
[24,     0] grad_stats: [6.31e-03 1.14e-03] (6.60e-05, 1.18e-02)
[24,   116] loss: 2.990141e-02 masks: 23.0 17.0 [wd: 4.09e-02] [lr: 6.70e-04] [mem: 5.67e+03] (171.1 ms)
[24,   116] grad_stats: [4.18e-03 7.69e-04] (6.41e-05, 5.88e-03)
[24,   232] loss: 2.997176e-02 masks: 22.4 17.2 [wd: 4.09e-02] [lr: 6.80e-04] [mem: 5.67e+03] (170.1 ms)
[24,   232] grad_stats: [6.60e-03 1.07e-03] (5.45e-05, 1.04e-02)
avg. loss 2.99717637e-02
time taken for epoch 0:00:53.670635
Epoch 25
[25,     0] loss: 2.816296e-02 masks: 22.0 20.0 [wd: 4.09e-02] [lr: 6.80e-04] [mem: 5.67e+03] (171.7 ms)
[25,     0] grad_stats: [5.35e-03 1.99e-03] (7.96e-05, 1.14e-02)
[25,   116] loss: 2.901126e-02 masks: 22.2 17.3 [wd: 4.09e-02] [lr: 6.90e-04] [mem: 5.67e+03] (169.3 ms)
[25,   116] grad_stats: [3.75e-03 8.00e-04] (3.85e-05, 7.85e-03)
[25,   232] loss: 2.898976e-02 masks: 21.7 17.5 [wd: 4.10e-02] [lr: 7.00e-04] [mem: 5.67e+03] (168.6 ms)
[25,   232] grad_stats: [5.61e-03 4.89e-04] (5.47e-05, 1.27e-02)
avg. loss 2.89897592e-02
time taken for epoch 0:00:53.247657
Epoch 26
[26,     0] loss: 2.632238e-02 masks: 21.0 16.0 [wd: 4.10e-02] [lr: 7.00e-04] [mem: 5.67e+03] (163.9 ms)
[26,     0] grad_stats: [4.13e-03 4.05e-04] (3.17e-05, 1.06e-02)
[26,   116] loss: 2.902156e-02 masks: 21.7 17.4 [wd: 4.10e-02] [lr: 7.10e-04] [mem: 5.67e+03] (168.2 ms)
[26,   116] grad_stats: [4.30e-03 1.27e-03] (4.45e-05, 9.10e-03)
[26,   232] loss: 2.930167e-02 masks: 21.3 17.5 [wd: 4.11e-02] [lr: 7.20e-04] [mem: 5.67e+03] (167.7 ms)
[26,   232] grad_stats: [5.10e-03 5.06e-04] (4.18e-05, 6.77e-03)
avg. loss 2.93016658e-02
time taken for epoch 0:00:53.034054
Epoch 27
[27,     0] loss: 3.194670e-02 masks: 17.0 20.0 [wd: 4.11e-02] [lr: 7.20e-04] [mem: 5.67e+03] (157.6 ms)
[27,     0] grad_stats: [4.80e-03 1.13e-03] (4.10e-05, 6.70e-03)
[27,   116] loss: 2.898236e-02 masks: 21.6 17.6 [wd: 4.11e-02] [lr: 7.30e-04] [mem: 5.67e+03] (168.0 ms)
[27,   116] grad_stats: [3.47e-03 4.63e-04] (3.50e-05, 6.24e-03)
[27,   232] loss: 2.880886e-02 masks: 21.9 17.3 [wd: 4.11e-02] [lr: 7.40e-04] [mem: 5.67e+03] (169.1 ms)
[27,   232] grad_stats: [3.82e-03 8.23e-04] (5.18e-05, 5.67e-03)
avg. loss 2.88088628e-02
time taken for epoch 0:00:53.166587
Epoch 28
[28,     0] loss: 3.237409e-02 masks: 14.0 20.0 [wd: 4.12e-02] [lr: 7.40e-04] [mem: 5.67e+03] (149.4 ms)
[28,     0] grad_stats: [8.39e-03 7.10e-04] (4.22e-05, 1.28e-02)
[28,   116] loss: 2.840421e-02 masks: 22.1 17.3 [wd: 4.12e-02] [lr: 7.50e-04] [mem: 5.67e+03] (169.0 ms)
[28,   116] grad_stats: [6.28e-03 1.72e-03] (7.16e-05, 1.27e-02)
[28,   232] loss: 2.892658e-02 masks: 21.6 17.5 [wd: 4.12e-02] [lr: 7.60e-04] [mem: 5.67e+03] (168.4 ms)
[28,   232] grad_stats: [3.70e-03 4.64e-04] (5.08e-05, 6.26e-03)
avg. loss 2.89265849e-02
time taken for epoch 0:00:53.110262
Epoch 29
[29,     0] loss: 2.325765e-02 masks: 26.0 16.0 [wd: 4.12e-02] [lr: 7.60e-04] [mem: 5.67e+03] (177.2 ms)
[29,     0] grad_stats: [7.01e-03 9.92e-04] (5.34e-05, 1.54e-02)
[29,   116] loss: 2.862953e-02 masks: 22.4 17.0 [wd: 4.13e-02] [lr: 7.70e-04] [mem: 5.67e+03] (169.5 ms)
[29,   116] grad_stats: [4.81e-03 4.95e-04] (5.54e-05, 9.16e-03)
[29,   232] loss: 2.843095e-02 masks: 22.6 16.9 [wd: 4.13e-02] [lr: 7.80e-04] [mem: 5.67e+03] (170.6 ms)
[29,   232] grad_stats: [6.40e-03 8.63e-04] (3.97e-05, 8.49e-03)
avg. loss 2.84309495e-02
time taken for epoch 0:00:53.710256
Epoch 30
[30,     0] loss: 2.414441e-02 masks: 26.0 16.0 [wd: 4.13e-02] [lr: 7.80e-04] [mem: 5.67e+03] (179.2 ms)
[30,     0] grad_stats: [6.70e-03 4.87e-04] (3.33e-05, 8.73e-03)
[30,   116] loss: 2.786282e-02 masks: 22.4 17.2 [wd: 4.14e-02] [lr: 7.90e-04] [mem: 5.67e+03] (169.8 ms)
[30,   116] grad_stats: [7.34e-03 4.30e-04] (3.62e-05, 1.46e-02)
[30,   232] loss: 2.814425e-02 masks: 21.9 17.2 [wd: 4.14e-02] [lr: 8.00e-04] [mem: 5.67e+03] (169.0 ms)
[30,   232] grad_stats: [3.76e-03 5.18e-04] (3.90e-05, 7.72e-03)
avg. loss 2.81442511e-02
time taken for epoch 0:00:53.436886
Epoch 31
[31,     0] loss: 2.891927e-02 masks: 20.0 20.0 [wd: 4.14e-02] [lr: 8.00e-04] [mem: 5.67e+03] (164.4 ms)
[31,     0] grad_stats: [3.83e-03 3.21e-04] (3.06e-05, 6.37e-03)
[31,   116] loss: 2.768523e-02 masks: 21.8 17.4 [wd: 4.15e-02] [lr: 8.10e-04] [mem: 5.67e+03] (168.4 ms)
[31,   116] grad_stats: [4.43e-03 6.28e-04] (2.91e-05, 4.46e-03)
[31,   232] loss: 2.718077e-02 masks: 22.3 17.1 [wd: 4.15e-02] [lr: 8.20e-04] [mem: 5.67e+03] (169.9 ms)
[31,   232] grad_stats: [6.58e-03 7.46e-04] (5.63e-05, 8.44e-03)
avg. loss 2.71807737e-02
time taken for epoch 0:00:53.553076
Epoch 32
[32,     0] loss: 2.841030e-02 masks: 20.0 16.0 [wd: 4.15e-02] [lr: 8.20e-04] [mem: 5.67e+03] (161.1 ms)
[32,     0] grad_stats: [4.48e-03 4.14e-04] (4.53e-05, 7.96e-03)
[32,   116] loss: 2.682733e-02 masks: 21.5 17.3 [wd: 4.16e-02] [lr: 8.30e-04] [mem: 5.67e+03] (167.5 ms)
[32,   116] grad_stats: [3.26e-03 3.32e-04] (3.90e-05, 4.49e-03)
[32,   232] loss: 2.573154e-02 masks: 22.2 17.1 [wd: 4.16e-02] [lr: 8.40e-04] [mem: 5.67e+03] (169.7 ms)
[32,   232] grad_stats: [3.12e-03 7.82e-04] (4.76e-05, 4.66e-03)
avg. loss 2.57315375e-02
time taken for epoch 0:00:53.528994
Epoch 33
[33,     0] loss: 2.103290e-02 masks: 27.0 16.0 [wd: 4.16e-02] [lr: 8.40e-04] [mem: 5.67e+03] (179.9 ms)
[33,     0] grad_stats: [3.18e-03 4.14e-04] (3.74e-05, 6.97e-03)
[33,   116] loss: 2.470013e-02 masks: 21.7 17.2 [wd: 4.17e-02] [lr: 8.50e-04] [mem: 5.67e+03] (167.9 ms)
[33,   116] grad_stats: [2.32e-03 4.54e-04] (3.81e-05, 5.37e-03)
[33,   232] loss: 2.416226e-02 masks: 21.9 17.3 [wd: 4.17e-02] [lr: 8.60e-04] [mem: 5.67e+03] (169.1 ms)
[33,   232] grad_stats: [2.06e-03 4.78e-04] (3.21e-05, 3.95e-03)
avg. loss 2.41622603e-02
time taken for epoch 0:00:53.365090
Epoch 34
[34,     0] loss: 3.018891e-02 masks: 13.0 20.0 [wd: 4.17e-02] [lr: 8.60e-04] [mem: 5.67e+03] (146.0 ms)
[34,     0] grad_stats: [1.95e-03 4.21e-04] (3.47e-05, 3.52e-03)
[34,   116] loss: 2.408302e-02 masks: 21.6 17.4 [wd: 4.18e-02] [lr: 8.70e-04] [mem: 5.67e+03] (167.8 ms)
[34,   116] grad_stats: [2.08e-03 8.90e-04] (3.76e-05, 3.83e-03)
[34,   232] loss: 2.384055e-02 masks: 21.7 17.4 [wd: 4.18e-02] [lr: 8.80e-04] [mem: 5.67e+03] (168.5 ms)
[34,   232] grad_stats: [1.96e-03 3.58e-04] (2.83e-05, 3.68e-03)
avg. loss 2.38405538e-02
time taken for epoch 0:00:53.318847
Epoch 35
[35,     0] loss: 1.544251e-02 masks: 35.0 12.0 [wd: 4.18e-02] [lr: 8.80e-04] [mem: 5.67e+03] (195.7 ms)
[35,     0] grad_stats: [2.32e-03 3.45e-04] (2.51e-05, 3.92e-03)
[35,   116] loss: 2.395687e-02 masks: 21.7 17.3 [wd: 4.19e-02] [lr: 8.90e-04] [mem: 5.67e+03] (167.9 ms)
[35,   116] grad_stats: [3.13e-03 3.07e-04] (2.52e-05, 4.90e-03)
[35,   232] loss: 2.389991e-02 masks: 21.6 17.3 [wd: 4.19e-02] [lr: 9.00e-04] [mem: 5.67e+03] (168.2 ms)
[35,   232] grad_stats: [2.39e-03 4.70e-04] (3.02e-05, 4.31e-03)
avg. loss 2.38999089e-02
time taken for epoch 0:00:52.960500
Epoch 36
[36,     0] loss: 2.010609e-02 masks: 26.0 16.0 [wd: 4.19e-02] [lr: 9.00e-04] [mem: 5.67e+03] (177.7 ms)
[36,     0] grad_stats: [2.23e-03 2.34e-04] (2.81e-05, 3.37e-03)
[36,   116] loss: 2.337530e-02 masks: 22.6 17.0 [wd: 4.20e-02] [lr: 9.10e-04] [mem: 5.67e+03] (170.2 ms)
[36,   116] grad_stats: [2.37e-03 2.62e-04] (2.42e-05, 4.36e-03)
[36,   232] loss: 2.371611e-02 masks: 22.2 17.1 [wd: 4.20e-02] [lr: 9.20e-04] [mem: 5.67e+03] (169.6 ms)
[36,   232] grad_stats: [3.95e-03 9.47e-04] (3.94e-05, 6.06e-03)
avg. loss 2.37161060e-02
time taken for epoch 0:00:53.514394
Epoch 37
[37,     0] loss: 2.551729e-02 masks: 22.0 16.0 [wd: 4.20e-02] [lr: 9.20e-04] [mem: 5.67e+03] (165.7 ms)
[37,     0] grad_stats: [2.69e-03 7.09e-04] (3.94e-05, 5.78e-03)
[37,   116] loss: 2.313613e-02 masks: 22.3 17.3 [wd: 4.21e-02] [lr: 9.30e-04] [mem: 5.67e+03] (169.6 ms)
[37,   116] grad_stats: [2.67e-03 3.49e-04] (3.41e-05, 5.73e-03)
[37,   232] loss: 2.284906e-02 masks: 22.3 17.2 [wd: 4.22e-02] [lr: 9.40e-04] [mem: 5.67e+03] (169.9 ms)
[37,   232] grad_stats: [2.59e-03 6.79e-04] (2.97e-05, 1.10e-02)
avg. loss 2.28490638e-02
time taken for epoch 0:00:53.581693
Epoch 38
[38,     0] loss: 3.154221e-02 masks: 14.0 20.0 [wd: 4.22e-02] [lr: 9.40e-04] [mem: 5.67e+03] (148.7 ms)
[38,     0] grad_stats: [3.91e-03 1.04e-03] (3.36e-05, 6.85e-03)
[38,   116] loss: 2.226891e-02 masks: 21.5 17.5 [wd: 4.22e-02] [lr: 9.50e-04] [mem: 5.67e+03] (167.9 ms)
[38,   116] grad_stats: [2.35e-03 6.30e-04] (2.96e-05, 3.28e-03)
[38,   232] loss: 2.222899e-02 masks: 21.5 17.6 [wd: 4.23e-02] [lr: 9.60e-04] [mem: 5.67e+03] (168.3 ms)
[38,   232] grad_stats: [2.61e-03 4.33e-04] (3.39e-05, 3.65e-03)
avg. loss 2.22289919e-02
time taken for epoch 0:00:53.169374
Epoch 39
[39,     0] loss: 2.230421e-02 masks: 24.0 16.0 [wd: 4.23e-02] [lr: 9.60e-04] [mem: 5.67e+03] (171.9 ms)
[39,     0] grad_stats: [2.04e-03 2.67e-04] (2.18e-05, 2.79e-03)
[39,   116] loss: 2.255411e-02 masks: 21.8 17.6 [wd: 4.23e-02] [lr: 9.70e-04] [mem: 5.67e+03] (168.8 ms)
[39,   116] grad_stats: [4.34e-03 3.55e-04] (3.53e-05, 5.46e-03)
[39,   232] loss: 2.263570e-02 masks: 22.0 17.5 [wd: 4.24e-02] [lr: 9.80e-04] [mem: 5.67e+03] (169.5 ms)
[39,   232] grad_stats: [2.08e-03 2.35e-04] (2.33e-05, 2.54e-03)
avg. loss 2.26356985e-02
time taken for epoch 0:00:53.451921
Epoch 40
[40,     0] loss: 2.446876e-02 masks: 21.0 16.0 [wd: 4.24e-02] [lr: 9.80e-04] [mem: 5.67e+03] (161.4 ms)
[40,     0] grad_stats: [3.10e-03 3.68e-04] (2.79e-05, 3.10e-03)
[40,   116] loss: 2.282082e-02 masks: 22.1 16.9 [wd: 4.25e-02] [lr: 9.90e-04] [mem: 5.67e+03] (168.8 ms)
[40,   116] grad_stats: [3.15e-03 4.11e-04] (2.49e-05, 3.15e-03)
[40,   232] loss: 2.313959e-02 masks: 21.5 17.3 [wd: 4.25e-02] [lr: 1.00e-03] [mem: 5.67e+03] (167.9 ms)
[40,   232] grad_stats: [2.43e-03 2.83e-04] (1.92e-05, 2.65e-03)
avg. loss 2.31395942e-02
	Epoch 40, KNN accuracy train: 6.99642e-01, KNN accuracy train: 5.55333e-01
time taken for epoch 0:01:35.947676
Epoch 41
[41,     0] loss: 1.923812e-02 masks: 21.0 16.0 [wd: 4.25e-02] [lr: 1.00e-03] [mem: 5.67e+03] (163.4 ms)
[41,     0] grad_stats: [1.92e-03 2.11e-04] (2.00e-05, 2.88e-03)
[41,   116] loss: 2.252294e-02 masks: 22.3 17.0 [wd: 4.26e-02] [lr: 1.00e-03] [mem: 5.67e+03] (168.9 ms)
[41,   116] grad_stats: [1.67e-03 1.76e-04] (2.03e-05, 2.86e-03)
[41,   232] loss: 2.245017e-02 masks: 22.1 17.1 [wd: 4.26e-02] [lr: 1.00e-03] [mem: 5.67e+03] (169.2 ms)
[41,   232] grad_stats: [1.93e-03 2.64e-04] (2.30e-05, 2.16e-03)
avg. loss 2.24501745e-02
time taken for epoch 0:00:53.335481
Epoch 42
[42,     0] loss: 2.266408e-02 masks: 21.0 16.0 [wd: 4.26e-02] [lr: 1.00e-03] [mem: 5.67e+03] (163.6 ms)
[42,     0] grad_stats: [2.62e-03 2.53e-04] (2.43e-05, 3.68e-03)
[42,   116] loss: 2.230706e-02 masks: 22.2 17.2 [wd: 4.27e-02] [lr: 1.00e-03] [mem: 5.67e+03] (169.3 ms)
[42,   116] grad_stats: [2.11e-03 2.13e-04] (2.59e-05, 3.13e-03)
[42,   232] loss: 2.240317e-02 masks: 21.8 17.4 [wd: 4.28e-02] [lr: 1.00e-03] [mem: 5.67e+03] (168.9 ms)
[42,   232] grad_stats: [3.34e-03 6.57e-04] (2.45e-05, 3.40e-03)
avg. loss 2.24031692e-02
time taken for epoch 0:00:53.352470
Epoch 43
[43,     0] loss: 2.513841e-02 masks: 17.0 20.0 [wd: 4.28e-02] [lr: 1.00e-03] [mem: 5.67e+03] (156.8 ms)
[43,     0] grad_stats: [2.49e-03 3.64e-04] (3.40e-05, 4.31e-03)
[43,   116] loss: 2.171571e-02 masks: 21.7 17.2 [wd: 4.28e-02] [lr: 1.00e-03] [mem: 5.67e+03] (168.0 ms)
[43,   116] grad_stats: [2.23e-03 2.12e-04] (3.03e-05, 3.43e-03)
[43,   232] loss: 2.209482e-02 masks: 21.7 17.3 [wd: 4.29e-02] [lr: 1.00e-03] [mem: 5.67e+03] (168.4 ms)
[43,   232] grad_stats: [3.33e-03 3.22e-04] (2.42e-05, 4.33e-03)
avg. loss 2.20948219e-02
time taken for epoch 0:00:53.157320
Epoch 44
[44,     0] loss: 2.460738e-02 masks: 19.0 20.0 [wd: 4.29e-02] [lr: 1.00e-03] [mem: 5.67e+03] (163.4 ms)
[44,     0] grad_stats: [4.65e-03 3.98e-04] (4.34e-05, 4.84e-03)
[44,   116] loss: 2.258029e-02 masks: 21.4 17.5 [wd: 4.30e-02] [lr: 1.00e-03] [mem: 5.67e+03] (167.6 ms)
[44,   116] grad_stats: [1.50e-03 2.59e-04] (2.67e-05, 3.81e-03)
[44,   232] loss: 2.206878e-02 masks: 22.0 17.3 [wd: 4.30e-02] [lr: 1.00e-03] [mem: 5.67e+03] (169.4 ms)
[44,   232] grad_stats: [3.37e-03 6.22e-04] (2.75e-05, 3.68e-03)
avg. loss 2.20687845e-02
time taken for epoch 0:00:53.388639
Epoch 45
[45,     0] loss: 2.356909e-02 masks: 22.0 20.0 [wd: 4.30e-02] [lr: 1.00e-03] [mem: 5.67e+03] (170.6 ms)
[45,     0] grad_stats: [2.00e-03 3.48e-04] (2.06e-05, 3.47e-03)
[45,   116] loss: 2.159392e-02 masks: 21.7 17.4 [wd: 4.31e-02] [lr: 1.00e-03] [mem: 5.67e+03] (168.2 ms)
[45,   116] grad_stats: [3.13e-03 3.01e-04] (2.60e-05, 3.87e-03)
[45,   232] loss: 2.152255e-02 masks: 22.2 17.2 [wd: 4.32e-02] [lr: 1.00e-03] [mem: 5.67e+03] (169.8 ms)
[45,   232] grad_stats: [2.21e-03 4.69e-04] (2.61e-05, 2.98e-03)
avg. loss 2.15225498e-02
time taken for epoch 0:00:53.491347
Epoch 46
[46,     0] loss: 2.364515e-02 masks: 17.0 16.0 [wd: 4.32e-02] [lr: 1.00e-03] [mem: 5.67e+03] (153.2 ms)
[46,     0] grad_stats: [2.09e-03 1.98e-04] (2.43e-05, 2.09e-03)
[46,   116] loss: 2.083413e-02 masks: 23.4 16.7 [wd: 4.33e-02] [lr: 1.00e-03] [mem: 5.67e+03] (172.2 ms)
[46,   116] grad_stats: [1.35e-03 2.11e-04] (1.82e-05, 2.81e-03)
[46,   232] loss: 2.130543e-02 masks: 22.4 17.2 [wd: 4.33e-02] [lr: 1.00e-03] [mem: 5.67e+03] (170.5 ms)
[46,   232] grad_stats: [1.09e-03 2.57e-04] (1.53e-05, 1.82e-03)
avg. loss 2.13054346e-02
time taken for epoch 0:00:53.672837
Epoch 47
[47,     0] loss: 2.269476e-02 masks: 23.0 16.0 [wd: 4.33e-02] [lr: 1.00e-03] [mem: 5.67e+03] (168.4 ms)
[47,     0] grad_stats: [1.43e-03 2.72e-04] (2.28e-05, 1.64e-03)
[47,   116] loss: 2.192508e-02 masks: 21.7 17.2 [wd: 4.34e-02] [lr: 1.00e-03] [mem: 5.67e+03] (168.1 ms)
[47,   116] grad_stats: [1.75e-03 5.14e-04] (2.41e-05, 4.14e-03)
[47,   232] loss: 2.221965e-02 masks: 21.8 17.3 [wd: 4.35e-02] [lr: 1.00e-03] [mem: 5.67e+03] (168.9 ms)
[47,   232] grad_stats: [1.49e-03 2.45e-04] (2.36e-05, 3.00e-03)
avg. loss 2.22196532e-02
time taken for epoch 0:00:53.337342
Epoch 48
[48,     0] loss: 2.387717e-02 masks: 23.0 16.0 [wd: 4.35e-02] [lr: 1.00e-03] [mem: 5.67e+03] (168.9 ms)
[48,     0] grad_stats: [1.65e-03 4.07e-04] (2.55e-05, 3.28e-03)
[48,   116] loss: 2.291124e-02 masks: 21.2 17.6 [wd: 4.36e-02] [lr: 1.00e-03] [mem: 5.67e+03] (167.3 ms)
[48,   116] grad_stats: [2.02e-03 2.45e-04] (2.96e-05, 4.63e-03)
[48,   232] loss: 2.301342e-02 masks: 21.7 17.5 [wd: 4.36e-02] [lr: 1.00e-03] [mem: 5.67e+03] (168.8 ms)
[48,   232] grad_stats: [3.36e-03 2.84e-04] (3.39e-05, 4.44e-03)
avg. loss 2.30134160e-02
time taken for epoch 0:00:53.348934
Epoch 49
[49,     0] loss: 2.155166e-02 masks: 25.0 16.0 [wd: 4.36e-02] [lr: 1.00e-03] [mem: 5.67e+03] (174.2 ms)
[49,     0] grad_stats: [1.79e-03 2.19e-04] (2.69e-05, 2.83e-03)
[49,   116] loss: 2.308876e-02 masks: 22.3 17.3 [wd: 4.37e-02] [lr: 1.00e-03] [mem: 5.67e+03] (169.9 ms)
[49,   116] grad_stats: [2.00e-03 2.82e-04] (2.36e-05, 4.21e-03)
[49,   232] loss: 2.341451e-02 masks: 22.0 17.3 [wd: 4.38e-02] [lr: 1.00e-03] [mem: 5.67e+03] (169.6 ms)
[49,   232] grad_stats: [1.68e-03 6.59e-04] (2.81e-05, 3.68e-03)
avg. loss 2.34145099e-02
time taken for epoch 0:00:53.474152
Epoch 50
[50,     0] loss: 2.340373e-02 masks: 23.0 16.0 [wd: 4.38e-02] [lr: 1.00e-03] [mem: 5.67e+03] (168.5 ms)
[50,     0] grad_stats: [1.51e-03 2.79e-04] (2.29e-05, 2.43e-03)
[50,   116] loss: 2.360876e-02 masks: 22.3 16.9 [wd: 4.39e-02] [lr: 1.00e-03] [mem: 5.67e+03] (169.3 ms)
[50,   116] grad_stats: [1.43e-03 1.99e-04] (1.56e-05, 1.91e-03)
[50,   232] loss: 2.376137e-02 masks: 22.2 17.2 [wd: 4.39e-02] [lr: 1.00e-03] [mem: 5.67e+03] (170.0 ms)
[50,   232] grad_stats: [1.58e-03 1.70e-04] (1.75e-05, 1.86e-03)
avg. loss 2.37613708e-02
time taken for epoch 0:00:53.557788
Epoch 51
[51,     0] loss: 2.722156e-02 masks: 20.0 16.0 [wd: 4.39e-02] [lr: 1.00e-03] [mem: 5.67e+03] (161.5 ms)
[51,     0] grad_stats: [2.47e-03 1.95e-04] (2.16e-05, 3.15e-03)
[51,   116] loss: 2.360804e-02 masks: 22.0 17.2 [wd: 4.40e-02] [lr: 9.99e-04] [mem: 5.67e+03] (169.0 ms)
[51,   116] grad_stats: [1.62e-03 2.04e-04] (1.95e-05, 3.24e-03)
[51,   232] loss: 2.418369e-02 masks: 21.8 17.3 [wd: 4.41e-02] [lr: 9.99e-04] [mem: 5.67e+03] (168.9 ms)
[51,   232] grad_stats: [1.54e-03 2.85e-04] (1.93e-05, 3.60e-03)
avg. loss 2.41836936e-02
time taken for epoch 0:00:53.323694
Epoch 52
[52,     0] loss: 2.074223e-02 masks: 27.0 16.0 [wd: 4.41e-02] [lr: 9.99e-04] [mem: 5.67e+03] (182.0 ms)
[52,     0] grad_stats: [1.77e-03 2.76e-04] (2.06e-05, 2.43e-03)
[52,   116] loss: 2.463913e-02 masks: 22.2 17.1 [wd: 4.42e-02] [lr: 9.99e-04] [mem: 5.67e+03] (169.5 ms)
[52,   116] grad_stats: [2.81e-03 2.43e-04] (2.91e-05, 3.12e-03)
[52,   232] loss: 2.462475e-02 masks: 21.9 17.3 [wd: 4.43e-02] [lr: 9.99e-04] [mem: 5.67e+03] (169.4 ms)
[52,   232] grad_stats: [2.38e-03 1.78e-04] (2.59e-05, 2.55e-03)
avg. loss 2.46247456e-02
time taken for epoch 0:00:53.445872
Epoch 53
[53,     0] loss: 2.791470e-02 masks: 12.0 20.0 [wd: 4.43e-02] [lr: 9.99e-04] [mem: 5.67e+03] (140.9 ms)
[53,     0] grad_stats: [1.42e-03 1.70e-04] (1.84e-05, 2.15e-03)
[53,   116] loss: 2.502704e-02 masks: 21.8 17.5 [wd: 4.43e-02] [lr: 9.99e-04] [mem: 5.67e+03] (168.5 ms)
[53,   116] grad_stats: [2.02e-03 2.90e-04] (2.53e-05, 2.95e-03)
[53,   232] loss: 2.512237e-02 masks: 21.6 17.5 [wd: 4.44e-02] [lr: 9.99e-04] [mem: 5.67e+03] (168.7 ms)
[53,   232] grad_stats: [2.56e-03 2.52e-04] (2.67e-05, 3.81e-03)
avg. loss 2.51223672e-02
time taken for epoch 0:00:53.250974
Epoch 54
[54,     0] loss: 2.759598e-02 masks: 17.0 16.0 [wd: 4.44e-02] [lr: 9.99e-04] [mem: 5.67e+03] (152.4 ms)
[54,     0] grad_stats: [2.24e-03 4.32e-04] (4.33e-05, 6.91e-03)
[54,   116] loss: 2.482266e-02 masks: 22.3 17.1 [wd: 4.45e-02] [lr: 9.99e-04] [mem: 5.67e+03] (169.7 ms)
[54,   116] grad_stats: [2.82e-03 2.43e-04] (1.95e-05, 2.99e-03)
[54,   232] loss: 2.488212e-02 masks: 22.6 17.0 [wd: 4.46e-02] [lr: 9.99e-04] [mem: 5.67e+03] (171.0 ms)
[54,   232] grad_stats: [2.78e-03 2.16e-04] (3.12e-05, 4.22e-03)
avg. loss 2.48821193e-02
time taken for epoch 0:00:53.803568
Epoch 55
[55,     0] loss: 3.041589e-02 masks: 17.0 20.0 [wd: 4.46e-02] [lr: 9.99e-04] [mem: 5.67e+03] (157.1 ms)
[55,     0] grad_stats: [1.84e-03 2.82e-04] (3.01e-05, 2.63e-03)
[55,   116] loss: 2.607428e-02 masks: 21.5 17.6 [wd: 4.47e-02] [lr: 9.99e-04] [mem: 5.67e+03] (168.0 ms)
[55,   116] grad_stats: [1.80e-03 1.96e-04] (2.67e-05, 2.22e-03)
[55,   232] loss: 2.641084e-02 masks: 21.2 17.7 [wd: 4.48e-02] [lr: 9.99e-04] [mem: 5.67e+03] (167.9 ms)
[55,   232] grad_stats: [1.24e-03 2.00e-04] (1.98e-05, 2.53e-03)
avg. loss 2.64108443e-02
time taken for epoch 0:00:53.112689
Epoch 56
[56,     0] loss: 2.543209e-02 masks: 19.0 20.0 [wd: 4.48e-02] [lr: 9.99e-04] [mem: 5.67e+03] (163.8 ms)
[56,     0] grad_stats: [1.20e-03 1.67e-04] (1.83e-05, 2.11e-03)
[56,   116] loss: 2.672744e-02 masks: 21.1 17.4 [wd: 4.48e-02] [lr: 9.99e-04] [mem: 5.67e+03] (166.5 ms)
[56,   116] grad_stats: [1.52e-03 2.94e-04] (2.02e-05, 1.87e-03)
[56,   232] loss: 2.699506e-02 masks: 20.9 17.6 [wd: 4.49e-02] [lr: 9.99e-04] [mem: 5.67e+03] (166.8 ms)
[56,   232] grad_stats: [2.89e-03 1.94e-04] (2.49e-05, 4.01e-03)
avg. loss 2.69950619e-02
time taken for epoch 0:00:52.843551
Epoch 57
[57,     0] loss: 2.757684e-02 masks: 17.0 20.0 [wd: 4.49e-02] [lr: 9.99e-04] [mem: 5.67e+03] (157.0 ms)
[57,     0] grad_stats: [2.00e-03 1.94e-04] (2.15e-05, 3.52e-03)
[57,   116] loss: 2.660597e-02 masks: 22.0 17.4 [wd: 4.50e-02] [lr: 9.99e-04] [mem: 5.67e+03] (169.2 ms)
[57,   116] grad_stats: [1.90e-03 4.00e-04] (2.85e-05, 3.10e-03)
[57,   232] loss: 2.645184e-02 masks: 22.3 17.2 [wd: 4.51e-02] [lr: 9.99e-04] [mem: 5.67e+03] (170.2 ms)
[57,   232] grad_stats: [1.19e-03 2.04e-04] (2.12e-05, 2.02e-03)
avg. loss 2.64518402e-02
time taken for epoch 0:00:53.581123
Epoch 58
[58,     0] loss: 2.546733e-02 masks: 27.0 16.0 [wd: 4.51e-02] [lr: 9.99e-04] [mem: 5.67e+03] (181.0 ms)
[58,     0] grad_stats: [1.29e-03 1.72e-04] (2.59e-05, 2.79e-03)
[58,   116] loss: 2.685571e-02 masks: 22.1 17.5 [wd: 4.52e-02] [lr: 9.99e-04] [mem: 5.67e+03] (169.6 ms)
[58,   116] grad_stats: [3.49e-03 5.31e-04] (3.23e-05, 5.03e-03)
[58,   232] loss: 2.697276e-02 masks: 22.1 17.3 [wd: 4.53e-02] [lr: 9.98e-04] [mem: 5.67e+03] (170.0 ms)
[58,   232] grad_stats: [2.00e-03 3.91e-04] (2.52e-05, 4.91e-03)
avg. loss 2.69727625e-02
time taken for epoch 0:00:53.570776
Epoch 59
[59,     0] loss: 2.390528e-02 masks: 22.0 20.0 [wd: 4.53e-02] [lr: 9.98e-04] [mem: 5.67e+03] (172.0 ms)
[59,     0] grad_stats: [1.64e-03 3.66e-04] (1.52e-05, 3.03e-03)
[59,   116] loss: 2.710989e-02 masks: 22.7 16.9 [wd: 4.54e-02] [lr: 9.98e-04] [mem: 5.67e+03] (170.7 ms)
[59,   116] grad_stats: [2.39e-03 4.28e-04] (3.42e-05, 3.86e-03)
[59,   232] loss: 2.734260e-02 masks: 22.4 17.0 [wd: 4.55e-02] [lr: 9.98e-04] [mem: 5.67e+03] (170.4 ms)
[59,   232] grad_stats: [2.90e-03 2.24e-04] (3.74e-05, 4.52e-03)
avg. loss 2.73426041e-02
time taken for epoch 0:00:53.690826
Epoch 60
[60,     0] loss: 2.805055e-02 masks: 19.0 20.0 [wd: 4.55e-02] [lr: 9.98e-04] [mem: 5.67e+03] (163.2 ms)
[60,     0] grad_stats: [1.67e-03 2.09e-04] (2.40e-05, 2.17e-03)
[60,   116] loss: 2.793674e-02 masks: 21.8 17.5 [wd: 4.56e-02] [lr: 9.98e-04] [mem: 5.67e+03] (168.8 ms)
[60,   116] grad_stats: [2.32e-03 4.16e-04] (3.13e-05, 5.11e-03)
[60,   232] loss: 2.793056e-02 masks: 22.0 17.3 [wd: 4.57e-02] [lr: 9.98e-04] [mem: 5.67e+03] (169.6 ms)
[60,   232] grad_stats: [1.80e-03 1.78e-04] (2.00e-05, 1.81e-03)
avg. loss 2.79305620e-02
	Epoch 60, KNN accuracy train: 6.99285e-01, KNN accuracy train: 5.54333e-01
time taken for epoch 0:01:36.577477
Epoch 61
[61,     0] loss: 2.851716e-02 masks: 18.0 20.0 [wd: 4.57e-02] [lr: 9.98e-04] [mem: 5.67e+03] (159.5 ms)
[61,     0] grad_stats: [1.77e-03 2.12e-04] (2.05e-05, 2.50e-03)
[61,   116] loss: 2.894827e-02 masks: 21.5 17.4 [wd: 4.57e-02] [lr: 9.98e-04] [mem: 5.67e+03] (166.9 ms)
[61,   116] grad_stats: [1.33e-03 2.81e-04] (1.84e-05, 2.49e-03)
[61,   232] loss: 2.921517e-02 masks: 21.5 17.4 [wd: 4.58e-02] [lr: 9.98e-04] [mem: 5.67e+03] (167.7 ms)
[61,   232] grad_stats: [1.82e-03 4.19e-04] (2.79e-05, 2.60e-03)
avg. loss 2.92151709e-02
time taken for epoch 0:00:52.933720
Epoch 62
[62,     0] loss: 2.349212e-02 masks: 33.0 12.0 [wd: 4.58e-02] [lr: 9.98e-04] [mem: 5.67e+03] (191.7 ms)
[62,     0] grad_stats: [2.96e-03 1.81e-04] (2.12e-05, 4.62e-03)
[62,   116] loss: 2.985463e-02 masks: 21.9 17.5 [wd: 4.59e-02] [lr: 9.98e-04] [mem: 5.67e+03] (169.0 ms)
[62,   116] grad_stats: [1.97e-03 5.23e-04] (4.35e-05, 2.74e-03)
[62,   232] loss: 3.034072e-02 masks: 21.8 17.4 [wd: 4.60e-02] [lr: 9.98e-04] [mem: 5.67e+03] (169.0 ms)
[62,   232] grad_stats: [1.86e-03 2.06e-04] (2.20e-05, 3.01e-03)
avg. loss 3.03407237e-02
time taken for epoch 0:00:53.301877
Epoch 63
[63,     0] loss: 2.888227e-02 masks: 20.0 16.0 [wd: 4.60e-02] [lr: 9.98e-04] [mem: 5.67e+03] (161.4 ms)
[63,     0] grad_stats: [2.70e-03 1.97e-04] (2.24e-05, 3.38e-03)
[63,   116] loss: 3.043242e-02 masks: 22.1 17.3 [wd: 4.61e-02] [lr: 9.98e-04] [mem: 5.67e+03] (169.2 ms)
[63,   116] grad_stats: [1.47e-03 1.40e-04] (2.81e-05, 2.04e-03)
[63,   232] loss: 3.038294e-02 masks: 21.9 17.3 [wd: 4.62e-02] [lr: 9.97e-04] [mem: 5.67e+03] (169.4 ms)
[63,   232] grad_stats: [1.12e-03 2.11e-04] (1.80e-05, 2.51e-03)
avg. loss 3.03829393e-02
time taken for epoch 0:00:53.420487
Epoch 64
[64,     0] loss: 2.906748e-02 masks: 20.0 16.0 [wd: 4.62e-02] [lr: 9.97e-04] [mem: 5.67e+03] (161.1 ms)
[64,     0] grad_stats: [1.84e-03 2.88e-04] (2.86e-05, 4.88e-03)
[64,   116] loss: 3.071324e-02 masks: 22.3 17.2 [wd: 4.63e-02] [lr: 9.97e-04] [mem: 5.67e+03] (170.0 ms)
[64,   116] grad_stats: [3.37e-03 3.72e-04] (2.27e-05, 4.43e-03)
[64,   232] loss: 3.114410e-02 masks: 21.9 17.4 [wd: 4.64e-02] [lr: 9.97e-04] [mem: 5.67e+03] (169.5 ms)
[64,   232] grad_stats: [1.47e-03 2.21e-04] (2.34e-05, 2.85e-03)
avg. loss 3.11441009e-02
time taken for epoch 0:00:53.502764
Epoch 65
[65,     0] loss: 3.121408e-02 masks: 23.0 16.0 [wd: 4.64e-02] [lr: 9.97e-04] [mem: 5.67e+03] (166.0 ms)
[65,     0] grad_stats: [1.85e-03 3.73e-04] (2.59e-05, 2.52e-03)
[65,   116] loss: 3.194108e-02 masks: 21.9 17.3 [wd: 4.65e-02] [lr: 9.97e-04] [mem: 5.67e+03] (168.9 ms)
[65,   116] grad_stats: [3.31e-03 2.06e-04] (2.16e-05, 3.32e-03)
[65,   232] loss: 3.196978e-02 masks: 22.2 17.3 [wd: 4.66e-02] [lr: 9.97e-04] [mem: 5.67e+03] (170.1 ms)
[65,   232] grad_stats: [2.17e-03 1.78e-04] (2.08e-05, 2.63e-03)
avg. loss 3.19697771e-02
time taken for epoch 0:00:53.463617
Epoch 66
[66,     0] loss: 3.168226e-02 masks: 23.0 16.0 [wd: 4.66e-02] [lr: 9.97e-04] [mem: 5.67e+03] (168.5 ms)
[66,     0] grad_stats: [9.99e-04 1.51e-04] (1.66e-05, 2.10e-03)
[66,   116] loss: 3.178188e-02 masks: 23.2 16.9 [wd: 4.67e-02] [lr: 9.97e-04] [mem: 5.67e+03] (172.3 ms)
[66,   116] grad_stats: [3.84e-03 1.95e-04] (1.64e-05, 3.84e-03)
[66,   232] loss: 3.258713e-02 masks: 22.7 17.0 [wd: 4.68e-02] [lr: 9.97e-04] [mem: 5.67e+03] (171.3 ms)
[66,   232] grad_stats: [1.51e-03 4.16e-04] (3.29e-05, 3.72e-03)
avg. loss 3.25871254e-02
time taken for epoch 0:00:53.848666
Epoch 67
[67,     0] loss: 2.887882e-02 masks: 25.0 16.0 [wd: 4.68e-02] [lr: 9.97e-04] [mem: 5.67e+03] (174.5 ms)
[67,     0] grad_stats: [2.50e-03 3.47e-04] (2.47e-05, 4.96e-03)
[67,   116] loss: 3.334595e-02 masks: 22.5 17.2 [wd: 4.69e-02] [lr: 9.97e-04] [mem: 5.67e+03] (170.6 ms)
[67,   116] grad_stats: [2.08e-03 4.17e-04] (3.64e-05, 6.06e-03)
[67,   232] loss: 3.388973e-02 masks: 22.2 17.2 [wd: 4.70e-02] [lr: 9.96e-04] [mem: 5.67e+03] (170.3 ms)
[67,   232] grad_stats: [2.60e-03 2.73e-04] (2.12e-05, 2.96e-03)
avg. loss 3.38897257e-02
time taken for epoch 0:00:53.599982
Epoch 68
[68,     0] loss: 3.400258e-02 masks: 18.0 20.0 [wd: 4.70e-02] [lr: 9.96e-04] [mem: 5.67e+03] (160.8 ms)
[68,     0] grad_stats: [1.58e-03 1.50e-04] (2.36e-05, 2.87e-03)
[68,   116] loss: 3.578115e-02 masks: 21.8 17.5 [wd: 4.71e-02] [lr: 9.96e-04] [mem: 5.67e+03] (168.9 ms)
[68,   116] grad_stats: [1.65e-03 3.25e-04] (2.71e-05, 3.37e-03)
[68,   232] loss: 3.547449e-02 masks: 22.1 17.4 [wd: 4.73e-02] [lr: 9.96e-04] [mem: 5.67e+03] (170.1 ms)
[68,   232] grad_stats: [2.97e-03 2.85e-04] (2.91e-05, 3.77e-03)
avg. loss 3.54744874e-02
time taken for epoch 0:00:53.585486
Epoch 69
[69,     0] loss: 3.747599e-02 masks: 18.0 20.0 [wd: 4.73e-02] [lr: 9.96e-04] [mem: 5.67e+03] (160.2 ms)
[69,     0] grad_stats: [1.68e-03 2.32e-04] (2.73e-05, 3.71e-03)
[69,   116] loss: 3.580460e-02 masks: 21.9 17.3 [wd: 4.74e-02] [lr: 9.96e-04] [mem: 5.67e+03] (169.0 ms)
[69,   116] grad_stats: [1.89e-03 2.06e-04] (3.08e-05, 3.98e-03)
[69,   232] loss: 3.563207e-02 masks: 22.5 17.1 [wd: 4.75e-02] [lr: 9.96e-04] [mem: 5.67e+03] (170.9 ms)
[69,   232] grad_stats: [2.37e-03 2.31e-04] (2.54e-05, 2.37e-03)
avg. loss 3.56320678e-02
time taken for epoch 0:00:53.738839
Epoch 70
[70,     0] loss: 3.790965e-02 masks: 17.0 16.0 [wd: 4.75e-02] [lr: 9.96e-04] [mem: 5.67e+03] (150.5 ms)
[70,     0] grad_stats: [2.00e-03 1.80e-04] (2.70e-05, 2.96e-03)
[70,   116] loss: 3.678868e-02 masks: 21.3 17.4 [wd: 4.76e-02] [lr: 9.96e-04] [mem: 5.67e+03] (167.5 ms)
[70,   116] grad_stats: [2.80e-03 2.52e-04] (3.63e-05, 4.23e-03)
[70,   232] loss: 3.757185e-02 masks: 21.1 17.6 [wd: 4.77e-02] [lr: 9.96e-04] [mem: 5.67e+03] (167.6 ms)
[70,   232] grad_stats: [2.20e-03 2.33e-04] (2.81e-05, 5.71e-03)
avg. loss 3.75718491e-02
time taken for epoch 0:00:53.036747
Epoch 71
[71,     0] loss: 4.164916e-02 masks: 16.0 20.0 [wd: 4.77e-02] [lr: 9.96e-04] [mem: 5.67e+03] (154.8 ms)
[71,     0] grad_stats: [1.45e-03 2.63e-04] (2.48e-05, 1.88e-03)
[71,   116] loss: 3.792970e-02 masks: 22.0 17.2 [wd: 4.78e-02] [lr: 9.95e-04] [mem: 5.67e+03] (169.2 ms)
[71,   116] grad_stats: [2.19e-03 4.68e-04] (3.29e-05, 3.46e-03)
[71,   232] loss: 3.850812e-02 masks: 21.4 17.5 [wd: 4.79e-02] [lr: 9.95e-04] [mem: 5.67e+03] (168.3 ms)
[71,   232] grad_stats: [1.34e-03 2.06e-04] (2.96e-05, 2.77e-03)
avg. loss 3.85081210e-02
time taken for epoch 0:00:53.215033
Epoch 72
[72,     0] loss: 2.808323e-02 masks: 33.0 12.0 [wd: 4.79e-02] [lr: 9.95e-04] [mem: 5.67e+03] (192.1 ms)
[72,     0] grad_stats: [2.41e-03 2.56e-04] (3.00e-05, 4.21e-03)
[72,   116] loss: 3.932521e-02 masks: 21.2 17.7 [wd: 4.80e-02] [lr: 9.95e-04] [mem: 5.67e+03] (167.5 ms)
[72,   116] grad_stats: [2.83e-03 2.66e-04] (3.28e-05, 4.99e-03)
[72,   232] loss: 3.901016e-02 masks: 21.8 17.3 [wd: 4.81e-02] [lr: 9.95e-04] [mem: 5.67e+03] (169.0 ms)
[72,   232] grad_stats: [1.49e-03 4.67e-04] (2.67e-05, 2.54e-03)
avg. loss 3.90101583e-02
time taken for epoch 0:00:53.344064
Epoch 73
[73,     0] loss: 4.544372e-02 masks: 18.0 20.0 [wd: 4.81e-02] [lr: 9.95e-04] [mem: 5.67e+03] (159.2 ms)
[73,     0] grad_stats: [2.18e-03 3.20e-04] (2.94e-05, 5.88e-03)
[73,   116] loss: 3.868852e-02 masks: 22.4 17.0 [wd: 4.82e-02] [lr: 9.95e-04] [mem: 5.67e+03] (170.1 ms)
[73,   116] grad_stats: [1.30e-03 1.84e-04] (2.94e-05, 3.19e-03)
[73,   232] loss: 3.874775e-02 masks: 22.5 17.0 [wd: 4.83e-02] [lr: 9.95e-04] [mem: 5.67e+03] (170.6 ms)
[73,   232] grad_stats: [1.25e-03 1.06e-04] (1.88e-05, 3.26e-03)
avg. loss 3.87477492e-02
time taken for epoch 0:00:53.674222
Epoch 74
[74,     0] loss: 3.040966e-02 masks: 33.0 12.0 [wd: 4.84e-02] [lr: 9.95e-04] [mem: 5.67e+03] (190.2 ms)
[74,     0] grad_stats: [1.50e-03 1.45e-04] (2.45e-05, 3.38e-03)
[74,   116] loss: 3.900119e-02 masks: 22.9 16.9 [wd: 4.85e-02] [lr: 9.95e-04] [mem: 5.67e+03] (171.4 ms)
[74,   116] grad_stats: [2.17e-03 2.11e-04] (2.63e-05, 2.53e-03)
[74,   232] loss: 3.976224e-02 masks: 22.3 17.0 [wd: 4.86e-02] [lr: 9.94e-04] [mem: 5.67e+03] (170.4 ms)
[74,   232] grad_stats: [2.69e-03 3.35e-04] (2.95e-05, 5.04e-03)
avg. loss 3.97622449e-02
time taken for epoch 0:00:53.721939
Epoch 75
[75,     0] loss: 3.160197e-02 masks: 33.0 12.0 [wd: 4.86e-02] [lr: 9.94e-04] [mem: 5.67e+03] (191.7 ms)
[75,     0] grad_stats: [1.18e-03 2.25e-04] (1.71e-05, 3.27e-03)
[75,   116] loss: 4.198598e-02 masks: 21.1 17.5 [wd: 4.87e-02] [lr: 9.94e-04] [mem: 5.67e+03] (167.0 ms)
[75,   116] grad_stats: [2.74e-03 3.10e-04] (3.06e-05, 6.45e-03)
[75,   232] loss: 4.214441e-02 masks: 21.6 17.3 [wd: 4.88e-02] [lr: 9.94e-04] [mem: 5.67e+03] (168.6 ms)
[75,   232] grad_stats: [2.46e-03 2.41e-04] (2.29e-05, 3.71e-03)
avg. loss 4.21444102e-02
time taken for epoch 0:00:53.202063
Epoch 76
[76,     0] loss: 5.782799e-02 masks: 8.0 20.0 [wd: 4.88e-02] [lr: 9.94e-04] [mem: 5.67e+03] (132.0 ms)
[76,     0] grad_stats: [3.03e-03 5.25e-04] (7.19e-05, 4.11e-03)
[76,   116] loss: 4.275197e-02 masks: 21.8 17.5 [wd: 4.89e-02] [lr: 9.94e-04] [mem: 5.67e+03] (168.9 ms)
[76,   116] grad_stats: [1.60e-03 1.52e-04] (2.57e-05, 4.36e-03)
[76,   232] loss: 4.256540e-02 masks: 21.9 17.5 [wd: 4.90e-02] [lr: 9.94e-04] [mem: 5.67e+03] (169.5 ms)
[76,   232] grad_stats: [1.57e-03 2.86e-04] (2.89e-05, 4.13e-03)
avg. loss 4.25653960e-02
time taken for epoch 0:00:53.504030
Epoch 77
[77,     0] loss: 4.092112e-02 masks: 23.0 16.0 [wd: 4.90e-02] [lr: 9.94e-04] [mem: 5.67e+03] (167.2 ms)
[77,     0] grad_stats: [1.37e-03 2.12e-04] (2.63e-05, 2.96e-03)
[77,   116] loss: 4.144467e-02 masks: 23.5 16.8 [wd: 4.92e-02] [lr: 9.93e-04] [mem: 5.67e+03] (172.7 ms)
[77,   116] grad_stats: [3.02e-03 3.92e-04] (3.78e-05, 4.82e-03)
[77,   232] loss: 4.275220e-02 masks: 22.6 17.1 [wd: 4.93e-02] [lr: 9.93e-04] [mem: 5.67e+03] (171.2 ms)
[77,   232] grad_stats: [2.46e-03 3.03e-04] (5.02e-05, 5.03e-03)
avg. loss 4.27522024e-02
time taken for epoch 0:00:53.885718
Epoch 78
[78,     0] loss: 4.522074e-02 masks: 18.0 20.0 [wd: 4.93e-02] [lr: 9.93e-04] [mem: 5.67e+03] (158.3 ms)
[78,     0] grad_stats: [2.32e-03 2.48e-04] (3.23e-05, 5.38e-03)
[78,   116] loss: 4.503205e-02 masks: 21.5 17.4 [wd: 4.94e-02] [lr: 9.93e-04] [mem: 5.67e+03] (167.9 ms)
[78,   116] grad_stats: [3.09e-03 4.96e-04] (4.74e-05, 5.46e-03)
[78,   232] loss: 4.475413e-02 masks: 22.0 17.3 [wd: 4.95e-02] [lr: 9.93e-04] [mem: 5.67e+03] (169.7 ms)
[78,   232] grad_stats: [1.91e-03 2.44e-04] (2.78e-05, 2.02e-03)
avg. loss 4.47541326e-02
time taken for epoch 0:00:53.489544
Epoch 79
[79,     0] loss: 4.560312e-02 masks: 20.0 20.0 [wd: 4.95e-02] [lr: 9.93e-04] [mem: 5.67e+03] (163.4 ms)
[79,     0] grad_stats: [1.72e-03 1.86e-04] (3.54e-05, 4.85e-03)
[79,   116] loss: 4.498375e-02 masks: 21.9 17.4 [wd: 4.96e-02] [lr: 9.93e-04] [mem: 5.67e+03] (169.1 ms)
[79,   116] grad_stats: [2.31e-03 2.05e-04] (2.06e-05, 3.90e-03)
[79,   232] loss: 4.471310e-02 masks: 22.4 17.2 [wd: 4.98e-02] [lr: 9.93e-04] [mem: 5.67e+03] (170.6 ms)
[79,   232] grad_stats: [2.47e-03 3.34e-04] (3.19e-05, 3.26e-03)
avg. loss 4.47131024e-02
time taken for epoch 0:00:53.693977
Epoch 80
[80,     0] loss: 4.121437e-02 masks: 23.0 16.0 [wd: 4.98e-02] [lr: 9.93e-04] [mem: 5.67e+03] (167.6 ms)
[80,     0] grad_stats: [1.20e-03 3.96e-04] (3.32e-05, 3.84e-03)
[80,   116] loss: 4.566933e-02 masks: 22.1 17.2 [wd: 4.99e-02] [lr: 9.92e-04] [mem: 5.67e+03] (169.3 ms)
[80,   116] grad_stats: [2.74e-03 2.38e-04] (2.51e-05, 4.51e-03)
[80,   232] loss: 4.582353e-02 masks: 22.1 17.3 [wd: 5.00e-02] [lr: 9.92e-04] [mem: 5.67e+03] (169.9 ms)
[80,   232] grad_stats: [3.41e-03 3.09e-04] (3.97e-05, 7.14e-03)
avg. loss 4.58235277e-02
	Epoch 80, KNN accuracy train: 6.93920e-01, KNN accuracy train: 5.53667e-01
time taken for epoch 0:01:36.555472
Epoch 81
[81,     0] loss: 4.624222e-02 masks: 19.0 20.0 [wd: 5.00e-02] [lr: 9.92e-04] [mem: 5.67e+03] (163.5 ms)
[81,     0] grad_stats: [1.92e-03 2.10e-04] (2.41e-05, 3.06e-03)
[81,   116] loss: 4.659213e-02 masks: 22.1 17.2 [wd: 5.01e-02] [lr: 9.92e-04] [mem: 5.67e+03] (168.8 ms)
[81,   116] grad_stats: [1.77e-03 2.71e-04] (3.56e-05, 5.35e-03)
[81,   232] loss: 4.738866e-02 masks: 22.1 17.2 [wd: 5.03e-02] [lr: 9.92e-04] [mem: 5.67e+03] (169.3 ms)
[81,   232] grad_stats: [1.71e-03 2.31e-04] (4.37e-05, 5.63e-03)
avg. loss 4.73886608e-02
time taken for epoch 0:00:53.371969
Epoch 82
[82,     0] loss: 5.155467e-02 masks: 17.0 20.0 [wd: 5.03e-02] [lr: 9.92e-04] [mem: 5.67e+03] (158.1 ms)
[82,     0] grad_stats: [3.10e-03 2.21e-04] (4.56e-05, 3.10e-03)
[82,   116] loss: 4.881940e-02 masks: 21.3 17.7 [wd: 5.04e-02] [lr: 9.92e-04] [mem: 5.67e+03] (167.8 ms)
[82,   116] grad_stats: [2.28e-03 2.32e-04] (3.12e-05, 4.07e-03)
[82,   232] loss: 4.879684e-02 masks: 21.7 17.5 [wd: 5.05e-02] [lr: 9.91e-04] [mem: 5.67e+03] (168.8 ms)
[82,   232] grad_stats: [1.78e-03 1.74e-04] (2.97e-05, 4.44e-03)
avg. loss 4.87968360e-02
time taken for epoch 0:00:53.354471
Epoch 83
[83,     0] loss: 3.963292e-02 masks: 33.0 12.0 [wd: 5.05e-02] [lr: 9.91e-04] [mem: 5.67e+03] (191.5 ms)
[83,     0] grad_stats: [1.97e-03 1.75e-04] (2.87e-05, 3.61e-03)
[83,   116] loss: 4.711534e-02 masks: 23.0 16.8 [wd: 5.06e-02] [lr: 9.91e-04] [mem: 5.67e+03] (171.6 ms)
[83,   116] grad_stats: [2.64e-03 2.40e-04] (2.50e-05, 4.85e-03)
[83,   232] loss: 4.826015e-02 masks: 22.4 17.0 [wd: 5.08e-02] [lr: 9.91e-04] [mem: 5.67e+03] (170.6 ms)
[83,   232] grad_stats: [4.40e-03 1.74e-04] (2.54e-05, 5.81e-03)
avg. loss 4.82601493e-02
time taken for epoch 0:00:53.766635
Epoch 84
[84,     0] loss: 5.986115e-02 masks: 13.0 20.0 [wd: 5.08e-02] [lr: 9.91e-04] [mem: 5.67e+03] (146.7 ms)
[84,     0] grad_stats: [1.79e-03 2.62e-04] (2.30e-05, 2.51e-03)
[84,   116] loss: 5.023594e-02 masks: 21.3 17.5 [wd: 5.09e-02] [lr: 9.91e-04] [mem: 5.67e+03] (167.6 ms)
[84,   116] grad_stats: [3.07e-03 2.09e-04] (3.39e-05, 3.57e-03)
[84,   232] loss: 5.046158e-02 masks: 21.5 17.4 [wd: 5.10e-02] [lr: 9.91e-04] [mem: 5.67e+03] (168.5 ms)
[84,   232] grad_stats: [1.44e-03 2.60e-04] (3.32e-05, 5.44e-03)
avg. loss 5.04615837e-02
time taken for epoch 0:00:53.236867
Epoch 85
[85,     0] loss: 5.090218e-02 masks: 20.0 20.0 [wd: 5.10e-02] [lr: 9.91e-04] [mem: 5.67e+03] (166.2 ms)
[85,     0] grad_stats: [4.02e-03 1.77e-04] (3.14e-05, 5.33e-03)
[85,   116] loss: 5.044092e-02 masks: 22.3 17.2 [wd: 5.12e-02] [lr: 9.90e-04] [mem: 5.67e+03] (170.0 ms)
[85,   116] grad_stats: [1.94e-03 1.95e-04] (4.37e-05, 4.02e-03)
[85,   232] loss: 5.122276e-02 masks: 22.0 17.4 [wd: 5.13e-02] [lr: 9.90e-04] [mem: 5.67e+03] (169.9 ms)
[85,   232] grad_stats: [1.49e-03 1.95e-04] (3.32e-05, 2.46e-03)
avg. loss 5.12227600e-02
time taken for epoch 0:00:53.585384
Epoch 86
[86,     0] loss: 5.026789e-02 masks: 19.0 20.0 [wd: 5.13e-02] [lr: 9.90e-04] [mem: 5.67e+03] (162.7 ms)
[86,     0] grad_stats: [2.19e-03 2.05e-04] (3.28e-05, 3.34e-03)
[86,   116] loss: 5.355636e-02 masks: 20.8 17.5 [wd: 5.14e-02] [lr: 9.90e-04] [mem: 5.67e+03] (166.3 ms)
[86,   116] grad_stats: [1.58e-03 2.15e-04] (3.27e-05, 4.38e-03)
[86,   232] loss: 5.255596e-02 masks: 21.8 17.3 [wd: 5.16e-02] [lr: 9.90e-04] [mem: 5.67e+03] (169.0 ms)
[86,   232] grad_stats: [2.97e-03 2.12e-04] (3.91e-05, 5.00e-03)
avg. loss 5.25559623e-02
time taken for epoch 0:00:53.377265
Epoch 87
[87,     0] loss: 7.021224e-02 masks: 14.0 20.0 [wd: 5.16e-02] [lr: 9.90e-04] [mem: 5.67e+03] (149.4 ms)
[87,     0] grad_stats: [2.43e-03 2.74e-04] (4.02e-05, 4.34e-03)
[87,   116] loss: 5.488538e-02 masks: 21.0 17.6 [wd: 5.17e-02] [lr: 9.89e-04] [mem: 5.67e+03] (166.8 ms)
[87,   116] grad_stats: [1.80e-03 2.72e-04] (2.41e-05, 4.05e-03)
[87,   232] loss: 5.423119e-02 masks: 21.3 17.4 [wd: 5.18e-02] [lr: 9.89e-04] [mem: 5.67e+03] (167.9 ms)
[87,   232] grad_stats: [2.08e-03 1.86e-04] (2.93e-05, 4.87e-03)
avg. loss 5.42311949e-02
time taken for epoch 0:00:53.115055
Epoch 88
[88,     0] loss: 5.519446e-02 masks: 21.0 16.0 [wd: 5.18e-02] [lr: 9.89e-04] [mem: 5.67e+03] (163.9 ms)
[88,     0] grad_stats: [1.62e-03 1.67e-04] (2.79e-05, 3.43e-03)
[88,   116] loss: 5.303160e-02 masks: 22.2 17.4 [wd: 5.20e-02] [lr: 9.89e-04] [mem: 5.67e+03] (169.9 ms)
[88,   116] grad_stats: [1.80e-03 1.76e-04] (2.80e-05, 3.62e-03)
[88,   232] loss: 5.356131e-02 masks: 22.1 17.3 [wd: 5.21e-02] [lr: 9.89e-04] [mem: 5.67e+03] (169.9 ms)
[88,   232] grad_stats: [1.75e-03 2.85e-04] (3.01e-05, 4.52e-03)
avg. loss 5.35613146e-02
time taken for epoch 0:00:53.575806
Epoch 89
[89,     0] loss: 4.709870e-02 masks: 23.0 16.0 [wd: 5.21e-02] [lr: 9.89e-04] [mem: 5.67e+03] (166.3 ms)
[89,     0] grad_stats: [1.09e-03 2.03e-04] (2.51e-05, 3.21e-03)
[89,   116] loss: 5.445744e-02 masks: 21.6 17.3 [wd: 5.22e-02] [lr: 9.89e-04] [mem: 5.67e+03] (168.2 ms)
[89,   116] grad_stats: [3.31e-03 1.87e-04] (3.13e-05, 3.35e-03)
[89,   232] loss: 5.499091e-02 masks: 21.6 17.4 [wd: 5.24e-02] [lr: 9.88e-04] [mem: 5.67e+03] (168.8 ms)
[89,   232] grad_stats: [2.91e-03 3.10e-04] (4.41e-05, 8.94e-03)
avg. loss 5.49909059e-02
time taken for epoch 0:00:53.291799
Epoch 90
[90,     0] loss: 5.746481e-02 masks: 19.0 20.0 [wd: 5.24e-02] [lr: 9.88e-04] [mem: 5.67e+03] (163.4 ms)
[90,     0] grad_stats: [3.44e-03 2.54e-04] (2.89e-05, 5.74e-03)
[90,   116] loss: 5.595709e-02 masks: 21.2 17.5 [wd: 5.25e-02] [lr: 9.88e-04] [mem: 5.67e+03] (167.1 ms)
[90,   116] grad_stats: [2.43e-03 1.71e-04] (2.11e-05, 5.33e-03)
[90,   232] loss: 5.560029e-02 masks: 21.7 17.4 [wd: 5.26e-02] [lr: 9.88e-04] [mem: 5.67e+03] (168.9 ms)
[90,   232] grad_stats: [2.59e-03 1.77e-04] (3.01e-05, 3.22e-03)
avg. loss 5.56002949e-02
time taken for epoch 0:00:53.317456
Epoch 91
[91,     0] loss: 5.536541e-02 masks: 21.0 16.0 [wd: 5.26e-02] [lr: 9.88e-04] [mem: 5.67e+03] (164.3 ms)
[91,     0] grad_stats: [3.03e-03 2.29e-04] (2.54e-05, 4.24e-03)
[91,   116] loss: 5.663574e-02 masks: 21.6 17.6 [wd: 5.28e-02] [lr: 9.88e-04] [mem: 5.67e+03] (168.6 ms)
[91,   116] grad_stats: [2.27e-03 1.90e-04] (4.05e-05, 4.61e-03)
[91,   232] loss: 5.624182e-02 masks: 22.0 17.4 [wd: 5.29e-02] [lr: 9.87e-04] [mem: 5.67e+03] (169.8 ms)
[91,   232] grad_stats: [3.82e-03 2.22e-04] (2.67e-05, 3.94e-03)
avg. loss 5.62418214e-02
time taken for epoch 0:00:53.405875
Epoch 92
[92,     0] loss: 5.335703e-02 masks: 20.0 20.0 [wd: 5.29e-02] [lr: 9.87e-04] [mem: 5.67e+03] (164.9 ms)
[92,     0] grad_stats: [1.60e-03 3.11e-04] (2.54e-05, 6.13e-03)
[92,   116] loss: 5.618565e-02 masks: 22.1 17.1 [wd: 5.31e-02] [lr: 9.87e-04] [mem: 5.67e+03] (169.5 ms)
[92,   116] grad_stats: [1.92e-03 2.43e-04] (3.98e-05, 8.29e-03)
[92,   232] loss: 5.725195e-02 masks: 21.8 17.2 [wd: 5.32e-02] [lr: 9.87e-04] [mem: 5.67e+03] (169.1 ms)
[92,   232] grad_stats: [3.26e-03 2.35e-04] (4.47e-05, 6.42e-03)
avg. loss 5.72519469e-02
time taken for epoch 0:00:53.358031
Epoch 93
[93,     0] loss: 6.924401e-02 masks: 17.0 16.0 [wd: 5.32e-02] [lr: 9.87e-04] [mem: 5.67e+03] (153.1 ms)
[93,     0] grad_stats: [1.50e-03 2.34e-04] (2.91e-05, 3.67e-03)
[93,   116] loss: 5.643957e-02 masks: 22.6 17.0 [wd: 5.33e-02] [lr: 9.87e-04] [mem: 5.67e+03] (170.6 ms)
[93,   116] grad_stats: [2.94e-03 2.54e-04] (3.88e-05, 4.81e-03)
[93,   232] loss: 5.669515e-02 masks: 22.4 16.9 [wd: 5.35e-02] [lr: 9.86e-04] [mem: 5.67e+03] (170.4 ms)
[93,   232] grad_stats: [2.11e-03 2.02e-04] (4.29e-05, 4.79e-03)
avg. loss 5.66951478e-02
time taken for epoch 0:00:53.674496
Epoch 94
[94,     0] loss: 5.575084e-02 masks: 23.0 16.0 [wd: 5.35e-02] [lr: 9.86e-04] [mem: 5.67e+03] (167.7 ms)
[94,     0] grad_stats: [2.56e-03 1.86e-04] (5.13e-05, 4.30e-03)
[94,   116] loss: 5.720101e-02 masks: 22.3 17.1 [wd: 5.36e-02] [lr: 9.86e-04] [mem: 5.67e+03] (169.9 ms)
[94,   116] grad_stats: [5.44e-03 2.25e-04] (2.46e-05, 5.44e-03)
[94,   232] loss: 5.722954e-02 masks: 22.3 17.2 [wd: 5.38e-02] [lr: 9.86e-04] [mem: 5.67e+03] (170.4 ms)
[94,   232] grad_stats: [1.30e-03 2.79e-04] (3.02e-05, 2.43e-03)
avg. loss 5.72295447e-02
time taken for epoch 0:00:53.543850
Epoch 95
[95,     0] loss: 6.224339e-02 masks: 25.0 16.0 [wd: 5.38e-02] [lr: 9.86e-04] [mem: 5.67e+03] (174.7 ms)
[95,     0] grad_stats: [1.33e-03 2.74e-04] (3.21e-05, 2.77e-03)
[95,   116] loss: 5.735961e-02 masks: 22.7 17.1 [wd: 5.39e-02] [lr: 9.86e-04] [mem: 5.67e+03] (171.1 ms)
[95,   116] grad_stats: [5.63e-03 2.27e-04] (4.86e-05, 7.90e-03)
[95,   232] loss: 5.804445e-02 masks: 22.5 17.2 [wd: 5.41e-02] [lr: 9.85e-04] [mem: 5.67e+03] (171.1 ms)
[95,   232] grad_stats: [2.77e-03 3.32e-04] (3.74e-05, 3.73e-03)
avg. loss 5.80444515e-02
time taken for epoch 0:00:53.870020
Epoch 96
[96,     0] loss: 7.437143e-02 masks: 12.0 20.0 [wd: 5.41e-02] [lr: 9.85e-04] [mem: 5.67e+03] (144.4 ms)
[96,     0] grad_stats: [1.68e-03 2.76e-04] (4.59e-05, 3.97e-03)
[96,   116] loss: 5.911330e-02 masks: 22.6 16.9 [wd: 5.42e-02] [lr: 9.85e-04] [mem: 5.67e+03] (170.3 ms)
[96,   116] grad_stats: [1.88e-03 2.85e-04] (3.25e-05, 5.41e-03)
[96,   232] loss: 5.990572e-02 masks: 22.4 17.0 [wd: 5.44e-02] [lr: 9.85e-04] [mem: 5.67e+03] (170.4 ms)
[96,   232] grad_stats: [3.54e-03 2.56e-04] (3.01e-05, 4.39e-03)
avg. loss 5.99057196e-02
time taken for epoch 0:00:53.787556
Epoch 97
[97,     0] loss: 6.862453e-02 masks: 16.0 20.0 [wd: 5.44e-02] [lr: 9.85e-04] [mem: 5.67e+03] (154.7 ms)
[97,     0] grad_stats: [2.05e-03 2.26e-04] (3.62e-05, 5.78e-03)
[97,   116] loss: 6.107780e-02 masks: 21.5 17.5 [wd: 5.45e-02] [lr: 9.84e-04] [mem: 5.67e+03] (168.3 ms)
[97,   116] grad_stats: [4.55e-03 2.68e-04] (4.59e-05, 9.34e-03)
[97,   232] loss: 6.086275e-02 masks: 21.9 17.3 [wd: 5.47e-02] [lr: 9.84e-04] [mem: 5.67e+03] (169.5 ms)
[97,   232] grad_stats: [2.88e-03 2.78e-04] (3.90e-05, 4.14e-03)
avg. loss 6.08627518e-02
time taken for epoch 0:00:53.376461
Epoch 98
[98,     0] loss: 7.036335e-02 masks: 16.0 20.0 [wd: 5.47e-02] [lr: 9.84e-04] [mem: 5.67e+03] (153.7 ms)
[98,     0] grad_stats: [1.71e-03 2.21e-04] (3.50e-05, 3.17e-03)
[98,   116] loss: 6.174061e-02 masks: 22.0 17.2 [wd: 5.48e-02] [lr: 9.84e-04] [mem: 5.67e+03] (169.3 ms)
[98,   116] grad_stats: [1.58e-03 2.31e-04] (3.49e-05, 4.01e-03)
[98,   232] loss: 6.183289e-02 masks: 22.2 17.3 [wd: 5.50e-02] [lr: 9.84e-04] [mem: 5.67e+03] (170.1 ms)
[98,   232] grad_stats: [2.05e-03 1.93e-04] (4.48e-05, 4.62e-03)
avg. loss 6.18328904e-02
time taken for epoch 0:00:53.659600
Epoch 99
[99,     0] loss: 7.089932e-02 masks: 16.0 20.0 [wd: 5.50e-02] [lr: 9.84e-04] [mem: 5.67e+03] (154.4 ms)
[99,     0] grad_stats: [2.04e-03 1.98e-04] (3.94e-05, 3.38e-03)
[99,   116] loss: 6.303739e-02 masks: 22.4 17.1 [wd: 5.51e-02] [lr: 9.83e-04] [mem: 5.67e+03] (170.3 ms)
[99,   116] grad_stats: [3.86e-03 1.90e-04] (3.82e-05, 7.19e-03)
[99,   232] loss: 6.322783e-02 masks: 22.0 17.3 [wd: 5.53e-02] [lr: 9.83e-04] [mem: 5.67e+03] (169.7 ms)
[99,   232] grad_stats: [2.30e-03 3.25e-04] (3.94e-05, 3.23e-03)
avg. loss 6.32278345e-02
time taken for epoch 0:00:53.569793
Epoch 100
[100,     0] loss: 5.999727e-02 masks: 21.0 20.0 [wd: 5.53e-02] [lr: 9.83e-04] [mem: 5.67e+03] (168.6 ms)
[100,     0] grad_stats: [2.96e-03 2.13e-04] (4.58e-05, 3.94e-03)
[100,   116] loss: 6.337617e-02 masks: 21.8 17.2 [wd: 5.54e-02] [lr: 9.83e-04] [mem: 5.67e+03] (168.5 ms)
[100,   116] grad_stats: [2.15e-03 2.35e-04] (4.87e-05, 4.37e-03)
[100,   232] loss: 6.353210e-02 masks: 22.2 17.2 [wd: 5.56e-02] [lr: 9.82e-04] [mem: 5.67e+03] (170.0 ms)
[100,   232] grad_stats: [2.83e-03 2.45e-04] (5.29e-05, 5.80e-03)
avg. loss 6.35320995e-02
	Epoch 100, KNN accuracy train: 6.97067e-01, KNN accuracy train: 5.42000e-01
time taken for epoch 0:01:36.677204
Epoch 101
[101,     0] loss: 5.803229e-02 masks: 25.0 16.0 [wd: 5.56e-02] [lr: 9.82e-04] [mem: 5.67e+03] (174.5 ms)
[101,     0] grad_stats: [2.51e-03 2.14e-04] (3.05e-05, 3.72e-03)
[101,   116] loss: 6.433415e-02 masks: 21.9 17.2 [wd: 5.57e-02] [lr: 9.82e-04] [mem: 5.67e+03] (168.3 ms)
[101,   116] grad_stats: [2.36e-03 1.69e-04] (3.68e-05, 3.64e-03)
[101,   232] loss: 6.499490e-02 masks: 21.5 17.4 [wd: 5.59e-02] [lr: 9.82e-04] [mem: 5.67e+03] (167.9 ms)
[101,   232] grad_stats: [3.68e-03 2.07e-04] (4.34e-05, 3.72e-03)
avg. loss 6.49948955e-02
time taken for epoch 0:00:53.139462
Epoch 102
[102,     0] loss: 7.196698e-02 masks: 25.0 16.0 [wd: 5.59e-02] [lr: 9.82e-04] [mem: 5.67e+03] (173.5 ms)
[102,     0] grad_stats: [1.31e-03 2.17e-04] (3.90e-05, 3.86e-03)
[102,   116] loss: 6.507032e-02 masks: 21.7 17.3 [wd: 5.60e-02] [lr: 9.82e-04] [mem: 5.67e+03] (167.9 ms)
[102,   116] grad_stats: [1.54e-03 2.44e-04] (2.37e-05, 6.46e-03)
[102,   232] loss: 6.528929e-02 masks: 21.6 17.4 [wd: 5.62e-02] [lr: 9.81e-04] [mem: 5.67e+03] (168.3 ms)
[102,   232] grad_stats: [2.24e-03 3.07e-04] (4.87e-05, 4.57e-03)
avg. loss 6.52892934e-02
time taken for epoch 0:00:53.240458
Epoch 103
[103,     0] loss: 4.485457e-02 masks: 33.0 12.0 [wd: 5.62e-02] [lr: 9.81e-04] [mem: 5.67e+03] (191.2 ms)
[103,     0] grad_stats: [2.15e-03 2.37e-04] (3.95e-05, 9.11e-03)
[103,   116] loss: 6.275120e-02 masks: 23.3 16.9 [wd: 5.63e-02] [lr: 9.81e-04] [mem: 5.67e+03] (172.2 ms)
[103,   116] grad_stats: [1.20e-03 2.15e-04] (2.78e-05, 3.54e-03)
[103,   232] loss: 6.374183e-02 masks: 22.6 17.0 [wd: 5.65e-02] [lr: 9.81e-04] [mem: 5.67e+03] (171.1 ms)
[103,   232] grad_stats: [2.96e-03 1.70e-04] (4.11e-05, 5.16e-03)
avg. loss 6.37418334e-02
time taken for epoch 0:00:53.760916
Epoch 104
[104,     0] loss: 5.321151e-02 masks: 33.0 12.0 [wd: 5.65e-02] [lr: 9.81e-04] [mem: 5.67e+03] (192.1 ms)
[104,     0] grad_stats: [2.65e-03 1.95e-04] (2.75e-05, 4.94e-03)
[104,   116] loss: 6.547705e-02 masks: 21.4 17.4 [wd: 5.67e-02] [lr: 9.80e-04] [mem: 5.67e+03] (167.5 ms)
[104,   116] grad_stats: [2.57e-03 2.68e-04] (4.14e-05, 4.21e-03)
[104,   232] loss: 6.531428e-02 masks: 22.0 17.1 [wd: 5.68e-02] [lr: 9.80e-04] [mem: 5.67e+03] (169.4 ms)
[104,   232] grad_stats: [2.55e-03 2.48e-04] (4.29e-05, 6.23e-03)
avg. loss 6.53142839e-02
time taken for epoch 0:00:53.422699
Epoch 105
[105,     0] loss: 6.926801e-02 masks: 20.0 20.0 [wd: 5.68e-02] [lr: 9.80e-04] [mem: 5.67e+03] (165.5 ms)
[105,     0] grad_stats: [3.00e-03 2.75e-04] (5.41e-05, 7.86e-03)
[105,   116] loss: 6.630520e-02 masks: 21.7 17.4 [wd: 5.70e-02] [lr: 9.80e-04] [mem: 5.67e+03] (168.6 ms)
[105,   116] grad_stats: [2.76e-03 2.28e-04] (4.05e-05, 1.40e-02)
[105,   232] loss: 6.635207e-02 masks: 21.6 17.4 [wd: 5.71e-02] [lr: 9.79e-04] [mem: 5.67e+03] (168.8 ms)
[105,   232] grad_stats: [1.70e-03 2.42e-04] (3.66e-05, 6.91e-03)
avg. loss 6.63520744e-02
time taken for epoch 0:00:53.299243
Epoch 106
[106,     0] loss: 4.840662e-02 masks: 36.0 12.0 [wd: 5.71e-02] [lr: 9.79e-04] [mem: 5.67e+03] (199.2 ms)
[106,     0] grad_stats: [2.11e-03 2.24e-04] (2.65e-05, 6.19e-03)
[106,   116] loss: 6.777304e-02 masks: 21.4 17.4 [wd: 5.73e-02] [lr: 9.79e-04] [mem: 5.67e+03] (167.5 ms)
[106,   116] grad_stats: [1.21e-03 2.08e-04] (2.72e-05, 6.10e-03)
[106,   232] loss: 6.689702e-02 masks: 21.9 17.3 [wd: 5.75e-02] [lr: 9.79e-04] [mem: 5.67e+03] (169.4 ms)
[106,   232] grad_stats: [1.48e-03 3.10e-04] (3.51e-05, 6.52e-03)
avg. loss 6.68970248e-02
time taken for epoch 0:00:53.389025
Epoch 107
[107,     0] loss: 7.372172e-02 masks: 14.0 20.0 [wd: 5.75e-02] [lr: 9.79e-04] [mem: 5.67e+03] (148.9 ms)
[107,     0] grad_stats: [2.06e-03 4.28e-04] (3.94e-05, 7.27e-03)
[107,   116] loss: 6.822427e-02 masks: 21.4 17.4 [wd: 5.76e-02] [lr: 9.79e-04] [mem: 5.67e+03] (167.5 ms)
[107,   116] grad_stats: [2.97e-03 2.54e-04] (3.36e-05, 5.58e-03)
[107,   232] loss: 6.880164e-02 masks: 21.4 17.5 [wd: 5.78e-02] [lr: 9.78e-04] [mem: 5.67e+03] (168.1 ms)
[107,   232] grad_stats: [3.87e-03 2.22e-04] (3.56e-05, 4.73e-03)
avg. loss 6.88016364e-02
time taken for epoch 0:00:53.140002
Epoch 108
[108,     0] loss: 6.490413e-02 masks: 25.0 16.0 [wd: 5.78e-02] [lr: 9.78e-04] [mem: 5.67e+03] (174.3 ms)
[108,     0] grad_stats: [1.82e-03 1.92e-04] (4.77e-05, 3.54e-03)
[108,   116] loss: 6.695849e-02 masks: 22.1 17.3 [wd: 5.79e-02] [lr: 9.78e-04] [mem: 5.67e+03] (169.4 ms)
[108,   116] grad_stats: [3.74e-03 2.65e-04] (5.35e-05, 6.08e-03)
[108,   232] loss: 6.760477e-02 masks: 22.1 17.2 [wd: 5.81e-02] [lr: 9.78e-04] [mem: 5.67e+03] (169.9 ms)
[108,   232] grad_stats: [1.47e-03 2.30e-04] (2.93e-05, 6.10e-03)
avg. loss 6.76047732e-02
time taken for epoch 0:00:53.558307
Epoch 109
[109,     0] loss: 6.510360e-02 masks: 18.0 20.0 [wd: 5.81e-02] [lr: 9.78e-04] [mem: 5.67e+03] (160.3 ms)
[109,     0] grad_stats: [2.64e-03 2.08e-04] (3.15e-05, 4.08e-03)
[109,   116] loss: 6.931563e-02 masks: 21.2 17.7 [wd: 5.83e-02] [lr: 9.77e-04] [mem: 5.67e+03] (167.5 ms)
[109,   116] grad_stats: [1.44e-03 3.60e-04] (4.92e-05, 4.48e-03)
[109,   232] loss: 6.833958e-02 masks: 22.0 17.3 [wd: 5.84e-02] [lr: 9.77e-04] [mem: 5.67e+03] (169.6 ms)
[109,   232] grad_stats: [1.48e-03 1.92e-04] (3.66e-05, 2.87e-03)
avg. loss 6.83395783e-02
time taken for epoch 0:00:53.486809
Epoch 110
[110,     0] loss: 7.024108e-02 masks: 20.0 16.0 [wd: 5.84e-02] [lr: 9.77e-04] [mem: 5.67e+03] (161.1 ms)
[110,     0] grad_stats: [2.21e-03 1.49e-04] (3.42e-05, 4.56e-03)
[110,   116] loss: 6.921334e-02 masks: 22.2 17.2 [wd: 5.86e-02] [lr: 9.77e-04] [mem: 5.67e+03] (169.4 ms)
[110,   116] grad_stats: [1.75e-03 2.22e-04] (4.90e-05, 4.76e-03)
[110,   232] loss: 6.997906e-02 masks: 21.8 17.3 [wd: 5.88e-02] [lr: 9.76e-04] [mem: 5.67e+03] (168.9 ms)
[110,   232] grad_stats: [1.79e-03 1.47e-04] (4.31e-05, 4.95e-03)
avg. loss 6.99790565e-02
time taken for epoch 0:00:53.359966
Epoch 111
[111,     0] loss: 7.462928e-02 masks: 20.0 20.0 [wd: 5.88e-02] [lr: 9.76e-04] [mem: 5.67e+03] (166.0 ms)
[111,     0] grad_stats: [1.41e-03 2.59e-04] (4.55e-05, 4.29e-03)
[111,   116] loss: 6.975990e-02 masks: 22.2 17.1 [wd: 5.89e-02] [lr: 9.76e-04] [mem: 5.67e+03] (169.4 ms)
[111,   116] grad_stats: [2.41e-03 4.32e-04] (5.11e-05, 4.90e-03)
[111,   232] loss: 6.988232e-02 masks: 21.9 17.3 [wd: 5.91e-02] [lr: 9.76e-04] [mem: 5.67e+03] (169.4 ms)
[111,   232] grad_stats: [1.52e-03 1.52e-04] (2.88e-05, 6.30e-03)
avg. loss 6.98823207e-02
time taken for epoch 0:00:53.435835
Epoch 112
[112,     0] loss: 7.470345e-02 masks: 19.0 20.0 [wd: 5.91e-02] [lr: 9.76e-04] [mem: 5.67e+03] (161.8 ms)
[112,     0] grad_stats: [2.35e-03 1.93e-04] (3.98e-05, 3.01e-03)
[112,   116] loss: 6.997549e-02 masks: 22.0 17.2 [wd: 5.93e-02] [lr: 9.75e-04] [mem: 5.67e+03] (169.0 ms)
[112,   116] grad_stats: [4.60e-03 2.85e-04] (6.14e-05, 6.09e-03)
[112,   232] loss: 7.011430e-02 masks: 22.2 17.2 [wd: 5.94e-02] [lr: 9.75e-04] [mem: 5.67e+03] (170.2 ms)
[112,   232] grad_stats: [1.33e-03 1.44e-04] (3.80e-05, 3.39e-03)
avg. loss 7.01142997e-02
time taken for epoch 0:00:53.536003
Epoch 113
[113,     0] loss: 6.136703e-02 masks: 26.0 16.0 [wd: 5.94e-02] [lr: 9.75e-04] [mem: 5.67e+03] (178.4 ms)
[113,     0] grad_stats: [1.82e-03 1.93e-04] (3.47e-05, 3.91e-03)
[113,   116] loss: 7.115600e-02 masks: 22.2 17.1 [wd: 5.96e-02] [lr: 9.75e-04] [mem: 5.67e+03] (169.7 ms)
[113,   116] grad_stats: [9.90e-03 2.59e-04] (4.34e-05, 1.04e-02)
[113,   232] loss: 7.133993e-02 masks: 21.9 17.2 [wd: 5.98e-02] [lr: 9.74e-04] [mem: 5.67e+03] (169.4 ms)
[113,   232] grad_stats: [2.79e-03 2.05e-04] (4.22e-05, 5.38e-03)
avg. loss 7.13399330e-02
time taken for epoch 0:00:53.424284
Epoch 114
[114,     0] loss: 6.597182e-02 masks: 26.0 16.0 [wd: 5.98e-02] [lr: 9.74e-04] [mem: 5.67e+03] (178.5 ms)
[114,     0] grad_stats: [1.78e-03 2.23e-04] (4.27e-05, 4.20e-03)
[114,   116] loss: 7.184817e-02 masks: 21.2 17.4 [wd: 6.00e-02] [lr: 9.74e-04] [mem: 5.67e+03] (167.0 ms)
[114,   116] grad_stats: [1.12e-03 1.76e-04] (3.31e-05, 6.14e-03)
[114,   232] loss: 7.148777e-02 masks: 21.6 17.3 [wd: 6.01e-02] [lr: 9.73e-04] [mem: 5.67e+03] (168.4 ms)
[114,   232] grad_stats: [2.95e-03 1.77e-04] (4.19e-05, 4.35e-03)
avg. loss 7.14877691e-02
time taken for epoch 0:00:53.193165
Epoch 115
[115,     0] loss: 7.255494e-02 masks: 23.0 16.0 [wd: 6.01e-02] [lr: 9.73e-04] [mem: 5.67e+03] (166.9 ms)
[115,     0] grad_stats: [2.06e-03 1.82e-04] (3.78e-05, 8.12e-03)
[115,   116] loss: 7.125118e-02 masks: 22.0 17.4 [wd: 6.03e-02] [lr: 9.73e-04] [mem: 5.67e+03] (169.2 ms)
[115,   116] grad_stats: [3.22e-03 1.96e-04] (2.89e-05, 4.29e-03)
[115,   232] loss: 7.192269e-02 masks: 21.6 17.5 [wd: 6.05e-02] [lr: 9.73e-04] [mem: 5.67e+03] (168.8 ms)
[115,   232] grad_stats: [2.52e-03 3.10e-04] (3.96e-05, 3.32e-03)
avg. loss 7.19226875e-02
time taken for epoch 0:00:53.274925
Epoch 116
[116,     0] loss: 5.830268e-02 masks: 33.0 12.0 [wd: 6.05e-02] [lr: 9.73e-04] [mem: 5.67e+03] (190.8 ms)
[116,     0] grad_stats: [2.76e-03 2.03e-04] (4.30e-05, 3.91e-03)
[116,   116] loss: 7.184033e-02 masks: 22.0 17.0 [wd: 6.07e-02] [lr: 9.72e-04] [mem: 5.67e+03] (168.9 ms)
[116,   116] grad_stats: [2.17e-03 2.24e-04] (3.21e-05, 7.09e-03)
[116,   232] loss: 7.186706e-02 masks: 21.9 17.2 [wd: 6.08e-02] [lr: 9.72e-04] [mem: 5.67e+03] (169.3 ms)
[116,   232] grad_stats: [1.45e-03 2.63e-04] (5.92e-05, 4.29e-03)
avg. loss 7.18670611e-02
time taken for epoch 0:00:53.245149
Epoch 117
[117,     0] loss: 9.107655e-02 masks: 14.0 20.0 [wd: 6.08e-02] [lr: 9.72e-04] [mem: 5.67e+03] (149.0 ms)
[117,     0] grad_stats: [1.46e-03 2.81e-04] (4.07e-05, 4.64e-03)
[117,   116] loss: 7.193477e-02 masks: 22.2 17.2 [wd: 6.10e-02] [lr: 9.72e-04] [mem: 5.67e+03] (169.4 ms)
[117,   116] grad_stats: [1.90e-03 2.06e-04] (2.92e-05, 5.20e-03)
[117,   232] loss: 7.183529e-02 masks: 22.2 17.2 [wd: 6.12e-02] [lr: 9.71e-04] [mem: 5.67e+03] (170.0 ms)
[117,   232] grad_stats: [3.26e-03 2.66e-04] (7.39e-05, 1.24e-02)
avg. loss 7.18352862e-02
time taken for epoch 0:00:53.557313
Epoch 118
[118,     0] loss: 6.193208e-02 masks: 26.0 16.0 [wd: 6.12e-02] [lr: 9.71e-04] [mem: 5.67e+03] (179.4 ms)
[118,     0] grad_stats: [1.84e-03 1.97e-04] (3.96e-05, 9.68e-03)
[118,   116] loss: 7.325927e-02 masks: 21.4 17.5 [wd: 6.14e-02] [lr: 9.71e-04] [mem: 5.67e+03] (167.7 ms)
[118,   116] grad_stats: [1.39e-03 2.89e-04] (4.34e-05, 5.34e-03)
[118,   232] loss: 7.309938e-02 masks: 21.5 17.5 [wd: 6.15e-02] [lr: 9.71e-04] [mem: 5.67e+03] (168.4 ms)
[118,   232] grad_stats: [3.37e-03 2.96e-04] (3.47e-05, 4.74e-03)
avg. loss 7.30993831e-02
time taken for epoch 0:00:53.167649
Epoch 119
[119,     0] loss: 7.409176e-02 masks: 20.0 16.0 [wd: 6.15e-02] [lr: 9.71e-04] [mem: 5.67e+03] (162.1 ms)
[119,     0] grad_stats: [2.22e-03 1.81e-04] (3.78e-05, 4.53e-03)
[119,   116] loss: 7.232932e-02 masks: 22.1 17.3 [wd: 6.17e-02] [lr: 9.70e-04] [mem: 5.67e+03] (169.4 ms)
[119,   116] grad_stats: [1.63e-03 1.90e-04] (3.98e-05, 5.60e-03)
[119,   232] loss: 7.304742e-02 masks: 21.6 17.4 [wd: 6.19e-02] [lr: 9.70e-04] [mem: 5.67e+03] (168.5 ms)
[119,   232] grad_stats: [4.42e-03 1.84e-04] (4.17e-05, 1.01e-02)
avg. loss 7.30474182e-02
time taken for epoch 0:00:53.221442
Epoch 120
[120,     0] loss: 6.231074e-02 masks: 26.0 16.0 [wd: 6.19e-02] [lr: 9.70e-04] [mem: 5.67e+03] (177.6 ms)
[120,     0] grad_stats: [1.91e-03 1.97e-04] (3.50e-05, 8.42e-03)
[120,   116] loss: 7.212203e-02 masks: 22.0 17.2 [wd: 6.21e-02] [lr: 9.69e-04] [mem: 5.67e+03] (168.9 ms)
[120,   116] grad_stats: [3.77e-03 3.03e-04] (4.37e-05, 6.61e-03)
[120,   232] loss: 7.239939e-02 masks: 22.4 17.0 [wd: 6.23e-02] [lr: 9.69e-04] [mem: 5.67e+03] (170.3 ms)
[120,   232] grad_stats: [1.14e-03 1.70e-04] (3.60e-05, 3.68e-03)
avg. loss 7.23993883e-02
	Epoch 120, KNN accuracy train: 6.91559e-01, KNN accuracy train: 5.40333e-01
time taken for epoch 0:01:36.612529
Epoch 121
[121,     0] loss: 9.803239e-02 masks: 9.0 20.0 [wd: 6.23e-02] [lr: 9.69e-04] [mem: 5.67e+03] (135.3 ms)
[121,     0] grad_stats: [1.12e-03 2.79e-04] (3.27e-05, 6.09e-03)
[121,   116] loss: 7.291129e-02 masks: 22.1 17.2 [wd: 6.24e-02] [lr: 9.69e-04] [mem: 5.67e+03] (168.8 ms)
[121,   116] grad_stats: [1.71e-03 1.52e-04] (3.40e-05, 5.41e-03)
[121,   232] loss: 7.286707e-02 masks: 22.4 17.0 [wd: 6.26e-02] [lr: 9.68e-04] [mem: 5.67e+03] (169.9 ms)
[121,   232] grad_stats: [1.96e-03 3.19e-04] (5.67e-05, 5.61e-03)
avg. loss 7.28670737e-02
time taken for epoch 0:00:53.543151
Epoch 122
[122,     0] loss: 9.442012e-02 masks: 8.0 20.0 [wd: 6.26e-02] [lr: 9.68e-04] [mem: 5.67e+03] (133.1 ms)
[122,     0] grad_stats: [1.95e-03 2.68e-04] (6.17e-05, 6.91e-03)
[122,   116] loss: 7.430348e-02 masks: 22.3 17.2 [wd: 6.28e-02] [lr: 9.68e-04] [mem: 5.67e+03] (169.7 ms)
[122,   116] grad_stats: [3.93e-03 2.90e-04] (5.14e-05, 6.20e-03)
[122,   232] loss: 7.375798e-02 masks: 22.3 17.2 [wd: 6.30e-02] [lr: 9.67e-04] [mem: 5.67e+03] (170.3 ms)
[122,   232] grad_stats: [2.33e-03 1.82e-04] (4.15e-05, 6.14e-03)
avg. loss 7.37579812e-02
time taken for epoch 0:00:53.665650
Epoch 123
[123,     0] loss: 8.308516e-02 masks: 16.0 20.0 [wd: 6.30e-02] [lr: 9.67e-04] [mem: 5.67e+03] (153.5 ms)
[123,     0] grad_stats: [2.21e-03 2.26e-04] (4.16e-05, 3.97e-03)
[123,   116] loss: 7.419513e-02 masks: 21.9 17.4 [wd: 6.32e-02] [lr: 9.67e-04] [mem: 5.67e+03] (169.0 ms)
[123,   116] grad_stats: [1.59e-03 2.84e-04] (3.36e-05, 4.40e-03)
[123,   232] loss: 7.443227e-02 masks: 21.9 17.3 [wd: 6.34e-02] [lr: 9.67e-04] [mem: 5.67e+03] (169.4 ms)
[123,   232] grad_stats: [2.67e-03 3.15e-04] (4.91e-05, 4.95e-03)
avg. loss 7.44322739e-02
time taken for epoch 0:00:53.478820
Epoch 124
[124,     0] loss: 7.467578e-02 masks: 21.0 16.0 [wd: 6.34e-02] [lr: 9.67e-04] [mem: 5.67e+03] (164.7 ms)
[124,     0] grad_stats: [2.95e-03 2.34e-04] (4.54e-05, 4.24e-03)
[124,   116] loss: 7.486904e-02 masks: 22.1 17.3 [wd: 6.36e-02] [lr: 9.66e-04] [mem: 5.67e+03] (169.3 ms)
[124,   116] grad_stats: [2.58e-03 2.69e-04] (3.41e-05, 3.80e-03)
[124,   232] loss: 7.469940e-02 masks: 22.0 17.3 [wd: 6.37e-02] [lr: 9.66e-04] [mem: 5.67e+03] (169.6 ms)
[124,   232] grad_stats: [3.04e-03 2.06e-04] (4.37e-05, 4.65e-03)
avg. loss 7.46993992e-02
time taken for epoch 0:00:53.466068
Epoch 125
[125,     0] loss: 7.129275e-02 masks: 26.0 16.0 [wd: 6.37e-02] [lr: 9.66e-04] [mem: 5.67e+03] (179.0 ms)
[125,     0] grad_stats: [1.67e-03 3.82e-04] (5.24e-05, 3.25e-03)
[125,   116] loss: 7.440058e-02 masks: 22.1 17.2 [wd: 6.39e-02] [lr: 9.65e-04] [mem: 5.67e+03] (169.3 ms)
[125,   116] grad_stats: [1.64e-03 1.85e-04] (3.70e-05, 5.72e-03)
[125,   232] loss: 7.494346e-02 masks: 21.8 17.5 [wd: 6.41e-02] [lr: 9.65e-04] [mem: 5.67e+03] (169.2 ms)
[125,   232] grad_stats: [4.80e-03 2.59e-04] (3.85e-05, 5.31e-03)
avg. loss 7.49434630e-02
time taken for epoch 0:00:53.438774
Epoch 126
[126,     0] loss: 7.049452e-02 masks: 25.0 16.0 [wd: 6.41e-02] [lr: 9.65e-04] [mem: 5.67e+03] (172.4 ms)
[126,     0] grad_stats: [2.34e-03 2.10e-04] (3.24e-05, 7.79e-03)
[126,   116] loss: 7.358795e-02 masks: 22.7 17.3 [wd: 6.43e-02] [lr: 9.65e-04] [mem: 5.67e+03] (171.2 ms)
[126,   116] grad_stats: [1.60e-03 2.33e-04] (3.35e-05, 4.06e-03)
[126,   232] loss: 7.463405e-02 masks: 22.4 17.3 [wd: 6.45e-02] [lr: 9.64e-04] [mem: 5.67e+03] (170.6 ms)
[126,   232] grad_stats: [1.13e-03 1.64e-04] (2.88e-05, 3.25e-03)
avg. loss 7.46340462e-02
time taken for epoch 0:00:53.693397
Epoch 127
[127,     0] loss: 8.012681e-02 masks: 25.0 16.0 [wd: 6.45e-02] [lr: 9.64e-04] [mem: 5.67e+03] (175.0 ms)
[127,     0] grad_stats: [1.55e-03 2.30e-04] (3.66e-05, 3.59e-03)
[127,   116] loss: 7.531398e-02 masks: 22.4 17.1 [wd: 6.47e-02] [lr: 9.64e-04] [mem: 5.67e+03] (170.0 ms)
[127,   116] grad_stats: [3.48e-03 1.89e-04] (3.60e-05, 6.17e-03)
[127,   232] loss: 7.565554e-02 masks: 22.0 17.3 [wd: 6.49e-02] [lr: 9.63e-04] [mem: 5.67e+03] (169.4 ms)
[127,   232] grad_stats: [1.79e-03 1.67e-04] (3.52e-05, 4.30e-03)
avg. loss 7.56555366e-02
time taken for epoch 0:00:53.439563
Epoch 128
[128,     0] loss: 7.978245e-02 masks: 20.0 16.0 [wd: 6.49e-02] [lr: 9.63e-04] [mem: 5.67e+03] (161.3 ms)
[128,     0] grad_stats: [9.91e-04 2.25e-04] (3.44e-05, 3.09e-03)
[128,   116] loss: 7.488163e-02 masks: 22.5 17.1 [wd: 6.51e-02] [lr: 9.63e-04] [mem: 5.67e+03] (170.3 ms)
[128,   116] grad_stats: [1.45e-03 1.78e-04] (2.50e-05, 3.27e-03)
[128,   232] loss: 7.626363e-02 masks: 22.0 17.4 [wd: 6.53e-02] [lr: 9.63e-04] [mem: 5.67e+03] (169.6 ms)
[128,   232] grad_stats: [1.18e-03 3.02e-04] (4.33e-05, 1.10e-02)
avg. loss 7.62636275e-02
time taken for epoch 0:00:53.545277
Epoch 129
[129,     0] loss: 9.301368e-02 masks: 13.0 20.0 [wd: 6.53e-02] [lr: 9.63e-04] [mem: 5.67e+03] (146.6 ms)
[129,     0] grad_stats: [1.44e-03 2.33e-04] (2.89e-05, 1.07e-02)
[129,   116] loss: 7.712864e-02 masks: 21.3 17.6 [wd: 6.55e-02] [lr: 9.62e-04] [mem: 5.67e+03] (167.6 ms)
[129,   116] grad_stats: [1.38e-03 2.56e-04] (4.29e-05, 4.03e-03)
[129,   232] loss: 7.698681e-02 masks: 21.4 17.5 [wd: 6.56e-02] [lr: 9.62e-04] [mem: 5.67e+03] (168.3 ms)
[129,   232] grad_stats: [1.11e-03 1.73e-04] (4.14e-05, 5.80e-03)
avg. loss 7.69868087e-02
time taken for epoch 0:00:53.184806
Epoch 130
[130,     0] loss: 7.644244e-02 masks: 19.0 20.0 [wd: 6.56e-02] [lr: 9.62e-04] [mem: 5.67e+03] (163.9 ms)
[130,     0] grad_stats: [1.33e-03 2.28e-04] (3.42e-05, 6.82e-03)
[130,   116] loss: 7.686976e-02 masks: 21.8 17.3 [wd: 6.58e-02] [lr: 9.61e-04] [mem: 5.67e+03] (168.7 ms)
[130,   116] grad_stats: [1.89e-03 1.84e-04] (3.53e-05, 4.07e-03)
[130,   232] loss: 7.597115e-02 masks: 22.2 17.2 [wd: 6.60e-02] [lr: 9.61e-04] [mem: 5.67e+03] (169.9 ms)
[130,   232] grad_stats: [1.12e-03 2.64e-04] (5.14e-05, 6.45e-03)
avg. loss 7.59711524e-02
time taken for epoch 0:00:53.531286
Epoch 131
[131,     0] loss: 8.230115e-02 masks: 23.0 16.0 [wd: 6.60e-02] [lr: 9.61e-04] [mem: 5.67e+03] (168.8 ms)
[131,     0] grad_stats: [3.72e-03 2.55e-04] (4.40e-05, 8.37e-03)
[131,   116] loss: 7.657530e-02 masks: 22.0 17.2 [wd: 6.62e-02] [lr: 9.60e-04] [mem: 5.67e+03] (169.2 ms)
[131,   116] grad_stats: [3.28e-03 2.74e-04] (4.21e-05, 5.40e-03)
[131,   232] loss: 7.708048e-02 masks: 22.1 17.2 [wd: 6.64e-02] [lr: 9.60e-04] [mem: 5.67e+03] (169.7 ms)
[131,   232] grad_stats: [1.98e-03 1.61e-04] (3.85e-05, 3.89e-03)
avg. loss 7.70804846e-02
time taken for epoch 0:00:53.571686
Epoch 132
[132,     0] loss: 7.283505e-02 masks: 19.0 20.0 [wd: 6.64e-02] [lr: 9.60e-04] [mem: 5.67e+03] (164.1 ms)
[132,     0] grad_stats: [1.17e-03 1.57e-04] (3.57e-05, 4.01e-03)
[132,   116] loss: 7.752495e-02 masks: 21.5 17.6 [wd: 6.66e-02] [lr: 9.60e-04] [mem: 5.67e+03] (168.0 ms)
[132,   116] grad_stats: [1.75e-03 2.99e-04] (5.63e-05, 3.98e-03)
[132,   232] loss: 7.797594e-02 masks: 21.5 17.5 [wd: 6.68e-02] [lr: 9.59e-04] [mem: 5.67e+03] (168.5 ms)
[132,   232] grad_stats: [1.12e-03 1.76e-04] (4.02e-05, 3.92e-03)
avg. loss 7.79759372e-02
time taken for epoch 0:00:53.205586
Epoch 133
[133,     0] loss: 7.965002e-02 masks: 17.0 20.0 [wd: 6.68e-02] [lr: 9.59e-04] [mem: 5.67e+03] (157.7 ms)
[133,     0] grad_stats: [1.78e-03 3.14e-04] (3.31e-05, 5.94e-03)
[133,   116] loss: 7.860452e-02 masks: 21.5 17.8 [wd: 6.70e-02] [lr: 9.59e-04] [mem: 5.67e+03] (168.2 ms)
[133,   116] grad_stats: [1.19e-03 2.65e-04] (3.77e-05, 4.73e-03)
[133,   232] loss: 7.884481e-02 masks: 21.6 17.4 [wd: 6.72e-02] [lr: 9.58e-04] [mem: 5.67e+03] (168.6 ms)
[133,   232] grad_stats: [1.02e-03 1.91e-04] (4.21e-05, 5.88e-03)
avg. loss 7.88448127e-02
time taken for epoch 0:00:53.340979
Epoch 134
[134,     0] loss: 1.114737e-01 masks: 9.0 20.0 [wd: 6.72e-02] [lr: 9.58e-04] [mem: 5.67e+03] (136.2 ms)
[134,     0] grad_stats: [3.95e-03 2.22e-04] (3.99e-05, 4.99e-03)
[134,   116] loss: 7.840800e-02 masks: 22.4 16.8 [wd: 6.74e-02] [lr: 9.58e-04] [mem: 5.67e+03] (169.5 ms)
[134,   116] grad_stats: [3.14e-03 2.23e-04] (4.50e-05, 1.14e-02)
[134,   232] loss: 7.885622e-02 masks: 21.8 17.2 [wd: 6.76e-02] [lr: 9.57e-04] [mem: 5.67e+03] (168.9 ms)
[134,   232] grad_stats: [1.28e-03 2.64e-04] (4.58e-05, 4.72e-03)
avg. loss 7.88562176e-02
time taken for epoch 0:00:53.318412
Epoch 135
[135,     0] loss: 7.552626e-02 masks: 20.0 20.0 [wd: 6.76e-02] [lr: 9.57e-04] [mem: 5.67e+03] (164.4 ms)
[135,     0] grad_stats: [1.73e-03 3.65e-04] (3.72e-05, 4.46e-03)
[135,   116] loss: 7.743218e-02 masks: 22.8 17.1 [wd: 6.78e-02] [lr: 9.57e-04] [mem: 5.67e+03] (171.0 ms)
[135,   116] grad_stats: [1.97e-03 2.26e-04] (6.46e-05, 5.99e-03)
[135,   232] loss: 7.881533e-02 masks: 22.0 17.4 [wd: 6.80e-02] [lr: 9.57e-04] [mem: 5.67e+03] (169.5 ms)
[135,   232] grad_stats: [1.40e-03 2.18e-04] (4.96e-05, 3.92e-03)
avg. loss 7.88153275e-02
time taken for epoch 0:00:53.498253
Epoch 136
[136,     0] loss: 7.142627e-02 masks: 33.0 12.0 [wd: 6.80e-02] [lr: 9.57e-04] [mem: 5.67e+03] (190.9 ms)
[136,     0] grad_stats: [3.03e-03 2.74e-04] (4.54e-05, 6.13e-03)
[136,   116] loss: 7.911446e-02 masks: 21.8 17.4 [wd: 6.82e-02] [lr: 9.56e-04] [mem: 5.67e+03] (168.5 ms)
[136,   116] grad_stats: [1.60e-03 3.09e-04] (3.95e-05, 4.30e-03)
[136,   232] loss: 7.862194e-02 masks: 22.0 17.3 [wd: 6.84e-02] [lr: 9.56e-04] [mem: 5.67e+03] (169.5 ms)
[136,   232] grad_stats: [1.34e-03 1.90e-04] (5.68e-05, 5.21e-03)
avg. loss 7.86219436e-02
time taken for epoch 0:00:53.595322
Epoch 137
[137,     0] loss: 8.941727e-02 masks: 17.0 16.0 [wd: 6.84e-02] [lr: 9.56e-04] [mem: 5.67e+03] (150.6 ms)
[137,     0] grad_stats: [1.18e-03 5.36e-04] (4.72e-05, 3.77e-03)
[137,   116] loss: 7.832922e-02 masks: 22.5 17.3 [wd: 6.86e-02] [lr: 9.55e-04] [mem: 5.67e+03] (170.7 ms)
[137,   116] grad_stats: [1.90e-03 2.63e-04] (5.85e-05, 7.20e-03)
[137,   232] loss: 7.789868e-02 masks: 22.8 17.2 [wd: 6.88e-02] [lr: 9.55e-04] [mem: 5.67e+03] (171.6 ms)
[137,   232] grad_stats: [2.28e-03 2.23e-04] (4.00e-05, 5.37e-03)
avg. loss 7.78986807e-02
time taken for epoch 0:00:53.979449
Epoch 138
[138,     0] loss: 7.163349e-02 masks: 23.0 20.0 [wd: 6.88e-02] [lr: 9.55e-04] [mem: 5.67e+03] (172.9 ms)
[138,     0] grad_stats: [1.98e-03 2.16e-04] (4.07e-05, 5.76e-03)
[138,   116] loss: 7.875145e-02 masks: 22.2 17.2 [wd: 6.90e-02] [lr: 9.54e-04] [mem: 5.67e+03] (169.8 ms)
[138,   116] grad_stats: [3.82e-03 2.85e-04] (3.88e-05, 6.70e-03)
[138,   232] loss: 7.945746e-02 masks: 21.9 17.4 [wd: 6.92e-02] [lr: 9.54e-04] [mem: 5.67e+03] (169.6 ms)
[138,   232] grad_stats: [1.04e-03 2.85e-04] (3.33e-05, 4.37e-03)
avg. loss 7.94574650e-02
time taken for epoch 0:00:53.513948
Epoch 139
[139,     0] loss: 8.352566e-02 masks: 17.0 16.0 [wd: 6.92e-02] [lr: 9.54e-04] [mem: 5.67e+03] (153.3 ms)
[139,     0] grad_stats: [2.56e-03 2.03e-04] (3.64e-05, 8.20e-03)
[139,   116] loss: 7.861621e-02 masks: 22.4 17.2 [wd: 6.95e-02] [lr: 9.53e-04] [mem: 5.67e+03] (170.3 ms)
[139,   116] grad_stats: [1.73e-03 2.02e-04] (3.92e-05, 5.61e-03)
[139,   232] loss: 7.959779e-02 masks: 21.8 17.3 [wd: 6.97e-02] [lr: 9.53e-04] [mem: 5.67e+03] (169.2 ms)
[139,   232] grad_stats: [3.06e-03 1.67e-04] (3.20e-05, 6.46e-03)
avg. loss 7.95977928e-02
time taken for epoch 0:00:53.450569
Epoch 140
[140,     0] loss: 6.684278e-02 masks: 26.0 16.0 [wd: 6.97e-02] [lr: 9.53e-04] [mem: 5.67e+03] (177.1 ms)
[140,     0] grad_stats: [1.29e-03 2.40e-04] (2.72e-05, 6.31e-03)
[140,   116] loss: 7.935474e-02 masks: 22.0 17.2 [wd: 6.99e-02] [lr: 9.52e-04] [mem: 5.67e+03] (169.1 ms)
[140,   116] grad_stats: [1.30e-03 1.59e-04] (3.42e-05, 5.09e-03)
[140,   232] loss: 7.919642e-02 masks: 22.2 17.1 [wd: 7.01e-02] [lr: 9.52e-04] [mem: 5.67e+03] (169.8 ms)
[140,   232] grad_stats: [4.43e-03 1.66e-04] (3.91e-05, 6.51e-03)
avg. loss 7.91964229e-02
	Epoch 140, KNN accuracy train: 6.95422e-01, KNN accuracy train: 5.42667e-01
time taken for epoch 0:01:36.598511
Epoch 141
[141,     0] loss: 6.573975e-02 masks: 33.0 12.0 [wd: 7.01e-02] [lr: 9.52e-04] [mem: 5.67e+03] (189.9 ms)
[141,     0] grad_stats: [1.77e-03 2.39e-04] (4.40e-05, 6.64e-03)
[141,   116] loss: 7.948591e-02 masks: 22.4 17.3 [wd: 7.03e-02] [lr: 9.51e-04] [mem: 5.67e+03] (169.8 ms)
[141,   116] grad_stats: [1.60e-03 2.39e-04] (4.74e-05, 4.07e-03)
[141,   232] loss: 8.014678e-02 masks: 21.7 17.4 [wd: 7.05e-02] [lr: 9.51e-04] [mem: 5.67e+03] (168.5 ms)
[141,   232] grad_stats: [1.46e-03 1.56e-04] (3.76e-05, 4.20e-03)
avg. loss 8.01467776e-02
time taken for epoch 0:00:53.184198
Epoch 142
[142,     0] loss: 6.901255e-02 masks: 23.0 16.0 [wd: 7.05e-02] [lr: 9.51e-04] [mem: 5.67e+03] (165.7 ms)
[142,     0] grad_stats: [3.28e-03 3.82e-04] (5.42e-05, 8.90e-03)
[142,   116] loss: 7.956172e-02 masks: 22.1 17.3 [wd: 7.07e-02] [lr: 9.50e-04] [mem: 5.67e+03] (169.3 ms)
[142,   116] grad_stats: [5.95e-04 1.60e-04] (3.68e-05, 7.74e-03)
[142,   232] loss: 7.991625e-02 masks: 21.9 17.2 [wd: 7.09e-02] [lr: 9.50e-04] [mem: 5.67e+03] (169.2 ms)
[142,   232] grad_stats: [1.27e-03 2.01e-04] (4.59e-05, 6.28e-03)
avg. loss 7.99162455e-02
time taken for epoch 0:00:53.307444
Epoch 143
[143,     0] loss: 6.844865e-02 masks: 26.0 16.0 [wd: 7.09e-02] [lr: 9.50e-04] [mem: 5.67e+03] (178.0 ms)
[143,     0] grad_stats: [2.10e-03 2.07e-04] (3.19e-05, 6.29e-03)
[143,   116] loss: 7.974980e-02 masks: 22.1 17.3 [wd: 7.11e-02] [lr: 9.49e-04] [mem: 5.67e+03] (169.5 ms)
[143,   116] grad_stats: [1.77e-03 1.82e-04] (4.50e-05, 1.14e-02)
[143,   232] loss: 7.961269e-02 masks: 22.3 17.2 [wd: 7.13e-02] [lr: 9.49e-04] [mem: 5.67e+03] (170.2 ms)
[143,   232] grad_stats: [1.45e-03 2.66e-04] (6.11e-05, 7.23e-03)
avg. loss 7.96126854e-02
time taken for epoch 0:00:53.624942
Epoch 144
[144,     0] loss: 6.423672e-02 masks: 25.0 16.0 [wd: 7.13e-02] [lr: 9.49e-04] [mem: 5.67e+03] (174.2 ms)
[144,     0] grad_stats: [1.54e-03 1.95e-04] (5.18e-05, 5.25e-03)
[144,   116] loss: 7.836692e-02 masks: 22.4 17.5 [wd: 7.16e-02] [lr: 9.49e-04] [mem: 5.67e+03] (170.6 ms)
[144,   116] grad_stats: [9.79e-04 2.72e-04] (4.87e-05, 4.96e-03)
[144,   232] loss: 7.918219e-02 masks: 22.3 17.3 [wd: 7.18e-02] [lr: 9.48e-04] [mem: 5.67e+03] (170.5 ms)
[144,   232] grad_stats: [2.32e-03 2.10e-04] (4.37e-05, 4.14e-03)
avg. loss 7.91821862e-02
time taken for epoch 0:00:53.702795
Epoch 145
[145,     0] loss: 8.446766e-02 masks: 17.0 20.0 [wd: 7.18e-02] [lr: 9.48e-04] [mem: 5.67e+03] (158.2 ms)
[145,     0] grad_stats: [1.35e-03 2.03e-04] (3.25e-05, 6.06e-03)
[145,   116] loss: 8.031721e-02 masks: 22.0 17.3 [wd: 7.20e-02] [lr: 9.48e-04] [mem: 5.67e+03] (169.1 ms)
[145,   116] grad_stats: [1.17e-03 2.41e-04] (3.96e-05, 9.32e-03)
[145,   232] loss: 8.065572e-02 masks: 21.6 17.5 [wd: 7.22e-02] [lr: 9.47e-04] [mem: 5.67e+03] (168.7 ms)
[145,   232] grad_stats: [9.20e-04 1.53e-04] (3.78e-05, 3.46e-03)
avg. loss 8.06557205e-02
time taken for epoch 0:00:53.342426
Epoch 146
[146,     0] loss: 8.036380e-02 masks: 24.0 16.0 [wd: 7.22e-02] [lr: 9.47e-04] [mem: 5.67e+03] (171.8 ms)
[146,     0] grad_stats: [1.37e-03 2.07e-04] (3.11e-05, 5.09e-03)
[146,   116] loss: 8.137164e-02 masks: 21.8 17.3 [wd: 7.24e-02] [lr: 9.47e-04] [mem: 5.67e+03] (168.5 ms)
[146,   116] grad_stats: [1.05e-03 2.25e-04] (4.35e-05, 4.56e-03)
[146,   232] loss: 8.047940e-02 masks: 22.4 17.0 [wd: 7.26e-02] [lr: 9.46e-04] [mem: 5.67e+03] (170.5 ms)
[146,   232] grad_stats: [2.06e-03 2.67e-04] (4.98e-05, 5.38e-03)
avg. loss 8.04794037e-02
time taken for epoch 0:00:53.533374
Epoch 147
[147,     0] loss: 8.712207e-02 masks: 20.0 20.0 [wd: 7.26e-02] [lr: 9.46e-04] [mem: 5.67e+03] (164.6 ms)
[147,     0] grad_stats: [1.03e-03 2.20e-04] (5.00e-05, 5.48e-03)
[147,   116] loss: 7.938229e-02 masks: 23.4 16.7 [wd: 7.28e-02] [lr: 9.46e-04] [mem: 5.67e+03] (172.3 ms)
[147,   116] grad_stats: [1.35e-03 1.87e-04] (4.25e-05, 6.01e-03)
[147,   232] loss: 8.037678e-02 masks: 22.6 17.1 [wd: 7.31e-02] [lr: 9.45e-04] [mem: 5.67e+03] (171.2 ms)
[147,   232] grad_stats: [7.21e-04 1.98e-04] (3.32e-05, 4.07e-03)
avg. loss 8.03767789e-02
time taken for epoch 0:00:53.861188
Epoch 148
[148,     0] loss: 7.722133e-02 masks: 19.0 20.0 [wd: 7.31e-02] [lr: 9.45e-04] [mem: 5.67e+03] (163.3 ms)
[148,     0] grad_stats: [1.17e-03 1.97e-04] (4.46e-05, 5.43e-03)
[148,   116] loss: 8.175798e-02 masks: 22.3 17.2 [wd: 7.33e-02] [lr: 9.45e-04] [mem: 5.67e+03] (170.0 ms)
[148,   116] grad_stats: [3.31e-03 2.14e-04] (4.34e-05, 7.52e-03)
[148,   232] loss: 8.191117e-02 masks: 22.1 17.2 [wd: 7.35e-02] [lr: 9.44e-04] [mem: 5.67e+03] (169.9 ms)
[148,   232] grad_stats: [3.54e-03 2.34e-04] (5.09e-05, 1.22e-02)
avg. loss 8.19111731e-02
time taken for epoch 0:00:53.566461
Epoch 149
[149,     0] loss: 6.632073e-02 masks: 34.0 12.0 [wd: 7.35e-02] [lr: 9.44e-04] [mem: 5.67e+03] (193.5 ms)
[149,     0] grad_stats: [1.86e-03 1.81e-04] (4.77e-05, 6.24e-03)
[149,   116] loss: 8.245728e-02 masks: 21.8 17.4 [wd: 7.37e-02] [lr: 9.44e-04] [mem: 5.67e+03] (168.7 ms)
[149,   116] grad_stats: [2.29e-03 2.20e-04] (4.07e-05, 4.63e-03)
[149,   232] loss: 8.290651e-02 masks: 21.5 17.4 [wd: 7.39e-02] [lr: 9.43e-04] [mem: 5.67e+03] (168.3 ms)
[149,   232] grad_stats: [7.97e-04 2.28e-04] (4.86e-05, 4.77e-03)
avg. loss 8.29065112e-02
time taken for epoch 0:00:53.112933
Epoch 150
[150,     0] loss: 7.662698e-02 masks: 26.0 16.0 [wd: 7.39e-02] [lr: 9.43e-04] [mem: 5.67e+03] (178.8 ms)
[150,     0] grad_stats: [1.24e-03 2.90e-04] (6.03e-05, 8.34e-03)
[150,   116] loss: 8.253425e-02 masks: 22.3 17.1 [wd: 7.42e-02] [lr: 9.43e-04] [mem: 5.67e+03] (169.7 ms)
[150,   116] grad_stats: [1.58e-03 2.58e-04] (6.27e-05, 7.64e-03)
[150,   232] loss: 8.235922e-02 masks: 22.1 17.2 [wd: 7.44e-02] [lr: 9.42e-04] [mem: 5.67e+03] (169.7 ms)
[150,   232] grad_stats: [1.19e-03 2.69e-04] (5.37e-05, 9.16e-03)
avg. loss 8.23592211e-02
time taken for epoch 0:00:53.496599
Epoch 151
[151,     0] loss: 9.026249e-02 masks: 16.0 20.0 [wd: 7.44e-02] [lr: 9.42e-04] [mem: 5.67e+03] (152.1 ms)
[151,     0] grad_stats: [8.23e-04 1.78e-04] (4.09e-05, 3.96e-03)
[151,   116] loss: 8.149293e-02 masks: 22.6 17.2 [wd: 7.46e-02] [lr: 9.41e-04] [mem: 5.67e+03] (170.7 ms)
[151,   116] grad_stats: [3.09e-03 2.23e-04] (4.81e-05, 9.91e-03)
[151,   232] loss: 8.137516e-02 masks: 22.8 17.0 [wd: 7.48e-02] [lr: 9.41e-04] [mem: 5.67e+03] (171.6 ms)
[151,   232] grad_stats: [1.31e-03 1.80e-04] (4.94e-05, 4.37e-03)
avg. loss 8.13751628e-02
time taken for epoch 0:00:54.016813
Epoch 152
[152,     0] loss: 8.357064e-02 masks: 25.0 16.0 [wd: 7.48e-02] [lr: 9.41e-04] [mem: 5.67e+03] (174.1 ms)
[152,     0] grad_stats: [3.46e-03 2.46e-04] (5.25e-05, 9.46e-03)
[152,   116] loss: 8.180823e-02 masks: 23.1 16.9 [wd: 7.50e-02] [lr: 9.40e-04] [mem: 5.67e+03] (171.8 ms)
[152,   116] grad_stats: [2.60e-03 1.97e-04] (4.45e-05, 8.47e-03)
[152,   232] loss: 8.230625e-02 masks: 22.4 17.2 [wd: 7.53e-02] [lr: 9.40e-04] [mem: 5.67e+03] (170.5 ms)
[152,   232] grad_stats: [1.17e-03 2.77e-04] (5.54e-05, 5.50e-03)
avg. loss 8.23062491e-02
time taken for epoch 0:00:53.722734
Epoch 153
[153,     0] loss: 7.995562e-02 masks: 25.0 16.0 [wd: 7.53e-02] [lr: 9.40e-04] [mem: 5.67e+03] (173.8 ms)
[153,     0] grad_stats: [1.64e-03 2.69e-04] (4.63e-05, 4.03e-03)
[153,   116] loss: 8.439604e-02 masks: 21.8 17.5 [wd: 7.55e-02] [lr: 9.39e-04] [mem: 5.67e+03] (168.6 ms)
[153,   116] grad_stats: [9.47e-04 1.87e-04] (5.27e-05, 6.18e-03)
[153,   232] loss: 8.346563e-02 masks: 22.0 17.3 [wd: 7.57e-02] [lr: 9.39e-04] [mem: 5.67e+03] (169.7 ms)
[153,   232] grad_stats: [3.75e-03 2.03e-04] (4.65e-05, 8.30e-03)
avg. loss 8.34656265e-02
time taken for epoch 0:00:53.538018
Epoch 154
[154,     0] loss: 8.679437e-02 masks: 20.0 16.0 [wd: 7.57e-02] [lr: 9.39e-04] [mem: 5.67e+03] (162.4 ms)
[154,     0] grad_stats: [1.74e-03 2.45e-04] (5.51e-05, 6.87e-03)
[154,   116] loss: 8.483253e-02 masks: 21.1 17.7 [wd: 7.59e-02] [lr: 9.38e-04] [mem: 5.67e+03] (167.3 ms)
[154,   116] grad_stats: [9.71e-04 1.88e-04] (4.80e-05, 4.74e-03)
[154,   232] loss: 8.337032e-02 masks: 22.1 17.2 [wd: 7.62e-02] [lr: 9.38e-04] [mem: 5.67e+03] (170.0 ms)
[154,   232] grad_stats: [3.24e-03 3.45e-04] (7.89e-05, 9.96e-03)
avg. loss 8.33703221e-02
time taken for epoch 0:00:53.524897
Epoch 155
[155,     0] loss: 7.449675e-02 masks: 25.0 16.0 [wd: 7.62e-02] [lr: 9.38e-04] [mem: 5.67e+03] (174.1 ms)
[155,     0] grad_stats: [1.36e-03 2.05e-04] (5.77e-05, 7.92e-03)
[155,   116] loss: 8.152991e-02 masks: 22.9 16.9 [wd: 7.64e-02] [lr: 9.37e-04] [mem: 5.67e+03] (171.4 ms)
[155,   116] grad_stats: [3.37e-03 2.83e-04] (6.92e-05, 7.45e-03)
[155,   232] loss: 8.289676e-02 masks: 22.3 17.0 [wd: 7.66e-02] [lr: 9.37e-04] [mem: 5.67e+03] (170.3 ms)
[155,   232] grad_stats: [1.09e-03 2.14e-04] (5.00e-05, 4.24e-03)
avg. loss 8.28967638e-02
time taken for epoch 0:00:53.622728
Epoch 156
[156,     0] loss: 7.755686e-02 masks: 24.0 16.0 [wd: 7.66e-02] [lr: 9.37e-04] [mem: 5.67e+03] (173.4 ms)
[156,     0] grad_stats: [2.98e-03 1.83e-04] (4.48e-05, 8.47e-03)
[156,   116] loss: 8.250391e-02 masks: 22.4 17.1 [wd: 7.69e-02] [lr: 9.36e-04] [mem: 5.67e+03] (170.0 ms)
[156,   116] grad_stats: [2.13e-03 2.95e-04] (6.08e-05, 1.03e-02)
[156,   232] loss: 8.322658e-02 masks: 22.2 17.2 [wd: 7.71e-02] [lr: 9.36e-04] [mem: 5.67e+03] (170.2 ms)
[156,   232] grad_stats: [2.57e-03 1.63e-04] (3.82e-05, 6.87e-03)
avg. loss 8.32265773e-02
time taken for epoch 0:00:53.709139
Epoch 157
[157,     0] loss: 8.853028e-02 masks: 21.0 16.0 [wd: 7.71e-02] [lr: 9.36e-04] [mem: 5.67e+03] (164.7 ms)
[157,     0] grad_stats: [6.73e-04 2.59e-04] (5.06e-05, 6.57e-03)
[157,   116] loss: 8.458589e-02 masks: 21.5 17.6 [wd: 7.73e-02] [lr: 9.35e-04] [mem: 5.67e+03] (168.2 ms)
[157,   116] grad_stats: [8.98e-04 1.72e-04] (4.56e-05, 8.29e-03)
[157,   232] loss: 8.508509e-02 masks: 21.5 17.5 [wd: 7.75e-02] [lr: 9.35e-04] [mem: 5.67e+03] (168.6 ms)
[157,   232] grad_stats: [6.23e-04 2.26e-04] (5.22e-05, 4.29e-03)
avg. loss 8.50850878e-02
time taken for epoch 0:00:53.282095
Epoch 158
[158,     0] loss: 8.735648e-02 masks: 20.0 20.0 [wd: 7.75e-02] [lr: 9.35e-04] [mem: 5.67e+03] (164.3 ms)
[158,     0] grad_stats: [1.59e-03 2.04e-04] (4.64e-05, 1.28e-02)
[158,   116] loss: 8.556696e-02 masks: 21.9 17.2 [wd: 7.78e-02] [lr: 9.34e-04] [mem: 5.67e+03] (168.9 ms)
[158,   116] grad_stats: [1.20e-03 2.40e-04] (4.19e-05, 1.39e-02)
[158,   232] loss: 8.469260e-02 masks: 22.1 17.3 [wd: 7.80e-02] [lr: 9.33e-04] [mem: 5.67e+03] (170.0 ms)
[158,   232] grad_stats: [1.34e-03 3.31e-04] (5.68e-05, 6.81e-03)
avg. loss 8.46926043e-02
time taken for epoch 0:00:53.552711
Epoch 159
[159,     0] loss: 8.158389e-02 masks: 25.0 16.0 [wd: 7.80e-02] [lr: 9.33e-04] [mem: 5.67e+03] (174.4 ms)
[159,     0] grad_stats: [3.77e-03 2.44e-04] (5.88e-05, 7.93e-03)
[159,   116] loss: 8.543537e-02 masks: 21.4 17.5 [wd: 7.82e-02] [lr: 9.33e-04] [mem: 5.67e+03] (167.9 ms)
[159,   116] grad_stats: [8.60e-04 2.98e-04] (6.28e-05, 7.95e-03)
[159,   232] loss: 8.580393e-02 masks: 21.6 17.3 [wd: 7.85e-02] [lr: 9.32e-04] [mem: 5.67e+03] (168.5 ms)
[159,   232] grad_stats: [2.57e-03 1.87e-04] (3.73e-05, 5.66e-03)
avg. loss 8.58039323e-02
time taken for epoch 0:00:53.255050
Epoch 160
[160,     0] loss: 9.005567e-02 masks: 25.0 16.0 [wd: 7.85e-02] [lr: 9.32e-04] [mem: 5.67e+03] (174.2 ms)
[160,     0] grad_stats: [1.14e-03 2.47e-04] (5.23e-05, 4.93e-03)
[160,   116] loss: 8.383619e-02 masks: 22.4 17.1 [wd: 7.87e-02] [lr: 9.32e-04] [mem: 5.67e+03] (170.1 ms)
[160,   116] grad_stats: [1.25e-03 2.03e-04] (5.26e-05, 3.61e-03)
[160,   232] loss: 8.408629e-02 masks: 22.6 17.0 [wd: 7.89e-02] [lr: 9.31e-04] [mem: 5.67e+03] (171.1 ms)
[160,   232] grad_stats: [1.10e-03 3.73e-04] (6.83e-05, 7.19e-03)
avg. loss 8.40862946e-02
	Epoch 160, KNN accuracy train: 6.96209e-01, KNN accuracy train: 5.61000e-01
time taken for epoch 0:01:36.784339
Epoch 161
[161,     0] loss: 8.288394e-02 masks: 22.0 16.0 [wd: 7.89e-02] [lr: 9.31e-04] [mem: 5.67e+03] (165.5 ms)
[161,     0] grad_stats: [2.01e-03 1.76e-04] (4.99e-05, 7.08e-03)
[161,   116] loss: 8.727788e-02 masks: 21.1 17.6 [wd: 7.92e-02] [lr: 9.31e-04] [mem: 5.67e+03] (166.5 ms)
[161,   116] grad_stats: [1.50e-03 2.26e-04] (4.72e-05, 7.17e-03)
[161,   232] loss: 8.618505e-02 masks: 21.6 17.4 [wd: 7.94e-02] [lr: 9.30e-04] [mem: 5.67e+03] (168.2 ms)
[161,   232] grad_stats: [6.52e-04 2.48e-04] (3.56e-05, 7.00e-03)
avg. loss 8.61850536e-02
time taken for epoch 0:00:53.133953
Epoch 162
[162,     0] loss: 8.567905e-02 masks: 20.0 16.0 [wd: 7.94e-02] [lr: 9.30e-04] [mem: 5.67e+03] (161.9 ms)
[162,     0] grad_stats: [1.99e-03 2.55e-04] (3.50e-05, 8.80e-03)
[162,   116] loss: 8.491785e-02 masks: 22.0 17.3 [wd: 7.96e-02] [lr: 9.30e-04] [mem: 5.67e+03] (169.1 ms)
[162,   116] grad_stats: [1.16e-03 2.20e-04] (4.70e-05, 5.00e-03)
[162,   232] loss: 8.462372e-02 masks: 22.2 17.3 [wd: 7.99e-02] [lr: 9.29e-04] [mem: 5.67e+03] (170.2 ms)
[162,   232] grad_stats: [1.52e-03 2.31e-04] (6.33e-05, 1.29e-02)
avg. loss 8.46237184e-02
time taken for epoch 0:00:53.683619
Epoch 163
[163,     0] loss: 9.324356e-02 masks: 17.0 20.0 [wd: 7.99e-02] [lr: 9.29e-04] [mem: 5.67e+03] (155.8 ms)
[163,     0] grad_stats: [1.08e-03 2.43e-04] (4.59e-05, 1.25e-02)
[163,   116] loss: 8.609262e-02 masks: 21.8 17.6 [wd: 8.01e-02] [lr: 9.28e-04] [mem: 5.67e+03] (168.9 ms)
[163,   116] grad_stats: [1.50e-03 2.88e-04] (4.48e-05, 1.07e-02)
[163,   232] loss: 8.522008e-02 masks: 22.1 17.3 [wd: 8.04e-02] [lr: 9.28e-04] [mem: 5.67e+03] (170.0 ms)
[163,   232] grad_stats: [7.25e-04 1.80e-04] (4.22e-05, 6.01e-03)
avg. loss 8.52200760e-02
time taken for epoch 0:00:53.580983
Epoch 164
[164,     0] loss: 6.212030e-02 masks: 36.0 12.0 [wd: 8.04e-02] [lr: 9.28e-04] [mem: 5.67e+03] (200.8 ms)
[164,     0] grad_stats: [1.34e-03 1.81e-04] (4.21e-05, 7.94e-03)
[164,   116] loss: 8.583607e-02 masks: 21.8 17.5 [wd: 8.06e-02] [lr: 9.27e-04] [mem: 5.67e+03] (168.8 ms)
[164,   116] grad_stats: [8.08e-04 1.98e-04] (5.98e-05, 3.76e-03)
[164,   232] loss: 8.602050e-02 masks: 21.8 17.5 [wd: 8.08e-02] [lr: 9.27e-04] [mem: 5.67e+03] (169.4 ms)
[164,   232] grad_stats: [1.12e-03 2.80e-04] (6.44e-05, 1.24e-02)
avg. loss 8.60205039e-02
time taken for epoch 0:00:53.413466
Epoch 165
[165,     0] loss: 9.019008e-02 masks: 17.0 20.0 [wd: 8.08e-02] [lr: 9.27e-04] [mem: 5.67e+03] (157.2 ms)
[165,     0] grad_stats: [1.01e-03 2.38e-04] (5.65e-05, 4.63e-03)
[165,   116] loss: 8.587969e-02 masks: 21.5 17.6 [wd: 8.11e-02] [lr: 9.26e-04] [mem: 5.67e+03] (168.2 ms)
[165,   116] grad_stats: [1.69e-03 2.09e-04] (4.82e-05, 5.36e-03)
[165,   232] loss: 8.626076e-02 masks: 21.5 17.5 [wd: 8.13e-02] [lr: 9.26e-04] [mem: 5.67e+03] (168.6 ms)
[165,   232] grad_stats: [1.23e-03 2.15e-04] (5.15e-05, 3.40e-03)
avg. loss 8.62607563e-02
time taken for epoch 0:00:53.223190
Epoch 166
[166,     0] loss: 8.364192e-02 masks: 21.0 20.0 [wd: 8.13e-02] [lr: 9.26e-04] [mem: 5.67e+03] (168.5 ms)
[166,     0] grad_stats: [1.38e-03 2.53e-04] (6.28e-05, 5.29e-03)
[166,   116] loss: 8.433639e-02 masks: 23.2 16.7 [wd: 8.15e-02] [lr: 9.25e-04] [mem: 5.67e+03] (172.0 ms)
[166,   116] grad_stats: [2.52e-03 1.85e-04] (5.68e-05, 6.59e-03)
[166,   232] loss: 8.480752e-02 masks: 22.8 16.9 [wd: 8.18e-02] [lr: 9.24e-04] [mem: 5.67e+03] (171.4 ms)
[166,   232] grad_stats: [3.44e-03 2.12e-04] (5.58e-05, 4.77e-03)
avg. loss 8.48075200e-02
time taken for epoch 0:00:53.955920
Epoch 167
[167,     0] loss: 1.028697e-01 masks: 14.0 20.0 [wd: 8.18e-02] [lr: 9.24e-04] [mem: 5.67e+03] (147.8 ms)
[167,     0] grad_stats: [7.14e-04 2.16e-04] (6.99e-05, 5.20e-03)
[167,   116] loss: 8.670937e-02 masks: 21.6 17.2 [wd: 8.20e-02] [lr: 9.24e-04] [mem: 5.67e+03] (167.9 ms)
[167,   116] grad_stats: [1.76e-03 2.05e-04] (5.83e-05, 7.64e-03)
[167,   232] loss: 8.711211e-02 masks: 21.5 17.2 [wd: 8.23e-02] [lr: 9.23e-04] [mem: 5.67e+03] (168.1 ms)
[167,   232] grad_stats: [1.42e-03 2.44e-04] (6.14e-05, 1.15e-02)
avg. loss 8.71121090e-02
time taken for epoch 0:00:53.206247
Epoch 168
[168,     0] loss: 7.083599e-02 masks: 27.0 16.0 [wd: 8.23e-02] [lr: 9.23e-04] [mem: 5.67e+03] (181.1 ms)
[168,     0] grad_stats: [1.21e-03 2.20e-04] (5.12e-05, 7.49e-03)
[168,   116] loss: 8.738839e-02 masks: 21.7 17.6 [wd: 8.25e-02] [lr: 9.23e-04] [mem: 5.67e+03] (168.7 ms)
[168,   116] grad_stats: [1.90e-03 1.89e-04] (4.20e-05, 5.89e-03)
[168,   232] loss: 8.667564e-02 masks: 22.0 17.4 [wd: 8.28e-02] [lr: 9.22e-04] [mem: 5.67e+03] (169.8 ms)
[168,   232] grad_stats: [3.71e-03 3.27e-04] (6.06e-05, 7.35e-03)
avg. loss 8.66756440e-02
time taken for epoch 0:00:53.564539
Epoch 169
[169,     0] loss: 8.802733e-02 masks: 24.0 16.0 [wd: 8.28e-02] [lr: 9.22e-04] [mem: 5.67e+03] (171.7 ms)
[169,     0] grad_stats: [1.56e-03 1.85e-04] (5.25e-05, 5.98e-03)
[169,   116] loss: 8.777340e-02 masks: 22.0 17.2 [wd: 8.30e-02] [lr: 9.21e-04] [mem: 5.67e+03] (169.2 ms)
[169,   116] grad_stats: [1.13e-03 1.76e-04] (6.03e-05, 1.07e-02)
[169,   232] loss: 8.667404e-02 masks: 22.2 17.2 [wd: 8.32e-02] [lr: 9.21e-04] [mem: 5.67e+03] (170.3 ms)
[169,   232] grad_stats: [2.52e-03 2.21e-04] (5.54e-05, 8.57e-03)
avg. loss 8.66740414e-02
time taken for epoch 0:00:53.571776
Epoch 170
[170,     0] loss: 8.609322e-02 masks: 21.0 20.0 [wd: 8.33e-02] [lr: 9.21e-04] [mem: 5.67e+03] (168.5 ms)
[170,     0] grad_stats: [6.47e-04 2.59e-04] (5.08e-05, 6.95e-03)
[170,   116] loss: 8.600905e-02 masks: 22.4 17.0 [wd: 8.35e-02] [lr: 9.20e-04] [mem: 5.67e+03] (170.1 ms)
[170,   116] grad_stats: [2.34e-03 1.75e-04] (4.56e-05, 9.56e-03)
[170,   232] loss: 8.698980e-02 masks: 21.7 17.4 [wd: 8.37e-02] [lr: 9.20e-04] [mem: 5.67e+03] (169.0 ms)
[170,   232] grad_stats: [1.93e-03 2.41e-04] (7.01e-05, 1.01e-02)
avg. loss 8.69898012e-02
time taken for epoch 0:00:53.399773
Epoch 171
[171,     0] loss: 9.845359e-02 masks: 16.0 20.0 [wd: 8.37e-02] [lr: 9.20e-04] [mem: 5.67e+03] (153.4 ms)
[171,     0] grad_stats: [9.17e-04 2.55e-04] (5.37e-05, 8.99e-03)
[171,   116] loss: 8.635102e-02 masks: 22.5 16.8 [wd: 8.40e-02] [lr: 9.19e-04] [mem: 5.67e+03] (169.7 ms)
[171,   116] grad_stats: [4.71e-03 1.74e-04] (3.67e-05, 1.21e-02)
[171,   232] loss: 8.626516e-02 masks: 22.5 16.9 [wd: 8.42e-02] [lr: 9.18e-04] [mem: 5.67e+03] (170.4 ms)
[171,   232] grad_stats: [1.75e-03 1.98e-04] (7.02e-05, 5.48e-03)
avg. loss 8.62651603e-02
time taken for epoch 0:00:53.674439
Epoch 172
[172,     0] loss: 1.004309e-01 masks: 14.0 20.0 [wd: 8.42e-02] [lr: 9.18e-04] [mem: 5.67e+03] (150.2 ms)
[172,     0] grad_stats: [3.46e-03 2.00e-04] (6.44e-05, 8.15e-03)
[172,   116] loss: 8.596114e-02 masks: 22.3 17.3 [wd: 8.45e-02] [lr: 9.18e-04] [mem: 5.67e+03] (170.0 ms)
[172,   116] grad_stats: [5.83e-04 2.06e-04] (5.29e-05, 6.21e-03)
[172,   232] loss: 8.638528e-02 masks: 21.8 17.5 [wd: 8.47e-02] [lr: 9.17e-04] [mem: 5.67e+03] (169.4 ms)
[172,   232] grad_stats: [1.62e-03 2.00e-04] (5.49e-05, 1.67e-02)
avg. loss 8.63852800e-02
time taken for epoch 0:00:53.452083
Epoch 173
[173,     0] loss: 8.021396e-02 masks: 27.0 16.0 [wd: 8.47e-02] [lr: 9.17e-04] [mem: 5.67e+03] (181.0 ms)
[173,     0] grad_stats: [2.51e-03 1.93e-04] (4.50e-05, 4.82e-03)
[173,   116] loss: 8.667206e-02 masks: 22.2 17.1 [wd: 8.50e-02] [lr: 9.17e-04] [mem: 5.67e+03] (169.4 ms)
[173,   116] grad_stats: [1.71e-03 1.90e-04] (4.19e-05, 4.40e-03)
[173,   232] loss: 8.758082e-02 masks: 21.7 17.3 [wd: 8.52e-02] [lr: 9.16e-04] [mem: 5.67e+03] (168.7 ms)
[173,   232] grad_stats: [1.23e-03 2.63e-04] (5.60e-05, 1.21e-02)
avg. loss 8.75808249e-02
time taken for epoch 0:00:53.300294
Epoch 174
[174,     0] loss: 8.134457e-02 masks: 22.0 16.0 [wd: 8.52e-02] [lr: 9.16e-04] [mem: 5.67e+03] (166.1 ms)
[174,     0] grad_stats: [2.30e-03 2.30e-04] (6.48e-05, 3.81e-03)
[174,   116] loss: 8.694612e-02 masks: 22.0 17.3 [wd: 8.55e-02] [lr: 9.15e-04] [mem: 5.67e+03] (169.2 ms)
[174,   116] grad_stats: [1.24e-03 1.97e-04] (6.42e-05, 6.02e-03)
[174,   232] loss: 8.720622e-02 masks: 21.8 17.3 [wd: 8.57e-02] [lr: 9.15e-04] [mem: 5.67e+03] (169.1 ms)
[174,   232] grad_stats: [1.35e-03 2.70e-04] (6.43e-05, 9.69e-03)
avg. loss 8.72062244e-02
time taken for epoch 0:00:53.387567
Epoch 175
[175,     0] loss: 8.094190e-02 masks: 27.0 16.0 [wd: 8.57e-02] [lr: 9.15e-04] [mem: 5.67e+03] (181.5 ms)
[175,     0] grad_stats: [1.12e-03 2.09e-04] (5.64e-05, 8.59e-03)
[175,   116] loss: 8.757355e-02 masks: 21.9 17.3 [wd: 8.60e-02] [lr: 9.14e-04] [mem: 5.67e+03] (169.0 ms)
[175,   116] grad_stats: [8.16e-04 2.26e-04] (4.50e-05, 5.66e-03)
[175,   232] loss: 8.723029e-02 masks: 22.1 17.3 [wd: 8.62e-02] [lr: 9.14e-04] [mem: 5.67e+03] (169.9 ms)
[175,   232] grad_stats: [1.57e-03 2.00e-04] (4.70e-05, 1.23e-02)
avg. loss 8.72302943e-02
time taken for epoch 0:00:53.518861
Epoch 176
[176,     0] loss: 1.039016e-01 masks: 19.0 20.0 [wd: 8.62e-02] [lr: 9.13e-04] [mem: 5.67e+03] (161.5 ms)
[176,     0] grad_stats: [1.87e-03 2.81e-04] (7.84e-05, 8.94e-03)
[176,   116] loss: 8.626352e-02 masks: 22.4 17.3 [wd: 8.65e-02] [lr: 9.13e-04] [mem: 5.67e+03] (170.4 ms)
[176,   116] grad_stats: [1.26e-03 1.41e-04] (2.53e-05, 9.30e-03)
[176,   232] loss: 8.716108e-02 masks: 22.2 17.2 [wd: 8.67e-02] [lr: 9.12e-04] [mem: 5.67e+03] (170.0 ms)
[176,   232] grad_stats: [1.48e-03 2.33e-04] (5.57e-05, 7.83e-03)
avg. loss 8.71610799e-02
time taken for epoch 0:00:53.673551
Epoch 177
[177,     0] loss: 9.547663e-02 masks: 16.0 20.0 [wd: 8.67e-02] [lr: 9.12e-04] [mem: 5.67e+03] (154.4 ms)
[177,     0] grad_stats: [1.86e-03 1.77e-04] (4.90e-05, 3.71e-03)
[177,   116] loss: 8.750868e-02 masks: 22.2 17.3 [wd: 8.70e-02] [lr: 9.12e-04] [mem: 5.67e+03] (169.9 ms)
[177,   116] grad_stats: [1.53e-03 2.04e-04] (4.14e-05, 7.28e-03)
[177,   232] loss: 8.708598e-02 masks: 22.2 17.3 [wd: 8.72e-02] [lr: 9.11e-04] [mem: 5.67e+03] (170.2 ms)
[177,   232] grad_stats: [2.25e-03 2.03e-04] (6.25e-05, 5.56e-03)
avg. loss 8.70859837e-02
time taken for epoch 0:00:53.594193
Epoch 178
[178,     0] loss: 9.705229e-02 masks: 16.0 20.0 [wd: 8.72e-02] [lr: 9.11e-04] [mem: 5.67e+03] (153.7 ms)
[178,     0] grad_stats: [2.46e-03 2.04e-04] (4.93e-05, 9.77e-03)
[178,   116] loss: 8.718513e-02 masks: 22.4 17.0 [wd: 8.75e-02] [lr: 9.10e-04] [mem: 5.67e+03] (170.1 ms)
[178,   116] grad_stats: [1.67e-03 1.81e-04] (4.92e-05, 6.71e-03)
[178,   232] loss: 8.807779e-02 masks: 21.8 17.4 [wd: 8.78e-02] [lr: 9.10e-04] [mem: 5.67e+03] (169.1 ms)
[178,   232] grad_stats: [1.88e-03 2.35e-04] (6.17e-05, 5.76e-03)
avg. loss 8.80777865e-02
time taken for epoch 0:00:53.275382
Epoch 179
[179,     0] loss: 8.507888e-02 masks: 21.0 16.0 [wd: 8.78e-02] [lr: 9.10e-04] [mem: 5.67e+03] (164.7 ms)
[179,     0] grad_stats: [3.43e-03 1.87e-04] (5.31e-05, 8.73e-03)
[179,   116] loss: 9.104197e-02 masks: 20.5 17.9 [wd: 8.80e-02] [lr: 9.09e-04] [mem: 5.67e+03] (165.7 ms)
[179,   116] grad_stats: [1.14e-03 2.07e-04] (5.23e-05, 4.81e-03)
[179,   232] loss: 8.975303e-02 masks: 21.3 17.6 [wd: 8.83e-02] [lr: 9.08e-04] [mem: 5.67e+03] (168.0 ms)
[179,   232] grad_stats: [4.06e-03 2.28e-04] (5.12e-05, 1.14e-02)
avg. loss 8.97530281e-02
time taken for epoch 0:00:53.179030
Epoch 180
[180,     0] loss: 9.912319e-02 masks: 17.0 20.0 [wd: 8.83e-02] [lr: 9.08e-04] [mem: 5.67e+03] (158.0 ms)
[180,     0] grad_stats: [1.96e-03 2.60e-04] (4.61e-05, 1.13e-02)
[180,   116] loss: 8.745817e-02 masks: 21.4 17.6 [wd: 8.85e-02] [lr: 9.08e-04] [mem: 5.67e+03] (167.8 ms)
[180,   116] grad_stats: [8.31e-04 2.04e-04] (6.02e-05, 4.76e-03)
[180,   232] loss: 8.776946e-02 masks: 21.6 17.4 [wd: 8.88e-02] [lr: 9.07e-04] [mem: 5.67e+03] (168.5 ms)
[180,   232] grad_stats: [1.47e-03 2.39e-04] (5.97e-05, 6.74e-03)
avg. loss 8.77694597e-02
	Epoch 180, KNN accuracy train: 7.00572e-01, KNN accuracy train: 5.51000e-01
time taken for epoch 0:01:36.323046
Epoch 181
[181,     0] loss: 9.529059e-02 masks: 20.0 16.0 [wd: 8.88e-02] [lr: 9.07e-04] [mem: 5.67e+03] (159.0 ms)
[181,     0] grad_stats: [1.36e-03 3.28e-04] (6.60e-05, 8.57e-03)
[181,   116] loss: 8.914626e-02 masks: 21.6 17.4 [wd: 8.90e-02] [lr: 9.07e-04] [mem: 5.67e+03] (167.7 ms)
[181,   116] grad_stats: [2.71e-03 2.38e-04] (7.09e-05, 8.05e-03)
[181,   232] loss: 8.825985e-02 masks: 21.9 17.3 [wd: 8.93e-02] [lr: 9.06e-04] [mem: 5.67e+03] (168.7 ms)
[181,   232] grad_stats: [1.92e-03 2.66e-04] (5.86e-05, 6.50e-03)
avg. loss 8.82598536e-02
time taken for epoch 0:00:53.269149
Epoch 182
[182,     0] loss: 7.258335e-02 masks: 27.0 16.0 [wd: 8.93e-02] [lr: 9.06e-04] [mem: 5.67e+03] (180.5 ms)
[182,     0] grad_stats: [1.08e-03 2.38e-04] (5.70e-05, 4.93e-03)
[182,   116] loss: 8.808881e-02 masks: 21.7 17.4 [wd: 8.96e-02] [lr: 9.05e-04] [mem: 5.67e+03] (168.1 ms)
[182,   116] grad_stats: [1.01e-03 2.15e-04] (7.03e-05, 5.56e-03)
[182,   232] loss: 8.839784e-02 masks: 21.6 17.5 [wd: 8.98e-02] [lr: 9.05e-04] [mem: 5.67e+03] (168.6 ms)
[182,   232] grad_stats: [1.47e-03 3.36e-04] (9.51e-05, 8.74e-03)
avg. loss 8.83978368e-02
time taken for epoch 0:00:53.233781
Epoch 183
[183,     0] loss: 8.851048e-02 masks: 20.0 20.0 [wd: 8.98e-02] [lr: 9.05e-04] [mem: 5.67e+03] (164.6 ms)
[183,     0] grad_stats: [7.65e-04 2.61e-04] (5.82e-05, 7.47e-03)
[183,   116] loss: 8.801510e-02 masks: 21.4 17.6 [wd: 9.01e-02] [lr: 9.04e-04] [mem: 5.67e+03] (167.6 ms)
[183,   116] grad_stats: [2.41e-03 2.37e-04] (6.04e-05, 5.96e-03)
[183,   232] loss: 8.777384e-02 masks: 21.8 17.5 [wd: 9.03e-02] [lr: 9.03e-04] [mem: 5.67e+03] (169.1 ms)
[183,   232] grad_stats: [2.62e-03 3.47e-04] (7.06e-05, 8.35e-03)
avg. loss 8.77738418e-02
time taken for epoch 0:00:53.238059
Epoch 184
[184,     0] loss: 8.498812e-02 masks: 27.0 16.0 [wd: 9.03e-02] [lr: 9.03e-04] [mem: 5.67e+03] (182.5 ms)
[184,     0] grad_stats: [1.64e-03 2.13e-04] (6.10e-05, 9.53e-03)
[184,   116] loss: 8.805102e-02 masks: 21.7 17.3 [wd: 9.06e-02] [lr: 9.03e-04] [mem: 5.67e+03] (168.5 ms)
[184,   116] grad_stats: [3.89e-03 2.03e-04] (7.06e-05, 8.04e-03)
[184,   232] loss: 8.814812e-02 masks: 21.7 17.4 [wd: 9.09e-02] [lr: 9.02e-04] [mem: 5.67e+03] (168.7 ms)
[184,   232] grad_stats: [2.27e-03 1.84e-04] (5.06e-05, 5.88e-03)
avg. loss 8.81481242e-02
time taken for epoch 0:00:53.222366
Epoch 185
[185,     0] loss: 7.870477e-02 masks: 33.0 12.0 [wd: 9.09e-02] [lr: 9.02e-04] [mem: 5.67e+03] (190.6 ms)
[185,     0] grad_stats: [2.26e-03 2.64e-04] (5.01e-05, 1.25e-02)
[185,   116] loss: 8.709709e-02 masks: 22.4 17.0 [wd: 9.11e-02] [lr: 9.01e-04] [mem: 5.67e+03] (169.7 ms)
[185,   116] grad_stats: [1.45e-03 2.73e-04] (7.01e-05, 8.51e-03)
[185,   232] loss: 8.699567e-02 masks: 22.5 17.0 [wd: 9.14e-02] [lr: 9.01e-04] [mem: 5.67e+03] (170.7 ms)
[185,   232] grad_stats: [1.73e-03 2.23e-04] (5.15e-05, 7.87e-03)
avg. loss 8.69956738e-02
time taken for epoch 0:00:53.761116
Epoch 186
[186,     0] loss: 9.170775e-02 masks: 19.0 20.0 [wd: 9.14e-02] [lr: 9.01e-04] [mem: 5.67e+03] (163.3 ms)
[186,     0] grad_stats: [9.38e-04 2.20e-04] (6.57e-05, 8.41e-03)
[186,   116] loss: 8.725149e-02 masks: 22.4 17.0 [wd: 9.17e-02] [lr: 9.00e-04] [mem: 5.67e+03] (169.9 ms)
[186,   116] grad_stats: [8.36e-04 1.63e-04] (4.30e-05, 6.62e-03)
[186,   232] loss: 8.723491e-02 masks: 22.5 16.8 [wd: 9.19e-02] [lr: 8.99e-04] [mem: 5.67e+03] (170.5 ms)
[186,   232] grad_stats: [1.27e-03 2.25e-04] (5.63e-05, 1.94e-02)
avg. loss 8.72349123e-02
time taken for epoch 0:00:53.646615
Epoch 187
[187,     0] loss: 8.588578e-02 masks: 29.0 16.0 [wd: 9.19e-02] [lr: 8.99e-04] [mem: 5.67e+03] (183.7 ms)
[187,     0] grad_stats: [1.27e-03 2.75e-04] (7.22e-05, 2.36e-02)
[187,   116] loss: 8.754997e-02 masks: 22.3 17.2 [wd: 9.22e-02] [lr: 8.99e-04] [mem: 5.67e+03] (169.8 ms)
[187,   116] grad_stats: [2.52e-03 1.81e-04] (4.52e-05, 5.41e-03)
[187,   232] loss: 8.790635e-02 masks: 22.1 17.3 [wd: 9.25e-02] [lr: 8.98e-04] [mem: 5.67e+03] (169.8 ms)
[187,   232] grad_stats: [9.25e-04 2.38e-04] (6.13e-05, 1.02e-02)
avg. loss 8.79063481e-02
time taken for epoch 0:00:53.584571
Epoch 188
[188,     0] loss: 9.187482e-02 masks: 15.0 20.0 [wd: 9.25e-02] [lr: 8.98e-04] [mem: 5.67e+03] (149.5 ms)
[188,     0] grad_stats: [1.33e-03 2.08e-04] (4.99e-05, 1.68e-02)
[188,   116] loss: 9.031886e-02 masks: 21.0 17.7 [wd: 9.27e-02] [lr: 8.97e-04] [mem: 5.67e+03] (166.7 ms)
[188,   116] grad_stats: [1.96e-03 1.97e-04] (4.80e-05, 8.58e-03)
[188,   232] loss: 8.930648e-02 masks: 21.7 17.4 [wd: 9.30e-02] [lr: 8.97e-04] [mem: 5.67e+03] (168.7 ms)
[188,   232] grad_stats: [9.12e-04 2.66e-04] (7.29e-05, 6.52e-03)
avg. loss 8.93064775e-02
time taken for epoch 0:00:53.189790
Epoch 189
[189,     0] loss: 8.900171e-02 masks: 18.0 20.0 [wd: 9.30e-02] [lr: 8.97e-04] [mem: 5.67e+03] (160.3 ms)
[189,     0] grad_stats: [1.08e-03 2.57e-04] (6.58e-05, 9.31e-03)
[189,   116] loss: 8.714189e-02 masks: 22.5 16.9 [wd: 9.33e-02] [lr: 8.96e-04] [mem: 5.67e+03] (170.0 ms)
[189,   116] grad_stats: [1.78e-03 2.94e-04] (8.87e-05, 1.55e-02)
[189,   232] loss: 8.826106e-02 masks: 22.1 17.1 [wd: 9.35e-02] [lr: 8.95e-04] [mem: 5.67e+03] (169.5 ms)
[189,   232] grad_stats: [3.63e-03 2.15e-04] (6.32e-05, 9.86e-03)
avg. loss 8.82610645e-02
time taken for epoch 0:00:53.459172
Epoch 190
[190,     0] loss: 8.573476e-02 masks: 23.0 16.0 [wd: 9.35e-02] [lr: 8.95e-04] [mem: 5.67e+03] (168.5 ms)
[190,     0] grad_stats: [2.36e-03 2.21e-04] (8.11e-05, 6.25e-03)
[190,   116] loss: 8.837847e-02 masks: 21.8 17.4 [wd: 9.38e-02] [lr: 8.95e-04] [mem: 5.67e+03] (168.6 ms)
[190,   116] grad_stats: [1.19e-03 2.43e-04] (5.85e-05, 9.37e-03)
[190,   232] loss: 8.876911e-02 masks: 21.8 17.3 [wd: 9.41e-02] [lr: 8.94e-04] [mem: 5.67e+03] (169.0 ms)
[190,   232] grad_stats: [1.25e-03 2.70e-04] (7.70e-05, 5.10e-03)
avg. loss 8.87691142e-02
time taken for epoch 0:00:53.438492
Epoch 191
[191,     0] loss: 9.119619e-02 masks: 17.0 16.0 [wd: 9.41e-02] [lr: 8.94e-04] [mem: 5.67e+03] (153.2 ms)
[191,     0] grad_stats: [1.41e-03 2.37e-04] (5.68e-05, 8.07e-03)
[191,   116] loss: 8.978187e-02 masks: 21.6 17.6 [wd: 9.43e-02] [lr: 8.93e-04] [mem: 5.67e+03] (168.5 ms)
[191,   116] grad_stats: [1.13e-03 3.07e-04] (6.22e-05, 6.49e-03)
[191,   232] loss: 8.925380e-02 masks: 21.9 17.4 [wd: 9.46e-02] [lr: 8.93e-04] [mem: 5.67e+03] (169.4 ms)
[191,   232] grad_stats: [1.77e-03 2.44e-04] (6.83e-05, 1.08e-02)
avg. loss 8.92538012e-02
time taken for epoch 0:00:53.436696
Epoch 192
[192,     0] loss: 8.503855e-02 masks: 25.0 16.0 [wd: 9.46e-02] [lr: 8.93e-04] [mem: 5.67e+03] (174.5 ms)
[192,     0] grad_stats: [1.16e-03 2.51e-04] (6.17e-05, 1.07e-02)
[192,   116] loss: 8.997966e-02 masks: 21.7 17.3 [wd: 9.49e-02] [lr: 8.92e-04] [mem: 5.67e+03] (168.3 ms)
[192,   116] grad_stats: [1.76e-03 2.48e-04] (5.38e-05, 1.56e-02)
[192,   232] loss: 8.891444e-02 masks: 22.0 17.1 [wd: 9.51e-02] [lr: 8.91e-04] [mem: 5.67e+03] (169.5 ms)
[192,   232] grad_stats: [1.54e-03 1.90e-04] (6.58e-05, 8.73e-03)
avg. loss 8.89144393e-02
time taken for epoch 0:00:53.474947
Epoch 193
[193,     0] loss: 1.056066e-01 masks: 18.0 20.0 [wd: 9.51e-02] [lr: 8.91e-04] [mem: 5.67e+03] (160.2 ms)
[193,     0] grad_stats: [8.88e-04 2.40e-04] (6.77e-05, 7.20e-03)
[193,   116] loss: 8.968823e-02 masks: 21.7 17.4 [wd: 9.54e-02] [lr: 8.91e-04] [mem: 5.67e+03] (168.5 ms)
[193,   116] grad_stats: [1.81e-03 1.97e-04] (5.43e-05, 7.13e-03)
[193,   232] loss: 8.934912e-02 masks: 22.1 17.3 [wd: 9.57e-02] [lr: 8.90e-04] [mem: 5.67e+03] (169.7 ms)
[193,   232] grad_stats: [1.40e-03 3.19e-04] (5.91e-05, 6.08e-03)
avg. loss 8.93491153e-02
time taken for epoch 0:00:53.492454
Epoch 194
[194,     0] loss: 6.888548e-02 masks: 35.0 12.0 [wd: 9.57e-02] [lr: 8.90e-04] [mem: 5.67e+03] (196.7 ms)
[194,     0] grad_stats: [2.53e-03 1.81e-04] (4.76e-05, 5.35e-03)
[194,   116] loss: 8.851317e-02 masks: 22.6 17.2 [wd: 9.60e-02] [lr: 8.89e-04] [mem: 5.67e+03] (170.7 ms)
[194,   116] grad_stats: [9.01e-04 2.45e-04] (4.61e-05, 6.35e-03)
[194,   232] loss: 8.880638e-02 masks: 22.4 17.2 [wd: 9.62e-02] [lr: 8.88e-04] [mem: 5.67e+03] (170.4 ms)
[194,   232] grad_stats: [2.38e-03 1.58e-04] (4.33e-05, 5.20e-03)
avg. loss 8.88063761e-02
time taken for epoch 0:00:53.624398
Epoch 195
[195,     0] loss: 8.256659e-02 masks: 23.0 16.0 [wd: 9.62e-02] [lr: 8.88e-04] [mem: 5.67e+03] (167.4 ms)
[195,     0] grad_stats: [3.48e-03 2.13e-04] (4.74e-05, 7.21e-03)
[195,   116] loss: 8.898438e-02 masks: 22.0 17.4 [wd: 9.65e-02] [lr: 8.88e-04] [mem: 5.67e+03] (169.3 ms)
[195,   116] grad_stats: [2.24e-03 2.33e-04] (5.17e-05, 1.14e-02)
[195,   232] loss: 8.892295e-02 masks: 21.9 17.5 [wd: 9.68e-02] [lr: 8.87e-04] [mem: 5.67e+03] (169.6 ms)
[195,   232] grad_stats: [1.12e-03 2.70e-04] (5.23e-05, 1.46e-02)
avg. loss 8.89229461e-02
time taken for epoch 0:00:53.527025
Epoch 196
[196,     0] loss: 8.043803e-02 masks: 28.0 16.0 [wd: 9.68e-02] [lr: 8.87e-04] [mem: 5.67e+03] (183.1 ms)
[196,     0] grad_stats: [2.43e-03 2.63e-04] (6.48e-05, 6.45e-03)
[196,   116] loss: 9.051629e-02 masks: 21.0 17.6 [wd: 9.71e-02] [lr: 8.86e-04] [mem: 5.67e+03] (166.5 ms)
[196,   116] grad_stats: [1.66e-03 1.95e-04] (5.45e-05, 4.94e-03)
[196,   232] loss: 9.033670e-02 masks: 21.2 17.5 [wd: 9.73e-02] [lr: 8.86e-04] [mem: 5.67e+03] (167.3 ms)
[196,   232] grad_stats: [1.44e-03 3.08e-04] (6.67e-05, 1.02e-02)
avg. loss 9.03367035e-02
time taken for epoch 0:00:52.953138
Epoch 197
[197,     0] loss: 9.664018e-02 masks: 22.0 20.0 [wd: 9.73e-02] [lr: 8.86e-04] [mem: 5.67e+03] (173.1 ms)
[197,     0] grad_stats: [3.67e-03 2.62e-04] (6.64e-05, 7.53e-03)
[197,   116] loss: 8.747035e-02 masks: 22.8 17.1 [wd: 9.76e-02] [lr: 8.85e-04] [mem: 5.67e+03] (171.2 ms)
[197,   116] grad_stats: [1.29e-03 2.50e-04] (5.67e-05, 1.03e-02)
[197,   232] loss: 8.830821e-02 masks: 22.5 17.2 [wd: 9.79e-02] [lr: 8.84e-04] [mem: 5.67e+03] (171.0 ms)
[197,   232] grad_stats: [1.15e-03 2.20e-04] (6.01e-05, 1.24e-02)
avg. loss 8.83082083e-02
time taken for epoch 0:00:53.672806
Epoch 198
[198,     0] loss: 9.139908e-02 masks: 20.0 16.0 [wd: 9.79e-02] [lr: 8.84e-04] [mem: 5.67e+03] (161.5 ms)
[198,     0] grad_stats: [2.63e-03 2.56e-04] (6.41e-05, 1.60e-02)
[198,   116] loss: 8.926538e-02 masks: 22.1 17.4 [wd: 9.82e-02] [lr: 8.84e-04] [mem: 5.67e+03] (169.5 ms)
[198,   116] grad_stats: [2.51e-03 1.95e-04] (4.89e-05, 1.00e-02)
[198,   232] loss: 8.939826e-02 masks: 22.1 17.3 [wd: 9.84e-02] [lr: 8.83e-04] [mem: 5.67e+03] (169.8 ms)
[198,   232] grad_stats: [2.22e-03 3.28e-04] (5.80e-05, 6.71e-03)
avg. loss 8.93982645e-02
time taken for epoch 0:00:53.563032
Epoch 199
[199,     0] loss: 9.600910e-02 masks: 20.0 20.0 [wd: 9.84e-02] [lr: 8.83e-04] [mem: 5.67e+03] (165.8 ms)
[199,     0] grad_stats: [2.82e-03 1.96e-04] (6.26e-05, 1.47e-02)
[199,   116] loss: 9.052317e-02 masks: 21.4 17.3 [wd: 9.87e-02] [lr: 8.82e-04] [mem: 5.67e+03] (167.5 ms)
[199,   116] grad_stats: [8.79e-04 2.56e-04] (6.54e-05, 5.94e-03)
[199,   232] loss: 9.046307e-02 masks: 21.5 17.5 [wd: 9.90e-02] [lr: 8.81e-04] [mem: 5.67e+03] (168.2 ms)
[199,   232] grad_stats: [8.73e-04 3.03e-04] (5.97e-05, 1.24e-02)
avg. loss 9.04630681e-02
time taken for epoch 0:00:53.187380
Epoch 200
[200,     0] loss: 9.136838e-02 masks: 16.0 20.0 [wd: 9.90e-02] [lr: 8.81e-04] [mem: 5.67e+03] (153.9 ms)
[200,     0] grad_stats: [1.36e-03 2.76e-04] (5.79e-05, 8.89e-03)
[200,   116] loss: 8.964651e-02 masks: 21.8 17.5 [wd: 9.93e-02] [lr: 8.81e-04] [mem: 5.67e+03] (168.8 ms)
[200,   116] grad_stats: [2.98e-03 2.99e-04] (6.15e-05, 7.22e-03)
[200,   232] loss: 8.913874e-02 masks: 22.1 17.3 [wd: 9.96e-02] [lr: 8.80e-04] [mem: 5.67e+03] (169.9 ms)
[200,   232] grad_stats: [2.74e-03 2.40e-04] (5.61e-05, 9.89e-03)
avg. loss 8.91387377e-02
	Epoch 200, KNN accuracy train: 7.12375e-01, KNN accuracy train: 5.75667e-01
time taken for epoch 0:01:36.528761
Epoch 201
[201,     0] loss: 9.546913e-02 masks: 19.0 20.0 [wd: 9.96e-02] [lr: 8.80e-04] [mem: 5.67e+03] (163.4 ms)
[201,     0] grad_stats: [1.06e-03 2.33e-04] (4.88e-05, 3.71e-03)
[201,   116] loss: 8.963094e-02 masks: 22.1 17.2 [wd: 9.98e-02] [lr: 8.79e-04] [mem: 5.67e+03] (168.6 ms)
[201,   116] grad_stats: [1.52e-03 2.40e-04] (7.95e-05, 9.30e-03)
[201,   232] loss: 9.026597e-02 masks: 21.9 17.2 [wd: 1.00e-01] [lr: 8.79e-04] [mem: 5.67e+03] (168.8 ms)
[201,   232] grad_stats: [1.88e-03 2.89e-04] (5.20e-05, 1.22e-02)
avg. loss 9.02659655e-02
time taken for epoch 0:00:53.280176
Epoch 202
[202,     0] loss: 6.940389e-02 masks: 35.0 12.0 [wd: 1.00e-01] [lr: 8.79e-04] [mem: 5.67e+03] (196.3 ms)
[202,     0] grad_stats: [1.27e-03 3.19e-04] (5.67e-05, 3.91e-03)
[202,   116] loss: 9.141852e-02 masks: 21.5 17.7 [wd: 1.00e-01] [lr: 8.78e-04] [mem: 5.67e+03] (167.8 ms)
[202,   116] grad_stats: [2.12e-03 2.64e-04] (7.38e-05, 6.89e-03)
[202,   232] loss: 9.055832e-02 masks: 21.8 17.4 [wd: 1.01e-01] [lr: 8.77e-04] [mem: 5.67e+03] (169.0 ms)
[202,   232] grad_stats: [1.63e-03 3.05e-04] (4.41e-05, 1.21e-02)
avg. loss 9.05583168e-02
time taken for epoch 0:00:53.382668
Epoch 203
[203,     0] loss: 8.997519e-02 masks: 25.0 16.0 [wd: 1.01e-01] [lr: 8.77e-04] [mem: 5.67e+03] (174.1 ms)
[203,     0] grad_stats: [1.16e-03 2.21e-04] (5.67e-05, 9.75e-03)
[203,   116] loss: 9.010719e-02 masks: 22.3 16.9 [wd: 1.01e-01] [lr: 8.76e-04] [mem: 5.67e+03] (169.4 ms)
[203,   116] grad_stats: [3.19e-03 2.86e-04] (8.20e-05, 7.80e-03)
[203,   232] loss: 9.027802e-02 masks: 22.2 17.0 [wd: 1.01e-01] [lr: 8.76e-04] [mem: 5.67e+03] (169.7 ms)
[203,   232] grad_stats: [7.49e-04 4.09e-04] (8.38e-05, 5.37e-03)
avg. loss 9.02780177e-02
time taken for epoch 0:00:53.453074
Epoch 204
[204,     0] loss: 1.161068e-01 masks: 12.0 20.0 [wd: 1.01e-01] [lr: 8.76e-04] [mem: 5.67e+03] (143.9 ms)
[204,     0] grad_stats: [2.30e-03 2.86e-04] (7.23e-05, 7.57e-03)
[204,   116] loss: 9.214523e-02 masks: 21.2 17.4 [wd: 1.02e-01] [lr: 8.75e-04] [mem: 5.67e+03] (167.0 ms)
[204,   116] grad_stats: [1.98e-03 2.22e-04] (3.87e-05, 1.18e-02)
[204,   232] loss: 9.110472e-02 masks: 21.5 17.3 [wd: 1.02e-01] [lr: 8.74e-04] [mem: 5.67e+03] (168.2 ms)
[204,   232] grad_stats: [1.17e-03 6.76e-04] (8.23e-05, 5.04e-03)
avg. loss 9.11047169e-02
time taken for epoch 0:00:53.129939
Epoch 205
[205,     0] loss: 8.424181e-02 masks: 19.0 20.0 [wd: 1.02e-01] [lr: 8.74e-04] [mem: 5.67e+03] (164.4 ms)
[205,     0] grad_stats: [3.32e-03 2.67e-04] (5.92e-05, 1.16e-02)
[205,   116] loss: 9.090169e-02 masks: 21.2 17.7 [wd: 1.02e-01] [lr: 8.73e-04] [mem: 5.67e+03] (167.3 ms)
[205,   116] grad_stats: [6.53e-04 2.20e-04] (5.83e-05, 5.03e-03)
[205,   232] loss: 9.042100e-02 masks: 21.8 17.3 [wd: 1.02e-01] [lr: 8.73e-04] [mem: 5.67e+03] (168.8 ms)
[205,   232] grad_stats: [1.41e-03 2.90e-04] (5.01e-05, 6.07e-03)
avg. loss 9.04210037e-02
time taken for epoch 0:00:53.288259
Epoch 206
[206,     0] loss: 7.318029e-02 masks: 28.0 16.0 [wd: 1.02e-01] [lr: 8.73e-04] [mem: 5.67e+03] (183.0 ms)
[206,     0] grad_stats: [1.42e-03 2.24e-04] (5.40e-05, 6.75e-03)
[206,   116] loss: 8.947444e-02 masks: 22.1 17.1 [wd: 1.03e-01] [lr: 8.72e-04] [mem: 5.67e+03] (169.2 ms)
[206,   116] grad_stats: [1.11e-03 3.23e-04] (4.50e-05, 1.36e-02)
[206,   232] loss: 8.949682e-02 masks: 22.1 17.3 [wd: 1.03e-01] [lr: 8.71e-04] [mem: 5.67e+03] (169.6 ms)
[206,   232] grad_stats: [1.75e-03 2.37e-04] (4.27e-05, 5.97e-03)
avg. loss 8.94968162e-02
time taken for epoch 0:00:53.514123
Epoch 207
[207,     0] loss: 8.999478e-02 masks: 24.0 16.0 [wd: 1.03e-01] [lr: 8.71e-04] [mem: 5.67e+03] (172.0 ms)
[207,     0] grad_stats: [2.69e-03 2.41e-04] (5.98e-05, 1.34e-02)
[207,   116] loss: 8.970898e-02 masks: 21.6 17.3 [wd: 1.03e-01] [lr: 8.70e-04] [mem: 5.67e+03] (167.8 ms)
[207,   116] grad_stats: [1.80e-03 2.26e-04] (6.34e-05, 1.26e-02)
[207,   232] loss: 8.991079e-02 masks: 21.9 17.2 [wd: 1.04e-01] [lr: 8.70e-04] [mem: 5.67e+03] (169.2 ms)
[207,   232] grad_stats: [1.52e-03 2.14e-04] (4.58e-05, 1.15e-02)
avg. loss 8.99107878e-02
time taken for epoch 0:00:53.424260
Epoch 208
[208,     0] loss: 8.923905e-02 masks: 23.0 16.0 [wd: 1.04e-01] [lr: 8.70e-04] [mem: 5.67e+03] (167.9 ms)
[208,     0] grad_stats: [1.10e-03 2.45e-04] (6.81e-05, 9.07e-03)
[208,   116] loss: 8.953369e-02 masks: 21.6 17.2 [wd: 1.04e-01] [lr: 8.69e-04] [mem: 5.67e+03] (168.0 ms)
[208,   116] grad_stats: [9.34e-04 2.33e-04] (5.56e-05, 6.54e-03)
[208,   232] loss: 8.990700e-02 masks: 21.9 17.2 [wd: 1.04e-01] [lr: 8.68e-04] [mem: 5.67e+03] (169.1 ms)
[208,   232] grad_stats: [3.04e-03 2.71e-04] (5.63e-05, 6.31e-03)
avg. loss 8.99070017e-02
time taken for epoch 0:00:53.371406
Epoch 209
[209,     0] loss: 9.038182e-02 masks: 25.0 16.0 [wd: 1.04e-01] [lr: 8.68e-04] [mem: 5.67e+03] (174.7 ms)
[209,     0] grad_stats: [4.77e-03 2.96e-04] (7.91e-05, 7.27e-03)
[209,   116] loss: 9.138792e-02 masks: 21.1 17.5 [wd: 1.04e-01] [lr: 8.67e-04] [mem: 5.67e+03] (167.0 ms)
[209,   116] grad_stats: [1.41e-03 2.92e-04] (7.24e-05, 9.92e-03)
[209,   232] loss: 9.080689e-02 masks: 21.5 17.3 [wd: 1.05e-01] [lr: 8.67e-04] [mem: 5.67e+03] (168.3 ms)
[209,   232] grad_stats: [4.66e-03 3.16e-04] (9.01e-05, 9.28e-03)
avg. loss 9.08068914e-02
time taken for epoch 0:00:53.132008
Epoch 210
[210,     0] loss: 9.630673e-02 masks: 18.0 20.0 [wd: 1.05e-01] [lr: 8.67e-04] [mem: 5.67e+03] (160.6 ms)
[210,     0] grad_stats: [9.23e-04 3.02e-04] (6.82e-05, 7.31e-03)
[210,   116] loss: 8.965738e-02 masks: 22.2 17.4 [wd: 1.05e-01] [lr: 8.66e-04] [mem: 5.67e+03] (169.8 ms)
[210,   116] grad_stats: [1.03e-03 3.34e-04] (7.48e-05, 7.44e-03)
[210,   232] loss: 9.014762e-02 masks: 21.8 17.4 [wd: 1.05e-01] [lr: 8.65e-04] [mem: 5.67e+03] (169.2 ms)
[210,   232] grad_stats: [2.52e-03 2.32e-04] (5.16e-05, 4.99e-03)
avg. loss 9.01476250e-02
time taken for epoch 0:00:53.384864
Epoch 211
[211,     0] loss: 8.885374e-02 masks: 25.0 16.0 [wd: 1.05e-01] [lr: 8.65e-04] [mem: 5.67e+03] (174.1 ms)
[211,     0] grad_stats: [1.35e-03 2.36e-04] (7.83e-05, 1.19e-02)
[211,   116] loss: 8.834383e-02 masks: 23.3 16.5 [wd: 1.06e-01] [lr: 8.64e-04] [mem: 5.67e+03] (171.9 ms)
[211,   116] grad_stats: [2.51e-03 2.77e-04] (5.74e-05, 7.73e-03)
[211,   232] loss: 8.931117e-02 masks: 22.6 16.9 [wd: 1.06e-01] [lr: 8.64e-04] [mem: 5.67e+03] (170.9 ms)
[211,   232] grad_stats: [1.51e-03 2.18e-04] (7.18e-05, 1.21e-02)
avg. loss 8.93111692e-02
time taken for epoch 0:00:53.828759
Epoch 212
[212,     0] loss: 1.042071e-01 masks: 17.0 20.0 [wd: 1.06e-01] [lr: 8.64e-04] [mem: 5.67e+03] (157.5 ms)
[212,     0] grad_stats: [4.14e-03 3.22e-04] (7.22e-05, 2.24e-02)
[212,   116] loss: 8.997766e-02 masks: 22.0 17.1 [wd: 1.06e-01] [lr: 8.63e-04] [mem: 5.67e+03] (168.8 ms)
[212,   116] grad_stats: [1.14e-03 2.29e-04] (5.63e-05, 1.15e-02)
[212,   232] loss: 8.976221e-02 masks: 22.0 17.2 [wd: 1.06e-01] [lr: 8.62e-04] [mem: 5.67e+03] (169.3 ms)
[212,   232] grad_stats: [3.72e-03 2.81e-04] (5.97e-05, 1.09e-02)
avg. loss 8.97622127e-02
time taken for epoch 0:00:53.400517
Epoch 213
[213,     0] loss: 7.459186e-02 masks: 26.0 16.0 [wd: 1.06e-01] [lr: 8.62e-04] [mem: 5.67e+03] (177.9 ms)
[213,     0] grad_stats: [3.27e-03 2.18e-04] (5.88e-05, 9.64e-03)
[213,   116] loss: 9.161881e-02 masks: 21.5 17.4 [wd: 1.07e-01] [lr: 8.61e-04] [mem: 5.67e+03] (167.8 ms)
[213,   116] grad_stats: [1.24e-03 3.01e-04] (9.27e-05, 1.91e-02)
[213,   232] loss: 9.088362e-02 masks: 21.8 17.2 [wd: 1.07e-01] [lr: 8.61e-04] [mem: 5.67e+03] (168.7 ms)
[213,   232] grad_stats: [2.02e-03 2.70e-04] (6.31e-05, 9.77e-03)
avg. loss 9.08836205e-02
time taken for epoch 0:00:53.256906
Epoch 214
[214,     0] loss: 8.609122e-02 masks: 25.0 16.0 [wd: 1.07e-01] [lr: 8.61e-04] [mem: 5.67e+03] (173.3 ms)
[214,     0] grad_stats: [1.66e-03 2.76e-04] (5.81e-05, 5.94e-03)
[214,   116] loss: 8.953873e-02 masks: 22.4 17.1 [wd: 1.07e-01] [lr: 8.60e-04] [mem: 5.67e+03] (169.8 ms)
[214,   116] grad_stats: [1.10e-03 2.38e-04] (5.64e-05, 1.57e-02)
[214,   232] loss: 9.076367e-02 masks: 21.7 17.3 [wd: 1.08e-01] [lr: 8.59e-04] [mem: 5.67e+03] (168.6 ms)
[214,   232] grad_stats: [2.57e-03 3.25e-04] (6.24e-05, 1.81e-02)
avg. loss 9.07636724e-02
time taken for epoch 0:00:53.275140
Epoch 215
[215,     0] loss: 6.975044e-02 masks: 36.0 12.0 [wd: 1.08e-01] [lr: 8.59e-04] [mem: 5.67e+03] (200.0 ms)
[215,     0] grad_stats: [1.65e-03 2.26e-04] (5.18e-05, 6.54e-03)
[215,   116] loss: 9.132002e-02 masks: 21.8 17.1 [wd: 1.08e-01] [lr: 8.58e-04] [mem: 5.67e+03] (168.3 ms)
[215,   116] grad_stats: [9.07e-04 2.86e-04] (9.33e-05, 1.04e-02)
[215,   232] loss: 9.154458e-02 masks: 21.6 17.3 [wd: 1.08e-01] [lr: 8.58e-04] [mem: 5.67e+03] (168.6 ms)
[215,   232] grad_stats: [1.85e-03 2.60e-04] (6.74e-05, 2.17e-02)
avg. loss 9.15445830e-02
time taken for epoch 0:00:53.262902
Epoch 216
[216,     0] loss: 8.557560e-02 masks: 22.0 16.0 [wd: 1.08e-01] [lr: 8.58e-04] [mem: 5.67e+03] (165.8 ms)
[216,     0] grad_stats: [2.22e-03 3.43e-04] (6.67e-05, 6.59e-03)
[216,   116] loss: 9.079067e-02 masks: 21.5 17.6 [wd: 1.08e-01] [lr: 8.57e-04] [mem: 5.67e+03] (168.2 ms)
[216,   116] grad_stats: [1.09e-03 2.62e-04] (5.32e-05, 1.45e-02)
[216,   232] loss: 9.091022e-02 masks: 21.6 17.6 [wd: 1.09e-01] [lr: 8.56e-04] [mem: 5.67e+03] (168.8 ms)
[216,   232] grad_stats: [2.28e-03 3.12e-04] (7.71e-05, 1.01e-02)
avg. loss 9.09102224e-02
time taken for epoch 0:00:53.373517
Epoch 217
[217,     0] loss: 9.057033e-02 masks: 17.0 20.0 [wd: 1.09e-01] [lr: 8.56e-04] [mem: 5.67e+03] (156.8 ms)
[217,     0] grad_stats: [1.90e-03 5.03e-04] (6.36e-05, 7.92e-03)
[217,   116] loss: 8.980500e-02 masks: 22.3 17.2 [wd: 1.09e-01] [lr: 8.55e-04] [mem: 5.67e+03] (169.7 ms)
[217,   116] grad_stats: [1.28e-03 2.56e-04] (5.45e-05, 1.42e-02)
[217,   232] loss: 9.037157e-02 masks: 22.1 17.2 [wd: 1.09e-01] [lr: 8.54e-04] [mem: 5.67e+03] (169.8 ms)
[217,   232] grad_stats: [1.44e-03 1.81e-04] (3.97e-05, 9.62e-03)
avg. loss 9.03715658e-02
time taken for epoch 0:00:53.462288
Epoch 218
[218,     0] loss: 1.011911e-01 masks: 16.0 20.0 [wd: 1.09e-01] [lr: 8.54e-04] [mem: 5.67e+03] (153.8 ms)
[218,     0] grad_stats: [6.99e-04 2.94e-04] (5.73e-05, 5.67e-03)
[218,   116] loss: 9.140024e-02 masks: 22.0 17.2 [wd: 1.10e-01] [lr: 8.54e-04] [mem: 5.67e+03] (169.1 ms)
[218,   116] grad_stats: [1.55e-03 2.43e-04] (6.83e-05, 1.70e-02)
[218,   232] loss: 9.154052e-02 masks: 21.8 17.3 [wd: 1.10e-01] [lr: 8.53e-04] [mem: 5.67e+03] (168.9 ms)
[218,   232] grad_stats: [1.12e-03 2.89e-04] (6.50e-05, 7.12e-03)
avg. loss 9.15405226e-02
time taken for epoch 0:00:54.644918
Epoch 219
[219,     0] loss: 8.496976e-02 masks: 27.0 16.0 [wd: 1.10e-01] [lr: 8.53e-04] [mem: 5.67e+03] (180.7 ms)
[219,     0] grad_stats: [3.41e-03 3.06e-04] (8.10e-05, 8.62e-03)
[219,   116] loss: 8.930894e-02 masks: 22.9 16.8 [wd: 1.10e-01] [lr: 8.52e-04] [mem: 5.67e+03] (170.8 ms)
[219,   116] grad_stats: [3.18e-03 2.75e-04] (8.31e-05, 1.25e-02)
[219,   232] loss: 9.054062e-02 masks: 22.1 17.2 [wd: 1.11e-01] [lr: 8.51e-04] [mem: 5.67e+03] (169.6 ms)
[219,   232] grad_stats: [8.84e-04 2.22e-04] (5.80e-05, 4.90e-03)
avg. loss 9.05406224e-02
time taken for epoch 0:00:53.544950
Epoch 220
[220,     0] loss: 8.465803e-02 masks: 26.0 16.0 [wd: 1.11e-01] [lr: 8.51e-04] [mem: 5.67e+03] (178.0 ms)
[220,     0] grad_stats: [3.36e-03 3.48e-04] (7.39e-05, 1.04e-02)
[220,   116] loss: 8.963666e-02 masks: 22.3 17.2 [wd: 1.11e-01] [lr: 8.51e-04] [mem: 5.67e+03] (169.9 ms)
[220,   116] grad_stats: [2.27e-03 2.59e-04] (6.06e-05, 9.84e-03)
[220,   232] loss: 9.037447e-02 masks: 22.2 17.2 [wd: 1.11e-01] [lr: 8.50e-04] [mem: 5.67e+03] (170.1 ms)
[220,   232] grad_stats: [1.01e-03 2.28e-04] (5.04e-05, 6.44e-03)
avg. loss 9.03744696e-02
	Epoch 220, KNN accuracy train: 7.14092e-01, KNN accuracy train: 5.65667e-01
time taken for epoch 0:01:36.643338
Epoch 221
[221,     0] loss: 7.440490e-02 masks: 36.0 12.0 [wd: 1.11e-01] [lr: 8.50e-04] [mem: 5.67e+03] (200.0 ms)
[221,     0] grad_stats: [8.44e-04 2.72e-04] (6.58e-05, 8.91e-03)
[221,   116] loss: 9.240210e-02 masks: 21.1 17.4 [wd: 1.11e-01] [lr: 8.49e-04] [mem: 5.67e+03] (166.1 ms)
[221,   116] grad_stats: [1.53e-03 2.00e-04] (4.46e-05, 8.53e-03)
[221,   232] loss: 9.263631e-02 masks: 21.0 17.6 [wd: 1.12e-01] [lr: 8.48e-04] [mem: 5.67e+03] (166.6 ms)
[221,   232] grad_stats: [8.45e-04 2.50e-04] (7.10e-05, 5.49e-03)
avg. loss 9.26363128e-02
time taken for epoch 0:00:52.871772
Epoch 222
[222,     0] loss: 8.050833e-02 masks: 26.0 16.0 [wd: 1.12e-01] [lr: 8.48e-04] [mem: 5.67e+03] (179.0 ms)
[222,     0] grad_stats: [7.73e-04 2.57e-04] (7.57e-05, 4.36e-03)
[222,   116] loss: 9.186729e-02 masks: 21.5 17.5 [wd: 1.12e-01] [lr: 8.47e-04] [mem: 5.67e+03] (167.9 ms)
[222,   116] grad_stats: [2.09e-03 2.76e-04] (6.39e-05, 1.05e-02)
[222,   232] loss: 9.147380e-02 masks: 21.7 17.4 [wd: 1.12e-01] [lr: 8.47e-04] [mem: 5.67e+03] (168.6 ms)
[222,   232] grad_stats: [2.47e-03 3.51e-04] (6.77e-05, 1.27e-02)
avg. loss 9.14738040e-02
time taken for epoch 0:00:53.299634
Epoch 223
[223,     0] loss: 1.028879e-01 masks: 21.0 20.0 [wd: 1.12e-01] [lr: 8.47e-04] [mem: 5.67e+03] (167.8 ms)
[223,     0] grad_stats: [9.49e-04 3.37e-04] (9.50e-05, 1.57e-02)
[223,   116] loss: 9.100387e-02 masks: 22.1 17.3 [wd: 1.13e-01] [lr: 8.46e-04] [mem: 5.67e+03] (169.4 ms)
[223,   116] grad_stats: [1.18e-03 3.00e-04] (8.21e-05, 9.82e-03)
[223,   232] loss: 9.066663e-02 masks: 22.2 17.2 [wd: 1.13e-01] [lr: 8.45e-04] [mem: 5.67e+03] (169.9 ms)
[223,   232] grad_stats: [2.05e-03 3.10e-04] (7.05e-05, 1.67e-02)
avg. loss 9.06666282e-02
time taken for epoch 0:00:53.551775
Epoch 224
[224,     0] loss: 7.938986e-02 masks: 33.0 12.0 [wd: 1.13e-01] [lr: 8.45e-04] [mem: 5.67e+03] (191.4 ms)
[224,     0] grad_stats: [1.25e-03 3.35e-04] (8.16e-05, 5.99e-03)
[224,   116] loss: 9.075413e-02 masks: 22.2 17.2 [wd: 1.13e-01] [lr: 8.44e-04] [mem: 5.67e+03] (174.0 ms)
[224,   116] grad_stats: [2.31e-03 2.63e-04] (6.65e-05, 1.21e-02)
[224,   232] loss: 9.175213e-02 masks: 21.6 17.4 [wd: 1.14e-01] [lr: 8.43e-04] [mem: 5.67e+03] (192.5 ms)
[224,   232] grad_stats: [4.19e-03 2.99e-04] (7.21e-05, 1.64e-02)
avg. loss 9.17521269e-02
time taken for epoch 0:00:58.943897
Epoch 225
[225,     0] loss: 1.028238e-01 masks: 19.0 20.0 [wd: 1.14e-01] [lr: 8.43e-04] [mem: 5.67e+03] (272.2 ms)
[225,     0] grad_stats: [4.34e-03 3.17e-04] (6.28e-05, 1.58e-02)
[225,   116] loss: 9.199076e-02 masks: 21.6 17.5 [wd: 1.14e-01] [lr: 8.43e-04] [mem: 5.67e+03] (276.8 ms)
[225,   116] grad_stats: [1.25e-03 2.87e-04] (9.21e-05, 6.23e-03)
[225,   232] loss: 9.136243e-02 masks: 21.8 17.3 [wd: 1.14e-01] [lr: 8.42e-04] [mem: 5.67e+03] (246.9 ms)
[225,   232] grad_stats: [1.86e-03 2.87e-04] (7.52e-05, 9.96e-03)
avg. loss 9.13624314e-02
time taken for epoch 0:01:12.042696
Epoch 226
[226,     0] loss: 1.049162e-01 masks: 12.0 20.0 [wd: 1.14e-01] [lr: 8.42e-04] [mem: 5.67e+03] (234.7 ms)
[226,     0] grad_stats: [2.06e-03 2.90e-04] (7.30e-05, 8.59e-03)
[226,   116] loss: 9.262515e-02 masks: 21.2 17.4 [wd: 1.15e-01] [lr: 8.41e-04] [mem: 5.67e+03] (274.3 ms)
[226,   116] grad_stats: [2.87e-03 3.22e-04] (6.01e-05, 1.16e-02)
[226,   232] loss: 9.169250e-02 masks: 21.7 17.4 [wd: 1.15e-01] [lr: 8.40e-04] [mem: 5.67e+03] (257.7 ms)
[226,   232] grad_stats: [8.47e-04 2.38e-04] (5.54e-05, 6.36e-03)
avg. loss 9.16924958e-02
time taken for epoch 0:01:14.497244
Epoch 227
[227,     0] loss: 9.743020e-02 masks: 18.0 20.0 [wd: 1.15e-01] [lr: 8.40e-04] [mem: 5.67e+03] (274.6 ms)
[227,     0] grad_stats: [1.43e-03 2.95e-04] (7.32e-05, 1.26e-02)
[227,   116] loss: 9.169367e-02 masks: 22.1 17.2 [wd: 1.15e-01] [lr: 8.39e-04] [mem: 5.67e+03] (278.3 ms)
[227,   116] grad_stats: [4.05e-03 3.61e-04] (7.31e-05, 1.10e-02)
[227,   232] loss: 9.067801e-02 masks: 22.7 16.9 [wd: 1.15e-01] [lr: 8.39e-04] [mem: 5.67e+03] (265.7 ms)
[227,   232] grad_stats: [1.22e-03 2.07e-04] (6.23e-05, 8.99e-03)
avg. loss 9.06780126e-02
time taken for epoch 0:01:16.554475
Epoch 228
[228,     0] loss: 8.363213e-02 masks: 24.0 16.0 [wd: 1.15e-01] [lr: 8.39e-04] [mem: 5.67e+03] (271.1 ms)
[228,     0] grad_stats: [1.19e-03 2.71e-04] (5.03e-05, 5.43e-03)
[228,   116] loss: 9.107235e-02 masks: 22.1 17.3 [wd: 1.16e-01] [lr: 8.38e-04] [mem: 5.67e+03] (277.9 ms)
[228,   116] grad_stats: [1.79e-03 3.30e-04] (7.33e-05, 2.56e-02)
[228,   232] loss: 9.174724e-02 masks: 21.8 17.4 [wd: 1.16e-01] [lr: 8.37e-04] [mem: 5.67e+03] (265.3 ms)
[228,   232] grad_stats: [3.01e-03 3.37e-04] (7.13e-05, 1.23e-02)
avg. loss 9.17472374e-02
time taken for epoch 0:01:16.433444
Epoch 229
[229,     0] loss: 9.110836e-02 masks: 24.0 16.0 [wd: 1.16e-01] [lr: 8.37e-04] [mem: 5.67e+03] (207.1 ms)
[229,     0] grad_stats: [2.21e-03 4.03e-04] (8.90e-05, 1.29e-02)
[229,   116] loss: 9.148005e-02 masks: 22.0 17.4 [wd: 1.16e-01] [lr: 8.36e-04] [mem: 5.67e+03] (237.5 ms)
[229,   116] grad_stats: [9.68e-04 3.10e-04] (7.82e-05, 2.34e-02)
[229,   232] loss: 9.160654e-02 masks: 22.0 17.4 [wd: 1.17e-01] [lr: 8.35e-04] [mem: 5.67e+03] (258.5 ms)
[229,   232] grad_stats: [8.93e-04 3.62e-04] (8.54e-05, 9.63e-03)
avg. loss 9.16065419e-02
time taken for epoch 0:01:14.764324
Epoch 230
[230,     0] loss: 9.058645e-02 masks: 28.0 16.0 [wd: 1.17e-01] [lr: 8.35e-04] [mem: 5.67e+03] (216.4 ms)
[230,     0] grad_stats: [1.63e-03 2.50e-04] (6.29e-05, 8.64e-03)
[230,   116] loss: 9.110715e-02 masks: 22.0 17.2 [wd: 1.17e-01] [lr: 8.34e-04] [mem: 5.67e+03] (233.1 ms)
[230,   116] grad_stats: [4.23e-03 4.30e-04] (1.10e-04, 2.33e-02)
[230,   232] loss: 9.144182e-02 masks: 22.1 17.2 [wd: 1.17e-01] [lr: 8.34e-04] [mem: 5.67e+03] (255.8 ms)
[230,   232] grad_stats: [1.46e-03 3.99e-04] (6.74e-05, 1.28e-02)
avg. loss 9.14418231e-02
time taken for epoch 0:01:14.075734
Epoch 231
[231,     0] loss: 9.912637e-02 masks: 18.0 20.0 [wd: 1.17e-01] [lr: 8.34e-04] [mem: 5.67e+03] (185.8 ms)
[231,     0] grad_stats: [2.68e-03 3.52e-04] (5.01e-05, 1.01e-02)
[231,   116] loss: 9.040934e-02 masks: 22.2 17.2 [wd: 1.18e-01] [lr: 8.33e-04] [mem: 5.67e+03] (210.2 ms)
[231,   116] grad_stats: [1.85e-03 2.90e-04] (7.06e-05, 1.03e-02)
[231,   232] loss: 9.097243e-02 masks: 22.1 17.2 [wd: 1.18e-01] [lr: 8.32e-04] [mem: 5.67e+03] (243.7 ms)
[231,   232] grad_stats: [1.46e-03 3.45e-04] (6.05e-05, 1.33e-02)
avg. loss 9.09724256e-02
time taken for epoch 0:01:11.304813
Epoch 232
[232,     0] loss: 1.013124e-01 masks: 17.0 20.0 [wd: 1.18e-01] [lr: 8.32e-04] [mem: 5.67e+03] (274.5 ms)
[232,     0] grad_stats: [1.13e-03 2.91e-04] (5.73e-05, 9.35e-03)
[232,   116] loss: 8.994072e-02 masks: 22.7 17.3 [wd: 1.18e-01] [lr: 8.31e-04] [mem: 5.67e+03] (223.5 ms)
[232,   116] grad_stats: [3.71e-03 2.90e-04] (6.65e-05, 1.59e-02)
[232,   232] loss: 9.062181e-02 masks: 22.5 17.3 [wd: 1.19e-01] [lr: 8.30e-04] [mem: 5.67e+03] (245.9 ms)
[232,   232] grad_stats: [3.46e-03 3.30e-04] (7.32e-05, 9.06e-03)
avg. loss 9.06218060e-02
time taken for epoch 0:01:11.741660
Epoch 233
[233,     0] loss: 8.885904e-02 masks: 25.0 16.0 [wd: 1.19e-01] [lr: 8.30e-04] [mem: 5.67e+03] (312.3 ms)
[233,     0] grad_stats: [3.82e-03 3.41e-04] (7.56e-05, 7.93e-03)
[233,   116] loss: 9.274994e-02 masks: 21.5 17.4 [wd: 1.19e-01] [lr: 8.29e-04] [mem: 5.67e+03] (241.8 ms)
[233,   116] grad_stats: [1.89e-03 2.68e-04] (6.01e-05, 1.23e-02)
[233,   232] loss: 9.233280e-02 masks: 21.8 17.3 [wd: 1.19e-01] [lr: 8.29e-04] [mem: 5.67e+03] (243.5 ms)
[233,   232] grad_stats: [1.71e-03 2.79e-04] (7.75e-05, 7.01e-03)
avg. loss 9.23327974e-02
time taken for epoch 0:01:11.191090
Epoch 234
[234,     0] loss: 9.350330e-02 masks: 22.0 20.0 [wd: 1.19e-01] [lr: 8.29e-04] [mem: 5.67e+03] (308.7 ms)
[234,     0] grad_stats: [5.04e-03 3.14e-04] (7.26e-05, 1.10e-02)
[234,   116] loss: 9.240925e-02 masks: 21.8 17.3 [wd: 1.19e-01] [lr: 8.28e-04] [mem: 5.67e+03] (266.3 ms)
[234,   116] grad_stats: [1.15e-03 4.09e-04] (9.53e-05, 1.56e-02)
[234,   232] loss: 9.173849e-02 masks: 21.8 17.2 [wd: 1.20e-01] [lr: 8.27e-04] [mem: 5.67e+03] (233.4 ms)
[234,   232] grad_stats: [2.55e-03 2.94e-04] (7.54e-05, 7.02e-03)
avg. loss 9.17384909e-02
time taken for epoch 0:01:08.868370
Epoch 235
[235,     0] loss: 7.176556e-02 masks: 33.0 12.0 [wd: 1.20e-01] [lr: 8.27e-04] [mem: 5.67e+03] (314.3 ms)
[235,     0] grad_stats: [1.64e-03 2.55e-04] (6.87e-05, 8.79e-03)
[235,   116] loss: 9.058957e-02 masks: 22.4 17.1 [wd: 1.20e-01] [lr: 8.26e-04] [mem: 5.67e+03] (278.8 ms)
[235,   116] grad_stats: [1.31e-03 3.51e-04] (7.71e-05, 6.72e-03)
[235,   232] loss: 9.146003e-02 masks: 22.1 17.2 [wd: 1.20e-01] [lr: 8.25e-04] [mem: 5.67e+03] (279.6 ms)
[235,   232] grad_stats: [2.33e-03 2.78e-04] (7.86e-05, 5.21e-03)
avg. loss 9.14600335e-02
time taken for epoch 0:01:19.697671
Epoch 236
[236,     0] loss: 9.018547e-02 masks: 20.0 20.0 [wd: 1.20e-01] [lr: 8.25e-04] [mem: 5.67e+03] (259.6 ms)
[236,     0] grad_stats: [2.03e-03 2.88e-04] (7.91e-05, 1.09e-02)
[236,   116] loss: 9.008334e-02 masks: 22.7 16.9 [wd: 1.21e-01] [lr: 8.24e-04] [mem: 5.67e+03] (280.4 ms)
[236,   116] grad_stats: [9.92e-04 2.49e-04] (7.29e-05, 8.79e-03)
[236,   232] loss: 9.143606e-02 masks: 22.1 17.3 [wd: 1.21e-01] [lr: 8.24e-04] [mem: 5.67e+03] (279.0 ms)
[236,   232] grad_stats: [1.64e-03 2.86e-04] (6.66e-05, 1.08e-02)
avg. loss 9.14360588e-02
time taken for epoch 0:01:19.742768
Epoch 237
[237,     0] loss: 1.023754e-01 masks: 14.0 20.0 [wd: 1.21e-01] [lr: 8.24e-04] [mem: 5.67e+03] (261.0 ms)
[237,     0] grad_stats: [3.45e-03 2.99e-04] (7.66e-05, 8.88e-03)
[237,   116] loss: 9.290737e-02 masks: 21.5 17.5 [wd: 1.21e-01] [lr: 8.23e-04] [mem: 5.67e+03] (276.1 ms)
[237,   116] grad_stats: [1.27e-03 2.64e-04] (6.93e-05, 7.89e-03)
[237,   232] loss: 9.284943e-02 masks: 21.5 17.4 [wd: 1.22e-01] [lr: 8.22e-04] [mem: 5.67e+03] (273.0 ms)
[237,   232] grad_stats: [3.34e-03 3.02e-04] (7.91e-05, 9.43e-03)
avg. loss 9.28494279e-02
time taken for epoch 0:01:18.321949
Epoch 238
[238,     0] loss: 9.326292e-02 masks: 20.0 16.0 [wd: 1.22e-01] [lr: 8.22e-04] [mem: 5.67e+03] (257.4 ms)
[238,     0] grad_stats: [2.33e-03 3.11e-04] (6.29e-05, 9.59e-03)
[238,   116] loss: 9.094876e-02 masks: 22.5 17.0 [wd: 1.22e-01] [lr: 8.21e-04] [mem: 5.67e+03] (279.2 ms)
[238,   116] grad_stats: [1.74e-03 3.84e-04] (6.71e-05, 1.31e-02)
[238,   232] loss: 9.072928e-02 masks: 22.7 16.9 [wd: 1.22e-01] [lr: 8.20e-04] [mem: 5.67e+03] (273.8 ms)
[238,   232] grad_stats: [7.57e-04 3.13e-04] (7.58e-05, 1.07e-02)
avg. loss 9.07292839e-02
time taken for epoch 0:01:18.432212
Epoch 239
[239,     0] loss: 1.145762e-01 masks: 14.0 20.0 [wd: 1.22e-01] [lr: 8.20e-04] [mem: 5.67e+03] (261.3 ms)
[239,     0] grad_stats: [1.02e-03 3.73e-04] (6.66e-05, 8.02e-03)
[239,   116] loss: 9.063740e-02 masks: 22.9 16.9 [wd: 1.23e-01] [lr: 8.19e-04] [mem: 5.67e+03] (281.3 ms)
[239,   116] grad_stats: [1.59e-03 2.86e-04] (6.33e-05, 2.84e-02)
[239,   232] loss: 9.140694e-02 masks: 22.2 17.2 [wd: 1.23e-01] [lr: 8.19e-04] [mem: 5.67e+03] (270.5 ms)
[239,   232] grad_stats: [1.73e-03 3.87e-04] (7.22e-05, 1.97e-02)
avg. loss 9.14069440e-02
time taken for epoch 0:01:17.704472
Epoch 240
[240,     0] loss: 9.558019e-02 masks: 22.0 20.0 [wd: 1.23e-01] [lr: 8.19e-04] [mem: 5.67e+03] (172.9 ms)
[240,     0] grad_stats: [2.12e-03 3.16e-04] (8.13e-05, 1.13e-02)
[240,   116] loss: 9.237734e-02 masks: 21.5 17.4 [wd: 1.23e-01] [lr: 8.18e-04] [mem: 5.67e+03] (227.5 ms)
[240,   116] grad_stats: [1.46e-03 2.60e-04] (5.60e-05, 1.94e-02)
[240,   232] loss: 9.174542e-02 masks: 22.1 17.2 [wd: 1.24e-01] [lr: 8.17e-04] [mem: 5.67e+03] (254.4 ms)
[240,   232] grad_stats: [9.22e-04 2.69e-04] (6.97e-05, 4.49e-03)
avg. loss 9.17454247e-02
	Epoch 240, KNN accuracy train: 7.09943e-01, KNN accuracy train: 5.69667e-01
time taken for epoch 0:02:02.000315
Epoch 241
[241,     0] loss: 9.557177e-02 masks: 19.0 20.0 [wd: 1.24e-01] [lr: 8.17e-04] [mem: 5.67e+03] (257.6 ms)
[241,     0] grad_stats: [1.81e-03 3.04e-04] (7.69e-05, 2.45e-02)
[241,   116] loss: 9.166663e-02 masks: 22.4 17.0 [wd: 1.24e-01] [lr: 8.16e-04] [mem: 5.67e+03] (246.5 ms)
[241,   116] grad_stats: [1.48e-03 2.92e-04] (4.82e-05, 8.02e-03)
[241,   232] loss: 9.129718e-02 masks: 22.4 17.0 [wd: 1.24e-01] [lr: 8.15e-04] [mem: 5.67e+03] (245.2 ms)
[241,   232] grad_stats: [8.20e-04 3.43e-04] (6.51e-05, 9.75e-03)
avg. loss 9.12971823e-02
time taken for epoch 0:01:11.589985
Epoch 242
[242,     0] loss: 1.021742e-01 masks: 17.0 20.0 [wd: 1.24e-01] [lr: 8.15e-04] [mem: 5.67e+03] (282.2 ms)
[242,     0] grad_stats: [1.34e-03 3.32e-04] (8.13e-05, 1.16e-02)
[242,   116] loss: 9.109550e-02 masks: 22.0 16.9 [wd: 1.25e-01] [lr: 8.14e-04] [mem: 5.67e+03] (267.8 ms)
[242,   116] grad_stats: [2.93e-03 3.16e-04] (8.34e-05, 1.16e-02)
[242,   232] loss: 9.165861e-02 masks: 21.9 17.0 [wd: 1.25e-01] [lr: 8.13e-04] [mem: 5.67e+03] (242.6 ms)
[242,   232] grad_stats: [1.70e-03 2.21e-04] (5.54e-05, 8.90e-03)
avg. loss 9.16586064e-02
time taken for epoch 0:01:10.928480
Epoch 243
[243,     0] loss: 8.731701e-02 masks: 19.0 20.0 [wd: 1.25e-01] [lr: 8.13e-04] [mem: 5.67e+03] (276.1 ms)
[243,     0] grad_stats: [1.53e-03 2.93e-04] (7.04e-05, 5.91e-03)
[243,   116] loss: 9.158397e-02 masks: 22.0 17.3 [wd: 1.25e-01] [lr: 8.13e-04] [mem: 5.67e+03] (277.0 ms)
[243,   116] grad_stats: [1.65e-03 3.00e-04] (7.41e-05, 9.39e-03)
[243,   232] loss: 9.149432e-02 masks: 22.1 17.2 [wd: 1.25e-01] [lr: 8.12e-04] [mem: 5.67e+03] (246.0 ms)
[243,   232] grad_stats: [1.19e-03 4.43e-04] (9.86e-05, 1.77e-02)
avg. loss 9.14943169e-02
time taken for epoch 0:01:11.801172
Epoch 244
[244,     0] loss: 9.883180e-02 masks: 20.0 16.0 [wd: 1.25e-01] [lr: 8.12e-04] [mem: 5.67e+03] (292.0 ms)
[244,     0] grad_stats: [2.73e-03 2.94e-04] (6.76e-05, 6.88e-03)
[244,   116] loss: 9.337060e-02 masks: 21.4 17.3 [wd: 1.26e-01] [lr: 8.11e-04] [mem: 5.67e+03] (274.2 ms)
[244,   116] grad_stats: [8.14e-04 3.21e-04] (7.21e-05, 1.02e-02)
[244,   232] loss: 9.214186e-02 masks: 21.8 17.2 [wd: 1.26e-01] [lr: 8.10e-04] [mem: 5.67e+03] (257.5 ms)
[244,   232] grad_stats: [1.47e-03 4.05e-04] (8.36e-05, 1.56e-02)
avg. loss 9.21418608e-02
time taken for epoch 0:01:14.493165
Epoch 245
[245,     0] loss: 8.957620e-02 masks: 19.0 20.0 [wd: 1.26e-01] [lr: 8.10e-04] [mem: 5.67e+03] (164.2 ms)
[245,     0] grad_stats: [8.39e-04 2.66e-04] (8.34e-05, 1.06e-02)
[245,   116] loss: 9.189032e-02 masks: 21.8 17.4 [wd: 1.26e-01] [lr: 8.09e-04] [mem: 5.67e+03] (236.6 ms)
[245,   116] grad_stats: [1.41e-03 4.66e-04] (8.46e-05, 1.44e-02)
[245,   232] loss: 9.184740e-02 masks: 21.8 17.2 [wd: 1.27e-01] [lr: 8.08e-04] [mem: 5.67e+03] (256.9 ms)
[245,   232] grad_stats: [1.61e-03 5.01e-04] (6.66e-05, 2.68e-02)
avg. loss 9.18473971e-02
time taken for epoch 0:01:14.311147
Epoch 246
[246,     0] loss: 9.778693e-02 masks: 16.0 20.0 [wd: 1.27e-01] [lr: 8.08e-04] [mem: 5.67e+03] (178.8 ms)
[246,     0] grad_stats: [1.82e-03 2.96e-04] (6.72e-05, 9.15e-03)
[246,   116] loss: 9.170959e-02 masks: 22.2 17.1 [wd: 1.27e-01] [lr: 8.07e-04] [mem: 5.67e+03] (222.6 ms)
[246,   116] grad_stats: [1.36e-03 2.72e-04] (4.89e-05, 1.15e-02)
[246,   232] loss: 9.167153e-02 masks: 22.1 17.2 [wd: 1.27e-01] [lr: 8.06e-04] [mem: 5.67e+03] (250.1 ms)
[246,   232] grad_stats: [1.66e-03 3.50e-04] (7.66e-05, 1.06e-02)
avg. loss 9.16715342e-02
time taken for epoch 0:01:12.780047
Epoch 247
[247,     0] loss: 8.272513e-02 masks: 25.0 16.0 [wd: 1.27e-01] [lr: 8.06e-04] [mem: 5.67e+03] (270.2 ms)
[247,     0] grad_stats: [2.32e-03 2.88e-04] (6.15e-05, 2.03e-02)
[247,   116] loss: 9.303220e-02 masks: 21.6 17.5 [wd: 1.28e-01] [lr: 8.06e-04] [mem: 5.67e+03] (207.8 ms)
[247,   116] grad_stats: [6.78e-04 2.81e-04] (6.68e-05, 7.44e-03)
[247,   232] loss: 9.185351e-02 masks: 21.9 17.4 [wd: 1.28e-01] [lr: 8.05e-04] [mem: 5.67e+03] (243.7 ms)
[247,   232] grad_stats: [2.25e-03 2.94e-04] (6.31e-05, 8.45e-03)
avg. loss 9.18535060e-02
time taken for epoch 0:01:11.227892
Epoch 248
[248,     0] loss: 1.015223e-01 masks: 17.0 16.0 [wd: 1.28e-01] [lr: 8.05e-04] [mem: 5.67e+03] (250.9 ms)
[248,     0] grad_stats: [1.89e-03 3.17e-04] (7.88e-05, 1.01e-02)
[248,   116] loss: 9.329926e-02 masks: 21.1 17.5 [wd: 1.28e-01] [lr: 8.04e-04] [mem: 5.67e+03] (228.5 ms)
[248,   116] grad_stats: [1.64e-03 2.85e-04] (6.81e-05, 7.62e-03)
[248,   232] loss: 9.261258e-02 masks: 21.6 17.4 [wd: 1.29e-01] [lr: 8.03e-04] [mem: 5.67e+03] (241.6 ms)
[248,   232] grad_stats: [4.14e-03 4.52e-04] (7.52e-05, 1.00e-02)
avg. loss 9.26125796e-02
time taken for epoch 0:01:10.779950
Epoch 249
[249,     0] loss: 8.475798e-02 masks: 23.0 16.0 [wd: 1.29e-01] [lr: 8.03e-04] [mem: 5.67e+03] (264.5 ms)
[249,     0] grad_stats: [1.11e-03 3.73e-04] (9.27e-05, 1.24e-02)
[249,   116] loss: 9.120076e-02 masks: 22.3 17.0 [wd: 1.29e-01] [lr: 8.02e-04] [mem: 5.67e+03] (256.2 ms)
[249,   116] grad_stats: [2.01e-03 3.27e-04] (7.02e-05, 1.87e-02)
[249,   232] loss: 9.220557e-02 masks: 21.8 17.4 [wd: 1.29e-01] [lr: 8.01e-04] [mem: 5.67e+03] (242.2 ms)
[249,   232] grad_stats: [1.32e-03 3.67e-04] (7.60e-05, 1.16e-02)
avg. loss 9.22055656e-02
time taken for epoch 0:01:11.714138
Epoch 250
[250,     0] loss: 7.744995e-02 masks: 36.0 12.0 [wd: 1.29e-01] [lr: 8.01e-04] [mem: 5.67e+03] (310.7 ms)
[250,     0] grad_stats: [2.02e-03 2.72e-04] (6.32e-05, 5.08e-03)
[250,   116] loss: 9.179582e-02 masks: 22.1 17.1 [wd: 1.30e-01] [lr: 8.00e-04] [mem: 5.67e+03] (276.6 ms)
[250,   116] grad_stats: [1.33e-03 3.50e-04] (8.41e-05, 2.59e-02)
[250,   232] loss: 9.143370e-02 masks: 22.3 17.0 [wd: 1.30e-01] [lr: 7.99e-04] [mem: 5.67e+03] (240.3 ms)
[250,   232] grad_stats: [1.80e-03 2.79e-04] (5.91e-05, 8.83e-03)
avg. loss 9.14336960e-02
time taken for epoch 0:01:10.343526
Epoch 251
[251,     0] loss: 1.040998e-01 masks: 14.0 20.0 [wd: 1.30e-01] [lr: 7.99e-04] [mem: 5.67e+03] (236.5 ms)
[251,     0] grad_stats: [1.09e-03 2.89e-04] (7.11e-05, 5.51e-03)
[251,   116] loss: 9.339311e-02 masks: 21.1 17.6 [wd: 1.30e-01] [lr: 7.99e-04] [mem: 5.67e+03] (273.8 ms)
[251,   116] grad_stats: [2.19e-03 3.75e-04] (6.74e-05, 1.58e-02)
[251,   232] loss: 9.326851e-02 masks: 21.2 17.5 [wd: 1.31e-01] [lr: 7.98e-04] [mem: 5.67e+03] (274.5 ms)
[251,   232] grad_stats: [9.66e-04 3.33e-04] (8.11e-05, 1.76e-02)
avg. loss 9.32685083e-02
time taken for epoch 0:01:18.491808
Epoch 252
[252,     0] loss: 8.608607e-02 masks: 22.0 16.0 [wd: 1.31e-01] [lr: 7.98e-04] [mem: 5.67e+03] (302.5 ms)
[252,     0] grad_stats: [1.13e-03 3.21e-04] (7.33e-05, 1.28e-02)
[252,   116] loss: 9.165164e-02 masks: 22.3 17.2 [wd: 1.31e-01] [lr: 7.97e-04] [mem: 5.67e+03] (279.6 ms)
[252,   116] grad_stats: [3.95e-03 3.06e-04] (7.05e-05, 8.80e-03)
[252,   232] loss: 9.062352e-02 masks: 22.7 17.1 [wd: 1.31e-01] [lr: 7.96e-04] [mem: 5.67e+03] (281.2 ms)
[252,   232] grad_stats: [7.62e-04 3.62e-04] (6.87e-05, 1.55e-02)
avg. loss 9.06235174e-02
time taken for epoch 0:01:20.195035
Epoch 253
[253,     0] loss: 8.311145e-02 masks: 28.0 16.0 [wd: 1.31e-01] [lr: 7.96e-04] [mem: 5.67e+03] (319.0 ms)
[253,     0] grad_stats: [9.65e-04 3.63e-04] (6.99e-05, 1.09e-02)
[253,   116] loss: 9.266997e-02 masks: 22.2 17.2 [wd: 1.32e-01] [lr: 7.95e-04] [mem: 5.67e+03] (278.7 ms)
[253,   116] grad_stats: [1.53e-03 3.94e-04] (7.25e-05, 1.20e-02)
[253,   232] loss: 9.242080e-02 masks: 22.2 17.1 [wd: 1.32e-01] [lr: 7.94e-04] [mem: 5.67e+03] (278.2 ms)
[253,   232] grad_stats: [2.52e-03 2.88e-04] (7.22e-05, 1.92e-02)
avg. loss 9.24207964e-02
time taken for epoch 0:01:19.551184
Epoch 254
[254,     0] loss: 1.039468e-01 masks: 21.0 20.0 [wd: 1.32e-01] [lr: 7.94e-04] [mem: 5.67e+03] (295.7 ms)
[254,     0] grad_stats: [1.95e-03 3.15e-04] (8.11e-05, 2.87e-02)
[254,   116] loss: 9.203011e-02 masks: 22.2 17.2 [wd: 1.32e-01] [lr: 7.93e-04] [mem: 5.67e+03] (278.1 ms)
[254,   116] grad_stats: [2.90e-03 3.47e-04] (7.94e-05, 1.45e-02)
[254,   232] loss: 9.255778e-02 masks: 21.8 17.4 [wd: 1.33e-01] [lr: 7.92e-04] [mem: 5.67e+03] (273.3 ms)
[254,   232] grad_stats: [1.41e-03 4.73e-04] (8.19e-05, 2.56e-02)
avg. loss 9.25577822e-02
time taken for epoch 0:01:18.349912
Epoch 255
[255,     0] loss: 8.437634e-02 masks: 21.0 16.0 [wd: 1.33e-01] [lr: 7.92e-04] [mem: 5.67e+03] (255.2 ms)
[255,     0] grad_stats: [2.38e-03 3.71e-04] (8.12e-05, 2.92e-02)
[255,   116] loss: 9.125584e-02 masks: 22.4 17.1 [wd: 1.33e-01] [lr: 7.91e-04] [mem: 5.67e+03] (278.2 ms)
[255,   116] grad_stats: [4.91e-03 4.67e-04] (9.11e-05, 3.06e-02)
[255,   232] loss: 9.165608e-02 masks: 22.2 17.0 [wd: 1.33e-01] [lr: 7.91e-04] [mem: 5.67e+03] (271.1 ms)
[255,   232] grad_stats: [2.01e-03 3.71e-04] (7.31e-05, 1.14e-02)
avg. loss 9.16560778e-02
time taken for epoch 0:01:17.807630
Epoch 256
[256,     0] loss: 9.725764e-02 masks: 21.0 16.0 [wd: 1.33e-01] [lr: 7.91e-04] [mem: 5.67e+03] (165.1 ms)
[256,     0] grad_stats: [1.50e-03 3.08e-04] (7.38e-05, 1.15e-02)
[256,   116] loss: 9.260129e-02 masks: 21.8 17.2 [wd: 1.34e-01] [lr: 7.90e-04] [mem: 5.67e+03] (214.8 ms)
[256,   116] grad_stats: [8.03e-04 3.36e-04] (6.95e-05, 1.31e-02)
[256,   232] loss: 9.280221e-02 masks: 21.6 17.3 [wd: 1.34e-01] [lr: 7.89e-04] [mem: 5.67e+03] (245.0 ms)
[256,   232] grad_stats: [8.52e-04 2.62e-04] (5.59e-05, 8.23e-03)
avg. loss 9.28022104e-02
time taken for epoch 0:01:11.476698
Epoch 257
[257,     0] loss: 7.633702e-02 masks: 34.0 12.0 [wd: 1.34e-01] [lr: 7.89e-04] [mem: 5.67e+03] (331.7 ms)
[257,     0] grad_stats: [1.58e-03 2.85e-04] (6.72e-05, 1.13e-02)
[257,   116] loss: 9.176201e-02 masks: 21.8 17.5 [wd: 1.34e-01] [lr: 7.88e-04] [mem: 5.67e+03] (211.9 ms)
[257,   116] grad_stats: [2.04e-03 4.51e-04] (7.51e-05, 9.02e-03)
[257,   232] loss: 9.199051e-02 masks: 21.7 17.4 [wd: 1.35e-01] [lr: 7.87e-04] [mem: 5.67e+03] (242.1 ms)
[257,   232] grad_stats: [2.08e-03 2.87e-04] (6.54e-05, 3.00e-02)
avg. loss 9.19905101e-02
time taken for epoch 0:01:10.763972
Epoch 258
[258,     0] loss: 1.015668e-01 masks: 17.0 16.0 [wd: 1.35e-01] [lr: 7.87e-04] [mem: 5.67e+03] (248.6 ms)
[258,     0] grad_stats: [2.65e-03 3.20e-04] (7.47e-05, 9.92e-03)
[258,   116] loss: 9.243902e-02 masks: 21.8 17.4 [wd: 1.35e-01] [lr: 7.86e-04] [mem: 5.67e+03] (236.5 ms)
[258,   116] grad_stats: [1.57e-03 2.72e-04] (6.54e-05, 1.12e-02)
[258,   232] loss: 9.224489e-02 masks: 22.0 17.3 [wd: 1.35e-01] [lr: 7.85e-04] [mem: 5.67e+03] (243.4 ms)
[258,   232] grad_stats: [2.12e-03 2.42e-04] (6.13e-05, 1.93e-02)
avg. loss 9.22448862e-02
time taken for epoch 0:01:11.173342
Epoch 259
[259,     0] loss: 8.767293e-02 masks: 24.0 16.0 [wd: 1.35e-01] [lr: 7.85e-04] [mem: 5.67e+03] (280.7 ms)
[259,     0] grad_stats: [2.70e-03 2.91e-04] (7.41e-05, 1.36e-02)
[259,   116] loss: 9.239364e-02 masks: 22.2 17.2 [wd: 1.36e-01] [lr: 7.84e-04] [mem: 5.67e+03] (261.8 ms)
[259,   116] grad_stats: [1.43e-03 2.57e-04] (7.30e-05, 1.98e-02)
[259,   232] loss: 9.223433e-02 masks: 22.1 17.1 [wd: 1.36e-01] [lr: 7.83e-04] [mem: 5.67e+03] (244.4 ms)
[259,   232] grad_stats: [2.87e-03 3.68e-04] (7.52e-05, 1.68e-02)
avg. loss 9.22343316e-02
time taken for epoch 0:01:11.435083
Epoch 260
[260,     0] loss: 8.739682e-02 masks: 24.0 16.0 [wd: 1.36e-01] [lr: 7.83e-04] [mem: 5.67e+03] (303.2 ms)
[260,     0] grad_stats: [2.62e-03 2.71e-04] (6.45e-05, 8.67e-03)
[260,   116] loss: 9.107384e-02 masks: 22.5 17.3 [wd: 1.36e-01] [lr: 7.82e-04] [mem: 5.67e+03] (280.3 ms)
[260,   116] grad_stats: [1.75e-03 2.55e-04] (6.35e-05, 4.81e-03)
[260,   232] loss: 9.164353e-02 masks: 22.1 17.3 [wd: 1.37e-01] [lr: 7.81e-04] [mem: 5.67e+03] (244.4 ms)
[260,   232] grad_stats: [1.67e-03 2.69e-04] (7.41e-05, 1.42e-02)
avg. loss 9.16435324e-02
	Epoch 260, KNN accuracy train: 7.15737e-01, KNN accuracy train: 5.76667e-01
time taken for epoch 0:02:03.941300
Epoch 261
[261,     0] loss: 8.523272e-02 masks: 22.0 16.0 [wd: 1.37e-01] [lr: 7.81e-04] [mem: 5.67e+03] (192.1 ms)
[261,     0] grad_stats: [1.63e-03 2.60e-04] (6.64e-05, 2.76e-02)
[261,   116] loss: 9.207192e-02 masks: 21.9 17.2 [wd: 1.37e-01] [lr: 7.81e-04] [mem: 5.67e+03] (226.2 ms)
[261,   116] grad_stats: [1.43e-03 2.73e-04] (6.75e-05, 2.26e-02)
[261,   232] loss: 9.166514e-02 masks: 22.0 17.3 [wd: 1.37e-01] [lr: 7.80e-04] [mem: 5.67e+03] (252.7 ms)
[261,   232] grad_stats: [2.36e-03 3.14e-04] (8.06e-05, 8.29e-03)
avg. loss 9.16651368e-02
time taken for epoch 0:01:13.159785
Epoch 262
[262,     0] loss: 9.475354e-02 masks: 20.0 16.0 [wd: 1.37e-01] [lr: 7.80e-04] [mem: 5.67e+03] (286.1 ms)
[262,     0] grad_stats: [2.11e-03 3.22e-04] (8.70e-05, 1.61e-02)
[262,   116] loss: 9.208127e-02 masks: 21.5 17.5 [wd: 1.38e-01] [lr: 7.79e-04] [mem: 5.67e+03] (207.4 ms)
[262,   116] grad_stats: [3.26e-03 3.08e-04] (6.16e-05, 1.62e-02)
[262,   232] loss: 9.199261e-02 masks: 21.7 17.4 [wd: 1.38e-01] [lr: 7.78e-04] [mem: 5.67e+03] (243.2 ms)
[262,   232] grad_stats: [1.97e-03 2.75e-04] (7.26e-05, 8.13e-03)
avg. loss 9.19926114e-02
time taken for epoch 0:01:11.053922
Epoch 263
[263,     0] loss: 8.748100e-02 masks: 23.0 16.0 [wd: 1.38e-01] [lr: 7.78e-04] [mem: 5.67e+03] (299.8 ms)
[263,     0] grad_stats: [1.45e-03 3.69e-04] (8.22e-05, 7.59e-03)
[263,   116] loss: 9.112139e-02 masks: 22.4 17.0 [wd: 1.38e-01] [lr: 7.77e-04] [mem: 5.67e+03] (226.0 ms)
[263,   116] grad_stats: [2.58e-03 3.09e-04] (7.80e-05, 8.65e-03)
[263,   232] loss: 9.154026e-02 masks: 22.0 17.2 [wd: 1.39e-01] [lr: 7.76e-04] [mem: 5.67e+03] (243.5 ms)
[263,   232] grad_stats: [3.46e-03 4.36e-04] (8.52e-05, 1.10e-02)
avg. loss 9.15402615e-02
time taken for epoch 0:01:11.257984
Epoch 264
[264,     0] loss: 6.891905e-02 masks: 33.0 12.0 [wd: 1.39e-01] [lr: 7.76e-04] [mem: 5.67e+03] (304.1 ms)
[264,     0] grad_stats: [2.64e-03 3.26e-04] (8.11e-05, 1.40e-02)
[264,   116] loss: 9.295294e-02 masks: 21.3 17.4 [wd: 1.39e-01] [lr: 7.75e-04] [mem: 5.67e+03] (246.1 ms)
[264,   116] grad_stats: [9.21e-04 3.48e-04] (7.02e-05, 1.77e-02)
[264,   232] loss: 9.232198e-02 masks: 21.5 17.4 [wd: 1.39e-01] [lr: 7.74e-04] [mem: 5.67e+03] (242.0 ms)
[264,   232] grad_stats: [1.73e-03 2.84e-04] (8.30e-05, 1.78e-02)
avg. loss 9.23219848e-02
time taken for epoch 0:01:10.903393
Epoch 265
[265,     0] loss: 8.867656e-02 masks: 21.0 16.0 [wd: 1.39e-01] [lr: 7.74e-04] [mem: 5.67e+03] (290.3 ms)
[265,     0] grad_stats: [2.60e-03 2.89e-04] (8.14e-05, 1.38e-02)
[265,   116] loss: 9.201218e-02 masks: 22.1 17.2 [wd: 1.40e-01] [lr: 7.73e-04] [mem: 5.67e+03] (272.8 ms)
[265,   116] grad_stats: [1.42e-03 4.21e-04] (8.48e-05, 1.25e-02)
[265,   232] loss: 9.208841e-02 masks: 21.7 17.5 [wd: 1.40e-01] [lr: 7.72e-04] [mem: 5.67e+03] (242.6 ms)
[265,   232] grad_stats: [1.07e-03 3.71e-04] (7.60e-05, 1.13e-02)
avg. loss 9.20884073e-02
time taken for epoch 0:01:10.983093
Epoch 266
[266,     0] loss: 1.042062e-01 masks: 18.0 20.0 [wd: 1.40e-01] [lr: 7.72e-04] [mem: 5.67e+03] (289.4 ms)
[266,     0] grad_stats: [1.68e-03 2.94e-04] (7.54e-05, 1.57e-02)
[266,   116] loss: 9.193086e-02 masks: 21.4 17.7 [wd: 1.40e-01] [lr: 7.71e-04] [mem: 5.67e+03] (274.9 ms)
[266,   116] grad_stats: [1.59e-03 3.19e-04] (6.89e-05, 1.82e-02)
[266,   232] loss: 9.202166e-02 masks: 21.5 17.6 [wd: 1.41e-01] [lr: 7.70e-04] [mem: 5.67e+03] (248.3 ms)
[266,   232] grad_stats: [1.90e-03 3.33e-04] (8.12e-05, 7.37e-03)
avg. loss 9.20216615e-02
time taken for epoch 0:01:12.321196
Epoch 267
[267,     0] loss: 7.960718e-02 masks: 28.0 16.0 [wd: 1.41e-01] [lr: 7.70e-04] [mem: 5.67e+03] (214.7 ms)
[267,     0] grad_stats: [8.32e-04 3.45e-04] (6.60e-05, 1.78e-02)
[267,   116] loss: 9.158723e-02 masks: 21.9 17.3 [wd: 1.41e-01] [lr: 7.69e-04] [mem: 5.67e+03] (254.6 ms)
[267,   116] grad_stats: [2.84e-03 4.33e-04] (8.28e-05, 1.78e-02)
[267,   232] loss: 9.209361e-02 masks: 21.8 17.3 [wd: 1.41e-01] [lr: 7.69e-04] [mem: 5.67e+03] (266.3 ms)
[267,   232] grad_stats: [9.80e-04 3.30e-04] (7.33e-05, 1.39e-02)
avg. loss 9.20936138e-02
time taken for epoch 0:01:16.583570
Epoch 268
[268,     0] loss: 1.040559e-01 masks: 18.0 20.0 [wd: 1.41e-01] [lr: 7.69e-04] [mem: 5.67e+03] (185.5 ms)
[268,     0] grad_stats: [1.93e-03 4.13e-04] (6.99e-05, 2.45e-02)
[268,   116] loss: 9.120184e-02 masks: 22.3 17.2 [wd: 1.42e-01] [lr: 7.68e-04] [mem: 5.67e+03] (266.3 ms)
[268,   116] grad_stats: [1.98e-03 3.98e-04] (8.20e-05, 1.31e-02)
[268,   232] loss: 9.134150e-02 masks: 22.4 17.2 [wd: 1.42e-01] [lr: 7.67e-04] [mem: 5.67e+03] (273.8 ms)
[268,   232] grad_stats: [1.93e-03 3.53e-04] (6.50e-05, 8.76e-03)
avg. loss 9.13414956e-02
time taken for epoch 0:01:18.410947
Epoch 269
[269,     0] loss: 8.212141e-02 masks: 25.0 16.0 [wd: 1.42e-01] [lr: 7.67e-04] [mem: 5.67e+03] (312.9 ms)
[269,     0] grad_stats: [2.64e-03 2.59e-04] (5.46e-05, 1.51e-02)
[269,   116] loss: 9.104622e-02 masks: 22.2 17.3 [wd: 1.42e-01] [lr: 7.66e-04] [mem: 5.67e+03] (278.8 ms)
[269,   116] grad_stats: [8.05e-04 3.51e-04] (6.83e-05, 8.55e-03)
[269,   232] loss: 9.164178e-02 masks: 22.1 17.3 [wd: 1.43e-01] [lr: 7.65e-04] [mem: 5.67e+03] (278.2 ms)
[269,   232] grad_stats: [2.36e-03 3.26e-04] (7.05e-05, 1.39e-02)
avg. loss 9.16417834e-02
time taken for epoch 0:01:19.478261
Epoch 270
[270,     0] loss: 8.651653e-02 masks: 33.0 12.0 [wd: 1.43e-01] [lr: 7.65e-04] [mem: 5.67e+03] (329.2 ms)
[270,     0] grad_stats: [9.10e-04 3.05e-04] (6.26e-05, 2.40e-02)
[270,   116] loss: 9.188598e-02 masks: 22.1 17.2 [wd: 1.43e-01] [lr: 7.64e-04] [mem: 5.67e+03] (277.1 ms)
[270,   116] grad_stats: [2.16e-03 2.81e-04] (6.56e-05, 1.99e-02)
[270,   232] loss: 9.192351e-02 masks: 22.2 17.3 [wd: 1.43e-01] [lr: 7.63e-04] [mem: 5.67e+03] (278.2 ms)
[270,   232] grad_stats: [1.10e-03 4.87e-04] (8.23e-05, 8.32e-03)
avg. loss 9.19235110e-02
time taken for epoch 0:01:19.545277
Epoch 271
[271,     0] loss: 8.636054e-02 masks: 19.0 20.0 [wd: 1.43e-01] [lr: 7.63e-04] [mem: 5.67e+03] (197.3 ms)
[271,     0] grad_stats: [1.44e-03 3.21e-04] (7.34e-05, 1.12e-02)
[271,   116] loss: 9.155869e-02 masks: 21.9 17.3 [wd: 1.44e-01] [lr: 7.62e-04] [mem: 5.67e+03] (203.1 ms)
[271,   116] grad_stats: [2.08e-03 3.37e-04] (6.45e-05, 1.01e-02)
[271,   232] loss: 9.077732e-02 masks: 22.5 17.1 [wd: 1.44e-01] [lr: 7.61e-04] [mem: 5.67e+03] (227.8 ms)
[271,   232] grad_stats: [1.63e-03 5.56e-04] (8.78e-05, 1.80e-02)
avg. loss 9.07773167e-02
time taken for epoch 0:01:07.653756
Epoch 272
[272,     0] loss: 9.283395e-02 masks: 20.0 20.0 [wd: 1.44e-01] [lr: 7.61e-04] [mem: 5.67e+03] (289.8 ms)
[272,     0] grad_stats: [2.09e-03 3.97e-04] (7.00e-05, 2.76e-02)
[272,   116] loss: 9.119028e-02 masks: 22.3 17.2 [wd: 1.44e-01] [lr: 7.60e-04] [mem: 5.67e+03] (257.5 ms)
[272,   116] grad_stats: [2.02e-03 2.89e-04] (6.03e-05, 1.63e-02)
[272,   232] loss: 9.088811e-02 masks: 22.5 17.1 [wd: 1.45e-01] [lr: 7.59e-04] [mem: 5.67e+03] (241.1 ms)
[272,   232] grad_stats: [3.98e-03 3.13e-04] (7.37e-05, 2.58e-02)
avg. loss 9.08881119e-02
time taken for epoch 0:01:10.646637
Epoch 273
[273,     0] loss: 9.418645e-02 masks: 23.0 16.0 [wd: 1.45e-01] [lr: 7.59e-04] [mem: 5.67e+03] (295.9 ms)
[273,     0] grad_stats: [1.26e-03 2.99e-04] (7.08e-05, 1.06e-02)
[273,   116] loss: 9.191117e-02 masks: 22.1 17.2 [wd: 1.45e-01] [lr: 7.58e-04] [mem: 5.67e+03] (277.6 ms)
[273,   116] grad_stats: [1.17e-03 2.38e-04] (5.93e-05, 1.38e-02)
[273,   232] loss: 9.234540e-02 masks: 21.8 17.4 [wd: 1.45e-01] [lr: 7.57e-04] [mem: 5.67e+03] (239.6 ms)
[273,   232] grad_stats: [1.35e-03 5.43e-04] (8.69e-05, 6.88e-03)
avg. loss 9.23453968e-02
time taken for epoch 0:01:10.291441
Epoch 274
[274,     0] loss: 9.144802e-02 masks: 20.0 16.0 [wd: 1.45e-01] [lr: 7.57e-04] [mem: 5.67e+03] (255.0 ms)
[274,     0] grad_stats: [2.20e-03 4.24e-04] (7.67e-05, 3.13e-02)
[274,   116] loss: 9.157752e-02 masks: 22.6 17.0 [wd: 1.46e-01] [lr: 7.56e-04] [mem: 5.67e+03] (279.4 ms)
[274,   116] grad_stats: [7.61e-04 3.83e-04] (7.44e-05, 8.24e-03)
[274,   232] loss: 9.105199e-02 masks: 22.8 17.0 [wd: 1.46e-01] [lr: 7.55e-04] [mem: 5.67e+03] (259.9 ms)
[274,   232] grad_stats: [1.04e-03 3.78e-04] (8.86e-05, 3.32e-02)
avg. loss 9.10519926e-02
time taken for epoch 0:01:15.062125
Epoch 275
[275,     0] loss: 1.005805e-01 masks: 25.0 16.0 [wd: 1.46e-01] [lr: 7.55e-04] [mem: 5.67e+03] (290.4 ms)
[275,     0] grad_stats: [2.68e-03 3.73e-04] (8.73e-05, 1.21e-02)
[275,   116] loss: 9.178033e-02 masks: 21.4 17.4 [wd: 1.46e-01] [lr: 7.54e-04] [mem: 5.67e+03] (274.0 ms)
[275,   116] grad_stats: [1.32e-03 3.33e-04] (7.92e-05, 9.62e-03)
[275,   232] loss: 9.095866e-02 masks: 22.1 17.2 [wd: 1.47e-01] [lr: 7.53e-04] [mem: 5.67e+03] (264.5 ms)
[275,   232] grad_stats: [1.12e-03 3.27e-04] (7.49e-05, 1.16e-02)
avg. loss 9.09586574e-02
time taken for epoch 0:01:16.199371
Epoch 276
[276,     0] loss: 8.040959e-02 masks: 29.0 16.0 [wd: 1.47e-01] [lr: 7.53e-04] [mem: 5.67e+03] (294.5 ms)
[276,     0] grad_stats: [1.04e-03 2.47e-04] (7.89e-05, 4.62e-03)
[276,   116] loss: 9.205826e-02 masks: 22.2 17.3 [wd: 1.47e-01] [lr: 7.52e-04] [mem: 5.67e+03] (277.9 ms)
[276,   116] grad_stats: [4.43e-03 3.19e-04] (6.88e-05, 2.21e-02)
[276,   232] loss: 9.253312e-02 masks: 21.6 17.5 [wd: 1.47e-01] [lr: 7.52e-04] [mem: 5.67e+03] (265.2 ms)
[276,   232] grad_stats: [1.43e-03 2.48e-04] (5.17e-05, 1.46e-02)
avg. loss 9.25331192e-02
time taken for epoch 0:01:16.329961
Epoch 277
[277,     0] loss: 8.026081e-02 masks: 25.0 16.0 [wd: 1.47e-01] [lr: 7.52e-04] [mem: 5.67e+03] (208.2 ms)
[277,     0] grad_stats: [7.03e-04 3.18e-04] (6.40e-05, 7.77e-03)
[277,   116] loss: 9.105171e-02 masks: 22.0 17.4 [wd: 1.48e-01] [lr: 7.51e-04] [mem: 5.67e+03] (246.8 ms)
[277,   116] grad_stats: [1.90e-03 4.30e-04] (6.82e-05, 9.90e-03)
[277,   232] loss: 9.191889e-02 masks: 21.9 17.3 [wd: 1.48e-01] [lr: 7.50e-04] [mem: 5.67e+03] (262.8 ms)
[277,   232] grad_stats: [3.35e-03 3.36e-04] (7.01e-05, 2.05e-02)
avg. loss 9.19188906e-02
time taken for epoch 0:01:15.777284
Epoch 278
[278,     0] loss: 1.081100e-01 masks: 13.0 20.0 [wd: 1.48e-01] [lr: 7.50e-04] [mem: 5.67e+03] (168.3 ms)
[278,     0] grad_stats: [1.44e-03 4.91e-04] (9.92e-05, 2.04e-02)
[278,   116] loss: 9.239689e-02 masks: 21.6 17.4 [wd: 1.49e-01] [lr: 7.49e-04] [mem: 5.67e+03] (228.5 ms)
[278,   116] grad_stats: [1.42e-03 3.85e-04] (7.91e-05, 2.06e-02)
[278,   232] loss: 9.205279e-02 masks: 21.5 17.4 [wd: 1.49e-01] [lr: 7.48e-04] [mem: 5.67e+03] (251.3 ms)
[278,   232] grad_stats: [1.16e-03 3.44e-04] (7.74e-05, 2.19e-02)
avg. loss 9.20527866e-02
time taken for epoch 0:01:13.131716
Epoch 279
[279,     0] loss: 9.804663e-02 masks: 18.0 20.0 [wd: 1.49e-01] [lr: 7.48e-04] [mem: 5.67e+03] (186.0 ms)
[279,     0] grad_stats: [1.29e-03 3.70e-04] (9.78e-05, 1.54e-02)
[279,   116] loss: 9.269105e-02 masks: 21.6 17.5 [wd: 1.49e-01] [lr: 7.47e-04] [mem: 5.67e+03] (190.7 ms)
[279,   116] grad_stats: [1.27e-03 3.64e-04] (7.22e-05, 1.98e-02)
[279,   232] loss: 9.155942e-02 masks: 22.1 17.3 [wd: 1.50e-01] [lr: 7.46e-04] [mem: 5.67e+03] (236.1 ms)
[279,   232] grad_stats: [9.66e-04 2.88e-04] (6.34e-05, 7.70e-03)
avg. loss 9.15594154e-02
time taken for epoch 0:01:09.460115
Epoch 280
[280,     0] loss: 7.820494e-02 masks: 26.0 16.0 [wd: 1.50e-01] [lr: 7.46e-04] [mem: 5.67e+03] (318.0 ms)
[280,     0] grad_stats: [1.57e-03 2.86e-04] (5.94e-05, 1.01e-02)
[280,   116] loss: 9.141074e-02 masks: 21.6 17.3 [wd: 1.50e-01] [lr: 7.45e-04] [mem: 5.67e+03] (231.2 ms)
[280,   116] grad_stats: [1.37e-03 4.49e-04] (6.73e-05, 5.06e-02)
[280,   232] loss: 9.135526e-02 masks: 21.9 17.1 [wd: 1.50e-01] [lr: 7.44e-04] [mem: 5.67e+03] (232.9 ms)
[280,   232] grad_stats: [7.79e-04 2.92e-04] (6.69e-05, 6.57e-03)
avg. loss 9.13552618e-02
	Epoch 280, KNN accuracy train: 7.15737e-01, KNN accuracy train: 5.79000e-01
time taken for epoch 0:02:02.872574
Epoch 281
[281,     0] loss: 8.736093e-02 masks: 25.0 16.0 [wd: 1.50e-01] [lr: 7.44e-04] [mem: 5.67e+03] (310.7 ms)
[281,     0] grad_stats: [1.00e-03 3.96e-04] (5.89e-05, 7.83e-03)
[281,   116] loss: 9.375936e-02 masks: 21.2 17.5 [wd: 1.51e-01] [lr: 7.43e-04] [mem: 5.67e+03] (272.9 ms)
[281,   116] grad_stats: [2.98e-03 3.49e-04] (6.77e-05, 1.30e-02)
[281,   232] loss: 9.233673e-02 masks: 21.5 17.4 [wd: 1.51e-01] [lr: 7.42e-04] [mem: 5.67e+03] (249.6 ms)
[281,   232] grad_stats: [1.03e-03 3.57e-04] (7.41e-05, 7.31e-03)
avg. loss 9.23367296e-02
time taken for epoch 0:01:12.635215
Epoch 282
[282,     0] loss: 8.697116e-02 masks: 21.0 16.0 [wd: 1.51e-01] [lr: 7.42e-04] [mem: 5.67e+03] (164.7 ms)
[282,     0] grad_stats: [2.07e-03 3.43e-04] (9.07e-05, 8.70e-03)
[282,   116] loss: 9.107719e-02 masks: 22.1 17.5 [wd: 1.51e-01] [lr: 7.41e-04] [mem: 5.67e+03] (241.5 ms)
[282,   116] grad_stats: [1.57e-03 5.43e-04] (9.05e-05, 1.04e-02)
[282,   232] loss: 9.132227e-02 masks: 21.8 17.5 [wd: 1.52e-01] [lr: 7.40e-04] [mem: 5.67e+03] (259.1 ms)
[282,   232] grad_stats: [1.71e-03 3.09e-04] (6.32e-05, 9.66e-03)
avg. loss 9.13222675e-02
time taken for epoch 0:01:14.748503
Epoch 283
[283,     0] loss: 9.902274e-02 masks: 21.0 16.0 [wd: 1.52e-01] [lr: 7.40e-04] [mem: 5.67e+03] (188.1 ms)
[283,     0] grad_stats: [2.10e-03 3.96e-04] (8.58e-05, 1.08e-02)
[283,   116] loss: 9.127824e-02 masks: 22.1 17.1 [wd: 1.52e-01] [lr: 7.39e-04] [mem: 5.67e+03] (233.5 ms)
[283,   116] grad_stats: [1.90e-03 4.75e-04] (7.80e-05, 1.27e-02)
[283,   232] loss: 9.173462e-02 masks: 21.8 17.3 [wd: 1.52e-01] [lr: 7.38e-04] [mem: 5.67e+03] (254.6 ms)
[283,   232] grad_stats: [1.22e-03 3.26e-04] (6.25e-05, 1.27e-02)
avg. loss 9.17346153e-02
time taken for epoch 0:01:13.918670
Epoch 284
[284,     0] loss: 8.876367e-02 masks: 24.0 16.0 [wd: 1.52e-01] [lr: 7.38e-04] [mem: 5.67e+03] (199.4 ms)
[284,     0] grad_stats: [1.76e-03 3.40e-04] (7.50e-05, 6.58e-03)
[284,   116] loss: 9.206527e-02 masks: 21.7 17.3 [wd: 1.53e-01] [lr: 7.37e-04] [mem: 5.67e+03] (208.6 ms)
[284,   116] grad_stats: [8.84e-04 3.89e-04] (7.37e-05, 1.33e-02)
[284,   232] loss: 9.160908e-02 masks: 22.1 17.1 [wd: 1.53e-01] [lr: 7.36e-04] [mem: 5.67e+03] (244.5 ms)
[284,   232] grad_stats: [7.62e-04 2.90e-04] (7.90e-05, 9.51e-03)
avg. loss 9.16090837e-02
time taken for epoch 0:01:11.494416
Epoch 285
[285,     0] loss: 9.421013e-02 masks: 19.0 20.0 [wd: 1.53e-01] [lr: 7.36e-04] [mem: 5.67e+03] (298.3 ms)
[285,     0] grad_stats: [7.32e-04 3.50e-04] (6.60e-05, 1.27e-02)
[285,   116] loss: 9.242363e-02 masks: 21.2 17.5 [wd: 1.53e-01] [lr: 7.35e-04] [mem: 5.67e+03] (215.5 ms)
[285,   116] grad_stats: [1.26e-03 3.38e-04] (6.62e-05, 1.11e-02)
[285,   232] loss: 9.209596e-02 masks: 21.6 17.4 [wd: 1.54e-01] [lr: 7.34e-04] [mem: 5.67e+03] (240.7 ms)
[285,   232] grad_stats: [2.98e-03 3.27e-04] (8.30e-05, 2.74e-02)
avg. loss 9.20959650e-02
time taken for epoch 0:01:10.580929
Epoch 286
[286,     0] loss: 9.514845e-02 masks: 15.0 20.0 [wd: 1.54e-01] [lr: 7.34e-04] [mem: 5.67e+03] (278.6 ms)
[286,     0] grad_stats: [9.60e-04 3.32e-04] (7.13e-05, 1.82e-02)
[286,   116] loss: 9.318563e-02 masks: 20.5 17.8 [wd: 1.54e-01] [lr: 7.33e-04] [mem: 5.67e+03] (239.0 ms)
[286,   116] grad_stats: [9.01e-04 2.79e-04] (6.45e-05, 9.74e-03)
[286,   232] loss: 9.318229e-02 masks: 20.9 17.7 [wd: 1.54e-01] [lr: 7.32e-04] [mem: 5.67e+03] (239.0 ms)
[286,   232] grad_stats: [1.25e-03 5.88e-04] (8.95e-05, 1.04e-02)
avg. loss 9.31822854e-02
time taken for epoch 0:01:10.216654
Epoch 287
[287,     0] loss: 9.223971e-02 masks: 26.0 16.0 [wd: 1.54e-01] [lr: 7.32e-04] [mem: 5.67e+03] (312.7 ms)
[287,     0] grad_stats: [1.53e-03 2.94e-04] (6.16e-05, 5.17e-03)
[287,   116] loss: 9.032080e-02 masks: 22.2 17.2 [wd: 1.55e-01] [lr: 7.31e-04] [mem: 5.67e+03] (269.7 ms)
[287,   116] grad_stats: [2.97e-03 5.66e-04] (9.15e-05, 1.36e-02)
[287,   232] loss: 9.152949e-02 masks: 21.9 17.2 [wd: 1.55e-01] [lr: 7.30e-04] [mem: 5.67e+03] (235.5 ms)
[287,   232] grad_stats: [1.16e-03 3.33e-04] (5.72e-05, 1.02e-02)
avg. loss 9.15294900e-02
time taken for epoch 0:01:09.343659
Epoch 288
[288,     0] loss: 1.099357e-01 masks: 14.0 20.0 [wd: 1.55e-01] [lr: 7.30e-04] [mem: 5.67e+03] (238.5 ms)
[288,     0] grad_stats: [1.85e-03 4.12e-04] (7.32e-05, 1.15e-02)
[288,   116] loss: 9.194382e-02 masks: 21.6 17.5 [wd: 1.55e-01] [lr: 7.29e-04] [mem: 5.67e+03] (276.0 ms)
[288,   116] grad_stats: [1.44e-03 5.49e-04] (8.21e-05, 1.18e-02)
[288,   232] loss: 9.228997e-02 masks: 21.4 17.5 [wd: 1.56e-01] [lr: 7.28e-04] [mem: 5.67e+03] (275.9 ms)
[288,   232] grad_stats: [3.12e-03 5.50e-04] (9.49e-05, 1.59e-02)
avg. loss 9.22899715e-02
time taken for epoch 0:01:18.851511
Epoch 289
[289,     0] loss: 9.325865e-02 masks: 27.0 16.0 [wd: 1.56e-01] [lr: 7.28e-04] [mem: 5.67e+03] (280.7 ms)
[289,     0] grad_stats: [1.02e-03 3.53e-04] (7.85e-05, 1.53e-02)
[289,   116] loss: 9.028395e-02 masks: 22.7 16.8 [wd: 1.56e-01] [lr: 7.27e-04] [mem: 5.67e+03] (278.8 ms)
[289,   116] grad_stats: [2.01e-03 4.34e-04] (6.77e-05, 2.47e-02)
[289,   232] loss: 9.074798e-02 masks: 22.5 17.0 [wd: 1.57e-01] [lr: 7.26e-04] [mem: 5.67e+03] (279.7 ms)
[289,   232] grad_stats: [1.59e-03 3.57e-04] (7.29e-05, 1.30e-02)
avg. loss 9.07479777e-02
time taken for epoch 0:01:19.942718
Epoch 290
[290,     0] loss: 7.997978e-02 masks: 26.0 16.0 [wd: 1.57e-01] [lr: 7.26e-04] [mem: 5.67e+03] (316.5 ms)
[290,     0] grad_stats: [2.33e-03 5.26e-04] (8.91e-05, 2.42e-02)
[290,   116] loss: 9.036624e-02 masks: 22.2 17.2 [wd: 1.57e-01] [lr: 7.25e-04] [mem: 5.67e+03] (280.5 ms)
[290,   116] grad_stats: [1.47e-03 2.78e-04] (5.83e-05, 7.87e-03)
[290,   232] loss: 9.130664e-02 masks: 22.1 17.1 [wd: 1.57e-01] [lr: 7.24e-04] [mem: 5.67e+03] (275.2 ms)
[290,   232] grad_stats: [3.03e-03 3.33e-04] (7.93e-05, 1.11e-02)
avg. loss 9.13066431e-02
time taken for epoch 0:01:18.875927
Epoch 291
[291,     0] loss: 8.228600e-02 masks: 25.0 16.0 [wd: 1.57e-01] [lr: 7.24e-04] [mem: 5.67e+03] (272.2 ms)
[291,     0] grad_stats: [8.19e-04 3.51e-04] (6.27e-05, 2.00e-02)
[291,   116] loss: 9.219578e-02 masks: 21.2 17.8 [wd: 1.58e-01] [lr: 7.23e-04] [mem: 5.67e+03] (274.6 ms)
[291,   116] grad_stats: [2.32e-03 3.55e-04] (7.75e-05, 3.07e-02)
[291,   232] loss: 9.196403e-02 masks: 21.4 17.6 [wd: 1.58e-01] [lr: 7.22e-04] [mem: 5.67e+03] (269.1 ms)
[291,   232] grad_stats: [1.87e-03 2.90e-04] (6.47e-05, 1.85e-02)
avg. loss 9.19640345e-02
time taken for epoch 0:01:17.393076
Epoch 292
[292,     0] loss: 8.591840e-02 masks: 26.0 16.0 [wd: 1.58e-01] [lr: 7.22e-04] [mem: 5.67e+03] (282.2 ms)
[292,     0] grad_stats: [9.57e-04 3.57e-04] (6.66e-05, 2.26e-02)
[292,   116] loss: 9.095861e-02 masks: 21.7 17.4 [wd: 1.58e-01] [lr: 7.21e-04] [mem: 5.67e+03] (276.8 ms)
[292,   116] grad_stats: [9.48e-04 2.74e-04] (6.79e-05, 7.85e-03)
[292,   232] loss: 9.152047e-02 masks: 21.9 17.3 [wd: 1.59e-01] [lr: 7.20e-04] [mem: 5.67e+03] (269.1 ms)
[292,   232] grad_stats: [2.82e-03 5.05e-04] (8.69e-05, 1.14e-02)
avg. loss 9.15204718e-02
time taken for epoch 0:01:17.329953
Epoch 293
[293,     0] loss: 9.695987e-02 masks: 21.0 16.0 [wd: 1.59e-01] [lr: 7.20e-04] [mem: 5.67e+03] (173.3 ms)
[293,     0] grad_stats: [3.27e-03 6.56e-04] (8.93e-05, 3.85e-02)
[293,   116] loss: 9.270329e-02 masks: 21.4 17.6 [wd: 1.59e-01] [lr: 7.19e-04] [mem: 5.67e+03] (234.5 ms)
[293,   116] grad_stats: [1.14e-03 4.33e-04] (7.88e-05, 8.25e-03)
[293,   232] loss: 9.177016e-02 masks: 21.9 17.3 [wd: 1.59e-01] [lr: 7.18e-04] [mem: 5.67e+03] (257.5 ms)
[293,   232] grad_stats: [8.04e-04 3.53e-04] (8.10e-05, 1.15e-02)
avg. loss 9.17701625e-02
time taken for epoch 0:01:14.353433
Epoch 294
[294,     0] loss: 8.004184e-02 masks: 24.0 16.0 [wd: 1.59e-01] [lr: 7.18e-04] [mem: 5.67e+03] (199.1 ms)
[294,     0] grad_stats: [1.81e-03 3.97e-04] (9.15e-05, 1.43e-02)
[294,   116] loss: 9.090867e-02 masks: 22.8 16.9 [wd: 1.60e-01] [lr: 7.17e-04] [mem: 5.67e+03] (225.1 ms)
[294,   116] grad_stats: [2.40e-03 4.53e-04] (9.55e-05, 4.45e-02)
[294,   232] loss: 9.090514e-02 masks: 22.5 17.0 [wd: 1.60e-01] [lr: 7.16e-04] [mem: 5.67e+03] (252.3 ms)
[294,   232] grad_stats: [1.06e-03 3.84e-04] (8.77e-05, 1.26e-02)
avg. loss 9.09051389e-02
time taken for epoch 0:01:13.274119
Epoch 295
[295,     0] loss: 1.002906e-01 masks: 17.0 20.0 [wd: 1.60e-01] [lr: 7.16e-04] [mem: 5.67e+03] (249.4 ms)
[295,     0] grad_stats: [1.20e-03 3.75e-04] (8.06e-05, 3.81e-02)
[295,   116] loss: 9.268171e-02 masks: 21.5 17.4 [wd: 1.60e-01] [lr: 7.15e-04] [mem: 5.67e+03] (202.6 ms)
[295,   116] grad_stats: [1.51e-03 5.46e-04] (1.15e-04, 1.09e-02)
[295,   232] loss: 9.278914e-02 masks: 21.7 17.4 [wd: 1.61e-01] [lr: 7.14e-04] [mem: 5.67e+03] (234.6 ms)
[295,   232] grad_stats: [1.37e-03 4.43e-04] (7.22e-05, 2.32e-02)
avg. loss 9.27891382e-02
time taken for epoch 0:01:09.108004
Epoch 296
[296,     0] loss: 9.885854e-02 masks: 20.0 20.0 [wd: 1.61e-01] [lr: 7.14e-04] [mem: 5.67e+03] (292.0 ms)
[296,     0] grad_stats: [1.77e-03 4.21e-04] (9.27e-05, 2.53e-02)
[296,   116] loss: 9.300794e-02 masks: 21.8 17.2 [wd: 1.61e-01] [lr: 7.13e-04] [mem: 5.67e+03] (241.0 ms)
[296,   116] grad_stats: [1.28e-03 5.22e-04] (7.80e-05, 3.17e-02)
[296,   232] loss: 9.277386e-02 masks: 21.5 17.4 [wd: 1.62e-01] [lr: 7.12e-04] [mem: 5.67e+03] (240.7 ms)
[296,   232] grad_stats: [2.12e-03 3.69e-04] (8.66e-05, 8.33e-03)
avg. loss 9.27738619e-02
time taken for epoch 0:01:10.537483
Epoch 297
[297,     0] loss: 9.131553e-02 masks: 20.0 20.0 [wd: 1.62e-01] [lr: 7.12e-04] [mem: 5.67e+03] (289.8 ms)
[297,     0] grad_stats: [1.09e-03 5.16e-04] (1.01e-04, 7.94e-03)
[297,   116] loss: 9.152491e-02 masks: 21.9 17.3 [wd: 1.62e-01] [lr: 7.11e-04] [mem: 5.67e+03] (268.3 ms)
[297,   116] grad_stats: [1.25e-03 5.62e-04] (8.36e-05, 3.82e-02)
[297,   232] loss: 9.140068e-02 masks: 22.2 17.3 [wd: 1.62e-01] [lr: 7.10e-04] [mem: 5.67e+03] (245.3 ms)
[297,   232] grad_stats: [2.09e-03 3.95e-04] (8.60e-05, 4.54e-02)
avg. loss 9.14006769e-02
time taken for epoch 0:01:11.612564
Epoch 298
[298,     0] loss: 7.063413e-02 masks: 33.0 12.0 [wd: 1.62e-01] [lr: 7.10e-04] [mem: 5.67e+03] (330.2 ms)
[298,     0] grad_stats: [1.82e-03 3.74e-04] (7.95e-05, 3.45e-02)
[298,   116] loss: 9.095408e-02 masks: 22.4 17.2 [wd: 1.63e-01] [lr: 7.09e-04] [mem: 5.67e+03] (279.7 ms)
[298,   116] grad_stats: [1.12e-03 4.21e-04] (7.54e-05, 3.65e-02)
[298,   232] loss: 9.136930e-02 masks: 22.3 17.1 [wd: 1.63e-01] [lr: 7.08e-04] [mem: 5.67e+03] (246.8 ms)
[298,   232] grad_stats: [1.33e-03 5.24e-04] (9.24e-05, 1.56e-02)
avg. loss 9.13692983e-02
time taken for epoch 0:01:11.902151
Epoch 299
[299,     0] loss: 8.842628e-02 masks: 26.0 16.0 [wd: 1.63e-01] [lr: 7.08e-04] [mem: 5.67e+03] (180.3 ms)
[299,     0] grad_stats: [1.08e-03 3.89e-04] (8.54e-05, 2.45e-02)
[299,   116] loss: 9.252663e-02 masks: 21.5 17.3 [wd: 1.63e-01] [lr: 7.07e-04] [mem: 5.67e+03] (272.6 ms)
[299,   116] grad_stats: [3.27e-03 4.27e-04] (9.25e-05, 1.06e-02)
[299,   232] loss: 9.268819e-02 masks: 21.6 17.4 [wd: 1.64e-01] [lr: 7.06e-04] [mem: 5.67e+03] (274.8 ms)
[299,   232] grad_stats: [1.06e-03 3.82e-04] (8.21e-05, 1.02e-02)
avg. loss 9.26881871e-02
time taken for epoch 0:01:18.576853
Epoch 300
[300,     0] loss: 9.136056e-02 masks: 20.0 20.0 [wd: 1.64e-01] [lr: 7.06e-04] [mem: 5.67e+03] (275.1 ms)
[300,     0] grad_stats: [1.63e-03 3.62e-04] (6.21e-05, 1.05e-02)
[300,   116] loss: 9.285757e-02 masks: 21.3 17.5 [wd: 1.64e-01] [lr: 7.05e-04] [mem: 5.67e+03] (275.5 ms)
[300,   116] grad_stats: [1.13e-03 3.98e-04] (7.01e-05, 2.53e-02)
[300,   232] loss: 9.237222e-02 masks: 21.5 17.4 [wd: 1.64e-01] [lr: 7.04e-04] [mem: 5.67e+03] (276.2 ms)
[300,   232] grad_stats: [9.95e-04 3.95e-04] (1.14e-04, 3.53e-02)
avg. loss 9.23722233e-02
	Epoch 300, KNN accuracy train: 7.19099e-01, KNN accuracy train: 5.82667e-01
time taken for epoch 0:02:10.108223
Epoch 301
[301,     0] loss: 8.635890e-02 masks: 23.0 16.0 [wd: 1.64e-01] [lr: 7.04e-04] [mem: 5.67e+03] (259.8 ms)
[301,     0] grad_stats: [8.86e-04 3.17e-04] (7.23e-05, 7.60e-03)
[301,   116] loss: 9.203850e-02 masks: 21.6 17.4 [wd: 1.65e-01] [lr: 7.03e-04] [mem: 5.67e+03] (206.7 ms)
[301,   116] grad_stats: [1.31e-03 2.62e-04] (7.87e-05, 8.13e-03)
[301,   232] loss: 9.251208e-02 masks: 21.4 17.4 [wd: 1.65e-01] [lr: 7.02e-04] [mem: 5.67e+03] (239.5 ms)
[301,   232] grad_stats: [1.50e-03 2.76e-04] (6.62e-05, 1.73e-02)
avg. loss 9.25120819e-02
time taken for epoch 0:01:10.295548
Epoch 302
[302,     0] loss: 9.874987e-02 masks: 18.0 20.0 [wd: 1.65e-01] [lr: 7.02e-04] [mem: 5.67e+03] (254.0 ms)
[302,     0] grad_stats: [2.07e-03 3.69e-04] (7.99e-05, 1.69e-02)
[302,   116] loss: 9.025880e-02 masks: 22.7 17.1 [wd: 1.65e-01] [lr: 7.01e-04] [mem: 5.67e+03] (236.5 ms)
[302,   116] grad_stats: [1.63e-03 5.36e-04] (8.10e-05, 1.40e-02)
[302,   232] loss: 9.101152e-02 masks: 22.2 17.2 [wd: 1.66e-01] [lr: 7.00e-04] [mem: 5.67e+03] (244.8 ms)
[302,   232] grad_stats: [1.18e-03 2.90e-04] (9.55e-05, 1.26e-02)
avg. loss 9.10115219e-02
time taken for epoch 0:01:11.450971
Epoch 303
[303,     0] loss: 9.691740e-02 masks: 15.0 20.0 [wd: 1.66e-01] [lr: 7.00e-04] [mem: 5.67e+03] (258.7 ms)
[303,     0] grad_stats: [2.16e-03 4.50e-04] (9.71e-05, 1.61e-02)
[303,   116] loss: 9.114154e-02 masks: 21.8 17.3 [wd: 1.66e-01] [lr: 6.99e-04] [mem: 5.67e+03] (256.6 ms)
[303,   116] grad_stats: [2.83e-03 3.59e-04] (8.91e-05, 2.61e-02)
[303,   232] loss: 9.147028e-02 masks: 21.7 17.3 [wd: 1.67e-01] [lr: 6.98e-04] [mem: 5.67e+03] (230.2 ms)
[303,   232] grad_stats: [2.08e-03 3.71e-04] (8.84e-05, 2.23e-02)
avg. loss 9.14702831e-02
time taken for epoch 0:01:08.120300
Epoch 304
[304,     0] loss: 9.366608e-02 masks: 21.0 16.0 [wd: 1.67e-01] [lr: 6.98e-04] [mem: 5.67e+03] (290.0 ms)
[304,     0] grad_stats: [2.38e-03 3.57e-04] (8.36e-05, 9.22e-03)
[304,   116] loss: 9.161626e-02 masks: 21.6 17.5 [wd: 1.67e-01] [lr: 6.97e-04] [mem: 5.67e+03] (275.9 ms)
[304,   116] grad_stats: [9.42e-04 3.86e-04] (7.98e-05, 2.51e-02)
[304,   232] loss: 9.095090e-02 masks: 22.0 17.4 [wd: 1.67e-01] [lr: 6.96e-04] [mem: 5.67e+03] (278.6 ms)
[304,   232] grad_stats: [1.02e-03 3.13e-04] (8.86e-05, 1.09e-02)
avg. loss 9.09509036e-02
time taken for epoch 0:01:19.396604
Epoch 305
[305,     0] loss: 9.266108e-02 masks: 18.0 20.0 [wd: 1.67e-01] [lr: 6.96e-04] [mem: 5.67e+03] (265.8 ms)
[305,     0] grad_stats: [2.47e-03 4.11e-04] (9.69e-05, 1.50e-02)
[305,   116] loss: 9.133534e-02 masks: 22.0 17.3 [wd: 1.68e-01] [lr: 6.95e-04] [mem: 5.67e+03] (278.2 ms)
[305,   116] grad_stats: [1.06e-03 5.11e-04] (9.96e-05, 2.31e-02)
[305,   232] loss: 9.178795e-02 masks: 21.5 17.5 [wd: 1.68e-01] [lr: 6.94e-04] [mem: 5.67e+03] (275.8 ms)
[305,   232] grad_stats: [1.93e-03 3.97e-04] (9.05e-05, 1.77e-02)
avg. loss 9.17879493e-02
time taken for epoch 0:01:18.887664
Epoch 306
[306,     0] loss: 1.018675e-01 masks: 19.0 20.0 [wd: 1.68e-01] [lr: 6.94e-04] [mem: 5.67e+03] (163.9 ms)
[306,     0] grad_stats: [1.09e-03 4.14e-04] (8.06e-05, 1.60e-02)
[306,   116] loss: 9.103087e-02 masks: 21.9 17.2 [wd: 1.68e-01] [lr: 6.93e-04] [mem: 5.67e+03] (242.1 ms)
[306,   116] grad_stats: [1.59e-03 4.36e-04] (8.83e-05, 3.46e-02)
[306,   232] loss: 9.111902e-02 masks: 22.0 17.3 [wd: 1.69e-01] [lr: 6.92e-04] [mem: 5.67e+03] (261.1 ms)
[306,   232] grad_stats: [1.85e-03 3.86e-04] (9.15e-05, 2.21e-02)
avg. loss 9.11190226e-02
time taken for epoch 0:01:15.140530
Epoch 307
[307,     0] loss: 8.064989e-02 masks: 29.0 16.0 [wd: 1.69e-01] [lr: 6.92e-04] [mem: 5.67e+03] (215.6 ms)
[307,     0] grad_stats: [9.32e-04 3.15e-04] (7.59e-05, 1.35e-02)
[307,   116] loss: 9.057227e-02 masks: 22.2 17.1 [wd: 1.69e-01] [lr: 6.91e-04] [mem: 5.67e+03] (254.9 ms)
[307,   116] grad_stats: [1.24e-03 4.24e-04] (8.02e-05, 9.82e-03)
[307,   232] loss: 8.999613e-02 masks: 22.4 17.0 [wd: 1.69e-01] [lr: 6.90e-04] [mem: 5.67e+03] (268.8 ms)
[307,   232] grad_stats: [8.74e-04 3.56e-04] (8.87e-05, 2.13e-02)
avg. loss 8.99961282e-02
time taken for epoch 0:01:17.168164
Epoch 308
[308,     0] loss: 9.954143e-02 masks: 16.0 20.0 [wd: 1.69e-01] [lr: 6.90e-04] [mem: 5.67e+03] (178.2 ms)
[308,     0] grad_stats: [9.98e-04 5.08e-04] (8.25e-05, 1.53e-02)
[308,   116] loss: 9.179264e-02 masks: 21.6 17.2 [wd: 1.70e-01] [lr: 6.89e-04] [mem: 5.67e+03] (259.4 ms)
[308,   116] grad_stats: [3.13e-03 5.32e-04] (9.62e-05, 2.26e-02)
[308,   232] loss: 9.159261e-02 masks: 21.9 17.3 [wd: 1.70e-01] [lr: 6.88e-04] [mem: 5.67e+03] (269.8 ms)
[308,   232] grad_stats: [2.23e-03 3.03e-04] (8.51e-05, 1.64e-02)
avg. loss 9.15926056e-02
time taken for epoch 0:01:18.692226
Epoch 309
[309,     0] loss: 8.725965e-02 masks: 27.0 16.0 [wd: 1.70e-01] [lr: 6.88e-04] [mem: 5.67e+03] (215.5 ms)
[309,     0] grad_stats: [1.31e-03 4.61e-04] (8.08e-05, 2.28e-02)
[309,   116] loss: 9.146558e-02 masks: 21.5 17.6 [wd: 1.71e-01] [lr: 6.87e-04] [mem: 5.67e+03] (198.3 ms)
[309,   116] grad_stats: [7.29e-04 4.68e-04] (9.25e-05, 7.64e-03)
[309,   232] loss: 9.154456e-02 masks: 21.7 17.4 [wd: 1.71e-01] [lr: 6.86e-04] [mem: 5.67e+03] (210.1 ms)
[309,   232] grad_stats: [1.47e-03 3.44e-04] (8.09e-05, 1.34e-02)
avg. loss 9.15445612e-02
time taken for epoch 0:01:03.337406
Epoch 310
[310,     0] loss: 7.726173e-02 masks: 35.0 12.0 [wd: 1.71e-01] [lr: 6.86e-04] [mem: 5.67e+03] (323.8 ms)
[310,     0] grad_stats: [1.05e-03 3.66e-04] (8.60e-05, 8.95e-03)
[310,   116] loss: 9.165909e-02 masks: 21.7 17.3 [wd: 1.71e-01] [lr: 6.85e-04] [mem: 5.67e+03] (276.0 ms)
[310,   116] grad_stats: [1.82e-03 6.16e-04] (1.37e-04, 1.00e-02)
[310,   232] loss: 9.158382e-02 masks: 21.8 17.3 [wd: 1.72e-01] [lr: 6.84e-04] [mem: 5.67e+03] (242.3 ms)
[310,   232] grad_stats: [6.79e-04 2.73e-04] (7.97e-05, 1.25e-02)
avg. loss 9.15838202e-02
time taken for epoch 0:01:10.939591
Epoch 311
[311,     0] loss: 8.120228e-02 masks: 33.0 12.0 [wd: 1.72e-01] [lr: 6.84e-04] [mem: 5.67e+03] (298.5 ms)
[311,     0] grad_stats: [2.05e-03 4.01e-04] (8.23e-05, 1.11e-02)
[311,   116] loss: 9.037218e-02 masks: 22.8 16.9 [wd: 1.72e-01] [lr: 6.83e-04] [mem: 5.67e+03] (281.1 ms)
[311,   116] grad_stats: [1.21e-03 3.87e-04] (8.06e-05, 7.61e-03)
[311,   232] loss: 9.057499e-02 masks: 22.4 17.0 [wd: 1.72e-01] [lr: 6.82e-04] [mem: 5.67e+03] (256.3 ms)
[311,   232] grad_stats: [8.92e-04 3.47e-04] (1.04e-04, 7.06e-03)
avg. loss 9.05749927e-02
time taken for epoch 0:01:14.200147
Epoch 312
[312,     0] loss: 9.187447e-02 masks: 24.0 16.0 [wd: 1.72e-01] [lr: 6.82e-04] [mem: 5.67e+03] (310.3 ms)
[312,     0] grad_stats: [1.38e-03 4.07e-04] (9.22e-05, 1.71e-02)
[312,   116] loss: 9.046175e-02 masks: 22.2 17.4 [wd: 1.73e-01] [lr: 6.81e-04] [mem: 5.67e+03] (280.0 ms)
[312,   116] grad_stats: [8.81e-04 4.94e-04] (1.01e-04, 2.22e-02)
[312,   232] loss: 9.032521e-02 masks: 22.3 17.2 [wd: 1.73e-01] [lr: 6.80e-04] [mem: 5.67e+03] (263.4 ms)
[312,   232] grad_stats: [1.76e-03 4.31e-04] (1.01e-04, 1.03e-02)
avg. loss 9.03252054e-02
time taken for epoch 0:01:15.920445
Epoch 313
[313,     0] loss: 7.783643e-02 masks: 27.0 16.0 [wd: 1.73e-01] [lr: 6.80e-04] [mem: 5.67e+03] (181.9 ms)
[313,     0] grad_stats: [7.82e-04 3.71e-04] (8.08e-05, 8.84e-03)
[313,   116] loss: 9.070650e-02 masks: 21.7 17.4 [wd: 1.73e-01] [lr: 6.79e-04] [mem: 5.67e+03] (168.5 ms)
[313,   116] grad_stats: [9.62e-04 4.18e-04] (8.05e-05, 1.53e-02)
[313,   232] loss: 9.027379e-02 masks: 21.8 17.4 [wd: 1.74e-01] [lr: 6.78e-04] [mem: 5.67e+03] (169.2 ms)
[313,   232] grad_stats: [1.53e-03 4.20e-04] (7.17e-05, 1.14e-02)
avg. loss 9.02737929e-02
time taken for epoch 0:00:53.307279
Epoch 314
[314,     0] loss: 9.036390e-02 masks: 20.0 20.0 [wd: 1.74e-01] [lr: 6.78e-04] [mem: 5.67e+03] (163.1 ms)
[314,     0] grad_stats: [2.16e-03 4.46e-04] (9.38e-05, 1.20e-02)
[314,   116] loss: 9.011495e-02 masks: 22.2 17.3 [wd: 1.74e-01] [lr: 6.77e-04] [mem: 5.67e+03] (169.5 ms)
[314,   116] grad_stats: [1.48e-03 3.72e-04] (1.11e-04, 1.84e-02)
[314,   232] loss: 8.984766e-02 masks: 22.4 17.2 [wd: 1.75e-01] [lr: 6.76e-04] [mem: 5.67e+03] (170.5 ms)
[314,   232] grad_stats: [2.87e-03 3.64e-04] (7.96e-05, 1.54e-02)
avg. loss 8.98476593e-02
time taken for epoch 0:00:53.499538
Epoch 315
[315,     0] loss: 8.346953e-02 masks: 25.0 16.0 [wd: 1.75e-01] [lr: 6.76e-04] [mem: 5.67e+03] (174.0 ms)
[315,     0] grad_stats: [2.16e-03 5.18e-04] (1.02e-04, 3.72e-02)
[315,   116] loss: 8.970280e-02 masks: 23.1 16.7 [wd: 1.75e-01] [lr: 6.75e-04] [mem: 5.67e+03] (171.5 ms)
[315,   116] grad_stats: [1.91e-03 6.03e-04] (1.18e-04, 1.27e-02)
[315,   232] loss: 8.900291e-02 masks: 22.9 17.0 [wd: 1.75e-01] [lr: 6.74e-04] [mem: 5.67e+03] (171.7 ms)
[315,   232] grad_stats: [1.24e-03 4.09e-04] (1.02e-04, 9.52e-03)
avg. loss 8.90029056e-02
time taken for epoch 0:00:53.770629
Epoch 316
[316,     0] loss: 8.801415e-02 masks: 18.0 20.0 [wd: 1.75e-01] [lr: 6.74e-04] [mem: 5.67e+03] (159.4 ms)
[316,     0] grad_stats: [1.53e-03 3.28e-04] (7.36e-05, 1.08e-02)
[316,   116] loss: 9.119287e-02 masks: 21.8 17.4 [wd: 1.76e-01] [lr: 6.73e-04] [mem: 5.67e+03] (168.6 ms)
[316,   116] grad_stats: [2.00e-03 4.61e-04] (1.09e-04, 2.73e-02)
[316,   232] loss: 9.163556e-02 masks: 21.5 17.6 [wd: 1.76e-01] [lr: 6.72e-04] [mem: 5.67e+03] (168.3 ms)
[316,   232] grad_stats: [1.08e-03 4.75e-04] (8.97e-05, 2.00e-02)
avg. loss 9.16355550e-02
time taken for epoch 0:00:53.029113
Epoch 317
[317,     0] loss: 7.476976e-02 masks: 33.0 12.0 [wd: 1.76e-01] [lr: 6.72e-04] [mem: 5.67e+03] (191.4 ms)
[317,     0] grad_stats: [1.22e-03 3.52e-04] (8.02e-05, 1.29e-02)
[317,   116] loss: 9.037677e-02 masks: 22.0 17.2 [wd: 1.76e-01] [lr: 6.71e-04] [mem: 5.67e+03] (169.0 ms)
[317,   116] grad_stats: [1.77e-03 3.73e-04] (8.24e-05, 1.65e-02)
[317,   232] loss: 9.073281e-02 masks: 22.0 17.2 [wd: 1.77e-01] [lr: 6.69e-04] [mem: 5.67e+03] (169.3 ms)
[317,   232] grad_stats: [6.67e-04 5.07e-04] (1.27e-04, 8.66e-03)
avg. loss 9.07328112e-02
time taken for epoch 0:00:53.201401
Epoch 318
[318,     0] loss: 1.043897e-01 masks: 16.0 20.0 [wd: 1.77e-01] [lr: 6.69e-04] [mem: 5.67e+03] (154.3 ms)
[318,     0] grad_stats: [9.25e-04 5.90e-04] (1.37e-04, 1.35e-02)
[318,   116] loss: 8.964668e-02 masks: 22.8 16.8 [wd: 1.77e-01] [lr: 6.68e-04] [mem: 5.67e+03] (170.9 ms)
[318,   116] grad_stats: [1.90e-03 4.07e-04] (1.08e-04, 9.08e-03)
[318,   232] loss: 9.019551e-02 masks: 22.4 17.0 [wd: 1.77e-01] [lr: 6.67e-04] [mem: 5.67e+03] (170.3 ms)
[318,   232] grad_stats: [9.13e-04 3.67e-04] (9.28e-05, 1.59e-02)
avg. loss 9.01955140e-02
time taken for epoch 0:00:53.455754
Epoch 319
[319,     0] loss: 9.106837e-02 masks: 19.0 20.0 [wd: 1.77e-01] [lr: 6.67e-04] [mem: 5.67e+03] (163.6 ms)
[319,     0] grad_stats: [2.09e-03 4.52e-04] (1.12e-04, 1.27e-02)
[319,   116] loss: 9.115679e-02 masks: 21.9 17.3 [wd: 1.78e-01] [lr: 6.66e-04] [mem: 5.67e+03] (168.9 ms)
[319,   116] grad_stats: [1.40e-03 3.77e-04] (1.05e-04, 1.17e-02)
[319,   232] loss: 9.051298e-02 masks: 22.2 17.2 [wd: 1.78e-01] [lr: 6.65e-04] [mem: 5.67e+03] (170.0 ms)
[319,   232] grad_stats: [7.85e-04 5.24e-04] (1.07e-04, 9.69e-03)
avg. loss 9.05129807e-02
time taken for epoch 0:00:53.351416
Epoch 320
[320,     0] loss: 8.910769e-02 masks: 20.0 20.0 [wd: 1.78e-01] [lr: 6.65e-04] [mem: 5.67e+03] (164.6 ms)
[320,     0] grad_stats: [1.75e-03 4.45e-04] (1.06e-04, 1.14e-02)
[320,   116] loss: 9.079497e-02 masks: 21.9 17.4 [wd: 1.79e-01] [lr: 6.64e-04] [mem: 5.67e+03] (168.9 ms)
[320,   116] grad_stats: [7.56e-04 4.58e-04] (1.08e-04, 1.40e-02)
[320,   232] loss: 9.023062e-02 masks: 22.2 17.2 [wd: 1.79e-01] [lr: 6.63e-04] [mem: 5.67e+03] (170.0 ms)
[320,   232] grad_stats: [1.19e-03 3.55e-04] (9.34e-05, 1.51e-02)
avg. loss 9.02306187e-02
	Epoch 320, KNN accuracy train: 7.20315e-01, KNN accuracy train: 5.85333e-01
time taken for epoch 0:01:35.968201
Epoch 321
[321,     0] loss: 8.666383e-02 masks: 21.0 20.0 [wd: 1.79e-01] [lr: 6.63e-04] [mem: 5.67e+03] (167.5 ms)
[321,     0] grad_stats: [1.13e-03 3.25e-04] (7.07e-05, 1.83e-02)
[321,   116] loss: 9.079019e-02 masks: 21.8 17.3 [wd: 1.79e-01] [lr: 6.62e-04] [mem: 5.67e+03] (168.1 ms)
[321,   116] grad_stats: [1.29e-03 3.04e-04] (7.64e-05, 8.02e-03)
[321,   232] loss: 9.143124e-02 masks: 21.5 17.4 [wd: 1.80e-01] [lr: 6.61e-04] [mem: 5.67e+03] (167.7 ms)
[321,   232] grad_stats: [1.00e-03 4.31e-04] (8.71e-05, 1.33e-02)
avg. loss 9.14312379e-02
time taken for epoch 0:00:52.881328
Epoch 322
[322,     0] loss: 8.607229e-02 masks: 24.0 16.0 [wd: 1.80e-01] [lr: 6.61e-04] [mem: 5.67e+03] (172.7 ms)
[322,     0] grad_stats: [7.27e-04 4.76e-04] (1.00e-04, 2.40e-02)
[322,   116] loss: 9.078414e-02 masks: 21.9 17.4 [wd: 1.80e-01] [lr: 6.60e-04] [mem: 5.67e+03] (168.9 ms)
[322,   116] grad_stats: [1.61e-03 3.01e-04] (7.76e-05, 8.48e-03)
[322,   232] loss: 9.058639e-02 masks: 21.9 17.2 [wd: 1.80e-01] [lr: 6.59e-04] [mem: 5.67e+03] (169.2 ms)
[322,   232] grad_stats: [9.67e-04 3.94e-04] (9.91e-05, 7.54e-03)
avg. loss 9.05863872e-02
time taken for epoch 0:00:53.108512
Epoch 323
[323,     0] loss: 8.886869e-02 masks: 21.0 16.0 [wd: 1.80e-01] [lr: 6.59e-04] [mem: 5.67e+03] (163.2 ms)
[323,     0] grad_stats: [9.26e-04 5.11e-04] (9.92e-05, 8.31e-03)
[323,   116] loss: 8.962616e-02 masks: 22.6 16.9 [wd: 1.81e-01] [lr: 6.58e-04] [mem: 5.67e+03] (170.2 ms)
[323,   116] grad_stats: [1.37e-03 5.68e-04] (9.91e-05, 2.08e-02)
[323,   232] loss: 8.908806e-02 masks: 22.7 16.9 [wd: 1.81e-01] [lr: 6.57e-04] [mem: 5.67e+03] (171.1 ms)
[323,   232] grad_stats: [1.32e-03 3.79e-04] (9.55e-05, 1.32e-02)
avg. loss 8.90880610e-02
time taken for epoch 0:00:53.653141
Epoch 324
[324,     0] loss: 8.435433e-02 masks: 18.0 20.0 [wd: 1.81e-01] [lr: 6.57e-04] [mem: 5.67e+03] (159.7 ms)
[324,     0] grad_stats: [1.65e-03 3.52e-04] (9.50e-05, 1.65e-02)
[324,   116] loss: 9.187935e-02 masks: 21.2 17.5 [wd: 1.81e-01] [lr: 6.56e-04] [mem: 5.67e+03] (167.2 ms)
[324,   116] grad_stats: [1.18e-03 5.84e-04] (1.24e-04, 2.49e-02)
[324,   232] loss: 9.059874e-02 masks: 22.0 17.2 [wd: 1.82e-01] [lr: 6.55e-04] [mem: 5.67e+03] (169.4 ms)
[324,   232] grad_stats: [1.60e-03 3.66e-04] (9.64e-05, 2.58e-02)
avg. loss 9.05987396e-02
time taken for epoch 0:00:53.316829
Epoch 325
[325,     0] loss: 7.902582e-02 masks: 24.0 16.0 [wd: 1.82e-01] [lr: 6.55e-04] [mem: 5.67e+03] (170.7 ms)
[325,     0] grad_stats: [1.06e-03 4.05e-04] (9.64e-05, 1.93e-02)
[325,   116] loss: 8.789881e-02 masks: 22.5 16.9 [wd: 1.82e-01] [lr: 6.54e-04] [mem: 5.67e+03] (170.2 ms)
[325,   116] grad_stats: [1.40e-03 3.62e-04] (7.32e-05, 9.22e-03)
[325,   232] loss: 8.917869e-02 masks: 22.3 17.0 [wd: 1.83e-01] [lr: 6.53e-04] [mem: 5.67e+03] (200.1 ms)
[325,   232] grad_stats: [1.65e-03 4.10e-04] (8.23e-05, 1.12e-02)
avg. loss 8.91786937e-02
time taken for epoch 0:01:00.514645
Epoch 326
[326,     0] loss: 8.317476e-02 masks: 26.0 16.0 [wd: 1.83e-01] [lr: 6.53e-04] [mem: 5.67e+03] (315.5 ms)
[326,     0] grad_stats: [1.28e-03 3.63e-04] (7.49e-05, 2.04e-02)
[326,   116] loss: 8.972186e-02 masks: 22.4 17.1 [wd: 1.83e-01] [lr: 6.52e-04] [mem: 5.67e+03] (269.8 ms)
[326,   116] grad_stats: [7.97e-04 4.87e-04] (8.12e-05, 8.52e-03)
[326,   232] loss: 8.971273e-02 masks: 22.2 17.1 [wd: 1.83e-01] [lr: 6.51e-04] [mem: 5.67e+03] (244.0 ms)
[326,   232] grad_stats: [1.24e-03 4.38e-04] (9.69e-05, 1.32e-02)
avg. loss 8.97127324e-02
time taken for epoch 0:01:11.164935
Epoch 327
[327,     0] loss: 8.638245e-02 masks: 25.0 16.0 [wd: 1.83e-01] [lr: 6.51e-04] [mem: 5.67e+03] (313.1 ms)
[327,     0] grad_stats: [7.43e-04 3.75e-04] (1.09e-04, 7.79e-03)
[327,   116] loss: 8.878947e-02 masks: 22.7 16.9 [wd: 1.84e-01] [lr: 6.50e-04] [mem: 5.67e+03] (281.6 ms)
[327,   116] grad_stats: [1.35e-03 5.61e-04] (1.04e-04, 1.55e-02)
[327,   232] loss: 8.966724e-02 masks: 22.3 17.1 [wd: 1.84e-01] [lr: 6.49e-04] [mem: 5.67e+03] (249.0 ms)
[327,   232] grad_stats: [2.19e-03 4.49e-04] (9.98e-05, 1.10e-02)
avg. loss 8.96672363e-02
time taken for epoch 0:01:12.589093
Epoch 328
[328,     0] loss: 1.137399e-01 masks: 11.0 20.0 [wd: 1.84e-01] [lr: 6.49e-04] [mem: 5.67e+03] (161.7 ms)
[328,     0] grad_stats: [6.73e-04 8.30e-04] (1.15e-04, 1.08e-02)
[328,   116] loss: 9.075499e-02 masks: 22.1 17.1 [wd: 1.84e-01] [lr: 6.47e-04] [mem: 5.67e+03] (276.2 ms)
[328,   116] grad_stats: [1.52e-03 3.97e-04] (1.14e-04, 1.39e-02)
[328,   232] loss: 9.008819e-02 masks: 22.1 17.2 [wd: 1.85e-01] [lr: 6.46e-04] [mem: 5.67e+03] (285.5 ms)
[328,   232] grad_stats: [1.78e-03 3.32e-04] (8.75e-05, 9.52e-03)
avg. loss 9.00881894e-02
time taken for epoch 0:01:20.988231
Epoch 329
[329,     0] loss: 8.856574e-02 masks: 25.0 16.0 [wd: 1.85e-01] [lr: 6.46e-04] [mem: 5.67e+03] (290.9 ms)
[329,     0] grad_stats: [1.18e-03 3.81e-04] (9.05e-05, 1.67e-02)
[329,   116] loss: 9.003442e-02 masks: 22.6 17.0 [wd: 1.85e-01] [lr: 6.45e-04] [mem: 5.67e+03] (296.2 ms)
[329,   116] grad_stats: [2.24e-03 2.94e-04] (9.50e-05, 8.00e-03)
[329,   232] loss: 9.054440e-02 masks: 22.2 17.3 [wd: 1.86e-01] [lr: 6.44e-04] [mem: 5.67e+03] (283.4 ms)
[329,   232] grad_stats: [1.60e-03 5.32e-04] (1.13e-04, 3.20e-02)
avg. loss 9.05444028e-02
time taken for epoch 0:01:20.742275
Epoch 330
[330,     0] loss: 9.664604e-02 masks: 22.0 20.0 [wd: 1.86e-01] [lr: 6.44e-04] [mem: 5.67e+03] (279.5 ms)
[330,     0] grad_stats: [1.54e-03 4.01e-04] (1.12e-04, 2.74e-02)
[330,   116] loss: 9.043422e-02 masks: 21.4 17.6 [wd: 1.86e-01] [lr: 6.43e-04] [mem: 5.67e+03] (290.6 ms)
[330,   116] grad_stats: [6.06e-04 4.28e-04] (8.96e-05, 2.46e-02)
[330,   232] loss: 8.981509e-02 masks: 22.0 17.3 [wd: 1.86e-01] [lr: 6.42e-04] [mem: 5.67e+03] (270.4 ms)
[330,   232] grad_stats: [1.13e-03 7.26e-04] (1.08e-04, 1.48e-02)
avg. loss 8.98150910e-02
time taken for epoch 0:01:17.511378
Epoch 331
[331,     0] loss: 9.801050e-02 masks: 17.0 20.0 [wd: 1.86e-01] [lr: 6.42e-04] [mem: 5.67e+03] (254.3 ms)
[331,     0] grad_stats: [1.12e-03 4.06e-04] (1.14e-04, 1.54e-02)
[331,   116] loss: 8.899387e-02 masks: 22.3 17.2 [wd: 1.87e-01] [lr: 6.41e-04] [mem: 5.67e+03] (294.1 ms)
[331,   116] grad_stats: [1.09e-03 5.69e-04] (9.85e-05, 2.67e-02)
[331,   232] loss: 8.999051e-02 masks: 21.8 17.3 [wd: 1.87e-01] [lr: 6.40e-04] [mem: 5.67e+03] (264.4 ms)
[331,   232] grad_stats: [1.47e-03 3.26e-04] (8.18e-05, 1.85e-02)
avg. loss 8.99905082e-02
time taken for epoch 0:01:16.122054
Epoch 332
[332,     0] loss: 8.501031e-02 masks: 18.0 20.0 [wd: 1.87e-01] [lr: 6.40e-04] [mem: 5.67e+03] (161.6 ms)
[332,     0] grad_stats: [1.72e-03 4.81e-04] (1.21e-04, 1.26e-02)
[332,   116] loss: 9.139428e-02 masks: 21.0 17.7 [wd: 1.87e-01] [lr: 6.39e-04] [mem: 5.67e+03] (260.7 ms)
[332,   116] grad_stats: [2.46e-03 5.49e-04] (1.26e-04, 1.38e-02)
[332,   232] loss: 9.055681e-02 masks: 21.5 17.5 [wd: 1.88e-01] [lr: 6.38e-04] [mem: 5.67e+03] (269.3 ms)
[332,   232] grad_stats: [7.84e-04 3.92e-04] (9.10e-05, 1.56e-02)
avg. loss 9.05568119e-02
time taken for epoch 0:01:17.041177
Epoch 333
[333,     0] loss: 8.484501e-02 masks: 26.0 16.0 [wd: 1.88e-01] [lr: 6.38e-04] [mem: 5.67e+03] (179.8 ms)
[333,     0] grad_stats: [1.14e-03 3.45e-04] (8.91e-05, 2.31e-02)
[333,   116] loss: 8.973084e-02 masks: 21.9 17.4 [wd: 1.88e-01] [lr: 6.37e-04] [mem: 5.67e+03] (274.7 ms)
[333,   116] grad_stats: [1.30e-03 4.99e-04] (8.63e-05, 9.22e-03)
[333,   232] loss: 8.967239e-02 masks: 21.9 17.3 [wd: 1.88e-01] [lr: 6.36e-04] [mem: 5.67e+03] (276.2 ms)
[333,   232] grad_stats: [6.06e-04 5.05e-04] (8.74e-05, 1.90e-02)
avg. loss 8.96723950e-02
time taken for epoch 0:01:19.100525
Epoch 334
[334,     0] loss: 9.324161e-02 masks: 25.0 16.0 [wd: 1.88e-01] [lr: 6.36e-04] [mem: 5.67e+03] (266.7 ms)
[334,     0] grad_stats: [1.23e-03 3.98e-04] (9.80e-05, 1.71e-02)
[334,   116] loss: 8.950938e-02 masks: 22.1 17.2 [wd: 1.89e-01] [lr: 6.35e-04] [mem: 5.67e+03] (277.7 ms)
[334,   116] grad_stats: [9.78e-04 3.52e-04] (8.96e-05, 8.78e-03)
[334,   232] loss: 8.998792e-02 masks: 21.9 17.3 [wd: 1.89e-01] [lr: 6.34e-04] [mem: 5.67e+03] (277.3 ms)
[334,   232] grad_stats: [1.32e-03 5.13e-04] (9.91e-05, 1.95e-02)
avg. loss 8.99879162e-02
time taken for epoch 0:01:19.263748
Epoch 335
[335,     0] loss: 8.806533e-02 masks: 23.0 16.0 [wd: 1.89e-01] [lr: 6.34e-04] [mem: 5.67e+03] (275.4 ms)
[335,     0] grad_stats: [1.74e-03 4.54e-04] (1.09e-04, 1.01e-02)
[335,   116] loss: 9.082590e-02 masks: 20.9 17.4 [wd: 1.90e-01] [lr: 6.33e-04] [mem: 5.67e+03] (271.8 ms)
[335,   116] grad_stats: [1.27e-03 3.74e-04] (9.94e-05, 2.92e-02)
[335,   232] loss: 9.013157e-02 masks: 21.4 17.3 [wd: 1.90e-01] [lr: 6.32e-04] [mem: 5.67e+03] (275.2 ms)
[335,   232] grad_stats: [9.19e-04 3.68e-04] (7.13e-05, 8.34e-03)
avg. loss 9.01315677e-02
time taken for epoch 0:01:18.897964
Epoch 336
[336,     0] loss: 7.871331e-02 masks: 23.0 16.0 [wd: 1.90e-01] [lr: 6.32e-04] [mem: 5.67e+03] (290.9 ms)
[336,     0] grad_stats: [9.41e-04 4.43e-04] (9.44e-05, 1.93e-02)
[336,   116] loss: 8.858184e-02 masks: 22.1 17.1 [wd: 1.90e-01] [lr: 6.30e-04] [mem: 5.67e+03] (276.7 ms)
[336,   116] grad_stats: [7.60e-04 4.15e-04] (9.67e-05, 1.10e-02)
[336,   232] loss: 8.872593e-02 masks: 22.3 17.2 [wd: 1.91e-01] [lr: 6.29e-04] [mem: 5.67e+03] (276.3 ms)
[336,   232] grad_stats: [1.32e-03 4.84e-04] (1.06e-04, 4.36e-02)
avg. loss 8.87259319e-02
time taken for epoch 0:01:19.108001
Epoch 337
[337,     0] loss: 8.470748e-02 masks: 23.0 16.0 [wd: 1.91e-01] [lr: 6.29e-04] [mem: 5.67e+03] (202.0 ms)
[337,     0] grad_stats: [2.55e-03 4.41e-04] (9.84e-05, 1.08e-02)
[337,   116] loss: 8.857861e-02 masks: 22.7 17.0 [wd: 1.91e-01] [lr: 6.28e-04] [mem: 5.67e+03] (234.7 ms)
[337,   116] grad_stats: [1.30e-03 7.82e-04] (1.25e-04, 1.74e-02)
[337,   232] loss: 8.947954e-02 masks: 22.1 17.2 [wd: 1.91e-01] [lr: 6.27e-04] [mem: 5.67e+03] (263.5 ms)
[337,   232] grad_stats: [8.45e-04 5.19e-04] (1.09e-04, 8.66e-03)
avg. loss 8.94795391e-02
time taken for epoch 0:01:15.890791
Epoch 338
[338,     0] loss: 9.010440e-02 masks: 26.0 16.0 [wd: 1.91e-01] [lr: 6.27e-04] [mem: 5.67e+03] (208.6 ms)
[338,     0] grad_stats: [1.40e-03 4.04e-04] (9.25e-05, 2.31e-02)
[338,   116] loss: 8.770874e-02 masks: 23.2 16.7 [wd: 1.92e-01] [lr: 6.26e-04] [mem: 5.67e+03] (259.2 ms)
[338,   116] grad_stats: [9.24e-04 6.42e-04] (9.45e-05, 1.39e-02)
[338,   232] loss: 8.832741e-02 masks: 22.7 16.9 [wd: 1.92e-01] [lr: 6.25e-04] [mem: 5.67e+03] (276.3 ms)
[338,   232] grad_stats: [9.50e-04 6.31e-04] (1.12e-04, 2.57e-02)
avg. loss 8.83274138e-02
time taken for epoch 0:01:18.885868
Epoch 339
[339,     0] loss: 9.071439e-02 masks: 20.0 20.0 [wd: 1.92e-01] [lr: 6.25e-04] [mem: 5.67e+03] (256.4 ms)
[339,     0] grad_stats: [7.78e-04 4.84e-04] (1.11e-04, 1.69e-02)
[339,   116] loss: 8.882461e-02 masks: 22.0 17.3 [wd: 1.93e-01] [lr: 6.24e-04] [mem: 5.67e+03] (291.3 ms)
[339,   116] grad_stats: [1.13e-03 5.68e-04] (1.25e-04, 1.64e-02)
[339,   232] loss: 8.874223e-02 masks: 22.3 17.2 [wd: 1.93e-01] [lr: 6.23e-04] [mem: 5.67e+03] (293.5 ms)
[339,   232] grad_stats: [8.35e-04 5.06e-04] (9.60e-05, 8.26e-03)
avg. loss 8.87422340e-02
time taken for epoch 0:01:23.066052
Epoch 340
[340,     0] loss: 7.426921e-02 masks: 26.0 16.0 [wd: 1.93e-01] [lr: 6.23e-04] [mem: 5.67e+03] (315.3 ms)
[340,     0] grad_stats: [1.51e-03 4.60e-04] (1.01e-04, 3.91e-02)
[340,   116] loss: 9.013000e-02 masks: 21.5 17.6 [wd: 1.93e-01] [lr: 6.22e-04] [mem: 5.67e+03] (277.2 ms)
[340,   116] grad_stats: [1.04e-03 4.63e-04] (1.14e-04, 9.59e-03)
[340,   232] loss: 9.030442e-02 masks: 21.5 17.7 [wd: 1.94e-01] [lr: 6.21e-04] [mem: 5.67e+03] (272.3 ms)
[340,   232] grad_stats: [1.19e-03 5.67e-04] (9.73e-05, 6.26e-03)
avg. loss 9.03044205e-02
	Epoch 340, KNN accuracy train: 7.19313e-01, KNN accuracy train: 5.83000e-01
time taken for epoch 0:02:12.300242
Epoch 341
[341,     0] loss: 9.366649e-02 masks: 19.0 20.0 [wd: 1.94e-01] [lr: 6.21e-04] [mem: 5.67e+03] (197.5 ms)
[341,     0] grad_stats: [1.23e-03 5.67e-04] (9.50e-05, 9.90e-03)
[341,   116] loss: 8.876893e-02 masks: 22.4 17.2 [wd: 1.94e-01] [lr: 6.20e-04] [mem: 5.67e+03] (200.3 ms)
[341,   116] grad_stats: [1.09e-03 4.61e-04] (9.19e-05, 2.06e-02)
[341,   232] loss: 8.825798e-02 masks: 22.6 17.1 [wd: 1.94e-01] [lr: 6.19e-04] [mem: 5.67e+03] (214.4 ms)
[341,   232] grad_stats: [1.76e-03 3.98e-04] (8.44e-05, 2.37e-02)
avg. loss 8.82579793e-02
time taken for epoch 0:01:04.490069
Epoch 342
[342,     0] loss: 9.816556e-02 masks: 20.0 20.0 [wd: 1.94e-01] [lr: 6.19e-04] [mem: 5.67e+03] (165.1 ms)
[342,     0] grad_stats: [8.39e-04 4.81e-04] (1.19e-04, 8.20e-03)
[342,   116] loss: 8.958285e-02 masks: 21.9 17.3 [wd: 1.95e-01] [lr: 6.18e-04] [mem: 5.67e+03] (169.0 ms)
[342,   116] grad_stats: [8.62e-04 3.94e-04] (8.69e-05, 1.92e-02)
[342,   232] loss: 8.908231e-02 masks: 22.1 17.2 [wd: 1.95e-01] [lr: 6.17e-04] [mem: 5.67e+03] (169.8 ms)
[342,   232] grad_stats: [1.68e-03 5.56e-04] (9.69e-05, 9.63e-03)
avg. loss 8.90823054e-02
time taken for epoch 0:00:53.275952
Epoch 343
[343,     0] loss: 1.025638e-01 masks: 14.0 20.0 [wd: 1.95e-01] [lr: 6.17e-04] [mem: 5.67e+03] (149.7 ms)
[343,     0] grad_stats: [1.18e-03 4.36e-04] (1.03e-04, 1.02e-02)
[343,   116] loss: 8.846286e-02 masks: 22.3 17.1 [wd: 1.96e-01] [lr: 6.15e-04] [mem: 5.67e+03] (169.6 ms)
[343,   116] grad_stats: [7.59e-04 4.92e-04] (9.66e-05, 1.91e-02)
[343,   232] loss: 8.877983e-02 masks: 22.2 17.2 [wd: 1.96e-01] [lr: 6.14e-04] [mem: 5.67e+03] (169.9 ms)
[343,   232] grad_stats: [2.22e-03 5.92e-04] (9.85e-05, 1.12e-02)
avg. loss 8.87798254e-02
time taken for epoch 0:00:53.368789
Epoch 344
[344,     0] loss: 6.906241e-02 masks: 36.0 12.0 [wd: 1.96e-01] [lr: 6.14e-04] [mem: 5.67e+03] (201.2 ms)
[344,     0] grad_stats: [2.73e-03 5.18e-04] (8.79e-05, 1.23e-02)
[344,   116] loss: 8.862719e-02 masks: 22.5 17.0 [wd: 1.96e-01] [lr: 6.13e-04] [mem: 5.67e+03] (170.1 ms)
[344,   116] grad_stats: [1.10e-03 4.86e-04] (1.01e-04, 1.82e-02)
[344,   232] loss: 8.869540e-02 masks: 22.2 17.2 [wd: 1.97e-01] [lr: 6.12e-04] [mem: 5.67e+03] (170.0 ms)
[344,   232] grad_stats: [1.13e-03 4.28e-04] (8.51e-05, 2.55e-02)
avg. loss 8.86954020e-02
time taken for epoch 0:00:53.373774
Epoch 345
[345,     0] loss: 9.817170e-02 masks: 21.0 16.0 [wd: 1.97e-01] [lr: 6.12e-04] [mem: 5.67e+03] (164.2 ms)
[345,     0] grad_stats: [2.14e-03 6.22e-04] (1.28e-04, 1.44e-02)
[345,   116] loss: 8.863258e-02 masks: 21.6 17.4 [wd: 1.97e-01] [lr: 6.11e-04] [mem: 5.67e+03] (168.2 ms)
[345,   116] grad_stats: [1.05e-03 5.15e-04] (9.70e-05, 3.68e-02)
[345,   232] loss: 8.942337e-02 masks: 21.6 17.4 [wd: 1.97e-01] [lr: 6.10e-04] [mem: 5.67e+03] (168.4 ms)
[345,   232] grad_stats: [2.68e-03 4.13e-04] (1.30e-04, 9.63e-03)
avg. loss 8.94233749e-02
time taken for epoch 0:00:52.939067
Epoch 346
[346,     0] loss: 8.513705e-02 masks: 28.0 16.0 [wd: 1.97e-01] [lr: 6.10e-04] [mem: 5.67e+03] (183.4 ms)
[346,     0] grad_stats: [1.43e-03 4.97e-04] (1.22e-04, 1.22e-02)
[346,   116] loss: 8.847677e-02 masks: 22.2 17.0 [wd: 1.98e-01] [lr: 6.09e-04] [mem: 5.67e+03] (169.2 ms)
[346,   116] grad_stats: [1.28e-03 3.94e-04] (1.20e-04, 1.46e-02)
[346,   232] loss: 8.883184e-02 masks: 21.9 17.2 [wd: 1.98e-01] [lr: 6.08e-04] [mem: 5.67e+03] (168.9 ms)
[346,   232] grad_stats: [1.44e-03 4.96e-04] (1.12e-04, 2.20e-02)
avg. loss 8.88318413e-02
time taken for epoch 0:00:53.149316
Epoch 347
[347,     0] loss: 8.548071e-02 masks: 23.0 16.0 [wd: 1.98e-01] [lr: 6.08e-04] [mem: 5.67e+03] (168.5 ms)
[347,     0] grad_stats: [4.16e-03 6.17e-04] (1.14e-04, 3.87e-02)
[347,   116] loss: 8.907651e-02 masks: 21.4 17.5 [wd: 1.99e-01] [lr: 6.07e-04] [mem: 5.67e+03] (167.6 ms)
[347,   116] grad_stats: [1.56e-03 4.75e-04] (1.11e-04, 1.10e-02)
[347,   232] loss: 8.887342e-02 masks: 21.8 17.3 [wd: 1.99e-01] [lr: 6.06e-04] [mem: 5.67e+03] (168.8 ms)
[347,   232] grad_stats: [1.21e-03 4.80e-04] (1.05e-04, 2.34e-02)
avg. loss 8.88734155e-02
time taken for epoch 0:00:53.087422
Epoch 348
[348,     0] loss: 9.301800e-02 masks: 23.0 16.0 [wd: 1.99e-01] [lr: 6.06e-04] [mem: 5.67e+03] (167.2 ms)
[348,     0] grad_stats: [1.52e-03 4.79e-04] (1.05e-04, 3.50e-02)
[348,   116] loss: 8.949486e-02 masks: 21.7 17.4 [wd: 1.99e-01] [lr: 6.05e-04] [mem: 5.67e+03] (168.3 ms)
[348,   116] grad_stats: [9.80e-04 5.85e-04] (1.12e-04, 1.87e-02)
[348,   232] loss: 8.950442e-02 masks: 21.5 17.5 [wd: 2.00e-01] [lr: 6.04e-04] [mem: 5.67e+03] (168.2 ms)
[348,   232] grad_stats: [1.21e-03 3.70e-04] (9.75e-05, 1.22e-02)
avg. loss 8.95044233e-02
time taken for epoch 0:00:52.956115
Epoch 349
[349,     0] loss: 7.189826e-02 masks: 33.0 12.0 [wd: 2.00e-01] [lr: 6.04e-04] [mem: 5.67e+03] (189.9 ms)
[349,     0] grad_stats: [1.63e-03 3.85e-04] (1.08e-04, 4.02e-02)
[349,   116] loss: 8.922613e-02 masks: 21.5 17.4 [wd: 2.00e-01] [lr: 6.03e-04] [mem: 5.67e+03] (167.8 ms)
[349,   116] grad_stats: [9.68e-04 4.55e-04] (8.44e-05, 1.21e-02)
[349,   232] loss: 8.893695e-02 masks: 22.0 17.2 [wd: 2.00e-01] [lr: 6.01e-04] [mem: 5.67e+03] (169.4 ms)
[349,   232] grad_stats: [2.13e-03 4.95e-04] (1.02e-04, 4.59e-02)
avg. loss 8.89369467e-02
time taken for epoch 0:00:53.200705
Epoch 350
[350,     0] loss: 1.033526e-01 masks: 14.0 20.0 [wd: 2.00e-01] [lr: 6.01e-04] [mem: 5.67e+03] (150.1 ms)
[350,     0] grad_stats: [1.22e-03 4.80e-04] (1.00e-04, 9.60e-03)
[350,   116] loss: 8.877953e-02 masks: 22.0 17.4 [wd: 2.01e-01] [lr: 6.00e-04] [mem: 5.67e+03] (168.9 ms)
[350,   116] grad_stats: [2.52e-03 6.43e-04] (1.29e-04, 1.63e-02)
[350,   232] loss: 8.901160e-02 masks: 21.9 17.3 [wd: 2.01e-01] [lr: 5.99e-04] [mem: 5.67e+03] (169.1 ms)
[350,   232] grad_stats: [1.01e-03 5.53e-04] (1.18e-04, 1.19e-02)
avg. loss 8.90115957e-02
time taken for epoch 0:00:53.127284
Epoch 351
[351,     0] loss: 1.033437e-01 masks: 17.0 16.0 [wd: 2.01e-01] [lr: 5.99e-04] [mem: 5.67e+03] (152.9 ms)
[351,     0] grad_stats: [2.03e-03 5.04e-04] (1.15e-04, 2.01e-02)
[351,   116] loss: 8.740468e-02 masks: 22.3 17.2 [wd: 2.02e-01] [lr: 5.98e-04] [mem: 5.67e+03] (169.7 ms)
[351,   116] grad_stats: [1.46e-03 6.79e-04] (1.58e-04, 1.46e-02)
[351,   232] loss: 8.766002e-02 masks: 22.2 17.3 [wd: 2.02e-01] [lr: 5.97e-04] [mem: 5.67e+03] (170.0 ms)
[351,   232] grad_stats: [1.49e-03 4.48e-04] (1.16e-04, 1.50e-02)
avg. loss 8.76600210e-02
time taken for epoch 0:00:53.337307
Epoch 352
[352,     0] loss: 1.036263e-01 masks: 17.0 16.0 [wd: 2.02e-01] [lr: 5.97e-04] [mem: 5.67e+03] (150.0 ms)
[352,     0] grad_stats: [1.61e-03 6.47e-04] (1.20e-04, 3.15e-02)
[352,   116] loss: 8.894625e-02 masks: 21.7 17.4 [wd: 2.02e-01] [lr: 5.96e-04] [mem: 5.67e+03] (168.3 ms)
[352,   116] grad_stats: [7.85e-04 3.79e-04] (9.21e-05, 1.19e-02)
[352,   232] loss: 8.832004e-02 masks: 21.9 17.3 [wd: 2.03e-01] [lr: 5.95e-04] [mem: 5.67e+03] (169.3 ms)
[352,   232] grad_stats: [1.05e-03 8.24e-04] (1.25e-04, 1.21e-02)
avg. loss 8.83200380e-02
time taken for epoch 0:00:53.192517
Epoch 353
[353,     0] loss: 7.974845e-02 masks: 25.0 16.0 [wd: 2.03e-01] [lr: 5.95e-04] [mem: 5.67e+03] (174.4 ms)
[353,     0] grad_stats: [1.27e-03 4.60e-04] (9.18e-05, 3.16e-02)
[353,   116] loss: 8.992148e-02 masks: 21.1 17.3 [wd: 2.03e-01] [lr: 5.94e-04] [mem: 5.67e+03] (166.3 ms)
[353,   116] grad_stats: [2.04e-03 5.94e-04] (1.09e-04, 2.14e-02)
[353,   232] loss: 8.905158e-02 masks: 21.4 17.3 [wd: 2.03e-01] [lr: 5.93e-04] [mem: 5.67e+03] (167.8 ms)
[353,   232] grad_stats: [2.46e-03 6.23e-04] (1.24e-04, 1.21e-02)
avg. loss 8.90515767e-02
time taken for epoch 0:00:52.839158
Epoch 354
[354,     0] loss: 9.251504e-02 masks: 23.0 20.0 [wd: 2.03e-01] [lr: 5.93e-04] [mem: 5.67e+03] (172.2 ms)
[354,     0] grad_stats: [1.71e-03 4.81e-04] (1.63e-04, 1.08e-02)
[354,   116] loss: 8.843189e-02 masks: 21.4 17.7 [wd: 2.04e-01] [lr: 5.92e-04] [mem: 5.67e+03] (167.9 ms)
[354,   116] grad_stats: [8.86e-04 3.78e-04] (8.76e-05, 1.01e-02)
[354,   232] loss: 8.870039e-02 masks: 21.2 17.6 [wd: 2.04e-01] [lr: 5.91e-04] [mem: 5.67e+03] (167.9 ms)
[354,   232] grad_stats: [8.48e-04 4.21e-04] (9.56e-05, 2.00e-02)
avg. loss 8.87003923e-02
time taken for epoch 0:00:53.126386
Epoch 355
[355,     0] loss: 7.819833e-02 masks: 33.0 12.0 [wd: 2.04e-01] [lr: 5.91e-04] [mem: 5.67e+03] (191.4 ms)
[355,     0] grad_stats: [1.11e-03 4.60e-04] (1.10e-04, 1.80e-02)
[355,   116] loss: 8.783947e-02 masks: 22.6 17.1 [wd: 2.05e-01] [lr: 5.90e-04] [mem: 5.67e+03] (170.3 ms)
[355,   116] grad_stats: [1.27e-03 5.29e-04] (1.12e-04, 1.85e-02)
[355,   232] loss: 8.882459e-02 masks: 21.9 17.3 [wd: 2.05e-01] [lr: 5.88e-04] [mem: 5.67e+03] (169.0 ms)
[355,   232] grad_stats: [1.25e-03 4.55e-04] (9.62e-05, 2.82e-02)
avg. loss 8.88245871e-02
time taken for epoch 0:00:53.363425
Epoch 356
[356,     0] loss: 9.460967e-02 masks: 18.0 20.0 [wd: 2.05e-01] [lr: 5.88e-04] [mem: 5.67e+03] (160.7 ms)
[356,     0] grad_stats: [7.54e-04 7.22e-04] (1.34e-04, 1.81e-02)
[356,   116] loss: 8.945080e-02 masks: 21.3 17.4 [wd: 2.05e-01] [lr: 5.87e-04] [mem: 5.67e+03] (167.3 ms)
[356,   116] grad_stats: [3.51e-03 6.33e-04] (1.20e-04, 1.87e-02)
[356,   232] loss: 8.818748e-02 masks: 21.9 17.3 [wd: 2.06e-01] [lr: 5.86e-04] [mem: 5.67e+03] (169.3 ms)
[356,   232] grad_stats: [1.62e-03 4.62e-04] (9.09e-05, 1.96e-02)
avg. loss 8.81874842e-02
time taken for epoch 0:00:53.173474
Epoch 357
[357,     0] loss: 8.393328e-02 masks: 28.0 16.0 [wd: 2.06e-01] [lr: 5.86e-04] [mem: 5.67e+03] (183.6 ms)
[357,     0] grad_stats: [1.57e-03 3.41e-04] (8.20e-05, 2.60e-02)
[357,   116] loss: 8.791471e-02 masks: 22.2 17.2 [wd: 2.06e-01] [lr: 5.85e-04] [mem: 5.67e+03] (169.4 ms)
[357,   116] grad_stats: [1.06e-03 4.76e-04] (1.20e-04, 4.22e-02)
[357,   232] loss: 8.765467e-02 masks: 22.4 17.1 [wd: 2.06e-01] [lr: 5.84e-04] [mem: 5.67e+03] (170.4 ms)
[357,   232] grad_stats: [1.42e-03 5.42e-04] (1.16e-04, 3.40e-02)
avg. loss 8.76546747e-02
time taken for epoch 0:00:53.454744
Epoch 358
[358,     0] loss: 9.103050e-02 masks: 25.0 16.0 [wd: 2.06e-01] [lr: 5.84e-04] [mem: 5.67e+03] (174.5 ms)
[358,     0] grad_stats: [2.12e-03 4.31e-04] (9.06e-05, 4.55e-02)
[358,   116] loss: 8.814682e-02 masks: 22.1 17.3 [wd: 2.07e-01] [lr: 5.83e-04] [mem: 5.67e+03] (169.4 ms)
[358,   116] grad_stats: [9.51e-04 5.23e-04] (1.05e-04, 7.94e-03)
[358,   232] loss: 8.747125e-02 masks: 22.3 17.3 [wd: 2.07e-01] [lr: 5.82e-04] [mem: 5.67e+03] (170.2 ms)
[358,   232] grad_stats: [9.69e-04 5.21e-04] (1.13e-04, 9.89e-03)
avg. loss 8.74712491e-02
time taken for epoch 0:00:53.396809
Epoch 359
[359,     0] loss: 8.908525e-02 masks: 20.0 16.0 [wd: 2.07e-01] [lr: 5.82e-04] [mem: 5.67e+03] (159.3 ms)
[359,     0] grad_stats: [1.09e-03 7.53e-04] (1.34e-04, 8.58e-03)
[359,   116] loss: 8.736611e-02 masks: 22.5 17.1 [wd: 2.08e-01] [lr: 5.81e-04] [mem: 5.67e+03] (170.2 ms)
[359,   116] grad_stats: [1.48e-03 4.17e-04] (1.07e-04, 1.58e-02)
[359,   232] loss: 8.828156e-02 masks: 21.9 17.3 [wd: 2.08e-01] [lr: 5.80e-04] [mem: 5.67e+03] (169.2 ms)
[359,   232] grad_stats: [1.25e-03 4.28e-04] (1.21e-04, 2.91e-02)
avg. loss 8.82815568e-02
time taken for epoch 0:00:53.160547
Epoch 360
[360,     0] loss: 8.394037e-02 masks: 23.0 16.0 [wd: 2.08e-01] [lr: 5.80e-04] [mem: 5.67e+03] (166.7 ms)
[360,     0] grad_stats: [1.23e-03 4.39e-04] (1.34e-04, 1.15e-02)
[360,   116] loss: 8.887715e-02 masks: 21.7 17.3 [wd: 2.08e-01] [lr: 5.79e-04] [mem: 5.67e+03] (168.1 ms)
[360,   116] grad_stats: [1.45e-03 4.12e-04] (1.00e-04, 1.01e-02)
[360,   232] loss: 8.850835e-02 masks: 21.8 17.4 [wd: 2.09e-01] [lr: 5.78e-04] [mem: 5.67e+03] (169.1 ms)
[360,   232] grad_stats: [2.13e-03 4.95e-04] (1.15e-04, 1.05e-02)
avg. loss 8.85083514e-02
	Epoch 360, KNN accuracy train: 7.22031e-01, KNN accuracy train: 5.96000e-01
time taken for epoch 0:01:35.609244
Epoch 361
[361,     0] loss: 9.368700e-02 masks: 23.0 16.0 [wd: 2.09e-01] [lr: 5.78e-04] [mem: 5.67e+03] (167.6 ms)
[361,     0] grad_stats: [1.14e-03 5.05e-04] (1.12e-04, 3.26e-02)
[361,   116] loss: 8.765719e-02 masks: 22.3 17.2 [wd: 2.09e-01] [lr: 5.76e-04] [mem: 5.67e+03] (169.0 ms)
[361,   116] grad_stats: [1.28e-03 4.85e-04] (1.01e-04, 1.17e-02)
[361,   232] loss: 8.684378e-02 masks: 22.6 17.0 [wd: 2.09e-01] [lr: 5.75e-04] [mem: 5.67e+03] (170.4 ms)
[361,   232] grad_stats: [1.53e-03 4.87e-04] (1.09e-04, 1.09e-02)
avg. loss 8.68437802e-02
time taken for epoch 0:00:53.433461
Epoch 362
[362,     0] loss: 8.214790e-02 masks: 26.0 16.0 [wd: 2.09e-01] [lr: 5.75e-04] [mem: 5.67e+03] (178.0 ms)
[362,     0] grad_stats: [8.44e-04 4.79e-04] (1.14e-04, 2.37e-02)
[362,   116] loss: 8.911444e-02 masks: 21.2 17.6 [wd: 2.10e-01] [lr: 5.74e-04] [mem: 5.67e+03] (167.1 ms)
[362,   116] grad_stats: [9.91e-04 4.93e-04] (1.18e-04, 4.71e-02)
[362,   232] loss: 8.846703e-02 masks: 21.5 17.4 [wd: 2.10e-01] [lr: 5.73e-04] [mem: 5.67e+03] (168.1 ms)
[362,   232] grad_stats: [1.82e-03 4.84e-04] (1.22e-04, 2.54e-02)
avg. loss 8.84670263e-02
time taken for epoch 0:00:52.918532
Epoch 363
[363,     0] loss: 9.182192e-02 masks: 21.0 16.0 [wd: 2.10e-01] [lr: 5.73e-04] [mem: 5.67e+03] (163.9 ms)
[363,     0] grad_stats: [1.58e-03 5.94e-04] (1.41e-04, 1.22e-02)
[363,   116] loss: 8.931525e-02 masks: 21.3 17.7 [wd: 2.11e-01] [lr: 5.72e-04] [mem: 5.67e+03] (167.3 ms)
[363,   116] grad_stats: [1.16e-03 1.10e-03] (1.60e-04, 3.60e-02)
[363,   232] loss: 8.895781e-02 masks: 21.4 17.6 [wd: 2.11e-01] [lr: 5.71e-04] [mem: 5.67e+03] (167.9 ms)
[363,   232] grad_stats: [8.30e-04 4.99e-04] (1.23e-04, 2.82e-02)
avg. loss 8.89578141e-02
time taken for epoch 0:00:52.890095
Epoch 364
[364,     0] loss: 8.221054e-02 masks: 20.0 20.0 [wd: 2.11e-01] [lr: 5.71e-04] [mem: 5.67e+03] (165.8 ms)
[364,     0] grad_stats: [7.02e-04 5.81e-04] (1.19e-04, 1.29e-02)
[364,   116] loss: 8.855315e-02 masks: 21.1 17.6 [wd: 2.11e-01] [lr: 5.70e-04] [mem: 5.67e+03] (166.7 ms)
[364,   116] grad_stats: [1.25e-03 5.65e-04] (1.48e-04, 1.54e-02)
[364,   232] loss: 8.857764e-02 masks: 21.2 17.5 [wd: 2.12e-01] [lr: 5.69e-04] [mem: 5.67e+03] (167.3 ms)
[364,   232] grad_stats: [9.82e-04 4.19e-04] (1.13e-04, 9.20e-03)
avg. loss 8.85776361e-02
time taken for epoch 0:00:52.761212
Epoch 365
[365,     0] loss: 9.000815e-02 masks: 21.0 16.0 [wd: 2.12e-01] [lr: 5.69e-04] [mem: 5.67e+03] (163.9 ms)
[365,     0] grad_stats: [1.22e-03 6.16e-04] (1.39e-04, 1.45e-02)
[365,   116] loss: 8.678496e-02 masks: 22.5 17.3 [wd: 2.12e-01] [lr: 5.68e-04] [mem: 5.67e+03] (170.4 ms)
[365,   116] grad_stats: [7.90e-04 5.46e-04] (1.39e-04, 4.10e-02)
[365,   232] loss: 8.678099e-02 masks: 22.2 17.3 [wd: 2.12e-01] [lr: 5.67e-04] [mem: 5.67e+03] (170.2 ms)
[365,   232] grad_stats: [9.57e-04 7.43e-04] (1.30e-04, 1.66e-02)
avg. loss 8.67809930e-02
time taken for epoch 0:00:53.226562
Epoch 366
[366,     0] loss: 7.811012e-02 masks: 28.0 16.0 [wd: 2.12e-01] [lr: 5.67e-04] [mem: 5.67e+03] (184.6 ms)
[366,     0] grad_stats: [9.22e-04 7.04e-04] (1.36e-04, 2.01e-02)
[366,   116] loss: 8.730803e-02 masks: 22.0 17.3 [wd: 2.13e-01] [lr: 5.66e-04] [mem: 5.67e+03] (169.3 ms)
[366,   116] grad_stats: [1.50e-03 3.89e-04] (1.28e-04, 1.15e-02)
[366,   232] loss: 8.732762e-02 masks: 22.0 17.3 [wd: 2.13e-01] [lr: 5.64e-04] [mem: 5.67e+03] (169.6 ms)
[366,   232] grad_stats: [1.24e-03 6.06e-04] (1.19e-04, 1.75e-02)
avg. loss 8.73276181e-02
time taken for epoch 0:00:53.159173
Epoch 367
[367,     0] loss: 9.868947e-02 masks: 12.0 20.0 [wd: 2.13e-01] [lr: 5.64e-04] [mem: 5.67e+03] (145.0 ms)
[367,     0] grad_stats: [1.49e-03 6.50e-04] (1.30e-04, 1.61e-02)
[367,   116] loss: 8.778148e-02 masks: 22.1 17.3 [wd: 2.14e-01] [lr: 5.63e-04] [mem: 5.67e+03] (169.4 ms)
[367,   116] grad_stats: [2.09e-03 4.39e-04] (1.13e-04, 1.42e-02)
[367,   232] loss: 8.752148e-02 masks: 21.8 17.4 [wd: 2.14e-01] [lr: 5.62e-04] [mem: 5.67e+03] (169.1 ms)
[367,   232] grad_stats: [1.63e-03 5.16e-04] (1.34e-04, 2.41e-02)
avg. loss 8.75214826e-02
time taken for epoch 0:00:53.117548
Epoch 368
[368,     0] loss: 7.972053e-02 masks: 20.0 16.0 [wd: 2.14e-01] [lr: 5.62e-04] [mem: 5.67e+03] (160.9 ms)
[368,     0] grad_stats: [1.66e-03 8.44e-04] (1.46e-04, 2.53e-02)
[368,   116] loss: 8.688949e-02 masks: 22.0 17.1 [wd: 2.14e-01] [lr: 5.61e-04] [mem: 5.67e+03] (168.6 ms)
[368,   116] grad_stats: [8.44e-04 4.84e-04] (1.20e-04, 1.80e-02)
[368,   232] loss: 8.677146e-02 masks: 22.2 17.0 [wd: 2.15e-01] [lr: 5.60e-04] [mem: 5.67e+03] (169.4 ms)
[368,   232] grad_stats: [1.01e-03 4.60e-04] (1.13e-04, 2.32e-02)
avg. loss 8.67714621e-02
time taken for epoch 0:00:53.252602
Epoch 369
[369,     0] loss: 9.048280e-02 masks: 20.0 16.0 [wd: 2.15e-01] [lr: 5.60e-04] [mem: 5.67e+03] (159.7 ms)
[369,     0] grad_stats: [1.05e-03 6.38e-04] (1.34e-04, 1.71e-02)
[369,   116] loss: 8.777935e-02 masks: 21.7 17.4 [wd: 2.15e-01] [lr: 5.59e-04] [mem: 5.67e+03] (168.3 ms)
[369,   116] grad_stats: [1.66e-03 7.96e-04] (1.54e-04, 2.25e-02)
[369,   232] loss: 8.812679e-02 masks: 21.4 17.4 [wd: 2.15e-01] [lr: 5.58e-04] [mem: 5.67e+03] (168.0 ms)
[369,   232] grad_stats: [1.30e-03 5.00e-04] (1.30e-04, 1.51e-02)
avg. loss 8.81267889e-02
time taken for epoch 0:00:52.869599
Epoch 370
[370,     0] loss: 9.377514e-02 masks: 21.0 16.0 [wd: 2.15e-01] [lr: 5.58e-04] [mem: 5.67e+03] (163.7 ms)
[370,     0] grad_stats: [1.64e-03 6.71e-04] (1.30e-04, 3.17e-02)
[370,   116] loss: 8.650655e-02 masks: 22.6 16.9 [wd: 2.16e-01] [lr: 5.57e-04] [mem: 5.67e+03] (170.4 ms)
[370,   116] grad_stats: [7.21e-04 4.71e-04] (1.23e-04, 2.01e-02)
[370,   232] loss: 8.664175e-02 masks: 22.6 17.1 [wd: 2.16e-01] [lr: 5.56e-04] [mem: 5.67e+03] (171.0 ms)
[370,   232] grad_stats: [9.14e-04 4.29e-04] (1.31e-04, 1.39e-02)
avg. loss 8.66417461e-02
time taken for epoch 0:00:53.417736
Epoch 371
[371,     0] loss: 9.643043e-02 masks: 22.0 20.0 [wd: 2.16e-01] [lr: 5.56e-04] [mem: 5.67e+03] (171.6 ms)
[371,     0] grad_stats: [1.09e-03 7.55e-04] (1.20e-04, 2.09e-02)
[371,   116] loss: 8.653195e-02 masks: 22.1 17.1 [wd: 2.17e-01] [lr: 5.55e-04] [mem: 5.67e+03] (169.0 ms)
[371,   116] grad_stats: [6.70e-04 5.34e-04] (1.32e-04, 1.20e-02)
[371,   232] loss: 8.663748e-02 masks: 22.2 17.2 [wd: 2.17e-01] [lr: 5.53e-04] [mem: 5.67e+03] (169.9 ms)
[371,   232] grad_stats: [1.05e-03 4.23e-04] (1.20e-04, 8.59e-03)
avg. loss 8.66374847e-02
time taken for epoch 0:00:53.368677
Epoch 372
[372,     0] loss: 9.273922e-02 masks: 18.0 20.0 [wd: 2.17e-01] [lr: 5.53e-04] [mem: 5.67e+03] (159.9 ms)
[372,     0] grad_stats: [1.46e-03 5.39e-04] (1.28e-04, 9.47e-03)
[372,   116] loss: 8.634122e-02 masks: 22.4 17.2 [wd: 2.17e-01] [lr: 5.52e-04] [mem: 5.67e+03] (170.2 ms)
[372,   116] grad_stats: [7.67e-04 6.20e-04] (9.28e-05, 8.77e-03)
[372,   232] loss: 8.707305e-02 masks: 22.1 17.3 [wd: 2.18e-01] [lr: 5.51e-04] [mem: 5.67e+03] (169.6 ms)
[372,   232] grad_stats: [1.22e-03 5.99e-04] (1.24e-04, 2.25e-02)
avg. loss 8.70730531e-02
time taken for epoch 0:00:53.360087
Epoch 373
[373,     0] loss: 8.785863e-02 masks: 17.0 20.0 [wd: 2.18e-01] [lr: 5.51e-04] [mem: 5.67e+03] (154.8 ms)
[373,     0] grad_stats: [9.39e-04 6.84e-04] (1.02e-04, 2.25e-02)
[373,   116] loss: 8.766362e-02 masks: 22.0 17.1 [wd: 2.18e-01] [lr: 5.50e-04] [mem: 5.67e+03] (168.8 ms)
[373,   116] grad_stats: [2.11e-03 9.61e-04] (1.33e-04, 2.85e-02)
[373,   232] loss: 8.687154e-02 masks: 22.3 16.9 [wd: 2.18e-01] [lr: 5.49e-04] [mem: 5.67e+03] (169.8 ms)
[373,   232] grad_stats: [1.08e-03 7.72e-04] (1.32e-04, 1.59e-02)
avg. loss 8.68715397e-02
time taken for epoch 0:00:53.387006
Epoch 374
[374,     0] loss: 9.210512e-02 masks: 17.0 20.0 [wd: 2.18e-01] [lr: 5.49e-04] [mem: 5.67e+03] (156.2 ms)
[374,     0] grad_stats: [1.12e-03 8.04e-04] (1.43e-04, 1.92e-02)
[374,   116] loss: 8.783954e-02 masks: 21.6 17.4 [wd: 2.19e-01] [lr: 5.48e-04] [mem: 5.67e+03] (168.0 ms)
[374,   116] grad_stats: [1.79e-03 4.54e-04] (1.00e-04, 2.11e-02)
[374,   232] loss: 8.822385e-02 masks: 21.4 17.5 [wd: 2.19e-01] [lr: 5.47e-04] [mem: 5.67e+03] (168.0 ms)
[374,   232] grad_stats: [7.73e-04 5.68e-04] (1.45e-04, 9.36e-03)
avg. loss 8.82238508e-02
time taken for epoch 0:00:52.909027
Epoch 375
[375,     0] loss: 8.284694e-02 masks: 24.0 16.0 [wd: 2.19e-01] [lr: 5.47e-04] [mem: 5.67e+03] (172.2 ms)
[375,     0] grad_stats: [1.69e-03 5.41e-04] (1.40e-04, 2.38e-02)
[375,   116] loss: 8.528643e-02 masks: 23.4 16.7 [wd: 2.20e-01] [lr: 5.46e-04] [mem: 5.67e+03] (172.1 ms)
[375,   116] grad_stats: [1.85e-03 4.41e-04] (1.26e-04, 3.03e-02)
[375,   232] loss: 8.578952e-02 masks: 23.2 16.7 [wd: 2.20e-01] [lr: 5.45e-04] [mem: 5.67e+03] (172.2 ms)
[375,   232] grad_stats: [8.93e-04 5.60e-04] (1.51e-04, 1.39e-02)
avg. loss 8.57895178e-02
time taken for epoch 0:00:53.939795
Epoch 376
[376,     0] loss: 1.003340e-01 masks: 20.0 20.0 [wd: 2.20e-01] [lr: 5.45e-04] [mem: 5.67e+03] (162.5 ms)
[376,     0] grad_stats: [8.20e-04 6.13e-04] (1.42e-04, 2.02e-02)
[376,   116] loss: 8.691706e-02 masks: 22.3 17.0 [wd: 2.20e-01] [lr: 5.44e-04] [mem: 5.67e+03] (169.6 ms)
[376,   116] grad_stats: [1.46e-03 6.23e-04] (1.21e-04, 8.06e-03)
[376,   232] loss: 8.706885e-02 masks: 22.0 17.2 [wd: 2.21e-01] [lr: 5.42e-04] [mem: 5.67e+03] (169.5 ms)
[376,   232] grad_stats: [1.30e-03 6.80e-04] (1.06e-04, 3.14e-02)
avg. loss 8.70688547e-02
time taken for epoch 0:00:53.298873
Epoch 377
[377,     0] loss: 8.300445e-02 masks: 28.0 16.0 [wd: 2.21e-01] [lr: 5.42e-04] [mem: 5.67e+03] (183.3 ms)
[377,     0] grad_stats: [1.31e-03 6.09e-04] (1.16e-04, 3.15e-02)
[377,   116] loss: 8.617116e-02 masks: 22.8 16.7 [wd: 2.21e-01] [lr: 5.41e-04] [mem: 5.67e+03] (170.4 ms)
[377,   116] grad_stats: [1.31e-03 6.21e-04] (1.34e-04, 2.52e-02)
[377,   232] loss: 8.635933e-02 masks: 22.4 17.1 [wd: 2.22e-01] [lr: 5.40e-04] [mem: 5.67e+03] (170.2 ms)
[377,   232] grad_stats: [1.05e-03 8.55e-04] (1.49e-04, 1.70e-02)
avg. loss 8.63593349e-02
time taken for epoch 0:00:53.437467
Epoch 378
[378,     0] loss: 9.560884e-02 masks: 20.0 20.0 [wd: 2.22e-01] [lr: 5.40e-04] [mem: 5.67e+03] (165.3 ms)
[378,     0] grad_stats: [1.12e-03 6.67e-04] (1.43e-04, 1.26e-02)
[378,   116] loss: 8.740674e-02 masks: 21.7 17.2 [wd: 2.22e-01] [lr: 5.39e-04] [mem: 5.67e+03] (168.1 ms)
[378,   116] grad_stats: [9.96e-04 5.30e-04] (1.35e-04, 2.99e-02)
[378,   232] loss: 8.680826e-02 masks: 22.3 17.2 [wd: 2.22e-01] [lr: 5.38e-04] [mem: 5.67e+03] (170.2 ms)
[378,   232] grad_stats: [8.03e-04 5.76e-04] (1.44e-04, 3.06e-02)
avg. loss 8.68082572e-02
time taken for epoch 0:00:53.422674
Epoch 379
[379,     0] loss: 7.618449e-02 masks: 33.0 12.0 [wd: 2.22e-01] [lr: 5.38e-04] [mem: 5.67e+03] (191.4 ms)
[379,     0] grad_stats: [1.67e-03 4.78e-04] (1.47e-04, 3.29e-02)
[379,   116] loss: 8.760767e-02 masks: 22.1 17.2 [wd: 2.23e-01] [lr: 5.37e-04] [mem: 5.67e+03] (169.0 ms)
[379,   116] grad_stats: [1.23e-03 8.12e-04] (1.55e-04, 1.25e-02)
[379,   232] loss: 8.710493e-02 masks: 22.2 17.1 [wd: 2.23e-01] [lr: 5.36e-04] [mem: 5.67e+03] (169.8 ms)
[379,   232] grad_stats: [2.44e-03 5.83e-04] (1.20e-04, 1.23e-02)
avg. loss 8.71049309e-02
time taken for epoch 0:00:53.336449
Epoch 380
[380,     0] loss: 8.614223e-02 masks: 25.0 16.0 [wd: 2.23e-01] [lr: 5.36e-04] [mem: 5.67e+03] (174.4 ms)
[380,     0] grad_stats: [9.97e-04 5.29e-04] (1.36e-04, 8.50e-03)
[380,   116] loss: 8.638363e-02 masks: 22.9 16.7 [wd: 2.23e-01] [lr: 5.35e-04] [mem: 5.67e+03] (170.9 ms)
[380,   116] grad_stats: [1.55e-03 5.80e-04] (1.37e-04, 3.49e-02)
[380,   232] loss: 8.638189e-02 masks: 22.6 16.9 [wd: 2.24e-01] [lr: 5.34e-04] [mem: 5.67e+03] (170.7 ms)
[380,   232] grad_stats: [1.01e-03 7.42e-04] (1.60e-04, 2.35e-02)
avg. loss 8.63818943e-02
	Epoch 380, KNN accuracy train: 7.29685e-01, KNN accuracy train: 5.90667e-01
time taken for epoch 0:01:36.033201
Epoch 381
[381,     0] loss: 7.555883e-02 masks: 24.0 16.0 [wd: 2.24e-01] [lr: 5.34e-04] [mem: 5.67e+03] (170.6 ms)
[381,     0] grad_stats: [1.38e-03 5.68e-04] (1.26e-04, 2.89e-02)
[381,   116] loss: 8.737929e-02 masks: 21.6 17.5 [wd: 2.24e-01] [lr: 5.33e-04] [mem: 5.67e+03] (167.4 ms)
[381,   116] grad_stats: [1.19e-03 6.01e-04] (1.24e-04, 1.97e-02)
[381,   232] loss: 8.635611e-02 masks: 22.1 17.4 [wd: 2.25e-01] [lr: 5.31e-04] [mem: 5.67e+03] (169.4 ms)
[381,   232] grad_stats: [1.67e-03 7.05e-04] (1.54e-04, 1.45e-02)
avg. loss 8.63561097e-02
time taken for epoch 0:00:53.164888
Epoch 382
[382,     0] loss: 9.949945e-02 masks: 17.0 20.0 [wd: 2.25e-01] [lr: 5.31e-04] [mem: 5.67e+03] (157.7 ms)
[382,     0] grad_stats: [1.31e-03 4.62e-04] (1.10e-04, 1.58e-02)
[382,   116] loss: 8.580210e-02 masks: 23.4 16.9 [wd: 2.25e-01] [lr: 5.30e-04] [mem: 5.67e+03] (172.2 ms)
[382,   116] grad_stats: [1.68e-03 8.94e-04] (1.38e-04, 9.21e-03)
[382,   232] loss: 8.646785e-02 masks: 22.7 17.2 [wd: 2.25e-01] [lr: 5.29e-04] [mem: 5.67e+03] (171.0 ms)
[382,   232] grad_stats: [1.08e-03 6.04e-04] (1.19e-04, 1.07e-02)
avg. loss 8.64678487e-02
time taken for epoch 0:00:53.614882
Epoch 383
[383,     0] loss: 1.054770e-01 masks: 11.0 20.0 [wd: 2.25e-01] [lr: 5.29e-04] [mem: 5.67e+03] (137.8 ms)
[383,     0] grad_stats: [1.16e-03 7.82e-04] (1.48e-04, 1.97e-02)
[383,   116] loss: 8.821033e-02 masks: 21.4 17.5 [wd: 2.26e-01] [lr: 5.28e-04] [mem: 5.67e+03] (167.3 ms)
[383,   116] grad_stats: [1.46e-03 5.15e-04] (1.21e-04, 1.82e-02)
[383,   232] loss: 8.690006e-02 masks: 22.2 17.2 [wd: 2.26e-01] [lr: 5.27e-04] [mem: 5.67e+03] (169.7 ms)
[383,   232] grad_stats: [1.01e-03 6.73e-04] (1.37e-04, 1.41e-02)
avg. loss 8.69000615e-02
time taken for epoch 0:00:53.287642
Epoch 384
[384,     0] loss: 8.094920e-02 masks: 21.0 16.0 [wd: 2.26e-01] [lr: 5.27e-04] [mem: 5.67e+03] (163.6 ms)
[384,     0] grad_stats: [1.12e-03 7.18e-04] (1.41e-04, 3.06e-02)
[384,   116] loss: 8.655396e-02 masks: 22.0 17.1 [wd: 2.26e-01] [lr: 5.26e-04] [mem: 5.67e+03] (168.5 ms)
[384,   116] grad_stats: [1.75e-03 6.54e-04] (1.49e-04, 3.35e-02)
[384,   232] loss: 8.646656e-02 masks: 22.2 17.1 [wd: 2.27e-01] [lr: 5.25e-04] [mem: 5.67e+03] (169.7 ms)
[384,   232] grad_stats: [7.33e-04 7.68e-04] (1.71e-04, 2.06e-02)
avg. loss 8.64665582e-02
time taken for epoch 0:00:53.313430
Epoch 385
[385,     0] loss: 7.873070e-02 masks: 29.0 16.0 [wd: 2.27e-01] [lr: 5.25e-04] [mem: 5.67e+03] (185.2 ms)
[385,     0] grad_stats: [8.23e-04 4.38e-04] (1.15e-04, 1.01e-02)
[385,   116] loss: 8.792444e-02 masks: 21.4 17.8 [wd: 2.27e-01] [lr: 5.24e-04] [mem: 5.67e+03] (168.0 ms)
[385,   116] grad_stats: [1.19e-03 3.83e-04] (1.24e-04, 7.06e-03)
[385,   232] loss: 8.797749e-02 masks: 21.4 17.6 [wd: 2.28e-01] [lr: 5.23e-04] [mem: 5.67e+03] (168.2 ms)
[385,   232] grad_stats: [1.06e-03 7.88e-04] (1.60e-04, 1.29e-02)
avg. loss 8.79774933e-02
time taken for epoch 0:00:52.918688
Epoch 386
[386,     0] loss: 8.657572e-02 masks: 18.0 20.0 [wd: 2.28e-01] [lr: 5.23e-04] [mem: 5.67e+03] (159.9 ms)
[386,     0] grad_stats: [8.72e-04 6.59e-04] (1.52e-04, 1.04e-02)
[386,   116] loss: 8.705982e-02 masks: 21.8 17.3 [wd: 2.28e-01] [lr: 5.21e-04] [mem: 5.67e+03] (168.4 ms)
[386,   116] grad_stats: [9.31e-04 6.40e-04] (1.28e-04, 1.97e-02)
[386,   232] loss: 8.721549e-02 masks: 21.7 17.3 [wd: 2.28e-01] [lr: 5.20e-04] [mem: 5.67e+03] (168.7 ms)
[386,   232] grad_stats: [1.23e-03 6.07e-04] (1.69e-04, 2.27e-02)
avg. loss 8.72154905e-02
time taken for epoch 0:00:53.040202
Epoch 387
[387,     0] loss: 9.653156e-02 masks: 16.0 20.0 [wd: 2.28e-01] [lr: 5.20e-04] [mem: 5.67e+03] (154.9 ms)
[387,     0] grad_stats: [1.52e-03 7.29e-04] (1.56e-04, 2.14e-02)
[387,   116] loss: 8.736444e-02 masks: 21.5 17.5 [wd: 2.29e-01] [lr: 5.19e-04] [mem: 5.67e+03] (167.9 ms)
[387,   116] grad_stats: [2.82e-03 9.94e-04] (1.51e-04, 1.94e-02)
[387,   232] loss: 8.730902e-02 masks: 21.6 17.5 [wd: 2.29e-01] [lr: 5.18e-04] [mem: 5.67e+03] (168.6 ms)
[387,   232] grad_stats: [8.76e-04 4.29e-04] (1.32e-04, 7.31e-03)
avg. loss 8.73090181e-02
time taken for epoch 0:00:53.080839
Epoch 388
[388,     0] loss: 8.677914e-02 masks: 18.0 20.0 [wd: 2.29e-01] [lr: 5.18e-04] [mem: 5.67e+03] (159.4 ms)
[388,     0] grad_stats: [9.83e-04 9.41e-04] (1.30e-04, 1.20e-02)
[388,   116] loss: 8.723897e-02 masks: 21.5 17.4 [wd: 2.29e-01] [lr: 5.17e-04] [mem: 5.67e+03] (167.7 ms)
[388,   116] grad_stats: [1.94e-03 6.94e-04] (1.55e-04, 2.09e-02)
[388,   232] loss: 8.713643e-02 masks: 21.5 17.4 [wd: 2.30e-01] [lr: 5.16e-04] [mem: 5.67e+03] (168.1 ms)
[388,   232] grad_stats: [1.34e-03 9.82e-04] (2.34e-04, 2.31e-02)
avg. loss 8.71364272e-02
time taken for epoch 0:00:52.929396
Epoch 389
[389,     0] loss: 8.072079e-02 masks: 23.0 16.0 [wd: 2.30e-01] [lr: 5.16e-04] [mem: 5.67e+03] (167.9 ms)
[389,     0] grad_stats: [9.97e-04 7.19e-04] (1.52e-04, 3.97e-02)
[389,   116] loss: 8.777134e-02 masks: 21.4 17.3 [wd: 2.30e-01] [lr: 5.15e-04] [mem: 5.67e+03] (167.3 ms)
[389,   116] grad_stats: [1.29e-03 7.03e-04] (1.49e-04, 2.49e-02)
[389,   232] loss: 8.752904e-02 masks: 21.6 17.3 [wd: 2.31e-01] [lr: 5.14e-04] [mem: 5.67e+03] (168.4 ms)
[389,   232] grad_stats: [1.62e-03 5.56e-04] (1.36e-04, 4.59e-02)
avg. loss 8.75290444e-02
time taken for epoch 0:00:53.014736
Epoch 390
[390,     0] loss: 1.014260e-01 masks: 9.0 20.0 [wd: 2.31e-01] [lr: 5.14e-04] [mem: 5.67e+03] (134.7 ms)
[390,     0] grad_stats: [1.48e-03 1.10e-03] (2.00e-04, 1.51e-02)
[390,   116] loss: 8.676555e-02 masks: 21.9 17.2 [wd: 2.31e-01] [lr: 5.13e-04] [mem: 5.67e+03] (168.7 ms)
[390,   116] grad_stats: [1.06e-03 7.19e-04] (1.64e-04, 2.26e-02)
[390,   232] loss: 8.584922e-02 masks: 22.3 17.0 [wd: 2.31e-01] [lr: 5.12e-04] [mem: 5.67e+03] (169.9 ms)
[390,   232] grad_stats: [1.05e-03 7.15e-04] (1.37e-04, 2.43e-02)
avg. loss 8.58492243e-02
time taken for epoch 0:00:53.390047
Epoch 391
[391,     0] loss: 9.494809e-02 masks: 16.0 20.0 [wd: 2.31e-01] [lr: 5.12e-04] [mem: 5.67e+03] (153.1 ms)
[391,     0] grad_stats: [2.24e-03 8.41e-04] (1.44e-04, 6.08e-02)
[391,   116] loss: 8.638361e-02 masks: 21.9 17.4 [wd: 2.32e-01] [lr: 5.10e-04] [mem: 5.67e+03] (168.9 ms)
[391,   116] grad_stats: [1.33e-03 6.16e-04] (1.22e-04, 9.85e-03)
[391,   232] loss: 8.646785e-02 masks: 21.7 17.4 [wd: 2.32e-01] [lr: 5.09e-04] [mem: 5.67e+03] (168.7 ms)
[391,   232] grad_stats: [1.53e-03 5.06e-04] (1.38e-04, 1.42e-02)
avg. loss 8.64678534e-02
time taken for epoch 0:00:53.035501
Epoch 392
[392,     0] loss: 8.239424e-02 masks: 20.0 20.0 [wd: 2.32e-01] [lr: 5.09e-04] [mem: 5.67e+03] (165.1 ms)
[392,     0] grad_stats: [1.90e-03 4.75e-04] (1.61e-04, 1.64e-02)
[392,   116] loss: 8.573075e-02 masks: 22.2 17.2 [wd: 2.32e-01] [lr: 5.08e-04] [mem: 5.67e+03] (169.4 ms)
[392,   116] grad_stats: [8.19e-04 5.22e-04] (1.18e-04, 1.70e-02)
[392,   232] loss: 8.643191e-02 masks: 21.9 17.3 [wd: 2.33e-01] [lr: 5.07e-04] [mem: 5.67e+03] (169.2 ms)
[392,   232] grad_stats: [9.04e-04 8.10e-04] (1.52e-04, 1.33e-02)
avg. loss 8.64319105e-02
time taken for epoch 0:00:53.176871
Epoch 393
[393,     0] loss: 8.818503e-02 masks: 19.0 20.0 [wd: 2.33e-01] [lr: 5.07e-04] [mem: 5.67e+03] (164.4 ms)
[393,     0] grad_stats: [1.19e-03 6.51e-04] (1.41e-04, 2.87e-02)
[393,   116] loss: 8.635586e-02 masks: 22.0 17.4 [wd: 2.33e-01] [lr: 5.06e-04] [mem: 5.67e+03] (169.3 ms)
[393,   116] grad_stats: [8.73e-04 4.21e-04] (1.01e-04, 1.46e-02)
[393,   232] loss: 8.657555e-02 masks: 21.9 17.5 [wd: 2.34e-01] [lr: 5.05e-04] [mem: 5.67e+03] (169.4 ms)
[393,   232] grad_stats: [2.30e-03 6.79e-04] (1.53e-04, 1.35e-02)
avg. loss 8.65755509e-02
time taken for epoch 0:00:53.107181
Epoch 394
[394,     0] loss: 7.471140e-02 masks: 24.0 16.0 [wd: 2.34e-01] [lr: 5.05e-04] [mem: 5.67e+03] (170.2 ms)
[394,     0] grad_stats: [1.28e-03 5.58e-04] (1.37e-04, 1.16e-02)
[394,   116] loss: 8.700487e-02 masks: 21.8 17.5 [wd: 2.34e-01] [lr: 5.04e-04] [mem: 5.67e+03] (168.6 ms)
[394,   116] grad_stats: [1.04e-03 5.74e-04] (1.28e-04, 1.29e-02)
[394,   232] loss: 8.647666e-02 masks: 22.1 17.2 [wd: 2.34e-01] [lr: 5.03e-04] [mem: 5.67e+03] (169.7 ms)
[394,   232] grad_stats: [2.33e-03 5.20e-04] (1.34e-04, 9.50e-03)
avg. loss 8.64766597e-02
time taken for epoch 0:00:53.295837
Epoch 395
[395,     0] loss: 8.940276e-02 masks: 20.0 20.0 [wd: 2.34e-01] [lr: 5.03e-04] [mem: 5.67e+03] (164.9 ms)
[395,     0] grad_stats: [1.52e-03 8.09e-04] (1.57e-04, 8.45e-03)
[395,   116] loss: 8.704473e-02 masks: 21.0 17.7 [wd: 2.35e-01] [lr: 5.02e-04] [mem: 5.67e+03] (166.7 ms)
[395,   116] grad_stats: [7.93e-04 7.94e-04] (1.72e-04, 1.55e-02)
[395,   232] loss: 8.663162e-02 masks: 21.5 17.4 [wd: 2.35e-01] [lr: 5.01e-04] [mem: 5.67e+03] (168.1 ms)
[395,   232] grad_stats: [1.45e-03 5.56e-04] (1.34e-04, 2.11e-02)
avg. loss 8.66316217e-02
time taken for epoch 0:00:52.939891
Epoch 396
[396,     0] loss: 8.232516e-02 masks: 21.0 16.0 [wd: 2.35e-01] [lr: 5.00e-04] [mem: 5.67e+03] (163.3 ms)
[396,     0] grad_stats: [7.90e-04 7.53e-04] (1.72e-04, 1.09e-02)
[396,   116] loss: 8.568625e-02 masks: 22.8 16.9 [wd: 2.35e-01] [lr: 4.99e-04] [mem: 5.67e+03] (170.9 ms)
[396,   116] grad_stats: [1.38e-03 6.18e-04] (1.72e-04, 1.01e-02)
[396,   232] loss: 8.554203e-02 masks: 22.5 17.1 [wd: 2.36e-01] [lr: 4.98e-04] [mem: 5.67e+03] (170.5 ms)
[396,   232] grad_stats: [1.75e-03 6.25e-04] (1.56e-04, 2.08e-02)
avg. loss 8.55420348e-02
time taken for epoch 0:00:53.545678
Epoch 397
[397,     0] loss: 7.191233e-02 masks: 27.0 16.0 [wd: 2.36e-01] [lr: 4.98e-04] [mem: 5.67e+03] (179.5 ms)
[397,     0] grad_stats: [1.94e-03 5.84e-04] (1.42e-04, 1.76e-02)
[397,   116] loss: 8.776119e-02 masks: 21.2 17.4 [wd: 2.36e-01] [lr: 4.97e-04] [mem: 5.67e+03] (167.0 ms)
[397,   116] grad_stats: [1.34e-03 8.16e-04] (1.46e-04, 3.49e-02)
[397,   232] loss: 8.718866e-02 masks: 21.7 17.2 [wd: 2.37e-01] [lr: 4.96e-04] [mem: 5.67e+03] (168.6 ms)
[397,   232] grad_stats: [1.02e-03 5.07e-04] (1.13e-04, 2.44e-02)
avg. loss 8.71886559e-02
time taken for epoch 0:00:53.079491
Epoch 398
[398,     0] loss: 9.225207e-02 masks: 20.0 16.0 [wd: 2.37e-01] [lr: 4.96e-04] [mem: 5.67e+03] (160.6 ms)
[398,     0] grad_stats: [3.10e-03 1.19e-03] (1.28e-04, 2.11e-02)
[398,   116] loss: 8.637909e-02 masks: 21.6 17.4 [wd: 2.37e-01] [lr: 4.95e-04] [mem: 5.67e+03] (168.2 ms)
[398,   116] grad_stats: [1.03e-03 6.75e-04] (1.37e-04, 9.08e-03)
[398,   232] loss: 8.660771e-02 masks: 21.7 17.5 [wd: 2.37e-01] [lr: 4.94e-04] [mem: 5.67e+03] (168.8 ms)
[398,   232] grad_stats: [1.01e-03 8.98e-04] (1.53e-04, 1.44e-02)
avg. loss 8.66077074e-02
time taken for epoch 0:00:53.094262
Epoch 399
[399,     0] loss: 7.923386e-02 masks: 20.0 16.0 [wd: 2.37e-01] [lr: 4.94e-04] [mem: 5.67e+03] (161.1 ms)
[399,     0] grad_stats: [1.02e-03 6.12e-04] (1.55e-04, 2.61e-02)
[399,   116] loss: 8.625508e-02 masks: 22.2 17.1 [wd: 2.38e-01] [lr: 4.93e-04] [mem: 5.67e+03] (169.5 ms)
[399,   116] grad_stats: [1.38e-03 4.27e-04] (1.36e-04, 8.04e-03)
[399,   232] loss: 8.641512e-02 masks: 22.1 17.2 [wd: 2.38e-01] [lr: 4.92e-04] [mem: 5.67e+03] (169.7 ms)
[399,   232] grad_stats: [1.26e-03 7.63e-04] (1.79e-04, 3.51e-02)
avg. loss 8.64151170e-02
time taken for epoch 0:00:53.275968
Epoch 400
[400,     0] loss: 8.230554e-02 masks: 20.0 16.0 [wd: 2.38e-01] [lr: 4.92e-04] [mem: 5.67e+03] (161.3 ms)
[400,     0] grad_stats: [2.27e-03 6.39e-04] (1.61e-04, 1.59e-02)
[400,   116] loss: 8.741340e-02 masks: 20.8 17.8 [wd: 2.38e-01] [lr: 4.91e-04] [mem: 5.67e+03] (166.4 ms)
[400,   116] grad_stats: [1.93e-03 6.44e-04] (1.53e-04, 9.28e-03)
[400,   232] loss: 8.709394e-02 masks: 21.4 17.4 [wd: 2.39e-01] [lr: 4.89e-04] [mem: 5.67e+03] (167.9 ms)
[400,   232] grad_stats: [1.98e-03 7.60e-04] (1.19e-04, 1.85e-02)
avg. loss 8.70939426e-02
	Epoch 400, KNN accuracy train: 7.29614e-01, KNN accuracy train: 5.94000e-01
time taken for epoch 0:01:35.240354
Epoch 401
[401,     0] loss: 7.926605e-02 masks: 25.0 16.0 [wd: 2.39e-01] [lr: 4.89e-04] [mem: 5.67e+03] (174.9 ms)
[401,     0] grad_stats: [1.47e-03 5.05e-04] (1.14e-04, 1.06e-02)
[401,   116] loss: 8.812771e-02 masks: 20.5 17.9 [wd: 2.39e-01] [lr: 4.88e-04] [mem: 5.67e+03] (164.8 ms)
[401,   116] grad_stats: [1.10e-03 7.11e-04] (1.45e-04, 1.73e-02)
[401,   232] loss: 8.796950e-02 masks: 21.0 17.7 [wd: 2.40e-01] [lr: 4.87e-04] [mem: 5.67e+03] (166.5 ms)
[401,   232] grad_stats: [1.56e-03 4.70e-04] (1.06e-04, 9.39e-03)
avg. loss 8.79695004e-02
time taken for epoch 0:00:52.545249
Epoch 402
[402,     0] loss: 7.801197e-02 masks: 23.0 16.0 [wd: 2.40e-01] [lr: 4.87e-04] [mem: 5.67e+03] (166.8 ms)
[402,     0] grad_stats: [7.23e-04 6.31e-04] (1.49e-04, 1.20e-02)
[402,   116] loss: 8.699743e-02 masks: 21.5 17.6 [wd: 2.40e-01] [lr: 4.86e-04] [mem: 5.67e+03] (168.0 ms)
[402,   116] grad_stats: [3.12e-03 6.93e-04] (1.44e-04, 1.39e-02)
[402,   232] loss: 8.615850e-02 masks: 22.1 17.3 [wd: 2.40e-01] [lr: 4.85e-04] [mem: 5.67e+03] (169.5 ms)
[402,   232] grad_stats: [1.17e-03 3.95e-04] (1.41e-04, 2.01e-02)
avg. loss 8.61585036e-02
time taken for epoch 0:00:53.277356
Epoch 403
[403,     0] loss: 8.508921e-02 masks: 22.0 20.0 [wd: 2.40e-01] [lr: 4.85e-04] [mem: 5.67e+03] (171.0 ms)
[403,     0] grad_stats: [1.41e-03 5.20e-04] (1.25e-04, 3.00e-02)
[403,   116] loss: 8.797470e-02 masks: 20.9 17.7 [wd: 2.41e-01] [lr: 4.84e-04] [mem: 5.67e+03] (166.2 ms)
[403,   116] grad_stats: [7.04e-04 6.84e-04] (1.41e-04, 1.81e-02)
[403,   232] loss: 8.685072e-02 masks: 21.7 17.3 [wd: 2.41e-01] [lr: 4.83e-04] [mem: 5.67e+03] (168.6 ms)
[403,   232] grad_stats: [1.11e-03 5.76e-04] (1.35e-04, 3.43e-02)
avg. loss 8.68507244e-02
time taken for epoch 0:00:53.068305
Epoch 404
[404,     0] loss: 8.632398e-02 masks: 20.0 20.0 [wd: 2.41e-01] [lr: 4.83e-04] [mem: 5.67e+03] (165.1 ms)
[404,     0] grad_stats: [2.11e-03 5.63e-04] (1.68e-04, 1.78e-02)
[404,   116] loss: 8.632343e-02 masks: 21.4 17.5 [wd: 2.41e-01] [lr: 4.82e-04] [mem: 5.67e+03] (167.7 ms)
[404,   116] grad_stats: [1.40e-03 7.46e-04] (1.19e-04, 1.62e-02)
[404,   232] loss: 8.695017e-02 masks: 21.3 17.4 [wd: 2.42e-01] [lr: 4.81e-04] [mem: 5.67e+03] (167.7 ms)
[404,   232] grad_stats: [7.83e-04 4.62e-04] (1.53e-04, 2.80e-02)
avg. loss 8.69501727e-02
time taken for epoch 0:00:52.902390
Epoch 405
[405,     0] loss: 9.982963e-02 masks: 12.0 20.0 [wd: 2.42e-01] [lr: 4.81e-04] [mem: 5.67e+03] (143.6 ms)
[405,     0] grad_stats: [1.24e-03 7.64e-04] (1.42e-04, 1.87e-02)
[405,   116] loss: 8.583856e-02 masks: 22.0 17.3 [wd: 2.42e-01] [lr: 4.80e-04] [mem: 5.67e+03] (168.9 ms)
[405,   116] grad_stats: [9.33e-04 5.16e-04] (1.38e-04, 7.06e-02)
[405,   232] loss: 8.564659e-02 masks: 21.9 17.3 [wd: 2.43e-01] [lr: 4.78e-04] [mem: 5.67e+03] (169.1 ms)
[405,   232] grad_stats: [1.34e-03 4.78e-04] (1.41e-04, 2.41e-02)
avg. loss 8.56465899e-02
time taken for epoch 0:00:53.146081
Epoch 406
[406,     0] loss: 7.983566e-02 masks: 25.0 16.0 [wd: 2.43e-01] [lr: 4.78e-04] [mem: 5.67e+03] (174.5 ms)
[406,     0] grad_stats: [8.73e-04 4.65e-04] (1.23e-04, 1.13e-02)
[406,   116] loss: 8.509312e-02 masks: 21.9 17.4 [wd: 2.43e-01] [lr: 4.77e-04] [mem: 5.67e+03] (168.9 ms)
[406,   116] grad_stats: [8.42e-04 6.59e-04] (1.48e-04, 1.28e-02)
[406,   232] loss: 8.635798e-02 masks: 21.6 17.4 [wd: 2.43e-01] [lr: 4.76e-04] [mem: 5.67e+03] (168.4 ms)
[406,   232] grad_stats: [2.74e-03 6.81e-04] (1.63e-04, 1.45e-02)
avg. loss 8.63579774e-02
time taken for epoch 0:00:52.991516
Epoch 407
[407,     0] loss: 8.174522e-02 masks: 22.0 16.0 [wd: 2.43e-01] [lr: 4.76e-04] [mem: 5.67e+03] (165.7 ms)
[407,     0] grad_stats: [7.84e-04 5.65e-04] (1.31e-04, 1.58e-02)
[407,   116] loss: 8.553300e-02 masks: 22.1 17.3 [wd: 2.44e-01] [lr: 4.75e-04] [mem: 5.67e+03] (169.3 ms)
[407,   116] grad_stats: [1.05e-03 6.25e-04] (1.33e-04, 1.28e-02)
[407,   232] loss: 8.562009e-02 masks: 22.1 17.3 [wd: 2.44e-01] [lr: 4.74e-04] [mem: 5.67e+03] (169.8 ms)
[407,   232] grad_stats: [9.98e-04 1.00e-03] (1.61e-04, 1.44e-02)
avg. loss 8.56200924e-02
time taken for epoch 0:00:53.320947
Epoch 408
[408,     0] loss: 7.723349e-02 masks: 26.0 16.0 [wd: 2.44e-01] [lr: 4.74e-04] [mem: 5.67e+03] (176.3 ms)
[408,     0] grad_stats: [8.09e-04 5.18e-04] (1.32e-04, 2.87e-02)
[408,   116] loss: 8.533120e-02 masks: 22.4 17.2 [wd: 2.44e-01] [lr: 4.73e-04] [mem: 5.67e+03] (170.0 ms)
[408,   116] grad_stats: [7.47e-04 5.15e-04] (9.81e-05, 3.38e-02)
[408,   232] loss: 8.530998e-02 masks: 22.2 17.1 [wd: 2.45e-01] [lr: 4.72e-04] [mem: 5.67e+03] (169.8 ms)
[408,   232] grad_stats: [8.03e-04 7.47e-04] (1.48e-04, 3.13e-02)
avg. loss 8.53099802e-02
time taken for epoch 0:00:53.306720
Epoch 409
[409,     0] loss: 9.583993e-02 masks: 17.0 20.0 [wd: 2.45e-01] [lr: 4.72e-04] [mem: 5.67e+03] (156.7 ms)
[409,     0] grad_stats: [1.06e-03 7.50e-04] (1.37e-04, 2.93e-02)
[409,   116] loss: 8.602280e-02 masks: 21.5 17.6 [wd: 2.45e-01] [lr: 4.71e-04] [mem: 5.67e+03] (167.9 ms)
[409,   116] grad_stats: [9.75e-04 6.96e-04] (1.52e-04, 1.06e-02)
[409,   232] loss: 8.595545e-02 masks: 21.3 17.7 [wd: 2.46e-01] [lr: 4.70e-04] [mem: 5.67e+03] (167.9 ms)
[409,   232] grad_stats: [1.30e-03 7.51e-04] (1.39e-04, 1.17e-02)
avg. loss 8.59554542e-02
time taken for epoch 0:00:52.872529
Epoch 410
[410,     0] loss: 8.371755e-02 masks: 27.0 16.0 [wd: 2.46e-01] [lr: 4.70e-04] [mem: 5.67e+03] (181.2 ms)
[410,     0] grad_stats: [1.33e-03 4.58e-04] (1.31e-04, 1.76e-02)
[410,   116] loss: 8.583062e-02 masks: 22.0 17.1 [wd: 2.46e-01] [lr: 4.68e-04] [mem: 5.67e+03] (168.9 ms)
[410,   116] grad_stats: [1.27e-03 6.80e-04] (1.61e-04, 3.52e-02)
[410,   232] loss: 8.547991e-02 masks: 22.2 17.2 [wd: 2.46e-01] [lr: 4.67e-04] [mem: 5.67e+03] (169.7 ms)
[410,   232] grad_stats: [7.21e-04 5.49e-04] (1.12e-04, 1.26e-02)
avg. loss 8.54799127e-02
time taken for epoch 0:00:53.356267
Epoch 411
[411,     0] loss: 8.909287e-02 masks: 17.0 16.0 [wd: 2.46e-01] [lr: 4.67e-04] [mem: 5.67e+03] (152.7 ms)
[411,     0] grad_stats: [1.48e-03 1.10e-03] (1.65e-04, 1.38e-02)
[411,   116] loss: 8.536197e-02 masks: 22.0 17.2 [wd: 2.47e-01] [lr: 4.66e-04] [mem: 5.67e+03] (168.8 ms)
[411,   116] grad_stats: [1.24e-03 7.13e-04] (1.36e-04, 1.85e-02)
[411,   232] loss: 8.530699e-02 masks: 22.2 17.2 [wd: 2.47e-01] [lr: 4.65e-04] [mem: 5.67e+03] (169.8 ms)
[411,   232] grad_stats: [1.39e-03 6.48e-04] (1.42e-04, 3.01e-02)
avg. loss 8.53069873e-02
time taken for epoch 0:00:53.194011
Epoch 412
[412,     0] loss: 9.114799e-02 masks: 20.0 20.0 [wd: 2.47e-01] [lr: 4.65e-04] [mem: 5.67e+03] (164.8 ms)
[412,     0] grad_stats: [1.21e-03 9.31e-04] (1.59e-04, 1.44e-02)
[412,   116] loss: 8.658478e-02 masks: 21.1 17.4 [wd: 2.47e-01] [lr: 4.64e-04] [mem: 5.67e+03] (166.6 ms)
[412,   116] grad_stats: [1.05e-03 7.40e-04] (1.49e-04, 8.79e-03)
[412,   232] loss: 8.602902e-02 masks: 21.5 17.3 [wd: 2.48e-01] [lr: 4.63e-04] [mem: 5.67e+03] (167.9 ms)
[412,   232] grad_stats: [8.03e-04 6.65e-04] (1.35e-04, 1.31e-02)
avg. loss 8.60290166e-02
time taken for epoch 0:00:52.695231
Epoch 413
[413,     0] loss: 8.981455e-02 masks: 23.0 16.0 [wd: 2.48e-01] [lr: 4.63e-04] [mem: 5.67e+03] (168.2 ms)
[413,     0] grad_stats: [7.96e-04 6.12e-04] (1.20e-04, 1.88e-02)
[413,   116] loss: 8.588628e-02 masks: 22.0 17.2 [wd: 2.48e-01] [lr: 4.62e-04] [mem: 5.67e+03] (168.8 ms)
[413,   116] grad_stats: [1.18e-03 8.54e-04] (1.58e-04, 1.73e-02)
[413,   232] loss: 8.554916e-02 masks: 21.8 17.2 [wd: 2.49e-01] [lr: 4.61e-04] [mem: 5.67e+03] (168.9 ms)
[413,   232] grad_stats: [2.52e-03 5.75e-04] (1.48e-04, 2.39e-02)
avg. loss 8.55491559e-02
time taken for epoch 0:00:53.109697
Epoch 414
[414,     0] loss: 8.630529e-02 masks: 21.0 16.0 [wd: 2.49e-01] [lr: 4.61e-04] [mem: 5.67e+03] (163.6 ms)
[414,     0] grad_stats: [1.07e-03 4.96e-04] (1.45e-04, 2.18e-02)
[414,   116] loss: 8.428379e-02 masks: 22.3 17.3 [wd: 2.49e-01] [lr: 4.60e-04] [mem: 5.67e+03] (169.8 ms)
[414,   116] grad_stats: [2.01e-03 9.06e-04] (1.56e-04, 1.33e-02)
[414,   232] loss: 8.503245e-02 masks: 22.1 17.3 [wd: 2.49e-01] [lr: 4.59e-04] [mem: 5.67e+03] (169.7 ms)
[414,   232] grad_stats: [1.36e-03 8.13e-04] (1.20e-04, 2.05e-02)
avg. loss 8.50324481e-02
time taken for epoch 0:00:53.365731
Epoch 415
[415,     0] loss: 9.223089e-02 masks: 24.0 16.0 [wd: 2.49e-01] [lr: 4.59e-04] [mem: 5.67e+03] (171.7 ms)
[415,     0] grad_stats: [8.04e-04 5.50e-04] (1.62e-04, 1.92e-02)
[415,   116] loss: 8.534526e-02 masks: 21.6 17.3 [wd: 2.50e-01] [lr: 4.57e-04] [mem: 5.67e+03] (167.6 ms)
[415,   116] grad_stats: [1.57e-03 6.20e-04] (1.86e-04, 2.29e-02)
[415,   232] loss: 8.497913e-02 masks: 22.1 17.2 [wd: 2.50e-01] [lr: 4.56e-04] [mem: 5.67e+03] (169.6 ms)
[415,   232] grad_stats: [8.62e-04 6.25e-04] (1.18e-04, 1.80e-02)
avg. loss 8.49791267e-02
time taken for epoch 0:00:53.243187
Epoch 416
[416,     0] loss: 7.567828e-02 masks: 19.0 20.0 [wd: 2.50e-01] [lr: 4.56e-04] [mem: 5.67e+03] (164.7 ms)
[416,     0] grad_stats: [8.32e-04 6.03e-04] (1.58e-04, 5.76e-02)
[416,   116] loss: 8.530896e-02 masks: 22.1 17.1 [wd: 2.50e-01] [lr: 4.55e-04] [mem: 5.67e+03] (169.0 ms)
[416,   116] grad_stats: [1.12e-03 8.70e-04] (1.75e-04, 1.64e-02)
[416,   232] loss: 8.544673e-02 masks: 22.0 17.1 [wd: 2.51e-01] [lr: 4.54e-04] [mem: 5.67e+03] (169.2 ms)
[416,   232] grad_stats: [1.20e-03 7.26e-04] (1.66e-04, 2.19e-02)
avg. loss 8.54467333e-02
time taken for epoch 0:00:53.172344
Epoch 417
[417,     0] loss: 7.953455e-02 masks: 23.0 16.0 [wd: 2.51e-01] [lr: 4.54e-04] [mem: 5.67e+03] (167.0 ms)
[417,     0] grad_stats: [1.01e-03 7.24e-04] (1.52e-04, 2.92e-02)
[417,   116] loss: 8.390095e-02 masks: 22.3 17.2 [wd: 2.51e-01] [lr: 4.53e-04] [mem: 5.67e+03] (169.7 ms)
[417,   116] grad_stats: [1.54e-03 6.52e-04] (1.75e-04, 2.46e-02)
[417,   232] loss: 8.535739e-02 masks: 22.1 17.2 [wd: 2.52e-01] [lr: 4.52e-04] [mem: 5.67e+03] (169.6 ms)
[417,   232] grad_stats: [9.78e-04 6.93e-04] (1.39e-04, 3.14e-02)
avg. loss 8.53573863e-02
time taken for epoch 0:00:53.268253
Epoch 418
[418,     0] loss: 9.103492e-02 masks: 18.0 20.0 [wd: 2.52e-01] [lr: 4.52e-04] [mem: 5.67e+03] (159.8 ms)
[418,     0] grad_stats: [1.04e-03 9.13e-04] (1.66e-04, 1.78e-02)
[418,   116] loss: 8.503392e-02 masks: 21.5 17.5 [wd: 2.52e-01] [lr: 4.51e-04] [mem: 5.67e+03] (167.7 ms)
[418,   116] grad_stats: [1.31e-03 7.70e-04] (1.86e-04, 1.18e-02)
[418,   232] loss: 8.559906e-02 masks: 21.3 17.6 [wd: 2.52e-01] [lr: 4.50e-04] [mem: 5.67e+03] (167.7 ms)
[418,   232] grad_stats: [1.50e-03 5.54e-04] (1.73e-04, 1.16e-02)
avg. loss 8.55990590e-02
time taken for epoch 0:00:52.870099
Epoch 419
[419,     0] loss: 9.033629e-02 masks: 21.0 16.0 [wd: 2.52e-01] [lr: 4.50e-04] [mem: 5.67e+03] (164.4 ms)
[419,     0] grad_stats: [9.24e-04 5.25e-04] (1.35e-04, 9.50e-03)
[419,   116] loss: 8.392673e-02 masks: 22.7 17.0 [wd: 2.53e-01] [lr: 4.49e-04] [mem: 5.67e+03] (170.6 ms)
[419,   116] grad_stats: [1.06e-03 5.65e-04] (1.18e-04, 4.59e-02)
[419,   232] loss: 8.412598e-02 masks: 22.7 17.1 [wd: 2.53e-01] [lr: 4.48e-04] [mem: 5.67e+03] (171.1 ms)
[419,   232] grad_stats: [2.46e-03 8.64e-04] (1.74e-04, 2.06e-02)
avg. loss 8.41259812e-02
time taken for epoch 0:00:53.627926
Epoch 420
[420,     0] loss: 7.671546e-02 masks: 24.0 16.0 [wd: 2.53e-01] [lr: 4.48e-04] [mem: 5.67e+03] (172.4 ms)
[420,     0] grad_stats: [8.62e-04 8.94e-04] (1.72e-04, 8.59e-03)
[420,   116] loss: 8.583789e-02 masks: 21.8 17.5 [wd: 2.53e-01] [lr: 4.46e-04] [mem: 5.67e+03] (168.5 ms)
[420,   116] grad_stats: [9.58e-04 5.10e-04] (1.37e-04, 3.51e-02)
[420,   232] loss: 8.614730e-02 masks: 21.5 17.6 [wd: 2.54e-01] [lr: 4.45e-04] [mem: 5.67e+03] (168.3 ms)
[420,   232] grad_stats: [2.28e-03 9.01e-04] (1.91e-04, 1.75e-02)
avg. loss 8.61472972e-02
	Epoch 420, KNN accuracy train: 7.37697e-01, KNN accuracy train: 6.04667e-01
time taken for epoch 0:01:35.316707
Epoch 421
[421,     0] loss: 9.032676e-02 masks: 17.0 16.0 [wd: 2.54e-01] [lr: 4.45e-04] [mem: 5.67e+03] (152.3 ms)
[421,     0] grad_stats: [1.19e-03 9.07e-04] (1.49e-04, 3.15e-02)
[421,   116] loss: 8.584693e-02 masks: 21.6 17.4 [wd: 2.54e-01] [lr: 4.44e-04] [mem: 5.67e+03] (167.4 ms)
[421,   116] grad_stats: [9.32e-04 5.61e-04] (1.17e-04, 5.92e-02)
[421,   232] loss: 8.585248e-02 masks: 21.6 17.4 [wd: 2.54e-01] [lr: 4.43e-04] [mem: 5.67e+03] (167.8 ms)
[421,   232] grad_stats: [1.43e-03 7.12e-04] (1.42e-04, 4.22e-02)
avg. loss 8.58524752e-02
time taken for epoch 0:00:52.850507
Epoch 422
[422,     0] loss: 8.298586e-02 masks: 19.0 20.0 [wd: 2.54e-01] [lr: 4.43e-04] [mem: 5.67e+03] (161.6 ms)
[422,     0] grad_stats: [2.04e-03 6.56e-04] (1.41e-04, 4.81e-02)
[422,   116] loss: 8.574667e-02 masks: 21.4 17.7 [wd: 2.55e-01] [lr: 4.42e-04] [mem: 5.67e+03] (167.5 ms)
[422,   116] grad_stats: [9.47e-04 6.98e-04] (1.32e-04, 1.17e-02)
[422,   232] loss: 8.570075e-02 masks: 21.3 17.7 [wd: 2.55e-01] [lr: 4.41e-04] [mem: 5.67e+03] (167.6 ms)
[422,   232] grad_stats: [2.13e-03 8.17e-04] (1.74e-04, 5.55e-02)
avg. loss 8.57007523e-02
time taken for epoch 0:00:52.803006
Epoch 423
[423,     0] loss: 8.312068e-02 masks: 22.0 20.0 [wd: 2.55e-01] [lr: 4.41e-04] [mem: 5.67e+03] (170.1 ms)
[423,     0] grad_stats: [8.90e-04 6.62e-04] (1.65e-04, 2.75e-02)
[423,   116] loss: 8.433053e-02 masks: 22.6 17.0 [wd: 2.56e-01] [lr: 4.40e-04] [mem: 5.67e+03] (170.1 ms)
[423,   116] grad_stats: [1.39e-03 8.33e-04] (1.64e-04, 2.28e-02)
[423,   232] loss: 8.502875e-02 masks: 22.3 17.1 [wd: 2.56e-01] [lr: 4.39e-04] [mem: 5.67e+03] (170.0 ms)
[423,   232] grad_stats: [1.29e-03 8.16e-04] (1.69e-04, 3.39e-02)
avg. loss 8.50287548e-02
time taken for epoch 0:00:53.330993
Epoch 424
[424,     0] loss: 6.806166e-02 masks: 26.0 16.0 [wd: 2.56e-01] [lr: 4.39e-04] [mem: 5.67e+03] (178.4 ms)
[424,     0] grad_stats: [1.74e-03 8.19e-04] (1.43e-04, 6.61e-02)
[424,   116] loss: 8.398365e-02 masks: 22.9 16.9 [wd: 2.56e-01] [lr: 4.38e-04] [mem: 5.67e+03] (170.8 ms)
[424,   116] grad_stats: [1.09e-03 9.43e-04] (1.73e-04, 2.27e-02)
[424,   232] loss: 8.468926e-02 masks: 22.2 17.2 [wd: 2.57e-01] [lr: 4.37e-04] [mem: 5.67e+03] (169.6 ms)
[424,   232] grad_stats: [9.16e-04 6.08e-04] (1.51e-04, 9.78e-03)
avg. loss 8.46892612e-02
time taken for epoch 0:00:53.267270
Epoch 425
[425,     0] loss: 6.300195e-02 masks: 33.0 12.0 [wd: 2.57e-01] [lr: 4.37e-04] [mem: 5.67e+03] (190.7 ms)
[425,     0] grad_stats: [1.30e-03 4.91e-04] (1.29e-04, 1.18e-02)
[425,   116] loss: 8.558576e-02 masks: 21.8 17.3 [wd: 2.57e-01] [lr: 4.35e-04] [mem: 5.67e+03] (168.4 ms)
[425,   116] grad_stats: [8.05e-04 1.32e-03] (1.96e-04, 3.86e-02)
[425,   232] loss: 8.497373e-02 masks: 22.2 17.2 [wd: 2.57e-01] [lr: 4.34e-04] [mem: 5.67e+03] (169.8 ms)
[425,   232] grad_stats: [1.20e-03 6.67e-04] (1.77e-04, 2.85e-02)
avg. loss 8.49737330e-02
time taken for epoch 0:00:53.319075
Epoch 426
[426,     0] loss: 9.432385e-02 masks: 19.0 20.0 [wd: 2.57e-01] [lr: 4.34e-04] [mem: 5.67e+03] (163.5 ms)
[426,     0] grad_stats: [1.11e-03 8.07e-04] (1.65e-04, 2.27e-02)
[426,   116] loss: 8.417140e-02 masks: 22.4 17.2 [wd: 2.58e-01] [lr: 4.33e-04] [mem: 5.67e+03] (169.9 ms)
[426,   116] grad_stats: [1.69e-03 5.75e-04] (1.65e-04, 2.07e-02)
[426,   232] loss: 8.487567e-02 masks: 22.1 17.3 [wd: 2.58e-01] [lr: 4.32e-04] [mem: 5.67e+03] (169.5 ms)
[426,   232] grad_stats: [1.40e-03 5.70e-04] (1.32e-04, 2.27e-02)
avg. loss 8.48756724e-02
time taken for epoch 0:00:53.142903
Epoch 427
[427,     0] loss: 6.885954e-02 masks: 35.0 12.0 [wd: 2.58e-01] [lr: 4.32e-04] [mem: 5.67e+03] (195.1 ms)
[427,     0] grad_stats: [1.15e-03 4.31e-04] (1.30e-04, 2.61e-02)
[427,   116] loss: 8.538787e-02 masks: 21.8 17.1 [wd: 2.59e-01] [lr: 4.31e-04] [mem: 5.67e+03] (168.2 ms)
[427,   116] grad_stats: [1.71e-03 9.52e-04] (2.42e-04, 1.60e-02)
[427,   232] loss: 8.542617e-02 masks: 21.7 17.3 [wd: 2.59e-01] [lr: 4.30e-04] [mem: 5.67e+03] (168.4 ms)
[427,   232] grad_stats: [1.47e-03 7.14e-04] (1.70e-04, 2.85e-02)
avg. loss 8.54261700e-02
time taken for epoch 0:00:53.073577
Epoch 428
[428,     0] loss: 8.655278e-02 masks: 21.0 16.0 [wd: 2.59e-01] [lr: 4.30e-04] [mem: 5.67e+03] (164.4 ms)
[428,     0] grad_stats: [1.02e-03 9.77e-04] (1.81e-04, 2.09e-02)
[428,   116] loss: 8.463805e-02 masks: 22.4 17.2 [wd: 2.59e-01] [lr: 4.29e-04] [mem: 5.67e+03] (170.0 ms)
[428,   116] grad_stats: [8.59e-04 5.57e-04] (1.37e-04, 1.78e-02)
[428,   232] loss: 8.593583e-02 masks: 21.4 17.7 [wd: 2.60e-01] [lr: 4.28e-04] [mem: 5.67e+03] (168.0 ms)
[428,   232] grad_stats: [1.20e-03 8.24e-04] (1.83e-04, 1.46e-02)
avg. loss 8.59358301e-02
time taken for epoch 0:00:52.856870
Epoch 429
[429,     0] loss: 8.289449e-02 masks: 21.0 16.0 [wd: 2.60e-01] [lr: 4.28e-04] [mem: 5.67e+03] (165.1 ms)
[429,     0] grad_stats: [1.12e-03 9.70e-04] (1.69e-04, 2.10e-02)
[429,   116] loss: 8.491189e-02 masks: 22.4 17.0 [wd: 2.60e-01] [lr: 4.27e-04] [mem: 5.67e+03] (169.3 ms)
[429,   116] grad_stats: [8.89e-04 6.36e-04] (1.57e-04, 4.12e-02)
[429,   232] loss: 8.439367e-02 masks: 22.7 16.8 [wd: 2.60e-01] [lr: 4.26e-04] [mem: 5.67e+03] (170.6 ms)
[429,   232] grad_stats: [1.88e-03 6.13e-04] (1.71e-04, 1.39e-02)
avg. loss 8.43936683e-02
time taken for epoch 0:00:53.539848
Epoch 430
[430,     0] loss: 7.904004e-02 masks: 23.0 16.0 [wd: 2.60e-01] [lr: 4.26e-04] [mem: 5.67e+03] (165.6 ms)
[430,     0] grad_stats: [1.71e-03 7.68e-04] (1.70e-04, 5.29e-02)
[430,   116] loss: 8.574383e-02 masks: 21.4 17.6 [wd: 2.61e-01] [lr: 4.25e-04] [mem: 5.67e+03] (167.6 ms)
[430,   116] grad_stats: [7.74e-04 8.86e-04] (1.63e-04, 3.00e-02)
[430,   232] loss: 8.569972e-02 masks: 21.5 17.4 [wd: 2.61e-01] [lr: 4.23e-04] [mem: 5.67e+03] (168.1 ms)
[430,   232] grad_stats: [1.54e-03 6.34e-04] (1.63e-04, 8.57e-03)
avg. loss 8.56997245e-02
time taken for epoch 0:00:52.920942
Epoch 431
[431,     0] loss: 8.840769e-02 masks: 18.0 20.0 [wd: 2.61e-01] [lr: 4.23e-04] [mem: 5.67e+03] (160.4 ms)
[431,     0] grad_stats: [1.73e-03 7.73e-04] (1.60e-04, 1.41e-02)
[431,   116] loss: 8.401629e-02 masks: 22.1 17.1 [wd: 2.61e-01] [lr: 4.22e-04] [mem: 5.67e+03] (168.7 ms)
[431,   116] grad_stats: [1.12e-03 7.17e-04] (2.01e-04, 1.67e-02)
[431,   232] loss: 8.436967e-02 masks: 22.1 17.1 [wd: 2.62e-01] [lr: 4.21e-04] [mem: 5.67e+03] (169.3 ms)
[431,   232] grad_stats: [2.42e-03 7.61e-04] (1.59e-04, 1.58e-02)
avg. loss 8.43696726e-02
time taken for epoch 0:00:53.188176
Epoch 432
[432,     0] loss: 8.359845e-02 masks: 24.0 16.0 [wd: 2.62e-01] [lr: 4.21e-04] [mem: 5.67e+03] (171.2 ms)
[432,     0] grad_stats: [8.67e-04 7.94e-04] (1.92e-04, 1.57e-02)
[432,   116] loss: 8.520939e-02 masks: 22.3 17.1 [wd: 2.62e-01] [lr: 4.20e-04] [mem: 5.67e+03] (169.4 ms)
[432,   116] grad_stats: [4.18e-03 7.03e-04] (1.96e-04, 3.03e-02)
[432,   232] loss: 8.522162e-02 masks: 22.2 17.1 [wd: 2.63e-01] [lr: 4.19e-04] [mem: 5.67e+03] (169.6 ms)
[432,   232] grad_stats: [1.47e-03 7.91e-04] (1.79e-04, 3.11e-02)
avg. loss 8.52216182e-02
time taken for epoch 0:00:53.310377
Epoch 433
[433,     0] loss: 8.660560e-02 masks: 17.0 20.0 [wd: 2.63e-01] [lr: 4.19e-04] [mem: 5.67e+03] (156.6 ms)
[433,     0] grad_stats: [2.21e-03 1.04e-03] (1.86e-04, 1.97e-02)
[433,   116] loss: 8.564808e-02 masks: 21.4 17.5 [wd: 2.63e-01] [lr: 4.18e-04] [mem: 5.67e+03] (167.5 ms)
[433,   116] grad_stats: [1.39e-03 1.32e-03] (1.94e-04, 2.88e-02)
[433,   232] loss: 8.517783e-02 masks: 21.8 17.3 [wd: 2.63e-01] [lr: 4.17e-04] [mem: 5.67e+03] (168.9 ms)
[433,   232] grad_stats: [8.45e-04 5.38e-04] (1.51e-04, 1.96e-02)
avg. loss 8.51778347e-02
time taken for epoch 0:00:53.155838
Epoch 434
[434,     0] loss: 6.397972e-02 masks: 33.0 12.0 [wd: 2.63e-01] [lr: 4.17e-04] [mem: 5.67e+03] (190.7 ms)
[434,     0] grad_stats: [8.64e-04 4.80e-04] (1.08e-04, 1.27e-02)
[434,   116] loss: 8.427909e-02 masks: 22.1 17.3 [wd: 2.64e-01] [lr: 4.16e-04] [mem: 5.67e+03] (169.0 ms)
[434,   116] grad_stats: [7.83e-04 7.50e-04] (1.69e-04, 1.10e-02)
[434,   232] loss: 8.490853e-02 masks: 22.0 17.2 [wd: 2.64e-01] [lr: 4.15e-04] [mem: 5.67e+03] (169.2 ms)
[434,   232] grad_stats: [1.52e-03 7.62e-04] (2.03e-04, 3.55e-02)
avg. loss 8.49085256e-02
time taken for epoch 0:00:53.152830
Epoch 435
[435,     0] loss: 9.460348e-02 masks: 18.0 20.0 [wd: 2.64e-01] [lr: 4.15e-04] [mem: 5.67e+03] (160.1 ms)
[435,     0] grad_stats: [1.58e-03 6.72e-04] (1.71e-04, 1.14e-02)
[435,   116] loss: 8.396529e-02 masks: 22.2 17.3 [wd: 2.64e-01] [lr: 4.14e-04] [mem: 5.67e+03] (169.5 ms)
[435,   116] grad_stats: [1.05e-03 9.78e-04] (2.04e-04, 1.40e-02)
[435,   232] loss: 8.481638e-02 masks: 22.2 17.2 [wd: 2.65e-01] [lr: 4.13e-04] [mem: 5.67e+03] (169.7 ms)
[435,   232] grad_stats: [8.74e-04 5.21e-04] (1.31e-04, 4.36e-02)
avg. loss 8.48163841e-02
time taken for epoch 0:00:53.302779
Epoch 436
[436,     0] loss: 6.943776e-02 masks: 33.0 12.0 [wd: 2.65e-01] [lr: 4.13e-04] [mem: 5.67e+03] (190.6 ms)
[436,     0] grad_stats: [1.01e-03 6.57e-04] (1.34e-04, 3.36e-02)
[436,   116] loss: 8.389938e-02 masks: 22.7 16.9 [wd: 2.65e-01] [lr: 4.11e-04] [mem: 5.67e+03] (170.3 ms)
[436,   116] grad_stats: [8.54e-04 7.05e-04] (1.93e-04, 3.17e-02)
[436,   232] loss: 8.428475e-02 masks: 22.3 17.2 [wd: 2.65e-01] [lr: 4.10e-04] [mem: 5.67e+03] (170.0 ms)
[436,   232] grad_stats: [1.06e-03 7.18e-04] (1.90e-04, 1.29e-02)
avg. loss 8.42847483e-02
time taken for epoch 0:00:53.310714
Epoch 437
[437,     0] loss: 9.087040e-02 masks: 19.0 20.0 [wd: 2.65e-01] [lr: 4.10e-04] [mem: 5.67e+03] (163.1 ms)
[437,     0] grad_stats: [8.77e-04 6.61e-04] (1.76e-04, 1.52e-02)
[437,   116] loss: 8.462078e-02 masks: 22.1 17.1 [wd: 2.66e-01] [lr: 4.09e-04] [mem: 5.67e+03] (168.8 ms)
[437,   116] grad_stats: [6.45e-04 7.92e-04] (1.86e-04, 3.46e-02)
[437,   232] loss: 8.450411e-02 masks: 22.2 17.2 [wd: 2.66e-01] [lr: 4.08e-04] [mem: 5.67e+03] (169.6 ms)
[437,   232] grad_stats: [9.33e-04 8.18e-04] (1.83e-04, 1.17e-02)
avg. loss 8.45041121e-02
time taken for epoch 0:00:53.272714
Epoch 438
[438,     0] loss: 8.207231e-02 masks: 21.0 16.0 [wd: 2.66e-01] [lr: 4.08e-04] [mem: 5.67e+03] (161.8 ms)
[438,     0] grad_stats: [1.24e-03 7.46e-04] (1.83e-04, 3.19e-02)
[438,   116] loss: 8.344179e-02 masks: 22.3 17.4 [wd: 2.67e-01] [lr: 4.07e-04] [mem: 5.67e+03] (169.7 ms)
[438,   116] grad_stats: [1.01e-03 7.63e-04] (1.71e-04, 1.41e-02)
[438,   232] loss: 8.453507e-02 masks: 21.8 17.4 [wd: 2.67e-01] [lr: 4.06e-04] [mem: 5.67e+03] (168.8 ms)
[438,   232] grad_stats: [1.07e-03 9.48e-04] (1.84e-04, 3.89e-02)
avg. loss 8.45350727e-02
time taken for epoch 0:00:53.103017
Epoch 439
[439,     0] loss: 7.293625e-02 masks: 27.0 16.0 [wd: 2.67e-01] [lr: 4.06e-04] [mem: 5.67e+03] (178.7 ms)
[439,     0] grad_stats: [1.08e-03 6.68e-04] (1.73e-04, 1.94e-02)
[439,   116] loss: 8.396121e-02 masks: 22.1 17.4 [wd: 2.67e-01] [lr: 4.05e-04] [mem: 5.67e+03] (169.3 ms)
[439,   116] grad_stats: [9.54e-04 6.48e-04] (1.42e-04, 1.38e-02)
[439,   232] loss: 8.459160e-02 masks: 21.9 17.4 [wd: 2.68e-01] [lr: 4.04e-04] [mem: 5.67e+03] (169.3 ms)
[439,   232] grad_stats: [7.62e-04 6.85e-04] (1.29e-04, 2.27e-02)
avg. loss 8.45915987e-02
time taken for epoch 0:00:53.230349
Epoch 440
[440,     0] loss: 7.944006e-02 masks: 19.0 20.0 [wd: 2.68e-01] [lr: 4.04e-04] [mem: 5.67e+03] (164.3 ms)
[440,     0] grad_stats: [7.25e-04 8.62e-04] (1.65e-04, 7.50e-03)
[440,   116] loss: 8.506654e-02 masks: 21.5 17.4 [wd: 2.68e-01] [lr: 4.03e-04] [mem: 5.67e+03] (167.5 ms)
[440,   116] grad_stats: [1.34e-03 5.97e-04] (1.75e-04, 2.83e-02)
[440,   232] loss: 8.518596e-02 masks: 21.6 17.4 [wd: 2.68e-01] [lr: 4.02e-04] [mem: 5.67e+03] (168.3 ms)
[440,   232] grad_stats: [9.45e-04 8.39e-04] (1.73e-04, 1.74e-02)
avg. loss 8.51859634e-02
	Epoch 440, KNN accuracy train: 7.32690e-01, KNN accuracy train: 6.12000e-01
time taken for epoch 0:01:35.479416
Epoch 441
[441,     0] loss: 9.424576e-02 masks: 20.0 20.0 [wd: 2.68e-01] [lr: 4.02e-04] [mem: 5.67e+03] (164.5 ms)
[441,     0] grad_stats: [1.13e-03 7.17e-04] (2.01e-04, 2.42e-02)
[441,   116] loss: 8.415624e-02 masks: 22.2 17.2 [wd: 2.69e-01] [lr: 4.01e-04] [mem: 5.67e+03] (168.6 ms)
[441,   116] grad_stats: [8.87e-04 1.06e-03] (1.80e-04, 2.54e-02)
[441,   232] loss: 8.490539e-02 masks: 22.0 17.3 [wd: 2.69e-01] [lr: 4.00e-04] [mem: 5.67e+03] (168.7 ms)
[441,   232] grad_stats: [1.05e-03 7.64e-04] (1.75e-04, 1.66e-02)
avg. loss 8.49053913e-02
time taken for epoch 0:00:53.116343
Epoch 442
[442,     0] loss: 9.168372e-02 masks: 14.0 20.0 [wd: 2.69e-01] [lr: 4.00e-04] [mem: 5.67e+03] (149.0 ms)
[442,     0] grad_stats: [1.33e-03 6.10e-04] (1.72e-04, 1.96e-02)
[442,   116] loss: 8.560740e-02 masks: 21.3 17.4 [wd: 2.69e-01] [lr: 3.98e-04] [mem: 5.67e+03] (166.8 ms)
[442,   116] grad_stats: [1.33e-03 7.46e-04] (1.87e-04, 4.26e-02)
[442,   232] loss: 8.517450e-02 masks: 21.5 17.4 [wd: 2.70e-01] [lr: 3.97e-04] [mem: 5.67e+03] (168.1 ms)
[442,   232] grad_stats: [7.59e-04 7.69e-04] (1.54e-04, 1.02e-02)
avg. loss 8.51744990e-02
time taken for epoch 0:00:52.927485
Epoch 443
[443,     0] loss: 7.606117e-02 masks: 23.0 16.0 [wd: 2.70e-01] [lr: 3.97e-04] [mem: 5.67e+03] (167.1 ms)
[443,     0] grad_stats: [1.35e-03 6.55e-04] (1.46e-04, 1.77e-02)
[443,   116] loss: 8.366805e-02 masks: 22.6 17.2 [wd: 2.70e-01] [lr: 3.96e-04] [mem: 5.67e+03] (170.3 ms)
[443,   116] grad_stats: [8.55e-04 5.54e-04] (1.60e-04, 9.90e-03)
[443,   232] loss: 8.430412e-02 masks: 22.1 17.3 [wd: 2.71e-01] [lr: 3.95e-04] [mem: 5.67e+03] (169.6 ms)
[443,   232] grad_stats: [1.14e-03 6.96e-04] (1.77e-04, 2.91e-02)
avg. loss 8.43041168e-02
time taken for epoch 0:00:53.306916
Epoch 444
[444,     0] loss: 8.129919e-02 masks: 25.0 16.0 [wd: 2.71e-01] [lr: 3.95e-04] [mem: 5.67e+03] (173.9 ms)
[444,     0] grad_stats: [1.40e-03 7.28e-04] (1.62e-04, 3.71e-02)
[444,   116] loss: 8.501457e-02 masks: 21.8 17.3 [wd: 2.71e-01] [lr: 3.94e-04] [mem: 5.67e+03] (168.2 ms)
[444,   116] grad_stats: [8.04e-04 7.00e-04] (1.61e-04, 2.24e-02)
[444,   232] loss: 8.520142e-02 masks: 21.7 17.3 [wd: 2.71e-01] [lr: 3.93e-04] [mem: 5.67e+03] (168.6 ms)
[444,   232] grad_stats: [1.02e-03 1.05e-03] (2.32e-04, 2.45e-02)
avg. loss 8.52014180e-02
time taken for epoch 0:00:53.029995
Epoch 445
[445,     0] loss: 7.943041e-02 masks: 25.0 16.0 [wd: 2.71e-01] [lr: 3.93e-04] [mem: 5.67e+03] (173.5 ms)
[445,     0] grad_stats: [7.26e-04 6.84e-04] (1.75e-04, 1.62e-02)
[445,   116] loss: 8.584076e-02 masks: 21.9 17.3 [wd: 2.72e-01] [lr: 3.92e-04] [mem: 5.67e+03] (168.5 ms)
[445,   116] grad_stats: [8.63e-04 9.69e-04] (1.66e-04, 2.66e-02)
[445,   232] loss: 8.581535e-02 masks: 21.5 17.4 [wd: 2.72e-01] [lr: 3.91e-04] [mem: 5.67e+03] (168.0 ms)
[445,   232] grad_stats: [9.05e-04 7.71e-04] (1.65e-04, 2.56e-02)
avg. loss 8.58153482e-02
time taken for epoch 0:00:52.927452
Epoch 446
[446,     0] loss: 7.720754e-02 masks: 21.0 20.0 [wd: 2.72e-01] [lr: 3.91e-04] [mem: 5.67e+03] (168.3 ms)
[446,     0] grad_stats: [1.77e-03 7.30e-04] (1.66e-04, 1.70e-02)
[446,   116] loss: 8.602550e-02 masks: 21.5 17.7 [wd: 2.72e-01] [lr: 3.90e-04] [mem: 5.67e+03] (167.9 ms)
[446,   116] grad_stats: [9.84e-04 7.39e-04] (1.55e-04, 1.58e-02)
[446,   232] loss: 8.605218e-02 masks: 21.2 17.7 [wd: 2.73e-01] [lr: 3.89e-04] [mem: 5.67e+03] (167.7 ms)
[446,   232] grad_stats: [7.46e-04 7.86e-04] (1.54e-04, 1.63e-02)
avg. loss 8.60521799e-02
time taken for epoch 0:00:52.891711
Epoch 447
[447,     0] loss: 8.072157e-02 masks: 20.0 20.0 [wd: 2.73e-01] [lr: 3.89e-04] [mem: 5.67e+03] (165.4 ms)
[447,     0] grad_stats: [1.15e-03 7.77e-04] (1.51e-04, 3.62e-02)
[447,   116] loss: 8.464900e-02 masks: 22.5 17.3 [wd: 2.73e-01] [lr: 3.88e-04] [mem: 5.67e+03] (170.0 ms)
[447,   116] grad_stats: [7.46e-04 1.02e-03] (1.63e-04, 3.12e-02)
[447,   232] loss: 8.525127e-02 masks: 21.9 17.5 [wd: 2.73e-01] [lr: 3.87e-04] [mem: 5.67e+03] (169.1 ms)
[447,   232] grad_stats: [1.02e-03 5.90e-04] (1.77e-04, 2.75e-02)
avg. loss 8.52512667e-02
time taken for epoch 0:00:53.115079
Epoch 448
[448,     0] loss: 8.543465e-02 masks: 20.0 20.0 [wd: 2.73e-01] [lr: 3.87e-04] [mem: 5.67e+03] (162.6 ms)
[448,     0] grad_stats: [1.61e-03 7.23e-04] (1.74e-04, 5.42e-02)
[448,   116] loss: 8.470291e-02 masks: 21.8 17.3 [wd: 2.74e-01] [lr: 3.86e-04] [mem: 5.67e+03] (168.4 ms)
[448,   116] grad_stats: [1.23e-03 7.74e-04] (1.92e-04, 1.31e-02)
[448,   232] loss: 8.460396e-02 masks: 22.4 17.1 [wd: 2.74e-01] [lr: 3.84e-04] [mem: 5.67e+03] (170.2 ms)
[448,   232] grad_stats: [1.21e-03 6.83e-04] (1.71e-04, 3.61e-02)
avg. loss 8.46039600e-02
time taken for epoch 0:00:53.386748
Epoch 449
[449,     0] loss: 8.072907e-02 masks: 21.0 20.0 [wd: 2.74e-01] [lr: 3.84e-04] [mem: 5.67e+03] (167.3 ms)
[449,     0] grad_stats: [8.99e-04 8.13e-04] (1.82e-04, 1.85e-02)
[449,   116] loss: 8.370712e-02 masks: 23.0 16.9 [wd: 2.75e-01] [lr: 3.83e-04] [mem: 5.67e+03] (171.3 ms)
[449,   116] grad_stats: [1.05e-03 5.77e-04] (1.41e-04, 2.82e-02)
[449,   232] loss: 8.453277e-02 masks: 22.4 17.2 [wd: 2.75e-01] [lr: 3.82e-04] [mem: 5.67e+03] (170.1 ms)
[449,   232] grad_stats: [1.36e-03 9.65e-04] (1.94e-04, 3.90e-02)
avg. loss 8.45327671e-02
time taken for epoch 0:00:53.358094
Epoch 450
[450,     0] loss: 9.909827e-02 masks: 15.0 20.0 [wd: 2.75e-01] [lr: 3.82e-04] [mem: 5.67e+03] (149.7 ms)
[450,     0] grad_stats: [1.44e-03 8.31e-04] (1.89e-04, 4.71e-02)
[450,   116] loss: 8.481263e-02 masks: 22.1 17.2 [wd: 2.75e-01] [lr: 3.81e-04] [mem: 5.67e+03] (168.8 ms)
[450,   116] grad_stats: [1.52e-03 5.87e-04] (1.70e-04, 3.71e-02)
[450,   232] loss: 8.455058e-02 masks: 22.2 17.2 [wd: 2.76e-01] [lr: 3.80e-04] [mem: 5.67e+03] (169.7 ms)
[450,   232] grad_stats: [9.32e-04 1.14e-03] (1.80e-04, 1.61e-02)
avg. loss 8.45505761e-02
time taken for epoch 0:00:53.300597
Epoch 451
[451,     0] loss: 8.660596e-02 masks: 17.0 20.0 [wd: 2.76e-01] [lr: 3.80e-04] [mem: 5.67e+03] (156.1 ms)
[451,     0] grad_stats: [9.07e-04 9.26e-04] (1.88e-04, 1.03e-02)
[451,   116] loss: 8.398255e-02 masks: 22.3 17.0 [wd: 2.76e-01] [lr: 3.79e-04] [mem: 5.67e+03] (169.3 ms)
[451,   116] grad_stats: [8.85e-04 8.28e-04] (1.79e-04, 1.95e-02)
[451,   232] loss: 8.524450e-02 masks: 21.8 17.2 [wd: 2.76e-01] [lr: 3.78e-04] [mem: 5.67e+03] (168.5 ms)
[451,   232] grad_stats: [7.66e-04 6.39e-04] (1.79e-04, 1.47e-02)
avg. loss 8.52444997e-02
time taken for epoch 0:00:54.025956
Epoch 452
[452,     0] loss: 6.709537e-02 masks: 34.0 12.0 [wd: 2.76e-01] [lr: 3.78e-04] [mem: 5.67e+03] (191.9 ms)
[452,     0] grad_stats: [1.17e-03 6.61e-04] (1.45e-04, 5.71e-02)
[452,   116] loss: 8.439971e-02 masks: 22.4 17.3 [wd: 2.77e-01] [lr: 3.77e-04] [mem: 5.67e+03] (170.0 ms)
[452,   116] grad_stats: [8.34e-04 6.81e-04] (1.76e-04, 4.33e-02)
[452,   232] loss: 8.410946e-02 masks: 22.6 17.1 [wd: 2.77e-01] [lr: 3.76e-04] [mem: 5.67e+03] (170.7 ms)
[452,   232] grad_stats: [1.14e-03 9.18e-04] (1.67e-04, 3.39e-02)
avg. loss 8.41094553e-02
time taken for epoch 0:00:53.496862
Epoch 453
[453,     0] loss: 8.285793e-02 masks: 21.0 16.0 [wd: 2.77e-01] [lr: 3.76e-04] [mem: 5.67e+03] (164.0 ms)
[453,     0] grad_stats: [2.10e-03 1.18e-03] (2.20e-04, 2.82e-02)
[453,   116] loss: 8.492993e-02 masks: 22.0 17.5 [wd: 2.77e-01] [lr: 3.75e-04] [mem: 5.67e+03] (169.2 ms)
[453,   116] grad_stats: [9.59e-04 5.44e-04] (1.64e-04, 2.92e-02)
[453,   232] loss: 8.455484e-02 masks: 22.0 17.4 [wd: 2.78e-01] [lr: 3.74e-04] [mem: 5.67e+03] (169.4 ms)
[453,   232] grad_stats: [2.01e-03 5.41e-04] (1.53e-04, 1.87e-02)
avg. loss 8.45548442e-02
time taken for epoch 0:00:53.059522
Epoch 454
[454,     0] loss: 8.562201e-02 masks: 23.0 16.0 [wd: 2.78e-01] [lr: 3.74e-04] [mem: 5.67e+03] (168.2 ms)
[454,     0] grad_stats: [1.46e-03 6.95e-04] (2.02e-04, 2.62e-02)
[454,   116] loss: 8.612055e-02 masks: 21.0 17.6 [wd: 2.78e-01] [lr: 3.73e-04] [mem: 5.67e+03] (166.4 ms)
[454,   116] grad_stats: [2.25e-03 8.32e-04] (1.84e-04, 1.56e-02)
[454,   232] loss: 8.557898e-02 masks: 21.4 17.4 [wd: 2.78e-01] [lr: 3.72e-04] [mem: 5.67e+03] (167.9 ms)
[454,   232] grad_stats: [1.29e-03 9.74e-04] (2.47e-04, 1.53e-02)
avg. loss 8.55789791e-02
time taken for epoch 0:00:52.903439
Epoch 455
[455,     0] loss: 8.882547e-02 masks: 14.0 20.0 [wd: 2.78e-01] [lr: 3.72e-04] [mem: 5.67e+03] (147.3 ms)
[455,     0] grad_stats: [1.09e-03 1.32e-03] (1.88e-04, 2.99e-02)
[455,   116] loss: 8.459435e-02 masks: 22.1 17.2 [wd: 2.79e-01] [lr: 3.71e-04] [mem: 5.67e+03] (169.0 ms)
[455,   116] grad_stats: [1.33e-03 6.04e-04] (1.50e-04, 5.33e-02)
[455,   232] loss: 8.500242e-02 masks: 22.0 17.3 [wd: 2.79e-01] [lr: 3.69e-04] [mem: 5.67e+03] (169.4 ms)
[455,   232] grad_stats: [9.00e-04 6.93e-04] (1.89e-04, 1.17e-02)
avg. loss 8.50024215e-02
time taken for epoch 0:00:53.203708
Epoch 456
[456,     0] loss: 7.663498e-02 masks: 20.0 20.0 [wd: 2.79e-01] [lr: 3.69e-04] [mem: 5.67e+03] (165.0 ms)
[456,     0] grad_stats: [1.29e-03 6.91e-04] (1.89e-04, 2.92e-02)
[456,   116] loss: 8.352682e-02 masks: 22.5 17.2 [wd: 2.80e-01] [lr: 3.68e-04] [mem: 5.67e+03] (170.2 ms)
[456,   116] grad_stats: [8.25e-04 6.56e-04] (1.45e-04, 6.84e-02)
[456,   232] loss: 8.358049e-02 masks: 22.5 17.2 [wd: 2.80e-01] [lr: 3.67e-04] [mem: 5.67e+03] (170.7 ms)
[456,   232] grad_stats: [2.24e-03 7.60e-04] (2.11e-04, 2.07e-02)
avg. loss 8.35804880e-02
time taken for epoch 0:00:53.527258
Epoch 457
[457,     0] loss: 9.858347e-02 masks: 12.0 20.0 [wd: 2.80e-01] [lr: 3.67e-04] [mem: 5.67e+03] (143.0 ms)
[457,     0] grad_stats: [1.21e-03 8.39e-04] (1.84e-04, 1.68e-02)
[457,   116] loss: 8.455606e-02 masks: 21.9 17.2 [wd: 2.80e-01] [lr: 3.66e-04] [mem: 5.67e+03] (168.4 ms)
[457,   116] grad_stats: [7.66e-04 7.65e-04] (1.84e-04, 1.59e-02)
[457,   232] loss: 8.522497e-02 masks: 21.3 17.5 [wd: 2.81e-01] [lr: 3.65e-04] [mem: 5.67e+03] (167.7 ms)
[457,   232] grad_stats: [1.13e-03 1.23e-03] (2.31e-04, 4.35e-02)
avg. loss 8.52249694e-02
time taken for epoch 0:00:52.805923
Epoch 458
[458,     0] loss: 8.959146e-02 masks: 16.0 20.0 [wd: 2.81e-01] [lr: 3.65e-04] [mem: 5.67e+03] (154.1 ms)
[458,     0] grad_stats: [1.08e-03 1.07e-03] (2.18e-04, 6.03e-02)
[458,   116] loss: 8.546378e-02 masks: 21.6 17.5 [wd: 2.81e-01] [lr: 3.64e-04] [mem: 5.67e+03] (167.9 ms)
[458,   116] grad_stats: [1.40e-03 7.72e-04] (1.71e-04, 1.39e-02)
[458,   232] loss: 8.461375e-02 masks: 22.1 17.2 [wd: 2.81e-01] [lr: 3.63e-04] [mem: 5.67e+03] (169.3 ms)
[458,   232] grad_stats: [9.03e-04 8.44e-04] (1.59e-04, 3.38e-02)
avg. loss 8.46137488e-02
time taken for epoch 0:00:53.187404
Epoch 459
[459,     0] loss: 9.382243e-02 masks: 18.0 20.0 [wd: 2.81e-01] [lr: 3.63e-04] [mem: 5.67e+03] (160.5 ms)
[459,     0] grad_stats: [9.10e-04 7.61e-04] (1.71e-04, 2.49e-02)
[459,   116] loss: 8.481299e-02 masks: 22.0 17.4 [wd: 2.82e-01] [lr: 3.62e-04] [mem: 5.67e+03] (169.2 ms)
[459,   116] grad_stats: [9.20e-04 6.78e-04] (1.70e-04, 5.30e-02)
[459,   232] loss: 8.489035e-02 masks: 21.9 17.4 [wd: 2.82e-01] [lr: 3.61e-04] [mem: 5.67e+03] (169.3 ms)
[459,   232] grad_stats: [1.10e-03 6.19e-04] (1.39e-04, 3.30e-02)
avg. loss 8.48903549e-02
time taken for epoch 0:00:53.199153
Epoch 460
[460,     0] loss: 7.823207e-02 masks: 26.0 16.0 [wd: 2.82e-01] [lr: 3.61e-04] [mem: 5.67e+03] (178.5 ms)
[460,     0] grad_stats: [9.32e-04 8.10e-04] (1.80e-04, 1.00e-02)
[460,   116] loss: 8.458983e-02 masks: 22.3 17.0 [wd: 2.82e-01] [lr: 3.60e-04] [mem: 5.67e+03] (169.2 ms)
[460,   116] grad_stats: [8.78e-04 8.71e-04] (1.94e-04, 1.91e-02)
[460,   232] loss: 8.523356e-02 masks: 21.8 17.3 [wd: 2.83e-01] [lr: 3.59e-04] [mem: 5.67e+03] (168.6 ms)
[460,   232] grad_stats: [9.50e-04 5.80e-04] (1.65e-04, 1.86e-02)
avg. loss 8.52335567e-02
	Epoch 460, KNN accuracy train: 7.32690e-01, KNN accuracy train: 6.06000e-01
time taken for epoch 0:01:35.360726
Epoch 461
[461,     0] loss: 8.030078e-02 masks: 26.0 16.0 [wd: 2.83e-01] [lr: 3.59e-04] [mem: 5.67e+03] (177.5 ms)
[461,     0] grad_stats: [7.51e-04 8.16e-04] (1.47e-04, 3.27e-02)
[461,   116] loss: 8.573456e-02 masks: 21.3 17.4 [wd: 2.83e-01] [lr: 3.58e-04] [mem: 5.67e+03] (166.4 ms)
[461,   116] grad_stats: [3.14e-03 7.53e-04] (1.91e-04, 1.32e-02)
[461,   232] loss: 8.525455e-02 masks: 21.7 17.2 [wd: 2.83e-01] [lr: 3.57e-04] [mem: 5.67e+03] (168.0 ms)
[461,   232] grad_stats: [1.50e-03 7.55e-04] (1.64e-04, 2.01e-02)
avg. loss 8.52545478e-02
time taken for epoch 0:00:52.884174
Epoch 462
[462,     0] loss: 1.010597e-01 masks: 12.0 20.0 [wd: 2.83e-01] [lr: 3.57e-04] [mem: 5.67e+03] (143.6 ms)
[462,     0] grad_stats: [1.05e-03 9.14e-04] (1.68e-04, 1.45e-02)
[462,   116] loss: 8.473821e-02 masks: 22.0 17.3 [wd: 2.84e-01] [lr: 3.56e-04] [mem: 5.67e+03] (168.8 ms)
[462,   116] grad_stats: [9.64e-04 6.90e-04] (1.76e-04, 3.39e-02)
[462,   232] loss: 8.471653e-02 masks: 22.0 17.1 [wd: 2.84e-01] [lr: 3.55e-04] [mem: 5.67e+03] (169.2 ms)
[462,   232] grad_stats: [1.20e-03 7.60e-04] (1.65e-04, 5.50e-02)
avg. loss 8.47165294e-02
time taken for epoch 0:00:53.163159
Epoch 463
[463,     0] loss: 6.401017e-02 masks: 33.0 12.0 [wd: 2.84e-01] [lr: 3.55e-04] [mem: 5.67e+03] (192.1 ms)
[463,     0] grad_stats: [1.61e-03 5.65e-04] (1.36e-04, 3.14e-02)
[463,   116] loss: 8.471705e-02 masks: 22.1 17.2 [wd: 2.85e-01] [lr: 3.54e-04] [mem: 5.67e+03] (168.8 ms)
[463,   116] grad_stats: [1.19e-03 1.16e-03] (2.19e-04, 1.13e-02)
[463,   232] loss: 8.440286e-02 masks: 22.0 17.2 [wd: 2.85e-01] [lr: 3.52e-04] [mem: 5.67e+03] (169.2 ms)
[463,   232] grad_stats: [2.10e-03 9.18e-04] (1.85e-04, 1.30e-02)
avg. loss 8.44028591e-02
time taken for epoch 0:00:53.126102
Epoch 464
[464,     0] loss: 7.873069e-02 masks: 25.0 16.0 [wd: 2.85e-01] [lr: 3.52e-04] [mem: 5.67e+03] (174.5 ms)
[464,     0] grad_stats: [8.43e-04 9.52e-04] (1.66e-04, 1.82e-02)
[464,   116] loss: 8.344622e-02 masks: 22.6 17.0 [wd: 2.85e-01] [lr: 3.51e-04] [mem: 5.67e+03] (170.0 ms)
[464,   116] grad_stats: [7.43e-04 7.40e-04] (1.97e-04, 1.36e-02)
[464,   232] loss: 8.420149e-02 masks: 22.3 17.1 [wd: 2.86e-01] [lr: 3.50e-04] [mem: 5.67e+03] (169.8 ms)
[464,   232] grad_stats: [1.69e-03 7.46e-04] (2.10e-04, 6.33e-02)
avg. loss 8.42014852e-02
time taken for epoch 0:00:53.295976
Epoch 465
[465,     0] loss: 7.890263e-02 masks: 24.0 16.0 [wd: 2.86e-01] [lr: 3.50e-04] [mem: 5.67e+03] (171.8 ms)
[465,     0] grad_stats: [1.30e-03 1.09e-03] (2.29e-04, 1.35e-02)
[465,   116] loss: 8.479768e-02 masks: 21.5 17.6 [wd: 2.86e-01] [lr: 3.49e-04] [mem: 5.67e+03] (167.8 ms)
[465,   116] grad_stats: [1.44e-03 6.00e-04] (2.02e-04, 3.36e-02)
[465,   232] loss: 8.493743e-02 masks: 21.5 17.5 [wd: 2.86e-01] [lr: 3.48e-04] [mem: 5.67e+03] (168.2 ms)
[465,   232] grad_stats: [1.18e-03 6.51e-04] (2.27e-04, 1.56e-02)
avg. loss 8.49374347e-02
time taken for epoch 0:00:53.007155
Epoch 466
[466,     0] loss: 9.916818e-02 masks: 12.0 20.0 [wd: 2.86e-01] [lr: 3.48e-04] [mem: 5.67e+03] (142.0 ms)
[466,     0] grad_stats: [9.53e-04 1.18e-03] (2.49e-04, 2.27e-02)
[466,   116] loss: 8.463780e-02 masks: 22.1 17.2 [wd: 2.87e-01] [lr: 3.47e-04] [mem: 5.67e+03] (168.9 ms)
[466,   116] grad_stats: [8.32e-04 1.00e-03] (1.95e-04, 2.04e-02)
[466,   232] loss: 8.540113e-02 masks: 21.5 17.5 [wd: 2.87e-01] [lr: 3.46e-04] [mem: 5.67e+03] (168.1 ms)
[466,   232] grad_stats: [9.70e-04 1.04e-03] (2.29e-04, 2.32e-02)
avg. loss 8.54011261e-02
time taken for epoch 0:00:52.856753
Epoch 467
[467,     0] loss: 7.751196e-02 masks: 23.0 16.0 [wd: 2.87e-01] [lr: 3.46e-04] [mem: 5.67e+03] (167.5 ms)
[467,     0] grad_stats: [6.45e-04 7.02e-04] (1.80e-04, 2.26e-02)
[467,   116] loss: 8.611856e-02 masks: 21.0 17.7 [wd: 2.87e-01] [lr: 3.45e-04] [mem: 5.67e+03] (166.4 ms)
[467,   116] grad_stats: [2.75e-03 8.22e-04] (1.93e-04, 3.64e-02)
[467,   232] loss: 8.476757e-02 masks: 21.9 17.4 [wd: 2.88e-01] [lr: 3.44e-04] [mem: 5.67e+03] (168.9 ms)
[467,   232] grad_stats: [1.23e-03 1.01e-03] (1.97e-04, 2.14e-02)
avg. loss 8.47675678e-02
time taken for epoch 0:00:53.160530
Epoch 468
[468,     0] loss: 8.651881e-02 masks: 20.0 20.0 [wd: 2.88e-01] [lr: 3.44e-04] [mem: 5.67e+03] (165.5 ms)
[468,     0] grad_stats: [7.93e-04 5.75e-04] (1.76e-04, 1.77e-02)
[468,   116] loss: 8.616159e-02 masks: 20.8 17.6 [wd: 2.88e-01] [lr: 3.43e-04] [mem: 5.67e+03] (165.7 ms)
[468,   116] grad_stats: [8.90e-04 6.95e-04] (1.65e-04, 3.52e-02)
[468,   232] loss: 8.520968e-02 masks: 21.4 17.3 [wd: 2.88e-01] [lr: 3.42e-04] [mem: 5.67e+03] (167.6 ms)
[468,   232] grad_stats: [9.42e-04 7.35e-04] (1.96e-04, 2.87e-02)
avg. loss 8.52096753e-02
time taken for epoch 0:00:52.751165
Epoch 469
[469,     0] loss: 8.954292e-02 masks: 24.0 16.0 [wd: 2.88e-01] [lr: 3.42e-04] [mem: 5.67e+03] (171.7 ms)
[469,     0] grad_stats: [1.14e-03 8.15e-04] (1.96e-04, 3.62e-02)
[469,   116] loss: 8.451094e-02 masks: 21.8 17.5 [wd: 2.89e-01] [lr: 3.41e-04] [mem: 5.67e+03] (168.4 ms)
[469,   116] grad_stats: [1.19e-03 8.01e-04] (1.79e-04, 3.60e-02)
[469,   232] loss: 8.455945e-02 masks: 21.9 17.4 [wd: 2.89e-01] [lr: 3.40e-04] [mem: 5.67e+03] (168.9 ms)
[469,   232] grad_stats: [1.40e-03 8.91e-04] (2.52e-04, 4.04e-02)
avg. loss 8.45594457e-02
time taken for epoch 0:00:52.991948
Epoch 470
[470,     0] loss: 9.002879e-02 masks: 18.0 20.0 [wd: 2.89e-01] [lr: 3.40e-04] [mem: 5.67e+03] (160.4 ms)
[470,     0] grad_stats: [1.23e-03 9.30e-04] (2.43e-04, 2.66e-02)
[470,   116] loss: 8.525499e-02 masks: 21.6 17.4 [wd: 2.89e-01] [lr: 3.39e-04] [mem: 5.67e+03] (167.8 ms)
[470,   116] grad_stats: [9.46e-04 8.90e-04] (2.37e-04, 2.83e-02)
[470,   232] loss: 8.554958e-02 masks: 21.3 17.6 [wd: 2.90e-01] [lr: 3.38e-04] [mem: 5.67e+03] (167.6 ms)
[470,   232] grad_stats: [2.04e-03 1.30e-03] (2.35e-04, 1.57e-02)
avg. loss 8.55495768e-02
time taken for epoch 0:00:52.712055
Epoch 471
[471,     0] loss: 8.085343e-02 masks: 33.0 12.0 [wd: 2.90e-01] [lr: 3.38e-04] [mem: 5.67e+03] (190.5 ms)
[471,     0] grad_stats: [1.01e-03 6.72e-04] (1.95e-04, 3.66e-02)
[471,   116] loss: 8.557906e-02 masks: 21.3 17.4 [wd: 2.90e-01] [lr: 3.37e-04] [mem: 5.67e+03] (167.1 ms)
[471,   116] grad_stats: [1.74e-03 6.88e-04] (1.78e-04, 1.12e-02)
[471,   232] loss: 8.497098e-02 masks: 21.6 17.4 [wd: 2.90e-01] [lr: 3.36e-04] [mem: 5.67e+03] (168.3 ms)
[471,   232] grad_stats: [1.65e-03 1.08e-03] (2.21e-04, 1.03e-02)
avg. loss 8.49709757e-02
time taken for epoch 0:00:52.936013
Epoch 472
[472,     0] loss: 7.813754e-02 masks: 26.0 16.0 [wd: 2.90e-01] [lr: 3.36e-04] [mem: 5.67e+03] (177.5 ms)
[472,     0] grad_stats: [9.50e-04 1.03e-03] (1.93e-04, 1.87e-02)
[472,   116] loss: 8.431035e-02 masks: 22.0 17.4 [wd: 2.91e-01] [lr: 3.35e-04] [mem: 5.67e+03] (168.8 ms)
[472,   116] grad_stats: [1.07e-03 6.68e-04] (1.81e-04, 1.64e-02)
[472,   232] loss: 8.377996e-02 masks: 22.5 17.1 [wd: 2.91e-01] [lr: 3.34e-04] [mem: 5.67e+03] (170.3 ms)
[472,   232] grad_stats: [2.40e-03 1.17e-03] (2.40e-04, 1.23e-02)
avg. loss 8.37799628e-02
time taken for epoch 0:00:53.469775
Epoch 473
[473,     0] loss: 8.169112e-02 masks: 21.0 16.0 [wd: 2.91e-01] [lr: 3.34e-04] [mem: 5.67e+03] (164.1 ms)
[473,     0] grad_stats: [1.26e-03 9.22e-04] (1.78e-04, 4.02e-02)
[473,   116] loss: 8.468513e-02 masks: 21.5 17.5 [wd: 2.91e-01] [lr: 3.33e-04] [mem: 5.67e+03] (167.7 ms)
[473,   116] grad_stats: [1.79e-03 8.87e-04] (2.15e-04, 3.58e-02)
[473,   232] loss: 8.529298e-02 masks: 21.6 17.4 [wd: 2.92e-01] [lr: 3.32e-04] [mem: 5.67e+03] (168.3 ms)
[473,   232] grad_stats: [8.47e-04 9.27e-04] (1.79e-04, 1.61e-02)
avg. loss 8.52929754e-02
time taken for epoch 0:00:53.026715
Epoch 474
[474,     0] loss: 8.304915e-02 masks: 20.0 20.0 [wd: 2.92e-01] [lr: 3.31e-04] [mem: 5.67e+03] (163.5 ms)
[474,     0] grad_stats: [1.27e-03 8.90e-04] (2.07e-04, 1.10e-02)
[474,   116] loss: 8.511743e-02 masks: 21.7 17.3 [wd: 2.92e-01] [lr: 3.30e-04] [mem: 5.67e+03] (168.0 ms)
[474,   116] grad_stats: [1.22e-03 1.19e-03] (2.37e-04, 2.82e-02)
[474,   232] loss: 8.418403e-02 masks: 22.2 17.1 [wd: 2.93e-01] [lr: 3.29e-04] [mem: 5.67e+03] (169.5 ms)
[474,   232] grad_stats: [1.80e-03 8.29e-04] (1.95e-04, 3.28e-02)
avg. loss 8.41840280e-02
time taken for epoch 0:00:53.310913
Epoch 475
[475,     0] loss: 8.201740e-02 masks: 27.0 16.0 [wd: 2.93e-01] [lr: 3.29e-04] [mem: 5.67e+03] (181.3 ms)
[475,     0] grad_stats: [1.32e-03 7.44e-04] (2.22e-04, 2.91e-02)
[475,   116] loss: 8.395918e-02 masks: 22.2 17.0 [wd: 2.93e-01] [lr: 3.28e-04] [mem: 5.67e+03] (169.2 ms)
[475,   116] grad_stats: [2.40e-03 1.11e-03] (2.21e-04, 5.90e-02)
[475,   232] loss: 8.445764e-02 masks: 21.8 17.3 [wd: 2.93e-01] [lr: 3.27e-04] [mem: 5.67e+03] (168.9 ms)
[475,   232] grad_stats: [7.56e-04 7.09e-04] (1.64e-04, 1.86e-02)
avg. loss 8.44576391e-02
time taken for epoch 0:00:53.118601
Epoch 476
[476,     0] loss: 9.137691e-02 masks: 16.0 20.0 [wd: 2.93e-01] [lr: 3.27e-04] [mem: 5.67e+03] (154.1 ms)
[476,     0] grad_stats: [1.27e-03 7.24e-04] (2.08e-04, 3.32e-02)
[476,   116] loss: 8.333360e-02 masks: 22.2 17.0 [wd: 2.94e-01] [lr: 3.26e-04] [mem: 5.67e+03] (169.0 ms)
[476,   116] grad_stats: [1.08e-03 9.71e-04] (2.39e-04, 3.65e-02)
[476,   232] loss: 8.390103e-02 masks: 22.3 17.0 [wd: 2.94e-01] [lr: 3.25e-04] [mem: 5.67e+03] (169.9 ms)
[476,   232] grad_stats: [1.00e-03 8.10e-04] (1.95e-04, 3.24e-02)
avg. loss 8.39010326e-02
time taken for epoch 0:00:53.293252
Epoch 477
[477,     0] loss: 8.811765e-02 masks: 18.0 20.0 [wd: 2.94e-01] [lr: 3.25e-04] [mem: 5.67e+03] (158.6 ms)
[477,     0] grad_stats: [1.12e-03 1.09e-03] (2.13e-04, 4.00e-02)
[477,   116] loss: 8.392771e-02 masks: 21.9 17.3 [wd: 2.94e-01] [lr: 3.24e-04] [mem: 5.67e+03] (168.6 ms)
[477,   116] grad_stats: [2.31e-03 8.80e-04] (1.91e-04, 4.38e-02)
[477,   232] loss: 8.400677e-02 masks: 21.8 17.4 [wd: 2.95e-01] [lr: 3.23e-04] [mem: 5.67e+03] (168.7 ms)
[477,   232] grad_stats: [7.16e-04 8.98e-04] (1.90e-04, 1.54e-02)
avg. loss 8.40067717e-02
time taken for epoch 0:00:53.065801
Epoch 478
[478,     0] loss: 8.649381e-02 masks: 17.0 20.0 [wd: 2.95e-01] [lr: 3.23e-04] [mem: 5.67e+03] (156.3 ms)
[478,     0] grad_stats: [1.10e-03 8.58e-04] (2.05e-04, 6.01e-02)
[478,   116] loss: 8.312538e-02 masks: 22.8 16.9 [wd: 2.95e-01] [lr: 3.22e-04] [mem: 5.67e+03] (170.6 ms)
[478,   116] grad_stats: [1.22e-03 8.03e-04] (2.43e-04, 1.12e-02)
[478,   232] loss: 8.366078e-02 masks: 22.4 17.1 [wd: 2.95e-01] [lr: 3.21e-04] [mem: 5.67e+03] (170.1 ms)
[478,   232] grad_stats: [1.19e-03 1.03e-03] (2.41e-04, 3.28e-02)
avg. loss 8.36607829e-02
time taken for epoch 0:00:53.241572
Epoch 479
[479,     0] loss: 7.834200e-02 masks: 24.0 16.0 [wd: 2.95e-01] [lr: 3.21e-04] [mem: 5.67e+03] (172.0 ms)
[479,     0] grad_stats: [1.25e-03 6.86e-04] (2.19e-04, 6.81e-02)
[479,   116] loss: 8.555113e-02 masks: 21.2 17.5 [wd: 2.96e-01] [lr: 3.20e-04] [mem: 5.67e+03] (166.7 ms)
[479,   116] grad_stats: [2.17e-03 8.24e-04] (1.72e-04, 1.51e-02)
[479,   232] loss: 8.444460e-02 masks: 21.9 17.3 [wd: 2.96e-01] [lr: 3.19e-04] [mem: 5.67e+03] (168.9 ms)
[479,   232] grad_stats: [1.20e-03 7.77e-04] (1.75e-04, 1.59e-02)
avg. loss 8.44445993e-02
time taken for epoch 0:00:53.129453
Epoch 480
[480,     0] loss: 9.091045e-02 masks: 21.0 16.0 [wd: 2.96e-01] [lr: 3.19e-04] [mem: 5.67e+03] (164.9 ms)
[480,     0] grad_stats: [1.16e-03 6.85e-04] (2.32e-04, 4.21e-02)
[480,   116] loss: 8.453147e-02 masks: 22.1 17.2 [wd: 2.96e-01] [lr: 3.18e-04] [mem: 5.67e+03] (169.1 ms)
[480,   116] grad_stats: [8.08e-04 8.73e-04] (2.22e-04, 9.87e-03)
[480,   232] loss: 8.457823e-02 masks: 21.8 17.4 [wd: 2.97e-01] [lr: 3.17e-04] [mem: 5.67e+03] (168.8 ms)
[480,   232] grad_stats: [2.07e-03 7.64e-04] (2.07e-04, 1.81e-02)
avg. loss 8.45782311e-02
	Epoch 480, KNN accuracy train: 7.34764e-01, KNN accuracy train: 6.07333e-01
time taken for epoch 0:01:35.552908
Epoch 481
[481,     0] loss: 8.605075e-02 masks: 21.0 16.0 [wd: 2.97e-01] [lr: 3.17e-04] [mem: 5.67e+03] (163.3 ms)
[481,     0] grad_stats: [1.18e-03 6.58e-04] (1.89e-04, 2.18e-02)
[481,   116] loss: 8.583230e-02 masks: 21.2 17.5 [wd: 2.97e-01] [lr: 3.16e-04] [mem: 5.67e+03] (166.2 ms)
[481,   116] grad_stats: [9.42e-04 9.02e-04] (2.30e-04, 4.35e-02)
[481,   232] loss: 8.491715e-02 masks: 21.6 17.4 [wd: 2.97e-01] [lr: 3.15e-04] [mem: 5.67e+03] (167.9 ms)
[481,   232] grad_stats: [1.05e-03 1.06e-03] (2.35e-04, 2.69e-02)
avg. loss 8.49171515e-02
time taken for epoch 0:00:52.867539
Epoch 482
[482,     0] loss: 7.134810e-02 masks: 36.0 12.0 [wd: 2.97e-01] [lr: 3.15e-04] [mem: 5.67e+03] (200.3 ms)
[482,     0] grad_stats: [1.46e-03 6.10e-04] (1.86e-04, 2.99e-02)
[482,   116] loss: 8.448554e-02 masks: 21.8 17.2 [wd: 2.98e-01] [lr: 3.14e-04] [mem: 5.67e+03] (168.0 ms)
[482,   116] grad_stats: [8.29e-04 5.99e-04] (1.62e-04, 4.60e-02)
[482,   232] loss: 8.452416e-02 masks: 21.9 17.2 [wd: 2.98e-01] [lr: 3.13e-04] [mem: 5.67e+03] (168.8 ms)
[482,   232] grad_stats: [6.79e-04 9.04e-04] (2.05e-04, 1.61e-02)
avg. loss 8.45241556e-02
time taken for epoch 0:00:52.970705
Epoch 483
[483,     0] loss: 8.199788e-02 masks: 21.0 16.0 [wd: 2.98e-01] [lr: 3.13e-04] [mem: 5.67e+03] (163.4 ms)
[483,     0] grad_stats: [7.44e-04 9.22e-04] (2.04e-04, 1.29e-02)
[483,   116] loss: 8.397619e-02 masks: 21.9 17.2 [wd: 2.98e-01] [lr: 3.12e-04] [mem: 5.67e+03] (168.4 ms)
[483,   116] grad_stats: [1.26e-03 9.12e-04] (2.36e-04, 1.72e-02)
[483,   232] loss: 8.402380e-02 masks: 22.1 17.2 [wd: 2.99e-01] [lr: 3.11e-04] [mem: 5.67e+03] (169.3 ms)
[483,   232] grad_stats: [1.01e-03 1.04e-03] (2.21e-04, 5.93e-02)
avg. loss 8.40238040e-02
time taken for epoch 0:00:53.233203
Epoch 484
[484,     0] loss: 7.585264e-02 masks: 26.0 16.0 [wd: 2.99e-01] [lr: 3.11e-04] [mem: 5.67e+03] (176.9 ms)
[484,     0] grad_stats: [1.03e-03 7.18e-04] (1.84e-04, 2.08e-02)
[484,   116] loss: 8.399317e-02 masks: 22.0 17.4 [wd: 2.99e-01] [lr: 3.10e-04] [mem: 5.67e+03] (168.8 ms)
[484,   116] grad_stats: [1.52e-03 8.23e-04] (1.88e-04, 2.52e-02)
[484,   232] loss: 8.442743e-02 masks: 21.8 17.2 [wd: 2.99e-01] [lr: 3.09e-04] [mem: 5.67e+03] (168.7 ms)
[484,   232] grad_stats: [9.98e-04 7.04e-04] (1.93e-04, 1.23e-02)
avg. loss 8.44274300e-02
time taken for epoch 0:00:53.082810
Epoch 485
[485,     0] loss: 8.096596e-02 masks: 25.0 16.0 [wd: 2.99e-01] [lr: 3.09e-04] [mem: 5.67e+03] (174.2 ms)
[485,     0] grad_stats: [1.56e-03 8.13e-04] (2.08e-04, 2.19e-02)
[485,   116] loss: 8.237399e-02 masks: 22.8 16.9 [wd: 3.00e-01] [lr: 3.08e-04] [mem: 5.67e+03] (170.9 ms)
[485,   116] grad_stats: [1.86e-03 1.30e-03] (2.98e-04, 1.75e-02)
[485,   232] loss: 8.332376e-02 masks: 22.4 17.1 [wd: 3.00e-01] [lr: 3.07e-04] [mem: 5.67e+03] (170.2 ms)
[485,   232] grad_stats: [1.03e-03 1.24e-03] (2.19e-04, 1.46e-02)
avg. loss 8.33237624e-02
time taken for epoch 0:00:53.372047
Epoch 486
[486,     0] loss: 9.215353e-02 masks: 20.0 20.0 [wd: 3.00e-01] [lr: 3.07e-04] [mem: 5.67e+03] (164.2 ms)
[486,     0] grad_stats: [1.43e-03 9.77e-04] (2.34e-04, 1.76e-02)
[486,   116] loss: 8.484808e-02 masks: 21.3 17.4 [wd: 3.00e-01] [lr: 3.06e-04] [mem: 5.67e+03] (167.0 ms)
[486,   116] grad_stats: [2.52e-03 7.51e-04] (2.10e-04, 2.23e-02)
[486,   232] loss: 8.499433e-02 masks: 21.5 17.4 [wd: 3.01e-01] [lr: 3.05e-04] [mem: 5.67e+03] (168.0 ms)
[486,   232] grad_stats: [1.45e-03 7.64e-04] (2.12e-04, 3.40e-02)
avg. loss 8.49943302e-02
time taken for epoch 0:00:52.885625
Epoch 487
[487,     0] loss: 8.896142e-02 masks: 17.0 20.0 [wd: 3.01e-01] [lr: 3.05e-04] [mem: 5.67e+03] (158.2 ms)
[487,     0] grad_stats: [1.01e-03 8.07e-04] (2.06e-04, 2.69e-02)
[487,   116] loss: 8.374708e-02 masks: 21.9 17.3 [wd: 3.01e-01] [lr: 3.04e-04] [mem: 5.67e+03] (168.6 ms)
[487,   116] grad_stats: [9.96e-04 8.21e-04] (1.98e-04, 3.11e-02)
[487,   232] loss: 8.361507e-02 masks: 22.4 17.1 [wd: 3.01e-01] [lr: 3.03e-04] [mem: 5.67e+03] (170.4 ms)
[487,   232] grad_stats: [1.78e-03 8.11e-04] (2.41e-04, 1.26e-02)
avg. loss 8.36150666e-02
time taken for epoch 0:00:53.468416
Epoch 488
[488,     0] loss: 8.800220e-02 masks: 17.0 16.0 [wd: 3.01e-01] [lr: 3.03e-04] [mem: 5.67e+03] (150.2 ms)
[488,     0] grad_stats: [1.53e-03 7.75e-04] (1.83e-04, 1.72e-02)
[488,   116] loss: 8.374387e-02 masks: 22.2 17.0 [wd: 3.02e-01] [lr: 3.02e-04] [mem: 5.67e+03] (169.1 ms)
[488,   116] grad_stats: [1.28e-03 8.29e-04] (2.34e-04, 1.31e-02)
[488,   232] loss: 8.307776e-02 masks: 22.8 16.9 [wd: 3.02e-01] [lr: 3.01e-04] [mem: 5.67e+03] (171.0 ms)
[488,   232] grad_stats: [6.30e-04 7.50e-04] (1.69e-04, 1.86e-02)
avg. loss 8.30777587e-02
time taken for epoch 0:00:53.598695
Epoch 489
[489,     0] loss: 9.499529e-02 masks: 17.0 20.0 [wd: 3.02e-01] [lr: 3.01e-04] [mem: 5.67e+03] (157.5 ms)
[489,     0] grad_stats: [8.59e-04 6.65e-04] (2.09e-04, 3.51e-02)
[489,   116] loss: 8.482473e-02 masks: 21.7 17.4 [wd: 3.02e-01] [lr: 3.00e-04] [mem: 5.67e+03] (168.4 ms)
[489,   116] grad_stats: [9.98e-04 7.80e-04] (2.43e-04, 2.00e-02)
[489,   232] loss: 8.448126e-02 masks: 21.6 17.5 [wd: 3.03e-01] [lr: 2.99e-04] [mem: 5.67e+03] (168.5 ms)
[489,   232] grad_stats: [1.18e-03 6.84e-04] (1.89e-04, 2.29e-02)
avg. loss 8.44812614e-02
time taken for epoch 0:00:53.024514
Epoch 490
[490,     0] loss: 7.827275e-02 masks: 24.0 16.0 [wd: 3.03e-01] [lr: 2.99e-04] [mem: 5.67e+03] (171.6 ms)
[490,     0] grad_stats: [1.53e-03 7.97e-04] (1.97e-04, 2.81e-02)
[490,   116] loss: 8.393384e-02 masks: 22.1 17.1 [wd: 3.03e-01] [lr: 2.98e-04] [mem: 5.67e+03] (169.1 ms)
[490,   116] grad_stats: [9.08e-04 8.85e-04] (2.07e-04, 2.65e-02)
[490,   232] loss: 8.451163e-02 masks: 21.6 17.5 [wd: 3.03e-01] [lr: 2.97e-04] [mem: 5.67e+03] (168.5 ms)
[490,   232] grad_stats: [1.09e-03 1.22e-03] (2.42e-04, 1.86e-02)
avg. loss 8.45116342e-02
time taken for epoch 0:00:53.009757
Epoch 491
[491,     0] loss: 7.445130e-02 masks: 26.0 16.0 [wd: 3.03e-01] [lr: 2.97e-04] [mem: 5.67e+03] (177.2 ms)
[491,     0] grad_stats: [1.18e-03 8.65e-04] (1.95e-04, 1.43e-02)
[491,   116] loss: 8.387461e-02 masks: 22.4 17.1 [wd: 3.04e-01] [lr: 2.96e-04] [mem: 5.67e+03] (169.8 ms)
[491,   116] grad_stats: [1.66e-03 1.07e-03] (1.99e-04, 1.40e-02)
[491,   232] loss: 8.401913e-02 masks: 22.1 17.3 [wd: 3.04e-01] [lr: 2.95e-04] [mem: 5.67e+03] (169.5 ms)
[491,   232] grad_stats: [1.53e-03 8.65e-04] (2.22e-04, 3.22e-02)
avg. loss 8.40191271e-02
time taken for epoch 0:00:53.184741
Epoch 492
[492,     0] loss: 6.368332e-02 masks: 35.0 12.0 [wd: 3.04e-01] [lr: 2.95e-04] [mem: 5.67e+03] (196.3 ms)
[492,     0] grad_stats: [9.11e-04 6.68e-04] (1.83e-04, 1.69e-02)
[492,   116] loss: 8.469360e-02 masks: 22.0 17.4 [wd: 3.04e-01] [lr: 2.94e-04] [mem: 5.67e+03] (169.0 ms)
[492,   116] grad_stats: [1.49e-03 8.69e-04] (2.12e-04, 3.35e-02)
[492,   232] loss: 8.369636e-02 masks: 22.3 17.2 [wd: 3.05e-01] [lr: 2.93e-04] [mem: 5.67e+03] (170.1 ms)
[492,   232] grad_stats: [1.35e-03 9.78e-04] (2.42e-04, 3.49e-02)
avg. loss 8.36963620e-02
time taken for epoch 0:00:53.427824
Epoch 493
[493,     0] loss: 8.577046e-02 masks: 27.0 16.0 [wd: 3.05e-01] [lr: 2.93e-04] [mem: 5.67e+03] (181.5 ms)
[493,     0] grad_stats: [1.40e-03 9.96e-04] (3.04e-04, 4.26e-02)
[493,   116] loss: 8.418351e-02 masks: 22.0 17.3 [wd: 3.05e-01] [lr: 2.92e-04] [mem: 5.67e+03] (169.1 ms)
[493,   116] grad_stats: [7.64e-04 6.42e-04] (2.15e-04, 2.09e-02)
[493,   232] loss: 8.376854e-02 masks: 22.5 17.2 [wd: 3.05e-01] [lr: 2.91e-04] [mem: 5.67e+03] (170.6 ms)
[493,   232] grad_stats: [1.47e-03 8.93e-04] (2.20e-04, 1.21e-02)
avg. loss 8.37685447e-02
time taken for epoch 0:00:53.470403
Epoch 494
[494,     0] loss: 8.298432e-02 masks: 26.0 16.0 [wd: 3.05e-01] [lr: 2.91e-04] [mem: 5.67e+03] (179.1 ms)
[494,     0] grad_stats: [8.58e-04 7.50e-04] (1.93e-04, 4.56e-02)
[494,   116] loss: 8.244536e-02 masks: 22.9 16.9 [wd: 3.06e-01] [lr: 2.90e-04] [mem: 5.67e+03] (171.1 ms)
[494,   116] grad_stats: [1.71e-03 6.97e-04] (1.95e-04, 4.79e-02)
[494,   232] loss: 8.416428e-02 masks: 22.1 17.2 [wd: 3.06e-01] [lr: 2.89e-04] [mem: 5.67e+03] (169.6 ms)
[494,   232] grad_stats: [1.42e-03 8.32e-04] (2.43e-04, 8.70e-02)
avg. loss 8.41642806e-02
time taken for epoch 0:00:53.274759
Epoch 495
[495,     0] loss: 8.029545e-02 masks: 20.0 16.0 [wd: 3.06e-01] [lr: 2.89e-04] [mem: 5.67e+03] (160.6 ms)
[495,     0] grad_stats: [9.98e-04 1.24e-03] (2.42e-04, 1.97e-02)
[495,   116] loss: 8.473755e-02 masks: 21.8 17.5 [wd: 3.06e-01] [lr: 2.88e-04] [mem: 5.67e+03] (168.5 ms)
[495,   116] grad_stats: [2.57e-03 7.81e-04] (2.20e-04, 3.59e-02)
[495,   232] loss: 8.457135e-02 masks: 21.8 17.4 [wd: 3.07e-01] [lr: 2.87e-04] [mem: 5.67e+03] (169.1 ms)
[495,   232] grad_stats: [1.04e-03 8.65e-04] (2.11e-04, 6.28e-02)
avg. loss 8.45713476e-02
time taken for epoch 0:00:53.123510
Epoch 496
[496,     0] loss: 9.388346e-02 masks: 20.0 20.0 [wd: 3.07e-01] [lr: 2.87e-04] [mem: 5.67e+03] (164.3 ms)
[496,     0] grad_stats: [1.96e-03 8.04e-04] (2.45e-04, 2.59e-02)
[496,   116] loss: 8.384404e-02 masks: 22.4 17.2 [wd: 3.07e-01] [lr: 2.86e-04] [mem: 5.67e+03] (170.1 ms)
[496,   116] grad_stats: [8.27e-04 7.98e-04] (2.58e-04, 1.39e-02)
[496,   232] loss: 8.383341e-02 masks: 22.4 17.2 [wd: 3.07e-01] [lr: 2.85e-04] [mem: 5.67e+03] (170.4 ms)
[496,   232] grad_stats: [9.74e-04 9.10e-04] (2.26e-04, 3.34e-02)
avg. loss 8.38334144e-02
time taken for epoch 0:00:53.532915
Epoch 497
[497,     0] loss: 9.202506e-02 masks: 16.0 20.0 [wd: 3.07e-01] [lr: 2.85e-04] [mem: 5.67e+03] (152.7 ms)
[497,     0] grad_stats: [8.98e-04 1.24e-03] (2.62e-04, 2.35e-02)
[497,   116] loss: 8.346752e-02 masks: 23.0 17.1 [wd: 3.08e-01] [lr: 2.84e-04] [mem: 5.67e+03] (171.6 ms)
[497,   116] grad_stats: [1.03e-03 7.99e-04] (2.30e-04, 1.63e-02)
[497,   232] loss: 8.397223e-02 masks: 22.1 17.3 [wd: 3.08e-01] [lr: 2.83e-04] [mem: 5.67e+03] (169.9 ms)
[497,   232] grad_stats: [1.34e-03 1.07e-03] (2.49e-04, 3.68e-02)
avg. loss 8.39722291e-02
time taken for epoch 0:00:53.346789
Epoch 498
[498,     0] loss: 8.077471e-02 masks: 20.0 20.0 [wd: 3.08e-01] [lr: 2.83e-04] [mem: 5.67e+03] (165.5 ms)
[498,     0] grad_stats: [8.33e-04 9.31e-04] (2.26e-04, 1.45e-02)
[498,   116] loss: 8.491981e-02 masks: 21.8 17.3 [wd: 3.08e-01] [lr: 2.82e-04] [mem: 5.67e+03] (168.5 ms)
[498,   116] grad_stats: [7.10e-04 6.63e-04] (1.93e-04, 1.93e-02)
[498,   232] loss: 8.447409e-02 masks: 22.0 17.2 [wd: 3.09e-01] [lr: 2.81e-04] [mem: 5.67e+03] (169.3 ms)
[498,   232] grad_stats: [1.38e-03 7.44e-04] (1.86e-04, 1.70e-02)
avg. loss 8.44740875e-02
time taken for epoch 0:00:53.203390
Epoch 499
[499,     0] loss: 9.258668e-02 masks: 21.0 16.0 [wd: 3.09e-01] [lr: 2.81e-04] [mem: 5.67e+03] (162.9 ms)
[499,     0] grad_stats: [1.65e-03 1.18e-03] (2.41e-04, 4.60e-02)
[499,   116] loss: 8.369423e-02 masks: 22.0 17.4 [wd: 3.09e-01] [lr: 2.80e-04] [mem: 5.67e+03] (169.3 ms)
[499,   116] grad_stats: [1.34e-03 1.17e-03] (2.56e-04, 1.76e-02)
[499,   232] loss: 8.418581e-02 masks: 22.0 17.4 [wd: 3.09e-01] [lr: 2.79e-04] [mem: 5.67e+03] (169.6 ms)
[499,   232] grad_stats: [1.39e-03 1.10e-03] (2.38e-04, 3.72e-02)
avg. loss 8.41858133e-02
time taken for epoch 0:00:54.020708
Epoch 500
[500,     0] loss: 1.000638e-01 masks: 16.0 20.0 [wd: 3.09e-01] [lr: 2.79e-04] [mem: 5.67e+03] (151.9 ms)
[500,     0] grad_stats: [2.03e-03 1.12e-03] (2.73e-04, 2.62e-02)
[500,   116] loss: 8.344251e-02 masks: 22.6 17.1 [wd: 3.10e-01] [lr: 2.78e-04] [mem: 5.67e+03] (170.4 ms)
[500,   116] grad_stats: [1.09e-03 8.54e-04] (2.03e-04, 3.44e-02)
[500,   232] loss: 8.378693e-02 masks: 22.2 17.1 [wd: 3.10e-01] [lr: 2.77e-04] [mem: 5.67e+03] (169.6 ms)
[500,   232] grad_stats: [1.60e-03 7.78e-04] (2.04e-04, 8.38e-02)
avg. loss 8.37869269e-02
	Epoch 500, KNN accuracy train: 7.38412e-01, KNN accuracy train: 6.06667e-01
time taken for epoch 0:01:35.474739
Epoch 501
[501,     0] loss: 7.497516e-02 masks: 26.0 16.0 [wd: 3.10e-01] [lr: 2.77e-04] [mem: 5.67e+03] (176.9 ms)
[501,     0] grad_stats: [9.83e-04 8.39e-04] (2.50e-04, 1.44e-02)
[501,   116] loss: 8.409836e-02 masks: 21.8 17.6 [wd: 3.10e-01] [lr: 2.76e-04] [mem: 5.67e+03] (168.2 ms)
[501,   116] grad_stats: [1.33e-03 1.33e-03] (2.76e-04, 3.40e-02)
[501,   232] loss: 8.453582e-02 masks: 21.6 17.6 [wd: 3.11e-01] [lr: 2.75e-04] [mem: 5.67e+03] (168.3 ms)
[501,   232] grad_stats: [1.72e-03 8.78e-04] (2.36e-04, 2.68e-02)
avg. loss 8.45358237e-02
time taken for epoch 0:00:52.920803
Epoch 502
[502,     0] loss: 9.308109e-02 masks: 21.0 16.0 [wd: 3.11e-01] [lr: 2.75e-04] [mem: 5.67e+03] (161.9 ms)
[502,     0] grad_stats: [1.18e-03 1.18e-03] (2.80e-04, 1.58e-02)
[502,   116] loss: 8.530543e-02 masks: 21.0 17.5 [wd: 3.11e-01] [lr: 2.74e-04] [mem: 5.67e+03] (166.3 ms)
[502,   116] grad_stats: [9.83e-04 1.25e-03] (2.43e-04, 2.28e-02)
[502,   232] loss: 8.445170e-02 masks: 21.7 17.2 [wd: 3.11e-01] [lr: 2.73e-04] [mem: 5.67e+03] (168.2 ms)
[502,   232] grad_stats: [9.63e-04 8.85e-04] (2.03e-04, 1.55e-02)
avg. loss 8.44516990e-02
time taken for epoch 0:00:52.896570
Epoch 503
[503,     0] loss: 7.129364e-02 masks: 25.0 16.0 [wd: 3.11e-01] [lr: 2.73e-04] [mem: 5.67e+03] (174.3 ms)
[503,     0] grad_stats: [1.88e-03 6.96e-04] (1.90e-04, 2.03e-02)
[503,   116] loss: 8.293337e-02 masks: 22.4 17.4 [wd: 3.12e-01] [lr: 2.72e-04] [mem: 5.67e+03] (170.2 ms)
[503,   116] grad_stats: [1.23e-03 1.22e-03] (2.53e-04, 3.01e-02)
[503,   232] loss: 8.337327e-02 masks: 22.3 17.3 [wd: 3.12e-01] [lr: 2.71e-04] [mem: 5.67e+03] (170.2 ms)
[503,   232] grad_stats: [1.07e-03 7.85e-04] (2.24e-04, 1.71e-02)
avg. loss 8.33732706e-02
time taken for epoch 0:00:53.332617
Epoch 504
[504,     0] loss: 8.465956e-02 masks: 18.0 20.0 [wd: 3.12e-01] [lr: 2.71e-04] [mem: 5.67e+03] (160.0 ms)
[504,     0] grad_stats: [1.15e-03 9.21e-04] (2.85e-04, 3.89e-02)
[504,   116] loss: 8.354852e-02 masks: 21.9 17.3 [wd: 3.12e-01] [lr: 2.70e-04] [mem: 5.67e+03] (168.8 ms)
[504,   116] grad_stats: [1.31e-03 1.14e-03] (2.66e-04, 2.34e-02)
[504,   232] loss: 8.445666e-02 masks: 21.9 17.2 [wd: 3.13e-01] [lr: 2.69e-04] [mem: 5.67e+03] (168.9 ms)
[504,   232] grad_stats: [1.80e-03 6.91e-04] (2.12e-04, 3.97e-02)
avg. loss 8.44566587e-02
time taken for epoch 0:00:53.043243
Epoch 505
[505,     0] loss: 9.072652e-02 masks: 18.0 20.0 [wd: 3.13e-01] [lr: 2.69e-04] [mem: 5.67e+03] (160.9 ms)
[505,     0] grad_stats: [2.17e-03 9.96e-04] (2.55e-04, 5.17e-02)
[505,   116] loss: 8.460978e-02 masks: 21.2 17.5 [wd: 3.13e-01] [lr: 2.68e-04] [mem: 5.67e+03] (166.9 ms)
[505,   116] grad_stats: [1.07e-03 9.39e-04] (2.41e-04, 1.46e-02)
[505,   232] loss: 8.471116e-02 masks: 21.7 17.3 [wd: 3.13e-01] [lr: 2.67e-04] [mem: 5.67e+03] (168.4 ms)
[505,   232] grad_stats: [9.39e-04 8.93e-04] (2.15e-04, 1.87e-02)
avg. loss 8.47111643e-02
time taken for epoch 0:00:52.901500
Epoch 506
[506,     0] loss: 7.623009e-02 masks: 23.0 16.0 [wd: 3.13e-01] [lr: 2.67e-04] [mem: 5.67e+03] (168.3 ms)
[506,     0] grad_stats: [8.95e-04 8.88e-04] (2.45e-04, 4.41e-02)
[506,   116] loss: 8.431280e-02 masks: 22.2 17.2 [wd: 3.14e-01] [lr: 2.66e-04] [mem: 5.67e+03] (169.5 ms)
[506,   116] grad_stats: [1.30e-03 8.39e-04] (2.26e-04, 5.27e-02)
[506,   232] loss: 8.442489e-02 masks: 22.1 17.2 [wd: 3.14e-01] [lr: 2.65e-04] [mem: 5.67e+03] (169.6 ms)
[506,   232] grad_stats: [8.24e-04 8.58e-04] (1.91e-04, 2.23e-02)
avg. loss 8.44248933e-02
time taken for epoch 0:00:53.163939
Epoch 507
[507,     0] loss: 8.423215e-02 masks: 20.0 16.0 [wd: 3.14e-01] [lr: 2.65e-04] [mem: 5.67e+03] (160.8 ms)
[507,     0] grad_stats: [1.05e-03 1.24e-03] (2.73e-04, 4.91e-02)
[507,   116] loss: 8.470660e-02 masks: 21.6 17.5 [wd: 3.14e-01] [lr: 2.64e-04] [mem: 5.67e+03] (168.2 ms)
[507,   116] grad_stats: [1.27e-03 1.18e-03] (3.02e-04, 1.76e-02)
[507,   232] loss: 8.429782e-02 masks: 21.9 17.3 [wd: 3.15e-01] [lr: 2.63e-04] [mem: 5.67e+03] (169.3 ms)
[507,   232] grad_stats: [1.36e-03 1.14e-03] (2.65e-04, 5.21e-02)
avg. loss 8.42978180e-02
time taken for epoch 0:00:53.167304
Epoch 508
[508,     0] loss: 9.313343e-02 masks: 20.0 20.0 [wd: 3.15e-01] [lr: 2.63e-04] [mem: 5.67e+03] (164.7 ms)
[508,     0] grad_stats: [9.36e-04 1.06e-03] (2.52e-04, 4.39e-02)
[508,   116] loss: 8.454991e-02 masks: 21.5 17.7 [wd: 3.15e-01] [lr: 2.62e-04] [mem: 5.67e+03] (168.1 ms)
[508,   116] grad_stats: [1.04e-03 9.24e-04] (2.45e-04, 2.49e-02)
[508,   232] loss: 8.519504e-02 masks: 21.4 17.7 [wd: 3.15e-01] [lr: 2.61e-04] [mem: 5.67e+03] (168.0 ms)
[508,   232] grad_stats: [1.64e-03 1.12e-03] (2.74e-04, 2.10e-02)
avg. loss 8.51950435e-02
time taken for epoch 0:00:52.672261
Epoch 509
[509,     0] loss: 8.655375e-02 masks: 20.0 20.0 [wd: 3.15e-01] [lr: 2.61e-04] [mem: 5.67e+03] (164.0 ms)
[509,     0] grad_stats: [2.55e-03 9.27e-04] (3.00e-04, 1.76e-02)
[509,   116] loss: 8.363718e-02 masks: 22.3 17.2 [wd: 3.15e-01] [lr: 2.60e-04] [mem: 5.67e+03] (169.7 ms)
[509,   116] grad_stats: [1.99e-03 1.05e-03] (2.58e-04, 2.83e-02)
[509,   232] loss: 8.401187e-02 masks: 22.3 17.0 [wd: 3.16e-01] [lr: 2.59e-04] [mem: 5.67e+03] (169.9 ms)
[509,   232] grad_stats: [1.07e-03 8.05e-04] (2.87e-04, 2.82e-02)
avg. loss 8.40118730e-02
time taken for epoch 0:00:53.318719
Epoch 510
[510,     0] loss: 8.390091e-02 masks: 21.0 20.0 [wd: 3.16e-01] [lr: 2.59e-04] [mem: 5.67e+03] (169.1 ms)
[510,     0] grad_stats: [1.45e-03 1.07e-03] (2.62e-04, 3.06e-02)
[510,   116] loss: 8.406498e-02 masks: 21.6 17.5 [wd: 3.16e-01] [lr: 2.58e-04] [mem: 5.67e+03] (168.3 ms)
[510,   116] grad_stats: [1.11e-03 8.15e-04] (2.31e-04, 2.49e-02)
[510,   232] loss: 8.440477e-02 masks: 22.0 17.4 [wd: 3.16e-01] [lr: 2.57e-04] [mem: 5.67e+03] (169.6 ms)
[510,   232] grad_stats: [1.51e-03 8.47e-04] (2.44e-04, 6.76e-02)
avg. loss 8.44047678e-02
time taken for epoch 0:00:53.141172
Epoch 511
[511,     0] loss: 8.218475e-02 masks: 17.0 16.0 [wd: 3.16e-01] [lr: 2.57e-04] [mem: 5.67e+03] (150.6 ms)
[511,     0] grad_stats: [8.99e-04 9.16e-04] (2.13e-04, 1.33e-02)
[511,   116] loss: 8.462782e-02 masks: 22.0 17.2 [wd: 3.17e-01] [lr: 2.56e-04] [mem: 5.67e+03] (168.8 ms)
[511,   116] grad_stats: [9.74e-04 1.61e-03] (2.94e-04, 3.93e-02)
[511,   232] loss: 8.460596e-02 masks: 22.1 17.2 [wd: 3.17e-01] [lr: 2.55e-04] [mem: 5.67e+03] (169.5 ms)
[511,   232] grad_stats: [1.73e-03 8.11e-04] (2.61e-04, 3.27e-02)
avg. loss 8.46059586e-02
time taken for epoch 0:00:53.247806
Epoch 512
[512,     0] loss: 7.786009e-02 masks: 25.0 16.0 [wd: 3.17e-01] [lr: 2.55e-04] [mem: 5.67e+03] (172.1 ms)
[512,     0] grad_stats: [8.10e-04 7.82e-04] (2.59e-04, 3.24e-02)
[512,   116] loss: 8.470644e-02 masks: 22.1 17.2 [wd: 3.17e-01] [lr: 2.54e-04] [mem: 5.67e+03] (169.3 ms)
[512,   116] grad_stats: [1.01e-03 9.71e-04] (2.36e-04, 2.39e-02)
[512,   232] loss: 8.358392e-02 masks: 22.5 17.0 [wd: 3.18e-01] [lr: 2.53e-04] [mem: 5.67e+03] (170.5 ms)
[512,   232] grad_stats: [1.28e-03 7.79e-04] (2.14e-04, 3.85e-02)
avg. loss 8.35839228e-02
time taken for epoch 0:00:53.411588
Epoch 513
[513,     0] loss: 9.012350e-02 masks: 20.0 16.0 [wd: 3.18e-01] [lr: 2.53e-04] [mem: 5.67e+03] (161.6 ms)
[513,     0] grad_stats: [9.33e-04 1.14e-03] (2.70e-04, 1.72e-02)
[513,   116] loss: 8.402327e-02 masks: 21.9 17.3 [wd: 3.18e-01] [lr: 2.52e-04] [mem: 5.67e+03] (168.8 ms)
[513,   116] grad_stats: [8.34e-04 1.01e-03] (2.50e-04, 3.09e-02)
[513,   232] loss: 8.498655e-02 masks: 21.4 17.6 [wd: 3.18e-01] [lr: 2.51e-04] [mem: 5.67e+03] (168.0 ms)
[513,   232] grad_stats: [1.03e-03 1.07e-03] (2.65e-04, 3.96e-02)
avg. loss 8.49865502e-02
time taken for epoch 0:00:52.697874
Epoch 514
[514,     0] loss: 8.739594e-02 masks: 23.0 16.0 [wd: 3.18e-01] [lr: 2.51e-04] [mem: 5.67e+03] (168.0 ms)
[514,     0] grad_stats: [1.29e-03 1.11e-03] (3.06e-04, 4.91e-02)
[514,   116] loss: 8.425397e-02 masks: 22.6 17.0 [wd: 3.19e-01] [lr: 2.50e-04] [mem: 5.67e+03] (170.3 ms)
[514,   116] grad_stats: [9.76e-04 1.10e-03] (2.68e-04, 4.34e-02)
[514,   232] loss: 8.469201e-02 masks: 22.1 17.2 [wd: 3.19e-01] [lr: 2.49e-04] [mem: 5.67e+03] (169.6 ms)
[514,   232] grad_stats: [1.28e-03 7.84e-04] (2.58e-04, 3.16e-02)
avg. loss 8.46920086e-02
time taken for epoch 0:00:53.223747
Epoch 515
[515,     0] loss: 7.860994e-02 masks: 26.0 16.0 [wd: 3.19e-01] [lr: 2.49e-04] [mem: 5.67e+03] (179.0 ms)
[515,     0] grad_stats: [8.43e-04 7.43e-04] (2.47e-04, 2.45e-02)
[515,   116] loss: 8.581058e-02 masks: 21.4 17.5 [wd: 3.19e-01] [lr: 2.49e-04] [mem: 5.67e+03] (167.5 ms)
[515,   116] grad_stats: [8.02e-04 8.86e-04] (2.30e-04, 1.20e-02)
[515,   232] loss: 8.465931e-02 masks: 22.0 17.2 [wd: 3.20e-01] [lr: 2.48e-04] [mem: 5.67e+03] (169.3 ms)
[515,   232] grad_stats: [1.31e-03 7.43e-04] (3.24e-04, 1.81e-02)
avg. loss 8.46593069e-02
time taken for epoch 0:00:53.115789
Epoch 516
[516,     0] loss: 7.674167e-02 masks: 24.0 16.0 [wd: 3.20e-01] [lr: 2.48e-04] [mem: 5.67e+03] (172.9 ms)
[516,     0] grad_stats: [1.09e-03 8.90e-04] (3.39e-04, 2.73e-02)
[516,   116] loss: 8.561093e-02 masks: 21.3 17.7 [wd: 3.20e-01] [lr: 2.47e-04] [mem: 5.67e+03] (167.5 ms)
[516,   116] grad_stats: [1.21e-03 8.59e-04] (2.43e-04, 4.03e-02)
[516,   232] loss: 8.463108e-02 masks: 22.0 17.4 [wd: 3.20e-01] [lr: 2.46e-04] [mem: 5.67e+03] (169.6 ms)
[516,   232] grad_stats: [8.98e-04 7.97e-04] (2.36e-04, 1.52e-02)
avg. loss 8.46310785e-02
time taken for epoch 0:00:53.174761
Epoch 517
[517,     0] loss: 9.257195e-02 masks: 27.0 16.0 [wd: 3.20e-01] [lr: 2.46e-04] [mem: 5.67e+03] (180.6 ms)
[517,     0] grad_stats: [1.07e-03 8.41e-04] (2.17e-04, 2.45e-02)
[517,   116] loss: 8.393350e-02 masks: 22.6 17.1 [wd: 3.21e-01] [lr: 2.45e-04] [mem: 5.67e+03] (170.4 ms)
[517,   116] grad_stats: [1.01e-03 1.69e-03] (2.68e-04, 2.07e-02)
[517,   232] loss: 8.427421e-02 masks: 22.2 17.2 [wd: 3.21e-01] [lr: 2.44e-04] [mem: 5.67e+03] (169.8 ms)
[517,   232] grad_stats: [1.03e-03 1.33e-03] (3.19e-04, 6.22e-02)
avg. loss 8.42742125e-02
time taken for epoch 0:00:53.245166
Epoch 518
[518,     0] loss: 8.086529e-02 masks: 23.0 16.0 [wd: 3.21e-01] [lr: 2.44e-04] [mem: 5.67e+03] (169.3 ms)
[518,     0] grad_stats: [2.65e-03 9.70e-04] (2.51e-04, 2.06e-02)
[518,   116] loss: 8.437246e-02 masks: 22.1 17.3 [wd: 3.21e-01] [lr: 2.43e-04] [mem: 5.67e+03] (169.2 ms)
[518,   116] grad_stats: [1.81e-03 9.11e-04] (2.57e-04, 1.78e-02)
[518,   232] loss: 8.502931e-02 masks: 21.8 17.3 [wd: 3.21e-01] [lr: 2.42e-04] [mem: 5.67e+03] (168.8 ms)
[518,   232] grad_stats: [2.65e-03 8.85e-04] (2.60e-04, 4.69e-02)
avg. loss 8.50293105e-02
time taken for epoch 0:00:52.994611
Epoch 519
[519,     0] loss: 8.890944e-02 masks: 23.0 16.0 [wd: 3.21e-01] [lr: 2.42e-04] [mem: 5.67e+03] (168.1 ms)
[519,     0] grad_stats: [1.11e-03 1.60e-03] (3.19e-04, 6.56e-02)
[519,   116] loss: 8.416513e-02 masks: 22.5 17.1 [wd: 3.22e-01] [lr: 2.41e-04] [mem: 5.67e+03] (170.1 ms)
[519,   116] grad_stats: [9.93e-04 1.05e-03] (2.66e-04, 5.78e-02)
[519,   232] loss: 8.398566e-02 masks: 22.4 17.0 [wd: 3.22e-01] [lr: 2.40e-04] [mem: 5.67e+03] (170.1 ms)
[519,   232] grad_stats: [2.05e-03 1.19e-03] (2.57e-04, 3.79e-02)
avg. loss 8.39856610e-02
time taken for epoch 0:00:53.312805
Epoch 520
[520,     0] loss: 7.988898e-02 masks: 23.0 16.0 [wd: 3.22e-01] [lr: 2.40e-04] [mem: 5.67e+03] (167.3 ms)
[520,     0] grad_stats: [1.36e-03 1.02e-03] (2.80e-04, 5.43e-02)
[520,   116] loss: 8.573457e-02 masks: 21.2 17.6 [wd: 3.22e-01] [lr: 2.39e-04] [mem: 5.67e+03] (167.0 ms)
[520,   116] grad_stats: [2.04e-03 1.05e-03] (2.50e-04, 4.42e-02)
[520,   232] loss: 8.523419e-02 masks: 21.5 17.5 [wd: 3.23e-01] [lr: 2.38e-04] [mem: 5.67e+03] (168.1 ms)
[520,   232] grad_stats: [1.32e-03 9.24e-04] (2.20e-04, 2.97e-02)
avg. loss 8.52341866e-02
	Epoch 520, KNN accuracy train: 7.46495e-01, KNN accuracy train: 6.18333e-01
time taken for epoch 0:01:35.225193
Epoch 521
[521,     0] loss: 9.347493e-02 masks: 17.0 20.0 [wd: 3.23e-01] [lr: 2.38e-04] [mem: 5.67e+03] (156.7 ms)
[521,     0] grad_stats: [1.25e-03 1.53e-03] (2.81e-04, 4.40e-02)
[521,   116] loss: 8.505588e-02 masks: 21.5 17.3 [wd: 3.23e-01] [lr: 2.37e-04] [mem: 5.67e+03] (167.1 ms)
[521,   116] grad_stats: [2.56e-03 1.57e-03] (2.88e-04, 1.90e-02)
[521,   232] loss: 8.494263e-02 masks: 21.7 17.3 [wd: 3.23e-01] [lr: 2.36e-04] [mem: 5.67e+03] (168.1 ms)
[521,   232] grad_stats: [1.61e-03 1.06e-03] (2.44e-04, 6.86e-02)
avg. loss 8.49426313e-02
time taken for epoch 0:00:52.845283
Epoch 522
[522,     0] loss: 8.281725e-02 masks: 18.0 20.0 [wd: 3.23e-01] [lr: 2.36e-04] [mem: 5.67e+03] (159.0 ms)
[522,     0] grad_stats: [1.32e-03 1.38e-03] (3.16e-04, 1.84e-02)
[522,   116] loss: 8.513494e-02 masks: 21.8 17.4 [wd: 3.24e-01] [lr: 2.35e-04] [mem: 5.67e+03] (168.2 ms)
[522,   116] grad_stats: [2.24e-03 1.01e-03] (2.87e-04, 3.35e-02)
[522,   232] loss: 8.445287e-02 masks: 21.9 17.2 [wd: 3.24e-01] [lr: 2.34e-04] [mem: 5.67e+03] (168.9 ms)
[522,   232] grad_stats: [9.17e-04 9.20e-04] (2.57e-04, 1.90e-02)
avg. loss 8.44528676e-02
time taken for epoch 0:00:53.061177
Epoch 523
[523,     0] loss: 7.129543e-02 masks: 27.0 16.0 [wd: 3.24e-01] [lr: 2.34e-04] [mem: 5.67e+03] (181.3 ms)
[523,     0] grad_stats: [2.22e-03 7.44e-04] (2.81e-04, 1.92e-02)
[523,   116] loss: 8.537348e-02 masks: 21.5 17.4 [wd: 3.24e-01] [lr: 2.33e-04] [mem: 5.67e+03] (167.6 ms)
[523,   116] grad_stats: [1.35e-03 9.01e-04] (2.67e-04, 2.20e-02)
[523,   232] loss: 8.465952e-02 masks: 22.1 17.3 [wd: 3.25e-01] [lr: 2.32e-04] [mem: 5.67e+03] (169.5 ms)
[523,   232] grad_stats: [1.27e-03 1.11e-03] (3.13e-04, 2.34e-02)
avg. loss 8.46595199e-02
time taken for epoch 0:00:53.228471
Epoch 524
[524,     0] loss: 8.680154e-02 masks: 20.0 20.0 [wd: 3.25e-01] [lr: 2.32e-04] [mem: 5.67e+03] (166.6 ms)
[524,     0] grad_stats: [1.40e-03 1.05e-03] (2.74e-04, 2.69e-02)
[524,   116] loss: 8.506644e-02 masks: 22.5 17.1 [wd: 3.25e-01] [lr: 2.32e-04] [mem: 5.67e+03] (169.9 ms)
[524,   116] grad_stats: [1.20e-03 8.00e-04] (2.43e-04, 4.86e-02)
[524,   232] loss: 8.484561e-02 masks: 21.9 17.1 [wd: 3.25e-01] [lr: 2.31e-04] [mem: 5.67e+03] (168.8 ms)
[524,   232] grad_stats: [1.87e-03 1.85e-03] (3.82e-04, 2.00e-02)
avg. loss 8.48456093e-02
time taken for epoch 0:00:53.028659
Epoch 525
[525,     0] loss: 7.500768e-02 masks: 25.0 16.0 [wd: 3.25e-01] [lr: 2.31e-04] [mem: 5.67e+03] (174.8 ms)
[525,     0] grad_stats: [1.93e-03 1.21e-03] (2.92e-04, 2.49e-02)
[525,   116] loss: 8.595767e-02 masks: 21.0 17.7 [wd: 3.25e-01] [lr: 2.30e-04] [mem: 5.67e+03] (166.7 ms)
[525,   116] grad_stats: [1.28e-03 1.34e-03] (2.83e-04, 1.65e-02)
[525,   232] loss: 8.503526e-02 masks: 21.9 17.2 [wd: 3.26e-01] [lr: 2.29e-04] [mem: 5.67e+03] (169.1 ms)
[525,   232] grad_stats: [1.73e-03 1.73e-03] (3.58e-04, 2.22e-02)
avg. loss 8.50352558e-02
time taken for epoch 0:00:53.063513
Epoch 526
[526,     0] loss: 9.006001e-02 masks: 18.0 20.0 [wd: 3.26e-01] [lr: 2.29e-04] [mem: 5.67e+03] (158.9 ms)
[526,     0] grad_stats: [1.37e-03 1.01e-03] (2.82e-04, 1.49e-02)
[526,   116] loss: 8.539212e-02 masks: 21.5 17.4 [wd: 3.26e-01] [lr: 2.28e-04] [mem: 5.67e+03] (167.5 ms)
[526,   116] grad_stats: [1.32e-03 1.15e-03] (2.70e-04, 4.79e-02)
[526,   232] loss: 8.509284e-02 masks: 21.6 17.4 [wd: 3.26e-01] [lr: 2.27e-04] [mem: 5.67e+03] (168.2 ms)
[526,   232] grad_stats: [1.72e-03 6.75e-04] (2.27e-04, 1.71e-02)
avg. loss 8.50928428e-02
time taken for epoch 0:00:52.886314
Epoch 527
[527,     0] loss: 7.233170e-02 masks: 35.0 12.0 [wd: 3.26e-01] [lr: 2.27e-04] [mem: 5.67e+03] (195.3 ms)
[527,     0] grad_stats: [1.28e-03 9.85e-04] (2.58e-04, 2.50e-02)
[527,   116] loss: 8.507614e-02 masks: 22.0 17.3 [wd: 3.27e-01] [lr: 2.26e-04] [mem: 5.67e+03] (168.8 ms)
[527,   116] grad_stats: [1.60e-03 1.47e-03] (3.38e-04, 2.44e-02)
[527,   232] loss: 8.440471e-02 masks: 22.3 17.2 [wd: 3.27e-01] [lr: 2.25e-04] [mem: 5.67e+03] (170.1 ms)
[527,   232] grad_stats: [1.67e-03 9.20e-04] (3.00e-04, 5.88e-02)
avg. loss 8.44047130e-02
time taken for epoch 0:00:53.286195
Epoch 528
[528,     0] loss: 9.195346e-02 masks: 19.0 20.0 [wd: 3.27e-01] [lr: 2.25e-04] [mem: 5.67e+03] (163.3 ms)
[528,     0] grad_stats: [1.03e-03 1.02e-03] (2.46e-04, 2.80e-02)
[528,   116] loss: 8.527848e-02 masks: 21.3 17.3 [wd: 3.27e-01] [lr: 2.24e-04] [mem: 5.67e+03] (166.8 ms)
[528,   116] grad_stats: [1.77e-03 1.85e-03] (3.66e-04, 2.48e-02)
[528,   232] loss: 8.484663e-02 masks: 22.0 17.2 [wd: 3.28e-01] [lr: 2.23e-04] [mem: 5.67e+03] (169.0 ms)
[528,   232] grad_stats: [1.59e-03 1.39e-03] (3.20e-04, 4.34e-02)
avg. loss 8.48466302e-02
time taken for epoch 0:00:53.033717
Epoch 529
[529,     0] loss: 8.795670e-02 masks: 25.0 16.0 [wd: 3.28e-01] [lr: 2.23e-04] [mem: 5.67e+03] (173.9 ms)
[529,     0] grad_stats: [1.28e-03 1.46e-03] (3.01e-04, 2.92e-02)
[529,   116] loss: 8.544421e-02 masks: 21.3 17.5 [wd: 3.28e-01] [lr: 2.22e-04] [mem: 5.67e+03] (167.1 ms)
[529,   116] grad_stats: [1.04e-03 9.85e-04] (2.85e-04, 1.54e-02)
[529,   232] loss: 8.553003e-02 masks: 21.4 17.5 [wd: 3.28e-01] [lr: 2.21e-04] [mem: 5.67e+03] (167.8 ms)
[529,   232] grad_stats: [2.64e-03 1.00e-03] (3.16e-04, 3.27e-02)
avg. loss 8.55300262e-02
time taken for epoch 0:00:52.741960
Epoch 530
[530,     0] loss: 8.681415e-02 masks: 20.0 20.0 [wd: 3.28e-01] [lr: 2.21e-04] [mem: 5.67e+03] (162.5 ms)
[530,     0] grad_stats: [9.79e-04 1.09e-03] (2.94e-04, 1.40e-02)
[530,   116] loss: 8.453038e-02 masks: 22.3 17.1 [wd: 3.29e-01] [lr: 2.20e-04] [mem: 5.67e+03] (169.4 ms)
[530,   116] grad_stats: [7.40e-04 8.62e-04] (2.54e-04, 1.87e-02)
[530,   232] loss: 8.405648e-02 masks: 22.8 16.9 [wd: 3.29e-01] [lr: 2.20e-04] [mem: 5.67e+03] (171.0 ms)
[530,   232] grad_stats: [1.80e-03 1.09e-03] (2.71e-04, 2.30e-02)
avg. loss 8.40564782e-02
time taken for epoch 0:00:53.447712
Epoch 531
[531,     0] loss: 8.566388e-02 masks: 18.0 20.0 [wd: 3.29e-01] [lr: 2.20e-04] [mem: 5.67e+03] (160.8 ms)
[531,     0] grad_stats: [1.12e-03 1.07e-03] (2.38e-04, 1.97e-02)
[531,   116] loss: 8.442658e-02 masks: 22.0 17.2 [wd: 3.29e-01] [lr: 2.19e-04] [mem: 5.67e+03] (168.8 ms)
[531,   116] grad_stats: [1.31e-03 1.04e-03] (2.44e-04, 2.98e-02)
[531,   232] loss: 8.450331e-02 masks: 22.1 17.2 [wd: 3.29e-01] [lr: 2.18e-04] [mem: 5.67e+03] (169.5 ms)
[531,   232] grad_stats: [1.83e-03 8.34e-04] (2.81e-04, 1.89e-02)
avg. loss 8.45033134e-02
time taken for epoch 0:00:53.172430
Epoch 532
[532,     0] loss: 8.745294e-02 masks: 18.0 20.0 [wd: 3.29e-01] [lr: 2.18e-04] [mem: 5.67e+03] (159.9 ms)
[532,     0] grad_stats: [1.48e-03 1.23e-03] (3.05e-04, 2.27e-02)
[532,   116] loss: 8.538529e-02 masks: 21.0 17.5 [wd: 3.30e-01] [lr: 2.17e-04] [mem: 5.67e+03] (166.5 ms)
[532,   116] grad_stats: [2.72e-03 1.13e-03] (2.87e-04, 2.41e-02)
[532,   232] loss: 8.528816e-02 masks: 21.6 17.5 [wd: 3.30e-01] [lr: 2.16e-04] [mem: 5.67e+03] (168.3 ms)
[532,   232] grad_stats: [1.16e-03 8.03e-04] (2.61e-04, 2.95e-02)
avg. loss 8.52881615e-02
time taken for epoch 0:00:52.873005
Epoch 533
[533,     0] loss: 8.724058e-02 masks: 20.0 16.0 [wd: 3.30e-01] [lr: 2.16e-04] [mem: 5.67e+03] (162.6 ms)
[533,     0] grad_stats: [1.26e-03 1.30e-03] (2.83e-04, 1.65e-02)
[533,   116] loss: 8.513593e-02 masks: 21.9 17.4 [wd: 3.30e-01] [lr: 2.15e-04] [mem: 5.67e+03] (168.9 ms)
[533,   116] grad_stats: [1.17e-03 1.07e-03] (2.49e-04, 3.73e-02)
[533,   232] loss: 8.410166e-02 masks: 22.7 17.1 [wd: 3.31e-01] [lr: 2.14e-04] [mem: 5.67e+03] (171.1 ms)
[533,   232] grad_stats: [1.34e-03 2.02e-03] (4.07e-04, 1.90e-02)
avg. loss 8.41016641e-02
time taken for epoch 0:00:53.599817
Epoch 534
[534,     0] loss: 8.471953e-02 masks: 21.0 20.0 [wd: 3.31e-01] [lr: 2.14e-04] [mem: 5.67e+03] (168.0 ms)
[534,     0] grad_stats: [1.16e-03 1.07e-03] (3.06e-04, 1.86e-02)
[534,   116] loss: 8.430574e-02 masks: 22.2 17.3 [wd: 3.31e-01] [lr: 2.13e-04] [mem: 5.67e+03] (169.6 ms)
[534,   116] grad_stats: [1.65e-03 1.10e-03] (3.33e-04, 3.55e-02)
[534,   232] loss: 8.522018e-02 masks: 21.8 17.4 [wd: 3.31e-01] [lr: 2.12e-04] [mem: 5.67e+03] (169.0 ms)
[534,   232] grad_stats: [8.97e-04 9.66e-04] (3.04e-04, 1.73e-02)
avg. loss 8.52201766e-02
time taken for epoch 0:00:53.110160
Epoch 535
[535,     0] loss: 7.752735e-02 masks: 29.0 16.0 [wd: 3.31e-01] [lr: 2.12e-04] [mem: 5.67e+03] (183.9 ms)
[535,     0] grad_stats: [2.19e-03 9.04e-04] (2.71e-04, 2.13e-02)
[535,   116] loss: 8.563323e-02 masks: 21.3 17.5 [wd: 3.32e-01] [lr: 2.11e-04] [mem: 5.67e+03] (167.2 ms)
[535,   116] grad_stats: [1.52e-03 1.41e-03] (3.58e-04, 5.18e-02)
[535,   232] loss: 8.573115e-02 masks: 21.4 17.5 [wd: 3.32e-01] [lr: 2.10e-04] [mem: 5.67e+03] (167.9 ms)
[535,   232] grad_stats: [9.14e-04 1.05e-03] (3.42e-04, 5.38e-02)
avg. loss 8.57311487e-02
time taken for epoch 0:00:52.822861
Epoch 536
[536,     0] loss: 7.604354e-02 masks: 22.0 20.0 [wd: 3.32e-01] [lr: 2.10e-04] [mem: 5.67e+03] (172.5 ms)
[536,     0] grad_stats: [9.04e-04 1.03e-03] (2.61e-04, 5.62e-02)
[536,   116] loss: 8.442020e-02 masks: 22.7 17.3 [wd: 3.32e-01] [lr: 2.10e-04] [mem: 5.67e+03] (171.0 ms)
[536,   116] grad_stats: [7.77e-04 8.44e-04] (2.71e-04, 2.05e-02)
[536,   232] loss: 8.427572e-02 masks: 22.8 17.2 [wd: 3.32e-01] [lr: 2.09e-04] [mem: 5.67e+03] (171.4 ms)
[536,   232] grad_stats: [1.17e-03 1.28e-03] (3.24e-04, 2.04e-02)
avg. loss 8.42757230e-02
time taken for epoch 0:00:53.685077
Epoch 537
[537,     0] loss: 8.328780e-02 masks: 21.0 20.0 [wd: 3.32e-01] [lr: 2.09e-04] [mem: 5.67e+03] (167.7 ms)
[537,     0] grad_stats: [1.82e-03 1.07e-03] (3.02e-04, 2.44e-02)
[537,   116] loss: 8.657443e-02 masks: 21.2 17.6 [wd: 3.33e-01] [lr: 2.08e-04] [mem: 5.67e+03] (167.1 ms)
[537,   116] grad_stats: [9.38e-04 8.79e-04] (3.11e-04, 2.82e-02)
[537,   232] loss: 8.581083e-02 masks: 21.6 17.4 [wd: 3.33e-01] [lr: 2.07e-04] [mem: 5.67e+03] (168.5 ms)
[537,   232] grad_stats: [1.44e-03 1.09e-03] (3.21e-04, 2.02e-02)
avg. loss 8.58108316e-02
time taken for epoch 0:00:52.918640
Epoch 538
[538,     0] loss: 8.427779e-02 masks: 25.0 16.0 [wd: 3.33e-01] [lr: 2.07e-04] [mem: 5.67e+03] (175.0 ms)
[538,     0] grad_stats: [1.12e-03 9.84e-04] (3.14e-04, 2.27e-02)
[538,   116] loss: 8.494147e-02 masks: 21.9 17.3 [wd: 3.33e-01] [lr: 2.06e-04] [mem: 5.67e+03] (168.8 ms)
[538,   116] grad_stats: [1.23e-03 9.52e-04] (2.92e-04, 1.97e-02)
[538,   232] loss: 8.554086e-02 masks: 21.8 17.4 [wd: 3.34e-01] [lr: 2.05e-04] [mem: 5.67e+03] (168.8 ms)
[538,   232] grad_stats: [2.00e-03 1.02e-03] (2.61e-04, 2.37e-02)
avg. loss 8.55408568e-02
time taken for epoch 0:00:53.085079
Epoch 539
[539,     0] loss: 8.179105e-02 masks: 19.0 20.0 [wd: 3.34e-01] [lr: 2.05e-04] [mem: 5.67e+03] (163.7 ms)
[539,     0] grad_stats: [1.95e-03 9.90e-04] (2.65e-04, 1.81e-02)
[539,   116] loss: 8.455030e-02 masks: 22.7 17.1 [wd: 3.34e-01] [lr: 2.04e-04] [mem: 5.67e+03] (170.5 ms)
[539,   116] grad_stats: [1.34e-03 7.78e-04] (2.73e-04, 1.79e-02)
[539,   232] loss: 8.492737e-02 masks: 22.1 17.2 [wd: 3.34e-01] [lr: 2.03e-04] [mem: 5.67e+03] (169.5 ms)
[539,   232] grad_stats: [1.08e-03 1.01e-03] (2.67e-04, 2.35e-02)
avg. loss 8.49273655e-02
time taken for epoch 0:00:53.216616
Epoch 540
[540,     0] loss: 8.926222e-02 masks: 18.0 20.0 [wd: 3.34e-01] [lr: 2.03e-04] [mem: 5.67e+03] (160.3 ms)
[540,     0] grad_stats: [1.02e-03 1.18e-03] (3.16e-04, 3.31e-02)
[540,   116] loss: 8.397702e-02 masks: 22.6 16.8 [wd: 3.34e-01] [lr: 2.02e-04] [mem: 5.67e+03] (170.0 ms)
[540,   116] grad_stats: [3.85e-03 1.03e-03] (2.88e-04, 1.60e-02)
[540,   232] loss: 8.393852e-02 masks: 22.8 16.7 [wd: 3.35e-01] [lr: 2.02e-04] [mem: 5.67e+03] (171.0 ms)
[540,   232] grad_stats: [8.78e-04 9.32e-04] (2.97e-04, 1.64e-02)
avg. loss 8.39385228e-02
	Epoch 540, KNN accuracy train: 7.47496e-01, KNN accuracy train: 6.22667e-01
time taken for epoch 0:01:35.952681
Epoch 541
[541,     0] loss: 9.195937e-02 masks: 16.0 20.0 [wd: 3.35e-01] [lr: 2.02e-04] [mem: 5.67e+03] (153.7 ms)
[541,     0] grad_stats: [1.68e-03 1.52e-03] (3.86e-04, 1.74e-02)
[541,   116] loss: 8.500154e-02 masks: 22.6 16.8 [wd: 3.35e-01] [lr: 2.01e-04] [mem: 5.67e+03] (169.6 ms)
[541,   116] grad_stats: [1.10e-03 1.12e-03] (3.40e-04, 2.82e-02)
[541,   232] loss: 8.562768e-02 masks: 21.9 17.2 [wd: 3.35e-01] [lr: 2.00e-04] [mem: 5.67e+03] (168.4 ms)
[541,   232] grad_stats: [1.55e-03 1.11e-03] (2.79e-04, 7.95e-02)
avg. loss 8.56276770e-02
time taken for epoch 0:00:52.918240
Epoch 542
[542,     0] loss: 9.783076e-02 masks: 20.0 16.0 [wd: 3.35e-01] [lr: 2.00e-04] [mem: 5.67e+03] (160.9 ms)
[542,     0] grad_stats: [1.30e-03 1.04e-03] (2.84e-04, 4.12e-02)
[542,   116] loss: 8.579554e-02 masks: 21.7 17.4 [wd: 3.36e-01] [lr: 1.99e-04] [mem: 5.67e+03] (168.1 ms)
[542,   116] grad_stats: [2.08e-03 9.57e-04] (2.98e-04, 1.63e-02)
[542,   232] loss: 8.591998e-02 masks: 22.0 17.1 [wd: 3.36e-01] [lr: 1.98e-04] [mem: 5.67e+03] (169.0 ms)
[542,   232] grad_stats: [1.06e-03 1.21e-03] (3.20e-04, 1.62e-02)
avg. loss 8.59199798e-02
time taken for epoch 0:00:53.055035
Epoch 543
[543,     0] loss: 9.676980e-02 masks: 18.0 20.0 [wd: 3.36e-01] [lr: 1.98e-04] [mem: 5.67e+03] (160.0 ms)
[543,     0] grad_stats: [1.23e-03 1.34e-03] (3.32e-04, 1.97e-02)
[543,   116] loss: 8.684953e-02 masks: 21.5 17.4 [wd: 3.36e-01] [lr: 1.97e-04] [mem: 5.67e+03] (167.6 ms)
[543,   116] grad_stats: [1.23e-03 2.16e-03] (3.17e-04, 1.67e-02)
[543,   232] loss: 8.618713e-02 masks: 22.0 17.1 [wd: 3.36e-01] [lr: 1.96e-04] [mem: 5.67e+03] (169.2 ms)
[543,   232] grad_stats: [1.37e-03 9.71e-04] (3.07e-04, 1.55e-02)
avg. loss 8.61871260e-02
time taken for epoch 0:00:53.149401
Epoch 544
[544,     0] loss: 9.084361e-02 masks: 19.0 20.0 [wd: 3.36e-01] [lr: 1.96e-04] [mem: 5.67e+03] (163.2 ms)
[544,     0] grad_stats: [8.45e-04 1.12e-03] (3.29e-04, 1.73e-02)
[544,   116] loss: 8.494310e-02 masks: 22.4 17.1 [wd: 3.37e-01] [lr: 1.95e-04] [mem: 5.67e+03] (169.8 ms)
[544,   116] grad_stats: [2.76e-03 1.36e-03] (3.42e-04, 2.17e-02)
[544,   232] loss: 8.600374e-02 masks: 21.7 17.5 [wd: 3.37e-01] [lr: 1.95e-04] [mem: 5.67e+03] (169.0 ms)
[544,   232] grad_stats: [9.89e-04 8.59e-04] (2.68e-04, 2.94e-02)
avg. loss 8.60037361e-02
time taken for epoch 0:00:53.131232
Epoch 545
[545,     0] loss: 8.740000e-02 masks: 21.0 20.0 [wd: 3.37e-01] [lr: 1.95e-04] [mem: 5.67e+03] (169.2 ms)
[545,     0] grad_stats: [1.69e-03 1.08e-03] (3.20e-04, 2.87e-02)
[545,   116] loss: 8.548960e-02 masks: 21.9 17.4 [wd: 3.37e-01] [lr: 1.94e-04] [mem: 5.67e+03] (169.0 ms)
[545,   116] grad_stats: [1.97e-03 1.20e-03] (3.38e-04, 3.16e-02)
[545,   232] loss: 8.561652e-02 masks: 22.0 17.4 [wd: 3.38e-01] [lr: 1.93e-04] [mem: 5.67e+03] (169.6 ms)
[545,   232] grad_stats: [1.55e-03 1.05e-03] (2.81e-04, 2.21e-02)
avg. loss 8.56165245e-02
time taken for epoch 0:00:53.164457
Epoch 546
[546,     0] loss: 9.025548e-02 masks: 20.0 16.0 [wd: 3.38e-01] [lr: 1.93e-04] [mem: 5.67e+03] (161.3 ms)
[546,     0] grad_stats: [2.98e-03 1.29e-03] (3.02e-04, 1.76e-02)
[546,   116] loss: 8.617086e-02 masks: 21.4 17.6 [wd: 3.38e-01] [lr: 1.92e-04] [mem: 5.67e+03] (167.6 ms)
[546,   116] grad_stats: [1.24e-03 1.50e-03] (3.52e-04, 1.69e-02)
[546,   232] loss: 8.599124e-02 masks: 21.6 17.5 [wd: 3.38e-01] [lr: 1.91e-04] [mem: 5.67e+03] (168.4 ms)
[546,   232] grad_stats: [2.04e-03 1.07e-03] (3.54e-04, 2.91e-02)
avg. loss 8.59912355e-02
time taken for epoch 0:00:53.037882
Epoch 547
[547,     0] loss: 9.248370e-02 masks: 17.0 16.0 [wd: 3.38e-01] [lr: 1.91e-04] [mem: 5.67e+03] (153.5 ms)
[547,     0] grad_stats: [1.28e-03 1.18e-03] (3.35e-04, 2.93e-02)
[547,   116] loss: 8.561530e-02 masks: 21.8 17.2 [wd: 3.38e-01] [lr: 1.90e-04] [mem: 5.67e+03] (168.2 ms)
[547,   116] grad_stats: [7.95e-04 9.29e-04] (3.10e-04, 2.49e-02)
[547,   232] loss: 8.594464e-02 masks: 21.7 17.5 [wd: 3.39e-01] [lr: 1.89e-04] [mem: 5.67e+03] (168.6 ms)
[547,   232] grad_stats: [9.44e-04 1.07e-03] (2.84e-04, 2.67e-02)
avg. loss 8.59446414e-02
time taken for epoch 0:00:53.016945
Epoch 548
[548,     0] loss: 8.733378e-02 masks: 19.0 20.0 [wd: 3.39e-01] [lr: 1.89e-04] [mem: 5.67e+03] (163.2 ms)
[548,     0] grad_stats: [1.38e-03 1.18e-03] (3.84e-04, 2.54e-02)
[548,   116] loss: 8.622195e-02 masks: 21.3 17.4 [wd: 3.39e-01] [lr: 1.88e-04] [mem: 5.67e+03] (167.0 ms)
[548,   116] grad_stats: [1.65e-03 1.71e-03] (3.72e-04, 3.49e-02)
[548,   232] loss: 8.528781e-02 masks: 22.2 17.1 [wd: 3.39e-01] [lr: 1.88e-04] [mem: 5.67e+03] (169.7 ms)
[548,   232] grad_stats: [3.48e-03 1.13e-03] (3.57e-04, 3.11e-02)
avg. loss 8.52878138e-02
time taken for epoch 0:00:53.227843
Epoch 549
[549,     0] loss: 8.047304e-02 masks: 25.0 16.0 [wd: 3.39e-01] [lr: 1.88e-04] [mem: 5.67e+03] (173.9 ms)
[549,     0] grad_stats: [1.10e-03 9.99e-04] (3.01e-04, 3.22e-02)
[549,   116] loss: 8.498868e-02 masks: 22.2 17.0 [wd: 3.40e-01] [lr: 1.87e-04] [mem: 5.67e+03] (169.1 ms)
[549,   116] grad_stats: [1.81e-03 1.19e-03] (3.40e-04, 7.00e-02)
[549,   232] loss: 8.522634e-02 masks: 22.3 17.2 [wd: 3.40e-01] [lr: 1.86e-04] [mem: 5.67e+03] (169.9 ms)
[549,   232] grad_stats: [1.14e-03 8.34e-04] (2.50e-04, 3.53e-02)
avg. loss 8.52263384e-02
time taken for epoch 0:00:53.307776
Epoch 550
[550,     0] loss: 7.529341e-02 masks: 26.0 16.0 [wd: 3.40e-01] [lr: 1.86e-04] [mem: 5.67e+03] (177.4 ms)
[550,     0] grad_stats: [1.36e-03 1.07e-03] (3.30e-04, 5.22e-02)
[550,   116] loss: 8.652882e-02 masks: 21.7 17.3 [wd: 3.40e-01] [lr: 1.85e-04] [mem: 5.67e+03] (168.0 ms)
[550,   116] grad_stats: [1.85e-03 1.19e-03] (3.84e-04, 3.94e-02)
[550,   232] loss: 8.599323e-02 masks: 21.7 17.4 [wd: 3.40e-01] [lr: 1.84e-04] [mem: 5.67e+03] (168.6 ms)
[550,   232] grad_stats: [2.54e-03 1.05e-03] (3.45e-04, 3.97e-02)
avg. loss 8.59932283e-02
time taken for epoch 0:00:52.945725
Epoch 551
[551,     0] loss: 8.516126e-02 masks: 20.0 20.0 [wd: 3.40e-01] [lr: 1.84e-04] [mem: 5.67e+03] (165.3 ms)
[551,     0] grad_stats: [1.09e-03 1.41e-03] (3.06e-04, 5.30e-02)
[551,   116] loss: 8.599672e-02 masks: 21.4 17.4 [wd: 3.41e-01] [lr: 1.83e-04] [mem: 5.67e+03] (167.2 ms)
[551,   116] grad_stats: [1.52e-03 1.59e-03] (5.28e-04, 2.66e-02)
[551,   232] loss: 8.564790e-02 masks: 21.9 17.3 [wd: 3.41e-01] [lr: 1.82e-04] [mem: 5.67e+03] (169.0 ms)
[551,   232] grad_stats: [1.54e-03 1.33e-03] (3.21e-04, 3.15e-02)
avg. loss 8.56479030e-02
time taken for epoch 0:00:53.065428
Epoch 552
[552,     0] loss: 1.055469e-01 masks: 18.0 20.0 [wd: 3.41e-01] [lr: 1.82e-04] [mem: 5.67e+03] (157.7 ms)
[552,     0] grad_stats: [3.81e-03 1.54e-03] (3.60e-04, 2.46e-02)
[552,   116] loss: 8.656290e-02 masks: 21.3 17.4 [wd: 3.41e-01] [lr: 1.82e-04] [mem: 5.67e+03] (167.0 ms)
[552,   116] grad_stats: [1.97e-03 2.01e-03] (4.43e-04, 2.17e-02)
[552,   232] loss: 8.607067e-02 masks: 21.9 17.2 [wd: 3.42e-01] [lr: 1.81e-04] [mem: 5.67e+03] (168.8 ms)
[552,   232] grad_stats: [2.24e-03 9.84e-04] (3.07e-04, 1.53e-02)
avg. loss 8.60706717e-02
time taken for epoch 0:00:53.031092
Epoch 553
[553,     0] loss: 9.232835e-02 masks: 18.0 20.0 [wd: 3.42e-01] [lr: 1.81e-04] [mem: 5.67e+03] (161.4 ms)
[553,     0] grad_stats: [2.07e-03 1.66e-03] (4.23e-04, 2.96e-02)
[553,   116] loss: 8.460099e-02 masks: 22.4 17.2 [wd: 3.42e-01] [lr: 1.80e-04] [mem: 5.67e+03] (169.8 ms)
[553,   116] grad_stats: [1.66e-03 1.44e-03] (3.68e-04, 5.39e-02)
[553,   232] loss: 8.562009e-02 masks: 21.9 17.1 [wd: 3.42e-01] [lr: 1.79e-04] [mem: 5.67e+03] (168.8 ms)
[553,   232] grad_stats: [1.22e-03 1.12e-03] (3.21e-04, 1.90e-02)
avg. loss 8.56200938e-02
time taken for epoch 0:00:53.027761
Epoch 554
[554,     0] loss: 9.530394e-02 masks: 19.0 20.0 [wd: 3.42e-01] [lr: 1.79e-04] [mem: 5.67e+03] (163.4 ms)
[554,     0] grad_stats: [4.04e-03 1.40e-03] (3.78e-04, 4.19e-02)
[554,   116] loss: 8.558426e-02 masks: 22.2 17.1 [wd: 3.42e-01] [lr: 1.78e-04] [mem: 5.67e+03] (169.1 ms)
[554,   116] grad_stats: [1.19e-03 1.05e-03] (3.50e-04, 3.27e-02)
[554,   232] loss: 8.640752e-02 masks: 21.6 17.4 [wd: 3.43e-01] [lr: 1.77e-04] [mem: 5.67e+03] (168.3 ms)
[554,   232] grad_stats: [1.24e-03 8.78e-04] (2.95e-04, 2.16e-02)
avg. loss 8.64075172e-02
time taken for epoch 0:00:52.887334
Epoch 555
[555,     0] loss: 8.409207e-02 masks: 23.0 16.0 [wd: 3.43e-01] [lr: 1.77e-04] [mem: 5.67e+03] (167.7 ms)
[555,     0] grad_stats: [1.82e-03 1.16e-03] (3.09e-04, 5.14e-02)
[555,   116] loss: 8.649352e-02 masks: 21.7 17.2 [wd: 3.43e-01] [lr: 1.77e-04] [mem: 5.67e+03] (168.0 ms)
[555,   116] grad_stats: [1.51e-03 1.16e-03] (3.76e-04, 1.65e-02)
[555,   232] loss: 8.551952e-02 masks: 22.4 17.0 [wd: 3.43e-01] [lr: 1.76e-04] [mem: 5.67e+03] (170.1 ms)
[555,   232] grad_stats: [1.06e-03 1.29e-03] (4.69e-04, 4.31e-02)
avg. loss 8.55195164e-02
time taken for epoch 0:00:53.341463
Epoch 556
[556,     0] loss: 9.124732e-02 masks: 21.0 16.0 [wd: 3.43e-01] [lr: 1.76e-04] [mem: 5.67e+03] (162.4 ms)
[556,     0] grad_stats: [1.13e-03 1.38e-03] (3.73e-04, 2.67e-02)
[556,   116] loss: 8.595884e-02 masks: 21.4 17.4 [wd: 3.43e-01] [lr: 1.75e-04] [mem: 5.67e+03] (167.3 ms)
[556,   116] grad_stats: [1.06e-03 8.99e-04] (3.27e-04, 2.32e-02)
[556,   232] loss: 8.592245e-02 masks: 21.7 17.3 [wd: 3.44e-01] [lr: 1.74e-04] [mem: 5.67e+03] (168.5 ms)
[556,   232] grad_stats: [1.31e-03 1.41e-03] (3.60e-04, 2.80e-02)
avg. loss 8.59224460e-02
time taken for epoch 0:00:52.998172
Epoch 557
[557,     0] loss: 7.668627e-02 masks: 27.0 16.0 [wd: 3.44e-01] [lr: 1.74e-04] [mem: 5.67e+03] (180.7 ms)
[557,     0] grad_stats: [1.02e-03 9.80e-04] (3.34e-04, 1.49e-02)
[557,   116] loss: 8.439753e-02 masks: 22.6 17.2 [wd: 3.44e-01] [lr: 1.73e-04] [mem: 5.67e+03] (170.4 ms)
[557,   116] grad_stats: [9.99e-04 1.03e-03] (3.57e-04, 2.82e-02)
[557,   232] loss: 8.618088e-02 masks: 21.8 17.4 [wd: 3.44e-01] [lr: 1.72e-04] [mem: 5.67e+03] (169.0 ms)
[557,   232] grad_stats: [1.79e-03 1.04e-03] (2.47e-04, 2.63e-02)
avg. loss 8.61808800e-02
time taken for epoch 0:00:53.038008
Epoch 558
[558,     0] loss: 9.467886e-02 masks: 17.0 16.0 [wd: 3.44e-01] [lr: 1.72e-04] [mem: 5.67e+03] (152.2 ms)
[558,     0] grad_stats: [9.68e-04 1.19e-03] (3.06e-04, 2.41e-02)
[558,   116] loss: 8.607287e-02 masks: 21.8 17.3 [wd: 3.45e-01] [lr: 1.71e-04] [mem: 5.67e+03] (168.5 ms)
[558,   116] grad_stats: [1.58e-03 1.10e-03] (3.81e-04, 7.11e-02)
[558,   232] loss: 8.640936e-02 masks: 21.7 17.4 [wd: 3.45e-01] [lr: 1.71e-04] [mem: 5.67e+03] (168.5 ms)
[558,   232] grad_stats: [1.96e-03 1.49e-03] (3.49e-04, 2.77e-02)
avg. loss 8.64093628e-02
time taken for epoch 0:00:52.974207
Epoch 559
[559,     0] loss: 9.397055e-02 masks: 18.0 20.0 [wd: 3.45e-01] [lr: 1.71e-04] [mem: 5.67e+03] (159.6 ms)
[559,     0] grad_stats: [1.40e-03 1.36e-03] (4.09e-04, 1.87e-02)
[559,   116] loss: 8.655712e-02 masks: 21.3 17.7 [wd: 3.45e-01] [lr: 1.70e-04] [mem: 5.67e+03] (167.3 ms)
[559,   116] grad_stats: [1.55e-03 1.35e-03] (3.53e-04, 3.04e-02)
[559,   232] loss: 8.677461e-02 masks: 21.6 17.5 [wd: 3.45e-01] [lr: 1.69e-04] [mem: 5.67e+03] (168.4 ms)
[559,   232] grad_stats: [3.00e-03 1.75e-03] (3.60e-04, 3.03e-02)
avg. loss 8.67746143e-02
time taken for epoch 0:00:52.955627
Epoch 560
[560,     0] loss: 9.035731e-02 masks: 20.0 20.0 [wd: 3.45e-01] [lr: 1.69e-04] [mem: 5.67e+03] (165.7 ms)
[560,     0] grad_stats: [1.32e-03 1.22e-03] (3.62e-04, 3.15e-02)
[560,   116] loss: 8.740905e-02 masks: 21.4 17.6 [wd: 3.46e-01] [lr: 1.68e-04] [mem: 5.67e+03] (167.6 ms)
[560,   116] grad_stats: [1.85e-03 1.20e-03] (2.97e-04, 3.73e-02)
[560,   232] loss: 8.654995e-02 masks: 21.8 17.2 [wd: 3.46e-01] [lr: 1.67e-04] [mem: 5.67e+03] (168.8 ms)
[560,   232] grad_stats: [2.74e-03 2.36e-03] (4.80e-04, 7.91e-02)
avg. loss 8.65499544e-02
	Epoch 560, KNN accuracy train: 7.40558e-01, KNN accuracy train: 6.19667e-01
time taken for epoch 0:01:35.333898
Epoch 561
[561,     0] loss: 8.911936e-02 masks: 20.0 20.0 [wd: 3.46e-01] [lr: 1.67e-04] [mem: 5.67e+03] (164.7 ms)
[561,     0] grad_stats: [3.06e-03 2.20e-03] (4.63e-04, 7.51e-02)
[561,   116] loss: 8.569144e-02 masks: 22.4 17.1 [wd: 3.46e-01] [lr: 1.67e-04] [mem: 5.67e+03] (169.1 ms)
[561,   116] grad_stats: [1.35e-03 1.26e-03] (3.99e-04, 2.06e-02)
[561,   232] loss: 8.579092e-02 masks: 22.2 17.1 [wd: 3.46e-01] [lr: 1.66e-04] [mem: 5.67e+03] (169.3 ms)
[561,   232] grad_stats: [1.39e-03 1.34e-03] (4.45e-04, 6.29e-02)
avg. loss 8.57909211e-02
time taken for epoch 0:00:53.137507
Epoch 562
[562,     0] loss: 8.383804e-02 masks: 27.0 16.0 [wd: 3.46e-01] [lr: 1.66e-04] [mem: 5.67e+03] (180.4 ms)
[562,     0] grad_stats: [1.60e-03 1.41e-03] (3.81e-04, 5.43e-02)
[562,   116] loss: 8.592517e-02 masks: 22.0 17.2 [wd: 3.47e-01] [lr: 1.65e-04] [mem: 5.67e+03] (168.7 ms)
[562,   116] grad_stats: [1.82e-03 1.07e-03] (3.72e-04, 4.07e-02)
[562,   232] loss: 8.600215e-02 masks: 22.1 17.2 [wd: 3.47e-01] [lr: 1.64e-04] [mem: 5.67e+03] (169.5 ms)
[562,   232] grad_stats: [1.17e-03 8.90e-04] (3.53e-04, 2.99e-02)
avg. loss 8.60021521e-02
time taken for epoch 0:00:53.016500
Epoch 563
[563,     0] loss: 8.560624e-02 masks: 23.0 16.0 [wd: 3.47e-01] [lr: 1.64e-04] [mem: 5.67e+03] (165.2 ms)
[563,     0] grad_stats: [1.80e-03 1.19e-03] (3.30e-04, 7.64e-02)
[563,   116] loss: 8.660638e-02 masks: 21.8 17.4 [wd: 3.47e-01] [lr: 1.63e-04] [mem: 5.67e+03] (168.3 ms)
[563,   116] grad_stats: [1.28e-03 1.69e-03] (3.62e-04, 3.67e-02)
[563,   232] loss: 8.680445e-02 masks: 21.7 17.5 [wd: 3.48e-01] [lr: 1.62e-04] [mem: 5.67e+03] (168.7 ms)
[563,   232] grad_stats: [1.71e-03 1.68e-03] (3.92e-04, 2.16e-02)
avg. loss 8.68044457e-02
time taken for epoch 0:00:52.873278
Epoch 564
[564,     0] loss: 8.146788e-02 masks: 24.0 16.0 [wd: 3.48e-01] [lr: 1.62e-04] [mem: 5.67e+03] (172.6 ms)
[564,     0] grad_stats: [1.28e-03 1.13e-03] (3.34e-04, 1.78e-02)
[564,   116] loss: 8.447230e-02 masks: 23.1 16.9 [wd: 3.48e-01] [lr: 1.62e-04] [mem: 5.67e+03] (171.6 ms)
[564,   116] grad_stats: [2.35e-03 1.55e-03] (4.44e-04, 2.11e-02)
[564,   232] loss: 8.593565e-02 masks: 22.4 17.2 [wd: 3.48e-01] [lr: 1.61e-04] [mem: 5.67e+03] (170.4 ms)
[564,   232] grad_stats: [1.49e-03 1.53e-03] (4.53e-04, 2.29e-02)
avg. loss 8.59356524e-02
time taken for epoch 0:00:53.370252
Epoch 565
[565,     0] loss: 9.055064e-02 masks: 18.0 20.0 [wd: 3.48e-01] [lr: 1.61e-04] [mem: 5.67e+03] (159.9 ms)
[565,     0] grad_stats: [1.02e-03 1.58e-03] (3.57e-04, 2.41e-02)
[565,   116] loss: 8.633205e-02 masks: 22.6 17.0 [wd: 3.48e-01] [lr: 1.60e-04] [mem: 5.67e+03] (170.2 ms)
[565,   116] grad_stats: [1.59e-03 1.10e-03] (3.46e-04, 1.20e-01)
[565,   232] loss: 8.607361e-02 masks: 22.6 17.1 [wd: 3.49e-01] [lr: 1.59e-04] [mem: 5.67e+03] (170.7 ms)
[565,   232] grad_stats: [1.81e-03 1.32e-03] (4.53e-04, 2.29e-02)
avg. loss 8.60736120e-02
time taken for epoch 0:00:53.507594
Epoch 566
[566,     0] loss: 9.374218e-02 masks: 21.0 16.0 [wd: 3.49e-01] [lr: 1.59e-04] [mem: 5.67e+03] (164.3 ms)
[566,     0] grad_stats: [2.05e-03 1.32e-03] (3.66e-04, 4.77e-02)
[566,   116] loss: 8.610136e-02 masks: 22.1 17.3 [wd: 3.49e-01] [lr: 1.58e-04] [mem: 5.67e+03] (169.2 ms)
[566,   116] grad_stats: [1.88e-03 1.37e-03] (3.43e-04, 7.42e-02)
[566,   232] loss: 8.644466e-02 masks: 21.9 17.3 [wd: 3.49e-01] [lr: 1.58e-04] [mem: 5.67e+03] (169.1 ms)
[566,   232] grad_stats: [1.58e-03 1.56e-03] (3.53e-04, 5.40e-02)
avg. loss 8.64446575e-02
time taken for epoch 0:00:53.086708
Epoch 567
[567,     0] loss: 9.946679e-02 masks: 13.0 20.0 [wd: 3.49e-01] [lr: 1.58e-04] [mem: 5.67e+03] (145.9 ms)
[567,     0] grad_stats: [1.34e-03 1.88e-03] (4.28e-04, 2.34e-02)
[567,   116] loss: 8.595327e-02 masks: 22.2 17.2 [wd: 3.49e-01] [lr: 1.57e-04] [mem: 5.67e+03] (169.3 ms)
[567,   116] grad_stats: [1.18e-03 1.10e-03] (3.41e-04, 2.30e-02)
[567,   232] loss: 8.665010e-02 masks: 22.0 17.2 [wd: 3.50e-01] [lr: 1.56e-04] [mem: 5.67e+03] (169.1 ms)
[567,   232] grad_stats: [1.40e-03 1.50e-03] (4.11e-04, 6.42e-02)
avg. loss 8.66500974e-02
time taken for epoch 0:00:53.039259
Epoch 568
[568,     0] loss: 7.760040e-02 masks: 23.0 16.0 [wd: 3.50e-01] [lr: 1.56e-04] [mem: 5.67e+03] (167.8 ms)
[568,     0] grad_stats: [1.32e-03 1.14e-03] (3.86e-04, 3.31e-02)
[568,   116] loss: 8.744189e-02 masks: 21.8 17.3 [wd: 3.50e-01] [lr: 1.55e-04] [mem: 5.67e+03] (168.3 ms)
[568,   116] grad_stats: [1.23e-03 8.36e-04] (3.23e-04, 1.77e-02)
[568,   232] loss: 8.708476e-02 masks: 22.0 17.2 [wd: 3.50e-01] [lr: 1.54e-04] [mem: 5.67e+03] (169.2 ms)
[568,   232] grad_stats: [1.54e-03 1.89e-03] (4.01e-04, 4.07e-02)
avg. loss 8.70847641e-02
time taken for epoch 0:00:53.123600
Epoch 569
[569,     0] loss: 7.936931e-02 masks: 26.0 16.0 [wd: 3.50e-01] [lr: 1.54e-04] [mem: 5.67e+03] (178.2 ms)
[569,     0] grad_stats: [1.65e-03 1.03e-03] (3.45e-04, 3.20e-02)
[569,   116] loss: 8.633472e-02 masks: 21.8 17.3 [wd: 3.50e-01] [lr: 1.54e-04] [mem: 5.67e+03] (168.4 ms)
[569,   116] grad_stats: [2.75e-03 1.17e-03] (3.54e-04, 1.62e-02)
[569,   232] loss: 8.657544e-02 masks: 21.9 17.3 [wd: 3.51e-01] [lr: 1.53e-04] [mem: 5.67e+03] (169.1 ms)
[569,   232] grad_stats: [1.62e-03 1.42e-03] (4.09e-04, 3.02e-02)
avg. loss 8.65754385e-02
time taken for epoch 0:00:53.063569
Epoch 570
[570,     0] loss: 8.184161e-02 masks: 24.0 16.0 [wd: 3.51e-01] [lr: 1.53e-04] [mem: 5.67e+03] (171.7 ms)
[570,     0] grad_stats: [1.98e-03 1.03e-03] (3.36e-04, 3.28e-02)
[570,   116] loss: 8.759254e-02 masks: 21.5 17.6 [wd: 3.51e-01] [lr: 1.52e-04] [mem: 5.67e+03] (167.8 ms)
[570,   116] grad_stats: [2.94e-03 1.74e-03] (3.82e-04, 3.69e-02)
[570,   232] loss: 8.656059e-02 masks: 21.9 17.4 [wd: 3.51e-01] [lr: 1.51e-04] [mem: 5.67e+03] (169.1 ms)
[570,   232] grad_stats: [1.95e-03 1.59e-03] (3.73e-04, 2.79e-02)
avg. loss 8.65605887e-02
time taken for epoch 0:00:53.145723
Epoch 571
[571,     0] loss: 8.154950e-02 masks: 20.0 20.0 [wd: 3.51e-01] [lr: 1.51e-04] [mem: 5.67e+03] (162.6 ms)
[571,     0] grad_stats: [1.84e-03 1.45e-03] (3.63e-04, 3.23e-02)
[571,   116] loss: 8.703880e-02 masks: 21.9 17.4 [wd: 3.51e-01] [lr: 1.50e-04] [mem: 5.67e+03] (168.5 ms)
[571,   116] grad_stats: [1.56e-03 1.27e-03] (4.25e-04, 5.59e-02)
[571,   232] loss: 8.700165e-02 masks: 21.8 17.4 [wd: 3.52e-01] [lr: 1.50e-04] [mem: 5.67e+03] (168.8 ms)
[571,   232] grad_stats: [1.81e-03 1.67e-03] (3.83e-04, 4.91e-02)
avg. loss 8.70016537e-02
time taken for epoch 0:00:52.872549
Epoch 572
[572,     0] loss: 9.824125e-02 masks: 12.0 20.0 [wd: 3.52e-01] [lr: 1.50e-04] [mem: 5.67e+03] (143.8 ms)
[572,     0] grad_stats: [1.86e-03 2.01e-03] (4.03e-04, 1.81e-02)
[572,   116] loss: 8.554360e-02 masks: 22.7 17.1 [wd: 3.52e-01] [lr: 1.49e-04] [mem: 5.67e+03] (170.8 ms)
[572,   116] grad_stats: [1.16e-03 1.27e-03] (3.52e-04, 5.11e-02)
[572,   232] loss: 8.668937e-02 masks: 22.1 17.3 [wd: 3.52e-01] [lr: 1.48e-04] [mem: 5.67e+03] (169.9 ms)
[572,   232] grad_stats: [1.31e-03 1.14e-03] (3.85e-04, 3.59e-02)
avg. loss 8.66893660e-02
time taken for epoch 0:00:53.328958
Epoch 573
[573,     0] loss: 8.835746e-02 masks: 21.0 16.0 [wd: 3.52e-01] [lr: 1.48e-04] [mem: 5.67e+03] (163.3 ms)
[573,     0] grad_stats: [1.88e-03 1.47e-03] (4.23e-04, 4.32e-02)
[573,   116] loss: 8.710249e-02 masks: 21.4 17.5 [wd: 3.52e-01] [lr: 1.47e-04] [mem: 5.67e+03] (167.4 ms)
[573,   116] grad_stats: [2.93e-03 1.15e-03] (4.05e-04, 2.39e-02)
[573,   232] loss: 8.741499e-02 masks: 21.7 17.5 [wd: 3.53e-01] [lr: 1.47e-04] [mem: 5.67e+03] (168.8 ms)
[573,   232] grad_stats: [3.40e-03 2.13e-03] (5.31e-04, 2.18e-02)
avg. loss 8.74149939e-02
time taken for epoch 0:00:53.080180
Epoch 574
[574,     0] loss: 8.007842e-02 masks: 26.0 16.0 [wd: 3.53e-01] [lr: 1.47e-04] [mem: 5.67e+03] (176.3 ms)
[574,     0] grad_stats: [1.58e-03 1.03e-03] (3.24e-04, 3.92e-02)
[574,   116] loss: 8.698734e-02 masks: 22.1 17.2 [wd: 3.53e-01] [lr: 1.46e-04] [mem: 5.67e+03] (169.1 ms)
[574,   116] grad_stats: [1.51e-03 1.75e-03] (4.70e-04, 2.43e-02)
[574,   232] loss: 8.726016e-02 masks: 21.9 17.2 [wd: 3.53e-01] [lr: 1.45e-04] [mem: 5.67e+03] (169.0 ms)
[574,   232] grad_stats: [1.59e-03 1.44e-03] (4.29e-04, 2.78e-02)
avg. loss 8.72601619e-02
time taken for epoch 0:00:53.012211
Epoch 575
[575,     0] loss: 8.714738e-02 masks: 22.0 16.0 [wd: 3.53e-01] [lr: 1.45e-04] [mem: 5.67e+03] (166.2 ms)
[575,     0] grad_stats: [1.26e-03 1.75e-03] (4.18e-04, 2.57e-02)
[575,   116] loss: 8.725568e-02 masks: 21.8 17.4 [wd: 3.54e-01] [lr: 1.44e-04] [mem: 5.67e+03] (168.3 ms)
[575,   116] grad_stats: [1.86e-03 1.39e-03] (3.90e-04, 1.71e-02)
[575,   232] loss: 8.801120e-02 masks: 21.4 17.5 [wd: 3.54e-01] [lr: 1.43e-04] [mem: 5.67e+03] (167.9 ms)
[575,   232] grad_stats: [1.86e-03 1.74e-03] (4.02e-04, 1.75e-02)
avg. loss 8.80112030e-02
time taken for epoch 0:00:52.618305
Epoch 576
[576,     0] loss: 9.947304e-02 masks: 20.0 20.0 [wd: 3.54e-01] [lr: 1.43e-04] [mem: 5.67e+03] (165.7 ms)
[576,     0] grad_stats: [1.46e-03 1.31e-03] (3.74e-04, 3.43e-02)
[576,   116] loss: 8.827044e-02 masks: 21.2 17.4 [wd: 3.54e-01] [lr: 1.43e-04] [mem: 5.67e+03] (166.9 ms)
[576,   116] grad_stats: [1.56e-03 1.45e-03] (4.03e-04, 2.24e-02)
[576,   232] loss: 8.737284e-02 masks: 21.7 17.3 [wd: 3.54e-01] [lr: 1.42e-04] [mem: 5.67e+03] (168.6 ms)
[576,   232] grad_stats: [1.96e-03 1.22e-03] (3.77e-04, 2.02e-02)
avg. loss 8.73728387e-02
time taken for epoch 0:00:53.009325
Epoch 577
[577,     0] loss: 7.896215e-02 masks: 26.0 16.0 [wd: 3.54e-01] [lr: 1.42e-04] [mem: 5.67e+03] (178.6 ms)
[577,     0] grad_stats: [1.51e-03 1.10e-03] (3.58e-04, 2.69e-02)
[577,   116] loss: 8.779189e-02 masks: 22.3 17.1 [wd: 3.55e-01] [lr: 1.41e-04] [mem: 5.67e+03] (169.4 ms)
[577,   116] grad_stats: [1.22e-03 9.02e-04] (3.17e-04, 2.07e-02)
[577,   232] loss: 8.761411e-02 masks: 22.1 17.3 [wd: 3.55e-01] [lr: 1.40e-04] [mem: 5.67e+03] (169.6 ms)
[577,   232] grad_stats: [1.35e-03 1.18e-03] (3.82e-04, 1.84e-02)
avg. loss 8.76141076e-02
time taken for epoch 0:00:53.186692
Epoch 578
[578,     0] loss: 9.776340e-02 masks: 17.0 20.0 [wd: 3.55e-01] [lr: 1.40e-04] [mem: 5.67e+03] (157.3 ms)
[578,     0] grad_stats: [3.46e-03 1.10e-03] (3.72e-04, 2.00e-02)
[578,   116] loss: 8.747209e-02 masks: 21.9 17.3 [wd: 3.55e-01] [lr: 1.40e-04] [mem: 5.67e+03] (168.6 ms)
[578,   116] grad_stats: [2.26e-03 1.01e-03] (3.37e-04, 3.42e-02)
[578,   232] loss: 8.763993e-02 masks: 21.8 17.3 [wd: 3.55e-01] [lr: 1.39e-04] [mem: 5.67e+03] (168.7 ms)
[578,   232] grad_stats: [2.51e-03 1.14e-03] (3.60e-04, 2.07e-02)
avg. loss 8.76399300e-02
time taken for epoch 0:00:53.016400
Epoch 579
[579,     0] loss: 8.393411e-02 masks: 18.0 20.0 [wd: 3.55e-01] [lr: 1.39e-04] [mem: 5.67e+03] (160.1 ms)
[579,     0] grad_stats: [1.43e-03 1.10e-03] (3.74e-04, 2.16e-02)
[579,   116] loss: 8.665655e-02 masks: 22.4 17.0 [wd: 3.56e-01] [lr: 1.38e-04] [mem: 5.67e+03] (169.7 ms)
[579,   116] grad_stats: [3.16e-03 1.41e-03] (4.83e-04, 2.53e-02)
[579,   232] loss: 8.756881e-02 masks: 22.0 17.3 [wd: 3.56e-01] [lr: 1.37e-04] [mem: 5.67e+03] (169.1 ms)
[579,   232] grad_stats: [1.29e-03 1.31e-03] (4.07e-04, 4.92e-02)
avg. loss 8.75688116e-02
time taken for epoch 0:00:53.112317
Epoch 580
[580,     0] loss: 9.416091e-02 masks: 21.0 16.0 [wd: 3.56e-01] [lr: 1.37e-04] [mem: 5.67e+03] (164.6 ms)
[580,     0] grad_stats: [1.53e-03 1.38e-03] (4.54e-04, 2.61e-02)
[580,   116] loss: 8.625596e-02 masks: 22.6 16.8 [wd: 3.56e-01] [lr: 1.37e-04] [mem: 5.67e+03] (170.0 ms)
[580,   116] grad_stats: [1.49e-03 1.49e-03] (4.42e-04, 2.56e-02)
[580,   232] loss: 8.676584e-02 masks: 22.5 16.9 [wd: 3.56e-01] [lr: 1.36e-04] [mem: 5.67e+03] (170.3 ms)
[580,   232] grad_stats: [1.03e-03 1.10e-03] (3.61e-04, 4.19e-02)
avg. loss 8.67658362e-02
	Epoch 580, KNN accuracy train: 7.50072e-01, KNN accuracy train: 6.28000e-01
time taken for epoch 0:01:35.719047
Epoch 581
[581,     0] loss: 8.149817e-02 masks: 26.0 16.0 [wd: 3.56e-01] [lr: 1.36e-04] [mem: 5.67e+03] (177.4 ms)
[581,     0] grad_stats: [1.80e-03 1.15e-03] (4.07e-04, 2.50e-02)
[581,   116] loss: 8.761408e-02 masks: 21.9 17.3 [wd: 3.57e-01] [lr: 1.35e-04] [mem: 5.67e+03] (167.9 ms)
[581,   116] grad_stats: [1.42e-03 1.54e-03] (4.65e-04, 2.13e-02)
[581,   232] loss: 8.753177e-02 masks: 22.0 17.3 [wd: 3.57e-01] [lr: 1.34e-04] [mem: 5.67e+03] (168.9 ms)
[581,   232] grad_stats: [1.06e-03 1.05e-03] (3.61e-04, 2.63e-02)
avg. loss 8.75317734e-02
time taken for epoch 0:00:53.027204
Epoch 582
[582,     0] loss: 9.430878e-02 masks: 15.0 20.0 [wd: 3.57e-01] [lr: 1.34e-04] [mem: 5.67e+03] (151.7 ms)
[582,     0] grad_stats: [1.57e-03 1.60e-03] (4.50e-04, 4.31e-02)
[582,   116] loss: 8.795612e-02 masks: 21.7 17.8 [wd: 3.57e-01] [lr: 1.34e-04] [mem: 5.67e+03] (168.4 ms)
[582,   116] grad_stats: [2.06e-03 1.15e-03] (3.93e-04, 1.91e-02)
[582,   232] loss: 8.807225e-02 masks: 21.8 17.5 [wd: 3.57e-01] [lr: 1.33e-04] [mem: 5.67e+03] (168.8 ms)
[582,   232] grad_stats: [2.29e-03 1.08e-03] (2.97e-04, 1.80e-02)
avg. loss 8.80722483e-02
time taken for epoch 0:00:53.008631
Epoch 583
[583,     0] loss: 8.903714e-02 masks: 19.0 20.0 [wd: 3.57e-01] [lr: 1.33e-04] [mem: 5.67e+03] (164.3 ms)
[583,     0] grad_stats: [2.35e-03 1.42e-03] (4.97e-04, 2.44e-02)
[583,   116] loss: 8.659776e-02 masks: 22.7 17.1 [wd: 3.57e-01] [lr: 1.32e-04] [mem: 5.67e+03] (170.7 ms)
[583,   116] grad_stats: [1.47e-03 1.21e-03] (3.87e-04, 2.34e-02)
[583,   232] loss: 8.642123e-02 masks: 22.9 16.9 [wd: 3.58e-01] [lr: 1.31e-04] [mem: 5.67e+03] (171.4 ms)
[583,   232] grad_stats: [1.29e-03 9.91e-04] (3.63e-04, 2.70e-02)
avg. loss 8.64212335e-02
time taken for epoch 0:00:53.575145
Epoch 584
[584,     0] loss: 7.875221e-02 masks: 24.0 16.0 [wd: 3.58e-01] [lr: 1.31e-04] [mem: 5.67e+03] (171.9 ms)
[584,     0] grad_stats: [3.20e-03 1.64e-03] (3.87e-04, 4.23e-02)
[584,   116] loss: 8.774634e-02 masks: 21.7 17.3 [wd: 3.58e-01] [lr: 1.31e-04] [mem: 5.67e+03] (168.1 ms)
[584,   116] grad_stats: [1.73e-03 1.76e-03] (4.33e-04, 3.29e-02)
[584,   232] loss: 8.825240e-02 masks: 21.7 17.4 [wd: 3.58e-01] [lr: 1.30e-04] [mem: 5.67e+03] (168.5 ms)
[584,   232] grad_stats: [2.61e-03 1.43e-03] (4.04e-04, 2.86e-02)
avg. loss 8.82524007e-02
time taken for epoch 0:00:52.951877
Epoch 585
[585,     0] loss: 9.566674e-02 masks: 20.0 16.0 [wd: 3.58e-01] [lr: 1.30e-04] [mem: 5.67e+03] (160.3 ms)
[585,     0] grad_stats: [2.85e-03 1.92e-03] (5.10e-04, 2.86e-02)
[585,   116] loss: 8.756963e-02 masks: 22.0 17.3 [wd: 3.58e-01] [lr: 1.29e-04] [mem: 5.67e+03] (168.8 ms)
[585,   116] grad_stats: [1.81e-03 1.36e-03] (4.41e-04, 2.01e-02)
[585,   232] loss: 8.804418e-02 masks: 22.0 17.2 [wd: 3.59e-01] [lr: 1.28e-04] [mem: 5.67e+03] (169.2 ms)
[585,   232] grad_stats: [1.22e-03 1.05e-03] (3.60e-04, 4.05e-02)
avg. loss 8.80441845e-02
time taken for epoch 0:00:53.085537
Epoch 586
[586,     0] loss: 8.948974e-02 masks: 20.0 20.0 [wd: 3.59e-01] [lr: 1.28e-04] [mem: 5.67e+03] (164.9 ms)
[586,     0] grad_stats: [1.18e-03 1.41e-03] (4.57e-04, 5.78e-02)
[586,   116] loss: 8.814322e-02 masks: 21.8 17.5 [wd: 3.59e-01] [lr: 1.28e-04] [mem: 5.67e+03] (168.5 ms)
[586,   116] grad_stats: [2.35e-03 1.74e-03] (5.31e-04, 6.01e-02)
[586,   232] loss: 8.823090e-02 masks: 22.0 17.4 [wd: 3.59e-01] [lr: 1.27e-04] [mem: 5.67e+03] (169.2 ms)
[586,   232] grad_stats: [1.52e-03 1.39e-03] (5.14e-04, 2.33e-02)
avg. loss 8.82309018e-02
time taken for epoch 0:00:53.089661
Epoch 587
[587,     0] loss: 9.345555e-02 masks: 22.0 16.0 [wd: 3.59e-01] [lr: 1.27e-04] [mem: 5.67e+03] (165.8 ms)
[587,     0] grad_stats: [1.39e-03 1.35e-03] (4.17e-04, 2.93e-02)
[587,   116] loss: 8.812084e-02 masks: 21.6 17.4 [wd: 3.59e-01] [lr: 1.26e-04] [mem: 5.67e+03] (167.7 ms)
[587,   116] grad_stats: [1.88e-03 1.20e-03] (3.51e-04, 1.65e-02)
[587,   232] loss: 8.840928e-02 masks: 21.7 17.4 [wd: 3.60e-01] [lr: 1.25e-04] [mem: 5.67e+03] (168.5 ms)
[587,   232] grad_stats: [1.47e-03 1.21e-03] (4.27e-04, 2.32e-02)
avg. loss 8.84092791e-02
time taken for epoch 0:00:53.032763
Epoch 588
[588,     0] loss: 8.804746e-02 masks: 21.0 20.0 [wd: 3.60e-01] [lr: 1.25e-04] [mem: 5.67e+03] (168.5 ms)
[588,     0] grad_stats: [1.03e-03 1.35e-03] (3.84e-04, 6.36e-02)
[588,   116] loss: 8.778175e-02 masks: 22.3 17.0 [wd: 3.60e-01] [lr: 1.25e-04] [mem: 5.67e+03] (169.4 ms)
[588,   116] grad_stats: [1.87e-03 1.38e-03] (4.36e-04, 4.17e-02)
[588,   232] loss: 8.826159e-02 masks: 21.9 17.2 [wd: 3.60e-01] [lr: 1.24e-04] [mem: 5.67e+03] (168.8 ms)
[588,   232] grad_stats: [1.05e-03 1.16e-03] (3.96e-04, 1.77e-02)
avg. loss 8.82615869e-02
time taken for epoch 0:00:52.905537
Epoch 589
[589,     0] loss: 9.084088e-02 masks: 22.0 16.0 [wd: 3.60e-01] [lr: 1.24e-04] [mem: 5.67e+03] (166.3 ms)
[589,     0] grad_stats: [1.44e-03 1.34e-03] (4.24e-04, 3.15e-02)
[589,   116] loss: 8.737710e-02 masks: 21.7 17.5 [wd: 3.60e-01] [lr: 1.23e-04] [mem: 5.67e+03] (168.3 ms)
[589,   116] grad_stats: [2.09e-03 1.65e-03] (4.78e-04, 5.38e-02)
[589,   232] loss: 8.760631e-02 masks: 22.3 17.2 [wd: 3.61e-01] [lr: 1.22e-04] [mem: 5.67e+03] (169.9 ms)
[589,   232] grad_stats: [2.58e-03 2.74e-03] (5.42e-04, 7.43e-02)
avg. loss 8.76063083e-02
time taken for epoch 0:00:53.334655
Epoch 590
[590,     0] loss: 8.502415e-02 masks: 20.0 16.0 [wd: 3.61e-01] [lr: 1.22e-04] [mem: 5.67e+03] (162.8 ms)
[590,     0] grad_stats: [6.07e-03 1.75e-03] (4.54e-04, 5.08e-02)
[590,   116] loss: 8.831172e-02 masks: 21.5 17.4 [wd: 3.61e-01] [lr: 1.22e-04] [mem: 5.67e+03] (167.8 ms)
[590,   116] grad_stats: [1.53e-03 1.28e-03] (4.32e-04, 1.81e-02)
[590,   232] loss: 8.834889e-02 masks: 21.7 17.5 [wd: 3.61e-01] [lr: 1.21e-04] [mem: 5.67e+03] (168.6 ms)
[590,   232] grad_stats: [1.28e-03 1.11e-03] (3.65e-04, 5.15e-02)
avg. loss 8.83488899e-02
time taken for epoch 0:00:53.000717
Epoch 591
[591,     0] loss: 6.638710e-02 masks: 33.0 12.0 [wd: 3.61e-01] [lr: 1.21e-04] [mem: 5.67e+03] (190.5 ms)
[591,     0] grad_stats: [2.11e-03 1.19e-03] (3.32e-04, 2.92e-02)
[591,   116] loss: 8.784832e-02 masks: 22.1 17.2 [wd: 3.61e-01] [lr: 1.20e-04] [mem: 5.67e+03] (168.9 ms)
[591,   116] grad_stats: [1.41e-03 1.11e-03] (4.15e-04, 1.84e-02)
[591,   232] loss: 8.783153e-02 masks: 22.1 17.2 [wd: 3.62e-01] [lr: 1.20e-04] [mem: 5.67e+03] (169.7 ms)
[591,   232] grad_stats: [2.02e-03 1.78e-03] (4.92e-04, 4.52e-02)
avg. loss 8.78315252e-02
time taken for epoch 0:00:53.235239
Epoch 592
[592,     0] loss: 9.520551e-02 masks: 21.0 16.0 [wd: 3.62e-01] [lr: 1.20e-04] [mem: 5.67e+03] (163.0 ms)
[592,     0] grad_stats: [2.27e-03 1.64e-03] (4.45e-04, 6.16e-02)
[592,   116] loss: 8.853126e-02 masks: 22.2 17.2 [wd: 3.62e-01] [lr: 1.19e-04] [mem: 5.67e+03] (169.4 ms)
[592,   116] grad_stats: [9.63e-04 1.12e-03] (3.88e-04, 3.01e-02)
[592,   232] loss: 8.884818e-02 masks: 21.6 17.5 [wd: 3.62e-01] [lr: 1.18e-04] [mem: 5.67e+03] (168.6 ms)
[592,   232] grad_stats: [2.01e-03 1.29e-03] (4.35e-04, 2.06e-02)
avg. loss 8.88481803e-02
time taken for epoch 0:00:52.997655
Epoch 593
[593,     0] loss: 9.070104e-02 masks: 18.0 20.0 [wd: 3.62e-01] [lr: 1.18e-04] [mem: 5.67e+03] (160.6 ms)
[593,     0] grad_stats: [1.98e-03 1.24e-03] (4.68e-04, 5.42e-02)
[593,   116] loss: 8.740685e-02 masks: 22.4 17.2 [wd: 3.62e-01] [lr: 1.17e-04] [mem: 5.67e+03] (169.9 ms)
[593,   116] grad_stats: [1.60e-03 1.41e-03] (4.16e-04, 2.08e-02)
[593,   232] loss: 8.880081e-02 masks: 21.5 17.5 [wd: 3.62e-01] [lr: 1.17e-04] [mem: 5.67e+03] (168.3 ms)
[593,   232] grad_stats: [9.84e-04 1.70e-03] (5.13e-04, 2.47e-02)
avg. loss 8.88008056e-02
time taken for epoch 0:00:52.893853
Epoch 594
[594,     0] loss: 9.078755e-02 masks: 17.0 16.0 [wd: 3.62e-01] [lr: 1.17e-04] [mem: 5.67e+03] (152.6 ms)
[594,     0] grad_stats: [1.69e-03 1.75e-03] (5.21e-04, 2.90e-02)
[594,   116] loss: 8.844524e-02 masks: 21.8 17.2 [wd: 3.63e-01] [lr: 1.16e-04] [mem: 5.67e+03] (168.1 ms)
[594,   116] grad_stats: [1.27e-03 1.97e-03] (4.90e-04, 1.96e-02)
[594,   232] loss: 8.837876e-02 masks: 21.9 17.2 [wd: 3.63e-01] [lr: 1.15e-04] [mem: 5.67e+03] (168.9 ms)
[594,   232] grad_stats: [1.58e-03 1.47e-03] (4.57e-04, 6.30e-02)
avg. loss 8.83787649e-02
time taken for epoch 0:00:53.082844
Epoch 595
[595,     0] loss: 8.292182e-02 masks: 25.0 16.0 [wd: 3.63e-01] [lr: 1.15e-04] [mem: 5.67e+03] (176.1 ms)
[595,     0] grad_stats: [1.32e-03 1.19e-03] (3.69e-04, 5.09e-02)
[595,   116] loss: 8.856092e-02 masks: 21.8 17.4 [wd: 3.63e-01] [lr: 1.15e-04] [mem: 5.67e+03] (168.5 ms)
[595,   116] grad_stats: [1.39e-03 1.39e-03] (4.83e-04, 2.81e-02)
[595,   232] loss: 8.853384e-02 masks: 22.1 17.3 [wd: 3.63e-01] [lr: 1.14e-04] [mem: 5.67e+03] (169.6 ms)
[595,   232] grad_stats: [2.26e-03 1.16e-03] (4.40e-04, 2.15e-02)
avg. loss 8.85338358e-02
time taken for epoch 0:00:53.220252
Epoch 596
[596,     0] loss: 7.973881e-02 masks: 25.0 16.0 [wd: 3.63e-01] [lr: 1.14e-04] [mem: 5.67e+03] (173.9 ms)
[596,     0] grad_stats: [9.82e-04 9.93e-04] (3.55e-04, 2.72e-02)
[596,   116] loss: 8.964108e-02 masks: 21.2 17.5 [wd: 3.64e-01] [lr: 1.13e-04] [mem: 5.67e+03] (167.0 ms)
[596,   116] grad_stats: [1.61e-03 9.56e-04] (4.10e-04, 2.69e-02)
[596,   232] loss: 8.974666e-02 masks: 21.0 17.6 [wd: 3.64e-01] [lr: 1.13e-04] [mem: 5.67e+03] (166.9 ms)
[596,   232] grad_stats: [1.12e-03 1.09e-03] (3.85e-04, 4.35e-02)
avg. loss 8.97466619e-02
time taken for epoch 0:00:52.572268
Epoch 597
[597,     0] loss: 9.631328e-02 masks: 23.0 16.0 [wd: 3.64e-01] [lr: 1.13e-04] [mem: 5.67e+03] (167.6 ms)
[597,     0] grad_stats: [1.40e-03 1.58e-03] (4.85e-04, 2.01e-02)
[597,   116] loss: 8.797450e-02 masks: 22.9 17.1 [wd: 3.64e-01] [lr: 1.12e-04] [mem: 5.67e+03] (171.0 ms)
[597,   116] grad_stats: [1.77e-03 1.23e-03] (4.72e-04, 3.85e-02)
[597,   232] loss: 8.807247e-02 masks: 22.6 17.2 [wd: 3.64e-01] [lr: 1.11e-04] [mem: 5.67e+03] (170.9 ms)
[597,   232] grad_stats: [1.98e-03 1.32e-03] (4.43e-04, 4.97e-02)
avg. loss 8.80724674e-02
time taken for epoch 0:00:53.589823
Epoch 598
[598,     0] loss: 8.775368e-02 masks: 25.0 16.0 [wd: 3.64e-01] [lr: 1.11e-04] [mem: 5.67e+03] (174.7 ms)
[598,     0] grad_stats: [1.56e-03 1.46e-03] (4.58e-04, 2.32e-02)
[598,   116] loss: 8.966516e-02 masks: 21.8 17.4 [wd: 3.65e-01] [lr: 1.10e-04] [mem: 5.67e+03] (168.7 ms)
[598,   116] grad_stats: [5.47e-03 2.16e-03] (6.30e-04, 7.57e-02)
[598,   232] loss: 8.915258e-02 masks: 21.6 17.5 [wd: 3.65e-01] [lr: 1.10e-04] [mem: 5.67e+03] (168.7 ms)
[598,   232] grad_stats: [1.63e-03 1.57e-03] (4.25e-04, 2.77e-02)
avg. loss 8.91525788e-02
time taken for epoch 0:00:52.855065
Epoch 599
[599,     0] loss: 8.909385e-02 masks: 21.0 20.0 [wd: 3.65e-01] [lr: 1.10e-04] [mem: 5.67e+03] (168.3 ms)
[599,     0] grad_stats: [2.28e-03 1.60e-03] (5.47e-04, 4.36e-02)
[599,   116] loss: 8.772382e-02 masks: 22.2 17.4 [wd: 3.65e-01] [lr: 1.09e-04] [mem: 5.67e+03] (169.6 ms)
[599,   116] grad_stats: [1.73e-03 1.20e-03] (4.63e-04, 2.17e-02)
[599,   232] loss: 8.876351e-02 masks: 21.9 17.5 [wd: 3.65e-01] [lr: 1.08e-04] [mem: 5.67e+03] (169.4 ms)
[599,   232] grad_stats: [1.73e-03 2.08e-03] (4.78e-04, 2.54e-02)
avg. loss 8.87635092e-02
time taken for epoch 0:00:53.120600
Epoch 600
[600,     0] loss: 9.445680e-02 masks: 16.0 20.0 [wd: 3.65e-01] [lr: 1.08e-04] [mem: 5.67e+03] (151.9 ms)
[600,     0] grad_stats: [2.01e-03 1.72e-03] (4.94e-04, 3.09e-02)
[600,   116] loss: 8.908210e-02 masks: 21.3 17.5 [wd: 3.65e-01] [lr: 1.08e-04] [mem: 5.67e+03] (167.3 ms)
[600,   116] grad_stats: [1.53e-03 1.80e-03] (5.33e-04, 2.87e-02)
[600,   232] loss: 8.899643e-02 masks: 21.8 17.4 [wd: 3.66e-01] [lr: 1.07e-04] [mem: 5.67e+03] (168.8 ms)
[600,   232] grad_stats: [1.90e-03 1.37e-03] (4.71e-04, 2.12e-02)
avg. loss 8.89964266e-02
	Epoch 600, KNN accuracy train: 7.53505e-01, KNN accuracy train: 6.32000e-01
time taken for epoch 0:01:35.354137
Epoch 601
[601,     0] loss: 8.834326e-02 masks: 25.0 16.0 [wd: 3.66e-01] [lr: 1.07e-04] [mem: 5.67e+03] (171.9 ms)
[601,     0] grad_stats: [1.95e-03 1.37e-03] (5.18e-04, 3.17e-02)
[601,   116] loss: 8.979473e-02 masks: 21.9 17.1 [wd: 3.66e-01] [lr: 1.06e-04] [mem: 5.67e+03] (167.9 ms)
[601,   116] grad_stats: [1.34e-03 1.18e-03] (4.13e-04, 1.66e-02)
[601,   232] loss: 8.877102e-02 masks: 22.2 17.2 [wd: 3.66e-01] [lr: 1.06e-04] [mem: 5.67e+03] (169.2 ms)
[601,   232] grad_stats: [1.63e-03 1.64e-03] (4.53e-04, 3.39e-02)
avg. loss 8.87710170e-02
time taken for epoch 0:00:53.132376
Epoch 602
[602,     0] loss: 9.706524e-02 masks: 17.0 20.0 [wd: 3.66e-01] [lr: 1.06e-04] [mem: 5.67e+03] (157.0 ms)
[602,     0] grad_stats: [1.72e-03 1.96e-03] (5.35e-04, 2.65e-02)
[602,   116] loss: 8.880008e-02 masks: 22.1 17.3 [wd: 3.66e-01] [lr: 1.05e-04] [mem: 5.67e+03] (169.0 ms)
[602,   116] grad_stats: [1.08e-03 1.15e-03] (4.10e-04, 5.14e-02)
[602,   232] loss: 8.852484e-02 masks: 21.9 17.4 [wd: 3.67e-01] [lr: 1.04e-04] [mem: 5.67e+03] (169.0 ms)
[602,   232] grad_stats: [3.80e-03 9.77e-04] (4.50e-04, 1.89e-02)
avg. loss 8.85248378e-02
time taken for epoch 0:00:53.063430
Epoch 603
[603,     0] loss: 9.839266e-02 masks: 15.0 20.0 [wd: 3.67e-01] [lr: 1.04e-04] [mem: 5.67e+03] (152.0 ms)
[603,     0] grad_stats: [1.77e-03 2.05e-03] (6.50e-04, 3.68e-02)
[603,   116] loss: 8.962365e-02 masks: 21.6 17.5 [wd: 3.67e-01] [lr: 1.04e-04] [mem: 5.67e+03] (168.0 ms)
[603,   116] grad_stats: [1.66e-03 1.82e-03] (5.82e-04, 3.10e-02)
[603,   232] loss: 8.853640e-02 masks: 22.5 17.1 [wd: 3.67e-01] [lr: 1.03e-04] [mem: 5.67e+03] (170.6 ms)
[603,   232] grad_stats: [3.01e-03 1.45e-03] (5.70e-04, 5.29e-02)
avg. loss 8.85363957e-02
time taken for epoch 0:00:53.318258
Epoch 604
[604,     0] loss: 1.089562e-01 masks: 14.0 20.0 [wd: 3.67e-01] [lr: 1.03e-04] [mem: 5.67e+03] (148.6 ms)
[604,     0] grad_stats: [4.18e-03 2.03e-03] (5.83e-04, 8.11e-02)
[604,   116] loss: 8.818358e-02 masks: 22.1 17.2 [wd: 3.67e-01] [lr: 1.02e-04] [mem: 5.67e+03] (169.1 ms)
[604,   116] grad_stats: [1.65e-03 1.29e-03] (4.75e-04, 2.00e-02)
[604,   232] loss: 8.867524e-02 masks: 22.1 17.4 [wd: 3.67e-01] [lr: 1.02e-04] [mem: 5.67e+03] (169.6 ms)
[604,   232] grad_stats: [1.11e-03 1.53e-03] (4.02e-04, 2.44e-02)
avg. loss 8.86752409e-02
time taken for epoch 0:00:53.203942
Epoch 605
[605,     0] loss: 7.703578e-02 masks: 33.0 12.0 [wd: 3.67e-01] [lr: 1.02e-04] [mem: 5.67e+03] (191.5 ms)
[605,     0] grad_stats: [2.05e-03 1.37e-03] (4.55e-04, 2.41e-02)
[605,   116] loss: 8.795859e-02 masks: 22.5 17.1 [wd: 3.68e-01] [lr: 1.01e-04] [mem: 5.67e+03] (170.1 ms)
[605,   116] grad_stats: [3.50e-03 1.83e-03] (5.51e-04, 3.57e-02)
[605,   232] loss: 8.876126e-02 masks: 22.0 17.2 [wd: 3.68e-01] [lr: 1.00e-04] [mem: 5.67e+03] (169.3 ms)
[605,   232] grad_stats: [1.37e-03 1.45e-03] (4.36e-04, 3.81e-02)
avg. loss 8.87612552e-02
time taken for epoch 0:00:53.203301
Epoch 606
[606,     0] loss: 9.590349e-02 masks: 15.0 20.0 [wd: 3.68e-01] [lr: 1.00e-04] [mem: 5.67e+03] (152.3 ms)
[606,     0] grad_stats: [2.20e-03 1.65e-03] (5.29e-04, 3.73e-02)
[606,   116] loss: 8.829708e-02 masks: 22.3 17.2 [wd: 3.68e-01] [lr: 9.97e-05] [mem: 5.67e+03] (169.6 ms)
[606,   116] grad_stats: [2.13e-03 2.15e-03] (6.15e-04, 3.28e-02)
[606,   232] loss: 8.868014e-02 masks: 22.1 17.1 [wd: 3.68e-01] [lr: 9.90e-05] [mem: 5.67e+03] (169.6 ms)
[606,   232] grad_stats: [2.36e-03 2.03e-03] (5.10e-04, 3.17e-02)
avg. loss 8.86801417e-02
time taken for epoch 0:00:53.248441
Epoch 607
[607,     0] loss: 8.672452e-02 masks: 25.0 16.0 [wd: 3.68e-01] [lr: 9.90e-05] [mem: 5.67e+03] (174.0 ms)
[607,     0] grad_stats: [1.31e-03 1.40e-03] (4.42e-04, 4.15e-02)
[607,   116] loss: 8.914679e-02 masks: 22.0 17.4 [wd: 3.68e-01] [lr: 9.84e-05] [mem: 5.67e+03] (169.3 ms)
[607,   116] grad_stats: [3.51e-03 1.18e-03] (4.40e-04, 2.85e-02)
[607,   232] loss: 8.902195e-02 masks: 22.0 17.3 [wd: 3.69e-01] [lr: 9.77e-05] [mem: 5.67e+03] (169.5 ms)
[607,   232] grad_stats: [1.79e-03 1.22e-03] (4.03e-04, 1.86e-02)
avg. loss 8.90219514e-02
time taken for epoch 0:00:52.984669
Epoch 608
[608,     0] loss: 1.050572e-01 masks: 14.0 20.0 [wd: 3.69e-01] [lr: 9.77e-05] [mem: 5.67e+03] (147.4 ms)
[608,     0] grad_stats: [1.70e-03 1.86e-03] (5.35e-04, 3.32e-02)
[608,   116] loss: 8.992101e-02 masks: 21.2 17.5 [wd: 3.69e-01] [lr: 9.70e-05] [mem: 5.67e+03] (167.0 ms)
[608,   116] grad_stats: [1.39e-03 1.71e-03] (4.94e-04, 2.22e-02)
[608,   232] loss: 9.000384e-02 masks: 21.4 17.3 [wd: 3.69e-01] [lr: 9.64e-05] [mem: 5.67e+03] (167.7 ms)
[608,   232] grad_stats: [4.10e-03 2.12e-03] (6.03e-04, 5.15e-02)
avg. loss 9.00038432e-02
time taken for epoch 0:00:52.822728
Epoch 609
[609,     0] loss: 9.044936e-02 masks: 23.0 16.0 [wd: 3.69e-01] [lr: 9.64e-05] [mem: 5.67e+03] (166.7 ms)
[609,     0] grad_stats: [1.30e-03 1.45e-03] (5.47e-04, 4.86e-02)
[609,   116] loss: 8.950301e-02 masks: 21.6 17.4 [wd: 3.69e-01] [lr: 9.57e-05] [mem: 5.67e+03] (168.0 ms)
[609,   116] grad_stats: [1.46e-03 1.50e-03] (4.62e-04, 1.85e-02)
[609,   232] loss: 8.996787e-02 masks: 21.4 17.5 [wd: 3.70e-01] [lr: 9.51e-05] [mem: 5.67e+03] (168.0 ms)
[609,   232] grad_stats: [1.93e-03 1.51e-03] (4.56e-04, 4.90e-02)
avg. loss 8.99678738e-02
time taken for epoch 0:00:52.809819
Epoch 610
[610,     0] loss: 1.001679e-01 masks: 16.0 20.0 [wd: 3.70e-01] [lr: 9.51e-05] [mem: 5.67e+03] (154.1 ms)
[610,     0] grad_stats: [2.19e-03 1.91e-03] (6.02e-04, 7.10e-02)
[610,   116] loss: 8.861340e-02 masks: 22.1 17.0 [wd: 3.70e-01] [lr: 9.45e-05] [mem: 5.67e+03] (169.0 ms)
[610,   116] grad_stats: [1.88e-03 1.54e-03] (5.23e-04, 3.29e-02)
[610,   232] loss: 8.909808e-02 masks: 22.1 17.2 [wd: 3.70e-01] [lr: 9.38e-05] [mem: 5.67e+03] (169.6 ms)
[610,   232] grad_stats: [2.36e-03 1.38e-03] (4.90e-04, 5.44e-02)
avg. loss 8.90980770e-02
time taken for epoch 0:00:53.279452
Epoch 611
[611,     0] loss: 9.440920e-02 masks: 20.0 20.0 [wd: 3.70e-01] [lr: 9.38e-05] [mem: 5.67e+03] (165.1 ms)
[611,     0] grad_stats: [2.18e-03 1.46e-03] (5.14e-04, 4.44e-02)
[611,   116] loss: 8.923206e-02 masks: 21.9 17.2 [wd: 3.70e-01] [lr: 9.32e-05] [mem: 5.67e+03] (168.7 ms)
[611,   116] grad_stats: [1.59e-03 2.33e-03] (6.29e-04, 3.65e-02)
[611,   232] loss: 8.927879e-02 masks: 21.9 17.3 [wd: 3.70e-01] [lr: 9.25e-05] [mem: 5.67e+03] (169.2 ms)
[611,   232] grad_stats: [1.29e-03 1.10e-03] (4.71e-04, 2.93e-02)
avg. loss 8.92787906e-02
time taken for epoch 0:00:53.150471
Epoch 612
[612,     0] loss: 8.785907e-02 masks: 20.0 20.0 [wd: 3.70e-01] [lr: 9.25e-05] [mem: 5.67e+03] (164.8 ms)
[612,     0] grad_stats: [1.29e-03 1.35e-03] (4.13e-04, 1.42e-02)
[612,   116] loss: 8.767582e-02 masks: 22.9 16.9 [wd: 3.71e-01] [lr: 9.19e-05] [mem: 5.67e+03] (171.2 ms)
[612,   116] grad_stats: [6.13e-03 2.44e-03] (6.44e-04, 3.43e-02)
[612,   232] loss: 8.799480e-02 masks: 22.9 16.9 [wd: 3.71e-01] [lr: 9.13e-05] [mem: 5.67e+03] (171.4 ms)
[612,   232] grad_stats: [1.89e-03 2.65e-03] (6.81e-04, 2.74e-02)
avg. loss 8.79947976e-02
time taken for epoch 0:00:53.602584
Epoch 613
[613,     0] loss: 9.264436e-02 masks: 16.0 20.0 [wd: 3.71e-01] [lr: 9.13e-05] [mem: 5.67e+03] (154.1 ms)
[613,     0] grad_stats: [2.07e-03 1.90e-03] (5.36e-04, 2.89e-02)
[613,   116] loss: 8.985303e-02 masks: 22.3 17.2 [wd: 3.71e-01] [lr: 9.06e-05] [mem: 5.67e+03] (169.7 ms)
[613,   116] grad_stats: [1.65e-03 1.54e-03] (5.35e-04, 2.13e-02)
[613,   232] loss: 8.991733e-02 masks: 22.0 17.3 [wd: 3.71e-01] [lr: 9.00e-05] [mem: 5.67e+03] (169.4 ms)
[613,   232] grad_stats: [1.49e-03 1.59e-03] (4.55e-04, 2.25e-02)
avg. loss 8.99173347e-02
time taken for epoch 0:00:53.176438
Epoch 614
[614,     0] loss: 1.004170e-01 masks: 16.0 20.0 [wd: 3.71e-01] [lr: 9.00e-05] [mem: 5.67e+03] (153.7 ms)
[614,     0] grad_stats: [2.37e-03 1.79e-03] (6.03e-04, 4.20e-02)
[614,   116] loss: 8.976829e-02 masks: 21.0 17.6 [wd: 3.71e-01] [lr: 8.94e-05] [mem: 5.67e+03] (166.5 ms)
[614,   116] grad_stats: [2.14e-03 2.68e-03] (5.95e-04, 4.08e-02)
[614,   232] loss: 8.970548e-02 masks: 21.7 17.4 [wd: 3.72e-01] [lr: 8.87e-05] [mem: 5.67e+03] (168.8 ms)
[614,   232] grad_stats: [2.25e-03 1.66e-03] (6.03e-04, 3.09e-02)
avg. loss 8.97054777e-02
time taken for epoch 0:00:52.913540
Epoch 615
[615,     0] loss: 8.784274e-02 masks: 23.0 16.0 [wd: 3.72e-01] [lr: 8.87e-05] [mem: 5.67e+03] (168.5 ms)
[615,     0] grad_stats: [3.01e-03 1.88e-03] (5.20e-04, 4.05e-02)
[615,   116] loss: 8.862449e-02 masks: 22.4 17.1 [wd: 3.72e-01] [lr: 8.81e-05] [mem: 5.67e+03] (170.0 ms)
[615,   116] grad_stats: [1.41e-03 1.42e-03] (5.07e-04, 2.52e-02)
[615,   232] loss: 8.984952e-02 masks: 22.0 17.3 [wd: 3.72e-01] [lr: 8.75e-05] [mem: 5.67e+03] (169.5 ms)
[615,   232] grad_stats: [3.42e-03 2.42e-03] (7.36e-04, 3.73e-02)
avg. loss 8.98495159e-02
time taken for epoch 0:00:53.168627
Epoch 616
[616,     0] loss: 9.761570e-02 masks: 19.0 20.0 [wd: 3.72e-01] [lr: 8.75e-05] [mem: 5.67e+03] (161.1 ms)
[616,     0] grad_stats: [1.54e-03 1.95e-03] (5.77e-04, 3.63e-02)
[616,   116] loss: 8.935779e-02 masks: 21.8 17.2 [wd: 3.72e-01] [lr: 8.69e-05] [mem: 5.67e+03] (168.3 ms)
[616,   116] grad_stats: [1.71e-03 1.78e-03] (6.01e-04, 2.72e-02)
[616,   232] loss: 8.983756e-02 masks: 21.8 17.3 [wd: 3.72e-01] [lr: 8.63e-05] [mem: 5.67e+03] (168.7 ms)
[616,   232] grad_stats: [1.38e-03 1.92e-03] (6.37e-04, 2.52e-02)
avg. loss 8.98375601e-02
time taken for epoch 0:00:53.020548
Epoch 617
[617,     0] loss: 8.855603e-02 masks: 27.0 16.0 [wd: 3.72e-01] [lr: 8.63e-05] [mem: 5.67e+03] (180.7 ms)
[617,     0] grad_stats: [2.55e-03 1.52e-03] (4.81e-04, 3.43e-02)
[617,   116] loss: 9.003382e-02 masks: 21.5 17.2 [wd: 3.73e-01] [lr: 8.56e-05] [mem: 5.67e+03] (167.4 ms)
[617,   116] grad_stats: [1.57e-03 1.81e-03] (5.47e-04, 4.72e-02)
[617,   232] loss: 8.965935e-02 masks: 22.0 17.2 [wd: 3.73e-01] [lr: 8.50e-05] [mem: 5.67e+03] (169.1 ms)
[617,   232] grad_stats: [2.66e-03 2.30e-03] (6.18e-04, 4.71e-02)
avg. loss 8.96593465e-02
time taken for epoch 0:00:54.337685
Epoch 618
[618,     0] loss: 8.953036e-02 masks: 24.0 16.0 [wd: 3.73e-01] [lr: 8.50e-05] [mem: 5.67e+03] (170.1 ms)
[618,     0] grad_stats: [1.89e-03 1.70e-03] (5.79e-04, 2.40e-02)
[618,   116] loss: 9.004882e-02 masks: 21.5 17.3 [wd: 3.73e-01] [lr: 8.44e-05] [mem: 5.67e+03] (167.5 ms)
[618,   116] grad_stats: [1.56e-03 1.28e-03] (4.92e-04, 3.57e-02)
[618,   232] loss: 9.026525e-02 masks: 21.6 17.5 [wd: 3.73e-01] [lr: 8.38e-05] [mem: 5.67e+03] (168.4 ms)
[618,   232] grad_stats: [1.72e-03 2.29e-03] (6.54e-04, 3.27e-02)
avg. loss 9.02652459e-02
time taken for epoch 0:00:52.931111
Epoch 619
[619,     0] loss: 9.826963e-02 masks: 18.0 20.0 [wd: 3.73e-01] [lr: 8.38e-05] [mem: 5.67e+03] (160.6 ms)
[619,     0] grad_stats: [2.05e-03 1.95e-03] (5.88e-04, 2.09e-02)
[619,   116] loss: 8.903865e-02 masks: 22.2 17.2 [wd: 3.73e-01] [lr: 8.32e-05] [mem: 5.67e+03] (169.6 ms)
[619,   116] grad_stats: [1.09e-03 1.24e-03] (4.85e-04, 1.72e-02)
[619,   232] loss: 8.922387e-02 masks: 22.3 17.2 [wd: 3.74e-01] [lr: 8.26e-05] [mem: 5.67e+03] (170.3 ms)
[619,   232] grad_stats: [3.69e-03 1.34e-03] (4.73e-04, 3.83e-02)
avg. loss 8.92238700e-02
time taken for epoch 0:00:53.385761
Epoch 620
[620,     0] loss: 7.881438e-02 masks: 20.0 20.0 [wd: 3.74e-01] [lr: 8.26e-05] [mem: 5.67e+03] (163.8 ms)
[620,     0] grad_stats: [2.41e-03 1.74e-03] (5.47e-04, 2.93e-02)
[620,   116] loss: 8.972851e-02 masks: 21.9 17.2 [wd: 3.74e-01] [lr: 8.20e-05] [mem: 5.67e+03] (168.7 ms)
[620,   116] grad_stats: [1.50e-03 2.34e-03] (6.76e-04, 3.88e-02)
[620,   232] loss: 9.009043e-02 masks: 21.7 17.4 [wd: 3.74e-01] [lr: 8.14e-05] [mem: 5.67e+03] (168.6 ms)
[620,   232] grad_stats: [1.94e-03 1.39e-03] (5.44e-04, 6.56e-02)
avg. loss 9.00904254e-02
	Epoch 620, KNN accuracy train: 7.57368e-01, KNN accuracy train: 6.38667e-01
time taken for epoch 0:01:35.440857
Epoch 621
[621,     0] loss: 9.040651e-02 masks: 25.0 16.0 [wd: 3.74e-01] [lr: 8.14e-05] [mem: 5.67e+03] (173.8 ms)
[621,     0] grad_stats: [1.69e-03 1.52e-03] (4.56e-04, 5.15e-02)
[621,   116] loss: 8.908912e-02 masks: 21.8 17.3 [wd: 3.74e-01] [lr: 8.08e-05] [mem: 5.67e+03] (167.9 ms)
[621,   116] grad_stats: [1.92e-03 1.94e-03] (6.05e-04, 3.55e-02)
[621,   232] loss: 8.967257e-02 masks: 21.8 17.3 [wd: 3.74e-01] [lr: 8.02e-05] [mem: 5.67e+03] (168.3 ms)
[621,   232] grad_stats: [2.02e-03 3.61e-03] (7.92e-04, 4.01e-02)
avg. loss 8.96725663e-02
time taken for epoch 0:00:52.924544
Epoch 622
[622,     0] loss: 8.639277e-02 masks: 24.0 16.0 [wd: 3.74e-01] [lr: 8.02e-05] [mem: 5.67e+03] (172.9 ms)
[622,     0] grad_stats: [2.22e-03 1.74e-03] (5.05e-04, 2.83e-02)
[622,   116] loss: 8.949263e-02 masks: 22.1 17.1 [wd: 3.75e-01] [lr: 7.96e-05] [mem: 5.67e+03] (168.8 ms)
[622,   116] grad_stats: [1.43e-03 1.22e-03] (5.21e-04, 1.82e-02)
[622,   232] loss: 8.911695e-02 masks: 22.1 17.3 [wd: 3.75e-01] [lr: 7.90e-05] [mem: 5.67e+03] (169.5 ms)
[622,   232] grad_stats: [2.06e-03 1.40e-03] (5.17e-04, 2.60e-02)
avg. loss 8.91169536e-02
time taken for epoch 0:00:53.183669
Epoch 623
[623,     0] loss: 1.041035e-01 masks: 20.0 16.0 [wd: 3.75e-01] [lr: 7.90e-05] [mem: 5.67e+03] (160.7 ms)
[623,     0] grad_stats: [4.60e-03 2.20e-03] (6.24e-04, 4.29e-02)
[623,   116] loss: 9.057999e-02 masks: 21.5 17.6 [wd: 3.75e-01] [lr: 7.84e-05] [mem: 5.67e+03] (168.0 ms)
[623,   116] grad_stats: [3.20e-03 1.74e-03] (6.14e-04, 3.79e-02)
[623,   232] loss: 9.097941e-02 masks: 21.2 17.6 [wd: 3.75e-01] [lr: 7.78e-05] [mem: 5.67e+03] (167.6 ms)
[623,   232] grad_stats: [1.38e-03 2.42e-03] (6.52e-04, 2.82e-02)
avg. loss 9.09794086e-02
time taken for epoch 0:00:52.727942
Epoch 624
[624,     0] loss: 9.009551e-02 masks: 20.0 16.0 [wd: 3.75e-01] [lr: 7.78e-05] [mem: 5.67e+03] (161.0 ms)
[624,     0] grad_stats: [2.86e-03 2.18e-03] (6.31e-04, 5.55e-02)
[624,   116] loss: 9.016284e-02 masks: 21.6 17.3 [wd: 3.75e-01] [lr: 7.72e-05] [mem: 5.67e+03] (167.6 ms)
[624,   116] grad_stats: [1.38e-03 1.79e-03] (6.05e-04, 4.47e-02)
[624,   232] loss: 8.968589e-02 masks: 21.9 17.3 [wd: 3.76e-01] [lr: 7.66e-05] [mem: 5.67e+03] (169.2 ms)
[624,   232] grad_stats: [1.55e-03 1.41e-03] (5.27e-04, 4.01e-02)
avg. loss 8.96858945e-02
time taken for epoch 0:00:53.161274
Epoch 625
[625,     0] loss: 8.854528e-02 masks: 19.0 20.0 [wd: 3.76e-01] [lr: 7.66e-05] [mem: 5.67e+03] (162.2 ms)
[625,     0] grad_stats: [1.61e-03 1.48e-03] (5.15e-04, 6.97e-02)
[625,   116] loss: 8.879057e-02 masks: 22.9 16.9 [wd: 3.76e-01] [lr: 7.61e-05] [mem: 5.67e+03] (171.0 ms)
[625,   116] grad_stats: [1.28e-03 1.38e-03] (5.52e-04, 5.71e-02)
[625,   232] loss: 8.936231e-02 masks: 22.2 17.1 [wd: 3.76e-01] [lr: 7.55e-05] [mem: 5.67e+03] (169.8 ms)
[625,   232] grad_stats: [1.83e-03 1.40e-03] (5.49e-04, 3.15e-02)
avg. loss 8.93623064e-02
time taken for epoch 0:00:53.196235
Epoch 626
[626,     0] loss: 9.214762e-02 masks: 19.0 20.0 [wd: 3.76e-01] [lr: 7.55e-05] [mem: 5.67e+03] (164.1 ms)
[626,     0] grad_stats: [1.44e-03 2.04e-03] (6.79e-04, 2.33e-02)
[626,   116] loss: 9.107550e-02 masks: 21.5 17.4 [wd: 3.76e-01] [lr: 7.49e-05] [mem: 5.67e+03] (167.7 ms)
[626,   116] grad_stats: [1.50e-03 1.53e-03] (5.29e-04, 2.87e-02)
[626,   232] loss: 9.031111e-02 masks: 21.9 17.2 [wd: 3.76e-01] [lr: 7.43e-05] [mem: 5.67e+03] (169.1 ms)
[626,   232] grad_stats: [1.68e-03 1.19e-03] (4.78e-04, 2.11e-02)
avg. loss 9.03111077e-02
time taken for epoch 0:00:53.106718
Epoch 627
[627,     0] loss: 1.043047e-01 masks: 17.0 20.0 [wd: 3.76e-01] [lr: 7.43e-05] [mem: 5.67e+03] (155.1 ms)
[627,     0] grad_stats: [1.88e-03 1.94e-03] (6.34e-04, 2.31e-02)
[627,   116] loss: 9.113082e-02 masks: 21.4 17.4 [wd: 3.76e-01] [lr: 7.37e-05] [mem: 5.67e+03] (167.5 ms)
[627,   116] grad_stats: [1.17e-03 2.03e-03] (5.96e-04, 5.49e-02)
[627,   232] loss: 9.087576e-02 masks: 21.6 17.4 [wd: 3.77e-01] [lr: 7.32e-05] [mem: 5.67e+03] (168.4 ms)
[627,   232] grad_stats: [2.24e-03 1.81e-03] (6.10e-04, 3.31e-02)
avg. loss 9.08757606e-02
time taken for epoch 0:00:52.852404
Epoch 628
[628,     0] loss: 9.713680e-02 masks: 18.0 20.0 [wd: 3.77e-01] [lr: 7.32e-05] [mem: 5.67e+03] (160.0 ms)
[628,     0] grad_stats: [1.39e-03 1.29e-03] (5.65e-04, 2.04e-02)
[628,   116] loss: 9.055695e-02 masks: 21.4 17.6 [wd: 3.77e-01] [lr: 7.26e-05] [mem: 5.67e+03] (167.7 ms)
[628,   116] grad_stats: [1.36e-03 2.01e-03] (5.43e-04, 3.37e-02)
[628,   232] loss: 9.096427e-02 masks: 21.1 17.8 [wd: 3.77e-01] [lr: 7.20e-05] [mem: 5.67e+03] (167.6 ms)
[628,   232] grad_stats: [1.52e-03 1.92e-03] (5.68e-04, 2.67e-02)
avg. loss 9.09642684e-02
time taken for epoch 0:00:52.783958
Epoch 629
[629,     0] loss: 8.251330e-02 masks: 33.0 12.0 [wd: 3.77e-01] [lr: 7.20e-05] [mem: 5.67e+03] (191.7 ms)
[629,     0] grad_stats: [1.28e-03 1.32e-03] (5.48e-04, 2.15e-02)
[629,   116] loss: 9.010707e-02 masks: 22.4 17.1 [wd: 3.77e-01] [lr: 7.15e-05] [mem: 5.67e+03] (169.9 ms)
[629,   116] grad_stats: [3.00e-03 1.44e-03] (6.01e-04, 4.10e-02)
[629,   232] loss: 8.960663e-02 masks: 22.7 17.0 [wd: 3.77e-01] [lr: 7.09e-05] [mem: 5.67e+03] (171.0 ms)
[629,   232] grad_stats: [1.28e-03 1.55e-03] (5.80e-04, 3.69e-02)
avg. loss 8.96066342e-02
time taken for epoch 0:00:53.513590
Epoch 630
[630,     0] loss: 1.020618e-01 masks: 20.0 20.0 [wd: 3.77e-01] [lr: 7.09e-05] [mem: 5.67e+03] (165.9 ms)
[630,     0] grad_stats: [1.81e-03 1.83e-03] (5.90e-04, 3.42e-02)
[630,   116] loss: 9.161172e-02 masks: 21.4 17.4 [wd: 3.78e-01] [lr: 7.03e-05] [mem: 5.67e+03] (167.2 ms)
[630,   116] grad_stats: [2.39e-03 2.28e-03] (7.51e-04, 2.85e-02)
[630,   232] loss: 9.033522e-02 masks: 22.0 17.1 [wd: 3.78e-01] [lr: 6.98e-05] [mem: 5.67e+03] (169.2 ms)
[630,   232] grad_stats: [2.53e-03 1.50e-03] (5.51e-04, 4.61e-02)
avg. loss 9.03352204e-02
time taken for epoch 0:00:53.172385
Epoch 631
[631,     0] loss: 1.041433e-01 masks: 14.0 20.0 [wd: 3.78e-01] [lr: 6.98e-05] [mem: 5.67e+03] (149.2 ms)
[631,     0] grad_stats: [2.18e-03 1.87e-03] (8.00e-04, 3.80e-02)
[631,   116] loss: 8.968197e-02 masks: 22.4 17.2 [wd: 3.78e-01] [lr: 6.92e-05] [mem: 5.67e+03] (169.8 ms)
[631,   116] grad_stats: [1.07e-03 1.05e-03] (4.21e-04, 2.45e-02)
[631,   232] loss: 9.048015e-02 masks: 21.9 17.3 [wd: 3.78e-01] [lr: 6.87e-05] [mem: 5.67e+03] (169.1 ms)
[631,   232] grad_stats: [1.85e-03 1.75e-03] (6.77e-04, 9.80e-02)
avg. loss 9.04801538e-02
time taken for epoch 0:00:53.070328
Epoch 632
[632,     0] loss: 8.560439e-02 masks: 20.0 20.0 [wd: 3.78e-01] [lr: 6.87e-05] [mem: 5.67e+03] (165.6 ms)
[632,     0] grad_stats: [1.35e-03 1.28e-03] (4.67e-04, 4.77e-02)
[632,   116] loss: 9.045216e-02 masks: 22.4 17.0 [wd: 3.78e-01] [lr: 6.81e-05] [mem: 5.67e+03] (169.6 ms)
[632,   116] grad_stats: [1.60e-03 1.53e-03] (5.91e-04, 2.76e-02)
[632,   232] loss: 9.102982e-02 masks: 21.6 17.3 [wd: 3.78e-01] [lr: 6.76e-05] [mem: 5.67e+03] (168.4 ms)
[632,   232] grad_stats: [1.66e-03 2.24e-03] (6.21e-04, 4.26e-02)
avg. loss 9.10298182e-02
time taken for epoch 0:00:52.955254
Epoch 633
[633,     0] loss: 9.078593e-02 masks: 20.0 20.0 [wd: 3.78e-01] [lr: 6.75e-05] [mem: 5.67e+03] (165.3 ms)
[633,     0] grad_stats: [1.88e-03 1.47e-03] (6.12e-04, 2.24e-02)
[633,   116] loss: 9.013845e-02 masks: 21.9 17.2 [wd: 3.79e-01] [lr: 6.70e-05] [mem: 5.67e+03] (168.3 ms)
[633,   116] grad_stats: [1.82e-03 1.77e-03] (6.25e-04, 3.58e-02)
[633,   232] loss: 9.014791e-02 masks: 22.1 17.2 [wd: 3.79e-01] [lr: 6.65e-05] [mem: 5.67e+03] (169.4 ms)
[633,   232] grad_stats: [1.75e-03 1.91e-03] (5.43e-04, 2.50e-02)
avg. loss 9.01479098e-02
time taken for epoch 0:00:53.170566
Epoch 634
[634,     0] loss: 8.471832e-02 masks: 27.0 16.0 [wd: 3.79e-01] [lr: 6.64e-05] [mem: 5.67e+03] (180.6 ms)
[634,     0] grad_stats: [1.77e-03 1.39e-03] (5.42e-04, 3.48e-02)
[634,   116] loss: 9.216825e-02 masks: 20.7 17.7 [wd: 3.79e-01] [lr: 6.59e-05] [mem: 5.67e+03] (166.0 ms)
[634,   116] grad_stats: [1.67e-03 1.58e-03] (5.92e-04, 3.40e-02)
[634,   232] loss: 9.156669e-02 masks: 21.2 17.6 [wd: 3.79e-01] [lr: 6.54e-05] [mem: 5.67e+03] (167.6 ms)
[634,   232] grad_stats: [1.48e-03 1.40e-03] (5.55e-04, 2.46e-02)
avg. loss 9.15666924e-02
time taken for epoch 0:00:52.661945
Epoch 635
[635,     0] loss: 8.616973e-02 masks: 25.0 16.0 [wd: 3.79e-01] [lr: 6.54e-05] [mem: 5.67e+03] (174.2 ms)
[635,     0] grad_stats: [1.86e-03 1.87e-03] (6.27e-04, 2.95e-02)
[635,   116] loss: 9.134598e-02 masks: 21.5 17.6 [wd: 3.79e-01] [lr: 6.48e-05] [mem: 5.67e+03] (167.7 ms)
[635,   116] grad_stats: [2.16e-03 2.09e-03] (7.35e-04, 4.37e-02)
[635,   232] loss: 9.130431e-02 masks: 21.4 17.6 [wd: 3.80e-01] [lr: 6.43e-05] [mem: 5.67e+03] (168.0 ms)
[635,   232] grad_stats: [1.66e-03 2.00e-03] (6.64e-04, 3.20e-02)
avg. loss 9.13043083e-02
time taken for epoch 0:00:52.916645
Epoch 636
[636,     0] loss: 9.698971e-02 masks: 14.0 20.0 [wd: 3.80e-01] [lr: 6.43e-05] [mem: 5.67e+03] (149.3 ms)
[636,     0] grad_stats: [1.73e-03 1.63e-03] (5.88e-04, 2.20e-02)
[636,   116] loss: 9.085693e-02 masks: 21.6 17.2 [wd: 3.80e-01] [lr: 6.37e-05] [mem: 5.67e+03] (167.5 ms)
[636,   116] grad_stats: [1.96e-03 1.74e-03] (5.53e-04, 3.42e-02)
[636,   232] loss: 9.130620e-02 masks: 21.4 17.4 [wd: 3.80e-01] [lr: 6.32e-05] [mem: 5.67e+03] (167.6 ms)
[636,   232] grad_stats: [3.24e-03 1.75e-03] (7.06e-04, 3.02e-02)
avg. loss 9.13061990e-02
time taken for epoch 0:00:52.729697
Epoch 637
[637,     0] loss: 1.030766e-01 masks: 23.0 16.0 [wd: 3.80e-01] [lr: 6.32e-05] [mem: 5.67e+03] (167.0 ms)
[637,     0] grad_stats: [1.71e-03 2.11e-03] (6.11e-04, 2.58e-02)
[637,   116] loss: 9.069211e-02 masks: 21.8 17.4 [wd: 3.80e-01] [lr: 6.27e-05] [mem: 5.67e+03] (168.4 ms)
[637,   116] grad_stats: [2.00e-03 1.42e-03] (5.70e-04, 2.76e-02)
[637,   232] loss: 9.088908e-02 masks: 21.7 17.4 [wd: 3.80e-01] [lr: 6.21e-05] [mem: 5.67e+03] (168.5 ms)
[637,   232] grad_stats: [1.91e-03 2.07e-03] (7.37e-04, 3.24e-02)
avg. loss 9.08890806e-02
time taken for epoch 0:00:52.991673
Epoch 638
[638,     0] loss: 1.027852e-01 masks: 12.0 20.0 [wd: 3.80e-01] [lr: 6.21e-05] [mem: 5.67e+03] (142.7 ms)
[638,     0] grad_stats: [2.22e-03 2.10e-03] (7.27e-04, 4.06e-02)
[638,   116] loss: 9.090163e-02 masks: 21.9 17.2 [wd: 3.80e-01] [lr: 6.16e-05] [mem: 5.67e+03] (168.4 ms)
[638,   116] grad_stats: [2.55e-03 2.88e-03] (8.87e-04, 5.15e-02)
[638,   232] loss: 9.076954e-02 masks: 22.1 17.1 [wd: 3.81e-01] [lr: 6.11e-05] [mem: 5.67e+03] (169.2 ms)
[638,   232] grad_stats: [1.53e-03 1.60e-03] (5.65e-04, 2.40e-02)
avg. loss 9.07695372e-02
time taken for epoch 0:00:52.973368
Epoch 639
[639,     0] loss: 7.609123e-02 masks: 33.0 12.0 [wd: 3.81e-01] [lr: 6.11e-05] [mem: 5.67e+03] (190.3 ms)
[639,     0] grad_stats: [2.46e-03 1.41e-03] (5.42e-04, 2.82e-02)
[639,   116] loss: 9.173991e-02 masks: 21.4 17.5 [wd: 3.81e-01] [lr: 6.06e-05] [mem: 5.67e+03] (167.5 ms)
[639,   116] grad_stats: [1.70e-03 2.15e-03] (6.92e-04, 4.58e-02)
[639,   232] loss: 9.117321e-02 masks: 21.5 17.5 [wd: 3.81e-01] [lr: 6.00e-05] [mem: 5.67e+03] (168.2 ms)
[639,   232] grad_stats: [1.38e-03 2.33e-03] (7.25e-04, 2.83e-02)
avg. loss 9.11732066e-02
time taken for epoch 0:00:52.721611
Epoch 640
[640,     0] loss: 9.026019e-02 masks: 20.0 20.0 [wd: 3.81e-01] [lr: 6.00e-05] [mem: 5.67e+03] (165.4 ms)
[640,     0] grad_stats: [1.28e-03 1.57e-03] (6.34e-04, 2.05e-02)
[640,   116] loss: 9.115766e-02 masks: 21.8 17.3 [wd: 3.81e-01] [lr: 5.95e-05] [mem: 5.67e+03] (168.1 ms)
[640,   116] grad_stats: [2.63e-03 1.44e-03] (6.23e-04, 3.13e-02)
[640,   232] loss: 9.103490e-02 masks: 21.8 17.3 [wd: 3.81e-01] [lr: 5.90e-05] [mem: 5.67e+03] (168.7 ms)
[640,   232] grad_stats: [2.01e-03 2.66e-03] (7.49e-04, 3.16e-02)
avg. loss 9.10349038e-02
	Epoch 640, KNN accuracy train: 7.55508e-01, KNN accuracy train: 6.49333e-01
time taken for epoch 0:01:35.349915
Epoch 641
[641,     0] loss: 8.478438e-02 masks: 26.0 16.0 [wd: 3.81e-01] [lr: 5.90e-05] [mem: 5.67e+03] (178.6 ms)
[641,     0] grad_stats: [2.27e-03 1.92e-03] (7.10e-04, 6.24e-02)
[641,   116] loss: 9.148197e-02 masks: 21.8 17.4 [wd: 3.81e-01] [lr: 5.85e-05] [mem: 5.67e+03] (167.8 ms)
[641,   116] grad_stats: [2.14e-03 2.04e-03] (7.36e-04, 5.49e-02)
[641,   232] loss: 9.101749e-02 masks: 21.9 17.4 [wd: 3.82e-01] [lr: 5.80e-05] [mem: 5.67e+03] (168.6 ms)
[641,   232] grad_stats: [2.23e-03 3.07e-03] (1.02e-03, 3.58e-02)
avg. loss 9.10174917e-02
time taken for epoch 0:00:52.994067
Epoch 642
[642,     0] loss: 9.306810e-02 masks: 17.0 20.0 [wd: 3.82e-01] [lr: 5.80e-05] [mem: 5.67e+03] (156.6 ms)
[642,     0] grad_stats: [2.68e-03 1.82e-03] (7.02e-04, 4.23e-02)
[642,   116] loss: 9.052719e-02 masks: 21.5 17.5 [wd: 3.82e-01] [lr: 5.75e-05] [mem: 5.67e+03] (167.4 ms)
[642,   116] grad_stats: [1.24e-03 1.56e-03] (5.47e-04, 2.19e-02)
[642,   232] loss: 9.055282e-02 masks: 21.9 17.3 [wd: 3.82e-01] [lr: 5.70e-05] [mem: 5.67e+03] (168.9 ms)
[642,   232] grad_stats: [2.81e-03 3.40e-03] (9.04e-04, 4.30e-02)
avg. loss 9.05528229e-02
time taken for epoch 0:00:53.123665
Epoch 643
[643,     0] loss: 9.870295e-02 masks: 21.0 20.0 [wd: 3.82e-01] [lr: 5.70e-05] [mem: 5.67e+03] (169.2 ms)
[643,     0] grad_stats: [2.49e-03 1.96e-03] (7.36e-04, 2.36e-02)
[643,   116] loss: 9.095869e-02 masks: 21.8 17.4 [wd: 3.82e-01] [lr: 5.64e-05] [mem: 5.67e+03] (168.4 ms)
[643,   116] grad_stats: [2.61e-03 2.86e-03] (8.60e-04, 3.76e-02)
[643,   232] loss: 9.114545e-02 masks: 21.8 17.5 [wd: 3.82e-01] [lr: 5.59e-05] [mem: 5.67e+03] (168.9 ms)
[643,   232] grad_stats: [3.04e-03 2.76e-03] (9.21e-04, 6.23e-02)
avg. loss 9.11454464e-02
time taken for epoch 0:00:53.006466
Epoch 644
[644,     0] loss: 8.539046e-02 masks: 22.0 16.0 [wd: 3.82e-01] [lr: 5.59e-05] [mem: 5.67e+03] (165.6 ms)
[644,     0] grad_stats: [1.42e-03 1.86e-03] (7.08e-04, 7.13e-02)
[644,   116] loss: 9.138196e-02 masks: 21.7 17.4 [wd: 3.82e-01] [lr: 5.54e-05] [mem: 5.67e+03] (168.0 ms)
[644,   116] grad_stats: [2.60e-03 1.37e-03] (5.53e-04, 3.82e-02)
[644,   232] loss: 9.179888e-02 masks: 21.4 17.4 [wd: 3.83e-01] [lr: 5.49e-05] [mem: 5.67e+03] (167.8 ms)
[644,   232] grad_stats: [1.56e-03 2.61e-03] (7.34e-04, 3.13e-02)
avg. loss 9.17988841e-02
time taken for epoch 0:00:52.791224
Epoch 645
[645,     0] loss: 1.049642e-01 masks: 16.0 20.0 [wd: 3.83e-01] [lr: 5.49e-05] [mem: 5.67e+03] (154.1 ms)
[645,     0] grad_stats: [3.91e-03 2.57e-03] (8.22e-04, 4.02e-02)
[645,   116] loss: 9.101465e-02 masks: 21.8 17.3 [wd: 3.83e-01] [lr: 5.44e-05] [mem: 5.67e+03] (168.2 ms)
[645,   116] grad_stats: [2.47e-03 1.54e-03] (5.59e-04, 3.93e-02)
[645,   232] loss: 9.085604e-02 masks: 21.9 17.2 [wd: 3.83e-01] [lr: 5.39e-05] [mem: 5.67e+03] (168.8 ms)
[645,   232] grad_stats: [1.73e-03 2.11e-03] (6.27e-04, 2.66e-02)
avg. loss 9.08560394e-02
time taken for epoch 0:00:53.116031
Epoch 646
[646,     0] loss: 9.623245e-02 masks: 17.0 16.0 [wd: 3.83e-01] [lr: 5.39e-05] [mem: 5.67e+03] (153.9 ms)
[646,     0] grad_stats: [1.51e-03 2.52e-03] (6.94e-04, 3.05e-02)
[646,   116] loss: 9.104246e-02 masks: 22.0 17.1 [wd: 3.83e-01] [lr: 5.35e-05] [mem: 5.67e+03] (168.7 ms)
[646,   116] grad_stats: [1.98e-03 2.59e-03] (7.62e-04, 3.25e-02)
[646,   232] loss: 9.037846e-02 masks: 22.3 17.1 [wd: 3.83e-01] [lr: 5.30e-05] [mem: 5.67e+03] (169.8 ms)
[646,   232] grad_stats: [1.27e-03 1.86e-03] (6.16e-04, 6.87e-02)
avg. loss 9.03784610e-02
time taken for epoch 0:00:53.288802
Epoch 647
[647,     0] loss: 9.249890e-02 masks: 17.0 20.0 [wd: 3.83e-01] [lr: 5.30e-05] [mem: 5.67e+03] (155.6 ms)
[647,     0] grad_stats: [2.41e-03 1.81e-03] (6.46e-04, 2.61e-02)
[647,   116] loss: 9.143381e-02 masks: 21.8 17.6 [wd: 3.83e-01] [lr: 5.25e-05] [mem: 5.67e+03] (168.9 ms)
[647,   116] grad_stats: [1.85e-03 1.81e-03] (6.06e-04, 3.26e-02)
[647,   232] loss: 9.082199e-02 masks: 22.0 17.3 [wd: 3.84e-01] [lr: 5.20e-05] [mem: 5.67e+03] (169.4 ms)
[647,   232] grad_stats: [2.12e-03 1.93e-03] (7.09e-04, 4.06e-02)
avg. loss 9.08219873e-02
time taken for epoch 0:00:53.191025
Epoch 648
[648,     0] loss: 7.455188e-02 masks: 37.0 12.0 [wd: 3.84e-01] [lr: 5.20e-05] [mem: 5.67e+03] (203.7 ms)
[648,     0] grad_stats: [3.10e-03 1.59e-03] (5.35e-04, 2.43e-02)
[648,   116] loss: 9.154421e-02 masks: 21.9 17.4 [wd: 3.84e-01] [lr: 5.15e-05] [mem: 5.67e+03] (168.8 ms)
[648,   116] grad_stats: [2.82e-03 2.24e-03] (8.47e-04, 3.11e-02)
[648,   232] loss: 9.034366e-02 masks: 22.3 17.3 [wd: 3.84e-01] [lr: 5.10e-05] [mem: 5.67e+03] (170.0 ms)
[648,   232] grad_stats: [1.94e-03 1.47e-03] (6.06e-04, 3.68e-02)
avg. loss 9.03436621e-02
time taken for epoch 0:00:53.303577
Epoch 649
[649,     0] loss: 8.867852e-02 masks: 23.0 16.0 [wd: 3.84e-01] [lr: 5.10e-05] [mem: 5.67e+03] (168.7 ms)
[649,     0] grad_stats: [1.52e-03 2.11e-03] (6.70e-04, 3.60e-02)
[649,   116] loss: 9.069929e-02 masks: 22.5 16.9 [wd: 3.84e-01] [lr: 5.05e-05] [mem: 5.67e+03] (169.7 ms)
[649,   116] grad_stats: [3.61e-03 2.62e-03] (9.21e-04, 7.92e-02)
[649,   232] loss: 9.046876e-02 masks: 22.5 16.9 [wd: 3.84e-01] [lr: 5.01e-05] [mem: 5.67e+03] (170.2 ms)
[649,   232] grad_stats: [1.80e-03 1.79e-03] (6.31e-04, 2.30e-02)
avg. loss 9.04687560e-02
time taken for epoch 0:00:53.467421
Epoch 650
[650,     0] loss: 1.081510e-01 masks: 14.0 20.0 [wd: 3.84e-01] [lr: 5.01e-05] [mem: 5.67e+03] (149.5 ms)
[650,     0] grad_stats: [2.73e-03 2.78e-03] (8.64e-04, 3.28e-02)
[650,   116] loss: 9.070257e-02 masks: 22.1 17.2 [wd: 3.84e-01] [lr: 4.96e-05] [mem: 5.67e+03] (169.0 ms)
[650,   116] grad_stats: [2.66e-03 1.98e-03] (6.83e-04, 4.08e-02)
[650,   232] loss: 9.070822e-02 masks: 22.0 17.3 [wd: 3.84e-01] [lr: 4.91e-05] [mem: 5.67e+03] (169.2 ms)
[650,   232] grad_stats: [2.36e-03 1.87e-03] (6.48e-04, 3.25e-02)
avg. loss 9.07082206e-02
time taken for epoch 0:00:53.153284
Epoch 651
[651,     0] loss: 9.267551e-02 masks: 16.0 20.0 [wd: 3.84e-01] [lr: 4.91e-05] [mem: 5.67e+03] (153.9 ms)
[651,     0] grad_stats: [2.04e-03 2.30e-03] (7.27e-04, 3.21e-02)
[651,   116] loss: 9.199419e-02 masks: 21.3 17.5 [wd: 3.85e-01] [lr: 4.86e-05] [mem: 5.67e+03] (167.2 ms)
[651,   116] grad_stats: [5.48e-03 2.59e-03] (7.57e-04, 3.35e-02)
[651,   232] loss: 9.153631e-02 masks: 21.6 17.5 [wd: 3.85e-01] [lr: 4.82e-05] [mem: 5.67e+03] (168.4 ms)
[651,   232] grad_stats: [1.50e-03 2.32e-03] (7.62e-04, 2.82e-02)
avg. loss 9.15363115e-02
time taken for epoch 0:00:52.994718
Epoch 652
[652,     0] loss: 7.710554e-02 masks: 33.0 12.0 [wd: 3.85e-01] [lr: 4.82e-05] [mem: 5.67e+03] (190.9 ms)
[652,     0] grad_stats: [1.99e-03 1.49e-03] (6.53e-04, 2.31e-02)
[652,   116] loss: 9.155469e-02 masks: 21.8 17.3 [wd: 3.85e-01] [lr: 4.77e-05] [mem: 5.67e+03] (168.2 ms)
[652,   116] grad_stats: [1.47e-03 2.07e-03] (7.22e-04, 4.00e-02)
[652,   232] loss: 9.126103e-02 masks: 21.7 17.3 [wd: 3.85e-01] [lr: 4.72e-05] [mem: 5.67e+03] (168.5 ms)
[652,   232] grad_stats: [1.43e-03 1.93e-03] (6.48e-04, 2.40e-02)
avg. loss 9.12610292e-02
time taken for epoch 0:00:52.943934
Epoch 653
[653,     0] loss: 9.662259e-02 masks: 18.0 20.0 [wd: 3.85e-01] [lr: 4.72e-05] [mem: 5.67e+03] (159.9 ms)
[653,     0] grad_stats: [1.48e-03 1.98e-03] (7.18e-04, 3.27e-02)
[653,   116] loss: 9.187855e-02 masks: 21.5 17.5 [wd: 3.85e-01] [lr: 4.68e-05] [mem: 5.67e+03] (167.5 ms)
[653,   116] grad_stats: [1.74e-03 1.44e-03] (5.64e-04, 5.30e-02)
[653,   232] loss: 9.143843e-02 masks: 21.7 17.4 [wd: 3.85e-01] [lr: 4.63e-05] [mem: 5.67e+03] (168.5 ms)
[653,   232] grad_stats: [1.95e-03 2.23e-03] (8.05e-04, 2.83e-02)
avg. loss 9.14384343e-02
time taken for epoch 0:00:52.949524
Epoch 654
[654,     0] loss: 7.504801e-02 masks: 25.0 16.0 [wd: 3.85e-01] [lr: 4.63e-05] [mem: 5.67e+03] (172.5 ms)
[654,     0] grad_stats: [1.78e-03 1.86e-03] (6.75e-04, 3.92e-02)
[654,   116] loss: 9.191238e-02 masks: 21.6 17.5 [wd: 3.85e-01] [lr: 4.58e-05] [mem: 5.67e+03] (167.8 ms)
[654,   116] grad_stats: [2.04e-03 2.24e-03] (7.11e-04, 3.40e-02)
[654,   232] loss: 9.167223e-02 masks: 21.6 17.5 [wd: 3.86e-01] [lr: 4.54e-05] [mem: 5.67e+03] (168.4 ms)
[654,   232] grad_stats: [2.99e-03 1.82e-03] (6.64e-04, 3.11e-02)
avg. loss 9.16722334e-02
time taken for epoch 0:00:52.946289
Epoch 655
[655,     0] loss: 7.823183e-02 masks: 33.0 12.0 [wd: 3.86e-01] [lr: 4.54e-05] [mem: 5.67e+03] (190.5 ms)
[655,     0] grad_stats: [1.83e-03 1.47e-03] (5.20e-04, 2.45e-02)
[655,   116] loss: 9.064310e-02 masks: 22.2 17.0 [wd: 3.86e-01] [lr: 4.49e-05] [mem: 5.67e+03] (168.9 ms)
[655,   116] grad_stats: [1.51e-03 1.90e-03] (6.22e-04, 6.26e-02)
[655,   232] loss: 9.095795e-02 masks: 22.0 17.1 [wd: 3.86e-01] [lr: 4.45e-05] [mem: 5.67e+03] (169.2 ms)
[655,   232] grad_stats: [1.85e-03 1.76e-03] (6.18e-04, 2.45e-02)
avg. loss 9.09579493e-02
time taken for epoch 0:00:53.109156
Epoch 656
[656,     0] loss: 1.089086e-01 masks: 12.0 20.0 [wd: 3.86e-01] [lr: 4.45e-05] [mem: 5.67e+03] (143.1 ms)
[656,     0] grad_stats: [2.50e-03 2.46e-03] (8.50e-04, 6.30e-02)
[656,   116] loss: 9.037408e-02 masks: 22.8 16.9 [wd: 3.86e-01] [lr: 4.40e-05] [mem: 5.67e+03] (170.7 ms)
[656,   116] grad_stats: [3.00e-03 1.91e-03] (8.24e-04, 3.32e-02)
[656,   232] loss: 9.024246e-02 masks: 22.6 17.1 [wd: 3.86e-01] [lr: 4.36e-05] [mem: 5.67e+03] (170.8 ms)
[656,   232] grad_stats: [2.12e-03 1.96e-03] (7.36e-04, 3.08e-02)
avg. loss 9.02424551e-02
time taken for epoch 0:00:53.491439
Epoch 657
[657,     0] loss: 8.415902e-02 masks: 21.0 20.0 [wd: 3.86e-01] [lr: 4.36e-05] [mem: 5.67e+03] (168.1 ms)
[657,     0] grad_stats: [1.93e-03 1.40e-03] (5.94e-04, 4.70e-02)
[657,   116] loss: 9.203678e-02 masks: 21.2 17.7 [wd: 3.86e-01] [lr: 4.31e-05] [mem: 5.67e+03] (167.1 ms)
[657,   116] grad_stats: [2.31e-03 3.46e-03] (9.41e-04, 4.40e-02)
[657,   232] loss: 9.206529e-02 masks: 21.2 17.5 [wd: 3.87e-01] [lr: 4.27e-05] [mem: 5.67e+03] (167.5 ms)
[657,   232] grad_stats: [2.83e-03 1.77e-03] (6.84e-04, 3.28e-02)
avg. loss 9.20652932e-02
time taken for epoch 0:00:52.721687
Epoch 658
[658,     0] loss: 8.450837e-02 masks: 34.0 12.0 [wd: 3.87e-01] [lr: 4.27e-05] [mem: 5.67e+03] (190.9 ms)
[658,     0] grad_stats: [2.34e-03 1.98e-03] (5.85e-04, 4.26e-02)
[658,   116] loss: 9.022249e-02 masks: 22.5 17.1 [wd: 3.87e-01] [lr: 4.23e-05] [mem: 5.67e+03] (170.0 ms)
[658,   116] grad_stats: [1.64e-03 1.90e-03] (6.53e-04, 3.17e-02)
[658,   232] loss: 9.057726e-02 masks: 22.2 17.3 [wd: 3.87e-01] [lr: 4.18e-05] [mem: 5.67e+03] (169.8 ms)
[658,   232] grad_stats: [1.86e-03 2.30e-03] (7.29e-04, 3.14e-02)
avg. loss 9.05772608e-02
time taken for epoch 0:00:53.170568
Epoch 659
[659,     0] loss: 7.289214e-02 masks: 35.0 12.0 [wd: 3.87e-01] [lr: 4.18e-05] [mem: 5.67e+03] (195.9 ms)
[659,     0] grad_stats: [1.43e-03 1.51e-03] (5.21e-04, 3.44e-02)
[659,   116] loss: 9.212612e-02 masks: 21.1 17.6 [wd: 3.87e-01] [lr: 4.14e-05] [mem: 5.67e+03] (166.8 ms)
[659,   116] grad_stats: [1.99e-03 1.61e-03] (5.38e-04, 3.42e-02)
[659,   232] loss: 9.148200e-02 masks: 21.7 17.4 [wd: 3.87e-01] [lr: 4.09e-05] [mem: 5.67e+03] (168.4 ms)
[659,   232] grad_stats: [2.78e-03 3.12e-03] (8.08e-04, 6.79e-02)
avg. loss 9.14819969e-02
time taken for epoch 0:00:52.957835
Epoch 660
[660,     0] loss: 8.118750e-02 masks: 27.0 16.0 [wd: 3.87e-01] [lr: 4.09e-05] [mem: 5.67e+03] (180.4 ms)
[660,     0] grad_stats: [1.50e-03 1.91e-03] (6.55e-04, 3.57e-02)
[660,   116] loss: 9.159781e-02 masks: 21.9 17.3 [wd: 3.87e-01] [lr: 4.05e-05] [mem: 5.67e+03] (168.6 ms)
[660,   116] grad_stats: [1.28e-03 1.61e-03] (6.25e-04, 3.60e-02)
[660,   232] loss: 9.104319e-02 masks: 22.1 17.3 [wd: 3.87e-01] [lr: 4.01e-05] [mem: 5.67e+03] (169.5 ms)
[660,   232] grad_stats: [3.70e-03 2.15e-03] (7.52e-04, 7.64e-02)
avg. loss 9.10431873e-02
	Epoch 660, KNN accuracy train: 7.64163e-01, KNN accuracy train: 6.53333e-01
time taken for epoch 0:01:35.559301
Epoch 661
[661,     0] loss: 9.085981e-02 masks: 23.0 16.0 [wd: 3.87e-01] [lr: 4.01e-05] [mem: 5.67e+03] (166.9 ms)
[661,     0] grad_stats: [1.47e-03 2.05e-03] (6.60e-04, 2.38e-02)
[661,   116] loss: 9.014359e-02 masks: 22.4 17.1 [wd: 3.87e-01] [lr: 3.97e-05] [mem: 5.67e+03] (169.0 ms)
[661,   116] grad_stats: [3.73e-03 3.36e-03] (9.42e-04, 3.86e-02)
[661,   232] loss: 9.063096e-02 masks: 22.2 17.2 [wd: 3.88e-01] [lr: 3.92e-05] [mem: 5.67e+03] (169.1 ms)
[661,   232] grad_stats: [1.54e-03 2.05e-03] (5.67e-04, 2.11e-02)
avg. loss 9.06309556e-02
time taken for epoch 0:00:53.090737
Epoch 662
[662,     0] loss: 9.245741e-02 masks: 19.0 20.0 [wd: 3.88e-01] [lr: 3.92e-05] [mem: 5.67e+03] (163.6 ms)
[662,     0] grad_stats: [2.58e-03 1.98e-03] (6.83e-04, 3.12e-02)
[662,   116] loss: 9.084765e-02 masks: 21.9 17.2 [wd: 3.88e-01] [lr: 3.88e-05] [mem: 5.67e+03] (168.3 ms)
[662,   116] grad_stats: [2.84e-03 3.23e-03] (7.61e-04, 5.13e-02)
[662,   232] loss: 9.140009e-02 masks: 21.9 17.2 [wd: 3.88e-01] [lr: 3.84e-05] [mem: 5.67e+03] (168.9 ms)
[662,   232] grad_stats: [1.33e-03 1.88e-03] (6.42e-04, 2.71e-02)
avg. loss 9.14000861e-02
time taken for epoch 0:00:52.944199
Epoch 663
[663,     0] loss: 1.064711e-01 masks: 17.0 16.0 [wd: 3.88e-01] [lr: 3.84e-05] [mem: 5.67e+03] (152.4 ms)
[663,     0] grad_stats: [3.65e-03 3.84e-03] (1.14e-03, 7.11e-02)
[663,   116] loss: 9.166073e-02 masks: 21.4 17.5 [wd: 3.88e-01] [lr: 3.80e-05] [mem: 5.67e+03] (167.4 ms)
[663,   116] grad_stats: [2.29e-03 1.85e-03] (5.84e-04, 2.63e-02)
[663,   232] loss: 9.174620e-02 masks: 21.5 17.4 [wd: 3.88e-01] [lr: 3.76e-05] [mem: 5.67e+03] (168.0 ms)
[663,   232] grad_stats: [1.78e-03 1.87e-03] (6.24e-04, 2.69e-02)
avg. loss 9.17462035e-02
time taken for epoch 0:00:52.737649
Epoch 664
[664,     0] loss: 8.019000e-02 masks: 35.0 12.0 [wd: 3.88e-01] [lr: 3.76e-05] [mem: 5.67e+03] (195.7 ms)
[664,     0] grad_stats: [1.73e-03 1.67e-03] (5.63e-04, 3.68e-02)
[664,   116] loss: 9.051764e-02 masks: 22.5 17.1 [wd: 3.88e-01] [lr: 3.71e-05] [mem: 5.67e+03] (169.9 ms)
[664,   116] grad_stats: [2.13e-03 2.07e-03] (7.28e-04, 2.67e-02)
[664,   232] loss: 9.133385e-02 masks: 21.9 17.4 [wd: 3.88e-01] [lr: 3.67e-05] [mem: 5.67e+03] (169.0 ms)
[664,   232] grad_stats: [3.10e-03 2.71e-03] (7.99e-04, 4.20e-02)
avg. loss 9.13338478e-02
time taken for epoch 0:00:53.055983
Epoch 665
[665,     0] loss: 8.460788e-02 masks: 23.0 16.0 [wd: 3.88e-01] [lr: 3.67e-05] [mem: 5.67e+03] (167.2 ms)
[665,     0] grad_stats: [2.38e-03 2.73e-03] (8.40e-04, 3.00e-02)
[665,   116] loss: 9.003538e-02 masks: 22.2 17.2 [wd: 3.89e-01] [lr: 3.63e-05] [mem: 5.67e+03] (169.2 ms)
[665,   116] grad_stats: [1.78e-03 2.25e-03] (7.36e-04, 5.12e-02)
[665,   232] loss: 9.098589e-02 masks: 22.2 17.2 [wd: 3.89e-01] [lr: 3.59e-05] [mem: 5.67e+03] (169.6 ms)
[665,   232] grad_stats: [1.66e-03 1.56e-03] (6.78e-04, 2.07e-02)
avg. loss 9.09858890e-02
time taken for epoch 0:00:53.192711
Epoch 666
[666,     0] loss: 9.059503e-02 masks: 17.0 20.0 [wd: 3.89e-01] [lr: 3.59e-05] [mem: 5.67e+03] (156.4 ms)
[666,     0] grad_stats: [3.44e-03 3.87e-03] (8.85e-04, 3.99e-02)
[666,   116] loss: 9.170861e-02 masks: 21.3 17.5 [wd: 3.89e-01] [lr: 3.55e-05] [mem: 5.67e+03] (167.1 ms)
[666,   116] grad_stats: [2.18e-03 2.27e-03] (6.54e-04, 3.28e-02)
[666,   232] loss: 9.170239e-02 masks: 21.4 17.5 [wd: 3.89e-01] [lr: 3.51e-05] [mem: 5.67e+03] (167.8 ms)
[666,   232] grad_stats: [1.18e-03 1.30e-03] (5.50e-04, 3.74e-02)
avg. loss 9.17023859e-02
time taken for epoch 0:00:52.850421
Epoch 667
[667,     0] loss: 1.008849e-01 masks: 16.0 20.0 [wd: 3.89e-01] [lr: 3.51e-05] [mem: 5.67e+03] (153.9 ms)
[667,     0] grad_stats: [2.78e-03 2.45e-03] (9.32e-04, 4.23e-02)
[667,   116] loss: 9.131999e-02 masks: 22.3 17.2 [wd: 3.89e-01] [lr: 3.47e-05] [mem: 5.67e+03] (169.4 ms)
[667,   116] grad_stats: [2.03e-03 2.79e-03] (8.96e-04, 8.33e-02)
[667,   232] loss: 9.175379e-02 masks: 21.7 17.6 [wd: 3.89e-01] [lr: 3.43e-05] [mem: 5.67e+03] (168.9 ms)
[667,   232] grad_stats: [1.72e-03 1.64e-03] (6.29e-04, 3.89e-02)
avg. loss 9.17537919e-02
time taken for epoch 0:00:52.922698
Epoch 668
[668,     0] loss: 6.933143e-02 masks: 35.0 12.0 [wd: 3.89e-01] [lr: 3.43e-05] [mem: 5.67e+03] (196.6 ms)
[668,     0] grad_stats: [3.06e-03 1.85e-03] (7.31e-04, 3.24e-02)
[668,   116] loss: 9.181229e-02 masks: 21.5 17.6 [wd: 3.89e-01] [lr: 3.39e-05] [mem: 5.67e+03] (167.7 ms)
[668,   116] grad_stats: [1.82e-03 2.10e-03] (6.40e-04, 3.24e-02)
[668,   232] loss: 9.154009e-02 masks: 21.9 17.4 [wd: 3.89e-01] [lr: 3.35e-05] [mem: 5.67e+03] (169.0 ms)
[668,   232] grad_stats: [1.91e-03 2.09e-03] (6.43e-04, 5.55e-02)
avg. loss 9.15400875e-02
time taken for epoch 0:00:53.068326
Epoch 669
[669,     0] loss: 9.315477e-02 masks: 17.0 20.0 [wd: 3.89e-01] [lr: 3.35e-05] [mem: 5.67e+03] (156.8 ms)
[669,     0] grad_stats: [4.05e-03 3.56e-03] (1.11e-03, 4.17e-02)
[669,   116] loss: 9.163105e-02 masks: 21.6 17.5 [wd: 3.90e-01] [lr: 3.31e-05] [mem: 5.67e+03] (168.0 ms)
[669,   116] grad_stats: [2.12e-03 2.55e-03] (7.13e-04, 5.17e-02)
[669,   232] loss: 9.123704e-02 masks: 21.8 17.3 [wd: 3.90e-01] [lr: 3.27e-05] [mem: 5.67e+03] (168.8 ms)
[669,   232] grad_stats: [3.53e-03 2.53e-03] (9.14e-04, 6.99e-02)
avg. loss 9.12370389e-02
time taken for epoch 0:00:53.034270
Epoch 670
[670,     0] loss: 9.676219e-02 masks: 23.0 20.0 [wd: 3.90e-01] [lr: 3.27e-05] [mem: 5.67e+03] (172.6 ms)
[670,     0] grad_stats: [1.91e-03 2.04e-03] (6.98e-04, 2.63e-02)
[670,   116] loss: 9.082650e-02 masks: 22.0 17.3 [wd: 3.90e-01] [lr: 3.24e-05] [mem: 5.67e+03] (168.9 ms)
[670,   116] grad_stats: [2.70e-03 1.74e-03] (6.57e-04, 4.48e-02)
[670,   232] loss: 9.097483e-02 masks: 22.0 17.4 [wd: 3.90e-01] [lr: 3.20e-05] [mem: 5.67e+03] (169.3 ms)
[670,   232] grad_stats: [2.03e-03 2.29e-03] (7.53e-04, 7.32e-02)
avg. loss 9.09748301e-02
time taken for epoch 0:00:53.162178
Epoch 671
[671,     0] loss: 8.806236e-02 masks: 25.0 16.0 [wd: 3.90e-01] [lr: 3.20e-05] [mem: 5.67e+03] (174.6 ms)
[671,     0] grad_stats: [1.54e-03 1.39e-03] (5.58e-04, 6.67e-02)
[671,   116] loss: 9.052393e-02 masks: 22.4 17.1 [wd: 3.90e-01] [lr: 3.16e-05] [mem: 5.67e+03] (169.5 ms)
[671,   116] grad_stats: [1.11e-03 1.41e-03] (4.95e-04, 2.15e-02)
[671,   232] loss: 9.119189e-02 masks: 21.9 17.3 [wd: 3.90e-01] [lr: 3.12e-05] [mem: 5.67e+03] (168.8 ms)
[671,   232] grad_stats: [1.61e-03 2.27e-03] (8.40e-04, 3.36e-02)
avg. loss 9.11918913e-02
time taken for epoch 0:00:53.036969
Epoch 672
[672,     0] loss: 7.839061e-02 masks: 26.0 16.0 [wd: 3.90e-01] [lr: 3.12e-05] [mem: 5.67e+03] (175.6 ms)
[672,     0] grad_stats: [2.18e-03 1.63e-03] (6.98e-04, 5.48e-02)
[672,   116] loss: 9.073211e-02 masks: 21.9 17.2 [wd: 3.90e-01] [lr: 3.08e-05] [mem: 5.67e+03] (168.2 ms)
[672,   116] grad_stats: [1.84e-03 2.42e-03] (6.93e-04, 4.48e-02)
[672,   232] loss: 9.071310e-02 masks: 22.1 17.1 [wd: 3.90e-01] [lr: 3.05e-05] [mem: 5.67e+03] (169.3 ms)
[672,   232] grad_stats: [2.89e-03 2.30e-03] (8.17e-04, 6.51e-02)
avg. loss 9.07131023e-02
time taken for epoch 0:00:53.128350
Epoch 673
[673,     0] loss: 9.109680e-02 masks: 19.0 20.0 [wd: 3.90e-01] [lr: 3.05e-05] [mem: 5.67e+03] (164.0 ms)
[673,     0] grad_stats: [1.37e-03 1.92e-03] (6.96e-04, 3.45e-02)
[673,   116] loss: 9.027182e-02 masks: 22.2 17.2 [wd: 3.91e-01] [lr: 3.01e-05] [mem: 5.67e+03] (169.3 ms)
[673,   116] grad_stats: [3.63e-03 2.88e-03] (9.52e-04, 4.88e-02)
[673,   232] loss: 9.061857e-02 masks: 22.2 17.2 [wd: 3.91e-01] [lr: 2.97e-05] [mem: 5.67e+03] (169.6 ms)
[673,   232] grad_stats: [1.75e-03 2.17e-03] (7.44e-04, 2.80e-02)
avg. loss 9.06185707e-02
time taken for epoch 0:00:53.280307
Epoch 674
[674,     0] loss: 8.796341e-02 masks: 20.0 20.0 [wd: 3.91e-01] [lr: 2.97e-05] [mem: 5.67e+03] (165.2 ms)
[674,     0] grad_stats: [2.85e-03 2.76e-03] (7.64e-04, 8.92e-02)
[674,   116] loss: 9.158669e-02 masks: 21.7 17.3 [wd: 3.91e-01] [lr: 2.93e-05] [mem: 5.67e+03] (167.7 ms)
[674,   116] grad_stats: [1.42e-03 1.84e-03] (7.26e-04, 3.10e-02)
[674,   232] loss: 9.093656e-02 masks: 21.8 17.2 [wd: 3.91e-01] [lr: 2.90e-05] [mem: 5.67e+03] (168.6 ms)
[674,   232] grad_stats: [1.20e-03 2.30e-03] (6.57e-04, 2.22e-02)
avg. loss 9.09365648e-02
time taken for epoch 0:00:52.925311
Epoch 675
[675,     0] loss: 7.891130e-02 masks: 25.0 16.0 [wd: 3.91e-01] [lr: 2.90e-05] [mem: 5.67e+03] (174.4 ms)
[675,     0] grad_stats: [1.23e-03 1.58e-03] (5.95e-04, 2.66e-02)
[675,   116] loss: 9.122366e-02 masks: 22.2 17.1 [wd: 3.91e-01] [lr: 2.86e-05] [mem: 5.67e+03] (169.0 ms)
[675,   116] grad_stats: [3.00e-03 6.47e-03] (1.37e-03, 6.14e-02)
[675,   232] loss: 9.069027e-02 masks: 22.1 17.3 [wd: 3.91e-01] [lr: 2.83e-05] [mem: 5.67e+03] (169.6 ms)
[675,   232] grad_stats: [2.94e-03 2.84e-03] (8.16e-04, 4.79e-02)
avg. loss 9.06902739e-02
time taken for epoch 0:00:53.110835
Epoch 676
[676,     0] loss: 9.057863e-02 masks: 20.0 20.0 [wd: 3.91e-01] [lr: 2.83e-05] [mem: 5.67e+03] (163.3 ms)
[676,     0] grad_stats: [1.96e-03 1.88e-03] (7.05e-04, 2.93e-02)
[676,   116] loss: 9.045422e-02 masks: 22.2 17.3 [wd: 3.91e-01] [lr: 2.79e-05] [mem: 5.67e+03] (169.3 ms)
[676,   116] grad_stats: [1.39e-03 1.57e-03] (6.60e-04, 3.87e-02)
[676,   232] loss: 9.115637e-02 masks: 21.6 17.5 [wd: 3.91e-01] [lr: 2.75e-05] [mem: 5.67e+03] (168.4 ms)
[676,   232] grad_stats: [2.42e-03 2.71e-03] (8.33e-04, 4.52e-02)
avg. loss 9.11563693e-02
time taken for epoch 0:00:52.921041
Epoch 677
[677,     0] loss: 8.575216e-02 masks: 20.0 20.0 [wd: 3.91e-01] [lr: 2.75e-05] [mem: 5.67e+03] (163.8 ms)
[677,     0] grad_stats: [5.11e-03 3.67e-03] (8.21e-04, 8.60e-02)
[677,   116] loss: 9.100824e-02 masks: 21.8 17.4 [wd: 3.92e-01] [lr: 2.72e-05] [mem: 5.67e+03] (168.3 ms)
[677,   116] grad_stats: [1.76e-03 2.38e-03] (6.36e-04, 2.85e-02)
[677,   232] loss: 9.100490e-02 masks: 21.9 17.3 [wd: 3.92e-01] [lr: 2.68e-05] [mem: 5.67e+03] (169.0 ms)
[677,   232] grad_stats: [1.89e-03 2.11e-03] (7.10e-04, 5.93e-02)
avg. loss 9.10048973e-02
time taken for epoch 0:00:53.051917
Epoch 678
[678,     0] loss: 7.675886e-02 masks: 25.0 16.0 [wd: 3.92e-01] [lr: 2.68e-05] [mem: 5.67e+03] (174.4 ms)
[678,     0] grad_stats: [2.98e-03 2.13e-03] (7.98e-04, 3.46e-02)
[678,   116] loss: 9.095611e-02 masks: 21.8 17.4 [wd: 3.92e-01] [lr: 2.65e-05] [mem: 5.67e+03] (168.3 ms)
[678,   116] grad_stats: [2.01e-03 1.55e-03] (6.81e-04, 3.22e-02)
[678,   232] loss: 9.105103e-02 masks: 21.7 17.5 [wd: 3.92e-01] [lr: 2.61e-05] [mem: 5.67e+03] (168.5 ms)
[678,   232] grad_stats: [1.82e-03 2.28e-03] (7.45e-04, 4.18e-02)
avg. loss 9.10510325e-02
time taken for epoch 0:00:52.950342
Epoch 679
[679,     0] loss: 8.966880e-02 masks: 25.0 16.0 [wd: 3.92e-01] [lr: 2.61e-05] [mem: 5.67e+03] (174.4 ms)
[679,     0] grad_stats: [1.57e-03 1.68e-03] (6.38e-04, 3.50e-02)
[679,   116] loss: 9.054679e-02 masks: 22.4 17.2 [wd: 3.92e-01] [lr: 2.58e-05] [mem: 5.67e+03] (169.6 ms)
[679,   116] grad_stats: [3.22e-03 2.66e-03] (8.33e-04, 3.39e-02)
[679,   232] loss: 9.077826e-02 masks: 22.0 17.4 [wd: 3.92e-01] [lr: 2.54e-05] [mem: 5.67e+03] (169.3 ms)
[679,   232] grad_stats: [1.55e-03 2.14e-03] (7.73e-04, 2.87e-02)
avg. loss 9.07782593e-02
time taken for epoch 0:00:53.077751
Epoch 680
[680,     0] loss: 8.855773e-02 masks: 26.0 16.0 [wd: 3.92e-01] [lr: 2.54e-05] [mem: 5.67e+03] (176.1 ms)
[680,     0] grad_stats: [1.81e-03 1.61e-03] (6.44e-04, 2.96e-02)
[680,   116] loss: 9.208356e-02 masks: 21.7 17.7 [wd: 3.92e-01] [lr: 2.51e-05] [mem: 5.67e+03] (168.2 ms)
[680,   116] grad_stats: [2.56e-03 2.74e-03] (1.01e-03, 3.30e-02)
[680,   232] loss: 9.129750e-02 masks: 21.8 17.5 [wd: 3.92e-01] [lr: 2.48e-05] [mem: 5.67e+03] (168.9 ms)
[680,   232] grad_stats: [2.61e-03 1.75e-03] (7.44e-04, 2.82e-02)
avg. loss 9.12975009e-02
	Epoch 680, KNN accuracy train: 7.66524e-01, KNN accuracy train: 6.53333e-01
time taken for epoch 0:01:35.444348
Epoch 681
[681,     0] loss: 9.710063e-02 masks: 16.0 20.0 [wd: 3.92e-01] [lr: 2.48e-05] [mem: 5.67e+03] (153.4 ms)
[681,     0] grad_stats: [3.64e-03 2.94e-03] (1.03e-03, 4.29e-02)
[681,   116] loss: 9.049953e-02 masks: 21.7 17.4 [wd: 3.92e-01] [lr: 2.44e-05] [mem: 5.67e+03] (167.4 ms)
[681,   116] grad_stats: [2.24e-03 2.35e-03] (1.01e-03, 4.21e-02)
[681,   232] loss: 9.039134e-02 masks: 22.3 17.2 [wd: 3.93e-01] [lr: 2.41e-05] [mem: 5.67e+03] (169.3 ms)
[681,   232] grad_stats: [2.53e-03 3.09e-03] (1.13e-03, 4.01e-02)
avg. loss 9.03913432e-02
time taken for epoch 0:00:53.191757
Epoch 682
[682,     0] loss: 9.420986e-02 masks: 18.0 20.0 [wd: 3.93e-01] [lr: 2.41e-05] [mem: 5.67e+03] (160.6 ms)
[682,     0] grad_stats: [2.24e-03 3.35e-03] (8.72e-04, 3.70e-02)
[682,   116] loss: 9.045183e-02 masks: 22.5 16.9 [wd: 3.93e-01] [lr: 2.38e-05] [mem: 5.67e+03] (169.5 ms)
[682,   116] grad_stats: [1.76e-03 1.73e-03] (7.52e-04, 4.13e-02)
[682,   232] loss: 9.056322e-02 masks: 22.2 17.2 [wd: 3.93e-01] [lr: 2.34e-05] [mem: 5.67e+03] (169.5 ms)
[682,   232] grad_stats: [6.35e-03 2.59e-03] (9.82e-04, 4.21e-02)
avg. loss 9.05632212e-02
time taken for epoch 0:00:53.252057
Epoch 683
[683,     0] loss: 1.027874e-01 masks: 12.0 20.0 [wd: 3.93e-01] [lr: 2.34e-05] [mem: 5.67e+03] (144.2 ms)
[683,     0] grad_stats: [3.14e-03 3.69e-03] (9.87e-04, 4.37e-02)
[683,   116] loss: 9.117110e-02 masks: 22.1 17.4 [wd: 3.93e-01] [lr: 2.31e-05] [mem: 5.67e+03] (169.0 ms)
[683,   116] grad_stats: [1.99e-03 2.59e-03] (8.66e-04, 3.09e-02)
[683,   232] loss: 9.060370e-02 masks: 22.3 17.3 [wd: 3.93e-01] [lr: 2.28e-05] [mem: 5.67e+03] (169.9 ms)
[683,   232] grad_stats: [1.46e-03 1.72e-03] (6.87e-04, 3.32e-02)
avg. loss 9.06037007e-02
time taken for epoch 0:00:53.329783
Epoch 684
[684,     0] loss: 8.318672e-02 masks: 28.0 16.0 [wd: 3.93e-01] [lr: 2.28e-05] [mem: 5.67e+03] (182.7 ms)
[684,     0] grad_stats: [1.69e-03 2.43e-03] (7.06e-04, 3.32e-02)
[684,   116] loss: 9.168667e-02 masks: 21.6 17.5 [wd: 3.93e-01] [lr: 2.25e-05] [mem: 5.67e+03] (167.8 ms)
[684,   116] grad_stats: [3.70e-03 3.73e-03] (9.26e-04, 5.92e-02)
[684,   232] loss: 9.101281e-02 masks: 22.0 17.3 [wd: 3.93e-01] [lr: 2.21e-05] [mem: 5.67e+03] (169.2 ms)
[684,   232] grad_stats: [1.68e-03 2.14e-03] (8.04e-04, 3.49e-02)
avg. loss 9.10128121e-02
time taken for epoch 0:00:53.151978
Epoch 685
[685,     0] loss: 9.343496e-02 masks: 13.0 20.0 [wd: 3.93e-01] [lr: 2.21e-05] [mem: 5.67e+03] (146.0 ms)
[685,     0] grad_stats: [1.91e-03 2.92e-03] (8.28e-04, 3.59e-02)
[685,   116] loss: 9.117799e-02 masks: 21.5 17.4 [wd: 3.93e-01] [lr: 2.18e-05] [mem: 5.67e+03] (167.6 ms)
[685,   116] grad_stats: [2.84e-03 2.70e-03] (9.14e-04, 4.07e-02)
[685,   232] loss: 9.095039e-02 masks: 21.9 17.4 [wd: 3.93e-01] [lr: 2.15e-05] [mem: 5.67e+03] (169.0 ms)
[685,   232] grad_stats: [3.70e-03 2.89e-03] (8.81e-04, 4.96e-02)
avg. loss 9.09503943e-02
time taken for epoch 0:00:53.097514
Epoch 686
[686,     0] loss: 9.807799e-02 masks: 21.0 16.0 [wd: 3.93e-01] [lr: 2.15e-05] [mem: 5.67e+03] (162.7 ms)
[686,     0] grad_stats: [3.10e-03 2.47e-03] (9.76e-04, 4.91e-02)
[686,   116] loss: 9.104059e-02 masks: 21.6 17.3 [wd: 3.93e-01] [lr: 2.12e-05] [mem: 5.67e+03] (167.6 ms)
[686,   116] grad_stats: [2.29e-03 2.11e-03] (7.24e-04, 4.93e-02)
[686,   232] loss: 9.184306e-02 masks: 21.2 17.5 [wd: 3.94e-01] [lr: 2.09e-05] [mem: 5.67e+03] (167.1 ms)
[686,   232] grad_stats: [1.64e-03 2.11e-03] (7.27e-04, 3.68e-02)
avg. loss 9.18430631e-02
time taken for epoch 0:00:52.690640
Epoch 687
[687,     0] loss: 9.653603e-02 masks: 18.0 20.0 [wd: 3.94e-01] [lr: 2.09e-05] [mem: 5.67e+03] (160.4 ms)
[687,     0] grad_stats: [2.63e-03 2.73e-03] (8.58e-04, 4.94e-02)
[687,   116] loss: 9.030328e-02 masks: 22.3 17.0 [wd: 3.94e-01] [lr: 2.06e-05] [mem: 5.67e+03] (169.3 ms)
[687,   116] grad_stats: [1.99e-03 2.65e-03] (8.83e-04, 4.22e-02)
[687,   232] loss: 9.077122e-02 masks: 21.8 17.3 [wd: 3.94e-01] [lr: 2.03e-05] [mem: 5.67e+03] (168.5 ms)
[687,   232] grad_stats: [3.07e-03 3.32e-03] (8.55e-04, 3.09e-02)
avg. loss 9.07712201e-02
time taken for epoch 0:00:53.000158
Epoch 688
[688,     0] loss: 9.120557e-02 masks: 29.0 16.0 [wd: 3.94e-01] [lr: 2.03e-05] [mem: 5.67e+03] (186.2 ms)
[688,     0] grad_stats: [1.84e-03 1.67e-03] (7.25e-04, 3.08e-02)
[688,   116] loss: 8.988131e-02 masks: 22.6 17.1 [wd: 3.94e-01] [lr: 2.00e-05] [mem: 5.67e+03] (170.2 ms)
[688,   116] grad_stats: [1.70e-03 2.19e-03] (8.35e-04, 3.53e-02)
[688,   232] loss: 9.038639e-02 masks: 22.1 17.3 [wd: 3.94e-01] [lr: 1.97e-05] [mem: 5.67e+03] (169.4 ms)
[688,   232] grad_stats: [2.78e-03 3.17e-03] (1.00e-03, 4.39e-02)
avg. loss 9.03863947e-02
time taken for epoch 0:00:53.226775
Epoch 689
[689,     0] loss: 8.649913e-02 masks: 26.0 16.0 [wd: 3.94e-01] [lr: 1.97e-05] [mem: 5.67e+03] (176.3 ms)
[689,     0] grad_stats: [2.81e-03 2.37e-03] (9.04e-04, 3.74e-02)
[689,   116] loss: 9.145324e-02 masks: 22.3 17.3 [wd: 3.94e-01] [lr: 1.94e-05] [mem: 5.67e+03] (169.4 ms)
[689,   116] grad_stats: [2.34e-03 3.57e-03] (8.68e-04, 4.01e-02)
[689,   232] loss: 9.119954e-02 masks: 22.0 17.3 [wd: 3.94e-01] [lr: 1.91e-05] [mem: 5.67e+03] (169.1 ms)
[689,   232] grad_stats: [2.45e-03 2.97e-03] (1.02e-03, 3.64e-02)
avg. loss 9.11995383e-02
time taken for epoch 0:00:53.166689
Epoch 690
[690,     0] loss: 9.049279e-02 masks: 18.0 20.0 [wd: 3.94e-01] [lr: 1.91e-05] [mem: 5.67e+03] (160.4 ms)
[690,     0] grad_stats: [2.59e-03 3.24e-03] (9.75e-04, 3.61e-02)
[690,   116] loss: 9.146299e-02 masks: 21.4 17.3 [wd: 3.94e-01] [lr: 1.88e-05] [mem: 5.67e+03] (167.1 ms)
[690,   116] grad_stats: [1.11e-03 1.65e-03] (5.79e-04, 3.33e-02)
[690,   232] loss: 9.111964e-02 masks: 21.7 17.4 [wd: 3.94e-01] [lr: 1.85e-05] [mem: 5.67e+03] (168.3 ms)
[690,   232] grad_stats: [2.51e-03 3.06e-03] (8.43e-04, 2.71e-02)
avg. loss 9.11196401e-02
time taken for epoch 0:00:52.935799
Epoch 691
[691,     0] loss: 9.083610e-02 masks: 18.0 20.0 [wd: 3.94e-01] [lr: 1.85e-05] [mem: 5.67e+03] (159.4 ms)
[691,     0] grad_stats: [3.96e-03 2.78e-03] (9.40e-04, 3.32e-02)
[691,   116] loss: 9.141982e-02 masks: 21.2 17.7 [wd: 3.94e-01] [lr: 1.82e-05] [mem: 5.67e+03] (166.7 ms)
[691,   116] grad_stats: [2.22e-03 2.49e-03] (9.00e-04, 3.58e-02)
[691,   232] loss: 9.118950e-02 masks: 21.6 17.5 [wd: 3.95e-01] [lr: 1.79e-05] [mem: 5.67e+03] (168.0 ms)
[691,   232] grad_stats: [4.12e-03 2.93e-03] (9.39e-04, 4.13e-02)
avg. loss 9.11894958e-02
time taken for epoch 0:00:52.887718
Epoch 692
[692,     0] loss: 8.587470e-02 masks: 23.0 16.0 [wd: 3.95e-01] [lr: 1.79e-05] [mem: 5.67e+03] (165.6 ms)
[692,     0] grad_stats: [1.86e-03 2.28e-03] (8.58e-04, 3.70e-02)
[692,   116] loss: 9.167823e-02 masks: 21.0 17.6 [wd: 3.95e-01] [lr: 1.76e-05] [mem: 5.67e+03] (166.2 ms)
[692,   116] grad_stats: [4.86e-03 4.58e-03] (1.66e-03, 5.85e-02)
[692,   232] loss: 9.125036e-02 masks: 21.6 17.4 [wd: 3.95e-01] [lr: 1.74e-05] [mem: 5.67e+03] (168.0 ms)
[692,   232] grad_stats: [1.75e-03 3.39e-03] (8.75e-04, 3.90e-02)
avg. loss 9.12503579e-02
time taken for epoch 0:00:52.825946
Epoch 693
[693,     0] loss: 1.103498e-01 masks: 13.0 20.0 [wd: 3.95e-01] [lr: 1.74e-05] [mem: 5.67e+03] (146.5 ms)
[693,     0] grad_stats: [3.16e-03 3.92e-03] (1.21e-03, 4.19e-02)
[693,   116] loss: 9.081031e-02 masks: 22.3 17.2 [wd: 3.95e-01] [lr: 1.71e-05] [mem: 5.67e+03] (169.3 ms)
[693,   116] grad_stats: [2.30e-03 1.96e-03] (8.22e-04, 3.63e-02)
[693,   232] loss: 9.042673e-02 masks: 22.1 17.3 [wd: 3.95e-01] [lr: 1.68e-05] [mem: 5.67e+03] (169.5 ms)
[693,   232] grad_stats: [1.94e-03 2.02e-03] (7.35e-04, 3.03e-02)
avg. loss 9.04267278e-02
time taken for epoch 0:00:53.318018
Epoch 694
[694,     0] loss: 9.140937e-02 masks: 22.0 16.0 [wd: 3.95e-01] [lr: 1.68e-05] [mem: 5.67e+03] (165.1 ms)
[694,     0] grad_stats: [2.80e-03 2.63e-03] (8.64e-04, 2.86e-02)
[694,   116] loss: 9.031233e-02 masks: 21.6 17.4 [wd: 3.95e-01] [lr: 1.65e-05] [mem: 5.67e+03] (167.7 ms)
[694,   116] grad_stats: [1.63e-03 1.87e-03] (6.88e-04, 2.54e-02)
[694,   232] loss: 9.062020e-02 masks: 21.9 17.3 [wd: 3.95e-01] [lr: 1.63e-05] [mem: 5.67e+03] (168.8 ms)
[694,   232] grad_stats: [2.15e-03 3.46e-03] (9.76e-04, 3.38e-02)
avg. loss 9.06202032e-02
time taken for epoch 0:00:53.086406
Epoch 695
[695,     0] loss: 8.673260e-02 masks: 24.0 16.0 [wd: 3.95e-01] [lr: 1.63e-05] [mem: 5.67e+03] (171.7 ms)
[695,     0] grad_stats: [2.01e-03 2.02e-03] (8.15e-04, 4.10e-02)
[695,   116] loss: 9.212797e-02 masks: 20.9 17.6 [wd: 3.95e-01] [lr: 1.60e-05] [mem: 5.67e+03] (165.9 ms)
[695,   116] grad_stats: [2.80e-03 2.69e-03] (1.10e-03, 4.42e-02)
[695,   232] loss: 9.089714e-02 masks: 21.5 17.4 [wd: 3.95e-01] [lr: 1.57e-05] [mem: 5.67e+03] (168.0 ms)
[695,   232] grad_stats: [1.60e-03 2.39e-03] (6.12e-04, 2.63e-02)
avg. loss 9.08971373e-02
time taken for epoch 0:00:52.831555
Epoch 696
[696,     0] loss: 9.366913e-02 masks: 26.0 16.0 [wd: 3.95e-01] [lr: 1.57e-05] [mem: 5.67e+03] (177.9 ms)
[696,     0] grad_stats: [2.50e-03 2.19e-03] (7.61e-04, 3.06e-02)
[696,   116] loss: 9.129735e-02 masks: 21.3 17.3 [wd: 3.95e-01] [lr: 1.55e-05] [mem: 5.67e+03] (166.8 ms)
[696,   116] grad_stats: [2.07e-03 4.05e-03] (1.02e-03, 3.52e-02)
[696,   232] loss: 9.089066e-02 masks: 21.6 17.3 [wd: 3.95e-01] [lr: 1.52e-05] [mem: 5.67e+03] (167.9 ms)
[696,   232] grad_stats: [3.65e-03 1.32e-03] (5.98e-04, 3.25e-02)
avg. loss 9.08906628e-02
time taken for epoch 0:00:52.721467
Epoch 697
[697,     0] loss: 9.342548e-02 masks: 16.0 20.0 [wd: 3.95e-01] [lr: 1.52e-05] [mem: 5.67e+03] (154.8 ms)
[697,     0] grad_stats: [2.64e-03 2.70e-03] (8.37e-04, 6.69e-02)
[697,   116] loss: 9.048789e-02 masks: 22.0 17.3 [wd: 3.95e-01] [lr: 1.49e-05] [mem: 5.67e+03] (168.7 ms)
[697,   116] grad_stats: [3.82e-03 3.44e-03] (1.31e-03, 4.47e-02)
[697,   232] loss: 9.028869e-02 masks: 22.0 17.3 [wd: 3.96e-01] [lr: 1.47e-05] [mem: 5.67e+03] (169.2 ms)
[697,   232] grad_stats: [2.26e-03 3.43e-03] (7.85e-04, 2.93e-02)
avg. loss 9.02886877e-02
time taken for epoch 0:00:53.082664
Epoch 698
[698,     0] loss: 8.620778e-02 masks: 21.0 16.0 [wd: 3.96e-01] [lr: 1.47e-05] [mem: 5.67e+03] (163.4 ms)
[698,     0] grad_stats: [1.96e-03 2.83e-03] (1.03e-03, 3.66e-02)
[698,   116] loss: 9.015143e-02 masks: 21.7 17.3 [wd: 3.96e-01] [lr: 1.44e-05] [mem: 5.67e+03] (168.0 ms)
[698,   116] grad_stats: [1.97e-03 2.76e-03] (8.90e-04, 4.35e-02)
[698,   232] loss: 9.054557e-02 masks: 21.8 17.4 [wd: 3.96e-01] [lr: 1.42e-05] [mem: 5.67e+03] (168.7 ms)
[698,   232] grad_stats: [5.88e-03 2.66e-03] (8.63e-04, 3.72e-02)
avg. loss 9.05455684e-02
time taken for epoch 0:00:53.044491
Epoch 699
[699,     0] loss: 8.978314e-02 masks: 19.0 20.0 [wd: 3.96e-01] [lr: 1.42e-05] [mem: 5.67e+03] (163.4 ms)
[699,     0] grad_stats: [2.69e-03 2.27e-03] (7.15e-04, 3.58e-02)
[699,   116] loss: 9.195407e-02 masks: 21.1 17.7 [wd: 3.96e-01] [lr: 1.39e-05] [mem: 5.67e+03] (166.7 ms)
[699,   116] grad_stats: [2.17e-03 2.39e-03] (8.56e-04, 2.78e-02)
[699,   232] loss: 9.060988e-02 masks: 22.0 17.4 [wd: 3.96e-01] [lr: 1.37e-05] [mem: 5.67e+03] (169.3 ms)
[699,   232] grad_stats: [1.80e-03 2.24e-03] (8.11e-04, 4.18e-02)
avg. loss 9.06098830e-02
time taken for epoch 0:00:53.173713
Epoch 700
[700,     0] loss: 9.602827e-02 masks: 22.0 16.0 [wd: 3.96e-01] [lr: 1.37e-05] [mem: 5.67e+03] (166.3 ms)
[700,     0] grad_stats: [3.53e-03 4.40e-03] (1.20e-03, 6.08e-02)
[700,   116] loss: 8.970700e-02 masks: 22.6 16.9 [wd: 3.96e-01] [lr: 1.34e-05] [mem: 5.67e+03] (170.0 ms)
[700,   116] grad_stats: [1.81e-03 2.59e-03] (9.28e-04, 3.49e-02)
[700,   232] loss: 9.066599e-02 masks: 21.7 17.4 [wd: 3.96e-01] [lr: 1.32e-05] [mem: 5.67e+03] (168.6 ms)
[700,   232] grad_stats: [2.35e-03 2.40e-03] (8.51e-04, 3.87e-02)
avg. loss 9.06659926e-02
	Epoch 700, KNN accuracy train: 7.66738e-01, KNN accuracy train: 6.45667e-01
time taken for epoch 0:01:35.163465
Epoch 701
[701,     0] loss: 8.625652e-02 masks: 26.0 16.0 [wd: 3.96e-01] [lr: 1.32e-05] [mem: 5.67e+03] (177.8 ms)
[701,     0] grad_stats: [1.74e-03 2.35e-03] (7.28e-04, 3.52e-02)
[701,   116] loss: 8.931967e-02 masks: 22.2 17.3 [wd: 3.96e-01] [lr: 1.29e-05] [mem: 5.67e+03] (168.7 ms)
[701,   116] grad_stats: [1.85e-03 2.56e-03] (7.55e-04, 3.84e-02)
[701,   232] loss: 8.934896e-02 masks: 22.5 17.0 [wd: 3.96e-01] [lr: 1.27e-05] [mem: 5.67e+03] (169.8 ms)
[701,   232] grad_stats: [1.95e-03 1.94e-03] (7.15e-04, 2.82e-02)
avg. loss 8.93489587e-02
time taken for epoch 0:00:53.265826
Epoch 702
[702,     0] loss: 9.548983e-02 masks: 19.0 20.0 [wd: 3.96e-01] [lr: 1.27e-05] [mem: 5.67e+03] (161.6 ms)
[702,     0] grad_stats: [2.88e-03 2.34e-03] (9.00e-04, 2.89e-02)
[702,   116] loss: 8.929941e-02 masks: 22.3 17.3 [wd: 3.96e-01] [lr: 1.25e-05] [mem: 5.67e+03] (169.5 ms)
[702,   116] grad_stats: [2.06e-03 3.25e-03] (1.09e-03, 6.37e-02)
[702,   232] loss: 8.975161e-02 masks: 22.0 17.4 [wd: 3.96e-01] [lr: 1.22e-05] [mem: 5.67e+03] (169.2 ms)
[702,   232] grad_stats: [1.75e-03 2.03e-03] (7.65e-04, 3.39e-02)
avg. loss 8.97516103e-02
time taken for epoch 0:00:53.269610
Epoch 703
[703,     0] loss: 8.650462e-02 masks: 24.0 16.0 [wd: 3.96e-01] [lr: 1.22e-05] [mem: 5.67e+03] (173.0 ms)
[703,     0] grad_stats: [1.69e-03 2.07e-03] (7.01e-04, 3.29e-02)
[703,   116] loss: 9.084500e-02 masks: 21.5 17.5 [wd: 3.96e-01] [lr: 1.20e-05] [mem: 5.67e+03] (167.6 ms)
[703,   116] grad_stats: [2.34e-03 2.43e-03] (8.84e-04, 4.25e-02)
[703,   232] loss: 9.037944e-02 masks: 21.8 17.4 [wd: 3.97e-01] [lr: 1.18e-05] [mem: 5.67e+03] (168.9 ms)
[703,   232] grad_stats: [2.15e-03 3.24e-03] (1.09e-03, 4.13e-02)
avg. loss 9.03794419e-02
time taken for epoch 0:00:52.996181
Epoch 704
[704,     0] loss: 8.136807e-02 masks: 21.0 20.0 [wd: 3.97e-01] [lr: 1.18e-05] [mem: 5.67e+03] (167.0 ms)
[704,     0] grad_stats: [1.61e-03 2.58e-03] (8.71e-04, 3.02e-02)
[704,   116] loss: 9.135699e-02 masks: 21.2 17.6 [wd: 3.97e-01] [lr: 1.15e-05] [mem: 5.67e+03] (166.8 ms)
[704,   116] grad_stats: [2.62e-03 2.44e-03] (7.98e-04, 2.97e-02)
[704,   232] loss: 9.129566e-02 masks: 21.3 17.4 [wd: 3.97e-01] [lr: 1.13e-05] [mem: 5.67e+03] (167.3 ms)
[704,   232] grad_stats: [2.45e-03 2.16e-03] (8.90e-04, 2.94e-02)
avg. loss 9.12956610e-02
time taken for epoch 0:00:52.687405
Epoch 705
[705,     0] loss: 8.433950e-02 masks: 26.0 16.0 [wd: 3.97e-01] [lr: 1.13e-05] [mem: 5.67e+03] (176.6 ms)
[705,     0] grad_stats: [4.81e-03 2.09e-03] (7.91e-04, 3.25e-02)
[705,   116] loss: 9.044405e-02 masks: 21.7 17.4 [wd: 3.97e-01] [lr: 1.11e-05] [mem: 5.67e+03] (168.0 ms)
[705,   116] grad_stats: [1.34e-03 2.26e-03] (8.43e-04, 3.86e-02)
[705,   232] loss: 9.041125e-02 masks: 21.9 17.5 [wd: 3.97e-01] [lr: 1.09e-05] [mem: 5.67e+03] (169.2 ms)
[705,   232] grad_stats: [1.62e-03 2.16e-03] (9.21e-04, 3.15e-02)
avg. loss 9.04112498e-02
time taken for epoch 0:00:53.047527
Epoch 706
[706,     0] loss: 8.219576e-02 masks: 22.0 16.0 [wd: 3.97e-01] [lr: 1.09e-05] [mem: 5.67e+03] (165.3 ms)
[706,     0] grad_stats: [1.61e-03 2.14e-03] (8.21e-04, 2.75e-02)
[706,   116] loss: 8.978936e-02 masks: 21.7 17.4 [wd: 3.97e-01] [lr: 1.07e-05] [mem: 5.67e+03] (168.4 ms)
[706,   116] grad_stats: [2.34e-03 2.15e-03] (8.72e-04, 3.17e-02)
[706,   232] loss: 8.982141e-02 masks: 22.1 17.2 [wd: 3.97e-01] [lr: 1.04e-05] [mem: 5.67e+03] (169.4 ms)
[706,   232] grad_stats: [1.98e-03 2.72e-03] (7.25e-04, 3.10e-02)
avg. loss 8.98214068e-02
time taken for epoch 0:00:53.204909
Epoch 707
[707,     0] loss: 9.512308e-02 masks: 18.0 20.0 [wd: 3.97e-01] [lr: 1.04e-05] [mem: 5.67e+03] (159.9 ms)
[707,     0] grad_stats: [1.74e-03 2.30e-03] (7.76e-04, 3.62e-02)
[707,   116] loss: 9.213471e-02 masks: 20.8 17.6 [wd: 3.97e-01] [lr: 1.02e-05] [mem: 5.67e+03] (165.9 ms)
[707,   116] grad_stats: [2.34e-03 2.83e-03] (1.14e-03, 5.13e-02)
[707,   232] loss: 9.094360e-02 masks: 21.3 17.5 [wd: 3.97e-01] [lr: 1.00e-05] [mem: 5.67e+03] (167.5 ms)
[707,   232] grad_stats: [2.32e-03 2.01e-03] (7.47e-04, 2.98e-02)
avg. loss 9.09435979e-02
time taken for epoch 0:00:52.729570
Epoch 708
[708,     0] loss: 9.360128e-02 masks: 22.0 20.0 [wd: 3.97e-01] [lr: 1.00e-05] [mem: 5.67e+03] (171.4 ms)
[708,     0] grad_stats: [2.18e-03 2.49e-03] (9.51e-04, 3.18e-02)
[708,   116] loss: 8.891105e-02 masks: 22.5 17.3 [wd: 3.97e-01] [lr: 9.81e-06] [mem: 5.67e+03] (170.1 ms)
[708,   116] grad_stats: [1.33e-03 1.89e-03] (6.75e-04, 3.40e-02)
[708,   232] loss: 9.014915e-02 masks: 21.8 17.5 [wd: 3.97e-01] [lr: 9.60e-06] [mem: 5.67e+03] (168.9 ms)
[708,   232] grad_stats: [2.57e-03 3.22e-03] (9.99e-04, 4.75e-02)
avg. loss 9.01491528e-02
time taken for epoch 0:00:53.069376
Epoch 709
[709,     0] loss: 1.053621e-01 masks: 16.0 20.0 [wd: 3.97e-01] [lr: 9.60e-06] [mem: 5.67e+03] (154.3 ms)
[709,     0] grad_stats: [2.45e-03 3.49e-03] (1.11e-03, 5.43e-02)
[709,   116] loss: 9.110388e-02 masks: 21.3 17.5 [wd: 3.97e-01] [lr: 9.40e-06] [mem: 5.67e+03] (167.2 ms)
[709,   116] grad_stats: [2.04e-03 2.69e-03] (9.81e-04, 4.31e-02)
[709,   232] loss: 9.049662e-02 masks: 21.5 17.4 [wd: 3.97e-01] [lr: 9.20e-06] [mem: 5.67e+03] (168.1 ms)
[709,   232] grad_stats: [1.84e-03 2.58e-03] (1.01e-03, 3.45e-02)
avg. loss 9.04966178e-02
time taken for epoch 0:00:52.955162
Epoch 710
[710,     0] loss: 9.375332e-02 masks: 19.0 20.0 [wd: 3.97e-01] [lr: 9.20e-06] [mem: 5.67e+03] (163.2 ms)
[710,     0] grad_stats: [1.90e-03 2.66e-03] (1.05e-03, 4.15e-02)
[710,   116] loss: 8.936521e-02 masks: 22.5 16.8 [wd: 3.97e-01] [lr: 9.00e-06] [mem: 5.67e+03] (169.8 ms)
[710,   116] grad_stats: [2.89e-03 2.85e-03] (1.05e-03, 8.70e-02)
[710,   232] loss: 8.968960e-02 masks: 22.2 17.0 [wd: 3.97e-01] [lr: 8.80e-06] [mem: 5.67e+03] (169.5 ms)
[710,   232] grad_stats: [2.06e-03 1.97e-03] (7.17e-04, 3.80e-02)
avg. loss 8.96896049e-02
time taken for epoch 0:00:53.250230
Epoch 711
[711,     0] loss: 8.470669e-02 masks: 26.0 16.0 [wd: 3.97e-01] [lr: 8.80e-06] [mem: 5.67e+03] (177.8 ms)
[711,     0] grad_stats: [1.76e-03 2.07e-03] (8.49e-04, 6.26e-02)
[711,   116] loss: 9.060828e-02 masks: 21.6 17.3 [wd: 3.98e-01] [lr: 8.61e-06] [mem: 5.67e+03] (168.0 ms)
[711,   116] grad_stats: [1.45e-03 2.31e-03] (7.66e-04, 3.79e-02)
[711,   232] loss: 8.990810e-02 masks: 22.1 17.2 [wd: 3.98e-01] [lr: 8.42e-06] [mem: 5.67e+03] (169.4 ms)
[711,   232] grad_stats: [1.62e-03 2.81e-03] (1.00e-03, 6.19e-02)
avg. loss 8.99080965e-02
time taken for epoch 0:00:53.192515
Epoch 712
[712,     0] loss: 8.423594e-02 masks: 29.0 16.0 [wd: 3.98e-01] [lr: 8.42e-06] [mem: 5.67e+03] (185.2 ms)
[712,     0] grad_stats: [3.22e-03 2.14e-03] (7.99e-04, 6.14e-02)
[712,   116] loss: 8.963102e-02 masks: 22.3 17.1 [wd: 3.98e-01] [lr: 8.23e-06] [mem: 5.67e+03] (169.6 ms)
[712,   116] grad_stats: [2.53e-03 2.72e-03] (1.05e-03, 4.17e-02)
[712,   232] loss: 9.014154e-02 masks: 21.9 17.3 [wd: 3.98e-01] [lr: 8.04e-06] [mem: 5.67e+03] (168.9 ms)
[712,   232] grad_stats: [5.57e-03 2.44e-03] (9.97e-04, 3.70e-02)
avg. loss 9.01415436e-02
time taken for epoch 0:00:53.147062
Epoch 713
[713,     0] loss: 9.873768e-02 masks: 16.0 20.0 [wd: 3.98e-01] [lr: 8.04e-06] [mem: 5.67e+03] (153.4 ms)
[713,     0] grad_stats: [2.20e-03 3.64e-03] (1.09e-03, 3.19e-02)
[713,   116] loss: 8.950140e-02 masks: 22.1 17.0 [wd: 3.98e-01] [lr: 7.86e-06] [mem: 5.67e+03] (168.8 ms)
[713,   116] grad_stats: [4.46e-03 3.00e-03] (9.73e-04, 3.41e-02)
[713,   232] loss: 9.005667e-02 masks: 21.9 17.2 [wd: 3.98e-01] [lr: 7.68e-06] [mem: 5.67e+03] (169.0 ms)
[713,   232] grad_stats: [2.27e-03 4.48e-03] (1.06e-03, 3.98e-02)
avg. loss 9.00566702e-02
time taken for epoch 0:00:53.119291
Epoch 714
[714,     0] loss: 9.506315e-02 masks: 18.0 16.0 [wd: 3.98e-01] [lr: 7.68e-06] [mem: 5.67e+03] (155.7 ms)
[714,     0] grad_stats: [4.11e-03 3.94e-03] (1.39e-03, 4.39e-02)
[714,   116] loss: 9.110543e-02 masks: 21.3 17.3 [wd: 3.98e-01] [lr: 7.50e-06] [mem: 5.67e+03] (166.9 ms)
[714,   116] grad_stats: [3.29e-03 3.09e-03] (1.02e-03, 4.75e-02)
[714,   232] loss: 9.080320e-02 masks: 21.4 17.4 [wd: 3.98e-01] [lr: 7.32e-06] [mem: 5.67e+03] (167.5 ms)
[714,   232] grad_stats: [2.79e-03 2.95e-03] (8.47e-04, 3.33e-02)
avg. loss 9.08031958e-02
time taken for epoch 0:00:52.723751
Epoch 715
[715,     0] loss: 1.039749e-01 masks: 16.0 20.0 [wd: 3.98e-01] [lr: 7.32e-06] [mem: 5.67e+03] (154.6 ms)
[715,     0] grad_stats: [2.41e-03 3.40e-03] (1.23e-03, 5.32e-02)
[715,   116] loss: 9.132137e-02 masks: 21.1 17.9 [wd: 3.98e-01] [lr: 7.15e-06] [mem: 5.67e+03] (167.2 ms)
[715,   116] grad_stats: [2.63e-03 2.51e-03] (8.64e-04, 3.88e-02)
[715,   232] loss: 9.115993e-02 masks: 21.1 17.7 [wd: 3.98e-01] [lr: 6.98e-06] [mem: 5.67e+03] (167.1 ms)
[715,   232] grad_stats: [2.81e-03 3.06e-03] (1.08e-03, 4.54e-02)
avg. loss 9.11599290e-02
time taken for epoch 0:00:52.548004
Epoch 716
[716,     0] loss: 9.602226e-02 masks: 21.0 20.0 [wd: 3.98e-01] [lr: 6.98e-06] [mem: 5.67e+03] (169.1 ms)
[716,     0] grad_stats: [2.25e-03 2.42e-03] (9.96e-04, 3.35e-02)
[716,   116] loss: 8.929143e-02 masks: 22.3 16.9 [wd: 3.98e-01] [lr: 6.81e-06] [mem: 5.67e+03] (169.3 ms)
[716,   116] grad_stats: [1.48e-03 2.46e-03] (9.30e-04, 3.00e-02)
[716,   232] loss: 8.889123e-02 masks: 22.7 16.8 [wd: 3.98e-01] [lr: 6.64e-06] [mem: 5.67e+03] (170.6 ms)
[716,   232] grad_stats: [1.59e-03 2.65e-03] (9.28e-04, 3.53e-02)
avg. loss 8.88912283e-02
time taken for epoch 0:00:53.468754
Epoch 717
[717,     0] loss: 9.441306e-02 masks: 20.0 16.0 [wd: 3.98e-01] [lr: 6.64e-06] [mem: 5.67e+03] (161.4 ms)
[717,     0] grad_stats: [3.45e-03 2.71e-03] (8.31e-04, 4.61e-02)
[717,   116] loss: 9.061884e-02 masks: 21.6 17.4 [wd: 3.98e-01] [lr: 6.48e-06] [mem: 5.67e+03] (167.7 ms)
[717,   116] grad_stats: [1.70e-03 2.15e-03] (8.21e-04, 3.77e-02)
[717,   232] loss: 8.984675e-02 masks: 22.0 17.3 [wd: 3.98e-01] [lr: 6.32e-06] [mem: 5.67e+03] (169.1 ms)
[717,   232] grad_stats: [1.68e-03 2.41e-03] (9.15e-04, 2.99e-02)
avg. loss 8.98467532e-02
time taken for epoch 0:00:53.155782
Epoch 718
[718,     0] loss: 9.074460e-02 masks: 20.0 20.0 [wd: 3.98e-01] [lr: 6.31e-06] [mem: 5.67e+03] (163.3 ms)
[718,     0] grad_stats: [2.45e-03 2.39e-03] (8.99e-04, 3.45e-02)
[718,   116] loss: 8.977701e-02 masks: 21.9 17.2 [wd: 3.98e-01] [lr: 6.16e-06] [mem: 5.67e+03] (168.3 ms)
[718,   116] grad_stats: [1.81e-03 3.05e-03] (9.70e-04, 3.29e-02)
[718,   232] loss: 8.940379e-02 masks: 22.0 17.2 [wd: 3.98e-01] [lr: 6.00e-06] [mem: 5.67e+03] (169.1 ms)
[718,   232] grad_stats: [2.58e-03 2.32e-03] (7.79e-04, 2.26e-02)
avg. loss 8.94037945e-02
time taken for epoch 0:00:53.156788
Epoch 719
[719,     0] loss: 8.672522e-02 masks: 19.0 20.0 [wd: 3.98e-01] [lr: 6.00e-06] [mem: 5.67e+03] (163.8 ms)
[719,     0] grad_stats: [1.61e-03 2.42e-03] (8.53e-04, 2.97e-02)
[719,   116] loss: 9.055347e-02 masks: 21.4 17.7 [wd: 3.98e-01] [lr: 5.84e-06] [mem: 5.67e+03] (167.6 ms)
[719,   116] grad_stats: [2.24e-03 2.49e-03] (9.82e-04, 3.25e-02)
[719,   232] loss: 9.011805e-02 masks: 21.7 17.5 [wd: 3.98e-01] [lr: 5.69e-06] [mem: 5.67e+03] (168.8 ms)
[719,   232] grad_stats: [3.12e-03 2.53e-03] (1.00e-03, 3.87e-02)
avg. loss 9.01180457e-02
time taken for epoch 0:00:52.871865
Epoch 720
[720,     0] loss: 1.059417e-01 masks: 11.0 20.0 [wd: 3.98e-01] [lr: 5.69e-06] [mem: 5.67e+03] (139.7 ms)
[720,     0] grad_stats: [4.13e-03 3.67e-03] (9.99e-04, 4.08e-02)
[720,   116] loss: 8.915927e-02 masks: 22.1 17.0 [wd: 3.99e-01] [lr: 5.54e-06] [mem: 5.67e+03] (169.0 ms)
[720,   116] grad_stats: [1.83e-03 2.85e-03] (9.01e-04, 3.41e-02)
[720,   232] loss: 9.008790e-02 masks: 21.6 17.2 [wd: 3.99e-01] [lr: 5.39e-06] [mem: 5.67e+03] (168.3 ms)
[720,   232] grad_stats: [2.50e-03 2.13e-03] (7.49e-04, 3.03e-02)
avg. loss 9.00879043e-02
	Epoch 720, KNN accuracy train: 7.68813e-01, KNN accuracy train: 6.54333e-01
time taken for epoch 0:01:35.368082
Epoch 721
[721,     0] loss: 8.138576e-02 masks: 29.0 16.0 [wd: 3.99e-01] [lr: 5.39e-06] [mem: 5.67e+03] (185.5 ms)
[721,     0] grad_stats: [2.55e-03 1.95e-03] (7.50e-04, 2.82e-02)
[721,   116] loss: 8.990554e-02 masks: 22.0 17.4 [wd: 3.99e-01] [lr: 5.25e-06] [mem: 5.67e+03] (168.4 ms)
[721,   116] grad_stats: [3.30e-03 2.70e-03] (9.73e-04, 4.79e-02)
[721,   232] loss: 9.011828e-02 masks: 21.6 17.5 [wd: 3.99e-01] [lr: 5.11e-06] [mem: 5.67e+03] (168.0 ms)
[721,   232] grad_stats: [2.51e-03 2.20e-03] (9.26e-04, 4.09e-02)
avg. loss 9.01182763e-02
time taken for epoch 0:00:52.872433
Epoch 722
[722,     0] loss: 8.339897e-02 masks: 25.0 16.0 [wd: 3.99e-01] [lr: 5.11e-06] [mem: 5.67e+03] (174.4 ms)
[722,     0] grad_stats: [1.69e-03 2.64e-03] (8.35e-04, 4.27e-02)
[722,   116] loss: 8.961401e-02 masks: 22.4 17.0 [wd: 3.99e-01] [lr: 4.97e-06] [mem: 5.67e+03] (169.5 ms)
[722,   116] grad_stats: [1.57e-03 1.75e-03] (7.24e-04, 3.72e-02)
[722,   232] loss: 8.963239e-02 masks: 22.2 17.3 [wd: 3.99e-01] [lr: 4.83e-06] [mem: 5.67e+03] (169.6 ms)
[722,   232] grad_stats: [2.98e-03 1.80e-03] (8.33e-04, 2.69e-02)
avg. loss 8.96323934e-02
time taken for epoch 0:00:53.108893
Epoch 723
[723,     0] loss: 9.227658e-02 masks: 13.0 20.0 [wd: 3.99e-01] [lr: 4.83e-06] [mem: 5.67e+03] (146.0 ms)
[723,     0] grad_stats: [2.96e-03 2.96e-03] (1.05e-03, 4.10e-02)
[723,   116] loss: 8.995860e-02 masks: 21.6 17.4 [wd: 3.99e-01] [lr: 4.69e-06] [mem: 5.67e+03] (167.8 ms)
[723,   116] grad_stats: [2.32e-03 3.07e-03] (1.15e-03, 3.84e-02)
[723,   232] loss: 8.984226e-02 masks: 21.9 17.4 [wd: 3.99e-01] [lr: 4.56e-06] [mem: 5.67e+03] (169.3 ms)
[723,   232] grad_stats: [1.60e-03 2.21e-03] (8.19e-04, 3.38e-02)
avg. loss 8.98422578e-02
time taken for epoch 0:00:53.204325
Epoch 724
[724,     0] loss: 7.743388e-02 masks: 21.0 16.0 [wd: 3.99e-01] [lr: 4.56e-06] [mem: 5.67e+03] (164.1 ms)
[724,     0] grad_stats: [2.28e-03 2.64e-03] (9.23e-04, 3.99e-02)
[724,   116] loss: 8.843283e-02 masks: 22.7 17.0 [wd: 3.99e-01] [lr: 4.43e-06] [mem: 5.67e+03] (170.8 ms)
[724,   116] grad_stats: [2.14e-03 2.88e-03] (1.08e-03, 4.34e-02)
[724,   232] loss: 8.891965e-02 masks: 22.4 17.0 [wd: 3.99e-01] [lr: 4.30e-06] [mem: 5.67e+03] (170.3 ms)
[724,   232] grad_stats: [2.07e-03 2.23e-03] (7.80e-04, 2.95e-02)
avg. loss 8.89196490e-02
time taken for epoch 0:00:53.347481
Epoch 725
[725,     0] loss: 9.001189e-02 masks: 24.0 16.0 [wd: 3.99e-01] [lr: 4.30e-06] [mem: 5.67e+03] (173.0 ms)
[725,     0] grad_stats: [1.96e-03 2.56e-03] (1.04e-03, 4.35e-02)
[725,   116] loss: 8.963802e-02 masks: 21.5 17.5 [wd: 3.99e-01] [lr: 4.18e-06] [mem: 5.67e+03] (167.6 ms)
[725,   116] grad_stats: [3.12e-03 3.04e-03] (1.04e-03, 4.28e-02)
[725,   232] loss: 8.969118e-02 masks: 21.7 17.3 [wd: 3.99e-01] [lr: 4.05e-06] [mem: 5.67e+03] (168.6 ms)
[725,   232] grad_stats: [1.69e-03 2.05e-03] (9.09e-04, 3.54e-02)
avg. loss 8.96911771e-02
time taken for epoch 0:00:52.995318
Epoch 726
[726,     0] loss: 8.812314e-02 masks: 18.0 20.0 [wd: 3.99e-01] [lr: 4.05e-06] [mem: 5.67e+03] (160.0 ms)
[726,     0] grad_stats: [2.36e-03 3.19e-03] (1.16e-03, 4.56e-02)
[726,   116] loss: 8.948975e-02 masks: 22.3 17.0 [wd: 3.99e-01] [lr: 3.93e-06] [mem: 5.67e+03] (169.3 ms)
[726,   116] grad_stats: [1.62e-03 2.83e-03] (9.31e-04, 3.65e-02)
[726,   232] loss: 9.020325e-02 masks: 21.7 17.3 [wd: 3.99e-01] [lr: 3.81e-06] [mem: 5.67e+03] (168.6 ms)
[726,   232] grad_stats: [3.25e-03 2.60e-03] (9.88e-04, 3.91e-02)
avg. loss 9.02032516e-02
time taken for epoch 0:00:52.889622
Epoch 727
[727,     0] loss: 8.563073e-02 masks: 21.0 16.0 [wd: 3.99e-01] [lr: 3.81e-06] [mem: 5.67e+03] (162.3 ms)
[727,     0] grad_stats: [1.42e-03 2.89e-03] (9.60e-04, 3.01e-02)
[727,   116] loss: 8.964205e-02 masks: 21.9 17.2 [wd: 3.99e-01] [lr: 3.70e-06] [mem: 5.67e+03] (168.4 ms)
[727,   116] grad_stats: [1.98e-03 2.30e-03] (7.34e-04, 4.64e-02)
[727,   232] loss: 8.961819e-02 masks: 21.9 17.2 [wd: 3.99e-01] [lr: 3.58e-06] [mem: 5.67e+03] (168.9 ms)
[727,   232] grad_stats: [1.86e-03 1.78e-03] (6.93e-04, 2.47e-02)
avg. loss 8.96181937e-02
time taken for epoch 0:00:53.108715
Epoch 728
[728,     0] loss: 8.309472e-02 masks: 20.0 20.0 [wd: 3.99e-01] [lr: 3.58e-06] [mem: 5.67e+03] (165.0 ms)
[728,     0] grad_stats: [2.41e-03 2.40e-03] (9.26e-04, 3.95e-02)
[728,   116] loss: 8.920789e-02 masks: 22.3 17.2 [wd: 3.99e-01] [lr: 3.47e-06] [mem: 5.67e+03] (169.5 ms)
[728,   116] grad_stats: [2.30e-03 3.20e-03] (9.19e-04, 4.18e-02)
[728,   232] loss: 8.912359e-02 masks: 22.4 17.2 [wd: 3.99e-01] [lr: 3.36e-06] [mem: 5.67e+03] (170.2 ms)
[728,   232] grad_stats: [1.52e-03 3.28e-03] (9.34e-04, 4.14e-02)
avg. loss 8.91235870e-02
time taken for epoch 0:00:53.401702
Epoch 729
[729,     0] loss: 8.884042e-02 masks: 20.0 20.0 [wd: 3.99e-01] [lr: 3.36e-06] [mem: 5.67e+03] (164.5 ms)
[729,     0] grad_stats: [2.09e-03 2.57e-03] (1.04e-03, 4.09e-02)
[729,   116] loss: 8.795688e-02 masks: 22.5 17.5 [wd: 3.99e-01] [lr: 3.26e-06] [mem: 5.67e+03] (170.4 ms)
[729,   116] grad_stats: [1.42e-03 1.79e-03] (6.89e-04, 2.69e-02)
[729,   232] loss: 8.941416e-02 masks: 21.8 17.5 [wd: 3.99e-01] [lr: 3.15e-06] [mem: 5.67e+03] (169.0 ms)
[729,   232] grad_stats: [1.59e-03 1.91e-03] (8.15e-04, 3.82e-02)
avg. loss 8.94141575e-02
time taken for epoch 0:00:53.170323
Epoch 730
[730,     0] loss: 9.705175e-02 masks: 18.0 20.0 [wd: 3.99e-01] [lr: 3.15e-06] [mem: 5.67e+03] (159.7 ms)
[730,     0] grad_stats: [2.56e-03 3.03e-03] (1.12e-03, 4.35e-02)
[730,   116] loss: 8.979855e-02 masks: 21.9 17.4 [wd: 3.99e-01] [lr: 3.05e-06] [mem: 5.67e+03] (168.8 ms)
[730,   116] grad_stats: [2.01e-03 3.53e-03] (1.13e-03, 4.28e-02)
[730,   232] loss: 8.972258e-02 masks: 21.8 17.4 [wd: 3.99e-01] [lr: 2.95e-06] [mem: 5.67e+03] (169.0 ms)
[730,   232] grad_stats: [1.71e-03 2.77e-03] (9.38e-04, 3.41e-02)
avg. loss 8.97225774e-02
time taken for epoch 0:00:53.002089
Epoch 731
[731,     0] loss: 8.944736e-02 masks: 21.0 16.0 [wd: 3.99e-01] [lr: 2.95e-06] [mem: 5.67e+03] (164.0 ms)
[731,     0] grad_stats: [1.53e-03 3.07e-03] (9.86e-04, 2.83e-02)
[731,   116] loss: 8.949120e-02 masks: 21.9 17.3 [wd: 3.99e-01] [lr: 2.86e-06] [mem: 5.67e+03] (168.9 ms)
[731,   116] grad_stats: [2.45e-03 4.34e-03] (1.29e-03, 4.41e-02)
[731,   232] loss: 9.003735e-02 masks: 21.6 17.5 [wd: 3.99e-01] [lr: 2.76e-06] [mem: 5.67e+03] (168.6 ms)
[731,   232] grad_stats: [3.35e-03 2.19e-03] (9.25e-04, 3.41e-02)
avg. loss 9.00373527e-02
time taken for epoch 0:00:52.878846
Epoch 732
[732,     0] loss: 8.385594e-02 masks: 25.0 16.0 [wd: 3.99e-01] [lr: 2.76e-06] [mem: 5.67e+03] (174.8 ms)
[732,     0] grad_stats: [2.31e-03 2.41e-03] (8.14e-04, 2.98e-02)
[732,   116] loss: 9.004358e-02 masks: 21.2 17.4 [wd: 3.99e-01] [lr: 2.67e-06] [mem: 5.67e+03] (166.8 ms)
[732,   116] grad_stats: [1.91e-03 3.48e-03] (1.00e-03, 4.33e-02)
[732,   232] loss: 8.982760e-02 masks: 21.9 17.1 [wd: 3.99e-01] [lr: 2.58e-06] [mem: 5.67e+03] (169.0 ms)
[732,   232] grad_stats: [3.86e-03 3.66e-03] (1.25e-03, 6.26e-02)
avg. loss 8.98276021e-02
time taken for epoch 0:00:53.072479
Epoch 733
[733,     0] loss: 8.160817e-02 masks: 23.0 16.0 [wd: 3.99e-01] [lr: 2.58e-06] [mem: 5.67e+03] (168.1 ms)
[733,     0] grad_stats: [4.15e-03 2.93e-03] (9.23e-04, 5.92e-02)
[733,   116] loss: 8.957700e-02 masks: 21.9 17.3 [wd: 4.00e-01] [lr: 2.50e-06] [mem: 5.67e+03] (168.6 ms)
[733,   116] grad_stats: [1.87e-03 2.78e-03] (1.10e-03, 2.65e-02)
[733,   232] loss: 8.965309e-02 masks: 21.8 17.4 [wd: 4.00e-01] [lr: 2.41e-06] [mem: 5.67e+03] (168.8 ms)
[733,   232] grad_stats: [2.41e-03 3.80e-03] (1.27e-03, 4.39e-02)
avg. loss 8.96530906e-02
time taken for epoch 0:00:53.042549
Epoch 734
[734,     0] loss: 1.027365e-01 masks: 9.0 20.0 [wd: 4.00e-01] [lr: 2.41e-06] [mem: 5.67e+03] (135.4 ms)
[734,     0] grad_stats: [3.38e-03 4.50e-03] (1.18e-03, 7.64e-02)
[734,   116] loss: 8.941129e-02 masks: 22.3 17.3 [wd: 4.00e-01] [lr: 2.33e-06] [mem: 5.67e+03] (169.8 ms)
[734,   116] grad_stats: [1.89e-03 2.89e-03] (8.94e-04, 5.49e-02)
[734,   232] loss: 9.000243e-02 masks: 21.8 17.4 [wd: 4.00e-01] [lr: 2.25e-06] [mem: 5.67e+03] (168.8 ms)
[734,   232] grad_stats: [4.35e-03 4.46e-03] (1.28e-03, 7.58e-02)
avg. loss 9.00024345e-02
time taken for epoch 0:00:53.068155
Epoch 735
[735,     0] loss: 9.718405e-02 masks: 17.0 20.0 [wd: 4.00e-01] [lr: 2.25e-06] [mem: 5.67e+03] (156.3 ms)
[735,     0] grad_stats: [3.08e-03 2.81e-03] (9.88e-04, 4.02e-02)
[735,   116] loss: 8.935705e-02 masks: 21.5 17.7 [wd: 4.00e-01] [lr: 2.17e-06] [mem: 5.67e+03] (168.0 ms)
[735,   116] grad_stats: [1.65e-03 2.87e-03] (8.89e-04, 3.03e-02)
[735,   232] loss: 8.979999e-02 masks: 21.6 17.6 [wd: 4.00e-01] [lr: 2.10e-06] [mem: 5.67e+03] (168.9 ms)
[735,   232] grad_stats: [3.33e-03 2.26e-03] (1.13e-03, 4.18e-02)
avg. loss 8.97999904e-02
time taken for epoch 0:00:53.053250
Epoch 736
[736,     0] loss: 8.282455e-02 masks: 36.0 12.0 [wd: 4.00e-01] [lr: 2.10e-06] [mem: 5.67e+03] (200.3 ms)
[736,     0] grad_stats: [1.34e-03 1.53e-03] (6.77e-04, 2.79e-02)
[736,   116] loss: 9.022415e-02 masks: 21.9 17.2 [wd: 4.00e-01] [lr: 2.03e-06] [mem: 5.67e+03] (168.7 ms)
[736,   116] grad_stats: [2.24e-03 2.30e-03] (8.61e-04, 2.84e-02)
[736,   232] loss: 8.946014e-02 masks: 22.2 17.1 [wd: 4.00e-01] [lr: 1.96e-06] [mem: 5.67e+03] (169.7 ms)
[736,   232] grad_stats: [3.30e-03 3.23e-03] (9.85e-04, 4.27e-02)
avg. loss 8.94601407e-02
time taken for epoch 0:00:53.205617
Epoch 737
[737,     0] loss: 9.849832e-02 masks: 22.0 20.0 [wd: 4.00e-01] [lr: 1.96e-06] [mem: 5.67e+03] (171.4 ms)
[737,     0] grad_stats: [2.84e-03 3.24e-03] (9.13e-04, 3.42e-02)
[737,   116] loss: 8.973083e-02 masks: 22.0 17.3 [wd: 4.00e-01] [lr: 1.89e-06] [mem: 5.67e+03] (169.0 ms)
[737,   116] grad_stats: [2.21e-03 1.97e-03] (7.30e-04, 3.81e-02)
[737,   232] loss: 8.985815e-02 masks: 21.5 17.5 [wd: 4.00e-01] [lr: 1.83e-06] [mem: 5.67e+03] (168.2 ms)
[737,   232] grad_stats: [2.98e-03 5.14e-03] (1.28e-03, 5.24e-02)
avg. loss 8.98581516e-02
time taken for epoch 0:00:52.955935
Epoch 738
[738,     0] loss: 8.416351e-02 masks: 27.0 16.0 [wd: 4.00e-01] [lr: 1.83e-06] [mem: 5.67e+03] (180.4 ms)
[738,     0] grad_stats: [2.58e-03 2.81e-03] (9.23e-04, 4.05e-02)
[738,   116] loss: 8.912288e-02 masks: 22.2 17.2 [wd: 4.00e-01] [lr: 1.76e-06] [mem: 5.67e+03] (169.5 ms)
[738,   116] grad_stats: [3.80e-03 3.78e-03] (1.07e-03, 5.44e-02)
[738,   232] loss: 8.913767e-02 masks: 22.3 17.2 [wd: 4.00e-01] [lr: 1.70e-06] [mem: 5.67e+03] (170.2 ms)
[738,   232] grad_stats: [1.83e-03 2.44e-03] (9.93e-04, 4.05e-02)
avg. loss 8.91376705e-02
time taken for epoch 0:00:53.222898
Epoch 739
[739,     0] loss: 8.790261e-02 masks: 20.0 20.0 [wd: 4.00e-01] [lr: 1.70e-06] [mem: 5.67e+03] (164.5 ms)
[739,     0] grad_stats: [3.02e-03 2.57e-03] (1.05e-03, 2.90e-02)
[739,   116] loss: 8.927616e-02 masks: 21.9 17.3 [wd: 4.00e-01] [lr: 1.65e-06] [mem: 5.67e+03] (168.8 ms)
[739,   116] grad_stats: [1.61e-03 2.68e-03] (8.37e-04, 3.15e-02)
[739,   232] loss: 8.970076e-02 masks: 21.9 17.3 [wd: 4.00e-01] [lr: 1.59e-06] [mem: 5.67e+03] (169.0 ms)
[739,   232] grad_stats: [1.81e-03 2.43e-03] (8.95e-04, 3.53e-02)
avg. loss 8.97007600e-02
time taken for epoch 0:00:53.051553
Epoch 740
[740,     0] loss: 1.003794e-01 masks: 13.0 20.0 [wd: 4.00e-01] [lr: 1.59e-06] [mem: 5.67e+03] (144.7 ms)
[740,     0] grad_stats: [2.23e-03 3.83e-03] (1.19e-03, 5.22e-02)
[740,   116] loss: 9.131442e-02 masks: 20.2 17.9 [wd: 4.00e-01] [lr: 1.54e-06] [mem: 5.67e+03] (164.5 ms)
[740,   116] grad_stats: [2.20e-03 3.26e-03] (1.15e-03, 4.81e-02)
[740,   232] loss: 9.040614e-02 masks: 21.0 17.7 [wd: 4.00e-01] [lr: 1.49e-06] [mem: 5.67e+03] (167.0 ms)
[740,   232] grad_stats: [3.77e-03 4.36e-03] (1.45e-03, 5.78e-02)
avg. loss 9.04061433e-02
	Epoch 740, KNN accuracy train: 7.69957e-01, KNN accuracy train: 6.62333e-01
time taken for epoch 0:01:35.065658
Epoch 741
[741,     0] loss: 8.228572e-02 masks: 36.0 12.0 [wd: 4.00e-01] [lr: 1.49e-06] [mem: 5.67e+03] (198.5 ms)
[741,     0] grad_stats: [2.13e-03 2.36e-03] (8.39e-04, 2.98e-02)
[741,   116] loss: 8.810507e-02 masks: 22.6 17.2 [wd: 4.00e-01] [lr: 1.44e-06] [mem: 5.67e+03] (169.8 ms)
[741,   116] grad_stats: [1.89e-03 2.17e-03] (7.65e-04, 4.45e-02)
[741,   232] loss: 8.858202e-02 masks: 22.5 17.2 [wd: 4.00e-01] [lr: 1.40e-06] [mem: 5.67e+03] (170.3 ms)
[741,   232] grad_stats: [1.96e-03 2.09e-03] (8.34e-04, 2.78e-02)
avg. loss 8.85820231e-02
time taken for epoch 0:00:53.366645
Epoch 742
[742,     0] loss: 8.945896e-02 masks: 19.0 20.0 [wd: 4.00e-01] [lr: 1.40e-06] [mem: 5.67e+03] (163.8 ms)
[742,     0] grad_stats: [3.11e-03 2.40e-03] (9.70e-04, 3.17e-02)
[742,   116] loss: 8.848012e-02 masks: 22.2 17.2 [wd: 4.00e-01] [lr: 1.35e-06] [mem: 5.67e+03] (169.4 ms)
[742,   116] grad_stats: [1.54e-03 2.13e-03] (8.15e-04, 3.92e-02)
[742,   232] loss: 8.855434e-02 masks: 22.3 17.3 [wd: 4.00e-01] [lr: 1.31e-06] [mem: 5.67e+03] (170.1 ms)
[742,   232] grad_stats: [3.24e-03 1.86e-03] (7.47e-04, 2.98e-02)
avg. loss 8.85543436e-02
time taken for epoch 0:00:53.331993
Epoch 743
[743,     0] loss: 9.416819e-02 masks: 20.0 20.0 [wd: 4.00e-01] [lr: 1.31e-06] [mem: 5.67e+03] (164.9 ms)
[743,     0] grad_stats: [2.51e-03 2.79e-03] (9.48e-04, 4.06e-02)
[743,   116] loss: 8.963641e-02 masks: 22.1 17.3 [wd: 4.00e-01] [lr: 1.27e-06] [mem: 5.67e+03] (169.1 ms)
[743,   116] grad_stats: [2.24e-03 2.60e-03] (9.31e-04, 3.41e-02)
[743,   232] loss: 8.915395e-02 masks: 22.3 17.2 [wd: 4.00e-01] [lr: 1.24e-06] [mem: 5.67e+03] (169.8 ms)
[743,   232] grad_stats: [4.57e-03 3.15e-03] (1.07e-03, 4.74e-02)
avg. loss 8.91539531e-02
time taken for epoch 0:00:53.310339
Epoch 744
[744,     0] loss: 8.790616e-02 masks: 25.0 16.0 [wd: 4.00e-01] [lr: 1.24e-06] [mem: 5.67e+03] (173.9 ms)
[744,     0] grad_stats: [1.72e-03 2.48e-03] (1.07e-03, 3.51e-02)
[744,   116] loss: 8.835683e-02 masks: 22.2 17.3 [wd: 4.00e-01] [lr: 1.21e-06] [mem: 5.67e+03] (169.6 ms)
[744,   116] grad_stats: [2.51e-03 3.17e-03] (1.11e-03, 5.50e-02)
[744,   232] loss: 8.940936e-02 masks: 21.8 17.6 [wd: 4.00e-01] [lr: 1.18e-06] [mem: 5.67e+03] (169.1 ms)
[744,   232] grad_stats: [1.72e-03 3.35e-03] (9.09e-04, 3.55e-02)
avg. loss 8.94093601e-02
time taken for epoch 0:00:53.103717
Epoch 745
[745,     0] loss: 8.349442e-02 masks: 33.0 12.0 [wd: 4.00e-01] [lr: 1.18e-06] [mem: 5.67e+03] (191.6 ms)
[745,     0] grad_stats: [1.32e-03 1.80e-03] (7.19e-04, 2.63e-02)
[745,   116] loss: 8.859195e-02 masks: 22.5 17.0 [wd: 4.00e-01] [lr: 1.15e-06] [mem: 5.67e+03] (169.9 ms)
[745,   116] grad_stats: [2.41e-03 3.12e-03] (1.03e-03, 4.92e-02)
[745,   232] loss: 8.908430e-02 masks: 22.0 17.0 [wd: 4.00e-01] [lr: 1.12e-06] [mem: 5.67e+03] (169.1 ms)
[745,   232] grad_stats: [2.09e-03 1.71e-03] (6.87e-04, 2.97e-02)
avg. loss 8.90843022e-02
time taken for epoch 0:00:53.149957
Epoch 746
[746,     0] loss: 9.173868e-02 masks: 21.0 16.0 [wd: 4.00e-01] [lr: 1.12e-06] [mem: 5.67e+03] (163.3 ms)
[746,     0] grad_stats: [2.48e-03 3.10e-03] (8.96e-04, 4.48e-02)
[746,   116] loss: 9.076097e-02 masks: 21.0 17.7 [wd: 4.00e-01] [lr: 1.10e-06] [mem: 5.67e+03] (166.6 ms)
[746,   116] grad_stats: [2.60e-03 2.80e-03] (9.73e-04, 3.37e-02)
[746,   232] loss: 8.988079e-02 masks: 21.7 17.3 [wd: 4.00e-01] [lr: 1.08e-06] [mem: 5.67e+03] (168.6 ms)
[746,   232] grad_stats: [3.64e-03 5.35e-03] (1.37e-03, 7.13e-02)
avg. loss 8.98807912e-02
time taken for epoch 0:00:52.831313
Epoch 747
[747,     0] loss: 8.003987e-02 masks: 25.0 16.0 [wd: 4.00e-01] [lr: 1.08e-06] [mem: 5.67e+03] (175.0 ms)
[747,     0] grad_stats: [1.43e-03 2.06e-03] (7.16e-04, 2.29e-02)
[747,   116] loss: 9.079592e-02 masks: 20.9 17.8 [wd: 4.00e-01] [lr: 1.06e-06] [mem: 5.67e+03] (166.4 ms)
[747,   116] grad_stats: [2.51e-03 2.25e-03] (8.10e-04, 3.76e-02)
[747,   232] loss: 8.992858e-02 masks: 21.4 17.6 [wd: 4.00e-01] [lr: 1.04e-06] [mem: 5.67e+03] (168.0 ms)
[747,   232] grad_stats: [1.95e-03 2.55e-03] (8.62e-04, 3.34e-02)
avg. loss 8.99285753e-02
time taken for epoch 0:00:52.905272
Epoch 748
[748,     0] loss: 8.641310e-02 masks: 22.0 20.0 [wd: 4.00e-01] [lr: 1.04e-06] [mem: 5.67e+03] (171.0 ms)
[748,     0] grad_stats: [3.65e-03 3.39e-03] (1.50e-03, 4.29e-02)
[748,   116] loss: 8.877849e-02 masks: 22.5 17.1 [wd: 4.00e-01] [lr: 1.03e-06] [mem: 5.67e+03] (169.8 ms)
[748,   116] grad_stats: [3.17e-03 2.58e-03] (9.91e-04, 4.31e-02)
[748,   232] loss: 8.877195e-02 masks: 22.3 17.1 [wd: 4.00e-01] [lr: 1.02e-06] [mem: 5.67e+03] (169.8 ms)
[748,   232] grad_stats: [1.62e-03 2.08e-03] (7.92e-04, 3.24e-02)
avg. loss 8.87719522e-02
time taken for epoch 0:00:53.278064
Epoch 749
[749,     0] loss: 7.691286e-02 masks: 33.0 12.0 [wd: 4.00e-01] [lr: 1.02e-06] [mem: 5.67e+03] (191.4 ms)
[749,     0] grad_stats: [2.83e-03 2.21e-03] (8.43e-04, 2.63e-02)
[749,   116] loss: 9.038496e-02 masks: 21.5 17.3 [wd: 4.00e-01] [lr: 1.01e-06] [mem: 5.67e+03] (167.4 ms)
[749,   116] grad_stats: [1.83e-03 2.04e-03] (8.45e-04, 2.85e-02)
[749,   232] loss: 8.992696e-02 masks: 21.5 17.4 [wd: 4.00e-01] [lr: 1.00e-06] [mem: 5.67e+03] (167.9 ms)
[749,   232] grad_stats: [1.98e-03 2.82e-03] (9.71e-04, 3.94e-02)
avg. loss 8.99269598e-02
time taken for epoch 0:00:53.572316
Epoch 750
[750,     0] loss: 9.568314e-02 masks: 20.0 16.0 [wd: 4.00e-01] [lr: 1.00e-06] [mem: 5.67e+03] (161.0 ms)
[750,     0] grad_stats: [3.19e-03 3.66e-03] (9.80e-04, 3.66e-02)
[750,   116] loss: 8.897756e-02 masks: 22.1 17.0 [wd: 4.00e-01] [lr: 1.00e-06] [mem: 5.67e+03] (168.9 ms)
[750,   116] grad_stats: [2.09e-03 2.87e-03] (1.05e-03, 4.17e-02)
[750,   232] loss: 8.915096e-02 masks: 21.8 17.3 [wd: 4.00e-01] [lr: 1.00e-06] [mem: 5.67e+03] (168.8 ms)
[750,   232] grad_stats: [2.62e-03 3.28e-03] (8.59e-04, 2.87e-02)
avg. loss 8.91509578e-02
time taken for epoch 0:00:52.990625
Total pretraining time 12:09:18.435707
