epoch,itr,loss,mask-A,mask-B,time (ms)
1,0,8.824331e-04,37.00000,36.00000,16733
1,1,9.629049e-04,49.00000,30.00000,4842
