epoch,itr,loss,mask-A,mask-B,time (ms)
1,0,8.824331e-04,37.00000,35.00000,15184
1,1,9.629049e-04,36.00000,35.00000,4036
