nohup: ignoring input
INFO:root:called-params configs/iic-train.yaml
INFO:root:loaded params...
{   'data': {   'batch_size': 60,
                'color_jitter_strength': 0.0,
                'crop_scale': [0.3, 1.0],
                'crop_size': 150,
                'image_folder': 'iic/',
                'num_workers': 10,
                'pin_mem': True,
                'root_path': 'datasets',
                'use_color_distortion': False,
                'use_gaussian_blur': False,
                'use_horizontal_flip': False},
    'logging': {   'checkpoint_freq': 250,
                   'folder': 'logs_PKT_chunks/iic-train-l2-pkt-chunks-seed0-KNN-ep750',
                   'knn_every': 20,
                   'logging_frequency': 2,
                   'output_file': 'oiic-pretrain-seed0.out',
                   'train_suffix': 'train/',
                   'val_suffix': 'val/',
                   'write_tag': 'jepa-iic'},
    'mask': {   'allow_overlap': False,
                'aspect_ratio': [0.75, 1.5],
                'enc_mask_scale': [0.85, 1.0],
                'min_keep': 1,
                'num_enc_masks': 1,
                'num_pred_masks': 4,
                'patch_size': 15,
                'pred_mask_scale': [0.15, 0.2]},
    'message': 'L2+PKT on IIC for KNN seed 0',
    'meta': {   'copy_data': False,
                'load_checkpoint': False,
                'model_name': 'vit_base',
                'pred_depth': 6,
                'pred_emb_dim': 384,
                'read_checkpoint': None,
                'use_bfloat16': False},
    'optimization': {   'ema': [0.996, 1.0],
                        'epochs': 750,
                        'final_lr': 1e-06,
                        'final_weight_decay': 0.4,
                        'ipe_scale': 1.0,
                        'loss_function': 'L2_PKT_chunks',
                        'lr': 0.001,
                        'start_lr': 0.0002,
                        'variance_weight': 0.0,
                        'warmup': 40,
                        'weight_decay': 0.04},
    'pkt': {   'T_max': 200,
               'chunks_step': 256,
               'final_alpha': 0.0,
               'pkt_scale': 1.0,
               'ref_alpha': 1.0,
               'start_alpha': 1.0,
               'use_pkt_scheduler': False,
               'warmup_steps_alpha': 100}}
INFO:root:Running... (rank: 0/1)
CRITICAL:root:PRETRAINING
INFO:root:Initialized (rank/world-size) 0/1
INFO:root:train.py: _GLOBAL_SEED=2
INFO:root:VisionTransformer(
  (patch_embed): PatchEmbed(
    (proj): Conv2d(3, 768, kernel_size=(15, 15), stride=(15, 15))
  )
  (blocks): ModuleList(
    (0-11): 12 x Block(
      (norm1): LayerNorm((768,), eps=1e-06, elementwise_affine=True)
      (attn): Attention(
        (qkv): Linear(in_features=768, out_features=2304, bias=True)
        (attn_drop): Dropout(p=0.0, inplace=False)
        (proj): Linear(in_features=768, out_features=768, bias=True)
        (proj_drop): Dropout(p=0.0, inplace=False)
      )
      (drop_path): Identity()
      (norm2): LayerNorm((768,), eps=1e-06, elementwise_affine=True)
      (mlp): MLP(
        (fc1): Linear(in_features=768, out_features=3072, bias=True)
        (act): GELU(approximate='none')
        (fc2): Linear(in_features=3072, out_features=768, bias=True)
        (drop): Dropout(p=0.0, inplace=False)
      )
    )
  )
  (norm): LayerNorm((768,), eps=1e-06, elementwise_affine=True)
)
INFO:root:making imagenet data transforms
INFO:root:data-path datasets/iic/train/
INFO:root:Initialized ImageNet
INFO:root:ImageNet dataset created
INFO:root:ImageNet unsupervised data loader created
INFO:root:data-path datasets/iic/train/
INFO:root:Initialized ImageNet
INFO:root:min. labeled indices 2191
INFO:root:ImageNet supervised dataset created
INFO:root:ImageNet supervised data loader created
INFO:root:data-path datasets/iic/val/
INFO:root:Initialized ImageNet
INFO:root:min. labeled indices 437
INFO:root:ImageNet supervised dataset created
INFO:root:ImageNet supervised data loader created
INFO:root:Using AdamW
INFO:root:Epoch 1
INFO:root:[1,     0] loss: 3.154261e-02 masks: 18.0 16.0 [wd: 4.00e-02] [lr: 2.00e-04] [mem: 3.42e+03] (403.1 ms)
INFO:root:[1,     0] grad_stats: [1.29e-03 7.33e-04] (7.25e-04, 2.02e-03)
INFO:root:[1,   116] loss: 1.114762e-02 masks: 21.7 17.3 [wd: 4.00e-02] [lr: 2.10e-04] [mem: 5.41e+03] (170.6 ms)
INFO:root:[1,   116] grad_stats: [4.47e-03 1.01e-04] (9.75e-05, 4.47e-03)
INFO:root:[1,   232] loss: 1.102027e-02 masks: 21.8 17.3 [wd: 4.00e-02] [lr: 2.20e-04] [mem: 5.52e+03] (170.0 ms)
INFO:root:[1,   232] grad_stats: [2.56e-03 6.80e-05] (6.09e-05, 3.40e-03)
INFO:root:avg. loss 1.10202672e-02
INFO:root:time taken for epoch 0:00:52.832180
INFO:root:Epoch 2
INFO:root:[2,     0] loss: 1.035665e-02 masks: 19.0 20.0 [wd: 4.00e-02] [lr: 2.20e-04] [mem: 5.52e+03] (165.0 ms)
INFO:root:[2,     0] grad_stats: [4.61e-03 9.97e-05] (9.97e-05, 5.64e-03)
INFO:root:[2,   116] loss: 1.011433e-02 masks: 21.8 17.5 [wd: 4.00e-02] [lr: 2.30e-04] [mem: 5.58e+03] (169.8 ms)
INFO:root:[2,   116] grad_stats: [2.44e-03 7.03e-05] (4.52e-05, 3.10e-03)
INFO:root:[2,   232] loss: 8.900763e-03 masks: 22.2 17.3 [wd: 4.00e-02] [lr: 2.40e-04] [mem: 5.58e+03] (171.2 ms)
INFO:root:[2,   232] grad_stats: [1.31e-03 4.80e-05] (3.44e-05, 2.72e-03)
INFO:root:avg. loss 8.90076280e-03
INFO:root:time taken for epoch 0:00:53.695116
INFO:root:Epoch 3
INFO:root:[3,     0] loss: 7.080243e-03 masks: 25.0 16.0 [wd: 4.00e-02] [lr: 2.40e-04] [mem: 5.58e+03] (175.8 ms)
INFO:root:[3,     0] grad_stats: [4.95e-03 2.32e-04] (1.30e-04, 5.90e-03)
INFO:root:[3,   116] loss: 5.181877e-03 masks: 22.5 17.1 [wd: 4.00e-02] [lr: 2.50e-04] [mem: 5.58e+03] (171.8 ms)
INFO:root:[3,   116] grad_stats: [1.18e-03 4.16e-05] (2.42e-05, 2.19e-03)
INFO:root:[3,   232] loss: 4.269687e-03 masks: 22.2 17.1 [wd: 4.00e-02] [lr: 2.60e-04] [mem: 5.58e+03] (171.4 ms)
INFO:root:[3,   232] grad_stats: [9.37e-04 3.82e-05] (2.85e-05, 1.05e-03)
INFO:root:avg. loss 4.26968680e-03
INFO:root:time taken for epoch 0:00:53.773579
INFO:root:Epoch 4
INFO:root:[4,     0] loss: 3.218884e-03 masks: 21.0 16.0 [wd: 4.00e-02] [lr: 2.60e-04] [mem: 5.58e+03] (163.4 ms)
INFO:root:[4,     0] grad_stats: [2.02e-03 6.41e-05] (3.21e-05, 2.66e-03)
INFO:root:[4,   116] loss: 2.593261e-03 masks: 21.8 17.3 [wd: 4.00e-02] [lr: 2.70e-04] [mem: 5.58e+03] (170.2 ms)
INFO:root:[4,   116] grad_stats: [1.00e-03 5.42e-05] (3.13e-05, 1.62e-03)
INFO:root:[4,   232] loss: 2.392313e-03 masks: 21.9 17.4 [wd: 4.00e-02] [lr: 2.80e-04] [mem: 5.58e+03] (171.1 ms)
INFO:root:[4,   232] grad_stats: [6.29e-04 2.35e-05] (1.39e-05, 9.30e-04)
INFO:root:avg. loss 2.39231252e-03
INFO:root:time taken for epoch 0:00:53.516572
INFO:root:Epoch 5
INFO:root:[5,     0] loss: 2.083208e-03 masks: 18.0 20.0 [wd: 4.00e-02] [lr: 2.80e-04] [mem: 5.58e+03] (162.9 ms)
INFO:root:[5,     0] grad_stats: [8.24e-04 2.14e-05] (1.44e-05, 1.33e-03)
INFO:root:[5,   116] loss: 1.942478e-03 masks: 22.2 17.1 [wd: 4.00e-02] [lr: 2.90e-04] [mem: 5.58e+03] (170.8 ms)
INFO:root:[5,   116] grad_stats: [1.04e-03 4.31e-05] (1.86e-05, 1.92e-03)
INFO:root:[5,   232] loss: 1.878652e-03 masks: 22.4 17.0 [wd: 4.00e-02] [lr: 3.00e-04] [mem: 5.58e+03] (171.8 ms)
INFO:root:[5,   232] grad_stats: [6.06e-04 2.98e-05] (1.78e-05, 9.64e-04)
INFO:root:avg. loss 1.87865196e-03
INFO:root:time taken for epoch 0:00:53.694967
INFO:root:Epoch 6
INFO:root:[6,     0] loss: 1.673922e-03 masks: 23.0 16.0 [wd: 4.00e-02] [lr: 3.00e-04] [mem: 5.58e+03] (169.0 ms)
INFO:root:[6,     0] grad_stats: [7.49e-04 3.63e-05] (2.10e-05, 9.53e-04)
INFO:root:[6,   116] loss: 1.738125e-03 masks: 21.9 17.1 [wd: 4.00e-02] [lr: 3.10e-04] [mem: 5.58e+03] (170.5 ms)
INFO:root:[6,   116] grad_stats: [6.50e-04 3.07e-05] (2.25e-05, 1.10e-03)
INFO:root:[6,   232] loss: 1.692863e-03 masks: 21.7 17.4 [wd: 4.01e-02] [lr: 3.20e-04] [mem: 5.58e+03] (170.7 ms)
INFO:root:[6,   232] grad_stats: [4.89e-04 2.42e-05] (1.22e-05, 1.09e-03)
INFO:root:avg. loss 1.69286256e-03
INFO:root:time taken for epoch 0:00:53.546952
INFO:root:Epoch 7
INFO:root:[7,     0] loss: 1.841654e-03 masks: 33.0 12.0 [wd: 4.01e-02] [lr: 3.20e-04] [mem: 5.58e+03] (192.5 ms)
INFO:root:[7,     0] grad_stats: [5.80e-04 4.48e-05] (2.45e-05, 8.58e-04)
INFO:root:[7,   116] loss: 1.609686e-03 masks: 21.9 17.5 [wd: 4.01e-02] [lr: 3.30e-04] [mem: 5.58e+03] (170.8 ms)
INFO:root:[7,   116] grad_stats: [4.42e-04 2.55e-05] (1.13e-05, 7.02e-04)
INFO:root:[7,   232] loss: 1.628715e-03 masks: 21.7 17.5 [wd: 4.01e-02] [lr: 3.40e-04] [mem: 5.58e+03] (170.8 ms)
INFO:root:[7,   232] grad_stats: [6.05e-04 3.15e-05] (1.68e-05, 1.21e-03)
INFO:root:avg. loss 1.62871467e-03
INFO:root:time taken for epoch 0:00:53.536183
INFO:root:Epoch 8
INFO:root:[8,     0] loss: 1.382378e-03 masks: 25.0 16.0 [wd: 4.01e-02] [lr: 3.40e-04] [mem: 5.58e+03] (177.0 ms)
INFO:root:[8,     0] grad_stats: [4.23e-04 2.23e-05] (1.12e-05, 6.41e-04)
INFO:root:[8,   116] loss: 1.660596e-03 masks: 22.5 17.1 [wd: 4.01e-02] [lr: 3.50e-04] [mem: 5.58e+03] (171.9 ms)
INFO:root:[8,   116] grad_stats: [8.38e-04 4.58e-05] (2.74e-05, 1.38e-03)
INFO:root:[8,   232] loss: 1.686736e-03 masks: 22.2 17.1 [wd: 4.01e-02] [lr: 3.60e-04] [mem: 5.58e+03] (171.9 ms)
INFO:root:[8,   232] grad_stats: [7.51e-04 3.26e-05] (1.66e-05, 1.15e-03)
INFO:root:avg. loss 1.68673626e-03
INFO:root:time taken for epoch 0:00:53.766061
INFO:root:Epoch 9
INFO:root:[9,     0] loss: 1.350655e-03 masks: 20.0 20.0 [wd: 4.01e-02] [lr: 3.60e-04] [mem: 5.58e+03] (167.7 ms)
INFO:root:[9,     0] grad_stats: [3.16e-04 1.41e-05] (8.32e-06, 6.04e-04)
INFO:root:[9,   116] loss: 1.819250e-03 masks: 22.8 17.1 [wd: 4.01e-02] [lr: 3.70e-04] [mem: 5.58e+03] (172.9 ms)
INFO:root:[9,   116] grad_stats: [4.43e-04 4.18e-05] (1.48e-05, 6.10e-04)
INFO:root:[9,   232] loss: 1.840729e-03 masks: 22.4 17.0 [wd: 4.01e-02] [lr: 3.80e-04] [mem: 5.58e+03] (172.2 ms)
INFO:root:[9,   232] grad_stats: [4.32e-04 2.87e-05] (1.07e-05, 6.82e-04)
INFO:root:avg. loss 1.84072948e-03
INFO:root:time taken for epoch 0:00:53.828328
INFO:root:Epoch 10
INFO:root:[10,     0] loss: 1.983717e-03 masks: 26.0 16.0 [wd: 4.01e-02] [lr: 3.80e-04] [mem: 5.58e+03] (180.0 ms)
INFO:root:[10,     0] grad_stats: [4.77e-04 4.68e-05] (1.81e-05, 9.49e-04)
INFO:root:[10,   116] loss: 1.830531e-03 masks: 21.6 17.5 [wd: 4.01e-02] [lr: 3.90e-04] [mem: 5.58e+03] (170.3 ms)
INFO:root:[10,   116] grad_stats: [5.50e-04 3.96e-05] (1.78e-05, 8.71e-04)
INFO:root:[10,   232] loss: 1.857310e-03 masks: 21.7 17.3 [wd: 4.02e-02] [lr: 4.00e-04] [mem: 5.66e+03] (170.8 ms)
INFO:root:[10,   232] grad_stats: [5.11e-04 2.29e-05] (1.04e-05, 8.29e-04)
INFO:root:avg. loss 1.85731027e-03
INFO:root:time taken for epoch 0:00:53.490524
INFO:root:Epoch 11
INFO:root:[11,     0] loss: 1.636298e-03 masks: 17.0 20.0 [wd: 4.02e-02] [lr: 4.00e-04] [mem: 5.66e+03] (161.0 ms)
INFO:root:[11,     0] grad_stats: [2.99e-04 1.75e-05] (6.53e-06, 5.69e-04)
INFO:root:[11,   116] loss: 1.806996e-03 masks: 21.8 17.4 [wd: 4.02e-02] [lr: 4.10e-04] [mem: 5.66e+03] (170.7 ms)
INFO:root:[11,   116] grad_stats: [3.61e-04 2.28e-05] (9.87e-06, 5.65e-04)
INFO:root:[11,   232] loss: 1.798642e-03 masks: 22.0 17.4 [wd: 4.02e-02] [lr: 4.20e-04] [mem: 5.66e+03] (171.6 ms)
INFO:root:[11,   232] grad_stats: [9.08e-04 4.74e-05] (1.75e-05, 1.30e-03)
INFO:root:avg. loss 1.79864225e-03
INFO:root:time taken for epoch 0:00:53.646644
INFO:root:Epoch 12
INFO:root:[12,     0] loss: 1.773696e-03 masks: 18.0 20.0 [wd: 4.02e-02] [lr: 4.20e-04] [mem: 5.66e+03] (162.8 ms)
INFO:root:[12,     0] grad_stats: [5.47e-04 1.68e-05] (7.06e-06, 8.66e-04)
INFO:root:[12,   116] loss: 1.868499e-03 masks: 21.6 17.4 [wd: 4.02e-02] [lr: 4.30e-04] [mem: 5.66e+03] (170.3 ms)
INFO:root:[12,   116] grad_stats: [5.34e-04 3.10e-05] (1.10e-05, 7.37e-04)
INFO:root:[12,   232] loss: 1.884543e-03 masks: 21.8 17.4 [wd: 4.02e-02] [lr: 4.40e-04] [mem: 5.66e+03] (171.1 ms)
INFO:root:[12,   232] grad_stats: [4.31e-04 1.91e-05] (7.20e-06, 4.70e-04)
INFO:root:avg. loss 1.88454328e-03
INFO:root:time taken for epoch 0:00:53.556212
INFO:root:Epoch 13
INFO:root:[13,     0] loss: 2.475259e-03 masks: 17.0 16.0 [wd: 4.02e-02] [lr: 4.40e-04] [mem: 5.66e+03] (154.4 ms)
INFO:root:[13,     0] grad_stats: [6.58e-04 5.26e-05] (1.34e-05, 9.55e-04)
INFO:root:[13,   116] loss: 1.952746e-03 masks: 21.1 17.3 [wd: 4.02e-02] [lr: 4.50e-04] [mem: 5.66e+03] (168.7 ms)
INFO:root:[13,   116] grad_stats: [4.58e-04 3.42e-05] (8.12e-06, 6.70e-04)
INFO:root:[13,   232] loss: 1.937031e-03 masks: 21.6 17.4 [wd: 4.03e-02] [lr: 4.60e-04] [mem: 5.66e+03] (170.5 ms)
INFO:root:[13,   232] grad_stats: [3.65e-04 3.29e-05] (8.01e-06, 3.87e-04)
INFO:root:avg. loss 1.93703121e-03
INFO:root:time taken for epoch 0:00:53.439382
INFO:root:Epoch 14
INFO:root:[14,     0] loss: 1.910736e-03 masks: 17.0 20.0 [wd: 4.03e-02] [lr: 4.60e-04] [mem: 5.66e+03] (159.2 ms)
INFO:root:[14,     0] grad_stats: [4.83e-04 2.59e-05] (9.54e-06, 6.61e-04)
INFO:root:[14,   116] loss: 2.029952e-03 masks: 21.9 17.3 [wd: 4.03e-02] [lr: 4.70e-04] [mem: 5.66e+03] (171.1 ms)
INFO:root:[14,   116] grad_stats: [3.80e-04 1.86e-05] (6.21e-06, 4.22e-04)
INFO:root:[14,   232] loss: 2.008834e-03 masks: 22.2 17.2 [wd: 4.03e-02] [lr: 4.80e-04] [mem: 5.66e+03] (172.1 ms)
INFO:root:[14,   232] grad_stats: [5.49e-04 2.42e-05] (9.11e-06, 9.44e-04)
INFO:root:avg. loss 2.00883387e-03
INFO:root:time taken for epoch 0:00:53.839534
INFO:root:Epoch 15
INFO:root:[15,     0] loss: 1.940919e-03 masks: 21.0 20.0 [wd: 4.03e-02] [lr: 4.80e-04] [mem: 5.66e+03] (171.2 ms)
INFO:root:[15,     0] grad_stats: [6.13e-04 2.84e-05] (9.09e-06, 9.20e-04)
INFO:root:[15,   116] loss: 1.989763e-03 masks: 22.8 17.0 [wd: 4.03e-02] [lr: 4.90e-04] [mem: 5.66e+03] (173.0 ms)
INFO:root:[15,   116] grad_stats: [6.66e-04 3.84e-05] (1.06e-05, 8.68e-04)
INFO:root:[15,   232] loss: 2.019164e-03 masks: 22.1 17.3 [wd: 4.04e-02] [lr: 5.00e-04] [mem: 5.66e+03] (171.8 ms)
INFO:root:[15,   232] grad_stats: [6.88e-04 3.64e-05] (8.04e-06, 9.82e-04)
INFO:root:avg. loss 2.01916395e-03
INFO:root:time taken for epoch 0:00:53.691078
INFO:root:Epoch 16
INFO:root:[16,     0] loss: 1.894833e-03 masks: 19.0 20.0 [wd: 4.04e-02] [lr: 5.00e-04] [mem: 5.66e+03] (166.1 ms)
INFO:root:[16,     0] grad_stats: [3.69e-04 2.65e-05] (5.35e-06, 4.73e-04)
INFO:root:[16,   116] loss: 2.050582e-03 masks: 22.1 17.1 [wd: 4.04e-02] [lr: 5.10e-04] [mem: 5.66e+03] (171.1 ms)
INFO:root:[16,   116] grad_stats: [4.07e-04 3.38e-05] (8.89e-06, 4.07e-04)
INFO:root:[16,   232] loss: 2.024994e-03 masks: 21.9 17.3 [wd: 4.04e-02] [lr: 5.20e-04] [mem: 5.66e+03] (171.4 ms)
INFO:root:[16,   232] grad_stats: [3.61e-04 3.70e-05] (7.39e-06, 7.94e-04)
INFO:root:avg. loss 2.02499446e-03
INFO:root:time taken for epoch 0:00:53.596876
INFO:root:Epoch 17
INFO:root:[17,     0] loss: 2.130887e-03 masks: 20.0 16.0 [wd: 4.04e-02] [lr: 5.20e-04] [mem: 5.66e+03] (163.3 ms)
INFO:root:[17,     0] grad_stats: [4.18e-04 3.37e-05] (7.73e-06, 8.38e-04)
INFO:root:[17,   116] loss: 2.019065e-03 masks: 21.8 17.4 [wd: 4.04e-02] [lr: 5.30e-04] [mem: 5.66e+03] (171.1 ms)
INFO:root:[17,   116] grad_stats: [5.54e-04 3.35e-05] (9.43e-06, 7.77e-04)
INFO:root:[17,   232] loss: 2.090780e-03 masks: 21.8 17.3 [wd: 4.05e-02] [lr: 5.40e-04] [mem: 5.66e+03] (171.2 ms)
INFO:root:[17,   232] grad_stats: [4.64e-04 2.75e-05] (7.72e-06, 5.99e-04)
INFO:root:avg. loss 2.09078026e-03
INFO:root:time taken for epoch 0:00:53.545462
INFO:root:Epoch 18
INFO:root:[18,     0] loss: 2.075681e-03 masks: 25.0 16.0 [wd: 4.05e-02] [lr: 5.40e-04] [mem: 5.66e+03] (176.0 ms)
INFO:root:[18,     0] grad_stats: [4.95e-04 2.96e-05] (7.06e-06, 6.80e-04)
INFO:root:[18,   116] loss: 2.172309e-03 masks: 22.3 17.0 [wd: 4.05e-02] [lr: 5.50e-04] [mem: 5.66e+03] (171.6 ms)
INFO:root:[18,   116] grad_stats: [3.35e-04 1.97e-05] (4.52e-06, 4.63e-04)
INFO:root:[18,   232] loss: 2.135018e-03 masks: 22.5 17.0 [wd: 4.05e-02] [lr: 5.60e-04] [mem: 5.66e+03] (172.9 ms)
INFO:root:[18,   232] grad_stats: [2.85e-04 2.14e-05] (4.89e-06, 3.15e-04)
INFO:root:avg. loss 2.13501770e-03
INFO:root:time taken for epoch 0:00:53.985371
INFO:root:Epoch 19
INFO:root:[19,     0] loss: 1.773987e-03 masks: 17.0 20.0 [wd: 4.05e-02] [lr: 5.60e-04] [mem: 5.66e+03] (159.9 ms)
INFO:root:[19,     0] grad_stats: [2.33e-04 1.81e-05] (3.91e-06, 3.93e-04)
INFO:root:[19,   116] loss: 2.129786e-03 masks: 21.2 17.6 [wd: 4.05e-02] [lr: 5.70e-04] [mem: 5.66e+03] (169.5 ms)
INFO:root:[19,   116] grad_stats: [4.53e-04 2.59e-05] (6.13e-06, 7.72e-04)
INFO:root:[19,   232] loss: 2.132605e-03 masks: 21.6 17.4 [wd: 4.06e-02] [lr: 5.80e-04] [mem: 5.66e+03] (171.0 ms)
INFO:root:[19,   232] grad_stats: [5.62e-04 3.88e-05] (7.59e-06, 8.74e-04)
INFO:root:avg. loss 2.13260463e-03
INFO:root:time taken for epoch 0:00:53.579065
INFO:root:Epoch 20
INFO:root:[20,     0] loss: 2.417251e-03 masks: 37.0 12.0 [wd: 4.06e-02] [lr: 5.80e-04] [mem: 5.66e+03] (204.5 ms)
INFO:root:[20,     0] grad_stats: [5.71e-04 3.30e-05] (5.60e-06, 6.60e-04)
INFO:root:[20,   116] loss: 2.193696e-03 masks: 22.1 17.1 [wd: 4.06e-02] [lr: 5.90e-04] [mem: 5.66e+03] (171.6 ms)
INFO:root:[20,   116] grad_stats: [2.97e-04 2.83e-05] (4.24e-06, 3.70e-04)
INFO:root:[20,   232] loss: 2.183339e-03 masks: 21.9 17.2 [wd: 4.06e-02] [lr: 6.00e-04] [mem: 5.66e+03] (171.3 ms)
INFO:root:[20,   232] grad_stats: [2.88e-04 2.10e-05] (4.03e-06, 5.35e-04)
INFO:root:avg. loss 2.18333868e-03
INFO:root:	Epoch 20, KNN accuracy train: 7.04721e-01, KNN accuracy train: 5.82333e-01
INFO:root:time taken for epoch 0:01:35.721051
INFO:root:Epoch 21
INFO:root:[21,     0] loss: 2.258314e-03 masks: 23.0 16.0 [wd: 4.06e-02] [lr: 6.00e-04] [mem: 5.66e+03] (169.4 ms)
INFO:root:[21,     0] grad_stats: [2.84e-04 3.06e-05] (4.89e-06, 6.48e-04)
INFO:root:[21,   116] loss: 2.192568e-03 masks: 22.2 17.1 [wd: 4.07e-02] [lr: 6.10e-04] [mem: 5.66e+03] (170.9 ms)
INFO:root:[21,   116] grad_stats: [3.22e-04 2.48e-05] (4.71e-06, 4.75e-04)
INFO:root:[21,   232] loss: 2.190362e-03 masks: 22.1 17.2 [wd: 4.07e-02] [lr: 6.20e-04] [mem: 5.66e+03] (171.5 ms)
INFO:root:[21,   232] grad_stats: [6.63e-04 5.38e-05] (6.97e-06, 6.90e-04)
INFO:root:avg. loss 2.19036222e-03
INFO:root:time taken for epoch 0:00:53.602489
INFO:root:Epoch 22
INFO:root:[22,     0] loss: 2.320024e-03 masks: 22.0 16.0 [wd: 4.07e-02] [lr: 6.20e-04] [mem: 5.66e+03] (168.9 ms)
INFO:root:[22,     0] grad_stats: [4.00e-04 5.21e-05] (6.31e-06, 9.52e-04)
INFO:root:[22,   116] loss: 2.228750e-03 masks: 22.3 17.2 [wd: 4.07e-02] [lr: 6.30e-04] [mem: 5.66e+03] (172.0 ms)
INFO:root:[22,   116] grad_stats: [8.53e-04 8.72e-05] (1.11e-05, 1.34e-03)
INFO:root:[22,   232] loss: 2.261501e-03 masks: 22.3 17.3 [wd: 4.08e-02] [lr: 6.40e-04] [mem: 5.66e+03] (172.7 ms)
INFO:root:[22,   232] grad_stats: [3.10e-04 3.23e-05] (3.89e-06, 4.74e-04)
INFO:root:avg. loss 2.26150053e-03
INFO:root:time taken for epoch 0:00:53.868594
INFO:root:Epoch 23
INFO:root:[23,     0] loss: 2.192832e-03 masks: 18.0 20.0 [wd: 4.08e-02] [lr: 6.40e-04] [mem: 5.66e+03] (163.2 ms)
INFO:root:[23,     0] grad_stats: [4.04e-04 3.45e-05] (5.27e-06, 4.56e-04)
INFO:root:[23,   116] loss: 2.340462e-03 masks: 22.4 17.1 [wd: 4.08e-02] [lr: 6.50e-04] [mem: 5.66e+03] (172.4 ms)
INFO:root:[23,   116] grad_stats: [2.92e-04 3.91e-05] (3.77e-06, 3.30e-04)
INFO:root:[23,   232] loss: 2.340733e-03 masks: 21.9 17.3 [wd: 4.08e-02] [lr: 6.60e-04] [mem: 5.66e+03] (171.7 ms)
INFO:root:[23,   232] grad_stats: [4.19e-04 6.71e-05] (4.95e-06, 6.32e-04)
INFO:root:avg. loss 2.34073318e-03
INFO:root:time taken for epoch 0:00:53.537414
INFO:root:Epoch 24
INFO:root:[24,     0] loss: 2.814637e-03 masks: 14.0 20.0 [wd: 4.08e-02] [lr: 6.60e-04] [mem: 5.66e+03] (151.7 ms)
INFO:root:[24,     0] grad_stats: [3.22e-04 4.74e-05] (4.33e-06, 4.99e-04)
INFO:root:[24,   116] loss: 2.285803e-03 masks: 23.2 17.0 [wd: 4.09e-02] [lr: 6.70e-04] [mem: 5.66e+03] (174.3 ms)
INFO:root:[24,   116] grad_stats: [3.07e-04 5.06e-05] (4.67e-06, 3.83e-04)
INFO:root:[24,   232] loss: 2.268402e-03 masks: 22.5 17.2 [wd: 4.09e-02] [lr: 6.80e-04] [mem: 5.66e+03] (173.0 ms)
INFO:root:[24,   232] grad_stats: [3.63e-04 4.15e-05] (4.58e-06, 4.25e-04)
INFO:root:avg. loss 2.26840230e-03
INFO:root:time taken for epoch 0:00:54.069389
INFO:root:Epoch 25
INFO:root:[25,     0] loss: 2.184738e-03 masks: 26.0 16.0 [wd: 4.09e-02] [lr: 6.80e-04] [mem: 5.66e+03] (180.3 ms)
INFO:root:[25,     0] grad_stats: [4.21e-04 7.16e-05] (6.07e-06, 5.90e-04)
INFO:root:[25,   116] loss: 2.176956e-03 masks: 22.1 17.3 [wd: 4.09e-02] [lr: 6.90e-04] [mem: 5.66e+03] (171.7 ms)
INFO:root:[25,   116] grad_stats: [2.13e-04 3.54e-05] (3.50e-06, 3.16e-04)
INFO:root:[25,   232] loss: 2.158615e-03 masks: 21.6 17.5 [wd: 4.10e-02] [lr: 7.00e-04] [mem: 5.66e+03] (171.2 ms)
INFO:root:[25,   232] grad_stats: [3.23e-04 5.14e-05] (5.55e-06, 5.52e-04)
INFO:root:avg. loss 2.15861480e-03
INFO:root:time taken for epoch 0:00:54.833315
INFO:root:Epoch 26
INFO:root:[26,     0] loss: 2.233891e-03 masks: 21.0 16.0 [wd: 4.10e-02] [lr: 7.00e-04] [mem: 5.66e+03] (166.3 ms)
INFO:root:[26,     0] grad_stats: [3.33e-04 2.74e-05] (3.76e-06, 5.74e-04)
INFO:root:[26,   116] loss: 2.141179e-03 masks: 21.7 17.4 [wd: 4.10e-02] [lr: 7.10e-04] [mem: 5.66e+03] (170.7 ms)
INFO:root:[26,   116] grad_stats: [2.90e-04 3.17e-05] (4.14e-06, 3.33e-04)
INFO:root:[26,   232] loss: 2.139021e-03 masks: 21.3 17.5 [wd: 4.11e-02] [lr: 7.20e-04] [mem: 5.66e+03] (170.4 ms)
INFO:root:[26,   232] grad_stats: [3.47e-04 4.08e-05] (3.61e-06, 6.57e-04)
INFO:root:avg. loss 2.13902128e-03
INFO:root:time taken for epoch 0:00:53.395363
INFO:root:Epoch 27
INFO:root:[27,     0] loss: 1.971259e-03 masks: 17.0 20.0 [wd: 4.11e-02] [lr: 7.20e-04] [mem: 5.66e+03] (160.7 ms)
INFO:root:[27,     0] grad_stats: [2.54e-04 6.38e-05] (3.67e-06, 2.94e-04)
INFO:root:[27,   116] loss: 2.090283e-03 masks: 21.6 17.6 [wd: 4.11e-02] [lr: 7.30e-04] [mem: 5.66e+03] (170.8 ms)
INFO:root:[27,   116] grad_stats: [2.22e-04 3.54e-05] (3.59e-06, 4.50e-04)
INFO:root:[27,   232] loss: 2.120657e-03 masks: 21.9 17.3 [wd: 4.11e-02] [lr: 7.40e-04] [mem: 5.66e+03] (171.8 ms)
INFO:root:[27,   232] grad_stats: [3.06e-04 5.35e-05] (4.42e-06, 4.16e-04)
INFO:root:avg. loss 2.12065659e-03
INFO:root:time taken for epoch 0:00:53.745715
INFO:root:Epoch 28
INFO:root:[28,     0] loss: 2.145376e-03 masks: 25.0 16.0 [wd: 4.12e-02] [lr: 7.40e-04] [mem: 5.66e+03] (176.1 ms)
INFO:root:[28,     0] grad_stats: [2.57e-04 2.86e-05] (3.98e-06, 3.04e-04)
INFO:root:[28,   116] loss: 2.128083e-03 masks: 22.0 17.3 [wd: 4.12e-02] [lr: 7.50e-04] [mem: 5.66e+03] (171.3 ms)
INFO:root:[28,   116] grad_stats: [4.61e-04 7.25e-05] (4.38e-06, 5.75e-04)
INFO:root:[28,   232] loss: 2.127692e-03 masks: 21.5 17.5 [wd: 4.12e-02] [lr: 7.60e-04] [mem: 5.66e+03] (170.9 ms)
INFO:root:[28,   232] grad_stats: [3.07e-04 4.27e-05] (3.89e-06, 5.45e-04)
INFO:root:avg. loss 2.12769195e-03
INFO:root:time taken for epoch 0:00:53.502632
INFO:root:Epoch 29
INFO:root:[29,     0] loss: 1.808489e-03 masks: 26.0 16.0 [wd: 4.12e-02] [lr: 7.60e-04] [mem: 5.66e+03] (180.4 ms)
INFO:root:[29,     0] grad_stats: [3.29e-04 5.17e-05] (3.75e-06, 6.24e-04)
INFO:root:[29,   116] loss: 2.131912e-03 masks: 22.4 17.0 [wd: 4.13e-02] [lr: 7.70e-04] [mem: 5.66e+03] (172.2 ms)
INFO:root:[29,   116] grad_stats: [3.55e-04 3.39e-05] (3.60e-06, 4.08e-04)
INFO:root:[29,   232] loss: 2.131504e-03 masks: 22.6 16.9 [wd: 4.13e-02] [lr: 7.80e-04] [mem: 5.66e+03] (173.3 ms)
INFO:root:[29,   232] grad_stats: [3.08e-04 3.84e-05] (3.65e-06, 3.56e-04)
INFO:root:avg. loss 2.13150399e-03
INFO:root:time taken for epoch 0:00:54.069797
INFO:root:Epoch 30
INFO:root:[30,     0] loss: 1.869878e-03 masks: 26.0 16.0 [wd: 4.13e-02] [lr: 7.80e-04] [mem: 5.66e+03] (179.4 ms)
INFO:root:[30,     0] grad_stats: [2.66e-04 3.58e-05] (2.93e-06, 3.76e-04)
INFO:root:[30,   116] loss: 1.974502e-03 masks: 22.3 17.2 [wd: 4.14e-02] [lr: 7.90e-04] [mem: 5.66e+03] (172.2 ms)
INFO:root:[30,   116] grad_stats: [2.53e-04 2.55e-05] (2.90e-06, 2.53e-04)
INFO:root:[30,   232] loss: 1.950331e-03 masks: 21.8 17.2 [wd: 4.14e-02] [lr: 8.00e-04] [mem: 5.66e+03] (171.6 ms)
INFO:root:[30,   232] grad_stats: [1.98e-04 2.53e-05] (2.85e-06, 4.53e-04)
INFO:root:avg. loss 1.95033149e-03
INFO:root:time taken for epoch 0:00:53.693422
INFO:root:Epoch 31
INFO:root:[31,     0] loss: 1.719029e-03 masks: 20.0 20.0 [wd: 4.14e-02] [lr: 8.00e-04] [mem: 5.66e+03] (166.3 ms)
INFO:root:[31,     0] grad_stats: [1.92e-04 3.03e-05] (2.59e-06, 5.72e-04)
INFO:root:[31,   116] loss: 1.840309e-03 masks: 22.0 17.4 [wd: 4.15e-02] [lr: 8.10e-04] [mem: 5.74e+03] (171.7 ms)
INFO:root:[31,   116] grad_stats: [2.80e-04 3.67e-05] (3.80e-06, 8.01e-04)
INFO:root:[31,   232] loss: 1.868470e-03 masks: 22.4 17.1 [wd: 4.15e-02] [lr: 8.20e-04] [mem: 5.74e+03] (172.9 ms)
INFO:root:[31,   232] grad_stats: [1.87e-04 3.44e-05] (4.28e-06, 3.41e-04)
INFO:root:avg. loss 1.86846954e-03
INFO:root:time taken for epoch 0:00:54.002405
INFO:root:Epoch 32
INFO:root:[32,     0] loss: 1.992298e-03 masks: 20.0 16.0 [wd: 4.15e-02] [lr: 8.20e-04] [mem: 5.74e+03] (163.1 ms)
INFO:root:[32,     0] grad_stats: [2.59e-04 4.63e-05] (4.77e-06, 5.72e-04)
INFO:root:[32,   116] loss: 1.848292e-03 masks: 21.6 17.3 [wd: 4.16e-02] [lr: 8.30e-04] [mem: 5.74e+03] (170.3 ms)
INFO:root:[32,   116] grad_stats: [3.19e-04 5.29e-05] (4.96e-06, 3.23e-04)
INFO:root:[32,   232] loss: 1.836771e-03 masks: 22.2 17.1 [wd: 4.16e-02] [lr: 8.40e-04] [mem: 5.74e+03] (172.5 ms)
INFO:root:[32,   232] grad_stats: [2.56e-04 4.88e-05] (3.58e-06, 2.78e-04)
INFO:root:avg. loss 1.83677105e-03
INFO:root:time taken for epoch 0:00:53.854460
INFO:root:Epoch 33
INFO:root:[33,     0] loss: 1.525917e-03 masks: 20.0 20.0 [wd: 4.16e-02] [lr: 8.40e-04] [mem: 5.74e+03] (166.9 ms)
INFO:root:[33,     0] grad_stats: [1.64e-04 2.59e-05] (2.62e-06, 3.72e-04)
INFO:root:[33,   116] loss: 1.885207e-03 masks: 21.6 17.2 [wd: 4.17e-02] [lr: 8.50e-04] [mem: 5.74e+03] (170.1 ms)
INFO:root:[33,   116] grad_stats: [3.82e-04 4.83e-05] (4.08e-06, 4.40e-04)
INFO:root:[33,   232] loss: 1.847002e-03 masks: 21.9 17.3 [wd: 4.17e-02] [lr: 8.60e-04] [mem: 5.74e+03] (171.6 ms)
INFO:root:[33,   232] grad_stats: [1.65e-04 2.83e-05] (2.73e-06, 1.77e-04)
INFO:root:avg. loss 1.84700180e-03
INFO:root:time taken for epoch 0:00:53.642491
INFO:root:Epoch 34
INFO:root:[34,     0] loss: 1.963693e-03 masks: 13.0 20.0 [wd: 4.17e-02] [lr: 8.60e-04] [mem: 5.74e+03] (149.3 ms)
INFO:root:[34,     0] grad_stats: [2.46e-04 3.29e-05] (3.31e-06, 3.39e-04)
INFO:root:[34,   116] loss: 1.833861e-03 masks: 21.5 17.4 [wd: 4.18e-02] [lr: 8.70e-04] [mem: 5.74e+03] (170.4 ms)
INFO:root:[34,   116] grad_stats: [2.31e-04 3.62e-05] (2.49e-06, 5.19e-04)
INFO:root:[34,   232] loss: 1.809641e-03 masks: 21.7 17.4 [wd: 4.18e-02] [lr: 8.80e-04] [mem: 5.74e+03] (171.2 ms)
INFO:root:[34,   232] grad_stats: [2.37e-04 3.45e-05] (4.03e-06, 4.64e-04)
INFO:root:avg. loss 1.80964143e-03
INFO:root:time taken for epoch 0:00:53.548996
INFO:root:Epoch 35
INFO:root:[35,     0] loss: 1.487156e-03 masks: 24.0 16.0 [wd: 4.18e-02] [lr: 8.80e-04] [mem: 5.74e+03] (175.5 ms)
INFO:root:[35,     0] grad_stats: [2.14e-04 2.17e-05] (2.19e-06, 2.27e-04)
INFO:root:[35,   116] loss: 1.782971e-03 masks: 21.8 17.3 [wd: 4.19e-02] [lr: 8.90e-04] [mem: 5.74e+03] (170.9 ms)
INFO:root:[35,   116] grad_stats: [3.16e-04 3.67e-05] (5.01e-06, 3.41e-04)
INFO:root:[35,   232] loss: 1.786926e-03 masks: 21.7 17.3 [wd: 4.19e-02] [lr: 9.00e-04] [mem: 5.74e+03] (171.1 ms)
INFO:root:[35,   232] grad_stats: [2.55e-04 4.44e-05] (5.19e-06, 4.38e-04)
INFO:root:avg. loss 1.78692570e-03
INFO:root:time taken for epoch 0:00:53.583203
INFO:root:Epoch 36
INFO:root:[36,     0] loss: 1.573976e-03 masks: 20.0 20.0 [wd: 4.19e-02] [lr: 9.00e-04] [mem: 5.74e+03] (166.3 ms)
INFO:root:[36,     0] grad_stats: [1.67e-04 3.03e-05] (2.82e-06, 2.68e-04)
INFO:root:[36,   116] loss: 1.790814e-03 masks: 22.8 17.0 [wd: 4.20e-02] [lr: 9.10e-04] [mem: 5.74e+03] (173.4 ms)
INFO:root:[36,   116] grad_stats: [1.59e-04 1.79e-05] (2.28e-06, 3.10e-04)
INFO:root:[36,   232] loss: 1.803865e-03 masks: 22.3 17.1 [wd: 4.20e-02] [lr: 9.20e-04] [mem: 5.74e+03] (172.6 ms)
INFO:root:[36,   232] grad_stats: [1.42e-04 3.05e-05] (3.55e-06, 2.58e-04)
INFO:root:avg. loss 1.80386470e-03
INFO:root:time taken for epoch 0:00:53.924703
INFO:root:Epoch 37
INFO:root:[37,     0] loss: 1.761774e-03 masks: 17.0 20.0 [wd: 4.20e-02] [lr: 9.20e-04] [mem: 5.74e+03] (160.3 ms)
INFO:root:[37,     0] grad_stats: [1.36e-04 2.67e-05] (2.94e-06, 2.69e-04)
INFO:root:[37,   116] loss: 1.740900e-03 masks: 22.4 17.3 [wd: 4.21e-02] [lr: 9.30e-04] [mem: 5.74e+03] (172.6 ms)
INFO:root:[37,   116] grad_stats: [1.25e-04 1.73e-05] (2.36e-06, 1.96e-04)
INFO:root:[37,   232] loss: 1.745485e-03 masks: 22.3 17.2 [wd: 4.22e-02] [lr: 9.40e-04] [mem: 5.74e+03] (172.8 ms)
INFO:root:[37,   232] grad_stats: [1.63e-04 3.14e-05] (2.52e-06, 2.40e-04)
INFO:root:avg. loss 1.74548463e-03
INFO:root:time taken for epoch 0:00:53.903120
INFO:root:Epoch 38
INFO:root:[38,     0] loss: 2.013354e-03 masks: 14.0 20.0 [wd: 4.22e-02] [lr: 9.40e-04] [mem: 5.74e+03] (153.1 ms)
INFO:root:[38,     0] grad_stats: [2.54e-04 5.45e-05] (4.22e-06, 2.69e-04)
INFO:root:[38,   116] loss: 1.710718e-03 masks: 21.6 17.5 [wd: 4.22e-02] [lr: 9.50e-04] [mem: 5.74e+03] (171.0 ms)
INFO:root:[38,   116] grad_stats: [1.73e-04 4.19e-05] (4.28e-06, 3.16e-04)
INFO:root:[38,   232] loss: 1.701889e-03 masks: 21.5 17.6 [wd: 4.23e-02] [lr: 9.60e-04] [mem: 5.74e+03] (171.1 ms)
INFO:root:[38,   232] grad_stats: [1.42e-04 1.85e-05] (2.02e-06, 2.14e-04)
INFO:root:avg. loss 1.70188888e-03
INFO:root:time taken for epoch 0:00:53.524917
INFO:root:Epoch 39
INFO:root:[39,     0] loss: 1.674663e-03 masks: 16.0 20.0 [wd: 4.23e-02] [lr: 9.60e-04] [mem: 5.74e+03] (157.4 ms)
INFO:root:[39,     0] grad_stats: [2.03e-04 1.68e-05] (2.60e-06, 3.02e-04)
INFO:root:[39,   116] loss: 1.694608e-03 masks: 21.9 17.6 [wd: 4.23e-02] [lr: 9.70e-04] [mem: 5.74e+03] (171.7 ms)
INFO:root:[39,   116] grad_stats: [1.84e-04 1.86e-05] (3.20e-06, 4.19e-04)
INFO:root:[39,   232] loss: 1.708555e-03 masks: 22.0 17.5 [wd: 4.24e-02] [lr: 9.80e-04] [mem: 5.74e+03] (172.2 ms)
INFO:root:[39,   232] grad_stats: [1.57e-04 3.04e-05] (3.13e-06, 3.22e-04)
INFO:root:avg. loss 1.70855533e-03
INFO:root:time taken for epoch 0:00:53.608556
INFO:root:Epoch 40
INFO:root:[40,     0] loss: 1.975158e-03 masks: 21.0 16.0 [wd: 4.24e-02] [lr: 9.80e-04] [mem: 5.74e+03] (166.4 ms)
INFO:root:[40,     0] grad_stats: [1.69e-04 2.70e-05] (2.81e-06, 2.40e-04)
INFO:root:[40,   116] loss: 1.754326e-03 masks: 22.2 16.9 [wd: 4.25e-02] [lr: 9.90e-04] [mem: 5.74e+03] (171.5 ms)
INFO:root:[40,   116] grad_stats: [1.78e-04 2.30e-05] (3.07e-06, 2.87e-04)
INFO:root:[40,   232] loss: 1.750889e-03 masks: 21.5 17.3 [wd: 4.25e-02] [lr: 1.00e-03] [mem: 5.74e+03] (170.6 ms)
INFO:root:[40,   232] grad_stats: [2.30e-04 2.59e-05] (3.28e-06, 3.43e-04)
INFO:root:avg. loss 1.75088876e-03
INFO:root:	Epoch 40, KNN accuracy train: 7.13877e-01, KNN accuracy train: 5.82000e-01
INFO:root:time taken for epoch 0:01:35.746566
INFO:root:Epoch 41
INFO:root:[41,     0] loss: 1.726598e-03 masks: 21.0 16.0 [wd: 4.25e-02] [lr: 1.00e-03] [mem: 5.74e+03] (165.5 ms)
INFO:root:[41,     0] grad_stats: [2.13e-04 2.24e-05] (2.41e-06, 2.83e-04)
INFO:root:[41,   116] loss: 1.792693e-03 masks: 22.3 17.0 [wd: 4.26e-02] [lr: 1.00e-03] [mem: 5.74e+03] (171.2 ms)
INFO:root:[41,   116] grad_stats: [1.23e-04 1.74e-05] (1.88e-06, 1.66e-04)
INFO:root:[41,   232] loss: 1.773063e-03 masks: 22.1 17.1 [wd: 4.26e-02] [lr: 1.00e-03] [mem: 5.74e+03] (171.6 ms)
INFO:root:[41,   232] grad_stats: [2.85e-04 4.90e-05] (5.64e-06, 4.41e-04)
INFO:root:avg. loss 1.77306345e-03
INFO:root:time taken for epoch 0:00:53.609849
INFO:root:Epoch 42
INFO:root:[42,     0] loss: 1.873022e-03 masks: 21.0 16.0 [wd: 4.26e-02] [lr: 1.00e-03] [mem: 5.74e+03] (167.2 ms)
INFO:root:[42,     0] grad_stats: [1.95e-04 2.23e-05] (3.11e-06, 2.87e-04)
INFO:root:[42,   116] loss: 1.753733e-03 masks: 22.3 17.2 [wd: 4.27e-02] [lr: 1.00e-03] [mem: 5.74e+03] (172.1 ms)
INFO:root:[42,   116] grad_stats: [9.39e-05 1.48e-05] (2.05e-06, 1.36e-04)
INFO:root:[42,   232] loss: 1.751424e-03 masks: 21.8 17.4 [wd: 4.28e-02] [lr: 1.00e-03] [mem: 5.74e+03] (171.6 ms)
INFO:root:[42,   232] grad_stats: [1.73e-04 3.63e-05] (3.21e-06, 2.14e-04)
INFO:root:avg. loss 1.75142373e-03
INFO:root:time taken for epoch 0:00:53.624859
INFO:root:Epoch 43
INFO:root:[43,     0] loss: 2.046946e-03 masks: 36.0 12.0 [wd: 4.28e-02] [lr: 1.00e-03] [mem: 5.74e+03] (200.9 ms)
INFO:root:[43,     0] grad_stats: [1.79e-04 1.75e-05] (2.87e-06, 2.21e-04)
INFO:root:[43,   116] loss: 1.733098e-03 masks: 22.0 17.2 [wd: 4.28e-02] [lr: 1.00e-03] [mem: 5.74e+03] (171.3 ms)
INFO:root:[43,   116] grad_stats: [1.32e-04 1.88e-05] (2.67e-06, 2.66e-04)
INFO:root:[43,   232] loss: 1.745387e-03 masks: 21.8 17.3 [wd: 4.29e-02] [lr: 1.00e-03] [mem: 5.74e+03] (171.4 ms)
INFO:root:[43,   232] grad_stats: [2.12e-04 3.09e-05] (3.35e-06, 4.09e-04)
INFO:root:avg. loss 1.74538660e-03
INFO:root:time taken for epoch 0:00:53.598258
INFO:root:Epoch 44
INFO:root:[44,     0] loss: 1.708877e-03 masks: 19.0 20.0 [wd: 4.29e-02] [lr: 1.00e-03] [mem: 5.74e+03] (167.3 ms)
INFO:root:[44,     0] grad_stats: [1.69e-04 2.23e-05] (3.36e-06, 3.27e-04)
INFO:root:[44,   116] loss: 1.758079e-03 masks: 21.4 17.5 [wd: 4.30e-02] [lr: 1.00e-03] [mem: 5.74e+03] (170.2 ms)
INFO:root:[44,   116] grad_stats: [9.82e-05 1.64e-05] (2.47e-06, 1.88e-04)
INFO:root:[44,   232] loss: 1.756336e-03 masks: 22.0 17.3 [wd: 4.30e-02] [lr: 1.00e-03] [mem: 5.74e+03] (172.0 ms)
INFO:root:[44,   232] grad_stats: [2.74e-04 3.22e-05] (3.33e-06, 2.74e-04)
INFO:root:avg. loss 1.75633596e-03
INFO:root:time taken for epoch 0:00:53.708967
INFO:root:Epoch 45
INFO:root:[45,     0] loss: 1.543653e-03 masks: 22.0 20.0 [wd: 4.30e-02] [lr: 1.00e-03] [mem: 5.74e+03] (175.7 ms)
INFO:root:[45,     0] grad_stats: [8.67e-05 1.57e-05] (1.81e-06, 1.43e-04)
INFO:root:[45,   116] loss: 1.727186e-03 masks: 21.7 17.4 [wd: 4.31e-02] [lr: 1.00e-03] [mem: 5.74e+03] (170.8 ms)
INFO:root:[45,   116] grad_stats: [1.30e-04 2.54e-05] (3.80e-06, 2.67e-04)
INFO:root:[45,   232] loss: 1.738888e-03 masks: 22.2 17.2 [wd: 4.32e-02] [lr: 1.00e-03] [mem: 5.74e+03] (172.4 ms)
INFO:root:[45,   232] grad_stats: [8.36e-05 2.08e-05] (1.91e-06, 1.04e-04)
INFO:root:avg. loss 1.73888765e-03
INFO:root:time taken for epoch 0:00:53.754329
INFO:root:Epoch 46
INFO:root:[46,     0] loss: 1.908757e-03 masks: 35.0 12.0 [wd: 4.32e-02] [lr: 1.00e-03] [mem: 5.74e+03] (198.2 ms)
INFO:root:[46,     0] grad_stats: [1.14e-04 2.93e-05] (3.89e-06, 2.69e-04)
INFO:root:[46,   116] loss: 1.760264e-03 masks: 23.5 16.7 [wd: 4.33e-02] [lr: 1.00e-03] [mem: 5.74e+03] (175.1 ms)
INFO:root:[46,   116] grad_stats: [2.42e-04 2.90e-05] (3.62e-06, 3.07e-04)
INFO:root:[46,   232] loss: 1.755120e-03 masks: 22.5 17.2 [wd: 4.33e-02] [lr: 1.00e-03] [mem: 5.74e+03] (173.2 ms)
INFO:root:[46,   232] grad_stats: [1.15e-04 1.73e-05] (2.26e-06, 2.56e-04)
INFO:root:avg. loss 1.75512018e-03
INFO:root:time taken for epoch 0:00:54.003392
INFO:root:Epoch 47
INFO:root:[47,     0] loss: 1.927606e-03 masks: 23.0 16.0 [wd: 4.33e-02] [lr: 1.00e-03] [mem: 5.74e+03] (169.8 ms)
INFO:root:[47,     0] grad_stats: [1.17e-04 1.83e-05] (2.08e-06, 1.83e-04)
INFO:root:[47,   116] loss: 1.805912e-03 masks: 21.8 17.2 [wd: 4.34e-02] [lr: 1.00e-03] [mem: 5.74e+03] (170.8 ms)
INFO:root:[47,   116] grad_stats: [1.40e-04 3.55e-05] (4.06e-06, 3.37e-04)
INFO:root:[47,   232] loss: 1.802337e-03 masks: 21.8 17.3 [wd: 4.35e-02] [lr: 1.00e-03] [mem: 5.74e+03] (171.6 ms)
INFO:root:[47,   232] grad_stats: [1.07e-04 1.21e-05] (1.97e-06, 1.39e-04)
INFO:root:avg. loss 1.80233715e-03
INFO:root:time taken for epoch 0:00:53.640771
INFO:root:Epoch 48
INFO:root:[48,     0] loss: 1.880973e-03 masks: 12.0 20.0 [wd: 4.35e-02] [lr: 1.00e-03] [mem: 5.74e+03] (146.6 ms)
INFO:root:[48,     0] grad_stats: [8.97e-05 1.53e-05] (2.95e-06, 2.54e-04)
INFO:root:[48,   116] loss: 1.795511e-03 masks: 21.2 17.6 [wd: 4.36e-02] [lr: 1.00e-03] [mem: 5.74e+03] (169.8 ms)
INFO:root:[48,   116] grad_stats: [1.09e-04 1.58e-05] (3.12e-06, 3.27e-04)
INFO:root:[48,   232] loss: 1.817133e-03 masks: 21.7 17.5 [wd: 4.36e-02] [lr: 1.00e-03] [mem: 5.74e+03] (171.4 ms)
INFO:root:[48,   232] grad_stats: [1.42e-04 2.92e-05] (3.98e-06, 2.64e-04)
INFO:root:avg. loss 1.81713309e-03
INFO:root:time taken for epoch 0:00:53.630849
INFO:root:Epoch 49
INFO:root:[49,     0] loss: 1.842323e-03 masks: 25.0 16.0 [wd: 4.36e-02] [lr: 1.00e-03] [mem: 5.74e+03] (177.1 ms)
INFO:root:[49,     0] grad_stats: [1.00e-04 1.73e-05] (3.14e-06, 1.43e-04)
INFO:root:[49,   116] loss: 1.854460e-03 masks: 22.3 17.3 [wd: 4.37e-02] [lr: 1.00e-03] [mem: 5.74e+03] (172.7 ms)
INFO:root:[49,   116] grad_stats: [1.58e-04 2.36e-05] (3.37e-06, 3.23e-04)
INFO:root:[49,   232] loss: 1.889470e-03 masks: 22.0 17.3 [wd: 4.38e-02] [lr: 1.00e-03] [mem: 5.74e+03] (172.3 ms)
INFO:root:[49,   232] grad_stats: [1.85e-04 3.54e-05] (3.65e-06, 2.60e-04)
INFO:root:avg. loss 1.88946986e-03
INFO:root:time taken for epoch 0:00:53.814901
INFO:root:Epoch 50
INFO:root:[50,     0] loss: 1.834161e-03 masks: 19.0 20.0 [wd: 4.38e-02] [lr: 1.00e-03] [mem: 5.74e+03] (166.7 ms)
INFO:root:[50,     0] grad_stats: [7.45e-05 1.41e-05] (2.14e-06, 1.74e-04)
INFO:root:[50,   116] loss: 1.986763e-03 masks: 22.4 16.9 [wd: 4.39e-02] [lr: 1.00e-03] [mem: 5.74e+03] (172.0 ms)
INFO:root:[50,   116] grad_stats: [1.22e-04 1.70e-05] (2.48e-06, 2.09e-04)
INFO:root:[50,   232] loss: 1.972041e-03 masks: 22.3 17.2 [wd: 4.39e-02] [lr: 1.00e-03] [mem: 5.74e+03] (172.7 ms)
INFO:root:[50,   232] grad_stats: [1.50e-04 1.70e-05] (2.51e-06, 2.51e-04)
INFO:root:avg. loss 1.97204060e-03
INFO:root:time taken for epoch 0:00:53.873192
INFO:root:Epoch 51
INFO:root:[51,     0] loss: 2.410995e-03 masks: 20.0 16.0 [wd: 4.39e-02] [lr: 1.00e-03] [mem: 5.74e+03] (163.9 ms)
INFO:root:[51,     0] grad_stats: [2.14e-04 2.19e-05] (3.26e-06, 2.27e-04)
INFO:root:[51,   116] loss: 1.980619e-03 masks: 21.9 17.2 [wd: 4.40e-02] [lr: 9.99e-04] [mem: 5.74e+03] (171.5 ms)
INFO:root:[51,   116] grad_stats: [7.37e-05 1.45e-05] (1.83e-06, 1.47e-04)
INFO:root:[51,   232] loss: 1.992717e-03 masks: 21.8 17.3 [wd: 4.41e-02] [lr: 9.99e-04] [mem: 5.74e+03] (171.5 ms)
INFO:root:[51,   232] grad_stats: [1.48e-04 2.65e-05] (3.17e-06, 3.56e-04)
INFO:root:avg. loss 1.99271711e-03
INFO:root:time taken for epoch 0:00:53.719567
INFO:root:Epoch 52
INFO:root:[52,     0] loss: 1.822027e-03 masks: 27.0 16.0 [wd: 4.41e-02] [lr: 9.99e-04] [mem: 5.74e+03] (183.2 ms)
INFO:root:[52,     0] grad_stats: [9.22e-05 1.64e-05] (1.70e-06, 1.36e-04)
INFO:root:[52,   116] loss: 2.041997e-03 masks: 22.4 17.1 [wd: 4.42e-02] [lr: 9.99e-04] [mem: 5.74e+03] (172.5 ms)
INFO:root:[52,   116] grad_stats: [2.67e-04 2.29e-05] (4.18e-06, 2.97e-04)
INFO:root:[52,   232] loss: 2.039597e-03 masks: 22.0 17.3 [wd: 4.43e-02] [lr: 9.99e-04] [mem: 5.74e+03] (172.3 ms)
INFO:root:[52,   232] grad_stats: [1.19e-04 1.69e-05] (3.11e-06, 1.86e-04)
INFO:root:avg. loss 2.03959677e-03
INFO:root:time taken for epoch 0:00:53.810921
INFO:root:Epoch 53
INFO:root:[53,     0] loss: 2.008613e-03 masks: 12.0 20.0 [wd: 4.43e-02] [lr: 9.99e-04] [mem: 5.74e+03] (143.8 ms)
INFO:root:[53,     0] grad_stats: [8.56e-05 1.62e-05] (2.14e-06, 1.69e-04)
INFO:root:[53,   116] loss: 2.090928e-03 masks: 21.8 17.5 [wd: 4.43e-02] [lr: 9.99e-04] [mem: 5.74e+03] (171.3 ms)
INFO:root:[53,   116] grad_stats: [1.18e-04 2.18e-05] (2.16e-06, 2.09e-04)
INFO:root:[53,   232] loss: 2.084849e-03 masks: 21.7 17.5 [wd: 4.44e-02] [lr: 9.99e-04] [mem: 5.74e+03] (171.4 ms)
INFO:root:[53,   232] grad_stats: [8.33e-05 1.41e-05] (2.19e-06, 1.25e-04)
INFO:root:avg. loss 2.08484853e-03
INFO:root:time taken for epoch 0:00:53.426586
INFO:root:Epoch 54
INFO:root:[54,     0] loss: 1.829218e-03 masks: 16.0 20.0 [wd: 4.44e-02] [lr: 9.99e-04] [mem: 5.74e+03] (158.2 ms)
INFO:root:[54,     0] grad_stats: [1.23e-04 2.16e-05] (3.61e-06, 3.75e-04)
INFO:root:[54,   116] loss: 2.104439e-03 masks: 22.5 17.1 [wd: 4.45e-02] [lr: 9.99e-04] [mem: 5.74e+03] (172.9 ms)
INFO:root:[54,   116] grad_stats: [1.14e-04 1.54e-05] (2.50e-06, 2.59e-04)
INFO:root:[54,   232] loss: 2.122713e-03 masks: 22.7 17.0 [wd: 4.46e-02] [lr: 9.99e-04] [mem: 5.74e+03] (173.8 ms)
INFO:root:[54,   232] grad_stats: [1.98e-04 1.84e-05] (2.72e-06, 4.00e-04)
INFO:root:avg. loss 2.12271314e-03
INFO:root:time taken for epoch 0:00:54.127135
INFO:root:Epoch 55
INFO:root:[55,     0] loss: 2.080163e-03 masks: 17.0 20.0 [wd: 4.46e-02] [lr: 9.99e-04] [mem: 5.74e+03] (161.2 ms)
INFO:root:[55,     0] grad_stats: [1.22e-04 1.88e-05] (1.81e-06, 1.74e-04)
INFO:root:[55,   116] loss: 2.096758e-03 masks: 21.6 17.6 [wd: 4.47e-02] [lr: 9.99e-04] [mem: 5.74e+03] (170.8 ms)
INFO:root:[55,   116] grad_stats: [8.88e-05 1.68e-05] (2.11e-06, 1.15e-04)
INFO:root:[55,   232] loss: 2.089805e-03 masks: 21.3 17.7 [wd: 4.48e-02] [lr: 9.99e-04] [mem: 5.74e+03] (170.6 ms)
INFO:root:[55,   232] grad_stats: [1.04e-04 1.72e-05] (2.42e-06, 2.54e-04)
INFO:root:avg. loss 2.08980471e-03
INFO:root:time taken for epoch 0:00:53.386071
INFO:root:Epoch 56
INFO:root:[56,     0] loss: 1.814957e-03 masks: 19.0 20.0 [wd: 4.48e-02] [lr: 9.99e-04] [mem: 5.74e+03] (166.8 ms)
INFO:root:[56,     0] grad_stats: [9.60e-05 1.31e-05] (2.01e-06, 1.95e-04)
INFO:root:[56,   116] loss: 2.171806e-03 masks: 21.2 17.4 [wd: 4.48e-02] [lr: 9.99e-04] [mem: 5.74e+03] (169.4 ms)
INFO:root:[56,   116] grad_stats: [1.15e-04 1.40e-05] (2.50e-06, 1.42e-04)
INFO:root:[56,   232] loss: 2.167025e-03 masks: 21.0 17.6 [wd: 4.49e-02] [lr: 9.99e-04] [mem: 5.74e+03] (169.5 ms)
INFO:root:[56,   232] grad_stats: [1.20e-04 1.46e-05] (2.10e-06, 1.43e-04)
INFO:root:avg. loss 2.16702506e-03
INFO:root:time taken for epoch 0:00:53.211997
INFO:root:Epoch 57
INFO:root:[57,     0] loss: 2.146086e-03 masks: 25.0 16.0 [wd: 4.49e-02] [lr: 9.99e-04] [mem: 5.74e+03] (174.9 ms)
INFO:root:[57,     0] grad_stats: [1.44e-04 1.81e-05] (3.73e-06, 3.52e-04)
INFO:root:[57,   116] loss: 2.174231e-03 masks: 22.1 17.4 [wd: 4.50e-02] [lr: 9.99e-04] [mem: 5.74e+03] (171.9 ms)
INFO:root:[57,   116] grad_stats: [8.95e-05 1.60e-05] (2.08e-06, 1.37e-04)
INFO:root:[57,   232] loss: 2.197408e-03 masks: 22.3 17.2 [wd: 4.51e-02] [lr: 9.99e-04] [mem: 5.74e+03] (172.7 ms)
INFO:root:[57,   232] grad_stats: [8.01e-05 2.05e-05] (2.83e-06, 1.19e-04)
INFO:root:avg. loss 2.19740846e-03
INFO:root:time taken for epoch 0:00:53.842074
INFO:root:Epoch 58
INFO:root:[58,     0] loss: 2.156179e-03 masks: 17.0 20.0 [wd: 4.51e-02] [lr: 9.99e-04] [mem: 5.74e+03] (160.8 ms)
INFO:root:[58,     0] grad_stats: [8.68e-05 1.25e-05] (1.95e-06, 1.57e-04)
INFO:root:[58,   116] loss: 2.182658e-03 masks: 22.1 17.5 [wd: 4.52e-02] [lr: 9.99e-04] [mem: 5.74e+03] (172.3 ms)
INFO:root:[58,   116] grad_stats: [9.07e-05 2.44e-05] (4.02e-06, 2.04e-04)
INFO:root:[58,   232] loss: 2.214128e-03 masks: 22.2 17.3 [wd: 4.53e-02] [lr: 9.98e-04] [mem: 5.74e+03] (172.6 ms)
INFO:root:[58,   232] grad_stats: [1.31e-04 3.57e-05] (4.51e-06, 4.36e-04)
INFO:root:avg. loss 2.21412791e-03
INFO:root:time taken for epoch 0:00:53.876504
INFO:root:Epoch 59
INFO:root:[59,     0] loss: 2.456615e-03 masks: 35.0 12.0 [wd: 4.53e-02] [lr: 9.98e-04] [mem: 5.74e+03] (197.2 ms)
INFO:root:[59,     0] grad_stats: [1.42e-04 2.17e-05] (3.86e-06, 3.19e-04)
INFO:root:[59,   116] loss: 2.304098e-03 masks: 22.7 16.9 [wd: 4.54e-02] [lr: 9.98e-04] [mem: 5.74e+03] (173.0 ms)
INFO:root:[59,   116] grad_stats: [1.95e-04 2.58e-05] (3.63e-06, 2.84e-04)
INFO:root:[59,   232] loss: 2.301660e-03 masks: 22.4 17.0 [wd: 4.55e-02] [lr: 9.98e-04] [mem: 5.74e+03] (172.8 ms)
INFO:root:[59,   232] grad_stats: [1.70e-04 1.62e-05] (2.71e-06, 1.70e-04)
INFO:root:avg. loss 2.30166032e-03
INFO:root:time taken for epoch 0:00:53.789583
INFO:root:Epoch 60
INFO:root:[60,     0] loss: 2.018083e-03 masks: 19.0 20.0 [wd: 4.55e-02] [lr: 9.98e-04] [mem: 5.74e+03] (166.7 ms)
INFO:root:[60,     0] grad_stats: [9.07e-05 1.50e-05] (2.89e-06, 1.80e-04)
INFO:root:[60,   116] loss: 2.302871e-03 masks: 21.8 17.5 [wd: 4.56e-02] [lr: 9.98e-04] [mem: 5.74e+03] (171.4 ms)
INFO:root:[60,   116] grad_stats: [8.05e-05 1.41e-05] (1.48e-06, 1.30e-04)
INFO:root:[60,   232] loss: 2.321474e-03 masks: 22.0 17.3 [wd: 4.57e-02] [lr: 9.98e-04] [mem: 5.74e+03] (172.1 ms)
INFO:root:[60,   232] grad_stats: [2.50e-04 2.50e-05] (3.49e-06, 2.56e-04)
INFO:root:avg. loss 2.32147400e-03
INFO:root:	Epoch 60, KNN accuracy train: 7.06867e-01, KNN accuracy train: 5.81000e-01
INFO:root:time taken for epoch 0:01:36.026978
INFO:root:Epoch 61
INFO:root:[61,     0] loss: 2.052864e-03 masks: 18.0 20.0 [wd: 4.57e-02] [lr: 9.98e-04] [mem: 5.74e+03] (163.5 ms)
INFO:root:[61,     0] grad_stats: [1.21e-04 1.31e-05] (2.47e-06, 1.82e-04)
INFO:root:[61,   116] loss: 2.363684e-03 masks: 21.4 17.4 [wd: 4.57e-02] [lr: 9.98e-04] [mem: 5.74e+03] (169.5 ms)
INFO:root:[61,   116] grad_stats: [1.27e-04 2.95e-05] (3.71e-06, 2.71e-04)
INFO:root:[61,   232] loss: 2.374337e-03 masks: 21.5 17.4 [wd: 4.58e-02] [lr: 9.98e-04] [mem: 5.74e+03] (170.3 ms)
INFO:root:[61,   232] grad_stats: [1.77e-04 2.32e-05] (3.01e-06, 2.53e-04)
INFO:root:avg. loss 2.37433719e-03
INFO:root:time taken for epoch 0:00:53.298226
INFO:root:Epoch 62
INFO:root:[62,     0] loss: 2.290952e-03 masks: 16.0 20.0 [wd: 4.58e-02] [lr: 9.98e-04] [mem: 5.74e+03] (155.0 ms)
INFO:root:[62,     0] grad_stats: [1.30e-04 1.98e-05] (2.53e-06, 2.09e-04)
INFO:root:[62,   116] loss: 2.380564e-03 masks: 21.9 17.5 [wd: 4.59e-02] [lr: 9.98e-04] [mem: 5.74e+03] (171.5 ms)
INFO:root:[62,   116] grad_stats: [1.18e-04 4.04e-05] (4.16e-06, 2.11e-04)
INFO:root:[62,   232] loss: 2.422474e-03 masks: 21.8 17.4 [wd: 4.60e-02] [lr: 9.98e-04] [mem: 5.74e+03] (171.5 ms)
INFO:root:[62,   232] grad_stats: [9.73e-05 1.10e-05] (2.04e-06, 2.29e-04)
INFO:root:avg. loss 2.42247403e-03
INFO:root:time taken for epoch 0:00:53.518926
INFO:root:Epoch 63
INFO:root:[63,     0] loss: 2.558052e-03 masks: 20.0 16.0 [wd: 4.60e-02] [lr: 9.98e-04] [mem: 5.74e+03] (164.1 ms)
INFO:root:[63,     0] grad_stats: [1.39e-04 1.80e-05] (3.25e-06, 3.07e-04)
INFO:root:[63,   116] loss: 2.488987e-03 masks: 21.7 17.3 [wd: 4.61e-02] [lr: 9.98e-04] [mem: 5.74e+03] (170.9 ms)
INFO:root:[63,   116] grad_stats: [9.25e-05 1.37e-05] (2.43e-06, 1.50e-04)
INFO:root:[63,   232] loss: 2.482279e-03 masks: 21.8 17.3 [wd: 4.62e-02] [lr: 9.97e-04] [mem: 5.74e+03] (171.5 ms)
INFO:root:[63,   232] grad_stats: [8.60e-05 1.56e-05] (2.24e-06, 1.20e-04)
INFO:root:avg. loss 2.48227850e-03
INFO:root:time taken for epoch 0:00:53.611724
INFO:root:Epoch 64
INFO:root:[64,     0] loss: 2.553008e-03 masks: 20.0 16.0 [wd: 4.62e-02] [lr: 9.97e-04] [mem: 5.74e+03] (164.1 ms)
INFO:root:[64,     0] grad_stats: [1.31e-04 1.39e-05] (2.11e-06, 1.82e-04)
INFO:root:[64,   116] loss: 2.514057e-03 masks: 22.4 17.2 [wd: 4.63e-02] [lr: 9.97e-04] [mem: 5.74e+03] (172.7 ms)
INFO:root:[64,   116] grad_stats: [7.74e-05 1.83e-05] (2.74e-06, 2.27e-04)
INFO:root:[64,   232] loss: 2.523927e-03 masks: 21.9 17.4 [wd: 4.64e-02] [lr: 9.97e-04] [mem: 5.74e+03] (172.1 ms)
INFO:root:[64,   232] grad_stats: [1.32e-04 1.86e-05] (4.12e-06, 3.32e-04)
INFO:root:avg. loss 2.52392744e-03
INFO:root:time taken for epoch 0:00:53.770429
INFO:root:Epoch 65
INFO:root:[65,     0] loss: 2.750729e-03 masks: 23.0 16.0 [wd: 4.64e-02] [lr: 9.97e-04] [mem: 5.74e+03] (169.6 ms)
INFO:root:[65,     0] grad_stats: [1.73e-04 2.27e-05] (3.13e-06, 2.15e-04)
INFO:root:[65,   116] loss: 2.599206e-03 masks: 22.0 17.3 [wd: 4.65e-02] [lr: 9.97e-04] [mem: 5.74e+03] (171.8 ms)
INFO:root:[65,   116] grad_stats: [1.38e-04 1.29e-05] (2.39e-06, 2.03e-04)
INFO:root:[65,   232] loss: 2.599227e-03 masks: 22.2 17.3 [wd: 4.66e-02] [lr: 9.97e-04] [mem: 5.74e+03] (172.8 ms)
INFO:root:[65,   232] grad_stats: [1.35e-04 1.75e-05] (2.04e-06, 1.56e-04)
INFO:root:avg. loss 2.59922689e-03
INFO:root:time taken for epoch 0:00:53.951016
INFO:root:Epoch 66
INFO:root:[66,     0] loss: 3.073697e-03 masks: 33.0 12.0 [wd: 4.66e-02] [lr: 9.97e-04] [mem: 5.74e+03] (192.6 ms)
INFO:root:[66,     0] grad_stats: [1.57e-04 1.68e-05] (3.06e-06, 2.70e-04)
INFO:root:[66,   116] loss: 2.598442e-03 masks: 23.3 16.9 [wd: 4.67e-02] [lr: 9.97e-04] [mem: 5.74e+03] (174.8 ms)
INFO:root:[66,   116] grad_stats: [2.55e-04 1.25e-05] (2.84e-06, 2.95e-04)
INFO:root:[66,   232] loss: 2.631422e-03 masks: 22.7 17.0 [wd: 4.68e-02] [lr: 9.97e-04] [mem: 5.74e+03] (173.7 ms)
INFO:root:[66,   232] grad_stats: [1.17e-04 1.87e-05] (2.57e-06, 1.70e-04)
INFO:root:avg. loss 2.63142232e-03
INFO:root:time taken for epoch 0:00:54.137066
INFO:root:Epoch 67
INFO:root:[67,     0] loss: 2.466150e-03 masks: 25.0 16.0 [wd: 4.68e-02] [lr: 9.97e-04] [mem: 5.74e+03] (175.7 ms)
INFO:root:[67,     0] grad_stats: [2.33e-04 2.02e-05] (3.68e-06, 3.32e-04)
INFO:root:[67,   116] loss: 2.665841e-03 masks: 22.4 17.2 [wd: 4.69e-02] [lr: 9.97e-04] [mem: 5.74e+03] (172.6 ms)
INFO:root:[67,   116] grad_stats: [1.14e-04 1.96e-05] (2.93e-06, 2.83e-04)
INFO:root:[67,   232] loss: 2.672047e-03 masks: 22.2 17.2 [wd: 4.70e-02] [lr: 9.96e-04] [mem: 5.74e+03] (172.5 ms)
INFO:root:[67,   232] grad_stats: [1.33e-04 1.35e-05] (2.70e-06, 1.94e-04)
INFO:root:avg. loss 2.67204676e-03
INFO:root:time taken for epoch 0:00:53.872032
INFO:root:Epoch 68
INFO:root:[68,     0] loss: 2.610767e-03 masks: 25.0 16.0 [wd: 4.70e-02] [lr: 9.96e-04] [mem: 5.74e+03] (177.4 ms)
INFO:root:[68,     0] grad_stats: [1.76e-04 2.26e-05] (4.67e-06, 4.31e-04)
INFO:root:[68,   116] loss: 2.720385e-03 masks: 21.8 17.5 [wd: 4.71e-02] [lr: 9.96e-04] [mem: 5.74e+03] (171.6 ms)
INFO:root:[68,   116] grad_stats: [2.39e-04 2.52e-05] (4.82e-06, 3.92e-04)
INFO:root:[68,   232] loss: 2.715755e-03 masks: 22.1 17.4 [wd: 4.73e-02] [lr: 9.96e-04] [mem: 5.74e+03] (172.7 ms)
INFO:root:[68,   232] grad_stats: [2.04e-04 1.51e-05] (2.61e-06, 2.12e-04)
INFO:root:avg. loss 2.71575496e-03
INFO:root:time taken for epoch 0:00:53.889234
INFO:root:Epoch 69
INFO:root:[69,     0] loss: 2.477344e-03 masks: 18.0 20.0 [wd: 4.73e-02] [lr: 9.96e-04] [mem: 5.74e+03] (163.4 ms)
INFO:root:[69,     0] grad_stats: [8.89e-05 1.44e-05] (2.84e-06, 2.37e-04)
INFO:root:[69,   116] loss: 2.757551e-03 masks: 21.9 17.3 [wd: 4.74e-02] [lr: 9.96e-04] [mem: 5.74e+03] (171.6 ms)
INFO:root:[69,   116] grad_stats: [1.59e-04 1.63e-05] (3.03e-06, 2.31e-04)
INFO:root:[69,   232] loss: 2.773346e-03 masks: 22.5 17.1 [wd: 4.75e-02] [lr: 9.96e-04] [mem: 5.74e+03] (173.4 ms)
INFO:root:[69,   232] grad_stats: [1.50e-04 1.53e-05] (2.37e-06, 1.81e-04)
INFO:root:avg. loss 2.77334594e-03
INFO:root:time taken for epoch 0:00:54.089646
INFO:root:Epoch 70
INFO:root:[70,     0] loss: 2.270287e-03 masks: 20.0 20.0 [wd: 4.75e-02] [lr: 9.96e-04] [mem: 5.74e+03] (167.9 ms)
INFO:root:[70,     0] grad_stats: [8.65e-05 7.61e-06] (1.33e-06, 1.91e-04)
INFO:root:[70,   116] loss: 2.782974e-03 masks: 21.4 17.4 [wd: 4.76e-02] [lr: 9.96e-04] [mem: 5.74e+03] (170.2 ms)
INFO:root:[70,   116] grad_stats: [1.45e-04 1.46e-05] (2.59e-06, 2.13e-04)
INFO:root:[70,   232] loss: 2.808836e-03 masks: 21.2 17.6 [wd: 4.77e-02] [lr: 9.96e-04] [mem: 5.74e+03] (170.3 ms)
INFO:root:[70,   232] grad_stats: [1.05e-04 1.30e-05] (2.91e-06, 1.88e-04)
INFO:root:avg. loss 2.80883572e-03
INFO:root:time taken for epoch 0:00:53.346733
INFO:root:Epoch 71
INFO:root:[71,     0] loss: 2.757762e-03 masks: 16.0 20.0 [wd: 4.77e-02] [lr: 9.96e-04] [mem: 5.74e+03] (157.3 ms)
INFO:root:[71,     0] grad_stats: [1.33e-04 1.43e-05] (2.70e-06, 1.73e-04)
INFO:root:[71,   116] loss: 2.914387e-03 masks: 21.9 17.2 [wd: 4.78e-02] [lr: 9.95e-04] [mem: 5.74e+03] (171.5 ms)
INFO:root:[71,   116] grad_stats: [1.33e-04 3.31e-05] (3.67e-06, 3.79e-04)
INFO:root:[71,   232] loss: 2.892501e-03 masks: 21.4 17.5 [wd: 4.79e-02] [lr: 9.95e-04] [mem: 5.74e+03] (170.8 ms)
INFO:root:[71,   232] grad_stats: [1.01e-04 1.23e-05] (2.22e-06, 1.92e-04)
INFO:root:avg. loss 2.89250150e-03
INFO:root:time taken for epoch 0:00:53.447387
INFO:root:Epoch 72
INFO:root:[72,     0] loss: 2.815048e-03 masks: 16.0 20.0 [wd: 4.79e-02] [lr: 9.95e-04] [mem: 5.74e+03] (158.6 ms)
INFO:root:[72,     0] grad_stats: [1.24e-04 1.49e-05] (2.40e-06, 2.63e-04)
INFO:root:[72,   116] loss: 2.895254e-03 masks: 21.1 17.7 [wd: 4.80e-02] [lr: 9.95e-04] [mem: 5.74e+03] (170.0 ms)
INFO:root:[72,   116] grad_stats: [4.20e-04 2.56e-05] (5.54e-06, 5.78e-04)
INFO:root:[72,   232] loss: 2.953303e-03 masks: 21.7 17.3 [wd: 4.81e-02] [lr: 9.95e-04] [mem: 5.74e+03] (171.5 ms)
INFO:root:[72,   232] grad_stats: [9.08e-05 2.72e-05] (4.10e-06, 1.94e-04)
INFO:root:avg. loss 2.95330296e-03
INFO:root:time taken for epoch 0:00:53.697439
INFO:root:Epoch 73
INFO:root:[73,     0] loss: 3.534110e-03 masks: 21.0 16.0 [wd: 4.81e-02] [lr: 9.95e-04] [mem: 5.74e+03] (165.1 ms)
INFO:root:[73,     0] grad_stats: [1.86e-04 1.10e-05] (2.76e-06, 2.78e-04)
INFO:root:[73,   116] loss: 2.978514e-03 masks: 22.6 17.0 [wd: 4.82e-02] [lr: 9.95e-04] [mem: 5.74e+03] (173.1 ms)
INFO:root:[73,   116] grad_stats: [8.18e-05 1.33e-05] (2.49e-06, 1.52e-04)
INFO:root:[73,   232] loss: 3.007719e-03 masks: 22.6 17.0 [wd: 4.83e-02] [lr: 9.95e-04] [mem: 5.74e+03] (173.4 ms)
INFO:root:[73,   232] grad_stats: [1.26e-04 1.19e-05] (2.27e-06, 2.42e-04)
INFO:root:avg. loss 3.00771924e-03
INFO:root:time taken for epoch 0:00:54.148999
INFO:root:Epoch 74
INFO:root:[74,     0] loss: 3.262559e-03 masks: 33.0 12.0 [wd: 4.84e-02] [lr: 9.95e-04] [mem: 5.74e+03] (192.5 ms)
INFO:root:[74,     0] grad_stats: [2.30e-04 1.44e-05] (2.93e-06, 3.52e-04)
INFO:root:[74,   116] loss: 3.037747e-03 masks: 22.9 16.9 [wd: 4.85e-02] [lr: 9.95e-04] [mem: 5.74e+03] (173.7 ms)
INFO:root:[74,   116] grad_stats: [1.12e-04 1.08e-05] (2.34e-06, 1.55e-04)
INFO:root:[74,   232] loss: 3.033894e-03 masks: 22.3 17.0 [wd: 4.86e-02] [lr: 9.94e-04] [mem: 5.74e+03] (172.8 ms)
INFO:root:[74,   232] grad_stats: [1.61e-04 1.95e-05] (4.20e-06, 3.18e-04)
INFO:root:avg. loss 3.03389441e-03
INFO:root:time taken for epoch 0:00:53.955512
INFO:root:Epoch 75
INFO:root:[75,     0] loss: 3.310636e-03 masks: 21.0 16.0 [wd: 4.86e-02] [lr: 9.94e-04] [mem: 5.74e+03] (166.7 ms)
INFO:root:[75,     0] grad_stats: [8.46e-05 1.41e-05] (2.30e-06, 1.85e-04)
INFO:root:[75,   116] loss: 3.031268e-03 masks: 21.2 17.5 [wd: 4.87e-02] [lr: 9.94e-04] [mem: 5.74e+03] (169.9 ms)
INFO:root:[75,   116] grad_stats: [1.46e-04 1.48e-05] (3.27e-06, 2.75e-04)
INFO:root:[75,   232] loss: 3.077852e-03 masks: 21.7 17.3 [wd: 4.88e-02] [lr: 9.94e-04] [mem: 5.74e+03] (171.3 ms)
INFO:root:[75,   232] grad_stats: [1.33e-04 2.10e-05] (4.14e-06, 4.78e-04)
INFO:root:avg. loss 3.07785169e-03
INFO:root:time taken for epoch 0:00:53.640638
INFO:root:Epoch 76
INFO:root:[76,     0] loss: 3.461940e-03 masks: 8.0 20.0 [wd: 4.88e-02] [lr: 9.94e-04] [mem: 5.74e+03] (136.4 ms)
INFO:root:[76,     0] grad_stats: [1.17e-04 1.99e-05] (3.43e-06, 1.36e-04)
INFO:root:[76,   116] loss: 3.048193e-03 masks: 22.0 17.5 [wd: 4.89e-02] [lr: 9.94e-04] [mem: 5.74e+03] (172.0 ms)
INFO:root:[76,   116] grad_stats: [1.34e-04 1.52e-05] (2.98e-06, 2.52e-04)
INFO:root:[76,   232] loss: 3.044888e-03 masks: 22.0 17.5 [wd: 4.90e-02] [lr: 9.94e-04] [mem: 5.74e+03] (172.5 ms)
INFO:root:[76,   232] grad_stats: [9.57e-05 1.85e-05] (3.77e-06, 3.49e-04)
INFO:root:avg. loss 3.04488771e-03
INFO:root:time taken for epoch 0:00:53.661932
INFO:root:Epoch 77
INFO:root:[77,     0] loss: 3.212021e-03 masks: 23.0 16.0 [wd: 4.90e-02] [lr: 9.94e-04] [mem: 5.74e+03] (170.2 ms)
INFO:root:[77,     0] grad_stats: [8.76e-05 1.49e-05] (2.56e-06, 2.81e-04)
INFO:root:[77,   116] loss: 3.131693e-03 masks: 23.3 16.8 [wd: 4.92e-02] [lr: 9.93e-04] [mem: 5.74e+03] (174.7 ms)
INFO:root:[77,   116] grad_stats: [1.26e-04 1.90e-05] (3.23e-06, 2.13e-04)
INFO:root:[77,   232] loss: 3.114307e-03 masks: 22.5 17.1 [wd: 4.93e-02] [lr: 9.93e-04] [mem: 5.74e+03] (173.5 ms)
INFO:root:[77,   232] grad_stats: [1.79e-04 2.35e-05] (4.18e-06, 2.88e-04)
INFO:root:avg. loss 3.11430658e-03
INFO:root:time taken for epoch 0:00:54.097208
INFO:root:Epoch 78
INFO:root:[78,     0] loss: 3.037505e-03 masks: 25.0 16.0 [wd: 4.93e-02] [lr: 9.93e-04] [mem: 5.74e+03] (176.9 ms)
INFO:root:[78,     0] grad_stats: [1.41e-04 2.01e-05] (4.05e-06, 3.55e-04)
INFO:root:[78,   116] loss: 3.160111e-03 masks: 21.6 17.4 [wd: 4.94e-02] [lr: 9.93e-04] [mem: 5.74e+03] (170.9 ms)
INFO:root:[78,   116] grad_stats: [1.97e-04 3.06e-05] (4.51e-06, 2.97e-04)
INFO:root:[78,   232] loss: 3.151552e-03 masks: 22.1 17.3 [wd: 4.95e-02] [lr: 9.93e-04] [mem: 5.74e+03] (172.5 ms)
INFO:root:[78,   232] grad_stats: [6.49e-05 1.30e-05] (2.75e-06, 2.10e-04)
INFO:root:avg. loss 3.15155218e-03
INFO:root:time taken for epoch 0:00:53.850052
INFO:root:Epoch 79
INFO:root:[79,     0] loss: 3.228949e-03 masks: 24.0 16.0 [wd: 4.95e-02] [lr: 9.93e-04] [mem: 5.74e+03] (175.2 ms)
INFO:root:[79,     0] grad_stats: [9.31e-05 1.44e-05] (3.96e-06, 4.91e-04)
INFO:root:[79,   116] loss: 3.192453e-03 masks: 21.8 17.4 [wd: 4.96e-02] [lr: 9.93e-04] [mem: 5.74e+03] (171.6 ms)
INFO:root:[79,   116] grad_stats: [1.69e-04 1.24e-05] (2.69e-06, 2.43e-04)
INFO:root:[79,   232] loss: 3.206150e-03 masks: 22.3 17.2 [wd: 4.98e-02] [lr: 9.93e-04] [mem: 5.74e+03] (173.2 ms)
INFO:root:[79,   232] grad_stats: [2.11e-04 2.00e-05] (4.22e-06, 3.11e-04)
INFO:root:avg. loss 3.20614984e-03
INFO:root:time taken for epoch 0:00:53.986840
INFO:root:Epoch 80
INFO:root:[80,     0] loss: 3.235109e-03 masks: 23.0 16.0 [wd: 4.98e-02] [lr: 9.93e-04] [mem: 5.74e+03] (170.7 ms)
INFO:root:[80,     0] grad_stats: [9.55e-05 1.95e-05] (3.59e-06, 2.80e-04)
INFO:root:[80,   116] loss: 3.250656e-03 masks: 22.0 17.2 [wd: 4.99e-02] [lr: 9.92e-04] [mem: 5.74e+03] (171.7 ms)
INFO:root:[80,   116] grad_stats: [9.36e-05 1.57e-05] (2.65e-06, 2.15e-04)
INFO:root:[80,   232] loss: 3.248281e-03 masks: 22.0 17.3 [wd: 5.00e-02] [lr: 9.92e-04] [mem: 5.74e+03] (172.4 ms)
INFO:root:[80,   232] grad_stats: [1.20e-04 1.86e-05] (4.27e-06, 5.25e-04)
INFO:root:avg. loss 3.24828054e-03
INFO:root:	Epoch 80, KNN accuracy train: 7.03863e-01, KNN accuracy train: 5.68000e-01
INFO:root:time taken for epoch 0:01:36.302015
INFO:root:Epoch 81
INFO:root:[81,     0] loss: 2.809469e-03 masks: 19.0 20.0 [wd: 5.00e-02] [lr: 9.92e-04] [mem: 5.74e+03] (166.6 ms)
INFO:root:[81,     0] grad_stats: [1.01e-04 1.35e-05] (2.37e-06, 1.67e-04)
INFO:root:[81,   116] loss: 3.336132e-03 masks: 22.0 17.2 [wd: 5.01e-02] [lr: 9.92e-04] [mem: 5.74e+03] (171.3 ms)
INFO:root:[81,   116] grad_stats: [8.89e-05 2.31e-05] (2.88e-06, 2.89e-04)
INFO:root:[81,   232] loss: 3.387688e-03 masks: 22.0 17.2 [wd: 5.03e-02] [lr: 9.92e-04] [mem: 5.74e+03] (171.8 ms)
INFO:root:[81,   232] grad_stats: [1.40e-04 1.19e-05] (3.14e-06, 2.32e-04)
INFO:root:avg. loss 3.38768801e-03
INFO:root:time taken for epoch 0:00:53.665591
INFO:root:Epoch 82
INFO:root:[82,     0] loss: 3.369840e-03 masks: 25.0 16.0 [wd: 5.03e-02] [lr: 9.92e-04] [mem: 5.74e+03] (176.5 ms)
INFO:root:[82,     0] grad_stats: [6.88e-05 1.18e-05] (2.25e-06, 1.95e-04)
INFO:root:[82,   116] loss: 3.358315e-03 masks: 21.4 17.7 [wd: 5.04e-02] [lr: 9.92e-04] [mem: 5.74e+03] (170.6 ms)
INFO:root:[82,   116] grad_stats: [1.42e-04 1.37e-05] (3.19e-06, 2.47e-04)
INFO:root:[82,   232] loss: 3.393300e-03 masks: 21.7 17.5 [wd: 5.05e-02] [lr: 9.91e-04] [mem: 5.74e+03] (171.6 ms)
INFO:root:[82,   232] grad_stats: [1.48e-04 1.55e-05] (3.35e-06, 3.17e-04)
INFO:root:avg. loss 3.39330011e-03
INFO:root:time taken for epoch 0:00:53.650312
INFO:root:Epoch 83
INFO:root:[83,     0] loss: 3.407625e-03 masks: 18.0 20.0 [wd: 5.05e-02] [lr: 9.91e-04] [mem: 5.74e+03] (164.2 ms)
INFO:root:[83,     0] grad_stats: [8.23e-05 1.30e-05] (2.79e-06, 1.67e-04)
INFO:root:[83,   116] loss: 3.439856e-03 masks: 22.9 16.8 [wd: 5.06e-02] [lr: 9.91e-04] [mem: 5.74e+03] (173.9 ms)
INFO:root:[83,   116] grad_stats: [1.54e-04 1.66e-05] (4.57e-06, 3.05e-04)
INFO:root:[83,   232] loss: 3.461177e-03 masks: 22.4 17.0 [wd: 5.08e-02] [lr: 9.91e-04] [mem: 5.74e+03] (173.1 ms)
INFO:root:[83,   232] grad_stats: [3.55e-04 1.55e-05] (4.22e-06, 3.55e-04)
INFO:root:avg. loss 3.46117654e-03
INFO:root:time taken for epoch 0:00:53.952868
INFO:root:Epoch 84
INFO:root:[84,     0] loss: 3.380539e-03 masks: 24.0 16.0 [wd: 5.08e-02] [lr: 9.91e-04] [mem: 5.74e+03] (174.9 ms)
INFO:root:[84,     0] grad_stats: [1.72e-04 1.41e-05] (3.14e-06, 1.84e-04)
INFO:root:[84,   116] loss: 3.452526e-03 masks: 21.4 17.5 [wd: 5.09e-02] [lr: 9.91e-04] [mem: 5.74e+03] (170.5 ms)
INFO:root:[84,   116] grad_stats: [1.11e-04 1.78e-05] (3.87e-06, 2.36e-04)
INFO:root:[84,   232] loss: 3.487847e-03 masks: 21.6 17.4 [wd: 5.10e-02] [lr: 9.91e-04] [mem: 5.74e+03] (171.2 ms)
INFO:root:[84,   232] grad_stats: [7.87e-05 1.13e-05] (3.06e-06, 2.33e-04)
INFO:root:avg. loss 3.48784729e-03
INFO:root:time taken for epoch 0:00:53.649905
INFO:root:Epoch 85
INFO:root:[85,     0] loss: 3.035160e-03 masks: 20.0 20.0 [wd: 5.10e-02] [lr: 9.91e-04] [mem: 5.74e+03] (168.5 ms)
INFO:root:[85,     0] grad_stats: [3.20e-04 1.43e-05] (3.30e-06, 3.45e-04)
INFO:root:[85,   116] loss: 3.525302e-03 masks: 22.2 17.2 [wd: 5.12e-02] [lr: 9.90e-04] [mem: 5.74e+03] (172.4 ms)
INFO:root:[85,   116] grad_stats: [1.17e-04 1.25e-05] (3.89e-06, 2.65e-04)
INFO:root:[85,   232] loss: 3.529153e-03 masks: 22.0 17.4 [wd: 5.13e-02] [lr: 9.90e-04] [mem: 5.74e+03] (172.4 ms)
INFO:root:[85,   232] grad_stats: [8.43e-05 9.29e-06] (2.12e-06, 1.86e-04)
INFO:root:avg. loss 3.52915288e-03
INFO:root:time taken for epoch 0:00:53.837095
INFO:root:Epoch 86
INFO:root:[86,     0] loss: 2.940985e-03 masks: 19.0 20.0 [wd: 5.13e-02] [lr: 9.90e-04] [mem: 5.74e+03] (167.5 ms)
INFO:root:[86,     0] grad_stats: [1.08e-04 9.29e-06] (2.22e-06, 1.57e-04)
INFO:root:[86,   116] loss: 3.620292e-03 masks: 20.8 17.5 [wd: 5.14e-02] [lr: 9.90e-04] [mem: 5.74e+03] (168.8 ms)
INFO:root:[86,   116] grad_stats: [1.05e-04 1.68e-05] (4.09e-06, 4.08e-04)
INFO:root:[86,   232] loss: 3.601356e-03 masks: 21.7 17.3 [wd: 5.16e-02] [lr: 9.90e-04] [mem: 5.74e+03] (171.4 ms)
INFO:root:[86,   232] grad_stats: [1.41e-04 1.43e-05] (3.29e-06, 1.67e-04)
INFO:root:avg. loss 3.60135568e-03
INFO:root:time taken for epoch 0:00:53.632707
INFO:root:Epoch 87
INFO:root:[87,     0] loss: 3.657422e-03 masks: 23.0 16.0 [wd: 5.16e-02] [lr: 9.90e-04] [mem: 5.74e+03] (168.5 ms)
INFO:root:[87,     0] grad_stats: [2.04e-04 2.28e-05] (4.70e-06, 3.46e-04)
INFO:root:[87,   116] loss: 3.653566e-03 masks: 20.9 17.6 [wd: 5.17e-02] [lr: 9.89e-04] [mem: 5.74e+03] (169.1 ms)
INFO:root:[87,   116] grad_stats: [1.09e-04 2.53e-05] (4.73e-06, 3.04e-04)
INFO:root:[87,   232] loss: 3.647545e-03 masks: 21.3 17.4 [wd: 5.18e-02] [lr: 9.89e-04] [mem: 5.74e+03] (170.3 ms)
INFO:root:[87,   232] grad_stats: [1.94e-04 1.62e-05] (4.17e-06, 2.31e-04)
INFO:root:avg. loss 3.64754529e-03
INFO:root:time taken for epoch 0:00:53.300475
INFO:root:Epoch 88
INFO:root:[88,     0] loss: 3.148739e-03 masks: 20.0 20.0 [wd: 5.18e-02] [lr: 9.89e-04] [mem: 5.74e+03] (169.5 ms)
INFO:root:[88,     0] grad_stats: [1.26e-04 1.73e-05] (3.49e-06, 2.22e-04)
INFO:root:[88,   116] loss: 3.615518e-03 masks: 22.1 17.4 [wd: 5.20e-02] [lr: 9.89e-04] [mem: 5.74e+03] (172.3 ms)
INFO:root:[88,   116] grad_stats: [1.20e-04 1.89e-05] (3.68e-06, 2.62e-04)
INFO:root:[88,   232] loss: 3.649058e-03 masks: 22.0 17.3 [wd: 5.21e-02] [lr: 9.89e-04] [mem: 5.74e+03] (172.4 ms)
INFO:root:[88,   232] grad_stats: [8.45e-05 1.70e-05] (3.17e-06, 2.25e-04)
INFO:root:avg. loss 3.64905804e-03
INFO:root:time taken for epoch 0:00:53.842471
INFO:root:Epoch 89
INFO:root:[89,     0] loss: 3.175037e-03 masks: 20.0 20.0 [wd: 5.21e-02] [lr: 9.89e-04] [mem: 5.74e+03] (167.6 ms)
INFO:root:[89,     0] grad_stats: [8.63e-05 1.24e-05] (3.15e-06, 2.39e-04)
INFO:root:[89,   116] loss: 3.679778e-03 masks: 21.7 17.3 [wd: 5.22e-02] [lr: 9.89e-04] [mem: 5.74e+03] (171.3 ms)
INFO:root:[89,   116] grad_stats: [2.64e-04 1.74e-05] (3.43e-06, 3.30e-04)
INFO:root:[89,   232] loss: 3.698935e-03 masks: 21.7 17.4 [wd: 5.24e-02] [lr: 9.88e-04] [mem: 5.74e+03] (171.5 ms)
INFO:root:[89,   232] grad_stats: [1.14e-04 1.47e-05] (4.64e-06, 3.86e-04)
INFO:root:avg. loss 3.69893495e-03
INFO:root:time taken for epoch 0:00:53.496533
INFO:root:Epoch 90
INFO:root:[90,     0] loss: 3.466506e-03 masks: 24.0 16.0 [wd: 5.24e-02] [lr: 9.88e-04] [mem: 5.74e+03] (174.4 ms)
INFO:root:[90,     0] grad_stats: [2.71e-04 2.43e-05] (5.05e-06, 5.65e-04)
INFO:root:[90,   116] loss: 3.720239e-03 masks: 21.3 17.5 [wd: 5.25e-02] [lr: 9.88e-04] [mem: 5.74e+03] (170.2 ms)
INFO:root:[90,   116] grad_stats: [1.37e-04 1.71e-05] (3.27e-06, 3.13e-04)
INFO:root:[90,   232] loss: 3.715811e-03 masks: 21.7 17.4 [wd: 5.26e-02] [lr: 9.88e-04] [mem: 5.74e+03] (171.8 ms)
INFO:root:[90,   232] grad_stats: [1.13e-04 1.37e-05] (2.65e-06, 2.63e-04)
INFO:root:avg. loss 3.71581146e-03
INFO:root:time taken for epoch 0:00:53.701837
INFO:root:Epoch 91
INFO:root:[91,     0] loss: 3.981460e-03 masks: 21.0 16.0 [wd: 5.26e-02] [lr: 9.88e-04] [mem: 5.74e+03] (166.8 ms)
INFO:root:[91,     0] grad_stats: [1.49e-04 1.97e-05] (3.24e-06, 3.76e-04)
INFO:root:[91,   116] loss: 3.723194e-03 masks: 21.6 17.6 [wd: 5.28e-02] [lr: 9.88e-04] [mem: 5.74e+03] (171.3 ms)
INFO:root:[91,   116] grad_stats: [1.18e-04 1.15e-05] (2.92e-06, 1.78e-04)
INFO:root:[91,   232] loss: 3.724577e-03 masks: 21.9 17.4 [wd: 5.29e-02] [lr: 9.87e-04] [mem: 5.74e+03] (172.4 ms)
INFO:root:[91,   232] grad_stats: [5.61e-05 1.37e-05] (2.54e-06, 1.82e-04)
INFO:root:avg. loss 3.72457652e-03
INFO:root:time taken for epoch 0:00:53.745543
INFO:root:Epoch 92
INFO:root:[92,     0] loss: 3.826098e-03 masks: 25.0 16.0 [wd: 5.29e-02] [lr: 9.87e-04] [mem: 5.74e+03] (176.3 ms)
INFO:root:[92,     0] grad_stats: [1.40e-04 3.23e-05] (5.15e-06, 3.49e-04)
INFO:root:[92,   116] loss: 3.807584e-03 masks: 22.1 17.1 [wd: 5.31e-02] [lr: 9.87e-04] [mem: 5.74e+03] (171.8 ms)
INFO:root:[92,   116] grad_stats: [1.35e-04 1.60e-05] (3.17e-06, 6.26e-04)
INFO:root:[92,   232] loss: 3.829549e-03 masks: 21.8 17.2 [wd: 5.32e-02] [lr: 9.87e-04] [mem: 5.74e+03] (171.6 ms)
INFO:root:[92,   232] grad_stats: [1.20e-04 1.67e-05] (3.45e-06, 2.51e-04)
INFO:root:avg. loss 3.82954851e-03
INFO:root:time taken for epoch 0:00:53.642531
INFO:root:Epoch 93
INFO:root:[93,     0] loss: 4.084667e-03 masks: 15.0 20.0 [wd: 5.32e-02] [lr: 9.87e-04] [mem: 5.74e+03] (152.7 ms)
INFO:root:[93,     0] grad_stats: [1.02e-04 1.43e-05] (2.92e-06, 1.75e-04)
INFO:root:[93,   116] loss: 3.815143e-03 masks: 22.7 17.0 [wd: 5.33e-02] [lr: 9.87e-04] [mem: 5.74e+03] (173.4 ms)
INFO:root:[93,   116] grad_stats: [1.83e-04 2.02e-05] (3.77e-06, 2.99e-04)
INFO:root:[93,   232] loss: 3.840020e-03 masks: 22.4 16.9 [wd: 5.35e-02] [lr: 9.86e-04] [mem: 5.74e+03] (173.0 ms)
INFO:root:[93,   232] grad_stats: [8.19e-05 1.31e-05] (2.49e-06, 2.89e-04)
INFO:root:avg. loss 3.84001971e-03
INFO:root:time taken for epoch 0:00:53.979306
INFO:root:Epoch 94
INFO:root:[94,     0] loss: 3.871617e-03 masks: 23.0 16.0 [wd: 5.35e-02] [lr: 9.86e-04] [mem: 5.74e+03] (170.6 ms)
INFO:root:[94,     0] grad_stats: [2.27e-04 1.44e-05] (3.78e-06, 3.33e-04)
INFO:root:[94,   116] loss: 3.842340e-03 masks: 22.3 17.1 [wd: 5.36e-02] [lr: 9.86e-04] [mem: 5.74e+03] (172.4 ms)
INFO:root:[94,   116] grad_stats: [5.11e-04 2.87e-05] (5.75e-06, 5.12e-04)
INFO:root:[94,   232] loss: 3.821945e-03 masks: 22.3 17.2 [wd: 5.38e-02] [lr: 9.86e-04] [mem: 5.74e+03] (173.0 ms)
INFO:root:[94,   232] grad_stats: [8.31e-05 2.01e-05] (3.34e-06, 2.12e-04)
INFO:root:avg. loss 3.82194473e-03
INFO:root:time taken for epoch 0:00:53.983804
INFO:root:Epoch 95
INFO:root:[95,     0] loss: 3.687085e-03 masks: 17.0 20.0 [wd: 5.38e-02] [lr: 9.86e-04] [mem: 5.74e+03] (160.2 ms)
INFO:root:[95,     0] grad_stats: [1.71e-04 1.32e-05] (2.75e-06, 1.97e-04)
INFO:root:[95,   116] loss: 3.851975e-03 masks: 22.8 17.1 [wd: 5.39e-02] [lr: 9.86e-04] [mem: 5.74e+03] (174.0 ms)
INFO:root:[95,   116] grad_stats: [4.20e-04 2.46e-05] (7.58e-06, 7.61e-04)
INFO:root:[95,   232] loss: 3.863931e-03 masks: 22.6 17.2 [wd: 5.41e-02] [lr: 9.85e-04] [mem: 5.74e+03] (173.8 ms)
INFO:root:[95,   232] grad_stats: [1.46e-04 1.94e-05] (3.74e-06, 2.45e-04)
INFO:root:avg. loss 3.86393088e-03
INFO:root:time taken for epoch 0:00:54.195207
INFO:root:Epoch 96
INFO:root:[96,     0] loss: 3.968319e-03 masks: 21.0 16.0 [wd: 5.41e-02] [lr: 9.85e-04] [mem: 5.74e+03] (167.5 ms)
INFO:root:[96,     0] grad_stats: [1.51e-04 2.22e-05] (5.39e-06, 5.12e-04)
INFO:root:[96,   116] loss: 3.936776e-03 masks: 22.7 16.9 [wd: 5.42e-02] [lr: 9.85e-04] [mem: 5.74e+03] (173.3 ms)
INFO:root:[96,   116] grad_stats: [2.24e-04 2.56e-05] (4.96e-06, 4.84e-04)
INFO:root:[96,   232] loss: 3.968328e-03 masks: 22.4 17.0 [wd: 5.44e-02] [lr: 9.85e-04] [mem: 5.74e+03] (173.2 ms)
INFO:root:[96,   232] grad_stats: [1.13e-04 1.62e-05] (3.20e-06, 1.69e-04)
INFO:root:avg. loss 3.96832847e-03
INFO:root:time taken for epoch 0:00:54.012752
INFO:root:Epoch 97
INFO:root:[97,     0] loss: 3.801739e-03 masks: 16.0 20.0 [wd: 5.44e-02] [lr: 9.85e-04] [mem: 5.74e+03] (157.4 ms)
INFO:root:[97,     0] grad_stats: [1.61e-04 1.84e-05] (3.47e-06, 3.72e-04)
INFO:root:[97,   116] loss: 3.907035e-03 masks: 21.5 17.5 [wd: 5.45e-02] [lr: 9.84e-04] [mem: 5.74e+03] (170.9 ms)
INFO:root:[97,   116] grad_stats: [3.78e-04 2.05e-05] (4.95e-06, 4.66e-04)
INFO:root:[97,   232] loss: 3.942257e-03 masks: 21.9 17.3 [wd: 5.47e-02] [lr: 9.84e-04] [mem: 5.74e+03] (172.1 ms)
INFO:root:[97,   232] grad_stats: [1.75e-04 1.81e-05] (4.06e-06, 3.26e-04)
INFO:root:avg. loss 3.94225664e-03
INFO:root:time taken for epoch 0:00:53.874015
INFO:root:Epoch 98
INFO:root:[98,     0] loss: 3.831818e-03 masks: 16.0 20.0 [wd: 5.47e-02] [lr: 9.84e-04] [mem: 5.74e+03] (157.9 ms)
INFO:root:[98,     0] grad_stats: [1.03e-04 1.34e-05] (3.27e-06, 2.09e-04)
INFO:root:[98,   116] loss: 4.017183e-03 masks: 22.0 17.2 [wd: 5.48e-02] [lr: 9.84e-04] [mem: 5.74e+03] (171.9 ms)
INFO:root:[98,   116] grad_stats: [9.08e-05 1.37e-05] (2.64e-06, 1.71e-04)
INFO:root:[98,   232] loss: 3.995672e-03 masks: 22.1 17.3 [wd: 5.50e-02] [lr: 9.84e-04] [mem: 5.74e+03] (172.6 ms)
INFO:root:[98,   232] grad_stats: [9.91e-05 1.57e-05] (4.09e-06, 1.84e-04)
INFO:root:avg. loss 3.99567225e-03
INFO:root:time taken for epoch 0:00:53.905008
INFO:root:Epoch 99
INFO:root:[99,     0] loss: 4.366075e-03 masks: 35.0 12.0 [wd: 5.50e-02] [lr: 9.84e-04] [mem: 5.74e+03] (198.3 ms)
INFO:root:[99,     0] grad_stats: [2.19e-04 1.64e-05] (3.88e-06, 3.55e-04)
INFO:root:[99,   116] loss: 4.087012e-03 masks: 22.4 17.1 [wd: 5.51e-02] [lr: 9.83e-04] [mem: 5.74e+03] (172.7 ms)
INFO:root:[99,   116] grad_stats: [3.24e-04 1.75e-05] (4.62e-06, 4.89e-04)
INFO:root:[99,   232] loss: 4.047348e-03 masks: 22.0 17.3 [wd: 5.53e-02] [lr: 9.83e-04] [mem: 5.74e+03] (173.3 ms)
INFO:root:[99,   232] grad_stats: [8.19e-05 1.22e-05] (2.74e-06, 1.90e-04)
INFO:root:avg. loss 4.04734837e-03
INFO:root:time taken for epoch 0:00:54.125750
INFO:root:Epoch 100
INFO:root:[100,     0] loss: 3.260868e-03 masks: 21.0 20.0 [wd: 5.53e-02] [lr: 9.83e-04] [mem: 5.74e+03] (172.4 ms)
INFO:root:[100,     0] grad_stats: [1.27e-04 1.09e-05] (2.66e-06, 1.58e-04)
INFO:root:[100,   116] loss: 4.075190e-03 masks: 21.8 17.2 [wd: 5.54e-02] [lr: 9.83e-04] [mem: 5.74e+03] (266.6 ms)
INFO:root:[100,   116] grad_stats: [1.09e-04 1.41e-05] (3.44e-06, 1.71e-04)
INFO:root:[100,   232] loss: 4.073730e-03 masks: 22.2 17.2 [wd: 5.56e-02] [lr: 9.82e-04] [mem: 5.74e+03] (289.7 ms)
INFO:root:[100,   232] grad_stats: [1.36e-04 1.55e-05] (3.89e-06, 2.99e-04)
INFO:root:avg. loss 4.07373049e-03
INFO:root:	Epoch 100, KNN accuracy train: 7.09871e-01, KNN accuracy train: 5.73000e-01
INFO:root:time taken for epoch 0:02:06.528052
INFO:root:Epoch 101
INFO:root:[101,     0] loss: 4.099828e-03 masks: 25.0 16.0 [wd: 5.56e-02] [lr: 9.82e-04] [mem: 5.74e+03] (176.7 ms)
INFO:root:[101,     0] grad_stats: [1.31e-04 1.82e-05] (4.00e-06, 5.72e-04)
INFO:root:[101,   116] loss: 4.093335e-03 masks: 21.9 17.2 [wd: 5.57e-02] [lr: 9.82e-04] [mem: 5.74e+03] (183.2 ms)
INFO:root:[101,   116] grad_stats: [1.39e-04 1.45e-05] (3.08e-06, 3.58e-04)
INFO:root:[101,   232] loss: 4.090573e-03 masks: 21.5 17.4 [wd: 5.59e-02] [lr: 9.82e-04] [mem: 5.74e+03] (184.2 ms)
INFO:root:[101,   232] grad_stats: [1.19e-04 1.10e-05] (3.58e-06, 2.37e-04)
INFO:root:avg. loss 4.09057272e-03
INFO:root:time taken for epoch 0:00:56.796169
INFO:root:Epoch 102
INFO:root:[102,     0] loss: 4.888905e-03 masks: 25.0 16.0 [wd: 5.59e-02] [lr: 9.82e-04] [mem: 5.74e+03] (192.0 ms)
INFO:root:[102,     0] grad_stats: [1.77e-04 1.49e-05] (3.82e-06, 2.87e-04)
INFO:root:[102,   116] loss: 4.134721e-03 masks: 21.7 17.3 [wd: 5.60e-02] [lr: 9.82e-04] [mem: 5.74e+03] (186.6 ms)
INFO:root:[102,   116] grad_stats: [1.08e-04 1.36e-05] (3.24e-06, 3.56e-04)
INFO:root:[102,   232] loss: 4.133879e-03 masks: 21.6 17.4 [wd: 5.62e-02] [lr: 9.81e-04] [mem: 5.74e+03] (186.7 ms)
INFO:root:[102,   232] grad_stats: [1.14e-04 1.44e-05] (3.52e-06, 3.68e-04)
INFO:root:avg. loss 4.13387860e-03
INFO:root:time taken for epoch 0:00:57.564152
INFO:root:Epoch 103
INFO:root:[103,     0] loss: 4.172744e-03 masks: 20.0 16.0 [wd: 5.62e-02] [lr: 9.81e-04] [mem: 5.74e+03] (176.5 ms)
INFO:root:[103,     0] grad_stats: [1.68e-04 1.65e-05] (4.10e-06, 3.87e-04)
INFO:root:[103,   116] loss: 4.169364e-03 masks: 23.1 16.9 [wd: 5.63e-02] [lr: 9.81e-04] [mem: 5.74e+03] (189.5 ms)
INFO:root:[103,   116] grad_stats: [6.07e-05 1.25e-05] (3.46e-06, 2.72e-04)
INFO:root:[103,   232] loss: 4.175543e-03 masks: 22.6 17.0 [wd: 5.65e-02] [lr: 9.81e-04] [mem: 5.74e+03] (189.0 ms)
INFO:root:[103,   232] grad_stats: [1.59e-04 1.32e-05] (4.19e-06, 3.68e-04)
INFO:root:avg. loss 4.17554252e-03
INFO:root:time taken for epoch 0:00:57.981901
INFO:root:Epoch 104
INFO:root:[104,     0] loss: 4.873246e-03 masks: 33.0 12.0 [wd: 5.65e-02] [lr: 9.81e-04] [mem: 5.74e+03] (210.8 ms)
INFO:root:[104,     0] grad_stats: [1.78e-04 2.10e-05] (4.83e-06, 4.66e-04)
INFO:root:[104,   116] loss: 4.171230e-03 masks: 21.4 17.4 [wd: 5.67e-02] [lr: 9.80e-04] [mem: 5.74e+03] (186.2 ms)
INFO:root:[104,   116] grad_stats: [1.37e-04 1.62e-05] (3.28e-06, 2.21e-04)
INFO:root:[104,   232] loss: 4.226228e-03 masks: 22.1 17.1 [wd: 5.68e-02] [lr: 9.80e-04] [mem: 5.74e+03] (187.5 ms)
INFO:root:[104,   232] grad_stats: [9.78e-05 1.50e-05] (3.77e-06, 3.21e-04)
INFO:root:avg. loss 4.22622800e-03
INFO:root:time taken for epoch 0:00:57.673543
INFO:root:Epoch 105
INFO:root:[105,     0] loss: 4.901014e-03 masks: 35.0 12.0 [wd: 5.68e-02] [lr: 9.80e-04] [mem: 5.74e+03] (198.6 ms)
INFO:root:[105,     0] grad_stats: [3.14e-04 2.58e-05] (7.65e-06, 6.72e-04)
INFO:root:[105,   116] loss: 4.208549e-03 masks: 21.6 17.4 [wd: 5.70e-02] [lr: 9.80e-04] [mem: 5.74e+03] (186.5 ms)
INFO:root:[105,   116] grad_stats: [1.78e-04 1.79e-05] (4.31e-06, 6.87e-04)
INFO:root:[105,   232] loss: 4.208724e-03 masks: 21.6 17.4 [wd: 5.71e-02] [lr: 9.79e-04] [mem: 5.74e+03] (186.5 ms)
INFO:root:[105,   232] grad_stats: [6.94e-05 1.34e-05] (2.91e-06, 3.71e-04)
INFO:root:avg. loss 4.20872442e-03
INFO:root:time taken for epoch 0:00:58.176278
INFO:root:Epoch 106
INFO:root:[106,     0] loss: 4.021869e-03 masks: 17.0 20.0 [wd: 5.71e-02] [lr: 9.79e-04] [mem: 5.74e+03] (163.6 ms)
INFO:root:[106,     0] grad_stats: [9.42e-05 1.36e-05] (3.31e-06, 4.16e-04)
INFO:root:[106,   116] loss: 4.294787e-03 masks: 21.5 17.4 [wd: 5.73e-02] [lr: 9.79e-04] [mem: 5.74e+03] (186.3 ms)
INFO:root:[106,   116] grad_stats: [9.75e-05 1.72e-05] (5.12e-06, 4.13e-04)
INFO:root:[106,   232] loss: 4.283142e-03 masks: 22.0 17.3 [wd: 5.75e-02] [lr: 9.79e-04] [mem: 5.74e+03] (187.7 ms)
INFO:root:[106,   232] grad_stats: [8.92e-05 2.12e-05] (4.76e-06, 3.46e-04)
INFO:root:avg. loss 4.28314154e-03
INFO:root:time taken for epoch 0:00:57.699118
INFO:root:Epoch 107
INFO:root:[107,     0] loss: 4.174736e-03 masks: 21.0 16.0 [wd: 5.75e-02] [lr: 9.79e-04] [mem: 5.74e+03] (179.3 ms)
INFO:root:[107,     0] grad_stats: [8.04e-05 1.42e-05] (4.24e-06, 5.52e-04)
INFO:root:[107,   116] loss: 4.345265e-03 masks: 21.3 17.4 [wd: 5.76e-02] [lr: 9.79e-04] [mem: 5.74e+03] (185.7 ms)
INFO:root:[107,   116] grad_stats: [1.71e-04 1.19e-05] (3.58e-06, 2.17e-04)
INFO:root:[107,   232] loss: 4.341406e-03 masks: 21.3 17.5 [wd: 5.78e-02] [lr: 9.78e-04] [mem: 5.74e+03] (185.8 ms)
INFO:root:[107,   232] grad_stats: [3.50e-04 1.72e-05] (5.20e-06, 4.02e-04)
INFO:root:avg. loss 4.34140575e-03
INFO:root:time taken for epoch 0:00:57.244307
INFO:root:Epoch 108
INFO:root:[108,     0] loss: 4.408848e-03 masks: 25.0 16.0 [wd: 5.78e-02] [lr: 9.78e-04] [mem: 5.74e+03] (192.1 ms)
INFO:root:[108,     0] grad_stats: [2.07e-04 1.67e-05] (3.74e-06, 2.45e-04)
INFO:root:[108,   116] loss: 4.297599e-03 masks: 22.1 17.3 [wd: 5.79e-02] [lr: 9.78e-04] [mem: 5.74e+03] (187.3 ms)
INFO:root:[108,   116] grad_stats: [2.22e-04 1.19e-05] (3.60e-06, 2.75e-04)
INFO:root:[108,   232] loss: 4.331750e-03 masks: 22.1 17.2 [wd: 5.81e-02] [lr: 9.78e-04] [mem: 5.74e+03] (187.7 ms)
INFO:root:[108,   232] grad_stats: [6.98e-05 1.57e-05] (3.94e-06, 3.81e-04)
INFO:root:avg. loss 4.33174978e-03
INFO:root:time taken for epoch 0:00:57.643200
INFO:root:Epoch 109
INFO:root:[109,     0] loss: 3.549627e-03 masks: 18.0 20.0 [wd: 5.81e-02] [lr: 9.78e-04] [mem: 5.74e+03] (177.5 ms)
INFO:root:[109,     0] grad_stats: [9.14e-05 1.38e-05] (2.45e-06, 2.17e-04)
INFO:root:[109,   116] loss: 4.319908e-03 masks: 21.1 17.7 [wd: 5.83e-02] [lr: 9.77e-04] [mem: 5.74e+03] (185.5 ms)
INFO:root:[109,   116] grad_stats: [1.02e-04 1.75e-05] (2.84e-06, 2.44e-04)
INFO:root:[109,   232] loss: 4.335758e-03 masks: 21.9 17.3 [wd: 5.84e-02] [lr: 9.77e-04] [mem: 5.74e+03] (187.5 ms)
INFO:root:[109,   232] grad_stats: [5.65e-05 1.63e-05] (2.86e-06, 1.37e-04)
INFO:root:avg. loss 4.33575771e-03
INFO:root:time taken for epoch 0:00:57.600674
INFO:root:Epoch 110
INFO:root:[110,     0] loss: 4.754664e-03 masks: 20.0 16.0 [wd: 5.84e-02] [lr: 9.77e-04] [mem: 5.74e+03] (178.4 ms)
INFO:root:[110,     0] grad_stats: [1.65e-04 1.41e-05] (4.15e-06, 3.29e-04)
INFO:root:[110,   116] loss: 4.400224e-03 masks: 22.2 17.2 [wd: 5.86e-02] [lr: 9.77e-04] [mem: 5.74e+03] (188.0 ms)
INFO:root:[110,   116] grad_stats: [1.10e-04 1.61e-05] (4.52e-06, 3.13e-04)
INFO:root:[110,   232] loss: 4.422423e-03 masks: 21.8 17.3 [wd: 5.88e-02] [lr: 9.76e-04] [mem: 5.74e+03] (187.1 ms)
INFO:root:[110,   232] grad_stats: [1.29e-04 1.33e-05] (3.22e-06, 3.35e-04)
INFO:root:avg. loss 4.42242323e-03
INFO:root:time taken for epoch 0:00:57.279396
INFO:root:Epoch 111
INFO:root:[111,     0] loss: 3.941756e-03 masks: 20.0 20.0 [wd: 5.88e-02] [lr: 9.76e-04] [mem: 5.74e+03] (183.4 ms)
INFO:root:[111,     0] grad_stats: [1.05e-04 1.39e-05] (2.68e-06, 3.03e-04)
INFO:root:[111,   116] loss: 4.471909e-03 masks: 22.1 17.1 [wd: 5.89e-02] [lr: 9.76e-04] [mem: 5.74e+03] (187.9 ms)
INFO:root:[111,   116] grad_stats: [1.18e-04 1.34e-05] (4.29e-06, 2.60e-04)
INFO:root:[111,   232] loss: 4.424756e-03 masks: 21.9 17.3 [wd: 5.91e-02] [lr: 9.76e-04] [mem: 5.74e+03] (187.7 ms)
INFO:root:[111,   232] grad_stats: [9.56e-05 1.18e-05] (2.68e-06, 5.09e-04)
INFO:root:avg. loss 4.42475567e-03
INFO:root:time taken for epoch 0:00:57.211478
INFO:root:Epoch 112
INFO:root:[112,     0] loss: 4.005523e-03 masks: 19.0 20.0 [wd: 5.91e-02] [lr: 9.76e-04] [mem: 5.74e+03] (218.9 ms)
INFO:root:[112,     0] grad_stats: [1.35e-04 1.37e-05] (3.17e-06, 1.94e-04)
INFO:root:[112,   116] loss: 4.450542e-03 masks: 21.9 17.2 [wd: 5.93e-02] [lr: 9.75e-04] [mem: 5.74e+03] (188.0 ms)
INFO:root:[112,   116] grad_stats: [1.91e-04 1.28e-05] (3.86e-06, 2.67e-04)
INFO:root:[112,   232] loss: 4.450064e-03 masks: 22.2 17.2 [wd: 5.94e-02] [lr: 9.75e-04] [mem: 5.74e+03] (188.7 ms)
INFO:root:[112,   232] grad_stats: [1.32e-04 1.06e-05] (2.92e-06, 1.66e-04)
INFO:root:avg. loss 4.45006358e-03
INFO:root:time taken for epoch 0:00:58.840569
INFO:root:Epoch 113
INFO:root:[113,     0] loss: 3.927924e-03 masks: 19.0 20.0 [wd: 5.94e-02] [lr: 9.75e-04] [mem: 5.74e+03] (238.2 ms)
INFO:root:[113,     0] grad_stats: [7.35e-05 1.37e-05] (2.31e-06, 2.68e-04)
INFO:root:[113,   116] loss: 4.544279e-03 masks: 22.2 17.1 [wd: 5.96e-02] [lr: 9.75e-04] [mem: 5.74e+03] (172.1 ms)
INFO:root:[113,   116] grad_stats: [5.21e-04 2.03e-05] (7.84e-06, 6.14e-04)
INFO:root:[113,   232] loss: 4.502512e-03 masks: 21.9 17.2 [wd: 5.98e-02] [lr: 9.74e-04] [mem: 5.74e+03] (171.3 ms)
INFO:root:[113,   232] grad_stats: [1.98e-04 1.60e-05] (4.37e-06, 2.93e-04)
INFO:root:avg. loss 4.50251187e-03
INFO:root:time taken for epoch 6:13:21.870594
INFO:root:Epoch 114
INFO:root:[114,     0] loss: 4.473095e-03 masks: 26.0 16.0 [wd: 5.98e-02] [lr: 9.74e-04] [mem: 5.74e+03] (178.9 ms)
INFO:root:[114,     0] grad_stats: [7.09e-05 1.34e-05] (3.58e-06, 3.14e-04)
INFO:root:[114,   116] loss: 4.433596e-03 masks: 21.4 17.4 [wd: 6.00e-02] [lr: 9.74e-04] [mem: 5.74e+03] (168.5 ms)
INFO:root:[114,   116] grad_stats: [8.66e-05 1.30e-05] (4.42e-06, 5.12e-04)
INFO:root:[114,   232] loss: 4.469337e-03 masks: 21.7 17.3 [wd: 6.01e-02] [lr: 9.73e-04] [mem: 5.74e+03] (170.0 ms)
INFO:root:[114,   232] grad_stats: [2.26e-04 1.71e-05] (4.31e-06, 3.22e-04)
INFO:root:avg. loss 4.46933666e-03
INFO:root:time taken for epoch 0:01:12.727327
INFO:root:Epoch 115
INFO:root:[115,     0] loss: 3.958298e-03 masks: 20.0 20.0 [wd: 6.01e-02] [lr: 9.73e-04] [mem: 5.74e+03] (166.7 ms)
INFO:root:[115,     0] grad_stats: [8.22e-05 1.22e-05] (3.58e-06, 3.82e-04)
INFO:root:[115,   116] loss: 4.417940e-03 masks: 22.0 17.4 [wd: 6.03e-02] [lr: 9.73e-04] [mem: 5.74e+03] (170.4 ms)
INFO:root:[115,   116] grad_stats: [1.29e-04 1.10e-05] (2.59e-06, 1.89e-04)
INFO:root:[115,   232] loss: 4.451751e-03 masks: 21.7 17.5 [wd: 6.05e-02] [lr: 9.73e-04] [mem: 5.74e+03] (170.1 ms)
INFO:root:[115,   232] grad_stats: [4.74e-05 1.28e-05] (3.15e-06, 2.70e-04)
INFO:root:avg. loss 4.45175115e-03
INFO:root:time taken for epoch 0:00:53.361795
INFO:root:Epoch 116
INFO:root:[116,     0] loss: 4.675861e-03 masks: 12.0 20.0 [wd: 6.05e-02] [lr: 9.73e-04] [mem: 5.74e+03] (145.5 ms)
INFO:root:[116,     0] grad_stats: [8.46e-05 1.46e-05] (3.75e-06, 2.29e-04)
INFO:root:[116,   116] loss: 4.571365e-03 masks: 21.8 17.0 [wd: 6.07e-02] [lr: 9.72e-04] [mem: 5.74e+03] (170.2 ms)
INFO:root:[116,   116] grad_stats: [6.67e-05 3.42e-05] (4.46e-06, 2.94e-04)
INFO:root:[116,   232] loss: 4.522919e-03 masks: 21.8 17.2 [wd: 6.08e-02] [lr: 9.72e-04] [mem: 5.74e+03] (171.0 ms)
INFO:root:[116,   232] grad_stats: [7.52e-05 1.30e-05] (3.99e-06, 2.69e-04)
INFO:root:avg. loss 4.52291899e-03
INFO:root:time taken for epoch 0:00:53.637974
INFO:root:Epoch 117
INFO:root:[117,     0] loss: 4.949864e-03 masks: 24.0 16.0 [wd: 6.08e-02] [lr: 9.72e-04] [mem: 5.74e+03] (173.2 ms)
INFO:root:[117,     0] grad_stats: [1.22e-04 1.57e-05] (4.16e-06, 3.48e-04)
INFO:root:[117,   116] loss: 4.518420e-03 masks: 22.1 17.2 [wd: 6.10e-02] [lr: 9.72e-04] [mem: 5.74e+03] (171.6 ms)
INFO:root:[117,   116] grad_stats: [1.99e-04 1.40e-05] (4.23e-06, 3.71e-04)
INFO:root:[117,   232] loss: 4.492400e-03 masks: 22.1 17.2 [wd: 6.12e-02] [lr: 9.71e-04] [mem: 5.74e+03] (172.2 ms)
INFO:root:[117,   232] grad_stats: [1.20e-04 1.61e-05] (5.51e-06, 4.98e-04)
INFO:root:avg. loss 4.49240040e-03
INFO:root:time taken for epoch 0:00:53.899969
INFO:root:Epoch 118
INFO:root:[118,     0] loss: 4.119547e-03 masks: 16.0 20.0 [wd: 6.12e-02] [lr: 9.71e-04] [mem: 5.74e+03] (158.1 ms)
INFO:root:[118,     0] grad_stats: [9.44e-05 1.33e-05] (4.11e-06, 4.20e-04)
INFO:root:[118,   116] loss: 4.501694e-03 masks: 21.5 17.5 [wd: 6.14e-02] [lr: 9.71e-04] [mem: 5.74e+03] (170.4 ms)
INFO:root:[118,   116] grad_stats: [5.90e-05 1.28e-05] (2.75e-06, 2.39e-04)
INFO:root:[118,   232] loss: 4.498443e-03 masks: 21.6 17.5 [wd: 6.15e-02] [lr: 9.71e-04] [mem: 5.74e+03] (171.0 ms)
INFO:root:[118,   232] grad_stats: [2.94e-04 2.33e-05] (5.62e-06, 3.76e-04)
INFO:root:avg. loss 4.49844297e-03
INFO:root:time taken for epoch 0:00:53.515264
INFO:root:Epoch 119
INFO:root:[119,     0] loss: 4.904922e-03 masks: 20.0 16.0 [wd: 6.15e-02] [lr: 9.71e-04] [mem: 5.74e+03] (163.6 ms)
INFO:root:[119,     0] grad_stats: [1.06e-04 1.29e-05] (3.37e-06, 2.53e-04)
INFO:root:[119,   116] loss: 4.550317e-03 masks: 22.2 17.3 [wd: 6.17e-02] [lr: 9.70e-04] [mem: 5.74e+03] (172.1 ms)
INFO:root:[119,   116] grad_stats: [1.40e-04 1.23e-05] (3.40e-06, 3.15e-04)
INFO:root:[119,   232] loss: 4.571095e-03 masks: 21.6 17.4 [wd: 6.19e-02] [lr: 9.70e-04] [mem: 5.74e+03] (171.1 ms)
INFO:root:[119,   232] grad_stats: [1.14e-04 1.75e-05] (4.75e-06, 5.45e-04)
INFO:root:avg. loss 4.57109477e-03
INFO:root:time taken for epoch 0:00:53.597048
INFO:root:Epoch 120
INFO:root:[120,     0] loss: 4.261424e-03 masks: 26.0 16.0 [wd: 6.19e-02] [lr: 9.70e-04] [mem: 5.74e+03] (180.3 ms)
INFO:root:[120,     0] grad_stats: [1.17e-04 1.39e-05] (4.51e-06, 3.35e-04)
INFO:root:[120,   116] loss: 4.553312e-03 masks: 22.1 17.2 [wd: 6.21e-02] [lr: 9.69e-04] [mem: 5.74e+03] (171.6 ms)
INFO:root:[120,   116] grad_stats: [3.30e-04 2.03e-05] (5.81e-06, 6.83e-04)
INFO:root:[120,   232] loss: 4.608694e-03 masks: 22.4 17.0 [wd: 6.23e-02] [lr: 9.69e-04] [mem: 5.74e+03] (172.8 ms)
INFO:root:[120,   232] grad_stats: [1.01e-04 1.44e-05] (4.31e-06, 3.57e-04)
INFO:root:avg. loss 4.60869373e-03
INFO:root:	Epoch 120, KNN accuracy train: 7.08083e-01, KNN accuracy train: 5.71667e-01
INFO:root:time taken for epoch 0:01:36.511102
INFO:root:Epoch 121
INFO:root:[121,     0] loss: 5.220589e-03 masks: 9.0 20.0 [wd: 6.23e-02] [lr: 9.69e-04] [mem: 5.74e+03] (138.5 ms)
INFO:root:[121,     0] grad_stats: [6.98e-05 1.82e-05] (3.20e-06, 2.27e-04)
INFO:root:[121,   116] loss: 4.579572e-03 masks: 22.2 17.2 [wd: 6.24e-02] [lr: 9.69e-04] [mem: 5.74e+03] (171.5 ms)
INFO:root:[121,   116] grad_stats: [1.97e-04 1.33e-05] (4.06e-06, 6.70e-04)
INFO:root:[121,   232] loss: 4.606910e-03 masks: 22.4 17.0 [wd: 6.26e-02] [lr: 9.68e-04] [mem: 5.74e+03] (172.5 ms)
INFO:root:[121,   232] grad_stats: [1.75e-04 1.86e-05] (4.72e-06, 2.41e-04)
INFO:root:avg. loss 4.60690973e-03
INFO:root:time taken for epoch 0:00:53.814653
INFO:root:Epoch 122
INFO:root:[122,     0] loss: 5.095368e-03 masks: 8.0 20.0 [wd: 6.26e-02] [lr: 9.68e-04] [mem: 5.74e+03] (136.1 ms)
INFO:root:[122,     0] grad_stats: [1.35e-04 1.45e-05] (4.68e-06, 2.72e-04)
INFO:root:[122,   116] loss: 4.619487e-03 masks: 22.5 17.2 [wd: 6.28e-02] [lr: 9.68e-04] [mem: 5.74e+03] (172.8 ms)
INFO:root:[122,   116] grad_stats: [2.62e-04 1.46e-05] (4.49e-06, 3.41e-04)
INFO:root:[122,   232] loss: 4.585771e-03 masks: 22.4 17.2 [wd: 6.30e-02] [lr: 9.67e-04] [mem: 5.74e+03] (173.1 ms)
INFO:root:[122,   232] grad_stats: [1.14e-04 1.59e-05] (4.06e-06, 5.22e-04)
INFO:root:avg. loss 4.58577083e-03
INFO:root:time taken for epoch 0:00:54.097560
INFO:root:Epoch 123
INFO:root:[123,     0] loss: 4.693653e-03 masks: 23.0 16.0 [wd: 6.30e-02] [lr: 9.67e-04] [mem: 5.74e+03] (170.1 ms)
INFO:root:[123,     0] grad_stats: [5.15e-05 2.12e-05] (4.09e-06, 2.62e-04)
INFO:root:[123,   116] loss: 4.587930e-03 masks: 21.8 17.4 [wd: 6.32e-02] [lr: 9.67e-04] [mem: 5.74e+03] (171.3 ms)
INFO:root:[123,   116] grad_stats: [1.06e-04 1.34e-05] (3.61e-06, 2.73e-04)
INFO:root:[123,   232] loss: 4.624689e-03 masks: 21.9 17.3 [wd: 6.34e-02] [lr: 9.67e-04] [mem: 5.74e+03] (171.8 ms)
INFO:root:[123,   232] grad_stats: [1.74e-04 2.33e-05] (5.46e-06, 3.45e-04)
INFO:root:avg. loss 4.62468892e-03
INFO:root:time taken for epoch 0:00:53.702450
INFO:root:Epoch 124
INFO:root:[124,     0] loss: 4.925489e-03 masks: 21.0 16.0 [wd: 6.34e-02] [lr: 9.67e-04] [mem: 5.74e+03] (165.9 ms)
INFO:root:[124,     0] grad_stats: [2.77e-04 1.64e-05] (4.78e-06, 3.38e-04)
INFO:root:[124,   116] loss: 4.667730e-03 masks: 22.1 17.3 [wd: 6.36e-02] [lr: 9.66e-04] [mem: 5.74e+03] (172.0 ms)
INFO:root:[124,   116] grad_stats: [8.72e-05 1.79e-05] (4.24e-06, 3.02e-04)
INFO:root:[124,   232] loss: 4.642686e-03 masks: 22.0 17.3 [wd: 6.37e-02] [lr: 9.66e-04] [mem: 5.74e+03] (172.3 ms)
INFO:root:[124,   232] grad_stats: [1.20e-04 1.33e-05] (4.57e-06, 2.37e-04)
INFO:root:avg. loss 4.64268603e-03
INFO:root:time taken for epoch 0:00:53.842190
INFO:root:Epoch 125
INFO:root:[125,     0] loss: 4.372035e-03 masks: 19.0 20.0 [wd: 6.37e-02] [lr: 9.66e-04] [mem: 5.74e+03] (166.8 ms)
INFO:root:[125,     0] grad_stats: [5.44e-05 1.75e-05] (3.91e-06, 1.92e-04)
INFO:root:[125,   116] loss: 4.663777e-03 masks: 22.1 17.2 [wd: 6.39e-02] [lr: 9.65e-04] [mem: 5.74e+03] (172.1 ms)
INFO:root:[125,   116] grad_stats: [7.83e-05 1.40e-05] (4.32e-06, 3.16e-04)
INFO:root:[125,   232] loss: 4.620285e-03 masks: 21.8 17.5 [wd: 6.41e-02] [lr: 9.65e-04] [mem: 5.74e+03] (172.0 ms)
INFO:root:[125,   232] grad_stats: [1.57e-04 1.46e-05] (3.32e-06, 2.35e-04)
INFO:root:avg. loss 4.62028485e-03
INFO:root:time taken for epoch 0:00:53.822271
INFO:root:Epoch 126
INFO:root:[126,     0] loss: 4.770753e-03 masks: 25.0 16.0 [wd: 6.41e-02] [lr: 9.65e-04] [mem: 5.74e+03] (177.0 ms)
INFO:root:[126,     0] grad_stats: [1.65e-04 1.40e-05] (4.06e-06, 2.98e-04)
INFO:root:[126,   116] loss: 4.580039e-03 masks: 22.7 17.3 [wd: 6.43e-02] [lr: 9.65e-04] [mem: 5.74e+03] (173.9 ms)
INFO:root:[126,   116] grad_stats: [1.17e-04 1.46e-05] (4.33e-06, 2.75e-04)
INFO:root:[126,   232] loss: 4.631030e-03 masks: 22.4 17.3 [wd: 6.45e-02] [lr: 9.64e-04] [mem: 5.74e+03] (173.4 ms)
INFO:root:[126,   232] grad_stats: [5.85e-05 1.11e-05] (3.87e-06, 2.48e-04)
INFO:root:avg. loss 4.63102977e-03
INFO:root:time taken for epoch 0:00:54.106739
INFO:root:Epoch 127
INFO:root:[127,     0] loss: 5.403229e-03 masks: 11.0 20.0 [wd: 6.45e-02] [lr: 9.64e-04] [mem: 5.74e+03] (142.7 ms)
INFO:root:[127,     0] grad_stats: [9.13e-05 1.73e-05] (4.00e-06, 1.82e-04)
INFO:root:[127,   116] loss: 4.706076e-03 masks: 22.4 17.1 [wd: 6.47e-02] [lr: 9.64e-04] [mem: 5.74e+03] (172.7 ms)
INFO:root:[127,   116] grad_stats: [1.67e-04 1.59e-05] (3.94e-06, 2.50e-04)
INFO:root:[127,   232] loss: 4.679886e-03 masks: 22.0 17.3 [wd: 6.49e-02] [lr: 9.63e-04] [mem: 5.74e+03] (172.1 ms)
INFO:root:[127,   232] grad_stats: [7.93e-05 1.30e-05] (2.97e-06, 2.53e-04)
INFO:root:avg. loss 4.67988558e-03
INFO:root:time taken for epoch 0:00:53.816542
INFO:root:Epoch 128
INFO:root:[128,     0] loss: 5.280626e-03 masks: 20.0 16.0 [wd: 6.49e-02] [lr: 9.63e-04] [mem: 5.74e+03] (165.9 ms)
INFO:root:[128,     0] grad_stats: [6.74e-05 1.44e-05] (4.02e-06, 2.92e-04)
INFO:root:[128,   116] loss: 4.704227e-03 masks: 22.2 17.1 [wd: 6.51e-02] [lr: 9.63e-04] [mem: 5.74e+03] (172.2 ms)
INFO:root:[128,   116] grad_stats: [8.82e-05 1.45e-05] (3.75e-06, 2.56e-04)
INFO:root:[128,   232] loss: 4.702869e-03 masks: 21.8 17.4 [wd: 6.53e-02] [lr: 9.63e-04] [mem: 5.74e+03] (171.9 ms)
INFO:root:[128,   232] grad_stats: [1.41e-04 1.35e-05] (4.01e-06, 5.45e-04)
INFO:root:avg. loss 4.70286858e-03
INFO:root:time taken for epoch 0:00:53.756632
INFO:root:Epoch 129
INFO:root:[129,     0] loss: 4.799102e-03 masks: 21.0 16.0 [wd: 6.53e-02] [lr: 9.63e-04] [mem: 5.74e+03] (167.0 ms)
INFO:root:[129,     0] grad_stats: [1.36e-04 1.68e-05] (4.68e-06, 6.75e-04)
INFO:root:[129,   116] loss: 4.643756e-03 masks: 21.4 17.6 [wd: 6.55e-02] [lr: 9.62e-04] [mem: 5.74e+03] (170.6 ms)
INFO:root:[129,   116] grad_stats: [1.02e-04 1.27e-05] (2.84e-06, 2.29e-04)
INFO:root:[129,   232] loss: 4.678060e-03 masks: 21.5 17.5 [wd: 6.56e-02] [lr: 9.62e-04] [mem: 5.74e+03] (171.1 ms)
INFO:root:[129,   232] grad_stats: [5.87e-05 1.46e-05] (3.98e-06, 3.20e-04)
INFO:root:avg. loss 4.67806037e-03
INFO:root:time taken for epoch 0:00:53.575778
INFO:root:Epoch 130
INFO:root:[130,     0] loss: 4.059992e-03 masks: 19.0 20.0 [wd: 6.56e-02] [lr: 9.62e-04] [mem: 5.74e+03] (166.3 ms)
INFO:root:[130,     0] grad_stats: [6.14e-05 1.39e-05] (3.86e-06, 3.70e-04)
INFO:root:[130,   116] loss: 4.692724e-03 masks: 22.1 17.3 [wd: 6.58e-02] [lr: 9.61e-04] [mem: 5.74e+03] (172.0 ms)
INFO:root:[130,   116] grad_stats: [1.59e-04 1.26e-05] (3.91e-06, 2.70e-04)
INFO:root:[130,   232] loss: 4.688307e-03 masks: 22.3 17.2 [wd: 6.60e-02] [lr: 9.61e-04] [mem: 5.74e+03] (172.9 ms)
INFO:root:[130,   232] grad_stats: [6.94e-05 1.78e-05] (4.20e-06, 2.54e-04)
INFO:root:avg. loss 4.68830700e-03
INFO:root:time taken for epoch 0:00:54.007739
INFO:root:Epoch 131
INFO:root:[131,     0] loss: 4.859683e-03 masks: 16.0 20.0 [wd: 6.60e-02] [lr: 9.61e-04] [mem: 5.74e+03] (157.4 ms)
INFO:root:[131,     0] grad_stats: [6.78e-05 1.52e-05] (4.36e-06, 2.49e-04)
INFO:root:[131,   116] loss: 4.755052e-03 masks: 21.9 17.2 [wd: 6.62e-02] [lr: 9.60e-04] [mem: 5.74e+03] (171.5 ms)
INFO:root:[131,   116] grad_stats: [1.77e-04 1.84e-05] (5.96e-06, 3.14e-04)
INFO:root:[131,   232] loss: 4.768364e-03 masks: 22.0 17.2 [wd: 6.64e-02] [lr: 9.60e-04] [mem: 5.74e+03] (172.2 ms)
INFO:root:[131,   232] grad_stats: [8.55e-05 1.78e-05] (4.57e-06, 2.74e-04)
INFO:root:avg. loss 4.76836357e-03
INFO:root:time taken for epoch 0:00:53.802886
INFO:root:Epoch 132
INFO:root:[132,     0] loss: 5.077899e-03 masks: 37.0 12.0 [wd: 6.64e-02] [lr: 9.60e-04] [mem: 5.74e+03] (204.9 ms)
INFO:root:[132,     0] grad_stats: [1.75e-04 1.67e-05] (4.37e-06, 2.76e-04)
INFO:root:[132,   116] loss: 4.672818e-03 masks: 21.6 17.6 [wd: 6.66e-02] [lr: 9.60e-04] [mem: 5.74e+03] (171.2 ms)
INFO:root:[132,   116] grad_stats: [1.08e-04 1.95e-05] (5.21e-06, 2.44e-04)
INFO:root:[132,   232] loss: 4.705273e-03 masks: 21.6 17.5 [wd: 6.68e-02] [lr: 9.59e-04] [mem: 5.74e+03] (171.5 ms)
INFO:root:[132,   232] grad_stats: [2.68e-04 1.58e-05] (5.24e-06, 3.53e-04)
INFO:root:avg. loss 4.70527257e-03
INFO:root:time taken for epoch 0:00:53.558828
INFO:root:Epoch 133
INFO:root:[133,     0] loss: 4.112017e-03 masks: 17.0 20.0 [wd: 6.68e-02] [lr: 9.59e-04] [mem: 5.74e+03] (159.9 ms)
INFO:root:[133,     0] grad_stats: [1.09e-04 1.41e-05] (3.80e-06, 3.29e-04)
INFO:root:[133,   116] loss: 4.664393e-03 masks: 21.4 17.8 [wd: 6.70e-02] [lr: 9.59e-04] [mem: 5.74e+03] (171.0 ms)
INFO:root:[133,   116] grad_stats: [7.18e-05 1.37e-05] (4.45e-06, 6.32e-04)
INFO:root:[133,   232] loss: 4.778704e-03 masks: 21.6 17.4 [wd: 6.72e-02] [lr: 9.58e-04] [mem: 5.74e+03] (171.2 ms)
INFO:root:[133,   232] grad_stats: [6.39e-05 1.22e-05] (3.18e-06, 3.43e-04)
INFO:root:avg. loss 4.77870418e-03
INFO:root:time taken for epoch 0:00:53.622777
INFO:root:Epoch 134
INFO:root:[134,     0] loss: 5.744367e-03 masks: 9.0 20.0 [wd: 6.72e-02] [lr: 9.58e-04] [mem: 5.74e+03] (137.4 ms)
INFO:root:[134,     0] grad_stats: [1.90e-04 1.53e-05] (4.02e-06, 2.47e-04)
INFO:root:[134,   116] loss: 4.889615e-03 masks: 22.6 16.8 [wd: 6.74e-02] [lr: 9.58e-04] [mem: 5.74e+03] (172.6 ms)
INFO:root:[134,   116] grad_stats: [8.18e-05 1.64e-05] (4.91e-06, 4.07e-04)
INFO:root:[134,   232] loss: 4.816127e-03 masks: 21.9 17.2 [wd: 6.76e-02] [lr: 9.57e-04] [mem: 5.74e+03] (171.8 ms)
INFO:root:[134,   232] grad_stats: [8.67e-05 1.54e-05] (5.06e-06, 3.00e-04)
INFO:root:avg. loss 4.81612679e-03
INFO:root:time taken for epoch 0:00:53.747932
INFO:root:Epoch 135
INFO:root:[135,     0] loss: 4.007078e-03 masks: 20.0 20.0 [wd: 6.76e-02] [lr: 9.57e-04] [mem: 5.74e+03] (168.0 ms)
INFO:root:[135,     0] grad_stats: [1.15e-04 1.11e-05] (3.83e-06, 4.06e-04)
INFO:root:[135,   116] loss: 4.787709e-03 masks: 22.8 17.1 [wd: 6.78e-02] [lr: 9.57e-04] [mem: 5.74e+03] (173.9 ms)
INFO:root:[135,   116] grad_stats: [1.33e-04 1.34e-05] (4.28e-06, 2.41e-04)
INFO:root:[135,   232] loss: 4.795104e-03 masks: 22.0 17.4 [wd: 6.80e-02] [lr: 9.57e-04] [mem: 5.74e+03] (172.4 ms)
INFO:root:[135,   232] grad_stats: [1.11e-04 1.41e-05] (3.71e-06, 2.30e-04)
INFO:root:avg. loss 4.79510366e-03
INFO:root:time taken for epoch 0:00:53.887956
INFO:root:Epoch 136
INFO:root:[136,     0] loss: 4.835701e-03 masks: 14.0 20.0 [wd: 6.80e-02] [lr: 9.57e-04] [mem: 5.74e+03] (153.6 ms)
INFO:root:[136,     0] grad_stats: [1.50e-04 1.26e-05] (4.19e-06, 3.76e-04)
INFO:root:[136,   116] loss: 4.780791e-03 masks: 21.7 17.4 [wd: 6.82e-02] [lr: 9.56e-04] [mem: 5.74e+03] (171.1 ms)
INFO:root:[136,   116] grad_stats: [7.73e-05 1.28e-05] (4.36e-06, 3.18e-04)
INFO:root:[136,   232] loss: 4.764506e-03 masks: 21.9 17.3 [wd: 6.84e-02] [lr: 9.56e-04] [mem: 5.74e+03] (172.1 ms)
INFO:root:[136,   232] grad_stats: [1.89e-04 1.49e-05] (4.08e-06, 3.13e-04)
INFO:root:avg. loss 4.76450637e-03
INFO:root:time taken for epoch 0:00:53.834536
INFO:root:Epoch 137
INFO:root:[137,     0] loss: 5.802007e-03 masks: 17.0 16.0 [wd: 6.84e-02] [lr: 9.56e-04] [mem: 5.74e+03] (156.1 ms)
INFO:root:[137,     0] grad_stats: [1.32e-04 2.06e-05] (5.83e-06, 5.48e-04)
INFO:root:[137,   116] loss: 4.761466e-03 masks: 22.6 17.3 [wd: 6.86e-02] [lr: 9.55e-04] [mem: 5.74e+03] (173.4 ms)
INFO:root:[137,   116] grad_stats: [1.01e-04 1.86e-05] (5.56e-06, 4.09e-04)
INFO:root:[137,   232] loss: 4.786217e-03 masks: 22.8 17.2 [wd: 6.88e-02] [lr: 9.55e-04] [mem: 5.74e+03] (174.2 ms)
INFO:root:[137,   232] grad_stats: [9.27e-05 1.81e-05] (5.16e-06, 5.71e-04)
INFO:root:avg. loss 4.78621677e-03
INFO:root:time taken for epoch 0:00:54.140860
INFO:root:Epoch 138
INFO:root:[138,     0] loss: 4.580931e-03 masks: 25.0 16.0 [wd: 6.88e-02] [lr: 9.55e-04] [mem: 5.74e+03] (174.5 ms)
INFO:root:[138,     0] grad_stats: [1.07e-04 1.54e-05] (4.15e-06, 3.60e-04)
INFO:root:[138,   116] loss: 4.801226e-03 masks: 22.3 17.2 [wd: 6.90e-02] [lr: 9.54e-04] [mem: 5.74e+03] (172.6 ms)
INFO:root:[138,   116] grad_stats: [3.02e-04 2.24e-05] (6.92e-06, 5.06e-04)
INFO:root:[138,   232] loss: 4.796207e-03 masks: 21.9 17.4 [wd: 6.92e-02] [lr: 9.54e-04] [mem: 5.74e+03] (172.3 ms)
INFO:root:[138,   232] grad_stats: [5.18e-05 1.57e-05] (4.39e-06, 3.54e-04)
INFO:root:avg. loss 4.79620679e-03
INFO:root:time taken for epoch 0:00:53.863740
INFO:root:Epoch 139
INFO:root:[139,     0] loss: 5.552111e-03 masks: 33.0 12.0 [wd: 6.92e-02] [lr: 9.54e-04] [mem: 5.74e+03] (192.9 ms)
INFO:root:[139,     0] grad_stats: [1.17e-04 2.14e-05] (5.24e-06, 4.55e-04)
INFO:root:[139,   116] loss: 4.835798e-03 masks: 22.4 17.2 [wd: 6.95e-02] [lr: 9.53e-04] [mem: 5.74e+03] (172.8 ms)
INFO:root:[139,   116] grad_stats: [1.06e-04 1.54e-05] (3.87e-06, 3.00e-04)
INFO:root:[139,   232] loss: 4.847696e-03 masks: 21.8 17.3 [wd: 6.97e-02] [lr: 9.53e-04] [mem: 5.74e+03] (171.8 ms)
INFO:root:[139,   232] grad_stats: [1.06e-04 1.24e-05] (4.15e-06, 2.03e-04)
INFO:root:avg. loss 4.84769583e-03
INFO:root:time taken for epoch 0:00:53.708609
INFO:root:Epoch 140
INFO:root:[140,     0] loss: 4.384629e-03 masks: 26.0 16.0 [wd: 6.97e-02] [lr: 9.53e-04] [mem: 5.74e+03] (180.7 ms)
INFO:root:[140,     0] grad_stats: [1.29e-04 1.33e-05] (4.00e-06, 7.07e-04)
INFO:root:[140,   116] loss: 4.890492e-03 masks: 22.0 17.2 [wd: 6.99e-02] [lr: 9.52e-04] [mem: 5.74e+03] (171.7 ms)
INFO:root:[140,   116] grad_stats: [1.35e-04 1.28e-05] (3.76e-06, 3.39e-04)
INFO:root:[140,   232] loss: 4.912920e-03 masks: 22.1 17.1 [wd: 7.01e-02] [lr: 9.52e-04] [mem: 5.74e+03] (172.3 ms)
INFO:root:[140,   232] grad_stats: [2.42e-04 1.82e-05] (6.18e-06, 5.27e-04)
INFO:root:avg. loss 4.91292011e-03
INFO:root:	Epoch 140, KNN accuracy train: 7.12303e-01, KNN accuracy train: 5.61000e-01
INFO:root:time taken for epoch 0:01:36.230853
INFO:root:Epoch 141
INFO:root:[141,     0] loss: 4.363292e-03 masks: 18.0 20.0 [wd: 7.01e-02] [lr: 9.52e-04] [mem: 5.74e+03] (164.7 ms)
INFO:root:[141,     0] grad_stats: [1.15e-04 1.21e-05] (3.67e-06, 2.24e-04)
INFO:root:[141,   116] loss: 4.842026e-03 masks: 22.6 17.3 [wd: 7.03e-02] [lr: 9.51e-04] [mem: 5.74e+03] (172.8 ms)
INFO:root:[141,   116] grad_stats: [1.84e-04 1.88e-05] (5.49e-06, 3.62e-04)
INFO:root:[141,   232] loss: 4.864429e-03 masks: 21.8 17.4 [wd: 7.05e-02] [lr: 9.51e-04] [mem: 5.74e+03] (171.4 ms)
INFO:root:[141,   232] grad_stats: [1.28e-04 1.29e-05] (4.19e-06, 3.84e-04)
INFO:root:avg. loss 4.86442900e-03
INFO:root:time taken for epoch 0:00:53.633062
INFO:root:Epoch 142
INFO:root:[142,     0] loss: 3.872660e-03 masks: 20.0 20.0 [wd: 7.05e-02] [lr: 9.51e-04] [mem: 5.74e+03] (167.2 ms)
INFO:root:[142,     0] grad_stats: [8.31e-05 1.49e-05] (3.84e-06, 4.25e-04)
INFO:root:[142,   116] loss: 4.904325e-03 masks: 22.1 17.3 [wd: 7.07e-02] [lr: 9.50e-04] [mem: 5.74e+03] (172.0 ms)
INFO:root:[142,   116] grad_stats: [1.01e-04 1.03e-05] (3.13e-06, 2.13e-04)
INFO:root:[142,   232] loss: 4.934378e-03 masks: 21.9 17.2 [wd: 7.09e-02] [lr: 9.50e-04] [mem: 5.74e+03] (171.8 ms)
INFO:root:[142,   232] grad_stats: [1.08e-04 1.33e-05] (3.60e-06, 3.20e-04)
INFO:root:avg. loss 4.93437839e-03
INFO:root:time taken for epoch 0:00:53.794706
INFO:root:Epoch 143
INFO:root:[143,     0] loss: 4.955810e-03 masks: 15.0 20.0 [wd: 7.09e-02] [lr: 9.50e-04] [mem: 5.74e+03] (155.0 ms)
INFO:root:[143,     0] grad_stats: [1.26e-04 1.53e-05] (5.15e-06, 3.82e-04)
INFO:root:[143,   116] loss: 4.941987e-03 masks: 21.9 17.3 [wd: 7.11e-02] [lr: 9.49e-04] [mem: 5.74e+03] (171.3 ms)
INFO:root:[143,   116] grad_stats: [1.84e-04 1.98e-05] (7.85e-06, 1.03e-03)
INFO:root:[143,   232] loss: 4.948212e-03 masks: 22.2 17.2 [wd: 7.13e-02] [lr: 9.49e-04] [mem: 5.74e+03] (172.4 ms)
INFO:root:[143,   232] grad_stats: [1.35e-04 1.73e-05] (5.11e-06, 6.75e-04)
INFO:root:avg. loss 4.94821164e-03
INFO:root:time taken for epoch 0:00:53.902793
INFO:root:Epoch 144
INFO:root:[144,     0] loss: 4.279702e-03 masks: 25.0 16.0 [wd: 7.13e-02] [lr: 9.49e-04] [mem: 5.74e+03] (176.8 ms)
INFO:root:[144,     0] grad_stats: [1.86e-04 1.30e-05] (4.84e-06, 4.10e-04)
INFO:root:[144,   116] loss: 4.745516e-03 masks: 22.4 17.5 [wd: 7.16e-02] [lr: 9.49e-04] [mem: 5.74e+03] (173.4 ms)
INFO:root:[144,   116] grad_stats: [1.22e-04 1.33e-05] (4.71e-06, 3.45e-04)
INFO:root:[144,   232] loss: 4.863993e-03 masks: 22.3 17.3 [wd: 7.18e-02] [lr: 9.48e-04] [mem: 5.74e+03] (173.2 ms)
INFO:root:[144,   232] grad_stats: [2.12e-04 1.49e-05] (4.33e-06, 3.90e-04)
INFO:root:avg. loss 4.86399325e-03
INFO:root:time taken for epoch 0:00:53.999903
INFO:root:Epoch 145
INFO:root:[145,     0] loss: 5.625240e-03 masks: 36.0 12.0 [wd: 7.18e-02] [lr: 9.48e-04] [mem: 5.74e+03] (203.1 ms)
INFO:root:[145,     0] grad_stats: [8.70e-05 2.12e-05] (4.86e-06, 3.78e-04)
INFO:root:[145,   116] loss: 4.902977e-03 masks: 22.1 17.3 [wd: 7.20e-02] [lr: 9.48e-04] [mem: 5.74e+03] (172.0 ms)
INFO:root:[145,   116] grad_stats: [1.03e-04 2.58e-05] (6.57e-06, 5.97e-04)
INFO:root:[145,   232] loss: 4.877264e-03 masks: 21.7 17.5 [wd: 7.22e-02] [lr: 9.47e-04] [mem: 5.74e+03] (171.6 ms)
INFO:root:[145,   232] grad_stats: [8.52e-05 1.34e-05] (3.86e-06, 2.29e-04)
INFO:root:avg. loss 4.87726434e-03
INFO:root:time taken for epoch 0:00:53.721387
INFO:root:Epoch 146
INFO:root:[146,     0] loss: 5.155551e-03 masks: 24.0 16.0 [wd: 7.22e-02] [lr: 9.47e-04] [mem: 5.74e+03] (174.9 ms)
INFO:root:[146,     0] grad_stats: [6.41e-05 1.31e-05] (4.31e-06, 2.76e-04)
INFO:root:[146,   116] loss: 4.961922e-03 masks: 21.8 17.3 [wd: 7.24e-02] [lr: 9.47e-04] [mem: 5.74e+03] (171.2 ms)
INFO:root:[146,   116] grad_stats: [8.33e-05 1.64e-05] (4.49e-06, 4.84e-04)
INFO:root:[146,   232] loss: 5.010379e-03 masks: 22.4 17.0 [wd: 7.26e-02] [lr: 9.46e-04] [mem: 5.74e+03] (173.0 ms)
INFO:root:[146,   232] grad_stats: [1.58e-04 1.85e-05] (5.93e-06, 3.40e-04)
INFO:root:avg. loss 5.01037927e-03
INFO:root:time taken for epoch 0:00:54.076364
INFO:root:Epoch 147
INFO:root:[147,     0] loss: 4.982042e-03 masks: 21.0 16.0 [wd: 7.26e-02] [lr: 9.46e-04] [mem: 5.74e+03] (166.4 ms)
INFO:root:[147,     0] grad_stats: [1.36e-04 1.47e-05] (4.82e-06, 3.46e-04)
INFO:root:[147,   116] loss: 5.026816e-03 masks: 23.4 16.7 [wd: 7.28e-02] [lr: 9.46e-04] [mem: 5.74e+03] (174.9 ms)
INFO:root:[147,   116] grad_stats: [1.44e-04 1.55e-05] (5.76e-06, 3.56e-04)
INFO:root:[147,   232] loss: 4.959450e-03 masks: 22.6 17.1 [wd: 7.31e-02] [lr: 9.45e-04] [mem: 5.74e+03] (173.8 ms)
INFO:root:[147,   232] grad_stats: [1.29e-04 1.17e-05] (3.73e-06, 2.34e-04)
INFO:root:avg. loss 4.95945029e-03
INFO:root:time taken for epoch 0:00:54.227077
INFO:root:Epoch 148
INFO:root:[148,     0] loss: 3.983094e-03 masks: 19.0 20.0 [wd: 7.31e-02] [lr: 9.45e-04] [mem: 5.74e+03] (166.6 ms)
INFO:root:[148,     0] grad_stats: [7.68e-05 1.09e-05] (3.45e-06, 3.81e-04)
INFO:root:[148,   116] loss: 4.981756e-03 masks: 22.4 17.2 [wd: 7.33e-02] [lr: 9.45e-04] [mem: 5.74e+03] (173.0 ms)
INFO:root:[148,   116] grad_stats: [1.66e-04 1.72e-05] (6.36e-06, 7.19e-04)
INFO:root:[148,   232] loss: 4.986182e-03 masks: 22.1 17.2 [wd: 7.35e-02] [lr: 9.44e-04] [mem: 5.74e+03] (172.7 ms)
INFO:root:[148,   232] grad_stats: [4.62e-05 1.60e-05] (4.41e-06, 5.20e-04)
INFO:root:avg. loss 4.98618157e-03
INFO:root:time taken for epoch 0:00:53.934192
INFO:root:Epoch 149
INFO:root:[149,     0] loss: 5.389171e-03 masks: 23.0 16.0 [wd: 7.35e-02] [lr: 9.44e-04] [mem: 5.74e+03] (171.1 ms)
INFO:root:[149,     0] grad_stats: [7.64e-05 1.59e-05] (4.76e-06, 4.90e-04)
INFO:root:[149,   116] loss: 4.981549e-03 masks: 21.6 17.4 [wd: 7.37e-02] [lr: 9.44e-04] [mem: 5.74e+03] (171.0 ms)
INFO:root:[149,   116] grad_stats: [4.48e-05 1.37e-05] (4.40e-06, 2.04e-04)
INFO:root:[149,   232] loss: 4.987708e-03 masks: 21.4 17.4 [wd: 7.39e-02] [lr: 9.43e-04] [mem: 5.74e+03] (170.9 ms)
INFO:root:[149,   232] grad_stats: [1.49e-04 1.71e-05] (4.54e-06, 5.06e-04)
INFO:root:avg. loss 4.98770825e-03
INFO:root:time taken for epoch 0:00:53.556537
INFO:root:Epoch 150
INFO:root:[150,     0] loss: 5.001369e-03 masks: 26.0 16.0 [wd: 7.39e-02] [lr: 9.43e-04] [mem: 5.74e+03] (180.6 ms)
INFO:root:[150,     0] grad_stats: [1.27e-04 2.15e-05] (6.50e-06, 6.09e-04)
INFO:root:[150,   116] loss: 5.044091e-03 masks: 22.3 17.1 [wd: 7.42e-02] [lr: 9.43e-04] [mem: 5.74e+03] (172.6 ms)
INFO:root:[150,   116] grad_stats: [1.25e-04 1.94e-05] (5.16e-06, 3.55e-04)
INFO:root:[150,   232] loss: 4.984188e-03 masks: 22.1 17.2 [wd: 7.44e-02] [lr: 9.42e-04] [mem: 5.74e+03] (172.5 ms)
INFO:root:[150,   232] grad_stats: [1.31e-04 2.11e-05] (6.88e-06, 1.08e-03)
INFO:root:avg. loss 4.98418769e-03
INFO:root:time taken for epoch 0:00:53.876576
INFO:root:Epoch 151
INFO:root:[151,     0] loss: 4.633243e-03 masks: 16.0 20.0 [wd: 7.44e-02] [lr: 9.42e-04] [mem: 5.74e+03] (158.2 ms)
INFO:root:[151,     0] grad_stats: [6.50e-05 1.56e-05] (4.01e-06, 3.66e-04)
INFO:root:[151,   116] loss: 4.952149e-03 masks: 22.4 17.2 [wd: 7.46e-02] [lr: 9.41e-04] [mem: 5.74e+03] (172.9 ms)
INFO:root:[151,   116] grad_stats: [3.56e-04 1.77e-05] (6.39e-06, 4.42e-04)
INFO:root:[151,   232] loss: 4.973561e-03 masks: 22.7 17.0 [wd: 7.48e-02] [lr: 9.41e-04] [mem: 5.74e+03] (174.0 ms)
INFO:root:[151,   232] grad_stats: [6.03e-05 1.59e-05] (4.66e-06, 2.51e-04)
INFO:root:avg. loss 4.97356051e-03
INFO:root:time taken for epoch 0:00:54.263519
INFO:root:Epoch 152
INFO:root:[152,     0] loss: 5.385645e-03 masks: 25.0 16.0 [wd: 7.48e-02] [lr: 9.41e-04] [mem: 5.74e+03] (176.4 ms)
INFO:root:[152,     0] grad_stats: [2.06e-04 2.12e-05] (4.89e-06, 4.62e-04)
INFO:root:[152,   116] loss: 5.052736e-03 masks: 22.9 16.9 [wd: 7.50e-02] [lr: 9.40e-04] [mem: 5.74e+03] (174.0 ms)
INFO:root:[152,   116] grad_stats: [1.24e-04 1.93e-05] (5.91e-06, 5.25e-04)
INFO:root:[152,   232] loss: 4.994696e-03 masks: 22.3 17.2 [wd: 7.53e-02] [lr: 9.40e-04] [mem: 5.74e+03] (173.0 ms)
INFO:root:[152,   232] grad_stats: [4.44e-05 1.43e-05] (3.63e-06, 2.60e-04)
INFO:root:avg. loss 4.99469566e-03
INFO:root:time taken for epoch 0:00:53.900383
INFO:root:Epoch 153
INFO:root:[153,     0] loss: 4.523057e-03 masks: 21.0 20.0 [wd: 7.53e-02] [lr: 9.40e-04] [mem: 5.74e+03] (170.9 ms)
INFO:root:[153,     0] grad_stats: [1.19e-04 1.74e-05] (4.11e-06, 2.64e-04)
INFO:root:[153,   116] loss: 5.031143e-03 masks: 21.7 17.5 [wd: 7.55e-02] [lr: 9.39e-04] [mem: 5.74e+03] (171.5 ms)
INFO:root:[153,   116] grad_stats: [5.80e-05 1.46e-05] (3.98e-06, 4.34e-04)
INFO:root:[153,   232] loss: 5.020480e-03 masks: 22.0 17.3 [wd: 7.57e-02] [lr: 9.39e-04] [mem: 5.74e+03] (172.5 ms)
INFO:root:[153,   232] grad_stats: [2.85e-04 1.61e-05] (6.27e-06, 5.83e-04)
INFO:root:avg. loss 5.02048021e-03
INFO:root:time taken for epoch 0:00:53.897740
INFO:root:Epoch 154
INFO:root:[154,     0] loss: 4.595939e-03 masks: 21.0 20.0 [wd: 7.57e-02] [lr: 9.39e-04] [mem: 5.74e+03] (171.3 ms)
INFO:root:[154,     0] grad_stats: [9.99e-05 1.43e-05] (5.16e-06, 3.49e-04)
INFO:root:[154,   116] loss: 4.986113e-03 masks: 21.1 17.7 [wd: 7.59e-02] [lr: 9.38e-04] [mem: 5.74e+03] (170.2 ms)
INFO:root:[154,   116] grad_stats: [5.26e-05 1.56e-05] (5.83e-06, 3.50e-04)
INFO:root:[154,   232] loss: 5.038293e-03 masks: 22.1 17.2 [wd: 7.62e-02] [lr: 9.38e-04] [mem: 5.74e+03] (172.7 ms)
INFO:root:[154,   232] grad_stats: [1.80e-04 1.87e-05] (6.31e-06, 6.59e-04)
INFO:root:avg. loss 5.03829324e-03
INFO:root:time taken for epoch 0:00:53.973096
INFO:root:Epoch 155
INFO:root:[155,     0] loss: 4.839255e-03 masks: 25.0 16.0 [wd: 7.62e-02] [lr: 9.38e-04] [mem: 5.74e+03] (175.5 ms)
INFO:root:[155,     0] grad_stats: [6.96e-05 1.54e-05] (4.96e-06, 3.50e-04)
INFO:root:[155,   116] loss: 5.007845e-03 masks: 22.8 16.9 [wd: 7.64e-02] [lr: 9.37e-04] [mem: 5.74e+03] (173.8 ms)
INFO:root:[155,   116] grad_stats: [1.80e-04 1.56e-05] (4.84e-06, 3.05e-04)
INFO:root:[155,   232] loss: 5.058503e-03 masks: 22.3 17.0 [wd: 7.66e-02] [lr: 9.37e-04] [mem: 5.74e+03] (172.8 ms)
INFO:root:[155,   232] grad_stats: [1.45e-04 1.53e-05] (4.70e-06, 2.59e-04)
INFO:root:avg. loss 5.05850307e-03
INFO:root:time taken for epoch 0:00:53.938841
INFO:root:Epoch 156
INFO:root:[156,     0] loss: 4.410783e-03 masks: 23.0 20.0 [wd: 7.66e-02] [lr: 9.37e-04] [mem: 5.74e+03] (176.8 ms)
INFO:root:[156,     0] grad_stats: [3.55e-05 1.33e-05] (3.56e-06, 2.17e-04)
INFO:root:[156,   116] loss: 5.019195e-03 masks: 22.5 17.1 [wd: 7.69e-02] [lr: 9.36e-04] [mem: 5.74e+03] (172.8 ms)
INFO:root:[156,   116] grad_stats: [1.46e-04 2.00e-05] (4.78e-06, 2.47e-04)
INFO:root:[156,   232] loss: 5.031871e-03 masks: 22.3 17.2 [wd: 7.71e-02] [lr: 9.36e-04] [mem: 5.74e+03] (172.8 ms)
INFO:root:[156,   232] grad_stats: [2.04e-04 2.00e-05] (5.68e-06, 5.31e-04)
INFO:root:avg. loss 5.03187091e-03
INFO:root:time taken for epoch 0:00:53.951718
INFO:root:Epoch 157
INFO:root:[157,     0] loss: 4.735476e-03 masks: 16.0 20.0 [wd: 7.71e-02] [lr: 9.36e-04] [mem: 5.74e+03] (156.8 ms)
INFO:root:[157,     0] grad_stats: [5.96e-05 1.67e-05] (5.29e-06, 4.07e-04)
INFO:root:[157,   116] loss: 4.961595e-03 masks: 21.6 17.6 [wd: 7.73e-02] [lr: 9.35e-04] [mem: 5.74e+03] (171.1 ms)
INFO:root:[157,   116] grad_stats: [1.76e-04 1.90e-05] (4.96e-06, 3.14e-04)
INFO:root:[157,   232] loss: 5.020246e-03 masks: 21.5 17.5 [wd: 7.75e-02] [lr: 9.35e-04] [mem: 5.74e+03] (171.3 ms)
INFO:root:[157,   232] grad_stats: [7.06e-05 1.75e-05] (6.12e-06, 4.41e-04)
INFO:root:avg. loss 5.02024615e-03
INFO:root:time taken for epoch 0:00:53.630434
INFO:root:Epoch 158
INFO:root:[158,     0] loss: 5.318972e-03 masks: 26.0 16.0 [wd: 7.75e-02] [lr: 9.35e-04] [mem: 5.74e+03] (180.5 ms)
INFO:root:[158,     0] grad_stats: [8.74e-05 2.19e-05] (6.10e-06, 9.11e-04)
INFO:root:[158,   116] loss: 5.149062e-03 masks: 22.0 17.2 [wd: 7.78e-02] [lr: 9.34e-04] [mem: 5.74e+03] (171.7 ms)
INFO:root:[158,   116] grad_stats: [8.91e-05 2.08e-05] (6.26e-06, 8.94e-04)
INFO:root:[158,   232] loss: 5.070686e-03 masks: 22.2 17.3 [wd: 7.80e-02] [lr: 9.33e-04] [mem: 5.74e+03] (172.7 ms)
INFO:root:[158,   232] grad_stats: [1.33e-04 1.81e-05] (5.60e-06, 3.78e-04)
INFO:root:avg. loss 5.07068639e-03
INFO:root:time taken for epoch 0:00:53.840849
INFO:root:Epoch 159
INFO:root:[159,     0] loss: 5.157613e-03 masks: 25.0 16.0 [wd: 7.80e-02] [lr: 9.33e-04] [mem: 5.74e+03] (178.0 ms)
INFO:root:[159,     0] grad_stats: [1.03e-04 1.64e-05] (4.60e-06, 1.88e-04)
INFO:root:[159,   116] loss: 5.049072e-03 masks: 21.4 17.5 [wd: 7.82e-02] [lr: 9.33e-04] [mem: 5.74e+03] (170.7 ms)
INFO:root:[159,   116] grad_stats: [5.65e-05 2.55e-05] (6.30e-06, 5.65e-04)
INFO:root:[159,   232] loss: 5.125701e-03 masks: 21.6 17.3 [wd: 7.85e-02] [lr: 9.32e-04] [mem: 5.74e+03] (171.2 ms)
INFO:root:[159,   232] grad_stats: [2.54e-04 1.46e-05] (4.62e-06, 3.23e-04)
INFO:root:avg. loss 5.12570125e-03
INFO:root:time taken for epoch 0:00:53.649991
INFO:root:Epoch 160
INFO:root:[160,     0] loss: 5.308512e-03 masks: 17.0 20.0 [wd: 7.85e-02] [lr: 9.32e-04] [mem: 5.74e+03] (160.9 ms)
INFO:root:[160,     0] grad_stats: [2.08e-04 1.94e-05] (5.18e-06, 4.57e-04)
INFO:root:[160,   116] loss: 5.078299e-03 masks: 22.6 17.1 [wd: 7.87e-02] [lr: 9.32e-04] [mem: 5.74e+03] (173.2 ms)
INFO:root:[160,   116] grad_stats: [5.17e-05 1.24e-05] (3.75e-06, 2.12e-04)
INFO:root:[160,   232] loss: 5.114651e-03 masks: 22.7 17.0 [wd: 7.89e-02] [lr: 9.31e-04] [mem: 5.74e+03] (173.8 ms)
INFO:root:[160,   232] grad_stats: [1.85e-04 3.02e-05] (7.60e-06, 5.79e-04)
INFO:root:avg. loss 5.11465084e-03
INFO:root:	Epoch 160, KNN accuracy train: 7.10944e-01, KNN accuracy train: 5.80333e-01
INFO:root:time taken for epoch 0:01:36.693017
INFO:root:Epoch 161
INFO:root:[161,     0] loss: 5.296472e-03 masks: 22.0 16.0 [wd: 7.89e-02] [lr: 9.31e-04] [mem: 5.74e+03] (168.0 ms)
INFO:root:[161,     0] grad_stats: [1.13e-04 1.48e-05] (6.07e-06, 4.30e-04)
INFO:root:[161,   116] loss: 5.046673e-03 masks: 21.2 17.6 [wd: 7.92e-02] [lr: 9.31e-04] [mem: 5.74e+03] (169.2 ms)
INFO:root:[161,   116] grad_stats: [1.55e-04 2.37e-05] (8.04e-06, 4.44e-04)
INFO:root:[161,   232] loss: 5.067705e-03 masks: 21.6 17.4 [wd: 7.94e-02] [lr: 9.30e-04] [mem: 5.74e+03] (170.8 ms)
INFO:root:[161,   232] grad_stats: [8.64e-05 1.30e-05] (3.82e-06, 5.06e-04)
INFO:root:avg. loss 5.06770465e-03
INFO:root:time taken for epoch 0:00:53.471248
INFO:root:Epoch 162
INFO:root:[162,     0] loss: 4.797612e-03 masks: 18.0 20.0 [wd: 7.94e-02] [lr: 9.30e-04] [mem: 5.74e+03] (164.4 ms)
INFO:root:[162,     0] grad_stats: [1.62e-04 1.96e-05] (5.35e-06, 3.54e-04)
INFO:root:[162,   116] loss: 5.087332e-03 masks: 21.7 17.3 [wd: 7.96e-02] [lr: 9.30e-04] [mem: 5.74e+03] (171.0 ms)
INFO:root:[162,   116] grad_stats: [9.52e-05 2.06e-05] (5.29e-06, 3.20e-04)
INFO:root:[162,   232] loss: 5.053752e-03 masks: 22.1 17.3 [wd: 7.99e-02] [lr: 9.29e-04] [mem: 5.74e+03] (172.4 ms)
INFO:root:[162,   232] grad_stats: [1.56e-04 2.09e-05] (7.43e-06, 7.53e-04)
INFO:root:avg. loss 5.05375151e-03
INFO:root:time taken for epoch 0:00:53.836894
INFO:root:Epoch 163
INFO:root:[163,     0] loss: 5.374379e-03 masks: 21.0 16.0 [wd: 7.99e-02] [lr: 9.29e-04] [mem: 5.74e+03] (166.6 ms)
INFO:root:[163,     0] grad_stats: [1.43e-04 1.67e-05] (5.38e-06, 8.44e-04)
INFO:root:[163,   116] loss: 5.056696e-03 masks: 21.7 17.6 [wd: 8.01e-02] [lr: 9.28e-04] [mem: 5.74e+03] (171.3 ms)
INFO:root:[163,   116] grad_stats: [5.20e-05 2.53e-05] (6.36e-06, 4.60e-04)
INFO:root:[163,   232] loss: 5.071150e-03 masks: 22.1 17.3 [wd: 8.04e-02] [lr: 9.28e-04] [mem: 5.74e+03] (172.5 ms)
INFO:root:[163,   232] grad_stats: [1.37e-04 1.34e-05] (3.40e-06, 2.70e-04)
INFO:root:avg. loss 5.07114983e-03
INFO:root:time taken for epoch 0:00:53.916038
INFO:root:Epoch 164
INFO:root:[164,     0] loss: 5.292751e-03 masks: 36.0 12.0 [wd: 8.04e-02] [lr: 9.28e-04] [mem: 5.74e+03] (202.2 ms)
INFO:root:[164,     0] grad_stats: [2.31e-04 1.90e-05] (5.80e-06, 4.74e-04)
INFO:root:[164,   116] loss: 5.021357e-03 masks: 21.9 17.5 [wd: 8.06e-02] [lr: 9.27e-04] [mem: 5.74e+03] (171.9 ms)
INFO:root:[164,   116] grad_stats: [8.84e-05 1.33e-05] (4.37e-06, 3.10e-04)
INFO:root:[164,   232] loss: 5.058737e-03 masks: 21.9 17.5 [wd: 8.08e-02] [lr: 9.27e-04] [mem: 5.74e+03] (172.2 ms)
INFO:root:[164,   232] grad_stats: [1.25e-04 1.54e-05] (4.91e-06, 4.11e-04)
INFO:root:avg. loss 5.05873725e-03
INFO:root:time taken for epoch 0:00:53.864165
INFO:root:Epoch 165
INFO:root:[165,     0] loss: 5.009273e-03 masks: 26.0 16.0 [wd: 8.08e-02] [lr: 9.27e-04] [mem: 5.74e+03] (180.3 ms)
INFO:root:[165,     0] grad_stats: [7.81e-05 1.38e-05] (4.36e-06, 2.81e-04)
INFO:root:[165,   116] loss: 5.023816e-03 masks: 21.4 17.6 [wd: 8.11e-02] [lr: 9.26e-04] [mem: 5.74e+03] (170.7 ms)
INFO:root:[165,   116] grad_stats: [1.56e-04 1.75e-05] (5.36e-06, 3.86e-04)
INFO:root:[165,   232] loss: 5.067841e-03 masks: 21.5 17.5 [wd: 8.13e-02] [lr: 9.26e-04] [mem: 5.74e+03] (171.2 ms)
INFO:root:[165,   232] grad_stats: [9.38e-05 2.34e-05] (6.06e-06, 8.87e-04)
INFO:root:avg. loss 5.06784054e-03
INFO:root:time taken for epoch 0:00:53.630349
INFO:root:Epoch 166
INFO:root:[166,     0] loss: 5.308564e-03 masks: 23.0 16.0 [wd: 8.13e-02] [lr: 9.26e-04] [mem: 5.74e+03] (170.4 ms)
INFO:root:[166,     0] grad_stats: [1.66e-04 2.06e-05] (7.12e-06, 8.04e-04)
INFO:root:[166,   116] loss: 5.220224e-03 masks: 23.2 16.7 [wd: 8.15e-02] [lr: 9.25e-04] [mem: 5.74e+03] (174.5 ms)
INFO:root:[166,   116] grad_stats: [3.13e-04 1.78e-05] (7.72e-06, 6.96e-04)
INFO:root:[166,   232] loss: 5.170345e-03 masks: 22.8 16.9 [wd: 8.18e-02] [lr: 9.24e-04] [mem: 5.74e+03] (173.9 ms)
INFO:root:[166,   232] grad_stats: [3.01e-04 1.62e-05] (6.19e-06, 3.39e-04)
INFO:root:avg. loss 5.17034490e-03
INFO:root:time taken for epoch 0:00:54.159183
INFO:root:Epoch 167
INFO:root:[167,     0] loss: 5.328982e-03 masks: 25.0 16.0 [wd: 8.18e-02] [lr: 9.24e-04] [mem: 5.74e+03] (176.5 ms)
INFO:root:[167,     0] grad_stats: [8.30e-05 1.81e-05] (6.19e-06, 3.60e-04)
INFO:root:[167,   116] loss: 5.170505e-03 masks: 21.6 17.2 [wd: 8.20e-02] [lr: 9.24e-04] [mem: 5.74e+03] (170.6 ms)
INFO:root:[167,   116] grad_stats: [6.20e-05 1.50e-05] (4.38e-06, 3.30e-04)
INFO:root:[167,   232] loss: 5.188111e-03 masks: 21.5 17.2 [wd: 8.23e-02] [lr: 9.23e-04] [mem: 5.74e+03] (170.7 ms)
INFO:root:[167,   232] grad_stats: [4.64e-05 1.58e-05] (4.07e-06, 7.01e-04)
INFO:root:avg. loss 5.18811144e-03
INFO:root:time taken for epoch 0:00:53.415253
INFO:root:Epoch 168
INFO:root:[168,     0] loss: 4.516542e-03 masks: 27.0 16.0 [wd: 8.23e-02] [lr: 9.23e-04] [mem: 5.74e+03] (184.0 ms)
INFO:root:[168,     0] grad_stats: [1.50e-04 2.23e-05] (5.93e-06, 9.16e-04)
INFO:root:[168,   116] loss: 5.106843e-03 masks: 21.6 17.6 [wd: 8.25e-02] [lr: 9.23e-04] [mem: 5.74e+03] (171.4 ms)
INFO:root:[168,   116] grad_stats: [7.46e-05 1.36e-05] (3.95e-06, 2.44e-04)
INFO:root:[168,   232] loss: 5.110210e-03 masks: 22.0 17.4 [wd: 8.28e-02] [lr: 9.22e-04] [mem: 5.74e+03] (172.5 ms)
INFO:root:[168,   232] grad_stats: [1.13e-04 1.75e-05] (4.54e-06, 3.49e-04)
INFO:root:avg. loss 5.11021019e-03
INFO:root:time taken for epoch 0:00:53.858247
INFO:root:Epoch 169
INFO:root:[169,     0] loss: 5.677813e-03 masks: 24.0 16.0 [wd: 8.28e-02] [lr: 9.22e-04] [mem: 5.74e+03] (174.6 ms)
INFO:root:[169,     0] grad_stats: [1.49e-04 1.54e-05] (5.34e-06, 3.10e-04)
INFO:root:[169,   116] loss: 5.201921e-03 masks: 22.2 17.2 [wd: 8.30e-02] [lr: 9.21e-04] [mem: 5.74e+03] (172.6 ms)
INFO:root:[169,   116] grad_stats: [7.88e-05 1.80e-05] (5.76e-06, 5.49e-04)
INFO:root:[169,   232] loss: 5.146174e-03 masks: 22.4 17.2 [wd: 8.32e-02] [lr: 9.21e-04] [mem: 5.74e+03] (173.3 ms)
INFO:root:[169,   232] grad_stats: [8.40e-05 1.84e-05] (5.85e-06, 4.89e-04)
INFO:root:avg. loss 5.14617422e-03
INFO:root:time taken for epoch 0:00:54.090080
INFO:root:Epoch 170
INFO:root:[170,     0] loss: 5.576941e-03 masks: 17.0 16.0 [wd: 8.33e-02] [lr: 9.21e-04] [mem: 5.74e+03] (155.6 ms)
INFO:root:[170,     0] grad_stats: [1.76e-04 1.99e-05] (5.78e-06, 3.24e-04)
INFO:root:[170,   116] loss: 5.187644e-03 masks: 22.4 17.0 [wd: 8.35e-02] [lr: 9.20e-04] [mem: 5.74e+03] (172.5 ms)
INFO:root:[170,   116] grad_stats: [6.67e-05 2.09e-05] (5.57e-06, 3.01e-04)
INFO:root:[170,   232] loss: 5.134925e-03 masks: 21.7 17.4 [wd: 8.37e-02] [lr: 9.20e-04] [mem: 5.74e+03] (171.6 ms)
INFO:root:[170,   232] grad_stats: [1.23e-04 1.72e-05] (7.60e-06, 5.70e-04)
INFO:root:avg. loss 5.13492469e-03
INFO:root:time taken for epoch 0:00:53.585033
INFO:root:Epoch 171
INFO:root:[171,     0] loss: 4.985473e-03 masks: 16.0 20.0 [wd: 8.37e-02] [lr: 9.20e-04] [mem: 5.74e+03] (157.9 ms)
INFO:root:[171,     0] grad_stats: [6.81e-05 1.93e-05] (6.38e-06, 4.14e-04)
INFO:root:[171,   116] loss: 5.286595e-03 masks: 22.5 16.8 [wd: 8.40e-02] [lr: 9.19e-04] [mem: 5.74e+03] (172.5 ms)
INFO:root:[171,   116] grad_stats: [1.73e-04 2.09e-05] (6.82e-06, 9.91e-04)
INFO:root:[171,   232] loss: 5.247903e-03 masks: 22.5 16.9 [wd: 8.42e-02] [lr: 9.18e-04] [mem: 5.74e+03] (173.1 ms)
INFO:root:[171,   232] grad_stats: [1.37e-04 1.91e-05] (6.02e-06, 3.94e-04)
INFO:root:avg. loss 5.24790258e-03
INFO:root:time taken for epoch 0:00:53.968675
INFO:root:Epoch 172
INFO:root:[172,     0] loss: 5.134112e-03 masks: 14.0 20.0 [wd: 8.42e-02] [lr: 9.18e-04] [mem: 5.74e+03] (152.3 ms)
INFO:root:[172,     0] grad_stats: [1.11e-04 1.53e-05] (5.15e-06, 3.32e-04)
INFO:root:[172,   116] loss: 5.135809e-03 masks: 22.2 17.3 [wd: 8.45e-02] [lr: 9.18e-04] [mem: 5.74e+03] (172.3 ms)
INFO:root:[172,   116] grad_stats: [9.63e-05 1.78e-05] (4.71e-06, 3.09e-04)
INFO:root:[172,   232] loss: 5.098664e-03 masks: 21.8 17.5 [wd: 8.47e-02] [lr: 9.17e-04] [mem: 5.74e+03] (171.9 ms)
INFO:root:[172,   232] grad_stats: [1.69e-04 2.37e-05] (6.56e-06, 1.25e-03)
INFO:root:avg. loss 5.09866431e-03
INFO:root:time taken for epoch 0:00:53.826812
INFO:root:Epoch 173
INFO:root:[173,     0] loss: 4.383453e-03 masks: 20.0 20.0 [wd: 8.47e-02] [lr: 9.17e-04] [mem: 5.74e+03] (169.4 ms)
INFO:root:[173,     0] grad_stats: [7.94e-05 1.55e-05] (4.16e-06, 3.95e-04)
INFO:root:[173,   116] loss: 5.233155e-03 masks: 22.2 17.1 [wd: 8.50e-02] [lr: 9.17e-04] [mem: 5.74e+03] (172.4 ms)
INFO:root:[173,   116] grad_stats: [1.09e-04 1.67e-05] (4.94e-06, 3.50e-04)
INFO:root:[173,   232] loss: 5.220666e-03 masks: 21.7 17.3 [wd: 8.52e-02] [lr: 9.16e-04] [mem: 5.74e+03] (171.6 ms)
INFO:root:[173,   232] grad_stats: [1.06e-04 1.67e-05] (5.65e-06, 5.51e-04)
INFO:root:avg. loss 5.22066628e-03
INFO:root:time taken for epoch 0:00:53.729229
INFO:root:Epoch 174
INFO:root:[174,     0] loss: 5.153046e-03 masks: 22.0 16.0 [wd: 8.52e-02] [lr: 9.16e-04] [mem: 5.74e+03] (168.9 ms)
INFO:root:[174,     0] grad_stats: [1.54e-04 1.84e-05] (6.11e-06, 3.93e-04)
INFO:root:[174,   116] loss: 5.164447e-03 masks: 22.1 17.3 [wd: 8.55e-02] [lr: 9.15e-04] [mem: 5.74e+03] (172.2 ms)
INFO:root:[174,   116] grad_stats: [7.21e-05 1.35e-05] (3.91e-06, 2.13e-04)
INFO:root:[174,   232] loss: 5.170853e-03 masks: 21.8 17.3 [wd: 8.57e-02] [lr: 9.15e-04] [mem: 5.74e+03] (171.8 ms)
INFO:root:[174,   232] grad_stats: [8.74e-05 1.42e-05] (5.40e-06, 5.51e-04)
INFO:root:avg. loss 5.17085286e-03
INFO:root:time taken for epoch 0:00:53.715190
INFO:root:Epoch 175
INFO:root:[175,     0] loss: 4.556170e-03 masks: 19.0 20.0 [wd: 8.57e-02] [lr: 9.15e-04] [mem: 5.74e+03] (166.8 ms)
INFO:root:[175,     0] grad_stats: [9.91e-05 1.53e-05] (4.90e-06, 2.50e-04)
INFO:root:[175,   116] loss: 5.194457e-03 masks: 21.9 17.3 [wd: 8.60e-02] [lr: 9.14e-04] [mem: 5.74e+03] (171.6 ms)
INFO:root:[175,   116] grad_stats: [1.36e-04 2.10e-05] (6.57e-06, 5.55e-04)
INFO:root:[175,   232] loss: 5.190582e-03 masks: 22.1 17.3 [wd: 8.62e-02] [lr: 9.14e-04] [mem: 5.74e+03] (172.6 ms)
INFO:root:[175,   232] grad_stats: [9.56e-05 2.11e-05] (5.82e-06, 6.28e-04)
INFO:root:avg. loss 5.19058157e-03
INFO:root:time taken for epoch 0:00:53.799966
INFO:root:Epoch 176
INFO:root:[176,     0] loss: 5.157842e-03 masks: 19.0 20.0 [wd: 8.62e-02] [lr: 9.13e-04] [mem: 5.74e+03] (167.1 ms)
INFO:root:[176,     0] grad_stats: [9.04e-05 2.01e-05] (6.15e-06, 4.67e-04)
INFO:root:[176,   116] loss: 5.124156e-03 masks: 22.4 17.3 [wd: 8.65e-02] [lr: 9.13e-04] [mem: 5.74e+03] (173.3 ms)
INFO:root:[176,   116] grad_stats: [1.46e-04 1.41e-05] (5.12e-06, 6.09e-04)
INFO:root:[176,   232] loss: 5.190074e-03 masks: 22.2 17.2 [wd: 8.67e-02] [lr: 9.12e-04] [mem: 5.74e+03] (172.8 ms)
INFO:root:[176,   232] grad_stats: [4.54e-05 1.80e-05] (5.46e-06, 2.26e-04)
INFO:root:avg. loss 5.19007356e-03
INFO:root:time taken for epoch 0:00:54.082210
INFO:root:Epoch 177
INFO:root:[177,     0] loss: 4.891868e-03 masks: 16.0 20.0 [wd: 8.67e-02] [lr: 9.12e-04] [mem: 5.74e+03] (157.8 ms)
INFO:root:[177,     0] grad_stats: [5.33e-05 1.40e-05] (4.31e-06, 1.91e-04)
INFO:root:[177,   116] loss: 5.211739e-03 masks: 22.2 17.3 [wd: 8.70e-02] [lr: 9.12e-04] [mem: 5.74e+03] (172.4 ms)
INFO:root:[177,   116] grad_stats: [1.69e-04 2.56e-05] (8.84e-06, 1.15e-03)
INFO:root:[177,   232] loss: 5.174576e-03 masks: 22.2 17.3 [wd: 8.72e-02] [lr: 9.11e-04] [mem: 5.74e+03] (172.8 ms)
INFO:root:[177,   232] grad_stats: [8.28e-05 1.90e-05] (5.42e-06, 2.98e-04)
INFO:root:avg. loss 5.17457632e-03
INFO:root:time taken for epoch 0:00:53.977690
INFO:root:Epoch 178
INFO:root:[178,     0] loss: 4.980302e-03 masks: 16.0 20.0 [wd: 8.72e-02] [lr: 9.11e-04] [mem: 5.74e+03] (158.1 ms)
INFO:root:[178,     0] grad_stats: [5.18e-05 1.57e-05] (4.97e-06, 7.03e-04)
INFO:root:[178,   116] loss: 5.277188e-03 masks: 22.3 17.0 [wd: 8.75e-02] [lr: 9.10e-04] [mem: 5.74e+03] (172.5 ms)
INFO:root:[178,   116] grad_stats: [5.85e-05 1.31e-05] (4.87e-06, 4.19e-04)
INFO:root:[178,   232] loss: 5.220633e-03 masks: 21.7 17.4 [wd: 8.78e-02] [lr: 9.10e-04] [mem: 5.74e+03] (171.7 ms)
INFO:root:[178,   232] grad_stats: [2.78e-05 1.76e-05] (4.58e-06, 2.72e-04)
INFO:root:avg. loss 5.22063291e-03
INFO:root:time taken for epoch 0:00:53.641662
INFO:root:Epoch 179
INFO:root:[179,     0] loss: 5.465627e-03 masks: 21.0 16.0 [wd: 8.78e-02] [lr: 9.10e-04] [mem: 5.74e+03] (166.8 ms)
INFO:root:[179,     0] grad_stats: [1.83e-04 1.47e-05] (5.82e-06, 6.18e-04)
INFO:root:[179,   116] loss: 5.217124e-03 masks: 20.4 17.9 [wd: 8.80e-02] [lr: 9.09e-04] [mem: 5.74e+03] (168.4 ms)
INFO:root:[179,   116] grad_stats: [1.50e-04 1.89e-05] (6.58e-06, 4.43e-04)
INFO:root:[179,   232] loss: 5.248235e-03 masks: 21.2 17.6 [wd: 8.83e-02] [lr: 9.08e-04] [mem: 5.74e+03] (170.6 ms)
INFO:root:[179,   232] grad_stats: [2.02e-04 1.68e-05] (5.16e-06, 7.16e-04)
INFO:root:avg. loss 5.24823543e-03
INFO:root:time taken for epoch 0:00:53.466400
INFO:root:Epoch 180
INFO:root:[180,     0] loss: 5.708863e-03 masks: 35.0 12.0 [wd: 8.83e-02] [lr: 9.08e-04] [mem: 5.74e+03] (197.9 ms)
INFO:root:[180,     0] grad_stats: [1.24e-04 2.24e-05] (8.13e-06, 7.79e-04)
INFO:root:[180,   116] loss: 5.163516e-03 masks: 21.2 17.6 [wd: 8.85e-02] [lr: 9.08e-04] [mem: 5.74e+03] (170.1 ms)
INFO:root:[180,   116] grad_stats: [5.04e-05 1.38e-05] (5.05e-06, 3.36e-04)
INFO:root:[180,   232] loss: 5.195749e-03 masks: 21.5 17.4 [wd: 8.88e-02] [lr: 9.07e-04] [mem: 5.74e+03] (171.1 ms)
INFO:root:[180,   232] grad_stats: [1.01e-04 1.77e-05] (5.15e-06, 3.43e-04)
INFO:root:avg. loss 5.19574909e-03
INFO:root:	Epoch 180, KNN accuracy train: 7.20529e-01, KNN accuracy train: 5.82333e-01
INFO:root:time taken for epoch 0:01:36.027928
INFO:root:Epoch 181
INFO:root:[181,     0] loss: 6.154050e-03 masks: 20.0 16.0 [wd: 8.88e-02] [lr: 9.07e-04] [mem: 5.74e+03] (163.2 ms)
INFO:root:[181,     0] grad_stats: [9.06e-05 2.74e-05] (7.37e-06, 6.69e-04)
INFO:root:[181,   116] loss: 5.268752e-03 masks: 21.7 17.4 [wd: 8.90e-02] [lr: 9.07e-04] [mem: 5.74e+03] (170.7 ms)
INFO:root:[181,   116] grad_stats: [1.16e-04 1.57e-05] (5.10e-06, 3.14e-04)
INFO:root:[181,   232] loss: 5.257320e-03 masks: 21.9 17.3 [wd: 8.93e-02] [lr: 9.06e-04] [mem: 5.74e+03] (171.6 ms)
INFO:root:[181,   232] grad_stats: [2.01e-04 1.73e-05] (7.28e-06, 5.37e-04)
INFO:root:avg. loss 5.25732022e-03
INFO:root:time taken for epoch 0:00:53.656290
INFO:root:Epoch 182
INFO:root:[182,     0] loss: 4.655774e-03 masks: 27.0 16.0 [wd: 8.93e-02] [lr: 9.06e-04] [mem: 5.74e+03] (183.7 ms)
INFO:root:[182,     0] grad_stats: [8.82e-05 1.57e-05] (4.62e-06, 3.03e-04)
INFO:root:[182,   116] loss: 5.191240e-03 masks: 21.8 17.4 [wd: 8.96e-02] [lr: 9.05e-04] [mem: 5.74e+03] (171.3 ms)
INFO:root:[182,   116] grad_stats: [1.12e-04 1.38e-05] (4.51e-06, 5.57e-04)
INFO:root:[182,   232] loss: 5.191909e-03 masks: 21.7 17.5 [wd: 8.98e-02] [lr: 9.05e-04] [mem: 5.74e+03] (171.5 ms)
INFO:root:[182,   232] grad_stats: [1.16e-04 2.94e-05] (8.58e-06, 5.72e-04)
INFO:root:avg. loss 5.19190880e-03
INFO:root:time taken for epoch 0:00:53.612403
INFO:root:Epoch 183
INFO:root:[183,     0] loss: 4.518098e-03 masks: 20.0 20.0 [wd: 8.98e-02] [lr: 9.05e-04] [mem: 5.74e+03] (166.4 ms)
INFO:root:[183,     0] grad_stats: [8.18e-05 1.70e-05] (4.75e-06, 4.41e-04)
INFO:root:[183,   116] loss: 5.134384e-03 masks: 21.3 17.6 [wd: 9.01e-02] [lr: 9.04e-04] [mem: 5.74e+03] (170.3 ms)
INFO:root:[183,   116] grad_stats: [1.48e-04 1.68e-05] (4.51e-06, 2.34e-04)
INFO:root:[183,   232] loss: 5.145050e-03 masks: 21.7 17.5 [wd: 9.03e-02] [lr: 9.03e-04] [mem: 5.74e+03] (171.9 ms)
INFO:root:[183,   232] grad_stats: [1.55e-04 2.76e-05] (7.38e-06, 4.04e-04)
INFO:root:avg. loss 5.14505024e-03
INFO:root:time taken for epoch 0:00:53.749322
INFO:root:Epoch 184
INFO:root:[184,     0] loss: 5.440321e-03 masks: 27.0 16.0 [wd: 9.03e-02] [lr: 9.03e-04] [mem: 5.74e+03] (182.9 ms)
INFO:root:[184,     0] grad_stats: [1.99e-04 1.89e-05] (8.02e-06, 8.00e-04)
INFO:root:[184,   116] loss: 5.245446e-03 masks: 21.8 17.3 [wd: 9.06e-02] [lr: 9.03e-04] [mem: 5.74e+03] (171.3 ms)
INFO:root:[184,   116] grad_stats: [2.39e-04 1.95e-05] (6.55e-06, 5.22e-04)
INFO:root:[184,   232] loss: 5.217174e-03 masks: 21.7 17.4 [wd: 9.09e-02] [lr: 9.02e-04] [mem: 5.74e+03] (171.6 ms)
INFO:root:[184,   232] grad_stats: [1.73e-04 1.91e-05] (8.41e-06, 3.91e-04)
INFO:root:avg. loss 5.21717368e-03
INFO:root:time taken for epoch 0:00:53.739854
INFO:root:Epoch 185
INFO:root:[185,     0] loss: 4.796066e-03 masks: 20.0 20.0 [wd: 9.09e-02] [lr: 9.02e-04] [mem: 5.74e+03] (166.4 ms)
INFO:root:[185,     0] grad_stats: [1.16e-04 1.66e-05] (5.54e-06, 4.08e-04)
INFO:root:[185,   116] loss: 5.258915e-03 masks: 22.5 17.0 [wd: 9.11e-02] [lr: 9.01e-04] [mem: 5.74e+03] (172.7 ms)
INFO:root:[185,   116] grad_stats: [1.39e-04 1.98e-05] (6.16e-06, 3.11e-04)
INFO:root:[185,   232] loss: 5.269970e-03 masks: 22.6 17.0 [wd: 9.14e-02] [lr: 9.01e-04] [mem: 5.74e+03] (173.5 ms)
INFO:root:[185,   232] grad_stats: [6.24e-05 1.95e-05] (6.88e-06, 9.23e-04)
INFO:root:avg. loss 5.26997029e-03
INFO:root:time taken for epoch 0:00:54.103165
INFO:root:Epoch 186
INFO:root:[186,     0] loss: 4.771617e-03 masks: 19.0 20.0 [wd: 9.14e-02] [lr: 9.01e-04] [mem: 5.74e+03] (167.4 ms)
INFO:root:[186,     0] grad_stats: [9.43e-05 1.52e-05] (4.86e-06, 6.29e-04)
INFO:root:[186,   116] loss: 5.307748e-03 masks: 22.4 17.0 [wd: 9.17e-02] [lr: 9.00e-04] [mem: 5.74e+03] (172.7 ms)
INFO:root:[186,   116] grad_stats: [7.43e-05 1.83e-05] (5.74e-06, 3.77e-04)
INFO:root:[186,   232] loss: 5.352326e-03 masks: 22.6 16.8 [wd: 9.19e-02] [lr: 8.99e-04] [mem: 5.74e+03] (173.2 ms)
INFO:root:[186,   232] grad_stats: [8.85e-05 2.30e-05] (6.99e-06, 4.15e-04)
INFO:root:avg. loss 5.35232561e-03
INFO:root:time taken for epoch 0:00:54.086773
INFO:root:Epoch 187
INFO:root:[187,     0] loss: 5.447418e-03 masks: 29.0 16.0 [wd: 9.19e-02] [lr: 8.99e-04] [mem: 5.74e+03] (188.0 ms)
INFO:root:[187,     0] grad_stats: [9.42e-05 1.92e-05] (7.19e-06, 3.87e-04)
INFO:root:[187,   116] loss: 5.224497e-03 masks: 22.3 17.2 [wd: 9.22e-02] [lr: 8.99e-04] [mem: 5.74e+03] (172.7 ms)
INFO:root:[187,   116] grad_stats: [6.29e-05 1.84e-05] (5.99e-06, 5.23e-04)
INFO:root:[187,   232] loss: 5.213714e-03 masks: 22.1 17.3 [wd: 9.25e-02] [lr: 8.98e-04] [mem: 5.74e+03] (172.6 ms)
INFO:root:[187,   232] grad_stats: [7.59e-05 1.71e-05] (5.71e-06, 4.02e-04)
INFO:root:avg. loss 5.21371392e-03
INFO:root:time taken for epoch 0:00:53.960849
INFO:root:Epoch 188
INFO:root:[188,     0] loss: 4.643115e-03 masks: 15.0 20.0 [wd: 9.25e-02] [lr: 8.98e-04] [mem: 5.74e+03] (155.5 ms)
INFO:root:[188,     0] grad_stats: [7.66e-05 1.43e-05] (4.70e-06, 7.56e-04)
INFO:root:[188,   116] loss: 5.243125e-03 masks: 21.1 17.7 [wd: 9.27e-02] [lr: 8.97e-04] [mem: 5.74e+03] (170.1 ms)
INFO:root:[188,   116] grad_stats: [9.51e-05 1.85e-05] (5.78e-06, 4.67e-04)
INFO:root:[188,   232] loss: 5.291277e-03 masks: 21.7 17.4 [wd: 9.30e-02] [lr: 8.97e-04] [mem: 5.74e+03] (171.7 ms)
INFO:root:[188,   232] grad_stats: [1.11e-04 2.69e-05] (8.75e-06, 5.63e-04)
INFO:root:avg. loss 5.29127748e-03
INFO:root:time taken for epoch 0:00:53.739395
INFO:root:Epoch 189
INFO:root:[189,     0] loss: 5.010873e-03 masks: 23.0 16.0 [wd: 9.30e-02] [lr: 8.97e-04] [mem: 5.74e+03] (170.3 ms)
INFO:root:[189,     0] grad_stats: [1.72e-04 2.00e-05] (6.21e-06, 7.19e-04)
INFO:root:[189,   116] loss: 5.279337e-03 masks: 22.7 16.9 [wd: 9.33e-02] [lr: 8.96e-04] [mem: 5.74e+03] (173.2 ms)
INFO:root:[189,   116] grad_stats: [1.50e-04 1.95e-05] (7.22e-06, 6.32e-04)
INFO:root:[189,   232] loss: 5.296794e-03 masks: 22.2 17.1 [wd: 9.35e-02] [lr: 8.95e-04] [mem: 5.74e+03] (172.5 ms)
INFO:root:[189,   232] grad_stats: [1.33e-04 1.55e-05] (5.25e-06, 3.66e-04)
INFO:root:avg. loss 5.29679429e-03
INFO:root:time taken for epoch 0:00:53.871370
INFO:root:Epoch 190
INFO:root:[190,     0] loss: 5.441235e-03 masks: 23.0 16.0 [wd: 9.35e-02] [lr: 8.95e-04] [mem: 5.74e+03] (170.0 ms)
INFO:root:[190,     0] grad_stats: [7.67e-05 1.55e-05] (5.48e-06, 3.11e-04)
INFO:root:[190,   116] loss: 5.247407e-03 masks: 21.7 17.4 [wd: 9.38e-02] [lr: 8.95e-04] [mem: 5.74e+03] (171.3 ms)
INFO:root:[190,   116] grad_stats: [1.23e-04 1.71e-05] (5.97e-06, 4.18e-04)
INFO:root:[190,   232] loss: 5.283436e-03 masks: 21.8 17.3 [wd: 9.41e-02] [lr: 8.94e-04] [mem: 5.74e+03] (171.8 ms)
INFO:root:[190,   232] grad_stats: [7.04e-05 1.88e-05] (5.21e-06, 2.86e-04)
INFO:root:avg. loss 5.28343571e-03
INFO:root:time taken for epoch 0:00:53.709699
INFO:root:Epoch 191
INFO:root:[191,     0] loss: 5.869523e-03 masks: 36.0 12.0 [wd: 9.41e-02] [lr: 8.94e-04] [mem: 5.74e+03] (202.4 ms)
INFO:root:[191,     0] grad_stats: [1.38e-04 2.22e-05] (9.82e-06, 1.31e-03)
INFO:root:[191,   116] loss: 5.258738e-03 masks: 21.6 17.6 [wd: 9.43e-02] [lr: 8.93e-04] [mem: 5.74e+03] (171.4 ms)
INFO:root:[191,   116] grad_stats: [8.39e-05 2.10e-05] (5.68e-06, 2.54e-04)
INFO:root:[191,   232] loss: 5.279884e-03 masks: 21.9 17.4 [wd: 9.46e-02] [lr: 8.93e-04] [mem: 5.74e+03] (172.2 ms)
INFO:root:[191,   232] grad_stats: [1.99e-04 2.17e-05] (8.53e-06, 2.11e-03)
INFO:root:avg. loss 5.27988370e-03
INFO:root:time taken for epoch 0:00:53.838320
INFO:root:Epoch 192
INFO:root:[192,     0] loss: 4.511266e-03 masks: 20.0 20.0 [wd: 9.46e-02] [lr: 8.93e-04] [mem: 5.74e+03] (169.1 ms)
INFO:root:[192,     0] grad_stats: [1.04e-04 1.39e-05] (4.69e-06, 8.33e-04)
INFO:root:[192,   116] loss: 5.307215e-03 masks: 21.7 17.3 [wd: 9.49e-02] [lr: 8.92e-04] [mem: 5.74e+03] (171.2 ms)
INFO:root:[192,   116] grad_stats: [4.38e-05 2.07e-05] (5.99e-06, 7.40e-04)
INFO:root:[192,   232] loss: 5.302929e-03 masks: 22.0 17.1 [wd: 9.51e-02] [lr: 8.91e-04] [mem: 5.74e+03] (172.3 ms)
INFO:root:[192,   232] grad_stats: [9.46e-05 1.36e-05] (5.05e-06, 4.20e-04)
INFO:root:avg. loss 5.30292860e-03
INFO:root:time taken for epoch 0:00:53.876321
INFO:root:Epoch 193
INFO:root:[193,     0] loss: 5.425550e-03 masks: 18.0 20.0 [wd: 9.51e-02] [lr: 8.91e-04] [mem: 5.74e+03] (162.5 ms)
INFO:root:[193,     0] grad_stats: [6.58e-05 1.62e-05] (6.37e-06, 5.31e-04)
INFO:root:[193,   116] loss: 5.277266e-03 masks: 21.8 17.4 [wd: 9.54e-02] [lr: 8.91e-04] [mem: 5.74e+03] (171.5 ms)
INFO:root:[193,   116] grad_stats: [9.61e-05 1.77e-05] (4.53e-06, 3.89e-04)
INFO:root:[193,   232] loss: 5.299661e-03 masks: 22.1 17.3 [wd: 9.57e-02] [lr: 8.90e-04] [mem: 5.74e+03] (172.6 ms)
INFO:root:[193,   232] grad_stats: [6.26e-05 1.94e-05] (6.38e-06, 6.87e-04)
INFO:root:avg. loss 5.29966145e-03
INFO:root:time taken for epoch 0:00:53.906921
INFO:root:Epoch 194
INFO:root:[194,     0] loss: 5.752140e-03 masks: 35.0 12.0 [wd: 9.57e-02] [lr: 8.90e-04] [mem: 5.74e+03] (198.3 ms)
INFO:root:[194,     0] grad_stats: [7.63e-05 1.96e-05] (5.92e-06, 3.47e-04)
INFO:root:[194,   116] loss: 5.303598e-03 masks: 22.6 17.2 [wd: 9.60e-02] [lr: 8.89e-04] [mem: 5.74e+03] (173.5 ms)
INFO:root:[194,   116] grad_stats: [1.16e-04 2.31e-05] (6.23e-06, 2.89e-04)
INFO:root:[194,   232] loss: 5.301324e-03 masks: 22.3 17.2 [wd: 9.62e-02] [lr: 8.88e-04] [mem: 5.74e+03] (173.2 ms)
INFO:root:[194,   232] grad_stats: [2.18e-04 1.76e-05] (6.54e-06, 7.09e-04)
INFO:root:avg. loss 5.30132438e-03
INFO:root:time taken for epoch 0:00:53.960875
INFO:root:Epoch 195
INFO:root:[195,     0] loss: 4.607148e-03 masks: 20.0 20.0 [wd: 9.62e-02] [lr: 8.88e-04] [mem: 5.74e+03] (168.0 ms)
INFO:root:[195,     0] grad_stats: [2.27e-04 2.04e-05] (7.01e-06, 3.96e-04)
INFO:root:[195,   116] loss: 5.260955e-03 masks: 21.9 17.4 [wd: 9.65e-02] [lr: 8.88e-04] [mem: 5.74e+03] (172.0 ms)
INFO:root:[195,   116] grad_stats: [9.03e-05 1.67e-05] (5.54e-06, 5.38e-04)
INFO:root:[195,   232] loss: 5.220793e-03 masks: 21.9 17.5 [wd: 9.68e-02] [lr: 8.87e-04] [mem: 5.74e+03] (172.3 ms)
INFO:root:[195,   232] grad_stats: [1.52e-04 2.01e-05] (6.64e-06, 4.74e-04)
INFO:root:avg. loss 5.22079278e-03
INFO:root:time taken for epoch 0:00:53.834251
INFO:root:Epoch 196
INFO:root:[196,     0] loss: 5.121977e-03 masks: 28.0 16.0 [wd: 9.68e-02] [lr: 8.87e-04] [mem: 5.74e+03] (186.8 ms)
INFO:root:[196,     0] grad_stats: [1.50e-04 1.90e-05] (6.57e-06, 5.55e-04)
INFO:root:[196,   116] loss: 5.294524e-03 masks: 20.9 17.6 [wd: 9.71e-02] [lr: 8.86e-04] [mem: 5.74e+03] (169.1 ms)
INFO:root:[196,   116] grad_stats: [2.74e-04 1.63e-05] (7.13e-06, 3.69e-04)
INFO:root:[196,   232] loss: 5.303948e-03 masks: 21.1 17.5 [wd: 9.73e-02] [lr: 8.86e-04] [mem: 5.74e+03] (170.0 ms)
INFO:root:[196,   232] grad_stats: [1.18e-04 2.43e-05] (7.28e-06, 6.59e-04)
INFO:root:avg. loss 5.30394836e-03
INFO:root:time taken for epoch 0:00:53.377922
INFO:root:Epoch 197
INFO:root:[197,     0] loss: 6.463201e-03 masks: 33.0 12.0 [wd: 9.73e-02] [lr: 8.86e-04] [mem: 5.74e+03] (192.8 ms)
INFO:root:[197,     0] grad_stats: [9.63e-05 1.66e-05] (7.11e-06, 3.95e-04)
INFO:root:[197,   116] loss: 5.252674e-03 masks: 22.8 17.1 [wd: 9.76e-02] [lr: 8.85e-04] [mem: 5.74e+03] (173.9 ms)
INFO:root:[197,   116] grad_stats: [1.30e-04 2.10e-05] (7.36e-06, 4.56e-04)
INFO:root:[197,   232] loss: 5.281009e-03 masks: 22.5 17.2 [wd: 9.79e-02] [lr: 8.84e-04] [mem: 5.74e+03] (173.7 ms)
INFO:root:[197,   232] grad_stats: [1.06e-04 2.08e-05] (6.03e-06, 1.17e-03)
INFO:root:avg. loss 5.28100872e-03
INFO:root:time taken for epoch 0:00:54.153457
INFO:root:Epoch 198
INFO:root:[198,     0] loss: 4.568782e-03 masks: 19.0 20.0 [wd: 9.79e-02] [lr: 8.84e-04] [mem: 5.74e+03] (166.5 ms)
INFO:root:[198,     0] grad_stats: [1.04e-04 1.26e-05] (4.76e-06, 7.91e-04)
INFO:root:[198,   116] loss: 5.257352e-03 masks: 22.2 17.4 [wd: 9.82e-02] [lr: 8.84e-04] [mem: 5.74e+03] (172.6 ms)
INFO:root:[198,   116] grad_stats: [1.15e-04 2.12e-05] (7.93e-06, 7.35e-04)
INFO:root:[198,   232] loss: 5.290609e-03 masks: 22.1 17.3 [wd: 9.84e-02] [lr: 8.83e-04] [mem: 5.74e+03] (172.8 ms)
INFO:root:[198,   232] grad_stats: [1.35e-04 2.09e-05] (8.03e-06, 4.73e-04)
INFO:root:avg. loss 5.29060925e-03
INFO:root:time taken for epoch 0:00:53.985029
INFO:root:Epoch 199
INFO:root:[199,     0] loss: 4.989899e-03 masks: 20.0 20.0 [wd: 9.84e-02] [lr: 8.83e-04] [mem: 5.74e+03] (169.5 ms)
INFO:root:[199,     0] grad_stats: [2.43e-04 1.56e-05] (7.39e-06, 6.78e-04)
INFO:root:[199,   116] loss: 5.374437e-03 masks: 21.4 17.3 [wd: 9.87e-02] [lr: 8.82e-04] [mem: 5.74e+03] (170.3 ms)
INFO:root:[199,   116] grad_stats: [1.26e-04 2.68e-05] (6.77e-06, 5.51e-04)
INFO:root:[199,   232] loss: 5.331018e-03 masks: 21.5 17.5 [wd: 9.90e-02] [lr: 8.81e-04] [mem: 5.74e+03] (171.0 ms)
INFO:root:[199,   232] grad_stats: [3.41e-05 1.68e-05] (5.05e-06, 4.77e-04)
INFO:root:avg. loss 5.33101787e-03
INFO:root:time taken for epoch 0:00:53.529521
INFO:root:Epoch 200
INFO:root:[200,     0] loss: 4.735009e-03 masks: 16.0 20.0 [wd: 9.90e-02] [lr: 8.81e-04] [mem: 5.74e+03] (157.7 ms)
INFO:root:[200,     0] grad_stats: [9.92e-05 2.54e-05] (7.11e-06, 4.26e-04)
INFO:root:[200,   116] loss: 5.224802e-03 masks: 21.8 17.5 [wd: 9.93e-02] [lr: 8.81e-04] [mem: 5.74e+03] (171.9 ms)
INFO:root:[200,   116] grad_stats: [1.59e-04 2.75e-05] (8.11e-06, 4.88e-04)
INFO:root:[200,   232] loss: 5.250162e-03 masks: 22.1 17.3 [wd: 9.96e-02] [lr: 8.80e-04] [mem: 5.74e+03] (172.8 ms)
INFO:root:[200,   232] grad_stats: [1.73e-04 1.88e-05] (7.15e-06, 3.21e-04)
INFO:root:avg. loss 5.25016162e-03
INFO:root:	Epoch 200, KNN accuracy train: 7.26967e-01, KNN accuracy train: 5.97667e-01
INFO:root:time taken for epoch 0:01:36.491666
INFO:root:Epoch 201
INFO:root:[201,     0] loss: 5.660722e-03 masks: 20.0 16.0 [wd: 9.96e-02] [lr: 8.80e-04] [mem: 5.74e+03] (163.4 ms)
INFO:root:[201,     0] grad_stats: [1.16e-04 2.08e-05] (7.69e-06, 3.44e-04)
INFO:root:[201,   116] loss: 5.286154e-03 masks: 22.1 17.2 [wd: 9.98e-02] [lr: 8.79e-04] [mem: 5.74e+03] (171.4 ms)
INFO:root:[201,   116] grad_stats: [1.01e-04 2.03e-05] (6.49e-06, 2.82e-04)
INFO:root:[201,   232] loss: 5.325477e-03 masks: 22.0 17.2 [wd: 1.00e-01] [lr: 8.79e-04] [mem: 5.74e+03] (171.6 ms)
INFO:root:[201,   232] grad_stats: [1.22e-04 2.26e-05] (7.07e-06, 1.11e-03)
INFO:root:avg. loss 5.32547694e-03
INFO:root:time taken for epoch 0:00:53.533401
INFO:root:Epoch 202
INFO:root:[202,     0] loss: 4.709831e-03 masks: 19.0 20.0 [wd: 1.00e-01] [lr: 8.79e-04] [mem: 5.74e+03] (166.8 ms)
INFO:root:[202,     0] grad_stats: [8.95e-05 1.56e-05] (5.37e-06, 2.77e-04)
INFO:root:[202,   116] loss: 5.262920e-03 masks: 21.3 17.7 [wd: 1.00e-01] [lr: 8.78e-04] [mem: 5.74e+03] (170.4 ms)
INFO:root:[202,   116] grad_stats: [6.58e-05 2.05e-05] (6.55e-06, 7.96e-04)
INFO:root:[202,   232] loss: 5.302504e-03 masks: 21.8 17.4 [wd: 1.01e-01] [lr: 8.77e-04] [mem: 5.74e+03] (171.8 ms)
INFO:root:[202,   232] grad_stats: [9.48e-05 2.00e-05] (6.92e-06, 8.77e-04)
INFO:root:avg. loss 5.30250392e-03
INFO:root:time taken for epoch 0:00:53.765397
INFO:root:Epoch 203
INFO:root:[203,     0] loss: 5.684081e-03 masks: 25.0 16.0 [wd: 1.01e-01] [lr: 8.77e-04] [mem: 5.74e+03] (176.7 ms)
INFO:root:[203,     0] grad_stats: [1.30e-04 2.22e-05] (6.22e-06, 7.80e-04)
INFO:root:[203,   116] loss: 5.432034e-03 masks: 22.5 16.9 [wd: 1.01e-01] [lr: 8.76e-04] [mem: 5.74e+03] (172.7 ms)
INFO:root:[203,   116] grad_stats: [2.59e-04 2.36e-05] (7.87e-06, 1.01e-03)
INFO:root:[203,   232] loss: 5.401934e-03 masks: 22.2 17.0 [wd: 1.01e-01] [lr: 8.76e-04] [mem: 5.74e+03] (172.7 ms)
INFO:root:[203,   232] grad_stats: [5.74e-05 3.00e-05] (8.71e-06, 3.26e-04)
INFO:root:avg. loss 5.40193389e-03
INFO:root:time taken for epoch 0:00:53.956529
INFO:root:Epoch 204
INFO:root:[204,     0] loss: 5.871776e-03 masks: 12.0 20.0 [wd: 1.01e-01] [lr: 8.76e-04] [mem: 5.74e+03] (147.3 ms)
INFO:root:[204,     0] grad_stats: [1.18e-04 2.38e-05] (5.92e-06, 3.64e-04)
INFO:root:[204,   116] loss: 5.399813e-03 masks: 21.2 17.4 [wd: 1.02e-01] [lr: 8.75e-04] [mem: 5.74e+03] (170.0 ms)
INFO:root:[204,   116] grad_stats: [1.23e-04 1.82e-05] (5.46e-06, 5.94e-04)
INFO:root:[204,   232] loss: 5.392226e-03 masks: 21.5 17.3 [wd: 1.02e-01] [lr: 8.74e-04] [mem: 5.74e+03] (171.2 ms)
INFO:root:[204,   232] grad_stats: [9.47e-05 2.07e-05] (6.36e-06, 2.91e-04)
INFO:root:avg. loss 5.39222616e-03
INFO:root:time taken for epoch 0:00:53.554623
INFO:root:Epoch 205
INFO:root:[205,     0] loss: 4.669253e-03 masks: 27.0 16.0 [wd: 1.02e-01] [lr: 8.74e-04] [mem: 5.74e+03] (183.7 ms)
INFO:root:[205,     0] grad_stats: [2.58e-04 1.58e-05] (6.70e-06, 7.14e-04)
INFO:root:[205,   116] loss: 5.287185e-03 masks: 21.2 17.7 [wd: 1.02e-01] [lr: 8.73e-04] [mem: 5.74e+03] (170.1 ms)
INFO:root:[205,   116] grad_stats: [1.11e-04 1.78e-05] (6.54e-06, 2.65e-04)
INFO:root:[205,   232] loss: 5.355146e-03 masks: 21.7 17.3 [wd: 1.02e-01] [lr: 8.73e-04] [mem: 5.74e+03] (171.6 ms)
INFO:root:[205,   232] grad_stats: [5.28e-05 1.71e-05] (5.99e-06, 4.13e-04)
INFO:root:avg. loss 5.35514594e-03
INFO:root:time taken for epoch 0:00:53.728126
INFO:root:Epoch 206
INFO:root:[206,     0] loss: 4.686630e-03 masks: 28.0 16.0 [wd: 1.02e-01] [lr: 8.73e-04] [mem: 5.74e+03] (186.8 ms)
INFO:root:[206,     0] grad_stats: [7.50e-05 1.87e-05] (7.03e-06, 4.56e-04)
INFO:root:[206,   116] loss: 5.358170e-03 masks: 22.2 17.1 [wd: 1.03e-01] [lr: 8.72e-04] [mem: 5.74e+03] (172.2 ms)
INFO:root:[206,   116] grad_stats: [2.30e-04 3.08e-05] (1.12e-05, 7.09e-04)
INFO:root:[206,   232] loss: 5.329163e-03 masks: 22.1 17.3 [wd: 1.03e-01] [lr: 8.71e-04] [mem: 5.74e+03] (172.6 ms)
INFO:root:[206,   232] grad_stats: [5.68e-05 1.60e-05] (6.28e-06, 2.79e-04)
INFO:root:avg. loss 5.32916321e-03
INFO:root:time taken for epoch 0:00:53.997496
INFO:root:Epoch 207
INFO:root:[207,     0] loss: 4.942161e-03 masks: 19.0 20.0 [wd: 1.03e-01] [lr: 8.71e-04] [mem: 5.74e+03] (166.4 ms)
INFO:root:[207,     0] grad_stats: [2.09e-04 1.79e-05] (7.29e-06, 4.96e-04)
INFO:root:[207,   116] loss: 5.307626e-03 masks: 21.5 17.3 [wd: 1.03e-01] [lr: 8.70e-04] [mem: 5.74e+03] (170.8 ms)
INFO:root:[207,   116] grad_stats: [1.20e-04 2.09e-05] (9.32e-06, 1.82e-03)
INFO:root:[207,   232] loss: 5.359670e-03 masks: 21.9 17.2 [wd: 1.04e-01] [lr: 8.70e-04] [mem: 5.74e+03] (172.2 ms)
INFO:root:[207,   232] grad_stats: [8.03e-05 1.44e-05] (5.26e-06, 2.44e-04)
INFO:root:avg. loss 5.35967017e-03
INFO:root:time taken for epoch 0:00:53.717377
INFO:root:Epoch 208
INFO:root:[208,     0] loss: 4.857168e-03 masks: 20.0 20.0 [wd: 1.04e-01] [lr: 8.70e-04] [mem: 5.74e+03] (168.1 ms)
INFO:root:[208,     0] grad_stats: [5.72e-05 1.74e-05] (6.68e-06, 3.68e-04)
INFO:root:[208,   116] loss: 5.339420e-03 masks: 21.9 17.2 [wd: 1.04e-01] [lr: 8.69e-04] [mem: 5.74e+03] (171.5 ms)
INFO:root:[208,   116] grad_stats: [6.75e-05 1.49e-05] (6.54e-06, 4.64e-04)
INFO:root:[208,   232] loss: 5.368094e-03 masks: 22.0 17.2 [wd: 1.04e-01] [lr: 8.68e-04] [mem: 5.74e+03] (172.3 ms)
INFO:root:[208,   232] grad_stats: [2.28e-04 2.00e-05] (7.86e-06, 2.93e-04)
INFO:root:avg. loss 5.36809376e-03
INFO:root:time taken for epoch 0:00:53.939877
INFO:root:Epoch 209
INFO:root:[209,     0] loss: 4.922261e-03 masks: 20.0 20.0 [wd: 1.04e-01] [lr: 8.68e-04] [mem: 5.74e+03] (169.3 ms)
INFO:root:[209,     0] grad_stats: [2.22e-04 1.78e-05] (7.31e-06, 4.52e-04)
INFO:root:[209,   116] loss: 5.337975e-03 masks: 21.2 17.5 [wd: 1.04e-01] [lr: 8.67e-04] [mem: 5.74e+03] (170.1 ms)
INFO:root:[209,   116] grad_stats: [1.01e-04 1.97e-05] (6.34e-06, 5.69e-04)
INFO:root:[209,   232] loss: 5.383761e-03 masks: 21.6 17.3 [wd: 1.05e-01] [lr: 8.67e-04] [mem: 5.74e+03] (171.3 ms)
INFO:root:[209,   232] grad_stats: [4.14e-04 2.47e-05] (1.19e-05, 1.28e-03)
INFO:root:avg. loss 5.38376095e-03
INFO:root:time taken for epoch 0:00:53.590095
INFO:root:Epoch 210
INFO:root:[210,     0] loss: 5.427056e-03 masks: 23.0 16.0 [wd: 1.05e-01] [lr: 8.67e-04] [mem: 5.74e+03] (170.4 ms)
INFO:root:[210,     0] grad_stats: [9.36e-05 1.95e-05] (7.41e-06, 3.37e-04)
INFO:root:[210,   116] loss: 5.289173e-03 masks: 22.3 17.4 [wd: 1.05e-01] [lr: 8.66e-04] [mem: 5.74e+03] (172.9 ms)
INFO:root:[210,   116] grad_stats: [1.35e-04 3.47e-05] (1.04e-05, 6.08e-04)
INFO:root:[210,   232] loss: 5.308814e-03 masks: 21.9 17.4 [wd: 1.05e-01] [lr: 8.65e-04] [mem: 5.74e+03] (172.3 ms)
INFO:root:[210,   232] grad_stats: [1.04e-04 1.94e-05] (6.14e-06, 3.78e-04)
INFO:root:avg. loss 5.30881423e-03
INFO:root:time taken for epoch 0:00:53.852327
INFO:root:Epoch 211
INFO:root:[211,     0] loss: 4.764298e-03 masks: 15.0 20.0 [wd: 1.05e-01] [lr: 8.65e-04] [mem: 5.74e+03] (154.3 ms)
INFO:root:[211,     0] grad_stats: [9.70e-05 1.74e-05] (5.90e-06, 3.11e-04)
INFO:root:[211,   116] loss: 5.480325e-03 masks: 23.4 16.5 [wd: 1.06e-01] [lr: 8.64e-04] [mem: 5.74e+03] (174.9 ms)
INFO:root:[211,   116] grad_stats: [1.18e-04 2.56e-05] (7.15e-06, 6.28e-04)
INFO:root:[211,   232] loss: 5.433468e-03 masks: 22.7 16.9 [wd: 1.06e-01] [lr: 8.64e-04] [mem: 5.74e+03] (173.8 ms)
INFO:root:[211,   232] grad_stats: [1.10e-04 2.26e-05] (7.73e-06, 4.12e-04)
INFO:root:avg. loss 5.43346777e-03
INFO:root:time taken for epoch 0:00:54.185558
INFO:root:Epoch 212
INFO:root:[212,     0] loss: 5.319375e-03 masks: 25.0 16.0 [wd: 1.06e-01] [lr: 8.64e-04] [mem: 5.74e+03] (175.3 ms)
INFO:root:[212,     0] grad_stats: [2.40e-04 2.67e-05] (8.78e-06, 7.84e-04)
INFO:root:[212,   116] loss: 5.385130e-03 masks: 22.0 17.1 [wd: 1.06e-01] [lr: 8.63e-04] [mem: 5.74e+03] (171.7 ms)
INFO:root:[212,   116] grad_stats: [6.17e-05 1.86e-05] (6.72e-06, 9.87e-04)
INFO:root:[212,   232] loss: 5.353971e-03 masks: 22.0 17.2 [wd: 1.06e-01] [lr: 8.62e-04] [mem: 5.74e+03] (172.3 ms)
INFO:root:[212,   232] grad_stats: [1.82e-04 1.95e-05] (6.36e-06, 3.60e-04)
INFO:root:avg. loss 5.35397074e-03
INFO:root:time taken for epoch 0:00:53.875811
INFO:root:Epoch 213
INFO:root:[213,     0] loss: 4.562087e-03 masks: 17.0 20.0 [wd: 1.06e-01] [lr: 8.62e-04] [mem: 5.74e+03] (160.4 ms)
INFO:root:[213,     0] grad_stats: [1.35e-04 1.93e-05] (5.78e-06, 2.55e-04)
INFO:root:[213,   116] loss: 5.399102e-03 masks: 21.7 17.4 [wd: 1.07e-01] [lr: 8.61e-04] [mem: 5.74e+03] (171.3 ms)
INFO:root:[213,   116] grad_stats: [1.93e-04 2.50e-05] (7.99e-06, 6.46e-04)
INFO:root:[213,   232] loss: 5.416413e-03 masks: 21.9 17.2 [wd: 1.07e-01] [lr: 8.61e-04] [mem: 5.74e+03] (171.9 ms)
INFO:root:[213,   232] grad_stats: [2.09e-04 1.99e-05] (8.10e-06, 7.99e-04)
INFO:root:avg. loss 5.41641305e-03
INFO:root:time taken for epoch 0:00:54.969937
INFO:root:Epoch 214
INFO:root:[214,     0] loss: 5.123407e-03 masks: 17.0 20.0 [wd: 1.07e-01] [lr: 8.61e-04] [mem: 5.74e+03] (160.2 ms)
INFO:root:[214,     0] grad_stats: [1.01e-04 1.71e-05] (6.19e-06, 7.19e-04)
INFO:root:[214,   116] loss: 5.373747e-03 masks: 22.5 17.1 [wd: 1.07e-01] [lr: 8.60e-04] [mem: 5.74e+03] (172.9 ms)
INFO:root:[214,   116] grad_stats: [1.15e-04 2.41e-05] (9.58e-06, 9.94e-04)
INFO:root:[214,   232] loss: 5.339775e-03 masks: 21.7 17.3 [wd: 1.08e-01] [lr: 8.59e-04] [mem: 5.74e+03] (171.7 ms)
INFO:root:[214,   232] grad_stats: [1.23e-04 1.81e-05] (7.09e-06, 3.11e-04)
INFO:root:avg. loss 5.33977474e-03
INFO:root:time taken for epoch 0:00:53.755893
INFO:root:Epoch 215
INFO:root:[215,     0] loss: 4.671179e-03 masks: 19.0 20.0 [wd: 1.08e-01] [lr: 8.59e-04] [mem: 5.74e+03] (166.8 ms)
INFO:root:[215,     0] grad_stats: [2.14e-04 2.46e-05] (8.16e-06, 5.09e-04)
INFO:root:[215,   116] loss: 5.403258e-03 masks: 21.9 17.1 [wd: 1.08e-01] [lr: 8.58e-04] [mem: 5.74e+03] (171.7 ms)
INFO:root:[215,   116] grad_stats: [9.49e-05 1.99e-05] (6.66e-06, 4.29e-04)
INFO:root:[215,   232] loss: 5.373327e-03 masks: 21.7 17.3 [wd: 1.08e-01] [lr: 8.58e-04] [mem: 5.74e+03] (171.7 ms)
INFO:root:[215,   232] grad_stats: [1.16e-04 1.53e-05] (5.93e-06, 9.26e-04)
INFO:root:avg. loss 5.37332690e-03
INFO:root:time taken for epoch 0:00:53.706131
INFO:root:Epoch 216
INFO:root:[216,     0] loss: 4.634821e-03 masks: 18.0 20.0 [wd: 1.08e-01] [lr: 8.58e-04] [mem: 5.74e+03] (164.1 ms)
INFO:root:[216,     0] grad_stats: [2.24e-04 2.49e-05] (7.77e-06, 3.92e-04)
INFO:root:[216,   116] loss: 5.287505e-03 masks: 21.4 17.6 [wd: 1.08e-01] [lr: 8.57e-04] [mem: 5.74e+03] (170.9 ms)
INFO:root:[216,   116] grad_stats: [1.00e-04 2.28e-05] (8.22e-06, 5.44e-04)
INFO:root:[216,   232] loss: 5.283658e-03 masks: 21.5 17.6 [wd: 1.09e-01] [lr: 8.56e-04] [mem: 5.74e+03] (171.6 ms)
INFO:root:[216,   232] grad_stats: [1.02e-04 2.64e-05] (6.59e-06, 4.49e-04)
INFO:root:avg. loss 5.28365841e-03
INFO:root:time taken for epoch 0:00:53.680282
INFO:root:Epoch 217
INFO:root:[217,     0] loss: 4.575409e-03 masks: 17.0 20.0 [wd: 1.09e-01] [lr: 8.56e-04] [mem: 5.74e+03] (162.1 ms)
INFO:root:[217,     0] grad_stats: [1.03e-04 3.50e-05] (8.67e-06, 4.80e-04)
INFO:root:[217,   116] loss: 5.350341e-03 masks: 22.2 17.2 [wd: 1.09e-01] [lr: 8.55e-04] [mem: 5.74e+03] (172.4 ms)
INFO:root:[217,   116] grad_stats: [1.13e-04 1.81e-05] (6.77e-06, 7.91e-04)
INFO:root:[217,   232] loss: 5.361209e-03 masks: 22.1 17.2 [wd: 1.09e-01] [lr: 8.54e-04] [mem: 5.74e+03] (172.6 ms)
INFO:root:[217,   232] grad_stats: [7.17e-05 1.72e-05] (5.62e-06, 5.10e-04)
INFO:root:avg. loss 5.36120884e-03
INFO:root:time taken for epoch 0:00:53.925797
INFO:root:Epoch 218
INFO:root:[218,     0] loss: 5.351819e-03 masks: 35.0 12.0 [wd: 1.09e-01] [lr: 8.54e-04] [mem: 5.74e+03] (196.2 ms)
INFO:root:[218,     0] grad_stats: [7.89e-05 2.43e-05] (8.60e-06, 1.15e-03)
INFO:root:[218,   116] loss: 5.414113e-03 masks: 22.0 17.2 [wd: 1.10e-01] [lr: 8.54e-04] [mem: 5.74e+03] (171.9 ms)
INFO:root:[218,   116] grad_stats: [1.11e-04 2.06e-05] (8.39e-06, 8.12e-04)
INFO:root:[218,   232] loss: 5.406321e-03 masks: 21.8 17.3 [wd: 1.10e-01] [lr: 8.53e-04] [mem: 5.74e+03] (171.8 ms)
INFO:root:[218,   232] grad_stats: [9.67e-05 2.35e-05] (8.06e-06, 3.99e-04)
INFO:root:avg. loss 5.40632081e-03
INFO:root:time taken for epoch 0:00:53.611573
INFO:root:Epoch 219
INFO:root:[219,     0] loss: 4.672845e-03 masks: 20.0 20.0 [wd: 1.10e-01] [lr: 8.53e-04] [mem: 5.74e+03] (167.9 ms)
INFO:root:[219,     0] grad_stats: [1.75e-04 1.86e-05] (7.53e-06, 4.09e-04)
INFO:root:[219,   116] loss: 5.484915e-03 masks: 22.8 16.8 [wd: 1.10e-01] [lr: 8.52e-04] [mem: 5.74e+03] (173.5 ms)
INFO:root:[219,   116] grad_stats: [1.68e-04 1.95e-05] (7.76e-06, 6.96e-04)
INFO:root:[219,   232] loss: 5.408640e-03 masks: 22.1 17.2 [wd: 1.11e-01] [lr: 8.51e-04] [mem: 5.74e+03] (172.5 ms)
INFO:root:[219,   232] grad_stats: [9.35e-05 2.01e-05] (7.60e-06, 5.20e-04)
INFO:root:avg. loss 5.40863960e-03
INFO:root:time taken for epoch 0:00:53.876711
INFO:root:Epoch 220
INFO:root:[220,     0] loss: 4.550370e-03 masks: 19.0 20.0 [wd: 1.11e-01] [lr: 8.51e-04] [mem: 5.74e+03] (168.3 ms)
INFO:root:[220,     0] grad_stats: [1.67e-04 1.58e-05] (7.10e-06, 3.71e-04)
INFO:root:[220,   116] loss: 5.343315e-03 masks: 22.4 17.2 [wd: 1.11e-01] [lr: 8.51e-04] [mem: 5.74e+03] (173.4 ms)
INFO:root:[220,   116] grad_stats: [1.18e-04 2.26e-05] (7.48e-06, 4.66e-04)
INFO:root:[220,   232] loss: 5.364791e-03 masks: 22.3 17.2 [wd: 1.11e-01] [lr: 8.50e-04] [mem: 5.74e+03] (173.4 ms)
INFO:root:[220,   232] grad_stats: [8.44e-05 2.06e-05] (7.39e-06, 5.45e-04)
INFO:root:avg. loss 5.36479090e-03
INFO:root:	Epoch 220, KNN accuracy train: 7.29971e-01, KNN accuracy train: 5.78667e-01
INFO:root:time taken for epoch 0:01:36.503210
INFO:root:Epoch 221
INFO:root:[221,     0] loss: 4.929844e-03 masks: 18.0 20.0 [wd: 1.11e-01] [lr: 8.50e-04] [mem: 5.74e+03] (165.2 ms)
INFO:root:[221,     0] grad_stats: [5.33e-05 1.72e-05] (5.39e-06, 2.98e-04)
INFO:root:[221,   116] loss: 5.397605e-03 masks: 21.3 17.4 [wd: 1.11e-01] [lr: 8.49e-04] [mem: 5.74e+03] (169.7 ms)
INFO:root:[221,   116] grad_stats: [1.08e-04 1.67e-05] (6.91e-06, 1.00e-03)
INFO:root:[221,   232] loss: 5.377487e-03 masks: 21.1 17.6 [wd: 1.12e-01] [lr: 8.48e-04] [mem: 5.74e+03] (170.0 ms)
INFO:root:[221,   232] grad_stats: [9.67e-05 2.10e-05] (8.62e-06, 9.29e-04)
INFO:root:avg. loss 5.37748746e-03
INFO:root:time taken for epoch 0:00:53.281028
INFO:root:Epoch 222
INFO:root:[222,     0] loss: 5.125845e-03 masks: 26.0 16.0 [wd: 1.12e-01] [lr: 8.48e-04] [mem: 5.74e+03] (180.2 ms)
INFO:root:[222,     0] grad_stats: [8.83e-05 1.83e-05] (5.68e-06, 8.04e-04)
INFO:root:[222,   116] loss: 5.339166e-03 masks: 21.7 17.5 [wd: 1.12e-01] [lr: 8.47e-04] [mem: 5.74e+03] (171.3 ms)
INFO:root:[222,   116] grad_stats: [1.30e-04 2.48e-05] (7.43e-06, 5.35e-04)
INFO:root:[222,   232] loss: 5.391496e-03 masks: 21.8 17.4 [wd: 1.12e-01] [lr: 8.47e-04] [mem: 5.74e+03] (171.8 ms)
INFO:root:[222,   232] grad_stats: [3.60e-04 2.95e-05] (1.22e-05, 1.98e-03)
INFO:root:avg. loss 5.39149626e-03
INFO:root:time taken for epoch 0:00:53.739293
INFO:root:Epoch 223
INFO:root:[223,     0] loss: 5.190204e-03 masks: 21.0 20.0 [wd: 1.12e-01] [lr: 8.47e-04] [mem: 5.74e+03] (171.8 ms)
INFO:root:[223,     0] grad_stats: [5.60e-05 2.06e-05] (5.60e-06, 7.18e-04)
INFO:root:[223,   116] loss: 5.407152e-03 masks: 22.1 17.3 [wd: 1.13e-01] [lr: 8.46e-04] [mem: 5.74e+03] (172.1 ms)
INFO:root:[223,   116] grad_stats: [2.18e-04 2.64e-05] (9.34e-06, 4.93e-04)
INFO:root:[223,   232] loss: 5.405845e-03 masks: 22.1 17.2 [wd: 1.13e-01] [lr: 8.45e-04] [mem: 5.74e+03] (172.6 ms)
INFO:root:[223,   232] grad_stats: [2.23e-04 2.44e-05] (9.54e-06, 1.18e-03)
INFO:root:avg. loss 5.40584468e-03
INFO:root:time taken for epoch 0:00:53.909095
INFO:root:Epoch 224
INFO:root:[224,     0] loss: 5.523758e-03 masks: 23.0 16.0 [wd: 1.13e-01] [lr: 8.45e-04] [mem: 5.74e+03] (170.1 ms)
INFO:root:[224,     0] grad_stats: [6.34e-05 2.40e-05] (9.03e-06, 4.44e-04)
INFO:root:[224,   116] loss: 5.400518e-03 masks: 22.2 17.2 [wd: 1.13e-01] [lr: 8.44e-04] [mem: 5.74e+03] (172.5 ms)
INFO:root:[224,   116] grad_stats: [2.09e-04 2.37e-05] (9.08e-06, 8.60e-04)
INFO:root:[224,   232] loss: 5.401566e-03 masks: 21.6 17.4 [wd: 1.14e-01] [lr: 8.43e-04] [mem: 5.74e+03] (171.5 ms)
INFO:root:[224,   232] grad_stats: [1.74e-04 2.34e-05] (8.66e-06, 4.97e-04)
INFO:root:avg. loss 5.40156633e-03
INFO:root:time taken for epoch 0:00:53.528628
INFO:root:Epoch 225
INFO:root:[225,     0] loss: 6.051328e-03 masks: 21.0 16.0 [wd: 1.14e-01] [lr: 8.43e-04] [mem: 5.74e+03] (167.8 ms)
INFO:root:[225,     0] grad_stats: [2.14e-04 2.21e-05] (8.68e-06, 4.48e-04)
INFO:root:[225,   116] loss: 5.354953e-03 masks: 21.7 17.5 [wd: 1.14e-01] [lr: 8.43e-04] [mem: 5.74e+03] (171.5 ms)
INFO:root:[225,   116] grad_stats: [6.15e-05 2.17e-05] (7.64e-06, 3.35e-04)
INFO:root:[225,   232] loss: 5.376469e-03 masks: 21.9 17.3 [wd: 1.14e-01] [lr: 8.42e-04] [mem: 5.74e+03] (172.3 ms)
INFO:root:[225,   232] grad_stats: [7.72e-05 2.68e-05] (8.61e-06, 3.33e-04)
INFO:root:avg. loss 5.37646875e-03
INFO:root:time taken for epoch 0:00:53.842278
INFO:root:Epoch 226
INFO:root:[226,     0] loss: 5.589130e-03 masks: 21.0 16.0 [wd: 1.14e-01] [lr: 8.42e-04] [mem: 5.74e+03] (165.4 ms)
INFO:root:[226,     0] grad_stats: [1.09e-04 1.84e-05] (7.01e-06, 2.86e-04)
INFO:root:[226,   116] loss: 5.435320e-03 masks: 21.2 17.4 [wd: 1.15e-01] [lr: 8.41e-04] [mem: 5.74e+03] (169.9 ms)
INFO:root:[226,   116] grad_stats: [2.67e-04 2.31e-05] (7.97e-06, 9.65e-04)
INFO:root:[226,   232] loss: 5.408390e-03 masks: 21.7 17.4 [wd: 1.15e-01] [lr: 8.40e-04] [mem: 5.74e+03] (171.6 ms)
INFO:root:[226,   232] grad_stats: [1.42e-04 2.28e-05] (7.30e-06, 3.98e-04)
INFO:root:avg. loss 5.40838955e-03
INFO:root:time taken for epoch 0:00:53.725056
INFO:root:Epoch 227
INFO:root:[227,     0] loss: 6.239705e-03 masks: 21.0 16.0 [wd: 1.15e-01] [lr: 8.40e-04] [mem: 5.74e+03] (165.8 ms)
INFO:root:[227,     0] grad_stats: [1.69e-04 2.12e-05] (8.74e-06, 5.49e-04)
INFO:root:[227,   116] loss: 5.478649e-03 masks: 22.1 17.2 [wd: 1.15e-01] [lr: 8.39e-04] [mem: 5.74e+03] (172.2 ms)
INFO:root:[227,   116] grad_stats: [5.44e-05 1.79e-05] (7.11e-06, 1.29e-03)
INFO:root:[227,   232] loss: 5.500987e-03 masks: 22.6 16.9 [wd: 1.15e-01] [lr: 8.39e-04] [mem: 5.74e+03] (173.8 ms)
INFO:root:[227,   232] grad_stats: [1.71e-04 1.66e-05] (7.06e-06, 4.99e-04)
INFO:root:avg. loss 5.50098698e-03
INFO:root:time taken for epoch 0:00:54.179754
INFO:root:Epoch 228
INFO:root:[228,     0] loss: 5.249807e-03 masks: 24.0 16.0 [wd: 1.15e-01] [lr: 8.39e-04] [mem: 5.74e+03] (175.5 ms)
INFO:root:[228,     0] grad_stats: [7.68e-05 2.04e-05] (7.78e-06, 8.07e-04)
INFO:root:[228,   116] loss: 5.370238e-03 masks: 22.2 17.3 [wd: 1.16e-01] [lr: 8.38e-04] [mem: 5.74e+03] (172.6 ms)
INFO:root:[228,   116] grad_stats: [1.16e-04 1.75e-05] (6.93e-06, 5.99e-04)
INFO:root:[228,   232] loss: 5.381520e-03 masks: 21.9 17.4 [wd: 1.16e-01] [lr: 8.37e-04] [mem: 5.74e+03] (172.3 ms)
INFO:root:[228,   232] grad_stats: [2.10e-04 2.51e-05] (8.56e-06, 5.17e-04)
INFO:root:avg. loss 5.38151952e-03
INFO:root:time taken for epoch 0:00:53.804498
INFO:root:Epoch 229
INFO:root:[229,     0] loss: 4.902775e-03 masks: 20.0 20.0 [wd: 1.16e-01] [lr: 8.37e-04] [mem: 5.74e+03] (166.1 ms)
INFO:root:[229,     0] grad_stats: [1.46e-04 3.34e-05] (8.96e-06, 4.11e-04)
INFO:root:[229,   116] loss: 5.379449e-03 masks: 21.9 17.4 [wd: 1.16e-01] [lr: 8.36e-04] [mem: 5.74e+03] (172.0 ms)
INFO:root:[229,   116] grad_stats: [1.92e-04 2.09e-05] (9.62e-06, 7.52e-04)
INFO:root:[229,   232] loss: 5.376491e-03 masks: 22.0 17.4 [wd: 1.17e-01] [lr: 8.35e-04] [mem: 5.74e+03] (172.6 ms)
INFO:root:[229,   232] grad_stats: [8.92e-05 2.58e-05] (8.20e-06, 5.64e-04)
INFO:root:avg. loss 5.37649105e-03
INFO:root:time taken for epoch 0:00:53.890335
INFO:root:Epoch 230
INFO:root:[230,     0] loss: 5.048796e-03 masks: 20.0 20.0 [wd: 1.17e-01] [lr: 8.35e-04] [mem: 5.74e+03] (168.9 ms)
INFO:root:[230,     0] grad_stats: [5.95e-05 2.02e-05] (7.55e-06, 3.12e-04)
INFO:root:[230,   116] loss: 5.414175e-03 masks: 22.0 17.2 [wd: 1.17e-01] [lr: 8.34e-04] [mem: 5.74e+03] (171.8 ms)
INFO:root:[230,   116] grad_stats: [2.62e-04 2.88e-05] (1.22e-05, 9.93e-04)
INFO:root:[230,   232] loss: 5.440455e-03 masks: 22.1 17.2 [wd: 1.17e-01] [lr: 8.34e-04] [mem: 5.74e+03] (172.6 ms)
INFO:root:[230,   232] grad_stats: [1.74e-04 3.50e-05] (1.18e-05, 8.91e-04)
INFO:root:avg. loss 5.44045510e-03
INFO:root:time taken for epoch 0:00:53.904263
INFO:root:Epoch 231
INFO:root:[231,     0] loss: 5.539174e-03 masks: 25.0 16.0 [wd: 1.17e-01] [lr: 8.34e-04] [mem: 5.74e+03] (177.3 ms)
INFO:root:[231,     0] grad_stats: [1.68e-04 2.13e-05] (8.48e-06, 8.58e-04)
INFO:root:[231,   116] loss: 5.382739e-03 masks: 22.2 17.2 [wd: 1.18e-01] [lr: 8.33e-04] [mem: 5.74e+03] (172.5 ms)
INFO:root:[231,   116] grad_stats: [6.78e-05 2.12e-05] (7.73e-06, 6.30e-04)
INFO:root:[231,   232] loss: 5.412844e-03 masks: 22.1 17.2 [wd: 1.18e-01] [lr: 8.32e-04] [mem: 5.74e+03] (172.5 ms)
INFO:root:[231,   232] grad_stats: [1.25e-04 2.14e-05] (7.63e-06, 3.50e-04)
INFO:root:avg. loss 5.41284375e-03
INFO:root:time taken for epoch 0:00:53.884133
INFO:root:Epoch 232
INFO:root:[232,     0] loss: 5.302103e-03 masks: 17.0 20.0 [wd: 1.18e-01] [lr: 8.32e-04] [mem: 5.74e+03] (160.8 ms)
INFO:root:[232,     0] grad_stats: [7.29e-05 2.09e-05] (6.29e-06, 5.22e-04)
INFO:root:[232,   116] loss: 5.339816e-03 masks: 22.7 17.3 [wd: 1.18e-01] [lr: 8.31e-04] [mem: 5.74e+03] (174.0 ms)
INFO:root:[232,   116] grad_stats: [1.51e-04 1.98e-05] (9.17e-06, 4.82e-04)
INFO:root:[232,   232] loss: 5.370544e-03 masks: 22.4 17.3 [wd: 1.19e-01] [lr: 8.30e-04] [mem: 5.74e+03] (173.7 ms)
INFO:root:[232,   232] grad_stats: [2.02e-04 2.09e-05] (1.06e-05, 5.01e-04)
INFO:root:avg. loss 5.37054355e-03
INFO:root:time taken for epoch 0:00:54.220505
INFO:root:Epoch 233
INFO:root:[233,     0] loss: 5.566342e-03 masks: 25.0 16.0 [wd: 1.19e-01] [lr: 8.30e-04] [mem: 5.74e+03] (177.5 ms)
INFO:root:[233,     0] grad_stats: [1.90e-04 1.92e-05] (9.84e-06, 3.65e-04)
INFO:root:[233,   116] loss: 5.407836e-03 masks: 21.5 17.4 [wd: 1.19e-01] [lr: 8.29e-04] [mem: 5.74e+03] (170.7 ms)
INFO:root:[233,   116] grad_stats: [2.54e-04 1.96e-05] (5.95e-06, 7.58e-04)
INFO:root:[233,   232] loss: 5.430872e-03 masks: 21.8 17.3 [wd: 1.19e-01] [lr: 8.29e-04] [mem: 5.74e+03] (171.9 ms)
INFO:root:[233,   232] grad_stats: [1.28e-04 2.15e-05] (8.98e-06, 9.60e-04)
INFO:root:avg. loss 5.43087216e-03
INFO:root:time taken for epoch 0:00:53.618304
INFO:root:Epoch 234
INFO:root:[234,     0] loss: 5.584728e-03 masks: 28.0 16.0 [wd: 1.19e-01] [lr: 8.29e-04] [mem: 5.74e+03] (183.8 ms)
INFO:root:[234,     0] grad_stats: [9.63e-05 2.19e-05] (8.64e-06, 8.96e-04)
INFO:root:[234,   116] loss: 5.438867e-03 masks: 21.8 17.3 [wd: 1.19e-01] [lr: 8.28e-04] [mem: 5.74e+03] (171.4 ms)
INFO:root:[234,   116] grad_stats: [9.15e-05 2.34e-05] (8.24e-06, 5.56e-04)
INFO:root:[234,   232] loss: 5.402866e-03 masks: 21.8 17.2 [wd: 1.20e-01] [lr: 8.27e-04] [mem: 5.74e+03] (171.7 ms)
INFO:root:[234,   232] grad_stats: [2.18e-04 3.26e-05] (1.05e-05, 5.99e-04)
INFO:root:avg. loss 5.40286572e-03
INFO:root:time taken for epoch 0:00:53.726034
INFO:root:Epoch 235
INFO:root:[235,     0] loss: 4.709423e-03 masks: 19.0 20.0 [wd: 1.20e-01] [lr: 8.27e-04] [mem: 5.74e+03] (168.1 ms)
INFO:root:[235,     0] grad_stats: [8.61e-05 2.55e-05] (6.94e-06, 4.96e-04)
INFO:root:[235,   116] loss: 5.405099e-03 masks: 22.6 17.1 [wd: 1.20e-01] [lr: 8.26e-04] [mem: 5.74e+03] (173.3 ms)
INFO:root:[235,   116] grad_stats: [1.32e-04 2.39e-05] (9.53e-06, 1.64e-03)
INFO:root:[235,   232] loss: 5.422711e-03 masks: 22.2 17.2 [wd: 1.20e-01] [lr: 8.25e-04] [mem: 5.74e+03] (172.8 ms)
INFO:root:[235,   232] grad_stats: [9.13e-05 2.27e-05] (9.27e-06, 3.13e-04)
INFO:root:avg. loss 5.42271095e-03
INFO:root:time taken for epoch 0:00:54.001797
INFO:root:Epoch 236
INFO:root:[236,     0] loss: 4.474844e-03 masks: 20.0 20.0 [wd: 1.20e-01] [lr: 8.25e-04] [mem: 5.74e+03] (169.0 ms)
INFO:root:[236,     0] grad_stats: [5.31e-05 1.78e-05] (5.59e-06, 3.00e-04)
INFO:root:[236,   116] loss: 5.417519e-03 masks: 22.7 16.9 [wd: 1.21e-01] [lr: 8.24e-04] [mem: 5.74e+03] (173.3 ms)
INFO:root:[236,   116] grad_stats: [8.69e-05 2.46e-05] (8.22e-06, 2.94e-04)
INFO:root:[236,   232] loss: 5.374168e-03 masks: 22.1 17.3 [wd: 1.21e-01] [lr: 8.24e-04] [mem: 5.74e+03] (172.5 ms)
INFO:root:[236,   232] grad_stats: [9.23e-05 1.83e-05] (7.13e-06, 5.02e-04)
INFO:root:avg. loss 5.37416754e-03
INFO:root:time taken for epoch 0:00:53.856016
INFO:root:Epoch 237
INFO:root:[237,     0] loss: 5.369705e-03 masks: 25.0 16.0 [wd: 1.21e-01] [lr: 8.24e-04] [mem: 5.74e+03] (176.6 ms)
INFO:root:[237,     0] grad_stats: [1.01e-04 1.94e-05] (7.71e-06, 5.58e-04)
INFO:root:[237,   116] loss: 5.360788e-03 masks: 21.4 17.5 [wd: 1.21e-01] [lr: 8.23e-04] [mem: 5.74e+03] (170.5 ms)
INFO:root:[237,   116] grad_stats: [8.03e-05 1.84e-05] (7.15e-06, 4.83e-04)
INFO:root:[237,   232] loss: 5.383136e-03 masks: 21.4 17.4 [wd: 1.22e-01] [lr: 8.22e-04] [mem: 5.74e+03] (171.0 ms)
INFO:root:[237,   232] grad_stats: [7.15e-05 2.19e-05] (7.31e-06, 4.19e-04)
INFO:root:avg. loss 5.38313649e-03
INFO:root:time taken for epoch 0:00:53.571131
INFO:root:Epoch 238
INFO:root:[238,     0] loss: 4.883115e-03 masks: 17.0 20.0 [wd: 1.22e-01] [lr: 8.22e-04] [mem: 5.74e+03] (160.5 ms)
INFO:root:[238,     0] grad_stats: [4.18e-05 1.83e-05] (7.27e-06, 2.98e-04)
INFO:root:[238,   116] loss: 5.427051e-03 masks: 22.5 17.0 [wd: 1.22e-01] [lr: 8.21e-04] [mem: 5.74e+03] (173.0 ms)
INFO:root:[238,   116] grad_stats: [1.01e-04 2.50e-05] (9.15e-06, 5.09e-04)
INFO:root:[238,   232] loss: 5.459827e-03 masks: 22.7 16.9 [wd: 1.22e-01] [lr: 8.20e-04] [mem: 5.74e+03] (173.8 ms)
INFO:root:[238,   232] grad_stats: [7.84e-05 2.51e-05] (9.10e-06, 7.84e-04)
INFO:root:avg. loss 5.45982672e-03
INFO:root:time taken for epoch 0:00:54.171220
INFO:root:Epoch 239
INFO:root:[239,     0] loss: 5.755689e-03 masks: 14.0 20.0 [wd: 1.22e-01] [lr: 8.20e-04] [mem: 5.74e+03] (152.9 ms)
INFO:root:[239,     0] grad_stats: [8.28e-05 2.29e-05] (8.00e-06, 3.07e-04)
INFO:root:[239,   116] loss: 5.524400e-03 masks: 22.8 16.9 [wd: 1.23e-01] [lr: 8.19e-04] [mem: 5.74e+03] (173.6 ms)
INFO:root:[239,   116] grad_stats: [1.21e-04 1.96e-05] (9.04e-06, 1.12e-03)
INFO:root:[239,   232] loss: 5.440249e-03 masks: 22.2 17.2 [wd: 1.23e-01] [lr: 8.19e-04] [mem: 5.74e+03] (172.8 ms)
INFO:root:[239,   232] grad_stats: [6.59e-05 1.97e-05] (7.98e-06, 7.28e-04)
INFO:root:avg. loss 5.44024851e-03
INFO:root:time taken for epoch 0:00:53.960467
INFO:root:Epoch 240
INFO:root:[240,     0] loss: 5.840118e-03 masks: 24.0 16.0 [wd: 1.23e-01] [lr: 8.19e-04] [mem: 5.74e+03] (175.1 ms)
INFO:root:[240,     0] grad_stats: [1.60e-04 2.81e-05] (1.16e-05, 6.28e-04)
INFO:root:[240,   116] loss: 5.405586e-03 masks: 21.5 17.4 [wd: 1.23e-01] [lr: 8.18e-04] [mem: 5.74e+03] (170.7 ms)
INFO:root:[240,   116] grad_stats: [1.13e-04 2.17e-05] (8.98e-06, 1.23e-03)
INFO:root:[240,   232] loss: 5.431534e-03 masks: 22.1 17.2 [wd: 1.24e-01] [lr: 8.17e-04] [mem: 5.74e+03] (172.4 ms)
INFO:root:[240,   232] grad_stats: [1.84e-04 2.75e-05] (9.59e-06, 2.97e-04)
INFO:root:avg. loss 5.43153370e-03
INFO:root:	Epoch 240, KNN accuracy train: 7.25465e-01, KNN accuracy train: 5.73667e-01
INFO:root:time taken for epoch 0:01:36.351000
INFO:root:Epoch 241
INFO:root:[241,     0] loss: 6.301347e-03 masks: 21.0 16.0 [wd: 1.24e-01] [lr: 8.17e-04] [mem: 5.74e+03] (166.0 ms)
INFO:root:[241,     0] grad_stats: [1.24e-04 2.74e-05] (1.16e-05, 1.07e-03)
INFO:root:[241,   116] loss: 5.541699e-03 masks: 22.5 17.0 [wd: 1.24e-01] [lr: 8.16e-04] [mem: 5.74e+03] (172.2 ms)
INFO:root:[241,   116] grad_stats: [5.01e-05 1.76e-05] (6.76e-06, 4.74e-04)
INFO:root:[241,   232] loss: 5.503930e-03 masks: 22.5 17.0 [wd: 1.24e-01] [lr: 8.15e-04] [mem: 5.74e+03] (172.8 ms)
INFO:root:[241,   232] grad_stats: [1.39e-04 1.96e-05] (7.07e-06, 4.96e-04)
INFO:root:avg. loss 5.50392970e-03
INFO:root:time taken for epoch 0:00:53.900467
INFO:root:Epoch 242
INFO:root:[242,     0] loss: 5.240984e-03 masks: 17.0 20.0 [wd: 1.24e-01] [lr: 8.15e-04] [mem: 5.74e+03] (160.5 ms)
INFO:root:[242,     0] grad_stats: [9.46e-05 2.76e-05] (7.89e-06, 6.62e-04)
INFO:root:[242,   116] loss: 5.502833e-03 masks: 22.0 16.9 [wd: 1.25e-01] [lr: 8.14e-04] [mem: 5.74e+03] (171.1 ms)
INFO:root:[242,   116] grad_stats: [1.66e-04 2.40e-05] (9.02e-06, 6.57e-04)
INFO:root:[242,   232] loss: 5.488275e-03 masks: 21.9 17.0 [wd: 1.25e-01] [lr: 8.13e-04] [mem: 5.74e+03] (171.6 ms)
INFO:root:[242,   232] grad_stats: [7.53e-05 1.85e-05] (7.65e-06, 7.65e-04)
INFO:root:avg. loss 5.48827548e-03
INFO:root:time taken for epoch 0:00:53.684459
INFO:root:Epoch 243
INFO:root:[243,     0] loss: 4.488254e-03 masks: 19.0 20.0 [wd: 1.25e-01] [lr: 8.13e-04] [mem: 5.74e+03] (167.9 ms)
INFO:root:[243,     0] grad_stats: [9.39e-05 1.66e-05] (7.47e-06, 2.84e-04)
INFO:root:[243,   116] loss: 5.427835e-03 masks: 21.9 17.3 [wd: 1.25e-01] [lr: 8.13e-04] [mem: 5.74e+03] (171.8 ms)
INFO:root:[243,   116] grad_stats: [1.57e-04 2.36e-05] (1.23e-05, 9.11e-04)
INFO:root:[243,   232] loss: 5.427765e-03 masks: 22.1 17.2 [wd: 1.25e-01] [lr: 8.12e-04] [mem: 5.74e+03] (172.7 ms)
INFO:root:[243,   232] grad_stats: [5.52e-05 2.84e-05] (7.90e-06, 3.14e-04)
INFO:root:avg. loss 5.42776485e-03
INFO:root:time taken for epoch 0:00:53.870947
INFO:root:Epoch 244
INFO:root:[244,     0] loss: 6.213993e-03 masks: 20.0 16.0 [wd: 1.25e-01] [lr: 8.12e-04] [mem: 5.74e+03] (162.3 ms)
INFO:root:[244,     0] grad_stats: [1.73e-04 1.94e-05] (7.96e-06, 5.61e-04)
INFO:root:[244,   116] loss: 5.551331e-03 masks: 21.4 17.3 [wd: 1.26e-01] [lr: 8.11e-04] [mem: 5.74e+03] (170.2 ms)
INFO:root:[244,   116] grad_stats: [1.41e-04 2.97e-05] (1.05e-05, 6.65e-04)
INFO:root:[244,   232] loss: 5.497201e-03 masks: 21.8 17.2 [wd: 1.26e-01] [lr: 8.10e-04] [mem: 5.74e+03] (171.7 ms)
INFO:root:[244,   232] grad_stats: [1.72e-04 3.00e-05] (1.07e-05, 6.57e-04)
INFO:root:avg. loss 5.49720109e-03
INFO:root:time taken for epoch 0:00:53.694570
INFO:root:Epoch 245
INFO:root:[245,     0] loss: 4.642998e-03 masks: 19.0 20.0 [wd: 1.26e-01] [lr: 8.10e-04] [mem: 5.74e+03] (167.2 ms)
INFO:root:[245,     0] grad_stats: [1.16e-04 1.91e-05] (8.03e-06, 6.25e-04)
INFO:root:[245,   116] loss: 5.402471e-03 masks: 21.8 17.4 [wd: 1.26e-01] [lr: 8.09e-04] [mem: 5.74e+03] (171.4 ms)
INFO:root:[245,   116] grad_stats: [1.22e-04 2.97e-05] (9.54e-06, 7.83e-04)
INFO:root:[245,   232] loss: 5.471743e-03 masks: 21.9 17.2 [wd: 1.27e-01] [lr: 8.08e-04] [mem: 5.74e+03] (171.7 ms)
INFO:root:[245,   232] grad_stats: [1.03e-04 2.52e-05] (9.68e-06, 1.52e-03)
INFO:root:avg. loss 5.47174320e-03
INFO:root:time taken for epoch 0:00:53.776564
INFO:root:Epoch 246
INFO:root:[246,     0] loss: 6.324551e-03 masks: 33.0 12.0 [wd: 1.27e-01] [lr: 8.08e-04] [mem: 5.74e+03] (192.9 ms)
INFO:root:[246,     0] grad_stats: [2.59e-04 3.70e-05] (1.69e-05, 2.76e-03)
INFO:root:[246,   116] loss: 5.463204e-03 masks: 22.3 17.1 [wd: 1.27e-01] [lr: 8.07e-04] [mem: 5.74e+03] (172.7 ms)
INFO:root:[246,   116] grad_stats: [2.12e-04 1.56e-05] (6.09e-06, 2.71e-04)
INFO:root:[246,   232] loss: 5.435543e-03 masks: 22.1 17.2 [wd: 1.27e-01] [lr: 8.06e-04] [mem: 5.74e+03] (172.6 ms)
INFO:root:[246,   232] grad_stats: [2.10e-04 3.03e-05] (1.17e-05, 7.70e-04)
INFO:root:avg. loss 5.43554313e-03
INFO:root:time taken for epoch 0:00:53.951652
INFO:root:Epoch 247
INFO:root:[247,     0] loss: 5.153297e-03 masks: 25.0 16.0 [wd: 1.27e-01] [lr: 8.06e-04] [mem: 5.74e+03] (177.4 ms)
INFO:root:[247,     0] grad_stats: [3.18e-04 2.41e-05] (1.26e-05, 1.01e-03)
INFO:root:[247,   116] loss: 5.407193e-03 masks: 21.6 17.5 [wd: 1.28e-01] [lr: 8.06e-04] [mem: 5.74e+03] (171.1 ms)
INFO:root:[247,   116] grad_stats: [4.48e-05 2.34e-05] (9.81e-06, 5.52e-04)
INFO:root:[247,   232] loss: 5.399632e-03 masks: 21.9 17.4 [wd: 1.28e-01] [lr: 8.05e-04] [mem: 5.74e+03] (172.0 ms)
INFO:root:[247,   232] grad_stats: [7.79e-05 2.83e-05] (9.47e-06, 5.36e-04)
INFO:root:avg. loss 5.39963217e-03
INFO:root:time taken for epoch 0:00:53.662846
INFO:root:Epoch 248
INFO:root:[248,     0] loss: 6.392344e-03 masks: 17.0 16.0 [wd: 1.28e-01] [lr: 8.05e-04] [mem: 5.74e+03] (155.4 ms)
INFO:root:[248,     0] grad_stats: [1.88e-04 2.91e-05] (9.60e-06, 4.42e-04)
INFO:root:[248,   116] loss: 5.437796e-03 masks: 21.1 17.5 [wd: 1.28e-01] [lr: 8.04e-04] [mem: 5.74e+03] (169.7 ms)
INFO:root:[248,   116] grad_stats: [5.06e-05 1.73e-05] (6.57e-06, 2.50e-04)
INFO:root:[248,   232] loss: 5.446888e-03 masks: 21.6 17.4 [wd: 1.29e-01] [lr: 8.03e-04] [mem: 5.74e+03] (171.2 ms)
INFO:root:[248,   232] grad_stats: [2.92e-04 3.23e-05] (1.31e-05, 5.13e-04)
INFO:root:avg. loss 5.44688772e-03
INFO:root:time taken for epoch 0:00:53.701172
INFO:root:Epoch 249
INFO:root:[249,     0] loss: 4.619858e-03 masks: 23.0 20.0 [wd: 1.29e-01] [lr: 8.03e-04] [mem: 5.74e+03] (176.8 ms)
INFO:root:[249,     0] grad_stats: [6.25e-05 1.70e-05] (7.19e-06, 4.55e-04)
INFO:root:[249,   116] loss: 5.467041e-03 masks: 22.3 17.0 [wd: 1.29e-01] [lr: 8.02e-04] [mem: 5.74e+03] (172.4 ms)
INFO:root:[249,   116] grad_stats: [1.16e-04 2.28e-05] (1.06e-05, 1.15e-03)
INFO:root:[249,   232] loss: 5.415122e-03 masks: 21.8 17.4 [wd: 1.29e-01] [lr: 8.01e-04] [mem: 5.74e+03] (172.0 ms)
INFO:root:[249,   232] grad_stats: [8.03e-05 2.23e-05] (7.21e-06, 3.69e-04)
INFO:root:avg. loss 5.41512182e-03
INFO:root:time taken for epoch 0:00:54.504100
INFO:root:Epoch 250
INFO:root:[250,     0] loss: 6.388482e-03 masks: 36.0 12.0 [wd: 1.29e-01] [lr: 8.01e-04] [mem: 5.74e+03] (202.4 ms)
INFO:root:[250,     0] grad_stats: [1.06e-04 2.46e-05] (9.31e-06, 4.20e-04)
INFO:root:[250,   116] loss: 5.498916e-03 masks: 22.1 17.1 [wd: 1.30e-01] [lr: 8.00e-04] [mem: 5.74e+03] (171.8 ms)
INFO:root:[250,   116] grad_stats: [2.03e-04 3.11e-05] (1.16e-05, 2.54e-03)
INFO:root:[250,   232] loss: 5.492652e-03 masks: 22.3 17.0 [wd: 1.30e-01] [lr: 7.99e-04] [mem: 5.74e+03] (172.7 ms)
INFO:root:[250,   232] grad_stats: [1.38e-04 1.74e-05] (5.94e-06, 2.60e-04)
INFO:root:avg. loss 5.49265244e-03
INFO:root:time taken for epoch 0:00:53.920014
INFO:root:Epoch 251
INFO:root:[251,     0] loss: 5.348749e-03 masks: 14.0 20.0 [wd: 1.30e-01] [lr: 7.99e-04] [mem: 5.74e+03] (150.7 ms)
INFO:root:[251,     0] grad_stats: [1.09e-04 1.90e-05] (7.66e-06, 3.06e-04)
INFO:root:[251,   116] loss: 5.435091e-03 masks: 21.1 17.6 [wd: 1.30e-01] [lr: 7.99e-04] [mem: 5.74e+03] (169.7 ms)
INFO:root:[251,   116] grad_stats: [1.29e-04 2.16e-05] (8.02e-06, 1.55e-03)
INFO:root:[251,   232] loss: 5.429301e-03 masks: 21.2 17.5 [wd: 1.31e-01] [lr: 7.98e-04] [mem: 5.74e+03] (170.5 ms)
INFO:root:[251,   232] grad_stats: [6.70e-05 2.06e-05] (8.02e-06, 4.45e-04)
INFO:root:avg. loss 5.42930147e-03
INFO:root:time taken for epoch 0:00:53.381744
INFO:root:Epoch 252
INFO:root:[252,     0] loss: 4.588157e-03 masks: 20.0 20.0 [wd: 1.31e-01] [lr: 7.98e-04] [mem: 5.74e+03] (168.2 ms)
INFO:root:[252,     0] grad_stats: [9.97e-05 2.09e-05] (7.49e-06, 4.94e-04)
INFO:root:[252,   116] loss: 5.468133e-03 masks: 22.2 17.2 [wd: 1.31e-01] [lr: 7.97e-04] [mem: 5.74e+03] (172.6 ms)
INFO:root:[252,   116] grad_stats: [1.65e-04 1.86e-05] (7.02e-06, 7.51e-04)
INFO:root:[252,   232] loss: 5.430863e-03 masks: 22.6 17.1 [wd: 1.31e-01] [lr: 7.96e-04] [mem: 5.74e+03] (173.9 ms)
INFO:root:[252,   232] grad_stats: [8.16e-05 2.66e-05] (9.55e-06, 8.31e-04)
INFO:root:avg. loss 5.43086343e-03
INFO:root:time taken for epoch 0:00:54.234465
INFO:root:Epoch 253
INFO:root:[253,     0] loss: 4.537150e-03 masks: 21.0 20.0 [wd: 1.31e-01] [lr: 7.96e-04] [mem: 5.74e+03] (171.4 ms)
INFO:root:[253,     0] grad_stats: [9.64e-05 1.81e-05] (7.95e-06, 8.99e-04)
INFO:root:[253,   116] loss: 5.504594e-03 masks: 22.1 17.2 [wd: 1.32e-01] [lr: 7.95e-04] [mem: 5.74e+03] (172.0 ms)
INFO:root:[253,   116] grad_stats: [1.14e-04 2.64e-05] (1.04e-05, 4.65e-04)
INFO:root:[253,   232] loss: 5.512641e-03 masks: 22.2 17.1 [wd: 1.32e-01] [lr: 7.94e-04] [mem: 5.74e+03] (172.6 ms)
INFO:root:[253,   232] grad_stats: [1.21e-04 3.06e-05] (1.26e-05, 1.37e-03)
INFO:root:avg. loss 5.51264125e-03
INFO:root:time taken for epoch 0:00:53.819194
INFO:root:Epoch 254
INFO:root:[254,     0] loss: 5.217362e-03 masks: 21.0 20.0 [wd: 1.32e-01] [lr: 7.94e-04] [mem: 5.74e+03] (172.0 ms)
INFO:root:[254,     0] grad_stats: [1.46e-04 1.83e-05] (8.34e-06, 1.31e-03)
INFO:root:[254,   116] loss: 5.499596e-03 masks: 22.1 17.2 [wd: 1.32e-01] [lr: 7.93e-04] [mem: 5.74e+03] (172.1 ms)
INFO:root:[254,   116] grad_stats: [2.06e-04 2.71e-05] (1.17e-05, 4.53e-04)
INFO:root:[254,   232] loss: 5.471005e-03 masks: 21.8 17.4 [wd: 1.33e-01] [lr: 7.92e-04] [mem: 5.74e+03] (171.7 ms)
INFO:root:[254,   232] grad_stats: [1.30e-04 2.73e-05] (9.22e-06, 9.73e-04)
INFO:root:avg. loss 5.47100455e-03
INFO:root:time taken for epoch 0:00:53.718834
INFO:root:Epoch 255
INFO:root:[255,     0] loss: 5.295241e-03 masks: 21.0 16.0 [wd: 1.33e-01] [lr: 7.92e-04] [mem: 5.74e+03] (165.6 ms)
INFO:root:[255,     0] grad_stats: [8.87e-05 2.77e-05] (1.16e-05, 2.18e-03)
INFO:root:[255,   116] loss: 5.458813e-03 masks: 22.5 17.1 [wd: 1.33e-01] [lr: 7.91e-04] [mem: 5.74e+03] (173.0 ms)
INFO:root:[255,   116] grad_stats: [2.44e-04 2.92e-05] (1.21e-05, 9.11e-04)
INFO:root:[255,   232] loss: 5.498912e-03 masks: 22.3 17.0 [wd: 1.33e-01] [lr: 7.91e-04] [mem: 5.74e+03] (172.7 ms)
INFO:root:[255,   232] grad_stats: [1.78e-04 2.40e-05] (9.02e-06, 8.37e-04)
INFO:root:avg. loss 5.49891174e-03
INFO:root:time taken for epoch 0:00:53.926433
INFO:root:Epoch 256
INFO:root:[256,     0] loss: 6.106805e-03 masks: 21.0 16.0 [wd: 1.33e-01] [lr: 7.91e-04] [mem: 5.74e+03] (167.0 ms)
INFO:root:[256,     0] grad_stats: [1.37e-04 2.82e-05] (1.04e-05, 8.76e-04)
INFO:root:[256,   116] loss: 5.491576e-03 masks: 21.9 17.2 [wd: 1.34e-01] [lr: 7.90e-04] [mem: 5.74e+03] (171.6 ms)
INFO:root:[256,   116] grad_stats: [1.27e-04 2.58e-05] (1.08e-05, 9.19e-04)
INFO:root:[256,   232] loss: 5.477015e-03 masks: 21.6 17.3 [wd: 1.34e-01] [lr: 7.89e-04] [mem: 5.74e+03] (171.4 ms)
INFO:root:[256,   232] grad_stats: [1.14e-04 2.07e-05] (1.00e-05, 4.58e-04)
INFO:root:avg. loss 5.47701531e-03
INFO:root:time taken for epoch 0:00:53.409742
INFO:root:Epoch 257
INFO:root:[257,     0] loss: 6.275915e-03 masks: 34.0 12.0 [wd: 1.34e-01] [lr: 7.89e-04] [mem: 5.74e+03] (193.2 ms)
INFO:root:[257,     0] grad_stats: [2.21e-04 2.56e-05] (1.48e-05, 1.21e-03)
INFO:root:[257,   116] loss: 5.359987e-03 masks: 21.7 17.5 [wd: 1.34e-01] [lr: 7.88e-04] [mem: 5.74e+03] (171.4 ms)
INFO:root:[257,   116] grad_stats: [1.78e-04 2.43e-05] (8.87e-06, 2.84e-04)
INFO:root:[257,   232] loss: 5.393463e-03 masks: 21.6 17.4 [wd: 1.35e-01] [lr: 7.87e-04] [mem: 5.74e+03] (171.4 ms)
INFO:root:[257,   232] grad_stats: [2.42e-04 2.75e-05] (1.10e-05, 7.15e-04)
INFO:root:avg. loss 5.39346338e-03
INFO:root:time taken for epoch 0:00:53.702653
INFO:root:Epoch 258
INFO:root:[258,     0] loss: 6.432424e-03 masks: 34.0 12.0 [wd: 1.35e-01] [lr: 7.87e-04] [mem: 5.74e+03] (194.8 ms)
INFO:root:[258,     0] grad_stats: [2.98e-04 3.26e-05] (1.19e-05, 1.03e-03)
INFO:root:[258,   116] loss: 5.392663e-03 masks: 21.9 17.4 [wd: 1.35e-01] [lr: 7.86e-04] [mem: 5.74e+03] (171.7 ms)
INFO:root:[258,   116] grad_stats: [1.00e-04 2.29e-05] (1.14e-05, 8.30e-04)
INFO:root:[258,   232] loss: 5.426719e-03 masks: 22.1 17.3 [wd: 1.35e-01] [lr: 7.85e-04] [mem: 5.74e+03] (172.5 ms)
INFO:root:[258,   232] grad_stats: [1.30e-04 2.20e-05] (1.21e-05, 7.75e-04)
INFO:root:avg. loss 5.42671853e-03
INFO:root:time taken for epoch 0:00:53.903803
INFO:root:Epoch 259
INFO:root:[259,     0] loss: 5.461169e-03 masks: 24.0 16.0 [wd: 1.35e-01] [lr: 7.85e-04] [mem: 5.74e+03] (173.9 ms)
INFO:root:[259,     0] grad_stats: [1.86e-04 2.41e-05] (1.18e-05, 5.06e-04)
INFO:root:[259,   116] loss: 5.483133e-03 masks: 22.2 17.2 [wd: 1.36e-01] [lr: 7.84e-04] [mem: 5.74e+03] (172.4 ms)
INFO:root:[259,   116] grad_stats: [1.05e-04 1.75e-05] (9.20e-06, 1.39e-03)
INFO:root:[259,   232] loss: 5.473175e-03 masks: 22.1 17.1 [wd: 1.36e-01] [lr: 7.83e-04] [mem: 5.74e+03] (172.4 ms)
INFO:root:[259,   232] grad_stats: [4.48e-04 3.21e-05] (1.31e-05, 9.19e-04)
INFO:root:avg. loss 5.47317520e-03
INFO:root:time taken for epoch 0:00:53.787809
INFO:root:Epoch 260
INFO:root:[260,     0] loss: 4.560770e-03 masks: 19.0 20.0 [wd: 1.36e-01] [lr: 7.83e-04] [mem: 5.74e+03] (167.4 ms)
INFO:root:[260,     0] grad_stats: [9.91e-05 1.79e-05] (7.60e-06, 6.79e-04)
INFO:root:[260,   116] loss: 5.414890e-03 masks: 22.3 17.3 [wd: 1.36e-01] [lr: 7.82e-04] [mem: 5.74e+03] (172.8 ms)
INFO:root:[260,   116] grad_stats: [7.36e-05 1.93e-05] (9.28e-06, 4.10e-04)
INFO:root:[260,   232] loss: 5.427857e-03 masks: 22.0 17.3 [wd: 1.37e-01] [lr: 7.81e-04] [mem: 5.74e+03] (172.5 ms)
INFO:root:[260,   232] grad_stats: [2.00e-04 2.49e-05] (9.59e-06, 1.17e-03)
INFO:root:avg. loss 5.42785739e-03
INFO:root:	Epoch 260, KNN accuracy train: 7.24750e-01, KNN accuracy train: 5.87333e-01
INFO:root:time taken for epoch 0:01:36.251953
INFO:root:Epoch 261
INFO:root:[261,     0] loss: 5.351181e-03 masks: 22.0 16.0 [wd: 1.37e-01] [lr: 7.81e-04] [mem: 5.74e+03] (168.8 ms)
INFO:root:[261,     0] grad_stats: [1.98e-04 2.02e-05] (1.10e-05, 1.27e-03)
INFO:root:[261,   116] loss: 5.509949e-03 masks: 22.0 17.2 [wd: 1.37e-01] [lr: 7.81e-04] [mem: 5.74e+03] (171.1 ms)
INFO:root:[261,   116] grad_stats: [9.45e-05 2.83e-05] (1.52e-05, 8.22e-04)
INFO:root:[261,   232] loss: 5.421284e-03 masks: 22.0 17.3 [wd: 1.37e-01] [lr: 7.80e-04] [mem: 5.74e+03] (171.9 ms)
INFO:root:[261,   232] grad_stats: [1.52e-04 2.13e-05] (9.54e-06, 8.95e-04)
INFO:root:avg. loss 5.42128352e-03
INFO:root:time taken for epoch 0:00:53.700187
INFO:root:Epoch 262
INFO:root:[262,     0] loss: 5.480852e-03 masks: 13.0 20.0 [wd: 1.37e-01] [lr: 7.80e-04] [mem: 5.74e+03] (149.6 ms)
INFO:root:[262,     0] grad_stats: [1.78e-04 2.04e-05] (9.25e-06, 7.26e-04)
INFO:root:[262,   116] loss: 5.428203e-03 masks: 21.5 17.5 [wd: 1.38e-01] [lr: 7.79e-04] [mem: 5.74e+03] (170.6 ms)
INFO:root:[262,   116] grad_stats: [4.74e-04 3.18e-05] (1.41e-05, 9.91e-04)
INFO:root:[262,   232] loss: 5.420855e-03 masks: 21.7 17.4 [wd: 1.38e-01] [lr: 7.78e-04] [mem: 5.74e+03] (171.5 ms)
INFO:root:[262,   232] grad_stats: [1.43e-04 1.72e-05] (7.60e-06, 3.59e-04)
INFO:root:avg. loss 5.42085467e-03
INFO:root:time taken for epoch 0:00:53.659620
INFO:root:Epoch 263
INFO:root:[263,     0] loss: 5.919024e-03 masks: 13.0 20.0 [wd: 1.38e-01] [lr: 7.78e-04] [mem: 5.74e+03] (151.6 ms)
INFO:root:[263,     0] grad_stats: [1.42e-04 2.64e-05] (9.39e-06, 5.81e-04)
INFO:root:[263,   116] loss: 5.471352e-03 masks: 22.4 17.0 [wd: 1.38e-01] [lr: 7.77e-04] [mem: 5.74e+03] (172.7 ms)
INFO:root:[263,   116] grad_stats: [2.04e-04 2.02e-05] (1.02e-05, 3.86e-04)
INFO:root:[263,   232] loss: 5.429842e-03 masks: 22.0 17.2 [wd: 1.39e-01] [lr: 7.76e-04] [mem: 5.74e+03] (172.4 ms)
INFO:root:[263,   232] grad_stats: [3.42e-04 3.11e-05] (1.52e-05, 9.13e-04)
INFO:root:avg. loss 5.42984168e-03
INFO:root:time taken for epoch 0:00:53.846994
INFO:root:Epoch 264
INFO:root:[264,     0] loss: 4.954222e-03 masks: 26.0 16.0 [wd: 1.39e-01] [lr: 7.76e-04] [mem: 5.74e+03] (180.7 ms)
INFO:root:[264,     0] grad_stats: [1.84e-04 2.40e-05] (1.05e-05, 6.15e-04)
INFO:root:[264,   116] loss: 5.459049e-03 masks: 21.3 17.4 [wd: 1.39e-01] [lr: 7.75e-04] [mem: 5.74e+03] (170.0 ms)
INFO:root:[264,   116] grad_stats: [9.19e-05 2.01e-05] (7.93e-06, 6.75e-04)
INFO:root:[264,   232] loss: 5.413550e-03 masks: 21.5 17.4 [wd: 1.39e-01] [lr: 7.74e-04] [mem: 5.74e+03] (171.1 ms)
INFO:root:[264,   232] grad_stats: [1.41e-04 1.94e-05] (7.97e-06, 4.12e-04)
INFO:root:avg. loss 5.41355030e-03
INFO:root:time taken for epoch 0:00:53.375782
INFO:root:Epoch 265
INFO:root:[265,     0] loss: 4.959151e-03 masks: 17.0 20.0 [wd: 1.39e-01] [lr: 7.74e-04] [mem: 5.74e+03] (160.8 ms)
INFO:root:[265,     0] grad_stats: [1.15e-04 1.89e-05] (9.49e-06, 5.02e-04)
INFO:root:[265,   116] loss: 5.487257e-03 masks: 21.9 17.2 [wd: 1.40e-01] [lr: 7.73e-04] [mem: 5.74e+03] (171.7 ms)
INFO:root:[265,   116] grad_stats: [1.24e-04 2.66e-05] (1.19e-05, 6.35e-04)
INFO:root:[265,   232] loss: 5.394678e-03 masks: 21.7 17.5 [wd: 1.40e-01] [lr: 7.72e-04] [mem: 5.74e+03] (171.7 ms)
INFO:root:[265,   232] grad_stats: [2.07e-04 3.54e-05] (1.37e-05, 5.40e-04)
INFO:root:avg. loss 5.39467792e-03
INFO:root:time taken for epoch 0:00:53.689315
INFO:root:Epoch 266
INFO:root:[266,     0] loss: 5.779362e-03 masks: 26.0 16.0 [wd: 1.40e-01] [lr: 7.72e-04] [mem: 5.74e+03] (181.5 ms)
INFO:root:[266,     0] grad_stats: [1.87e-04 2.41e-05] (1.13e-05, 7.55e-04)
INFO:root:[266,   116] loss: 5.327511e-03 masks: 21.3 17.7 [wd: 1.40e-01] [lr: 7.71e-04] [mem: 5.74e+03] (170.7 ms)
INFO:root:[266,   116] grad_stats: [1.32e-04 1.59e-05] (9.87e-06, 9.74e-04)
INFO:root:[266,   232] loss: 5.356745e-03 masks: 21.4 17.6 [wd: 1.41e-01] [lr: 7.70e-04] [mem: 5.74e+03] (171.3 ms)
INFO:root:[266,   232] grad_stats: [1.52e-04 2.50e-05] (1.02e-05, 9.22e-04)
INFO:root:avg. loss 5.35674458e-03
INFO:root:time taken for epoch 0:00:53.567869
INFO:root:Epoch 267
INFO:root:[267,     0] loss: 4.715752e-03 masks: 20.0 20.0 [wd: 1.41e-01] [lr: 7.70e-04] [mem: 5.74e+03] (168.3 ms)
INFO:root:[267,     0] grad_stats: [7.43e-05 2.25e-05] (9.23e-06, 5.54e-04)
INFO:root:[267,   116] loss: 5.438876e-03 masks: 21.9 17.3 [wd: 1.41e-01] [lr: 7.69e-04] [mem: 5.74e+03] (171.7 ms)
INFO:root:[267,   116] grad_stats: [1.68e-04 2.58e-05] (9.42e-06, 5.19e-04)
INFO:root:[267,   232] loss: 5.446318e-03 masks: 21.8 17.3 [wd: 1.41e-01] [lr: 7.69e-04] [mem: 5.74e+03] (171.8 ms)
INFO:root:[267,   232] grad_stats: [8.33e-05 2.10e-05] (8.25e-06, 7.41e-04)
INFO:root:avg. loss 5.44631775e-03
INFO:root:time taken for epoch 0:00:53.683296
INFO:root:Epoch 268
INFO:root:[268,     0] loss: 5.881073e-03 masks: 24.0 16.0 [wd: 1.41e-01] [lr: 7.69e-04] [mem: 5.74e+03] (174.9 ms)
INFO:root:[268,     0] grad_stats: [7.85e-05 2.17e-05] (8.89e-06, 5.42e-04)
INFO:root:[268,   116] loss: 5.430756e-03 masks: 22.2 17.2 [wd: 1.42e-01] [lr: 7.68e-04] [mem: 5.74e+03] (172.4 ms)
INFO:root:[268,   116] grad_stats: [1.51e-04 2.86e-05] (1.26e-05, 3.66e-04)
INFO:root:[268,   232] loss: 5.427722e-03 masks: 22.3 17.2 [wd: 1.42e-01] [lr: 7.67e-04] [mem: 5.74e+03] (173.1 ms)
INFO:root:[268,   232] grad_stats: [2.07e-04 2.11e-05] (9.09e-06, 5.41e-04)
INFO:root:avg. loss 5.42772201e-03
INFO:root:time taken for epoch 0:00:53.990162
INFO:root:Epoch 269
INFO:root:[269,     0] loss: 5.143178e-03 masks: 25.0 16.0 [wd: 1.42e-01] [lr: 7.67e-04] [mem: 5.74e+03] (176.7 ms)
INFO:root:[269,     0] grad_stats: [2.52e-04 2.20e-05] (1.04e-05, 7.85e-04)
INFO:root:[269,   116] loss: 5.408795e-03 masks: 22.1 17.3 [wd: 1.42e-01] [lr: 7.66e-04] [mem: 5.74e+03] (172.3 ms)
INFO:root:[269,   116] grad_stats: [1.02e-04 2.21e-05] (8.68e-06, 1.15e-03)
INFO:root:[269,   232] loss: 5.416662e-03 masks: 22.1 17.3 [wd: 1.43e-01] [lr: 7.65e-04] [mem: 5.74e+03] (172.7 ms)
INFO:root:[269,   232] grad_stats: [9.20e-05 2.41e-05] (1.10e-05, 8.53e-04)
INFO:root:avg. loss 5.41666201e-03
INFO:root:time taken for epoch 0:00:53.875315
INFO:root:Epoch 270
INFO:root:[270,     0] loss: 7.175614e-03 masks: 33.0 12.0 [wd: 1.43e-01] [lr: 7.65e-04] [mem: 5.74e+03] (193.5 ms)
INFO:root:[270,     0] grad_stats: [2.39e-04 3.08e-05] (1.21e-05, 1.15e-03)
INFO:root:[270,   116] loss: 5.468776e-03 masks: 22.2 17.2 [wd: 1.43e-01] [lr: 7.64e-04] [mem: 5.74e+03] (172.4 ms)
INFO:root:[270,   116] grad_stats: [5.67e-05 1.75e-05] (8.55e-06, 6.52e-04)
INFO:root:[270,   232] loss: 5.425019e-03 masks: 22.2 17.3 [wd: 1.43e-01] [lr: 7.63e-04] [mem: 5.74e+03] (172.9 ms)
INFO:root:[270,   232] grad_stats: [1.38e-04 2.24e-05] (9.14e-06, 3.56e-04)
INFO:root:avg. loss 5.42501925e-03
INFO:root:time taken for epoch 0:00:53.958136
INFO:root:Epoch 271
INFO:root:[271,     0] loss: 5.157901e-03 masks: 25.0 16.0 [wd: 1.43e-01] [lr: 7.63e-04] [mem: 5.74e+03] (176.6 ms)
INFO:root:[271,     0] grad_stats: [1.49e-04 2.83e-05] (1.16e-05, 4.87e-04)
INFO:root:[271,   116] loss: 5.415606e-03 masks: 22.0 17.3 [wd: 1.44e-01] [lr: 7.62e-04] [mem: 5.74e+03] (171.9 ms)
INFO:root:[271,   116] grad_stats: [2.00e-04 2.25e-05] (1.12e-05, 1.18e-03)
INFO:root:[271,   232] loss: 5.422220e-03 masks: 22.5 17.1 [wd: 1.44e-01] [lr: 7.61e-04] [mem: 5.74e+03] (173.7 ms)
INFO:root:[271,   232] grad_stats: [1.50e-04 3.01e-05] (1.46e-05, 1.19e-03)
INFO:root:avg. loss 5.42222036e-03
INFO:root:time taken for epoch 0:00:54.137635
INFO:root:Epoch 272
INFO:root:[272,     0] loss: 4.663480e-03 masks: 20.0 20.0 [wd: 1.44e-01] [lr: 7.61e-04] [mem: 5.74e+03] (168.3 ms)
INFO:root:[272,     0] grad_stats: [8.00e-05 1.71e-05] (7.58e-06, 3.01e-04)
INFO:root:[272,   116] loss: 5.438176e-03 masks: 22.3 17.2 [wd: 1.44e-01] [lr: 7.60e-04] [mem: 5.74e+03] (172.9 ms)
INFO:root:[272,   116] grad_stats: [2.21e-04 2.75e-05] (1.23e-05, 1.74e-03)
INFO:root:[272,   232] loss: 5.450629e-03 masks: 22.5 17.1 [wd: 1.45e-01] [lr: 7.59e-04] [mem: 5.74e+03] (173.5 ms)
INFO:root:[272,   232] grad_stats: [2.04e-04 2.10e-05] (1.19e-05, 9.52e-04)
INFO:root:avg. loss 5.45062929e-03
INFO:root:time taken for epoch 0:00:54.081440
INFO:root:Epoch 273
INFO:root:[273,     0] loss: 5.944995e-03 masks: 23.0 16.0 [wd: 1.45e-01] [lr: 7.59e-04] [mem: 5.74e+03] (169.4 ms)
INFO:root:[273,     0] grad_stats: [1.72e-04 2.17e-05] (1.07e-05, 3.54e-04)
INFO:root:[273,   116] loss: 5.480099e-03 masks: 22.2 17.2 [wd: 1.45e-01] [lr: 7.58e-04] [mem: 5.74e+03] (172.2 ms)
INFO:root:[273,   116] grad_stats: [9.02e-05 2.01e-05] (8.85e-06, 7.17e-04)
INFO:root:[273,   232] loss: 5.457556e-03 masks: 21.8 17.4 [wd: 1.45e-01] [lr: 7.57e-04] [mem: 5.74e+03] (171.9 ms)
INFO:root:[273,   232] grad_stats: [1.56e-04 2.83e-05] (1.32e-05, 4.97e-04)
INFO:root:avg. loss 5.45755571e-03
INFO:root:time taken for epoch 0:00:53.728994
INFO:root:Epoch 274
INFO:root:[274,     0] loss: 5.835202e-03 masks: 20.0 16.0 [wd: 1.45e-01] [lr: 7.57e-04] [mem: 5.74e+03] (163.4 ms)
INFO:root:[274,     0] grad_stats: [2.07e-04 2.84e-05] (1.52e-05, 2.42e-03)
INFO:root:[274,   116] loss: 5.520256e-03 masks: 22.7 17.0 [wd: 1.46e-01] [lr: 7.56e-04] [mem: 5.74e+03] (173.4 ms)
INFO:root:[274,   116] grad_stats: [9.18e-05 3.04e-05] (1.15e-05, 3.40e-04)
INFO:root:[274,   232] loss: 5.488400e-03 masks: 22.8 17.0 [wd: 1.46e-01] [lr: 7.55e-04] [mem: 5.74e+03] (174.1 ms)
INFO:root:[274,   232] grad_stats: [8.66e-05 2.03e-05] (1.11e-05, 1.47e-03)
INFO:root:avg. loss 5.48840027e-03
INFO:root:time taken for epoch 0:00:54.278950
INFO:root:Epoch 275
INFO:root:[275,     0] loss: 6.271960e-03 masks: 25.0 16.0 [wd: 1.46e-01] [lr: 7.55e-04] [mem: 5.74e+03] (176.6 ms)
INFO:root:[275,     0] grad_stats: [2.08e-04 2.75e-05] (1.26e-05, 7.32e-04)
INFO:root:[275,   116] loss: 5.392209e-03 masks: 21.3 17.4 [wd: 1.46e-01] [lr: 7.54e-04] [mem: 5.74e+03] (170.3 ms)
INFO:root:[275,   116] grad_stats: [1.11e-04 2.77e-05] (1.11e-05, 5.56e-04)
INFO:root:[275,   232] loss: 5.415334e-03 masks: 22.0 17.2 [wd: 1.47e-01] [lr: 7.53e-04] [mem: 5.74e+03] (172.4 ms)
INFO:root:[275,   232] grad_stats: [6.48e-05 2.29e-05] (1.07e-05, 9.98e-04)
INFO:root:avg. loss 5.41533412e-03
INFO:root:time taken for epoch 0:00:53.871462
INFO:root:Epoch 276
INFO:root:[276,     0] loss: 5.037785e-03 masks: 29.0 16.0 [wd: 1.47e-01] [lr: 7.53e-04] [mem: 5.74e+03] (187.7 ms)
INFO:root:[276,     0] grad_stats: [7.85e-05 2.04e-05] (9.17e-06, 3.89e-04)
INFO:root:[276,   116] loss: 5.433434e-03 masks: 22.2 17.3 [wd: 1.47e-01] [lr: 7.52e-04] [mem: 5.74e+03] (172.6 ms)
INFO:root:[276,   116] grad_stats: [3.35e-04 2.62e-05] (1.53e-05, 5.57e-04)
INFO:root:[276,   232] loss: 5.396333e-03 masks: 21.6 17.5 [wd: 1.47e-01] [lr: 7.52e-04] [mem: 5.74e+03] (171.7 ms)
INFO:root:[276,   232] grad_stats: [1.92e-04 2.36e-05] (1.44e-05, 2.43e-03)
INFO:root:avg. loss 5.39633327e-03
INFO:root:time taken for epoch 0:00:53.728620
INFO:root:Epoch 277
INFO:root:[277,     0] loss: 4.752123e-03 masks: 16.0 20.0 [wd: 1.47e-01] [lr: 7.52e-04] [mem: 5.74e+03] (157.1 ms)
INFO:root:[277,     0] grad_stats: [6.00e-05 1.83e-05] (8.49e-06, 2.45e-04)
INFO:root:[277,   116] loss: 5.342991e-03 masks: 21.9 17.4 [wd: 1.48e-01] [lr: 7.51e-04] [mem: 5.74e+03] (172.0 ms)
INFO:root:[277,   116] grad_stats: [2.16e-04 2.46e-05] (9.99e-06, 7.88e-04)
INFO:root:[277,   232] loss: 5.434931e-03 masks: 21.9 17.3 [wd: 1.48e-01] [lr: 7.50e-04] [mem: 5.74e+03] (172.1 ms)
INFO:root:[277,   232] grad_stats: [1.03e-04 2.23e-05] (7.71e-06, 3.50e-04)
INFO:root:avg. loss 5.43493089e-03
INFO:root:time taken for epoch 0:00:53.829691
INFO:root:Epoch 278
INFO:root:[278,     0] loss: 5.253945e-03 masks: 24.0 16.0 [wd: 1.48e-01] [lr: 7.50e-04] [mem: 5.74e+03] (174.1 ms)
INFO:root:[278,     0] grad_stats: [5.49e-05 1.90e-05] (9.32e-06, 5.90e-04)
INFO:root:[278,   116] loss: 5.460917e-03 masks: 21.5 17.4 [wd: 1.49e-01] [lr: 7.49e-04] [mem: 5.74e+03] (170.8 ms)
INFO:root:[278,   116] grad_stats: [1.16e-04 2.54e-05] (9.88e-06, 7.00e-04)
INFO:root:[278,   232] loss: 5.447271e-03 masks: 21.4 17.4 [wd: 1.49e-01] [lr: 7.48e-04] [mem: 5.74e+03] (170.8 ms)
INFO:root:[278,   232] grad_stats: [1.06e-04 2.23e-05] (1.28e-05, 2.15e-03)
INFO:root:avg. loss 5.44727092e-03
INFO:root:time taken for epoch 0:00:53.328907
INFO:root:Epoch 279
INFO:root:[279,     0] loss: 4.915326e-03 masks: 18.0 20.0 [wd: 1.49e-01] [lr: 7.48e-04] [mem: 5.74e+03] (163.2 ms)
INFO:root:[279,     0] grad_stats: [8.98e-05 2.08e-05] (9.49e-06, 8.81e-04)
INFO:root:[279,   116] loss: 5.441088e-03 masks: 21.6 17.5 [wd: 1.49e-01] [lr: 7.47e-04] [mem: 5.74e+03] (171.1 ms)
INFO:root:[279,   116] grad_stats: [1.55e-04 2.00e-05] (1.06e-05, 1.22e-03)
INFO:root:[279,   232] loss: 5.430273e-03 masks: 22.1 17.3 [wd: 1.50e-01] [lr: 7.46e-04] [mem: 5.74e+03] (172.9 ms)
INFO:root:[279,   232] grad_stats: [1.00e-04 2.15e-05] (7.88e-06, 5.19e-04)
INFO:root:avg. loss 5.43027316e-03
INFO:root:time taken for epoch 0:00:53.810109
INFO:root:Epoch 280
INFO:root:[280,     0] loss: 4.916013e-03 masks: 26.0 16.0 [wd: 1.50e-01] [lr: 7.46e-04] [mem: 5.74e+03] (180.8 ms)
INFO:root:[280,     0] grad_stats: [1.28e-04 1.87e-05] (9.18e-06, 4.15e-04)
INFO:root:[280,   116] loss: 5.415546e-03 masks: 21.8 17.3 [wd: 1.50e-01] [lr: 7.45e-04] [mem: 5.74e+03] (171.3 ms)
INFO:root:[280,   116] grad_stats: [1.89e-04 3.17e-05] (1.80e-05, 4.94e-03)
INFO:root:[280,   232] loss: 5.462812e-03 masks: 22.0 17.1 [wd: 1.50e-01] [lr: 7.44e-04] [mem: 5.74e+03] (172.0 ms)
INFO:root:[280,   232] grad_stats: [8.29e-05 2.33e-05] (1.19e-05, 5.28e-04)
INFO:root:avg. loss 5.46281185e-03
INFO:root:	Epoch 280, KNN accuracy train: 7.29185e-01, KNN accuracy train: 5.92333e-01
INFO:root:time taken for epoch 0:01:36.139504
INFO:root:Epoch 281
INFO:root:[281,     0] loss: 5.488577e-03 masks: 25.0 16.0 [wd: 1.50e-01] [lr: 7.44e-04] [mem: 5.74e+03] (176.9 ms)
INFO:root:[281,     0] grad_stats: [6.92e-05 2.05e-05] (1.14e-05, 7.07e-04)
INFO:root:[281,   116] loss: 5.450762e-03 masks: 21.4 17.5 [wd: 1.51e-01] [lr: 7.43e-04] [mem: 5.74e+03] (170.0 ms)
INFO:root:[281,   116] grad_stats: [1.13e-04 2.05e-05] (9.60e-06, 7.84e-04)
INFO:root:[281,   232] loss: 5.404696e-03 masks: 21.6 17.4 [wd: 1.51e-01] [lr: 7.42e-04] [mem: 5.74e+03] (170.8 ms)
INFO:root:[281,   232] grad_stats: [9.15e-05 2.48e-05] (1.13e-05, 4.57e-04)
INFO:root:avg. loss 5.40469584e-03
INFO:root:time taken for epoch 0:00:53.522786
INFO:root:Epoch 282
INFO:root:[282,     0] loss: 5.442695e-03 masks: 21.0 16.0 [wd: 1.51e-01] [lr: 7.42e-04] [mem: 5.74e+03] (166.1 ms)
INFO:root:[282,     0] grad_stats: [1.40e-04 2.74e-05] (1.19e-05, 5.81e-04)
INFO:root:[282,   116] loss: 5.320882e-03 masks: 22.1 17.5 [wd: 1.51e-01] [lr: 7.41e-04] [mem: 5.74e+03] (172.4 ms)
INFO:root:[282,   116] grad_stats: [1.56e-04 2.87e-05] (1.30e-05, 1.42e-03)
INFO:root:[282,   232] loss: 5.355813e-03 masks: 21.8 17.5 [wd: 1.52e-01] [lr: 7.40e-04] [mem: 5.74e+03] (172.1 ms)
INFO:root:[282,   232] grad_stats: [1.45e-04 3.26e-05] (1.36e-05, 1.18e-03)
INFO:root:avg. loss 5.35581331e-03
INFO:root:time taken for epoch 0:00:53.883046
INFO:root:Epoch 283
INFO:root:[283,     0] loss: 6.230766e-03 masks: 21.0 16.0 [wd: 1.52e-01] [lr: 7.40e-04] [mem: 5.74e+03] (164.2 ms)
INFO:root:[283,     0] grad_stats: [2.01e-04 3.44e-05] (1.18e-05, 6.30e-04)
INFO:root:[283,   116] loss: 5.471130e-03 masks: 22.0 17.1 [wd: 1.52e-01] [lr: 7.39e-04] [mem: 5.74e+03] (171.7 ms)
INFO:root:[283,   116] grad_stats: [1.17e-04 2.62e-05] (1.21e-05, 4.83e-04)
INFO:root:[283,   232] loss: 5.454377e-03 masks: 21.8 17.3 [wd: 1.52e-01] [lr: 7.38e-04] [mem: 5.74e+03] (171.6 ms)
INFO:root:[283,   232] grad_stats: [1.49e-04 2.90e-05] (1.27e-05, 6.59e-04)
INFO:root:avg. loss 5.45437722e-03
INFO:root:time taken for epoch 0:00:53.670484
INFO:root:Epoch 284
INFO:root:[284,     0] loss: 5.616102e-03 masks: 24.0 16.0 [wd: 1.52e-01] [lr: 7.38e-04] [mem: 5.74e+03] (175.6 ms)
INFO:root:[284,     0] grad_stats: [9.25e-05 2.67e-05] (1.35e-05, 3.64e-04)
INFO:root:[284,   116] loss: 5.462044e-03 masks: 21.7 17.3 [wd: 1.53e-01] [lr: 7.37e-04] [mem: 5.74e+03] (171.0 ms)
INFO:root:[284,   116] grad_stats: [1.19e-04 3.26e-05] (1.41e-05, 5.64e-04)
INFO:root:[284,   232] loss: 5.498696e-03 masks: 22.1 17.1 [wd: 1.53e-01] [lr: 7.36e-04] [mem: 5.74e+03] (172.4 ms)
INFO:root:[284,   232] grad_stats: [7.74e-05 2.44e-05] (1.17e-05, 4.49e-04)
INFO:root:avg. loss 5.49869555e-03
INFO:root:time taken for epoch 0:00:53.928379
INFO:root:Epoch 285
INFO:root:[285,     0] loss: 4.820869e-03 masks: 19.0 20.0 [wd: 1.53e-01] [lr: 7.36e-04] [mem: 5.74e+03] (166.7 ms)
INFO:root:[285,     0] grad_stats: [8.64e-05 2.54e-05] (9.75e-06, 4.27e-04)
INFO:root:[285,   116] loss: 5.404250e-03 masks: 21.2 17.5 [wd: 1.53e-01] [lr: 7.35e-04] [mem: 5.74e+03] (170.0 ms)
INFO:root:[285,   116] grad_stats: [1.35e-04 3.62e-05] (1.49e-05, 7.02e-04)
INFO:root:[285,   232] loss: 5.430455e-03 masks: 21.6 17.4 [wd: 1.54e-01] [lr: 7.34e-04] [mem: 5.74e+03] (171.2 ms)
INFO:root:[285,   232] grad_stats: [1.62e-04 2.90e-05] (1.73e-05, 2.63e-03)
INFO:root:avg. loss 5.43045521e-03
INFO:root:time taken for epoch 0:00:53.628334
INFO:root:Epoch 286
INFO:root:[286,     0] loss: 4.844917e-03 masks: 15.0 20.0 [wd: 1.54e-01] [lr: 7.34e-04] [mem: 5.74e+03] (154.5 ms)
INFO:root:[286,     0] grad_stats: [7.53e-05 2.98e-05] (1.12e-05, 1.03e-03)
INFO:root:[286,   116] loss: 5.363033e-03 masks: 20.5 17.8 [wd: 1.54e-01] [lr: 7.33e-04] [mem: 5.74e+03] (168.4 ms)
INFO:root:[286,   116] grad_stats: [8.05e-05 1.99e-05] (9.55e-06, 1.32e-03)
INFO:root:[286,   232] loss: 5.397432e-03 masks: 20.8 17.7 [wd: 1.54e-01] [lr: 7.32e-04] [mem: 5.74e+03] (169.7 ms)
INFO:root:[286,   232] grad_stats: [1.23e-04 3.70e-05] (1.32e-05, 1.02e-03)
INFO:root:avg. loss 5.39743196e-03
INFO:root:time taken for epoch 0:00:53.250129
INFO:root:Epoch 287
INFO:root:[287,     0] loss: 5.824602e-03 masks: 26.0 16.0 [wd: 1.54e-01] [lr: 7.32e-04] [mem: 5.74e+03] (181.5 ms)
INFO:root:[287,     0] grad_stats: [1.14e-04 2.22e-05] (1.03e-05, 1.25e-03)
INFO:root:[287,   116] loss: 5.400562e-03 masks: 22.3 17.2 [wd: 1.55e-01] [lr: 7.31e-04] [mem: 5.74e+03] (172.7 ms)
INFO:root:[287,   116] grad_stats: [1.74e-04 2.99e-05] (1.27e-05, 7.17e-04)
INFO:root:[287,   232] loss: 5.457840e-03 masks: 22.0 17.2 [wd: 1.55e-01] [lr: 7.30e-04] [mem: 5.74e+03] (172.2 ms)
INFO:root:[287,   232] grad_stats: [1.34e-04 2.04e-05] (1.13e-05, 9.09e-04)
INFO:root:avg. loss 5.45783991e-03
INFO:root:time taken for epoch 0:00:53.857943
INFO:root:Epoch 288
INFO:root:[288,     0] loss: 5.572527e-03 masks: 14.0 20.0 [wd: 1.55e-01] [lr: 7.30e-04] [mem: 5.74e+03] (153.7 ms)
INFO:root:[288,     0] grad_stats: [1.71e-04 3.01e-05] (1.06e-05, 7.28e-04)
INFO:root:[288,   116] loss: 5.411464e-03 masks: 21.5 17.5 [wd: 1.55e-01] [lr: 7.29e-04] [mem: 5.74e+03] (170.9 ms)
INFO:root:[288,   116] grad_stats: [1.73e-04 3.03e-05] (1.01e-05, 5.16e-04)
INFO:root:[288,   232] loss: 5.409475e-03 masks: 21.4 17.5 [wd: 1.56e-01] [lr: 7.28e-04] [mem: 5.74e+03] (171.1 ms)
INFO:root:[288,   232] grad_stats: [2.99e-04 2.40e-05] (1.04e-05, 6.55e-04)
INFO:root:avg. loss 5.40947517e-03
INFO:root:time taken for epoch 0:00:53.526622
INFO:root:Epoch 289
INFO:root:[289,     0] loss: 5.825784e-03 masks: 27.0 16.0 [wd: 1.56e-01] [lr: 7.28e-04] [mem: 5.74e+03] (183.3 ms)
INFO:root:[289,     0] grad_stats: [1.07e-04 2.12e-05] (1.09e-05, 1.60e-03)
INFO:root:[289,   116] loss: 5.545679e-03 masks: 22.7 16.8 [wd: 1.56e-01] [lr: 7.27e-04] [mem: 5.74e+03] (173.3 ms)
INFO:root:[289,   116] grad_stats: [2.55e-04 3.08e-05] (1.52e-05, 1.34e-03)
INFO:root:[289,   232] loss: 5.521061e-03 masks: 22.5 17.0 [wd: 1.57e-01] [lr: 7.26e-04] [mem: 5.74e+03] (173.4 ms)
INFO:root:[289,   232] grad_stats: [7.82e-05 2.42e-05] (1.03e-05, 3.72e-04)
INFO:root:avg. loss 5.52106088e-03
INFO:root:time taken for epoch 0:00:54.103197
INFO:root:Epoch 290
INFO:root:[290,     0] loss: 4.993121e-03 masks: 15.0 20.0 [wd: 1.57e-01] [lr: 7.26e-04] [mem: 5.74e+03] (155.2 ms)
INFO:root:[290,     0] grad_stats: [7.52e-05 2.54e-05] (1.25e-05, 1.56e-03)
INFO:root:[290,   116] loss: 5.457942e-03 masks: 22.3 17.2 [wd: 1.57e-01] [lr: 7.25e-04] [mem: 5.74e+03] (172.6 ms)
INFO:root:[290,   116] grad_stats: [4.30e-04 3.26e-05] (1.58e-05, 9.20e-04)
INFO:root:[290,   232] loss: 5.517146e-03 masks: 22.1 17.1 [wd: 1.57e-01] [lr: 7.24e-04] [mem: 5.74e+03] (172.4 ms)
INFO:root:[290,   232] grad_stats: [2.42e-04 2.93e-05] (1.39e-05, 5.24e-04)
INFO:root:avg. loss 5.51714577e-03
INFO:root:time taken for epoch 0:00:53.861583
INFO:root:Epoch 291
INFO:root:[291,     0] loss: 4.628663e-03 masks: 20.0 20.0 [wd: 1.57e-01] [lr: 7.24e-04] [mem: 5.74e+03] (166.5 ms)
INFO:root:[291,     0] grad_stats: [6.51e-05 2.22e-05] (1.15e-05, 4.32e-04)
INFO:root:[291,   116] loss: 5.331306e-03 masks: 21.3 17.8 [wd: 1.58e-01] [lr: 7.23e-04] [mem: 5.74e+03] (170.6 ms)
INFO:root:[291,   116] grad_stats: [1.92e-04 2.10e-05] (1.13e-05, 1.29e-03)
INFO:root:[291,   232] loss: 5.395628e-03 masks: 21.5 17.6 [wd: 1.58e-01] [lr: 7.22e-04] [mem: 5.74e+03] (171.4 ms)
INFO:root:[291,   232] grad_stats: [1.55e-04 2.20e-05] (1.19e-05, 7.68e-04)
INFO:root:avg. loss 5.39562820e-03
INFO:root:time taken for epoch 0:00:53.645444
INFO:root:Epoch 292
INFO:root:[292,     0] loss: 6.165838e-03 masks: 33.0 12.0 [wd: 1.58e-01] [lr: 7.22e-04] [mem: 5.74e+03] (192.9 ms)
INFO:root:[292,     0] grad_stats: [1.53e-04 2.60e-05] (1.41e-05, 1.32e-03)
INFO:root:[292,   116] loss: 5.392967e-03 masks: 21.7 17.4 [wd: 1.58e-01] [lr: 7.21e-04] [mem: 5.74e+03] (171.4 ms)
INFO:root:[292,   116] grad_stats: [1.62e-04 2.08e-05] (1.10e-05, 8.02e-04)
INFO:root:[292,   232] loss: 5.473926e-03 masks: 21.9 17.3 [wd: 1.59e-01] [lr: 7.20e-04] [mem: 5.74e+03] (172.2 ms)
INFO:root:[292,   232] grad_stats: [2.05e-04 2.84e-05] (1.06e-05, 6.46e-04)
INFO:root:avg. loss 5.47392598e-03
INFO:root:time taken for epoch 0:00:53.842207
INFO:root:Epoch 293
INFO:root:[293,     0] loss: 6.149694e-03 masks: 21.0 16.0 [wd: 1.59e-01] [lr: 7.20e-04] [mem: 5.74e+03] (164.0 ms)
INFO:root:[293,     0] grad_stats: [2.60e-04 3.09e-05] (1.27e-05, 1.67e-03)
INFO:root:[293,   116] loss: 5.436023e-03 masks: 21.3 17.6 [wd: 1.59e-01] [lr: 7.19e-04] [mem: 5.74e+03] (170.5 ms)
INFO:root:[293,   116] grad_stats: [6.90e-05 3.44e-05] (1.05e-05, 7.28e-04)
INFO:root:[293,   232] loss: 5.482793e-03 masks: 21.9 17.3 [wd: 1.59e-01] [lr: 7.18e-04] [mem: 5.74e+03] (172.0 ms)
INFO:root:[293,   232] grad_stats: [8.81e-05 2.68e-05] (1.18e-05, 1.66e-03)
INFO:root:avg. loss 5.48279295e-03
INFO:root:time taken for epoch 0:00:53.738524
INFO:root:Epoch 294
INFO:root:[294,     0] loss: 5.262728e-03 masks: 13.0 20.0 [wd: 1.59e-01] [lr: 7.18e-04] [mem: 5.74e+03] (150.0 ms)
INFO:root:[294,     0] grad_stats: [2.00e-04 2.11e-05] (1.16e-05, 1.48e-03)
INFO:root:[294,   116] loss: 5.598558e-03 masks: 22.6 16.9 [wd: 1.60e-01] [lr: 7.17e-04] [mem: 5.74e+03] (173.0 ms)
INFO:root:[294,   116] grad_stats: [1.61e-04 3.10e-05] (1.60e-05, 2.23e-03)
INFO:root:[294,   232] loss: 5.540183e-03 masks: 22.4 17.0 [wd: 1.60e-01] [lr: 7.16e-04] [mem: 5.74e+03] (173.0 ms)
INFO:root:[294,   232] grad_stats: [5.65e-05 2.31e-05] (1.12e-05, 5.08e-04)
INFO:root:avg. loss 5.54018346e-03
INFO:root:time taken for epoch 0:00:53.984543
INFO:root:Epoch 295
INFO:root:[295,     0] loss: 5.168892e-03 masks: 17.0 20.0 [wd: 1.60e-01] [lr: 7.16e-04] [mem: 5.74e+03] (161.5 ms)
INFO:root:[295,     0] grad_stats: [8.96e-05 2.13e-05] (1.05e-05, 1.25e-03)
INFO:root:[295,   116] loss: 5.473190e-03 masks: 21.6 17.4 [wd: 1.60e-01] [lr: 7.15e-04] [mem: 5.74e+03] (171.2 ms)
INFO:root:[295,   116] grad_stats: [1.20e-04 2.63e-05] (1.21e-05, 5.19e-04)
INFO:root:[295,   232] loss: 5.496271e-03 masks: 21.7 17.4 [wd: 1.61e-01] [lr: 7.14e-04] [mem: 5.74e+03] (171.9 ms)
INFO:root:[295,   232] grad_stats: [6.84e-05 2.51e-05] (9.81e-06, 9.28e-04)
INFO:root:avg. loss 5.49627143e-03
INFO:root:time taken for epoch 0:00:53.903256
INFO:root:Epoch 296
INFO:root:[296,     0] loss: 5.027813e-03 masks: 20.0 20.0 [wd: 1.61e-01] [lr: 7.14e-04] [mem: 5.74e+03] (168.3 ms)
INFO:root:[296,     0] grad_stats: [7.37e-05 2.09e-05] (9.68e-06, 7.72e-04)
INFO:root:[296,   116] loss: 5.575681e-03 masks: 22.0 17.2 [wd: 1.61e-01] [lr: 7.13e-04] [mem: 5.74e+03] (172.1 ms)
INFO:root:[296,   116] grad_stats: [1.07e-04 2.37e-05] (1.05e-05, 7.04e-04)
INFO:root:[296,   232] loss: 5.477877e-03 masks: 21.6 17.4 [wd: 1.62e-01] [lr: 7.12e-04] [mem: 5.74e+03] (171.6 ms)
INFO:root:[296,   232] grad_stats: [2.88e-04 2.53e-05] (1.38e-05, 6.67e-04)
INFO:root:avg. loss 5.47787659e-03
INFO:root:time taken for epoch 0:00:53.776935
INFO:root:Epoch 297
INFO:root:[297,     0] loss: 4.589538e-03 masks: 20.0 20.0 [wd: 1.62e-01] [lr: 7.12e-04] [mem: 5.74e+03] (168.0 ms)
INFO:root:[297,     0] grad_stats: [1.12e-04 2.64e-05] (1.28e-05, 9.02e-04)
INFO:root:[297,   116] loss: 5.404571e-03 masks: 22.0 17.3 [wd: 1.62e-01] [lr: 7.11e-04] [mem: 5.74e+03] (172.2 ms)
INFO:root:[297,   116] grad_stats: [1.09e-04 3.07e-05] (1.43e-05, 1.02e-03)
INFO:root:[297,   232] loss: 5.420971e-03 masks: 22.2 17.3 [wd: 1.62e-01] [lr: 7.10e-04] [mem: 5.74e+03] (173.2 ms)
INFO:root:[297,   232] grad_stats: [1.85e-04 3.97e-05] (2.17e-05, 4.72e-03)
INFO:root:avg. loss 5.42097079e-03
INFO:root:time taken for epoch 0:00:54.053785
INFO:root:Epoch 298
INFO:root:[298,     0] loss: 4.981244e-03 masks: 18.0 20.0 [wd: 1.62e-01] [lr: 7.10e-04] [mem: 5.74e+03] (164.6 ms)
INFO:root:[298,     0] grad_stats: [8.40e-05 2.33e-05] (1.02e-05, 1.84e-03)
INFO:root:[298,   116] loss: 5.482855e-03 masks: 22.4 17.2 [wd: 1.63e-01] [lr: 7.09e-04] [mem: 5.74e+03] (172.9 ms)
INFO:root:[298,   116] grad_stats: [1.51e-04 2.47e-05] (1.10e-05, 2.05e-03)
INFO:root:[298,   232] loss: 5.496907e-03 masks: 22.3 17.1 [wd: 1.63e-01] [lr: 7.08e-04] [mem: 5.74e+03] (173.1 ms)
INFO:root:[298,   232] grad_stats: [2.35e-04 2.65e-05] (1.26e-05, 1.12e-03)
INFO:root:avg. loss 5.49690740e-03
INFO:root:time taken for epoch 0:00:54.069485
INFO:root:Epoch 299
INFO:root:[299,     0] loss: 5.585205e-03 masks: 26.0 16.0 [wd: 1.63e-01] [lr: 7.08e-04] [mem: 5.74e+03] (182.1 ms)
INFO:root:[299,     0] grad_stats: [1.09e-04 2.54e-05] (1.63e-05, 1.61e-03)
INFO:root:[299,   116] loss: 5.466979e-03 masks: 21.6 17.3 [wd: 1.63e-01] [lr: 7.07e-04] [mem: 5.74e+03] (171.1 ms)
INFO:root:[299,   116] grad_stats: [1.80e-04 2.93e-05] (1.31e-05, 6.59e-04)
INFO:root:[299,   232] loss: 5.487093e-03 masks: 21.6 17.4 [wd: 1.64e-01] [lr: 7.06e-04] [mem: 5.74e+03] (171.5 ms)
INFO:root:[299,   232] grad_stats: [1.63e-04 2.23e-05] (1.07e-05, 5.73e-04)
INFO:root:avg. loss 5.48709346e-03
INFO:root:time taken for epoch 0:00:53.611276
INFO:root:Epoch 300
INFO:root:[300,     0] loss: 5.297632e-03 masks: 25.0 16.0 [wd: 1.64e-01] [lr: 7.06e-04] [mem: 5.74e+03] (177.9 ms)
INFO:root:[300,     0] grad_stats: [1.80e-04 2.73e-05] (1.14e-05, 6.21e-04)
INFO:root:[300,   116] loss: 5.469468e-03 masks: 21.1 17.5 [wd: 1.64e-01] [lr: 7.05e-04] [mem: 5.74e+03] (170.0 ms)
INFO:root:[300,   116] grad_stats: [1.60e-04 2.52e-05] (1.29e-05, 5.58e-04)
INFO:root:[300,   232] loss: 5.474448e-03 masks: 21.4 17.4 [wd: 1.64e-01] [lr: 7.04e-04] [mem: 5.74e+03] (171.0 ms)
INFO:root:[300,   232] grad_stats: [7.29e-05 2.44e-05] (1.23e-05, 9.72e-04)
INFO:root:avg. loss 5.47444810e-03
INFO:root:	Epoch 300, KNN accuracy train: 7.35265e-01, KNN accuracy train: 5.99667e-01
INFO:root:time taken for epoch 0:01:35.861287
INFO:root:Epoch 301
INFO:root:[301,     0] loss: 4.470011e-03 masks: 19.0 20.0 [wd: 1.64e-01] [lr: 7.04e-04] [mem: 5.74e+03] (166.5 ms)
INFO:root:[301,     0] grad_stats: [9.76e-05 1.94e-05] (9.28e-06, 4.76e-04)
INFO:root:[301,   116] loss: 5.466430e-03 masks: 21.6 17.4 [wd: 1.65e-01] [lr: 7.03e-04] [mem: 5.74e+03] (170.4 ms)
INFO:root:[301,   116] grad_stats: [1.29e-04 2.05e-05] (1.44e-05, 2.00e-03)
INFO:root:[301,   232] loss: 5.461510e-03 masks: 21.4 17.4 [wd: 1.65e-01] [lr: 7.02e-04] [mem: 5.74e+03] (170.4 ms)
INFO:root:[301,   232] grad_stats: [7.47e-05 2.35e-05] (1.06e-05, 1.03e-03)
INFO:root:avg. loss 5.46151039e-03
INFO:root:time taken for epoch 0:00:53.356333
INFO:root:Epoch 302
INFO:root:[302,     0] loss: 5.253347e-03 masks: 25.0 16.0 [wd: 1.65e-01] [lr: 7.02e-04] [mem: 5.74e+03] (176.5 ms)
INFO:root:[302,     0] grad_stats: [1.10e-04 2.86e-05] (1.26e-05, 9.87e-04)
INFO:root:[302,   116] loss: 5.456074e-03 masks: 22.6 17.1 [wd: 1.65e-01] [lr: 7.01e-04] [mem: 5.74e+03] (173.2 ms)
INFO:root:[302,   116] grad_stats: [1.79e-04 2.91e-05] (1.32e-05, 7.27e-04)
INFO:root:[302,   232] loss: 5.442931e-03 masks: 22.1 17.2 [wd: 1.66e-01] [lr: 7.00e-04] [mem: 5.74e+03] (172.7 ms)
INFO:root:[302,   232] grad_stats: [1.44e-04 2.94e-05] (2.11e-05, 3.25e-03)
INFO:root:avg. loss 5.44293144e-03
INFO:root:time taken for epoch 0:00:53.923447
INFO:root:Epoch 303
INFO:root:[303,     0] loss: 5.489205e-03 masks: 27.0 16.0 [wd: 1.66e-01] [lr: 7.00e-04] [mem: 5.74e+03] (182.8 ms)
INFO:root:[303,     0] grad_stats: [1.29e-04 2.68e-05] (1.34e-05, 1.29e-03)
INFO:root:[303,   116] loss: 5.433185e-03 masks: 21.8 17.3 [wd: 1.66e-01] [lr: 6.99e-04] [mem: 5.74e+03] (171.4 ms)
INFO:root:[303,   116] grad_stats: [1.39e-04 2.55e-05] (1.34e-05, 8.52e-04)
INFO:root:[303,   232] loss: 5.442652e-03 masks: 21.7 17.3 [wd: 1.67e-01] [lr: 6.98e-04] [mem: 5.74e+03] (171.8 ms)
INFO:root:[303,   232] grad_stats: [2.54e-04 3.39e-05] (1.36e-05, 1.80e-03)
INFO:root:avg. loss 5.44265155e-03
INFO:root:time taken for epoch 0:00:53.675106
INFO:root:Epoch 304
INFO:root:[304,     0] loss: 6.111258e-03 masks: 21.0 16.0 [wd: 1.67e-01] [lr: 6.98e-04] [mem: 5.74e+03] (166.6 ms)
INFO:root:[304,     0] grad_stats: [2.55e-04 2.45e-05] (1.56e-05, 1.77e-03)
INFO:root:[304,   116] loss: 5.433329e-03 masks: 21.5 17.5 [wd: 1.67e-01] [lr: 6.97e-04] [mem: 5.74e+03] (171.2 ms)
INFO:root:[304,   116] grad_stats: [8.16e-05 2.83e-05] (1.45e-05, 1.13e-03)
INFO:root:[304,   232] loss: 5.402761e-03 masks: 21.9 17.4 [wd: 1.67e-01] [lr: 6.96e-04] [mem: 5.74e+03] (172.5 ms)
INFO:root:[304,   232] grad_stats: [3.28e-04 2.87e-05] (1.65e-05, 9.90e-04)
INFO:root:avg. loss 5.40276051e-03
INFO:root:time taken for epoch 0:00:53.907626
INFO:root:Epoch 305
INFO:root:[305,     0] loss: 4.997741e-03 masks: 23.0 16.0 [wd: 1.67e-01] [lr: 6.96e-04] [mem: 5.74e+03] (171.8 ms)
INFO:root:[305,     0] grad_stats: [1.27e-04 2.45e-05] (1.16e-05, 7.74e-04)
INFO:root:[305,   116] loss: 5.439569e-03 masks: 22.0 17.3 [wd: 1.68e-01] [lr: 6.95e-04] [mem: 5.74e+03] (172.1 ms)
INFO:root:[305,   116] grad_stats: [6.21e-05 3.06e-05] (1.05e-05, 8.47e-04)
INFO:root:[305,   232] loss: 5.393349e-03 masks: 21.5 17.5 [wd: 1.68e-01] [lr: 6.94e-04] [mem: 5.74e+03] (171.3 ms)
INFO:root:[305,   232] grad_stats: [1.42e-04 3.54e-05] (1.56e-05, 5.12e-04)
INFO:root:avg. loss 5.39334898e-03
INFO:root:time taken for epoch 0:00:53.416014
INFO:root:Epoch 306
INFO:root:[306,     0] loss: 5.302846e-03 masks: 19.0 20.0 [wd: 1.68e-01] [lr: 6.94e-04] [mem: 5.74e+03] (167.3 ms)
INFO:root:[306,     0] grad_stats: [9.39e-05 2.49e-05] (1.24e-05, 1.28e-03)
INFO:root:[306,   116] loss: 5.438667e-03 masks: 21.8 17.2 [wd: 1.68e-01] [lr: 6.93e-04] [mem: 5.74e+03] (171.5 ms)
INFO:root:[306,   116] grad_stats: [1.59e-04 2.38e-05] (1.35e-05, 1.86e-03)
INFO:root:[306,   232] loss: 5.415621e-03 masks: 22.0 17.3 [wd: 1.69e-01] [lr: 6.92e-04] [mem: 5.74e+03] (172.6 ms)
INFO:root:[306,   232] grad_stats: [1.34e-04 2.46e-05] (1.05e-05, 5.54e-04)
INFO:root:avg. loss 5.41562142e-03
INFO:root:time taken for epoch 0:00:53.872153
INFO:root:Epoch 307
INFO:root:[307,     0] loss: 5.014139e-03 masks: 29.0 16.0 [wd: 1.69e-01] [lr: 6.92e-04] [mem: 5.74e+03] (187.9 ms)
INFO:root:[307,     0] grad_stats: [8.74e-05 2.36e-05] (1.29e-05, 7.08e-04)
INFO:root:[307,   116] loss: 5.451211e-03 masks: 22.2 17.1 [wd: 1.69e-01] [lr: 6.91e-04] [mem: 5.74e+03] (172.1 ms)
INFO:root:[307,   116] grad_stats: [2.78e-04 2.73e-05] (1.34e-05, 1.23e-03)
INFO:root:[307,   232] loss: 5.411031e-03 masks: 22.3 17.0 [wd: 1.69e-01] [lr: 6.90e-04] [mem: 5.74e+03] (173.2 ms)
INFO:root:[307,   232] grad_stats: [1.05e-04 2.79e-05] (1.31e-05, 2.10e-03)
INFO:root:avg. loss 5.41103119e-03
INFO:root:time taken for epoch 0:00:53.997391
INFO:root:Epoch 308
INFO:root:[308,     0] loss: 5.207847e-03 masks: 16.0 20.0 [wd: 1.69e-01] [lr: 6.90e-04] [mem: 5.74e+03] (158.3 ms)
INFO:root:[308,     0] grad_stats: [7.58e-05 2.71e-05] (1.17e-05, 1.24e-03)
INFO:root:[308,   116] loss: 5.483349e-03 masks: 21.7 17.2 [wd: 1.70e-01] [lr: 6.89e-04] [mem: 5.74e+03] (171.2 ms)
INFO:root:[308,   116] grad_stats: [2.26e-04 4.14e-05] (1.82e-05, 1.14e-03)
INFO:root:[308,   232] loss: 5.452157e-03 masks: 21.9 17.3 [wd: 1.70e-01] [lr: 6.88e-04] [mem: 5.74e+03] (172.3 ms)
INFO:root:[308,   232] grad_stats: [3.47e-04 2.35e-05] (1.10e-05, 9.96e-04)
INFO:root:avg. loss 5.45215724e-03
INFO:root:time taken for epoch 0:00:53.855632
INFO:root:Epoch 309
INFO:root:[309,     0] loss: 5.523567e-03 masks: 27.0 16.0 [wd: 1.70e-01] [lr: 6.88e-04] [mem: 5.74e+03] (182.7 ms)
INFO:root:[309,     0] grad_stats: [1.59e-04 3.02e-05] (1.43e-05, 1.79e-03)
INFO:root:[309,   116] loss: 5.359005e-03 masks: 21.6 17.6 [wd: 1.71e-01] [lr: 6.87e-04] [mem: 5.74e+03] (171.3 ms)
INFO:root:[309,   116] grad_stats: [1.09e-04 2.51e-05] (1.20e-05, 1.59e-03)
INFO:root:[309,   232] loss: 5.426113e-03 masks: 21.7 17.4 [wd: 1.71e-01] [lr: 6.86e-04] [mem: 5.74e+03] (172.0 ms)
INFO:root:[309,   232] grad_stats: [1.09e-04 2.23e-05] (1.34e-05, 4.35e-04)
INFO:root:avg. loss 5.42611284e-03
INFO:root:time taken for epoch 0:00:53.780582
INFO:root:Epoch 310
INFO:root:[310,     0] loss: 5.687131e-03 masks: 25.0 16.0 [wd: 1.71e-01] [lr: 6.86e-04] [mem: 5.74e+03] (178.2 ms)
INFO:root:[310,     0] grad_stats: [7.74e-05 2.91e-05] (1.43e-05, 9.94e-04)
INFO:root:[310,   116] loss: 5.459594e-03 masks: 21.6 17.3 [wd: 1.71e-01] [lr: 6.85e-04] [mem: 5.74e+03] (171.1 ms)
INFO:root:[310,   116] grad_stats: [1.75e-04 5.09e-05] (1.96e-05, 7.18e-04)
INFO:root:[310,   232] loss: 5.438905e-03 masks: 21.7 17.3 [wd: 1.72e-01] [lr: 6.84e-04] [mem: 5.74e+03] (171.9 ms)
INFO:root:[310,   232] grad_stats: [1.80e-04 2.56e-05] (1.42e-05, 7.16e-04)
INFO:root:avg. loss 5.43890538e-03
INFO:root:time taken for epoch 0:00:53.837056
INFO:root:Epoch 311
INFO:root:[311,     0] loss: 5.363740e-03 masks: 16.0 20.0 [wd: 1.72e-01] [lr: 6.84e-04] [mem: 5.74e+03] (157.6 ms)
INFO:root:[311,     0] grad_stats: [8.10e-05 3.17e-05] (1.22e-05, 3.82e-04)
INFO:root:[311,   116] loss: 5.515857e-03 masks: 22.9 16.9 [wd: 1.72e-01] [lr: 6.83e-04] [mem: 5.74e+03] (174.0 ms)
INFO:root:[311,   116] grad_stats: [8.93e-05 2.58e-05] (1.20e-05, 4.75e-04)
INFO:root:[311,   232] loss: 5.480988e-03 masks: 22.4 17.0 [wd: 1.72e-01] [lr: 6.82e-04] [mem: 5.74e+03] (173.6 ms)
INFO:root:[311,   232] grad_stats: [8.90e-05 2.85e-05] (1.50e-05, 9.00e-04)
INFO:root:avg. loss 5.48098756e-03
INFO:root:time taken for epoch 0:00:54.158174
INFO:root:Epoch 312
INFO:root:[312,     0] loss: 5.735793e-03 masks: 24.0 16.0 [wd: 1.72e-01] [lr: 6.82e-04] [mem: 5.74e+03] (173.2 ms)
INFO:root:[312,     0] grad_stats: [1.47e-04 2.63e-05] (1.15e-05, 1.15e-03)
INFO:root:[312,   116] loss: 5.327179e-03 masks: 22.2 17.4 [wd: 1.73e-01] [lr: 6.81e-04] [mem: 5.74e+03] (173.0 ms)
INFO:root:[312,   116] grad_stats: [6.35e-05 1.98e-05] (1.23e-05, 9.64e-04)
INFO:root:[312,   232] loss: 5.399162e-03 masks: 22.3 17.2 [wd: 1.73e-01] [lr: 6.80e-04] [mem: 5.74e+03] (173.5 ms)
INFO:root:[312,   232] grad_stats: [9.21e-05 2.13e-05] (1.23e-05, 1.57e-03)
INFO:root:avg. loss 5.39916201e-03
INFO:root:time taken for epoch 0:00:54.086541
INFO:root:Epoch 313
INFO:root:[313,     0] loss: 4.960768e-03 masks: 27.0 16.0 [wd: 1.73e-01] [lr: 6.80e-04] [mem: 5.74e+03] (184.9 ms)
INFO:root:[313,     0] grad_stats: [8.18e-05 2.68e-05] (1.23e-05, 1.17e-03)
INFO:root:[313,   116] loss: 5.383239e-03 masks: 21.7 17.4 [wd: 1.73e-01] [lr: 6.79e-04] [mem: 5.74e+03] (171.5 ms)
INFO:root:[313,   116] grad_stats: [1.45e-04 3.28e-05] (1.93e-05, 1.27e-03)
INFO:root:[313,   232] loss: 5.357612e-03 masks: 21.8 17.4 [wd: 1.74e-01] [lr: 6.78e-04] [mem: 5.74e+03] (172.2 ms)
INFO:root:[313,   232] grad_stats: [1.82e-04 2.16e-05] (1.41e-05, 8.66e-04)
INFO:root:avg. loss 5.35761235e-03
INFO:root:time taken for epoch 0:00:53.878373
INFO:root:Epoch 314
INFO:root:[314,     0] loss: 4.741082e-03 masks: 20.0 20.0 [wd: 1.74e-01] [lr: 6.78e-04] [mem: 5.74e+03] (168.3 ms)
INFO:root:[314,     0] grad_stats: [2.25e-04 2.46e-05] (1.15e-05, 5.63e-04)
INFO:root:[314,   116] loss: 5.410479e-03 masks: 22.1 17.3 [wd: 1.74e-01] [lr: 6.77e-04] [mem: 5.74e+03] (172.2 ms)
INFO:root:[314,   116] grad_stats: [9.67e-05 2.08e-05] (1.15e-05, 9.41e-04)
INFO:root:[314,   232] loss: 5.414937e-03 masks: 22.3 17.2 [wd: 1.75e-01] [lr: 6.76e-04] [mem: 5.74e+03] (173.3 ms)
INFO:root:[314,   232] grad_stats: [4.78e-04 2.59e-05] (1.54e-05, 1.63e-03)
INFO:root:avg. loss 5.41493699e-03
INFO:root:time taken for epoch 0:00:54.110704
INFO:root:Epoch 315
INFO:root:[315,     0] loss: 5.382094e-03 masks: 25.0 16.0 [wd: 1.75e-01] [lr: 6.76e-04] [mem: 5.74e+03] (177.7 ms)
INFO:root:[315,     0] grad_stats: [3.89e-04 2.61e-05] (1.63e-05, 1.97e-03)
INFO:root:[315,   116] loss: 5.536084e-03 masks: 23.1 16.7 [wd: 1.75e-01] [lr: 6.75e-04] [mem: 5.74e+03] (174.7 ms)
INFO:root:[315,   116] grad_stats: [9.42e-05 2.90e-05] (1.72e-05, 7.61e-04)
INFO:root:[315,   232] loss: 5.439190e-03 masks: 22.9 17.0 [wd: 1.75e-01] [lr: 6.74e-04] [mem: 5.74e+03] (174.8 ms)
INFO:root:[315,   232] grad_stats: [1.89e-04 2.69e-05] (1.16e-05, 3.18e-04)
INFO:root:avg. loss 5.43918963e-03
INFO:root:time taken for epoch 0:00:54.411748
INFO:root:Epoch 316
INFO:root:[316,     0] loss: 5.214742e-03 masks: 26.0 16.0 [wd: 1.75e-01] [lr: 6.74e-04] [mem: 5.74e+03] (181.9 ms)
INFO:root:[316,     0] grad_stats: [2.72e-04 3.06e-05] (1.27e-05, 7.09e-04)
INFO:root:[316,   116] loss: 5.405082e-03 masks: 21.8 17.4 [wd: 1.76e-01] [lr: 6.73e-04] [mem: 5.74e+03] (171.6 ms)
INFO:root:[316,   116] grad_stats: [3.23e-04 3.61e-05] (1.80e-05, 2.28e-03)
INFO:root:[316,   232] loss: 5.383154e-03 masks: 21.4 17.6 [wd: 1.76e-01] [lr: 6.72e-04] [mem: 5.74e+03] (171.4 ms)
INFO:root:[316,   232] grad_stats: [6.84e-05 2.94e-05] (1.20e-05, 9.12e-04)
INFO:root:avg. loss 5.38315429e-03
INFO:root:time taken for epoch 0:00:53.616698
INFO:root:Epoch 317
INFO:root:[317,     0] loss: 5.477245e-03 masks: 25.0 16.0 [wd: 1.76e-01] [lr: 6.72e-04] [mem: 5.74e+03] (175.1 ms)
INFO:root:[317,     0] grad_stats: [2.38e-04 3.37e-05] (1.47e-05, 8.10e-04)
INFO:root:[317,   116] loss: 5.426753e-03 masks: 22.1 17.2 [wd: 1.76e-01] [lr: 6.71e-04] [mem: 5.74e+03] (172.0 ms)
INFO:root:[317,   116] grad_stats: [1.28e-04 2.02e-05] (1.16e-05, 1.53e-03)
INFO:root:[317,   232] loss: 5.451862e-03 masks: 22.0 17.2 [wd: 1.77e-01] [lr: 6.69e-04] [mem: 5.74e+03] (172.3 ms)
INFO:root:[317,   232] grad_stats: [1.52e-04 3.59e-05] (1.47e-05, 6.83e-04)
INFO:root:avg. loss 5.45186211e-03
INFO:root:time taken for epoch 0:00:53.852065
INFO:root:Epoch 318
INFO:root:[318,     0] loss: 6.173423e-03 masks: 37.0 12.0 [wd: 1.77e-01] [lr: 6.69e-04] [mem: 5.74e+03] (206.2 ms)
INFO:root:[318,     0] grad_stats: [3.29e-04 3.68e-05] (1.77e-05, 1.82e-03)
INFO:root:[318,   116] loss: 5.500347e-03 masks: 22.8 16.8 [wd: 1.77e-01] [lr: 6.68e-04] [mem: 5.74e+03] (173.8 ms)
INFO:root:[318,   116] grad_stats: [1.53e-04 3.25e-05] (2.15e-05, 1.60e-03)
INFO:root:[318,   232] loss: 5.480784e-03 masks: 22.4 17.0 [wd: 1.77e-01] [lr: 6.67e-04] [mem: 5.74e+03] (173.2 ms)
INFO:root:[318,   232] grad_stats: [1.96e-04 2.89e-05] (1.67e-05, 6.97e-04)
INFO:root:avg. loss 5.48078434e-03
INFO:root:time taken for epoch 0:00:54.050027
INFO:root:Epoch 319
INFO:root:[319,     0] loss: 5.394559e-03 masks: 24.0 16.0 [wd: 1.77e-01] [lr: 6.67e-04] [mem: 5.74e+03] (175.0 ms)
INFO:root:[319,     0] grad_stats: [1.44e-04 3.98e-05] (1.55e-05, 1.25e-03)
INFO:root:[319,   116] loss: 5.429448e-03 masks: 22.0 17.3 [wd: 1.78e-01] [lr: 6.66e-04] [mem: 5.74e+03] (172.2 ms)
INFO:root:[319,   116] grad_stats: [2.04e-04 2.82e-05] (1.26e-05, 9.44e-04)
INFO:root:[319,   232] loss: 5.436610e-03 masks: 22.3 17.2 [wd: 1.78e-01] [lr: 6.65e-04] [mem: 5.74e+03] (173.2 ms)
INFO:root:[319,   232] grad_stats: [7.43e-05 2.10e-05] (1.06e-05, 7.03e-04)
INFO:root:avg. loss 5.43660952e-03
INFO:root:time taken for epoch 0:00:54.031943
INFO:root:Epoch 320
INFO:root:[320,     0] loss: 4.534826e-03 masks: 20.0 20.0 [wd: 1.78e-01] [lr: 6.65e-04] [mem: 5.74e+03] (167.6 ms)
INFO:root:[320,     0] grad_stats: [1.06e-04 2.22e-05] (1.17e-05, 8.89e-04)
INFO:root:[320,   116] loss: 5.402045e-03 masks: 21.9 17.4 [wd: 1.79e-01] [lr: 6.64e-04] [mem: 5.74e+03] (172.0 ms)
INFO:root:[320,   116] grad_stats: [2.88e-04 2.82e-05] (1.58e-05, 7.62e-04)
INFO:root:[320,   232] loss: 5.435187e-03 masks: 22.2 17.2 [wd: 1.79e-01] [lr: 6.63e-04] [mem: 5.74e+03] (173.0 ms)
INFO:root:[320,   232] grad_stats: [1.22e-04 3.17e-05] (2.13e-05, 9.67e-04)
INFO:root:avg. loss 5.43518674e-03
INFO:root:	Epoch 320, KNN accuracy train: 7.32260e-01, KNN accuracy train: 5.97333e-01
INFO:root:time taken for epoch 0:01:36.457869
INFO:root:Epoch 321
INFO:root:[321,     0] loss: 4.897138e-03 masks: 26.0 16.0 [wd: 1.79e-01] [lr: 6.63e-04] [mem: 5.74e+03] (180.3 ms)
INFO:root:[321,     0] grad_stats: [9.41e-05 2.62e-05] (1.32e-05, 2.54e-03)
INFO:root:[321,   116] loss: 5.439920e-03 masks: 21.8 17.3 [wd: 1.79e-01] [lr: 6.62e-04] [mem: 5.74e+03] (170.9 ms)
INFO:root:[321,   116] grad_stats: [1.57e-04 2.85e-05] (1.41e-05, 7.97e-04)
INFO:root:[321,   232] loss: 5.436708e-03 masks: 21.5 17.4 [wd: 1.80e-01] [lr: 6.61e-04] [mem: 5.74e+03] (170.6 ms)
INFO:root:[321,   232] grad_stats: [8.34e-05 2.99e-05] (1.55e-05, 7.08e-04)
INFO:root:avg. loss 5.43670849e-03
INFO:root:time taken for epoch 0:00:53.487725
INFO:root:Epoch 322
INFO:root:[322,     0] loss: 5.430020e-03 masks: 24.0 16.0 [wd: 1.80e-01] [lr: 6.61e-04] [mem: 5.74e+03] (174.4 ms)
INFO:root:[322,     0] grad_stats: [8.22e-05 2.77e-05] (1.50e-05, 6.57e-04)
INFO:root:[322,   116] loss: 5.408451e-03 masks: 21.9 17.4 [wd: 1.80e-01] [lr: 6.60e-04] [mem: 5.74e+03] (171.8 ms)
INFO:root:[322,   116] grad_stats: [1.48e-04 2.00e-05] (1.34e-05, 5.91e-04)
INFO:root:[322,   232] loss: 5.436898e-03 masks: 21.9 17.2 [wd: 1.80e-01] [lr: 6.59e-04] [mem: 5.74e+03] (172.1 ms)
INFO:root:[322,   232] grad_stats: [5.60e-05 2.09e-05] (1.07e-05, 5.60e-04)
INFO:root:avg. loss 5.43689773e-03
INFO:root:time taken for epoch 0:00:53.796662
INFO:root:Epoch 323
INFO:root:[323,     0] loss: 5.035345e-03 masks: 18.0 20.0 [wd: 1.80e-01] [lr: 6.59e-04] [mem: 5.74e+03] (163.4 ms)
INFO:root:[323,     0] grad_stats: [9.57e-05 3.03e-05] (1.31e-05, 1.01e-03)
INFO:root:[323,   116] loss: 5.490535e-03 masks: 22.8 16.9 [wd: 1.81e-01] [lr: 6.58e-04] [mem: 5.74e+03] (173.6 ms)
INFO:root:[323,   116] grad_stats: [1.03e-04 3.21e-05] (1.44e-05, 1.24e-03)
INFO:root:[323,   232] loss: 5.454452e-03 masks: 22.8 16.9 [wd: 1.81e-01] [lr: 6.57e-04] [mem: 5.74e+03] (174.2 ms)
INFO:root:[323,   232] grad_stats: [3.26e-04 2.46e-05] (1.22e-05, 1.63e-03)
INFO:root:avg. loss 5.45445233e-03
INFO:root:time taken for epoch 0:00:54.277425
INFO:root:Epoch 324
INFO:root:[324,     0] loss: 4.843275e-03 masks: 26.0 16.0 [wd: 1.81e-01] [lr: 6.57e-04] [mem: 5.74e+03] (180.9 ms)
INFO:root:[324,     0] grad_stats: [1.53e-04 2.32e-05] (1.15e-05, 4.45e-04)
INFO:root:[324,   116] loss: 5.449790e-03 masks: 21.2 17.5 [wd: 1.81e-01] [lr: 6.56e-04] [mem: 5.74e+03] (170.2 ms)
INFO:root:[324,   116] grad_stats: [1.32e-04 3.19e-05] (1.40e-05, 1.79e-03)
INFO:root:[324,   232] loss: 5.459939e-03 masks: 22.0 17.2 [wd: 1.82e-01] [lr: 6.55e-04] [mem: 5.74e+03] (172.4 ms)
INFO:root:[324,   232] grad_stats: [1.13e-04 2.28e-05] (1.25e-05, 7.23e-04)
INFO:root:avg. loss 5.45993870e-03
INFO:root:time taken for epoch 0:00:53.883981
INFO:root:Epoch 325
INFO:root:[325,     0] loss: 4.840242e-03 masks: 18.0 20.0 [wd: 1.82e-01] [lr: 6.55e-04] [mem: 5.74e+03] (163.6 ms)
INFO:root:[325,     0] grad_stats: [8.04e-05 2.55e-05] (1.17e-05, 7.09e-04)
INFO:root:[325,   116] loss: 5.380480e-03 masks: 22.5 16.9 [wd: 1.82e-01] [lr: 6.54e-04] [mem: 5.74e+03] (173.0 ms)
INFO:root:[325,   116] grad_stats: [6.67e-05 2.46e-05] (1.18e-05, 6.34e-04)
INFO:root:[325,   232] loss: 5.412181e-03 masks: 22.3 17.0 [wd: 1.83e-01] [lr: 6.53e-04] [mem: 5.74e+03] (173.1 ms)
INFO:root:[325,   232] grad_stats: [4.05e-04 3.82e-05] (1.98e-05, 1.27e-03)
INFO:root:avg. loss 5.41218133e-03
INFO:root:time taken for epoch 0:00:53.923490
INFO:root:Epoch 326
INFO:root:[326,     0] loss: 4.793813e-03 masks: 21.0 20.0 [wd: 1.83e-01] [lr: 6.53e-04] [mem: 5.74e+03] (171.7 ms)
INFO:root:[326,     0] grad_stats: [1.67e-04 2.25e-05] (1.27e-05, 8.52e-04)
INFO:root:[326,   116] loss: 5.476112e-03 masks: 22.2 17.1 [wd: 1.83e-01] [lr: 6.52e-04] [mem: 5.74e+03] (172.4 ms)
INFO:root:[326,   116] grad_stats: [2.16e-04 5.22e-05] (1.60e-05, 2.53e-03)
INFO:root:[326,   232] loss: 5.470302e-03 masks: 22.1 17.1 [wd: 1.83e-01] [lr: 6.51e-04] [mem: 5.74e+03] (172.6 ms)
INFO:root:[326,   232] grad_stats: [1.83e-04 3.18e-05] (1.60e-05, 9.69e-04)
INFO:root:avg. loss 5.47030207e-03
INFO:root:time taken for epoch 0:00:53.908988
INFO:root:Epoch 327
INFO:root:[327,     0] loss: 5.476688e-03 masks: 25.0 16.0 [wd: 1.83e-01] [lr: 6.51e-04] [mem: 5.74e+03] (178.1 ms)
INFO:root:[327,     0] grad_stats: [9.22e-05 2.31e-05] (1.32e-05, 6.56e-04)
INFO:root:[327,   116] loss: 5.453157e-03 masks: 22.8 16.9 [wd: 1.84e-01] [lr: 6.50e-04] [mem: 5.74e+03] (173.7 ms)
INFO:root:[327,   116] grad_stats: [1.49e-04 3.84e-05] (1.76e-05, 7.19e-04)
INFO:root:[327,   232] loss: 5.449331e-03 masks: 22.4 17.1 [wd: 1.84e-01] [lr: 6.49e-04] [mem: 5.74e+03] (173.3 ms)
INFO:root:[327,   232] grad_stats: [2.62e-04 2.95e-05] (1.56e-05, 1.00e-03)
INFO:root:avg. loss 5.44933105e-03
INFO:root:time taken for epoch 0:00:54.100056
INFO:root:Epoch 328
INFO:root:[328,     0] loss: 5.888703e-03 masks: 23.0 16.0 [wd: 1.84e-01] [lr: 6.49e-04] [mem: 5.74e+03] (170.2 ms)
INFO:root:[328,     0] grad_stats: [1.47e-04 3.86e-05] (1.61e-05, 1.60e-03)
INFO:root:[328,   116] loss: 5.495439e-03 masks: 22.3 17.1 [wd: 1.84e-01] [lr: 6.47e-04] [mem: 5.74e+03] (172.5 ms)
INFO:root:[328,   116] grad_stats: [1.58e-04 2.07e-05] (1.05e-05, 5.14e-04)
INFO:root:[328,   232] loss: 5.432494e-03 masks: 22.2 17.2 [wd: 1.85e-01] [lr: 6.46e-04] [mem: 5.74e+03] (172.8 ms)
INFO:root:[328,   232] grad_stats: [1.13e-04 2.29e-05] (1.20e-05, 9.13e-04)
INFO:root:avg. loss 5.43249437e-03
INFO:root:time taken for epoch 0:00:53.910309
INFO:root:Epoch 329
INFO:root:[329,     0] loss: 5.561576e-03 masks: 25.0 16.0 [wd: 1.85e-01] [lr: 6.46e-04] [mem: 5.74e+03] (176.8 ms)
INFO:root:[329,     0] grad_stats: [1.65e-04 2.77e-05] (1.35e-05, 1.45e-03)
INFO:root:[329,   116] loss: 5.462905e-03 masks: 22.6 17.0 [wd: 1.85e-01] [lr: 6.45e-04] [mem: 5.74e+03] (173.5 ms)
INFO:root:[329,   116] grad_stats: [2.08e-04 1.69e-05] (1.19e-05, 1.11e-03)
INFO:root:[329,   232] loss: 5.434967e-03 masks: 22.2 17.3 [wd: 1.86e-01] [lr: 6.44e-04] [mem: 5.74e+03] (173.0 ms)
INFO:root:[329,   232] grad_stats: [1.53e-04 3.54e-05] (1.51e-05, 5.84e-04)
INFO:root:avg. loss 5.43496721e-03
INFO:root:time taken for epoch 0:00:54.024685
INFO:root:Epoch 330
INFO:root:[330,     0] loss: 4.935898e-03 masks: 22.0 20.0 [wd: 1.86e-01] [lr: 6.44e-04] [mem: 5.74e+03] (175.8 ms)
INFO:root:[330,     0] grad_stats: [8.95e-05 2.32e-05] (1.30e-05, 1.57e-03)
INFO:root:[330,   116] loss: 5.338904e-03 masks: 21.4 17.6 [wd: 1.86e-01] [lr: 6.43e-04] [mem: 5.74e+03] (170.8 ms)
INFO:root:[330,   116] grad_stats: [1.02e-04 2.72e-05] (1.29e-05, 6.97e-04)
INFO:root:[330,   232] loss: 5.387347e-03 masks: 22.0 17.3 [wd: 1.86e-01] [lr: 6.42e-04] [mem: 5.74e+03] (172.8 ms)
INFO:root:[330,   232] grad_stats: [1.11e-04 3.48e-05] (1.63e-05, 2.36e-03)
INFO:root:avg. loss 5.38734669e-03
INFO:root:time taken for epoch 0:00:53.959471
INFO:root:Epoch 331
INFO:root:[331,     0] loss: 5.342063e-03 masks: 27.0 16.0 [wd: 1.86e-01] [lr: 6.42e-04] [mem: 5.74e+03] (183.6 ms)
INFO:root:[331,     0] grad_stats: [1.33e-04 2.27e-05] (1.25e-05, 7.18e-04)
INFO:root:[331,   116] loss: 5.367807e-03 masks: 22.3 17.2 [wd: 1.87e-01] [lr: 6.41e-04] [mem: 5.74e+03] (172.9 ms)
INFO:root:[331,   116] grad_stats: [1.24e-04 3.35e-05] (1.52e-05, 1.12e-03)
INFO:root:[331,   232] loss: 5.403665e-03 masks: 21.9 17.3 [wd: 1.87e-01] [lr: 6.40e-04] [mem: 5.74e+03] (172.2 ms)
INFO:root:[331,   232] grad_stats: [9.45e-05 2.17e-05] (1.12e-05, 9.52e-04)
INFO:root:avg. loss 5.40366482e-03
INFO:root:time taken for epoch 0:00:53.812415
INFO:root:Epoch 332
INFO:root:[332,     0] loss: 4.518762e-03 masks: 18.0 20.0 [wd: 1.87e-01] [lr: 6.40e-04] [mem: 5.74e+03] (164.3 ms)
INFO:root:[332,     0] grad_stats: [1.81e-04 2.50e-05] (1.26e-05, 6.14e-04)
INFO:root:[332,   116] loss: 5.392859e-03 masks: 21.0 17.7 [wd: 1.87e-01] [lr: 6.39e-04] [mem: 5.74e+03] (170.1 ms)
INFO:root:[332,   116] grad_stats: [1.36e-04 4.24e-05] (1.63e-05, 1.15e-03)
INFO:root:[332,   232] loss: 5.395499e-03 masks: 21.5 17.5 [wd: 1.88e-01] [lr: 6.38e-04] [mem: 5.74e+03] (171.4 ms)
INFO:root:[332,   232] grad_stats: [1.20e-04 3.49e-05] (1.84e-05, 8.05e-04)
INFO:root:avg. loss 5.39549895e-03
INFO:root:time taken for epoch 0:00:53.602836
INFO:root:Epoch 333
INFO:root:[333,     0] loss: 5.414066e-03 masks: 26.0 16.0 [wd: 1.88e-01] [lr: 6.38e-04] [mem: 5.74e+03] (181.9 ms)
INFO:root:[333,     0] grad_stats: [1.22e-04 2.21e-05] (1.06e-05, 9.43e-04)
INFO:root:[333,   116] loss: 5.358211e-03 masks: 22.0 17.4 [wd: 1.88e-01] [lr: 6.37e-04] [mem: 5.74e+03] (172.2 ms)
INFO:root:[333,   116] grad_stats: [1.12e-04 3.27e-05] (1.50e-05, 7.49e-04)
INFO:root:[333,   232] loss: 5.383105e-03 masks: 22.0 17.3 [wd: 1.88e-01] [lr: 6.36e-04] [mem: 5.74e+03] (172.5 ms)
INFO:root:[333,   232] grad_stats: [8.43e-05 2.37e-05] (1.30e-05, 1.09e-03)
INFO:root:avg. loss 5.38310537e-03
INFO:root:time taken for epoch 0:00:53.867256
INFO:root:Epoch 334
INFO:root:[334,     0] loss: 5.991226e-03 masks: 25.0 16.0 [wd: 1.88e-01] [lr: 6.36e-04] [mem: 5.74e+03] (177.7 ms)
INFO:root:[334,     0] grad_stats: [9.42e-05 2.77e-05] (1.78e-05, 2.39e-03)
INFO:root:[334,   116] loss: 5.442113e-03 masks: 22.2 17.2 [wd: 1.89e-01] [lr: 6.35e-04] [mem: 5.74e+03] (172.9 ms)
INFO:root:[334,   116] grad_stats: [7.64e-05 2.20e-05] (9.25e-06, 3.99e-04)
INFO:root:[334,   232] loss: 5.442882e-03 masks: 22.0 17.3 [wd: 1.89e-01] [lr: 6.34e-04] [mem: 5.74e+03] (172.6 ms)
INFO:root:[334,   232] grad_stats: [6.64e-05 2.35e-05] (1.05e-05, 3.94e-04)
INFO:root:avg. loss 5.44288203e-03
INFO:root:time taken for epoch 0:00:53.897244
INFO:root:Epoch 335
INFO:root:[335,     0] loss: 5.609682e-03 masks: 23.0 16.0 [wd: 1.89e-01] [lr: 6.34e-04] [mem: 5.74e+03] (170.5 ms)
INFO:root:[335,     0] grad_stats: [2.49e-04 3.11e-05] (1.56e-05, 1.47e-03)
INFO:root:[335,   116] loss: 5.455229e-03 masks: 20.8 17.4 [wd: 1.90e-01] [lr: 6.33e-04] [mem: 5.74e+03] (169.0 ms)
INFO:root:[335,   116] grad_stats: [1.43e-04 2.38e-05] (1.55e-05, 1.07e-03)
INFO:root:[335,   232] loss: 5.457678e-03 masks: 21.4 17.3 [wd: 1.90e-01] [lr: 6.32e-04] [mem: 5.74e+03] (170.9 ms)
INFO:root:[335,   232] grad_stats: [1.50e-04 2.39e-05] (1.26e-05, 1.06e-03)
INFO:root:avg. loss 5.45767791e-03
INFO:root:time taken for epoch 0:00:53.501135
INFO:root:Epoch 336
INFO:root:[336,     0] loss: 4.491684e-03 masks: 20.0 20.0 [wd: 1.90e-01] [lr: 6.32e-04] [mem: 5.74e+03] (166.5 ms)
INFO:root:[336,     0] grad_stats: [8.87e-05 2.16e-05] (1.23e-05, 4.95e-04)
INFO:root:[336,   116] loss: 5.446451e-03 masks: 22.0 17.1 [wd: 1.90e-01] [lr: 6.30e-04] [mem: 5.74e+03] (171.9 ms)
INFO:root:[336,   116] grad_stats: [1.34e-04 3.02e-05] (1.62e-05, 6.57e-04)
INFO:root:[336,   232] loss: 5.416481e-03 masks: 22.2 17.2 [wd: 1.91e-01] [lr: 6.29e-04] [mem: 5.74e+03] (172.9 ms)
INFO:root:[336,   232] grad_stats: [1.02e-04 3.23e-05] (1.71e-05, 3.40e-03)
INFO:root:avg. loss 5.41648109e-03
INFO:root:time taken for epoch 0:00:53.959004
INFO:root:Epoch 337
INFO:root:[337,     0] loss: 4.363868e-03 masks: 20.0 20.0 [wd: 1.91e-01] [lr: 6.29e-04] [mem: 5.74e+03] (168.3 ms)
INFO:root:[337,     0] grad_stats: [1.82e-04 2.51e-05] (1.27e-05, 1.24e-03)
INFO:root:[337,   116] loss: 5.518856e-03 masks: 22.5 17.0 [wd: 1.91e-01] [lr: 6.28e-04] [mem: 5.74e+03] (173.3 ms)
INFO:root:[337,   116] grad_stats: [1.35e-04 3.22e-05] (1.54e-05, 1.69e-03)
INFO:root:[337,   232] loss: 5.487223e-03 masks: 22.0 17.2 [wd: 1.91e-01] [lr: 6.27e-04] [mem: 5.74e+03] (172.6 ms)
INFO:root:[337,   232] grad_stats: [1.35e-04 2.83e-05] (1.41e-05, 9.18e-04)
INFO:root:avg. loss 5.48722329e-03
INFO:root:time taken for epoch 0:00:53.932891
INFO:root:Epoch 338
INFO:root:[338,     0] loss: 5.080732e-03 masks: 20.0 20.0 [wd: 1.91e-01] [lr: 6.27e-04] [mem: 5.74e+03] (168.7 ms)
INFO:root:[338,     0] grad_stats: [6.98e-05 2.41e-05] (1.42e-05, 1.09e-03)
INFO:root:[338,   116] loss: 5.485611e-03 masks: 23.3 16.7 [wd: 1.92e-01] [lr: 6.26e-04] [mem: 5.74e+03] (175.1 ms)
INFO:root:[338,   116] grad_stats: [1.21e-04 4.22e-05] (1.84e-05, 6.15e-04)
INFO:root:[338,   232] loss: 5.466495e-03 masks: 22.7 16.9 [wd: 1.92e-01] [lr: 6.25e-04] [mem: 5.74e+03] (174.4 ms)
INFO:root:[338,   232] grad_stats: [1.08e-04 2.73e-05] (1.50e-05, 1.14e-03)
INFO:root:avg. loss 5.46649507e-03
INFO:root:time taken for epoch 0:00:54.380355
INFO:root:Epoch 339
INFO:root:[339,     0] loss: 4.762839e-03 masks: 20.0 20.0 [wd: 1.92e-01] [lr: 6.25e-04] [mem: 5.74e+03] (168.1 ms)
INFO:root:[339,     0] grad_stats: [7.20e-05 2.80e-05] (1.20e-05, 9.23e-04)
INFO:root:[339,   116] loss: 5.374187e-03 masks: 22.0 17.3 [wd: 1.93e-01] [lr: 6.24e-04] [mem: 5.74e+03] (172.2 ms)
INFO:root:[339,   116] grad_stats: [8.19e-05 3.07e-05] (1.50e-05, 1.16e-03)
INFO:root:[339,   232] loss: 5.398455e-03 masks: 22.3 17.2 [wd: 1.93e-01] [lr: 6.23e-04] [mem: 5.74e+03] (173.3 ms)
INFO:root:[339,   232] grad_stats: [7.44e-05 2.64e-05] (1.14e-05, 4.86e-04)
INFO:root:avg. loss 5.39845532e-03
INFO:root:time taken for epoch 0:00:54.058250
INFO:root:Epoch 340
INFO:root:[340,     0] loss: 4.844686e-03 masks: 16.0 20.0 [wd: 1.93e-01] [lr: 6.23e-04] [mem: 5.74e+03] (155.4 ms)
INFO:root:[340,     0] grad_stats: [9.74e-05 2.86e-05] (1.22e-05, 4.81e-04)
INFO:root:[340,   116] loss: 5.361158e-03 masks: 21.5 17.6 [wd: 1.93e-01] [lr: 6.22e-04] [mem: 5.74e+03] (171.3 ms)
INFO:root:[340,   116] grad_stats: [9.88e-05 3.25e-05] (1.76e-05, 7.74e-04)
INFO:root:[340,   232] loss: 5.323956e-03 masks: 21.5 17.7 [wd: 1.94e-01] [lr: 6.21e-04] [mem: 5.74e+03] (171.9 ms)
INFO:root:[340,   232] grad_stats: [6.42e-05 4.52e-05] (1.45e-05, 4.34e-04)
INFO:root:avg. loss 5.32395589e-03
INFO:root:	Epoch 340, KNN accuracy train: 7.34835e-01, KNN accuracy train: 6.03667e-01
INFO:root:time taken for epoch 0:01:36.236947
INFO:root:Epoch 341
INFO:root:[341,     0] loss: 4.960152e-03 masks: 19.0 20.0 [wd: 1.94e-01] [lr: 6.21e-04] [mem: 5.74e+03] (167.1 ms)
INFO:root:[341,     0] grad_stats: [1.13e-04 3.05e-05] (1.38e-05, 4.59e-04)
INFO:root:[341,   116] loss: 5.383188e-03 masks: 22.4 17.2 [wd: 1.94e-01] [lr: 6.20e-04] [mem: 5.74e+03] (172.8 ms)
INFO:root:[341,   116] grad_stats: [7.25e-05 2.78e-05] (1.15e-05, 7.55e-04)
INFO:root:[341,   232] loss: 5.387833e-03 masks: 22.6 17.1 [wd: 1.94e-01] [lr: 6.19e-04] [mem: 5.74e+03] (173.7 ms)
INFO:root:[341,   232] grad_stats: [1.00e-04 2.56e-05] (1.29e-05, 5.28e-04)
INFO:root:avg. loss 5.38783323e-03
INFO:root:time taken for epoch 0:00:53.977444
INFO:root:Epoch 342
INFO:root:[342,     0] loss: 5.078740e-03 masks: 20.0 20.0 [wd: 1.94e-01] [lr: 6.19e-04] [mem: 5.74e+03] (168.1 ms)
INFO:root:[342,     0] grad_stats: [5.74e-05 2.42e-05] (1.11e-05, 4.14e-04)
INFO:root:[342,   116] loss: 5.423244e-03 masks: 21.8 17.3 [wd: 1.95e-01] [lr: 6.18e-04] [mem: 5.74e+03] (171.7 ms)
INFO:root:[342,   116] grad_stats: [9.83e-05 3.00e-05] (1.37e-05, 1.30e-03)
INFO:root:[342,   232] loss: 5.410832e-03 masks: 22.0 17.2 [wd: 1.95e-01] [lr: 6.17e-04] [mem: 5.74e+03] (172.6 ms)
INFO:root:[342,   232] grad_stats: [3.60e-04 2.85e-05] (1.51e-05, 1.25e-03)
INFO:root:avg. loss 5.41083231e-03
INFO:root:time taken for epoch 0:00:53.933553
INFO:root:Epoch 343
INFO:root:[343,     0] loss: 5.284546e-03 masks: 14.0 20.0 [wd: 1.95e-01] [lr: 6.17e-04] [mem: 5.74e+03] (152.1 ms)
INFO:root:[343,     0] grad_stats: [1.26e-04 2.38e-05] (1.23e-05, 5.35e-04)
INFO:root:[343,   116] loss: 5.418463e-03 masks: 22.4 17.1 [wd: 1.96e-01] [lr: 6.15e-04] [mem: 5.74e+03] (172.9 ms)
INFO:root:[343,   116] grad_stats: [8.27e-05 2.31e-05] (1.34e-05, 1.36e-03)
INFO:root:[343,   232] loss: 5.423196e-03 masks: 22.3 17.2 [wd: 1.96e-01] [lr: 6.14e-04] [mem: 5.74e+03] (173.2 ms)
INFO:root:[343,   232] grad_stats: [2.26e-04 2.82e-05] (1.85e-05, 7.65e-04)
INFO:root:avg. loss 5.42319626e-03
INFO:root:time taken for epoch 0:00:54.071565
INFO:root:Epoch 344
INFO:root:[344,     0] loss: 5.708172e-03 masks: 11.0 20.0 [wd: 1.96e-01] [lr: 6.14e-04] [mem: 5.74e+03] (143.0 ms)
INFO:root:[344,     0] grad_stats: [7.96e-05 3.73e-05] (1.74e-05, 7.19e-04)
INFO:root:[344,   116] loss: 5.462423e-03 masks: 22.4 17.0 [wd: 1.96e-01] [lr: 6.13e-04] [mem: 5.74e+03] (172.9 ms)
INFO:root:[344,   116] grad_stats: [2.96e-04 3.96e-05] (1.92e-05, 2.09e-03)
INFO:root:[344,   232] loss: 5.415310e-03 masks: 22.2 17.2 [wd: 1.97e-01] [lr: 6.12e-04] [mem: 5.74e+03] (173.1 ms)
INFO:root:[344,   232] grad_stats: [1.34e-04 3.09e-05] (1.51e-05, 6.53e-04)
INFO:root:avg. loss 5.41531024e-03
INFO:root:time taken for epoch 0:00:53.963453
INFO:root:Epoch 345
INFO:root:[345,     0] loss: 5.216783e-03 masks: 16.0 20.0 [wd: 1.97e-01] [lr: 6.12e-04] [mem: 5.74e+03] (158.4 ms)
INFO:root:[345,     0] grad_stats: [8.07e-05 2.90e-05] (1.41e-05, 8.34e-04)
INFO:root:[345,   116] loss: 5.384938e-03 masks: 21.6 17.4 [wd: 1.97e-01] [lr: 6.11e-04] [mem: 5.74e+03] (171.3 ms)
INFO:root:[345,   116] grad_stats: [9.22e-05 2.65e-05] (1.63e-05, 9.80e-04)
INFO:root:[345,   232] loss: 5.412427e-03 masks: 21.5 17.4 [wd: 1.97e-01] [lr: 6.10e-04] [mem: 5.74e+03] (171.6 ms)
INFO:root:[345,   232] grad_stats: [3.69e-04 2.93e-05] (1.57e-05, 9.86e-04)
INFO:root:avg. loss 5.41242700e-03
INFO:root:time taken for epoch 0:00:53.752402
INFO:root:Epoch 346
INFO:root:[346,     0] loss: 5.501695e-03 masks: 28.0 16.0 [wd: 1.97e-01] [lr: 6.10e-04] [mem: 5.74e+03] (184.5 ms)
INFO:root:[346,     0] grad_stats: [2.24e-04 3.18e-05] (1.68e-05, 7.93e-04)
INFO:root:[346,   116] loss: 5.492252e-03 masks: 22.3 17.0 [wd: 1.98e-01] [lr: 6.09e-04] [mem: 5.74e+03] (172.7 ms)
INFO:root:[346,   116] grad_stats: [7.44e-05 2.28e-05] (1.27e-05, 9.95e-04)
INFO:root:[346,   232] loss: 5.444223e-03 masks: 21.9 17.2 [wd: 1.98e-01] [lr: 6.08e-04] [mem: 5.74e+03] (172.3 ms)
INFO:root:[346,   232] grad_stats: [1.01e-04 2.50e-05] (1.43e-05, 1.09e-03)
INFO:root:avg. loss 5.44422334e-03
INFO:root:time taken for epoch 0:00:53.834705
INFO:root:Epoch 347
INFO:root:[347,     0] loss: 5.589848e-03 masks: 23.0 16.0 [wd: 1.98e-01] [lr: 6.08e-04] [mem: 5.74e+03] (170.8 ms)
INFO:root:[347,     0] grad_stats: [4.61e-04 3.04e-05] (1.72e-05, 2.87e-03)
INFO:root:[347,   116] loss: 5.365706e-03 masks: 21.5 17.5 [wd: 1.99e-01] [lr: 6.07e-04] [mem: 5.74e+03] (171.2 ms)
INFO:root:[347,   116] grad_stats: [8.95e-05 2.63e-05] (1.26e-05, 5.88e-04)
INFO:root:[347,   232] loss: 5.386403e-03 masks: 21.8 17.3 [wd: 1.99e-01] [lr: 6.06e-04] [mem: 5.74e+03] (172.2 ms)
INFO:root:[347,   232] grad_stats: [8.85e-05 3.01e-05] (1.76e-05, 1.86e-03)
INFO:root:avg. loss 5.38640298e-03
INFO:root:time taken for epoch 0:00:53.779442
INFO:root:Epoch 348
INFO:root:[348,     0] loss: 5.184432e-03 masks: 18.0 20.0 [wd: 1.99e-01] [lr: 6.06e-04] [mem: 5.74e+03] (164.6 ms)
INFO:root:[348,     0] grad_stats: [2.41e-04 3.18e-05] (1.37e-05, 1.32e-03)
INFO:root:[348,   116] loss: 5.436924e-03 masks: 21.7 17.4 [wd: 1.99e-01] [lr: 6.05e-04] [mem: 5.74e+03] (171.6 ms)
INFO:root:[348,   116] grad_stats: [1.17e-04 3.53e-05] (1.35e-05, 5.64e-04)
INFO:root:[348,   232] loss: 5.408344e-03 masks: 21.5 17.5 [wd: 2.00e-01] [lr: 6.04e-04] [mem: 5.74e+03] (171.5 ms)
INFO:root:[348,   232] grad_stats: [1.24e-04 2.81e-05] (1.44e-05, 1.66e-03)
INFO:root:avg. loss 5.40834430e-03
INFO:root:time taken for epoch 0:00:54.689128
INFO:root:Epoch 349
INFO:root:[349,     0] loss: 6.117044e-03 masks: 33.0 12.0 [wd: 2.00e-01] [lr: 6.04e-04] [mem: 5.74e+03] (193.5 ms)
INFO:root:[349,     0] grad_stats: [9.36e-05 3.77e-05] (2.04e-05, 2.41e-03)
INFO:root:[349,   116] loss: 5.417579e-03 masks: 21.6 17.4 [wd: 2.00e-01] [lr: 6.03e-04] [mem: 5.74e+03] (171.4 ms)
INFO:root:[349,   116] grad_stats: [1.04e-04 2.53e-05] (1.29e-05, 1.22e-03)
INFO:root:[349,   232] loss: 5.455077e-03 masks: 22.0 17.2 [wd: 2.00e-01] [lr: 6.01e-04] [mem: 5.74e+03] (172.7 ms)
INFO:root:[349,   232] grad_stats: [2.35e-04 3.22e-05] (2.20e-05, 5.08e-03)
INFO:root:avg. loss 5.45507700e-03
INFO:root:time taken for epoch 0:00:54.015634
INFO:root:Epoch 350
INFO:root:[350,     0] loss: 5.863247e-03 masks: 28.0 16.0 [wd: 2.00e-01] [lr: 6.01e-04] [mem: 5.74e+03] (186.6 ms)
INFO:root:[350,     0] grad_stats: [3.27e-04 3.78e-05] (1.68e-05, 6.48e-04)
INFO:root:[350,   116] loss: 5.405702e-03 masks: 22.0 17.4 [wd: 2.01e-01] [lr: 6.00e-04] [mem: 5.74e+03] (172.2 ms)
INFO:root:[350,   116] grad_stats: [1.26e-04 3.85e-05] (1.76e-05, 1.63e-03)
INFO:root:[350,   232] loss: 5.423339e-03 masks: 21.9 17.3 [wd: 2.01e-01] [lr: 5.99e-04] [mem: 5.74e+03] (172.4 ms)
INFO:root:[350,   232] grad_stats: [7.09e-05 3.52e-05] (1.70e-05, 1.24e-03)
INFO:root:avg. loss 5.42333896e-03
INFO:root:time taken for epoch 0:00:53.861974
INFO:root:Epoch 351
INFO:root:[351,     0] loss: 6.670279e-03 masks: 17.0 16.0 [wd: 2.01e-01] [lr: 5.99e-04] [mem: 5.74e+03] (155.6 ms)
INFO:root:[351,     0] grad_stats: [2.40e-04 3.87e-05] (1.71e-05, 1.20e-03)
INFO:root:[351,   116] loss: 5.390155e-03 masks: 22.4 17.2 [wd: 2.02e-01] [lr: 5.98e-04] [mem: 5.74e+03] (173.2 ms)
INFO:root:[351,   116] grad_stats: [7.12e-05 3.84e-05] (1.86e-05, 8.57e-04)
INFO:root:[351,   232] loss: 5.357595e-03 masks: 22.2 17.3 [wd: 2.02e-01] [lr: 5.97e-04] [mem: 5.74e+03] (173.4 ms)
INFO:root:[351,   232] grad_stats: [1.07e-04 3.24e-05] (1.61e-05, 7.97e-04)
INFO:root:avg. loss 5.35759465e-03
INFO:root:time taken for epoch 0:00:54.128540
INFO:root:Epoch 352
INFO:root:[352,     0] loss: 6.889179e-03 masks: 17.0 16.0 [wd: 2.02e-01] [lr: 5.97e-04] [mem: 5.74e+03] (153.5 ms)
INFO:root:[352,     0] grad_stats: [2.54e-04 3.75e-05] (1.81e-05, 1.43e-03)
INFO:root:[352,   116] loss: 5.427148e-03 masks: 21.5 17.4 [wd: 2.02e-01] [lr: 5.96e-04] [mem: 5.74e+03] (171.1 ms)
INFO:root:[352,   116] grad_stats: [1.11e-04 3.31e-05] (1.78e-05, 6.78e-04)
INFO:root:[352,   232] loss: 5.405201e-03 masks: 21.8 17.3 [wd: 2.03e-01] [lr: 5.95e-04] [mem: 5.74e+03] (172.3 ms)
INFO:root:[352,   232] grad_stats: [1.15e-04 5.44e-05] (1.78e-05, 1.45e-03)
INFO:root:avg. loss 5.40520145e-03
INFO:root:time taken for epoch 0:00:53.883885
INFO:root:Epoch 353
INFO:root:[353,     0] loss: 6.169894e-03 masks: 36.0 12.0 [wd: 2.03e-01] [lr: 5.95e-04] [mem: 5.74e+03] (202.3 ms)
INFO:root:[353,     0] grad_stats: [3.05e-04 4.44e-05] (2.46e-05, 1.77e-03)
INFO:root:[353,   116] loss: 5.554461e-03 masks: 20.9 17.3 [wd: 2.03e-01] [lr: 5.94e-04] [mem: 5.74e+03] (169.3 ms)
INFO:root:[353,   116] grad_stats: [4.90e-04 4.68e-05] (1.94e-05, 1.57e-03)
INFO:root:[353,   232] loss: 5.467896e-03 masks: 21.3 17.3 [wd: 2.03e-01] [lr: 5.93e-04] [mem: 5.74e+03] (170.9 ms)
INFO:root:[353,   232] grad_stats: [1.03e-04 2.60e-05] (1.46e-05, 9.64e-04)
INFO:root:avg. loss 5.46789625e-03
INFO:root:time taken for epoch 0:00:53.558877
INFO:root:Epoch 354
INFO:root:[354,     0] loss: 5.451943e-03 masks: 27.0 16.0 [wd: 2.03e-01] [lr: 5.93e-04] [mem: 5.74e+03] (183.3 ms)
INFO:root:[354,     0] grad_stats: [1.56e-04 2.64e-05] (1.68e-05, 1.29e-03)
INFO:root:[354,   116] loss: 5.334824e-03 masks: 21.4 17.7 [wd: 2.04e-01] [lr: 5.92e-04] [mem: 5.74e+03] (171.1 ms)
INFO:root:[354,   116] grad_stats: [6.82e-05 2.25e-05] (1.25e-05, 6.96e-04)
INFO:root:[354,   232] loss: 5.339285e-03 masks: 21.2 17.6 [wd: 2.04e-01] [lr: 5.91e-04] [mem: 5.74e+03] (171.1 ms)
INFO:root:[354,   232] grad_stats: [9.61e-05 3.27e-05] (1.82e-05, 1.53e-03)
INFO:root:avg. loss 5.33928529e-03
INFO:root:time taken for epoch 0:00:53.512851
INFO:root:Epoch 355
INFO:root:[355,     0] loss: 5.848164e-03 masks: 20.0 16.0 [wd: 2.04e-01] [lr: 5.91e-04] [mem: 5.74e+03] (163.5 ms)
INFO:root:[355,     0] grad_stats: [1.44e-04 2.91e-05] (1.47e-05, 7.14e-04)
INFO:root:[355,   116] loss: 5.466688e-03 masks: 22.5 17.1 [wd: 2.05e-01] [lr: 5.90e-04] [mem: 5.74e+03] (173.4 ms)
INFO:root:[355,   116] grad_stats: [1.10e-04 2.51e-05] (1.33e-05, 6.63e-04)
INFO:root:[355,   232] loss: 5.461995e-03 masks: 21.8 17.3 [wd: 2.05e-01] [lr: 5.88e-04] [mem: 5.74e+03] (172.1 ms)
INFO:root:[355,   232] grad_stats: [1.10e-04 2.90e-05] (1.61e-05, 1.47e-03)
INFO:root:avg. loss 5.46199496e-03
INFO:root:time taken for epoch 0:00:53.817692
INFO:root:Epoch 356
INFO:root:[356,     0] loss: 4.981967e-03 masks: 18.0 20.0 [wd: 2.05e-01] [lr: 5.88e-04] [mem: 5.74e+03] (163.8 ms)
INFO:root:[356,     0] grad_stats: [1.47e-04 4.40e-05] (1.57e-05, 1.12e-03)
INFO:root:[356,   116] loss: 5.440003e-03 masks: 21.3 17.4 [wd: 2.05e-01] [lr: 5.87e-04] [mem: 5.74e+03] (170.6 ms)
INFO:root:[356,   116] grad_stats: [2.22e-04 3.46e-05] (1.48e-05, 6.19e-04)
INFO:root:[356,   232] loss: 5.417292e-03 masks: 21.9 17.3 [wd: 2.06e-01] [lr: 5.86e-04] [mem: 5.74e+03] (172.5 ms)
INFO:root:[356,   232] grad_stats: [1.56e-04 2.83e-05] (1.27e-05, 7.97e-04)
INFO:root:avg. loss 5.41729159e-03
INFO:root:time taken for epoch 0:00:53.874333
INFO:root:Epoch 357
INFO:root:[357,     0] loss: 5.483024e-03 masks: 28.0 16.0 [wd: 2.06e-01] [lr: 5.86e-04] [mem: 5.74e+03] (185.7 ms)
INFO:root:[357,     0] grad_stats: [1.78e-04 2.59e-05] (1.48e-05, 2.05e-03)
INFO:root:[357,   116] loss: 5.476659e-03 masks: 22.1 17.2 [wd: 2.06e-01] [lr: 5.85e-04] [mem: 5.74e+03] (172.5 ms)
INFO:root:[357,   116] grad_stats: [9.19e-05 3.21e-05] (1.59e-05, 9.76e-04)
INFO:root:[357,   232] loss: 5.463407e-03 masks: 22.4 17.1 [wd: 2.06e-01] [lr: 5.84e-04] [mem: 5.74e+03] (173.5 ms)
INFO:root:[357,   232] grad_stats: [1.56e-04 2.75e-05] (1.68e-05, 2.82e-03)
INFO:root:avg. loss 5.46340674e-03
INFO:root:time taken for epoch 0:00:54.113207
INFO:root:Epoch 358
INFO:root:[358,     0] loss: 5.397670e-03 masks: 20.0 20.0 [wd: 2.06e-01] [lr: 5.84e-04] [mem: 5.74e+03] (168.9 ms)
INFO:root:[358,     0] grad_stats: [3.55e-04 2.67e-05] (1.65e-05, 2.79e-03)
INFO:root:[358,   116] loss: 5.422273e-03 masks: 22.1 17.3 [wd: 2.07e-01] [lr: 5.83e-04] [mem: 5.74e+03] (172.8 ms)
INFO:root:[358,   116] grad_stats: [8.18e-05 3.20e-05] (1.73e-05, 7.09e-04)
INFO:root:[358,   232] loss: 5.361257e-03 masks: 22.3 17.3 [wd: 2.07e-01] [lr: 5.82e-04] [mem: 5.74e+03] (173.7 ms)
INFO:root:[358,   232] grad_stats: [2.05e-04 2.95e-05] (1.46e-05, 5.41e-04)
INFO:root:avg. loss 5.36125670e-03
INFO:root:time taken for epoch 0:00:54.167027
INFO:root:Epoch 359
INFO:root:[359,     0] loss: 5.847964e-03 masks: 20.0 16.0 [wd: 2.07e-01] [lr: 5.82e-04] [mem: 5.74e+03] (163.2 ms)
INFO:root:[359,     0] grad_stats: [1.29e-04 3.39e-05] (1.65e-05, 5.02e-04)
INFO:root:[359,   116] loss: 5.439569e-03 masks: 22.5 17.1 [wd: 2.08e-01] [lr: 5.81e-04] [mem: 5.74e+03] (173.7 ms)
INFO:root:[359,   116] grad_stats: [2.50e-04 2.63e-05] (1.31e-05, 7.37e-04)
INFO:root:[359,   232] loss: 5.431996e-03 masks: 22.0 17.3 [wd: 2.08e-01] [lr: 5.80e-04] [mem: 5.74e+03] (172.7 ms)
INFO:root:[359,   232] grad_stats: [2.27e-04 3.36e-05] (1.52e-05, 1.59e-03)
INFO:root:avg. loss 5.43199618e-03
INFO:root:time taken for epoch 0:00:53.853028
INFO:root:Epoch 360
INFO:root:[360,     0] loss: 5.606497e-03 masks: 12.0 20.0 [wd: 2.08e-01] [lr: 5.80e-04] [mem: 5.74e+03] (146.8 ms)
INFO:root:[360,     0] grad_stats: [1.39e-04 4.24e-05] (1.82e-05, 6.30e-04)
INFO:root:[360,   116] loss: 5.509676e-03 masks: 21.5 17.3 [wd: 2.08e-01] [lr: 5.79e-04] [mem: 5.74e+03] (170.9 ms)
INFO:root:[360,   116] grad_stats: [2.29e-04 3.43e-05] (1.52e-05, 9.60e-04)
INFO:root:[360,   232] loss: 5.434502e-03 masks: 21.7 17.4 [wd: 2.09e-01] [lr: 5.78e-04] [mem: 5.74e+03] (172.2 ms)
INFO:root:[360,   232] grad_stats: [1.24e-04 4.20e-05] (2.10e-05, 2.12e-03)
INFO:root:avg. loss 5.43450246e-03
INFO:root:	Epoch 360, KNN accuracy train: 7.36481e-01, KNN accuracy train: 6.08000e-01
INFO:root:time taken for epoch 0:01:36.204989
INFO:root:Epoch 361
INFO:root:[361,     0] loss: 6.176445e-03 masks: 23.0 16.0 [wd: 2.09e-01] [lr: 5.78e-04] [mem: 5.74e+03] (172.3 ms)
INFO:root:[361,     0] grad_stats: [1.75e-04 3.79e-05] (2.02e-05, 1.94e-03)
INFO:root:[361,   116] loss: 5.413243e-03 masks: 22.2 17.2 [wd: 2.09e-01] [lr: 5.76e-04] [mem: 5.74e+03] (172.4 ms)
INFO:root:[361,   116] grad_stats: [7.70e-05 2.84e-05] (1.21e-05, 1.02e-03)
INFO:root:[361,   232] loss: 5.429339e-03 masks: 22.6 17.0 [wd: 2.09e-01] [lr: 5.75e-04] [mem: 5.74e+03] (173.8 ms)
INFO:root:[361,   232] grad_stats: [1.07e-04 4.03e-05] (1.52e-05, 5.93e-04)
INFO:root:avg. loss 5.42933908e-03
INFO:root:time taken for epoch 0:00:54.191210
INFO:root:Epoch 362
INFO:root:[362,     0] loss: 5.424010e-03 masks: 26.0 16.0 [wd: 2.09e-01] [lr: 5.75e-04] [mem: 5.74e+03] (181.2 ms)
INFO:root:[362,     0] grad_stats: [1.35e-04 3.45e-05] (1.94e-05, 2.24e-03)
INFO:root:[362,   116] loss: 5.373865e-03 masks: 21.1 17.6 [wd: 2.10e-01] [lr: 5.74e-04] [mem: 5.74e+03] (170.6 ms)
INFO:root:[362,   116] grad_stats: [1.76e-04 2.20e-05] (1.35e-05, 6.66e-04)
INFO:root:[362,   232] loss: 5.396634e-03 masks: 21.5 17.4 [wd: 2.10e-01] [lr: 5.73e-04] [mem: 5.74e+03] (171.5 ms)
INFO:root:[362,   232] grad_stats: [9.56e-05 2.63e-05] (1.32e-05, 8.96e-04)
INFO:root:avg. loss 5.39663425e-03
INFO:root:time taken for epoch 0:00:53.666447
INFO:root:Epoch 363
INFO:root:[363,     0] loss: 5.699664e-03 masks: 12.0 20.0 [wd: 2.10e-01] [lr: 5.73e-04] [mem: 5.74e+03] (146.9 ms)
INFO:root:[363,     0] grad_stats: [1.80e-04 3.64e-05] (1.71e-05, 9.15e-04)
INFO:root:[363,   116] loss: 5.368463e-03 masks: 21.3 17.7 [wd: 2.11e-01] [lr: 5.72e-04] [mem: 5.74e+03] (170.8 ms)
INFO:root:[363,   116] grad_stats: [2.39e-04 5.49e-05] (2.15e-05, 2.94e-03)
INFO:root:[363,   232] loss: 5.363902e-03 masks: 21.4 17.6 [wd: 2.11e-01] [lr: 5.71e-04] [mem: 5.74e+03] (171.5 ms)
INFO:root:[363,   232] grad_stats: [1.37e-04 4.28e-05] (1.73e-05, 2.91e-03)
INFO:root:avg. loss 5.36390162e-03
INFO:root:time taken for epoch 0:00:53.625415
INFO:root:Epoch 364
INFO:root:[364,     0] loss: 4.441662e-03 masks: 20.0 20.0 [wd: 2.11e-01] [lr: 5.71e-04] [mem: 5.74e+03] (169.3 ms)
INFO:root:[364,     0] grad_stats: [9.05e-05 3.60e-05] (1.61e-05, 1.43e-03)
INFO:root:[364,   116] loss: 5.338172e-03 masks: 21.0 17.6 [wd: 2.11e-01] [lr: 5.70e-04] [mem: 5.74e+03] (169.9 ms)
INFO:root:[364,   116] grad_stats: [1.08e-04 3.30e-05] (1.56e-05, 6.33e-04)
INFO:root:[364,   232] loss: 5.386841e-03 masks: 21.2 17.5 [wd: 2.12e-01] [lr: 5.69e-04] [mem: 5.74e+03] (170.6 ms)
INFO:root:[364,   232] grad_stats: [1.13e-04 3.19e-05] (1.73e-05, 1.92e-03)
INFO:root:avg. loss 5.38684064e-03
INFO:root:time taken for epoch 0:00:53.455859
INFO:root:Epoch 365
INFO:root:[365,     0] loss: 4.825933e-03 masks: 20.0 20.0 [wd: 2.12e-01] [lr: 5.69e-04] [mem: 5.74e+03] (169.1 ms)
INFO:root:[365,     0] grad_stats: [1.13e-04 2.93e-05] (1.54e-05, 1.21e-03)
INFO:root:[365,   116] loss: 5.355783e-03 masks: 22.7 17.3 [wd: 2.12e-01] [lr: 5.68e-04] [mem: 5.74e+03] (174.3 ms)
INFO:root:[365,   116] grad_stats: [1.25e-04 4.42e-05] (2.05e-05, 2.87e-03)
INFO:root:[365,   232] loss: 5.337875e-03 masks: 22.3 17.3 [wd: 2.12e-01] [lr: 5.67e-04] [mem: 5.74e+03] (173.8 ms)
INFO:root:[365,   232] grad_stats: [9.33e-05 3.69e-05] (1.55e-05, 8.80e-04)
INFO:root:avg. loss 5.33787478e-03
INFO:root:time taken for epoch 0:00:54.270504
INFO:root:Epoch 366
INFO:root:[366,     0] loss: 5.086987e-03 masks: 28.0 16.0 [wd: 2.12e-01] [lr: 5.67e-04] [mem: 5.74e+03] (185.7 ms)
INFO:root:[366,     0] grad_stats: [1.68e-04 3.79e-05] (2.01e-05, 3.39e-03)
INFO:root:[366,   116] loss: 5.386378e-03 masks: 22.1 17.3 [wd: 2.13e-01] [lr: 5.66e-04] [mem: 5.74e+03] (172.8 ms)
INFO:root:[366,   116] grad_stats: [1.17e-04 3.27e-05] (1.55e-05, 1.97e-03)
INFO:root:[366,   232] loss: 5.386589e-03 masks: 22.1 17.3 [wd: 2.13e-01] [lr: 5.64e-04] [mem: 5.74e+03] (173.0 ms)
INFO:root:[366,   232] grad_stats: [9.93e-05 2.54e-05] (1.55e-05, 1.80e-03)
INFO:root:avg. loss 5.38658932e-03
INFO:root:time taken for epoch 0:00:53.976103
INFO:root:Epoch 367
INFO:root:[367,     0] loss: 6.130910e-03 masks: 17.0 16.0 [wd: 2.13e-01] [lr: 5.64e-04] [mem: 5.74e+03] (155.3 ms)
INFO:root:[367,     0] grad_stats: [1.53e-04 3.95e-05] (1.90e-05, 1.14e-03)
INFO:root:[367,   116] loss: 5.398207e-03 masks: 22.1 17.3 [wd: 2.14e-01] [lr: 5.63e-04] [mem: 5.74e+03] (172.7 ms)
INFO:root:[367,   116] grad_stats: [1.58e-04 2.57e-05] (1.60e-05, 1.01e-03)
INFO:root:[367,   232] loss: 5.383148e-03 masks: 21.8 17.4 [wd: 2.14e-01] [lr: 5.62e-04] [mem: 5.74e+03] (172.4 ms)
INFO:root:[367,   232] grad_stats: [1.06e-04 3.46e-05] (1.65e-05, 6.01e-04)
INFO:root:avg. loss 5.38314789e-03
INFO:root:time taken for epoch 0:00:53.900869
INFO:root:Epoch 368
INFO:root:[368,     0] loss: 4.331528e-03 masks: 17.0 20.0 [wd: 2.14e-01] [lr: 5.62e-04] [mem: 5.74e+03] (161.2 ms)
INFO:root:[368,     0] grad_stats: [7.07e-05 3.74e-05] (1.53e-05, 1.52e-03)
INFO:root:[368,   116] loss: 5.461850e-03 masks: 22.0 17.1 [wd: 2.14e-01] [lr: 5.61e-04] [mem: 5.74e+03] (171.9 ms)
INFO:root:[368,   116] grad_stats: [1.11e-04 5.88e-05] (2.31e-05, 1.69e-03)
INFO:root:[368,   232] loss: 5.468330e-03 masks: 22.1 17.0 [wd: 2.15e-01] [lr: 5.60e-04] [mem: 5.74e+03] (172.7 ms)
INFO:root:[368,   232] grad_stats: [6.94e-05 3.56e-05] (1.78e-05, 8.13e-04)
INFO:root:avg. loss 5.46832978e-03
INFO:root:time taken for epoch 0:00:53.917302
INFO:root:Epoch 369
INFO:root:[369,     0] loss: 5.965409e-03 masks: 20.0 16.0 [wd: 2.15e-01] [lr: 5.60e-04] [mem: 5.74e+03] (164.2 ms)
INFO:root:[369,     0] grad_stats: [1.06e-04 4.50e-05] (2.10e-05, 1.55e-03)
INFO:root:[369,   116] loss: 5.386366e-03 masks: 21.7 17.4 [wd: 2.15e-01] [lr: 5.59e-04] [mem: 5.74e+03] (171.8 ms)
INFO:root:[369,   116] grad_stats: [2.61e-04 4.11e-05] (1.97e-05, 1.70e-03)
INFO:root:[369,   232] loss: 5.397130e-03 masks: 21.5 17.4 [wd: 2.15e-01] [lr: 5.58e-04] [mem: 5.74e+03] (171.4 ms)
INFO:root:[369,   232] grad_stats: [1.30e-04 2.48e-05] (1.50e-05, 1.26e-03)
INFO:root:avg. loss 5.39713024e-03
INFO:root:time taken for epoch 0:00:53.634562
INFO:root:Epoch 370
INFO:root:[370,     0] loss: 6.650687e-03 masks: 33.0 12.0 [wd: 2.15e-01] [lr: 5.58e-04] [mem: 5.74e+03] (192.7 ms)
INFO:root:[370,     0] grad_stats: [2.02e-04 4.63e-05] (2.65e-05, 4.39e-03)
INFO:root:[370,   116] loss: 5.437946e-03 masks: 22.7 16.9 [wd: 2.16e-01] [lr: 5.57e-04] [mem: 5.74e+03] (173.7 ms)
INFO:root:[370,   116] grad_stats: [8.52e-05 2.44e-05] (1.67e-05, 1.04e-03)
INFO:root:[370,   232] loss: 5.403849e-03 masks: 22.7 17.1 [wd: 2.16e-01] [lr: 5.56e-04] [mem: 5.74e+03] (174.2 ms)
INFO:root:[370,   232] grad_stats: [1.23e-04 3.94e-05] (1.84e-05, 5.43e-04)
INFO:root:avg. loss 5.40384887e-03
INFO:root:time taken for epoch 0:00:54.317801
INFO:root:Epoch 371
INFO:root:[371,     0] loss: 5.117133e-03 masks: 22.0 20.0 [wd: 2.16e-01] [lr: 5.56e-04] [mem: 5.74e+03] (175.6 ms)
INFO:root:[371,     0] grad_stats: [7.35e-05 2.85e-05] (1.17e-05, 1.40e-03)
INFO:root:[371,   116] loss: 5.396902e-03 masks: 22.1 17.1 [wd: 2.17e-01] [lr: 5.55e-04] [mem: 5.74e+03] (172.3 ms)
INFO:root:[371,   116] grad_stats: [1.12e-04 4.01e-05] (2.09e-05, 7.15e-04)
INFO:root:[371,   232] loss: 5.386887e-03 masks: 22.2 17.2 [wd: 2.17e-01] [lr: 5.53e-04] [mem: 5.74e+03] (173.2 ms)
INFO:root:[371,   232] grad_stats: [1.34e-04 2.86e-05] (1.94e-05, 9.38e-04)
INFO:root:avg. loss 5.38688714e-03
INFO:root:time taken for epoch 0:00:54.032739
INFO:root:Epoch 372
INFO:root:[372,     0] loss: 5.534230e-03 masks: 29.0 16.0 [wd: 2.17e-01] [lr: 5.53e-04] [mem: 5.74e+03] (188.2 ms)
INFO:root:[372,     0] grad_stats: [1.92e-04 2.25e-05] (1.56e-05, 4.92e-04)
INFO:root:[372,   116] loss: 5.353272e-03 masks: 22.5 17.2 [wd: 2.17e-01] [lr: 5.52e-04] [mem: 5.74e+03] (173.7 ms)
INFO:root:[372,   116] grad_stats: [1.45e-04 4.10e-05] (1.77e-05, 1.92e-03)
INFO:root:[372,   232] loss: 5.378174e-03 masks: 22.1 17.3 [wd: 2.18e-01] [lr: 5.51e-04] [mem: 5.74e+03] (173.1 ms)
INFO:root:[372,   232] grad_stats: [1.10e-04 2.85e-05] (1.81e-05, 2.22e-03)
INFO:root:avg. loss 5.37817407e-03
INFO:root:time taken for epoch 0:00:54.025457
INFO:root:Epoch 373
INFO:root:[373,     0] loss: 4.785687e-03 masks: 17.0 20.0 [wd: 2.18e-01] [lr: 5.51e-04] [mem: 5.74e+03] (160.4 ms)
INFO:root:[373,     0] grad_stats: [1.65e-04 3.53e-05] (1.62e-05, 4.83e-04)
INFO:root:[373,   116] loss: 5.475659e-03 masks: 22.2 17.1 [wd: 2.18e-01] [lr: 5.50e-04] [mem: 5.74e+03] (172.6 ms)
INFO:root:[373,   116] grad_stats: [1.87e-04 3.84e-05] (1.70e-05, 8.94e-04)
INFO:root:[373,   232] loss: 5.496600e-03 masks: 22.4 16.9 [wd: 2.18e-01] [lr: 5.49e-04] [mem: 5.74e+03] (173.3 ms)
INFO:root:[373,   232] grad_stats: [1.18e-04 3.20e-05] (1.69e-05, 1.34e-03)
INFO:root:avg. loss 5.49659981e-03
INFO:root:time taken for epoch 0:00:54.151418
INFO:root:Epoch 374
INFO:root:[374,     0] loss: 4.958719e-03 masks: 17.0 20.0 [wd: 2.18e-01] [lr: 5.49e-04] [mem: 5.74e+03] (158.7 ms)
INFO:root:[374,     0] grad_stats: [2.34e-04 3.48e-05] (1.62e-05, 1.57e-03)
INFO:root:[374,   116] loss: 5.422246e-03 masks: 21.5 17.4 [wd: 2.19e-01] [lr: 5.48e-04] [mem: 5.74e+03] (171.0 ms)
INFO:root:[374,   116] grad_stats: [1.86e-04 2.76e-05] (1.52e-05, 1.15e-03)
INFO:root:[374,   232] loss: 5.408200e-03 masks: 21.3 17.5 [wd: 2.19e-01] [lr: 5.47e-04] [mem: 5.74e+03] (171.2 ms)
INFO:root:[374,   232] grad_stats: [5.95e-05 3.21e-05] (1.44e-05, 6.49e-04)
INFO:root:avg. loss 5.40820027e-03
INFO:root:time taken for epoch 0:00:53.597712
INFO:root:Epoch 375
INFO:root:[375,     0] loss: 7.041018e-03 masks: 33.0 12.0 [wd: 2.19e-01] [lr: 5.47e-04] [mem: 5.74e+03] (193.5 ms)
INFO:root:[375,     0] grad_stats: [3.44e-04 5.35e-05] (2.63e-05, 3.14e-03)
INFO:root:[375,   116] loss: 5.505860e-03 masks: 23.3 16.7 [wd: 2.20e-01] [lr: 5.46e-04] [mem: 5.74e+03] (175.0 ms)
INFO:root:[375,   116] grad_stats: [1.12e-04 3.49e-05] (2.32e-05, 1.69e-03)
INFO:root:[375,   232] loss: 5.521822e-03 masks: 23.2 16.7 [wd: 2.20e-01] [lr: 5.45e-04] [mem: 5.74e+03] (175.3 ms)
INFO:root:[375,   232] grad_stats: [1.01e-04 3.02e-05] (1.44e-05, 9.84e-04)
INFO:root:avg. loss 5.52182170e-03
INFO:root:time taken for epoch 0:00:54.619560
INFO:root:Epoch 376
INFO:root:[376,     0] loss: 6.547130e-03 masks: 21.0 16.0 [wd: 2.20e-01] [lr: 5.45e-04] [mem: 5.74e+03] (166.0 ms)
INFO:root:[376,     0] grad_stats: [1.42e-04 5.44e-05] (1.98e-05, 2.79e-03)
INFO:root:[376,   116] loss: 5.482002e-03 masks: 22.2 17.0 [wd: 2.20e-01] [lr: 5.44e-04] [mem: 5.74e+03] (172.7 ms)
INFO:root:[376,   116] grad_stats: [1.29e-04 3.23e-05] (1.71e-05, 4.90e-04)
INFO:root:[376,   232] loss: 5.436043e-03 masks: 22.0 17.2 [wd: 2.21e-01] [lr: 5.42e-04] [mem: 5.74e+03] (172.6 ms)
INFO:root:[376,   232] grad_stats: [2.10e-04 3.09e-05] (1.85e-05, 1.58e-03)
INFO:root:avg. loss 5.43604280e-03
INFO:root:time taken for epoch 0:00:53.882199
INFO:root:Epoch 377
INFO:root:[377,     0] loss: 5.411255e-03 masks: 28.0 16.0 [wd: 2.21e-01] [lr: 5.42e-04] [mem: 5.74e+03] (187.3 ms)
INFO:root:[377,     0] grad_stats: [2.38e-04 4.38e-05] (1.84e-05, 2.21e-03)
INFO:root:[377,   116] loss: 5.516825e-03 masks: 23.1 16.7 [wd: 2.21e-01] [lr: 5.41e-04] [mem: 5.74e+03] (174.3 ms)
INFO:root:[377,   116] grad_stats: [8.30e-05 2.83e-05] (1.24e-05, 3.64e-04)
INFO:root:[377,   232] loss: 5.408451e-03 masks: 22.5 17.1 [wd: 2.22e-01] [lr: 5.40e-04] [mem: 5.74e+03] (173.9 ms)
INFO:root:[377,   232] grad_stats: [1.08e-04 4.64e-05] (2.04e-05, 8.18e-04)
INFO:root:avg. loss 5.40845090e-03
INFO:root:time taken for epoch 0:00:54.212761
INFO:root:Epoch 378
INFO:root:[378,     0] loss: 5.626958e-03 masks: 21.0 16.0 [wd: 2.22e-01] [lr: 5.40e-04] [mem: 5.74e+03] (165.5 ms)
INFO:root:[378,     0] grad_stats: [1.76e-04 3.52e-05] (1.94e-05, 1.28e-03)
INFO:root:[378,   116] loss: 5.463842e-03 masks: 21.6 17.2 [wd: 2.22e-01] [lr: 5.39e-04] [mem: 5.74e+03] (171.0 ms)
INFO:root:[378,   116] grad_stats: [1.29e-04 3.31e-05] (1.90e-05, 1.43e-03)
INFO:root:[378,   232] loss: 5.418318e-03 masks: 22.2 17.2 [wd: 2.22e-01] [lr: 5.38e-04] [mem: 5.74e+03] (173.4 ms)
INFO:root:[378,   232] grad_stats: [6.81e-05 2.91e-05] (1.27e-05, 1.06e-03)
INFO:root:avg. loss 5.41831772e-03
INFO:root:time taken for epoch 0:00:54.122049
INFO:root:Epoch 379
INFO:root:[379,     0] loss: 4.659220e-03 masks: 20.0 20.0 [wd: 2.22e-01] [lr: 5.38e-04] [mem: 5.74e+03] (170.1 ms)
INFO:root:[379,     0] grad_stats: [1.70e-04 2.43e-05] (1.39e-05, 1.44e-03)
INFO:root:[379,   116] loss: 5.457698e-03 masks: 22.0 17.2 [wd: 2.23e-01] [lr: 5.37e-04] [mem: 5.74e+03] (172.2 ms)
INFO:root:[379,   116] grad_stats: [8.41e-05 3.44e-05] (1.99e-05, 7.07e-04)
INFO:root:[379,   232] loss: 5.465999e-03 masks: 22.2 17.1 [wd: 2.23e-01] [lr: 5.36e-04] [mem: 5.74e+03] (173.1 ms)
INFO:root:[379,   232] grad_stats: [5.14e-04 3.80e-05] (1.97e-05, 1.00e-03)
INFO:root:avg. loss 5.46599903e-03
INFO:root:time taken for epoch 0:00:53.986902
INFO:root:Epoch 380
INFO:root:[380,     0] loss: 5.080557e-03 masks: 20.0 20.0 [wd: 2.23e-01] [lr: 5.36e-04] [mem: 5.74e+03] (169.6 ms)
INFO:root:[380,     0] grad_stats: [8.96e-05 2.76e-05] (1.36e-05, 7.16e-04)
INFO:root:[380,   116] loss: 5.542969e-03 masks: 22.8 16.7 [wd: 2.23e-01] [lr: 5.35e-04] [mem: 5.74e+03] (173.9 ms)
INFO:root:[380,   116] grad_stats: [1.13e-04 3.38e-05] (1.72e-05, 1.40e-03)
INFO:root:[380,   232] loss: 5.475536e-03 masks: 22.6 16.9 [wd: 2.24e-01] [lr: 5.34e-04] [mem: 5.74e+03] (174.0 ms)
INFO:root:[380,   232] grad_stats: [8.66e-05 3.72e-05] (2.06e-05, 8.07e-04)
INFO:root:avg. loss 5.47553586e-03
INFO:root:	Epoch 380, KNN accuracy train: 7.38412e-01, KNN accuracy train: 6.25000e-01
INFO:root:time taken for epoch 0:01:36.858380
INFO:root:Epoch 381
INFO:root:[381,     0] loss: 4.915321e-03 masks: 24.0 16.0 [wd: 2.24e-01] [lr: 5.34e-04] [mem: 5.74e+03] (176.0 ms)
INFO:root:[381,     0] grad_stats: [1.21e-04 3.06e-05] (1.73e-05, 8.03e-04)
INFO:root:[381,   116] loss: 5.383419e-03 masks: 21.7 17.5 [wd: 2.24e-01] [lr: 5.33e-04] [mem: 5.74e+03] (171.3 ms)
INFO:root:[381,   116] grad_stats: [1.30e-04 4.20e-05] (2.03e-05, 2.30e-03)
INFO:root:[381,   232] loss: 5.352180e-03 masks: 22.2 17.4 [wd: 2.25e-01] [lr: 5.31e-04] [mem: 5.74e+03] (173.1 ms)
INFO:root:[381,   232] grad_stats: [1.10e-04 4.34e-05] (2.17e-05, 1.18e-03)
INFO:root:avg. loss 5.35217953e-03
INFO:root:time taken for epoch 0:00:53.972493
INFO:root:Epoch 382
INFO:root:[382,     0] loss: 5.308831e-03 masks: 17.0 20.0 [wd: 2.25e-01] [lr: 5.31e-04] [mem: 5.74e+03] (159.6 ms)
INFO:root:[382,     0] grad_stats: [7.56e-05 2.79e-05] (1.69e-05, 1.10e-03)
INFO:root:[382,   116] loss: 5.454364e-03 masks: 23.4 16.9 [wd: 2.25e-01] [lr: 5.30e-04] [mem: 5.74e+03] (175.8 ms)
INFO:root:[382,   116] grad_stats: [1.00e-04 3.33e-05] (1.37e-05, 5.31e-04)
INFO:root:[382,   232] loss: 5.421911e-03 masks: 22.7 17.2 [wd: 2.25e-01] [lr: 5.29e-04] [mem: 5.74e+03] (174.6 ms)
INFO:root:[382,   232] grad_stats: [1.73e-04 3.87e-05] (1.82e-05, 7.20e-04)
INFO:root:avg. loss 5.42191054e-03
INFO:root:time taken for epoch 0:00:54.332270
INFO:root:Epoch 383
INFO:root:[383,     0] loss: 6.046593e-03 masks: 33.0 12.0 [wd: 2.25e-01] [lr: 5.29e-04] [mem: 5.74e+03] (193.4 ms)
INFO:root:[383,     0] grad_stats: [1.55e-04 5.76e-05] (2.74e-05, 1.24e-03)
INFO:root:[383,   116] loss: 5.439231e-03 masks: 21.6 17.5 [wd: 2.26e-01] [lr: 5.28e-04] [mem: 5.74e+03] (171.4 ms)
INFO:root:[383,   116] grad_stats: [1.71e-04 3.45e-05] (1.97e-05, 9.75e-04)
INFO:root:[383,   232] loss: 5.436561e-03 masks: 22.3 17.2 [wd: 2.26e-01] [lr: 5.27e-04] [mem: 5.74e+03] (173.5 ms)
INFO:root:[383,   232] grad_stats: [1.01e-04 4.21e-05] (1.69e-05, 9.58e-04)
INFO:root:avg. loss 5.43656068e-03
INFO:root:time taken for epoch 0:00:54.185412
INFO:root:Epoch 384
INFO:root:[384,     0] loss: 5.267250e-03 masks: 21.0 16.0 [wd: 2.26e-01] [lr: 5.27e-04] [mem: 5.74e+03] (164.4 ms)
INFO:root:[384,     0] grad_stats: [3.06e-04 4.20e-05] (1.77e-05, 8.24e-04)
INFO:root:[384,   116] loss: 5.429601e-03 masks: 21.9 17.1 [wd: 2.26e-01] [lr: 5.26e-04] [mem: 5.74e+03] (171.7 ms)
INFO:root:[384,   116] grad_stats: [1.88e-04 3.27e-05] (1.61e-05, 1.25e-03)
INFO:root:[384,   232] loss: 5.420290e-03 masks: 22.2 17.1 [wd: 2.27e-01] [lr: 5.25e-04] [mem: 5.74e+03] (173.0 ms)
INFO:root:[384,   232] grad_stats: [1.58e-04 3.89e-05] (1.74e-05, 7.85e-04)
INFO:root:avg. loss 5.42028986e-03
INFO:root:time taken for epoch 0:00:53.888793
INFO:root:Epoch 385
INFO:root:[385,     0] loss: 4.946325e-03 masks: 19.0 20.0 [wd: 2.27e-01] [lr: 5.25e-04] [mem: 5.74e+03] (165.6 ms)
INFO:root:[385,     0] grad_stats: [9.19e-05 2.89e-05] (1.60e-05, 7.61e-04)
INFO:root:[385,   116] loss: 5.319090e-03 masks: 21.5 17.8 [wd: 2.27e-01] [lr: 5.24e-04] [mem: 5.74e+03] (171.7 ms)
INFO:root:[385,   116] grad_stats: [1.42e-04 2.64e-05] (1.64e-05, 7.91e-04)
INFO:root:[385,   232] loss: 5.382461e-03 masks: 21.5 17.6 [wd: 2.28e-01] [lr: 5.23e-04] [mem: 5.74e+03] (171.8 ms)
INFO:root:[385,   232] grad_stats: [8.03e-05 2.88e-05] (1.31e-05, 5.53e-04)
INFO:root:avg. loss 5.38246120e-03
INFO:root:time taken for epoch 0:00:53.725363
INFO:root:Epoch 386
INFO:root:[386,     0] loss: 5.007008e-03 masks: 29.0 16.0 [wd: 2.28e-01] [lr: 5.23e-04] [mem: 5.74e+03] (188.8 ms)
INFO:root:[386,     0] grad_stats: [9.81e-05 3.07e-05] (1.52e-05, 5.62e-04)
INFO:root:[386,   116] loss: 5.387995e-03 masks: 22.0 17.3 [wd: 2.28e-01] [lr: 5.21e-04] [mem: 5.74e+03] (172.6 ms)
INFO:root:[386,   116] grad_stats: [6.81e-05 3.30e-05] (1.77e-05, 7.02e-04)
INFO:root:[386,   232] loss: 5.432859e-03 masks: 21.9 17.3 [wd: 2.28e-01] [lr: 5.20e-04] [mem: 5.74e+03] (172.5 ms)
INFO:root:[386,   232] grad_stats: [1.51e-04 3.44e-05] (1.87e-05, 7.14e-04)
INFO:root:avg. loss 5.43285870e-03
INFO:root:time taken for epoch 0:00:53.886867
INFO:root:Epoch 387
INFO:root:[387,     0] loss: 5.245388e-03 masks: 16.0 20.0 [wd: 2.28e-01] [lr: 5.20e-04] [mem: 5.74e+03] (159.5 ms)
INFO:root:[387,     0] grad_stats: [1.13e-04 3.54e-05] (1.90e-05, 1.32e-03)
INFO:root:[387,   116] loss: 5.359642e-03 masks: 21.6 17.5 [wd: 2.29e-01] [lr: 5.19e-04] [mem: 5.74e+03] (171.6 ms)
INFO:root:[387,   116] grad_stats: [2.30e-04 3.94e-05] (2.13e-05, 9.77e-04)
INFO:root:[387,   232] loss: 5.372754e-03 masks: 21.6 17.5 [wd: 2.29e-01] [lr: 5.18e-04] [mem: 5.74e+03] (172.2 ms)
INFO:root:[387,   232] grad_stats: [9.14e-05 3.30e-05] (1.98e-05, 4.94e-04)
INFO:root:avg. loss 5.37275401e-03
INFO:root:time taken for epoch 0:00:53.633096
INFO:root:Epoch 388
INFO:root:[388,     0] loss: 4.647937e-03 masks: 18.0 20.0 [wd: 2.29e-01] [lr: 5.18e-04] [mem: 5.74e+03] (162.6 ms)
INFO:root:[388,     0] grad_stats: [1.06e-04 3.60e-05] (1.54e-05, 6.94e-04)
INFO:root:[388,   116] loss: 5.358600e-03 masks: 21.6 17.4 [wd: 2.29e-01] [lr: 5.17e-04] [mem: 5.74e+03] (171.6 ms)
INFO:root:[388,   116] grad_stats: [1.35e-04 3.68e-05] (1.92e-05, 1.14e-03)
INFO:root:[388,   232] loss: 5.370319e-03 masks: 21.5 17.4 [wd: 2.30e-01] [lr: 5.16e-04] [mem: 5.74e+03] (171.8 ms)
INFO:root:[388,   232] grad_stats: [1.19e-04 4.42e-05] (2.01e-05, 1.73e-03)
INFO:root:avg. loss 5.37031859e-03
INFO:root:time taken for epoch 0:00:53.724211
INFO:root:Epoch 389
INFO:root:[389,     0] loss: 5.381458e-03 masks: 23.0 16.0 [wd: 2.30e-01] [lr: 5.16e-04] [mem: 5.74e+03] (171.1 ms)
INFO:root:[389,     0] grad_stats: [1.65e-04 4.28e-05] (2.23e-05, 3.11e-03)
INFO:root:[389,   116] loss: 5.472974e-03 masks: 21.3 17.3 [wd: 2.30e-01] [lr: 5.15e-04] [mem: 5.74e+03] (170.5 ms)
INFO:root:[389,   116] grad_stats: [1.49e-04 3.27e-05] (1.50e-05, 8.86e-04)
INFO:root:[389,   232] loss: 5.482210e-03 masks: 21.6 17.3 [wd: 2.31e-01] [lr: 5.14e-04] [mem: 5.74e+03] (171.7 ms)
INFO:root:[389,   232] grad_stats: [4.28e-04 3.45e-05] (2.55e-05, 1.51e-03)
INFO:root:avg. loss 5.48221000e-03
INFO:root:time taken for epoch 0:00:53.723091
INFO:root:Epoch 390
INFO:root:[390,     0] loss: 5.094477e-03 masks: 25.0 16.0 [wd: 2.31e-01] [lr: 5.14e-04] [mem: 5.74e+03] (175.4 ms)
INFO:root:[390,     0] grad_stats: [2.10e-04 3.24e-05] (1.78e-05, 9.83e-04)
INFO:root:[390,   116] loss: 5.414073e-03 masks: 22.1 17.2 [wd: 2.31e-01] [lr: 5.13e-04] [mem: 5.74e+03] (172.5 ms)
INFO:root:[390,   116] grad_stats: [9.36e-05 3.49e-05] (1.75e-05, 6.56e-04)
INFO:root:[390,   232] loss: 5.439608e-03 masks: 22.4 17.0 [wd: 2.31e-01] [lr: 5.12e-04] [mem: 5.74e+03] (173.5 ms)
INFO:root:[390,   232] grad_stats: [1.11e-04 3.81e-05] (2.01e-05, 1.91e-03)
INFO:root:avg. loss 5.43960826e-03
INFO:root:time taken for epoch 0:00:54.022069
INFO:root:Epoch 391
INFO:root:[391,     0] loss: 5.148070e-03 masks: 16.0 20.0 [wd: 2.31e-01] [lr: 5.12e-04] [mem: 5.74e+03] (159.2 ms)
INFO:root:[391,     0] grad_stats: [2.10e-04 3.33e-05] (1.88e-05, 3.62e-03)
INFO:root:[391,   116] loss: 5.419391e-03 masks: 21.8 17.4 [wd: 2.32e-01] [lr: 5.10e-04] [mem: 5.74e+03] (172.2 ms)
INFO:root:[391,   116] grad_stats: [1.11e-04 3.70e-05] (1.51e-05, 1.13e-03)
INFO:root:[391,   232] loss: 5.423453e-03 masks: 21.7 17.4 [wd: 2.32e-01] [lr: 5.09e-04] [mem: 5.74e+03] (172.1 ms)
INFO:root:[391,   232] grad_stats: [1.43e-04 3.55e-05] (2.24e-05, 8.52e-04)
INFO:root:avg. loss 5.42345294e-03
INFO:root:time taken for epoch 0:00:53.822248
INFO:root:Epoch 392
INFO:root:[392,     0] loss: 4.384134e-03 masks: 20.0 20.0 [wd: 2.32e-01] [lr: 5.09e-04] [mem: 5.74e+03] (168.3 ms)
INFO:root:[392,     0] grad_stats: [2.03e-04 2.73e-05] (1.36e-05, 4.85e-04)
INFO:root:[392,   116] loss: 5.387089e-03 masks: 22.2 17.2 [wd: 2.32e-01] [lr: 5.08e-04] [mem: 5.74e+03] (172.9 ms)
INFO:root:[392,   116] grad_stats: [8.07e-05 3.26e-05] (1.63e-05, 1.11e-03)
INFO:root:[392,   232] loss: 5.396980e-03 masks: 21.9 17.3 [wd: 2.33e-01] [lr: 5.07e-04] [mem: 5.74e+03] (172.6 ms)
INFO:root:[392,   232] grad_stats: [9.64e-05 4.19e-05] (2.21e-05, 7.32e-04)
INFO:root:avg. loss 5.39698037e-03
INFO:root:time taken for epoch 0:00:53.894993
INFO:root:Epoch 393
INFO:root:[393,     0] loss: 5.731349e-03 masks: 21.0 16.0 [wd: 2.33e-01] [lr: 5.07e-04] [mem: 5.74e+03] (166.9 ms)
INFO:root:[393,     0] grad_stats: [2.40e-04 3.78e-05] (2.04e-05, 1.34e-03)
INFO:root:[393,   116] loss: 5.374174e-03 masks: 21.9 17.4 [wd: 2.33e-01] [lr: 5.06e-04] [mem: 5.74e+03] (172.3 ms)
INFO:root:[393,   116] grad_stats: [6.15e-05 3.17e-05] (1.66e-05, 1.14e-03)
INFO:root:[393,   232] loss: 5.347343e-03 masks: 21.8 17.5 [wd: 2.34e-01] [lr: 5.05e-04] [mem: 5.74e+03] (172.6 ms)
INFO:root:[393,   232] grad_stats: [2.00e-04 3.92e-05] (1.81e-05, 7.22e-04)
INFO:root:avg. loss 5.34734345e-03
INFO:root:time taken for epoch 0:00:53.866049
INFO:root:Epoch 394
INFO:root:[394,     0] loss: 5.199245e-03 masks: 11.0 20.0 [wd: 2.34e-01] [lr: 5.05e-04] [mem: 5.74e+03] (143.3 ms)
INFO:root:[394,     0] grad_stats: [8.66e-05 3.82e-05] (1.73e-05, 1.10e-03)
INFO:root:[394,   116] loss: 5.360717e-03 masks: 21.7 17.5 [wd: 2.34e-01] [lr: 5.04e-04] [mem: 5.74e+03] (171.8 ms)
INFO:root:[394,   116] grad_stats: [1.20e-04 4.45e-05] (1.95e-05, 2.15e-03)
INFO:root:[394,   232] loss: 5.416589e-03 masks: 22.1 17.2 [wd: 2.34e-01] [lr: 5.03e-04] [mem: 5.74e+03] (172.9 ms)
INFO:root:[394,   232] grad_stats: [2.11e-04 3.29e-05] (1.80e-05, 1.03e-03)
INFO:root:avg. loss 5.41658902e-03
INFO:root:time taken for epoch 0:00:54.020316
INFO:root:Epoch 395
INFO:root:[395,     0] loss: 5.400097e-03 masks: 24.0 16.0 [wd: 2.34e-01] [lr: 5.03e-04] [mem: 5.74e+03] (174.3 ms)
INFO:root:[395,     0] grad_stats: [7.88e-05 2.79e-05] (1.76e-05, 8.83e-04)
INFO:root:[395,   116] loss: 5.341850e-03 masks: 21.0 17.7 [wd: 2.35e-01] [lr: 5.02e-04] [mem: 5.74e+03] (170.1 ms)
INFO:root:[395,   116] grad_stats: [1.56e-04 4.09e-05] (1.79e-05, 7.63e-04)
INFO:root:[395,   232] loss: 5.414091e-03 masks: 21.5 17.4 [wd: 2.35e-01] [lr: 5.01e-04] [mem: 5.74e+03] (171.4 ms)
INFO:root:[395,   232] grad_stats: [1.94e-04 3.25e-05] (1.71e-05, 1.35e-03)
INFO:root:avg. loss 5.41409056e-03
INFO:root:time taken for epoch 0:00:53.620849
INFO:root:Epoch 396
INFO:root:[396,     0] loss: 5.131461e-03 masks: 16.0 20.0 [wd: 2.35e-01] [lr: 5.00e-04] [mem: 5.74e+03] (157.5 ms)
INFO:root:[396,     0] grad_stats: [1.40e-04 3.85e-05] (2.14e-05, 1.42e-03)
INFO:root:[396,   116] loss: 5.477540e-03 masks: 22.7 16.9 [wd: 2.35e-01] [lr: 4.99e-04] [mem: 5.74e+03] (173.9 ms)
INFO:root:[396,   116] grad_stats: [2.65e-04 3.97e-05] (1.81e-05, 1.73e-03)
INFO:root:[396,   232] loss: 5.433729e-03 masks: 22.4 17.1 [wd: 2.36e-01] [lr: 4.98e-04] [mem: 5.74e+03] (173.7 ms)
INFO:root:[396,   232] grad_stats: [1.21e-04 3.65e-05] (1.96e-05, 1.03e-03)
INFO:root:avg. loss 5.43372884e-03
INFO:root:time taken for epoch 0:00:53.970269
INFO:root:Epoch 397
INFO:root:[397,     0] loss: 4.690035e-03 masks: 27.0 16.0 [wd: 2.36e-01] [lr: 4.98e-04] [mem: 5.74e+03] (183.5 ms)
INFO:root:[397,     0] grad_stats: [1.45e-04 3.11e-05] (1.69e-05, 1.95e-03)
INFO:root:[397,   116] loss: 5.481376e-03 masks: 21.1 17.4 [wd: 2.36e-01] [lr: 4.97e-04] [mem: 5.74e+03] (170.1 ms)
INFO:root:[397,   116] grad_stats: [1.35e-04 2.85e-05] (1.83e-05, 2.51e-03)
INFO:root:[397,   232] loss: 5.519099e-03 masks: 21.7 17.2 [wd: 2.37e-01] [lr: 4.96e-04] [mem: 5.74e+03] (171.8 ms)
INFO:root:[397,   232] grad_stats: [2.42e-04 3.34e-05] (1.82e-05, 9.67e-04)
INFO:root:avg. loss 5.51909921e-03
INFO:root:time taken for epoch 0:00:53.756673
INFO:root:Epoch 398
INFO:root:[398,     0] loss: 6.193268e-03 masks: 20.0 16.0 [wd: 2.37e-01] [lr: 4.96e-04] [mem: 5.74e+03] (161.2 ms)
INFO:root:[398,     0] grad_stats: [6.51e-04 4.65e-05] (1.76e-05, 9.99e-04)
INFO:root:[398,   116] loss: 5.402046e-03 masks: 21.6 17.4 [wd: 2.37e-01] [lr: 4.95e-04] [mem: 5.74e+03] (171.5 ms)
INFO:root:[398,   116] grad_stats: [1.45e-04 3.84e-05] (1.86e-05, 6.46e-04)
INFO:root:[398,   232] loss: 5.390643e-03 masks: 21.6 17.5 [wd: 2.37e-01] [lr: 4.94e-04] [mem: 5.74e+03] (172.1 ms)
INFO:root:[398,   232] grad_stats: [8.04e-05 3.36e-05] (1.87e-05, 7.98e-04)
INFO:root:avg. loss 5.39064256e-03
INFO:root:time taken for epoch 0:00:53.730606
INFO:root:Epoch 399
INFO:root:[399,     0] loss: 4.561760e-03 masks: 18.0 20.0 [wd: 2.37e-01] [lr: 4.94e-04] [mem: 5.74e+03] (165.0 ms)
INFO:root:[399,     0] grad_stats: [2.92e-04 3.43e-05] (1.72e-05, 8.71e-04)
INFO:root:[399,   116] loss: 5.501994e-03 masks: 22.3 17.1 [wd: 2.38e-01] [lr: 4.93e-04] [mem: 5.74e+03] (173.0 ms)
INFO:root:[399,   116] grad_stats: [1.16e-04 4.14e-05] (2.76e-05, 6.55e-04)
INFO:root:[399,   232] loss: 5.495758e-03 masks: 22.1 17.2 [wd: 2.38e-01] [lr: 4.92e-04] [mem: 5.74e+03] (173.2 ms)
INFO:root:[399,   232] grad_stats: [1.17e-04 4.41e-05] (2.05e-05, 9.85e-04)
INFO:root:avg. loss 5.49575831e-03
INFO:root:time taken for epoch 0:00:54.066519
INFO:root:Epoch 400
INFO:root:[400,     0] loss: 4.447924e-03 masks: 18.0 20.0 [wd: 2.38e-01] [lr: 4.92e-04] [mem: 5.74e+03] (164.7 ms)
INFO:root:[400,     0] grad_stats: [8.09e-05 2.89e-05] (1.55e-05, 1.17e-03)
INFO:root:[400,   116] loss: 5.336776e-03 masks: 20.7 17.8 [wd: 2.38e-01] [lr: 4.91e-04] [mem: 5.74e+03] (169.8 ms)
INFO:root:[400,   116] grad_stats: [2.53e-04 3.58e-05] (1.80e-05, 7.32e-04)
INFO:root:[400,   232] loss: 5.433438e-03 masks: 21.4 17.4 [wd: 2.39e-01] [lr: 4.89e-04] [mem: 5.74e+03] (171.3 ms)
INFO:root:[400,   232] grad_stats: [2.12e-04 3.45e-05] (1.50e-05, 1.33e-03)
INFO:root:avg. loss 5.43343753e-03
INFO:root:	Epoch 400, KNN accuracy train: 7.42132e-01, KNN accuracy train: 6.09333e-01
INFO:root:time taken for epoch 0:01:36.108227
INFO:root:Epoch 401
INFO:root:[401,     0] loss: 5.225168e-03 masks: 25.0 16.0 [wd: 2.39e-01] [lr: 4.89e-04] [mem: 5.74e+03] (177.1 ms)
INFO:root:[401,     0] grad_stats: [3.16e-04 3.48e-05] (2.00e-05, 6.27e-04)
INFO:root:[401,   116] loss: 5.315133e-03 masks: 20.5 17.9 [wd: 2.39e-01] [lr: 4.88e-04] [mem: 5.74e+03] (168.5 ms)
INFO:root:[401,   116] grad_stats: [8.42e-05 3.71e-05] (1.87e-05, 1.34e-03)
INFO:root:[401,   232] loss: 5.360660e-03 masks: 21.0 17.7 [wd: 2.40e-01] [lr: 4.87e-04] [mem: 5.74e+03] (170.2 ms)
INFO:root:[401,   232] grad_stats: [1.32e-04 3.28e-05] (1.84e-05, 7.87e-04)
INFO:root:avg. loss 5.36065991e-03
INFO:root:time taken for epoch 0:00:53.281214
INFO:root:Epoch 402
INFO:root:[402,     0] loss: 5.130675e-03 masks: 16.0 20.0 [wd: 2.40e-01] [lr: 4.87e-04] [mem: 5.74e+03] (155.5 ms)
INFO:root:[402,     0] grad_stats: [7.94e-05 3.87e-05] (1.76e-05, 5.97e-04)
INFO:root:[402,   116] loss: 5.302063e-03 masks: 21.5 17.6 [wd: 2.40e-01] [lr: 4.86e-04] [mem: 5.74e+03] (171.7 ms)
INFO:root:[402,   116] grad_stats: [3.95e-04 4.26e-05] (1.90e-05, 7.56e-04)
INFO:root:[402,   232] loss: 5.376192e-03 masks: 22.1 17.3 [wd: 2.40e-01] [lr: 4.85e-04] [mem: 5.74e+03] (173.0 ms)
INFO:root:[402,   232] grad_stats: [1.16e-04 3.07e-05] (1.80e-05, 1.85e-03)
INFO:root:avg. loss 5.37619155e-03
INFO:root:time taken for epoch 0:00:54.202965
INFO:root:Epoch 403
INFO:root:[403,     0] loss: 5.517283e-03 masks: 23.0 16.0 [wd: 2.40e-01] [lr: 4.85e-04] [mem: 5.74e+03] (171.0 ms)
INFO:root:[403,     0] grad_stats: [7.91e-05 3.73e-05] (2.26e-05, 9.28e-04)
INFO:root:[403,   116] loss: 5.400804e-03 masks: 20.9 17.7 [wd: 2.41e-01] [lr: 4.84e-04] [mem: 5.74e+03] (169.8 ms)
INFO:root:[403,   116] grad_stats: [7.94e-05 4.66e-05] (1.91e-05, 1.26e-03)
INFO:root:[403,   232] loss: 5.446433e-03 masks: 21.7 17.3 [wd: 2.41e-01] [lr: 4.83e-04] [mem: 5.74e+03] (172.1 ms)
INFO:root:[403,   232] grad_stats: [1.25e-04 3.93e-05] (2.00e-05, 6.18e-04)
INFO:root:avg. loss 5.44643263e-03
INFO:root:time taken for epoch 0:00:53.855376
INFO:root:Epoch 404
INFO:root:[404,     0] loss: 4.652926e-03 masks: 20.0 20.0 [wd: 2.41e-01] [lr: 4.83e-04] [mem: 5.74e+03] (168.2 ms)
INFO:root:[404,     0] grad_stats: [8.27e-05 3.29e-05] (1.86e-05, 6.56e-04)
INFO:root:[404,   116] loss: 5.361490e-03 masks: 21.3 17.5 [wd: 2.41e-01] [lr: 4.82e-04] [mem: 5.74e+03] (170.7 ms)
INFO:root:[404,   116] grad_stats: [1.48e-04 3.82e-05] (1.79e-05, 1.02e-03)
INFO:root:[404,   232] loss: 5.408241e-03 masks: 21.2 17.4 [wd: 2.42e-01] [lr: 4.81e-04] [mem: 5.74e+03] (170.9 ms)
INFO:root:[404,   232] grad_stats: [1.08e-04 2.89e-05] (1.82e-05, 1.50e-03)
INFO:root:avg. loss 5.40824141e-03
INFO:root:time taken for epoch 0:00:53.436356
INFO:root:Epoch 405
INFO:root:[405,     0] loss: 6.133918e-03 masks: 17.0 16.0 [wd: 2.42e-01] [lr: 4.81e-04] [mem: 5.74e+03] (154.6 ms)
INFO:root:[405,     0] grad_stats: [1.27e-04 4.56e-05] (2.32e-05, 1.38e-03)
INFO:root:[405,   116] loss: 5.367686e-03 masks: 22.1 17.3 [wd: 2.42e-01] [lr: 4.80e-04] [mem: 5.74e+03] (172.8 ms)
INFO:root:[405,   116] grad_stats: [1.01e-04 3.89e-05] (2.05e-05, 3.79e-03)
INFO:root:[405,   232] loss: 5.377717e-03 masks: 22.0 17.3 [wd: 2.43e-01] [lr: 4.78e-04] [mem: 5.74e+03] (172.8 ms)
INFO:root:[405,   232] grad_stats: [8.35e-05 2.88e-05] (1.67e-05, 1.09e-03)
INFO:root:avg. loss 5.37771745e-03
INFO:root:time taken for epoch 0:00:53.896725
INFO:root:Epoch 406
INFO:root:[406,     0] loss: 4.803711e-03 masks: 18.0 20.0 [wd: 2.43e-01] [lr: 4.78e-04] [mem: 5.74e+03] (161.8 ms)
INFO:root:[406,     0] grad_stats: [1.22e-04 3.86e-05] (1.72e-05, 9.23e-04)
INFO:root:[406,   116] loss: 5.324914e-03 masks: 21.8 17.4 [wd: 2.43e-01] [lr: 4.77e-04] [mem: 5.74e+03] (172.1 ms)
INFO:root:[406,   116] grad_stats: [7.80e-05 3.55e-05] (2.01e-05, 7.14e-04)
INFO:root:[406,   232] loss: 5.389896e-03 masks: 21.5 17.4 [wd: 2.43e-01] [lr: 4.76e-04] [mem: 5.74e+03] (171.7 ms)
INFO:root:[406,   232] grad_stats: [3.83e-04 4.91e-05] (2.12e-05, 8.00e-04)
INFO:root:avg. loss 5.38989643e-03
INFO:root:time taken for epoch 0:00:53.690717
INFO:root:Epoch 407
INFO:root:[407,     0] loss: 5.524256e-03 masks: 22.0 16.0 [wd: 2.43e-01] [lr: 4.76e-04] [mem: 5.74e+03] (170.7 ms)
INFO:root:[407,     0] grad_stats: [1.14e-04 3.51e-05] (2.05e-05, 2.01e-03)
INFO:root:[407,   116] loss: 5.390993e-03 masks: 22.0 17.3 [wd: 2.44e-01] [lr: 4.75e-04] [mem: 5.74e+03] (172.6 ms)
INFO:root:[407,   116] grad_stats: [2.21e-04 4.68e-05] (2.75e-05, 3.18e-03)
INFO:root:[407,   232] loss: 5.397590e-03 masks: 22.1 17.3 [wd: 2.44e-01] [lr: 4.74e-04] [mem: 5.74e+03] (173.2 ms)
INFO:root:[407,   232] grad_stats: [8.33e-05 4.63e-05] (2.19e-05, 8.34e-04)
INFO:root:avg. loss 5.39758956e-03
INFO:root:time taken for epoch 0:00:54.061722
INFO:root:Epoch 408
INFO:root:[408,     0] loss: 5.226446e-03 masks: 15.0 20.0 [wd: 2.44e-01] [lr: 4.74e-04] [mem: 5.74e+03] (154.8 ms)
INFO:root:[408,     0] grad_stats: [7.31e-05 3.93e-05] (1.98e-05, 9.15e-04)
INFO:root:[408,   116] loss: 5.398807e-03 masks: 22.4 17.2 [wd: 2.44e-01] [lr: 4.73e-04] [mem: 5.74e+03] (173.5 ms)
INFO:root:[408,   116] grad_stats: [9.75e-05 2.63e-05] (1.84e-05, 1.33e-03)
INFO:root:[408,   232] loss: 5.413680e-03 masks: 22.2 17.1 [wd: 2.45e-01] [lr: 4.72e-04] [mem: 5.74e+03] (173.3 ms)
INFO:root:[408,   232] grad_stats: [1.17e-04 3.19e-05] (2.09e-05, 1.18e-03)
INFO:root:avg. loss 5.41368031e-03
INFO:root:time taken for epoch 0:00:54.024733
INFO:root:Epoch 409
INFO:root:[409,     0] loss: 5.124342e-03 masks: 17.0 20.0 [wd: 2.45e-01] [lr: 4.72e-04] [mem: 5.74e+03] (161.5 ms)
INFO:root:[409,     0] grad_stats: [6.79e-05 3.54e-05] (2.01e-05, 1.44e-03)
INFO:root:[409,   116] loss: 5.314031e-03 masks: 21.5 17.6 [wd: 2.45e-01] [lr: 4.71e-04] [mem: 5.74e+03] (171.5 ms)
INFO:root:[409,   116] grad_stats: [1.08e-04 3.88e-05] (1.91e-05, 8.99e-04)
INFO:root:[409,   232] loss: 5.282382e-03 masks: 21.3 17.7 [wd: 2.46e-01] [lr: 4.70e-04] [mem: 5.74e+03] (171.5 ms)
INFO:root:[409,   232] grad_stats: [1.76e-04 3.48e-05] (2.23e-05, 1.10e-03)
INFO:root:avg. loss 5.28238155e-03
INFO:root:time taken for epoch 0:00:53.610042
INFO:root:Epoch 410
INFO:root:[410,     0] loss: 5.523780e-03 masks: 18.0 20.0 [wd: 2.46e-01] [lr: 4.70e-04] [mem: 5.74e+03] (164.4 ms)
INFO:root:[410,     0] grad_stats: [1.22e-04 3.52e-05] (1.82e-05, 1.31e-03)
INFO:root:[410,   116] loss: 5.452713e-03 masks: 22.0 17.1 [wd: 2.46e-01] [lr: 4.68e-04] [mem: 5.74e+03] (172.2 ms)
INFO:root:[410,   116] grad_stats: [1.95e-04 3.72e-05] (2.60e-05, 2.54e-03)
INFO:root:[410,   232] loss: 5.424293e-03 masks: 22.2 17.2 [wd: 2.46e-01] [lr: 4.67e-04] [mem: 5.74e+03] (173.2 ms)
INFO:root:[410,   232] grad_stats: [9.77e-05 4.40e-05] (2.11e-05, 1.93e-03)
INFO:root:avg. loss 5.42429291e-03
INFO:root:time taken for epoch 0:00:54.033347
INFO:root:Epoch 411
INFO:root:[411,     0] loss: 6.143570e-03 masks: 17.0 16.0 [wd: 2.46e-01] [lr: 4.67e-04] [mem: 5.74e+03] (155.9 ms)
INFO:root:[411,     0] grad_stats: [2.25e-04 5.80e-05] (2.58e-05, 1.09e-03)
INFO:root:[411,   116] loss: 5.393645e-03 masks: 21.8 17.2 [wd: 2.47e-01] [lr: 4.66e-04] [mem: 5.74e+03] (171.8 ms)
INFO:root:[411,   116] grad_stats: [1.30e-04 3.82e-05] (2.26e-05, 1.19e-03)
INFO:root:[411,   232] loss: 5.412401e-03 masks: 22.1 17.2 [wd: 2.47e-01] [lr: 4.65e-04] [mem: 5.74e+03] (173.1 ms)
INFO:root:[411,   232] grad_stats: [9.30e-05 3.02e-05] (1.95e-05, 1.99e-03)
INFO:root:avg. loss 5.41240150e-03
INFO:root:time taken for epoch 0:00:54.090172
INFO:root:Epoch 412
INFO:root:[412,     0] loss: 5.724698e-03 masks: 24.0 16.0 [wd: 2.47e-01] [lr: 4.65e-04] [mem: 5.74e+03] (174.9 ms)
INFO:root:[412,     0] grad_stats: [1.37e-04 3.87e-05] (2.07e-05, 2.78e-03)
INFO:root:[412,   116] loss: 5.410381e-03 masks: 21.2 17.4 [wd: 2.47e-01] [lr: 4.64e-04] [mem: 5.74e+03] (170.4 ms)
INFO:root:[412,   116] grad_stats: [2.06e-04 3.41e-05] (2.32e-05, 6.01e-04)
INFO:root:[412,   232] loss: 5.415233e-03 masks: 21.5 17.3 [wd: 2.48e-01] [lr: 4.63e-04] [mem: 5.74e+03] (171.6 ms)
INFO:root:[412,   232] grad_stats: [1.17e-04 3.91e-05] (2.23e-05, 1.44e-03)
INFO:root:avg. loss 5.41523312e-03
INFO:root:time taken for epoch 0:00:53.681693
INFO:root:Epoch 413
INFO:root:[413,     0] loss: 6.303676e-03 masks: 35.0 12.0 [wd: 2.48e-01] [lr: 4.63e-04] [mem: 5.74e+03] (198.7 ms)
INFO:root:[413,     0] grad_stats: [1.30e-04 4.39e-05] (2.85e-05, 3.65e-03)
INFO:root:[413,   116] loss: 5.438376e-03 masks: 22.1 17.2 [wd: 2.48e-01] [lr: 4.62e-04] [mem: 5.74e+03] (172.6 ms)
INFO:root:[413,   116] grad_stats: [1.08e-04 3.44e-05] (1.71e-05, 8.82e-04)
INFO:root:[413,   232] loss: 5.409124e-03 masks: 21.9 17.2 [wd: 2.49e-01] [lr: 4.61e-04] [mem: 5.74e+03] (172.6 ms)
INFO:root:[413,   232] grad_stats: [1.99e-04 4.63e-05] (2.50e-05, 1.33e-03)
INFO:root:avg. loss 5.40912415e-03
INFO:root:time taken for epoch 0:00:53.912223
INFO:root:Epoch 414
INFO:root:[414,     0] loss: 5.012343e-03 masks: 20.0 20.0 [wd: 2.49e-01] [lr: 4.61e-04] [mem: 5.74e+03] (168.0 ms)
INFO:root:[414,     0] grad_stats: [1.57e-04 3.46e-05] (2.03e-05, 6.12e-04)
INFO:root:[414,   116] loss: 5.330081e-03 masks: 22.3 17.3 [wd: 2.49e-01] [lr: 4.60e-04] [mem: 5.74e+03] (173.3 ms)
INFO:root:[414,   116] grad_stats: [2.99e-04 4.58e-05] (2.31e-05, 7.98e-04)
INFO:root:[414,   232] loss: 5.364551e-03 masks: 22.1 17.3 [wd: 2.49e-01] [lr: 4.59e-04] [mem: 5.74e+03] (173.3 ms)
INFO:root:[414,   232] grad_stats: [1.45e-04 4.33e-05] (2.22e-05, 1.87e-03)
INFO:root:avg. loss 5.36455101e-03
INFO:root:time taken for epoch 0:00:54.048320
INFO:root:Epoch 415
INFO:root:[415,     0] loss: 5.752112e-03 masks: 17.0 20.0 [wd: 2.49e-01] [lr: 4.59e-04] [mem: 5.74e+03] (159.6 ms)
INFO:root:[415,     0] grad_stats: [9.51e-05 4.75e-05] (2.02e-05, 6.23e-04)
INFO:root:[415,   116] loss: 5.363257e-03 masks: 21.6 17.3 [wd: 2.50e-01] [lr: 4.57e-04] [mem: 5.74e+03] (171.4 ms)
INFO:root:[415,   116] grad_stats: [1.30e-04 3.97e-05] (2.12e-05, 1.95e-03)
INFO:root:[415,   232] loss: 5.383431e-03 masks: 22.2 17.2 [wd: 2.50e-01] [lr: 4.56e-04] [mem: 5.74e+03] (173.3 ms)
INFO:root:[415,   232] grad_stats: [1.41e-04 3.98e-05] (2.18e-05, 8.56e-04)
INFO:root:avg. loss 5.38343069e-03
INFO:root:time taken for epoch 0:00:54.053193
INFO:root:Epoch 416
INFO:root:[416,     0] loss: 4.073967e-03 masks: 19.0 20.0 [wd: 2.50e-01] [lr: 4.56e-04] [mem: 5.74e+03] (167.4 ms)
INFO:root:[416,     0] grad_stats: [9.65e-05 3.23e-05] (1.89e-05, 2.20e-03)
INFO:root:[416,   116] loss: 5.466443e-03 masks: 22.0 17.1 [wd: 2.50e-01] [lr: 4.55e-04] [mem: 5.74e+03] (172.2 ms)
INFO:root:[416,   116] grad_stats: [1.04e-04 4.21e-05] (2.06e-05, 1.24e-03)
INFO:root:[416,   232] loss: 5.454850e-03 masks: 21.9 17.1 [wd: 2.51e-01] [lr: 4.54e-04] [mem: 5.74e+03] (172.6 ms)
INFO:root:[416,   232] grad_stats: [1.60e-04 4.34e-05] (2.17e-05, 2.43e-03)
INFO:root:avg. loss 5.45484963e-03
INFO:root:time taken for epoch 0:00:53.910521
INFO:root:Epoch 417
INFO:root:[417,     0] loss: 4.784282e-03 masks: 19.0 20.0 [wd: 2.51e-01] [lr: 4.54e-04] [mem: 5.74e+03] (167.7 ms)
INFO:root:[417,     0] grad_stats: [7.35e-05 3.46e-05] (1.97e-05, 1.31e-03)
INFO:root:[417,   116] loss: 5.321443e-03 masks: 22.3 17.2 [wd: 2.51e-01] [lr: 4.53e-04] [mem: 5.74e+03] (173.3 ms)
INFO:root:[417,   116] grad_stats: [1.53e-04 4.23e-05] (2.80e-05, 9.44e-04)
INFO:root:[417,   232] loss: 5.410050e-03 masks: 22.1 17.2 [wd: 2.52e-01] [lr: 4.52e-04] [mem: 5.74e+03] (173.1 ms)
INFO:root:[417,   232] grad_stats: [8.79e-05 3.85e-05] (2.15e-05, 1.43e-03)
INFO:root:avg. loss 5.41004956e-03
INFO:root:time taken for epoch 0:00:53.953476
INFO:root:Epoch 418
INFO:root:[418,     0] loss: 5.183867e-03 masks: 25.0 16.0 [wd: 2.52e-01] [lr: 4.52e-04] [mem: 5.74e+03] (177.5 ms)
INFO:root:[418,     0] grad_stats: [1.05e-04 3.45e-05] (2.25e-05, 9.29e-04)
INFO:root:[418,   116] loss: 5.314636e-03 masks: 21.3 17.5 [wd: 2.52e-01] [lr: 4.51e-04] [mem: 5.74e+03] (170.9 ms)
INFO:root:[418,   116] grad_stats: [9.46e-05 4.50e-05] (2.19e-05, 5.74e-04)
INFO:root:[418,   232] loss: 5.314746e-03 masks: 21.2 17.6 [wd: 2.52e-01] [lr: 4.50e-04] [mem: 5.74e+03] (171.2 ms)
INFO:root:[418,   232] grad_stats: [1.18e-04 3.93e-05] (2.38e-05, 2.29e-03)
INFO:root:avg. loss 5.31474631e-03
INFO:root:time taken for epoch 0:00:53.629062
INFO:root:Epoch 419
INFO:root:[419,     0] loss: 6.002003e-03 masks: 21.0 16.0 [wd: 2.52e-01] [lr: 4.50e-04] [mem: 5.74e+03] (168.0 ms)
INFO:root:[419,     0] grad_stats: [8.00e-05 3.41e-05] (1.84e-05, 6.93e-04)
INFO:root:[419,   116] loss: 5.416839e-03 masks: 22.7 17.0 [wd: 2.53e-01] [lr: 4.49e-04] [mem: 5.74e+03] (174.1 ms)
INFO:root:[419,   116] grad_stats: [1.16e-04 2.90e-05] (1.95e-05, 2.79e-03)
INFO:root:[419,   232] loss: 5.394282e-03 masks: 22.7 17.1 [wd: 2.53e-01] [lr: 4.48e-04] [mem: 5.74e+03] (174.7 ms)
INFO:root:[419,   232] grad_stats: [3.24e-04 4.50e-05] (2.49e-05, 9.57e-04)
INFO:root:avg. loss 5.39428217e-03
INFO:root:time taken for epoch 0:00:54.329824
INFO:root:Epoch 420
INFO:root:[420,     0] loss: 5.047017e-03 masks: 14.0 20.0 [wd: 2.53e-01] [lr: 4.48e-04] [mem: 5.74e+03] (154.2 ms)
INFO:root:[420,     0] grad_stats: [1.03e-04 4.00e-05] (2.30e-05, 9.79e-04)
INFO:root:[420,   116] loss: 5.353232e-03 masks: 21.9 17.5 [wd: 2.53e-01] [lr: 4.46e-04] [mem: 5.74e+03] (172.6 ms)
INFO:root:[420,   116] grad_stats: [1.30e-04 4.00e-05] (2.48e-05, 2.16e-03)
INFO:root:[420,   232] loss: 5.358921e-03 masks: 21.5 17.6 [wd: 2.54e-01] [lr: 4.45e-04] [mem: 5.74e+03] (172.2 ms)
INFO:root:[420,   232] grad_stats: [2.01e-04 4.95e-05] (2.54e-05, 1.82e-03)
INFO:root:avg. loss 5.35892105e-03
INFO:root:	Epoch 420, KNN accuracy train: 7.45994e-01, KNN accuracy train: 6.13333e-01
INFO:root:time taken for epoch 0:01:36.429106
INFO:root:Epoch 421
INFO:root:[421,     0] loss: 4.314349e-03 masks: 21.0 20.0 [wd: 2.54e-01] [lr: 4.45e-04] [mem: 5.74e+03] (171.7 ms)
INFO:root:[421,     0] grad_stats: [1.70e-04 3.91e-05] (2.02e-05, 1.80e-03)
INFO:root:[421,   116] loss: 5.342121e-03 masks: 21.9 17.4 [wd: 2.54e-01] [lr: 4.44e-04] [mem: 5.74e+03] (171.7 ms)
INFO:root:[421,   116] grad_stats: [1.57e-04 3.39e-05] (2.26e-05, 4.50e-03)
INFO:root:[421,   232] loss: 5.353539e-03 masks: 21.7 17.4 [wd: 2.54e-01] [lr: 4.43e-04] [mem: 5.74e+03] (171.8 ms)
INFO:root:[421,   232] grad_stats: [1.46e-04 3.36e-05] (1.92e-05, 8.23e-04)
INFO:root:avg. loss 5.35353896e-03
INFO:root:time taken for epoch 0:00:53.711603
INFO:root:Epoch 422
INFO:root:[422,     0] loss: 4.758479e-03 masks: 27.0 16.0 [wd: 2.54e-01] [lr: 4.43e-04] [mem: 5.74e+03] (184.2 ms)
INFO:root:[422,     0] grad_stats: [1.87e-04 3.82e-05] (2.32e-05, 2.10e-03)
INFO:root:[422,   116] loss: 5.278749e-03 masks: 21.5 17.7 [wd: 2.55e-01] [lr: 4.42e-04] [mem: 5.74e+03] (171.4 ms)
INFO:root:[422,   116] grad_stats: [2.86e-04 4.72e-05] (2.36e-05, 1.56e-03)
INFO:root:[422,   232] loss: 5.282626e-03 masks: 21.3 17.7 [wd: 2.55e-01] [lr: 4.41e-04] [mem: 5.74e+03] (171.5 ms)
INFO:root:[422,   232] grad_stats: [1.17e-04 4.67e-05] (2.18e-05, 1.59e-03)
INFO:root:avg. loss 5.28262558e-03
INFO:root:time taken for epoch 0:00:53.632728
INFO:root:Epoch 423
INFO:root:[423,     0] loss: 4.528121e-03 masks: 22.0 20.0 [wd: 2.55e-01] [lr: 4.41e-04] [mem: 5.74e+03] (176.5 ms)
INFO:root:[423,     0] grad_stats: [7.49e-05 3.20e-05] (1.70e-05, 1.37e-03)
INFO:root:[423,   116] loss: 5.369391e-03 masks: 22.7 17.0 [wd: 2.56e-01] [lr: 4.40e-04] [mem: 5.74e+03] (174.1 ms)
INFO:root:[423,   116] grad_stats: [1.08e-04 5.10e-05] (2.05e-05, 8.29e-04)
INFO:root:[423,   232] loss: 5.417888e-03 masks: 22.4 17.1 [wd: 2.56e-01] [lr: 4.39e-04] [mem: 5.74e+03] (173.8 ms)
INFO:root:[423,   232] grad_stats: [1.16e-04 3.62e-05] (1.88e-05, 8.98e-04)
INFO:root:avg. loss 5.41788817e-03
INFO:root:time taken for epoch 0:00:54.268080
INFO:root:Epoch 424
INFO:root:[424,     0] loss: 4.247960e-03 masks: 20.0 20.0 [wd: 2.56e-01] [lr: 4.39e-04] [mem: 5.74e+03] (169.2 ms)
INFO:root:[424,     0] grad_stats: [1.77e-04 3.67e-05] (2.04e-05, 1.07e-03)
INFO:root:[424,   116] loss: 5.422816e-03 masks: 22.8 16.9 [wd: 2.56e-01] [lr: 4.38e-04] [mem: 5.74e+03] (174.2 ms)
INFO:root:[424,   116] grad_stats: [7.46e-05 3.40e-05] (1.97e-05, 1.65e-03)
INFO:root:[424,   232] loss: 5.391171e-03 masks: 22.1 17.2 [wd: 2.57e-01] [lr: 4.37e-04] [mem: 5.74e+03] (173.1 ms)
INFO:root:[424,   232] grad_stats: [2.19e-04 3.72e-05] (2.26e-05, 7.58e-04)
INFO:root:avg. loss 5.39117150e-03
INFO:root:time taken for epoch 0:00:54.036309
INFO:root:Epoch 425
INFO:root:[425,     0] loss: 4.638711e-03 masks: 16.0 20.0 [wd: 2.57e-01] [lr: 4.37e-04] [mem: 5.74e+03] (158.9 ms)
INFO:root:[425,     0] grad_stats: [7.59e-05 3.77e-05] (2.00e-05, 7.61e-04)
INFO:root:[425,   116] loss: 5.410805e-03 masks: 21.9 17.3 [wd: 2.57e-01] [lr: 4.35e-04] [mem: 5.74e+03] (172.1 ms)
INFO:root:[425,   116] grad_stats: [1.44e-04 5.04e-05] (2.38e-05, 1.09e-03)
INFO:root:[425,   232] loss: 5.418592e-03 masks: 22.3 17.2 [wd: 2.57e-01] [lr: 4.34e-04] [mem: 5.74e+03] (173.6 ms)
INFO:root:[425,   232] grad_stats: [1.27e-04 5.41e-05] (2.60e-05, 1.42e-03)
INFO:root:avg. loss 5.41859162e-03
INFO:root:time taken for epoch 0:00:54.163405
INFO:root:Epoch 426
INFO:root:[426,     0] loss: 5.201695e-03 masks: 19.0 20.0 [wd: 2.57e-01] [lr: 4.34e-04] [mem: 5.74e+03] (167.0 ms)
INFO:root:[426,     0] grad_stats: [1.36e-04 4.42e-05] (2.29e-05, 1.20e-03)
INFO:root:[426,   116] loss: 5.386065e-03 masks: 22.3 17.2 [wd: 2.58e-01] [lr: 4.33e-04] [mem: 5.74e+03] (173.3 ms)
INFO:root:[426,   116] grad_stats: [8.26e-05 2.75e-05] (1.60e-05, 1.14e-03)
INFO:root:[426,   232] loss: 5.357669e-03 masks: 22.0 17.3 [wd: 2.58e-01] [lr: 4.32e-04] [mem: 5.74e+03] (173.1 ms)
INFO:root:[426,   232] grad_stats: [8.29e-05 3.40e-05] (1.87e-05, 9.19e-04)
INFO:root:avg. loss 5.35766865e-03
INFO:root:time taken for epoch 0:00:54.038865
INFO:root:Epoch 427
INFO:root:[427,     0] loss: 5.283314e-03 masks: 25.0 16.0 [wd: 2.58e-01] [lr: 4.32e-04] [mem: 5.74e+03] (177.5 ms)
INFO:root:[427,     0] grad_stats: [8.99e-05 3.58e-05] (1.99e-05, 5.98e-04)
INFO:root:[427,   116] loss: 5.437191e-03 masks: 21.8 17.1 [wd: 2.59e-01] [lr: 4.31e-04] [mem: 5.74e+03] (171.7 ms)
INFO:root:[427,   116] grad_stats: [1.86e-04 4.67e-05] (2.45e-05, 8.72e-04)
INFO:root:[427,   232] loss: 5.399921e-03 masks: 21.6 17.3 [wd: 2.59e-01] [lr: 4.30e-04] [mem: 5.74e+03] (172.0 ms)
INFO:root:[427,   232] grad_stats: [1.10e-04 3.87e-05] (2.37e-05, 6.91e-04)
INFO:root:avg. loss 5.39992051e-03
INFO:root:time taken for epoch 0:00:53.738427
INFO:root:Epoch 428
INFO:root:[428,     0] loss: 5.831919e-03 masks: 33.0 12.0 [wd: 2.59e-01] [lr: 4.30e-04] [mem: 5.74e+03] (193.4 ms)
INFO:root:[428,     0] grad_stats: [1.62e-04 4.25e-05] (2.68e-05, 1.01e-03)
INFO:root:[428,   116] loss: 5.356748e-03 masks: 22.4 17.2 [wd: 2.59e-01] [lr: 4.29e-04] [mem: 5.74e+03] (173.8 ms)
INFO:root:[428,   116] grad_stats: [8.83e-05 3.54e-05] (2.15e-05, 7.31e-04)
INFO:root:[428,   232] loss: 5.317543e-03 masks: 21.4 17.7 [wd: 2.60e-01] [lr: 4.28e-04] [mem: 5.74e+03] (171.8 ms)
INFO:root:[428,   232] grad_stats: [1.00e-04 4.78e-05] (2.25e-05, 7.05e-04)
INFO:root:avg. loss 5.31754265e-03
INFO:root:time taken for epoch 0:00:53.754746
INFO:root:Epoch 429
INFO:root:[429,     0] loss: 4.634066e-03 masks: 18.0 20.0 [wd: 2.60e-01] [lr: 4.28e-04] [mem: 5.74e+03] (164.2 ms)
INFO:root:[429,     0] grad_stats: [9.12e-05 4.86e-05] (2.18e-05, 7.49e-04)
INFO:root:[429,   116] loss: 5.467964e-03 masks: 22.4 17.0 [wd: 2.60e-01] [lr: 4.27e-04] [mem: 5.74e+03] (173.1 ms)
INFO:root:[429,   116] grad_stats: [1.16e-04 4.82e-05] (2.62e-05, 1.74e-03)
INFO:root:[429,   232] loss: 5.482451e-03 masks: 22.7 16.8 [wd: 2.60e-01] [lr: 4.26e-04] [mem: 5.74e+03] (174.3 ms)
INFO:root:[429,   232] grad_stats: [2.10e-04 3.34e-05] (2.23e-05, 1.75e-03)
INFO:root:avg. loss 5.48245110e-03
INFO:root:time taken for epoch 0:00:54.298736
INFO:root:Epoch 430
INFO:root:[430,     0] loss: 4.881400e-03 masks: 19.0 20.0 [wd: 2.60e-01] [lr: 4.26e-04] [mem: 5.74e+03] (167.6 ms)
INFO:root:[430,     0] grad_stats: [1.11e-04 4.01e-05] (2.26e-05, 2.63e-03)
INFO:root:[430,   116] loss: 5.322953e-03 masks: 21.4 17.6 [wd: 2.61e-01] [lr: 4.25e-04] [mem: 5.74e+03] (171.4 ms)
INFO:root:[430,   116] grad_stats: [6.30e-05 3.78e-05] (2.22e-05, 1.57e-03)
INFO:root:[430,   232] loss: 5.385773e-03 masks: 21.5 17.4 [wd: 2.61e-01] [lr: 4.23e-04] [mem: 5.74e+03] (171.9 ms)
INFO:root:[430,   232] grad_stats: [1.28e-04 3.43e-05] (1.86e-05, 9.02e-04)
INFO:root:avg. loss 5.38577344e-03
INFO:root:time taken for epoch 0:00:53.733458
INFO:root:Epoch 431
INFO:root:[431,     0] loss: 5.659651e-03 masks: 26.0 16.0 [wd: 2.61e-01] [lr: 4.23e-04] [mem: 5.74e+03] (178.8 ms)
INFO:root:[431,     0] grad_stats: [1.58e-04 3.76e-05] (2.29e-05, 2.51e-03)
INFO:root:[431,   116] loss: 5.394260e-03 masks: 22.2 17.1 [wd: 2.61e-01] [lr: 4.22e-04] [mem: 5.74e+03] (172.5 ms)
INFO:root:[431,   116] grad_stats: [2.72e-04 3.64e-05] (2.22e-05, 9.76e-04)
INFO:root:[431,   232] loss: 5.417745e-03 masks: 22.2 17.1 [wd: 2.62e-01] [lr: 4.21e-04] [mem: 5.74e+03] (173.0 ms)
INFO:root:[431,   232] grad_stats: [2.43e-04 3.69e-05] (2.03e-05, 9.29e-04)
INFO:root:avg. loss 5.41774540e-03
INFO:root:time taken for epoch 0:00:54.079922
INFO:root:Epoch 432
INFO:root:[432,     0] loss: 5.574517e-03 masks: 24.0 16.0 [wd: 2.62e-01] [lr: 4.21e-04] [mem: 5.74e+03] (175.1 ms)
INFO:root:[432,     0] grad_stats: [1.07e-04 4.90e-05] (2.53e-05, 2.33e-03)
INFO:root:[432,   116] loss: 5.450759e-03 masks: 22.3 17.1 [wd: 2.62e-01] [lr: 4.20e-04] [mem: 5.74e+03] (173.1 ms)
INFO:root:[432,   116] grad_stats: [3.50e-04 5.59e-05] (2.99e-05, 2.68e-03)
INFO:root:[432,   232] loss: 5.469719e-03 masks: 22.2 17.1 [wd: 2.63e-01] [lr: 4.19e-04] [mem: 5.74e+03] (173.3 ms)
INFO:root:[432,   232] grad_stats: [2.35e-04 6.25e-05] (2.58e-05, 2.59e-03)
INFO:root:avg. loss 5.46971888e-03
INFO:root:time taken for epoch 0:00:54.032653
INFO:root:Epoch 433
INFO:root:[433,     0] loss: 4.993463e-03 masks: 25.0 16.0 [wd: 2.63e-01] [lr: 4.19e-04] [mem: 5.74e+03] (178.1 ms)
INFO:root:[433,     0] grad_stats: [1.78e-04 4.61e-05] (2.69e-05, 1.54e-03)
INFO:root:[433,   116] loss: 5.359357e-03 masks: 21.4 17.5 [wd: 2.63e-01] [lr: 4.18e-04] [mem: 5.74e+03] (171.1 ms)
INFO:root:[433,   116] grad_stats: [3.74e-04 4.78e-05] (2.48e-05, 8.54e-04)
INFO:root:[433,   232] loss: 5.380367e-03 masks: 21.8 17.3 [wd: 2.63e-01] [lr: 4.17e-04] [mem: 5.74e+03] (172.5 ms)
INFO:root:[433,   232] grad_stats: [1.25e-04 3.72e-05] (2.13e-05, 1.33e-03)
INFO:root:avg. loss 5.38036701e-03
INFO:root:time taken for epoch 0:00:53.902757
INFO:root:Epoch 434
INFO:root:[434,     0] loss: 5.069168e-03 masks: 27.0 16.0 [wd: 2.63e-01] [lr: 4.17e-04] [mem: 5.74e+03] (183.7 ms)
INFO:root:[434,     0] grad_stats: [1.24e-04 4.33e-05] (2.53e-05, 1.72e-03)
INFO:root:[434,   116] loss: 5.382012e-03 masks: 22.0 17.3 [wd: 2.64e-01] [lr: 4.16e-04] [mem: 5.74e+03] (172.5 ms)
INFO:root:[434,   116] grad_stats: [7.62e-05 4.17e-05] (2.19e-05, 4.79e-04)
INFO:root:[434,   232] loss: 5.425740e-03 masks: 22.0 17.2 [wd: 2.64e-01] [lr: 4.15e-04] [mem: 5.74e+03] (172.8 ms)
INFO:root:[434,   232] grad_stats: [2.18e-04 4.11e-05] (2.43e-05, 2.50e-03)
INFO:root:avg. loss 5.42573973e-03
INFO:root:time taken for epoch 0:00:53.932046
INFO:root:Epoch 435
INFO:root:[435,     0] loss: 5.162783e-03 masks: 18.0 20.0 [wd: 2.64e-01] [lr: 4.15e-04] [mem: 5.74e+03] (164.3 ms)
INFO:root:[435,     0] grad_stats: [1.06e-04 3.88e-05] (1.98e-05, 1.27e-03)
INFO:root:[435,   116] loss: 5.326370e-03 masks: 22.3 17.3 [wd: 2.64e-01] [lr: 4.14e-04] [mem: 5.74e+03] (173.4 ms)
INFO:root:[435,   116] grad_stats: [1.21e-04 5.56e-05] (2.33e-05, 6.34e-04)
INFO:root:[435,   232] loss: 5.400740e-03 masks: 22.2 17.2 [wd: 2.65e-01] [lr: 4.13e-04] [mem: 5.74e+03] (173.6 ms)
INFO:root:[435,   232] grad_stats: [1.39e-04 4.56e-05] (2.65e-05, 1.65e-03)
INFO:root:avg. loss 5.40074049e-03
INFO:root:time taken for epoch 0:00:54.106199
INFO:root:Epoch 436
INFO:root:[436,     0] loss: 4.678143e-03 masks: 20.0 20.0 [wd: 2.65e-01] [lr: 4.13e-04] [mem: 5.74e+03] (169.2 ms)
INFO:root:[436,     0] grad_stats: [1.76e-04 4.21e-05] (2.45e-05, 2.74e-03)
INFO:root:[436,   116] loss: 5.442142e-03 masks: 22.8 16.9 [wd: 2.65e-01] [lr: 4.11e-04] [mem: 5.74e+03] (174.3 ms)
INFO:root:[436,   116] grad_stats: [8.79e-05 4.60e-05] (2.58e-05, 2.53e-03)
INFO:root:[436,   232] loss: 5.383597e-03 masks: 22.4 17.2 [wd: 2.65e-01] [lr: 4.10e-04] [mem: 5.74e+03] (173.8 ms)
INFO:root:[436,   232] grad_stats: [9.44e-05 4.30e-05] (2.30e-05, 9.39e-04)
INFO:root:avg. loss 5.38359744e-03
INFO:root:time taken for epoch 0:00:54.198768
INFO:root:Epoch 437
INFO:root:[437,     0] loss: 4.999815e-03 masks: 19.0 20.0 [wd: 2.65e-01] [lr: 4.10e-04] [mem: 5.74e+03] (167.8 ms)
INFO:root:[437,     0] grad_stats: [1.59e-04 3.49e-05] (2.03e-05, 5.32e-04)
INFO:root:[437,   116] loss: 5.420997e-03 masks: 22.1 17.1 [wd: 2.66e-01] [lr: 4.09e-04] [mem: 5.74e+03] (172.5 ms)
INFO:root:[437,   116] grad_stats: [1.63e-04 4.32e-05] (2.41e-05, 2.28e-03)
INFO:root:[437,   232] loss: 5.414964e-03 masks: 22.2 17.2 [wd: 2.66e-01] [lr: 4.08e-04] [mem: 5.74e+03] (173.3 ms)
INFO:root:[437,   232] grad_stats: [1.06e-04 4.52e-05] (2.12e-05, 1.00e-03)
INFO:root:avg. loss 5.41496353e-03
INFO:root:time taken for epoch 0:00:54.053720
INFO:root:Epoch 438
INFO:root:[438,     0] loss: 4.356319e-03 masks: 19.0 20.0 [wd: 2.66e-01] [lr: 4.08e-04] [mem: 5.74e+03] (167.3 ms)
INFO:root:[438,     0] grad_stats: [1.18e-04 4.46e-05] (2.04e-05, 8.04e-04)
INFO:root:[438,   116] loss: 5.273163e-03 masks: 22.4 17.4 [wd: 2.67e-01] [lr: 4.07e-04] [mem: 5.74e+03] (173.8 ms)
INFO:root:[438,   116] grad_stats: [1.38e-04 3.46e-05] (1.70e-05, 7.38e-04)
INFO:root:[438,   232] loss: 5.336946e-03 masks: 21.9 17.4 [wd: 2.67e-01] [lr: 4.06e-04] [mem: 5.74e+03] (172.7 ms)
INFO:root:[438,   232] grad_stats: [1.13e-04 4.67e-05] (2.17e-05, 2.66e-03)
INFO:root:avg. loss 5.33694617e-03
INFO:root:time taken for epoch 0:00:53.959485
INFO:root:Epoch 439
INFO:root:[439,     0] loss: 4.937501e-03 masks: 27.0 16.0 [wd: 2.67e-01] [lr: 4.06e-04] [mem: 5.74e+03] (185.0 ms)
INFO:root:[439,     0] grad_stats: [1.24e-04 4.31e-05] (2.37e-05, 2.09e-03)
INFO:root:[439,   116] loss: 5.306432e-03 masks: 22.1 17.4 [wd: 2.67e-01] [lr: 4.05e-04] [mem: 5.74e+03] (172.9 ms)
INFO:root:[439,   116] grad_stats: [1.74e-04 4.44e-05] (2.44e-05, 1.35e-03)
INFO:root:[439,   232] loss: 5.350532e-03 masks: 21.9 17.4 [wd: 2.68e-01] [lr: 4.04e-04] [mem: 5.74e+03] (173.0 ms)
INFO:root:[439,   232] grad_stats: [3.60e-04 3.68e-05] (2.12e-05, 1.61e-03)
INFO:root:avg. loss 5.35053221e-03
INFO:root:time taken for epoch 0:00:54.009224
INFO:root:Epoch 440
INFO:root:[440,     0] loss: 5.128142e-03 masks: 26.0 16.0 [wd: 2.68e-01] [lr: 4.04e-04] [mem: 5.74e+03] (179.4 ms)
INFO:root:[440,     0] grad_stats: [1.08e-04 4.43e-05] (2.74e-05, 1.68e-03)
INFO:root:[440,   116] loss: 5.395758e-03 masks: 21.6 17.4 [wd: 2.68e-01] [lr: 4.03e-04] [mem: 5.74e+03] (171.6 ms)
INFO:root:[440,   116] grad_stats: [1.22e-04 4.49e-05] (2.22e-05, 2.68e-03)
INFO:root:[440,   232] loss: 5.398506e-03 masks: 21.7 17.4 [wd: 2.68e-01] [lr: 4.02e-04] [mem: 5.74e+03] (172.2 ms)
INFO:root:[440,   232] grad_stats: [1.62e-04 4.63e-05] (2.31e-05, 1.24e-03)
INFO:root:avg. loss 5.39850579e-03
INFO:root:	Epoch 440, KNN accuracy train: 7.54793e-01, KNN accuracy train: 6.19000e-01
INFO:root:time taken for epoch 0:01:36.365954
INFO:root:Epoch 441
INFO:root:[441,     0] loss: 6.385972e-03 masks: 35.0 12.0 [wd: 2.68e-01] [lr: 4.02e-04] [mem: 5.74e+03] (198.7 ms)
INFO:root:[441,     0] grad_stats: [1.17e-04 4.28e-05] (2.77e-05, 1.06e-03)
INFO:root:[441,   116] loss: 5.403383e-03 masks: 22.1 17.2 [wd: 2.69e-01] [lr: 4.01e-04] [mem: 5.74e+03] (171.9 ms)
INFO:root:[441,   116] grad_stats: [1.58e-04 4.83e-05] (2.73e-05, 1.06e-03)
INFO:root:[441,   232] loss: 5.402987e-03 masks: 21.9 17.3 [wd: 2.69e-01] [lr: 4.00e-04] [mem: 5.74e+03] (172.2 ms)
INFO:root:[441,   232] grad_stats: [1.45e-04 4.09e-05] (2.38e-05, 9.69e-04)
INFO:root:avg. loss 5.40298721e-03
INFO:root:time taken for epoch 0:00:53.820222
INFO:root:Epoch 442
INFO:root:[442,     0] loss: 5.569171e-03 masks: 24.0 16.0 [wd: 2.69e-01] [lr: 4.00e-04] [mem: 5.74e+03] (175.7 ms)
INFO:root:[442,     0] grad_stats: [1.05e-04 4.15e-05] (2.65e-05, 1.20e-03)
INFO:root:[442,   116] loss: 5.385410e-03 masks: 21.4 17.4 [wd: 2.69e-01] [lr: 3.98e-04] [mem: 5.74e+03] (171.0 ms)
INFO:root:[442,   116] grad_stats: [2.27e-04 4.53e-05] (2.46e-05, 1.03e-03)
INFO:root:[442,   232] loss: 5.364285e-03 masks: 21.6 17.4 [wd: 2.70e-01] [lr: 3.97e-04] [mem: 5.74e+03] (172.1 ms)
INFO:root:[442,   232] grad_stats: [1.58e-04 4.98e-05] (3.06e-05, 8.12e-04)
INFO:root:avg. loss 5.36428504e-03
INFO:root:time taken for epoch 0:00:53.792388
INFO:root:Epoch 443
INFO:root:[443,     0] loss: 5.078014e-03 masks: 23.0 16.0 [wd: 2.70e-01] [lr: 3.97e-04] [mem: 5.74e+03] (171.2 ms)
INFO:root:[443,     0] grad_stats: [2.84e-04 4.09e-05] (2.42e-05, 1.43e-03)
INFO:root:[443,   116] loss: 5.322319e-03 masks: 22.7 17.2 [wd: 2.70e-01] [lr: 3.96e-04] [mem: 5.74e+03] (174.2 ms)
INFO:root:[443,   116] grad_stats: [2.15e-04 3.51e-05] (2.32e-05, 2.11e-03)
INFO:root:[443,   232] loss: 5.317317e-03 masks: 22.2 17.3 [wd: 2.71e-01] [lr: 3.95e-04] [mem: 5.74e+03] (173.4 ms)
INFO:root:[443,   232] grad_stats: [1.74e-04 4.76e-05] (2.79e-05, 2.73e-03)
INFO:root:avg. loss 5.31731670e-03
INFO:root:time taken for epoch 0:00:54.115571
INFO:root:Epoch 444
INFO:root:[444,     0] loss: 5.499480e-03 masks: 25.0 16.0 [wd: 2.71e-01] [lr: 3.95e-04] [mem: 5.74e+03] (176.8 ms)
INFO:root:[444,     0] grad_stats: [2.37e-04 4.37e-05] (2.72e-05, 1.50e-03)
INFO:root:[444,   116] loss: 5.386227e-03 masks: 21.6 17.3 [wd: 2.71e-01] [lr: 3.94e-04] [mem: 5.74e+03] (171.4 ms)
INFO:root:[444,   116] grad_stats: [6.46e-05 4.75e-05] (2.19e-05, 1.76e-03)
INFO:root:[444,   232] loss: 5.398624e-03 masks: 21.7 17.3 [wd: 2.71e-01] [lr: 3.93e-04] [mem: 5.74e+03] (172.0 ms)
INFO:root:[444,   232] grad_stats: [1.35e-04 6.15e-05] (3.95e-05, 1.20e-03)
INFO:root:avg. loss 5.39862358e-03
INFO:root:time taken for epoch 0:00:53.762020
INFO:root:Epoch 445
INFO:root:[445,     0] loss: 5.417272e-03 masks: 25.0 16.0 [wd: 2.71e-01] [lr: 3.93e-04] [mem: 5.74e+03] (177.6 ms)
INFO:root:[445,     0] grad_stats: [1.72e-04 5.21e-05] (2.88e-05, 1.82e-03)
INFO:root:[445,   116] loss: 5.415302e-03 masks: 22.0 17.3 [wd: 2.72e-01] [lr: 3.92e-04] [mem: 5.74e+03] (172.5 ms)
INFO:root:[445,   116] grad_stats: [1.29e-04 7.83e-05] (3.28e-05, 6.88e-04)
INFO:root:[445,   232] loss: 5.394929e-03 masks: 21.6 17.4 [wd: 2.72e-01] [lr: 3.91e-04] [mem: 5.74e+03] (171.9 ms)
INFO:root:[445,   232] grad_stats: [9.98e-05 4.15e-05] (2.34e-05, 7.14e-04)
INFO:root:avg. loss 5.39492930e-03
INFO:root:time taken for epoch 0:00:53.800897
INFO:root:Epoch 446
INFO:root:[446,     0] loss: 4.215132e-03 masks: 21.0 20.0 [wd: 2.72e-01] [lr: 3.91e-04] [mem: 5.74e+03] (173.5 ms)
INFO:root:[446,     0] grad_stats: [3.16e-04 4.05e-05] (2.44e-05, 1.05e-03)
INFO:root:[446,   116] loss: 5.342380e-03 masks: 21.5 17.7 [wd: 2.72e-01] [lr: 3.90e-04] [mem: 5.74e+03] (171.8 ms)
INFO:root:[446,   116] grad_stats: [9.86e-05 4.15e-05] (2.37e-05, 1.09e-03)
INFO:root:[446,   232] loss: 5.346693e-03 masks: 21.3 17.7 [wd: 2.73e-01] [lr: 3.89e-04] [mem: 5.74e+03] (171.6 ms)
INFO:root:[446,   232] grad_stats: [8.49e-05 3.39e-05] (2.04e-05, 1.13e-03)
INFO:root:avg. loss 5.34669260e-03
INFO:root:time taken for epoch 0:00:53.631877
INFO:root:Epoch 447
INFO:root:[447,     0] loss: 5.800859e-03 masks: 34.0 12.0 [wd: 2.73e-01] [lr: 3.89e-04] [mem: 5.74e+03] (194.9 ms)
INFO:root:[447,     0] grad_stats: [8.88e-05 5.32e-05] (2.92e-05, 1.27e-03)
INFO:root:[447,   116] loss: 5.390036e-03 masks: 22.4 17.3 [wd: 2.73e-01] [lr: 3.88e-04] [mem: 5.74e+03] (173.3 ms)
INFO:root:[447,   116] grad_stats: [1.09e-04 4.31e-05] (2.05e-05, 1.42e-03)
INFO:root:[447,   232] loss: 5.371822e-03 masks: 21.8 17.5 [wd: 2.73e-01] [lr: 3.87e-04] [mem: 5.74e+03] (172.6 ms)
INFO:root:[447,   232] grad_stats: [7.58e-05 5.03e-05] (2.66e-05, 1.06e-03)
INFO:root:avg. loss 5.37182214e-03
INFO:root:time taken for epoch 0:00:53.727334
INFO:root:Epoch 448
INFO:root:[448,     0] loss: 4.646610e-03 masks: 20.0 20.0 [wd: 2.73e-01] [lr: 3.87e-04] [mem: 5.74e+03] (168.4 ms)
INFO:root:[448,     0] grad_stats: [1.41e-04 3.84e-05] (2.30e-05, 1.63e-03)
INFO:root:[448,   116] loss: 5.387071e-03 masks: 21.7 17.3 [wd: 2.74e-01] [lr: 3.86e-04] [mem: 5.74e+03] (171.8 ms)
INFO:root:[448,   116] grad_stats: [1.96e-04 3.64e-05] (2.19e-05, 9.55e-04)
INFO:root:[448,   232] loss: 5.452718e-03 masks: 22.4 17.1 [wd: 2.74e-01] [lr: 3.84e-04] [mem: 5.74e+03] (173.6 ms)
INFO:root:[448,   232] grad_stats: [1.06e-04 4.63e-05] (2.93e-05, 1.03e-03)
INFO:root:avg. loss 5.45271759e-03
INFO:root:time taken for epoch 0:00:54.202280
INFO:root:Epoch 449
INFO:root:[449,     0] loss: 4.489896e-03 masks: 21.0 20.0 [wd: 2.74e-01] [lr: 3.84e-04] [mem: 5.74e+03] (170.5 ms)
INFO:root:[449,     0] grad_stats: [1.50e-04 4.57e-05] (2.38e-05, 1.73e-03)
INFO:root:[449,   116] loss: 5.458165e-03 masks: 23.1 16.9 [wd: 2.75e-01] [lr: 3.83e-04] [mem: 5.74e+03] (175.0 ms)
INFO:root:[449,   116] grad_stats: [1.78e-04 5.13e-05] (3.12e-05, 1.31e-03)
INFO:root:[449,   232] loss: 5.425089e-03 masks: 22.4 17.2 [wd: 2.75e-01] [lr: 3.82e-04] [mem: 5.74e+03] (173.9 ms)
INFO:root:[449,   232] grad_stats: [8.63e-05 3.99e-05] (2.19e-05, 1.55e-03)
INFO:root:avg. loss 5.42508896e-03
INFO:root:time taken for epoch 0:00:54.083517
INFO:root:Epoch 450
INFO:root:[450,     0] loss: 5.383644e-03 masks: 15.0 20.0 [wd: 2.75e-01] [lr: 3.82e-04] [mem: 5.74e+03] (154.9 ms)
INFO:root:[450,     0] grad_stats: [1.50e-04 4.17e-05] (2.49e-05, 2.37e-03)
INFO:root:[450,   116] loss: 5.400159e-03 masks: 22.0 17.2 [wd: 2.75e-01] [lr: 3.81e-04] [mem: 5.74e+03] (172.3 ms)
INFO:root:[450,   116] grad_stats: [1.90e-04 3.92e-05] (2.14e-05, 1.87e-03)
INFO:root:[450,   232] loss: 5.390461e-03 masks: 22.2 17.2 [wd: 2.76e-01] [lr: 3.80e-04] [mem: 5.74e+03] (173.3 ms)
INFO:root:[450,   232] grad_stats: [1.47e-04 5.17e-05] (2.40e-05, 2.76e-03)
INFO:root:avg. loss 5.39046138e-03
INFO:root:time taken for epoch 0:00:54.098994
INFO:root:Epoch 451
INFO:root:[451,     0] loss: 5.692924e-03 masks: 17.0 16.0 [wd: 2.76e-01] [lr: 3.80e-04] [mem: 5.74e+03] (157.5 ms)
INFO:root:[451,     0] grad_stats: [2.04e-04 6.08e-05] (3.19e-05, 3.32e-03)
INFO:root:[451,   116] loss: 5.408757e-03 masks: 22.5 17.0 [wd: 2.76e-01] [lr: 3.79e-04] [mem: 5.74e+03] (173.4 ms)
INFO:root:[451,   116] grad_stats: [1.52e-04 4.47e-05] (2.28e-05, 2.05e-03)
INFO:root:[451,   232] loss: 5.430517e-03 masks: 21.8 17.2 [wd: 2.76e-01] [lr: 3.78e-04] [mem: 5.74e+03] (172.4 ms)
INFO:root:[451,   232] grad_stats: [1.18e-04 4.25e-05] (2.60e-05, 8.30e-04)
INFO:root:avg. loss 5.43051680e-03
INFO:root:time taken for epoch 0:00:53.904851
INFO:root:Epoch 452
INFO:root:[452,     0] loss: 5.066856e-03 masks: 14.0 20.0 [wd: 2.76e-01] [lr: 3.78e-04] [mem: 5.74e+03] (154.1 ms)
INFO:root:[452,     0] grad_stats: [8.11e-05 5.52e-05] (2.58e-05, 1.66e-03)
INFO:root:[452,   116] loss: 5.351180e-03 masks: 22.4 17.3 [wd: 2.77e-01] [lr: 3.77e-04] [mem: 5.74e+03] (173.9 ms)
INFO:root:[452,   116] grad_stats: [9.83e-05 3.94e-05] (2.61e-05, 1.31e-03)
INFO:root:[452,   232] loss: 5.406219e-03 masks: 22.6 17.1 [wd: 2.77e-01] [lr: 3.76e-04] [mem: 5.74e+03] (174.5 ms)
INFO:root:[452,   232] grad_stats: [1.30e-04 5.99e-05] (2.11e-05, 1.37e-03)
INFO:root:avg. loss 5.40621904e-03
INFO:root:time taken for epoch 0:00:54.368999
INFO:root:Epoch 453
INFO:root:[453,     0] loss: 5.787082e-03 masks: 21.0 16.0 [wd: 2.77e-01] [lr: 3.76e-04] [mem: 5.74e+03] (167.3 ms)
INFO:root:[453,     0] grad_stats: [2.58e-04 7.00e-05] (3.92e-05, 1.36e-03)
INFO:root:[453,   116] loss: 5.313985e-03 masks: 22.1 17.5 [wd: 2.77e-01] [lr: 3.75e-04] [mem: 5.74e+03] (173.2 ms)
INFO:root:[453,   116] grad_stats: [9.66e-05 3.82e-05] (1.94e-05, 7.14e-04)
INFO:root:[453,   232] loss: 5.307074e-03 masks: 22.0 17.4 [wd: 2.78e-01] [lr: 3.74e-04] [mem: 5.74e+03] (173.3 ms)
INFO:root:[453,   232] grad_stats: [2.42e-04 3.86e-05] (2.34e-05, 2.06e-03)
INFO:root:avg. loss 5.30707355e-03
INFO:root:time taken for epoch 0:00:54.074904
INFO:root:Epoch 454
INFO:root:[454,     0] loss: 5.702659e-03 masks: 23.0 16.0 [wd: 2.78e-01] [lr: 3.74e-04] [mem: 5.74e+03] (169.3 ms)
INFO:root:[454,     0] grad_stats: [3.06e-04 4.42e-05] (2.82e-05, 1.54e-03)
INFO:root:[454,   116] loss: 5.398133e-03 masks: 20.9 17.6 [wd: 2.78e-01] [lr: 3.73e-04] [mem: 5.74e+03] (169.8 ms)
INFO:root:[454,   116] grad_stats: [2.25e-04 4.04e-05] (2.38e-05, 7.62e-04)
INFO:root:[454,   232] loss: 5.403073e-03 masks: 21.4 17.4 [wd: 2.78e-01] [lr: 3.72e-04] [mem: 5.74e+03] (171.3 ms)
INFO:root:[454,   232] grad_stats: [1.50e-04 4.13e-05] (2.47e-05, 9.86e-04)
INFO:root:avg. loss 5.40307307e-03
INFO:root:time taken for epoch 0:00:53.603461
INFO:root:Epoch 455
INFO:root:[455,     0] loss: 4.919312e-03 masks: 14.0 20.0 [wd: 2.78e-01] [lr: 3.72e-04] [mem: 5.74e+03] (153.2 ms)
INFO:root:[455,     0] grad_stats: [1.36e-04 5.54e-05] (2.46e-05, 9.32e-04)
INFO:root:[455,   116] loss: 5.432523e-03 masks: 22.1 17.2 [wd: 2.79e-01] [lr: 3.71e-04] [mem: 5.74e+03] (172.5 ms)
INFO:root:[455,   116] grad_stats: [1.32e-04 4.27e-05] (3.05e-05, 3.69e-03)
INFO:root:[455,   232] loss: 5.422099e-03 masks: 22.0 17.3 [wd: 2.79e-01] [lr: 3.69e-04] [mem: 5.74e+03] (173.0 ms)
INFO:root:[455,   232] grad_stats: [9.59e-05 4.58e-05] (2.62e-05, 8.99e-04)
INFO:root:avg. loss 5.42209903e-03
INFO:root:time taken for epoch 0:00:54.025677
INFO:root:Epoch 456
INFO:root:[456,     0] loss: 4.228546e-03 masks: 20.0 20.0 [wd: 2.79e-01] [lr: 3.69e-04] [mem: 5.74e+03] (168.5 ms)
INFO:root:[456,     0] grad_stats: [1.39e-04 3.72e-05] (2.51e-05, 2.08e-03)
INFO:root:[456,   116] loss: 5.347982e-03 masks: 22.4 17.2 [wd: 2.80e-01] [lr: 3.68e-04] [mem: 5.74e+03] (173.6 ms)
INFO:root:[456,   116] grad_stats: [1.83e-04 3.55e-05] (2.47e-05, 3.03e-03)
INFO:root:[456,   232] loss: 5.369085e-03 masks: 22.5 17.2 [wd: 2.80e-01] [lr: 3.67e-04] [mem: 5.74e+03] (174.2 ms)
INFO:root:[456,   232] grad_stats: [2.80e-04 3.48e-05] (2.36e-05, 9.40e-04)
INFO:root:avg. loss 5.36908484e-03
INFO:root:time taken for epoch 0:00:54.272709
INFO:root:Epoch 457
INFO:root:[457,     0] loss: 5.557985e-03 masks: 12.0 20.0 [wd: 2.80e-01] [lr: 3.67e-04] [mem: 5.74e+03] (148.5 ms)
INFO:root:[457,     0] grad_stats: [1.05e-04 4.84e-05] (2.56e-05, 1.15e-03)
INFO:root:[457,   116] loss: 5.400819e-03 masks: 21.9 17.2 [wd: 2.80e-01] [lr: 3.66e-04] [mem: 5.74e+03] (172.0 ms)
INFO:root:[457,   116] grad_stats: [8.31e-05 3.88e-05] (2.58e-05, 9.12e-04)
INFO:root:[457,   232] loss: 5.346911e-03 masks: 21.3 17.5 [wd: 2.81e-01] [lr: 3.65e-04] [mem: 5.74e+03] (171.4 ms)
INFO:root:[457,   232] grad_stats: [1.70e-04 6.27e-05] (3.34e-05, 3.10e-03)
INFO:root:avg. loss 5.34691089e-03
INFO:root:time taken for epoch 0:00:53.572428
INFO:root:Epoch 458
INFO:root:[458,     0] loss: 4.790717e-03 masks: 29.0 16.0 [wd: 2.81e-01] [lr: 3.65e-04] [mem: 5.74e+03] (188.2 ms)
INFO:root:[458,     0] grad_stats: [1.82e-04 4.18e-05] (2.93e-05, 3.98e-03)
INFO:root:[458,   116] loss: 5.395575e-03 masks: 21.7 17.5 [wd: 2.81e-01] [lr: 3.64e-04] [mem: 5.74e+03] (171.8 ms)
INFO:root:[458,   116] grad_stats: [7.63e-05 3.72e-05] (2.14e-05, 1.46e-03)
INFO:root:[458,   232] loss: 5.409597e-03 masks: 22.1 17.2 [wd: 2.81e-01] [lr: 3.63e-04] [mem: 5.74e+03] (173.0 ms)
INFO:root:[458,   232] grad_stats: [2.25e-04 4.11e-05] (2.82e-05, 1.22e-03)
INFO:root:avg. loss 5.40959676e-03
INFO:root:time taken for epoch 0:00:54.061568
INFO:root:Epoch 459
INFO:root:[459,     0] loss: 5.415910e-03 masks: 28.0 16.0 [wd: 2.81e-01] [lr: 3.63e-04] [mem: 5.74e+03] (186.4 ms)
INFO:root:[459,     0] grad_stats: [1.02e-04 4.01e-05] (2.29e-05, 2.11e-03)
INFO:root:[459,   116] loss: 5.370000e-03 masks: 22.0 17.4 [wd: 2.82e-01] [lr: 3.62e-04] [mem: 5.74e+03] (172.5 ms)
INFO:root:[459,   116] grad_stats: [1.53e-04 4.31e-05] (2.71e-05, 2.94e-03)
INFO:root:[459,   232] loss: 5.380969e-03 masks: 21.9 17.4 [wd: 2.82e-01] [lr: 3.61e-04] [mem: 5.74e+03] (172.8 ms)
INFO:root:[459,   232] grad_stats: [1.56e-04 3.70e-05] (2.06e-05, 1.82e-03)
INFO:root:avg. loss 5.38096869e-03
INFO:root:time taken for epoch 0:00:53.929818
INFO:root:Epoch 460
INFO:root:[460,     0] loss: 5.256651e-03 masks: 26.0 16.0 [wd: 2.82e-01] [lr: 3.61e-04] [mem: 5.74e+03] (179.4 ms)
INFO:root:[460,     0] grad_stats: [1.08e-04 4.16e-05] (2.43e-05, 6.70e-04)
INFO:root:[460,   116] loss: 5.478827e-03 masks: 22.3 17.0 [wd: 2.82e-01] [lr: 3.60e-04] [mem: 5.74e+03] (172.9 ms)
INFO:root:[460,   116] grad_stats: [1.07e-04 5.27e-05] (2.52e-05, 2.33e-03)
INFO:root:[460,   232] loss: 5.435602e-03 masks: 21.8 17.3 [wd: 2.83e-01] [lr: 3.59e-04] [mem: 5.74e+03] (172.2 ms)
INFO:root:[460,   232] grad_stats: [9.55e-05 3.91e-05] (2.28e-05, 1.83e-03)
INFO:root:avg. loss 5.43560247e-03
INFO:root:	Epoch 460, KNN accuracy train: 7.48426e-01, KNN accuracy train: 6.16333e-01
INFO:root:time taken for epoch 0:01:36.359226
INFO:root:Epoch 461
INFO:root:[461,     0] loss: 4.867554e-03 masks: 18.0 20.0 [wd: 2.83e-01] [lr: 3.59e-04] [mem: 5.74e+03] (164.4 ms)
INFO:root:[461,     0] grad_stats: [1.47e-04 4.17e-05] (2.14e-05, 6.82e-04)
INFO:root:[461,   116] loss: 5.406653e-03 masks: 21.2 17.4 [wd: 2.83e-01] [lr: 3.58e-04] [mem: 5.74e+03] (169.9 ms)
INFO:root:[461,   116] grad_stats: [1.44e-04 4.46e-05] (2.37e-05, 9.73e-04)
INFO:root:[461,   232] loss: 5.432812e-03 masks: 21.7 17.2 [wd: 2.83e-01] [lr: 3.57e-04] [mem: 5.74e+03] (171.5 ms)
INFO:root:[461,   232] grad_stats: [1.96e-04 4.06e-05] (2.29e-05, 1.27e-03)
INFO:root:avg. loss 5.43281212e-03
INFO:root:time taken for epoch 0:00:53.607347
INFO:root:Epoch 462
INFO:root:[462,     0] loss: 5.499404e-03 masks: 12.0 20.0 [wd: 2.83e-01] [lr: 3.57e-04] [mem: 5.74e+03] (144.6 ms)
INFO:root:[462,     0] grad_stats: [9.40e-05 4.47e-05] (2.34e-05, 1.42e-03)
INFO:root:[462,   116] loss: 5.417163e-03 masks: 21.8 17.3 [wd: 2.84e-01] [lr: 3.56e-04] [mem: 5.74e+03] (171.7 ms)
INFO:root:[462,   116] grad_stats: [9.19e-05 4.38e-05] (2.61e-05, 1.68e-03)
INFO:root:[462,   232] loss: 5.448580e-03 masks: 21.9 17.1 [wd: 2.84e-01] [lr: 3.55e-04] [mem: 5.74e+03] (172.4 ms)
INFO:root:[462,   232] grad_stats: [1.40e-04 4.32e-05] (2.83e-05, 1.76e-03)
INFO:root:avg. loss 5.44858031e-03
INFO:root:time taken for epoch 0:00:53.883455
INFO:root:Epoch 463
INFO:root:[463,     0] loss: 5.343399e-03 masks: 24.0 16.0 [wd: 2.84e-01] [lr: 3.55e-04] [mem: 5.74e+03] (175.7 ms)
INFO:root:[463,     0] grad_stats: [9.95e-05 5.01e-05] (2.83e-05, 9.81e-04)
INFO:root:[463,   116] loss: 5.414685e-03 masks: 22.0 17.2 [wd: 2.85e-01] [lr: 3.54e-04] [mem: 5.74e+03] (172.3 ms)
INFO:root:[463,   116] grad_stats: [1.13e-04 4.86e-05] (2.35e-05, 8.01e-04)
INFO:root:[463,   232] loss: 5.407342e-03 masks: 22.0 17.2 [wd: 2.85e-01] [lr: 3.52e-04] [mem: 5.74e+03] (172.7 ms)
INFO:root:[463,   232] grad_stats: [2.90e-04 4.97e-05] (2.64e-05, 1.12e-03)
INFO:root:avg. loss 5.40734210e-03
INFO:root:time taken for epoch 0:00:53.944734
INFO:root:Epoch 464
INFO:root:[464,     0] loss: 5.394402e-03 masks: 25.0 16.0 [wd: 2.85e-01] [lr: 3.52e-04] [mem: 5.74e+03] (177.6 ms)
INFO:root:[464,     0] grad_stats: [1.18e-04 5.89e-05] (3.20e-05, 1.05e-03)
INFO:root:[464,   116] loss: 5.400534e-03 masks: 22.7 17.0 [wd: 2.85e-01] [lr: 3.51e-04] [mem: 5.74e+03] (174.1 ms)
INFO:root:[464,   116] grad_stats: [9.51e-05 4.20e-05] (2.49e-05, 2.57e-03)
INFO:root:[464,   232] loss: 5.432930e-03 masks: 22.4 17.1 [wd: 2.86e-01] [lr: 3.50e-04] [mem: 5.74e+03] (173.7 ms)
INFO:root:[464,   232] grad_stats: [1.40e-04 4.76e-05] (3.22e-05, 3.04e-03)
INFO:root:avg. loss 5.43292999e-03
INFO:root:time taken for epoch 0:00:54.168208
INFO:root:Epoch 465
INFO:root:[465,     0] loss: 5.394900e-03 masks: 24.0 16.0 [wd: 2.86e-01] [lr: 3.50e-04] [mem: 5.74e+03] (176.1 ms)
INFO:root:[465,     0] grad_stats: [1.31e-04 4.76e-05] (3.11e-05, 2.19e-03)
INFO:root:[465,   116] loss: 5.328782e-03 masks: 21.5 17.6 [wd: 2.86e-01] [lr: 3.49e-04] [mem: 5.74e+03] (171.5 ms)
INFO:root:[465,   116] grad_stats: [4.70e-04 4.84e-05] (3.73e-05, 3.36e-03)
INFO:root:[465,   232] loss: 5.369151e-03 masks: 21.5 17.5 [wd: 2.86e-01] [lr: 3.48e-04] [mem: 5.74e+03] (171.9 ms)
INFO:root:[465,   232] grad_stats: [1.19e-04 4.78e-05] (3.12e-05, 9.59e-04)
INFO:root:avg. loss 5.36915107e-03
INFO:root:time taken for epoch 0:00:53.784830
INFO:root:Epoch 466
INFO:root:[466,     0] loss: 5.597154e-03 masks: 24.0 16.0 [wd: 2.86e-01] [lr: 3.48e-04] [mem: 5.74e+03] (174.3 ms)
INFO:root:[466,     0] grad_stats: [1.48e-04 4.08e-05] (2.54e-05, 6.92e-04)
INFO:root:[466,   116] loss: 5.475499e-03 masks: 22.0 17.2 [wd: 2.87e-01] [lr: 3.47e-04] [mem: 5.74e+03] (172.1 ms)
INFO:root:[466,   116] grad_stats: [1.49e-04 5.72e-05] (2.96e-05, 8.07e-04)
INFO:root:[466,   232] loss: 5.425420e-03 masks: 21.5 17.5 [wd: 2.87e-01] [lr: 3.46e-04] [mem: 5.74e+03] (171.7 ms)
INFO:root:[466,   232] grad_stats: [8.69e-05 4.90e-05] (2.44e-05, 7.29e-04)
INFO:root:avg. loss 5.42542014e-03
INFO:root:time taken for epoch 0:00:53.696448
INFO:root:Epoch 467
INFO:root:[467,     0] loss: 5.209023e-03 masks: 23.0 16.0 [wd: 2.87e-01] [lr: 3.46e-04] [mem: 5.74e+03] (169.6 ms)
INFO:root:[467,     0] grad_stats: [9.57e-05 4.83e-05] (2.64e-05, 8.17e-04)
INFO:root:[467,   116] loss: 5.383243e-03 masks: 21.1 17.7 [wd: 2.87e-01] [lr: 3.45e-04] [mem: 5.74e+03] (170.5 ms)
INFO:root:[467,   116] grad_stats: [2.94e-04 5.18e-05] (2.57e-05, 1.78e-03)
INFO:root:[467,   232] loss: 5.385938e-03 masks: 21.9 17.4 [wd: 2.88e-01] [lr: 3.44e-04] [mem: 5.74e+03] (172.7 ms)
INFO:root:[467,   232] grad_stats: [2.14e-04 5.35e-05] (3.19e-05, 1.31e-03)
INFO:root:avg. loss 5.38593803e-03
INFO:root:time taken for epoch 0:00:53.921874
INFO:root:Epoch 468
INFO:root:[468,     0] loss: 6.428678e-03 masks: 33.0 12.0 [wd: 2.88e-01] [lr: 3.44e-04] [mem: 5.74e+03] (193.5 ms)
INFO:root:[468,     0] grad_stats: [2.68e-04 5.53e-05] (2.97e-05, 1.45e-03)
INFO:root:[468,   116] loss: 5.450871e-03 masks: 20.6 17.6 [wd: 2.88e-01] [lr: 3.43e-04] [mem: 5.74e+03] (169.0 ms)
INFO:root:[468,   116] grad_stats: [9.90e-05 4.55e-05] (2.86e-05, 2.06e-03)
INFO:root:[468,   232] loss: 5.484692e-03 masks: 21.3 17.3 [wd: 2.88e-01] [lr: 3.42e-04] [mem: 5.74e+03] (171.0 ms)
INFO:root:[468,   232] grad_stats: [1.50e-04 5.16e-05] (2.93e-05, 9.30e-04)
INFO:root:avg. loss 5.48469214e-03
INFO:root:time taken for epoch 0:00:53.421479
INFO:root:Epoch 469
INFO:root:[469,     0] loss: 5.004755e-03 masks: 20.0 20.0 [wd: 2.88e-01] [lr: 3.42e-04] [mem: 5.74e+03] (169.3 ms)
INFO:root:[469,     0] grad_stats: [1.29e-04 4.35e-05] (2.50e-05, 1.14e-03)
INFO:root:[469,   116] loss: 5.374425e-03 masks: 21.8 17.5 [wd: 2.89e-01] [lr: 3.41e-04] [mem: 5.74e+03] (172.0 ms)
INFO:root:[469,   116] grad_stats: [1.45e-04 3.73e-05] (2.15e-05, 1.07e-03)
INFO:root:[469,   232] loss: 5.405147e-03 masks: 21.9 17.4 [wd: 2.89e-01] [lr: 3.40e-04] [mem: 5.74e+03] (172.5 ms)
INFO:root:[469,   232] grad_stats: [1.19e-04 4.52e-05] (2.74e-05, 1.90e-03)
INFO:root:avg. loss 5.40514678e-03
INFO:root:time taken for epoch 0:00:53.911796
INFO:root:Epoch 470
INFO:root:[470,     0] loss: 5.599535e-03 masks: 21.0 16.0 [wd: 2.89e-01] [lr: 3.40e-04] [mem: 5.74e+03] (167.1 ms)
INFO:root:[470,     0] grad_stats: [1.60e-04 4.00e-05] (2.82e-05, 1.77e-03)
INFO:root:[470,   116] loss: 5.420439e-03 masks: 21.5 17.4 [wd: 2.89e-01] [lr: 3.39e-04] [mem: 5.74e+03] (171.3 ms)
INFO:root:[470,   116] grad_stats: [1.17e-04 5.42e-05] (3.10e-05, 2.95e-03)
INFO:root:[470,   232] loss: 5.399592e-03 masks: 21.3 17.6 [wd: 2.90e-01] [lr: 3.38e-04] [mem: 5.74e+03] (171.1 ms)
INFO:root:[470,   232] grad_stats: [1.14e-04 7.27e-05] (3.51e-05, 1.34e-03)
INFO:root:avg. loss 5.39959247e-03
INFO:root:time taken for epoch 0:00:53.596959
INFO:root:Epoch 471
INFO:root:[471,     0] loss: 6.604225e-03 masks: 21.0 16.0 [wd: 2.90e-01] [lr: 3.38e-04] [mem: 5.74e+03] (166.8 ms)
INFO:root:[471,     0] grad_stats: [1.14e-04 5.61e-05] (2.85e-05, 9.77e-04)
INFO:root:[471,   116] loss: 5.471334e-03 masks: 21.2 17.4 [wd: 2.90e-01] [lr: 3.37e-04] [mem: 5.74e+03] (170.2 ms)
INFO:root:[471,   116] grad_stats: [1.20e-04 4.73e-05] (3.25e-05, 1.63e-03)
INFO:root:[471,   232] loss: 5.436886e-03 masks: 21.5 17.4 [wd: 2.90e-01] [lr: 3.36e-04] [mem: 5.74e+03] (171.6 ms)
INFO:root:[471,   232] grad_stats: [9.45e-05 4.52e-05] (2.86e-05, 1.55e-03)
INFO:root:avg. loss 5.43688628e-03
INFO:root:time taken for epoch 0:00:53.615124
INFO:root:Epoch 472
INFO:root:[472,     0] loss: 6.024381e-03 masks: 36.0 12.0 [wd: 2.90e-01] [lr: 3.36e-04] [mem: 5.74e+03] (202.3 ms)
INFO:root:[472,     0] grad_stats: [2.36e-04 4.03e-05] (3.03e-05, 1.29e-03)
INFO:root:[472,   116] loss: 5.389953e-03 masks: 21.9 17.4 [wd: 2.91e-01] [lr: 3.35e-04] [mem: 5.74e+03] (172.2 ms)
INFO:root:[472,   116] grad_stats: [8.48e-05 4.62e-05] (2.77e-05, 1.86e-03)
INFO:root:[472,   232] loss: 5.456509e-03 masks: 22.5 17.1 [wd: 2.91e-01] [lr: 3.34e-04] [mem: 5.74e+03] (173.7 ms)
INFO:root:[472,   232] grad_stats: [2.09e-04 4.82e-05] (2.45e-05, 5.96e-04)
INFO:root:avg. loss 5.45650851e-03
INFO:root:time taken for epoch 0:00:54.137682
INFO:root:Epoch 473
INFO:root:[473,     0] loss: 4.645237e-03 masks: 18.0 20.0 [wd: 2.91e-01] [lr: 3.34e-04] [mem: 5.74e+03] (164.0 ms)
INFO:root:[473,     0] grad_stats: [2.55e-04 4.10e-05] (2.36e-05, 1.33e-03)
INFO:root:[473,   116] loss: 5.363069e-03 masks: 21.6 17.5 [wd: 2.91e-01] [lr: 3.33e-04] [mem: 5.74e+03] (171.4 ms)
INFO:root:[473,   116] grad_stats: [1.19e-04 3.60e-05] (2.24e-05, 7.59e-04)
INFO:root:[473,   232] loss: 5.421169e-03 masks: 21.6 17.4 [wd: 2.92e-01] [lr: 3.32e-04] [mem: 5.74e+03] (171.9 ms)
INFO:root:[473,   232] grad_stats: [9.20e-05 4.57e-05] (2.48e-05, 1.07e-03)
INFO:root:avg. loss 5.42116903e-03
INFO:root:time taken for epoch 0:00:53.807682
INFO:root:Epoch 474
INFO:root:[474,     0] loss: 5.077322e-03 masks: 26.0 16.0 [wd: 2.92e-01] [lr: 3.31e-04] [mem: 5.74e+03] (182.3 ms)
INFO:root:[474,     0] grad_stats: [1.00e-04 4.48e-05] (2.88e-05, 1.59e-03)
INFO:root:[474,   116] loss: 5.455320e-03 masks: 21.6 17.3 [wd: 2.92e-01] [lr: 3.30e-04] [mem: 5.74e+03] (171.4 ms)
INFO:root:[474,   116] grad_stats: [1.03e-04 5.47e-05] (3.04e-05, 2.30e-03)
INFO:root:[474,   232] loss: 5.475410e-03 masks: 22.2 17.1 [wd: 2.93e-01] [lr: 3.29e-04] [mem: 5.74e+03] (172.9 ms)
INFO:root:[474,   232] grad_stats: [1.74e-04 4.74e-05] (3.05e-05, 1.35e-03)
INFO:root:avg. loss 5.47540965e-03
INFO:root:time taken for epoch 0:00:53.878595
INFO:root:Epoch 475
INFO:root:[475,     0] loss: 5.537837e-03 masks: 27.0 16.0 [wd: 2.93e-01] [lr: 3.29e-04] [mem: 5.74e+03] (183.2 ms)
INFO:root:[475,     0] grad_stats: [1.54e-04 4.68e-05] (2.62e-05, 1.79e-03)
INFO:root:[475,   116] loss: 5.487601e-03 masks: 22.2 17.0 [wd: 2.93e-01] [lr: 3.28e-04] [mem: 5.74e+03] (172.6 ms)
INFO:root:[475,   116] grad_stats: [1.42e-04 4.11e-05] (2.48e-05, 2.72e-03)
INFO:root:[475,   232] loss: 5.430959e-03 masks: 21.8 17.3 [wd: 2.93e-01] [lr: 3.27e-04] [mem: 5.74e+03] (172.4 ms)
INFO:root:[475,   232] grad_stats: [1.46e-04 3.93e-05] (2.55e-05, 1.47e-03)
INFO:root:avg. loss 5.43095936e-03
INFO:root:time taken for epoch 0:00:53.882521
INFO:root:Epoch 476
INFO:root:[476,     0] loss: 5.153230e-03 masks: 16.0 20.0 [wd: 2.93e-01] [lr: 3.27e-04] [mem: 5.74e+03] (155.9 ms)
INFO:root:[476,     0] grad_stats: [1.39e-04 4.13e-05] (2.53e-05, 1.91e-03)
INFO:root:[476,   116] loss: 5.443940e-03 masks: 22.2 17.0 [wd: 2.94e-01] [lr: 3.26e-04] [mem: 5.74e+03] (172.7 ms)
INFO:root:[476,   116] grad_stats: [1.55e-04 6.07e-05] (3.54e-05, 1.97e-03)
INFO:root:[476,   232] loss: 5.467881e-03 masks: 22.3 17.0 [wd: 2.94e-01] [lr: 3.25e-04] [mem: 5.74e+03] (173.5 ms)
INFO:root:[476,   232] grad_stats: [1.65e-04 5.22e-05] (3.09e-05, 7.01e-04)
INFO:root:avg. loss 5.46788097e-03
INFO:root:time taken for epoch 0:00:54.145186
INFO:root:Epoch 477
INFO:root:[477,     0] loss: 6.166270e-03 masks: 35.0 12.0 [wd: 2.94e-01] [lr: 3.25e-04] [mem: 5.74e+03] (199.1 ms)
INFO:root:[477,     0] grad_stats: [2.10e-04 4.89e-05] (3.50e-05, 2.79e-03)
INFO:root:[477,   116] loss: 5.352890e-03 masks: 22.0 17.3 [wd: 2.94e-01] [lr: 3.24e-04] [mem: 5.74e+03] (172.3 ms)
INFO:root:[477,   116] grad_stats: [1.55e-04 4.53e-05] (2.86e-05, 1.21e-03)
INFO:root:[477,   232] loss: 5.355424e-03 masks: 21.8 17.4 [wd: 2.95e-01] [lr: 3.23e-04] [mem: 5.74e+03] (172.4 ms)
INFO:root:[477,   232] grad_stats: [9.10e-05 5.00e-05] (2.59e-05, 1.26e-03)
INFO:root:avg. loss 5.35542370e-03
INFO:root:time taken for epoch 0:00:53.866149
INFO:root:Epoch 478
INFO:root:[478,     0] loss: 5.560352e-03 masks: 21.0 16.0 [wd: 2.95e-01] [lr: 3.23e-04] [mem: 5.74e+03] (167.8 ms)
INFO:root:[478,     0] grad_stats: [2.14e-04 5.38e-05] (3.31e-05, 1.69e-03)
INFO:root:[478,   116] loss: 5.470964e-03 masks: 22.9 16.9 [wd: 2.95e-01] [lr: 3.22e-04] [mem: 5.74e+03] (174.4 ms)
INFO:root:[478,   116] grad_stats: [9.15e-05 3.98e-05] (2.72e-05, 8.11e-04)
INFO:root:[478,   232] loss: 5.453993e-03 masks: 22.5 17.1 [wd: 2.95e-01] [lr: 3.21e-04] [mem: 5.74e+03] (173.8 ms)
INFO:root:[478,   232] grad_stats: [1.89e-04 5.72e-05] (3.48e-05, 1.63e-03)
INFO:root:avg. loss 5.45399317e-03
INFO:root:time taken for epoch 0:00:54.255236
INFO:root:Epoch 479
INFO:root:[479,     0] loss: 5.276198e-03 masks: 24.0 16.0 [wd: 2.95e-01] [lr: 3.21e-04] [mem: 5.74e+03] (173.4 ms)
INFO:root:[479,     0] grad_stats: [1.33e-04 4.14e-05] (2.55e-05, 3.00e-03)
INFO:root:[479,   116] loss: 5.420075e-03 masks: 21.2 17.5 [wd: 2.96e-01] [lr: 3.20e-04] [mem: 5.74e+03] (170.3 ms)
INFO:root:[479,   116] grad_stats: [2.08e-04 5.81e-05] (2.69e-05, 8.55e-04)
INFO:root:[479,   232] loss: 5.403142e-03 masks: 21.9 17.3 [wd: 2.96e-01] [lr: 3.19e-04] [mem: 5.74e+03] (172.5 ms)
INFO:root:[479,   232] grad_stats: [1.55e-04 5.54e-05] (3.44e-05, 2.83e-03)
INFO:root:avg. loss 5.40314165e-03
INFO:root:time taken for epoch 0:00:53.894935
INFO:root:Epoch 480
INFO:root:[480,     0] loss: 6.325998e-03 masks: 21.0 16.0 [wd: 2.96e-01] [lr: 3.19e-04] [mem: 5.74e+03] (165.9 ms)
INFO:root:[480,     0] grad_stats: [1.03e-04 4.65e-05] (2.98e-05, 1.11e-03)
INFO:root:[480,   116] loss: 5.452375e-03 masks: 22.0 17.2 [wd: 2.96e-01] [lr: 3.18e-04] [mem: 5.74e+03] (172.3 ms)
INFO:root:[480,   116] grad_stats: [9.19e-05 5.08e-05] (3.18e-05, 8.17e-04)
INFO:root:[480,   232] loss: 5.417009e-03 masks: 21.8 17.4 [wd: 2.97e-01] [lr: 3.17e-04] [mem: 5.74e+03] (172.2 ms)
INFO:root:[480,   232] grad_stats: [1.20e-04 4.25e-05] (2.13e-05, 1.84e-03)
INFO:root:avg. loss 5.41700898e-03
INFO:root:	Epoch 480, KNN accuracy train: 7.41273e-01, KNN accuracy train: 6.15333e-01
INFO:root:time taken for epoch 0:01:36.268550
INFO:root:Epoch 481
INFO:root:[481,     0] loss: 4.758325e-03 masks: 20.0 20.0 [wd: 2.97e-01] [lr: 3.17e-04] [mem: 5.74e+03] (168.9 ms)
INFO:root:[481,     0] grad_stats: [1.14e-04 4.11e-05] (2.10e-05, 1.60e-03)
INFO:root:[481,   116] loss: 5.430259e-03 masks: 21.3 17.5 [wd: 2.97e-01] [lr: 3.16e-04] [mem: 5.74e+03] (170.0 ms)
INFO:root:[481,   116] grad_stats: [2.39e-04 4.49e-05] (2.60e-05, 7.17e-04)
INFO:root:[481,   232] loss: 5.431676e-03 masks: 21.7 17.4 [wd: 2.97e-01] [lr: 3.15e-04] [mem: 5.74e+03] (171.5 ms)
INFO:root:[481,   232] grad_stats: [8.21e-05 4.69e-05] (2.31e-05, 1.48e-03)
INFO:root:avg. loss 5.43167605e-03
INFO:root:time taken for epoch 0:00:53.453711
INFO:root:Epoch 482
INFO:root:[482,     0] loss: 5.436500e-03 masks: 24.0 16.0 [wd: 2.97e-01] [lr: 3.15e-04] [mem: 5.74e+03] (175.3 ms)
INFO:root:[482,     0] grad_stats: [1.59e-04 4.67e-05] (3.24e-05, 1.97e-03)
INFO:root:[482,   116] loss: 5.429863e-03 masks: 21.8 17.2 [wd: 2.98e-01] [lr: 3.14e-04] [mem: 5.74e+03] (171.7 ms)
INFO:root:[482,   116] grad_stats: [1.37e-04 3.98e-05] (2.53e-05, 3.46e-03)
INFO:root:[482,   232] loss: 5.442120e-03 masks: 22.0 17.2 [wd: 2.98e-01] [lr: 3.13e-04] [mem: 5.74e+03] (172.4 ms)
INFO:root:[482,   232] grad_stats: [9.24e-05 4.69e-05] (3.07e-05, 1.13e-03)
INFO:root:avg. loss 5.44212005e-03
INFO:root:time taken for epoch 0:00:53.866925
INFO:root:Epoch 483
INFO:root:[483,     0] loss: 5.647636e-03 masks: 21.0 16.0 [wd: 2.98e-01] [lr: 3.13e-04] [mem: 5.74e+03] (164.5 ms)
INFO:root:[483,     0] grad_stats: [1.37e-04 5.53e-05] (3.24e-05, 1.33e-03)
INFO:root:[483,   116] loss: 5.388520e-03 masks: 22.0 17.2 [wd: 2.98e-01] [lr: 3.12e-04] [mem: 5.74e+03] (172.2 ms)
INFO:root:[483,   116] grad_stats: [1.23e-04 4.97e-05] (3.16e-05, 1.43e-03)
INFO:root:[483,   232] loss: 5.413664e-03 masks: 22.1 17.2 [wd: 2.99e-01] [lr: 3.11e-04] [mem: 5.74e+03] (172.9 ms)
INFO:root:[483,   232] grad_stats: [1.88e-04 6.63e-05] (3.55e-05, 3.51e-03)
INFO:root:avg. loss 5.41366434e-03
INFO:root:time taken for epoch 0:00:54.022857
INFO:root:Epoch 484
INFO:root:[484,     0] loss: 5.136916e-03 masks: 26.0 16.0 [wd: 2.99e-01] [lr: 3.11e-04] [mem: 5.74e+03] (181.3 ms)
INFO:root:[484,     0] grad_stats: [1.41e-04 4.44e-05] (2.85e-05, 1.46e-03)
INFO:root:[484,   116] loss: 5.364427e-03 masks: 22.2 17.4 [wd: 2.99e-01] [lr: 3.10e-04] [mem: 5.74e+03] (172.8 ms)
INFO:root:[484,   116] grad_stats: [8.50e-05 4.52e-05] (2.32e-05, 1.55e-03)
INFO:root:[484,   232] loss: 5.439415e-03 masks: 21.9 17.2 [wd: 2.99e-01] [lr: 3.09e-04] [mem: 5.74e+03] (172.4 ms)
INFO:root:[484,   232] grad_stats: [9.47e-05 5.07e-05] (3.28e-05, 1.48e-03)
INFO:root:avg. loss 5.43941541e-03
INFO:root:time taken for epoch 0:00:53.847341
INFO:root:Epoch 485
INFO:root:[485,     0] loss: 6.304308e-03 masks: 33.0 12.0 [wd: 2.99e-01] [lr: 3.09e-04] [mem: 5.74e+03] (194.1 ms)
INFO:root:[485,     0] grad_stats: [2.04e-04 5.45e-05] (3.62e-05, 2.05e-03)
INFO:root:[485,   116] loss: 5.422060e-03 masks: 22.7 16.9 [wd: 3.00e-01] [lr: 3.08e-04] [mem: 5.74e+03] (173.9 ms)
INFO:root:[485,   116] grad_stats: [1.71e-04 7.36e-05] (3.29e-05, 1.06e-03)
INFO:root:[485,   232] loss: 5.422993e-03 masks: 22.3 17.1 [wd: 3.00e-01] [lr: 3.07e-04] [mem: 5.74e+03] (173.4 ms)
INFO:root:[485,   232] grad_stats: [1.34e-04 4.85e-05] (2.68e-05, 1.11e-03)
INFO:root:avg. loss 5.42299308e-03
INFO:root:time taken for epoch 0:00:54.118526
INFO:root:Epoch 486
INFO:root:[486,     0] loss: 5.410603e-03 masks: 26.0 16.0 [wd: 3.00e-01] [lr: 3.07e-04] [mem: 5.74e+03] (181.7 ms)
INFO:root:[486,     0] grad_stats: [9.87e-05 4.28e-05] (2.70e-05, 9.55e-04)
INFO:root:[486,   116] loss: 5.436015e-03 masks: 21.2 17.4 [wd: 3.00e-01] [lr: 3.06e-04] [mem: 5.74e+03] (170.2 ms)
INFO:root:[486,   116] grad_stats: [1.97e-04 4.62e-05] (2.84e-05, 2.30e-03)
INFO:root:[486,   232] loss: 5.463522e-03 masks: 21.5 17.4 [wd: 3.01e-01] [lr: 3.05e-04] [mem: 5.74e+03] (171.4 ms)
INFO:root:[486,   232] grad_stats: [2.50e-04 4.70e-05] (2.82e-05, 1.75e-03)
INFO:root:avg. loss 5.46352159e-03
INFO:root:time taken for epoch 0:00:53.563347
INFO:root:Epoch 487
INFO:root:[487,     0] loss: 5.771021e-03 masks: 20.0 16.0 [wd: 3.01e-01] [lr: 3.05e-04] [mem: 5.74e+03] (164.7 ms)
INFO:root:[487,     0] grad_stats: [1.42e-04 4.92e-05] (2.97e-05, 1.32e-03)
INFO:root:[487,   116] loss: 5.407131e-03 masks: 22.1 17.3 [wd: 3.01e-01] [lr: 3.04e-04] [mem: 5.74e+03] (172.6 ms)
INFO:root:[487,   116] grad_stats: [2.34e-04 4.56e-05] (2.89e-05, 2.30e-03)
INFO:root:[487,   232] loss: 5.476908e-03 masks: 22.5 17.1 [wd: 3.01e-01] [lr: 3.03e-04] [mem: 5.74e+03] (174.1 ms)
INFO:root:[487,   232] grad_stats: [2.11e-04 5.28e-05] (3.23e-05, 2.27e-03)
INFO:root:avg. loss 5.47690816e-03
INFO:root:time taken for epoch 0:00:54.149790
INFO:root:Epoch 488
INFO:root:[488,     0] loss: 6.052490e-03 masks: 17.0 16.0 [wd: 3.01e-01] [lr: 3.03e-04] [mem: 5.74e+03] (155.4 ms)
INFO:root:[488,     0] grad_stats: [1.34e-04 4.87e-05] (2.95e-05, 1.74e-03)
INFO:root:[488,   116] loss: 5.493071e-03 masks: 22.3 17.0 [wd: 3.02e-01] [lr: 3.02e-04] [mem: 5.74e+03] (172.9 ms)
INFO:root:[488,   116] grad_stats: [1.17e-04 4.06e-05] (2.57e-05, 8.64e-04)
INFO:root:[488,   232] loss: 5.459009e-03 masks: 22.8 16.9 [wd: 3.02e-01] [lr: 3.01e-04] [mem: 5.74e+03] (174.6 ms)
INFO:root:[488,   232] grad_stats: [2.37e-04 6.45e-05] (4.00e-05, 2.11e-03)
INFO:root:avg. loss 5.45900908e-03
INFO:root:time taken for epoch 0:00:54.430585
INFO:root:Epoch 489
INFO:root:[489,     0] loss: 6.111969e-03 masks: 24.0 16.0 [wd: 3.02e-01] [lr: 3.01e-04] [mem: 5.74e+03] (174.4 ms)
INFO:root:[489,     0] grad_stats: [1.06e-04 4.13e-05] (2.53e-05, 2.83e-03)
INFO:root:[489,   116] loss: 5.463776e-03 masks: 21.7 17.4 [wd: 3.02e-01] [lr: 3.00e-04] [mem: 5.74e+03] (171.8 ms)
INFO:root:[489,   116] grad_stats: [1.38e-04 4.81e-05] (2.91e-05, 8.52e-04)
INFO:root:[489,   232] loss: 5.405400e-03 masks: 21.6 17.5 [wd: 3.03e-01] [lr: 2.99e-04] [mem: 5.74e+03] (172.0 ms)
INFO:root:[489,   232] grad_stats: [1.06e-04 3.88e-05] (2.38e-05, 9.61e-04)
INFO:root:avg. loss 5.40540026e-03
INFO:root:time taken for epoch 0:00:53.754022
INFO:root:Epoch 490
INFO:root:[490,     0] loss: 5.258462e-03 masks: 24.0 16.0 [wd: 3.03e-01] [lr: 2.99e-04] [mem: 5.74e+03] (175.1 ms)
INFO:root:[490,     0] grad_stats: [1.64e-04 4.70e-05] (2.87e-05, 1.30e-03)
INFO:root:[490,   116] loss: 5.453363e-03 masks: 22.2 17.1 [wd: 3.03e-01] [lr: 2.98e-04] [mem: 5.74e+03] (172.8 ms)
INFO:root:[490,   116] grad_stats: [1.28e-04 4.50e-05] (2.67e-05, 2.87e-03)
INFO:root:[490,   232] loss: 5.391655e-03 masks: 21.6 17.5 [wd: 3.03e-01] [lr: 2.97e-04] [mem: 5.74e+03] (172.2 ms)
INFO:root:[490,   232] grad_stats: [1.25e-04 6.11e-05] (3.00e-05, 1.08e-03)
INFO:root:avg. loss 5.39165480e-03
INFO:root:time taken for epoch 0:00:53.844991
INFO:root:Epoch 491
INFO:root:[491,     0] loss: 5.115520e-03 masks: 26.0 16.0 [wd: 3.03e-01] [lr: 2.97e-04] [mem: 5.74e+03] (181.7 ms)
INFO:root:[491,     0] grad_stats: [8.85e-05 4.72e-05] (2.88e-05, 1.01e-03)
INFO:root:[491,   116] loss: 5.472817e-03 masks: 22.5 17.1 [wd: 3.04e-01] [lr: 2.96e-04] [mem: 5.74e+03] (173.7 ms)
INFO:root:[491,   116] grad_stats: [1.83e-04 5.02e-05] (2.80e-05, 1.04e-03)
INFO:root:[491,   232] loss: 5.433881e-03 masks: 22.1 17.3 [wd: 3.04e-01] [lr: 2.95e-04] [mem: 5.74e+03] (173.2 ms)
INFO:root:[491,   232] grad_stats: [2.43e-04 4.12e-05] (2.67e-05, 2.85e-03)
INFO:root:avg. loss 5.43388112e-03
INFO:root:time taken for epoch 0:00:54.158019
INFO:root:Epoch 492
INFO:root:[492,     0] loss: 5.741397e-03 masks: 12.0 20.0 [wd: 3.04e-01] [lr: 2.95e-04] [mem: 5.74e+03] (146.4 ms)
INFO:root:[492,     0] grad_stats: [1.28e-04 5.10e-05] (2.99e-05, 8.27e-04)
INFO:root:[492,   116] loss: 5.466906e-03 masks: 21.9 17.4 [wd: 3.04e-01] [lr: 2.94e-04] [mem: 5.74e+03] (172.3 ms)
INFO:root:[492,   116] grad_stats: [1.36e-04 5.44e-05] (2.93e-05, 4.64e-03)
INFO:root:[492,   232] loss: 5.432639e-03 masks: 22.3 17.2 [wd: 3.05e-01] [lr: 2.93e-04] [mem: 5.74e+03] (173.5 ms)
INFO:root:[492,   232] grad_stats: [1.96e-04 4.27e-05] (3.14e-05, 1.18e-03)
INFO:root:avg. loss 5.43263894e-03
INFO:root:time taken for epoch 0:00:55.016254
INFO:root:Epoch 493
INFO:root:[493,     0] loss: 5.182627e-03 masks: 21.0 20.0 [wd: 3.05e-01] [lr: 2.93e-04] [mem: 5.74e+03] (171.9 ms)
INFO:root:[493,     0] grad_stats: [2.09e-04 5.72e-05] (3.22e-05, 1.96e-03)
INFO:root:[493,   116] loss: 5.479550e-03 masks: 22.0 17.3 [wd: 3.05e-01] [lr: 2.92e-04] [mem: 5.74e+03] (172.2 ms)
INFO:root:[493,   116] grad_stats: [9.18e-05 4.23e-05] (2.67e-05, 1.31e-03)
INFO:root:[493,   232] loss: 5.487138e-03 masks: 22.4 17.2 [wd: 3.05e-01] [lr: 2.91e-04] [mem: 5.74e+03] (173.8 ms)
INFO:root:[493,   232] grad_stats: [1.17e-04 5.06e-05] (3.13e-05, 1.27e-03)
INFO:root:avg. loss 5.48713805e-03
INFO:root:time taken for epoch 0:00:54.290481
INFO:root:Epoch 494
INFO:root:[494,     0] loss: 5.658397e-03 masks: 26.0 16.0 [wd: 3.05e-01] [lr: 2.91e-04] [mem: 5.74e+03] (181.1 ms)
INFO:root:[494,     0] grad_stats: [1.13e-04 4.33e-05] (2.89e-05, 2.51e-03)
INFO:root:[494,   116] loss: 5.469425e-03 masks: 22.9 16.9 [wd: 3.06e-01] [lr: 2.90e-04] [mem: 5.74e+03] (174.3 ms)
INFO:root:[494,   116] grad_stats: [2.81e-04 4.95e-05] (3.39e-05, 2.49e-03)
INFO:root:[494,   232] loss: 5.467929e-03 masks: 22.1 17.2 [wd: 3.06e-01] [lr: 2.89e-04] [mem: 5.74e+03] (172.9 ms)
INFO:root:[494,   232] grad_stats: [2.31e-04 5.50e-05] (3.92e-05, 7.61e-03)
INFO:root:avg. loss 5.46792901e-03
INFO:root:time taken for epoch 0:00:54.038626
INFO:root:Epoch 495
INFO:root:[495,     0] loss: 5.537280e-03 masks: 20.0 16.0 [wd: 3.06e-01] [lr: 2.89e-04] [mem: 5.74e+03] (163.9 ms)
INFO:root:[495,     0] grad_stats: [2.73e-04 4.71e-05] (3.32e-05, 1.18e-03)
INFO:root:[495,   116] loss: 5.444671e-03 masks: 21.7 17.5 [wd: 3.06e-01] [lr: 2.88e-04] [mem: 5.74e+03] (171.7 ms)
INFO:root:[495,   116] grad_stats: [2.19e-04 6.64e-05] (4.24e-05, 1.20e-03)
INFO:root:[495,   232] loss: 5.434780e-03 masks: 21.8 17.4 [wd: 3.07e-01] [lr: 2.87e-04] [mem: 5.74e+03] (172.3 ms)
INFO:root:[495,   232] grad_stats: [1.09e-04 4.68e-05] (3.16e-05, 3.64e-03)
INFO:root:avg. loss 5.43478031e-03
INFO:root:time taken for epoch 0:00:53.851689
INFO:root:Epoch 496
INFO:root:[496,     0] loss: 5.274984e-03 masks: 20.0 20.0 [wd: 3.07e-01] [lr: 2.87e-04] [mem: 5.74e+03] (170.2 ms)
INFO:root:[496,     0] grad_stats: [1.73e-04 4.15e-05] (2.83e-05, 8.80e-04)
INFO:root:[496,   116] loss: 5.475592e-03 masks: 22.4 17.2 [wd: 3.07e-01] [lr: 2.86e-04] [mem: 5.74e+03] (173.3 ms)
INFO:root:[496,   116] grad_stats: [1.30e-04 5.90e-05] (3.71e-05, 1.59e-03)
INFO:root:[496,   232] loss: 5.492971e-03 masks: 22.4 17.2 [wd: 3.07e-01] [lr: 2.85e-04] [mem: 5.74e+03] (173.7 ms)
INFO:root:[496,   232] grad_stats: [1.39e-04 4.97e-05] (2.85e-05, 2.11e-03)
INFO:root:avg. loss 5.49297073e-03
INFO:root:time taken for epoch 0:00:54.215963
INFO:root:Epoch 497
INFO:root:[497,     0] loss: 6.815192e-03 masks: 17.0 16.0 [wd: 3.07e-01] [lr: 2.85e-04] [mem: 5.74e+03] (155.9 ms)
INFO:root:[497,     0] grad_stats: [1.92e-04 6.82e-05] (3.86e-05, 2.55e-03)
INFO:root:[497,   116] loss: 5.493941e-03 masks: 22.7 17.1 [wd: 3.08e-01] [lr: 2.84e-04] [mem: 5.74e+03] (174.1 ms)
INFO:root:[497,   116] grad_stats: [9.42e-05 4.38e-05] (2.90e-05, 1.03e-03)
INFO:root:[497,   232] loss: 5.459394e-03 masks: 22.0 17.3 [wd: 3.08e-01] [lr: 2.83e-04] [mem: 5.74e+03] (172.8 ms)
INFO:root:[497,   232] grad_stats: [6.11e-05 4.66e-05] (2.52e-05, 6.28e-04)
INFO:root:avg. loss 5.45939365e-03
INFO:root:time taken for epoch 0:00:53.990577
INFO:root:Epoch 498
INFO:root:[498,     0] loss: 5.465536e-03 masks: 21.0 16.0 [wd: 3.08e-01] [lr: 2.83e-04] [mem: 5.74e+03] (167.3 ms)
INFO:root:[498,     0] grad_stats: [1.19e-04 6.25e-05] (3.20e-05, 8.05e-04)
INFO:root:[498,   116] loss: 5.506350e-03 masks: 21.7 17.3 [wd: 3.08e-01] [lr: 2.82e-04] [mem: 5.74e+03] (171.8 ms)
INFO:root:[498,   116] grad_stats: [9.13e-05 4.37e-05] (2.99e-05, 1.10e-03)
INFO:root:[498,   232] loss: 5.516027e-03 masks: 21.9 17.2 [wd: 3.09e-01] [lr: 2.81e-04] [mem: 5.74e+03] (172.6 ms)
INFO:root:[498,   232] grad_stats: [1.75e-04 4.80e-05] (2.81e-05, 1.97e-03)
INFO:root:avg. loss 5.51602660e-03
INFO:root:time taken for epoch 0:00:53.944368
INFO:root:Epoch 499
INFO:root:[499,     0] loss: 6.409966e-03 masks: 21.0 16.0 [wd: 3.09e-01] [lr: 2.81e-04] [mem: 5.74e+03] (166.5 ms)
INFO:root:[499,     0] grad_stats: [2.50e-04 6.50e-05] (4.63e-05, 1.48e-03)
INFO:root:[499,   116] loss: 5.386967e-03 masks: 22.2 17.4 [wd: 3.09e-01] [lr: 2.80e-04] [mem: 5.74e+03] (173.3 ms)
INFO:root:[499,   116] grad_stats: [1.11e-04 5.54e-05] (3.08e-05, 8.62e-04)
INFO:root:[499,   232] loss: 5.454726e-03 masks: 22.1 17.4 [wd: 3.09e-01] [lr: 2.79e-04] [mem: 5.74e+03] (173.3 ms)
INFO:root:[499,   232] grad_stats: [3.32e-04 6.27e-05] (3.58e-05, 1.72e-03)
INFO:root:avg. loss 5.45472569e-03
INFO:root:time taken for epoch 0:00:54.869634
INFO:root:Epoch 500
INFO:root:[500,     0] loss: 6.047807e-03 masks: 21.0 16.0 [wd: 3.09e-01] [lr: 2.79e-04] [mem: 5.74e+03] (163.9 ms)
INFO:root:[500,     0] grad_stats: [1.09e-04 6.25e-05] (3.17e-05, 1.70e-03)
INFO:root:[500,   116] loss: 5.512852e-03 masks: 22.7 17.1 [wd: 3.10e-01] [lr: 2.78e-04] [mem: 5.74e+03] (174.0 ms)
INFO:root:[500,   116] grad_stats: [1.33e-04 4.85e-05] (2.77e-05, 1.47e-03)
INFO:root:[500,   232] loss: 5.524632e-03 masks: 22.2 17.1 [wd: 3.10e-01] [lr: 2.77e-04] [mem: 5.74e+03] (173.1 ms)
INFO:root:[500,   232] grad_stats: [1.95e-04 4.25e-05] (3.24e-05, 3.75e-03)
INFO:root:avg. loss 5.52463248e-03
INFO:root:	Epoch 500, KNN accuracy train: 7.48426e-01, KNN accuracy train: 6.24000e-01
INFO:root:time taken for epoch 0:01:36.485682
INFO:root:Epoch 501
INFO:root:[501,     0] loss: 6.393669e-03 masks: 33.0 12.0 [wd: 3.10e-01] [lr: 2.77e-04] [mem: 5.74e+03] (192.1 ms)
INFO:root:[501,     0] grad_stats: [2.40e-04 7.36e-05] (4.36e-05, 1.73e-03)
INFO:root:[501,   116] loss: 5.408121e-03 masks: 21.8 17.6 [wd: 3.10e-01] [lr: 2.76e-04] [mem: 5.74e+03] (171.5 ms)
INFO:root:[501,   116] grad_stats: [1.34e-04 6.32e-05] (3.30e-05, 1.38e-03)
INFO:root:[501,   232] loss: 5.432380e-03 masks: 21.6 17.6 [wd: 3.11e-01] [lr: 2.75e-04] [mem: 5.74e+03] (171.6 ms)
INFO:root:[501,   232] grad_stats: [1.24e-04 4.33e-05] (2.83e-05, 1.12e-03)
INFO:root:avg. loss 5.43237974e-03
INFO:root:time taken for epoch 0:00:53.617987
INFO:root:Epoch 502
INFO:root:[502,     0] loss: 6.962379e-03 masks: 35.0 12.0 [wd: 3.11e-01] [lr: 2.75e-04] [mem: 5.74e+03] (199.0 ms)
INFO:root:[502,     0] grad_stats: [2.30e-04 6.31e-05] (3.66e-05, 2.67e-03)
INFO:root:[502,   116] loss: 5.518236e-03 masks: 21.1 17.5 [wd: 3.11e-01] [lr: 2.74e-04] [mem: 5.74e+03] (169.9 ms)
INFO:root:[502,   116] grad_stats: [1.65e-04 5.26e-05] (3.63e-05, 2.05e-03)
INFO:root:[502,   232] loss: 5.529364e-03 masks: 21.7 17.2 [wd: 3.11e-01] [lr: 2.73e-04] [mem: 5.74e+03] (171.7 ms)
INFO:root:[502,   232] grad_stats: [9.23e-05 4.78e-05] (3.03e-05, 1.30e-03)
INFO:root:avg. loss 5.52936422e-03
INFO:root:time taken for epoch 0:00:53.726424
INFO:root:Epoch 503
INFO:root:[503,     0] loss: 4.894744e-03 masks: 25.0 16.0 [wd: 3.11e-01] [lr: 2.73e-04] [mem: 5.74e+03] (177.0 ms)
INFO:root:[503,     0] grad_stats: [2.19e-04 3.93e-05] (2.87e-05, 1.96e-03)
INFO:root:[503,   116] loss: 5.410192e-03 masks: 22.4 17.4 [wd: 3.12e-01] [lr: 2.72e-04] [mem: 5.74e+03] (173.6 ms)
INFO:root:[503,   116] grad_stats: [1.14e-04 6.55e-05] (3.28e-05, 9.10e-04)
INFO:root:[503,   232] loss: 5.441246e-03 masks: 22.3 17.3 [wd: 3.12e-01] [lr: 2.71e-04] [mem: 5.74e+03] (173.7 ms)
INFO:root:[503,   232] grad_stats: [9.47e-05 4.24e-05] (2.94e-05, 1.35e-03)
INFO:root:avg. loss 5.44124578e-03
INFO:root:time taken for epoch 0:00:54.153149
INFO:root:Epoch 504
INFO:root:[504,     0] loss: 4.798909e-03 masks: 18.0 20.0 [wd: 3.12e-01] [lr: 2.71e-04] [mem: 5.74e+03] (164.8 ms)
INFO:root:[504,     0] grad_stats: [1.88e-04 5.28e-05] (2.82e-05, 1.86e-03)
INFO:root:[504,   116] loss: 5.422200e-03 masks: 21.9 17.3 [wd: 3.12e-01] [lr: 2.70e-04] [mem: 5.74e+03] (172.0 ms)
INFO:root:[504,   116] grad_stats: [1.75e-04 5.86e-05] (3.40e-05, 1.00e-03)
INFO:root:[504,   232] loss: 5.516807e-03 masks: 21.8 17.2 [wd: 3.13e-01] [lr: 2.69e-04] [mem: 5.74e+03] (172.2 ms)
INFO:root:[504,   232] grad_stats: [2.41e-04 4.44e-05] (2.92e-05, 1.02e-03)
INFO:root:avg. loss 5.51680744e-03
INFO:root:time taken for epoch 0:00:53.647704
INFO:root:Epoch 505
INFO:root:[505,     0] loss: 5.134852e-03 masks: 18.0 20.0 [wd: 3.13e-01] [lr: 2.69e-04] [mem: 5.74e+03] (165.8 ms)
INFO:root:[505,     0] grad_stats: [2.87e-04 5.10e-05] (2.82e-05, 2.01e-03)
INFO:root:[505,   116] loss: 5.426657e-03 masks: 21.2 17.5 [wd: 3.13e-01] [lr: 2.68e-04] [mem: 5.74e+03] (170.2 ms)
INFO:root:[505,   116] grad_stats: [1.23e-04 5.50e-05] (2.97e-05, 7.28e-04)
INFO:root:[505,   232] loss: 5.507713e-03 masks: 21.7 17.3 [wd: 3.13e-01] [lr: 2.67e-04] [mem: 5.74e+03] (171.7 ms)
INFO:root:[505,   232] grad_stats: [8.51e-05 4.70e-05] (2.61e-05, 7.67e-04)
INFO:root:avg. loss 5.50771282e-03
INFO:root:time taken for epoch 0:00:53.710605
INFO:root:Epoch 506
INFO:root:[506,     0] loss: 5.333052e-03 masks: 23.0 16.0 [wd: 3.13e-01] [lr: 2.67e-04] [mem: 5.74e+03] (169.9 ms)
INFO:root:[506,     0] grad_stats: [1.10e-04 5.15e-05] (3.10e-05, 4.52e-03)
INFO:root:[506,   116] loss: 5.491303e-03 masks: 22.2 17.2 [wd: 3.14e-01] [lr: 2.66e-04] [mem: 5.74e+03] (172.7 ms)
INFO:root:[506,   116] grad_stats: [1.80e-04 4.50e-05] (3.02e-05, 3.01e-03)
INFO:root:[506,   232] loss: 5.500401e-03 masks: 22.1 17.2 [wd: 3.14e-01] [lr: 2.65e-04] [mem: 5.74e+03] (172.8 ms)
INFO:root:[506,   232] grad_stats: [1.15e-04 4.32e-05] (2.74e-05, 1.68e-03)
INFO:root:avg. loss 5.50040102e-03
INFO:root:time taken for epoch 0:00:54.006002
INFO:root:Epoch 507
INFO:root:[507,     0] loss: 5.731558e-03 masks: 20.0 16.0 [wd: 3.14e-01] [lr: 2.65e-04] [mem: 5.74e+03] (164.1 ms)
INFO:root:[507,     0] grad_stats: [1.73e-04 7.49e-05] (3.61e-05, 4.12e-03)
INFO:root:[507,   116] loss: 5.453439e-03 masks: 21.6 17.5 [wd: 3.14e-01] [lr: 2.64e-04] [mem: 5.74e+03] (171.5 ms)
INFO:root:[507,   116] grad_stats: [1.43e-04 7.04e-05] (3.64e-05, 2.94e-03)
INFO:root:[507,   232] loss: 5.464916e-03 masks: 21.9 17.3 [wd: 3.15e-01] [lr: 2.63e-04] [mem: 5.74e+03] (172.6 ms)
INFO:root:[507,   232] grad_stats: [1.52e-04 6.38e-05] (3.95e-05, 3.57e-03)
INFO:root:avg. loss 5.46491629e-03
INFO:root:time taken for epoch 0:00:53.947828
INFO:root:Epoch 508
INFO:root:[508,     0] loss: 5.346019e-03 masks: 20.0 20.0 [wd: 3.15e-01] [lr: 2.63e-04] [mem: 5.74e+03] (169.7 ms)
INFO:root:[508,     0] grad_stats: [9.03e-05 4.77e-05] (3.09e-05, 2.66e-03)
INFO:root:[508,   116] loss: 5.367200e-03 masks: 21.6 17.7 [wd: 3.15e-01] [lr: 2.62e-04] [mem: 5.74e+03] (171.8 ms)
INFO:root:[508,   116] grad_stats: [1.00e-04 4.24e-05] (2.76e-05, 1.29e-03)
INFO:root:[508,   232] loss: 5.413446e-03 masks: 21.4 17.7 [wd: 3.15e-01] [lr: 2.61e-04] [mem: 5.74e+03] (171.6 ms)
INFO:root:[508,   232] grad_stats: [2.47e-04 4.70e-05] (2.80e-05, 9.16e-04)
INFO:root:avg. loss 5.41344620e-03
INFO:root:time taken for epoch 0:00:53.693755
INFO:root:Epoch 509
INFO:root:[509,     0] loss: 5.581280e-03 masks: 21.0 16.0 [wd: 3.15e-01] [lr: 2.61e-04] [mem: 5.74e+03] (168.2 ms)
INFO:root:[509,     0] grad_stats: [1.71e-04 5.64e-05] (3.84e-05, 4.42e-03)
INFO:root:[509,   116] loss: 5.481662e-03 masks: 22.1 17.2 [wd: 3.15e-01] [lr: 2.60e-04] [mem: 5.74e+03] (172.5 ms)
INFO:root:[509,   116] grad_stats: [2.20e-04 5.48e-05] (3.18e-05, 9.46e-04)
INFO:root:[509,   232] loss: 5.551308e-03 masks: 22.2 17.0 [wd: 3.16e-01] [lr: 2.59e-04] [mem: 5.74e+03] (173.0 ms)
INFO:root:[509,   232] grad_stats: [1.11e-04 4.95e-05] (3.39e-05, 1.76e-03)
INFO:root:avg. loss 5.55130793e-03
INFO:root:time taken for epoch 0:00:53.938110
INFO:root:Epoch 510
INFO:root:[510,     0] loss: 6.129205e-03 masks: 33.0 12.0 [wd: 3.16e-01] [lr: 2.59e-04] [mem: 5.74e+03] (191.8 ms)
INFO:root:[510,     0] grad_stats: [1.32e-04 7.22e-05] (4.62e-05, 3.98e-03)
INFO:root:[510,   116] loss: 5.407096e-03 masks: 21.6 17.5 [wd: 3.16e-01] [lr: 2.58e-04] [mem: 5.74e+03] (171.5 ms)
INFO:root:[510,   116] grad_stats: [1.42e-04 5.29e-05] (3.56e-05, 1.99e-03)
INFO:root:[510,   232] loss: 5.473259e-03 masks: 22.0 17.4 [wd: 3.16e-01] [lr: 2.57e-04] [mem: 5.74e+03] (172.8 ms)
INFO:root:[510,   232] grad_stats: [1.48e-04 5.30e-05] (3.31e-05, 2.15e-03)
INFO:root:avg. loss 5.47325891e-03
INFO:root:time taken for epoch 0:00:53.959620
INFO:root:Epoch 511
INFO:root:[511,     0] loss: 5.717007e-03 masks: 17.0 16.0 [wd: 3.16e-01] [lr: 2.57e-04] [mem: 5.74e+03] (155.6 ms)
INFO:root:[511,     0] grad_stats: [1.17e-04 5.76e-05] (3.42e-05, 1.08e-03)
INFO:root:[511,   116] loss: 5.547724e-03 masks: 22.0 17.2 [wd: 3.17e-01] [lr: 2.56e-04] [mem: 5.74e+03] (172.2 ms)
INFO:root:[511,   116] grad_stats: [9.40e-05 5.96e-05] (3.20e-05, 1.56e-03)
INFO:root:[511,   232] loss: 5.546511e-03 masks: 22.1 17.2 [wd: 3.17e-01] [lr: 2.55e-04] [mem: 5.74e+03] (172.8 ms)
INFO:root:[511,   232] grad_stats: [1.88e-04 4.30e-05] (2.85e-05, 1.48e-03)
INFO:root:avg. loss 5.54651110e-03
INFO:root:time taken for epoch 0:00:53.954154
INFO:root:Epoch 512
INFO:root:[512,     0] loss: 6.314649e-03 masks: 33.0 12.0 [wd: 3.17e-01] [lr: 2.55e-04] [mem: 5.74e+03] (193.0 ms)
INFO:root:[512,     0] grad_stats: [1.90e-04 4.78e-05] (3.59e-05, 1.34e-03)
INFO:root:[512,   116] loss: 5.541569e-03 masks: 22.1 17.2 [wd: 3.17e-01] [lr: 2.54e-04] [mem: 5.74e+03] (172.5 ms)
INFO:root:[512,   116] grad_stats: [1.66e-04 4.85e-05] (3.31e-05, 1.20e-03)
INFO:root:[512,   232] loss: 5.503213e-03 masks: 22.5 17.0 [wd: 3.18e-01] [lr: 2.53e-04] [mem: 5.74e+03] (173.7 ms)
INFO:root:[512,   232] grad_stats: [1.57e-04 5.67e-05] (3.17e-05, 1.19e-03)
INFO:root:avg. loss 5.50321280e-03
INFO:root:time taken for epoch 0:00:54.144043
INFO:root:Epoch 513
INFO:root:[513,     0] loss: 4.940539e-03 masks: 22.0 20.0 [wd: 3.18e-01] [lr: 2.53e-04] [mem: 5.74e+03] (174.6 ms)
INFO:root:[513,     0] grad_stats: [6.95e-05 5.28e-05] (3.44e-05, 8.17e-04)
INFO:root:[513,   116] loss: 5.465633e-03 masks: 22.0 17.3 [wd: 3.18e-01] [lr: 2.52e-04] [mem: 5.74e+03] (172.7 ms)
INFO:root:[513,   116] grad_stats: [1.23e-04 5.97e-05] (3.63e-05, 1.99e-03)
INFO:root:[513,   232] loss: 5.434917e-03 masks: 21.4 17.6 [wd: 3.18e-01] [lr: 2.51e-04] [mem: 5.74e+03] (171.7 ms)
INFO:root:[513,   232] grad_stats: [1.75e-04 4.60e-05] (2.89e-05, 1.83e-03)
INFO:root:avg. loss 5.43491710e-03
INFO:root:time taken for epoch 0:00:53.768015
INFO:root:Epoch 514
INFO:root:[514,     0] loss: 6.051453e-03 masks: 23.0 16.0 [wd: 3.18e-01] [lr: 2.51e-04] [mem: 5.74e+03] (171.2 ms)
INFO:root:[514,     0] grad_stats: [1.71e-04 6.14e-05] (4.54e-05, 3.62e-03)
INFO:root:[514,   116] loss: 5.580131e-03 masks: 22.7 17.0 [wd: 3.19e-01] [lr: 2.50e-04] [mem: 5.74e+03] (173.8 ms)
INFO:root:[514,   116] grad_stats: [1.72e-04 5.37e-05] (2.91e-05, 7.93e-04)
INFO:root:[514,   232] loss: 5.550282e-03 masks: 22.1 17.2 [wd: 3.19e-01] [lr: 2.49e-04] [mem: 5.74e+03] (173.1 ms)
INFO:root:[514,   232] grad_stats: [1.93e-04 5.12e-05] (3.79e-05, 1.28e-03)
INFO:root:avg. loss 5.55028239e-03
INFO:root:time taken for epoch 0:00:54.009820
INFO:root:Epoch 515
INFO:root:[515,     0] loss: 5.414661e-03 masks: 26.0 16.0 [wd: 3.19e-01] [lr: 2.49e-04] [mem: 5.74e+03] (181.5 ms)
INFO:root:[515,     0] grad_stats: [9.88e-05 5.87e-05] (3.12e-05, 2.13e-03)
INFO:root:[515,   116] loss: 5.548682e-03 masks: 21.3 17.5 [wd: 3.19e-01] [lr: 2.49e-04] [mem: 5.74e+03] (171.2 ms)
INFO:root:[515,   116] grad_stats: [1.61e-04 5.59e-05] (3.65e-05, 2.69e-03)
INFO:root:[515,   232] loss: 5.567031e-03 masks: 22.0 17.2 [wd: 3.20e-01] [lr: 2.48e-04] [mem: 5.74e+03] (172.8 ms)
INFO:root:[515,   232] grad_stats: [8.53e-05 3.95e-05] (2.51e-05, 8.96e-04)
INFO:root:avg. loss 5.56703143e-03
INFO:root:time taken for epoch 0:00:53.991759
INFO:root:Epoch 516
INFO:root:[516,     0] loss: 4.782138e-03 masks: 19.0 20.0 [wd: 3.20e-01] [lr: 2.48e-04] [mem: 5.74e+03] (167.7 ms)
INFO:root:[516,     0] grad_stats: [9.68e-05 6.77e-05] (3.86e-05, 1.38e-03)
INFO:root:[516,   116] loss: 5.464039e-03 masks: 21.4 17.7 [wd: 3.20e-01] [lr: 2.47e-04] [mem: 5.74e+03] (171.7 ms)
INFO:root:[516,   116] grad_stats: [1.05e-04 4.68e-05] (2.86e-05, 1.27e-03)
INFO:root:[516,   232] loss: 5.491616e-03 masks: 22.1 17.4 [wd: 3.20e-01] [lr: 2.46e-04] [mem: 5.74e+03] (173.3 ms)
INFO:root:[516,   232] grad_stats: [1.16e-04 5.45e-05] (3.09e-05, 8.69e-04)
INFO:root:avg. loss 5.49161558e-03
INFO:root:time taken for epoch 0:00:54.059770
INFO:root:Epoch 517
INFO:root:[517,     0] loss: 6.418386e-03 masks: 27.0 16.0 [wd: 3.20e-01] [lr: 2.46e-04] [mem: 5.74e+03] (183.9 ms)
INFO:root:[517,     0] grad_stats: [1.19e-04 4.72e-05] (3.36e-05, 1.57e-03)
INFO:root:[517,   116] loss: 5.556799e-03 masks: 22.6 17.1 [wd: 3.21e-01] [lr: 2.45e-04] [mem: 5.74e+03] (174.2 ms)
INFO:root:[517,   116] grad_stats: [1.20e-04 5.34e-05] (3.12e-05, 1.03e-03)
INFO:root:[517,   232] loss: 5.548762e-03 masks: 22.2 17.2 [wd: 3.21e-01] [lr: 2.44e-04] [mem: 5.74e+03] (173.4 ms)
INFO:root:[517,   232] grad_stats: [1.21e-04 6.48e-05] (4.39e-05, 2.04e-03)
INFO:root:avg. loss 5.54876182e-03
INFO:root:time taken for epoch 0:00:54.096691
INFO:root:Epoch 518
INFO:root:[518,     0] loss: 5.565860e-03 masks: 23.0 16.0 [wd: 3.21e-01] [lr: 2.44e-04] [mem: 5.74e+03] (170.7 ms)
INFO:root:[518,     0] grad_stats: [2.15e-04 5.38e-05] (3.74e-05, 1.13e-03)
INFO:root:[518,   116] loss: 5.529492e-03 masks: 22.0 17.3 [wd: 3.21e-01] [lr: 2.43e-04] [mem: 5.74e+03] (172.3 ms)
INFO:root:[518,   116] grad_stats: [1.33e-04 5.53e-05] (3.34e-05, 1.66e-03)
INFO:root:[518,   232] loss: 5.564717e-03 masks: 21.8 17.3 [wd: 3.21e-01] [lr: 2.42e-04] [mem: 5.74e+03] (172.1 ms)
INFO:root:[518,   232] grad_stats: [4.01e-04 6.09e-05] (4.02e-05, 2.36e-03)
INFO:root:avg. loss 5.56471682e-03
INFO:root:time taken for epoch 0:00:53.632298
INFO:root:Epoch 519
INFO:root:[519,     0] loss: 5.192630e-03 masks: 18.0 20.0 [wd: 3.21e-01] [lr: 2.42e-04] [mem: 5.74e+03] (164.0 ms)
INFO:root:[519,     0] grad_stats: [1.21e-04 5.40e-05] (3.27e-05, 1.88e-03)
INFO:root:[519,   116] loss: 5.561517e-03 masks: 22.4 17.1 [wd: 3.22e-01] [lr: 2.41e-04] [mem: 5.74e+03] (173.2 ms)
INFO:root:[519,   116] grad_stats: [1.69e-04 6.23e-05] (4.31e-05, 2.35e-03)
INFO:root:[519,   232] loss: 5.567903e-03 masks: 22.3 17.0 [wd: 3.22e-01] [lr: 2.40e-04] [mem: 5.74e+03] (173.7 ms)
INFO:root:[519,   232] grad_stats: [3.51e-04 6.57e-05] (3.81e-05, 9.61e-04)
INFO:root:avg. loss 5.56790336e-03
INFO:root:time taken for epoch 0:00:54.213553
INFO:root:Epoch 520
INFO:root:[520,     0] loss: 5.404150e-03 masks: 23.0 16.0 [wd: 3.22e-01] [lr: 2.40e-04] [mem: 5.74e+03] (171.5 ms)
INFO:root:[520,     0] grad_stats: [1.02e-04 5.30e-05] (3.65e-05, 2.34e-03)
INFO:root:[520,   116] loss: 5.514493e-03 masks: 21.1 17.6 [wd: 3.22e-01] [lr: 2.39e-04] [mem: 5.74e+03] (170.1 ms)
INFO:root:[520,   116] grad_stats: [2.11e-04 5.57e-05] (3.41e-05, 1.59e-03)
INFO:root:[520,   232] loss: 5.511239e-03 masks: 21.4 17.5 [wd: 3.23e-01] [lr: 2.38e-04] [mem: 5.74e+03] (171.9 ms)
INFO:root:[520,   232] grad_stats: [2.49e-04 4.91e-05] (3.40e-05, 2.66e-03)
INFO:root:avg. loss 5.51123924e-03
INFO:root:	Epoch 520, KNN accuracy train: 7.55436e-01, KNN accuracy train: 6.21000e-01
INFO:root:time taken for epoch 0:01:36.121150
INFO:root:Epoch 521
INFO:root:[521,     0] loss: 5.860894e-03 masks: 21.0 16.0 [wd: 3.23e-01] [lr: 2.38e-04] [mem: 5.74e+03] (166.1 ms)
INFO:root:[521,     0] grad_stats: [1.57e-04 4.88e-05] (3.23e-05, 1.27e-03)
INFO:root:[521,   116] loss: 5.524436e-03 masks: 21.7 17.3 [wd: 3.23e-01] [lr: 2.37e-04] [mem: 5.74e+03] (171.4 ms)
INFO:root:[521,   116] grad_stats: [2.22e-04 8.04e-05] (4.52e-05, 1.17e-03)
INFO:root:[521,   232] loss: 5.542928e-03 masks: 21.8 17.3 [wd: 3.23e-01] [lr: 2.36e-04] [mem: 5.74e+03] (172.1 ms)
INFO:root:[521,   232] grad_stats: [3.30e-04 6.78e-05] (5.15e-05, 2.23e-03)
INFO:root:avg. loss 5.54292761e-03
INFO:root:time taken for epoch 0:00:53.817172
INFO:root:Epoch 522
INFO:root:[522,     0] loss: 5.605086e-03 masks: 36.0 12.0 [wd: 3.23e-01] [lr: 2.36e-04] [mem: 5.74e+03] (202.4 ms)
INFO:root:[522,     0] grad_stats: [3.82e-04 5.41e-05] (3.68e-05, 1.24e-03)
INFO:root:[522,   116] loss: 5.553130e-03 masks: 21.9 17.4 [wd: 3.24e-01] [lr: 2.35e-04] [mem: 5.74e+03] (172.3 ms)
INFO:root:[522,   116] grad_stats: [3.44e-04 6.53e-05] (3.55e-05, 1.93e-03)
INFO:root:[522,   232] loss: 5.558702e-03 masks: 22.0 17.2 [wd: 3.24e-01] [lr: 2.34e-04] [mem: 5.74e+03] (172.6 ms)
INFO:root:[522,   232] grad_stats: [1.12e-04 5.17e-05] (3.77e-05, 1.23e-03)
INFO:root:avg. loss 5.55870210e-03
INFO:root:time taken for epoch 0:00:53.921410
INFO:root:Epoch 523
INFO:root:[523,     0] loss: 4.301699e-03 masks: 20.0 20.0 [wd: 3.24e-01] [lr: 2.34e-04] [mem: 5.74e+03] (169.6 ms)
INFO:root:[523,     0] grad_stats: [1.59e-04 3.94e-05] (2.67e-05, 1.60e-03)
INFO:root:[523,   116] loss: 5.539945e-03 masks: 21.6 17.4 [wd: 3.24e-01] [lr: 2.33e-04] [mem: 5.74e+03] (171.3 ms)
INFO:root:[523,   116] grad_stats: [1.95e-04 5.12e-05] (3.32e-05, 1.81e-03)
INFO:root:[523,   232] loss: 5.548027e-03 masks: 22.1 17.3 [wd: 3.25e-01] [lr: 2.32e-04] [mem: 5.74e+03] (173.0 ms)
INFO:root:[523,   232] grad_stats: [1.24e-04 5.33e-05] (3.67e-05, 2.24e-03)
INFO:root:avg. loss 5.54802709e-03
INFO:root:time taken for epoch 0:00:54.020537
INFO:root:Epoch 524
INFO:root:[524,     0] loss: 5.123763e-03 masks: 25.0 16.0 [wd: 3.25e-01] [lr: 2.32e-04] [mem: 5.74e+03] (177.3 ms)
INFO:root:[524,     0] grad_stats: [9.10e-05 6.92e-05] (3.63e-05, 1.44e-03)
INFO:root:[524,   116] loss: 5.661705e-03 masks: 22.4 17.1 [wd: 3.25e-01] [lr: 2.32e-04] [mem: 5.74e+03] (173.2 ms)
INFO:root:[524,   116] grad_stats: [1.40e-04 5.22e-05] (4.53e-05, 2.02e-03)
INFO:root:[524,   232] loss: 5.620199e-03 masks: 21.8 17.1 [wd: 3.25e-01] [lr: 2.31e-04] [mem: 5.74e+03] (172.2 ms)
INFO:root:[524,   232] grad_stats: [2.55e-04 7.73e-05] (4.82e-05, 2.01e-03)
INFO:root:avg. loss 5.62019919e-03
INFO:root:time taken for epoch 0:00:53.853366
INFO:root:Epoch 525
INFO:root:[525,     0] loss: 5.226427e-03 masks: 25.0 16.0 [wd: 3.25e-01] [lr: 2.31e-04] [mem: 5.74e+03] (178.4 ms)
INFO:root:[525,     0] grad_stats: [1.04e-04 6.44e-05] (3.85e-05, 1.11e-03)
INFO:root:[525,   116] loss: 5.495496e-03 masks: 21.1 17.7 [wd: 3.25e-01] [lr: 2.30e-04] [mem: 5.74e+03] (170.2 ms)
INFO:root:[525,   116] grad_stats: [7.82e-05 5.56e-05] (3.35e-05, 8.21e-04)
INFO:root:[525,   232] loss: 5.605183e-03 masks: 21.9 17.2 [wd: 3.26e-01] [lr: 2.29e-04] [mem: 5.74e+03] (172.7 ms)
INFO:root:[525,   232] grad_stats: [1.73e-04 7.06e-05] (4.12e-05, 1.45e-03)
INFO:root:avg. loss 5.60518302e-03
INFO:root:time taken for epoch 0:00:53.915645
INFO:root:Epoch 526
INFO:root:[526,     0] loss: 5.104273e-03 masks: 18.0 20.0 [wd: 3.26e-01] [lr: 2.29e-04] [mem: 5.74e+03] (164.4 ms)
INFO:root:[526,     0] grad_stats: [1.83e-04 4.62e-05] (3.21e-05, 1.27e-03)
INFO:root:[526,   116] loss: 5.552696e-03 masks: 21.5 17.4 [wd: 3.26e-01] [lr: 2.28e-04] [mem: 5.74e+03] (171.5 ms)
INFO:root:[526,   116] grad_stats: [1.23e-04 5.67e-05] (3.66e-05, 2.11e-03)
INFO:root:[526,   232] loss: 5.543405e-03 masks: 21.6 17.4 [wd: 3.26e-01] [lr: 2.27e-04] [mem: 5.74e+03] (171.9 ms)
INFO:root:[526,   232] grad_stats: [2.66e-04 6.39e-05] (4.03e-05, 1.47e-03)
INFO:root:avg. loss 5.54340546e-03
INFO:root:time taken for epoch 0:00:53.709588
INFO:root:Epoch 527
INFO:root:[527,     0] loss: 5.946002e-03 masks: 23.0 16.0 [wd: 3.26e-01] [lr: 2.27e-04] [mem: 5.74e+03] (171.8 ms)
INFO:root:[527,     0] grad_stats: [2.58e-04 6.17e-05] (4.09e-05, 1.57e-03)
INFO:root:[527,   116] loss: 5.563366e-03 masks: 22.1 17.3 [wd: 3.27e-01] [lr: 2.26e-04] [mem: 5.74e+03] (172.6 ms)
INFO:root:[527,   116] grad_stats: [2.20e-04 5.90e-05] (4.34e-05, 1.92e-03)
INFO:root:[527,   232] loss: 5.582858e-03 masks: 22.4 17.2 [wd: 3.27e-01] [lr: 2.25e-04] [mem: 5.74e+03] (173.7 ms)
INFO:root:[527,   232] grad_stats: [1.66e-04 5.83e-05] (4.49e-05, 3.39e-03)
INFO:root:avg. loss 5.58285803e-03
INFO:root:time taken for epoch 0:00:54.099119
INFO:root:Epoch 528
INFO:root:[528,     0] loss: 5.930300e-03 masks: 25.0 16.0 [wd: 3.27e-01] [lr: 2.25e-04] [mem: 5.74e+03] (177.9 ms)
INFO:root:[528,     0] grad_stats: [1.23e-04 5.58e-05] (3.89e-05, 2.63e-03)
INFO:root:[528,   116] loss: 5.583798e-03 masks: 21.3 17.3 [wd: 3.27e-01] [lr: 2.24e-04] [mem: 5.74e+03] (170.3 ms)
INFO:root:[528,   116] grad_stats: [1.38e-04 9.84e-05] (3.61e-05, 1.26e-03)
INFO:root:[528,   232] loss: 5.596859e-03 masks: 22.0 17.2 [wd: 3.28e-01] [lr: 2.23e-04] [mem: 5.74e+03] (172.5 ms)
INFO:root:[528,   232] grad_stats: [1.87e-04 6.62e-05] (4.42e-05, 3.88e-03)
INFO:root:avg. loss 5.59685918e-03
INFO:root:time taken for epoch 0:00:53.906722
INFO:root:Epoch 529
INFO:root:[529,     0] loss: 5.632586e-03 masks: 17.0 20.0 [wd: 3.28e-01] [lr: 2.23e-04] [mem: 5.74e+03] (161.3 ms)
INFO:root:[529,     0] grad_stats: [8.63e-05 6.90e-05] (3.86e-05, 8.22e-04)
INFO:root:[529,   116] loss: 5.554116e-03 masks: 21.3 17.5 [wd: 3.28e-01] [lr: 2.22e-04] [mem: 5.74e+03] (170.5 ms)
INFO:root:[529,   116] grad_stats: [1.50e-04 5.89e-05] (3.64e-05, 1.08e-03)
INFO:root:[529,   232] loss: 5.566938e-03 masks: 21.4 17.5 [wd: 3.28e-01] [lr: 2.21e-04] [mem: 5.74e+03] (171.5 ms)
INFO:root:[529,   232] grad_stats: [1.02e-04 4.13e-05] (2.96e-05, 1.05e-03)
INFO:root:avg. loss 5.56693797e-03
INFO:root:time taken for epoch 0:00:53.682086
INFO:root:Epoch 530
INFO:root:[530,     0] loss: 6.729014e-03 masks: 36.0 12.0 [wd: 3.28e-01] [lr: 2.21e-04] [mem: 5.74e+03] (202.7 ms)
INFO:root:[530,     0] grad_stats: [2.14e-04 5.40e-05] (4.33e-05, 2.00e-03)
INFO:root:[530,   116] loss: 5.622397e-03 masks: 22.2 17.1 [wd: 3.29e-01] [lr: 2.20e-04] [mem: 5.74e+03] (172.7 ms)
INFO:root:[530,   116] grad_stats: [8.09e-05 5.17e-05] (3.27e-05, 1.00e-03)
INFO:root:[530,   232] loss: 5.630496e-03 masks: 22.7 16.9 [wd: 3.29e-01] [lr: 2.20e-04] [mem: 5.74e+03] (174.4 ms)
INFO:root:[530,   232] grad_stats: [1.96e-04 5.79e-05] (3.77e-05, 1.80e-03)
INFO:root:avg. loss 5.63049599e-03
INFO:root:time taken for epoch 0:00:54.229730
INFO:root:Epoch 531
INFO:root:[531,     0] loss: 5.684125e-03 masks: 25.0 16.0 [wd: 3.29e-01] [lr: 2.20e-04] [mem: 5.74e+03] (176.3 ms)
INFO:root:[531,     0] grad_stats: [2.70e-04 5.42e-05] (3.70e-05, 1.08e-03)
INFO:root:[531,   116] loss: 5.603861e-03 masks: 21.8 17.2 [wd: 3.29e-01] [lr: 2.19e-04] [mem: 5.74e+03] (171.7 ms)
INFO:root:[531,   116] grad_stats: [1.08e-04 5.21e-05] (3.33e-05, 2.05e-03)
INFO:root:[531,   232] loss: 5.616616e-03 masks: 22.0 17.2 [wd: 3.29e-01] [lr: 2.18e-04] [mem: 5.74e+03] (172.7 ms)
INFO:root:[531,   232] grad_stats: [3.07e-04 7.34e-05] (5.25e-05, 1.57e-03)
INFO:root:avg. loss 5.61661624e-03
INFO:root:time taken for epoch 0:00:53.838748
INFO:root:Epoch 532
INFO:root:[532,     0] loss: 4.944239e-03 masks: 18.0 20.0 [wd: 3.29e-01] [lr: 2.18e-04] [mem: 5.74e+03] (164.2 ms)
INFO:root:[532,     0] grad_stats: [1.70e-04 4.33e-05] (2.83e-05, 9.18e-04)
INFO:root:[532,   116] loss: 5.522032e-03 masks: 21.1 17.5 [wd: 3.30e-01] [lr: 2.17e-04] [mem: 5.74e+03] (170.3 ms)
INFO:root:[532,   116] grad_stats: [9.72e-05 6.00e-05] (3.44e-05, 9.66e-04)
INFO:root:[532,   232] loss: 5.530466e-03 masks: 21.6 17.5 [wd: 3.30e-01] [lr: 2.16e-04] [mem: 5.74e+03] (172.0 ms)
INFO:root:[532,   232] grad_stats: [1.78e-04 5.69e-05] (3.93e-05, 1.77e-03)
INFO:root:avg. loss 5.53046599e-03
INFO:root:time taken for epoch 0:00:53.739339
INFO:root:Epoch 533
INFO:root:[533,     0] loss: 5.907673e-03 masks: 11.0 20.0 [wd: 3.30e-01] [lr: 2.16e-04] [mem: 5.74e+03] (144.2 ms)
INFO:root:[533,     0] grad_stats: [1.00e-04 6.16e-05] (3.65e-05, 2.67e-03)
INFO:root:[533,   116] loss: 5.567843e-03 masks: 21.8 17.4 [wd: 3.30e-01] [lr: 2.15e-04] [mem: 5.74e+03] (172.2 ms)
INFO:root:[533,   116] grad_stats: [1.01e-04 4.46e-05] (3.36e-05, 1.35e-03)
INFO:root:[533,   232] loss: 5.592566e-03 masks: 22.6 17.1 [wd: 3.31e-01] [lr: 2.14e-04] [mem: 5.74e+03] (174.5 ms)
INFO:root:[533,   232] grad_stats: [1.29e-04 8.36e-05] (4.36e-05, 8.70e-04)
INFO:root:avg. loss 5.59256626e-03
INFO:root:time taken for epoch 0:00:54.348645
INFO:root:Epoch 534
INFO:root:[534,     0] loss: 5.434162e-03 masks: 24.0 16.0 [wd: 3.31e-01] [lr: 2.14e-04] [mem: 5.74e+03] (173.8 ms)
INFO:root:[534,     0] grad_stats: [9.15e-05 5.54e-05] (3.45e-05, 9.24e-04)
INFO:root:[534,   116] loss: 5.563237e-03 masks: 22.0 17.3 [wd: 3.31e-01] [lr: 2.13e-04] [mem: 5.74e+03] (172.5 ms)
INFO:root:[534,   116] grad_stats: [1.47e-04 5.92e-05] (3.41e-05, 1.73e-03)
INFO:root:[534,   232] loss: 5.572914e-03 masks: 21.7 17.4 [wd: 3.31e-01] [lr: 2.12e-04] [mem: 5.74e+03] (172.3 ms)
INFO:root:[534,   232] grad_stats: [1.37e-04 5.17e-05] (3.52e-05, 2.67e-03)
INFO:root:avg. loss 5.57291417e-03
INFO:root:time taken for epoch 0:00:53.861748
INFO:root:Epoch 535
INFO:root:[535,     0] loss: 4.738755e-03 masks: 20.0 20.0 [wd: 3.31e-01] [lr: 2.12e-04] [mem: 5.74e+03] (168.7 ms)
INFO:root:[535,     0] grad_stats: [1.35e-04 5.93e-05] (3.73e-05, 1.61e-03)
INFO:root:[535,   116] loss: 5.561163e-03 masks: 21.2 17.5 [wd: 3.32e-01] [lr: 2.11e-04] [mem: 5.74e+03] (170.4 ms)
INFO:root:[535,   116] grad_stats: [1.60e-04 7.13e-05] (4.13e-05, 1.67e-03)
INFO:root:[535,   232] loss: 5.579522e-03 masks: 21.4 17.5 [wd: 3.32e-01] [lr: 2.10e-04] [mem: 5.74e+03] (171.3 ms)
INFO:root:[535,   232] grad_stats: [9.48e-05 4.83e-05] (3.27e-05, 2.58e-03)
INFO:root:avg. loss 5.57952212e-03
INFO:root:time taken for epoch 0:00:53.632686
INFO:root:Epoch 536
INFO:root:[536,     0] loss: 5.332914e-03 masks: 26.0 16.0 [wd: 3.32e-01] [lr: 2.10e-04] [mem: 5.74e+03] (181.5 ms)
INFO:root:[536,     0] grad_stats: [1.34e-04 5.66e-05] (3.97e-05, 3.21e-03)
INFO:root:[536,   116] loss: 5.568838e-03 masks: 22.5 17.3 [wd: 3.32e-01] [lr: 2.10e-04] [mem: 5.74e+03] (173.8 ms)
INFO:root:[536,   116] grad_stats: [8.54e-05 5.42e-05] (3.55e-05, 9.30e-04)
INFO:root:[536,   232] loss: 5.601585e-03 masks: 22.7 17.2 [wd: 3.32e-01] [lr: 2.09e-04] [mem: 5.74e+03] (174.6 ms)
INFO:root:[536,   232] grad_stats: [2.42e-04 7.75e-05] (4.58e-05, 2.00e-03)
INFO:root:avg. loss 5.60158487e-03
INFO:root:time taken for epoch 0:00:54.364417
INFO:root:Epoch 537
INFO:root:[537,     0] loss: 6.118573e-03 masks: 21.0 16.0 [wd: 3.32e-01] [lr: 2.09e-04] [mem: 5.74e+03] (165.9 ms)
INFO:root:[537,     0] grad_stats: [2.33e-04 7.21e-05] (4.30e-05, 1.83e-03)
INFO:root:[537,   116] loss: 5.607904e-03 masks: 21.2 17.6 [wd: 3.33e-01] [lr: 2.08e-04] [mem: 5.74e+03] (170.7 ms)
INFO:root:[537,   116] grad_stats: [1.39e-04 6.41e-05] (4.83e-05, 1.87e-03)
INFO:root:[537,   232] loss: 5.608717e-03 masks: 21.6 17.4 [wd: 3.33e-01] [lr: 2.07e-04] [mem: 5.74e+03] (172.1 ms)
INFO:root:[537,   232] grad_stats: [1.40e-04 6.33e-05] (3.53e-05, 1.35e-03)
INFO:root:avg. loss 5.60871661e-03
INFO:root:time taken for epoch 0:00:53.842205
INFO:root:Epoch 538
INFO:root:[538,     0] loss: 5.936457e-03 masks: 25.0 16.0 [wd: 3.33e-01] [lr: 2.07e-04] [mem: 5.74e+03] (178.7 ms)
INFO:root:[538,     0] grad_stats: [1.26e-04 6.38e-05] (3.81e-05, 1.04e-03)
INFO:root:[538,   116] loss: 5.576006e-03 masks: 21.8 17.3 [wd: 3.33e-01] [lr: 2.06e-04] [mem: 5.74e+03] (172.0 ms)
INFO:root:[538,   116] grad_stats: [1.21e-04 5.02e-05] (3.66e-05, 2.69e-03)
INFO:root:[538,   232] loss: 5.597425e-03 masks: 21.7 17.4 [wd: 3.34e-01] [lr: 2.05e-04] [mem: 5.74e+03] (172.2 ms)
INFO:root:[538,   232] grad_stats: [1.61e-04 5.96e-05] (3.95e-05, 1.71e-03)
INFO:root:avg. loss 5.59742549e-03
INFO:root:time taken for epoch 0:00:53.676752
INFO:root:Epoch 539
INFO:root:[539,     0] loss: 4.653086e-03 masks: 19.0 20.0 [wd: 3.34e-01] [lr: 2.05e-04] [mem: 5.74e+03] (166.6 ms)
INFO:root:[539,     0] grad_stats: [9.69e-05 4.51e-05] (3.19e-05, 9.10e-04)
INFO:root:[539,   116] loss: 5.602438e-03 masks: 22.7 17.1 [wd: 3.34e-01] [lr: 2.04e-04] [mem: 5.74e+03] (174.0 ms)
INFO:root:[539,   116] grad_stats: [1.05e-04 4.33e-05] (3.30e-05, 1.31e-03)
INFO:root:[539,   232] loss: 5.598034e-03 masks: 22.1 17.2 [wd: 3.34e-01] [lr: 2.03e-04] [mem: 5.74e+03] (173.0 ms)
INFO:root:[539,   232] grad_stats: [9.26e-05 4.93e-05] (3.18e-05, 1.61e-03)
INFO:root:avg. loss 5.59803379e-03
INFO:root:time taken for epoch 0:00:54.059599
INFO:root:Epoch 540
INFO:root:[540,     0] loss: 5.181273e-03 masks: 18.0 20.0 [wd: 3.34e-01] [lr: 2.03e-04] [mem: 5.74e+03] (164.1 ms)
INFO:root:[540,     0] grad_stats: [1.03e-04 5.30e-05] (3.86e-05, 2.16e-03)
INFO:root:[540,   116] loss: 5.658102e-03 masks: 22.5 16.8 [wd: 3.34e-01] [lr: 2.02e-04] [mem: 5.74e+03] (173.1 ms)
INFO:root:[540,   116] grad_stats: [5.45e-04 6.05e-05] (4.53e-05, 3.21e-03)
INFO:root:[540,   232] loss: 5.691805e-03 masks: 22.8 16.7 [wd: 3.35e-01] [lr: 2.02e-04] [mem: 5.74e+03] (174.2 ms)
INFO:root:[540,   232] grad_stats: [1.01e-04 5.74e-05] (4.04e-05, 1.71e-03)
INFO:root:avg. loss 5.69180530e-03
INFO:root:	Epoch 540, KNN accuracy train: 7.56795e-01, KNN accuracy train: 6.45667e-01
INFO:root:time taken for epoch 0:01:36.723545
INFO:root:Epoch 541
INFO:root:[541,     0] loss: 5.239722e-03 masks: 16.0 20.0 [wd: 3.35e-01] [lr: 2.02e-04] [mem: 5.74e+03] (155.3 ms)
INFO:root:[541,     0] grad_stats: [1.21e-04 5.78e-05] (3.51e-05, 8.28e-04)
INFO:root:[541,   116] loss: 5.698876e-03 masks: 22.8 16.8 [wd: 3.35e-01] [lr: 2.01e-04] [mem: 5.74e+03] (173.5 ms)
INFO:root:[541,   116] grad_stats: [1.96e-04 7.40e-05] (4.86e-05, 2.03e-03)
INFO:root:[541,   232] loss: 5.622426e-03 masks: 22.0 17.2 [wd: 3.35e-01] [lr: 2.00e-04] [mem: 5.74e+03] (172.2 ms)
INFO:root:[541,   232] grad_stats: [2.66e-04 7.52e-05] (5.51e-05, 5.07e-03)
INFO:root:avg. loss 5.62242603e-03
INFO:root:time taken for epoch 0:00:53.816216
INFO:root:Epoch 542
INFO:root:[542,     0] loss: 6.885693e-03 masks: 36.0 12.0 [wd: 3.35e-01] [lr: 2.00e-04] [mem: 5.74e+03] (203.7 ms)
INFO:root:[542,     0] grad_stats: [3.14e-04 6.68e-05] (4.71e-05, 1.66e-03)
INFO:root:[542,   116] loss: 5.594352e-03 masks: 21.8 17.4 [wd: 3.36e-01] [lr: 1.99e-04] [mem: 5.74e+03] (171.7 ms)
INFO:root:[542,   116] grad_stats: [2.49e-04 7.79e-05] (4.69e-05, 1.07e-03)
INFO:root:[542,   232] loss: 5.683359e-03 masks: 22.0 17.1 [wd: 3.36e-01] [lr: 1.98e-04] [mem: 5.74e+03] (172.6 ms)
INFO:root:[542,   232] grad_stats: [1.33e-04 7.69e-05] (4.83e-05, 2.56e-03)
INFO:root:avg. loss 5.68335877e-03
INFO:root:time taken for epoch 0:00:53.876009
INFO:root:Epoch 543
INFO:root:[543,     0] loss: 5.996640e-03 masks: 23.0 16.0 [wd: 3.36e-01] [lr: 1.98e-04] [mem: 5.74e+03] (168.2 ms)
INFO:root:[543,     0] grad_stats: [1.98e-04 5.26e-05] (4.21e-05, 3.44e-03)
INFO:root:[543,   116] loss: 5.636174e-03 masks: 21.5 17.4 [wd: 3.36e-01] [lr: 1.97e-04] [mem: 5.74e+03] (171.1 ms)
INFO:root:[543,   116] grad_stats: [1.80e-04 6.49e-05] (3.64e-05, 7.24e-04)
INFO:root:[543,   232] loss: 5.676365e-03 masks: 22.0 17.1 [wd: 3.36e-01] [lr: 1.96e-04] [mem: 5.74e+03] (172.6 ms)
INFO:root:[543,   232] grad_stats: [1.14e-04 6.08e-05] (3.96e-05, 2.08e-03)
INFO:root:avg. loss 5.67636467e-03
INFO:root:time taken for epoch 0:00:53.967665
INFO:root:Epoch 544
INFO:root:[544,     0] loss: 5.531857e-03 masks: 27.0 16.0 [wd: 3.36e-01] [lr: 1.96e-04] [mem: 5.74e+03] (182.0 ms)
INFO:root:[544,     0] grad_stats: [1.91e-04 6.60e-05] (4.45e-05, 4.47e-03)
INFO:root:[544,   116] loss: 5.619284e-03 masks: 22.3 17.1 [wd: 3.37e-01] [lr: 1.95e-04] [mem: 5.74e+03] (172.9 ms)
INFO:root:[544,   116] grad_stats: [2.29e-04 5.56e-05] (3.82e-05, 1.71e-03)
INFO:root:[544,   232] loss: 5.556286e-03 masks: 21.7 17.5 [wd: 3.37e-01] [lr: 1.95e-04] [mem: 5.74e+03] (172.3 ms)
INFO:root:[544,   232] grad_stats: [1.61e-04 7.32e-05] (4.93e-05, 1.81e-03)
INFO:root:avg. loss 5.55628588e-03
INFO:root:time taken for epoch 0:00:53.775867
INFO:root:Epoch 545
INFO:root:[545,     0] loss: 4.997369e-03 masks: 21.0 20.0 [wd: 3.37e-01] [lr: 1.95e-04] [mem: 5.74e+03] (172.8 ms)
INFO:root:[545,     0] grad_stats: [3.34e-04 6.20e-05] (3.87e-05, 1.89e-03)
INFO:root:[545,   116] loss: 5.536439e-03 masks: 21.9 17.4 [wd: 3.37e-01] [lr: 1.94e-04] [mem: 5.74e+03] (172.4 ms)
INFO:root:[545,   116] grad_stats: [2.26e-04 5.53e-05] (4.28e-05, 1.45e-03)
INFO:root:[545,   232] loss: 5.564635e-03 masks: 22.0 17.4 [wd: 3.38e-01] [lr: 1.93e-04] [mem: 5.74e+03] (173.1 ms)
INFO:root:[545,   232] grad_stats: [1.44e-04 4.93e-05] (3.37e-05, 8.51e-04)
INFO:root:avg. loss 5.56463524e-03
INFO:root:time taken for epoch 0:00:53.911940
INFO:root:Epoch 546
INFO:root:[546,     0] loss: 5.708864e-03 masks: 12.0 20.0 [wd: 3.38e-01] [lr: 1.93e-04] [mem: 5.74e+03] (146.9 ms)
INFO:root:[546,     0] grad_stats: [1.74e-04 7.23e-05] (4.16e-05, 1.83e-03)
INFO:root:[546,   116] loss: 5.554019e-03 masks: 21.2 17.6 [wd: 3.38e-01] [lr: 1.92e-04] [mem: 5.74e+03] (170.6 ms)
INFO:root:[546,   116] grad_stats: [1.37e-04 6.62e-05] (4.17e-05, 1.68e-03)
INFO:root:[546,   232] loss: 5.578434e-03 masks: 21.5 17.5 [wd: 3.38e-01] [lr: 1.91e-04] [mem: 5.74e+03] (171.7 ms)
INFO:root:[546,   232] grad_stats: [8.84e-05 4.72e-05] (3.33e-05, 9.98e-04)
INFO:root:avg. loss 5.57843354e-03
INFO:root:time taken for epoch 0:00:53.706820
INFO:root:Epoch 547
INFO:root:[547,     0] loss: 6.564904e-03 masks: 17.0 16.0 [wd: 3.38e-01] [lr: 1.91e-04] [mem: 5.74e+03] (155.4 ms)
INFO:root:[547,     0] grad_stats: [1.35e-04 6.86e-05] (4.50e-05, 2.93e-03)
INFO:root:[547,   116] loss: 5.598804e-03 masks: 21.9 17.2 [wd: 3.38e-01] [lr: 1.90e-04] [mem: 5.74e+03] (171.9 ms)
INFO:root:[547,   116] grad_stats: [1.05e-04 5.41e-05] (3.72e-05, 2.38e-03)
INFO:root:[547,   232] loss: 5.557357e-03 masks: 21.7 17.5 [wd: 3.39e-01] [lr: 1.89e-04] [mem: 5.74e+03] (172.3 ms)
INFO:root:[547,   232] grad_stats: [1.06e-04 5.68e-05] (3.23e-05, 9.80e-04)
INFO:root:avg. loss 5.55735676e-03
INFO:root:time taken for epoch 0:00:53.828919
INFO:root:Epoch 548
INFO:root:[548,     0] loss: 5.798810e-03 masks: 23.0 16.0 [wd: 3.39e-01] [lr: 1.89e-04] [mem: 5.74e+03] (170.9 ms)
INFO:root:[548,     0] grad_stats: [1.17e-04 7.13e-05] (4.04e-05, 1.14e-03)
INFO:root:[548,   116] loss: 5.589276e-03 masks: 21.3 17.4 [wd: 3.39e-01] [lr: 1.88e-04] [mem: 5.74e+03] (170.6 ms)
INFO:root:[548,   116] grad_stats: [1.10e-04 5.89e-05] (3.36e-05, 1.21e-03)
INFO:root:[548,   232] loss: 5.639404e-03 masks: 22.2 17.1 [wd: 3.39e-01] [lr: 1.88e-04] [mem: 5.74e+03] (182.2 ms)
INFO:root:[548,   232] grad_stats: [2.53e-04 6.42e-05] (4.10e-05, 2.85e-03)
INFO:root:avg. loss 5.63940381e-03
INFO:root:time taken for epoch 0:00:56.239391
INFO:root:Epoch 549
INFO:root:[549,     0] loss: 5.600477e-03 masks: 25.0 16.0 [wd: 3.39e-01] [lr: 1.88e-04] [mem: 5.74e+03] (315.2 ms)
INFO:root:[549,     0] grad_stats: [9.47e-05 6.62e-05] (4.10e-05, 1.68e-03)
INFO:root:[549,   116] loss: 5.653587e-03 masks: 22.2 17.0 [wd: 3.40e-01] [lr: 1.87e-04] [mem: 5.74e+03] (285.7 ms)
INFO:root:[549,   116] grad_stats: [1.78e-04 6.22e-05] (4.21e-05, 2.91e-03)
INFO:root:[549,   232] loss: 5.614196e-03 masks: 22.3 17.2 [wd: 3.40e-01] [lr: 1.86e-04] [mem: 5.74e+03] (267.3 ms)
INFO:root:[549,   232] grad_stats: [1.42e-04 6.18e-05] (4.29e-05, 1.98e-03)
INFO:root:avg. loss 5.61419640e-03
INFO:root:time taken for epoch 0:01:16.851530
INFO:root:Epoch 550
INFO:root:[550,     0] loss: 5.236990e-03 masks: 26.0 16.0 [wd: 3.40e-01] [lr: 1.86e-04] [mem: 5.74e+03] (308.7 ms)
INFO:root:[550,     0] grad_stats: [1.32e-04 6.55e-05] (3.90e-05, 2.41e-03)
INFO:root:[550,   116] loss: 5.666633e-03 masks: 21.6 17.3 [wd: 3.40e-01] [lr: 1.85e-04] [mem: 5.74e+03] (282.8 ms)
INFO:root:[550,   116] grad_stats: [2.64e-04 5.70e-05] (4.00e-05, 1.52e-03)
INFO:root:[550,   232] loss: 5.598785e-03 masks: 21.7 17.4 [wd: 3.40e-01] [lr: 1.84e-04] [mem: 5.74e+03] (266.4 ms)
INFO:root:[550,   232] grad_stats: [1.68e-04 5.71e-05] (4.04e-05, 1.39e-03)
INFO:root:avg. loss 5.59878509e-03
INFO:root:time taken for epoch 0:01:16.599732
INFO:root:Epoch 551
INFO:root:[551,     0] loss: 4.764635e-03 masks: 20.0 20.0 [wd: 3.40e-01] [lr: 1.84e-04] [mem: 5.74e+03] (306.6 ms)
INFO:root:[551,     0] grad_stats: [1.71e-04 5.20e-05] (3.13e-05, 7.58e-04)
INFO:root:[551,   116] loss: 5.581915e-03 masks: 21.3 17.4 [wd: 3.41e-01] [lr: 1.83e-04] [mem: 5.74e+03] (281.6 ms)
INFO:root:[551,   116] grad_stats: [1.14e-04 7.75e-05] (4.11e-05, 1.27e-03)
INFO:root:[551,   232] loss: 5.580103e-03 masks: 21.8 17.3 [wd: 3.41e-01] [lr: 1.82e-04] [mem: 5.74e+03] (269.2 ms)
INFO:root:[551,   232] grad_stats: [1.09e-04 6.83e-05] (3.87e-05, 2.44e-03)
INFO:root:avg. loss 5.58010300e-03
INFO:root:time taken for epoch 0:01:17.181614
INFO:root:Epoch 552
INFO:root:[552,     0] loss: 5.923044e-03 masks: 18.0 20.0 [wd: 3.41e-01] [lr: 1.82e-04] [mem: 5.74e+03] (258.3 ms)
INFO:root:[552,     0] grad_stats: [1.79e-04 5.13e-05] (3.69e-05, 2.03e-03)
INFO:root:[552,   116] loss: 5.628029e-03 masks: 21.3 17.4 [wd: 3.41e-01] [lr: 1.82e-04] [mem: 5.74e+03] (280.3 ms)
INFO:root:[552,   116] grad_stats: [1.65e-04 1.01e-04] (5.09e-05, 1.94e-03)
INFO:root:[552,   232] loss: 5.659654e-03 masks: 21.9 17.2 [wd: 3.42e-01] [lr: 1.81e-04] [mem: 5.74e+03] (268.7 ms)
INFO:root:[552,   232] grad_stats: [1.80e-04 6.72e-05] (4.23e-05, 1.09e-03)
INFO:root:avg. loss 5.65965375e-03
INFO:root:time taken for epoch 0:01:17.162438
INFO:root:Epoch 553
INFO:root:[553,     0] loss: 5.841918e-03 masks: 25.0 16.0 [wd: 3.42e-01] [lr: 1.81e-04] [mem: 5.74e+03] (179.0 ms)
INFO:root:[553,     0] grad_stats: [1.98e-04 6.87e-05] (4.36e-05, 1.59e-03)
INFO:root:[553,   116] loss: 5.591177e-03 masks: 22.3 17.2 [wd: 3.42e-01] [lr: 1.80e-04] [mem: 5.74e+03] (261.2 ms)
INFO:root:[553,   116] grad_stats: [2.33e-04 8.38e-05] (5.87e-05, 1.20e-03)
INFO:root:[553,   232] loss: 5.659840e-03 masks: 21.9 17.1 [wd: 3.42e-01] [lr: 1.79e-04] [mem: 5.74e+03] (271.3 ms)
INFO:root:[553,   232] grad_stats: [1.23e-04 6.90e-05] (3.92e-05, 3.61e-03)
INFO:root:avg. loss 5.65983950e-03
INFO:root:time taken for epoch 0:01:17.594918
INFO:root:Epoch 554
INFO:root:[554,     0] loss: 6.884743e-03 masks: 17.0 16.0 [wd: 3.42e-01] [lr: 1.79e-04] [mem: 5.74e+03] (180.3 ms)
INFO:root:[554,     0] grad_stats: [2.79e-04 7.69e-05] (4.78e-05, 1.17e-03)
INFO:root:[554,   116] loss: 5.691585e-03 masks: 22.1 17.1 [wd: 3.42e-01] [lr: 1.78e-04] [mem: 5.74e+03] (280.8 ms)
INFO:root:[554,   116] grad_stats: [9.34e-05 5.36e-05] (3.59e-05, 3.04e-03)
INFO:root:[554,   232] loss: 5.652460e-03 masks: 21.6 17.4 [wd: 3.43e-01] [lr: 1.77e-04] [mem: 5.74e+03] (280.4 ms)
INFO:root:[554,   232] grad_stats: [1.35e-04 6.34e-05] (4.74e-05, 1.71e-03)
INFO:root:avg. loss 5.65246048e-03
INFO:root:time taken for epoch 0:01:19.932146
INFO:root:Epoch 555
INFO:root:[555,     0] loss: 5.793145e-03 masks: 23.0 16.0 [wd: 3.43e-01] [lr: 1.77e-04] [mem: 5.74e+03] (295.8 ms)
INFO:root:[555,     0] grad_stats: [1.02e-04 5.63e-05] (3.80e-05, 2.61e-03)
INFO:root:[555,   116] loss: 5.716667e-03 masks: 21.7 17.2 [wd: 3.43e-01] [lr: 1.77e-04] [mem: 5.74e+03] (282.8 ms)
INFO:root:[555,   116] grad_stats: [1.58e-04 5.74e-05] (3.48e-05, 7.95e-04)
INFO:root:[555,   232] loss: 5.705936e-03 masks: 22.4 17.0 [wd: 3.43e-01] [lr: 1.76e-04] [mem: 5.74e+03] (286.2 ms)
INFO:root:[555,   232] grad_stats: [1.62e-04 7.99e-05] (4.52e-05, 1.56e-03)
INFO:root:avg. loss 5.70593564e-03
INFO:root:time taken for epoch 0:01:21.311915
INFO:root:Epoch 556
INFO:root:[556,     0] loss: 5.217333e-03 masks: 20.0 20.0 [wd: 3.43e-01] [lr: 1.76e-04] [mem: 5.74e+03] (288.6 ms)
INFO:root:[556,     0] grad_stats: [1.36e-04 7.39e-05] (3.95e-05, 1.26e-03)
INFO:root:[556,   116] loss: 5.603613e-03 masks: 21.3 17.4 [wd: 3.43e-01] [lr: 1.75e-04] [mem: 5.74e+03] (281.4 ms)
INFO:root:[556,   116] grad_stats: [2.52e-04 5.38e-05] (3.35e-05, 1.40e-03)
INFO:root:[556,   232] loss: 5.618744e-03 masks: 21.7 17.3 [wd: 3.44e-01] [lr: 1.74e-04] [mem: 5.74e+03] (279.5 ms)
INFO:root:[556,   232] grad_stats: [1.32e-04 6.29e-05] (4.42e-05, 1.13e-03)
INFO:root:avg. loss 5.61874385e-03
INFO:root:time taken for epoch 0:01:19.714006
INFO:root:Epoch 557
INFO:root:[557,     0] loss: 5.343384e-03 masks: 27.0 16.0 [wd: 3.44e-01] [lr: 1.74e-04] [mem: 5.74e+03] (322.8 ms)
INFO:root:[557,     0] grad_stats: [1.34e-04 5.28e-05] (4.28e-05, 2.09e-03)
INFO:root:[557,   116] loss: 5.566203e-03 masks: 22.7 17.2 [wd: 3.44e-01] [lr: 1.73e-04] [mem: 5.74e+03] (287.8 ms)
INFO:root:[557,   116] grad_stats: [1.02e-04 6.00e-05] (3.89e-05, 1.43e-03)
INFO:root:[557,   232] loss: 5.622109e-03 masks: 21.9 17.4 [wd: 3.44e-01] [lr: 1.72e-04] [mem: 5.74e+03] (274.7 ms)
INFO:root:[557,   232] grad_stats: [2.13e-04 7.00e-05] (4.90e-05, 2.85e-03)
INFO:root:avg. loss 5.62210856e-03
INFO:root:time taken for epoch 0:01:18.612542
INFO:root:Epoch 558
INFO:root:[558,     0] loss: 5.526306e-03 masks: 15.0 20.0 [wd: 3.44e-01] [lr: 1.72e-04] [mem: 5.74e+03] (156.6 ms)
INFO:root:[558,     0] grad_stats: [1.29e-04 6.32e-05] (4.56e-05, 1.53e-03)
INFO:root:[558,   116] loss: 5.634692e-03 masks: 21.8 17.3 [wd: 3.45e-01] [lr: 1.71e-04] [mem: 5.74e+03] (249.6 ms)
INFO:root:[558,   116] grad_stats: [1.08e-04 6.57e-05] (4.39e-05, 2.79e-03)
INFO:root:[558,   232] loss: 5.628640e-03 masks: 21.6 17.4 [wd: 3.45e-01] [lr: 1.71e-04] [mem: 5.74e+03] (267.1 ms)
INFO:root:[558,   232] grad_stats: [1.36e-04 6.59e-05] (4.06e-05, 1.27e-03)
INFO:root:avg. loss 5.62863984e-03
INFO:root:time taken for epoch 0:01:16.629546
INFO:root:Epoch 559
INFO:root:[559,     0] loss: 5.210883e-03 masks: 18.0 20.0 [wd: 3.45e-01] [lr: 1.71e-04] [mem: 5.74e+03] (191.6 ms)
INFO:root:[559,     0] grad_stats: [1.52e-04 7.09e-05] (4.27e-05, 9.73e-04)
INFO:root:[559,   116] loss: 5.531985e-03 masks: 21.2 17.7 [wd: 3.45e-01] [lr: 1.70e-04] [mem: 5.74e+03] (259.6 ms)
INFO:root:[559,   116] grad_stats: [2.75e-04 6.53e-05] (4.71e-05, 2.71e-03)
INFO:root:[559,   232] loss: 5.637004e-03 masks: 21.6 17.5 [wd: 3.45e-01] [lr: 1.69e-04] [mem: 5.74e+03] (271.9 ms)
INFO:root:[559,   232] grad_stats: [3.06e-04 1.05e-04] (5.84e-05, 4.63e-03)
INFO:root:avg. loss 5.63700428e-03
INFO:root:time taken for epoch 0:01:17.809926
INFO:root:Epoch 560
INFO:root:[560,     0] loss: 5.108159e-03 masks: 20.0 20.0 [wd: 3.45e-01] [lr: 1.69e-04] [mem: 5.74e+03] (197.6 ms)
INFO:root:[560,     0] grad_stats: [1.03e-04 6.50e-05] (3.92e-05, 1.73e-03)
INFO:root:[560,   116] loss: 5.647707e-03 masks: 21.3 17.6 [wd: 3.46e-01] [lr: 1.68e-04] [mem: 5.74e+03] (271.6 ms)
INFO:root:[560,   116] grad_stats: [2.48e-04 7.39e-05] (4.39e-05, 2.46e-03)
INFO:root:[560,   232] loss: 5.691031e-03 masks: 21.8 17.2 [wd: 3.46e-01] [lr: 1.67e-04] [mem: 5.74e+03] (278.8 ms)
INFO:root:[560,   232] grad_stats: [1.38e-04 5.41e-05] (3.77e-05, 1.91e-03)
INFO:root:avg. loss 5.69103129e-03
INFO:root:	Epoch 560, KNN accuracy train: 7.56009e-01, KNN accuracy train: 6.36000e-01
INFO:root:time taken for epoch 0:02:13.571612
INFO:root:Epoch 561
INFO:root:[561,     0] loss: 5.816580e-03 masks: 23.0 16.0 [wd: 3.46e-01] [lr: 1.67e-04] [mem: 5.74e+03] (197.7 ms)
INFO:root:[561,     0] grad_stats: [2.72e-04 6.57e-05] (4.18e-05, 3.26e-03)
INFO:root:[561,   116] loss: 5.702813e-03 masks: 22.2 17.1 [wd: 3.46e-01] [lr: 1.67e-04] [mem: 5.74e+03] (244.7 ms)
INFO:root:[561,   116] grad_stats: [1.74e-04 7.74e-05] (5.39e-05, 2.52e-03)
INFO:root:[561,   232] loss: 5.690237e-03 masks: 22.1 17.1 [wd: 3.46e-01] [lr: 1.66e-04] [mem: 5.74e+03] (265.3 ms)
INFO:root:[561,   232] grad_stats: [1.70e-04 7.87e-05] (5.13e-05, 2.36e-03)
INFO:root:avg. loss 5.69023748e-03
INFO:root:time taken for epoch 0:01:16.221972
INFO:root:Epoch 562
INFO:root:[562,     0] loss: 5.341071e-03 masks: 18.0 20.0 [wd: 3.46e-01] [lr: 1.66e-04] [mem: 5.74e+03] (191.5 ms)
INFO:root:[562,     0] grad_stats: [1.27e-04 6.81e-05] (4.62e-05, 3.03e-03)
INFO:root:[562,   116] loss: 5.691340e-03 masks: 21.6 17.2 [wd: 3.47e-01] [lr: 1.65e-04] [mem: 5.74e+03] (205.0 ms)
INFO:root:[562,   116] grad_stats: [1.08e-04 4.95e-05] (3.37e-05, 1.36e-03)
INFO:root:[562,   232] loss: 5.684508e-03 masks: 21.9 17.2 [wd: 3.47e-01] [lr: 1.64e-04] [mem: 5.74e+03] (214.4 ms)
INFO:root:[562,   232] grad_stats: [1.52e-04 7.36e-05] (4.80e-05, 2.02e-03)
INFO:root:avg. loss 5.68450841e-03
INFO:root:time taken for epoch 0:01:04.416536
INFO:root:Epoch 563
INFO:root:[563,     0] loss: 6.771735e-03 masks: 33.0 12.0 [wd: 3.47e-01] [lr: 1.64e-04] [mem: 5.74e+03] (305.7 ms)
INFO:root:[563,     0] grad_stats: [2.01e-04 7.11e-05] (4.92e-05, 1.96e-03)
INFO:root:[563,   116] loss: 5.601992e-03 masks: 21.9 17.4 [wd: 3.47e-01] [lr: 1.63e-04] [mem: 5.74e+03] (284.5 ms)
INFO:root:[563,   116] grad_stats: [1.61e-04 5.55e-05] (3.50e-05, 1.61e-03)
INFO:root:[563,   232] loss: 5.607417e-03 masks: 21.8 17.5 [wd: 3.48e-01] [lr: 1.62e-04] [mem: 5.74e+03] (249.8 ms)
INFO:root:[563,   232] grad_stats: [1.21e-04 6.00e-05] (3.87e-05, 1.41e-03)
INFO:root:avg. loss 5.60741668e-03
INFO:root:time taken for epoch 0:01:12.609688
INFO:root:Epoch 564
INFO:root:[564,     0] loss: 5.828948e-03 masks: 36.0 12.0 [wd: 3.48e-01] [lr: 1.62e-04] [mem: 5.74e+03] (355.9 ms)
INFO:root:[564,     0] grad_stats: [2.22e-04 5.47e-05] (4.45e-05, 2.94e-03)
INFO:root:[564,   116] loss: 5.642649e-03 masks: 23.1 16.9 [wd: 3.48e-01] [lr: 1.62e-04] [mem: 5.74e+03] (289.9 ms)
INFO:root:[564,   116] grad_stats: [1.37e-04 8.14e-05] (5.21e-05, 1.12e-03)
INFO:root:[564,   232] loss: 5.645146e-03 masks: 22.4 17.2 [wd: 3.48e-01] [lr: 1.61e-04] [mem: 5.74e+03] (257.6 ms)
INFO:root:[564,   232] grad_stats: [1.04e-04 6.39e-05] (4.23e-05, 1.76e-03)
INFO:root:avg. loss 5.64514564e-03
INFO:root:time taken for epoch 0:01:14.389505
INFO:root:Epoch 565
INFO:root:[565,     0] loss: 5.475570e-03 masks: 25.0 16.0 [wd: 3.48e-01] [lr: 1.61e-04] [mem: 5.74e+03] (271.5 ms)
INFO:root:[565,     0] grad_stats: [1.70e-04 5.89e-05] (4.39e-05, 1.55e-03)
INFO:root:[565,   116] loss: 5.746336e-03 masks: 22.5 17.0 [wd: 3.48e-01] [lr: 1.60e-04] [mem: 5.74e+03] (287.4 ms)
INFO:root:[565,   116] grad_stats: [2.02e-04 6.32e-05] (5.02e-05, 9.15e-03)
INFO:root:[565,   232] loss: 5.704658e-03 masks: 22.6 17.1 [wd: 3.49e-01] [lr: 1.59e-04] [mem: 5.74e+03] (265.4 ms)
INFO:root:[565,   232] grad_stats: [1.27e-04 6.11e-05] (4.55e-05, 2.59e-03)
INFO:root:avg. loss 5.70465806e-03
INFO:root:time taken for epoch 0:01:16.351972
INFO:root:Epoch 566
INFO:root:[566,     0] loss: 6.520096e-03 masks: 21.0 16.0 [wd: 3.49e-01] [lr: 1.59e-04] [mem: 5.74e+03] (260.2 ms)
INFO:root:[566,     0] grad_stats: [2.76e-04 7.73e-05] (6.05e-05, 1.91e-03)
INFO:root:[566,   116] loss: 5.626016e-03 masks: 22.2 17.3 [wd: 3.49e-01] [lr: 1.58e-04] [mem: 5.74e+03] (286.2 ms)
INFO:root:[566,   116] grad_stats: [3.42e-04 9.15e-05] (5.24e-05, 3.60e-03)
INFO:root:[566,   232] loss: 5.634931e-03 masks: 22.0 17.3 [wd: 3.49e-01] [lr: 1.58e-04] [mem: 5.74e+03] (267.0 ms)
INFO:root:[566,   232] grad_stats: [1.27e-04 7.56e-05] (5.08e-05, 1.72e-03)
INFO:root:avg. loss 5.63493072e-03
INFO:root:time taken for epoch 0:01:16.728565
INFO:root:Epoch 567
INFO:root:[567,     0] loss: 5.630775e-03 masks: 13.0 20.0 [wd: 3.49e-01] [lr: 1.58e-04] [mem: 5.74e+03] (252.7 ms)
INFO:root:[567,     0] grad_stats: [9.53e-05 6.63e-05] (4.18e-05, 1.27e-03)
INFO:root:[567,   116] loss: 5.617290e-03 masks: 22.3 17.2 [wd: 3.49e-01] [lr: 1.57e-04] [mem: 5.74e+03] (286.8 ms)
INFO:root:[567,   116] grad_stats: [8.26e-05 6.12e-05] (3.83e-05, 2.27e-03)
INFO:root:[567,   232] loss: 5.655358e-03 masks: 22.0 17.2 [wd: 3.50e-01] [lr: 1.56e-04] [mem: 5.74e+03] (268.9 ms)
INFO:root:[567,   232] grad_stats: [1.55e-04 1.10e-04] (6.54e-05, 2.59e-03)
INFO:root:avg. loss 5.65535836e-03
INFO:root:time taken for epoch 0:01:17.129389
INFO:root:Epoch 568
INFO:root:[568,     0] loss: 5.569864e-03 masks: 23.0 16.0 [wd: 3.50e-01] [lr: 1.56e-04] [mem: 5.74e+03] (172.4 ms)
INFO:root:[568,     0] grad_stats: [1.52e-04 7.33e-05] (5.15e-05, 5.47e-03)
INFO:root:[568,   116] loss: 5.707769e-03 masks: 21.7 17.3 [wd: 3.50e-01] [lr: 1.55e-04] [mem: 5.74e+03] (217.3 ms)
INFO:root:[568,   116] grad_stats: [3.18e-04 6.54e-05] (4.81e-05, 1.48e-03)
INFO:root:[568,   232] loss: 5.737334e-03 masks: 22.0 17.2 [wd: 3.50e-01] [lr: 1.54e-04] [mem: 5.74e+03] (251.9 ms)
INFO:root:[568,   232] grad_stats: [2.61e-04 7.86e-05] (4.76e-05, 1.94e-03)
INFO:root:avg. loss 5.73733371e-03
INFO:root:time taken for epoch 0:01:12.763140
INFO:root:Epoch 569
INFO:root:[569,     0] loss: 5.503627e-03 masks: 15.0 20.0 [wd: 3.50e-01] [lr: 1.54e-04] [mem: 5.74e+03] (246.3 ms)
INFO:root:[569,     0] grad_stats: [2.14e-04 5.45e-05] (4.35e-05, 1.30e-03)
INFO:root:[569,   116] loss: 5.627617e-03 masks: 21.9 17.3 [wd: 3.50e-01] [lr: 1.54e-04] [mem: 5.74e+03] (202.7 ms)
INFO:root:[569,   116] grad_stats: [3.52e-04 7.14e-05] (4.99e-05, 1.27e-03)
INFO:root:[569,   232] loss: 5.625196e-03 masks: 21.9 17.3 [wd: 3.51e-01] [lr: 1.53e-04] [mem: 5.74e+03] (188.3 ms)
INFO:root:[569,   232] grad_stats: [1.44e-04 7.70e-05] (4.54e-05, 2.07e-03)
INFO:root:avg. loss 5.62519552e-03
INFO:root:time taken for epoch 0:00:58.201018
INFO:root:Epoch 570
INFO:root:[570,     0] loss: 5.155323e-03 masks: 20.0 20.0 [wd: 3.51e-01] [lr: 1.53e-04] [mem: 5.74e+03] (169.6 ms)
INFO:root:[570,     0] grad_stats: [1.28e-04 6.59e-05] (3.76e-05, 1.42e-03)
INFO:root:[570,   116] loss: 5.611391e-03 masks: 21.6 17.6 [wd: 3.51e-01] [lr: 1.52e-04] [mem: 5.74e+03] (171.7 ms)
INFO:root:[570,   116] grad_stats: [2.75e-04 7.52e-05] (4.89e-05, 1.38e-03)
INFO:root:[570,   232] loss: 5.615195e-03 masks: 21.9 17.4 [wd: 3.51e-01] [lr: 1.51e-04] [mem: 5.74e+03] (173.0 ms)
INFO:root:[570,   232] grad_stats: [8.95e-05 6.24e-05] (4.41e-05, 1.69e-03)
INFO:root:avg. loss 5.61519483e-03
INFO:root:time taken for epoch 0:00:53.976348
INFO:root:Epoch 571
INFO:root:[571,     0] loss: 5.290187e-03 masks: 25.0 16.0 [wd: 3.51e-01] [lr: 1.51e-04] [mem: 5.74e+03] (177.0 ms)
INFO:root:[571,     0] grad_stats: [1.72e-04 5.99e-05] (4.28e-05, 1.28e-03)
INFO:root:[571,   116] loss: 5.623643e-03 masks: 22.0 17.4 [wd: 3.51e-01] [lr: 1.50e-04] [mem: 5.74e+03] (172.6 ms)
INFO:root:[571,   116] grad_stats: [1.02e-04 5.51e-05] (3.44e-05, 8.19e-04)
INFO:root:[571,   232] loss: 5.618897e-03 masks: 21.8 17.4 [wd: 3.52e-01] [lr: 1.50e-04] [mem: 5.74e+03] (172.6 ms)
INFO:root:[571,   232] grad_stats: [1.68e-04 5.91e-05] (3.92e-05, 2.22e-03)
INFO:root:avg. loss 5.61889709e-03
INFO:root:time taken for epoch 0:00:53.966257
INFO:root:Epoch 572
INFO:root:[572,     0] loss: 5.796700e-03 masks: 23.0 16.0 [wd: 3.52e-01] [lr: 1.50e-04] [mem: 5.74e+03] (172.1 ms)
INFO:root:[572,     0] grad_stats: [1.21e-04 1.07e-04] (6.05e-05, 2.15e-03)
INFO:root:[572,   116] loss: 5.613576e-03 masks: 22.9 17.1 [wd: 3.52e-01] [lr: 1.49e-04] [mem: 5.74e+03] (174.7 ms)
INFO:root:[572,   116] grad_stats: [1.10e-04 8.42e-05] (4.17e-05, 1.76e-03)
INFO:root:[572,   232] loss: 5.628222e-03 masks: 22.2 17.3 [wd: 3.52e-01] [lr: 1.48e-04] [mem: 5.74e+03] (173.6 ms)
INFO:root:[572,   232] grad_stats: [1.20e-04 5.83e-05] (4.37e-05, 1.68e-03)
INFO:root:avg. loss 5.62822195e-03
INFO:root:time taken for epoch 0:00:54.169357
INFO:root:Epoch 573
INFO:root:[573,     0] loss: 5.423396e-03 masks: 18.0 20.0 [wd: 3.52e-01] [lr: 1.48e-04] [mem: 5.74e+03] (161.2 ms)
INFO:root:[573,     0] grad_stats: [1.08e-04 7.49e-05] (4.43e-05, 1.31e-03)
INFO:root:[573,   116] loss: 5.602132e-03 masks: 21.5 17.5 [wd: 3.52e-01] [lr: 1.47e-04] [mem: 5.74e+03] (171.3 ms)
INFO:root:[573,   116] grad_stats: [1.12e-04 6.66e-05] (4.62e-05, 2.06e-03)
INFO:root:[573,   232] loss: 5.626170e-03 masks: 21.8 17.5 [wd: 3.53e-01] [lr: 1.47e-04] [mem: 5.74e+03] (172.5 ms)
INFO:root:[573,   232] grad_stats: [2.78e-04 8.09e-05] (5.39e-05, 1.14e-03)
INFO:root:avg. loss 5.62617017e-03
INFO:root:time taken for epoch 0:00:53.976106
INFO:root:Epoch 574
INFO:root:[574,     0] loss: 4.867775e-03 masks: 21.0 20.0 [wd: 3.53e-01] [lr: 1.47e-04] [mem: 5.74e+03] (172.9 ms)
INFO:root:[574,     0] grad_stats: [2.31e-04 7.42e-05] (3.86e-05, 1.19e-03)
INFO:root:[574,   116] loss: 5.661724e-03 masks: 22.2 17.2 [wd: 3.53e-01] [lr: 1.46e-04] [mem: 5.74e+03] (172.7 ms)
INFO:root:[574,   116] grad_stats: [1.38e-04 7.90e-05] (4.89e-05, 1.37e-03)
INFO:root:[574,   232] loss: 5.676826e-03 masks: 21.9 17.2 [wd: 3.53e-01] [lr: 1.45e-04] [mem: 5.74e+03] (172.5 ms)
INFO:root:[574,   232] grad_stats: [1.43e-04 7.69e-05] (4.93e-05, 1.01e-03)
INFO:root:avg. loss 5.67682635e-03
INFO:root:time taken for epoch 0:00:53.985618
INFO:root:Epoch 575
INFO:root:[575,     0] loss: 6.120732e-03 masks: 22.0 16.0 [wd: 3.53e-01] [lr: 1.45e-04] [mem: 5.74e+03] (169.0 ms)
INFO:root:[575,     0] grad_stats: [1.38e-04 8.34e-05] (5.70e-05, 1.74e-03)
INFO:root:[575,   116] loss: 5.642166e-03 masks: 21.7 17.4 [wd: 3.54e-01] [lr: 1.44e-04] [mem: 5.74e+03] (171.8 ms)
INFO:root:[575,   116] grad_stats: [2.28e-04 6.01e-05] (4.13e-05, 1.53e-03)
INFO:root:[575,   232] loss: 5.658331e-03 masks: 21.4 17.5 [wd: 3.54e-01] [lr: 1.43e-04] [mem: 5.74e+03] (171.5 ms)
INFO:root:[575,   232] grad_stats: [1.37e-04 8.90e-05] (4.54e-05, 1.38e-03)
INFO:root:avg. loss 5.65833139e-03
INFO:root:time taken for epoch 0:00:53.653847
INFO:root:Epoch 576
INFO:root:[576,     0] loss: 5.721453e-03 masks: 27.0 16.0 [wd: 3.54e-01] [lr: 1.43e-04] [mem: 5.74e+03] (183.7 ms)
INFO:root:[576,     0] grad_stats: [1.24e-04 6.83e-05] (3.97e-05, 1.11e-03)
INFO:root:[576,   116] loss: 5.693998e-03 masks: 21.2 17.4 [wd: 3.54e-01] [lr: 1.43e-04] [mem: 5.74e+03] (170.2 ms)
INFO:root:[576,   116] grad_stats: [1.67e-04 7.15e-05] (5.16e-05, 1.56e-03)
INFO:root:[576,   232] loss: 5.689624e-03 masks: 21.7 17.3 [wd: 3.54e-01] [lr: 1.42e-04] [mem: 5.74e+03] (171.9 ms)
INFO:root:[576,   232] grad_stats: [2.70e-04 7.98e-05] (4.19e-05, 1.70e-03)
INFO:root:avg. loss 5.68962388e-03
INFO:root:time taken for epoch 0:00:53.637625
INFO:root:Epoch 577
INFO:root:[577,     0] loss: 5.448988e-03 masks: 26.0 16.0 [wd: 3.54e-01] [lr: 1.42e-04] [mem: 5.74e+03] (179.7 ms)
INFO:root:[577,     0] grad_stats: [1.20e-04 6.69e-05] (4.64e-05, 9.65e-04)
INFO:root:[577,   116] loss: 5.802080e-03 masks: 22.3 17.1 [wd: 3.55e-01] [lr: 1.41e-04] [mem: 5.74e+03] (172.9 ms)
INFO:root:[577,   116] grad_stats: [1.12e-04 6.95e-05] (4.90e-05, 2.38e-03)
INFO:root:[577,   232] loss: 5.717353e-03 masks: 22.1 17.3 [wd: 3.55e-01] [lr: 1.40e-04] [mem: 5.74e+03] (173.1 ms)
INFO:root:[577,   232] grad_stats: [7.99e-05 5.34e-05] (3.79e-05, 8.12e-04)
INFO:root:avg. loss 5.71735312e-03
INFO:root:time taken for epoch 0:00:54.042327
INFO:root:Epoch 578
INFO:root:[578,     0] loss: 6.283032e-03 masks: 23.0 16.0 [wd: 3.55e-01] [lr: 1.40e-04] [mem: 5.74e+03] (171.1 ms)
INFO:root:[578,     0] grad_stats: [2.80e-04 6.23e-05] (4.09e-05, 1.04e-03)
INFO:root:[578,   116] loss: 5.696729e-03 masks: 21.8 17.3 [wd: 3.55e-01] [lr: 1.40e-04] [mem: 5.74e+03] (171.8 ms)
INFO:root:[578,   116] grad_stats: [1.76e-04 6.86e-05] (4.19e-05, 1.27e-03)
INFO:root:[578,   232] loss: 5.697776e-03 masks: 21.8 17.3 [wd: 3.55e-01] [lr: 1.39e-04] [mem: 5.74e+03] (172.1 ms)
INFO:root:[578,   232] grad_stats: [3.24e-04 6.46e-05] (4.56e-05, 1.48e-03)
INFO:root:avg. loss 5.69777619e-03
INFO:root:time taken for epoch 0:00:53.711215
INFO:root:Epoch 579
INFO:root:[579,     0] loss: 4.910630e-03 masks: 29.0 16.0 [wd: 3.55e-01] [lr: 1.39e-04] [mem: 5.74e+03] (188.1 ms)
INFO:root:[579,     0] grad_stats: [1.64e-04 5.36e-05] (3.75e-05, 2.10e-03)
INFO:root:[579,   116] loss: 5.772335e-03 masks: 22.4 17.0 [wd: 3.56e-01] [lr: 1.38e-04] [mem: 5.74e+03] (173.1 ms)
INFO:root:[579,   116] grad_stats: [1.33e-04 7.36e-05] (4.68e-05, 1.46e-03)
INFO:root:[579,   232] loss: 5.729608e-03 masks: 22.0 17.3 [wd: 3.56e-01] [lr: 1.37e-04] [mem: 5.74e+03] (172.6 ms)
INFO:root:[579,   232] grad_stats: [1.97e-04 7.76e-05] (5.16e-05, 2.77e-03)
INFO:root:avg. loss 5.72960803e-03
INFO:root:time taken for epoch 0:00:53.872432
INFO:root:Epoch 580
INFO:root:[580,     0] loss: 6.840623e-03 masks: 34.0 12.0 [wd: 3.56e-01] [lr: 1.37e-04] [mem: 5.74e+03] (194.8 ms)
INFO:root:[580,     0] grad_stats: [1.62e-04 7.42e-05] (5.35e-05, 4.53e-03)
INFO:root:[580,   116] loss: 5.786661e-03 masks: 22.6 16.8 [wd: 3.56e-01] [lr: 1.37e-04] [mem: 5.74e+03] (173.1 ms)
INFO:root:[580,   116] grad_stats: [1.07e-04 7.22e-05] (3.88e-05, 1.09e-03)
INFO:root:[580,   232] loss: 5.762417e-03 masks: 22.5 16.9 [wd: 3.56e-01] [lr: 1.36e-04] [mem: 5.74e+03] (173.6 ms)
INFO:root:[580,   232] grad_stats: [1.06e-04 5.84e-05] (3.86e-05, 1.44e-03)
INFO:root:avg. loss 5.76241741e-03
INFO:root:	Epoch 580, KNN accuracy train: 7.65451e-01, KNN accuracy train: 6.53000e-01
INFO:root:time taken for epoch 0:01:36.648757
INFO:root:Epoch 581
INFO:root:[581,     0] loss: 5.317657e-03 masks: 16.0 20.0 [wd: 3.56e-01] [lr: 1.36e-04] [mem: 5.74e+03] (155.4 ms)
INFO:root:[581,     0] grad_stats: [1.31e-04 8.16e-05] (4.20e-05, 1.21e-03)
INFO:root:[581,   116] loss: 5.718479e-03 masks: 21.7 17.3 [wd: 3.57e-01] [lr: 1.35e-04] [mem: 5.74e+03] (171.0 ms)
INFO:root:[581,   116] grad_stats: [1.04e-04 8.03e-05] (4.90e-05, 2.27e-03)
INFO:root:[581,   232] loss: 5.691306e-03 masks: 21.9 17.3 [wd: 3.57e-01] [lr: 1.34e-04] [mem: 5.74e+03] (172.2 ms)
INFO:root:[581,   232] grad_stats: [1.45e-04 6.05e-05] (4.11e-05, 1.65e-03)
INFO:root:avg. loss 5.69130573e-03
INFO:root:time taken for epoch 0:00:53.804717
INFO:root:Epoch 582
INFO:root:[582,     0] loss: 6.806619e-03 masks: 17.0 16.0 [wd: 3.57e-01] [lr: 1.34e-04] [mem: 5.74e+03] (155.3 ms)
INFO:root:[582,     0] grad_stats: [1.88e-04 1.11e-04] (5.66e-05, 1.98e-03)
INFO:root:[582,   116] loss: 5.578257e-03 masks: 21.6 17.8 [wd: 3.57e-01] [lr: 1.34e-04] [mem: 5.74e+03] (171.8 ms)
INFO:root:[582,   116] grad_stats: [1.05e-04 5.05e-05] (3.82e-05, 1.26e-03)
INFO:root:[582,   232] loss: 5.647039e-03 masks: 21.7 17.5 [wd: 3.57e-01] [lr: 1.33e-04] [mem: 5.74e+03] (172.2 ms)
INFO:root:[582,   232] grad_stats: [2.13e-04 6.00e-05] (4.07e-05, 1.51e-03)
INFO:root:avg. loss 5.64703859e-03
INFO:root:time taken for epoch 0:00:53.844169
INFO:root:Epoch 583
INFO:root:[583,     0] loss: 5.749728e-03 masks: 24.0 16.0 [wd: 3.57e-01] [lr: 1.33e-04] [mem: 5.74e+03] (174.4 ms)
INFO:root:[583,     0] grad_stats: [3.94e-04 8.48e-05] (5.14e-05, 1.75e-03)
INFO:root:[583,   116] loss: 5.707667e-03 masks: 22.9 17.1 [wd: 3.57e-01] [lr: 1.32e-04] [mem: 5.74e+03] (174.5 ms)
INFO:root:[583,   116] grad_stats: [1.31e-04 7.63e-05] (5.72e-05, 1.88e-03)
INFO:root:[583,   232] loss: 5.735963e-03 masks: 23.0 16.9 [wd: 3.58e-01] [lr: 1.31e-04] [mem: 5.74e+03] (174.9 ms)
INFO:root:[583,   232] grad_stats: [1.26e-04 7.58e-05] (5.46e-05, 1.25e-03)
INFO:root:avg. loss 5.73596284e-03
INFO:root:time taken for epoch 0:00:54.502872
INFO:root:Epoch 584
INFO:root:[584,     0] loss: 4.476289e-03 masks: 19.0 20.0 [wd: 3.58e-01] [lr: 1.31e-04] [mem: 5.74e+03] (166.7 ms)
INFO:root:[584,     0] grad_stats: [7.42e-05 5.63e-05] (3.49e-05, 9.61e-04)
INFO:root:[584,   116] loss: 5.669659e-03 masks: 21.8 17.3 [wd: 3.58e-01] [lr: 1.31e-04] [mem: 5.74e+03] (171.7 ms)
INFO:root:[584,   116] grad_stats: [1.39e-04 8.83e-05] (3.97e-05, 1.64e-03)
INFO:root:[584,   232] loss: 5.709125e-03 masks: 21.7 17.4 [wd: 3.58e-01] [lr: 1.30e-04] [mem: 5.74e+03] (172.0 ms)
INFO:root:[584,   232] grad_stats: [2.43e-04 9.48e-05] (5.49e-05, 1.50e-03)
INFO:root:avg. loss 5.70912459e-03
INFO:root:time taken for epoch 0:00:53.689438
INFO:root:Epoch 585
INFO:root:[585,     0] loss: 5.607993e-03 masks: 15.0 20.0 [wd: 3.58e-01] [lr: 1.30e-04] [mem: 5.74e+03] (154.0 ms)
INFO:root:[585,     0] grad_stats: [1.81e-04 5.99e-05] (4.41e-05, 1.23e-03)
INFO:root:[585,   116] loss: 5.674326e-03 masks: 22.0 17.3 [wd: 3.58e-01] [lr: 1.29e-04] [mem: 5.74e+03] (172.0 ms)
INFO:root:[585,   116] grad_stats: [1.51e-04 7.36e-05] (5.22e-05, 1.98e-03)
INFO:root:[585,   232] loss: 5.744241e-03 masks: 22.0 17.2 [wd: 3.59e-01] [lr: 1.28e-04] [mem: 5.74e+03] (172.5 ms)
INFO:root:[585,   232] grad_stats: [9.84e-05 5.74e-05] (4.46e-05, 1.61e-03)
INFO:root:avg. loss 5.74424057e-03
INFO:root:time taken for epoch 0:00:53.878518
INFO:root:Epoch 586
INFO:root:[586,     0] loss: 6.685653e-03 masks: 17.0 16.0 [wd: 3.59e-01] [lr: 1.28e-04] [mem: 5.74e+03] (155.5 ms)
INFO:root:[586,     0] grad_stats: [1.22e-04 8.21e-05] (4.74e-05, 1.88e-03)
INFO:root:[586,   116] loss: 5.689219e-03 masks: 21.7 17.5 [wd: 3.59e-01] [lr: 1.28e-04] [mem: 5.74e+03] (171.7 ms)
INFO:root:[586,   116] grad_stats: [1.59e-04 9.48e-05] (5.56e-05, 1.76e-03)
INFO:root:[586,   232] loss: 5.726599e-03 masks: 21.9 17.4 [wd: 3.59e-01] [lr: 1.27e-04] [mem: 5.74e+03] (172.5 ms)
INFO:root:[586,   232] grad_stats: [1.57e-04 6.95e-05] (4.52e-05, 3.54e-03)
INFO:root:avg. loss 5.72659934e-03
INFO:root:time taken for epoch 0:00:53.949582
INFO:root:Epoch 587
INFO:root:[587,     0] loss: 6.529901e-03 masks: 22.0 16.0 [wd: 3.59e-01] [lr: 1.27e-04] [mem: 5.74e+03] (166.9 ms)
INFO:root:[587,     0] grad_stats: [1.67e-04 8.78e-05] (5.77e-05, 2.55e-03)
INFO:root:[587,   116] loss: 5.687537e-03 masks: 21.6 17.4 [wd: 3.59e-01] [lr: 1.26e-04] [mem: 5.74e+03] (171.2 ms)
INFO:root:[587,   116] grad_stats: [1.13e-04 5.90e-05] (3.86e-05, 1.80e-03)
INFO:root:[587,   232] loss: 5.704281e-03 masks: 21.7 17.4 [wd: 3.60e-01] [lr: 1.25e-04] [mem: 5.74e+03] (172.0 ms)
INFO:root:[587,   232] grad_stats: [1.70e-04 6.43e-05] (4.53e-05, 2.15e-03)
INFO:root:avg. loss 5.70428062e-03
INFO:root:time taken for epoch 0:00:53.764018
INFO:root:Epoch 588
INFO:root:[588,     0] loss: 5.709922e-03 masks: 25.0 16.0 [wd: 3.60e-01] [lr: 1.25e-04] [mem: 5.74e+03] (177.4 ms)
INFO:root:[588,     0] grad_stats: [1.25e-04 7.25e-05] (5.56e-05, 3.02e-03)
INFO:root:[588,   116] loss: 5.756236e-03 masks: 22.3 17.0 [wd: 3.60e-01] [lr: 1.25e-04] [mem: 5.74e+03] (172.7 ms)
INFO:root:[588,   116] grad_stats: [1.59e-04 8.48e-05] (5.49e-05, 2.31e-03)
INFO:root:[588,   232] loss: 5.731078e-03 masks: 21.9 17.2 [wd: 3.60e-01] [lr: 1.24e-04] [mem: 5.74e+03] (172.2 ms)
INFO:root:[588,   232] grad_stats: [1.85e-04 7.48e-05] (5.28e-05, 1.83e-03)
INFO:root:avg. loss 5.73107830e-03
INFO:root:time taken for epoch 0:00:53.822379
INFO:root:Epoch 589
INFO:root:[589,     0] loss: 5.325260e-03 masks: 17.0 20.0 [wd: 3.60e-01] [lr: 1.24e-04] [mem: 5.74e+03] (161.2 ms)
INFO:root:[589,     0] grad_stats: [1.24e-04 7.97e-05] (4.63e-05, 1.51e-03)
INFO:root:[589,   116] loss: 5.620918e-03 masks: 21.7 17.5 [wd: 3.60e-01] [lr: 1.23e-04] [mem: 5.74e+03] (171.6 ms)
INFO:root:[589,   116] grad_stats: [1.12e-04 6.03e-05] (4.29e-05, 3.41e-03)
INFO:root:[589,   232] loss: 5.745573e-03 masks: 22.3 17.2 [wd: 3.61e-01] [lr: 1.22e-04] [mem: 5.74e+03] (173.3 ms)
INFO:root:[589,   232] grad_stats: [1.66e-04 1.10e-04] (5.86e-05, 3.18e-03)
INFO:root:avg. loss 5.74557315e-03
INFO:root:time taken for epoch 0:00:53.939069
INFO:root:Epoch 590
INFO:root:[590,     0] loss: 5.921221e-03 masks: 20.0 16.0 [wd: 3.61e-01] [lr: 1.22e-04] [mem: 5.74e+03] (164.8 ms)
INFO:root:[590,     0] grad_stats: [3.87e-04 9.83e-05] (6.68e-05, 4.79e-03)
INFO:root:[590,   116] loss: 5.686920e-03 masks: 21.5 17.4 [wd: 3.61e-01] [lr: 1.22e-04] [mem: 5.74e+03] (171.2 ms)
INFO:root:[590,   116] grad_stats: [2.23e-04 7.19e-05] (5.16e-05, 1.23e-03)
INFO:root:[590,   232] loss: 5.681967e-03 masks: 21.7 17.5 [wd: 3.61e-01] [lr: 1.21e-04] [mem: 5.74e+03] (172.0 ms)
INFO:root:[590,   232] grad_stats: [1.49e-04 7.03e-05] (5.65e-05, 3.76e-03)
INFO:root:avg. loss 5.68196711e-03
INFO:root:time taken for epoch 0:00:53.790539
INFO:root:Epoch 591
INFO:root:[591,     0] loss: 5.088468e-03 masks: 13.0 20.0 [wd: 3.61e-01] [lr: 1.21e-04] [mem: 5.74e+03] (150.2 ms)
INFO:root:[591,     0] grad_stats: [2.51e-04 6.38e-05] (4.86e-05, 1.53e-03)
INFO:root:[591,   116] loss: 5.743016e-03 masks: 22.0 17.2 [wd: 3.61e-01] [lr: 1.20e-04] [mem: 5.74e+03] (172.3 ms)
INFO:root:[591,   116] grad_stats: [1.44e-04 5.53e-05] (4.36e-05, 1.59e-03)
INFO:root:[591,   232] loss: 5.721869e-03 masks: 22.1 17.2 [wd: 3.62e-01] [lr: 1.20e-04] [mem: 5.74e+03] (173.1 ms)
INFO:root:[591,   232] grad_stats: [1.77e-04 7.23e-05] (4.84e-05, 2.07e-03)
INFO:root:avg. loss 5.72186911e-03
INFO:root:time taken for epoch 0:00:54.005515
INFO:root:Epoch 592
INFO:root:[592,     0] loss: 6.669464e-03 masks: 21.0 16.0 [wd: 3.62e-01] [lr: 1.20e-04] [mem: 5.74e+03] (164.4 ms)
INFO:root:[592,     0] grad_stats: [1.29e-04 9.90e-05] (6.04e-05, 1.53e-03)
INFO:root:[592,   116] loss: 5.757140e-03 masks: 22.2 17.2 [wd: 3.62e-01] [lr: 1.19e-04] [mem: 5.74e+03] (172.8 ms)
INFO:root:[592,   116] grad_stats: [2.33e-04 5.01e-05] (4.15e-05, 1.70e-03)
INFO:root:[592,   232] loss: 5.686518e-03 masks: 21.7 17.5 [wd: 3.62e-01] [lr: 1.18e-04] [mem: 5.74e+03] (172.1 ms)
INFO:root:[592,   232] grad_stats: [1.18e-04 5.60e-05] (4.88e-05, 2.19e-03)
INFO:root:avg. loss 5.68651796e-03
INFO:root:time taken for epoch 0:00:53.738785
INFO:root:Epoch 593
INFO:root:[593,     0] loss: 5.001450e-03 masks: 18.0 20.0 [wd: 3.62e-01] [lr: 1.18e-04] [mem: 5.74e+03] (164.4 ms)
INFO:root:[593,     0] grad_stats: [1.45e-04 5.25e-05] (3.66e-05, 7.56e-04)
INFO:root:[593,   116] loss: 5.713471e-03 masks: 22.3 17.2 [wd: 3.62e-01] [lr: 1.17e-04] [mem: 5.74e+03] (172.9 ms)
INFO:root:[593,   116] grad_stats: [1.83e-04 6.50e-05] (4.78e-05, 1.67e-03)
INFO:root:[593,   232] loss: 5.694122e-03 masks: 21.5 17.5 [wd: 3.62e-01] [lr: 1.17e-04] [mem: 5.74e+03] (171.6 ms)
INFO:root:[593,   232] grad_stats: [1.01e-04 8.58e-05] (5.95e-05, 2.38e-03)
INFO:root:avg. loss 5.69412235e-03
INFO:root:time taken for epoch 0:00:53.724679
INFO:root:Epoch 594
INFO:root:[594,     0] loss: 6.318264e-03 masks: 17.0 16.0 [wd: 3.62e-01] [lr: 1.17e-04] [mem: 5.74e+03] (155.8 ms)
INFO:root:[594,     0] grad_stats: [2.67e-04 1.02e-04] (7.27e-05, 3.20e-03)
INFO:root:[594,   116] loss: 5.782901e-03 masks: 21.8 17.2 [wd: 3.63e-01] [lr: 1.16e-04] [mem: 5.74e+03] (171.7 ms)
INFO:root:[594,   116] grad_stats: [1.24e-04 6.41e-05] (4.24e-05, 1.05e-03)
INFO:root:[594,   232] loss: 5.752797e-03 masks: 21.9 17.2 [wd: 3.63e-01] [lr: 1.15e-04] [mem: 5.74e+03] (172.4 ms)
INFO:root:[594,   232] grad_stats: [1.11e-04 6.55e-05] (4.33e-05, 1.41e-03)
INFO:root:avg. loss 5.75279699e-03
INFO:root:time taken for epoch 0:00:53.927387
INFO:root:Epoch 595
INFO:root:[595,     0] loss: 5.431131e-03 masks: 16.0 20.0 [wd: 3.63e-01] [lr: 1.15e-04] [mem: 5.74e+03] (157.9 ms)
INFO:root:[595,     0] grad_stats: [1.80e-04 9.61e-05] (5.81e-05, 1.82e-03)
INFO:root:[595,   116] loss: 5.728240e-03 masks: 21.9 17.4 [wd: 3.63e-01] [lr: 1.15e-04] [mem: 5.74e+03] (172.1 ms)
INFO:root:[595,   116] grad_stats: [1.24e-04 9.56e-05] (5.94e-05, 3.16e-03)
INFO:root:[595,   232] loss: 5.750274e-03 masks: 22.1 17.3 [wd: 3.63e-01] [lr: 1.14e-04] [mem: 5.74e+03] (173.1 ms)
INFO:root:[595,   232] grad_stats: [2.08e-04 7.30e-05] (6.38e-05, 2.90e-03)
INFO:root:avg. loss 5.75027431e-03
INFO:root:time taken for epoch 0:00:54.136627
INFO:root:Epoch 596
INFO:root:[596,     0] loss: 5.462613e-03 masks: 25.0 16.0 [wd: 3.63e-01] [lr: 1.14e-04] [mem: 5.74e+03] (177.8 ms)
INFO:root:[596,     0] grad_stats: [1.37e-04 6.60e-05] (4.67e-05, 1.10e-03)
INFO:root:[596,   116] loss: 5.766479e-03 masks: 21.2 17.5 [wd: 3.64e-01] [lr: 1.13e-04] [mem: 5.74e+03] (170.2 ms)
INFO:root:[596,   116] grad_stats: [1.79e-04 9.75e-05] (7.87e-05, 3.51e-03)
INFO:root:[596,   232] loss: 5.712695e-03 masks: 21.0 17.6 [wd: 3.64e-01] [lr: 1.13e-04] [mem: 5.74e+03] (170.3 ms)
INFO:root:[596,   232] grad_stats: [1.60e-04 7.45e-05] (5.96e-05, 3.13e-03)
INFO:root:avg. loss 5.71269464e-03
INFO:root:time taken for epoch 0:00:53.380098
INFO:root:Epoch 597
INFO:root:[597,     0] loss: 6.725230e-03 masks: 23.0 16.0 [wd: 3.64e-01] [lr: 1.13e-04] [mem: 5.74e+03] (172.1 ms)
INFO:root:[597,     0] grad_stats: [1.49e-04 9.88e-05] (6.55e-05, 2.65e-03)
INFO:root:[597,   116] loss: 5.766189e-03 masks: 22.9 17.1 [wd: 3.64e-01] [lr: 1.12e-04] [mem: 5.74e+03] (174.6 ms)
INFO:root:[597,   116] grad_stats: [1.61e-04 7.06e-05] (5.58e-05, 1.88e-03)
INFO:root:[597,   232] loss: 5.717764e-03 masks: 22.6 17.2 [wd: 3.64e-01] [lr: 1.11e-04] [mem: 5.74e+03] (174.4 ms)
INFO:root:[597,   232] grad_stats: [1.47e-04 6.98e-05] (5.39e-05, 2.70e-03)
INFO:root:avg. loss 5.71776356e-03
INFO:root:time taken for epoch 0:00:54.337807
INFO:root:Epoch 598
INFO:root:[598,     0] loss: 5.254345e-03 masks: 19.0 20.0 [wd: 3.64e-01] [lr: 1.11e-04] [mem: 5.74e+03] (167.4 ms)
INFO:root:[598,     0] grad_stats: [1.82e-04 7.05e-05] (5.12e-05, 2.29e-03)
INFO:root:[598,   116] loss: 5.745619e-03 masks: 21.8 17.4 [wd: 3.65e-01] [lr: 1.10e-04] [mem: 5.74e+03] (172.0 ms)
INFO:root:[598,   116] grad_stats: [4.41e-04 8.28e-05] (6.02e-05, 2.65e-03)
INFO:root:[598,   232] loss: 5.678569e-03 masks: 21.6 17.5 [wd: 3.65e-01] [lr: 1.10e-04] [mem: 5.74e+03] (172.0 ms)
INFO:root:[598,   232] grad_stats: [1.26e-04 6.19e-05] (3.85e-05, 2.48e-03)
INFO:root:avg. loss 5.67856874e-03
INFO:root:time taken for epoch 0:00:53.819309
INFO:root:Epoch 599
INFO:root:[599,     0] loss: 6.067525e-03 masks: 23.0 16.0 [wd: 3.65e-01] [lr: 1.10e-04] [mem: 5.74e+03] (169.4 ms)
INFO:root:[599,     0] grad_stats: [2.00e-04 8.05e-05] (5.80e-05, 2.65e-03)
INFO:root:[599,   116] loss: 5.647670e-03 masks: 22.1 17.4 [wd: 3.65e-01] [lr: 1.09e-04] [mem: 5.74e+03] (172.7 ms)
INFO:root:[599,   116] grad_stats: [3.38e-04 8.22e-05] (6.63e-05, 2.42e-03)
INFO:root:[599,   232] loss: 5.664846e-03 masks: 21.9 17.5 [wd: 3.65e-01] [lr: 1.08e-04] [mem: 5.74e+03] (172.7 ms)
INFO:root:[599,   232] grad_stats: [1.42e-04 7.26e-05] (4.78e-05, 1.77e-03)
INFO:root:avg. loss 5.66484642e-03
INFO:root:time taken for epoch 0:00:53.822415
INFO:root:Epoch 600
INFO:root:[600,     0] loss: 6.277501e-03 masks: 33.0 12.0 [wd: 3.65e-01] [lr: 1.08e-04] [mem: 5.74e+03] (193.7 ms)
INFO:root:[600,     0] grad_stats: [2.56e-04 7.78e-05] (5.71e-05, 3.43e-03)
INFO:root:[600,   116] loss: 5.695976e-03 masks: 21.3 17.5 [wd: 3.65e-01] [lr: 1.08e-04] [mem: 5.74e+03] (170.5 ms)
INFO:root:[600,   116] grad_stats: [1.06e-04 8.81e-05] (5.49e-05, 1.52e-03)
INFO:root:[600,   232] loss: 5.703649e-03 masks: 21.7 17.4 [wd: 3.66e-01] [lr: 1.07e-04] [mem: 5.74e+03] (172.2 ms)
INFO:root:[600,   232] grad_stats: [1.59e-04 6.45e-05] (4.11e-05, 9.83e-04)
INFO:root:avg. loss 5.70364901e-03
INFO:root:	Epoch 600, KNN accuracy train: 7.62017e-01, KNN accuracy train: 6.49000e-01
INFO:root:time taken for epoch 0:01:36.316997
INFO:root:Epoch 601
INFO:root:[601,     0] loss: 5.916968e-03 masks: 25.0 16.0 [wd: 3.66e-01] [lr: 1.07e-04] [mem: 5.74e+03] (176.1 ms)
INFO:root:[601,     0] grad_stats: [1.20e-04 6.21e-05] (5.03e-05, 2.56e-03)
INFO:root:[601,   116] loss: 5.834408e-03 masks: 22.0 17.1 [wd: 3.66e-01] [lr: 1.06e-04] [mem: 5.74e+03] (171.5 ms)
INFO:root:[601,   116] grad_stats: [1.16e-04 6.11e-05] (4.45e-05, 1.10e-03)
INFO:root:[601,   232] loss: 5.764889e-03 masks: 22.3 17.2 [wd: 3.66e-01] [lr: 1.06e-04] [mem: 5.74e+03] (172.8 ms)
INFO:root:[601,   232] grad_stats: [2.58e-04 8.42e-05] (5.57e-05, 1.70e-03)
INFO:root:avg. loss 5.76488933e-03
INFO:root:time taken for epoch 0:00:53.867987
INFO:root:Epoch 602
INFO:root:[602,     0] loss: 6.183604e-03 masks: 23.0 16.0 [wd: 3.66e-01] [lr: 1.06e-04] [mem: 5.74e+03] (169.5 ms)
INFO:root:[602,     0] grad_stats: [2.00e-04 8.12e-05] (6.00e-05, 2.16e-03)
INFO:root:[602,   116] loss: 5.725898e-03 masks: 22.0 17.3 [wd: 3.66e-01] [lr: 1.05e-04] [mem: 5.74e+03] (172.1 ms)
INFO:root:[602,   116] grad_stats: [1.83e-04 7.33e-05] (5.01e-05, 2.96e-03)
INFO:root:[602,   232] loss: 5.686409e-03 masks: 21.9 17.4 [wd: 3.67e-01] [lr: 1.04e-04] [mem: 5.74e+03] (172.3 ms)
INFO:root:[602,   232] grad_stats: [3.22e-04 6.55e-05] (4.81e-05, 1.69e-03)
INFO:root:avg. loss 5.68640874e-03
INFO:root:time taken for epoch 0:00:53.712374
INFO:root:Epoch 603
INFO:root:[603,     0] loss: 6.393619e-03 masks: 33.0 12.0 [wd: 3.67e-01] [lr: 1.04e-04] [mem: 5.74e+03] (192.0 ms)
INFO:root:[603,     0] grad_stats: [2.21e-04 6.86e-05] (5.86e-05, 1.91e-03)
INFO:root:[603,   116] loss: 5.705292e-03 masks: 21.7 17.5 [wd: 3.67e-01] [lr: 1.04e-04] [mem: 5.74e+03] (171.6 ms)
INFO:root:[603,   116] grad_stats: [1.73e-04 1.07e-04] (7.69e-05, 2.42e-03)
INFO:root:[603,   232] loss: 5.763397e-03 masks: 22.6 17.1 [wd: 3.67e-01] [lr: 1.03e-04] [mem: 5.74e+03] (174.0 ms)
INFO:root:[603,   232] grad_stats: [2.72e-04 6.96e-05] (5.30e-05, 1.41e-03)
INFO:root:avg. loss 5.76339699e-03
INFO:root:time taken for epoch 0:00:54.295133
INFO:root:Epoch 604
INFO:root:[604,     0] loss: 6.201943e-03 masks: 14.0 20.0 [wd: 3.67e-01] [lr: 1.03e-04] [mem: 5.74e+03] (153.1 ms)
INFO:root:[604,     0] grad_stats: [2.44e-04 9.54e-05] (6.26e-05, 3.34e-03)
INFO:root:[604,   116] loss: 5.745262e-03 masks: 22.1 17.2 [wd: 3.67e-01] [lr: 1.02e-04] [mem: 5.74e+03] (172.5 ms)
INFO:root:[604,   116] grad_stats: [1.43e-04 6.87e-05] (4.60e-05, 1.22e-03)
INFO:root:[604,   232] loss: 5.714712e-03 masks: 22.1 17.4 [wd: 3.67e-01] [lr: 1.02e-04] [mem: 5.74e+03] (173.1 ms)
INFO:root:[604,   232] grad_stats: [9.68e-05 5.49e-05] (4.12e-05, 1.65e-03)
INFO:root:avg. loss 5.71471186e-03
INFO:root:time taken for epoch 0:00:54.000236
INFO:root:Epoch 605
INFO:root:[605,     0] loss: 5.505241e-03 masks: 28.0 16.0 [wd: 3.67e-01] [lr: 1.02e-04] [mem: 5.74e+03] (185.8 ms)
INFO:root:[605,     0] grad_stats: [1.10e-04 6.35e-05] (4.40e-05, 1.99e-03)
INFO:root:[605,   116] loss: 5.732022e-03 masks: 22.4 17.1 [wd: 3.68e-01] [lr: 1.01e-04] [mem: 5.74e+03] (173.2 ms)
INFO:root:[605,   116] grad_stats: [4.68e-04 1.03e-04] (6.67e-05, 2.45e-03)
INFO:root:[605,   232] loss: 5.748032e-03 masks: 22.0 17.2 [wd: 3.68e-01] [lr: 1.00e-04] [mem: 5.74e+03] (172.6 ms)
INFO:root:[605,   232] grad_stats: [1.12e-04 6.16e-05] (4.21e-05, 2.17e-03)
INFO:root:avg. loss 5.74803227e-03
INFO:root:time taken for epoch 0:00:53.798130
INFO:root:Epoch 606
INFO:root:[606,     0] loss: 5.435969e-03 masks: 27.0 16.0 [wd: 3.68e-01] [lr: 1.00e-04] [mem: 5.74e+03] (183.4 ms)
INFO:root:[606,     0] grad_stats: [1.93e-04 7.88e-05] (5.75e-05, 4.91e-03)
INFO:root:[606,   116] loss: 5.719451e-03 masks: 22.2 17.2 [wd: 3.68e-01] [lr: 9.97e-05] [mem: 5.74e+03] (172.7 ms)
INFO:root:[606,   116] grad_stats: [1.44e-04 8.42e-05] (5.48e-05, 2.03e-03)
INFO:root:[606,   232] loss: 5.768281e-03 masks: 22.1 17.1 [wd: 3.68e-01] [lr: 9.90e-05] [mem: 5.74e+03] (172.8 ms)
INFO:root:[606,   232] grad_stats: [4.95e-04 1.43e-04] (7.77e-05, 2.51e-03)
INFO:root:avg. loss 5.76828149e-03
INFO:root:time taken for epoch 0:00:54.049080
INFO:root:Epoch 607
INFO:root:[607,     0] loss: 5.927003e-03 masks: 25.0 16.0 [wd: 3.68e-01] [lr: 9.90e-05] [mem: 5.74e+03] (178.0 ms)
INFO:root:[607,     0] grad_stats: [1.23e-04 8.47e-05] (5.36e-05, 1.24e-03)
INFO:root:[607,   116] loss: 5.704941e-03 masks: 22.1 17.4 [wd: 3.68e-01] [lr: 9.84e-05] [mem: 5.74e+03] (172.8 ms)
INFO:root:[607,   116] grad_stats: [1.62e-04 8.58e-05] (6.78e-05, 2.83e-03)
INFO:root:[607,   232] loss: 5.728199e-03 masks: 22.1 17.3 [wd: 3.69e-01] [lr: 9.77e-05] [mem: 5.74e+03] (172.9 ms)
INFO:root:[607,   232] grad_stats: [1.38e-04 7.08e-05] (4.78e-05, 1.27e-03)
INFO:root:avg. loss 5.72819919e-03
INFO:root:time taken for epoch 0:00:53.945926
INFO:root:Epoch 608
INFO:root:[608,     0] loss: 6.128079e-03 masks: 25.0 16.0 [wd: 3.69e-01] [lr: 9.77e-05] [mem: 5.74e+03] (176.9 ms)
INFO:root:[608,     0] grad_stats: [1.44e-04 8.60e-05] (5.18e-05, 1.82e-03)
INFO:root:[608,   116] loss: 5.739636e-03 masks: 21.1 17.5 [wd: 3.69e-01] [lr: 9.70e-05] [mem: 5.74e+03] (170.2 ms)
INFO:root:[608,   116] grad_stats: [2.00e-04 9.39e-05] (7.26e-05, 6.26e-03)
INFO:root:[608,   232] loss: 5.793800e-03 masks: 21.3 17.3 [wd: 3.69e-01] [lr: 9.64e-05] [mem: 5.74e+03] (171.0 ms)
INFO:root:[608,   232] grad_stats: [5.54e-04 9.80e-05] (6.00e-05, 2.01e-03)
INFO:root:avg. loss 5.79380044e-03
INFO:root:time taken for epoch 0:00:53.717588
INFO:root:Epoch 609
INFO:root:[609,     0] loss: 6.240116e-03 masks: 23.0 16.0 [wd: 3.69e-01] [lr: 9.64e-05] [mem: 5.74e+03] (172.4 ms)
INFO:root:[609,     0] grad_stats: [9.90e-05 8.93e-05] (6.00e-05, 2.19e-03)
INFO:root:[609,   116] loss: 5.735239e-03 masks: 21.6 17.4 [wd: 3.69e-01] [lr: 9.57e-05] [mem: 5.74e+03] (171.0 ms)
INFO:root:[609,   116] grad_stats: [9.75e-05 8.22e-05] (5.90e-05, 1.98e-03)
INFO:root:[609,   232] loss: 5.733924e-03 masks: 21.4 17.5 [wd: 3.70e-01] [lr: 9.51e-05] [mem: 5.74e+03] (171.2 ms)
INFO:root:[609,   232] grad_stats: [1.57e-04 7.02e-05] (5.64e-05, 2.05e-03)
INFO:root:avg. loss 5.73392381e-03
INFO:root:time taken for epoch 0:00:53.597235
INFO:root:Epoch 610
INFO:root:[610,     0] loss: 5.928161e-03 masks: 26.0 16.0 [wd: 3.70e-01] [lr: 9.51e-05] [mem: 5.74e+03] (181.0 ms)
INFO:root:[610,     0] grad_stats: [1.47e-04 7.81e-05] (5.76e-05, 2.13e-03)
INFO:root:[610,   116] loss: 5.813473e-03 masks: 22.1 17.0 [wd: 3.70e-01] [lr: 9.45e-05] [mem: 5.74e+03] (172.1 ms)
INFO:root:[610,   116] grad_stats: [1.47e-04 7.52e-05] (5.31e-05, 1.37e-03)
INFO:root:[610,   232] loss: 5.782960e-03 masks: 22.1 17.2 [wd: 3.70e-01] [lr: 9.38e-05] [mem: 5.74e+03] (172.7 ms)
INFO:root:[610,   232] grad_stats: [1.15e-04 6.35e-05] (4.58e-05, 1.66e-03)
INFO:root:avg. loss 5.78295961e-03
INFO:root:time taken for epoch 0:00:53.973309
INFO:root:Epoch 611
INFO:root:[611,     0] loss: 5.197450e-03 masks: 20.0 20.0 [wd: 3.70e-01] [lr: 9.38e-05] [mem: 5.74e+03] (168.1 ms)
INFO:root:[611,     0] grad_stats: [2.42e-04 5.86e-05] (4.63e-05, 2.78e-03)
INFO:root:[611,   116] loss: 5.794757e-03 masks: 21.9 17.2 [wd: 3.70e-01] [lr: 9.32e-05] [mem: 5.74e+03] (171.7 ms)
INFO:root:[611,   116] grad_stats: [1.34e-04 1.06e-04] (5.97e-05, 2.65e-03)
INFO:root:[611,   232] loss: 5.754811e-03 masks: 21.9 17.3 [wd: 3.70e-01] [lr: 9.25e-05] [mem: 5.74e+03] (172.3 ms)
INFO:root:[611,   232] grad_stats: [8.97e-05 6.28e-05] (4.77e-05, 1.41e-03)
INFO:root:avg. loss 5.75481110e-03
INFO:root:time taken for epoch 0:00:53.926604
INFO:root:Epoch 612
INFO:root:[612,     0] loss: 4.987906e-03 masks: 20.0 20.0 [wd: 3.70e-01] [lr: 9.25e-05] [mem: 5.74e+03] (168.2 ms)
INFO:root:[612,     0] grad_stats: [1.83e-04 5.55e-05] (4.03e-05, 1.51e-03)
INFO:root:[612,   116] loss: 5.796261e-03 masks: 22.8 16.9 [wd: 3.71e-01] [lr: 9.19e-05] [mem: 5.74e+03] (174.1 ms)
INFO:root:[612,   116] grad_stats: [4.16e-04 1.03e-04] (6.65e-05, 2.21e-03)
INFO:root:[612,   232] loss: 5.801707e-03 masks: 22.8 16.9 [wd: 3.71e-01] [lr: 9.13e-05] [mem: 5.74e+03] (174.4 ms)
INFO:root:[612,   232] grad_stats: [1.95e-04 1.23e-04] (7.23e-05, 2.56e-03)
INFO:root:avg. loss 5.80170678e-03
INFO:root:time taken for epoch 0:00:54.353791
INFO:root:Epoch 613
INFO:root:[613,     0] loss: 6.042877e-03 masks: 20.0 16.0 [wd: 3.71e-01] [lr: 9.13e-05] [mem: 5.74e+03] (162.3 ms)
INFO:root:[613,     0] grad_stats: [2.33e-04 8.28e-05] (5.60e-05, 1.50e-03)
INFO:root:[613,   116] loss: 5.839042e-03 masks: 22.2 17.2 [wd: 3.71e-01] [lr: 9.06e-05] [mem: 5.74e+03] (172.5 ms)
INFO:root:[613,   116] grad_stats: [1.48e-04 9.75e-05] (6.62e-05, 1.77e-03)
INFO:root:[613,   232] loss: 5.799784e-03 masks: 21.9 17.3 [wd: 3.71e-01] [lr: 9.00e-05] [mem: 5.74e+03] (172.4 ms)
INFO:root:[613,   232] grad_stats: [2.49e-04 9.48e-05] (5.29e-05, 2.11e-03)
INFO:root:avg. loss 5.79978381e-03
INFO:root:time taken for epoch 0:00:53.772519
INFO:root:Epoch 614
INFO:root:[614,     0] loss: 5.602516e-03 masks: 16.0 20.0 [wd: 3.71e-01] [lr: 9.00e-05] [mem: 5.74e+03] (158.0 ms)
INFO:root:[614,     0] grad_stats: [1.82e-04 8.39e-05] (6.02e-05, 2.50e-03)
INFO:root:[614,   116] loss: 5.702253e-03 masks: 20.9 17.6 [wd: 3.71e-01] [lr: 8.94e-05] [mem: 5.74e+03] (169.6 ms)
INFO:root:[614,   116] grad_stats: [1.72e-04 9.93e-05] (7.32e-05, 2.03e-03)
INFO:root:[614,   232] loss: 5.764322e-03 masks: 21.7 17.4 [wd: 3.72e-01] [lr: 8.87e-05] [mem: 5.74e+03] (172.0 ms)
INFO:root:[614,   232] grad_stats: [2.00e-04 8.49e-05] (5.47e-05, 1.88e-03)
INFO:root:avg. loss 5.76432178e-03
INFO:root:time taken for epoch 0:00:53.801326
INFO:root:Epoch 615
INFO:root:[615,     0] loss: 6.092381e-03 masks: 23.0 16.0 [wd: 3.72e-01] [lr: 8.87e-05] [mem: 5.74e+03] (170.4 ms)
INFO:root:[615,     0] grad_stats: [2.61e-04 7.81e-05] (5.89e-05, 1.83e-03)
INFO:root:[615,   116] loss: 5.817189e-03 masks: 22.3 17.1 [wd: 3.72e-01] [lr: 8.81e-05] [mem: 5.74e+03] (172.8 ms)
INFO:root:[615,   116] grad_stats: [1.74e-04 7.42e-05] (5.32e-05, 2.29e-03)
INFO:root:[615,   232] loss: 5.793508e-03 masks: 21.9 17.3 [wd: 3.72e-01] [lr: 8.75e-05] [mem: 5.74e+03] (172.5 ms)
INFO:root:[615,   232] grad_stats: [1.35e-04 1.16e-04] (6.85e-05, 2.97e-03)
INFO:root:avg. loss 5.79350823e-03
INFO:root:time taken for epoch 0:00:53.854581
INFO:root:Epoch 616
INFO:root:[616,     0] loss: 6.976342e-03 masks: 34.0 12.0 [wd: 3.72e-01] [lr: 8.75e-05] [mem: 5.74e+03] (196.2 ms)
INFO:root:[616,     0] grad_stats: [2.18e-04 8.53e-05] (7.06e-05, 2.35e-03)
INFO:root:[616,   116] loss: 5.798119e-03 masks: 21.7 17.2 [wd: 3.72e-01] [lr: 8.69e-05] [mem: 5.74e+03] (171.3 ms)
INFO:root:[616,   116] grad_stats: [1.09e-04 8.68e-05] (6.19e-05, 2.31e-03)
INFO:root:[616,   232] loss: 5.808957e-03 masks: 21.8 17.3 [wd: 3.72e-01] [lr: 8.63e-05] [mem: 5.74e+03] (171.9 ms)
INFO:root:[616,   232] grad_stats: [2.05e-04 9.03e-05] (5.69e-05, 1.78e-03)
INFO:root:avg. loss 5.80895740e-03
INFO:root:time taken for epoch 0:00:53.641103
INFO:root:Epoch 617
INFO:root:[617,     0] loss: 6.026166e-03 masks: 27.0 16.0 [wd: 3.72e-01] [lr: 8.63e-05] [mem: 5.74e+03] (184.1 ms)
INFO:root:[617,     0] grad_stats: [1.94e-04 8.16e-05] (4.74e-05, 1.80e-03)
INFO:root:[617,   116] loss: 5.831106e-03 masks: 21.5 17.2 [wd: 3.73e-01] [lr: 8.56e-05] [mem: 5.74e+03] (170.8 ms)
INFO:root:[617,   116] grad_stats: [1.52e-04 7.39e-05] (5.22e-05, 4.71e-03)
INFO:root:[617,   232] loss: 5.817116e-03 masks: 22.0 17.2 [wd: 3.73e-01] [lr: 8.50e-05] [mem: 5.74e+03] (172.4 ms)
INFO:root:[617,   232] grad_stats: [2.25e-04 9.62e-05] (6.72e-05, 2.15e-03)
INFO:root:avg. loss 5.81711647e-03
INFO:root:time taken for epoch 0:00:53.940449
INFO:root:Epoch 618
INFO:root:[618,     0] loss: 5.040274e-03 masks: 20.0 20.0 [wd: 3.73e-01] [lr: 8.50e-05] [mem: 5.74e+03] (168.4 ms)
INFO:root:[618,     0] grad_stats: [1.29e-04 6.13e-05] (4.28e-05, 1.33e-03)
INFO:root:[618,   116] loss: 5.783483e-03 masks: 21.4 17.3 [wd: 3.73e-01] [lr: 8.44e-05] [mem: 5.74e+03] (170.6 ms)
INFO:root:[618,   116] grad_stats: [1.43e-04 8.02e-05] (5.01e-05, 1.36e-03)
INFO:root:[618,   232] loss: 5.744089e-03 masks: 21.5 17.5 [wd: 3.73e-01] [lr: 8.38e-05] [mem: 5.74e+03] (171.6 ms)
INFO:root:[618,   232] grad_stats: [1.72e-04 1.31e-04] (7.01e-05, 2.22e-03)
INFO:root:avg. loss 5.74408857e-03
INFO:root:time taken for epoch 0:00:53.614701
INFO:root:Epoch 619
INFO:root:[619,     0] loss: 5.436791e-03 masks: 18.0 20.0 [wd: 3.73e-01] [lr: 8.38e-05] [mem: 5.74e+03] (163.6 ms)
INFO:root:[619,     0] grad_stats: [1.68e-04 7.15e-05] (5.32e-05, 1.38e-03)
INFO:root:[619,   116] loss: 5.795090e-03 masks: 22.2 17.2 [wd: 3.73e-01] [lr: 8.32e-05] [mem: 5.74e+03] (172.7 ms)
INFO:root:[619,   116] grad_stats: [1.40e-04 9.16e-05] (7.03e-05, 2.33e-03)
INFO:root:[619,   232] loss: 5.786438e-03 masks: 22.3 17.2 [wd: 3.74e-01] [lr: 8.26e-05] [mem: 5.74e+03] (173.4 ms)
INFO:root:[619,   232] grad_stats: [4.38e-04 7.52e-05] (6.02e-05, 2.49e-03)
INFO:root:avg. loss 5.78643831e-03
INFO:root:time taken for epoch 0:00:54.021494
INFO:root:Epoch 620
INFO:root:[620,     0] loss: 5.028944e-03 masks: 25.0 16.0 [wd: 3.74e-01] [lr: 8.26e-05] [mem: 5.74e+03] (175.3 ms)
INFO:root:[620,     0] grad_stats: [1.45e-04 7.18e-05] (4.95e-05, 2.31e-03)
INFO:root:[620,   116] loss: 5.830676e-03 masks: 22.0 17.2 [wd: 3.74e-01] [lr: 8.20e-05] [mem: 5.74e+03] (172.2 ms)
INFO:root:[620,   116] grad_stats: [1.25e-04 9.98e-05] (6.75e-05, 1.81e-03)
INFO:root:[620,   232] loss: 5.791063e-03 masks: 21.7 17.4 [wd: 3.74e-01] [lr: 8.14e-05] [mem: 5.74e+03] (172.1 ms)
INFO:root:[620,   232] grad_stats: [3.07e-04 1.10e-04] (7.06e-05, 3.90e-03)
INFO:root:avg. loss 5.79106311e-03
INFO:root:	Epoch 620, KNN accuracy train: 7.72175e-01, KNN accuracy train: 6.61333e-01
INFO:root:time taken for epoch 0:01:36.230734
INFO:root:Epoch 621
INFO:root:[621,     0] loss: 6.170003e-03 masks: 25.0 16.0 [wd: 3.74e-01] [lr: 8.14e-05] [mem: 5.74e+03] (176.3 ms)
INFO:root:[621,     0] grad_stats: [2.80e-04 8.02e-05] (5.73e-05, 2.64e-03)
INFO:root:[621,   116] loss: 5.726168e-03 masks: 21.9 17.3 [wd: 3.74e-01] [lr: 8.08e-05] [mem: 5.74e+03] (171.4 ms)
INFO:root:[621,   116] grad_stats: [1.36e-04 7.43e-05] (5.27e-05, 2.16e-03)
INFO:root:[621,   232] loss: 5.756696e-03 masks: 21.8 17.3 [wd: 3.74e-01] [lr: 8.02e-05] [mem: 5.74e+03] (171.8 ms)
INFO:root:[621,   232] grad_stats: [2.82e-04 1.04e-04] (6.17e-05, 2.20e-03)
INFO:root:avg. loss 5.75669595e-03
INFO:root:time taken for epoch 0:00:53.478652
INFO:root:Epoch 622
INFO:root:[622,     0] loss: 5.860058e-03 masks: 24.0 16.0 [wd: 3.74e-01] [lr: 8.02e-05] [mem: 5.74e+03] (175.1 ms)
INFO:root:[622,     0] grad_stats: [1.77e-04 8.93e-05] (6.38e-05, 2.25e-03)
INFO:root:[622,   116] loss: 5.827336e-03 masks: 22.1 17.1 [wd: 3.75e-01] [lr: 7.96e-05] [mem: 5.74e+03] (172.1 ms)
INFO:root:[622,   116] grad_stats: [1.88e-04 7.59e-05] (6.35e-05, 1.94e-03)
INFO:root:[622,   232] loss: 5.748176e-03 masks: 22.1 17.3 [wd: 3.75e-01] [lr: 7.90e-05] [mem: 5.74e+03] (172.9 ms)
INFO:root:[622,   232] grad_stats: [3.68e-04 8.57e-05] (6.67e-05, 1.56e-03)
INFO:root:avg. loss 5.74817626e-03
INFO:root:time taken for epoch 0:00:53.935553
INFO:root:Epoch 623
INFO:root:[623,     0] loss: 7.029523e-03 masks: 20.0 16.0 [wd: 3.75e-01] [lr: 7.90e-05] [mem: 5.74e+03] (165.2 ms)
INFO:root:[623,     0] grad_stats: [1.79e-04 9.84e-05] (6.68e-05, 2.03e-03)
INFO:root:[623,   116] loss: 5.736963e-03 masks: 21.5 17.6 [wd: 3.75e-01] [lr: 7.84e-05] [mem: 5.74e+03] (171.4 ms)
INFO:root:[623,   116] grad_stats: [2.50e-04 8.54e-05] (6.69e-05, 2.99e-03)
INFO:root:[623,   232] loss: 5.742536e-03 masks: 21.2 17.6 [wd: 3.75e-01] [lr: 7.78e-05] [mem: 5.74e+03] (171.0 ms)
INFO:root:[623,   232] grad_stats: [1.68e-04 1.17e-04] (7.59e-05, 3.83e-03)
INFO:root:avg. loss 5.74253567e-03
INFO:root:time taken for epoch 0:00:53.561936
INFO:root:Epoch 624
INFO:root:[624,     0] loss: 5.076802e-03 masks: 16.0 20.0 [wd: 3.75e-01] [lr: 7.78e-05] [mem: 5.74e+03] (159.2 ms)
INFO:root:[624,     0] grad_stats: [1.78e-04 1.06e-04] (7.39e-05, 4.45e-03)
INFO:root:[624,   116] loss: 5.753709e-03 masks: 21.8 17.3 [wd: 3.75e-01] [lr: 7.72e-05] [mem: 5.74e+03] (171.5 ms)
INFO:root:[624,   116] grad_stats: [1.05e-04 7.22e-05] (5.40e-05, 1.94e-03)
INFO:root:[624,   232] loss: 5.740217e-03 masks: 22.0 17.3 [wd: 3.76e-01] [lr: 7.66e-05] [mem: 5.74e+03] (172.8 ms)
INFO:root:[624,   232] grad_stats: [1.24e-04 9.44e-05] (6.14e-05, 2.02e-03)
INFO:root:avg. loss 5.74021723e-03
INFO:root:time taken for epoch 0:00:53.791022
INFO:root:Epoch 625
INFO:root:[625,     0] loss: 5.828347e-03 masks: 24.0 16.0 [wd: 3.76e-01] [lr: 7.66e-05] [mem: 5.74e+03] (175.5 ms)
INFO:root:[625,     0] grad_stats: [1.51e-04 8.29e-05] (6.58e-05, 4.49e-03)
INFO:root:[625,   116] loss: 5.822314e-03 masks: 23.0 16.9 [wd: 3.76e-01] [lr: 7.61e-05] [mem: 5.74e+03] (174.5 ms)
INFO:root:[625,   116] grad_stats: [2.15e-04 8.95e-05] (7.56e-05, 7.43e-03)
INFO:root:[625,   232] loss: 5.799976e-03 masks: 22.3 17.1 [wd: 3.76e-01] [lr: 7.55e-05] [mem: 5.74e+03] (173.2 ms)
INFO:root:[625,   232] grad_stats: [3.32e-04 9.45e-05] (7.95e-05, 3.95e-03)
INFO:root:avg. loss 5.79997557e-03
INFO:root:time taken for epoch 0:00:54.049393
INFO:root:Epoch 626
INFO:root:[626,     0] loss: 5.130632e-03 masks: 19.0 20.0 [wd: 3.76e-01] [lr: 7.55e-05] [mem: 5.74e+03] (166.9 ms)
INFO:root:[626,     0] grad_stats: [1.34e-04 9.24e-05] (6.15e-05, 1.67e-03)
INFO:root:[626,   116] loss: 5.801466e-03 masks: 21.5 17.4 [wd: 3.76e-01] [lr: 7.49e-05] [mem: 5.74e+03] (171.0 ms)
INFO:root:[626,   116] grad_stats: [1.35e-04 7.74e-05] (5.80e-05, 1.85e-03)
INFO:root:[626,   232] loss: 5.844521e-03 masks: 21.9 17.2 [wd: 3.76e-01] [lr: 7.43e-05] [mem: 5.74e+03] (172.3 ms)
INFO:root:[626,   232] grad_stats: [9.48e-05 7.23e-05] (5.41e-05, 1.45e-03)
INFO:root:avg. loss 5.84452085e-03
INFO:root:time taken for epoch 0:00:53.703723
INFO:root:Epoch 627
INFO:root:[627,     0] loss: 5.849596e-03 masks: 17.0 20.0 [wd: 3.76e-01] [lr: 7.43e-05] [mem: 5.74e+03] (160.8 ms)
INFO:root:[627,     0] grad_stats: [2.00e-04 9.00e-05] (6.75e-05, 2.33e-03)
INFO:root:[627,   116] loss: 5.805401e-03 masks: 21.5 17.4 [wd: 3.76e-01] [lr: 7.37e-05] [mem: 5.74e+03] (171.1 ms)
INFO:root:[627,   116] grad_stats: [1.97e-04 1.01e-04] (7.27e-05, 6.02e-03)
INFO:root:[627,   232] loss: 5.828363e-03 masks: 21.7 17.4 [wd: 3.77e-01] [lr: 7.32e-05] [mem: 5.74e+03] (171.8 ms)
INFO:root:[627,   232] grad_stats: [1.82e-04 1.54e-04] (7.96e-05, 2.25e-03)
INFO:root:avg. loss 5.82836250e-03
INFO:root:time taken for epoch 0:00:53.727788
INFO:root:Epoch 628
INFO:root:[628,     0] loss: 5.264607e-03 masks: 18.0 20.0 [wd: 3.77e-01] [lr: 7.32e-05] [mem: 5.74e+03] (164.4 ms)
INFO:root:[628,     0] grad_stats: [1.18e-04 6.53e-05] (4.64e-05, 1.75e-03)
INFO:root:[628,   116] loss: 5.744346e-03 masks: 21.2 17.6 [wd: 3.77e-01] [lr: 7.26e-05] [mem: 5.74e+03] (170.3 ms)
INFO:root:[628,   116] grad_stats: [9.86e-05 8.30e-05] (6.28e-05, 2.11e-03)
INFO:root:[628,   232] loss: 5.693917e-03 masks: 21.0 17.8 [wd: 3.77e-01] [lr: 7.20e-05] [mem: 5.74e+03] (170.5 ms)
INFO:root:[628,   232] grad_stats: [1.60e-04 7.86e-05] (6.15e-05, 3.36e-03)
INFO:root:avg. loss 5.69391706e-03
INFO:root:time taken for epoch 0:00:53.400394
INFO:root:Epoch 629
INFO:root:[629,     0] loss: 6.250945e-03 masks: 26.0 16.0 [wd: 3.77e-01] [lr: 7.20e-05] [mem: 5.74e+03] (181.6 ms)
INFO:root:[629,     0] grad_stats: [2.36e-04 9.64e-05] (6.95e-05, 4.59e-03)
INFO:root:[629,   116] loss: 5.845372e-03 masks: 22.5 17.1 [wd: 3.77e-01] [lr: 7.15e-05] [mem: 5.74e+03] (173.5 ms)
INFO:root:[629,   116] grad_stats: [2.96e-04 8.68e-05] (7.61e-05, 3.30e-03)
INFO:root:[629,   232] loss: 5.841012e-03 masks: 22.7 17.0 [wd: 3.77e-01] [lr: 7.09e-05] [mem: 5.74e+03] (174.4 ms)
INFO:root:[629,   232] grad_stats: [1.20e-04 8.05e-05] (4.74e-05, 1.38e-03)
INFO:root:avg. loss 5.84101202e-03
INFO:root:time taken for epoch 0:00:54.360169
INFO:root:Epoch 630
INFO:root:[630,     0] loss: 6.238815e-03 masks: 25.0 16.0 [wd: 3.77e-01] [lr: 7.09e-05] [mem: 5.74e+03] (176.8 ms)
INFO:root:[630,     0] grad_stats: [1.94e-04 7.31e-05] (5.75e-05, 1.65e-03)
INFO:root:[630,   116] loss: 5.846334e-03 masks: 21.3 17.4 [wd: 3.78e-01] [lr: 7.03e-05] [mem: 5.74e+03] (170.4 ms)
INFO:root:[630,   116] grad_stats: [1.23e-04 9.36e-05] (5.85e-05, 1.65e-03)
INFO:root:[630,   232] loss: 5.855959e-03 masks: 22.0 17.1 [wd: 3.78e-01] [lr: 6.98e-05] [mem: 5.74e+03] (172.5 ms)
INFO:root:[630,   232] grad_stats: [1.54e-04 7.84e-05] (5.95e-05, 3.40e-03)
INFO:root:avg. loss 5.85595882e-03
INFO:root:time taken for epoch 0:00:53.907651
INFO:root:Epoch 631
INFO:root:[631,     0] loss: 6.270532e-03 masks: 21.0 16.0 [wd: 3.78e-01] [lr: 6.98e-05] [mem: 5.74e+03] (164.1 ms)
INFO:root:[631,     0] grad_stats: [2.38e-04 9.81e-05] (8.16e-05, 3.31e-03)
INFO:root:[631,   116] loss: 5.769311e-03 masks: 22.4 17.2 [wd: 3.78e-01] [lr: 6.92e-05] [mem: 5.74e+03] (173.1 ms)
INFO:root:[631,   116] grad_stats: [1.56e-04 7.82e-05] (6.09e-05, 3.62e-03)
INFO:root:[631,   232] loss: 5.814900e-03 masks: 21.9 17.3 [wd: 3.78e-01] [lr: 6.87e-05] [mem: 5.74e+03] (172.4 ms)
INFO:root:[631,   232] grad_stats: [1.42e-04 9.63e-05] (6.10e-05, 2.50e-03)
INFO:root:avg. loss 5.81489992e-03
INFO:root:time taken for epoch 0:00:53.917705
INFO:root:Epoch 632
INFO:root:[632,     0] loss: 5.301525e-03 masks: 25.0 16.0 [wd: 3.78e-01] [lr: 6.87e-05] [mem: 5.74e+03] (176.1 ms)
INFO:root:[632,     0] grad_stats: [1.63e-04 7.69e-05] (5.87e-05, 1.82e-03)
INFO:root:[632,   116] loss: 5.934370e-03 masks: 22.4 17.0 [wd: 3.78e-01] [lr: 6.81e-05] [mem: 5.74e+03] (173.0 ms)
INFO:root:[632,   116] grad_stats: [1.98e-04 1.08e-04] (7.18e-05, 2.92e-03)
INFO:root:[632,   232] loss: 5.841787e-03 masks: 21.7 17.3 [wd: 3.78e-01] [lr: 6.76e-05] [mem: 5.74e+03] (171.8 ms)
INFO:root:[632,   232] grad_stats: [1.05e-04 8.76e-05] (5.64e-05, 2.36e-03)
INFO:root:avg. loss 5.84178724e-03
INFO:root:time taken for epoch 0:00:53.749965
INFO:root:Epoch 633
INFO:root:[633,     0] loss: 5.531387e-03 masks: 27.0 16.0 [wd: 3.78e-01] [lr: 6.75e-05] [mem: 5.74e+03] (183.9 ms)
INFO:root:[633,     0] grad_stats: [1.70e-04 7.70e-05] (5.85e-05, 2.36e-03)
INFO:root:[633,   116] loss: 5.814034e-03 masks: 21.9 17.2 [wd: 3.79e-01] [lr: 6.70e-05] [mem: 5.74e+03] (171.8 ms)
INFO:root:[633,   116] grad_stats: [2.06e-04 9.42e-05] (6.88e-05, 2.41e-03)
INFO:root:[633,   232] loss: 5.798033e-03 masks: 22.1 17.2 [wd: 3.79e-01] [lr: 6.65e-05] [mem: 5.74e+03] (172.8 ms)
INFO:root:[633,   232] grad_stats: [1.53e-04 9.10e-05] (6.60e-05, 1.72e-03)
INFO:root:avg. loss 5.79803302e-03
INFO:root:time taken for epoch 0:00:53.931090
INFO:root:Epoch 634
INFO:root:[634,     0] loss: 6.729344e-03 masks: 36.0 12.0 [wd: 3.79e-01] [lr: 6.64e-05] [mem: 5.74e+03] (202.2 ms)
INFO:root:[634,     0] grad_stats: [2.55e-04 8.71e-05] (6.72e-05, 1.74e-03)
INFO:root:[634,   116] loss: 5.771254e-03 masks: 20.7 17.7 [wd: 3.79e-01] [lr: 6.59e-05] [mem: 5.74e+03] (169.3 ms)
INFO:root:[634,   116] grad_stats: [1.49e-04 6.56e-05] (4.73e-05, 1.36e-03)
INFO:root:[634,   232] loss: 5.778214e-03 masks: 21.2 17.6 [wd: 3.79e-01] [lr: 6.54e-05] [mem: 5.74e+03] (171.0 ms)
INFO:root:[634,   232] grad_stats: [1.02e-04 6.93e-05] (5.08e-05, 1.41e-03)
INFO:root:avg. loss 5.77821375e-03
INFO:root:time taken for epoch 0:00:53.480592
INFO:root:Epoch 635
INFO:root:[635,     0] loss: 5.823782e-03 masks: 25.0 16.0 [wd: 3.79e-01] [lr: 6.54e-05] [mem: 5.74e+03] (177.5 ms)
INFO:root:[635,     0] grad_stats: [1.71e-04 1.03e-04] (7.02e-05, 2.22e-03)
INFO:root:[635,   116] loss: 5.751868e-03 masks: 21.5 17.6 [wd: 3.79e-01] [lr: 6.48e-05] [mem: 5.74e+03] (171.4 ms)
INFO:root:[635,   116] grad_stats: [1.99e-04 1.16e-04] (7.14e-05, 3.93e-03)
INFO:root:[635,   232] loss: 5.742396e-03 masks: 21.4 17.6 [wd: 3.80e-01] [lr: 6.43e-05] [mem: 5.74e+03] (171.6 ms)
INFO:root:[635,   232] grad_stats: [1.51e-04 8.84e-05] (6.26e-05, 2.38e-03)
INFO:root:avg. loss 5.74239598e-03
INFO:root:time taken for epoch 0:00:53.711745
INFO:root:Epoch 636
INFO:root:[636,     0] loss: 5.688943e-03 masks: 25.0 16.0 [wd: 3.80e-01] [lr: 6.43e-05] [mem: 5.74e+03] (175.1 ms)
INFO:root:[636,     0] grad_stats: [1.89e-04 9.05e-05] (6.40e-05, 3.38e-03)
INFO:root:[636,   116] loss: 5.850391e-03 masks: 21.5 17.2 [wd: 3.80e-01] [lr: 6.37e-05] [mem: 5.74e+03] (170.6 ms)
INFO:root:[636,   116] grad_stats: [1.31e-04 9.05e-05] (5.83e-05, 1.98e-03)
INFO:root:[636,   232] loss: 5.795859e-03 masks: 21.3 17.4 [wd: 3.80e-01] [lr: 6.32e-05] [mem: 5.74e+03] (170.9 ms)
INFO:root:[636,   232] grad_stats: [2.22e-04 9.30e-05] (6.38e-05, 1.96e-03)
INFO:root:avg. loss 5.79585902e-03
INFO:root:time taken for epoch 0:00:53.573196
INFO:root:Epoch 637
INFO:root:[637,     0] loss: 5.625506e-03 masks: 20.0 20.0 [wd: 3.80e-01] [lr: 6.32e-05] [mem: 5.74e+03] (168.5 ms)
INFO:root:[637,     0] grad_stats: [1.51e-04 6.75e-05] (5.38e-05, 2.31e-03)
INFO:root:[637,   116] loss: 5.753834e-03 masks: 21.9 17.4 [wd: 3.80e-01] [lr: 6.27e-05] [mem: 5.74e+03] (172.2 ms)
INFO:root:[637,   116] grad_stats: [1.82e-04 8.11e-05] (6.11e-05, 2.46e-03)
INFO:root:[637,   232] loss: 5.749200e-03 masks: 21.7 17.4 [wd: 3.80e-01] [lr: 6.21e-05] [mem: 5.74e+03] (172.1 ms)
INFO:root:[637,   232] grad_stats: [1.29e-04 9.53e-05] (7.24e-05, 1.92e-03)
INFO:root:avg. loss 5.74920015e-03
INFO:root:time taken for epoch 0:00:53.839554
INFO:root:Epoch 638
INFO:root:[638,     0] loss: 5.604889e-03 masks: 24.0 16.0 [wd: 3.80e-01] [lr: 6.21e-05] [mem: 5.74e+03] (174.3 ms)
INFO:root:[638,     0] grad_stats: [1.20e-04 7.94e-05] (5.95e-05, 4.14e-03)
INFO:root:[638,   116] loss: 5.833623e-03 masks: 22.1 17.2 [wd: 3.80e-01] [lr: 6.16e-05] [mem: 5.74e+03] (172.3 ms)
INFO:root:[638,   116] grad_stats: [1.40e-04 1.13e-04] (6.85e-05, 2.13e-03)
INFO:root:[638,   232] loss: 5.864851e-03 masks: 22.2 17.1 [wd: 3.81e-01] [lr: 6.11e-05] [mem: 5.74e+03] (172.9 ms)
INFO:root:[638,   232] grad_stats: [2.81e-04 9.32e-05] (7.10e-05, 2.41e-03)
INFO:root:avg. loss 5.86485121e-03
INFO:root:time taken for epoch 0:00:54.060796
INFO:root:Epoch 639
INFO:root:[639,     0] loss: 5.226468e-03 masks: 19.0 20.0 [wd: 3.81e-01] [lr: 6.11e-05] [mem: 5.74e+03] (168.5 ms)
INFO:root:[639,     0] grad_stats: [2.26e-04 7.30e-05] (5.55e-05, 1.21e-03)
INFO:root:[639,   116] loss: 5.802001e-03 masks: 21.3 17.5 [wd: 3.81e-01] [lr: 6.06e-05] [mem: 5.74e+03] (170.7 ms)
INFO:root:[639,   116] grad_stats: [1.34e-04 9.84e-05] (6.88e-05, 2.07e-03)
INFO:root:[639,   232] loss: 5.771636e-03 masks: 21.5 17.5 [wd: 3.81e-01] [lr: 6.00e-05] [mem: 5.74e+03] (171.5 ms)
INFO:root:[639,   232] grad_stats: [1.38e-04 1.21e-04] (7.58e-05, 2.01e-03)
INFO:root:avg. loss 5.77163646e-03
INFO:root:time taken for epoch 0:00:53.642811
INFO:root:Epoch 640
INFO:root:[640,     0] loss: 4.960303e-03 masks: 20.0 20.0 [wd: 3.81e-01] [lr: 6.00e-05] [mem: 5.74e+03] (168.1 ms)
INFO:root:[640,     0] grad_stats: [1.10e-04 7.16e-05] (5.29e-05, 1.84e-03)
INFO:root:[640,   116] loss: 5.797977e-03 masks: 21.6 17.3 [wd: 3.81e-01] [lr: 5.95e-05] [mem: 5.74e+03] (171.2 ms)
INFO:root:[640,   116] grad_stats: [1.56e-04 6.23e-05] (5.16e-05, 1.48e-03)
INFO:root:[640,   232] loss: 5.807570e-03 masks: 21.8 17.3 [wd: 3.81e-01] [lr: 5.90e-05] [mem: 5.74e+03] (171.9 ms)
INFO:root:[640,   232] grad_stats: [1.85e-04 1.30e-04] (7.46e-05, 1.96e-03)
INFO:root:avg. loss 5.80757028e-03
INFO:root:	Epoch 640, KNN accuracy train: 7.69170e-01, KNN accuracy train: 6.56000e-01
INFO:root:time taken for epoch 0:01:36.167256
INFO:root:Epoch 641
INFO:root:[641,     0] loss: 5.771445e-03 masks: 26.0 16.0 [wd: 3.81e-01] [lr: 5.90e-05] [mem: 5.74e+03] (180.1 ms)
INFO:root:[641,     0] grad_stats: [1.31e-04 8.51e-05] (6.77e-05, 4.56e-03)
INFO:root:[641,   116] loss: 5.804946e-03 masks: 21.8 17.4 [wd: 3.81e-01] [lr: 5.85e-05] [mem: 5.74e+03] (171.2 ms)
INFO:root:[641,   116] grad_stats: [2.81e-04 1.33e-04] (8.02e-05, 4.39e-03)
INFO:root:[641,   232] loss: 5.766503e-03 masks: 21.9 17.4 [wd: 3.82e-01] [lr: 5.80e-05] [mem: 5.74e+03] (172.1 ms)
INFO:root:[641,   232] grad_stats: [2.22e-04 1.63e-04] (9.43e-05, 3.34e-03)
INFO:root:avg. loss 5.76650340e-03
INFO:root:time taken for epoch 0:00:53.923609
INFO:root:Epoch 642
INFO:root:[642,     0] loss: 5.018366e-03 masks: 17.0 20.0 [wd: 3.82e-01] [lr: 5.80e-05] [mem: 5.74e+03] (162.0 ms)
INFO:root:[642,     0] grad_stats: [1.23e-04 8.04e-05] (5.37e-05, 1.84e-03)
INFO:root:[642,   116] loss: 5.683673e-03 masks: 21.6 17.5 [wd: 3.82e-01] [lr: 5.75e-05] [mem: 5.74e+03] (171.3 ms)
INFO:root:[642,   116] grad_stats: [1.31e-04 8.24e-05] (5.81e-05, 1.29e-03)
INFO:root:[642,   232] loss: 5.753972e-03 masks: 22.0 17.3 [wd: 3.82e-01] [lr: 5.70e-05] [mem: 5.74e+03] (172.6 ms)
INFO:root:[642,   232] grad_stats: [2.01e-04 9.81e-05] (7.17e-05, 2.20e-03)
INFO:root:avg. loss 5.75397215e-03
INFO:root:time taken for epoch 0:00:53.988415
INFO:root:Epoch 643
INFO:root:[643,     0] loss: 5.418750e-03 masks: 21.0 20.0 [wd: 3.82e-01] [lr: 5.70e-05] [mem: 5.74e+03] (172.3 ms)
INFO:root:[643,     0] grad_stats: [1.08e-04 8.82e-05] (6.33e-05, 1.88e-03)
INFO:root:[643,   116] loss: 5.743783e-03 masks: 21.8 17.4 [wd: 3.82e-01] [lr: 5.64e-05] [mem: 5.74e+03] (171.8 ms)
INFO:root:[643,   116] grad_stats: [2.79e-04 1.69e-04] (1.03e-04, 2.96e-03)
INFO:root:[643,   232] loss: 5.730647e-03 masks: 21.8 17.5 [wd: 3.82e-01] [lr: 5.59e-05] [mem: 5.74e+03] (172.3 ms)
INFO:root:[643,   232] grad_stats: [2.28e-04 1.13e-04] (8.37e-05, 3.53e-03)
INFO:root:avg. loss 5.73064697e-03
INFO:root:time taken for epoch 0:00:53.808078
INFO:root:Epoch 644
INFO:root:[644,     0] loss: 5.414034e-03 masks: 17.0 20.0 [wd: 3.82e-01] [lr: 5.59e-05] [mem: 5.74e+03] (161.7 ms)
INFO:root:[644,     0] grad_stats: [3.31e-04 1.12e-04] (7.41e-05, 2.30e-03)
INFO:root:[644,   116] loss: 5.811366e-03 masks: 21.5 17.4 [wd: 3.82e-01] [lr: 5.54e-05] [mem: 5.74e+03] (171.0 ms)
INFO:root:[644,   116] grad_stats: [2.68e-04 9.56e-05] (7.89e-05, 2.59e-03)
INFO:root:[644,   232] loss: 5.807278e-03 masks: 21.4 17.4 [wd: 3.83e-01] [lr: 5.49e-05] [mem: 5.74e+03] (171.1 ms)
INFO:root:[644,   232] grad_stats: [1.16e-04 1.08e-04] (6.51e-05, 1.99e-03)
INFO:root:avg. loss 5.80727770e-03
INFO:root:time taken for epoch 0:00:53.517282
INFO:root:Epoch 645
INFO:root:[645,     0] loss: 5.402524e-03 masks: 26.0 16.0 [wd: 3.83e-01] [lr: 5.49e-05] [mem: 5.74e+03] (180.7 ms)
INFO:root:[645,     0] grad_stats: [1.60e-04 8.18e-05] (6.49e-05, 3.24e-03)
INFO:root:[645,   116] loss: 5.774557e-03 masks: 21.9 17.3 [wd: 3.83e-01] [lr: 5.44e-05] [mem: 5.74e+03] (171.9 ms)
INFO:root:[645,   116] grad_stats: [2.80e-04 7.81e-05] (5.88e-05, 1.78e-03)
INFO:root:[645,   232] loss: 5.806322e-03 masks: 22.0 17.2 [wd: 3.83e-01] [lr: 5.39e-05] [mem: 5.74e+03] (172.4 ms)
INFO:root:[645,   232] grad_stats: [1.44e-04 1.19e-04] (7.55e-05, 2.33e-03)
INFO:root:avg. loss 5.80632185e-03
INFO:root:time taken for epoch 0:00:53.954156
INFO:root:Epoch 646
INFO:root:[646,     0] loss: 6.579695e-03 masks: 17.0 16.0 [wd: 3.83e-01] [lr: 5.39e-05] [mem: 5.74e+03] (155.1 ms)
INFO:root:[646,     0] grad_stats: [1.73e-04 1.43e-04] (9.36e-05, 3.33e-03)
INFO:root:[646,   116] loss: 5.885236e-03 masks: 21.8 17.1 [wd: 3.83e-01] [lr: 5.35e-05] [mem: 5.74e+03] (171.7 ms)
INFO:root:[646,   116] grad_stats: [1.95e-04 1.21e-04] (8.22e-05, 2.88e-03)
INFO:root:[646,   232] loss: 5.830827e-03 masks: 22.2 17.1 [wd: 3.83e-01] [lr: 5.30e-05] [mem: 5.74e+03] (173.0 ms)
INFO:root:[646,   232] grad_stats: [1.67e-04 1.08e-04] (7.88e-05, 4.40e-03)
INFO:root:avg. loss 5.83082702e-03
INFO:root:time taken for epoch 0:00:54.048611
INFO:root:Epoch 647
INFO:root:[647,     0] loss: 4.988343e-03 masks: 17.0 20.0 [wd: 3.83e-01] [lr: 5.30e-05] [mem: 5.74e+03] (160.4 ms)
INFO:root:[647,     0] grad_stats: [1.32e-04 7.86e-05] (5.51e-05, 1.72e-03)
INFO:root:[647,   116] loss: 5.708694e-03 masks: 21.8 17.6 [wd: 3.83e-01] [lr: 5.25e-05] [mem: 5.74e+03] (172.0 ms)
INFO:root:[647,   116] grad_stats: [1.42e-04 1.13e-04] (8.12e-05, 2.40e-03)
INFO:root:[647,   232] loss: 5.798821e-03 masks: 22.0 17.3 [wd: 3.84e-01] [lr: 5.20e-05] [mem: 5.74e+03] (172.6 ms)
INFO:root:[647,   232] grad_stats: [2.54e-04 9.94e-05] (7.37e-05, 3.58e-03)
INFO:root:avg. loss 5.79882137e-03
INFO:root:time taken for epoch 0:00:53.917743
INFO:root:Epoch 648
INFO:root:[648,     0] loss: 5.547212e-03 masks: 26.0 16.0 [wd: 3.84e-01] [lr: 5.20e-05] [mem: 5.74e+03] (178.4 ms)
INFO:root:[648,     0] grad_stats: [1.41e-04 8.65e-05] (6.07e-05, 1.79e-03)
INFO:root:[648,   116] loss: 5.793545e-03 masks: 21.8 17.4 [wd: 3.84e-01] [lr: 5.15e-05] [mem: 5.74e+03] (171.9 ms)
INFO:root:[648,   116] grad_stats: [1.04e-04 1.22e-04] (8.10e-05, 2.02e-03)
INFO:root:[648,   232] loss: 5.760548e-03 masks: 22.2 17.3 [wd: 3.84e-01] [lr: 5.10e-05] [mem: 5.74e+03] (173.3 ms)
INFO:root:[648,   232] grad_stats: [1.51e-04 8.10e-05] (5.73e-05, 1.68e-03)
INFO:root:avg. loss 5.76054810e-03
INFO:root:time taken for epoch 0:00:54.153571
INFO:root:Epoch 649
INFO:root:[649,     0] loss: 6.015701e-03 masks: 23.0 16.0 [wd: 3.84e-01] [lr: 5.10e-05] [mem: 5.74e+03] (170.1 ms)
INFO:root:[649,     0] grad_stats: [2.57e-04 9.50e-05] (7.54e-05, 2.77e-03)
INFO:root:[649,   116] loss: 5.903604e-03 masks: 22.5 16.9 [wd: 3.84e-01] [lr: 5.05e-05] [mem: 5.74e+03] (173.0 ms)
INFO:root:[649,   116] grad_stats: [2.85e-04 1.11e-04] (6.97e-05, 4.03e-03)
INFO:root:[649,   232] loss: 5.879954e-03 masks: 22.5 16.9 [wd: 3.84e-01] [lr: 5.01e-05] [mem: 5.74e+03] (173.6 ms)
INFO:root:[649,   232] grad_stats: [1.06e-04 9.50e-05] (6.72e-05, 2.51e-03)
INFO:root:avg. loss 5.87995380e-03
INFO:root:time taken for epoch 0:00:54.209418
INFO:root:Epoch 650
INFO:root:[650,     0] loss: 6.240073e-03 masks: 25.0 16.0 [wd: 3.84e-01] [lr: 5.01e-05] [mem: 5.74e+03] (175.5 ms)
INFO:root:[650,     0] grad_stats: [3.08e-04 1.14e-04] (8.45e-05, 1.93e-03)
INFO:root:[650,   116] loss: 5.788805e-03 masks: 21.9 17.2 [wd: 3.84e-01] [lr: 4.96e-05] [mem: 5.74e+03] (172.1 ms)
INFO:root:[650,   116] grad_stats: [1.47e-04 7.85e-05] (6.09e-05, 1.87e-03)
INFO:root:[650,   232] loss: 5.773061e-03 masks: 21.9 17.3 [wd: 3.84e-01] [lr: 4.91e-05] [mem: 5.74e+03] (172.5 ms)
INFO:root:[650,   232] grad_stats: [1.16e-04 9.02e-05] (5.94e-05, 1.55e-03)
INFO:root:avg. loss 5.77306145e-03
INFO:root:time taken for epoch 0:00:53.926627
INFO:root:Epoch 651
INFO:root:[651,     0] loss: 5.078402e-03 masks: 16.0 20.0 [wd: 3.84e-01] [lr: 4.91e-05] [mem: 5.74e+03] (157.6 ms)
INFO:root:[651,     0] grad_stats: [1.57e-04 1.08e-04] (6.58e-05, 1.53e-03)
INFO:root:[651,   116] loss: 5.783785e-03 masks: 21.2 17.5 [wd: 3.85e-01] [lr: 4.86e-05] [mem: 5.74e+03] (170.5 ms)
INFO:root:[651,   116] grad_stats: [2.94e-04 1.25e-04] (8.28e-05, 1.90e-03)
INFO:root:[651,   232] loss: 5.748138e-03 masks: 21.6 17.5 [wd: 3.85e-01] [lr: 4.82e-05] [mem: 5.74e+03] (171.8 ms)
INFO:root:[651,   232] grad_stats: [1.32e-04 8.91e-05] (6.19e-05, 1.57e-03)
INFO:root:avg. loss 5.74813837e-03
INFO:root:time taken for epoch 0:00:53.780825
INFO:root:Epoch 652
INFO:root:[652,     0] loss: 5.657387e-03 masks: 25.0 16.0 [wd: 3.85e-01] [lr: 4.82e-05] [mem: 5.74e+03] (177.4 ms)
INFO:root:[652,     0] grad_stats: [1.12e-04 9.06e-05] (7.26e-05, 2.25e-03)
INFO:root:[652,   116] loss: 5.811590e-03 masks: 21.7 17.3 [wd: 3.85e-01] [lr: 4.77e-05] [mem: 5.74e+03] (171.5 ms)
INFO:root:[652,   116] grad_stats: [1.31e-04 1.50e-04] (7.62e-05, 2.33e-03)
INFO:root:[652,   232] loss: 5.791039e-03 masks: 21.7 17.3 [wd: 3.85e-01] [lr: 4.72e-05] [mem: 5.74e+03] (171.9 ms)
INFO:root:[652,   232] grad_stats: [9.68e-05 8.42e-05] (5.56e-05, 1.20e-03)
INFO:root:avg. loss 5.79103862e-03
INFO:root:time taken for epoch 0:00:53.721320
INFO:root:Epoch 653
INFO:root:[653,     0] loss: 5.754495e-03 masks: 26.0 16.0 [wd: 3.85e-01] [lr: 4.72e-05] [mem: 5.74e+03] (181.1 ms)
INFO:root:[653,     0] grad_stats: [2.12e-04 9.71e-05] (7.79e-05, 1.78e-03)
INFO:root:[653,   116] loss: 5.764079e-03 masks: 21.6 17.5 [wd: 3.85e-01] [lr: 4.68e-05] [mem: 5.74e+03] (171.4 ms)
INFO:root:[653,   116] grad_stats: [1.49e-04 8.73e-05] (6.72e-05, 3.47e-03)
INFO:root:[653,   232] loss: 5.776184e-03 masks: 21.8 17.4 [wd: 3.85e-01] [lr: 4.63e-05] [mem: 5.74e+03] (172.2 ms)
INFO:root:[653,   232] grad_stats: [1.52e-04 1.11e-04] (6.70e-05, 1.89e-03)
INFO:root:avg. loss 5.77618432e-03
INFO:root:time taken for epoch 0:00:53.821224
INFO:root:Epoch 654
INFO:root:[654,     0] loss: 6.145699e-03 masks: 33.0 12.0 [wd: 3.85e-01] [lr: 4.63e-05] [mem: 5.74e+03] (194.2 ms)
INFO:root:[654,     0] grad_stats: [3.14e-04 1.13e-04] (8.54e-05, 2.97e-03)
INFO:root:[654,   116] loss: 5.759839e-03 masks: 21.6 17.5 [wd: 3.85e-01] [lr: 4.58e-05] [mem: 5.74e+03] (171.5 ms)
INFO:root:[654,   116] grad_stats: [1.36e-04 1.05e-04] (7.83e-05, 1.81e-03)
INFO:root:[654,   232] loss: 5.745644e-03 masks: 21.6 17.5 [wd: 3.86e-01] [lr: 4.54e-05] [mem: 5.74e+03] (172.1 ms)
INFO:root:[654,   232] grad_stats: [1.79e-04 8.65e-05] (5.73e-05, 2.57e-03)
INFO:root:avg. loss 5.74564371e-03
INFO:root:time taken for epoch 0:00:53.796773
INFO:root:Epoch 655
INFO:root:[655,     0] loss: 6.878568e-03 masks: 33.0 12.0 [wd: 3.86e-01] [lr: 4.54e-05] [mem: 5.74e+03] (192.2 ms)
INFO:root:[655,     0] grad_stats: [2.07e-04 9.91e-05] (7.46e-05, 3.19e-03)
INFO:root:[655,   116] loss: 5.870170e-03 masks: 22.1 17.0 [wd: 3.86e-01] [lr: 4.49e-05] [mem: 5.74e+03] (172.1 ms)
INFO:root:[655,   116] grad_stats: [1.15e-04 8.21e-05] (6.03e-05, 2.82e-03)
INFO:root:[655,   232] loss: 5.833179e-03 masks: 22.0 17.1 [wd: 3.86e-01] [lr: 4.45e-05] [mem: 5.74e+03] (172.5 ms)
INFO:root:[655,   232] grad_stats: [1.36e-04 8.09e-05] (6.50e-05, 2.76e-03)
INFO:root:avg. loss 5.83317925e-03
INFO:root:time taken for epoch 0:00:53.989965
INFO:root:Epoch 656
INFO:root:[656,     0] loss: 5.626042e-03 masks: 26.0 16.0 [wd: 3.86e-01] [lr: 4.45e-05] [mem: 5.74e+03] (181.3 ms)
INFO:root:[656,     0] grad_stats: [1.25e-04 8.41e-05] (6.50e-05, 5.82e-03)
INFO:root:[656,   116] loss: 5.891020e-03 masks: 22.7 16.9 [wd: 3.86e-01] [lr: 4.40e-05] [mem: 5.74e+03] (173.7 ms)
INFO:root:[656,   116] grad_stats: [2.18e-04 9.72e-05] (8.13e-05, 2.03e-03)
INFO:root:[656,   232] loss: 5.828923e-03 masks: 22.5 17.1 [wd: 3.86e-01] [lr: 4.36e-05] [mem: 5.74e+03] (174.0 ms)
INFO:root:[656,   232] grad_stats: [2.27e-04 9.34e-05] (6.67e-05, 2.16e-03)
INFO:root:avg. loss 5.82892331e-03
INFO:root:time taken for epoch 0:00:54.312511
INFO:root:Epoch 657
INFO:root:[657,     0] loss: 4.583783e-03 masks: 21.0 20.0 [wd: 3.86e-01] [lr: 4.36e-05] [mem: 5.74e+03] (172.8 ms)
INFO:root:[657,     0] grad_stats: [1.12e-04 7.56e-05] (6.13e-05, 1.74e-03)
INFO:root:[657,   116] loss: 5.720179e-03 masks: 21.1 17.7 [wd: 3.86e-01] [lr: 4.31e-05] [mem: 5.74e+03] (170.3 ms)
INFO:root:[657,   116] grad_stats: [1.39e-04 1.30e-04] (8.50e-05, 2.57e-03)
INFO:root:[657,   232] loss: 5.772967e-03 masks: 21.2 17.5 [wd: 3.87e-01] [lr: 4.27e-05] [mem: 5.74e+03] (170.8 ms)
INFO:root:[657,   232] grad_stats: [2.04e-04 9.07e-05] (6.71e-05, 3.97e-03)
INFO:root:avg. loss 5.77296735e-03
INFO:root:time taken for epoch 0:00:53.484576
INFO:root:Epoch 658
INFO:root:[658,     0] loss: 5.435626e-03 masks: 20.0 20.0 [wd: 3.87e-01] [lr: 4.27e-05] [mem: 5.74e+03] (170.1 ms)
INFO:root:[658,     0] grad_stats: [1.86e-04 1.20e-04] (7.94e-05, 2.63e-03)
INFO:root:[658,   116] loss: 5.768540e-03 masks: 22.5 17.1 [wd: 3.87e-01] [lr: 4.23e-05] [mem: 5.74e+03] (173.7 ms)
INFO:root:[658,   116] grad_stats: [1.59e-04 8.44e-05] (6.26e-05, 1.65e-03)
INFO:root:[658,   232] loss: 5.757224e-03 masks: 22.2 17.3 [wd: 3.87e-01] [lr: 4.18e-05] [mem: 5.74e+03] (173.4 ms)
INFO:root:[658,   232] grad_stats: [1.41e-04 8.88e-05] (6.48e-05, 2.09e-03)
INFO:root:avg. loss 5.75722379e-03
INFO:root:time taken for epoch 0:00:54.169642
INFO:root:Epoch 659
INFO:root:[659,     0] loss: 6.215029e-03 masks: 25.0 16.0 [wd: 3.87e-01] [lr: 4.18e-05] [mem: 5.74e+03] (177.1 ms)
INFO:root:[659,     0] grad_stats: [2.81e-04 1.26e-04] (8.38e-05, 2.39e-03)
INFO:root:[659,   116] loss: 5.756555e-03 masks: 21.2 17.6 [wd: 3.87e-01] [lr: 4.14e-05] [mem: 5.74e+03] (170.6 ms)
INFO:root:[659,   116] grad_stats: [2.07e-04 8.35e-05] (6.34e-05, 1.67e-03)
INFO:root:[659,   232] loss: 5.785767e-03 masks: 21.7 17.4 [wd: 3.87e-01] [lr: 4.09e-05] [mem: 5.74e+03] (172.0 ms)
INFO:root:[659,   232] grad_stats: [2.21e-04 9.90e-05] (7.09e-05, 2.75e-03)
INFO:root:avg. loss 5.78576741e-03
INFO:root:time taken for epoch 0:00:53.606365
INFO:root:Epoch 660
INFO:root:[660,     0] loss: 5.675580e-03 masks: 16.0 20.0 [wd: 3.87e-01] [lr: 4.09e-05] [mem: 5.74e+03] (159.7 ms)
INFO:root:[660,     0] grad_stats: [2.15e-04 1.54e-04] (8.98e-05, 2.52e-03)
INFO:root:[660,   116] loss: 5.828786e-03 masks: 22.0 17.3 [wd: 3.87e-01] [lr: 4.05e-05] [mem: 5.74e+03] (172.3 ms)
INFO:root:[660,   116] grad_stats: [1.05e-04 9.97e-05] (6.56e-05, 1.49e-03)
INFO:root:[660,   232] loss: 5.797168e-03 masks: 22.1 17.3 [wd: 3.87e-01] [lr: 4.01e-05] [mem: 5.74e+03] (173.1 ms)
INFO:root:[660,   232] grad_stats: [1.81e-04 9.30e-05] (6.37e-05, 3.85e-03)
INFO:root:avg. loss 5.79716823e-03
INFO:root:	Epoch 660, KNN accuracy train: 7.76609e-01, KNN accuracy train: 6.62000e-01
INFO:root:time taken for epoch 0:01:36.549032
INFO:root:Epoch 661
INFO:root:[661,     0] loss: 5.724186e-03 masks: 12.0 20.0 [wd: 3.87e-01] [lr: 4.01e-05] [mem: 5.74e+03] (146.0 ms)
INFO:root:[661,     0] grad_stats: [2.00e-04 1.17e-04] (6.98e-05, 2.40e-03)
INFO:root:[661,   116] loss: 5.788956e-03 masks: 22.4 17.1 [wd: 3.87e-01] [lr: 3.97e-05] [mem: 5.74e+03] (172.4 ms)
INFO:root:[661,   116] grad_stats: [1.91e-04 1.21e-04] (8.90e-05, 2.10e-03)
INFO:root:[661,   232] loss: 5.787275e-03 masks: 22.2 17.2 [wd: 3.88e-01] [lr: 3.92e-05] [mem: 5.74e+03] (172.5 ms)
INFO:root:[661,   232] grad_stats: [1.59e-04 9.04e-05] (8.05e-05, 2.55e-03)
INFO:root:avg. loss 5.78727546e-03
INFO:root:time taken for epoch 0:00:53.799493
INFO:root:Epoch 662
INFO:root:[662,     0] loss: 6.678329e-03 masks: 17.0 16.0 [wd: 3.88e-01] [lr: 3.92e-05] [mem: 5.74e+03] (156.3 ms)
INFO:root:[662,     0] grad_stats: [3.32e-04 1.55e-04] (1.30e-04, 3.77e-03)
INFO:root:[662,   116] loss: 5.770681e-03 masks: 21.9 17.2 [wd: 3.88e-01] [lr: 3.88e-05] [mem: 5.74e+03] (171.8 ms)
INFO:root:[662,   116] grad_stats: [2.81e-04 1.13e-04] (6.93e-05, 2.06e-03)
INFO:root:[662,   232] loss: 5.816329e-03 masks: 21.9 17.2 [wd: 3.88e-01] [lr: 3.84e-05] [mem: 5.74e+03] (172.3 ms)
INFO:root:[662,   232] grad_stats: [1.17e-04 1.18e-04] (7.87e-05, 2.39e-03)
INFO:root:avg. loss 5.81632875e-03
INFO:root:time taken for epoch 0:00:53.883394
INFO:root:Epoch 663
INFO:root:[663,     0] loss: 7.262275e-03 masks: 17.0 16.0 [wd: 3.88e-01] [lr: 3.84e-05] [mem: 5.74e+03] (156.7 ms)
INFO:root:[663,     0] grad_stats: [3.34e-04 2.14e-04] (1.12e-04, 3.86e-03)
INFO:root:[663,   116] loss: 5.712814e-03 masks: 21.5 17.5 [wd: 3.88e-01] [lr: 3.80e-05] [mem: 5.74e+03] (171.3 ms)
INFO:root:[663,   116] grad_stats: [1.14e-04 8.92e-05] (6.72e-05, 1.72e-03)
INFO:root:[663,   232] loss: 5.751257e-03 masks: 21.6 17.4 [wd: 3.88e-01] [lr: 3.76e-05] [mem: 5.74e+03] (171.7 ms)
INFO:root:[663,   232] grad_stats: [3.41e-04 9.23e-05] (7.41e-05, 1.78e-03)
INFO:root:avg. loss 5.75125678e-03
INFO:root:time taken for epoch 0:00:53.774032
INFO:root:Epoch 664
INFO:root:[664,     0] loss: 7.060233e-03 masks: 35.0 12.0 [wd: 3.88e-01] [lr: 3.76e-05] [mem: 5.74e+03] (198.4 ms)
INFO:root:[664,     0] grad_stats: [2.70e-04 1.24e-04] (8.41e-05, 3.84e-03)
INFO:root:[664,   116] loss: 5.813693e-03 masks: 22.6 17.1 [wd: 3.88e-01] [lr: 3.71e-05] [mem: 5.74e+03] (173.6 ms)
INFO:root:[664,   116] grad_stats: [1.06e-04 8.36e-05] (5.97e-05, 1.94e-03)
INFO:root:[664,   232] loss: 5.774651e-03 masks: 21.9 17.4 [wd: 3.88e-01] [lr: 3.67e-05] [mem: 5.74e+03] (172.7 ms)
INFO:root:[664,   232] grad_stats: [2.61e-04 1.18e-04] (7.56e-05, 2.25e-03)
INFO:root:avg. loss 5.77465057e-03
INFO:root:time taken for epoch 0:00:53.847995
INFO:root:Epoch 665
INFO:root:[665,     0] loss: 5.708885e-03 masks: 23.0 16.0 [wd: 3.88e-01] [lr: 3.67e-05] [mem: 5.74e+03] (170.6 ms)
INFO:root:[665,     0] grad_stats: [1.36e-04 1.17e-04] (8.19e-05, 1.93e-03)
INFO:root:[665,   116] loss: 5.721587e-03 masks: 22.4 17.2 [wd: 3.89e-01] [lr: 3.63e-05] [mem: 5.74e+03] (173.2 ms)
INFO:root:[665,   116] grad_stats: [1.41e-04 1.01e-04] (7.64e-05, 3.81e-03)
INFO:root:[665,   232] loss: 5.799864e-03 masks: 22.3 17.2 [wd: 3.89e-01] [lr: 3.59e-05] [mem: 5.74e+03] (173.4 ms)
INFO:root:[665,   232] grad_stats: [2.07e-04 1.21e-04] (8.61e-05, 2.06e-03)
INFO:root:avg. loss 5.79986448e-03
INFO:root:time taken for epoch 0:00:54.142703
INFO:root:Epoch 666
INFO:root:[666,     0] loss: 5.648291e-03 masks: 24.0 16.0 [wd: 3.89e-01] [lr: 3.59e-05] [mem: 5.74e+03] (175.8 ms)
INFO:root:[666,     0] grad_stats: [1.86e-04 1.44e-04] (7.83e-05, 4.12e-03)
INFO:root:[666,   116] loss: 5.734825e-03 masks: 21.3 17.5 [wd: 3.89e-01] [lr: 3.55e-05] [mem: 5.74e+03] (170.5 ms)
INFO:root:[666,   116] grad_stats: [1.56e-04 1.03e-04] (6.84e-05, 3.17e-03)
INFO:root:[666,   232] loss: 5.742836e-03 masks: 21.4 17.5 [wd: 3.89e-01] [lr: 3.51e-05] [mem: 5.74e+03] (171.3 ms)
INFO:root:[666,   232] grad_stats: [2.07e-04 8.55e-05] (7.58e-05, 4.06e-03)
INFO:root:avg. loss 5.74283642e-03
INFO:root:time taken for epoch 0:00:53.590163
INFO:root:Epoch 667
INFO:root:[667,     0] loss: 6.108793e-03 masks: 25.0 16.0 [wd: 3.89e-01] [lr: 3.51e-05] [mem: 5.74e+03] (176.8 ms)
INFO:root:[667,     0] grad_stats: [1.70e-04 1.04e-04] (7.43e-05, 2.55e-03)
INFO:root:[667,   116] loss: 5.794241e-03 masks: 22.4 17.2 [wd: 3.89e-01] [lr: 3.47e-05] [mem: 5.74e+03] (173.2 ms)
INFO:root:[667,   116] grad_stats: [1.39e-04 1.27e-04] (6.95e-05, 5.30e-03)
INFO:root:[667,   232] loss: 5.696324e-03 masks: 21.8 17.6 [wd: 3.89e-01] [lr: 3.43e-05] [mem: 5.74e+03] (172.5 ms)
INFO:root:[667,   232] grad_stats: [1.28e-04 9.50e-05] (7.20e-05, 2.28e-03)
INFO:root:avg. loss 5.69632367e-03
INFO:root:time taken for epoch 0:00:53.929171
INFO:root:Epoch 668
INFO:root:[668,     0] loss: 6.016656e-03 masks: 35.0 12.0 [wd: 3.89e-01] [lr: 3.43e-05] [mem: 5.74e+03] (197.7 ms)
INFO:root:[668,     0] grad_stats: [2.52e-04 1.22e-04] (9.97e-05, 3.89e-03)
INFO:root:[668,   116] loss: 5.718951e-03 masks: 21.5 17.6 [wd: 3.89e-01] [lr: 3.39e-05] [mem: 5.74e+03] (171.2 ms)
INFO:root:[668,   116] grad_stats: [2.01e-04 1.07e-04] (8.08e-05, 2.50e-03)
INFO:root:[668,   232] loss: 5.757370e-03 masks: 21.9 17.4 [wd: 3.89e-01] [lr: 3.35e-05] [mem: 5.74e+03] (172.5 ms)
INFO:root:[668,   232] grad_stats: [2.15e-04 9.73e-05] (7.31e-05, 2.47e-03)
INFO:root:avg. loss 5.75736985e-03
INFO:root:time taken for epoch 0:00:53.916300
INFO:root:Epoch 669
INFO:root:[669,     0] loss: 6.157519e-03 masks: 33.0 12.0 [wd: 3.89e-01] [lr: 3.35e-05] [mem: 5.74e+03] (193.2 ms)
INFO:root:[669,     0] grad_stats: [1.65e-04 1.07e-04] (8.38e-05, 1.69e-03)
INFO:root:[669,   116] loss: 5.723423e-03 masks: 21.5 17.5 [wd: 3.90e-01] [lr: 3.31e-05] [mem: 5.74e+03] (171.4 ms)
INFO:root:[669,   116] grad_stats: [1.42e-04 1.08e-04] (7.38e-05, 2.67e-03)
INFO:root:[669,   232] loss: 5.767296e-03 masks: 21.8 17.3 [wd: 3.90e-01] [lr: 3.27e-05] [mem: 5.74e+03] (172.2 ms)
INFO:root:[669,   232] grad_stats: [9.96e-04 2.36e-04] (1.46e-04, 6.71e-03)
INFO:root:avg. loss 5.76729602e-03
INFO:root:time taken for epoch 0:00:53.864915
INFO:root:Epoch 670
INFO:root:[670,     0] loss: 5.266662e-03 masks: 23.0 20.0 [wd: 3.90e-01] [lr: 3.27e-05] [mem: 5.74e+03] (176.1 ms)
INFO:root:[670,     0] grad_stats: [2.09e-04 9.22e-05] (6.18e-05, 2.18e-03)
INFO:root:[670,   116] loss: 5.742107e-03 masks: 22.1 17.3 [wd: 3.90e-01] [lr: 3.24e-05] [mem: 5.74e+03] (172.3 ms)
INFO:root:[670,   116] grad_stats: [1.90e-04 1.08e-04] (6.98e-05, 1.91e-03)
INFO:root:[670,   232] loss: 5.728623e-03 masks: 22.0 17.4 [wd: 3.90e-01] [lr: 3.20e-05] [mem: 5.74e+03] (172.7 ms)
INFO:root:[670,   232] grad_stats: [2.69e-04 1.20e-04] (8.70e-05, 4.77e-03)
INFO:root:avg. loss 5.72862333e-03
INFO:root:time taken for epoch 0:00:54.002442
INFO:root:Epoch 671
INFO:root:[671,     0] loss: 5.829660e-03 masks: 25.0 16.0 [wd: 3.90e-01] [lr: 3.20e-05] [mem: 5.74e+03] (177.3 ms)
INFO:root:[671,     0] grad_stats: [2.02e-04 7.81e-05] (6.69e-05, 5.31e-03)
INFO:root:[671,   116] loss: 5.781551e-03 masks: 22.3 17.1 [wd: 3.90e-01] [lr: 3.16e-05] [mem: 5.74e+03] (172.9 ms)
INFO:root:[671,   116] grad_stats: [1.85e-04 1.01e-04] (7.65e-05, 2.35e-03)
INFO:root:[671,   232] loss: 5.784054e-03 masks: 21.9 17.3 [wd: 3.90e-01] [lr: 3.12e-05] [mem: 5.74e+03] (172.3 ms)
INFO:root:[671,   232] grad_stats: [2.55e-04 1.07e-04] (8.09e-05, 2.82e-03)
INFO:root:avg. loss 5.78405364e-03
INFO:root:time taken for epoch 0:00:53.853716
INFO:root:Epoch 672
INFO:root:[672,     0] loss: 6.705566e-03 masks: 33.0 12.0 [wd: 3.90e-01] [lr: 3.12e-05] [mem: 5.74e+03] (193.3 ms)
INFO:root:[672,     0] grad_stats: [1.72e-04 1.48e-04] (1.03e-04, 3.93e-03)
INFO:root:[672,   116] loss: 5.780405e-03 masks: 21.9 17.2 [wd: 3.90e-01] [lr: 3.08e-05] [mem: 5.74e+03] (171.7 ms)
INFO:root:[672,   116] grad_stats: [1.61e-04 9.46e-05] (7.01e-05, 3.26e-03)
INFO:root:[672,   232] loss: 5.798282e-03 masks: 22.1 17.1 [wd: 3.90e-01] [lr: 3.05e-05] [mem: 5.74e+03] (172.8 ms)
INFO:root:[672,   232] grad_stats: [1.73e-04 1.37e-04] (9.88e-05, 4.73e-03)
INFO:root:avg. loss 5.79828246e-03
INFO:root:time taken for epoch 0:00:54.061861
INFO:root:Epoch 673
INFO:root:[673,     0] loss: 6.917658e-03 masks: 33.0 12.0 [wd: 3.90e-01] [lr: 3.05e-05] [mem: 5.74e+03] (191.0 ms)
INFO:root:[673,     0] grad_stats: [1.87e-04 1.27e-04] (9.07e-05, 2.95e-03)
INFO:root:[673,   116] loss: 5.755749e-03 masks: 22.2 17.2 [wd: 3.91e-01] [lr: 3.01e-05] [mem: 5.74e+03] (172.7 ms)
INFO:root:[673,   116] grad_stats: [2.01e-04 1.07e-04] (8.06e-05, 4.00e-03)
INFO:root:[673,   232] loss: 5.760647e-03 masks: 22.2 17.2 [wd: 3.91e-01] [lr: 2.97e-05] [mem: 5.74e+03] (173.1 ms)
INFO:root:[673,   232] grad_stats: [2.30e-04 1.34e-04] (9.11e-05, 2.49e-03)
INFO:root:avg. loss 5.76064720e-03
INFO:root:time taken for epoch 0:00:54.123484
INFO:root:Epoch 674
INFO:root:[674,     0] loss: 4.658352e-03 masks: 20.0 20.0 [wd: 3.91e-01] [lr: 2.97e-05] [mem: 5.74e+03] (168.3 ms)
INFO:root:[674,     0] grad_stats: [2.61e-04 8.22e-05] (6.55e-05, 3.24e-03)
INFO:root:[674,   116] loss: 5.815520e-03 masks: 21.5 17.3 [wd: 3.91e-01] [lr: 2.93e-05] [mem: 5.74e+03] (170.7 ms)
INFO:root:[674,   116] grad_stats: [1.37e-04 1.04e-04] (7.97e-05, 2.91e-03)
INFO:root:[674,   232] loss: 5.794856e-03 masks: 21.8 17.2 [wd: 3.91e-01] [lr: 2.90e-05] [mem: 5.74e+03] (171.8 ms)
INFO:root:[674,   232] grad_stats: [1.36e-04 1.06e-04] (7.83e-05, 2.15e-03)
INFO:root:avg. loss 5.79485566e-03
INFO:root:time taken for epoch 0:00:53.727614
INFO:root:Epoch 675
INFO:root:[675,     0] loss: 4.864564e-03 masks: 20.0 20.0 [wd: 3.91e-01] [lr: 2.90e-05] [mem: 5.74e+03] (169.1 ms)
INFO:root:[675,     0] grad_stats: [1.81e-04 1.04e-04] (6.90e-05, 1.93e-03)
INFO:root:[675,   116] loss: 5.862923e-03 masks: 22.1 17.1 [wd: 3.91e-01] [lr: 2.86e-05] [mem: 5.74e+03] (172.1 ms)
INFO:root:[675,   116] grad_stats: [3.05e-04 1.87e-04] (1.12e-04, 4.18e-03)
INFO:root:[675,   232] loss: 5.748704e-03 masks: 22.1 17.3 [wd: 3.91e-01] [lr: 2.83e-05] [mem: 5.74e+03] (172.9 ms)
INFO:root:[675,   232] grad_stats: [2.29e-04 1.29e-04] (8.54e-05, 2.35e-03)
INFO:root:avg. loss 5.74870387e-03
INFO:root:time taken for epoch 0:00:54.012017
INFO:root:Epoch 676
INFO:root:[676,     0] loss: 5.762577e-03 masks: 20.0 16.0 [wd: 3.91e-01] [lr: 2.83e-05] [mem: 5.74e+03] (163.6 ms)
INFO:root:[676,     0] grad_stats: [2.49e-04 1.07e-04] (7.97e-05, 2.63e-03)
INFO:root:[676,   116] loss: 5.727799e-03 masks: 22.2 17.3 [wd: 3.91e-01] [lr: 2.79e-05] [mem: 5.74e+03] (172.9 ms)
INFO:root:[676,   116] grad_stats: [1.43e-04 1.03e-04] (6.78e-05, 2.94e-03)
INFO:root:[676,   232] loss: 5.699821e-03 masks: 21.7 17.5 [wd: 3.91e-01] [lr: 2.75e-05] [mem: 5.74e+03] (172.0 ms)
INFO:root:[676,   232] grad_stats: [2.54e-04 1.19e-04] (8.89e-05, 2.91e-03)
INFO:root:avg. loss 5.69982088e-03
INFO:root:time taken for epoch 0:00:53.846959
INFO:root:Epoch 677
INFO:root:[677,     0] loss: 4.728631e-03 masks: 20.0 20.0 [wd: 3.91e-01] [lr: 2.75e-05] [mem: 5.74e+03] (167.1 ms)
INFO:root:[677,     0] grad_stats: [1.87e-04 1.04e-04] (7.49e-05, 4.38e-03)
INFO:root:[677,   116] loss: 5.743247e-03 masks: 21.7 17.4 [wd: 3.92e-01] [lr: 2.72e-05] [mem: 5.74e+03] (171.5 ms)
INFO:root:[677,   116] grad_stats: [1.20e-04 8.84e-05] (6.60e-05, 2.37e-03)
INFO:root:[677,   232] loss: 5.786108e-03 masks: 21.9 17.3 [wd: 3.92e-01] [lr: 2.68e-05] [mem: 5.74e+03] (172.3 ms)
INFO:root:[677,   232] grad_stats: [2.48e-04 1.21e-04] (9.39e-05, 7.25e-03)
INFO:root:avg. loss 5.78610793e-03
INFO:root:time taken for epoch 0:00:53.853038
INFO:root:Epoch 678
INFO:root:[678,     0] loss: 5.227421e-03 masks: 25.0 16.0 [wd: 3.92e-01] [lr: 2.68e-05] [mem: 5.74e+03] (177.1 ms)
INFO:root:[678,     0] grad_stats: [2.10e-04 1.24e-04] (8.69e-05, 2.23e-03)
INFO:root:[678,   116] loss: 5.718012e-03 masks: 21.9 17.4 [wd: 3.92e-01] [lr: 2.65e-05] [mem: 5.74e+03] (172.1 ms)
INFO:root:[678,   116] grad_stats: [1.26e-04 8.98e-05] (7.40e-05, 2.50e-03)
INFO:root:[678,   232] loss: 5.710325e-03 masks: 21.7 17.5 [wd: 3.92e-01] [lr: 2.61e-05] [mem: 5.74e+03] (172.1 ms)
INFO:root:[678,   232] grad_stats: [1.14e-04 9.62e-05] (6.85e-05, 2.23e-03)
INFO:root:avg. loss 5.71032462e-03
INFO:root:time taken for epoch 0:00:53.832517
INFO:root:Epoch 679
INFO:root:[679,     0] loss: 6.919817e-03 masks: 34.0 12.0 [wd: 3.92e-01] [lr: 2.61e-05] [mem: 5.74e+03] (194.1 ms)
INFO:root:[679,     0] grad_stats: [1.55e-04 1.13e-04] (9.14e-05, 3.76e-03)
INFO:root:[679,   116] loss: 5.803632e-03 masks: 22.3 17.2 [wd: 3.92e-01] [lr: 2.58e-05] [mem: 5.74e+03] (173.0 ms)
INFO:root:[679,   116] grad_stats: [2.79e-04 9.29e-05] (7.57e-05, 2.81e-03)
INFO:root:[679,   232] loss: 5.727480e-03 masks: 22.0 17.4 [wd: 3.92e-01] [lr: 2.54e-05] [mem: 5.74e+03] (172.9 ms)
INFO:root:[679,   232] grad_stats: [1.78e-04 1.10e-04] (8.19e-05, 3.11e-03)
INFO:root:avg. loss 5.72747983e-03
INFO:root:time taken for epoch 0:00:53.942330
INFO:root:Epoch 680
INFO:root:[680,     0] loss: 5.937831e-03 masks: 26.0 16.0 [wd: 3.92e-01] [lr: 2.54e-05] [mem: 5.74e+03] (181.1 ms)
INFO:root:[680,     0] grad_stats: [1.21e-04 9.53e-05] (6.83e-05, 2.55e-03)
INFO:root:[680,   116] loss: 5.705539e-03 masks: 21.7 17.7 [wd: 3.92e-01] [lr: 2.51e-05] [mem: 5.74e+03] (171.9 ms)
INFO:root:[680,   116] grad_stats: [2.08e-04 1.20e-04] (8.29e-05, 2.06e-03)
INFO:root:[680,   232] loss: 5.705753e-03 masks: 21.8 17.5 [wd: 3.92e-01] [lr: 2.48e-05] [mem: 5.74e+03] (172.6 ms)
INFO:root:[680,   232] grad_stats: [2.62e-04 9.36e-05] (7.58e-05, 2.57e-03)
INFO:root:avg. loss 5.70575349e-03
INFO:root:	Epoch 680, KNN accuracy train: 7.75751e-01, KNN accuracy train: 6.62000e-01
INFO:root:time taken for epoch 0:01:36.442816
INFO:root:Epoch 681
INFO:root:[681,     0] loss: 5.572084e-03 masks: 25.0 16.0 [wd: 3.92e-01] [lr: 2.48e-05] [mem: 5.74e+03] (176.2 ms)
INFO:root:[681,     0] grad_stats: [2.01e-04 1.20e-04] (8.29e-05, 2.78e-03)
INFO:root:[681,   116] loss: 5.703060e-03 masks: 21.7 17.4 [wd: 3.92e-01] [lr: 2.44e-05] [mem: 5.74e+03] (170.8 ms)
INFO:root:[681,   116] grad_stats: [1.64e-04 1.02e-04] (7.44e-05, 2.29e-03)
INFO:root:[681,   232] loss: 5.778268e-03 masks: 22.3 17.2 [wd: 3.93e-01] [lr: 2.41e-05] [mem: 5.74e+03] (172.7 ms)
INFO:root:[681,   232] grad_stats: [3.98e-04 1.48e-04] (9.21e-05, 3.09e-03)
INFO:root:avg. loss 5.77826811e-03
INFO:root:time taken for epoch 0:00:53.816912
INFO:root:Epoch 682
INFO:root:[682,     0] loss: 5.058731e-03 masks: 18.0 20.0 [wd: 3.93e-01] [lr: 2.41e-05] [mem: 5.74e+03] (163.9 ms)
INFO:root:[682,     0] grad_stats: [1.33e-04 1.21e-04] (7.48e-05, 1.92e-03)
INFO:root:[682,   116] loss: 5.844184e-03 masks: 22.6 16.9 [wd: 3.93e-01] [lr: 2.38e-05] [mem: 5.74e+03] (173.2 ms)
INFO:root:[682,   116] grad_stats: [1.18e-04 1.06e-04] (8.15e-05, 1.88e-03)
INFO:root:[682,   232] loss: 5.755154e-03 masks: 22.2 17.2 [wd: 3.93e-01] [lr: 2.34e-05] [mem: 5.74e+03] (173.1 ms)
INFO:root:[682,   232] grad_stats: [2.53e-04 1.08e-04] (8.42e-05, 1.93e-03)
INFO:root:avg. loss 5.75515403e-03
INFO:root:time taken for epoch 0:00:54.063339
INFO:root:Epoch 683
INFO:root:[683,     0] loss: 6.075727e-03 masks: 22.0 16.0 [wd: 3.93e-01] [lr: 2.34e-05] [mem: 5.74e+03] (168.9 ms)
INFO:root:[683,     0] grad_stats: [1.34e-04 1.41e-04] (8.24e-05, 2.78e-03)
INFO:root:[683,   116] loss: 5.743621e-03 masks: 22.1 17.4 [wd: 3.93e-01] [lr: 2.31e-05] [mem: 5.74e+03] (172.7 ms)
INFO:root:[683,   116] grad_stats: [1.47e-04 1.04e-04] (7.10e-05, 1.78e-03)
INFO:root:[683,   232] loss: 5.727097e-03 masks: 22.3 17.3 [wd: 3.93e-01] [lr: 2.28e-05] [mem: 5.74e+03] (173.6 ms)
INFO:root:[683,   232] grad_stats: [1.02e-04 1.03e-04] (7.78e-05, 2.66e-03)
INFO:root:avg. loss 5.72709701e-03
INFO:root:time taken for epoch 0:00:54.216497
INFO:root:Epoch 684
INFO:root:[684,     0] loss: 5.543666e-03 masks: 28.0 16.0 [wd: 3.93e-01] [lr: 2.28e-05] [mem: 5.74e+03] (186.2 ms)
INFO:root:[684,     0] grad_stats: [2.05e-04 1.13e-04] (7.78e-05, 2.15e-03)
INFO:root:[684,   116] loss: 5.719494e-03 masks: 21.8 17.5 [wd: 3.93e-01] [lr: 2.25e-05] [mem: 5.74e+03] (171.9 ms)
INFO:root:[684,   116] grad_stats: [2.04e-04 1.12e-04] (9.06e-05, 2.62e-03)
INFO:root:[684,   232] loss: 5.744362e-03 masks: 22.1 17.3 [wd: 3.93e-01] [lr: 2.21e-05] [mem: 5.74e+03] (172.9 ms)
INFO:root:[684,   232] grad_stats: [2.79e-04 1.44e-04] (1.03e-04, 5.82e-03)
INFO:root:avg. loss 5.74436203e-03
INFO:root:time taken for epoch 0:00:54.054936
INFO:root:Epoch 685
INFO:root:[685,     0] loss: 5.321128e-03 masks: 13.0 20.0 [wd: 3.93e-01] [lr: 2.21e-05] [mem: 5.74e+03] (150.1 ms)
INFO:root:[685,     0] grad_stats: [2.35e-04 1.30e-04] (9.17e-05, 2.74e-03)
INFO:root:[685,   116] loss: 5.738375e-03 masks: 21.4 17.4 [wd: 3.93e-01] [lr: 2.18e-05] [mem: 5.74e+03] (170.8 ms)
INFO:root:[685,   116] grad_stats: [1.48e-04 1.16e-04] (7.83e-05, 3.13e-03)
INFO:root:[685,   232] loss: 5.722290e-03 masks: 21.9 17.4 [wd: 3.93e-01] [lr: 2.15e-05] [mem: 5.74e+03] (172.4 ms)
INFO:root:[685,   232] grad_stats: [2.71e-04 1.49e-04] (1.19e-04, 3.44e-03)
INFO:root:avg. loss 5.72229046e-03
INFO:root:time taken for epoch 0:00:53.861977
INFO:root:Epoch 686
INFO:root:[686,     0] loss: 6.587985e-03 masks: 21.0 16.0 [wd: 3.93e-01] [lr: 2.15e-05] [mem: 5.74e+03] (167.4 ms)
INFO:root:[686,     0] grad_stats: [4.56e-04 1.28e-04] (1.02e-04, 4.36e-03)
INFO:root:[686,   116] loss: 5.762096e-03 masks: 21.5 17.3 [wd: 3.93e-01] [lr: 2.12e-05] [mem: 5.74e+03] (170.9 ms)
INFO:root:[686,   116] grad_stats: [1.18e-04 1.07e-04] (8.47e-05, 4.00e-03)
INFO:root:[686,   232] loss: 5.730361e-03 masks: 21.1 17.5 [wd: 3.94e-01] [lr: 2.09e-05] [mem: 5.74e+03] (170.6 ms)
INFO:root:[686,   232] grad_stats: [1.58e-04 9.70e-05] (7.35e-05, 2.01e-03)
INFO:root:avg. loss 5.73036125e-03
INFO:root:time taken for epoch 0:00:53.481531
INFO:root:Epoch 687
INFO:root:[687,     0] loss: 5.463815e-03 masks: 27.0 16.0 [wd: 3.94e-01] [lr: 2.09e-05] [mem: 5.74e+03] (184.2 ms)
INFO:root:[687,     0] grad_stats: [9.67e-05 6.84e-05] (5.58e-05, 2.93e-03)
INFO:root:[687,   116] loss: 5.773985e-03 masks: 22.6 17.0 [wd: 3.94e-01] [lr: 2.06e-05] [mem: 5.74e+03] (173.5 ms)
INFO:root:[687,   116] grad_stats: [1.56e-04 1.33e-04] (8.91e-05, 2.35e-03)
INFO:root:[687,   232] loss: 5.726008e-03 masks: 21.9 17.3 [wd: 3.94e-01] [lr: 2.03e-05] [mem: 5.74e+03] (172.4 ms)
INFO:root:[687,   232] grad_stats: [1.73e-04 1.34e-04] (8.68e-05, 2.65e-03)
INFO:root:avg. loss 5.72600792e-03
INFO:root:time taken for epoch 0:00:53.857064
INFO:root:Epoch 688
INFO:root:[688,     0] loss: 6.248618e-03 masks: 14.0 20.0 [wd: 3.94e-01] [lr: 2.03e-05] [mem: 5.74e+03] (151.7 ms)
INFO:root:[688,     0] grad_stats: [3.00e-04 1.53e-04] (9.32e-05, 2.75e-03)
INFO:root:[688,   116] loss: 5.745231e-03 masks: 22.5 17.1 [wd: 3.94e-01] [lr: 2.00e-05] [mem: 5.74e+03] (173.5 ms)
INFO:root:[688,   116] grad_stats: [2.27e-04 1.95e-04] (1.31e-04, 6.81e-03)
INFO:root:[688,   232] loss: 5.713988e-03 masks: 22.1 17.3 [wd: 3.94e-01] [lr: 1.97e-05] [mem: 5.74e+03] (172.9 ms)
INFO:root:[688,   232] grad_stats: [1.53e-04 1.36e-04] (8.46e-05, 2.45e-03)
INFO:root:avg. loss 5.71398836e-03
INFO:root:time taken for epoch 0:00:54.007005
INFO:root:Epoch 689
INFO:root:[689,     0] loss: 5.320516e-03 masks: 18.0 20.0 [wd: 3.94e-01] [lr: 1.97e-05] [mem: 5.74e+03] (164.7 ms)
INFO:root:[689,     0] grad_stats: [3.94e-04 1.25e-04] (9.01e-05, 3.13e-03)
INFO:root:[689,   116] loss: 5.794975e-03 masks: 22.2 17.3 [wd: 3.94e-01] [lr: 1.94e-05] [mem: 5.74e+03] (173.0 ms)
INFO:root:[689,   116] grad_stats: [1.91e-04 1.00e-04] (6.81e-05, 1.67e-03)
INFO:root:[689,   232] loss: 5.769510e-03 masks: 21.9 17.3 [wd: 3.94e-01] [lr: 1.91e-05] [mem: 5.74e+03] (172.6 ms)
INFO:root:[689,   232] grad_stats: [1.44e-04 1.26e-04] (9.12e-05, 1.93e-03)
INFO:root:avg. loss 5.76951028e-03
INFO:root:time taken for epoch 0:00:53.798557
INFO:root:Epoch 690
INFO:root:[690,     0] loss: 6.364652e-03 masks: 33.0 12.0 [wd: 3.94e-01] [lr: 1.91e-05] [mem: 5.74e+03] (193.6 ms)
INFO:root:[690,     0] grad_stats: [2.07e-04 1.19e-04] (8.42e-05, 2.70e-03)
INFO:root:[690,   116] loss: 5.770490e-03 masks: 21.5 17.3 [wd: 3.94e-01] [lr: 1.88e-05] [mem: 5.74e+03] (171.1 ms)
INFO:root:[690,   116] grad_stats: [1.31e-04 1.05e-04] (7.62e-05, 1.98e-03)
INFO:root:[690,   232] loss: 5.729262e-03 masks: 21.7 17.4 [wd: 3.94e-01] [lr: 1.85e-05] [mem: 5.74e+03] (172.2 ms)
INFO:root:[690,   232] grad_stats: [1.73e-04 1.36e-04] (8.83e-05, 2.45e-03)
INFO:root:avg. loss 5.72926158e-03
INFO:root:time taken for epoch 0:00:53.825244
INFO:root:Epoch 691
INFO:root:[691,     0] loss: 5.025039e-03 masks: 18.0 20.0 [wd: 3.94e-01] [lr: 1.85e-05] [mem: 5.74e+03] (163.8 ms)
INFO:root:[691,     0] grad_stats: [2.84e-04 1.08e-04] (8.29e-05, 2.18e-03)
INFO:root:[691,   116] loss: 5.655182e-03 masks: 21.2 17.7 [wd: 3.94e-01] [lr: 1.82e-05] [mem: 5.74e+03] (170.7 ms)
INFO:root:[691,   116] grad_stats: [1.37e-04 1.36e-04] (7.20e-05, 1.81e-03)
INFO:root:[691,   232] loss: 5.714661e-03 masks: 21.6 17.5 [wd: 3.95e-01] [lr: 1.79e-05] [mem: 5.74e+03] (171.9 ms)
INFO:root:[691,   232] grad_stats: [5.04e-04 1.32e-04] (8.83e-05, 2.43e-03)
INFO:root:avg. loss 5.71466119e-03
INFO:root:time taken for epoch 0:00:53.848022
INFO:root:Epoch 692
INFO:root:[692,     0] loss: 4.985615e-03 masks: 21.0 20.0 [wd: 3.95e-01] [lr: 1.79e-05] [mem: 5.74e+03] (172.2 ms)
INFO:root:[692,     0] grad_stats: [1.56e-04 1.19e-04] (7.80e-05, 2.27e-03)
INFO:root:[692,   116] loss: 5.707105e-03 masks: 21.1 17.6 [wd: 3.95e-01] [lr: 1.76e-05] [mem: 5.74e+03] (170.0 ms)
INFO:root:[692,   116] grad_stats: [2.50e-04 1.54e-04] (9.72e-05, 3.74e-03)
INFO:root:[692,   232] loss: 5.745650e-03 masks: 21.6 17.4 [wd: 3.95e-01] [lr: 1.74e-05] [mem: 5.74e+03] (171.7 ms)
INFO:root:[692,   232] grad_stats: [1.91e-04 1.50e-04] (9.35e-05, 2.94e-03)
INFO:root:avg. loss 5.74565012e-03
INFO:root:time taken for epoch 0:00:53.616611
INFO:root:Epoch 693
INFO:root:[693,     0] loss: 6.345506e-03 masks: 24.0 16.0 [wd: 3.95e-01] [lr: 1.74e-05] [mem: 5.74e+03] (173.3 ms)
INFO:root:[693,     0] grad_stats: [2.15e-04 1.19e-04] (9.95e-05, 7.33e-03)
INFO:root:[693,   116] loss: 5.796007e-03 masks: 22.2 17.2 [wd: 3.95e-01] [lr: 1.71e-05] [mem: 5.74e+03] (172.6 ms)
INFO:root:[693,   116] grad_stats: [2.47e-04 9.20e-05] (7.71e-05, 1.80e-03)
INFO:root:[693,   232] loss: 5.722658e-03 masks: 22.1 17.3 [wd: 3.95e-01] [lr: 1.68e-05] [mem: 5.74e+03] (173.0 ms)
INFO:root:[693,   232] grad_stats: [1.40e-04 1.11e-04] (8.09e-05, 2.38e-03)
INFO:root:avg. loss 5.72265850e-03
INFO:root:time taken for epoch 0:00:54.044471
INFO:root:Epoch 694
INFO:root:[694,     0] loss: 6.105927e-03 masks: 22.0 16.0 [wd: 3.95e-01] [lr: 1.68e-05] [mem: 5.74e+03] (170.3 ms)
INFO:root:[694,     0] grad_stats: [1.28e-04 1.04e-04] (8.61e-05, 2.64e-03)
INFO:root:[694,   116] loss: 5.651238e-03 masks: 21.6 17.4 [wd: 3.95e-01] [lr: 1.65e-05] [mem: 5.74e+03] (171.4 ms)
INFO:root:[694,   116] grad_stats: [1.22e-04 1.07e-04] (8.11e-05, 2.31e-03)
INFO:root:[694,   232] loss: 5.734998e-03 masks: 21.9 17.3 [wd: 3.95e-01] [lr: 1.63e-05] [mem: 5.74e+03] (172.4 ms)
INFO:root:[694,   232] grad_stats: [1.40e-04 1.31e-04] (8.55e-05, 2.43e-03)
INFO:root:avg. loss 5.73499771e-03
INFO:root:time taken for epoch 0:00:53.853793
INFO:root:Epoch 695
INFO:root:[695,     0] loss: 5.795538e-03 masks: 24.0 16.0 [wd: 3.95e-01] [lr: 1.63e-05] [mem: 5.74e+03] (174.9 ms)
INFO:root:[695,     0] grad_stats: [2.14e-04 1.02e-04] (8.00e-05, 3.46e-03)
INFO:root:[695,   116] loss: 5.707239e-03 masks: 21.1 17.6 [wd: 3.95e-01] [lr: 1.60e-05] [mem: 5.74e+03] (170.1 ms)
INFO:root:[695,   116] grad_stats: [2.58e-04 1.33e-04] (1.06e-04, 2.77e-03)
INFO:root:[695,   232] loss: 5.705131e-03 masks: 21.7 17.4 [wd: 3.95e-01] [lr: 1.57e-05] [mem: 5.74e+03] (171.9 ms)
INFO:root:[695,   232] grad_stats: [1.74e-04 1.06e-04] (8.13e-05, 2.55e-03)
INFO:root:avg. loss 5.70513125e-03
INFO:root:time taken for epoch 0:00:53.825114
INFO:root:Epoch 696
INFO:root:[696,     0] loss: 6.209658e-03 masks: 26.0 16.0 [wd: 3.95e-01] [lr: 1.57e-05] [mem: 5.74e+03] (181.0 ms)
INFO:root:[696,     0] grad_stats: [1.46e-04 1.09e-04] (7.52e-05, 2.22e-03)
INFO:root:[696,   116] loss: 5.740300e-03 masks: 21.2 17.3 [wd: 3.95e-01] [lr: 1.55e-05] [mem: 5.74e+03] (170.1 ms)
INFO:root:[696,   116] grad_stats: [1.89e-04 1.45e-04] (9.47e-05, 3.55e-03)
INFO:root:[696,   232] loss: 5.722565e-03 masks: 21.5 17.3 [wd: 3.95e-01] [lr: 1.52e-05] [mem: 5.74e+03] (171.4 ms)
INFO:root:[696,   232] grad_stats: [4.07e-04 1.03e-04] (8.64e-05, 3.39e-03)
INFO:root:avg. loss 5.72256513e-03
INFO:root:time taken for epoch 0:00:53.665154
INFO:root:Epoch 697
INFO:root:[697,     0] loss: 5.398220e-03 masks: 26.0 16.0 [wd: 3.95e-01] [lr: 1.52e-05] [mem: 5.74e+03] (180.6 ms)
INFO:root:[697,     0] grad_stats: [1.48e-04 9.25e-05] (6.77e-05, 2.53e-03)
INFO:root:[697,   116] loss: 5.712050e-03 masks: 22.1 17.3 [wd: 3.95e-01] [lr: 1.49e-05] [mem: 5.74e+03] (172.5 ms)
INFO:root:[697,   116] grad_stats: [2.64e-04 1.74e-04] (1.08e-04, 3.26e-03)
INFO:root:[697,   232] loss: 5.699600e-03 masks: 22.1 17.3 [wd: 3.96e-01] [lr: 1.47e-05] [mem: 5.74e+03] (172.8 ms)
INFO:root:[697,   232] grad_stats: [1.60e-04 1.23e-04] (6.49e-05, 1.75e-03)
INFO:root:avg. loss 5.69959997e-03
INFO:root:time taken for epoch 0:00:54.024605
INFO:root:Epoch 698
INFO:root:[698,     0] loss: 5.705724e-03 masks: 21.0 16.0 [wd: 3.96e-01] [lr: 1.47e-05] [mem: 5.74e+03] (167.5 ms)
INFO:root:[698,     0] grad_stats: [1.64e-04 1.84e-04] (1.14e-04, 2.74e-03)
INFO:root:[698,   116] loss: 5.703352e-03 masks: 21.7 17.3 [wd: 3.96e-01] [lr: 1.44e-05] [mem: 5.74e+03] (171.4 ms)
INFO:root:[698,   116] grad_stats: [1.34e-04 1.12e-04] (7.69e-05, 3.09e-03)
INFO:root:[698,   232] loss: 5.709745e-03 masks: 21.8 17.4 [wd: 3.96e-01] [lr: 1.42e-05] [mem: 5.74e+03] (172.2 ms)
INFO:root:[698,   232] grad_stats: [2.25e-04 1.41e-04] (9.24e-05, 2.11e-03)
INFO:root:avg. loss 5.70974485e-03
INFO:root:time taken for epoch 0:00:53.772810
INFO:root:Epoch 699
INFO:root:[699,     0] loss: 4.879099e-03 masks: 19.0 20.0 [wd: 3.96e-01] [lr: 1.42e-05] [mem: 5.74e+03] (168.1 ms)
INFO:root:[699,     0] grad_stats: [1.11e-04 1.08e-04] (7.42e-05, 1.94e-03)
INFO:root:[699,   116] loss: 5.633222e-03 masks: 21.3 17.7 [wd: 3.96e-01] [lr: 1.39e-05] [mem: 5.74e+03] (170.8 ms)
INFO:root:[699,   116] grad_stats: [1.58e-04 1.17e-04] (8.34e-05, 2.78e-03)
INFO:root:[699,   232] loss: 5.685588e-03 masks: 22.1 17.4 [wd: 3.96e-01] [lr: 1.37e-05] [mem: 5.74e+03] (173.1 ms)
INFO:root:[699,   232] grad_stats: [1.21e-04 1.50e-04] (9.47e-05, 3.31e-03)
INFO:root:avg. loss 5.68558823e-03
INFO:root:time taken for epoch 0:00:54.151889
INFO:root:Epoch 700
INFO:root:[700,     0] loss: 6.527617e-03 masks: 22.0 16.0 [wd: 3.96e-01] [lr: 1.37e-05] [mem: 5.74e+03] (169.2 ms)
INFO:root:[700,     0] grad_stats: [3.08e-04 1.83e-04] (1.32e-04, 3.93e-03)
INFO:root:[700,   116] loss: 5.800088e-03 masks: 22.7 16.9 [wd: 3.96e-01] [lr: 1.34e-05] [mem: 5.74e+03] (173.6 ms)
INFO:root:[700,   116] grad_stats: [1.77e-04 1.09e-04] (8.22e-05, 2.07e-03)
INFO:root:[700,   232] loss: 5.688140e-03 masks: 21.8 17.4 [wd: 3.96e-01] [lr: 1.32e-05] [mem: 5.74e+03] (172.2 ms)
INFO:root:[700,   232] grad_stats: [1.10e-04 1.04e-04] (7.33e-05, 1.99e-03)
INFO:root:avg. loss 5.68813989e-03
INFO:root:	Epoch 700, KNN accuracy train: 7.80615e-01, KNN accuracy train: 6.74333e-01
INFO:root:time taken for epoch 0:01:36.456661
INFO:root:Epoch 701
INFO:root:[701,     0] loss: 4.862708e-03 masks: 20.0 20.0 [wd: 3.96e-01] [lr: 1.32e-05] [mem: 5.74e+03] (168.4 ms)
INFO:root:[701,     0] grad_stats: [2.10e-04 1.04e-04] (7.46e-05, 2.27e-03)
INFO:root:[701,   116] loss: 5.667016e-03 masks: 22.1 17.3 [wd: 3.96e-01] [lr: 1.29e-05] [mem: 5.74e+03] (171.8 ms)
INFO:root:[701,   116] grad_stats: [1.34e-04 1.42e-04] (8.85e-05, 2.52e-03)
INFO:root:[701,   232] loss: 5.725945e-03 masks: 22.5 17.0 [wd: 3.96e-01] [lr: 1.27e-05] [mem: 5.74e+03] (173.2 ms)
INFO:root:[701,   232] grad_stats: [8.65e-05 9.13e-05] (6.87e-05, 1.75e-03)
INFO:root:avg. loss 5.72594474e-03
INFO:root:time taken for epoch 0:00:54.026042
INFO:root:Epoch 702
INFO:root:[702,     0] loss: 5.928746e-03 masks: 23.0 16.0 [wd: 3.96e-01] [lr: 1.27e-05] [mem: 5.74e+03] (169.9 ms)
INFO:root:[702,     0] grad_stats: [1.86e-04 1.49e-04] (8.54e-05, 2.16e-03)
INFO:root:[702,   116] loss: 5.604597e-03 masks: 22.5 17.3 [wd: 3.96e-01] [lr: 1.25e-05] [mem: 5.74e+03] (173.6 ms)
INFO:root:[702,   116] grad_stats: [1.66e-04 1.40e-04] (1.10e-04, 3.74e-03)
INFO:root:[702,   232] loss: 5.629829e-03 masks: 22.1 17.4 [wd: 3.96e-01] [lr: 1.22e-05] [mem: 5.74e+03] (172.9 ms)
INFO:root:[702,   232] grad_stats: [1.20e-04 9.29e-05] (7.46e-05, 2.47e-03)
INFO:root:avg. loss 5.62982887e-03
INFO:root:time taken for epoch 0:00:54.039525
INFO:root:Epoch 703
INFO:root:[703,     0] loss: 5.181124e-03 masks: 17.0 20.0 [wd: 3.96e-01] [lr: 1.22e-05] [mem: 5.74e+03] (160.7 ms)
INFO:root:[703,     0] grad_stats: [1.30e-04 1.14e-04] (7.45e-05, 1.85e-03)
INFO:root:[703,   116] loss: 5.667582e-03 masks: 21.5 17.5 [wd: 3.96e-01] [lr: 1.20e-05] [mem: 5.74e+03] (171.1 ms)
INFO:root:[703,   116] grad_stats: [2.68e-04 1.28e-04] (9.38e-05, 3.20e-03)
INFO:root:[703,   232] loss: 5.661769e-03 masks: 21.8 17.4 [wd: 3.97e-01] [lr: 1.18e-05] [mem: 5.74e+03] (172.4 ms)
INFO:root:[703,   232] grad_stats: [1.43e-04 1.26e-04] (8.74e-05, 2.05e-03)
INFO:root:avg. loss 5.66176914e-03
INFO:root:time taken for epoch 0:00:53.891074
INFO:root:Epoch 704
INFO:root:[704,     0] loss: 4.417073e-03 masks: 21.0 20.0 [wd: 3.97e-01] [lr: 1.18e-05] [mem: 5.74e+03] (171.5 ms)
INFO:root:[704,     0] grad_stats: [1.71e-04 1.24e-04] (8.17e-05, 2.04e-03)
INFO:root:[704,   116] loss: 5.657554e-03 masks: 21.2 17.6 [wd: 3.97e-01] [lr: 1.15e-05] [mem: 5.74e+03] (170.3 ms)
INFO:root:[704,   116] grad_stats: [1.39e-04 9.62e-05] (6.54e-05, 1.73e-03)
INFO:root:[704,   232] loss: 5.712655e-03 masks: 21.3 17.4 [wd: 3.97e-01] [lr: 1.13e-05] [mem: 5.74e+03] (170.8 ms)
INFO:root:[704,   232] grad_stats: [1.81e-04 1.47e-04] (8.79e-05, 2.23e-03)
INFO:root:avg. loss 5.71265529e-03
INFO:root:time taken for epoch 0:00:53.439826
INFO:root:Epoch 705
INFO:root:[705,     0] loss: 5.579605e-03 masks: 26.0 16.0 [wd: 3.97e-01] [lr: 1.13e-05] [mem: 5.74e+03] (182.3 ms)
INFO:root:[705,     0] grad_stats: [3.83e-04 1.02e-04] (8.21e-05, 2.30e-03)
INFO:root:[705,   116] loss: 5.670658e-03 masks: 21.9 17.4 [wd: 3.97e-01] [lr: 1.11e-05] [mem: 5.74e+03] (171.8 ms)
INFO:root:[705,   116] grad_stats: [2.03e-04 1.15e-04] (9.42e-05, 2.40e-03)
INFO:root:[705,   232] loss: 5.652070e-03 masks: 22.0 17.5 [wd: 3.97e-01] [lr: 1.09e-05] [mem: 5.74e+03] (172.8 ms)
INFO:root:[705,   232] grad_stats: [1.90e-04 1.42e-04] (1.01e-04, 2.91e-03)
INFO:root:avg. loss 5.65206970e-03
INFO:root:time taken for epoch 0:00:53.979970
INFO:root:Epoch 706
INFO:root:[706,     0] loss: 4.598429e-03 masks: 21.0 20.0 [wd: 3.97e-01] [lr: 1.09e-05] [mem: 5.74e+03] (172.0 ms)
INFO:root:[706,     0] grad_stats: [1.87e-04 1.12e-04] (7.93e-05, 1.78e-03)
INFO:root:[706,   116] loss: 5.624443e-03 masks: 21.8 17.4 [wd: 3.97e-01] [lr: 1.07e-05] [mem: 5.74e+03] (172.0 ms)
INFO:root:[706,   116] grad_stats: [1.91e-04 1.30e-04] (9.19e-05, 2.86e-03)
INFO:root:[706,   232] loss: 5.712120e-03 masks: 22.1 17.2 [wd: 3.97e-01] [lr: 1.04e-05] [mem: 5.74e+03] (172.8 ms)
INFO:root:[706,   232] grad_stats: [1.72e-04 1.06e-04] (8.03e-05, 2.20e-03)
INFO:root:avg. loss 5.71211976e-03
INFO:root:time taken for epoch 0:00:53.926956
INFO:root:Epoch 707
INFO:root:[707,     0] loss: 5.196721e-03 masks: 18.0 20.0 [wd: 3.97e-01] [lr: 1.04e-05] [mem: 5.74e+03] (165.4 ms)
INFO:root:[707,     0] grad_stats: [1.39e-04 1.28e-04] (8.43e-05, 2.28e-03)
INFO:root:[707,   116] loss: 5.717299e-03 masks: 20.9 17.6 [wd: 3.97e-01] [lr: 1.02e-05] [mem: 5.74e+03] (169.7 ms)
INFO:root:[707,   116] grad_stats: [2.04e-04 1.62e-04] (1.08e-04, 3.76e-03)
INFO:root:[707,   232] loss: 5.680858e-03 masks: 21.3 17.5 [wd: 3.97e-01] [lr: 1.00e-05] [mem: 5.74e+03] (171.1 ms)
INFO:root:[707,   232] grad_stats: [1.55e-04 1.09e-04] (8.11e-05, 2.27e-03)
INFO:root:avg. loss 5.68085815e-03
INFO:root:time taken for epoch 0:00:53.673308
INFO:root:Epoch 708
INFO:root:[708,     0] loss: 6.416085e-03 masks: 23.0 16.0 [wd: 3.97e-01] [lr: 1.00e-05] [mem: 5.74e+03] (169.7 ms)
INFO:root:[708,     0] grad_stats: [1.40e-04 1.40e-04] (9.62e-05, 3.96e-03)
INFO:root:[708,   116] loss: 5.651968e-03 masks: 22.5 17.3 [wd: 3.97e-01] [lr: 9.81e-06] [mem: 5.74e+03] (173.4 ms)
INFO:root:[708,   116] grad_stats: [1.12e-04 9.36e-05] (7.68e-05, 2.61e-03)
INFO:root:[708,   232] loss: 5.645696e-03 masks: 21.8 17.5 [wd: 3.97e-01] [lr: 9.60e-06] [mem: 5.74e+03] (172.3 ms)
INFO:root:[708,   232] grad_stats: [2.01e-04 1.41e-04] (1.03e-04, 3.12e-03)
INFO:root:avg. loss 5.64569624e-03
INFO:root:time taken for epoch 0:00:53.881849
INFO:root:Epoch 709
INFO:root:[709,     0] loss: 5.821472e-03 masks: 16.0 20.0 [wd: 3.97e-01] [lr: 9.60e-06] [mem: 5.74e+03] (156.3 ms)
INFO:root:[709,     0] grad_stats: [2.03e-04 1.24e-04] (9.42e-05, 3.30e-03)
INFO:root:[709,   116] loss: 5.681060e-03 masks: 21.4 17.5 [wd: 3.97e-01] [lr: 9.40e-06] [mem: 5.74e+03] (170.9 ms)
INFO:root:[709,   116] grad_stats: [1.31e-04 1.32e-04] (8.77e-05, 2.97e-03)
INFO:root:[709,   232] loss: 5.660060e-03 masks: 21.6 17.4 [wd: 3.97e-01] [lr: 9.20e-06] [mem: 5.74e+03] (171.7 ms)
INFO:root:[709,   232] grad_stats: [1.13e-04 1.44e-04] (1.09e-04, 2.96e-03)
INFO:root:avg. loss 5.66006042e-03
INFO:root:time taken for epoch 0:00:53.838934
INFO:root:Epoch 710
INFO:root:[710,     0] loss: 5.847739e-03 masks: 21.0 16.0 [wd: 3.97e-01] [lr: 9.20e-06] [mem: 5.74e+03] (164.6 ms)
INFO:root:[710,     0] grad_stats: [1.97e-04 1.37e-04] (1.09e-04, 3.32e-03)
INFO:root:[710,   116] loss: 5.772148e-03 masks: 22.6 16.8 [wd: 3.97e-01] [lr: 9.00e-06] [mem: 5.74e+03] (173.4 ms)
INFO:root:[710,   116] grad_stats: [1.12e-04 1.57e-04] (9.63e-05, 3.47e-03)
INFO:root:[710,   232] loss: 5.741566e-03 masks: 22.2 17.0 [wd: 3.97e-01] [lr: 8.80e-06] [mem: 5.74e+03] (173.1 ms)
INFO:root:[710,   232] grad_stats: [1.89e-04 1.26e-04] (9.57e-05, 3.04e-03)
INFO:root:avg. loss 5.74156620e-03
INFO:root:time taken for epoch 0:00:53.866528
INFO:root:Epoch 711
INFO:root:[711,     0] loss: 5.657660e-03 masks: 26.0 16.0 [wd: 3.97e-01] [lr: 8.80e-06] [mem: 5.74e+03] (181.6 ms)
INFO:root:[711,     0] grad_stats: [1.73e-04 1.43e-04] (9.30e-05, 3.18e-03)
INFO:root:[711,   116] loss: 5.691969e-03 masks: 21.7 17.3 [wd: 3.98e-01] [lr: 8.61e-06] [mem: 5.74e+03] (171.7 ms)
INFO:root:[711,   116] grad_stats: [1.54e-04 1.33e-04] (8.77e-05, 2.59e-03)
INFO:root:[711,   232] loss: 5.703131e-03 masks: 22.1 17.2 [wd: 3.98e-01] [lr: 8.42e-06] [mem: 5.74e+03] (172.9 ms)
INFO:root:[711,   232] grad_stats: [1.08e-04 1.36e-04] (7.81e-05, 3.59e-03)
INFO:root:avg. loss 5.70313121e-03
INFO:root:time taken for epoch 0:00:53.947114
INFO:root:Epoch 712
INFO:root:[712,     0] loss: 5.635743e-03 masks: 29.0 16.0 [wd: 3.98e-01] [lr: 8.42e-06] [mem: 5.74e+03] (185.8 ms)
INFO:root:[712,     0] grad_stats: [2.96e-04 1.26e-04] (1.00e-04, 3.33e-03)
INFO:root:[712,   116] loss: 5.706671e-03 masks: 22.3 17.1 [wd: 3.98e-01] [lr: 8.23e-06] [mem: 5.74e+03] (172.9 ms)
INFO:root:[712,   116] grad_stats: [1.83e-04 1.84e-04] (1.18e-04, 3.26e-03)
INFO:root:[712,   232] loss: 5.678380e-03 masks: 21.9 17.3 [wd: 3.98e-01] [lr: 8.04e-06] [mem: 5.74e+03] (172.3 ms)
INFO:root:[712,   232] grad_stats: [2.49e-04 1.34e-04] (9.06e-05, 2.87e-03)
INFO:root:avg. loss 5.67838025e-03
INFO:root:time taken for epoch 0:00:53.919413
INFO:root:Epoch 713
INFO:root:[713,     0] loss: 5.361097e-03 masks: 16.0 20.0 [wd: 3.98e-01] [lr: 8.04e-06] [mem: 5.74e+03] (157.0 ms)
INFO:root:[713,     0] grad_stats: [1.42e-04 1.21e-04] (9.16e-05, 2.46e-03)
INFO:root:[713,   116] loss: 5.737090e-03 masks: 22.1 17.0 [wd: 3.98e-01] [lr: 7.86e-06] [mem: 5.74e+03] (172.1 ms)
INFO:root:[713,   116] grad_stats: [2.35e-04 1.08e-04] (7.61e-05, 2.05e-03)
INFO:root:[713,   232] loss: 5.694513e-03 masks: 21.9 17.2 [wd: 3.98e-01] [lr: 7.68e-06] [mem: 5.74e+03] (172.3 ms)
INFO:root:[713,   232] grad_stats: [1.79e-04 1.52e-04] (1.08e-04, 3.31e-03)
INFO:root:avg. loss 5.69451341e-03
INFO:root:time taken for epoch 0:00:53.899110
INFO:root:Epoch 714
INFO:root:[714,     0] loss: 6.945021e-03 masks: 33.0 12.0 [wd: 3.98e-01] [lr: 7.68e-06] [mem: 5.74e+03] (193.1 ms)
INFO:root:[714,     0] grad_stats: [1.52e-04 1.48e-04] (1.06e-04, 3.18e-03)
INFO:root:[714,   116] loss: 5.710592e-03 masks: 21.4 17.3 [wd: 3.98e-01] [lr: 7.50e-06] [mem: 5.74e+03] (170.5 ms)
INFO:root:[714,   116] grad_stats: [2.18e-04 1.42e-04] (8.95e-05, 4.33e-03)
INFO:root:[714,   232] loss: 5.682174e-03 masks: 21.4 17.4 [wd: 3.98e-01] [lr: 7.32e-06] [mem: 5.74e+03] (171.1 ms)
INFO:root:[714,   232] grad_stats: [1.03e-04 1.24e-04] (9.09e-05, 2.20e-03)
INFO:root:avg. loss 5.68217440e-03
INFO:root:time taken for epoch 0:00:53.518667
INFO:root:Epoch 715
INFO:root:[715,     0] loss: 6.078386e-03 masks: 23.0 16.0 [wd: 3.98e-01] [lr: 7.32e-06] [mem: 5.74e+03] (170.3 ms)
INFO:root:[715,     0] grad_stats: [1.36e-04 1.07e-04] (7.67e-05, 2.46e-03)
INFO:root:[715,   116] loss: 5.549632e-03 masks: 21.2 17.9 [wd: 3.98e-01] [lr: 7.15e-06] [mem: 5.74e+03] (170.9 ms)
INFO:root:[715,   116] grad_stats: [1.96e-04 1.22e-04] (8.47e-05, 2.37e-03)
INFO:root:[715,   232] loss: 5.614011e-03 masks: 21.1 17.7 [wd: 3.98e-01] [lr: 6.98e-06] [mem: 5.74e+03] (170.7 ms)
INFO:root:[715,   232] grad_stats: [1.97e-04 1.34e-04] (9.00e-05, 2.95e-03)
INFO:root:avg. loss 5.61401080e-03
INFO:root:time taken for epoch 0:00:53.549339
INFO:root:Epoch 716
INFO:root:[716,     0] loss: 6.206260e-03 masks: 24.0 16.0 [wd: 3.98e-01] [lr: 6.98e-06] [mem: 5.74e+03] (175.0 ms)
INFO:root:[716,     0] grad_stats: [2.75e-04 1.50e-04] (1.01e-04, 2.80e-03)
INFO:root:[716,   116] loss: 5.775761e-03 masks: 22.3 16.9 [wd: 3.98e-01] [lr: 6.81e-06] [mem: 5.74e+03] (172.6 ms)
INFO:root:[716,   116] grad_stats: [1.19e-04 9.66e-05] (7.14e-05, 1.57e-03)
INFO:root:[716,   232] loss: 5.769199e-03 masks: 22.6 16.8 [wd: 3.98e-01] [lr: 6.64e-06] [mem: 5.74e+03] (173.9 ms)
INFO:root:[716,   232] grad_stats: [1.19e-04 1.11e-04] (7.64e-05, 2.04e-03)
INFO:root:avg. loss 5.76919943e-03
INFO:root:time taken for epoch 0:00:54.153348
INFO:root:Epoch 717
INFO:root:[717,     0] loss: 6.404326e-03 masks: 20.0 16.0 [wd: 3.98e-01] [lr: 6.64e-06] [mem: 5.74e+03] (163.8 ms)
INFO:root:[717,     0] grad_stats: [1.26e-04 1.42e-04] (1.17e-04, 2.67e-03)
INFO:root:[717,   116] loss: 5.706337e-03 masks: 21.6 17.4 [wd: 3.98e-01] [lr: 6.48e-06] [mem: 5.74e+03] (171.2 ms)
INFO:root:[717,   116] grad_stats: [2.19e-04 1.25e-04] (9.31e-05, 2.94e-03)
INFO:root:[717,   232] loss: 5.680804e-03 masks: 22.0 17.3 [wd: 3.98e-01] [lr: 6.32e-06] [mem: 5.74e+03] (172.5 ms)
INFO:root:[717,   232] grad_stats: [1.90e-04 1.44e-04] (9.45e-05, 2.39e-03)
INFO:root:avg. loss 5.68080378e-03
INFO:root:time taken for epoch 0:00:53.891581
INFO:root:Epoch 718
INFO:root:[718,     0] loss: 4.839837e-03 masks: 20.0 20.0 [wd: 3.98e-01] [lr: 6.31e-06] [mem: 5.74e+03] (169.3 ms)
INFO:root:[718,     0] grad_stats: [1.74e-04 1.08e-04] (7.26e-05, 1.69e-03)
INFO:root:[718,   116] loss: 5.677405e-03 masks: 22.0 17.2 [wd: 3.98e-01] [lr: 6.16e-06] [mem: 5.74e+03] (172.2 ms)
INFO:root:[718,   116] grad_stats: [1.42e-04 1.31e-04] (8.77e-05, 3.24e-03)
INFO:root:[718,   232] loss: 5.667269e-03 masks: 22.1 17.2 [wd: 3.98e-01] [lr: 6.00e-06] [mem: 5.74e+03] (172.8 ms)
INFO:root:[718,   232] grad_stats: [1.70e-04 1.22e-04] (7.91e-05, 1.91e-03)
INFO:root:avg. loss 5.66726899e-03
INFO:root:time taken for epoch 0:00:53.977786
INFO:root:Epoch 719
INFO:root:[719,     0] loss: 5.638576e-03 masks: 22.0 16.0 [wd: 3.98e-01] [lr: 6.00e-06] [mem: 5.74e+03] (168.8 ms)
INFO:root:[719,     0] grad_stats: [1.93e-04 1.51e-04] (1.04e-04, 3.34e-03)
INFO:root:[719,   116] loss: 5.591138e-03 masks: 21.4 17.7 [wd: 3.98e-01] [lr: 5.84e-06] [mem: 5.74e+03] (171.1 ms)
INFO:root:[719,   116] grad_stats: [1.70e-04 1.22e-04] (9.40e-05, 2.38e-03)
INFO:root:[719,   232] loss: 5.626471e-03 masks: 21.7 17.5 [wd: 3.98e-01] [lr: 5.69e-06] [mem: 5.74e+03] (172.2 ms)
INFO:root:[719,   232] grad_stats: [1.43e-04 1.15e-04] (9.07e-05, 2.63e-03)
INFO:root:avg. loss 5.62647079e-03
INFO:root:time taken for epoch 0:00:53.909613
INFO:root:Epoch 720
INFO:root:[720,     0] loss: 6.704950e-03 masks: 17.0 16.0 [wd: 3.98e-01] [lr: 5.69e-06] [mem: 5.74e+03] (155.0 ms)
INFO:root:[720,     0] grad_stats: [4.37e-04 1.81e-04] (1.20e-04, 3.70e-03)
INFO:root:[720,   116] loss: 5.740914e-03 masks: 22.1 17.0 [wd: 3.99e-01] [lr: 5.54e-06] [mem: 5.74e+03] (172.1 ms)
INFO:root:[720,   116] grad_stats: [1.23e-04 1.58e-04] (9.71e-05, 3.53e-03)
INFO:root:[720,   232] loss: 5.713877e-03 masks: 21.6 17.2 [wd: 3.99e-01] [lr: 5.39e-06] [mem: 5.74e+03] (171.6 ms)
INFO:root:[720,   232] grad_stats: [2.40e-04 1.43e-04] (9.81e-05, 3.10e-03)
INFO:root:avg. loss 5.71387696e-03
INFO:root:	Epoch 720, KNN accuracy train: 7.81545e-01, KNN accuracy train: 6.74333e-01
INFO:root:time taken for epoch 0:01:36.271498
INFO:root:Epoch 721
INFO:root:[721,     0] loss: 6.853580e-03 masks: 33.0 12.0 [wd: 3.99e-01] [lr: 5.39e-06] [mem: 5.74e+03] (191.7 ms)
INFO:root:[721,     0] grad_stats: [2.49e-04 1.32e-04] (9.47e-05, 2.93e-03)
INFO:root:[721,   116] loss: 5.642246e-03 masks: 21.8 17.4 [wd: 3.99e-01] [lr: 5.25e-06] [mem: 5.74e+03] (171.3 ms)
INFO:root:[721,   116] grad_stats: [2.23e-04 1.29e-04] (8.93e-05, 2.99e-03)
INFO:root:[721,   232] loss: 5.624553e-03 masks: 21.5 17.5 [wd: 3.99e-01] [lr: 5.11e-06] [mem: 5.74e+03] (171.2 ms)
INFO:root:[721,   232] grad_stats: [1.38e-04 1.26e-04] (8.54e-05, 3.14e-03)
INFO:root:avg. loss 5.62455322e-03
INFO:root:time taken for epoch 0:00:53.584964
INFO:root:Epoch 722
INFO:root:[722,     0] loss: 5.559199e-03 masks: 25.0 16.0 [wd: 3.99e-01] [lr: 5.11e-06] [mem: 5.74e+03] (177.4 ms)
INFO:root:[722,     0] grad_stats: [1.38e-04 1.25e-04] (9.74e-05, 3.18e-03)
INFO:root:[722,   116] loss: 5.760896e-03 masks: 22.4 17.0 [wd: 3.99e-01] [lr: 4.97e-06] [mem: 5.74e+03] (172.9 ms)
INFO:root:[722,   116] grad_stats: [1.49e-04 1.24e-04] (8.22e-05, 2.29e-03)
INFO:root:[722,   232] loss: 5.661863e-03 masks: 22.2 17.3 [wd: 3.99e-01] [lr: 4.83e-06] [mem: 5.74e+03] (173.0 ms)
INFO:root:[722,   232] grad_stats: [2.20e-04 1.02e-04] (8.25e-05, 2.56e-03)
INFO:root:avg. loss 5.66186281e-03
INFO:root:time taken for epoch 0:00:54.003561
INFO:root:Epoch 723
INFO:root:[723,     0] loss: 5.389882e-03 masks: 24.0 16.0 [wd: 3.99e-01] [lr: 4.83e-06] [mem: 5.74e+03] (174.8 ms)
INFO:root:[723,     0] grad_stats: [1.33e-04 1.10e-04] (9.08e-05, 2.47e-03)
INFO:root:[723,   116] loss: 5.615271e-03 masks: 21.6 17.4 [wd: 3.99e-01] [lr: 4.69e-06] [mem: 5.74e+03] (171.5 ms)
INFO:root:[723,   116] grad_stats: [1.19e-04 1.33e-04] (8.20e-05, 2.41e-03)
INFO:root:[723,   232] loss: 5.613093e-03 masks: 21.9 17.4 [wd: 3.99e-01] [lr: 4.56e-06] [mem: 5.74e+03] (172.8 ms)
INFO:root:[723,   232] grad_stats: [1.69e-04 1.37e-04] (1.12e-04, 2.52e-03)
INFO:root:avg. loss 5.61309328e-03
INFO:root:time taken for epoch 0:00:53.975175
INFO:root:Epoch 724
INFO:root:[724,     0] loss: 4.660657e-03 masks: 20.0 20.0 [wd: 3.99e-01] [lr: 4.56e-06] [mem: 5.74e+03] (167.4 ms)
INFO:root:[724,     0] grad_stats: [1.26e-04 1.29e-04] (8.36e-05, 2.19e-03)
INFO:root:[724,   116] loss: 5.671307e-03 masks: 22.7 17.0 [wd: 3.99e-01] [lr: 4.43e-06] [mem: 5.74e+03] (173.9 ms)
INFO:root:[724,   116] grad_stats: [1.51e-04 1.66e-04] (1.13e-04, 2.82e-03)
INFO:root:[724,   232] loss: 5.692313e-03 masks: 22.4 17.0 [wd: 3.99e-01] [lr: 4.30e-06] [mem: 5.74e+03] (173.5 ms)
INFO:root:[724,   232] grad_stats: [2.00e-04 1.41e-04] (8.92e-05, 2.19e-03)
INFO:root:avg. loss 5.69231317e-03
INFO:root:time taken for epoch 0:01:06.941692
INFO:root:Epoch 725
INFO:root:[725,     0] loss: 6.008143e-03 masks: 24.0 16.0 [wd: 3.99e-01] [lr: 4.30e-06] [mem: 5.74e+03] (174.4 ms)
INFO:root:[725,     0] grad_stats: [1.65e-04 1.40e-04] (1.13e-04, 3.35e-03)
INFO:root:[725,   116] loss: 5.593326e-03 masks: 21.6 17.5 [wd: 3.99e-01] [lr: 4.18e-06] [mem: 5.74e+03] (170.7 ms)
INFO:root:[725,   116] grad_stats: [1.85e-04 1.34e-04] (8.92e-05, 2.76e-03)
INFO:root:[725,   232] loss: 5.656442e-03 masks: 21.8 17.3 [wd: 3.99e-01] [lr: 4.05e-06] [mem: 5.74e+03] (171.6 ms)
INFO:root:[725,   232] grad_stats: [1.28e-04 1.27e-04] (9.95e-05, 2.90e-03)
INFO:root:avg. loss 5.65644213e-03
INFO:root:time taken for epoch 0:00:53.710671
INFO:root:Epoch 726
INFO:root:[726,     0] loss: 4.818436e-03 masks: 18.0 20.0 [wd: 3.99e-01] [lr: 4.05e-06] [mem: 5.74e+03] (165.7 ms)
INFO:root:[726,     0] grad_stats: [1.44e-04 1.29e-04] (9.11e-05, 2.34e-03)
INFO:root:[726,   116] loss: 5.760941e-03 masks: 22.2 17.0 [wd: 3.99e-01] [lr: 3.93e-06] [mem: 5.74e+03] (172.3 ms)
INFO:root:[726,   116] grad_stats: [1.56e-04 1.52e-04] (1.06e-04, 2.45e-03)
INFO:root:[726,   232] loss: 5.679717e-03 masks: 21.7 17.3 [wd: 3.99e-01] [lr: 3.81e-06] [mem: 5.74e+03] (171.8 ms)
INFO:root:[726,   232] grad_stats: [2.14e-04 1.28e-04] (9.64e-05, 2.64e-03)
INFO:root:avg. loss 5.67971691e-03
INFO:root:time taken for epoch 0:00:53.771062
INFO:root:Epoch 727
INFO:root:[727,     0] loss: 5.858466e-03 masks: 21.0 16.0 [wd: 3.99e-01] [lr: 3.81e-06] [mem: 5.74e+03] (166.0 ms)
INFO:root:[727,     0] grad_stats: [1.39e-04 1.57e-04] (1.15e-04, 3.22e-03)
INFO:root:[727,   116] loss: 5.694205e-03 masks: 21.6 17.2 [wd: 3.99e-01] [lr: 3.70e-06] [mem: 5.74e+03] (170.9 ms)
INFO:root:[727,   116] grad_stats: [1.49e-04 1.49e-04] (9.44e-05, 2.81e-03)
INFO:root:[727,   232] loss: 5.700679e-03 masks: 21.8 17.2 [wd: 3.99e-01] [lr: 3.58e-06] [mem: 5.74e+03] (171.8 ms)
INFO:root:[727,   232] grad_stats: [1.34e-04 1.49e-04] (9.14e-05, 2.99e-03)
INFO:root:avg. loss 5.70067861e-03
INFO:root:time taken for epoch 0:00:53.752294
INFO:root:Epoch 728
INFO:root:[728,     0] loss: 5.009220e-03 masks: 25.0 16.0 [wd: 3.99e-01] [lr: 3.58e-06] [mem: 5.74e+03] (177.7 ms)
INFO:root:[728,     0] grad_stats: [1.16e-04 1.28e-04] (8.60e-05, 2.49e-03)
INFO:root:[728,   116] loss: 5.653648e-03 masks: 22.4 17.2 [wd: 3.99e-01] [lr: 3.47e-06] [mem: 5.74e+03] (173.2 ms)
INFO:root:[728,   116] grad_stats: [1.56e-04 1.65e-04] (1.03e-04, 3.70e-03)
INFO:root:[728,   232] loss: 5.663253e-03 masks: 22.4 17.2 [wd: 3.99e-01] [lr: 3.36e-06] [mem: 5.74e+03] (173.8 ms)
INFO:root:[728,   232] grad_stats: [1.83e-04 1.36e-04] (9.76e-05, 2.35e-03)
INFO:root:avg. loss 5.66325277e-03
INFO:root:time taken for epoch 0:00:54.204577
INFO:root:Epoch 729
INFO:root:[729,     0] loss: 5.518486e-03 masks: 21.0 16.0 [wd: 3.99e-01] [lr: 3.36e-06] [mem: 5.74e+03] (167.4 ms)
INFO:root:[729,     0] grad_stats: [1.27e-04 1.58e-04] (1.06e-04, 3.36e-03)
INFO:root:[729,   116] loss: 5.510866e-03 masks: 22.3 17.5 [wd: 3.99e-01] [lr: 3.26e-06] [mem: 5.74e+03] (173.2 ms)
INFO:root:[729,   116] grad_stats: [9.79e-05 9.65e-05] (6.69e-05, 1.88e-03)
INFO:root:[729,   232] loss: 5.583645e-03 masks: 21.7 17.5 [wd: 3.99e-01] [lr: 3.15e-06] [mem: 5.74e+03] (172.1 ms)
INFO:root:[729,   232] grad_stats: [1.31e-04 8.14e-05] (6.98e-05, 2.31e-03)
INFO:root:avg. loss 5.58364534e-03
INFO:root:time taken for epoch 0:00:53.805787
INFO:root:Epoch 730
INFO:root:[730,     0] loss: 6.415858e-03 masks: 21.0 16.0 [wd: 3.99e-01] [lr: 3.15e-06] [mem: 5.74e+03] (166.3 ms)
INFO:root:[730,     0] grad_stats: [1.82e-04 1.57e-04] (1.06e-04, 3.03e-03)
INFO:root:[730,   116] loss: 5.650534e-03 masks: 21.7 17.4 [wd: 3.99e-01] [lr: 3.05e-06] [mem: 5.74e+03] (171.7 ms)
INFO:root:[730,   116] grad_stats: [1.96e-04 1.61e-04] (1.06e-04, 2.37e-03)
INFO:root:[730,   232] loss: 5.652449e-03 masks: 21.8 17.4 [wd: 3.99e-01] [lr: 2.95e-06] [mem: 5.74e+03] (172.1 ms)
INFO:root:[730,   232] grad_stats: [1.05e-04 1.17e-04] (7.70e-05, 2.13e-03)
INFO:root:avg. loss 5.65244870e-03
INFO:root:time taken for epoch 0:00:53.780694
INFO:root:Epoch 731
INFO:root:[731,     0] loss: 5.340717e-03 masks: 14.0 20.0 [wd: 3.99e-01] [lr: 2.95e-06] [mem: 5.74e+03] (152.6 ms)
INFO:root:[731,     0] grad_stats: [1.89e-04 1.58e-04] (1.10e-04, 2.83e-03)
INFO:root:[731,   116] loss: 5.628574e-03 masks: 22.0 17.3 [wd: 3.99e-01] [lr: 2.86e-06] [mem: 5.74e+03] (172.2 ms)
INFO:root:[731,   116] grad_stats: [1.71e-04 1.72e-04] (1.10e-04, 3.66e-03)
INFO:root:[731,   232] loss: 5.627923e-03 masks: 21.7 17.5 [wd: 3.99e-01] [lr: 2.76e-06] [mem: 5.74e+03] (181.0 ms)
INFO:root:[731,   232] grad_stats: [1.68e-04 1.21e-04] (8.80e-05, 2.62e-03)
INFO:root:avg. loss 5.62792342e-03
INFO:root:time taken for epoch 0:00:55.989676
INFO:root:Epoch 732
INFO:root:[732,     0] loss: 5.567047e-03 masks: 25.0 16.0 [wd: 3.99e-01] [lr: 2.76e-06] [mem: 5.74e+03] (302.7 ms)
INFO:root:[732,     0] grad_stats: [2.76e-04 1.22e-04] (8.91e-05, 2.15e-03)
INFO:root:[732,   116] loss: 5.635880e-03 masks: 21.2 17.4 [wd: 3.99e-01] [lr: 2.67e-06] [mem: 5.74e+03] (202.7 ms)
INFO:root:[732,   116] grad_stats: [1.23e-04 1.22e-04] (8.48e-05, 2.57e-03)
INFO:root:[732,   232] loss: 5.727488e-03 masks: 21.9 17.1 [wd: 3.99e-01] [lr: 2.58e-06] [mem: 5.74e+03] (220.0 ms)
INFO:root:[732,   232] grad_stats: [1.81e-04 1.90e-04] (1.27e-04, 4.32e-03)
INFO:root:avg. loss 5.72748807e-03
INFO:root:time taken for epoch 0:01:05.721125
INFO:root:Epoch 733
INFO:root:[733,     0] loss: 5.426177e-03 masks: 23.0 16.0 [wd: 3.99e-01] [lr: 2.58e-06] [mem: 5.74e+03] (282.3 ms)
INFO:root:[733,     0] grad_stats: [1.40e-04 1.21e-04] (8.96e-05, 2.56e-03)
INFO:root:[733,   116] loss: 5.666896e-03 masks: 21.9 17.3 [wd: 4.00e-01] [lr: 2.50e-06] [mem: 5.74e+03] (281.5 ms)
INFO:root:[733,   116] grad_stats: [1.59e-04 1.45e-04] (1.10e-04, 2.79e-03)
INFO:root:[733,   232] loss: 5.634158e-03 masks: 21.7 17.4 [wd: 4.00e-01] [lr: 2.41e-06] [mem: 5.74e+03] (248.3 ms)
INFO:root:[733,   232] grad_stats: [1.83e-04 1.85e-04] (1.31e-04, 3.19e-03)
INFO:root:avg. loss 5.63415804e-03
INFO:root:time taken for epoch 0:01:12.228251
INFO:root:Epoch 734
INFO:root:[734,     0] loss: 5.481375e-03 masks: 27.0 16.0 [wd: 4.00e-01] [lr: 2.41e-06] [mem: 5.74e+03] (323.2 ms)
INFO:root:[734,     0] grad_stats: [2.32e-04 1.16e-04] (9.61e-05, 3.10e-03)
INFO:root:[734,   116] loss: 5.650379e-03 masks: 22.2 17.3 [wd: 4.00e-01] [lr: 2.33e-06] [mem: 5.74e+03] (286.3 ms)
INFO:root:[734,   116] grad_stats: [1.74e-04 1.30e-04] (9.76e-05, 3.50e-03)
INFO:root:[734,   232] loss: 5.648425e-03 masks: 21.7 17.4 [wd: 4.00e-01] [lr: 2.25e-06] [mem: 5.74e+03] (251.4 ms)
INFO:root:[734,   232] grad_stats: [2.62e-04 1.60e-04] (1.24e-04, 4.19e-03)
INFO:root:avg. loss 5.64842506e-03
INFO:root:time taken for epoch 0:01:13.043783
INFO:root:Epoch 735
INFO:root:[735,     0] loss: 5.657415e-03 masks: 24.0 16.0 [wd: 4.00e-01] [lr: 2.25e-06] [mem: 5.74e+03] (290.0 ms)
INFO:root:[735,     0] grad_stats: [2.39e-04 1.29e-04] (8.74e-05, 2.07e-03)
INFO:root:[735,   116] loss: 5.517950e-03 masks: 21.5 17.7 [wd: 4.00e-01] [lr: 2.17e-06] [mem: 5.74e+03] (282.5 ms)
INFO:root:[735,   116] grad_stats: [2.37e-04 1.39e-04] (1.09e-04, 3.05e-03)
INFO:root:[735,   232] loss: 5.583116e-03 masks: 21.6 17.6 [wd: 4.00e-01] [lr: 2.10e-06] [mem: 5.74e+03] (261.0 ms)
INFO:root:[735,   232] grad_stats: [2.62e-04 1.26e-04] (9.85e-05, 3.13e-03)
INFO:root:avg. loss 5.58311581e-03
INFO:root:time taken for epoch 0:01:15.302993
INFO:root:Epoch 736
INFO:root:[736,     0] loss: 5.611488e-03 masks: 20.0 20.0 [wd: 4.00e-01] [lr: 2.10e-06] [mem: 5.74e+03] (305.9 ms)
INFO:root:[736,     0] grad_stats: [2.14e-04 1.23e-04] (9.34e-05, 2.33e-03)
INFO:root:[736,   116] loss: 5.725855e-03 masks: 22.0 17.2 [wd: 4.00e-01] [lr: 2.03e-06] [mem: 5.74e+03] (283.2 ms)
INFO:root:[736,   116] grad_stats: [1.79e-04 1.18e-04] (8.61e-05, 1.98e-03)
INFO:root:[736,   232] loss: 5.700177e-03 masks: 22.2 17.1 [wd: 4.00e-01] [lr: 1.96e-06] [mem: 5.74e+03] (266.9 ms)
INFO:root:[736,   232] grad_stats: [2.14e-04 1.53e-04] (1.04e-04, 3.64e-03)
INFO:root:avg. loss 5.70017662e-03
INFO:root:time taken for epoch 0:01:16.676247
INFO:root:Epoch 737
INFO:root:[737,     0] loss: 6.426403e-03 masks: 25.0 16.0 [wd: 4.00e-01] [lr: 1.96e-06] [mem: 5.74e+03] (180.5 ms)
INFO:root:[737,     0] grad_stats: [1.48e-04 1.36e-04] (1.10e-04, 3.59e-03)
INFO:root:[737,   116] loss: 5.641940e-03 masks: 21.9 17.3 [wd: 4.00e-01] [lr: 1.89e-06] [mem: 5.74e+03] (273.0 ms)
INFO:root:[737,   116] grad_stats: [1.34e-04 1.24e-04] (1.04e-04, 3.04e-03)
INFO:root:[737,   232] loss: 5.589355e-03 masks: 21.5 17.5 [wd: 4.00e-01] [lr: 1.83e-06] [mem: 5.74e+03] (277.4 ms)
INFO:root:[737,   232] grad_stats: [2.31e-04 2.00e-04] (1.16e-04, 5.31e-03)
INFO:root:avg. loss 5.58935494e-03
INFO:root:time taken for epoch 0:01:18.951343
INFO:root:Epoch 738
INFO:root:[738,     0] loss: 5.409929e-03 masks: 12.0 20.0 [wd: 4.00e-01] [lr: 1.83e-06] [mem: 5.74e+03] (241.7 ms)
INFO:root:[738,     0] grad_stats: [1.90e-04 1.66e-04] (1.12e-04, 2.82e-03)
INFO:root:[738,   116] loss: 5.655642e-03 masks: 22.1 17.2 [wd: 4.00e-01] [lr: 1.76e-06] [mem: 5.74e+03] (285.6 ms)
INFO:root:[738,   116] grad_stats: [2.94e-04 2.00e-04] (1.11e-04, 3.30e-03)
INFO:root:[738,   232] loss: 5.667055e-03 masks: 22.3 17.2 [wd: 4.00e-01] [lr: 1.70e-06] [mem: 5.74e+03] (287.2 ms)
INFO:root:[738,   232] grad_stats: [1.44e-04 1.32e-04] (9.57e-05, 2.67e-03)
INFO:root:avg. loss 5.66705499e-03
INFO:root:time taken for epoch 0:01:21.588524
INFO:root:Epoch 739
INFO:root:[739,     0] loss: 4.722557e-03 masks: 20.0 20.0 [wd: 4.00e-01] [lr: 1.70e-06] [mem: 5.74e+03] (266.9 ms)
INFO:root:[739,     0] grad_stats: [2.37e-04 1.54e-04] (9.51e-05, 2.38e-03)
INFO:root:[739,   116] loss: 5.621411e-03 masks: 21.9 17.3 [wd: 4.00e-01] [lr: 1.65e-06] [mem: 5.74e+03] (284.0 ms)
INFO:root:[739,   116] grad_stats: [1.30e-04 1.27e-04] (7.96e-05, 1.90e-03)
INFO:root:[739,   232] loss: 5.666599e-03 masks: 21.9 17.3 [wd: 4.00e-01] [lr: 1.59e-06] [mem: 5.74e+03] (281.3 ms)
INFO:root:[739,   232] grad_stats: [2.01e-04 1.55e-04] (1.14e-04, 2.74e-03)
INFO:root:avg. loss 5.66659866e-03
INFO:root:time taken for epoch 0:01:20.312672
INFO:root:Epoch 740
INFO:root:[740,     0] loss: 5.451601e-03 masks: 13.0 20.0 [wd: 4.00e-01] [lr: 1.59e-06] [mem: 5.74e+03] (250.2 ms)
INFO:root:[740,     0] grad_stats: [1.89e-04 1.37e-04] (1.01e-04, 2.58e-03)
INFO:root:[740,   116] loss: 5.574095e-03 masks: 20.2 17.9 [wd: 4.00e-01] [lr: 1.54e-06] [mem: 5.74e+03] (275.1 ms)
INFO:root:[740,   116] grad_stats: [1.41e-04 1.43e-04] (9.96e-05, 3.44e-03)
INFO:root:[740,   232] loss: 5.592197e-03 masks: 21.0 17.7 [wd: 4.00e-01] [lr: 1.49e-06] [mem: 5.74e+03] (272.4 ms)
INFO:root:[740,   232] grad_stats: [2.01e-04 2.07e-04] (1.26e-04, 3.52e-03)
INFO:root:avg. loss 5.59219747e-03
INFO:root:	Epoch 740, KNN accuracy train: 7.83119e-01, KNN accuracy train: 6.72333e-01
INFO:root:time taken for epoch 0:02:12.214970
INFO:root:Epoch 741
INFO:root:[741,     0] loss: 5.359831e-03 masks: 17.0 20.0 [wd: 4.00e-01] [lr: 1.49e-06] [mem: 5.74e+03] (192.7 ms)
INFO:root:[741,     0] grad_stats: [1.54e-04 1.31e-04] (9.81e-05, 2.94e-03)
INFO:root:[741,   116] loss: 5.606110e-03 masks: 22.5 17.2 [wd: 4.00e-01] [lr: 1.44e-06] [mem: 5.74e+03] (216.8 ms)
INFO:root:[741,   116] grad_stats: [1.82e-04 1.52e-04] (9.38e-05, 2.60e-03)
INFO:root:[741,   232] loss: 5.628916e-03 masks: 22.5 17.2 [wd: 4.00e-01] [lr: 1.40e-06] [mem: 5.74e+03] (252.4 ms)
INFO:root:[741,   232] grad_stats: [1.45e-04 1.39e-04] (1.06e-04, 2.47e-03)
INFO:root:avg. loss 5.62891572e-03
INFO:root:time taken for epoch 0:01:13.388403
INFO:root:Epoch 742
INFO:root:[742,     0] loss: 5.390607e-03 masks: 26.0 16.0 [wd: 4.00e-01] [lr: 1.40e-06] [mem: 5.74e+03] (275.4 ms)
INFO:root:[742,     0] grad_stats: [1.37e-04 1.22e-04] (8.97e-05, 2.52e-03)
INFO:root:[742,   116] loss: 5.616811e-03 masks: 22.2 17.2 [wd: 4.00e-01] [lr: 1.35e-06] [mem: 5.74e+03] (217.8 ms)
INFO:root:[742,   116] grad_stats: [1.72e-04 1.54e-04] (9.28e-05, 3.72e-03)
INFO:root:[742,   232] loss: 5.596734e-03 masks: 22.3 17.3 [wd: 4.00e-01] [lr: 1.31e-06] [mem: 5.74e+03] (251.2 ms)
INFO:root:[742,   232] grad_stats: [1.97e-04 9.49e-05] (8.16e-05, 1.99e-03)
INFO:root:avg. loss 5.59673445e-03
INFO:root:time taken for epoch 0:01:12.918340
INFO:root:Epoch 743
INFO:root:[743,     0] loss: 6.172879e-03 masks: 25.0 16.0 [wd: 4.00e-01] [lr: 1.31e-06] [mem: 5.74e+03] (314.2 ms)
INFO:root:[743,     0] grad_stats: [1.43e-04 1.29e-04] (9.20e-05, 2.08e-03)
INFO:root:[743,   116] loss: 5.677824e-03 masks: 22.0 17.3 [wd: 4.00e-01] [lr: 1.27e-06] [mem: 5.74e+03] (235.9 ms)
INFO:root:[743,   116] grad_stats: [1.82e-04 1.35e-04] (1.10e-04, 2.65e-03)
INFO:root:[743,   232] loss: 5.667586e-03 masks: 22.2 17.2 [wd: 4.00e-01] [lr: 1.24e-06] [mem: 5.74e+03] (251.1 ms)
INFO:root:[743,   232] grad_stats: [2.29e-04 1.34e-04] (1.02e-04, 2.61e-03)
INFO:root:avg. loss 5.66758572e-03
INFO:root:time taken for epoch 0:01:12.901654
INFO:root:Epoch 744
INFO:root:[744,     0] loss: 4.748118e-03 masks: 20.0 20.0 [wd: 4.00e-01] [lr: 1.24e-06] [mem: 5.74e+03] (272.6 ms)
INFO:root:[744,     0] grad_stats: [1.18e-04 1.15e-04] (8.05e-05, 2.44e-03)
INFO:root:[744,   116] loss: 5.557356e-03 masks: 22.5 17.3 [wd: 4.00e-01] [lr: 1.21e-06] [mem: 5.74e+03] (255.4 ms)
INFO:root:[744,   116] grad_stats: [2.41e-04 1.53e-04] (1.16e-04, 3.17e-03)
INFO:root:[744,   232] loss: 5.552423e-03 masks: 21.9 17.6 [wd: 4.00e-01] [lr: 1.18e-06] [mem: 5.74e+03] (250.5 ms)
INFO:root:[744,   232] grad_stats: [1.48e-04 1.24e-04] (8.32e-05, 2.44e-03)
INFO:root:avg. loss 5.55242254e-03
INFO:root:time taken for epoch 0:01:12.811746
INFO:root:Epoch 745
INFO:root:[745,     0] loss: 6.275877e-03 masks: 23.0 16.0 [wd: 4.00e-01] [lr: 1.18e-06] [mem: 5.74e+03] (292.6 ms)
INFO:root:[745,     0] grad_stats: [1.88e-04 1.19e-04] (9.64e-05, 3.18e-03)
INFO:root:[745,   116] loss: 5.678290e-03 masks: 22.4 17.0 [wd: 4.00e-01] [lr: 1.15e-06] [mem: 5.74e+03] (272.6 ms)
INFO:root:[745,   116] grad_stats: [1.66e-04 1.56e-04] (1.26e-04, 3.96e-03)
INFO:root:[745,   232] loss: 5.694829e-03 masks: 22.0 17.0 [wd: 4.00e-01] [lr: 1.12e-06] [mem: 5.74e+03] (250.1 ms)
INFO:root:[745,   232] grad_stats: [1.60e-04 1.25e-04] (9.10e-05, 2.58e-03)
INFO:root:avg. loss 5.69482868e-03
INFO:root:time taken for epoch 0:01:12.764453
INFO:root:Epoch 746
INFO:root:[746,     0] loss: 6.208912e-03 masks: 21.0 16.0 [wd: 4.00e-01] [lr: 1.12e-06] [mem: 5.74e+03] (302.6 ms)
INFO:root:[746,     0] grad_stats: [1.94e-04 1.32e-04] (1.04e-04, 2.78e-03)
INFO:root:[746,   116] loss: 5.590755e-03 masks: 21.0 17.7 [wd: 4.00e-01] [lr: 1.10e-06] [mem: 5.74e+03] (281.7 ms)
INFO:root:[746,   116] grad_stats: [2.42e-04 1.21e-04] (9.65e-05, 2.54e-03)
INFO:root:[746,   232] loss: 5.664494e-03 masks: 21.7 17.3 [wd: 4.00e-01] [lr: 1.08e-06] [mem: 5.74e+03] (246.3 ms)
INFO:root:[746,   232] grad_stats: [2.59e-04 2.13e-04] (1.37e-04, 4.43e-03)
INFO:root:avg. loss 5.66449436e-03
INFO:root:time taken for epoch 0:01:11.776013
INFO:root:Epoch 747
INFO:root:[747,     0] loss: 5.408606e-03 masks: 25.0 16.0 [wd: 4.00e-01] [lr: 1.08e-06] [mem: 5.74e+03] (205.8 ms)
INFO:root:[747,     0] grad_stats: [1.22e-04 9.30e-05] (7.02e-05, 1.75e-03)
INFO:root:[747,   116] loss: 5.597140e-03 masks: 20.6 17.8 [wd: 4.00e-01] [lr: 1.06e-06] [mem: 5.74e+03] (272.9 ms)
INFO:root:[747,   116] grad_stats: [1.51e-04 9.24e-05] (7.35e-05, 1.84e-03)
INFO:root:[747,   232] loss: 5.601119e-03 masks: 21.3 17.6 [wd: 4.00e-01] [lr: 1.04e-06] [mem: 5.74e+03] (279.5 ms)
INFO:root:[747,   232] grad_stats: [1.48e-04 1.12e-04] (7.93e-05, 2.19e-03)
INFO:root:avg. loss 5.60111891e-03
INFO:root:time taken for epoch 0:01:19.334261
INFO:root:Epoch 748
INFO:root:[748,     0] loss: 5.888457e-03 masks: 21.0 16.0 [wd: 4.00e-01] [lr: 1.04e-06] [mem: 5.74e+03] (270.4 ms)
INFO:root:[748,     0] grad_stats: [2.08e-04 1.43e-04] (1.19e-04, 3.85e-03)
INFO:root:[748,   116] loss: 5.653964e-03 masks: 22.6 17.1 [wd: 4.00e-01] [lr: 1.03e-06] [mem: 5.74e+03] (287.9 ms)
INFO:root:[748,   116] grad_stats: [2.86e-04 1.75e-04] (1.17e-04, 3.37e-03)
INFO:root:[748,   232] loss: 5.643280e-03 masks: 22.3 17.1 [wd: 4.00e-01] [lr: 1.02e-06] [mem: 5.74e+03] (286.5 ms)
INFO:root:[748,   232] grad_stats: [1.51e-04 1.40e-04] (9.58e-05, 2.26e-03)
INFO:root:avg. loss 5.64328037e-03
INFO:root:time taken for epoch 0:01:21.434890
INFO:root:Epoch 749
INFO:root:[749,     0] loss: 6.653283e-03 masks: 33.0 12.0 [wd: 4.00e-01] [lr: 1.02e-06] [mem: 5.74e+03] (332.4 ms)
INFO:root:[749,     0] grad_stats: [2.20e-04 1.39e-04] (9.79e-05, 2.64e-03)
INFO:root:[749,   116] loss: 5.673340e-03 masks: 21.5 17.3 [wd: 4.00e-01] [lr: 1.01e-06] [mem: 5.74e+03] (282.8 ms)
INFO:root:[749,   116] grad_stats: [1.67e-04 1.44e-04] (1.24e-04, 2.54e-03)
INFO:root:[749,   232] loss: 5.637694e-03 masks: 21.5 17.4 [wd: 4.00e-01] [lr: 1.00e-06] [mem: 5.74e+03] (278.1 ms)
INFO:root:[749,   232] grad_stats: [1.24e-04 1.34e-04] (9.59e-05, 3.08e-03)
INFO:root:avg. loss 5.63769415e-03
INFO:root:time taken for epoch 0:01:20.292712
INFO:root:Epoch 750
INFO:root:[750,     0] loss: 6.364390e-03 masks: 20.0 16.0 [wd: 4.00e-01] [lr: 1.00e-06] [mem: 5.74e+03] (277.2 ms)
INFO:root:[750,     0] grad_stats: [2.73e-04 1.30e-04] (9.97e-05, 2.42e-03)
INFO:root:[750,   116] loss: 5.699664e-03 masks: 22.1 17.0 [wd: 4.00e-01] [lr: 1.00e-06] [mem: 5.74e+03] (283.8 ms)
INFO:root:[750,   116] grad_stats: [1.66e-04 1.08e-04] (8.38e-05, 2.23e-03)
INFO:root:[750,   232] loss: 5.617158e-03 masks: 21.8 17.3 [wd: 4.00e-01] [lr: 1.00e-06] [mem: 5.74e+03] (282.1 ms)
INFO:root:[750,   232] grad_stats: [1.01e-04 1.48e-04] (8.56e-05, 2.41e-03)
INFO:root:avg. loss 5.61715819e-03
INFO:root:time taken for epoch 0:01:20.016013
INFO:root:Total pretraining time 18:08:40.483574
